target_id	length	eff_length	est_counts	tpm
MGG_07573T0	4058	4059	2582	38.3794
MGG_05134T0	1811	1812	2181	72.6204
MGG_03309T0	1113	1114	0	0
MGG_07008T0	2587	2588	2606	60.7535
MGG_16787T0	429	430	4	0.561246
MGG_04858T0	3024	3025	27931	557.086
MGG_12006T0	1560	1561	116	4.48349
MGG_02444T0	6373	6374	2916	27.6018
MGG_17251T0	225	226	2	0.533928
MGG_10811T0	1419	1420	0	0
MGG_15612T0	4020	4021	148	2.2207
MGG_00349T0	1011	1012	5194.4	309.682
MGG_16619T0	348	349	2	0.345753
MGG_04614T0	937	938	4195.62	269.87
MGG_16874T0	174	175	8	2.75812
MGG_07147T0	2929	2930	1164	23.9688
MGG_00076T0	2460	2461	1652	40.5004
MGG_12797T0	1232	1233	13729	671.796
MGG_11099T0	1590	1591	0	0
MGG_07363T0	787	788	1	0.0765659
MGG_17953T0	4420	4421	2753.8	37.5814
MGG_14898T0	388	389	56	8.6856
MGG_14463T0	1415	1416	446	19.0035
MGG_08330T0	1368	1369	332	14.6317
MGG_09307T0	2126	2127	401	11.3747
MGG_03918T0	2470	2471	641	15.6512
MGG_00421T0	969	970	15	0.932998
MGG_02463T0	815	816	914.524	67.6187
MGG_00675T0	2891	2892	203	4.23506
MGG_15190T0	595	596	7	0.70862
MGG_02777T0	1610	1611	610	22.8452
MGG_05980T0	1438	1439	9870	413.826
MGG_00454T0	4840	4841	1928	24.0289
MGG_05454T0	1590	1591	5516	209.178
MGG_16029T0	252	253	27	6.4388
MGG_07528T0	1527	1528	670	26.4553
MGG_15909T0	219	220	9	2.4682
MGG_16156T0	493	494	10	1.22133
MGG_05339T0	891	892	431	29.1524
MGG_18122T0	498	499	3	0.362729
MGG_16935T0	1487	1488	0	0
MGG_08406T0	477	478	1009	127.358
MGG_05005T0	2421	2422	1853	46.1597
MGG_11608T0	2244	2245	347	9.32555
MGG_14221T0	1242	1243	32	1.55325
MGG_15428T0	1674	1675	262	9.4373
MGG_17084T0	2151	2152	1793	50.2689
MGG_08114T0	3175	3176	1646	31.2688
MGG_06700T0	4022	4023	1446	21.686
MGG_14591T0	1617	1618	379	14.1326
MGG_07304T0	258	259	1	0.232949
MGG_09457T0	1172	1173	411	21.14
MGG_07009T0	1011	1012	239.958	14.3059
MGG_15010T0	556	557	17	1.84143
MGG_11663T0	1098	1099	258	14.1639
MGG_00065T0	3029	3030	2406.16	47.9118
MGG_10601T0	2183	2184	126	3.4808
MGG_11526T0	633	634	6	0.570983
MGG_13087T0	327	328	0	0
MGG_00223T0	1555	1556	7392	286.625
MGG_02093T0	1506	1507	0	0
MGG_01153T0	1251	1252	3009	145.004
MGG_02698T0	1675	1676	52	1.87193
MGG_10893T0	1663	1664	258	9.35465
MGG_14635T0	1511	1512	473	18.8743
MGG_17720T0	375	376	93	14.923
MGG_17976T0	4110	4111	3726	54.6836
MGG_05211T0	4310	4311	2439	34.1346
MGG_05253T0	1815	1816	2994	99.4712
MGG_07261T0	2500	2501	811.698	19.5813
MGG_01043T0	2705	2706	1605	35.7856
MGG_04395T0	4996	4997	2382.6	28.7675
MGG_00786T1	1869	1870	3004.84	96.9487
MGG_00786T0	1904	1905	1594.16	50.489
MGG_06579T0	975	976	5	0.309088
MGG_15326T0	892	893	138	9.32372
MGG_17770T0	318	319	0	0
MGG_03684T0	2464	2465	2080	50.9105
MGG_16981T0	2740	2741	563	12.3926
MGG_17657T0	700	701	2	0.172137
MGG_11239T0	2741	2742	467	10.2757
MGG_08136T0	1643	1644	579	21.249
MGG_09718T0	1570	1571	273	10.4845
MGG_05720T0	2668	2669	688.76	15.5697
MGG_10455T0	594	595	2	0.202803
MGG_08158T0	1723	1724	38891	1361.05
MGG_01319T0	993	994	32	1.94234
MGG_07686T0	729	730	34	2.81007
MGG_04518T0	2276	2277	1265	33.5188
MGG_10595T0	3024	3025	3064	61.1118
MGG_07332T0	2844	2845	930.629	19.7358
MGG_00246T0	1594	1595	3977	150.438
MGG_14140T0	1269	1270	12	0.570084
MGG_03888T0	1983	1984	534	16.2391
MGG_17017T0	309	310	3	0.583876
MGG_17237T0	207	208	0	0
MGG_09185T0	3684	3685	8874	145.293
MGG_04634T0	2250	2251	6	0.160819
MGG_15422T0	1101	1102	276	15.1108
MGG_12303T0	273	274	100	22.0197
MGG_05067T0	1594	1595	224.855	8.50557
MGG_04724T0	4323	4324	732	10.2138
MGG_10534T0	2152	2153	202	5.66068
MGG_06375T0	1961	1962	649.675	19.9783
MGG_09428T0	972	973	13	0.806105
MGG_02702T0	501	502	6	0.721122
MGG_05491T0	3200	3201	1151	21.6946
MGG_08646T0	3719	3720	1194	19.3652
MGG_03350T0	735	736	1063	87.1399
MGG_03315T0	1005	1006	1	0.0599741
MGG_06267T0	1350	1351	1335.76	59.6534
MGG_04557T0	710	711	127	10.7769
MGG_16385T0	321	322	0	0
MGG_16360T0	381	382	0	0
MGG_09467T0	984	985	44	2.69512
MGG_01722T0	2290	2291	1769	46.5869
MGG_01117T0	2575	2576	854	20.002
MGG_09164T0	2056	2057	143	4.19434
MGG_06775T0	2044	2045	385	11.3587
MGG_06052T0	3840	3841	9405	147.732
MGG_10152T0	3181	3182	488	9.25297
MGG_03456T0	1623	1624	920	34.1793
MGG_05718T0	2436	2437	1094	27.0846
MGG_05128T0	2264	2265	8289	220.798
MGG_15417T0	429	430	0	0
MGG_03816T0	1434	1435	0	0
MGG_07298T0	1397	1398	726	31.3322
MGG_00543T0	2181	2182	6614	182.882
MGG_08957T0	381	382	0	0
MGG_04194T0	2002	2003	63	1.89767
MGG_17907T0	354	355	0	0
MGG_07785T0	2112	2113	1385.44	39.5594
MGG_02191T0	1340	1341	6	0.26995
MGG_17222T0	1735	1736	960	33.3644
MGG_04173T0	1753	1754	670	23.0466
MGG_03668T0	3678	3679	2754	45.1643
MGG_09126T0	846	847	13	0.926022
MGG_00070T0	1870	1871	43	1.38662
MGG_10418T0	327	328	0	0
MGG_08016T0	2309	2310	138	3.60436
MGG_16393T0	2074	2075	668	19.4232
MGG_05627T0	1029	1030	515	30.1669
MGG_13629T0	3079	3080	487	9.53981
MGG_11144T0	2144	2145	1190	33.472
MGG_17499T0	537	538	15.2383	1.70889
MGG_15485T0	904	905	14	0.933342
MGG_11917T0	5142	5143	2726	31.9794
MGG_09963T0	2128	2129	453	12.8376
MGG_16222T0	989	990	1032.01	62.8941
MGG_08008T0	1229	1230	461	22.6129
MGG_03498T0	1923	1924	458.604	14.3812
MGG_01616T0	2385	2386	554	14.0088
MGG_02631T0	2146	2147	79	2.22002
MGG_15799T0	321	322	0	0
MGG_03644T0	435	436	2262	313.017
MGG_13801T0	3460	3461	1126	19.629
MGG_09761T0	1121	1122	171666	9231.09
MGG_01404T0	1327	1328	1605	72.9186
MGG_17587T0	189	190	0	0
MGG_09497T0	2338	2339	4357	112.388
MGG_04022T0	1036	1037	1925	111.999
MGG_16750T0	1440	1441	71	2.97273
MGG_10785T0	936	937	35	2.25367
MGG_18035T0	405	406	134	19.9132
MGG_10195T0	2296	2297	11213	294.525
MGG_07437T0	4272	4273	588.014	8.30264
MGG_12863T0	1239	1240	164	7.97964
MGG_10268T0	2058	2059	1170	34.284
MGG_09535T0	1617	1618	1464	54.5914
MGG_02863T0	1206	1207	243	12.1468
MGG_01190T0	1260	1261	2793	133.634
MGG_04905T0	2525	2526	2115.28	50.5239
MGG_07087T0	3264	3265	2875	53.1271
MGG_03894T0	2787	2788	1304.41	28.2282
MGG_07428T0	1229	1230	3596	176.391
MGG_07406T0	2151	2152	353	9.89678
MGG_05693T0	2633	2634	8114	185.858
MGG_02907T0	465	466	95	12.2998
MGG_04340T0	2626	2627	101.373	2.32822
MGG_06914T0	1627	1628	2692	99.7659
MGG_15502T0	219	220	0	0
MGG_09523T0	12506	12507	2477	11.9491
MGG_05368T0	1920	1921	177	5.55914
MGG_14006T0	222	223	21	5.68167
MGG_09004T0	1853	1854	1823.83	59.352
MGG_07804T0	453	454	0	0
MGG_04431T0	4016	4017	3186	47.8526
MGG_13813T0	1278	1279	355.354	16.763
MGG_02848T0	165	166	6757	2455.88
MGG_10597T0	1167	1168	95	4.90729
MGG_00560T0	2595	2596	466	10.8304
MGG_15427T0	943	944	5	0.319565
MGG_05797T0	2028	2029	648.952	19.2971
MGG_15226T0	2805	2806	848	18.2335
MGG_06178T0	1893	1894	785	25.0064
MGG_17161T0	270	271	26	5.78849
MGG_01870T0	1485	1486	34	1.38045
MGG_02919T0	1185	1186	583	29.6582
MGG_07382T0	3201	3202	2356	44.3931
MGG_07959T0	843	844	0	0
MGG_16791T0	420	421	179	25.6527
MGG_16945T0	658	659	43.4048	3.97387
MGG_04108T0	3642	3643	2984	49.4198
MGG_03468T0	1125	1126	794	42.5445
MGG_09944T0	3054	3055	734	14.4959
MGG_01584T0	1968	1969	1092.95	33.49
MGG_17597T0	168	169	0	0
MGG_06639T0	2340	2341	1368.26	35.2638
MGG_10118T0	4290	4291	3845	54.0629
MGG_05957T0	1247	1248	1122.24	54.2541
MGG_02348T0	3837	3838	0	0
MGG_17403T0	279	280	7	1.50835
MGG_13447T0	2873	2874	1237.84	25.986
MGG_08170T0	2542	2543	1507	35.7543
MGG_03259T0	351	352	37	6.34192
MGG_03130T0	3368	3369	6695	119.898
MGG_00456T0	5577	5578	1090	11.7899
MGG_05172T0	1281	1282	748	35.2026
MGG_01494T0	2541	2542	1813	43.0312
MGG_09551T0	3954	3955	11900.3	181.54
MGG_10709T0	1767	1768	277	9.45277
MGG_10973T0	893	894	779	52.5728
MGG_07136T0	2801	2802	1779.4	38.3149
MGG_02581T0	501	502	125	15.0234
MGG_10648T0	2303	2304	1870	48.9689
MGG_03928T0	1183	1184	952.156	48.5196
MGG_17703T0	1370	1371	278	12.234
MGG_10035T0	1826	1827	1047	34.5756
MGG_01338T0	2787	2788	88	1.90437
MGG_01127T0	3693	3694	3137	51.2364
MGG_17405T0	213	214	3	0.845802
MGG_10857T0	5138	5139	1804	21.1797
MGG_01467T0	3280	3281	2877	52.9048
MGG_08305T0	1665	1666	2	0.0724296
MGG_12590T0	3805	3806	997	15.8048
MGG_16108T0	608	609	10	0.990704
MGG_06948T0	1353	1354	716.251	31.916
MGG_15554T0	2507	2508	659	15.8533
MGG_06184T0	1780	1781	2129	72.1229
MGG_09903T0	1326	1327	1069	48.6036
MGG_07643T0	942	943	20	1.27962
MGG_13771T0	538	539	12	1.34324
MGG_13806T0	1965	1966	9864	302.713
MGG_04576T0	1596	1597	620	23.4233
MGG_14375T0	774	775	44.9614	3.50025
MGG_09173T0	1322	1323	1555	70.914
MGG_09425T0	471	472	9	1.15043
MGG_05915T0	858	859	1671	117.367
MGG_05807T0	1703	1704	333	11.7906
MGG_07095T0	2669	2670	631.145	14.262
MGG_00166T0	1104	1105	8268	451.44
MGG_13473T0	339	340	360	63.8829
MGG_05891T1	2226	2227	155.522	4.21341
MGG_05891T0	2810	2811	357.046	7.66346
MGG_02295T0	1404	1405	20	0.858845
MGG_16446T0	1152	1153	80	4.18622
MGG_15534T0	1844	1845	80	2.6161
MGG_06678T0	2741	2742	3206	70.5436
MGG_00281T0	690	691	104	9.08064
MGG_15781T0	159	160	11	4.14796
MGG_08631T0	948	949	829	52.7047
MGG_16471T0	1227	1228	7	0.343923
MGG_13559T0	690	691	4	0.349256
MGG_16238T0	273	274	0	0
MGG_13467T0	2848	2849	1048.73	22.2091
MGG_01523T0	3030	3031	185	3.68254
MGG_16909T0	165	166	0	0
MGG_01398T0	1805	1806	2510	83.8528
MGG_04972T0	1222	1223	843.811	41.6275
MGG_02900T0	3602	3603	238	3.98542
MGG_03177T0	1197	1198	0	0
MGG_08205T0	1741	1742	212	7.34259
MGG_00681T0	1652	1653	2917	106.469
MGG_16841T0	809	810	1490	110.985
MGG_10453T0	1280	1281	7	0.329693
MGG_03595T0	3620	3621	3751	62.5
MGG_18064T0	798	799	0	0
MGG_08019T1	2018	2019	680.839	20.3456
MGG_08019T0	1561	1562	309.161	11.9417
MGG_09290T0	1305	1306	426	19.6801
MGG_06510T0	1219	1220	10801	534.153
MGG_04449T0	3339	3340	2894.33	52.2833
MGG_03866T0	645	646	8	0.747169
MGG_10932T0	1926	1927	385	12.0543
MGG_00289T0	2307	2308	26282.9	687.068
MGG_03269T0	4873	4874	1180.55	14.6137
MGG_14068T0	2224	2225	53	1.43717
MGG_13607T0	11784	11785	4	0.0204782
MGG_04516T0	1612	1613	518.774	19.4046
MGG_01753T0	2433	2434	628	15.5668
MGG_15879T0	828	829	1	0.0727791
MGG_11124T0	1746	1747	0	0
MGG_05506T0	1453	1454	10891	451.923
MGG_02886T0	1359	1360	141	6.25521
MGG_05344T0	839	840	4768	342.467
MGG_00458T0	911	912	570.761	37.759
MGG_16522T0	1133	1134	87.9928	4.68161
MGG_14133T0	5222	5223	1989	22.9761
MGG_03811T0	1701	1702	1	0.0354488
MGG_07534T0	2061	2062	4118	120.492
MGG_15339T1	4192	4193	91.0323	1.30988
MGG_15339T0	4258	4259	566.968	8.03178
MGG_15866T0	2100	2101	2692	77.3055
MGG_06780T0	2416	2417	419	10.4592
MGG_15904T0	287	288	1	0.209493
MGG_09992T0	1485	1486	718	29.1519
MGG_03753T0	1031	1032	2	0.116926
MGG_01525T0	569	570	2187	231.492
MGG_00264T0	1625	1626	410	15.2133
MGG_05106T0	2055	2056	1072	31.4581
MGG_13129T0	2229	2230	427	11.5527
MGG_06322T0	1671	1672	1269.04	45.7932
MGG_15753T0	4783	4784	822.521	10.3733
MGG_04993T0	2111	2112	604	17.2546
MGG_07054T0	1125	1126	904	48.4386
MGG_06748T0	2639	2640	3238	74.0004
MGG_01445T0	1122	1123	79	4.24433
MGG_07848T0	4392	4393	1	0.0137341
MGG_07576T0	1465	1466	1411	58.0703
MGG_04780T0	5315	5316	565.322	6.41612
MGG_04780T1	5138	5139	497.678	5.84293
MGG_06276T0	2429	2430	2411	59.8621
MGG_00957T0	2592	2593	818.589	19.0469
MGG_18001T0	156	157	0	0
MGG_12988T0	2612	2613	1626	37.5442
MGG_07962T0	1670	1671	1767	63.8001
MGG_08129T0	2402	2403	29	0.728124
MGG_09237T0	1369	1370	661.784	29.1445
MGG_05224T0	3926	3927	1348	20.7105
MGG_11505T0	1873	1874	1085.24	34.9397
MGG_07454T0	2102	2103	971	27.8574
MGG_12131T0	4366	4367	1795	24.7995
MGG_01575T0	1174	1175	7808	400.925
MGG_01297T0	1315	1316	318	14.5792
MGG_15819T0	255	256	2	0.471359
MGG_14936T0	1159	1160	150.684	7.83739
MGG_17923T0	374	375	45	7.24007
MGG_02535T0	3025	3026	1815	36.1884
MGG_17750T0	1656	1657	6	0.218469
MGG_16608T0	165	166	87	31.6208
MGG_02331T0	1446	1447	58	2.41836
MGG_00213T0	1154	1155	320	16.7159
MGG_17823T0	1878	1879	62	1.99079
MGG_00671T0	1815	1816	349	11.595
MGG_02182T0	483	484	0	0
MGG_01448T0	2193	2194	385	10.5873
MGG_16273T0	947	948	4	0.254573
MGG_03937T0	4236	4237	3114	44.3426
MGG_03879T0	2016	2017	2982	89.1996
MGG_15889T0	195	196	0	0
MGG_17893T0	399	400	7	1.05584
MGG_08253T0	1152	1153	38	1.98845
MGG_09264T0	2102	2103	1021	29.2919
MGG_12955T0	2475	2476	1828	44.5438
MGG_16707T1	1785	1786	13	0.43916
MGG_16707T0	1457	1458	0	0
MGG_15551T0	306	307	0	0
MGG_05662T0	1545	1546	912.29	35.6029
MGG_16930T0	609	610	0	0
MGG_12948T0	1369	1370	5531.14	243.588
MGG_07926T0	1269	1270	760	36.1053
MGG_09720T0	1990	1991	12	0.36364
MGG_09129T0	3276	3277	81	1.49132
MGG_08966T0	1143	1144	23	1.21301
MGG_15019T0	2863	2864	162	3.41274
MGG_02472T0	813	814	696	51.5877
MGG_02417T0	2341	2342	854	22.0005
MGG_00400T0	991	992	29	1.76379
MGG_17558T0	2183	2184	26701.5	737.64
MGG_14836T0	915	916	523	34.4483
MGG_08919T0	4875	4876	972	12.0272
MGG_03721T0	1536	1537	1792	70.3437
MGG_06874T0	2142	2143	2912	81.9843
MGG_02042T0	2082	2083	0	0
MGG_07606T0	3210	3211	6574.65	123.536
MGG_07606T1	3252	3253	50.8451	0.943032
MGG_05701T0	740	741	2451.77	199.628
MGG_17221T0	561	562	1	0.107356
MGG_05457T0	4677	4678	404.934	5.22258
MGG_01802T0	3968	3969	4550	69.1658
MGG_00144T0	1560	1561	795.737	30.7559
MGG_03236T0	1349	1350	7129.39	318.625
MGG_17346T0	252	253	108	25.7552
MGG_03238T0	2455	2456	1023.73	25.149
MGG_01778T0	3393	3394	769	13.6702
MGG_00339T0	2054	2055	17648	518.138
MGG_11589T0	731	732	2247.64	185.258
MGG_08083T0	2257	2258	842	22.4983
MGG_03152T0	1150	1151	6760.69	354.387
MGG_13659T0	1689	1690	633	22.5984
MGG_08498T0	1536	1537	67	2.63004
MGG_01270T0	1109	1110	584	31.7432
MGG_00760T0	5556	5557	1803	19.5757
MGG_05982T0	1458	1459	1109	45.8604
MGG_14628T0	1807	1808	1127	37.6086
MGG_01550T0	1613	1614	7874	294.343
MGG_15975T0	963	964	5.0045	0.313217
MGG_09759T0	660	661	14	1.27787
MGG_13248T0	378	379	1	0.159192
MGG_04057T0	948	949	21	1.3351
MGG_02645T0	339	340	1	0.177453
MGG_02708T0	1170	1171	11724	604.06
MGG_09608T0	2272	2273	1	0.0265437
MGG_14623T0	1848	1849	70	2.28414
MGG_04311T0	1606	1607	528.434	19.8397
MGG_15605T0	216	217	0	0
MGG_10109T0	588	589	35	3.58521
MGG_15731T0	2042	2043	783	23.1236
MGG_05381T0	1443	1444	254	10.6127
MGG_08476T0	969	970	51	3.17219
MGG_14690T0	1598	1599	230	8.67842
MGG_17519T0	258	259	9	2.09654
MGG_10473T0	1455	1456	10	0.414381
MGG_15693T0	150	151	0	0
MGG_02854T0	1911	1912	295	9.30884
MGG_06924T0	2012	2013	8304	248.889
MGG_10103T0	1680	1681	270	9.69075
MGG_13624T0	5560	5561	3936	42.7035
MGG_12986T0	2344	2345	3413	87.8122
MGG_05353T0	1587	1588	10074	382.748
MGG_17047T0	168	169	33	11.7812
MGG_09102T0	1809	1810	51	1.70002
MGG_06326T0	958	959	6850.4	430.982
MGG_05716T0	715	716	12935	1089.97
MGG_16998T0	651	652	2.03041	0.187887
MGG_09239T0	2351	2352	3550	91.0652
MGG_12708T0	855	856	1543	108.756
MGG_06026T0	2797	2798	4674	100.787
MGG_10463T0	1707	1708	56.1277	1.98267
MGG_07086T0	1334	1335	2819	127.402
MGG_05004T0	3737	3738	2310	37.285
MGG_00440T0	1824	1825	50	1.65298
MGG_12999T0	3180	3181	554	10.5077
MGG_01386T0	2071	2072	5238	152.524
MGG_15183T0	1741	1742	41	1.42003
MGG_13191T0	1710	1711	758.124	26.7332
MGG_02431T0	408	409	1	0.147516
MGG_02899T0	2288	2289	2522	66.4754
MGG_02097T0	2643	2644	185	4.22155
MGG_16477T0	4912	4913	521.098	6.39932
MGG_00161T0	2283	2284	780	20.6044
MGG_16045T0	625	626	3341.81	322.083
MGG_17263T0	1242	1243	66	3.20357
MGG_15774T0	1645	1646	5617	205.89
MGG_10076T0	1437	1438	80	3.35654
MGG_17873T0	474	475	4	0.508075
MGG_09361T0	1114	1115	5850	316.55
MGG_08715T0	414	415	0	0
MGG_10458T0	948	949	0	0
MGG_14211T0	280	281	1	0.214711
MGG_15336T0	381	382	0	0
MGG_09856T0	2569	2570	85	1.99548
MGG_01456T0	2245	2246	1516	40.724
MGG_10730T0	3926	3927	264	4.05606
MGG_02305T0	1419	1420	48	2.03946
MGG_09666T0	468	469	0	0
MGG_08559T0	1255	1256	1323	63.5523
MGG_16188T0	889	890	42.0042	2.8475
MGG_06249T0	939	940	9469.51	607.8
MGG_15631T0	213	214	19	5.35675
MGG_08122T0	3123	3124	1007	19.4482
MGG_16835T0	2504	2505	1104	26.5903
MGG_09048T0	3766	3767	377	6.03819
MGG_09431T0	1419	1420	0	0
MGG_07800T0	2489	2490	136	3.29535
MGG_00600T0	522	523	1212	139.818
MGG_02879T0	3687	3688	66	1.07973
MGG_13049T0	969	970	201	12.5022
MGG_03841T0	6205	6206	4690	45.5955
MGG_08689T0	4722	4723	5334	68.1391
MGG_00826T0	1087	1088	457	25.3425
MGG_04446T0	1910	1911	1088	34.3502
MGG_15930T0	1137	1138	3	0.159052
MGG_14563T0	4675	4676	4002	51.6374
MGG_11072T0	1096	1097	111	6.10489
MGG_06288T0	1530	1531	851	33.5363
MGG_05551T0	1488	1489	35	1.41819
MGG_13020T0	2283	2284	1808	47.7599
MGG_15735T0	303	304	0	0
MGG_04334T0	1845	1846	6267	204.828
MGG_17756T0	216	217	0	0
MGG_11385T0	1771	1772	3282.65	111.769
MGG_09349T0	1164	1165	898	46.5063
MGG_11914T0	2195	2196	1684.59	46.2833
MGG_02009T0	3173	3174	0	0
MGG_15250T0	1791	1792	394	13.2654
MGG_13441T0	1536	1537	112	4.39648
MGG_04387T0	2004	2005	1047	31.506
MGG_15254T0	210	211	3	0.857828
MGG_14118T0	2730	2731	2795	61.7478
MGG_08821T0	2911	2912	223.314	4.62686
MGG_16145T0	1233	1234	1494	73.0461
MGG_09304T0	1276	1277	502	23.7178
MGG_16925T0	1637	1638	120.99	4.45654
MGG_16925T1	1572	1573	0.00988704	0.000379227
MGG_16547T0	594	595	0	0
MGG_08499T0	2264	2265	250.924	6.68398
MGG_07325T0	1497	1498	1279	51.5134
MGG_02770T0	1280	1281	5036.16	237.199
MGG_04975T0	1554	1555	875	33.9499
MGG_08458T0	1394	1395	994	42.9906
MGG_01304T0	2099	2100	2007	57.662
MGG_00227T0	1251	1252	181.968	8.76902
MGG_15981T0	360	361	0	0
MGG_15518T0	636	637	61	5.77766
MGG_00734T0	715	716	49	4.129
MGG_03722T0	2349	2350	8	0.205392
MGG_12276T0	3361	3362	782	14.0336
MGG_16346T0	291	292	0	0
MGG_04432T0	2105	2106	2750	78.7836
MGG_17751T0	231	232	12	3.12072
MGG_06680T0	2377	2378	929.877	23.5925
MGG_02180T0	753	754	1817	145.393
MGG_05654T0	3176	3177	997	18.9339
MGG_10115T0	2675	2676	2961	66.7596
MGG_16001T0	690	691	0	0
MGG_11511T0	1412	1413	154.633	6.60272
MGG_09167T0	2596	2597	109	2.5323
MGG_06080T0	2046	2047	438	12.9097
MGG_01361T0	1836	1837	2007	65.9173
MGG_18042T0	435	436	1	0.13838
MGG_16671T0	213	214	0	0
MGG_02836T0	2273	2274	7878.34	209.028
MGG_09589T0	11681	11682	18	0.0929644
MGG_17040T0	571	572	11	1.16027
MGG_15550T0	397	398	15	2.27389
MGG_09553T0	6137	6138	3545.43	34.85
MGG_08622T0	2251	2252	12751.1	341.618
MGG_05553T0	1446	1447	2	0.0833917
MGG_01305T0	974	975	3615	223.7
MGG_17766T0	342	343	0	0
MGG_04379T0	516	517	889	103.746
MGG_05346T0	1612	1613	408	15.2611
MGG_17541T0	276	277	36	7.84123
MGG_12958T0	4027	4028	10792.9	161.662
MGG_10632T0	2638	2639	11968.3	273.623
MGG_07777T0	2614	2615	1256	28.9787
MGG_01011T0	1990	1991	1339	40.5761
MGG_02106T0	531	532	51	5.78389
MGG_09791T0	684	685	0	0
MGG_15638T0	333	334	48	8.67074
MGG_17163T0	258	259	2	0.465899
MGG_10655T0	2076	2077	2741	79.6222
MGG_14612T0	2582	2583	0	0
MGG_13715T0	1502	1503	3488	140.016
MGG_00461T0	1533	1534	206	8.10221
MGG_09520T0	1512	1513	1522.49	60.7123
MGG_08999T0	555	556	1176	127.613
MGG_04536T1	3596	3597	641.706	10.7636
MGG_04536T0	3685	3686	212.294	3.47491
MGG_15150T0	327	328	57	10.4849
MGG_14000T0	972	973	428.169	26.55
MGG_02192T0	2640	2641	0	0
MGG_07712T0	705	706	1092	93.321
MGG_07599T0	1271	1272	124	5.88161
MGG_01701T0	2191	2192	325	8.94549
MGG_03848T0	3247	3248	592	10.9968
MGG_15420T0	519	520	0	0
MGG_10878T0	1836	1837	7546	247.839
MGG_01201T0	3281	3282	566	10.4049
MGG_17079T0	2136	2137	832.564	23.5058
MGG_17041T0	1684	1685	1384	49.5561
MGG_14916T0	2798	2799	359	7.73843
MGG_10325T0	1963	1964	901	27.6786
MGG_00591T0	1713	1714	740	26.0485
MGG_15571T0	447	448	17.7152	2.38577
MGG_14748T0	2027	2028	1818	54.0863
MGG_07850T0	941	942	4	0.256195
MGG_12213T0	2082	2083	126.521	3.66467
MGG_15553T0	1381	1382	41	1.78993
MGG_09002T0	624	625	271	26.1608
MGG_15207T0	630	631	341	32.6052
MGG_10234T0	579	580	24	2.49658
MGG_14117T0	615	616	101	9.89241
MGG_12843T0	1757	1758	1221	41.9043
MGG_02403T0	2172	2173	393.866	10.9358
MGG_02403T1	2167	2168	596.134	16.59
MGG_16264T0	204	205	18	5.29761
MGG_04258T0	920	921	6	0.393055
MGG_08059T0	1467	1468	919	37.7703
MGG_02710T0	884	885	6541.89	445.986
MGG_16444T0	3807	3808	4235	67.0993
MGG_02565T0	1641	1642	0	0
MGG_05936T0	1323	1324	2799	127.549
MGG_02948T0	1706	1707	1725	60.9701
MGG_04425T0	1557	1558	1387	53.7119
MGG_12546T0	312	313	3	0.57828
MGG_02739T0	1165	1166	452.458	23.4122
MGG_13891T0	4461	4462	1042	14.0896
MGG_15804T0	192	193	3	0.937833
MGG_01031T0	675	676	115.361	10.2961
MGG_16921T0	793	794	1862	141.488
MGG_03004T0	3077	3078	422	8.2719
MGG_02620T0	978	979	6115.48	376.885
MGG_04938T0	1143	1144	279	14.7143
MGG_05628T0	1059	1060	107	6.09031
MGG_16611T0	984	985	28.1039	1.72144
MGG_18046T0	2451	2452	317	7.8001
MGG_12029T0	639	640	5	0.471359
MGG_01763T0	1152	1153	11	0.575605
MGG_06929T0	1784	1785	1773.79	59.9549
MGG_15709T0	174	175	1	0.344765
MGG_08875T0	3368	3369	824	14.7566
MGG_17912T0	297	298	22	4.45418
MGG_10007T0	318	319	0	0
MGG_17908T0	1776	1777	686	23.2915
MGG_01199T0	1008	1009	460	27.506
MGG_11371T0	4259	4260	255	3.61154
MGG_10004T0	408	409	7346	1083.65
MGG_05252T0	1375	1376	2834.33	124.278
MGG_14705T0	267	268	31	6.97892
MGG_02468T0	3234	3235	1670	31.1461
MGG_07810T0	348	349	20.6957	3.57779
MGG_00729T0	3427	3428	436	7.67374
MGG_16028T0	225	226	0	0
MGG_06411T0	1278	1279	555	26.1809
MGG_12939T0	1862	1863	6014	194.765
MGG_01034T0	5402	5403	1446.77	16.1557
MGG_05666T0	5841	5842	3522	36.3738
MGG_17578T0	642	643	167	15.6699
MGG_15199T0	411	412	0	0
MGG_17804T0	189	190	0	0
MGG_01544T0	1600	1601	1234	46.5035
MGG_04128T0	2204	2205	1828	50.0183
MGG_04209T0	2778	2779	466	10.1172
MGG_01453T0	2446	2447	211	5.20247
MGG_16715T0	261	262	149	34.312
MGG_01631T0	2248	2249	8500.64	228.046
MGG_08119T0	393	394	20	3.06263
MGG_00239T0	3723	3724	0	0
MGG_16302T0	1145	1146	15	0.789711
MGG_15724T0	1579	1580	149.41	5.70538
MGG_17493T0	534	535	41.6264	4.69436
MGG_08026T0	965	966	13	0.811947
MGG_06765T0	2578	2579	5010	117.205
MGG_00134T0	4621	4622	13152	171.681
MGG_16721T0	2775	2776	247	5.36833
MGG_04903T0	2970	2971	342.46	6.95455
MGG_16514T0	561	562	4	0.429423
MGG_12424T0	3228	3229	909	16.9847
MGG_04790T0	6360	6361	1155.28	10.9578
MGG_04058T0	1577	1578	644	24.623
MGG_04440T0	3046	3047	794	15.7221
MGG_01625T0	20262	20263	2027.77	6.03777
MGG_01625T1	20188	20189	2114.23	6.31828
MGG_04415T0	2693	2694	288.771	6.46722
MGG_07340T0	3338	3339	285	5.14979
MGG_00360T0	2421	2422	507	12.6298
MGG_03520T0	348	349	815	140.894
MGG_13209T0	1179	1180	1565.35	80.0368
MGG_04646T0	2915	2916	951.426	19.6856
MGG_04501T0	2464	2465	296	7.24496
MGG_02482T0	3347	3348	727	13.1012
MGG_03643T0	4572	4573	437.765	5.77566
MGG_12308T0	2768	2769	643.079	14.0121
MGG_00433T0	615	616	205	20.0787
MGG_10578T0	1791	1792	2384	80.2656
MGG_09912T0	2338	2339	6371	164.338
MGG_14736T0	1134	1135	24	1.27578
MGG_08802T0	1506	1507	531	21.259
MGG_02372T0	934	935	35	2.25849
MGG_06332T0	1047	1048	2187	125.907
MGG_16508T0	399	400	26	3.9217
MGG_10189T0	2480	2481	1861	45.2565
MGG_03339T0	695	696	8	0.693493
MGG_04120T0	2852	2853	1054	22.2895
MGG_09149T0	2925	2926	203	4.18584
MGG_08525T0	1560	1561	54303	2098.85
MGG_11928T0	195	196	0	0
MGG_10621T0	1582	1583	0	0
MGG_18068T0	306	307	0	0
MGG_15050T0	1371	1372	146	6.42037
MGG_05459T0	4284	4285	336	4.73097
MGG_17274T0	1137	1138	157.14	8.33116
MGG_17274T1	1084	1085	2436.9	135.51
MGG_08933T0	2264	2265	3.67597	0.0979186
MGG_12043T0	315	316	6	1.14558
MGG_05817T0	2108	2109	1062	30.3815
MGG_00815T0	804	805	156	11.692
MGG_05194T0	1341	1342	721	32.4149
MGG_02568T0	453	454	1214	161.333
MGG_12175T0	16315	16316	14633	54.1104
MGG_06950T0	1701	1702	1329.99	47.1466
MGG_12387T0	1215	1216	3261	161.8
MGG_04725T0	2253	2254	1929	51.6345
MGG_08340T0	3001	3002	538.986	10.8325
MGG_01592T0	1929	1930	4098	128.108
MGG_09740T0	336	337	11	1.96936
MGG_01370T0	2918	2919	1394	28.8131
MGG_08752T0	1395	1396	81	3.50075
MGG_08309T0	4752	4753	247	3.13538
MGG_06498T0	1382	1383	679.024	29.6227
MGG_02775T0	2065	2066	1858	54.2596
MGG_00485T0	4086	4087	290.795	4.29283
MGG_13926T0	1800	1801	970	32.4952
MGG_10383T0	1897	1898	362	11.5073
MGG_03635T0	1011	1012	195	11.6256
MGG_17783T0	168	169	4	1.42802
MGG_09468T0	1465	1466	37	1.52275
MGG_03871T0	2790	2791	462	9.98719
MGG_00420T0	1605	1606	46	1.72812
MGG_13529T0	622	623	61	5.90749
MGG_03055T0	2500	2501	813.811	19.6323
MGG_00919T0	2214	2215	1277	34.7839
MGG_08952T0	876	877	6	0.412775
MGG_08824T0	1169	1170	722	37.2317
MGG_17690T0	3075	3076	3227	63.2957
MGG_16306T0	153	154	65	25.4656
MGG_03021T0	2339	2340	404	10.4166
MGG_07858T0	14334	14335	17	0.0715505
MGG_07278T0	2422	2423	11878	295.768
MGG_04201T0	1630	1631	3201	118.411
MGG_16834T0	2451	2452	25222	620.612
MGG_16513T0	516	517	9	1.0503
MGG_14722T0	2865	2866	0	0
MGG_15925T0	261	262	0	0
MGG_06248T0	2027	2028	7360.49	218.978
MGG_15629T0	180	181	0	0
MGG_15335T0	981	982	0	0
MGG_05342T0	1562	1563	3956	152.707
MGG_04686T0	2567	2568	667	15.6708
MGG_15837T0	1421	1422	591	25.0755
MGG_09834T0	2986	2987	915	18.4819
MGG_00682T0	360	361	622	103.955
MGG_17762T0	306	307	4	0.786109
MGG_12098T0	2397	2398	1131	28.4561
MGG_11525T0	1166	1167	4	0.2068
MGG_09081T0	1707	1708	323	11.4097
MGG_15038T0	3810	3811	4259	67.4264
MGG_06492T0	4093	4094	1998	29.4448
MGG_09917T0	4031	4032	2967	44.3975
MGG_16999T0	644	645	6	0.561246
MGG_14835T0	2135	2136	1487	42.0021
MGG_00565T0	561	562	28	3.00596
MGG_10699T0	1637	1638	635	23.3895
MGG_17815T0	322	323	1001	186.979
MGG_07461T0	3218	3219	697	13.0639
MGG_10500T0	1374	1375	0	0
MGG_16573T0	510	511	0	0
MGG_14116T0	321	322	5	0.936862
MGG_03990T0	2445	2446	494.563	12.1991
MGG_08066T0	666	667	37	3.34686
MGG_16824T0	198	199	8	2.42548
MGG_04418T0	2067	2068	1672	48.7806
MGG_16118T0	195	196	17	5.23304
MGG_09861T0	2152	2153	2007	56.2425
MGG_07012T0	2679	2680	2443	54.9984
MGG_06451T0	1516	1517	17	0.676121
MGG_17209T0	561	562	1	0.107356
MGG_18133T0	2424	2425	3.32352	0.082689
MGG_07083T0	3917	3918	2842	43.7644
MGG_06669T0	1140	1141	4161	220.026
MGG_05881T0	2325	2326	140	3.63145
MGG_00046T0	2838	2839	90	1.91266
MGG_12864T0	1751	1752	622	21.4199
MGG_10056T0	1690	1691	61534	2195.5
MGG_12760T0	2523	2524	333.663	7.9759
MGG_12760T1	2002	2003	477.874	14.3944
MGG_02624T0	1415	1416	6270	267.156
MGG_04955T0	1230	1231	782	38.3275
MGG_15248T0	4836	4837	9	0.112261
MGG_09408T1	8496	8497	476.133	3.38083
MGG_09408T2	8207	8208	19.6168	0.144195
MGG_09408T0	8566	8567	10602.4	74.668
MGG_06724T0	1059	1060	22602	1286.48
MGG_04974T0	1147	1148	4568	240.074
MGG_16778T0	1323	1324	4.22148	0.19237
MGG_06009T0	1503	1504	13	0.521503
MGG_17863T0	150	151	4	1.59825
MGG_08626T1	1568	1569	60.3702	2.32146
MGG_08626T0	2128	2129	847.26	24.0106
MGG_13874T0	1722	1723	9.12925	0.319677
MGG_01412T0	1548	1549	111	4.32347
MGG_14742T0	2558	2559	849	20.017
MGG_13679T0	222	223	0	0
MGG_18090T0	756	757	19	1.51433
MGG_13563T0	1153	1154	1087	56.831
MGG_06636T0	1268	1269	1707	81.1584
MGG_12473T0	3405	3406	3064.7	54.2881
MGG_05984T0	1861	1862	1630	52.8165
MGG_16191T0	162	163	15	5.5522
MGG_14622T0	246	247	5	1.22133
MGG_09969T0	1773	1774	25	0.850252
MGG_06155T0	3628	3629	322	5.35341
MGG_09695T0	1341	1342	868.905	39.0644
MGG_15296T0	615	616	31	3.03628
MGG_09503T0	1946	1947	334	10.35
MGG_04114T0	2122	2123	6047	171.851
MGG_06148T0	3084	3085	13378.5	261.646
MGG_00589T0	1793	1794	188.084	6.32545
MGG_12606T0	1834	1835	10252	337.081
MGG_15769T0	2335	2336	4194	108.322
MGG_06261T0	4936	4937	1947	23.7938
MGG_13291T0	3080	3081	31	0.60706
MGG_05927T0	1081	1082	101	5.63191
MGG_02939T0	2965	2966	2474	50.3257
MGG_17790T0	294	295	121	24.7471
MGG_17492T0	2971	2972	693	14.0684
MGG_08677T0	1143	1144	127	6.69791
MGG_04325T0	2424	2425	32767.5	815.253
MGG_02944T0	5145	5146	2839	33.2856
MGG_14340T0	1035	1036	10.1351	0.59024
MGG_06078T0	2372	2373	1285	32.6713
MGG_03327T0	1707	1708	4924	173.937
MGG_12733T0	1024	1025	89	5.23875
MGG_05652T0	5487	5488	2679.13	29.4538
MGG_16708T0	156	157	3	1.15288
MGG_03599T0	1519	1520	445	17.6635
MGG_03524T0	1825	1826	1806	59.6731
MGG_06737T0	711	712	50.6812	4.29466
MGG_10013T0	1017	1018	0	0
MGG_00540T0	2167	2168	2163	60.1947
MGG_12668T0	1014	1015	50	2.97211
MGG_04406T0	8595	8596	71	0.498337
MGG_03940T0	1957	1958	1906.35	58.7424
MGG_14862T0	372	373	25	4.04383
MGG_08132T0	1762	1763	4389	150.202
MGG_15515T0	1494	1495	5	0.201786
MGG_08838T0	698	699	602	51.9614
MGG_03723T0	1551	1552	996	38.7194
MGG_16587T0	252	253	18	4.29253
MGG_11304T0	556	557	0	0
MGG_02110T0	1109	1110	0	0
MGG_01252T0	731	732	837	68.9883
MGG_09381T0	1317	1318	24	1.09864
MGG_06653T0	1305	1306	37628	1738.32
MGG_17147T0	180	181	0	0
MGG_16136T0	183	184	17	5.57433
MGG_14791T0	1191	1192	204	10.3256
MGG_14994T0	923	924	118	7.70498
MGG_07934T0	1017	1018	311	18.4321
MGG_17198T0	711	712	18	1.5253
MGG_09603T0	1044	1045	11	0.635094
MGG_06387T0	2162	2163	794	22.1475
MGG_13026T0	961	962	188	11.7908
MGG_09827T0	1850	1851	1527	49.773
MGG_04973T0	1724	1725	49	1.71383
MGG_10537T0	2131	2132	64	1.81115
MGG_09128T0	539	540	58	6.48031
MGG_16155T0	228	229	0	0
MGG_17416T0	784	785	85	6.53297
MGG_02385T0	4158	4159	1806	26.1993
MGG_10179T0	726	727	2448	203.16
MGG_03476T0	2080	2081	1134	32.8778
MGG_10917T0	1659	1660	0	0
MGG_04167T0	687	688	3941	345.604
MGG_17849T0	201	202	0	0
MGG_08200T0	2930	2931	1058	21.7787
MGG_02621T1	1853	1854	22.1369	0.72039
MGG_02621T0	1712	1713	567.385	19.984
MGG_01695T0	5453	5454	995.015	11.0072
MGG_08684T0	447	448	0	0
MGG_01294T0	3999	4000	1328	20.0309
MGG_16736T0	366	367	0	0
MGG_04962T0	1917	1918	977	30.7332
MGG_06752T0	3036	3037	900	17.8797
MGG_00445T0	2165	2166	219.452	6.11282
MGG_11783T0	5168	5169	12816	149.592
MGG_02522T0	438	439	93	12.7814
MGG_06904T0	2016	2017	1120	33.5022
MGG_10255T0	1530	1531	301	11.8619
MGG_00496T0	1533	1534	1383	54.3949
MGG_06575T0	1845	1846	43	1.40539
MGG_13168T0	3623	3624	543	9.0401
MGG_09015T0	1432	1433	39125	1647.29
MGG_18141T0	372	373	0	0
MGG_11196T0	3505	3506	803	13.8186
MGG_07832T0	1224	1225	3711	182.775
MGG_16495T0	243	244	0	0
MGG_11708T0	663	664	457	41.525
MGG_00825T0	342	343	0	0
MGG_16947T0	840	841	43.4481	3.11699
MGG_11149T0	1670	1671	2666	96.2598
MGG_01894T0	3144	3145	1803	34.5889
MGG_15976T0	2652	2653	14	0.318385
MGG_12129T0	1050	1051	1222	70.1504
MGG_10669T0	2343	2344	1662	42.7794
MGG_08063T0	1971	1972	3736	114.304
MGG_06418T0	2222	2223	3285	89.1574
MGG_00976T0	4815	4816	2373	29.7285
MGG_15933T0	2066	2067	7	0.204324
MGG_05186T0	1518	1519	2331	92.5861
MGG_15364T0	666	667	0	0
MGG_08620T0	1803	1804	1821	60.9025
MGG_17654T0	1274	1275	16.8884	0.79917
MGG_09617T0	375	376	0	0
MGG_12377T0	5995	5996	3239	32.592
MGG_05236T0	1201	1202	577	28.9623
MGG_10596T0	2832	2833	4010.48	85.4104
MGG_10596T1	3025	3026	2213.52	44.1343
MGG_06521T0	1799	1800	801	26.8486
MGG_09376T0	1650	1651	3	0.109632
MGG_03634T0	2734	2735	2300	50.7378
MGG_12174T0	1307	1308	4882	225.191
MGG_01457T0	3311	3312	1152.93	21.0027
MGG_12480T0	1215	1216	0	0
MGG_08296T0	1701	1702	30.1773	1.06975
MGG_08296T1	1419	1420	162.823	6.91812
MGG_16038T0	2396	2397	339	8.53283
MGG_12946T0	678	679	0	0
MGG_05599T0	3581	3582	618	10.4094
MGG_04657T0	5521	5522	2208.63	24.1317
MGG_03832T0	1497	1498	46	1.85271
MGG_00290T0	1205	1206	87.0567	4.35528
MGG_05826T0	1538	1539	28	1.09769
MGG_00167T0	1346	1347	12169	545.065
MGG_08962T0	995	996	6	0.363457
MGG_15565T0	1815	1816	5236	173.958
MGG_11534T0	3856	3857	17619	275.609
MGG_09300T0	3196	3197	812	15.3241
MGG_00765T0	468	469	73	9.39099
MGG_14926T0	531	532	1	0.11341
MGG_09724T0	417	418	0	0
MGG_00079T1	2031	2032	9.85353	0.29257
MGG_00079T0	1866	1867	14.1465	0.457157
MGG_18142T0	564	565	0	0
MGG_13440T0	1476	1477	871	35.5794
MGG_11280T0	870	871	0	0
MGG_06771T0	675	676	10066	898.404
MGG_17332T0	186	187	3	0.967923
MGG_17724T0	1497	1498	471.844	19.0041
MGG_16722T0	273	274	8	1.76157
MGG_11904T0	4618	4619	1131	14.7732
MGG_02486T0	2571	2572	604	14.1686
MGG_10607T0	1921	1922	5946	186.652
MGG_14772T0	1102	1103	10005	547.272
MGG_04067T0	3266	3267	4056	74.9049
MGG_00203T0	2521	2522	149	3.56453
MGG_01615T0	4199	4200	3994	57.3747
MGG_00759T0	2096	2097	1372.54	39.49
MGG_00834T0	2098	2099	660	18.9711
MGG_16771T0	283	284	92	19.5448
MGG_01817T0	2851	2852	1143	24.1801
MGG_09310T0	2712	2713	794	17.6576
MGG_16922T0	426	427	0	0
MGG_04423T0	2567	2568	1998	46.9421
MGG_01180T0	1426	1427	1555	65.7458
MGG_07505T0	809	810	94	7.00171
MGG_17252T0	1554	1555	60	2.328
MGG_15246T0	1008	1009	50	2.98979
MGG_10435T0	1221	1222	3	0.148119
MGG_04364T0	2127	2128	119	3.37393
MGG_17998T0	465	466	0	0
MGG_17781T0	267	268	0	0
MGG_15752T0	219	220	43	11.7925
MGG_13499T0	2056	2057	1708	50.0974
MGG_02302T0	1350	1351	87	3.88531
MGG_16275T0	150	151	0	0
MGG_02064T0	2094	2095	39	1.12316
MGG_01130T0	2570	2571	4677	109.756
MGG_08771T0	1150	1151	426	22.3304
MGG_16691T0	204	205	0	0
MGG_12159T0	2070	2071	1978.96	57.6526
MGG_15052T0	339	340	4	0.709811
MGG_11061T0	2860	2861	1278	26.951
MGG_00102T0	2344	2345	503	12.9416
MGG_06587T0	1783	1784	1634.71	55.285
MGG_16442T0	1093	1094	432	23.8247
MGG_00127T0	2040	2041	4269	126.196
MGG_08121T0	2084	2085	769	22.2526
MGG_03945T0	2144	2145	1217	34.2314
MGG_02972T0	2003	2004	6	0.18064
MGG_01666T0	2935	2936	3019	62.0395
MGG_15295T0	2892	2893	1922	40.0836
MGG_12383T0	2778	2779	5	0.108553
MGG_08974T0	2337	2338	216	5.57405
MGG_07673T0	1927	1928	414	12.9555
MGG_01122T0	1153	1154	111	5.80335
MGG_16719T0	279	280	3	0.646435
MGG_16335T0	246	247	4	0.977067
MGG_17665T0	420	421	0	0
MGG_15005T0	2135	2136	634	17.9081
MGG_06960T0	2469	2470	1325	32.3653
MGG_06932T0	2472	2473	2303	56.1864
MGG_11573T0	992	993	1573	95.5742
MGG_02050T0	1670	1671	491	17.7283
MGG_17091T0	192	193	4	1.25044
MGG_03997T0	3463	3464	4742.32	82.599
MGG_15540T0	1449	1450	991.375	41.2507
MGG_13222T0	2525	2526	1840	43.9487
MGG_11945T0	2886	2887	226	4.72306
MGG_03630T0	2058	2059	754	22.0941
MGG_17700T0	331	332	8	1.45383
MGG_04131T0	2168	2169	2440.4	67.8832
MGG_14330T0	1653	1654	19	0.693074
MGG_08334T0	1710	1711	41.4269	1.46081
MGG_10805T0	990	991	1	0.0608818
MGG_04878T0	6696	6697	3434	30.9372
MGG_04703T0	6310	6311	5931	56.7011
MGG_06323T0	1244	1245	3595.96	174.264
MGG_16716T0	396	397	27	4.10331
MGG_08203T0	486	487	3636	450.46
MGG_05477T0	1892	1893	3323	105.911
MGG_01218T0	4042	4043	134	1.99969
MGG_17997T0	339	340	1	0.177453
MGG_17955T0	582	583	58	6.00234
MGG_16634T0	1284	1285	165.049	7.74944
MGG_00700T0	2586	2587	4537	105.812
MGG_17876T0	339	340	3	0.532358
MGG_07258T0	2947	2948	561	11.4815
MGG_07211T0	2131	2132	1493	42.2507
MGG_14216T0	480	481	5	0.627171
MGG_08176T0	756	757	78	6.2167
MGG_01455T0	920	921	2.23214	0.146225
MGG_17903T0	288	289	17	3.54905
MGG_10266T0	1293	1294	12	0.559511
MGG_13180T0	198	199	50	15.1593
MGG_08387T0	1632	1633	140	5.17253
MGG_08737T0	1931	1932	840	26.2321
MGG_06138T0	3997	3998	2283	34.4528
MGG_16123T0	417	418	2	0.288679
MGG_09391T0	1281	1282	0	0
MGG_00833T0	2843	2844	366	7.76449
MGG_15542T0	291	292	0	0
MGG_13671T0	240	241	0	0
MGG_00143T0	2383	2384	1201	30.3947
MGG_04002T0	896	897	1737	116.834
MGG_12922T0	5146	5147	1313	15.3912
MGG_17316T0	258	259	0	0
MGG_03316T1	3068	3069	75.4672	1.48362
MGG_03316T0	2946	2947	142.58	2.91904
MGG_10696T0	1810	1811	647	21.555
MGG_11340T0	4555	4556	4009	53.0901
MGG_15110T0	1329	1330	134.018	6.07959
MGG_09995T0	4732	4733	1722	21.9512
MGG_10414T0	1884	1885	625	20.0046
MGG_11188T0	4106	4107	1227.4	18.0311
MGG_03714T0	3257	3258	3999	74.0562
MGG_06218T0	3768	3769	3936	63.0072
MGG_15188T0	639	640	14	1.3198
MGG_15037T0	1638	1639	52	1.91419
MGG_10475T0	1431	1432	4	0.16853
MGG_16138T0	309	310	23	4.47639
MGG_04678T0	1761	1762	1028	35.2005
MGG_15701T0	3144	3145	10.4822	0.201091
MGG_01840T0	3259	3260	1963	36.3299
MGG_16977T0	423	424	55	7.82633
MGG_16729T0	1733	1734	832	28.9491
MGG_04493T0	2789	2790	1263	27.3124
MGG_07726T0	369	370	22	3.58742
MGG_07529T0	821	822	328	24.0748
MGG_02782T0	1635	1636	655	24.1557
MGG_10066T0	942	943	4467	285.802
MGG_05375T0	1286	1287	1015	47.5827
MGG_04003T0	1305	1306	178	8.22315
MGG_03979T0	3028	3029	1969.78	39.2355
MGG_16355T0	901	902	1	0.066889
MGG_07584T0	1629	1630	5	0.185073
MGG_03651T0	2240	2241	258.784	6.96717
MGG_09359T0	4034	4035	428.199	6.40271
MGG_10483T0	1929	1930	14938	466.978
MGG_11710T0	1032	1033	1712	99.9919
MGG_04278T0	1113	1114	29	1.57063
MGG_15441T0	1716	1717	6455	226.823
MGG_16311T0	892	893	845.172	57.1025
MGG_15771T0	413	414	16	2.33174
MGG_15194T0	723	724	153	12.7501
MGG_05258T0	2178	2179	1752	48.5108
MGG_04818T0	1461	1462	2302	94.9991
MGG_08587T0	2659	2660	787	17.8507
MGG_15239T0	1442	1443	2648	110.717
MGG_10466T0	798	799	0	0
MGG_08134T0	4108	4109	313.17	4.59839
MGG_04669T0	3578	3579	1099	18.5267
MGG_00816T0	831	832	75	5.43875
MGG_02117T0	2134	2135	27847	786.941
MGG_04363T0	2953	2954	1682	34.354
MGG_00709T0	741	742	187.689	15.2614
MGG_08218T0	471	472	0	0
MGG_17070T0	237	238	5	1.26752
MGG_06763T0	1939	1940	433.059	13.4681
MGG_08342T0	1826	1827	82.3023	2.71791
MGG_13532T0	3769	3770	1941	31.0632
MGG_10441T0	1014	1015	160	9.51076
MGG_07434T0	2608	2609	2964.75	68.5608
MGG_00920T0	1676	1677	337	12.1243
MGG_13007T0	2666	2667	1063	24.0476
MGG_05294T0	1469	1470	1119	45.9276
MGG_10792T0	1332	1333	370	16.7468
MGG_00468T0	2999	3000	1980	39.8204
MGG_16802T0	492	493	92	11.2591
MGG_15501T1	1207	1208	0	0
MGG_15501T0	1211	1212	372.239	18.5302
MGG_04729T0	1368	1369	928	40.8984
MGG_15991T0	3364	3365	171	3.066
MGG_08871T0	4185	4186	1350	19.4579
MGG_03510T0	5258	5259	1081	12.4018
MGG_07052T0	1791	1792	1419	47.7756
MGG_15062T0	1585	1586	1794	68.2465
MGG_14966T0	1548	1549	587	22.8638
MGG_05163T0	1857	1858	7	0.227307
MGG_03086T0	1245	1246	348	16.8509
MGG_01008T0	3036	3037	3538	70.2869
MGG_01036T0	2033	2034	295	8.75049
MGG_16749T0	2622	2623	1311	30.1554
MGG_18012T0	159	160	3	1.13126
MGG_17988T0	741	742	1959	159.291
MGG_06916T0	1006	1007	1132.11	67.8295
MGG_04935T0	1993	1994	2341	70.8333
MGG_14676T0	2887	2888	7489	156.454
MGG_03388T0	1608	1609	267	10.0119
MGG_04803T0	5110	5111	7110	83.9315
MGG_00120T0	588	589	11269	1154.33
MGG_10630T0	3140	3141	1280.74	24.6011
MGG_08526T0	1725	1726	128773	4501.38
MGG_11688T0	575	576	82	8.5892
MGG_07212T0	928	929	3241	210.487
MGG_03849T0	868	869	686	47.6284
MGG_04830T0	1995	1996	1146.65	34.6602
MGG_15072T0	3036	3037	10839.9	215.348
MGG_03650T0	945	946	153	9.75802
MGG_16112T0	156	157	0	0
MGG_01940T0	1434	1435	31	1.30338
MGG_07878T0	2503	2504	118	2.84321
MGG_17352T0	207	208	4	1.16027
MGG_03128T0	1177	1178	175	8.96302
MGG_08423T0	1973	1974	1549.56	47.3611
MGG_09935T0	4038	4039	1177.92	17.5955
MGG_09175T0	1511	1512	330	13.1681
MGG_00634T0	4254	4255	4466	63.3258
MGG_17024T0	1368	1369	3	0.132215
MGG_06825T0	1146	1147	21	1.10463
MGG_03625T0	2340	2341	1121	28.8912
MGG_07247T0	1659	1660	159	5.77897
MGG_03619T0	2247	2248	30174	809.838
MGG_10782T0	669	670	0	0
MGG_14944T0	897	898	4	0.268748
MGG_15412T0	252	253	0	0
MGG_15957T0	405	406	16	2.37769
MGG_13014T0	6236	6237	6313	61.0691
MGG_10855T0	1470	1471	934.328	38.322
MGG_16738T0	2383	2384	669.628	16.9468
MGG_11282T0	2637	2638	1364.8	31.2145
MGG_10619T0	763	764	761	60.097
MGG_07455T0	1382	1383	451	19.675
MGG_08178T0	3161	3162	321	6.12498
MGG_14593T0	939	940	0	0
MGG_07251T0	948	949	38	2.4159
MGG_01436T0	1951	1952	1015.74	31.3951
MGG_00780T0	1249	1250	437	21.0927
MGG_13374T0	867	868	85	5.90827
MGG_17078T0	2356	2357	2481	63.508
MGG_12164T0	2305	2306	1905	49.8422
MGG_08594T0	4347	4348	610.957	8.47779
MGG_01834T0	3641	3642	1195	19.7965
MGG_11869T0	774	775	590	45.9316
MGG_11489T0	5188	5189	661.737	7.6942
MGG_14857T0	1502	1503	531.078	21.3187
MGG_01943T0	687	688	4	0.350778
MGG_10400T0	1501	1502	3067	123.198
MGG_04577T0	3087	3088	2189	42.7691
MGG_15175T0	2276	2277	1282	33.9693
MGG_01419T0	4812	4813	457	5.72877
MGG_00268T0	2145	2146	0	0
MGG_00268T1	2581	2582	33	0.771115
MGG_14712T0	14199	14200	608	2.58331
MGG_07660T0	4179	4180	39825	574.832
MGG_03493T0	1809	1810	241	8.03341
MGG_17372T0	1752	1753	159	5.47238
MGG_09664T0	2875	2876	92	1.93001
MGG_04826T0	1677	1678	1616	58.1046
MGG_13598T0	1365	1366	16	0.706693
MGG_15322T0	780	781	35	2.70382
MGG_14496T0	4213	4214	1029	14.7327
MGG_08050T0	1861	1862	1479	47.9236
MGG_15888T0	2531	2532	1393	33.1932
MGG_01756T0	1121	1122	1841	98.9971
MGG_09675T0	426	427	0	0
MGG_09501T0	1212	1213	603	29.9929
MGG_09266T0	987	988	259	15.8163
MGG_06429T0	2123	2124	611	17.3559
MGG_00958T0	2410	2411	1281	32.0563
MGG_14981T0	681	682	0	0
MGG_07276T0	2989	2990	2211	44.6148
MGG_16153T0	186	187	0	0
MGG_08112T0	2805	2806	973	20.9212
MGG_04253T0	1942	1943	80	2.48415
MGG_03733T0	1741	1742	689.709	23.888
MGG_11899T0	3679	3680	1125	18.4445
MGG_13465T0	2066	2067	460	13.427
MGG_16458T0	360	361	10	1.6713
MGG_02889T0	902	903	7348	490.956
MGG_17596T0	1750	1751	1322	45.5519
MGG_00345T0	7679	7680	3445	27.0638
MGG_17837T0	237	238	10	2.53504
MGG_08275T0	820	821	2173	159.69
MGG_00142T0	2812	2813	1942	41.6525
MGG_17124T0	183	184	7	2.29531
MGG_07731T0	2493	2494	431	10.4266
MGG_01224T0	2976	2977	615	12.464
MGG_08003T0	1664	1665	22	0.797205
MGG_04383T0	1572	1573	460	17.6437
MGG_17495T0	423	424	0	0
MGG_16307T0	322	323	10	1.86792
MGG_18039T0	831	832	138	10.0073
MGG_03157T0	1746	1747	440	15.1957
MGG_05661T0	1036	1037	11412.7	664.005
MGG_04712T0	2296	2297	1700.29	44.6606
MGG_09261T0	969	970	144	8.95678
MGG_14718T0	414	415	0	0
MGG_10448T0	2893	2894	2481.86	51.7416
MGG_09839T0	1297	1298	136.293	6.33518
MGG_08011T0	1316	1317	663	30.3731
MGG_16662T0	309	310	0	0
MGG_14565T0	564	565	8	0.854285
MGG_00691T0	2781	2782	491	10.6484
MGG_08897T0	2517	2518	1765	42.2912
MGG_10492T0	1910	1911	1584	50.0099
MGG_06458T0	2101	2102	1421.81	40.8105
MGG_05418T0	852	853	13	0.919508
MGG_03961T0	1353	1354	1254.37	55.8945
MGG_03301T0	1124	1125	468	25.0989
MGG_08844T0	1086	1087	2984.07	165.631
MGG_03765T0	2424	2425	9619	239.32
MGG_09536T0	3497	3498	4049	69.8376
MGG_10278T0	1534	1535	2	0.0786109
MGG_16418T0	1224	1225	25	1.2313
MGG_18032T0	189	190	0	0
MGG_08323T0	1525	1526	1712.99	67.7268
MGG_04076T0	1752	1753	100	3.44175
MGG_15938T0	387	388	1	0.1555
MGG_10509T0	1365	1366	7	0.309178
MGG_02591T0	890	891	12	0.812578
MGG_05843T0	1676	1677	867	31.1923
MGG_15846T0	366	367	44	7.23349
MGG_07354T0	1371	1372	105	4.61739
MGG_04839T0	1300	1301	2494	115.659
MGG_13025T0	2341	2342	179	4.61134
MGG_10779T0	402	403	0	0
MGG_03898T0	2124	2125	140	3.97494
MGG_01729T0	1246	1247	923	44.6577
MGG_00275T0	2382	2383	539.119	13.6497
MGG_13549T0	984	985	33	2.02134
MGG_01611T0	666	667	774	70.0126
MGG_15329T0	1386	1387	90	3.91496
MGG_04570T0	1962	1963	175	5.37872
MGG_04081T0	888	889	1330	90.2633
MGG_04370T0	2842	2843	119	2.52541
MGG_17360T0	330	331	2	0.364555
MGG_04339T0	1943	1944	416.627	12.9304
MGG_15811T0	1274	1275	225	10.6472
MGG_09353T0	2181	2182	353	9.76071
MGG_12749T0	2471	2472	1735	42.346
MGG_10467T0	650	651	63	5.83876
MGG_16754T0	359	360	313	52.457
MGG_08057T0	1617	1618	2661	99.2265
MGG_00752T0	1346	1347	638	28.5769
MGG_16627T0	201	202	21	6.27234
MGG_06449T0	3945	3946	371.259	5.67651
MGG_18036T0	159	160	25	9.42717
MGG_03900T0	2112	2113	13170	376.052
MGG_02224T0	1470	1471	239	9.80272
MGG_08027T0	720	721	2	0.167362
MGG_02881T0	1374	1375	382	16.7619
MGG_06821T0	1995	1996	558	16.8669
MGG_10154T0	1525	1526	1065	42.1072
MGG_03003T0	1443	1444	468	19.5542
MGG_16434T0	772	773	23.8664	1.86281
MGG_05397T0	2153	2154	54	1.51255
MGG_00689T0	3262	3263	2618	48.4076
MGG_01007T0	1299	1300	122.102	5.66685
MGG_04891T0	3302	3303	3212	58.6717
MGG_05844T0	1690	1691	7751	276.551
MGG_02132T0	3140	3141	1130	21.7056
MGG_11612T0	1625	1626	1014	37.6252
MGG_01807T0	1304	1305	2650	122.517
MGG_06902T0	3372	3373	625	11.1796
MGG_01259T0	1874	1875	899	28.9281
MGG_00238T0	1530	1531	0	0
MGG_11749T0	240	241	198	49.5689
MGG_06941T0	2084	2085	2008	58.1057
MGG_06321T0	2437	2438	3830	94.7821
MGG_04037T0	6031	6032	3409	34.0979
MGG_09216T0	1091	1092	236	13.0392
MGG_07063T0	3045	3046	2247	44.5076
MGG_09487T0	2025	2026	722	21.501
MGG_04495T0	2406	2407	1053	26.3945
MGG_05913T0	657	658	12690	1163.58
MGG_00513T0	358	359	39639	6661.77
MGG_13188T0	1736	1737	11797	409.763
MGG_11543T0	1471	1472	1146	46.9719
MGG_03425T0	1245	1246	5	0.24211
MGG_16057T0	630	631	0	0
MGG_04720T0	1879	1880	822	26.38
MGG_17836T0	159	160	2	0.754174
MGG_17490T0	956	957	18	1.13481
MGG_15281T0	4126	4127	730.286	10.6763
MGG_01551T0	2887	2888	6783	141.705
MGG_07002T0	475	476	13	1.64777
MGG_00876T0	2219	2220	1843.1	50.0907
MGG_17787T0	2185	2186	5980.67	165.067
MGG_16703T0	357	358	2	0.337061
MGG_01989T0	1665	1666	0	0
MGG_04321T1	4397	4398	2155.12	29.565
MGG_04321T0	3549	3550	754.876	12.8295
MGG_01804T0	3008	3009	1154	23.139
MGG_01518T0	4308	4309	4977	69.6871
MGG_06694T0	2266	2267	4608.94	122.662
MGG_09541T0	1836	1837	589	19.3449
MGG_13185T0	2727	2728	10845	239.854
MGG_02062T0	1206	1207	388	19.3948
MGG_07927T0	2252	2253	898.234	24.0541
MGG_17424T0	201	202	0	0
MGG_17154T0	2099	2100	32	0.919374
MGG_11288T0	2535	2536	195.699	4.65587
MGG_15133T0	3145	3146	329	6.30955
MGG_01048T0	1431	1432	950.555	40.0494
MGG_07404T0	1806	1807	33366	1114.06
MGG_12715T0	672	673	120	10.7579
MGG_17007T0	150	151	3.06122	1.22315
MGG_04978T0	1591	1592	10525	398.878
MGG_02611T0	4019	4020	1789	26.8501
MGG_17287T0	1080	1081	4.14009	0.231071
MGG_01075T0	579	580	29	3.01669
MGG_16007T0	600	601	0	0
MGG_07237T0	1216	1217	1692	83.8825
MGG_00633T0	3102	3103	7091	137.875
MGG_00636T0	1953	1954	918	28.3452
MGG_16748T0	420	421	6	0.859866
MGG_14983T0	546	547	0	0
MGG_09697T0	4920	4921	9091	111.46
MGG_02203T0	1678	1679	65	2.33574
MGG_16366T0	273	274	0	0
MGG_08304T0	3948	3949	221	3.3765
MGG_15444T0	325	326	7	1.29551
MGG_11739T0	1647	1648	224	8.20072
MGG_11445T1	1042	1043	27.1224	1.56893
MGG_11445T0	1050	1051	87.3226	5.01286
MGG_09251T0	882	883	3	0.204985
MGG_12636T0	2586	2587	864	20.1502
MGG_16860T0	1481	1482	241	9.81138
MGG_13223T0	4029	4030	562	8.41381
MGG_02006T0	2349	2350	5	0.12837
MGG_04375T0	1988	1989	827.14	25.0903
MGG_08333T0	1163	1164	70.5731	3.65803
MGG_06225T0	462	463	880	114.673
MGG_17625T0	2442	2443	24	0.592719
MGG_07571T0	1498	1499	59	2.37472
MGG_17120T0	333	334	0	0
MGG_14146T0	522	523	7	0.807528
MGG_00451T0	1532	1533	859	33.8074
MGG_12327T0	2524	2525	1773	42.3651
MGG_09398T0	1932	1933	528	16.4802
MGG_05435T0	2069	2070	40	1.16587
MGG_02784T0	6946	6947	767	6.66131
MGG_06329T0	1041	1042	753	43.6002
MGG_04875T0	1163	1164	176	9.12265
MGG_03424T0	1077	1078	0	0
MGG_06374T0	1944	1945	1441	44.6998
MGG_04882T0	1801	1802	1578.57	52.8531
MGG_00162T0	885	886	2064	140.552
MGG_17314T0	354	355	19	3.22914
MGG_04917T0	4813	4814	990	12.4077
MGG_05451T0	2472	2473	8058	196.591
MGG_02778T0	543	544	422681	46878.7
MGG_02461T0	2494	2495	532	12.8648
MGG_17118T0	375	376	15	2.40694
MGG_07994T0	555	556	0	0
MGG_05692T0	705	706	452	38.6274
MGG_15078T0	3624	3625	1950	32.4555
MGG_17718T1	629	630	23.8626	2.28528
MGG_17718T0	767	768	7.13737	0.56071
MGG_14883T0	904	905	201	13.4001
MGG_13871T0	525	526	2.42822	0.278525
MGG_05398T0	746	747	3	0.242305
MGG_04127T0	1588	1589	429	16.289
MGG_18134T0	2043	2044	259	7.64505
MGG_10975T0	375	376	61	9.78821
MGG_04198T0	905	906	930	61.9321
MGG_07014T0	4006	4007	1021	15.3733
MGG_17759T0	408	409	1	0.147516
MGG_09729T0	450	451	6	0.802668
MGG_16603T0	408	409	11	1.62267
MGG_15968T0	1356	1357	3	0.133384
MGG_01864T0	758	759	42	3.33863
MGG_05429T1	711	712	3	0.254216
MGG_05429T0	946	947	13	0.828237
MGG_17505T0	2195	2196	448	12.3086
MGG_16468T0	249	250	0	0
MGG_12005T0	4368	4369	3382	46.7039
MGG_05819T0	660	661	6	0.54766
MGG_05612T0	631	632	23	2.1957
MGG_00095T0	3220	3221	92.8666	1.73952
MGG_17945T0	1647	1648	1302	47.6667
MGG_10683T0	1818	1819	6	0.199012
MGG_03280T0	2309	2310	852	22.253
MGG_00355T0	850	851	1214.69	86.1184
MGG_00893T0	1588	1589	132.372	5.02613
MGG_00893T1	1332	1333	7.62786	0.34525
MGG_08985T0	3125	3126	302	5.8288
MGG_09369T0	3259	3260	1108.13	20.5085
MGG_03862T0	3557	3558	3506	59.4521
MGG_10286T0	336	337	41	7.34033
MGG_00459T0	1251	1252	1886.24	90.8979
MGG_06087T0	3414	3415	2507	44.292
MGG_16397T0	222	223	67	18.1272
MGG_10111T0	1297	1298	98	4.55526
MGG_02134T0	1816	1817	183	6.07656
MGG_16352T0	385	386	0	0
MGG_04866T0	1781	1782	593.846	20.1061
MGG_02130T0	1704	1705	196	6.93574
MGG_02320T0	1636	1637	1378	50.7881
MGG_01309T0	3164	3165	968.644	18.4651
MGG_14022T0	1233	1234	0	0
MGG_02346T0	2003	2004	44	1.3247
MGG_11492T0	345	346	21	3.66188
MGG_05789T0	549	550	18	1.97456
MGG_09860T0	2260	2261	446	11.9013
MGG_11383T0	2547	2548	2856	67.627
MGG_15415T0	833	834	57	4.12354
MGG_07081T0	1224	1225	131	6.45203
MGG_15989T0	2739	2740	753.278	16.5869
MGG_10489T0	3144	3145	1421	27.2606
MGG_10432T0	784	785	54	4.15036
MGG_02545T0	1064	1065	108	6.11837
MGG_09504T0	4279	4280	1803	25.4164
MGG_04558T1	3205	3206	1088.8	20.4903
MGG_04558T0	2805	2806	2235.2	48.0606
MGG_00804T0	1426	1427	620.97	26.2547
MGG_17570T0	567	568	0	0
MGG_04254T0	921	922	60	3.92628
MGG_04091T0	1826	1827	870	28.7304
MGG_07188T0	1655	1656	590	21.4958
MGG_01168T0	1668	1669	1360.2	49.1707
MGG_04665T0	3148	3149	3316	63.5336
MGG_00431T0	1860	1861	6507	210.958
MGG_16621T0	247	248	0	0
MGG_10687T0	1185	1186	369.058	18.7746
MGG_05383T0	1270	1271	14	0.664575
MGG_16582T0	204	205	0	0
MGG_03497T0	1717	1718	55905	1963.31
MGG_12345T0	3132	3133	1873.07	36.0707
MGG_04360T0	1935	1936	80	2.49314
MGG_07521T0	3132	3133	1298	24.9963
MGG_02962T0	3386	3387	597.122	10.6368
MGG_02962T1	2735	2736	7018.88	154.779
MGG_00998T0	3184	3185	1901.32	36.0169
MGG_16236T0	1498	1499	199	8.00964
MGG_16698T0	363	364	11	1.82328
MGG_00710T0	2100	2101	5225	150.045
MGG_17609T0	225	226	0	0
MGG_06681T0	2105	2106	1032.39	29.5764
MGG_12243T0	2634	2635	946.681	21.6763
MGG_13578T0	1297	1298	960	44.6229
MGG_09865T0	1404	1405	3882	166.702
MGG_01783T1	2097	2098	493.302	14.1863
MGG_01783T0	1027	1028	327.654	19.2302
MGG_04718T0	735	736	226	18.5264
MGG_15167T0	2513	2514	91.2807	2.19066
MGG_00552T0	1392	1393	3456	149.687
MGG_09566T0	2281	2282	455.644	12.0468
MGG_15321T0	2084	2085	1286	37.2131
MGG_09352T0	2919	2920	3885	80.273
MGG_09087T0	693	694	2	0.173873
MGG_01094T0	3784	3785	457	7.2847
MGG_15559T0	747	748	34	2.74245
MGG_03826T0	1385	1386	61	2.65539
MGG_15206T0	936	937	216	13.9083
MGG_10038T0	1866	1867	15	0.484739
MGG_01981T0	784	785	456	35.0475
MGG_06179T0	1443	1444	466	19.4706
MGG_08274T0	2467	2468	155	3.7892
MGG_14583T0	3242	3243	1726	32.1111
MGG_11292T0	462	463	0	0
MGG_01663T0	933	934	1241	80.1653
MGG_04621T0	5679	5680	410	4.35509
MGG_03725T0	1374	1375	1865.09	81.8387
MGG_15685T0	535	536	21	2.36383
MGG_16054T0	2755	2756	262	5.73566
MGG_10702T0	1802	1803	340	11.3774
MGG_14573T0	2521	2522	597	14.2821
MGG_01268T0	2370	2371	4406	112.118
MGG_07175T0	1710	1711	1100	38.7886
MGG_14023T0	222	223	0	0
MGG_13852T0	504	505	0	0
MGG_02659T0	1233	1234	2940.11	143.751
MGG_02659T1	1136	1137	4148.89	220.157
MGG_15273T0	1955	1956	15	0.462683
MGG_00522T0	1995	1996	2802	84.6972
MGG_15443T0	348	349	1	0.172876
MGG_17902T0	156	157	1	0.384292
MGG_03525T0	1536	1537	4662	183.004
MGG_01784T0	953	954	506.044	32.0038
MGG_08130T0	3116	3117	657	12.7172
MGG_17062T0	1163	1164	997	51.6777
MGG_01133T1	2767	2768	1075.52	23.443
MGG_01133T0	3378	3379	2415.48	43.1297
MGG_00312T0	2084	2085	692.214	20.0307
MGG_08649T0	1393	1394	1421	61.5025
MGG_04911T0	3614	3615	1708	28.5063
MGG_04640T0	4054	4055	764	11.3675
MGG_00554T0	856	857	50	3.52006
MGG_10933T0	1818	1819	54	1.79111
MGG_01300T0	1359	1360	193	8.56209
MGG_15482T0	513	514	0	0
MGG_07423T0	2256	2257	4631	123.795
MGG_04599T0	690	691	21840	1906.94
MGG_00587T0	1719	1720	4249	149.046
MGG_14807T0	593	594	1300	132.044
MGG_03687T0	1434	1435	4054	170.449
MGG_12714T0	1013	1014	947	56.3473
MGG_11529T0	3028	3029	1024.53	20.4073
MGG_11259T0	3066	3067	30458	599.169
MGG_11064T0	2909	2910	1874	38.8542
MGG_02036T0	2881	2882	0	0
MGG_15384T0	336	337	0	0
MGG_05695T0	3522	3523	605	10.3611
MGG_11482T0	3958	3959	1454	22.1585
MGG_15068T0	399	400	0	0
MGG_11727T0	4282	4283	1778	25.0464
MGG_10170T0	804	805	973	72.9253
MGG_10659T0	2490	2491	1218	29.5009
MGG_12522T0	270	271	3302	735.138
MGG_06691T0	1260	1261	16129	771.709
MGG_03666T0	772	773	1821	142.132
MGG_06580T0	1800	1801	44	1.47401
MGG_16241T0	156	157	0	0
MGG_06221T0	2132	2133	274	7.75035
MGG_02208T0	567	568	30	3.18665
MGG_05865T0	3916	3917	13135	202.32
MGG_05296T0	351	352	3503	600.425
MGG_04355T0	567	568	9	0.955995
MGG_06376T0	1284	1285	835.325	39.2206
MGG_16294T0	508	509	50	5.92671
MGG_15242T0	2781	2782	130	2.81934
MGG_10911T0	597	598	0	0
MGG_12162T0	1592	1593	262	9.92309
MGG_09144T0	450	451	0	0
MGG_07745T0	3043	3044	3178	62.9899
MGG_02032T0	3452	3453	0	0
MGG_14979T0	417	418	0	0
MGG_10431T0	2949	2950	412	8.42629
MGG_06370T0	2934	2935	331	6.80427
MGG_09610T0	870	871	1072	74.2571
MGG_09435T0	2770	2771	78.2032	1.70274
MGG_07226T0	801	802	111	8.35045
MGG_17801T0	423	424	7	0.996078
MGG_05057T0	1332	1333	143	6.47243
MGG_01985T0	2406	2407	900	22.5594
MGG_03050T0	2427	2428	2583	64.1855
MGG_01356T0	2103	2104	45	1.29041
MGG_09347T0	950	951	335	21.2533
MGG_16706T0	1566	1567	3432	132.142
MGG_08691T0	949	950	1812.93	115.138
MGG_02267T0	1543	1544	34	1.3286
MGG_07569T0	1820	1821	3	0.0993969
MGG_15172T0	501	502	7	0.841309
MGG_14893T0	870	871	0	0
MGG_09986T0	1205	1206	796	39.8224
MGG_01811T0	4825	4826	1085	13.5645
MGG_07738T0	1380	1381	47	2.05336
MGG_07324T0	1196	1197	1857	93.6007
MGG_08189T0	2540	2541	675.288	16.0341
MGG_11168T0	2496	2497	9252	223.552
MGG_10522T0	1994	1995	616	18.6294
MGG_17109T0	423	424	0	0
MGG_07818T0	3117	3118	57.4483	1.11164
MGG_00719T0	1737	1738	22186.6	770.197
MGG_14351T0	2218	2219	147	3.99688
MGG_09779T0	3392	3393	365.447	6.49834
MGG_09779T1	3451	3452	345.836	6.04451
MGG_07917T0	3324	3325	207	3.75613
MGG_09849T0	1224	1225	28.2554	1.39164
MGG_13339T0	621	622	0	0
MGG_01387T0	2142	2143	558	15.7099
MGG_12047T0	4344	4345	3	0.0416575
MGG_04977T0	156	157	5887	2262.33
MGG_15598T0	627	628	1654	158.905
MGG_16347T0	531	532	12	1.36091
MGG_17071T0	297	298	1	0.202463
MGG_16199T0	261	262	0	0
MGG_04710T0	8688	8689	1918	13.318
MGG_02232T0	420	421	0	0
MGG_01593T0	3255	3256	2337	43.3048
MGG_04374T0	1848	1849	1253.86	40.9141
MGG_09875T0	1467	1468	1020	41.9214
MGG_02648T0	2576	2577	53	1.24086
MGG_06245T0	6918	6919	410	3.57521
MGG_10580T0	2539	2540	177	4.20437
MGG_07125T0	1209	1210	2228	111.094
MGG_04753T0	684	685	0	0
MGG_05860T0	2270	2271	625	16.6044
MGG_10382T0	1243	1244	728.725	35.3431
MGG_00555T0	2466	2467	12761	312.088
MGG_03743T0	3126	3127	552	10.6506
MGG_06033T0	3949	3950	10517	160.641
MGG_06250T0	2283	2284	2036	53.7828
MGG_05690T0	3450	3451	2510	43.8824
MGG_14070T0	1118	1119	220	11.8619
MGG_01108T0	4561	4562	2519	33.3146
MGG_15908T0	225	226	4	1.06786
MGG_04101T0	2280	2281	2497	66.0472
MGG_01605T0	3035	3036	4502.5	89.4774
MGG_00427T0	8566	8567	70.6281	0.497405
MGG_07157T0	2820	2821	441	9.43185
MGG_13635T0	2110	2111	231	6.60215
MGG_17525T0	156	157	0	0
MGG_02334T0	381	382	0	0
MGG_04550T0	3714	3715	3104	50.4109
MGG_12119T1	2082	2083	295.311	8.55365
MGG_12119T0	2006	2007	518.003	15.5721
MGG_08536T0	4143	4144	101	1.47049
MGG_03737T0	3271	3272	2678	49.3809
MGG_11463T0	2619	2620	497.613	11.4591
MGG_10913T0	1034	1035	0	0
MGG_04354T0	426	427	149	21.0533
MGG_16657T0	648	649	3.31678	0.308343
MGG_06596T0	1790	1791	338	11.3863
MGG_00347T0	1323	1324	472	21.5088
MGG_17145T0	820	821	19	1.39628
MGG_15055T0	605	606	497	49.4818
MGG_17443T0	285	286	2	0.421915
MGG_05207T0	3391	3392	1934	34.4003
MGG_06319T0	1295	1296	291	13.5472
MGG_03203T0	951	952	1292.17	81.8928
MGG_07901T0	639	640	73.7772	6.9551
MGG_04764T0	1758	1759	2333	80.0222
MGG_07274T0	5920	5921	2768	28.2054
MGG_08690T0	1781	1782	3453	116.91
MGG_03554T0	859	860	5788	406.061
MGG_01571T0	1947	1948	0	0
MGG_08625T0	2414	2415	999	24.958
MGG_07013T0	1532	1533	60	2.3614
MGG_05113T1	2187	2188	441.672	12.1791
MGG_05113T0	1568	1569	6.32831	0.243347
MGG_01540T0	1728	1729	538.605	18.7948
MGG_06476T0	2756	2757	1231	26.9391
MGG_12008T0	204	205	54	15.8928
MGG_17732T0	3995	3996	2328.36	35.155
MGG_13028T0	1630	1631	490	18.1261
MGG_05800T0	2579	2580	279	6.52448
MGG_00649T0	1655	1656	101.573	3.70066
MGG_01568T0	1395	1396	850	36.7363
MGG_04774T0	883	884	19924	1359.83
MGG_01572T0	4095	4096	769	11.3273
MGG_15440T0	174	175	2	0.68953
MGG_07526T0	1416	1417	231.059	9.83817
MGG_03187T0	1869	1870	1245	40.1688
MGG_06177T0	1422	1423	10384.3	440.284
MGG_14910T0	1156	1157	96	5.0061
MGG_05767T0	1783	1784	27	0.913125
MGG_01394T0	2415	2416	780	19.4787
MGG_00322T0	1897	1898	38	1.20795
MGG_09188T0	1586	1587	493	18.7427
MGG_09748T0	1329	1330	402	18.2363
MGG_01822T0	1074	1075	5444	305.542
MGG_10756T0	1541	1542	1	0.039127
MGG_01264T0	2508	2509	1248	30.0106
MGG_12339T0	3205	3206	1008.86	18.9857
MGG_05214T0	1116	1117	144	7.77805
MGG_15825T0	2361	2362	710	18.1359
MGG_05841T0	1470	1471	43	1.76367
MGG_12492T0	1587	1588	20	0.759873
MGG_06969T0	2859	2860	697	14.7038
MGG_17667T0	276	277	0	0
MGG_06031T0	1491	1492	80	3.23506
MGG_07666T0	2621	2622	349	8.03071
MGG_15138T0	2490	2491	818.718	19.83
MGG_08434T0	3684	3685	112	1.83376
MGG_08255T0	3210	3211	3264	61.3298
MGG_05061T0	3116	3117	1847	35.7513
MGG_00499T0	1876	1877	1141.43	36.6899
MGG_10410T0	4816	4817	2804	35.1207
MGG_15489T3	2484	2485	0	0
MGG_15489T0	2658	2659	31.2492	0.709058
MGG_15489T2	2570	2571	0	0
MGG_15489T1	2658	2659	31.2492	0.709058
MGG_03335T0	1203	1204	1598	80.0777
MGG_17553T0	1783	1784	26.2723	0.888513
MGG_02598T0	832	833	1113	80.6142
MGG_09323T0	2390	2391	2295	57.9115
MGG_04368T0	2961	2962	212	4.31829
MGG_16784T0	687	688	28	2.45545
MGG_14985T0	696	697	0	0
MGG_14341T0	2448	2449	9	0.221725
MGG_04921T0	1086	1087	5214	289.403
MGG_15892T0	237	238	29	7.35161
MGG_12210T0	2376	2377	0	0
MGG_05910T0	1363	1364	216	9.55434
MGG_09728T1	1885	1886	427.847	13.687
MGG_09728T0	1871	1872	818.153	26.3688
MGG_09649T0	1023	1024	167	9.83961
MGG_08449T0	2312	2313	17	0.44344
MGG_05089T0	3468	3469	2151	37.4108
MGG_17725T0	674	675	15	1.34075
MGG_03411T0	2322	2323	96	2.49335
MGG_05462T0	1534	1535	1070	42.0569
MGG_06759T0	2654	2655	9010	204.749
MGG_17885T0	432	433	0	0
MGG_17235T0	702	703	0	0
MGG_08366T0	975	976	31	1.91634
MGG_02167T0	1962	1963	8705	267.553
MGG_16053T0	805	806	4393	328.842
MGG_01946T0	1569	1570	0	0
MGG_04164T0	908	909	2874.68	190.804
MGG_16439T0	1165	1166	36	1.8628
MGG_05805T0	1692	1693	55	1.96005
MGG_04692T0	3345	3346	2165	39.0385
MGG_01652T0	1091	1092	1231	68.0138
MGG_10206T0	339	340	5	0.887263
MGG_05118T0	1898	1899	171	5.43291
MGG_05273T0	2708	2709	803	17.8841
MGG_00510T0	1050	1051	3	0.172219
MGG_16559T0	777	778	0	0
MGG_16049T0	813	814	0	0
MGG_07781T0	1856	1857	214	6.95286
MGG_11882T0	7062	7063	1357	11.5918
MGG_02978T0	1329	1330	0	0
MGG_13487T0	882	883	1318	90.0567
MGG_16755T0	1290	1291	278	12.9921
MGG_11820T0	2824	2825	157	3.35307
MGG_09626T0	411	412	0	0
MGG_05358T0	927	928	655	42.5848
MGG_16869T0	1319	1320	143	6.53617
MGG_10343T0	1527	1528	1949	76.9573
MGG_02921T0	1247	1248	397.506	19.2172
MGG_17095T0	384	385	2	0.313423
MGG_03523T0	2279	2280	1764	46.6794
MGG_15347T0	2826	2827	45	0.960391
MGG_16395T0	1962	1963	2426	74.5645
MGG_16636T0	375	376	1	0.160462
MGG_04784T0	1896	1897	60	1.90829
MGG_14549T0	495	496	1303	158.498
MGG_06683T0	1900	1901	410.489	13.0281
MGG_04543T0	2418	2419	3560	88.7923
MGG_16146T0	357	358	253	42.6382
MGG_10936T0	1221	1222	0	0
MGG_01709T0	1623	1624	979.979	36.4076
MGG_15695T0	315	316	968	184.82
MGG_01669T0	2644	2645	602	13.7319
MGG_15682T0	2145	2146	63	1.77122
MGG_11860T0	5684	5685	212	2.24992
MGG_03264T0	1685	1686	1513.48	54.1602
MGG_06686T0	2805	2806	762.752	16.4005
MGG_12513T0	1404	1405	739	31.7343
MGG_05402T0	3917	3918	185	2.84884
MGG_07375T0	4410	4411	6	0.0820683
MGG_04530T0	1060	1061	464	26.3854
MGG_02847T0	677	678	2369	210.813
MGG_00378T0	1851	1852	174	5.66852
MGG_03032T0	1002	1003	8	0.481227
MGG_14372T0	1560	1561	148	5.72032
MGG_05901T0	1945	1946	334	10.3554
MGG_17642T0	495	496	0	0
MGG_16337T0	414	415	158	22.9705
MGG_14744T0	1829	1830	7077	233.324
MGG_08171T0	3446	3447	1353	23.682
MGG_05279T0	1471	1472	900	36.8889
MGG_02989T0	355	356	192	32.5396
MGG_06658T0	1111	1112	8319.94	451.416
MGG_08980T0	2142	2143	2421	68.1607
MGG_03912T0	3181	3182	1244	23.5875
MGG_10970T0	2675	2676	3479	78.4386
MGG_10641T0	663	664	0	0
MGG_04768T0	1958	1959	2378.22	73.2451
MGG_17133T0	207	208	4	1.16027
MGG_02975T0	860	861	92	6.44683
MGG_10159T0	321	322	593	111.112
MGG_06944T0	1338	1339	209	9.41731
MGG_13453T0	3786	3787	851	13.558
MGG_13863T0	438	439	0	0
MGG_09131T0	1497	1498	0	0
MGG_06956T0	648	649	54	5.02008
MGG_00737T0	453	454	15023	1996.47
MGG_15911T0	306	307	0	0
MGG_11512T0	2620	2621	1695	39.0179
MGG_09558T0	2115	2116	1164	33.1893
MGG_12860T0	2112	2113	1067	30.4668
MGG_07283T0	4680	4681	1212	15.6216
MGG_06324T0	2623	2624	7123	163.78
MGG_01204T0	3347	3348	8994	162.08
MGG_04895T0	2899	2900	19766	411.228
MGG_04337T0	2585	2586	29448	687.05
MGG_16956T0	153	154	25	9.79446
MGG_10532T0	1387	1388	543	23.6032
MGG_07322T0	2023	2024	75	2.23569
MGG_07464T0	1813	1814	3867.83	128.644
MGG_06327T0	2647	2648	5098	116.156
MGG_04225T0	2117	2118	1199	34.155
MGG_17711T0	291	292	89	18.3894
MGG_04107T0	1751	1752	437	15.049
MGG_05254T0	2120	2121	853.262	24.2719
MGG_03323T0	4938	4939	2085	25.47
MGG_14061T0	1953	1954	2164	66.8181
MGG_07075T0	1646	1647	1330	48.7214
MGG_05452T0	498	499	49	5.92457
MGG_02306T0	1234	1235	24	1.17248
MGG_07310T0	3787	3788	3201	50.9844
MGG_15573T0	930	931	11	0.71286
MGG_08061T0	2482	2483	442	10.7401
MGG_12890T0	3226	3227	1199	22.4172
MGG_02841T0	1925	1926	549.47	17.2127
MGG_02835T0	1451	1452	9975.66	414.512
MGG_03847T0	977	978	106	6.53926
MGG_08873T0	2896	2897	414	8.6221
MGG_02368T0	2642	2643	1330	30.361
MGG_14633T0	2943	2944	1563.68	32.0458
MGG_05384T0	4907	4908	108	1.32764
MGG_17833T0	252	253	28	6.67727
MGG_08312T0	3162	3163	2415	46.0659
MGG_04834T0	2225	2226	958	25.9658
MGG_04054T0	1219	1220	2853.41	141.112
MGG_17350T0	3490	3491	1663	28.7411
MGG_06842T0	3054	3055	0	0
MGG_02927T0	3162	3163	3949	75.3268
MGG_17225T0	288	289	0	0
MGG_16088T0	303	304	15	2.977
MGG_15327T0	1059	1060	41	2.33367
MGG_15035T0	588	589	6	0.614607
MGG_05337T0	2034	2035	547	16.2175
MGG_03598T0	2911	2912	3346	69.326
MGG_17755T0	381	382	0	0
MGG_03211T0	1759	1760	2089	71.6122
MGG_05352T0	1215	1216	2546	126.324
MGG_08373T0	857	858	16	1.12511
MGG_05815T0	1261	1262	329	15.7289
MGG_17142T0	306	307	1	0.196527
MGG_16450T0	292	293	58	11.9432
MGG_06995T0	1707	1708	2962.74	104.657
MGG_04155T0	2026	2027	693.79	20.6507
MGG_00842T0	1034	1035	352	20.5194
MGG_07450T0	4328	4329	6141	85.588
MGG_05482T0	747	748	0	0
MGG_00848T0	991	992	1882	114.464
MGG_17969T0	288	289	15	3.13152
MGG_03576T0	666	667	2218	200.631
MGG_00382T0	1748	1749	416.777	14.3772
MGG_16786T0	168	169	0	0
MGG_03483T0	1182	1183	3633.95	185.334
MGG_09223T0	2337	2338	469	12.1029
MGG_05204T0	1376	1377	1615	70.762
MGG_17322T0	219	220	22	6.03339
MGG_05990T0	2149	2150	1066	29.9144
MGG_16815T1	1973	1974	206.425	6.30924
MGG_16815T0	2043	2044	3215.8	94.9227
MGG_11466T0	3911	3912	1794	27.6685
MGG_09711T0	1611	1612	605	22.6439
MGG_00040T0	2771	2772	290.07	6.31352
MGG_16968T0	216	217	28	7.78502
MGG_01952T0	1670	1671	98	3.53843
MGG_07750T0	1287	1288	1	0.0468431
MGG_04453T0	1463	1464	455.708	18.7805
MGG_04301T0	438	439	0	0
MGG_06285T0	3588	3589	1540	25.8886
MGG_16030T0	481	482	0	0
MGG_17768T0	750	751	0	0
MGG_18016T0	923	924	125	8.16205
MGG_06462T0	4420	4421	1606	21.9173
MGG_07752T0	2151	2152	23431	656.916
MGG_03914T1	2179	2180	939.993	26.0153
MGG_03914T0	932	933	224.007	14.4858
MGG_08332T0	4625	4626	250.087	3.26172
MGG_03074T0	1795	1796	906	30.4357
MGG_09889T0	1610	1611	461	17.265
MGG_09767T0	2912	2913	9302	192.663
MGG_15522T0	2226	2227	269	7.28775
MGG_07761T0	1520	1521	635	25.1887
MGG_07531T0	3481	3482	1767	30.6175
MGG_16774T0	150	151	9	3.59606
MGG_07057T0	1219	1220	1418.26	70.1387
MGG_06294T0	492	493	1799	220.164
MGG_05611T0	243	244	226	55.883
MGG_05039T0	2966	2967	653	13.2787
MGG_07123T0	4082	4083	3987	58.9153
MGG_04513T0	1599	1600	1199	45.2127
MGG_09341T0	1374	1375	2771	121.589
MGG_05761T0	2087	2088	108.03	3.1216
MGG_15524T0	454	455	26	3.44765
MGG_03146T0	1743	1744	1027	35.5292
MGG_15371T0	627	628	2.33333	0.224171
MGG_03695T0	3411	3412	314.542	5.562
MGG_00361T0	2143	2144	694	19.5297
MGG_09248T0	489	490	94	11.5743
MGG_00125T0	1998	1999	1785	53.8749
MGG_01474T0	3465	3466	645.36	11.234
MGG_13347T0	2556	2557	213	5.02586
MGG_08046T0	2812	2813	994	21.3195
MGG_17253T0	1152	1153	165	8.63408
MGG_08800T0	1695	1696	1062	37.7798
MGG_03303T0	2529	2530	320.192	7.63574
MGG_02371T0	2010	2011	381	11.4307
MGG_07873T0	1368	1369	0	0
MGG_07764T0	1442	1443	5875	245.642
MGG_05047T0	3773	3774	758	12.1179
MGG_02999T0	1858	1859	1137	36.9014
MGG_17936T0	1548	1549	1777	69.2145
MGG_00614T0	420	421	0	0
MGG_01552T0	1787	1788	1113.96	37.5891
MGG_09818T0	1593	1594	109	4.12572
MGG_05567T0	1115	1116	334	18.0569
MGG_14184T0	1045	1046	5	0.288403
MGG_04616T0	2593	2594	3073	71.475
MGG_07446T0	3265	3266	224	4.13803
MGG_17308T0	916	917	1595.07	104.948
MGG_17308T1	1136	1137	337.789	17.9245
MGG_03384T0	3126	3127	2997	57.8256
MGG_01780T0	5148	5149	1087.64	12.7445
MGG_10677T0	1350	1351	821	36.6648
MGG_08925T0	4618	4619	4019	52.4966
MGG_01984T0	1455	1456	51	2.11334
MGG_05595T0	4488	4489	117	1.57253
MGG_17611T0	171	172	0	0
MGG_04141T0	2873	2874	1092	22.9244
MGG_05267T0	387	388	255	39.6524
MGG_15139T0	4443	4444	3371.53	45.7736
MGG_01757T0	3791	3792	2851	45.3618
MGG_01303T0	1929	1930	3202	100.098
MGG_15289T0	2693	2694	404.284	9.05421
MGG_13816T0	1828	1829	1383.79	45.6475
MGG_06730T0	749	750	1438	115.68
MGG_03905T0	1471	1472	3361	137.76
MGG_16412T0	159	160	6	2.26252
MGG_03857T0	1952	1953	1960	60.5501
MGG_14638T0	588	589	97	9.93614
MGG_09160T0	3718	3719	4818	78.1631
MGG_02225T0	1849	1850	28.3013	0.922986
MGG_04924T0	2393	2394	1779.88	44.8568
MGG_15243T0	501	502	0	0
MGG_08628T0	1107	1108	1303	70.9522
MGG_01622T0	1884	1885	1806.88	57.8335
MGG_03331T0	1298	1299	614	28.5181
MGG_10005T0	1596	1597	1306	49.3401
MGG_03855T0	1157	1158	2540.7	132.375
MGG_02187T0	2720	2721	383	8.49242
MGG_05988T0	1864	1865	61	1.97339
MGG_04894T0	2094	2095	1588	45.7328
MGG_00389T0	432	433	8	1.11471
MGG_15479T0	2608	2609	1391.7	32.1834
MGG_15063T0	1519	1520	2515	99.8288
MGG_09665T0	1116	1117	0	0
MGG_00693T0	2463	2464	741	18.1442
MGG_16017T0	255	256	56	13.198
MGG_15690T0	204	205	2	0.588623
MGG_05069T0	1584	1585	151	5.7479
MGG_10181T0	4052	4053	11350	168.959
MGG_03761T0	5498	5499	1136	12.464
MGG_04656T0	2754	2755	1337	29.28
MGG_07368T0	1893	1894	1483	47.2414
MGG_04098T0	1239	1240	8	0.389251
MGG_00269T0	405	406	2	0.297211
MGG_14472T0	1595	1596	878.765	33.2201
MGG_00155T0	3810	3811	561	8.88148
MGG_16931T0	243	244	0	0
MGG_10519T0	1703	1704	738	26.1305
MGG_04626T0	1099	1100	1546	84.7965
MGG_03026T0	3014	3015	488	9.76549
MGG_14707T0	345	346	0	0
MGG_14689T0	1491	1492	423	17.1054
MGG_15607T0	2254	2255	1955	52.3072
MGG_13290T0	1271	1272	186	8.82241
MGG_02419T0	7234	7235	6907	57.5986
MGG_15713T0	273	274	8	1.76157
MGG_05421T0	1146	1147	105	5.52316
MGG_03120T0	702	703	1454	124.787
MGG_09727T0	1890	1891	183	5.83876
MGG_06174T0	3330	3331	3065	55.5159
MGG_10425T0	1040	1041	61	3.53542
MGG_13971T0	1447	1448	168	7.00007
MGG_04476T0	1906	1907	1973	62.422
MGG_17999T0	201	202	17	5.07761
MGG_07432T0	1395	1396	0	0
MGG_05621T0	802	803	370	27.8002
MGG_03292T0	2900	2901	465	9.67089
MGG_17786T0	397	398	1	0.151593
MGG_07445T1	2730	2731	2960.87	65.4123
MGG_07445T0	1089	1090	18.1284	1.00345
MGG_00987T0	2408	2409	7408	185.535
MGG_08837T0	1296	1297	1889	87.8726
MGG_02538T0	2080	2081	778	22.5564
MGG_16950T0	417	418	0	0
MGG_09979T0	1838	1839	243.444	7.98691
MGG_08306T0	1612	1613	12	0.448857
MGG_06212T0	2889	2890	229	4.78078
MGG_06222T0	1641	1642	971	35.6786
MGG_07031T0	1039	1040	3243	188.137
MGG_03538T0	5186	5187	1943	22.6005
MGG_05479T0	2046	2047	55	1.62109
MGG_14584T0	892	893	200	13.5126
MGG_12735T0	3441	3442	591	10.3595
MGG_16844T0	183	184	193	63.285
MGG_15356T0	366	367	1	0.164398
MGG_01624T0	3532	3533	150	2.56159
MGG_06379T0	15261	15262	1934	7.64551
MGG_06063T0	5425	5426	3918.87	43.5755
MGG_03712T0	1143	1144	88	4.64107
MGG_17820T0	1703	1704	559.885	19.824
MGG_17820T1	1657	1658	301.899	10.986
MGG_15053T0	4769	4770	2565	32.4437
MGG_01791T0	4021	4022	1741	26.1167
MGG_05608T0	881	882	928.622	63.5231
MGG_04568T0	2631	2632	4113.35	94.2913
MGG_16344T0	270	271	3	0.667903
MGG_04836T0	2489	2490	2871	69.5657
MGG_02425T0	6431	6432	9595	90.0037
MGG_12004T0	2117	2118	917	26.1219
MGG_04478T0	2519	2520	3095	74.1006
MGG_09395T0	3407	3408	137	2.42539
MGG_08506T0	501	502	2	0.240374
MGG_18054T0	498	499	7	0.846367
MGG_17683T0	3284	3285	690	12.6729
MGG_16295T0	177	178	2	0.677909
MGG_16274T0	1243	1244	762	36.9569
MGG_01156T0	2832	2833	181.559	3.86662
MGG_01156T1	3816	3817	1688.44	26.6886
MGG_15921T0	411	412	0	0
MGG_09910T0	2224	2225	5488	148.815
MGG_08994T0	1407	1408	321	13.7551
MGG_08482T0	429	430	5	0.701557
MGG_09680T0	1473	1474	583	23.8634
MGG_06637T0	1974	1975	1794	54.8046
MGG_07982T0	1952	1953	28	0.865002
MGG_01846T0	2439	2440	814	20.1278
MGG_16052T0	318	319	11	2.08048
MGG_08825T0	2214	2215	330	8.9888
MGG_01687T0	1620	1621	1729.55	64.374
MGG_08586T0	2175	2176	2535	70.2879
MGG_10120T0	522	523	0	0
MGG_06408T0	1965	1966	2170.26	66.6023
MGG_00367T0	492	493	64	7.83239
MGG_16861T0	2594	2595	577	13.4153
MGG_14594T0	1123	1124	47	2.52286
MGG_16343T0	321	322	0	0
MGG_08734T0	1116	1117	0	0
MGG_01935T0	2441	2442	145	3.58248
MGG_09091T0	1021	1022	24	1.41684
MGG_01779T0	2013	2014	11.361	0.340343
MGG_17296T0	507	508	0	0
MGG_08751T0	4329	4330	176	2.45237
MGG_02386T0	1967	1968	1045	32.0371
MGG_15719T0	1353	1354	29	1.29223
MGG_09470T0	453	454	2716	360.94
MGG_02976T0	3756	3757	189	3.03516
MGG_11140T0	4843	4844	451	5.61738
MGG_17564T0	168	169	0	0
MGG_17115T0	510	511	70	8.26492
MGG_14655T0	3924	3925	59	0.90693
MGG_14662T0	243	244	0	0
MGG_15325T0	4783	4784	4563	57.5467
MGG_08168T0	3662	3663	392	6.4567
MGG_08308T0	1369	1370	1766	77.7735
MGG_00965T0	573	574	1010	106.162
MGG_01745T0	1617	1618	1753	65.3679
MGG_05179T0	1269	1270	1255.25	59.6331
MGG_05847T0	1752	1753	8315	286.182
MGG_05058T0	270	271	28	6.23376
MGG_09170T0	5251	5252	4319	49.6158
MGG_15813T0	333	334	3834	692.575
MGG_06556T0	921	922	5227	342.045
MGG_15891T0	270	271	2	0.445269
MGG_08698T0	3073	3074	186	3.65065
MGG_06409T0	1562	1563	1103	42.5773
MGG_01454T0	2080	2081	168.768	4.89304
MGG_17206T0	468	469	203	26.1147
MGG_06710T0	1441	1442	399	16.6943
MGG_15792T0	2059	2060	60.0898	1.75993
MGG_07297T0	3055	3056	2587.1	51.0765
MGG_08616T0	4303	4304	602.009	8.43903
MGG_00730T0	2948	2949	531	10.8638
MGG_09198T0	2339	2340	189	4.87312
MGG_17575T0	189	190	0	0
MGG_10746T0	1627	1628	1803.57	66.8407
MGG_13895T0	1206	1207	119	5.94841
MGG_11948T0	819	820	3	0.220734
MGG_11326T0	4057	4058	1478	21.9747
MGG_15378T0	318	319	573	108.374
MGG_17375T0	279	280	4	0.861913
MGG_10686T0	5060	5061	931	11.0988
MGG_03441T0	4027	4028	3374	50.5379
MGG_09599T0	594	595	44	4.46167
MGG_02837T0	3259	3260	212.47	3.93226
MGG_02837T1	2800	2801	828.53	17.8466
MGG_01212T0	1347	1348	384	17.1871
MGG_13711T0	1212	1213	1137	56.5537
MGG_15876T0	2741	2742	315	6.93114
MGG_04174T0	2022	2023	1217.79	36.3194
MGG_02924T0	2810	2811	998	21.4206
MGG_11330T0	738	739	1553.93	126.867
MGG_15530T0	1564	1565	273	10.5247
MGG_07553T0	1464	1465	1	0.0411835
MGG_03156T0	1786	1787	1603	54.1216
MGG_00621T0	3899	3900	1332	20.6063
MGG_15100T0	9565	9566	220	1.38757
MGG_04693T0	1775	1776	883	29.9971
MGG_15549T0	183	184	0	0
MGG_00199T0	6058	6059	14339.9	142.793
MGG_14202T0	3929	3930	1104.34	16.954
MGG_14964T0	429	430	2	0.280623
MGG_14302T0	2217	2218	334	9.08545
MGG_16840T0	1764	1765	83	2.83723
MGG_08260T0	1098	1099	0	0
MGG_14941T0	993	994	6	0.364189
MGG_06750T0	3543	3544	295	5.02215
MGG_06690T0	2176	2177	1182	32.7582
MGG_07449T0	1536	1537	507	19.9019
MGG_15999T0	589	590	0	0
MGG_14243T0	1194	1195	1604	80.9837
MGG_11723T0	513	514	1001	117.499
MGG_06554T0	2579	2580	563	13.1659
MGG_04172T0	2373	2374	16631	422.668
MGG_10055T0	995	996	2809.11	170.165
MGG_00914T0	402	403	51	7.63531
MGG_06251T1	2140	2141	5671.94	159.837
MGG_06251T0	2354	2355	577.064	14.7841
MGG_04231T0	2918	2919	131	2.70769
MGG_12848T0	993	994	9	0.546283
MGG_18127T0	432	433	0	0
MGG_08583T0	2979	2980	472	9.55624
MGG_01809T0	831	832	371.998	26.9761
MGG_18117T0	1359	1360	1647	73.0661
MGG_15030T0	611	612	27	2.66179
MGG_16592T0	321	322	0	0
MGG_10323T0	1932	1933	2723	84.9918
MGG_08539T0	1125	1126	0	0
MGG_16889T0	374	375	0	0
MGG_00967T0	1284	1285	1142	53.6197
MGG_01589T0	984	985	4564.51	279.589
MGG_15266T0	972	973	23	1.42619
MGG_02704T0	2241	2242	1169.66	31.4763
MGG_01879T0	372	373	0	0
MGG_15780T0	228	229	16	4.21547
MGG_13778T0	1993	1994	3761	113.799
MGG_12007T0	1902	1903	163.872	5.19551
MGG_11210T0	3509	3510	760.727	13.0762
MGG_16519T0	355	356	48	8.13491
MGG_14976T0	1659	1660	470	17.0825
MGG_10640T0	2229	2230	27	0.7305
MGG_17266T0	446	447	33	4.45418
MGG_05590T0	1348	1349	44	1.9679
MGG_11876T0	3086	3087	4394	85.8786
MGG_11541T0	4512	4513	1319	17.6336
MGG_01227T0	5942	5943	2654	26.9437
MGG_09165T0	1662	1663	36	1.30609
MGG_01800T0	3254	3255	399	7.39577
MGG_13037T0	282	283	0	0
MGG_03060T0	7980	7981	684	5.17083
MGG_02085T0	1348	1349	1518	67.8924
MGG_08569T0	1883	1884	1025	32.825
MGG_03455T0	1941	1942	1957	60.7999
MGG_03216T0	1023	1024	425	25.0409
MGG_08946T0	711	712	2	0.169477
MGG_04867T0	1379	1380	46.4775	2.03201
MGG_17307T0	1691	1692	0	0
MGG_11080T0	1962	1963	0	0
MGG_13762T0	3966	3967	22762	346.186
MGG_08884T0	5370	5371	554.363	6.22731
MGG_09312T0	2980	2981	995.107	20.1405
MGG_15287T0	2960	2961	2223.94	45.3155
MGG_01256T0	2105	2106	636	18.2205
MGG_06481T0	3833	3834	699	10.9998
MGG_16797T0	159	160	0	0
MGG_07252T0	1269	1270	1808	85.8927
MGG_07082T0	942	943	396	25.3364
MGG_09891T0	2876	2877	2613	54.7975
MGG_04330T0	2816	2817	2446	52.3879
MGG_02971T0	1279	1280	1883	88.7568
MGG_00881T0	2021	2022	384.275	11.4663
MGG_17330T0	183	184	0	0
MGG_15952T0	360	361	18	3.00834
MGG_09158T0	351	352	0	0
MGG_08560T0	1047	1048	1407.14	81.01
MGG_08560T1	954	955	1610.86	101.769
MGG_16971T0	3165	3166	223	4.24967
MGG_17534T0	210	211	0	0
MGG_07634T0	2515	2516	783	18.7764
MGG_06111T0	3137	3138	1324.89	25.4734
MGG_06046T0	1035	1036	1246	72.5637
MGG_01917T0	744	745	467	37.82
MGG_00455T0	2916	2917	1858	38.43
MGG_11770T0	483	484	112	13.9616
MGG_04758T1	3276	3277	1531.17	28.1908
MGG_04758T0	3668	3669	183.833	3.02299
MGG_00951T0	2058	2059	1102	32.2914
MGG_01835T0	4763	4764	899	11.3854
MGG_10251T0	2121	2122	1195	33.9769
MGG_12650T0	3050	3051	12984	256.76
MGG_04942T0	2016	2017	1154	34.5192
MGG_02476T0	7808	7809	3344	25.8364
MGG_17189T0	279	280	13	2.80122
MGG_17695T0	1715	1716	1556	54.7084
MGG_16725T0	2422	2423	741	18.4513
MGG_05159T0	1411	1412	162	6.92216
MGG_17141T0	186	187	16	5.16226
MGG_09972T0	1808	1809	43	1.43414
MGG_01140T0	2951	2952	4158	84.9825
MGG_15835T0	150	151	0	0
MGG_06512T0	2614	2615	314	7.24468
MGG_15982T0	1869	1870	102.418	3.30442
MGG_12520T0	607	608	7	0.694634
MGG_04450T0	1491	1492	44	1.77928
MGG_01000T0	3058	3059	675	13.3133
MGG_00684T0	1874	1875	58	1.86633
MGG_06533T0	519	520	169	19.6085
MGG_17767T0	681	682	0	0
MGG_09569T0	375	376	7	1.12324
MGG_04612T0	1105	1106	6359	346.893
MGG_02917T0	4874	4875	1774	21.9554
MGG_17432T0	318	319	4	0.756538
MGG_14045T0	989	990	4	0.243773
MGG_08522T0	372	373	0	0
MGG_03209T0	1557	1558	53	2.05244
MGG_05555T0	1482	1483	15	0.610255
MGG_14110T0	1098	1099	127	6.97216
MGG_15885T0	1095	1096	411	22.6252
MGG_08263T0	1238	1239	407	19.8191
MGG_05370T0	1116	1117	2722	147.027
MGG_03314T0	7527	7528	683	5.47397
MGG_09192T0	3195	3196	147.026	2.77556
MGG_09192T1	4818	4819	2425.97	30.3732
MGG_08293T0	2365	2366	2137	54.4943
MGG_07935T0	1507	1508	234.173	9.36907
MGG_07201T0	1925	1926	5206	163.083
MGG_13656T0	2378	2379	43722	1108.84
MGG_14732T0	459	460	42	5.50875
MGG_03704T0	1122	1123	2682	144.092
MGG_09017T0	2260	2261	526.871	14.0594
MGG_03244T0	1968	1969	5845	179.102
MGG_05064T0	900	901	1850.1	123.889
MGG_06132T0	952	953	1314.96	83.2493
MGG_05500T0	1785	1786	1	0.0337816
MGG_07203T0	2414	2415	1710	42.7209
MGG_08860T0	1266	1267	195.552	9.3121
MGG_17264T0	1668	1669	463	16.7373
MGG_13483T0	1785	1786	682	23.039
MGG_07213T1	4395	4396	699.712	9.60335
MGG_07213T0	4366	4367	634.288	8.76324
MGG_08703T0	3660	3661	15	0.247203
MGG_04868T0	2920	2921	667.523	13.7878
MGG_16612T0	252	253	679.142	161.958
MGG_09843T0	690	691	0	0
MGG_04401T0	2180	2181	324	8.96294
MGG_17619T0	534	535	103.047	11.621
MGG_12177T0	2281	2282	217	5.73727
MGG_16790T0	674	675	603.903	53.979
MGG_00258T0	2129	2130	5843	165.507
MGG_00929T0	3821	3822	2032	32.077
MGG_08671T0	873	874	311	21.4689
MGG_10394T0	1710	1711	122	4.30201
MGG_06172T0	1666	1667	3049.88	110.384
MGG_17452T0	4223	4224	747	10.6698
MGG_16341T0	3793	3794	14960	237.901
MGG_13286T0	1536	1537	390	15.3092
MGG_05902T0	1215	1216	1012	50.2121
MGG_10192T0	3903	3904	6134	94.7972
MGG_12614T0	1101	1102	14744	807.226
MGG_08265T0	2271	2272	41	1.08877
MGG_17396T0	426	427	4	0.565189
MGG_16475T0	342	343	0	0
MGG_14552T0	819	820	192	14.127
MGG_11247T0	1443	1444	662	27.66
MGG_06135T0	1842	1843	5146	168.463
MGG_05406T0	663	664	4581	416.249
MGG_18067T0	180	181	0	0
MGG_06933T0	1394	1395	4247	183.683
MGG_00612T0	1849	1850	1387	45.2341
MGG_18116T0	687	688	0	0
MGG_15197T0	321	322	4	0.749489
MGG_05095T0	4901	4902	1567	19.2867
MGG_03561T0	1528	1529	515	20.3218
MGG_00604T0	1848	1849	16332	532.922
MGG_00210T0	1358	1359	2529	112.277
MGG_16718T0	1915	1916	58388	1838.61
MGG_17460T0	737	738	29	2.37084
MGG_13800T0	3736	3737	347	5.60232
MGG_16164T0	291	292	19	3.92584
MGG_13526T0	3457	3458	4459	77.799
MGG_10647T0	1122	1123	461	24.7675
MGG_12678T0	1502	1503	72	2.89025
MGG_15536T0	7988	7989	1908	14.4094
MGG_14849T0	556	557	53	5.74093
MGG_09890T0	363	364	492	81.5502
MGG_02004T0	582	583	3	0.310466
MGG_03401T0	9278	9279	3345	21.7499
MGG_00607T0	1347	1348	701	31.3754
MGG_07703T0	892	893	1086	73.3736
MGG_04540T0	1725	1726	918	32.0895
MGG_02155T0	831	832	0	0
MGG_02540T0	1967	1968	5772	176.955
MGG_10508T0	1699	1700	50	1.77453
MGG_06699T0	3377	3378	354	6.32274
MGG_15337T0	225	226	4	1.06786
MGG_09263T0	5498	5499	2641.79	28.9852
MGG_00576T0	846	847	537	38.2518
MGG_02350T0	927	928	0	0
MGG_17457T0	381	382	40	6.31769
MGG_03150T0	1957	1958	1429.55	44.0501
MGG_15056T0	429	430	10	1.40311
MGG_08395T0	1712	1713	129	4.54353
MGG_01794T0	2023	2024	1616	48.1717
MGG_08826T1	4209	4210	4963.31	71.1297
MGG_08826T0	4486	4487	533.689	7.17618
MGG_06121T0	4074	4075	210.139	3.11128
MGG_00818T0	1449	1450	912	37.9479
MGG_07904T0	387	388	0	0
MGG_03382T0	1935	1936	786	24.4951
MGG_01560T0	942	943	318	20.3459
MGG_17627T0	1251	1252	1232	59.3701
MGG_03469T0	1168	1169	59	3.04508
MGG_13068T0	1954	1955	1287	39.7185
MGG_04582T0	2245	2246	12038	323.375
MGG_15748T0	1862	1863	195.932	6.34531
MGG_04200T0	1041	1042	1114.1	64.5087
MGG_12477T0	2078	2079	476	13.8138
MGG_07667T0	2118	2119	3978	113.265
MGG_07604T0	1002	1003	355	21.3545
MGG_15313T0	3871	3872	985	15.3484
MGG_17150T0	816	817	47	3.47086
MGG_12832T0	2617	2618	2716	62.5924
MGG_00696T0	1814	1815	360.193	11.9735
MGG_05442T0	1470	1471	32	1.3125
MGG_12634T0	1505	1506	579	23.1961
MGG_05673T0	1736	1737	8593	298.474
MGG_05403T0	315	316	7	1.33651
MGG_00274T0	1088	1089	2323.88	128.75
MGG_01080T0	5419	5420	553.909	6.16596
MGG_11544T0	398	399	5	0.756064
MGG_14668T0	421	422	29	4.14617
MGG_01005T0	1155	1156	3409	177.922
MGG_01711T0	2499	2500	3083.98	74.4273
MGG_16243T0	4550	4551	65.2314	0.864791
MGG_16243T1	4483	4484	1604.77	21.5928
MGG_03087T0	1977	1978	13375	407.971
MGG_04472T0	4560	4561	1358	17.9639
MGG_08850T0	2894	2895	7598	158.348
MGG_15258T0	741	742	141	11.4651
MGG_16260T0	1703	1704	159	5.62975
MGG_12892T0	1092	1093	6937	382.924
MGG_17342T0	1174	1175	679	34.8653
MGG_09182T0	813	814	65	4.81782
MGG_00856T0	3960	3961	1643	25.0262
MGG_08611T0	1581	1582	493	18.8019
MGG_16065T0	426	427	0	0
MGG_16216T0	318	319	145	27.4245
MGG_09604T0	1197	1198	20	1.00724
MGG_16524T0	201	202	3	0.896048
MGG_09996T0	672	673	61	5.4686
MGG_17099T0	165	166	0	0
MGG_04763T0	444	445	176	23.8624
MGG_00419T0	1659	1660	8	0.290766
MGG_08303T0	3011	3012	3367	67.445
MGG_07246T0	600	601	4	0.401557
MGG_14830T0	357	358	4	0.674122
MGG_06380T0	5915	5916	1952	19.9073
MGG_01288T0	1885	1886	8204	262.449
MGG_01994T0	1761	1762	126	4.31446
MGG_02456T0	3936	3937	67.5216	1.03476
MGG_02456T1	4424	4425	2058.48	28.0669
MGG_15214T0	699	700	0	0
MGG_15083T0	2763	2764	1266	27.6348
MGG_06951T0	1787	1788	2668	90.0284
MGG_01009T0	1413	1414	3229	137.778
MGG_06530T0	1645	1646	4548.92	166.74
MGG_03173T0	2196	2197	1541	42.3189
MGG_16515T0	393	394	164	25.1136
MGG_15282T0	2225	2226	1298	35.1812
MGG_11513T0	2328	2329	11242	291.23
MGG_08025T0	5742	5743	321	3.37231
MGG_06617T0	5053	5054	908	10.8396
MGG_01246T0	988	989	130	7.93064
MGG_06346T0	3372	3373	965	17.2613
MGG_12822T0	2119	2120	2458	69.9532
MGG_15745T0	2517	2518	9098	217.998
MGG_13216T0	963	964	191	11.9541
MGG_01632T0	3256	3257	2105.36	39.0006
MGG_04734T0	348	349	1	0.172876
MGG_01487T0	1438	1439	6	0.251566
MGG_02744T0	2454	2455	614	15.0896
MGG_01596T1	2070	2071	1386.63	40.3963
MGG_01596T0	3019	3020	2995.37	59.8419
MGG_04547T0	675	676	2	0.178503
MGG_06066T0	3844	3845	6685	104.898
MGG_08288T0	2118	2119	21	0.597929
MGG_00669T0	2356	2357	373	9.54796
MGG_16575T0	1095	1096	0	0
MGG_01945T0	721	722	3.01039	0.251563
MGG_14155T0	873	874	9399	648.831
MGG_10379T0	4795	4796	1331	16.744
MGG_17479T0	451	452	37	4.93884
MGG_16732T0	168	169	16	5.71208
MGG_16186T0	1918	1919	626	19.6816
MGG_06972T0	675	676	151	13.477
MGG_06527T0	4836	4837	146	1.82112
MGG_07489T0	1393	1394	990	42.8483
MGG_15357T0	1708	1709	1609	56.8035
MGG_12776T0	2190	2191	443	12.199
MGG_16884T0	246	247	0	0
MGG_01577T0	2754	2755	3631	79.5181
MGG_04378T0	2279	2280	220	5.82169
MGG_15064T0	564	565	388	41.4328
MGG_04377T0	4822	4823	1608	20.1155
MGG_09389T0	1561	1562	1419	54.8104
MGG_15670T0	2612	2613	1285	29.6705
MGG_10107T0	1212	1213	238	11.838
MGG_01021T0	2033	2034	657	19.4884
MGG_17950T0	380	381	0	0
MGG_13660T0	1098	1099	275	15.0972
MGG_06622T0	1421	1422	4	0.169716
MGG_16704T0	561	562	715	76.7593
MGG_13931T1	1979	1980	170.459	5.19417
MGG_13931T0	2152	2153	1208.54	33.8672
MGG_05014T0	2393	2394	1759.13	44.3338
MGG_09402T0	624	625	479	46.2399
MGG_15824T0	886	887	725	49.3146
MGG_07228T0	2451	2452	14656	360.625
MGG_04990T0	2248	2249	648	17.3839
MGG_06915T0	1273	1274	3177.89	150.498
MGG_16952T0	1005	1006	0	0
MGG_02806T0	2073	2074	6489	188.769
MGG_04805T0	1728	1729	485.892	16.9553
MGG_13617T0	4055	4056	20	0.297504
MGG_10633T0	1347	1348	3546	158.712
MGG_08167T0	1812	1813	447	14.8755
MGG_02603T0	1272	1273	218	10.3321
MGG_00716T0	1740	1741	471	16.3224
MGG_16951T0	501	502	11	1.32206
MGG_14002T0	1671	1672	595	21.4705
MGG_14001T0	2047	2048	780	22.9787
MGG_08828T0	2055	2056	143	4.19638
MGG_12942T0	195	196	31	9.54261
MGG_01466T0	2615	2616	519.589	11.9835
MGG_01466T1	2498	2499	1852.41	44.7232
MGG_07867T0	1338	1339	0	0
MGG_01785T0	1364	1365	574.549	25.3954
MGG_05821T0	357	358	20	3.37061
MGG_06441T0	2121	2122	341	9.6955
MGG_07357T0	558	559	0	0
MGG_06119T0	2284	2285	152.61	4.02957
MGG_16363T0	341	342	4	0.70566
MGG_09280T0	786	787	8	0.613305
MGG_15212T0	432	433	0	0
MGG_10879T0	3954	3955	378	5.76643
MGG_15618T1	304	305	36	7.12138
MGG_15618T0	282	283	42	8.95415
MGG_01947T0	1482	1483	0	0
MGG_15253T0	1816	1817	957.157	31.7826
MGG_12489T0	1554	1555	0	0
MGG_16667T0	279	280	0	0
MGG_16466T0	597	598	45	4.54018
MGG_15978T0	1062	1063	0	0
MGG_04762T0	915	916	747	49.2024
MGG_12707T0	2269	2270	1073	28.5191
MGG_02979T0	884	885	0	0
MGG_00501T0	2810	2811	7358	157.928
MGG_17964T0	249	250	6	1.44801
MGG_10587T0	1997	1998	247	7.45869
MGG_10727T0	2141	2142	23	0.647843
MGG_17286T0	3464	3465	14	0.243773
MGG_16954T0	156	157	0	0
MGG_15459T0	380	381	0	0
MGG_09631T0	1851	1852	469	15.2789
MGG_15582T0	1464	1465	434	17.8737
MGG_08300T0	936	937	49979	3218.17
MGG_05979T0	1647	1648	340	12.4475
MGG_03766T0	1742	1743	1518	52.5455
MGG_07795T0	1701	1702	289	10.2447
MGG_11471T0	462	463	0	0
MGG_10816T0	1977	1978	860.929	26.2605
MGG_02695T0	2166	2167	12831	357.242
MGG_17223T0	711	712	199	16.863
MGG_01433T0	3092	3093	391.601	7.63881
MGG_16560T0	612	613	0	0
MGG_16252T0	381	382	16	2.52707
MGG_08814T0	2426	2427	1062.63	26.4163
MGG_07345T0	915	916	105	6.916
MGG_03612T0	2246	2247	2452.19	65.8435
MGG_07905T0	5922	5923	0	0
MGG_00422T0	894	895	0	0
MGG_02336T0	981	982	14	0.860157
MGG_00418T0	348	349	2	0.345753
MGG_01569T0	1382	1383	1381	60.2466
MGG_17089T0	174	175	5	1.72383
MGG_03806T0	912	913	1	0.0660831
MGG_01324T0	2844	2845	1479	31.3651
MGG_10789T0	648	649	0	0
MGG_08629T0	690	691	22	1.92091
MGG_00952T0	2169	2170	902.099	25.0816
MGG_05070T0	1224	1225	915	45.0657
MGG_04523T0	2847	2848	530.275	11.2337
MGG_13454T0	1239	1240	81	3.94117
MGG_06733T0	3154	3155	1567.2	29.97
MGG_13398T0	1516	1517	440.769	17.5302
MGG_16254T0	183	184	0	0
MGG_02457T0	1966	1967	4833	148.243
MGG_04309T0	2031	2032	1	0.0296919
MGG_05329T0	1688	1689	1894.38	67.6705
MGG_01111T0	258	259	4714	1098.12
MGG_03346T0	1591	1592	474	17.9637
MGG_16637T0	782	783	0	0
MGG_08054T0	2040	2041	374.368	11.0667
MGG_10010T0	1305	1306	28	1.29353
MGG_06725T0	2582	2583	2865	66.9209
MGG_00928T0	5717	5718	8282	87.3881
MGG_00751T0	1797	1798	140	4.69786
MGG_04752T0	1121	1122	7403.99	398.139
MGG_04529T0	1420	1421	2310	98.0797
MGG_03479T0	1319	1320	1604	73.3148
MGG_01347T0	1275	1276	1291	61.0432
MGG_11181T0	4850	4851	3564	44.3269
MGG_15788T0	1335	1336	0	0
MGG_15744T0	309	310	9	1.75163
MGG_06350T0	4080	4081	2080.78	30.7625
MGG_06350T1	4181	4182	33.5808	0.484472
MGG_01120T0	2756	2757	543.985	11.9045
MGG_07389T0	1513	1514	2224	88.6279
MGG_04772T0	948	949	3783	240.509
MGG_06336T0	2000	2001	4013	120.999
MGG_09900T0	1263	1264	1782.15	85.0663
MGG_03373T0	2297	2298	603	15.8317
MGG_00852T0	3096	3097	2002	39.0018
MGG_16868T0	1398	1399	262.613	11.3256
MGG_17753T0	1383	1384	0	0
MGG_07685T0	366	367	14	2.30157
MGG_17437T0	955	956	1308	82.5489
MGG_03685T0	1029	1030	1687	98.8187
MGG_09493T0	4237	4238	3720	52.9594
MGG_15794T0	210	211	120.07	34.3331
MGG_03191T0	3640	3641	1404.36	23.2713
MGG_08660T0	1311	1312	47	2.16135
MGG_08593T0	2183	2184	21729	600.273
MGG_02952T0	891	892	5016	339.277
MGG_13585T0	1045	1046	6	0.346084
MGG_05942T0	2036	2037	467	13.8321
MGG_06123T0	861	862	5	0.349965
MGG_07487T0	4983	4984	709	8.58281
MGG_04844T0	2784	2785	699	15.143
MGG_04485T0	1234	1235	1270	62.0438
MGG_12836T0	3012	3013	3710	74.291
MGG_08257T0	3039	3040	190.036	3.77159
MGG_08257T1	2991	2992	1662.96	33.5338
MGG_07067T0	2153	2154	1065	29.8308
MGG_10835T0	1390	1391	3009	130.514
MGG_02929T0	789	790	119	9.08827
MGG_16961T0	3768	3769	39.2228	0.627877
MGG_00620T0	2115	2116	3134	89.3603
MGG_03657T0	1334	1335	238.72	10.7887
MGG_17966T0	150	151	4	1.59825
MGG_02102T0	321	322	148	27.7311
MGG_15949T0	237	238	3	0.760511
MGG_08615T0	1294	1295	85	3.96014
MGG_09789T0	462	463	0	0
MGG_07482T0	2008	2009	355	10.6613
MGG_16856T0	207	208	7475	2168.25
MGG_05737T0	330	331	1759	320.626
MGG_16414T0	150	151	135	53.9409
MGG_10047T0	1089	1090	2	0.110704
MGG_09873T0	1095	1096	1	0.0550492
MGG_13732T0	1179	1180	176	8.99895
MGG_12792T0	1173	1174	396	20.3511
MGG_15394T1	815	816	512.261	37.8759
MGG_15394T0	884	885	166.739	11.3673
MGG_07541T0	615	616	380	37.219
MGG_16339T0	407	408	153	22.6252
MGG_14097T0	2170	2171	38	1.05605
MGG_03759T0	2151	2152	2355	66.0252
MGG_13947T0	2032	2033	1526.23	45.2944
MGG_13947T1	1514	1515	372.382	14.8299
MGG_03310T0	2040	2041	1450	42.8634
MGG_16234T0	288	289	25	5.2192
MGG_05609T0	2262	2263	693	18.4761
MGG_03470T0	2127	2128	180	5.10343
MGG_16679T0	165	166	5	1.81729
MGG_08918T0	2252	2253	263	7.04297
MGG_13289T0	240	241	6	1.50209
MGG_15126T0	425	426	46	6.51493
MGG_04916T0	216	217	7	1.94625
MGG_03771T0	1650	1651	555	20.2818
MGG_17986T0	387	388	34	5.28699
MGG_16371T1	1122	1123	10.565	0.567609
MGG_16371T0	1176	1177	1635.42	83.8327
MGG_05644T0	2139	2140	6836	192.73
MGG_06415T0	1204	1205	77	3.85536
MGG_08491T0	366	367	0	0
MGG_06171T0	1173	1174	240	12.334
MGG_16496T0	333	334	0	0
MGG_09882T0	3228	3229	11396	212.934
MGG_03656T0	3779	3780	934	14.9079
MGG_15507T0	228	229	0	0
MGG_02156T0	2688	2689	863	19.3634
MGG_17334T0	387	388	1	0.1555
MGG_14914T0	1872	1873	650.605	20.9576
MGG_06064T0	2487	2488	9316	225.913
MGG_01351T0	2391	2392	6132	154.669
MGG_16558T0	1182	1183	6.17455	0.314907
MGG_17521T0	333	334	1641	296.431
MGG_08005T0	2955	2956	389	7.93974
MGG_15852T0	3226	3227	2022	37.8045
MGG_04407T0	1948	1949	403	12.4754
MGG_13448T0	1360	1361	12.1582	0.538981
MGG_09906T0	1495	1496	341	13.7526
MGG_18041T0	327	328	1	0.183945
MGG_15584T0	332	333	22	3.98602
MGG_03195T0	1175	1176	1353	69.4148
MGG_18078T0	204	205	0	0
MGG_03419T0	1724	1725	845	29.5549
MGG_03154T0	2494	2495	3267	79.0023
MGG_05880T0	1044	1045	135	7.79433
MGG_04899T0	4655	4656	186	2.41025
MGG_01261T0	2760	2761	817	17.8532
MGG_04860T0	1590	1591	916.167	34.7429
MGG_01731T0	1436	1437	133.762	5.61612
MGG_17371T0	1970	1971	3049	93.3323
MGG_06790T0	1059	1060	63	3.58588
MGG_12925T0	2288	2289	3552	93.6243
MGG_00602T0	1820	1821	23071	764.395
MGG_00429T0	1728	1729	52	1.81455
MGG_10657T0	1635	1636	13772	507.896
MGG_05883T1	4604	4605	29.9172	0.39197
MGG_05883T0	4681	4682	4975.81	64.12
MGG_09302T0	1143	1144	566	29.8505
MGG_16212T0	1101	1102	270	14.7824
MGG_03489T0	390	391	28	4.32059
MGG_17447T0	279	280	5	1.07739
MGG_04775T1	5876	5877	4350.54	44.6631
MGG_04775T0	6665	6666	30019.5	271.706
MGG_04236T0	1001	1002	3761	226.463
MGG_16605T0	348	349	0	0
MGG_06236T0	822	823	68	4.98506
MGG_15097T0	12363	12364	120	0.585576
MGG_03355T0	424	425	13	1.84551
MGG_00216T0	402	403	0	0
MGG_10445T0	2379	2380	32	0.811212
MGG_02795T0	2673	2674	147	3.31678
MGG_10665T0	1199	1200	394	19.8096
MGG_11429T0	2820	2821	2096.54	44.8395
MGG_18095T0	459	460	0	0
MGG_14879T0	843	844	0	0
MGG_05708T0	1703	1704	1944	68.8316
MGG_18011T0	567	568	6	0.63733
MGG_02633T0	2134	2135	2068	58.4405
MGG_04727T0	4682	4683	2721	35.0563
MGG_02119T0	1510	1511	27	1.0781
MGG_04776T0	548	549	80	8.79182
MGG_15664T0	450	451	16.0405	2.14587
MGG_11801T0	3189	3190	1913	36.1814
MGG_02236T0	411	412	0	0
MGG_14209T0	1527	1528	2258	89.1583
MGG_13118T0	770	771	7.09358	0.555102
MGG_07005T0	1638	1639	264	9.71821
MGG_18002T0	1703	1704	314	11.1179
MGG_16734T0	7314	7315	5926	48.8775
MGG_07101T0	2406	2407	3413	85.5503
MGG_10759T0	435	436	0	0
MGG_00961T0	2057	2058	1213	35.5612
MGG_02098T0	2150	2151	1539	43.1678
MGG_11518T0	1284	1285	266	12.4894
MGG_16651T0	213	214	31	8.73996
MGG_00690T0	425	426	4	0.566515
MGG_01269T0	2726	2727	2300	50.8867
MGG_01633T0	2206	2207	779	21.2959
MGG_10000T0	1852	1853	155	5.04682
MGG_17003T0	2369	2370	2771.94	70.5663
MGG_02727T0	651	652	932	86.2442
MGG_07132T0	2019	2020	803	23.9842
MGG_10925T0	1837	1838	1233	40.4743
MGG_04510T0	1407	1408	3	0.128552
MGG_09837T0	2902	2903	1880	39.0726
MGG_15633T0	216	217	0	0
MGG_06016T0	3819	3820	1252	19.7744
MGG_01773T0	2110	2111	1321.25	37.7623
MGG_15913T0	210	211	0	0
MGG_09479T0	3763	3764	1936	31.0325
MGG_07780T0	1459	1460	206	8.51286
MGG_06551T0	1029	1030	121.858	7.13801
MGG_02378T0	2721	2722	978.223	21.6826
MGG_12886T0	1465	1466	544	22.3886
MGG_03249T0	1847	1848	626.631	20.4584
MGG_16000T0	622	623	29	2.80848
MGG_04093T1	9730	9731	355.86	2.2064
MGG_04093T0	11402	11403	1153.14	6.10132
MGG_16443T0	3686	3687	1450	23.7277
MGG_06704T0	4488	4489	3254	43.735
MGG_01172T0	5109	5110	2232	26.3533
MGG_08281T0	5583	5584	17.6765	0.19099
MGG_00787T0	1357	1358	209	9.28556
MGG_16992T0	642	643	0	0
MGG_07456T0	2827	2828	1945.32	41.5025
MGG_18008T0	348	349	80	13.8301
MGG_17473T0	2067	2068	143	4.17202
MGG_11011T0	711	712	0	0
MGG_07772T0	1835	1836	106	3.48333
MGG_03910T0	2966	2967	872.509	17.7425
MGG_02429T0	399	400	355	53.5463
MGG_04910T0	261	262	1623	373.748
MGG_01542T0	1634	1635	201	7.41719
MGG_05136T0	1200	1201	551	27.6802
MGG_15213T0	990	991	0	0
MGG_08801T0	1254	1255	183	8.79769
MGG_04487T0	1407	1408	1022	43.7935
MGG_09765T0	1162	1163	593	30.7635
MGG_01221T0	2264	2265	229.994	6.12645
MGG_07509T0	3437	3438	1717	30.1318
MGG_09537T0	4957	4958	15031	182.912
MGG_02158T0	1119	1120	303	16.3225
MGG_05853T0	888	889	0	0
MGG_00806T0	8277	8278	3409	24.8464
MGG_01469T0	4213	4214	1507	21.5765
MGG_08142T0	1305	1306	215	9.93246
MGG_06489T0	2184	2185	382	10.5481
MGG_03034T0	1717	1718	13	0.456543
MGG_01442T0	816	817	310.273	22.9131
MGG_06795T0	1467	1468	939	38.5923
MGG_03188T0	1111	1112	7330	397.705
MGG_13413T0	3919	3920	1103	16.9766
MGG_07273T0	2227	2228	1225.59	33.1889
MGG_12357T0	4865	4866	331	4.10409
MGG_09857T0	1423	1424	24	1.01686
MGG_02245T0	1248	1249	33	1.59409
MGG_06107T0	1208	1209	2790	139.232
MGG_11947T0	189	190	0	0
MGG_06023T0	1395	1396	283	12.231
MGG_01893T0	1647	1648	1204.79	44.1077
MGG_17914T0	183	184	5	1.63951
MGG_13692T0	261	262	0	0
MGG_16297T0	519	520	2	0.232053
MGG_08285T0	7083	7084	122	1.03906
MGG_04902T0	1310	1311	169.54	7.80243
MGG_17177T0	168	169	5	1.78503
MGG_01732T0	1933	1934	1725	53.8138
MGG_14685T0	543	544	64	7.09811
MGG_12891T0	1446	1447	23	0.959005
MGG_16549T0	687	688	438.252	38.4324
MGG_13912T0	1724	1725	0	0
MGG_05813T0	1417	1418	473.08	20.1289
MGG_04021T0	1800	1801	1516	50.7863
MGG_03962T0	1374	1375	3486	152.963
MGG_03477T0	1089	1090	5056	279.861
MGG_10027T0	3672	3673	308	5.05931
MGG_06029T0	2978	2979	102.934	2.08473
MGG_06719T0	2586	2587	3237	75.4932
MGG_08688T0	1650	1651	330	12.0595
MGG_00592T0	2077	2078	60074	1744.22
MGG_03710T0	2541	2542	1850	43.9094
MGG_16780T0	393	394	0	0
MGG_14801T0	2412	2413	1725	43.1314
MGG_08082T0	1147	1148	1897	99.6981
MGG_16189T0	150	151	726	290.082
MGG_03440T0	1085	1086	7524	418.004
MGG_12654T0	303	304	34	6.74787
MGG_10359T0	1248	1249	3647	176.171
MGG_04920T0	1417	1418	2160	91.9049
MGG_02787T0	2209	2210	96	2.62084
MGG_00868T0	2598	2599	5	0.116071
MGG_17236T0	279	280	0	0
MGG_14055T0	1377	1378	3	0.131351
MGG_07736T0	2150	2151	896	25.1321
MGG_06828T0	1491	1492	266	10.7566
MGG_01209T0	4255	4256	2999	42.5144
MGG_13946T0	1627	1628	44.3855	1.64493
MGG_06827T0	2955	2956	679	13.8588
MGG_07302T1	2235	2236	518.254	13.984
MGG_07302T0	2436	2437	72.7463	1.80101
MGG_05341T0	3705	3706	1002	16.3126
MGG_08764T0	793	794	30.2364	2.29758
MGG_08764T1	1016	1017	119.764	7.10502
MGG_00549T0	1039	1040	2334.49	135.432
MGG_16633T0	1466	1467	85.9371	3.53437
MGG_16102T0	399	400	21.0515	3.1753
MGG_07472T0	2085	2086	795	22.994
MGG_08797T0	459	460	0	0
MGG_09332T0	1530	1531	959	37.7924
MGG_10319T0	1372	1373	1201	52.7757
MGG_08777T0	2603	2604	113	2.61818
MGG_06684T0	1943	1944	953.511	29.5931
MGG_04119T0	1608	1609	513	19.2364
MGG_17283T0	234	235	0	0
MGG_15058T0	618	619	5	0.48735
MGG_13662T0	1788	1789	198	6.67754
MGG_18113T0	174	175	0	0
MGG_07995T0	771	772	0	0
MGG_17839T0	249	250	141	34.0283
MGG_16388T0	876	877	305.307	21.0038
MGG_17949T0	393	394	16	2.45011
MGG_15730T0	471	472	27	3.4513
MGG_10157T0	2615	2616	374	8.62572
MGG_04584T0	1630	1631	2826	104.539
MGG_16927T0	791	792	1000.91	76.2487
MGG_16501T0	411	412	4	0.585766
MGG_16452T0	276	277	4	0.871248
MGG_09816T0	1271	1272	22	1.04351
MGG_09629T0	570	571	0	0
MGG_03328T0	1532	1533	535	21.0559
MGG_15061T0	846	847	1126	80.2078
MGG_02686T0	1377	1378	132	5.77944
MGG_17117T0	342	343	20	3.51801
MGG_12228T0	1182	1183	63	3.21305
MGG_09573T0	788	789	1323.6	101.215
MGG_08809T0	1828	1829	855.603	28.2241
MGG_05967T0	2575	2576	270	6.32382
MGG_15648T0	468	469	15	1.92966
MGG_02668T0	1366	1367	2949	130.157
MGG_17465T0	1713	1714	45.3052	1.59477
MGG_17882T0	413	414	4	0.582936
MGG_00972T0	1275	1276	583.927	27.6102
MGG_01856T0	1764	1765	343	11.7249
MGG_15285T0	2447	2448	1155	28.4664
MGG_00798T0	2219	2220	41.0919	1.11677
MGG_10342T0	1536	1537	11933	468.422
MGG_10590T0	3362	3363	1385	24.8476
MGG_17676T0	288	289	27	5.63673
MGG_02065T1	2490	2491	0	0
MGG_02065T0	3135	3136	140	2.69348
MGG_14774T0	912	913	249	16.4547
MGG_07792T0	1155	1156	608	31.7327
MGG_17304T0	222	223	0	0
MGG_07110T0	4032	4033	2654	39.704
MGG_00045T0	1890	1891	629	20.0688
MGG_11627T0	495	496	0	0
MGG_07888T0	1993	1994	1	0.0302577
MGG_08731T0	4032	4033	848	12.6861
MGG_08012T0	1942	1943	4225	131.194
MGG_06412T0	1826	1827	4892.16	161.556
MGG_03703T0	4321	4322	2704	37.7471
MGG_16652T0	488	489	64	7.89646
MGG_17023T0	1560	1561	0	0
MGG_08773T0	2083	2084	97	2.80825
MGG_05235T0	1790	1791	3072	103.487
MGG_05591T0	510	511	1	0.11807
MGG_06157T0	2459	2460	629	15.4268
MGG_02612T0	1562	1563	10687	412.533
MGG_03302T0	2963	2964	730	14.8596
MGG_08965T0	1737	1738	9.30109	0.322883
MGG_05709T0	4239	4240	8132	115.716
MGG_16062T0	450	451	0	0
MGG_16255T0	237	238	5	1.26752
MGG_03338T0	961	962	11	0.689889
MGG_11237T0	423	424	304	43.2583
MGG_07038T0	1019	1020	1009	59.6832
MGG_09292T0	1911	1912	2651.47	83.6682
MGG_03864T0	3642	3643	925.915	15.3346
MGG_00232T0	150	151	0	0
MGG_08868T0	1275	1276	671.734	31.762
MGG_05298T0	2661	2662	1263	28.6257
MGG_16492T0	1074	1075	0	0
MGG_04651T0	1794	1795	768	25.8142
MGG_06402T0	1236	1237	1174.86	57.3031
MGG_01877T0	1479	1480	68	2.7721
MGG_00968T0	852	853	5414	382.94
MGG_16905T0	2563	2564	740	17.4131
MGG_09812T0	1821	1822	8	0.264913
MGG_02408T0	3877	3878	1847	28.7356
MGG_12690T0	402	403	0	0
MGG_01743T0	2101	2102	4543	130.398
MGG_16546T0	381	382	1	0.157942
MGG_02391T0	1903	1904	2035	64.485
MGG_17383T0	192	193	7	2.18828
MGG_05284T0	5132	5133	2490	29.2678
MGG_05062T0	1780	1781	1463	49.5612
MGG_17875T0	210	211	0	0
MGG_17827T0	1800	1801	851	28.5087
MGG_13404T0	1254	1255	1023	49.1805
MGG_00931T0	2214	2215	32.3834	0.882084
MGG_02027T0	3255	3256	0	0
MGG_02114T0	2439	2440	851	21.0427
MGG_08496T0	1371	1372	0	0
MGG_05351T0	1266	1267	6036	287.431
MGG_11650T0	603	604	2	0.199781
MGG_14266T0	1735	1736	5690	197.753
MGG_04187T0	1485	1486	1360.23	55.2275
MGG_03583T0	2534	2535	772.272	18.3804
MGG_15240T0	318	319	13	2.45875
MGG_11244T0	1085	1086	1604.87	89.16
MGG_05994T0	4700	4701	178.44	2.29015
MGG_16606T0	471	472	0	0
MGG_17929T0	375	376	24	3.8511
MGG_00531T0	2734	2735	197	4.34581
MGG_10036T0	1881	1882	5	0.160292
MGG_17802T0	1687	1688	850	30.3814
MGG_16454T1	341	342	2.73168	0.481909
MGG_16454T0	432	433	1.26832	0.176727
MGG_00439T0	1757	1758	1791	61.4664
MGG_01139T0	1839	1840	675	22.1334
MGG_15299T0	2125	2126	16	0.454065
MGG_13269T0	1595	1596	6335	239.483
MGG_15756T0	336	337	15	2.68548
MGG_01861T0	1291	1292	205	9.5731
MGG_05854T0	1656	1657	0	0
MGG_01626T0	1476	1477	67	2.73688
MGG_09283T0	3038	3039	1512.2	30.0221
MGG_16583T0	222	223	0	0
MGG_04471T0	1644	1645	679	24.9038
MGG_03390T0	2183	2184	376	10.3872
MGG_17968T0	216	217	29	8.06306
MGG_09530T0	1724	1725	1676.9	58.6516
MGG_17979T0	1162	1163	2449.31	127.065
MGG_07877T0	2464	2465	823	20.1439
MGG_07280T0	2226	2227	2669	72.3086
MGG_04995T0	5747	5748	969	10.1711
MGG_06355T0	4085	4086	1619	23.9062
MGG_00837T0	3116	3117	3380	65.4246
MGG_00141T0	4962	4963	3875	47.1074
MGG_02416T0	3027	3028	1306	26.0225
MGG_16773T0	424	425	16	2.27139
MGG_07440T0	2556	2557	202	4.76631
MGG_06472T0	1264	1265	3121.7	148.889
MGG_09363T0	2941	2942	658	13.4941
MGG_02454T0	1911	1912	1045	32.9754
MGG_01279T0	4801	4802	5945	74.6949
MGG_06722T0	2041	2042	8963	264.825
MGG_01342T0	4239	4240	2846	40.4977
MGG_10124T0	1615	1616	483	18.033
MGG_09931T0	4878	4879	1748	21.6158
MGG_06893T0	2746	2747	3180	69.8441
MGG_12967T0	1329	1330	74	3.35692
MGG_08100T0	1414	1415	431	18.3773
MGG_04494T0	3455	3456	1408	24.5805
MGG_01026T0	2084	2085	13197	381.883
MGG_17678T0	3688	3689	1384	22.6354
MGG_05041T0	1959	1960	122	3.75548
MGG_13697T0	1600	1601	161	6.06731
MGG_12765T0	1348	1349	181	8.09521
MGG_10402T0	1959	1960	5	0.153913
MGG_07548T0	1116	1117	0	0
MGG_06146T0	2504	2505	1579	38.0308
MGG_04756T0	1940	1941	1151	35.7776
MGG_12369T0	3163	3164	948	18.0773
MGG_03022T0	1553	1554	108	4.19309
MGG_00253T0	2090	2091	393	11.3397
MGG_08259T0	3516	3517	2418	41.4806
MGG_05769T0	2130	2131	63	1.78369
MGG_12108T0	2578	2579	3327	77.8328
MGG_05889T0	2662	2663	2317	52.4948
MGG_05747T0	946	947	6	0.382263
MGG_09397T0	432	433	3	0.418018
MGG_08758T0	2257	2258	2342	62.5784
MGG_03319T0	5695	5696	5595.98	59.2744
MGG_02771T0	2774	2775	3064.95	66.6379
MGG_09355T0	6555	6556	3599	33.1211
MGG_05592T0	1626	1627	336	12.4599
MGG_17197T0	881	882	58	3.96754
MGG_16387T0	402	403	0	0
MGG_05993T0	2921	2922	689.56	14.2381
MGG_01683T0	1444	1445	1285.38	53.6692
MGG_10293T0	1848	1849	27.6561	0.902432
MGG_10277T0	5071	5072	9	0.107059
MGG_06826T0	775	776	55	4.27624
MGG_16277T0	3684	3685	2667	43.6664
MGG_15568T0	351	352	0	0
MGG_07632T0	1266	1267	43.6463	2.07842
MGG_02990T0	423	424	0	0
MGG_00401T0	795	796	11	0.83376
MGG_16555T0	1128	1129	15.9014	0.849773
MGG_04105T0	831	832	18273	1325.1
MGG_18098T0	4249	4250	82.2538	1.16769
MGG_16896T0	607	608	17.454	1.73202
MGG_03138T0	4218	4219	1415	20.2352
MGG_05618T0	3451	3452	1280.95	22.3884
MGG_05437T0	733	734	226	18.5769
MGG_07156T0	2859	2860	1061	22.3826
MGG_00934T0	3658	3659	948.716	15.6435
MGG_17226T0	279	280	0	0
MGG_09049T0	686	687	0	0
MGG_04662T0	1610	1611	255.875	9.58281
MGG_11728T0	971	972	798	49.5334
MGG_11533T0	1656	1657	384	13.982
MGG_08812T0	720	721	459	38.4095
MGG_12268T0	3081	3082	2132	41.7365
MGG_17829T0	1584	1585	266	10.1254
MGG_00033T0	1605	1606	9	0.33811
MGG_07520T0	1080	1081	3	0.167439
MGG_00532T0	2432	2433	803	19.9129
MGG_11231T0	3581	3582	163	2.74551
MGG_13349T0	1668	1669	1111.48	40.1797
MGG_09099T0	1005	1006	16	0.959585
MGG_01708T0	1932	1933	721.545	22.5213
MGG_07557T0	937	938	152	9.77692
MGG_00805T0	4226	4227	2483.03	35.4414
MGG_16949T0	201	202	0	0
MGG_06195T0	2615	2616	1770	40.8222
MGG_05387T0	431	432	0	0
MGG_05387T1	898	899	0	0
MGG_16969T0	1548	1549	1150.83	44.825
MGG_03988T0	1798	1799	1003	33.6381
MGG_10306T0	1202	1203	5396	270.625
MGG_14756T0	1194	1195	619.278	31.2665
MGG_15112T0	414	415	13	1.88998
MGG_03415T0	3300	3301	172	3.14372
MGG_10957T0	1718	1719	6296	220.979
MGG_06728T0	2565	2566	1618.76	38.0615
MGG_08349T0	1257	1258	95	4.55622
MGG_15766T0	189	190	5	1.58773
MGG_07369T0	1236	1237	526	25.6553
MGG_17412T0	324	325	6	1.11386
MGG_03233T0	2046	2047	1045.76	30.823
MGG_16465T0	2387	2388	56	1.41487
MGG_01795T0	4116	4117	2266	33.2078
MGG_02063T0	790	791	0	0
MGG_12506T0	1677	1678	148	5.32146
MGG_03090T0	2357	2358	764	19.5484
MGG_01060T0	1340	1341	167.066	7.5166
MGG_15906T0	2396	2397	156.371	3.93594
MGG_11257T0	1291	1292	665.367	31.0713
MGG_10854T0	1757	1758	3428	117.648
MGG_06755T0	3364	3365	1832	32.8475
MGG_01235T0	2068	2069	2617	76.3141
MGG_15338T0	303	304	11	2.18313
MGG_10896T0	1829	1830	12	0.395632
MGG_06569T0	3942	3943	2338	35.775
MGG_06747T0	1399	1400	4142	178.502
MGG_05522T0	1437	1438	686.693	28.8114
MGG_14882T0	1269	1270	71	3.373
MGG_08843T0	3292	3293	4412	80.8361
MGG_05111T0	2731	2732	3560	78.6196
MGG_14717T0	1217	1218	492.22	24.3822
MGG_03623T0	1005	1006	44	2.63886
MGG_06731T0	1231	1232	867.18	42.4678
MGG_12466T0	714	715	690.913	58.3014
MGG_09183T0	438	439	22	3.02357
MGG_06777T0	1797	1798	217	7.28168
MGG_15878T0	543	544	79	8.76172
MGG_11400T0	2104	2105	663	19.003
MGG_06868T0	2646	2647	3259	74.2834
MGG_02241T0	949	950	416	26.4199
MGG_10529T0	2832	2833	1380	29.3896
MGG_13904T0	312	313	0	0
MGG_08145T0	1444	1445	2699.57	112.717
MGG_04643T0	2015	2016	411	12.3002
MGG_00054T0	1509	1510	6799	271.662
MGG_15216T0	900	901	12	0.803559
MGG_00947T0	1496	1497	8901.79	358.771
MGG_02103T0	938	939	1091	70.1004
MGG_02516T0	2010	2011	1970	59.1038
MGG_09463T0	1503	1504	474	19.0148
MGG_07286T0	2939	2940	966	19.824
MGG_02000T0	1997	1998	297.722	8.99034
MGG_08657T0	624	625	1	0.0965342
MGG_14589T0	552	553	0	0
MGG_06542T0	2018	2019	196	5.85708
MGG_06479T0	393	394	4969	760.911
MGG_10968T0	372	373	0	0
MGG_10126T0	2685	2686	10790.8	242.387
MGG_00292T0	1250	1251	10	0.482285
MGG_15992T0	726	727	1	0.0829902
MGG_10481T0	5382	5383	0	0
MGG_10481T1	5709	5710	102	1.07777
MGG_08823T0	2374	2375	3678	93.435
MGG_00800T0	3340	3341	5465	98.6904
MGG_12876T0	2095	2096	693.501	19.9626
MGG_08211T0	2918	2919	872	18.0237
MGG_14917T0	1032	1033	160	9.34504
MGG_14819T0	894	895	0	0
MGG_07884T0	1026	1027	75	4.40608
MGG_06807T0	1428	1429	873	36.859
MGG_16247T0	4543	4544	228.047	3.02794
MGG_07593T0	1527	1528	2210	87.263
MGG_11610T0	529	530	1086	123.628
MGG_08041T0	852	853	976	69.0339
MGG_06397T0	5041	5042	992.982	11.8823
MGG_10308T0	1929	1930	710.898	22.2234
MGG_05318T0	2550	2551	4816	113.904
MGG_13996T0	195	196	288	88.6539
MGG_00539T0	1092	1093	10099	557.468
MGG_17046T0	258	259	129	30.0505
MGG_17026T0	1713	1714	34.1931	1.20362
MGG_12481T0	537	538	3	0.336434
MGG_03661T0	2131	2132	1058	29.9406
MGG_00904T0	1496	1497	660	26.6001
MGG_06381T0	1698	1699	493	17.5071
MGG_02950T0	933	934	151	9.7542
MGG_07424T0	1260	1261	751	35.9324
MGG_01468T0	9284	9285	1663	10.8062
MGG_17821T0	4531	4532	340.074	4.52736
MGG_07861T0	1761	1762	918	31.4339
MGG_07591T0	306	307	3	0.589582
MGG_09998T0	369	370	3	0.489194
MGG_07210T0	1775	1776	240	8.15323
MGG_16315T0	2330	2331	2097	54.2772
MGG_04317T0	2211	2212	638	17.4019
MGG_15697T0	183	184	58	19.0183
MGG_10720T0	1103	1104	2836	154.988
MGG_07561T0	3894	3895	3094	47.9263
MGG_01327T0	2305	2306	7806	204.235
MGG_09320T0	4316	4317	986	13.7802
MGG_00989T0	504	505	31	3.70366
MGG_00882T0	2809	2810	1994	42.8134
MGG_17595T0	1858	1859	229	7.4322
MGG_16085T0	228	229	0	0
MGG_09985T0	1419	1420	40	1.69955
MGG_10245T0	1039	1040	4	0.232053
MGG_07229T0	2318	2319	2536	65.9796
MGG_15809T0	1126	1127	90	4.81815
MGG_11474T0	2402	2403	3561	89.4087
MGG_15791T0	1380	1381	0	0
MGG_15249T0	1226	1227	239.058	11.7549
MGG_10049T0	1240	1241	344	16.7243
MGG_10609T0	1653	1654	553	20.1721
MGG_17689T0	2032	2033	174	5.16385
MGG_00836T0	767	768	91	7.14894
MGG_02758T0	858	859	337	23.67
MGG_16006T0	831	832	0	0
MGG_11596T0	1186	1187	568.23	28.8825
MGG_11286T0	1269	1270	326	15.4873
MGG_05335T0	879	880	673	46.1417
MGG_17645T0	486	487	0	0
MGG_06709T0	3287	3288	3182	58.3888
MGG_08798T0	666	667	0	0
MGG_15986T0	981	982	129.395	7.94998
MGG_15986T1	958	959	500.661	31.4982
MGG_04694T0	944	945	1008	64.3562
MGG_04090T0	2861	2862	4871.75	102.701
MGG_02619T0	3746	3747	1017	16.3757
MGG_03980T0	1181	1182	1454.22	74.2293
MGG_06910T0	2755	2756	4337	94.9449
MGG_09298T0	977	978	342.854	21.151
MGG_12366T0	752	753	43.5943	3.49298
MGG_03267T0	1826	1827	1125.74	37.1758
MGG_11741T0	3086	3087	93	1.81764
MGG_18136T0	1335	1336	200	9.03202
MGG_03495T0	960	961	162	10.1708
MGG_03311T0	2148	2149	728	20.4388
MGG_10367T0	798	799	15	1.13268
MGG_06263T0	2014	2015	6541.8	195.877
MGG_01825T0	2462	2463	2578	63.1509
MGG_03057T0	1389	1390	604	26.217
MGG_09456T0	1506	1507	394	15.7741
MGG_03967T0	1521	1522	95	3.76591
MGG_03604T0	874	875	1098.02	75.7119
MGG_03503T0	1069	1070	7	0.394708
MGG_14858T0	1199	1200	1112.08	55.9135
MGG_13439T0	963	964	2080	130.181
MGG_06652T0	2947	2948	474	9.7009
MGG_15297T0	1330	1331	163.017	7.38953
MGG_06490T0	666	667	13	1.17592
MGG_17682T0	933	934	222	14.3406
MGG_00080T0	621	622	118	11.446
MGG_13493T0	1978	1979	473	14.4204
MGG_16666T0	707	708	0	0
MGG_16180T0	1232	1233	10.0252	0.490559
MGG_08314T0	3570	3571	803	13.5671
MGG_01727T0	4317	4318	1782	24.8993
MGG_02308T0	1413	1414	285.737	12.1921
MGG_05587T0	2753	2754	590	12.9256
MGG_06994T0	1709	1710	27473	969.329
MGG_14369T0	177	178	126	42.7083
MGG_12397T0	2540	2541	880	20.8949
MGG_07463T0	1966	1967	540	16.5634
MGG_04964T0	1581	1582	954	36.3834
MGG_07134T1	2031	2032	886.797	26.3307
MGG_07134T0	2127	2128	728.203	20.6463
MGG_13435T0	2930	2931	1893	38.9669
MGG_10820T0	3051	3052	1072	21.192
MGG_10563T0	2473	2474	88.6173	2.16113
MGG_10563T1	2386	2387	2723.38	68.8363
MGG_13220T0	2950	2951	335.14	6.85202
MGG_13220T1	2002	2003	9443.86	284.466
MGG_03824T0	1872	1873	839	27.0262
MGG_00943T0	2029	2030	3340	99.2686
MGG_01088T0	2301	2302	2520	66.0475
MGG_05888T0	1989	1990	2997	90.8647
MGG_16483T0	660	661	190.173	17.3584
MGG_03512T0	1548	1549	1889	73.577
MGG_08810T0	3205	3206	3801.82	71.5467
MGG_05270T0	1812	1813	1998	66.4904
MGG_03868T0	1012	1013	2216	131.984
MGG_17680T0	767	768	433	34.0164
MGG_01845T0	399	400	2386	359.892
MGG_17624T0	378	379	5	0.795962
MGG_03460T0	1065	1066	59	3.33931
MGG_11908T0	1497	1498	1344	54.1313
MGG_02892T0	2921	2922	1331	27.4827
MGG_01380T0	1293	1294	2775	129.387
MGG_01452T0	3746	3747	1648	26.536
MGG_12551T0	987	988	1	0.0610667
MGG_09784T0	6044	6045	1998	19.9416
MGG_05231T0	915	916	951	62.6392
MGG_02757T0	3704	3705	1128	18.3689
MGG_01900T0	444	445	15	2.03373
MGG_08462T0	1857	1858	841	27.3094
MGG_03966T0	3524	3525	173	2.96107
MGG_17486T0	4306	4307	22212	311.153
MGG_15927T0	1755	1756	2412	82.8732
MGG_13868T0	348	349	13.3043	2.30001
MGG_10231T0	312	313	4	0.77104
MGG_16382T0	861	862	78	5.45945
MGG_17354T0	183	184	0	0
MGG_07662T0	1938	1939	25	0.7779
MGG_05899T0	3392	3393	1430	25.4281
MGG_09073T0	2935	2936	142	2.91806
MGG_17739T0	174	175	0	0
MGG_03541T0	258	259	33	7.68733
MGG_16529T0	228	229	7	1.84427
MGG_07146T0	3099	3100	2332	45.3867
MGG_12291T0	2465	2466	61	1.49244
MGG_08353T0	510	511	99	11.689
MGG_10583T0	1817	1818	4217	139.949
MGG_17647T0	318	319	220.674	41.7371
MGG_08576T0	327	328	1	0.183945
MGG_08981T0	1233	1234	303	14.8146
MGG_10506T0	1782	1783	1554	52.5849
MGG_06413T0	1880	1881	391.838	12.5684
MGG_02728T0	2088	2089	3063	88.4647
MGG_17508T0	1795	1796	15	0.503902
MGG_08037T0	810	811	128	9.52249
MGG_18093T0	252	253	0	0
MGG_00356T0	4131	4132	2500	36.5041
MGG_11502T0	2088	2089	607	17.5312
MGG_16681T0	1285	1286	884	41.4737
MGG_06260T0	3178	3179	715	13.5699
MGG_15920T0	141	142	1	0.424887
MGG_06857T0	1994	1995	3300	99.8004
MGG_04318T0	898	899	66	4.42941
MGG_15918T0	303	304	21.6649	4.29977
MGG_15353T0	2154	2155	63	1.76382
MGG_17895T0	1872	1873	118	3.80107
MGG_16962T0	390	391	43	6.63519
MGG_04358T0	1553	1554	1024	39.7567
MGG_00184T0	3615	3616	1875	31.2849
MGG_07954T0	1017	1018	156	9.24567
MGG_09527T0	2242	2243	26539	713.866
MGG_15509T0	1831	1832	211.286	6.95836
MGG_02980T0	3436	3437	610.388	10.7149
MGG_04992T0	3942	3943	28	0.428443
MGG_02507T0	2810	2811	1176	25.2411
MGG_08339T0	2534	2535	547.014	13.0191
MGG_17774T0	372	373	0	0
MGG_16813T0	1417	1418	14	0.59568
MGG_04433T0	4790	4791	9644	121.449
MGG_16211T0	1407	1408	235.361	10.0854
MGG_00926T0	3785	3786	2203	35.1071
MGG_01331T0	2888	2889	773	16.1433
MGG_09529T0	678	679	1057.1	93.9306
MGG_16556T0	676	677	1207	107.567
MGG_13993T0	1213	1214	112	5.56622
MGG_07498T0	1503	1504	90	3.61041
MGG_06738T0	1727	1728	1804	62.9875
MGG_15396T0	1255	1256	411.843	19.7835
MGG_04142T0	1667	1668	798.998	28.9009
MGG_10327T0	2688	2689	1287.81	28.895
MGG_04110T0	1224	1225	1605	79.0497
MGG_07868T0	1628	1629	10	0.370374
MGG_04146T0	2436	2437	685	16.9589
MGG_03872T0	2714	2715	352	7.8223
MGG_08834T0	941	942	5717	366.167
MGG_16653T0	465	466	0	0
MGG_03436T0	767	768	7295.54	573.136
MGG_17941T0	373	374	0	0
MGG_14938T0	150	151	0	0
MGG_00824T0	2177	2178	3	0.0831045
MGG_07216T0	1048	1049	6292	361.888
MGG_17312T0	815	816	50	3.69693
MGG_02798T0	831	832	833	60.4064
MGG_00149T0	3183	3184	7039.99	133.401
MGG_00738T0	1355	1356	184	8.1869
MGG_02885T0	1053	1054	16	0.915885
MGG_08917T0	2489	2490	10739	260.211
MGG_14699T0	3461	3462	176	3.06723
MGG_11256T0	2145	2146	1055.63	29.6787
MGG_08190T0	1687	1688	4777.71	170.769
MGG_07886T0	288	289	0	0
MGG_10833T0	4392	4393	989	13.583
MGG_08609T0	567	568	0	0
MGG_10368T0	903	904	0	0
MGG_17445T0	393	394	6	0.91879
MGG_01841T0	1661	1662	103	3.7391
MGG_08049T0	2561	2562	449	10.5737
MGG_01205T0	2686	2687	1295	29.0779
MGG_16286T0	2696	2697	1532	34.272
MGG_13834T0	1566	1567	461	17.7498
MGG_15595T0	165	166	0	0
MGG_11389T0	1846	1847	547	17.8682
MGG_04180T0	2183	2184	1300.79	35.935
MGG_17075T0	1053	1054	13	0.744156
MGG_16801T0	549	550	16	1.75517
MGG_14728T0	2583	2584	4747.27	110.844
MGG_06277T0	3327	3328	2804	50.8342
MGG_02893T0	465	466	129	16.7019
MGG_09063T0	2753	2754	6894	151.032
MGG_14684T0	183	184	20	6.55803
MGG_06891T0	1191	1192	85	4.30233
MGG_03606T0	2171	2172	454.878	12.6356
MGG_15674T0	240	241	3	0.751044
MGG_05831T0	576	577	8	0.836518
MGG_05198T0	3047	3048	1989	39.3714
MGG_07148T0	1654	1655	3772	137.51
MGG_04012T0	1934	1935	2283	71.1846
MGG_08380T0	1062	1063	273	15.495
MGG_04779T0	876	877	1902	130.85
MGG_05949T0	1542	1543	5468	213.808
MGG_07367T0	1361	1362	922	40.8428
MGG_01620T0	2766	2767	5411	117.986
MGG_01029T0	2463	2464	8121	198.852
MGG_15779T0	366	367	9	1.47958
MGG_08105T0	3330	3331	1296	23.4743
MGG_03638T0	1999	2000	1058	31.9166
MGG_16821T0	177	178	5	1.69477
MGG_02622T0	1842	1843	2701	88.4221
MGG_00865T0	7323	7324	13539	111.532
MGG_06745T0	1466	1467	594	24.4297
MGG_04455T0	953	954	6301	398.495
MGG_13582T0	1432	1433	1	0.0421032
MGG_06465T0	5210	5211	743	8.60259
MGG_17158T0	303	304	0	0
MGG_07191T0	1698	1699	1024	36.3637
MGG_05792T0	360	361	85	14.206
MGG_17610T0	705	706	204.457	17.4727
MGG_04708T1	3834	3835	1432.79	22.5412
MGG_04708T0	3909	3910	4112.21	63.4542
MGG_10130T0	468	469	3	0.385931
MGG_00271T0	1288	1289	948.671	44.4042
MGG_00271T1	1294	1295	2239.44	104.335
MGG_00267T0	309	310	0	0
MGG_02418T0	3107	3108	2112	40.9991
MGG_15204T0	1023	1024	15	0.883797
MGG_11185T0	2819	2820	1818	38.8961
MGG_10938T0	1605	1606	148	5.56004
MGG_10062T0	1254	1255	2	0.0961496
MGG_00656T0	2475	2476	726	17.6908
MGG_01405T0	2808	2809	13.8432	0.297335
MGG_10271T0	3972	3973	2	0.030372
MGG_00908T0	2028	2029	3412	101.458
MGG_03696T0	2366	2367	4735.46	120.705
MGG_15533T0	216	217	34	9.45324
MGG_10073T0	318	319	0	0
MGG_10912T0	8104	8105	2	0.0148881
MGG_01480T0	769	770	529	41.4502
MGG_01211T0	1434	1435	10	0.420445
MGG_02827T0	1683	1684	134	4.80092
MGG_08307T0	2200	2201	7375	202.164
MGG_07288T0	3715	3716	2537	41.1914
MGG_09253T0	932	933	1345.12	86.9842
MGG_05958T0	1379	1380	511.76	22.3742
MGG_15966T0	270	271	0	0
MGG_11047T0	3725	3726	264	4.27487
MGG_04598T0	384	385	40	6.26846
MGG_01378T0	6363	6364	4042	38.3202
MGG_17450T0	2063	2064	11820	345.517
MGG_04661T0	2405	2406	1419	35.5835
MGG_05247T0	3723	3724	18923	306.578
MGG_02650T0	2017	2018	6	0.179387
MGG_17957T0	318	319	37	6.99798
MGG_17743T0	1394	1395	729	31.5293
MGG_17730T0	4171	4172	1169.89	16.9185
MGG_07116T0	8622	8623	1618.87	11.327
MGG_17422T0	267	268	18	4.05228
MGG_15286T0	276	277	55	11.9797
MGG_06417T0	2071	2072	1044	30.3999
MGG_05367T0	2577	2578	2221	51.9789
MGG_04100T0	6184	6185	1694	16.5248
MGG_01123T0	4087	4088	839.689	12.3928
MGG_15917T0	366	367	0	0
MGG_10019T0	1695	1696	1246	44.3255
MGG_17918T0	519	520	0	0
MGG_02060T0	1338	1339	0	0
MGG_08541T0	1658	1659	9	0.327309
MGG_06976T0	684	685	3	0.264236
MGG_03569T0	2572	2573	4846	113.633
MGG_02256T0	1472	1473	3156	129.269
MGG_14135T0	1494	1495	112	4.52
MGG_11730T0	973	974	171	10.5925
MGG_09305T0	1572	1573	1	0.0383559
MGG_16037T0	261	262	2	0.460564
MGG_08866T0	2624	2625	6499	149.375
MGG_01983T0	2057	2058	5	0.146584
MGG_07963T0	2819	2820	1700	36.3715
MGG_00580T0	630	631	0	0
MGG_07705T0	7599	7600	2700	21.4344
MGG_07470T0	2457	2458	1702	41.7772
MGG_07919T0	693	694	1	0.0869364
MGG_17824T0	1196	1197	502.535	25.3299
MGG_03932T0	1545	1546	1183.16	46.1736
MGG_07812T0	768	769	5	0.392288
MGG_10361T0	792	793	152	11.5646
MGG_11098T0	1719	1720	0	0
MGG_04560T0	2275	2276	4217.99	111.814
MGG_12523T0	3498	3499	10645	183.554
MGG_08750T0	1387	1388	203	8.82405
MGG_01350T0	3415	3416	126	2.22543
MGG_09014T0	1611	1612	32551	1218.32
MGG_03698T0	1970	1971	725	22.1928
MGG_16485T0	261	262	2	0.460564
MGG_06634T0	3162	3163	1146	21.8598
MGG_01588T0	1533	1534	9231	363.065
MGG_03678T0	2517	2518	757.016	18.1389
MGG_05972T0	681	682	0	0
MGG_12158T0	4982	4983	2268	27.4608
MGG_09506T0	3008	3009	3121	62.5796
MGG_01485T0	3648	3649	2251	37.2189
MGG_11776T0	1497	1498	5812	234.086
MGG_13994T0	3014	3015	471.775	9.44081
MGG_02716T0	8456	8457	4081.31	29.1169
MGG_11907T0	2215	2216	2084	56.74
MGG_04351T0	1411	1412	851.208	36.3716
MGG_05314T0	2033	2034	1102.9	32.715
MGG_10604T0	518	519	2342	272.258
MGG_05756T0	2501	2502	1071.4	25.836
MGG_06154T0	1737	1738	8580	297.851
MGG_08830T0	1373	1374	6633	291.263
MGG_03636T0	1415	1416	180	7.66956
MGG_04026T0	1375	1376	436	19.1174
MGG_04837T0	2075	2076	1229	35.7179
MGG_17035T3	4787	4788	260.062	3.27705
MGG_17035T0	3780	3781	269.206	4.29575
MGG_17035T2	3784	3785	1328.83	21.1819
MGG_17035T1	4479	4480	1724.55	23.2252
MGG_06007T0	1569	1570	285	10.9523
MGG_15146T0	1800	1801	902	30.2172
MGG_06459T0	3559	3560	4679.19	79.3015
MGG_01364T0	3036	3037	1155	22.9456
MGG_04531T0	2282	2283	664	17.5478
MGG_15235T0	491	492	28	3.43364
MGG_00139T0	2794	2795	3181.73	68.6821
MGG_16487T0	544	545	29	3.21043
MGG_10898T0	1317	1318	23.458	1.07383
MGG_04928T0	690	691	18.0918	1.57966
MGG_01428T0	1926	1927	2145.43	67.173
MGG_15344T0	5163	5164	633	7.39569
MGG_09373T0	3052	3053	1565	30.9278
MGG_09773T0	1494	1495	62.157	2.50848
MGG_07924T0	1701	1702	316	11.2018
MGG_17859T0	327	328	0	0
MGG_00423T0	1107	1108	0	0
MGG_06716T0	658	659	237	21.6982
MGG_02689T0	2700	2701	1512	33.7745
MGG_09951T0	1551	1552	251.751	9.7868
MGG_06588T0	2330	2331	104	2.69186
MGG_17282T0	833	834	17	1.22983
MGG_08450T0	2502	2503	15152	365.233
MGG_01047T0	2049	2050	680	20.0132
MGG_03170T0	2871	2872	992	20.8396
MGG_04937T0	507	508	112	13.302
MGG_15868T0	1692	1693	3938	140.339
MGG_06878T0	3234	3235	1881	35.0813
MGG_05354T0	1065	1066	123	6.9616
MGG_02803T0	587	588	513	52.6382
MGG_01243T0	1748	1749	983	33.9098
MGG_13277T0	858	859	179	12.5725
MGG_09276T0	2998	2999	384	7.72531
MGG_09474T0	504	505	28	3.34525
MGG_00170T0	1589	1590	3870	146.85
MGG_05037T0	1131	1132	28	1.49236
MGG_05175T0	1580	1581	285	10.8761
MGG_03140T0	3448	3449	340	5.94767
MGG_14760T0	620	621	4	0.388624
MGG_09555T0	2604	2605	705	16.3284
MGG_06035T0	657	658	2995	274.62
MGG_17294T0	1449	1450	13.5374	0.563287
MGG_06254T0	3848	3849	811	12.7126
MGG_17795T0	2556	2557	683	16.1158
MGG_10113T0	1032	1033	0	0
MGG_06794T0	1815	1816	147	4.88386
MGG_08936T0	4286	4287	573.657	8.07347
MGG_16011T0	177	178	3	1.01686
MGG_07732T0	1725	1726	175	6.11728
MGG_02958T0	3813	3814	3981	62.9757
MGG_08401T0	690	691	0	0
MGG_03172T0	2127	2128	681	19.308
MGG_13261T0	1843	1844	52.855	1.72937
MGG_06930T0	2362	2363	2618.74	66.8636
MGG_17931T0	368	369	6	0.981039
MGG_09212T0	1881	1882	594.683	19.0646
MGG_18138T0	459	460	859	112.667
MGG_05468T0	1761	1762	0	0
MGG_04957T0	4265	4266	1489	21.0589
MGG_11925T0	3773	3774	133	2.12623
MGG_08361T0	1587	1588	118	4.48325
MGG_03094T0	2191	2192	489.178	13.4644
MGG_03463T0	3302	3303	1749	31.9479
MGG_00578T0	2015	2016	133	3.98036
MGG_02335T0	891	892	9	0.60875
MGG_16588T0	258	259	0	0
MGG_10409T0	1092	1093	345	19.0441
MGG_06659T0	1614	1615	741.058	27.6848
MGG_03223T0	7260	7261	793.935	6.59705
MGG_05699T0	3971	3972	2907	44.1568
MGG_16625T0	219	220	0	0
MGG_17758T0	456	457	0	0
MGG_11496T0	1913	1914	419	13.2079
MGG_01178T0	3161	3162	1132	21.5996
MGG_05832T0	1236	1237	3	0.146323
MGG_01258T0	3210	3211	1496.13	28.1119
MGG_02244T1	1351	1352	544.839	24.3138
MGG_02244T0	1485	1486	2.19502	0.089121
MGG_05713T0	2220	2221	3159	85.8148
MGG_15712T0	589	590	16	1.63617
MGG_02866T0	3207	3208	1348.34	25.3588
MGG_01790T0	1991	1992	1479	44.7961
MGG_00874T0	663	664	109	9.90421
MGG_03947T0	2918	2919	6774	140.014
MGG_04156T0	2085	2086	4681	135.39
MGG_06648T0	3641	3642	2243	37.1579
MGG_16357T0	264	265	0	0
MGG_04320T0	2239	2240	500.538	13.4819
MGG_01063T0	3446	3447	2083	36.4594
MGG_06256T0	2392	2393	1988	50.1228
MGG_03691T0	1147	1148	13394	703.93
MGG_10993T0	1900	1901	930	29.5163
MGG_05577T0	1986	1987	49	1.48785
MGG_09444T0	1320	1321	100	4.56729
MGG_07165T0	1237	1238	2369	115.453
MGG_11786T0	2262	2263	613	16.3432
MGG_06800T0	897	898	11	0.739057
MGG_09531T0	3489	3490	2942	50.8603
MGG_07091T0	4069	4070	389.435	5.77301
MGG_01609T0	996	997	50045.2	3028.51
MGG_02435T0	1191	1192	1685	85.2874
MGG_12603T0	1278	1279	592	27.9262
MGG_06742T0	2951	2952	2081	42.5321
MGG_15154T0	492	493	8286	1014.05
MGG_05968T0	1710	1711	49.8488	1.75779
MGG_01399T0	753	754	135	10.8025
MGG_08232T0	1182	1183	1201.5	61.2774
MGG_17944T0	780	781	589	45.5015
MGG_04464T0	3222	3223	4605	86.2047
MGG_08230T0	402	403	0	0
MGG_16171T0	564	565	0.5	0.0533928
MGG_08890T0	2469	2470	83	2.02741
MGG_01539T0	213	214	2324	655.215
MGG_09518T0	3323	3324	4013	72.8399
MGG_02920T0	1821	1822	1182	39.1409
MGG_11649T0	3780	3781	3859	61.5786
MGG_16377T0	2784	2785	857	18.5659
MGG_16476T0	516	517	0	0
MGG_18021T0	1166	1167	1669.78	86.3276
MGG_18021T1	1216	1217	984.141	48.7897
MGG_14324T0	2971	2972	69	1.40075
MGG_13043T0	255	256	0	0
MGG_04996T0	2767	2768	517.141	11.2721
MGG_05723T0	2485	2486	217	5.26647
MGG_01703T0	3421	3422	6275	110.636
MGG_09416T0	1152	1153	86	4.50019
MGG_15655T0	833	834	112	8.10239
MGG_01113T0	995	996	7810	473.1
MGG_05659T0	3975	3976	317.601	4.81945
MGG_02481T0	3947	3948	9611	146.877
MGG_10420T0	2473	2474	564	13.7544
MGG_14764T0	9432	9433	337	2.15547
MGG_04934T0	3397	3398	479	8.50498
MGG_05105T0	954	955	210	13.2671
MGG_17942T0	3429	3430	2052	36.0948
MGG_16299T0	5068	5069	1462	17.4015
MGG_00321T0	1005	1006	32	1.91917
MGG_00924T0	4391	4392	2761	37.9285
MGG_02810T0	4454	4455	216	2.92528
MGG_04739T0	3696	3697	2202	35.936
MGG_18045T0	264	265	39	8.87933
MGG_00840T0	2126	2127	945	26.8056
MGG_01888T0	2008	2009	118	3.54375
MGG_00261T0	3275	3276	3481	64.1094
MGG_01382T0	1516	1517	387	15.3917
MGG_02671T0	1494	1495	1195	48.2268
MGG_14727T0	1182	1183	1201.5	61.2774
MGG_13149T0	3718	3719	3601	58.4196
MGG_08379T0	1542	1543	62	2.4243
MGG_05934T0	2717	2718	1564	34.7175
MGG_06446T0	2255	2256	1557	41.64
MGG_03642T0	1693	1694	169.235	6.0275
MGG_03998T0	1394	1395	244.675	10.5822
MGG_06991T0	2122	2123	20799.3	591.099
MGG_01705T0	1823	1824	651	21.5336
MGG_08759T0	1233	1234	36	1.76015
MGG_05698T0	1068	1069	609	34.3717
MGG_01537T0	7517	7518	2287	18.3538
MGG_12231T0	1494	1495	0	0
MGG_06214T0	4184	4185	2314	33.3602
MGG_16106T0	571	572	32	3.37532
MGG_14948T0	858	859	312	21.9141
MGG_02313T0	9897	9898	0	0
MGG_05427T0	1313	1314	2422	111.209
MGG_03896T0	1446	1447	542	22.5992
MGG_16165T0	237	238	0	0
MGG_14560T0	393	394	6	0.91879
MGG_12676T0	1149	1150	2	0.104929
MGG_07024T0	735	736	615	50.4149
MGG_17671T0	1006	1007	84	5.03282
MGG_08177T0	2043	2044	801	23.6436
MGG_09955T0	1131	1132	1623	86.5035
MGG_09846T0	3220	3221	417	7.811
MGG_09346T0	756	757	359	28.6128
MGG_14349T0	1753	1754	270	9.28743
MGG_06657T0	882	883	11006	752.021
MGG_16200T0	270	271	0	0
MGG_15569T0	520	521	63	7.29565
MGG_18043T0	1233	1234	0	0
MGG_07913T0	5566	5567	1915	20.7543
MGG_08428T0	336	337	291	52.0984
MGG_00298T0	1530	1531	341	13.4382
MGG_04448T0	1204	1205	228.668	11.4493
MGG_00013T0	528	529	0	0
MGG_09240T0	2637	2638	1629	37.257
MGG_08682T0	684	685	85	7.48669
MGG_06439T0	3496	3497	3354	57.8667
MGG_06426T0	5808	5809	1773	18.4149
MGG_00318T0	3121	3122	2484	48.0043
MGG_12400T0	505	506	8	0.953896
MGG_07112T0	2770	2771	337	7.33761
MGG_16893T0	282	283	5	1.06597
MGG_00747T0	1687	1688	1038.5	37.1189
MGG_15896T0	216	217	0	0
MGG_16150T0	225	226	6	1.60178
MGG_14575T0	2751	2752	553	12.1238
MGG_15643T0	590	591	10	1.02088
MGG_11285T0	741	742	27	2.19544
MGG_06917T0	2296	2297	5080	133.433
MGG_15741T0	573	574	63	6.62201
MGG_17741T0	204	205	4	1.17725
MGG_16014T0	765	766	0	0
MGG_04439T0	1037	1038	1989	115.611
MGG_10961T0	4338	4339	90	1.25145
MGG_05276T0	1653	1654	775	28.2701
MGG_00771T0	4841	4842	672	8.37348
MGG_13736T0	816	817	3251	240.08
MGG_00333T0	2732	2733	1469.12	32.4323
MGG_02405T0	3317	3318	4918	89.428
MGG_06903T0	1480	1481	842	34.3019
MGG_06017T0	1229	1230	1330.37	65.2574
MGG_07231T0	1501	1502	154	6.18603
MGG_06618T0	2329	2330	6107.19	158.142
MGG_14881T0	1247	1248	0	0
MGG_10333T1	1327	1328	286.647	13.023
MGG_10333T0	1897	1898	381.353	12.1225
MGG_02099T0	3460	3461	3852	67.15
MGG_17388T0	309	310	99	19.2679
MGG_09249T0	2591	2592	646	15.0369
MGG_00613T0	1615	1616	827	30.8763
MGG_02766T1	2215	2216	1134.57	30.8903
MGG_02766T0	1899	1900	581.432	18.4632
MGG_03101T0	2474	2475	1125	27.4245
MGG_04388T0	2542	2543	2234	53.0027
MGG_04843T0	3476	3477	2521	43.7451
MGG_02760T0	1109	1110	566	30.7649
MGG_12093T0	2147	2148	2563	71.9906
MGG_11468T0	1069	1070	189	10.6571
MGG_15106T0	450	451	19	2.54178
MGG_06351T0	3798	3799	1362.64	21.6407
MGG_09314T0	1438	1439	12	0.503132
MGG_17865T0	260	261	15278	3531.73
MGG_01434T0	2665	2666	2563	58.0029
MGG_01993T0	306	307	2	0.393055
MGG_14052T0	693	694	4073	354.092
MGG_07833T0	2837	2838	2485	52.8294
MGG_00126T0	3896	3897	93	1.43984
MGG_10585T0	1008	1009	44	2.63101
MGG_01337T0	2345	2346	200	5.14355
MGG_01704T0	1944	1945	1703	52.8271
MGG_08846T0	2137	2138	27	0.761934
MGG_01152T0	806	807	321.243	24.0171
MGG_01865T0	2167	2168	573	15.9462
MGG_00305T0	597	598	66	6.65893
MGG_02634T0	3110	3111	3919	76.004
MGG_15596T0	505	506	0	0
MGG_17069T0	906	907	14	0.931284
MGG_00588T0	1549	1550	892.916	34.7568
MGG_15649T0	459	460	45	5.90223
MGG_04644T0	2118	2119	525	14.9482
MGG_15332T0	276	277	4.00736	0.872851
MGG_06779T0	1071	1072	153	8.61109
MGG_16187T0	827	828	134	9.76418
MGG_09737T0	1827	1828	709	23.4008
MGG_04514T0	1952	1953	909.462	28.096
MGG_04824T0	559	560	415.792	44.797
MGG_13012T0	1116	1117	1200	64.8171
MGG_13121T0	2184	2185	526	14.5243
MGG_00523T0	2583	2584	390	9.10612
MGG_04010T0	342	343	575	101.143
MGG_17772T0	510	511	0	0
MGG_01362T0	2280	2281	1449	38.327
MGG_02398T0	4213	4214	22904	327.928
MGG_17207T0	288	289	0	0
MGG_10380T0	1869	1870	2048	66.0769
MGG_14098T0	2575	2576	17	0.398166
MGG_17507T0	814	815	6	0.444176
MGG_07006T0	1308	1309	1092.7	50.3643
MGG_17919T0	198	199	0	0
MGG_09957T0	309	310	42	8.17427
MGG_08941T0	799	800	7	0.527922
MGG_00758T0	2328	2329	1314.46	34.0518
MGG_16176T0	629	630	4.90159	0.469416
MGG_15027T0	2406	2407	624	15.6412
MGG_08426T0	1563	1564	476	18.3625
MGG_13001T0	1889	1890	657.878	21.0013
MGG_05212T0	3266	3267	834	15.402
MGG_16296T0	171	172	4	1.40311
MGG_16262T0	201	202	7	2.09078
MGG_18024T0	471	472	0	0
MGG_09464T0	1593	1594	1152	43.6039
MGG_17858T0	1448	1449	116	4.83004
MGG_09268T0	1584	1585	541	20.5935
MGG_03449T0	2418	2419	4511	112.512
MGG_05025T0	2372	2373	3664	93.1578
MGG_12612T0	1926	1927	38	1.18977
MGG_17012T0	2301	2302	0	0
MGG_14093T0	507	508	6	0.712605
MGG_15645T2	1013	1014	1391.44	82.7922
MGG_15645T0	1025	1026	1157.19	68.0483
MGG_15645T1	1334	1335	185.369	8.37756
MGG_04077T0	3039	3040	3	0.05954
MGG_17112T0	231	232	0	0
MGG_11397T0	537	538	271	30.3912
MGG_16486T0	7149	7150	15.8897	0.134082
MGG_03214T0	1544	1545	1322	51.6255
MGG_15750T0	1296	1297	58	2.69805
MGG_09162T0	2364	2365	152	3.8777
MGG_00835T0	1509	1510	3900	155.829
MGG_09404T0	2110	2111	2922.33	83.5222
MGG_17058T0	1786	1787	2209	74.5817
MGG_07187T0	7035	7036	16027	137.432
MGG_04189T0	4376	4377	729	10.0488
MGG_15591T0	516	517	25	2.9175
MGG_05419T0	2902	2903	15	0.311749
MGG_05309T0	2725	2726	2292	50.7283
MGG_14230T0	1410	1411	1382	59.0939
MGG_07018T0	874	875	1198	82.6057
MGG_03844T0	1717	1718	115	4.03865
MGG_07716T0	1823	1824	4711	155.829
MGG_05322T0	2418	2419	602.195	15.0197
MGG_15376T0	441	442	5	0.68251
MGG_00402T0	1186	1187	13	0.660776
MGG_00954T0	501	502	27	3.24505
MGG_03137T0	2830	2831	1465	31.2219
MGG_14548T0	1784	1785	79	2.67024
MGG_13360T0	1980	1981	95	2.89335
MGG_09282T0	3051	3052	387	7.65046
MGG_09297T0	1719	1720	1508	52.8974
MGG_13872T0	486	487	0	0
MGG_06496T0	4369	4370	3728	51.4702
MGG_17270T0	743	744	113.085	9.17051
MGG_14619T0	622	623	0	0
MGG_08856T0	2130	2131	2852	80.7472
MGG_01678T0	793	794	7565.64	574.892
MGG_16078T0	741	742	5	0.406563
MGG_14929T0	729	730	113	9.33936
MGG_15562T0	336	337	0	0
MGG_15074T0	900	901	349	23.3702
MGG_11879T0	1517	1518	428.123	17.016
MGG_06880T0	1681	1682	774.984	27.7989
MGG_02755T0	4513	4514	3926	52.4747
MGG_08642T0	3049	3050	469	9.27757
MGG_14901T0	2438	2439	955	23.624
MGG_16882T0	186	187	0	0
MGG_09888T0	1864	1865	923	29.8596
MGG_11781T0	1545	1546	316	12.3322
MGG_08973T0	1672	1673	367.509	13.2536
MGG_08973T1	1869	1870	70.4905	2.27431
MGG_10531T0	435	436	11	1.52219
MGG_16604T0	180	181	0	0
MGG_12868T0	1786	1787	4027.47	135.978
MGG_02908T0	2106	2107	6358	182.061
MGG_17138T0	324	325	15	2.78464
MGG_10346T0	786	787	1394	106.868
MGG_00409T0	734	735	8225	675.165
MGG_11312T0	1548	1549	3233.38	125.941
MGG_16083T0	261	262	0	0
MGG_14958T0	351	352	0	0
MGG_07089T0	2323	2324	16232	421.403
MGG_12652T0	2990	2991	1963	39.5973
MGG_09379T0	357	358	0	0
MGG_06114T0	810	811	244	18.1522
MGG_04795T0	348	349	0	0
MGG_00923T0	2107	2108	3725	106.615
MGG_15323T0	3997	3998	1928	29.0955
MGG_18118T0	686	687	45	3.952
MGG_06875T0	642	643	6078	570.31
MGG_12724T0	2466	2467	1124	27.489
MGG_01912T0	2605	2606	5	0.11576
MGG_14073T0	1791	1792	4	0.134674
MGG_00158T0	1455	1456	3	0.124314
MGG_12628T0	1365	1366	1945	85.9073
MGG_00654T0	3455	3456	915	15.9738
MGG_00178T0	1137	1138	1269	67.2792
MGG_05196T0	2730	2731	544	12.0182
MGG_00790T0	1452	1453	5986	248.561
MGG_10692T0	2314	2315	723	18.8429
MGG_16852T1	3096	3097	37.2012	0.724731
MGG_16852T0	2763	2764	353.799	7.72289
MGG_16163T0	177	178	1	0.338954
MGG_04502T0	1446	1447	1115	46.4909
MGG_06858T0	1152	1153	2811	147.093
MGG_10142T0	3868	3869	1988	31.0012
MGG_07448T0	990	991	3	0.182645
MGG_02855T0	1965	1966	795	24.3975
MGG_08261T0	3259	3260	1549	28.6679
MGG_15833T0	540	541	59	6.57985
MGG_15628T1	765	766	74.5085	5.86866
MGG_15628T0	781	782	1643.9	126.832
MGG_13744T0	1292	1293	2268	105.829
MGG_03854T0	4287	4288	481.798	6.77909
MGG_15768T0	1411	1412	376	16.0662
MGG_08776T0	2671	2672	7610	171.834
MGG_16075T0	177	178	1	0.338954
MGG_00082T0	3324	3325	635	11.5224
MGG_00933T0	2984	2985	119	2.40527
MGG_05390T0	1497	1498	3	0.120829
MGG_16710T0	1983	1984	35	1.06436
MGG_00664T0	2114	2115	789.879	22.5326
MGG_10668T0	2102	2103	1971	56.5469
MGG_08772T0	991	992	1741	105.888
MGG_02474T0	3909	3910	1472	22.7139
MGG_04815T0	923	924	58	3.78719
MGG_17297T0	369	370	0	0
MGG_17510T0	273	274	7	1.54138
MGG_15622T0	1890	1891	463.578	14.7908
MGG_00015T0	904	905	0	0
MGG_13218T0	2497	2498	817.275	19.7395
MGG_11552T0	829	830	12	0.872297
MGG_07493T0	3547	3548	2170	36.9009
MGG_07477T0	2152	2153	353.216	9.89823
MGG_06500T0	3081	3082	1452	28.4247
MGG_14969T0	2883	2884	1307	27.3427
MGG_07137T0	1745	1746	9401.6	324.877
MGG_13907T0	1743	1744	2752	95.2058
MGG_09368T0	825	826	3414	249.37
MGG_16745T0	186	187	113	36.4585
MGG_10001T0	1632	1633	7	0.258627
MGG_14424T0	204	205	0	0
MGG_09054T0	921	922	117	7.65625
MGG_08501T0	1645	1646	218	7.99076
MGG_07025T0	2407	2408	4938	123.725
MGG_08935T0	4616	4617	1087	14.2047
MGG_06362T0	1188	1189	6735	341.757
MGG_01124T0	1282	1283	1366.31	64.2516
MGG_17572T0	345	346	58	10.1138
MGG_13029T0	1205	1206	233	11.6565
MGG_07730T0	1080	1081	74	4.13016
MGG_07184T0	653	654	68	6.27325
MGG_16948T0	267	268	0	0
MGG_13985T0	450	451	14	1.87289
MGG_04673T0	1445	1446	2070	86.3701
MGG_07572T0	1926	1927	0	0
MGG_11584T0	1590	1591	9	0.341298
MGG_06422T0	3330	3331	1347	24.398
MGG_05177T0	1543	1544	490	19.1474
MGG_01482T0	1791	1792	287	9.66285
MGG_16193T0	459	460	1175	154.114
MGG_05434T0	1779	1780	737	24.9809
MGG_02508T0	887	888	424	28.8081
MGG_15497T0	450	451	0	0
MGG_05448T0	2113	2114	792	22.6038
MGG_04873T0	603	604	3246.23	324.268
MGG_17319T0	555	556	3	0.325543
MGG_15141T0	697	698	75	6.48287
MGG_09168T0	732	733	0	0
MGG_14647T0	1863	1864	323	10.4549
MGG_08531T0	834	835	0	0
MGG_07270T0	2532	2533	6260	149.108
MGG_06905T0	5485	5486	5005	55.044
MGG_00722T0	4877	4878	5839	72.2201
MGG_02188T0	1680	1681	4067	145.971
MGG_02849T0	1404	1405	1242	53.3343
MGG_18110T0	816	817	3	0.221544
MGG_08384T0	1734	1735	443	15.4051
MGG_08335T0	1540	1541	1297	50.7807
MGG_04922T0	1960	1961	183	5.63034
MGG_02923T0	3501	3502	2391	41.1931
MGG_09275T0	5908	5909	138.709	1.41629
MGG_09275T1	5269	5270	3321.29	38.024
MGG_17855T0	669	670	0	0
MGG_09075T0	830	831	921	66.8683
MGG_08488T0	2708	2709	61.4759	1.36917
MGG_16714T0	541	542	80	8.90537
MGG_15899T0	189	190	2140	679.55
MGG_07491T0	966	967	139	8.67261
MGG_09866T0	2580	2581	1019	23.8203
MGG_08914T0	3863	3864	202.601	3.16348
MGG_16400T0	2184	2185	34.6256	0.956109
MGG_01768T0	3263	3264	2896	53.5315
MGG_11809T0	3137	3138	7167	137.799
MGG_07117T1	2901	2902	6768.38	140.718
MGG_07117T0	2986	2987	814.624	16.4545
MGG_06768T0	3441	3442	5427	95.1284
MGG_02954T0	3776	3777	3686	58.8803
MGG_07782T0	788	789	518	39.6108
MGG_17901T0	1526	1527	6442	254.532
MGG_03423T0	804	805	0	0
MGG_07881T0	1024	1025	118	6.94576
MGG_00655T0	2028	2029	447	13.2919
MGG_04384T0	360	361	4	0.66852
MGG_06215T0	2232	2233	1018	27.5056
MGG_05208T0	1023	1024	962	56.6809
MGG_17593T0	286	287	4	0.840891
MGG_18076T0	426	427	0	0
MGG_09741T0	645	646	5	0.466981
MGG_02303T0	1037	1038	3366	195.649
MGG_07625T0	804	805	0	0
MGG_01517T0	1203	1204	414	20.746
MGG_03164T0	785	786	4961	380.81
MGG_01786T0	1316	1317	1532.45	70.2041
MGG_15042T0	4164	4165	861	12.4724
MGG_08407T0	321	322	0	0
MGG_01608T0	1340	1341	786.788	35.3989
MGG_03368T0	982	983	25.9463	1.59251
MGG_07478T0	2855	2856	1264	26.7024
MGG_06234T0	995	996	13	0.787491
MGG_00387T0	1477	1478	321	13.1036
MGG_15174T0	342	343	397	69.8325
MGG_16983T0	327	328	747	137.407
MGG_10742T0	1738	1739	3527	122.368
MGG_05674T0	2836	2837	3187	67.7773
MGG_18027T0	582	583	0	0
MGG_16542T0	190	191	0	0
MGG_01354T0	3728	3729	616.281	9.97121
MGG_06707T0	3032	3033	4575	91.0081
MGG_15993T0	183	184	0	0
MGG_07109T0	1504	1505	2907.93	116.576
MGG_15635T0	246	247	43	10.5035
MGG_01744T0	1060	1061	1726	98.1492
MGG_15302T0	315	316	10923	2085.53
MGG_14918T0	186	187	113	36.4585
MGG_16160T0	4261	4262	281	3.9779
MGG_15267T0	531	532	804	91.1813
MGG_17123T0	1922	1923	364	11.4205
MGG_16084T0	489	490	0	0
MGG_11036T0	3404	3405	1074	19.0304
MGG_14008T0	2072	2073	1105	32.1606
MGG_09388T0	2500	2501	19224	463.758
MGG_08655T0	1392	1393	2471	107.024
MGG_17205T0	336	337	50	8.95162
MGG_05671T0	2703	2704	4739	105.741
MGG_01098T0	774	775	565	43.9854
MGG_04490T0	1624	1625	2259	83.8734
MGG_04788T0	4014	4015	543	8.15973
MGG_10755T0	1002	1003	0	0
MGG_15331T0	2045	2046	33	0.973127
MGG_08002T0	2186	2187	446	12.304
MGG_04016T0	2007	2008	641	19.26
MGG_02499T0	3084	3085	8694	170.03
MGG_09441T0	1160	1161	28	1.45508
MGG_14906T0	3831	3832	1239	19.5077
MGG_12488T0	660	661	0	0
MGG_16258T0	246	247	4	0.977067
MGG_15963T0	729	730	82.2397	6.79704
MGG_15721T0	1759	1760	356	12.2039
MGG_02076T1	1382	1383	0	0
MGG_02076T0	1076	1077	0	0
MGG_02159T0	1377	1378	261	11.4275
MGG_04007T0	1959	1960	910	28.0122
MGG_06693T0	1135	1136	5077.06	269.647
MGG_12139T0	914	915	2073	136.691
MGG_17555T0	360	361	0	0
MGG_08853T0	1579	1580	735	28.0667
MGG_09901T0	2767	2768	2073	45.185
MGG_17157T0	1139	1140	12.2351	0.647538
MGG_03679T0	1280	1281	612.984	28.871
MGG_15414T0	855	856	1	0.0704835
MGG_15588T0	237	238	43	10.9007
MGG_13438T0	2593	2594	3426.26	79.6914
MGG_00256T0	2003	2004	14882	448.048
MGG_03577T0	1090	1091	16974	938.687
MGG_06295T0	871	872	1693	117.139
MGG_07034T0	1046	1047	1187	68.4015
MGG_16553T0	542	543	18	2.00002
MGG_08577T0	2341	2342	2612	67.2896
MGG_05423T0	2177	2178	2	0.055403
MGG_17208T0	153	154	6	2.35067
MGG_05281T0	2047	2048	605.629	17.8418
MGG_05281T1	1760	1761	2114.37	72.4408
MGG_09507T0	3739	3740	3023	48.7672
MGG_03911T0	2035	2036	1502	44.5096
MGG_16963T0	342	343	0	0
MGG_13464T0	2376	2377	494	12.5389
MGG_06150T0	2723	2724	403.802	8.94381
MGG_09215T0	6275	6276	248	2.38413
MGG_04009T0	2343	2344	410	10.5533
MGG_17822T0	1795	1796	362.183	12.167
MGG_11604T0	2153	2154	118	3.3052
MGG_16214T0	171	172	140	49.109
MGG_11701T0	4509	4510	857.922	11.4771
MGG_02450T0	2279	2280	4071	107.728
MGG_13240T0	468	469	7	0.900506
MGG_12109T0	2322	2323	1833	47.6074
MGG_17128T0	219	220	58	15.9062
MGG_14852T0	4449	4450	2968.28	40.2445
MGG_09085T0	1464	1465	4317	177.789
MGG_11243T0	2241	2242	1973	53.0949
MGG_06936T0	1239	1240	5656	275.2
MGG_01295T0	1331	1332	2943	133.305
MGG_09583T0	312	313	0	0
MGG_04134T0	1965	1966	255.308	7.83507
MGG_06024T0	6440	6441	295	2.76331
MGG_06400T0	3280	3281	3893	71.5879
MGG_15994T0	2252	2253	2	0.0535587
MGG_15820T0	222	223	31	8.38722
MGG_11691T0	1137	1138	197	10.4444
MGG_10310T0	1067	1068	304	17.1737
MGG_14297T0	1437	1438	7728	324.242
MGG_15915T0	1731	1732	149	5.19039
MGG_16092T0	366	367	17.8037	2.92688
MGG_14734T0	448	449	0	0
MGG_09739T0	897	898	1	0.067187
MGG_05806T0	2831	2832	493	10.503
MGG_03002T0	3611	3612	5734	95.7792
MGG_00606T0	2660	2661	596	13.5133
MGG_02071T1	2033	2034	20.7194	0.614594
MGG_02071T0	2217	2218	21.4682	0.583976
MGG_15675T0	1137	1138	1005	53.2826
MGG_16235T0	159	160	3	1.13126
MGG_11667T0	672	673	1335.49	119.726
MGG_01547T0	1057	1058	5926.2	337.95
MGG_08558T0	2837	2838	1119	23.7892
MGG_00316T0	2956	2957	814	16.6087
MGG_07460T0	1131	1132	13950	743.514
MGG_17927T0	240	241	1061	265.619
MGG_02717T0	1652	1653	149.688	5.46355
MGG_08547T0	4068	4069	1471	21.8115
MGG_03893T0	2745	2746	989	21.7299
MGG_06892T0	2598	2599	1773	41.1589
MGG_06010T0	603	604	143	14.2843
MGG_17813T0	2610	2611	778	17.9777
MGG_13573T0	2573	2574	203	4.75827
MGG_13079T0	2393	2394	447	11.2654
MGG_01653T0	1367	1368	2358	103.997
MGG_07442T0	1879	1880	2063	66.2068
MGG_09466T0	2371	2372	1654.93	42.0945
MGG_09333T0	1228	1229	41.1101	2.01817
MGG_01978T0	3044	3045	3764	74.5802
MGG_04316T0	1617	1618	8	0.298313
MGG_17933T0	2974	2975	24.9217	0.505421
MGG_05825T0	2032	2033	41	1.21677
MGG_00100T0	1229	1230	264	12.9497
MGG_00563T0	1050	1051	229	13.146
MGG_01076T0	3116	3117	1285	24.873
MGG_08072T0	5253	5254	5333	61.2411
MGG_07275T0	3981	3982	3246	49.1823
MGG_04585T0	2930	2931	287.488	5.91787
MGG_15603T0	162	163	0	0
MGG_14851T0	503	504	37	4.42927
MGG_13163T0	4001	4002	3434.21	51.774
MGG_00295T0	2743	2744	1034.86	22.754
MGG_01158T0	5790	5791	878.102	9.14856
MGG_17162T0	591	592	1	0.101915
MGG_04083T0	1038	1039	1619.12	94.021
MGG_10341T0	762	763	5995	474.052
MGG_03557T0	2652	2653	1414	32.1569
MGG_00546T0	321	322	7206	1350.21
MGG_01641T0	2497	2498	6934	167.476
MGG_03735T0	1845	1846	900	29.4152
MGG_12773T0	1482	1483	236	9.60135
MGG_14943T0	11919	11920	11	0.0556773
MGG_01501T0	1456	1457	208.236	8.62298
MGG_17782T0	198	199	0	0
MGG_12789T0	1566	1567	478	18.4043
MGG_16500T0	1034	1035	790.58	46.0858
MGG_11784T0	3609	3610	4357	72.8185
MGG_04462T0	2505	2506	4543.69	109.393
MGG_14701T0	1287	1288	197	9.22809
MGG_11422T0	501	502	190	22.8355
MGG_03822T0	1718	1719	0	0
MGG_15283T0	1101	1102	45	2.46373
MGG_08694T0	1590	1591	236	8.94959
MGG_09844T0	564	565	2	0.213571
MGG_06952T0	675	676	3473	309.97
MGG_07205T0	4463	4464	1685	22.7739
MGG_09225T0	1252	1253	34	1.63715
MGG_17649T0	585	586	0	0
MGG_16991T0	204	205	0	0
MGG_17712T0	2186	2187	1957.44	54.0008
MGG_15953T0	570	571	65	6.86813
MGG_07475T1	1060	1061	50.1421	2.85133
MGG_07475T0	1338	1339	683.089	30.7792
MGG_01210T0	1609	1610	2923	109.538
MGG_14785T0	1565	1566	452	17.4144
MGG_01896T0	1658	1659	1	0.0363676
MGG_13773T0	2249	2250	13312	356.962
MGG_05814T0	2046	2047	1598	47.0999
MGG_10910T0	1421	1422	83	3.5216
MGG_00151T0	4608	4609	504	6.59759
MGG_00861T0	4105	4106	556	8.16991
MGG_08523T0	1998	1999	1488	44.9109
MGG_16888T0	387	388	22	3.42099
MGG_05959T0	2932	2933	856	17.6085
MGG_14114T0	786	787	71	5.44308
MGG_16832T0	545	546	22	2.43104
MGG_11100T0	2828	2829	1329	28.3435
MGG_15545T0	450	451	6	0.802668
MGG_15836T0	461	462	5	0.652964
MGG_07639T0	4137	4138	272	3.96588
MGG_03632T0	1858	1859	671	21.7773
MGG_13934T0	1303	1304	27	1.24924
MGG_10924T0	2604	2605	757.907	17.5537
MGG_00574T0	1512	1513	20	0.79754
MGG_16855T0	1419	1420	243.551	10.3482
MGG_03199T0	1619	1620	702.719	26.1715
MGG_01230T0	2107	2108	703	20.1208
MGG_15587T0	429	430	6	0.841868
MGG_07392T0	934	935	1652	106.601
MGG_03791T0	531	532	1	0.11341
MGG_04948T0	1217	1218	182	9.01541
MGG_10160T0	1607	1608	1338	50.2032
MGG_17305T0	306	307	25	4.91318
MGG_14367T0	1631	1632	104	3.84481
MGG_09908T0	814	815	1061	78.5451
MGG_05378T0	2213	2214	1641	44.719
MGG_13325T0	638	639	71	6.70377
MGG_15134T0	1350	1351	91	4.06394
MGG_01160T0	779	780	10619.5	821.432
MGG_01721T0	2446	2447	5953	146.779
MGG_15143T0	324	325	231	42.8835
MGG_15826T0	339	340	15	2.66179
MGG_02877T0	856	857	2487	175.088
MGG_08585T0	2223	2224	651	17.6607
MGG_17386T0	402	403	3	0.449136
MGG_10116T0	2287	2288	319	8.41194
MGG_01191T0	2799	2800	4251	91.5998
MGG_14792T0	1662	1663	487	17.6684
MGG_06981T0	3521	3522	731.634	12.5333
MGG_06981T2	3278	3279	1160.28	21.3493
MGG_06981T1	3381	3382	129.084	2.30283
MGG_13107T0	1397	1398	1316.83	56.8308
MGG_06507T0	3007	3008	1486	29.8059
MGG_08726T0	645	646	0	0
MGG_16383T0	770	771	2428.48	190.039
MGG_09476T0	737	738	683	55.8375
MGG_02982T0	1975	1976	173	5.28227
MGG_16107T0	638	639	687	64.866
MGG_06117T0	3760	3761	3330	53.4198
MGG_06223T0	942	943	607	38.8363
MGG_01623T0	3243	3244	689	12.8144
MGG_01850T0	1933	1934	351	10.9499
MGG_06799T0	2969	2970	552.92	11.2323
MGG_00319T0	2041	2042	651	19.2348
MGG_04886T0	4987	4988	635	7.68084
MGG_01239T0	1319	1320	322.156	14.7249
MGG_14162T0	2769	2770	1015.18	22.1118
MGG_17392T0	291	292	52	10.7444
MGG_07452T0	1038	1039	48	2.78732
MGG_02512T0	999	1000	752.03	45.3729
MGG_09639T0	7496	7497	407	3.27543
MGG_02090T0	462	463	27	3.51839
MGG_03957T0	1888	1889	1125	35.932
MGG_05741T0	663	664	1184	107.583
MGG_05110T0	1220	1221	3049	150.662
MGG_16141T0	958	959	56	3.52315
MGG_06966T0	3516	3517	4007.27	68.7444
MGG_03559T0	2408	2409	2328	58.3052
MGG_15613T0	213	214	0	0
MGG_10678T0	1809	1810	462	15.4001
MGG_04652T0	6738	6739	3672	32.8752
MGG_03931T0	4227	4228	4249.84	60.6456
MGG_07305T0	1823	1824	192	6.35094
MGG_01734T0	3921	3922	2699	41.5199
MGG_09462T0	954	955	1119	70.6949
MGG_00829T0	912	913	898	59.3426
MGG_10829T0	2883	2884	971.74	20.329
MGG_00659T0	2314	2315	11799	307.507
MGG_14673T0	388	389	398	61.7298
MGG_06224T0	405	406	61	9.06495
MGG_10344T0	1473	1474	3326	136.14
MGG_07542T0	663	664	2641	239.973
MGG_03820T0	1590	1591	1	0.037922
MGG_16362T0	195	196	0	0
MGG_00517T0	1672	1673	1700.85	61.3384
MGG_15163T0	2882	2883	330.785	6.92249
MGG_04289T0	1563	1564	1	0.0385767
MGG_05856T0	4920	4921	1627	19.9478
MGG_09031T0	750	751	465	37.3572
MGG_02647T0	618	619	102549	9995.45
MGG_14802T0	366	367	152	24.9884
MGG_14719T0	1329	1330	0	0
MGG_09492T0	1276	1277	652	30.8048
MGG_04341T0	444	445	35	4.74536
MGG_02123T0	2716	2717	671	14.9003
MGG_18119T0	279	280	0	0
MGG_17835T0	880	881	43	2.94479
MGG_15413T0	1205	1206	0	0
MGG_00748T0	4412	4413	2111.5	28.8681
MGG_17417T0	186	187	1	0.322641
MGG_08782T0	660	661	977	89.1773
MGG_14251T0	2064	2065	0	0
MGG_05319T0	3427	3428	2702	47.5561
MGG_12830T0	2536	2537	1520	36.148
MGG_07655T0	1728	1729	4347	151.69
MGG_17343T0	292	293	0	0
MGG_05721T0	1911	1912	232.24	7.32843
MGG_06888T0	1700	1701	184	6.52642
MGG_00593T0	3045	3046	124	2.45614
MGG_09383T1	2815	2816	7	0.149978
MGG_09383T0	3129	3130	0	0
MGG_06685T0	704	705	4606.25	394.203
MGG_08117T0	2552	2553	1050	24.8142
MGG_17951T0	180	181	0	0
MGG_00460T0	1665	1666	1263	45.7393
MGG_06137T0	1904	1905	1477.33	46.7889
MGG_10579T0	5049	5050	1678	20.0476
MGG_09776T0	2748	2749	927	20.3454
MGG_09477T0	900	901	4552	304.817
MGG_15900T0	996	997	47	2.84423
MGG_04855T0	5941	5942	2911	29.5577
MGG_05571T1	1670	1671	1527.25	55.1435
MGG_05571T0	1994	1995	672.753	20.3458
MGG_03153T0	771	772	1057	82.6074
MGG_04682T0	2261	2262	0	0
MGG_16701T0	444	445	53	7.18583
MGG_09581T0	405	406	0	0
MGG_08500T0	1557	1558	1534	59.4045
MGG_00941T0	1372	1373	64.1017	2.81683
MGG_00623T0	2996	2997	4135.63	83.2562
MGG_09657T0	330	331	0	0
MGG_09994T0	1768	1769	139	4.74076
MGG_04243T0	1254	1255	1380.77	66.3801
MGG_15236T0	417	418	8	1.15472
MGG_11638T0	7997	7998	253.119	1.90943
MGG_13793T0	3514	3515	2306	39.5818
MGG_15343T0	930	931	18	1.1665
MGG_09452T0	330	331	0	0
MGG_03984T0	1454	1455	1923.58	79.7642
MGG_09326T0	897	898	14.6688	0.985549
MGG_04939T0	1430	1431	45	1.89729
MGG_13198T0	1037	1038	29	1.68563
MGG_07830T0	1517	1518	177	7.03498
MGG_05630T0	3421	3422	1726	30.4314
MGG_03257T0	2947	2948	97.5084	1.99561
MGG_03659T0	1654	1655	449	16.3685
MGG_16543T0	486	487	171	21.185
MGG_09934T0	1902	1903	32.0823	1.01716
MGG_06367T0	1650	1651	2352	85.9511
MGG_07680T0	729	730	0	0
MGG_09814T0	2451	2452	200	4.9212
MGG_17010T0	222	223	11	2.97611
MGG_01920T0	2447	2448	210	5.1757
MGG_01084T0	1011	1012	7594	452.743
MGG_02754T0	3581	3582	677	11.4031
MGG_03860T0	2162	2163	3153	87.9486
MGG_14477T0	1653	1654	0	0
MGG_01134T0	2510	2511	4728	113.604
MGG_16531T0	1705	1706	711	25.145
MGG_06887T0	1974	1975	1151	35.1617
MGG_06677T0	1731	1732	1600.83	55.7648
MGG_15071T0	1236	1237	112	5.46273
MGG_02349T0	988	989	0	0
MGG_17429T0	2244	2245	342	9.19118
MGG_05875T0	723	724	21	1.75002
MGG_00879T0	2775	2776	536	11.6495
MGG_07605T0	1162	1163	27	1.4007
MGG_10198T0	1568	1569	1308	50.2975
MGG_17780T0	384	385	0	0
MGG_15324T0	2989	2990	84.4613	1.70431
MGG_11536T0	2370	2371	2786	70.8942
MGG_00043T0	396	397	0	0
MGG_02651T0	845	846	2763	197.048
MGG_11577T0	1381	1382	1311	57.2343
MGG_07384T0	2135	2136	2023	57.1421
MGG_13809T0	3240	3241	327	6.08738
MGG_15843T0	377	378	26	4.14995
MGG_07652T0	954	955	1754	110.812
MGG_17582T0	213	214	9	2.53741
MGG_01931T0	2322	2323	196	5.09059
MGG_07566T0	1053	1054	0	0
MGG_02471T0	2312	2313	6993	182.41
MGG_05714T0	5262	5263	934	10.7072
MGG_05349T0	1456	1457	1070	44.3084
MGG_03537T0	4554	4555	8413.24	111.439
MGG_16190T0	1018	1019	1463	86.6227
MGG_00741T0	1266	1267	655	31.1908
MGG_17441T0	1076	1077	8	0.448163
MGG_08887T0	5213	5214	1988	23.0042
MGG_15990T0	1753	1754	197.444	6.79166
MGG_18000T0	192	193	3	0.937833
MGG_08078T0	1003	1004	6309.12	379.137
MGG_07960T0	1203	1204	0	0
MGG_00720T0	3443	3444	874.429	15.3187
MGG_16548T0	452	453	7.84188	1.04444
MGG_09150T1	1904	1905	15	0.47507
MGG_09150T0	1949	1950	5.29008e-07	1.63677e-08
MGG_02745T0	489	490	479	58.9795
MGG_17464T0	359	360	4	0.670377
MGG_03785T0	732	733	4	0.329244
MGG_02988T0	1718	1719	79	2.77276
MGG_17934T0	180	181	0	0
MGG_10315T0	849	850	45805	3251.29
MGG_13208T0	1202	1203	254	12.7388
MGG_17574T0	303	304	52	10.3203
MGG_04390T0	3204	3205	429.56	8.08644
MGG_06069T0	2100	2101	30524	876.55
MGG_08727T0	927	928	0	0
MGG_01471T0	1300	1301	1401	64.9714
MGG_02529T0	1870	1871	26	0.838419
MGG_02833T0	4561	4562	2401	31.754
MGG_09924T0	2674	2675	975	21.9909
MGG_01290T0	2391	2392	3332	84.0437
MGG_16472T0	3318	3319	6129	111.415
MGG_06456T0	1050	1051	463	26.5791
MGG_01904T0	456	457	2	0.264043
MGG_07088T0	1060	1061	1524	86.6624
MGG_06110T0	1890	1891	257.6	8.21893
MGG_11862T0	2389	2390	5105	128.872
MGG_05788T0	1351	1352	365	16.2884
MGG_09819T0	894	895	0	0
MGG_00756T0	2440	2441	348.164	8.60552
MGG_01689T0	1409	1410	5096	218.058
MGG_14848T0	693	694	661	57.465
MGG_14115T0	2338	2339	603	15.5542
MGG_08664T0	471	472	0	0
MGG_05969T0	3756	3757	1150.15	18.4703
MGG_02122T0	2114	2115	648	18.4853
MGG_07300T0	2038	2039	631	18.6713
MGG_14939T0	843	844	6797	485.888
MGG_02304T0	1065	1066	860	48.6746
MGG_03536T0	2383	2384	1215.57	30.7635
MGG_00383T0	2082	2083	7374	213.587
MGG_14688T0	1753	1754	640.223	22.0223
MGG_10725T0	567	568	0	0
MGG_01699T0	3585	3586	1064	17.9016
MGG_01767T0	1762	1763	549	18.788
MGG_02874T0	5132	5133	1884	22.1448
MGG_11764T0	3857	3858	5291.67	82.7546
MGG_11764T1	4018	4019	12957.3	194.518
MGG_02790T0	1907	1908	1523	48.1596
MGG_03755T0	1772	1773	10	0.340293
MGG_15593T0	162	163	1	0.370147
MGG_12862T0	3539	3540	978	16.6685
MGG_16161T0	3614	3615	1633	27.2546
MGG_08329T0	2163	2164	439	12.2396
MGG_00365T0	2129	2130	6445	182.56
MGG_00287T0	1258	1259	439	21.0378
MGG_02583T0	2521	2522	84	2.00954
MGG_07692T0	747	748	0	0
MGG_07257T0	1407	1408	254	10.8841
MGG_04742T0	1183	1184	78	3.9747
MGG_14798T0	828	829	3649	265.571
MGG_10565T0	1622	1623	1439	53.4938
MGG_00707T0	1628	1629	714	26.4447
MGG_05962T0	997	998	694	41.9556
MGG_01765T0	1312	1313	1159.56	53.2832
MGG_15880T0	204	205	0	0
MGG_17943T0	201	202	0	0
MGG_02283T0	456	457	0	0
MGG_04857T0	1875	1876	290	9.32667
MGG_06168T0	2675	2676	1098	24.7558
MGG_11012T0	570	571	0	0
MGG_09400T0	1530	1531	574	22.6203
MGG_03522T0	1730	1731	1392	48.5181
MGG_01836T0	3885	3886	3293	51.127
MGG_04162T0	1504	1505	160	6.41423
MGG_11440T0	2579	2580	1314	30.7282
MGG_10150T0	2195	2196	2742	75.3349
MGG_02741T0	2703	2704	3158	70.4639
MGG_10757T0	1116	1117	0	0
MGG_00566T0	1092	1093	19	1.04881
MGG_10442T0	1284	1285	26	1.22076
MGG_10573T0	1473	1474	8	0.327457
MGG_04908T0	2679	2680	744	16.7494
MGG_00922T0	1712	1713	18961	667.829
MGG_16504T0	168	169	75	26.7754
MGG_00202T0	1703	1704	536.785	19.0061
MGG_03266T0	1357	1358	904.26	40.1749
MGG_00116T0	1448	1449	118	4.91332
MGG_04121T0	1746	1747	3696	127.644
MGG_09550T0	1391	1392	845	36.6251
MGG_08732T0	3002	3003	1240	24.9131
MGG_06938T0	1588	1589	391.982	14.8834
MGG_01136T0	1097	1098	780	42.8601
MGG_17442T0	2106	2107	1472	42.1507
MGG_11274T0	1735	1736	255	8.86241
MGG_15082T0	1318	1319	14.0045	0.640598
MGG_13919T0	2649	2650	21	0.478118
MGG_04571T0	2749	2750	29	0.636248
MGG_07033T0	3529	3530	5626	96.1582
MGG_17278T0	1929	1930	953	29.7918
MGG_02021T0	903	904	0	0
MGG_06419T0	2406	2407	9265	232.237
MGG_01208T0	1090	1091	1552	85.8279
MGG_17993T0	300	301	0	0
MGG_00177T0	1427	1428	1436	60.6719
MGG_13065T0	3625	3626	2519	41.9143
MGG_17629T0	366	367	11	1.80837
MGG_07953T0	3288	3289	184	3.37532
MGG_03907T0	2152	2153	1857	52.039
MGG_04927T0	2629	2630	1431.91	32.8489
MGG_17889T0	1080	1081	855	47.7201
MGG_08827T0	3375	3376	1746	31.2035
MGG_17921T0	441	442	23	3.13955
MGG_08970T0	4906	4907	723	8.88963
MGG_05295T0	2706	2707	1737	38.7144
MGG_17105T0	228	229	42	11.0656
MGG_06497T0	4145	4146	1558	22.6725
MGG_05766T0	864	865	160	11.16
MGG_11067T0	819	820	0	0
MGG_05499T0	1511	1512	32	1.27691
MGG_14990T0	1067	1068	96	5.42327
MGG_07016T0	1394	1395	2078	89.8737
MGG_08621T0	762	763	249.055	19.6939
MGG_02709T0	947	948	910	57.9154
MGG_04590T0	2954	2955	68	1.38839
MGG_07628T0	2509	2510	7108	170.858
MGG_02623T0	1059	1060	1112	63.2937
MGG_04929T0	2250	2251	4333	116.138
MGG_18017T0	2121	2122	2482	70.5696
MGG_12982T0	837	838	9	0.647977
MGG_02340T0	1218	1219	90	4.45451
MGG_04569T0	1805	1806	1038	34.677
MGG_16955T0	261	262	0	0
MGG_13763T0	1484	1485	514	20.8832
MGG_17887T0	549	550	210	23.0366
MGG_10574T0	525	526	46	5.27635
MGG_17143T0	195	196	7	2.15478
MGG_01125T0	2627	2628	4555	104.574
MGG_15385T0	402	403	13	1.94625
MGG_06942T0	462	463	62	8.07927
MGG_17603T0	480	481	6	0.752606
MGG_15767T0	642	643	963	90.3601
MGG_17606T0	738	739	24	1.95942
MGG_06673T0	6852	6853	1273	11.2075
MGG_05677T0	1269	1270	1701	80.8094
MGG_15023T0	3583	3584	977	16.447
MGG_07816T0	1389	1390	6	0.260434
MGG_05257T0	3771	3772	7248	115.933
MGG_02409T0	1865	1866	3944	127.522
MGG_15668T0	2949	2950	2003	40.9657
MGG_09016T0	3006	3007	277	5.55786
MGG_00823T0	426	427	0	0
MGG_05727T0	4863	4864	3232	40.0903
MGG_16089T0	252	253	1	0.238474
MGG_01231T0	1189	1190	360	18.2523
MGG_13781T0	2010	2011	4182	125.468
MGG_08954T0	2513	2514	0	0
MGG_08954T1	2426	2427	29	0.720924
MGG_03061T0	2337	2338	629	16.2318
MGG_04171T0	2257	2258	96	2.56513
MGG_16512T0	369	370	212	34.5697
MGG_03974T0	1765	1766	570	19.4736
MGG_07306T0	2259	2260	2132	56.9168
MGG_04968T0	2189	2190	637	17.5492
MGG_01129T0	2252	2253	2016	53.9872
MGG_07145T0	3417	3418	3260	57.5449
MGG_08944T0	488	489	3	0.370147
MGG_00494T0	3293	3294	1417	25.9542
MGG_03341T0	3189	3190	50	0.945672
MGG_11632T0	1791	1792	18	0.606032
MGG_04985T0	4280	4281	2853	40.2085
MGG_16829T0	659	660	10	0.91415
MGG_16055T0	665	666	89	8.06264
MGG_07851T0	1672	1673	4	0.144253
MGG_03071T0	1936	1937	1098.48	34.2156
MGG_06984T0	3932	3933	1027.73	15.7659
MGG_02969T0	441	442	298	40.6776
MGG_06464T0	1401	1402	0	0
MGG_03113T0	727	728	29	2.40341
MGG_11457T0	1927	1928	3665.05	114.692
MGG_11457T1	1075	1076	221.948	12.4451
MGG_00104T0	889	890	1181.77	80.1133
MGG_09233T0	1575	1576	314	12.0208
MGG_01150T0	4411	4412	4461	61.004
MGG_07098T0	3908	3909	831.624	12.8358
MGG_10592T0	1290	1291	220	10.2815
MGG_02860T0	954	955	235	14.8466
MGG_18128T0	279	280	145	31.2443
MGG_00481T0	1813	1814	1250.93	41.6062
MGG_03333T0	2167	2168	2545	70.8255
MGG_05414T0	477	478	31	3.91287
MGG_01603T0	1753	1754	377	12.968
MGG_03358T0	2730	2731	24	0.530214
MGG_07344T0	783	784	2115	162.763
MGG_00917T0	1495	1496	952	38.3943
MGG_04191T0	2787	2788	6782	146.766
MGG_17670T0	297	298	0	0
MGG_15926T0	432	433	0	0
MGG_09001T0	360	361	260	43.4538
MGG_13331T0	1074	1075	6	0.336747
MGG_05626T0	4952	4953	8828	107.536
MGG_14597T0	2307	2308	6309	164.925
MGG_11009T0	1047	1048	19701	1134.2
MGG_11553T0	2814	2815	676	14.4887
MGG_08262T0	3199	3200	1337	25.2083
MGG_04988T0	4220	4221	1171	16.738
MGG_16620T0	579	580	0	0
MGG_03920T0	1742	1743	2870	99.345
MGG_13279T0	4408	4409	1723.58	23.5859
MGG_14183T0	888	889	37	2.51108
MGG_17792T0	458	459	0	0
MGG_16994T0	252	253	0	0
MGG_00979T0	2841	2842	2094	44.4543
MGG_07985T0	3654	3655	5.61504	0.0926887
MGG_15637T0	893	894	1123	75.7886
MGG_01960T0	1806	1807	0	0
MGG_17480T0	669	670	33	2.97167
MGG_08783T0	2527	2528	471.405	11.2507
MGG_07847T0	618	619	1	0.0974699
MGG_10127T0	4000	4001	2078.19	31.3386
MGG_07586T0	501	502	0	0
MGG_14648T0	327	328	6	1.10367
MGG_08092T0	4846	4847	2254	28.0571
MGG_15541T0	231	232	0	0
MGG_06468T0	1158	1159	1488	77.4606
MGG_02738T0	884	885	947.542	64.5976
MGG_18066T0	516	517	0	0
MGG_05705T0	723	724	2	0.166668
MGG_17880T0	391	392	9.15586	1.40921
MGG_00388T0	4022	4023	102	1.52972
MGG_07350T0	609	610	0	0
MGG_02079T0	756	757	0	0
MGG_10557T0	597	598	0	0
MGG_00822T0	912	913	38	2.51116
MGG_09863T0	1701	1702	28828	1021.92
MGG_16574T0	1458	1459	0	0
MGG_05483T0	1574	1575	6362	243.711
MGG_00687T0	2441	2442	1264	31.2293
MGG_00962T0	651	652	1.0026	0.0927774
MGG_00692T0	3976	3977	3266	49.5475
MGG_10837T0	3490	3491	3688.39	63.7454
MGG_10485T0	2489	2490	216	5.23378
MGG_10658T0	1784	1785	194	6.5573
MGG_09899T0	1582	1583	272.854	10.3995
MGG_06004T0	1270	1271	3036.03	144.119
MGG_05702T0	1375	1376	3234.23	141.812
MGG_18061T0	321	322	0	0
MGG_00736T0	5640	5641	518	5.54032
MGG_03430T0	1452	1453	3	0.124571
MGG_04965T0	2816	2817	1672	35.8105
MGG_08829T0	2921	2922	6766	139.705
MGG_00905T0	1811	1812	2002.87	66.6892
MGG_03680T0	1178	1179	7650	391.479
MGG_10106T0	1496	1497	0	0
MGG_15954T0	2104	2105	1384	39.6685
MGG_16933T0	150	151	0	0
MGG_04761T0	1745	1746	1459	50.4165
MGG_08567T0	267	268	5	1.12563
MGG_16185T0	443	444	70	9.5121
MGG_00042T0	1839	1840	15	0.491852
MGG_02509T0	1242	1243	169.233	8.21441
MGG_10781T0	588	589	0	0
MGG_10801T0	1221	1222	1	0.0493731
MGG_10288T0	2076	2077	57	1.65577
MGG_02382T0	630	631	0	0
MGG_03628T0	2182	2183	1343	37.1179
MGG_02781T0	4800	4801	1534	19.2777
MGG_09733T0	969	970	374	23.2628
MGG_06586T0	1494	1495	991.289	40.0056
MGG_07900T0	426	427	0	0
MGG_04305T0	1143	1144	0	0
MGG_03139T0	2525	2526	1194	28.5189
MGG_02485T0	2423	2424	1271	31.6355
MGG_14843T0	1554	1555	150	5.81999
MGG_16008T0	543	544	0	0
MGG_11062T0	2425	2426	406	10.0971
MGG_05870T0	762	763	293	23.1688
MGG_17153T0	1981	1982	1608	48.949
MGG_06619T0	1620	1621	243.807	9.07453
MGG_08818T0	369	370	0	0
MGG_14763T0	3105	3106	1749	33.9742
MGG_10639T0	2626	2627	507	11.6442
MGG_03904T0	907	908	1131	75.1516
MGG_07328T0	858	859	918	64.4779
MGG_00583T0	3876	3877	6925	107.767
MGG_02484T0	1747	1748	607.752	20.9771
MGG_03827T0	1044	1045	17	0.981508
MGG_16912T0	657	658	8	0.733543
MGG_00085T0	2167	2168	2666	74.1929
MGG_17370T0	249	250	4	0.965342
MGG_16764T0	879	880	297	20.3627
MGG_08441T0	639	640	18	1.69689
MGG_02526T0	4460	4461	4082	55.208
MGG_02255T0	645	646	34	3.17547
MGG_05264T0	3116	3117	4977	96.3368
MGG_01104T0	1163	1164	1089	56.4464
MGG_15368T0	2121	2122	770.91	21.919
MGG_01684T0	1936	1937	416.62	12.9769
MGG_09371T0	2116	2117	2728	77.7472
MGG_03965T0	548	549	2836	311.67
MGG_06393T0	3957	3958	1886	28.7493
MGG_00391T0	1087	1088	116	6.43266
MGG_06672T0	1913	1914	2449	77.1984
MGG_03258T0	1107	1108	116	6.31655
MGG_09299T0	4087	4088	798.146	11.7797
MGG_08028T0	735	736	12	0.983705
MGG_02055T0	2161	2162	11	0.306972
MGG_02105T0	1375	1376	377	16.5304
MGG_03072T0	698	699	211.521	18.2573
MGG_17962T0	2256	2257	4158	111.151
MGG_11119T0	3765	3766	447	7.16125
MGG_15552T0	174	175	0	0
MGG_09214T0	4516	4517	1923	25.6857
MGG_01174T0	2279	2280	1679	44.4301
MGG_16516T0	367	368	10	1.63951
MGG_05168T0	1840	1841	1324.28	43.3998
MGG_04165T0	4682	4683	1649	21.2451
MGG_15059T0	228	229	0	0
MGG_11443T0	3310	3311	1041	18.9694
MGG_11430T0	4516	4517	1548	20.6767
MGG_00880T0	1874	1875	275.725	8.87229
MGG_06358T0	3076	3077	2441	47.8632
MGG_07560T0	1463	1464	86	3.5442
MGG_01255T0	1541	1542	13728	537.136
MGG_05676T0	1983	1984	3066	93.2378
MGG_17476T0	759	760	393	31.199
MGG_05348T0	1496	1497	1679.73	67.6983
MGG_15594T0	321	322	47	8.8065
MGG_17576T0	261	262	0	0
MGG_16044T0	1239	1240	163	7.93099
MGG_09285T0	2116	2117	2932	83.5612
MGG_03224T0	1280	1281	1379	64.9496
MGG_15107T0	552	553	150	16.3654
MGG_10487T0	1741	1742	235	8.13919
MGG_00871T0	3103	3104	4572.18	88.8717
MGG_09238T0	1720	1721	2330	81.6839
MGG_07065T0	3350	3351	1173	21.1196
MGG_06039T0	5249	5250	1571.56	18.0606
MGG_08355T0	461	462	17	2.22008
MGG_00936T0	321	322	2	0.374745
MGG_09811T0	2906	2907	881	18.2849
MGG_01655T0	3409	3410	1733	30.6624
MGG_04484T0	1106	1107	6637.65	361.766
MGG_16375T0	1287	1288	55	2.57637
MGG_15504T0	258	259	38	8.85208
MGG_01974T0	1394	1395	206	8.90952
MGG_17021T0	339	340	0	0
MGG_16064T0	675	676	376.952	33.6435
MGG_05340T0	2549	2550	357.766	8.46487
MGG_05763T0	650	651	124	11.4922
MGG_08239T0	1236	1237	4	0.195097
MGG_07811T0	507	508	0	0
MGG_17182T0	183	184	0	0
MGG_17794T0	883	884	174	11.8757
MGG_02951T0	1636	1637	562	20.7133
MGG_04361T0	1323	1324	150	6.83541
MGG_03438T0	2139	2140	668	18.8332
MGG_04804T0	2745	2746	1409.11	30.9603
MGG_10140T0	1411	1412	1660.32	70.9444
MGG_08770T0	1679	1680	167	5.99748
MGG_04039T0	813	814	18888	1399.99
MGG_07899T0	153	154	0	0
MGG_14988T0	2436	2437	3	0.0742723
MGG_15800T0	939	940	331.578	21.2823
MGG_13764T0	1890	1891	469	14.9638
MGG_07303T0	1048	1049	4	0.230063
MGG_15067T0	3162	3163	96	1.83119
MGG_09114T0	1713	1714	1122	39.4951
MGG_03325T0	1459	1460	42	1.73563
MGG_03016T0	1044	1045	358	20.6694
MGG_03196T0	3674	3675	4880	80.1168
MGG_01806T0	1503	1504	25.2158	1.01155
MGG_12994T0	795	796	1497	113.467
MGG_11877T0	1275	1276	940	44.4466
MGG_10507T0	3267	3268	1427	26.3453
MGG_09022T0	1595	1596	178	6.72897
MGG_02985T0	1902	1903	858	27.2026
MGG_17045T0	228	229	0	0
MGG_16015T0	1002	1003	0	0
MGG_07665T0	1652	1653	103	3.75946
MGG_06470T0	3141	3142	1585	30.4358
MGG_05266T0	2586	2587	4707	109.776
MGG_09895T0	1791	1792	686	23.0966
MGG_05481T0	2172	2173	1018	28.265
MGG_17691T0	168	169	0	0
MGG_07853T0	1713	1714	0	0
MGG_12415T0	783	784	36	2.77043
MGG_03690T0	2624	2625	12762	293.326
MGG_01240T0	2628	2629	11720.8	268.986
MGG_17232T0	300	301	0	0
MGG_08469T0	557	558	1	0.108125
MGG_05327T0	766	767	1241	97.6198
MGG_03109T1	3058	3059	1631.05	32.1699
MGG_03109T0	3130	3131	1532.95	29.5397
MGG_03633T0	3683	3684	579	9.48244
MGG_08652T0	984	985	4642	284.335
MGG_07413T0	537	538	0	0
MGG_16503T0	631	632	31	2.95942
MGG_14203T0	1818	1819	1611	53.4348
MGG_05167T0	1451	1452	924	38.3943
MGG_16635T0	776	777	35	2.71774
MGG_17453T0	2115	2116	406	11.5764
MGG_02100T0	879	880	1	0.0685612
MGG_11390T0	1847	1848	626.538	20.4553
MGG_09571T0	2583	2584	8528	199.121
MGG_08940T0	873	874	0	0
MGG_06269T0	1115	1116	8157	440.989
MGG_15031T0	474	475	0	0
MGG_14348T0	2667	2668	1071	24.2195
MGG_00078T0	1285	1286	155	7.27197
MGG_15698T0	153	154	0	0
MGG_06204T0	2600	2601	1109	25.7248
MGG_02915T0	1548	1549	148	5.76463
MGG_00660T0	4098	4099	3860.69	56.8261
MGG_01486T0	4020	4021	125	1.87559
MGG_16798T0	204	205	21	6.18055
MGG_12536T0	1842	1843	855	27.99
MGG_09894T0	618	619	5023	489.592
MGG_14295T0	1224	1225	0	0
MGG_04534T0	4234	4235	130	1.85204
MGG_17888T0	760	761	1644	130.34
MGG_09505T0	3358	3359	2802	50.3291
MGG_00348T0	2387	2388	1780	44.9725
MGG_10661T0	1436	1437	288	12.092
MGG_08681T0	1689	1690	512.755	18.3056
MGG_07268T0	2152	2153	3471.8	97.2907
MGG_15425T0	465	466	6	0.776831
MGG_13245T0	1347	1348	522	23.3637
MGG_10817T0	1291	1292	0	0
MGG_18020T0	408	409	0	0
MGG_12899T0	4241	4242	1344.67	19.1252
MGG_17617T0	1949	1950	3022	93.5021
MGG_12491T0	345	346	1	0.174375
MGG_17097T0	1951	1952	258	7.97446
MGG_04619T0	1352	1353	847.965	37.813
MGG_08730T0	2583	2584	267	6.23419
MGG_04116T0	5004	5005	1937.13	23.3516
MGG_15402T0	3363	3364	724.497	12.994
MGG_14754T0	2498	2499	243	5.8668
MGG_00909T0	3238	3239	723	13.4676
MGG_09915T0	4034	4035	865	12.934
MGG_17539T0	2338	2339	519	13.3875
MGG_17816T0	1795	1796	613	20.5928
MGG_17765T0	1218	1219	1	0.0494946
MGG_07051T0	3406	3407	919	16.2744
MGG_04237T0	1609	1610	877	32.8651
MGG_01574T0	1661	1662	1199	43.5261
MGG_15937T0	660	661	9	0.82149
MGG_01941T0	2222	2223	79	2.14412
MGG_14195T0	417	418	0	0
MGG_17397T0	372	373	32	5.1761
MGG_09932T0	2199	2200	2211	60.6356
MGG_00171T0	2063	2064	1763	51.5352
MGG_04405T0	3507	3508	3113	53.5403
MGG_10469T0	2655	2656	94	2.13531
MGG_08193T0	687	688	4	0.350778
MGG_18026T0	195	196	3	0.923478
MGG_06460T0	1287	1288	1700.99	79.6798
MGG_02297T0	2106	2107	1559	44.6419
MGG_04953T0	294	295	1305	266.901
MGG_16205T0	462	463	2	0.260622
MGG_02395T0	6972	6973	1433	12.399
MGG_05022T0	966	967	122	7.61193
MGG_15334T0	4053	4054	17.4039	0.259014
MGG_06851T0	1680	1681	356	12.7774
MGG_14129T0	945	946	2886	184.063
MGG_04567T0	3156	3157	1539	29.4121
MGG_08998T0	639	640	900	84.8445
MGG_06668T0	1571	1572	5459	209.518
MGG_04883T0	938	939	1076	69.1366
MGG_07984T0	453	454	0	0
MGG_02625T0	477	478	15800	1994.3
MGG_17831T0	165	166	1	0.363457
MGG_11148T0	1659	1660	1693	61.5333
MGG_04073T0	2096	2097	257	7.39428
MGG_13063T0	1880	1881	163	5.2283
MGG_08639T0	1263	1264	1198.08	57.1872
MGG_00077T0	1959	1960	3965	122.053
MGG_02867T0	3127	3128	1512.66	29.1766
MGG_17215T0	1626	1627	6	0.222497
MGG_09321T0	1731	1732	1792.38	62.4373
MGG_02610T0	1044	1045	3049	176.036
MGG_11155T0	558	559	1060	114.408
MGG_14721T0	515	516	2	0.233852
MGG_08566T0	1146	1147	147	7.73242
MGG_17550T0	228	229	13	3.42507
MGG_12396T0	2020	2021	2878	85.9183
MGG_00570T0	1029	1030	88	5.15474
MGG_04457T0	879	880	981	67.2586
MGG_03443T0	2478	2479	4	0.097352
MGG_10496T0	1091	1092	886	48.9522
MGG_01082T0	2545	2546	421.691	9.99303
MGG_01082T1	1829	1830	1923.31	63.4102
MGG_10456T0	1144	1145	280	14.7541
MGG_17210T0	2820	2821	819.433	17.5256
MGG_16105T1	457	458	0	0
MGG_16105T0	480	481	38	4.7665
MGG_07602T0	1190	1191	218	11.0435
MGG_01028T0	1590	1591	2058	78.0435
MGG_11241T0	2630	2631	4616	105.854
MGG_02911T0	1707	1708	903.097	31.9013
MGG_04469T0	2851	2852	2875.87	60.8388
MGG_15678T0	282	283	0	0
MGG_06529T0	3246	3247	716.672	13.3168
MGG_06529T1	3339	3340	4592.33	82.956
MGG_00982T0	3671	3672	3335	54.7967
MGG_00169T0	1550	1551	403	15.6767
MGG_00534T0	1702	1703	742	26.2876
MGG_04271T0	489	490	0	0
MGG_11370T0	1982	1983	28245	859.37
MGG_04118T0	6363	6364	1976	18.7335
MGG_06097T0	1347	1348	981.584	43.9338
MGG_14813T0	3082	3083	1053	20.6071
MGG_17326T0	156	157	0	0
MGG_18094T0	234	235	0	0
MGG_00953T0	1619	1620	780.901	29.0832
MGG_01557T0	1185	1186	2186.68	111.24
MGG_07794T0	2857	2858	84	1.77328
MGG_01866T0	1676	1677	122	4.38923
MGG_02996T0	2258	2259	826	22.061
MGG_18050T0	339	340	2	0.354905
MGG_05303T0	3288	3289	1124	20.6188
MGG_07319T0	4211	4212	3775	54.0742
MGG_14886T0	2185	2186	4386	121.054
MGG_00270T0	1342	1343	573.886	25.7817
MGG_17719T0	605	606	16.2365	1.61652
MGG_10008T0	1092	1093	12	0.662403
MGG_05639T0	2844	2845	23.0829	0.489518
MGG_05639T1	2375	2376	43.9171	1.11519
MGG_11342T0	3085	3086	2013	39.3558
MGG_05956T0	2160	2161	2069	57.7653
MGG_04625T0	4550	4551	1955	25.918
MGG_07887T0	2183	2184	8	0.221003
MGG_13027T0	339	340	7	1.24217
MGG_09210T0	2579	2580	2593	60.6379
MGG_01530T0	1761	1762	31	1.06149
MGG_02537T0	2972	2973	421	8.54375
MGG_11454T0	3029	3030	22872	455.431
MGG_10164T0	2876	2877	921	19.3144
MGG_05109T0	1164	1165	3835	198.61
MGG_17249T0	438	439	0	0
MGG_17565T0	345	346	0	0
MGG_03151T0	1321	1322	1869	85.2981
MGG_10572T0	1381	1382	330	14.4068
MGG_09796T0	2659	2660	819	18.5765
MGG_01980T0	1071	1072	20	1.12563
MGG_10012T0	1443	1444	9	0.376042
MGG_16997T0	3805	3806	1462.91	23.1904
MGG_09757T0	3135	3136	276.111	5.31213
MGG_03379T0	2169	2170	253	7.03432
MGG_15227T0	183	184	321	105.256
MGG_10153T0	2632	2633	7074	162.097
MGG_05734T0	1768	1769	2595.89	88.5361
MGG_03869T0	2115	2116	471	13.4297
MGG_02632T0	2113	2114	3926.77	112.071
MGG_02632T1	2101	2102	5375.23	154.286
MGG_01504T0	1248	1249	1407	67.9662
MGG_03567T0	2613	2614	486.38	11.2262
MGG_01157T0	7372	7373	1260.16	10.312
MGG_06098T0	2636	2637	1660	37.9804
MGG_15526T0	174	175	20	6.8953
MGG_04941T0	1070	1071	5347	301.219
MGG_03773T0	1180	1181	1291	65.9535
MGG_04573T0	675	676	3	0.267754
MGG_15049T0	1938	1939	161	5.00967
MGG_02569T0	5475	5476	1012	11.1501
MGG_04838T0	3379	3380	157	2.80249
MGG_03246T0	1121	1122	155.13	8.34188
MGG_06134T0	2826	2827	805	17.1803
MGG_15677T0	981	982	194	11.9193
MGG_15081T0	2676	2677	167	3.76383
MGG_08463T0	3276	3277	704	12.9616
MGG_00703T0	969	970	7617	473.777
MGG_14574T0	2485	2486	1447	35.1179
MGG_03118T0	3566	3567	500.856	8.47171
MGG_01629T0	1752	1753	424.367	14.6057
MGG_10773T0	845	846	97	6.91772
MGG_12974T0	566	567	635	67.5697
MGG_04145T0	3927	3928	1022	15.6979
MGG_03023T0	1532	1533	409	16.0969
MGG_03448T0	2060	2061	861	25.205
MGG_15548T0	387	388	0	0
MGG_09134T0	933	934	90	5.81376
MGG_08741T0	1248	1249	3515	169.795
MGG_01512T0	2272	2273	304	8.06929
MGG_04520T0	3211	3212	901	16.9243
MGG_17166T0	1048	1049	49	2.81827
MGG_06848T0	3632	3633	3012	50.0208
MGG_05008T0	1832	1833	233	7.66928
MGG_12471T0	1559	1560	6	0.232053
MGG_18123T0	153	154	0	0
MGG_03219T0	2190	2191	1456	40.0941
MGG_10486T0	2732	2733	536	11.8328
MGG_04998T0	1301	1302	326.575	15.1333
MGG_12930T0	658	659	70	6.40876
MGG_02813T0	1957	1958	7842	241.644
MGG_07362T0	860	861	0	0
MGG_15200T0	321	322	0	0
MGG_06158T0	2175	2176	2189	60.6943
MGG_17803T0	1441	1442	274	11.4643
MGG_07986T0	342	343	261	45.91
MGG_00446T0	1056	1057	1311	74.8323
MGG_05016T0	300	301	60	12.0267
MGG_17677T0	2475	2476	155.344	3.78534
MGG_17001T0	2405	2406	2724	68.3082
MGG_17506T0	806	807	199	14.8779
MGG_07724T0	2564	2565	40	0.940879
MGG_07170T0	2119	2120	1084	30.85
MGG_09848T0	555	556	222	24.0902
MGG_00395T0	1740	1741	28	0.970333
MGG_17607T0	598	599	21	2.11521
MGG_05625T0	2333	2334	412.508	10.6633
MGG_05625T1	2090	2091	1510.49	43.5839
MGG_06382T0	954	955	34	2.14801
MGG_00175T0	1996	1997	11042	333.604
MGG_15604T0	407	408	1	0.147877
MGG_02690T0	3639	3640	3922	65.0081
MGG_02947T0	1578	1579	524	20.0221
MGG_12737T0	2226	2227	61	1.65261
MGG_01495T0	499	500	35	4.22337
MGG_06703T0	1452	1453	2740	113.775
MGG_07127T0	3343	3344	1226.83	22.135
MGG_12814T0	3182	3183	6401	121.331
MGG_01425T0	1815	1816	7280	241.867
MGG_10313T0	528	529	122	13.9144
MGG_08485T0	354	355	0	0
MGG_06442T0	2333	2334	159	4.11015
MGG_09256T0	2191	2192	479	13.1843
MGG_01403T0	852	853	35	2.4756
MGG_03982T0	1762	1763	22565.8	772.254
MGG_08197T0	1381	1382	4	0.174628
MGG_08056T0	2752	2753	382	8.37179
MGG_01680T0	1882	1883	545	17.4625
MGG_07197T0	2748	2749	8352	183.306
MGG_03336T0	860	861	109	7.63809
MGG_09693T0	309	310	268	52.1596
MGG_08795T0	3567	3568	3947	66.7427
MGG_16530T0	897	898	14	0.940618
MGG_03102T0	5571	5572	1733.01	18.7651
MGG_05000T0	1260	1261	0	0
MGG_09749T0	2015	2016	1595	47.7344
MGG_15156T0	8640	8641	3828	26.7282
MGG_06337T0	4187	4188	22	0.31694
MGG_01182T0	1331	1332	148	6.70377
MGG_00878T0	1099	1100	4859	266.511
MGG_13691T0	2013	2014	0	0
MGG_03279T0	2771	2772	314	6.83436
MGG_15117T0	309	310	30	5.83876
MGG_11271T0	1343	1344	58	2.60369
MGG_16048T0	186	187	0	0
MGG_14896T0	354	355	0	0
MGG_11467T0	1306	1307	330	15.2335
MGG_00859T0	3164	3165	4597	87.6319
MGG_07676T0	894	895	1017	68.5582
MGG_07312T0	4955	4956	3677	44.7635
MGG_14905T0	1170	1171	199	10.2532
MGG_06660T0	1569	1570	5840.91	224.462
MGG_02169T0	1653	1654	1942.49	70.8575
MGG_02635T0	672	673	15	1.34474
MGG_09732T0	2237	2238	962	25.9344
MGG_01450T0	930	931	2073.37	134.366
MGG_11888T0	5050	5051	1737	20.7484
MGG_04103T0	1473	1474	447.72	18.3261
MGG_02067T0	857	858	1	0.0703192
MGG_04982T0	6626	6627	4126	37.5642
MGG_15983T0	657	658	4	0.366771
MGG_17345T0	303	304	591	117.294
MGG_09217T0	1987	1988	1222.59	37.1046
MGG_08537T1	1015	1016	0	0
MGG_08537T0	1126	1127	0	0
MGG_03823T0	1631	1632	22	0.813325
MGG_09907T0	3433	3434	1333	23.4202
MGG_09357T0	1413	1414	0	0
MGG_12880T0	2955	2956	17	0.346981
MGG_10524T0	940	941	2617	167.794
MGG_17842T1	1737	1738	680.031	23.607
MGG_17842T0	1721	1722	125.272	4.38915
MGG_17842T2	1668	1669	397.313	14.3627
MGG_16110T0	189	190	0	0
MGG_12350T0	764	765	15	1.18302
MGG_17301T0	249	250	0	0
MGG_10080T0	744	745	3.1915	0.258464
MGG_00653T0	1077	1078	35	1.95889
MGG_12798T0	2549	2550	363	8.58871
MGG_03813T0	1203	1204	14	0.701557
MGG_09898T0	8078	8079	1173	8.75995
MGG_16432T0	2183	2184	208	5.74609
MGG_15847T0	548	549	1	0.109898
MGG_07433T0	1389	1390	784	34.0301
MGG_06305T0	2939	2940	593.448	12.1786
MGG_05292T0	1410	1411	2335.98	99.8858
MGG_05864T0	2871	2872	5519	115.941
MGG_02584T0	654	655	0	0
MGG_04323T0	1115	1116	213	11.5153
MGG_17640T0	354	355	0	0
MGG_17722T0	4577	4578	216	2.84668
MGG_09337T0	2598	2599	37092	861.064
MGG_16904T0	4433	4434	5597	76.159
MGG_07394T0	936	937	807	51.9631
MGG_02434T0	1258	1259	1347.82	64.5901
MGG_07807T0	654	655	11	1.01324
MGG_06081T1	3580	3581	1140.9	19.2222
MGG_06081T0	1861	1862	305.105	9.88623
MGG_14358T0	1782	1783	137.093	4.63902
MGG_15996T0	647	648	0	0
MGG_03697T0	999	1000	855	51.5855
MGG_17809T0	317	318	9.00594	1.70869
MGG_12290T0	782	783	4	0.308219
MGG_07183T0	2463	2464	1516	37.121
MGG_07488T0	1741	1742	114	3.94837
MGG_00886T0	3255	3256	492	9.11679
MGG_13677T0	1404	1405	0	0
MGG_04483T0	2260	2261	1908	50.9142
MGG_14658T0	1269	1270	1168	55.4882
MGG_15875T0	165	166	4	1.45383
MGG_02226T0	4050	4051	294.408	4.38479
MGG_02447T0	5670	5671	570	6.06424
MGG_04944T0	1571	1572	16740	642.487
MGG_09920T0	3248	3249	2728	50.6589
MGG_07654T0	1818	1819	279	9.25407
MGG_09226T0	2028	2029	93	2.76543
MGG_04234T0	1867	1868	34	1.09815
MGG_14833T0	1062	1063	15.153	0.860058
MGG_03566T0	554	555	32	3.47871
MGG_07253T0	459	460	114	14.9523
MGG_02436T0	963	964	81	5.06955
MGG_17868T0	195	196	0	0
MGG_03546T0	2464	2465	678	16.5949
MGG_03899T0	4860	4861	1115	13.8392
MGG_13127T0	952	953	140	8.86332
MGG_16183T0	2868	2869	425	8.93758
MGG_06271T0	3113	3114	233.377	4.52169
MGG_09410T0	1465	1466	453	18.6434
MGG_05184T0	2172	2173	766	21.2682
MGG_16918T0	267	268	0	0
MGG_01188T0	1009	1010	0	0
MGG_00359T0	1390	1391	1171	50.7915
MGG_16696T0	714	715	0	0
MGG_12136T0	1254	1255	420	20.1914
MGG_09399T0	336	337	0	0
MGG_04078T0	2857	2858	2105	44.4377
MGG_07883T0	901	902	147	9.83269
MGG_14398T0	384	385	0	0
MGG_06188T0	2778	2779	1252.44	27.1912
MGG_00505T0	1916	1917	20895	657.63
MGG_04428T0	3343	3344	5503	99.2875
MGG_12102T0	1392	1393	114	4.93759
MGG_07388T0	2376	2377	168	4.26424
MGG_02089T0	2303	2304	11.7711	0.308244
MGG_17444T0	156	157	0	0
MGG_04575T0	4451	4452	4361	59.1007
MGG_04677T0	1938	1939	6818	212.149
MGG_08869T0	1950	1951	371.266	11.4812
MGG_06141T0	1952	1953	1487	45.9378
MGG_17331T0	174	175	128	44.1299
MGG_09692T0	2560	2561	1321	31.1211
MGG_09026T0	3440	3441	1973	34.5942
MGG_05808T0	2146	2147	70	1.9671
MGG_05680T0	1255	1256	196	9.41516
MGG_01421T0	2774	2775	3194	69.4438
MGG_00712T0	1311	1312	1791	82.3613
MGG_17826T0	162	163	0	0
MGG_05981T0	741	742	699	56.8375
MGG_04960T0	1099	1100	270	14.8092
MGG_02811T0	1218	1219	1630	80.6762
MGG_05926T0	2139	2140	398	11.221
MGG_05433T0	2145	2146	721	20.2706
MGG_16111T0	162	163	3	1.11044
MGG_17666T0	1357	1358	11.5717	0.514112
MGG_07003T0	5024	5025	2090	25.0941
MGG_01988T0	2210	2211	1596	43.5517
MGG_17668T0	3161	3162	424.687	8.10342
MGG_09565T0	2488	2489	8747.36	212.038
MGG_09259T0	5766	5767	5385	56.3374
MGG_01910T0	875	876	0	0
MGG_06341T0	4700	4701	2735	35.1017
MGG_12644T0	6384	6385	2850	26.9306
MGG_16047T0	876	877	100.133	6.88872
MGG_05749T0	726	727	81	6.72221
MGG_01376T0	4500	4501	168.856	2.26344
MGG_01376T1	4320	4321	1311.14	18.3074
MGG_03232T0	4405	4406	1508	20.6499
MGG_10605T0	2091	2092	728	20.9957
MGG_07636T0	2615	2616	801	18.4738
MGG_08127T0	1815	1816	6	0.199341
MGG_06075T0	1117	1118	945	50.9978
MGG_06075T1	1191	1192	0	0
MGG_11716T0	1236	1237	734	35.8004
MGG_15119T0	186	187	0	0
MGG_03560T0	2999	3000	1346	27.0698
MGG_13584T0	2202	2203	222	6.07995
MGG_17121T0	216	217	0	0
MGG_08101T0	3513	3514	2447	42.014
MGG_02366T0	4777	4778	1113	14.0543
MGG_06844T0	903	904	117854	7865.7
MGG_16399T0	763	764	448.593	35.4259
MGG_02393T0	1327	1328	6323	287.267
MGG_03200T0	3422	3423	1113.28	19.6227
MGG_15021T0	1458	1459	375	15.5073
MGG_11458T0	1209	1210	1600	79.7804
MGG_03306T0	783	784	39	3.0013
MGG_03621T0	1651	1652	1291	47.1496
MGG_16137T0	366	367	4	0.65759
MGG_02696T0	1427	1428	20515	866.772
MGG_13219T0	3495	3496	8911	153.786
MGG_09602T0	3081	3082	1199	23.4719
MGG_00688T0	3536	3537	266	4.53741
MGG_14620T0	3777	3778	1276	20.3775
MGG_15369T0	915	916	0	0
MGG_05280T0	3543	3544	20203	343.941
MGG_16318T0	881	882	195	13.3391
MGG_15484T0	318	319	0	0
MGG_01675T0	1389	1390	2168.67	94.1326
MGG_00632T0	2798	2799	1334	28.7551
MGG_14904T0	1533	1534	370	14.5525
MGG_07973T0	798	799	210	15.8575
MGG_17050T0	309	310	0	0
MGG_03939T0	3768	3769	229.648	3.67619
MGG_00482T0	884	885	727.068	49.567
MGG_03662T0	2397	2398	723	18.1907
MGG_08574T0	2517	2518	4778	114.486
MGG_17776T0	1233	1234	0	0
MGG_01146T0	896	897	19	1.27798
MGG_05035T0	2053	2054	770.806	22.6415
MGG_08386T0	1305	1306	194	8.96231
MGG_17805T0	261	262	3	0.690846
MGG_03488T0	2107	2108	432	12.3644
MGG_13796T0	850	851	200	14.1795
MGG_12819T0	3325	3326	41	0.743743
MGG_08636T0	2834	2835	2353	50.0761
MGG_09927T0	1665	1666	10218	370.043
MGG_05810T0	2687	2688	593	13.3103
MGG_07607T0	792	793	14.5008	1.10326
MGG_09011T0	1912	1913	1042	32.8635
MGG_10780T0	444	445	0	0
MGG_09252T0	570	571	38	4.01522
MGG_06298T0	1645	1646	2172	79.6144
MGG_11166T0	327	328	43	7.90963
MGG_03973T0	2078	2079	799	23.1875
MGG_15859T0	228	229	27	7.1136
MGG_12918T0	2441	2442	7054.28	174.288
MGG_16031T0	201	202	0	0
MGG_06849T0	1826	1827	1386	45.7705
MGG_10689T0	1790	1791	821	27.6572
MGG_17155T0	431	432	3	0.418985
MGG_09950T0	3840	3841	684	10.7442
MGG_07714T0	3463	3464	465	8.09909
MGG_08295T0	2760	2761	3849	84.1091
MGG_13774T0	1020	1021	181	10.6958
MGG_00099T0	1793	1794	112	3.76666
MGG_06440T0	3682	3683	3821	62.5946
MGG_02524T0	1084	1085	990	55.0512
MGG_16289T0	177	178	15	5.08432
MGG_09556T0	1222	1223	796	39.2688
MGG_06524T0	4071	4072	4475.9	66.3184
MGG_13514T0	1848	1849	1856	60.5623
MGG_17248T0	309	310	0	0
MGG_04049T0	1948	1949	290	8.97734
MGG_09219T0	1654	1655	922	33.612
MGG_07759T0	438	439	2	0.27487
MGG_12671T0	1223	1224	2707.57	133.462
MGG_01628T0	1558	1559	1267	49.0334
MGG_12989T0	1694	1695	155	5.51726
MGG_09064T0	537	538	0	0
MGG_00397T0	2084	2085	518	14.9894
MGG_16886T0	1714	1715	644	22.656
MGG_12632T0	1767	1768	972	33.17
MGG_02168T0	1212	1213	1459.51	72.595
MGG_01299T0	8864	8865	3900	26.5428
MGG_01189T0	1425	1426	1109	46.9217
MGG_01068T0	4629	4630	1180.92	15.3886
MGG_18052T0	448	449	8	1.07499
MGG_10086T0	387	388	0	0
MGG_06348T0	990	991	251	15.2813
MGG_09548T0	672	673	373.428	33.4775
MGG_04052T0	3146	3147	2559	49.0608
MGG_16534T0	1302	1303	29.7769	1.37879
MGG_00265T0	1481	1482	69	2.80907
MGG_03186T0	2929	2930	1525	31.4025
MGG_03193T0	1179	1180	8712	445.448
MGG_13508T0	2921	2922	2399	49.5349
MGG_08766T0	1363	1364	18	0.796195
MGG_17101T0	300	301	12	2.40534
MGG_12750T0	5639	5640	643	6.87849
MGG_13471T0	2869	2870	8219.29	172.788
MGG_06937T0	2275	2276	1016	26.9329
MGG_18022T0	375	376	21	3.36971
MGG_16517T0	623	624	116	11.2159
MGG_11003T0	255	256	0	0
MGG_12317T0	864	865	0	0
MGG_01925T0	3731	3732	1451	23.4578
MGG_00242T0	1029	1030	0	0
MGG_04595T0	752	753	712.263	57.0699
MGG_04595T1	850	851	300.737	21.3215
MGG_11897T0	450	451	3007	402.271
MGG_09783T0	1213	1214	3009.19	149.552
MGG_06199T0	1997	1998	381	11.5051
MGG_05995T0	1048	1049	339	19.4978
MGG_07218T0	2277	2278	798	21.1354
MGG_02337T0	1451	1452	204	8.47666
MGG_05085T0	2439	2440	2612	64.5869
MGG_05480T0	1660	1661	4674	169.778
MGG_17410T0	768	769	5	0.392288
MGG_06522T0	2126	2127	1140	32.3369
MGG_05001T0	1416	1417	110	4.68365
MGG_08817T0	725	726	5584	464.056
MGG_07929T0	360	361	11273	1884.06
MGG_01291T0	2949	2950	1776	36.3231
MGG_03332T0	2741	2742	12050	265.143
MGG_12721T0	3522	3523	61	1.04467
MGG_17402T0	552	553	68	7.419
MGG_05119T0	744	745	7	0.566896
MGG_17644T0	1332	1333	234	10.5912
MGG_07574T0	774	775	103	8.01857
MGG_02406T0	2598	2599	1116	25.9071
MGG_01651T0	793	794	5083	386.243
MGG_09612T0	2004	2005	1030	30.9945
MGG_16858T0	864	865	18	1.2555
MGG_15641T0	207	208	0	0
MGG_01886T0	852	853	415	29.3535
MGG_11267T0	2800	2801	5377	115.821
MGG_12937T0	300	301	30	6.01335
MGG_08527T0	1425	1426	124	5.24643
MGG_05192T0	342	343	28	4.92522
MGG_01281T0	1734	1735	1483	51.5707
MGG_04028T0	270	271	959.166	213.543
MGG_14637T0	2006	2007	2334	70.1641
MGG_10556T0	252	253	0	0
MGG_02411T0	1491	1492	37	1.49622
MGG_05371T0	2989	2990	411	8.29339
MGG_07966T0	2143	2144	13	0.365831
MGG_04296T0	1050	1051	58	3.32956
MGG_16039T0	845	846	842.606	60.0919
MGG_09244T0	3453	3454	4697	82.0464
MGG_06757T0	978	979	1137	70.0711
MGG_13334T0	2626	2627	5	0.114834
MGG_02783T0	1660	1661	38	1.38031
MGG_05300T0	2379	2380	230.033	5.83141
MGG_08062T0	1159	1160	4293	223.287
MGG_04477T0	4700	4701	1531	19.6493
MGG_11004T0	324	325	0	0
MGG_16545T0	189	190	0	0
MGG_00222T0	2652	2653	732.18	16.6511
MGG_16244T0	201	202	15	4.48024
MGG_03098T0	984	985	271	16.5995
MGG_05153T0	3834	3835	2016	31.7166
MGG_09322T0	2670	2671	5856.62	132.292
MGG_15538T0	468	469	0	0
MGG_10205T0	1269	1270	2	0.095014
MGG_17303T0	225	226	0	0
MGG_06407T0	876	877	688.741	47.3825
MGG_15764T0	189	190	35	11.1141
MGG_07471T0	1185	1186	2318	117.921
MGG_17114T0	210	211	41	11.7236
MGG_06908T0	2205	2206	161.135	4.40703
MGG_08736T0	1632	1633	296	10.9362
MGG_01287T0	2621	2622	1259	28.9704
MGG_04085T0	2374	2375	1489	37.8262
MGG_01237T0	3231	3232	3046	56.8617
MGG_05199T0	2671	2672	2610	58.9339
MGG_01676T0	1598	1599	925.33	34.9148
MGG_02779T0	3745	3746	12211	196.673
MGG_07852T0	525	526	0	0
MGG_01585T0	1017	1018	2253.05	133.532
MGG_08442T0	525	526	0	0
MGG_16687T0	291	292	0	0
MGG_12441T0	1767	1768	22	0.750761
MGG_09196T0	1158	1159	40	2.08227
MGG_03288T0	2416	2417	8326	207.836
MGG_17022T0	417	418	0	0
MGG_10237T0	774	775	124	9.65342
MGG_15520T0	1566	1567	2	0.0770056
MGG_14219T0	3147	3148	2493.97	47.799
MGG_09254T0	1673	1674	595.881	21.4766
MGG_10503T0	1904	1905	5516	174.699
MGG_14687T0	381	382	3	0.473826
MGG_07974T0	1869	1870	1143	36.8779
MGG_04089T0	2060	2061	1178.25	34.4922
MGG_11387T0	4500	4501	569	7.62719
MGG_10392T0	1605	1606	15	0.563517
MGG_02942T0	1959	1960	947	29.1511
MGG_16793T0	2012	2013	757	22.6889
MGG_15841T0	342	343	4.18693	0.736483
MGG_15423T0	2217	2218	1237	33.6488
MGG_10515T0	1379	1380	324	14.1653
MGG_11785T0	1035	1036	7110	414.068
MGG_00742T1	1150	1151	6231.13	326.628
MGG_00742T0	1222	1223	1110.87	54.8021
MGG_09205T0	2797	2798	2625	56.6035
MGG_00819T0	4650	4651	3060.02	39.6953
MGG_08597T0	1986	1987	5747	174.504
MGG_05376T0	4280	4281	3214	45.2962
MGG_12630T0	2726	2727	1160	25.6646
MGG_01813T0	4588	4589	942	12.3849
MGG_10203T0	1469	1470	603.734	24.7793
MGG_15196T0	792	793	0	0
MGG_14803T0	1425	1426	271.633	11.4927
MGG_17788T0	366	367	0	0
MGG_09781T0	813	814	785	58.1844
MGG_01591T0	2319	2320	1366	35.5242
MGG_16936T0	735	736	13	1.06568
MGG_11574T0	1197	1198	387	19.4902
MGG_03377T0	1324	1325	546	24.8621
MGG_12130T0	3842	3843	2487.33	39.0504
MGG_12130T1	3318	3319	5320.67	96.7209
MGG_02049T0	2139	2140	25	0.704835
MGG_05173T0	911	912	1254	82.9591
MGG_05804T0	3070	3071	412	8.09429
MGG_14708T0	414	415	4	0.581532
MGG_03504T0	1507	1508	1186	47.4509
MGG_07856T0	1774	1775	16	0.543855
MGG_07023T0	948	949	126	8.01061
MGG_01175T0	4369	4370	620.334	8.56457
MGG_03602T0	1879	1880	10.2753	0.329761
MGG_07624T0	555	556	0	0
MGG_17391T0	408	409	7	1.03261
MGG_06727T0	1142	1143	1343	70.891
MGG_14996T0	648	649	45	4.1834
MGG_08454T0	1759	1760	106	3.63375
MGG_15646T0	237	238	450	114.077
MGG_06147T0	3019	3020	4481.51	89.5321
MGG_04366T0	4862	4863	7323	90.8544
MGG_11599T0	2644	2645	3124	71.2601
MGG_07467T0	2076	2077	1292.31	37.5396
MGG_12496T0	1641	1642	18	0.661395
MGG_01562T0	1597	1598	1238.7	46.7682
MGG_14971T0	4037	4038	6872	102.678
MGG_16827T0	444	445	54	7.32142
MGG_07747T0	744	745	264	21.3801
MGG_04647T0	1727	1728	6408.57	223.758
MGG_02296T0	495	496	4722	574.388
MGG_10097T0	489	490	5	0.615652
MGG_01383T0	1734	1735	772	26.846
MGG_09427T0	1486	1487	79	3.20537
MGG_01202T0	2491	2492	2836	68.6625
MGG_00573T0	924	925	325	21.1984
MGG_14800T0	2222	2223	664	18.0215
MGG_16408T0	1797	1798	867.32	29.1039
MGG_05715T0	4022	4023	325	4.8741
MGG_02550T0	1293	1294	0	0
MGG_04697T0	1334	1335	1166	52.6961
MGG_16130T0	171	172	18	6.31401
MGG_15783T0	627	628	0	0
MGG_16182T0	551	552	4	0.437202
MGG_06197T0	2537	2538	20245	481.269
MGG_14145T0	1866	1867	16	0.517055
MGG_10698T0	2352	2353	1070	27.4362
MGG_03380T0	849	850	8	0.567848
MGG_07199T0	2640	2641	118	2.69572
MGG_06366T0	1099	1100	891.299	48.8869
MGG_05440T0	1936	1937	1236	38.4991
MGG_03958T0	1930	1931	1249	39.0249
MGG_16712T0	780	781	10	0.772521
MGG_01041T0	1946	1947	5378	166.654
MGG_00864T0	2109	2110	1297	37.0868
MGG_17909T0	1591	1592	3867	146.552
MGG_02270T0	495	496	9	1.09477
MGG_00830T0	2395	2396	2219	55.8768
MGG_14693T0	1617	1618	807	30.0924
MGG_01163T0	1873	1874	39	1.25561
MGG_06144T0	528	529	89	10.1507
MGG_07691T0	1569	1570	2226	85.5435
MGG_02413T0	2260	2261	922.407	24.6141
MGG_01819T0	3223	3224	4871.33	91.162
MGG_11773T0	3012	3013	2818	56.4291
MGG_09071T0	1903	1904	5754.63	182.352
MGG_04203T0	2609	2610	1745	40.3382
MGG_05124T0	1380	1381	68	2.97082
MGG_14669T0	471	472	13	1.66174
MGG_15510T0	288	289	7	1.46137
MGG_14940T0	1287	1288	210	9.83705
MGG_02084T0	1380	1381	415	18.1308
MGG_11475T0	3855	3856	11066	173.147
MGG_17227T0	354	355	3	0.509864
MGG_06772T0	832	833	105	7.60511
MGG_01842T0	2019	2020	969	28.9423
MGG_17134T0	767	768	36	2.82815
MGG_10969T1	2035	2036	1463.55	43.3701
MGG_10969T0	2184	2185	811.452	22.4064
MGG_03605T0	1083	1084	549	30.5566
MGG_06112T0	2145	2146	684.112	19.2335
MGG_00542T0	1597	1598	49	1.85004
MGG_17562T0	153	154	0	0
MGG_12548T0	1294	1295	765	35.6413
MGG_00354T0	4481	4482	2855	38.4322
MGG_04382T0	486	487	490	60.7056
MGG_17652T0	1854	1855	529.408	17.219
MGG_13654T0	853	854	22	1.55427
MGG_13655T0	2448	2449	88	2.16798
MGG_04538T0	1755	1756	3800	130.563
MGG_03307T0	1327	1328	9404	427.244
MGG_13767T0	8022	8023	106	0.797132
MGG_09582T0	630	631	0	0
MGG_13138T0	351	352	11	1.88543
MGG_09948T0	1372	1373	1624.76	71.3971
MGG_05202T0	2523	2524	2028	48.4775
MGG_16390T0	1775	1776	396.447	13.468
MGG_17344T0	456	457	3061	404.118
MGG_17323T0	1179	1180	108	5.52209
MGG_04958T0	2142	2143	941	26.4929
MGG_04579T0	543	544	0	0
MGG_15048T0	1074	1075	620	34.7972
MGG_03505T0	724	725	134	11.1514
MGG_00985T0	1645	1646	167.111	6.12543
MGG_03458T0	2048	2049	516	15.1939
MGG_15684T0	162	163	0	0
MGG_14154T0	1303	1304	57824	2675.42
MGG_12497T0	1698	1699	15	0.532671
MGG_18077T0	240	241	34	8.51184
MGG_17828T0	1610	1611	125	4.6814
MGG_01470T0	1164	1165	1688	87.4194
MGG_01059T0	1592	1593	2794.93	105.856
MGG_16521T0	1290	1291	172.007	8.03862
MGG_03281T0	1677	1678	1067.07	38.3673
MGG_03281T1	1356	1357	220.932	9.82291
MGG_04298T0	1683	1684	0	0
MGG_17148T0	433	434	81	11.2605
MGG_03207T0	1870	1871	3336	107.576
MGG_05765T0	969	970	103	6.40659
MGG_01102T0	1739	1740	1344	46.6027
MGG_00672T0	3079	3080	1397	27.3657
MGG_04369T0	1671	1672	131	4.72712
MGG_01597T0	4528	4529	3102	41.3239
MGG_08047T0	1815	1816	366	12.1598
MGG_13857T0	309	310	0	0
MGG_09272T0	3167	3168	7518	143.179
MGG_08816T0	686	687	48	4.21547
MGG_03015T0	1599	1600	17	0.641048
MGG_09374T0	930	931	243	15.7477
MGG_09036T0	1235	1236	1	0.0488138
MGG_03858T0	1997	1998	822	24.8221
MGG_16895T0	2962	2963	4651.98	94.7257
MGG_04004T0	2622	2623	3788	87.1311
MGG_17646T0	957	958	0	0
MGG_15723T0	2608	2609	1213.37	28.0594
MGG_05148T0	2100	2101	451.516	12.9661
MGG_07817T0	2165	2166	50.8708	1.417
MGG_05533T0	1311	1312	2988	137.407
MGG_15676T0	804	805	10	0.749489
MGG_04876T0	1172	1173	3082.05	158.527
MGG_16807T0	261	262	0	0
MGG_09179T0	2042	2043	4621	136.467
MGG_07620T0	2514	2515	7	0.167927
MGG_14091T0	354	355	1	0.169955
MGG_17806T0	339	340	0	0
MGG_16693T0	387	388	0	0
MGG_15445T0	498	499	91	11.0028
MGG_00363T0	4490	4491	684	9.18913
MGG_03555T0	2474	2475	3195	77.8856
MGG_11494T0	2089	2090	352	10.1615
MGG_08705T0	1798	1799	441.035	14.7912
MGG_07124T0	1317	1318	543	24.8568
MGG_02935T0	2046	2047	474	13.9708
MGG_07194T0	804	805	1602	120.068
MGG_15411T0	1533	1534	7	0.275318
MGG_09576T0	1180	1181	171	8.7359
MGG_03068T0	2365	2366	126.104	3.21571
MGG_03068T1	1558	1559	184.896	7.15553
MGG_09007T0	1679	1680	2285	82.0613
MGG_08140T0	2859	2860	1000	21.0958
MGG_06317T0	5507	5508	1250	13.6923
MGG_05532T0	1428	1429	39	1.64662
MGG_12858T0	1428	1429	123	5.19319
MGG_17569T0	162	163	3	1.11044
MGG_09003T0	2038	2039	1442	42.6687
MGG_06386T0	1191	1192	431	21.8154
MGG_05020T0	1286	1287	1045	48.9891
MGG_07515T0	1148	1149	607.199	31.884
MGG_03299T0	2130	2131	2704	76.5569
MGG_17231T0	663	664	0	0
MGG_02451T0	1020	1021	877	51.8245
MGG_03393T0	1516	1517	468	18.6132
MGG_13346T0	396	397	667	101.367
MGG_06555T0	1971	1972	480	14.6857
MGG_08610T0	663	664	10	0.908643
MGG_12181T0	174	175	194	66.8844
MGG_06744T0	1070	1071	765	43.0956
MGG_10510T0	1596	1597	319	12.0517
MGG_13957T0	1395	1396	48	2.07452
MGG_16520T0	1772	1773	1787	60.8103
MGG_10145T0	582	583	0	0
MGG_14870T0	3754	3755	3177.27	51.0511
MGG_05999T0	762	763	934	73.8556
MGG_17512T0	162	163	49	18.1372
MGG_03726T0	2050	2051	2617.91	77.0106
MGG_07969T0	306	307	164	32.2305
MGG_00023T0	1515	1516	0	0
MGG_16086T0	162	163	0	0
MGG_03885T0	1657	1658	1463.73	53.2645
MGG_06550T0	2871	2872	112.012	2.35311
MGG_06550T1	2589	2590	9.54242	0.22229
MGG_01677T0	3568	3569	3426.77	57.9296
MGG_15491T0	603	604	0	0
MGG_08043T0	2511	2512	34	0.816621
MGG_16484T0	186	187	4	1.29056
MGG_03363T0	1808	1809	344	11.4731
MGG_16527T0	434	435	29	4.02226
MGG_00128T0	2857	2858	872.942	18.4283
MGG_03329T0	1181	1182	482	24.6032
MGG_14082T0	228	229	0	0
MGG_17179T0	514	515	13	1.52299
MGG_14465T0	2186	2187	433	11.9454
MGG_04389T0	1450	1451	161.44	6.71281
MGG_16435T0	252	253	13.3987	3.19523
MGG_15120T0	506	507	4	0.476007
MGG_03672T0	2892	2893	7869	164.109
MGG_16228T1	1562	1563	0	0
MGG_16228T0	1613	1614	38	1.4205
MGG_06920T0	2710	2711	1957.64	43.5677
MGG_04740T0	1393	1394	1468	63.5367
MGG_07361T0	1704	1705	147	5.20181
MGG_09723T0	594	595	0	0
MGG_11486T0	2565	2566	1268	29.8143
MGG_17686T0	189	190	11	3.49302
MGG_04413T0	2010	2011	276.013	8.28093
MGG_04413T1	2563	2564	1299.99	30.5902
MGG_16426T0	790	791	150	11.4413
MGG_04716T0	871	872	1453	100.533
MGG_15830T0	3658	3659	1021	16.8354
MGG_05147T0	2561	2562	1289.48	30.3667
MGG_00103T0	1404	1405	1285	55.1808
MGG_03446T0	3811	3812	280.408	4.43812
MGG_06444T0	1531	1532	750	29.5368
MGG_06427T0	596	597	875	88.4291
MGG_15726T0	150	151	69	27.5698
MGG_13498T0	5310	5311	1551	17.6196
MGG_04499T0	1479	1480	42	1.71218
MGG_10528T0	4147	4148	1373	19.9707
MGG_06985T0	2254	2255	430.266	11.512
MGG_03308T0	910	911	54	3.57632
MGG_11913T0	2779	2780	376	8.16027
MGG_11737T0	1491	1492	34271	1385.86
MGG_04871T1	2023	2024	228.518	6.81195
MGG_04871T0	1758	1759	309.482	10.6153
MGG_13552T0	2540	2541	1140.59	27.0824
MGG_01273T0	1097	1098	666	36.596
MGG_02993T0	1833	1834	436	14.3433
MGG_03831T0	1975	1976	1287	39.2964
MGG_15451T0	2771	2772	465	10.1209
MGG_13101T0	950	951	37	2.34738
MGG_04825T0	3261	3262	505.208	9.34432
MGG_09218T0	1320	1321	550.405	25.1386
MGG_12911T0	1401	1402	1025	44.11
MGG_17634T0	3176	3177	474	9.00166
MGG_11129T0	4341	4342	1357	18.8561
MGG_04184T0	1262	1263	1079.21	51.5541
MGG_09417T0	414	415	81	11.776
MGG_00932T0	1680	1681	268	9.61897
MGG_16594T0	177	178	0	0
MGG_17845T1	828	829	0	0
MGG_17845T0	887	888	7.96959	0.541483
MGG_14871T0	801	802	48	3.61101
MGG_01828T0	2223	2224	2534	68.7437
MGG_15096T0	576	577	165.138	17.2677
MGG_05308T0	1100	1101	16	0.876787
MGG_07426T0	459	460	2	0.262321
MGG_11903T0	2297	2298	1617.92	42.4783
MGG_04913T0	616	617	2091	204.47
MGG_05977T0	1533	1534	1505	59.1933
MGG_04863T0	4581	4582	2481	32.6688
MGG_01541T0	4896	4897	82	1.01029
MGG_16528T0	928	929	761.37	49.4472
MGG_02082T0	1432	1433	0	0
MGG_06357T0	829	830	5289	384.465
MGG_01418T0	1424	1425	33	1.39721
MGG_02946T0	1611	1612	1145	42.855
MGG_05650T0	2683	2684	972	21.8497
MGG_16689T0	513	514	48	5.63429
MGG_07720T0	2172	2173	1523	42.2865
MGG_03484T0	1101	1102	3559	194.853
MGG_04430T0	2996	2997	1204	24.2382
MGG_00992T0	1875	1876	759	24.4101
MGG_16772T0	271	272	3	0.665447
MGG_00628T0	1062	1063	1	0.0567581
MGG_07049T0	1593	1594	389	14.7239
MGG_00470T0	2198	2199	77	2.11265
MGG_14374T0	468	469	0	0
MGG_05282T0	1064	1065	1330.97	75.4013
MGG_05366T0	2840	2841	1806	38.3538
MGG_04533T0	3716	3717	508	8.24579
MGG_12696T0	830	831	4	0.290416
MGG_12515T0	4817	4818	959.602	12.0167
MGG_15894T0	288	289	0	0
MGG_11870T0	2962	2963	5689	115.842
MGG_10104T0	2711	2712	1785	39.7109
MGG_15777T0	1277	1278	22.3327	1.05432
MGG_15777T1	1350	1351	131.339	5.86543
MGG_16257T0	240	241	3	0.751044
MGG_09076T0	1830	1831	243	8.00717
MGG_00567T0	5367	5368	1004	11.2845
MGG_13583T0	1602	1603	23	0.865677
MGG_07748T0	537	538	25	2.80362
MGG_14779T0	353	354	122	20.793
MGG_01832T0	2334	2335	1666	43.0477
MGG_17699T0	3739	3740	623.593	10.0598
MGG_10564T0	1225	1226	62	3.05114
MGG_02449T0	1524	1525	2139	84.6257
MGG_07441T0	4001	4002	2025	30.5288
MGG_17631T0	198	199	35	10.6115
MGG_15692T0	290	291	11	2.28066
MGG_09354T0	2731	2732	5992	132.328
MGG_04746T0	3325	3326	669	12.1357
MGG_06030T0	1043	1044	2066	119.396
MGG_01581T0	2133	2134	2826	79.8986
MGG_00799T0	2403	2404	890	22.3366
MGG_02493T0	3697	3698	1488.75	24.2894
MGG_14837T0	2007	2008	25.9916	0.780963
MGG_16903T0	168	169	5	1.78503
MGG_10021T0	402	403	0	0
MGG_01377T0	1072	1073	825	46.3891
MGG_00205T0	1682	1683	416	14.9132
MGG_11771T0	2014	2015	471	14.1029
MGG_10023T0	924	925	83	5.41374
MGG_01582T0	2026	2027	2431	72.359
MGG_01755T0	1874	1875	2654	85.4006
MGG_04053T0	1517	1518	2456.35	97.6293
MGG_03354T0	630	631	11483	1097.96
MGG_13254T0	1742	1743	898	31.0842
MGG_01818T0	3524	3525	3018.71	51.6682
MGG_06931T0	1974	1975	776.262	23.7139
MGG_03665T0	1232	1233	116	5.67618
MGG_12127T0	1342	1343	9851	442.553
MGG_08156T0	2365	2366	637.143	16.2474
MGG_14716T0	474	475	142	18.0367
MGG_10664T0	3883	3884	434	6.74174
MGG_09919T0	2366	2367	4625	117.889
MGG_17614T0	360	361	0	0
MGG_03640T0	3344	3345	2901	52.3255
MGG_15742T0	339	340	92	16.3256
MGG_07015T0	2850	2851	396	8.3803
MGG_05097T0	2563	2564	453.993	10.683
MGG_14656T0	1582	1583	1065.2	40.5988
MGG_02592T0	3264	3265	9	0.166311
MGG_17864T0	1107	1108	329	17.915
MGG_08018T0	267	268	1	0.225126
MGG_00194T0	2283	2284	195	5.1511
MGG_17684T0	341	342	22	3.88113
MGG_08180T0	1989	1990	2442	74.0379
MGG_02094T0	1629	1630	0	0
MGG_04160T0	5872	5873	714	7.33499
MGG_11322T0	1413	1414	673	28.7162
MGG_10058T0	2138	2139	6230	175.727
MGG_00330T0	1724	1725	2669	93.3514
MGG_06435T0	568	569	538	57.0468
MGG_16060T0	1134	1135	5	0.265788
MGG_11224T0	2156	2157	10079	281.923
MGG_01385T0	2319	2320	4201	109.251
MGG_17546T0	546	547	16	1.76479
MGG_15624T0	1991	1992	888	26.8958
MGG_17333T0	198	199	0	0
MGG_02533T0	5974	5975	767	7.74495
MGG_00106T0	2732	2733	2240.31	49.4572
MGG_03558T0	3823	3824	1663	26.2383
MGG_12697T0	4046	4047	841	12.5379
MGG_15856T0	722	723	2	0.166899
MGG_15320T0	630	631	166	15.8723
MGG_15683T0	216	217	0	0
MGG_03421T0	1056	1057	3	0.171241
MGG_10138T0	1862	1863	295.19	9.55984
MGG_03107T0	1960	1961	2859	87.9626
MGG_16018T0	485	486	15.8613	1.96908
MGG_03356T0	1068	1069	124	6.99851
MGG_14863T0	1053	1054	394	22.5537
MGG_17426T0	1074	1075	71	3.98484
MGG_14657T0	798	799	1155.48	87.2522
MGG_05436T0	1167	1168	529	27.3259
MGG_05904T0	4360	4361	3545	49.0446
MGG_01766T0	1537	1538	733	28.7547
MGG_15539T0	607	608	11	1.09157
MGG_01769T1	2508	2509	1020.23	24.5334
MGG_01769T0	2565	2566	154.773	3.63915
MGG_12804T0	2241	2242	1057	28.4447
MGG_07980T0	1885	1886	64	2.04739
MGG_16825T0	2214	2215	718	19.5574
MGG_11092T0	504	505	4	0.477892
MGG_04971T0	2223	2224	799	21.6757
MGG_05291T0	2327	2328	745.018	19.3083
MGG_00426T0	819	820	5	0.36789
MGG_10422T0	1950	1951	748	23.1316
MGG_06778T0	2774	2775	420	9.13162
MGG_02319T0	1512	1513	337	13.4385
MGG_00665T0	2317	2318	785.121	20.4355
MGG_10799T0	2456	2457	1647	40.4436
MGG_05122T0	1606	1607	18	0.6758
MGG_07243T0	2675	2676	2915	65.7225
MGG_00889T0	4586	4587	307	4.03804
MGG_05818T0	423	424	236	33.5821
MGG_02543T0	987	988	16	0.977067
MGG_16867T0	4063	4064	1261	18.7207
MGG_01238T0	5702	5703	1560	16.5037
MGG_04396T0	3648	3649	4088.4	67.5991
MGG_08854T0	1951	1952	766	23.6761
MGG_08087T0	2343	2344	5006	128.853
MGG_04723T0	525	526	82	9.40566
MGG_15556T0	189	190	166	52.7128
MGG_08141T0	2841	2842	631	13.3957
MGG_00773T0	1405	1406	461	19.7823
MGG_17277T0	5858	5859	543.126	5.59291
MGG_16911T0	177	178	5	1.69477
MGG_05710T0	1530	1531	617	24.3148
MGG_16396T0	231	232	0	0
MGG_16934T0	369	370	0	0
MGG_10053T0	1285	1286	327	15.3415
MGG_17861T0	2166	2167	1127	31.3781
MGG_09735T0	630	631	123	11.7608
MGG_13076T0	912	913	119	7.86389
MGG_06447T0	5562	5563	618	6.70256
MGG_06116T0	2264	2265	1793	47.761
MGG_02013T0	354	355	0	0
MGG_02467T0	737	738	2675	218.69
MGG_04248T0	2474	2475	1908	46.5119
MGG_06231T0	420	421	0	0
MGG_00545T0	2163	2164	1518	42.3229
MGG_12420T0	416	417	6038.78	873.725
MGG_02477T0	1685	1686	533	19.0735
MGG_01953T0	348	349	0	0
MGG_15616T0	195	196	0	0
MGG_16329T0	300	301	285	57.1268
MGG_08591T0	2299	2300	694.771	18.2253
MGG_17018T0	897	898	252	16.9311
MGG_16225T0	240	241	5	1.25174
MGG_11116T0	4740	4741	226	2.87607
MGG_09763T0	1203	1204	118577	5942.04
MGG_08271T0	2281	2282	749.124	19.8061
MGG_08271T1	2266	2267	204.876	5.45257
MGG_08658T0	354	355	0	0
MGG_00673T0	1311	1312	444	20.4179
MGG_04702T0	1169	1170	680	35.0659
MGG_00310T0	2032	2033	148	4.39224
MGG_01071T0	2385	2386	857	21.6706
MGG_00052T0	675	676	592	52.8368
MGG_08891T0	2037	2038	418	12.3747
MGG_06739T0	2010	2011	114	3.42022
MGG_16864T0	218	219	3	0.826492
MGG_04126T0	2572	2573	117	2.74352
MGG_04615T0	4106	4107	1652	24.2687
MGG_04663T0	1536	1537	314.125	12.3308
MGG_15860T0	1504	1505	1364	54.6814
MGG_09293T0	3847	3848	990.529	15.5308
MGG_16206T0	1137	1138	7	0.371122
MGG_16206T1	819	820	0	0
MGG_16906T0	150	151	111	44.3514
MGG_16644T0	439	440	0	0
MGG_14872T0	2749	2750	996	21.8518
MGG_00625T0	1430	1431	5249	221.309
MGG_11473T0	2183	2184	128	3.53605
MGG_01138T0	1401	1402	286	12.3078
MGG_11255T0	859	860	4556	319.629
MGG_06062T0	4408	4409	524	7.17055
MGG_04870T0	2141	2142	1673	47.1235
MGG_01528T0	1757	1758	1197	41.0806
MGG_00990T0	4175	4176	2748	39.7025
MGG_04898T0	504	505	898	107.287
MGG_02531T0	3518	3519	774	13.2704
MGG_00068T0	2243	2244	363	9.75989
MGG_05757T0	1553	1554	582.845	22.6289
MGG_02828T0	4675	4676	1665	21.4833
MGG_15333T0	1233	1234	12	0.586715
MGG_09887T0	1035	1036	1494	87.0066
MGG_15298T0	1269	1270	90	4.27563
MGG_16752T0	1081	1082	398.128	22.2002
MGG_10810T0	537	538	0	0
MGG_13202T0	2036	2037	760	22.5104
MGG_11611T0	1527	1528	5689	224.633
MGG_07763T0	1524	1525	289	11.4338
MGG_07506T0	2343	2344	450	11.5829
MGG_16272T0	701	702	99	8.50863
MGG_00308T0	2169	2170	413.17	11.4876
MGG_02567T0	2296	2297	857	22.5103
MGG_05937T0	3997	3998	478	7.21351
MGG_15118T0	641	642	2548	239.456
MGG_16227T0	409	410	92	13.5383
MGG_08399T0	387	388	0	0
MGG_05753T0	1533	1534	10577	416.005
MGG_07473T0	1960	1961	133	4.092
MGG_04210T0	1605	1606	1094	41.0992
MGG_15309T0	573	574	38	3.99423
MGG_13309T0	3118	3119	10	0.19344
MGG_18010T0	485	486	0	0
MGG_17421T0	432	433	1	0.139339
MGG_16242T0	564	565	10	1.06786
MGG_16240T0	156	157	26	9.9916
MGG_02016T0	1755	1756	0	0
MGG_00066T0	1381	1382	19	0.829482
MGG_08796T0	309	310	0	0
MGG_04862T0	2487	2488	2066	50.1004
MGG_02143T0	1149	1150	9	0.472178
MGG_17658T0	1482	1483	718	29.2109
MGG_08459T0	1563	1564	85	3.27902
MGG_00233T0	7158	7159	0	0
MGG_05992T0	1980	1981	1903	57.9583
MGG_04096T0	542	543	0	0
MGG_01438T0	786	787	2133	163.522
MGG_03812T0	996	997	0	0
MGG_10588T0	3269	3270	3290	60.7029
MGG_15796T0	330	331	4	0.729111
MGG_03075T0	2614	2615	1176	27.1329
MGG_04628T0	1785	1786	36	1.21614
MGG_10636T0	930	931	905	58.649
MGG_02369T0	630	631	0	0
MGG_12016T0	711	712	4	0.338954
MGG_04109T0	1744	1745	3892	134.567
MGG_00503T0	3325	3326	1894.18	34.3605
MGG_17926T0	380	381	22	3.48385
MGG_14794T0	1617	1618	90	3.35603
MGG_03539T0	963	964	30	1.87761
MGG_05640T0	750	751	820	65.8772
MGG_16167T0	1608	1609	9.08151	0.340536
MGG_04132T0	4069	4070	276.602	4.10036
MGG_07267T0	1972	1973	817.204	24.9899
MGG_02347T0	668	669	201	18.1272
MGG_17171T0	201	202	47	14.0381
MGG_15057T0	2749	2750	356.563	7.82286
MGG_06032T0	2364	2365	697	17.7813
MGG_16308T0	1384	1385	177	7.71054
MGG_14550T0	1664	1665	1651	59.8266
MGG_15686T0	324	325	1	0.185643
MGG_01996T0	4709	4710	63.2755	0.810543
MGG_01996T1	4656	4657	145.724	1.88794
MGG_05249T0	1888	1889	2241.52	71.5932
MGG_13023T0	1552	1553	727	28.2439
MGG_07524T0	1631	1632	458	16.9319
MGG_16372T0	1299	1300	15.0091	0.696583
MGG_00176T0	1168	1169	466	24.051
MGG_16751T0	1128	1129	270.376	14.4489
MGG_15558T0	183	184	0	0
MGG_06566T0	4045	4046	1713	25.5442
MGG_00646T0	1146	1147	632.397	33.265
MGG_15902T0	2760	2761	50.4238	1.10187
MGG_05648T0	881	882	170	11.629
MGG_00885T0	3205	3206	1115	20.9832
MGG_10546T0	315	316	0	0
MGG_03843T0	2652	2653	227	5.16238
MGG_11357T0	3855	3856	2703	42.2932
MGG_01207T0	5073	5074	2062.29	24.5223
MGG_01207T1	5502	5503	67.7095	0.742355
MGG_15775T1	2969	2970	549.744	11.1677
MGG_15775T0	742	743	7.25867	0.589427
MGG_11141T0	4123	4124	1273	18.6239
MGG_16077T0	900	901	141.015	9.44282
MGG_10269T0	3027	3028	5501	109.609
MGG_08409T0	888	889	0	0
MGG_17798T0	423	424	29	4.12661
MGG_05121T0	2681	2682	36	0.809851
MGG_03406T0	3782	3783	1122	17.8944
MGG_15696T0	1752	1753	133.83	4.6061
MGG_10163T0	1802	1803	749	25.0638
MGG_00486T0	959	960	96.2047	6.04625
MGG_09560T0	5038	5039	2027	24.2701
MGG_13116T0	1409	1410	26316.6	1126.09
MGG_08708T0	2454	2455	853.475	20.9749
MGG_13182T0	336	337	23	4.11774
MGG_10362T0	1122	1123	2853	153.279
MGG_14175T0	3019	3020	146	2.9168
MGG_18112T0	468	469	18.9901	2.44296
MGG_18112T1	631	632	41.0099	3.91501
MGG_09929T0	999	1000	646	38.9757
MGG_03963T0	2840	2841	5138	109.115
MGG_06454T0	1662	1663	1911	69.3314
MGG_10697T0	1102	1103	707.474	38.6987
MGG_05302T0	2734	2735	191.965	4.23473
MGG_16600T0	624	625	10	0.965342
MGG_15460T0	597	598	1328.38	134.024
MGG_09262T0	1916	1917	958.206	30.1577
MGG_05976T0	1218	1219	446	22.0746
MGG_16332T0	180	181	24	8.00007
MGG_17224T0	1020	1021	346	20.4462
MGG_13768T0	2385	2386	151	3.81828
MGG_11606T0	1609	1610	135	5.05905
MGG_09821T0	1668	1669	538	19.4486
MGG_17126T0	159	160	33	12.4439
MGG_07882T0	1884	1885	998	31.9434
MGG_06839T0	3231	3232	978	18.257
MGG_05023T0	1059	1060	367	20.8892
MGG_07814T0	834	835	4	0.289025
MGG_16358T0	725	726	0	0
MGG_08623T0	3323	3324	2685.12	48.7375
MGG_09867T0	1222	1223	435.692	21.4939
MGG_09204T0	1498	1499	2206	88.7902
MGG_08137T0	3728	3729	879	14.2219
MGG_09445T0	1700	1701	1	0.0354697
MGG_15751T0	396	397	142	21.5804
MGG_09287T0	1863	1864	3493	113.061
MGG_17030T0	309	310	157	30.5562
MGG_16402T0	807	808	1671	124.775
MGG_03294T0	2359	2360	1	0.0255652
MGG_11906T0	873	874	273	18.8457
MGG_08452T0	3390	3391	84.284	1.49961
MGG_06798T0	1323	1324	576	26.248
MGG_08725T0	4530	4531	158	2.1039
MGG_00912T0	2987	2988	954	19.2632
MGG_08377T0	1497	1498	217	8.73996
MGG_02246T0	660	661	70	6.38937
MGG_05614T0	1461	1462	896	36.9762
MGG_17475T0	336	337	4	0.716129
MGG_09394T0	2165	2166	3058	85.1805
MGG_02075T0	3493	3494	85	1.46777
MGG_17761T0	311	312	22	4.25431
MGG_16554T0	774	775	0	0
MGG_09458T0	1721	1722	2241	78.5181
MGG_16846T0	761	762	38	3.00878
MGG_16157T0	399	400	0	0
MGG_00900T0	444	445	296	40.1322
MGG_00930T0	5944	5945	1029.62	10.4492
MGG_01149T0	576	577	2006	209.757
MGG_02938T0	1108	1109	1294	70.3986
MGG_16806T0	3654	3655	382	6.30576
MGG_15589T0	474	475	117	14.8612
MGG_01510T0	2813	2814	677	14.5153
MGG_10559T0	429	430	0	0
MGG_01519T0	1284	1285	1279	60.0522
MGG_17072T0	2166	2167	2975	82.8303
MGG_16328T0	633	634	2.5	0.23791
MGG_15381T0	642	643	2	0.187664
MGG_08398T0	588	589	0	0
MGG_12165T0	1756	1757	3276	112.495
MGG_00783T0	1574	1575	587	22.4863
MGG_18097T0	675	676	8	0.714011
MGG_15814T0	1015	1016	24083	1430.14
MGG_10788T0	432	433	0	0
MGG_03594T0	1396	1397	767.642	33.1531
MGG_09006T0	976	977	4155.41	256.614
MGG_10741T0	1835	1836	459	15.0835
MGG_07352T0	345	346	0	0
MGG_09068T0	870	871	0	0
MGG_07656T0	3387	3388	4307	76.6996
MGG_07715T0	1424	1425	737	31.2043
MGG_16919T0	159	160	0	0
MGG_08905T0	1191	1192	3668	185.658
MGG_03681T0	1887	1888	2796	89.3504
MGG_17737T0	186	187	0	0
MGG_17087T0	669	670	20	1.80101
MGG_11617T0	1986	1987	10	0.303643
MGG_05615T0	2782	2783	274	5.94017
MGG_16172T0	396	397	0	0
MGG_09426T0	1884	1885	269	8.60998
MGG_06909T0	2035	2036	1039	30.7893
MGG_17515T0	249	250	0	0
MGG_15291T0	3638	3639	9739.27	161.475
MGG_08633T0	672	673	17	1.52404
MGG_02956T0	1958	1959	166	5.11252
MGG_06349T0	1179	1180	2479	126.752
MGG_05768T0	2682	2683	63	1.41671
MGG_05125T0	3393	3394	948	16.8522
MGG_06564T0	1955	1956	1441	44.4484
MGG_03919T0	2625	2626	1665	38.2544
MGG_02694T0	2079	2080	490	14.2133
MGG_17965T0	793	794	23	1.74771
MGG_09396T0	1382	1383	2415	105.355
MGG_17702T0	1579	1580	764	29.1741
MGG_06187T0	921	922	432	28.2692
MGG_00276T0	1545	1546	2202	85.9348
MGG_17043T0	168	169	0	0
MGG_14874T0	861	862	1320	92.3907
MGG_05638T0	1912	1913	6250	197.118
MGG_03588T0	1693	1694	635	22.6163
MGG_03682T0	1758	1759	1569	53.8169
MGG_02438T0	2607	2608	1870.99	43.2839
MGG_17119T0	3027	3028	698	13.9079
MGG_17812T0	1969	1970	589	18.0389
MGG_15580T0	3102	3103	56	1.08885
MGG_15887T0	1328	1329	53	2.40609
MGG_03572T0	1057	1058	1182	67.4052
MGG_01535T0	1222	1223	384	18.9438
MGG_14704T0	789	790	38	2.90214
MGG_06312T0	3726	3727	520	8.41793
MGG_08139T0	1580	1581	834.245	31.8363
MGG_08139T1	1529	1530	1157.75	45.6548
MGG_16336T0	375	376	158	25.3531
MGG_11269T0	1794	1795	352	11.8315
MGG_07702T0	1195	1196	289	14.579
MGG_04196T0	4253	4254	3785	53.6821
MGG_15095T0	645	646	0	0
MGG_06073T0	1490	1491	954	38.604
MGG_15419T0	417	418	129	18.6198
MGG_08363T0	1933	1934	49	1.52863
MGG_05646T0	2888	2889	2504.87	52.3117
MGG_17584T0	396	397	3	0.455924
MGG_16533T0	192	193	0	0
MGG_01177T0	919	920	15	0.983705
MGG_05092T0	1158	1159	738	38.418
MGG_17406T0	720	721	8	0.669447
MGG_12699T0	321	322	3	0.562117
MGG_17415T0	294	295	20	4.09043
MGG_03317T0	2183	2184	3217.95	88.8973
MGG_08893T0	3923	3924	2042	31.397
MGG_16699T0	252	253	0	0
MGG_00041T0	1308	1309	697.93	32.1687
MGG_17544T0	153	154	0	0
MGG_08835T0	1602	1603	20488	771.13
MGG_15720T0	1861	1862	764	24.7557
MGG_06053T0	1859	1860	8644	280.39
MGG_15450T0	342	343	0	0
MGG_03757T0	1867	1868	509	16.44
MGG_12861T0	1689	1690	2178	77.7558
MGG_16373T0	3136	3137	23.9061	0.459786
MGG_01862T0	2175	2176	31	0.859536
MGG_01742T0	3036	3037	27587	548.051
MGG_05694T1	2470	2471	1476.91	36.0615
MGG_05694T0	1931	1932	181.087	5.6551
MGG_04566T0	1125	1126	954	51.1177
MGG_07047T0	4618	4619	1575	20.5728
MGG_02247T0	1475	1476	614	25.0982
MGG_15544T0	150	151	106	42.3536
MGG_00163T0	1784	1785	1708	57.7313
MGG_02289T0	1805	1806	125	4.17593
MGG_04578T0	315	316	0	0
MGG_10673T0	1026	1027	163	9.57588
MGG_06151T0	1032	1033	576.74	33.6854
MGG_04688T0	2551	2552	482	11.3954
MGG_15403T0	780	781	5	0.386261
MGG_13686T0	533	534	0	0
MGG_12447T0	12105	12106	357	1.77922
MGG_10065T0	603	604	0	0
MGG_05802T0	1290	1291	16	0.747748
MGG_06430T0	2752	2753	1723	37.7607
MGG_01604T0	2440	2441	3164	78.2042
MGG_07787T0	2448	2449	2858	70.4101
MGG_16325T0	474	475	3	0.381056
MGG_04631T0	1068	1069	87	4.91024
MGG_17911T0	336	337	2	0.358065
MGG_08337T0	1430	1431	1	0.0421621
MGG_12155T0	4293	4294	9	0.126457
MGG_02186T0	1601	1602	1146	43.1602
MGG_01181T0	1725	1726	4	0.139824
MGG_00297T0	1872	1873	1102	35.4981
MGG_14937T0	2537	2538	1597.32	37.9717
MGG_09977T0	1892	1893	4593	146.389
MGG_17535T0	1833	1834	2791.02	91.8174
MGG_16128T0	273	274	15	3.30295
MGG_18071T0	162	163	0	0
MGG_01093T0	1388	1389	950	41.2651
MGG_06145T0	3991	3992	18222	275.402
MGG_06203T0	2060	2061	34674	1015.05
MGG_12813T0	1545	1546	1630	63.6121
MGG_06986T0	1071	1072	64	3.60202
MGG_03579T0	2556	2557	942	22.227
MGG_14253T0	189	190	0	0
MGG_09736T0	1084	1085	2266	126.006
MGG_07957T0	1960	1961	106	3.26129
MGG_09567T0	1363	1364	415.735	18.3892
MGG_17408T0	297	298	11	2.22709
MGG_16135T0	177	178	17	5.76223
MGG_05201T0	1041	1042	3021	174.922
MGG_13177T0	2248	2249	1119	30.0194
MGG_16688T0	435	436	0	0
MGG_07859T0	2238	2239	0	0
MGG_07269T0	996	997	29	1.75495
MGG_02428T0	2602	2603	685	15.8773
MGG_10700T0	1251	1252	3830	184.568
MGG_06423T0	1116	1117	1638	88.4753
MGG_04822T0	1517	1518	854	33.9428
MGG_02453T0	1732	1733	661	23.0125
MGG_04422T0	1418	1419	42.9959	1.82813
MGG_10748T0	2022	2023	6	0.178944
MGG_17717T1	682	683	13.7823	1.21748
MGG_17717T0	748	749	27.2177	2.19246
MGG_16287T0	1876	1877	1658	53.2944
MGG_15854T0	183	184	10	3.27902
MGG_00478T0	1600	1601	652.961	24.6069
MGG_06503T0	1461	1462	1117	46.0964
MGG_06303T0	1630	1631	1521	56.2648
MGG_08656T0	1815	1816	399	13.2562
MGG_15277T0	4505	4506	76	1.01762
MGG_15187T0	453	454	3	0.398682
MGG_15632T0	318	319	29	5.4849
MGG_17853T0	153	154	0	0
MGG_00371T0	5831	5832	3713.77	38.4202
MGG_09186T1	4746	4747	42.4939	0.540094
MGG_09186T0	6384	6385	4243.51	40.0982
MGG_17662T0	1146	1147	0	0
MGG_08006T0	1659	1660	5261	191.215
MGG_08637T0	2016	2017	2086	62.3979
MGG_16972T0	1590	1591	0	0
MGG_01859T0	2973	2974	348	7.05992
MGG_02925T0	1011	1012	1349	80.4253
MGG_07663T0	2537	2538	1062	25.2461
MGG_08697T0	4427	4428	313	4.26479
MGG_16002T0	351	352	0	0
MGG_13409T0	2300	2301	118	3.09405
MGG_06416T0	2380	2381	211	5.34668
MGG_05534T0	3053	3054	9203	181.812
MGG_08549T0	2142	2143	203	5.71525
MGG_17381T0	315	316	0	0
MGG_05132T0	1645	1646	26.7218	0.979483
MGG_01561T0	2787	2788	1382	29.9073
MGG_16943T0	447	448	0	0
MGG_17503T0	1419	1420	39	1.65706
MGG_01975T0	2421	2422	0	0
MGG_08847T0	2880	2881	662	13.8636
MGG_00988T0	2059	2060	1306	38.2505
MGG_16462T0	1517	1518	6003.98	238.632
MGG_02572T0	4124	4125	1390	20.3307
MGG_04182T0	2627	2628	1255	28.8124
MGG_03513T0	2272	2273	1249	33.1531
MGG_02743T0	2005	2006	724.852	21.8012
MGG_11176T0	1729	1730	415.118	14.4773
MGG_07337T0	751	752	10511	843.311
MGG_03174T0	1603	1604	396	14.8954
MGG_09616T0	396	397	0	0
MGG_04291T0	366	367	0	0
MGG_11310T0	1741	1742	7584	262.671
MGG_08702T0	687	688	0	0
MGG_16757T0	372	373	3	0.485259
MGG_16213T0	6225	6226	4101	39.7413
MGG_09306T0	3741	3742	299	4.82091
MGG_03270T0	3549	3550	539.348	9.16648
MGG_08474T0	1790	1791	1120	37.7297
MGG_16175T0	527	528	0	0
MGG_05684T0	1823	1824	1028	34.004
MGG_05656T0	6419	6420	374	3.51478
MGG_11399T0	1488	1489	1111	45.0174
MGG_08937T0	2022	2023	108.612	3.23924
MGG_17379T0	375	376	0	0
MGG_18137T0	2517	2518	0	0
MGG_00638T0	2495	2496	562	13.5848
MGG_11425T0	8954	8955	3479	23.4396
MGG_00899T0	1859	1860	14430	468.074
MGG_11192T0	3581	3582	402	6.77114
MGG_17250T0	252	253	0	0
MGG_16122T0	210	211	24	6.86262
MGG_06274T0	1915	1916	935	29.4427
MGG_13338T0	1700	1701	205	7.27128
MGG_10525T0	2592	2593	3319	77.2265
MGG_09351T0	1322	1323	158438	7225.38
MGG_11887T0	1641	1642	294.701	10.8285
MGG_16581T0	255	256	0	0
MGG_15523T0	2819	2820	595	12.73
MGG_12748T0	854	855	1198	84.538
MGG_15708T0	353	354	1	0.170435
MGG_14206T0	1694	1695	67	2.38488
MGG_09563T0	1429	1430	1434	60.5027
MGG_07613T0	7956	7957	5202	39.4441
MGG_17513T0	2150	2151	10923	306.382
MGG_17478T0	162	163	1	0.370147
MGG_16552T0	633	634	2.5	0.23791
MGG_09030T0	2141	2142	175	4.92924
MGG_09949T0	2472	2473	1354.24	33.0394
MGG_05744T0	509	510	0	0
MGG_14156T0	471	472	0	0
MGG_09663T0	306	307	0	0
MGG_04637T0	3124	3125	1638	31.6246
MGG_04452T0	976	977	32	1.97614
MGG_03407T0	2889	2890	238	4.96867
MGG_13936T0	2207	2208	9324	254.78
MGG_12101T0	2503	2504	2600	62.647
MGG_03740T0	1179	1180	1097.06	56.0933
MGG_15785T0	381	382	4	0.631769
MGG_00088T0	1707	1708	1185	41.8593
MGG_00548T0	1475	1476	5579.02	228.051
MGG_00548T1	1427	1428	3591.98	151.764
MGG_15198T0	957	958	19	1.1966
MGG_11546T0	5081	5082	2051	24.3496
MGG_01586T0	3222	3223	5166	96.7065
MGG_08573T0	3477	3478	1530	26.5414
MGG_02231T0	936	937	0	0
MGG_17183T0	251	252	48	11.4922
MGG_05424T0	747	748	0	0
MGG_12239T0	315	316	0	0
MGG_03784T0	1656	1657	1146	41.7276
MGG_11230T0	1803	1804	450	15.05
MGG_15590T0	159	160	11	4.14796
MGG_00301T0	1479	1480	0	0
MGG_12920T0	1192	1193	695	35.1484
MGG_03237T0	1977	1978	867	26.4456
MGG_04835T0	1427	1428	8363	353.342
MGG_07249T0	1077	1078	42	2.35067
MGG_00803T0	4135	4136	6850	99.9244
MGG_16705T0	222	223	0	0
MGG_02992T0	2151	2152	313	8.77533
MGG_09471T0	3539	3540	2828	48.1989
MGG_07284T0	1851	1852	2266.83	73.848
MGG_03639T0	522	523	76	8.76745
MGG_07059T0	4634	4635	640.112	8.33235
MGG_17727T0	264	265	4	0.9107
MGG_10301T0	879	880	0	0
MGG_14344T0	471	472	0	0
MGG_01343T0	2475	2476	729	17.7639
MGG_17874T0	254	255	2	0.473207
MGG_16292T0	390	391	38	5.86365
MGG_17107T0	156	157	54	20.7518
MGG_09271T0	1496	1497	320	12.897
MGG_07808T0	1650	1651	1746	63.8056
MGG_06590T0	3819	3820	229	3.61687
MGG_08568T0	1927	1928	678	21.217
MGG_01692T0	1206	1207	2391	119.518
MGG_14606T0	1059	1060	16	0.9107
MGG_03890T0	3699	3700	1256	20.4809
MGG_06605T0	2097	2098	11939	343.34
MGG_00821T0	387	388	0	0
MGG_03709T0	2463	2464	121	2.96283
MGG_15772T0	298	299	21	4.2375
MGG_15840T0	318	319	17	3.21529
MGG_04336T0	1548	1549	456.982	17.7995
MGG_17538T0	844	845	1007.1	71.9078
MGG_06050T0	2288	2289	971	25.5938
MGG_02713T0	519	520	4747	550.779
MGG_04745T0	1408	1409	2220.85	95.0976
MGG_13161T0	1980	1981	2324	70.7804
MGG_08908T0	1273	1274	720	34.0976
MGG_00509T0	1742	1743	3276	113.399
MGG_07600T0	2246	2247	277	7.43769
MGG_16204T0	789	790	6606	504.514
MGG_15348T0	363	364	4	0.66301
MGG_05114T0	1851	1852	174	5.66852
MGG_11568T0	2604	2605	567	13.1322
MGG_01105T0	1503	1504	433	17.3701
MGG_06453T0	907	908	1653	109.837
MGG_14903T0	3428	3429	1238.43	21.7904
MGG_06996T0	1033	1034	990.263	57.7818
MGG_02443T0	3197	3198	1655	31.2235
MGG_04335T0	2058	2059	76226	2233.61
MGG_03694T0	1781	1782	970	32.8417
MGG_05449T0	1208	1209	7168	357.712
MGG_12530T0	3816	3817	274	4.33102
MGG_17602T0	441	442	0	0
MGG_08928T0	3289	3290	3354.62	61.5189
MGG_06912T0	2663	2664	1626.35	36.8334
MGG_16430T0	207	208	8	2.32053
MGG_15032T0	645	646	31	2.89528
MGG_17102T0	2790	2791	1500	32.426
MGG_00743T0	1937	1938	577	17.9632
MGG_11377T0	1209	1210	954	47.569
MGG_07377T0	720	721	0	0
MGG_02582T0	2254	2255	169	4.5217
MGG_16326T0	987	988	0	0
MGG_15831T0	1318	1319	1140	52.1461
MGG_08923T0	1879	1880	636	20.4108
MGG_08164T0	1431	1432	4527.85	190.77
MGG_01070T0	2366	2367	19588	499.29
MGG_02019T0	1728	1729	0	0
MGG_09777T0	1779	1780	56	1.89815
MGG_15308T0	319	320	2	0.377087
MGG_03978T0	1734	1735	1048	36.4438
MGG_10401T0	825	826	3	0.21913
MGG_15375T0	366	367	7	1.15078
MGG_03842T0	3748	3749	3023	48.6501
MGG_18013T0	213	214	0	0
MGG_16170T0	469	470	0	0
MGG_12349T0	3975	3976	2486	37.7239
MGG_11702T0	2781	2782	2720	58.9893
MGG_14868T0	1963	1964	1149	35.2972
MGG_18101T0	504	505	91	10.872
MGG_17385T0	2038	2039	2148	63.5592
MGG_13455T0	2725	2726	885	19.5875
MGG_01460T0	1130	1131	199.125	10.6224
MGG_15527T0	1517	1518	351	13.9507
MGG_09760T0	1958	1959	433	13.3357
MGG_05359T0	3491	3492	6330	109.368
MGG_08744T0	6185	6186	1282	12.5037
MGG_17340T0	614	615	4	0.392416
MGG_09181T0	1119	1120	1236	66.5828
MGG_09807T0	630	631	25	2.39041
MGG_00686T0	1527	1528	1529	60.3734
MGG_00939T0	2349	2350	779	20
MGG_10279T0	1512	1513	34	1.35582
MGG_07259T0	2912	2913	1082	22.4103
MGG_08104T0	1981	1982	3619	110.166
MGG_03474T0	1902	1903	58	1.83887
MGG_10724T0	1916	1917	58	1.82544
MGG_01969T0	4755	4756	1930	24.4837
MGG_06940T0	1798	1799	710	23.8116
MGG_06455T0	2656	2657	6063	137.676
MGG_05338T0	1624	1625	187	6.94304
MGG_01693T0	1806	1807	709.484	23.689
MGG_15661T0	393	394	17	2.60324
MGG_04512T0	1813	1814	3322	110.49
MGG_15393T0	1032	1033	912	53.2667
MGG_03097T0	1781	1782	156	5.28176
MGG_08520T0	1438	1439	3	0.125783
MGG_00049T0	2127	2128	4875	138.218
MGG_03353T0	1258	1259	1754	84.0553
MGG_16939T0	405	406	0	0
MGG_03562T0	3761	3762	296	4.74716
MGG_15862T0	698	699	0	0
MGG_13986T0	1999	2000	4268	128.753
MGG_08729T0	831	832	0	0
MGG_01232T0	1614	1615	3266	122.013
MGG_17419T0	168	169	1	0.357005
MGG_15373T0	1448	1449	11	0.458021
MGG_01760T0	2335	2336	2127	54.9359
MGG_12128T0	2746	2747	2215	48.6493
MGG_17292T0	240	241	0	0
MGG_08389T0	1297	1298	2313.86	107.553
MGG_02377T0	3269	3270	231.777	4.27646
MGG_04987T0	3916	3917	890	13.7087
MGG_06562T0	1175	1176	29730	1525.28
MGG_16872T0	312	313	2499	481.707
MGG_16629T0	573	574	1597	167.863
MGG_16380T0	417	418	0	0
MGG_04359T0	3689	3690	651	10.6443
MGG_01089T0	2049	2050	258	7.59324
MGG_05493T0	1092	1093	32	1.76641
MGG_17622T0	1625	1626	31	1.15028
MGG_13756T0	810	811	120	8.92733
MGG_16179T0	440	441	51.2454	7.01096
MGG_16179T1	436	437	0	0
MGG_07030T0	2153	2154	831	23.2764
MGG_01770T0	1673	1674	1215.61	43.8126
MGG_18126T0	396	397	0	0
MGG_05288T0	2372	2373	1845	46.9094
MGG_01095T0	2623	2624	846	19.4522
MGG_17390T0	871	872	69	4.77413
MGG_05345T0	2250	2251	2003	53.6867
MGG_03658T0	855	856	1662.28	117.163
MGG_04989T0	6775	6776	2239	19.9362
MGG_17721T0	963	964	622	38.9291
MGG_03133T0	3317	3318	299	5.43696
MGG_10267T0	2662	2663	129	2.92267
MGG_10031T0	1215	1216	229	11.3622
MGG_15965T0	1713	1714	7.16333	0.252154
MGG_07880T0	684	685	0	0
MGG_17808T0	255	256	38	8.95581
MGG_14850T0	794	795	1031	78.2443
MGG_08894T0	987	988	556	33.9531
MGG_03115T0	3467	3468	747	12.9958
MGG_05066T0	1167	1168	5.05505	0.261122
MGG_17726T0	742	743	14	1.13684
MGG_04470T0	3086	3087	478.133	9.34488
MGG_09159T0	2017	2018	3226	96.4505
MGG_00135T0	2042	2043	3508	103.598
MGG_06238T0	4217	4218	1543	22.0709
MGG_07545T0	1743	1744	476	16.4673
MGG_07972T0	1260	1261	48	2.29661
MGG_16087T0	231	232	32	8.32192
MGG_02096T0	3394	3395	632	11.2315
MGG_07037T0	6168	6169	2945	28.8026
MGG_03176T0	1272	1273	19	0.900506
MGG_09495T0	1311	1312	1621.51	74.5672
MGG_09715T0	1493	1494	1980	79.9606
MGG_00916T0	465	466	11	1.42419
MGG_06391T0	2373	2374	878.483	22.3262
MGG_00146T0	1650	1651	1199.78	43.8446
MGG_07793T0	1038	1039	687	39.8935
MGG_03944T0	2625	2626	103	2.36649
MGG_13651T0	1622	1623	2532	94.1253
MGG_11713T0	1979	1980	1136	34.6158
MGG_11447T0	1610	1611	281	10.5238
MGG_02997T0	480	481	374	46.9124
MGG_14806T0	5449	5450	4189	46.3741
MGG_17636T0	603	604	5918.66	591.218
MGG_03029T0	1368	1369	124	5.46487
MGG_03519T0	2151	2152	2780	77.9406
MGG_11132T0	2254	2255	2534	67.7987
MGG_00781T0	2271	2272	46	1.22155
MGG_09817T0	2993	2994	168	3.38547
MGG_03428T0	792	793	0	0
MGG_00394T0	987	988	14	0.854934
MGG_03585T0	1189	1190	692	35.0849
MGG_11091T0	702	703	44	3.77623
MGG_08155T1	1029	1030	57.7762	3.38433
MGG_08155T0	1864	1865	1255.08	40.6026
MGG_13410T0	555	556	2522	273.673
MGG_14869T0	568	569	326.179	34.5863
MGG_06156T1	3690	3691	75	1.22597
MGG_06156T0	3926	3927	0	0
MGG_16538T0	1485	1486	33	1.33985
MGG_15022T0	799	800	539	40.65
MGG_02465T0	2209	2210	3054	83.3754
MGG_05681T0	1568	1569	439.741	16.9097
MGG_17924T0	267	268	5	1.12563
MGG_04859T0	2176	2177	230.118	6.37755
MGG_16823T0	150	151	20	7.99124
MGG_12929T0	2128	2129	832.287	23.5862
MGG_06076T0	990	991	209	12.7243
MGG_16276T0	1992	1993	129	3.9052
MGG_04344T0	2426	2427	1648	40.9684
MGG_05021T0	471	472	277	35.4078
MGG_03764T0	1781	1782	86	2.91174
MGG_04912T0	3314	3315	752	13.6866
MGG_05469T0	444	445	0	0
MGG_16702T0	174	175	0	0
MGG_05790T0	1719	1720	6	0.210467
MGG_17896T0	240	241	1	0.250348
MGG_16665T0	210	211	5	1.42971
MGG_05850T0	1669	1670	1621.94	58.5978
MGG_03968T0	1347	1348	419	18.7536
MGG_06534T0	1895	1896	11266	358.503
MGG_13597T0	1461	1462	8	0.330144
MGG_05238T0	965	966	5635.99	352.01
MGG_11654T0	1440	1441	21	0.879259
MGG_04845T0	741	742	452	36.7533
MGG_12025T0	1152	1153	31	1.62216
MGG_11712T0	2936	2937	1700.25	34.9277
MGG_04122T0	1744	1745	174	6.0161
MGG_14085T0	1568	1569	152.503	5.86431
MGG_09000T0	2160	2161	366	10.2185
MGG_00183T0	5039	5040	1513	18.1121
MGG_05222T0	2861	2862	3098.41	65.3176
MGG_15827T0	237	238	6	1.52102
MGG_04609T0	2921	2922	140	2.89074
MGG_01546T0	249	250	673	162.419
MGG_03807T0	1641	1642	7	0.257209
MGG_03017T0	2812	2813	1065	22.8424
MGG_17531T0	3220	3221	6108	114.411
MGG_17581T0	576	577	7	0.731954
MGG_09947T0	5437	5438	2451	27.1935
MGG_09885T0	2044	2045	473.405	13.9669
MGG_10059T0	1918	1919	3398	106.834
MGG_04711T0	1549	1550	194	7.55147
MGG_05230T0	1674	1675	152	5.47508
MGG_03158T0	3505	3506	52.2956	0.899941
MGG_03313T0	4354	4355	927	12.8426
MGG_03322T0	3278	3279	578	10.6353
MGG_14909T0	398	399	89	13.4579
MGG_11311T0	1815	1816	1521	50.533
MGG_01050T0	3009	3010	1175	23.5523
MGG_00314T0	1965	1966	1368	41.9821
MGG_17285T0	312	313	111.218	21.4384
MGG_08916T0	2301	2302	2228	58.3944
MGG_10927T0	1044	1045	3	0.173207
MGG_03192T0	2451	2452	988	24.3107
MGG_01417T0	2147	2148	38	1.06736
MGG_12568T0	1476	1477	23	0.939526
MGG_08561T0	3265	3266	4230.83	78.1575
MGG_12844T0	2742	2743	566.963	12.4707
MGG_05603T0	1208	1209	239.223	11.9382
MGG_15980T0	378	379	0	0
MGG_05379T0	4468	4469	1791	24.1795
MGG_02789T0	1844	1845	781	25.5397
MGG_16839T0	300	301	3	0.601335
MGG_17311T0	590	591	49	5.0023
MGG_03933T0	1500	1501	101	4.05978
MGG_12247T0	663	664	8033	729.913
MGG_00754T0	1829	1830	3047	100.458
MGG_04802T0	1982	1983	522	15.8821
MGG_17472T0	1806	1807	579	19.3322
MGG_18070T0	264	265	0	0
MGG_15478T0	534	535	539	60.785
MGG_04744T0	2193	2194	613.151	16.8613
MGG_02464T0	3323	3324	3063	55.5965
MGG_06003T0	634	635	3797	360.768
MGG_17915T0	330	331	75	13.6708
MGG_17752T0	345	346	0	0
MGG_12315T0	1094	1095	1324	72.9517
MGG_10436T0	402	403	0	0
MGG_10843T0	1713	1714	478	16.8259
MGG_16381T0	285	286	0	0
MGG_11813T0	1044	1045	7351	424.416
MGG_04525T0	1431	1432	3310	139.459
MGG_05049T0	4330	4331	502	6.99322
MGG_00537T0	2639	2640	1345.6	30.752
MGG_00537T1	2569	2570	562.399	13.203
MGG_02656T0	7725	7726	919	7.17666
MGG_15848T0	411	412	8	1.17153
MGG_17036T0	231	232	97	25.2258
MGG_15210T0	1530	1531	1	0.0394082
MGG_16741T0	1008	1009	57	3.40836
MGG_00020T0	1524	1525	0	0
MGG_05116T0	2737	2738	290	6.39037
MGG_12114T0	219	220	635	174.146
MGG_11859T0	1475	1476	325	13.2849
MGG_10322T0	1560	1561	366	14.1462
MGG_05960T0	6202	6203	754	7.33383
MGG_03126T0	2230	2231	576	15.577
MGG_12599T0	2039	2040	494	14.6103
MGG_16845T0	324	325	30	5.56928
MGG_13019T0	801	802	247	18.5816
MGG_09367T0	1011	1012	8217	489.885
MGG_06746T0	423	424	12	1.70756
MGG_07609T0	765	766	60	4.72589
MGG_06862T1	3180	3181	1839.18	34.8837
MGG_06862T0	2760	2761	396.819	8.67137
MGG_05686T0	1905	1906	2003	63.4044
MGG_06340T0	675	676	0	0
MGG_10216T0	1464	1465	169	6.96002
MGG_03048T0	3114	3115	1015	19.6594
MGG_05108T0	636	637	77	7.29311
MGG_17870T0	195	196	20	6.15652
MGG_03116T0	2789	2790	1695	36.6545
MGG_05101T0	1167	1168	51	2.63444
MGG_12137T0	1820	1821	2559.65	84.807
MGG_02392T0	192	193	5864	1833.15
MGG_01328T0	710	711	460	39.0346
MGG_11040T0	1820	1821	3189	105.659
MGG_06257T0	2406	2407	826	20.7045
MGG_01991T0	1996	1997	374	11.2994
MGG_06723T0	744	745	4592	371.884
MGG_03418T0	2066	2067	7141	208.439
MGG_09946T0	1344	1345	442	19.8272
MGG_03502T0	2679	2680	166	3.7371
MGG_09516T0	3040	3041	905	17.9553
MGG_02273T0	651	652	165	15.2685
MGG_09539T0	1594	1595	816	30.8667
MGG_16201T0	1124	1125	8137	436.388
MGG_17706T0	204	205	4	1.17725
MGG_02763T0	2262	2263	869	23.1684
MGG_14793T0	490	491	468	57.5077
MGG_09793T0	823	824	40	2.92883
MGG_07244T0	1140	1141	405	21.4156
MGG_11472T0	603	604	147	14.6839
MGG_07335T0	2516	2517	5686	136.297
MGG_06131T1	3254	3255	264.933	4.91073
MGG_06131T0	1879	1880	837.681	26.8833
MGG_06131T2	3006	3007	299.165	6.00258
MGG_14388T0	606	607	0	0
MGG_17851T0	180	181	7	2.33336
MGG_04892T0	562	563	9	0.964485
MGG_16071T0	240	241	0	0
MGG_07711T0	2351	2352	1402	35.9643
MGG_03208T0	2729	2730	93	2.05533
MGG_06968T0	2256	2257	638	17.055
MGG_16345T0	294	295	0	0
MGG_17239T0	429	430	62	8.69931
MGG_16959T0	237	238	0	0
MGG_15085T0	3208	3209	293	5.50883
MGG_09926T0	2122	2123	3315	94.2095
MGG_17060T1	4863	4864	4636.81	57.5158
MGG_17060T0	2553	2554	554.678	13.1033
MGG_09968T0	944	945	42	2.68151
MGG_11685T0	1977	1978	1640	50.0241
MGG_02125T0	1728	1729	1016	35.4536
MGG_01318T0	1257	1258	2741	131.459
MGG_16743T0	3632	3633	258	4.28465
MGG_01867T0	1897	1898	2970	94.4108
MGG_10803T0	1179	1180	8210	419.781
MGG_08467T0	1236	1237	1	0.0487744
MGG_14270T0	2408	2409	6307	157.96
MGG_02043T0	1065	1066	1	0.0565984
MGG_16661T0	582	583	0	0
MGG_14438T0	441	442	0	0
MGG_15168T0	1261	1262	36	1.72109
MGG_10204T0	1130	1131	316.266	16.8714
MGG_02518T0	3142	3143	437	8.38877
MGG_08562T0	2731	2732	124	2.73843
MGG_03508T0	2693	2694	119	2.66508
MGG_06843T0	2407	2408	2906	72.8116
MGG_03506T0	1725	1726	3837	134.126
MGG_17556T0	501	502	0	0
MGG_15728T0	1944	1945	15	0.4653
MGG_01012T0	4286	4287	1916.81	26.9767
MGG_03093T0	1450	1451	1426.82	59.3286
MGG_14706T0	1255	1256	0	0
MGG_08276T0	1839	1840	361	11.8372
MGG_01233T1	1936	1937	1379	42.9532
MGG_01233T0	2170	2171	0	0
MGG_10183T0	1322	1323	599.962	27.3606
MGG_09139T0	2864	2865	45	0.947653
MGG_08313T0	957	958	8	0.503832
MGG_10663T0	1710	1711	445	15.6917
MGG_07517T0	2768	2769	12022	261.948
MGG_09055T0	1260	1261	30487	1458.68
MGG_00362T0	1549	1550	599	23.3161
MGG_11561T0	5088	5089	175	2.07476
MGG_09540T0	2380	2381	2576	65.2751
MGG_04956T0	2103	2104	1534	43.9887
MGG_09193T0	1861	1862	8762	283.913
MGG_00779T0	2360	2361	1221	31.2019
MGG_05575T0	894	895	306	20.6281
MGG_03509T0	1572	1573	2	0.0767119
MGG_01244T0	4087	4088	3437	50.7259
MGG_03427T0	1548	1549	26	1.01271
MGG_06538T0	755	756	1351	107.819
MGG_06832T0	1920	1921	867	27.2303
MGG_05572T0	2901	2902	112.157	2.33179
MGG_17840T0	852	853	36	2.54633
MGG_07677T0	780	781	5	0.386261
MGG_16507T0	870	871	28	1.93955
MGG_10676T0	561	562	2257	242.302
MGG_08108T0	1103	1104	337	18.4171
MGG_04312T0	1308	1309	83	3.8256
MGG_08055T0	1320	1321	997.632	45.5647
MGG_03056T0	2255	2256	1337	35.7564
MGG_05941T0	1796	1797	147	4.93549
MGG_15041T0	1152	1153	242	12.6633
MGG_04641T0	1910	1911	353.747	11.1685
MGG_03347T0	1537	1538	2925	114.744
MGG_04544T0	1520	1521	502	19.913
MGG_13058T0	3068	3069	473	9.29877
MGG_16733T0	2356	2357	61	1.56146
MGG_08943T0	1350	1351	0	0
MGG_05045T0	651	652	18	1.66566
MGG_10289T0	1944	1945	1709	53.0132
MGG_00343T0	2987	2988	1337	26.9968
MGG_01891T0	705	706	9	0.769129
MGG_04328T0	1881	1882	2422	77.6454
MGG_16966T0	1560	1561	266	10.2811
MGG_06434T0	990	991	289	17.5948
MGG_08291T0	462	463	221634	28881.3
MGG_04411T0	704	705	366	31.3223
MGG_17260T0	303	304	80	15.8773
MGG_07402T0	1169	1170	2034	104.888
MGG_15680T0	168	169	0	0
MGG_15740T0	772	773	31	2.4196
MGG_04629T0	4769	4770	7110	89.9317
MGG_06045T0	1228	1229	2117	103.927
MGG_00257T0	1095	1096	259	14.2577
MGG_03360T0	2808	2809	1671	35.891
MGG_06866T0	1228	1229	374	18.3604
MGG_00544T0	588	589	452	46.3004
MGG_03481T0	3052	3053	624	12.3316
MGG_17086T0	165	166	1	0.363457
MGG_03852T0	1917	1918	920.45	28.9543
MGG_17579T0	474	475	2.20366	0.279906
MGG_15505T0	600	601	12	1.20467
MGG_02216T1	1498	1499	865.629	34.8411
MGG_02216T0	1551	1552	269.065	10.4599
MGG_15787T0	1129	1130	10	0.533928
MGG_14814T0	2011	2012	860.763	25.8117
MGG_01764T0	1423	1424	119.439	5.06056
MGG_02056T0	2791	2792	13	0.280924
MGG_17057T0	1050	1051	130	7.4628
MGG_15362T0	736	737	0	0
MGG_09674T0	1659	1660	0	0
MGG_13033T0	1720	1721	988	34.6368
MGG_14404T0	2181	2182	477.198	13.1949
MGG_02272T0	1581	1582	11	0.419515
MGG_17834T0	710	711	51	4.32775
MGG_16624T0	168	169	0	0
MGG_05607T0	2529	2530	1944.38	46.3683
MGG_10356T0	1470	1471	6718	275.543
MGG_00097T0	1908	1909	329.042	10.3994
MGG_09156T0	1840	1841	257	8.42249
MGG_00778T0	1800	1801	463	15.5106
MGG_16320T0	222	223	0	0
MGG_07733T0	966	967	21	1.31025
MGG_12646T0	3316	3317	2192	39.8709
MGG_06320T0	4624	4625	9066	118.267
MGG_16756T0	3007	3008	2270	45.5312
MGG_00697T0	1186	1187	1022	51.9471
MGG_05683T0	4700	4701	291	3.73477
MGG_07346T0	1107	1108	263	14.3211
MGG_00266T0	867	868	0	0
MGG_18023T0	342	343	9	1.58311
MGG_09029T0	1529	1530	861	33.9526
MGG_10312T0	1743	1744	531	18.37
MGG_13974T0	360	361	0	0
MGG_16005T0	213	214	0	0
MGG_10299T0	684	685	2	0.176157
MGG_17414T0	198	199	36	10.9147
MGG_04458T0	1479	1480	288	11.7407
MGG_09778T0	2190	2191	98	2.69864
MGG_16663T0	186	187	0	0
MGG_05209T0	3383	3384	1677	29.8995
MGG_14831T0	7755	7756	1926	14.9823
MGG_00467T0	3121	3122	349	6.74456
MGG_01679T0	1073	1074	2894.59	162.609
MGG_09706T0	2102	2103	699	20.0539
MGG_02218T0	1005	1006	55	3.29857
MGG_10334T0	2047	2048	1172	34.527
MGG_11915T0	267	268	17	3.82715
MGG_00884T0	2176	2177	4539	125.795
MGG_14737T0	1609	1610	78.7919	2.95269
MGG_12300T0	1308	1309	6678	307.8
MGG_01006T0	1062	1063	1894.9	107.551
MGG_08983T0	1370	1371	403	17.7349
MGG_04648T0	2224	2225	1190	32.2685
MGG_13192T0	2749	2750	3964	86.9686
MGG_03705T0	3261	3262	1536	28.4098
MGG_00839T0	1101	1102	842	46.099
MGG_01506T0	1533	1534	921	36.2239
MGG_09734T0	3869	3870	519	8.09129
MGG_17090T0	336	337	3	0.537097
MGG_03930T0	501	502	6541	786.143
MGG_09412T0	3091	3092	3491.25	68.1244
MGG_10477T0	888	889	1961	133.087
MGG_01311T0	3220	3221	1908.55	35.7499
MGG_11674T0	327	328	5	0.919724
MGG_07202T0	2074	2075	8461	246.017
MGG_09964T0	2205	2206	6	0.164099
MGG_03494T0	1383	1384	2325	101.356
MGG_01977T0	2208	2209	610	16.6608
MGG_18028T0	599	600	7	0.703895
MGG_16239T0	758	759	19	1.51033
MGG_05248T0	1105	1106	8062.48	439.82
MGG_09833T0	1646	1647	120	4.39591
MGG_10856T0	821	822	104.672	7.68281
MGG_04185T0	4021	4022	1941	29.1169
MGG_14703T0	1158	1159	162	8.43321
MGG_12392T0	3472	3473	196	3.40497
MGG_04806T0	1503	1504	1600	64.185
MGG_09303T0	3690	3691	3837	62.7204
MGG_16116T0	4641	4642	590	7.66846
MGG_05528T0	1291	1292	6617	309.001
MGG_16061T0	384	385	39	6.11175
MGG_16830T0	2663	2664	258	5.84315
MGG_03374T0	1501	1502	151	6.06552
MGG_08647T0	1420	1421	207	8.78896
MGG_17496T0	213	214	0	0
MGG_15293T0	1200	1201	727	36.5219
MGG_11216T0	2830	2831	2511	53.5141
MGG_14609T0	1347	1348	16	0.716129
MGG_05044T0	4539	4540	163	2.16617
MGG_09902T0	867	868	1625	112.952
MGG_17938T0	640	641	1	0.0941246
MGG_16374T0	1424	1425	330	13.9721
MGG_07885T0	2543	2544	159	3.77087
MGG_14151T0	2124	2125	23	0.653026
MGG_14667T0	966	967	159	9.92046
MGG_12163T0	636	637	1001	94.8104
MGG_01423T0	2367	2368	4195.17	106.888
MGG_13948T0	1305	1306	386	17.8322
MGG_00294T0	2013	2014	323	9.67619
MGG_08287T0	1565	1566	377.349	14.5383
MGG_08287T1	1399	1400	284.651	12.2672
MGG_10321T0	1773	1774	250	8.50252
MGG_02517T0	3555	3556	908	15.4058
MGG_17459T0	570	571	3	0.316991
MGG_05570T0	976	977	135	8.33682
MGG_17954T0	482	483	24	2.99796
MGG_17857T0	420	421	9	1.2898
MGG_15350T0	450	451	35	4.68223
MGG_12679T0	1458	1459	27	1.11653
MGG_02922T0	1672	1673	177.494	6.40103
MGG_03225T0	2492	2493	1871	45.2807
MGG_08589T0	1486	1487	391.477	15.8839
MGG_07287T0	3294	3295	2357	43.1584
MGG_15964T0	249	250	3	0.724007
MGG_05600T0	2544	2545	528	12.5172
MGG_08464T0	1053	1054	1780	101.892
MGG_17982T0	1783	1784	465	15.726
MGG_00529T0	4579	4580	1312	17.2834
MGG_04332T0	1101	1102	1	0.0547495
MGG_03178T0	2517	2518	338	8.09883
MGG_02692T0	954	955	551	34.8104
MGG_05938T0	1456	1457	260	10.7665
MGG_10774T0	388	389	1	0.1551
MGG_03881T0	4342	4343	768.583	10.6773
MGG_07937T0	1173	1174	781	40.1369
MGG_16744T0	3529	3530	1020	17.4336
MGG_15040T0	1143	1144	0	0
MGG_17832T0	390	391	3	0.46292
MGG_10766T0	1593	1594	0	0
MGG_11343T0	2690	2691	1406	31.5234
MGG_15263T0	1132	1133	5	0.266257
MGG_00844T0	3350	3351	2034.72	36.6346
MGG_01578T0	2198	2199	9241	253.545
MGG_18120T0	162	163	5	1.85073
MGG_03067T0	5536	5537	31	0.337791
MGG_00174T0	2875	2876	1141	23.9364
MGG_02234T0	537	538	35	3.92507
MGG_17520T0	165	166	76	27.6227
MGG_16610T0	543	544	0	0
MGG_16410T0	2752	2753	1051	23.0334
MGG_09330T0	1860	1861	2455	79.5915
MGG_10447T0	1507	1508	35071	1403.16
MGG_13510T0	2264	2265	208.089	5.54296
MGG_16237T0	588	589	11	1.12678
MGG_07103T0	5120	5121	2262.25	26.653
MGG_10051T0	1244	1245	2868	138.986
MGG_17049T0	444	445	45	6.10118
MGG_16509T0	771	772	33	2.57904
MGG_12828T0	2491	2492	2873	69.5583
MGG_10187T0	3272	3273	3128.61	57.6722
MGG_01052T0	2648	2649	733	16.6949
MGG_06220T0	1329	1330	235	10.6605
MGG_15531T0	464	465	6	0.778502
MGG_07220T0	1629	1630	2399	88.7982
MGG_09916T0	1330	1331	6467	293.147
MGG_17580T0	369	370	0	0
MGG_01298T0	1490	1491	33	1.33536
MGG_18091T0	105	106	0	0
MGG_16789T0	273	274	0	0
MGG_09360T0	1668	1669	65.8007	2.37868
MGG_10701T0	1116	1117	131	7.07586
MGG_03416T0	603	604	281	28.0692
MGG_03746T0	1059	1060	40	2.27675
MGG_14711T0	2397	2398	281	7.06999
MGG_01110T0	682	683	4103	362.445
MGG_01690T0	963	964	1042	65.2157
MGG_08214T0	423	424	0	0
MGG_17025T0	480	481	0	0
MGG_02720T0	1077	1078	114	6.38039
MGG_05157T0	931	932	100	6.47359
MGG_16076T0	600	601	1061.54	106.567
MGG_16379T0	315	316	222	42.3865
MGG_04831T0	3991	3992	1475.35	22.298
MGG_08152T0	1710	1711	4998	176.241
MGG_10685T0	2688	2689	2941	65.9881
MGG_10916T0	2332	2333	0	0
MGG_08367T0	3203	3204	2924	55.0613
MGG_00867T0	1052	1053	1259	72.1371
MGG_08663T0	2989	2990	4057.09	81.8662
MGG_01292T0	2284	2285	646	17.0572
MGG_07912T0	1997	1998	1488	44.9334
MGG_07398T0	417	418	0	0
MGG_15367T0	384	385	1	0.156711
MGG_00296T0	2665	2666	4871.14	110.238
MGG_10371T0	843	844	388	27.7364
MGG_05940T0	1429	1430	687	28.9856
MGG_10806T0	3129	3130	189	3.64316
MGG_02719T0	2713	2714	1986	44.15
MGG_03389T0	1897	1898	3015	95.8413
MGG_08346T0	1071	1072	2	0.112563
MGG_17639T0	585	586	0	0
MGG_01997T0	1301	1302	7	0.324376
MGG_16425T0	1994	1995	239	7.22797
MGG_13884T0	597	598	5	0.504464
MGG_04070T0	2408	2409	1076	26.9486
MGG_02095T0	996	997	279	16.8838
MGG_13308T0	2100	2101	150	4.30751
MGG_00215T0	927	928	8	0.52012
MGG_01114T0	1410	1411	186	7.9533
MGG_06198T0	3375	3376	3185	56.9205
MGG_16267T0	502	503	26	3.11865
MGG_15935T0	225	226	0	0
MGG_14595T0	969	970	634	39.4347
MGG_08318T0	1474	1475	116.282	4.75642
MGG_01667T0	642	643	5853	549.198
MGG_02521T0	1806	1807	710	23.7062
MGG_16537T0	348	349	0	0
MGG_17284T0	1068	1069	0	0
MGG_13782T0	1305	1306	15950	736.85
MGG_07373T0	666	667	0	0
MGG_07965T0	1216	1217	21	1.04109
MGG_03597T0	2951	2952	682	13.9389
MGG_06676T0	783	784	382.203	29.413
MGG_10429T0	1893	1894	3163	100.758
MGG_12335T0	2622	2623	3041	69.9487
MGG_17288T0	817	818	39.302	2.89883
MGG_11317T0	3122	3123	4597	88.8104
MGG_14173T0	6297	6298	1985	19.016
MGG_04608T0	3967	3968	1294	19.6754
MGG_06782T0	2283	2284	121	3.19632
MGG_16630T0	1434	1435	2207	92.7923
MGG_15700T0	2138	2139	35390	998.231
MGG_11999T0	1549	1550	39	1.51808
MGG_06735T0	2853	2854	1527	32.281
MGG_13591T0	6960	6961	9	0.0780068
MGG_04879T0	1442	1443	660	27.5955
MGG_07646T0	2592	2593	20	0.46536
MGG_13783T0	3948	3949	3354	51.2433
MGG_00156T0	966	967	34	2.12136
MGG_10335T0	345	346	0	0
MGG_10569T0	2042	2043	2589	76.4584
MGG_01906T0	1340	1341	379	17.0519
MGG_17169T0	1848	1849	218	7.11346
MGG_17814T0	735	736	118	9.6731
MGG_15461T0	528	529	0	0
MGG_03432T0	2136	2137	7	0.197631
MGG_03376T0	3539	3540	2867	48.8636
MGG_13798T0	1092	1093	254	14.0209
MGG_12142T0	195	196	1	0.307826
MGG_11774T0	2541	2542	1974	46.8525
MGG_08542T0	3716	3717	51	0.827826
MGG_10276T0	597	598	1	0.100893
MGG_05203T0	1488	1489	4081	165.361
MGG_05446T0	1667	1668	927.533	33.5502
MGG_04933T0	2979	2980	416	8.42245
MGG_16924T0	1441	1442	415	17.3638
MGG_07603T0	969	970	215	13.373
MGG_08146T0	2422	2423	3386.43	84.3237
MGG_06129T0	1222	1223	429	21.1637
MGG_02536T0	2986	2987	2435	49.1841
MGG_04451T0	435	436	22	3.04437
MGG_11063T0	2058	2059	1016	29.7714
MGG_05283T0	1791	1792	2289.03	77.0682
MGG_03330T0	1708	1709	751	26.513
MGG_05827T0	1329	1330	0	0
MGG_16941T0	378	379	0	0
MGG_00579T0	1122	1123	5	0.268628
MGG_09850T0	5182	5183	4635	53.9548
MGG_13787T0	162	163	2027	750.287
MGG_03491T0	2010	2011	101.48	3.04458
MGG_07011T0	2254	2255	317	8.48153
MGG_08670T0	1539	1540	868	34.0064
MGG_18033T0	162	163	4	1.48059
MGG_00190T0	1455	1456	1606	66.5496
MGG_15303T0	366	367	0	0
MGG_15145T0	1114	1115	167.331	9.05448
MGG_05405T0	1413	1414	2	0.0853379
MGG_06392T0	1943	1944	5445	168.991
MGG_05170T0	1353	1354	1520.75	67.7642
MGG_16990T0	1682	1683	34	1.21887
MGG_09743T0	1051	1052	1760	100.939
MGG_12354T0	912	913	351.3	23.215
MGG_06544T0	2200	2201	644.33	17.6624
MGG_09648T0	570	571	22	2.3246
MGG_17894T0	471	472	82	10.4817
MGG_11746T0	679	680	37	3.28287
MGG_13262T0	2649	2650	132.145	3.00861
MGG_11351T0	3611	3612	1088	18.1737
MGG_17380T0	243	244	9	2.22543
MGG_16728T0	1526	1527	4395	173.653
MGG_09486T0	920	921	154	10.0884
MGG_17800T0	291	292	0	0
MGG_16586T0	303	304	1	0.198467
MGG_01674T0	5524	5525	8484	92.6467
MGG_06360T0	5446	5447	1350	14.9533
MGG_13031T0	2451	2452	608	14.9604
MGG_05530T0	1197	1198	674	33.9441
MGG_08446T0	2016	2017	74	2.21354
MGG_14513T0	1881	1882	1544.91	49.5275
MGG_00966T0	1932	1933	3148	98.2572
MGG_03677T0	1700	1701	735	26.0702
MGG_09380T0	1032	1033	3	0.175219
MGG_15036T0	654	655	279	25.6995
MGG_04013T0	763	764	911	71.9426
MGG_04564T0	3344	3345	16197	292.146
MGG_08372T0	321	322	0	0
MGG_02339T0	465	466	552	71.4685
MGG_09146T0	1484	1485	84	3.41283
MGG_10412T0	3126	3127	516	9.95596
MGG_03044T0	1622	1623	531	19.7396
MGG_03584T0	1764	1765	8722	298.149
MGG_09459T0	1263	1264	701	33.4605
MGG_14069T0	3003	3004	6	0.120507
MGG_15121T0	513	514	11	1.29119
MGG_00432T0	999	1000	48177	2906.71
MGG_07737T0	8347	8348	459	3.31735
MGG_07061T0	2505	2506	362	8.71543
MGG_07744T0	2045	2046	445	13.1225
MGG_01801T0	2417	2418	273	6.81189
MGG_17797T0	657	658	4	0.366771
MGG_08747T0	672	673	0	0
MGG_05657T0	890	891	4262	288.601
MGG_15418T0	945	946	29	1.84956
MGG_08546T0	507	508	20	2.37535
MGG_00906T0	1483	1484	251.133	10.2101
MGG_04038T0	2198	2199	5381.97	147.665
MGG_04074T0	1740	1741	270	9.35678
MGG_09124T0	6221	6222	3179	30.8263
MGG_05643T0	6387	6388	1201	11.3433
MGG_07598T0	1581	1582	5	0.190689
MGG_16209T0	396	397	14	2.12764
MGG_01369T0	2046	2047	283	8.34123
MGG_06650T0	1867	1868	9678	312.586
MGG_02120T0	1803	1804	9	0.301001
MGG_02112T0	1346	1347	72	3.22497
MGG_03457T0	843	844	133	9.50759
MGG_11732T0	1886	1887	462	14.7717
MGG_02665T0	6411	6412	1807	17.003
MGG_17577T0	381	382	19	3.0009
MGG_08429T0	2182	2183	418	11.5527
MGG_09392T0	3407	3408	25486	451.194
MGG_15094T0	1506	1507	75	3.00268
MGG_00849T0	2132	2133	752	21.271
MGG_17108T0	216	217	4	1.11215
MGG_06953T0	918	919	3978	261.162
MGG_07723T0	1634	1635	178	6.56846
MGG_09220T0	381	382	0	0
MGG_13713T0	849	850	202	14.3382
MGG_07462T0	1929	1930	1566	48.9549
MGG_04468T0	3850	3851	4618	72.3505
MGG_14377T0	304	305	0	0
MGG_04660T0	2087	2088	1816	52.4743
MGG_04170T0	2187	2188	72	1.98539
MGG_02595T0	3243	3244	2912.8	54.1741
MGG_15807T0	1568	1569	10.9414	0.420737
MGG_01502T0	2902	2903	1353.76	28.1357
MGG_10494T0	2495	2496	2887.8	69.8045
MGG_03202T0	1059	1060	404	22.9952
MGG_02764T0	1995	1996	126	3.80865
MGG_05466T0	3079	3080	148	2.89916
MGG_00390T0	780	781	16	1.23603
MGG_03956T0	1019	1020	923	54.5963
MGG_10071T0	1599	1600	0	0
MGG_00373T0	4354	4355	4964	68.7709
MGG_09480T0	1395	1396	1181	51.0418
MGG_17920T0	273	274	218	48.0029
MGG_02843T0	2315	2316	606.202	15.7921
MGG_01887T0	3580	3581	166	2.79682
MGG_00260T0	858	859	11	0.772611
MGG_00949T0	2027	2028	2307	68.6343
MGG_13449T0	2114	2115	3	0.08558
MGG_12745T0	2247	2248	794	21.3101
MGG_07150T0	3926	3927	1618	24.8587
MGG_13894T0	1833	1834	335	11.0206
MGG_10744T0	2107	2108	30067	860.559
MGG_09384T0	1850	1851	877	28.5861
MGG_10530T0	1596	1597	278	10.5027
MGG_12869T0	3383	3384	2585	46.0884
MGG_04674T0	3459	3460	2055	35.8341
MGG_00746T0	4908	4909	880	10.8156
MGG_01654T0	2769	2770	2171	47.287
MGG_08595T0	1384	1385	2215.04	96.4925
MGG_12739T0	1575	1576	1920	73.5032
MGG_16746T0	408	409	0	0
MGG_01670T0	2263	2264	1241	33.0717
MGG_04319T0	1320	1321	176.462	8.05954
MGG_00123T0	4347	4348	1904.98	26.4339
MGG_04946T0	1372	1373	323	14.1936
MGG_11026T0	2750	2751	1037	22.7431
MGG_09627T0	474	475	0	0
MGG_01219T0	1164	1165	2919	151.171
MGG_03141T0	2335	2336	961.202	24.8258
MGG_01392T0	546	547	2	0.220599
MGG_13775T0	572	573	1239	130.46
MGG_17655T0	890	891	51.5837	3.49298
MGG_03027T0	2411	2412	299	7.4792
MGG_05143T0	1233	1234	132	6.45387
MGG_10070T0	1542	1543	0	0
MGG_03414T0	1285	1286	808	37.9081
MGG_00802T0	1479	1480	518	21.1169
MGG_17051T0	153	154	20	7.83557
MGG_15125T0	474	475	4	0.508075
MGG_06127T0	1228	1229	8609.44	422.653
MGG_10926T0	1082	1083	358	19.9442
MGG_17110T0	343	344	84	14.7327
MGG_06523T0	1971	1972	95.0984	2.90956
MGG_07027T0	7155	7156	3329	28.0676
MGG_15642T0	159	160	1	0.377087
MGG_06461T0	1668	1669	185.007	6.68794
MGG_09514T0	1867	1868	674	21.7693
MGG_03964T0	2414	2415	1462	36.5251
MGG_06964T0	1700	1701	3247	115.17
MGG_17537T0	905	906	21.9577	1.46225
MGG_16759T0	330	331	2	0.364555
MGG_04556T0	1577	1578	265	10.1321
MGG_15185T0	1197	1198	5021	252.869
MGG_15392T0	1170	1171	1	0.0515234
MGG_02045T0	3752	3753	168	2.7008
MGG_18115T0	471	472	16.3497	2.08992
MGG_17871T0	960	961	22	1.38121
MGG_09199T0	2144	2145	378	10.6323
MGG_02593T0	1065	1066	154	8.71615
MGG_00810T0	2057	2058	1181.94	34.6506
MGG_00937T0	5954	5955	1157	11.7223
MGG_01100T0	1955	1956	460	14.189
MGG_06861T0	492	493	9	1.10143
MGG_05176T0	2798	2799	3043	65.5934
MGG_17709T0	249	250	0	0
MGG_03465T0	2301	2302	486	12.7377
MGG_14400T0	3891	3892	75.5961	1.17189
MGG_17745T0	216	217	1	0.278036
MGG_00181T0	1503	1504	487	19.5363
MGG_03413T0	2433	2434	749	18.5662
MGG_15089T0	757	758	260.148	20.7068
MGG_03080T0	3331	3332	550	9.95908
MGG_17900T0	3561	3562	5373	91.009
MGG_15193T0	828	829	1	0.0727791
MGG_16562T0	564	565	0.5	0.0533928
MGG_10265T0	1711	1712	866	30.5194
MGG_14902T0	1978	1979	4736	144.387
MGG_13172T0	2622	2623	618	14.2152
MGG_12095T0	1451	1452	9552.49	396.928
MGG_03983T0	1810	1811	820.422	27.3326
MGG_04926T0	2112	2113	6645	189.739
MGG_04087T0	2097	2098	1966	56.5379
MGG_13790T0	6147	6148	1382	13.5624
MGG_15225T0	444	445	87	11.7956
MGG_11597T0	2808	2809	5572	119.68
MGG_06635T0	1764	1765	51	1.74336
MGG_11878T0	2367	2368	1306	33.2754
MGG_15874T0	528	529	11278	1286.29
MGG_05944T0	2263	2264	1143.6	30.4762
MGG_07468T0	4904	4905	3392	41.7233
MGG_16219T0	2535	2536	8518	202.651
MGG_04066T0	4758	4759	3029	38.4012
MGG_13805T0	1200	1201	385	19.341
MGG_03700T0	5906	5907	769	7.85454
MGG_10247T0	1509	1510	11	0.439518
MGG_16964T0	669	670	31	2.79157
MGG_08988T0	2422	2423	5	0.124502
MGG_07327T0	3895	3896	5017.18	77.6966
MGG_10042T0	594	595	1	0.101402
MGG_09942T0	2185	2186	681	18.7957
MGG_05220T0	5108	5109	3319	39.1952
MGG_07135T0	873	874	717	49.4959
MGG_06008T0	768	769	79	6.19815
MGG_09109T0	1174	1175	2.00959	0.103188
MGG_16072T0	225	226	0	0
MGG_09364T0	789	790	166	12.6778
MGG_00896T0	3265	3266	857	15.8316
MGG_08118T0	2567	2568	12441	292.295
MGG_00594T0	6781	6782	2121	18.8688
MGG_03549T0	2805	2806	539	11.5894
MGG_09923T0	2389	2390	1479	37.3363
MGG_05955T0	2949	2950	481	9.83749
MGG_17363T0	228	229	456	120.141
MGG_05464T0	3092	3093	214	4.17441
MGG_06674T0	3310	3311	902.362	16.4431
MGG_05038T0	2300	2301	366	9.59679
MGG_14291T0	1803	1804	108	3.61201
MGG_07271T0	1535	1536	996	39.1228
MGG_06583T0	1841	1842	698	22.8627
MGG_01521T0	1314	1315	4802	220.322
MGG_04583T0	1152	1153	43	2.25009
MGG_09554T0	1491	1492	348	14.0725
MGG_15255T0	743	744	0	0
MGG_16656T0	270	271	0	0
MGG_02466T0	1095	1096	11052	608.403
MGG_04240T0	1356	1357	871	38.7257
MGG_18107T0	756	757	0	0
MGG_16022T0	299	300	0	0
MGG_06457T0	4142	4143	3284	47.8244
MGG_02240T0	4064	4065	2394	35.5324
MGG_03185T0	2489	2490	30004	727.011
MGG_06992T0	2924	2925	1013.71	20.9097
MGG_00678T0	1070	1071	224	12.6189
MGG_00788T0	1238	1239	1155	56.2435
MGG_03466T0	618	619	1	0.0974699
MGG_07142T0	1453	1454	483	20.0421
MGG_17299T0	468	469	0	0
MGG_03870T0	3006	3007	302	6.05947
MGG_16154T0	2367	2368	262.638	6.69172
MGG_03121T0	3824	3825	1521	23.9916
MGG_17202T0	156	157	16	6.14868
MGG_05893T0	787	788	2	0.153132
MGG_17290T0	207	208	0	0
MGG_16042T0	867	868	76	5.28269
MGG_06401T0	2854	2855	1069.14	22.5938
MGG_09414T0	1053	1054	7477	428.004
MGG_15514T0	481	482	0	0
MGG_04561T0	1069	1070	41	2.31186
MGG_10098T0	1593	1594	5	0.189253
MGG_09677T0	1801	1802	12	0.40178
MGG_13428T0	1817	1818	33	1.09517
MGG_13963T0	1955	1956	110	3.39301
MGG_05413T0	2251	2252	207	5.54579
MGG_06240T0	2260	2261	422	11.2609
MGG_03648T0	1800	1801	34.0839	1.14182
MGG_17660T0	420	421	0	0
MGG_04549T0	4933	4934	1899	23.2213
MGG_05197T0	2697	2698	3690	82.5174
MGG_05961T0	2047	2048	468	13.7872
MGG_17192T0	258	259	6	1.3977
MGG_06356T0	1903	1904	1154	36.5679
MGG_08453T0	1901	1902	70	2.22049
MGG_07235T0	1122	1123	3532	189.759
MGG_05890T0	4271	4272	2089	29.5032
MGG_17563T0	513	514	0	0
MGG_00061T0	828	829	52	3.78451
MGG_12944T0	3243	3244	7333	136.384
MGG_03624T0	706	707	34	2.90149
MGG_08596T0	1954	1955	785	24.2261
MGG_02342T0	2559	2560	1810	42.658
MGG_11634T0	3420	3421	6738	118.834
MGG_03343T0	2929	2930	739	15.2173
MGG_03711T0	2074	2075	490	14.2475
MGG_09018T0	1799	1800	892.129	29.9031
MGG_00073T0	2720	2721	847	18.7809
MGG_12086T0	1140	1141	56.7826	3.00256
MGG_16263T0	335	336	27	4.84826
MGG_07348T0	489	490	17	2.09322
MGG_05641T0	1608	1609	28	1.04994
MGG_08982T0	1002	1003	71	4.27089
MGG_10679T0	816	817	293	21.6375
MGG_08143T0	2288	2289	1276	33.6331
MGG_10318T0	534	535	0	0
MGG_05272T0	3393	3394	1039	18.4699
MGG_16278T0	738	739	24	1.95942
MGG_13481T0	2919	2920	1055	21.7987
MGG_03381T0	613	614	22	2.1618
MGG_04197T0	2158	2159	9319	260.422
MGG_08989T0	1184	1185	304	15.4781
MGG_18005T0	276	277	16	3.48499
MGG_00010T0	1668	1669	0	0
MGG_09667T0	1180	1181	196	10.0131
MGG_13375T0	1866	1867	557	18
MGG_02490T0	1277	1278	3518	166.084
MGG_02817T0	2202	2203	246	6.73724
MGG_02088T0	6450	6451	6763.23	63.2541
MGG_17310T0	573	574	9	0.946002
MGG_15577T0	1554	1555	2425	94.0898
MGG_05924T0	1749	1750	4160	143.422
MGG_14557T0	294	295	33	6.74922
MGG_08685T0	567	568	806	85.6146
MGG_16690T0	636	637	21	1.98903
MGG_16526T0	806	807	256	19.1394
MGG_03527T0	2879	2880	1034.42	21.6704
MGG_06646T0	2132	2133	8781	248.379
MGG_10297T0	2051	2052	9	0.264622
MGG_04071T0	159	160	30	11.3126
MGG_05265T0	4020	4021	1137	17.0603
MGG_08053T0	1755	1756	792	27.2121
MGG_02268T0	1938	1939	138	4.29401
MGG_09484T0	3822	3823	4906	77.4256
MGG_08765T0	4285	4286	16761	235.944
MGG_11236T0	2834	2835	3711.36	78.9843
MGG_00137T0	4057	4058	637.058	9.47171
MGG_08692T0	2256	2257	4325.07	115.617
MGG_17320T0	156	157	6	2.30575
MGG_10259T0	681	682	0	0
MGG_03000T0	3634	3635	1680	27.8847
MGG_09130T0	1530	1531	2	0.0788163
MGG_00148T0	1076	1077	24.01	1.34505
MGG_17420T0	820	821	117	8.59813
MGG_16233T0	1032	1033	36	2.10263
MGG_15621T0	615	616	336.405	32.949
MGG_15601T0	4951	4952	23171	282.31
MGG_02723T0	1559	1560	312	12.0668
MGG_17082T0	442	443	10	1.36194
MGG_09840T0	1362	1363	453	20.0523
MGG_02791T0	387	388	0	0
MGG_06585T0	1427	1428	5530	233.646
MGG_06293T0	786	787	31018.5	2377.97
MGG_09965T0	3201	3202	1149	21.6501
MGG_03201T0	3063	3064	3684	72.5425
MGG_12307T0	1260	1261	5343.92	255.686
MGG_03532T0	3767	3768	2469.44	39.5411
MGG_07458T0	3314	3315	699	12.722
MGG_15525T0	1707	1708	59	2.08413
MGG_16788T0	243	244	0	0
MGG_01077T0	2129	2130	2089	59.1725
MGG_01444T0	1886	1887	6403	204.726
MGG_04684T0	2214	2215	243	6.61902
MGG_05260T0	5721	5722	876	9.23672
MGG_03396T0	2986	2987	105	2.12088
MGG_07293T0	2307	2308	963	25.174
MGG_08154T0	675	676	447	39.8953
MGG_15652T0	482	483	12	1.49898
MGG_04343T0	1561	1562	592.012	22.8671
MGG_17338T0	564	565	0	0
MGG_09241T0	1211	1212	11	0.547585
MGG_02502T0	1851	1852	343	11.1742
MGG_07068T0	1427	1428	2790	117.879
MGG_02953T0	1124	1125	5547	297.486
MGG_09439T0	750	751	193	15.5052
MGG_00770T0	2081	2082	1943	56.3058
MGG_12272T0	889	890	399.415	27.0767
MGG_15808T0	1040	1041	283	16.402
MGG_00062T0	2916	2917	3523	72.8681
MGG_01310T0	1775	1776	857.449	29.1291
MGG_04539T0	306	307	385	75.663
MGG_06689T0	2218	2219	3941	107.155
MGG_04489T0	1337	1338	18899	852.204
MGG_15681T0	966	967	9	0.561536
MGG_04687T0	1629	1630	2968	109.86
MGG_02432T0	3667	3668	3759	61.8307
MGG_08851T0	1344	1345	1243	55.7584
MGG_03653T0	1088	1089	7178	397.683
MGG_16419T0	2917	2918	431	8.91155
MGG_03213T0	2245	2246	80	2.14903
MGG_14604T0	387	388	53	8.24149
MGG_17514T0	2359	2360	625	15.9783
MGG_08554T0	2287	2288	545	14.3715
MGG_01086T0	1507	1508	1221.32	48.8639
MGG_00547T0	1041	1042	869	50.3168
MGG_04846T0	617	618	0	0
MGG_07155T0	4740	4741	1022	13.006
MGG_07180T0	1250	1251	268	12.9252
MGG_00457T0	1676	1677	299	10.7572
MGG_06088T0	1218	1219	116	5.74137
MGG_15778T0	207	208	0	0
MGG_00512T0	363	364	48	7.95612
MGG_01922T0	1387	1388	41484	1803.24
MGG_15271T0	466	467	19	2.4547
MGG_15857T0	237	238	0	0
MGG_02318T0	744	745	221	17.8977
MGG_03038T0	2611	2612	262	6.05187
MGG_10408T0	1503	1504	7	0.280809
MGG_04112T0	1888	1889	2048	65.4123
MGG_17092T0	264	265	16	3.6428
MGG_07294T0	1617	1618	130	4.84759
MGG_07043T0	1513	1514	642	25.5841
MGG_08173T0	2799	2800	3272	70.5045
MGG_07595T0	1810	1811	0	0
MGG_01033T0	1878	1879	212.232	6.81468
MGG_08619T0	1077	1078	353	19.7568
MGG_09572T0	795	796	337	25.5434
MGG_17254T0	219	220	2	0.54849
MGG_07844T0	1524	1525	16	0.633011
MGG_15987T0	1362	1363	3.13395	0.138726
MGG_14697T0	366	367	0	0
MGG_12664T0	1075	1076	173	9.70052
MGG_05320T0	3020	3021	4202	83.9202
MGG_15535T0	4148	4149	342	4.97329
MGG_00130T0	1973	1974	480	14.6709
MGG_12203T0	1553	1554	327	12.6957
MGG_15093T0	1818	1819	115	3.8144
MGG_04907T0	1215	1216	9	0.44655
MGG_05750T0	1460	1461	257	10.6131
MGG_16480T0	669	670	0	0
MGG_14714T0	2257	2258	1050	28.0561
MGG_03609T0	570	571	7277	768.914
MGG_09288T0	177	178	50	16.9477
MGG_08374T0	1583	1584	191	7.27511
MGG_10497T0	1094	1095	103	5.67524
MGG_04195T0	2879	2880	1339	28.0511
MGG_06304T0	1583	1584	394.552	15.0283
MGG_16899T0	345	346	0	0
MGG_04404T0	1774	1775	3	0.101973
MGG_15241T0	1528	1529	2239	88.3503
MGG_14179T0	672	673	5065	454.073
MGG_07675T0	1164	1165	339	17.5564
MGG_10147T0	2672	2673	681.52	15.383
MGG_11178T0	7302	7303	3114	25.7264
MGG_06275T0	2358	2359	246	6.29171
MGG_15232T0	324	325	22	4.08414
MGG_05213T0	2789	2790	746	16.1323
MGG_17651T0	378	379	0	0
MGG_02142T0	4086	4087	22648	334.339
MGG_04241T0	2045	2046	1324.43	39.0557
MGG_16589T0	252	253	0	0
MGG_15000T0	5603	5604	275.358	2.96456
MGG_02662T0	1210	1211	75	3.73662
MGG_01367T0	672	673	1330	119.233
MGG_09753T0	813	814	69	5.1143
MGG_17978T0	1292	1293	517	24.1242
MGG_05046T0	3776	3777	74	1.18208
MGG_05945T0	1362	1363	27	1.19517
MGG_03134T0	3245	3246	3615	67.1926
MGG_08254T0	864	865	7	0.488251
MGG_17694T0	1404	1405	2127	91.3382
MGG_07181T0	959	960	1114	70.0125
MGG_10721T0	1047	1048	59	3.39666
MGG_08289T0	1878	1879	8	0.256877
MGG_06993T0	1315	1316	1433	65.6979
MGG_03754T0	2455	2456	267	6.5591
MGG_01924T0	2008	2009	235	7.05747
MGG_03542T0	4401	4402	3783	51.8499
MGG_04463T0	2384	2385	1327.31	33.5773
MGG_10452T0	1114	1115	96	5.19467
MGG_15401T0	318	319	4	0.756538
MGG_03383T0	1776	1777	16144	548.132
MGG_08932T0	4545	4546	669.324	8.88318
MGG_14967T0	17850	17851	1581.34	5.34472
MGG_17201T0	309	310	6.53091	1.27108
MGG_00622T0	2666	2667	2076	46.9641
MGG_01830T0	996	997	92	5.56742
MGG_18135T0	1482	1483	913	37.1442
MGG_17220T0	2190	2191	188.369	5.18714
MGG_13036T0	999	1000	3	0.181002
MGG_08601T0	3101	3102	3739	72.7235
MGG_07316T0	4074	4075	2735.58	40.5026
MGG_04741T0	1060	1061	1762	100.196
MGG_07326T0	1616	1617	257.822	9.61993
MGG_14287T0	357	358	0	0
MGG_08892T0	1518	1519	289	11.4789
MGG_11726T0	3060	3061	824	16.2415
MGG_08194T0	387	388	10	1.555
MGG_05700T0	5795	5796	400	4.16383
MGG_07619T0	1212	1213	411	20.4429
MGG_07245T0	231	232	126	32.7675
MGG_16356T0	315	316	116	22.1479
MGG_09094T0	684	685	2	0.176157
MGG_17533T0	825	826	1592.71	116.337
MGG_03834T0	1593	1594	36	1.36262
MGG_02609T0	615	616	1088	106.564
MGG_08070T0	877	878	168.829	11.6015
MGG_00024T0	1626	1627	0	0
MGG_00999T0	857	858	1101.68	77.4695
MGG_15272T0	8736	8737	291.134	2.01044
MGG_07292T0	1133	1134	1759	93.5867
MGG_05149T0	1753	1754	233	8.01471
MGG_06572T0	4153	4154	3838	55.7442
MGG_15842T0	369	370	12	1.95678
MGG_18044T0	150	151	11	4.39518
MGG_07568T0	1722	1723	67	2.34612
MGG_04475T0	3121	3122	60	1.15952
MGG_03043T0	1101	1102	92	5.03695
MGG_11797T0	165	166	9	3.27111
MGG_17257T0	231	232	6	1.56036
MGG_00243T0	1989	1990	40.6891	1.23363
MGG_09918T0	1954	1955	318	9.8139
MGG_10246T0	1589	1590	0	0
MGG_00599T0	1571	1572	366.113	14.0515
MGG_17961T0	1758	1759	8930	306.3
MGG_12752T0	1765	1766	2033	69.4557
MGG_11115T0	846	847	269	19.1615
MGG_09496T0	345	346	0	0
MGG_02128T0	1695	1696	3277	116.577
MGG_05760T0	618	619	335	32.6524
MGG_11006T0	1092	1093	107	5.90643
MGG_02404T0	1288	1289	45	2.1063
MGG_03641T0	1853	1854	82497	2684.66
MGG_06582T0	1822	1823	1328	43.9514
MGG_11205T0	13727	13728	4029.88	17.7111
MGG_04333T0	1179	1180	297	15.1857
MGG_08022T0	3369	3370	805.683	14.4243
MGG_16035T0	994	995	86.2301	5.22874
MGG_15115T0	569	570	0	0
MGG_08341T0	1824	1825	415.698	13.7428
MGG_14572T0	819	820	16	1.17725
MGG_02253T0	2972	2973	387180	7857.42
MGG_03444T0	1236	1237	103	5.02376
MGG_11165T0	3693	3694	2533.52	41.3798
MGG_14569T0	1509	1510	0	0
MGG_06548T0	2554	2555	1545	36.4837
MGG_13610T0	2456	2457	1011	24.826
MGG_08533T0	3540	3541	434	7.39478
MGG_17336T0	612	613	17	1.67321
MGG_17977T0	1907	1908	332	10.4984
MGG_02548T0	1713	1714	5	0.176003
MGG_05054T0	1138	1139	13006	688.94
MGG_06624T0	1953	1954	225	6.94735
MGG_14571T0	1867	1868	435	14.0499
MGG_14307T0	2365	2366	4065.82	103.68
MGG_07728T0	3424	3425	359	6.32405
MGG_00497T0	3838	3839	1542	24.2341
MGG_06979T0	3010	3011	2556	51.2167
MGG_05063T0	1848	1849	2986.9	97.4641
MGG_06717T0	972	973	486	30.1359
MGG_04603T0	3012	3013	6940	138.97
MGG_11952T0	360	361	17	2.84121
MGG_03422T0	1701	1702	2	0.0708976
MGG_06516T0	2735	2736	3402	75.0204
MGG_12887T0	618	619	570	55.5579
MGG_08584T0	2714	2715	1651	36.6892
MGG_12410T0	1356	1357	24400	1084.85
MGG_09838T0	3696	3697	858.707	14.0138
MGG_04623T0	2836	2837	1709	36.345
MGG_06313T0	3106	3107	3189	61.9262
MGG_08494T0	1772	1773	45	1.53132
MGG_06273T0	1510	1511	3154	125.939
MGG_07784T0	1343	1344	4514.56	202.664
MGG_14781T0	738	739	258.63	21.1152
MGG_00072T0	1800	1801	891	29.8487
MGG_01183T0	2503	2504	649	15.6377
MGG_01758T0	1161	1162	483	25.0785
MGG_08039T0	1824	1825	18	0.595074
MGG_13221T0	315	316	2368	452.122
MGG_01179T0	1457	1458	814	33.6844
MGG_06482T0	2245	2246	984.025	26.4337
MGG_06482T1	2262	2263	2951.98	78.7027
MGG_13230T0	1537	1538	2288	89.7555
MGG_12817T0	2113	2114	3244	92.5843
MGG_07496T0	1356	1357	609	27.0769
MGG_15961T0	792	793	77	5.8584
MGG_09401T0	1821	1822	565	18.7095
MGG_04228T0	1009	1010	1420.32	84.8451
MGG_08045T0	2523	2524	1059	25.3144
MGG_04793T0	2498	2499	22003	531.223
MGG_15671T0	2204	2205	3107	85.0147
MGG_09893T0	895	896	92	6.195
MGG_00739T0	4561	4562	1655	21.8879
MGG_00307T0	1037	1038	2131.83	123.913
MGG_15805T0	309	310	0	0
MGG_06630T0	1396	1397	44	1.90028
MGG_09701T0	4600	4601	3067	40.2182
MGG_01472T0	2030	2031	3465	102.933
MGG_12779T0	3034	3035	352	6.99754
MGG_04444T0	1293	1294	6846.87	319.242
MGG_08414T0	378	379	0	0
MGG_17165T0	222	223	62	16.7744
MGG_16441T0	3955	3956	4165	63.5214
MGG_09025T0	3142	3143	741	14.2244
MGG_17140T0	171	172	0	0
MGG_03825T0	1617	1618	0	0
MGG_04036T0	900	901	40	2.67853
MGG_06227T0	748	749	3	0.241658
MGG_08638T0	3609	3610	1657	27.6934
MGG_16742T0	566	567	1	0.106409
MGG_03941T0	1104	1105	153	8.35392
MGG_06118T0	3029	3030	1686	33.5719
MGG_00059T0	1659	1660	341	12.3939
MGG_09481T0	2528	2529	10981	261.972
MGG_10796T0	468	469	3444	443.049
MGG_11794T0	2092	2093	2632	75.8714
MGG_07481T0	3548	3549	1468	24.9564
MGG_05507T0	2123	2124	60	1.70435
MGG_16881T0	243	244	8	1.97816
MGG_01413T0	345	346	17	2.96438
MGG_08618T0	4045	4046	1695	25.2758
MGG_00777T0	798	799	19588	1479.12
MGG_05912T0	1741	1742	480	16.6247
MGG_10930T0	1061	1062	1996	113.396
MGG_04600T0	3778	3779	547.638	8.74335
MGG_04465T0	1038	1039	553	32.1123
MGG_05307T0	1975	1976	17467	533.326
MGG_05432T0	738	739	0	0
MGG_12288T0	3837	3838	536	8.42599
MGG_00792T0	2356	2357	25663	656.915
MGG_02124T0	4456	4457	2838	38.4177
MGG_07653T0	1564	1565	51	1.96615
MGG_07869T0	390	391	0	0
MGG_17648T0	1137	1138	0	0
MGG_17361T0	339	340	18	3.19415
MGG_17932T0	3847	3848	3132.64	49.1176
MGG_03683T1	1853	1854	1920.25	62.49
MGG_03683T0	1881	1882	649.747	20.8298
MGG_05006T0	1486	1487	223	9.04806
MGG_00744T0	4110	4111	1729	25.3752
MGG_13292T0	2362	2363	163	4.16184
MGG_09265T0	2218	2219	848	23.0568
MGG_16937T0	366	367	0	0
MGG_10972T0	930	931	131	8.48952
MGG_10650T0	291	292	228	47.11
MGG_09377T0	588	589	217	22.2283
MGG_17991T0	150	151	54	21.5764
MGG_09922T0	2526	2527	3610	86.1913
MGG_00370T0	1664	1665	665.227	24.1055
MGG_02513T0	1111	1112	434.16	23.5563
MGG_15532T0	3039	3040	1970	39.098
MGG_15360T0	560	561	7	0.752829
MGG_14724T0	1431	1432	0	0
MGG_02726T0	2127	2128	593	16.813
MGG_00342T0	1161	1162	538	27.9343
MGG_06056T0	1457	1458	362.624	15.0058
MGG_07707T0	3483	3484	325.158	5.63091
MGG_05724T0	2750	2751	289	6.33824
MGG_00960T0	5580	5581	3317	35.8587
MGG_05032T0	3908	3909	301	4.64582
MGG_17701T0	1360	1361	531	23.5395
MGG_06836T0	2051	2052	688	20.2289
MGG_05632T0	992	993	979	59.4833
MGG_09194T0	1276	1277	7576	357.94
MGG_05165T0	2076	2077	53	1.53957
MGG_03012T0	2780	2781	6516	141.365
MGG_01359T0	2480	2481	1286.1	31.276
MGG_06437T0	2523	2524	1918	45.848
MGG_15711T0	767	768	4	0.314239
MGG_01388T0	1246	1247	104	5.03186
MGG_04586T0	1015	1016	1029.51	61.1363
MGG_04850T0	2285	2286	1793	47.3223
MGG_06089T0	1346	1347	917	41.0736
MGG_06670T0	1443	1444	824	34.4288
MGG_07050T0	294	295	18	3.68139
MGG_03028T0	1552	1553	1445	56.1381
MGG_17032T0	387	388	0	0
MGG_12403T0	5222	5223	1798	20.7697
MGG_06044T0	808	809	8405	626.831
MGG_02807T0	558	559	104	11.2249
MGG_17195T0	3906	3907	902	13.9291
MGG_01951T0	1749	1750	57	1.96516
MGG_05731T0	2237	2238	444	11.9697
MGG_08519T0	1066	1067	10	0.565454
MGG_10733T0	795	796	0	0
MGG_07020T0	2375	2376	152	3.85974
MGG_13328T0	6535	6536	2323	21.4436
MGG_08831T0	1202	1203	8382	420.381
MGG_17188T0	204	205	22	6.47486
MGG_10490T0	1185	1186	1216	61.86
MGG_07611T0	2828	2829	2675	57.0495
MGG_09592T0	804	805	5968	447.295
MGG_15977T0	1422	1423	155.047	6.57384
MGG_06577T0	2805	2806	45	0.967579
MGG_09756T0	1032	1033	150	8.76097
MGG_06571T0	849	850	11708	831.046
MGG_05617T0	1084	1085	573.048	31.8656
MGG_06547T0	3983	3984	1918	29.0463
MGG_09557T0	2253	2254	1276	34.1553
MGG_03250T0	1479	1480	1128.37	45.9992
MGG_08950T0	1395	1396	3357	145.087
MGG_08709T0	2727	2728	193.525	4.28011
MGG_10548T0	1276	1277	125	5.90582
MGG_14931T0	2822	2823	6944	148.409
MGG_00708T0	1120	1121	564.311	30.3721
MGG_02070T0	3962	3963	601.553	9.15822
MGG_16995T0	255	256	0	0
MGG_04438T0	1364	1365	16777	741.554
MGG_05078T0	4211	4212	324	4.64107
MGG_03492T0	2039	2040	2257	66.7518
MGG_07746T0	1095	1096	80	4.40393
MGG_18087T0	435	436	0	0
MGG_15566T0	3119	3120	682	13.1884
MGG_18049T0	417	418	108	15.5887
MGG_13178T0	4504	4505	755.97	10.1244
MGG_17067T0	153	154	16	6.26846
MGG_01096T0	3542	3543	2528	43.0494
MGG_10292T0	456	457	851	112.35
MGG_07575T0	912	913	1313	86.7671
MGG_16210T0	153	154	0	0
MGG_15782T0	225	226	0	0
MGG_03136T0	2369	2370	11155	283.977
MGG_04728T0	423	424	68	9.67619
MGG_08920T0	5107	5108	833	9.8391
MGG_08661T0	1735	1736	3540	123.031
MGG_04852T0	4577	4578	2945	38.8124
MGG_15215T0	954	955	638	40.3068
MGG_10814T0	1276	1277	0	0
MGG_04704T0	1295	1296	548	25.5116
MGG_06850T0	3627	3628	2101	34.9398
MGG_07871T0	726	727	136	11.2867
MGG_12405T0	2339	2340	6697	172.674
MGG_06207T0	1521	1522	4	0.158565
MGG_17031T0	150	151	0	0
MGG_03364T0	725	726	270	22.4382
MGG_12068T0	1419	1420	7	0.297421
MGG_00581T0	512	513	4	0.47044
MGG_13765T0	1870	1871	439	14.1564
MGG_14743T0	1410	1411	115	4.91736
MGG_11936T0	3182	3183	210	3.98056
MGG_02574T0	3660	3661	761	12.5414
MGG_02254T0	1367	1368	3283.6	144.819
MGG_09722T0	618	619	105	10.2343
MGG_06475T0	3117	3118	1534	29.6832
MGG_07699T0	318	319	0	0
MGG_11547T0	2792	2793	1393	30.0913
MGG_09858T0	840	841	80	5.73925
MGG_00866T0	2379	2380	165	4.18281
MGG_03394T0	1432	1433	496	20.8832
MGG_03675T0	1770	1771	633	21.5649
MGG_17973T0	162	163	69	25.5401
MGG_00918T0	2581	2582	804	18.7872
MGG_02030T0	1767	1768	0	0
MGG_00785T0	1853	1854	36751	1195.97
MGG_07074T0	2553	2554	1710	40.3958
MGG_01921T0	1419	1420	5290	224.765
MGG_06546T0	1876	1877	0	0
MGG_03348T0	3073	3074	94	1.84495
MGG_12738T0	4688	4689	4293	55.2385
MGG_11146T0	1251	1252	400	19.276
MGG_08369T0	2138	2139	1246	35.1454
MGG_08881T1	3005	3006	40.2521	0.807906
MGG_08881T0	2988	2989	25.7479	0.51973
MGG_09764T0	1458	1459	1510	62.4429
MGG_10627T0	2913	2914	220	4.55506
MGG_14797T0	2817	2818	1356.58	29.0447
MGG_02501T0	2961	2962	363	7.39406
MGG_14602T0	1467	1468	906	37.236
MGG_03091T0	721	722	2625	219.358
MGG_16973T0	319	320	0	0
MGG_17466T0	261	262	6	1.38169
MGG_05730T0	1749	1750	1680	57.9205
MGG_07725T0	1499	1500	29	1.16646
MGG_08807T0	4159	4160	1166	16.9109
MGG_17899T0	234	235	0	0
MGG_15079T0	3558	3559	882	14.9521
MGG_00944T0	1842	1843	1235	40.4299
MGG_16668T0	782	783	12786	985.222
MGG_06824T0	712	713	525	44.4254
MGG_02383T0	1210	1211	20	0.996431
MGG_14292T0	2174	2175	613	17.0044
MGG_02201T0	1290	1291	1828	85.4302
MGG_03459T0	5739	5740	3549	37.304
MGG_15816T0	180	181	55	18.3335
MGG_15561T0	168	169	0	0
MGG_16989T0	489	490	33	4.0633
MGG_15494T0	1426	1427	34.7903	1.47094
MGG_03312T0	826	827	6.07163	0.442957
MGG_03887T0	1796	1797	699	23.4688
MGG_02991T0	1924	1925	169	5.29685
MGG_03235T0	3190	3191	1400.61	26.482
MGG_18096T0	471	472	0	0
MGG_03183T0	2171	2172	435	12.0834
MGG_04769T0	2075	2076	393.784	11.4444
MGG_01532T0	844	845	118	8.42533
MGG_16353T0	225	226	97	25.8955
MGG_02742T0	885	886	2701	183.93
MGG_10995T0	669	670	0	0
MGG_13086T0	1680	1681	27	0.969075
MGG_12637T0	914	915	158	10.4183
MGG_00892T0	435	436	2032	281.189
MGG_11745T0	2168	2169	831	23.1155
MGG_04943T0	2419	2420	5781	144.128
MGG_17971T0	156	157	10	3.84292
MGG_05096T0	1489	1490	1295	52.4378
MGG_05473T0	476	477	5	0.632431
MGG_00492T0	5778	5779	449	4.68765
MGG_07476T0	3946	3947	3038.78	46.4509
MGG_13474T0	952	953	16178	1024.22
MGG_09578T0	366	367	0	0
MGG_06876T0	1282	1283	2653	124.759
MGG_14894T0	1092	1093	0	0
MGG_00575T0	2123	2124	340	9.65797
MGG_10821T0	2179	2180	1598	44.2264
MGG_03247T0	1443	1444	3317.87	138.629
MGG_08640T0	1397	1398	827.923	35.7309
MGG_16455T0	2488	2489	1818	44.0687
MGG_02412T0	1273	1274	765	36.2288
MGG_16697T0	354	355	0	0
MGG_03122T0	2211	2212	4983	135.915
MGG_01885T0	2572	2573	716	16.7894
MGG_02602T0	1882	1883	4454	142.712
MGG_04659T0	3096	3097	3068	59.7689
MGG_06623T0	2226	2227	273	7.39612
MGG_15366T0	393	394	15	2.29698
MGG_12445T0	456	457	0	0
MGG_16777T0	171	172	0	0
MGG_16097T0	1713	1714	7.14595	0.251542
MGG_08617T0	1883	1884	30.9906	0.992454
MGG_04251T0	2367	2368	1053	26.8292
MGG_15579T0	968	969	68	4.23396
MGG_06919T0	771	772	8568	669.612
MGG_04528T0	5675	5676	1254	13.3296
MGG_02570T0	1436	1437	528	22.1686
MGG_04715T0	267	268	192	43.2243
MGG_15922T0	366	367	7.02544	1.15497
MGG_06883T0	1843	1844	1011.08	33.0816
MGG_07485T0	1993	1994	69	2.08778
MGG_03274T0	2973	2974	454	9.21035
MGG_10440T0	767	768	348	27.3388
MGG_17216T0	540	541	0	0
MGG_06705T0	920	921	1255	82.2139
MGG_07543T0	1870	1871	916	29.5381
MGG_15483T0	483	484	0	0
MGG_02220T0	333	334	0	0
MGG_12537T0	1646	1647	459	16.8144
MGG_10830T0	1254	1255	478.446	23.0012
MGG_17529T0	285	286	777	163.914
MGG_16804T0	727	728	20	1.65752
MGG_02091T0	750	751	39	3.13319
MGG_02793T0	2975	2976	252	5.10892
MGG_07393T0	3680	3681	2548	41.7633
MGG_16090T0	429	430	0	0
MGG_00416T0	1479	1480	44	1.79371
MGG_03095T0	2390	2391	150	3.78506
MGG_16650T0	342	343	68	11.9612
MGG_01509T0	366	367	316	51.9496
MGG_00520T0	1008	1009	1340.55	80.1594
MGG_13239T0	4493	4494	5576	74.8602
MGG_12110T0	1540	1541	5886	230.451
MGG_04638T0	1466	1467	1035.32	42.5798
MGG_06743T0	2312	2313	1635	42.6485
MGG_14773T0	3304	3305	5686	103.8
MGG_02496T0	1161	1162	1592	82.6606
MGG_03805T0	351	352	0	0
MGG_07338T1	4522	4523	1375.15	18.3436
MGG_07338T0	4002	4003	1074.85	16.2004
MGG_06877T0	2256	2257	754	20.1559
MGG_14913T0	1230	1231	4751	232.856
MGG_01116T0	1215	1216	989.907	49.1159
MGG_16812T0	2595	2596	70.8688	1.64707
MGG_10424T0	429	430	249	34.9375
MGG_09178T0	1572	1573	7	0.268492
MGG_00701T0	1128	1129	82	4.38209
MGG_00168T0	2312	2313	17202	448.709
MGG_07872T0	477	478	768	96.9381
MGG_10083T0	1549	1550	46	1.79055
MGG_08352T0	999	1000	36	2.17202
MGG_09642T0	2045	2046	30	0.884661
MGG_02212T0	498	499	0	0
MGG_06662T0	5427	5428	1043	11.5933
MGG_17810T0	7805	7806	5234	40.4545
MGG_01101T0	2559	2560	4875	114.894
MGG_01726T0	6571	6572	997	9.15291
MGG_07950T0	699	700	0	0
MGG_08269T0	1852	1853	814.978	26.5358
MGG_02669T0	1007	1008	1872	112.049
MGG_01706T0	620	621	3276	318.283
MGG_03256T0	2504	2505	1037	24.9765
MGG_04263T0	510	511	3	0.354211
MGG_09798T0	2441	2442	3849	95.0963
MGG_08784T0	3213	3214	991.595	18.6144
MGG_15380T0	1284	1285	52	2.44153
MGG_01001T0	2926	2927	443	9.13151
MGG_02822T0	864	865	2998.31	209.133
MGG_05596T0	3047	3048	1119	22.1501
MGG_16456T0	2042	2043	4457.11	131.627
MGG_06278T0	1507	1508	456	18.2442
MGG_02809T0	4761	4762	3666	46.4477
MGG_02876T0	1788	1789	2777	93.6541
MGG_08020T0	1335	1336	134	6.05145
MGG_06202T0	3818	3819	346	5.46623
MGG_15318T0	1392	1393	9	0.38981
MGG_05878T0	1857	1858	2	0.064945
MGG_03143T0	2601	2602	377	8.74169
MGG_01443T0	2077	2078	737	21.3985
MGG_07771T0	2725	2726	5108.94	113.075
MGG_01267T0	829	830	2541	184.709
MGG_09719T0	3434	3435	572	10.0469
MGG_17291T0	387	388	0	0
MGG_03792T0	831	832	0	0
MGG_00768T0	2118	2119	612	17.4254
MGG_17085T0	288	289	2	0.417536
MGG_04435T0	2282	2283	1848.46	48.8501
MGG_06787T0	3148	3149	919	17.6078
MGG_02541T0	2208	2209	2763	75.4652
MGG_12839T0	5497	5498	3227	35.4124
MGG_16975T0	402	403	0	0
MGG_16231T0	1774	1775	179	6.08438
MGG_14588T0	1830	1831	0	0
MGG_05642T0	3273	3274	923	17.0092
MGG_03429T0	969	970	0	0
MGG_17439T0	1098	1099	3860.15	211.918
MGG_13880T0	1197	1198	0	0
MGG_02826T0	1847	1848	236	7.70498
MGG_16871T0	384	385	836	131.011
MGG_13283T0	867	868	0	0
MGG_01772T0	1040	1041	945.749	54.8134
MGG_17972T0	553	554	5	0.54453
MGG_05759T0	1723	1724	215	7.52424
MGG_17364T0	219	220	4	1.09698
MGG_09515T0	2845	2846	2497	52.9353
MGG_07544T0	525	526	0	0
MGG_08775T0	1557	1558	186	7.20289
MGG_12385T0	2659	2660	491	11.1368
MGG_12077T0	2511	2512	464	11.1445
MGG_16505T0	420	421	17	2.43629
MGG_15773T0	2433	2434	2916	72.2817
MGG_17509T0	1080	1081	1	0.055813
MGG_00375T0	1275	1276	206	9.74043
MGG_03283T0	3400	3401	1660.61	29.4594
MGG_06651T0	2418	2419	3225	80.4369
MGG_14875T0	887	888	242	16.4423
MGG_07776T0	459	460	7	0.918125
MGG_04751T0	2197	2198	62.0128	1.70222
MGG_05447T0	847	848	1754.47	124.828
MGG_13814T0	693	694	124	10.7801
MGG_16940T0	366	367	1.00635	0.165441
MGG_03611T0	1974	1975	360.807	11.0222
MGG_10330T0	3536	3537	286	4.87857
MGG_03163T0	1016	1017	689	40.8752
MGG_16723T0	243	244	0	0
MGG_12305T0	915	916	493.145	32.4819
MGG_08551T0	3203	3204	986.225	18.5714
MGG_10651T0	1133	1134	2077.57	110.536
MGG_00984T0	3505	3506	25311.9	435.586
MGG_10728T0	2212	2213	36	0.981482
MGG_06643T0	3113	3114	34108	660.844
MGG_18124T0	360	361	2.00614	0.335287
MGG_15586T0	195	196	0	0
MGG_10052T0	887	888	771	52.3845
MGG_06706T0	3153	3154	1347	25.7672
MGG_01432T0	2118	2119	1072.4	30.5342
MGG_16340T0	783	784	123	9.46565
MGG_15066T0	336	337	34	6.0871
MGG_00384T0	4132	4133	2128	31.0647
MGG_02479T0	878	879	6305	432.77
MGG_15278T0	1323	1324	8	0.364555
MGG_04473T0	2193	2194	411	11.3023
MGG_17939T0	180	181	95	31.667
MGG_17180T0	816	817	802	59.2262
MGG_00845T0	4639	4640	956.281	12.4345
MGG_07159T0	651	652	52	4.81191
MGG_03552T0	2628	2629	1880.66	43.16
MGG_08839T0	3188	3189	950	17.9734
MGG_10804T0	501	502	317	38.0993
MGG_14299T0	1429	1430	93	3.92381
MGG_13924T0	2250	2251	657	17.6097
MGG_07383T0	1311	1312	1365	62.7712
MGG_18003T0	739	740	5024	409.618
MGG_16580T0	252	253	0	0
MGG_06161T0	1099	1100	115	6.30763
MGG_02478T0	3509	3510	2985	51.3096
MGG_17353T0	231	232	5	1.3003
MGG_02767T0	5837	5838	4581	47.3432
MGG_05401T0	3712	3713	31	0.50373
MGG_09291T0	3174	3175	2054	39.0318
MGG_16862T0	1419	1420	2013	85.5297
MGG_10846T0	944	945	8	0.510763
MGG_04897T0	2878	2879	973	20.3907
MGG_05160T0	4165	4166	7086	102.623
MGG_07331T0	2459	2460	3752	92.0215
MGG_14810T0	309	310	60	11.6775
MGG_06859T0	1027	1028	1894.85	111.21
MGG_17675T0	168	169	0	0
MGG_11211T0	4315	4316	6880	96.1764
MGG_10439T0	2857	2858	129	2.72326
MGG_17817T0	1773	1774	346.085	11.7704
MGG_16331T0	1844	1845	22.2742	0.728394
MGG_13902T0	2409	2410	4	0.100139
MGG_18019T0	312	313	8.19841	1.58033
MGG_06578T0	1200	1201	790	39.6867
MGG_16391T0	680	681	4	0.354384
MGG_08187T0	1410	1411	219	9.36437
MGG_04588T0	2791	2792	1665.44	35.9893
MGG_17547T0	507	508	0	0
MGG_05518T0	523	524	7	0.805987
MGG_01746T0	1764	1765	4884	166.952
MGG_12388T0	2587	2588	4200	97.9144
MGG_09511T0	1697	1698	3595	127.739
MGG_04667T0	3012	3013	1523	30.4974
MGG_15863T0	183	184	14	4.59062
MGG_01103T0	2371	2372	1308	33.2701
MGG_09200T0	2640	2641	6655	152.034
MGG_05127T0	597	598	0	0
MGG_05137T0	2024	2025	447	13.3181
MGG_17399T0	2220	2221	1761	47.8379
MGG_01843T0	603	604	386	38.5578
MGG_09668T0	2018	2019	153	4.57211
MGG_06642T0	2869	2870	1450	30.4823
MGG_01147T0	2482	2483	156	3.79061
MGG_00490T0	1940	1941	1284	39.9118
MGG_00981T0	1296	1297	2179	101.363
MGG_00841T0	3144	3145	556	10.6663
MGG_05169T0	3361	3362	761.719	13.6697
MGG_17846T0	4302	4303	58.7946	0.82438
MGG_17548T0	399	400	0	0
MGG_14303T0	1641	1642	1274	46.812
MGG_00225T0	537	538	0	0
MGG_05598T0	5224	5225	1972	22.771
MGG_05411T0	2283	2284	18	0.475486
MGG_13815T0	1037	1038	69307	4028.48
MGG_17247T0	3737	3738	2191	35.3643
MGG_07547T0	2377	2378	40	1.01487
MGG_13485T0	2699	2700	2302	51.4402
MGG_01151T0	1262	1263	746.757	35.6728
MGG_03819T0	1488	1489	1	0.0405197
MGG_03837T0	4346	4347	4792	66.5102
MGG_12613T0	7425	7426	139	1.12933
MGG_10048T0	3073	3074	0	0
MGG_07855T0	1713	1714	1	0.0352006
MGG_17061T0	1370	1371	265.511	11.6844
MGG_00775T0	2953	2954	3912	79.9005
MGG_01754T0	1999	2000	590	17.7985
MGG_17384T0	1291	1292	252	11.7679
MGG_04227T0	3861	3862	1623	25.3552
MGG_07809T0	1347	1348	0	0
MGG_05088T0	2742	2743	1651	36.3147
MGG_08627T0	1887	1888	1851.37	59.1633
MGG_06395T0	4668	4669	1454	18.7889
MGG_12670T0	1883	1884	461.435	14.7772
MGG_03731T0	1563	1564	4636	178.841
MGG_01330T0	2398	2399	16	0.402394
MGG_17191T0	465	466	13	1.68313
MGG_02080T0	1071	1072	0	0
MGG_16423T0	868	869	68	4.72118
MGG_16202T0	3026	3027	546	10.8828
MGG_00464T0	2039	2040	1763	52.1415
MGG_00795T0	4312	4313	68	0.951242
MGG_03629T0	4695	4696	5804	74.5694
MGG_04092T0	1434	1435	2714	114.109
MGG_07118T0	2563	2564	3	0.0705935
MGG_03863T0	761	762	1483	117.421
MGG_01066T0	934	935	9479	611.663
MGG_04500T0	1376	1377	2620	114.797
MGG_08842T0	1842	1843	964.752	31.5829
MGG_01694T0	1766	1767	124.985	4.26758
MGG_06083T0	1169	1170	2077	107.106
MGG_00619T0	648	649	73	6.7864
MGG_15667T0	1504	1505	202	8.09797
MGG_03724T0	4334	4335	7353	102.338
MGG_17681T0	225	226	50	13.3482
MGG_12100T0	1919	1920	467	14.675
MGG_09869T0	3538	3539	1300	22.1628
MGG_16654T0	395	396	0	0
MGG_03553T0	942	943	2378.34	152.168
MGG_02730T0	2013	2014	1127	33.7618
MGG_01365T0	1713	1714	15	0.52801
MGG_09618T0	1443	1444	6082	254.121
MGG_16659T0	231	232	0	0
MGG_12849T0	3193	3194	1008	19.0409
MGG_09420T0	903	904	0	0
MGG_00320T0	3945	3946	14291	218.508
MGG_03251T0	1038	1039	7140	414.614
MGG_11680T0	2657	2658	1862	42.2655
MGG_17116T0	210	211	0	0
MGG_05215T0	1886	1887	16.0123	0.511968
MGG_06962T0	1388	1389	9945	431.98
MGG_17315T0	189	190	4	1.27019
MGG_07501T0	3850	3851	758	11.8756
MGG_15024T0	1489	1490	614	24.8624
MGG_00652T0	2493	2494	2461	59.5356
MGG_03181T0	2324	2325	1371	35.5775
MGG_04208T0	891	892	71	4.80236
MGG_17407T0	330	331	13.3697	2.437
MGG_09184T0	2711	2712	3063	68.1426
MGG_17435T0	400	401	58	8.7266
MGG_01876T0	1152	1153	86	4.50019
MGG_01257T0	1520	1521	91.8691	3.64419
MGG_17592T0	351	352	0	0
MGG_10026T0	1011	1012	0	0
MGG_03066T0	2240	2241	953	25.6574
MGG_06164T0	4818	4819	446	5.58392
MGG_08555T0	3020	3021	163	3.25535
MGG_17981T0	180	181	11	3.6667
MGG_02729T0	4556	4557	165	2.18457
MGG_07162T0	2292	2293	1122	29.5223
MGG_15131T0	1347	1348	42	1.87984
MGG_14136T0	1662	1663	837	30.3665
MGG_14652T0	896	897	289	19.4387
MGG_09032T0	1844	1845	459	15.0099
MGG_07412T0	900	901	808	54.1063
MGG_01087T0	2980	2981	1048.68	21.2248
MGG_09822T0	714	715	2	0.168766
MGG_13350T0	2573	2574	416	9.75093
MGG_03431T0	1299	1300	6	0.278464
MGG_01229T0	810	811	2160	160.692
MGG_00101T0	1554	1555	630.509	24.4637
MGG_02473T0	2079	2080	1504	43.626
MGG_02259T0	3691	3692	557	9.10238
MGG_02542T0	2656	2657	37	0.840178
MGG_10549T0	333	334	22	3.97409
MGG_01186T0	1821	1822	36	1.19211
MGG_14965T0	627	628	2.33333	0.224171
MGG_01639T0	3252	3253	1105	20.4946
MGG_05323T0	2610	2611	1031.81	23.8425
MGG_09878T0	1852	1853	4020	130.892
MGG_00193T0	3485	3486	855.043	14.7986
MGG_05317T0	1272	1273	1828	86.6381
MGG_16467T0	1172	1173	19	0.977275
MGG_11683T0	1104	1105	2213	120.832
MGG_04436T0	1285	1286	9113.54	427.57
MGG_13743T0	1171	1172	1962	101.003
MGG_02853T0	1522	1523	1663	65.88
MGG_11715T0	4417	4418	1689	23.0656
MGG_01128T0	6009	6010	4813	48.3173
MGG_03652T0	2854	2855	915.216	19.341
MGG_17841T0	3915	3916	6645	102.38
MGG_05141T0	825	826	39	2.84869
MGG_01025T0	1415	1416	171	7.28608
MGG_02898T0	1344	1345	788	35.348
MGG_03800T0	675	676	0	0
MGG_08858T0	2128	2129	3467	98.2516
MGG_03149T0	1673	1674	3964	142.87
MGG_08368T0	1761	1762	1093	37.4262
MGG_16489T0	627	628	2.33333	0.224171
MGG_12267T0	1348	1349	878	39.2685
MGG_14629T0	267	268	365	82.1712
MGG_12423T0	1308	1309	2260	104.167
MGG_06325T0	3373	3374	1374.6	24.5806
MGG_14922T0	264	265	0	0
MGG_17784T0	333	334	314	56.7211
MGG_03760T0	858	859	45	3.16068
MGG_15828T0	1177	1178	358.939	18.3839
MGG_03565T0	2303	2304	3089.7	80.9086
MGG_02421T0	1773	1774	7537	256.334
MGG_09543T0	2223	2224	140	3.798
MGG_17883T0	183	184	3	0.983705
MGG_15179T0	1119	1120	0	0
MGG_08331T0	711	712	0	0
MGG_01358T0	920	921	30.8956	2.02394
MGG_05315T0	6151	6152	3678.1	36.0719
MGG_11575T0	967	968	456	28.4218
MGG_17064T0	249	250	22	5.30938
MGG_12154T0	5580	5581	1624	17.5564
MGG_04552T0	3410	3411	844	14.9287
MGG_03239T0	1485	1486	1496	60.7399
MGG_04991T0	2290	2291	773	20.3571
MGG_14071T0	1373	1374	1546.2	67.8955
MGG_08900T0	1611	1612	481	18.0029
MGG_13442T0	1707	1708	269	9.50224
MGG_16424T0	2281	2282	191	5.04986
MGG_06682T0	2037	2038	549.614	16.271
MGG_09559T0	3473	3474	1833	31.8342
MGG_04981T0	1176	1177	449.611	23.0474
MGG_05336T0	2419	2420	25593	638.068
MGG_05943T0	438	439	1	0.137435
MGG_00157T0	2492	2493	4141	100.218
MGG_01366T0	270	271	22	4.89795
MGG_03970T0	1716	1717	1597	56.1172
MGG_18063T0	1711	1712	11	0.387659
MGG_12015T0	423	424	340	48.381
MGG_08007T0	1596	1597	230	8.68929
MGG_08447T0	780	781	4	0.309008
MGG_15233T0	1413	1414	225.145	9.60672
MGG_15592T0	210	211	10	2.85943
MGG_00873T0	186	187	0	0
MGG_02961T0	7269	7270	4215	34.9804
MGG_05316T0	2254	2255	91	2.43476
MGG_09313T0	2517	2518	710	17.0123
MGG_00220T0	1571	1572	795	30.5124
MGG_05879T0	1472	1473	219	8.97021
MGG_01329T0	2739	2740	1105	24.3317
MGG_14892T0	1344	1345	205	9.19587
MGG_00528T0	3218	3219	1377	25.8092
MGG_14003T0	5757	5758	3441	36.0557
MGG_08089T0	2196	2197	837	22.9856
MGG_13486T0	2634	2635	2045	46.8246
MGG_00772T0	3954	3955	1872	28.5575
MGG_01855T0	876	877	118	8.1179
MGG_12176T0	423	424	33	4.6958
MGG_17181T0	444	445	2	0.271164
MGG_00272T0	1281	1282	21346	1004.59
MGG_06140T0	3407	3408	2190	38.7709
MGG_16194T0	887	888	78	5.2996
MGG_15901T0	2868	2869	985	20.7141
MGG_15738T0	228	229	49	12.9099
MGG_05948T0	1706	1707	7466	263.886
MGG_00110T0	1685	1686	1172	41.9403
MGG_16069T0	1498	1499	3.39261	0.136551
MGG_02330T0	1839	1840	141	4.62341
MGG_01812T0	2795	2796	309	6.6678
MGG_01747T0	2607	2608	185.258	4.28578
MGG_04247T0	705	706	0	0
MGG_10193T0	1821	1822	3954	130.933
MGG_02926T0	738	739	3220	262.889
MGG_15985T0	345	346	6	1.04625
MGG_13817T0	3738	3739	6087.21	98.2255
MGG_01042T0	1689	1690	412	14.7086
MGG_02859T0	2681	2682	949	21.3486
MGG_03913T0	576	577	546	57.0924
MGG_08863T0	3381	3382	794	14.1647
MGG_03351T0	3207	3208	170	3.19725
MGG_13255T0	1008	1009	147	8.78997
MGG_09971T0	2546	2547	1586	37.5695
MGG_15749T0	4032	4033	11798	176.499
MGG_02812T0	1206	1207	1016	50.7864
MGG_16557T0	1188	1189	0	0
MGG_16081T0	855	856	0	0
MGG_16279T0	495	496	20	2.43282
MGG_15736T0	937	938	1759	113.142
MGG_15707T0	546	547	0	0
MGG_17928T0	1263	1264	6231.9	297.464
MGG_08641T0	1482	1483	385.519	15.6843
MGG_05091T0	1814	1815	199	6.61512
MGG_09234T0	1218	1219	359	17.7686
MGG_03220T0	3779	3780	3730.82	59.5489
MGG_08415T0	2981	2982	15	0.30349
MGG_17456T0	616	617	153	14.9612
MGG_15570T0	324	325	10	1.85643
MGG_07160T0	2137	2138	1983	55.9598
MGG_05651T0	1354	1355	2329	103.703
MGG_01973T0	3486	3487	1100.49	19.0412
MGG_03946T0	1042	1043	50175	2902.45
MGG_03175T0	1662	1663	709	25.7226
MGG_15786T0	174	175	0	0
MGG_07559T0	1728	1729	99	3.45463
MGG_07208T0	1458	1459	695	28.7403
MGG_08010T0	2519	2520	1545	36.9904
MGG_00827T0	941	942	2909	186.318
MGG_08201T0	826	827	1300.49	94.8777
MGG_15950T0	2636	2637	1331	30.4529
MGG_11104T0	755	756	36	2.87304
MGG_14559T0	360	361	17	2.84121
MGG_07999T0	3886	3887	1867	28.9795
MGG_09122T0	1533	1534	11	0.432642
MGG_15251T0	1046	1047	325	18.7283
MGG_02341T0	258	259	2	0.465899
MGG_11709T0	3750	3751	2623.55	42.1992
MGG_07250T0	5399	5400	36	0.402226
MGG_16096T0	1982	1983	1251	38.0624
MGG_11651T0	1689	1690	4627	165.186
MGG_13542T0	3561	3562	233.52	3.95542
MGG_01409T0	3730	3731	3796	61.385
MGG_02544T0	1601	1602	106	3.99213
MGG_17454T0	279	280	6	1.29287
MGG_16411T0	636	637	0	0
MGG_07176T0	1576	1577	19648	751.706
MGG_16595T0	2541	2542	517	12.2709
MGG_03865T0	222	223	2663	720.49
MGG_17485T0	246	247	0	0
MGG_03108T0	402	403	2	0.299424
MGG_03352T0	1623	1624	1017	37.783
MGG_09086T0	384	385	0	0
MGG_16996T0	984	985	20.0986	1.2311
MGG_07916T0	1869	1870	1960	63.2377
MGG_06371T0	1595	1596	3533	133.559
MGG_08676T0	1109	1110	954	51.8545
MGG_00105T0	6562	6563	1804.23	16.5863
MGG_15136T0	1602	1603	1107	41.6654
MGG_04331T0	1423	1424	1972	83.5523
MGG_10428T0	2247	2248	1144	30.7037
MGG_11360T0	2002	2003	257	7.74129
MGG_17467T0	186	187	2	0.645282
MGG_05299T0	2893	2894	3899.97	81.3062
MGG_17423T0	462	463	10	1.30311
MGG_14338T0	718	719	2178	182.764
MGG_03853T0	1372	1373	1311.2	57.6183
MGG_16616T0	414	415	0	0
MGG_06925T0	4611	4612	2252	29.4605
MGG_17937T0	744	745	50	4.04925
MGG_05764T0	507	508	169	20.0717
MGG_16403T0	1560	1561	367	14.1848
MGG_16350T0	282	283	0	0
MGG_16195T0	3120	3121	1234	23.8552
MGG_06192T0	1036	1037	4921	286.31
MGG_06907T0	915	916	922.865	60.7861
MGG_09762T0	2334	2335	849	21.9372
MGG_03275T0	7701	7702	3535	27.6916
MGG_02653T0	3623	3624	1576	26.2379
MGG_08739T0	540	541	0	0
MGG_01637T0	1404	1405	1189	51.0584
MGG_12049T0	429	430	1273	178.616
MGG_15610T0	207	208	0	0
MGG_07490T0	636	637	78	7.38782
MGG_02310T0	1383	1384	4	0.174375
MGG_02701T0	5485	5486	897	9.86502
MGG_14847T0	3965	3966	9402	143.031
MGG_04611T0	2594	2595	342	7.95152
MGG_10484T0	1156	1157	77	4.01531
MGG_02839T0	2503	2504	239	5.75871
MGG_12775T0	1360	1361	409	18.1312
MGG_02287T0	1338	1339	109429	4930.75
MGG_05040T0	2926	2927	198	4.08135
MGG_05465T0	576	577	0	0
MGG_00172T0	2308	2309	823	21.5049
MGG_14057T0	1314	1315	234	10.7362
MGG_02974T0	2120	2121	502	14.2799
MGG_02998T0	1845	1846	669	21.8653
MGG_15330T0	930	931	23	1.49053
MGG_12981T0	925	926	0	0
MGG_07949T0	2258	2259	163	4.35344
MGG_04099T0	1987	1988	10	0.30349
MGG_07845T0	1747	1748	53	1.82935
MGG_08581T0	2021	2022	293	8.74275
MGG_04348T0	972	973	10	0.620081
MGG_09990T0	2808	2809	189	4.05949
MGG_03461T0	898	899	3.55107	0.23832
MGG_06504T0	2267	2268	2525	67.1707
MGG_06906T0	2819	2820	2942	62.9441
MGG_07390T0	1255	1256	80	3.84292
MGG_09954T0	4910	4911	481	5.90931
MGG_01511T0	1773	1774	129	4.3873
MGG_17356T0	886	887	4	0.272081
MGG_17187T0	450	451	20	2.67556
MGG_08696T0	1215	1216	15	0.74425
MGG_11889T0	2431	2432	2679.45	66.4726
MGG_06603T0	2020	2021	1376	41.0784
MGG_12313T0	2076	2077	51.5059	1.49617
MGG_03627T0	1552	1553	1816	70.5514
MGG_01833T0	4200	4201	895	12.8538
MGG_00667T0	3832	3833	1350	21.2499
MGG_02504T0	2240	2241	1826	49.161
MGG_05478T0	1471	1472	2643	108.33
MGG_00357T0	1978	1979	836	25.4872
MGG_03736T0	4716	4717	5512	70.5025
MGG_17217T0	735	736	0	0
MGG_16177T0	1416	1417	0	0
MGG_14735T0	1561	1562	591	22.828
MGG_07690T0	2196	2197	28307	777.365
MGG_06837T0	264	265	4409	1003.82
MGG_07100T0	1345	1346	186.192	8.346
MGG_06153T0	1442	1443	6760	282.645
MGG_17838T0	231	232	0	0
MGG_11817T0	1980	1981	587	17.8778
MGG_07217T0	666	667	6	0.542734
MGG_09500T0	306	307	47	9.23679
MGG_05012T0	1875	1876	34	1.09347
MGG_04040T0	4203	4204	595	8.53917
MGG_04770T0	1074	1075	21	1.17862
MGG_17341T0	2495	2496	2387	57.6991
MGG_00683T0	4216	4217	923.367	13.2109
MGG_06679T0	3777	3778	113	1.80459
MGG_15734T0	657	658	25	2.29232
MGG_04015T0	2437	2438	729	18.0408
MGG_09641T0	1346	1347	2914	130.522
MGG_08699T0	657	658	156	14.3041
MGG_10479T0	1941	1942	3	0.0932038
MGG_00380T0	459	460	3	0.393482
MGG_03194T0	1158	1159	1002	52.161
MGG_16870T0	813	814	63	4.66958
MGG_12962T0	2832	2833	1261	26.8553
MGG_15627T0	1253	1254	2113.55	101.689
MGG_08268T0	2211	2212	318	8.67368
MGG_13497T0	2244	2245	969	26.0417
MGG_04242T0	1452	1453	3097.23	128.609
MGG_15140T0	4384	4385	3633	49.987
MGG_07419T0	2473	2474	669.029	16.3157
MGG_02061T0	2507	2508	53	1.275
MGG_04135T0	722	723	6719	560.696
MGG_14167T0	2313	2314	129	3.36347
MGG_01970T0	3030	3031	1581.23	31.4754
MGG_07616T0	3620	3621	10363	172.67
MGG_02252T0	1299	1300	38399	1782.12
MGG_08986T0	2082	2083	5	0.144825
MGG_13615T0	1065	1066	2581	146.08
MGG_05787T0	1548	1549	19	0.740054
MGG_11480T0	2023	2024	2709	80.7532
MGG_11327T0	1623	1624	2020	75.0459
MGG_12816T0	1646	1647	1434	52.5312
MGG_08080T0	1240	1241	3198.59	155.506
MGG_02597T0	2508	2509	2213	53.216
MGG_01065T0	1067	1068	1871	105.697
MGG_04906T0	3576	3577	2862	48.2739
MGG_01045T0	3889	3890	916	14.2072
MGG_06471T0	699	700	743.301	64.0661
MGG_05983T0	2274	2275	1958	51.9269
MGG_13133T0	399	400	1	0.150835
MGG_00255T0	1639	1640	3886	142.962
MGG_14730T0	768	769	173	13.5732
MGG_05795T0	384	385	0	0
MGG_02086T0	1165	1166	3103	160.563
MGG_10634T0	2822	2823	256.902	5.49059
MGG_04507T0	928	929	1318.66	85.6407
MGG_10131T0	3320	3321	1936	35.1721
MGG_16571T0	753	754	2577.05	206.212
MGG_12381T0	291	292	83	17.1497
MGG_03994T0	3699	3700	1940	31.6345
MGG_04400T0	1950	1951	7428	229.708
MGG_15034T0	945	946	413	26.3403
MGG_17729T0	804	805	805	60.3339
MGG_11966T0	597	598	6018.62	607.235
MGG_00140T0	2239	2240	928.267	25.0027
MGG_10737T0	2048	2049	623	18.3446
MGG_00590T0	3789	3790	1153	18.3549
MGG_06436T0	828	829	0	0
MGG_17317T0	3866	3867	893	13.9328
MGG_15448T0	165	166	15	5.45186
MGG_15958T0	201	202	19	5.67497
MGG_01109T0	817	818	568	41.8944
MGG_14634T0	687	688	38	3.3324
MGG_12123T0	3215	3216	2014	37.7837
MGG_04460T0	1066	1067	1247	70.5121
MGG_15152T0	792	793	0	0
MGG_04676T0	2107	2108	842	24.0992
MGG_14751T0	2063	2064	1183	34.5809
MGG_07417T0	1495	1496	454	18.3099
MGG_09080T0	2962	2963	4020.48	81.8668
MGG_16591T0	1140	1141	536.685	28.3789
MGG_15575T0	557	558	2	0.216251
MGG_10363T0	1455	1456	750	31.0786
MGG_10674T0	2812	2813	498.908	10.7007
MGG_11335T0	2508	2509	789	18.9731
MGG_16678T0	198	199	31	9.39875
MGG_00735T0	2236	2237	319	8.60372
MGG_16368T0	337	338	2.06596	0.368778
MGG_02309T0	2096	2097	64.2634	1.84896
MGG_03054T0	3420	3421	2954.19	52.1011
MGG_07102T0	969	970	688	42.7935
MGG_11096T0	606	607	82	8.15054
MGG_11719T0	1120	1121	62	3.33693
MGG_08975T0	4357	4358	3441	47.6386
MGG_15877T0	297	298	35	7.0862
MGG_17398T0	1394	1395	927	40.0928
MGG_08767T0	2318	2319	148	3.85055
MGG_00618T0	1408	1409	92	3.93947
MGG_17620T0	2509	2510	65.2524	1.5685
MGG_04896T0	747	748	1478	119.216
MGG_02166T0	315	316	0	0
MGG_04329T0	1548	1549	49	1.90856
MGG_06718T0	1136	1137	772	40.9655
MGG_07421T0	1023	1024	0	0
MGG_17122T0	2709	2710	809	18.0111
MGG_03908T0	1090	1091	316	17.4753
MGG_15765T0	588	589	71	7.27285
MGG_09640T0	1599	1600	1234	46.5325
MGG_16982T0	1225	1226	190	9.35028
MGG_00831T0	2208	2209	0	0
MGG_15974T0	1317	1318	2.45221	0.112255
MGG_05660T0	1493	1494	624	25.1997
MGG_16686T0	294	295	0	0
MGG_02638T0	1592	1593	81	3.06783
MGG_00718T0	1911	1912	847	26.7274
MGG_03041T0	3393	3394	3906	69.4355
MGG_03856T0	1556	1557	710.295	27.524
MGG_02390T0	2784	2785	1319	28.5747
MGG_08206T0	1599	1600	238	8.97467
MGG_01566T0	1669	1670	762.417	27.5447
MGG_10345T0	1557	1558	2982	115.479
MGG_15044T0	159	160	0	0
MGG_05052T0	1985	1986	570	17.3164
MGG_12963T0	1677	1678	125	4.49448
MGG_17170T0	1293	1294	399	18.6037
MGG_13500T0	3449	3450	829	14.4976
MGG_11214T0	1011	1012	13	0.77504
MGG_04601T0	3393	3394	1611.36	28.6446
MGG_16013T0	471	472	1	0.127826
MGG_13246T0	2475	2476	884	21.5409
MGG_01302T0	1753	1754	2192	75.4002
MGG_04976T0	1821	1822	2577	85.335
MGG_10275T0	1992	1993	5	0.151365
MGG_01429T0	1601	1602	176	6.62844
MGG_05156T0	1957	1958	2339	72.074
MGG_15727T0	613	614	164	16.1152
MGG_06036T0	1802	1803	310	10.3735
MGG_12069T0	513	514	0	0
MGG_15619T0	414	415	0	0
MGG_09864T0	1131	1132	1114	59.3745
MGG_12647T0	2535	2536	422	10.0398
MGG_04310T0	1097	1098	1199.57	65.9148
MGG_14666T0	870	871	1756	121.638
MGG_08575T0	805	806	5899	441.575
MGG_12759T0	649	650	74.4636	6.91182
MGG_10057T0	1978	1979	3999	121.918
MGG_07998T0	3049	3050	270	5.34103
MGG_00595T0	2653	2654	2930.11	66.6107
MGG_07992T0	1317	1318	922	42.2063
MGG_09119T0	2737	2738	319	7.02941
MGG_08859T0	2298	2299	1548.45	40.6367
MGG_11412T0	1945	1946	7555	234.236
MGG_10815T0	738	739	0	0
MGG_00129T0	1674	1675	369.058	13.2935
MGG_07149T0	2926	2927	1367	28.1778
MGG_11885T0	2127	2128	336	9.5264
MGG_02928T0	4728	4729	1379	17.5937
MGG_06452T0	1850	1851	329	10.7239
MGG_00211T0	2279	2280	483.105	12.784
MGG_09294T0	1063	1064	1206	68.386
MGG_10208T0	1137	1138	1152	61.0761
MGG_00964T0	1554	1555	607	23.5516
MGG_16321T0	597	598	0	0
MGG_02183T0	6555	6556	1342	12.3502
MGG_03828T0	1557	1558	52	2.01371
MGG_05233T0	4427	4428	2443.91	33.2996
MGG_01355T0	2121	2122	321	9.12685
MGG_17168T0	304	305	28	5.53885
MGG_12329T0	2062	2063	258.912	7.57206
MGG_07500T0	1884	1885	245	7.84181
MGG_10652T0	2551	2552	800.432	18.9237
MGG_02688T0	2220	2221	50	1.35826
MGG_09528T0	2162	2163	544	15.1741
MGG_17438T0	186	187	0	0
MGG_14555T0	231	232	0	0
MGG_07608T0	375	376	34	5.45572
MGG_17034T0	156	157	2	0.768585
MGG_00019T0	393	394	0	0
MGG_14856T0	432	433	63	8.77837
MGG_01659T0	1023	1024	3749	220.89
MGG_05189T0	2200	2201	3617	99.1493
MGG_07130T0	1444	1445	2388	99.7075
MGG_08390T0	1275	1276	1416	66.9536
MGG_16655T0	621	622	12.5411	1.21649
MGG_02799T0	1937	1938	1084	33.7471
MGG_11537T0	1152	1153	2126	111.249
MGG_16850T0	276	277	2	0.435624
MGG_15755T0	1826	1827	133	4.39212
MGG_04426T0	752	753	3912	313.448
MGG_07718T0	2652	2653	713	16.2149
MGG_03758T0	1254	1255	381	18.3165
MGG_06345T0	2348	2349	295	7.57705
MGG_15959T0	282	283	2	0.426388
MGG_03916T0	921	922	416	27.2222
MGG_10760T0	1248	1249	0	0
MGG_03615T0	1528	1529	2181	86.0616
MGG_06384T0	1359	1360	856.607	38.0018
MGG_05569T0	1826	1827	1044.5	34.4929
MGG_06900T0	2311	2312	0	0
MGG_11605T0	2775	2776	848	18.4305
MGG_11426T0	3426	3427	1299	22.8695
MGG_06099T0	1964	1965	4659.68	143.072
MGG_06270T0	1660	1661	4978.62	180.843
MGG_09698T0	282	283	596	127.064
MGG_00153T0	2048	2049	1125	33.1262
MGG_16066T0	231	232	0	0
MGG_05719T0	723	724	443	36.917
MGG_05900T0	4527	4528	2	0.0266492
MGG_00617T0	3883	3884	395	6.13591
MGG_17890T0	375	376	1473	236.361
MGG_01013T0	1734	1735	2730.19	94.941
MGG_05568T0	1281	1282	1511.5	71.1349
MGG_09125T0	2859	2860	9842	207.625
MGG_15789T0	2930	2931	137.902	2.83868
MGG_02608T0	2164	2165	2762.89	76.9957
MGG_06473T0	2907	2908	445	9.23266
MGG_05828T0	1095	1096	0	0
MGG_00208T0	2551	2552	549	12.9794
MGG_02981T0	3127	3128	393.612	7.59212
MGG_08015T0	1724	1725	1607	56.2067
MGG_15653T0	236	237	2	0.509147
MGG_01085T0	1526	1527	265	10.4705
MGG_05306T0	3700	3701	2398	39.0923
MGG_16333T0	2417	2418	293	7.31093
MGG_12316T0	2414	2415	18380	459.187
MGG_06389T0	2438	2439	2066	51.1069
MGG_01553T0	2931	2932	2536.04	52.186
MGG_01003T0	2396	2397	1797	45.2315
MGG_02660T0	957	958	4257	268.102
MGG_02560T0	483	484	0	0
MGG_02115T0	1212	1213	8823	438.851
MGG_07055T0	1170	1171	161	8.29527
MGG_07356T0	1833	1834	0	0
MGG_07195T0	1729	1730	2492	86.9087
MGG_15864T0	520	521	18	2.08447
MGG_02590T0	378	379	0	0
MGG_01046T0	2592	2593	1982	46.1172
MGG_08815T0	1333	1334	748	33.8304
MGG_13557T0	4275	4276	825	11.6407
MGG_10887T0	920	921	799.166	52.3526
MGG_03375T0	2242	2243	9291	249.916
MGG_07510T0	2149	2150	67	1.88017
MGG_08192T0	3613	3614	905	15.1085
MGG_00569T0	3561	3562	1416	23.9845
MGG_08186T0	6385	6386	1004	9.48563
MGG_09107T0	1992	1993	0	0
MGG_09709T0	1756	1757	448	15.3839
MGG_17193T0	341	342	49	8.64433
MGG_06784T0	1540	1541	192	7.51727
MGG_09393T0	2384	2385	2368	59.9038
MGG_03129T0	2075	2076	515	14.9672
MGG_05733T0	723	724	233	19.4168
MGG_05816T0	2592	2593	15	0.34902
MGG_08060T0	1727	1728	75	2.61866
MGG_00627T0	898	899	2	0.134224
MGG_03586T0	2299	2300	600	15.7393
MGG_16288T0	360	361	1	0.16713
MGG_13365T0	616	617	0	0
MGG_15480T0	1883	1884	1476.38	47.2801
MGG_05791T0	453	454	23.7289	3.15344
MGG_08133T0	3052	3053	688.83	13.6128
MGG_03708T0	996	997	1474	89.1998
MGG_07555T0	339	340	0	0
MGG_02165T0	237	238	0	0
MGG_15634T0	977	978	0	0
MGG_18056T0	456	457	0	0
MGG_12090T0	243	244	0	0
MGG_08977T0	681	682	129	11.4121
MGG_00245T0	1414	1415	11668	497.509
MGG_05706T0	5415	5416	2484	27.6716
MGG_17309T0	291	292	6	1.23974
MGG_16334T0	4463	4464	5760	77.8502
MGG_01458T0	3529	3530	914.066	15.623
MGG_02139T0	381	382	0	0
MGG_06043T0	4632	4633	1649	21.4743
MGG_16960T0	162	163	0	0
MGG_16978T0	891	892	3	0.202917
MGG_04181T0	1028	1029	2120.21	124.315
MGG_06736T0	4888	4889	1449.32	17.8857
MGG_04565T0	1179	1180	189	9.66365
MGG_08924T0	1622	1623	1392	51.7466
MGG_10457T0	1389	1390	0	0
MGG_08511T0	1143	1144	0	0
MGG_05996T0	4569	4570	2340	30.8931
MGG_17862T0	318	319	401	75.8429
MGG_15265T0	291	292	53	10.951
MGG_03487T0	4300	4301	945.058	13.2572
MGG_02838T0	4082	4083	958	14.1562
MGG_08529T0	387	388	0	0
MGG_17411T0	186	187	0	0
MGG_16298T0	1241	1242	3435	166.865
MGG_07339T0	3969	3970	1888	28.6928
MGG_02667T0	4286	4287	1618	22.7712
MGG_17536T0	1076	1077	101.863	5.70642
MGG_03230T0	1611	1612	1134	42.4433
MGG_09242T0	2233	2234	520.872	14.0673
MGG_14010T0	2302	2303	517	13.5443
MGG_01266T0	2271	2272	521.134	13.8389
MGG_04698T0	1949	1950	711	21.9987
MGG_16460T0	2503	2504	17	0.409615
MGG_06781T0	1993	1994	697	21.0896
MGG_08096T0	1200	1201	2434	122.275
MGG_02503T0	2414	2415	13370	334.022
MGG_17590T0	378	379	0	0
MGG_00230T0	492	493	11	1.34619
MGG_11289T0	3144	3145	174	3.33803
MGG_02607T0	1525	1526	400.113	15.8194
MGG_07766T0	786	787	2	0.153326
MGG_10413T0	1704	1705	1927	68.1897
MGG_15147T0	603	604	0	0
MGG_00133T0	1950	1951	463	14.3181
MGG_02506T0	1886	1887	1226	39.1994
MGG_03053T0	3944	3945	8971	137.2
MGG_03252T0	13423	13424	3994	17.951
MGG_04593T0	3403	3404	699	12.3894
MGG_16378T0	294	295	0	0
MGG_00057T0	1139	1140	770.509	40.7788
MGG_12763T0	1102	1103	18	0.984597
MGG_01717T0	2720	2721	488	10.8206
MGG_05098T0	2244	2245	1175.01	31.5781
MGG_09970T0	3317	3318	1418	25.7846
MGG_01064T0	948	949	4847	308.154
MGG_06975T0	2670	2671	0	0
MGG_06410T0	3366	3367	1889	33.8493
MGG_01503T0	3037	3038	3812	75.7053
MGG_06307T0	4258	4259	3337.44	47.2788
MGG_02802T0	1707	1708	1208	42.6717
MGG_10560T0	1180	1181	20	1.02174
MGG_08557T0	5444	5445	942	10.4379
MGG_14997T0	591	592	38	3.87278
MGG_03039T0	3578	3579	5585	94.1505
MGG_16099T0	1415	1416	64	2.72696
MGG_01016T0	1315	1316	285	13.0662
MGG_05939T0	2178	2179	509	14.0936
MGG_00732T0	1041	1042	6	0.347412
MGG_04842T0	2885	2886	1463	30.5851
MGG_16720T0	1144	1145	166	8.7471
MGG_13171T0	6925	6926	2953	25.7242
MGG_03362T0	1548	1549	947	36.8859
MGG_16208T0	659	660	8	0.73132
MGG_10307T0	4517	4518	674.102	9.00204
MGG_03851T0	1062	1063	528.55	29.9995
MGG_11582T0	1338	1339	2	0.0901178
MGG_01492T0	2412	2413	1016.98	25.4283
MGG_15294T0	1404	1405	1463	62.8245
MGG_03234T0	1446	1447	237.243	9.89205
MGG_06377T0	1209	1210	433.592	21.6201
MGG_14600T0	321	322	0	0
MGG_08700T0	924	925	24	1.56542
MGG_08302T0	1275	1276	494.301	23.3723
MGG_13405T0	2252	2253	2167	58.0309
MGG_03089T0	1294	1295	3184	148.342
MGG_08987T0	2649	2650	0	0
MGG_17164T0	432	433	161	22.4336
MGG_16253T0	617	618	88	8.59123
MGG_06852T0	1339	1340	4781	215.266
MGG_15359T0	846	847	4	0.28493
MGG_02492T0	1790	1791	679.246	22.882
MGG_04521T0	1671	1672	1945	70.1851
MGG_07224T0	2406	2407	1239	31.0568
MGG_13511T0	2219	2220	1674.91	45.5198
MGG_17469T0	627	628	204	19.5989
MGG_17159T0	306	307	0	0
MGG_08733T0	621	622	0	0
MGG_00817T0	1774	1775	207	7.03612
MGG_03131T0	3105	3106	1029.15	19.9913
MGG_04869T0	1011	1012	261	15.5604
MGG_10570T0	1284	1285	88	4.13182
MGG_08956T0	1530	1531	8230	324.329
MGG_16917T0	2845	2846	153	3.24353
MGG_11852T0	657	658	137	12.5619
MGG_09676T0	2115	2116	166	4.73319
MGG_01023T0	2512	2513	4110	98.6758
MGG_02697T0	3515	3516	1097	18.8243
MGG_00067T0	2106	2107	929	26.6019
MGG_04213T0	3017	3018	199	3.97828
MGG_04211T0	952	953	102	6.45756
MGG_03511T0	4267	4268	4425	62.5533
MGG_10828T0	2138	2139	3297.26	93.0045
MGG_07131T0	4066	4067	298	4.42083
MGG_00973T0	1968	1969	116	3.55446
MGG_12902T0	811	812	0	0
MGG_01341T0	2064	2065	593	17.3259
MGG_15374T0	444	445	0	0
MGG_13803T0	2409	2410	478	11.9666
MGG_01479T0	982	983	23	1.41168
MGG_15377T0	356	357	3	0.507008
MGG_01430T0	2093	2094	340.664	9.81546
MGG_10171T0	1206	1207	2461	123.017
MGG_04245T0	651	652	336	31.0923
MGG_09962T0	5286	5287	576.932	6.5838
MGG_09962T1	5024	5025	6223.07	74.7188
MGG_15370T0	675	676	0	0
MGG_08348T0	593	594	0	0
MGG_15354T0	1440	1441	94	3.93573
MGG_01248T0	1916	1917	2149	67.6357
MGG_06028T0	1983	1984	671.066	20.4073
MGG_16779T0	453	454	17.1009	2.27261
MGG_14582T0	183	184	367	120.34
MGG_11682T0	2271	2272	4723	125.421
MGG_17389T0	1332	1333	231	10.4555
MGG_10355T0	1653	1654	1875	68.3954
MGG_17436T0	2763	2764	827	18.0521
MGG_06480T0	444	445	5685	770.782
MGG_05086T0	2637	2638	71	1.62385
MGG_01668T0	3144	3145	1119	21.467
MGG_10826T0	3448	3449	1241.46	21.717
MGG_15644T0	992	993	35	2.12657
MGG_17462T0	339	340	3	0.532358
MGG_02520T0	2493	2494	2173	52.5684
MGG_03607T0	4266	4267	4874.01	68.9168
MGG_14844T0	553	554	11.5312	1.25582
MGG_07843T0	1928	1929	3047	95.3019
MGG_11754T0	2522	2523	264.128	6.31623
MGG_03127T0	2139	2140	363	10.2342
MGG_02801T0	1678	1679	203	7.29469
MGG_11733T0	1338	1339	1	0.0450589
MGG_04206T0	2459	2460	917.573	22.5044
MGG_06211T0	4419	4420	2447	33.402
MGG_08094T0	4170	4171	289.574	4.18872
MGG_09180T0	1404	1405	206	8.84611
MGG_02824T0	880	881	1208	82.728
MGG_01372T0	3150	3151	31798	608.853
MGG_00393T0	4526	4527	1295	17.2592
MGG_06488T0	1763	1764	269	9.20058
MGG_10491T0	2418	2419	296	7.38273
MGG_17661T0	1788	1789	926	31.2293
MGG_06385T0	1035	1036	159.393	9.2826
MGG_12178T0	1425	1426	289	12.2276
MGG_03995T0	1913	1914	490	15.446
MGG_13108T0	219	220	3	0.822735
MGG_11542T0	1496	1497	924	37.2402
MGG_07533T0	1511	1512	645.783	25.7689
MGG_00596T0	1924	1925	609.892	19.1154
MGG_15897T0	225	226	18	4.80535
MGG_15660T0	504	505	12	1.43368
MGG_12569T0	1683	1684	240	8.59866
MGG_16115T0	713	714	0	0
MGG_02223T0	538	539	18	2.01486
MGG_07289T0	2961	2962	2727	55.5471
MGG_01213T0	1113	1114	85	4.60357
MGG_02626T0	3549	3550	1727	29.3512
MGG_02655T0	2668	2669	2125	48.0365
MGG_07077T0	3752	3753	1933.82	31.0885
MGG_16540T0	219	220	0	0
MGG_03077T0	3230	3231	613	11.4468
MGG_17687T0	189	190	13	4.12811
MGG_03601T0	4622	4623	1559.72	20.3557
MGG_18060T0	291	292	0	0
MGG_10867T0	2237	2238	1739	46.8814
MGG_06139T0	3111	3112	39616	768.054
MGG_01373T0	2475	2476	210	5.11717
MGG_00048T0	2079	2080	885	25.6709
MGG_03434T0	1263	1264	57	2.72075
MGG_16660T0	555	556	0	0
MGG_17484T0	177	178	0	0
MGG_15851T0	300	301	0	0
MGG_00479T0	1821	1822	619.34	20.5089
MGG_02199T0	1073	1074	205	11.5162
MGG_12631T0	5219	5220	2260	26.1216
MGG_06483T0	2033	2034	683	20.2596
MGG_07931T0	1423	1424	746	31.6075
MGG_16256T0	387	388	36	5.59799
MGG_11409T0	450	451	238	31.8392
MGG_10586T0	1462	1463	932	38.4355
MGG_16853T0	2360	2361	17614	450.115
MGG_06788T0	1854	1855	833	27.0933
MGG_02762T0	1894	1895	41	1.30538
MGG_07631T0	1490	1491	525	21.2443
MGG_08468T0	1650	1651	4	0.146175
MGG_00702T0	2610	2611	908	20.9817
MGG_02051T0	2237	2238	247	6.65883
MGG_17273T0	475	476	15	1.90128
MGG_15543T0	222	223	3	0.811667
MGG_10309T0	1632	1633	252	9.31056
MGG_10819T0	632	633	1731	164.989
MGG_01148T0	2122	2123	1976	56.1563
MGG_17626T0	231	232	0	0
MGG_13626T0	1411	1412	813	34.739
MGG_01353T0	4203	4204	147.719	2.11999
MGG_15832T0	504	505	36	4.30103
MGG_15818T0	3077	3078	843	16.5242
MGG_08051T0	2234	2235	448	12.0938
MGG_10538T0	2698	2699	1573	35.1631
MGG_01265T0	1390	1391	362	15.7016
MGG_05647T0	1708	1709	2353	83.0694
MGG_10800T0	2171	2172	1373	38.1392
MGG_01979T0	1967	1968	1321	40.4985
MGG_14661T0	423	424	264	37.5664
MGG_02605T0	2200	2201	13629.5	373.613
MGG_18065T0	369	370	0	0
MGG_01411T0	354	355	11	1.8695
MGG_04854T0	1583	1584	260	9.90329
MGG_00755T0	1828	1829	11315	373.252
MGG_09766T0	1981	1982	781	23.7744
MGG_17594T0	762	763	12	0.948895
MGG_10188T0	2403	2404	1498.39	37.6057
MGG_08710T0	3230	3231	3848	71.8554
MGG_03485T0	3916	3917	1720	26.4933
MGG_09387T0	657	658	1134	103.98
MGG_13923T0	582	583	4	0.413955
MGG_00769T0	2306	2307	417	10.9056
MGG_05830T0	1785	1786	14	0.472942
MGG_03058T0	4839	4840	1451	18.0877
MGG_14855T0	1224	1225	1016	50.0402
MGG_00302T0	2761	2762	104	2.2718
MGG_05417T0	654	655	0	0
MGG_08913T0	3981	3982	1977.4	29.9609
MGG_01463T0	3641	3642	3715	61.5432
MGG_09319T0	1506	1507	4104	164.307
MGG_02834T0	1664	1665	1814	65.7331
MGG_06595T0	1694	1695	167.376	5.95778
MGG_04504T0	1506	1507	1466.85	58.7265
MGG_04645T0	384	385	563	88.2285
MGG_16623T0	402	403	380	56.8905
MGG_12118T0	3204	3205	1751.69	32.9754
MGG_08497T0	1265	1266	121	5.76651
MGG_02914T0	1380	1381	491	21.4511
MGG_03007T0	3008	3009	814.264	16.3269
MGG_14041T0	1581	1582	0	0
MGG_03689T0	1504	1505	18.0565	0.723865
MGG_15109T0	901	902	249	16.6554
MGG_13935T0	2831	2832	6197	132.023
MGG_03889T0	1623	1624	430	15.9751
MGG_06445T0	1408	1409	349	14.9443
MGG_10233T0	1482	1483	131	5.32956
MGG_16670T0	411	412	0	0
MGG_12589T0	2613	2614	2122	48.978
MGG_13154T0	2391	2392	680	17.1518
MGG_08435T0	558	559	3	0.323796
MGG_12302T0	1597	1598	615	23.2199
MGG_03155T0	2804	2805	4199	90.318
MGG_01696T1	874	875	12	0.827436
MGG_01696T0	874	875	348	23.9957
MGG_04632T0	1395	1396	26	1.1237
MGG_06881T0	2960	2961	3126.02	63.6963
MGG_02354T0	840	841	4	0.286963
MGG_00136T0	1692	1693	2316.94	82.5695
MGG_09502T0	2318	2319	176	4.57903
MGG_00757T0	1958	1959	1427.84	43.975
MGG_02127T0	2243	2244	1289	34.657
MGG_03693T0	4821	4822	591	7.39472
MGG_17825T0	2457	2458	1779.74	43.6854
MGG_05531T0	1295	1296	16796	781.92
MGG_16863T0	480	481	8	1.00347
MGG_15861T0	5483	5484	2808.4	30.8975
MGG_17241T0	2236	2237	361	9.73649
MGG_13126T0	714	715	520	43.8792
MGG_07230T0	1455	1456	1156	47.9025
MGG_09521T0	3389	3390	645.511	11.4886
MGG_08867T0	2647	2648	820	18.6835
MGG_16184T0	975	976	418	25.8397
MGG_00406T0	1226	1227	860	42.2878
MGG_07272T0	1483	1484	319.406	12.9859
MGG_17404T0	165	166	11	3.99803
MGG_14081T0	384	385	0	0
MGG_07173T0	2904	2905	386.265	8.02233
MGG_07173T1	2019	2020	648.735	19.3766
MGG_15166T0	705	706	0	0
MGG_02896T0	1578	1579	1820	69.5426
MGG_07717T0	2091	2092	939	27.081
MGG_03915T0	786	787	674	51.671
MGG_03564T0	2121	2122	1246.3	35.4356
MGG_06612T0	3768	3769	141	2.25712
MGG_13535T0	4511	4512	1463	19.5631
MGG_17324T0	1388	1389	15301.8	664.663
MGG_15181T0	3063	3064	0	0
MGG_04760T0	1962	1963	1357	41.7081
MGG_09209T0	2588	2589	2026	47.2138
MGG_09658T0	534	535	0	0
MGG_12780T0	693	694	1	0.0869364
MGG_17483T0	285	286	0	0
MGG_06773T0	2633	2634	762	17.4542
MGG_05287T0	3868	3869	19862	309.732
MGG_05521T0	1707	1708	527	18.6159
MGG_14561T0	1903	1904	2222	70.4107
MGG_00306T0	2782	2783	417	9.04033
MGG_03069T0	3322	3323	1607	29.1774
MGG_08036T0	3614	3615	712	11.8832
MGG_11554T0	3019	3020	251	5.01451
MGG_15870T0	234	235	1	0.25674
MGG_04143T0	1362	1363	2482	109.867
MGG_01437T0	1301	1302	351.265	16.2774
MGG_04635T0	2235	2236	63	1.69993
MGG_04217T0	3433	3434	2398	42.1318
MGG_15703T0	502	503	0	0
MGG_01145T0	934	935	60	3.87169
MGG_13021T0	2391	2392	117	2.95111
MGG_02657T0	348	349	349	60.3339
MGG_09659T0	1233	1234	11	0.537822
MGG_09211T0	2798	2799	1095	23.6033
MGG_16901T0	2383	2384	4412	111.658
MGG_16158T0	171	172	2	0.701557
MGG_01923T0	1146	1147	754	39.6615
MGG_02047T0	2436	2437	23	0.569421
MGG_08412T0	423	424	0	0
MGG_15689T0	796	797	20	1.51403
MGG_10158T0	2093	2094	78	2.24739
MGG_02615T0	1582	1583	389	14.8262
MGG_04999T0	2004	2005	297	8.93724
MGG_11005T0	1564	1565	41	1.58063
MGG_00081T0	1017	1018	1056	62.586
MGG_06162T0	5852	5853	610	6.288
MGG_15437T0	459	460	2601	341.149
MGG_14192T0	294	295	9	1.8407
MGG_07708T0	2503	2504	2240.84	53.9931
MGG_08738T0	2691	2692	0	0
MGG_13937T0	981	982	0	0
MGG_05188T0	1737	1738	2774	96.2982
MGG_10415T0	2403	2404	39	0.978794
MGG_03471T0	1176	1177	23	1.179
MGG_06574T0	1252	1253	790	38.0397
MGG_16506T0	189	190	7	2.22283
MGG_16398T0	1889	1890	46.1156	1.47213
MGG_06200T0	2531	2532	1922	45.7985
MGG_10438T0	1503	1504	153	6.13769
MGG_13546T0	248	249	8	1.93844
MGG_17568T0	210	211	0	0
MGG_16765T0	417	418	124	17.8981
MGG_16251T0	3487	3488	10935	189.149
MGG_05438T0	1470	1471	2502	102.621
MGG_06404T0	1197	1198	581	29.2604
MGG_02759T0	4268	4269	4638	65.549
MGG_06208T0	1599	1600	530.267	19.9957
MGG_04847T0	1982	1983	1334	40.5877
MGG_09609T0	390	391	1	0.154307
MGG_08455T0	1918	1919	129	4.0558
MGG_02338T0	591	592	2	0.203831
MGG_12198T0	1575	1576	0	0
MGG_02160T0	1997	1998	236.923	7.15439
MGG_07514T0	1940	1941	627.801	19.5145
MGG_16631T0	231	232	3	0.78018
MGG_16059T0	552	553	0	0
MGG_15490T0	761	762	0	0
MGG_06518T0	1639	1640	512	18.8359
MGG_16849T0	819	820	574	42.2337
MGG_14731T0	1177	1178	1930.61	98.8804
MGG_01408T0	1707	1708	118	4.16827
MGG_04259T0	333	334	4179	754.896
MGG_17796T0	682	683	9	0.795029
MGG_14126T0	741	742	24	1.9515
MGG_02747T0	789	790	6244	476.867
MGG_06396T0	6184	6185	7042.02	68.694
MGG_17395T0	213	214	1	0.281934
MGG_17167T0	159	160	0	0
MGG_02646T0	1065	1066	10	0.565984
MGG_03808T0	507	508	0	0
MGG_13332T0	897	898	4	0.268748
MGG_16389T0	3867	3868	1128	17.5948
MGG_06176T0	1668	1669	554.73	20.0533
MGG_12972T0	2108	2109	814	23.2868
MGG_15737T0	594	595	236	23.9308
MGG_02769T0	1995	1996	538.835	16.2876
MGG_10305T0	1614	1615	5852	218.622
MGG_16119T0	770	771	14	1.09556
MGG_16301T0	2092	2093	1772	51.0806
MGG_09117T0	1302	1303	438	20.2811
MGG_17664T0	363	364	0	0
MGG_01253T0	693	694	45.2212	3.93137
MGG_12983T0	1633	1634	3.13118	0.115616
MGG_05171T0	1971	1972	4828.25	147.722
MGG_08433T0	369	370	0	0
MGG_17637T0	378	379	0	0
MGG_00350T0	1220	1221	297.597	14.7053
MGG_05393T0	1154	1155	21	1.09698
MGG_08297T0	1493	1494	2	0.0807683
MGG_05738T0	3692	3693	1058	17.2849
MGG_14816T0	2450	2451	41	1.00926
MGG_16129T0	300	301	17	3.40756
MGG_16348T0	333	334	0	0
MGG_08803T0	2195	2196	324	8.90172
MGG_01282T0	1189	1190	38904	1972.46
MGG_05162T0	564	565	69	7.36821
MGG_04346T0	1553	1554	20271	787.02
MGG_06424T0	2032	2033	1285	38.1353
MGG_07824T0	741	742	2	0.162625
MGG_09227T0	2175	2176	669	18.5493
MGG_04602T0	3443	3444	2785	48.7892
MGG_17498T0	171	172	3	1.05234
MGG_11530T0	1897	1898	284	9.02783
MGG_01661T0	3900	3901	2442.13	37.7706
MGG_10610T0	372	373	3	0.485259
MGG_05357T0	2160	2161	528	14.7415
MGG_08086T0	630	631	50	4.78082
MGG_17673T0	201	202	30	8.96048
MGG_07928T0	742	743	10286.8	835.317
MGG_08811T0	1241	1242	320.18	15.5537
MGG_01323T0	2686	2687	1719	38.5984
MGG_01159T0	946	947	33580.7	2139.45
MGG_02825T0	708	709	650	55.3132
MGG_03728T0	1252	1253	1442.81	69.4736
MGG_16892T0	297	298	6	1.21478
MGG_01750T0	3822	3823	1206	19.0329
MGG_06954T0	2815	2816	3403	72.9106
MGG_15882T0	180	181	25	8.33341
MGG_06318T0	5448	5449	5699	63.102
MGG_05185T0	2113	2114	859	24.516
MGG_13252T0	1908	1909	50	1.58025
MGG_07414T0	1647	1648	3290	120.448
MGG_17844T0	902	903	144	9.62135
MGG_10712T0	1350	1351	18	0.803857
MGG_03769T0	1595	1596	148	5.59487
MGG_01883T0	2935	2936	1940	39.8664
MGG_03883T0	2434	2435	2415	59.8383
MGG_07897T0	399	400	0	0
MGG_09447T0	684	685	5	0.440393
MGG_15659T0	198	199	3	0.909556
MGG_17956T0	303	304	14	2.77853
MGG_16747T0	591	592	66	6.72641
MGG_13140T0	945	946	9	0.574001
MGG_04757T0	2490	2491	425	10.2938
MGG_08071T0	3786	3787	892	14.2112
MGG_15439T0	1062	1063	1369	77.7019
MGG_01673T0	5111	5112	1572	18.5534
MGG_16584T0	771	772	0	0
MGG_15039T0	336	337	17	3.04355
MGG_11069T0	966	967	0	0
MGG_01400T0	1242	1243	493	23.9297
MGG_01022T0	1215	1216	214	10.618
MGG_16618T0	159	160	4	1.50835
MGG_10050T0	1509	1510	362	14.4642
MGG_18125T0	863	864	0	0
MGG_08704T0	4099	4100	203.965	3.00146
MGG_17129T0	243	244	3	0.74181
MGG_04133T0	4056	4057	921.692	13.707
MGG_06264T0	921	922	712	46.5919
MGG_15640T0	414	415	65	9.44989
MGG_14232T0	2975	2976	6815	138.164
MGG_06433T0	1044	1045	431	24.8841
MGG_06749T0	1424	1425	113	4.78437
MGG_17348T0	1442	1443	681	28.4736
MGG_11160T0	2638	2639	735.238	16.8093
MGG_04765T0	1827	1828	4552	150.241
MGG_06927T0	656	657	3559.1	326.841
MGG_12122T0	4812	4813	16693	209.257
MGG_04936T0	2088	2089	280	8.08688
MGG_09419T0	1314	1315	8	0.36705
MGG_05833T0	1873	1874	9	0.289757
MGG_08431T0	1044	1045	13	0.750565
MGG_14234T0	5369	5370	1096	12.314
MGG_02511T0	1515	1516	1405.97	55.9549
MGG_17970T0	288	289	8	1.67014
MGG_02439T0	1041	1042	2033	117.715
MGG_11478T0	513	514	0	0
MGG_01971T0	1125	1126	172	9.21619
MGG_17710T0	195	196	1	0.307826
MGG_15630T0	336	337	11	1.96936
MGG_01072T0	2980	2981	2020	40.8838
MGG_16851T0	297	298	0	0
MGG_07981T0	1788	1789	922	31.0944
MGG_13646T0	1703	1704	957	33.8847
MGG_12810T0	246	247	0	0
MGG_08359T0	1778	1779	152	5.155
MGG_05809T0	2669	2670	633	14.3039
MGG_00940T0	1920	1921	386	12.1233
MGG_03999T0	1435	1436	1957	82.2238
MGG_16510T0	549	550	5	0.54849
MGG_08840T0	2169	2170	464	12.9009
MGG_17679T0	3145	3146	563.21	10.8012
MGG_14087T0	3189	3190	8774	165.947
MGG_17458T0	486	487	90	11.15
MGG_05746T0	5943	5944	2493	25.3049
MGG_08515T0	582	583	1409	145.816
MGG_00731T0	3613	3614	1048	17.4958
MGG_09886T0	1273	1274	3828	181.286
MGG_10660T0	1031	1032	13781	805.68
MGG_17276T0	216	217	24803	6896.14
MGG_06508T0	1572	1573	553.036	21.2122
MGG_17688T0	1511	1512	639.395	25.514
MGG_16800T0	177	178	17	5.76223
MGG_03253T0	4417	4418	5178	70.7127
MGG_07749T0	594	595	834	84.5689
MGG_11174T0	5304	5305	5811	66.0886
MGG_15761T0	309	310	17	3.30863
MGG_05017T0	1896	1897	1039	33.0453
MGG_17431T0	426	427	2	0.282594
MGG_02505T0	2251	2252	2305.55	61.7687
MGG_01368T0	1036	1037	226	13.1489
MGG_17586T0	783	784	412.858	31.7721
MGG_07502T0	1668	1669	668	24.148
MGG_04555T0	1741	1742	2995	103.731
MGG_07465T0	2920	2921	1255.17	25.9259
MGG_14970T0	1053	1054	525	30.0525
MGG_06347T0	849	850	2637	187.177
MGG_06860T0	3565	3566	2837	47.9998
MGG_02394T0	1458	1459	406	16.7893
MGG_03654T0	699	700	244	21.0307
MGG_03891T0	837	838	17570.7	1265.05
MGG_06766T0	2885	2886	3897	81.4696
MGG_16459T0	898	899	3704	248.584
MGG_01333T0	1251	1252	2903	139.896
MGG_13401T0	1715	1716	630.579	22.1709
MGG_11779T0	6912	6913	495	4.32016
MGG_07955T0	809	810	0	0
MGG_00797T0	1241	1242	86.9081	4.22182
MGG_07128T0	922	923	157.17	10.2738
MGG_12309T0	3394	3395	654	11.6225
MGG_09570T0	981	982	1469	90.2551
MGG_05181T0	2432	2433	203	5.03402
MGG_06732T0	2189	2190	628.82	17.3238
MGG_15458T0	309	310	3	0.583876
MGG_02074T0	4315	4316	635	8.87674
MGG_10300T0	1215	1216	44	2.18313
MGG_02644T0	3984	3985	2144	32.4607
MGG_16250T0	1403	1404	123	5.28566
MGG_06549T0	866	867	49.4456	3.44088
MGG_17984T0	669	670	5	0.450253
MGG_17532T0	1651	1652	1328.29	48.5116
MGG_14237T0	956	957	5	0.315224
MGG_04372T0	2367	2368	371	9.45265
MGG_08832T0	1641	1642	1622.42	59.6146
MGG_16944T0	369	370	0	0
MGG_00489T0	1538	1539	512	20.0721
MGG_09829T0	3582	3583	28	0.47149
MGG_02805T0	675	676	529	47.214
MGG_00820T0	2916	2917	45.9783	0.950994
MGG_12850T0	799	800	722	54.4513
MGG_13225T0	2057	2058	162	4.74932
MGG_17489T0	318	319	7.45658	1.4103
MGG_07443T0	1408	1409	5	0.214102
MGG_05667T0	1836	1837	1013	33.2707
MGG_08024T0	309	310	100	19.4625
MGG_12582T0	610	611	0	0
MGG_01944T0	1339	1340	75	3.3769
MGG_14109T0	462	463	2	0.260622
MGG_01306T0	1302	1303	1324	61.3063
MGG_07786T0	600	601	47	4.71829
MGG_02749T0	1518	1519	1259	50.0068
MGG_18092T0	270	271	175	38.961
MGG_16601T0	1843	1844	286.622	9.37801
MGG_00847T0	3156	3157	4339	82.9233
MGG_15998T0	258	259	0	0
MGG_12627T0	1491	1492	1101	44.5225
MGG_11967T0	348	349	0	0
MGG_15244T0	531	532	557	63.1691
MGG_12594T0	2262	2263	3421	91.2074
MGG_17632T0	775	776	2082	161.875
MGG_08612T0	1881	1882	64	2.05174
MGG_11804T0	1040	1041	1580	91.5731
MGG_09508T0	1339	1340	1509	67.9432
MGG_15663T0	459	460	15	1.96741
MGG_17289T0	339	340	0	0
MGG_13645T0	1143	1144	7055	372.077
MGG_03902T0	952	953	790.113	50.0216
MGG_06306T0	5011	5012	120.565	1.45135
MGG_08343T0	1292	1293	2878.47	134.315
MGG_04075T0	1459	1460	25	1.03311
MGG_08266T0	1947	1948	1089	33.7288
MGG_08602T0	1538	1539	580	22.7379
MGG_09794T0	1320	1321	135	6.16584
MGG_13719T0	1092	1093	47.0763	2.59863
MGG_00207T0	1023	1024	244	14.3764
MGG_16269T0	309	310	423	82.3266
MGG_08267T0	2262	2263	825	21.9953
MGG_15017T0	552	553	98	10.6921
MGG_10516T0	1410	1411	154	6.58499
MGG_10671T0	1709	1710	197	6.95075
MGG_15960T0	907	908	7623	506.526
MGG_13013T0	6477	6478	6324	58.8996
MGG_02031T0	408	409	0	0
MGG_07045T0	3466	3467	2463	42.862
MGG_16100T0	249	250	0	0
MGG_16323T0	609	610	0	0
MGG_16232T0	428	429	25	3.51596
MGG_01275T0	2718	2719	796	17.663
MGG_11408T0	2647	2648	1249	28.4581
MGG_02916T0	7945	7946	531	4.03188
MGG_16427T0	6156	6157	126	1.2347
MGG_15747T0	771	772	130	10.1599
MGG_03669T0	3228	3229	3898	72.8342
MGG_06509T0	1779	1780	581.964	19.7259
MGG_12505T0	1304	1305	6	0.277397
MGG_12141T0	6702	6703	2548.76	22.9415
MGG_15060T0	1772	1773	510	17.3549
MGG_01724T0	1827	1828	1627	53.6998
MGG_01196T0	3660	3661	2553	42.0739
MGG_07182T0	1389	1390	510	22.1369
MGG_01222T0	758	759	2938	233.545
MGG_04900T0	2813	2814	1669	35.7844
MGG_17104T0	228	229	0	0
MGG_15528T0	2108	2109	722	20.6548
MGG_00753T0	3423	3424	3607	63.5585
MGG_06616T0	2052	2053	0	0
MGG_01741T0	10725	10726	1768	9.94502
MGG_07309T0	1320	1321	2608.85	119.154
MGG_07479T0	3269	3270	2608	48.1195
MGG_08556T0	2757	2758	9518	208.215
MGG_17339T0	1652	1653	21.2839	0.776853
MGG_17044T0	180	181	0	0
MGG_08808T0	1063	1064	4664.4	264.494
MGG_04909T0	1614	1615	832	31.0822
MGG_06126T0	2612	2613	3016	69.6391
MGG_08035T0	1957	1958	1342	41.3524
MGG_15704T0	3529	3530	115	1.96555
MGG_12616T0	1683	1684	484	17.3406
MGG_09845T0	624	625	8	0.772274
MGG_12712T0	2627	2628	3670	84.2562
MGG_10156T0	971	972	1808	112.226
MGG_17616T0	1383	1384	0	0
MGG_16451T0	165	166	4	1.45383
MGG_16891T0	417	418	5	0.721697
MGG_15916T0	966	967	589.822	36.8007
MGG_14141T0	264	265	0	0
MGG_00198T0	1824	1825	310	10.2485
MGG_17081T0	561	562	8	0.858845
MGG_04639T0	2058	2059	573.685	16.8104
MGG_16753T0	288	289	13	2.71398
MGG_04901T0	1300	1301	2033	94.2804
MGG_06631T0	2471	2472	2529	61.7251
MGG_15211T0	1151	1152	0	0
MGG_00063T0	6689	6690	2655	23.9442
MGG_05033T0	2229	2230	941	25.4593
MGG_07594T0	881	882	912	62.3861
MGG_15306T0	1182	1183	40	2.04003
MGG_05275T0	2048	2049	542.603	15.9772
MGG_01837T0	3433	3434	733	12.8785
MGG_09546T0	1179	1180	6924	354.027
MGG_15496T0	3319	3320	952	17.3006
MGG_02641T0	2040	2041	554	16.3768
MGG_10593T0	663	664	37	3.36198
MGG_18074T0	231	232	0	0
MGG_06082T0	1962	1963	3568	109.664
MGG_09096T0	3780	3781	1466	23.3931
MGG_04166T0	1833	1834	502	16.5145
MGG_04246T0	829	830	409	29.7308
MGG_08021T0	1328	1329	567	25.7406
MGG_03204T0	4467	4468	1986.83	26.8292
MGG_01079T0	1351	1352	6038	269.45
MGG_01272T0	2765	2766	695	15.1598
MGG_14642T0	1146	1147	159.387	8.38401
MGG_12475T0	1499	1500	14172	570.035
MGG_06330T0	531	532	37	4.19615
MGG_01949T0	2889	2890	6	0.125261
MGG_07657T0	1633	1634	202	7.45866
MGG_15971T0	1176	1177	24.7347	1.26792
MGG_00338T0	3456	3457	2199	38.3784
MGG_11305T0	1152	1153	28	1.46518
MGG_06201T0	540	541	2757	307.469
MGG_16646T0	528	529	0	0
MGG_00476T0	2612	2613	2102.15	48.5385
MGG_06022T0	5521	5522	833	9.10144
MGG_06638T0	2743	2744	3523	77.4622
MGG_10460T0	758	759	5802	461.209
MGG_01665T0	1709	1710	2468	87.0784
MGG_00480T0	1297	1298	761.66	35.4036
MGG_00408T0	2010	2011	1120	33.6022
MGG_12709T0	2913	2914	1344	27.8273
MGG_16300T0	2163	2164	124	3.45721
MGG_05389T0	333	334	0	0
MGG_01284T0	1784	1785	1624	54.892
MGG_03959T0	2352	2353	257	6.58981
MGG_04482T0	1222	1223	6174	304.58
MGG_05015T0	2460	2461	229.87	5.63551
MGG_07233T0	2384	2385	1513	38.2747
MGG_00031T0	2545	2546	11	0.260673
MGG_02901T0	1320	1321	4	0.182692
MGG_04219T0	2251	2252	1028	27.5414
MGG_12124T0	162	163	1199	443.806
MGG_18082T0	1248	1249	3443.28	166.33
MGG_00685T0	2431	2432	964	23.9152
MGG_13205T0	1159	1160	684.564	35.6055
MGG_10772T0	994	995	92	5.57861
MGG_04717T0	2040	2041	491	14.5144
MGG_12827T0	3907	3908	921	14.2189
MGG_03162T0	4670	4671	5882	75.976
MGG_06002T0	1946	1947	1696	52.5559
MGG_17093T0	168	169	0	0
MGG_14499T0	2052	2053	3	0.0881645
MGG_09525T0	2815	2816	369.122	7.90857
MGG_15015T0	493	494	1	0.122133
MGG_02819T0	2336	2337	1362	35.1625
MGG_07179T0	3037	3038	917	18.2114
MGG_03042T0	1310	1311	165.844	7.63236
MGG_08563T0	1078	1079	450	25.1624
MGG_05579T0	1514	1515	908	36.1605
MGG_15600T0	3816	3817	1040	16.4389
MGG_00487T0	3047	3048	846	16.7462
MGG_17618T0	1396	1397	3166	136.734
MGG_05246T0	3269	3270	4862	89.7075
MGG_17891T0	165	166	416	151.198
MGG_15516T0	642	643	0	0
MGG_02430T0	936	937	640	41.2099
MGG_03496T0	1655	1656	85	3.09685
MGG_11147T0	153	154	153	59.9421
MGG_07806T0	1401	1402	37	1.59226
MGG_10197T0	2476	2477	4548	110.779
MGG_16324T0	180	181	1	0.333336
MGG_17540T0	3125	3126	294	5.6744
MGG_01032T0	3280	3281	992.639	18.2535
MGG_16132T0	162	163	64	23.6894
MGG_01698T0	2371	2372	2277	57.9175
MGG_06943T0	639	640	1521	143.387
MGG_13157T0	2961	2962	259	5.27565
MGG_08644T0	842	843	95	6.79919
MGG_13861T0	1233	1234	0	0
MGG_15349T0	1503	1504	478	19.1753
MGG_04508T0	1976	1977	1118.79	34.1432
MGG_03767T0	1257	1258	17	0.815323
MGG_04447T0	756	757	254	20.2441
MGG_06266T0	2036	2037	7625	225.845
MGG_12996T0	1925	1926	633	19.8294
MGG_03793T0	1020	1021	371	21.9235
MGG_09758T0	4246	4247	632.889	8.99097
MGG_12845T0	786	787	32.037	2.45606
MGG_09632T0	1392	1393	1	0.0433122
MGG_11470T0	3030	3031	1507	29.9978
MGG_00087T0	1598	1599	579	21.847
MGG_02693T0	1014	1015	0	0
MGG_03268T0	1196	1197	31.4462	1.58502
MGG_16493T0	654	655	2234.71	205.846
MGG_00564T0	585	586	140	14.4142
MGG_17245T0	354	355	10.3901	1.76585
MGG_02846T0	5727	5728	2999	31.5889
MGG_15872T0	210	211	9	2.57348
MGG_09755T0	4466	4467	958	12.9393
MGG_10060T0	1208	1209	12	0.598848
MGG_15803T0	3507	3508	172.317	2.96368
MGG_10824T0	1584	1585	24423	929.675
MGG_04104T0	919	920	4166.28	273.226
MGG_08440T0	2505	2506	76	1.82976
MGG_04622T0	1331	1332	2510	113.692
MGG_08927T0	2608	2609	479	11.077
MGG_16143T0	784	785	17.1329	1.31681
MGG_08210T0	1265	1266	2789	132.916
MGG_15984T0	189	190	0	0
MGG_14636T0	1211	1212	0	0
MGG_17793T0	4683	4684	690	8.88779
MGG_17704T0	2571	2572	2056	48.2296
MGG_16958T0	348	349	0	0
MGG_16692T0	288	289	0	0
MGG_12330T0	1245	1246	15.088	0.730592
MGG_04008T0	1712	1713	1252	44.0969
MGG_01185T0	1800	1801	4438	148.674
MGG_01285T0	3602	3603	9308	155.867
MGG_04967T0	4074	4075	22299	330.156
MGG_13035T0	993	994	1092	66.2823
MGG_03543T0	2398	2399	686	17.2526
MGG_02491T0	5616	5617	743	7.98079
MGG_05343T0	3454	3455	7170	125.208
MGG_08686T0	2166	2167	17	0.473316
MGG_16727T0	318	319	0	0
MGG_08888T0	3220	3221	14966	280.334
MGG_08774T0	2648	2649	1011	23.0266
MGG_17656T0	719	720	1122.54	94.066
MGG_17300T0	711	712	41	3.47428
MGG_03182T0	2275	2276	742	19.6695
MGG_12726T0	1222	1223	159	7.8439
MGG_02966T0	1630	1631	233.896	8.65229
MGG_03395T0	814	815	1	0.0740293
MGG_16063T0	1849	1850	24.966	0.814215
MGG_12370T0	1517	1518	802.076	31.879
MGG_01274T0	1635	1636	1015	37.4321
MGG_13463T0	471	472	17	2.17304
MGG_16349T0	204	205	0	0
MGG_06021T0	3045	3046	1650.06	32.6838
MGG_08947T0	1626	1627	0	0
MGG_03166T0	1374	1375	0	0
MGG_00273T0	405	406	292	43.3929
MGG_02872T0	902	903	11766.4	786.172
MGG_04385T0	3377	3378	3098	55.3329
MGG_12728T0	465	466	17	2.20102
MGG_01681T0	1429	1430	1307	55.1443
MGG_00032T0	1891	1892	53	1.69011
MGG_17039T0	162	163	10	3.70147
MGG_17925T0	192	193	0	0
MGG_02475T0	2654	2655	1037	23.5654
MGG_00058T0	1041	1042	484	28.0246
MGG_05849T0	822	823	3681	269.853
MGG_08088T0	3206	3207	2601	48.9331
MGG_16731T0	234	235	1	0.25674
MGG_13518T0	1727	1728	619.358	21.6251
MGG_03763T0	2477	2478	418	10.1774
MGG_13427T0	1122	1123	0	0
MGG_10102T0	741	742	39	3.17119
MGG_15025T0	1948	1949	2745	84.9751
MGG_09997T0	2767	2768	61	1.32961
MGG_06649T0	4664	4665	3165	40.9339
MGG_17878T0	1358	1359	3291	146.107
MGG_02617T0	1941	1942	6400	198.835
MGG_17246T0	2440	2441	1372	33.9116
MGG_16354T0	234	235	0	0
MGG_02440T0	3633	3634	1267	21.0355
MGG_17373T0	3639	3640	567	9.39816
MGG_15673T0	159	160	0	0
MGG_08252T0	2028	2029	252	7.49342
MGG_17946T0	339	340	2	0.354905
MGG_03921T0	1621	1622	1709	63.5701
MGG_16041T0	342	343	13	2.28671
MGG_11633T0	2628	2629	2857	65.5664
MGG_03210T0	1338	1339	545	24.5571
MGG_11590T0	3306	3307	877.313	16.006
MGG_01363T0	1062	1063	149	8.45696
MGG_04414T0	1374	1375	102.229	4.48571
MGG_07802T0	1763	1764	627	21.4452
MGG_16811T0	312	313	0	0
MGG_17714T0	2251	2252	233	6.24236
MGG_17106T0	282	283	6	1.27916
MGG_04190T0	3265	3266	1254	23.1656
MGG_01895T0	1209	1210	253	12.6153
MGG_01195T0	717	718	121	10.1677
MGG_05601T0	1428	1429	530	22.3772
MGG_05074T0	3243	3244	11398	211.987
MGG_08408T0	1035	1036	90	5.24136
MGG_14150T0	2132	2133	1407	39.7983
MGG_06762T0	3308	3309	2476	45.1456
MGG_08371T0	901	902	86	5.75246
MGG_14570T0	945	946	0	0
MGG_10112T0	1860	1861	3	0.0972604
MGG_12264T0	882	883	4	0.273313
MGG_03545T0	4234	4235	2682	38.2091
MGG_05369T0	1716	1717	324	11.3851
MGG_17357T0	900	901	2	0.133927
MGG_17137T0	227	228	31	8.20329
MGG_01815T0	3308	3309	1652	30.1214
MGG_11075T0	1682	1683	0	0
MGG_17387T0	581	582	21	2.177
MGG_15855T0	568	569	26	2.75691
MGG_06394T0	2860	2861	1312	27.668
MGG_08548T0	1764	1765	97	3.3158
MGG_17440T0	2547	2548	495	11.7211
MGG_17005T0	348	349	673.519	116.436
MGG_07970T0	1865	1866	61	1.97233
MGG_04486T0	5287	5288	2797	31.9126
MGG_16622T0	231	232	1	0.26006
MGG_09830T0	4723	4724	5790	73.9486
MGG_13842T0	3187	3188	1157	21.8966
MGG_04014T0	2398	2399	1017	25.5771
MGG_08317T0	1413	1414	339	14.4648
MGG_08103T0	1115	1116	119.118	6.43981
MGG_16316T0	1708	1709	2636	93.0604
MGG_07323T0	1978	1979	1287	39.2368
MGG_17428T0	378	379	15	2.38789
MGG_17088T0	455	456	31	4.10165
MGG_01857T0	3269	3270	253	4.66804
MGG_08785T0	1916	1917	629	19.7966
MGG_04607T0	1816	1817	319.677	10.6149
MGG_08748T0	3058	3059	554	10.9268
MGG_09564T0	3877	3878	2814	43.7802
MGG_14767T0	6707	6708	6	0.0539659
MGG_16021T0	2461	2462	41	1.00475
MGG_13217T0	2930	2931	979.725	20.1674
MGG_01215T0	3908	3909	5022	77.5126
MGG_03160T0	1396	1397	141.701	6.11979
MGG_03168T0	2001	2002	284	8.55885
MGG_04865T0	2363	2364	1266.15	32.3147
MGG_17028T0	423	424	5	0.711485
MGG_10600T0	5398	5399	631.41	7.05602
MGG_17994T0	264	265	21	4.78118
MGG_15912T0	366	367	39	6.4115
MGG_01882T0	1481	1482	730	29.7191
MGG_09708T0	765	766	268	21.109
MGG_03707T0	2314	2315	125	3.25777
MGG_00887T0	2219	2220	1099	29.868
MGG_03482T0	1241	1242	31.0484	1.50827
MGG_06159T0	2095	2096	451	12.9822
MGG_04441T0	1875	1876	5293	170.228
MGG_03340T0	1770	1771	2851	97.127
MGG_05444T0	543	544	10	1.10908
MGG_07022T0	2071	2072	224	6.52258
MGG_05798T0	983	984	190	11.6498
MGG_05722T0	2722	2723	58	1.28511
MGG_01507T0	2816	2817	1894	40.5653
MGG_15487T0	318	319	4	0.756538
MGG_00180T0	1890	1891	956	30.502
MGG_02734T0	2144	2145	958.69	26.9657
MGG_05150T0	979	980	385	23.7026
MGG_07066T0	2889	2890	290	6.05427
MGG_16923T0	343	344	3	0.526168
MGG_00843T0	882	883	2536	173.281
MGG_02895T0	1582	1583	439	16.7319
MGG_09437T0	3048	3049	59	1.1675
MGG_17302T0	1371	1372	0	0
MGG_18048T0	207	208	143	41.4796
MGG_03838T0	3198	3199	10447	197.033
MGG_15743T0	205	206	0	0
MGG_06189T0	1896	1897	78992.6	2512.35
MGG_03085T0	978	979	8	0.493025
MGG_09859T0	1023	1024	28	1.64975
MGG_14824T0	4140	4141	124	1.80667
MGG_12615T0	1593	1594	1049	39.7053
MGG_00601T0	2894	2895	649	13.5256
MGG_03404T0	1680	1681	1393	49.9971
MGG_14759T0	900	901	7	0.468743
MGG_03426T0	756	757	0	0
MGG_15890T0	323	324	5	0.931079
MGG_07710T0	1925	1926	1306	40.9118
MGG_11201T0	1314	1315	3531	162.007
MGG_08521T0	1287	1288	45	2.10794
MGG_12525T0	1014	1015	31	1.84271
MGG_11362T0	4287	4288	6655	93.6385
MGG_01656T0	2124	2125	5170	146.789
MGG_00329T0	2905	2906	173	3.5918
MGG_02856T0	3261	3262	573	10.5982
MGG_02968T0	699	700	259	22.3235
MGG_15506T0	225	226	0	0
MGG_16429T0	1541	1542	338	13.2249
MGG_11169T0	339	340	275	48.7995
MGG_08632T0	2412	2413	1313	32.8298
MGG_09813T0	1224	1225	8	0.394017
MGG_01271T0	664	665	578	52.4406
MGG_06191T0	2560	2561	2870	67.6135
MGG_17430T0	1038	1039	818.509	47.5301
MGG_14681T0	2000	2001	643	19.3877
MGG_15817T0	1294	1295	440	20.4995
MGG_03243T0	2417	2418	805	20.0863
MGG_02510T0	636	637	653	61.8493
MGG_17843T0	300	301	13	2.60578
MGG_15065T0	1796	1797	301	10.106
MGG_11497T0	1953	1954	781	24.115
MGG_10646T0	4222	4223	2692	38.4605
MGG_04580T0	381	382	0	0
MGG_17293T0	659	660	1.59978	0.146244
MGG_01447T0	5772	5773	783.518	8.18858
MGG_17271T0	1017	1018	80	4.74137
MGG_12927T0	2300	2301	27	0.70796
MGG_01909T0	976	977	868	53.6027
MGG_03284T0	3639	3640	495	8.20475
MGG_06258T0	3286	3287	1268	23.2745
MGG_10372T0	849	850	895	63.528
MGG_04326T0	3853	3854	1048	16.4063
MGG_06853T0	2088	2089	2306.01	66.6014
MGG_05164T0	2466	2467	245	5.99181
MGG_05717T0	2323	2324	687	17.8354
MGG_07756T0	4102	4103	4021	59.1281
MGG_12184T0	4610	4611	224	2.93099
MGG_02711T0	1082	1083	7213.11	401.842
MGG_17042T0	3804	3805	1348	21.3745
MGG_10427T0	768	769	5	0.392288
MGG_17869T0	354	355	56.3979	9.58508
MGG_01505T0	228	229	1136	299.298
MGG_05978T0	1152	1153	166	8.68641
MGG_04810T0	871	872	527	36.4633
MGG_09008T0	588	589	2	0.204869
MGG_02026T0	2189	2190	0	0
MGG_15585T0	321	322	51	9.55599
MGG_10869T0	1539	1540	481	18.8445
MGG_04893T0	2695	2696	264	5.90807
MGG_16197T0	921	922	51	3.33734
MGG_06166T0	1509	1510	974	38.9174
MGG_02274T0	870	871	1	0.0692697
MGG_06644T0	2637	2638	928	21.2244
MGG_15932T0	345	346	2	0.348751
MGG_13024T0	339	340	300	53.2358
MGG_03774T0	2177	2178	818	22.6598
MGG_09785T0	1007	1008	7	0.418985
MGG_16762T0	2731	2732	1346.22	29.7302
MGG_10868T0	3375	3376	1639	29.2912
MGG_02441T0	2310	2311	9330.65	243.598
MGG_17573T0	201	202	16	4.77892
MGG_04176T0	3120	3121	206	3.98231
MGG_06005T0	2845	2846	434.969	9.22114
MGG_15608T0	153	154	6	2.35067
MGG_01449T0	2916	2917	1725	35.6791
MGG_04018T1	2356	2357	68.358	1.74981
MGG_04018T0	2290	2291	1084.79	28.568
MGG_15815T0	231	232	5	1.3003
MGG_00572T0	1647	1648	2058	75.3441
MGG_01135T0	985	986	5949	364.023
MGG_00511T0	678	679	529	47.0053
MGG_15076T0	1885	1886	3259	104.257
MGG_08613T0	2638	2639	567	12.963
MGG_00858T0	432	433	823.171	114.7
MGG_02887T0	1725	1726	333	11.6403
MGG_17172T0	189	190	19	6.03339
MGG_12444T0	690	691	0	0
MGG_14099T0	1521	1522	46	1.82349
MGG_07511T0	2843	2844	9637	204.444
MGG_04877T0	2289	2290	686.947	18.0988
MGG_06103T0	3974	3975	2563	38.9021
MGG_12484T0	1572	1573	36	1.38081
MGG_07993T0	619	620	0	0
MGG_14795T0	1868	1869	1548	49.9716
MGG_10797T0	1125	1126	2064	110.594
MGG_15108T0	1746	1747	217	7.49425
MGG_02069T0	980	981	52.2598	3.2141
MGG_16628T0	222	223	56	15.1511
MGG_15104T0	984	985	157.208	9.62939
MGG_09797T0	750	751	1751	140.672
MGG_01090T0	4161	4162	2223	32.2254
MGG_17904T0	489	490	28	3.44765
MGG_16854T0	2965	2966	1340	27.2581
MGG_04403T0	216	217	0	0
MGG_14821T0	458	459	21	2.76037
MGG_01030T0	2697	2698	447	9.99602
MGG_13953T0	1404	1405	0	0
MGG_05140T0	1104	1105	272	14.8514
MGG_15873T0	432	433	18552	2585.02
MGG_12133T0	1139	1140	946	50.0665
MGG_14678T0	1660	1661	636	23.102
MGG_11419T0	2384	2385	2198	55.6033
MGG_16838T0	249	250	0	0
MGG_15142T0	1173	1174	7	0.359742
MGG_09752T0	2048	2049	24	0.706693
MGG_15688T0	3367	3368	469	8.4016
MGG_04399T0	1552	1553	2228.44	86.5747
MGG_05624T0	1695	1696	1692	60.1916
MGG_06428T0	2523	2524	3141	75.0827
MGG_07803T0	5187	5188	1	0.0116295
MGG_16437T0	240	241	1	0.250348
MGG_04080T0	3169	3170	1149	21.8687
MGG_18121T0	523	524	3	0.345423
MGG_15694T0	153	154	0	0
MGG_16883T0	219	220	0	0
MGG_16700T0	276	277	0	0
MGG_03398T0	672	673	62	5.55825
MGG_16848T0	1395	1396	273	11.7988
MGG_08123T0	3147	3148	316.437	6.06476
MGG_17463T0	288	289	0	0
MGG_08113T0	1211	1212	140	6.96926
MGG_00252T0	1998	1999	577.442	17.4284
MGG_10017T0	921	922	0	0
MGG_15275T0	1602	1603	34	1.2797
MGG_14686T0	1056	1057	1	0.0570803
MGG_06769T0	2155	2156	7367	206.159
MGG_17052T0	1194	1195	2183	110.217
MGG_01345T0	2025	2026	890.392	26.5157
MGG_05564T0	753	754	0	0
MGG_06692T0	792	793	4065	309.278
MGG_06965T0	3149	3150	876.73	16.7926
MGG_00598T0	2407	2408	485.887	12.1742
MGG_08115T0	1382	1383	1877.11	81.8898
MGG_17349T0	498	499	8	0.967277
MGG_11998T0	1146	1147	0	0
MGG_00438T0	1622	1623	11265	418.769
MGG_02514T0	4274	4275	2060.84	29.085
MGG_14603T0	851	852	0	0
MGG_05332T0	2876	2877	304.621	6.38825
MGG_17196T0	2126	2127	1228	34.8331
MGG_14825T0	1872	1873	4335	139.641
MGG_06090T0	4068	4069	2915	43.2227
MGG_06499T0	5344	5345	1264.98	14.2789
MGG_17960T0	4310	4311	2987	41.8041
MGG_15669T0	2778	2779	268.313	5.82526
MGG_05250T0	3254	3255	13372	247.86
MGG_02401T0	1950	1951	163	5.04071
MGG_07903T0	1299	1300	0	0
MGG_16033T0	1805	1806	52	1.73719
MGG_11418T0	1263	1264	2207	105.346
MGG_02083T0	666	667	0	0
MGG_00994T0	1596	1597	1938	73.2167
MGG_05206T0	5918	5919	6528.47	66.5463
MGG_02937T0	4334	4335	1618	22.5191
MGG_04679T0	2420	2421	2618	65.2433
MGG_12732T0	639	640	41.0535	3.87019
MGG_01905T0	1104	1105	218	11.903
MGG_07486T0	3390	3391	562.421	10.0068
MGG_12961T0	1646	1647	4162.19	152.472
MGG_10928T0	2290	2291	196	5.1617
MGG_08841T0	3815	3816	657.248	10.3916
MGG_00726T0	2812	2813	277	5.94116
MGG_16246T0	426	427	30	4.23892
MGG_01296T0	2313	2314	1018	26.5427
MGG_16967T0	399	400	2	0.301669
MGG_07729T0	2631	2632	1184	27.1411
MGG_17917T0	246	247	8	1.95413
MGG_04084T0	2608	2609	257	5.9432
MGG_05861T0	1643	1644	17	0.623891
MGG_08258T0	2289	2290	7029	185.191
MGG_10684T0	1041	1042	627	36.3046
MGG_11021T0	3466	3467	396	6.89132
MGG_01710T0	1438	1439	452.346	18.9658
MGG_02850T0	1681	1682	93	3.33594
MGG_08624T0	986	987	5243.74	320.542
MGG_06152T0	980	981	2330.26	143.317
MGG_17511T0	153	154	0	0
MGG_08135T0	4597	4598	5367	70.4245
MGG_16291T0	258	259	0	0
MGG_10827T0	774	775	9346.87	727.656
MGG_16494T0	411	412	4	0.585766
MGG_03649T0	4017	4018	911.916	13.6932
MGG_14564T0	636	637	27	2.55732
MGG_01524T0	1955	1956	1707	52.6534
MGG_04664T0	1747	1748	415	14.3241
MGG_14715T0	585	586	363	37.3741
MGG_15722T0	357	358	16	2.69649
MGG_07556T0	1377	1378	39	1.70756
MGG_04959T0	1006	1007	327	19.592
MGG_15810T0	4692	4693	204	2.62265
MGG_08290T0	1888	1889	220	7.02671
MGG_09647T0	1691	1692	14	0.499217
MGG_16758T0	249	250	4	0.965342
MGG_08648T0	2094	2095	226	6.50857
MGG_00541T0	2889	2890	2312	48.2671
MGG_01312T0	1193	1194	939	47.4485
MGG_03531T0	2643	2644	1289	29.4139
MGG_10015T0	888	889	0	0
MGG_13512T0	2486	2487	3125	75.8116
MGG_00562T0	1959	1960	230	7.08
MGG_06856T0	2282	2283	4536	119.875
MGG_17366T0	357	358	0	0
MGG_11643T0	3250	3251	2876	53.3744
MGG_16577T0	567	568	0	0
MGG_00740T0	2721	2722	1094	24.2488
MGG_09195T0	1458	1459	3319	137.25
MGG_07930T0	354	355	52	8.83764
MGG_16775T0	342	343	0	0
MGG_17318T0	2634	2635	622.464	14.2526
MGG_16481T0	1023	1024	26.4433	1.55804
MGG_11644T0	732	733	987	81.2409
MGG_01461T0	2024	2025	19996	595.771
MGG_10488T0	1362	1363	3	0.132797
MGG_09847T0	2589	2590	982	22.8756
MGG_12117T0	4875	4876	1184.76	14.6598
MGG_15171T0	504	505	0	0
MGG_16792T0	3270	3271	1645.57	30.3527
MGG_14753T0	228	229	55	14.4907
MGG_12186T0	1020	1021	0	0
MGG_04966T0	2252	2253	6146	164.586
MGG_01844T0	4315	4316	1367	19.1095
MGG_16032T0	222	223	27	7.305
MGG_10046T0	2222	2223	1	0.0271408
MGG_03372T0	351	352	7139	1223.65
MGG_05268T0	1158	1159	9531	496.154
MGG_17633T0	237	238	3	0.760511
MGG_03320T0	2757	2758	2010	43.9707
MGG_17685T0	174	175	0	0
MGG_00506T0	5201	5202	3511	40.7213
MGG_04235T0	5968	5969	1438	14.5351
MGG_01198T0	1838	1839	504	16.5352
MGG_14672T0	558	559	93	10.0377
MGG_17055T0	267	268	1	0.225126
MGG_08270T0	2873	2874	1800.02	37.7879
MGG_02561T0	225	226	0	0
MGG_12173T0	2528	2529	1695	40.4373
MGG_01410T0	1626	1627	658	24.4006
MGG_16249T0	395	396	58	8.83678
MGG_04890T0	4405	4406	4960	67.9201
MGG_08722T0	6290	6291	345	3.30873
MGG_07952T0	300	301	0	0
MGG_12595T0	1411	1412	28.053	1.19869
MGG_06797T0	2042	2043	1380	40.7542
MGG_10212T0	2319	2320	3694	96.0661
MGG_07285T0	3151	3152	939.175	17.9772
MGG_04503T0	3540	3541	1528	26.0351
MGG_08903T0	2811	2812	2954	63.3806
MGG_04904T0	1918	1919	334.716	10.5236
MGG_07898T0	1218	1219	0	0
MGG_05131T0	1808	1809	540.278	18.0194
MGG_09309T0	2206	2207	4682	127.994
MGG_04984T0	3894	3895	344	5.32859
MGG_17886T0	183	184	4	1.31161
MGG_16570T0	252	253	0	0
MGG_03699T0	2020	2021	7469	222.976
MGG_17530T0	486	487	9	1.115
MGG_06667T0	168	169	996	355.577
MGG_12979T0	2728	2729	660	14.5916
MGG_01406T0	3851	3852	169.157	2.6495
MGG_00870T0	1069	1070	504	28.419
MGG_08376T0	462	463	0	0
MGG_10865T0	2112	2113	300	8.5661
MGG_15893T0	314	315	0	0
MGG_15521T0	462	463	0	0
MGG_03226T0	1979	1980	5576	169.91
MGG_06863T0	2767	2768	1147	25.0011
MGG_16876T0	243	244	0	0
MGG_05363T0	3220	3221	16	0.299703
MGG_08159T0	3497	3498	1039	17.9208
MGG_10236T0	4473	4474	248	3.34439
MGG_02804T0	2883	2884	998	20.8784
MGG_05985T0	2912	2913	842	17.4395
MGG_00942T0	2049	2050	1785.9	52.5611
MGG_00764T0	1690	1691	689	24.5831
MGG_02239T0	516	517	195	22.7565
MGG_06614T0	3808	3809	178.28	2.82392
MGG_17374T0	510	511	12	1.41684
MGG_14845T0	628	629	358	34.3395
MGG_02407T0	777	778	2900	224.895
MGG_10706T0	1425	1426	17643	746.473
MGG_16319T0	2870	2871	650	13.6597
MGG_08590T0	4023	4024	1938.23	29.0609
MGG_03951T0	1559	1560	2568	99.3189
MGG_03132T0	3053	3054	1460.85	28.86
MGG_17990T0	288	289	3	0.626303
MGG_14741T0	738	739	0	0
MGG_03378T0	5137	5138	1274	14.9602
MGG_17789T0	367	368	51	8.36149
MGG_02293T0	456	457	0	0
MGG_13256T0	988	989	277	16.8984
MGG_05152T0	2870	2871	386	8.11177
MGG_16440T0	300	301	38	7.6169
MGG_09301T0	1802	1803	1137	38.0475
MGG_07010T0	1556	1557	1172.04	45.4167
MGG_03271T0	2030	2031	428.652	12.7337
MGG_08489T0	3229	3230	73	1.36358
MGG_18018T0	249	250	0	0
MGG_07420T0	2054	2055	870	25.5428
MGG_16162T0	318	319	53	10.0241
MGG_12097T0	2977	2978	216	4.37613
MGG_01352T0	3436	3437	1023	17.958
MGG_06926T0	1577	1578	510.896	19.5338
MGG_17313T0	624	625	26	2.50989
MGG_13006T0	2441	2442	902	22.2855
MGG_05024T0	2315	2316	2954	76.9544
MGG_17275T0	240	241	6	1.50209
MGG_07734T0	4160	4161	1693	24.5483
MGG_04732T0	1849	1850	6218	202.787
MGG_01344T0	1161	1162	793.608	41.2061
MGG_15672T0	2931	2932	1701	35.0027
MGG_15132T0	1833	1834	141	4.63854
MGG_15729T0	321	322	0	0
MGG_07141T0	3107	3108	290	5.62961
MGG_12574T0	1734	1735	1605	55.8132
MGG_15447T0	710	711	250	21.2145
MGG_03486T0	1002	1003	3003.94	180.697
MGG_00282T0	2972	2973	14	0.284115
MGG_17272T0	225	226	0	0
MGG_10162T0	2150	2151	3129	87.766
MGG_16932T0	156	157	0	0
MGG_00035T0	1467	1468	0	0
MGG_07408T0	6753	6754	353	3.15337
MGG_03741T0	5575	5576	3001.94	32.4818
MGG_15705T0	4616	4617	753	9.84003
MGG_16929T0	747	748	3	0.241981
MGG_08904T0	2601	2602	900	20.8688
MGG_03231T0	1793	1794	17759	597.252
MGG_06060T0	1803	1804	1141	38.1602
MGG_17952T0	246	247	15	3.664
MGG_16576T0	387	388	0	0
MGG_16151T0	333	334	0	0
MGG_06361T0	3152	3153	2246	42.9781
MGG_07277T0	2657	2658	1138	25.8314
MGG_04322T0	2621	2622	510	11.7354
MGG_03544T0	2879	2880	93	1.94828
MGG_01381T0	4733	4734	4837	61.6466
MGG_08481T0	507	508	0	0
MGG_14838T0	477	478	0	0
MGG_03574T0	2523	2524	578	13.8166
MGG_02261T0	1959	1960	446	13.729
MGG_00471T0	2948	2949	2211.62	45.2477
MGG_08992T0	324	325	0	0
MGG_17910T0	150	151	0	0
MGG_06973T0	1569	1570	50450	1938.75
MGG_11227T0	1197	1198	3720	187.347
MGG_07387T0	2401	2402	440.891	11.0744
MGG_11078T0	2666	2667	462.19	10.4558
MGG_00299T0	2629	2630	7413	170.059
MGG_13156T0	2204	2205	1024	28.019
MGG_01613T0	3577	3578	475.573	8.01933
MGG_01558T0	4895	4896	4137	50.9807
MGG_12107T0	1838	1839	1260	41.3381
MGG_02559T0	1505	1506	396	15.8647
MGG_05059T0	519	520	3924	455.289
MGG_16010T0	176	177	0	0
MGG_02897T0	3023	3024	4471	89.204
MGG_07222T0	3030	3031	339	6.748
MGG_17174T0	342	343	26	4.57341
MGG_15410T0	390	391	0	0
MGG_03361T0	1308	1309	1581	72.8708
MGG_03217T0	2197	2198	1134	31.1277
MGG_09448T0	1116	1117	8	0.432114
MGG_00651T0	1674	1675	8	0.288162
MGG_03664T0	2986	2987	3373	68.1306
MGG_18057T0	2080	2081	1218	35.3132
MGG_01308T0	3544	3545	940	15.9983
MGG_10033T0	885	886	83	5.65205
MGG_05501T0	2271	2272	1	0.0265554
MGG_08325T0	3494	3495	150.882	2.60467
MGG_05520T0	1708	1709	30	1.05911
MGG_15679T0	195	196	1	0.307826
MGG_07429T0	1336	1337	231	10.4242
MGG_14954T0	1602	1603	187.89	7.07182
MGG_00112T0	1150	1151	88	4.61284
MGG_05689T0	1708	1709	318	11.2266
MGG_01027T0	2852	2853	472	9.98163
MGG_14907T0	2118	2119	524	14.9198
MGG_10474T0	1497	1498	73	2.94017
MGG_17708T0	1994	1995	1269.55	38.3946
MGG_07870T0	1742	1743	26	0.899989
MGG_04506T0	1277	1278	1239.34	58.5086
MGG_04252T0	2112	2113	49	1.39913
MGG_05151T0	2514	2515	1013	24.3015
MGG_07629T0	2570	2571	2667	62.5867
MGG_03059T0	4920	4921	4870	59.7086
MGG_03286T0	4295	4296	1145.44	16.0868
MGG_14839T0	1152	1153	15.0084	0.785357
MGG_05216T0	3503	3504	2392.99	41.2038
MGG_14649T0	763	764	410	32.3781
MGG_04051T0	2850	2851	301	6.36987
MGG_00521T0	3485	3486	740.446	12.8153
MGG_05911T0	441	442	4	0.546008
MGG_01493T0	3281	3282	1323.02	24.3214
MGG_00477T0	2606	2607	579.039	13.4007
MGG_15576T0	1623	1624	1302	48.3711
MGG_13106T0	1236	1237	818	39.8974
MGG_09925T0	4335	4336	1767	24.5872
MGG_08570T0	1567	1568	812	31.2443
MGG_03981T0	952	953	248.173	15.7117
MGG_17127T0	225	226	30	8.00892
MGG_05925T0	1660	1661	521	18.9247
MGG_10527T0	1705	1706	81	2.86462
MGG_03877T0	1908	1909	608	19.2158
MGG_00714T0	741	742	18	1.46363
MGG_05240T0	2166	2167	90	2.50579
MGG_15829T0	351	352	6	1.02842
MGG_00519T0	2651	2652	5457	124.149
MGG_11927T0	894	895	37	2.49425
MGG_01823T0	2436	2437	1208	29.907
MGG_17173T0	297	298	18	3.64433
MGG_11693T0	1719	1720	1019	35.7443
MGG_15026T0	3779	3780	298	4.75648
MGG_06958T0	2365	2366	19659	501.312
MGG_00527T0	624	625	13460	1299.35
MGG_07219T0	6669	6670	11575	104.702
MGG_05301T0	987	988	290.035	17.7115
MGG_17448T0	820	821	261.846	19.2426
MGG_01752T0	2148	2149	2860	80.2955
MGG_06219T0	1372	1373	23	1.01069
MGG_04011T0	5112	5113	483	5.69945
MGG_00364T0	1214	1215	1560.36	77.4836
MGG_08813T0	1856	1857	5800.37	188.454
MGG_03960T0	4628	4629	1219.63	15.8965
MGG_02530T0	1760	1761	62	2.12419
MGG_07933T0	2803	2804	951	20.4627
MGG_09544T0	1118	1119	554	29.8704
MGG_15173T0	2238	2239	97	2.61384
MGG_02285T0	396	397	3	0.455924
MGG_04627T0	3539	3540	116	1.97704
MGG_00959T0	984	985	633	38.773
MGG_08516T0	1191	1192	0	0
MGG_16617T0	1071	1072	7	0.393971
MGG_08391T0	1080	1081	158	8.81846
MGG_01035T0	2159	2160	1117	31.2004
MGG_02370T0	1620	1621	5196	193.396
MGG_00704T0	4175	4176	695	10.0412
MGG_17446T0	177	178	1	0.338954
MGG_00444T0	1348	1349	1101.55	49.2667
MGG_07751T0	3524	3525	288	4.92941
MGG_09699T0	3728	3729	532	8.60757
MGG_03159T0	2736	2737	511.704	11.2799
MGG_00978T0	1711	1712	3012	106.148
MGG_08630T0	4303	4304	469	6.57449
MGG_17240T0	264	265	64	14.5712
MGG_10877T0	1002	1003	4807	289.158
MGG_07597T0	2137	2138	119	3.35815
MGG_16094T0	1275	1276	18.919	0.894561
MGG_07365T0	1331	1332	8600	389.543
MGG_03229T0	3106	3107	957	18.5837
MGG_10638T0	2805	2806	4838	104.025
MGG_14828T0	456	457	8	1.05617
MGG_06057T0	3205	3206	4176	78.5884
MGG_05829T0	2190	2191	3	0.0826115
MGG_03037T0	942	943	5	0.319904
MGG_17674T0	267	268	9	2.02614
MGG_16056T0	624	625	458.271	44.2388
MGG_17959T0	2824	2825	2872	61.3377
MGG_05138T0	942	943	1284	82.1513
MGG_14747T0	1951	1952	1345	41.5723
MGG_06561T0	1942	1943	1246	38.6907
MGG_08662T0	438	439	80	10.9948
MGG_14288T0	675	676	1	0.0892513
MGG_05115T0	1900	1901	1484	47.0992
MGG_03079T0	631	632	22	2.10023
MGG_04562T0	1956	1957	716	22.0741
MGG_15853T0	1757	1758	501	17.1941
MGG_08416T0	1704	1705	49	1.73394
MGG_01465T0	947	948	49	3.11852
MGG_00883T0	5873	5874	9856	101.234
MGG_06006T0	2075	2076	1166	33.887
MGG_10350T0	936	937	1096	70.572
MGG_16826T0	1836	1837	102	3.35006
MGG_16596T0	3052	3053	217	4.28839
MGG_02519T0	3593	3594	2279	38.2585
MGG_01829T0	1863	1864	147	4.75809
MGG_06597T0	2406	2407	54	1.35356
MGG_04123T0	3353	3354	502	9.0303
MGG_10666T0	1401	1402	1504	64.7234
MGG_15529T0	171	172	18	6.31401
MGG_17433T0	168	169	0	0
MGG_07626T0	2124	2125	111	3.15156
MGG_16438T0	180	181	0	0
MGG_17455T0	1363	1364	389	17.2067
MGG_17156T0	336	337	11.7649	2.10629
MGG_00022T0	12204	12205	7	0.0346036
MGG_17760T0	348	349	0	0
MGG_05589T0	6759	6760	14	0.124952
MGG_09012T0	1521	1522	824	32.6643
MGG_10235T0	1571	1572	24	0.921128
MGG_04017T0	3176	3177	745	14.1482
MGG_00472T0	1789	1790	2526.38	85.1544
MGG_03620T0	2871	2872	4400	92.4335
MGG_05914T0	1071	1072	735	41.367
MGG_04829T0	1291	1292	6241.59	291.47
MGG_06378T0	1018	1019	1682.41	99.6136
MGG_10232T0	2051	2052	626	18.406
MGG_16144T0	1498	1499	112.453	4.52617
MGG_13187T0	1710	1711	1881	66.3285
MGG_04345T0	1593	1594	8	0.302805
MGG_01873T0	1761	1762	140	4.79384
MGG_06846T0	1291	1292	402	18.7726
MGG_07070T0	3639	3640	1026	17.0062
MGG_10088T0	627	628	78	7.4937
MGG_00597T0	3386	3387	1255	22.3558
MGG_17746T0	2957	2958	48.9886	0.999213
MGG_17571T0	201	202	26	7.76575
MGG_17779T0	4388	4389	44.7968	0.615804
MGG_07255T0	3332	3333	4813	87.1248
MGG_08299T0	3670	3671	1166	19.1635
MGG_01402T0	1200	1201	47	2.36111
MGG_02205T0	1224	1225	16	0.788035
MGG_03501T0	1262	1263	279	13.3279
MGG_03147T0	3701	3702	2892	47.1328
MGG_07709T0	2339	2340	797	20.5496
MGG_15557T0	844	845	0	0
MGG_06364T0	3124	3125	798	15.4069
MGG_05751T0	1630	1631	231	8.54514
MGG_14641T0	339	340	3.8469	0.682643
MGG_01106T0	4509	4510	928	12.4146
MGG_16261T0	216	217	13	3.61447
MGG_15449T0	474	475	1.4076	0.178791
MGG_00005T0	898	899	205.795	13.8114
MGG_00234T0	1224	1225	0	0
MGG_06094T0	3412	3413	1374	24.2891
MGG_14757T0	8215	8216	1994	14.6429
MGG_03399T0	1363	1364	211	9.33318
MGG_17641T0	366	367	0	0
MGG_04559T0	2972	2973	2928	59.4207
MGG_00396T0	842	843	355	25.4075
MGG_02987T0	1871	1872	834.302	26.8893
MGG_06353T0	2518	2519	581.555	13.9291
MGG_10087T0	1347	1348	323	14.4569
MGG_14908T0	1569	1570	258	9.91474
MGG_07961T0	829	830	51	3.70726
MGG_11524T0	270	271	3	0.667903
MGG_12322T0	3361	3362	1405	25.2139
MGG_04737T0	842	843	0	0
MGG_00469T0	3524	3525	1150	19.6834
MGG_10544T0	1473	1474	376	15.3905
MGG_04889T0	579	580	8	0.832192
MGG_10274T0	1370	1371	145	6.38105
MGG_16025T0	543	544	14	1.55271
MGG_04522T0	1153	1154	4776	249.701
MGG_08535T0	1288	1289	681	31.8754
MGG_08411T0	594	595	0	0
MGG_12509T0	393	394	13	1.99071
MGG_05758T0	913	914	1579.15	104.241
MGG_09726T0	1646	1647	345	12.6382
MGG_10591T0	2241	2242	1002	26.9646
MGG_17913T0	201	202	42	12.5447
MGG_00443T0	634	635	177	16.8175
MGG_08422T0	468	469	0	0
MGG_06311T0	1070	1071	300.862	16.9488
MGG_05112T0	2441	2442	1458	36.0224
MGG_18139T0	405	406	6	0.891634
MGG_07090T0	2704	2705	902.565	20.1313
MGG_16436T0	329	330	0	0
MGG_16095T0	1485	1486	3	0.121805
MGG_11261T0	1854	1855	5625	182.953
MGG_09605T0	549	550	1563	171.458
MGG_00610T0	483	484	5	0.623284
MGG_01956T0	1068	1069	102	5.75684
MGG_07610T0	1605	1606	476	17.8823
MGG_06520T0	695	696	430	37.2753
MGG_09782T0	1515	1516	236	9.39235
MGG_17434T0	234	235	9	2.31066
MGG_09876T0	1402	1403	3	0.12901
MGG_04642T0	1692	1693	312.253	11.1279
MGG_05803T0	2902	2903	6	0.1247
MGG_01563T0	4224	4225	3746.3	53.4979
MGG_08040T0	581	582	0	0
MGG_16877T0	407	408	17	2.51391
MGG_00698T0	1093	1094	491.755	27.1202
MGG_05237T0	747	748	6755	544.86
MGG_00074T0	946	947	102	6.49848
MGG_17716T0	714	715	131	11.0542
MGG_14664T0	2552	2553	161.265	3.81109
MGG_01217T0	2764	2765	1273	27.7776
MGG_07317T0	3105	3106	730	14.1802
MGG_08014T0	3438	3439	214	3.75442
MGG_00244T0	1245	1246	131	6.34329
MGG_06741T0	1083	1084	487	27.1057
MGG_12092T0	589	590	326.584	33.3967
MGG_10834T0	1604	1605	566	21.2766
MGG_08760T0	2404	2405	11071	277.737
MGG_17019T0	1067	1068	113.237	6.39705
MGG_11246T0	2316	2317	2252	58.6413
MGG_03840T0	1392	1393	2519	109.103
MGG_15687T0	753	754	15	1.20028
MGG_01165T0	2925	2926	770	15.8773
MGG_09714T0	3714	3715	40.8745	0.663827
MGG_16221T0	2113	2114	819	23.3744
MGG_12605T0	2902	2903	1406	29.2213
MGG_05616T0	1986	1987	821	24.9291
MGG_16027T0	1242	1243	3.72994	0.181047
MGG_01119T0	2577	2578	12.0154	0.2812
MGG_16833T0	267	268	22	4.95278
MGG_17963T0	622	623	44	4.26114
MGG_10745T0	2587	2588	6270	146.172
MGG_09189T0	1707	1708	59	2.08413
MGG_03977T0	2639	2640	761	17.3917
MGG_03739T0	2823	2824	82	1.7519
MGG_00907T0	1510	1511	4623	184.595
MGG_16816T0	171	172	2	0.701557
MGG_07975T0	1133	1134	5987	318.535
MGG_12954T0	255	256	0	0
MGG_17401T0	840	841	0	0
MGG_16127T0	405	406	9	1.33745
MGG_03171T0	2205	2206	741	20.2663
MGG_00124T0	3826	3827	4105.58	64.7258
MGG_15657T0	443	444	4	0.543549
MGG_00399T0	5611	5612	412.927	4.43933
MGG_07819T0	3117	3118	40.5517	0.784684
MGG_14957T0	2295	2296	0	0
MGG_05862T0	1158	1159	157	8.17293
MGG_07372T0	429	430	331	46.4431
MGG_03952T0	4203	4204	4760	68.3134
MGG_15725T0	1802	1803	2448.22	81.9251
MGG_09489T0	2644	2645	1161	26.483
MGG_03103T0	2628	2629	2098.99	48.1706
MGG_00212T0	1229	1230	1843.89	90.4466
MGG_07767T0	1248	1249	28	1.35256
MGG_00897T0	447	448	2	0.269348
MGG_14611T0	870	871	0	0
MGG_07577T0	1821	1822	115	3.80812
MGG_05852T0	960	961	0	0
MGG_07546T0	2210	2211	38	1.03695
MGG_17481T0	480	481	2	0.250869
MGG_11871T0	1484	1485	2935	119.246
MGG_00733T0	2105	2106	2400	68.7566
MGG_17234T0	390	391	10	1.54307
MGG_11338T0	781	782	907.163	69.9906
MGG_16421T0	291	292	31	6.40531
MGG_10831T0	2217	2218	3021.55	82.1921
MGG_07076T0	1549	1550	829	32.2689
MGG_08711T0	2201	2202	196	5.37032
MGG_17474T0	600	601	30.2569	3.03747
MGG_01061T0	1421	1422	5080	215.539
MGG_00877T0	4781	4782	1575.9	19.883
MGG_03064T0	5095	5096	4804	56.8768
MGG_09028T0	1875	1876	932.981	30.0055
MGG_09260T0	1074	1075	234	13.1331
MGG_09717T0	3326	3327	5560	100.829
MGG_05218T0	4744	4745	3385.98	43.0537
MGG_07307T0	1347	1348	4229	189.282
MGG_02290T0	969	970	21	1.3062
MGG_05952T0	1536	1537	0	0
MGG_07234T0	1017	1018	5346	316.842
MGG_10482T0	2054	2055	1830	53.728
MGG_04949T0	1836	1837	58	1.90494
MGG_06485T0	1738	1739	707	24.5291
MGG_14815T0	1093	1094	5	0.275749
MGG_01478T0	1449	1450	1168	48.6
MGG_06526T0	978	979	0	0
MGG_16740T0	249	250	16	3.86137
MGG_10704T0	1049	1050	50	2.87304
MGG_04349T0	1563	1564	465	17.9381
MGG_02041T0	1094	1095	10	0.550994
MGG_07648T0	297	298	0	0
MGG_06309T0	2134	2135	1822	51.4887
MGG_09021T0	987	988	25	1.52667
MGG_15784T0	504	505	46	5.49576
MGG_02814T0	1480	1481	25351	1032.76
MGG_10480T0	3015	3016	116	2.32053
MGG_17229T0	498	499	0	0
MGG_00410T0	381	382	111	17.5316
MGG_07174T0	4481	4482	1132	15.2383
MGG_07120T0	3474	3475	3358	58.3025
MGG_09460T0	774	775	4856	378.041
MGG_15583T0	1902	1903	787.81	24.9772
MGG_09418T0	1718	1719	2866	100.592
MGG_00447T0	5470	5471	4916	54.2134
MGG_05030T0	3128	3129	845	16.2934
MGG_11962T0	1854	1855	278	9.04195
MGG_11818T0	1147	1148	78.1755	4.10856
MGG_02539T0	1708	1709	319	11.2619
MGG_13669T0	2703	2704	13489	300.978
MGG_08543T0	1105	1106	231	12.6014
MGG_05082T0	4884	4885	2156.19	26.6308
MGG_03078T0	960	961	19	1.19287
MGG_02752T0	789	790	412	31.4653
MGG_04342T0	6785	6786	3921.99	34.8701
MGG_06466T0	1545	1546	742.466	28.9753
MGG_07333T0	2273	2274	1930	51.2069
MGG_07866T0	1023	1024	0	0
MGG_10550T0	1446	1447	0	0
MGG_16914T0	1629	1630	13	0.481191
MGG_00647T0	1875	1876	6675	214.674
MGG_16198T0	3459	3460	12262	213.819
MGG_06149T0	1389	1390	362.198	15.7215
MGG_17491T0	1657	1658	517.558	18.8337
MGG_07849T0	1044	1045	67	3.8683
MGG_05056T0	1107	1108	397	21.6178
MGG_06789T0	3745	3746	606	9.76037
MGG_06712T0	3073	3074	29729	583.496
MGG_03304T0	1769	1770	715.808	24.3997
MGG_11382T0	2619	2620	4514	103.949
MGG_08350T0	555	556	17	1.84474
MGG_18106T0	426	427	0	0
MGG_08874T0	2100	2101	239	6.8633
MGG_11657T0	2440	2441	791	19.551
MGG_07115T0	1512	1513	1591.13	63.4496
MGG_12957T0	1843	1844	255	8.34335
MGG_11346T0	6009	6010	6392	64.1688
MGG_08354T0	777	778	9571	742.231
MGG_13017T0	1548	1549	200.234	7.79916
MGG_10942T0	2660	2661	86	1.94991
MGG_01247T0	1281	1282	48	2.25899
MGG_01112T0	984	985	1051	64.3766
MGG_17080T0	195	196	0	0
MGG_14671T0	345	346	0	0
MGG_15979T0	393	394	0	0
MGG_15547T0	447	448	2	0.269348
MGG_04034T0	1749	1750	17148	591.203
MGG_17705T0	381	382	7	1.10559
MGG_09852T0	2142	2143	203	5.71525
MGG_06845T0	550	551	3157	345.688
MGG_02831T0	2671	2672	1326	29.9411
MGG_03082T0	2860	2861	27	0.569387
MGG_06390T0	3295	3296	1304.52	23.8794
MGG_00571T0	2599	2600	301	6.98481
MGG_05350T0	3327	3328	920	16.6788
MGG_02469T0	1161	1162	165	8.56721
MGG_11084T0	2672	2673	265	5.98147
MGG_00705T0	609	610	397	39.2665
MGG_02564T0	909	910	0	0
MGG_15903T0	651	652	24	2.22088
MGG_03551T0	2918	2919	2907.61	60.0984
MGG_00473T0	1071	1072	1987	111.832
MGG_09742T0	1430	1431	399	16.8227
MGG_12371T0	3042	3043	2254.92	44.7086
MGG_01534T0	3356	3357	3879	69.7156
MGG_10577T0	3314	3315	68	1.23762
MGG_00086T0	1275	1276	1124	53.1468
MGG_05234T0	1574	1575	125	4.7884
MGG_08883T0	2875	2876	205.637	4.31394
MGG_14578T0	855	856	0	0
MGG_03580T0	2248	2249	2256.75	60.5418
MGG_02275T0	1590	1591	350	13.2727
MGG_15176T0	1492	1493	288.17	11.6453
MGG_01391T0	2048	2049	3732	109.891
MGG_04244T0	1854	1855	1253	40.7538
MGG_17335T0	477	478	746	94.1613
MGG_01236T0	2730	2731	1119	24.7212
MGG_17130T0	213	214	0	0
MGG_11170T0	1442	1443	329	13.756
MGG_10282T0	378	379	17	2.70627
MGG_04714T0	4576	4577	3595	47.3892
MGG_00750T0	2835	2836	1717	36.528
MGG_12468T0	2260	2261	6836	182.416
MGG_00204T0	2796	2797	2736	59.0181
MGG_16023T0	171	172	0	0
MGG_04032T0	870	871	178	12.33
MGG_08175T0	1658	1659	831	30.2215
MGG_02515T0	1601	1602	1869	70.3895
MGG_06939T0	2544	2545	651.018	15.4336
MGG_16525T0	243	244	5	1.23635
MGG_07536T0	2402	2403	1648	41.3776
MGG_05269T0	1746	1747	1081	37.3331
MGG_02821T0	1964	1965	3142	96.4728
MGG_07144T0	207	208	213	61.7842
MGG_16942T0	216	217	0	0
MGG_07158T0	2115	2116	85	2.42362
MGG_07497T0	1506	1507	1733	69.382
MGG_10034T0	372	373	0	0
MGG_17468T0	858	859	22	1.54522
MGG_05155T0	2015	2016	21346.7	638.854
MGG_04461T0	309	310	13	2.53013
MGG_18025T0	313	314	9	1.72932
MGG_12761T0	7704	7705	1428.64	11.1869
MGG_07507T0	1527	1528	149	5.88334
MGG_17615T0	1152	1153	0	0
MGG_06093T0	995	996	926	56.0936
MGG_05053T0	2077	2078	6316	183.383
MGG_01762T0	1207	1208	2423	121.017
MGG_09879T0	1010	1011	124	7.4
MGG_05099T0	3847	3848	1694.69	26.5715
MGG_06297T0	3407	3408	1073	18.996
MGG_06493T0	1164	1165	1031	53.3942
MGG_17898T0	222	223	0	0
MGG_17027T0	273	274	0	0
MGG_16271T0	690	691	198	17.2881
MGG_14755T0	2319	2320	747	19.4265
MGG_06448T0	2412	2413	1524.74	38.1241
MGG_03734T0	1018	1019	1706	101.01
MGG_02344T0	381	382	0	0
MGG_07320T0	1174	1175	37	1.89988
MGG_14683T0	3537	3538	1422	24.2495
MGG_04088T0	832	833	1321	95.6796
MGG_02864T0	357	358	0	0
MGG_07207T0	1743	1744	67	2.31787
MGG_10754T0	909	910	0	0
MGG_06661T0	2632	2633	368.087	8.43454
MGG_07997T0	1850	1851	151	4.92189
MGG_16609T0	592	593	12	1.22092
MGG_09390T0	1890	1891	0	0
MGG_10280T0	333	334	0	0
MGG_06000T0	900	901	978	65.4901
MGG_06834T0	1362	1363	241	10.668
MGG_10921T0	929	930	125	8.10939
MGG_07265T0	1675	1676	1812	65.2297
MGG_01490T0	1720	1721	19950	699.396
MGG_16709T0	1809	1810	31	1.03334
MGG_14350T0	3796	3797	431	6.84854
MGG_16946T0	219	220	0	0
MGG_09874T0	717	718	27	2.26882
MGG_17258T0	1374	1375	78	3.42258
MGG_16433T0	434	435	6	0.832192
MGG_15666T0	321	322	3	0.562117
MGG_07000T0	3464	3465	2582	44.9588
MGG_03169T0	3020	3021	1446	28.8788
MGG_01173T0	391	392	10	1.53913
MGG_00392T0	2096	2097	560	16.1121
MGG_15388T0	1587	1588	100	3.79936
MGG_14244T0	906	907	224	14.9005
MGG_10892T0	372	373	10207	1651.01
MGG_02104T0	1474	1475	1233	50.435
MGG_15647T0	403	404	88	13.142
MGG_15090T0	2901	2902	1567	32.5786
MGG_05812T0	1912	1913	1153.92	36.3934
MGG_17376T0	252	253	42	10.0159
MGG_02731T0	2202	2203	11530	315.774
MGG_01223T0	1191	1192	577	29.2053
MGG_11560T0	2927	2928	484	9.97323
MGG_09378T0	219	220	123	33.7321
MGG_01934T0	651	652	130	12.0298
MGG_15397T0	1077	1078	0	0
MGG_01214T0	988	989	13098	799.043
MGG_17983T0	2037	2038	448	13.2628
MGG_05785T0	2408	2409	1607	40.2476
MGG_05416T0	444	445	0	0
MGG_18040T0	2368	2369	2010	51.1909
MGG_01771T0	1862	1863	880.394	28.5119
MGG_10848T0	1812	1813	106	3.52752
MGG_07908T0	1271	1272	77	3.65229
MGG_17524T0	259	260	2	0.464107
MGG_08439T0	1155	1156	20	1.04384
MGG_04887T0	1911	1912	355	11.2022
MGG_16497T0	408	409	292.033	43.0794
MGG_15274T0	2457	2458	9	0.220913
MGG_15257T0	936	937	62	3.99221
MGG_04954T0	2515	2516	1894	45.4183
MGG_18088T0	276	277	11	2.39593
MGG_16970T0	1353	1354	278	12.3876
MGG_06268T0	4232	4233	1773.24	25.2743
MGG_13224T0	2065	2066	723	21.1139
MGG_03254T0	4521	4522	1524	20.3337
MGG_06714T0	1355	1356	1755	78.087
MGG_10561T0	1134	1135	1	0.0531576
MGG_16461T0	2446	2447	85.0174	2.09621
MGG_04963T0	168	169	224	79.9692
MGG_10061T0	4193	4194	46	0.661745
MGG_08316T0	486	487	0	0
MGG_04827T0	2102	2103	3817	109.508
MGG_06601T0	309	310	5170	1006.21
MGG_16898T0	222	223	10	2.70556
MGG_00385T0	3744	3745	3662	58.9967
MGG_07704T0	1800	1801	13461	450.946
MGG_02459T0	1923	1924	869	27.2506
MGG_09851T0	1023	1024	159	9.36825
MGG_01206T0	2843	2844	3475	73.7202
MGG_00504T0	3452	3453	1031.82	18.0289
MGG_04113T0	1423	1424	790	33.4718
MGG_08749T0	1821	1822	14	0.463597
MGG_16768T0	180	181	18	6.00006
MGG_08651T0	4801	4802	827	10.3907
MGG_04861T0	1003	1004	4421.72	265.716
MGG_00154T0	741	742	319	25.9387
MGG_07890T0	2033	2034	26	0.77123
MGG_02116T0	3349	3350	653.77	11.7745
MGG_01488T0	786	787	229	17.5559
MGG_17477T0	1247	1248	20	0.966889
MGG_06957T0	852	853	2484	175.697
MGG_00187T0	1146	1147	277	14.5706
MGG_09095T0	1050	1051	319	18.3126
MGG_08430T0	966	967	3663	228.545
MGG_08461T0	1296	1297	386	17.956
MGG_10555T0	885	886	0	0
MGG_06193T0	2501	2502	1895	45.6965
MGG_11039T0	3539	3540	7660	130.553
MGG_03876T0	3193	3194	1000.22	18.8939
MGG_05581T0	693	694	201	17.4742
MGG_06334T0	3581	3582	6652	112.044
MGG_16805T0	1854	1855	77	2.50443
MGG_01827T0	2808	2809	16	0.34366
MGG_04947T0	1848	1849	691	22.5477
MGG_00374T0	1353	1354	2688	119.777
MGG_06443T0	771	772	1668	130.359
MGG_09868T0	2047	2048	1143.31	33.6818
MGG_01657T0	3717	3718	1099	17.834
MGG_16142T0	165	166	28	10.1768
MGG_15498T0	441	442	0	0
MGG_10214T0	891	892	260	17.5861
MGG_13641T0	3025	3026	2111.81	42.1063
MGG_16024T0	249	250	0	0
MGG_12547T0	580	581	10	1.03845
MGG_04338T0	2799	2800	1970.9	42.4685
MGG_07567T0	5032	5033	825	9.88982
MGG_13622T0	2486	2487	2752	66.7627
MGG_00500T0	4494	4495	756.571	10.155
MGG_07627T0	1550	1551	1302.74	50.6766
MGG_04151T0	958	959	1090	68.5755
MGG_06882T0	2972	2973	790.92	16.0509
MGG_04735T0	444	445	0	0
MGG_06537T0	10466	10467	1212	6.98621
MGG_04699T0	3809	3810	742	11.7501
MGG_16359T0	537	538	12.0418	1.35042
MGG_13430T0	623	624	3	0.290067
MGG_06368T0	4440	4441	1908	25.9214
MGG_03215T0	1749	1750	2753	94.9138
MGG_07143T0	1380	1381	425	18.5676
MGG_07329T0	1920	1921	399	12.5316
MGG_05328T0	2389	2390	1443	36.4275
MGG_00288T0	3198	3199	504	9.50556
MGG_06540T0	1230	1231	174	8.52811
MGG_04410T0	3389	3390	400	7.11904
MGG_01890T0	1545	1546	200	7.80516
MGG_07623T0	366	367	851	139.902
MGG_16900T0	2132	2133	338	9.56065
MGG_05011T0	1755	1756	524	18.004
MGG_03081T0	1548	1549	0	0
MGG_15389T0	468	469	0	0
MGG_17738T0	315	316	3	0.57279
MGG_16019T0	807	808	0	0
MGG_01682T0	2656	2657	289	6.56247
MGG_10311T0	1483	1484	9	0.365906
MGG_17974T0	249	250	54	13.0321
MGG_01559T0	2255	2256	1237	33.082
MGG_15560T0	354	355	0	0
MGG_00109T0	2661	2662	3663	83.0214
MGG_15361T0	393	394	0	0
MGG_11439T0	231	232	404	105.064
MGG_10859T0	8917	8918	3582.18	24.2349
MGG_07585T0	1248	1249	1	0.0483058
MGG_05908T0	1681	1682	14710	527.653
MGG_09061T0	2473	2474	843	20.5584
MGG_01375T0	915	916	241	15.8739
MGG_10562T0	3200	3201	8156	153.728
MGG_01847T0	1521	1522	472.641	18.736
MGG_08580T0	2513	2514	2618	62.8298
MGG_03882T0	2234	2235	415	11.2029
MGG_00021T0	1305	1306	0	0
MGG_14063T0	390	391	0	0
MGG_01599T0	792	793	706	53.7147
MGG_14726T0	1380	1381	0	0
MGG_07099T0	2919	2920	1695.81	35.0393
MGG_06237T0	1830	1831	537	17.6949
MGG_05048T0	3216	3217	786	14.7412
MGG_03123T0	3483	3484	862	14.9276
MGG_08922T0	2660	2661	1979	44.8706
MGG_01176T0	1556	1557	1102.67	42.7284
MGG_07480T0	1268	1269	1637	77.8303
MGG_09614T0	1164	1165	0	0
MGG_08209T0	1435	1436	1124.57	47.2489
MGG_12408T0	1203	1204	428	21.4476
MGG_09780T0	2432	2433	390.716	9.68904
MGG_10272T0	935	936	3	0.193378
MGG_01601T0	3717	3718	531	8.61681
MGG_05271T0	1652	1653	595	21.7173
MGG_10575T0	1594	1595	1437	54.3572
MGG_16226T0	396	397	0	0
MGG_07538T0	720	721	25	2.09202
MGG_07527T0	788	789	2057.94	157.368
MGG_11652T0	1179	1180	169	8.64104
MGG_06383T0	723	724	463	38.5837
MGG_16579T0	3852	3853	23.645	0.370255
MGG_17638T0	216	217	0	0
MGG_12467T0	947	948	3990.83	253.99
MGG_03117T0	1116	1117	126.144	6.81357
MGG_09465T0	812	813	323.072	23.9757
MGG_03892T0	4906	4907	8379.29	103.027
MGG_17623T0	2617	2618	44	1.01402
MGG_04183T0	2348	2349	7459.79	191.604
MGG_00556T0	312	313	1210	233.24
MGG_08034T0	474	475	26	3.30249
MGG_17922T0	306	307	58	11.3986
MGG_16422T0	180	181	67	22.3335
MGG_15247T0	1320	1321	32	1.46153
MGG_03781T0	746	747	46	3.71534
MGG_11462T0	859	860	238	16.6971
MGG_08822T0	1484	1485	2424.69	98.5123
MGG_03582T0	2614	2615	1063.73	24.5426
MGG_01166T0	3033	3034	509	10.1219
MGG_17178T0	505	506	3	0.357711
MGG_03674T0	794	795	221	16.7721
MGG_15617T0	731	732	171	14.0944
MGG_01607T0	2388	2389	17111	432.136
MGG_15517T0	1769	1770	16	0.545391
MGG_10217T0	453	454	0	0
MGG_04000T0	2394	2395	381	9.598
MGG_13928T0	2043	2044	6118	180.588
MGG_02235T0	996	997	45	2.72319
MGG_00983T0	2021	2022	556.694	16.611
MGG_05083T0	1260	1261	2372.81	113.53
MGG_17367T0	168	169	0	0
MGG_08911T0	5408	5409	1187	13.2402
MGG_02118T0	1278	1279	44	2.0756
MGG_09842T0	513	514	59	6.92549
MGG_16680T0	291	292	274	56.6147
MGG_01583T0	2725	2726	782	17.3078
MGG_11796T0	3328	3329	1842	33.3839
MGG_08799T0	351	352	58	9.94138
MGG_16585T0	458	459	51	6.70377
MGG_00435T0	1797	1798	294	9.8655
MGG_10653T0	1998	1999	1980.45	59.7739
MGG_15416T0	633	634	93	8.85024
MGG_05386T0	1035	1036	134	7.80381
MGG_02761T0	1600	1601	578	21.782
MGG_13799T0	222	223	9	2.435
MGG_01851T0	1091	1092	4	0.221003
MGG_05463T0	1426	1427	322	13.6142
MGG_07834T0	363	364	0	0
MGG_08789T0	615	616	3	0.293834
MGG_17037T0	228	229	2	0.526934
MGG_06025T0	1423	1424	2509	106.305
MGG_03144T0	4698	4699	889	11.4145
MGG_07789T0	2262	2263	421	11.2243
MGG_10434T0	528	529	0	0
MGG_02328T0	2367	2368	288	7.33791
MGG_10614T0	774	775	1	0.0778502
MGG_05002T0	9601	9602	2501	15.715
MGG_01325T0	1781	1782	3081	104.315
MGG_15513T0	519	520	0	0
MGG_00706T0	2364	2365	390	9.94935
MGG_16760T0	426	427	20	2.82594
MGG_01520T0	1971	1972	1639	50.1457
MGG_16880T0	1173	1174	354	18.1927
MGG_17523T0	276	277	3	0.653436
MGG_08188T0	324	325	1	0.185643
MGG_00577T0	1960	1961	605	18.614
MGG_07727T0	1231	1232	1836	89.9132
MGG_06247T0	2385	2386	8622	218.021
MGG_11707T0	1302	1303	843	39.0341
MGG_06058T0	3153	3154	376.136	7.19523
MGG_14301T0	393	394	26	3.98142
MGG_16305T0	707	708	68	5.79478
MGG_12580T0	3113	3114	7746	150.079
MGG_11750T0	1660	1661	8786	319.141
MGG_05685T0	1353	1354	1470	65.5028
MGG_04816T0	2151	2152	3458.02	96.9497
MGG_14679T0	1714	1715	233	8.19697
MGG_07530T0	1843	1844	198	6.47837
MGG_02967T0	1781	1782	213.104	7.21513
MGG_13110T0	2175	2176	18	0.499086
MGG_04282T0	699	700	33	2.84431
MGG_08277T0	546	547	7	0.772097
MGG_01348T0	5459	5460	2322.97	25.6692
MGG_16330T0	162	163	2	0.740293
MGG_15795T0	2145	2146	558.816	15.7109
MGG_06296T0	986	987	641	39.1834
MGG_03298T0	1808	1809	1765	58.8664
MGG_07621T0	444	445	0	0
MGG_08052T0	2432	2433	73	1.81026
MGG_00369T0	1807	1808	423	14.1157
MGG_09828T0	2580	2581	1119	26.1579
MGG_18015T0	564	565	8	0.854285
MGG_05310T0	1761	1762	1180	40.4052
MGG_01995T0	1715	1716	4981	175.13
MGG_16658T0	348	349	271	46.8495
MGG_07078T0	1745	1746	360.177	12.4461
MGG_06065T0	2632	2633	2641	60.5172
MGG_15312T0	357	358	52	8.76358
MGG_08378T0	1605	1606	113	4.24516
MGG_17740T0	375	376	2.08542	0.334632
MGG_11519T0	1468	1469	2751	112.987
MGG_01336T0	1677	1678	1460	52.4955
MGG_05593T0	768	769	16	1.25532
MGG_07349T0	735	736	12	0.983705
MGG_11130T0	3117	3118	1379.52	26.6939
MGG_02154T0	327	328	0	0
MGG_09598T0	1725	1726	39	1.36328
MGG_05987T0	612	613	229	22.5391
MGG_10764T0	909	910	896	59.4057
MGG_01107T0	1458	1459	776	32.0899
MGG_15844T0	153	154	0	0
MGG_15636T0	3796	3797	42192	670.426
MGG_00017T0	3414	3415	0	0
MGG_10713T0	1042	1043	42	2.42955
MGG_06020T0	2258	2259	547.937	14.6344
MGG_04880T0	1332	1333	66	2.98727
MGG_01570T0	4942	4943	2340	28.5619
MGG_16799T0	222	223	12	3.24667
MGG_08044T0	1679	1680	37	1.32878
MGG_16428T0	1004	1005	145	8.70489
MGG_00774T0	1003	1004	476	28.6045
MGG_09436T0	600	601	13	1.30506
MGG_09534T0	992	993	647.345	39.3322
MGG_01776T0	3484	3485	1393	24.1162
MGG_01688T0	2090	2091	3674	106.01
MGG_01260T0	2691	2692	4596	103.007
MGG_05244T0	7669	7670	4129	32.4796
MGG_10571T0	1777	1778	1772	60.1303
MGG_01051T0	1433	1434	235	9.88735
MGG_07121T0	2073	2074	952	27.6942
MGG_07535T0	3309	3310	2831	51.6028
MGG_12230T0	713	714	0	0
MGG_16711T0	3630	3631	2692	44.7312
MGG_16168T0	1275	1276	0.113827	0.00538213
MGG_16645T0	210	211	4	1.14377
MGG_08058T0	1014	1015	79	4.69594
MGG_01612T0	2219	2220	3880.43	105.46
MGG_10443T0	2313	2314	185	4.82358
MGG_01777T0	4248	4249	527	7.48316
MGG_07085T0	705	706	2056	175.703
MGG_09027T0	2803	2804	1356.02	29.1776
MGG_17280T0	1731	1732	1335	46.5045
MGG_17203T0	491	492	1.20143	0.147331
MGG_01713T0	1140	1141	576	30.4578
MGG_06190T0	2426	2427	520	12.9269
MGG_02580T0	1575	1576	641	24.5394
MGG_12770T0	3077	3078	109.798	2.15222
MGG_13543T0	1278	1279	3134	147.839
MGG_08979T0	2919	2920	7	0.144636
MGG_03934T0	975	976	828	51.1849
MGG_00436T0	2034	2035	1055	31.2788
MGG_06100T0	5526	5527	1767.32	19.2925
MGG_07376T0	414	415	0	0
MGG_04148T0	1840	1841	2779	91.0744
MGG_07189T0	975	976	1422	87.9045
MGG_04202T0	890	891	12528	848.331
MGG_04137T0	1787	1788	5787.11	195.279
MGG_00980T0	828	829	462	33.624
MGG_15850T0	716	717	619	52.0874
MGG_06911T0	1483	1484	819.648	33.3238
MGG_01719T0	1417	1418	1431.24	60.8971
MGG_17749T0	177	178	0	0
MGG_16875T0	690	691	12	1.04777
MGG_04969T0	1948	1949	2083	64.482
MGG_05565T0	1135	1136	31	1.64644
MGG_03321T0	1539	1540	419	16.4155
MGG_03454T0	1547	1548	1463	57.021
MGG_00851T0	3228	3229	1038.76	19.4092
MGG_02670T0	5292	5293	180	2.05179
MGG_06629T0	1582	1583	1533	58.4282
MGG_07056T0	624	625	721	69.6012
MGG_01986T0	999	1000	999	60.2736
MGG_11567T0	1502	1503	1756	70.4899
MGG_02433T0	782	783	542.184	41.7779
MGG_09069T0	1776	1777	36.0103	1.22265
MGG_17588T0	1575	1576	96.513	3.6948
MGG_01062T0	1477	1478	17830	727.844
MGG_05863T0	1062	1063	435	24.6898
MGG_16009T0	280	281	0	0
MGG_06740T0	1764	1765	27	0.922955
MGG_15124T0	1534	1535	1	0.0393055
MGG_15008T0	1121	1122	643	34.5764
MGG_04215T0	3442	3443	172.372	3.02058
MGG_00415T0	1305	1306	26	1.20113
MGG_09348T0	930	931	555	35.967
MGG_10637T0	1471	1472	1186	48.6114
MGG_17214T0	2016	2017	0	0
MGG_10014T0	1314	1315	0	0
MGG_07171T0	5032	5033	2004	24.0233
MGG_14924T0	771	772	42	3.28241
MGG_00417T0	2507	2508	254	6.11037
MGG_06084T0	2999	3000	3880	78.0318
MGG_10825T0	1178	1179	1424.54	72.8992
MGG_03227T0	548	549	4699	516.41
MGG_09820T0	2396	2397	123	3.09598
MGG_05539T0	1650	1651	1292	47.2147
MGG_01848T0	1822	1823	214.359	7.09443
MGG_12462T0	1583	1584	1010.53	38.4907
MGG_01723T0	2203	2204	774	21.188
MGG_07080T0	1418	1419	1432.46	60.9063
MGG_08410T0	1527	1528	0	0
MGG_15869T0	452	453	39.4057	5.24834
MGG_16641T0	204	205	15	4.41468
MGG_15620T0	252	253	9	2.14627
MGG_11805T0	1533	1534	708	27.8464
MGG_06823T0	1509	1510	53	2.11768
MGG_09601T0	2004	2005	84	2.5277
MGG_17881T0	640	641	0	0
MGG_14540T0	1109	1110	86	4.67452
MGG_00963T0	3344	3345	23	0.414852
MGG_15256T0	1117	1118	0	0
MGG_08857T0	1722	1723	524	18.3488
MGG_02832T0	2624	2625	984	22.6166
MGG_06070T0	3488	3489	2129	36.816
MGG_04459T0	4709	4710	276	3.53549
MGG_02714T0	1024	1025	976	57.4496
MGG_16857T0	252	253	13	3.10016
MGG_00441T0	612	613	43	4.23223
MGG_17735T0	207	208	0	0
MGG_08675T0	697	698	15	1.29657
MGG_04175T0	1744	1745	155.209	5.3664
MGG_08256T0	1364	1365	1845	81.5502
MGG_10747T0	969	970	6373.43	396.426
MGG_07466T0	2021	2022	6987.69	208.504
MGG_01918T0	1587	1588	340	12.9178
MGG_15379T0	701	702	16	1.37513
MGG_09208T0	4624	4625	2243	29.2603
MGG_09600T0	2058	2059	112	3.28188
MGG_16270T0	291	292	93	19.2159
MGG_03218T0	1742	1743	7033	243.447
MGG_00715T0	617	618	767	74.8804
MGG_05261T0	2398	2399	4010	100.85
MGG_06615T0	1685	1686	3.72036	0.133134
MGG_17228T0	186	187	0	0
MGG_01144T0	1209	1210	932	46.4721
MGG_01154T0	1703	1704	452.32	16.0154
MGG_05456T0	960	961	7012	440.23
MGG_05139T0	1431	1432	57	2.40156
MGG_00561T0	1126	1127	60	3.2121
MGG_04042T0	3639	3640	439	7.27653
MGG_06425T0	2805	2806	773	16.6208
MGG_04177T0	6583	6584	1827	16.7421
MGG_01875T0	951	952	90	5.70383
MGG_05107T0	2205	2206	199	5.44263
MGG_03439T0	1330	1331	3372	152.852
MGG_10155T0	609	610	9	0.890172
MGG_11223T0	1510	1511	121	4.8315
MGG_03906T0	3885	3886	1733	26.9065
MGG_08084T0	5037	5038	15507	185.708
MGG_16218T0	159	160	2	0.754174
MGG_06011T0	1385	1386	7942	345.723
MGG_17362T0	225	226	3	0.800892
MGG_09473T0	885	886	45	3.06436
MGG_01950T0	1560	1561	16	0.618413
MGG_06511T0	1724	1725	2481	86.7759
MGG_01053T0	1024	1025	716	42.1454
MGG_05896T0	309	310	8	1.557
MGG_08097T0	2921	2922	7021	144.971
MGG_00629T0	336	337	6	1.07419
MGG_10613T0	1244	1245	0	0
MGG_18007T0	378	379	15	2.38789
MGG_15895T0	1478	1479	3734.59	152.348
MGG_15390T0	1404	1405	1	0.0429423
MGG_18014T0	201	202	7	2.09078
MGG_08855T0	5409	5410	5014	55.9176
MGG_08786T0	1840	1841	121	3.96545
MGG_09235T0	2633	2634	1462	33.4883
MGG_08457T0	3593	3594	23706	397.962
MGG_14198T0	1185	1186	3665	186.445
MGG_09213T0	2910	2911	932.317	19.3234
MGG_01220T0	2487	2488	550.006	13.3376
MGG_01824T0	4016	4017	2226	33.4337
MGG_00071T0	1309	1310	0	0
MGG_06113T0	1300	1301	148	6.8635
MGG_03715T0	1349	1350	1294	57.8312
MGG_02820T0	1016	1017	496	29.4254
MGG_03263T0	2185	2186	2015.52	55.6286
MGG_15220T0	279	280	16	3.44765
MGG_06342T0	3885	3886	1337	20.7582
MGG_09522T0	3647	3648	493	8.15368
MGG_17763T0	171	172	0	0
MGG_12831T0	1840	1841	650	21.302
MGG_02986T0	5892	5893	225.698	2.31075
MGG_01963T0	1024	1025	1103	64.9252
MGG_10020T0	399	400	0	0
MGG_12337T0	1230	1231	1.8295e+06	89667.8
MGG_10423T0	1815	1816	18403	611.412
MGG_04817T0	2232	2233	923.981	24.9652
MGG_09106T0	483	484	362	45.1258
MGG_16490T0	765	766	819	64.5084
MGG_00814T0	984	985	1492	91.389
MGG_17848T0	1200	1201	466.585	23.4396
MGG_08169T0	2029	2030	500	14.8606
MGG_02284T0	1233	1234	290	14.179
MGG_08528T0	1760	1761	0	0
MGG_15733T0	264	265	0	0
MGG_13241T0	1172	1173	20	1.02871
MGG_03036T0	1676	1677	1640.45	59.0191
MGG_06751T0	1528	1529	3619	142.805
MGG_03124T0	1629	1630	105	3.88654
MGG_07129T0	3465	3466	1593	27.7299
MGG_16409T0	1182	1183	593.843	30.2864
MGG_07019T0	2192	2193	1163	31.9965
MGG_04144T0	5054	5055	2378	28.3826
MGG_05400T0	906	907	0	0
MGG_08161T0	2660	2661	4955.35	112.355
MGG_08207T0	3139	3140	916	17.6006
MGG_14928T0	1710	1711	45.1413	1.59179
MGG_13866T0	1539	1540	0	0
MGG_17000T0	1735	1736	1403	48.7606
MGG_15770T0	799	800	6	0.452504
MGG_10931T0	1021	1022	252	14.8769
MGG_06486T0	813	814	273	20.2348
MGG_14639T0	1437	1438	415	17.4121
MGG_02977T0	1809	1810	100	3.33336
MGG_16953T0	669	670	141	12.6971
MGG_15691T0	216	217	0	0
MGG_17754T0	162	163	33	12.2148
MGG_04505T0	2022	2023	437.15	13.0375
MGG_07518T0	3495	3496	2525	43.5764
MGG_00631T0	2994	2995	1279	25.7653
MGG_07048T0	1225	1226	4461	219.535
MGG_03433T0	1594	1595	5	0.189134
MGG_01058T0	2024	2025	3145	93.7038
MGG_09751T0	1134	1135	122	6.48523
MGG_08493T0	2400	2401	0	0
MGG_17255T0	357	358	0	0
MGG_05028T0	1574	1575	1327	50.8337
MGG_16457T0	3267	3268	1756	32.4193
MGG_15654T0	1451	1452	244	10.1388
MGG_04554T0	2070	2071	27	0.786584
MGG_14590T0	1472	1473	19	0.778238
MGG_15599T0	2018	2019	484	14.4634
MGG_12022T0	1467	1468	16	0.65759
MGG_12348T0	381	382	18	2.84296
MGG_05504T0	306	307	18	3.53749
MGG_06545T0	3128	3129	170.67	3.29089
MGG_07842T0	1922	1923	296	9.28696
MGG_16113T0	366	367	0	0
MGG_04872T0	3773	3774	1883.77	30.1152
MGG_17987T0	249	250	32	7.72274
MGG_03529T0	2443	2444	355	8.76372
MGG_01395T0	1023	1024	23	1.35516
MGG_08451T0	333	334	36	6.50305
MGG_17989T0	1158	1159	2473	128.737
MGG_08532T0	411	412	5	0.732207
MGG_13538T0	1665	1666	13	0.470793
MGG_06105T0	1167	1168	537.653	27.7729
MGG_08278T0	1920	1921	523	16.4261
MGG_12805T0	2588	2589	1715.92	39.9877
MGG_05552T0	1072	1073	760	42.7342
MGG_11895T0	3858	3859	1500	23.4519
MGG_17567T0	189	190	0	0
MGG_17940T0	327	328	1259	231.587
MGG_17449T0	3789	3790	3439	54.7462
MGG_15114T0	2149	2150	0	0
MGG_08174T0	1420	1421	274	11.6337
MGG_09645T0	6381	6382	12	0.113445
MGG_13085T0	363	364	0	0
MGG_10716T0	1162	1163	161.817	8.39469
MGG_07713T0	819	820	32	2.35449
MGG_15409T0	835	836	0	0
MGG_04551T0	1287	1288	2158	101.087
MGG_04199T0	2996	2997	1463.9	29.4704
MGG_16152T0	396	397	8	1.2158
MGG_03587T0	2042	2043	2516	74.3025
MGG_08198T0	3996	3997	2189	33.0425
MGG_18004T0	852	853	21	1.48536
MGG_04048T0	1589	1590	145	5.50215
MGG_02637T0	1228	1229	94	4.61463
MGG_09913T0	1867	1868	1352	43.6678
MGG_16079T0	186	187	0	0
MGG_01435T0	3115	3116	80	1.54901
MGG_16290T0	270	271	2	0.445269
MGG_09628T0	900	901	0	0
MGG_06871T0	2230	2231	877.915	23.7418
MGG_08185T0	2655	2656	354	8.04149
MGG_16837T0	156	157	5	1.92146
MGG_10956T0	1139	1140	40	2.11698
MGG_17650T0	165	166	0	0
MGG_00448T0	2304	2305	887	23.2174
MGG_01728T0	1896	1897	1031	32.7909
MGG_18105T0	372	373	0	0
MGG_01414T0	4528	4529	422	5.62175
MGG_11758T0	6947	6948	737	6.39984
MGG_09956T0	3458	3459	3736	65.1655
MGG_14293T0	1459	1460	1040.53	42.9993
MGG_12321T0	4125	4126	654	9.56335
MGG_16148T0	1237	1238	715	34.8455
MGG_02774T0	2493	2494	25559	618.314
MGG_07580T0	1761	1762	2	0.0684834
MGG_08592T0	582	583	881	91.1735
MGG_03867T0	996	997	40	2.42062
MGG_05664T0	4886	4887	6075	75.0007
MGG_07846T0	1543	1544	3	0.117229
MGG_02949T0	3782	3783	3294	52.535
MGG_05133T0	3320	3321	2498	45.3821
MGG_10939T0	453	454	2	0.265788
MGG_04617T0	5721	5722	2708	28.5537
MGG_00254T0	1609	1610	15627	585.614
MGG_07200T0	3359	3360	18752	336.721
MGG_07958T0	1458	1459	234	9.67658
MGG_08236T0	7851	7852	158	1.21405
MGG_05330T0	407	408	118.618	17.5408
MGG_15754T0	225	226	15	4.00446
MGG_15537T0	3875	3876	2177	33.8872
MGG_14326T0	800	801	30	2.2597
MGG_01796T0	1167	1168	34	1.75629
MGG_09696T0	4254	4255	1802.1	25.5529
MGG_16672T0	243	244	0	0
MGG_04633T0	3555	3556	0	0
MGG_06696T0	8818	8819	3847	26.3187
MGG_10478T0	528	529	0	0
MGG_00635T0	3636	3637	5608	93.0307
MGG_00491T0	1477	1478	1050	42.8624
MGG_08128T0	2992	2993	1095	22.0734
MGG_04467T0	1484	1485	7647.83	310.723
MGG_03197T0	1953	1954	2422	74.7844
MGG_00630T0	3839	3840	328	5.15352
MGG_01725T0	1783	1784	1355	45.8254
MGG_04738T0	1213	1214	213	10.5858
MGG_08492T0	1551	1552	0	0
MGG_06847T0	1955	1956	1858	57.311
MGG_16140T0	198	199	0	0
MGG_14854T0	732	733	669	55.066
MGG_14598T0	2160	2161	1557	43.4706
MGG_10558T0	2479	2480	0	0
MGG_00789T0	963	964	7475	467.838
MGG_00846T0	1380	1381	108	4.71836
MGG_01099T0	1327	1328	770	34.9828
MGG_00119T0	1077	1078	13734	768.67
MGG_06901T0	2155	2156	887	24.822
MGG_16938T0	594	595	0	0
MGG_06865T0	450	451	28896	3865.65
MGG_14422T0	225	226	0	0
MGG_04983T0	1192	1193	4	0.202293
MGG_04594T0	1554	1555	413	16.0244
MGG_03646T0	3409	3410	4474	79.1595
MGG_16223T0	940	941	778	49.8829
MGG_10244T0	647	648	37	3.44499
MGG_03025T0	900	901	507	33.9504
MGG_12275T0	1945	1946	100688	3121.74
MGG_05158T0	1842	1843	49	1.6041
MGG_02941T0	2696	2697	3434	76.8211
MGG_15849T0	246	247	4	0.977067
MGG_16342T0	327	328	76	13.9798
MGG_16367T0	180	181	0	0
MGG_01892T0	2198	2199	189.212	5.19141
MGG_00721T0	1212	1213	93485	4649.89
MGG_01002T0	1281	1282	464	21.8369
MGG_04094T0	849	850	4	0.283924
MGG_06124T0	6483	6484	710.152	6.60799
MGG_06918T0	1544	1545	1905	74.3923
MGG_03397T0	1684	1685	406	14.5374
MGG_13933T0	1173	1174	120.092	6.17174
MGG_05929T0	2667	2668	246	5.56302
MGG_16965T0	1492	1493	15	0.606168
MGG_15614T0	345	346	0	0
MGG_15699T0	329	330	7	1.27981
MGG_17502T0	573	574	1.09947	0.115566
MGG_16173T0	615	616	4	0.391779
MGG_00679T0	1971	1972	1148.47	35.1377
MGG_07238T0	2115	2116	202	5.75966
MGG_12501T0	1469	1470	1	0.0410435
MGG_10523T0	2792	2793	484	10.4553
MGG_09461T0	2996	2997	138	2.77814
MGG_05060T0	2879	2880	669	14.0151
MGG_05824T0	1594	1595	140	5.29577
MGG_01614T0	2370	2371	410	10.4331
MGG_16131T0	1877	1878	86	2.76289
MGG_05210T0	1233	1234	1802	88.1051
MGG_10446T0	1857	1858	383	12.437
MGG_13509T0	813	814	225	16.6771
MGG_01636T0	3654	3655	3420	56.4547
MGG_14995T0	1353	1354	232	10.3379
MGG_00317T0	1637	1638	1542	56.7978
MGG_03878T0	3235	3236	206	3.84079
MGG_09976T0	1983	1984	1433	43.5779
MGG_17358T0	599	600	0	0
MGG_17764T0	2438	2439	255.884	6.32985
MGG_14279T0	1632	1633	52188	1928.17
MGG_07053T0	2067	2068	276	8.0523
MGG_09884T0	3194	3195	3996.59	75.4711
MGG_16669T0	3333	3334	1080	19.5443
MGG_15070T0	2393	2394	583	14.6928
MGG_14426T0	799	800	28.0386	2.1146
MGG_12601T0	1728	1729	448	15.6331
MGG_03810T0	12768	12769	0	0
MGG_02780T0	2782	2783	522	11.3167
MGG_07026T0	1971	1972	1592	48.7077
MGG_04856T0	1964	1965	5283	162.211
MGG_13530T0	2551	2552	1664	39.34
MGG_02663T0	2321	2322	1438	37.3644
MGG_06315T0	3296	3297	1450.91	26.5511
MGG_06980T0	1983	1984	284	8.63651
MGG_15442T0	786	787	4	0.306653
MGG_05892T0	2597	2598	661.431	15.3606
MGG_02029T0	1827	1828	0	0
MGG_09289T0	1446	1447	2064	86.0602
MGG_05229T0	3113	3114	909	17.6119
MGG_09137T0	963	964	2	0.125174
MGG_11142T0	1240	1241	263.539	12.8125
MGG_06133T0	1536	1537	4520.04	177.431
MGG_04006T0	4044	4045	398	5.93644
MGG_05874T0	2457	2458	523	12.8375
MGG_07411T0	951	952	20	1.26752
MGG_17583T0	162	163	0	0
MGG_12767T0	3362	3363	5463	98.0089
MGG_03603T0	2440	2441	450.978	11.1468
MGG_10200T0	2577	2578	54271	1270.12
MGG_12742T0	2946	2947	69.4916	1.4227
MGG_02773T0	2397	2398	3907	98.3005
MGG_01826T0	1430	1431	377.482	15.9154
MGG_09941T0	4860	4861	1001	12.4242
MGG_02327T0	960	961	342	21.4716
MGG_09595T0	495	496	0	0
MGG_02788T0	2386	2387	1007	25.453
MGG_00300T0	1548	1549	55	2.14226
MGG_01276T0	1002	1003	1	0.0601534
MGG_00083T0	910	911	283	18.7426
MGG_17975T0	1493	1494	3462	139.81
MGG_00530T0	2209	2210	1447	39.5037
MGG_06955T0	2458	2459	530	13.0041
MGG_07681T0	2901	2902	6846	142.331
MGG_09841T0	1406	1407	52	2.22982
MGG_02882T0	2591	2592	1032	24.0218
MGG_02462T0	869	870	1554.48	107.802
MGG_09494T0	1406	1407	573.488	24.5919
MGG_09552T0	2993	2994	1557.69	31.3899
MGG_04365T0	1974	1975	559	17.0768
MGG_08880T0	2376	2377	2079	52.7699
MGG_17935T0	2495	2496	53	1.28113
MGG_03006T0	1435	1436	718.736	30.1979
MGG_02534T0	1875	1876	300	9.64828
MGG_12835T0	747	748	6	0.483962
MGG_03772T0	2061	2062	373	10.9139
MGG_12521T0	1139	1140	5514	291.826
MGG_08906T0	588	589	888	90.9618
MGG_10213T0	1014	1015	401	23.8363
MGG_05989T0	2337	2338	2201	56.7985
MGG_04787T0	915	916	440	28.9813
MGG_14982T0	309	310	0	0
MGG_08065T0	2379	2380	1540	39.0396
MGG_15047T0	1704	1705	728	25.7613
MGG_11337T0	918	919	1304	85.6098
MGG_14371T0	663	664	273	24.806
MGG_14046T0	435	436	0	0
MGG_10324T0	1662	1663	695	25.2147
MGG_05325T0	2967	2968	966.119	19.6394
MGG_09005T0	2563	2564	731.759	17.2191
MGG_17488T0	231	232	29	7.54174
MGG_16887T0	4324	4325	5933	82.7656
MGG_02345T0	534	535	7	0.789415
MGG_10958T0	4894	4895	2015	24.8361
MGG_03794T0	999	1000	22	1.32735
MGG_14009T0	1982	1983	1148	34.9285
MGG_00026T0	1218	1219	0	0
MGG_08098T0	2033	2034	1512	44.85
MGG_10254T0	1230	1231	34	1.66641
MGG_06898T0	2428	2429	1104	27.4222
MGG_12821T0	3710	3711	3518	57.1961
MGG_06758T0	1782	1783	954	32.2818
MGG_15995T0	1557	1558	0	0
MGG_14640T0	1702	1703	1075	38.0851
MGG_07084T0	1500	1501	601	24.1577
MGG_17103T0	1358	1359	8231.94	365.464
MGG_07341T0	1029	1030	5022	294.172
MGG_17773T0	351	352	1	0.171403
MGG_03088T0	2571	2572	1200	28.1496
MGG_00812T0	1134	1135	1188.26	63.1652
MGG_08654T0	2560	2561	444	10.4601
MGG_04025T1	1563	1564	169.447	6.53669
MGG_04025T0	1354	1355	460.553	20.507
MGG_07190T0	3180	3181	4622	87.6653
MGG_15651T0	306	307	0	0
MGG_17094T0	279	280	2	0.430956
MGG_05931T0	2084	2085	669.209	19.365
MGG_10426T0	4455	4456	1538	20.8244
MGG_12853T0	1379	1380	892	38.9984
MGG_04095T0	1470	1471	2720	111.562
MGG_10852T0	2065	2066	2236	65.2984
MGG_08778T0	1336	1337	392	17.6895
MGG_05951T0	2163	2164	1563	43.5776
MGG_06183T0	1883	1884	5718	183.115
MGG_14823T0	2519	2520	596	14.2694
MGG_00986T0	1589	1590	776	29.446
MGG_14674T0	1725	1726	267	9.33323
MGG_03935T0	1158	1159	5881	306.146
MGG_07679T0	1863	1864	0	0
MGG_17160T0	282	283	3	0.639582
MGG_00915T0	2741	2742	1217	26.7784
MGG_07290T0	1308	1309	26	1.19838
MGG_08144T0	1633	1634	3165	116.865
MGG_08102T0	895	896	717.882	48.34
MGG_03756T0	932	933	89.1155	5.76279
MGG_15434T0	363	364	2	0.331505
MGG_02549T0	1017	1018	0	0
MGG_17131T0	222	223	3	0.811667
MGG_07697T0	642	643	15	1.40748
MGG_07630T0	354	355	4460	757.998
MGG_10320T0	2610	2611	3914	90.4431
MGG_04445T0	3113	3114	2391.13	46.3282
MGG_17002T0	1778	1779	978	33.1684
MGG_15802T0	180	181	0	0
MGG_10184T0	4212	4213	939.038	13.4479
MGG_17612T0	743	744	132.737	10.7641
MGG_10054T0	2554	2555	1398.89	33.0335
MGG_11636T0	4950	4951	427.215	5.20613
MGG_11469T0	1062	1063	1414	80.256
MGG_09953T0	1410	1411	1652	70.639
MGG_13215T0	1643	1644	1408	51.6728
MGG_15924T0	306	307	0	0
MGG_15838T0	1001	1002	42	2.52897
MGG_00164T0	3157	3158	1443	27.5687
MGG_08779T0	999	1000	12	0.724007
MGG_15955T0	246	247	380	92.8214
MGG_02705T0	4519	4520	21813.3	291.169
MGG_08735T0	2886	2887	2449	51.1804
MGG_08768T0	1433	1434	1149	48.3428
MGG_03591T0	2389	2390	398	10.0472
MGG_06095T0	1230	1231	1722	84.3988
MGG_09804T0	1191	1192	48	2.42955
MGG_04923T0	6380	6381	960	9.07703
MGG_17321T0	341	342	4	0.70566
MGG_16394T0	933	934	14	0.904362
MGG_08480T0	876	877	208	14.3095
MGG_08659T0	462	463	0	0
MGG_03287T0	2116	2117	389	11.0864
MGG_00695T0	3548	3549	274.807	4.67178
MGG_09499T0	2902	2903	3588	74.5705
MGG_03593T0	1553	1554	5643	219.089
MGG_11491T0	4755	4756	2554	32.3997
MGG_04352T0	1092	1093	1538	84.898
MGG_06388T0	5621	5622	5165	55.4295
MGG_13253T0	2359	2360	608	15.5436
MGG_10955T0	4988	4989	1413	17.088
MGG_05525T0	2194	2195	5401.55	148.472
MGG_05578T0	1943	1944	469	14.5559
MGG_03686T0	2694	2695	480	10.7459
MGG_17132T0	544	545	17	1.88197
MGG_01017T0	5000	5001	303	3.6555
MGG_07775T0	642	643	72	6.7559
MGG_05688T0	1580	1581	178.278	6.80343
MGG_07366T0	1665	1666	5572	201.789
MGG_15245T0	1478	1479	3708	151.263
MGG_18109T0	189	190	0	0
MGG_14713T0	3078	3079	1533	30.0396
MGG_03104T0	1703	1704	732	25.9181
MGG_16114T0	1332	1333	2.42261	0.109651
MGG_09236T0	3964	3965	1327	20.1925
MGG_17742T0	204	205	5	1.47156
MGG_07058T0	1413	1414	544.738	23.2434
MGG_18034T0	625	626	20	1.9276
MGG_12538T0	4519	4520	3306	44.1292
MGG_02748T0	4224	4225	723	10.3246
MGG_00449T0	2721	2722	3923	86.9544
MGG_10499T0	1394	1395	746.219	32.2741
MGG_02488T0	2835	2836	1231	26.1887
MGG_15259T0	783	784	230	17.7
MGG_17723T0	703	704	8	0.685612
MGG_09372T0	1910	1911	31430	992.305
MGG_05484T0	4115	4116	1422.09	20.8456
MGG_17265T0	153	154	3368	1319.51
MGG_01424T0	1961	1962	942	28.9677
MGG_16196T0	2549	2550	610	14.4328
MGG_04773T0	2509	2510	4512	108.457
MGG_08079T0	887	888	500.883	34.0318
MGG_01730T0	4061	4062	1403	20.8391
MGG_07295T0	1487	1488	687	27.8558
MGG_18030T0	581	582	1006.39	104.329
MGG_14269T0	1292	1293	2639	123.141
MGG_16445T0	2639	2640	2048	46.8045
MGG_15988T0	4463	4464	5215	70.4842
MGG_03008T0	3959	3960	2040	31.0811
MGG_15739T0	873	874	4798	331.215
MGG_15492T0	1738	1739	22.775	0.790171
MGG_00018T0	2408	2409	3	0.0751356
MGG_04257T0	1881	1882	236	7.56578
MGG_17731T0	751	752	33	2.64763
MGG_04606T0	4286	4287	238.323	3.35409
MGG_03005T0	2145	2146	158	4.4421
MGG_16416T0	550	551	27	2.95647
MGG_12469T0	762	763	33.7184	2.66627
MGG_09705T0	1502	1503	3296	132.309
MGG_00488T0	1335	1336	1513	68.3272
MGG_00336T0	2232	2233	1465.77	39.6039
MGG_17056T0	297	298	9	1.82216
MGG_15398T0	798	799	1	0.0755118
MGG_10239T0	1486	1487	45	1.82584
MGG_10257T0	1332	1333	0	0
MGG_01389T0	2323	2324	477	12.3835
MGG_08432T0	297	298	18	3.64433
MGG_03222T0	5908	5909	736.065	7.5156
MGG_02691T0	2535	2536	1737	41.3249
MGG_13777T0	849	850	181	12.8476
MGG_03518T0	2621	2622	569	13.0931
MGG_09171T0	1152	1153	136	7.11657
MGG_16117T0	216	217	41	11.3995
MGG_07645T0	1455	1456	9	0.372943
MGG_08540T0	2016	2017	8	0.239302
MGG_02204T0	2073	2074	4	0.116362
MGG_01987T0	3170	3171	1050	19.9781
MGG_07684T0	855	856	7	0.493385
MGG_08899T0	819	820	456	33.5515
MGG_06136T0	1413	1414	781	33.3245
MGG_02546T0	444	445	0	0
MGG_17601T0	360	361	0	0
MGG_12009T0	3374	3375	2366	42.2963
MGG_07232T0	1613	1614	3186	119.098
MGG_05007T0	1995	1996	939	28.3835
MGG_04853T0	3275	3276	9742	179.418
MGG_04680T0	2122	2123	2503	71.1332
MGG_16926T0	1448	1449	175.087	7.29034
MGG_05259T0	3008	3009	1588	31.8412
MGG_12956T0	5288	5289	2311.43	26.3674
MGG_07815T0	918	919	15.5718	1.02231
MGG_08898T0	3837	3838	5135	80.7229
MGG_07301T0	1239	1240	2313	112.542
MGG_09806T0	1801	1802	211	7.06462
MGG_09070T0	1274	1275	1960	92.7486
MGG_15611T0	228	229	0	0
MGG_15252T0	399	400	0	0
MGG_14558T0	7290	7291	2214	18.3211
MGG_07532T0	3856	3857	457.217	7.15211
MGG_14014T0	3372	3373	1651	29.5319
MGG_05277T0	2356	2357	259.471	6.64188
MGG_12611T0	2160	2161	350	9.7718
MGG_00863T0	2841	2842	76	1.61343
MGG_02242T0	2292	2293	735	19.3395
MGG_07790T0	1621	1622	4364	162.329
MGG_03262T0	2538	2539	1935	45.9811
MGG_05846T0	807	808	7303	545.32
MGG_17029T0	192	193	513	160.369
MGG_03045T0	1223	1224	954	47.0249
MGG_15045T0	735	736	31	2.54124
MGG_12096T0	558	559	39	4.20934
MGG_02794T0	1824	1825	1192	39.4071
MGG_15822T0	905	906	50	3.32969
MGG_04919T0	1342	1343	2155.09	96.8166
MGG_08370T0	2311	2312	6097	159.107
MGG_11336T0	1526	1527	1435	56.6988
MGG_02210T0	1788	1789	68	2.2933
MGG_00084T0	1662	1663	7893	286.359
MGG_02437T0	2362	2363	1276.01	32.58
MGG_02351T0	15858	15859	11	0.0418483
MGG_03516T0	4677	4678	9800	126.394
MGG_17378T0	570	571	34	3.59256
MGG_17281T0	279	280	11	2.37026
MGG_10252T0	1916	1917	4060	127.781
MGG_06068T0	1269	1270	2318	110.121
MGG_09311T0	3387	3388	1786.89	31.8212
MGG_16879T0	222	223	35	9.46945
MGG_02756T0	828	829	2675	194.684
MGG_05668T0	758	759	1639	130.286
MGG_09810T0	720	721	0	0
MGG_15020T0	1665	1666	1815	65.7299
MGG_15006T0	1752	1753	1405.59	48.3769
MGG_03667T0	3149	3150	1765	33.8061
MGG_02400T0	1486	1487	352	14.2821
MGG_09490T0	1701	1702	12	0.425386
MGG_17487T0	399	400	0	0
MGG_11615T0	1161	1162	147	7.6326
MGG_03517T0	2615	2616	1234	28.4603
MGG_01074T0	4748	4749	1485	18.8663
MGG_04362T0	1259	1260	2243	107.404
MGG_05732T0	1576	1577	935	35.7718
MGG_05503T0	1380	1381	1106	48.3195
MGG_13200T0	1849	1850	2365	77.1295
MGG_07035T0	2199	2200	1565	42.9193
MGG_02818T0	2187	2188	162	4.46713
MGG_06654T0	1611	1612	1635	61.1947
MGG_10287T0	1700	1701	35	1.24144
MGG_17413T0	468	469	16	2.0583
MGG_00559T0	1427	1428	376	15.8862
MGG_14601T0	1314	1315	108	4.95518
MGG_06206T0	630	631	2	0.191233
MGG_01115T0	4754	4755	2217.09	28.1316
MGG_02402T0	246	247	134	32.7317
MGG_08949T0	1794	1795	3727	125.273
MGG_06216T0	2268	2269	224	5.95628
MGG_16831T0	988	989	9	0.549045
MGG_05026T0	797	798	3870	292.597
MGG_00138T0	3100	3101	928	18.0554
MGG_02445T0	899	900	147	9.85454
MGG_17038T0	836	837	218	15.7142
MGG_08984T0	3027	3028	372	7.41222
MGG_09836T0	957	958	282	17.7601
MGG_17554T0	576	577	0	0
MGG_17830T0	1371	1372	570	25.0658
MGG_05217T0	2884	2885	1367.02	28.5883
MGG_05450T0	1356	1357	2620	116.488
MGG_01671T0	2111	2112	1562.48	44.6356
MGG_07154T0	1215	1216	669	33.1936
MGG_00379T0	1164	1165	71	3.677
MGG_16910T0	177	178	10	3.38954
MGG_08926T0	996	997	270	16.3392
MGG_05407T0	426	427	0	0
MGG_07336T0	1267	1268	533	25.3612
MGG_10329T0	2833	2834	592	12.6033
MGG_11731T0	2004	2005	525	15.7982
MGG_06398T0	2420	2421	781	19.4634
MGG_15001T0	408	409	41	6.04814
MGG_04994T0	3370	3371	11394	203.929
MGG_09909T0	2635	2636	1025	23.4606
MGG_03403T0	886	887	12	0.816242
MGG_17059T0	192	193	25	7.81527
MGG_09019T0	764	765	16	1.26189
MGG_14526T0	3278	3279	1240.78	22.8304
MGG_09246T0	2741	2742	5510	121.24
MGG_15746T0	150	151	3	1.19869
MGG_13908T0	907	908	3551	235.953
MGG_14547T0	1344	1345	1283	57.5527
MGG_00351T0	3049	3050	210	4.15414
MGG_17184T0	165	166	23	8.35952
MGG_15203T0	2592	2593	210	4.88628
MGG_10589T0	1317	1318	3	0.137331
MGG_10370T0	776	777	8780	681.765
MGG_16126T0	1316	1317	3138	143.757
MGG_18089T0	498	499	104	12.5746
MGG_15201T0	348	349	0	0
MGG_00888T0	2288	2289	44	1.15976
MGG_06181T0	1596	1597	325	12.2783
MGG_14778T0	4740	4741	436	5.54853
MGG_08017T0	3363	3364	229	4.10715
MGG_15508T0	1126	1127	89	4.76461
MGG_12847T0	1328	1329	62126	2820.39
MGG_02487T0	5611	5612	5644	60.6779
MGG_11167T0	1099	1100	832.455	45.6593
MGG_08787T0	423	424	0	0
MGG_18140T0	726	727	0	0
MGG_16303T0	222	223	10	2.70556
MGG_13276T0	1076	1077	1377	77.14
MGG_04526T0	3814	3815	1467	23.2005
MGG_02243T0	2695	2696	350.966	7.85429
MGG_14921T0	936	937	158	10.1737
MGG_02288T0	660	661	881	80.4148
MGG_01799T0	1878	1879	274	8.79802
MGG_04610T0	3591	3592	234	3.93044
MGG_06734T0	1428	1429	886.8	37.4416
MGG_00857T0	2478	2479	2048.83	49.8644
MGG_07512T0	2487	2488	1592	38.6059
MGG_02014T0	1553	1554	0	0
MGG_07687T0	1326	1327	0	0
MGG_17778T0	171	172	434	152.238
MGG_14783T0	736	737	19	1.55542
MGG_17014T0	171	172	1	0.350778
MGG_03290T0	4805	4806	512	6.42758
MGG_02355T0	1089	1090	59	3.26578
MGG_05580T0	1974	1975	1293	39.4996
MGG_17394T0	195	196	9	2.77043
MGG_17757T0	525	526	0	0
MGG_03473T0	1868	1869	185	5.97206
MGG_07565T0	1287	1288	563	26.3727
MGG_04367T0	1785	1786	510	17.2286
MGG_12906T0	1851	1852	9241.09	301.053
MGG_17630T0	168	169	0	0
MGG_10743T0	2778	2779	1502	32.6094
MGG_16365T0	566	567	4	0.425636
MGG_03198T0	2971	2972	4306	87.4151
MGG_17337T0	261	262	0	0
MGG_10798T0	603	604	209	20.8771
MGG_02387T0	3216	3217	620	11.6279
MGG_07987T0	1182	1183	1	0.0510008
MGG_16590T0	1551	1552	8	0.310999
MGG_15760T0	3756	3757	482	7.74047
MGG_07177T0	513	514	25963	3047.57
MGG_08598T0	5972	5973	1878	18.9699
MGG_02903T0	825	826	20	1.46087
MGG_06399T0	4532	4533	3864	51.4296
MGG_15923T0	306	307	0	0
MGG_01662T0	2936	2937	3144.87	64.6042
MGG_01420T0	1524	1525	1791	70.8577
MGG_15718T0	2045	2046	2592	76.4347
MGG_06959T0	1470	1471	1135	46.5527
MGG_07503T0	1946	1947	989	30.6473
MGG_08162T0	1952	1953	3822	118.073
MGG_13836T0	765	766	140	11.0271
MGG_02495T0	504	505	0	0
MGG_10840T0	2823	2824	2201	47.0237
MGG_06505T0	2118	2119	936	26.6506
MGG_08311T0	1428	1429	373	15.7485
MGG_00150T0	1986	1987	6419	194.909
MGG_12003T0	1132	1133	127	6.76293
MGG_07979T0	1554	1555	3	0.1164
MGG_08351T0	744	745	0	0
MGG_16897T0	330	331	21	3.82783
MGG_07062T0	2512	2513	1698	40.7668
MGG_16026T0	931	932	8	0.517888
MGG_09118T0	2762	2763	368.519	8.04712
MGG_17860T0	590	591	4	0.408351
MGG_09421T0	630	631	0	0
MGG_13420T0	420	421	0	0
MGG_06785T0	1141	1142	534	28.2122
MGG_03265T0	4053	4054	1616	24.0502
MGG_06406T0	1492	1493	783	31.642
MGG_12978T0	1518	1519	1215	48.2592
MGG_11761T0	3349	3350	1221	21.9904
MGG_03846T0	4537	4538	6205	82.4971
MGG_07334T0	4261	4262	2182	30.8889
MGG_16822T0	150	151	0	0
MGG_03706T0	1704	1705	138	4.88333
MGG_15307T0	936	937	0	0
MGG_10149T0	1396	1397	675	29.152
MGG_08607T0	405	406	0	0
MGG_12672T0	2959	2960	2513	51.2227
MGG_01914T0	855	856	3	0.211451
MGG_05178T0	1148	1149	591	31.0334
MGG_10148T0	4796	4797	659.48	8.29456
MGG_04212T0	2374	2375	1613	40.9762
MGG_10357T0	2217	2218	2658	72.3027
MGG_16502T0	153	154	15	5.87668
MGG_08208T0	5090	5091	3060.43	36.2695
MGG_12474T0	2113	2114	1453	41.4689
MGG_10881T0	1287	1288	51	2.389
MGG_02862T0	2088	2089	550	15.8849
MGG_07282T0	3107	3108	449.408	8.72412
MGG_06279T0	3816	3817	1488	23.5203
MGG_05755T0	2570	2571	1467	34.4262
MGG_11535T0	2787	2788	1005	21.7488
MGG_00346T0	3017	3018	2371	47.3995
MGG_04204T0	2287	2288	1817	47.9138
MGG_03464T0	888	889	687	46.6247
MGG_01508T0	1596	1597	5086	192.147
MGG_05584T0	2702	2703	278	6.20526
MGG_10853T0	3196	3197	2706.13	51.0703
MGG_07391T0	787	788	1421	108.8
MGG_04997T0	3344	3345	67	1.20848
MGG_15457T0	1932	1933	39.0683	1.21942
MGG_01439T0	2417	2418	4649	116.002
MGG_09700T0	2041	2042	528	15.6005
MGG_15280T0	1268	1269	560.714	26.6588
MGG_11819T0	348	349	15	2.59315
MGG_06620T0	989	990	370	22.549
MGG_17980T0	234	235	0	0
MGG_17613T0	1276	1277	0	0
MGG_17365T0	2449	2450	425	10.4661
MGG_12214T0	8311	8312	675.103	4.90034
MGG_17693T0	405	406	49	7.28168
MGG_07876T0	987	988	0	0
MGG_08064T0	1245	1246	321	15.5435
MGG_02654T0	2425	2426	350	8.7044
MGG_15934T0	342	343	0	0
MGG_03442T0	1631	1632	39	1.4418
MGG_17083T0	489	490	1	0.12313
MGG_03014T0	2388	2389	2224	56.1668
MGG_06167T0	2212	2213	2113	57.6076
MGG_00680T0	1399	1400	294.531	12.693
MGG_08706T0	1031	1032	1796	105
MGG_00118T0	4756	4757	2466	31.2767
MGG_16993T0	3852	3853	9.80323	0.153508
MGG_05081T0	636	637	31	2.93619
MGG_04239T0	1089	1090	141	7.80466
MGG_16810T0	237	238	0	0
MGG_06246T0	1554	1555	380.499	14.7633
MGG_00466T0	3622	3623	6251	104.098
MGG_06627T0	1732	1733	1309	45.5725
MGG_15111T0	1324	1325	165	7.51328
MGG_02618T0	856	857	88	6.19531
MGG_13562T0	2893	2894	498.866	10.4003
MGG_08912T0	2259	2260	1584	42.2871
MGG_15929T0	156	157	0	0
MGG_12766T0	3775	3776	1852.31	29.5967
MGG_10194T0	1416	1417	216	9.19698
MGG_04082T0	2166	2167	1239.88	34.5209
MGG_07193T0	1544	1545	2722	106.297
MGG_16003T0	435	436	0	0
MGG_17152T0	162	163	0	0
MGG_00332T0	4047	4048	655.625	9.77185
MGG_06109T0	2379	2380	749.295	18.9949
MGG_10352T0	813	814	482	35.726
MGG_16125T0	1766	1767	28634	977.703
MGG_02865T0	1314	1315	2	0.0917626
MGG_09281T0	516	517	438	51.1146
MGG_00056T0	1318	1319	1264.49	57.8405
MGG_09978T0	1946	1947	1483.56	45.9726
MGG_03692T0	1549	1550	696	27.0919
MGG_09072T0	2064	2065	33478.4	978.15
MGG_06573T0	818	819	1324	97.5361
MGG_13916T0	1315	1316	10	0.458464
MGG_15625T0	306	307	0	0
MGG_14517T0	3516	3517	4243	72.7884
MGG_02890T0	2517	2518	237	5.67877
MGG_00853T0	2060	2061	2758	80.7379
MGG_17013T0	192	193	0	0
MGG_16230T0	1910	1911	5244	165.563
MGG_11684T0	1526	1527	0	0
MGG_07264T0	2227	2228	298	8.06979
MGG_05691T0	378	379	15	2.38789
MGG_04117T0	2655	2656	2609.87	59.286
MGG_10074T0	357	358	1	0.16853
MGG_08246T0	698	699	1.05825	0.0913421
MGG_06467T0	1727	1728	1817.53	63.46
MGG_08571T0	2700	2701	1622	36.2316
MGG_09574T0	1242	1243	1746.4	84.7682
MGG_14733T0	903	904	340	22.692
MGG_03568T0	4136	4137	1415.62	20.6454
MGG_08495T0	2232	2233	340	9.18653
MGG_01549T0	3217	3218	555	10.4056
MGG_00341T0	2101	2102	2379	68.2847
MGG_02109T0	276	277	0	0
MGG_05946T0	2995	2996	1126	22.6756
MGG_11757T0	3000	3001	400.216	8.04619
MGG_01489T0	3682	3683	1792	29.3561
MGG_08326T0	2052	2053	357.079	10.4939
MGG_16166T0	180	181	12	4.00004
MGG_01357T0	2134	2135	22	0.621708
MGG_12809T0	3377	3378	1560	27.8629
MGG_04709T0	5249	5250	924	10.6188
MGG_01976T0	3584	3585	1913	32.1949
MGG_13165T0	3673	3674	3636	59.7099
MGG_14897T0	12929	12930	265	1.23654
MGG_10199T0	4394	4395	9164	125.802
MGG_06666T0	1810	1811	5493	183.001
MGG_16464T0	237	238	2	0.507008
MGG_15238T0	2559	2560	1037.79	24.4586
MGG_00195T0	3218	3219	1969	36.9051
MGG_06539T0	1019	1020	252	14.906
MGG_15563T0	3203	3204	1088	20.4879
MGG_00325T0	1548	1549	604	23.5259
MGG_08550T0	1676	1677	94	3.38186
MGG_17897T0	240	241	0	0
MGG_14268T0	1351	1352	402.481	17.961
MGG_06961T0	1621	1622	767	28.5303
MGG_16818T0	946	947	40	2.54842
MGG_15759T0	1986	1987	1697	51.5282
MGG_14864T0	1107	1108	29	1.57914
MGG_02294T0	1620	1621	8	0.297761
MGG_04655T0	2172	2173	767	21.2959
MGG_04618T0	2204	2205	2147.04	58.7478
MGG_14696T0	342	343	282	49.604
MGG_03480T0	3059	3060	3160	62.3056
MGG_03326T0	405	406	1043	154.996
MGG_08693T0	3423	3424	4977	87.6991
MGG_16532T0	1251	1252	0	0
MGG_13517T0	3819	3820	17	0.268502
MGG_04427T0	4331	4332	4321	60.1807
MGG_06934T0	4122	4123	8217	120.243
MGG_03272T0	612	613	47	4.62593
MGG_15702T0	1717	1718	21	0.737492
MGG_15762T0	339	340	58	10.2923
MGG_11374T0	2046	2047	370.368	10.9164
MGG_05871T0	1896	1897	12321	391.868
MGG_17905T0	979	980	17	1.04661
MGG_16392T0	2105	2106	497	14.2383
MGG_15499T0	153	154	8	3.13423
MGG_05897T0	1097	1098	366.422	20.1345
MGG_06563T0	3293	3294	2597	47.5674
MGG_08120T0	1989	1990	357	10.8237
MGG_04884T0	1872	1873	1292	41.6185
MGG_06896T0	6168	6169	1168	11.4232
MGG_09738T0	1860	1861	231	7.48905
MGG_07225T0	990	991	1298	79.0246
MGG_01092T0	1458	1459	2346	97.0139
MGG_17566T0	381	382	0	0
MGG_01606T0	2557	2558	6958.5	164.126
MGG_07198T0	3424	3425	760	13.388
MGG_05645T0	1067	1068	12.1299	0.685249
MGG_10215T0	1673	1674	917	33.0503
MGG_16873T0	417	418	0	0
MGG_03291T0	2769	2770	514	11.1955
MGG_01712T0	1601	1602	4665.02	175.692
MGG_09802T0	2669	2670	26	0.587521
MGG_05065T0	4960	4961	2033.94	24.7361
MGG_04216T0	1979	1980	87.6283	2.67018
MGG_00663T0	1297	1298	163.522	7.60087
MGG_05439T0	2080	2081	814	23.6001
MGG_07347T0	3031	3032	174	3.46243
MGG_00398T0	2671	2672	2.07304	0.0468093
MGG_18111T0	258	259	19	4.42604
MGG_18108T0	525	526	1	0.114703
MGG_07126T0	2552	2553	500	11.8163
MGG_17230T0	327	328	0	0
MGG_18031T0	456	457	4	0.528087
MGG_05970T0	1049	1050	1333.85	76.6444
MGG_03613T0	1519	1520	1299	51.5617
MGG_03526T0	1317	1318	218.579	10.0059
MGG_07539T0	4151	4152	6532	94.9184
MGG_07788T0	1182	1183	52	2.65204
MGG_17528T0	3624	3625	515.444	8.57896
MGG_12426T0	351	352	13	2.22824
MGG_07549T0	2392	2393	44	1.10936
MGG_05582T0	801	802	15	1.12844
MGG_05263T0	1326	1327	1500	68.1996
MGG_09710T0	1519	1520	37171	1475.44
MGG_17713T0	2118	2119	233	6.63417
MGG_13429T0	2914	2915	502	10.3903
MGG_16640T0	398	399	8	1.2097
MGG_05084T0	1508	1509	13	0.519775
MGG_09575T0	1605	1606	176	6.61193
MGG_17621T0	303	304	0	0
MGG_13179T0	1437	1438	237	9.94376
MGG_16724T0	896	897	4	0.269047
MGG_13484T0	1274	1275	623	29.4808
MGG_02384T0	2052	2053	1782	52.3697
MGG_10551T0	507	508	0	0
MGG_10568T0	1621	1622	7917	294.49
MGG_07447T0	3476	3477	3955	68.6283
MGG_14605T0	360	361	8	1.33704
MGG_17151T0	162	163	0	0
MGG_03083T0	1474	1475	3	0.122713
MGG_00075T0	1989	1990	2571	77.949
MGG_07242T0	2607	2608	1527	35.3259
MGG_14700T0	162	163	95	35.1639
MGG_08182T0	2018	2019	2163	64.6371
MGG_15231T0	258	259	107	24.9256
MGG_02943T0	1011	1012	76	4.531
MGG_16820T0	567	568	0	0
MGG_04466T0	4529	4530	292.334	3.89352
MGG_05100T0	534	535	6.31314	0.711955
MGG_04675T0	4885	4886	3203	39.5517
MGG_02329T0	2179	2180	102	2.82296
MGG_16908T0	969	970	3041.44	189.177
MGG_06494T0	2599	2600	4233	98.2282
MGG_17400T0	5288	5289	52	0.593186
MGG_07504T0	806	807	2087	156.031
MGG_05223T0	1908	1909	1504.59	47.5526
MGG_06072T0	1746	1747	2963	102.329
MGG_11934T0	1723	1724	436	15.2585
MGG_09110T0	2425	2426	650	16.1653
MGG_15650T0	170	171	11	3.88113
MGG_04519T0	3032	3033	5324	105.908
MGG_10598T0	3500	3501	54	0.9306
MGG_15043T0	3020	3021	196	3.91441
MGG_04434T0	1335	1336	1218	55.005
MGG_00495T0	1981	1982	23	0.700141
MGG_01852T0	2682	2683	1386	31.1676
MGG_16224T0	274	275	46	10.0922
MGG_17200T0	645	646	732	68.366
MGG_16361T0	3815	3816	5386	85.1568
MGG_05174T0	1622	1623	2395	89.0325
MGG_16386T0	444	445	0	0
MGG_08202T0	2681	2682	668	15.0272
MGG_09148T0	1023	1024	0	0
MGG_15408T0	2227	2228	77	2.08515
MGG_00407T0	1916	1917	1717	54.0393
MGG_10953T0	1380	1381	0	0
MGG_03817T0	1771	1772	584	19.8843
MGG_02077T0	405	406	22	3.26932
MGG_01903T0	1208	1209	6	0.299424
MGG_17033T0	294	295	0	0
MGG_07153T0	1318	1319	1464	66.9665
MGG_00585T0	354	355	0	0
MGG_15706T0	443	444	35.6395	4.84295
MGG_16541T0	201	202	13	3.88287
MGG_16523T0	282	283	174	37.0958
MGG_07651T0	342	343	10	1.75901
MGG_11548T0	2700	2701	412	9.2031
MGG_10736T0	1420	1421	385	16.3466
MGG_02557T0	1076	1077	1	0.0560203
MGG_00969T0	1752	1753	1183	40.7159
MGG_15205T0	1033	1034	24	1.4004
MGG_10832T0	948	949	5084	323.222
MGG_03337T0	2736	2737	103	2.27051
MGG_08077T0	2146	2147	675	18.9685
MGG_03167T0	1219	1220	10	0.49454
MGG_10533T0	1594	1595	405	15.3199
MGG_18102T0	162	163	0	0
MGG_02523T0	2133	2134	406	11.4787
MGG_12476T0	1419	1420	2151	91.3931
MGG_10705T0	1995	1996	2870	86.7526
MGG_16159T0	1290	1291	0	0
MGG_13867T0	813	814	0	0
MGG_06786T0	1844	1845	1570	51.341
MGG_17111T0	1457	1458	183	7.57277
MGG_15383T0	1947	1948	26.5897	0.823543
MGG_02489T0	1968	1969	1558	47.74
MGG_12865T0	2794	2795	12364	266.894
MGG_05636T0	1462	1463	325.1	13.4071
MGG_15435T0	1533	1534	0	0
MGG_11079T0	2469	2470	5331	130.219
MGG_01067T0	1522	1523	676	26.7799
MGG_15606T0	1921	1922	804	25.2385
MGG_00050T0	4599	4600	808	10.5978
MGG_02373T0	993	994	248	15.0531
MGG_07266T0	1523	1524	837	33.1361
MGG_02129T0	2661	2662	9996	226.558
MGG_06333T0	701	702	4568	392.6
MGG_17073T0	1863	1864	160	5.17888
MGG_17451T0	198	199	0	0
MGG_04683T0	1933	1934	88	2.74529
MGG_15581T0	201	202	0	0
MGG_09513T0	2095	2096	388	11.1687
MGG_16449T0	282	283	8	1.70555
MGG_14692T0	1638	1639	1414	52.0513
MGG_15395T0	372	373	0	0
MGG_11613T0	1887	1888	42	1.34217
MGG_05324T0	1761	1762	798.881	27.355
MGG_17791T0	354	355	212	36.0304
MGG_07644T0	1659	1660	368	13.3752
MGG_11620T0	219	220	12	3.29094
MGG_01315T0	1812	1813	422.687	14.0664
MGG_16828T0	1391	1392	76	3.29409
MGG_07079T0	1762	1763	335.538	11.4829
MGG_16737T0	564	565	2	0.213571
MGG_03859T0	3255	3256	1780	32.9835
MGG_10783T0	1048	1049	2	0.115031
MGG_08645T0	3918	3919	1656	25.4945
MGG_10750T0	2969	2970	329	6.68345
MGG_09284T0	1497	1498	44.7961	1.80422
MGG_05964T0	1070	1071	376.193	21.1925
MGG_17669T0	3119	3120	4182	80.8706
MGG_16317T0	556	557	27	2.92462
MGG_14613T0	1996	1997	0	0
MGG_03293T0	1080	1081	642	35.832
MGG_10207T0	1490	1491	0	0
MGG_04353T0	483	484	16	1.99451
MGG_08212T0	2770	2771	1023	22.2741
MGG_00201T0	2850	2851	1435	30.368
MGG_10180T0	3214	3215	1725	32.372
MGG_06310T0	603	604	2193.14	219.074
MGG_07857T0	1125	1126	6	0.321495
MGG_05274T0	1598	1599	881.397	33.2571
MGG_08845T0	3418	3419	1270	22.4112
MGG_16794T0	177	178	3	1.01686
MGG_04685T0	5534	5535	13564	147.853
MGG_04574T0	1110	1111	1180	64.081
MGG_13426T0	2325	2326	376	9.75303
MGG_07522T0	1888	1889	134	4.27991
MGG_15905T0	366	367	42	6.9047
MGG_00650T0	1195	1196	559	28.1995
MGG_08976T0	1011	1012	1418	84.539
MGG_07765T0	3343	3344	591	10.6631
MGG_16134T0	1274	1275	195	9.22754
MGG_14663T0	1710	1711	461	16.2559
MGG_11498T0	2525	2526	158	3.77385
MGG_07706T0	2614	2615	485	11.19
MGG_10740T0	1169	1170	1337.73	68.9834
MGG_04696T0	1036	1037	16883	982.273
MGG_00913T0	2177	2178	1858	51.4694
MGG_09630T0	1816	1817	123	4.08424
MGG_07227T0	1582	1583	41	1.56266
MGG_16535T0	886	887	5861.15	398.676
MGG_06599T0	3268	3269	3552.77	65.5712
MGG_07622T0	303	304	0	0
MGG_09356T0	369	370	0	0
MGG_06604T0	1419	1420	1247	52.9834
MGG_16593T0	171	172	2	0.701557
MGG_06228T0	1065	1066	0	0
MGG_09991T0	1876	1877	2429	78.0773
MGG_00901T0	1950	1951	1845	57.0559
MGG_17194T0	547	548	235	25.8731
MGG_14630T0	294	295	15	3.06783
MGG_11902T0	3407	3408	1913.08	33.8685
MGG_03895T0	1181	1182	1756.59	89.6632
MGG_16453T0	150	151	1	0.399562
MGG_17096T0	240	241	10	2.50348
MGG_12301T0	2260	2261	11537	307.86
MGG_00117T0	2716	2717	713	15.8329
MGG_15431T0	1374	1375	2885	126.591
MGG_04527T0	1916	1917	1208	38.0195
MGG_06872T0	3225	3226	555.085	10.3814
MGG_17967T0	537	538	15	1.68217
MGG_03528T0	906	907	881	58.6044
MGG_16207T0	257	258	3	0.701557
MGG_04005T0	1152	1153	1015	53.1127
MGG_08191T0	692	693	35	3.04717
MGG_16769T0	275	276	1	0.218601
MGG_01961T0	1532	1533	7	0.275497
MGG_09243T0	1434	1435	426	17.911
MGG_03096T0	1238	1239	77	3.74956
MGG_13944T0	738	739	2262	184.676
MGG_05467T0	2344	2345	6298	162.04
MGG_06328T0	3880	3881	2948	45.8295
MGG_03437T0	1924	1925	447	14.01
MGG_13005T0	2375	2376	885.265	22.4796
MGG_01579T0	1487	1488	26435	1071.86
MGG_07007T0	1595	1596	2435.3	92.0621
MGG_03065T0	983	984	2878	176.464
MGG_06928T0	2953	2954	1798.21	36.7276
MGG_15883T0	201	202	2	0.597365
MGG_12463T0	4768	4769	1088	13.7646
MGG_16431T0	429	430	7	0.98218
MGG_09960T0	3938	3939	1422	21.7809
MGG_10662T0	3317	3318	2350	42.732
MGG_13176T0	5891	5892	1408.6	14.424
MGG_17418T0	276	277	2	0.435624
MGG_14523T0	708	709	50	4.25486
MGG_14884T0	1557	1558	161	6.23476
MGG_01004T0	2312	2313	3015	78.6454
MGG_09154T0	1182	1183	142	7.24211
MGG_17020T0	1068	1069	0	0
MGG_07968T0	1801	1802	131	4.38609
MGG_15351T0	1117	1118	24	1.29518
MGG_03985T0	3885	3886	2080	32.294
MGG_08683T0	2109	2110	516	14.7546
MGG_10331T0	618	619	1	0.0974699
MGG_00249T0	4311	4312	4561	63.8179
MGG_00309T0	2012	2013	1146	34.3481
MGG_10493T0	2976	2977	1565	31.7173
MGG_02792T0	2091	2092	6993	201.68
MGG_06971T0	3756	3757	17163	275.622
MGG_06760T0	3539	3540	3580	61.0156
MGG_08195T0	1938	1939	998	31.0538
MGG_04412T0	1573	1574	1954	74.8999
MGG_13032T0	1622	1623	439	16.3195
MGG_01473T0	1957	1958	8924	274.985
MGG_07178T0	3379	3380	2486	44.3758
MGG_05811T0	3644	3645	2449	40.5371
MGG_09870T0	1284	1285	24	1.12686
MGG_05051T0	1303	1304	362	16.7491
MGG_04689T0	1870	1871	9575	308.764
MGG_00971T0	1575	1576	1834.07	70.2137
MGG_01863T0	1986	1987	638	19.3724
MGG_09517T0	3059	3060	4040	79.6565
MGG_17355T0	372	373	0	0
MGG_15135T0	843	844	4	0.285943
MGG_15865T0	2194	2195	2185	60.059
MGG_10897T0	1974	1975	0	0
MGG_03070T0	1981	1982	4142	126.086
MGG_14978T0	774	775	2	0.1557
MGG_08990T0	882	883	3	0.204985
MGG_05519T0	1664	1665	51	1.84807
MGG_13385T0	3328	3329	1738	31.499
MGG_00475T0	3843	3844	1076	16.8885
MGG_09928T0	3607	3608	2578	43.11
MGG_00956T0	1536	1537	338.411	13.2841
MGG_12442T0	1691	1692	30	1.06975
MGG_14841T0	342	343	23	4.04571
MGG_16376T0	165	166	0	0
MGG_08356T0	1455	1456	12	0.497257
MGG_06514T0	2708	2709	7725	172.048
MGG_17811T0	744	745	3585	290.332
MGG_01078T0	1442	1443	507	21.1984
MGG_06420T0	3223	3224	2667.07	49.9115
MGG_09952T0	822	823	5982	438.539
MGG_17542T0	3201	3202	326	6.14268
MGG_08315T0	2249	2250	25	0.670377
MGG_05193T0	3794	3795	7949	126.375
MGG_05515T0	1295	1296	3	0.139662
MGG_03929T0	2143	2144	1052	29.6041
MGG_04272T0	652	653	0	0
MGG_02420T0	1524	1525	192	7.59614
MGG_04563T0	1241	1242	17	0.825826
MGG_05321T0	1241	1242	1208	58.6822
MGG_04429T0	4163	4164	662	9.59199
MGG_00179T0	4171	4172	11772	170.242
MGG_01083T0	2371	2372	669	17.0166
MGG_14745T0	1174	1175	13	0.667524
MGG_16217T0	295	296	4	0.815323
MGG_07753T0	994	995	6177	374.555
MGG_15812T0	174	175	0	0
MGG_14989T0	1144	1145	5	0.263467
MGG_14878T0	930	931	680	44.0677
MGG_01407T0	1944	1945	1463	45.3823
MGG_02059T0	10815	10816	10	0.0557821
MGG_14113T0	685	686	645	56.7279
MGG_03020T0	1413	1414	10	0.42669
MGG_01748T0	3898	3899	600.742	9.296
MGG_16761T0	844	845	500	35.7005
MGG_03148T0	3141	3142	1063	20.4121
MGG_11284T0	198	199	10	3.03185
MGG_06101T0	3677	3678	2301	37.7456
MGG_12552T0	276	277	0	0
MGG_05135T0	3028	3029	793	15.7956
MGG_00278T0	285	286	0	0
MGG_02918T0	428	429	0	0
MGG_11240T0	2431	2432	1021	25.3293
MGG_16770T0	3124	3125	127.179	2.45543
MGG_10791T0	1155	1156	505	26.3569
MGG_16473T0	858	859	0	0
MGG_02012T0	720	721	0	0
MGG_09138T0	1149	1150	467	24.5008
MGG_02460T0	1817	1818	460	15.266
MGG_10710T0	2198	2199	3769	103.41
MGG_02630T0	3730	3731	2899	46.8796
MGG_16169T0	168	169	0	0
MGG_07291T0	6347	6348	4785	45.4785
MGG_10471T0	1148	1149	4	0.21004
MGG_14746T0	4982	4983	3666	44.3877
MGG_14959T0	831	832	79	5.72882
MGG_05326T0	2115	2116	3136	89.4173
MGG_04163T0	5326	5327	1512.32	17.1286
MGG_06242T0	2305	2306	458	11.9831
MGG_03578T0	886	887	16127	1096.96
MGG_16463T0	1016	1017	173	10.2633
MGG_18037T0	666	667	0	0
MGG_05013T0	1110	1111	647	35.1359
MGG_04106T0	1632	1633	847	31.2938
MGG_01081T0	1508	1509	1976.09	79.0095
MGG_09273T0	3951	3952	1377	21.0222
MGG_02933T0	2113	2114	332	9.47533
MGG_05410T0	417	418	0	0
MGG_09433T0	1938	1939	282	8.77471
MGG_01831T0	1759	1760	200	6.85612
MGG_17543T0	363	364	6	0.994515
MGG_02666T0	764	765	0	0
MGG_11894T0	696	697	103	8.91591
MGG_18029T0	330	331	0	0
MGG_01972T0	1414	1415	447.511	19.0813
MGG_15626T0	204	205	1	0.294312
MGG_12655T0	276	277	311	67.7395
MGG_04030T0	2815	2816	6114	130.995
MGG_18079T0	518	519	5	0.581251
MGG_15546T0	234	235	6	1.54044
MGG_11545T0	1710	1711	131	4.61937
MGG_02562T0	1412	1413	21	0.896682
MGG_12973T0	2273	2274	11436	303.421
MGG_08424T0	696	697	7.44289	0.644273
MGG_10222T0	255	256	0	0
MGG_12020T0	1602	1603	1513	56.9465
MGG_07263T0	1794	1795	79	2.65536
MGG_07668T0	834	835	0	0
MGG_15319T0	255	256	39	9.19149
MGG_11229T0	2190	2191	1559	42.9304
MGG_14157T0	1918	1919	800	25.1522
MGG_17279T0	255	256	10	2.35679
MGG_01293T0	932	933	177	11.446
MGG_15972T0	342	343	0	0
MGG_03897T0	2818	2819	144	3.08197
MGG_13977T0	2892	2893	96	2.00209
MGG_05404T0	1299	1300	0	0
MGG_10914T0	309	310	0	0
MGG_12923T0	4096	4097	3172	46.712
MGG_02376T0	3982	3983	5930	89.8268
MGG_16266T0	1127	1128	100	5.34875
MGG_15656T0	649	650	155	14.3873
MGG_03369T0	1108	1109	96.0564	5.22584
MGG_17692T0	761	762	5	0.395892
MGG_11308T0	1706	1707	120	4.2414
MGG_04778T0	1467	1468	112	4.60313
MGG_15845T0	322	323	8	1.49434
MGG_02448T0	1239	1240	601	29.2425
MGG_10615T0	993	994	0	0
MGG_05126T0	1376	1377	26	1.1392
MGG_07837T0	1833	1834	0	0
MGG_04524T0	2787	2788	192.725	4.17068
MGG_03821T0	1656	1657	0	0
MGG_03499T0	729	730	3542	292.743
MGG_06414T0	2034	2035	450	13.3416
MGG_05071T0	2881	2882	777.449	16.2757
MGG_01638T0	4081	4082	5121	75.6908
MGG_17877T0	5118	5119	2681	31.599
MGG_08436T0	3271	3272	30	0.553184
MGG_00366T0	1398	1399	534	23.0295
MGG_15075T0	1243	1244	583	28.2755
MGG_04023T0	1091	1092	906	50.0572
MGG_06049T0	1268	1269	807	38.3684
MGG_16420T0	393	394	18	2.75637
MGG_16004T0	420	421	0	0
MGG_00890T0	3104	3105	934	18.1487
MGG_01277T0	1462	1463	480	19.7951
MGG_15928T0	1362	1363	1413	62.5472
MGG_05907T0	498	499	6134	741.66
MGG_16229T0	162	163	127	47.0086
MGG_07494T0	2631	2632	507	11.6221
MGG_01707T0	1235	1236	1099.13	53.6528
MGG_08095T0	2413	2414	768.426	19.2055
MGG_01049T0	1889	1890	987	31.5077
MGG_10542T0	429	430	13	1.82405
MGG_17135T0	1358	1359	471	20.9104
MGG_02073T0	483	484	0	0
MGG_06726T0	2103	2104	12409	355.838
MGG_09795T0	636	637	4281	405.478
MGG_17850T0	270	271	35	7.7922
MGG_15907T0	552	553	7	0.76372
MGG_06205T0	3879	3880	735	11.4292
MGG_09250T0	1932	1933	1158	36.1442
MGG_16803T0	177	178	47	15.9309
MGG_15790T0	1491	1492	20.7986	0.841061
MGG_17351T0	165	166	4	1.45383
MGG_06359T0	953	954	691	43.701
MGG_08896T0	1569	1570	3601	138.384
MGG_10777T0	318	319	1	0.189134
MGG_05623T0	1704	1705	495.566	17.5363
MGG_07587T0	996	997	0	0
MGG_15144T0	606	607	45	4.47286
MGG_12222T0	1652	1653	107	3.90546
MGG_13772T0	2157	2158	481.707	13.4677
MGG_02483T0	1997	1998	432.248	13.0527
MGG_12919T0	1460	1461	528	21.8044
MGG_17098T0	4070	4071	384	5.69104
MGG_05146T0	1296	1297	1018	47.3554
MGG_07166T0	1099	1100	155	8.50159
MGG_15757T0	1267	1268	12.5832	0.598731
MGG_14290T0	264	265	6	1.36605
MGG_03255T0	4166	4167	1951	28.2485
MGG_16536T0	210	211	0	0
MGG_09079T0	1124	1125	2241	120.185
MGG_07614T0	2806	2807	2639	56.7229
MGG_06143T0	5045	5046	2657	31.7692
MGG_00832T0	3522	3523	828	14.1801
MGG_03135T0	844	845	8443	602.839
MGG_12037T0	2770	2771	131	2.85231
MGG_03663T0	1004	1005	7471	448.512
MGG_18100T0	369	370	0	0
MGG_11450T0	1332	1333	783	35.4399
MGG_04546T0	312	313	0	0
MGG_11676T0	2166	2167	170	4.73316
MGG_07831T0	1029	1030	1191	69.7647
MGG_06047T0	2257	2258	2870	76.6866
MGG_05933T0	4015	4016	2643	39.7068
MGG_04059T0	2009	2010	711.818	21.3665
MGG_17872T0	1701	1702	10	0.354488
MGG_17591T0	174	175	0	0
MGG_16632T0	822	823	3	0.219929
MGG_16036T0	334	335	7	1.26071
MGG_06764T0	2350	2351	1172.94	30.1013
MGG_14134T0	2011	2012	34	1.01956
MGG_04841T0	1539	1540	107	4.19203
MGG_07925T0	2446	2447	2116	52.1727
MGG_02732T0	2525	2526	1034.85	24.7176
MGG_08328T0	1654	1655	118	4.30175
MGG_15430T0	1296	1297	0	0
MGG_05663T0	2452	2453	13005	319.87
MGG_17425T0	362	363	46	7.64562
MGG_06344T0	1416	1417	209	8.89893
MGG_01992T0	453	454	0	0
MGG_05855T0	2366	2367	341	8.69196
MGG_16847T0	1726	1727	26.1942	0.915113
MGG_04749T0	1221	1222	3431	169.399
MGG_05489T0	2373	2374	0	0
MGG_17068T0	303	304	19	3.77087
MGG_13527T0	2954	2955	475	9.69834
MGG_01548T0	3642	3643	663.796	10.9935
MGG_06369T0	2155	2156	1225	34.2806
MGG_10316T0	1689	1690	0	0
MGG_03727T0	1048	1049	7262.19	417.689
MGG_06180T0	1873	1874	1526	49.1299
MGG_01396T0	3334	3335	151	2.73176
MGG_05905T0	2762	2763	899	19.6309
MGG_07355T0	1032	1033	103.328	6.03504
MGG_16615T0	673	674	245.722	21.9961
MGG_04421T0	6669	6670	1717	15.5312
MGG_16109T0	267	268	8	1.80101
MGG_07161T0	2532	2533	2983	71.0525
MGG_16607T0	852	853	9242	653.7
MGG_05712T0	2580	2581	832	19.449
MGG_04437T0	2988	2989	412	8.31635
MGG_03631T0	2109	2110	752	21.5029
MGG_03282T0	1806	1807	211.387	7.05798
MGG_09542T0	924	925	696	45.3972
MGG_09958T0	753	754	10	0.800184
MGG_07492T0	879	880	12782	876.35
MGG_05090T0	2766	2767	112	2.44214
MGG_01390T0	2045	2046	540	15.9239
MGG_06331T0	2292	2293	3178	83.6202
MGG_13226T0	1283	1284	699	32.8453
MGG_13716T0	237	238	139	35.237
MGG_05538T0	489	490	13	1.6007
MGG_14217T0	1671	1672	9	0.324764
MGG_15314T0	332	333	8	1.44946
MGG_01648T0	1983	1984	530.068	16.1195
MGG_08861T0	1339	1340	640	28.8162
MGG_06611T0	726	727	16	1.32784
MGG_01814T0	2294	2295	1217	31.9941
MGG_05187T0	336	337	270	48.3387
MGG_09089T0	909	910	44	2.91724
MGG_11378T0	690	691	166	14.4941
MGG_14610T0	1260	1261	0	0
MGG_16121T0	349	350	13	2.24097
MGG_14670T0	497	498	23	2.78651
MGG_09247T0	3077	3078	317	6.21372
MGG_09930T0	4102	4103	629	9.24933
MGG_10681T0	3125	3126	1301	25.1102
MGG_15910T0	411	412	0	0
MGG_05080T0	1437	1438	966	40.5303
MGG_01805T0	3029	3030	1832.78	36.4947
MGG_03993T0	6906	6907	2773	24.2227
MGG_09750T0	1525	1526	1005	39.735
MGG_10581T0	2061	2062	54794	1603.27
MGG_13009T0	678	679	1829	162.519
MGG_01874T0	1861	1862	144	4.66599
MGG_05293T0	2030	2031	26	0.772369
MGG_15555T0	258	259	10	2.32949
MGG_15182T0	1590	1591	0	0
MGG_09082T0	5179	5180	2680	31.2152
MGG_04885T0	2237	2238	1934	52.1384
MGG_07633T0	837	838	2472.35	178.003
MGG_07758T0	201	202	8	2.38946
MGG_07762T0	474	475	802	101.869
MGG_02206T0	816	817	3	0.221544
MGG_00993T0	2154	2155	1395	39.056
MGG_06259T0	3077	3078	12505	245.119
MGG_03392T0	1527	1528	783	30.9172
MGG_15919T0	873	874	10.0817	0.695959
MGG_18051T0	258	259	34	7.92028
MGG_15658T0	210	211	9	2.57348
MGG_00277T0	1353	1354	1958	87.248
MGG_15997T0	1429	1430	0	0
MGG_11697T0	1771	1772	0	0
MGG_08107T0	1463	1464	662	27.2821
MGG_17733T0	1455	1456	392.908	16.2814
MGG_12722T0	2184	2185	81	2.23663
MGG_02164T0	579	580	0	0
MGG_01484T0	1251	1252	1152	55.5149
MGG_07779T0	2171	2172	1127	31.3058
MGG_17015T0	207	208	1	0.290067
MGG_02606T0	1292	1293	4939	230.463
MGG_17295T0	165	166	0	0
MGG_15639T0	276	277	51	11.1084
MGG_15776T0	401	402	118.29	17.7535
MGG_10337T0	1431	1432	24	1.01118
MGG_10812T0	1845	1846	3.26433	0.10669
MGG_16735T0	453	454	3	0.398682
MGG_10253T0	816	817	1881	138.908
MGG_03009T0	1158	1159	1795	93.4421
MGG_06935T0	1624	1625	2368	87.9204
MGG_07474T0	1086	1087	234	12.9882
MGG_08643T0	5382	5383	1283	14.3802
MGG_04587T0	3957	3958	923	14.0698
MGG_02442T0	4306	4307	2257.35	31.6218
MGG_05428T0	1818	1819	438	14.5279
MGG_17744T0	468	469	32	4.1166
MGG_01595T0	2309	2310	1908.6	49.8499
MGG_17551T0	486	487	0	0
MGG_16248T0	1164	1165	6215.95	321.916
MGG_04881T0	1767	1768	1411.43	48.1658
MGG_03581T0	2630	2631	659.249	15.1178
MGG_17930T0	848	849	9	0.639582
MGG_15033T0	588	589	10	1.02434
MGG_10360T0	1200	1201	687	34.5124
MGG_01849T0	4355	4356	1502	20.8038
MGG_14599T0	378	379	0	0
MGG_03212T0	1243	1244	74	3.58899
MGG_07525T0	2352	2353	1212	31.0772
MGG_01556T0	902	903	1814.32	121.224
MGG_15732T0	2551	2552	1606	37.9687
MGG_16482T0	695	696	264.748	22.9501
MGG_17672T0	318	319	56	10.5915
MGG_06988T0	810	811	9	0.66955
MGG_14752T0	3655	3656	1526	25.1831
MGG_14011T0	3491	3492	1336	23.0831
MGG_06289T0	1191	1192	2469	124.97
MGG_15801T0	381	382	0	0
MGG_05239T0	4335	4336	590.008	8.20975
MGG_03645T0	2266	2267	1449	38.5637
MGG_07206T0	2048	2049	12	0.353346
MGG_03242T0	5025	5026	2896	34.7646
MGG_02566T0	1854	1855	637	20.7184
MGG_06584T0	1128	1129	318	16.994
MGG_06640T0	3999	4000	1140.6	17.2043
MGG_09961T0	3551	3552	1339	22.7441
MGG_16648T0	1428	1429	1490	62.9094
MGG_13619T0	1453	1454	88	3.65157
MGG_10504T0	3120	3121	3785	73.1701
MGG_06014T0	1623	1624	378	14.0432
MGG_17213T0	561	562	1	0.107356
MGG_16638T0	417	418	45	6.49528
MGG_06600T0	2178	2179	4039.23	111.841
MGG_06405T0	1555	1556	638	24.7384
MGG_03901T0	2212	2213	1095.42	29.8648
MGG_06092T0	1959	1960	7492	230.623
MGG_04394T0	1152	1153	34	1.77914
MGG_00259T0	444	445	2704	366.613
MGG_17516T0	402	403	4	0.598848
MGG_11030T0	633	634	18	1.71295
MGG_07097T0	2287	2288	2809.38	74.0824
MGG_07964T0	969	970	641	39.8701
MGG_02823T0	8768	8769	2800.69	19.2697
MGG_16491T0	537	538	0	0
MGG_03285T0	2631	2632	1193.56	27.3602
MGG_16091T0	276	277	2	0.435624
MGG_08116T0	708	709	559.885	47.6446
MGG_01872T0	1388	1389	414	17.9829
MGG_10751T0	2316	2317	64	1.66654
MGG_17054T0	3685	3686	3399	55.6362
MGG_17715T0	339	340	9	1.59707
MGG_07891T0	1750	1751	8	0.275655
MGG_09721T0	2469	2470	48	1.17248
MGG_17053T0	1346	1347	656	29.3831
MGG_06628T0	3132	3133	1408	27.1146
MGG_10694T0	2822	2823	465	9.9381
MGG_11893T0	1596	1597	43	1.62452
MGG_01335T0	1119	1120	752	40.5099
MGG_06403T0	2482	2483	3135	76.1767
MGG_04031T0	3018	3019	398	7.95392
MGG_06169T0	1675	1676	746.821	26.8846
MGG_02222T0	813	814	2	0.148241
MGG_05554T0	1401	1402	2	0.0860683
MGG_05739T0	3444	3445	798.719	13.9883
MGG_10498T0	1428	1429	102	4.30655
MGG_16417T0	2087	2088	1951.78	56.3977
MGG_01069T0	1055	1056	418.082	23.8868
MGG_00538T0	2161	2162	2068	57.7107
MGG_00331T0	1360	1361	2346	104
MGG_02601T0	1772	1773	24	0.816702
MGG_01567T0	726	727	102	8.465
MGG_01334T0	405	406	383	56.916
MGG_00352T0	2173	2174	1279	35.4954
MGG_07192T0	3288	3289	2988	54.8123
MGG_17077T0	342	343	0	0
MGG_16796T0	345	346	343	59.8108
MGG_03670T0	2163	2164	46113	1285.66
MGG_06886T0	2796	2797	31	0.668699
MGG_12138T0	2047	2048	1408.18	41.4849
MGG_03324T0	1122	1123	1001	53.7794
MGG_00304T0	2430	2431	607	15.0649
MGG_06301T0	2917	2918	3366	69.5969
MGG_15436T0	1629	1630	900	33.3132
MGG_13324T0	4790	4791	767	9.65896
MGG_00145T0	3297	3298	913.263	16.7073
MGG_10105T0	999	1000	0	0
MGG_03248T0	3659	3660	1047	17.2595
MGG_02737T0	2316	2317	1095	28.5134
MGG_01349T0	1672	1673	688	24.8115
MGG_17500T0	306	307	0	0
MGG_16404T0	525	526	0	0
MGG_05682T0	1820	1821	1913.26	63.3907
MGG_17747T0	1814	1815	0	0
MGG_06209T0	1237	1238	3581.73	174.556
MGG_09176T0	642	643	2	0.187664
MGG_16842T0	609	610	4	0.395632
MGG_11919T0	2794	2795	1423	30.7174
MGG_11681T0	573	574	21	2.20734
MGG_02940T0	2313	2314	1450	37.8065
MGG_06487T0	1594	1595	1033	39.0752
MGG_06647T0	1236	1237	96	4.68234
MGG_01426T0	2832	2833	1472	31.3489
MGG_07661T0	4663	4664	2893.75	37.4337
MGG_04159T0	2735	2736	2822.66	62.2448
MGG_12818T0	1090	1091	2658	146.991
MGG_01289T0	1961	1962	581	17.8665
MGG_15438T0	1449	1450	2461	102.401
MGG_05331T0	2201	2202	1294.38	35.4654
MGG_17906T0	183	184	0	0
MGG_15077T0	588	589	236	24.1745
MGG_09545T0	2471	2472	692	16.8896
MGG_10526T0	5451	5452	1201	13.2907
MGG_03720T0	1559	1560	594	22.9733
MGG_10468T0	1494	1495	115	4.64107
MGG_17799T0	336	337	0	0
MGG_14215T0	2640	2641	0	0
MGG_17011T0	267	268	38	8.55481
MGG_14691T0	1256	1257	17	0.815972
MGG_03836T0	2032	2033	5140	152.541
MGG_09805T0	1509	1510	0	0
MGG_06316T0	1730	1731	4695	163.644
MGG_08746T0	3340	3341	1269	22.9164
MGG_15519T0	273	274	0	0
MGG_15834T0	1070	1071	6	0.338005
MGG_05779T0	198	199	0	0
MGG_09988T0	1683	1684	284	10.1751
MGG_01538T0	5037	5038	1769	21.1851
MGG_17698T0	4789	4790	950	11.966
MGG_14768T0	4204	4205	674	9.67064
MGG_01171T0	3307	3308	449	8.18921
MGG_13132T0	471	472	64	8.18087
MGG_03245T0	1835	1836	6805	223.623
MGG_08862T0	1251	1252	561.722	27.0694
MGG_16447T0	340	341	0	0
MGG_02891T0	2021	2022	1589	47.4137
MGG_05120T0	1452	1453	44	1.82704
MGG_05637T0	2804	2805	3659	78.7029
MGG_17256T0	411	412	1	0.146441
MGG_08572T0	1545	1546	3383	132.024
MGG_02604T0	1583	1584	327.485	12.4738
MGG_03367T0	4188	4189	231.054	3.32785
MGG_16448T0	204	205	0	0
MGG_14834T0	516	517	0	0
MGG_05009T0	3994	3995	819	12.3688
MGG_04979T0	2057	2058	1582	46.3791
MGG_12791T0	3001	3002	3247	65.2579
MGG_09177T0	1979	1980	36	1.09698
MGG_09440T0	1518	1519	2	0.079439
MGG_06999T0	1779	1780	443	15.0157
MGG_11156T0	519	520	169	19.6085
MGG_13875T0	1431	1432	91.8101	3.8682
MGG_09491T0	1018	1019	15	0.888134
MGG_02379T0	726	727	4	0.331961
MGG_17347T0	879	880	1702	116.691
MGG_05256T0	2940	2941	1540	31.5927
MGG_17471T0	4295	4296	2050	28.7906
MGG_00946T0	1960	1961	1334.21	41.0494
MGG_15951T0	1871	1872	1359	43.8001
MGG_06753T0	1045	1046	52	2.99939
MGG_03833T0	1210	1211	39	1.94304
MGG_02842T0	2356	2357	1318.53	33.7514
MGG_17149T0	703	704	0	0
MGG_01044T0	2471	2472	1026	25.0415
MGG_09100T0	645	646	680	63.5094
MGG_06185T0	527	528	7045.96	805.133
MGG_01781T0	4410	4411	6933	94.8299
MGG_15018T0	3121	3122	1206	23.3064
MGG_08360T0	699	700	25	2.15478
MGG_09681T0	1008	1009	318	19.015
MGG_03530T0	3376	3377	2865	51.1864
MGG_07558T0	878	879	0	0
MGG_17233T0	255	256	0	0
MGG_09488T0	1934	1935	792	24.6948
MGG_01594T0	2315	2316	1229.4	32.027
MGG_09478T0	561	562	17	1.82505
MGG_04726T0	3821	3822	22535	355.736
MGG_03165T0	2390	2391	4215	106.36
MGG_16766T0	722	723	29	2.42003
MGG_05748T0	1232	1233	994	48.639
MGG_07836T0	456	457	5	0.660108
MGG_07914T0	943	944	2301	147.064
MGG_09098T0	3153	3154	7	0.133905
MGG_16098T0	396	397	0	0
MGG_04024T0	4253	4254	598	8.48135
MGG_04511T0	1503	1504	8794	352.777
MGG_07971T0	4396	4397	2038	27.9646
MGG_11487T0	1198	1199	98	4.93138
MGG_00791T0	1077	1078	274	15.3353
MGG_12304T0	2598	2599	635.651	14.7562
MGG_17771T0	1359	1360	70	3.10542
MGG_03729T0	2395	2396	364	9.16592
MGG_09438T0	372	373	89	14.396
MGG_11658T0	1377	1378	2587	113.268
MGG_02955T0	1179	1180	1069	54.6584
MGG_02740T0	1699	1700	248	8.80165
MGG_04019T0	4625	4626	4178.86	54.5021
MGG_09469T0	1585	1586	86	3.27157
MGG_16878T0	402	403	118	17.666
MGG_00428T0	9097	9098	347.372	2.30362
MGG_02017T0	1125	1126	0	0
MGG_16781T0	258	259	0	0
MGG_00152T0	4431	4432	1628	22.1624
MGG_17958T0	1196	1197	411	20.7161
MGG_17557T0	1609	1610	427	16.0016
MGG_07017T0	507	508	12	1.42521
MGG_14853T0	1118	1119	1927.72	103.938
MGG_16647T0	385	386	40	6.25222
MGG_08477T0	900	901	0	0
MGG_17992T0	324	325	5	0.928214
MGG_11431T0	1077	1078	713	39.9054
MGG_15615T0	420	421	0	0
MGG_07311T0	1404	1405	308	13.2262
MGG_04398T0	1646	1647	200.56	7.34705
MGG_04517T0	3415	3416	1521.23	26.8681
MGG_15184T0	1602	1603	184	6.92541
MGG_08938T0	1565	1566	93	3.58305
MGG_14248T0	444	445	0	0
MGG_04186T0	5122	5123	5684.77	66.9499
MGG_03478T0	763	764	1546	122.089
MGG_01427T0	2501	2502	459.566	11.0821
MGG_14873T0	3093	3094	184	3.58805
MGG_02936T0	564	565	31	3.31036
MGG_02072T0	3396	3397	9917	176.135
MGG_15867T0	3955	3956	1438	21.9313
MGG_14587T0	2972	2973	1511	30.6641
MGG_06484T0	1701	1702	3049	108.083
MGG_16415T0	297	298	6	1.21478
MGG_12478T0	2034	2035	2	0.0592962
MGG_02904T0	3606	3607	247.078	4.13285
MGG_00776T0	1803	1804	1743	58.2938
MGG_07221T0	1213	1214	218	10.8343
MGG_11916T0	1931	1932	39781	1242.31
MGG_04532T0	1485	1486	0	0
MGG_18062T0	411	412	0	0
MGG_02217T0	1407	1408	1	0.0428508
MGG_17527T0	225	226	0	0
MGG_16550T0	660	661	616.587	56.28
MGG_15798T0	297	298	5	1.01231
MGG_06791T0	1815	1816	6	0.199341
MGG_10202T0	1954	1955	700	21.6029
MGG_03365T0	504	505	47	5.61523
MGG_06243T0	4067	4068	7616	112.955
MGG_04828T0	2812	2813	3115.41	66.8201
MGG_16865T0	258	259	27	6.28963
MGG_00872T0	894	895	2905.82	195.887
MGG_00047T0	491	492	2649	324.847
MGG_11278T0	2546	2547	2397	56.7807
MGG_07669T0	351	352	0	0
MGG_01702T0	3480	3481	3460.42	59.9771
MGG_08820T0	4280	4281	1692	23.8461
MGG_05225T0	3197	3198	500	9.43307
MGG_07550T0	1488	1489	232	9.40058
MGG_08804T0	2298	2299	927	24.3278
MGG_04980T0	788	789	1401.39	107.163
MGG_05396T0	468	469	0	0
MGG_16894T0	1830	1831	56.0191	1.8459
MGG_17204T0	383	384	11	1.72831
MGG_10024T0	1294	1295	130	6.05668
MGG_16561T0	879	880	0	0
MGG_02332T0	810	811	0	0
MGG_01393T0	3317	3318	103	1.87293
MGG_09519T0	1824	1825	2763	91.3439
MGG_17377T0	388	389	6	0.9306
MGG_06695T0	2113	2114	1569	44.7795
MGG_16215T0	192	193	0	0
MGG_03241T0	2776	2777	3064	66.5693
MGG_09224T0	2013	2014	22	0.659059
MGG_16664T0	369	370	0	0
MGG_06175T0	3107	3108	5737	111.369
MGG_03548T0	5789	5790	771	8.0341
MGG_01529T0	402	403	805	120.518
MGG_14949T0	645	646	297	27.7386
MGG_06609T0	1581	1582	5894	224.784
MGG_16147T0	1140	1141	167	8.83064
MGG_13203T0	2795	2796	294.675	6.35869
MGG_09350T0	2102	2103	2060	59.1003
MGG_17504T0	1296	1297	779	36.2376
MGG_17470T0	740	741	32	2.60551
MGG_02269T0	1625	1626	160	5.93691
MGG_18072T0	285	286	0	0
MGG_10723T0	207	208	447	129.66
MGG_08753T0	1249	1250	23	1.11014
MGG_12336T0	5524	5525	3002	32.7823
MGG_11410T0	2739	2740	1540	33.9103
MGG_03880T0	1741	1742	7854.42	272.037
MGG_12764T0	893	894	1226	82.7398
MGG_07214T0	1380	1381	5432	237.316
MGG_06519T0	2776	2777	1399	30.3951
MGG_15623T0	252	253	0	0
MGG_01397T0	1563	1564	69	2.66179
MGG_05010T0	1745	1746	42	1.45133
MGG_04304T0	1151	1152	11	0.576105
MGG_05963T0	1488	1489	474.807	19.239
MGG_17522T0	234	235	76	19.5122
MGG_04150T0	3204	3205	3020	56.8513
MGG_07296T0	2970	2971	801.901	16.2847
MGG_15823T0	426	427	0	0
MGG_05655T0	1074	1075	5	0.280623
MGG_13766T0	963	964	50	3.12935
MGG_01374T0	835	836	5	0.360849
MGG_03926T0	3049	3050	3890	76.9504
MGG_00411T0	3000	3001	280	5.62929
MGG_06096T0	2683	2684	1394.42	31.3452
MGG_08614T0	1825	1826	242	7.99606
MGG_08279T0	2585	2586	230	5.36612
MGG_02532T0	1275	1276	30	1.41851
MGG_14758T0	570	571	597	63.0811
MGG_12081T0	285	286	1219	257.157
MGG_13326T0	2781	2782	2733	59.2712
MGG_03161T0	3281	3282	550.299	10.1163
MGG_00311T0	1290	1291	1689.79	78.9709
MGG_07523T0	4947	4948	2148	26.1918
MGG_06241T0	1452	1453	3168	131.547
MGG_08582T0	3749	3750	3692	59.4007
MGG_01751T0	4219	4220	1953	27.9223
MGG_12527T0	1878	1879	146	4.688
MGG_04456T0	3775	3776	271	4.33011
MGG_10735T0	2301	2302	374	9.80229
MGG_05675T0	3977	3978	4200	63.7009
MGG_06001T0	2336	2337	1951	50.3686
MGG_07386T0	2957	2958	3342	68.1663
MGG_14677T0	1785	1786	1115	37.6665
MGG_10185T0	921	922	5486.84	359.048
MGG_17884T0	1065	1066	2449	138.609
MGG_11206T0	560	561	1117	120.13
MGG_07215T0	3273	3274	743	13.6921
MGG_15858T0	168	169	5	1.78503
MGG_04613T0	1239	1240	312.384	15.1995
MGG_11279T0	2543	2544	2088	49.5193
MGG_15310T0	927	928	0	0
MGG_17526T0	174	175	0	0
MGG_00811T0	2127	2128	380.061	10.7756
MGG_07642T0	1299	1300	0	0
MGG_04050T0	1754	1755	1016	34.9283
MGG_03637T0	5516	5517	1065	11.6468
MGG_10505T0	955	956	3	0.189332
MGG_00096T0	1773	1774	657.133	22.3492
MGG_09512T0	1555	1556	10453	405.315
MGG_03184T0	1860	1861	802	26.001
MGG_07791T0	666	667	905	81.8623
MGG_08199T0	4526	4527	3681	49.0588
MGG_13797T0	327	328	87	16.0032
MGG_09147T0	1047	1048	7	0.402994
MGG_09533T0	1746	1747	3240.65	111.918
MGG_03349T0	1849	1850	80	2.60903
MGG_07910T0	2085	2086	1887	54.5782
MGG_00793T0	345	346	3	0.523126
MGG_02374T0	2223	2224	272	7.37897
MGG_06120T0	8711	8712	504.251	3.49213
MGG_00860T0	815	816	1065	78.7446
MGG_11193T0	1690	1691	615	21.9428
MGG_16070T0	1035	1036	1	0.0582374
MGG_13927T0	1650	1651	0	0
MGG_16717T0	398	399	9	1.36091
MGG_09329T0	996	997	504	30.4998
MGG_08069T0	1390	1391	520.171	22.5621
MGG_17807T0	552	553	34	3.7095
MGG_05031T0	2545	2546	271	6.42203
MGG_09103T0	2031	2032	0	0
MGG_13604T0	454	455	14	1.85643
MGG_05297T0	753	754	235	18.8043
MGG_07938T0	975	976	52	3.21451
MGG_04045T0	3081	3082	1902	37.234
MGG_00535T0	3644	3645	317	5.24715
MGG_04821T0	2412	2413	7417	185.452
MGG_06621T0	705	706	3	0.256376
MGG_16364T0	537	538	748	83.8843
MGG_13186T0	2602	2603	2091	48.4665
MGG_02556T0	420	421	0	0
MGG_04496T0	985	986	207	12.6664
MGG_03110T0	1600	1601	3205	120.781
MGG_04308T0	162	163	0	0
MGG_15208T0	249	250	0	0
MGG_01014T0	3982	3983	1229	18.6167
MGG_15288T0	2424	2425	1510	37.5687
MGG_07444T0	2465	2466	144	3.52315
MGG_00053T0	2438	2439	673	16.6481
MGG_06373T0	1947	1948	737	22.8265
MGG_00809T0	3847	3848	452.522	7.09523
MGG_00241T0	6459	6460	0	0
MGG_03385T0	1107	1108	15	0.816795
MGG_04759T0	2847	2848	727	15.4012
MGG_02658T0	2289	2290	2122	55.9077
MGG_01169T0	2137	2138	1864	52.6017
MGG_14329T0	4196	4197	1014.81	14.5884
MGG_17076T0	399	400	12	1.81002
MGG_02113T0	600	601	758	76.095
MGG_16124T0	742	743	12	0.974437
MGG_12421T0	2496	2497	343	8.28776
MGG_08757T0	3609	3610	6184	103.353
MGG_00611T0	1439	1440	325	13.617
MGG_05687T0	4771	4772	1114.72	14.0938
MGG_03608T0	1803	1804	546.112	18.2644
MGG_12026T0	315	316	1	0.19093
MGG_16133T0	1769	1770	2652	90.3986
MGG_03671T0	1048	1049	1525	87.7113
MGG_08653T0	2004	2005	169	5.0855
MGG_01621T0	1054	1055	2012	115.063
MGG_17707T0	5061	5062	2592.28	30.8973
MGG_00725T0	2252	2253	11204	300.036
MGG_16866T0	1320	1321	4620	211.009
MGG_08405T0	1397	1398	59	2.54628
MGG_06761T0	2877	2878	1063	22.2845
MGG_09636T0	1407	1408	6	0.257105
MGG_09127T0	555	556	147	15.9516
MGG_03716T0	3823	3824	3215.72	50.7366
MGG_17635T0	546	547	0	0
MGG_15597T0	204	205	0	0
MGG_00226T0	2682	2683	257.032	5.78001
MGG_02202T0	639	640	0	0
MGG_05622T0	2292	2293	2866.43	75.4222
MGG_00891T0	2518	2519	499	11.9518
MGG_15821T0	168	169	16	5.71208
MGG_01121T0	1184	1185	2048	104.273
MGG_06570T0	3231	3232	1151	21.4865
MGG_02257T0	954	955	953	60.2075
MGG_16976T0	315	316	0	0
MGG_08345T0	4176	4177	3675	53.0829
MGG_12584T0	1359	1360	374	16.5918
MGG_06945T0	3682	3683	409	6.70013
MGG_15046T0	504	505	0	0
MGG_13670T0	366	367	7	1.15078
MGG_15793T0	459	460	0	0
MGG_00645T0	2411	2412	1012.6	25.3293
MGG_02712T0	2083	2084	796	23.045
MGG_04041T0	841	842	297	21.2817
MGG_15881T0	174	175	7	2.41336
MGG_00291T0	5598	5599	125	1.34698
MGG_03521T0	2784	2785	14436	312.74
MGG_01691T0	3550	3551	1298	22.0539
MGG_15229T0	1623	1624	783.4	29.1044
MGG_08179T0	2156	2157	1	0.0279712
MGG_15839T0	293	294	1	0.205217
MGG_17892T0	708	709	37	3.1486
MGG_10514T0	1963	1964	2937	90.2244
MGG_10680T0	1156	1157	6639	346.203
MGG_06125T0	1469	1470	1963.85	80.6031
MGG_14053T0	282	283	11	2.34513
MGG_17066T0	763	764	31	2.4481
MGG_04672T0	1932	1933	34316	1071.09
MGG_01245T0	2049	2050	2938	86.4688
MGG_02970T0	2250	2251	1465	39.2666
MGG_09945T0	2292	2293	38	0.999864
MGG_04986T0	1392	1393	5744	248.785
MGG_03435T0	3232	3233	3561.46	66.4635
MGG_00970T0	1414	1415	1229	52.4031
MGG_17518T0	314	315	15	2.87304
MGG_02875T0	6195	6196	2575	25.0742
MGG_17382T0	309	310	0	0
MGG_07615T0	729	730	25	2.06623
MGG_01964T0	474	475	3	0.381056
MGG_06729T0	2656	2657	1452.24	32.9768
MGG_03830T0	1506	1507	5	0.200179
MGG_03535T0	3030	3031	2060.43	41.014
MGG_02884T0	1784	1785	54497	1842.03
MGG_02715T0	1401	1402	1132	48.7147
MGG_02649T0	3140	3141	148	2.84286
MGG_15758T0	198	199	18	5.45734
MGG_15572T0	183	184	6	1.96741
MGG_10011T0	6924	6925	0	0
MGG_15564T0	782	783	27	2.08048
MGG_16259T0	2097	2098	4243	122.019
MGG_02101T0	1229	1230	289	14.176
MGG_00160T0	2406	2407	0	0
MGG_05161T0	2153	2154	1168	32.7159
MGG_00340T0	828	829	70	5.09454
MGG_14861T0	747	748	122.624	9.89089
MGG_02733T0	1728	1729	1110.15	38.7388
MGG_15270T0	441	442	3	0.409506
MGG_03701T0	2455	2456	1954	48.0018
MGG_02829T0	2870	2871	43738	919.151
MGG_08074T0	2212	2213	112	3.0535
MGG_16012T0	686	687	10	0.878223
MGG_03829T0	1100	1101	64	3.50715
MGG_06543T0	987	988	47	2.87013
MGG_09190T0	4506	4507	4799	64.2428
MGG_15429T0	2799	2800	1588	34.2179
MGG_14725T0	402	403	0	0
MGG_01590T0	2607	2608	1596.49	36.9334
MGG_09526T0	1337	1338	680	30.663
MGG_14194T0	516	517	0	0
MGG_12897T0	882	883	1097	74.9562
MGG_08093T0	4190	4191	2993	43.0874
MGG_09716T0	1945	1946	1848	57.2955
MGG_10328T0	1533	1534	449	17.6597
MGG_17409T0	162	163	0	0
MGG_06071T0	993	994	1307	79.3324
MGG_07223T0	1017	1018	1672	99.0946
MGG_12091T0	1161	1162	25	1.29806
MGG_15886T0	1488	1489	1112	45.058
MGG_04654T0	1332	1333	1088	49.2448
MGG_06835T0	669	670	3	0.270152
MGG_14775T0	4024	4025	2967	44.4747
MGG_00977T0	1384	1385	703	30.6244
MGG_01700T0	1875	1876	338	10.8704
MGG_06040T0	1647	1648	175.444	6.42308
MGG_02851T0	1863	1864	22140	716.627
MGG_02081T0	1904	1905	3	0.095014
MGG_17785T0	424	425	0	0
MGG_16268T0	288	289	0	0
MGG_02722T0	1804	1805	936	31.2867
MGG_17879T0	303	304	59056	11720.7
MGG_07457T0	3239	3240	2461.68	45.8403
MGG_17628T0	588	589	0	0
MGG_15014T0	504	505	23	2.74788
MGG_04545T0	1929	1930	964	30.1357
MGG_02121T0	1056	1057	0	0
MGG_05845T0	1869	1870	2457	79.2729
MGG_10547T0	2776	2777	202	4.38871
MGG_11724T0	2225	2226	451	12.224
MGG_11495T0	2147	2148	9	0.252796
MGG_03030T0	1859	1860	82	2.65988
MGG_11300T0	362	363	1	0.166209
MGG_05505T0	1847	1848	859	28.0448
MGG_17244T0	225	226	3	0.800892
MGG_16058T0	339	340	0	0
MGG_01816T0	5557	5558	3456	37.516
MGG_08761T0	2697	2698	19367	433.094
MGG_04743T0	2442	2443	839	20.7205
MGG_11025T0	4185	4186	61	0.879209
MGG_05631T0	2550	2551	1953	46.1906
MGG_08915T0	2337	2338	88	2.27091
MGG_13647T0	1761	1762	3440	117.791
MGG_12926T0	2636	2637	2256	51.6167
MGG_04230T0	1575	1576	211	8.0777
MGG_07516T0	2352	2353	1001	25.6669
MGG_11270T0	2362	2363	7980	203.751
MGG_10732T0	342	343	0	0
MGG_05597T0	1205	1206	306	15.3086
MGG_10006T0	885	886	289	19.68
MGG_16192T0	936	937	91.1504	5.86922
MGG_15956T0	207	208	0	0
MGG_01720T0	2727	2728	2395	52.9691
MGG_06059T0	2194	2195	394.864	10.8536
MGG_01143T0	1848	1849	1284	41.8976
MGG_05364T0	1125	1126	2631	140.976
MGG_17199T0	249	250	2	0.482671
MGG_05255T0	1888	1889	1110.74	35.4765
MGG_17461T0	153	154	2	0.783557
MGG_15578T0	297	298	0	0
MGG_17697T0	6245	6246	3432.93	33.1608
MGG_16174T0	177	178	0	0
MGG_12479T0	1605	1606	4	0.150271
MGG_04136T0	880	881	2308.89	158.121
MGG_05262T0	9702	9703	1447	8.99754
MGG_17995T0	342	343	100	17.5901
MGG_03412T0	1636	1637	31	1.14255
MGG_08836T0	678	679	155	13.7728
MGG_04961T0	3040	3041	4072	80.7891
MGG_04179T0	2957	2958	712	14.5226
MGG_01431T0	1379	1380	28.3362	1.23887
MGG_15495T0	950	951	199.269	12.6421
MGG_15011T0	2178	2179	5402	149.575
MGG_07768T0	5611	5612	8707	93.6078
MGG_16920T0	1205	1206	2384	119.267
MGG_14930T0	1428	1429	1116	47.1187
MGG_12758T0	2540	2541	1001	23.7679
MGG_05123T0	1620	1621	112	4.16866
MGG_14615T0	879	880	0	0
MGG_04771T0	2683	2684	864	19.4219
MGG_01600T0	1749	1750	502	17.3072
MGG_00648T0	1341	1342	272	12.2286
MGG_04140T0	2738	2739	1413.04	31.1259
MGG_08552T0	815	816	62	4.58419
MGG_06463T0	2429	2430	141	3.50086
MGG_07119T0	1269	1270	471	22.3758
MGG_09896T0	2660	2661	801	18.1614
MGG_07617T0	1431	1432	754.018	31.7688
MGG_15129T0	624	625	33	3.18563
MGG_10221T0	1068	1069	0	0
MGG_09362T0	324	325	1	0.185643
MGG_07469T0	1137	1138	322	17.0716
MGG_17113T0	1032	1033	258	15.0689
MGG_12323T0	247	248	3	0.729846
MGG_16726T0	1492	1493	168	6.78908
MGG_01640T0	273	274	103	22.6803
MGG_03991T0	3961	3962	668	10.1724
MGG_16101T0	228	229	4	1.05387
MGG_04188T0	3673	3674	5484	90.0575
MGG_09562T0	2829	2830	13185	281.096
MGG_05228T0	1802	1803	200	6.69261
MGG_05752T0	342	343	1742	306.419
MGG_08745T0	2419	2420	917	22.8621
MGG_02525T0	1748	1749	4361	150.438
MGG_01301T0	1815	1816	179	5.94701
MGG_16474T0	574	575	362.261	38.0115
MGG_05887T0	744	745	4	0.32394
MGG_07358T0	2697	2698	339	7.58087
MGG_01932T0	1311	1312	267	12.2783
MGG_03462T0	3402	3403	2170.45	38.4812
MGG_03051T0	3114	3115	1398	27.0776
MGG_09904T0	3317	3318	2470	44.914
MGG_06854T0	2594	2595	4704.99	109.391
MGG_01759T0	3158	3159	1003	19.1563
MGG_14945T0	6627	6628	0	0
MGG_13625T0	1098	1099	1	0.0548989
MGG_09607T0	1644	1645	11	0.403449
MGG_09413T0	3801	3802	1007.75	15.992
MGG_10876T0	2850	2851	79	1.67183
MGG_04589T0	6485	6486	2888.56	26.8699
MGG_16859T0	315	316	51	9.73743
MGG_08163T0	171	172	2684	941.489
MGG_16034T0	1357	1358	235	10.4407
MGG_15290T0	2393	2394	2243	56.5284
MGG_04147T0	489	490	1677	206.49
MGG_00039T0	2805	2806	497	10.6864
MGG_16957T0	216	217	0	0
MGG_18053T0	201	202	0	0
MGG_07920T0	1902	1903	0	0
MGG_10847T0	2013	2014	929	27.8303
MGG_01990T0	1504	1505	2368	94.9307
MGG_07915T0	1989	1990	2237	67.8226
MGG_15391T0	669	670	0	0
MGG_05190T0	4684	4685	4457	57.3977
MGG_06559T0	3097	3098	29448	573.503
MGG_16203T0	4266	4267	1320	18.6643
MGG_00637T0	1761	1762	0	0
MGG_06770T0	1383	1384	663	28.9027
MGG_05278T0	2238	2239	1806.53	48.6802
MGG_04719T0	1417	1418	6851	291.5
MGG_05180T0	1161	1162	473.752	24.5984
MGG_05514T0	1435	1436	197	8.277
MGG_15228T0	354	355	46	7.81791
MGG_00016T0	1461	1462	5	0.20634
MGG_15609T0	783	784	72	5.54087
MGG_08833T0	1974	1975	2662.58	81.3386
MGG_01838T0	2083	2084	368	10.654
MGG_15936T0	1381	1382	360	15.7165
MGG_13742T0	846	847	0	0
MGG_01481T0	1600	1601	585	22.0458
MGG_14859T0	1911	1912	749	23.635
MGG_11991T0	341	342	502	88.5603
MGG_16178T0	213	214	0	0
MGG_01839T0	2057	2058	117	3.43006
MGG_01073T0	3260	3261	3177	58.7798
MGG_13119T0	3214	3215	455	8.5387
MGG_02573T0	2297	2298	761	19.98
MGG_00514T0	3003	3004	17677	355.034
MGG_07551T0	1774	1775	2	0.0679819
MGG_04851T0	1179	1180	1	0.0511304
MGG_10618T0	1104	1105	33	1.80183
MGG_15797T0	279	280	0	0
MGG_11490T0	3810	3811	1308	20.7076
MGG_15234T0	4854	4855	68	0.845047
MGG_03600T0	1908	1909	4910	155.18
MGG_02840T0	2370	2371	39226	998.168
MGG_06104T0	3388	3389	1696	30.1937
MGG_16322T0	294	295	0	0
MGG_01782T0	3079	3080	2801	54.8686
MGG_07854T0	788	789	6	0.458813
MGG_07029T0	607	608	693	68.7687
MGG_10144T0	837	838	0	0
MGG_16181T0	3741	3742	298	4.80478
MGG_16836T0	883	884	203	13.855
MGG_13576T0	2760	2761	26	0.568157
MGG_03318T0	1175	1176	1100.02	56.4359
MGG_00813T0	1349	1350	283	12.6478
MGG_02058T0	1746	1747	0	0
MGG_00666T0	998	999	3857	232.941
MGG_15101T0	390	391	0	0
MGG_03575T0	372	373	183	29.6008
MGG_03556T0	1068	1069	1413	79.7491
MGG_03073T0	1078	1079	2405	134.479
MGG_04419T0	1620	1621	167	6.21577
MGG_14729T0	1202	1203	1067	53.5131
MGG_02616T0	2418	2419	1804	44.9948
MGG_14264T0	2038	2039	696	20.5946
MGG_06354T0	1269	1270	531.445	25.2473
MGG_06776T0	7462	7463	4062	32.8388
MGG_04736T0	912	913	12	0.792998
MGG_03738T0	2980	2981	1796	36.3501
MGG_09650T0	426	427	0	0
MGG_08971T0	787	788	0	0
MGG_17663T0	705	706	12.0657	1.03112
MGG_06314T0	4033	4034	650.093	9.72301
MGG_12691T0	432	433	33	4.5982
MGG_10358T0	2042	2043	1623	47.9305
MGG_04925T0	597	598	18.1175	1.82792
MGG_04915T0	1668	1669	150	5.42246
MGG_08885T0	1417	1418	987	41.9955
MGG_06365T0	1272	1273	263.701	12.4981
MGG_12560T0	1326	1327	494	22.4604
MGG_17359T0	453	454	3	0.398682
MGG_04668T0	1391	1392	269	11.6594
MGG_16043T0	648	649	87	8.0879
MGG_04229T0	1820	1821	398.679	13.2091
MGG_06041T0	3775	3776	86	1.37413
MGG_09959T0	1382	1383	558	24.343
MGG_00221T0	1115	1116	8249.82	446.007
MGG_06186T0	2108	2109	2354	67.3428
MGG_16572T0	1057	1058	11.6781	0.66596
MGG_11179T0	198	199	3	0.909556
MGG_09914T0	2001	2002	2413	72.7201
MGG_10298T0	1974	1975	51	1.55799
MGG_15165T0	665	666	168	15.2194
MGG_15884T0	1013	1014	0	0
MGG_15574T0	1126	1127	46	2.46261
MGG_07618T0	2169	2170	240	6.67287
MGG_18055T0	333	334	0	0
MGG_14352T0	564	565	1278	136.472
MGG_04548T0	2053	2054	1439	42.269
MGG_12094T0	2577	2578	962	22.514
MGG_08600T0	1046	1047	2704	155.819
MGG_10273T0	1200	1201	27	1.35638
MGG_15421T0	1332	1333	442	20.0057
MGG_05232T0	1131	1132	283	15.0835
MGG_18006T0	2286	2287	28	0.738675
MGG_17190T0	413	414	6	0.874404
MGG_07719T0	1247	1248	332	16.0504
MGG_15424T0	669	670	0	0
MGG_02410T0	1622	1623	6036	224.384
MGG_16511T0	312	313	1391	268.129
MGG_16265T0	159	160	13	4.90213
MGG_06720T0	2015	2016	3872	115.879
MGG_17139T0	399	400	6	0.905008
MGG_08381T0	1164	1165	925	47.9046
MGG_16578T0	183	184	0	0
MGG_05658T0	1543	1544	817	31.9254
MGG_04541T0	5681	5682	200	2.12369
MGG_02614T0	819	820	15	1.10367
MGG_02157T0	1627	1628	88	3.26129
MGG_09772T0	1826	1827	407.843	13.4684
MGG_06610T0	1674	1675	106	3.81815
MGG_02238T0	558	559	894	96.4911
MGG_10067T0	888	889	114	7.73686
MGG_10449T0	1918	1919	0	0
MGG_17696T0	3228	3229	128.304	2.39736
MGG_13915T0	2493	2494	2414	58.3986
MGG_07435T0	1552	1553	492.246	19.1237
MGG_17847T0	2279	2280	125.825	3.32961
MGG_10860T0	2077	2078	82	2.38084
MGG_03451T0	3666	3667	22002	362.003
MGG_07330T0	537	538	197	22.0925
MGG_16304T0	162	163	42	15.5462
MGG_03507T0	639	640	130	12.2553
MGG_18099T0	1294	1295	1566	72.9598
MGG_16220T0	2106	2107	666.749	19.0923
MGG_01982T0	3678	3679	1680	27.5512
MGG_05129T0	7269	7270	1826	15.154
MGG_01401T0	1308	1309	81	3.73342
MGG_07674T0	2246	2247	950	25.5083
MGG_14932T0	195	196	19	5.84869
MGG_16626T0	297	298	219	44.3393
MGG_13275T0	1401	1402	4662	200.625
MGG_04509T0	1275	1276	6.20754	0.293515
MGG_01933T0	1443	1444	115	4.80498
MGG_04371T0	2357	2358	957	24.4867
MGG_08781T0	567	568	542	57.5721
MGG_14860T0	2153	2154	220	6.16224
MGG_06626T0	2007	2008	1161	34.8843
MGG_08895T0	1720	1721	8196	287.331
MGG_16518T0	381	382	6	0.947653
MGG_10656T0	1137	1138	573	30.379
MGG_03550T0	1471	1472	956.395	39.2004
MGG_12936T0	1134	1135	502	26.6851
MGG_14702T0	1251	1252	231	11.1319
MGG_06913T0	1974	1975	2735	83.551
MGG_10941T0	3474	3475	187	3.24674
MGG_12633T0	2077	2078	329	9.55238
MGG_05678T0	3005	3006	930	18.6662
MGG_04442T0	2427	2428	709.625	17.6336
MGG_10196T0	4341	4342	1265	17.5777
MGG_16649T0	2943	2944	2089	42.8117
MGG_05679T0	441	442	1958	267.271
MGG_17947T0	234	235	110	28.2414
MGG_02913T0	4724	4725	3870	49.4163
MGG_02746T0	3025	3026	3720	74.1712
MGG_15914T0	744	745	27	2.1866
MGG_06553T0	1463	1464	232	9.56111
MGG_11252T0	2192	2193	959	26.384
MGG_03713T0	1533	1534	151	5.939
MGG_03228T0	3099	3100	907	17.6525
MGG_06108T0	1136	1137	4204.7	223.119
MGG_17653T0	315	316	0	0
MGG_02207T0	384	385	0	0
MGG_17048T0	216	217	5	1.39018
MGG_01475T0	1653	1654	13	0.474208
MGG_04888T0	2109	2110	292	8.34952
MGG_01170T0	534	535	3178	358.395
MGG_06077T0	1734	1735	1903	66.176
MGG_06280T0	1684	1685	388.469	13.9097
MGG_15665T0	207	208	32	9.28214
MGG_04327T0	5720	5721	594	6.26435
MGG_06335T0	3529	3530	1085	18.5446
MGG_01018T0	1743	1744	268	9.27149
MGG_16902T0	438	439	6	0.824609
MGG_01868T0	2730	2731	110	2.43015
MGG_04605T0	1982	1983	1029	31.3079
MGG_14592T0	441	442	40	5.46008
MGG_09619T0	1053	1054	12	0.686913
MGG_17948T0	318	319	16	3.02615
MGG_03971T0	1401	1402	3860	166.112
MGG_03295T0	2563	2564	460	10.8243
MGG_02880T0	4456	4457	14893	201.605
MGG_01916T0	1698	1699	360	12.7841
MGG_00111T0	5114	5115	350	4.12842
MGG_17329T0	543	544	77	8.53991
MGG_00518T0	1360	1361	1151	51.0245
MGG_06372T0	3407	3408	4497	79.6131
MGG_01516T0	3209	3210	10228	192.241
MGG_10407T0	1158	1159	0	0
MGG_16915T0	4590	4591	452	5.94008
MGG_03850T0	7355	7356	558	4.57671
MGG_02458T0	1085	1086	785	43.6115
MGG_14596T0	2304	2305	907	23.7409
MGG_01326T0	3274	3275	2672	49.2251
MGG_04481T0	1724	1725	115	4.02226
MGG_09010T0	2590	2591	7790	181.398
MGG_13236T0	210	211	1966	562.163
MGG_00850T0	5205	5206	1105.24	12.809
MGG_00283T0	848	849	51	3.6243
MGG_15340T0	1275	1276	54	2.55332
MGG_14042T0	4872	4873	41	0.507632
MGG_02424T0	1158	1159	179	9.31818
MGG_05633T0	1777	1778	102	3.46122
MGG_09255T0	6377	6378	3455	32.6832
MGG_06567T0	1895	1896	206	6.55527
MGG_15939T0	360	361	0	0
MGG_16817T0	246	247	2	0.488534
MGG_04864T0	1656	1657	1593	58.0036
MGG_16040T0	159	160	0	0
MGG_04474T0	2736	2737	702	15.4748
MGG_16149T0	1496	1497	35610	1435.2
MGG_08695T0	1611	1612	74	2.76967
MGG_04393T0	927	928	269	17.489
MGG_08111T0	1815	1816	510	16.944
MGG_17393T0	636	637	70	6.6301
MGG_06535T0	1373	1374	1774	77.8983
MGG_00838T0	693	694	137.797	11.9796
MGG_10844T0	969	970	3852	239.594
MGG_17605T0	477	478	0	0
MGG_04918T0	1042	1043	1448.91	83.8146
MGG_14784T0	2131	2132	63	1.78285
MGG_17608T0	345	346	9	1.56938
MGG_14956T0	2345	2346	69.9154	1.79807
MGG_11861T0	2362	2363	5373	137.187
MGG_07722T0	1656	1657	1468	53.4521
MGG_16739T0	1142	1143	19041	1005.09
MGG_01853T0	2643	2644	0	0
MGG_05857T0	2592	2593	1395	32.4588
MGG_04454T0	1161	1162	854.292	44.3569
MGG_07209T0	1224	1225	2065	101.706
MGG_02001T0	1834	1835	242	7.95684
MGG_04733T0	2172	2173	1	0.0277653
MGG_05991T0	4109	4110	3494	51.2912
MGG_08487T0	1687	1688	38.5241	1.37696
MGG_12793T0	804	805	35	2.62321
MGG_01543T0	2006	2007	62	1.86383
MGG_16974T0	114	115	0	0
MGG_15073T0	879	880	279	19.1286
MGG_14632T0	506	507	68	8.09212
MGG_14953T0	1962	1963	102	3.13503
MGG_12111T0	4346	4347	4463	61.9439
MGG_06721T0	961	962	8227	515.974
MGG_17144T0	258	259	9	2.09654
MGG_03205T0	2729	2730	503	11.1165
MGG_16539T0	807	808	28	2.09078
MGG_03417T0	1191	1192	34	1.72093
MGG_04161T0	1147	1148	110	5.78112
MGG_00450T0	2798	2799	19522	420.807
MGG_02627T0	2719	2720	878	19.4754
MGG_15602T0	249	250	9	2.17202
MGG_13376T0	1564	1565	2079	80.1496
MGG_00413T0	2613	2614	4913	113.397
MGG_07151T0	4060	4061	1895	28.1538
MGG_12116T0	1599	1600	562	21.1923
MGG_02446T0	1638	1639	2715	99.943
MGG_04324T0	3284	3285	1190	21.8561
MGG_17659T0	795	796	0	0
MGG_15084T0	580	581	1.30165	0.13517
MGG_02878T0	3743	3744	2356	37.9665
MGG_07431T0	3599	3600	6372	106.791
MGG_09197T0	2568	2569	136	3.19401
MGG_04819T0	3309	3310	1350	24.6075
MGG_00677T0	1322	1323	21	0.957681
MGG_08486T0	1997	1998	8	0.241577
MGG_14927T0	342	343	10	1.75901
MGG_14899T0	1482	1483	133.313	5.42366
MGG_13016T0	1488	1489	5	0.202599
MGG_06552T0	2199	2200	650.142	17.8298
MGG_06421T0	2572	2573	1459	34.2119
MGG_01055T0	1626	1627	897.645	33.2873
MGG_16890T0	324	325	11	2.04207
MGG_06469T0	4342	4343	3052	42.399
MGG_01054T0	3653	3654	1058.35	17.4753
MGG_06165T0	1658	1659	197	7.16442
MGG_14955T0	732	733	42566	3503.65
MGG_06713T0	1978	1979	438	13.3533
MGG_12617T0	5119	5120	597	7.03503
MGG_10241T0	1941	1942	9	0.279611
EFMOT00000000001	118	119	0	0
EFMOT00000000002	72	73	0	0
EFMOT00000000003	72	73	0	0
EFMOT00000000005	104	105	0	0
EFMOT00000000009	83	84	0	0
EFMOT00000000010	72	73	0	0
EFMOT00000000011	72	73	0	0
EFMOT00000000012	105	106	0	0
EFMOT00000000013	72	73	0	0
EFMOT00000000014	72	73	0	0
EFMOT00000000015	72	73	0	0
EFMOT00000000016	102	103	0	0
EFMOT00000000017	88	89	0	0
EFMOT00000000018	72	73	0	0
EFMOT00000000019	96	97	0	0
EFMOT00000000020	85	86	0	0
EFMOT00000000021	72	73	0	0
EFMOT00000000023	90	91	0	0
EFMOT00000000024	72	73	0	0
EFMOT00000000025	102	103	3.22594	1.88964
EFMOT00000000028	104	105	0	0
EFMOT00000000029	134	135	0	0
EFMOT00000000030	136	137	3	1.32118
EFMOT00000000032	72	73	0	0
EFMOT00000000033	72	73	4.33333	3.58146
EFMOT00000000036	89	90	0	0
EFMOT00000000037	83	84	0	0
EFMOT00000000039	93	94	0	0
EFMOT00000000041	88	89	0	0
EFMOT00000000042	72	73	0	0
EFMOT00000000044	84	85	0	0
EFMOT00000000045	72	73	0	0
EFMOT00000000046	139	140	1	0.430956
EFMOT00000000048	72	73	0	0
EFMOT00000000049	72	73	0	0
EFMOT00000000050	72	73	0	0
EFMOT00000000051	72	73	0.666667	0.550994
EFMOT00000000053	83	84	0	0
EFMOT00000000054	101	102	43	25.4349
EFMOT00000000055	72	73	0	0
EFMOT00000000059	72	73	0	0
EFMOT00000000060	72	73	0	0
EFMOT00000000062	73	74	0	0
EFMOT00000000063	72	73	0	0
EFMOT00000000064	72	73	0	0
EFMOT00000000065	72	73	0	0
EFMOT00000000066	101	102	0	0
EFMOT00000000067	72	73	0	0
EFMOT00000000068	72	73	0	0
EFMOT00000000069	95	96	3	1.88543
EFMOT00000000070	89	90	0	0
EFMOT00000000072	72	73	0	0
EFMOT00000000073	72	73	0	0
EFMOT00000000074	72	73	0	0
EFMOT00000000075	72	73	0	0
EFMOT00000000076	72	73	0	0
EFMOT00000000077	85	86	0	0
EFMOT00000000078	72	73	0	0
EFMOT00000000079	72	73	0	0
EFMOT00000000080	83	84	0	0
EFMOT00000000081	72	73	0	0
EFMOT00000000082	112	113	1	0.533928
EFMOT00000000083	72	73	0	0
EFMOT00000000084	89	90	0	0
EFMOT00000000085	72	73	0	0
EFMOT00000000086	72	73	0	0
EFMOT00000000087	92	93	0	0
EFMOT00000000088	72	73	0	0
EFMOT00000000089	92	93	0	0
EFMOT00000000091	85	86	6	4.20934
EFMOT00000000092	89	90	0	0
EFMOT00000000093	72	73	0	0
EFMOT00000000094	104	105	0	0
EFMOT00000000095	72	73	0	0
EFMOT00000000097	72	73	2.5	2.06623
EFMOT00000000098	72	73	0	0
EFMOT00000000099	82	83	0	0
EFMOT00000000100	72	73	0	0
EFMOT00000000101	101	102	0	0
EFMOT00000000102	72	73	0	0
EFMOT00000000103	72	73	0	0
EFMOT00000000104	72	73	0	0
EFMOT00000000105	133	134	0	0
EFMOT00000000106	72	73	0	0
EFMOT00000000107	72	73	0	0
EFMOT00000000108	102	103	2	1.17153
EFMOT00000000109	120	121	1	0.498627
EFMOT00000000110	112	113	0	0
EFMOT00000000111	72	73	0	0
EFMOT00000000112	104	105	14	8.04452
EFMOT00000000113	83	84	0	0
EFMOT00000000114	124	125	0	0
EFMOT00000000116	120	121	1	0.498627
EFMOT00000000117	98	99	0	0
EFMOT00000000119	72	73	0	0
EFMOT00000000122	72	73	0	0
EFMOT00000000123	135	136	2	0.887263
EFMOT00000000124	96	97	1.4	0.870799
EFMOT00000000125	72	73	0	0
EFMOT00000000127	72	73	0	0
EFMOT00000000128	101	102	0	0
EFMOT00000000129	86	87	2	1.38699
EFMOT00000000130	72	73	0	0
EFMOT00000000131	72	73	0	0
EFMOT00000000132	96	97	0	0
EFMOT00000000133	85	86	0	0
EFMOT00000000134	72	73	0	0
EFMOT00000000136	72	73	0	0
EFMOT00000000137	72	73	2.5	2.06623
EFMOT00000000138	86	87	0	0
EFMOT00000000139	111	112	0	0
EFMOT00000000140	72	73	0	0
EFMOT00000000141	72	73	0.5	0.413246
EFMOT00000000143	109	110	10.4062	5.70772
EFMOT00000000144	72	73	0	0
EFMOT00000000147	72	73	0	0
EFMOT00000000148	73	74	0	0
EFMOT00000000149	90	91	0	0
EFMOT00000000150	72	73	0	0
EFMOT00000000151	83	84	1.01293	0.727547
EFMOT00000000152	98	99	0	0
EFMOT00000000153	72	73	0	0
EFMOT00000000154	101	102	0	0
EFMOT00000000155	105	106	0	0
EFMOT00000000157	111	112	0	0
EFMOT00000000158	72	73	0	0
EFMOT00000000159	90	91	8.77406	5.81729
EFMOT00000000160	72	73	4.33333	3.58146
EFMOT00000000161	96	97	0	0
EFMOT00000000162	89	90	0	0
EFMOT00000000163	72	73	0	0
EFMOT00000000164	111	112	2	1.07739
EFMOT00000000165	72	73	0	0
EFMOT00000000166	72	73	0	0
EFMOT00000000168	72	73	0.571752	0.472549
EFMOT00000000169	85	86	0	0
EFMOT00000000170	72	73	0	0
EFMOT00000000171	74	75	0	0
EFMOT00000000172	87	88	0	0
EFMOT00000000173	89	90	0	0
EFMOT00000000174	108	109	0	0
EFMOT00000000175	85	86	0	0
EFMOT00000000176	88	89	0	0
EFMOT00000000177	90	91	0	0
EFMOT00000000178	72	73	0.666667	0.550994
EFMOT00000000179	95	96	1	0.628478
EFMOT00000000180	72	73	0	0
EFMOT00000000181	72	73	0	0
EFMOT00000000182	114	115	0	0
EFMOT00000000183	72	73	0	0
EFMOT00000000184	72	73	0	0
EFMOT00000000187	92	93	1	0.648752
EFMOT00000000189	83	84	0	0
EFMOT00000000190	85	86	9	6.31401
EFMOT00000000191	72	73	0	0
EFMOT00000000192	72	73	0	0
EFMOT00000000193	91	92	8	5.24643
EFMOT00000000194	88	89	5	3.38954
EFMOT00000000195	73	74	0	0
EFMOT00000000196	85	86	0	0
EFMOT00000000197	72	73	0	0
EFMOT00000000198	72	73	0	0
EFMOT00000000199	72	73	0	0
EFMOT00000000200	100	101	0	0
EFMOT00000000201	72	73	0	0
EFMOT00000000202	89	90	0	0
EFMOT00000000203	72	73	0	0
EFMOT00000000204	72	73	0	0
EFMOT00000000206	72	73	0	0
EFMOT00000000207	72	73	0	0
EFMOT00000000208	89	90	19	12.7372
EFMOT00000000209	101	102	0	0
EFMOT00000000210	82	83	0	0
EFMOT00000000211	72	73	0	0
EFMOT00000000213	72	73	0	0
EFMOT00000000214	85	86	0	0
EFMOT00000000215	92	93	5	3.24376
EFMOT00000000217	96	97	0	0
EFMOT00000000218	84	85	0	0
EFMOT00000000219	110	111	0	0
EFMOT00000000220	72	73	0	0
EFMOT00000000221	97	98	0	0
EFMOT00000000222	72	73	0	0
EFMOT00000000223	101	102	0	0
EFMOT00000000224	72	73	0	0
EFMOT00000000225	86	87	0	0
EFMOT00000000226	72	73	0	0
EFMOT00000000227	72	73	0	0
EFMOT00000000228	72	73	0.666667	0.550994
EFMOT00000000229	79	80	0	0
EFMOT00000000230	104	105	0	0
EFMOT00000000236	72	73	4.33333	3.58146
EFMOT00000000240	72	73	0	0
EFMOT00000000241	72	73	0	0
EFMOT00000000243	72	73	0.5	0.413246
EFMOT00000000244	72	73	0	0
EFMOT00000000245	72	73	0	0
EFMOT00000000246	72	73	0	0
EFMOT00000000247	72	73	0	0
EFMOT00000000249	72	73	0	0
EFMOT00000000250	72	73	2.5	2.06623
EFMOT00000000251	72	73	0	0
EFMOT00000000252	72	73	0	0
EFMOT00000000253	72	73	0	0
EFMOT00000000254	72	73	0	0
EFMOT00000000255	85	86	0	0
EFMOT00000000256	86	87	0	0
EFMOT00000000258	90	91	3	1.98903
EFMOT00000000259	72	73	0	0
EFMOT00000000260	72	73	0	0
EFMOT00000000261	72	73	0	0
EFMOT00000000262	72	73	0	0
EFMOT00000000265	72	73	0	0
EFMOT00000000266	99	100	0	0
EFMOT00000000267	72	73	0	0
EFMOT00000000269	112	113	0	0
EFMOT00000000270	109	110	26.5938	14.5864
EFMOT00000000271	73	74	0	0
EFMOT00000000272	105	106	0	0
EFMOT00000000273	96	97	0	0
EFMOT00000000274	85	86	1	0.701557
EFMOT00000000275	72	73	0	0
EFMOT00000000277	72	73	2.5	2.06623
EFMOT00000000278	125	126	4.38391	2.09919
EFMOT00000000279	74	75	0	0
EFMOT00000000280	98	99	0	0
EFMOT00000000282	72	73	0	0
EFMOT00000000283	101	102	1	0.591509
EFMOT00000000284	72	73	0	0
EFMOT00000000285	113	114	0	0
EFMOT00000000286	72	73	0	0
EFMOT00000000287	72	73	0	0
EFMOT00000000288	92	93	0	0
EFMOT00000000289	96	97	2.8	1.7416
EFMOT00000000290	72	73	0	0
EFMOT00000000292	72	73	0	0
EFMOT00000000293	72	73	0	0
EFMOT00000000294	85	86	3	2.10467
EFMOT00000000296	72	73	0	0
EFMOT00000000298	72	73	0	0
EFMOT00000000299	72	73	0	0
EFMOT00000000300	118	119	0	0
EFMOT00000000301	72	73	0	0
EFMOT00000000302	101	102	0	0
EFMOT00000000303	89	90	0	0
EFMOT00000000306	90	91	0	0
EFMOT00000000307	111	112	1	0.538696
EFMOT00000000308	72	73	0	0
EFMOT00000000309	72	73	3	2.47948
EFMOT00000000310	110	111	1	0.543549
EFMOT00000000311	88	89	5	3.38954
EFMOT00000000312	72	73	0.571752	0.472549
EFMOT00000000313	96	97	4	2.488
EFMOT00000000314	110	111	0	0
EFMOT00000000315	88	89	3.61609	2.45138
EFMOT00000000317	72	73	0	0
EFMOT00000000318	97	98	2	1.2313
EFMOT00000000319	104	105	2.43678	1.4002
EFMOT00000000320	93	94	0	0
EFMOT00000000321	87	88	0	0
EFMOT00000000323	72	73	0	0
EFMOT00000000324	96	97	0	0
EFMOT00000000325	86	87	0	0
EFMOT00000000326	99	100	0	0
EFMOT00000000327	102	103	0	0
EFMOT00000000328	100	101	0	0
EFMOT00000000329	101	102	3	1.77453
EFMOT00000000330	104	105	103.563	59.5083
EFMOT00000000332	84	85	0	0
EFMOT00000000333	102	103	6	3.5146
EFMOT00000000335	72	73	0	0
EFMOT00000000336	72	73	0	0
EFMOT00000000337	85	86	0	0
EFMOT00000000339	104	105	0	0
EFMOT00000000340	72	73	0	0
EFMOT00000000341	72	73	0	0
EFMOT00000000343	72	73	0	0
EFMOT00000000344	96	97	0	0
EFMOT00000000345	72	73	0	0
EFMOT00000000346	85	86	0	0
EFMOT00000000348	105	106	1	0.569188
EFMOT00000000350	84	85	1	0.709811
EFMOT00000000351	101	102	0	0
EFMOT00000000353	72	73	0	0
EFMOT00000000354	72	73	0	0
EFMOT00000000355	93	94	0	0
EFMOT00000000356	72	73	0	0
EFMOT00000000357	72	73	0	0
EFMOT00000000358	110	111	0	0
EFMOT00000000359	72	73	0	0
EFMOT00000000360	72	73	0	0
EFMOT00000000361	93	94	0	0
EFMOT00000000362	102	103	0	0
EFMOT00000000363	72	73	0	0
EFMOT00000000364	72	73	0	0
EFMOT00000000366	72	73	0	0
EFMOT00000000367	72	73	0	0
EFMOT00000000368	89	90	0	0
EFMOT00000000369	96	97	2.8	1.7416
EFMOT00000000370	72	73	0	0
EFMOT00000000372	72	73	0	0
EFMOT00000000373	133	134	0	0
EFMOT00000000374	72	73	0	0
EFMOT00000000375	90	91	0	0
EFMOT00000000376	72	73	0	0
EFMOT00000000378	85	86	33	23.1514
EFMOT00000000379	72	73	2	1.65298
EFMOT00000000382	72	73	0	0
EFMOT00000000383	89	90	0	0
EFMOT00000000384	91	92	0	0
EFMOT00000000385	72	73	0	0
EFMOT00000000387	92	93	0	0
EFMOT00000000388	93	94	17	10.9114
EFMOT00000000389	72	73	0	0
EFMOT00000000390	94	95	0	0
EFMOT00000000391	94	95	0	0
MGG_16776T0	243	244	0	0
MGG_17328T0	243	244	0	0
MGG_16479T0	588	589	0	0
MGG_16677T0	243	244	0	0
MGG_16614T0	243	244	0	0
MGG_16613T0	243	244	0	0
MGG_16598T0	243	244	0	0
MGG_16563T0	243	244	0	0
MGG_17268T0	243	244	0	0
MGG_15944T0	243	244	0	0
MGG_17600T0	243	244	0	0
MGG_15710T0	215	216	30	8.37971
MGG_17242T0	243	244	0	0
MGG_16280T0	243	244	0	0
MGG_16642T0	218	219	1	0.275497
MGG_15503T0	516	517	1604.61	187.258
MGG_16566T0	492	493	0	0
MGG_16285T0	243	244	3.08558	0.762971
MGG_16639T0	698	699	9	0.776831
MGG_16639T1	239	240	0	0
MGG_06302T1	320	321	225	42.2901
MGG_06302T0	2540	2541	8549	202.989
MGG_18104T0	150	151	0	0
MGG_15500T0	243	244	0	0
MGG_17125T0	231	232	0	0
MGG_18084T0	243	244	0	0
MGG_15947T0	243	244	0	0
MGG_16695T0	243	244	27.2607	6.74075
MGG_15967T0	651	652	0	0
MGG_18132T0	243	244	0	0
MGG_16499T0	243	244	0	0
MGG_16498T0	243	244	0	0
MGG_16783T0	243	244	0	0
MGG_17211T0	453	454	0	0
MGG_17866T0	228	229	5	1.31733
MGG_17482T0	327	328	76	13.9798
MGG_16020T0	918	919	7	0.459562
MGG_17368T0	504	505	14	1.67262
MGG_16293T0	555	556	85	9.22371
MGG_16567T0	243	244	0	0
MGG_17494T0	177	178	4	1.35582
MGG_16980T0	243	244	0	0
MGG_17604T0	243	244	0	0
MGG_17589T0	243	244	0	0
MGG_18129T0	243	244	0	0
MGG_15717T0	243	244	0	0
MGG_16051T0	300	301	0	0
MGG_15940T0	243	244	0	0
MGG_18069T0	243	244	0	0
MGG_17775T0	243	244	0	0
MGG_16310T0	243	244	0	0
MGG_17728T0	153	154	8	3.13423
MGG_16674T0	243	244	0	0
MGG_17777T0	510	511	687	81.1143
MGG_17585T0	243	244	0	0
MGG_15871T0	150	151	18	7.19212
MGG_15511T0	243	244	0	0
MGG_14532T0	510	511	17	2.00719
MGG_16682T0	243	244	0	0
MGG_16673T0	243	244	0	0
MGG_01057T0	1128	1129	1073	57.3412
MGG_16643T0	198	199	4	1.21274
MGG_18114T0	552	553	102.072	11.1364
MGG_16785T0	243	244	0	0
MGG_18059T0	243	244	0	0
MGG_16488T0	552	553	4.12824	0.450403
MGG_15941T0	243	244	0	0
MGG_17100T0	475	476	16	2.02803
MGG_16730T0	516	517	70	8.169
MGG_16369T0	243	244	0	0
MGG_17016T0	354	355	0	0
MGG_16080T0	417	418	0	0
MGG_16314T0	243	244	0	0
MGG_16103T0	597	598	0.969087	0.0977739
MGG_16676T0	243	244	0	0
MGG_15714T0	243	244	0	0
MGG_16565T0	470	471	394.725	50.5633
MGG_16984T0	624	625	0	0
MGG_16843T0	483	484	16	1.99451
MGG_17560T0	243	244	0	0
MGG_17065T0	243	244	0	0
MGG_17325T0	402	403	0	0
MGG_17009T0	330	331	0	0
MGG_17598T0	243	244	0	0
MGG_16597T0	243	244	0	0
MGG_15512T0	243	244	0	0
MGG_17186T0	189	190	10215	3243.74
MGG_16814T0	246	247	0	0
MGG_15716T0	243	244	5.2118	1.28872
MGG_16068T0	243	244	0	0
MGG_18131T0	243	244	0	0
MGG_16569T0	243	244	0	0
MGG_18073T0	366	367	0	0
MGG_16139T0	225	226	2	0.533928
MGG_17561T0	243	244	0	0
MGG_16413T0	372	373	121	19.5721
MGG_17427T0	228	229	0	0
MGG_16074T0	243	244	5.2118	1.28872
MGG_17074T0	591	592	50	5.09577
MGG_17176T0	273	274	2	0.440393
MGG_15493T0	243	244	0	0
MGG_16093T0	811	812	24	1.78327
MGG_16683T0	243	244	5.6224	1.39025
MGG_17854T0	891	892	0	0
MGG_16979T0	588	589	0	0
MGG_16767T0	210	211	0	0
MGG_17261T0	243	244	0	0
MGG_16913T0	288	289	45	9.39455
MGG_16564T0	333	334	0	0
MGG_16120T0	592	593	0	0
MGG_16067T0	243	244	0	0
MGG_17136T0	237	238	18	4.56307
MGG_15931T0	427	428	19	2.67837
MGG_15715T0	243	244	5.2118	1.28872
MGG_17218T0	1011	1012	0	0
MGG_17327T0	243	244	0	0
MGG_17269T0	327	328	0	0
MGG_16284T0	243	244	0	0
MGG_17306T0	1362	1363	0	0
MGG_18086T0	243	244	0	0
MGG_16312T0	243	244	0	0
MGG_17867T0	243	244	0	0
MGG_17243T0	243	244	0	0
MGG_16313T0	333	334	0	0
MGG_17545T0	243	244	0	0
MGG_17238T0	243	244	0	0
MGG_17736T0	204	205	0	0
MGG_18083T0	243	244	0	0
MGG_16327T0	843	844	2.71833e-08	1.94321e-09
MGG_15942T0	243	244	0	0
MGG_16309T0	243	244	0	0
MGG_16384T0	243	244	0	0
MGG_17298T0	372	373	1	0.161753
MGG_16809T0	243	244	0	0
MGG_16470T0	243	244	0	0
MGG_16283T0	243	244	0	0
MGG_16928T0	261	262	0	0
MGG_18080T0	243	244	0	0
MGG_16469T0	243	244	0	0
MGG_17501T0	243	244	0	0
MGG_16407T0	243	244	0	0
MGG_14095T0	843	844	193	13.7967
MGG_17185T0	226	227	9	2.39209
MGG_16694T0	243	244	0	0
MGG_16885T0	243	244	0	0
MGG_15969T0	651	652	0	0
MGG_15945T0	243	244	0	0
MGG_16082T0	423	424	0	0
MGG_17818T0	507	508	0	0
MGG_17262T0	243	244	0	0
MGG_17549T0	243	244	0	0
MGG_16351T0	372	373	2	0.323506
MGG_16819T0	216	217	76	21.1308
MGG_17369T0	332	333	2	0.362366
MGG_16684T0	243	244	0	0
MGG_17748T0	555	556	0	0
MGG_15806T0	243	244	0	0
MGG_16050T0	243	244	0	0
MGG_18103T0	243	244	0	0
MGG_16544T0	189	190	0	0
MGG_15973T0	471	472	0	0
MGG_15962T0	651	652	5	0.462683
MGG_17819T0	243	244	0	0
MGG_16245T0	239	240	3	0.754174
MGG_16046T0	186	187	0	0
MGG_17146T0	207	208	1	0.290067
MGG_16406T0	324	325	0	0
MGG_17856T0	771	772	1419	110.899
MGG_16478T0	243	244	0	0
MGG_16602T0	243	244	0	0
MGG_16338T0	204	205	11	3.23743
MGG_16782T0	330	331	0	0
MGG_15970T0	1335	1336	239.045	10.7953
MGG_17996T0	186	187	3	0.967923
MGG_17734T0	571	572	39	4.11367
MGG_10209T0	1701	1702	1538	54.5203
MGG_16104T0	204	205	0	0
MGG_15662T0	218	219	0	0
MGG_17643T0	747	748	0	0
MGG_16675T0	243	244	0	0
MGG_17517T0	221	222	0	0
MGG_17219T0	453	454	0	0
MGG_17175T0	639	640	171	16.1205
MGG_16370T0	243	244	0	0
MGG_17008T0	243	244	0	0
MGG_16073T0	243	244	0	0
MGG_17559T0	243	244	0	0
MGG_18058T0	243	244	0	0
MGG_17267T0	327	328	0	0
MGG_17852T0	243	244	0	0
MGG_17497T0	156	157	0	0
MGG_16713T0	219	220	11	3.01669
MGG_15567T0	237	238	23	5.83059
MGG_17916T0	300	301	34	6.81512
MGG_16795T0	232	233	54	13.983
MGG_17006T0	270	271	640.815	142.667
MGG_18130T0	516	517	1604.61	187.258
MGG_17259T0	489	490	30	3.69391
MGG_17769T0	243	244	0	0
MGG_16987T0	243	244	0	0
MGG_16401T0	243	244	0	0
MGG_17985T0	183	184	7	2.29531
MGG_16685T0	243	244	0	0
MGG_18047T0	354	355	3	0.509864
MGG_18081T0	243	244	0	0
MGG_17552T0	432	433	0	0
MGG_17212T0	1011	1012	0	0
MGG_15943T0	315	316	3711.09	708.559
MGG_18075T0	501	502	0	0
MGG_16281T0	243	244	0	0
MGG_15946T0	1122	1123	376.687	20.2377
MGG_14020T0	1029	1030	0	0
MGG_18009T0	294	295	0	0
MGG_15948T0	243	244	0	0
MGG_17599T0	243	244	0	0
MGG_14777T0	546	547	36	3.97079
MGG_16763T0	296	297	0	0
MGG_18038T0	243	244	0	0
MGG_16568T0	243	244	0	0
MGG_17004T0	243	244	0	0
MGG_16907T0	243	244	0	0
MGG_15763T0	243	244	0	0
MGG_16808T0	243	244	0	0
MGG_14812T0	405	406	9	1.33745
MGG_16016T0	321	322	0	0
MGG_16405T0	243	244	0	0
MGG_17063T0	501	502	39	4.68729
MGG_16916T0	258	259	0	0
MGG_16282T0	690	691	84.5147	7.37931
MGG_16985T0	243	244	0	0
MGG_16599T0	243	244	0	0
MGG_16551T0	822	823	3	0.219929
MGG_16988T0	243	244	0	0
MGG_16986T0	243	244	0	0
MGG_15898T0	345	346	857	149.44
MGG_18085T0	243	244	0	0
