target_id Guy11_0h Guy11_4h Guy11_24h Dbip1_0h Dbip1_4h Dbip1_24h Dmst12_0h Dmst12_4h Dmst12_24h
MGG_17160T0 21.666666666666668 17.333333333333332 2.3333333333333335 15.333333333333334 16 21.333333333333332 12 21 6
MGG_01972T0 1366.6 1471.1366666666663 506.0393333333334 967.9796666666666 1373.5696666666663 1325.7043333333334 1075.141 1527.3566666666668 850.431
MGG_17111T0 531.1370000000001 504.6666666666667 177.33333333333334 391.6666666666667 449.291 385.75933333333336 310.8713333333333 492.6043333333334 225.41333333333333
MGG_14668T0 47.333333333333336 61.666666666666664 17.333333333333332 43 42 51.666666666666664 41.333333333333336 63.333333333333336 38
MGG_13121T0 1127.3333333333333 1144 497 694.6666666666666 1173.6666666666667 1013.3333333333334 1018.3333333333334 1347.3333333333333 886
MGG_17051T0 37 48 14 21.333333333333332 39 39.666666666666664 37 56.666666666666664 32
MGG_07263T0 302.3333333333333 222.66666666666663 99 166 163.33333333333334 300.3333333333333 212.33333333333337 214.33333333333337 206.66666666666663
MGG_15847T0 8.333333333333334 5 0.33333333333333337 1.3333333333333337 3 8 1.6666666666666663 2.6666666666666665 3.34358
MGG_11606T0 406 117 126.33333333333331 237 200.33333333333337 302.3333333333333 238 250.66666666666663 224.33333333333337
MGG_16620T0 10.333333333333334 3.666666666666667 0.6666666666666667 4 0.33333333333333337 7 3 5 2.6666666666666665
MGG_15154T0 41073 7779.333333333333 8071.333333333333 11265.666666666666 7809.333333333333 22403 9046 13523 9881.666666666666
MGG_03662T0 5836 1151.3333333333333 768.6666666666666 936 1478.3333333333333 3456 1058 1758 2618.3333333333335
MGG_09192T0 668.6706666666666 625.8756666666667 135.11113333333333 400.64 459.682 484.8053333333333 612.0613333333333 534.456 430.29066666666665
MGG_09349T0 4314.666666666667 3147.3333333333335 901 2509.6666666666665 1842.3333333333333 2555 3742 1860.3333333333333 2084.3333333333335
MGG_04979T0 3465 1884 1147 1305 2102.6666666666665 2538 2626 2895.6666666666665 1380.6666666666667
MGG_17276T0 68567 30889.333333333332 19832 48042 38748.666666666664 51274.666666666664 61678 45033 25271.333333333332
MGG_00846T0 247 91 62.666666666666664 92.66666666666669 100 166 264.3333333333333 127.66666666666669 95.33333333333331
MGG_03413T0 459 1023.3333333333334 700.3333333333334 1013.6666666666666 857.3333333333334 838.6666666666666 1085.6666666666667 987.3333333333334 1020
MGG_06314T0 254.73833333333332 866.442 604.3023333333333 847.9516666666666 527.2756666666667 603.5096666666667 809.6096666666666 544.068 708.7476666666666
MGG_05706T0 767.6666666666666 3354 2572 4326 2755 2926.6666666666665 3930.6666666666665 2545 3365
MGG_01682T0 114.33333333333331 529.3333333333334 307 760 458.6666666666667 450 543.3333333333334 293 501.3333333333333
MGG_00523T0 176.66666666666666 366.6666666666667 423.3333333333333 538.6666666666666 476.3333333333333 469.3333333333333 486.6666666666667 517.6666666666666 521.3333333333334
MGG_10686T0 488 831 907.6666666666666 1250.6666666666667 998 1057.6666666666667 1070.3333333333333 1125 1141.6666666666667
MGG_07014T0 467.3333333333333 656.6666666666666 969.6666666666666 1600.6666666666667 973.6666666666666 929.3333333333334 1306.3333333333333 1404.6666666666667 1281.6666666666667
MGG_03192T0 669.6666666666666 865.6666666666666 1006.3333333333334 1728.6666666666667 1512.3333333333333 1258.3333333333333 1449.3333333333333 1707.3333333333333 1725.3333333333333
MGG_02045T0 144 534.3333333333334 356.3333333333333 1730.3333333333333 999.6666666666666 1031 1258.6666666666667 1572.6666666666667 1314
MGG_01510T0 451 764 708.3333333333334 1050 954.6666666666666 700 925.3333333333334 895.3333333333334 906
MGG_11482T0 713.6666666666666 1397 1349 1898.3333333333333 1919.6666666666667 1343 1628 1800.6666666666667 1940.6666666666667
MGG_08913T0 1008.4003333333334 1609.94 1799.07 2392.9133333333334 2079.626666666667 1501.84 2192.07 2381.616666666667 2001.0433333333333
MGG_13465T0 260.6813333333333 450.3333333333333 493 535.9076666666666 482.7706666666666 390.6666666666667 553.9283333333333 631.4746666666666 511.98066666666665
MGG_09784T0 1598.6666666666667 3705.6666666666665 1993.3333333333333 3995.3333333333335 3116.6666666666665 2932 2326.3333333333335 3562.3333333333335 3087
MGG_11707T0 526.3333333333334 1022.3333333333334 796.6666666666666 1544.3333333333333 1276 966.6666666666666 1270.6666666666667 1036 1003.6666666666666
MGG_02896T0 1289.5533333333333 2896.903333333333 1857.6533333333336 3572.936666666667 2939.8 2645.2200000000003 2778.9700000000003 2751.7799999999997 2820.27
MGG_16319T0 373.6666666666667 695 547 1115.6666666666667 816.3333333333334 820 767.3333333333334 665.3333333333334 782.3333333333334
MGG_03458T0 260.3333333333333 590 460.3333333333333 968.3333333333334 833.3333333333334 731.3333333333334 701 856.6666666666666 703.3333333333334
MGG_15946T0 298.287 590.434 330.99266666666665 906.7006666666666 723.0183333333333 745.674 492.19933333333336 728.401 510.71
MGG_02655T0 4358.333333333333 5134 1598 5068 3871.3333333333335 3526.6666666666665 6105.666666666667 4593 2135.3333333333335
MGG_12473T0 4473.333333333333 7198 2241.5666666666666 5743.666666666667 5837.333333333333 5776.593333333333 7953.333333333333 4462.953333333333 4358
MGG_07000T0 5125.333333333333 8381.666666666666 2152.6666666666665 7092.333333333333 8747.333333333334 4269 6213 8250.666666666666 3172.6666666666665
MGG_02520T0 3794.3333333333335 11377.333333333334 2055 9959.666666666666 8852.333333333334 2478 7274.333333333333 6607 3202.6666666666665
MGG_00413T0 6481 29608 3824 22015.666666666668 30374 7611 16998.333333333332 19829.333333333332 4547
MGG_09300T0 1257.6666666666667 2980.6666666666665 729.3333333333334 2051.3333333333335 2759.6666666666665 1718 2534.6666666666665 2774.6666666666665 1299.6666666666667
MGG_01849T0 1837.3333333333333 5272.333333333333 1283 3160.6666666666665 4735.333333333333 2701.3333333333335 4339.666666666667 4278.333333333333 1556.3333333333333
MGG_12974T0 1027 2527 500.6666666666667 1768.6666666666667 2949 1009.3333333333334 2685 2171.6666666666665 799.6666666666666
MGG_01027T0 641.6666666666666 1401.3333333333333 340.6666666666667 693.6666666666666 1422 751 1360.3333333333333 1066.3333333333333 468
MGG_11945T0 363 1368 269.3333333333333 746 838 430.6666666666667 1044.6666666666667 658 365
MGG_02849T0 2522 7855.333333333333 767 3195 6412 1297.6666666666667 6212.333333333333 3128 726.3333333333334
MGG_00488T0 2941.6666666666665 4708.96 1351.3333333333333 3094 4888.94 1857.8366666666664 4362.666666666667 4664.666666666667 3192.3333333333335
MGG_06685T0 9285.873333333331 17686.533333333333 3935.38 14116.28 16723.13333333333 6684.9766666666665 18392.833333333332 14695.766666666666 11391.933333333332
MGG_01493T0 1104.7773333333334 3127.09 1154.9343333333334 2498.75 3265.3733333333334 1736.1266666666666 2730.0699999999997 2682.9333333333334 1927.62
MGG_10492T0 3321 8868.333333333334 1466 6654 8599.333333333334 3842 7206.666666666667 6181 4164.666666666667
MGG_08885T0 813.3333333333334 1940.3333333333333 923 1796.6666666666667 1739.6666666666667 1117.6666666666667 1836.6666666666667 1504 1420.6666666666667
MGG_07707T0 330.60133333333334 839.669 269.53433333333334 667.2486666666666 769.529 328.545 720.0203333333333 642.9596666666666 633.7726666666666
MGG_01227T0 1451.3333333333333 4449 2538.6666666666665 3774.6666666666665 3312.6666666666665 1850 4652.666666666667 2364.3333333333335 2497.3333333333335
MGG_00348T0 1006.3333333333334 2505.6666666666665 1899.6666666666667 2658 2138.3333333333335 1224 2841.3333333333335 2261.6666666666665 1747
MGG_07338T0 765.611 1451.493333333333 1047.1133333333332 1645.6 1380.0466666666666 944.0753333333332 1497.346 1331.0666666666666 834.8173333333333
MGG_07516T0 943.171 1615.6666666666667 881.7963333333333 1916.88 2050.8566666666666 941.4756666666668 2903.9266666666667 2018.41 1088.148
MGG_00957T0 792.4826666666667 2233.556666666667 642.2483333333333 2038.8633333333337 2337.3066666666664 909.0293333333332 3541.94 2329.75 1084.9566666666667
MGG_00345T0 2849.3333333333335 5118.333333333333 3039 6762.666666666667 7199.666666666667 3411 9275.666666666666 8367 3761.3333333333335
MGG_07222T0 504.6666666666667 711.3333333333334 304.3333333333333 1019.6666666666666 867.6666666666666 520.6666666666666 1176 997.6666666666666 462
MGG_08036T0 1184.6666666666667 1851.746666666667 563.0493333333334 2687.76 2884.91 1149.8033333333333 3920.456666666667 3049.2633333333333 1060.03
MGG_12809T0 1761.3333333333333 3126 1379.6666666666667 3587.3333333333335 2649.3333333333335 1894.6666666666667 4407.666666666667 2711.3333333333335 2058.6666666666665
MGG_01050T0 1150.6666666666667 2094 1141.6666666666667 2241 1731.3333333333333 1076.6666666666667 2439.6666666666665 1775.3333333333333 1331
MGG_02487T0 3641.3333333333335 11183.333333333334 5313.333333333333 12749.333333333334 11935 6909 13163.666666666666 10127.333333333334 6891
MGG_03373T0 545.6666666666666 874.6666666666666 510.6666666666667 1137.3333333333333 1068.6666666666667 660.6666666666666 1307.6666666666667 920 646.6666666666666
MGG_08142T0 220.66666666666663 603.6666666666666 316.6666666666667 787 487.3333333333333 513.6666666666666 727.3333333333334 591.6666666666666 268
MGG_05190T0 4916.333333333333 9934.333333333334 3863.6666666666665 11647.333333333334 9412.666666666666 6806 11187.666666666666 10860.666666666666 5587
MGG_01488T0 351.3333333333333 718 205.33333333333337 655 655.3333333333334 433 693.3333333333334 605 315.3333333333333
MGG_16103T0 65.60781807813333 614.039 0.32302900599653334 1003.4986666666668 1077.6656666666668 857.3636666666666 1332.13 1697.51 1026.595
MGG_03388T0 268.6666666666667 501 202.33333333333337 585.3333333333334 520.6666666666666 395.3333333333333 589.6666666666666 628.3333333333334 463.3333333333333
MGG_17681T0 99.66666666666669 117 47.333333333333336 112.66666666666669 127.33333333333331 132.66666666666666 122.33333333333331 175.33333333333334 93.33333333333331
MGG_09305T0 4.333333333333333 7.333333333333333 0.6666666666666666 4.666666666666667 7.666666666666667 10.333333333333334 8 11.333333333333334 5
MGG_03466T0 7.333333333333333 8.666666666666666 2 10 14.333333333333334 15.333333333333334 20.666666666666668 22 8.666666666666666
MGG_10380T0 4281.333333333333 4169.666666666667 1978 4988.666666666667 5380 5298.666666666667 6173 8292.333333333334 5334.666666666667
MGG_00294T0 486.3333333333333 504.6666666666667 299 643.6666666666666 764.6666666666666 754.3333333333334 763.3333333333334 1050.6666666666667 624.3333333333334
MGG_03561T0 579.3333333333334 696 414.3333333333333 875.6666666666666 1010.6666666666666 864 757.6666666666666 1257.3333333333333 701.3333333333334
MGG_05748T0 919.6666666666666 1025 617.6666666666666 1398.6666666666667 1410.6666666666667 1292.3333333333333 1148.3333333333333 1848.3333333333333 758
MGG_00518T0 1503 2548 1143.6666666666667 2363.6666666666665 2519 2369.3333333333335 2281 2676.3333333333335 1864.3333333333333
MGG_07233T0 1739 2816.3333333333335 1483.3333333333333 3202 3211 3329 2941 3653.3333333333335 2128.6666666666665
MGG_17179T0 23.666666666666668 21.666666666666668 7 28.333333333333332 29 26.666666666666668 19.333333333333332 28.666666666666668 17.666666666666668
EFMOT00000000066 7.35985 6 0.33333333333333337 7.333333333333333 8.333333333333334 7 5.333333333333333 11.666666666666666 7.266666666666667
MGG_09511T0 6512.173333333333 7421.106666666667 3409.0733333333333 9330.523333333333 10897.28 6543.64 7426.63 15260.333333333334 9191.74
MGG_15531T0 2.3333333333333335 6.333333333333333 2.6666666666666665 10.333333333333334 16.333333333333332 7.666666666666667 14.666666666666666 11 9.333333333333334
MGG_15780T0 35.333333333333336 45.333333333333336 12.666666666666666 101.66666666666669 90.33333333333331 40.666666666666664 76.33333333333333 58.333333333333336 50.666666666666664
MGG_04196T0 2987 6148 3409.6666666666665 6304.666666666667 5605 2617 4431.666666666667 6986.333333333333 2605.3333333333335
MGG_17873T0 11 49.666666666666664 3.6666666666666665 43.666666666666664 69.33333333333333 11 14 82 20.666666666666668
MGG_13220T0 259.13893333333334 515.7963333333333 315.445 618.1020000000001 596.597 339.14666666666665 265.929 722.8073333333333 287.1843333333333
MGG_15576T0 789 1734.6666666666667 1411.6666666666667 2178 2224 1271.6666666666667 1954.3333333333333 1912.6666666666667 1303.6666666666667
MGG_06467T0 887.23 1863.27 1785.1966666666667 2117.576666666667 2340.423333333333 1329.03 1978.1066666666668 2087.1266666666666 1785.78
MGG_04395T0 2169.6466666666665 4574.0633333333335 2303.3566666666666 5174.486666666667 6260.683333333333 3145.55 3912.863333333333 3957.8966666666665 2433.923333333333
MGG_05996T0 2122 4287.333333333333 2168.6666666666665 4550.333333333333 4682.333333333333 2756.3333333333335 3930.3333333333335 4273 2992
MGG_04051T0 268.6666666666667 496 287.06 604.3333333333334 610.008 367.6666666666667 404.6666666666667 524.382 370.396
MGG_17953T0 1644.0333333333333 3666.64 2493.4633333333336 3632.24 3641.8 3069.3399999999997 3240.79 3843.8 2863.306666666667
MGG_05049T0 340 897.3333333333334 530.3333333333334 1057.3333333333333 970.6666666666666 603.6666666666666 786.3333333333334 1072.6666666666667 660.6666666666666
MGG_05210T0 1081 2465.3333333333335 1708.3333333333333 2692.6666666666665 3102 1892.3333333333333 2236.3333333333335 2445.6666666666665 2506
MGG_13800T0 194.33333333333337 759 294 844.3333333333334 965.6666666666666 523 654.6666666666666 795 595
MGG_08637T0 1357.6666666666667 3336 1894 3582.3333333333335 4135 2692.3333333333335 3365 3926.3333333333335 3159.6666666666665
MGG_06097T0 517.0023333333334 1518.47 902.084 1912.4466666666665 1872.986666666667 1433.7933333333333 1650.9 1573.23 1357.73
MGG_02737T0 690 1408.6666666666667 861.3333333333334 1757.3333333333333 1903 1203.3333333333333 1738.3333333333333 1641.3333333333333 1327
MGG_11467T0 283.6666666666667 633.3333333333334 333.7846666666667 751 916.8386666666668 390.512 577.3333333333334 875.9056666666667 702
MGG_04007T0 798.6666666666666 1501 856 1650 1977 1122.6666666666667 1700.3333333333333 2105.3333333333335 1601
MGG_00145T0 746.6016666666667 1536.66 850.6066666666667 1643.6533333333334 1996.14 918.9603333333332 1291.09 2359.42 1424.6366666666668
MGG_18115T0 20.828386666666667 42.6289 14.4338 52.14326666666667 61.90533333333333 34.91916666666667 37.16523333333333 72.82853333333333 48.15056666666667
MGG_06690T0 1104.3333333333333 1542 1245 2545 2242.3333333333335 1649.6666666666667 2091 2919.3333333333335 1947.6666666666667
MGG_00667T0 982 1656 1325.6666666666667 2672.693333333333 2867 1251.4033333333334 2177.6666666666665 3647.7 2196.3333333333335
MGG_04189T0 353.3333333333333 806.6666666666666 644.3333333333334 1151 1240.6666666666667 692 963.6666666666666 1181.6666666666667 923.6666666666666
MGG_11860T0 91.66666666666669 262.6666666666667 193 358.6666666666667 359.6666666666667 210 385 429 314
MGG_02062T0 231 451 352.3333333333333 573.6666666666666 733.5103333333333 571.3333333333334 544.3333333333334 834.8613333333333 593.3333333333334
MGG_03637T0 464.6666666666667 1072 982.3333333333334 1527 1864.67 1144.5366666666666 1224.496666666667 2294.67 1143.263333333333
MGG_04185T0 938.3333333333334 2629.6666666666665 1938.3333333333333 2367 3133.3333333333335 2119.3333333333335 2492.6666666666665 3733 2039.3333333333333
MGG_03232T0 564 1270.3333333333333 1188.3333333333333 1274.6666666666667 1760.3333333333333 1016 1457 1748.3333333333333 1104
MGG_01258T0 935.903 1767.9 1548.3166666666666 1890.0366666666664 2346.503333333333 1532.27 2079.5166666666664 2539.5333333333333 1658.26
MGG_03888T0 296.6666666666667 598 432 658.6666666666666 754 484.3333333333333 493.6666666666667 731 557
MGG_00890T0 401.3333333333333 942.3333333333334 827.6666666666666 988.6666666666666 1437.6666666666667 767.3333333333334 922 1396.3333333333333 1057.3333333333333
MGG_08186T0 589 1112.6666666666667 922.3333333333334 1188.6666666666667 1606.3333333333333 1019.6666666666666 1058.3333333333333 1462.6666666666667 1085
MGG_02996T0 415 793 759.6666666666666 875 972.3333333333334 721 736.3333333333334 1045.3333333333333 858
MGG_02183T0 648.6666666666666 1595.3333333333333 1322.6666666666667 1866.3333333333333 1983.6666666666667 1439.3333333333333 1703 2345.6666666666665 1735.3333333333333
MGG_01352T0 318 913.3333333333334 831.6666666666666 1186.6666666666667 1272.6666666666667 894 1003 1364 1011.3333333333334
MGG_08935T0 534 1295.3333333333333 1045.6666666666667 1369.6666666666667 1457.6666666666667 959 1150 1570.6666666666667 1120
MGG_00924T0 1351.3333333333333 2610.6666666666665 2631 3012.3333333333335 3023.3333333333335 1980.3333333333333 2601 3345.6666666666665 2327.3333333333335
MGG_02944T0 1694.6666666666667 4724.666666666667 2997.6666666666665 4166.333333333333 6666.333333333333 3443.6666666666665 5162 6677.333333333333 3903.6666666666665
MGG_03162T0 3864 11668 4651 9022 17576 8315.666666666666 12000.333333333334 19997.333333333332 7707.333333333333
MGG_00736T0 364.6666666666667 874.6666666666666 472.3333333333333 847 1225 637.3333333333334 894.6666666666666 1378.6666666666667 706.6666666666666
MGG_05700T0 308.35766666666666 706.6666666666666 367.6933333333333 660.6666666666666 932 458.6666666666667 688.3333333333334 1057.07 590.6666666666666
MGG_17055T0 0 4.333333333333333 0.6666666666666666 3.666666666666667 5.666666666666667 2.333333333333333 4 6 1.6666666666666663
MGG_00397T0 422 1147 520.3333333333334 892.6666666666666 1441.3333333333333 599.6666666666666 1041.3333333333333 1284.6666666666667 636.6666666666666
MGG_05211T0 1576.3333333333333 4057.6666666666665 2347.3333333333335 3291.6666666666665 5053.333333333333 2663.6666666666665 4030.3333333333335 4840.333333333333 2607.3333333333335
MGG_08654T0 397.6666666666667 1301.6666666666667 387.3333333333333 1092.6666666666667 1545.3333333333333 630.3333333333334 1081 1755 577.6666666666666
MGG_09263T0 2461.056666666667 5992.9000000000005 2120.5866666666666 5025.21 7006.743333333334 3102.9566666666665 5422.833333333334 8536.12 3053.473333333334
MGG_06706T0 1010.6666666666666 2106.6666666666665 1253.3333333333333 2268.3333333333335 3410.3333333333335 1468 2402.6666666666665 3209.3333333333335 1603
MGG_05212T0 742.3333333333334 1557 747.6666666666666 1579.3333333333333 2018.3333333333333 919 1509 2057.6666666666665 812
MGG_11546T0 1678.3333333333333 4776 1651.3333333333333 5170 7483.666666666667 2369.3333333333335 4788 7490.333333333333 2732.3333333333335
MGG_00704T0 705 1747.3333333333333 630.3333333333334 1653 1744.6666666666667 1024 1254 1914.3333333333333 978.6666666666666
MGG_05032T0 161.66666666666666 597 283.6666666666667 495.6666666666667 658.3333333333334 398.6666666666667 430.6666666666667 693.6666666666666 408
MGG_08911T0 764 2657.6666666666665 1217.3333333333333 2416 2882.3333333333335 1515 2183 3098.6666666666665 1678.3333333333333
MGG_09930T0 390.3333333333333 1108.3333333333333 498 911.3333333333334 1231.3333333333333 650.3333333333334 808 1281.3333333333333 642.3333333333334
MGG_00654T0 537.3333333333334 1989 865 1602 2672.6666666666665 1327 1582.3333333333333 2185.3333333333335 1214
MGG_06016T0 894.6666666666666 2684.6666666666665 1161.6666666666667 2356 3035.3333333333335 1562 2095.3333333333335 2781 1455
MGG_04123T0 419 1127.6666666666667 411.6666666666667 966 1401 705.3333333333334 835.6666666666666 1256.3333333333333 599.6666666666666
MGG_11888T0 1221 3107 1632.3333333333333 2828.286666666667 3231.0066666666667 2007.3333333333333 2720.6666666666665 3101.3333333333335 1708.6666666666667
MGG_06258T0 893 2129.0733333333333 1190.3333333333333 1805.3333333333333 1954 1155.3333333333333 1652.6666666666667 1940.7966666666664 1268.3333333333333
MGG_05244T0 2419 5604.333333333333 3827.6666666666665 5800.333333333333 6620 3405 4729.333333333333 6448.666666666667 3625.6666666666665
MGG_00356T0 1096.3333333333333 3115 2158 2697.3333333333335 3371.3333333333335 1925.6666666666667 2439.3333333333335 3182.6666666666665 2108
MGG_11817T0 353 818 570.6666666666666 745.3333333333334 928.6666666666666 525.3333333333334 764.3333333333334 868.6666666666666 619
MGG_04686T0 291.6666666666667 1032.6666666666667 579.6666666666666 1025 1308 686.3333333333334 1426.3333333333333 1280.3333333333333 938.6666666666666
MGG_00183T0 637.3333333333334 2573.6666666666665 1566 2088.3333333333335 3136 2039.6666666666667 2849.3333333333335 3196 2167.6666666666665
MGG_06297T0 711.3333333333334 1573 1009.6666666666666 1456.6666666666667 1750 1316.3333333333333 1687.6666666666667 1670 1401.6666666666667
MGG_16341T0 9835.333333333334 22781.666666666668 13354.333333333334 23724 25574 20285.666666666668 24779.333333333332 34569.666666666664 18793.666666666668
MGG_05259T0 1056.3333333333333 2321.3333333333335 1368.6666666666667 1966.3333333333333 2495.3333333333335 1591.6666666666667 2519 3233.6666666666665 2143.3333333333335
MGG_11473T0 187 322.6666666666667 112.33333333333331 480.3333333333333 310 263.6666666666667 282 352.6666666666667 194
MGG_07077T0 2058.6033333333335 2937.91 1894.2066666666667 7256.256666666667 5221.833333333333 2203.6966666666667 4885.573333333334 5381.426666666666 2737.9966666666664
MGG_11457T1 296.8176666666667 274.104 170.651 798.5656666666666 390.43733333333336 219.70566666666667 501.379 597.8113333333333 274.256
MGG_00164T0 3325.3333333333335 2406.3333333333335 1358.3333333333333 8171.333333333333 4873 2177 4912.666666666667 5862.666666666667 1436.3333333333333
MGG_06351T0 3289.0666666666666 2378.99 1265.0533333333333 7949.323333333334 4010.496666666667 1413.77 4735.846666666666 4912.55 1366.0566666666666
MGG_13007T0 1856.6666666666667 2296.6666666666665 822 4120.666666666667 2315.3333333333335 342.3333333333333 2052 3875.6666666666665 396.6666666666667
MGG_10879T0 1901 1189.6666666666667 434.6666666666667 5137.333333333333 3604.3333333333335 675.3333333333334 1883.3333333333333 4961.333333333333 849.3333333333334
MGG_03715T0 1777.3333333333333 1561.3333333333333 1143.3333333333333 4436.666666666667 2536.3333333333335 933 2441.6666666666665 4026.6666666666665 1153
MGG_03531T0 1182 2125.3333333333335 1447.3333333333333 3714 2979.6666666666665 1425.3333333333333 1852 2868.6666666666665 1697.3333333333333
MGG_07442T0 2839 2547 2000 6100 5468 1688.3333333333333 3653 4723 1762.6666666666667
MGG_00021T0 6.333333333333333 12 0 26.333333333333332 17.666666666666668 2.6666666666666665 13 12.333333333333334 1.6666666666666667
MGG_06350T1 127.643 179.41400000000002 11.193600020925468 254.03933333333333 235.39033333333333 172.61533333333333 242.25866666666667 262.688 87.00416666666666
MGG_07494T0 1151.6666666666667 1200 459.6666666666667 2150.6666666666665 1683.6666666666667 1188 1771.6666666666667 2427 808.6666666666666
MGG_05931T0 1800.3033333333333 1312.22 524.885 2728.9133333333334 2559.8133333333335 1363.493333333333 1983.3066666666664 3053.13 820.3383333333334
MGG_03667T0 3714 3209.6666666666665 1187.3333333333333 5798.333333333333 5825.333333333333 2422.3333333333335 5190.666666666667 6651.333333333333 1034
MGG_04727T0 1533.3333333333333 2536.6666666666665 2354.3333333333335 4013 4659.666666666667 2305 2716.3333333333335 4566.666666666667 2321.6666666666665
MGG_06146T0 1422.3333333333333 3084 1462.3333333333333 3914.3333333333335 3690.3333333333335 2112.6666666666665 4205.333333333333 5516 2130.6666666666665
MGG_10857T0 1131.6666666666667 2189.6666666666665 1556.3333333333333 2707.6666666666665 3403.6666666666665 1676.3333333333333 2719 4507.333333333333 1982.6666666666667
MGG_06572T0 2745.6666666666665 5396.666666666667 3523.3333333333335 5830 6771 3034.6666666666665 6150 8268.666666666666 3568.6666666666665
MGG_08645T0 1353.3333333333333 2191.6666666666665 1792.6666666666667 2641 3277.6666666666665 1556 2997 3853.3333333333335 1844
MGG_15244T0 488.3333333333333 1115.3333333333333 493 1468.6666666666667 1350.6666666666667 790 1031.3333333333333 1996 829
MGG_10528T0 874 1817 1073.6666666666667 2317 2280 1320.6666666666667 1676.6666666666667 3475.6666666666665 1412.6666666666667
MGG_05233T0 1892.64 4379.333333333334 2011.98 6126.183333333333 6576.61 1417.21 4471.5 8603.29 1334.36
MGG_16213T0 4028.6666666666665 5096 3792.6666666666665 8556.333333333334 10256.333333333334 3206.3333333333335 7711 12094 4763
MGG_07745T0 2577 4197.666666666667 2876.6666666666665 6094.666666666667 6781 2789 5066 7644 3281
MGG_05643T0 1214.3333333333333 2177.6666666666665 932 3152.3333333333335 4066 1481.6666666666667 2808.6666666666665 4504 1442.6666666666667
MGG_02716T0 3414.193333333333 5567.923333333333 3680.8033333333337 11314.533333333333 10957.566666666666 3873.6766666666663 8572.97 12853.433333333332 3742.153333333333
MGG_02859T0 1046.3333333333333 1865 1237.6666666666667 3847.3333333333335 3560.6666666666665 1034 2514.6666666666665 4604 1771.3333333333333
MGG_05325T0 937.326 1885.96 874.516 2459.4833333333336 2833.06 1008.156 1492.3933333333334 2849.1233333333334 1202.92
MGG_03146T0 1759.3333333333333 2623 1036.3333333333333 3225.6666666666665 2999 1311.3333333333333 2528.3333333333335 3682.3333333333335 1664.3333333333333
MGG_10371T0 390.6666666666667 733.3333333333334 356.3333333333333 890 888 502.3333333333333 686.6666666666666 976.3333333333334 524.6666666666666
MGG_04195T0 1325.4466666666667 2095.73 1182.71 3011.95 2762.63 1285.4633333333334 2241.1233333333334 3109.09 1471.506666666667
MGG_06159T0 540.6666666666666 3382 396.6666666666667 3065 5021.333333333333 394 3878.6666666666665 4184 760
MGG_09864T0 911.3333333333334 1962 868 2870.3333333333335 3207 712.3333333333334 3237.6666666666665 3343 531.6666666666666
MGG_07066T0 490.6666666666667 844.3333333333334 245.33333333333337 1059 1120 440 1125 1061.6666666666667 513.6563333333334
MGG_06191T0 3190.6666666666665 5406.666666666667 2412.6666666666665 7311.333333333333 7407.333333333333 3382.6666666666665 6259.666666666667 7587 2639.6666666666665
MGG_06361T0 2920.6666666666665 4959 1960.6666666666667 6339.333333333333 6505.666666666667 2546.6666666666665 5524.666666666667 6220.666666666667 2597.6666666666665
MGG_05650T0 1480.6666666666667 2430 906 3180 3096.3333333333335 1276 2802 3394 1376.3333333333333
MGG_08826T0 568.3366666666667 783.7623333333333 618.3116666666666 1479.2796666666668 1446.1566666666663 459.9633333333333 1533.5663333333334 1342.27 765.7443333333333
MGG_06317T0 1133.6666666666667 2167.6666666666665 1128 3322.6666666666665 2687 1330.6666666666667 3188 2749 1319.3333333333333
MGG_09170T0 4024.6666666666665 6341.333333333333 4242.666666666667 9081.333333333334 8428.666666666666 4024 8664 8784 4974
MGG_11491T0 2266 3230.6666666666665 2209.6666666666665 4714.333333333333 4503.333333333333 2795.6666666666665 4703.666666666667 4448.333333333333 2869
MGG_06276T0 2064.3333333333335 4544 2320.6666666666665 5953.666666666667 7267.666666666667 3640 6048 7600.666666666667 3811.3333333333335
MGG_05609T0 528 894.3333333333334 572.3333333333334 1154 1153 690 1058.3333333333333 1058 665.6666666666666
MGG_08092T0 1467.3333333333333 3345.6666666666665 2084.3333333333335 4506.666666666667 4401 2365 4346.666666666667 4862.666666666667 2653.3333333333335
MGG_03991T0 454.3333333333333 1103.6666666666667 595.3333333333334 1497.3333333333333 1397.3333333333333 790 1220 1564.3333333333333 743
MGG_06426T0 1053.6666666666667 2088 1463 2941 2928 1677.6666666666667 2498 2875.3333333333335 1565
MGG_12922T0 895 1527.6666666666667 1207.6666666666667 1862.6666666666667 1751 1428.3333333333333 2065.3333333333335 1918.3333333333333 1154.4133333333334
MGG_04182T0 921.6666666666666 1452.3333333333333 1245 2064 1828.3333333333333 1259.6666666666667 2062.3333333333335 2153.3333333333335 1110.6666666666667
MGG_00879T0 458.6666666666667 968 521 1385.3333333333333 1093.3333333333333 669.6666666666666 1138.3333333333333 1339.3333333333333 594.3333333333334
MGG_16827T0 29.333333333333332 77 41.333333333333336 118.33333333333331 92.33333333333331 62.666666666666664 107 124 44.333333333333336
MGG_05727T0 2314.6666666666665 2786 2813 4821.333333333333 4202.666666666667 2888 4760.666666666667 4819.333333333333 3258.6666666666665
MGG_16166T0 14.666666666666666 17.333333333333332 16.666666666666668 55 45.666666666666664 15 45.333333333333336 58.666666666666664 19.666666666666668
MGG_11174T0 4590.333333333333 5991.666666666667 5142.333333333333 10691 8817.333333333334 6055 9191.333333333334 10992.333333333334 4261.666666666667
MGG_15816T0 23.666666666666668 38.666666666666664 24.666666666666668 123 95.66666666666669 65 94.66666666666669 142 33.666666666666664
MGG_15533T0 25.666666666666668 61.666666666666664 30 119 104 73.66666666666667 95.33333333333331 117 60.333333333333336
MGG_02913T0 2416.6666666666665 3441.3333333333335 2876 6575 6246 4586.333333333333 5814.333333333333 6361 2359
MGG_11156T0 140.33333333333334 152.33333333333334 110 276 289.3333333333333 219.66666666666663 252.33333333333337 298 154.66666666666666
MGG_10529T0 717.6666666666666 676.3333333333334 1117.6666666666667 1937 1699.6666666666667 1114.3333333333333 1199.3333333333333 3084.6666666666665 1143.6666666666667
MGG_17141T0 9.666666666666666 7 10 27.333333333333332 39.333333333333336 19 28 53 23
MGG_07023T0 110.33333333333331 113 121.66666666666669 208 292.3333333333333 141.66666666666666 180 399 163
MGG_00171T0 1694.6666666666667 1991.6666666666667 1615 3424.6666666666665 3815.6666666666665 1842.3333333333333 2486.6666666666665 5309 2059.6666666666665
MGG_07319T0 2493 4597.333333333333 3457 9480.333333333334 11202 8566.666666666666 9498.666666666666 14972.333333333334 4388.33
MGG_12530T0 223.33333333333337 233.33333333333337 183 563.6666666666666 531.6666666666666 377.6666666666667 624.6666666666666 992 351.6666666666667
MGG_06555T0 451.6666666666667 344.6666666666667 416.3333333333333 772.6666666666666 715 613.3333333333334 731.3333333333334 1008 479.3333333333333
MGG_06569T0 3711.6666666666665 2728 2284.3333333333335 7446.666666666667 5848 2845 7975.666666666667 9006.666666666666 4097
MGG_03057T0 790.6666666666666 419 524.6666666666666 1350 1194.6666666666667 710 1397.3333333333333 1713.3333333333333 614.6666666666666
MGG_09991T0 3153 1701.6666666666667 2018.6666666666667 4890.333333333333 4199.666666666667 2546.3333333333335 5534 6112 2507.3333333333335
MGG_12335T0 3141.3333333333335 3268 2490.3333333333335 6473.333333333333 7072.666666666667 2328 6848.333333333333 9268.666666666666 2904
MGG_17733T0 455.5296666666667 367.593 327.526 719.0983333333334 818.8536666666666 359.6103333333333 887.8966666666666 1187.5233333333333 538.039
MGG_12130T0 2816.133333333333 3372.24 2203.9933333333333 5810.41 6469.33 3775.8766666666666 6633.463333333333 8514.963333333333 2037.6833333333336
MGG_04411T0 573.6666666666666 464.6666666666667 304.3333333333333 804.6666666666666 989 622.3333333333334 1081.3333333333333 1583.6666666666667 372.6666666666667
MGG_15727T0 384.6666666666667 239.66666666666663 131 555.6666666666666 557 304.3333333333333 602.3333333333334 827.3333333333334 215.66666666666663
MGG_08858T0 3549.6666666666665 2670.6666666666665 2949 6209.666666666667 5700.666666666667 3128.3333333333335 5417 7643.666666666667 2534.6666666666665
MGG_01199T0 679 555 410.3333333333333 1731.3333333333333 2209.6666666666665 487.6666666666667 1186.6666666666667 2673.3333333333335 278
MGG_03997T0 5005.06 5016.786666666667 3736.423333333333 12024.403333333334 12909.4 5452.03 10877.566666666668 19938.63333333333 3668.58
MGG_12400T0 1.6666666666666667 4.666666666666667 3.666666666666667 13 13.668056666666669 6 10.333333333333334 20.666666666666668 3.67064
MGG_01106T0 1416.3333333333333 748.6666666666666 752.6666666666666 1962 1452.3333333333333 1083.6666666666667 1332.3333333333333 2325.6666666666665 858.3333333333334
MGG_15125T0 28.333333333333332 19.333333333333332 7 40.333333333333336 30 25 37.333333333333336 55.333333333333336 30.333333333333332
MGG_15591T0 67.33333333333333 40 17.333333333333332 63.666666666666664 68 58.666666666666664 75.66666666666667 136.66666666666666 46.666666666666664
MGG_02612T0 8000.333333333333 4146.666666666667 11500.333333333334 4415.666666666667 13460.666666666666 15063 5689.666666666667 16980 11811.666666666666
MGG_09565T0 7055.406666666667 4538.016666666666 8128.413333333334 5118.716666666667 11242.133333333331 8452.216666666667 5524.58 12875.966666666667 9491.72
MGG_10525T0 1864.6666666666667 2750.6666666666665 3612.6666666666665 1695.3333333333337 6912.333333333333 5506.666666666667 1446.3333333333333 9179.666666666666 2932
MGG_13165T0 521.6666666666666 2605.3333333333335 2241.6666666666665 472.3333333333333 6767.666666666667 5424.333333333333 598.6666666666666 6772.333333333333 2232
MGG_08102T0 278.3263333333333 434.8433333333333 565.9606666666666 158.66666666666666 1184.8686666666667 1022.0293333333332 141 1189.45 606.527
MGG_15447T0 40.666666666666664 94 212.33333333333337 115.33333333333334 337 190.33333333333337 53 377 133
MGG_03542T0 552.3333333333334 1374.3333333333333 3404.3333333333335 867 3841 3333.3333333333335 780.3333333333334 4568.333333333333 2147.6666666666665
MGG_16026T0 14.333333333333332 35.66666666666667 56.33333333333333 3.333333333333333 66 77.66666666666667 2 101.66666666666669 114
MGG_01198T0 484 259.6666666666667 486.6666666666667 272.6666666666667 556 663 294.6666666666667 929.6666666666666 933
MGG_09304T0 745 612.6666666666666 470.3333333333333 354.3333333333333 1033.6666666666667 1120 462.3333333333333 1220.6666666666667 1268.3333333333333
MGG_05083T0 2465.25 1861.9333333333336 2399.15 1161.4233333333334 3759.056666666667 3590.79 1123.6133333333332 4773.843333333333 4495.54
MGG_10111T0 54 72 82.66666666666667 77 198 188.66666666666663 114.33333333333331 272.6666666666667 245
MGG_15023T0 217.66666666666663 726.3333333333334 797.6666666666666 695 1646.6666666666667 1071 1034.6666666666667 2265.3333333333335 2196
MGG_16481T0 31.889 48.91096666666667 23.6146 24.753566666666668 78.49666666666667 51.91836666666667 22.030966666666668 114.24333333333333 105.9609
MGG_02890T0 335.3333333333333 367 207 267.6666666666667 708 341.3333333333333 375 1041.3333333333333 936
MGG_16710T0 43.71523333333333 71 38.333333333333336 54.666666666666664 208.027 92.35166666666667 86.66666666666667 310 238
MGG_07199T0 73 216.33333333333337 105.66666666666669 79.66666666666667 328.6666666666667 147.66666666666666 128 319 284.3333333333333
MGG_00892T0 1423 6181.666666666667 2079.6666666666665 2864.3333333333335 18892.333333333332 4911.666666666667 5215 21158 19498
MGG_09408T1 348.27666666666664 568.779 391.70733333333334 394.25033333333334 1142.9736666666668 648.7846666666667 540.2406666666667 1106.2516666666666 1176.1203333333333
MGG_08767T0 45.333333333333336 182.66666666666663 171.66666666666666 163.33333333333334 346.3333333333333 264.3333333333333 110.66666666666669 328 286.3333333333333
MGG_07112T0 228 623.6666666666666 334.3333333333333 146 1040.3333333333333 690.6666666666666 142.66666666666666 1396.6666666666667 815.6666666666666
MGG_01071T0 348 699 873.6666666666666 352.3333333333333 1672.3333333333333 876.3333333333334 331.3333333333333 2139.3333333333335 1404
MGG_13584T0 42 254.66666666666669 208.33333333333337 115 484.6666666666667 289.6666666666667 104.33333333333331 555.3333333333334 377.6666666666667
MGG_07491T0 94.66666666666669 123 167 86.66666666666667 396.6666666666667 147.33333333333334 122.33333333333331 418 334.6666666666667
MGG_01981T0 424 419.3333333333333 475.3333333333333 306.3333333333333 998.6666666666666 485 290.3333333333333 1078 693.6666666666666
MGG_06588T0 69.66666666666667 85 86 35.666666666666664 230.33333333333337 111.33333333333331 69 199.66666666666663 145
MGG_17336T0 2.3333333333333335 11.666666666666666 19.333333333333332 4.333333333333333 51 46.666666666666664 8.333333333333334 147.33333333333334 77.33333333333333
MGG_07666T0 152 304.6666666666667 322.3333333333333 174 923.3333333333334 736.3333333333334 479 1706.3333333333333 909
MGG_15121T0 3.333333333333333 14.333333333333334 24.666666666666668 4 48.66666666666667 28 25.666666666666668 104.66666666666669 57
MGG_14463T0 395 325.387 471 461 576.5713333333333 546.6983333333334 437.7656666666667 870.799 671
MGG_16011T0 0.33333333333333337 3.333333333333333 13 2 20.333333333333336 18 11.333333333333334 55.666666666666664 41.333333333333336
MGG_10694T0 185.33333333333337 194.66666666666663 461.3333333333333 331 565 396 372.3333333333333 1117 798
MGG_09130T0 2.666666666666667 1 2 0 5.666666666666667 7 1.6666666666666667 11.666666666666666 6
MGG_16017T0 19.333333333333332 134.66666666666666 104.33333333333331 51 335.3333333333333 305 62.333333333333336 558.6666666666666 343
MGG_03967T0 49.666666666666664 48 94 65.66666666666667 129.33333333333334 126 44.666666666666664 194.33333333333337 139
MGG_16261T0 0.6666666666666666 7 11.666666666666666 2 12 11.333333333333334 1.3333333333333333 35 11.333333333333334
MGG_03544T0 19.666666666666668 18.333333333333332 56.666666666666664 18.333333333333332 85.33333333333333 70 21.666666666666668 142.66666666666666 60.333333333333336
MGG_16226T0 0.33333333333333337 1.6666666666666667 8.333333333333334 2 11 7 0.33333333333333337 20 5.333333333333333
MGG_16099T0 94.33333333333331 44.666666666666664 114.66666666666669 28.666666666666668 141.66666666666666 100.66666666666669 79.33333333333333 233 86.33333333333333
MGG_15535T0 151.66666666666666 148 407 151.33333333333334 420 285.3333333333333 334.3333333333333 677.3333333333334 322.3333333333333
MGG_08547T0 2656 2370.6666666666665 1325.3333333333333 1824.6666666666667 3878.6666666666665 2837.3333333333335 2315 3969.3333333333335 2989
MGG_03599T0 627 429.44666666666666 367.043 386 697.0976666666667 754.868 555.7666666666667 799 427.6666666666667
MGG_16250T0 137 105.33333333333331 79 56.666666666666664 175 200.66666666666663 116.33333333333331 249.66666666666663 115.33333333333331
MGG_16394T0 25.666666666666668 25 17 18.666666666666668 37 41 22.333333333333332 61.666666666666664 23.666666666666668
MGG_07029T0 214.66666666666663 1028 327.3333333333333 97.33333333333331 913.3333333333334 721.6666666666666 91 1471.3333333333333 353
MGG_15339T1 29.128 200.19133333333332 49.99816666666667 115.37236666666668 191.58 189.968 67.29936666666667 281.1843333333333 143.65783333333334
MGG_02483T0 375.89233333333334 1111.1566666666668 359.89433333333335 648.3103333333333 1137.1533333333334 865.844 472.994 1407.0433333333333 625.72
MGG_17938T0 2 5.333333333333333 0.6666666666666666 1.6666666666666667 7 6 1.3333333333333333 10 6.333333333333333
MGG_07476T0 1221.8506666666667 8579.869999999999 2738.8566666666666 3741.39 7167.053333333333 4975.77 3543.1233333333334 10867.65 8303.063333333334
MGG_09467T0 68 121.33333333333331 53 71.33333333333333 115 86 82.33333333333333 155.66666666666666 124
MGG_14851T0 67.66666666666667 109.66666666666669 47.666666666666664 57 98.66666666666669 105.33333333333331 104.33333333333331 188.33333333333337 91.66666666666669
MGG_12999T0 1400 2185.3333333333335 604.6666666666666 1287.3333333333333 2629.3333333333335 802.6666666666666 1262.3333333333333 3027 1445.6666666666667
MGG_15875T0 6.666666666666667 35.666666666666664 5.333333333333333 1 32.666666666666664 5 17.333333333333332 52.666666666666664 20
MGG_00909T0 830.6666666666666 1981.6666666666667 621.6666666666666 1256.6666666666667 2141.3333333333335 1132.3333333333333 1204.3333333333333 3236 1474.3333333333333
MGG_00580T0 2.3333333333333335 9 0 0 10.666666666666666 1.3333333333333333 5 24.666666666666668 3.3333333333333335
MGG_11861T0 8887 4437 4573.333333333333 10411.333333333334 13490.666666666666 7354 8814 17336.666666666668 5143.333333333333
MGG_05109T0 7798 5896.333333333333 2364 10420 14354.666666666666 3733.6666666666665 8927 17352 1951.3333333333333
MGG_06322T0 2217.2466666666664 1303.56 1110.9403333333332 2119.4466666666667 3139.8433333333332 1328.8633333333337 2065.48 3633.5233333333335 1187.7233333333334
MGG_05749T0 83.33333333333333 55.666666666666664 52 102 169.33333333333334 62 104.33333333333331 177 47.333333333333336
MGG_01976T0 3224 3948.6666666666665 1334 4057.6666666666665 6532.333333333333 3272.6666666666665 4188 6859.333333333333 2046.6666666666667
MGG_06631T0 1874.3333333333333 3198 2348.6666666666665 3810.3333333333335 5039 2106 3066.3333333333335 6559.666666666667 993.6666666666666
MGG_05904T0 3485.3333333333335 4487.333333333333 1890 6794.66 11580.666666666666 3305.6666666666665 5545.986666666667 14376.666666666666 1504.3333333333333
MGG_05327T0 1944 2432 745.3333333333334 2336.3333333333335 5815 1309 1711 7841 458.3333333333333
MGG_05326T0 2609.6666666666665 6226.666666666667 2626.6666666666665 6422 9533.333333333334 2596.6666666666665 5036.333333333333 11138.333333333334 2401.6666666666665
MGG_06507T0 1104 3262.3333333333335 1275 2730 4941.666666666667 1497 2040 6774.666666666667 1536.3333333333333
MGG_09893T0 180 411.8636666666667 92.66666666666669 366.6666666666667 745.7126666666667 229 315 925.8873333333332 188.33333333333337
MGG_12613T0 164.66666666666666 167.33333333333334 117.66666666666669 274.6666666666667 595.6666666666666 178 842.3333333333334 1029.3333333333333 257
MGG_13771T0 25 21 10 33.333333333333336 62 5.666666666666667 72 105 13.333333333333334
MGG_03014T0 2950 2988.6666666666665 1460.3333333333333 4099.666666666667 8332.333333333334 3084.3333333333335 6389.333333333333 9685.333333333334 2225.6666666666665
MGG_02942T0 1351 1496.3333333333333 976.3333333333334 1638.3333333333333 3129.3333333333335 1579 3040.3333333333335 4720.333333333333 1149.3333333333333
MGG_06179T0 1437.59 1318.8233333333333 526.7753333333334 1014 3675.026666666666 595.6666666666666 2628.5666666666666 5004.333333333333 628.9546666666666
MGG_06324T0 24413 10295.666666666666 6164 16495.666666666668 37290 4887.666666666667 29583.333333333332 59705.333333333336 4434
MGG_08274T0 558.3333333333334 368 171.33333333333334 96 698.6666666666666 222.33333333333337 621.6666666666666 1052.6666666666667 363.6666666666667
MGG_11259T0 24895 21000 22891.666666666668 17419 49803.333333333336 28481.666666666668 35528 61858.333333333336 15332
MGG_16998T0 5.2791966666666665 1.8374066666666664 1.010136666666667 1.10546 22.7529 3.41247 12.899383333333333 50.111266666666666 2.1181666666666668
MGG_02545T0 510.6666666666667 225.66666666666663 87.66666666666667 126.33333333333334 980.3333333333334 74.66666666666667 322.6666666666667 2357.6666666666665 63
MGG_01301T0 218 147.66666666666666 150.33333333333334 123.66666666666669 263.699 122.66666666666669 180.33333333333337 386 112.66666666666669
MGG_06650T0 13728 10260 8231.666666666666 9568.333333333334 23237.333333333332 8645.333333333334 12636 27202.333333333332 6366
MGG_09901T0 4439.333333333333 2149.3333333333335 1634.3333333333333 3081.6666666666665 7283.666666666667 1823.3333333333333 3906.3333333333335 10097.666666666666 2420.3333333333335
MGG_06323T0 7274.086666666666 4527.7733333333335 2629.7266666666665 4887.219999999999 13245.476666666667 2424.1366666666668 5482.8533333333335 19029.8 1812.2766666666664
MGG_04853T0 12428 9174.666666666666 7643.666666666667 9881.333333333334 19580.666666666668 6960.333333333333 9465.666666666666 29564.333333333332 7279.333333333333
MGG_11205T0 5343.7266666666665 3115.7866666666664 3698.5033333333336 3452.133333333333 7964.056666666666 3910.136666666667 5588.193333333334 9971.813333333334 4605.176666666666
MGG_00541T0 2939.6666666666665 1222.3333333333333 2085 1712 3145.3333333333335 1675.3333333333333 2288 4597 1752.6666666666667
MGG_07209T0 2702.6666666666665 1555 2229.3333333333335 1783 2942.6666666666665 1872.3333333333333 2328.3333333333335 4179.666666666667 2355.6666666666665
MGG_03091T0 2000 4754 2689.6666666666665 4342 10501.666666666666 7732.333333333333 3875.6666666666665 10289.333333333334 7891.666666666667
MGG_13781T0 7013.333333333333 8464.666666666666 4942 8701.666666666666 17761 13651.333333333334 10129 17275.666666666668 11568.333333333334
MGG_15994T0 5.333333333333334 10.333333333333332 8.666666666666666 36.666666666666664 55.333333333333336 46.333333333333336 25.666666666666668 87.66666666666667 34.666666666666664
MGG_07003T0 1519.271 1435.3333333333333 1749.3333333333333 2176 2828 2810.3333333333335 1582.3333333333333 3849.2166666666662 1981
MGG_02567T0 500 903.6666666666666 658.3333333333334 1034.6666666666667 2116 1706.3333333333333 947.3333333333334 2693 867
MGG_00111T0 350.6666666666667 491.3333333333333 308.6666666666667 595 926 742.6666666666666 508 1106 520.6666666666666
MGG_11149T0 1324.3333333333333 2860 1707 2405.6666666666665 4968.333333333333 3637.3333333333335 1849 5852 3238
MGG_10415T0 15.666666666666666 42.333333333333336 32.333333333333336 37.666666666666664 108.66666666666669 87.66666666666667 49 162 68.66666666666667
MGG_13772T0 193.19066666666663 201.44566666666665 438.001 189.458 524.44 62.4208 371.7466666666666 940.7783333333332 446.955
MGG_08271T1 76.44533333333334 147.5028 217.13533333333336 19.50609 416.51166666666666 103.77343333333332 32.384433333333334 757.2726666666666 259.4893333333333
MGG_06614T0 189.069 392.25166666666667 163.39833333333334 118.4484 692.0943333333333 337.974 129.05606666666665 1229.378333333333 423.9003333333333
MGG_02006T0 12.666666666666668 26.666666666666664 34 27.333333333333332 209.33333333333337 90.66666666666669 58 1102 310.3333333333333
MGG_16291T0 0 3 1 0 5 0.6666666666666667 0 15 5.333333333333333
MGG_18105T0 0.33333333333333337 2.666666666666667 2 0 20.666666666666668 3 0.6666666666666666 54 21.333333333333332
MGG_07665T0 87 117.33333333333331 94.33333333333331 80.33333333333333 314.3333333333333 107.66666666666669 107.33333333333331 725.6666666666666 288
MGG_12958T0 4483.776666666667 14009.733333333334 9143.41 7047.363333333333 29366.633333333335 9148.17 19953.566666666666 53630.73333333333 29759.233333333337
MGG_01952T0 245 101.66666666666669 87.66666666666667 193.33333333333337 879.3333333333333 71 505.3333333333333 2515.6666666666665 1221.6666666666667
MGG_03510T0 1380 1725.3333333333333 1124.3333333333333 1689.3333333333333 3019.3333333333335 1211.6666666666667 1316.6666666666667 4198 2756
MGG_00939T0 825.3333333333334 867 688.3333333333334 843.3333333333334 2083.3333333333335 934 950 2534 1462.6666666666667
MGG_16873T0 0.33333333333333337 0 0.33333333333333337 1 3.6666666666666665 0.6666666666666667 0 5.333333333333333 2.3333333333333335
MGG_16527T0 51.333333333333336 38.666666666666664 18.333333333333332 27.333333333333332 120.66666666666669 12.333333333333334 32.333333333333336 164 70
MGG_13719T0 54.9737 43.02686666666667 21.40433666666667 18.8497 100.46663333333332 18.920943333333337 42.788066666666666 131.8534 72.7779
MGG_07324T0 2850.3333333333335 2475.6666666666665 1800.3333333333333 2425.3333333333335 5418.95 1549.9033333333334 2755.3333333333335 8048.276666666667 3112
MGG_12646T0 2857.3333333333335 1983 2048.3333333333335 1735 3977.6666666666665 1834.3333333333333 2899 6495.333333333333 3201.3333333333335
MGG_00142T0 1670.6666666666667 3245.6666666666665 1230.3333333333333 1678 5564 2243 1913.3333333333333 7388.666666666667 1569
MGG_14598T0 408.6666666666667 10468.333333333334 687.6666666666666 168.66666666666666 26356.333333333332 1657 52.666666666666664 31050 750.3333333333333
MGG_10878T0 723 62988.333333333336 3934.3333333333335 3922.3333333333335 103707.66666666669 3743.6666666666665 5026.666666666667 150491.33333333334 5354.666666666667
MGG_09426T0 154.66666666666666 1951.6666666666667 161.66666666666666 89 3689 79.33333333333333 306.6666666666667 5670.333333333333 268.3333333333333
MGG_10958T0 1910.6666666666667 2082.3333333333335 1649.3333333333333 1681.6666666666667 4219.333333333333 1772.3333333333333 1585.6666666666667 5527.333333333333 1469
MGG_15749T0 4926 10970.333333333334 8651.666666666666 3340.6666666666665 30951.333333333332 5607.666666666667 3680 43732.666666666664 3791
MGG_17711T0 21.666666666666668 101 73.33333333333333 20.333333333333332 227.33333333333337 50 33 324.6666666666667 49.333333333333336
MGG_09259T0 2431.3333333333335 7033 4478 5260.333333333333 14850.333333333334 4295.666666666667 4372 18173 3809.3333333333335
MGG_03058T0 402 1619.3333333333333 1110 866.6666666666666 5062.666666666667 1217 581.6666666666666 6771 642
MGG_04575T0 1688 5390.333333333333 3387.6666666666665 3454.3333333333335 14307.666666666666 3037.6666666666665 2276.3333333333335 18669.666666666668 2273
MGG_17164T0 259.3333333333333 301.6666666666667 144.66666666666666 357 638.3333333333334 225.66666666666663 126 932.6666666666666 206.66666666666663
MGG_08751T0 64.66666666666667 278.6666666666667 116.66666666666669 210 723.6666666666666 61.666666666666664 135.33333333333334 896 209.66666666666663
MGG_16505T0 15.333333333333334 47 24.333333333333332 71.33333333333333 156.66666666666666 28.333333333333332 26.666666666666668 214 34.333333333333336
MGG_01069T0 435.4793333333334 859.3623333333334 393.59 797.2476666666666 2057.9666666666667 477.17466666666667 346.322 2943.28 642.2166666666667
MGG_01244T0 1392 2224.6666666666665 2935 2134.3333333333335 4562.666666666667 2703.6666666666665 2612.6666666666665 6616.333333333333 2235.6666666666665
MGG_03990T0 304.178 402.2053333333334 499.2443333333333 405.055 748.4253333333334 383.44166666666666 473.3713333333333 1157.346 474.08233333333334
MGG_15562T0 1 0.33333333333333337 1.3333333333333337 0 4.666666666666667 1 0 8 0
MGG_11166T0 18 12.333333333333334 17.333333333333332 7.666666666666667 76.66666666666667 42 11.666666666666666 143 17
MGG_11181T0 2548.3333333333335 2472.6666666666665 3160.3333333333335 2185.3333333333335 4591.666666666667 3395 1884.3333333333333 7023.666666666667 3074.3333333333335
MGG_05976T0 865.3333333333334 976 481 471 2133 1106 1006.6666666666666 3085 831.6666666666666
MGG_08644T0 122.66666666666666 154 76.66666666666667 79.33333333333333 341.6666666666667 207.66666666666663 195 551.3333333333334 156
MGG_01009T0 3195.3333333333335 5065.666666666667 2226.6666666666665 3215 11290.666666666666 5288 4771.333333333333 15975.333333333334 4402.666666666667
MGG_12848T0 23.333333333333332 27.666666666666668 13.666666666666666 15 62.666666666666664 22.666666666666668 27.333333333333332 96.33333333333331 24
MGG_11657T0 535.3333333333334 729 530.6666666666666 911 2402.6666666666665 1374 1136.6666666666667 3420 778.6666666666666
MGG_00707T0 759.3333333333334 774.6666666666666 657.3333333333334 708.6666666666666 2023.3333333333333 904 1064.3333333333333 2323.6666666666665 914.3333333333334
MGG_17845T0 0 5.854336666666667 5.65653 4 80.88763333333333 10.952666666666667 14.713533333333334 123.00203333333334 5.37561
MGG_01047T0 863.3333333333334 864.3333333333334 541.3333333333334 1181.3333333333333 2976.6666666666665 1310.3333333333333 684.3333333333334 4185.666666666667 943.6666666666666
MGG_15120T0 6 4 1.3333333333333337 5.666666666666667 16.333333333333332 6.333333333333333 4.666666666666667 27.666666666666668 5.333333333333333
MGG_17234T0 18.333333333333332 14 6.333333333333333 5.333333333333333 102 8 3.666666666666667 257.3333333333333 24.333333333333332
MGG_15106T0 3.6666666666666665 13 8.333333333333334 8.333333333333334 110.33333333333334 7.666666666666667 9.666666666666666 266 29
MGG_02272T0 2 5.666666666666667 5 4.333333333333333 141.33333333333334 19 1.3333333333333333 284 18
MGG_10047T0 2 3.3333333333333335 0.6666666666666667 0 18.94666666666667 4.666666666666667 0 36.22866666666667 3.6666666666666665
MGG_04049T0 251.984 509.6666666666667 268.3333333333333 335.3333333333333 992.6666666666666 208.33333333333337 379.654 1660.3166666666666 340.4836666666667
MGG_10067T0 43 318.3333333333333 53 17.666666666666668 902 108 55.666666666666664 1598.3333333333333 153
MGG_04573T0 3.6666666666666665 17.666666666666668 9 5.666666666666667 62 6 1 109 15
MGG_15530T0 53 254 206.66666666666663 63 723 97.66666666666669 119 717 122.66666666666669
MGG_05553T0 0 0 0.6666666666666667 0 3 0 0 3.6666666666666665 0.6666666666666667
MGG_07490T0 70.33333333333333 124.66666666666669 105.33333333333331 70.66666666666667 403.3333333333333 120 118.66666666666669 403.3333333333333 135
MGG_10048T0 0 1.3333333333333333 0.6666666666666667 0 13.72 1.3333333333333333 0.33333333333333337 14.104666666666668 5
MGG_00656T0 759.6666666666666 1039.3333333333333 442.3333333333333 338.3333333333333 1707 1054 548.3333333333334 1880 486
MGG_00737T0 14173 21562 9843.666666666666 5752.666666666667 37174.333333333336 18371 5514.666666666667 38811.666666666664 9094
MGG_17085T0 4 7.666666666666667 2.3333333333333335 4 15 11.333333333333334 3 16 6.333333333333333
MGG_05299T0 3653.103333333333 4686.13 3071.4966666666664 2683.03 8697.61 6999.006666666667 4035.7466666666664 10851.35 4185.786666666667
MGG_12222T0 77 170 103.33333333333331 89.33333333333333 533.6666666666666 321.3333333333333 146.66666666666666 532.3333333333334 150.33333333333334
MGG_01677T0 739.1566666666666 2476.1066666666666 2303.8033333333333 1481.5466666666666 6320.863333333334 3378.19 1063.5463333333332 6110.666666666667 1967.8566666666663
MGG_13926T0 1128.3333333333333 2854.6666666666665 758.6666666666666 674.3333333333334 22941.666666666668 5763.666666666667 353.6666666666667 18971.333333333332 1409.3333333333333
MGG_15147T0 0 0 0 0 3 1 0 2.6666666666666665 0
MGG_13578T0 132 1297 1162.6666666666667 146.66666666666666 7603.666666666667 2882 113 10475.666666666666 1152.3333333333333
MGG_04965T0 265.6666666666667 1442.3333333333333 971 139 4352.333333333333 1925.3333333333333 605.6666666666666 6490 1347
MGG_07179T0 461 769.3333333333334 641.6666666666666 510.6666666666667 1624 849 525 2275.6666666666665 683.3333333333334
MGG_09571T0 2527.3333333333335 11625.333333333334 5258.333333333333 6186.916666666667 24372.86666666667 15176.6 3823.6666666666665 29293.3 7069.333333333333
MGG_01678T0 1378.5963333333334 7611.110000000001 3828.75 3587.13 20775.366666666665 9297.993333333334 1973.91 23099.3 2901.92
MGG_08198T0 1044.3333333333333 3544 1486.3333333333333 1312.6666666666667 6657.666666666667 2885.3333333333335 1281.6666666666667 7001.666666666667 1499.3333333333333
MGG_10409T0 52.333333333333336 614.3333333333334 208.3726 104.66666666666669 1732 489.3333333333333 108.33333333333331 1967.66 259.3333333333333
MGG_11146T0 285.6666666666667 988.6666666666666 362.6666666666667 91 2065.6666666666665 700 354.6666666666667 2647.6666666666665 368.6666666666667
MGG_09519T0 1345.3333333333333 3295 1888 1234.3333333333333 7419.666666666667 4009.3333333333335 1355.3333333333333 9254.666666666666 1935.3333333333333
MGG_02626T0 791.6666666666666 1672.6666666666667 1173 582.6666666666666 3787.6666666666665 1689 596 4586.333333333333 1048.3333333333333
MGG_10568T0 5017.666666666667 4419 6351 2502 12137.333333333334 6278.333333333333 3552 14590 5209
MGG_00393T0 315.3333333333333 840.3333333333334 1028 368 2473.3333333333335 1007.6666666666666 336 2933.3333333333335 1048.3333333333333
MGG_02696T0 10367 19424 14567.666666666666 4355.666666666667 45833.666666666664 25621.666666666668 5232.333333333333 52455.333333333336 18355
MGG_05979T0 326 734.3333333333334 313.6666666666667 721.3333333333334 1393 571 1093 1829.6666666666667 840.6666666666666
MGG_03384T0 1362.96 6985.33 2109.7366666666667 2403.6666666666665 13758.333333333334 3910.61 7472.98 15908 3710.9366666666665
MGG_02727T0 649 1737.3333333333333 773.6666666666666 962.6666666666666 2765.6666666666665 702 2412.3333333333335 3114.3333333333335 1157
MGG_01067T0 218 571.6666666666666 580.3333333333334 413 969 453 516.6666666666666 981.3333333333334 640.6666666666666
MGG_12652T0 1443.3333333333333 2236.3333333333335 1735.3333333333333 2067 4986.333333333333 2873.3333333333335 2761 5956.333333333333 3479.3333333333335
MGG_01680T0 306.6666666666667 1137.3333333333333 460.3333333333333 581 2067.6666666666665 592 900 2264 1273.3333333333333
MGG_15753T0 379.0523333333333 1120.96 713.5366666666666 806.417 1632.86 799.2116666666667 892.4233333333334 2037.57 943.3116666666668
MGG_04494T0 724.6666666666666 1641.3333333333333 1149.3333333333333 1256.3333333333333 2181.3333333333335 1590 1564.6666666666667 2748.6666666666665 1600.6666666666667
MGG_10514T0 384 5339.666666666667 1744.3333333333333 349.3333333333333 15403.333333333334 5489 123 5069.333333333333 523.3333333333334
EFMOT00000000379 3.333333333333333 0.33333333333333337 0.6666666666666667 1.3333333333333337 11 3 2 4.333333333333333 3.666666666666667
MGG_09965T0 2073.3333333333335 3159.6366666666668 852.3333333333334 1778.6633333333334 3652.3133333333335 2371 799.3333333333334 3325.6666666666665 1143.6666666666667
MGG_16482T0 21.502166666666668 355.34066666666666 160.916 16.369166666666665 328.09866666666665 255.82433333333333 75.03596666666667 337.16366666666664 217.42166666666665
MGG_10203T0 190.5136666666667 808.2913333333333 672.4806666666667 395.03933333333333 955.508 564.3266666666667 443.6673333333333 837.155 779.926
MGG_03929T0 345.6666666666667 1080.6666666666667 918 830.6666666666666 1551.6666666666667 906.6666666666666 836.3333333333334 1347.6666666666667 1177.6666666666667
MGG_00485T0 111.1066 404.05 264.2416666666667 240.496 593.499 345.10200000000003 183.722 536.9113333333333 350.4323333333333
MGG_07501T0 223 928.3333333333334 670.6666666666666 490.3333333333333 1245 675.3333333333334 463.6666666666667 1148.3333333333333 895
MGG_03656T0 292.6666666666667 1269 775.3333333333334 522.3333333333334 1535.3333333333333 880.6666666666666 656.6666666666666 1364 1027.6666666666667
MGG_05040T0 107 386 223.66666666666663 282.6666666666667 465 252.33333333333337 210.33333333333337 407 326
MGG_16116T0 253 1209.3333333333333 527.6666666666666 616.6666666666666 1404 820 359.3333333333333 1014.6666666666666 707.3333333333334
MGG_01512T0 134.33333333333334 518.6666666666666 272.3333333333333 276.6666666666667 610 399 274.6666666666667 517.3333333333334 328.3333333333333
MGG_00161T0 409.6666666666667 1256 692.6666666666666 1109.3333333333333 1890.6666666666667 1210 995 1328.3333333333333 1263.6666666666667
MGG_07532T0 123.128 657.94 493.75966666666665 449.596 836.0013333333334 660.6333333333333 393.32233333333335 617.653 573.5363333333333
MGG_00690T0 1.6666666666666667 11.023833333333334 7.333333333333333 7.333333333333333 16.38426666666667 11.333333333333334 5 10.346063333333332 8.666666666666666
MGG_15140T0 1923.6666666666667 4967 3534.6666666666665 4031.6666666666665 5798.666666666667 2875.6666666666665 2829.3333333333335 4610.333333333333 3569
MGG_00982T0 1491 4001.6666666666665 3182.3333333333335 3566.6666666666665 5571.333333333333 2659 3206.6666666666665 4105.333333333333 3046.3333333333335
MGG_07917T0 97.66666666666669 382.6666666666667 188.66666666666663 304.3333333333333 568.3333333333334 144.33333333333334 225 404.3333333333333 197
MGG_13241T0 4.333333333333333 37.666666666666664 19.666666666666668 5.333333333333333 43.333333333333336 21.333333333333332 23.333333333333332 45 30.666666666666668
MGG_10420T0 312 2144.3333333333335 443.3333333333333 490.6666666666667 2648 834 1021 3334 1064.3333333333333
MGG_17440T0 254.33333333333337 703.6666666666666 432 386.6666666666667 797 502.3333333333333 515 893 498
MGG_11727T0 692.3333333333334 3206 1589.6666666666667 1553.6666666666667 3180.3333333333335 1787.6666666666667 1588.6666666666667 3912 2439.6666666666665
MGG_01407T0 494 2755.3333333333335 1280.3333333333333 1016 3142.6666666666665 1581.6666666666667 745 3365.6666666666665 1695
MGG_01628T0 351.6666666666667 2867 1248.3333333333333 801.6666666666666 2795 535 1812.3333333333333 3345.6666666666665 930.3333333333334
MGG_04377T0 611 2259 1508.6666666666667 1430.3333333333333 2353.6666666666665 1072 1371.3333333333333 2774.3333333333335 1326.6666666666667
MGG_00590T0 422 1913.6666666666667 1085.6666666666667 1005.6666666666666 2053.3333333333335 933 1142.6666666666667 1847.6666666666667 989.6666666666666
MGG_17817T0 199.56946666666667 469.387 284.7593333333333 372.599 618.1446666666667 416.8736666666667 268.74399999999997 711.9309999999999 327.03133333333335
MGG_15325T0 2260 7411 2843.3333333333335 4671 11427.333333333334 5391 3847 13465.666666666666 3400
MGG_17195T0 346.3333333333333 1687.6666666666667 763.3333333333334 1378 2602.3333333333335 1132.6666666666667 851 2426.6666666666665 974.6666666666666
MGG_00841T0 346.3333333333333 1250.6666666666667 410.6666666666667 1030.3333333333333 1566.6666666666667 934.3333333333334 677.6666666666666 1554.3333333333333 674.3333333333334
MGG_03282T0 134.79233333333335 379.59133333333335 209.70866666666663 274.4963333333333 512.0896666666666 185.423 316.072 439.7286666666667 320.61033333333336
MGG_04663T0 252.9283333333333 619.1646666666667 304.4103333333333 432.43533333333335 857.0773333333333 330.4433333333333 608.713 868.7056666666666 502.172
MGG_01726T0 539.3333333333334 1481.3333333333333 945.6666666666666 1134.3333333333333 2006.3333333333333 960 1087.6666666666667 1959.6666666666667 1031.6666666666667
MGG_00691T0 288.3333333333333 1009.976 433.3333333333333 763.6666666666666 1377.2833333333333 494 697.3333333333334 1347.986666666667 562
MGG_06499T0 680.0436666666667 2135 1262.3366666666666 1788.7833333333333 2704.7833333333333 1190.753333333333 1483.278 2685.7366666666667 1318.38
MGG_03191T0 846.2733333333333 2991.2966666666666 1253.6833333333332 2064.746666666667 4831.483333333334 1896.8166666666664 2617.55 4558.9366666666665 1994.4633333333331
MGG_06162T0 298.3333333333333 1275.3333333333333 497.6666666666667 654.6666666666666 1970.3333333333333 685 808.3333333333334 1700.6666666666667 614
MGG_08071T0 501.6666666666667 1963 846 1094.3333333333333 2518.2166666666667 982.5733333333334 1338 2563.3333333333335 980.1736666666668
MGG_03222T0 325.594 1606.5 560.6096666666667 900.93 2086.1133333333332 849.6156666666667 825.0766666666667 1978.4166666666667 770.2243333333333
MGG_02781T0 1001 4221 1471 2428.6666666666665 5119 2097.6666666666665 2175.6666666666665 4453.333333333333 2916.3333333333335
MGG_00487T0 586 2288 788.6666666666666 1245.3333333333333 2796.6666666666665 1022 1442.6666666666667 2665.3333333333335 1414
MGG_05095T0 783.6666666666666 3005.3333333333335 1257.6666666666667 1919.6666666666667 3001.3333333333335 1714.3333333333333 1903.6666666666667 3137 1784.3333333333333
MGG_04528T0 517.6666666666666 2221.6666666666665 1164.6666666666667 1547.3333333333333 2620 1464 1358.3333333333333 2378.3333333333335 1447
MGG_06395T0 688 2758 1397.6666666666667 1618.6666666666667 3301 1774 1531.3333333333333 3176.6666666666665 1807.3333333333333
MGG_04831T0 778.2273333333334 2185.24 1296.503333333333 1654.5433333333333 2670.0033333333336 1561.35 1709.82 2810.4 1675.73
MGG_04617T0 1493 4377.333333333333 2460 3109.3333333333335 5346 3145 3411.3333333333335 4923.333333333333 3299
MGG_15773T0 994.3333333333334 11544 1959.6666666666667 3533 13736.666666666666 2375 2501.3333333333335 16574 1732.3333333333333
MGG_07146T0 1151.6666666666667 4572.486666666667 1771.86 2893.266666666667 5973.21 1462.3333333333333 1332.8566666666666 6332.076666666667 1365.1366666666668
MGG_17813T0 727.3333333333334 3852.3333333333335 759.3333333333334 941.3333333333334 6247.333333333333 750.6666666666666 2418 5369.333333333333 1189.6666666666667
MGG_00295T0 491.51966666666664 9882.023333333333 648.9383333333333 1336.39 14271.213333333331 795.602 1362.3066666666666 14182.556666666667 1171.9336666666666
MGG_00259T0 418.3333333333333 30973.666666666668 1389.3333333333333 521.3333333333334 45505 1409.3333333333333 2218 43721.666666666664 1953
MGG_03625T0 537.3333333333334 3333.6666666666665 870.6666666666666 1276.6666666666667 5591 1068.3333333333333 1240.6666666666667 5103 1201
MGG_07206T0 8.343966666666667 68.8172 8.668686666666666 22.70706666666667 104.6653 21.684633333333338 18.003466666666668 96.196 32.36323333333333
MGG_01982T0 655 3747 1271.3333333333333 1377 6609.666666666667 1443.3333333333333 2477 7147.333333333333 1572.6666666666667
MGG_17471T0 1378 8842 1465 4369.666666666667 15270 1886 3624.3333333333335 15925 2182.6666666666665
MGG_00105T0 514.8993333333333 1996.8666666666663 1640.8233333333333 1147.669666666667 2951.48 931.964 1230.3719999999998 2436.7966666666666 947.077
MGG_05315T0 954.6436666666668 4681.526666666667 3376.5933333333332 2173.2166666666667 8685.996666666666 2915.06 2233.56 7191.473333333333 2863.403333333333
MGG_05521T0 135.66666666666666 998 536.3333333333334 334 1450 489.6666666666667 368.3333333333333 1217.6666666666667 442
MGG_02784T0 289 1652.6666666666667 764.6666666666666 657.6666666666666 2077.6666666666665 658.6666666666666 696 1782.6666666666667 857.6666666666666
MGG_18092T0 309 596.6666666666666 164.66666666666666 268 1376.6666666666667 383 144 1119.6666666666667 406.6666666666667
MGG_04699T0 602.6666666666666 2974.6666666666665 546.3333333333334 855.6666666666666 6395.333333333333 2182.6666666666665 367.3333333333333 4681 862.3333333333334
MGG_16044T0 39.333333333333336 547 82 64 1674.6666666666667 153.33333333333334 23 1079 59.66666666666667
MGG_04637T0 669.3333333333334 6975 1167.6666666666667 1590.3333333333333 7232.333333333333 2510.6666666666665 1017 5248.333333333333 1736
MGG_04440T0 157.66666666666666 4947 555 532.3333333333334 5927 1194.3333333333333 332.6666666666667 3459.3333333333335 706.3333333333334
MGG_09227T0 126.33333333333331 3577.3333333333335 478.3333333333333 89.66666666666667 3645.3333333333335 1331 75.33333333333333 2987.6666666666665 924
MGG_03286T0 136.10333333333332 5227.953333333333 837.1696666666667 95.588 5545.363333333333 1753.24 108.14076666666666 3797.993333333334 1301.5
MGG_01848T0 50.25313333333333 1296.91 173.91666666666669 48.6588 1365.3656666666666 429.0846666666667 96.60506666666666 956.3636666666667 297.241
MGG_12315T0 246.33333333333337 8398.666666666666 721.6666666666666 232 7129.666666666667 1734.3333333333333 320 4886.333333333333 886
MGG_01444T0 1176 31886 3692.3333333333335 695 27884.666666666668 6740.666666666667 1378.3333333333333 18865 4900.333333333333
MGG_01236T0 71.33333333333333 7926.333333333333 767 40.666666666666664 7869 1971.3333333333333 34 4761 1156
MGG_00757T0 150.83233333333334 8993.863333333333 905.5083333333332 170.33333333333334 8782.126666666667 1864.986666666667 210.54 5370.806666666666 1318.5
MGG_03901T0 188.09766666666667 5343.206666666667 713.9333333333334 106 5903.66 1356.9133333333334 275.019 3782.7 881.5066666666667
MGG_11899T0 304.6666666666667 5364 757 142.66666666666666 5684 1474.3333333333333 246.66666666666663 3480.3333333333335 1070.6666666666667
MGG_16494T0 0.16666666666666669 448.8883333333333 3.6666666666666665 0 527.2203333333333 5.666666666666667 0 340.556 28.066666666666663
MGG_17536T0 101.19196666666666 869.8783333333333 76.8065 61.14706666666667 1128.9543333333334 130.81466666666665 63.645266666666664 822.7886666666667 242.023
MGG_17557T0 235.33333333333337 1220 328.3333333333333 317.3333333333333 1653.3333333333333 671.3333333333334 248.66666666666663 1145 549.6666666666666
MGG_03700T0 198 3314.3333333333335 525 335.3333333333333 4616.333333333333 1232 553.3333333333334 3352.6666666666665 830
MGG_00479T0 107.43593333333334 2917.9266666666667 433.1306666666667 79.59023333333333 4221.376666666667 981.894 174.327 3247.4933333333333 562.2563333333334
MGG_08594T0 114.4428 2447.2266666666665 433.07366666666667 94.9722 3429.17 905.6403333333332 175.723 2419.1433333333334 592.7906666666667
MGG_06839T0 115.66666666666669 3216 680 92.33333333333331 4393.666666666667 1291.3333333333333 101 3198.6666666666665 875.3333333333334
MGG_04912T0 431 2412.6666666666665 533.6666666666666 457.6666666666667 3048 1115 478.6666666666667 2332.6666666666665 716.3333333333334
MGG_08574T0 1598 20686 3802.3333333333335 1748 28185 9141.666666666666 1301 20773 4058
MGG_08566T0 113.66666666666669 572.3333333333334 113.66666666666669 92 751.6666666666666 277.6666666666667 109 483 187.66666666666663
MGG_02523T0 80.66666666666667 2102.3333333333335 289.3333333333333 105 2472 669.6666666666666 212.33333333333337 1567.3333333333333 421.3333333333333
MGG_03223T0 101.40593333333334 4158.833333333333 547.057 84.06836666666666 5352.886666666667 1393.72 113.5889 3405.25 828.4423333333333
MGG_05060T0 60.666666666666664 3273.6666666666665 458 43.333333333333336 4134.666666666667 1187.6666666666667 46 2800.3333333333335 637.6666666666666
MGG_03693T0 542 1700 463.3333333333333 644 2541 1072 668.6666666666666 2206.3333333333335 749
MGG_02986T0 143.79326666666668 655.7886666666667 177.691 277.765 1011.251 403.75966666666665 194.72266666666667 936.8356666666666 268.302
MGG_07734T0 516.6666666666666 6128.666666666667 1221.3333333333333 1280.3333333333333 9609 2752.3333333333335 1213.6666666666667 7416.666666666667 1747.6666666666667
MGG_08077T0 103 2063.6666666666665 370.6666666666667 38 3634.3333333333335 865.3333333333334 77 2623.6666666666665 448.6666666666667
MGG_14329T0 621.3333333333334 2565 684.4573333333333 375.6666666666667 3954.6466666666665 1359.3866666666668 622.3333333333334 3300.6666666666665 828.98
MGG_01308T0 390 2968 629 322 4237.666666666667 1445 430 3507.3333333333335 1030.3333333333333
MGG_04501T0 105.66666666666669 1023.3333333333334 246 90.66666666666669 1537 544.3333333333334 118 1348.3333333333333 391.3333333333333
MGG_08642T0 347.6666666666667 1645 355.6666666666667 346 2499 837.3333333333334 397.6666666666667 2278.3333333333335 585.3333333333334
MGG_03548T0 480.6666666666667 2023.6666666666667 518 469.6666666666667 2956.3333333333335 1202.3333333333333 692.3333333333334 2771.6666666666665 983.6666666666666
MGG_01835T0 983.6666666666666 2544.3333333333335 726 765.3333333333334 3899.3333333333335 1462.6666666666667 1304.3333333333333 3306.6666666666665 1173.6666666666667
MGG_12956T0 1241.164 8532.843333333334 1574.3449999999998 1765.0666666666668 12263.18 3562.43 3051.99 9802.583333333332 2232.4333333333334
MGG_03060T0 256.6666666666667 3081 502 250.33333333333337 4408.333333333333 1098 797.6666666666666 3584 905
MGG_06076T0 157.66666666666666 1002 128.66666666666666 110.33333333333331 1402.2766666666666 356.6666666666667 201.33333333333337 1234.3333333333333 212.73166666666663
MGG_05646T0 2234.59 9447.44 1946.1166666666663 2588.2966666666666 11435.106666666668 3995.256666666666 2883.33 9951.18 2903.6066666666666
MGG_01175T0 159.33333333333334 1599.3333333333333 451.11133333333333 204.013 2279.173333333333 1023.1253333333332 510.7583333333333 1865 697.7143333333333
MGG_03729T0 277.6666666666667 895.3333333333334 286 232.66666666666663 1325.6666666666667 672 269.3333333333333 1202.3333333333333 467
MGG_12750T0 322.41133333333335 1489.98 554.1616666666666 432.0353333333333 2083.64 1229.7876666666666 396.0326666666666 1988.86 824.1423333333333
MGG_03487T0 995.691 2202.7333333333336 745.2443333333333 981.3843333333332 3033.7200000000003 1719.53 1515.53 2697.0066666666667 1106.818
MGG_08841T0 661.3936666666667 2355.766666666667 636.157 655.8156666666666 2989.1233333333334 1246.13 1472.3533333333332 2539.016666666667 956.7466666666668
MGG_01695T0 1079.443 3636.363333333333 683.662 1494.277 4340.243333333334 1371.18 1708.0566666666666 3740.6 1328.32
MGG_07098T0 867.7383333333333 2756.5066666666667 717.1876666666667 1199.99 3656.776666666666 1619.263333333333 1612.32 2692.8366666666666 1072.967666666667
MGG_14404T0 310.7083333333333 1643.74 348.823 517.398 1938.4033333333336 736.1023333333334 638.586 1458.743333333333 582.6469999999999
MGG_05738T0 590 3846.6666666666665 758.3333333333334 1377.6666666666667 5707 1795.3333333333333 1387.3333333333333 3964.6666666666665 1189.3333333333333
MGG_06275T0 95 995.3333333333334 208.33333333333337 283.3333333333333 1444 322.3333333333333 359 992.6666666666666 338.6666666666667
MGG_04365T0 426.6666666666667 2311.6666666666665 324.3333333333333 860.6666666666666 3581.6666666666665 389.3333333333333 1773.3333333333333 1991 382
MGG_07607T0 10.519 655.424 7.256793333333333 122.27766666666668 1074.018 13.41883 73.58316666666667 598.442 12.27271
MGG_04886T0 298 4978.666666666667 497 1289 6575 430.3333333333333 571.3333333333334 3165 382
MGG_04667T0 501.3333333333333 8527.333333333334 1501.6666666666667 1695 12526 1023 2061.6666666666665 6189.666666666667 1859.3333333333333
MGG_05659T0 274.1363333333333 725.4556666666666 232.53366666666668 587.237 1066.8676666666663 152 367.6666666666667 603.6666666666666 174.66666666666666
MGG_03937T0 2279.6666666666665 19613 2192.3333333333335 10510.666666666666 24797.666666666668 2911.3333333333335 4351 15645 2511
MGG_16962T0 31.333333333333332 232 27 115 300.6666666666667 31.333333333333332 78.66666666666667 175.33333333333334 34.666666666666664
MGG_08205T0 108.33333333333331 864 190 441 791.3333333333334 407 153.66666666666666 669.6666666666666 277.3333333333333
MGG_04758T0 123.47213333333332 991.514 113.15753333333332 227.31233333333333 784.9476666666667 450.2 193.02233333333336 897.8423333333334 302.19966666666664
MGG_01003T0 2645 5201 1512 2556.3333333333335 5714 3049 3199 6181.333333333333 2190.6666666666665
MGG_07710T0 576.3333333333334 7751.666666666667 881 511.3333333333333 7909.333333333333 1031.3333333333333 2576.6666666666665 6830.666666666667 940.3333333333334
MGG_07614T0 1612 13149 1811 4778.666666666667 13847 4423.333333333333 6910 14519.333333333334 2839.6666666666665
MGG_04379T0 1014.6666666666666 5450.666666666667 603.6666666666666 1289.3333333333333 5381 559.6666666666666 2910 5774 717.3333333333334
MGG_05129T0 2391.3333333333335 6430.666666666667 1458 4063.6666666666665 7261.333333333333 2963.6666666666665 4222.333333333333 6258 2256.6666666666665
MGG_05615T0 209.66666666666663 1069 228.33333333333337 657.6666666666666 1215.6666666666667 375.6666666666667 757.6666666666666 1001.3333333333334 468
MGG_01378T0 2242.6666666666665 9528.666666666666 3557 5626.666666666667 10506.333333333334 4020.6666666666665 5219.333333333333 8523.333333333334 4470.666666666667
MGG_03560T0 585.3333333333334 4185.666666666667 742.6666666666666 2129.6666666666665 4542 1142.6666666666667 2212.3333333333335 3302.3333333333335 827.3333333333334
MGG_04679T0 1768.3333333333333 7302.666666666667 1828.3333333333333 3853.3333333333335 8069 2571.6666666666665 4106.666666666667 5659.333333333333 2688
MGG_06408T0 1860.5 8852.6 1785.0400000000002 4867.5633333333335 7611.24 3504.1566666666668 3055.516666666667 7384.276666666667 2753.9333333333334
MGG_02454T0 484.3333333333333 1905.3333333333333 793.6666666666666 1103.3333333333333 1650.3333333333333 789.3333333333334 974.3333333333334 1708 692
MGG_12111T0 2332.6666666666665 8148 3168.3333333333335 5487.666666666667 6899.333333333333 4160.333333333333 4414.666666666667 7713 3228
MGG_01813T0 587 2890 806.3333333333334 1564.3333333333333 2997.3333333333335 1145.6666666666667 1096.3333333333333 2464.6666666666665 1103.6666666666667
MGG_04011T0 344.3333333333333 1667.3333333333333 378.6666666666667 742 1772 616 509.6666666666667 1613.6666666666667 544.3333333333334
MGG_01485T0 1013 9505.666666666666 2092 2369.6666666666665 8974.666666666666 2255.6666666666665 1849 8550.666666666666 2471.3333333333335
MGG_07327T0 2261.4700000000003 16860.466666666667 4427.92 4688.27 16595 4052.056666666667 5199.073333333334 14248 3560.023333333333
MGG_04100T0 833.6666666666666 6445.333333333333 1513.6666666666667 1961 7024.333333333333 1636.3333333333333 1827 5695.666666666667 1659
MGG_08598T0 629.3333333333334 6006 1597.6666666666667 1893.3333333333333 6914.666666666667 1957.6666666666667 1525.3333333333333 5222.333333333333 1629.6666666666667
MGG_06850T0 1337 7719 1796 3055 7168.333333333333 1941 2222 5048.666666666667 3069.3333333333335
MGG_00529T0 878.2266666666667 6513.25 1001.6666666666666 1945.0866666666664 6244.31 1490.78 2653.2166666666667 5270.376666666667 2382.4533333333334
MGG_04589T0 1725.5866666666666 7375.22 2750.2933333333335 3751.986666666666 6688.78 2507.766666666667 3322.7966666666666 5702.536666666667 3116.7866666666664
MGG_05731T0 276.3333333333333 1333.6666666666667 446.6666666666667 640.6666666666666 1247 553.6666666666666 679.3333333333334 1129 576.6666666666666
MGG_11475T0 1466 9103 10935.333333333334 2657 7198.666666666667 5849 3491 7292.666666666667 10965
MGG_16649T0 431.6666666666667 1867 2255 1454 1973.9766666666667 1196 681.3333333333334 1256 1511.3333333333333
MGG_00384T0 288 2114.6666666666665 2116.6666666666665 751.6666666666666 2505 950.6666666666666 639.3333333333334 1669.6666666666667 1572.6666666666667
MGG_02395T0 229.66666666666663 1116 1488.6666666666667 488.6666666666667 1382.3333333333333 994 539.3333333333334 1138.6666666666667 1077
MGG_06388T0 2095.6666666666665 5778.333333333333 4933.666666666667 4515.666666666667 5468.333333333333 3844 4270.666666666667 5899 4195
MGG_01068T0 449.5206666666666 1216.9733333333334 981.4106666666668 1008.0853333333332 1267.7 1040.157 871.6766666666667 1590.0533333333333 1262.1166666666668
MGG_02419T0 924.3333333333334 10958.666666666666 7333.666666666667 2433.6666666666665 8296.333333333334 2848.3333333333335 2271.6666666666665 6370.666666666667 1532
MGG_15385T0 1 13.333333333333334 12.666666666666666 2.3333333333333335 18.333333333333332 8.666666666666666 9 13.666666666666666 8.333333333333334
MGG_03710T0 360.3333333333333 3003 1730.6666666666667 628.3333333333334 2764.6666666666665 1016.3333333333334 852 2744.3333333333335 1635.6666666666667
MGG_15174T0 44 579 434.6666666666667 82 622.3333333333334 253 133.33333333333334 451 200
MGG_01376T1 169.42513333333335 2043.89 1401.0166666666669 875.9993333333333 2202.3033333333333 952.3606666666668 682.4163333333333 1769.88 952.4
MGG_09950T0 139.66666666666666 879 645.3333333333334 442 1017 440 414 782.3333333333334 535.6666666666666
MGG_04703T0 1095.3333333333333 4256.333333333333 5668.333333333333 2699.6666666666665 5060.333333333333 2654.3333333333335 1843.6666666666667 6019.666666666667 2073
MGG_05261T0 938 3368.3333333333335 3703.6666666666665 2188.6666666666665 3245 2565.6666666666665 1154.6666666666667 3437.3333333333335 1828
MGG_09373T0 502.6666666666667 1312.3333333333333 1535.6666666666667 1141 1773.3333333333333 1262.6666666666667 862.6666666666666 1652.6666666666667 1250
MGG_02875T0 900.6666666666666 2452 2585 1774.3333333333333 2935 1582 1545.6666666666667 3117.3333333333335 1865.6666666666667
MGG_00152T0 340.6666666666667 1576.6666666666667 1680.3333333333333 707 2084.6666666666665 1156 623 2250.3333333333335 1250.3333333333333
MGG_04366T0 1624 4737.666666666667 7071.666666666667 3665 6991.333333333333 3653 4581.333333333333 7100 2562
MGG_07087T0 302 1713.6666666666667 2955.3333333333335 679.6666666666666 2269.3333333333335 1017.6666666666666 647 1708.3333333333333 666.3333333333334
MGG_01201T0 237.33333333333337 590.3846666666667 597.6666666666666 651.6666666666666 927.421 608.7713333333334 734.3333333333334 912.7596666666668 845.059
MGG_13223T0 220 408.3333333333333 565 492.3333333333333 710.6666666666666 512.6666666666666 468.6666666666667 674.3333333333334 618.6666666666666
MGG_14797T0 658.3656666666667 2173.206666666667 1107.6236666666666 1906.7766666666664 2569.06 1722.3033333333333 2204.8866666666668 2663.576666666667 2598.083333333333
MGG_14754T0 118.33333333333331 399.6666666666667 256.6666666666667 384 455.3333333333333 334.3333333333333 372.6666666666667 405.6666666666667 488.3333333333333
MGG_06080T0 225 523.6666666666666 412.6666666666667 464 672.6666666666666 405.3333333333333 453 572.6666666666666 738.3333333333334
MGG_03928T0 535.3103333333333 1145.25 856.8423333333333 998.0633333333334 1565.3766666666666 864.1546666666667 1265.9333333333334 1326.5233333333333 1456.09
MGG_00820T0 30.788633333333333 106.9876 36.845933333333335 38.91843333333333 155.39166666666668 117.42533333333331 109.51396666666666 155.50933333333333 126.14723333333332
MGG_15038T0 2195.6666666666665 15381 4858 10978.333333333334 24272.666666666668 14186 13302 22017.666666666668 16816.666666666668
MGG_15856T0 6.666666666666667 14.666666666666666 4.333333333333333 10.333333333333334 20 14 13.666666666666666 17.333333333333332 13.666666666666666
MGG_09266T0 367.6666666666667 593 238 499.6666666666667 686.3333333333334 468 564.6666666666666 747.3333333333334 662.6666666666666
MGG_15738T0 64.33333333333333 163.66666666666666 42.333333333333336 65.66666666666667 193 74 108.66666666666669 178.66666666666666 159.33333333333334
MGG_15839T0 0.33333333333333337 5.333333333333333 0.33333333333333337 3 7.666666666666667 1.6666666666666663 3.3333333333333335 6.333333333333333 6
MGG_06945T0 246 492.3333333333333 380.3333333333333 446.6666666666667 580.3333333333334 576.3333333333334 568.3333333333334 723 626
MGG_06447T0 336.3333333333333 617 595 456.3333333333333 759 596.6666666666666 782.6666666666666 993 743
MGG_04969T0 1597 2504 2236.3333333333335 3337.6666666666665 4579.666666666667 2722.3333333333335 3731 5263 4835.666666666667
MGG_06414T0 552.3333333333334 607.6666666666666 444.3333333333333 797 1114 681.6666666666666 1056 1367.6666666666667 1047.6666666666667
MGG_07502T0 981.6666666666666 1088.6666666666667 771.6666666666666 874.3333333333334 1904.3333333333333 801.3333333333334 1637.3333333333333 2462.3333333333335 1863.6666666666667
MGG_14307T0 3499.3866666666668 4332.36 3188.9266666666667 4832.05 7631.986666666667 2751 6030.003333333333 7539.186666666667 7473.9
MGG_16839T0 4 13 4 9 18 7.333333333333333 26 29.666666666666668 20
MGG_11577T0 1832 3428.6666666666665 1323.3333333333333 2088 3703.3333333333335 1809 3765.3333333333335 3778 3317
MGG_16893T0 8.666666666666666 14 1.6666666666666663 9 13.666666666666666 8.666666666666666 6.333333333333333 13.666666666666666 17
MGG_14896T0 2.6666666666666665 7 0 2.6666666666666665 7.333333333333333 1.6666666666666663 0.6666666666666666 8.333333333333334 6
MGG_12568T0 3.3333333333333335 95.33333333333331 18 4 65 16 28.333333333333332 68.33333333333333 63.333333333333336
MGG_08710T0 1933.3333333333333 6596.333333333333 3257 4050 5460.333333333333 3465 4101 5275.333333333333 5161.333333333333
MGG_02917T0 866.6666666666666 5402.666666666667 2017.3333333333333 2362.3333333333335 3770 2425.3333333333335 1760.3333333333333 3707.3333333333335 4301.333333333333
MGG_03508T0 110.66666666666669 970.3333333333334 169.33333333333334 93.33333333333331 338.6666666666667 283.6666666666667 61.333333333333336 430.3333333333333 652.6666666666666
MGG_13641T0 2066.62 6746.74 2138.6 1862.5266666666664 3622.5833333333335 3535.58 1742.8666666666668 3894.67 5520.28
MGG_17272T0 1.3333333333333337 9 1 0.33333333333333337 5.666666666666667 0.6666666666666667 1.3333333333333333 6.666666666666667 9
MGG_07337T0 9770.333333333334 41185 14041.333333333334 8186.333333333333 20888.666666666668 14667.333333333334 6347.666666666667 30379.666666666668 39694
MGG_01033T0 192.18033333333332 426.4066666666667 165.22533333333334 243.61866666666663 280.5246666666667 358.785 379.753 401.28833333333336 450.711
MGG_17038T0 309 639.3333333333334 248 239.66666666666663 468.6666666666667 342.6666666666667 437.3333333333333 664 684.3333333333334
MGG_17390T0 38.666666666666664 43.333333333333336 81 45.666666666666664 118.66666666666669 59 37.666666666666664 84.66666666666667 110.33333333333331
MGG_06579T0 0.6666666666666667 11.333333333333334 4.333333333333333 4.666666666666667 10 6.333333333333333 7.666666666666667 7.333333333333333 28.333333333333332
MGG_09281T0 215.33333333333337 522.3333333333334 457.3333333333333 348.3333333333333 685 599.6666666666666 519.3333333333334 453.3333333333333 1154.3333333333333
MGG_16244T0 3.3333333333333335 29.666666666666668 13 2 36.666666666666664 29.333333333333336 0.6666666666666667 21 72
MGG_13711T0 151.33333333333334 1480 965.3333333333334 313.6666666666667 2795.3333333333335 699.3333333333334 83.66666666666667 1116.3333333333333 3685.6666666666665
MGG_07354T0 43.333333333333336 260.6666666666667 98 33.666666666666664 297 40.666666666666664 14 230.33333333333337 298.3333333333333
MGG_17620T0 60.465500000000006 69.87616666666666 45.808 44.867666666666665 167.55206666666666 87.77586666666667 29.708966666666665 119.3878 159.96733333333333
MGG_05722T0 8.333333333333334 116 44 12 196.66666666666663 104.33333333333331 3.6666666666666665 136.66666666666666 218.66666666666663
MGG_08927T0 168 1025.3333333333333 606 337.3333333333333 1793 801 147 1562.3333333333333 1711
MGG_07474T0 198 578.3333333333334 207.66666666666663 243 567.3333333333334 307.6666666666667 454.6666666666667 596 880.6666666666666
MGG_15992T0 9 36.66666666666667 17.333333333333336 8 49.333333333333336 24 33.666666666666664 66 82.33333333333333
MGG_13598T0 0.6666666666666667 14.666666666666666 10 0 32.666666666666664 2.6666666666666665 0.33333333333333337 34.333333333333336 54.666666666666664
MGG_04715T0 72.66666666666667 222.33333333333337 164.33333333333334 118.33333333333331 341.3333333333333 260.6666666666667 146 347.6666666666667 461.3333333333333
MGG_05910T0 177.66666666666666 299.3333333333333 185.66666666666663 143 337 263.3333333333333 210.66666666666663 352 440.6666666666667
MGG_16419T0 537.6666666666666 774.6666666666666 404.6666666666667 527.6666666666666 839 923.6666666666666 585.6666666666666 986.6666666666666 1141.3333333333333
MGG_03414T0 1112.3333333333333 1788.6666666666667 797.6666666666666 719.6666666666666 1429.6666666666667 1485 928.6666666666666 1748 2527.3333333333335
MGG_00604T0 31542.666666666668 11517.666666666666 12682 17862.666666666668 30927.666666666668 17194.666666666668 22661 42277.333333333336 11715
MGG_06907T0 4531.976666666667 1957.8466666666668 881.434 1899.0633333333333 5003.71 2433.883333333333 2321.58 5665.216666666666 1361.85
MGG_12847T0 92159 37068.666666666664 39128.333333333336 33207 96891 65106.666666666664 28240.333333333332 114956.33333333331 25231.666666666668
MGG_05531T0 32146.333333333332 12729.666666666666 11014.333333333334 11144.333333333334 30228.333333333332 18453.666666666668 12325 41077.666666666664 8068.333333333333
MGG_02955T0 3565.3333333333335 880 1093.6666666666667 2129.6666666666665 2179 1200 1950.6666666666667 3431 1533.3333333333333
MGG_01149T0 8139 1524 1457 4682 4076.3333333333335 2719.3333333333335 4172.666666666667 7039.666666666667 1321.6666666666667
MGG_02956T0 465.3333333333333 134 144.66666666666666 365.3333333333333 311.3333333333333 205 240.66666666666663 416 173.33333333333334
MGG_07190T0 12067.933333333332 5341.55 3480 8840.913333333334 10449.696666666669 4244.196666666667 10905.466666666667 15408.766666666666 4174.4
MGG_17378T0 189 49.666666666666664 37.666666666666664 137.66666666666666 146 34 107.66666666666669 225.66666666666663 28.333333333333332
MGG_01609T0 158162.33333333334 80540.73333333334 35622.566666666666 129059 150367 86968.16666666667 108823.7 173579.66666666666 34641.566666666666
MGG_08458T0 6066.333333333333 3740.3333333333335 713 5190.333333333333 8263 1601.6666666666667 4049 8249 807.6666666666666
MGG_05717T0 919.3333333333334 425.3333333333333 554.6666666666666 950.6666666666666 1111.3333333333333 1233 449.3333333333333 1308 1143
MGG_14996T0 85.66666666666667 38.333333333333336 47 73.33333333333333 115.33333333333331 62.333333333333336 42 114.66666666666669 79
MGG_00505T0 19402 9643 17442.333333333332 9264 19475.666666666668 13980.666666666666 8056.333333333333 26028.333333333332 12451.666666666666
MGG_15854T0 6.666666666666666 2.3333333333333335 12.666666666666666 6 13 5 3 22.333333333333332 7.333333333333333
MGG_00747T0 1165.2323333333334 575.7413333333334 979.6016666666668 845.9416666666667 1173.9433333333334 523.5926666666667 702.1263333333333 1487.6466666666668 731.1396666666667
MGG_07830T0 129.66666666666666 72 153.33333333333334 84 153.66666666666666 44.333333333333336 75.66666666666667 226.33333333333337 102.66666666666669
MGG_15961T0 88.66666666666667 34.666666666666664 74.33333333333333 79.33333333333333 69.66666666666667 56 65.33333333333333 115.33333333333331 91.33333333333331
MGG_04081T0 1882.3333333333333 689.6666666666666 1344.3333333333333 1042.3333333333333 1422 1120.6666666666667 825.3333333333334 2198.3333333333335 1634
MGG_09310T0 774.3333333333334 431.3333333333333 713 434 767.3333333333334 620.6666666666666 535 1154.6666666666667 844
MGG_05097T0 454.277 207.49866666666665 517.7716666666666 542.04 584.319 631.2633333333333 784.211 781.8693333333333 535.6153333333333
MGG_08303T0 3897.3333333333335 2016 3002 4361.666666666667 3813.3333333333335 3000.6666666666665 5104.666666666667 5866.666666666667 3035
MGG_06752T0 856 539 1017.3333333333334 1196.6666666666667 1132 957 1449 1521.3333333333333 891
MGG_17684T0 19.333333333333332 10.333333333333334 20 41.333333333333336 33.666666666666664 21 35.666666666666664 54 35
MGG_06826T0 54 39 54 150.66666666666666 95 69 94 152 81.33333333333333
MGG_06766T0 3508.6666666666665 2312.6666666666665 3999 5427.666666666667 4972.666666666667 4755.333333333333 5115 6321.666666666667 2966.3333333333335
MGG_14563T0 3300.5733333333333 2454.3333333333335 3604 6990.666666666667 4619 3892.3333333333335 5627.806666666666 6224 3650.8933333333334
MGG_05712T0 857 387 762.6666666666666 1357 959.6666666666666 906.3333333333334 1150.3333333333333 1278 765.3333333333334
EFMOT00000000005 0.6666666666666666 0 0 0 0.33333333333333337 0.4 0.6666666666666667 2.4777766666666667 0.6666666666666667
MGG_09032T0 674.6666666666666 242.66666666666663 381.3333333333333 273.3333333333333 687.6666666666666 620 484.3333333333333 1246.3333333333333 531
EFMOT00000000001 4.733333333333333 0.3333333333333333 3.3333333333333335 1.6666666666666663 4.666666666666667 4.3030333333333335 3.8333333333333335 11.333333333333334 4.23034
MGG_17646T0 0 0 0.33333333333333337 0.6672033333333333 0 0 0.6666666666666667 3.3333333333333335 0.6669066666666666
MGG_05214T0 240.66666666666663 308.6666666666667 125.66666666666669 135.66666666666666 671 110.66666666666669 1335 2503.6666666666665 499
MGG_05442T0 25.333333333333332 53.666666666666664 46.333333333333336 69 114 54.666666666666664 123.66666666666669 202.66666666666663 97.33333333333331
MGG_03933T0 58.666666666666664 83 87.33333333333333 112.66666666666669 153 117 126 264.3333333333333 158.33333333333334
MGG_02001T0 174.66666666666669 168.33333333333334 219 485 716.6666666666666 571 807 1473.6666666666667 588.6666666666666
MGG_16077T0 204.76066666666665 225.01233333333332 209.02266666666665 446.094 855.409 541.7163333333333 679.481 1666.7233333333334 618.374
MGG_03503T0 3.333333333333333 5 6.666666666666667 6.333333333333334 14.333333333333334 8.666666666666666 13 28.666666666666668 11.666666666666666
MGG_13670T0 5.333333333333334 3 14.666666666666668 18 20.333333333333332 9 23.666666666666668 28.666666666666668 20.666666666666668
MGG_00973T0 81.33333333333333 117.66666666666669 153.66666666666666 338.3333333333333 356.6666666666667 102 569.3333333333334 475.3333333333333 303
MGG_00675T0 98.0538 39.333333333333336 161.66703333333334 430.2146666666667 502.66666666666663 441.57033333333334 1117.8266666666666 1258.28 692.3333333333334
MGG_02866T0 845.872 808.712 1238.9423333333334 1429.4976666666666 1966.7733333333333 1315.0266666666666 2615.056666666667 2981.87 1622.3633333333337
MGG_03502T0 242 107.66666666666669 202 482.3333333333333 359 293 573.6666666666666 564.3333333333334 483.6666666666667
MGG_01548T0 2060.45 1066.523 874.1963333333334 3047.4166666666665 2529.18 1602.6033333333337 4473.21 5282.456666666667 2810.7933333333335
MGG_03511T0 5463.263333333333 3176.1833333333334 4637.156666666667 7543.09 6513.583333333333 4793.043333333333 8692.296666666667 10422.606666666668 7263.473333333333
MGG_07654T0 361 181.66666666666663 334.6666666666667 497 556.6666666666666 175 861.3333333333334 1282 920
MGG_00677T0 202.33333333333331 52.333333333333336 71.33333333333333 184.33333333333337 132.33333333333334 34.333333333333336 249 383 249
MGG_09294T0 2404.2733333333335 1235.32 1373.2766666666666 2147.75 2180.3133333333335 1644.92 3052.6366666666668 3538.6266666666666 2801.556666666667
MGG_08746T0 1599.3333333333333 815.3333333333334 1090.6666666666667 1421.3333333333333 1405.6666666666667 1137 2325.3333333333335 2651.6666666666665 1646.6666666666667
MGG_01357T0 58 26 18 54 53 38.333333333333336 64.33333333333333 73.33333333333333 46.333333333333336
MGG_05676T0 5652 2591.6666666666665 3108 4615.333333333333 4669.333333333333 2855 5748 6831.333333333333 4674
MGG_02634T0 5898.333333333333 3119.3333333333335 4181 5339.666666666667 5652 3401 6527.666666666667 8238.666666666666 5311.333333333333
MGG_10938T0 334.6666666666667 153.66666666666666 147 229.33333333333337 283 211 323.3333333333333 438 255
MGG_14734T0 2.3333333333333335 0 0 1 1.33908 0.6666666666666666 2 3.00632 1.3353133333333334
MGG_11412T0 16189.333333333334 4500 6426.666666666667 11657.666666666666 14837 8499.666666666666 13823 23860 9260
MGG_05753T0 29022.333333333332 9696.666666666666 10311.333333333334 20736.333333333332 25552.666666666668 8077.333333333333 26733.666666666668 45154.333333333336 18730
MGG_12366T0 64.41696666666667 19.272066666666667 33.694966666666666 57.562133333333335 74.90336666666667 53.87193333333333 55.63656666666667 106.83483333333334 49.044333333333334
MGG_02719T0 2836.3333333333335 2191.3333333333335 1705 3454.3333333333335 4526.333333333333 2191.6666666666665 3764.3333333333335 6760.666666666667 2845.6666666666665
MGG_11227T0 5689 3036 3623 4962.333333333333 6052.666666666667 3979.6666666666665 5925.666666666667 9301 5216.666666666667
MGG_07471T0 3454 2369 2376 3219.3333333333335 4524.333333333333 2380.6666666666665 3736 6408.333333333333 3972.3333333333335
MGG_06648T0 3841.6666666666665 2313.6666666666665 2174 2969.6666666666665 4857.666666666667 2357 4046.3333333333335 7335 3584
MGG_06496T0 4402.333333333333 2254.6666666666665 3759.3333333333335 4423.666666666667 5404.666666666667 2950.3333333333335 5332 7675.666666666667 3760
MGG_06476T0 1654 855.3333333333334 1597.6666666666667 1451.6666666666667 2132.3333333333335 1450.3333333333333 2297.3333333333335 2984.6666666666665 1777
MGG_08135T0 8990.333333333334 1538.6666666666667 4785.666666666667 2874 6581.666666666667 2273.3333333333335 11416.666666666666 12191 2587
MGG_08789T0 21 1 2.3333333333333335 0.6666666666666666 7.333333333333334 1.6666666666666663 32.333333333333336 49.333333333333336 6.333333333333333
MGG_08136T0 447 247.66666666666663 485 291.6666666666667 912.3333333333334 349.3333333333333 926 1642.3333333333333 827.6666666666666
MGG_13185T0 9660.333333333334 4550.333333333333 9541.666666666666 5164 10250.333333333334 8452.666666666666 14191.333333333334 17522.333333333332 10983
MGG_06934T0 5455.333333333333 2928 7715.666666666667 3486 7490.333333333333 3675 10714 14093 7066.666666666667
MGG_07514T0 546.5213333333334 324.5373333333333 639.3036666666667 432.4966666666666 716.1526666666666 460.093 1047.2086666666669 1243.8366666666666 816.9203333333334
MGG_00392T0 730 335 472.3333333333333 655 864.6666666666666 689.3333333333334 1047 1147.3333333333333 748
MGG_15247T0 36.333333333333336 17 39.333333333333336 30 61.333333333333336 29.666666666666668 86.66666666666667 82.33333333333333 37
MGG_14175T0 348.6666666666667 65.33333333333333 192.66666666666663 226 127.33333333333331 266.6666666666667 928.6666666666666 340.6666666666667 363.3333333333333
MGG_02746T0 3531.6666666666665 1340 3528.6666666666665 3503.3333333333335 2625.3333333333335 3408.3333333333335 9666 5638.333333333333 3772
MGG_06981T1 127.54706666666668 10.945820831 108.99756666666669 248.267 116.0279 137.48722906 654.715 269.91859999999997 165.90133333333333
MGG_00350T0 576.7426666666667 410.34133333333335 356.25166666666667 546.1356666666667 810.556 597.2663333333334 1225.0233333333333 892.1146666666667 849.5
MGG_05759T0 197 184.66666666666663 247 301.6666666666667 237.66666666666663 266.3333333333333 478 355.3333333333333 305
MGG_02308T0 368.99466666666666 393 258.838 646.3333333333334 688.6623333333333 599.3333333333334 1698.996666666667 1320.3333333333333 600.1366666666667
MGG_09602T0 572 602 990.6666666666666 221.33333333333337 1842 974 4881.333333333333 3488.6666666666665 2103.3333333333335
MGG_05044T0 132.66666666666666 86.33333333333333 155.33333333333334 396 437.3333333333333 480.3333333333333 1774.3333333333333 967.6666666666666 743.3333333333334
MGG_18106T0 1 1.3333333333333337 2.3333333333333335 1.6666666666666667 2.3333333333333335 3 13.333333333333334 9.333333333333334 7
MGG_04458T0 756.5423333333333 818.9923333333334 308.18466666666666 690.9893333333333 957.851 696.655 1144.1503333333333 951.3946666666666 681.048
MGG_02104T0 1840.3333333333333 2702 822 2016.6666666666667 3313.3333333333335 2187.6666666666665 4483.333333333333 4300.666666666667 1114.6666666666667
MGG_00066T0 126.33333333333331 116 19.666666666666668 97.33333333333331 143.33333333333334 32.666666666666664 243.66666666666663 202 60.333333333333336
MGG_08175T0 1736.3333333333333 1243.3333333333333 767 1830.3333333333333 1668.6666666666667 1351.6666666666667 2208.3333333333335 2009.3333333333333 2054
MGG_16629T0 3743.3333333333335 3482 1604.3333333333333 4046 4565.333333333333 1713.3333333333333 7157 5204.333333333333 4486
MGG_00359T0 2198 2441 1034.6666666666667 2217.6666666666665 2448.3333333333335 1590.3333333333333 2941.3333333333335 3218 2773.6666666666665
MGG_03582T0 1473.6133333333332 1026.5986666666668 814.1146666666667 462.41866666666664 751.4663333333333 1638.05 1000.5733333333332 1242.5103333333334 1686.4066666666668
MGG_16013T0 7 1.3333333333333333 0.6666666666666666 5.666666666666667 4 11.666666666666666 3.3333333333333335 11.333333333333334 16
MGG_05677T0 2072.3333333333335 692 1524.3333333333333 1551.3333333333333 1664 2353.3333333333335 1400 2341 2911.3333333333335
MGG_16366T0 3.333333333333333 2.3333333333333335 0 1.3333333333333333 2.3333333333333335 3.3333333333333335 1.3333333333333333 4 4.666666666666667
MGG_17441T0 26.007366666666663 15.666666666666666 13.666666666666666 12.666666666666666 18.333333333333332 13.666666666666666 7.333333333333333 30.333333333333332 39.333333333333336
MGG_09760T0 711.3333333333334 278 370.6666666666667 634 904.6666666666666 973.6666666666666 745.3333333333334 769.3333333333334 788
MGG_17633T0 8.666666666666666 0.6666666666666666 3.6666666666666665 5.666666666666667 9 10.333333333333334 13 8.666666666666666 11.333333333333334
MGG_11400T0 1117.6666666666667 256.6666666666667 768.3333333333334 938.6666666666666 810 972.6666666666666 1232.3333333333333 1529.3333333333333 846.3333333333334
MGG_13806T0 14658.666666666666 4967.333333333333 10373 9780.666666666666 10464.333333333334 12226.333333333334 12841 14790.333333333334 12311
MGG_01168T0 1368.6333333333334 701.8926666666667 1223.78 1150.8066666666666 1288.47 1403.2 1312.74 1825.49 1424.23
MGG_05890T0 3125.3333333333335 1013 2116 941.6666666666666 2810 2735 3403.3333333333335 5805.333333333333 5133.666666666667
MGG_09856T0 59.333333333333336 27.333333333333332 56.333333333333336 24.666666666666668 113.33333333333334 88 140.66666666666666 274.3333333333333 184.12966666666668
MGG_17630T0 1.6666666666666663 0.33333333333333337 0.33333333333333337 0.6666666666666667 0.33333333333333337 1 3.6666666666666665 5.333333333333333 5
MGG_16427T0 174.66666666666666 91 132.33333333333334 144.66666666666666 218.33333333333337 216 284 331.3333333333333 310.3333333333333
MGG_09963T0 663 391 423.6666666666667 554.6666666666666 668.3333333333334 547.6666666666666 787.6666666666666 993.3333333333334 1023
MGG_00265T0 188 41.666666666666664 69.66666666666667 95.66666666666669 153 116.33333333333331 226 319 298
MGG_15962T0 9.70463 0.66762 3.3333333333333335 2.33606 8.122340000000001 9.09084 7.89292 8.781176666666667 11.601293333333333
MGG_09017T0 809.958 356.48266666666666 519.7446666666667 492.0403333333333 638.198 1044.2046666666668 1005.1363333333334 1174.79 1182.891
MGG_01402T0 79.33333333333333 24.666666666666668 46.666666666666664 35.333333333333336 53.666666666666664 64.33333333333333 81.66666666666667 83.33333333333333 101.66666666666669
MGG_06564T0 3407.3333333333335 1219.6666666666667 1405.3333333333333 3072.6666666666665 2311 2568.3333333333335 2886 3018.3333333333335 4348.333333333333
MGG_16864T0 5.666666666666667 0.6666666666666666 1 4 5.333333333333333 3.6666666666666665 6.333333333333333 5.666666666666667 10
MGG_15350T0 112 34.333333333333336 41 87 84.66666666666667 43 91.33333333333331 98.33333333333331 148.66666666666666
MGG_16965T0 28.333333333333332 4.666666666666667 22.333333333333332 19.666666666666668 13.333333333333332 18.333333333333332 25.333333333333332 29.666666666666668 29.666666666666668
MGG_15343T0 21.666666666666668 5.333333333333333 16.666666666666668 20.333333333333332 18.333333333333332 14.666666666666666 25.333333333333332 28.333333333333332 31.666666666666668
MGG_00571T0 346.3333333333333 126.66666666666669 270.3333333333333 339.3333333333333 276.6666666666667 317.3333333333333 311.3333333333333 420.6666666666667 464
MGG_08287T0 302.425 1914.55 352.35266666666666 1188.6153333333334 1179.86 1376.89 1576.71 1534.1703333333332 852.4666666666666
MGG_10422T0 290.3333333333333 2435.3333333333335 943.3333333333334 1205.6666666666667 692.3333333333334 1579 1077.3333333333333 1170 729.3333333333334
MGG_06461T0 846.9153333333334 2555.6 237.22266666666667 930.9253333333334 786.5106666666667 831.2066666666667 734.823 1144.558 1052.2496666666666
MGG_00692T0 2966.3333333333335 23407 2826 8442 8593.333333333334 5791.666666666667 7549 5456 8300.333333333334
MGG_07201T0 6347 31592.666666666668 5652 13692.333333333334 11357.666666666666 6199.333333333333 15795 11678 13749.666666666666
MGG_06720T0 7507.333333333333 36274.333333333336 3523.6666666666665 11121 8561.666666666666 5543.333333333333 15071 8792.666666666666 9970.666666666666
MGG_04162T0 148.66666666666666 951.3333333333334 107.66666666666669 280.3333333333333 244.33333333333337 411.3333333333333 120.66666666666669 177.33333333333334 262.3333333333333
MGG_09779T1 682.0126666666666 2550.366666666667 259.896 966.0776666666668 481.3993333333333 1116.8 518.509 677.8773333333334 902.8586666666666
MGG_01984T0 17 246 38.666666666666664 33 53.333333333333336 145.66666666666666 21.333333333333332 54.666666666666664 62.666666666666664
MGG_04201T0 344 39785.666666666664 2937.6666666666665 2201.3333333333335 5897.666666666667 15179.333333333334 1822 1239.6666666666667 2588.3333333333335
MGG_01367T0 71 7522.666666666667 1190 50.666666666666664 1487 2424 81.66666666666667 510 987.3333333333334
MGG_04177T0 332.6666666666667 4231.333333333333 1834.3333333333333 820.6666666666666 1872 1024 838.3333333333334 1158.6666666666667 1656.3333333333333
MGG_11713T0 403 2023.3333333333333 1060 974 1155.3333333333333 657.3333333333334 652.3333333333334 817.3333333333334 907.1633333333332
MGG_08926T0 398 2482 352 318 771 714 218 572.6666666666666 1380
MGG_07790T0 448.6666666666667 57925.333333333336 5494.333333333333 739.3333333333334 10971.666666666666 9052.666666666666 826.3333333333334 4137 24711
MGG_04173T0 140 15634.666666666666 724.3333333333334 153 2529.3333333333335 1046.3333333333333 261 2303 5231
MGG_11914T0 146.12896666666666 14495.666666666666 1740.27 126.15633333333334 4546.68 1418.0733333333333 143.26600000000002 1573.007 5128.483333333334
MGG_11739T0 350.6666666666667 1649.6666666666667 249.33333333333337 315 299.6666666666667 642 199.33333333333337 293.3333333333333 564.3333333333334
MGG_03397T0 172.66666666666666 6150 625 346 657.3333333333334 1596.3333333333333 491 588.6666666666666 1500
MGG_16410T0 28.666666666666664 15085 1029.6666666666667 38 696.3333333333334 957.3333333333334 33.333333333333336 408.66666666666663 4270.666666666667
MGG_07264T0 34.666666666666664 8199.666666666666 395 41.333333333333336 233 1254 64 243 1890.3333333333333
MGG_03640T0 295.3333333333333 43893.666666666664 3250.3333333333335 639.3333333333334 1211 5117.666666666667 679.3333333333334 1167.6666666666667 10305.333333333334
MGG_04202T0 306 366574 9999 278.6666666666667 66383.66666666667 46420.666666666664 345 13886.333333333334 7808.666666666667
MGG_00871T0 2377.4666666666667 67462.43333333333 6511.326666666667 5853.56 13875.633333333331 6883.83 6551.766666666666 8759.626666666667 10261.32
MGG_10104T0 1464.3333333333333 17897 1957.6666666666667 3111 4458.666666666667 2754 2704 2165.3333333333335 3324.6666666666665
MGG_11231T0 48.333333333333336 4219.666666666667 177 49.666666666666664 147 498.6666666666667 73.33333333333333 125 279.6666666666667
MGG_18136T0 118 8510.333333333334 181 132 676 426.6666666666667 69.66666666666667 461 840.6666666666666
MGG_06719T0 7055.666666666667 37072 3018.3333333333335 5825.666666666667 7129.333333333333 3429.6666666666665 6927 6275.333333333333 8150.333333333333
MGG_09942T0 2554.3333333333335 15149.333333333334 735.6666666666666 2389 1975.6666666666667 948 2385 1841 2039.3333333333333
MGG_07816T0 49.3333 327.92199999999997 14.333333333333334 52.669466666666665 91.33953333333334 17.169133333333335 49.164 48.22743333333333 83.63273333333333
MGG_07216T0 12318 90215.33333333331 6181.666666666667 16279 20273.666666666668 5765 6894.333333333333 14018.666666666666 22221
MGG_07329T0 397.3333333333333 1712.3333333333333 392.3333333333333 826 727.6666666666666 673.3333333333334 506.6666666666667 962.3333333333334 636
MGG_04163T0 643.5736666666667 3630.42 1382.8 1535.1396666666667 1869.38 1524.8166666666666 1156.2873333333332 1772.87 1478.9733333333334
MGG_17064T0 13 85 20.666666666666668 32 44 33.666666666666664 26.333333333333332 41.666666666666664 33.333333333333336
MGG_06912T0 659.4996666666667 11656.463333333331 1918.7166666666667 1711.5566666666668 6645.55 2232.026666666666 1125.9633333333334 3706.656666666667 5507.183333333333
MGG_16268T0 0 12.333333333333334 0 1 8.333333333333334 2.6666666666666665 0 2.6666666666666665 4.333333333333333
MGG_01366T0 9 154.66666666666666 19.666666666666668 31.333333333333332 71.33333333333333 30 20 36 32
MGG_12617T0 534 6017.666666666667 612 907.3333333333334 2958 1400 876 1509.6666666666667 1142.3333333333333
MGG_09460T0 3416 67517.66666666667 3885.3333333333335 1088 21975.666666666668 3797 2055 17804.666666666668 9782.666666666666
MGG_00573T0 149 10010 264.6666666666667 173.33333333333334 1991.3333333333333 329 246 1410.6666666666667 716
MGG_01778T0 217 17174 687.3333333333334 776.6666666666666 4882.666666666667 613.6666666666666 578.3333333333334 3492.6666666666665 1366.3333333333333
MGG_17053T0 23.333333333333332 27051.666666666668 349.6666666666667 46.666666666666664 8330.333333333334 382 34 3016.3333333333335 1788.6666666666667
MGG_12247T0 156.66666666666666 107381.33333333331 9374.333333333334 70.33333333333333 47851 24974.333333333332 48 13581.666666666666 32267
MGG_07375T0 1 56.666666666666664 4 3.3333333333333335 26.333333333333332 15.666666666666666 7.666666666666667 13.333333333333334 15
MGG_07219T0 206 186064 11623.333333333334 262.6666666666667 93731.66666666669 25378.333333333332 328.3333333333333 45890.333333333336 44399.333333333336
MGG_02763T0 490.3333333333333 4884.333333333333 874 1016 2366.3333333333335 1414.6666666666667 909.3333333333334 1777 2041
MGG_16409T0 382.0196666666667 18394.566666666666 662.4446666666666 632.7236666666666 6562.32 1297.8653333333332 668.7506666666667 3087.9 4143.233333333334
MGG_07215T0 82.33333333333333 13500.666666666666 774 176.33333333333334 5678.666666666667 934.6666666666666 157.66666666666666 2432 2910.6666666666665
MGG_07793T0 85 9253.666666666666 770 111 3002 935 241 2356.3333333333335 2360.6666666666665
MGG_07613T0 901.6666666666666 62368.666666666664 5306.666666666667 1334.3333333333333 22528.333333333332 4734.333333333333 1550.6666666666667 12668.333333333334 19551.666666666668
MGG_16486T0 9.76349 92.4047 12.416433333333334 4.41043 98.8048 55.63806666666667 8.96411 46.823366666666665 35.62596666666666
MGG_16052T0 10.666666666666666 33.666666666666664 7.666666666666667 6.333333333333333 28 23 2 20 11.333333333333334
MGG_05165T0 62.666666666666664 447.6666666666667 69.66666666666667 48 278.6666666666667 311 75.66666666666667 158.33333333333334 127
MGG_16829T0 7.333333333333333 53 13 14.333333333333334 31 39.333333333333336 6 11.333333333333334 13.666666666666666
MGG_10322T0 755.3333333333334 2553 382.3333333333333 338.3333333333333 1114.3333333333333 1609.6666666666667 301.6666666666667 1066 1322.3333333333333
MGG_04963T0 68.33333333333333 1426.3333333333333 207.33333333333337 27.333333333333332 703.3333333333334 417.3333333333333 34.333333333333336 608.6666666666666 238.33333333333337
MGG_16429T0 248.66666666666663 1008.6666666666666 245 186.66666666666663 681 555 167 569.6666666666666 369.6666666666667
MGG_07328T0 1185.3333333333333 5265.333333333333 1070.6666666666667 602.3333333333334 3193.6666666666665 2261.6666666666665 535 3212.6666666666665 2149
MGG_04758T1 1478.8633333333337 7902.486666666667 1097.5086666666666 1008.6863333333334 4100.716666666666 3895.133333333333 1212.977666666667 3301.8233333333333 1534.4666666666667
MGG_02445T0 26.333333333333332 1409.6666666666667 142.66666666666666 27 485.6666666666667 624.3333333333334 37.666666666666664 411.6666666666667 351.6666666666667
MGG_11906T0 67 1236.3333333333333 204 79.33333333333333 462 617 114.33333333333331 498.3333333333333 340.3333333333333
MGG_00063T0 5229.133333333333 11891.08 2252 4926.19 8889.303333333333 5595.6466666666665 6273.666666666667 8917.333333333332 5341.276666666667
MGG_08285T0 162.33333333333334 1089.6666666666667 93.33333333333331 147 439 383.3333333333333 281.3333333333333 525.3333333333334 175.33333333333334
MGG_12671T0 9961.98 30258.933333333334 2681.5633333333335 4020.043333333333 13280.1 6201.346666666666 9304.743333333334 14567.7 6677.966666666666
MGG_08334T0 90.88106666666668 373.39233333333334 20.27969666666667 89.58526666666667 186.47366666666667 48.87133333333333 74.18786666666666 150.11466666666666 24.106133333333332
MGG_04749T0 332.6666666666667 91729.66666666669 2124.3333333333335 3860.666666666667 63050.666666666664 3434 111.33333333333331 12510.333333333334 2584.6666666666665
MGG_00451T0 2863.3333333333335 11443 817 3931.3333333333335 7942.333333333333 2200.6666666666665 2132.3333333333335 3027.3333333333335 2586.3333333333335
MGG_14903T0 114.84966666666666 3107.8533333333335 979.638 350.07033333333334 2664.0833333333335 1071.736666666667 1060.9976666666666 1957.3133333333333 1016.9303333333334
MGG_09755T0 544 5013.666666666667 809.3333333333334 1139.3333333333333 3967.3333333333335 2194 1045 2066.6666666666665 1168.3333333333333
MGG_01717T0 61.666666666666664 2354 345.6666666666667 25 1914.9 871.7533333333333 29.666666666666668 1091.6666666666667 451.6666666666667
MGG_09171T0 42 603.6666666666666 143 109.66666666666669 745.6666666666666 122.33333333333331 136 259 135.33333333333334
MGG_01855T0 8.666666666666666 389.6666666666667 57.666666666666664 0 420 43 49 163.33333333333334 38.333333333333336
MGG_05222T0 1110.345 7060.2266666666665 2886.19 2863.5133333333333 6977.003333333333 2959.82 2469.2966666666666 4492.343333333333 2219.4
MGG_04669T0 255.66666666666663 3182.3333333333335 814.6666666666666 742.3333333333334 2934.3333333333335 1050.6666666666667 693.6666666666666 1840.3333333333333 844.3333333333334
MGG_01856T0 30.666666666666668 2224.6666666666665 186.33333333333337 0 2078.6666666666665 216.66666666666663 406 1193.3333333333333 126.66666666666669
MGG_09081T0 85.66666666666667 6836.333333333333 216.66666666666663 77.33333333333333 5534.333333333333 708 122.66666666666669 2682 307.3333333333333
MGG_00078T0 28.666666666666668 1935.3333333333333 118.66666666666669 70.66666666666667 1682.3333333333333 185 115.66666666666669 778.6666666666666 198.33333333333337
MGG_05366T0 704 9211.666666666666 1795.6666666666667 1882.3333333333333 7344.666666666667 2403 1402 4328.666666666667 2346
MGG_08639T0 108.29033333333332 10006.24 930.307 77.97943333333333 7523.666666666666 1994.8966666666668 119.38726666666668 3991.8 1039.529
MGG_06166T0 266 2623.3333333333335 892.6666666666666 963.3333333333334 1656.6666666666667 676.6666666666666 488.3333333333333 1308.3333333333333 828.3333333333334
MGG_09275T1 1076.0766666666666 8947.79 2813.616666666667 2244.9133333333334 5146.23 2251.66 1514.6266666666666 5154.726666666667 3011.5133333333333
MGG_07561T0 1377.3333333333333 14276 2596 1850 8047 2764 4417 8237.666666666666 4323
MGG_16424T0 50.333333333333336 1706 151 30.666666666666668 1088.6666666666667 239 146 936.6666666666666 386.3333333333333
MGG_02889T0 2420.6666666666665 121831 5092.666666666667 1637 62738 7143.666666666667 4268.666666666667 56999.333333333336 17166
MGG_00581T0 0 84.66666666666667 1.3333333333333337 0.6666666666666667 38 0.6666666666666667 0 33.333333333333336 6.666666666666667
MGG_04567T0 594.6666666666666 6613.333333333333 1333 1355 5051 1997.3333333333333 1403.6666666666667 5084.333333333333 1982
MGG_09944T0 250.33333333333337 2252.3333333333335 586.6666666666666 567.3333333333334 1471.3333333333333 741.3333333333334 674 1546.3333333333333 842.6666666666666
MGG_09096T0 1121.3333333333333 8180.666666666667 1213 1963.6666666666667 5593 2868.3333333333335 1718.3333333333333 4600.333333333333 2297.3333333333335
MGG_02837T0 88.49953333333333 943.0706666666666 135.52256666666668 141.98366666666666 655.5146666666667 356.448 114.94813333333332 599.277 323.3546666666667
MGG_05056T0 477.6666666666667 2093.3333333333335 400.3333333333333 296.3333333333333 1710.6666666666667 894.3333333333334 361.6666666666667 1493.3333333333333 800
MGG_01895T0 225 1321.3333333333333 224.66666666666663 402 1148.6666666666667 270 650.6666666666666 730.6666666666666 654.3333333333334
MGG_00468T0 1200 3528.3333333333335 1860.6666666666667 2503.3333333333335 3014 1603.6666666666667 1722.3333333333333 2224 1538
MGG_01311T0 2094.61 8926.626666666667 1753.5166666666669 5023.333333333333 5236.01 2482.8766666666666 4116.016666666666 4989.98 2364.4166666666665
MGG_11178T0 1556.3333333333333 9272.333333333334 3286 3964 6504.333333333333 2774 4302.666666666667 5072 3119.6666666666665
MGG_04855T0 2562 11705.333333333334 2721.6666666666665 5817 8393.666666666666 2450.6666666666665 5742.666666666667 5943.666666666667 3958
MGG_08083T0 590.402 3187.8 742.483 1540 2761.1233333333334 886.3333333333334 1560.2866666666666 1998.3566666666668 935.4696666666666
MGG_06882T0 221.623 1084.2373333333333 831.116 936.7346666666668 1056.904 860.764 530.1916666666667 740.717 924.5533333333332
MGG_11419T0 1240.3333333333333 3985.6666666666665 2226.3333333333335 3651.6666666666665 3708.3333333333335 2447.6666666666665 3248.3333333333335 2732.3333333333335 3427.3333333333335
MGG_07469T0 127.66666666666669 606 316 465.6666666666667 542.6666666666666 296 453.6666666666667 432 562.6666666666666
MGG_03684T0 1072.3333333333333 3368.6666666666665 1956.6666666666667 2626.3333333333335 3115.3333333333335 1634 2362.3333333333335 2480.3333333333335 2451.3333333333335
MGG_03134T0 2059 6657.666666666667 3138 5393.333333333333 7106 3251.3333333333335 4450 5440.333333333333 6114
MGG_09970T0 651.6666666666666 2386 1338.3333333333333 1762.3333333333333 2330.6666666666665 1559.3333333333333 1577.3333333333333 1079.6666666666667 1291.6666666666667
MGG_01799T0 188 679 281.3333333333333 464 460 319.6666666666667 360 338 432.6666666666667
MGG_06950T0 634.1076666666667 4783.143333333333 1227.8666666666666 1838.32 2954.94 2075.825 2532.52 1287.6233333333334 2205.3733333333334
MGG_05746T0 920 6719.666666666667 2159.6666666666665 4122.666666666667 4357 2052 4908.333333333333 4655 2890.6666666666665
MGG_01028T0 2054 6324 1750.6666666666667 4727.666666666667 3770.6666666666665 2223.3333333333335 4133 3615.6666666666665 3509.3333333333335
MGG_01648T0 331.7866666666667 951.497 510.68666666666667 954.5173333333332 834.0196666666667 681.576 864.7446666666667 620.2243333333333 676.0596666666667
MGG_06021T0 1323.937 2880.776666666666 1847.3933333333332 2817.713333333333 2086.2333333333336 1759.3633333333332 2283 2087.3366666666666 1919.6166666666668
MGG_01260T0 1381 7811 4506 5619.333333333333 5048 4290.333333333333 4385.333333333333 4717 3922.3333333333335
MGG_17841T0 3687 13860.666666666666 6502.666666666667 9928 9334.666666666666 4391.666666666667 8043.333333333333 7533 6460.666666666667
MGG_06057T0 2153.6666666666665 7778.666666666667 4464 6427 6519 2913 4437.666666666667 4038.3333333333335 4251.333333333333
MGG_07200T0 47612 75811.33333333333 14937.333333333334 41463.333333333336 55746.666666666664 21995 54332.333333333336 46983.666666666664 54588.333333333336
MGG_16420T0 56 46.666666666666664 13.666666666666666 41.333333333333336 45 32 53 39.666666666666664 55.666666666666664
MGG_13799T0 27.666666666666668 37.666666666666664 8 34 22 14.666666666666666 35 15.666666666666666 34
MGG_08278T0 1725.3333333333333 2131.3333333333335 413 1293.3333333333333 554 1269.3333333333333 1325.6666666666667 615 762.3333333333334
MGG_01494T0 3069.3333333333335 7208.333333333333 1312.3333333333333 4447.666666666667 3328 3047.6666666666665 3535.6666666666665 2653.3333333333335 1237
MGG_04643T0 1093 1789.3333333333333 370 1361.3333333333333 888 792.6666666666666 1028 906 947.6666666666666
MGG_04389T0 445.2746666666667 738.9200000000001 162.643 423.957 342.6413333333333 287.815 474.121 445.97 423.12766666666664
MGG_08202T0 1131.6666666666667 1090.6666666666667 685.3333333333334 1337.6666666666667 1317.3333333333333 1501.3333333333333 1042.6666666666667 1325.3333333333333 1639
MGG_15485T0 25.333333333333332 27.333333333333332 9 34 31.666666666666668 28.666666666666668 23.666666666666668 28.666666666666668 47.333333333333336
MGG_16421T0 26 40.333333333333336 13.333333333333332 45.333333333333336 29.666666666666668 29 41.666666666666664 38 45
MGG_10876T0 83.33333333333333 118 53.666666666666664 161.33333333333334 96.33333333333331 73 197 109.33333333333331 200.33333333333337
MGG_17252T0 61.333333333333336 151 53.666666666666664 131.33333333333334 64 58.333333333333336 163 86 217
MGG_03032T0 28.333333333333332 29.333333333333332 13.333333333333334 29 37.333333333333336 20.333333333333332 35 27 51.666666666666664
MGG_10537T0 56.666666666666664 120.33333333333331 69 178.33333333333334 153.66666666666666 122.33333333333331 158.66666666666666 240 229
MGG_03418T0 11860.333333333334 9938 6512.666666666667 12853 12396 10410 14524.666666666666 16153.666666666666 18961
MGG_08325T0 236.463 238.06966666666665 178.97666666666666 336.90666666666664 328.717 193.858 358.388 408.918 481.49733333333336
MGG_17430T0 1129.897 1534.67 986.5196666666668 1754.506666666667 1468.1166666666668 852.0623333333333 1783.5466666666666 1764.5766666666666 2360.33
MGG_08982T0 71.33333333333333 128.66666666666666 79.33333333333333 230 177.66666666666666 64.33333333333333 134.66666666666666 235.66666666666663 313.3333333333333
MGG_14211T0 4.666666666666667 6.333333333333333 2.3333333333333335 14.666666666666666 6.333333333333333 3.666666666666667 9 10.666666666666666 15.333333333333334
MGG_01324T0 1012.6746666666668 1835.6666666666667 1317.53 1136.0363333333337 1375.503333333333 1410.746666666667 2343.79 1868.63 1682.2333333333331
MGG_11148T0 1206.6666666666667 2657.3333333333335 1601 2077 1475.6666666666667 1801.6666666666667 3112.6666666666665 1925.6666666666667 2437.6666666666665
MGG_03294T0 1.3333333333333333 6.666666666666667 2.3333333333333335 4 2 2 13.666666666666666 3.3333333333333335 9.333333333333334
MGG_03008T0 960.6666666666666 2448 1727 2035.3333333333333 2091.6666666666665 1780.6666666666667 2839 2260.6666666666665 3309.6666666666665
MGG_08821T0 218.33333333333337 373.1376666666667 272.8263333333333 310.44533333333334 430.277 339.085 535.1743333333333 375.9076666666666 524.2483333333333
MGG_09764T0 1183.3333333333333 2309.3333333333335 1577.3333333333333 2011 2647.3333333333335 1375.3333333333333 2891.6666666666665 2326.3333333333335 2307.6666666666665
MGG_12131T0 1328.3333333333333 3336.6666666666665 1754.6666666666667 2438.3333333333335 2993.3333333333335 1758.6666666666667 4024.6666666666665 2448 2601
MGG_06136T0 607.3333333333334 1156 782.6666666666666 1049.3333333333333 1183.6666666666667 904.3333333333334 1612 1085 1209.3333333333333
MGG_09348T0 964.3333333333334 1705.3333333333333 600 1420 1675.3333333333333 1225.3333333333333 1872 1512 1750
MGG_15502T0 4.666666666666667 10 3 10.666666666666666 11 9.666666666666666 17.333333333333332 12.666666666666666 12.333333333333334
MGG_17846T0 15.0079 117.1399 48.0072 4.141066666666667 84.06416666666667 6.956366666666666 112.8153 65.6302 59.88953333333333
MGG_08527T0 387.6666666666667 601 121.33333333333331 181 234 284 478.3333333333333 214.66666666666663 509.6666666666667
MGG_04646T0 624.0356666666667 3719.6033333333335 852.303 995.679 1423.3333333333333 1218.89 1710.1666666666667 1415.85 1940.87
MGG_08610T0 2 66.66666666666667 16.333333333333332 6.666666666666667 22.333333333333332 9.333333333333334 35.666666666666664 13.666666666666666 38.666666666666664
MGG_05196T0 471.6666666666667 2999 585.3333333333334 1070.3333333333333 768.6666666666666 1134.3333333333333 2506.6666666666665 655.3333333333334 1873.6666666666667
MGG_08537T1 0 6 0.6666666666666667 0 1 0 5 1 2.666666666666667
MGG_05804T0 2036.6666666666667 790.6666666666666 395 1177.6073333333334 721 1599.4233333333334 1584.5933333333337 1039.3033333333333 1343.6966666666667
MGG_16373T0 77.37666666666667 47.247366666666665 19.194766666666663 56.44636666666667 32.667 62.6974 66.9469 56.35013333333333 70.89566666666667
MGG_04633T0 5.666666666666667 4.333333333333333 0 2.3333333333333335 1 3 10 1.3333333333333333 6.666666666666667
MGG_14691T0 41 21.666666666666668 9.333333333333334 14.6903 7.666666666666667 23.333333333333332 44.333333333333336 12.333333333333334 28.666666666666668
MGG_13420T0 12.666666666666666 1.6666666666666663 0.6666666666666667 0 1 0 11 3.6666666666666665 17
MGG_15380T0 120.33333333333331 18.666666666666668 37.666666666666664 21 22.666666666666668 38.666666666666664 91 49.333333333333336 140.66666666666666
MGG_04216T0 356.5291 26.04157 103.82946666666666 83.27803333333333 27.4508 78.42856666666667 538.7869999999999 82.55216666666666 586.4613333333334
MGG_12775T0 1598 87 460.6666666666667 585.6666666666666 343 258 1768.6666666666667 705.6666666666666 1890.3333333333333
MGG_04384T0 19.333333333333332 2.3333333333333335 3 5 4.666666666666667 1.6666666666666667 20.333333333333332 5 24
MGG_06144T0 526.3333333333334 21.333333333333332 157.33333333333334 371.6666666666667 27.333333333333332 234.33333333333337 217 56.333333333333336 644.3333333333334
MGG_04545T0 6697.333333333333 277.3333333333333 1165.6666666666667 5523.666666666667 593.3333333333334 1163 8597.333333333334 992 8462
MGG_11676T0 565 147 182 401.3333333333333 195.33333333333337 186.33333333333337 394.3333333333333 221 686
MGG_15273T0 118.33333333333331 27 10.666666666666666 90.66666666666669 16.666666666666668 17 84 9.333333333333334 156.33333333333334
MGG_02348T0 11.666666666666666 1.6666666666666663 0 8.333333333333334 0.6666666666666667 0.33333333333333337 7 0 9.333333333333334
MGG_10792T0 1345 207 364.6666666666667 722 248 329.6666666666667 1016.6666666666666 289.3333333333333 1104.6666666666667
MGG_01556T0 2841.4866666666667 1126.742 2147.0166666666664 1890.1333333333337 2137.0733333333333 1874.0433333333333 3200.6233333333334 3209.0166666666664 2943.2833333333333
MGG_10307T0 997.5746666666668 413.7373333333333 764.0236666666667 636.2933333333333 684.4916666666667 677.1370000000001 1333.6433333333332 1122.696333333333 1155.0666666666666
MGG_06880T0 1433.9236666666666 443.7393333333333 841.0753333333333 1076.609 807.3829999999999 874.9023333333333 1520.0666666666666 1244.2543333333333 1185.782
MGG_09576T0 368.6666666666667 48 132 163.33333333333334 162.66666666666666 201.66666666666663 529 333.6666666666667 216.66666666666663
MGG_05751T0 749.3333333333334 221.66666666666663 225.66666666666663 602.6666666666666 350 349.3333333333333 1050.6666666666667 542.3333333333334 706.3333333333334
MGG_05435T0 233 82.66666666666667 59.333333333333336 139 71 69.33333333333333 315 117.33333333333331 185.33333333333337
MGG_10560T0 209 10.666666666666668 31.333333333333332 94 19.333333333333332 50.666666666666664 360.3333333333333 43.666666666666664 165
MGG_04872T0 3847.86 749.7593333333333 2095.523333333333 2672.06 1709.9366666666667 2786.0533333333333 4446.23 2425.576666666667 3888.2533333333336
MGG_00104T0 2710.77 484.4676666666667 1507.1766666666667 1854.6633333333336 966.5203333333332 1598.7033333333334 2894.293333333333 1554.87 2261.2566666666667
MGG_17274T0 291.42566666666664 71.39406666666667 167.552 222.71433333333331 126.43966666666668 210.02999999999997 324.4286666666667 201.13133333333337 243.23766666666663
MGG_10440T0 840.3333333333334 88.66666666666667 376.6666666666667 425.6666666666667 238.66666666666663 397.6666666666667 976.6666666666666 307.3333333333333 554.6666666666666
MGG_17829T0 1359.6666666666667 113 347.6666666666667 590.3333333333334 323.6666666666667 870.6666666666666 1778.6666666666667 560.6666666666666 1106
MGG_14855T0 1446 370.6666666666667 1009.3333333333334 953.6666666666666 777.3333333333334 1176.3333333333333 1927 1265 1371.3333333333333
MGG_13230T0 2762.6666666666665 596.3333333333334 2223.6666666666665 1760 1052 2036 4295.333333333333 1798 3378
MGG_04329T0 199 36 54 101 103.66666666666669 140 258.6666666666667 95.33333333333331 218
MGG_04893T0 768.3333333333334 213 243.66666666666663 327 360.3333333333333 533 636 442.6666666666667 746
MGG_06764T0 2908.7066666666665 871.5206666666667 1480.8966666666668 1541.75 1567.0433333333333 2248.3999999999996 3067.766666666667 2419.2633333333333 2990.17
MGG_17738T0 21.333333333333332 6.333333333333333 4 14.666666666666666 1 16.666666666666668 24 9.333333333333334 20.333333333333332
MGG_06306T0 338.08299999999997 159.61966666666666 118.15306666666667 269.3473333333333 151.234 212.8766666666667 324.1773333333333 276.80533333333335 300.6813333333333
MGG_06466T0 2500.77 711.0613333333333 759.4696666666667 1761.4233333333332 916.9083333333332 1489.6366666666668 2772.2266666666665 1246.2066666666667 1881.22
MGG_05134T0 7031.666666666667 1970 2269 4430.333333333333 2728 4042 6624 3545.6666666666665 5537.666666666667
MGG_07173T1 2325.826666666667 716.6593333333334 750.3443333333333 1488.7166666666667 1100.3066666666666 1576.44 2257.1666666666665 1529.7133333333334 2026.83
MGG_00187T0 897.3333333333334 222.33333333333337 304.3333333333333 506.3333333333333 384 482.3333333333333 696.6666666666666 541.6666666666666 740.6666666666666
MGG_17668T0 550.8426666666667 57.18246666666667 415.18766666666664 636 158.86383333333333 593.5153333333333 661.66 275.10066666666665 820.043
MGG_15768T0 1078.6666666666667 94.66666666666669 431 826 174.66666666666666 797 934.6666666666666 198 1223.3333333333333
MGG_01309T0 2349.5333333333333 191.91266666666667 1203.938 2126.4466666666667 417.327 1996.04 2267.56 581.2213333333333 2509.5066666666667
MGG_09846T0 697.3333333333334 67.66666666666667 438 649.6666666666666 151.66666666666666 719.3333333333334 595.6666666666666 209.66666666666663 735.3333333333334
MGG_03220T0 6014.886666666666 614.3546666666666 4214.5633333333335 4710.723333333333 1383.9433333333334 5350.493333333333 5489.623333333333 1884.13 5490.86
MGG_09711T0 1004 135.33333333333334 659.3333333333334 795.6666666666666 349.6666666666667 917.3333333333334 889 475.3333333333333 1016.3333333333334
MGG_00687T0 2063.1233333333334 355.3333333333333 1490.3333333333333 1731 669.3333333333334 1736 2022 1020.3333333333334 2177
MGG_06859T0 2552.983333333333 353.991 1847.2333333333331 2235.3033333333333 718.6610000000001 2330.8433333333332 2681.3066666666664 1018.319 3001.8566666666666
MGG_01786T0 2440.76 363.145 1812.256666666667 2468.5699999999997 734.9273333333333 1786.7833333333333 2171.943333333333 1115.8766666666666 2381.99
MGG_04566T0 1229 173 1181.3333333333333 1491.3333333333333 366.6666666666667 1060.3333333333333 1628.6666666666667 506 1286.3333333333333
MGG_02526T0 6013.666666666667 1346.6666666666667 4028.3333333333335 8407.666666666666 2480.6666666666665 4853.666666666667 9333.666666666666 3983 5591
MGG_13447T0 1867.7166666666667 321.27066666666667 1186.743333333333 2360.94 616.2143333333333 1518.0533333333333 2559.7366666666667 873.9753333333333 1815.31
MGG_06065T0 5588 815.3333333333334 2958.3333333333335 7584 1490.3333333333333 5036.333333333333 8415 2217.6666666666665 5938.333333333333
MGG_01979T0 3091.6666666666665 488.3333333333333 1542.3333333333333 3750.6666666666665 947 2516 4358.666666666667 1431 3046.3333333333335
MGG_03072T0 437.796 62.871599999999994 203.43133333333333 441.67833333333334 192.85733333333337 346.533 534.4783333333334 182.95033333333333 399.631
MGG_07545T0 1593.3333333333333 176.66666666666666 689.6666666666666 1954.6666666666667 376.6666666666667 1584.6666666666667 2120.6666666666665 399.6666666666667 1362.6666666666667
MGG_04396T0 8599.686666666666 917.9353333333332 4883.643333333333 9100.84 2257.3166666666666 7984.743333333333 10340.463333333331 2822.4366666666665 7846.076666666667
MGG_04190T0 2293.6666666666665 360.3333333333333 1172 2431 709 2079.6666666666665 2730 993 1944.6666666666667
MGG_12805T0 4154.206666666667 452.3043333333333 2361.11 3373.45 1180.9213333333332 4365.05 5457.03 1669.0166666666669 4741.69
MGG_04863T0 4002.3333333333335 817.6666666666666 2681.6666666666665 3834.6666666666665 1612 3534.3333333333335 5034.333333333333 2452.3333333333335 3791.3333333333335
MGG_11701T0 1516.218 233.999 748.6646666666667 1279.4816666666666 393.2436666666667 1200.14 1768.9566666666667 743.053 1363.86
MGG_06825T0 86.33333333333333 9 24.666666666666668 66 22 38.333333333333336 69.66666666666667 31 59.333333333333336
MGG_03238T0 4002.586666666667 297.9033333333333 1155.18 3749.1266666666666 643.2516666666667 3112.75 3572.64 615.1886666666667 2562.7066666666665
MGG_17399T0 6151 557.3333333333334 2148.6666666666665 4000.6666666666665 1146.6666666666667 3815.3333333333335 5179.666666666667 1612.6666666666667 2893.6666666666665
MGG_03281T0 2895.92 189.92933333333335 1546.49 1830.6866666666667 517.686 1822.0533333333333 2626.76 662.251 2000.3866666666663
MGG_11257T0 1619.13 238.24333333333337 676.257 1092.1476666666667 455.82933333333335 1169.5833333333333 1354.2233333333334 637.111 1174.246666666667
MGG_12749T0 5486 709.6666666666666 1884.3333333333333 3419.6666666666665 1489.6666666666667 3502 4397.666666666667 1837 3698.6666666666665
MGG_00876T0 4579.716666666667 427.58366666666666 2003.51 3717.75 1071.4696666666666 3124.1233333333334 4186.546666666667 1695.88 3420.14
MGG_05956T0 5916.666666666667 454.6666666666667 2362.6666666666665 4477 1296.6666666666667 4428.666666666667 5574.333333333333 1464.6666666666667 4406.666666666667
MGG_07131T0 647.3333333333334 170 316.6666666666667 602.6666666666666 384 724.3333333333334 675.6666666666666 573 776.6666666666666
MGG_11548T0 769.3333333333334 169 469.6666666666667 682.6666666666666 343 990.6666666666666 829 369.3333333333333 647
MGG_01469T0 3210 406.6666666666667 1723 2075.6666666666665 1024.6666666666667 3108.3333333333335 2938.3333333333335 1346.3333333333333 2462.6666666666665
MGG_09952T0 13209.666666666666 2348 6345.333333333333 9717.333333333334 4652.333333333333 11510.666666666666 11215 7187.666666666667 11515.333333333334
MGG_02568T0 2351.6666666666665 438.3333333333333 1175.6666666666667 1684.6666666666667 947.6666666666666 2065.6666666666665 1829 1502 1942.3333333333333
MGG_05175T0 817.3333333333334 276.6666666666667 335.6666666666667 591.3333333333334 358.6666666666667 888.3333333333334 606.6666666666666 444 763.3333333333334
MGG_01284T0 9051.333333333334 1376.6666666666667 2029.3333333333333 6740 2639 9938.666666666666 9067.666666666666 3654 10191
MGG_10665T0 1073.6666666666667 230 451.6666666666667 744.6666666666666 381.6666666666667 979 865 436.3333333333333 1097.6666666666667
MGG_13485T0 3251.3333333333335 238 2770.6666666666665 2123 561 3111.3333333333335 2465.6666666666665 657 2756.6666666666665
MGG_11383T0 4995.333333333333 452.6666666666667 3034.6666666666665 2034.6666666666667 1070 3705 2590.6666666666665 1412 3479.6666666666665
MGG_01742T0 43402.666666666664 3028.6666666666665 27354.666666666668 21980.333333333332 6081.333333333333 31491 25097 7644.333333333333 32211.666666666668
MGG_03983T0 1178.5006666666668 156.65123333333332 986.4906666666668 578.034 306.4583333333333 1098.2356666666667 793.7923333333333 387.03 1094.71
MGG_00369T0 684 64.33333333333333 505.6666666666667 344.3333333333333 148 684.3333333333334 441.6666666666667 228.66666666666663 721.6666666666666
MGG_05203T0 8429 809.3333333333334 4484 4206 2109 7679.333333333333 5279 2870.6666666666665 7498
MGG_06316T0 7531 966 5010.333333333333 4361.333333333333 1880 6507 5690.333333333333 2525 7121.666666666667
MGG_10357T0 4791 433.6666666666667 2801.3333333333335 2671.6666666666665 1073.3333333333333 3774.6666666666665 3238.6666666666665 1222.3333333333333 4267.666666666667
MGG_09288T0 69 7.333333333333333 39 48.333333333333336 22.333333333333332 57 44 28.333333333333332 55.666666666666664
MGG_10834T0 1842 101 622.3333333333334 1113.6666666666667 266.3333333333333 1534.6666666666667 1026.3333333333333 278.6666666666667 1492
MGG_03641T0 214759.33333333337 14895.333333333334 84755 115797.66666666669 32743.333333333332 146535 126839.66666666669 43339.666666666664 157184
MGG_09780T0 949.5683333333332 258.233 400.87 488.406 309.92133333333334 842.6156666666667 464.81233333333336 346.48333333333335 656.216
MGG_04436T0 24341.733333333337 2971.3466666666664 9866.813333333334 12218.5 6442.516666666666 17419.533333333333 11747.756666666666 8968.006666666666 17258.266666666666
MGG_06488T0 713.6666666666666 111.66666666666669 327.3333333333333 270.6666666666667 324.6666666666667 568.3333333333334 471.3333333333333 430.6666666666667 693.3333333333334
MGG_00476T0 2706.5066666666667 581.2323333333334 2146.7033333333334 2035.9366666666667 1678.3166666666666 2804.4533333333334 2590.59 2094.5833333333335 2837.2799999999997
MGG_03982T0 33099.5 8914.246666666666 22573.333333333332 19903.833333333336 16802.533333333333 25258.5 27379.8 25197.033333333333 25718.066666666666
MGG_13809T0 459.6666666666667 64.66666666666667 310.3333333333333 262.3333333333333 204 362.6666666666667 320.6666666666667 253.66666666666663 324.3333333333333
MGG_00686T0 2355.21 508.6666666666667 1657.6666666666667 1610 956.3333333333334 2175.6666666666665 1688 1538.3333333333333 1984.3333333333333
MGG_05530T0 1427 320.6666666666667 467.3333333333333 527.6666666666666 613.6666666666666 555.3333333333334 778.3333333333334 1043 623.3333333333334
MGG_10315T0 178642.66666666666 27817.333333333332 56761 79079.66666666667 96611.33333333331 57952 97544.33333333331 127223 70859
MGG_08164T0 11272.01 2932.83 4920.77 6252.246666666667 5788.63 5378.573333333333 8274.193333333333 8790.630000000001 6997.196666666667
MGG_01093T0 2260.6666666666665 467.3333333333333 940 1093.6666666666667 941 915.6666666666666 1566.3333333333333 1264.3333333333333 1211.6666666666667
MGG_14759T0 27.666666666666668 4.666666666666667 14.333333333333334 12 11.333333333333334 10 18.333333333333332 17.666666666666668 18
MGG_09648T0 73 6 30 7 16 32 23.666666666666668 43.666666666666664 41.333333333333336
MGG_00194T0 575.3333333333334 33.666666666666664 184 217.33333333333337 89.33333333333333 245.66666666666663 322.6666666666667 319.3333333333333 404.3333333333333
MGG_09396T0 11691.333333333334 1155.6666666666667 2643.3333333333335 3815 3483.9966666666664 5127 5248.993333333334 5413.663333333333 8005.85
MGG_08317T0 1853 193.66666666666663 277.3333333333333 403 429 541 772.3333333333334 724 1237
MGG_17502T0 6.732966666666667 0 0.36649 0.3648233333333334 2.564936666666666 1.82835 2.1804166666666664 3.35736 5.163576666666667
MGG_14639T0 895.3333333333334 200.33333333333337 340 450.3333333333333 428.6666666666667 372.6666666666667 392 571.3333333333334 867.3333333333334
MGG_06075T1 69.84076666666667 24.9402 3.563066666666667 41.439 16.9045 19.261473333333335 36.0614 21.5171 32.4519
MGG_08376T0 53.666666666666664 8 2.333333333333333 24.666666666666664 0.6666666666666666 2 3 1.3333333333333337 22.333333333333332
MGG_08801T0 817.3333333333334 157.33333333333334 171.66666666666666 358.6666666666667 198 453 428 232.33333333333337 565
MGG_09750T0 3124 1150.3333333333333 958.6666666666666 1449.3333333333333 1295 2072.3333333333335 1762.3333333333333 1316.3333333333333 2291.6666666666665
MGG_10273T0 241.33333333333337 14.666666666666666 30.333333333333332 156 11.333333333333334 111.33333333333331 53 16.666666666666668 123.33333333333331
MGG_03661T0 3990.906666666667 755.4383333333334 1052 2522.2533333333336 875.552 2271.6966666666667 2134.51 1064.1866666666667 2013.8933333333337
MGG_04236T0 15107.666666666666 2258.3333333333335 4124.333333333333 8859.333333333334 3567.3333333333335 9424.666666666666 6727.333333333333 4328.666666666667 9727
MGG_13756T0 643 112 97.66666666666669 225 143.66666666666666 107.33333333333331 238.66666666666663 135.66666666666666 455
MGG_04913T0 22470.333333333332 1415.3333333333333 2203 3223.6666666666665 3583 1927.3333333333333 3799.6666666666665 4806 11643
MGG_10087T0 4609.666666666667 315 402.6666666666667 945 529 957.3333333333334 1092.6666666666667 773 1488
MGG_08256T0 29643.333333333332 957 2172.3333333333335 3320 1648 4534.666666666667 6446 2512.3333333333335 7709.666666666667
MGG_04034T0 72763.33333333333 1766.3333333333333 16005.666666666666 16019.666666666668 4795.666666666667 28022 11129 7235 26857
MGG_03940T0 6348.916666666667 395.55766666666665 1677.8466666666666 2248.63 987.427 2390.8366666666666 2211.9120000000003 1383.61 2829.3133333333335
MGG_09031T0 2648 272 525.6666666666666 1186.6666666666667 749.3333333333334 1242.6666666666667 2122 1261.6666666666667 764.6666666666666
MGG_07486T0 1782.58 309.16266666666667 564.104 1117.2763333333332 653.298 750.1803333333334 1488.7966666666666 968.2333333333332 888.8206666666666
MGG_16794T0 12 0 2.3333333333333335 6 2 3 10.333333333333334 3.6666666666666665 4.333333333333333
MGG_04787T0 5899.333333333333 664 437.3333333333333 2374 916.3333333333334 412 3908.3333333333335 1024.3333333333333 1704.6666666666667
MGG_05482T0 62.333333333333336 13.333333333333334 6 24.333333333333332 8.333333333333334 13.333333333333334 57 6.666666666666667 31.333333333333332
MGG_01710T0 2835.24 170.65933333333334 546.6186666666666 1107.078 270.80333333333334 656.8703333333333 2133.036666666667 464.65933333333334 1472.743333333333
MGG_10031T0 1063 27 150 433.3333333333333 45 23.333333333333332 918.6666666666666 100.66666666666669 471
MGG_15027T0 8355 698.3333333333334 512.6666666666666 1614 1351.3333333333333 1493.3333333333333 4349.333333333333 1935.3333333333333 2859.6666666666665
MGG_00956T0 2831.8533333333335 229.44466666666668 322.085 827.1376666666666 508.6963333333333 1031.3056666666666 1940.3916666666669 635.2486666666666 811.042
MGG_07317T0 7402.666666666666 582 761.3333333333334 1692 866 3194.6666666666665 5187 873.6666666666666 2154.3333333333335
MGG_13107T0 7893.73 1061.4466666666667 1270.993333333333 1978 1290.8033333333333 2933.4 3741.35 1927.7666666666669 2014.3033333333333
MGG_08201T0 7647.74 663.495 1532.03 1740.1280000000002 1690.0266666666666 2814.0866666666666 4360.143333333333 2221.996666666667 2037.06
MGG_06484T0 25983.666666666668 5968.666666666667 2978 12238.666666666666 4085.3333333333335 11110.666666666666 8559 4530.666666666667 6984.333333333333
MGG_05340T0 1689.0466666666666 239.27733333333333 514.4266666666667 875.0856666666667 473.2586666666666 854.3143333333334 972.9586666666668 811.9466666666667 496.597
MGG_15986T0 929.2046666666666 123.84893333333332 79.56833333333334 556.2766666666666 316.377 345.69533333333334 431.93533333333335 304.4526666666667 180.08333333333334
MGG_15671T0 20972.666666666668 1687.6666666666667 3074.3333333333335 9346 4561.666666666667 4620.333333333333 10743 6478 4977
MGG_00068T0 2329.6666666666665 284.6666666666667 371.6666666666667 1033 430.6666666666667 782.3333333333334 920.6666666666666 578.3333333333334 547.3333333333334
MGG_04639T0 5156.38 228.79066666666668 408.40933333333334 1970.3233333333335 377.93966666666665 981.1426666666666 1998.5913333333333 508.498 491.5663333333333
MGG_06964T0 6803.333333333333 787.6666666666666 3732 2549.6666666666665 1471.3333333333333 2552.6666666666665 4026.3333333333335 2297.6666666666665 2397.6666666666665
MGG_01490T0 45006.333333333336 1580.3333333333333 26415.666666666668 10293 3652.6666666666665 11691 15860.333333333334 6077.666666666667 21580
MGG_16371T0 2272.42 306.31766666666664 1809.9166666666667 865.4043333333333 626.609 1273.252 1615.013333333333 881.1416666666667 1400.14
MGG_18021T1 2638.1033333333335 290.9046666666667 1886.5136666666665 1226.9466666666667 649.6046666666667 1164.448 1522.9786666666666 1072.4986666666666 1497.3133333333333
MGG_13068T0 2493.6466666666665 336.3333333333333 1403.6666666666667 1638.3333333333333 712.986 1632.6666666666667 1466.9963333333333 877.3333333333334 1363.57
MGG_02624T0 13216 1184.6666666666667 7577 9522.666666666666 2846.3333333333335 6305.666666666667 9743.333333333334 4162 8551
MGG_15598T0 3227.3333333333335 253.33333333333337 1810 1890.3333333333333 424.3333333333333 1324.6666666666667 1819.6666666666667 686.3333333333334 2474.3333333333335
MGG_08649T0 5825 660.6666666666666 1504.6666666666667 3031.3333333333335 1533 3447.6666666666665 4202.333333333333 2256.6666666666665 2476.6666666666665
MGG_03346T0 2063.8633333333332 376 500.3333333333333 1189 509.0423333333333 1053.24 1323.13 795.3956666666667 1154.253333333333
MGG_06127T0 18622.633333333335 2204.2433333333333 10200.513333333334 9080.4 4980.963333333333 10193.93 12976.386666666667 8138.41 10086.94
MGG_09190T0 10052 1866 4898 5400 3668 5227.333333333333 7224.333333333333 5234.666666666667 5515.666666666667
MGG_04320T0 1724.9726666666668 131.18376666666666 574.755 664.1343333333333 306.636 1076.8763333333334 1094.5343333333333 480.03 886.156
MGG_01176T0 3188 360.3333333333333 1091.89 1253.32 698.4946666666667 1457.8733333333332 2140.9066666666668 1045 1506.62
MGG_03536T0 4301.093333333333 308.358 1247.1 1483.0476666666668 702.3716666666667 1697.14 2492.51 967.07 1796.69
MGG_06249T0 35493.23333333333 2149.92 10178.403333333334 16563.100000000002 4926.326666666667 14756.1 24060.7 6568.693333333334 15186.266666666666
MGG_09393T0 6287 427.6666666666667 2554.6666666666665 3306.3333333333335 1006.3333333333334 3228 4012.3333333333335 1291.6666666666667 3019.6666666666665
MGG_08897T0 5962.666666666667 301.6666666666667 2168 2875.6666666666665 713 2837.6666666666665 3802.6666666666665 1028.6666666666667 3149.3333333333335
MGG_05597T0 919 84 380 312.6666666666667 210 581.6666666666666 850.3333333333334 368.3333333333333 594.6666666666666
MGG_08802T0 3132.3333333333335 210 525 979.6666666666666 363 1254.6666666666667 2205.6666666666665 469 1848.6666666666667
MGG_17041T0 8849.666666666666 228.66666666666663 1595 2419.6666666666665 622.3333333333334 2860.3333333333335 6229 852.6666666666666 5272.666666666667
MGG_00223T0 20853.666666666668 1146.3333333333333 8162.666666666667 6395 2795.3333333333335 9218 11542.666666666666 4149.666666666667 12202.666666666666
MGG_01917T0 1154.3333333333333 151.66666666666666 498.3333333333333 576.3333333333334 298 700.3333333333334 714.3333333333334 430.6666666666667 865
MGG_04504T0 3243.99 293.79633333333334 1514.2666666666669 1455.6566666666668 675.7353333333333 1909.7133333333336 2282.54 852.6696666666667 2294.1133333333332
MGG_16739T0 36705.333333333336 2852 20872.666666666668 21409 6187 23345.333333333332 24870 7789.666666666667 25918.333333333332
MGG_08008T0 2351.6666666666665 171 746.6666666666666 1131 311 1460.6666666666667 1558.3333333333333 390 1354.6666666666667
MGG_04425T0 4002 266.3333333333333 1657.6666666666667 2170.6666666666665 739.3333333333334 2374.3333333333335 2682.3333333333335 789 2715
MGG_10607T0 15010.666666666666 990.3333333333334 6266.666666666667 5681 2391.6666666666665 8102.333333333333 9517.666666666666 3635.3333333333335 13815
MGG_10572T0 1067.6666666666667 72.33333333333333 402 350.3333333333333 193.66666666666663 539 808.3333333333334 436.3333333333333 843
MGG_16681T0 1309.6666666666667 420.6666666666667 1158.6666666666667 1330.6666666666667 742 1397 1548.6666666666667 1206.6666666666667 1142.6666666666667
MGG_08736T0 352.6666666666667 101.33333333333331 315.3333333333333 395.3333333333333 212.33333333333337 337.6666666666667 469.6666666666667 414.6666666666667 330.6666666666667
MGG_01486T0 146 38.666666666666664 150.33333333333334 127 45 123 88 120 81
MGG_02962T0 403.10833333333335 101.6236 517.056 472.516 194.11366666666663 318.189 435.92466666666667 431.6573333333333 344.84766666666667
MGG_16906T0 100 21 106.33333333333331 124.66666666666669 41.666666666666664 76.33333333333333 90.66666666666669 79 75.66666666666667
MGG_17612T0 134.37866666666667 15.120733333333332 80.36673333333333 93.36566666666668 30.056566666666665 72.18476666666668 116.48713333333332 73.68333333333334 59.22346666666667
MGG_16608T0 129.33333333333334 23.333333333333332 71.33333333333333 108.33333333333331 58 71.66666666666667 58.666666666666664 79 66
MGG_04943T0 7651 1289.3333333333333 5383.666666666667 7902.666666666667 2636.3333333333335 4641 5551.333333333333 4153.333333333333 5127.666666666667
MGG_09718T0 685.6666666666666 92.33333333333331 396.6666666666667 620.3333333333334 236.33333333333337 439.3333333333333 457 387 398.3333333333333
MGG_16228T1 75.33333333333333 21.568633333333334 0 91.6093 45.9589 21.697134725313333 43 91.08198856133332 50.34809
MGG_14908T0 605 129.33333333333334 364 715.3333333333334 319.3333333333333 558.3333333333334 459.6666666666667 616 386
MGG_18010T0 10 0 2 8 3 7.333333333333333 5 8 9
MGG_16712T0 40 5 8.333333333333334 33.6728 9.669433333333332 17.666666666666668 26.680066666666665 26.666666666666668 28.333333333333332
MGG_01971T0 485.3333333333333 138.66666666666666 163.66666666666666 410.6666666666667 256.3333333333333 355.6666666666667 405.6666666666667 360.3333333333333 332.3333333333333
MGG_05978T0 429.3333333333333 78.66666666666667 153.33333333333334 419.6666666666667 254.33333333333337 294 377.3333333333333 359.3333333333333 319.3333333333333
MGG_10103T0 1082.3333333333333 332 228.33333333333337 1160.3333333333333 623.6666666666666 308 595.3333333333334 684 1069.3333333333333
MGG_08777T0 271.6666666666667 46.666666666666664 107.33333333333331 309.3333333333333 118.33333333333331 112.33333333333331 189 164.66666666666666 260.6666666666667
MGG_04851T0 61 8.666666666666666 5.666666666666666 91.33333333333331 7 1.6666666666666663 56.666666666666664 4.333333333333333 67.33333333333333
MGG_09478T0 157.66666666666666 40.333333333333336 24.666666666666668 240.66666666666663 27.333333333333332 91.33333333333331 116.33333333333331 16 151.66666666666666
MGG_10274T0 6864.333333333333 122 254 5319.666666666667 357.6666666666667 2074.6666666666665 1722 344.6666666666667 1531.3333333333333
MGG_07188T0 2225 256 556.3333333333334 1563.3333333333333 510 1589.3333333333333 1339 563 732
MGG_12090T0 28 4 1 20 2.3333333333333335 18.333333333333332 8.666666666666666 2.3333333333333335 5.333333333333333
MGG_05101T0 291 34 61.666666666666664 352 111.66666666666669 158 100.33333333333331 82.66666666666667 203
MGG_03085T0 3303.333333333333 1 8.666666666666666 4145 4.666666666666667 3.6666666666666665 36.666666666666664 1 6
MGG_12552T0 32.666666666666664 0 0 50.333333333333336 1 0 7.666666666666667 4.333333333333333 0.33333333333333337
MGG_15445T0 164.33333333333334 13.666666666666666 124.66666666666669 42 70.33333333333333 69 58.666666666666664 75.33333333333333 93
MGG_12505T0 10.333333333333334 0.33333333333333337 10.333333333333334 0.33333333333333337 3 4.333333333333333 1 7.666666666666667 5.666666666666667
MGG_04857T0 229.66666666666663 94.33333333333331 346.6666666666667 237 169 336 318.6666666666667 287 288.6666666666667
MGG_16650T0 30.333333333333332 17.666666666666668 71 49.333333333333336 40.666666666666664 83 63 71.66666666666667 74
MGG_08768T0 855.6666666666666 358.3333333333333 1383.3333333333333 881 856 1351 1081.6666666666667 1145.6666666666667 1274
MGG_03858T0 541.6666666666666 257.6666666666667 773.3333333333334 524 489.6666666666667 782 599.3333333333334 672.3333333333334 883.6666666666666
MGG_11378T0 105.66666666666669 41 132 137.33333333333334 77.66666666666667 132.66666666666666 120.33333333333331 135.66666666666666 151
MGG_01414T0 218 99.33333333333331 367.3333333333333 370 155.33333333333334 516.6666666666666 425.6666666666667 381 523.3333333333334
MGG_00475T0 771.5766666666667 323.3333333333333 1198.3333333333333 954.1633333333332 586.577 1206.4166666666667 1028.1233333333332 895.6666666666666 1449.4633333333334
MGG_12474T0 692 396 1322 1280 630.3333333333334 1387.3333333333333 1269.6666666666667 1074 1785.6666666666667
MGG_03041T0 3852.6666666666665 627 4286 3367.6666666666665 1168.3333333333333 3404.6666666666665 3118 1788.3333333333333 3103.6666666666665
MGG_03852T0 719.7106666666666 184.44766666666663 844.2576666666666 655.8826666666666 352.3263333333333 814.0790000000001 843.2563333333334 522.322 756.3666666666667
MGG_02442T0 2190.92 458.494 2615.52 2428.2633333333333 1068.5206666666668 2431.96 2117.0666666666666 1525.1433333333334 2787.276666666666
MGG_04710T0 1595.3333333333333 306 2073.6666666666665 1812.6666666666667 648.3333333333334 1963.3333333333333 2129.6666666666665 797 2355.6666666666665
MGG_08643T0 1236.3333333333333 385.3333333333333 1366.3333333333333 1189 796.6666666666666 2014.6666666666667 1463.6666666666667 1089 1802
MGG_04977T0 6646 1655 6689 5257 4077.6666666666665 9168.666666666666 6690.666666666667 5360.666666666667 8471.333333333334
MGG_05096T0 1148.6666666666667 360 1317.3333333333333 923.3333333333334 796.6666666666666 1601.3333333333333 1205 936.3333333333334 1547.6666666666667
MGG_07119T0 446 107.66666666666669 530.3333333333334 541.3333333333334 206 856 472.6666666666667 297.6666666666667 836
MGG_06077T0 1972.6666666666667 359 2005.3333333333333 1829.6666666666667 798.723 2792.6666666666665 1753.3333333333333 1188 2689.9366666666665
MGG_17708T0 1223.3863333333334 184.66666666666663 1476.7966666666666 943.4196666666668 397.613 1775.26 1062.85 536.6296666666667 1707.47
MGG_18045T0 24 3.3333333333333335 34.666666666666664 36.333333333333336 14.666666666666666 45.333333333333336 23.333333333333332 25.333333333333332 51.666666666666664
MGG_14557T0 17 1.3333333333333333 19.666666666666668 15.666666666666666 4.333333333333333 21 10.666666666666666 9 31
MGG_02710T0 8318.01 961.1466666666666 7786.886666666666 1859.8166666666664 2511.2533333333336 7156.903333333334 2860.6966666666667 3258.276666666666 11440.103333333333
MGG_08622T0 23457.236666666668 2528.73 15803 3882.71 6380.85 15925.9 5176.503333333334 7912.196666666667 24437.8
MGG_01637T0 2177.3333333333335 185.66666666666663 1213.3333333333333 724.6666666666666 578.6666666666666 1511.6666666666667 899 1128.3333333333333 3167
MGG_09867T0 701.4286666666667 34.4689 567.8563333333333 136.673 79.93386666666666 302.63033333333334 268.438 145.293 1051.0846666666666
MGG_06035T0 6434.666666666667 509.3333333333333 4330 1786.3333333333333 1285.6666666666667 3755.3333333333335 2467.6666666666665 1965 7633.333333333333
MGG_08260T0 258.12666666666667 44.378 0 0 0 216.0629 0 0 505.3326666666667
MGG_07184T0 200.33333333333337 75.66666666666667 95.33333333333331 76.66666666666667 50 157.33333333333334 50 56.666666666666664 270.3333333333333
MGG_15527T0 749 78.66666666666667 514.3333333333334 269.6666666666667 132.66666666666666 911.6666666666666 451.3333333333333 221 1559
MGG_08596T0 1008 103.66666666666669 824.3333333333334 327.6666666666667 217.33333333333337 790.3333333333334 620.6666666666666 308.6666666666667 2166
MGG_16514T0 22.666666666666668 0.33333333333333337 3.3333333333333335 7.333333333333333 4 29.333333333333332 27.666666666666668 2.3333333333333335 32
MGG_02812T0 3017 570.6666666666666 1142 614 1178 3691.3333333333335 3127.6666666666665 1502 4674.666666666667
MGG_05584T0 691.0053333333333 311.6666666666667 302.6666666666667 403.33666666666664 304.668 642.3333333333334 522.6736666666667 380.6666666666667 905.6666666666666
MGG_06040T0 534.268 60.14116666666666 228.46566666666664 277.711 148.3546 405.2176666666667 459.183 325.1933333333333 727.7063333333333
MGG_00901T0 2170 476 2006.3333333333333 1938.6666666666667 1075.6666666666667 2459 1993 1541.6666666666667 3485
MGG_09535T0 1979.6666666666667 484 1672.3333333333333 1399.6666666666667 954 1797 1782.6666666666667 1396 2454.6666666666665
MGG_17830T0 1174.3333333333333 128 680.6666666666666 456.6666666666667 259.6666666666667 912 958.6666666666666 473.3333333333333 1547
MGG_01139T0 1312.3333333333333 140 741.6666666666666 527.3333333333334 359.3333333333333 1149 737.3333333333334 445.6666666666667 1709.3333333333333
MGG_12637T0 346 31 176.66666666666666 206 70.66666666666667 387 280.6666666666667 97.66666666666669 501
MGG_01046T0 3426.3333333333335 373 2420.6666666666665 2675.3333333333335 890.3333333333334 3443 3250.6666666666665 1219.3333333333333 4939.333333333333
MGG_04311T0 1191.9413333333332 100.9939 722.0906666666666 779.479 290.7456666666667 955.487 1135.301 392.65 1526.84
MGG_04902T0 110.09543333333332 17.109186666666666 175.24166666666667 85.2194 40.7316 146.83666666666667 97.6639 71.7518 117.0807
MGG_04966T0 4212 447.3333333333333 5863.666666666667 2344 982 4849.666666666667 2814 1276 5099.666666666667
MGG_08681T0 373.23 33.459833333333336 461.572 57.84076666666667 56.41226666666667 228.26133333333337 146.46923333333334 134.5749 521.9963333333333
MGG_15628T0 1381.3719999999998 264.0946666666667 1609.0366666666666 446.71633333333335 373.49266666666665 901.0983333333334 620.9883333333333 722.2876666666666 1196.628
MGG_05332T0 208.79433333333333 29.912566666666667 322.08099999999996 97.2479 67.0226 215.15033333333332 127.53733333333334 132.52676666666667 240.34166666666667
MGG_15808T0 220.33333333333337 25.666666666666668 271 90.66666666666669 62 197.66666666666663 84.33333333333333 94.66666666666669 230.66666666666663
MGG_16500T0 695.174 84.16383333333333 911.8233333333334 302.339 185.612 524.558 384.5366666666667 275.752 768.946
MGG_13404T0 1152.3333333333333 150.66666666666666 1028.3333333333333 242.66666666666663 353.3333333333333 1249.3333333333333 407.3333333333333 498 985.6666666666666
MGG_05812T0 1708.8070000000002 235.727 1360.9566666666667 735.9276666666667 554.8856666666666 1655.236666666667 659.128 749.5413333333333 1725.29
MGG_09540T0 3680 500.3333333333333 2729.6666666666665 1356 967.6666666666666 3327.3333333333335 1811.3333333333333 1525.3333333333333 3414.3333333333335
MGG_04696T0 18077.333333333332 3853.3333333333335 18625.666666666668 9970.333333333334 7901.333333333333 24209.666666666668 11163 9085 24038.666666666668
MGG_17092T0 18 0 20.333333333333332 1.3333333333333333 4.333333333333333 20 9 3.3333333333333335 20
MGG_06174T0 2208.753333333333 537.6973333333333 2782.55 831.6896666666667 851.5776666666667 2891.326666666667 1441.147 1392.9266666666667 3034.38
MGG_16556T0 940.7403333333332 112.80643333333332 1114.4913333333334 293.312 294.05066666666664 1116.657 490.746 508.871 1033.08
MGG_08905T0 5480.166666666667 489.131 4902.81 2579.8933333333334 990.9143333333334 3872.11 3052.2466666666664 1304.275666666667 5298.43
MGG_17619T0 131.64766666666668 4.76517 105.1059 49.393166666666666 17.94208 80.7409 62.816300000000005 34.809533333333334 145.9374666666667
MGG_12396T0 3824 407 3468.6666666666665 1275 900.3333333333334 2817.6666666666665 1546.3333333333333 1111.6666666666667 4282
MGG_16201T0 12892.333333333334 2391.6666666666665 8834.333333333334 5671.333333333333 4780.666666666667 9396.326666666666 7455.326666666667 6636 10280.666666666666
MGG_01689T0 6709.666666666667 1186.6666666666667 5511 2701.6666666666665 2433.3333333333335 5295.666666666667 4872.333333333333 3738.6666666666665 6407.666666666667
MGG_03853T0 1835.87 174.7576666666667 1418.02 501.3786666666667 368.70933333333335 1140.5126666666663 975.8033333333334 474.771 1237.8796666666667
MGG_00103T0 1596.8383333333334 206 1617 797.2356666666667 491.6666666666667 1297.0633333333333 1087.3333333333333 873 1461.2233333333334
MGG_06487T0 1381.6666666666667 185.66666666666663 1241.6666666666667 617 386.3333333333333 1023.3333333333334 716 598.3333333333334 1088
MGG_11878T0 1424 351.3333333333333 1423.6666666666667 1000 864 1207 1095 1194 1336.6666666666667
MGG_02216T1 707.226 164.40166666666667 828.5746666666666 419.6156666666667 358.224 449.24833333333333 608.845 576.7976666666666 792.6633333333333
MGG_07964T0 1200.6666666666667 247 771.3333333333334 733.6666666666666 505.3333333333333 513.3333333333334 944 717 986
MGG_15501T0 582.045 137.6088 385.407 226.418 242.18666666666667 349.65066666666667 499.33 379.6243333333333 542.869
MGG_16039T0 1805.592666666667 96.1374 1111.9253333333334 960.881 335.45 892.178 1864.67 769.153 1910.47
MGG_03474T0 85.66666666666667 6.666666666666667 50 21.666666666666668 10.666666666666666 32.666666666666664 62 24.333333333333332 90
MGG_12860T0 1253 183.33333333333337 1290.3333333333333 1006.3333333333334 355.6666666666667 946.3333333333334 1320.6666666666667 586 1495
MGG_14472T0 1442.7473333333337 69.42586666666666 1341.5083333333332 926.9903333333332 193.22233333333332 964.4843333333334 1320.717 461.2246666666667 1935.1666666666667
MGG_16076T0 1386.574 0 1191.09 432.083 44.114333333333335 719.7853333333333 1002.4546666666666 249.43016666666668 1245.781
MGG_04860T0 1533.139 165.46086666666667 1136.9823333333334 871.6583333333333 376.658 1092.0313333333334 1372.4333333333334 528.866 1621.493333333333
MGG_01622T0 3220.1766666666667 330.34000000000003 2234.8166666666666 1455.5466666666666 655.938 1824.4266666666667 2365.7000000000003 890.026 3087.53
MGG_00540T0 2701.6666666666665 327 2384.3333333333335 1936.6666666666667 746.3333333333334 2019.3333333333333 2344.6666666666665 1075 2491.3333333333335
MGG_07137T0 12012.603333333333 1977.4733333333336 10158.433333333334 7135.36 4172.95 7258.34 9058.493333333332 5866.753333333333 9394.253333333334
MGG_16908T0 4145.1033333333335 567.1383333333333 3311.026666666666 2012.7 1158.6386666666667 2782.213333333333 3217.3933333333334 1829.6033333333337 3421.2633333333333
MGG_06186T0 2808.3333333333335 559.6666666666666 2570.6666666666665 2208.3333333333335 1169.6666666666667 1747 2848.6666666666665 1751.3333333333333 2335.6666666666665
MGG_14604T0 49 5.333333333333333 51 22 11.333333333333334 28 54.666666666666664 23.666666666666668 44
MGG_11237T0 477.3333333333333 1027 229.66666666666663 1608 711.3333333333334 540 435.3333333333333 478.6666666666667 277
EFMOT00000000309 0.6666666666666666 4.333333333333333 1.6666666666666667 9 3 3.6666666666666665 1 1 1.6666666666666663
MGG_01996T0 59.296173753333335 105.88260402333334 21.095761823333333 358.20366666666666 155.138 106.5674 0.00981406666666666 53.56214450666667 41.249520176666664
MGG_13557T0 500 1545.3333333333333 673.6666666666666 1785.6666666666667 562 498 478.6666666666667 287.6666666666667 609.6666666666666
MGG_05723T0 786.3333333333334 1456.6666666666667 260.6666666666667 2826.3333333333335 1241.3333333333333 528 1386 735.3333333333334 1395.6666666666667
MGG_14778T0 315.3333333333333 2052 395.3333333333333 3517 1091 347.6666666666667 917.6666666666666 798.6666666666666 973.6666666666666
MGG_06058T0 394.66633333333334 515.3426666666667 403.0973333333333 751.13 448.9526666666667 277.146 408.85 378.352 435.2360000000001
MGG_09360T0 246.50033333333337 160.40933333333334 67.00183333333334 245.87766666666667 148.364 257.02066666666667 339.7176666666667 192.82466666666667 224.07766666666663
MGG_09827T0 2924.6666666666665 944 1333.3333333333333 2477.6666666666665 1528.3333333333333 3370 4370.333333333333 2699.3333333333335 2372.3333333333335
MGG_04984T0 498.6666666666667 317 307.6666666666667 533.6666666666666 298.3333333333333 649.6666666666666 925 421.3333333333333 622
MGG_03623T0 48.666666666666664 40 30.666666666666668 37.666666666666664 57.333333333333336 77.33333333333333 91 49.333333333333336 51
MGG_07421T0 7.666666666666667 4 0.6666666666666667 4 4 12.666666666666666 13.333333333333334 6.666666666666667 7.666666666666667
MGG_06420T0 2916.4666666666667 2754.026666666666 2331.77 4098.963333333333 3722.66 4913.3533333333335 5944.986666666667 3560.3366666666666 3589.72
MGG_13198T0 45 38 30 53.333333333333336 51.666666666666664 65.66666666666667 84 43.666666666666664 42
MGG_05128T0 9619.333333333334 3435 7512.333333333333 9738 6283 25308.333333333332 27226 9689.333333333334 12634.666666666666
MGG_03159T0 334.30566666666664 253.33333333333337 470.226 952.2813333333334 579.5073333333333 1628.32 2193.25 642.2823333333333 999.6543333333332
MGG_02899T0 1794 1005.6666666666666 2664 4695.333333333333 1307 7162.333333333333 9678 2237.3333333333335 3648.3333333333335
MGG_05368T0 150.66666666666666 68.66666666666667 209 313.6666666666667 165 344.6666666666667 348 231 227
MGG_00427T0 30.5567 12.083736666666669 45.784 79.2384 25.4948 98.4367 127.3495 66.56136666666667 73.4137
MGG_10730T0 379.3333333333333 208.66666666666663 228 996.6666666666666 463.3333333333333 947.3333333333334 930.3333333333334 582.6666666666666 325.3333333333333
MGG_12091T0 106.33333333333331 16.333333333333332 61.666666666666664 192 65 240.66666666666663 231.33333333333337 120 95.33333333333331
MGG_05994T0 270.2556666666667 170.424 261.58799999999997 495.9916666666667 244.017 469.71633333333335 618.7443333333333 334.0473333333333 281.3566666666667
MGG_16114T0 1.54968 2.21236 3.5340933333333333 13.95268 10.016166666666669 16.06955 18.724066666666666 6.961353333333333 14.87815
MGG_16826T0 117 63 89 287 77.33333333333333 226.66666666666663 245.33333333333337 128.66666666666666 227.33333333333337
MGG_04032T0 279.6666666666667 134 183.33333333333337 709 310.6666666666667 593.6666666666666 670 271.3333333333333 433.6666666666667
MGG_16518T0 4.666666666666667 1.6666666666666667 3.3333333333333335 12.333333333333334 6 13.666666666666666 14.333333333333334 7 10.333333333333334
MGG_08361T0 157.33333333333334 96 126.66666666666669 268.6666666666667 183.33333333333337 365 475.6666666666667 190.66666666666663 497.3333333333333
MGG_17904T0 38 14 28.333333333333332 51 28 73.33333333333333 82.66666666666667 50.333333333333336 88.33333333333333
MGG_02943T0 21 45.333333333333336 94 93.33333333333331 77.66666666666667 215.66666666666663 287.3333333333333 158 198
MGG_13916T0 17 6.666666666666667 27.666666666666668 43 23 72.66666666666667 140.33333333333334 58 69.66666666666667
MGG_10414T0 623.3333333333334 302 515.6666666666666 866.3333333333334 532.6666666666666 980.3333333333334 1603 831.6666666666666 1170
MGG_14292T0 557 162.66666666666666 618 589 196.33333333333337 1214.3333333333333 992.3333333333334 306.6666666666667 979.3333333333334
MGG_07458T0 656.3333333333334 174 779.6666666666666 1012.3333333333334 348.3333333333333 1195 1042.6666666666667 663 1083.3333333333333
MGG_10491T0 351 120.66666666666669 282.3333333333333 422.3333333333333 219 568.3333333333334 523.3333333333334 297.3333333333333 561.3333333333334
MGG_02392T0 6950 2647.3333333333335 6647.666666666667 8706 6110 11620.333333333334 10530.333333333334 7991 10458.333333333334
EFMOT00000000082 9.333333333333334 0.33333333333333337 4.666666666666667 11.666666666666666 7.666666666666667 14.940733333333332 17.666666666666668 4.333333333333333 12.221463333333332
MGG_03843T0 545 245 223.33333333333337 545.3333333333334 226 1116 940.3333333333334 201.66666666666663 790.3333333333334
MGG_08974T0 399.6666666666667 271 250 417 369 737 714.3333333333334 410.6666666666667 610.3333333333334
MGG_02071T0 89.07303333333333 26.127023333333337 30.31580064273667 115.06973333333332 41.612833333333334 222.69733333333332 232.53666666666663 77.9092 169.73253333333332
MGG_07099T0 1078.3333333333333 1380.3333333333333 1586.9366666666667 2441.6666666666665 1913.6566666666663 1988.9166666666663 2183 1539 2248.62
MGG_16981T0 437.3333333333333 567 598.6666666666666 1079.4323333333334 712.3333333333334 741.3333333333334 1031.3333333333333 769 1129
MGG_13510T0 173.841 244.89366666666663 219.19533333333337 421.58 331.262 275.9766666666667 346.25966666666665 282.68733333333336 386.2533333333334
MGG_01523T0 204.74666666666667 179.50133333333335 170.03633333333337 476.2366666666667 286.51666666666665 400.4626666666667 363.885 354.51633333333336 507.0153333333334
MGG_10701T0 199.33333333333337 119 117 335 226 221.33333333333337 271 281.3333333333333 304.6666666666667
MGG_06330T0 61.333333333333336 19.666666666666668 43 107.66666666666669 68 84.33333333333333 105 61 118.33333333333331
MGG_17026T0 57.858266666666665 51.873266666666666 43.28876666666667 251.99433333333332 67.68102666666667 134.954 224.15633333333335 146.16853333333333 231.205
MGG_08257T0 146.91379278633332 130.27116036533334 168.925 634.2276666666667 301.38766666666663 508.574 596.098 324.4203333333333 621.4146666666667
MGG_04606T0 245.99433333333337 206.47733333333335 240.45566666666667 544.9806666666666 323.791 431.3043333333334 566.8589999999999 352.9356666666667 478.07866666666666
MGG_04609T0 129 101.66666666666669 154 317.1 159.371 211.66666666666663 299.72866666666664 201.33333333333337 266.3333333333333
MGG_04709T0 776 383.3333333333333 935.6666666666666 1731 953.3333333333334 1177 1436.3333333333333 1438.3333333333333 1709
MGG_07731T0 286.3333333333333 265.6666666666667 419.3333333333333 614.3333333333334 378.6666666666667 515 638.6666666666666 537.3333333333334 590
MGG_00601T0 495.6666666666667 456.6666666666667 642.6666666666666 1046.3333333333333 543 790.3333333333334 982 781.3333333333334 1026.3333333333333
MGG_02607T0 757.7586666666666 500.709 504.687 774.4176666666667 963.2726666666666 1043.148 963.714 852.5956666666666 1375.7766666666666
MGG_02268T0 41.333333333333336 167 124.33333333333331 120.33333333333334 203.33333333333331 544.3333333333334 526 516.6666666666666 726.6666666666666
MGG_14069T0 9.333333333333334 4.666666666666667 8.666666666666666 9 10.333333333333334 26.666666666666668 30.333333333333332 21.333333333333332 40.666666666666664
MGG_17906T0 1 0.6666666666666667 0 0.6666666666666666 2.3333333333333335 2.3333333333333335 4 2.6666666666666665 4.333333333333333
MGG_15492T0 30.43774 9.469203333333333 11.58613 28.672633333333337 28.227393333333332 41.37016666666666 54.8788 41.2113 63.7077
MGG_06762T0 1411 611 2379.6666666666665 2307.6666666666665 1581.6666666666667 1586.3333333333333 3081.3333333333335 2348.3333333333335 3339
MGG_04394T0 30.333333333333332 6 31.333333333333332 42.666666666666664 32.333333333333336 39.333333333333336 106.66666666666669 78.66666666666667 96
MGG_02597T0 1709.6666666666667 424.3333333333333 2232 2786.3333333333335 1697.3333333333333 3031 3794.6666666666665 4248.333333333333 3920
MGG_07059T0 436.383 468 759.4463333333333 876.056 693.3496666666666 902.744 1145.7966666666666 898.421 1195.4766666666667
MGG_09197T0 82 58.666666666666664 131.33333333333334 128.33333333333334 125 157 206 188.66666666666663 212.66666666666663
MGG_01430T0 266.90566666666666 113.095 323.06233333333336 286.4436666666667 260.22566666666665 470.94233333333335 527.1896666666667 379.70733333333334 553.1126666666667
MGG_10926T0 450.6666666666667 128 477.6666666666667 328 325 760.6666666666666 610.6666666666666 547.3333333333334 824.3333333333334
MGG_07568T0 29.666666666666668 9.333333333333334 45.666666666666664 83.33333333333333 24 108.66666666666669 103.66666666666669 66 156.33333333333334
MGG_17872T0 10.666666666666666 1.3333333333333333 12 17 9.333333333333334 19 16.666666666666668 13.666666666666666 29
MGG_15622T0 480.8663333333334 309.56666666666666 515.8746666666666 897.8430000000001 552.3100000000001 731.7503333333333 873.0016666666667 955.5546666666668 1233.369333333333
MGG_01730T0 1600 759 1731 1633.3333333333333 1296.6666666666667 1664.3333333333333 2059.3333333333335 2034.6666666666667 2714.6666666666665
MGG_02610T0 2976 877 2793.6666666666665 4137 2013.6666666666667 3903 4270.333333333333 4131.666666666667 6383.333333333333
MGG_05636T0 216.583 91.8952 280.944 321.41966666666667 209.82033333333337 342.64433333333335 356.4066666666667 411.3313333333333 522.0856666666666
MGG_16575T0 0.33333333333333337 0.33333333333333337 0.33333333333333337 1.333333 1.023382 0.3333313333333333 1.6666666666666663 0 4
MGG_10097T0 64.33333333333333 7 39.33333333333333 255.66666666666669 2 3 540.6666666666666 15.333333333333334 1022.6666666666666
MGG_13427T0 0 0 0 2 0 0.33333333333333337 2.333333333333333 0 4.666666666666667
MGG_00758T0 1780.82 1391.6666666666667 1106.0243333333333 2086.026666666666 1182.1176666666668 1253.8796666666667 2589.2533333333336 915.4996666666668 3374.38
MGG_08123T0 538.6666666666666 385.6666666666667 317.40133333333335 566.6666666666666 259.99766666666665 469.014 639.5383333333333 364.3333333333333 1022.3633333333332
MGG_06029T0 129.7993 72.12796666666667 100.60946666666666 215.68566666666663 74.41143333333333 131.11433333333335 214.944 74.09033333333333 261.4853333333333
MGG_17405T0 9 3.666666666666667 1.6666666666666667 12.333333333333334 2.3333333333333335 9 13 2.6666666666666665 16
MGG_17507T0 18.666666666666668 1.3333333333333337 8.333333333333334 29 4.666666666666667 9 20.666666666666668 12 33.666666666666664
MGG_03224T0 2393.3333333333335 1125.6666666666667 1548 2828 1693.3333333333333 1814.3333333333333 3204.3333333333335 1553.6666666666667 4198.666666666667
MGG_03038T0 498.6666666666667 97.66666666666669 289 911.6666666666666 182.66666666666663 319 716.6666666666666 317.3333333333333 1509.3333333333333
MGG_12989T0 169 184.66666666666663 201 559.3333333333334 36.333333333333336 162 349.6666666666667 29.666666666666668 713.3333333333334
MGG_08440T0 181 46.333333333333336 124 743.3333333333333 54 154.66666666666666 263 81 658
MGG_16467T0 25 35.666666666666664 16.333333333333332 49.666666666666664 24.666666666666668 16 16.333333333333332 13.666666666666666 74.33333333333333
MGG_13133T0 0.33333333333333337 0 0.33333333333333337 3.666666666666667 0.33333333333333337 0 0 0.6666666666666666 5.666666666666667
MGG_09458T0 1841.6533333333332 1908.74 2017.9733333333336 3032.18 1173.5566666666666 1361.4733333333334 4735.123333333333 1388.6066666666666 3160.63
MGG_02691T0 1388.6666666666667 1999.3333333333333 2009.6666666666667 2732.6666666666665 1679 1952.3333333333333 3656.6666666666665 1558.3333333333333 3236.3333333333335
MGG_09456T0 619.3333333333334 565.3333333333334 386 604.6666666666666 436 684 1732 556.3333333333334 1053
MGG_16993T0 17.188266666666667 23.414566666666666 8.042293333333333 11.073833333333331 17.235766666666667 17.48744333333333 52.53393333333333 14.763593333333334 43.795366666666666
MGG_07870T0 54.333333333333336 54.333333333333336 62 171.33333333333334 48 155.66666666666666 285 71 280
MGG_06888T0 122.66666666666669 58 206.66666666666663 151 62.666666666666664 313 798 78 815.6666666666666
MGG_01099T0 610.3333333333334 479.6666666666667 887 1160.3333333333333 557.3333333333334 947.6666666666666 1929.3333333333333 671.6666666666666 1689.6666666666667
MGG_00566T0 18.666666666666668 8 30.666666666666668 34.333333333333336 4.666666666666667 19.666666666666668 86 9.333333333333334 86
MGG_08306T0 13 15.333333333333334 12.666666666666666 21 18.333333333333332 15 52.333333333333336 24.666666666666668 49.333333333333336
MGG_00024T0 1 0 0 0.33333333333333337 0 0 3.6666666666666665 1.3333333333333333 2.6666666666666665
MGG_13017T0 354.6213333333333 106.38933333333333 207.24 363.57966666666664 116.07476666666668 213.35266666666664 592.3716666666667 245.72 584.0696666666666
MGG_04393T0 641.3333333333334 46.66666666666667 257.6666666666667 756 200 157 2086.3333333333335 540 1685
MGG_03871T0 1067 67.66666666666667 449 345 109 811.3333333333334 4960.333333333333 264.3333333333333 3430.3333333333335
MGG_15093T0 114.33333333333331 15.333333333333334 108.66666666666669 62.666666666666664 42.333333333333336 69 285 75.33333333333333 264
MGG_09119T0 1283.3333333333333 1226.3333333333333 418 990.6666666666666 202.33333333333337 648.6666666666666 1453.6666666666667 125.66666666666669 2115.3333333333335
MGG_07259T0 1167.3333333333333 1865 1080.3333333333333 1219 773.3333333333334 1073.6666666666667 2139.6666666666665 675 3018
MGG_02879T0 106.33333333333331 128 64 98 65.66666666666667 99.66666666666669 151 54 202
MGG_00282T0 9 15.666666666666666 23.333333333333332 0.33333333333333337 7 10.333333333333334 47 10 49.666666666666664
MGG_16069T0 30.319633333333332 92.57056666666666 57.92570333333333 78.4103 47.11083333333333 47.37893333333333 179.05666666666667 89.87903333333334 244.19366666666667
MGG_16155T0 5 7 2.3333333333333335 3 5 3 10.666666666666666 3.6666666666666665 17.666666666666668
MGG_09732T0 1061 1299 751 945.3333333333334 1226 1040.6666666666667 1814.3333333333333 1123.3333333333333 2032.3333333333333
MGG_13324T0 333.6666666666667 761.3333333333334 772.3333333333334 860.6666666666666 949 1098 1135.6666666666667 919.6666666666666 980.3333333333334
MGG_06575T0 18 32.333333333333336 37 41.333333333333336 23.333333333333332 45.333333333333336 39.666666666666664 27.666666666666668 46.333333333333336
MGG_03157T0 169.66666666666666 288 469.3333333333333 433.6666666666667 321.6666666666667 474.3333333333333 499.3333333333333 344.6666666666667 470.6666666666667
MGG_05239T0 98.83643333333332 252.565 546.124 658.558 344.7776666666667 856.719 865.6733333333333 452.652 888.5836666666667
MGG_06692T0 1562 2645 4030 3565.6666666666665 2685.6666666666665 3158.6666666666665 4372 2692 3507.6666666666665
MGG_00735T0 86.33333333333333 288.3333333333333 316.6666666666667 405.3333333333333 312 357.3333333333333 370.3333333333333 221.66666666666663 448.6666666666667
MGG_15566T0 323.6666666666667 539.3333333333334 697.3333333333334 770.3333333333334 604.3333333333334 590.3333333333334 742.6666666666666 629.6666666666666 768.6666666666666
MGG_03335T0 813 638.6666666666666 1859.3333333333333 1425.3333333333333 598.3333333333334 1061.6666666666667 2547 735.3333333333334 1249
MGG_00109T0 1598 918.3333333333334 4119 3410 1226.3333333333333 2116.3333333333335 4016.6666666666665 1369 2719
MGG_00803T0 3445.3333333333335 1592.6666666666667 6811 5975 1422.3333333333333 4305.666666666667 8372 1882 5680.666666666667
MGG_05033T0 342.34666666666664 295.262 938.797 1056.7776666666666 196.54066666666668 398.511 1392.28 282.20733333333334 884.9076666666667
MGG_16846T0 9.666666666666666 11.666666666666668 39.666666666666664 51 7.333333333333333 19.666666666666668 80.66666666666667 13 41.333333333333336
MGG_07053T0 160 96.33333333333331 349.3333333333333 481 135.33333333333334 214.66666666666663 574.3333333333334 200.66666666666663 459.6666666666667
MGG_01294T0 1039.3333333333333 463 1413.3333333333333 1978 643.6666666666666 1022.3333333333334 2305.6666666666665 802.3333333333334 1627.6666666666667
MGG_17119T0 263.3333333333333 271.6666666666667 704.3333333333334 638 360.3333333333333 463.3333333333333 886 416.6666666666667 754
MGG_04778T0 64.33333333333333 16.333333333333332 118.33333333333331 110.66666666666669 38 97 166.33333333333334 73 129
MGG_11116T0 226.66666666666663 63 284.3333333333333 733.6666666666666 49 174 808.6666666666666 73 681.3333333333334
MGG_00771T0 660.6666666666666 102 708.3333333333334 1680.6666666666667 241.33333333333337 1046 2405.3333333333335 429.3333333333333 2131.6666666666665
MGG_04698T0 739 558 778.3333333333334 1635.6666666666667 475 954.6666666666666 1750.6666666666667 602.6666666666666 1739
MGG_15021T0 213.33333333333337 116.66666666666669 260 504.3333333333333 137 372.6666666666667 461.3333333333333 200 541.3333333333334
MGG_03579T0 751.3333333333334 491 1068.6666666666667 1618.6666666666667 624.6666666666666 998.3333333333334 1526.6666666666667 740.6666666666666 1549.3333333333333
MGG_04370T0 50.666666666666664 11.333333333333334 120.33333333333331 210 11.333333333333334 98.33333333333331 166 31.670266666666667 169.33333333333334
MGG_12357T0 147.33333333333334 63.666666666666664 306.6666666666667 344 110.66666666666669 224.66666666666663 301.6666666666667 156 398.3333333333333
MGG_00260T0 4.333333333333333 5 17.333333333333332 30.666666666666668 3.6666666666666665 22.333333333333332 27.666666666666668 8.333333333333334 46
MGG_04521T0 702.3333333333334 594.3333333333334 2067.6666666666665 1232.6666666666667 930 1532.6666666666667 1904.3333333333333 1411.3333333333333 2137
MGG_00797T0 44.041466666666665 7.646233333333334 127.7237 43.4767 18.9717 69.11226666666667 93.31876666666666 54.26186666666667 140.82156666666668
MGG_07549T0 16 4 48.666666666666664 30.333333333333332 9.333333333333334 31.666666666666668 38.333333333333336 16.333333333333332 50.666666666666664
MGG_00457T0 117.66666666666669 137.33333333333334 319 278.3333333333333 141.33333333333334 283.6666666666667 217.33333333333337 161 384
MGG_00346T0 496.3333333333333 439.6666666666667 2703 1342.6666666666667 301.3333333333333 1431.3333333333333 1507.6666666666667 384 3658
MGG_17809T0 1.00028 1 12.335313333333334 3.333993333333334 1.6666666666666667 8.666666666666666 8.001416666666668 0.6666666666666666 13.33518
MGG_02441T0 3097.08 5411.503333333333 9359.463333333331 6354.070000000001 5225.8133333333335 5583.04 7093.6 6555.5233333333335 9920.71
MGG_15229T0 317.71433333333334 514.6596666666667 795.8893333333333 656.8443333333333 582.967 598.8293333333334 838.158 493.35333333333335 871.9056666666667
MGG_01030T0 213.33333333333337 401 595.3333333333334 607 463.3333333333333 495 695 477.3333333333333 959.6666666666666
MGG_03603T0 194.99433333333332 222.33433333333335 428.932 382.4626666666667 249.64633333333333 334.18766666666664 451.762 245.47133333333332 587.8693333333333
MGG_06155T0 178.33333333333334 33.666666666666664 350.3333333333333 119.66666666666669 80 157.66666666666666 377.6666666666667 173.66666666666666 317.3333333333333
MGG_01073T0 887 1345 3219.6666666666665 748 1228.3333333333333 1702.3333333333333 2808.6666666666665 1791 3359.6666666666665
MGG_03295T0 98.33333333333331 108.33333333333331 375.3333333333333 143.66666666666666 111.66666666666669 246.66666666666663 418.3333333333333 152.66666666666666 430.6666666666667
MGG_02187T0 189.66666666666663 73.66666666666667 452.6666666666667 112 74.33333333333333 330.6666666666667 628 86.66666666666667 319.3333333333333
MGG_00689T0 1114 749 2275 1385 884.3333333333334 2253 2987 1166.3333333333333 2024
MGG_15139T0 1146.6496666666667 1394.5333333333333 3091.8 2824.48 856.9126666666667 2799.6033333333335 3264.1133333333332 1092.21 2897.253333333333
MGG_08290T0 64.76513333333334 107.61786666666669 304.2943333333333 156.44833333333332 28.985433333333333 217.709 300.08166666666665 52.58586666666667 304.4186666666667
MGG_06620T0 115.66666666666669 10.666666666666666 370 148 16 162 334.6666666666667 30 317.6666666666667
MGG_06009T0 69.33333333333333 34 6.666666666666667 41 43.666666666666664 34.666666666666664 81.66666666666667 64 24.666666666666668
MGG_05065T0 4522.433333333333 1492.5766666666666 1906.9833333333331 4109.316666666667 3050.556666666667 2764.57 6095.586666666666 4476.1900000000005 1960.4033333333336
MGG_15809T0 742 230.33333333333337 76.33333333333333 472 408.3333333333333 125 845 617.6666666666666 122.66666666666669
MGG_10571T0 11710.333333333334 1362.3333333333333 1661.3333333333333 7420 4705.333333333333 1422 12971.666666666666 8784.666666666666 2390.6666666666665
MGG_00537T0 7119.0599999999995 1013.2366666666666 1410.9266666666665 3870.15 2488.153333333333 1101.4233333333334 6668.11 4247.903333333334 1163.6266666666666
MGG_15818T0 3152.6666666666665 1430.3333333333333 722 3941.3333333333335 2621.3333333333335 1380.6666666666667 3882.6666666666665 3754.6666666666665 890
MGG_07489T0 5972.666666666667 3281 945.3333333333334 6540.333333333333 5625.333333333333 2043.3333333333333 9001.666666666666 6318.333333333333 1743.6666666666667
MGG_00907T0 10183.333333333334 5784.666666666667 4375.333333333333 12969 10985.666666666666 3895.6666666666665 18374.333333333332 15441.666666666666 4019
MGG_15018T0 3098.6666666666665 2563.6666666666665 1017 3135.3333333333335 3659 2130 3358.3333333333335 3333 1278.3333333333333
MGG_11537T0 10798.666666666666 3819.3333333333335 1738.3333333333333 7839.333333333333 9896.333333333334 3424.6666666666665 10821.333333333334 9773.333333333334 2589.3333333333335
MGG_05683T0 883 365 268.3333333333333 829.3333333333334 703.3333333333334 642 828.3333333333334 504.3333333333333 393
MGG_04304T0 60.333333333333336 13.333333333333334 15.333333333333334 44.666666666666664 53 35.333333333333336 46 39 19.666666666666668
MGG_01428T0 5672.596666666666 2225.7966666666666 1434.380666666667 6758.783333333333 3974.96 3828.7033333333334 6967.0233333333335 5064.286666666667 1601.89
MGG_16332T0 125 39.666666666666664 18.666666666666668 110 60.666666666666664 63.666666666666664 83.33333333333333 98.66666666666669 35.666666666666664
MGG_02775T0 6580.996666666667 1199.3333333333333 1247.3333333333333 6642.663333333333 3061.3199999999997 2265.6633333333334 5679.326666666667 5142.666666666667 1273.6666666666667
MGG_11797T0 19.333333333333332 2.3333333333333335 11.666666666666666 14.666666666666666 14 6.666666666666667 21.333333333333332 11.333333333333334 9.666666666666666
MGG_11224T0 57142.86666666667 34413.63333333333 10764.576666666668 46164.933333333334 23543.166666666668 24085.5 47825.833333333336 20494.433333333334 13878.2
MGG_05905T0 3198.3333333333335 2221 777 4115 1878.3333333333333 1918 4242 1160.6666666666667 1379.3333333333333
MGG_17273T0 48.666666666666664 27.666666666666668 9.666666666666666 46 29.666666666666668 27.333333333333332 52.333333333333336 28.666666666666668 14.333333333333334
MGG_05934T0 4755.666666666667 3329 1167.6666666666667 5716.666666666667 3347 2765 6379 3545.6666666666665 2091.3333333333335
MGG_06412T0 33319.76666666667 16059.066666666666 4079.7666666666664 35779.066666666666 16587.833333333332 8376.056666666667 44909.2 15305.2 5376.283333333333
MGG_12162T0 1572.6666666666667 348.3333333333333 185.66666666666663 1361 342 369.3333333333333 895 317.6666666666667 221.66666666666663
MGG_12521T0 59082.333333333336 1724.6666666666667 5215 72893 3824.6666666666665 5131.333333333333 39195 5577 3811.3333333333335
MGG_02754T0 3230.3333333333335 511.6666666666667 574.6666666666666 2511.3333333333335 1556.3333333333333 1202.6666666666667 2560.3333333333335 1506.3333333333333 1056.3333333333333
MGG_00501T0 24709 3452.3333333333335 7419.666666666667 22590 7723 10965 20394.333333333332 11464.333333333334 5734
MGG_00905T0 9150.633333333331 1654.51 2176.2166666666667 9096.55 3363.776666666666 3368.0066666666667 8537.75 4541.796666666667 3251.22
MGG_01288T0 20984.333333333332 2935.6666666666665 7854.333333333333 14063 5544.333333333333 6224.333333333333 15287 7645.333333333333 5119.6466666666665
MGG_00786T0 6511.373333333333 1369.12 1471.8133333333333 5280.5633333333335 1341.7066666666667 3408.2966666666666 4706.1033333333335 1521.3 2298.116666666667
MGG_03281T1 1561.4133333333334 28.070633333333333 148.17773333333332 1082.644 102.31406666666666 439.9483333333333 1094.24 185.0822 378.948
MGG_15764T0 79.33333333333333 1.3333333333333333 17.666666666666668 59 14.666666666666666 22.666666666666668 59.666666666666664 21 25.333333333333332
MGG_14833T0 1360.6333333333334 7.06651 8.0786 1059.8763333333334 12.162533333333334 5.072266666666667 936.4913333333332 17.824666666666666 267.931
MGG_06538T0 13371 428.3333333333333 2365 11939.666666666666 738 2019.3333333333333 11226.333333333334 1890.6666666666667 1829.6666666666667
MGG_05306T0 7989 3272.6666666666665 2217 5134.333333333333 2003.6666666666667 4909.666666666667 7013.333333333333 2598.3333333333335 3030.3333333333335
MGG_17472T0 2623.3333333333335 945 574.6666666666666 2273 1379 1341.6666666666667 3550 1427 1490.6366666666668
MGG_01045T0 7664.666666666666 1714.3333333333333 1072.6666666666667 6213.333333333333 2380.3333333333335 2951 7239.333333333333 1835.3333333333333 1272.3333333333333
MGG_04687T0 24965 2681 2551 13101.666666666666 2545.6666666666665 5918 25363 2853 3307.3333333333335
MGG_06411T0 4260.333333333333 1163 422.3333333333333 3112.6666666666665 1261.3333333333333 834.6666666666666 5253.666666666667 1378.3333333333333 621
MGG_09238T0 47260.666666666664 2420.6666666666665 2383 32395 5248 1348.3333333333333 44594 8968.666666666666 2348.3333333333335
MGG_04372T0 981 377.6666666666667 343.3333333333333 1073.3333333333333 631.3333333333334 999 1026.3333333333333 726.3333333333334 746.6666666666666
MGG_01447T0 2517.5433333333335 648.2956666666666 790.895 3588.8066666666664 1583.09 1896.1066666666668 3020.173333333333 2047.8366666666668 1309.253333333333
MGG_08094T0 695.0840000000001 297.6843333333333 273.979 769.365 360.64233333333334 572.7213333333333 861.0426666666667 511.483 533.5193333333334
MGG_08648T0 743 278 237.66666666666663 871 372.6666666666667 530.3333333333334 867.6666666666666 599.3333333333334 502.6666666666667
MGG_01007T0 345.5896666666667 163.63166666666666 139.09133333333332 399.437 247.757 296.9746666666667 418.0403333333333 306.83 272.95233333333334
MGG_07033T0 10586.333333333334 5886 5765.333333333333 19593 6353.666666666667 7088.333333333333 21001 7005.333333333333 8835.666666666666
MGG_13246T0 11615 1813.3333333333333 899.6666666666666 23452.666666666668 2003.6666666666667 1399.3333333333333 26413.666666666668 2992.3333333333335 2230.6666666666665
MGG_01230T0 6384.333333333333 245.66666666666663 817.3333333333334 11048 306.3333333333333 995.6666666666666 12910.666666666666 394.6666666666667 1422.3333333333333
MGG_15251T0 2011.31 176.66666666666666 407.576 5638.92 141.31866666666667 514.6553333333334 7299.566666666667 202.558 513.9173333333333
MGG_08970T0 2115.3333333333335 1038.6666666666667 791 4469.333333333333 488.3333333333333 1087.6666666666667 5014 449 859
MGG_05369T0 946 180.33333333333337 300.6666666666667 1567.3333333333333 291 691 1947 386.6666666666667 709.6666666666666
MGG_03919T0 4883.666666666667 509 1694.6666666666667 6370.666666666667 1379.3333333333333 2654.6666666666665 8552 2002.3333333333333 2678.6666666666665
MGG_14882T0 292 52 87.33333333333333 580 22 182.33333333333337 827.3333333333334 48 154.66666666666666
MGG_04367T0 1897.3333333333333 326 595 3163.3333333333335 589.3333333333334 707 4491.333333333333 748.3333333333334 832.6666666666666
MGG_12601T0 1714 374 399.6666666666667 2264 385.6666666666667 516 3391.3333333333335 663 949.3333333333334
MGG_02489T0 5502.61 2550.463333333333 1640.34 8008.373333333333 2246.026666666666 3257.5333333333333 11673.533333333333 2482.96 3965.4366666666665
MGG_03048T0 2353.4700000000003 1036.3333333333333 957.3333333333334 3843.3333333333335 1322.4233333333334 1504 5916.393333333333 1602.256666666667 1714.8566666666666
MGG_17779T0 42.752633333333335 9.685406666666667 38.2512 139.36413333333334 19.061366666666668 52.251733333333334 148.28533333333334 42.506366666666665 57.76663333333333
MGG_06904T0 1783 708.3333333333334 1215 4231 1021.6666666666666 2032.6666666666667 4718.666666666667 1198 2108
MGG_08825T0 478 205.33333333333337 352 1084.1856666666667 323.374 537.485 1176 346.6666666666667 566.1066666666667
MGG_07015T0 546.6666666666666 317.6666666666667 426.3333333333333 1133 466.6666666666667 525.3333333333334 1229 587.6666666666666 626
MGG_00730T0 612.6666666666666 284 486.3333333333333 1677.6666666666667 479.6666666666667 552.6666666666666 1564.3333333333333 680.6666666666666 796
MGG_12154T0 2443 1017.6666666666666 1873.3333333333333 5175.666666666667 2525.6666666666665 2177.6666666666665 7683 2235 2742.6666666666665
MGG_00138T0 942 594.3333333333334 936 2014.3333333333333 847 987 2562.3333333333335 965 1067.3333333333333
MGG_03121T0 1495.6666666666667 770 1423 3765.6666666666665 1297.3333333333333 1911.3333333333333 5107.333333333333 1668.6666666666667 2167.3333333333335
MGG_17514T0 1119.6666666666667 582.3333333333334 618.6666666666666 2877 537.6666666666666 1142 3263.6666666666665 468 1114
MGG_05590T0 139 36 37.333333333333336 727.3333333333334 56.333333333333336 178.66666666666666 903.3333333333334 75.33333333333333 174
MGG_04132T0 512.515 318.932 276.24833333333333 1244.582666666667 283.8656666666667 428.6356666666667 1477.09 265.64633333333336 431.308
MGG_09211T0 2158.6666666666665 1531.6666666666667 1001.3333333333334 4534.333333333333 1524.6666666666667 1463 5818.666666666667 1492.6666666666667 2159
MGG_07384T0 5617.666666666667 2008.3333333333333 2160.3333333333335 14942 1727 4107 20654 2434.3333333333335 5786.333333333333
MGG_08630T0 479.3333333333333 190 478 1603.3333333333333 269 221.33333333333337 2116 408 335.6666666666667
MGG_00141T0 6237 4926.666666666667 3129 30581 6935.666666666667 6282.333333333333 42072.333333333336 7819.333333333333 3847
MGG_06544T0 1807.79 630.901 623.5846666666666 7466.426666666666 860.773 2053.7933333333335 10756.846666666666 1070.9343333333334 1026.8366666666666
MGG_17177T0 66.34846666666667 8.333333333333334 12 96.498 38.530766666666665 52.022333333333336 119.18726666666666 55.55133333333333 33.4718
MGG_04759T0 1664 407 748.3333333333334 2054.6666666666665 936.3333333333334 1461.3333333333333 2464 1512.6666666666667 973
MGG_07729T0 3415 563.6666666666666 1142.6666666666667 4792.333333333333 1414.6666666666667 2363 6546.666666666667 1937.6666666666667 1182.3333333333333
MGG_00845T0 2219.9866666666667 1016.95 740.215 2702.6666666666665 1652.9466666666667 1780.3666666666666 4202.8966666666665 2020.3333333333333 1033.4963333333333
MGG_01285T0 23563.666666666668 8255.666666666666 6827 31708.666666666668 12202 13607.333333333334 41993.333333333336 20773 9956.333333333334
MGG_16639T0 61.666666666666664 10 9.333333333333334 86.66666666666667 23 29.333333333333332 136.33333333333334 51.666666666666664 20.333333333333332
MGG_08584T0 5164.333333333333 2677.3333333333335 1687.6666666666667 6421.333333333333 3691.3333333333335 2153 7180 4804.666666666667 4093
MGG_05893T0 66.66666666666667 14.666666666666666 6 120.33333333333331 29.333333333333332 14 150.33333333333334 66 52.666666666666664
MGG_11597T0 36783 6124.333333333333 5219.666666666667 50440.333333333336 18605.666666666668 8964.666666666666 49231.666666666664 25565.666666666668 8467.333333333334
MGG_07245T0 881.3333333333334 231.66666666666663 107.33333333333331 1288.3333333333333 351.3333333333333 300.6666666666667 1502 428.6666666666667 275.6666666666667
MGG_08193T0 62 24 9.333333333333334 87.66666666666667 38.666666666666664 25.666666666666668 109.66666666666669 40.333333333333336 27
MGG_09272T0 26822.333333333332 7230 6938.333333333333 18234.666666666668 7581.333333333333 22821.333333333332 35119.333333333336 8311.666666666666 12048.333333333334
MGG_08309T0 1337 408.6666666666667 333.3333333333333 1899 569 1395 2828.3333333333335 673 873.6666666666666
MGG_05159T0 437.6666666666667 74 178.33333333333334 740 169.66666666666666 559 993.6666666666666 178.33333333333334 463.6666666666667
MGG_06981T0 911.723 373.9173333333333 462.613 1471.6833333333334 400.7754 1178.86 1953.6866666666667 509.587 765.3853333333333
MGG_07187T0 40868.666666666664 1956.3333333333333 16934.333333333332 45618.333333333336 5509.333333333333 28127 96869 8805 20446.333333333332
MGG_00289T0 54243.46666666667 11968.333333333334 28392.2 64531.8 13777.253333333334 51349.9 138936 28013.233333333337 43629.566666666666
MGG_06203T0 109312 22068.333333333332 31026.666666666668 89442.66666666667 18941.333333333332 93571.33333333331 174394.66666666666 33735.333333333336 46667.666666666664
MGG_08074T0 1781.3333333333333 66.66666666666667 144.66666666666666 1834.6666666666663 95.33333333333331 1427.3333333333333 3494.6666666666665 180.66666666666663 672
MGG_07224T0 3796 642 1239.3333333333333 3323.3333333333335 660.3333333333334 3786.3333333333335 7259.333333333333 808.6666666666666 2487.3333333333335
MGG_07756T0 11406.666666666666 1040.3333333333333 3840.3333333333335 10915 1796.3333333333333 8938.666666666666 20967.666666666668 3582 6855.333333333333
MGG_17983T0 2166 183.33333333333337 517 2920.6666666666665 202 1231.6666666666667 3747.6666666666665 217.66666666666663 720
MGG_04927T0 7770.263333333333 622.9783333333334 1346.6066666666668 8545.289999999999 1400.8933333333332 3794.616666666667 10652.61 2063.3033333333333 3581.9566666666665
MGG_12994T0 8246.333333333334 580 1391.6666666666667 9287.666666666666 1028 4400 11370.666666666666 1544.3333333333333 2278
MGG_06503T0 5500.333333333333 1377 1145.3333333333333 4949 1733 3321.6666666666665 6638.333333333333 2212.6666666666665 2216.6666666666665
MGG_00786T1 12844.96 3741.5466666666666 3285.8533333333335 13111.466666666667 3898.6266666666666 7930.37 13762.9 4673.366666666667 4916.55
MGG_05948T0 23689.333333333332 2706 7157.333333333333 25736 5433.333333333333 16617.333333333332 23536 6372.666666666667 9985.666666666666
MGG_05467T0 15847 1446.3333333333333 6294.666666666667 18915.666666666668 2248.6666666666665 8721 17027.333333333332 4095 5899
MGG_15248T0 46.666666666666664 7.666666666666667 6.666666666666667 66.66666666666667 10 25.666666666666668 59.666666666666664 22 21
MGG_05344T0 53323.33333333333 2479.3333333333335 7229.333333333333 89161 2755.6666666666665 22072.666666666668 60127.666666666664 6368.333333333333 19906.666666666668
MGG_11934T0 1914.6666666666667 865 463 1828.3333333333333 643.6666666666666 884 2209.3333333333335 810.3333333333334 1259
MGG_09833T0 554.6486666666667 124 139.478 596.4816666666667 126.52133333333332 207.33333333333337 684.1773333333333 154.64266666666668 457
MGG_14071T0 2539.79 473.314 1632.7066666666667 2811.723333333334 904.252 1778.243333333333 3853.136666666667 1586.7133333333334 1837.8533333333337
MGG_04895T0 35583.666666666664 5314 18420.333333333332 39291.333333333336 13233.333333333334 24624.333333333332 58323 22864.666666666668 25803
MGG_07285T0 2878.0333333333333 622.5376666666666 1100.945 3126.43 1151.4046666666666 1537.28 3438.3433333333332 1830.2133333333336 1853.753333333333
MGG_05376T0 5684.666666666667 1473 3166.3333333333335 6394.333333333333 2651.6666666666665 3389.6666666666665 7597.333333333333 3908.6666666666665 3835.6666666666665
MGG_01400T0 1181 227.66666666666663 485.6666666666667 1227.3333333333333 449 683.3333333333334 1582.3333333333333 667.3333333333334 702.6666666666666
MGG_02449T0 6950.333333333333 1003.6666666666666 2420.3333333333335 5675.666666666667 1976 4420.666666666667 6980.666666666667 2765 4243
MGG_15554T0 1874.3233333333333 221.33333333333337 619.3333333333334 1659.95 483.94533333333334 1108.6566666666668 2228.6433333333334 811.3333333333334 975.2913333333332
MGG_14907T0 1997.3333333333333 201.33333333333337 509.6666666666667 1205.3333333333333 392.3333333333333 988 2150.3333333333335 640 1052.6666666666667
MGG_03824T0 3632.3333333333335 1003.6666666666666 908.3333333333334 2785 961.6666666666666 1512.6666666666667 3781.6666666666665 1260 2228.6666666666665
MGG_08923T0 4150.666666666667 216 816 3137.3333333333335 417.3333333333333 1567 5239.333333333333 572.3333333333334 1868.6666666666667
MGG_06386T0 1294.3333333333333 1304.3333333333333 367.3333333333333 1204.6666666666667 460.3333333333333 923 2660.3333333333335 601 856.3333333333334
MGG_13192T0 7207.666666666667 10976 3485.6666666666665 11919 4923.666666666667 5042.333333333333 18581 5339.666666666667 10607
MGG_09364T0 239 169 159.33333333333334 275 269.3333333333333 203.33333333333337 623.6666666666666 288 181.33333333333337
MGG_06475T0 2631 2670 1457.6666666666667 3571.6666666666665 3774.3333333333335 1793 6902.333333333333 4029.6666666666665 1719.3333333333333
MGG_16630T0 2821.6666666666665 3403.3333333333335 2343 5296.666666666667 4115.666666666667 2616 9141 5401.666666666667 3732
MGG_06944T0 427.3333333333333 388.6666666666667 251.33333333333337 606.3333333333334 560 397.3333333333333 989.3333333333334 619.3333333333334 470.6666666666667
MGG_07198T0 1199.6666666666667 1288.3333333333333 678.6666666666666 2951 1724.6666666666667 885.3333333333334 4674.666666666667 1782.3333333333333 825.6666666666666
MGG_06763T0 466.9576666666667 497.81166666666667 459.77 891.9163333333333 758.9593333333333 507.60133333333334 1520.5666666666666 769.4026666666666 515.1626666666666
MGG_06385T0 163.50633333333332 272.719 126.4135 274.00466666666665 257.45366666666666 92.10663333333332 480.502 233.09966666666668 201.38833333333332
MGG_01082T1 2091.5333333333333 2355.133333333333 1967.9433333333336 2865.4333333333334 2320.79 1394.7 5267.556666666666 2351.8199999999997 1866.0866666666664
MGG_01784T0 527.402 763.1713333333333 532.717 819.7566666666667 847.7803333333334 592.698 1466.1733333333332 684.866 619.2476666666666
MGG_08880T0 3990 4940.666666666667 2112.6666666666665 7609 5310.666666666667 5158 11526.666666666666 4582.333333333333 5378
MGG_01719T0 1508.9533333333334 3183.2133333333336 1452.6366666666668 5889.69 2806.74 2237.096666666667 10727.74 3594.16 4107.943333333334
MGG_05926T0 689.3333333333334 406.3333333333333 381 2330.6666666666665 639.6666666666666 576.3333333333334 3742.3333333333335 1225.3333333333333 1337.3333333333333
MGG_01744T0 2723.3333333333335 2396.3333333333335 1849 4176.333333333333 2342 2000.3333333333333 7564.333333333333 3168 3796.6666666666665
MGG_07022T0 372 347 237.33333333333337 634.3333333333334 461.3333333333333 253.33333333333337 1007 470.3333333333333 515.3333333333334
MGG_06758T0 835 613.6666666666666 1029 1384.6666666666667 985.6666666666666 804.6666666666666 2060.6666666666665 1060.3333333333333 1237.3333333333333
MGG_01207T1 152.77433333333337 86.84946666666667 93.3086 348.515 177.58753333333334 190.41033333333337 515.1513333333334 267.25166666666667 273.2076666666667
MGG_07706T0 662 468.3333333333333 526 1291.6666666666667 820.6666666666666 797 1775 1045.3333333333333 1236
MGG_05811T0 6285.666666666667 3278.3333333333335 2451.6666666666665 7359.666666666667 4312.666666666667 6362 13731 5018 6921
MGG_08187T0 524 176 215 555 263 384.3333333333333 743.3333333333334 365.3333333333333 528.6666666666666
MGG_15347T0 194.25333333333333 23 48.333333333333336 360 60 130.63733333333334 527.3333333333334 124.33333333333331 226.87733333333333
MGG_07968T0 436 54.333333333333336 143 522.6666666666666 126 270.3333333333333 908.3333333333334 233 447.3333333333333
MGG_02895T0 594.4473333333333 125.09833333333331 479.0116666666667 720.3960000000001 287.86533333333335 517.445 950.3643333333332 446.885 765.3963333333334
MGG_17311T0 25 9.666666666666666 35.333333333333336 65.33333333333333 20 51.666666666666664 127 34.333333333333336 64.33333333333333
MGG_03077T0 721.3333333333334 272.3333333333333 557.6666666666666 1055 331 1037.6666666666667 1854 456.3333333333333 1247
MGG_03757T0 565.6666666666666 224.33333333333337 500.3333333333333 782.3333333333334 274.73833333333334 601.4096666666667 1213.8466666666666 333.089 899.3333333333334
MGG_01537T0 2867.6666666666665 428.3333333333333 2324.6666666666665 4072.6666666666665 671.6666666666666 3251 6679.333333333333 1191 4728.666666666667
MGG_16276T0 258.3926666666667 118.01366666666668 153.39166666666668 408.916 165.019 291.748 612.363 169.70766666666665 400.4436666666667
MGG_04960T0 483.3333333333333 112 357.6666666666667 955.3333333333334 244.33333333333337 518 1209.3333333333333 431.6666666666667 799.6666666666666
MGG_14937T0 2600.4666666666667 53 1609.22 906.2683333333332 121.23683333333334 623.3886666666667 4435.78 208.41866666666667 1990.1633333333336
MGG_08011T0 1072 172.66666666666666 735.6666666666666 760 262 475.6666666666667 1723.3333333333333 447.6666666666667 925.3333333333334
MGG_07708T0 2859.7333333333336 1569 2528.7966666666666 3347.75 1448.1366666666663 3198.79 8459.306666666667 1551.04 3703.8933333333334
MGG_10188T0 2124.596666666667 778.3333333333334 1390.6466666666668 2039.23 892.0966666666667 1717.1033333333332 4979.51 1082.11 2541.58
MGG_15250T0 707.6666666666666 72.33333333333333 413.3333333333333 503.6666666666667 139.66666666666666 525.3333333333334 1590.6666666666667 237.33333333333337 709.3333333333334
MGG_10443T0 250.33333333333337 84.33333333333333 152 154.66666666666666 53.333333333333336 65.33333333333333 590 71 165.66666666666666
MGG_02199T0 221.33333333333337 13.333333333333334 203 194.66666666666663 33.666666666666664 104.33333333333331 986.3333333333334 79 329.3333333333333
MGG_16535T0 7220.296666666667 3888.73 6363.473333333333 3492.25 4043.5733333333337 3443.7166666666667 18705.266666666663 4642.51 8562.056666666667
MGG_09924T0 1401.3333333333333 773 900 2396.3333333333335 1200.3333333333333 881.3333333333334 3636 1233.3333333333333 990
MGG_09985T0 191 42.333333333333336 43.666666666666664 426.6666666666667 31.666666666666668 33 807.3333333333334 106 45.666666666666664
MGG_16539T0 185.33333333333337 11.333333333333334 33.333333333333336 412.6666666666667 16.333333333333332 8 884 19.666666666666668 18.333333333333332
MGG_01445T0 222.66666666666663 86.66666666666667 95 461 125 208.33333333333337 865.6666666666666 87.33333333333333 110.33333333333331
MGG_08129T0 25.666666666666668 21.666666666666668 19 151.66666666666666 26.666666666666668 45.666666666666664 264.6666666666667 33 34.333333333333336
MGG_15198T0 14.02876 4 10.666666666666666 69.05236666666667 7.666666666666666 10.3444 137.6745 17.048723333333335 18.333333333333332
MGG_08888T0 33608 5612 16064.666666666666 50828.666666666664 13363.666666666666 15857.333333333334 91420.66666666669 28534.666666666668 23354
MGG_04711T0 475.6666666666667 107 205.33333333333337 544.6666666666666 183.66666666666663 117.33333333333331 1055.6666666666667 306.6666666666667 163.33333333333334
MGG_06332T0 4444.666666666667 2080.6666666666665 1715.3333333333333 5961.333333333333 2627 3638 10456.333333333334 3374 3290.6666666666665
MGG_06392T0 14742.333333333334 1922.3333333333333 4949.333333333333 16400.666666666668 2619 9342 49469.666666666664 4144 8409
MGG_14590T0 137 22.666666666666668 31 145.66666666666666 16.666666666666668 24.333333333333332 395.3333333333333 18 51.666666666666664
MGG_03201T0 7057 2778.3333333333335 2551 8257 2102 4367.666666666667 17215 2815.6666666666665 3375.3333333333335
MGG_00618T0 102.66666666666669 57.666666666666664 76.66666666666667 141.33333333333334 58.666666666666664 89.66666666666667 276.6666666666667 93.66666666666669 79
MGG_13338T0 955.6666666666666 133 138.66666666666666 1656.3333333333333 151 192.33333333333337 4686.333333333333 335 577.3333333333334
MGG_10278T0 34.666666666666664 3 3 62.666666666666664 8 6.333333333333333 177.33333333333334 22.333333333333332 32
MGG_11784T0 4178 3725.6666666666665 4377 5894.666666666667 3499.3333333333335 4567 11560.333333333334 5084 2916
MGG_11925T0 69 44.666666666666664 145.66666666666666 327.6666666666667 30.333333333333332 82.66666666666667 1210.3333333333333 146.33333333333334 240.66666666666663
MGG_16057T0 0.6666666666666667 0 0.33333333333333337 1 0 0 6.666666666666667 0.6666666666666666 1.6666666666666667
MGG_10086T0 0.6666666666666667 0 0 0.6666666666666667 0.6666666666666667 0 5.666666666666667 0 0.33333333333333337
MGG_10893T0 944.3333333333334 215.33333333333337 161.33333333333334 452 142 155 3349.6666666666665 128.66666666666666 220.66666666666663
MGG_12551T0 46 10 8.333333333333334 33.666666666666664 3.3333333333333335 5.333333333333333 221.66666666666663 2 13.333333333333334
MGG_07628T0 9714 9290.666666666666 6469.333333333333 11270.333333333334 7315.333333333333 8068.666666666667 29952.666666666668 8746.666666666666 7581.333333333333
MGG_10442T0 42.666666666666664 19.333333333333332 22 55 20 14.333333333333334 198.33333333333337 26.333333333333332 26.666666666666668
MGG_11480T0 1958 974.6666666666666 3587 3513.6666666666665 1068.3333333333333 2173.3333333333335 7341.666666666667 875.3333333333334 1913.6666666666667
MGG_06619T0 108.933 17.747700000000002 186.505 178.92566666666667 22.953033333333337 111.07066666666668 319.531 35.94493333333334 95.05573333333334
MGG_03352T0 1050 91.33333333333331 989.6666666666666 1790.3333333333333 114 572.6666666666666 2840.3333333333335 132 426
MGG_05035T0 310.4650666666667 23.906866666666662 672.7183333333334 993.2043333333334 61.75306666666666 193.557 2316.192 85.2654 335.98833333333334
MGG_00317T0 1531.3333333333333 328 1614.6666666666667 2593.3333333333335 290.6666666666667 1170.6666666666667 4877.333333333333 306.3333333333333 1218.3333333333333
MGG_17513T0 11093 1075 12185 21095.333333333332 1167 8574.666666666666 43179.666666666664 1604.3333333333333 9117.333333333334
MGG_04613T0 299.21933333333334 72.77456666666667 337.48133333333334 633.2976666666667 122.97266666666668 293.63166666666666 789.7379999999999 174.17433333333332 328.10433333333333
MGG_02074T0 2089.3333333333335 673.6666666666666 675 3841 153.66666666666666 1117.6666666666667 7311.666666666667 98.33333333333331 1721
MGG_03257T0 107.74266666666666 43.0524 81.16916666666667 205.14266666666663 27.2727 89.9317 323.3713333333333 52.2195 162.232
MGG_00290T0 123.86556666666668 35.021166666666666 106.7849 287.55066666666664 64.41333333333333 136.4595 462.236 75.76256666666667 183.42433333333332
MGG_00886T0 739 350.3333333333333 633.3333333333334 1325.6666666666667 345.3333333333333 842.3333333333334 1967 449.3333333333333 924.6666666666666
MGG_06691T0 2283.6666666666665 7566 17180.666666666668 16614 1803.6666666666667 13978.333333333334 39824.333333333336 1419.3333333333333 13272
MGG_03375T0 2767.6666666666665 2428.3333333333335 9750.333333333334 8107.333333333333 984.3333333333334 11424 24950.333333333332 980.3333333333334 5946.666666666667
MGG_03492T0 1202 673.6666666666666 2007.3333333333333 1830.3333333333333 311.6666666666667 2538.3333333333335 5304 480 2363.6666666666665
MGG_14348T0 427 977.3333333333334 1041.6666666666667 1323.3333333333333 478.3333333333333 1439.3333333333333 4714 504.6666666666667 1596.3333333333333
MGG_01687T0 1881.91 1477.0303333333334 1835.36 4875.496666666666 513.1753333333334 2902.3566666666666 9835.043333333331 603.7546666666667 2361.39
MGG_00942T0 2008 2674.9766666666665 2043.5266666666664 7307.66 1055.3033333333333 3169.7566666666667 16834 1160.5403333333334 4189.583333333333
MGG_02541T0 2161 3270.6666666666665 2626.3333333333335 7760.333333333333 2137 3422.6666666666665 16535 2979 3696.6666666666665
MGG_04449T0 1200.315 2400.7200000000003 2923.223333333334 4675.43 2286.55 3697.16 9390.526666666668 2400.6066666666666 2884.9933333333333
MGG_06511T0 1026.6666666666667 1939 2294.6666666666665 4165.333333333333 1395.6666666666667 3306.6666666666665 8169.333333333333 1784.3333333333333 3336
MGG_03840T0 1320.6666666666667 1900 2630.6666666666665 4547.666666666667 1304.6666666666667 2605 7960.333333333333 1438 2818.3333333333335
MGG_02540T0 2807 4673.666666666667 5704.666666666667 9588.333333333334 2397.6666666666665 5943 17755.666666666668 2870.6666666666665 6342.666666666667
MGG_10320T0 1693.6666666666667 3040.3333333333335 3763 5217.333333333333 1534 4140.333333333333 12301 1557.3333333333333 3972.3333333333335
MGG_10969T1 1087.0593333333334 1616.6466666666663 1500.1113333333333 2375.36 937.9456666666669 1745.6333333333334 5027.123333333333 1026.2863333333337 1882.25
MGG_15508T0 76 69.33333333333333 75.33333333333333 336.3333333333333 53.666666666666664 173.33333333333334 130.33333333333334 31.333333333333332 62.333333333333336
MGG_15509T0 395.427 144.84199999999998 269.47833333333335 1474.779 226.333 665.626 926.2076666666668 254.114 314.9396666666667
MGG_15510T0 16 6 11 67.66666666666667 6.333333333333333 22.333333333333332 36.666666666666664 0.6666666666666666 7.333333333333333
MGG_16430T0 2 0.33333333333333337 2.666666666666667 27.666666666666668 3.3333333333333335 9 11.333333333333334 3.3333333333333335 8.666666666666666
MGG_01994T0 273.6666666666667 150.33333333333334 260 1804 280 492 635.6666666666666 295.3333333333333 643.3333333333334
MGG_03302T0 501.3333333333333 914.6666666666666 611 2410.3333333333335 678.6666666666666 960.6666666666666 1537 730.6666666666666 941.3333333333334
MGG_00912T0 654 816 981.3333333333334 3209.3333333333335 830.6666666666666 1125 1779 1032 1211.6666666666667
MGG_02124T0 3247.6666666666665 3453.6666666666665 3134.6666666666665 10319 4503 4273.333333333333 5406.333333333333 4617 4021.3333333333335
MGG_17990T0 11.333333333333334 4.333333333333333 3.3333333333333335 49.333333333333336 9 15.666666666666666 15.333333333333334 11.666666666666666 10
MGG_17871T0 38.666666666666664 9.666666666666666 31 110.33333333333331 22.333333333333332 33.666666666666664 52 40.333333333333336 29.666666666666668
MGG_05013T0 480.6666666666667 384.3333333333333 643.3333333333334 1867.6666666666667 627 837 1105.6666666666667 859.6666666666666 816.6666666666666
MGG_17060T0 492.46933333333334 350.66066666666666 524.951 1526.5566666666666 503.772 696.2503333333333 981.6446666666668 767.4333333333333 675.594
MGG_06494T0 2423.6666666666665 1370.6666666666667 3432 16761 2450.6666666666665 3642.6666666666665 5635.333333333333 4171.333333333333 4298.333333333333
MGG_18025T0 3.3333333333333335 1.3333333333333333 4.333333333333333 47 4 6 16.666666666666668 16.333333333333332 10.666666666666666
MGG_15499T0 10.333333333333334 9 6.333333333333333 78 12.666666666666666 34 42.666666666666664 26.666666666666668 12.333333333333334
MGG_02982T0 542.3333333333334 626.3333333333334 195 1846.6666666666667 487 593.6666666666666 894 324 560.3333333333334
MGG_01996T1 537.3703333333333 577.4506666666666 334.5706666666667 3670.7966666666666 763.862 825.4326666666666 2098.6566666666668 781.1043333333333 460.08366666666666
MGG_05941T0 294.3333333333333 311 141.66666666666666 1237.3333333333333 305.6666666666667 422.6666666666667 632.6666666666666 296 269.6666666666667
MGG_05401T0 51.666666666666664 192 64.33333333333333 1665.6666666666663 37.666666666666664 43.333333333333336 146 36.333333333333336 424.3333333333333
MGG_00052T0 843.3333333333334 1529 821.3333333333334 3910.6666666666665 416.3333333333333 772.6666666666666 1123 423.6666666666667 921
MGG_05107T0 488 329 195.66666666666663 1041.6666666666667 363 313.6666666666667 332.3333333333333 478.6666666666667 237.33333333333337
MGG_07303T0 81 2.666666666666667 2.6666666666666665 180 23.666666666666668 54.666666666666664 51.666666666666664 19.666666666666668 4.666666666666667
MGG_15561T0 3.3333333333333335 0.33333333333333337 0 8.333333333333334 2.3333333333333335 2.3333333333333335 2.6666666666666665 0.33333333333333337 0
MGG_06359T0 1277.3333333333333 368.3333333333333 608 2576.6666666666665 606 558.6666666666666 1099.3333333333333 763 477.6666666666667
MGG_13654T0 371 16.666666666666668 12.666666666666666 749 15.333333333333334 27 188 28.333333333333332 60.666666666666664
MGG_05901T0 2568.3333333333335 372 354.3333333333333 5663 321 620 2209 370.6666666666667 513
MGG_02935T0 4017 445.6666666666667 578.3333333333334 10834.333333333334 796.6666666666666 615.6666666666666 3801.3333333333335 484.6666666666667 286.6666666666667
MGG_05402T0 850 375.3333333333333 163 1692 237 113.66666666666669 814.3333333333334 239.33333333333337 180.66666666666663
MGG_05232T0 16353.666666666668 444.3333333333333 514 29572 2014 225 15926.666666666666 3728.6666666666665 325.3333333333333
MGG_07973T0 1719 117 277.6666666666667 14877.666666666666 667.3333333333334 565.3333333333334 3021.3333333333335 1185.3333333333333 258.3333333333333
MGG_06415T0 159 72.33333333333333 78.66666666666667 757 73.33333333333333 117.66666666666669 178.33333333333334 110 96.66666666666669
MGG_00531T0 253.66666666666663 73.33333333333333 201.33333333333337 8099.666666666666 82.66666666666667 233.66666666666663 536 134 196.66666666666663
MGG_04628T0 90.33333333333331 5 65 1781.3266666666664 10.333333333333334 86.33333333333333 247.317 16.333333333333332 148
MGG_14572T0 75.66666666666667 13.333333333333334 32.333333333333336 895.6666666666667 6.333333333333333 12.666666666666666 170 11 40.333333333333336
MGG_07972T0 479 39.666666666666664 59.333333333333336 1256.61 71.13466666666666 94.0821 131.66666666666666 47.69246666666667 36.3713
MGG_15427T0 61.333333333333336 1.6666666666666663 12.333333333333334 401.6666666666667 3.6666666666666665 17.333333333333332 8 7 4.666666666666667
MGG_09802T0 208.33333333333337 3.3333333333333335 25 851.3333333333334 10 38 32.666666666666664 13 31.333333333333332
MGG_11887T0 446.556 127.18766666666666 350.76866666666666 925.4653333333332 200.53733333333335 177.141 370.349 233.70366666666663 238.61533333333333
MGG_09829T0 49 13 52 197.66666666666663 10.666666666666666 34 69 8.666666666666666 25
MGG_00032T0 280.6666666666667 30.666666666666668 73.66666666666667 1777 74.33333333333333 83.33333333333333 645.6666666666666 188 117.33333333333331
MGG_08296T0 96.5673 34.2009 66.39016666666667 621.6523333333333 26.15363333333333 38.2246 271.59566666666666 58.34276666666666 50.2955
MGG_08296T1 240.43273333333332 43.7991 159.27666666666667 905.016 98.51303333333334 96.44206666666668 349.071 116.99056666666668 60.7045
MGG_02329T0 997.3333333333331 104 49.333333333333336 6224.333333333333 288.3333333333333 112.66666666666669 1882.3333333333337 95 39
MGG_08253T0 1004.9466666666666 56.666666666666664 50 4615.983333333333 139.66666666666666 118.33333333333331 1396.986666666667 294.27933333333334 185.66666666666663
MGG_02294T0 373 7.666666666666666 11.333333333333334 1380 15.333333333333334 20 351 10.666666666666666 166
MGG_14824T0 215.66666666666663 30.666666666666668 107.33333333333331 661 35.333333333333336 41 289 32 163.66666666666666
MGG_14601T0 232.33333333333337 13.333333333333334 101 740.3333333333334 36.666666666666664 98 293.3333333333333 75.33333333333333 99.66666666666669
MGG_00203T0 282 32 175 962.3333333333334 27 145.33333333333334 461.6666666666667 55.333333333333336 164
MGG_08252T0 496.3333333333333 150 313.6666666666667 967.3333333333334 321.6666666666667 296 760.3333333333334 481.3333333333333 502
MGG_02748T0 364.6666666666667 241.33333333333337 658 1668.3333333333333 256.6666666666667 303.6666666666667 1293 581.6666666666666 559.3333333333334
MGG_01253T0 46.27213333333333 21.1682 47.263666666666666 120.7207 37.389066666666665 36.3248 90.06946666666667 78.74166666666667 61.4916
MGG_08735T0 2507.6666666666665 678 2504 8291.666666666666 1830 2029 5572 3415 1972.3333333333333
MGG_08618T0 1315 618 1660 2995.6666666666665 1126.6666666666667 1130.3333333333333 2181.3333333333335 1825.6666666666667 1340.6666666666667
MGG_00354T0 5038.666666666667 3003.3333333333335 2649 11187 2795.3333333333335 4239.333333333333 6584.666666666667 3878.3333333333335 3464.6666666666665
MGG_11047T0 641.3333333333334 320 270.6666666666667 1442.3333333333333 392.3333333333333 494 867.6666666666666 415 280
MGG_14701T0 992.3333333333334 157.66666666666666 258.6666666666667 2738.3333333333335 279 399.3333333333333 1271.6666666666667 433 229.33333333333337
MGG_07762T0 1783 748.6666666666666 778.6666666666666 3751.6666666666665 1004.3333333333334 795.3333333333334 2467.6666666666665 1013.6666666666666 552
MGG_01985T0 6212.333333333333 3474.6666666666665 1120.6666666666667 15206 3548 2846.6666666666665 9622 4344.666666666667 2249.6666666666665
MGG_00503T0 5790.746666666667 3657.973333333334 2282.48 8943.236666666668 2831.1233333333334 2961.1266666666666 7866.763333333333 3414.55 2233.2966666666666
MGG_00067T0 9170.666666666666 1162.3333333333333 1023.6666666666666 15900.333333333334 1396 2358.6666666666665 11182 1917 1695.3333333333333
MGG_09488T0 3810 780 787.3333333333334 7685 1085 1695.6666666666667 5793.333333333333 1685.3333333333333 939.6666666666666
MGG_07791T0 9477 428 1442 33448.333333333336 3349.333333333333 1660.3333333333333 22930.666666666668 8698.666666666666 3132.3333333333335
MGG_03470T0 3233.3333333333335 775 191 11052.333333333334 1071 236.33333333333337 9146.666666666666 867.6666666666666 268
MGG_14863T0 1104.6666666666667 412.6666666666667 367 2723 703.3333333333334 536.3333333333334 2135.3333333333335 720.6666666666666 500.3333333333333
MGG_08981T0 806.6666666666666 403 324.3333333333333 1886 504.6666666666667 398.3333333333333 1700.3333333333333 606 583.3333333333334
MGG_05181T0 2118 508.3333333333333 261.6666666666667 6347.333333333333 1211.3333333333333 563.6666666666666 5435.666666666667 1733.6666666666667 553
MGG_00081T0 30498.333333333332 2466.6666666666665 1776.6666666666667 117529 11786.666666666666 2420.6666666666665 103156 20736 3754
MGG_12527T0 1562.1966666666667 95.66666666666669 161 4016.6666666666665 172.579 188 3275.273333333333 254.74466666666663 357.1446666666667
MGG_04768T0 3652.7466666666664 1578.06 2549.19 8458.106666666667 1840.36 2579.8500000000004 6999.3133333333335 2206.7799999999997 2173.1899999999996
MGG_07751T0 802.6666666666666 176.66666666666666 251.33333333333337 2302.6666666666665 456 506.6666666666667 1557.3333333333333 360.6666666666667 267.3333333333333
MGG_05078T0 1516.3333333333333 340.3333333333333 359.3333333333333 4978.666666666667 433 780.3333333333334 2805.3333333333335 466.6666666666667 557
MGG_04621T0 1148 135 471.6666666666667 3191.3333333333335 268.3333333333333 457.6666666666667 1904 531 570.3333333333334
MGG_16538T0 460.3333333333333 109.33333333333334 95 3007 4.333333333333333 0 1869 14.666666666666666 8.333333333333334
MGG_06220T0 625.3333333333334 23.666666666666668 244.33333333333337 2253 29 112.33333333333331 1413 34.666666666666664 163.66666666666666
MGG_08288T0 451 13 30.666666666666668 1572 17.333333333333332 85 1103.6666666666667 26.333333333333332 104
MGG_04991T0 619 1310.6666666666667 851.3333333333334 3242.6666666666665 1768.6666666666667 909.3333333333334 2019 1268.3333333333333 841.3333333333334
MGG_06360T0 1423 1364 1283.6666666666667 3157.3333333333335 1928.6666666666667 1302 2632.3333333333335 2168.6666666666665 1173
MGG_01361T0 2046 2386 1856.6666666666667 5880.333333333333 3385 2272.3333333333335 4907.666666666667 3427.6666666666665 2081.3333333333335
MGG_07117T0 2266.6066666666666 2480.1466666666665 711.93 10127.32 2909.1 2814.043333333333 8220.78 6237.616666666667 2058.423333333333
MGG_03620T0 4980.666666666667 5383.666666666667 3795.6666666666665 12297.666666666666 5732.46 4250 9716.333333333334 8118.256666666667 3612.3333333333335
MGG_14667T0 147.66666666666666 128.66666666666666 139.33333333333334 300.6666666666667 149.33333333333334 97.66666666666669 278.6666666666667 200.33333333333337 136
MGG_15577T0 5515.666666666667 4278.333333333333 2292 12769.333333333334 5435.666666666667 2421 10606.666666666666 6144.666666666667 2613.3333333333335
MGG_00371T0 6490.806666666666 3387.6233333333334 3969.29 14508.3 6220.846666666666 3755.386666666667 12475.233333333334 7426.313333333333 4162.633333333333
MGG_12230T0 15.666666666666668 0.6666666666666667 2.666666666666667 98.66666666666669 22 1.6666666666666663 55 16.333333333333332 20.333333333333332
MGG_08044T0 48.666666666666664 26 39.333333333333336 315.3333333333333 60 25.666666666666668 129.66666666666666 97.66666666666669 29
MGG_07792T0 667.6666666666666 604.3333333333334 618.3333333333334 2522.3333333333335 798.3333333333334 671.6666666666666 1652.3333333333333 1357 674.6666666666666
MGG_12101T0 2716.6666666666665 2360.3333333333335 2189.6666666666665 6057 2721 2946.6666666666665 4355.666666666667 3435.6666666666665 2441.6666666666665
MGG_07075T0 2302 3134 1372 8774 3485.3333333333335 2083.3333333333335 4995.333333333333 3921.6666666666665 2596.6666666666665
MGG_04084T0 400.5373333333333 442.44166666666666 310.7253333333333 1628.4683333333337 612.0773333333334 301.5396666666667 952.4166666666666 639.2076666666667 489.3616666666667
MGG_01802T0 8577 8301 3917.3333333333335 23366.666666666668 10283 6587 14222.333333333334 11672.666666666666 3925
MGG_09186T1 217.28356666666667 120.58666666666667 36.661833333333334 766.544 269.275 99.50233333333333 479.96366666666665 336.95166666666665 73.9048
MGG_02438T0 4755.076666666667 4654.5599999999995 1497.1766666666667 15368.133333333331 4240.143333333333 1794.9233333333334 9288.84 4848.826666666667 1760.9033333333334
MGG_17429T0 473.6666666666667 439 281.3333333333333 1723 562 397.6666666666667 1186 653.3333333333334 329.3333333333333
MGG_15079T0 265 615 793 1158.3333333333333 639 1094.6666666666667 1092 832.3333333333334 1013
MGG_07339T0 1081 1151 1927.3333333333333 2525.3333333333335 1414.3333333333333 2267 2016 1691.3333333333333 2069.3333333333335
MGG_04523T0 196.12166666666667 346.88266666666664 457.235 778.6283333333333 168.706 633.0033333333333 676.7003333333333 165.53166666666667 615.3373333333334
MGG_06500T0 796 1050 1543.6666666666667 3345.6666666666665 1152.3333333333333 2651.3333333333335 2761.3333333333335 1243.6666666666667 1854.3333333333333
MGG_13527T0 192.66666666666663 248.66666666666663 420.3333333333333 728.6666666666666 298.3333333333333 633.6666666666666 614.3333333333334 310 568.6666666666666
MGG_03899T0 427 740.3333333333334 1024.3333333333333 1495.3333333333333 802.6666666666666 1277.3333333333333 1401.3333333333333 767.3333333333334 1087.3333333333333
MGG_10426T0 652.3333333333334 1246.6666666666667 1581.3333333333333 2172 1202.6666666666667 1314 2024.3333333333333 1142.6666666666667 1457.3333333333333
EFMOT00000000193 3 7 11.666666666666666 17.333333333333332 3.27658 10 16.555556666666668 7.333333333333333 11.430756666666666
MGG_14752T0 1016 504.6666666666667 1737.6666666666667 2099 891.3333333333334 1573.3333333333333 1879.3333333333333 1149 1648.6666666666667
MGG_01117T0 388 452.3333333333333 752.3333333333334 1050.3333333333333 539.6666666666666 639.6666666666666 938.6666666666666 561 896.6666666666666
MGG_01158T0 239.16766666666663 152.874 821.0546666666667 1405.3736666666666 176.25733333333332 796.2146666666666 980.9643333333332 105.6087 859.6356666666667
MGG_04040T0 195 260.3333333333333 599 843.6666666666666 309.6666666666667 585.6666666666666 624.3333333333334 323.6666666666667 592.6666666666666
MGG_03291T0 385.3333333333333 793.6666666666666 428.6666666666667 1725 859.6666666666666 927.6666666666666 1313.6666666666667 566.3333333333334 724.6666666666666
MGG_10698T0 1379.6666666666667 1788.3333333333333 946.3333333333334 2996.3333333333335 1602 1647.6666666666667 2574.6666666666665 1397.3333333333333 1519.3333333333333
MGG_06543T0 58 49.333333333333336 43 175.33333333333334 81 93.33333333333331 151 62.333333333333336 108.66666666666669
MGG_16711T0 2987.2833333333333 3587.3333333333335 2361.3333333333335 6378 4128.306666666666 4349.65 6906.333333333333 2513 4334.333333333333
MGG_05942T0 1281 1479.6666666666667 462.3333333333333 2646.6666666666665 917.3333333333334 1555 1923.6666666666667 907.3333333333334 872.6666666666666
MGG_06482T0 2039.8 1598.9833333333331 974.0393333333334 3627.72 1610.4766666666667 2379.4833333333336 3123.24 2221.7366666666667 1895.41
MGG_11494T0 347 51.666666666666664 360.6666666666667 1181.3333333333333 76 509.6666666666667 520.6666666666666 175 598.3333333333334
MGG_12599T0 393 239.66666666666663 439.6666666666667 1530.3333333333333 206.66666666666663 496 640 239.33333333333337 773
MGG_03699T0 4432 2692.3333333333335 7358.333333333333 11662 3078 6495.666666666667 7039.333333333333 3379.6666666666665 8278.333333333334
MGG_08904T0 609 349.6666666666667 1006 2064.6666666666665 442 703.6666666666666 1117.3333333333333 474.3333333333333 1207
MGG_09413T0 605.0786666666667 388.98833333333334 912.2583333333332 2109.1133333333332 649.9786666666666 1296.743333333333 1198.306 829.3096666666667 941.765
MGG_02447T0 530.6666666666666 358 629.6666666666666 1215.6666666666667 494.6666666666667 914.6666666666666 759 425.6666666666667 818
MGG_17381T0 0.6666666666666667 0 3 7.666666666666667 2 5.666666666666667 5 0 4
MGG_05718T0 2987 710 1073.3333333333333 5188.333333333333 1333.6666666666667 2499.3333333333335 4611.333333333333 2024.3333333333333 3451.6666666666665
MGG_14971T0 20964.333333333332 2301.6666666666665 8084 44244 4962.666666666667 15140.333333333334 42523 5960 18993.666666666668
MGG_02842T0 3416.12 1083.6833333333334 1322.1533333333334 5984.363333333334 1118.64 2368.2033333333334 5708.256666666667 1501.4366666666667 3552.706666666667
MGG_01397T0 185.66666666666663 59 75.66666666666667 334.6666666666667 87.33333333333333 178.66666666666666 350 70.66666666666667 157.66666666666666
MGG_10565T0 4816.333333333333 1139.6666666666667 1598 7582.333333333333 1590.6666666666667 3766 7789 1945.6666666666667 3819.3333333333335
MGG_00880T0 605.676 188.41033333333337 261.239 966.872 315.725 548.7620000000001 945.8866666666668 370.3353333333333 558.383
MGG_08708T0 1000.332 463.415 726.2926666666667 2422.65 340.9116666666667 1764.89 2591.3066666666664 350.083 1210.4666666666667
MGG_13669T0 15928.333333333334 2123.3333333333335 14311.666666666666 33939.666666666664 3577.3333333333335 29274.333333333332 38870 6093.666666666667 15356.666666666666
MGG_05817T0 1654.3333333333333 240.33333333333337 1195 4010.6666666666665 343.6666666666667 2224.6666666666665 3315.6666666666665 394 1389.3333333333333
MGG_08908T0 1402.3333333333333 247 667.3333333333334 2665 374 1404 2128.6666666666665 416 1219
MGG_07525T0 2744.6666666666665 259.3333333333333 1226.3333333333333 4543.666666666667 619 2686.6666666666665 4385.666666666667 665.3333333333334 2041.6666666666667
MGG_04802T0 903.6666666666666 151.33333333333334 514.3333333333334 1678.6666666666667 273.3333333333333 1107 1613.3333333333333 314.6666666666667 737
MGG_00482T0 783.6876666666667 306.40099999999995 748.1783333333334 1782.5633333333333 344.12399999999997 973.7303333333332 1996.86 375.151 1058.7733333333333
MGG_14350T0 1037.3333333333333 183.33333333333337 433.6666666666667 2058 220.66666666666663 1176.3333333333333 2210 272.6666666666667 1145.6666666666667
MGG_04565T0 324.3333333333333 62.666666666666664 225 626.6666666666666 82 349 653.6666666666666 68.33333333333333 323.3333333333333
MGG_03292T0 1168.6666666666667 357.6666666666667 534.3333333333334 1563 420.6666666666667 1132.3333333333333 1635.6666666666667 576 683
MGG_05938T0 635.3333333333334 107.66666666666669 317 763.6666666666666 106.66666666666669 697 914.3333333333334 90 270.3333333333333
MGG_01261T0 3406.3333333333335 565.6666666666666 925.3333333333334 5344.666666666667 1024.3333333333333 4422.333333333333 4883.666666666667 1939 2518.6666666666665
MGG_01973T0 2189.4 369.864 1197.63 2566.6866666666665 770.4316666666666 2121.2966666666666 2419.526666666666 1135.3086666666666 1493.57
MGG_17699T0 593.4776666666667 500.29 610.42 1612.3833333333334 581.9423333333333 939.4896666666666 1681.1366666666663 676.5306666666667 1198.0633333333333
MGG_15825T0 597.6666666666666 549.6666666666666 734 1310.3333333333333 568 733 1389.6666666666667 687.6666666666666 1019
MGG_05324T0 653.341 647.7033333333334 746.484 1493.1833333333334 708.6053333333333 799.18 1542.2733333333333 740.2113333333334 1139.0786666666668
MGG_05589T0 4.333333333333333 6 9.666666666666666 33.666666666666664 13.333333333333334 12.666666666666666 46.666666666666664 12.666666666666666 25.333333333333332
MGG_00731T0 629.6666666666666 684.3333333333334 1020 1728.3333333333333 949.3333333333334 1103.3333333333333 2047 1016.3333333333334 1223.3333333333333
MGG_04456T0 177.33333333333334 127.33333333333331 244.33333333333337 586.6666666666666 155.33333333333334 341 786.3333333333334 269.6666666666667 359.6666666666667
MGG_06429T0 493.3333333333333 509 557.6666666666666 1111 251.66666666666663 615.3333333333334 1103.3333333333333 212.33333333333337 708.3333333333334
MGG_05570T0 191.66666666666663 78.66666666666667 132 394.3333333333333 98.33333333333331 303.6666666666667 461 139.33333333333334 366.3333333333333
MGG_11239T0 467 189.66666666666663 541.3333333333334 945.3333333333334 254.66666666666663 753.3333333333334 1169.6666666666667 288 916.6666666666666
MGG_01014T0 1583.3333333333333 765.3333333333334 1387 4494.666666666667 519.6666666666666 2498.6666666666665 4226.666666666667 724 3531
MGG_10446T0 301 318.3333333333333 362.6666666666667 649 217 468 659.3333333333334 239 538.3333333333334
MGG_00129T0 310.971 304.57433333333336 411.2173333333334 989.894 327.01633333333336 640.4686666666666 992.3673333333334 339.20433333333335 743.417
MGG_01087T0 716.304 366.96233333333333 1033.3546666666666 2647.76 417.553 1637.93 2840.7833333333333 469.81533333333334 1919.11
MGG_05322T0 524.6243333333333 398.949 666.529 1561.9433333333334 444.77233333333334 1065.1726666666666 1376.63 529.0383333333334 1030.7816666666668
MGG_04400T0 7324.333333333333 3194 7614.333333333333 16427.666666666668 4113.666666666667 11589.666666666666 15648.333333333334 5367 11569
MGG_00896T0 489.3333333333333 754.6666666666666 832 1337.6666666666667 644.6666666666666 940 1359.6666666666667 617.3333333333334 1045
MGG_04415T0 130 237.86066666666667 295.257 795.1706666666666 229.85033333333337 439.8596666666666 761.6666666666666 196 496.1426666666667
MGG_00840T0 689.6666666666666 869.6666666666666 922 1921 794.3333333333334 1280.6666666666667 1823.6666666666667 582.6666666666666 1293
MGG_00261T0 2653.6666666666665 2736.3333333333335 3865 5567.333333333333 2627.6666666666665 4175.666666666667 6499.666666666667 2180.3333333333335 4912.333333333333
MGG_17113T0 123.33333333333331 163 260 394.3333333333333 128.66666666666666 272.6666666666667 522 138 284.3333333333333
MGG_06621T0 0 0 1.3333333333333333 2.666666666666667 0 2 3.6666666666666665 0.33333333333333337 1.3333333333333333
MGG_04610T0 260.3333333333333 137 264 757.6666666666666 218.66666666666663 263 558 302.3333333333333 590.6666666666666
MGG_10497T0 259.7463333333333 153.73666666666668 135.66666666666666 1057.234 140.12733333333333 495.8016666666667 668.61 81.33333333333333 649.6666666666666
MGG_15480T0 1178.5676666666668 844.7006666666666 1407.4333333333334 3047.92 1234.9133333333334 1664.4633333333334 2021.7033333333336 1278.1296666666667 2113.7799999999997
MGG_07443T0 17.666666666666668 3 26.666666666666668 120 17.666666666666668 45.333333333333336 69 27.333333333333332 80.66666666666667
MGG_16744T0 742 431.294 947.3333333333334 2193 612 1376 1768.92 774.6666666666666 1659.6333333333334
MGG_03270T0 440.771 208.47533333333337 537.3046666666667 1545.6566666666668 367.293 890.6046666666667 1019.3796666666668 416.118 944.1643333333334
MGG_03893T0 588 450.3333333333333 987.6666666666666 2340 771.6666666666666 1285.3333333333333 1852.3333333333333 918.6666666666666 1283
MGG_06481T0 591.6666666666666 421 733.3333333333334 1776.6666666666667 669 1027.3333333333333 1563.3333333333333 878.6666666666666 1110.6666666666667
MGG_06022T0 707.3333333333334 548.6666666666666 809.3333333333334 1821.3333333333333 688.6666666666666 1295.6666666666667 1666.6666666666667 867 1123
MGG_13511T0 1337.8266666666668 1295.44 1509.8033333333333 2914.0866666666666 1439.07 2206.0233333333335 2827.7433333333333 1700.65 2222.746666666667
MGG_00065T0 2057.7833333333333 753.8636666666666 2051.8133333333335 4825.63 1214.1533333333334 2846.18 4270.92 2153.166666666667 3862.48
MGG_03229T0 608.3173333333333 259.6666666666667 885.3333333333334 1695.6666666666667 410.6666666666667 823.6666666666666 1326.57 598.6666666666666 1036.6833333333334
MGG_04142T0 703.6346666666667 343.12033333333335 772.1993333333334 1841.4633333333336 532.1096666666666 839.5846666666666 1580.6366666666668 653.3073333333333 1163.09
MGG_00133T0 610.6666666666666 947 412 3719.6666666666665 931.3333333333334 1294.3333333333333 3651.6666666666665 869.6666666666666 1109.3333333333333
MGG_04179T0 775.3333333333334 796.6666666666666 687.6666666666666 2866 692.3333333333334 1341.3333333333333 2719 797.3333333333334 1209.6666666666667
MGG_11063T0 1024.6666666666667 1074.6666666666667 922.6666666666666 2896.3333333333335 1013.6666666666666 1474.6666666666667 2751.6666666666665 908 1243.6666666666667
MGG_08178T0 496 454 371 1804 279.3333333333333 647.6666666666666 1766 250.66666666666663 629
MGG_04422T0 21.450603333333333 35.7655 26.801466666666663 451.1706666666667 22.69826666666667 79.36123333333333 461.36766666666665 19.968829999999997 109.50126666666668
MGG_14496T0 708.3333333333334 1059.3333333333333 1053.6666666666667 4070 1031 1026.3333333333333 3201.6666666666665 1030 1213.3333333333333
MGG_03931T0 3713.6766666666663 2803.32 4547.24 9110.503333333334 3376.6 3927.45 8419.826666666668 3872.4 4256.47
MGG_13385T0 1308.0266666666666 667.684 1800.0566666666666 8730.08 599.787 1193.982 7147.89 743.7156666666666 1294.41
MGG_10298T0 107 15.333333333333334 84 674.3333333333334 32.666666666666664 22 494.6666666666667 74 84.66666666666667
MGG_00137T0 1048.5376666666666 372.6476666666667 713.6733333333334 5018.016666666666 801.698 1143.757 3655.1833333333334 1101.548 1436.67
MGG_07149T0 1513.3333333333333 1103.6666666666667 1429 3732.6666666666665 1384.6666666666667 1834.6666666666667 3218.3333333333335 1801.6666666666667 1522.3333333333333
MGG_16901T0 6697.66 4945.66 4263.61 22540.966666666667 4777.326666666667 6522.3133333333335 23478.6 5244.6466666666665 6333.263333333333
MGG_01391T0 13111.333333333334 1831 3282.3333333333335 71759.33333333333 3703.6666666666665 7177.666666666667 68884.66666666667 3524.6666666666665 3445.3333333333335
MGG_01780T0 1574.7353333333333 943.674 1127.2866666666666 4241.383333333333 1180.13 1480.0533333333333 3671.1 1477.639 1253.503333333333
MGG_01390T0 1313.6666666666667 543.3333333333334 522.3333333333334 5290 441.3333333333333 1377 4077.3333333333335 472 764.6666666666666
MGG_13279T0 2683.786666666667 1449.7166666666667 1368.7106666666666 10113.18 1320.516 2907.4466666666667 8560.906666666666 1858.68 1596.8233333333333
MGG_04993T0 414.3333333333333 903.3333333333334 681.6666666666666 2476.6666666666665 545.6666666666666 959.3333333333334 1861.3333333333333 482.3333333333333 989.6666666666666
MGG_11360T0 142 376 294.6666666666667 846.6666666666666 205 420.6666666666667 645 232 389.6666666666667
MGG_10116T0 190.66666666666663 327 329.3333333333333 1244.6666666666667 382.3333333333333 518.3333333333334 965 170 495.6666666666667
MGG_09312T0 822.3703333333333 1030.2116666666666 945.4043333333332 2362.8433333333332 837.7756666666667 1346.1153333333332 1813.2933333333333 950.2366666666668 1128.7933333333333
MGG_01217T0 410 818 1281.3333333333333 4519.333333333333 782 1413.6666666666667 3431.3333333333335 711 1404.6666666666667
MGG_07718T0 455.6666666666667 522.3333333333334 734.3333333333334 2499 425.3333333333333 991.6666666666666 1746 448 869.3333333333334
MGG_04641T0 303.88233333333335 446.9046666666667 339.2 2068.1066666666666 375.028 639.2986666666667 1480.15 339.467 566.9183333333333
MGG_02974T0 404.3333333333333 498.3333333333333 469 1818 340.3333333333333 605 1204.6666666666667 282 565.6666666666666
MGG_08140T0 524.3333333333334 593.6666666666666 1000.6666666666666 2521.6666666666665 511.3333333333333 1170 1964.6666666666667 482.6666666666667 1031.6666666666667
MGG_05963T0 221.03366666666668 234.692 443.9023333333334 1095.2706666666666 204.24166666666667 548.1763333333333 801.5573333333333 175.29 508.511
MGG_07030T0 291 487 889.6666666666666 2525.6666666666665 393 1057.6666666666667 1951 530 1277
MGG_03129T0 205.66666666666663 456.6666666666667 587.3333333333334 1729.3333333333333 352 780.3333333333334 1207.6666666666667 355.6666666666667 742.3333333333334
MGG_06242T0 440.3333333333333 642.6666666666666 496 1953.3333333333333 420.3333333333333 988 1469.6666666666667 339.6666666666667 1095.6666666666667
MGG_00560T0 434.3333333333333 413.6666666666667 438.3333333333333 1493.6666666666667 273 693.131 1002.3266666666668 280.63599999999997 611.2393333333333
MGG_03872T0 221 188 338.3333333333333 1348 227.33333333333337 642.6666666666666 921 217.66666666666663 591.3333333333334
MGG_06202T0 363.6666666666667 326.3333333333333 380.6666666666667 2090.3333333333335 283 960.6666666666666 1506.3333333333333 275.6666666666667 868.3333333333334
MGG_05999T0 1162.3333333333333 579.6666666666666 1000.3333333333334 2556.6666666666665 529 1560.3333333333333 2034.3333333333333 340.6666666666667 1541.3333333333333
MGG_07529T0 302.6666666666667 150 354.3333333333333 987 129.33333333333334 424 852.3333333333334 88.66666666666667 476.3333333333333
MGG_02505T0 2196.016666666667 937.0873333333332 2504.02 5290.4766666666665 973.5046666666668 2757.173333333333 4604.933333333333 988.6136666666666 2877.43
MGG_01725T0 1109.6666666666667 341.6666666666667 1559.6666666666667 3903 412.6666666666667 1357.6666666666667 3557.3333333333335 449.3333333333333 1932.3333333333333
MGG_10382T0 732.4443333333334 554.4383333333333 839.5643333333334 1712.5766666666666 505.936 892.608 1506.4666666666667 560.1093333333333 1110.253333333333
MGG_05815T0 276 184.33333333333337 325.6666666666667 629.3333333333334 196.33333333333337 342.3333333333333 484 167.33333333333334 394.6666666666667
MGG_09313T0 620 342.3333333333333 699.3333333333334 2013.3333333333333 415.6666666666667 1053 1545 376 1011
MGG_08867T0 649.3333333333334 396.3333333333333 805 2124.6666666666665 405.3333333333333 1008.3333333333334 1623.6666666666667 330 920.3333333333334
MGG_07449T0 252 229.66666666666663 532.3333333333334 1080 199 601.3333333333334 944.3333333333334 148.66666666666666 565.6666666666666
MGG_06381T0 320.3333333333333 185 555 1269 221.66666666666663 662 973.3333333333334 240 731.6666666666666
MGG_03597T0 466 424.3333333333333 754 1885.6666666666667 402.3333333333333 1064 1471 343 1219.3333333333333
MGG_01078T0 816.6666666666666 285.6666666666667 591.3333333333334 1636 324 781 1514.6666666666667 359.3333333333333 966.3333333333334
MGG_16274T0 1182 426 776.6666666666666 2602.9933333333333 449.6666666666667 1207.66 2394.6666666666665 468.3333333333333 1115.6666666666667
MGG_10160T0 1840.3333333333333 581 1325.6666666666667 3823 594.3333333333334 1773 3755.3333333333335 575 1759.6666666666667
MGG_13217T0 1452.7166666666667 417.37733333333335 978.427 3772.5333333333338 456.12333333333333 1612.5333333333333 3750.4133333333334 672.667 1705.6466666666668
MGG_07008T0 4023.6666666666665 1960 2764.3333333333335 10299 1669.3333333333333 4042 10309 1762.6666666666667 4383.666666666667
MGG_12370T0 1096.4996666666666 788.5736666666667 867.047 2294.11 886.348 1453.5933333333337 2206.7566666666667 817.891 1178.1533333333334
MGG_04476T0 2803.3333333333335 1591.6666666666667 2066.3333333333335 6628 1178.3333333333333 3232.3333333333335 6244 849 2920
MGG_01292T0 892 578 662.6666666666666 2954.6666666666665 383.6666666666667 1288.3333333333333 2551.3333333333335 348.3333333333333 1111.6666666666667
MGG_02453T0 983.3333333333334 517.3333333333334 638.6666666666666 2715.3333333333335 403.3333333333333 1069.6666666666667 2320.6666666666665 337 1118.3333333333333
MGG_05136T0 823 372.6666666666667 605.3333333333334 2097.3333333333335 325.3333333333333 1157.6666666666667 1966.3333333333333 387 926.9296666666668
MGG_01123T0 1094.543 351.71566666666666 892.2243333333333 3760.34 479.2443333333334 1864.2 3012.4233333333336 581.5716666666667 1515.1733333333334
MGG_11193T0 1036.6666666666667 310 665.6666666666666 2889.6666666666665 365.6666666666667 1413.3333333333333 2382 366.6666666666667 1195.6666666666667
MGG_07524T0 659.6666666666666 207.66666666666663 508.3333333333333 2184.6666666666665 227 927.6666666666666 1742.3333333333333 282.6666666666667 706
MGG_03210T0 758.6666666666666 393.6666666666667 540 1940 316.3333333333333 971 1598 366 793
MGG_07136T0 2126.08 673.5246666666667 1906.91 6949.64 883.718 3251.66 5998.493333333333 903.247 2682.42
MGG_17491T0 606.906 170 499.5693333333333 1696.437 217.40133333333333 790.8966666666666 1374.9033333333334 219.41166666666663 642.422
MGG_06522T0 1335 694 1030.3333333333333 4482.666666666667 757.3333333333334 1639 3235.6666666666665 870.6666666666666 1305.6666666666667
MGG_13803T0 713.6666666666666 331.6666666666667 518 3398.3333333333335 365.3333333333333 1074 2151 323 944
MGG_01183T0 991.3333333333334 636.3333333333334 607 3875.3333333333335 407.3333333333333 1432.6666666666667 2536.6666666666665 377 1137
MGG_01268T0 6680.333333333333 5234.333333333333 4239.666666666667 28304.333333333332 2756.6666666666665 8759 22201.666666666668 1803.6666666666667 6666
MGG_09284T0 219.80336666666665 201.89366666666663 105.15103333333332 1255.81 83.7951 439.13666666666666 876.9340000000001 62.5243 228.97166666666664
MGG_00087T0 1109.6666666666667 399.6666666666667 507 3594.3333333333335 296 949.3333333333334 2839.6666666666665 275.6666666666667 951
MGG_02572T0 3018.3333333333335 1015.3333333333334 1551.3333333333333 13659.333333333334 1379.6666666666667 3880 11886.666666666666 1820.6666666666667 4149.333333333333
MGG_02069T0 192.17166666666668 47.206066666666665 96.7024 960.2816666666666 19.155306666666668 178.1661 814.7366666666667 50.6231 237.1326666666667
MGG_01000T0 694 686 648 2337.6666666666665 437.6666666666667 1154.6666666666667 2217.3333333333335 466 1166.3333333333333
MGG_00985T0 199.548 208.80533333333335 189.151 822.5213333333334 111.87043333333334 368.9506666666667 717.1163333333333 94.2014 334.786
MGG_07728T0 785.6666666666666 292.3333333333333 375 2356.3333333333335 412.3333333333333 905.3333333333334 1847.6666666666667 474.3333333333333 877
MGG_02460T0 828.6666666666666 452 498.6666666666667 2577.3333333333335 577.3333333333334 1209 2054 586 1114.3333333333333
MGG_06984T0 955.2786666666668 599.412 1056.6566666666668 2947.9333333333334 672.991 1293.3433333333337 2322.25 882.5883333333334 1356.013333333333
MGG_01572T0 935.6666666666666 706.3333333333334 848.6666666666666 3312.3333333333335 674 1383 2510.3333333333335 570.6666666666666 1361.6666666666667
MGG_05260T0 850.3333333333334 547.3333333333334 911.3333333333334 3371.6666666666665 451.6666666666667 1566.3333333333333 2650.3333333333335 462 1351.6666666666667
MGG_10522T0 651.3333333333334 511 706.6666666666666 2796 402.3333333333333 1176.6666666666667 2285.6666666666665 360.3333333333333 1130
MGG_04470T0 425.5203333333333 305.6666666666667 488.6356666666666 1626.11 279.7343333333333 720.652 1300.1883333333333 220.25133333333335 676.0409999999999
MGG_08049T0 383.3333333333333 360.6666666666667 452 1429.6666666666667 339 681 1174 318.6666666666667 740.6666666666666
MGG_10674T0 552.5036666666667 564.41 539.6276666666666 2007.96 446.6596666666667 934.1323333333332 1616.1633333333334 331.17833333333334 921.1813333333332
MGG_04995T0 919.3333333333334 644 884.3333333333334 4661.666666666667 701.6666666666666 1449.3333333333333 3403 765 1736.3333333333333
MGG_05048T0 1245.3333333333333 490 880 4670.666666666667 515 1574 3749 572 1537.6666666666667
MGG_07737T0 468 399 491.6666666666667 2033 364.6666666666667 834 1741.3333333333333 368 741
MGG_05810T0 551.6666666666666 490.6666666666667 547.6666666666666 1806.6666666666667 448.6666666666667 888 1510.6666666666667 452.3333333333333 796.6666666666666
MGG_01561T0 1689.3333333333333 1392.3333333333333 1314.3333333333333 5947.666666666667 1287 2284 4851.333333333333 1198.3333333333333 2276
MGG_06049T0 792.6666666666666 644.6666666666666 788.6666666666666 2260.3333333333335 694.3333333333334 1061.6666666666667 1918.3333333333333 682.3333333333334 962.3333333333334
MGG_01224T0 649.3333333333334 513 656 3226.6666666666665 465 1120 2514.3333333333335 574.6666666666666 1078.6666666666667
MGG_06346T0 935.6666666666666 665.6666666666666 814 2904 736 1208 2307 749 1180.6666666666667
MGG_01315T0 284.66833333333335 251.67633333333333 441.43666666666667 918.839 278.193 550.1023333333333 807.667 400.3883333333333 438.40933333333334
MGG_04769T0 275.58833333333337 202.27633333333333 432.1433333333333 799.2233333333334 267.64 444.48066666666665 665.6873333333333 284.8863333333333 417.14233333333334
MGG_06096T0 1085.3313333333333 876.5303333333334 1424.5833333333333 3300.5533333333333 1415.3466666666666 1804.8733333333332 3364.1 1033.102 1875.9366666666667
MGG_04996T0 349.88733333333334 347.925 590.605 1149.6366666666668 433.36833333333334 623.4986666666666 1059.4506666666666 453.25766666666664 734.7909999999999
MGG_00308T0 335.0386666666667 350.22433333333333 467.729 994.366 401.56 570.925 1001.2326666666668 421.7056666666667 684.313
MGG_15582T0 326.3333333333333 183.66666666666663 421.6666666666667 890.6666666666666 220.66666666666663 523.3333333333334 813 308.3333333333333 503.6666666666667
MGG_03271T0 359.56233333333336 158.858 413.69533333333334 882.0100000000001 231.707 498.728 845.9553333333333 282.5486666666667 492.83666666666664
MGG_09254T0 438.6726666666667 112.42566666666666 592.721 1807.1966666666667 245.75233333333333 945.2013333333332 1926.1766666666667 374.667 994.1476666666669
MGG_09505T0 1850 1024.3333333333333 2999.3333333333335 7157 1735.6666666666667 4025 7203.333333333333 1922.6666666666667 3728.3333333333335
MGG_00363T0 563.6666666666666 421 677 2009.7866666666664 542.3333333333334 802 1882.6666666666667 613.72 893
MGG_04003T0 158 146 203.33333333333337 714 180.66666666666663 283.3333333333333 654.3333333333334 181 375.3333333333333
MGG_00842T0 344.3333333333333 177 386 1336.6666666666667 211 642 1279.3333333333333 307.6666666666667 490.6666666666667
MGG_00361T0 562 332.3333333333333 694.6666666666666 2114 417.3333333333333 980.3333333333334 2196.6666666666665 384 897.3333333333334
MGG_00053T0 462 369 635.3333333333334 1717 311.6666666666667 810.3333333333334 1505 308 839.6666666666666
MGG_04746T0 438 290 640 1834.3333333333333 315 809.3333333333334 1619.6666666666667 361.6666666666667 945
MGG_08840T0 296 218 462.3333333333333 1525 282.3333333333333 691.6666666666666 1308 277.3333333333333 728.6666666666666
MGG_07465T0 1296.6966666666667 387.2253333333333 1254.0800000000002 4767.943333333334 523 1720.3566666666666 4452.18 686.3333333333334 2052.7633333333333
MGG_07258T0 510.6666666666667 355.3333333333333 610.6666666666666 2105.3333333333335 264 871.6666666666666 2057.6666666666665 249 1001
MGG_17694T0 2332.6666666666665 694 2050.6666666666665 5023.666666666667 874.3333333333334 1997.3333333333333 3972.6666666666665 871.6666666666666 1424
MGG_17474T0 60.325066666666665 8.588506666666667 53.85606666666667 142.072 15.698273333333336 53.81583333333333 97.77376666666666 22.760893333333335 52.390166666666666
MGG_08924T0 1096.3333333333333 591.6666666666666 1563 2671.3333333333335 516.3333333333334 1384.6666666666667 2117.6666666666665 555.3333333333334 1193.6666666666667
MGG_06409T0 941.6666666666666 504 1299 3022 480 1535 1879.6666666666667 562.3333333333334 986
MGG_05925T0 709 325.3333333333333 580 1473.3333333333333 301.6666666666667 448 852 230 598.6666666666666
MGG_03070T0 3792.333333333333 105.33333333333331 4071 14707.666666666666 176.66666666666666 1416 8097 166.66666666666666 2240.6666666666665
MGG_07567T0 790.3333333333334 489.3333333333333 961.3333333333334 3394 307.6666666666667 937.3333333333334 1937.6666666666667 470.3333333333333 1612.6666666666667
MGG_15528T0 533.6666666666666 481 586 2085.6666666666665 407 698.3333333333334 1400 432.3333333333333 949.3333333333334
MGG_11636T0 540.837 109.5852 460.468 1730.2066666666665 207.87066666666664 388.457 1075.7406666666666 317.896 630.9306666666666
MGG_13239T0 15356 1871.3333333333333 7472.666666666667 46608.333333333336 3441.6666666666665 11598.666666666666 27045.333333333332 4102 12859.333333333334
MGG_08771T0 1049 287 484 3646.3333333333335 443.6666666666667 645.6666666666666 2377.6666666666665 690.6666666666666 1283.6666666666667
MGG_02439T0 2867.3333333333335 1209.3333333333333 2080.3333333333335 6451 1471 1637.3333333333333 4777.333333333333 1654 2894.3333333333335
MGG_08732T0 3256 605.6666666666666 1679.3333333333333 8712 736.3333333333334 2264.3333333333335 6485.666666666667 1160 3074
MGG_05009T0 373.3333333333333 149.66666666666666 794.3333333333334 1178.6666666666667 238.33333333333337 313.3333333333333 565 331 528.3333333333334
MGG_16835T0 652 337.6666666666667 1098 1776.3333333333333 255 527 648.3333333333334 324 550.3333333333334
MGG_06026T0 2745 1076.3333333333333 6105.333333333333 8876.333333333334 1658 4699 4826 1509.3333333333333 2149
MGG_12580T0 2962.6666666666665 1342 9198.333333333334 9954.666666666666 1639.6666666666667 3844 5334 2142 2363
MGG_01355T0 336.3333333333333 72.33333333333333 337.6666666666667 777 167 202.66666666666663 121 64 333.6666666666667
MGG_06364T0 1132.3333333333333 318.6666666666667 806.3333333333334 2700.3333333333335 513.6666666666666 1170.3333333333333 745.3333333333334 438.6666666666667 617
MGG_06630T0 22.333333333333332 15 39.333333333333336 139.66666666666666 9.333333333333334 59 9.666666666666666 19.333333333333332 10.333333333333334
MGG_13026T0 192.33333333333337 46.666666666666664 217 515 150.33333333333334 215 169 286 152
MGG_07017T0 19 8 10.666666666666666 72 30.666666666666664 32 21.666666666666668 33.333333333333336 30.333333333333332
MGG_04654T0 2829 593.6666666666666 787.3333333333334 7425 2058 3707 1599.3333333333333 2923.3333333333335 3312.6666666666665
MGG_01990T0 10904.333333333334 2660.6666666666665 4840.333333333333 33694 9478.333333333334 11153.666666666666 17852 19275 15027
EFMOT00000000187 0.33333333333333337 0 0.33333333333333337 3.52381 0.33333333333333337 0.8666666666666667 1.0350866666666667 1.6666666666666667 1.87255
MGG_06416T0 216.33333333333337 105.66666666666669 194.33333333333337 467.3333333333333 195.66666666666663 290 256.6666666666667 308.3333333333333 321.6666666666667
MGG_01991T0 1072.6666666666667 226.33333333333331 900.6666666666666 2724.3333333333335 909.6666666666666 1183.6666666666667 1286.3333333333333 1376.3333333333333 1350.3333333333333
MGG_17184T0 9 13.666666666666666 27 53 13.666666666666666 16 18 19 35.666666666666664
MGG_16106T0 4.666666666666667 9 17 36.666666666666664 15.333333333333334 14.666666666666666 15 24.333333333333332 19
MGG_12377T0 1979.3333333333333 2961 3622.3333333333335 6649.666666666667 5113 4471.666666666667 7663.333333333333 8356 3434.6666666666665
MGG_05220T0 2021.3333333333333 2642.6666666666665 3230.3333333333335 4393.333333333333 3327.6666666666665 3425 4395.666666666667 4288 3253
MGG_05061T0 1369.3333333333333 2051.3333333333335 1871.3333333333333 4868 2639.3333333333335 3118.6666666666665 5290 3607 3557.6666666666665
MGG_12403T0 1461.6666666666667 1655.3333333333333 1739.6666666666667 3366.3333333333335 2501.05 2645.7633333333333 3685.6666666666665 3306.056666666667 3057.3333333333335
MGG_16147T0 128 152.66666666666666 170.33333333333334 496 260 329 393.6666666666667 313.3333333333333 224.66666666666663
MGG_02488T0 877.3333333333334 1127 1088.6666666666667 2419.6666666666665 1383.6666666666667 1960.6666666666667 1985.3333333333333 2144.3333333333335 1509.3333333333333
MGG_05047T0 526.6666666666666 1098 814 1799 614 1520 1726 1050.6666666666667 951.6666666666666
MGG_06285T0 962 1766.3333333333333 1570.6666666666667 3436 2764 3563.3333333333335 5058.666666666667 3502.6666666666665 2550.3333333333335
MGG_17095T0 4.666666666666667 11.666666666666666 9.666666666666666 21.333333333333332 11.333333333333334 19 26 15 16
MGG_10969T0 579.9406666666666 1534.02 1008.556 2211.308 1214.0543333333335 1880.7 3549.8766666666666 1458.7133333333334 1365.7486666666666
MGG_07517T0 24180.466666666667 6275.333333333333 10491.523333333333 29164.766666666663 20571.5 24066.533333333333 40492.1 36113.23333333333 20636.866666666665
MGG_01363T0 237.33333333333337 132.33333333333334 144.66666666666666 370.6666666666667 227.33333333333337 298 391.3333333333333 328.6666666666667 271.6666666666667
MGG_06860T0 4894.666666666667 1853.6666666666667 2845 6319 4066 3348 6955 6279 4958.333333333333
MGG_06635T0 71.33333333333333 30.333333333333332 54 95.66666666666669 60 49 91 89 74
MGG_02787T0 132 39.333333333333336 77.66666666666667 171 102.66666666666669 95.33333333333331 192 126 118.33333333333331
MGG_03320T0 3300.3333333333335 1222.6666666666667 2128.6666666666665 5174.333333333333 2971 2421.6666666666665 5726 4499.666666666667 2929.3333333333335
MGG_00650T0 815.6666666666666 372.3333333333333 585 1252.3333333333333 679 739 1565.6666666666667 1011 845
MGG_02456T0 291.326 226.67166666666668 77.1318 674.9343333333334 375.6143333333334 190.14733333333336 641.7116666666667 557.7230000000001 155.26566666666668
MGG_12612T0 164.66666666666666 60.333333333333336 35 340 154.66666666666666 41.333333333333336 407 228.33333333333337 63.666666666666664
MGG_05267T0 753.6666666666666 286.6666666666667 237.33333333333337 1339.6666666666667 653.3333333333334 474.3333333333333 1324.6666666666667 995.6666666666666 299
MGG_05813T0 907.5276666666666 488.60633333333334 595.0433333333333 2387.0733333333333 1224.4493333333337 681.7613333333334 3582.5366666666664 2260.46 678.0436666666667
MGG_01757T0 4296.666666666667 2991 2503.3333333333335 7618.666666666667 5252.666666666667 5008 8927 6692.333333333333 4393.666666666667
MGG_17346T0 120.33333333333331 113.66666666666669 94.66666666666669 395.3333333333333 210.33333333333337 183 444 432 168.66666666666666
MGG_00139T0 2893.1433333333334 2938 2983.4466666666667 5878.33 4275.793333333333 3138.8966666666665 6046.376666666667 5351.793333333333 3150.1133333333332
MGG_15126T0 48 36 27.333333333333332 135.66666666666666 82.66666666666667 59.333333333333336 151.66666666666666 127 47.666666666666664
MGG_16338T0 31.333333333333332 19.666666666666668 8 103.33333333333331 54 29 100.66666666666669 83.33333333333333 30.333333333333332
MGG_17402T0 44.333333333333336 60.666666666666664 49.666666666666664 104.33333333333331 57.666666666666664 37 107 103 43.333333333333336
MGG_06199T0 660.6666666666666 595.3333333333334 363.6666666666667 1655.3333333333333 1025 409.6666666666667 1897.3333333333333 1519 1045.6666666666667
MGG_08887T0 2652.6666666666665 3410.6666666666665 1870 5453 3661 2061.6666666666665 6663.666666666667 5781.666666666667 3062.3333333333335
MGG_06368T0 4027 1674.6666666666667 1934.3333333333333 7001 3574.3333333333335 2233.3333333333335 4955 5708.333333333333 3521
MGG_17574T0 79.33333333333333 39.666666666666664 28.666666666666668 244.66666666666663 129.33333333333334 102 196 188.33333333333337 115
MGG_06446T0 3273 2585.3333333333335 1539.3333333333333 5191 4175.333333333333 2515.3333333333335 5065.666666666667 4559 3672.3333333333335
MGG_16708T0 1.6666666666666663 3.6666666666666665 1.6666666666666667 17.666666666666668 3.3333333333333335 5.333333333333333 10.666666666666666 7.666666666666667 9.333333333333334
MGG_03569T0 5608.333333333333 6546 5415.333333333333 11084.666666666666 6007.666666666667 7567.666666666667 7389.666666666667 7153 8381.666666666666
MGG_09964T0 1 2.3333333333333335 2.3333333333333335 19.666666666666668 7 0.6666666666666667 12.666666666666666 8.666666666666666 9
MGG_15281T0 501.70666666666665 849.3586666666666 732.6153333333333 1268.8066666666666 766.2703333333334 768.202 1167.6466666666663 794.9856666666667 876.881
MGG_01157T0 1071.617 1503.1633333333334 1196.5166666666669 2684.27 1883.2133333333336 1666.6066666666666 2371.713333333333 1746.7766666666666 1786.3033333333333
MGG_01654T0 1413 1917.6666666666667 2030.3333333333333 3488 2425.6666666666665 2152.6666666666665 2858.6666666666665 2182 2333
MGG_05667T0 792 907.3333333333334 917 1774.3333333333333 1092 1154.3333333333333 1333.6666666666667 1054 1216.6666666666667
MGG_08162T0 4338.666666666667 5747.333333333333 3834 10674.333333333334 5495.666666666667 4034.3333333333335 9220.333333333334 4747 5777
MGG_07162T0 1092.3333333333333 1892 1181.3333333333333 3746.6666666666665 1547.6666666666667 1115.6666666666667 3148 1575.3333333333333 1628.3333333333333
MGG_00599T0 665.1553333333333 1075.1486666666667 403.0446666666666 1781.1533333333332 1016.943 495.7846666666667 1575.7666666666669 923.9543333333334 834.165
MGG_17740T0 11.450966666666668 31.0787 5.744486666666667 42.52276666666667 24.69316 10.981086666666666 43.68573333333333 24.761866666666663 21.658366666666662
MGG_06396T0 6144.316666666667 12847.266666666666 6743.806666666667 16342.266666666666 10797.566666666668 8075.32 16560.066666666666 9918.89 8814.256666666666
MGG_03214T0 1027.6666666666667 2287.3333333333335 1172.6666666666667 3857.3333333333335 1924.6666666666667 1450.6666666666667 3675.6666666666665 1455.6666666666667 1453.3333333333333
MGG_16127T0 15 37.666666666666664 9.333333333333334 54.333333333333336 28 20.666666666666668 34 23.666666666666668 18.333333333333332
MGG_03438T0 1162 1922 533.6666666666666 2455.3333333333335 1703.6666666666667 1102.3333333333333 2375.6666666666665 1113.3333333333333 883.6666666666666
MGG_06918T0 5974.333333333333 5539.666666666667 1707.6666666666667 10027 6429.333333333333 3607.6666666666665 11559.333333333334 5829 2294
MGG_09701T0 5302.666666666667 5182 2897.3333333333335 9975 6425.666666666667 2219 10018.666666666666 7680 4309.333333333333
MGG_08122T0 1622.6666666666667 2163.3333333333335 886 3655 2242 1456.3333333333333 3336.3333333333335 2360.6666666666665 1413
MGG_04676T0 1268.3333333333333 1804.6666666666667 771.6666666666666 2994.6666666666665 1803.6666666666667 1087.6666666666667 2788.6666666666665 1866 1206
MGG_13013T0 11507.333333333334 17581.666666666668 5256.333333333333 36149.666666666664 24168.666666666668 7602 32403.666666666668 21530.666666666668 5342
MGG_13014T0 15972 14592.333333333334 5249.333333333333 38035.333333333336 21910.333333333332 10393.666666666666 33182 21825.666666666668 6575.666666666667
MGG_13500T0 1128.6666666666667 1635.3333333333333 695.6666666666666 2482.3333333333335 1547.6666666666667 1449.3333333333333 2983 1695.3333333333333 1313.6666666666667
MGG_01995T0 5324 8199.333333333334 4632.666666666667 14738.333333333334 9860.333333333334 6443.666666666667 19015.333333333332 9723.333333333334 8872
MGG_06462T0 1406.6666666666667 2171.3333333333335 1462 3560 2585.3333333333335 1515.6666666666667 4118 2629.6666666666665 1870
MGG_08199T0 6055.666666666667 9807 3174.6666666666665 13014 4792.333333333333 4361.333333333333 18204.333333333332 7213.666666666667 5444
MGG_01712T0 6285.963333333333 8862.423333333334 4620.253333333333 14135.1 7688.293333333333 4837.203333333334 20509.666666666668 7277.736666666667 8348.836666666666
MGG_09477T0 8126.333333333333 12461.666666666666 4945 30597.333333333332 12510.666666666666 6823 37486 11085.666666666666 11746
MGG_16372T0 27.74546666666667 29.004966666666668 15.018463333333331 62.3581 29.345333333333333 23.346933333333332 74.3587 23.006566666666668 28.049166666666668
MGG_07247T0 132.33333333333334 133.66666666666666 126.66666666666669 284.3333333333333 139.66666666666666 150.33333333333334 306.3333333333333 181 194
MGG_09218T0 626.8103333333333 524.3046666666667 519.8206666666666 1267.7163333333333 596.558 479.53833333333336 1414.163 756.243 909.9923333333334
MGG_11426T0 1209.6666666666667 1310 1269 2659.6666666666665 1622.6666666666667 1433.6666666666667 2629.6666666666665 2018.3333333333333 1712.6666666666667
MGG_13891T0 1105.3333333333333 974 1123.6666666666667 2340.6666666666665 1239.6666666666667 1164.3333333333333 2211.6666666666665 1790.6666666666667 1709
MGG_17345T0 892.3333333333334 435 437 2026.6666666666667 681 649.3333333333334 2273.6666666666665 1029 545
MGG_16731T0 14.666666666666666 8 2.3333333333333335 34 10 6.666666666666667 42.666666666666664 18.666666666666668 7.666666666666667
MGG_00471T0 2691.793333333333 2078.943333333333 2174.723333333334 7642.476666666667 3468.5666666666666 2808.48 8696.436666666666 4354.54 3012.0499999999997
MGG_01392T0 9.333333333333334 2.6666666666666665 8 53.333333333333336 13.666666666666666 9.666666666666666 49.666666666666664 18 9.666666666666666
MGG_01850T0 804.6666666666666 830.3333333333334 383 1780 713 515.3333333333334 1923.3333333333333 1298 588.3333333333334
MGG_01209T0 3840 4603.333333333333 2774 9383.666666666666 5384.333333333333 3609.6666666666665 9361.333333333334 5630.666666666667 4410.666666666667
MGG_00839T0 746.6666666666666 861 741.6666666666666 1555 951.3333333333334 725 1664.3333333333333 1101.6666666666667 858.3333333333334
MGG_15845T0 18 17.666666666666668 8 49.333333333333336 30.333333333333332 16.333333333333332 57.333333333333336 33 16.666666666666668
MGG_04714T0 4271.333333333333 4604.333333333333 3467 11102.666666666666 6280.666666666667 4359.666666666667 11312 8241 4584.333333333333
MGG_06634T0 1432 1140 1158 3461.3333333333335 1983.3333333333333 1250.6666666666667 3657 2530 1586
MGG_00906T0 225.373 345.822 277.786 748.7656666666667 436.888 426.328 830.5776666666667 451.8693333333333 353.11333333333334
MGG_06050T0 750 1059 880 2033.3333333333333 1219 1077.6666666666667 1798 1217.3333333333333 971
MGG_09917T0 2639 3739 2788.6666666666665 6765 3947.6666666666665 3384 6564.666666666667 4835.666666666667 3753
MGG_07526T0 255.81033333333332 353.6666666666667 249.01966666666667 679.3333333333334 367.391 356.4066666666667 635.5856666666666 434.6666666666667 322.04333333333335
MGG_14559T0 46 35.333333333333336 17.666666666666668 127.66666666666669 64.33333333333333 56.666666666666664 142 55.333333333333336 47.333333333333336
MGG_10412T0 696 646 424 2479.6666666666665 1048.3333333333333 735.6666666666666 2396.3333333333335 1241 1066
MGG_06342T0 1379.3333333333333 1510.6666666666667 1249 3304.6666666666665 1751.3333333333333 1568.3333333333333 3065.6666666666665 1702.6666666666667 1665.3333333333333
MGG_03343T0 1121.3333333333333 1379.6433333333334 674 3300.3333333333335 1469.3333333333333 977.3333333333334 3167.3033333333333 1387.3333333333333 1558.6333333333334
MGG_05675T0 2274.3333333333335 3632 3751.3333333333335 5891.666666666667 4523.333333333333 3070 5665.333333333333 5445 3417.3333333333335
MGG_13532T0 1252.6666666666667 1969 1861.6666666666667 2596 2245 1798.3333333333333 3086.6666666666665 2583 2006
MGG_12972T0 528.8423333333334 930.8646666666666 715.3393333333333 1295.6366666666668 1231.2833333333333 992.511 1436.503333333333 1092.6926666666668 970.553
MGG_05273T0 719 839.6666666666666 782 1525.3333333333333 1358.6666666666667 972 1588.6666666666667 1255.3333333333333 996.3333333333334
MGG_05666T0 2297 3522.3333333333335 3366.6666666666665 5558.333333333333 4608 3134.3333333333335 5457 4620 4043.3333333333335
MGG_15536T0 1360.3333333333333 2096.3333333333335 1782.6666666666667 3176.44 2905.6666666666665 1970.6666666666667 3282.6666666666665 2974.6666666666665 2377.89
MGG_14133T0 1067.3333333333333 1984.3333333333333 2000 4858.666666666667 3112.3333333333335 2545.3333333333335 3631.3333333333335 3547.3333333333335 2823.3333333333335
MGG_06434T0 197 279.6666666666667 251.33333333333337 874.6666666666666 513.3333333333334 400 622 651.6666666666666 438.6666666666667
MGG_08843T0 3956.3333333333335 5927.333333333333 3951.6666666666665 9109 5681.666666666667 4756 7753.666666666667 6794.666666666667 5794.666666666667
MGG_03549T0 332.3333333333333 913 532.6666666666666 1357.6666666666667 1018.6666666666666 594.3333333333334 1043.6666666666667 1067.3333333333333 630.3333333333334
MGG_07338T1 958.0556666666666 2162.84 1342.22 3870.7333333333336 2534.286666666667 1974.9233333333336 3107.32 3044.6 1872.18
MGG_07063T0 1469.6666666666667 2370.6666666666665 2001.3333333333333 3502 2462.3333333333335 2155.6666666666665 3026 2842 2165.3333333333335
MGG_10312T0 611.6666666666666 1174 503.6666666666667 2324.3333333333335 1641.6666666666667 822.6666666666666 2475.3333333333335 1989.3333333333333 1080
MGG_01012T0 1523.4066666666668 3229.77 1755.61 4685.983333333333 3451.0533333333333 2397.34 4619.3 4071.1066666666666 2387.526666666666
MGG_05303T0 900 1260 976 2474.3333333333335 1698 1082 2258.58 2104.3333333333335 1475.5166666666669
MGG_00937T0 933 1550 1114 3415.3333333333335 2413 1663 2862.3333333333335 2957.6666666666665 1500
MGG_00811T0 229.18033333333332 390.9853333333333 381.18766666666664 715.949 542.77 365.229 746.401 450.31533333333334 625.481
MGG_03564T0 1487.5633333333333 2182.5066666666667 1186.1 3084.3333333333335 2157.57 1857.8533333333332 3323.4433333333336 2097.6666666666665 2471.5066666666667
MGG_17072T0 2850 6902.333333333333 2685.6666666666665 9500.333333333334 7773.666666666667 4778.333333333333 11339.666666666666 7509.333333333333 6478
MGG_04987T0 751.3333333333334 1326 887 1849 1613.6666666666667 1138.3333333333333 2332.3333333333335 1357.6666666666667 1575
MGG_17543T0 3 6 9.666666666666666 14.666666666666666 6 3.6666666666666665 11.333333333333334 10.666666666666666 10.666666666666666
MGG_16299T0 1044.0433333333333 1681.6666666666667 1574 2731 1494 1116 1612.3333333333333 1686.6666666666667 1423.38
MGG_09124T0 2080.3333333333335 2703 3338 5669.333333333333 3500.6666666666665 2553 4390.333333333333 3899.3333333333335 2538.3333333333335
MGG_05236T0 235.66666666666663 489.6666666666667 591.6666666666666 926 632.3333333333334 472.6666666666667 672.3333333333334 684.3333333333334 540.3333333333334
MGG_01615T0 1950.6666666666667 3574.6666666666665 3810.6666666666665 5867.333333333333 4181 2650 4347.666666666667 4242 3167.6666666666665
MGG_03059T0 2286.6666666666665 2752.6666666666665 4264.333333333333 5363 3056 2301.6666666666665 4819.666666666667 3775.6666666666665 2587.6666666666665
MGG_15227T0 264.6666666666667 171.33333333333334 320.6666666666667 523.3333333333334 300.6666666666667 180.33333333333337 592 328.3333333333333 209.66666666666663
MGG_00347T0 294.6666666666667 470.6666666666667 643 695.6666666666666 325.6666666666667 307.6666666666667 720.6666666666666 337.3333333333333 450
MGG_03218T0 3578 8921.666666666666 8373.666666666666 18023.333333333332 3610 5644.333333333333 21254.666666666668 2557 5429
MGG_08915T0 47.333333333333336 17.333333333333332 112.33333333333331 58 50.333333333333336 51.333333333333336 53.333333333333336 84.66666666666667 85.66666666666667
MGG_04605T0 739.6666666666666 293 972 455.3333333333333 571.3333333333334 651.6666666666666 530.3333333333334 819 887.6666666666666
MGG_07543T0 639.3333333333334 256.6666666666667 869.3333333333334 572.3333333333334 614 557.3333333333334 874.6666666666666 989.6666666666666 877.6666666666666
MGG_03113T0 8.666666666666666 2.6666666666666665 34.333333333333336 11 5 8.666666666666666 10 30.333333333333332 42.666666666666664
MGG_04009T0 218 91 454.6666666666667 248 116.33333333333331 273.3333333333333 499 673.6666666666666 845.6666666666666
MGG_17834T0 12 4 36.333333333333336 14 11 19.333333333333332 28 32 39.666666666666664
MGG_02887T0 211 70.33333333333333 399.6666666666667 211.33333333333337 219 300 348 436 519
MGG_05008T0 89.66666666666667 37.333333333333336 199 81.66666666666667 112.66666666666669 134.33333333333334 138.33333333333334 193.66666666666663 279.3333333333333
MGG_14560T0 6 3.666666666666667 8.666666666666666 13.333333333333334 5.666666666666667 10 10 17.333333333333332 14.666666666666666
MGG_06827T0 542.3333333333334 500 848 966.6666666666666 888.6666666666666 697.3333333333334 781.6666666666666 1256 1131.6666666666667
MGG_15494T0 32.75736666666667 27.517333333333333 43.107 80.25863333333334 62.12263333333333 65.4614 51.957633333333334 178.38633333333334 126.21693333333332
MGG_16558T0 1.4625866666666667 0.41875666666666667 4.16636 7.17678 4.405026666666666 4.50993 3.54106 16.9226 11.31378
MGG_06383T0 300 307.6666666666667 464.3333333333333 453 538 563 257.3333333333333 834.6666666666666 858.6666666666666
MGG_15050T0 93.33333333333331 79.33333333333333 146.66666666666666 84.33333333333333 145.33333333333334 140.66666666666666 137.66666666666666 330.3333333333333 329
MGG_15575T0 1 0 1.3333333333333333 0.33333333333333337 0.33333333333333337 1.3333333333333337 0.6666666666666666 3.6666666666666665 3
MGG_02631T0 5 53.666666666666664 89.33333333333333 18.333333333333332 70.66666666666667 40.666666666666664 26 114.33333333333331 104.33333333333331
MGG_06031T0 25.666666666666668 57 82.66666666666667 38.333333333333336 66.33333333333333 58.333333333333336 65.66666666666667 101.66666666666669 80.33333333333333
MGG_00734T0 4 8.666666666666666 41.666666666666664 4 24.666666666666664 2.3333333333333335 20.666666666666668 44.666666666666664 63
MGG_18015T0 0 1 5.666666666666667 0.6666666666666667 8.333333333333334 4.666666666666667 4.333333333333333 8.666666666666666 14
MGG_12918T0 1238.3533333333332 3068.22 5677.793333333333 1872.3133333333333 4722.413333333334 4166.446666666667 2933.443333333333 4926.326666666667 6855.816666666667
MGG_05892T0 272.7991333333333 467.24466666666666 698.603 398.54 674.3353333333333 633.7253333333333 610.7776666666666 825.2383333333333 874.8776666666666
MGG_04338T0 822.2833333333333 1406.3033333333333 2127.276666666666 1491.5983333333334 1531.13 1788 2385.9066666666668 2399.6666666666665 2433.45
MGG_08533T0 173 241.33333333333337 454.6666666666667 285.6666666666667 461.3333333333333 343.6666666666667 372.6666666666667 701.6666666666666 581
MGG_01041T0 1555.6133333333332 1769.3333333333333 7395.643333333333 3824.1966666666663 6978.233333333334 6740.566666666667 7492.31 12724.3 9617.393333333332
MGG_10534T0 51 129 262.6666666666667 110.33333333333331 241.66666666666663 253.66666666666663 302.6666666666667 485.3333333333333 429
MGG_17835T0 45 28.666666666666668 65 37 55.333333333333336 85.33333333333333 71.66666666666667 94.66666666666669 110.66666666666669
MGG_02807T0 45.333333333333336 35.138733333333334 82.8619 62 68 95.66666666666669 72.45516666666667 116 101.81633333333332
MGG_06710T0 254.33333333333337 222 447.6666666666667 343.6666666666667 400 499.6666666666667 463.6666666666667 594.6666666666666 609.6666666666666
MGG_08828T0 85.66666666666667 74.66666666666667 161 129.33333333333334 155.33333333333334 174 171.33333333333334 254.33333333333337 236.66666666666663
MGG_12321T0 348.3333333333333 202 767.6666666666666 500.6666666666667 461.6666666666667 651.3333333333334 470.3333333333333 725.6666666666666 681.3333333333334
MGG_17035T2 259.858 165.4212 689.7583333333333 230.83133333333333 321.078 601.66 401.897 696.0256666666667 606.989
MGG_08208T0 1106.3333333333333 1196 2609.4766666666665 2433.55 2012.006666666667 2528.46 1930.4033333333336 3211 2921.2
MGG_06836T0 139.33333333333334 207.66666666666663 881.6666666666666 416.3333333333333 583.3333333333334 712.6666666666666 322 1156.3333333333333 1110.3333333333333
MGG_14979T0 0 0 1.6666666666666663 0 0 0.33333333333333337 0.6666666666666666 2.6666666666666665 0
MGG_07667T0 2711.6666666666665 1312.3333333333333 4413.666666666667 2267.3333333333335 2990.3333333333335 2482 2788.3333333333335 4329 2945.6666666666665
MGG_17145T0 15.333333333333332 3.6666666666666665 22.666666666666668 3 17.666666666666668 12.666666666666666 14.333333333333334 23.666666666666668 9.666666666666666
MGG_10527T0 13.333333333333332 26 143.33333333333334 10.333333333333334 73 75.66666666666667 18.333333333333332 167.66666666666666 53.333333333333336
MGG_06198T0 274.3333333333333 873.6666666666666 2854.3333333333335 78.66666666666667 2006 1549 148.66666666666666 2536 1701
MGG_14676T0 984.6666666666666 1989.3333333333333 6622.333333333333 1031 4936 3862.3333333333335 747 5881.333333333333 1767.3333333333333
MGG_00199T0 417 3262.6666666666665 15420.866666666669 764.9676666666667 6703.6466666666665 5660.876666666667 525.3333333333334 9685.99 4234.433333333333
MGG_02186T0 683.3333333333334 474 1394.6666666666667 277.6666666666667 1150.6666666666667 969.6666666666666 855 1724.6666666666667 1242.6666666666667
MGG_03126T0 302.6666666666667 180 613.3333333333334 163.33333333333334 516.3333333333334 507.6666666666667 335.6666666666667 1147.3333333333333 857.3333333333334
MGG_13813T0 296.45933333333335 217.471 379.844 85.41583333333332 444.414 329.58133333333336 288.4762666666667 701.9680000000001 529.7503333333333
MGG_04014T0 512.6666666666666 320.6666666666667 887 240.66666666666663 640.6666666666666 724.6666666666666 432.033 982.7376666666668 1049
MGG_02508T0 277 184.33333333333337 372 201.33333333333337 368.6666666666667 287 156 479.6666666666667 439.6666666666667
MGG_16311T0 263.77 253.509 813.4343333333334 177.15066666666667 503.0973333333333 527.4123333333333 266.3086666666667 742.905 688.696
MGG_05627T0 71.33333333333333 106 488.3333333333333 74 232.33333333333337 271.6666666666667 54.666666666666664 308.3333333333333 367.6666666666667
MGG_00542T0 24 20.333333333333332 61.666666666666664 16.666666666666668 46 54.666666666666664 13.333333333333334 74.66666666666667 55.333333333333336
MGG_16426T0 24 35 105.66666666666669 47.666666666666664 96 76.66666666666667 15 160.66666666666666 102
MGG_17078T0 594.3333333333334 537.3333333333334 2554.3333333333335 702.6666666666666 1968.6666666666667 1507.6666666666667 524.3333333333334 3003 2010.6666666666667
MGG_10532T0 2.6666666666666665 57 363.6666666666667 3 192.66666666666663 173.66666666666666 9 506.6666666666667 322.6666666666667
MGG_04982T0 2102 1485 4320.333333333333 2181.3333333333335 2872.6666666666665 2558 1883 4152.666666666667 3501
MGG_13996T0 69.33333333333333 75 307.6666666666667 33.333333333333336 142.66666666666666 109 104.66666666666669 364.6666666666667 283.6666666666667
MGG_05302T0 139.73000000000002 88.74936666666667 223.98333333333332 195.599 209.67033333333333 205.39666666666668 118.2901 319.61833333333334 158.77833333333334
MGG_17035T0 72.54323333333333 38.5038 140.40546666666668 63.25783333333333 108.26733333333333 166.18036666666666 147.9732 188.52 114.03533333333334
MGG_15444T0 2.3333333333333335 0.6666666666666667 7.666666666666667 1.6666666666666667 2 7 2.6666666666666665 10.666666666666666 5
MGG_10282T0 0 3 28.333333333333332 0 14.333333333333334 32 0 57.66666666666667 17
MGG_04910T0 958.6666666666666 641 1673.3333333333333 467 1306.6666666666667 1838 597.3333333333334 1905.6666666666667 813.6666666666666
MGG_16251T0 5851.193333333334 7239.116666666667 10766.743333333334 2939.63 12370.07 19134.4 8563.836666666666 21524.266666666663 9832.07
MGG_13783T0 704.3333333333334 1792.3333333333333 3105 2356 3347.6666666666665 888.6666666666666 1687.6666666666667 5220.333333333333 1742.3333333333333
MGG_11716T0 287 513.3333333333334 650.6666666666666 730.6666666666666 637.3333333333334 366.3333333333333 587.6666666666666 974 451.3333333333333
MGG_03862T0 1984.3333333333333 3075 3645 4531 4645 2462.3333333333335 3781.3333333333335 5582 2904.3333333333335
MGG_09255T0 990.6666666666666 1266.6666666666667 3342 2223.3333333333335 2419 1619.6666666666667 2496.6666666666665 3011 1335.6666666666667
MGG_12590T0 412.3333333333333 770.6666666666666 980 1000.3333333333334 992.6666666666666 884 975.6666666666666 1178.6666666666667 882.3333333333334
MGG_04570T0 40.666666666666664 93.33333333333331 177.66666666666666 115.33333333333331 128 136 132.33333333333334 195 124.66666666666669
MGG_01435T0 19 42.666666666666664 62.666666666666664 49 52 44 58 83 52.666666666666664
MGG_17537T0 2.8389933333333337 12.78986 18.745266666666662 18.654233333333337 29.951966666666667 25.707566666666665 5.870206666666667 29.214033333333333 14.48275
MGG_05862T0 43.333333333333336 40 153.33333333333334 105 214 123 36.333333333333336 159.33333333333334 103
MGG_06768T0 1642.6666666666667 2879 5485.333333333333 3497.3333333333335 4972 3808.3333333333335 3528 5292 3375.3333333333335
MGG_07276T0 701.3333333333334 1083 2139 1540.6666666666667 1708 1610 1158.6666666666667 2033.3333333333333 1401.3333333333333
MGG_05069T0 26 71.33333333333333 133.66666666666666 80.33333333333333 121.33333333333331 94 49.333333333333336 120.33333333333331 117
MGG_17793T0 184 450 743.6666666666666 540.3333333333334 772.3333333333334 710.6666666666666 329.6666666666667 647.3333333333334 564.6666666666666
MGG_07274T0 1002.6666666666666 1642 2758.6666666666665 2405 2632 2218.6666666666665 1638 2352.3333333333335 2319
MGG_07320T0 25.333333333333332 45.666666666666664 52.333333333333336 91.66666666666669 84.66666666666667 93.66666666666669 41.333333333333336 90.33333333333331 47
MGG_16146T0 95.66666666666669 175.33333333333334 252 276 245.33333333333337 280.3333333333333 225.66666666666663 277.6666666666667 214
MGG_10142T0 475.6666666666667 1287.35 2002 2099 1885 1730.8 1272.3333333333333 1995.3333333333333 1183
MGG_04678T0 419.6666666666667 903 1001.3333333333334 1102.6666666666667 1091 978.6666666666666 798.3333333333334 1197.6666666666667 797.6666666666666
MGG_17989T0 934.3333333333334 2174.3333333333335 2080.3333333333335 2266.6666666666665 2290 2644.3333333333335 1685.3333333333333 2480.3333333333335 2311.6666666666665
MGG_03170T0 354.6666666666667 579.3333333333334 880.6666666666666 900.3333333333334 707 855.6666666666666 485 908.6666666666666 926.3333333333334
MGG_09956T0 953.6666666666666 2157 2329.3333333333335 2090.6666666666665 2044.6666666666667 2713.6666666666665 2485.3333333333335 2181.3333333333335 1102.6666666666667
MGG_11783T0 3328 13892 11977.666666666666 7728 7473.666666666667 7527.666666666667 12167.666666666666 10513 6776.666666666667
MGG_05206T0 2321.016666666667 5406.466666666667 6071.533333333334 4915.1866666666665 4756.423333333333 3474.0633333333335 4024.5533333333337 4826.456666666667 2435.746666666667
MGG_16748T0 1.3333333333333337 7.333333333333333 7 7.666666666666667 2.6666666666666665 5 3.3333333333333335 0.6666666666666666 5
MGG_02882T0 402.6666666666667 730.6666666666666 1101.3333333333333 941.6666666666666 626.3333333333334 722 784 505 761
MGG_17723T0 0.6666666666666666 8.666666666666666 12.666666666666666 11 7.333333333333333 7.333333333333334 6 4.333333333333333 7
MGG_00205T0 100.33333333333331 410.3333333333333 541 443.6666666666667 219.33333333333337 338.6666666666667 286.3333333333333 243.33333333333337 350.6666666666667
MGG_02598T0 560 824.6666666666666 1195.6666666666667 1294 857.3333333333334 680.3333333333334 1024.6666666666667 686 1241.3333333333333
MGG_06141T0 718.3333333333334 1560.6666666666667 1855 1647 1621 1235.6666666666667 1572.6666666666667 1413.3333333333333 1645.6666666666667
MGG_07213T0 249.5343333333333 709.768 993.3213333333332 733.4383333333333 855.7493333333333 718.056 818.9666666666667 560.4346666666667 817.9506666666666
MGG_03230T0 173.66666666666666 273.6666666666667 1202 524.6666666666666 570 568.6666666666666 572.6666666666666 563.3333333333334 554
MGG_08757T0 1974 1324.6666666666667 5735.333333333333 3775.6666666666665 3144.3333333333335 3141.3333333333335 3612 3703 4024
MGG_10745T0 471.3333333333333 3016.6666666666665 8143.333333333333 1959.6666666666667 195 1222 1579.3333333333333 242.66666666666663 2897
MGG_00134T0 168.33333333333334 5770.333333333333 15552 480 3303 2329 454.6666666666667 1787 6741
MGG_11454T0 1566.6666666666667 10562 25479 2707.6666666666665 9890.666666666666 8895 3868.6666666666665 8835 5246.666666666667
MGG_13793T0 235 322 2886.3333333333335 152.66666666666666 833.6666666666666 725.3333333333334 184.33333333333337 949 506.6666666666667
MGG_17810T0 73.33333333333333 188.33333333333337 4966 155 69 2280.3333333333335 222.33333333333337 91.66666666666669 510.6666666666667
MGG_00722T0 905.3333333333334 201.66666666666663 4982.666666666667 1360.3333333333333 451.6666666666667 2828.6666666666665 1567.6666666666667 729 1896
MGG_02880T0 2208.3333333333335 2574.3333333333335 13557.666666666666 3390.6666666666665 3240.6666666666665 4693.333333333333 6113.333333333333 4513.333333333333 4441.333333333333
MGG_00470T0 13.333333333333334 3.3333333333333335 139.33333333333334 10.666666666666666 22.666666666666668 65.66666666666667 46.666666666666664 40.333333333333336 42.666666666666664
MGG_07661T0 625.8123333333333 277.21 2902.943333333333 472.15166666666664 558.324 1314.486666666667 627.8193333333334 1009.1983333333332 1105.263333333333
MGG_06852T0 155 78.33333333333333 6102.666666666667 110.33333333333331 331.6666666666667 1792.3333333333333 130.66666666666666 1386 958
MGG_09061T0 14 16.333333333333332 839 8.666666666666666 64.33333333333333 266.3333333333333 12.333333333333334 207.66666666666663 222.33333333333337
MGG_10126T0 4259.856666666667 1433.6133333333337 12620.533333333333 2922.25 2902.7466666666664 4856.913333333334 3549.8733333333334 4607.6 4366.426666666666
MGG_17392T0 28.666666666666668 10.666666666666666 81.66666666666667 31 26 38.333333333333336 26.333333333333332 41.666666666666664 38.333333333333336
MGG_00513T0 303.3333333333333 204 38649 434.3333333333333 2544.3333333333335 7552.333333333333 736.6666666666666 8114.666666666667 16697.666666666668
MGG_12476T0 38.666666666666664 39.333333333333336 2330.6666666666665 48.666666666666664 98.66666666666669 345 48 163.66666666666666 1019.6666666666666
MGG_13188T0 1061 276.3333333333333 18088.666666666668 514.6666666666666 751.6666666666666 5786.666666666667 976 1310 3200
MGG_06443T0 226.66666666666663 78.33333333333333 2423.6666666666665 157.33333333333334 140.66666666666666 944 118.66666666666669 236.66666666666663 734
MGG_07784T0 48.766533333333335 25.405166666666663 4642.54 101.94566666666668 16.333333333333332 1477.691 266.1963333333333 27.1397 1587.7033333333334
MGG_00320T0 328 260.3333333333333 16547 586.3333333333334 520 4527 539.6666666666666 737.6666666666666 4808.333333333333
MGG_01421T0 222.66666666666663 551.3333333333334 3147.3333333333335 719 642.3333333333334 997.3333333333334 597.3333333333334 695.3333333333334 1219.6666666666667
MGG_03382T0 0.33333333333333337 12 626 4.333333333333333 17.666666666666668 99 2.3333333333333335 8.333333333333334 110.33333333333331
MGG_02778T0 2.3333333333333335 19 453020.3333333333 15.666666666666666 9.333333333333334 70639 5 6.666666666666667 106711.33333333331
MGG_00844T0 41.3463 171.71733333333333 2178.786666666667 48.666666666666664 134.387 450.63466666666665 127.43953333333334 121 609.5046666666667
MGG_16623T0 1.3333333333333337 0.33333333333333337 335 0 21.333333333333336 39 3.3333333333333335 58.333333333333336 81
MGG_02117T0 716 2464.6666666666665 28946.333333333332 1910 2686.6666666666665 4314.333333333333 1626.3333333333333 3562.3333333333335 9546.333333333334
MGG_03115T0 23.666666666666668 6.333333333333333 583 18.666666666666668 32.333333333333336 72.66666666666667 13.666666666666666 64 160.33333333333334
MGG_17535T0 247.0716666666667 379.0106666666667 2836.0466666666666 576.1653333333334 300.25666666666666 658.9493333333334 656.986 303.6186666666667 882.6473333333333
MGG_01951T0 0.33333333333333337 0 67 3.6666666666666665 0.6666666666666666 13 1.3333333333333333 0 24.333333333333332
MGG_05924T0 436 605.6666666666666 5670 1017.3333333333334 146.66666666666666 1504.6666666666667 623.6666666666666 234.66666666666663 2049.6666666666665
MGG_00555T0 782 1640.3333333333333 13403 1837 2491.6666666666665 3806.3333333333335 1911 2424.3333333333335 1362
MGG_10269T0 1114 2161.3333333333335 8703.666666666666 2607 2655.3333333333335 3905 2460.6666666666665 2759.6666666666665 1980.3333333333333
MGG_10058T0 875 690.6666666666666 6370 1441 1697 2335.6666666666665 2077.3333333333335 1680.3333333333333 1076
MGG_06247T0 950 1631.3333333333333 9054.333333333334 1786 2374.3333333333335 2508.6666666666665 2577.3333333333335 2565.3333333333335 1670.3333333333333
MGG_03519T0 118.66666666666669 59.333333333333336 2875.6666666666665 423.3333333333333 43.666666666666664 590.6666666666666 433 58.333333333333336 144
MGG_06991T0 2982.753333333333 419.1586666666667 20827.133333333335 1972.59 714.6966666666667 5094.653333333334 5605.41 1318.6633333333334 3077.96
MGG_00512T0 0 0 48.666666666666664 2.6666666666666665 0.6666666666666667 12.333333333333334 0.33333333333333337 0 2
MGG_00245T0 24 407.6666666666667 14319 47.333333333333336 79 3216.6666666666665 234.33333333333337 43.333333333333336 706.6666666666666
MGG_14793T0 20.333333333333332 3.3333333333333335 740.6666666666666 18.333333333333332 14.333333333333334 161.33333333333334 15.333333333333334 21.666666666666668 17.666666666666668
MGG_16190T0 7.666666666666667 26 1812.3333333333333 13 56.666666666666664 254.33333333333337 11.666666666666666 169 51.333333333333336
MGG_08916T0 71.33333333333333 69.66666666666667 2134.3333333333335 89.33333333333333 150 467.3333333333333 63.333333333333336 288.6666666666667 271
MGG_17891T0 8.333333333333334 29.333333333333332 458.3333333333333 31 16 73 35 19.666666666666668 33.333333333333336
MGG_03009T0 49.666666666666664 151.33333333333334 1665 213.33333333333337 120.66666666666669 230.33333333333337 179 127.33333333333331 221.33333333333337
MGG_17627T0 2 55.333333333333336 2384.3333333333335 2.666666666666667 99 162 23 60.666666666666664 381
MGG_02884T0 42.666666666666664 4.666666666666667 51093 22 16.333333333333332 2876.3333333333335 66.33333333333333 38 4938.666666666667
MGG_01190T0 110 93 3726.3333333333335 129 336 204.66666666666663 91.66666666666669 423.3333333333333 196.66666666666663
MGG_07414T0 1 0.33333333333333337 3403.3333333333335 1 93.33333333333334 245 8.666666666666666 220.66666666666663 207
MGG_09307T0 24.666666666666668 20.333333333333332 455.3333333333333 23.666666666666668 38 113 73 87 100.33333333333331
MGG_04665T0 399.3333333333333 156.33333333333334 3133.3333333333335 421.3333333333333 375.3333333333333 766 419.3333333333333 560.3333333333334 792.7766666666666
MGG_03004T0 20.333333333333332 7.333333333333333 328.3333333333333 43.666666666666664 28.666666666666668 56.666666666666664 25.666666666666668 43.333333333333336 61.666666666666664
MGG_17387T0 2.333333333333333 8 23 9.333333333333334 6.666666666666667 12.666666666666666 7.666666666666667 7 5.333333333333333
MGG_05818T0 31 45 254.33333333333337 99.33333333333331 61.333333333333336 67 40.666666666666664 65.33333333333333 40
MGG_07367T0 83 46.333333333333336 1025 463.3333333333333 19.333333333333332 221 158 44.333333333333336 278.3333333333333
MGG_04433T0 1153.3333333333333 1317.3333333333333 9931.666666666666 3972.6666666666665 1528 3382 3155.6666666666665 1523.6666666666667 2286.3333333333335
MGG_02715T0 194.33333333333337 153.66666666666666 1214.3333333333333 579.6666666666666 125 483 310.6666666666667 81 164.66666666666666
MGG_01394T0 366.3333333333333 145.33333333333334 1091.3333333333333 314.6666666666667 334.3333333333333 272 596 613 260
MGG_13817T0 4090.81 1401.1966666666667 6722.006666666667 2765.536666666667 2734.1466666666665 2387.1633333333334 3729.79 3652.31 2579.076666666667
MGG_06189T0 38009.6 11387.133333333331 72920.20000000001 25100.666666666664 27352.4 30971.933333333334 30293.13333333333 36245.63333333333 18568.966666666667
MGG_06046T0 751.3333333333334 278.70033333333333 1323.6666666666667 555.9010000000001 538 609.3333333333334 531.4093333333333 820.4046666666667 478
MGG_06971T0 5503 4889.666666666667 15722.666666666666 12408.666666666666 8536 5143 6444 11633 4730.333333333333
MGG_03863T0 777.6666666666666 367 1411.6666666666667 904.6666666666666 753.3333333333334 658.6666666666666 537.6666666666666 1077.3333333333333 541.6666666666666
MGG_16263T0 7 2.3333333333333335 26 14.666666666666666 13.666666666666666 12.333333333333334 9.333333333333334 16.333333333333332 9.333333333333334
MGG_09481T0 6190.666666666667 1082.3333333333333 11388.666666666666 5963.666666666667 2109.3333333333335 5247 5594 3089 5254
MGG_10059T0 2957.6666666666665 281.6666666666667 3927.3333333333335 1687 539.3333333333334 1641 2444.6666666666665 782.6666666666666 1416.3333333333333
MGG_07632T0 37.91266666666667 0.3352233333333333 93.73483333333331 12.786763333333331 3.3387133333333336 6.75528 49.0788 6.040496666666667 32.41746666666667
MGG_08597T0 4632 534 7690.666666666667 1991.3333333333333 1522.3333333333333 2848 3647.3333333333335 2379.6666666666665 4044.3333333333335
MGG_16966T0 232.66666666666663 22 339 98 46.333333333333336 172.66666666666666 215.33333333333337 99.66666666666669 246.66666666666663
MGG_09562T0 6171 4198.333333333333 13261.333333333334 9759.666666666666 7653.333333333333 7894.666666666667 14930 6062.196666666667 4797.333333333333
MGG_13935T0 1592 2036.6666666666667 6919.666666666667 2561 1589 2160 4033.6666666666665 1795 1354.6666666666667
MGG_11039T0 1274.3333333333333 894.6666666666666 7941.666666666667 4635 1251.6666666666667 2885.3333333333335 4181 1686.3333333333333 1689
MGG_01029T0 966.6666666666666 782.3333333333334 8211 4245 671 1198.3333333333333 4726.666666666667 888.3333333333334 986.6666666666666
MGG_00431T0 1897.3333333333333 1027.3333333333333 7686.333333333333 2552 545.6666666666666 4640.666666666667 6961 706 3714
MGG_05025T0 703 271.3333333333333 4202.333333333333 1481 396.3333333333333 1753.6666666666667 2906 579 1440.6666666666667
MGG_11633T0 604.6666666666666 162.66666666666666 2737 853 203.66666666666663 568 2415.3333333333335 304 841.3333333333334
MGG_11632T0 6.333333333333333 0.33333333333333337 40.333333333333336 7.666666666666667 3.3333333333333335 12.666666666666666 34.666666666666664 0.33333333333333337 11
MGG_07322T0 12 20 66.33333333333333 29.666666666666668 32.666666666666664 39.666666666666664 51 22.666666666666668 54
MGG_13647T0 648 432.3333333333333 3706.6666666666665 936.6666666666666 275.3333333333333 1484 1992 267.6666666666667 1836
MGG_03995T0 110.33333333333331 43.333333333333336 626.3333333333334 209 109 155 383.6666666666667 162 401
MGG_04037T0 1304 1670.6666666666667 3886.3333333333335 3213 2541 2019.6666666666667 2830.3333333333335 2865 1973.3333333333333
MGG_16904T0 2635.3333333333335 2938.6666666666665 5934 5815 4233 3411 5762.666666666667 4984 3584.6666666666665
MGG_14748T0 486 536.3333333333334 1599 1724 838.6666666666666 880.6666666666666 1220.6666666666667 883 699
MGG_16277T0 731.3333333333334 1046.6666666666667 2459 2136 1261.3333333333333 1349 1726 1537 1616
MGG_00768T0 272.6666666666667 276.6666666666667 620.6666666666666 497 386.6666666666667 331.3333333333333 888 667.6666666666666 424.3333333333333
MGG_15718T0 957 432.3333333333333 1862.6666666666667 1582.3333333333333 940.3333333333334 1477.6666666666667 1690 1532.3333333333333 1184
MGG_02962T1 4790.5599999999995 2244.0466666666666 7220.943333333334 4846.816666666667 4176.22 4587.4766666666665 7718.726666666667 6104.006666666666 4506.816666666667
MGG_09473T0 90.66666666666669 142 60.333333333333336 140 64.66666666666667 94.66666666666669 42.333333333333336 18.333333333333332 178.33333333333334
MGG_13517T0 26.333333333333332 143 32.333333333333336 99 42.333333333333336 43.333333333333336 54.333333333333336 37.333333333333336 156.33333333333334
MGG_01051T0 171 409.6666666666667 232 367 331.3333333333333 227 316.3333333333333 286.3333333333333 597.3333333333334
MGG_01518T0 1123.6666666666667 5566.65 5024.566666666667 2448.6266666666666 2197.6133333333332 2565.473333333334 1075.3333333333333 1470 4437.086666666667
MGG_01657T0 1237.3333333333333 3872 1046.6666666666667 1222.6666666666667 734 2226.3333333333335 1195 777 1919.3333333333333
MGG_01768T0 2236.3333333333335 12365.333333333334 2817.3333333333335 3700.3333333333335 1561 4358.333333333333 5743.333333333333 1657.6666666666667 6371.333333333333
MGG_17067T0 0 38.333333333333336 17.333333333333332 4 5.333333333333333 17.333333333333332 1.6666666666666667 3.6666666666666665 20.666666666666668
MGG_06169T0 292.56066666666663 3535.6033333333335 611.062 739.5296666666667 283.01866666666666 587.0840000000001 331.11233333333337 222.93066666666667 2909.473333333334
MGG_06165T0 265.3333333333333 1101 249.66666666666663 304.6666666666667 122 218 278.3333333333333 113 814.3333333333334
MGG_13624T0 397 11427.333333333334 4192.333333333333 1573.3333333333333 920 4519.666666666667 2111 1027 8353.666666666666
MGG_10051T0 103.66666666666669 21837.333333333332 3669.3333333333335 72.33333333333333 1474.6666666666667 6851.666666666667 429.6666666666667 1064.3333333333333 15662.333333333334
MGG_03436T0 6.105676666666667 86020.23333333334 14252.713333333331 9.79108 7060.74 20569.333333333332 4.166306666666666 3450.9563333333335 64448.06666666667
MGG_14113T0 3.6666666666666665 11904 746.6666666666666 5.333333333333333 445.3333333333333 3071.3333333333335 0.33333333333333337 417.66666666666663 7151.333333333333
MGG_16132T0 0 599.3333333333334 52.333333333333336 0.6666666666666667 23.666666666666668 84.33333333333333 0.33333333333333337 17.666666666666664 310.6666666666667
MGG_17623T0 10.666666666666666 70.33333333333333 48.333333333333336 37.333333333333336 34.666666666666664 57.333333333333336 63 55 113.66666666666669
MGG_02856T0 307.18766666666664 945.3333333333334 653.9183333333333 798.803 790.4403333333333 1208.7666666666669 550.9993333333333 618.6666666666666 1337.6033333333337
MGG_01273T0 54.333333333333336 1421.3333333333333 906.6666666666666 279.6666666666667 557.6666666666666 903 134.66666666666666 223 1864.3333333333333
MGG_04992T0 2.3333333333333335 49 32.666666666666664 16 28 19.666666666666668 17 14 70.66666666666667
MGG_08429T0 24.666666666666668 912.3333333333334 427 58.666666666666664 420.3333333333333 763.3333333333334 37.333333333333336 453.6666666666667 1419.6666666666667
MGG_08697T0 51.666666666666664 310 328.3333333333333 145 132 417 72.33333333333333 90 684
MGG_09435T0 22.5807 259.98133333333334 132.74873333333332 101.63593333333333 56.938633333333335 213.41483333333332 75.04823333333333 53.826966666666664 456.567
MGG_07559T0 22 158.33333333333334 106 32 23 167.66666666666666 65 49.666666666666664 329
MGG_09751T0 42.333333333333336 191.33333333333337 136 19.333333333333332 28.333333333333332 165.33333333333334 33 44 330.3333333333333
MGG_13529T0 1.6666666666666667 169.66666666666666 115.33333333333331 1 22 210.33333333333337 1.3333333333333333 8 396
MGG_08287T1 161.90846666666667 1176.45 472.64733333333334 159.71733333333333 60.80553333333333 801.7766666666666 216.95866666666663 130.82846666666666 1319.8676666666663
MGG_08528T0 0 1.3333333333333337 0 0 0.33333333333333337 1.6666666666666667 0 0 2.3333333333333335
MGG_00380T0 0 4 1 0.33333333333333337 0 4.333333333333333 0.33333333333333337 0 5.666666666666667
MGG_10410T0 138 3618.6666666666665 2869.6266666666666 651 182.33333333333337 3887.3333333333335 1487.3333333333333 262.3396666666667 4024.6666666666665
MGG_04244T0 637 2046.3333333333333 1445.3333333333333 998.6666666666666 771.3333333333334 3048.6666666666665 2174.3333333333335 410.6666666666667 3940.3333333333335
MGG_17419T0 2 5 0.33333333333333337 0 3.3333333333333335 3 2.6666666666666665 2.3333333333333335 7.333333333333333
MGG_18141T0 1.3333333333333333 2.3333333333333335 0 0 1.3333333333333333 1 1 1 3.3333333333333335
MGG_16782T0 0.33333333333333337 1.3333333333333337 0 0 0.33333333333333337 0 0 1 2.6666666666666665
MGG_16473T0 1.6666666666666667 2 0 0.33333333333333337 0.6666666666666667 0.33333333333333337 0.33333333333333337 0.33333333333333337 4.333333333333333
EFMOT00000000344 1.3333333333333337 4.666666666666667 0.111111 0.5555556666666667 1.6666666666666667 5.168833333333334 0.6666666666666667 2.7333333333333334 6.040406666666667
MGG_05961T0 654 1314.6666666666667 399 356.3333333333333 479.3333333333333 995 617.3333333333334 641 1281
MGG_16918T0 1.4653666666666667 7.132373333333334 0.39327333333333336 2.6666666666666665 4.921443333333333 5.180986666666667 2.163483333333333 2.4005533333333333 5.859406666666667
MGG_05116T0 425.6666666666667 726.3333333333334 311.3333333333333 201.33333333333337 661.6666666666666 585.6666666666666 290.6666666666667 452.6666666666667 750
MGG_01843T0 710 344.6666666666667 291.6666666666667 234.33333333333337 526.6666666666666 341.6666666666667 360 398.6666666666667 766.6666666666666
MGG_16664T0 1.6666666666666663 0 0 0 1 0 0 0 2.3333333333333335
MGG_17112T0 3.666666666666667 0.33333333333333337 0 0.33333333333333337 2 0.6666666666666667 1 0 4
MGG_03426T0 10 8.666666666666666 1.6666666666666663 4.333333333333333 7 12.666666666666666 9.333333333333334 4.666666666666667 18
MGG_14741T0 1.3333333333333333 1 0 1.3333333333333337 1 2 2.6666666666666665 0 4.333333333333333
MGG_15641T0 0.33333333333333337 0.6666666666666666 0.33333333333333337 1 2 3.333333333333333 3.6666666666666665 0.33333333333333337 5
MGG_03338T0 11.333333333333334 1.3333333333333333 14 11 9.333333333333334 19 15 19.666666666666668 43.666666666666664
MGG_02091T0 61.333333333333336 35.333333333333336 52.333333333333336 57 64 83.33333333333333 65 93 153
MGG_03027T0 346.6666666666667 230.33333333333337 293.6666666666667 342 376.3333333333333 489 397.3333333333333 412.6666666666667 893.3333333333334
MGG_03939T0 375.75086666666664 136.109 221.81966666666665 291.69966666666664 295.238 341.832 358.75533333333334 399.0563333333333 898.6883333333334
MGG_02061T0 89.66666666666667 84.33333333333333 184.66666666666669 192.33333333333337 194.33333333333337 286.6666666666667 213.33333333333337 315 491
MGG_02269T0 74 15.666666666666666 127.66666666666669 159 142 474.6666666666667 231 353.3333333333333 712.3333333333334
MGG_04825T0 462.84066666666666 391.1406666666667 486.706 699.8483333333334 587.0886666666667 938.6233333333332 796.568 794.963 1313.89
MGG_09437T0 24.666666666666668 54.00246666666666 63.666666666666664 60.3473 111.425 215.98066666666668 49.33583333333333 224.04033333333336 339.02866666666665
MGG_10530T0 27 131 188 34.333333333333336 307 479 118.33333333333331 498.6666666666667 663.6666666666666
MGG_16530T0 8.666666666666666 7 17.333333333333332 12.666666666666666 21.666666666666668 20.666666666666668 13.666666666666666 30.666666666666668 37
MGG_16012T0 12.666666666666668 7 87 56 135 191 107 247.66666666666663 320.3333333333333
MGG_06749T0 87.66666666666667 62.666666666666664 122 68.33333333333333 134.33333333333334 189 109 203.66666666666663 266.0063333333333
MGG_17746T0 18.031766666666663 35.25286666666666 44.10446666666667 34.2962 69.62123333333332 86.3155 42.6039 63.16996666666667 141.31796666666668
MGG_16453T0 2 1 0.33333333333333337 0.6666666666666667 4.333333333333333 6 1.6666666666666667 5.666666666666667 11.666666666666666
MGG_03042T0 203.66666666666663 189.33333333333337 193.147 131.33333333333334 304.3333333333333 342 128.33333333333334 343.3333333333333 608.6666666666666
MGG_17581T0 12 2.3333333333333335 11 4 12.666666666666668 19 7 19.666666666666668 35.333333333333336
MGG_10316T0 3.3333333333333335 0 4 1.6666666666666663 7.333333333333333 7.333333333333333 0.6666666666666667 11.666666666666666 21.333333333333332
MGG_09491T0 5.666666666666667 2.6666666666666665 7.333333333333333 5.333333333333333 12.666666666666666 11 4.666666666666667 12.333333333333334 24.666666666666668
MGG_01365T0 2 6 8.333333333333334 20.666666666666668 33.666666666666664 10.333333333333334 17.333333333333332 40.666666666666664 56
MGG_06345T0 129.33333333333334 384.6666666666667 309 350.3333333333333 487 393.3333333333333 363 572.3333333333334 722.3333333333334
MGG_05721T0 152.89133333333334 230.70933333333332 222.118 278.3503333333333 359.62600000000003 320.6886666666667 287.0663333333333 446.955 577.6716666666667
MGG_00257T0 104.33333333333331 137 259.3333333333333 248.33333333333337 218 224 247 292.3333333333333 462.6666666666667
MGG_08744T0 759 949.6666666666666 1262.6666666666667 1578.3333333333333 1359.6666666666667 1295 1265.3333333333333 1940.3333333333333 2229
MGG_06120T0 184.256 327.97133333333335 543.4003333333333 503.70033333333333 607.78 629.951 432.7536666666666 771.374 1020.2053333333334
MGG_04406T0 40.333333333333336 23 53 48.666666666666664 54.666666666666664 28.333333333333332 43 98 110.33333333333331
MGG_17329T0 79.66666666666667 43 85.66666666666667 108 81.33333333333333 57.666666666666664 60 129.33333333333334 177.66666666666666
MGG_08342T0 30.093366666666668 75.15090000000001 67.42456666666666 9.042703333333334 91.07096666666666 38.1784 175.40866666666668 257.504 312.758
MGG_02004T0 19 20.333333333333336 11 16 32 14.666666666666668 30.666666666666668 44.333333333333336 61.666666666666664
MGG_14022T0 0 3.555555666666667 0 0 7.333333333333333 0 0 5 24.7773
MGG_05832T0 0 16 3.3333333333333335 0 21 0 1.6666666666666663 23.333333333333332 63
MGG_17556T0 1.3333333333333337 0.84311 0.35609999999999997 0.6666666666666667 2.78821 0.7066100000000001 0.67347 4.562916666666666 12.65682
MGG_02532T0 55.333333333333336 41 35 25 70.66666666666667 34.333333333333336 39.333333333333336 62 191.66666666666663
MGG_10860T0 55.333333333333336 44.333333333333336 81 81.66666666666667 66.33333333333333 49 63 129 225.33333333333337
MGG_11078T0 346.28266666666667 207.66666666666663 475.465 352.88666666666666 369.886 250.128 413.9526666666667 540.4876666666667 1338.0666666666666
MGG_10112T0 0 0 2.3333333333333335 0.33333333333333337 1.3333333333333333 1 2 5.666666666666667 17
MGG_06782T0 96.33333333333331 93.33333333333331 148.66666666666666 118.33333333333331 146 273 213.66666666666663 410.6666666666667 564.3333333333334
MGG_02043T0 14 4.666666666666666 9.333333333333332 19.333333333333332 22.666666666666664 45 34.666666666666664 74.33333333333333 134.33333333333334
MGG_10277T0 41 48.333333333333336 42 73.33333333333333 90.33333333333331 133.33333333333334 129.66666666666666 235.66666666666663 395
MGG_15059T0 0.33333333333333337 0 0 0.33333333333333337 0 0.33333333333333337 0.33333333333333337 2 3.3333333333333335
MGG_14195T0 0.33333333333333337 0.33333333333333337 0 0 0.33333333333333337 0.33333333333333337 1.3333333333333333 6 9.666666666666666
MGG_00018T0 3 0 1.6666666666666667 0.6666666666666666 1 1 2.666666666666667 14.333333333333334 24
MGG_15993T0 0 0 0 0 2.3333333333333335 1 1.6666666666666663 6.666666666666666 15
MGG_17911T0 0.6666666666666666 0.6666666666666666 2.3333333333333335 1.3333333333333333 4.666666666666667 3.6666666666666665 4.333333333333333 8.666666666666666 16.333333333333332
MGG_07413T0 0.6666666666666667 0 0 2.3333333333333335 27.333333333333336 5 5.666666666666667 54 90
MGG_15389T0 0.33333333333333337 2 3 1.3333333333333333 8.666666666666666 0.33333333333333337 5.666666666666667 16.333333333333332 26.666666666666668
MGG_12317T0 0 0 1.6666666666666667 0.33333333333333337 1.6666666666666663 0 0.33333333333333337 6.333333333333333 9.333333333333334
MGG_00440T0 32 25.666666666666668 56.666666666666664 18 64 52.333333333333336 52.333333333333336 114.66666666666669 159
MGG_03369T0 72.67123333333333 64.33333333333333 156.4498 134.73546666666667 71.10543333333334 121.09566666666667 164.752 49.73433333333333 420.4973333333333
MGG_07605T0 32.333333333333336 11.666666666666666 44 40.333333333333336 23 38 48 32.333333333333336 126.33333333333331
MGG_09167T0 146 38.666666666666664 144 270.3333333333333 37.333333333333336 148 374.6666666666667 81.66666666666667 1133
MGG_18030T0 1855.8733333333337 550.6506666666667 1144.7916666666667 1425.763333333333 903.1186666666666 1858.7233333333336 1762.2933333333333 1157.0466666666666 4014.866666666667
MGG_11999T0 58.66666666666667 12.333333333333334 42 42 17.333333333333332 69.66666666666667 80.33333333333333 23 240.66666666666663
MGG_13875T0 147.384 5.333333333333333 109.53496666666666 80.1134 23.447333333333333 65.5385 141.0474 48.512166666666666 388.59866666666665
MGG_03473T0 280.3333333333333 52.666666666666664 177.66666666666666 233.33333333333337 108.66666666666669 221 471 186 806.6666666666666
MGG_08985T0 592 48 321 349.6666666666667 102.33333333333331 401 833 195 1930.3333333333333
MGG_13518T0 1240.9083333333333 701.929 559.9763333333333 577.7236666666666 312.13733333333334 517.6736666666667 1214.657 468.0966666666667 2514.5866666666666
MGG_17745T0 5.666666666666667 0 0.33333333333333337 2.3333333333333335 0.6666666666666667 1.6666666666666663 4.333333333333333 2 12
MGG_13626T0 2839.3333333333335 287.3333333333333 651.6666666666666 1235.6666666666667 360 369.3333333333333 2041.3333333333333 402.6666666666667 4302.333333333333
MGG_07455T0 873 116.66666666666669 588 807 40.666666666666664 258 757.6666666666666 49.333333333333336 2158.3333333333335
MGG_15329T0 357.6666666666667 102.33333333333331 81.33333333333333 393.3333333333333 74 72.66666666666667 205.66666666666663 81 938.6666666666666
MGG_02220T0 2.3333333333333335 0 0 1.6666666666666663 0.33333333333333337 0 1.6666666666666667 0.6666666666666667 6.333333333333333
MGG_03341T0 123 49.333333333333336 51 68.33333333333333 28 45.333333333333336 39.666666666666664 21.666666666666668 228.33333333333337
MGG_03575T0 422 80.33333333333333 177 49.333333333333336 67.33333333333333 44.666666666666664 191 75 935.3333333333334
MGG_07803T0 1.6666666666666663 0 0.33333333333333337 0.6666666666666667 0 0.6666666666666667 0.6666666666666667 0 6.333333333333333
MGG_03829T0 153 3 38.333333333333336 65.33333333333333 1.6666666666666667 0.6666666666666667 50.666666666666664 1 416.6666666666667
MGG_08348T0 2 0 0 1 0 0 1.3333333333333333 0 7
MGG_14830T0 16.333333333333332 0.6666666666666667 5.666666666666667 7.333333333333334 0.33333333333333337 2.666666666666667 11 0.33333333333333337 57.333333333333336
MGG_07257T0 294 158.66666666666666 293.3333333333333 739.3333333333334 91.33333333333331 279 364 51.333333333333336 1345.6666666666667
MGG_02109T0 13 3.6666666666666665 3 124.33333333333331 2 51.333333333333336 77.33333333333333 6 213.66666666666663
MGG_14838T0 1 0 0 3 0 2.2179399999999996 2.3333333333333335 0.33333333333333337 8.224263333333333
MGG_03822T0 6.666666666666666 10 2 12.333333333333332 10.666666666666666 13.333333333333334 10.333333333333334 3.3333333333333335 59
MGG_07680T0 5 0 1 5.333333333333333 1.3333333333333337 5 2.6666666666666665 1.6666666666666663 22.666666666666668
MGG_00824T0 3.6666666666666665 0 1 7.666666666666667 2 4.333333333333333 3 0.6666666666666667 20.666666666666668
MGG_13063T0 649.3333333333334 249.33333333333337 309.3333333333333 1603.6666666666667 247.33333333333337 142 385.6666666666667 156.66666666666666 3492
MGG_05828T0 0 0 0.33333333333333337 3 0 0 0 0 9
MGG_05829T0 6 1.3333333333333337 7.666666666666667 89.33333333333334 0 13.333333333333334 4.333333333333333 0 234.33333333333337
MGG_05423T0 5 0 7 13.870033333333335 3.3333333333333335 0.33333333333333337 8 4 60.333333333333336
MGG_14377T0 0.33333333333333337 0 0 0.6666666666666667 0 0 0 0 3.5478466666666666
MGG_09122T0 48.333333333333336 1.6666666666666663 13 85.66666666666667 0.6666666666666667 3.666666666666667 37 1.3333333333333333 289
MGG_06039T0 572.3986666666667 642.5253333333333 1688.2033333333334 1566.6233333333332 1049.3123333333333 1121.7816666666668 1434.8166666666666 1267.8066666666666 3935.6233333333334
MGG_07530T0 156.66666666666666 101 232.66666666666663 403.3333333333333 175.66666666666666 212.66666666666663 242 266.6666666666667 786
MGG_06167T0 917.3333333333334 582 2312 1980 561 1985.3333333333333 1041.3333333333333 719.3333333333334 5220.666666666667
MGG_02574T0 421.3333333333333 198.66666666666663 949.3333333333334 1165.6666666666667 194 750.6666666666666 649.3333333333334 397 1924.3333333333333
MGG_13157T0 189.33333333333337 337.6666666666667 210.66666666666663 142.33333333333334 207 294.3333333333333 270 160 536
MGG_15081T0 77.66666666666667 328 191.33333333333337 36.666666666666664 236.66666666666663 107.33333333333331 45.666666666666664 209 837.3333333333334
MGG_05564T0 0 3.6666666666666665 1.6666666666666663 0 2 2.6666666666666665 0.33333333333333337 1.3333333333333333 8
MGG_07507T0 77.66666666666667 176.33333333333334 142 51.666666666666664 131.66666666666666 134 75 123 391.3333333333333
MGG_13907T0 860.3333333333334 3210.6666666666665 3192 688.3333333333334 2224 3088 1231.6666666666667 2322.6666666666665 8101.666666666667
MGG_03481T0 275.6666666666667 861.6666666666666 821.3333333333334 243.33333333333337 910 1384 412.6666666666667 611 2817.6666666666665
MGG_05581T0 77 255.33333333333337 197 168.33333333333334 235.66666666666663 306.3333333333333 90.66666666666669 131.66666666666666 783.3333333333334
MGG_16328T0 0 44.17646666666667 6.333333333333333 0 2 42 0 2.833333333333333 189.216
MGG_07789T0 140.35666666666663 1125 533.7573333333333 249.41166666666663 338.01466666666664 1394.3433333333332 225.09533333333337 167.77533333333332 3994.416666666667
MGG_17418T0 4 6 1.6666666666666667 0 0.6666666666666667 5.666666666666667 0 1.3333333333333333 18
MGG_03290T0 495.3333333333333 819.6666666666666 472.3333333333333 545.6666666666666 508 651 562 518.3333333333334 1441.3333333333333
MGG_08027T0 1 15.666666666666666 2.3333333333333335 0.6666666666666667 1 7.333333333333333 1.3333333333333337 2.3333333333333335 35.666666666666664
MGG_04870T0 1105.6666666666667 4240.333333333333 1443.3333333333333 1490 1367 1358 1833.3333333333333 1758.3033333333333 6620.666666666667
MGG_07837T0 0 1.6666666666666667 0 0 0.33333333333333337 0 0 0 3.666666666666667
MGG_13019T0 51 1318.3333333333333 285.3333333333333 56.333333333333336 167.66666666666666 249.33333333333337 83 227 2997.3333333333335
MGG_12479T0 10 75.33333333333333 7.666666666666666 6.333333333333333 5.666666666666667 10.666666666666666 7 5.333333333333333 166.66666666666666
MGG_03025T0 70 2707 911.6666666666666 114.66666666666669 391.3333333333333 1004 30.666666666666668 223.66666666666669 3920
MGG_08293T0 1468.3333333333333 3813 2044.6666666666667 1457.6666666666667 1137.3333333333333 2069 1322.3333333333333 1421 6305.333333333333
MGG_06760T0 2004.6666666666667 6110.666666666667 3652.3333333333335 2978.37 2444.8233333333333 3069.0933333333332 2917.06 2565.403333333333 8819.973333333333
MGG_06171T0 21.333333333333332 351 282.6666666666667 5 47.333333333333336 148.66666666666666 29.666666666666668 77.66666666666667 1092.3333333333333
MGG_00588T0 597.0696666666666 1499.9433333333334 1074.915 640.8016666666667 516.5483333333334 1170.733 553.6093333333333 473.35833333333335 3246.65
MGG_14398T0 3 10 0.33333333333333337 1.3333333333333337 1.6666666666666663 1.3333333333333333 1 0.33333333333333337 34.666666666666664
MGG_15274T0 16.333333333333332 23 5 10.666666666666666 9.666666666666666 2.333333333333333 6 1.6666666666666667 101.66666666666669
MGG_16327T0 0 17.039466666666666 6.557933342394433 0 3 4.7927717586666665 0 0.97483 67.13656666666667
MGG_15362T0 2 10.333333333333334 4 1 1 3.333333333333333 0.6666666666666667 1.6666666666666663 52
MGG_17896T0 0 19 0.6666666666666666 0 6 13.666666666666668 1 4 91.33333333333331
MGG_05127T0 0.6666666666666667 5.666666666666666 0.33333333333333337 0 2.333333333333333 1 1 2.6666666666666665 27.333333333333332
MGG_03425T0 3.333333333333333 12.333333333333334 2.3333333333333335 2.3333333333333335 7 5 1 5.666666666666667 50
MGG_13016T0 0.33333333333333337 23.666666666666668 5.333333333333333 1.6666666666666663 11.666666666666666 10 1 6.666666666666666 97.66666666666669
MGG_06761T0 609.6666666666666 1119 910.3333333333334 991 524.6666666666666 947.3333333333334 1073 751.3333333333334 2708
MGG_02573T0 396 903.6666666666666 1073.6666666666667 1070.3333333333333 353.6666666666667 1040.3333333333333 431 399.3333333333333 2513
MGG_09777T0 63.666666666666664 84 75 99.33333333333331 46 121 77.33333333333333 73.66666666666667 207.33333333333337
MGG_00831T0 0 1 0.6666666666666667 1 0.6666666666666666 0 0 0 3.6666666666666665
MGG_17416T0 92.33333333333331 38 68.66666666666667 31.333333333333332 58 75.33333333333333 41.333333333333336 76.66666666666667 251.33333333333337
MGG_11104T0 33 8.333333333333334 23.666666666666668 10.666666666666666 23.333333333333332 27 11.333333333333334 24.333333333333332 67.66666666666667
MGG_16015T0 1.3333333333333337 16.666666666666664 9.333333333333332 15 35.666666666666664 62 11.666666666666666 76 192.66666666666663
MGG_17797T0 5 10.333333333333334 5.666666666666667 6.333333333333333 12.666666666666666 10.666666666666666 4 14.333333333333334 41
MGG_09739T0 7.333333333333334 8.666666666666666 1.6666666666666663 0 17.666666666666668 43.333333333333336 2.333333333333333 15 122.33333333333331
MGG_16056T0 379.23066666666665 403.1306666666667 411.44166666666666 302.4313333333333 507.6313333333333 589.6663333333333 446.91766666666666 496.02633333333335 1024.4826666666668
MGG_03213T0 14.333333333333334 120.66666666666669 61.333333333333336 59.66666666666667 49.666666666666664 184 127.33333333333331 101.66666666666669 525
MGG_12155T0 7 11.666666666666666 9.333333333333334 6 5 17.333333333333332 11.333333333333334 11 42.666666666666664
MGG_16654T0 0 1 0 0.33333333333333337 0.6666666666666666 1.6666666666666667 1 1.3333333333333333 6.333333333333333
MGG_16655T0 6.0049133333333335 12.779133333333334 11.254733333333334 6.5686366666666665 14.2028 20.982866666666663 12.71562 20.320933333333333 64.52783333333333
MGG_11458T0 173.33333333333334 191.33333333333337 1482.3333333333333 559.6666666666666 244.66666666666663 362 436 341.3333333333333 2759.3333333333335
MGG_07386T0 737.6666666666666 308.6666666666667 2797.6666666666665 1551.6666666666667 408.3333333333333 921.6666666666666 879.3333333333334 555.3333333333334 7443.333333333333
MGG_15194T0 0.33333333333333337 0 80.66666666666667 65 0 0.6666666666666667 3.333333333333333 0 261.3333333333333
MGG_06161T0 128 59.333333333333336 133 47 94.66666666666669 161.66666666666666 146 154.66666666666666 454.3333333333333
MGG_09223T0 443.3333333333333 306.3333333333333 423 335 473 465.3333333333333 570 506 1224
MGG_13334T0 13 13.333333333333334 13 7.333333333333334 13.666666666666666 20.666666666666668 24.333333333333332 18 67.66666666666667
MGG_17483T0 0 0.33333333333333337 0 0 0 0 1 0 3.666666666666667
MGG_10916T0 6.666666666666667 5 2 0 8 2.333333333333333 10.333333333333334 12.666666666666666 45.666666666666664
MGG_09103T0 24.666666666666664 0.6666666666666666 3 10 10.666666666666666 5.666666666666667 43 15.666666666666666 240.66666666666663
MGG_02546T0 0.6666666666666667 0.33333333333333337 0 0 0.33333333333333337 0 1.6666666666666667 1.6666666666666667 13.333333333333334
MGG_09383T0 10.666666666666668 9.96807 1 3.6560466666666662 8.666666666666666 0 20.322716666666665 10.958103333333334 121.14476666666668
MGG_02592T0 0.33333333333333337 0 5 0.6666666666666667 1.3333333333333333 3 12.8483 19.1318 96.77036666666666
MGG_10558T0 0 0 0 0 1.3333333333333337 0 6.333333333333334 5.333333333333333 29.333333333333332
MGG_06661T0 145.95046666666667 127.79733333333331 371.28933333333333 88.11276666666666 187.26133333333337 190.13733333333337 190.15833333333333 260.469 907.5363333333332
MGG_18090T0 0 0.6666666666666667 8.333333333333334 0 0.33333333333333337 4.333333333333333 0.33333333333333337 9.333333333333334 35.666666666666664
MGG_05354T0 5.333333333333333 17.333333333333332 84.33333333333333 1.6666666666666663 63.333333333333336 38.333333333333336 4.333333333333333 117.33333333333331 414.3333333333333
EFMOT00000000091 0.33333333333333337 0.6666666666666666 5 0 3 1.5 0 4.00808 24.8874
MGG_01431T0 14.7609 31.9048 47.93776666666666 17.223266666666667 63.10763333333333 31.724333333333337 15.14372 52.62616666666667 177.554
MGG_06257T0 64.33333333333333 398.6666666666667 696.6666666666666 104 446.6666666666667 286.3333333333333 154.66666666666666 370.6666666666667 1899.3333333333333
MGG_14844T0 8.79346 17.85205 32.2489 1.8731066666666665 30.586866666666666 20.368166666666667 1.3147933333333333 13.603600000000002 135.513
MGG_16188T0 56.49336666666667 15.282333333333334 67.0728 49.94343333333333 30.899233333333335 66.5521 38.8768 17.506999999999998 228.58133333333333
MGG_00283T0 35.333333333333336 6.333333333333333 47.333333333333336 49.33333333333333 13 53.333333333333336 28.666666666666668 13.666666666666666 223.33333333333337
MGG_09778T0 77 17.666666666666668 90.33333333333331 74 18.333333333333332 170.33333333333334 59.333333333333336 47 526.6666666666666
MGG_00390T0 18.333333333333332 7.666666666666667 24.666666666666668 30.333333333333332 4 37.333333333333336 12.666666666666666 13 108.33333333333331
MGG_04590T0 72.66666666666667 16 71 48.333333333333336 34.666666666666664 69.33333333333333 65.33333333333333 45.333333333333336 208.66666666666663
MGG_09900T0 2411.753333333333 357.96866666666665 2013.48 1304.39 315.4406666666667 2607.0066666666667 1307.3446666666666 432.669 8759.79
MGG_10060T0 13.666666666666666 4 11.666666666666666 7 6 20.333333333333332 15 4.666666666666667 85
MGG_08695T0 80.66666666666667 10.666666666666666 93.33333333333331 16 16.666666666666668 88.33333333333333 69.66666666666667 18.666666666666668 404.6666666666667
MGG_07985T0 5.30589 1.0385433333333334 4.31142 0.69114798 0 5.94765 2.6422666666666665 0.3680566666666667 26.764466666666667
MGG_04099T0 0 3.6666666666666665 12.666666666666666 5 2 9.333333333333334 5.333333333333333 0.33333333333333337 32.333333333333336
MGG_03495T0 3.333333333333333 1 176 6.333333333333333 2 119.66666666666669 20.333333333333332 5.333333333333333 368.6666666666667
MGG_09600T0 28.333333333333332 4 101.33333333333331 8.333333333333334 13 91.33333333333331 23.333333333333332 18 300
MGG_08363T0 1.6666666666666663 0 43 0 0.6666666666666667 39 2 4.333333333333333 121.33333333333331
MGG_04225T0 126.66666666666669 109.33333333333331 914.6666666666666 159.66666666666666 112.66666666666669 685.3333333333334 273.6666666666667 129.33333333333334 2444.6666666666665
MGG_02304T0 24 21.666666666666668 769 11 21.666666666666668 432.3333333333333 10.333333333333334 25.666666666666668 2033
MGG_10785T0 4.666666666666667 0 25.666666666666668 0.6666666666666666 1.6666666666666663 14 3.333333333333333 3.3333333333333335 62
MGG_05824T0 72.33333333333333 25.333333333333332 172.66666666666666 14.666666666666666 23.666666666666668 90.33333333333331 41 22.333333333333332 428.6666666666667
MGG_02180T0 43.666666666666664 21.666666666666668 3811 14.333333333333334 8.666666666666666 1345.6666666666667 21.333333333333332 4.333333333333333 14634.666666666666
MGG_14338T0 6.666666666666667 63.333333333333336 2132.6666666666665 5.666666666666667 27.666666666666668 817.3333333333334 7.666666666666667 12.666666666666666 7357
MGG_09417T0 0 0 87.33333333333333 0.33333333333333337 0.33333333333333337 35 0.6666666666666667 0 277.3333333333333
MGG_03898T0 39.666666666666664 30.666666666666668 137 18.333333333333332 15.0775 74.99463333333334 33 10.333333333333334 374.39
MGG_01701T0 85.66666666666667 105.66666666666669 381 65.66666666666667 21.666666666666668 236 42 21 1008
MGG_13895T0 0 77.33333333333333 186 0 0 47.666666666666664 0 0 671.3333333333334
MGG_03849T0 117.66666666666666 27.333333333333332 394.3333333333333 49.666666666666664 45 80.66666666666667 72 52.333333333333336 1567
MGG_08551T0 44.899233333333335 45.2788 999.13 28.501933333333337 77.62389999999999 113.52693333333332 251.54963333333333 150.94683333333333 3511.01
MGG_01934T0 3.3333333333333335 1 105 4.666666666666667 2 5.333333333333333 16.666666666666668 6.666666666666667 425.3333333333333
MGG_09468T0 6 6.333333333333333 49 4.333333333333333 4.333333333333333 12.666666666666666 6.666666666666667 12.333333333333334 169.66666666666666
MGG_09681T0 12.666666666666668 0 344.6666666666667 1 0 17 6 0.33333333333333337 1301.3333333333333
MGG_08379T0 0 0 239.33333333333331 0 0 0 0 0 858.6666666666666
MGG_11006T0 0 1.3333333333333333 211 0 0 22 0.33333333333333337 0 891
MGG_00072T0 3.6666666666666665 24.333333333333332 811.3333333333334 3.666666666666667 1 159.33333333333334 4.666666666666667 3 3093.3333333333335
MGG_08232T0 173.66666666666666 135.33333333333334 895.5 97.5 111 88.66666666666667 214.5 204.5 2276.1666666666665
MGG_14727T0 173.66666666666666 135.33333333333334 895.5 97.5 111 88.66666666666667 214.5 204.5 2276.1666666666665
MGG_07575T0 0.6666666666666667 1.3333333333333337 1322.6666666666667 1 0 177.66666666666666 0 0 3323.3333333333335
MGG_15434T0 0.6666666666666667 0 4.333333333333333 0 0 0 0 0 14.333333333333334
MGG_02702T0 0 0.33333333333333337 2 0 0 0.33333333333333337 0 0 6.666666666666667
MGG_16658T0 0 0 266 0 0 53 0 0 897
MGG_17815T0 2.6666666666666665 27 685.3333333333334 2 14.666666666666666 159 5.666666666666667 8.666666666666666 2126
MGG_17856T0 1 28 880 0 8 183.66666666666663 0 7.666666666666667 2615
MGG_00545T0 145 70.66666666666667 1029.6666666666667 180.66666666666663 101.66666666666669 188.33333333333337 203.66666666666663 164 2658.3333333333335
MGG_04576T0 26.333333333333332 40.666666666666664 326 23.333333333333332 58.666666666666664 22.666666666666668 25.333333333333332 44.666666666666664 919
MGG_15388T0 1 1 135.33333333333334 1.6666666666666663 6.333333333333333 13 7 21.333333333333332 390.6666666666667
MGG_08390T0 0 0 1750 0 0.33333333333333337 37.333333333333336 0 0 5006.666666666667
MGG_14183T0 0 0.33333333333333337 25.333333333333332 0 0 1.6666666666666667 0 1.3333333333333333 75
MGG_17305T0 0 0 89 0 0 4 0 0 270.6666666666667
MGG_07497T0 28.333333333333332 26 1134.6666666666667 48.333333333333336 44.333333333333336 97 68.33333333333333 56 3255
MGG_09321T0 121.06743333333333 211.43133333333333 1626.4223333333334 114.35413333333334 97.65803333333334 285.178 104.60776666666666 116.683 4893.5
MGG_00120T0 27 41 9476.333333333334 6 14.666666666666666 513.3333333333334 27.333333333333332 18 30326
MGG_10010T0 0.33333333333333337 0.33333333333333337 49.333333333333336 0 1 3 0.33333333333333337 0 162
MGG_09642T0 4.333333333333333 22.666666666666668 35.666666666666664 5 8 31.333333333333332 16.333333333333332 12 116.66666666666669
MGG_08501T0 78.33333333333333 28.333333333333332 203.33333333333337 19.333333333333332 58 157 121.66666666666669 72.33333333333333 828.6666666666666
MGG_07765T0 191 132.33333333333334 615.3333333333334 299.6666666666667 181.66666666666663 478.3333333333333 392 212 2052.6666666666665
MGG_10585T0 24.666666666666668 8.333333333333334 71.33333333333333 28.666666666666668 17.666666666666668 64.33333333333333 32.333333333333336 28.666666666666668 283.6666666666667
MGG_09806T0 54.333333333333336 9.333333333333334 145.66666666666666 46 25.333333333333332 180 119 59 711.6666666666666
MGG_10005T0 516.6666666666666 246.66666666666663 1155.3333333333333 387.3333333333333 122.33333333333331 1020.6666666666666 747 213.66666666666663 4264.666666666667
MGG_10865T0 78.66666666666667 122 249 136.66666666666666 111 264.3333333333333 159.66666666666666 139 1052
MGG_04850T0 168.66666666666666 319.6666666666667 1961.6666666666667 155 280.3333333333333 1774.6666666666667 162.66666666666666 267 7077
MGG_18035T0 1 2 197.33333333333337 2.666666666666667 0 210.66666666666663 1 0.33333333333333337 912
MGG_06623T0 106.33333333333331 86.66666666666667 284.3333333333333 57.66666666666667 52.333333333333336 285 102.66666666666669 112.66666666666669 1220
MGG_00045T0 218.66666666666663 196.33333333333337 530.6666666666666 144.33333333333334 124.33333333333331 455.6666666666667 210 158.66666666666666 1835.3333333333333
MGG_10473T0 0 2.3333333333333335 10.333333333333334 2 0 9 1.3333333333333333 0 49.666666666666664
MGG_03350T0 0 0.33333333333333337 669.3333333333334 0.33333333333333337 2.6666666666666665 447.6666666666667 0 1.3333333333333333 2781.6666666666665
MGG_10205T0 0 0 3.333333333333333 0 0.33333333333333337 2.6666666666666665 0 0.33333333333333337 16.333333333333332
MGG_02182T0 0 0 1.3333333333333337 0 0 1 0 0 6.333333333333333
MGG_08486T0 15.333333333333334 7 26 1 0 41 1 0 185.33333333333337
MGG_10750T0 12.333333333333334 8 462.3333333333333 15.333333333333332 5.333333333333333 617.3333333333334 20.666666666666668 10 3604.3333333333335
MGG_15798T0 2.666666666666667 0.6666666666666667 7.333333333333333 0.6666666666666667 0.33333333333333337 6.666666666666667 1 0.33333333333333337 41.666666666666664
MGG_14550T0 362.6666666666667 569 1283 197.66666666666663 563.6666666666666 756.6666666666666 286.6666666666667 574.3333333333334 4331.666666666667
MGG_09199T0 127.33333333333331 187.33333333333337 359.3333333333333 98.66666666666669 224.33333333333337 332.3333333333333 47.333333333333336 247.33333333333337 1373.3333333333333
MGG_12569T0 108 40 239.66666666666663 74.66666666666667 75.66666666666667 205.33333333333337 92 149.66666666666666 823.6666666666666
MGG_02886T0 18 17.333333333333332 131 12.333333333333334 33.666666666666664 87.33333333333333 39 84.66666666666667 507
MGG_08265T0 11 8.333333333333334 34 3.3333333333333335 9 28 9 24.333333333333332 134.33333333333334
MGG_14995T0 77.66666666666667 79.66666666666667 217.66666666666663 61 92 176 35 121 604
MGG_16977T0 0 0.6666666666666666 78.66666666666667 0.6666666666666667 22.666666666666664 58 0 44.666666666666664 285.6666666666667
MGG_17919T0 4.666666666666667 4.333333333333333 3.666666666666667 4.333333333333333 0 3.3333333333333335 1.6666666666666667 1.3333333333333333 20.666666666666668
MGG_00832T0 716.6666666666666 608.6666666666666 979.3333333333334 654.3333333333334 226.66666666666663 655.3333333333334 533.6666666666666 272 2951.3333333333335
MGG_16924T0 360.3333333333333 41.333333333333336 460.3333333333333 48 19.333333333333332 140.66666666666666 51.666666666666664 40.666666666666664 1742.3333333333333
MGG_10012T0 3.333333333333333 0.6666666666666667 3 0 0 1.3333333333333337 0 2 17.666666666666668
MGG_07982T0 64.6988 6.333333333333333 36.333333333333336 14.666666666666666 6.666666666666667 23 11.336066666666667 9.333333333333334 291.2166666666667
MGG_07624T0 1 0 0.6666666666666667 0 0 0 0 0 4.333333333333333
MGG_07625T0 4.666666666666667 0 6 1.6666666666666667 0 1 3.333333333333333 0 20
MGG_05338T0 116.66666666666669 25 188.33333333333337 74 40.666666666666664 90.66666666666669 147.66666666666666 62.666666666666664 586
MGG_08480T0 108.33333333333331 3.3333333333333335 269.3333333333333 63 1.6666666666666667 69 124.33333333333331 1 939.3333333333334
MGG_05126T0 23.666666666666668 13.333333333333334 20.666666666666668 24.666666666666668 14.333333333333334 18.333333333333332 21 11.333333333333334 86.33333333333333
MGG_01145T0 133 30.333333333333332 120.66666666666669 88 32 40.333333333333336 121 44.666666666666664 558.6666666666666
MGG_07576T0 1436.3333333333333 49.333333333333336 1364.6666666666667 797.6666666666666 102 655.3333333333334 948.3333333333334 138 6857.333333333333
MGG_04867T0 46.48726666666667 16.207566666666665 50.534299999999995 39.9798 12.460453333333334 29.448533333333337 42.28223333333334 21.383799999999997 168.61233333333334
MGG_16816T0 0 1 0.6666666666666667 0.33333333333333337 1 3.333333333333333 0.33333333333333337 0 10.666666666666666
MGG_12714T0 148.66666666666666 1324.32 1248.3333333333333 61.66666666666667 282 3503.92 94 205.66666666666663 11529.266666666666
EFMOT00000000315 0 1.3333333333333337 3.205363333333333 0 0 12.418366666666666 0 0 53.39393333333333
MGG_10975T0 7.333333333333333 50 72.66666666666667 14.666666666666668 49.666666666666664 117.66666666666669 17 42.666666666666664 401.3333333333333
MGG_02119T0 9 17.333333333333332 52.333333333333336 17.666666666666668 27 66 3.3333333333333335 8.333333333333334 276.6666666666667
MGG_17860T0 4.333333333333333 10.333333333333334 14.666666666666666 6.347293333333333 5.333333333333333 18.666666666666668 5.333333333333333 5 60.333333333333336
MGG_05833T0 2 2.666666666666667 14 4.333333333333333 11 44 17.666666666666668 11.666666666666666 127.33333333333331
MGG_10062T0 1.6666666666666663 1 6.666666666666666 2.3333333333333335 5.666666666666667 13 6.666666666666667 4.666666666666667 50
MGG_04571T0 23 11.666666666666666 36.666666666666664 26.333333333333332 23.666666666666668 50.333333333333336 17 31.333333333333332 182.33333333333337
MGG_17167T0 0 0 0 0 0 0.33333333333333337 0 0 3
MGG_02336T0 12 5.333333333333333 15.333333333333334 8.333333333333334 16.333333333333332 77.33333333333333 9.666666666666666 34.666666666666664 433.3333333333333
MGG_17211T0 0.16666666666666669 0 0 0 0.3333333333333333 0.89103 0.16666666666666669 0.33333333333333337 5.721186666666666
MGG_17219T0 0.16666666666666669 0 0 0 0.3333333333333333 0.89103 0.16666666666666669 0.33333333333333337 5.721186666666666
MGG_12988T0 2338.3866666666668 1887.12 1524.506666666667 1476.4566666666667 1534.0633333333333 2334.4466666666667 1999.7123333333336 1829.7833333333333 7274.81
MGG_07847T0 2 1 0.33333333333333337 0 0.6666666666666667 1.6666666666666663 0.33333333333333337 0.6666666666666667 11.333333333333334
MGG_00400T0 84.66666666666667 21.666666666666668 34 18.666666666666668 17 27.333333333333332 83 40 321.6666666666667
MGG_08410T0 3.333333333333333 0.33333333333333337 0.33333333333333337 0 0 1.3333333333333333 2 0.33333333333333337 25
MGG_10098T0 21.666666666666664 4.666666666666667 12.666666666666668 11.333333333333334 0.6666666666666666 9.333333333333334 22 6.666666666666667 147.66666666666666
MGG_10508T0 9.333333333333334 2.3333333333333335 38.333333333333336 1 6 3 44.333333333333336 22.666666666666668 218.66666666666663
MGG_17116T0 0 0 0.33333333333333337 0 0 0 0.33333333333333337 0 2
MGG_09626T0 0 0.33333333333333337 0 1.3333333333333333 1.3333333333333337 0 0.6666666666666666 1 11.333333333333334
EFMOT00000000272 0.33333333333333337 1.6666666666666663 0 1.6666666666666663 0 0 0.6666666666666667 1.6666666666666663 18.577533333333335
MGG_17858T0 159.66666666666666 51 159.66666666666666 53.333333333333336 91 69.33333333333333 99.33333333333331 155 1091.3333333333333
MGG_10000T0 144.66666666666666 71 123.33333333333331 25 88.66666666666667 105.33333333333331 109.33333333333331 130.66666666666666 699.3333333333334
MGG_14588T0 0.33333333333333337 0 0.33333333333333337 0 1 0 0 1 6.333333333333333
MGG_02154T0 0 0.33333333333333337 0 0 1.3333333333333337 0 0 1.6666666666666667 14.666666666666666
MGG_02864T0 0 0 0.33333333333333337 0 0.6666666666666667 0 0.33333333333333337 0.6666666666666667 7.666666666666667
MGG_16379T0 423.33333333333337 206 353.6666666666667 16.333333333333332 358 503.6666666666667 266.6666666666667 1242.3333333333333 7349
MGG_02155T0 1.6666666666666663 0 0.33333333333333337 1.3333333333333333 1 0 0 3 18.666666666666668
MGG_15041T0 146.33333333333334 85 129.66666666666666 64.66666666666667 156.66666666666666 48.666666666666664 26.666666666666668 205.66666666666663 1829
MGG_09665T0 0.33333333333333337 0 0 0 0 0 0 0.33333333333333337 4
MGG_08439T0 18.0799 24.666666666666668 36.666666666666664 31 2 38.362833333333334 19 7.666666666666667 206.456
MGG_08459T0 65.66666666666667 67 72.66666666666667 29.333333333333332 9.333333333333334 53 40.666666666666664 16.666666666666668 463.6666666666667
MGG_09462T0 968.6666666666666 1527 1328.3333333333333 615 577.3333333333334 1333 1118.6666666666667 584 6060.333333333333
MGG_08890T0 50.666666666666664 82.33333333333333 88 39.666666666666664 31.333333333333332 86 60.666666666666664 48.666666666666664 437
MGG_03828T0 24.666666666666668 5.333333333333333 64.66666666666667 17.666666666666668 8.666666666666666 12 9.666666666666666 39.333333333333336 365.6666666666667
MGG_03827T0 20 6.333333333333333 60.66666666666667 15.666666666666666 22 13 7 54.333333333333336 332.3333333333333
MGG_08377T0 2.6666666666666665 143 454 2 118.33333333333331 7 0.33333333333333337 68 2120.6666666666665
MGG_07979T0 0 1 3.3333333333333335 0 1.3333333333333337 1 0 0 18.666666666666668
MGG_08326T0 12.6998 164.09496666666666 596.4113333333333 5.358266666666667 428.9791666666667 132.48723333333334 2.4848133333333333 26.530126666666664 3455.0899999999997
MGG_03869T0 279.6666666666667 391 640 404 327.3333333333333 376 474 396.3333333333333 2344.3333333333335
MGG_07846T0 0 0 2.3333333333333335 0.6666666666666667 0 1 1.6666666666666663 1 15.333333333333334
MGG_07569T0 1 2.666666666666667 21.666666666666664 11.666666666666666 2.3333333333333335 7 6.333333333333334 2 110
MGG_02094T0 0 0.33333333333333337 3.333333333333333 2 1 1.6666666666666663 0 0.6666666666666667 24.333333333333332
MGG_12291T0 33.666666666666664 32 66.66666666666667 15.666666666666666 13 29 32.666666666666664 32.666666666666664 262.3333333333333
MGG_08984T0 146.33333333333334 28.333333333333332 299 94.66666666666669 74.33333333333333 153.66666666666666 216.66666666666663 129 1465.3333333333333
MGG_13801T0 671 328.3333333333333 1079 511.6666666666667 529 634.3333333333334 575.6666666666666 486.3333333333333 4125.666666666667
MGG_08446T0 24.666666666666668 0.33333333333333337 73.66666666666667 4 2.3333333333333335 30 18.666666666666668 3.3333333333333335 360.6666666666667
MGG_02921T0 57.825966666666666 49.26886666666666 418.63733333333334 19 34.9641 221.503 44.734066666666664 53.46783333333333 1767.26
MGG_08266T0 71 143 871.3333333333334 49 157.66666666666666 425 140.66666666666666 198 3365.3333333333335
MGG_15689T0 7.666666666666667 11 29.333333333333332 5.666666666666667 6.333333333333333 21.666666666666668 10.333333333333334 9.666666666666666 126.33333333333331
MGG_16451T0 0 0 2 0 0 1.3333333333333333 0 0 11.333333333333334
MGG_01940T0 1.6666666666666663 5.333333333333334 24 0 1.6666666666666667 15 0 2.3333333333333335 129.66666666666666
MGG_11486T0 150.33333333333334 92.66666666666669 1429 215 70.66666666666667 787.6666666666666 364 87.66666666666667 6980
MGG_09807T0 2.333333333333333 0 20.333333333333332 2.6666666666666665 0 7.333333333333334 0.6666666666666666 0.33333333333333337 99.66666666666669
MGG_07986T0 1.3333333333333337 3.333333333333333 272 0.6666666666666667 0.33333333333333337 110.33333333333331 1 0 1639
MGG_09805T0 0 0 0.6666666666666667 0 0 0.33333333333333337 0 0 4.333333333333333
MGG_08399T0 1.6666666666666663 1.6666666666666663 7 0 0 1.3333333333333337 0 0 32
MGG_07420T0 0 1 368 0 0.6666666666666667 3 0 3 1738.3333333333333
MGG_00826T0 15.666666666666666 5.333333333333333 445 8.333333333333334 4 18.666666666666668 11.333333333333334 8.666666666666666 2182
MGG_00059T0 27.333333333333332 49 346 55 24.333333333333332 106.33333333333331 33.666666666666664 23.333333333333332 1925.3333333333333
MGG_05716T0 40 553 11433.666666666666 26.666666666666668 122.66666666666669 1826.3333333333333 73.33333333333333 83.66666666666667 61290
MGG_07358T0 0 0.6666666666666667 416.6666666666667 1.6666666666666663 0 45 1.6666666666666667 0 2258.6666666666665
MGG_03830T0 0 0 23.666666666666664 0 0 0 0 0 135.33333333333334
MGG_08386T0 0 0 184.66666666666663 0 0 0 0 0 1103.3333333333333
MGG_17425T0 4 10 157 0 0.6666666666666667 9.666666666666666 2.3333333333333335 0 998.3333333333334
MGG_10435T0 0 0 11.666666666666668 0 0.6666666666666667 0 0.6666666666666667 0 74.33333333333333
MGG_15097T0 5.666666666666667 0 540.6666666666666 0 1.3333333333333337 1 0.33333333333333337 0.6666666666666666 3470.3333333333335
MGG_08384T0 2.3333333333333335 1 521.6666666666666 0 1.6666666666666663 0.6666666666666667 0.6666666666666667 2.6666666666666665 3273.6666666666665
MGG_07419T0 86.77016666666667 14.131733333333331 495.66833333333335 29.238933333333332 49.8638 96.77193333333334 70.61963333333333 72.4445 3059.173333333333
MGG_08352T0 0.6666666666666667 4.333333333333333 77.66666666666667 0.33333333333333337 3.3333333333333335 16 0 2 598.3333333333334
MGG_08381T0 0 0 1103 0 0 0 0 0 8657.333333333334
MGG_15928T0 1.6666666666666663 1.3333333333333337 936 0 0 2.3333333333333335 0 0.6666666666666667 6762
MGG_10814T0 0 0 1.6666666666666663 0 0 0 0 0 12.333333333333334
MGG_12426T0 0 0 12.333333333333334 0 0 0 0 0 92.66666666666669
MGG_08391T0 0 0.6666666666666666 280 0 0 0 0 0 2099.3333333333335
MGG_13086T0 0 0 28.666666666666668 5 0 0 0 0.33333333333333337 161
MGG_10083T0 5.333333333333334 2.333333333333333 57.333333333333336 19.666666666666668 2 10.333333333333334 12.333333333333334 5.333333333333333 336.3333333333333
MGG_09789T0 0 0.3675000000000001 0 0 0.3675666666666667 0 0 0 3.43338
MGG_13937T0 0.33333333333333337 0.6666666666666667 0.33333333333333337 0 0.33333333333333337 0 0 0 7.333333333333333
MGG_03433T0 4.666666666666667 8.666666666666666 5 3 4.666666666666667 1 3.3333333333333335 1 64
MGG_02914T0 240.66666666666663 304.6666666666667 453.3333333333333 104 286.6666666666667 417.6666666666667 289.6666666666667 265.6666666666667 2004.3333333333333
MGG_17920T0 78.66666666666667 101.33333333333331 174.66666666666666 80.33333333333333 60 170 27.666666666666668 41.333333333333336 1024.3333333333333
MGG_07170T0 492.3333333333333 222.66666666666663 846 161.33333333333334 224.33333333333337 1016.6666666666666 356.3333333333333 208.33333333333337 7856
MGG_09395T0 119.33533333333334 12.333333333333334 137 38.333333333333336 44.33526666666667 182.66666666666663 84.33843333333334 40.668533333333336 1473.4823333333334
MGG_09094T0 0.33333333333333337 0 2 0 1 3.6666666666666665 0.33333333333333337 1 29
MGG_15047T0 0.6666666666666667 51 994.6666666666666 0.33333333333333337 0 906 0 0 8910.333333333334
EFMOT00000000274 0 0 0.33333333333333337 0 0 0.33333333333333337 0 0 4.067686666666667
MGG_02918T0 1.3333333333333333 1.6666666666666663 2 1 1.3333333333333333 1.3333333333333333 4.666666666666667 1.3333333333333333 35
MGG_09988T0 134.66666666666666 34 210.66666666666663 132.33333333333334 32 142.66666666666666 242.66666666666663 48 1995.3333333333333
MGG_17355T0 0.33333333333333337 0 0.33333333333333337 0.6666666666666667 0 0.33333333333333337 1 0 9.333333333333334
MGG_08474T0 1300 501.3333333333333 1472.6666666666667 1817.3333333333333 1317.6666666666667 1013.6666666666666 1237.3333333333333 1277.6666666666667 9595.666666666666
MGG_07848T0 34 13 22 50.666666666666664 5.666666666666667 27.666666666666668 3.333333333333333 4.666666666666667 394.3333333333333
MGG_13087T0 0 0 1.3333333333333337 3.3333333333333335 0 0 0.33333333333333337 0 35.333333333333336
MGG_08954T0 0 0 0 2.000000023151866 5.0588e-8 1.0022895e-5 0 0 28.88196732519
MGG_01941T0 55 11.666666666666666 69 11.333333333333334 29 55.333333333333336 37 37 425.6666666666667
MGG_05419T0 11.666666666666666 1 15.333333333333334 5.333333333333333 5.333333333333333 8 1.6666666666666667 4.666666666666667 119.66666666666669
MGG_17153T0 914.6666666666669 66.66666666666667 1262 230.66666666666663 117 264 516.3333333333334 168 12678.666666666666
MGG_10466T0 1.3333333333333337 0 1.6666666666666663 0 0 0.6666666666666667 0.33333333333333337 0.33333333333333337 15.333333333333334
MGG_10542T0 4.666666666666667 0.33333333333333337 4.333333333333334 3.333333333333333 0.33333333333333337 3.3333333333333335 0 6 61
MGG_03427T0 10.333333333333334 8.666666666666666 15.333333333333334 17.666666666666668 7.333333333333333 12.333333333333334 11.333333333333334 17.333333333333332 109
MGG_14697T0 0 0 1 0.6666666666666667 0 0.33333333333333337 0 0.6666666666666667 11.333333333333334
MGG_09680T0 0 211 387.6666666666667 0 205 4.333333333333333 0 122 3923
MGG_15983T0 0.33333333333333337 0 3.3333333333333335 1.6666666666666663 0 2 1.6666666666666663 0.6666666666666667 42.333333333333336
MGG_03432T0 0 0.6666666666666667 4.666666666666667 3 0.33333333333333337 0 0 0 60
MGG_11096T0 32.666666666666664 3.3333333333333335 63.333333333333336 12 10.333333333333334 1 3.3333333333333335 22.333333333333332 1152
MGG_09812T0 0.6666666666666667 0.33333333333333337 5 2 1.3333333333333337 0 0.33333333333333337 1.3333333333333333 73.66666666666667
MGG_08482T0 0.33333333333333337 0 1.6666666666666663 0 0 0 0.33333333333333337 0 25.333333333333332
MGG_13585T0 0.6666666666666667 0 8.333333333333334 1 0.33333333333333337 1.3333333333333337 0 0.33333333333333337 143.66666666666666
MGG_13993T0 0.33333333333333337 0.33333333333333337 111.66666666666669 0 0 2 3.333333333333333 0.6666666666666666 1639.3333333333333
MGG_03422T0 0.33333333333333337 0 12 1.6666666666666663 0.6666666666666667 0 1 1 206.33333333333337
MGG_18019T0 0 1 19.12947 1 1.3333333333333333 0.6684066666666666 2.3333333333333335 3.3333333333333335 302.13866666666667
MGG_08657T0 0 0.33333333333333337 4.666666666666666 0 0 0 0 0.6666666666666667 78
MGG_04240T0 138 174.33333333333334 573.6666666666666 101.66666666666669 128.33333333333334 183 152 236 3726.6666666666665
MGG_02709T0 47.333333333333336 11.333333333333334 635.6666666666666 21 20 219.66666666666663 19 14.333333333333334 6780.666666666667
MGG_05638T0 112 31.666666666666664 6239.666666666667 107.66666666666669 60.666666666666664 387.6666666666667 229.33333333333337 143.33333333333334 51078.333333333336
MGG_16714T0 4 2.6666666666666665 410.33333333333337 4.666666666666667 5 30.666666666666668 2.6666666666666665 5 3526
MGG_08378T0 21 0.6666666666666666 380 47 1.3333333333333333 2.666666666666667 8.333333333333334 0 3883
MGG_05538T0 0 0 28 1.3333333333333337 0.33333333333333337 1 0 0.33333333333333337 263
MGG_15547T0 0 0 26 0 0 0 0 0.6666666666666667 243
MGG_16546T0 0 0 0.33333333333333337 0 0 0 0 0 3
MGG_08380T0 0 0 401 0 0 0 0 0 4097
MGG_12447T0 49.666666666666664 7.333333333333333 622.3333333333334 43 10 4.333333333333333 37.666666666666664 9.666666666666666 5891
MGG_00242T0 0 0 1.3333333333333337 0 0 0 0.33333333333333337 0 13.666666666666666
MGG_03421T0 0 0 10 1.3333333333333333 0.33333333333333337 1 2 0 111.66666666666669
MGG_16703T0 1.3333333333333337 0 12.333333333333332 0.6666666666666667 0 0 1.3333333333333337 0 148.33333333333334
MGG_04339T0 16.666666666666668 1.3333333333333337 258.43 6.666666666666667 2 10.062486666666668 20 2 2819.973333333334
MGG_08355T0 0 1 28.666666666666664 0 0.33333333333333337 0.6666666666666667 0.6666666666666667 0 335
MGG_16229T0 2.3333333333333335 1.6666666666666667 333.3333333333333 1.6666666666666667 5.333333333333333 14.333333333333334 5 10 3694.3333333333335
MGG_14114T0 0 1.3333333333333333 162.66666666666666 0 0.6666666666666667 1.6666666666666667 0 0.6666666666666667 1818.6666666666667
MGG_01870T0 77.33333333333334 5.666666666666667 51.333333333333336 56.666666666666664 10.333333333333334 57 27 7 1055
MGG_17823T0 47.666666666666664 2 44.333333333333336 29.666666666666668 4 10 30.333333333333332 11.666666666666666 616.6666666666666
MGG_02295T0 91 5.666666666666667 38.333333333333336 9.666666666666666 6.333333333333333 9.666666666666666 41.333333333333336 7 1215.6666666666667
MGG_02084T0 308 165.66666666666666 393.3333333333333 205.66666666666663 365.3333333333333 279.3333333333333 315.6666666666667 382 3797
MGG_16821T0 3 1.3333333333333337 6 0.6666666666666667 6 6 3.3333333333333335 4.666666666666667 84.66666666666667
MGG_03428T0 11.333333333333334 6.333333333333333 4.333333333333333 15.333333333333332 1.6666666666666667 3.6666666666666665 10 0 364
MGG_07850T0 2.3333333333333335 0.6666666666666666 2.6666666666666665 2.6666666666666665 2.6666666666666665 2.6666666666666665 3 2 46
MGG_02160T0 160.6617666666667 152.0093 351.9363333333333 128.88583333333332 201.95803333333333 258.21433333333334 244.35633333333337 217.06233333333333 4426.713333333333
MGG_16692T0 0 0 0 0 0 0 3.8769 3.419402154256667 152.28466666666668
MGG_12480T0 6.666666666666666 2.3333333333333335 5.333333333333333 2.6666666666666665 0.6666666666666667 1 1.3333333333333333 1.3333333333333337 163.66666666666666
MGG_08442T0 0 1 1 0 1 0 0 0 39.666666666666664
MGG_16171T0 0 0 0.16666666666666669 0 0 0 0 0.33333333333333337 60.79743333333333
MGG_11011T0 0 0.33333333333333337 0 0.33333333333333337 0 0 1 0 2211
MGG_13863T0 0 0 0 0 0 0 0 0 1.6666666666666667
MGG_07352T0 0 0 0 0 0 0 0 0 3.3333333333333335
MGG_17660T0 0 0 0 0 0 0 0 0 3
MGG_16476T0 0 0 0 0 0 0 0 0 12.666666666666666
MGG_03423T0 0 0 0 0 0 0 0 0 18.333333333333332
MGG_04301T0 0 0 0 0 0 0 0 0 1.6666666666666667
MGG_17659T0 0 0 0 0 0 0 0 0 3.3333333333333335
MGG_15201T0 0 0 0 0 0 0 0 0 4.666666666666667
MGG_15805T0 0 0 0 0 0 0 0 0 2
MGG_16048T0 0 0 0 0 0 0 0 0 5
MGG_16702T0 0 0 0 0 0 0 0 0 5
MGG_11012T0 0 0 0 0 0 0 0 0 9.333333333333334
MGG_15410T0 0 0 0 0 0 0 0 0 5
MGG_09628T0 0 0 0 0 0 0 0 0 27.666666666666668
MGG_15200T0 0 0 0 0 0 0 0 0 6.666666666666667
MGG_15199T0 0 0 0 0 0 0 0 0 2.6666666666666665
MGG_09627T0 0 0 0 0 0 0 0 0 2.6666666666666665
MGG_08481T0 0 0 0 0 0 0 0 0 2.6666666666666665
MGG_08787T0 0 0.6666666666666667 0.6666666666666667 0 0 0.33333333333333337 0 0 175
MGG_03429T0 0 0 5.333333333333334 0 0 0 2 0 821
MGG_16562T0 0 0 0.16666666666666669 0 0 0 0 0 51.869233333333334
MGG_09379T0 0 0 0.33333333333333337 0 0 0 0 0 68.66666666666667
MGG_14965T0 0.22222233333333336 0.3333333333333333 3.777776666666667 0 0.7777766666666667 0 0 3.1666666666666665 131.58766666666668
MGG_16489T0 0.22222233333333336 0.3333333333333333 3.777776666666667 0 0.7777766666666667 0 0 3.1666666666666665 131.58766666666668
MGG_09598T0 1 0.33333333333333337 56.333333333333336 0 6.333333333333333 50.333333333333336 4.666666666666667 13 3137.3333333333335
MGG_09599T0 4.666666666666666 0.6666666666666667 55.333333333333336 2.3333333333333335 4.666666666666667 34 4 9.666666666666666 1621
MGG_04776T0 22.333333333333332 15.333333333333334 83 15 10.333333333333334 53.666666666666664 33 23.333333333333332 2238.6666666666665
MGG_16342T0 41.666666666666664 25.333333333333332 263 30 35.333333333333336 82.33333333333333 56.333333333333336 49 7457.666666666667
MGG_07553T0 0 0 2 0 0 0.6666666666666666 0 0 68
MGG_15334T0 0 4.5622333333333336e-9 17.0635 2 0 1.3333333333333337 2.6666666666666665 2 440.00466666666665
MGG_17227T0 0 0 1.6666666666666667 0 0 0 0 0 57.666666666666664
MGG_03430T0 0 0.33333333333333337 8.333333333333334 0 0 0.33333333333333337 0 0 296.6666666666667
MGG_12560T0 1.6666666666666663 2 226.66666666666669 5.333333333333333 0.6666666666666667 10.333333333333334 3.3333333333333335 2 5561.953333333333
MGG_14400T0 3 1.3333333333333333 80.2697 0 0.6666666666666667 0.6666666666666666 0 0 2483.6633333333334
MGG_04272T0 0 0 0.6666666666666667 0 0 0 0 0 20.333333333333332
MGG_17767T0 0 0 0.6666666666666667 0 0 0 0 0 19.666666666666668
MGG_08441T0 0 5.666666666666667 53.66666666666667 0 2.3333333333333335 4.333333333333333 0 1 1482
MGG_15392T0 0 0 0.33333333333333337 0 0 0 0 0 9
MGG_03431T0 0.33333333333333337 2.6666666666666665 45.33333333333333 1 0.6666666666666667 0 0 0 1231.3333333333333
MGG_10427T0 5 0.6666666666666666 14.333333333333334 6.333333333333333 1 2.6666666666666665 4.333333333333333 1 474
MGG_07584T0 0 2 6.333333333333333 0 0 0 0 0.6666666666666667 268.3333333333333
MGG_07426T0 0 0 4 0 0 0 0 0 204.66666666666663
MGG_18122T0 0 0 24.666666666666664 0 0 0 0 0 1107
MGG_15333T0 0 0.22222233333333336 8.333333333333334 0 0 0 0 0 511.2226666666666
MGG_10276T0 0 0 0.33333333333333337 0 0 0 0 0 25.333333333333332
MGG_07580T0 3.3333333333333335 6 11.666666666666666 1.6666666666666663 7.666666666666667 10 4.666666666666667 3 132.66666666666666
MGG_09102T0 20 1.3333333333333337 73.33333333333333 10.333333333333334 12.333333333333334 69.33333333333333 23.333333333333332 20.333333333333332 1048.6666666666667
MGG_05830T0 0.33333333333333337 4.333333333333333 17 1.6666666666666663 0.6666666666666666 23.666666666666668 0 0 395.6666666666667
MGG_16759T0 0 0 0.6666666666666667 0 0 0.6666666666666667 0 0 13.333333333333334
MGG_05010T0 40.666666666666664 26.333333333333332 46.333333333333336 17.666666666666668 26.666666666666668 49 26 36 985.6666666666666
MGG_07987T0 0 0 0.6666666666666666 0 0 1.6666666666666667 0 0 38
MGG_18108T0 0 0 0.33333333333333337 0 0 1 0 0 25.333333333333332
MGG_10038T0 1 3.333333333333333 8 4 0 11.666666666666666 7.666666666666666 8.666666666666666 137
MGG_09463T0 573.6666666666666 382 475 551.3333333333334 451 723 668.3333333333334 699.6666666666666 4961.666666666667
MGG_08550T0 112.33333333333331 56.666666666666664 78.33333333333333 94.33333333333331 68.33333333333333 93.33333333333331 88.66666666666667 109.66666666666669 1027
MGG_15924T0 0 0 0 0 0 0.6666666666666666 0 1.3333333333333333 14.666666666666666
MGG_18140T0 0.33333333333333337 0.33333333333333337 0.33333333333333337 0 0 0.6666666666666667 0.33333333333333337 1.6666666666666663 17
MGG_16697T0 0 0 0 0 0 0 0 0.6666666666666667 10
MGG_03424T0 0 0.33333333333333337 0 0 0 0 0 0.6666666666666666 16.666666666666668
MGG_13177T0 518 1564 1569.6666666666667 1314 726 987.6666666666666 530.6666666666666 406.6666666666667 7452
MGG_16552T0 0 2.82353 3.333333333333333 0 1 0 0 0.16666666666666669 18.117466666666665
MGG_07883T0 6.666666666666666 99 166 0.6666666666666666 10 56.666666666666664 3.3333333333333335 5 1077.2573333333332
MGG_08506T0 0 2.3333333333333335 3.666666666666667 0 0.33333333333333337 0 0 0.33333333333333337 31.333333333333332
MGG_02591T0 2.3333333333333335 9.666666666666666 10.333333333333334 2 4.333333333333333 3.3333333333333335 3.1517066666666667 2.868216666666666 70.56296666666667
MGG_07473T0 23.666666666666668 346.6666666666667 245.66666666666663 79.33333333333333 102 67.66666666666667 127 66.66666666666667 2815.3333333333335
MGG_07868T0 2.6666666666666665 18 14 1.6666666666666667 0 5 1 0.6666666666666666 131.66666666666666
MGG_04446T0 660.6666666666666 1264 1128.6666666666667 486 838 864.6666666666666 805 973 4107.333333333333
EFMOT00000000208 0 5.333333333333333 8.333333333333334 0 4.544746666666667 2.6666666666666665 0 5.333333333333333 51.653333333333336
MGG_03434T0 24.333333333333336 108 104.33333333333331 34.333333333333336 78 59.666666666666664 32.666666666666664 66 461
MGG_09772T0 277 411.61466666666666 448.837 191.33333333333337 258.8983333333333 529.9046666666667 202.66166666666663 555.6096666666666 1086.5466666666666
MGG_16508T0 4 22.333333333333332 27.333333333333332 15.666666666666666 19.666666666666668 42.666666666666664 13 17.333333333333332 54
MGG_11119T0 94.66666666666669 284 427.3333333333333 209 326.3333333333333 558.6666666666666 180.33333333333337 315.3333333333333 774.3333333333334
MGG_00738T0 86.66666666666667 142.33333333333334 221 19.333333333333332 280.6666666666667 544.3333333333334 20.666666666666668 227 717.3333333333334
MGG_07775T0 17.666666666666668 20 80.66666666666667 15.333333333333334 61 190 18.666666666666668 50.666666666666664 195
MGG_13610T0 1272.3333333333333 951.3333333333334 666 358.3333333333333 1093.6666666666667 1761 888 1201 2552.6666666666665
MGG_14997T0 62 24.666666666666668 32.333333333333336 55.666666666666664 41 90 26.666666666666668 54.666666666666664 206.66666666666663
MGG_07587T0 2.3333333333333335 2.666666666666667 0 0 2 6.666666666666666 0 1 11.666666666666666
MGG_17463T0 1.6666666666666663 0 0.6666666666666667 0.33333333333333337 1.3333333333333333 3 0 0 6.333333333333333
MGG_13262T0 151.6234 113.19966666666669 109.20823333333334 94.67533333333334 143.65266666666665 176.43166666666667 101.3194 113.042 266.982
MGG_14098T0 24.666666666666668 2 15.333333333333334 12 11 39 27.333333333333332 17.333333333333332 66.33333333333333
MGG_06952T0 4775.333333333333 1510.6666666666667 3667 3698.6666666666665 3114.6666666666665 7380 4204.666666666667 3427.6666666666665 9466.333333333334
MGG_00933T0 116.66666666666669 69.66666666666667 102 100.33333333333331 134.33333333333334 213.66666666666663 95 154.33333333333334 272.3333333333333
MGG_01404T0 1452 264.3333333333333 1503.6666666666667 351 568.6666666666666 2889.3333333333335 869.6666666666666 1044.6666666666667 3613
MGG_05447T0 2483.923333333333 1005.137 2019.03 1650.0566666666666 1786.93 4555.1033333333335 1696.7766666666666 2041.4066666666668 5877.443333333334
MGG_17186T0 9396 2534 10112.333333333334 5074.666666666667 8184.333333333333 20313.333333333332 5907 10761 26506.666666666668
MGG_15203T0 48.666666666666664 154.33333333333334 245 179.66666666666666 127.33333333333331 341 187.66666666666663 211.66666666666663 636
MGG_16951T0 1.3333333333333337 7.333333333333333 11.333333333333334 8 10 15.666666666666666 9 11 42.666666666666664
MGG_08028T0 9.333333333333334 6.666666666666667 36 5 12.666666666666666 50 25.333333333333332 27.333333333333332 105
MGG_15624T0 377 634.9846666666666 807.333 221.66666666666663 407.6666666666667 1242.33 501.9886666666667 830.6666666666666 2847.31
MGG_09874T0 15.333333333333334 2.3333333333333335 23.666666666666668 7 10 37.333333333333336 7.333333333333333 28 111.33333333333331
MGG_14702T0 55.333333333333336 63 330.6666666666667 54.333333333333336 57 578.3333333333334 58.333333333333336 48.666666666666664 1065.6666666666667
MGG_04349T0 0 18 765.3333333333334 3.6666666666666665 1 1713.6666666666667 4 0.33333333333333337 3180
MGG_04692T0 933.6666666666666 1347 2331.6666666666665 507.6666666666667 1148.3333333333333 3646 700.3333333333334 1183 7124
MGG_15882T0 0 20.333333333333332 50.666666666666664 0 8 113.33333333333331 0 1.6666666666666667 249.33333333333337
MGG_03642T0 64.49233333333333 23.7905 177.96066666666667 93.82763333333334 28.89923333333333 189.281 64.95876666666666 53.6645 567.2853333333334
MGG_02593T0 35 3.666666666666667 133 61.66666666666667 9.333333333333334 139 38.333333333333336 25 415.3333333333333
MGG_16272T0 1.6666666666666663 37.333333333333336 135.33333333333334 6 4.666666666666667 150.33333333333334 3.6666666666666665 9.333333333333334 475
MGG_00787T0 34.333333333333336 38.666666666666664 184.33333333333337 25.666666666666668 12.333333333333334 244.33333333333337 32.333333333333336 11.666666666666666 562.6666666666666
MGG_10892T0 0 0.33333333333333337 16992 0 0 20551.333333333332 0.33333333333333337 0 53474
MGG_02831T0 561 526.3333333333334 1478.6666666666667 535.6666666666666 614.3333333333334 1811 578.3333333333334 691.3333333333334 3659.3333333333335
MGG_01811T0 139.33333333333334 386.6666666666667 936.6666666666666 534 270.6666666666667 1281 458.3333333333333 370.6666666666667 3252.3333333333335
MGG_16016T0 0 0 1.6666666666666663 0 0 2.6666666666666665 0 0 9.666666666666666
MGG_14831T0 4.666666666666666 18.333333333333332 2780.3333333333335 0.6666666666666666 3.3333333333333335 6119.333333333333 0.33333333333333337 1.3333333333333337 15894
MGG_08937T0 6.0617 17.2882 138.25423333333333 8.69784 16.283766666666665 237.79033333333336 11.65722 15.930193333333332 684.5273333333333
MGG_13106T0 969.6666666666666 358.3333333333333 917.3333333333334 689 299.6666666666667 1749 880.3333333333334 410 3269.6666666666665
MGG_16493T0 2492.0333333333333 1637.6226666666666 2226.6866666666665 1861.246666666667 2043.22 3995.85 2401.6766666666667 1845.0466666666664 7034.293333333333
MGG_15283T0 41.333333333333336 25 45.333333333333336 27 33.333333333333336 76.33333333333333 23.333333333333332 33.333333333333336 140.33333333333334
MGG_03367T0 205.967 182.03233333333333 273.6356666666667 331.872 186.31666666666663 694.4116666666666 241.78433333333336 181.08866666666663 1448.054666666667
MGG_16851T0 0 0 0.33333333333333337 0.33333333333333337 0 1.3333333333333333 0 0 4
MGG_03844T0 18.333333333333332 28 87 11 47.666666666666664 269.6666666666667 30.333333333333332 80.33333333333333 630
MGG_10071T0 0 0 0 0 0 2.3333333333333335 0 0 5
MGG_10061T0 17 9.333333333333334 49.666666666666664 27.333333333333332 9.333333333333334 429.3333333333333 41 28 1141.3333333333333
MGG_15623T0 0 0 0 0 0 1 0 0 2.6666666666666665
MGG_03349T0 26 12 70 28 35 228 15.666666666666666 42.666666666666664 543.6666666666666
MGG_08520T0 4.333333333333333 2.3333333333333335 6.666666666666666 3 2 33.333333333333336 0.6666666666666667 4.666666666666667 79.66666666666667
MGG_02059T0 2.6666666666666665 5 12.333333333333334 1.6666666666666667 1.3333333333333333 67.66666666666667 1.6666666666666663 2 169.33333333333334
MGG_01728T0 797.6666666666666 208.66666666666663 1079.3333333333333 535 443.3333333333333 1439.3333333333333 850 700 2441.6666666666665
MGG_00669T0 166 47.333333333333336 293.6666666666667 195.66666666666663 75.33333333333333 720 206 120.66666666666669 1024.6666666666667
MGG_02056T0 26.333333333333336 9.333333333333332 85 55.666666666666664 35.666666666666664 177.33333333333334 69.66666666666667 65 270.6666666666667
MGG_15048T0 388 114.66666666666669 795.3333333333334 563.3333333333334 400 1519 756 412 2393
MGG_04784T0 40.333333333333336 33.666666666666664 79.57533333333333 65.33333333333333 39.82086666666667 139.66666666666666 85.33333333333333 41.7769 228.66666666666663
MGG_13604T0 0 13.666666666666666 17.333333333333332 1.3333333333333337 0.33333333333333337 44.333333333333336 0 0 57.333333333333336
MGG_15344T0 94 220 448.3333333333333 31.333333333333332 289.3333333333333 978.3333333333334 152 363 1483.3333333333333
MGG_02042T0 0 0.6666666666666667 3.666666666666667 0.6666666666666667 2 10.666666666666666 0.33333333333333337 3 14.666666666666666
MGG_11285T0 9.333333333333334 20.333333333333332 30.666666666666668 11.333333333333334 17.333333333333332 75.66666666666667 9 31.333333333333332 106
MGG_08752T0 5.666666666666667 8.666666666666666 59.333333333333336 4 18 146.66666666666666 5 19 217
MGG_02275T0 28.666666666666668 27 325 4.333333333333333 24.666666666666668 687.6666666666666 15.666666666666666 18 894
MGG_17107T0 10.666666666666666 7 78.66666666666667 3.3333333333333335 12 205 2.666666666666667 7 278.3333333333333
MGG_08519T0 198 21 88 35.333333333333336 125.33333333333331 1750 11.666666666666666 115 2890
MGG_01912T0 1 2.6666666666666665 5.333333333333333 1 2.6666666666666665 19 2.3333333333333335 3.3333333333333335 33.333333333333336
MGG_08983T0 233.66666666666663 58 433.6666666666667 94.66666666666669 71 1322.6666666666667 208 119 1969.6666666666667
MGG_13597T0 0.33333333333333337 0 11.333333333333334 0 0 65.66666666666667 0 0 94.33333333333331
MGG_18044T0 0 0.33333333333333337 13.666666666666666 0 0 77 0 0 125
MGG_08702T0 0 0 0.6666666666666667 0 0 2.3333333333333335 0 0 4
MGG_01734T0 451 285 2139 586.3333333333334 456.6666666666667 1752 708.3333333333334 822.3333333333334 3045.3333333333335
MGG_12392T0 26.666666666666668 8 205.66666666666663 23.333333333333332 21 211.33333333333337 38.666666666666664 54.666666666666664 436.3333333333333
MGG_02055T0 5 0.6666666666666667 65.66666666666667 12.333333333333334 3.666666666666667 69 16.666666666666668 13.666666666666666 129.33333333333334
MGG_07038T0 617.6666666666666 133.66666666666666 1298.6666666666667 660.3333333333334 432.3333333333333 1102.3333333333333 551.7816666666666 522.3333333333334 2194.6666666666665
MGG_06088T0 209.03666666666663 67.7188 360.3333333333333 218.66666666666663 100.73866666666667 474 152.03166666666667 125.69166666666666 774.602
MGG_10334T0 1065.6666666666667 303.3333333333333 1124.6666666666667 494.3333333333333 561 1253.3333333333333 628.6666666666666 919 2262.3333333333335
MGG_09175T0 229.33333333333337 34 350.6666666666667 38.666666666666664 89.66666666666667 281.6666666666667 118 145.33333333333334 628.6666666666666
MGG_06695T0 1167.6666666666667 224.33333333333337 1831 520.6666666666666 554.6666666666666 975 806.3333333333334 959.3333333333334 3651.3333333333335
MGG_14875T0 225.33333333333337 38.333333333333336 290.3333333333333 114.66666666666669 99.33333333333331 315.3333333333333 123 124 902.3333333333334
MGG_04901T0 1610.6666666666667 246.33333333333337 2334.3333333333335 544.3333333333334 642.3333333333334 1826.3333333333333 720.6666666666666 898.3333333333334 5283.666666666667
MGG_03096T0 44.666666666666664 2.3333333333333335 92.66666666666669 13 10.333333333333334 95 49 25 265.07433333333336
MGG_04854T0 151.66666666666666 47 255.33333333333337 105.33333333333331 113.33333333333331 218.66666666666663 143 141 483
MGG_07528T0 898.3333333333334 199 882 921 281.3333333333333 1243.6666666666667 1128.3333333333333 371 2074
MGG_07462T0 1466 159.66666666666666 1487.3333333333333 1051.6666666666667 321.6666666666667 2085.3333333333335 2740 612 3623.6666666666665
MGG_17522T0 107 67.33333333333333 109 78.33333333333333 30 198.66666666666663 158.33333333333334 34 320
MGG_03340T0 2123 1070.3333333333333 2836 3023.3333333333335 612.3333333333334 3309.6666666666665 4390.333333333333 565.6666666666666 10194.333333333334
MGG_06545T0 101.20753333333332 107.43236666666668 161.41533333333334 146.90566666666666 40.559133333333335 221.20966666666664 217.82966666666667 50.4002 491.16166666666663
MGG_00795T0 16.333333333333332 60.666666666666664 63 51.666666666666664 21 105 118.66666666666669 22.333333333333332 269
MGG_08005T0 358.6666666666667 365.3333333333333 449.3333333333333 444.6666666666667 260.6666666666667 605.3333333333334 766 382 1209.3333333333333
MGG_16196T0 92 7.666666666666666 517 190.66666666666663 7.333333333333333 254.66666666666663 620.3333333333334 17.666666666666668 1117
MGG_14371T0 182.33333333333337 258.6666666666667 333.6666666666667 211.66666666666663 216.66666666666663 322 408.6666666666667 202.66666666666663 629.6666666666666
MGG_14976T0 374 346.6666666666667 504 72.66666666666667 108.66666666666669 451.6666666666667 669 139 1352.3333333333333
MGG_04344T0 895.6666666666666 330 1368 970 668 1361 2098 1500 2541.3333333333335
MGG_09520T0 1726.253333333333 172.60266666666666 1522.52 1484.1233333333334 428.713 1515.52 2735.866666666667 1081.5413333333331 3445.18
MGG_11084T0 235.33333333333337 57.333333333333336 241 179 139.33333333333334 214.66666666666663 324.6666666666667 204.33333333333337 372.3333333333333
MGG_14068T0 8.333333333333334 14.666666666666666 42 8.666666666666666 10.666666666666666 12.333333333333334 35 28.666666666666668 78
MGG_05891T0 181.48866666666663 109.20023333333334 441.09433333333334 143.352 136.74016666666665 230.293 458.4796666666667 403.80066666666664 1105.4070000000002
MGG_17339T0 19.906533333333332 5.027570000000001 34.20676666666667 24.470433333333332 20.201266666666665 45.565933333333334 40.6848 27.52113333333333 69.53823333333334
MGG_04215T0 96.4709 32.29176666666667 202.83733333333333 96.7219 73.54929999999999 125.57146666666668 184.213 122.44766666666666 405.872
MGG_12634T0 413.578 114.081 614.7343333333333 387.275 224.19933333333333 552.8696666666667 538.3 423.993 1171.3366666666666
MGG_00769T0 231.48833333333337 63 534.3333333333334 271 158.66666666666666 462.443 476.6666666666667 303.726 1005.6456666666668
MGG_12697T0 521.3333333333334 112 877 427.3333333333333 519.6666666666666 675.6666666666666 952 698.6666666666666 1532.3333333333333
MGG_18008T0 52.333333333333336 13.666666666666666 86 47.666666666666664 39.333333333333336 66.66666666666667 74.66666666666667 70.33333333333333 131
MGG_16217T0 8 6.333333333333334 2 0 6 6.333333333333333 8.333333333333334 10.333333333333334 21.333333333333332
MGG_15322T0 87.66666666666667 64.33333333333333 53.333333333333336 48 49.333333333333336 66 75.33333333333333 69.66666666666667 133
MGG_05785T0 2405.6666666666665 294.6666666666667 1207 146.66666666666666 334.6666666666667 1157 2064 1154.3333333333333 4776
MGG_10557T0 0 0 0 0 0 0 2.666666666666667 2 3.6666666666666665
MGG_17499T0 12.90167 4.463076666666667 12.075743333333332 14.61976 16.621983333333333 8.02148 36.179966666666665 41.2151 63.05336666666666
MGG_08103T0 264.007 173.82333333333332 185.03933333333333 308.3333333333333 232.46366666666668 276.30533333333335 350 370.21566666666666 557.1396666666667
MGG_08052T0 68 28.666666666666668 73.66666666666667 77.33333333333333 51.333333333333336 59.333333333333336 115.33333333333331 101.33333333333331 186
MGG_15335T0 0 0 0 0 1 0.33333333333333337 2.3333333333333335 0 4.091340000000001
MGG_06699T0 522 313.3333333333333 357 316 474.6666666666667 465.3333333333333 662.9916666666667 472 1069.3333333333333
MGG_02223T0 20.333333333333336 2.666666666666667 20 7 21 21 118.66666666666669 65.66666666666667 278.6666666666667
MGG_02222T0 2 0.33333333333333337 3.333333333333333 0.6666666666666666 3 5.333333333333333 14.333333333333334 3.3333333333333335 31.666666666666668
MGG_16657T0 12.15631 4.04311 2.213426666666667 9.31534 7.442276666666666 9.276486666666669 15.083 10.02799 26.892543333333332
MGG_07965T0 104.33333333333331 18.666666666666668 38.666666666666664 82.33333333333333 47.333333333333336 49.333333333333336 156 63.666666666666664 218
MGG_16790T0 1194.388 342.7453333333333 614.193 792.7846666666667 665.0536666666667 795.136 1698.3033333333333 1059.099 2589.5933333333332
MGG_02134T0 830 77.33333333333333 120.33333333333331 202 296.6666666666667 254.66666666666663 1426 711.3333333333334 2088.6666666666665
MGG_12420T0 9290.966666666667 2734.6133333333332 5425.82 9686.216666666667 6200.47 12521.933333333334 14649.6 8935.003333333334 23737.666666666664
MGG_05381T0 382.6666666666667 226.33333333333337 247.33333333333337 253.33333333333337 257.6666666666667 424 548 352.6666666666667 709
MGG_10661T0 48.333333333333336 128 321 184.42833333333337 75.66666666666667 244.66666666666663 31.333333333333332 85 329.3333333333333
MGG_15758T0 5.666666666666667 12 19.666666666666668 15.333333333333334 11.333333333333334 17 5.666666666666667 13.666666666666666 24
MGG_16507T0 0 11.666666666666666 19.333333333333332 9.666666666666666 6.666666666666667 13.666666666666668 0.33333333333333337 3 14.666666666666666
MGG_11915T0 2.3333333333333335 14.333333333333334 29.333333333333332 12.666666666666666 19 26.333333333333332 5.666666666666667 10.666666666666666 24
MGG_15184T0 12.333333333333334 23 190 22 105.33333333333331 107 20.666666666666668 61.666666666666664 85
MGG_03217T0 310.6666666666667 560.3333333333334 1121 665 745 740.3333333333334 580 687.3333333333334 912
MGG_08328T0 47 74.66666666666667 162 111.66666666666669 135.66666666666666 95.33333333333331 52.666666666666664 81.33333333333333 164
MGG_08276T0 214.33333333333337 114.66666666666669 370.3333333333333 161 169 330.3333333333333 151 332 509.3333333333333
MGG_10932T0 233.66666666666663 79.33333333333333 369.6666666666667 128.33333333333334 161.66666666666666 344.3333333333333 111.66666666666669 242.33333333333337 443.3333333333333
MGG_16761T0 396.6666666666667 175.66666666666666 712.3333333333334 222 311.3333333333333 584.6666666666666 188 460.1136666666667 905.3333333333334
MGG_04041T0 159.66666666666666 35 312.3333333333333 141.66666666666666 86.33333333333333 300 85.33333333333333 115.66666666666669 425.3333333333333
MGG_08595T0 1511.5593333333334 391.7753333333333 2385.9266666666667 688.0276666666666 894.4963333333334 2298.36 618.6103333333333 1150.858 3526.21
MGG_09216T0 222.33333333333337 44 252.66666666666663 85.6033 106.66666666666669 332.476 75.33333333333333 164.66666666666666 439.224
MGG_04586T0 916.397 140.03146666666666 1741.1166666666666 435.24 361.49566666666664 1548.8533333333332 468.9093333333334 457.27633333333335 1489.04
MGG_05440T0 884.0703333333333 164.66666666666666 1435.3333333333333 367.6666666666667 326 1054.6666666666667 422.72133333333335 463.3333333333333 1390.58
MGG_14848T0 483.3333333333333 141.33333333333334 867 203.33333333333337 246.33333333333337 736.6666666666666 327.6666666666667 381 907
MGG_04524T0 76.545 31.784 241.765 30.03836666666667 47.29416666666667 255.99666666666667 64.63286666666667 102.80153333333332 264.996
MGG_05733T0 128.33333333333334 35 223.33333333333337 61 67.33333333333333 226.33333333333337 105 113.33333333333331 193.66666666666663
MGG_08581T0 183.66666666666663 82.66666666666667 367.6666666666667 219.33333333333337 159.33333333333334 346 208 221 416.3333333333333
MGG_10973T0 331.6666666666667 90.66666666666669 764.3333333333334 165 162.66666666666666 610.6666666666666 303.3333333333333 307.6666666666667 1019.3333333333334
MGG_01169T0 634.6666666666666 218.66666666666663 1992 470 580.3333333333334 1264.3333333333333 711 932.6666666666666 2232
MGG_17842T1 281.08566666666667 96.82883333333334 953.016 240.607 260.8143333333333 563.097 429.9253333333333 369.135 1097.1203333333333
MGG_08737T0 97.66666666666669 19.333333333333332 831.6666666666666 54 42 405.3333333333333 112.66666666666669 96 797.3333333333334
MGG_03774T0 273.6666666666667 40.666666666666664 864.3333333333334 116 101 582 197.33333333333337 195.66666666666663 863.3333333333334
MGG_10696T0 332 55.333333333333336 662 248.66666666666663 152.33333333333334 487.6666666666667 209.66666666666663 257 696
MGG_09820T0 53 15.333333333333334 143 52 31 99 54.666666666666664 64.33333333333333 133
MGG_05888T0 2213.3333333333335 297.6666666666667 3581.6666666666665 814.6666666666666 727.3333333333334 2598.3333333333335 2666.6666666666665 1328 5292
MGG_00517T0 964.1276666666666 229.773 1793.9199999999998 374.29833333333335 357.435 1123.7133333333334 924.3263333333334 607.7713333333334 2609.6433333333334
MGG_07935T0 168.726 16 310.78633333333335 88.0814 45.78273333333333 230.13833333333332 238.601 109.22413333333331 336.68833333333333
MGG_14712T0 371.3333333333333 85.66666666666667 631.6666666666666 279 215.33333333333337 408 404.6666666666667 335.6666666666667 636
MGG_03848T0 320 62 601.6666666666666 131 107.66666666666669 387 295 184 608
MGG_07933T0 1317.6666666666667 109 1322.6666666666667 325.6666666666667 340.6666666666667 1109.3333333333333 1643 868.3333333333334 1834
MGG_08640T0 826.043 254.09333333333333 989.693 654.0203333333334 468.6793333333333 901.4363333333332 905.2793333333332 691.5313333333334 1185.8033333333333
MGG_09728T0 427.117 118.455 521.2176666666667 238.40633333333332 212.12 560.5203333333334 534.0246666666667 388.306 656.4886666666666
MGG_16034T0 16.333333333333332 134.33333333333334 266 49.666666666666664 163.33333333333334 122.33333333333331 37.333333333333336 153 413.6666666666667
MGG_06777T0 6.666666666666667 105 189.33333333333337 14.666666666666666 86.33333333333333 28.666666666666668 52 107 307.6666666666667
MGG_07251T0 4 26.333333333333332 41.333333333333336 13.666666666666666 24.666666666666668 14 15.666666666666666 20.666666666666668 62.666666666666664
MGG_10993T0 213.33333333333337 101.33333333333331 1050.3333333333333 230 157.66666666666666 487.6666666666667 324 408.3333333333333 1624
MGG_05660T0 119 18.333333333333332 709.6666666666666 92 34.666666666666664 294.3333333333333 188.66666666666663 88.66666666666667 1199.3333333333333
MGG_08428T0 0 1.6666666666666667 256.6666666666667 0.6666666666666666 0 1.3333333333333333 11 0.33333333333333337 311.3333333333333
MGG_09341T0 4.333333333333333 8 2352.6666666666665 34 1.3333333333333337 256.6666666666667 78.66666666666667 10 2543.6666666666665
MGG_05845T0 19.666666666666668 1 2057 6 12.666666666666666 115.33333333333331 10 19.333333333333332 2111
MGG_00243T0 2.10059 1.74055 44.86476666666667 1.3947166666666666 8.363883333333334 16.054296666666666 6.2920533333333335 5.56487 51.66876666666667
MGG_04217T0 145.33333333333334 119 2933.6666666666665 171.66666666666666 196 627.3333333333334 641.3333333333334 628.6666666666666 3581.6666666666665
MGG_01398T0 288.3333333333333 83 2541 422.6666666666667 180.33333333333337 926.3333333333334 524 493.6666666666667 3198.3333333333335
MGG_15628T1 7.739716666666666 3.6066666666666665 109.30423333333331 7.685813333333334 9.776133333333334 35.2994 13.923666666666666 39.84653333333333 134.41396666666668
MGG_04257T0 3.666666666666667 5.333333333333333 146.66666666666666 0 10.333333333333334 35.666666666666664 12.666666666666666 35.333333333333336 219
MGG_16305T0 27 22 83 27.333333333333332 47.666666666666664 42 34 71.66666666666667 120.33333333333331
MGG_14513T0 763.2389999999999 392.6053333333333 1379.45 474.112 759.5306666666667 934.6843333333333 657.067 956.6063333333334 1799.9533333333334
MGG_05889T0 441.6666666666667 197 2319.6666666666665 207.66666666666663 581.6666666666666 1107 498.3333333333333 1258.3333333333333 3383
MGG_06662T0 313.3333333333333 175 947.3333333333334 230.66666666666663 374.6666666666667 428 345 510.6666666666667 1346
MGG_01420T0 13.333333333333334 498.3333333333333 1450 1.6666666666666667 65 173 108 35.333333333333336 1338
MGG_08655T0 13 614.3333333333334 2445.3333333333335 51 311.6666666666667 577.3333333333334 451.66666666666663 257.3333333333333 2066.6666666666665
MGG_04015T0 72 206.33333333333337 735 111.33333333333331 100.66666666666669 164.33333333333334 307.3333333333333 119.66666666666669 509.6666666666667
MGG_14954T0 6.333333333333334 2.6666666666666665 153.29666666666665 6 6.358863333333334 34.333333333333336 58 11.852136666666668 128.79133333333334
MGG_11809T0 270 414.6666666666667 7875 159.66666666666666 487.3333333333333 2620 4145 470.6666666666667 8353.333333333334
MGG_16504T0 12.333333333333332 13 83.66666666666667 28.666666666666668 22.333333333333332 36 4.333333333333333 22.666666666666668 55.666666666666664
MGG_02254T0 1482.6846666666663 115.5117 4964.503333333333 704.1173333333334 264.65166666666664 2198.8133333333335 1262.324 412.676 2498.4166666666665
MGG_01438T0 524.6666666666666 97.66666666666669 2227.6666666666665 116 171.66666666666666 992.6666666666666 376.6666666666667 297.3333333333333 1139.3333333333333
MGG_00204T0 245 182.33333333333337 3272.3333333333335 708.6666666666666 116.66666666666669 1336.3333333333333 493 213.33333333333337 1611
MGG_03963T0 370.33333333333337 72 6272 445.6666666666667 332.6666666666667 2388 1074.3333333333333 480 3723
MGG_15627T0 1126.302 230.02333333333337 2159.0466666666666 581.1913333333333 478.5183333333333 908.163 793.1886666666667 685.3546666666666 1625.4833333333331
MGG_10233T0 69 2.6666666666666665 170 35 9.333333333333334 90.66666666666669 45.666666666666664 15.333333333333334 145
MGG_04859T0 82.57013333333333 8.161356666666666 258.42066666666665 29.7622 22.05177 118.69233333333334 50.77073333333333 29.577466666666663 202.901
MGG_08862T0 304.20866666666666 65.48353333333333 634.4656666666666 189.31 146.68439999999998 324.7866666666667 139.16066666666666 222.75266666666667 551.1203333333333
MGG_17180T0 374 77.66666666666667 909.6666666666666 258 246 559.3333333333334 291.3333333333333 360.3333333333333 689
MGG_05014T0 916.9483333333332 229.12766666666667 1877.6233333333337 514.541 403.904 1187.7586666666666 563.528 626.4613333333333 1470.8833333333334
MGG_14657T0 168.9698666666667 224.697 1362.92 63.2663 286.50866666666667 879.4876666666667 142.83066666666667 615.9926666666667 987.994
MGG_01541T0 12.666666666666666 8.666666666666666 77.33333333333333 13.666666666666666 16 34 25.333333333333332 29 50
MGG_12175T0 2440 1080.3333333333333 14409.666666666666 1307 2574.6666666666665 6454 2471 5024.666666666667 7394.666666666667
MGG_09016T0 32.666666666666664 23 273 32.333333333333336 54 135 38.666666666666664 72.66666666666667 167
MGG_11638T0 35.666666666666664 36.666666666666664 292.47 50.033766666666665 65.68486666666666 168.123 101.33333333333331 97.68523333333331 272.233
MGG_08614T0 96 74.33333333333333 314.6666666666667 135 129 222.66666666666663 175.66666666666666 181.33333333333337 300.3333333333333
MGG_10583T0 70 214 4780.666666666667 31.666666666666668 97.66666666666669 1243.6666666666667 188 127.66666666666669 4160.333333333333
MGG_02810T0 36.333333333333336 12.666666666666666 240 26.333333333333332 34.666666666666664 81 60 53.666666666666664 187.33333333333337
MGG_11779T0 57 53 520 78.33333333333333 115.33333333333331 199.66666666666663 85.33333333333333 154.33333333333334 384
MGG_17270T0 22.7608 10.061043333333332 110.2131 18.887966666666667 40.135866666666665 50.6499 40.93313333333333 26.394133333333336 87.71176666666666
MGG_17985T0 0 0 7 0.6666666666666666 2 2.3333333333333335 2.6666666666666665 1.6666666666666663 6.666666666666667
MGG_15777T1 0.11886533333333336 5.4177143333333335 149.671 7.345066666666667 15.2892 147.3663 19.017206666666667 7.23752 139.77076666666667
MGG_02112T0 0.6666666666666667 23.333333333333332 104.33333333333331 5.333333333333333 12.333333333333334 130.33333333333334 11.333333333333334 16.333333333333332 108
MGG_09860T0 64.33333333333333 159.66666666666666 470 118.33333333333331 145.33333333333334 595 152 134.66666666666666 446.6666666666667
MGG_17223T0 0 0.33333333333333337 122.66666666666669 1.6666666666666663 10.333333333333334 122.66666666666669 0.6666666666666667 20.333333333333332 39
MGG_10671T0 16.666666666666668 1.3333333333333337 207.66666666666663 11.333333333333332 24.666666666666668 201.66666666666663 6 60.33333333333333 133.66666666666666
MGG_03316T0 49.334333906666664 6.617334233333333 202.47466666666668 59.64794 16.281633333333332 309.8276666666667 141.48533333333333 25 292.42443333333335
MGG_04327T0 410 99.66666666666669 601.3333333333334 256.3333333333333 298 1065.6666666666667 468 397 1059.6666666666667
MGG_07463T0 297 39.333333333333336 547.6666666666666 127.33333333333331 93.66666666666669 721.6666666666666 334.3333333333333 181.33333333333337 924.3333333333334
MGG_08748T0 311 92 542.3333333333334 166.66666666666666 191.66666666666663 695.3333333333334 227 290.6666666666667 784
MGG_04326T0 717 158 1209.3333333333333 538.3333333333334 383 1545.3333333333333 482 469.3333333333333 1041.3333333333333
MGG_11445T0 77.91106666666667 13.541478333333334 141.90486666666666 16.7762 49.46423333333333 267.6906666666667 21.2186 89.9982 151.6063
MGG_06312T0 373.3333333333333 96 537 167 193.66666666666663 861 254.66666666666663 293.6666666666667 684
MGG_01264T0 486.52433333333335 237.33333333333337 1164.6666666666667 324.6666666666667 530.3333333333334 975.3333333333334 369.3333333333333 930.7416666666668 1150.3333333333333
MGG_02368T0 519.6666666666666 356.6666666666667 1161.6666666666667 367.3333333333333 701 1412.6666666666667 416.3333333333333 1026.3333333333333 1222.6666666666667
MGG_03968T0 131.33333333333334 111 336.3333333333333 90.66666666666669 230.66666666666663 352 83 308.6666666666667 381.3333333333333
MGG_04744T0 482 104 725.0503333333334 161.66666666666666 337.6666666666667 800 357.69433333333336 635.3333333333334 809
MGG_07128T0 122.69006666666668 70.47706666666666 162.72933333333333 100.33553333333332 119.9388 224.37466666666668 103.68883333333332 207.49166666666667 205.95233333333337
MGG_01699T0 347.3333333333333 400.6666666666667 1130.6666666666667 792.3333333333334 597 1042 692 776.6666666666666 1360.3333333333333
MGG_01166T0 105.66666666666669 126.66666666666669 502.6666666666667 251.66666666666663 201 431.6666666666667 133.66666666666666 333.3333333333333 514.6666666666666
MGG_07644T0 83 51.333333333333336 432.6666666666667 112 162 360 280.6666666666667 269.3333333333333 586.3333333333334
MGG_02976T0 74.33333333333333 47.333333333333336 208.66666666666663 126 111.33333333333331 243.33333333333337 147.33333333333334 165 309
MGG_08262T0 482.3333333333333 280.6666666666667 1493.6666666666667 760.3333333333334 642.6666666666666 2283.3333333333335 792.3333333333334 1002 2463
MGG_07250T0 7 13 42.666666666666664 16.666666666666668 19.333333333333332 36.333333333333336 33.666666666666664 49.666666666666664 73.66666666666667
MGG_01829T0 57.333333333333336 34 156.66666666666666 90.33333333333331 74 125 76.66666666666667 150.66666666666666 194.66666666666663
MGG_08587T0 258.3333333333333 249.66666666666663 802.3333333333334 537 535.3333333333334 799.3333333333334 501.6666666666667 876.6666666666666 1166.6666666666667
MGG_13291T0 12.666666666666666 7 32 7 33 49.666666666666664 10.333333333333334 36.333333333333336 68
MGG_01692T0 191 285.6666666666667 1621.3333333333333 99.66666666666669 827 2333.3333333333335 369.6666666666667 2240.6666666666665 4022.6666666666665
MGG_00932T0 156.66666666666666 108.33333333333331 284.3333333333333 156.33333333333334 204 317 175 300.3333333333333 451
MGG_04973T0 19 11.333333333333334 50.666666666666664 20.333333333333332 33.333333333333336 40.666666666666664 11.666666666666666 44.333333333333336 65.33333333333333
MGG_16224T0 9.666666666666666 6.333333333333333 27.666666666666668 16.666666666666668 23.666666666666668 22.333333333333332 9 33 53.333333333333336
MGG_01452T0 1910.6666666666667 2377 1478.3333333333333 3336.6666666666665 2526 3428.3333333333335 3420.3333333333335 3103 2358.3333333333335
MGG_09922T0 2697 3652 2413.6666666666665 4126.666666666667 4371.666666666667 6412 5952.333333333333 4431 2979.3333333333335
MGG_02401T0 203.66666666666663 268 122.33333333333331 416 280 337.6666666666667 290.6666666666667 237.33333333333337 266
MGG_00276T0 2098.3333333333335 1709 1243 7114.333333333333 5004 5141.666666666667 4683 2650 941.6666666666669
MGG_00473T0 983.3333333333334 2083.6666666666665 1948 3036 2098.6666666666665 2439 1980.3333333333333 2236.3333333333335 2265.6666666666665
MGG_15850T0 318.6666666666667 464 625.6666666666666 753.3333333333334 491.3333333333333 660.3333333333334 525.6666666666666 611.3333333333334 611.3333333333334
MGG_09931T0 1226 1664.3333333333333 1771 3038.3333333333335 1561.3333333333333 2756.3333333333335 1554.6666666666667 1772.3333333333333 2033
MGG_17470T0 15 21.333333333333332 29 50 22.666666666666668 43.333333333333336 15 38.333333333333336 38.333333333333336
MGG_00163T0 597 883.3333333333334 2186.3333333333335 1788.6666666666667 1077.6666666666667 2423.6666666666665 870 1218.6666666666667 971
MGG_08093T0 1583.3333333333333 3301.3333333333335 3662.3333333333335 4987.666666666667 3942.3333333333335 7518.666666666667 2751.6666666666665 2813 2580.6666666666665
MGG_05046T0 25.333333333333332 48.666666666666664 64.66666666666667 94 45.666666666666664 113 53.666666666666664 45 55
MGG_14743T0 122.33333333333334 84 112.66666666666669 282.3333333333333 253 502 67 190.66666666666663 79
MGG_00352T0 1211.6666666666667 766.6666666666666 1338.3333333333333 3329.3333333333335 1189.3333333333333 3912.3333333333335 650.3333333333334 1092 1055.3333333333333
MGG_16414T0 59 47.333333333333336 86.33333333333333 177 114.33333333333331 232.66666666666663 52.333333333333336 58 75.66666666666667
MGG_11140T0 556.6666666666666 513.3333333333334 369.6666666666667 906.6666666666666 476 1225.6666666666667 601.3333333333334 693 560.3333333333334
MGG_07869T0 0 0 0 1.6666666666666663 0 2.6666666666666665 0 1 0
MGG_17391T0 3.6666666666666665 8.666666666666666 5.333333333333333 14.333333333333334 2.6666666666666665 15.333333333333334 6 9.333333333333334 6.666666666666667
MGG_11643T0 2708.3333333333335 3957 2634.6666666666665 4816.333333333333 2408.3333333333335 5656.666666666667 2546.3333333333335 2698.6666666666665 2920.3333333333335
MGG_00521T0 650.177 501.9316666666667 833.3963333333334 914.5616666666668 1183.69 987.4303333333334 987.165 1298.1366666666668 985.0436666666668
MGG_14755T0 514 454.6666666666667 730 694.3333333333334 883 910.6666666666666 722 1287.3333333333333 823.3333333333334
MGG_16636T0 0.6666666666666667 1 3 3.3333333333333335 1.6666666666666663 6 2.6666666666666665 8.333333333333334 4.333333333333333
MGG_14609T0 87.33333333333334 147 67 368.3333333333333 497.6666666666667 588 382.3333333333333 1121.6666666666667 642.6666666666666
MGG_13484T0 829.3333333333334 733.6666666666666 761.6666666666666 1425.3333333333333 1916.6666666666667 2116 1168 2570 1605.3333333333333
MGG_16902T0 7.666666666666667 6.666666666666667 7.666666666666667 11.333333333333334 18.333333333333332 25 10 26.333333333333332 15.666666666666666
MGG_02000T0 118.60426666666667 131.60836666666668 324.24873333333335 233.7821 797.159 1685.3233333333333 531.8213333333333 1985.0166666666669 1165.138
MGG_10109T0 24.666666666666668 23 25.333333333333332 29.333333333333332 41.333333333333336 66.33333333333333 32.333333333333336 82 42
MGG_14291T0 101 102.33333333333331 101.66666666666669 154.66666666666666 162 268.6666666666667 203.66666666666663 259.6666666666667 200.33333333333337
MGG_02050T0 254 595.6666666666666 699.3333333333334 987.3333333333334 1340 1591.3333333333333 1370.3333333333333 1663.3333333333333 1677.6666666666667
MGG_03023T0 324.3333333333333 481.3333333333333 420 671.3333333333334 589.3333333333334 1052.3333333333333 749.6666666666666 900.3333333333334 1031.6666666666667
MGG_04171T0 261 281 98.33333333333331 244 380.6666666666667 412.6666666666667 315.6666666666667 377.3333333333333 382
MGG_17481T0 5.333333333333333 9.666666666666666 2.3333333333333335 14.666666666666666 14.333333333333334 20 12.666666666666666 16.333333333333332 17
MGG_12946T0 1 0.33333333333333337 0.6666666666666667 1.6666666666666667 1.6666666666666667 4.333333333333333 0 3.3333333333333335 0.33333333333333337
MGG_05254T0 449.743 731.4256666666666 773.2703333333333 894.837 1002.9646666666666 1239.6166666666666 867.5473333333334 727.8026666666667 859.626
MGG_07730T0 28.333333333333332 98 91.66666666666669 88.66666666666667 113.66666666666669 174 76 107.66666666666669 131.33333333333334
MGG_02065T0 174.28734 625.4233333333333 370 457.233 659.6666666666666 1191.971 318.66566666666665 442.69666666666666 629.3266666666667
MGG_11410T0 1985 1606 1768 2011.3333333333333 3948.6666666666665 8238 943.3333333333334 973 1979
MGG_17077T0 0.33333333333333337 0.6666666666666667 1 0 2.6666666666666665 4.333333333333333 0 0 1.6666666666666667
MGG_14109T0 3.333333333333333 16.333333333333332 3.3333333333333335 5.333333333333333 19.333333333333332 23.333333333333332 2.6666666666666665 7.666666666666667 13
MGG_16081T0 2.333333333333333 5 1.6666666666666663 2.666666666666667 19.666666666666668 26.666666666666668 5 8.666666666666666 14.333333333333334
MGG_04897T0 697.3333333333334 1067.6666666666667 682.6666666666666 432 1342 1747.6666666666667 677.6666666666666 859 1329
MGG_13224T0 445.3333333333333 296.6666666666667 709.3333333333334 452.6666666666667 700 1014 484 775.6666666666666 746
MGG_09759T0 11 20.666666666666668 35.666666666666664 25.666666666666664 76 116.66666666666669 18 56 30
MGG_14126T0 9.333333333333334 7.666666666666667 23 9 67.33333333333333 103 7.333333333333333 64 50.333333333333336
MGG_06926T0 407.042 601.9293333333333 527.0513333333333 441.84 884.8663333333334 1469.225 417.839 789.2966666666666 1208.5543333333333
MGG_12523T0 466 1717.3333333333333 6462 471 10266.333333333334 14815.333333333334 551 7126.666666666667 12683
MGG_17840T0 32.333333333333336 33 29 16.666666666666668 45 100.66666666666669 25.333333333333332 68.66666666666667 80
MGG_14216T0 9.333333333333334 4 5.666666666666667 0 16 43.666666666666664 8 25 29
MGG_02106T0 25.333333333333332 78.66666666666667 59 34.333333333333336 100.66666666666669 186.33333333333337 29 152 183
MGG_02524T0 957 831.3333333333334 1031.3333333333333 750.3333333333334 1441 2166.6666666666665 823 1878.6666666666667 1742.3333333333333
MGG_06279T0 375.6666666666667 832 1151.3333333333333 936.3333333333334 1712.6666666666667 3226 798 2345.3333333333335 2592
MGG_02051T0 76.33333333333333 199.66666666666663 305.6666666666667 137.66666666666666 542.6666666666666 997.6666666666666 157.66666666666666 826 833.6666666666666
MGG_08753T0 9 40 32.666666666666664 24.666666666666668 130 187.66666666666663 23.666666666666668 138.66666666666666 148.66666666666666
MGG_15905T0 5.666666666666667 43 54.666666666666664 12 130.33333333333334 226.33333333333337 18.666666666666668 156.66666666666666 139.33333333333334
MGG_07717T0 1267 906.6666666666666 831.6666666666666 792 1098 2433 1232 1643.3333333333333 1512.6666666666667
MGG_02047T0 46.33333333333333 67.33333333333334 133.33333333333334 176 364 1311.6666666666667 391.3333333333333 767.6666666666666 429.6666666666667
MGG_11786T0 444.6666666666667 329.6666666666667 576 266.6666666666667 596.6666666666666 1484.6666666666667 467.3333333333333 956.6666666666666 722
MGG_06851T0 53.333333333333336 100.66666666666669 477 109.33333333333331 333.3333333333333 2172.3333333333335 161.33333333333334 1588 1227.6666666666667
MGG_16371T1 10.741286666666667 3.4573333333333336 19.03 10.742406666666668 11.24223 43.59283333333333 16.821866666666665 31.842866666666666 27.93113333333333
MGG_02595T0 1296.3333333333333 1448 3392.87 3872.3333333333335 5278.333333333333 11788 3573 7161.666666666667 9051.183333333332
MGG_17887T0 92 185.66666666666663 259.3333333333333 199.66666666666663 244.33333333333337 657.3333333333334 207 388.6666666666667 381.6666666666667
MGG_03160T0 15.557606666666668 503.67966666666666 291.32866666666666 4.470243333333333 309.18033333333335 633.764 47.7763 427.3786666666667 233.173
MGG_01343T0 212 874.6666666666666 473.3333333333333 95 624 1214.3333333333333 63.666666666666664 470.3333333333333 436.6666666666667
MGG_03396T0 54.666666666666664 265.3333333333333 136 19.333333333333332 273.6666666666667 367.6666666666667 50.666666666666664 208.33333333333337 161.66666666666666
MGG_16137T0 7 11.333333333333334 2.6666666666666665 6 9.333333333333334 15 6 14 10.333333333333334
MGG_02855T0 698.3333333333334 987 665.6666666666666 753.6666666666666 964.6666666666666 1628.3333333333333 705 1329 1176.6666666666667
MGG_03550T0 887.1513333333334 1030.207 779.5286666666667 671.575 1177.1133333333332 1558.1766666666667 606.5716666666666 1452.3233333333333 1174.1533333333334
MGG_05463T0 230.33333333333337 423.6666666666667 273.3333333333333 196 420.3333333333333 619 109 519.3333333333334 439
MGG_17690T0 2426 2539.3333333333335 2421 1532.3333333333333 4308.666666666667 5299.666666666667 1946.3333333333333 5264.333333333333 2256.3333333333335
MGG_05871T0 7374 13942.666666666666 9856.666666666666 3618.6666666666665 29892.666666666668 34869 6070.333333333333 32999.333333333336 10835
MGG_10107T0 321.6666666666667 801.3333333333334 353.3333333333333 248.33333333333337 1865.3333333333333 2006.6666666666667 81.66666666666667 2257.3333333333335 458.3333333333333
MGG_00994T0 50.666666666666664 2096.3333333333335 1049 28 3204 4127 19.333333333333332 2497.3333333333335 824.6666666666667
MGG_10515T0 83.66666666666667 250 220.33333333333337 43 781 809.6666666666666 41 598.3333333333334 216.66666666666663
MGG_08540T0 0 10 8 0 28 40 0 26 2.666666666666667
MGG_02987T0 460.20666666666665 1073.2106666666666 686.9756666666667 188.5684666666667 1835.4166666666663 1658.243333333333 479.61066666666665 1802.8333333333333 1630.3633333333332
MGG_13805T0 97.33333333333331 463.6666666666667 291.3333333333333 132 511.6666666666667 699 130 571.3333333333334 464.3333333333333
MGG_06007T0 64.66666666666667 520.6666666666666 241.33333333333337 38 661.3333333333334 615.3333333333334 116.33333333333331 735.6666666666666 395.6666666666667
MGG_09250T0 509.6666666666667 1185.6666666666667 784 511.3333333333333 1634.6666666666667 1806.3333333333333 658.3333333333334 1691.6666666666667 1154.6666666666667
MGG_12548T0 473.3333333333333 996.6666666666666 617.6666666666666 167.33333333333334 1527.6666666666667 1833.6666666666667 428 1654.6666666666667 1028
MGG_05230T0 194.66666666666663 297 125.33333333333331 185 141.33333333333334 319.6666666666667 228 114 193.33333333333337
MGG_12108T0 3074.3333333333335 6134 2454 3407 1940.6666666666667 6074 4034.6666666666665 2494.6666666666665 2926
MGG_03287T0 49.333333333333336 1701.3333333333333 534 80.33333333333333 814.6666666666666 2075 64 631 1473
MGG_05608T0 295.545 1410.86 754.0736666666667 108.4323 752.17 1687.493333333333 100.77363333333334 866.2016666666667 1445.3433333333337
MGG_10928T0 72.33333333333333 646.6666666666666 234.33333333333337 46.333333333333336 153.66666666666666 673.3333333333334 55.666666666666664 145.33333333333334 243
MGG_11305T0 13 106.66666666666669 28.666666666666668 35.666666666666664 16.666666666666668 133 11 14 84
MGG_14269T0 279.6666666666667 5515.666666666667 3420 216 517.3333333333334 10232.333333333334 156.66666666666666 374 5791
MGG_05406T0 89.66666666666666 7185 3072.6666666666665 20.333333333333332 2550.3333333333335 16915 23.333333333333332 3964.3333333333335 6368.666666666667
MGG_06824T0 63.333333333333336 1727 622.6666666666666 36.666666666666664 62.333333333333336 3427 47.333333333333336 87 705.6666666666666
MGG_10036T0 0.33333333333333337 141 32.666666666666664 0 3 250.33333333333337 0 16 95.66666666666669
MGG_05790T0 13 31.333333333333332 5.333333333333333 0.6666666666666666 14.666666666666666 69 2.6666666666666665 0 5
MGG_15612T0 280.6666666666667 430 148.33333333333334 88 125.33333333333331 753.3333333333334 142.33333333333334 89 344.6666666666667
MGG_05940T0 1800.6666666666667 2066 870.6666666666666 929 1059.3333333333333 4469.333333333333 744.6666666666666 908.6666666666666 1475
MGG_14118T0 3216.3333333333335 2739 2159.6666666666665 1936.6666666666667 2565.6666666666665 5704.333333333333 2189 1997.3333333333333 3149.6666666666665
MGG_16135T0 21 28 11.666666666666666 11.333333333333334 22.666666666666668 36.333333333333336 13.666666666666666 18.333333333333332 25
MGG_00357T0 692.3333333333334 1170.6666666666667 694.6666666666666 297.3333333333333 1192.3333333333333 2672.3333333333335 212.33333333333337 1028.3333333333333 1085.5333333333333
MGG_17727T0 0 4 1.3333333333333337 1.3333333333333333 0 5.666666666666667 3 2.3333333333333335 2.3333333333333335
MGG_16241T0 0 2.3333333333333335 0 1.6666666666666667 1 3.3333333333333335 1.3333333333333333 1 2
MGG_12477T0 394 1190.3333333333333 368.3333333333333 332 639 1072.6666666666667 625.6666666666666 615.3333333333334 772
MGG_17863T0 3 14 2.6666666666666665 4.666666666666667 8 20.666666666666668 6.333333333333333 10.333333333333334 10.666666666666666
MGG_17370T0 4.666666666666667 19.333333333333332 3.6666666666666665 14.333333333333334 17.333333333333332 21.333333333333332 8.666666666666666 7.666666666666667 3.6666666666666665
MGG_17302T0 5.333333333333333 5 0.33333333333333337 3.6666666666666665 6.333333333333333 8.666666666666666 0.33333333333333337 4.333333333333333 2.6666666666666665
MGG_02429T0 429 701 271.6666666666667 382.3333333333333 529.6666666666666 672.6666666666666 306.3333333333333 578.6666666666666 338
MGG_15765T0 112 142 52.666666666666664 47.666666666666664 76.33333333333333 159.33333333333334 44.333333333333336 81 58
MGG_15226T0 1822.6666666666667 1530.6666666666667 651.3333333333334 2070.6666666666665 1073.3333333333333 2627.3333333333335 2160.3333333333335 926.6666666666666 1440.6666666666667
MGG_15616T0 0.6666666666666667 0 0 1 1.3333333333333333 2.3333333333333335 1 0 0.66784
MGG_02159T0 427.3333333333333 423 295 437 496.6666666666667 626 514.6666666666666 369 424
MGG_00684T0 185.33333333333337 148 44.333333333333336 161.33333333333334 46.666666666666664 211 56.333333333333336 29.666666666666668 79.33333333333333
MGG_01148T0 2577.6666666666665 1178.3333333333333 1561 2772 1301.6666666666667 3116 2130.6666666666665 2064.3333333333335 1554.6666666666667
MGG_10659T0 3333.3333333333335 1019.6666666666666 1435.3333333333333 3034.6666666666665 1038.3333333333333 3959 1200 972.3333333333334 1360.3333333333333
MGG_04933T0 988 183.66666666666663 514.3333333333334 1085.3333333333333 249.33333333333337 1147.6666666666667 727 253 557
MGG_15129T0 95.33333333333331 39 39 129.66666666666666 64.66666666666667 113 48.333333333333336 55.666666666666664 60
MGG_02854T0 1017.6666666666666 591 419.3333333333333 1115.6666666666667 596.6666666666666 1391.6666666666667 845.3333333333334 561.3333333333334 918.6666666666666
MGG_05914T0 2138.6666666666665 1182.6666666666667 810 2535 1669 2719 1628.6666666666667 1025.6666666666667 1982
MGG_13617T0 27.333333333333332 1.3333333333333337 17.666666666666668 21 4.666666666666667 39.333333333333336 7.333333333333333 25 30
MGG_00156T0 365 46.666666666666664 57 118 164.66666666666666 429.6666666666667 110.66666666666669 144 272.6666666666667
MGG_07961T0 392.6666666666667 59 93.66666666666669 204 169 455.6666666666667 186.33333333333337 263 240.33333333333337
MGG_16029T0 55.666666666666664 16.333333333333332 40 58.333333333333336 41 99 26.333333333333332 52.666666666666664 48.666666666666664
MGG_15664T0 13.3633 5.37879 6.359543333333334 10 12.773333333333332 25.0753 10.333333333333334 11.689166666666669 11.426826666666669
MGG_18137T0 5 1 0 4.333333333333333 0.33333333333333337 11.666666666666666 2 4.666666666666667 5
MGG_08305T0 59.5198 21.1198 15.394533333333332 32.10746666666667 21.676466666666663 115.21566666666666 23.66536333333333 37.578633333333336 61.71353333333333
MGG_06799T0 1175.742 268.0106666666667 946.57 652.7756666666667 428.093 2223.173333333333 1026.4616666666668 611.1893333333334 950.1886666666668
MGG_16252T0 22.333333333333332 5.333333333333333 10.666666666666666 7.666666666666667 10.333333333333334 35.333333333333336 17.333333333333332 12 19.333333333333332
MGG_16179T0 60.7976 10.00757 60.28596666666667 19.076566666666665 40.2687 105.52226666666668 36.509933333333336 40.131600000000006 65.20426666666667
MGG_13129T0 592.6666666666666 114.66666666666669 449.6666666666667 274 294 805.3333333333334 296.6666666666667 350.6666666666667 652
MGG_09649T0 279 100.33333333333331 187.33333333333337 86 145 483.3333333333333 109 166 338.3333333333333
MGG_01231T0 450.6666666666667 147 331.6666666666667 85 155 957.6666666666666 204 230 553.3333333333334
MGG_04948T0 285.47133333333335 104.05333333333331 219.135 205.3733333333333 139.7789 452.8983333333333 176.37433333333334 176.115 317.92533333333336
MGG_11575T0 918 200.33333333333337 434.3333333333333 397 409.3333333333333 1571.3333333333333 372.6666666666667 371 866
MGG_06059T0 4599 271.99066666666664 1438.9046666666668 1651.869333333333 539.3806666666667 15629.533333333333 1200.4836666666667 708.3136666666667 6680.763333333333
MGG_01569T0 4138.333333333333 637 2061 2818.3333333333335 985.3333333333334 9624.333333333334 871 1000.3333333333334 5493.666666666667
MGG_04640T0 1324.6666666666667 801.3333333333334 973.6666666666666 896 366 1942.3333333333333 649.6666666666666 372 1389.6666666666667
MGG_01611T0 1376.3333333333333 638.3333333333334 759.6666666666666 1151.6666666666667 683.3333333333334 1687.6666666666667 749.6666666666666 742 1410
MGG_14349T0 611.6666666666666 88.66666666666667 251 384.6666666666667 102 696 351 136.66666666666666 607.3333333333334
MGG_07521T0 2393 212 1190.6666666666667 1111.3333333333333 248.66666666666663 2954.3333333333335 1058.3333333333333 525.6666666666666 1867
MGG_05980T0 16736.666666666668 2354.3333333333335 14403 26207.666666666668 10055.666666666666 73358.33333333333 21193.333333333332 12774.333333333334 48738
MGG_02916T0 493.3333333333333 357.3333333333333 515.3333333333334 669.6666666666666 458 1067 514.6666666666666 448.6666666666667 887
MGG_07134T1 917.9476666666668 258.65366666666665 874.131 791.2443333333333 456.06466666666665 2000.4466666666667 837.585 501.9266666666667 1506.7333333333331
MGG_09804T0 85.66666666666667 6 40 77.33333333333333 13.666666666666666 194.33333333333337 45.666666666666664 7.666666666666667 137
MGG_03900T0 16586.333333333332 2233.6666666666665 13733.666666666666 9359.666666666666 2107.3333333333335 39482 20081.333333333332 2958 24062.333333333332
MGG_17932T0 3653.4333333333334 1206.63 3329.2466666666664 3321.91 1258.3043333333335 7293.543333333333 4170.58 1691.34 4199.366666666667
MGG_05915T0 6387.666666666667 1857.3333333333333 2047.6666666666667 3542.6666666666665 2240 10015.333333333334 4002.6666666666665 2215.3333333333335 6503
MGG_10052T0 2015.3333333333333 489.6666666666667 879.3333333333334 1159.3333333333333 611.6666666666666 2922 1705.3333333333333 733.3333333333334 2028
MGG_07619T0 900 217 518.6666666666666 607 256.3333333333333 1724.3333333333333 906.3333333333334 366 1058.6666666666667
MGG_03615T0 3629 1462 2369.3333333333335 3543 1558.6666666666667 7181.666666666667 2404.6666666666665 1747 4060.3333333333335
MGG_17802T0 4337.333333333333 488.6666666666667 2175.6666666666665 3490.3333333333335 929.3333333333334 11173.333333333334 3562.3333333333335 845 4871.333333333333
MGG_06683T0 954.7973333333332 367.45233333333334 480.4913333333334 897.8603333333333 472.69466666666665 1853.69 950.8986666666668 556.7423333333334 1163.92
MGG_09502T0 241.33333333333337 66 183.33333333333337 276.6666666666667 76.33333333333333 721 311.6666666666667 113.66666666666669 459.3333333333333
MGG_08190T0 7486.6 1899.996666666667 5160.086666666667 6048.77 3213.3366666666666 11390.223333333332 6236.893333333333 3354.6466666666665 10150.476666666666
MGG_03080T0 1511.3333333333333 186.66666666666663 685.3333333333334 1014.3333333333334 542.587 2331.3333333333335 902.3333333333334 407.6666666666667 1946.3333333333333
MGG_03136T0 19974 6408.666666666667 12169.666666666666 14091.666666666666 9311 27141 14233 9148.333333333334 22674
MGG_04467T0 13137.316666666668 3753.6666666666665 8033.616666666667 9353.27 7300.04 21014.966666666667 11117.966666666667 7604.273333333333 19062.1
MGG_06837T0 7633 1849.6666666666667 4705.666666666667 4996.666666666667 3824 10378.666666666666 5868 4296 10427
MGG_04612T0 11075.666666666666 2331 7198.333333333333 7168.333333333333 4620.666666666667 16514.333333333332 8580.333333333334 5017.666666666667 15556.333333333334
MGG_13645T0 9083.333333333334 2603.3333333333335 7216 7222.666666666667 4459 15319 8489.666666666666 4734 16739
MGG_12892T0 10681.333333333334 3217 7106.333333333333 7765.333333333333 5096 14604.666666666666 9354.666666666666 5385.666666666667 15243.333333333334
MGG_05673T0 11671 3438.3333333333335 8232 9422 5362.333333333333 16670.666666666668 10032.666666666666 5556.333333333333 17073.666666666668
MGG_06658T0 13277.896666666666 3344.653333333333 8460.646666666667 9831.97 5777.969999999999 17539.933333333334 10470.633333333331 6347.43 17957.56666666667
MGG_06693T0 8002.923333333333 2885.17 5298.096666666666 5922.916666666667 4346.3 12038.316666666666 7433.833333333333 4331.2266666666665 11596.5
MGG_10680T0 11029.333333333334 2765.59 7025.546666666667 9310.99 5663.316666666667 16663.8 9970.623333333331 5865.293333333333 17236.033333333333
MGG_02747T0 9408.333333333334 2505 6714.666666666667 7893.333333333333 4560.333333333333 15520.666666666666 9647.666666666666 4825 15400.666666666666
MGG_07753T0 8589 2470.3333333333335 6163 7044 4594.666666666667 13903 8035.333333333333 4986.333333333333 13754.333333333334
MGG_03236T0 10326.646666666667 2695.2733333333335 7436.31 8056.693333333334 4982.373333333333 17108.033333333333 9122.226666666667 5586.706666666667 17261.1
MGG_05296T0 6142.666666666667 1857 3701.3333333333335 4976 3072.3333333333335 8357.666666666666 5823 3082.3333333333335 9621.666666666666
MGG_04829T0 10929.206666666669 3360.15 6524.886666666667 8291.996666666666 5191.933333333333 14803.033333333333 9996.906666666666 5324.056666666666 14465.6
MGG_06269T0 14998.666666666666 3712.3333333333335 8252.666666666666 10330.666666666666 5889 18014.333333333332 12140.666666666666 5989 18444
MGG_10049T0 469.3333333333333 90 357.6666666666667 330.6666666666667 219.66666666666663 1181 281.3333333333333 395 1032
MGG_10827T0 16641.18 2969.6833333333334 11433.623333333331 8635.53 6142.820000000001 28165.633333333335 11175.3 7060.293333333333 25977.533333333333
MGG_05238T0 7887.496666666667 2237.77 5586.21 4940.4400000000005 4334.886666666667 12552.276666666668 5696.993333333333 4543.346666666666 13257.066666666668
MGG_04104T0 6242.6466666666665 1505.239 4633.263333333333 4144.073333333334 3335.98 12471.41 4407.616666666667 4175.63 12279.533333333333
MGG_06479T0 6831 2041.3333333333333 5217.666666666667 4815.666666666667 3759.3333333333335 12074.333333333334 5138.333333333333 4357 11994.666666666666
MGG_00388T0 86 31.333333333333332 139 110.66666666666669 36 316.213 144 89.33333333333333 321.3906666666667
MGG_03965T0 2846 1286.3333333333333 3019.6666666666665 3513 2602.6666666666665 7484 3919.6666666666665 2456 7683.666666666667
MGG_07048T0 5006 1495.3333333333333 4668.333333333333 5191.666666666667 2581.3333333333335 11117 5939.333333333333 2907 10895.333333333334
MGG_06919T0 11931 5256.666666666667 8519 10675 8399 20836.333333333332 11129 7996.666666666667 20563.333333333332
MGG_02620T0 6728.02 2748.54 6052.653333333333 6072.843333333333 4956.216666666667 12842.846666666666 6940.29 4599.173333333334 13008.6
MGG_04904T0 669.749 220.29533333333333 429.622 825.6906666666667 371.6526666666667 1329.83 941.0986666666666 524.1133333333333 1381.22
MGG_02659T0 5669.6 2104.076666666667 3137.02 5985.716666666667 3424.3633333333332 9239.266666666666 6240.39 4201.66 8061.373333333333
MGG_03882T0 910.3333333333334 185.66666666666663 458.6666666666667 648.6666666666666 432 1174 918.3333333333334 731.6666666666666 1155.6666666666667
MGG_08163T0 4668.333333333333 1292 2620.6666666666665 3503.3333333333335 3090.3333333333335 6596.333333333333 4533 3215.3333333333335 6895
MGG_16390T0 585.0826666666667 306.97433333333333 395.38666666666666 215.46966666666668 389.606 1017.64 219.12633333333332 324.475 1055.804666666667
MGG_10053T0 464 327.6666666666667 349.6666666666667 309.6666666666667 308.6666666666667 868.6666666666666 439.6666666666667 298.3333333333333 731.6666666666666
MGG_16308T0 250.33333333333337 77 165.33333333333334 108.66666666666669 122 376 193.33333333333337 162.33333333333334 339.3333333333333
MGG_01257T0 100.09973333333332 37.09986666666667 70.68416666666667 42.29533333333333 51.49503333333333 158.397 60.1493 85.46356666666667 143.73966666666666
MGG_12776T0 290 80.66666666666667 370 188.66666666666663 237 1129 812.3333333333334 453.3333333333333 1035.3333333333333
MGG_17144T0 7 1.6666666666666667 6.666666666666667 5.333333333333333 5.666666666666667 36 18.666666666666668 12.333333333333334 20
MGG_02601T0 38 29 24.333333333333332 28.666666666666668 24.666666666666668 105 70.66666666666667 45.333333333333336 67.33333333333333
MGG_16097T0 7.101113333333333 8.130063333333334 9.881676666666667 17.501833333333334 12.638133333333334 35.082966666666664 21.072 10.598316666666664 31.888333333333335
MGG_07302T0 215.35766666666663 85.64396666666667 108.3431 208.877 184.11233333333337 479.78166666666664 349.783 258.9086666666667 538.345
MGG_12009T0 2059.3333333333335 2549 2402 2719 2714 4999.666666666667 3925 3121 5948.666666666667
MGG_00268T0 49.90363333333333 46.6492 24.035166666666665 154.63636666666665 100.01263333333334 207.9923 54.6652 89.03953333333334 254.39203333333333
MGG_02049T0 57.33333333333333 20 71.66666666666667 239.62566666666663 48.3274 630.3216666666667 73.66136666666667 28.333333333333332 1041.66
MGG_13655T0 77.33333333333333 93.66666666666669 105.66666666666669 197.66666666666663 70 310 87.33333333333333 120.33333333333331 425
MGG_16331T0 24.604773333333338 20.1468 25.4653 34.97246666666666 4.59856 98.33853333333332 39.55343333333333 8.399656666666667 132.04526666666666
MGG_14662T0 6.333333333333333 0.6666666666666667 3.666666666666667 8.666666666666666 0 17.666666666666668 5.333333333333333 0 22
MGG_02100T0 2.666666666666667 0.33333333333333337 2.3333333333333335 6.333333333333334 0.33333333333333337 13.333333333333334 0.6666666666666667 0 16.333333333333332
MGG_07616T0 10062.333333333334 2956.056666666667 12096.266666666666 10535.37 9917.463333333331 22980.6 11423.353333333333 13893.423333333334 20210.333333333332
MGG_10265T0 625.3333333333334 146 765.6666666666666 172.66666666666666 209 3139.3333333333335 508.3333333333333 607 1888.3333333333333
MGG_06151T0 795.529 541.6143333333333 704.706 713.8696666666667 726.1283333333333 2251.71 777.9973333333334 792.134 1789.14
MGG_08189T0 508.7480000000001 247.33233333333337 709.5816666666667 578.894 553.6636666666667 2665.1233333333334 660.7736666666667 716.6836666666667 2084.5133333333333
MGG_17803T0 356.3333333333333 118.66666666666669 361.3333333333333 159.33333333333334 170 1794.6666666666667 254 171.33333333333334 1247
MGG_14813T0 520.3333333333334 311.6666666666667 1438 421 748.3333333333334 8694 291.3333333333333 885.3333333333334 5376
MGG_08846T0 11.666666666666666 41 83.70753333333333 41.666666666666664 36.666666666666664 735.1733333333333 21.333333333333332 45 495
MGG_01506T0 983.3333333333334 338 1273 362 1190.3333333333333 10937 471 1294.3333333333333 7231.333333333333
MGG_02105T0 572 346 1122.3333333333333 210.33333333333337 939 22380 188 1123.6666666666667 15794
MGG_13563T0 1339 978.6666666666666 2608.3333333333335 195.33333333333337 4711.666666666667 76977 564 4023.3333333333335 51307.333333333336
MGG_00270T0 492.57933333333335 362.273 2401.222 115.16833333333334 2919.19 57112.16666666667 46.4071 2934.5433333333335 37377.86666666667
MGG_14248T0 0 0 0 0 0 15.666666666666666 0 0 8.333333333333334
MGG_06586T0 5642.6466666666665 495.24833333333333 1940.393 1782.1433333333334 2548.1800000000003 36781.4 2725.01 1780.7966666666666 22047.933333333334
MGG_17288T0 28.650933333333334 35.891333333333336 30.353036666666668 46.676 40.17203333333333 148.44766666666666 53.526333333333334 59.59243333333333 109.37476666666667
MGG_11445T1 3.9136 12.818806666666664 9.0408 7.890466666666667 8.370646666666667 78.51533333333333 20.823166666666665 18.3311 49.06494333333333
MGG_02041T0 0 1.6666666666666663 40 4 61.33333333333333 857 8 224 583.3333333333334
MGG_02813T0 5342.666666666667 6682.333333333333 9371.666666666666 18611.333333333332 20755.333333333332 77113.33333333333 16057.333333333334 31343 60938
MGG_05459T0 298 328 304.3333333333333 410.3333333333333 544.6666666666666 1187 400 619.3333333333334 871
MGG_10027T0 49.333333333333336 172 376.3333333333333 33 77.33333333333333 816.3333333333334 59.666666666666664 108 682.6666666666666
MGG_10480T0 33.666666666666664 32.333333333333336 144 28 20.666666666666668 380.6666666666667 70 42 281.3333333333333
MGG_03988T0 43.666666666666664 41.666666666666664 1301.3333333333333 26 11.333333333333334 3377 16.333333333333332 9.333333333333334 3029.3333333333335
MGG_00729T0 54 36 360 77.66666666666667 67.33333333333333 1099.6666666666667 87 74.66666666666667 913
MGG_17828T0 149 37 182 39.666666666666664 63.333333333333336 420 87.33333333333333 70 393.3333333333333
MGG_02451T0 599 95.66666666666669 944.3333333333334 184.66666666666663 261 2295 154.33333333333334 453 2432.3333333333335
MGG_11927T0 16.333333333333332 8 56 6.333333333333333 14 161.66666666666666 1.3333333333333333 16.666666666666668 170.66666666666666
MGG_07340T0 138.66666666666666 242 305.3333333333333 369.3333333333333 286.3333333333333 800.6666666666666 257 286 861
MGG_17656T0 1005.3506666666666 834.8443333333333 1207.236666666667 1089.9986666666666 1324.2603333333332 2757.53 1368.2336666666663 1278.003333333333 2769.5066666666667
MGG_00715T0 619.3333333333334 194.66666666666663 2039 4303 430.6666666666667 20540 4207.666666666667 812.3333333333334 18829.666666666668
MGG_06337T0 28.000433333333337 10.666666666666666 29.001166666666663 74.66666666666667 9.000376666666666 336.6666666666667 49.333333333333336 19.334233333333337 295.00556666666665
MGG_02058T0 7.333333333333334 1 9.666666666666666 1.6666666666666663 2 88 1 12.333333333333334 79.33333333333333
MGG_16375T0 646 82.33333333333333 250 200 423 5754.666666666667 100.33333333333331 358 5024.666666666667
MGG_04569T0 1604 335 2689.3333333333335 1411 2437.3333333333335 35089.333333333336 1271.6666666666667 3550.6666666666665 34349.666666666664
MGG_12715T0 50 67.33333333333333 236.66666666666663 17 154.66666666666666 3786.6666666666665 16.666666666666668 94.33333333333331 3570.6666666666665
MGG_17771T0 2 18 92.33333333333331 2.3333333333333335 1 481.3333333333333 3.666666666666667 3.666666666666667 595
MGG_07643T0 8.333333333333334 0.6666666666666667 35.666666666666664 9.666666666666666 3.3333333333333335 211 21.666666666666668 10 253
MGG_10034T0 0 0 0 0 0 6 0 0.33333333333333337 6.666666666666667
MGG_02267T0 11.333333333333334 28 22 23.333333333333336 14 135 10.666666666666666 18.666666666666668 165
MGG_05367T0 1918.3333333333333 786.6666666666666 2439 2267.6666666666665 1683.6666666666667 4337.333333333333 2715 2755.6666666666665 2209.3333333333335
MGG_02525T0 12366.333333333334 3628.3333333333335 6657.666666666667 32109.666666666668 16259 56405 22566.333333333332 27726 36029.666666666664
MGG_07134T0 650.7193333333333 273.01300000000003 688.8683333333333 867.7576666666666 429.93533333333335 2179.2200000000003 730.7493333333333 947.0733333333332 1075.601
MGG_15901T0 895 572.3333333333334 1184.3333333333333 1596.3333333333333 758.3333333333334 3472 1051.3333333333333 1276.6666666666667 1610
MGG_04947T0 1909.1966666666667 713.6133333333333 984.8666666666668 3729.6266666666666 1599.22 7621.443333333334 2147.6266666666666 992.553 2447.4066666666668
MGG_04024T0 806 319 617.6666666666666 880.6666666666666 466.6666666666667 1366.3333333333333 651.3333333333334 685 758.6666666666666
MGG_00602T0 48198 14669.666666666666 31138 56828.333333333336 29351.666666666668 116624.33333333331 51389 40214.333333333336 52891.666666666664
MGG_16741T0 89 15 51.333333333333336 137 60 231 79.66666666666667 79.33333333333333 79.66666666666667
MGG_06369T0 1187 487 1103 1690.6666666666667 639 2705.3333333333335 1690.3333333333333 947.6666666666666 1364.6666666666667
MGG_08462T0 1288.6666666666667 652.3333333333334 1107.6666666666667 2034.3333333333333 516 2671.3333333333335 1169.6666666666667 656.3333333333334 1144
MGG_00375T0 49.333333333333336 137.33333333333334 150 13 32.333333333333336 412.3333333333333 24 19 101
MGG_08072T0 561.6666666666666 1486.6666666666667 4793.333333333333 786.6666666666666 3072.45 14970.1 317.3333333333333 1863.6666666666667 3316.8233333333333
MGG_17528T0 253.20866666666663 605.058 578.2913333333333 301.749 627.059 2183.6233333333334 80.0986 333.6843333333333 717.5823333333333
MGG_05316T0 14.333333333333334 40.333333333333336 44 13.666666666666668 49.333333333333336 153 4 14.666666666666666 29.333333333333332
MGG_02101T0 330 86.66666666666667 495 177.66666666666666 184.66666666666663 1452.6666666666667 84.66666666666667 136.66666666666666 901.3333333333334
MGG_13764T0 15.666666666666666 10.333333333333334 752.6666666666666 7.666666666666667 6.333333333333333 2113 19.666666666666668 5 1093
MGG_04319T0 45.35876666666666 28.482733333333336 135.57836666666665 44.19866666666667 34.364200000000004 289.4583333333333 71.46603333333334 53.303533333333334 173.844
MGG_12316T0 5576 1678.6666666666667 21563 1830.6666666666667 5026.333333333333 56684 3493.3333333333335 11180 24661.666666666668
MGG_11371T0 55 116 244.66666666666663 58 171 671.6666666666666 58.333333333333336 161.33333333333334 291.3333333333333
MGG_02095T0 141 132 459.3333333333333 71 248.66666666666663 1389.3333333333333 118.66666666666669 207.33333333333337 617.6666666666666
MGG_09026T0 1159.3333333333333 1317 1697.3333333333333 1344.3333333333333 1023.6666666666666 3599.6666666666665 969 1256.3333333333333 1581.6666666666667
MGG_05595T0 16 7 108.33333333333331 2.3333333333333335 14 366.3333333333333 22 25.333333333333332 108.33333333333331
MGG_10533T0 2 9 586 1.3333333333333333 25.333333333333332 1692.6666666666667 7 39 515
MGG_09875T0 174.33333333333334 141.66666666666666 909.3333333333334 181 174 2510.6666666666665 159 322.6666666666667 781
MGG_07802T0 49 116.33333333333331 477.3333333333333 119.33333333333331 150 1449.6666666666667 166.33333333333334 139 534.3333333333334
MGG_01297T0 156 135.66666666666666 1190.7903333333334 261.3333333333333 208.788 4861.623333333333 175.34353333333334 172.33333333333334 1518.1133333333332
MGG_07210T0 109 72.33333333333333 290 73 59.666666666666664 796.6666666666666 59.666666666666664 66.33333333333333 213.33333333333337
MGG_10327T0 703.3346666666666 393.9773333333333 2211.2633333333333 737.2856666666667 243.384 5532.67 588.3883333333333 241.956 1839.4066666666668
MGG_14061T0 813.3333333333334 373.6666666666667 1882.3333333333333 667 6420 24091 1167.3333333333333 4938.333333333333 13693
MGG_16376T0 1.3333333333333337 0 0 0 2.3333333333333335 12.666666666666666 0 3.6666666666666665 6
MGG_09139T0 79.33333333333333 69.66666666666667 57.666666666666664 68 209.33333333333337 900.3333333333334 95.66666666666669 256 356.6666666666667
MGG_04556T0 794.6666666666666 290 509.3333333333333 351 1701.3333333333333 9213.666666666666 361.3333333333333 2072 2987.6666666666665
MGG_02637T0 102.33333333333331 11.666666666666666 81.66666666666667 66.33333333333333 36.333333333333336 383 105.66666666666669 87.66666666666667 179
MGG_17360T0 5.666666666666667 0.6666666666666666 3.6666666666666665 0.6666666666666667 1.3333333333333333 25.333333333333332 5.333333333333333 0.6666666666666667 10.666666666666666
MGG_09131T0 7 0 0.6666666666666667 1 1.3333333333333333 49 2.6666666666666665 11.333333333333334 14.666666666666666
MGG_10001T0 7 5.666666666666667 27.666666666666664 31 12.666666666666666 343.6666666666667 25 67 106.33333333333331
MGG_03465T0 1812 564 986.6666666666666 1538.6666666666667 2485 20076 2404.3333333333335 3350.3333333333335 10131.666666666666
MGG_15990T0 220.9427 206.97166666666664 942.4696666666666 540.6666666666666 978.814 17993.383333333335 1040.6586666666667 1378.98 8176.763333333333
MGG_03212T0 393 48.666666666666664 218.33333333333337 59 307 9166.333333333334 50 450.3333333333333 3557
MGG_15991T0 355.66666666666663 323 651.3333333333334 1340.6666666666667 916 10950.666666666666 2549 1425 4812.333333333333
MGG_01568T0 779 336.6666666666667 982.3333333333334 1069.6666666666667 648.3333333333334 9125 1199.3333333333333 650.3333333333334 3266
MGG_10561T0 0 1 0.33333333333333337 1 0 19.333333333333332 2.6666666666666665 1 6
MGG_04736T0 106.66666666666669 15.666666666666666 22.666666666666668 44 115 539.3333333333334 58.333333333333336 74 165.66666666666666
MGG_09138T0 1170.6666666666667 1312.3333333333333 797.3333333333334 371 3119.3333333333335 22911.333333333332 360.6666666666667 1801.3333333333333 7600.666666666667
MGG_10469T0 96 77 76.33333333333333 57 126.33333333333331 410.3333333333333 91 90.33333333333331 159
MGG_00593T0 104.66666666666669 46.333333333333336 100.66666666666669 60.333333333333336 85 313.6666666666667 73.66666666666667 85.66666666666667 124.33333333333331
MGG_04093T1 362.91433333333333 162.793 406.56733333333335 206.52033333333333 252.29333333333335 1374.7933333333333 255.43766666666664 410.4496666666667 584.221
MGG_06047T0 1476.3333333333333 1064.6666666666667 2134.3333333333335 1573.3333333333333 2292 7441.666666666667 2163.3333333333335 2381.6666666666665 3581.3333333333335
MGG_05984T0 1382.3333333333333 716.3333333333334 1997.6666666666667 1214 1453 7019.666666666667 1735.3333333333333 1339.6666666666667 2685
MGG_02310T0 0.6666666666666667 0 1.3333333333333337 0.6666666666666667 1 7 2 0.33333333333333337 1
MGG_03123T0 76.33333333333333 571.6666666666666 552.6666666666666 235 572.6666666666666 2803.6666666666665 174 761.3333333333334 962.3333333333334
MGG_12804T0 610.6666666666666 1071.6666666666667 1287.3333333333333 819 603 3306.6666666666665 939 1098.6666666666667 1396
MGG_02065T1 2.3793369533999997 1.9092966666666664 0 7.433620937666666 0 56.362633333333335 6.6677 8.252233333333333 0
MGG_05466T0 140.33333333333334 54.333333333333336 137.66666666666666 143.66666666666666 53 1178.3333333333333 234 101 282.3333333333333
MGG_08734T0 0.33333333333333337 0 0 0 0 5 0.33333333333333337 0 1
MGG_03529T0 250.33333333333337 158.66666666666666 375 234 139 2298 77.33333333333333 105.33333333333331 658.6666666666666
MGG_10640T0 17.333333333333332 14.666666666666666 29.666666666666668 9 8.333333333333334 180 5.333333333333333 13.333333333333334 54.333333333333336
MGG_17902T0 0.33333333333333337 0.33333333333333337 1 0.33333333333333337 0 6.333333333333333 0 0.33333333333333337 1.3333333333333333
MGG_11991T0 91.33333333333331 669.6666666666666 1072.6666666666667 65.33333333333333 42 12366.666666666666 162 61.333333333333336 2122.3333333333335
MGG_05982T0 96.66666666666669 39.333333333333336 1318.3333333333333 53 219.33333333333337 14949.333333333334 51.333333333333336 607 2624.3333333333335
MGG_10313T0 17 13 135 15 21 1145 16.666666666666668 55.666666666666664 188.33333333333337
MGG_02898T0 177.33333333333334 223.66666666666663 705.3333333333334 185.66666666666663 255.33333333333337 3264.3333333333335 116.33333333333331 214.33333333333337 396.6666666666667
MGG_11300T0 0 0 0.33333333333333337 0 0 2.6666666666666665 0 0 0
MGG_17209T0 0 0.44444466666666665 0.4444443333333334 0.111111 0 3.6666666666666665 0.22222233333333336 0.3333333333333333 0.33333333333333337
MGG_17213T0 0 0.44444466666666665 0.4444443333333334 0.111111 0 3.6666666666666665 0.22222233333333336 0.3333333333333333 0.33333333333333337
MGG_16014T0 0 0 15.666666666666668 0.33333333333333337 6.333333333333334 372 0.6666666666666667 27 38.333333333333336
MGG_08675T0 2.666666666666667 0.33333333333333337 10 1.6666666666666667 2 206.66666666666663 3 14.333333333333334 27
MGG_13768T0 90 81 171 85.33333333333333 133.33333333333334 2508.6666666666665 217.33333333333337 101.66666666666669 112
MGG_13767T0 1.6666666666666663 4.333333333333333 103.66666666666669 5.666666666666666 21.333333333333332 1521.3333333333333 2.3333333333333335 11.333333333333332 23.666666666666668
MGG_05457T0 264.51233333333334 381.74233333333336 422.96433333333334 155.43166666666667 335.353 9440.33 119.66666666666669 339.1476666666667 673.0746666666666
MGG_13692T0 0 0 2.333333333333333 0 0 117 0 0 5
MGG_10120T0 0 0.33333333333333337 2 0 0.33333333333333337 62 0 0 3.666666666666667
MGG_04946T0 270.3333333333333 125.66666666666666 324.6666666666667 163 192.33333333333337 1321.6666666666667 11.333333333333334 52 55
MGG_16784T0 64.66666666666667 2.6666666666666665 42.333333333333336 24.333333333333332 7.666666666666667 194.66666666666663 4.666666666666667 1.3333333333333333 15.666666666666666
MGG_05983T0 1825 876.6666666666666 1726.3333333333333 1197.6666666666667 771.3333333333334 3626.3333333333335 1173.3333333333333 1070.6666666666667 1594.6666666666667
MGG_08461T0 622 382.6666666666667 558.6666666666666 520.6666666666666 281 1141 408 259 594.3333333333334
MGG_11496T0 222 304.6666666666667 423.3333333333333 525.6666666666666 213.33333333333337 1263 223 149.66666666666666 390.6666666666667
MGG_07800T0 88.33333333333333 79.33333333333333 124.66666666666669 106 52.666666666666664 266.6666666666667 65 29 159.33333333333334
MGG_15687T0 12.692266666666669 13.333333333333334 12 8.333333333333334 8.333333333333334 45.333333333333336 26.0153 12 13
MGG_06823T0 62.66666666666667 69.33333333333333 47.333333333333336 58 56 117.66666666666669 80 75.66666666666667 81
MGG_17406T0 12.333333333333334 22.666666666666668 7 19.333333333333332 7.333333333333333 27.666666666666668 28.333333333333332 15 24.666666666666668
MGG_06542T0 297.3333333333333 1192.6666666666667 338.6666666666667 769.6666666666666 330.6666666666667 1089 1456.6666666666667 407.6666666666667 1693
MGG_17404T0 3 7.666666666666667 5 14.333333333333334 1.6666666666666667 17.666666666666668 15 6.666666666666667 15.666666666666666
MGG_01769T0 145.62886666666668 283.967 91.81686666666668 368.32733333333334 55.3304 305.10566666666665 297.27933333333334 122.422 310.7803333333333
MGG_00155T0 332.6666666666667 387.6666666666667 595 785.6666666666666 483.6666666666667 723.3333333333334 371.6666666666667 492.3333333333333 866.6666666666666
MGG_01088T0 1753 1479.3333333333333 3222.3333333333335 4716.666666666667 1586.3333333333333 5016 2065.6666666666665 1860.6666666666667 5603.666666666667
MGG_15507T0 0 0 1 2 0 1.6666666666666667 0.33333333333333337 0 1.6666666666666667
MGG_03823T0 214 15 71 381.3333333333333 77.33333333333333 363 106.66666666666669 44 459
MGG_16418T0 46 50 25 104.33333333333331 26.333333333333332 80.33333333333333 28.333333333333332 30.666666666666668 80.66666666666667
MGG_14634T0 41 25.333333333333332 36.666666666666664 104 21.333333333333332 91.66666666666669 51.666666666666664 31.333333333333332 65.33333333333333
MGG_01862T0 157.66666666666666 58.333333333333336 53.333333333333336 328.3333333333333 51.333333333333336 259.3333333333333 159 31.333333333333332 179.66666666666666
MGG_01989T0 6 1.3333333333333337 1 16.666666666666668 0 11.333333333333334 10.666666666666666 0.6666666666666666 9.333333333333334
MGG_08705T0 555.1866666666667 143.319 389.86966666666666 727.1293333333333 187.95066666666668 787.807 654.6343333333333 215.5463333333333 721.5623333333333
MGG_03205T0 935.6666666666669 390.6666666666667 643.6666666666666 3111.3333333333335 458 3852 3173.3333333333335 248.66666666666663 1914.3333333333333
MGG_01567T0 199 56 106 270.3333333333333 80.66666666666667 311.6666666666667 273.6666666666667 88 184.66666666666663
MGG_13428T0 20 39.666666666666664 34.666666666666664 73.33333333333333 30.333333333333332 99.66666666666669 47.666666666666664 22.666666666666668 89.33333333333333
MGG_05981T0 1151.6666666666667 252 1261.3333333333333 3315 808.3333333333334 4803.333333333333 2090.3333333333335 747.3333333333334 3784.3333333333335
MGG_06168T0 883.6666666666666 499.6666666666667 1250.3333333333333 2638 379.6666666666667 3035 1741 748 2261.6666666666665
MGG_00718T0 360.6666666666667 200.66666666666663 770 905.6666666666666 318.3333333333333 1053.3333333333333 799 387.6666666666667 679.3333333333334
MGG_09179T0 1030.6666666666667 1697 3937 4047.3333333333335 1356.3333333333333 8609.666666666666 4299.333333333333 1609 4776.666666666667
