target_id Guy11_0h Guy11_4h Guy11_24h Dbip1_0h Dbip1_4h Dbip1_24h Dmst12_0h Dmst12_4h Dmst12_24h
MGG_15685T0 46 42.333333333333336 30.666666666666668 20 43.333333333333336 14.666666666666666 35 8 23.333333333333332
MGG_09000T0 504.6666666666667 432.3333333333333 231.66666666666663 60.666666666666664 193.66666666666663 19.333333333333332 32.333333333333336 184.33333333333337 19
MGG_01057T0 1792.6666666666667 2118.6666666666665 1032 809 1304.3333333333333 745.3333333333334 1106.6666666666667 1120 787.3333333333334
MGG_07361T0 1216.6666666666667 1530.6666666666667 78.66666666666667 1649.3333333333337 1082 45.666666666666664 439.6666666666667 431.6666666666667 86
MGG_13936T0 36087.666666666664 45094.666666666664 6816 16898.333333333332 44194.666666666664 8421.666666666666 13482 24971.333333333332 3203.3333333333335
MGG_02933T0 1554 2293.6666666666665 274.3333333333333 1336 1526 503.3333333333333 587 858.3333333333334 362
MGG_06314T0 254.73833333333332 866.442 604.3023333333333 847.9516666666666 527.2756666666667 603.5096666666667 809.6096666666666 544.068 708.7476666666666
MGG_00496T0 1228.3333333333333 2209.3333333333335 1412.3333333333333 2320.3033333333333 1817.3233333333333 1736.9733333333334 2368.6366666666668 1291 1732.6433333333334
MGG_01682T0 114.33333333333331 529.3333333333334 307 760 458.6666666666667 450 543.3333333333334 293 501.3333333333333
MGG_03438T0 1162 1922 533.6666666666666 2455.3333333333335 1703.6666666666667 1102.3333333333333 2375.6666666666665 1113.3333333333333 883.6666666666666
MGG_03214T0 1027.6666666666667 2287.3333333333335 1172.6666666666667 3857.3333333333335 1924.6666666666667 1450.6666666666667 3675.6666666666665 1455.6666666666667 1453.3333333333333
MGG_11237T0 477.3333333333333 1027 229.66666666666663 1608 711.3333333333334 540 435.3333333333333 478.6666666666667 277
MGG_16127T0 15 37.666666666666664 9.333333333333334 54.333333333333336 28 20.666666666666668 34 23.666666666666668 18.333333333333332
MGG_12350T0 24 30.040266666666668 10.666666666666666 29.666666666666668 10.666666666666666 20 11.333333333333334 12 22.044833333333333
MGG_13557T0 500 1545.3333333333333 673.6666666666666 1785.6666666666667 562 498 478.6666666666667 287.6666666666667 609.6666666666666
MGG_03404T0 2817.3333333333335 4272 1299.3333333333333 4556.333333333333 1420.6666666666667 2006 1911.6666666666667 794.6666666666666 1926
MGG_05625T0 400.4626666666667 487.844 324.081 502.266 353.6943333333333 325.78666666666663 281.539 209.17066666666668 317.12
MGG_06680T0 815.8503333333333 1766.1766666666667 931.0263333333334 1384.3546666666666 947.8963333333334 932.1403333333334 1029.232 797.2106666666667 1303.1733333333334
MGG_05514T0 420.3333333333333 1761.6666666666663 409.6666666666667 855.6666666666666 60.666666666666664 133.33333333333334 280.3333333333333 91 595.3333333333334
MGG_01494T0 3069.3333333333335 7208.333333333333 1312.3333333333333 4447.666666666667 3328 3047.6666666666665 3535.6666666666665 2653.3333333333335 1237
MGG_09268T0 834.3333333333334 1642.3333333333333 389.3333333333333 1070 758 474.6666666666667 295.3333333333333 530.6666666666666 728.3333333333334
MGG_03403T0 71.33333333333333 232 19 163.66666666666666 79.33333333333333 22.333333333333332 46 41.666666666666664 36.333333333333336
MGG_00076T0 2182 3727.3333333333335 1532 2026 1987 976.6666666666666 3307 1977 1706.6666666666667
MGG_10848T0 171.66666666666666 974.6666666666666 109 533.3333333333334 265.6666666666667 84 577.6666666666666 145.66666666666666 316.3333333333333
EFMOT00000000215 13.333333333333334 61.97436666666667 5.666666666666667 5.492064333333333 9.327466666666666 4.666666666666667 23.586266666666667 1.8666666666666667 11.702143333333334
MGG_15553T0 55.344566666666665 162.33333333333334 51.333333333333336 63.717666666666666 54.721266666666665 33.344633333333334 111.6912 41 46.7086
MGG_08285T0 162.33333333333334 1089.6666666666667 93.33333333333331 147 439 383.3333333333333 281.3333333333333 525.3333333333334 175.33333333333334
MGG_12671T0 9961.98 30258.933333333334 2681.5633333333335 4020.043333333333 13280.1 6201.346666666666 9304.743333333334 14567.7 6677.966666666666
MGG_03578T0 25449.333333333332 44020.666666666664 15667.666666666666 19728 22873.666666666668 23256 24333 25799.333333333332 20119.333333333332
MGG_02722T0 2600.6666666666665 6634.333333333333 884 1280.6666666666667 3240.3333333333335 1679.3333333333333 2251.3333333333335 1657.6666666666667 1337
MGG_13509T0 340.6666666666667 540.3333333333334 210.66666666666663 250.66666666666663 374.3333333333333 262 347.3333333333333 271.6666666666667 236.66666666666663
MGG_07332T0 1525.496666666667 3175.096666666667 851.36 1494.7933333333333 2094.54 1081.612 2332.076666666667 1496.0466666666666 1537.6166666666668
MGG_05070T0 2545 12594.666666666666 827 2377 6067 902.6666666666666 5888.666666666667 2409.3333333333335 599
MGG_02431T0 4.333333333333333 27 0.33333333333333337 3.6666666666666665 12.666666666666666 2.3333333333333335 12 2 2.6666666666666665
MGG_15423T0 1867.6666666666667 3723.6666666666665 1358 2287.6666666666665 1789.3333333333333 1075.3333333333333 3035.6666666666665 2056.6666666666665 2825.6666666666665
MGG_07200T0 47612 75811.33333333333 14937.333333333334 41463.333333333336 55746.666666666664 21995 54332.333333333336 46983.666666666664 54588.333333333336
MGG_02686T0 281 413.6666666666667 152.66666666666666 420.3333333333333 245 173.33333333333334 353.6666666666667 245.33333333333337 269.3333333333333
MGG_04389T0 445.2746666666667 738.9200000000001 162.643 423.957 342.6413333333333 287.815 474.121 445.97 423.12766666666664
MGG_04643T0 1093 1789.3333333333333 370 1361.3333333333333 888 792.6666666666666 1028 906 947.6666666666666
MGG_05674T0 3249 5301.666666666667 2989.6666666666665 5001 4875.666666666667 2029 5120.333333333333 4083.6666666666665 1361.6666666666667
MGG_13549T0 30.333333333333332 95 58 59.333333333333336 95 26 93 31.666666666666668 28
MGG_01227T0 1451.3333333333333 4449 2538.6666666666665 3774.6666666666665 3312.6666666666665 1850 4652.666666666667 2364.3333333333335 2497.3333333333335
MGG_04564T0 13425 22376 15612 22179.333333333332 18629 10169.666666666666 25758.666666666668 12013 9012.333333333334
MGG_04204T0 1941.3333333333333 3573.6666666666665 1837 3022.3333333333335 2773.3333333333335 1388.3333333333333 4101.666666666667 1989.6666666666667 1800
MGG_02849T0 2522 7855.333333333333 767 3195 6412 1297.6666666666667 6212.333333333333 3128 726.3333333333334
MGG_11945T0 363 1368 269.3333333333333 746 838 430.6666666666667 1044.6666666666667 658 365
MGG_02915T0 185.33333333333337 462.3333333333333 83 316.6666666666667 290.3333333333333 105 387.3333333333333 258 164.66666666666666
MGG_04520T0 736.6143333333333 1891.3333333333333 829.5596666666667 1451 1511.6666666666667 923.213 1265 872.852 871.3333333333334
MGG_02520T0 3794.3333333333335 11377.333333333334 2055 9959.666666666666 8852.333333333334 2478 7274.333333333333 6607 3202.6666666666665
MGG_06672T0 3259 7505 2305 6729.666666666667 6120.333333333333 3933.6666666666665 4675.333333333333 4253.333333333333 3397.3333333333335
MGG_09970T0 651.6666666666666 2386 1338.3333333333333 1762.3333333333333 2330.6666666666665 1559.3333333333333 1577.3333333333333 1079.6666666666667 1291.6666666666667
MGG_01028T0 2054 6324 1750.6666666666667 4727.666666666667 3770.6666666666665 2223.3333333333335 4133 3615.6666666666665 3509.3333333333335
MGG_08463T0 710.6666666666666 2013 755.3333333333334 1337.6666666666667 1535.3333333333333 844.3333333333334 1184.6666666666667 1272.6666666666667 1221.3333333333333
MGG_01799T0 188 679 281.3333333333333 464 460 319.6666666666667 360 338 432.6666666666667
MGG_01260T0 1381 7811 4506 5619.333333333333 5048 4290.333333333333 4385.333333333333 4717 3922.3333333333335
MGG_00468T0 1200 3528.3333333333335 1860.6666666666667 2503.3333333333335 3014 1603.6666666666667 1722.3333333333333 2224 1538
MGG_17841T0 3687 13860.666666666666 6502.666666666667 9928 9334.666666666666 4391.666666666667 8043.333333333333 7533 6460.666666666667
MGG_06057T0 2153.6666666666665 7778.666666666667 4464 6427 6519 2913 4437.666666666667 4038.3333333333335 4251.333333333333
MGG_07246T0 4.333333333333333 6.666666666666667 4 0 3 1.3333333333333337 4 0.6666666666666666 5.666666666666667
MGG_03479T0 2481.1433333333334 2336.42 1609.2033333333334 1240 1445.36 1307.6666666666667 1951.3966666666663 1373.9166666666667 2550.1
MGG_06887T0 1684 1982.3333333333333 1216.6666666666667 980 1007.3333333333334 889.3333333333334 1640 1403.3333333333333 1856.3333333333333
MGG_08527T0 387.6666666666667 601 121.33333333333331 181 234 284 478.3333333333333 214.66666666666663 509.6666666666667
MGG_11317T0 4169.333333333333 9900.333333333334 4992.666666666667 3475.6666666666665 2141 2966.3333333333335 5639 2488.3333333333335 9383.666666666666
MGG_00652T0 2902 5845 2762.3333333333335 1509.3333333333333 1421 3097 3643.3333333333335 1435.3333333333333 5215.666666666667
MGG_01768T0 2236.3333333333335 12365.333333333334 2817.3333333333335 3700.3333333333335 1561 4358.333333333333 5743.333333333333 1657.6666666666667 6371.333333333333
MGG_03288T0 10175.333333333334 22068.333333333332 8777 11931 7471 11180.333333333334 10828 7039.333333333333 14413.333333333334
MGG_15750T0 74 116.66666666666669 49.666666666666664 65 41.333333333333336 52.666666666666664 76.66666666666667 37.333333333333336 83.33333333333333
MGG_10847T0 1459.6666666666667 3468.6666666666665 1318 1570.6666666666667 1094 1024 1851 910.3333333333334 2276.3333333333335
MGG_09516T0 1415 2828 1093.3333333333333 1105 1084.3333333333333 855 1757 1100.3333333333333 2043
MGG_00619T0 147.66666666666666 155 60 50.333333333333336 82.66666666666667 126.33333333333331 75.66666666666667 91.66666666666669 118.66666666666669
MGG_08159T0 1735 2143.6666666666665 1027.6666666666667 1202 748 1392.3333333333333 1246.3333333333333 844 1936.3333333333333
MGG_15779T0 26.666666666666668 36 11 13.666666666666666 6.333333333333333 15.666666666666666 12.666666666666666 10.333333333333334 28.333333333333332
MGG_07673T0 543.3333333333334 937 403.3333333333333 379.6666666666667 402 627 548 457.3333333333333 717.3333333333334
MGG_05961T0 654 1314.6666666666667 399 356.3333333333333 479.3333333333333 995 617.3333333333334 641 1281
MGG_02407T0 4330.666666666667 6280.666666666667 2974 1483 2830.6666666666665 3897.3333333333335 1453.6666666666667 1705.3333333333333 6470
MGG_05390T0 18.333333333333332 27.666666666666668 11.666666666666666 3.6666666666666665 11.666666666666666 13.333333333333334 11.666666666666666 9.666666666666666 20.666666666666668
MGG_15074T0 254.33333333333337 444.3333333333333 348 212.66666666666663 180.66666666666663 248.66666666666663 332.6666666666667 304.3333333333333 334.6666666666667
MGG_10359T0 1992 6696.666666666667 3767.3333333333335 1898.3333333333333 1951.6666666666663 4712.666666666667 4853 3817.6666666666665 3689.3333333333335
MGG_17846T0 15.0079 117.1399 48.0072 4.141066666666667 84.06416666666667 6.956366666666666 112.8153 65.6302 59.88953333333333
MGG_13032T0 738.3333333333334 1447.3333333333333 600 324 746.6666666666666 468 949.3333333333334 853 1087.3333333333333
MGG_14085T0 80.767 253.77433333333337 136.90866666666665 53.449333333333335 82.01876666666666 33.87456666666667 182.33833333333337 75.14686666666667 153.78766666666667
MGG_08537T1 0 6 0.6666666666666667 0 1 0 5 1 2.666666666666667
MGG_11605T0 243.66666666666663 527.6666666666666 480 155.33333333333334 361.6666666666667 650.3333333333334 126 168.66666666666666 366.3333333333333
MGG_07715T0 362.6666666666667 600.6666666666666 790.3333333333334 238.66666666666663 552.6666666666666 843 173 469.6666666666667 709.3333333333334
MGG_13766T0 1.6666666666666667 73.66666666666667 113.33333333333331 1.3333333333333333 51.333333333333336 121.33333333333331 1.6666666666666663 18.666666666666664 95.66666666666669
MGG_14358T0 28.1159 105.4992 119.52226666666668 15.944666666666668 62.014633333333336 163.786 10.201373333333333 48.4785 126.0808
MGG_17200T0 207.66666666666663 504 496.6666666666667 132.33333333333334 420.6666666666667 575 77.33333333333333 405.6666666666667 450.6666666666667
MGG_02472T0 274.3333333333333 793 692.3333333333334 259.3333333333333 659.3333333333334 935.3333333333334 337.3333333333333 517.3333333333334 674.3333333333334
MGG_15950T0 261 1640 728.3333333333334 138 780 1323.6666666666667 187.33333333333337 573 1184.0813333333333
MGG_05608T0 295.545 1410.86 754.0736666666667 108.4323 752.17 1687.493333333333 100.77363333333334 866.2016666666667 1445.3433333333337
MGG_03287T0 49.333333333333336 1701.3333333333333 534 80.33333333333333 814.6666666666666 2075 64 631 1473
MGG_06846T0 25 828.3333333333334 373.3333333333333 20 468.6666666666667 721.6666666666666 15.666666666666666 579 360.6666666666667
MGG_01343T0 212 874.6666666666666 473.3333333333333 95 624 1214.3333333333333 63.666666666666664 470.3333333333333 436.6666666666667
MGG_17398T0 426.6666666666667 741.3333333333334 526.6666666666666 169.33333333333334 201 880 295 162.66666666666666 337
MGG_00585T0 1.3333333333333333 3.6666666666666665 2 0.33333333333333337 0.33333333333333337 3.6666666666666665 0.33333333333333337 0 1
MGG_00659T0 219.66666666666663 11123 5877.333333333333 116.66666666666669 2429 9527.333333333334 127.33333333333331 1872.3333333333333 2636.6666666666665
MGG_05092T0 250.66666666666663 800 474.3333333333333 166.33333333333334 398 705.6666666666666 215.33333333333337 181.66666666666663 147
MGG_12477T0 394 1190.3333333333333 368.3333333333333 332 639 1072.6666666666667 625.6666666666666 615.3333333333334 772
MGG_09178T0 9.666666666666666 50 18.666666666666668 12.333333333333334 25.333333333333332 37.666666666666664 18.333333333333332 13.333333333333334 31.666666666666668
MGG_03489T0 22 56.666666666666664 29.666666666666668 29.333333333333332 32.666666666666664 42.333333333333336 38.333333333333336 30.666666666666668 39.666666666666664
MGG_03399T0 200.33333333333337 519.3333333333334 207 227 238.33333333333337 396 176 271.6666666666667 335.6666666666667
MGG_05625T1 1373.2033333333334 2523.1566666666668 1453.253333333333 1376.7333333333331 1251.9733333333334 2137.5466666666666 1057.795 1413.493333333333 1733.8833333333334
MGG_01984T0 17 246 38.666666666666664 33 53.333333333333336 145.66666666666666 21.333333333333332 54.666666666666664 62.666666666666664
MGG_17726T0 3.3333333333333335 41.666666666666664 7 0.33333333333333337 9 24.333333333333332 7.333333333333333 6 15
MGG_13834T0 449.3333333333333 1287 553.3333333333334 249.33333333333337 353 712.3333333333334 353.3333333333333 369.3333333333333 489
MGG_16447T0 0.33333333333333337 7.333333333333333 2.3333333333333335 1 1.6666666666666663 4 0 0 1.3333333333333337
MGG_09676T0 0 951 257 0.33333333333333337 3.6666666666666665 613.3333333333334 0 4.666666666666666 244.33333333333337
MGG_10006T0 0 1002.3333333333334 260 1.6666666666666667 34.666666666666664 454 2.6666666666666665 46.666666666666664 161.66666666666666
MGG_00086T0 18.666666666666668 2010.3333333333333 574.3333333333334 9 153.66666666666666 1126.6666666666667 8 26.333333333333332 196.66666666666669
MGG_05575T0 1 1833 282 0.6666666666666667 9 937.3333333333334 0 0.33333333333333337 181.66666666666663
MGG_01125T0 2432.3333333333335 8180 4629.333333333333 5127 3580.6666666666665 6440.666666666667 3807 3994.6666666666665 5911.666666666667
MGG_10928T0 72.33333333333333 646.6666666666666 234.33333333333337 46.333333333333336 153.66666666666666 673.3333333333334 55.666666666666664 145.33333333333334 243
MGG_10679T0 34.337066666666665 1371.0776666666666 361.7873333333333 46.6888 55.0181 1304.8596666666667 75.7105 67.70533333333333 585.3043333333333
MGG_09753T0 7 147.33333333333334 47 9.333333333333332 21.333333333333332 144.33333333333334 4.333333333333333 31.666666666666664 80.66666666666667
MGG_11305T0 13 106.66666666666669 28.666666666666668 35.666666666666664 16.666666666666668 133 11 14 84
MGG_04627T0 37 269.6666666666667 108 97.00566666666668 36.666666666666664 289.6666666666667 49.01643333333333 47.666666666666664 143
MGG_08304T0 88.4801 698.8803333333334 328.27233333333334 336.8926666666667 189.99 734.451 37.66796666666667 147.08813333333333 343.28666666666663
MGG_17727T0 0 4 1.3333333333333337 1.3333333333333333 0 5.666666666666667 3 2.3333333333333335 2.3333333333333335
MGG_12108T0 3074.3333333333335 6134 2454 3407 1940.6666666666667 6074 4034.6666666666665 2494.6666666666665 2926
MGG_05230T0 194.66666666666663 297 125.33333333333331 185 141.33333333333334 319.6666666666667 228 114 193.33333333333337
MGG_03707T0 43.333333333333336 265 155.33333333333334 28 192.66666666666663 173.66666666666666 47 103.33333333333331 314.6666666666667
MGG_14633T0 348.19233333333335 2857.6433333333334 2080.8966666666665 440.15066666666667 2059.88 2275.18 571.6326666666666 1716.949 2974.6633333333334
MGG_07147T0 481.6666666666667 1548.513333333333 1177.14 888.0666666666667 1152.79 1032.3333333333333 838.478 858.255 1348.1966666666667
MGG_13542T0 88.4078 612.0576666666667 297.32033333333334 196.35033333333337 291.0006666666667 400.611 235.20433333333332 289.901 615.112
MGG_09907T0 684.3333333333334 1945.3333333333333 1201.73 1165.6666666666667 1373.3333333333333 1303.6666666666667 1308.09 1222.0466666666666 1910
MGG_05116T0 425.6666666666667 726.3333333333334 311.3333333333333 201.33333333333337 661.6666666666666 585.6666666666666 290.6666666666667 452.6666666666667 750
MGG_16239T0 8 26.333333333333332 12.666666666666666 0.33333333333333337 19 6 4.333333333333333 14.666666666666666 29.333333333333332
MGG_15954T0 1026.6666666666667 2390 1179.6666666666667 513.3333333333334 1766 1253.6666666666667 388.3333333333333 1687.6666666666667 2654.3333333333335
MGG_02425T0 4506.333333333333 30155 9587.666666666666 8164.333333333333 19338 9684.333333333334 8709.333333333334 16193.333333333334 19919
MGG_07503T0 561.3333333333334 1895.6666666666667 924.6666666666666 512.6666666666666 977 869.6666666666666 838.6666666666666 1223.6666666666667 1755.3333333333333
MGG_03508T0 110.66666666666669 970.3333333333334 169.33333333333334 93.33333333333331 338.6666666666667 283.6666666666667 61.333333333333336 430.3333333333333 652.6666666666666
MGG_13641T0 2066.62 6746.74 2138.6 1862.5266666666664 3622.5833333333335 3535.58 1742.8666666666668 3894.67 5520.28
MGG_16354T0 0 4.666666666666667 0 0 0.6666666666666666 1.3333333333333333 0 4.333333333333333 1
MGG_02252T0 16272 112636 37983.333333333336 6701.666666666667 59310 30648.666666666668 10548.666666666666 82091.66666666667 52648
MGG_15396T0 154.28403333333335 1069.6553333333334 365.8953333333333 40.00566666666667 301.7893333333334 113.454 217.796 814.3613333333334 354.00666666666666
MGG_00922T0 16211.666666666666 33563 18366 7655.666666666667 27067 14923.333333333334 9730.333333333334 27687 14482.333333333334
MGG_00636T0 888.6666666666666 1576.6666666666667 969.6666666666666 594.6666666666666 1351 1071.6666666666667 446.6666666666667 1592.6666666666667 766
MGG_00119T0 11094.333333333334 19520 12406 4329 12204.333333333334 9776.666666666666 4600 12574.666666666666 13645
MGG_02386T0 965 2260 1047.6666666666667 449 1788.3333333333333 1118 276.6666666666667 1488.6666666666667 1454.6666666666667
MGG_05309T0 2214.5166666666664 3213.2033333333334 2282.806666666667 1333 2766.87 1742 1238.76 2226 2137.153333333333
MGG_02419T0 924.3333333333334 10958.666666666666 7333.666666666667 2433.6666666666665 8296.333333333334 2848.3333333333335 2271.6666666666665 6370.666666666667 1532
MGG_05218T0 641.927 3260.4466666666667 3277.56 1350.5956666666666 3376.9133333333334 1663.1466666666668 1289.3590000000002 3385.733333333333 1324.9566666666667
MGG_04961T0 193.66666666666663 5276 3897.6666666666665 68.33333333333333 5677.333333333333 1201.6666666666667 61.333333333333336 4454.333333333333 989.3333333333334
MGG_15174T0 44 579 434.6666666666667 82 622.3333333333334 253 133.33333333333334 451 200
MGG_01457T0 409.8663333333334 1207.2133333333334 1087.06 549.4200000000001 1224.44 749.0673333333333 587.225 1051.789 607.8883333333333
MGG_01495T0 27 69.66666666666667 42 3.6666666666666665 64.33333333333333 10 13 44.333333333333336 9
MGG_02851T0 4524.333333333333 26603.666666666668 18338 2770 33390.666666666664 7232 4501 19499 3870.3333333333335
MGG_17010T0 2 10.333333333333334 8.333333333333334 0.6666666666666666 16.333333333333332 1 2 8.333333333333334 0
MGG_09474T0 36.666666666666664 98.66666666666669 47 12 101 7 11.333333333333334 21 37
MGG_17542T0 36 665 436.6666666666667 45.333333333333336 1103.3333333333333 137 49 15.333333333333334 190
MGG_15524T0 18.666666666666668 60.333333333333336 27.666666666666668 5.666666666666667 43.333333333333336 23.666666666666668 15.666666666666666 24 31.666666666666668
MGG_17488T0 13.333333333333334 54 24.333333333333332 6 38.333333333333336 21 14.666666666666666 21.333333333333332 21.333333333333332
MGG_17703T0 170 416 235.33333333333337 105 338.6666666666667 176.66666666666666 157.33333333333334 155.66666666666666 297.6666666666667
MGG_03705T0 1098 1865.3333333333333 1533.3333333333333 982.3333333333334 1843.3333333333333 1239.6666666666667 1265 1138 1560.6666666666667
MGG_11236T0 619.7983333333334 4970.42 3702.3966666666665 769.2186666666666 4784.67 2610.96 908.108 2784.4466666666667 4481.493333333333
MGG_05006T0 103.33333333333331 290.3333333333333 193 77.33333333333333 238.66666666666663 162.33333333333334 101 182.33333333333337 242.33333333333337
MGG_04852T0 435.3333333333333 5394 2998.3333333333335 833.3333333333334 5265 2499.6666666666665 744.3333333333334 1616.3333333333333 3735
MGG_06939T0 227.37866666666667 1309.5433333333333 621.1576666666666 301.9316666666667 1224.0563333333334 535.7416666666667 362.835 669.7876666666666 838.656
MGG_16483T0 24.016666666666666 222.41066666666663 115.1883 5.44743 213.16666666666663 162.11033333333333 39.63446666666667 174.00266666666667 161.84066666666666
MGG_04810T0 228.66666666666663 1102 622.6666666666666 176 951 739.6666666666666 157.33333333333334 551.3333333333334 640.6666666666666
MGG_16490T0 454 1343.3333333333333 685.6666666666666 255.66666666666663 1406.3333333333333 690 238 861.6666666666666 774
MGG_07709T0 317.3333333333333 2020 804.6666666666666 306 1928 1111.3333333333333 409.3333333333333 1130 1000.6666666666666
MGG_02522T0 171 242 74.33333333333333 69.33333333333333 226 135.33333333333334 83.66666666666667 165.66666666666666 137.33333333333334
MGG_07302T1 845.3716666666667 1142.3566666666666 562.375 384.123 1102.3173333333334 509.0316666666667 712.8836666666666 769.1816666666666 661.655
MGG_01311T0 2094.61 8926.626666666667 1753.5166666666669 5023.333333333333 5236.01 2482.8766666666666 4116.016666666666 4989.98 2364.4166666666665
MGG_12327T0 1338.6666666666667 3850 1710 2106.6666666666665 2834.3333333333335 1662.6666666666667 2044 2257 1425.3333333333333
MGG_11178T0 1556.3333333333333 9272.333333333334 3286 3964 6504.333333333333 2774 4302.666666666667 5072 3119.6666666666665
MGG_04855T0 2562 11705.333333333334 2721.6666666666665 5817 8393.666666666666 2450.6666666666665 5742.666666666667 5943.666666666667 3958
MGG_13481T0 754.6666666666666 3446.3333333333335 1010 1316.3333333333333 2916.6666666666665 958.6666666666666 1748 1826.3333333333333 1093.3333333333333
MGG_08083T0 590.402 3187.8 742.483 1540 2761.1233333333334 886.3333333333334 1560.2866666666666 1998.3566666666668 935.4696666666666
MGG_08334T0 90.88106666666668 373.39233333333334 20.27969666666667 89.58526666666667 186.47366666666667 48.87133333333333 74.18786666666666 150.11466666666666 24.106133333333332
MGG_05860T0 1024.6666666666667 4829 532.6666666666666 1625.6666666666667 2616.3333333333335 962 1158 2114 474.3333333333333
MGG_03634T0 1978 12829 1932 3475.6666666666665 7616 2578.6666666666665 3904.3333333333335 5814.333333333333 2736
MGG_03907T0 2248 5223.666666666667 1623 2014.3333333333333 3620.6666666666665 1877 2346.3333333333335 3054.6666666666665 2096
MGG_06118T0 1571.6166666666666 4905.333333333333 1533 2156.266666666667 3652.5566666666664 1727.49 2670.36 2401.5866666666666 1437.986666666667
MGG_00408T0 1811.3333333333333 4842.333333333333 832.6666666666666 1714.3333333333333 3534 1225.6666666666667 1864.3333333333333 2257.6666666666665 996
MGG_08173T0 7679 36481 2237.6666666666665 5912.333333333333 24163.666666666668 3137 14937.333333333334 15856 2856.3333333333335
MGG_09275T1 1076.0766666666666 8947.79 2813.616666666667 2244.9133333333334 5146.23 2251.66 1514.6266666666666 5154.726666666667 3011.5133333333333
MGG_06166T0 266 2623.3333333333335 892.6666666666666 963.3333333333334 1656.6666666666667 676.6666666666666 488.3333333333333 1308.3333333333333 828.3333333333334
MGG_07561T0 1377.3333333333333 14276 2596 1850 8047 2764 4417 8237.666666666666 4323
MGG_13880T0 0 5 0 0 2.3333333333333335 0 0 3 0
MGG_03325T0 33.333333333333336 114.33333333333331 35 44.666666666666664 77 42 24 41 36.333333333333336
MGG_00451T0 2863.3333333333335 11443 817 3931.3333333333335 7942.333333333333 2200.6666666666665 2132.3333333333335 3027.3333333333335 2586.3333333333335
MGG_06577T0 245.66666666666663 1903.3333333333333 60 461 1161.3333333333333 82 128 209.66666666666663 65.66666666666667
MGG_04623T0 1021 4225.666666666667 1549.3333333333333 1605.3333333333333 2417.3333333333335 905 1707.6666666666667 1482.6666666666667 1485.3333333333333
MGG_00467T0 193.66666666666663 1048.6666666666667 379 311 675.3333333333334 239.66666666666663 305.6666666666667 267.3333333333333 367
MGG_14730T0 275 1272.6666666666667 212.33333333333337 200.66666666666663 721.6666666666666 143.33333333333334 283.3333333333333 473.6666666666667 351.3333333333333
MGG_12832T0 3570.6666666666665 8021.333333333333 2630 2649.3333333333335 5145 2981 3494.3333333333335 4292.333333333333 3774
MGG_10323T0 2798.6666666666665 13053.666666666666 2591.6666666666665 3616.6666666666665 7914.666666666667 2949 3785.6666666666665 7055 4024.3333333333335
MGG_02889T0 2420.6666666666665 121831 5092.666666666667 1637 62738 7143.666666666667 4268.666666666667 56999.333333333336 17166
MGG_00581T0 0 84.66666666666667 1.3333333333333337 0.6666666666666667 38 0.6666666666666667 0 33.333333333333336 6.666666666666667
MGG_16717T0 10.666666666666666 60.333333333333336 6.333333333333333 3.3333333333333335 28 7.333333333333333 4 17.333333333333332 8.666666666666666
MGG_09918T0 77.66666666666667 5023.333333333333 231.66666666666663 134.66666666666666 2487.6666666666665 486.6666666666667 93.33333333333331 1587 299
MGG_15449T0 2.281503333333333 46.40103333333333 2.4650233333333333 0 21.204366666666665 5.47574 0.9082933333333332 11.85575 5.461650000000001
MGG_14931T0 606.3333333333334 50810 6167 1362.6666666666667 29815.333333333332 4653.333333333333 898.6666666666666 17081.333333333332 7983.333333333333
MGG_07153T0 1307.3333333333333 8132.116666666667 990.6666666666666 661.3333333333334 5232.49 1501.95 800.2433333333333 3441.173333333333 1036.8666666666666
MGG_07307T0 2681.6666666666665 48339.666666666664 3429.6666666666665 2322 28320 5457.333333333333 1957.3333333333333 20060 6254.666666666667
MGG_17673T0 4.333333333333333 149.33333333333334 24.666666666666668 6.333333333333333 90.66666666666669 31.666666666666668 9 21.666666666666668 35.333333333333336
MGG_08766T0 6 45.333333333333336 13.333333333333334 5.666666666666667 31.333333333333332 8.666666666666666 8.333333333333334 13.666666666666666 15
MGG_11554T0 260.6666666666667 2817.3333333333335 285.3333333333333 563.6666666666666 1644 233.33333333333337 632 577.6666666666666 589
MGG_01702T0 2457.9700000000003 7891.84 3246.496666666667 3296.9 5346.94 3336.7433333333333 3694.97 3905.6766666666663 3218.7566666666667
MGG_04838T0 12.333333333333334 3150.6666666666665 86.66666666666667 21.666666666666668 1855.6666666666667 79.66666666666667 29.666666666666668 187.33333333333337 100
EFMOT00000000209 0 0.6666666666666666 0 0 0.33333333333333337 0 0 0 0
MGG_18098T0 31.896916666666662 544.5163333333334 58.3641 20.314933333333332 310.06966666666665 16.478116666666665 62.23573333333333 119.56583333333334 81.3673
MGG_00314T0 85 15606.666666666666 1034.3333333333333 91.66666666666669 9755 926 46.333333333333336 2733 1607.6666666666667
MGG_02876T0 88 75976.66666666667 3054.6666666666665 122.66666666666669 39971 3876.6666666666665 86 8715.666666666666 10184.666666666666
MGG_15084T0 0 21.614 0.4338833333333333 0 12.111136666666669 0.96173 0 2.6440566666666667 2.0647933333333333
MGG_06574T0 690.3333333333334 2221 794.3333333333334 709.6666666666666 1662.6666666666667 555.3333333333334 589.6666666666666 1027 679
MGG_10580T0 115.66666666666669 1457.6666666666667 197.33333333333337 159.33333333333334 1032 115.33333333333331 261.6666666666667 366.3333333333333 154
MGG_12165T0 60 86408.33333333333 1805.6666666666667 113 52159.333333333336 3315.3333333333335 162.33333333333334 22967 2844
MGG_05028T0 58.333333333333336 21523.333333333332 677.6666666666666 29.666666666666668 12637.333333333334 573.6666666666666 62.333333333333336 4622.333333333333 281.3333333333333
MGG_16796T0 12.333333333333334 13271.666666666666 186 14.666666666666668 7178 188 37.666666666666664 2869.3333333333335 356.3333333333333
MGG_04749T0 332.6666666666667 91729.66666666669 2124.3333333333335 3860.666666666667 63050.666666666664 3434 111.33333333333331 12510.333333333334 2584.6666666666665
MGG_00863T0 44.333333333333336 2384 71.33333333333333 32.333333333333336 1429 56 31 395 110
MGG_12020T0 0 54009.666666666664 697 0 35630.333333333336 469.33333333333337 0.33333333333333337 9927.333333333334 215
MGG_07610T0 692.6666666666666 2082 428.6666666666667 716 1490.3333333333333 677 520 890 584.6666666666666
MGG_08730T0 373 1323.6666666666667 248 361.3333333333333 994 397.3333333333333 421 484 384.6666666666667
MGG_06068T0 1275 6637.333333333333 1953.3333333333333 1034 3631 1158.3333333333333 1232.3333333333333 2839.6666666666665 1484.6666666666667
MGG_10202T0 544.3333333333334 1419 671 464.3333333333333 1015.6666666666666 475.3333333333333 541 716.6666666666666 592
MGG_06580T0 12 134.66666666666666 41.666666666666664 17 67.33333333333333 21 18.666666666666668 34.333333333333336 15.666666666666666
MGG_01550T0 5585.666666666667 14985 7956 5784 10078.666666666666 5484.666666666667 6810.333333333333 6835 6731.333333333333
MGG_08920T0 627.3333333333334 8265.333333333334 679.3333333333334 1171.6666666666667 3350.866666666667 1071.3333333333333 1336 2404.3333333333335 1298.3333333333333
MGG_04775T1 894.07 40942.566666666666 3774.18 1597.2966666666666 14634.366666666669 1281.3866666666663 1879.9033333333336 12270.18 6791.526666666667
MGG_01778T0 217 17174 687.3333333333334 776.6666666666666 4882.666666666667 613.6666666666666 578.3333333333334 3492.6666666666665 1366.3333333333333
MGG_09460T0 3416 67517.66666666667 3885.3333333333335 1088 21975.666666666668 3797 2055 17804.666666666668 9782.666666666666
MGG_08499T0 171.672 1849.7333333333331 174.80533333333335 118.452 707.5193333333333 193.46166666666667 146.66 487.13033333333334 285.93600000000004
MGG_05059T0 647.6666666666666 67300 4662.666666666667 216 20469 4331 432.3333333333333 15892.666666666666 13820.666666666666
MGG_07793T0 85 9253.666666666666 770 111 3002 935 241 2356.3333333333335 2360.6666666666665
MGG_07202T0 4597 30900.333333333332 7963.666666666667 6179 15861.333333333334 5874.333333333333 6639.666666666667 10575 10125.333333333334
MGG_16409T0 382.0196666666667 18394.566666666666 662.4446666666666 632.7236666666666 6562.32 1297.8653333333332 668.7506666666667 3087.9 4143.233333333334
MGG_07215T0 82.33333333333333 13500.666666666666 774 176.33333333333334 5678.666666666667 934.6666666666666 157.66666666666666 2432 2910.6666666666665
MGG_01453T0 30 5372.666666666667 166.66666666666666 30 2367.6666666666665 228 22.666666666666668 628 281.6666666666667
MGG_00022T0 1 40 2.666666666666667 1.3333333333333333 16.666666666666668 0.33333333333333337 0.6666666666666667 7 2.3333333333333335
MGG_08111T0 31 8529.666666666666 445.3333333333333 23 3181.6666666666665 124.66666666666669 13.666666666666666 169.33333333333334 34.666666666666664
MGG_14179T0 12.333333333333334 108826.66666666669 2169 13.333333333333334 43221.666666666664 921.3333333333334 9 3403 102.33333333333334
MGG_03966T0 21 1849.3333333333333 126 42.666666666666664 697.3333333333334 168.66666666666666 18.666666666666668 218.66666666666663 136.33333333333334
MGG_07836T0 0 191.66666666666663 1.6666666666666663 0.6666666666666666 63.333333333333336 4 0 23.333333333333332 2
MGG_02296T0 0 194561 2408 2.6666666666666665 61712 3079.3333333333335 0.6666666666666667 11017.333333333332 984.6666666666666
MGG_07372T0 0 14638 199.66666666666663 0 4726.333333333333 163.66666666666666 0 932 34.33333333333333
MGG_12793T0 52 291 31.666666666666668 35 108.66666666666669 22.666666666666668 28.333333333333332 28.333333333333332 24
MGG_08267T0 587.3333333333334 5696.97 479.6666666666667 312.86899999999997 2287.633333333333 202.33333333333337 446.6666666666667 485.6666666666667 807.0786666666667
MGG_15450T0 0 8.333333333333334 0 0 4 1.3333333333333333 0 0.6666666666666667 0.6666666666666667
MGG_12617T0 534 6017.666666666667 612 907.3333333333334 2958 1400 876 1509.6666666666667 1142.3333333333333
MGG_01366T0 9 154.66666666666666 19.666666666666668 31.333333333333332 71.33333333333333 30 20 36 32
MGG_03638T0 969.3333333333334 2562.6666666666665 963.3333333333334 580.3333333333334 1407.6666666666667 878.3333333333334 636 919.3333333333334 1203.6666666666667
MGG_17751T0 12.333333333333332 69.66666666666667 13.666666666666666 3 33.666666666666664 11.333333333333334 2 15.666666666666666 11.666666666666666
MGG_08577T0 2725.6666666666665 8239 2395.3333333333335 1418.6666666666667 3651 1990.6666666666667 1249.3333333333333 2901 1718
MGG_12906T0 4813.693333333334 18339 4533.0199999999995 494.148 12267.076666666666 3183.4566666666665 332.166 1222.707 760.9746666666666
MGG_05331T0 1011.2043333333332 1938.0866666666668 1117.92 605.0853333333333 1333.643 821.183 896.7959999999999 839.14 863.3249999999999
MGG_03908T0 581.3333333333334 1415 291.3333333333333 371.6666666666667 1067.6666666666667 380.6666666666667 412 741.6666666666666 421.3333333333333
MGG_13290T0 337 640.6666666666666 210 253.66666666666663 510.3333333333333 284.6666666666667 166 349.6666666666667 260.6666666666667
MGG_07229T0 2838.6666666666665 6025.666666666667 2563.3333333333335 1226 6133.333333333333 2616.3333333333335 1593.3333333333333 2352 2378.6666666666665
MGG_00180T0 1211.3333333333333 2605.3333333333335 891.3333333333334 875.6666666666666 2070.6666666666665 858.6666666666666 1156.6666666666667 1044 1070.6666666666667
MGG_08775T0 211.66666666666663 540.6666666666666 190.33333333333337 134 469.6666666666667 102.33333333333331 126 211 142.66666666666666
MGG_03439T0 699.3333333333334 12593.333333333334 2159.3333333333335 873.3333333333334 9875.333333333334 3304.6666666666665 744 1235.6666666666667 982.6666666666666
MGG_17487T0 0 5.666666666666667 1 0.33333333333333337 4.666666666666667 0.33333333333333337 0.33333333333333337 0.6666666666666667 0.33333333333333337
MGG_10869T0 120 9500.333333333334 252.66666666666663 520 9169.666666666666 462.3333333333333 6 640.3333333333334 16.333333333333332
MGG_18065T0 0 18.666666666666668 0 0.6666666666666667 17.333333333333332 0.33333333333333337 0 2 0.33333333333333337
MGG_07292T0 2737.9666666666667 23267.466666666667 1036.3333333333333 609.6666666666666 19689.846666666668 1726.59 666 3618.403333333333 555.8063333333333
MGG_08406T0 910.6666666666666 8866.333333333334 415 328.3333333333333 6505 332.6666666666667 81.66666666666667 968 37
MGG_00309T0 1347.6666666666667 2744.3333333333335 1082.3333333333333 1005.3333333333334 2601 1187.6666666666667 1702.6633333333334 1768.3333333333333 1421
MGG_01895T0 225 1321.3333333333333 224.66666666666663 402 1148.6666666666667 270 650.6666666666666 730.6666666666666 654.3333333333334
MGG_09054T0 111.33333333333331 345 62 71.33333333333333 421.6666666666667 86.66666666666667 12.666666666666666 253 40
MGG_04886T0 298 4978.666666666667 497 1289 6575 430.3333333333333 571.3333333333334 3165 382
MGG_01868T0 31 352.6666666666667 71 21.666666666666668 522.6666666666666 44.333333333333336 27 110.66666666666669 28.666666666666668
MGG_02692T0 154.66666666666666 1999 312.6666666666667 97 3531.6666666666665 219.33333333333337 97.33333333333331 416 134.66666666666666
MGG_04603T0 569 11989.666666666666 3705 299.6666666666667 13195 3819.6666666666665 383.6666666666667 4546.333333333333 855.6666666666666
MGG_09171T0 42 603.6666666666666 143 109.66666666666669 745.6666666666666 122.33333333333331 136 259 135.33333333333334
MGG_03910T0 365.93833333333333 2032.9833333333331 763.439 483.27566666666667 2440.0133333333333 854.9833333333333 511.32633333333337 1081.5103333333334 696.5703333333333
MGG_00591T0 110.33333333333331 2890 385 64 3700.3333333333335 480.3333333333333 76.33333333333333 1243 240
MGG_09755T0 544 5013.666666666667 809.3333333333334 1139.3333333333333 3967.3333333333335 2194 1045 2066.6666666666665 1168.3333333333333
MGG_02837T0 88.49953333333333 943.0706666666666 135.52256666666668 141.98366666666666 655.5146666666667 356.448 114.94813333333332 599.277 323.3546666666667
MGG_16424T0 50.333333333333336 1706 151 30.666666666666668 1088.6666666666667 239 146 936.6666666666666 386.3333333333333
MGG_00987T0 6124.666666666667 32391 6462.333333333333 5220.666666666667 24199 8532.333333333334 6412 18392.333333333332 12142
MGG_11498T0 136.66666666666666 639 150 258.3333333333333 555.6666666666666 245.66666666666663 163.66666666666666 381.6666666666667 232
MGG_01816T0 2580 11437 3235.6666666666665 4363.333333333333 8121.666666666667 4096.666666666667 3682.6666666666665 6997.666666666667 3992.3333333333335
MGG_09096T0 1121.3333333333333 8180.666666666667 1213 1963.6666666666667 5593 2868.3333333333335 1718.3333333333333 4600.333333333333 2297.3333333333335
MGG_01150T0 1044.6666666666667 12191.666666666666 4020.6666666666665 551.3333333333334 9057.333333333334 3451.6666666666665 740.3333333333334 5878.333333333333 4547.666666666667
MGG_00740T0 182.33333333333337 3124 1066.3333333333333 210.33333333333331 2332 1156 123.66666666666669 1600.3333333333333 929
MGG_01717T0 61.666666666666664 2354 345.6666666666667 25 1914.9 871.7533333333333 29.666666666666668 1091.6666666666667 451.6666666666667
MGG_04282T0 1.6666666666666663 123 21.333333333333332 3.666666666666667 75.33333333333333 28.666666666666668 0.6666666666666667 46 19.666666666666668
MGG_04828T0 1830.1266666666663 8733.183333333332 2617.4466666666667 821.3276666666667 6241.733333333333 3711.31 1022.767 4849.276666666667 2652.4166666666665
MGG_17945T0 752.3333333333334 3323.3333333333335 1057.6666666666667 651.3333333333334 2353.6666666666665 1356.3333333333333 582.6666666666666 1868.6666666666667 1079.6666666666667
MGG_04963T0 68.33333333333333 1426.3333333333333 207.33333333333337 27.333333333333332 703.3333333333334 417.3333333333333 34.333333333333336 608.6666666666666 238.33333333333337
MGG_03743T0 203.31866666666667 3151.3333333333335 489.6666666666667 217.42566666666667 1771.5633333333333 883 245.405 1435.5266666666666 1028.02
MGG_07328T0 1185.3333333333333 5265.333333333333 1070.6666666666667 602.3333333333334 3193.6666666666665 2261.6666666666665 535 3212.6666666666665 2149
MGG_16429T0 248.66666666666663 1008.6666666666666 245 186.66666666666663 681 555 167 569.6666666666666 369.6666666666667
MGG_17682T0 186 842.3333333333334 281.6666666666667 175.33333333333334 789 197 212 392 289.3333333333333
MGG_09508T0 1328 3983.3333333333335 1655.3333333333333 993 3215 1263 1377 2108.3333333333335 1667.3333333333333
MGG_07557T0 54.333333333333336 388.3333333333333 120 56.333333333333336 312 80.33333333333333 76.33333333333333 145.33333333333334 123
MGG_11502T0 119.33333333333331 1580 489.3333333333333 94.66666666666669 1285.3333333333333 326.6666666666667 262.6666666666667 788.3333333333334 566.6666666666666
MGG_06849T0 485 3148 1247.3333333333333 563.6666666666666 2774 956.3333333333334 763.6666666666666 1937.6666666666667 1593.6666666666667
MGG_12865T0 206.66666666666663 22084.666666666668 10300.333333333334 480.6666666666667 19032.333333333332 3126.6666666666665 616 9029.333333333334 7219
MGG_15239T0 1257 6196.333333333333 2916.6666666666665 968.3333333333334 5103.333333333333 1620.6666666666667 1223.3333333333333 3150.3333333333335 1669
MGG_06521T0 534.3333333333334 1631 803.3333333333334 440.6666666666667 1245.3333333333333 555 495.3333333333333 960.3333333333334 680
MGG_01221T0 44.58273333333334 707.577 245.40166666666667 30.5376 570.5753333333333 118.172 22.466666666666665 317.67333333333335 197.27166666666668
MGG_13360T0 21.333333333333332 272.6666666666667 90.66666666666669 21.333333333333332 203 69 27 121.66666666666669 75.66666666666667
MGG_00300T0 21 304.6666666666667 46 5 235 13.666666666666666 6.666666666666667 145.33333333333334 41
MGG_00374T0 197 7998.666666666667 1650.6666666666667 65.66666666666667 7120.333333333333 1012.6666666666666 476.6666666666667 4029 488.66666666666663
MGG_11025T0 0 402.6666666666667 64 0 324.6666666666667 49.333333333333336 0.33333333333333337 181.33333333333337 36.666666666666664
MGG_08367T0 2557 14537 2551 2678.6666666666665 10606.333333333334 3461.6666666666665 3802.6666666666665 7228.333333333333 2987.6666666666665
MGG_00077T0 1660.6666666666667 23648.333333333332 3287.3333333333335 1418 16993.666666666668 2069.3333333333335 2935.6666666666665 10756.666666666666 2709.3333333333335
MGG_16501T0 0.16666666666666669 178.11153333333334 3.6666666666666665 0.33333333333333337 141.4462 2 0 72.44393333333333 2.5999999999999996
MGG_00078T0 28.666666666666668 1935.3333333333333 118.66666666666669 70.66666666666667 1682.3333333333333 185 115.66666666666669 778.6666666666666 198.33333333333337
MGG_09081T0 85.66666666666667 6836.333333333333 216.66666666666663 77.33333333333333 5534.333333333333 708 122.66666666666669 2682 307.3333333333333
MGG_04527T0 1217.6666666666667 4889.333333333333 1248 1149.3333333333333 4069.6666666666665 1263.6666666666667 1458.3333333333333 2171 1505.3333333333333
MGG_06043T0 1385 9700.333333333334 1463 1304 7263.666666666667 1512.6666666666667 1322.3333333333333 3752.3333333333335 1493.6666666666667
MGG_05396T0 0 13.333333333333334 0 0 10.333333333333334 0 0 4 0.33333333333333337
MGG_08555T0 19 1641 113 35 1237.6666666666667 230 51.333333333333336 445.3333333333333 265.6666666666667
MGG_05366T0 704 9211.666666666666 1795.6666666666667 1882.3333333333333 7344.666666666667 2403 1402 4328.666666666667 2346
MGG_08639T0 108.29033333333332 10006.24 930.307 77.97943333333333 7523.666666666666 1994.8966666666668 119.38726666666668 3991.8 1039.529
MGG_02853T0 476.6666666666667 14030 1216 418.3333333333333 13203 2352.6666666666665 626.3333333333334 5913 1716.6666666666667
MGG_05690T0 2461.3333333333335 11128.333333333334 2566 2393.6666666666665 10209 3961.3333333333335 1891.3333333333333 5173.666666666667 3141
MGG_01855T0 8.666666666666666 389.6666666666667 57.666666666666664 0 420 43 49 163.33333333333334 38.333333333333336
MGG_02372T0 66.33333333333333 740 25.666666666666668 38.66666666666667 674.3333333333334 28 41.666666666666664 262 27.666666666666668
MGG_11913T0 199.33333333333337 2860 193.66666666666663 317 2936.3333333333335 389.972 193.66666666666663 1492.3333333333333 207.23066666666665
MGG_15354T0 293.3333333333333 4489.666666666667 63.333333333333336 27.333333333333332 4826.666666666667 23.333333333333332 43.333333333333336 2041.3333333333333 124.33333333333331
MGG_14884T0 69.66666666666667 1524.6666666666667 89 39.333333333333336 1446.3333333333333 119 24.666666666666668 684.6666666666666 90.66666666666669
MGG_09159T0 286.6666666666667 40540.666666666664 1583.3333333333333 320 40759 1479.3333333333333 80.33333333333333 15054.333333333334 596
MGG_14883T0 104.66666666666669 2111.6666666666665 129.66666666666666 69.66666666666667 2050.3333333333335 123.33333333333331 57.333333333333336 818.3333333333334 82.66666666666667
MGG_01856T0 30.666666666666668 2224.6666666666665 186.33333333333337 0 2078.6666666666665 216.66666666666663 406 1193.3333333333333 126.66666666666669
MGG_00764T0 371.6666666666667 2745.6666666666665 594.6666666666666 577 2618 766 733.3333333333334 1510 925.6666666666666
MGG_04669T0 255.66666666666663 3182.3333333333335 814.6666666666666 742.3333333333334 2934.3333333333335 1050.6666666666667 693.6666666666666 1840.3333333333333 844.3333333333334
MGG_11474T0 1064.3333333333333 14793 2555 290 14652.333333333334 4916.333333333333 288.6666666666667 12666 3684.3333333333335
MGG_14716T0 68.66666666666667 3778.3333333333335 91.66666666666669 116 3699 160.33333333333334 121 2398.6666666666665 113
MGG_13971T0 365.3333333333333 3484.6666666666665 94.66666666666669 82.33333333333333 4257.666666666667 114.33333333333331 200.66666666666663 2522 211.33333333333337
MGG_17373T0 43.666666666666664 3986.6666666666665 351.6666666666667 46.333333333333336 4726.666666666667 596.3333333333334 96.66666666666669 2602 379.3333333333333
MGG_03026T0 72.33333333333333 1914 356.3333333333333 41 2175.3333333333335 726.6666666666666 57.333333333333336 1343 468
MGG_12886T0 312.3333333333333 2004.3333333333333 461.6666666666667 135.33333333333334 1996.3333333333333 626.3333333333334 256.3333333333333 1496.6666666666667 473
MGG_06771T0 1786.6666666666667 43164 5417.666666666667 480 44747 9672.666666666666 3378 30740 2234.3333333333335
MGG_03635T0 103.66666666666669 1575 158.66666666666666 94.66666666666666 1410.89 429.18 102.66666666666669 900.6666666666666 252
MGG_12315T0 246.33333333333337 8398.666666666666 721.6666666666666 232 7129.666666666667 1734.3333333333333 320 4886.333333333333 886
MGG_01444T0 1176 31886 3692.3333333333335 695 27884.666666666668 6740.666666666667 1378.3333333333333 18865 4900.333333333333
MGG_04328T0 191 15221 1593.6666666666667 42.666666666666664 14154.666666666666 2825 61.333333333333336 8708 1840.3333333333333
MGG_00757T0 150.83233333333334 8993.863333333333 905.5083333333332 170.33333333333334 8782.126666666667 1864.986666666667 210.54 5370.806666666666 1318.5
MGG_06441T0 27.666666666666668 1554.3333333333333 178 14.666666666666666 1625 288.6666666666667 31 1023 200.33333333333337
MGG_12118T0 316.78366666666665 7049.08 1136.7256666666667 280.69666666666666 7422.926666666666 1762.243333333333 314.61966666666666 4449.553333333333 986.9283333333334
MGG_08022T0 22.822766666666663 5600.5199999999995 672.3253333333333 31.3006 5771.066666666667 1135.4693333333332 17.5582 3339.956666666667 757.5856666666667
MGG_04145T0 66.33333333333333 5381.666666666667 677.6666666666666 41.666666666666664 5551.666666666667 1277.6666666666667 54.666666666666664 3201 856.6666666666666
MGG_01236T0 71.33333333333333 7926.333333333333 767 40.666666666666664 7869 1971.3333333333333 34 4761 1156
MGG_11899T0 304.6666666666667 5364 757 142.66666666666666 5684 1474.3333333333333 246.66666666666663 3480.3333333333335 1070.6666666666667
MGG_08823T0 6377 33016.666666666664 2342.6666666666665 8705.333333333334 29686 3755 4812 15676.666666666666 3882.6666666666665
MGG_03887T0 725 2754.3333333333335 600 790 2196 767 1052 1567.6666666666667 659
MGG_10646T0 2205.3333333333335 14990 1761.6666666666667 2805.3333333333335 10790.666666666666 2784.3333333333335 2753 8694.333333333334 1552
MGG_07310T0 2870.6666666666665 10735.333333333334 3058.6666666666665 4435.666666666667 9135 2860.3333333333335 4027.3333333333335 6680 3393.6666666666665
MGG_03275T0 2778 9674 2721 3637.6666666666665 6762.666666666667 2727.6666666666665 3014.6666666666665 5638.333333333333 3129.6666666666665
MGG_07535T0 1649 10137.333333333334 2571 3171.3333333333335 7491 2324.6666666666665 3175.3333333333335 5566 2928.6666666666665
MGG_05222T0 1110.345 7060.2266666666665 2886.19 2863.5133333333333 6977.003333333333 2959.82 2469.2966666666666 4492.343333333333 2219.4
MGG_11917T0 1638 6514 2758.3333333333335 2498.3333333333335 5347 2255.3333333333335 2271.3333333333335 3725.6666666666665 2381.3333333333335
MGG_06905T0 2401.3333333333335 10737.333333333334 4987.666666666667 4392 8418 3523.3333333333335 3899.6666666666665 7065.666666666667 3248.6666666666665
MGG_15064T0 502.6666666666667 819.6666666666666 378.6666666666667 209.66666666666663 723.3333333333334 633.6666666666666 210.66666666666663 539.6666666666666 393.3333333333333
MGG_16052T0 10.666666666666666 33.666666666666664 7.666666666666667 6.333333333333333 28 23 2 20 11.333333333333334
MGG_10322T0 755.3333333333334 2553 382.3333333333333 338.3333333333333 1114.3333333333333 1609.6666666666667 301.6666666666667 1066 1322.3333333333333
MGG_03392T0 292 1845.3333333333333 680.6666666666666 242.33333333333337 676 1052 206.66666666666663 632 558.3333333333334
MGG_15751T0 59.666666666666664 301.6666666666667 96.33333333333331 80 167.33333333333334 200 38.333333333333336 144.33333333333334 126.66666666666669
MGG_02445T0 26.333333333333332 1409.6666666666667 142.66666666666666 27 485.6666666666667 624.3333333333334 37.666666666666664 411.6666666666667 351.6666666666667
MGG_11906T0 67 1236.3333333333333 204 79.33333333333333 462 617 114.33333333333331 498.3333333333333 340.3333333333333
MGG_04758T1 1478.8633333333337 7902.486666666667 1097.5086666666666 1008.6863333333334 4100.716666666666 3895.133333333333 1212.977666666667 3301.8233333333333 1534.4666666666667
MGG_05165T0 62.666666666666664 447.6666666666667 69.66666666666667 48 278.6666666666667 311 75.66666666666667 158.33333333333334 127
MGG_16829T0 7.333333333333333 53 13 14.333333333333334 31 39.333333333333336 6 11.333333333333334 13.666666666666666
MGG_04729T0 324 3827.6666666666665 502.6666666666667 310.3333333333333 2158.6666666666665 1331.6666666666667 347.6666666666667 654.6666666666666 273.6666666666667
MGG_17257T0 3.6666666666666665 18.029033333333334 3 4.00333 9.6863 8 0.33333333333333337 4.333333333333333 3
MGG_11030T0 25 37 16.666666666666668 18.333333333333332 31 27.333333333333332 22.333333333333332 17 28
MGG_00574T0 32.333333333333336 85 21.666666666666668 26 47 18 31 38.666666666666664 57.333333333333336
MGG_17023T0 4.333333333333333 9.333333333333334 1.6666666666666667 2.6666666666666665 5.333333333333333 2 2.6666666666666665 1 5
MGG_17608T0 3.666666666666667 13 6.333333333333333 1 1.3333333333333337 3.3333333333333335 1.6666666666666663 2.3333333333333335 14.333333333333334
MGG_07697T0 20 81.66666666666667 34.333333333333336 0.6666666666666667 2 14.333333333333334 0 1.6666666666666663 67
MGG_15401T0 0.33333333333333337 13.333333333333334 3 1.3333333333333337 2.333333333333333 0 1.3333333333333333 2 11.333333333333334
MGG_15520T0 1 15.333333333333334 4 2.3333333333333335 5 1.6666666666666667 0.6666666666666667 1 16.666666666666668
MGG_02999T0 847.3333333333334 2950.6666666666665 1427 1550 1254.6666666666667 1287 1029.3333333333333 1256.6666666666667 2297.3333333333335
MGG_05572T0 76.64726666666667 297.414 116.55533333333334 141.6098 78.0136 149.13366666666667 113.58256666666666 74.7662 256.1003333333333
MGG_10297T0 4 26.666666666666668 7.666666666666667 12.666666666666666 7 12.666666666666666 5 1 21
MGG_12766T0 2371.383333333333 6118.166666666667 1840.6766666666667 1656.2286666666666 1168.506666666667 2272.2033333333334 1607.566 1357.3166666666666 3913.673333333333
MGG_08778T0 592 1351 491.6666666666667 538 550 507 414 565.6666666666666 1026.3333333333333
MGG_08498T0 48.66666666666667 1224.6666666666667 60.666666666666664 84 86 27 22 32 687.3333333333334
MGG_16177T0 0 2 0.33333333333333337 0 0 0 0.33333333333333337 0 1.3333333333333333
MGG_06169T0 292.56066666666663 3535.6033333333335 611.062 739.5296666666667 283.01866666666666 587.0840000000001 331.11233333333337 222.93066666666667 2909.473333333334
MGG_06165T0 265.3333333333333 1101 249.66666666666663 304.6666666666667 122 218 278.3333333333333 113 814.3333333333334
MGG_08926T0 398 2482 352 318 771 714 218 572.6666666666666 1380
MGG_07790T0 448.6666666666667 57925.333333333336 5494.333333333333 739.3333333333334 10971.666666666666 9052.666666666666 826.3333333333334 4137 24711
MGG_09734T0 280.6666666666667 1837.1466666666668 584.3333333333334 415.6666666666667 643.3333333333334 847.0426666666667 444 618.131 1155.79
MGG_09441T0 11 124 26.333333333333332 18.666666666666668 38 57.666666666666664 26.666666666666668 42.666666666666664 67.66666666666667
MGG_12388T0 84 8894 3800 58 1641.3333333333333 1640 46 917.3333333333334 4258.666666666667
MGG_07051T0 472.3333333333333 2031 934 553.6666666666666 699.6666666666666 873.6666666666666 373.6666666666667 691 1198.2933333333333
MGG_01255T0 930 62153 16165 1169 11007.666666666666 13843 1305 6134 26351
MGG_14113T0 3.6666666666666665 11904 746.6666666666666 5.333333333333333 445.3333333333333 3071.3333333333335 0.33333333333333337 417.66666666666663 7151.333333333333
EFMOT00000000157 0 3.3333333333333335 0 0 0.33333333333333337 0.6666666666666667 0 0.33333333333333337 2.0735033333333335
MGG_07674T0 452.6666666666667 3305 1082.6666666666667 305.6666666666667 456 1054 437 457.6666666666667 2134
MGG_16133T0 12.333333333333334 16967.333333333332 2967.6666666666665 26.333333333333332 477 2799.6666666666665 11.666666666666666 355.66666666666663 9850
MGG_10367T0 0 76.33333333333333 13.333333333333334 0 0 5.333333333333333 0 0 37.333333333333336
MGG_03307T0 6763.666666666667 50751.666666666664 13116.333333333334 8695 9498 13169 8288.666666666666 7361 27941
MGG_16132T0 0 599.3333333333334 52.333333333333336 0.6666666666666667 23.666666666666668 84.33333333333333 0.33333333333333337 17.666666666666664 310.6666666666667
MGG_15785T0 1 33 7.333333333333333 2.3333333333333335 0.33333333333333337 12.333333333333334 2 3 16.666666666666668
MGG_08938T0 2.6666666666666665 923.6666666666666 138.33333333333334 6.333333333333333 41.666666666666664 277.3333333333333 3 22.333333333333332 456.6666666666667
MGG_01334T0 3.666666666666667 4057.3333333333335 608 2.3333333333333335 437.6666666666667 976.3333333333334 5.333333333333333 256 2091.3333333333335
MGG_10051T0 103.66666666666669 21837.333333333332 3669.3333333333335 72.33333333333333 1474.6666666666667 6851.666666666667 429.6666666666667 1064.3333333333333 15662.333333333334
MGG_03436T0 6.105676666666667 86020.23333333334 14252.713333333331 9.79108 7060.74 20569.333333333332 4.166306666666666 3450.9563333333335 64448.06666666667
MGG_13744T0 1439.6666666666667 5275 2311.3333333333335 1461 1825.3333333333333 2146.3333333333335 1610.3333333333333 1807.3333333333333 4941.333333333333
MGG_05483T0 14.333333333333334 44353.666666666664 9067 20.333333333333332 1915.6666666666667 9776 7 1459 36731.666666666664
MGG_02236T0 0.6666666666666667 24 5.666666666666667 0 1.6666666666666667 4 0 2 20
MGG_02383T0 7 55.666666666666664 19.333333333333332 3.6666666666666665 8 11.666666666666666 7 12.666666666666666 39.333333333333336
MGG_10170T0 136 3283.3333333333335 1476 208 443.3333333333333 657.3333333333334 256 350 2163.3333333333335
MGG_04774T0 200.33333333333337 66805.33333333333 24843.333333333332 224.33333333333337 10298.333333333334 16161.666666666666 249.33333333333337 7908.666666666667 48585.666666666664
MGG_01503T0 1658.6666666666667 4592.666666666667 3354.3333333333335 1912 1686 2985.3333333333335 2029 1136.3333333333333 2941.6666666666665
MGG_06319T0 180.66666666666663 387.6666666666667 257.6666666666667 45 104.33333333333331 308 50.666666666666664 132.66666666666666 330.6666666666667
MGG_17057T0 70.33333333333333 173.66666666666666 118 35.333333333333336 62 114 28.333333333333332 60.333333333333336 110.66666666666669
MGG_10955T0 109 2396 1492.3333333333333 204 787.3333333333334 1029.3333333333333 231.66666666666663 1006.3333333333334 1831
MGG_03491T0 24.925533333333338 215.27566666666667 112.34623333333332 24.649533333333338 54.99903333333333 92.389 38.4624 73.4325 165.22133333333335
MGG_07971T0 1267.6666666666667 2810.6666666666665 2127.3333333333335 1546.723 1790.8666666666666 2210.2533333333336 1700.6666666666667 1395.3066666666666 2496.2933333333335
MGG_17368T0 3 34.333333333333336 15.666666666666666 5 11 25.666666666666668 6.333333333333333 2.6666666666666665 34
MGG_17492T0 379.6666666666667 1438.3333333333333 808.6666666666666 562.3333333333334 696.6666666666666 1009 530 538.6666666666666 921.3333333333334
MGG_16025T0 8 186.33333333333337 58.66666666666667 8.333333333333334 21.333333333333336 83.33333333333333 5.333333333333333 18.666666666666668 78
MGG_02096T0 432.6666666666667 1239 800.6666666666666 345.3333333333333 561 985 342.6666666666667 563.6666666666666 1037.6666666666667
MGG_16881T0 0 6.666666666666667 3.333333333333333 0 1.3333333333333333 4.333333333333333 0.6666666666666667 0.33333333333333337 5
MGG_17063T0 0 101.33333333333331 41.666666666666664 0.6666666666666667 11 69 0 3.6666666666666665 62.666666666666664
MGG_15373T0 0 11 4.333333333333333 0.33333333333333337 0 7.333333333333333 0 0 6.333333333333333
MGG_16293T0 50.333333333333336 166 61.333333333333336 36.666666666666664 49.333333333333336 110.33333333333331 36.666666666666664 44 140.33333333333334
MGG_07218T0 203.33333333333337 3532.6666666666665 1061.6666666666667 308 654.3333333333334 2046 203.66666666666663 572.6666666666666 2269.6666666666665
MGG_06116T0 180 8481.666666666666 2336 459.6666666666667 917.6666666666666 3850.3333333333335 426.33333333333337 489 5922.333333333333
MGG_13624T0 397 11427.333333333334 4192.333333333333 1573.3333333333333 920 4519.666666666667 2111 1027 8353.666666666666
MGG_17224T0 13.666666666666666 815.3333333333334 368 19 153.66666666666666 334.3333333333333 27.666666666666668 48.666666666666664 539.6666666666666
MGG_00587T0 1050 11866 5479 1933.6666666666667 2436 5926 762 1266.3333333333333 9384
MGG_04176T0 48.666666666666664 509.3333333333333 243.66666666666663 43 47.666666666666664 222.33333333333337 32.666666666666664 77.66666666666667 337
MGG_17067T0 0 38.333333333333336 17.333333333333332 4 5.333333333333333 17.333333333333332 1.6666666666666667 3.6666666666666665 20.666666666666668
MGG_15563T0 608.6666666666666 2284.6666666666665 1101.3333333333333 1202.3333333333333 1033 1233.3333333333333 1306.3333333333333 1130.3333333333333 1044.3333333333333
MGG_10422T0 290.3333333333333 2435.3333333333335 943.3333333333334 1205.6666666666667 692.3333333333334 1579 1077.3333333333333 1170 729.3333333333334
MGG_06950T0 634.1076666666667 4783.143333333333 1227.8666666666666 1838.32 2954.94 2075.825 2532.52 1287.6233333333334 2205.3733333333334
MGG_04646T0 624.0356666666667 3719.6033333333335 852.303 995.679 1423.3333333333333 1218.89 1710.1666666666667 1415.85 1940.87
MGG_00856T0 1400.263333333333 4008.66 1617.986666666667 1476.9766666666667 2414.98 2289.3066666666664 2258.9533333333334 1973.993333333333 2177.61
MGG_03864T0 1589.882 6239.253333333333 783.5889999999999 2472.143333333333 2485.6400000000003 711.019 2003.6466666666668 2165.5699999999997 1269.6733333333334
MGG_17279T0 21.333333333333332 44.666666666666664 12.666666666666666 24.666666666666668 24 13.333333333333334 24 19 17.666666666666668
MGG_00632T0 1302 5191.333333333333 1268.3333333333333 1776 2441.3333333333335 1310 2157.6666666666665 2234.3333333333335 1791.3333333333333
MGG_15089T0 344.70833333333337 808.7013333333333 260.11766666666665 355.553 455.43833333333333 343.19666666666666 396.14366666666666 415.83966666666663 396.0253333333333
MGG_07201T0 6347 31592.666666666668 5652 13692.333333333334 11357.666666666666 6199.333333333333 15795 11678 13749.666666666666
MGG_06720T0 7507.333333333333 36274.333333333336 3523.6666666666665 11121 8561.666666666666 5543.333333333333 15071 8792.666666666666 9970.666666666666
MGG_11685T0 1757 5158.3133333333335 1456.6666666666667 1849.9466666666667 2216.903333333333 1233.253333333333 2767.2266666666665 2258.7266666666665 1865.6633333333336
MGG_04956T0 3723 15743.666666666666 1721.6666666666667 6601.666666666667 2613 2041.6666666666667 4077.3333333333335 2607 3096.3333333333335
MGG_03685T0 4648 25701.333333333332 2250.3333333333335 6329 1185.6666666666667 2159 1067.3333333333333 485.66666666666663 804.6666666666666
MGG_09252T0 21.666666666666668 174 28.666666666666668 61.33333333333333 53 19.666666666666668 18 38.333333333333336 38.333333333333336
MGG_16360T0 1 12 0.6666666666666667 3 3 0.33333333333333337 0.33333333333333337 0.33333333333333337 2
MGG_09779T0 510.0876666666666 3700.7333333333336 380.23333333333335 1182.5163333333333 705.3446666666666 886.5833333333334 765.3456666666666 692.3053333333334 935.2586666666666
MGG_00692T0 2966.3333333333335 23407 2826 8442 8593.333333333334 5791.666666666667 7549 5456 8300.333333333334
MGG_16579T0 5.573966666666667 55.0563 10.449466666666666 14.55807 16.416033333333335 20.0987 17.683213333333335 5.938853333333333 14.350233333333334
MGG_03141T0 1263.3233333333333 3460.2666666666664 961.7586666666666 1004.923 1042.645 1783.3533333333337 1369.1733333333334 656.105 1127.25
MGG_00930T0 601.2526666666666 3394.6666666666665 754.5683333333333 924.2613333333334 647.6726666666666 900.105 868.6666666666666 376.93 667.1573333333333
MGG_15834T0 2 9.333333333333334 2 2 2 3.333333333333333 1.6666666666666667 0.6666666666666666 1
MGG_01657T0 1237.3333333333333 3872 1046.6666666666667 1222.6666666666667 734 2226.3333333333335 1195 777 1919.3333333333333
MGG_09779T1 682.0126666666666 2550.366666666667 259.896 966.0776666666668 481.3993333333333 1116.8 518.509 677.8773333333334 902.8586666666666
MGG_05899T0 1168.6666666666667 3857 1065.3333333333333 1381.6666666666667 904 2032 963.6666666666666 1198 1295
MGG_04162T0 148.66666666666666 951.3333333333334 107.66666666666669 280.3333333333333 244.33333333333337 411.3333333333333 120.66666666666669 177.33333333333334 262.3333333333333
MGG_03394T0 322 1234.6666666666667 428 503.3333333333333 313 358.6666666666667 195.66666666666663 417 498
MGG_09920T0 1025.24 8395.33 2099.6666666666665 2288.3333333333335 560 2150.3333333333335 920.9626666666668 662.0616666666666 1883.6433333333332
EFMOT00000000326 0.33333333333333337 8.666666666666666 2.3333333333333335 2 0 2.3333333333333335 0 0.33333333333333337 2.6666666666666665
MGG_04920T0 2289.3333333333335 4672 2042.6666666666667 1412 1883.3333333333333 1926.3333333333333 1367.6666666666667 1687.3333333333333 1920
MGG_04818T0 2900 5811 2384.6666666666665 1383 2660.6666666666665 1985 1833 1919.3333333333333 2881
MGG_08019T1 1374.0889666666667 4156.416666666666 742.1523333333333 269.2615666666667 1022.6913333333332 617.6949999999999 267.8983333333333 793.9676666666667 1160.13
MGG_10630T0 1315.8033333333333 3286.473333333334 1556.1333333333332 925.6686666666668 1504.33 1154.8066666666666 1217.1733333333334 1324.35 1847.2933333333333
MGG_04464T0 5277.666666666667 13229 5641.333333333333 3138 5769.333333333333 3969.3333333333335 5456.666666666667 5571 5986.333333333333
MGG_02517T0 789.6666666666666 1761.6666666666667 868.6666666666666 620.3936666666667 741.3333333333334 886.725 907 754.1063333333334 731.1296666666667
MGG_09716T0 22 7133.666666666667 2783 13.333333333333334 129.33333333333334 1367 9.333333333333334 155.33333333333334 1206
MGG_17325T0 0 3.6666666666666665 1.3333333333333337 0 0 0.6666666666666667 0.33333333333333337 0 0.33333333333333337
MGG_05863T0 260 1448 372.3333333333333 95 334.3333333333333 267.6666666666667 103 280 132.33333333333334
MGG_09246T0 514 31261 7175.666666666667 536.6666666666666 2849.3333333333335 6077 1371.3333333333333 2902.3333333333335 2079.6666666666665
MGG_00981T0 159 8346 2504.6666666666665 139 1029 1716.3333333333333 138 831.6666666666666 873.3333333333334
MGG_01367T0 71 7522.666666666667 1190 50.666666666666664 1487 2424 81.66666666666667 510 987.3333333333334
MGG_01887T0 25.333333333333332 796 193.66666666666663 43.666666666666664 153.66666666666666 285.6666666666667 55.333333333333336 143 232
MGG_04201T0 344 39785.666666666664 2937.6666666666665 2201.3333333333335 5897.666666666667 15179.333333333334 1822 1239.6666666666667 2588.3333333333335
MGG_14872T0 512 5924.333333333333 1094.3333333333333 448 479.3333333333333 2147.6666666666665 659 433.6666666666667 718.3333333333334
MGG_14095T0 96.33333333333331 1419.3333333333333 179.66666666666666 101 157 472.6666666666667 165.33333333333334 173.66666666666666 202
MGG_11739T0 350.6666666666667 1649.6666666666667 249.33333333333337 315 299.6666666666667 642 199.33333333333337 293.3333333333333 564.3333333333334
MGG_12707T0 846 5178.333333333333 1203 871.6666666666666 719 1981 1415.6666666666667 1171.3333333333333 1561.6666666666667
MGG_03397T0 172.66666666666666 6150 625 346 657.3333333333334 1596.3333333333333 491 588.6666666666666 1500
MGG_00620T0 2117.6666666666665 25146 3683.3333333333335 2191 1805 6428.666666666667 2295.6666666666665 1429.6666666666667 5253.666666666667
MGG_14836T0 0.33333333333333337 10460.666666666666 1112.6666666666667 0 142.33333333333334 2194.3333333333335 0.33333333333333337 87.33333333333334 1327.3333333333333
MGG_11894T0 0 524.3333333333334 128.66666666666666 0 1.6666666666666663 114 0 0.33333333333333337 206
MGG_08523T0 15.333333333333334 34053 2526 23 1878.6666666666667 6903.666666666667 24.333333333333332 1233.3333333333337 11360.666666666666
MGG_05571T1 1379.3566666666666 5273.5233333333335 1688.6633333333334 1332.2576666666666 1192.66 1881.19 1014.09 1087.9033333333334 2272.7833333333333
MGG_00799T0 129.33333333333334 6481.666666666667 1136 149 480.3333333333333 1153.3333333333333 158 585.3333333333334 1883
MGG_01025T0 73.33333333333333 648.3333333333334 166.66666666666666 21.333333333333332 94.33333333333331 214.33333333333337 60 71.33333333333333 221.66666666666663
MGG_13543T0 80 23995.333333333332 3927.6666666666665 79.33333333333333 1620 5625 102.66666666666669 926.3333333333331 6372
MGG_02238T0 7.333333333333333 12660.666666666666 1738 11.666666666666666 163 3092.6666666666665 10.333333333333334 138 3605
MGG_00625T0 729.6666666666666 27669.666666666668 5706.333333333333 1443.6666666666663 1219.6666666666667 6715.666666666667 824 882.3333333333333 8459.333333333334
MGG_13463T0 19 190 40 0.6666666666666667 0.33333333333333337 11.333333333333334 0 0.33333333333333337 55
MGG_15731T0 189 2725 878.6666666666666 170.33333333333334 284.6666666666667 502.6666666666667 154.66666666666666 318.3333333333333 874.3333333333334
MGG_07478T0 88.66666666666667 4526.666666666667 1308.3333333333333 51.333333333333336 310.3333333333333 606.6666666666666 46.333333333333336 166.33333333333334 766
MGG_02328T0 131.66666666666666 914 287.3333333333333 91 104 230 62 59 239
MGG_13203T0 330.709 1454.37 402.701 383.12 316.92566666666664 413.319 398.6406666666667 249.89 645.646
MGG_05405T0 2 62.66666666666667 4 3 0.33333333333333337 1.3333333333333333 5.666666666666667 1.6666666666666667 11.333333333333334
MGG_14879T0 0 2.6919166666666667 0 0 0 0 0.3618566666666666 0 0.36577666666666664
MGG_03598T0 1726.6666666666667 11746.89 3419.6233333333334 3346 3617.236666666666 3726.4666666666662 2699.5666666666666 3658 5721.666666666667
MGG_04173T0 140 15634.666666666666 724.3333333333334 153 2529.3333333333335 1046.3333333333333 261 2303 5231
MGG_08497T0 53.333333333333336 1122 112.33333333333331 24 190.33333333333337 78.33333333333333 95.66666666666669 84.66666666666667 332
MGG_09276T0 46.333333333333336 9198.333333333334 607.3333333333334 73.66666666666667 1612.3333333333333 1331 55.333333333333336 735.3333333333333 2085.6666666666665
MGG_03406T0 784 8104 1132 912 1621.3333333333333 1770.3333333333333 911.6666666666666 1482 2471.3333333333335
MGG_03557T0 265 23218 1870 892.6666666666666 2780 3377.3333333333335 516 2098.6666666666665 5123.666666666667
MGG_10506T0 651.6666666666666 12492.333333333334 1881.3333333333333 407 1177.6666666666667 1360 647 883 2853.3333333333335
MGG_07675T0 1 4103.333333333333 386 0 136.66666666666666 193.66666666666663 0 85.66666666666667 937.3333333333334
MGG_11893T0 2.666666666666667 325.3333333333333 39.666666666666664 2 16.333333333333332 10.666666666666666 2.3333333333333335 3.333333333333333 81.33333333333333
MGG_07264T0 34.666666666666664 8199.666666666666 395 41.333333333333336 233 1254 64 243 1890.3333333333333
MGG_03640T0 295.3333333333333 43893.666666666664 3250.3333333333335 639.3333333333334 1211 5117.666666666667 679.3333333333334 1167.6666666666667 10305.333333333334
MGG_07412T0 3.3333333333333335 16626 958.3333333333334 11 516.3333333333334 1828 8 321 3243
MGG_15243T0 0 3.747743333333333 0 0 0 0.35208000000000006 0 0 1.0153
MGG_16410T0 28.666666666666664 15085 1029.6666666666667 38 696.3333333333334 957.3333333333334 33.333333333333336 408.66666666666663 4270.666666666667
MGG_11310T0 204.33333333333337 120443.66666666669 9083 239.66666666666663 4671.666666666667 15894.333333333334 232.66666666666663 3030.666666666667 35983
MGG_16367T0 0 1.6666666666666667 0 0 0 0.33333333333333337 0 0.33333333333333337 0
MGG_06719T0 7055.666666666667 37072 3018.3333333333335 5825.666666666667 7129.333333333333 3429.6666666666665 6927 6275.333333333333 8150.333333333333
MGG_09942T0 2554.3333333333335 15149.333333333334 735.6666666666666 2389 1975.6666666666667 948 2385 1841 2039.3333333333333
MGG_07216T0 12318 90215.33333333331 6181.666666666667 16279 20273.666666666668 5765 6894.333333333333 14018.666666666666 22221
MGG_07816T0 49.3333 327.92199999999997 14.333333333333334 52.669466666666665 91.33953333333334 17.169133333333335 49.164 48.22743333333333 83.63273333333333
MGG_09926T0 3302.3333333333335 26364.666666666668 3417 3668 8724 5931.666666666667 3099.6666666666665 6576.666666666667 6447.666666666667
MGG_17857T0 0 65.66666666666667 5.333333333333333 0 18.666666666666668 7 0 8 7.666666666666667
MGG_17053T0 23.333333333333332 27051.666666666668 349.6666666666667 46.666666666666664 8330.333333333334 382 34 3016.3333333333335 1788.6666666666667
MGG_07220T0 212.33333333333337 82984 2008 751 24738.333333333332 6645.666666666667 506.3333333333333 11834 8518
MGG_01906T0 124.66666666666669 4708.333333333333 206.66666666666663 29 747.3333333333334 711.3333333333334 352 516.3333333333334 165.66666666666666
MGG_04202T0 306 366574 9999 278.6666666666667 66383.66666666667 46420.666666666664 345 13886.333333333334 7808.666666666667
MGG_08539T0 0 23.666666666666668 0.6666666666666667 0 4 2.6666666666666665 0.33333333333333337 2 1.3333333333333333
MGG_02288T0 86.66666666666667 5312.333333333333 358.33333333333337 4.333333333333333 881 38.333333333333336 39.333333333333336 795 33
MGG_05732T0 900 15022.666666666666 810 1315.3333333333333 4360.333333333333 1129.6666666666667 1186 2107.6666666666665 1272
MGG_00573T0 149 10010 264.6666666666667 173.33333333333334 1991.3333333333333 329 246 1410.6666666666667 716
MGG_09298T0 354.781 4640.083333333333 324.19166666666666 300.246 1285.5166666666669 302.1693333333333 544.6976666666667 818.7673333333333 740.8629999999999
MGG_00871T0 2377.4666666666667 67462.43333333333 6511.326666666667 5853.56 13875.633333333331 6883.83 6551.766666666666 8759.626666666667 10261.32
MGG_15824T0 82.66666666666667 9024 679 77.33333333333333 1727 494.3333333333333 93.33333333333331 931.6666666666666 672
MGG_06103T0 353.3333333333333 41828 2698.3333333333335 588.3333333333334 6878.67 2468.6666666666665 458 3981.333333333333 4366.21
MGG_07221T0 151 3499.6666666666665 243 146 702 221.66666666666663 156.33333333333334 375.6666666666667 380.6666666666667
MGG_09384T0 2.6666666666666665 33756 829 1.3333333333333333 4625.333333333333 1384.3333333333333 5.333333333333334 1933 1884.9333333333336
MGG_02756T0 23.666666666666668 27157.333333333332 2540.6666666666665 34.333333333333336 5638.333333333333 754.3333333333334 40.666666666666664 2425.6666666666665 322.3333333333333
MGG_08774T0 259.6666666666667 10787 1185 504 2652.3333333333335 1009.3333333333334 549 827.3333333333334 1018
MGG_13872T0 2.00002 28.4113 1.3333333333333337 3.6638666666666664 9.327266666666668 3.1641866666666667 4.169343333333333 1.7725533333333334 5.033966666666667
MGG_13033T0 984.6666666666666 6811.333333333333 1177.3333333333333 1250.3333333333333 1631.6666666666667 1141 1789.3333333333333 1222.6666666666667 1698.6666666666667
MGG_10104T0 1464.3333333333333 17897 1957.6666666666667 3111 4458.666666666667 2754 2704 2165.3333333333335 3324.6666666666665
MGG_03765T0 7240 40432.666666666664 9977 3473.6666666666665 5542.333333333333 5420.333333333333 5376.333333333333 7675.666666666667 9951
MGG_03738T0 1047.3333333333333 5276.666666666667 1839.6666666666667 1044 1488.3333333333333 1103 1518 1283.6666666666667 1769.6666666666667
MGG_12025T0 33.333333333333336 168.33333333333334 39.333333333333336 31.333333333333332 30 23 16.333333333333332 40 32.666666666666664
MGG_01732T0 500 6296 1084 332 1017.3333333333334 974.6666666666666 625.6666666666666 1232.3333333333333 831
MGG_17960T0 669 12521.333333333334 2277.3333333333335 452.3333333333333 2566.6666666666665 1635.6666666666667 526 1987.3333333333333 2013
MGG_17236T0 0 8 0 0 0.33333333333333337 0 0 0.6666666666666667 0
MGG_18136T0 118 8510.333333333334 181 132 676 426.6666666666667 69.66666666666667 461 840.6666666666666
MGG_01418T0 8.666666666666666 2039 51.666666666666664 12.666666666666666 142.33333333333334 139.33333333333334 17.333333333333332 87.33333333333333 107.33333333333331
MGG_05404T0 3.6666666666666665 193 0 1 5.333333333333333 4 2.3333333333333335 1.3333333333333333 2.6666666666666665
MGG_09782T0 216.66666666666663 5912.666666666667 234 153 247.66666666666663 249.33333333333337 214 178.33333333333334 186.33333333333337
MGG_15182T0 0.33333333333333337 25.333333333333332 0 0 0 0 0 0 0
MGG_17022T0 0 1.3333333333333333 0 0 0 0 0 0 0
MGG_15035T0 0.6666666666666667 37.666666666666664 2.3333333333333335 0.33333333333333337 3 0.33333333333333337 0 0 0
MGG_12668T0 9 4579 32 7.333333333333333 370 50.333333333333336 8.333333333333334 88 24.666666666666668
MGG_08811T0 427.3133381843666 88895.63333333333 144.762 827.5166666666668 6622.243333333334 239.96966666666663 250.78833333333336 2988.296666666666 191.07470375933335
MGG_08019T0 764.5777 7105.913333333333 436.181 313.0717666666667 1041.9763333333333 1039.639 184.7684 608.699 1073.536
MGG_13253T0 567.3333333333334 6983.666666666667 611 857.3333333333334 735.6666666666666 1526.6666666666667 598 715.3333333333334 992.3333333333334
MGG_00401T0 16.333333333333332 430.3333333333333 23.333333333333332 17.666666666666668 37.333333333333336 67.66666666666667 20.666666666666668 36.666666666666664 43.333333333333336
MGG_11231T0 48.333333333333336 4219.666666666667 177 49.666666666666664 147 498.6666666666667 73.33333333333333 125 279.6666666666667
MGG_09733T0 61 5482.5199999999995 363.3333333333333 10.666666666666666 183.66666666666663 597.29 89.33333333333333 223.53566666666669 351.5443333333333
MGG_08671T0 0.33333333333333337 10536.666666666666 295 0 145 737.6666666666666 0 90.33333333333334 948
MGG_09073T0 29.333333333333332 1530.6666666666667 143.66666666666666 32.333333333333336 25 101.66666666666669 37.333333333333336 25.333333333333336 150.33333333333334
MGG_12679T0 0 333.3333333333333 45 0 24 45.666666666666664 0 17.666666666666668 42
MGG_09548T0 0 4748.316666666667 384.43966666666665 0 287.01233333333334 440.30466666666666 0 360.04200000000003 774.993
MGG_04611T0 80.66666666666667 3871.3333333333335 378.3333333333333 70 187.33333333333337 418.6666666666667 86 188.66666666666663 581.6666666666666
MGG_07329T0 397.3333333333333 1712.3333333333333 392.3333333333333 826 727.6666666666666 673.3333333333334 506.6666666666667 962.3333333333334 636
MGG_04163T0 643.5736666666667 3630.42 1382.8 1535.1396666666667 1869.38 1524.8166666666666 1156.2873333333332 1772.87 1478.9733333333334
MGG_17064T0 13 85 20.666666666666668 32 44 33.666666666666664 26.333333333333332 41.666666666666664 33.333333333333336
MGG_07851T0 1 14.333333333333334 3 0 6.333333333333333 2.3333333333333335 1 2.6666666666666665 10.333333333333334
MGG_03199T0 375.85866666666664 1757.8133333333333 794.566 323.721 1050.0226666666667 789.803 206.093 553.8586666666666 1041.4693333333332
MGG_16038T0 235.66666666666663 1999.3333333333333 490.6666666666667 307 1192.6666666666667 749.3333333333334 111.66666666666669 458 1138.3333333333333
MGG_00746T0 367.6666666666667 3133 923.3333333333334 348.3333333333333 1356.3333333333333 818.6666666666666 406 1458.3333333333333 973.6666666666666
MGG_15339T0 117.2054 1539.8066666666666 544.6686666666667 125.62766666666668 664.0866666666667 479.36533333333335 144.70049999999998 577.8156666666666 467.67566666666664
MGG_13514T0 872.3333333333334 4558.333333333333 1982.6666666666667 1049 2327.6666666666665 1887.3333333333333 999.3333333333334 2014 1436
MGG_00695T0 104.55223333333332 650.3233333333333 255.00433333333336 132.69866666666667 328.992 268.254 117.75933333333332 345.39566666666667 330.8586666666667
MGG_12644T0 1178.3333333333333 6033 2866.6666666666665 1080 3843.6666666666665 2410.6666666666665 1758.6666666666667 3486.3333333333335 3180.6666666666665
MGG_04775T0 1528.263333333333 131996.66666666666 43600.166666666664 3136.0366666666664 56035.96666666667 28086.3 3908.763333333334 27300.133333333335 63959.46666666667
MGG_08627T0 422.094 7419.16 2134.3766666666666 439.7526666666667 3608.173333333333 1223.1246666666666 411.766 1605.8286666666668 3542.7166666666667
MGG_08932T0 532.494 2229.346666666667 759.741 490.88966666666664 960.5663333333332 751.2126666666667 501.25 705.212 1111.605
MGG_11914T0 146.12896666666666 14495.666666666666 1740.27 126.15633333333334 4546.68 1418.0733333333333 143.26600000000002 1573.007 5128.483333333334
MGG_17927T0 39 7236.333333333333 1110 107 2613.3333333333335 781.6666666666666 109.33333333333331 1441.6666666666667 2630
MGG_07613T0 901.6666666666666 62368.666666666664 5306.666666666667 1334.3333333333333 22528.333333333332 4734.333333333333 1550.6666666666667 12668.333333333334 19551.666666666668
MGG_01454T0 75.66666666666667 2309.5866666666666 528.8983333333333 19.666666666666668 723.5993333333333 565.5666666666666 27.666666666666668 559.3146666666667 1054.582666666667
MGG_03792T0 0 27.333333333333332 3.666666666666667 0 9.333333333333334 4.333333333333333 0 4.666666666666667 13.666666666666666
MGG_03683T1 1394.6366666666668 5313.756666666667 2163.8333333333335 1217.9406666666666 2091.1866666666665 2174.2166666666667 1318.6533333333334 2300.04 2459.81
MGG_01770T0 373.10366666666664 4028.79 1146.756666666667 204.94866666666667 1135.929 831 310 572.676 1199.513333333333
MGG_09976T0 35 14962 1443 18.333333333333332 3577 1953.6666666666667 36.666666666666664 1179.6666666666667 3255.3333333333335
MGG_17928T0 334.6666666666667 54042.33333333333 5890.493333333333 398.11266666666666 13592.5 2856.17 442.3333333333333 6201.966666666666 10775.466666666667
MGG_16268T0 0 12.333333333333334 0 1 8.333333333333334 2.6666666666666665 0 2.6666666666666665 4.333333333333333
MGG_06912T0 659.4996666666667 11656.463333333331 1918.7166666666667 1711.5566666666668 6645.55 2232.026666666666 1125.9633333333334 3706.656666666667 5507.183333333333
MGG_16820T0 1.1576366666666669 10.803123333333334 1.3273066666666669 0.36233666666666664 6.387476666666666 2.154656666666667 1.1641633333333332 2.306403333333334 4.78071
MGG_02837T1 307.16700000000003 3211.93 821.8106666666666 297.683 1451.486 1206.8866666666663 271.385 836.389 1135.9773333333333
MGG_12247T0 156.66666666666666 107381.33333333331 9374.333333333334 70.33333333333333 47851 24974.333333333332 48 13581.666666666666 32267
MGG_07219T0 206 186064 11623.333333333334 262.6666666666667 93731.66666666669 25378.333333333332 328.3333333333333 45890.333333333336 44399.333333333336
MGG_02763T0 490.3333333333333 4884.333333333333 874 1016 2366.3333333333335 1414.6666666666667 909.3333333333334 1777 2041
MGG_07375T0 1 56.666666666666664 4 3.3333333333333335 26.333333333333332 15.666666666666666 7.666666666666667 13.333333333333334 15
MGG_00572T0 1118.6666666666667 2939 2143.3333333333335 1369.6666666666667 1678 1617.6666666666667 1634.6666666666667 1501.3333333333333 1871.3333333333333
MGG_04739T0 823.6666666666666 3877.6666666666665 2184 760.6666666666666 1695.3333333333333 1036.6666666666667 596 1500.3333333333333 1393.3333333333333
MGG_04343T0 214.1256666666667 1368.801333333333 598.087 140.37133333333333 350.7953333333333 323.696 191.447 502.03433333333334 344.1856666666667
MGG_03952T0 1550.6666666666667 8401 4245 3028 4400.333333333333 2610 3227 4573.666666666667 3892.3333333333335
MGG_04177T0 332.6666666666667 4231.333333333333 1834.3333333333333 820.6666666666666 1872 1024 838.3333333333334 1158.6666666666667 1656.3333333333333
MGG_11713T0 403 2023.3333333333333 1060 974 1155.3333333333333 657.3333333333334 652.3333333333334 817.3333333333334 907.1633333333332
MGG_17893T0 18.333333333333332 27.333333333333332 6.666666666666667 10.666666666666666 14.666666666666666 8.666666666666666 2.6666666666666665 19 11
MGG_09412T0 7394.923333333333 12366.69 3295.7433333333333 4803.553333333333 3899.02 3102.2566666666667 4258.36 6469.69 4192.566666666667
MGG_03393T0 672.6666666666666 1694 494.6666666666667 938.6666666666666 515 617.3333333333334 291.6666666666667 853.3333333333334 668
MGG_06461T0 846.9153333333334 2555.6 237.22266666666667 930.9253333333334 786.5106666666667 831.2066666666667 734.823 1144.558 1052.2496666666666
MGG_01160T0 15044.566666666666 28385.966666666667 10727.316666666668 7899.176666666667 11699.25 15950.5 7771.67 14295.23 13752.2
MGG_07970T0 178 409.3333333333333 56.666666666666664 57.666666666666664 129.33333333333334 158 42.666666666666664 60.666666666666664 125.66666666666669
MGG_14812T0 25 37.333333333333336 15.666666666666666 14.666666666666666 12 20.666666666666668 18 10 22
MGG_04740T0 1861.3333333333333 2268.3333333333335 1368.6666666666667 1150 1092.6666666666667 1885 1412.3333333333333 1210 1508.6666666666667
MGG_11697T0 3 7 0 0 0 3.3333333333333335 0 0 1.6666666666666663
MGG_02633T0 1572.6666666666667 2672 1377.3333333333333 805.3333333333334 988.3333333333334 1360.6666666666667 1099 666 983.6666666666666
MGG_12797T0 17527.333333333332 24428 12173.666666666666 10990.666666666666 11952 13752.333333333334 14851.666666666666 14318.666666666666 13659
MGG_18032T0 0.6666666666666666 1.3333333333333333 0 0 0 0.33333333333333337 0 0 0
MGG_08278T0 1725.3333333333333 2131.3333333333335 413 1293.3333333333333 554 1269.3333333333333 1325.6666666666667 615 762.3333333333334
MGG_02911T0 1798.993333333333 2709.97 867.1096666666666 907.8246666666666 818.1396666666667 831.1326666666666 1470.54 575.6953333333333 1164.8566666666666
MGG_11286T0 783 1172.6666666666667 294 390.6666666666667 420.3333333333333 276.3333333333333 776.3333333333334 328 455.3333333333333
MGG_08395T0 237.66666666666663 310 76.33333333333333 152.66666666666666 128.66666666666666 125.66666666666669 164.33333333333334 114.33333333333331 152.33333333333334
MGG_08973T0 1068.0173333333332 2261.223333333334 378.02933333333334 620.594 621.2876666666666 530.4503333333333 798.1276666666666 500.5996666666666 568.0353333333334
MGG_13347T0 748.3333333333334 1422.3333333333333 215.66666666666663 533 432.6666666666667 422.6666666666667 672 520 436
MGG_14266T0 4319.663333333333 6463.663333333333 5870.666666666667 4576 3720.97 3873.3333333333335 5070.333333333333 3419.6566666666663 5331.666666666667
MGG_16400T0 15.57999333333333 24.59156666666667 29.614566666666665 9.45819 2.40354 17.705096666666666 8.075176666666668 9.03888 9.50402
MGG_00815T0 140.33333333333334 247.66666666666663 261 54.333333333333336 35.333333333333336 49.333333333333336 59.333333333333336 34.666666666666664 121.66666666666669
MGG_15833T0 41 50.333333333333336 62.666666666666664 20 23 26.333333333333332 11.333333333333334 17.333333333333332 37
MGG_03865T0 1133.6666666666667 1886.3333333333333 1845 494 1633.3333333333333 1156.6666666666667 648.3333333333334 1499.3333333333333 505
MGG_07858T0 7 12 16.666666666666668 0 8.333333333333334 1.6666666666666667 0 9.666666666666666 1.3333333333333333
MGG_13374T0 82 92 97 44 65 50.333333333333336 55.333333333333336 71 48.666666666666664
MGG_00458T0 578.7686666666667 550.2493333333333 577.6056666666667 241.72533333333337 455.6453333333333 449.63666666666666 281.848 424.37666666666667 508.2613333333333
MGG_11469T0 1365.3333333333333 1475 1520.6666666666667 768.3333333333334 1306.6666666666667 1076.6666666666667 787.3333333333334 1390.6666666666667 1260.3333333333333
MGG_03956T0 838.3333333333334 928.6666666666666 908.3333333333334 489.3333333333333 947.3333333333334 706.3333333333334 417.3333333333333 804.3333333333334 683.6666666666666
MGG_17285T0 89.57713333333334 154.41566666666668 114.228 42.64346666666667 89.54766666666666 107.43973333333332 31.944233333333333 93.518 70.1841
MGG_12948T0 3569.32 5774.14 5744.866666666667 1878.91 5929.41 5387.496666666667 1695.6933333333334 5526.446666666667 4675
MGG_01707T0 546.7196666666666 1204.08 1128.35 277.646 945.3426666666668 770.888 192.13566666666668 814.7233333333334 933.9803333333332
MGG_16487T0 21.666666666666668 37 39.333333333333336 6.666666666666667 26.666666666666668 20.333333333333332 7 20.666666666666668 28
MGG_18023T0 0.33333333333333337 10.666666666666666 11.333333333333334 0.6666666666666666 5 1.3333333333333333 1 4.333333333333333 4
MGG_02255T0 0 33 28.666666666666668 1 6 3.3333333333333335 0.33333333333333337 13.666666666666668 10.666666666666666
MGG_03821T0 0 10.001216666666666 7.667403333333333 1.0002633333333333 2.6672766666666665 0 0.3333966666666667 2.000436666666667 3.0005533333333334
MGG_12116T0 201.33333333333337 769 668 145 494.3333333333333 361.3333333333333 137 192 264.3333333333333
MGG_17486T0 107 20771 25886 215.33333333333337 13877 8791.333333333334 561 9392.666666666666 3880.6666666666665
MGG_00519T0 519 6119.333333333333 6117.333333333333 415.6666666666667 4477 1820.6666666666667 475.3333333333333 3283 2568.6666666666665
MGG_06259T0 637.6666666666666 14741.933333333332 14762 659 9907 5466.666666666667 1261.3333333333333 8053.536666666667 2615.3333333333335
MGG_06052T0 1305.6666666666667 12139.666666666666 10154.666666666666 2057 7460.666666666667 4495.333333333333 2047 5963.333333333333 3887.6666666666665
MGG_10115T0 144.33333333333334 2961.6666666666665 3740.6666666666665 149 3371.6666666666665 1271 142.33333333333334 1420.3333333333333 1352.6666666666667
MGG_05174T0 536.3333333333334 2316.3333333333335 2198.6666666666665 460.6666666666667 1797.6666666666667 890.3333333333334 280.3333333333333 898 837.3333333333334
MGG_09404T0 739.963 2596.81 3174.6066666666666 354.2176666666667 2333.17 1102.254 304.694 1061.313 691.279
MGG_04953T0 701.6666666666666 2152.3333333333335 1355.6666666666667 659.6666666666666 1369.6666666666667 1329.3333333333333 443 1306.3333333333333 1071.6666666666667
MGG_04140T0 293.995 2324.3333333333335 1598.763333333333 410.6378 1881.61 1070.5 260.87166666666667 1087.3333333333337 864.484
MGG_02622T0 957.3333333333334 4027.6666666666665 2586 1367 2705.3333333333335 2074 1064.6666666666667 1990.3333333333333 1886.3333333333333
MGG_02705T0 1026.015666666667 35026.96666666667 21352.333333333332 750.0263333333334 15458.666666666668 4844.08 782.7356666666667 9028.793333333331 3900.34
MGG_15741T0 5.333333333333333 93 49.666666666666664 9 56.666666666666664 20 7 37.666666666666664 16
MGG_00271T1 768.966 2878.003333333333 2035.2266666666667 504.759 2064.9566666666665 1175.3386666666663 939.3423333333334 1651.8433333333332 1153.6656666666668
MGG_17959T0 1600.3333333333333 3953.6666666666665 3173.3333333333335 1360.3333333333333 2244 1834.3333333333333 846 2515.6666666666665 1898
MGG_02481T0 2443.6666666666665 10358.946666666669 9020.666666666666 1817.3333333333333 7181.276666666667 6138.333333333333 2132.3333333333335 5581 5701.26
MGG_13762T0 490 34092.666666666664 26353 731 18747 8852.333333333334 982.6666666666666 12987.666666666666 13104.666666666666
MGG_10676T0 1056.6666666666667 2547.6666666666665 2184 850.3333333333334 1734.6666666666667 1446 993.6666666666666 1587 1749
MGG_07749T0 78 828 551.3333333333334 14.333333333333334 225.66666666666663 410.6666666666667 11 5.666666666666666 2
MGG_03437T0 11.666666666666666 1333 810.6666666666666 30.666666666666668 291 584 42.666666666666664 127.66666666666669 331.3333333333333
MGG_05831T0 0.33333333333333337 24 12 0 5.666666666666667 10.333333333333334 0.33333333333333337 3.3333333333333335 4
MGG_04994T0 170.66666666666666 25328.333333333332 14690.666666666666 243 1604.6666666666667 5138.666666666667 361.3333333333333 1364.6666666666667 4223
MGG_11781T0 30.333333333333332 480 300.3333333333333 19.333333333333332 83.66666666666667 142.66666666666666 22.333333333333332 70.33333333333333 142.33333333333334
MGG_16198T0 75.33333333333333 16838.333333333332 12659.333333333334 72.66666666666667 3370 3293.6666666666665 78.66666666666667 1564.3333333333333 5430.333333333333
MGG_08765T0 6273.333333333333 20007 16830.666666666668 5927 8145.333333333333 7631 6051 7095 8489
MGG_04917T0 282 1072.3333333333333 858.3333333333334 281.6666666666667 571 674 319.3333333333333 446.6666666666667 692.3333333333334
MGG_15525T0 18.666666666666668 77 63.333333333333336 10.333333333333334 26.666666666666668 35.666666666666664 10.333333333333334 19.666666666666668 40
MGG_02327T0 68.66666666666667 371.6666666666667 372.6666666666667 56 23 161.66666666666666 51 32.666666666666664 190.66666666666663
MGG_06863T0 98.33333333333331 1165 1066.3333333333333 57.333333333333336 187 687.6666666666666 23.666666666666668 135.33333333333334 384.6666666666667
MGG_02795T0 20.333333333333332 151.33333333333334 130.33333333333334 16.333333333333332 39.333333333333336 105.66666666666669 7.333333333333333 39.333333333333336 56.666666666666664
MGG_04538T0 150.33333333333334 4237 4283.333333333333 86.66666666666667 941.3333333333334 1753.6666666666667 142 731.6666666666666 960.6666666666666
MGG_07013T0 21.333333333333332 86 80.33333333333333 16 22.333333333333332 45.666666666666664 7 14 30.333333333333332
MGG_05246T0 3619 7062.333333333333 5412.333333333333 1815.6666666666667 1876 2404.3333333333335 2743.3333333333335 3204 1500.3333333333333
MGG_08703T0 16.333333333333332 42 28 7.333333333333333 8.333333333333334 6.666666666666666 12.333333333333334 3.6666666666666665 11
MGG_15681T0 4.666666666666667 15.333333333333334 13 4 4.333333333333333 1.6666666666666667 3.6666666666666665 3.3333333333333335 5
MGG_11092T0 0 2.3333333333333335 1.3333333333333337 0 0 0 0 0 0
MGG_11783T0 3328 13892 11977.666666666666 7728 7473.666666666667 7527.666666666667 12167.666666666666 10513 6776.666666666667
MGG_06906T0 1271.6666666666667 3192.6666666666665 2958 1945 2361 1960.6666666666667 2236.3333333333335 2082 2150.6666666666665
MGG_05171T0 1471.496666666667 4254.556666666667 4923.8 2519.1366666666668 3826.223333333334 2276.3966666666665 2923.08 3563.576666666667 2768.423333333333
MGG_05664T0 2132.6666666666665 6533.333333333333 6109 3913.3333333333335 5137.333333333333 2967.6666666666665 3952.6666666666665 4873 4523.666666666667
MGG_05160T0 3061.3333333333335 6083.666666666667 6912.333333333333 3065.3333333333335 6510.333333333333 2060 3804.3333333333335 4028 3183.3333333333335
MGG_02848T0 2651.6666666666665 5401.666666666667 6480.333333333333 2911 4489.666666666667 2633 4351.666666666667 3666.6666666666665 2942.6666666666665
MGG_06419T0 6464.666666666667 10737.666666666666 8979.333333333334 6759 9560.333333333334 4959 7850.333333333333 6727.333333333333 4737
MGG_12614T0 8696 24357.333333333332 16788.666666666668 12357 13530.333333333334 10508 12871 13820.666666666666 9640
MGG_06117T0 1764.7166666666667 5469.666666666667 3540.6666666666665 3204.733333333333 3753.11 2154.51 3284.64 3437.746666666667 2753.68
MGG_10197T0 4544.666666666667 3951.3333333333335 3977.3333333333335 5925.666666666667 4193.666666666667 1821.6666666666667 4928.666666666667 7955.666666666667 3225.6666666666665
MGG_08789T0 21 1 2.3333333333333335 0.6666666666666666 7.333333333333334 1.6666666666666663 32.333333333333336 49.333333333333336 6.333333333333333
MGG_13772T0 193.19066666666663 201.44566666666665 438.001 189.458 524.44 62.4208 371.7466666666666 940.7783333333332 446.955
MGG_06934T0 5455.333333333333 2928 7715.666666666667 3486 7490.333333333333 3675 10714 14093 7066.666666666667
MGG_00681T0 3620 1417.6666666666667 2973.3333333333335 2247 1877 1077 5180.333333333333 3683.3333333333335 836
MGG_06302T1 176.66666666666666 133.66666666666666 185.33333333333337 169.72466666666668 160.66666666666666 104 259.6666666666667 207.75566666666663 88.33333333333333
MGG_11916T0 74312.66666666667 38951.666666666664 49620.666666666664 70625.66666666667 52873.666666666664 41102 79867 60336 22912.666666666668
MGG_02688T0 77 34.333333333333336 52 61 67.33333333333333 18.666666666666668 97.33333333333331 66.33333333333333 15.333333333333334
MGG_07511T0 6677 6318.333333333333 8780.333333333334 7416.666666666667 8464 6526 9111.333333333334 8378.666666666666 5034.666666666667
MGG_03703T0 2139.3333333333335 1609.6666666666667 2368 2933.3333333333335 3024 1534.6666666666667 3199.3333333333335 3317 1320.6666666666667
MGG_11374T0 277.10066666666665 168.68533333333335 309.974 317.484 319.79033333333336 163.45866666666666 411.569 399.67133333333334 180.748
MGG_08035T0 2226.6666666666665 779.5853333333333 1528.95 727.2403333333333 1348.756666666667 926.1966666666666 1240.21 1983.4033333333336 1032.6366666666668
MGG_01641T0 9877 4253 6468.333333333333 2879.3333333333335 6019.333333333333 3707.6666666666665 5078.333333333333 5422.333333333333 5096.333333333333
MGG_15755T0 179.33333333333334 119.33333333333331 119 110 143.33333333333334 56 153 146 118.66666666666669
MGG_06757T0 1570 983.6666666666666 1169 790.3333333333334 1131 773.3333333333334 1324.6666666666667 1317 978
MGG_02218T0 63.666666666666664 39.333333333333336 32.666666666666664 5 45.333333333333336 14.333333333333334 69.66666666666667 55 34
MGG_06696T0 4640.98 2811.9333333333334 4035.0733333333337 3315.0133333333333 4955.933333333333 2476.2066666666665 4013.27 4117.153333333334 2365.37
MGG_13736T0 5538.333333333333 2512.3333333333335 1801.6666666666667 893.6666666666666 4104.666666666667 1487.6666666666667 4623 5892 993.6666666666666
MGG_00255T0 5778.333333333333 3656.6666666666665 3437.6666666666665 3730.6666666666665 5014.333333333333 2610.3333333333335 5318.666666666667 5277 1809.6666666666667
MGG_05717T0 919.3333333333334 425.3333333333333 554.6666666666666 950.6666666666666 1111.3333333333333 1233 449.3333333333333 1308 1143
MGG_05890T0 3125.3333333333335 1013 2116 941.6666666666666 2810 2735 3403.3333333333335 5805.333333333333 5133.666666666667
MGG_06089T0 1478.63 437.61466666666666 906 356.3333333333333 885.2620000000001 1032.3333333333333 1368.3 1454.9733333333334 1261.0633333333333
MGG_05565T0 107.33333333333331 24.333333333333332 36.333333333333336 19.666666666666668 49.333333333333336 72.33333333333333 63.666666666666664 96.33333333333331 106.66666666666669
MGG_07078T0 484.0656666666667 548.4253333333334 412.79533333333336 188.74366666666663 674.4970000000001 373.6343333333333 274.4266666666667 526.242 450.33966666666663
MGG_15573T0 21.666666666666668 19.333333333333332 18.666666666666668 5 30 11.333333333333334 7.333333333333333 23 29.333333333333332
MGG_03523T0 1859.3333333333333 1736.3333333333333 1714.6666666666667 952.3333333333334 1957 1447.3333333333333 1062.6666666666667 1857.3333333333333 1841.6666666666667
MGG_11611T0 5335.666666666667 3546.3333333333335 5179.333333333333 1304.3333333333333 4090.3333333333335 3306.3333333333335 3052 5301 3507
MGG_03885T0 1506.513333333333 1347.75 1614.506666666667 765.5566666666666 1651.46 1095.6486666666667 1212.76 1623.6966666666667 1478.1233333333334
MGG_13813T0 296.45933333333335 217.471 379.844 85.41583333333332 444.414 329.58133333333336 288.4762666666667 701.9680000000001 529.7503333333333
MGG_02186T0 683.3333333333334 474 1394.6666666666667 277.6666666666667 1150.6666666666667 969.6666666666666 855 1724.6666666666667 1242.6666666666667
MGG_03763T0 234.66666666666663 216.33333333333337 389 59.333333333333336 287 241.66666666666663 126.33333333333331 487.6666666666667 340.6666666666667
MGG_05403T0 6.333333333333333 6 17 2 4 6.666666666666667 0 20.666666666666668 9.666666666666666
MGG_13996T0 69.33333333333333 75 307.6666666666667 33.333333333333336 142.66666666666666 109 104.66666666666669 364.6666666666667 283.6666666666667
MGG_16466T0 13 15.666666666666666 35.333333333333336 12.333333333333334 26.666666666666668 11.333333333333334 5.333333333333333 42 31
MGG_01621T0 1632.6666666666667 854.6666666666666 1949.3333333333333 627.3333333333334 1085 1890.3333333333333 907.6666666666666 1737.3333333333333 1932.6666666666667
MGG_04744T0 482 104 725.0503333333334 161.66666666666666 337.6666666666667 800 357.69433333333336 635.3333333333334 809
MGG_06891T0 78.66666666666667 37 93 34.666666666666664 86.66666666666667 87.33333333333333 45.666666666666664 94 109
MGG_04014T0 512.6666666666666 320.6666666666667 887 240.66666666666663 640.6666666666666 724.6666666666666 432.033 982.7376666666668 1049
MGG_15637T0 719.9663333333333 415.3333333333333 982.3333333333334 422 647.637 906.6666666666666 379 1013.2556666666668 1004.3123333333332
MGG_00993T0 448.3333333333333 973 1293.6666666666667 102.33333333333331 1070.6666666666667 1136.3333333333333 124.33333333333331 1506.6666666666667 1498.3333333333333
MGG_06728T0 855.196 832.8106666666667 1687.8766666666668 368.5206666666666 1087.931 1217.7086666666669 357.7563333333333 1199.84 1558.3633333333332
MGG_13012T0 397 382.3333333333333 997.3333333333334 83 615 950.3333333333334 189.66666666666663 798 907
MGG_06659T0 455.11 367.6816666666667 642.3526666666667 197.366 559.3616666666667 353.38666666666666 302.68833333333333 650.9043333333333 656.4476666666667
MGG_04045T0 1701 1119 2188.6666666666665 790.3333333333334 2250.3333333333335 1440 765.3333333333334 2581.3333333333335 2828.6666666666665
MGG_02508T0 277 184.33333333333337 372 201.33333333333337 368.6666666666667 287 156 479.6666666666667 439.6666666666667
MGG_05062T0 909.3333333333334 959.6666666666666 1425.3333333333333 773 1217.3333333333333 1221 421.6666666666667 1471 1809
MGG_14642T0 85.58146666666666 60.32966666666667 136.56633333333335 16.8969 133.34333333333333 111.02763333333334 30.127699999999997 140.27100000000002 211.29933333333335
MGG_10247T0 16 9.333333333333334 20.333333333333332 4.333333333333333 20.666666666666668 16 7.333333333333333 20 34
MGG_17441T0 26.007366666666663 15.666666666666666 13.666666666666666 12.666666666666666 18.333333333333332 13.666666666666666 7.333333333333333 30.333333333333332 39.333333333333336
MGG_10678T0 390.6666666666667 560.6666666666666 500.6666666666667 174.66666666666666 511.3333333333333 622 161.66666666666666 468.3333333333333 659.6666666666666
MGG_08965T0 59.71646666666667 69.11443333333332 62.314096666666664 34.289366666666666 58.773633333333336 66.65853333333334 11.598906666666666 62.2619 87.2017
MGG_05031T0 286.6666666666667 209.33333333333337 262.3333333333333 136 290.3333333333333 299.6666666666667 142.66666666666666 312 269.6666666666667
MGG_16601T0 378.41133333333335 304.636 350.491 286.26733333333334 400.163 425.092 203.92733333333337 412.88233333333335 434.8546666666667
MGG_11468T0 216 195.66666666666663 166.66666666666666 183 237 224.33333333333337 108.33333333333331 214.66666666666663 259
MGG_17308T1 469.1123333333333 374.95933333333335 327.34076666666664 217.006 773.0666666666666 628.539 51.54571233333333 620.7106666666667 856.2246666666667
MGG_05083T0 2465.25 1861.9333333333336 2399.15 1161.4233333333334 3759.056666666667 3590.79 1123.6133333333332 4773.843333333333 4495.54
MGG_09304T0 745 612.6666666666666 470.3333333333333 354.3333333333333 1033.6666666666667 1120 462.3333333333333 1220.6666666666667 1268.3333333333333
MGG_02671T0 1365 1435.6666666666667 1356.6666666666667 547 1797 1626.6666666666667 662.3333333333334 1768 1995.3333333333333
MGG_04544T0 551 441.3333333333333 520.6666666666666 279.6666666666667 644 519 369 643 705.3333333333334
MGG_05769T0 220.66666666666663 222.66666666666663 56.333333333333336 75.33333333333333 128.33333333333334 75.33333333333333 142.66666666666666 218.33333333333337 153.66666666666666
MGG_17484T0 4.666666666666667 5 0 0.33333333333333337 1.6666666666666667 0 1.6666666666666667 4.666666666666667 2.6899933333333332
MGG_15451T0 422 627.3333333333334 425.3333333333333 178.66666666666666 540 436.3333333333333 433.3333333333333 667.6666666666666 659.3333333333334
MGG_16377T0 2044.1313333333333 1827.33 686 208.33333333333337 2153 1585.0333333333333 1469.98 3599 2351
MGG_02987T0 460.20666666666665 1073.2106666666666 686.9756666666667 188.5684666666667 1835.4166666666663 1658.243333333333 479.61066666666665 1802.8333333333333 1630.3633333333332
MGG_08102T0 278.3263333333333 434.8433333333333 565.9606666666666 158.66666666666666 1184.8686666666667 1022.0293333333332 141 1189.45 606.527
MGG_05871T0 7374 13942.666666666666 9856.666666666666 3618.6666666666665 29892.666666666668 34869 6070.333333333333 32999.333333333336 10835
MGG_12548T0 473.3333333333333 996.6666666666666 617.6666666666666 167.33333333333334 1527.6666666666667 1833.6666666666667 428 1654.6666666666667 1028
MGG_08107T0 1161 933.6666666666666 756 514.6666666666666 1332.3333333333333 1479.6666666666667 774.6666666666666 1695.3333333333333 911
MGG_16205T0 3.6666666666666665 5.666666666666667 1 0 7.666666666666667 6 3 8.666666666666666 3.6666666666666665
MGG_03588T0 191.66666666666663 653.6666666666666 578.3333333333334 139.33333333333334 616.3333333333334 690 175 788 222
MGG_16251T0 5851.193333333334 7239.116666666667 10766.743333333334 2939.63 12370.07 19134.4 8563.836666666666 21524.266666666663 9832.07
MGG_04910T0 958.6666666666666 641 1673.3333333333333 467 1306.6666666666667 1838 597.3333333333334 1905.6666666666667 813.6666666666666
MGG_08274T0 558.3333333333334 368 171.33333333333334 96 698.6666666666666 222.33333333333337 621.6666666666666 1052.6666666666667 363.6666666666667
MGG_05654T0 1663.3333333333333 956 768 764.3333333333334 2102.6666666666665 739.6666666666666 1475.3333333333333 2188.6666666666665 1009.3333333333334
MGG_10368T0 12 2.3333333333333335 1 7.333333333333333 13.333333333333334 2.3333333333333335 0.6666666666666666 14 1
MGG_06907T0 4531.976666666667 1957.8466666666668 881.434 1899.0633333333333 5003.71 2433.883333333333 2321.58 5665.216666666666 1361.85
MGG_05531T0 32146.333333333332 12729.666666666666 11014.333333333334 11144.333333333334 30228.333333333332 18453.666666666668 12325 41077.666666666664 8068.333333333333
MGG_12847T0 92159 37068.666666666664 39128.333333333336 33207 96891 65106.666666666664 28240.333333333332 114956.33333333331 25231.666666666668
MGG_09055T0 114059 41503.333333333336 15659 21265.666666666668 72778.66666666667 16403.333333333332 11099.666666666666 87471 6019
MGG_00226T0 940.2423333333334 385.1 162.78016666666667 70.75966666666666 888.845 196.07166666666663 175.5598 922.1866666666666 218.14766666666665
MGG_07102T0 1930.6666666666667 1340.3333333333333 612 698 2134.3333333333335 675 959.3333333333334 2348.6666666666665 628
MGG_00227T0 3578.4266666666663 1138.2336666666667 65.21983333333333 324.24033333333335 3543.49 20.26156333333333 744.775 4222.8133333333335 25.18563333333333
MGG_04599T0 34118.666666666664 30617.333333333332 17037.666666666668 15564 43095.666666666664 25674 13406 48005 11009
MGG_16871T0 2140 2376.6666666666665 372 1130.6666666666667 3053 353 777.3333333333334 4673 114.66666666666669
MGG_08813T0 7450.843333333333 7903.566666666667 2550.2076666666667 1181.7196666666666 10987.84 1968.5833333333333 2369.7033333333334 13925.58 1181.7693333333334
MGG_03784T0 3397.666666666667 2420.3333333333335 470.66666666666663 389.6666666666667 4705 181 193.33333333333337 6484 75.33333333333333
MGG_09749T0 3380 2371 1635.6666666666667 2243 3358 1927.6666666666667 1933.3333333333333 4532.333333333333 2521.3333333333335
MGG_05021T0 360.3333333333333 257 241.33333333333337 163.66666666666666 404.3333333333333 298 222.66666666666663 585 254.33333333333337
MGG_16237T0 28.333333333333332 18.333333333333332 17.666666666666668 7.333333333333333 49 28 14.666666666666666 64.33333333333333 16
MGG_17689T0 261 183.33333333333337 136.66666666666666 110 281.6666666666667 173.66666666666666 164 324 190
MGG_08116T0 778.9756666666667 570.5283333333334 503.09433333333334 383.3856666666667 945.7503333333334 481.9726666666666 409.8636666666667 1260.355 635.4826666666667
MGG_09427T0 187 94.66666666666669 76.33333333333333 33 272 43 90.66666666666669 365.6666666666667 106.66666666666669
MGG_06529T1 6373.913333333333 4620.546666666666 4390.903333333334 2236.3533333333335 5058.076666666666 2140.78 2120.7033333333334 8484.55 2477.9366666666665
MGG_13815T0 93574 82740 78863.33333333333 47311.666666666664 95541.66666666669 49101.333333333336 56495 104079.33333333331 41160
MGG_01607T0 31265 38794 14883.333333333334 14197.666666666666 41772.333333333336 9473.666666666666 23256.333333333332 41224 14900.666666666666
MGG_01467T0 4337.666666666667 4145 2121.6666666666665 2161.3333333333335 4908.666666666667 2673 3800.6666666666665 5228.666666666667 2189
MGG_02371T0 1918.6666666666667 1609 314 823 2280 315.3333333333333 1283.6666666666667 1882.3333333333333 406.3333333333333
MGG_01625T1 2913.68 2965.2666666666664 1925.7233333333336 1598.679 3252.6033333333335 1887.0356666666669 1444.9666666666667 2776.55 1700.996666666667
MGG_04259T0 16332 12551 1554 2100.3333333333335 13659.666666666666 165.66666666666666 1031 15986.666666666668 58.66666666666667
MGG_09001T0 737.6666666666666 966.3333333333334 177.66666666666666 176.66666666666666 683.3333333333334 53 127.33333333333331 965.3333333333334 49.666666666666664
MGG_05632T0 797 2887.6666666666665 922.6666666666666 926.6666666666666 9054 1799.6666666666667 143 2667 559.6666666666666
MGG_09965T0 2073.3333333333335 3159.6366666666668 852.3333333333334 1778.6633333333334 3652.3133333333335 2371 799.3333333333334 3325.6666666666665 1143.6666666666667
MGG_14825T0 7768.666666666667 8288 3605.6666666666665 5075 10841 6087.666666666667 3545.6666666666665 8123.333333333333 3182.6666666666665
MGG_09865T0 2563 5498.333333333333 3327.6666666666665 5105.333333333333 7837.666666666667 2013.3333333333333 6148 8154.333333333333 1375
MGG_06631T0 1874.3333333333333 3198 2348.6666666666665 3810.3333333333335 5039 2106 3066.3333333333335 6559.666666666667 993.6666666666666
MGG_03087T0 10155.666666666666 10469.666666666666 12897.666666666666 12266.333333333334 18791.333333333332 8447.666666666666 11619.666666666666 19078.666666666668 6347
MGG_06726T0 8837.666666666666 10556 11436.666666666666 10484.333333333334 17548 8049 10085 21037.666666666668 5967
MGG_04629T0 2946.99 7331.666666666667 7232.333333333333 5091.66 10585.333333333334 4316.333333333333 6023.996666666667 10458.666666666666 3320
MGG_00105T0 514.8993333333333 1996.8666666666663 1640.8233333333333 1147.669666666667 2951.48 931.964 1230.3719999999998 2436.7966666666666 947.077
MGG_05268T0 5492.666666666667 8480 9547 5734 10289 3369.6666666666665 6608.666666666667 10941.666666666666 4967.333333333333
MGG_15291T0 5900.606666666667 11179.733333333334 9625.713333333331 8240.123333333333 10661 5252.156666666667 8001.723333333333 12000.633333333331 4548.923333333333
MGG_15875T0 6.666666666666667 35.666666666666664 5.333333333333333 1 32.666666666666664 5 17.333333333333332 52.666666666666664 20
MGG_01628T0 351.6666666666667 2867 1248.3333333333333 801.6666666666666 2795 535 1812.3333333333333 3345.6666666666665 930.3333333333334
MGG_05429T0 10.7205 19.333333333333332 14.610566666666667 2 18.281233333333333 13.06198 3.3333333333333335 26.333333333333332 18.2748
MGG_17469T0 100.66666666666669 145.66666666666666 146.66666666666666 69.33333333333333 180.33333333333337 100.33333333333331 30.333333333333332 264.3333333333333 135.8
MGG_12466T0 347.01733333333334 769.199 874.1386666666667 110.76043333333334 1087.5633333333333 293.43399999999997 275.78366666666665 1544.21 963.7093333333332
MGG_03687T0 3210.3333333333335 4338.333333333333 4397.333333333333 1901.6666666666667 6992.666666666667 2142.6666666666665 2756.3333333333335 8371.333333333334 4283
MGG_02696T0 10367 19424 14567.666666666666 4355.666666666667 45833.666666666664 25621.666666666668 5232.333333333333 52455.333333333336 18355
MGG_10568T0 5017.666666666667 4419 6351 2502 12137.333333333334 6278.333333333333 3552 14590 5209
MGG_17164T0 259.3333333333333 301.6666666666667 144.66666666666666 357 638.3333333333334 225.66666666666663 126 932.6666666666666 206.66666666666663
MGG_15530T0 53 254 206.66666666666663 63 723 97.66666666666669 119 717 122.66666666666669
MGG_15749T0 4926 10970.333333333334 8651.666666666666 3340.6666666666665 30951.333333333332 5607.666666666667 3680 43732.666666666664 3791
MGG_03058T0 402 1619.3333333333333 1110 866.6666666666666 5062.666666666667 1217 581.6666666666666 6771 642
MGG_16729T0 1058.3333333333333 1171 707.6666666666666 523.438 2125 544.49 793.4563333333333 2457.9166666666665 1076.0566666666666
MGG_02142T0 30716 27504.666666666668 10646.333333333334 3116 67770 4172.333333333333 6105.333333333333 105121 1479.6666666666667
MGG_14087T0 9798.333333333334 19680 4729 3294 38970.666666666664 3316.6666666666665 10729.666666666666 53226.333333333336 4561
MGG_01130T0 694 2932.33 3277 637.3333333333334 5299.666666666667 2137.3333333333335 734 5948.333333333333 662.6666666666666
MGG_14878T0 153.66666666666666 606 626.3333333333334 236.66666666666663 1036 271.6666666666667 285.3333333333333 1173.6666666666667 311.6666666666667
MGG_01559T0 352.6666666666667 1410.6666666666667 1319.6666666666667 274.6666666666667 2000 653.3333333333334 323.3333333333333 2352.6666666666665 822.6666666666666
MGG_03239T0 360 1474.3333333333333 1587.6666666666667 225.66666666666663 2295 1177.3333333333333 151 2248.3333333333335 1057.3333333333333
MGG_01684T0 54.104533333333336 579.0936666666666 404.6706666666667 25.845566666666667 687.8853333333334 344.37933333333336 62.2029 722.9323333333333 209.00533333333337
MGG_05039T0 646.6666666666666 761.6666666666666 626 343 1156.3333333333333 528.6666666666666 197.33333333333337 1237 507.3333333333333
MGG_10720T0 2097 2580 2737.3333333333335 1244.3333333333333 3405.6666666666665 2442.6666666666665 1236.3333333333333 3927 1224.6666666666667
MGG_11818T0 133.94333333333333 285.493 116.4155 106.58 366.31733333333335 160.852 54.720666666666666 323.896 243.67899999999997
MGG_05663T0 7686.666666666667 26083 11548.333333333334 3762 25438 10639.666666666666 6044 32489 12069
MGG_06739T0 34.333333333333336 263.6666666666667 78.66666666666667 33.666666666666664 337.6666666666667 64.33333333333333 8 497 88.66666666666667
MGG_02604T0 462.641 803.6313333333334 267.3976666666667 161.24766666666667 994.7393333333332 351.22133333333335 270.26866666666666 889.006 441.85566666666665
MGG_10595T0 1111.6666666666667 5253.666666666667 3004 1012.3333333333334 9306.333333333334 2350.6666666666665 962 7669.666666666667 1344.3333333333333
MGG_13256T0 75.66666666666667 488 327.3333333333333 86.33333333333333 769.3333333333334 260.6666666666667 60 576.6666666666666 173.33333333333334
MGG_13275T0 3276 61448.666666666664 2263.6666666666665 411.6666666666667 82983.66666666667 1849.6666666666667 1128 60204.666666666664 1737.3333333333337
MGG_04835T0 4351.666666666667 38039 5281.666666666667 7741 49954.333333333336 4994.333333333333 4068 41488.333333333336 2994
MGG_04078T0 1465.3333333333333 3356.3333333333335 1123.6666666666667 938.3333333333334 4623.666666666667 1704.6666666666667 342.3333333333333 4123.333333333333 704.3333333333334
MGG_17414T0 34.666666666666664 148 25.666666666666668 27.666666666666668 172.33333333333334 40.666666666666664 5.333333333333333 175.66666666666666 38
MGG_12468T0 3795.3333333333335 12271.666666666666 4722.666666666667 1080.3333333333333 17075 5947.333333333333 2404.3333333333335 14205 3836.6666666666665
MGG_11168T0 530.6666666666666 28142 7081 375.3333333333333 39854.333333333336 5380 995 34461.666666666664 2923.3333333333335
MGG_09717T0 4130 17441 5447.333333333333 4804.666666666667 25778.666666666668 2837.3333333333335 844.3333333333334 26357.333333333332 1389
MGG_14597T0 1045.6666666666667 43761 2981 253 84168 3686.3333333333335 133.66666666666666 76835.66666666667 2164.6666666666665
MGG_06069T0 16947.666666666668 66291.33333333333 15384.666666666666 1371 96963.66666666669 17900.666666666668 4495.666666666667 89775.33333333333 7954.666666666667
MGG_05865T0 7796 25937 6652.333333333333 2853 40210.333333333336 6189.666666666667 3743 38587 2164.6666666666665
MGG_18048T0 69.33333333333333 262 100.66666666666669 33.666666666666664 334.6666666666667 161 16.666666666666668 363.6666666666667 107.66666666666669
MGG_03686T0 223 1082.6666666666667 345.6666666666667 162.66666666666666 1736 675 92.33333333333331 1531 449
MGG_09910T0 338.3333333333333 9220 5113.666666666667 371.6666666666667 14101.666666666666 2653.3333333333335 449 14964 1778.6666666666667
MGG_00527T0 7027.333333333333 17975.333333333332 7547 2485.6666666666665 29746.333333333332 9753.333333333334 1924.6666666666667 33187 7093.333333333333
MGG_04909T0 417 1462.6666666666667 622.3333333333334 218.33333333333337 2273.6666666666665 585 200.33333333333337 2385 667.3333333333334
MGG_18092T0 309 596.6666666666666 164.66666666666666 268 1376.6666666666667 383 144 1119.6666666666667 406.6666666666667
MGG_00737T0 14173 21562 9843.666666666666 5752.666666666667 37174.333333333336 18371 5514.666666666667 38811.666666666664 9094
MGG_00656T0 759.6666666666666 1039.3333333333333 442.3333333333333 338.3333333333333 1707 1054 548.3333333333334 1880 486
MGG_16099T0 94.33333333333331 44.666666666666664 114.66666666666669 28.666666666666668 141.66666666666666 100.66666666666669 79.33333333333333 233 86.33333333333333
MGG_09032T0 674.6666666666666 242.66666666666663 381.3333333333333 273.3333333333333 687.6666666666666 620 484.3333333333333 1246.3333333333333 531
MGG_00505T0 19402 9643 17442.333333333332 9264 19475.666666666668 13980.666666666666 8056.333333333333 26028.333333333332 12451.666666666666
MGG_04081T0 1882.3333333333333 689.6666666666666 1344.3333333333333 1042.3333333333333 1422 1120.6666666666667 825.3333333333334 2198.3333333333335 1634
MGG_07830T0 129.66666666666666 72 153.33333333333334 84 153.66666666666666 44.333333333333336 75.66666666666667 226.33333333333337 102.66666666666669
MGG_11079T0 3191.6666666666665 2532.6666666666665 4474.666666666667 2506 3811 1432.6666666666667 2360.3333333333335 4693.333333333333 1656.3333333333333
MGG_03071T0 793.536 534.1283333333333 1123.9 662.3216666666667 951.142 564.1336666666666 723.855 1255.7166666666667 412.03566666666666
MGG_09125T0 3714 7467 10726.333333333334 4538 10656 7216.333333333333 4864 12604.333333333334 4720
MGG_10179T0 1584.8733333333332 1370.9266666666667 2357.2566666666667 1351.3333333333333 2519.0433333333335 1415.6133333333332 1271.6666666666667 3369.8733333333334 992.9883333333332
MGG_01302T0 1162.6666666666667 1246.3333333333333 2439.3333333333335 1095.6666666666667 2477.9666666666667 1653.3333333333333 1024.6666666666667 3150.3333333333335 1019
MGG_13783T0 704.3333333333334 1792.3333333333333 3105 2356 3347.6666666666665 888.6666666666666 1687.6666666666667 5220.333333333333 1742.3333333333333
MGG_07253T0 75.33333333333333 105 116.66666666666669 71.66666666666667 123.33333333333331 58 72 202 60.333333333333336
MGG_04329T0 199 36 54 101 103.66666666666669 140 258.6666666666667 95.33333333333331 218
MGG_15380T0 120.33333333333331 18.666666666666668 37.666666666666664 21 22.666666666666668 38.666666666666664 91 49.333333333333336 140.66666666666666
MGG_13420T0 12.666666666666666 1.6666666666666663 0.6666666666666667 0 1 0 11 3.6666666666666665 17
MGG_04216T0 356.5291 26.04157 103.82946666666666 83.27803333333333 27.4508 78.42856666666667 538.7869999999999 82.55216666666666 586.4613333333334
MGG_10531T0 116 3 23.333333333333332 12 20.333333333333336 23 127 35 126
MGG_12775T0 1598 87 460.6666666666667 585.6666666666666 343 258 1768.6666666666667 705.6666666666666 1890.3333333333333
MGG_07455T0 873 116.66666666666669 588 807 40.666666666666664 258 757.6666666666666 49.333333333333336 2158.3333333333335
MGG_00617T0 402.3333333333333 190 383.3333333333333 355 95.33333333333331 268 329.6666666666667 146.33333333333334 549
MGG_08453T0 73.66666666666667 3 62 33.333333333333336 5 7 54.666666666666664 7.333333333333333 116.66666666666669
MGG_08452T0 102.6361 9.01806 91.59716666666668 76.89886666666666 11.429713333333334 21.8952 116.35086666666666 23.964266666666667 153.17523333333332
MGG_08615T0 140.33333333333334 24.333333333333332 134 24 41.381233333333334 35.333333333333336 171.33333333333334 73.765033333333335 226.66666666666663
MGG_17655T0 742.8571666666667 71.47536666666667 654.1912333333333 0 71.201 21.5286 719.4933333333333 365.1426666666667 770.4483333333334
MGG_02788T0 1217.3333333333333 737.044 1015 623.4146666666667 762.2286666666666 825.5943333333333 891.4056666666667 1036.745 1327.3333333333333
MGG_15807T0 528.2211066666666 99.16251 738.3814666666666 0 140.52194 0.93065 430.7246666666667 423.59166666666664 1168.646
MGG_16383T0 2149.74 879.9593333333333 2712.903333333333 641.4350000000001 805.4856666666667 973.318 1687.1333333333334 1078.3763333333334 4220.566666666667
MGG_08366T0 48.666666666666664 15.333333333333334 43.666666666666664 7 12.333333333333334 18.666666666666668 24.666666666666668 22 73.33333333333333
MGG_15794T0 69.16066666666667 57.23813333333333 119.34266666666667 29.18003333333333 65.79353333333333 59.333533333333335 102.61306666666668 54.444399999999995 138.884
MGG_00282T0 9 15.666666666666666 23.333333333333332 0.33333333333333337 7 10.333333333333334 47 10 49.666666666666664
MGG_10727T0 10.333333333333334 16.333333333333332 29.666666666666668 3 4.333333333333333 1.6666666666666667 32.333333333333336 17.666666666666668 39
MGG_13216T0 390 379.6666666666667 278.3333333333333 249.66666666666663 206 165.66666666666666 491.3333333333333 145.33333333333334 462.6666666666667
MGG_00750T0 1372.3333333333333 1276.6666666666667 1337.3333333333333 696.6666666666666 749 895.3333333333334 1942.3333333333333 548.3333333333334 1411
MGG_15649T0 33.666666666666664 23.333333333333332 34.666666666666664 32 7 13 49.666666666666664 9 41.666666666666664
MGG_00751T0 153 42.666666666666664 193.33333333333337 109 39.666666666666664 44.666666666666664 363.3333333333333 16.333333333333332 372.6666666666667
MGG_02203T0 62 11.666666666666666 64.66666666666667 15.666666666666666 0.6666666666666667 33.333333333333336 97.66666666666669 1.3333333333333337 86.33333333333333
MGG_06087T0 2431 1541 2446.3333333333335 1941 1405.6666666666667 2259 1368.3333333333333 1638.3333333333333 2467
MGG_16635T0 35 6.333333333333333 37 18.666666666666668 12.666666666666666 22 12.333333333333334 14.666666666666666 30
MGG_14774T0 364.6666666666667 54 310 146.66666666666666 98.33333333333331 174.66666666666666 68.66666666666667 73.33333333333333 218.66666666666663
MGG_05330T0 150.8934 26.020333333333333 135.08066666666667 75.9668 51.549166666666665 86.28426666666667 32.803066666666666 58.47553333333333 101.59976666666668
MGG_09544T0 612.3333333333334 137.66666666666666 618.6666666666666 420.6666666666667 204 434.3333333333333 352.6666666666667 188 521.3333333333334
MGG_08631T0 881.6666666666666 211 835.3333333333334 458.3333333333333 273.3333333333333 394.6666666666667 527.3333333333334 322.6666666666667 780.6666666666666
MGG_15916T0 526.11 27.3571 637.0496666666667 267.7536666666667 41.23876666666666 266.7323333333333 330.827 106.00496666666666 492.52433333333335
MGG_15628T0 1381.3719999999998 264.0946666666667 1609.0366666666666 446.71633333333335 373.49266666666665 901.0983333333334 620.9883333333333 722.2876666666666 1196.628
MGG_05332T0 208.79433333333333 29.912566666666667 322.08099999999996 97.2479 67.0226 215.15033333333332 127.53733333333334 132.52676666666667 240.34166666666667
MGG_17820T0 519.8196666666666 107.08503333333331 624.5426666666666 138.53284559333332 149.40276666666668 469.1633333333333 176.4681 227.578 460.1906666666667
MGG_15808T0 220.33333333333337 25.666666666666668 271 90.66666666666669 62 197.66666666666663 84.33333333333333 94.66666666666669 230.66666666666663
MGG_17062T0 833.6666666666666 56.666666666666664 1141 297.3333333333333 107.33333333333331 719 326.3333333333333 142 839
MGG_17724T0 591.023 178.75033333333334 562.8243333333334 288.27066666666667 264.29 533.5106666666667 306.737 272.14666666666665 455.91
MGG_15800T0 285.54766666666666 41.2696 317.568 118.17723333333332 83.24719999999999 213.11866666666663 127.18306666666668 98.8101 211.96866666666665
MGG_15621T0 291.28046666666665 34.82646666666667 354.5516666666667 125.4352 65.00976666666666 251.15 148.1003 90.85766666666667 225.68466666666663
MGG_16615T0 466.977 36.96816666666666 357.50733333333335 170.988 79.56516666666667 293.6406666666667 231.60266666666664 101.1177 263.32
MGG_03853T0 1835.87 174.7576666666667 1418.02 501.3786666666667 368.70933333333335 1140.5126666666663 975.8033333333334 474.771 1237.8796666666667
MGG_07446T0 304 54 260.6666666666667 97.66666666666669 85.33333333333333 226 175 89.66666666666667 202
MGG_08835T0 24412 2925.6666666666665 22491.333333333332 10297.666666666666 5049.666666666667 16837.333333333332 10741.666666666666 6559.666666666667 20098.333333333332
MGG_06487T0 1381.6666666666667 185.66666666666663 1241.6666666666667 617 386.3333333333333 1023.3333333333334 716 598.3333333333334 1088
MGG_07974T0 1215.3333333333333 378 1301.3333333333333 626.6666666666666 403.6666666666667 935.6666666666666 835.6666666666666 535.3333333333334 1075.6666666666667
MGG_05503T0 1242 214.33333333333337 1222 512.6666666666666 459.6666666666667 871.3333333333334 848 507.6666666666667 1044.3333333333333
MGG_09297T0 1667.3333333333333 886.6666666666666 1365.3333333333333 814.3333333333334 867 1484.6666666666667 934.3333333333334 934.6666666666666 1307
MGG_11091T0 25.666666666666668 7.666666666666667 27.333333333333332 3.666666666666667 4 22.666666666666668 11.333333333333334 5.333333333333333 17
MGG_01174T0 1858.6666666666667 926 1729 921.3333333333334 673.6666666666666 2144.6666666666665 1468.3333333333333 936 1989
MGG_00041T0 841.0846666666667 100.92166666666668 839.9136666666667 302.24733333333336 136.5389 822.456 499.161 229.13893333333337 649.028
MGG_13552T0 1099.35 105.7462 1303.0566666666666 477.13166666666666 208 1216.3033333333333 630.2166666666667 289.1426666666667 1130.328
MGG_09217T0 1056.8566666666666 209.02866666666665 1250.8433333333332 515.6179999999999 388.442 1227.1303333333333 922.837 475.0903333333334 1279.34
MGG_11574T0 299 71.66666666666667 438.6666666666667 132.33333333333334 93.66666666666669 353.3333333333333 233 97.66666666666669 397.3333333333333
MGG_11543T0 1136.6666666666667 488 1236 504.6666666666667 427.3333333333333 1246.3333333333333 563 492 1148.3333333333333
MGG_08104T0 3028 587.6666666666666 4439 884.6666666666666 939.6666666666666 3761 1309 1038.6666666666667 3390.3333333333335
MGG_14547T0 716.6666666666666 231.33333333333337 1315.6666666666667 138.66666666666666 152.33333333333334 1099.6666666666667 170.33333333333334 162 1049.8366666666666
MGG_17092T0 18 0 20.333333333333332 1.3333333333333333 4.333333333333333 20 9 3.3333333333333335 20
MGG_16556T0 940.7403333333332 112.80643333333332 1114.4913333333334 293.312 294.05066666666664 1116.657 490.746 508.871 1033.08
MGG_06174T0 2208.753333333333 537.6973333333333 2782.55 831.6896666666667 851.5776666666667 2891.326666666667 1441.147 1392.9266666666667 3034.38
MGG_10933T0 39.333333333333336 9 55 14 15 58.333333333333336 20.666666666666668 24.333333333333332 60
MGG_15975T0 9.674333333333331 1.0019033333333334 7.0038833333333335 3.003826666666667 1.3345466666666668 7.334476666666666 4.001453333333333 7.33656 11.6683
MGG_11340T0 5871.793333333333 2471.0733333333333 4176.41 2497.3333333333335 3293.29 5540.053333333333 3903.3333333333335 4644.793333333333 5822.013333333333
MGG_02516T0 3179.3333333333335 1037 2215.3333333333335 1372.6066666666666 1395.6666666666667 2281.6066666666666 1963.3333333333333 2137.56 2833.2033333333334
MGG_06787T0 1281.6666666666667 431.3333333333333 925 573.3333333333334 535.6666666666666 1127.3333333333333 770.6666666666666 880.3333333333334 1065.6666666666667
MGG_00079T0 27.712133333333338 1.6666666666666663 10.23218 1 3.13212 10.2784 3.12207 7 21.199253333333335
MGG_16863T0 21.333333333333332 4 12.333333333333334 4.666666666666667 10.666666666666666 11.666666666666666 7.333333333333333 8 18.333333333333332
MGG_14737T0 176.74666666666667 56.07216666666667 108.66696666666668 44.107033333333334 58.52203333333333 136.54666666666665 78.3483 41.82203333333333 157.43433333333334
MGG_15737T0 363.3333333333333 138.33333333333334 241.33333333333337 151 200.66666666666663 315 159 192.33333333333337 330.3333333333333
MGG_08810T0 4255.6866666666665 2099.79 3819.236666666666 1253.8153333333332 2847.423333333333 3268.03 1953.2133333333336 2957.7033333333334 4501.26
MGG_05662T0 1085.933 548.9093333333333 920.3656666666668 529.1463333333334 704.9043333333333 865.9926666666667 734.6633333333333 810.607 891.509
MGG_18021T0 1310.133 302.92833333333334 1041.061333333333 217.54266666666663 525.2353333333333 904.18 642.8246666666666 841.5416666666667 1246.2913333333331
MGG_16306T0 68.33333333333333 22.666666666666668 54.666666666666664 25 26 45.666666666666664 18.333333333333332 39.666666666666664 57.666666666666664
MGG_03153T0 1520.3333333333333 408 1137.6666666666667 558.3333333333334 650.6666666666666 1190 595 836.3333333333334 1123.3333333333333
MGG_01909T0 1090.3333333333333 444.6666666666667 915.6666666666666 411 500 802 533.3333333333334 681.3333333333334 872.3333333333334
MGG_14904T0 859.6666666666666 175 583.3333333333334 483 159 987 346.6666666666667 180.33333333333337 1156
MGG_06270T0 6054.206666666666 503.77966666666663 6168.473333333333 2150.9066666666668 697.505 5091.893333333333 3621.896666666667 1077.456 9183.196666666669
MGG_05995T0 496.3333333333333 117.33333333333331 433.6666666666667 261.3333333333333 213 441.3333333333333 231.66666666666663 195.33333333333337 677
MGG_01139T0 1312.3333333333333 140 741.6666666666666 527.3333333333334 359.3333333333333 1149 737.3333333333334 445.6666666666667 1709.3333333333333
MGG_00774T0 747.302 138.376 572.5326666666667 322 169.80633333333333 666.0993333333333 415.21366666666665 163.86366666666666 878.7646666666667
MGG_06201T0 4567.333333333333 1053.6666666666667 3641.6666666666665 2273.6666666666665 1849.6666666666667 4261.666666666667 3169.6666666666665 2012.6666666666667 5902
MGG_12760T1 681.827 167.68900000000002 583.9716666666667 313.97933333333333 215.456 687.2483333333333 426.72766666666666 305.0926666666667 1001.5113333333333
MGG_15748T0 288.88 36.5039 244.98 129.48133333333334 78.9807 306.424 169.25533333333334 86.10916666666667 415.27366666666666
MGG_16969T0 1604.94 382.3333333333333 1499.5466666666666 476.91833333333335 431.8836666666666 1528.1966666666667 1203.7333333333331 702.7756666666667 3031.31
MGG_08596T0 1008 103.66666666666669 824.3333333333334 327.6666666666667 217.33333333333337 790.3333333333334 620.6666666666666 308.6666666666667 2166
MGG_09736T0 2547 403.6666666666667 2524.6666666666665 506.33333333333337 159.66666666666666 2910.3333333333335 1926.3333333333333 568.3333333333334 8110
MGG_15527T0 749 78.66666666666667 514.3333333333334 269.6666666666667 132.66666666666666 911.6666666666666 451.3333333333333 221 1559
MGG_04358T0 2093 231.33333333333337 1723 858.6666666666667 215.33333333333337 2164 532 154 4995
MGG_01637T0 2177.3333333333335 185.66666666666663 1213.3333333333333 724.6666666666666 578.6666666666666 1511.6666666666667 899 1128.3333333333333 3167
MGG_09867T0 701.4286666666667 34.4689 567.8563333333333 136.673 79.93386666666666 302.63033333333334 268.438 145.293 1051.0846666666666
MGG_17731T0 37 5.666666666666667 26.333333333333332 13.333333333333334 8.333333333333334 22.333333333333332 18 7.666666666666667 61.333333333333336
MGG_01689T0 6709.666666666667 1186.6666666666667 5511 2701.6666666666665 2433.3333333333335 5295.666666666667 4872.333333333333 3738.6666666666665 6407.666666666667
MGG_08905T0 5480.166666666667 489.131 4902.81 2579.8933333333334 990.9143333333334 3872.11 3052.2466666666664 1304.275666666667 5298.43
MGG_17436T0 1034.4333333333334 172.03633333333337 803.057 461.6666666666667 347.6666666666667 789 629.6666666666666 345.367 894.3333333333334
MGG_17318T0 910.996 141.01326666666668 743.2076666666667 408.01733333333334 188.736 717.7536666666666 528.1043333333333 226.48533333333333 795.774
MGG_07273T0 1563.5533333333333 289.1406666666667 1239.236666666667 694.991 512.2006666666666 1209.2683333333334 973.264 698.6216666666667 1588.18
MGG_09890T0 638.6666666666666 77 549.3333333333334 254.66666666666663 160 471.3333333333333 388.6666666666667 199.66666666666663 707
MGG_05168T0 1635.35 128.66666666666666 1335.6466666666668 520.188 214.70566666666667 1202.4366666666667 1309.5003333333334 303.64133333333336 1755.55
MGG_01347T0 1692 318.6666666666667 1242.3333333333333 729.3333333333334 475.6666666666667 1374.6666666666667 1176.3333333333333 570 1693
MGG_02621T0 745.9923333333334 142.80866666666665 643.8966666666666 312.478 201.475 669.7473333333334 562.7413333333334 302.9963333333333 824.7856666666667
MGG_01102T0 1976.8143333333333 670.6666666666666 1449.6666666666667 1202.1733333333334 957.6666666666666 1628.8766666666666 993.1416666666668 1080.1933333333334 1670.6066666666666
MGG_16201T0 12892.333333333334 2391.6666666666665 8834.333333333334 5671.333333333333 4780.666666666667 9396.326666666666 7455.326666666667 6636 10280.666666666666
MGG_09534T0 994.5186666666666 251.42433333333332 624.2933333333334 467.68066666666664 361.45166666666665 803.2620000000001 511.09433333333334 507.945 804.0989999999999
MGG_12858T0 204.66666666666663 41.666666666666664 169 72.66666666666667 70.66666666666667 219.33333333333337 140.66666666666666 120.66666666666669 223.66666666666663
MGG_00802T0 871.5376666666667 267.6666666666667 624 282.6666666666667 334.3333333333333 748.403 461.3333333333333 380.77633333333335 732.148
MGG_02738T0 1395.965 330.3043333333333 963.1313333333334 495.558 465.8073333333333 1262.235 843.157 507.47366666666665 1304.8976666666667
MGG_00460T0 2113 225.33333333333337 1282 679.6666666666666 389 1685 1072 643.6666666666666 1767
MGG_11176T0 576.489 120.99333333333333 397.182 294.122 155.72866666666667 525.5733333333333 303.635 248.63933333333333 588.8033333333334
MGG_09540T0 3680 500.3333333333333 2729.6666666666665 1356 967.6666666666666 3327.3333333333335 1811.3333333333333 1525.3333333333333 3414.3333333333335
MGG_05812T0 1708.8070000000002 235.727 1360.9566666666667 735.9276666666667 554.8856666666666 1655.236666666667 659.128 749.5413333333333 1725.29
MGG_06376T0 1202.3333333333333 245 1114.1083333333331 421.657 415 697 775.1066666666667 648.6666666666666 1316.2766666666666
MGG_03264T0 1730.6666666666667 909.547 1662.4533333333334 626.3333333333334 428 1516.0433333333333 887 589.6173333333334 2151.9333333333334
MGG_16318T0 148 75.33333333333333 156 65 57 121 50.333333333333336 57.666666666666664 165.66666666666666
MGG_08622T0 23457.236666666668 2528.73 15803 3882.71 6380.85 15925.9 5176.503333333334 7912.196666666667 24437.8
MGG_06035T0 6434.666666666667 509.3333333333333 4330 1786.3333333333333 1285.6666666666667 3755.3333333333335 2467.6666666666665 1965 7633.333333333333
MGG_10447T0 48343 9968 43410.666666666664 15056.333333333334 18074 33614.333333333336 19584 22003 54789.666666666664
MGG_12138T0 1729.284666666667 597.0693333333334 1621.09 831.1406666666667 789.2416666666667 1307.7 1052.864 1007.812 1905.9333333333336
MGG_02710T0 8318.01 961.1466666666666 7786.886666666666 1859.8166666666664 2511.2533333333336 7156.903333333334 2860.6966666666667 3258.276666666666 11440.103333333333
MGG_12864T0 747.3333333333334 286.6666666666667 690.6666666666666 335.3333333333333 362.3333333333333 593.6666666666666 411 374.6666666666667 956
MGG_15584T0 18.666666666666668 0.6666666666666667 16.333333333333332 2 2.3333333333333335 11 6 0 19.333333333333332
MGG_02625T0 21308 1507 20820.666666666668 4453.666666666667 2596.6666666666665 14139.666666666666 4588 3486.6666666666665 23388.333333333332
MGG_10479T0 4.666666666666667 0 5.333333333333333 0.33333333333333337 0 3 1 0 4.666666666666667
MGG_06770T0 595 91.66666666666669 605 181.33333333333337 184.66666666666663 519.3333333333334 236.33333333333337 252.33333333333337 662.3333333333334
MGG_04882T0 2308.0833333333335 815.197 1846.5633333333333 1074.8533333333332 969.668 1930.0466666666664 1290.29 1151.3233333333333 2221.7066666666665
MGG_15696T0 173.263 24.472073333333334 121.82633333333334 51.48649999999999 44.71926666666667 128.5006 54.7723 57.0978 165.00833333333333
MGG_12396T0 3824 407 3468.6666666666665 1275 900.3333333333334 2817.6666666666665 1546.3333333333333 1111.6666666666667 4282
MGG_00547T0 1066.6666666666667 254.66666666666663 929 451 319 849.3966666666666 539.3333333333334 389.6666666666667 1062.3333333333333
MGG_01696T0 336.308 69.9259 316.553 148.73 150.51033333333334 225.40133333333333 87.54033333333334 216.632 387.5806666666667
MGG_01212T0 317 125 344.3333333333333 205.33333333333337 181.33333333333337 287.6666666666667 157.33333333333334 235.33333333333337 406.3333333333333
MGG_13035T0 1221 247.33333333333337 1152 324 411 789 339.3333333333333 479 1132.3333333333333
MGG_04845T0 485.3333333333333 266.3333333333333 478.6666666666667 277 307 438 232 331 513.3333333333334
MGG_17246T0 1535.3333333333333 623.6666666666666 1382.6666666666667 765.3333333333334 1303.3333333333333 1950.3333333333333 1451.6666666666667 1456 1816
MGG_01683T0 1527.2273333333333 829.9063333333334 1263.6633333333334 605.1546666666667 1070.448 1619.2866666666666 797.797 1319.4 1528.6633333333334
MGG_08374T0 272.984 115.66666666666669 234.66666666666663 88.66666666666667 129.86033333333333 321.3333333333333 87.81673333333333 178.247 290.6666666666667
MGG_13404T0 1152.3333333333333 150.66666666666666 1028.3333333333333 242.66666666666663 353.3333333333333 1249.3333333333333 407.3333333333333 498 985.6666666666666
MGG_04896T0 1384.3333333333333 312 1312.6666666666667 742.6666666666666 615.3333333333334 1652.3333333333333 516.3333333333334 841 1406
MGG_16179T0 60.7976 10.00757 60.28596666666667 19.076566666666665 40.2687 105.52226666666668 36.509933333333336 40.131600000000006 65.20426666666667
MGG_13129T0 592.6666666666666 114.66666666666669 449.6666666666667 274 294 805.3333333333334 296.6666666666667 350.6666666666667 652
MGG_12691T0 76 15.666666666666666 37 40 24.666666666666668 43.666666666666664 16.666666666666668 33 53
MGG_02826T0 233 92 183 184 131.33333333333334 201 112 141.33333333333334 206
MGG_12927T0 37 19.333333333333332 19 28.666666666666668 18.333333333333332 48.666666666666664 12 18.666666666666668 48
MGG_01611T0 1376.3333333333333 638.3333333333334 759.6666666666666 1151.6666666666667 683.3333333333334 1687.6666666666667 749.6666666666666 742 1410
MGG_10660T0 20478.666666666668 9886.666666666666 14249.333333333334 18158.333333333332 8503.666666666666 24013 9938.333333333334 13917.333333333334 21327
MGG_04640T0 1324.6666666666667 801.3333333333334 973.6666666666666 896 366 1942.3333333333333 649.6666666666666 372 1389.6666666666667
MGG_13994T0 599.101 242.72133333333335 559.2046666666666 483.1646666666667 300.376 736.4733333333334 322.45033333333333 255.72 655.987
MGG_01368T0 228.33333333333337 22 214.66666666666663 64 25.666666666666668 391.6666666666667 63.333333333333336 21.666666666666668 248.66666666666663
MGG_00534T0 934.6666666666666 129.66666666666666 974.3333333333334 416.3333333333333 286.3333333333333 1334.3333333333333 388 240.33333333333337 1166
MGG_00857T0 4301.0233333333335 820.033 1980.7166666666667 1321.7966666666666 1299.2966666666666 3188.1266666666666 1813.246666666667 1545.0633333333333 2840.4666666666667
MGG_04487T0 1532 392.3333333333333 890 528.3333333333334 505.3333333333333 1357.3333333333333 699.6666666666666 533.3333333333334 1203.3333333333333
MGG_10677T0 1541 690 887 700.6666666666666 733.3333333333334 1369 910.3333333333334 780.6666666666666 1281.3333333333333
MGG_09780T0 949.5683333333332 258.233 400.87 488.406 309.92133333333334 842.6156666666667 464.81233333333336 346.48333333333335 656.216
MGG_02967T0 531.124 148.99546666666666 276.46133333333336 258.72266666666667 275.44933333333336 489.0453333333333 244.119 245.59133333333332 385.15066666666667
MGG_14349T0 611.6666666666666 88.66666666666667 251 384.6666666666667 102 696 351 136.66666666666666 607.3333333333334
MGG_07521T0 2393 212 1190.6666666666667 1111.3333333333333 248.66666666666663 2954.3333333333335 1058.3333333333333 525.6666666666666 1867
MGG_11167T0 1485.4233333333334 281.3043333333333 988.9746666666666 1016.17 464.82366666666667 1294.6433333333334 848.3036666666667 571.2453333333333 1043.277
MGG_01410T0 1130.3333333333333 130.66666666666666 790.6666666666666 488 293.6666666666667 1186.6666666666667 480.6666666666667 296.6666666666667 994
MGG_12537T0 824 166.33333333333334 548.6666666666666 403.3333333333333 195.33333333333337 724.6666666666666 466.6666666666667 194.33333333333337 761.6666666666666
MGG_04655T0 1086.19 188.66666666666663 724.3333333333334 691.0916666666667 276.6666666666667 1127.2866666666666 621 342 985.5536666666668
MGG_04478T0 4372.666666666667 2040.3333333333333 3465.3333333333335 2571 1134 4416 2536 1660.3333333333333 3871.6666666666665
MGG_14146T0 21.666666666666668 1.3333333333333333 14 10 1 19.333333333333332 3.6666666666666665 2 15
MGG_06911T0 1795.832666666667 186.53266666666667 1132.616 633.772 232.447 1568.64 741.3686666666666 244.01133333333337 1157.8166666666668
MGG_04383T0 616.3333333333334 280 447.3333333333333 399.3333333333333 240 547 359.3333333333333 252 459.3333333333333
MGG_15837T0 1181.6666666666667 288.3333333333333 661.3333333333334 791.3333333333334 391 710.3333333333334 638.6666666666666 597.6666666666666 1426.3333333333333
MGG_15730T0 52 17.333333333333332 25.333333333333332 19.333333333333332 13.666666666666666 28 17.666666666666668 7.333333333333333 59.333333333333336
MGG_07849T0 169 37.666666666666664 71.33333333333333 61.666666666666664 31.666666666666668 86 57.666666666666664 36.333333333333336 154
MGG_15841T0 7 1.3333333333333333 1.7289766666666666 1.3333333333333333 0 3 1.05735 0.7849333333333333 6.109576666666666
MGG_16365T0 19.018633333333337 11 10.666666666666666 10.666666666666666 5.01385 11 4.003656666666666 6.666666666666667 23.098033333333333
MGG_08260T0 258.12666666666667 44.378 0 0 0 216.0629 0 0 505.3326666666667
MGG_07184T0 200.33333333333337 75.66666666666667 95.33333333333331 76.66666666666667 50 157.33333333333334 50 56.666666666666664 270.3333333333333
MGG_04893T0 768.3333333333334 213 243.66666666666663 327 360.3333333333333 533 636 442.6666666666667 746
MGG_06488T0 713.6666666666666 111.66666666666669 327.3333333333333 270.6666666666667 324.6666666666667 568.3333333333334 471.3333333333333 430.6666666666667 693.3333333333334
MGG_03826T0 137 24.333333333333332 52.333333333333336 48.333333333333336 57.333333333333336 106.33333333333331 83.33333333333333 90 150
MGG_17502T0 6.732966666666667 0 0.36649 0.3648233333333334 2.564936666666666 1.82835 2.1804166666666664 3.35736 5.163576666666667
MGG_09396T0 11691.333333333334 1155.6666666666667 2643.3333333333335 3815 3483.9966666666664 5127 5248.993333333334 5413.663333333333 8005.85
MGG_08317T0 1853 193.66666666666663 277.3333333333333 403 429 541 772.3333333333334 724 1237
MGG_01886T0 643 224.33333333333337 426.3333333333333 308.3333333333333 385.3333333333333 386.6666666666667 389.3333333333333 454.6666666666667 602
MGG_14639T0 895.3333333333334 200.33333333333337 340 450.3333333333333 428.6666666666667 372.6666666666667 392 571.3333333333334 867.3333333333334
MGG_15206T0 342 152 202.66666666666663 138.33333333333334 199.66666666666663 254 251 208.33333333333337 242.66666666666663
MGG_18099T0 2369.6666666666665 901.3333333333334 1375.6666666666667 883.3333333333334 1227 2641.6666666666665 2032 1173.3333333333333 1885
MGG_17079T0 1552.2073333333335 260.1546666666667 756.506 183.22466666666665 389.54 1560.496666666667 847.2610000000001 729.3803333333333 1162.3976666666667
MGG_09750T0 3124 1150.3333333333333 958.6666666666666 1449.3333333333333 1295 2072.3333333333335 1762.3333333333333 1316.3333333333333 2291.6666666666665
MGG_08801T0 817.3333333333334 157.33333333333334 171.66666666666666 358.6666666666667 198 453 428 232.33333333333337 565
MGG_04236T0 15107.666666666666 2258.3333333333335 4124.333333333333 8859.333333333334 3567.3333333333335 9424.666666666666 6727.333333333333 4328.666666666667 9727
MGG_04436T0 24341.733333333337 2971.3466666666664 9866.813333333334 12218.5 6442.516666666666 17419.533333333333 11747.756666666666 8968.006666666666 17258.266666666666
MGG_15598T0 3227.3333333333335 253.33333333333337 1810 1890.3333333333333 424.3333333333333 1324.6666666666667 1819.6666666666667 686.3333333333334 2474.3333333333335
MGG_11383T0 4995.333333333333 452.6666666666667 3034.6666666666665 2034.6666666666667 1070 3705 2590.6666666666665 1412 3479.6666666666665
MGG_04540T0 1834.6666666666667 342.6666666666667 1031.6666666666667 742.6666666666666 538.3333333333334 1208.6666666666667 973 629.3333333333334 1305.6666666666667
MGG_06010T0 310.3333333333333 20.333333333333332 144.66666666666666 108.33333333333331 47 204.33333333333337 116.33333333333331 49 206.33333333333337
MGG_02479T0 12903.666666666666 2564.6666666666665 7020.333333333333 5658.333333333333 3497.3333333333335 7804 7522 4215.333333333333 8039.666666666667
MGG_03860T0 7881 991 3563 3294 1735.6666666666667 4644 3797.3333333333335 2313.3333333333335 4408
MGG_03164T0 10731 1947.6666666666667 5745.666666666667 4756 3512.3333333333335 6640.333333333333 5910.666666666667 4615.333333333333 8109
MGG_04745T0 4499.333333333333 658 2399.95 1788 1050.6666666666667 2559.6666666666665 2587.973333333334 1601.3333333333333 3079.3333333333335
MGG_17001T0 4635.666666666667 1144 2941 2114.3333333333335 1316.6666666666667 2891.3333333333335 2872.3333333333335 1752 3570.6666666666665
MGG_03879T0 5271.666666666667 1604.3333333333333 3113 2335.6666666666665 1826 3483.6666666666665 3684.3333333333335 2529.6666666666665 3689
MGG_01223T0 1710 203.33333333333337 745 380 270.6666666666667 768 1081 425 1056.3333333333333
MGG_08897T0 5962.666666666667 301.6666666666667 2168 2875.6666666666665 713 2837.6666666666665 3802.6666666666665 1028.6666666666667 3149.3333333333335
MGG_05436T0 2167.6666666666665 124.33333333333331 589.3333333333334 869.6666666666666 274.3333333333333 980 1168 235.66666666666663 1186.3333333333333
MGG_04320T0 1724.9726666666668 131.18376666666666 574.755 664.1343333333333 306.636 1076.8763333333334 1094.5343333333333 480.03 886.156
MGG_01326T0 5775.666666666667 841.6666666666666 2704.3333333333335 2873.6666666666665 1460.6666666666667 3717.6666666666665 3876 2156 3748.6666666666665
MGG_08980T0 5230 788.6666666666666 2391.3333333333335 2324 1290.6666666666667 3012 3741 1536.3333333333333 3155.6666666666665
MGG_04504T0 3243.99 293.79633333333334 1514.2666666666669 1455.6566666666668 675.7353333333333 1909.7133333333336 2282.54 852.6696666666667 2294.1133333333332
MGG_12574T0 4429.666666666667 385.3333333333333 1798 1960.6666666666667 762 2766.3333333333335 2538.3333333333335 858.3333333333334 3126.3333333333335
MGG_05438T0 8732.333333333334 1127.3333333333333 2974.6666666666665 3358 1717.6666666666667 4306 4484.333333333333 2409.6666666666665 5680
MGG_01917T0 1154.3333333333333 151.66666666666666 498.3333333333333 576.3333333333334 298 700.3333333333334 714.3333333333334 430.6666666666667 865
MGG_01765T0 2712.6966666666667 623.0409999999999 1269.4233333333334 977.558 456.543 1544.6733333333332 1457.6583333333333 662.6913333333333 1829.07
MGG_15868T0 12353.63 488.6666666666667 4629.666666666667 4431.1866666666665 853.6633333333333 5261.663333333333 6775.663333333333 974.3333333333334 7567
MGG_00223T0 20853.666666666668 1146.3333333333333 8162.666666666667 6395 2795.3333333333335 9218 11542.666666666666 4149.666666666667 12202.666666666666
MGG_06524T0 5672.613333333334 2140.0466666666666 3631.61 2562.98 2226.5233333333335 4746.553333333333 3888.3933333333334 2603.26 3812.7166666666662
MGG_08206T0 754 198.66666666666663 305.6666666666667 316.6666666666667 260.6666666666667 577.3333333333334 511.6666666666667 300.6666666666667 524.6666666666666
MGG_10764T0 1414 89.33333333333333 706.3333333333334 389 74.33333333333333 892.3333333333334 359.3333333333333 230.33333333333337 676.6666666666666
MGG_12822T0 5221.333333333333 330.3333333333333 3140 1328 651.6666666666666 2855.6666666666665 1478.3333333333333 871.6666666666666 3692.3333333333335
MGG_05063T0 6637.836666666666 262.87966666666665 3485.6233333333334 1934.3956666666668 498.67866666666663 3294.8133333333335 1581.5373333333332 607.7433333333333 4586.713333333333
MGG_01293T0 478.6666666666667 69 205.33333333333337 94.33333333333331 54.666666666666664 245 107.33333333333331 62.666666666666664 306
MGG_06669T0 11966 1005.3333333333334 5302.666666666667 2439.3333333333335 1570.3333333333333 5335 3813 1797.3333333333333 7465.333333333333
MGG_00814T0 3179 1253.3333333333333 1710 1248 1156 1506 1721.3333333333333 1247.3333333333333 2248
MGG_16422T0 156.33333333333334 32 64.66666666666667 54 35.333333333333336 55 78 36.333333333333336 88
MGG_15739T0 13190 2514.6666666666665 5438 5070.333333333333 3733 6281.333333333333 7276.333333333333 4283 10951.666666666666
MGG_03604T0 2635.0033333333336 497.6656666666667 1141.0666666666666 470.5373333333333 607.0203333333334 1244.1476666666667 1096.572 769.8620000000001 1674.7966666666666
MGG_02827T0 212.33333333333337 64 140.33333333333334 83 87 114.66666666666669 123 109 165
MGG_01086T0 3473.03 184.37086666666667 1641.6466666666668 836.9076666666667 385.1136666666667 1359.07 1418.8846666666666 664.518 2656.5566666666664
MGG_03298T0 3254 220.33333333333337 1493.3333333333333 617.3333333333334 240.66666666666663 1131.6666666666667 1264.6666666666667 409.6666666666667 2230
MGG_02812T0 3017 570.6666666666666 1142 614 1178 3691.3333333333335 3127.6666666666665 1502 4674.666666666667
MGG_10252T0 4489 1418 3500 724.3333333333334 359.3333333333333 5118.666666666667 5624 885.6666666666666 7320
MGG_02204T0 10 2 3.3333333333333335 1.6666666666666667 0.6666666666666667 7 8.666666666666666 1.6666666666666663 13.333333333333334
MGG_15501T0 582.045 137.6088 385.407 226.418 242.18666666666667 349.65066666666667 499.33 379.6243333333333 542.869
MGG_05597T0 919 84 380 312.6666666666667 210 581.6666666666666 850.3333333333334 368.3333333333333 594.6666666666666
MGG_14785T0 947.6666666666666 213.33333333333337 470.3333333333333 433 373.3333333333333 637 836.6666666666666 519.6666666666666 819.6666666666666
MGG_10572T0 1067.6666666666667 72.33333333333333 402 350.3333333333333 193.66666666666663 539 808.3333333333334 436.3333333333333 843
MGG_07933T0 1317.6666666666667 109 1322.6666666666667 325.6666666666667 340.6666666666667 1109.3333333333333 1643 868.3333333333334 1834
MGG_15534T0 119.33333333333331 36 102 56.333333333333336 46.333333333333336 89.33333333333333 122 72.33333333333333 150.33333333333334
MGG_03474T0 85.66666666666667 6.666666666666667 50 21.666666666666668 10.666666666666666 32.666666666666664 62 24.333333333333332 90
MGG_03293T0 1087.6666666666667 287.3333333333333 724.6666666666666 376 111.66666666666669 514.3333333333334 1108 227.66666666666663 1308.3333333333333
MGG_17830T0 1174.3333333333333 128 680.6666666666666 456.6666666666667 259.6666666666667 912 958.6666666666666 473.3333333333333 1547
MGG_17538T0 1540.3 245.538 843.015 702.9913333333334 419.6106666666667 886.153 1142.1586666666667 624.9653333333333 1658.2833333333333
MGG_09887T0 2703.94 505.6666666666667 1649.243333333333 1300.1866666666667 818.5196666666667 1890.74 2023.6266666666668 1038.2766666666666 2760.3566666666666
MGG_10607T0 15010.666666666666 990.3333333333334 6266.666666666667 5681 2391.6666666666665 8102.333333333333 9517.666666666666 3635.3333333333335 13815
MGG_00253T0 1093 85.66666666666667 569.6666666666666 482.6666666666667 145.33333333333334 795 768 207.33333333333337 1090.3333333333333
MGG_06356T0 1985.3333333333333 517.6666666666666 1256.3333333333333 907 489.6666666666667 1549 1537.3333333333333 500.6666666666667 1845.6666666666667
MGG_00287T0 1059.6666666666667 130.33333333333334 604 381.6666666666667 87.33333333333333 662.6666666666666 689 156.66666666666666 865.3333333333334
MGG_05814T0 2550 410 1663.3333333333333 929 634.6666666666666 1728.3333333333333 2345.6666666666665 931.3333333333334 2466.6666666666665
MGG_03493T0 340 69.33333333333333 265.6666666666667 92 33.666666666666664 254 321.6666666666667 38.666666666666664 345.6666666666667
MGG_05231T0 1187.3333333333333 397.6666666666667 1044.3333333333333 366 251 628.3333333333334 569.3333333333334 235 856.6666666666666
MGG_15898T0 1066.3333333333333 309 761.6666666666666 220.33333333333337 102 473.6666666666667 370 106.66666666666669 1020
MGG_03280T0 984 481.6666666666667 878 342.6666666666667 452.3333333333333 467.3333333333333 201.33333333333337 365.6666666666667 875
MGG_14351T0 88.33333333333333 55.333333333333336 94 23.666666666666668 15.333333333333332 37 22.666666666666668 5 78.33333333333333
MGG_09706T0 979 807.6666666666666 711.3333333333334 477.6666666666667 159 662.3333333333334 270.6666666666667 190.33333333333337 815.3333333333334
MGG_04638T0 1033.2876666666666 1016.8753333333334 1086.26 741.0083333333333 491.39366666666666 898.1913333333333 603.4103333333333 476.16866666666664 1220.1
MGG_15899T0 2241.6666666666665 1860.3333333333333 1941.3333333333333 301.6666666666667 646.3333333333334 1107.3333333333333 610 236.33333333333337 3245
MGG_05689T0 356.6666666666667 380.3333333333333 441.3333333333333 301.3333333333333 137.66666666666666 251.66666666666663 204 176 575
MGG_12982T0 28 17.666666666666668 17.666666666666668 2 0 1.3333333333333333 0 0 2.3333333333333335
MGG_14777T0 107.66666666666669 57.333333333333336 51.333333333333336 44.666666666666664 29 43.666666666666664 45.333333333333336 15.666666666666666 53
MGG_03477T0 7198.666666666667 5456.333333333333 4891 4157 3369.3333333333335 3404.6666666666665 4511.666666666667 3225 4451
MGG_09109T0 6.029963333333333 3.6944866666666663 1.6738233333333334 0.33507333333333333 2.3539133333333333 3.0151866666666667 2.3488933333333333 1.00708 6.047476666666666
MGG_15302T0 18211.666666666668 11799 13129.333333333334 4952.333333333333 9921.666666666666 10464.333333333334 8940.666666666666 9313.333333333334 11270.666666666666
MGG_03509T0 13.333333333333332 7 5 0.33333333333333337 4 4.333333333333333 2.6666666666666665 3.3333333333333335 8.333333333333334
MGG_09095T0 1329.6666666666667 1018 260.6666666666667 503.6666666666667 954 654 1532.3333333333333 981.6666666666666 782
MGG_08704T0 429.81333333333333 285.01433333333335 123.46366666666668 197.53866666666664 223.716 169.85966666666667 346.36566666666664 242.787 128.4376
MGG_06993T0 4397.666666666667 2517 1690.3333333333333 1754.6666666666667 2096.6666666666665 1635.3333333333333 2973.3333333333335 2110 1908.6666666666667
MGG_05176T0 11724.666666666666 6440.333333333333 2709 4875.333333333333 4254 3592.6666666666665 8336.333333333334 3827 3499.3333333333335
MGG_08814T0 2999.84 2314.4333333333334 983.1266666666668 1164.614 1848.1533333333336 1091.0816666666667 2142.963333333333 1938.4233333333336 1860.5633333333333
MGG_12670T0 1545.013 1268.0833333333333 431.4386666666667 424.62433333333337 861.2376666666667 739.6553333333334 1108.9213333333332 711.3173333333333 640.3673333333334
MGG_01114T0 362.3333333333333 229.66666666666663 138 87 209 104 295.6666666666667 155 168.33333333333334
MGG_04979T0 3465 1884 1147 1305 2102.6666666666665 2538 2626 2895.6666666666665 1380.6666666666667
MGG_02955T0 3565.3333333333335 880 1093.6666666666667 2129.6666666666665 2179 1200 1950.6666666666667 3431 1533.3333333333333
MGG_01149T0 8139 1524 1457 4682 4076.3333333333335 2719.3333333333335 4172.666666666667 7039.666666666667 1321.6666666666667
MGG_02956T0 465.3333333333333 134 144.66666666666666 365.3333333333333 311.3333333333333 205 240.66666666666663 416 173.33333333333334
MGG_02113T0 5995 1394 754.3333333333334 2784.6666666666665 2320.3333333333335 921 3776.6666666666665 3106.3333333333335 1703.3333333333333
MGG_03016T0 1603 394.3333333333333 322.6666666666667 585.3333333333334 760.3333333333334 539 904 682.3333333333334 448.6666666666667
MGG_14202T0 3407.02 1421.7033333333334 1148.3833333333332 1814.8766666666663 1787.5700000000002 1777.6266666666666 1825.8833333333332 1925.35 1529.7
MGG_17516T0 41 8 3.3333333333333335 8.666666666666666 16.333333333333332 4.666666666666667 9.333333333333334 22.333333333333332 6.333333333333333
MGG_00319T0 2893.6666666666665 556.3333333333334 524 1468 1267 400 882 1750 306.3333333333333
MGG_05530T0 1427 320.6666666666667 467.3333333333333 527.6666666666666 613.6666666666666 555.3333333333334 778.3333333333334 1043 623.3333333333334
MGG_06915T0 9566.723333333332 2422.366666666667 2912.6466666666665 4056.6533333333336 4703.616666666667 4651.86 3701.86 5959.926666666666 3293.5666666666666
MGG_07747T0 967.654 190.66666666666663 330 497.98633333333333 50 431.9426666666667 352.3333333333333 52.333333333333336 166
MGG_17577T0 24 5.666666666666667 11.333333333333334 9 1.6666666666666667 13 7.333333333333333 0.6666666666666666 10.333333333333334
MGG_03326T0 2727.3333333333335 655.6666666666666 1139.6666666666667 875 235.33333333333337 1212.3333333333333 868.6666666666666 320 356.3333333333333
MGG_10439T0 163.33333333333334 36.333333333333336 99 53.666666666666664 28.666666666666668 85.33333333333333 70.66666666666667 30.333333333333332 58.666666666666664
MGG_08055T0 2211.7090000000003 364.625 1219.5106666666666 672.6973333333333 275.8333333333333 979.1326666666666 799.8626666666667 161.12963333333337 331.53166666666664
MGG_00777T0 24636.333333333332 1861 20182 7654.333333333333 1931 6280.333333333333 13667.666666666666 3260.3333333333335 10384
MGG_00225T0 8 0 4.666666666666667 0.6666666666666667 0 0.33333333333333337 3.6666666666666665 0 3.333333333333333
MGG_00056T0 1519.1356666666668 264.3946666666667 1241.69 913.989 395.41833333333335 639.234 1088.8863333333334 638.4846666666667 787.2506666666667
MGG_06600T0 6372.993333333333 628.015 4370.583333333333 2475.71 1249.5966666666666 2200.1266666666666 3733.89 1408.61 1538.21
MGG_14154T0 94362.33333333331 16536.333333333332 65282 33441.666666666664 16568.333333333332 32029 54157.333333333336 23636.666666666668 34279
MGG_15445T0 164.33333333333334 13.666666666666666 124.66666666666669 42 70.33333333333333 69 58.666666666666664 75.33333333333333 93
MGG_03194T0 1310.6666666666667 489.6666666666667 1150 712.3333333333334 620.6666666666666 853.3333333333334 755 751 1054
MGG_01490T0 45006.333333333336 1580.3333333333333 26415.666666666668 10293 3652.6666666666665 11691 15860.333333333334 6077.666666666667 21580
MGG_05741T0 1625.3333333333333 256 1192 603.3333333333334 393.6666666666667 641.6666666666666 689.6666666666666 443.6666666666667 1121
MGG_10634T0 479.9583333333333 130.26063333333332 267.101 98.13723333333331 170.34633333333335 228.53333333333333 173.443 89.44579999999999 252.96433333333337
MGG_15416T0 168 7.666666666666667 84.33333333333333 5 8 50.666666666666664 14.666666666666666 25 82.66666666666667
MGG_10798T0 335 60.666666666666664 177 86 74.66666666666667 143 102.33333333333331 109.66666666666669 136.66666666666666
MGG_08180T0 4753.333333333333 939.6666666666666 2746 1108.3333333333333 944.6666666666666 1870.3333333333333 1609 984 2194.3333333333335
MGG_09225T0 82 22.333333333333332 49.666666666666664 28.666666666666664 19.666666666666668 31.666666666666668 27.333333333333332 20.666666666666668 34
MGG_14937T0 2600.4666666666667 53 1609.22 906.2683333333332 121.23683333333334 623.3886666666667 4435.78 208.41866666666667 1990.1633333333336
MGG_13001T0 3236.97 268.1956666666667 916.2316666666668 1130.5073333333337 364.5903333333333 1432.7333333333331 3854.526666666666 512.1113333333333 1376.0633333333333
MGG_10440T0 840.3333333333334 88.66666666666667 376.6666666666667 425.6666666666667 238.66666666666663 397.6666666666667 976.6666666666666 307.3333333333333 554.6666666666666
MGG_04607T0 890.0063333333334 97.85616666666668 306.5443333333333 378.686 172.87566666666666 341.3623333333333 1169.4766666666667 195.731 552.9213333333333
MGG_12520T0 19.666666666666668 4 5 3.3333333333333335 1.6666666666666667 1 20 6.666666666666666 7.666666666666667
MGG_03767T0 286.6666666666667 7.666666666666667 24.333333333333332 26 15.666666666666668 0 353.3333333333333 44.333333333333336 78.33333333333333
MGG_05067T0 2262.0133333333333 99.1942 306.797 1006.0893333333332 119.25896666666668 339.17066666666665 2568.306666666667 215.55433333333332 511.33233333333334
MGG_01374T0 117.33333333333331 6.333333333333333 2.6666666666666665 33 2.3333333333333335 7.333333333333333 188 2.6666666666666665 15.333333333333334
MGG_05283T0 7529.306666666666 1543.3133333333333 2263.1066666666666 3885.46 1882.3313333333333 2359.1766666666667 9602.443333333333 2922.2533333333336 2488.753333333333
MGG_08891T0 721.3333333333334 414.6666666666667 362.3333333333333 315.6666666666667 245 272.3333333333333 615.6666666666666 244.66666666666663 369.3333333333333
MGG_00383T0 20648.333333333332 9772.333333333334 8277 10826 2023 7065.333333333333 22467.333333333332 2532.3333333333335 14045
MGG_15863T0 31.333333333333332 4.666666666666667 9.333333333333334 16.333333333333332 1 14.333333333333334 26.666666666666668 0.6666666666666667 11
MGG_01553T0 12612.43 1151.2333333333331 2647.096666666667 3947.17 1111.022 3859.09 11203.233333333334 1908.7866666666664 4447.5
MGG_17000T0 6174.666666666667 422.6666666666667 1409.6666666666667 3128.6666666666665 532.3333333333334 2408.6666666666665 5978.333333333333 715.3333333333334 2437.3333333333335
MGG_01484T0 3211 724 1217.3333333333333 1528 652.6666666666666 2130.6666666666665 3114.3333333333335 673.3333333333334 2247.3333333333335
MGG_08802T0 3132.3333333333335 210 525 979.6666666666666 363 1254.6666666666667 2205.6666666666665 469 1848.6666666666667
MGG_17041T0 8849.666666666666 228.66666666666663 1595 2419.6666666666665 622.3333333333334 2860.3333333333335 6229 852.6666666666666 5272.666666666667
MGG_04210T0 2819.6666666666665 1027.3333333333333 1232.6666666666667 1152.6666666666667 717 1152.6666666666667 2396.3333333333335 970 2236.6666666666665
MGG_18097T0 28.333333333333332 5 11.333333333333334 7.666666666666666 2.666666666666667 2.333333333333333 22.666666666666668 9 23
MGG_10792T0 1345 207 364.6666666666667 722 248 329.6666666666667 1016.6666666666666 289.3333333333333 1104.6666666666667
MGG_01710T0 2835.24 170.65933333333334 546.6186666666666 1107.078 270.80333333333334 656.8703333333333 2133.036666666667 464.65933333333334 1472.743333333333
MGG_10031T0 1063 27 150 433.3333333333333 45 23.333333333333332 918.6666666666666 100.66666666666669 471
MGG_04959T0 680.6666666666666 221.33333333333337 315.3333333333333 254.33333333333337 254.66666666666663 121 574 355 150
MGG_00683T0 9648.016666666666 1358.785 1110.1756666666668 2911.826666666667 2681.3366666666666 942.782 9708.333333333334 3879.52 1446.3133333333333
MGG_15397T0 34.333333333333336 2.3333333333333335 0 5.333333333333334 11 1.3333333333333337 30.333333333333332 10.333333333333334 0.6666666666666667
MGG_09237T0 1737.6966666666667 719.7736666666667 645.9466666666667 694.4673333333333 839.4776666666667 850.071 1601.4 1028.065 1116.8566666666666
MGG_00846T0 247 91 62.666666666666664 92.66666666666669 100 166 264.3333333333333 127.66666666666669 95.33333333333331
MGG_09031T0 2648 272 525.6666666666666 1186.6666666666667 749.3333333333334 1242.6666666666667 2122 1261.6666666666667 764.6666666666666
MGG_01093T0 2260.6666666666665 467.3333333333333 940 1093.6666666666667 941 915.6666666666666 1566.3333333333333 1264.3333333333333 1211.6666666666667
MGG_07349T0 70.66666666666667 8 11.333333333333334 13.666666666666666 16 19.333333333333332 38.666666666666664 33 23
MGG_13308T0 405.3333333333333 42 123.66666666666669 105.726 111 201.246 275.4053333333333 161.36196666666666 217.63666666666668
MGG_17631T0 84 27 39.666666666666664 34.666666666666664 42.333333333333336 39.333333333333336 52 44.666666666666664 55.333333333333336
MGG_18006T0 138.33333333333334 23.333333333333332 37.666666666666664 32 31.666666666666668 49.333333333333336 70 52.333333333333336 67.33333333333333
MGG_04155T0 1542.75 479.767 689.4713333333333 730.5046666666667 749.9626666666667 605.8803333333333 940.7233333333334 1016.9353333333332 1071.5433333333333
MGG_04595T1 1159.197 79.75636666666666 330.538 385.495 135.5143 86.5446 617.7806666666667 345.4866666666667 494.578
MGG_04595T0 3210.47 206.9103333333333 837.128 906.1706666666666 353.819 344.1220666666666 1295.8866666666668 988.5126666666667 1562.42
MGG_15119T0 12.333333333333334 1.6666666666666667 2.666666666666667 3 0 7 7.666666666666667 1.3333333333333333 3.6666666666666665
MGG_02538T0 2456 596 854.3333333333334 550.6666666666666 447 1282.6666666666667 1786 499.3333333333333 1336.3333333333333
MGG_12632T0 4407 753 1066 1030.6666666666667 734.6666666666666 2550.6666666666665 2762.3333333333335 1088 2187.6666666666665
MGG_05111T0 7247 1490 2952 1797.3333333333333 1525.3333333333333 3976 3878.3333333333335 2353 2025.3333333333333
MGG_07346T0 1211.3333333333333 83 260.6666666666667 216.66666666666663 96.33333333333331 481.3333333333333 545.3333333333334 157.33333333333334 287.3333333333333
MGG_00956T0 2831.8533333333335 229.44466666666668 322.085 827.1376666666666 508.6963333333333 1031.3056666666666 1940.3916666666669 635.2486666666666 811.042
MGG_07317T0 7402.666666666666 582 761.3333333333334 1692 866 3194.6666666666665 5187 873.6666666666666 2154.3333333333335
MGG_13107T0 7893.73 1061.4466666666667 1270.993333333333 1978 1290.8033333333333 2933.4 3741.35 1927.7666666666669 2014.3033333333333
MGG_08201T0 7647.74 663.495 1532.03 1740.1280000000002 1690.0266666666666 2814.0866666666666 4360.143333333333 2221.996666666667 2037.06
MGG_06127T0 18622.633333333335 2204.2433333333333 10200.513333333334 9080.4 4980.963333333333 10193.93 12976.386666666667 8138.41 10086.94
MGG_07181T0 2201 477.6666666666667 1234.3333333333333 989.3333333333334 781 1207.3333333333333 1216.6666666666667 1068.6666666666667 1273.3333333333333
MGG_17610T0 288.1186666666666 33.41863333333333 164.82233333333332 93.33233333333334 55.7884 152.173 145.8833 99.23876666666666 127.8214
MGG_17842T2 780.6800000000001 50.31616666666667 390.70933333333335 324.347 119.87166666666668 358.551 371.406 261.2776666666667 221.516
MGG_06964T0 6803.333333333333 787.6666666666666 3732 2549.6666666666665 1471.3333333333333 2552.6666666666665 4026.3333333333335 2297.6666666666665 2397.6666666666665
MGG_10548T0 246.66666666666663 29.666666666666668 144.66666666666666 88.66666666666667 29.333333333333332 94.66666666666669 128.33333333333334 83 108.33333333333331
MGG_03940T0 6348.916666666667 395.55766666666665 1677.8466666666666 2248.63 987.427 2390.8366666666666 2211.9120000000003 1383.61 2829.3133333333335
MGG_06958T0 54524.666666666664 11853 24245.333333333332 16697.333333333332 12744 28346 27323 15072.666666666666 27373.666666666668
MGG_11450T0 3355 133 1006.3333333333334 714.3333333333334 233.33333333333337 1095 1364.6666666666667 289 1275.3333333333333
MGG_17274T1 6073.503333333333 663.4169999999999 2354.87 2057.8133333333335 1293.6403333333333 2581.4133333333334 2759.2366666666667 1638.993333333333 2242.8533333333335
MGG_14352T0 3711.6666666666665 118 1149.3333333333333 1054.6666666666667 245.66666666666663 1190 1275 318.6666666666667 858
MGG_00929T0 7877.333333333333 821 2044.3333333333333 2216 1074.3333333333333 2599.3333333333335 2636.3333333333335 1635 2347
MGG_06459T0 18642.77 337.99 4519 3952.21 1038.323 3533.3166666666666 5206.393333333333 1248.748 3578.6133333333332
MGG_17679T0 2081.916666666667 248.56633333333335 590.8620000000001 539.162 221.03733333333332 443.453 716.9423333333333 244.39666666666668 638.1243333333333
MGG_16231T0 630.6843333333334 35.666666666666664 172.66666666666666 157.66666666666666 49 130.66666666666666 211.674 65.33333333333333 169.66666666666666
MGG_16515T0 301 71.33333333333333 121.66666666666669 138 72 109 198.33333333333337 108.33333333333331 158.33333333333334
MGG_01176T0 3188 360.3333333333333 1091.89 1253.32 698.4946666666667 1457.8733333333332 2140.9066666666668 1045 1506.62
MGG_03536T0 4301.093333333333 308.358 1247.1 1483.0476666666668 702.3716666666667 1697.14 2492.51 967.07 1796.69
MGG_06249T0 35493.23333333333 2149.92 10178.403333333334 16563.100000000002 4926.326666666667 14756.1 24060.7 6568.693333333334 15186.266666666666
MGG_01084T0 44289 1846.6666666666667 9705.666666666666 14237 2431.3333333333335 14560.666666666666 24494 3489.6666666666665 12963.333333333334
MGG_08311T0 1121.6666666666667 84 442.6666666666667 211.33333333333337 121.66666666666669 330 557.6666666666666 128.33333333333334 431
MGG_04110T0 4496 354.6666666666667 1617.6666666666667 936 252 1143.3333333333333 2481.3333333333335 351.3333333333333 1256.3333333333333
MGG_17572T0 107 7.666666666666667 44.333333333333336 29 12.333333333333334 34.666666666666664 61 13.333333333333334 26.666666666666668
MGG_05223T0 4599.656666666667 103.10393333333332 1590.4766666666667 1224.820333333333 229.66233333333335 1060.515 2938.0366666666664 322.9923333333333 2114.9333333333334
MGG_15599T0 921 119.33333333333331 470.6666666666667 331.3333333333333 130.66666666666666 425.3333333333333 667 254.33333333333337 518.3333333333334
MGG_17175T0 503.3333333333333 176.66666666666666 126.33333333333331 223.33333333333337 112.33333333333331 246.33333333333337 287.6666666666667 106.33333333333331 127.33333333333331
MGG_12810T0 19.666666666666668 5.666666666666667 3.3333333333333335 6.333333333333333 2.3333333333333335 7.333333333333333 14 0 4.333333333333333
MGG_12515T0 3072.52 416.3926666666666 818.2643333333333 1633.6866666666667 321.53 601.9883333333333 1864.2033333333336 460.009 1065.133
MGG_01883T0 7337 1170.3333333333333 1922 4927.666666666667 1163 1937.3333333333333 4366.666666666667 1551.3333333333333 2488.6666666666665
MGG_03045T0 3736 1483.3333333333333 1094.6666666666667 1844.6666666666667 1176 1632.6666666666667 2465 1235 1942
MGG_05623T0 2034.4043333333336 474.50066666666663 541.5219999999999 681.505 457.98 350.36533333333335 1142.5963333333334 353.8023333333333 877.083
MGG_15027T0 8355 698.3333333333334 512.6666666666666 1614 1351.3333333333333 1493.3333333333333 4349.333333333333 1935.3333333333333 2859.6666666666665
MGG_08745T0 2107.6666666666665 722.3333333333334 856 907.6666666666666 847.3333333333334 798.3333333333334 1485.3333333333333 977 1015
MGG_08373T0 89.016 7 15.333333333333334 2.3333333333333335 6.806233333333333 17 42.84993333333333 10.752926666666667 28.333333333333332
MGG_07488T0 336.6666666666667 77 106.33333333333331 77.33333333333333 104 102.33333333333331 180.66666666666663 120 109
MGG_09604T0 1230 44.666666666666664 10.666666666666666 204.33333333333337 64 5.333333333333333 504.6666666666667 287.3333333333333 13
MGG_15671T0 20972.666666666668 1687.6666666666667 3074.3333333333335 9346 4561.666666666667 4620.333333333333 10743 6478 4977
MGG_00177T0 5560.666666666667 1352.3333333333333 1356 3172.3333333333335 1717.3333333333333 1274 3293 1752.6666666666667 1668
MGG_12937T0 161.33333333333334 25.333333333333332 22.666666666666668 62 30.333333333333332 26.333333333333332 85.33333333333333 37.666666666666664 29.666666666666668
MGG_12936T0 95677.66666666669 303.3333333333333 655.6666666666666 28219.666666666668 171.33333333333334 717.3333333333334 46424.666666666664 155 2779.3333333333335
MGG_08809T0 2319.3 453.957 792.9566666666666 592.4526666666667 513.0876666666667 444.3080000000001 1367.4133333333334 458.489 593.1546666666667
MGG_16109T0 93.33333333333331 4.333333333333333 14.666666666666666 10 1.6666666666666663 1.3333333333333333 38.333333333333336 0.33333333333333337 2
MGG_07435T0 1820.006666666667 525.3593333333333 474.3156666666667 584.268 541.007 458.724 1096.718 585.3190000000001 523.1856666666666
MGG_10570T0 1113.3333333333333 43.341966666666664 88.33333333333333 63.02316666666667 72.06013333333333 55.3668 484.4783333333333 75.40513333333334 67.02683333333333
MGG_00198T0 103504.33333333331 686.6666666666666 315.6666666666667 19170.666666666668 758.3333333333334 970.3333333333334 39230.333333333336 906.6666666666666 1132.3333333333333
MGG_01210T0 87151 3992.6666666666665 2987.3333333333335 19666.666666666668 5079 4302.333333333333 39129.333333333336 4207.333333333333 7121.666666666667
MGG_05058T0 53977.333333333336 239 17.333333333333332 4507.333333333333 186.66666666666663 22.666666666666668 21188 95 22.333333333333332
MGG_16792T0 80832 8562.336666666666 1933.8933333333332 9999.666666666666 798.6543333333333 2010.6933333333336 34930.333333333336 829.2913333333333 4246.34
MGG_08561T0 28165.38 1393.15 3909.08 3693.4133333333334 1477.2333333333331 2165.6 17738.993333333332 1921.7866666666664 3794.07
MGG_04465T0 20565.666666666668 378 596 1361 490.6666666666667 452.6666666666667 14474.666666666666 756.3333333333334 444.3333333333333
MGG_10239T0 1684.6666666666667 16 62 434 7.333333333333333 9 966.3333333333334 45.66666666666667 35.333333333333336
MGG_05880T0 88225.33333333333 33 153 19172.333333333332 61.666666666666664 84 54704 68 110
MGG_04999T0 7668 370.3333333333333 351.6666666666667 1968.6666666666667 646.3333333333334 1028.3333333333333 4216.666666666667 578 645.3333333333334
MGG_10076T0 2494.3333333333335 50.666666666666664 83 474.3333333333333 122 141.33333333333334 1491 201.33333333333337 187.66666666666663
MGG_10575T0 81617 274 1452 10097.666666666666 582 509 43825 746 930.6666666666666
MGG_17504T0 6202.333333333333 553.3333333333334 976.3333333333334 1430.3333333333333 824 887 3711.3333333333335 820.3333333333334 944.3333333333334
MGG_09783T0 52172.96666666667 1221.9266666666667 2854.4 6118.473333333333 1251.4166666666663 3399.0866666666666 28780.13333333333 1409.33 2070.0533333333333
MGG_07043T0 22124 72 875.3333333333334 2364.3333333333335 319 1326.3333333333333 11818 339.3333333333333 1033.3333333333333
MGG_03446T0 24143.65 205.587 921.9436666666668 2701.866666666667 204 154.02766666666668 11549.126666666669 176.19066666666666 192.338
MGG_05030T0 18845.666666666668 583.6666666666666 742.6666666666666 3100.3333333333335 348.3333333333333 1155.3333333333333 9378.666666666666 357 1223
MGG_04156T0 37393.666666666664 3589 4876.666666666667 12842 3670.3333333333335 7299 15276.333333333334 4849.333333333333 8992
MGG_09946T0 1889 213.33333333333337 442.3333333333333 748.6666666666666 264 531.6666666666666 996.3333333333334 383 420.3333333333333
MGG_17869T0 300.6743333333333 34.61183333333334 65.7488 92.425 26.516833333333334 46.66806666666667 125.08133333333332 44.7482 57.797866666666664
MGG_09457T0 2321.0136666666667 87.2593 487.363 541.4833333333333 107.10903333333331 386.5283333333333 1005.2086666666668 145.39266666666666 334.0396666666667
MGG_15257T0 138.33333333333334 28.333333333333332 56 59.333333333333336 48.666666666666664 53.666666666666664 81.33333333333333 52.333333333333336 57.333333333333336
MGG_07195T0 13498.333333333334 743.6666666666666 2538.6666666666665 3272 1282 3183.6666666666665 5952 1552 3957
MGG_14781T0 619.8996666666667 168.37833333333333 220.799 280.5636666666667 190.157 228.52066666666667 370.5726666666667 240.08133333333333 285.3863333333333
MGG_02400T0 2672 332.3333333333333 506.3333333333333 1009 554 829.6666666666666 1513.6666666666667 738 1038.3333333333333
MGG_13797T0 347.3333333333333 26.333333333333332 91.66666666666669 114.66666666666669 35.333333333333336 18.666666666666668 233.33333333333337 120.66666666666669 112
MGG_13798T0 1040.3333333333333 72 259.3333333333333 362 113.33333333333334 36 817.6666666666666 291.6666666666667 276
MGG_16119T0 68.66666666666667 6.666666666666667 19 30.666666666666668 14.333333333333334 14.333333333333334 44.333333333333336 16.333333333333332 8.333333333333334
MGG_03460T0 510 19.666666666666668 64 285.6666666666667 17.333333333333332 24 327.6666666666667 50.666666666666664 22.333333333333332
MGG_03327T0 34264 3673.6666666666665 4469.333333333333 19968.666666666668 2630.3333333333335 2127.6666666666665 29038.333333333332 4301.333333333333 1344
MGG_11962T0 4747 184 262 2086.3333333333335 255.33333333333337 82.33333333333333 3601.3333333333335 436.3333333333333 99.66666666666669
MGG_03896T0 31521.333333333332 315.6666666666667 525.3333333333334 10597.333333333334 473.6666666666667 900 23128.666666666668 604.6666666666666 662.6666666666666
MGG_07565T0 12676 287 630 4858 151.66666666666666 149 10249.666666666666 106 147.33333333333334
MGG_01489T0 5688 636.6666666666666 1959 2223 991 1408.3333333333333 4694.333333333333 1267 1754.6666666666667
MGG_10577T0 2217 23.666666666666668 73.33333333333333 467 29 30.333333333333332 2258 38 82.66666666666667
MGG_09848T0 1281.3333333333333 85 157 155 25.333333333333332 24 1220.3333333333333 167 94.33333333333331
MGG_00678T0 3674.666666666667 56.666666666666664 285.3333333333333 724 75.66666666666667 184 2991.3333333333335 127 814.3333333333334
MGG_00450T0 99095.66666666669 11265.333333333334 13766.333333333334 31662 7946.666666666667 24019.666666666668 78383 11059 17410
MGG_00399T0 3885.99 209.81966666666668 347.594 1074.33 332.899 842.4136666666667 3405.9866666666667 461.89733333333334 672.5966666666667
MGG_07171T0 21072 2945 1985.6666666666667 5099 2369.3333333333335 2377.3333333333335 18223 2325 3695.6666666666665
MGG_01723T0 6672 860.3333333333334 735.6666666666666 2319.6666666666665 795.6666666666666 920 6012.666666666667 1045.6666666666667 1519.3333333333333
MGG_01605T0 47015.3 2680.2266666666665 4784.84 15748.366666666669 5140.113333333333 3003.7966666666666 40233.73333333334 5867.266666666666 4398.7266666666665
MGG_01604T0 15627.333333333334 2626.6666666666665 3150.3333333333335 5664 2753.6666666666665 2890 12735.333333333334 3445.3333333333335 3275
MGG_07566T0 17.333333333333332 0 0.33333333333333337 3.3333333333333335 0 0 13 0 0.33333333333333337
MGG_17508T0 979.3333333333334 47.666666666666664 23.333333333333332 188 25.666666666666668 53 745.3333333333334 38.666666666666664 59.666666666666664
MGG_01104T0 9440.333333333334 1021.3333333333334 1268.3333333333333 4428 1153 1192.3333333333333 7646.333333333333 1631.3333333333333 2614.6666666666665
MGG_04787T0 5899.333333333333 664 437.3333333333333 2374 916.3333333333334 412 3908.3333333333335 1024.3333333333333 1704.6666666666667
MGG_17595T0 1486.3333333333333 99 227 591.3333333333334 100.66666666666669 415 1070.3333333333333 205 403.3333333333333
MGG_15667T0 2833.45 71.3508 174.66666666666666 811.558 56.333333333333336 322.7303333333333 1701.493333333333 99.70283333333332 505.3333333333333
MGG_00275T0 5769.4800000000005 569.7556666666667 497.536 1994.18 370.30966666666666 671.2473333333334 3034.6 490.164 1512.66
MGG_02379T0 83 18 7.333333333333333 40.666666666666664 41.666666666666664 26.333333333333332 8 15 23
MGG_05803T0 24.333333333333332 5.666666666666667 6 2.6666666666666665 3.6666666666666665 0.6666666666666667 3 9 2.6666666666666665
MGG_07993T0 6 1.6666666666666663 2 1.6666666666666663 0.6666666666666666 0 0 3 0.33333333333333337
MGG_08407T0 11.333333333333334 1 2 3.666666666666667 0.33333333333333337 0 0.33333333333333337 0.6666666666666667 3.6666666666666665
MGG_15708T0 14.666666666666668 0.33333333333333337 0.6666666666666666 5 0.6666666666666666 0 1.6666666666666667 1.3333333333333333 4.666666666666667
MGG_08268T0 539.2823333333333 304.59066666666666 307.98766666666666 433.6003333333333 299.6936666666667 284.02133333333336 321.76133333333337 236.706 375.4626666666667
MGG_08376T0 53.666666666666664 8 2.333333333333333 24.666666666666664 0.6666666666666666 2 3 1.3333333333333337 22.333333333333332
MGG_12582T0 73.81240666666667 0 5.0816 44.86396666666666 0.89454 4.235623333333334 1.66715 0 24.395033333333338
MGG_07548T0 6.333333333333333 1.6666666666666667 0.33333333333333337 1 1 0 0.6666666666666666 0 2.6666666666666665
MGG_13756T0 643 112 97.66666666666669 225 143.66666666666666 107.33333333333331 238.66666666666663 135.66666666666666 455
MGG_04913T0 22470.333333333332 1415.3333333333333 2203 3223.6666666666665 3583 1927.3333333333333 3799.6666666666665 4806 11643
MGG_15214T0 6.666666666666666 0 0 0.33333333333333337 0 0.6666666666666667 0.6666666666666667 0 2.6666666666666665
MGG_15289T0 788.3383333333334 341.01133333333337 479.0683333333333 461.23833333333334 481.13733333333334 382.4236666666667 414.395 522.4693333333333 395.6163333333334
MGG_06601T0 9893.666666666666 2246 4985.333333333333 3517.3333333333335 4804.333333333333 4265.333333333333 5449.333333333333 4556.333333333333 2270.3333333333335
MGG_14918T0 237 66.33333333333333 115 111.33333333333331 108.33333333333331 105.66666666666669 133.66666666666666 121.66666666666669 102.66666666666669
MGG_16548T0 21.460366666666665 3.15267 6.4388266666666665 3.01867 1.0434266666666665 3.2455233333333333 1.04153 2.0612933333333334 7.401726666666667
MGG_02205T0 32.666666666666664 1 14 6.666666666666666 0.6666666666666667 1.6666666666666667 0 0 0.6666666666666666
MGG_18134T0 763.6666666666666 328 394.3333333333333 228.33333333333337 237.33333333333337 208 333.3333333333333 261.6666666666667 266.6666666666667
MGG_15114T0 52.666666666666664 6.666666666666666 15.666666666666668 0 0 0 0 0 0.33333333333333337
MGG_16812T0 2710.776666666666 241.71166666666664 519.0595999999999 21.53858 3.3333333333333335 19.2841 3.54122 0.6666666666666667 11
MGG_03279T0 869.6666666666666 62.333333333333336 361.6666666666667 44.33333333333333 17 55 41.666666666666664 15.666666666666666 148.33333333333334
MGG_11663T0 904.6666666666666 120.66666666666666 284.6666666666667 35.666666666666664 30.666666666666668 114.33333333333331 46.666666666666664 28.666666666666668 145.33333333333334
MGG_07311T0 2023.3333333333333 378 270 855 447.6666666666667 612 282.3333333333333 136.33333333333334 232.66666666666663
MGG_02378T0 14421.643333333332 1413.3093333333334 905.4523333333332 4934.698666666667 3691.763333333334 2300.6033333333335 2246.8933333333334 3242.2466666666664 1635.3216666666667
MGG_18005T0 60.666666666666664 6.333333333333333 11 17.666666666666668 8.666666666666666 9.333333333333334 3.666666666666667 11.333333333333334 5.666666666666667
MGG_05792T0 17245.333333333332 447 51.333333333333336 4982.666666666667 293 6.333333333333334 906.3333333333334 272 3.3333333333333335
MGG_15150T0 2092 381.6666666666667 55 1.3333333333333337 5.333333333333333 1.3333333333333333 4 9.666666666666666 4.333333333333333
MGG_09795T0 11772.333333333334 2658.6666666666665 1918.6666666666663 1803 474.6666666666667 174.66666666666666 2913.3333333333335 1059.6666666666667 44
MGG_10254T0 1468 112.33333333333331 47.333333333333336 33.666666666666664 174 286 168.33333333333334 225 227.33333333333337
MGG_18123T0 5.333333333333333 0 0 0 0 0 0 0.6666666666666666 0.6666666666666666
MGG_06615T0 89.5977 5.081503333333333 1.6019033333333337 3.5517466666666664 6.904743333333333 5.359086666666666 11.610656666666666 12.28925 11.09966
MGG_15606T0 3091 945 844.6666666666666 1333.3333333333333 775.3333333333334 1018.6666666666666 1147 732.6666666666666 1334.3333333333333
MGG_17821T0 1348.8300000000002 315.87833333333333 355.88 369.167 164.0687 395.9633333333333 493.4266666666667 246.7423333333333 531.1213333333334
MGG_06348T0 2434.6666666666665 265.3333333333333 336 423 263 539.6666666666666 445 269 597
MGG_08256T0 29643.333333333332 957 2172.3333333333335 3320 1648 4534.666666666667 6446 2512.3333333333335 7709.666666666667
MGG_10087T0 4609.666666666667 315 402.6666666666667 945 529 957.3333333333334 1092.6666666666667 773 1488
MGG_16813T0 329 4.333333333333333 23.333333333333332 0 0.33333333333333337 3 0.6666666666666666 0 1
MGG_14928T0 353.28066666666666 23.339033333333333 54.69146666666667 46.43493333333333 30.1007 38.3527 51.35263333333334 23.585283333333333 46.1504
MGG_00409T0 65465.66666666667 459.3333333333333 11165.333333333334 3441.6666666666665 1379 3188 5794.666666666667 2031.3333333333333 5361
MGG_07748T0 856.3333333333334 24.333333333333332 16.666666666666668 146.66666666666666 9 8.333333333333334 4 1.6666666666666667 7
MGG_02647T0 955455.3333333334 25666 78877 178389.33333333334 3099.3333333333335 8509.333333333334 13640.333333333334 4850.333333333333 2511.6666666666665
MGG_09069T0 459.2349333333333 27.003633333333333 22.338 45.68134 21.006836666666665 12.67103 2.33417 8.33658 19.675666666666668
MGG_13607T0 283 3.666666666666667 2.3333333333333335 13 0 3.333333333333333 9 1 1.3333333333333337
MGG_06452T0 3555.6666666666665 197.33333333333337 239.66666666666663 473.6666666666667 79.66666666666667 46.666666666666664 267.6666666666667 119.66666666666669 96
MGG_17677T0 11188.05 105.48403333333331 132.21066666666667 1123.661 89.7291 171.61433333333332 971.794 124.87866666666667 203.54533333333333
MGG_04242T0 7560.3 2841.08 3320.7833333333333 3842.493333333334 2623.733333333333 2960.18 3706.55 3032.6466666666665 2754.05
MGG_02977T0 1038 54.666666666666664 127 284.6666666666667 75 71 305 65.66666666666667 72
MGG_09834T0 19980.376666666667 166.33333333333334 963.189 3512.186666666667 1095.4786666666666 367.3333333333333 5084.156666666667 1263.024 405.3333333333333
MGG_15277T0 1638.6666666666663 195.66666666666663 92 258.3333333333333 223.33333333333337 206.33333333333337 463 290.6666666666667 188
MGG_01300T0 5525 57.666666666666664 207.66666666666663 605.6666666666666 155.33333333333334 319 1091 248 537.3333333333334
MGG_09021T0 545.3333333333334 16 31.333333333333332 53 37.333333333333336 18.333333333333332 112.66666666666669 26.333333333333332 23.666666666666668
MGG_09226T0 5206.333333333334 32 70.66666666666667 474.6666666666667 46.333333333333336 55.666666666666664 768.6666666666666 71 130
MGG_04126T0 3566.666666666667 169.66666666666666 144.33333333333334 462.3333333333333 165.66666666666666 232 778 310.6666666666667 215.66666666666663
MGG_15168T0 364.66666666666663 6 50.666666666666664 36.333333333333336 7.333333333333333 31.333333333333332 79 15.333333333333334 42
MGG_01535T0 8176.666666666666 179.66666666666666 546.6666666666666 1220.3333333333333 176.33333333333334 619.3333333333334 2383.6666666666665 171.33333333333334 975
MGG_10321T0 2425 180 325.6666666666667 554 233 402.3333333333333 659 210.33333333333337 578.6666666666666
MGG_10614T0 49.666666666666664 0.33333333333333337 5 10 0.6666666666666667 2 11.333333333333334 3 6.666666666666667
MGG_15154T0 41073 7779.333333333333 8071.333333333333 11265.666666666666 7809.333333333333 22403 9046 13523 9881.666666666666
MGG_03608T0 1834.31 489.804 595.4923333333334 702.826 356.5846666666667 849.4056666666667 550.3973333333333 439.53 617.9976666666666
MGG_01640T0 591.3333333333334 57.333333333333336 113.33333333333331 87.66666666666667 92 234.66666666666663 107 73 122.66666666666669
MGG_05489T0 60.535400387016665 0.0032697699 0 7.038533333333332e-8 0.00164518666666666 16.633766666666666 0.02047829999999999 3.215426666666667e-7 0
MGG_14549T0 3460 517.3333333333334 1289.3333333333333 1176 867.6666666666666 2056.6666666666665 1347 1187.3333333333333 1394
MGG_00858T0 2894.976666666667 284.63433333333336 828.9490000000001 364.8686666666667 430.368 1372.205333333333 714.0876666666667 277.9386666666667 1163.866
MGG_04034T0 72763.33333333333 1766.3333333333333 16005.666666666666 16019.666666666668 4795.666666666667 28022 11129 7235 26857
MGG_16689T0 96.33333333333331 29.666666666666668 47.666666666666664 54.333333333333336 42 50 40.333333333333336 48.666666666666664 55
MGG_02646T0 76.66666666666667 11.666666666666666 33 24.666666666666668 18 28.666666666666668 11.333333333333334 23.666666666666668 17.333333333333332
MGG_08601T0 5950.666666666667 1482.6666666666667 3712 2723 2079.6666666666665 3159.6666666666665 1711 3220.3333333333335 2934
MGG_16608T0 129.33333333333334 23.333333333333332 71.33333333333333 108.33333333333331 58 71.66666666666667 58.666666666666664 79 66
MGG_02206T0 16.666666666666668 5.666666666666667 4.333333333333333 7 0.33333333333333337 6 0.33333333333333337 0 0
MGG_02208T0 674 100.66666666666669 65.66666666666667 447.6666666666667 42.333333333333336 206.66666666666663 7.333333333333333 8.333333333333334 7.666666666666667
MGG_04316T0 27.333333333333332 4.666666666666667 10 18.666666666666668 5.333333333333333 7 4 5 4.333333333333333
MGG_16815T1 2751.7633333333333 682.5429999999999 337.1136666666667 1754.3633333333337 1200.986 621.8776666666666 704.5626666666667 1330.513333333333 967.6643333333334
MGG_08108T0 919.3333333333334 297 279.3333333333333 628.3333333333334 360.6666666666667 338 479.3333333333333 454.3333333333333 537.3333333333334
MGG_10273T0 241.33333333333337 14.666666666666666 30.333333333333332 156 11.333333333333334 111.33333333333331 53 16.666666666666668 123.33333333333331
MGG_03661T0 3990.906666666667 755.4383333333334 1052 2522.2533333333336 875.552 2271.6966666666667 2134.51 1064.1866666666667 2013.8933333333337
MGG_01369T0 1512 86 289.6666666666667 972 109 484.3333333333333 667.6666666666666 133.66666666666666 578.6666666666666
MGG_15986T0 929.2046666666666 123.84893333333332 79.56833333333334 556.2766666666666 316.377 345.69533333333334 431.93533333333335 304.4526666666667 180.08333333333334
MGG_00964T0 1636.6666666666667 349.6666666666667 494 775.6666666666666 465 689.6666666666666 695 375 633
MGG_10272T0 44 0.33333333333333337 1.6666666666666667 15 2.3333333333333335 8.333333333333334 6.666666666666667 0 7.333333333333333
MGG_12546T0 51.333333333333336 1.3333333333333333 4.333333333333333 22 0.6666666666666667 18.333333333333332 8.666666666666666 2.3333333333333335 13
MGG_06484T0 25983.666666666668 5968.666666666667 2978 12238.666666666666 4085.3333333333335 11110.666666666666 8559 4530.666666666667 6984.333333333333
MGG_05099T0 3698.4766666666665 1264.16 1681.2166666666667 2647.15 1599.5366666666666 1815.5833333333333 2099.8233333333333 1945.8366666666664 1744.3166666666666
MGG_04144T0 15661 2540 2656.6666666666665 6946.666666666667 3789.6666666666665 5573.333333333333 6820 5373.333333333333 5718
MGG_00068T0 2329.6666666666665 284.6666666666667 371.6666666666667 1033 430.6666666666667 782.3333333333334 920.6666666666666 578.3333333333334 547.3333333333334
MGG_04639T0 5156.38 228.79066666666668 408.40933333333334 1970.3233333333335 377.93966666666665 981.1426666666666 1998.5913333333333 508.498 491.5663333333333
MGG_06584T0 1486.6666666666667 332 242 893.3333333333334 399.3333333333333 215.66666666666663 691 581 363.3333333333333
MGG_08277T0 173 58 4.333333333333333 78.33333333333333 44.333333333333336 2.3333333333333335 59.333333333333336 38 5
MGG_10274T0 6864.333333333333 122 254 5319.666666666667 357.6666666666667 2074.6666666666665 1722 344.6666666666667 1531.3333333333333
MGG_13009T0 8190 829.6666666666666 1598 8018.333333333333 1151.6666666666667 2078.6666666666665 1132 1075.3333333333333 1906.3333333333333
MGG_15551T0 18 0.33333333333333337 2.333333333333333 15.333333333333334 1.3333333333333333 2.3333333333333335 4.333333333333333 3.3333333333333335 5
MGG_02549T0 598.6666666666666 34.666666666666664 1.6666666666666667 387.3333333333333 4.666666666666667 0 228.33333333333337 7.666666666666667 0
MGG_09610T0 101132 4692 1124.3333333333333 81269.66666666667 2209.6666666666665 607.3333333333334 30119.333333333332 1379 251
MGG_09819T0 6.333333333333333 0 0 4.666666666666667 0 0.33333333333333337 1.6666666666666663 0 0
MGG_10438T0 3318.3333333333335 278.6666666666667 120.33333333333331 2393.6666666666665 231.33333333333337 197.66666666666663 1061 180.66666666666663 73
MGG_13178T0 24319.833333333332 418.097 768.701 16212.616666666669 398.1193333333333 827.661 7195.7266666666665 401.70866666666666 728.1063333333333
MGG_10859T0 35718.6 2818.3066666666664 3559.74 25618.3 3148.346666666667 1904 12187.333333333334 2370.1466666666665 2474.1
MGG_05761T0 45717.833333333336 339.56966666666665 121.96583333333334 32133.033333333333 322.5473666666667 76.33856666666667 11976.633333333331 197.62466666666663 32.560566666666666
MGG_02550T0 289.6666666666667 56.66666666666667 0.6666666666666667 256.6666666666667 2.6666666666666665 0.33333333333333337 127.33333333333331 0 0.33333333333333337
MGG_02548T0 359.3333333333333 74 6 294 7 0.33333333333333337 157.33333333333334 1 1.3333333333333337
MGG_12162T0 1572.6666666666667 348.3333333333333 185.66666666666663 1361 342 369.3333333333333 895 317.6666666666667 221.66666666666663
MGG_05105T0 3481.6666666666665 354 211 3275.6666666666665 444.3333333333333 235.66666666666663 1947 658.3333333333334 415.3333333333333
MGG_09134T0 1183.6666666666667 181.66666666666669 109.66666666666669 430.66666666666663 0.6666666666666667 40.333333333333336 281 0 67.66666666666667
MGG_07522T0 9782.333333333334 130 125.33333333333331 5961.333333333333 28 33 560.6666666666666 28.666666666666668 20.666666666666668
MGG_03050T0 9752 2062.3333333333335 2271 6546.666666666667 2361.6666666666665 1685.3333333333333 2924.3333333333335 1829.6666666666667 1426.3333333333333
MGG_05100T0 2022.8566666666668 51.17423333333333 2.78296 904.1846666666668 6.463213333333334 1.7485500000000005 317.176 5.160526666666667 0.35150666666666663
MGG_05719T0 6298 310.6666666666667 744.3333333333334 3277.6666666666665 891.6666666666667 1004.3333333333334 1556.6666666666667 866.6666666666666 938.6666666666666
MGG_05177T0 532 288 467.3333333333333 456.7 494.92066666666665 378.13666666666666 282.6666666666667 514.6806666666666 552.7473333333334
MGG_04407T0 731 282.6666666666667 350.3333333333333 340.3333333333333 412 317.6666666666667 264 495.6666666666667 431.6666666666667
MGG_07603T0 425.6666666666667 132.66666666666666 261.3333333333333 285.3333333333333 273 233 195.33333333333337 287.3333333333333 298
EFMOT00000000351 2.64015 0 0 0 1.3333333333333337 0 0 0 1.0666666666666669
MGG_00967T0 2128.6666666666665 1184 1257 1065 1620.6666666666667 1252.3333333333333 1162.3333333333333 1513.6666666666667 2020
MGG_01843T0 710 344.6666666666667 291.6666666666667 234.33333333333337 526.6666666666666 341.6666666666667 360 398.6666666666667 766.6666666666666
MGG_09969T0 70.66666666666667 77.66666666666667 35.333333333333336 14.666666666666666 69.66666666666667 40 13 30.333333333333332 78
MGG_16364T0 967.6666666666666 745 598.6666666666666 561.3333333333334 698.3333333333334 598.3333333333334 371 480.3333333333333 977
MGG_11142T0 546.8406666666667 416.072 251.701 160.71696666666668 366.2583333333333 358.3156666666667 155.027 411.7676666666667 542.6016666666667
MGG_01328T0 518.3333333333334 430 363 379.3333333333333 483 396 246.66666666666663 415.6666666666667 493
MGG_15765T0 112 142 52.666666666666664 47.666666666666664 76.33333333333333 159.33333333333334 44.333333333333336 81 58
MGG_15847T0 8.333333333333334 5 0.33333333333333337 1.3333333333333337 3 8 1.6666666666666663 2.6666666666666665 3.34358
MGG_09781T0 1346.3333333333333 780 661 606.6666666666666 722.6666666666666 1163.3333333333333 615 503 747.3333333333334
MGG_09512T0 30975.5 20431.233333333337 11573.266666666666 19748.466666666667 17609.4 15619.7 15977.033333333336 23021.666666666664 19635.266666666663
MGG_05805T0 205 75.33333333333333 43.666666666666664 71.33333333333333 60.333333333333336 90.66666666666669 81 102.33333333333331 92.66666666666669
MGG_15205T0 93.33333333333331 43.333333333333336 28 34.666666666666664 36.666666666666664 42.333333333333336 28.666666666666668 60.333333333333336 40
MGG_05582T0 100 51 21 30.333333333333332 42.333333333333336 53.666666666666664 22 60.666666666666664 47.666666666666664
MGG_02424T0 413 273.6666666666667 200.33333333333337 199 187.33333333333337 313 145 213 318.3333333333333
MGG_16049T0 4.004243333333333 1 0.33333333333333337 0 0 1.00075 0 1.00107 2.0028466666666667
MGG_03464T0 1668.3333333333333 1059 756.6666666666666 988.3333333333334 1012.6666666666666 1138 806.6666666666666 1072.6666666666667 1441
EFMOT00000000154 6.166666666666667 0.33333333333333337 1.0459766666666668 0.33333333333333337 2.8333333333333335 3.8772033333333336 1.04762 1.04762 3.2373
MGG_05187T0 809.6666666666666 357.6666666666667 263.3333333333333 349.3333333333333 478.3333333333333 517 351 392.3333333333333 435
MGG_03662T0 5836 1151.3333333333333 768.6666666666666 936 1478.3333333333333 3456 1058 1758 2618.3333333333335
MGG_09648T0 73 6 30 7 16 32 23.666666666666668 43.666666666666664 41.333333333333336
MGG_06177T0 21214.2 10255.21 10172.55 7219.523333333333 10101.543333333331 15674.466666666667 9561.463333333331 14286.866666666669 17992.566666666666
MGG_03698T0 1247.6666666666667 681 663 535.3333333333334 695.6666666666666 967 606.3333333333334 887 889
MGG_08495T0 309.6666666666667 151 182.33333333333337 74 191 363.3333333333333 125 310.3333333333333 108.33333333333331
MGG_03694T0 1537.3333333333333 1025 791.6666666666666 564.3333333333334 1222.6666666666667 1158.3333333333333 801.6666666666666 1372.6666666666667 1189.3333333333333
MGG_08059T0 1607 969.3333333333334 795 628 884 1241.3333333333333 636 1259 854
MGG_16748T0 1.3333333333333337 7.333333333333333 7 7.666666666666667 2.6666666666666665 5 3.3333333333333335 0.6666666666666666 5
MGG_15559T0 21.333333333333332 30.333333333333332 43.333333333333336 45.666666666666664 15 27 24.333333333333332 9.333333333333334 16.333333333333332
MGG_07287T0 2461.3333333333335 2836 2439 2638 628.6666666666666 2434.3333333333335 2577.6666666666665 625.6666666666666 1512.3333333333333
MGG_05146T0 1058.3333333333333 1027.3333333333333 753 1047.6666666666667 385.3333333333333 802 925 445.6666666666667 831.3333333333334
MGG_00621T0 1222.6666666666667 1838 1340.3333333333333 1398.6666666666667 452.6666666666667 1385 1397 505.3333333333333 1848.6666666666667
MGG_06847T0 1226 2229.3333333333335 1814 1887.3333333333333 862.3333333333334 1822 1601.6666666666667 957 2580.6666666666665
MGG_02701T0 1145.6666666666667 2570 982.3333333333334 1922.3333333333333 732.6666666666666 1937.3333333333333 1665 912 1711.6666666666667
MGG_06482T1 3841.866666666667 5656.683333333333 3640.9633333333336 4907.946666666667 2765.5233333333335 4917.183333333333 3431.76 1938.5966666666664 4718.256666666667
MGG_12989T0 169 184.66666666666663 201 559.3333333333334 36.333333333333336 162 349.6666666666667 29.666666666666668 713.3333333333334
MGG_14767T0 18.333333333333332 29.6819 11.666973333333331 75 6.666666666666667 11.002033333333332 27.3446 6.666666666666667 59.68776666666667
MGG_13517T0 26.333333333333332 143 32.333333333333336 99 42.333333333333336 43.333333333333336 54.333333333333336 37.333333333333336 156.33333333333334
MGG_09473T0 90.66666666666669 142 60.333333333333336 140 64.66666666666667 94.66666666666669 42.333333333333336 18.333333333333332 178.33333333333334
MGG_16467T0 25 35.666666666666664 16.333333333333332 49.666666666666664 24.666666666666668 16 16.333333333333332 13.666666666666666 74.33333333333333
MGG_06542T0 297.3333333333333 1192.6666666666667 338.6666666666667 769.6666666666666 330.6666666666667 1089 1456.6666666666667 407.6666666666667 1693
MGG_15146T0 586.3333333333334 1304.6666666666667 993.3333333333334 1178.6666666666667 878.6666666666666 1122.3333333333333 1353.6666666666667 833.6666666666666 1685
MGG_07259T0 1167.3333333333333 1865 1080.3333333333333 1219 773.3333333333334 1073.6666666666667 2139.6666666666665 675 3018
MGG_02879T0 106.33333333333331 128 64 98 65.66666666666667 99.66666666666669 151 54 202
MGG_09119T0 1283.3333333333333 1226.3333333333333 418 990.6666666666666 202.33333333333337 648.6666666666666 1453.6666666666667 125.66666666666669 2115.3333333333335
MGG_04243T0 2439.3766666666666 2042.253333333333 1702.2166666666667 1792.1733333333332 1451.6 1625.486666666667 2082.116666666667 1295.6866666666667 3023.95
MGG_13499T0 3914.3333333333335 3141.6666666666665 1867.6666666666667 1992 1156.3333333333333 3431 3081.6666666666665 1436 2909.6666666666665
MGG_05339T0 717 555.3333333333334 443.3333333333333 373.6666666666667 253.66666666666663 435.6666666666667 563.3333333333334 311.3333333333333 523.6666666666666
MGG_14115T0 856.6666666666666 523 553.3333333333334 534.3333333333334 156.66666666666666 433.3333333333333 658 216.33333333333337 817
MGG_00382T0 1120.4403333333337 618.2106666666666 476.5083333333333 1070.6936666666668 243.203 601.1106666666667 1144.909 212.24933333333337 1004.601
MGG_17738T0 21.333333333333332 6.333333333333333 4 14.666666666666666 1 16.666666666666668 24 9.333333333333334 20.333333333333332
MGG_06988T0 23.666666666666668 14.333333333333334 10 15.666666666666666 8 29 37.666666666666664 4.333333333333333 20.333333333333332
MGG_04107T0 734.3333333333334 504 485 595.3333333333334 284 643.3333333333334 929.3333333333334 333 716.6666666666666
MGG_17138T0 30 31 26.666666666666668 31.333333333333332 10.666666666666666 33 57.666666666666664 11 42
MGG_07842T0 152.33333333333334 178.33333333333334 185 28 76.66666666666667 139 267.6666666666667 151.66666666666666 166.66666666666666
MGG_10441T0 132 233.66666666666663 148.33333333333334 57.333333333333336 54.333333333333336 139 284.6666666666667 42 138.33333333333334
MGG_09919T0 6133 8162.666666666667 4531.666666666667 4703 3566.3333333333335 7941.333333333333 11197 3881.3333333333335 5781.333333333333
MGG_01769T0 145.62886666666668 283.967 91.81686666666668 368.32733333333334 55.3304 305.10566666666665 297.27933333333334 122.422 310.7803333333333
MGG_06131T2 354.728 474.5896666666667 250.66233333333335 312.0926666666667 156.26303333333334 525.648 488.63733333333334 255.52166666666665 470.903
MGG_09557T0 1595.6666666666667 1971.3333333333333 1265.6666666666667 1804 1086.6666666666667 2065.6666666666665 2436.3333333333335 1453 1874.6666666666667
MGG_02836T0 14403.533333333333 15561.633333333331 7991.71 13891.566666666668 8282.353333333333 11892.666666666666 18936.5 10588.2 14659.333333333334
MGG_13192T0 7207.666666666667 10976 3485.6666666666665 11919 4923.666666666667 5042.333333333333 18581 5339.666666666667 10607
MGG_00970T0 1565 2066.6666666666665 1294.3333333333333 1859.3333333333333 1032 1576 2429 1205.6666666666667 2004.3333333333333
MGG_08289T0 40.90153333333333 55.3823 25.7058 78.21833333333333 4.3479 31.957533333333338 117.25163333333332 6.41413 90.9146
MGG_08582T0 3887.3333333333335 7990 3703 6110 3798.3333333333335 5542.333333333333 7839.333333333333 4411.666666666667 4965
MGG_16847T0 26.201483333333336 71.42646666666667 22.9486 42.7966 31.246933333333335 24.1094 89.14046666666667 8.401306666666667 40.0118
MGG_11148T0 1206.6666666666667 2657.3333333333335 1601 2077 1475.6666666666667 1801.6666666666667 3112.6666666666665 1925.6666666666667 2437.6666666666665
MGG_07047T0 1114 3350.6666666666665 1595.3333333333333 2160.6666666666665 984.6666666666666 1621.6666666666667 2520.3333333333335 1039 3120
MGG_05196T0 471.6666666666667 2999 585.3333333333334 1070.3333333333333 768.6666666666666 1134.3333333333333 2506.6666666666665 655.3333333333334 1873.6666666666667
MGG_04911T0 1371 4550 1799 2016.3333333333337 740.6666666666666 2102.6666666666665 3817.3233333333337 1478 3108.3333333333335
MGG_17088T0 98.66666666666669 68 38 134 98.66666666666669 32.333333333333336 45.333333333333336 114 27
MGG_04441T0 15069.666666666666 6277.333333333333 3520.6666666666665 13475 11726.333333333334 2622 11361.666666666666 9100.333333333334 1650
MGG_00791T0 324.3333333333333 123.33333333333331 254.33333333333337 332.6666666666667 185 90.66666666666669 153 216.66666666666663 101.33333333333331
MGG_02752T0 671.6666666666666 352.6666666666667 528 629.6666666666666 409 245.66666666666663 174.66666666666666 430.6666666666667 265.3333333333333
MGG_05101T0 291 34 61.666666666666664 352 111.66666666666669 158 100.33333333333331 82.66666666666667 203
MGG_14574T0 3950.6666666666665 878.3333333333334 1798.3333333333333 4786 718 2785.6666666666665 1978.6666666666667 634.3333333333334 1000
MGG_00071T0 43.666666666666664 7.333333333333333 16.666666666666668 31.333333333333332 10.333333333333334 29.333333333333332 6.333333333333333 2 14.666666666666666
MGG_10736T0 980.0166666666668 231.91 528 1136.64 61.7125 628.5656666666666 188.39 82.72106666666667 346.963
MGG_15635T0 79 35.333333333333336 45.333333333333336 83.66666666666667 26.333333333333332 52.333333333333336 20.333333333333332 18.333333333333332 52.333333333333336
MGG_01355T0 336.3333333333333 72.33333333333333 337.6666666666667 777 167 202.66666666666663 121 64 333.6666666666667
MGG_09802T0 208.33333333333337 3.3333333333333335 25 851.3333333333334 10 38 32.666666666666664 13 31.333333333333332
MGG_07972T0 479 39.666666666666664 59.333333333333336 1256.61 71.13466666666666 94.0821 131.66666666666666 47.69246666666667 36.3713
MGG_01932T0 592.3333333333334 86 329.6666666666667 991.6666666666669 37.666666666666664 68.66666666666667 302 9.333333333333334 80.33333333333333
MGG_04594T0 4071.6666666666665 213 456 5099.333333333333 226 206.66666666666663 1969 440 582
MGG_17096T0 93.66666666666669 6.333333333333333 15.333333333333334 141.33333333333334 1 7 33.666666666666664 4.666666666666667 5
MGG_06493T0 6101 799 746.6666666666666 9083.333333333334 708.3333333333334 742.6666666666666 3300.3333333333335 709 663.3333333333334
MGG_07623T0 23290.666666666668 780.3333333333334 1026.6666666666667 40541 648 405.6666666666667 13967 859.3333333333334 208.66666666666663
MGG_05393T0 755 20 14 1345.3333333333333 39.666666666666664 10.333333333333334 108.66666666666669 11 11.666666666666666
MGG_05106T0 9363.666666666666 766 757.3333333333334 11283.666666666666 342 1368.6666666666667 2487.3333333333335 441.6666666666667 220.33333333333337
MGG_03085T0 3303.333333333333 1 8.666666666666666 4145 4.666666666666667 3.6666666666666665 36.666666666666664 1 6
MGG_11936T0 541.3333333333334 304 195.33333333333337 563.3333333333334 311.3333333333333 143 167.33333333333334 261.6666666666667 180
MGG_16870T0 263 65.33333333333333 65.33333333333333 269.6666666666667 69 62 81 137 63.666666666666664
MGG_05033T0 342.34666666666664 295.262 938.797 1056.7776666666666 196.54066666666668 398.511 1392.28 282.20733333333334 884.9076666666667
MGG_00347T0 294.6666666666667 470.6666666666667 643 695.6666666666666 325.6666666666667 307.6666666666667 720.6666666666666 337.3333333333333 450
MGG_17512T0 17 23.333333333333332 45.666666666666664 55 36.666666666666664 15.333333333333334 56.666666666666664 25.333333333333332 32
MGG_09562T0 6171 4198.333333333333 13261.333333333334 9759.666666666666 7653.333333333333 7894.666666666667 14930 6062.196666666667 4797.333333333333
MGG_02446T0 1596.6666666666667 1557 3165.6666666666665 2597.3333333333335 1926.6666666666667 1414 3310.6666666666665 2234 2098.6666666666665
MGG_00725T0 6196.98 6669 11778.333333333334 11474.856666666668 7319.576666666667 5312.333333333333 12971.316666666668 9824.413333333334 4128.666666666667
MGG_02484T0 637.1076666666667 199.84433333333337 600.7723333333333 587.3563333333333 149.18086666666667 536.8226666666667 385.33933333333334 110.62633333333332 551.28
MGG_05148T0 418.99466666666666 126.83766666666666 480.2593333333333 577.2433333333333 69.72053333333334 424.3263333333333 343.84433333333334 58.27746666666667 339.92333333333335
MGG_08850T0 5391.333333333333 2397.6666666666665 7519.666666666667 9597 764 3505.3333333333335 8492 850.3333333333334 8594.333333333334
MGG_05951T0 1996 1200.3333333333333 1944.3333333333333 2891.3333333333335 147.66666666666666 1521.3333333333333 1882.3333333333333 114 2384
MGG_07450T0 5142.666666666667 4313.333333333333 5734 8396.666666666666 1836.6666666666667 2960.3333333333335 7330.666666666667 2264.3333333333335 2897.3333333333335
MGG_00299T0 3712 4077 7268.666666666667 7070.666666666667 2759.6666666666665 2587.6666666666665 6076.666666666667 2520.3333333333335 2457.3333333333335
MGG_09543T0 125.66666666666669 106.33333333333331 175.33333333333334 229.33333333333337 68.66666666666667 50 149.66666666666666 75 88
MGG_14902T0 3847 3368 4392 4581.666666666667 2517 2589.3333333333335 4941.666666666667 2997 1901
MGG_00742T0 717.9793333333333 624.907 988.0306666666668 768.7513333333333 274.4096666666667 497.96566666666666 1075.2286666666666 233.68133333333333 282.8556666666667
MGG_11534T0 16090.333333333334 9990 18509.333333333332 21130.666666666668 12531 8924 23300.666666666668 15340.666666666666 10831
MGG_03516T0 9317 4631.333333333333 9449 10547 6167.333333333333 5393 10923.333333333334 7058.333333333333 4942.666666666667
MGG_05217T0 1663.4033333333334 581.5526666666667 1476.1066666666666 2104.403333333333 1086.0866666666666 1096.186 1985.3066666666664 1254.2666666666669 696.7096666666666
MGG_09830T0 6291.333333333333 1086 6431.333333333333 11214.333333333334 1414.6666666666667 6159 9076.333333333334 1857.6666666666667 2577.3333333333335
MGG_09350T0 1754 856.6666666666666 2520 3292.3333333333335 1099 1913 3030 1413.3333333333333 1290.6666666666667
MGG_03107T0 5574 910.6666666666666 2797 4801.333333333333 485.6666666666667 2108 4968.333333333333 743.6666666666666 1236.3333333333333
MGG_02123T0 1669.6666666666667 142.66666666666666 727.6666666666666 1334.6666666666667 122.66666666666669 628 1599 142 215
MGG_17617T0 3368.6666666666665 393.3333333333333 4614.333333333333 4697.333333333333 717.3333333333334 1726 3818.6666666666665 915 1389
MGG_09193T0 10388.666666666666 1090 10883.666666666666 12855.333333333334 1827 3895.6666666666665 13467 2547 3781
MGG_01861T0 171 48.666666666666664 147.33333333333334 241.66666666666663 29.333333333333332 86 175.66666666666666 44.666666666666664 32.666666666666664
MGG_01205T0 2103.3333333333335 751 1704.6666666666667 2175.6666666666665 998 982 1948.3333333333333 527.3333333333334 737
MGG_01933T0 196 23.333333333333332 158 219.33333333333337 9 41 135 2 37.333333333333336
MGG_16860T0 218.66666666666663 33 271.3333333333333 253 56.333333333333336 122.33333333333331 125.33333333333331 59.666666666666664 118.33333333333331
MGG_16634T0 111.85816666666668 42.04893333333334 153.40133333333333 140.42180000000002 69.55153333333334 84.998 86.8649 86.8815 73.837
MGG_04161T0 108.33333333333331 20.333333333333332 95 100.66666666666669 20.333333333333332 24.333333333333332 79.66666666666667 38.333333333333336 60.666666666666664
MGG_07437T0 656.165 164.1906666666667 743.8556666666667 729.5933333333332 338.612 363.22133333333335 641.2956666666666 436.685 450.746
MGG_07681T0 3647.3333333333335 1064.6666666666667 6779 7155 1064.6666666666667 3267.6666666666665 4502.666666666667 1360 4487
MGG_04141T0 977.6963333333332 370.87966666666665 1258.8 1519.2026666666668 358.89033333333333 534.414 936.3656666666668 473.3593333333333 674.575
MGG_05009T0 373.3333333333333 149.66666666666666 794.3333333333334 1178.6666666666667 238.33333333333337 313.3333333333333 565 331 528.3333333333334
MGG_16835T0 652 337.6666666666667 1098 1776.3333333333333 255 527 648.3333333333334 324 550.3333333333334
MGG_12580T0 2962.6666666666665 1342 9198.333333333334 9954.666666666666 1639.6666666666667 3844 5334 2142 2363
MGG_06026T0 2745 1076.3333333333333 6105.333333333333 8876.333333333334 1658 4699 4826 1509.3333333333333 2149
MGG_00868T0 0 0.33333333333333337 7 5.666666666666666 0.6666666666666667 0.6666666666666666 2 0.6666666666666667 3.3333333333333335
MGG_14748T0 486 536.3333333333334 1599 1724 838.6666666666666 880.6666666666666 1220.6666666666667 883 699
MGG_01486T0 146 38.666666666666664 150.33333333333334 127 45 123 88 120 81
MGG_17014T0 5.333333333333333 2 3 0 0.33333333333333337 0 6.666666666666667 0 0.33333333333333337
MGG_03401T0 3336 2218 3622 2595 352 1886.3333333333333 2586.3333333333335 708.6666666666666 2378.3333333333335
MGG_09537T0 10813.333333333334 10766.333333333334 15314.666666666666 4379.333333333333 2902 4989.333333333333 11682.333333333334 2543.6666666666665 9690.666666666666
MGG_12043T0 9.666666666666666 3.666666666666667 9 0 0 3.333333333333333 7 0.33333333333333337 5.333333333333333
MGG_14913T0 5623 1904.3333333333333 5855 1519 566.6666666666666 1418.6666666666667 4503.333333333333 616 2869.6666666666665
MGG_14732T0 27.333333333333332 8.666666666666666 39 22.333333333333332 9.333333333333334 8.333333333333334 28 10.666666666666666 10.333333333333334
MGG_05280T0 19823.666666666668 6216.666666666667 20354 15639.666666666666 6762.333333333333 8619.666666666666 23761 9040.333333333334 7183.333333333333
MGG_05433T0 770.6666666666666 251.66666666666663 832.3333333333334 699 295 359 801 368.3333333333333 448.3333333333333
MGG_13439T0 1714.6666666666667 834.6666666666666 2282 1029.3333333333333 622 1157.3333333333333 2160.6666666666665 602.3333333333334 791.6666666666666
MGG_05024T0 2131 452.3333333333333 3020.3333333333335 1358.3333333333333 581.6666666666666 1785.3333333333333 2782.6666666666665 923.3333333333334 1639.6666666666667
MGG_17961T0 6481.556666666666 1204.08 10229.266666666666 4180 1690.08 4712 8609.333333333334 2527 4065.31
MGG_05157T0 99 41 122 70 49.666666666666664 74.33333333333333 108 64 70.66666666666667
MGG_00256T0 12465.666666666666 1492 16170 7845.333333333333 2073.6666666666665 8769.666666666666 12400.666666666666 2718 8420
MGG_00634T0 4775 289 6007 2524 245.33333333333337 1627 4286.333333333333 252.66666666666663 2707.6666666666665
MGG_10059T0 2957.6666666666665 281.6666666666667 3927.3333333333335 1687 539.3333333333334 1641 2444.6666666666665 782.6666666666666 1416.3333333333333
MGG_16298T0 3817.6233333333334 329 4642.666666666667 1824.6666666666667 584 1717 3242.3333333333335 662.3333333333334 1615.2866666666666
MGG_06943T0 1679 753.6666666666666 1601.6666666666667 819.3333333333334 975 1096.3333333333333 1844.6666666666667 1157.3333333333333 1454.3333333333333
MGG_16371T0 2272.42 306.31766666666664 1809.9166666666667 865.4043333333333 626.609 1273.252 1615.013333333333 881.1416666666667 1400.14
MGG_08563T0 557.3333333333334 61.666666666666664 530.3333333333334 212.33333333333337 121.33333333333331 294.3333333333333 563.2526666666666 220.33333333333337 470.3333333333333
MGG_04337T0 32372.666666666668 6354.333333333333 29357 13734 4258 16868.333333333332 28943.666666666668 6178.333333333333 24884
MGG_06428T0 3509 1809.6666666666667 3613.3333333333335 2154.3333333333335 1764.3333333333333 1626 3534.6666666666665 1678 3025.6666666666665
MGG_17606T0 20.666666666666668 4 21.333333333333332 10 6.333333333333333 4 24 5.333333333333333 13
MGG_00039T0 421 26.666666666666668 528.6666666666666 181.33333333333337 79 219.33333333333337 749.6666666666666 144.33333333333334 408.6666666666667
MGG_08591T0 568.1833333333333 26.338866666666668 656.941 499.88433333333336 43.677166666666665 230.11566666666667 959.872 82.80926666666667 393.89966666666663
MGG_11871T0 6833 578.6666666666666 3441.6666666666665 1974.6666666666667 827.3333333333334 4873 7634.666666666667 1344 3530
MGG_16668T0 18503.333333333332 593.3333333333334 13225 3733 712.6666666666666 7096.666666666667 22168.333333333332 1081.3333333333333 5734
MGG_03880T0 11951.51 1259.986666666667 8685.486666666668 5011.716666666667 55.34366666666667 8998.04 13671.6 69.7611 2525.4033333333336
MGG_17450T0 13485.333333333334 1854.6666666666667 11820 5038.333333333333 2510.6666666666665 10021 9374 3304 4995.666666666667
MGG_04512T0 2507.6666666666665 755.6666666666666 3497 1781.3333333333333 870 2790.6666666666665 3205 1231 1734.3333333333333
MGG_11188T0 1230.234 341.4823333333333 1383.96 1005.3216666666668 347.9533333333333 1577.7166666666667 1201.0263333333332 552.424 791.2736666666667
MGG_06605T0 8666 10493.333333333334 10220.333333333334 12592.333333333334 5301 14609.333333333334 12794 4694.666666666667 6997
MGG_15226T0 1822.6666666666667 1530.6666666666667 651.3333333333334 2070.6666666666665 1073.3333333333333 2627.3333333333335 2160.3333333333335 926.6666666666666 1440.6666666666667
MGG_12791T0 13144 9466.333333333334 3409.3333333333335 10370.333333333334 2191 3172.3333333333335 13347.666666666666 1801 3150.3333333333335
MGG_01156T0 568.8813333333334 435.27933333333334 127.6698 495.9076666666666 241.989 170.43333333333334 468.9193333333333 322.2493333333333 145.649
MGG_01819T0 22182.933333333334 14118.2 4328.9766666666665 13418.723333333332 7413.066666666667 8186.673333333333 21476.323333333337 8708.906666666666 4703.696666666667
MGG_06585T0 46967.333333333336 23785 4726.666666666667 35825.333333333336 17254.666666666668 5767 45288 11042 3231.6666666666665
MGG_11224T0 57142.86666666667 34413.63333333333 10764.576666666668 46164.933333333334 23543.166666666668 24085.5 47825.833333333336 20494.433333333334 13878.2
MGG_05905T0 3198.3333333333335 2221 777 4115 1878.3333333333333 1918 4242 1160.6666666666667 1379.3333333333333
MGG_16842T0 17.333333333333336 13 4 25 5 3.6666666666666665 34.333333333333336 0.33333333333333337 2
MGG_02122T0 2446.3333333333335 229.66666666666663 592.3333333333334 2368.3333333333335 175 698 2332.3333333333335 272.6666666666667 344.3333333333333
MGG_05763T0 663.3333333333334 60.333333333333336 151.33333333333334 657.3333333333334 9.333333333333334 39 590.6666666666666 12.666666666666666 164.66666666666666
MGG_13179T0 6239.666666666667 378.6666666666667 241.33333333333337 6055.666666666667 57 42.666666666666664 4760.666666666667 57 164
MGG_09355T0 43761 134.33333333333334 4261.333333333333 63368.666666666664 320.6666666666667 620.3333333333334 42186 91 67.66666666666667
MGG_05397T0 409.98366666666664 196 75 456 75.30996666666667 62 423 83.33333333333333 66
MGG_07750T0 104 32.666666666666664 1 162 1.6666666666666667 2.6666666666666665 129 2 1.6666666666666663
MGG_04364T0 422.3333333333333 212.66666666666663 135.66666666666666 525 122 91.33333333333331 431.6666666666667 110 158.33333333333334
MGG_02611T0 7636 2546.3333333333335 1891.6666666666667 5240.333333333333 1086.3333333333333 2702.6666666666665 8416.666666666666 1447 2709.6666666666665
MGG_10324T0 1803.3333333333333 1053.6666666666667 749.3333333333334 1718.6666666666667 950.3333333333334 877.6666666666666 2090.6666666666665 686.3333333333334 1076.3333333333333
MGG_00150T0 32739.666666666668 13968 6966 33646 7672.666666666667 10013.333333333334 48178 7119.333333333333 8678.333333333334
MGG_00965T0 5555 1984.6666666666667 969.3333333333334 4759.333333333333 1074.6666666666667 1126.3333333333333 7656.666666666667 1065.6666666666667 1669
MGG_14279T0 112568.66666666669 58841 57999.666666666664 106448 54154 34913.333333333336 130606.66666666669 37456.666666666664 29242.666666666668
MGG_17975T0 11775.333333333334 2756.6666666666665 2753.3333333333335 13646.666666666666 2703.6666666666665 1665.3333333333333 14039.333333333334 3420.6666666666665 833.6666666666666
MGG_11634T0 24133 2409 5716.333333333333 27296.666666666668 2800.3333333333335 6848 35758.333333333336 3347.6666666666665 2500.3333333333335
MGG_12473T0 4473.333333333333 7198 2241.5666666666666 5743.666666666667 5837.333333333333 5776.593333333333 7953.333333333333 4462.953333333333 4358
MGG_01466T1 4386.16 5433.706666666667 1778.22 3974.1033333333335 4547.280000000001 2898.9066666666668 5574.663333333333 3222.0466666666666 3265.5766666666664
MGG_02370T0 16131 16971.666666666668 4736.666666666667 18640.666666666668 13879 6841.666666666667 22434.666666666668 10996.333333333334 8710
MGG_02261T0 1537.3333333333333 1916 568.3333333333334 1902.3333333333333 837.3333333333334 960.6666666666666 2531 877.6666666666666 1210
MGG_02347T0 1957 2582 238 2263.3333333333335 591.3333333333334 746.3333333333334 3794.3333333333335 532 524.6666666666666
MGG_09361T0 11521 15541 6906 15411.666666666666 8616.666666666666 6288.666666666667 18030.666666666668 6168 11718.333333333334
MGG_01103T0 1662.52 2137.3333333333335 1322.6666666666667 1865.16 1482.3333333333333 1215.4566666666667 2114.5233333333335 1180.8066666666666 1422.7266666666667
MGG_05571T0 1393.6446666666666 2496.81 579.6723333333333 1823.743333333333 557.671 603.812 2115.9066666666668 470.4313333333333 929.2163333333332
MGG_01670T0 1769.3333333333333 2061.3333333333335 1272.6666666666667 1854.3333333333333 1164 1339.6666666666667 2126.6666666666665 1175.3333333333333 1385.6666666666667
MGG_02668T0 5774.666666666667 6240 2778.3333333333335 4598.666666666667 4087.3333333333335 2887.6666666666665 5464 4058 4214
MGG_01566T0 2589.633333333333 3265.126666666667 796.0413333333333 2208.223333333334 1212.6063333333332 1214.6966666666667 3543.4466666666667 1094.4236666666666 1864.9166666666667
MGG_05611T0 624 711.6666666666666 211.66666666666663 377.6666666666667 313 184.66666666666663 788.3333333333334 301.3333333333333 387
MGG_14348T0 427 977.3333333333334 1041.6666666666667 1323.3333333333333 478.3333333333333 1439.3333333333333 4714 504.6666666666667 1596.3333333333333
MGG_00942T0 2008 2674.9766666666665 2043.5266666666664 7307.66 1055.3033333333333 3169.7566666666667 16834 1160.5403333333334 4189.583333333333
MGG_10320T0 1693.6666666666667 3040.3333333333335 3763 5217.333333333333 1534 4140.333333333333 12301 1557.3333333333333 3972.3333333333335
MGG_02540T0 2807 4673.666666666667 5704.666666666667 9588.333333333334 2397.6666666666665 5943 17755.666666666668 2870.6666666666665 6342.666666666667
MGG_06691T0 2283.6666666666665 7566 17180.666666666668 16614 1803.6666666666667 13978.333333333334 39824.333333333336 1419.3333333333333 13272
MGG_03375T0 2767.6666666666665 2428.3333333333335 9750.333333333334 8107.333333333333 984.3333333333334 11424 24950.333333333332 980.3333333333334 5946.666666666667
MGG_03492T0 1202 673.6666666666666 2007.3333333333333 1830.3333333333333 311.6666666666667 2538.3333333333335 5304 480 2363.6666666666665
MGG_01191T0 8392 2297.6666666666665 5310.666666666667 7774.666666666667 4062.6666666666665 7116 12868.333333333334 4102 2838
MGG_09292T0 2949.233333333333 383.0156666666667 2814.6133333333332 2275.9066666666668 755.8286666666667 567.8783333333333 6435.16 1046.929 407.70633333333336
MGG_00633T0 8547.333333333334 2992.6666666666665 6628 6757.333333333333 2022.3333333333333 3869.6666666666665 15192.333333333334 3156 3591.3333333333335
MGG_00835T0 2575.3333333333335 1632.6666666666667 4136.333333333333 5240 1088.6666666666667 1428.6666666666667 7350.666666666667 909 1163.6666666666667
MGG_03352T0 1050 91.33333333333331 989.6666666666666 1790.3333333333333 114 572.6666666666666 2840.3333333333335 132 426
MGG_06619T0 108.933 17.747700000000002 186.505 178.92566666666667 22.953033333333337 111.07066666666668 319.531 35.94493333333334 95.05573333333334
MGG_05035T0 310.4650666666667 23.906866666666662 672.7183333333334 993.2043333333334 61.75306666666666 193.557 2316.192 85.2654 335.98833333333334
MGG_11480T0 1958 974.6666666666666 3587 3513.6666666666665 1068.3333333333333 2173.3333333333335 7341.666666666667 875.3333333333334 1913.6666666666667
MGG_06386T0 1294.3333333333333 1304.3333333333333 367.3333333333333 1204.6666666666667 460.3333333333333 923 2660.3333333333335 601 856.3333333333334
MGG_04117T0 6788.92 6867.366666666667 2922.31 3193.6163333333334 1486.66 2018.8966666666668 13679.166666666666 1929.8033333333333 2162.85
MGG_03218T0 3578 8921.666666666666 8373.666666666666 18023.333333333332 3610 5644.333333333333 21254.666666666668 2557 5429
MGG_16843T0 15.666666666666668 18.333333333333332 16.666666666666668 23.333333333333332 6.333333333333333 14.333333333333334 37 3.3333333333333335 8.666666666666666
MGG_14747T0 1498 1908 1259 1950 1248.3333333333333 1169 2881.3333333333335 1146.3333333333333 1175
MGG_08199T0 6055.666666666667 9807 3174.6666666666665 13014 4792.333333333333 4361.333333333333 18204.333333333332 7213.666666666667 5444
MGG_03187T0 1936.3333333333333 2587.6666666666665 1313.3333333333333 3226.6666666666665 1822.6666666666667 1148 3783.3333333333335 1440 1738.6666666666667
MGG_13349T0 1805.3433333333332 1428.523 1022.5166666666668 2239.516666666667 653.7806666666667 563.4953333333333 3176.1433333333334 499.9823333333333 1607.6333333333332
MGG_02074T0 2089.3333333333335 673.6666666666666 675 3841 153.66666666666666 1117.6666666666667 7311.666666666667 98.33333333333331 1721
MGG_04503T0 4357.333333333333 2735.6666666666665 1774 6682.333333333333 1822 2156.3333333333335 9258.333333333334 1479.3333333333333 3394.6666666666665
MGG_08626T1 255.91766666666663 96.98293333333334 59.28476666666666 354.404 47.415533333333336 51.73983333333334 559.2046666666666 30.660713333333337 74.5359
MGG_17744T0 68.33333333333333 64 50.333333333333336 106.66666666666669 45.333333333333336 82.33333333333333 51.333333333333336 34.333333333333336 68.33333333333333
MGG_00623T0 6100.84 6971.023333333333 3886.7466666666664 10286.43 2387.27 7483.123333333333 6525.443333333334 2956.85 4506.876666666667
MGG_05942T0 1281 1479.6666666666667 462.3333333333333 2646.6666666666665 917.3333333333334 1555 1923.6666666666667 907.3333333333334 872.6666666666666
MGG_00052T0 843.3333333333334 1529 821.3333333333334 3910.6666666666665 416.3333333333333 772.6666666666666 1123 423.6666666666667 921
MGG_15508T0 76 69.33333333333333 75.33333333333333 336.3333333333333 53.666666666666664 173.33333333333334 130.33333333333334 31.333333333333332 62.333333333333336
MGG_05047T0 526.6666666666666 1098 814 1799 614 1520 1726 1050.6666666666667 951.6666666666666
MGG_09265T0 780.3333333333334 732.6666666666666 862.6666666666666 1326 417 947.3333333333334 1460.3333333333333 415.6666666666667 1245.6666666666667
MGG_11311T0 1041.6666666666667 1286 1579 1951.3333333333333 723.3333333333334 1492.6666666666667 1620.6666666666667 781.3333333333334 1453.3333333333333
MGG_04523T0 196.12166666666667 346.88266666666664 457.235 778.6283333333333 168.706 633.0033333333333 676.7003333333333 165.53166666666667 615.3373333333334
MGG_05999T0 1162.3333333333333 579.6666666666666 1000.3333333333334 2556.6666666666665 529 1560.3333333333333 2034.3333333333333 340.6666666666667 1541.3333333333333
MGG_06429T0 493.3333333333333 509 557.6666666666666 1111 251.66666666666663 615.3333333333334 1103.3333333333333 212.33333333333337 708.3333333333334
MGG_07529T0 302.6666666666667 150 354.3333333333333 987 129.33333333333334 424 852.3333333333334 88.66666666666667 476.3333333333333
MGG_07449T0 252 229.66666666666663 532.3333333333334 1080 199 601.3333333333334 944.3333333333334 148.66666666666666 565.6666666666666
MGG_02974T0 404.3333333333333 498.3333333333333 469 1818 340.3333333333333 605 1204.6666666666667 282 565.6666666666666
MGG_01183T0 991.3333333333334 636.3333333333334 607 3875.3333333333335 407.3333333333333 1432.6666666666667 2536.6666666666665 377 1137
MGG_01268T0 6680.333333333333 5234.333333333333 4239.666666666667 28304.333333333332 2756.6666666666665 8759 22201.666666666668 1803.6666666666667 6666
MGG_09284T0 219.80336666666665 201.89366666666663 105.15103333333332 1255.81 83.7951 439.13666666666666 876.9340000000001 62.5243 228.97166666666664
MGG_08178T0 496 454 371 1804 279.3333333333333 647.6666666666666 1766 250.66666666666663 629
MGG_00985T0 199.548 208.80533333333335 189.151 822.5213333333334 111.87043333333334 368.9506666666667 717.1163333333333 94.2014 334.786
MGG_10674T0 552.5036666666667 564.41 539.6276666666666 2007.96 446.6596666666667 934.1323333333332 1616.1633333333334 331.17833333333334 921.1813333333332
MGG_04476T0 2803.3333333333335 1591.6666666666667 2066.3333333333335 6628 1178.3333333333333 3232.3333333333335 6244 849 2920
MGG_01292T0 892 578 662.6666666666666 2954.6666666666665 383.6666666666667 1288.3333333333333 2551.3333333333335 348.3333333333333 1111.6666666666667
MGG_02453T0 983.3333333333334 517.3333333333334 638.6666666666666 2715.3333333333335 403.3333333333333 1069.6666666666667 2320.6666666666665 337 1118.3333333333333
MGG_06242T0 440.3333333333333 642.6666666666666 496 1953.3333333333333 420.3333333333333 988 1469.6666666666667 339.6666666666667 1095.6666666666667
MGG_04993T0 414.3333333333333 903.3333333333334 681.6666666666666 2476.6666666666665 545.6666666666666 959.3333333333334 1861.3333333333333 482.3333333333333 989.6666666666666
MGG_11360T0 142 376 294.6666666666667 846.6666666666666 205 420.6666666666667 645 232 389.6666666666667
MGG_08161T0 7594.636666666667 1246.0266666666666 4226.1466666666665 14147.333333333332 981.7816666666666 2494.5333333333333 12736.6 1517.035 1975.2266666666667
MGG_17539T0 1022 354.3333333333333 509.3333333333333 1969.986666666667 187.33333333333337 768 1903 241.33333333333337 706.3333333333334
MGG_09847T0 1668.6666666666667 989.3333333333334 809 3079.3333333333335 273.6666666666667 1461.3333333333333 3495 335.6666666666667 799.3333333333334
MGG_08970T0 2115.3333333333335 1038.6666666666667 791 4469.333333333333 488.3333333333333 1087.6666666666667 5014 449 859
MGG_16538T0 460.3333333333333 109.33333333333334 95 3007 4.333333333333333 0 1869 14.666666666666666 8.333333333333334
MGG_07312T0 5135.333333333333 4985.333333333333 3197.3333333333335 8605 3517 3173.3333333333335 7297.333333333333 3171.3333333333335 3578
MGG_09956T0 953.6666666666666 2157 2329.3333333333335 2090.6666666666665 2044.6666666666667 2713.6666666666665 2485.3333333333335 2181.3333333333335 1102.6666666666667
MGG_00163T0 597 883.3333333333334 2186.3333333333335 1788.6666666666667 1077.6666666666667 2423.6666666666665 870 1218.6666666666667 971
MGG_10142T0 475.6666666666667 1287.35 2002 2099 1885 1730.8 1272.3333333333333 1995.3333333333333 1183
MGG_14674T0 208 204.33333333333337 302.6666666666667 196.33333333333337 109.66666666666669 324 169 119.33333333333331 241
MGG_03133T0 233.33333333333337 89.66666666666667 403.3333333333333 270 73.33333333333333 600.3333333333334 104.66666666666669 89.33333333333333 314.3333333333333
MGG_07758T0 3 6 15.333333333333334 0.33333333333333337 0 47.333333333333336 0 0.6666666666666667 18
MGG_14594T0 3 30 81.33333333333333 1.3333333333333333 4.333333333333333 225.66666666666663 0 5.333333333333333 101.66666666666669
MGG_09677T0 2 7.333333333333333 19.666666666666668 2.3333333333333335 1.6666666666666667 47 1.3333333333333333 0.33333333333333337 23
MGG_12316T0 5576 1678.6666666666667 21563 1830.6666666666667 5026.333333333333 56684 3493.3333333333335 11180 24661.666666666668
MGG_05595T0 16 7 108.33333333333331 2.3333333333333335 14 366.3333333333333 22 25.333333333333332 108.33333333333331
MGG_14206T0 3.666666666666667 11 74 0.6666666666666666 0.33333333333333337 352 2.3333333333333335 0.33333333333333337 80.66666666666667
MGG_04206T0 187.15033333333335 60.815099999999994 938.6963333333332 49.596333333333334 89.24943333333334 1849.5966666666664 185.6678 186.35133333333332 975.7376666666668
MGG_03354T0 1892.6666666666667 1002 9582.666666666666 1126.8433333333337 860.6666666666666 15161.666666666666 720.3333333333334 1641 8120.666666666667
MGG_02130T0 29 93.33333333333331 219.33333333333337 55.666666666666664 14.666666666666666 474 33 13.333333333333334 348
MGG_14990T0 32.666666666666664 51 111 25.666666666666668 11 201 33.333333333333336 11.333333333333334 124.33333333333331
MGG_00893T0 120.41066666666669 31.21257 168.56866666666667 30.755066666666668 23.565966666666665 205.21166666666667 35.89393333333334 36.3668 139.89933333333337
MGG_17812T0 405.6666666666667 181.66666666666663 802.3333333333334 177.66666666666666 308.3333333333333 910.6666666666666 280.6666666666667 259 692.6666666666666
MGG_06454T0 1245.6666666666667 325.3333333333333 2481.6666666666665 698.3333333333334 546 3095 719.3333333333334 518 1928.3333333333333
MGG_06312T0 373.3333333333333 96 537 167 193.66666666666663 861 254.66666666666663 293.6666666666667 684
MGG_11445T0 77.91106666666667 13.541478333333334 141.90486666666666 16.7762 49.46423333333333 267.6906666666667 21.2186 89.9982 151.6063
MGG_09797T0 1711.3333333333333 310 2150.6666666666665 346.3333333333333 563.6666666666666 3729.3333333333335 475.3333333333333 778 2136.3333333333335
MGG_15408T0 62.33333333333333 11 107 4 12.666666666666666 255.66666666666663 15 20 120.66666666666669
MGG_15479T0 821.5473333333333 609.3 1380.236666666667 14.263215415333336 426.1783333333333 1657.3933333333332 202.3382 242.483 399.0278
MGG_00953T0 528.6436666666666 312.21733333333333 827.0076666666666 219.62733333333333 398.3496666666667 1100.1066666666668 277.2013333333333 456.5493333333333 573.8539999999999
MGG_05596T0 579.6666666666666 243.33333333333337 1051 169.33333333333334 428.6666666666667 1905.3333333333333 379 618 538
MGG_17824T0 132.9949 25.9327 494.772 71.8401 43.00846666666667 586.4493333333334 111.67123333333332 53.547666666666665 151.68
MGG_05946T0 452.33333333333337 94 1696 224.66666666666663 262.6666666666667 2352.6666666666665 72.33333333333333 146.66666666666666 479.6666666666667
MGG_11608T0 96 66 947 11 15 1132.3333333333333 40 7.333333333333333 278.6666666666667
MGG_08468T0 0 0.33333333333333337 11.666666666666666 0 0 16.333333333333332 0 0 3
MGG_17240T0 0 15.666666666666666 41.333333333333336 0 2.3333333333333335 84 0 1 1.3333333333333337
MGG_13662T0 0 11 262.3333333333333 0 11.333333333333334 430 0 8.666666666666666 24.333333333333332
MGG_14622T0 0 0 2.3333333333333335 0 0 4 0 0 0
MGG_00375T0 49.333333333333336 137.33333333333334 150 13 32.333333333333336 412.3333333333333 24 19 101
MGG_16784T0 64.66666666666667 2.6666666666666665 42.333333333333336 24.333333333333332 7.666666666666667 194.66666666666663 4.666666666666667 1.3333333333333333 15.666666666666666
MGG_17528T0 253.20866666666663 605.058 578.2913333333333 301.749 627.059 2183.6233333333334 80.0986 333.6843333333333 717.5823333333333
MGG_05457T0 264.51233333333334 381.74233333333336 422.96433333333334 155.43166666666667 335.353 9440.33 119.66666666666669 339.1476666666667 673.0746666666666
MGG_03529T0 250.33333333333337 158.66666666666666 375 234 139 2298 77.33333333333333 105.33333333333331 658.6666666666666
MGG_11991T0 91.33333333333331 669.6666666666666 1072.6666666666667 65.33333333333333 42 12366.666666666666 162 61.333333333333336 2122.3333333333335
MGG_04946T0 270.3333333333333 125.66666666666666 324.6666666666667 163 192.33333333333337 1321.6666666666667 11.333333333333334 52 55
MGG_04944T0 8325.666666666666 1796.6666666666667 14577.666666666666 5506.333333333333 3300.6666666666665 62245.333333333336 132 1978.3333333333333 6190.333333333333
MGG_02898T0 177.33333333333334 223.66666666666663 705.3333333333334 185.66666666666663 255.33333333333337 3264.3333333333335 116.33333333333331 214.33333333333337 396.6666666666667
MGG_05940T0 1800.6666666666667 2066 870.6666666666666 929 1059.3333333333333 4469.333333333333 744.6666666666666 908.6666666666666 1475
MGG_05790T0 13 31.333333333333332 5.333333333333333 0.6666666666666666 14.666666666666666 69 2.6666666666666665 0 5
MGG_15612T0 280.6666666666667 430 148.33333333333334 88 125.33333333333331 753.3333333333334 142.33333333333334 89 344.6666666666667
MGG_10036T0 0.33333333333333337 141 32.666666666666664 0 3 250.33333333333337 0 16 95.66666666666669
MGG_06824T0 63.333333333333336 1727 622.6666666666666 36.666666666666664 62.333333333333336 3427 47.333333333333336 87 705.6666666666666
MGG_07800T0 88.33333333333333 79.33333333333333 124.66666666666669 106 52.666666666666664 266.6666666666667 65 29 159.33333333333334
MGG_03374T0 87.33333333333333 122.66666666666669 116 95 27.333333333333332 295.6666666666667 120 17.333333333333332 215.33333333333337
MGG_02803T0 870 951.6666666666666 720.6666666666666 1067 239.66666666666663 2341.6666666666665 584.3333333333334 234.66666666666663 1666.6666666666667
MGG_06586T0 5642.6466666666665 495.24833333333333 1940.393 1782.1433333333334 2548.1800000000003 36781.4 2725.01 1780.7966666666666 22047.933333333334
MGG_01506T0 983.3333333333334 338 1273 362 1190.3333333333333 10937 471 1294.3333333333333 7231.333333333333
MGG_13563T0 1339 978.6666666666666 2608.3333333333335 195.33333333333337 4711.666666666667 76977 564 4023.3333333333335 51307.333333333336
MGG_17360T0 5.666666666666667 0.6666666666666666 3.6666666666666665 0.6666666666666667 1.3333333333333333 25.333333333333332 5.333333333333333 0.6666666666666667 10.666666666666666
MGG_01231T0 450.6666666666667 147 331.6666666666667 85 155 957.6666666666666 204 230 553.3333333333334
MGG_09649T0 279 100.33333333333331 187.33333333333337 86 145 483.3333333333333 109 166 338.3333333333333
MGG_11575T0 918 200.33333333333337 434.3333333333333 397 409.3333333333333 1571.3333333333333 372.6666666666667 371 866
MGG_06059T0 4599 271.99066666666664 1438.9046666666668 1651.869333333333 539.3806666666667 15629.533333333333 1200.4836666666667 708.3136666666667 6680.763333333333
MGG_01569T0 4138.333333333333 637 2061 2818.3333333333335 985.3333333333334 9624.333333333334 871 1000.3333333333334 5493.666666666667
MGG_15141T0 46.666666666666664 42 62.333333333333336 35.666666666666664 35.666666666666664 42.666666666666664 15.333333333333334 44.333333333333336 63.333333333333336
MGG_15104T0 184.28966666666668 123.077 225.99566666666664 100.51293333333334 124.3548 178.361 55.3659 83.02776666666666 213.09466666666663
MGG_00663T0 92.09776666666669 48.41376666666667 127.66156666666669 25.01213 61.5129 116.3383 22.551566666666663 46.271033333333335 134.4151
MGG_13226T0 395.3333333333333 241.66666666666663 855.6666666666666 374 446 750.6666666666666 206 555 829.3333333333334
MGG_07269T0 18.666666666666668 12.666666666666666 44 6.333333333333333 11.666666666666666 41 2.3333333333333335 21.333333333333332 33
MGG_17110T0 40.666666666666664 34.666666666666664 77.33333333333333 18.333333333333332 38.333333333333336 79.66666666666667 16.333333333333332 38 62
MGG_02513T0 332.919 159.82533333333333 423.1116666666667 116.83886666666666 197.97233333333332 383.85766666666666 123.36166666666666 263.56666666666666 374.028
MGG_12816T0 937.6666666666666 506 1370.3333333333333 559.3333333333334 749.3333333333334 1230.3333333333333 437.6666666666667 984.3333333333334 1099.6666666666667
MGG_17139T0 11 10 6.666666666666667 2 7 9.666666666666666 8.666666666666666 9.333333333333334 14.666666666666666
MGG_03582T0 1473.6133333333332 1026.5986666666668 814.1146666666667 462.41866666666664 751.4663333333333 1638.05 1000.5733333333332 1242.5103333333334 1686.4066666666668
MGG_05655T0 4.333333333333333 2.3333333333333335 1.6666666666666663 0 3.333333333333333 6.666666666666667 2.6666666666666665 5.666666666666667 8
MGG_13610T0 1272.3333333333333 951.3333333333334 666 358.3333333333333 1093.6666666666667 1761 888 1201 2552.6666666666665
MGG_14216T0 9.333333333333334 4 5.666666666666667 0 16 43.666666666666664 8 25 29
MGG_10887T0 735.1976666666667 678.0976666666667 699.0016666666667 183 444.401 1097.0633333333333 321.38533333333334 610.7953333333334 797.116
MGG_15052T0 7.333333333333333 7.333333333333333 4.666666666666667 2.3333333333333335 2.6666666666666665 13.333333333333334 1 3.6666666666666665 12.666666666666666
MGG_17965T0 14.333333333333334 13 16.333333333333332 5.333333333333333 6.666666666666667 23 2.6666666666666665 7.333333333333333 19.666666666666668
MGG_08021T0 154 415.3333333333333 693 61.333333333333336 441.6666666666667 788.6666666666666 119.33333333333331 396 1290.3333333333333
MGG_07118T0 4.333333333333333 2.666666666666667 9.333333333333334 0 7 13.666666666666666 5 8 20
MGG_07402T0 1135.6666666666667 689.6666666666666 1948.6666666666667 273.3333333333333 1292.3333333333333 3260.6666666666665 396.6666666666667 1224.6666666666667 4179.333333333333
MGG_00738T0 86.66666666666667 142.33333333333334 221 19.333333333333332 280.6666666666667 544.3333333333334 20.666666666666668 227 717.3333333333334
MGG_16390T0 585.0826666666667 306.97433333333333 395.38666666666666 215.46966666666668 389.606 1017.64 219.12633333333332 324.475 1055.804666666667
MGG_04495T0 1489 492.6666666666667 983.6666666666666 681 918.6666666666666 1916.3333333333333 565.6666666666666 887 2058
MGG_07009T0 349.428 151.507 296.08966666666663 179.83366666666666 254.70766666666665 543.042 179.61466666666666 319.1053333333333 522.1096666666666
MGG_16331T0 24.604773333333338 20.1468 25.4653 34.97246666666666 4.59856 98.33853333333332 39.55343333333333 8.399656666666667 132.04526666666666
MGG_01404T0 1452 264.3333333333333 1503.6666666666667 351 568.6666666666666 2889.3333333333335 869.6666666666666 1044.6666666666667 3613
MGG_02570T0 436 54.666666666666664 498.6666666666667 123.33333333333331 104.33333333333331 865.3333333333334 245.66666666666663 185.66666666666663 1048
MGG_08983T0 233.66666666666663 58 433.6666666666667 94.66666666666669 71 1322.6666666666667 208 119 1969.6666666666667
MGG_17771T0 2 18 92.33333333333331 2.3333333333333335 1 481.3333333333333 3.666666666666667 3.666666666666667 595
MGG_02275T0 28.666666666666668 27 325 4.333333333333333 24.666666666666668 687.6666666666666 15.666666666666666 18 894
MGG_04962T0 94.66666666666669 29.333333333333332 840 12.333333333333334 91 1861.6666666666667 36 94.33333333333331 1794.3333333333333
MGG_02451T0 599 95.66666666666669 944.3333333333334 184.66666666666663 261 2295 154.33333333333334 453 2432.3333333333335
MGG_11927T0 16.333333333333332 8 56 6.333333333333333 14 161.66666666666666 1.3333333333333333 16.666666666666668 170.66666666666666
MGG_04251T0 1071.6666666666667 754.3333333333334 1290 1271.6666666666667 1626 1983.6666666666667 828.3333333333334 328 1151.6666666666667
MGG_07761T0 966.3333333333334 195.66666666666663 724.3333333333334 723 239.66666666666663 901 344.6666666666667 230.33333333333337 358
MGG_17300T0 37 6 25.091366666666666 16.666666666666668 6.512466666666667 34.333333333333336 7.333333333333333 11.556423333333331 16.333333333333332
MGG_16617T0 5.666666666666667 0.33333333333333337 2.333333333333333 2.6668066666666665 2.3335433333333335 6.333633333333333 0.6666666666666667 2.0000766666666667 1.6667333333333334
MGG_15558T0 1.3333333333333333 0 0 0 0 2 0 0 0
MGG_00684T0 185.33333333333337 148 44.333333333333336 161.33333333333334 46.666666666666664 211 56.333333333333336 29.666666666666668 79.33333333333333
MGG_00352T0 1211.6666666666667 766.6666666666666 1338.3333333333333 3329.3333333333335 1189.3333333333333 3912.3333333333335 650.3333333333334 1092 1055.3333333333333
MGG_10659T0 3333.3333333333335 1019.6666666666666 1435.3333333333333 3034.6666666666665 1038.3333333333333 3959 1200 972.3333333333334 1360.3333333333333
MGG_15129T0 95.33333333333331 39 39 129.66666666666666 64.66666666666667 113 48.333333333333336 55.666666666666664 60
MGG_14847T0 5450.333333333333 6081 8727 5673 5683.666666666667 5476.666666666667 7340.666666666667 4420.333333333333 3290.3333333333335
MGG_05020T0 1015 411 861 216.66666666666663 437.6666666666667 931 331 603.6666666666666 602
MGG_16408T0 1182.3383333333334 267.842 1051.496666666667 221.854 435.0733333333333 707.2053333333333 212.26233333333332 562.3986666666667 456.6186666666667
MGG_04712T0 1249.476 485.221 1695.6633333333334 354.87533333333334 753.8933333333333 913.246 511.2533333333334 741.221 851.0433333333333
MGG_05252T0 1906.4483333333333 808.0573333333333 2607.57 565.4356666666666 1381.8633333333332 1734.24 643.2153333333333 1789.4833333333331 1329.4246666666668
MGG_01631T0 5592.6900000000005 2706.8966666666665 9007.273333333333 2413.39 5441.16 6066.2266666666665 2493.5133333333333 6428.776666666667 5056.796666666667
MGG_12174T0 5728.666666666667 3589.3333333333335 5224.666666666667 2339 3974.3333333333335 3633 2472 5270 5456
MGG_12505T0 10.333333333333334 0.33333333333333337 10.333333333333334 0.33333333333333337 3 4.333333333333333 1 7.666666666666667 5.666666666666667
MGG_06508T0 636.807 262.049 519.1653333333334 230.79633333333337 402.564 365.283 276.657 496.405 497.08833333333337
MGG_02822T0 3210.95 2241.4466666666667 3499.576666666667 2126.09 2648.6266666666666 1705.3033333333333 2296.5733333333333 2770.616666666667 2562.193333333333
MGG_16997T0 1005.039 463.963 1323.4333333333334 473.99566666666664 691.2113333333334 631.557 555.566 990.511 1043.965
MGG_16800T0 12.333333333333334 4 20.666666666666668 0.33333333333333337 4.333333333333333 1.3333333333333333 5 11.666666666666666 9.333333333333334
MGG_06469T0 1700.6666666666667 2732 3013.6666666666665 2909.4766666666665 2674.6766666666667 1982.4466666666667 2920.79 2831.43 1159.2766666666666
MGG_05206T0 2321.016666666667 5406.466666666667 6071.533333333334 4915.1866666666665 4756.423333333333 3474.0633333333335 4024.5533333333337 4826.456666666667 2435.746666666667
MGG_03319T0 2991.5633333333335 4344.696666666667 5819.963333333333 4756.206666666667 5053.493333333334 4045.82 4808.506666666666 5850.086666666667 3189.1766666666667
MGG_03253T0 2434 4375.666666666667 5744.333333333333 4385 5473.333333333333 2730.3333333333335 5134.333333333333 5670.666666666667 2605.3333333333335
MGG_07291T0 3135.7 4402.886666666667 5933.666666666667 3899.6666666666665 4887.82 2961.41 4857.333333333333 4982.263333333333 2891.193333333333
MGG_04366T0 1624 4737.666666666667 7071.666666666667 3665 6991.333333333333 3653 4581.333333333333 7100 2562
MGG_04703T0 1095.3333333333333 4256.333333333333 5668.333333333333 2699.6666666666665 5060.333333333333 2654.3333333333335 1843.6666666666667 6019.666666666667 2073
MGG_13220T1 2454.526666666666 5585.536666666667 8547.89 4296.9 6539.403333333334 3297.1866666666665 3733.736666666666 7658.526666666667 2376.48
MGG_00514T0 4155.333333333333 10897.666666666666 17046.666666666668 7424 12500.333333333334 6367.333333333333 8672 12725.333333333334 8123.666666666667
MGG_11773T0 1071 1770.6666666666667 2794 1900.3333333333333 2427 1574.6666666666667 2043 2299.3333333333335 1603.6666666666667
MGG_04325T0 17502.6 23060.066666666666 32478.466666666667 16673.3 18913.266666666663 17411.133333333335 20897.633333333335 21826.666666666668 16048.833333333334
MGG_02941T0 1590.6666666666667 2435.6666666666665 3894.6666666666665 1808.6666666666667 2174.3333333333335 1976 2491.3333333333335 2953 1988
MGG_11908T0 760.3333333333334 875.3333333333334 1368 504.3333333333333 842 676.6666666666666 672.6666666666666 857.6666666666666 561
MGG_01206T0 1509.3333333333333 2457 3678.6666666666665 1644.3333333333333 2580 1715 1927.3333333333333 1999.6666666666667 1208
MGG_16391T0 1.6666666666666663 6 9.666666666666666 3.3333333333333335 5.333333333333333 3 3.3333333333333335 5.666666666666667 0.6666666666666667
MGG_09160T0 1263.3333333333333 4171 5287.666666666667 1684.6666666666667 2606.6666666666665 1634 1425 1031.6666666666667 2128.3333333333335
MGG_16344T0 0 1.3333333333333337 2.3333333333333335 0.6666666666666667 1 0.33333333333333337 0 0.33333333333333337 0
MGG_04756T0 221.66666666666663 629 1080 366.6666666666667 777.6666666666666 620.394 412 307.6666666666667 265.3333333333333
MGG_00743T0 178 263.3333333333333 557 44 329.6666666666667 169.33333333333334 81.66666666666667 149 82.66666666666667
MGG_03233T0 168 444.6666666666667 747.92 236.47833333333332 619 328.3333333333333 233.81066666666663 259 295.3333333333333
MGG_14002T0 44.666666666666664 260 609.6666666666666 13.333333333333334 301.6666666666667 162.33333333333334 14.333333333333334 81.33333333333333 92.33333333333331
MGG_10102T0 5.333333333333333 37 94.33333333333331 16 51 16 2.6666666666666665 17.666666666666668 13.666666666666666
MGG_12354T0 193.1076 207.33066666666667 411.49833333333333 59.90303333333333 345.91966666666667 173.49133333333333 82.16130000000001 261.798 337.939
MGG_13029T0 137.605 158.35833333333332 344.525 108 271.2146666666667 155.346 175.16933333333333 192.17966666666663 245.677
MGG_04502T0 313 881 1221.3333333333333 275 978.3333333333334 481.3333333333333 527.3333333333334 909 800.3333333333334
MGG_08855T0 599.6666666666666 3917 4465.666666666667 648.3333333333334 4291.333333333333 2043.6666666666667 661 2899.6666666666665 3662
MGG_00384T0 288 2114.6666666666665 2116.6666666666665 751.6666666666666 2505 950.6666666666666 639.3333333333334 1669.6666666666667 1572.6666666666667
MGG_05261T0 938 3368.3333333333335 3703.6666666666665 2188.6666666666665 3245 2565.6666666666665 1154.6666666666667 3437.3333333333335 1828
MGG_06959T0 149 712.3333333333334 1155.3333333333333 250 929.3333333333334 408 255.66666666666663 725 322.3333333333333
MGG_07087T0 302 1713.6666666666667 2955.3333333333335 679.6666666666666 2269.3333333333335 1017.6666666666666 647 1708.3333333333333 666.3333333333334
MGG_06260T0 30.666666666666668 511.3333333333333 830 29 791.3333333333334 284 57 524.6666666666666 164.33333333333334
MGG_00837T0 996.3333333333334 2694.6666666666665 3558 901.3333333333334 4062 1620.3333333333333 761.3333333333334 2411.6 1471
MGG_15295T0 362.6666666666667 747 1893.3333333333333 455.3333333333333 1485.6666666666667 603.6666666666666 469.3333333333333 1519 773.3333333333334
MGG_00928T0 1151.6666666666667 5413.333333333333 8688.666666666666 1646 7770.666666666667 3954 1972.3333333333333 7892 3467.6666666666665
MGG_00834T0 206.01866666666663 450.6666666666667 672.3333333333334 247.159 575.8796666666667 412.1793333333333 297 520 386.1313333333333
MGG_10306T0 2477.3333333333335 2094.3333333333335 4481.333333333333 1429 4219 1943.3333333333333 1636.3333333333333 3972.6666666666665 2709.6666666666665
MGG_12611T0 124.33333333333331 189.66666666666663 290 66.33333333333333 400 123.66666666666669 66.33333333333333 266 157.66666666666666
MGG_06198T0 274.3333333333333 873.6666666666666 2854.3333333333335 78.66666666666667 2006 1549 148.66666666666666 2536 1701
MGG_12139T0 875 1285.3333333333333 2346 712.3333333333334 1853.6666666666667 1517.6666666666667 706.3333333333334 2392.3333333333335 1284.6666666666667
MGG_06651T0 546.9253333333334 1355.17 3055.3333333333335 770.1576666666666 2438.3966666666665 1673.3633333333332 729 2546.4966666666664 1070.6666666666667
MGG_14676T0 984.6666666666666 1989.3333333333333 6622.333333333333 1031 4936 3862.3333333333335 747 5881.333333333333 1767.3333333333333
MGG_05263T0 641.3333333333334 741 1587.3333333333333 450 1293 630.6666666666666 830.3333333333334 1594.3333333333333 970.6666666666666
MGG_09934T0 2.4963733333333336 19.517666666666667 40.0647 5.88103 29.363733333333332 11.72175 7.632586666666667 41.2178 24.23196666666667
MGG_05163T0 0 2 5.666666666666667 1.6666666666666667 2.6666666666666665 4 1.3333333333333333 5 0.6666666666666667
MGG_12897T0 284 453.6666666666667 1135 209.66666666666663 669.6666666666666 495.6666666666667 113 677.3333333333334 263.3333333333333
MGG_15647T0 6.333333333333333 20.333333333333332 78.66666666666667 16.666666666666668 44.333333333333336 24.666666666666668 13.333333333333334 41.333333333333336 5
MGG_02665T0 447 456.6666666666667 1686.6666666666667 576 810 626.6666666666666 406.3333333333333 942 969
MGG_14663T0 105 103.66666666666669 538.6666666666666 94.66666666666669 193 184 70.33333333333333 233.33333333333337 209.66666666666663
MGG_06643T0 3804.3333333333335 8762.333333333334 38675.333333333336 6326.333333333333 15233.666666666666 7936 7295.333333333333 18996.666666666668 10276.333333333334
MGG_16752T0 58.69746666666667 124.79463333333334 490.294 13.448256666666667 231.156 96.53226666666666 25.458219999999997 186.972 160.53199999999998
MGG_00199T0 417 3262.6666666666665 15420.866666666669 764.9676666666667 6703.6466666666665 5660.876666666667 525.3333333333334 9685.99 4234.433333333333
MGG_08871T0 142 391.3333333333333 1309.3333333333333 231.66666666666663 662 516.6666666666666 184 636.6666666666666 391.3333333333333
MGG_07068T0 254.88 855.7173333333333 3148.1266666666666 287.84833333333336 1279.900666666667 1545.9766666666667 343.69966666666664 1545.58 1132.0806666666667
MGG_07771T0 1473.84 1764.32 5185.806666666666 1586.253333333333 2511 2300.1366666666668 1938.9166666666663 3912.516666666667 2448.7566666666667
MGG_03498T0 118.2423 174.16033333333334 518.5163333333333 184.789 220.19966666666667 265.488 197.28933333333333 329.5386666666667 235.317
MGG_01195T0 56.666666666666664 46.666666666666664 106 35.333333333333336 66 60 17.333333333333332 99.66666666666669 40
MGG_11147T0 38.333333333333336 31.666666666666668 134.66666666666666 14.666666666666666 44 27.333333333333332 8.333333333333334 58.666666666666664 30.333333333333332
MGG_16054T0 139 122.33333333333331 337.3333333333333 70.66666666666667 174.66666666666666 133.33333333333334 97.66666666666669 222.33333333333337 151.33333333333334
MGG_15747T0 51 64 131.33333333333334 25.333333333333332 69 52.333333333333336 27 93.66666666666669 51
MGG_07309T0 1817.9573333333333 2254.633333333333 3525.883333333333 1804.78 2395.56 1823.47 1606.1933333333334 3197.16 1837.64
MGG_04827T0 2878 2885.6666666666665 4420 1899 3403 2325.3333333333335 2473 3780.3333333333335 2536
MGG_17976T0 1793 2422.6666666666665 3376.3333333333335 2797.6666666666665 1692 2357.6666666666665 3198.3333333333335 1353 3530.3333333333335
MGG_06620T0 115.66666666666669 10.666666666666666 370 148 16 162 334.6666666666667 30 317.6666666666667
MGG_08290T0 64.76513333333334 107.61786666666669 304.2943333333333 156.44833333333332 28.985433333333333 217.709 300.08166666666665 52.58586666666667 304.4186666666667
MGG_15982T0 106.04682118 124.438 208.153 126.13660344666668 14.199517480666668 32.55101425509133 155.39166666666668 60.53393333333333 220.457
MGG_01048T0 568.5086666666667 801.6396666666667 923.387 828 444.4986666666667 516.794 788.6246666666667 483.0036666666667 1018.6623333333332
MGG_10956T0 12 30.666666666666668 41.666666666666664 11 7.333333333333333 12.666666666666666 30.333333333333332 8.666666666666666 32.666666666666664
MGG_09181T0 990.6666666666666 1157 1380.6666666666667 863 560.3333333333334 999.6666666666666 1546 670 1379.6666666666667
MGG_03037T0 1.6666666666666663 2.3333333333333335 6.666666666666667 2 1.6666666666666663 0 2.6666666666666665 0.6666666666666666 5.333333333333333
MGG_06578T0 233.33333333333337 720 1461 453.6666666666667 533.6666666666666 423.6666666666667 507.3333333333333 90.66666666666669 957.6666666666666
MGG_07270T0 2641.6666666666665 4638 6410 4082.6666666666665 491.6666666666667 2862.3333333333335 1878.3333333333333 777.6666666666666 4401.666666666667
MGG_01213T0 57 59.666666666666664 82.66666666666667 62.666666666666664 43.333333333333336 57.333333333333336 56 22 78.33333333333333
MGG_01893T0 712.728 811.3383333333334 1232.4633333333334 808.8666666666667 686.161 987.9256666666666 842.01 449.23 926.7723333333332
MGG_04404T0 10.666666666666668 7.333333333333334 25.666666666666668 5.666666666666667 0.33333333333333337 8.666666666666666 0 0 0
MGG_16463T0 99.33333333333331 71 142 110 41.666666666666664 80.66666666666667 61.666666666666664 41.333333333333336 75
MGG_05501T0 10 9.666666666666666 22 10 1 7.333333333333334 4.666666666666667 0 7
MGG_16064T0 504.899 284.89433333333335 475.2316666666667 293.7436666666666 299.1743333333333 317.10133333333334 96.04333333333334 207.82033333333337 249.06433333333337
MGG_15665T0 26.666666666666668 13 34.666666666666664 23.333333333333332 13.333333333333334 23 4.666666666666667 4.333333333333333 7.333333333333333
MGG_13656T0 33958 7432 34936.333333333336 23124.333333333332 5207.666666666667 5737 18538 6587.666666666667 4784
MGG_13471T0 5555.223333333333 574.2866666666666 8022.766666666666 3000.49 992.4686666666666 2461.5466666666666 2456.2 919.489 1079.7296666666666
MGG_09402T0 597.6666666666666 50 755.3333333333334 369.6666666666667 62.666666666666664 177 59.666666666666664 22.333333333333332 4
MGG_17208T0 2.666666666666667 0 3.3333333333333335 1.6666666666666667 0 0 0.33333333333333337 0 0
MGG_06519T0 1330.3333333333333 784.6666666666666 1520.6666666666667 1195 842.3333333333334 985 1259 1301.3333333333333 866.6666666666666
MGG_06769T0 6756.666666666666 4104 6562 3473.3333333333335 3556.3333333333335 3967 5430.666666666667 4436.333333333333 2979
MGG_06534T0 11086.666666666666 4395.666666666667 13198.666666666666 6127 4107.666666666667 4503 8798.333333333334 6908.666666666667 4231
MGG_06302T0 9203 3597 9813.333333333334 5571.61 3592.6666666666665 5634 7776 4673.91 2769
MGG_16801T0 28 19 34 9.333333333333334 15 8.333333333333334 14.333333333333334 11.333333333333334 14.666666666666666
MGG_15626T0 2 2 5 0.6666666666666667 1 0 0.6666666666666667 0 1
MGG_13309T0 15.333333333333334 1.3333333333333333 16.333333333333332 4.333333333333333 1.3333333333333333 0.33333333333333337 7 6 6.333333333333334
MGG_01916T0 253.33333333333337 150.66666666666666 322.3333333333333 150 128.66666666666666 147 197 181.33333333333337 193.66666666666663
MGG_18120T0 5 3 11.333333333333334 0.6666666666666666 1.6666666666666667 2.3333333333333335 3.3333333333333335 2.6666666666666665 4.333333333333333
MGG_15814T0 19392.666666666668 9333.666666666666 29745 9290.666666666666 11204.666666666666 11602.333333333334 12932 13083 9814.333333333334
MGG_00548T0 4090.9833333333336 1613.246666666667 6604.72 1834.895 1774.8133333333333 2616.173333333333 1870.99 2418.223333333334 2137.3633333333332
MGG_07901T0 67.6048 21.433543333333333 127.4844 19.60061 1.9924366666666664 9.58935 9.459556666666666 0 26.706333333333333
MGG_02210T0 198.33333333333331 44 258.6666666666667 4.666666666666667 0.6666666666666667 12 0.6666666666666667 0 2.3333333333333335
MGG_10685T0 2623 1060 2765.6666666666665 499.3333333333333 1751.3333333333333 2201.6666666666665 1959 1098.3333333333333 1601
MGG_17844T0 151.33333333333334 1.3333333333333333 116 22 3 39.666666666666664 44.333333333333336 2 29.333333333333332
MGG_15228T0 44.333333333333336 11.333333333333334 43.666666666666664 13.666666666666668 4.333333333333333 21 20.666666666666668 2.3333333333333335 19.333333333333332
MGG_11542T0 1039 592 1114 367 442.6666666666667 621.6666666666666 588 378.3333333333333 541.6666666666666
MGG_09794T0 83.66666666666667 30.666666666666668 78.33333333333333 24.333333333333332 10.333333333333334 37.666666666666664 31 13.333333333333334 20.666666666666668
MGG_12137T0 2577.65 1514.32 2628.0666666666666 1422.7166666666667 1198.9066666666668 2219.4766666666665 1233.191 1393.6133333333332 1581.7
MGG_05504T0 13.333333333333332 0.6666666666666666 11 1.6666666666666667 1.6666666666666663 8 0.6666666666666666 0.6666666666666667 4.333333333333333
MGG_15207T0 282.3333333333333 27.333333333333332 368.6666666666667 66.33333333333333 8.333333333333334 224.66666666666663 58 13.666666666666666 103.33333333333331
MGG_06520T0 592 33.333333333333336 768.3333333333334 183.33333333333337 49.666666666666664 521.3333333333334 258.6666666666667 78.33333333333333 206.33333333333337
MGG_07085T0 1378.6666666666667 422 2115.3333333333335 642.6666666666666 554 1188.6666666666667 674.6666666666666 455 1149
MGG_04092T0 2954.3333333333335 262.3333333333333 4258.666666666667 976.3333333333334 625 2266.6666666666665 1254 729.6666666666666 1618
MGG_08915T0 47.333333333333336 17.333333333333332 112.33333333333331 58 50.333333333333336 51.333333333333336 53.333333333333336 84.66666666666667 85.66666666666667
MGG_00897T0 0 0.33333333333333337 3.3333333333333335 0.6666666666666666 1 0 1.6666666666666663 0 1.3333333333333333
MGG_09551T0 4776.633333333333 7416.946666666667 13618.4 8030.793333333333 7893.043333333333 5734.483333333334 9190.053333333331 7310.093333333333 6428.37
MGG_14499T0 0.33333333333333337 1 4.666666666666667 1 1.6666666666666667 0 1.6666666666666663 1.3333333333333337 1
MGG_06971T0 5503 4889.666666666667 15722.666666666666 12408.666666666666 8536 5143 6444 11633 4730.333333333333
MGG_03863T0 777.6666666666666 367 1411.6666666666667 904.6666666666666 753.3333333333334 658.6666666666666 537.6666666666666 1077.3333333333333 541.6666666666666
MGG_16263T0 7 2.3333333333333335 26 14.666666666666666 13.666666666666666 12.333333333333334 9.333333333333334 16.333333333333332 9.333333333333334
MGG_02088T0 2742.42 2885.3533333333335 7175.4766666666665 3878.69 4047.1033333333335 3907.4166666666665 4382.2266666666665 4984.783333333333 3453.38
MGG_14806T0 1362.3333333333333 1324.6666666666667 4293.333333333333 2468.3333333333335 2055 2533.3333333333335 2064 2432.6666666666665 1967.6666666666667
MGG_03230T0 173.66666666666666 273.6666666666667 1202 524.6666666666666 570 568.6666666666666 572.6666666666666 563.3333333333334 554
MGG_16444T0 1398 1465 4664 2695 2226.6666666666665 2540.6666666666665 2953 2697 2441
MGG_06848T0 1250.6666666666667 1476.6666666666667 2873.6666666666665 2087.3333333333335 1652.6666666666667 1951 2198 2273 1340.3333333333333
MGG_04037T0 1304 1670.6666666666667 3886.3333333333335 3213 2541 2019.6666666666667 2830.3333333333335 2865 1973.3333333333333
MGG_09255T0 990.6666666666666 1266.6666666666667 3342 2223.3333333333335 2419 1619.6666666666667 2496.6666666666665 3011 1335.6666666666667
MGG_04680T0 879 1046.6666666666667 2524.3333333333335 1631.3333333333333 1748 1192.6666666666667 1838 2238.3333333333335 1365.3333333333333
MGG_17349T0 0 0 4.333333333333333 0.33333333333333337 0.33333333333333337 3.6666666666666665 2.3333333333333335 1.3333333333333337 0
MGG_05451T0 3758.6666666666665 2942.3333333333335 8191 2644.6666666666665 4832.333333333333 6492.333333333333 3653 5452.666666666667 4065.6666666666665
MGG_03455T0 712.3333333333334 639.6666666666666 1964 788.6666666666666 1040 1525.6666666666667 1256.3333333333333 1582 1056
MGG_14949T0 150.66666666666666 82.66666666666667 281.3333333333333 150.33333333333334 173.33333333333334 212.66666666666663 194.33333333333337 206.66666666666663 159.66666666666666
MGG_06303T0 1108.6666666666667 723.3333333333334 1902.3333333333333 1425.3333333333333 780.6666666666666 922 1570 1118.3333333333333 1062.6666666666667
MGG_13935T0 1592 2036.6666666666667 6919.666666666667 2561 1589 2160 4033.6666666666665 1795 1354.6666666666667
MGG_06559T0 16755 11998 29665.666666666668 16603.666666666668 13004.633333333331 12559.333333333334 21912 14088.666666666666 12215.333333333334
MGG_09337T0 13354.333333333334 8123.666666666667 37472.666666666664 14432 10065.666666666666 11953 22619 10957 7891.663333333333
MGG_02835T0 4734.123333333333 2851.0433333333335 11150.986666666666 5286.7733333333335 4124.973333333333 4305.323333333334 6619.496666666667 4187.83 3849.99
MGG_16260T0 97.33333333333331 71.66666666666667 159.33333333333334 88.33333333333333 80 93 140.66666666666666 89.33333333333333 72.33333333333333
MGG_09196T0 15.333333333333334 3.6666666666666665 37.333333333333336 15 4.666666666666667 7.333333333333333 31.333333333333332 16 6.333333333333333
MGG_04978T0 7675 4805.333333333333 11892.666666666666 7584.333333333333 5988.333333333333 6686.666666666667 10167.333333333334 7545.666666666667 6743.666666666667
MGG_01029T0 966.6666666666666 782.3333333333334 8211 4245 671 1198.3333333333333 4726.666666666667 888.3333333333334 986.6666666666666
MGG_11039T0 1274.3333333333333 894.6666666666666 7941.666666666667 4635 1251.6666666666667 2885.3333333333335 4181 1686.3333333333333 1689
MGG_15784T0 12.666666666666666 2.6666666666666665 39 28.333333333333332 3.6666666666666665 9.333333333333334 19.333333333333332 5.333333333333333 2
MGG_08804T0 692 661.3333333333334 1214.3333333333333 1024.3333333333333 596.3333333333334 654.6666666666666 840 494.3333333333333 631
MGG_10710T0 1647.3333333333333 327.3333333333333 3740.3333333333335 2243.3333333333335 345 1643 2927.6666666666665 466 1627
MGG_03507T0 61.666666666666664 24.333333333333332 129 96.66666666666669 36 61 65.66666666666667 31.666666666666668 50
MGG_07193T0 1835 731 3104.3333333333335 2534.6666666666665 944.3333333333334 2144.6666666666665 2216.6666666666665 1074.6666666666667 1637
MGG_06073T0 540 352 1042.3333333333333 710 411 675 690.6666666666666 465 533.6666666666666
MGG_08619T0 177.66666666666666 16.333333333333332 414 76 31.333333333333332 314.3333333333333 212.66666666666663 52 225.66666666666663
MGG_04067T0 3635.6666666666665 1458.3333333333333 4390.333333333333 2453.6666666666665 572 3299.3333333333335 3438.6666666666665 960.3333333333334 3795.3333333333335
MGG_10662T0 1500 610 2476.3333333333335 1177.236666666667 260.3333333333333 1619 1692.3333333333333 367.3333333333333 1566.6666666666667
MGG_00785T0 22299.666666666668 5499.333333333333 39183.333333333336 23101.666666666668 6671 14478.666666666666 18147.333333333332 7473.333333333333 25264
MGG_08556T0 7591.666666666667 3443.3333333333335 8885 6348 2040.6666666666667 4193 7178 3172 7676.333333333333
MGG_09481T0 6190.666666666667 1082.3333333333333 11388.666666666666 5963.666666666667 2109.3333333333335 5247 5594 3089 5254
MGG_06858T0 1330.6666666666667 338.3333333333333 3259.6666666666665 1455 617 1012.6666666666666 1804 936.3333333333334 1245
MGG_01546T0 507 192.66666666666663 887 461.3333333333333 286 368 538 245 348
MGG_16856T0 4659.666666666667 870 10477 3966.6666666666665 1308.6666666666667 3340.3333333333335 5176.333333333333 1339 3456.6666666666665
MGG_00049T0 2255 578 5071 1892.6666666666667 620.3333333333334 1906.3333333333333 2261 838 1822.6666666666667
MGG_10562T0 3726.3333333333335 1219.6666666666667 9173.333333333334 2685.6666666666665 1661 2775 4198 2948.3333333333335 3414.6666666666665
MGG_07632T0 37.91266666666667 0.3352233333333333 93.73483333333331 12.786763333333331 3.3387133333333336 6.75528 49.0788 6.040496666666667 32.41746666666667
MGG_14966T0 729.6666666666666 225 1547.3333333333333 416.33333333333337 109 411.33333333333337 824.6666666666666 327.6666666666667 478.3333333333333
MGG_16704T0 535.3333333333334 127.66666666666669 741.3333333333334 222 30.666666666666668 100 292.6666666666667 49 369.6666666666667
MGG_18112T1 14.740866666666667 2.8573466666666665 25.730533333333337 8.820533333333334 2 1.1439066666666666 7.01788 2 13.162916666666666
MGG_02632T0 1977.6233333333332 848.8546666666667 3799.5833333333335 783.6516666666666 630.0253333333333 949.7866666666666 1399.7233333333334 468.662 1753.24
MGG_07633T0 1622.09 113.33133333333332 3293.2633333333333 666.2133333333334 194.66126666666668 623.2446666666667 1299.5873333333334 371.95966666666664 1528.58
MGG_14042T0 36.666666666666664 4 80 16 0.6666666666666667 8.333333333333334 29.333333333333332 1.3333333333333337 30.333333333333332
MGG_05849T0 1540 739 4008.6666666666665 1335 231 752 1333.3333333333333 308.3333333333333 2012.6666666666667
MGG_13132T0 33.666666666666664 10.333333333333334 70.33333333333333 20 8 18.666666666666668 16 3.666666666666667 34.333333333333336
MGG_10853T0 1233.5496666666668 663.6466666666666 3037.2066666666665 1033.753333333333 323.53933333333333 980.794 1260.9466666666667 258.889 2136.746666666667
MGG_09979T0 106.001 31.781 330.2776666666667 49.8854 28.520766666666667 82.03846666666666 105.5676 33.75846666666666 196.301
MGG_08786T0 36 16.666666666666668 124.33333333333331 21 8.333333333333334 41.666666666666664 40 10.333333333333334 69.66666666666667
MGG_02244T1 374.6716666666667 81.36166666666666 1189.6363333333334 264.22266666666667 51.6888 452.7946666666666 344.1816666666667 48.666666666666664 513.4526666666667
MGG_16859T0 12.666666666666666 6 41.666666666666664 12 4 13.666666666666666 14 2.3333333333333335 20
MGG_00461T0 60.333333333333336 21 159.66666666666666 21.333333333333332 7.333333333333333 60.333333333333336 51.333333333333336 7.666666666666667 72.66666666666667
MGG_07574T0 58 19.333333333333332 133 18.666666666666668 21 49.666666666666664 48.333333333333336 18.333333333333332 55
MGG_00058T0 311.3333333333333 145 469 213.33333333333337 192 231.33333333333337 259 232 292.6666666666667
MGG_08597T0 4632 534 7690.666666666667 1991.3333333333333 1522.3333333333333 2848 3647.3333333333335 2379.6666666666665 4044.3333333333335
MGG_02102T0 106.33333333333331 5.666666666666667 184 34.333333333333336 15.333333333333334 68.66666666666667 77.66666666666667 38 96
MGG_04426T0 3343.6666666666665 371.3333333333333 4982 1375.6666666666667 656.3333333333334 1766.3333333333333 1496 996 2569
MGG_01865T0 344 63.666666666666664 649.3333333333334 154 90 244.66666666666663 209.33333333333337 83.33333333333333 300.6666666666667
MGG_00435T0 216 63.333333333333336 348.3333333333333 86.66666666666667 64 148.33333333333334 119.33333333333331 77.33333333333333 195.33333333333337
MGG_16966T0 232.66666666666663 22 339 98 46.333333333333336 172.66666666666666 215.33333333333337 99.66666666666669 246.66666666666663
MGG_01918T0 272.6666666666667 39.333333333333336 428 127 69.33333333333333 175.33333333333334 204.33333333333337 119.66666666666669 298
MGG_06636T0 1052.6666666666667 110.33333333333331 2007 613.3333333333334 227.66666666666663 771 797.3333333333334 242.66666666666663 1284.6666666666667
MGG_00274T0 1835.1933333333336 691.9110000000001 2819.4633333333336 1390.486666666667 542.0236666666667 1354.753333333333 1469.0666666666666 659.836 1925.6733333333336
MGG_05702T0 1476.484 270.1363333333333 2816.1 1171.9923333333334 317.2973333333333 1197.7746666666667 1340.9833333333331 353.72433333333333 1695.5333333333333
MGG_08568T0 368 34.333333333333336 798 229 55.333333333333336 299.6666666666667 405.3333333333333 114.66666666666669 458.6666666666667
MGG_09541T0 322 51.666666666666664 741 168.33333333333334 36.666666666666664 234 327.3333333333333 41.666666666666664 502.3333333333333
MGG_02632T1 2247.05 1212.5433333333333 4616.84 1604.7333333333331 964.8123333333334 2161.5133333333333 2835.2133333333336 1079.985 3180.06
MGG_07653T0 7.666666666666666 8.333333333333334 28.666666666666668 1.3333333333333333 3.666666666666667 2.6666666666666665 22 7 11
MGG_11633T0 604.6666666666666 162.66666666666666 2737 853 203.66666666666663 568 2415.3333333333335 304 841.3333333333334
MGG_05025T0 703 271.3333333333333 4202.333333333333 1481 396.3333333333333 1753.6666666666667 2906 579 1440.6666666666667
MGG_00431T0 1897.3333333333333 1027.3333333333333 7686.333333333333 2552 545.6666666666666 4640.666666666667 6961 706 3714
MGG_07423T0 1030 347 4808.666666666667 1869.6666666666667 196 963.6666666666666 1870.3333333333333 248.66666666666663 2528.3333333333335
MGG_08795T0 946.3333333333334 1010.6666666666666 3812.6666666666665 1676.3333333333333 375.6666666666667 846.6666666666666 2001.6666666666667 553 1877.6666666666667
MGG_07937T0 231 125 874.3333333333334 106.33333333333331 63.333333333333336 333.98333333333335 531.3333333333334 134 578.9626666666667
MGG_03995T0 110.33333333333331 43.333333333333336 626.3333333333334 209 109 155 383.6666666666667 162 401
MGG_04187T0 407.6646666666667 282.4096666666667 1291.4366666666667 486.5686666666667 411.036 508.5023333333333 689.458 375.73133333333334 655.0459999999999
MGG_13647T0 648 432.3333333333333 3706.6666666666665 936.6666666666666 275.3333333333333 1484 1992 267.6666666666667 1836
MGG_06155T0 178.33333333333334 33.666666666666664 350.3333333333333 119.66666666666669 80 157.66666666666666 377.6666666666667 173.66666666666666 317.3333333333333
MGG_17280T0 661.6666666666666 547 1019 691.3333333333334 360.6666666666667 396.6666666666667 918 405 809
MGG_11487T0 64 12 138.66666666666666 16.333333333333332 3.666666666666667 4.666666666666666 114 7.333333333333333 81
MGG_16669T0 456.3333333333333 61 937 188.66666666666663 58.666666666666664 373 779 76.33333333333333 699
MGG_12742T0 30.590456666666668 7.614273333333333 77.4975 20.190946666666665 2.06063 20.7349 54.96196666666666 4.447156666666666 38.1015
MGG_05907T0 33.333333333333336 4230 13198.333333333334 24 6480 7133 19 1031.3333333333333 2775
MGG_06653T0 3208 13727 30539.666666666668 862.6666666666666 12948.333333333334 23525 1257.3333333333333 9756.666666666666 9325
MGG_00343T0 448.6666666666667 911 1308.6666666666667 352 701.6666666666666 1041.6666666666667 546.6666666666666 596.6666666666666 648.3333333333334
MGG_08571T0 61 1278.3333333333333 1652.6666666666667 101 631 701.6666666666666 159.66666666666666 826 617.3333333333334
MGG_12173T0 300.3333333333333 1260.6666666666667 1675 244.66666666666663 595.6666666666666 1138.6666666666667 172 516 924.6666666666666
MGG_17170T0 145.66666666666666 288.6666666666667 478 91 198 178 76.33333333333333 159.66666666666666 390.3333333333333
MGG_04058T0 231.66666666666663 424.6666666666667 726 122 304.3333333333333 365.6666666666667 113.66666666666669 240 463.6666666666667
MGG_03712T0 13.666666666666666 25 71 4.333333333333333 28.333333333333332 28.666666666666668 9 15.666666666666666 37
MGG_11869T0 264 435.3333333333333 653.6666666666666 156.33333333333334 376.3333333333333 351.3333333333333 142.66666666666666 318.6666666666667 351.3333333333333
MGG_06264T0 113.33333333333331 384 770.6666666666666 118.33333333333331 418 354.6666666666667 136.66666666666666 318 488.3333333333333
MGG_13931T0 448.59866666666665 644.2953333333334 1185.28 336.116 683.7366666666667 677.0943333333333 372.422 627.9516666666667 658.5743333333334
MGG_11409T0 15 103.66666666666669 243 18.333333333333332 100.66666666666669 80.33333333333333 27.333333333333332 58 101.66666666666669
MGG_06551T0 23.24527 83.1354 150.045 14.1002 75.62673333333333 67.52626666666666 15.624133333333331 40.19043333333333 68.88943333333333
MGG_08928T0 720.3846666666667 1906.4633333333336 3670.293333333333 587.6346666666667 1693.9833333333331 1211.766 636.8016666666666 1446.11 1562.0833333333333
MGG_12513T0 74 316 775.3333333333334 72 403.6666666666667 222.66666666666663 49 264.3333333333333 342.3333333333333
MGG_00816T0 33.333333333333336 35 112.33333333333331 5.333333333333333 26 41.333333333333336 9.333333333333334 22.666666666666668 52.666666666666664
MGG_16223T0 231.33333333333337 307 777 100.33333333333331 85 395.3333333333333 71.66666666666667 120.66666666666669 348
MGG_17671T0 23 23.666666666666668 101.33333333333331 2.3333333333333335 8 41.333333333333336 1 9.666666666666666 41.333333333333336
MGG_16695T0 3.328613333333333 4.648113333333334 16.760066666666667 0 0.48756 6.4306600000000005 0.5295133333333333 1.5569066666666669 7.119623333333333
MGG_06573T0 515.3333333333334 827 1394.3333333333333 414 509 762.6666666666666 338 325 773
MGG_00792T0 324 12011 32576.666666666668 154.66666666666666 751.3333333333334 18005.333333333332 159.66666666666666 580.6666666666666 9279
MGG_01336T0 245 786.6666666666666 1526 202 226.33333333333337 788.3333333333334 252 246.66666666666663 747
MGG_16270T0 0 29.333333333333332 85 0.33333333333333337 7 36.666666666666664 1 2 37.666666666666664
MGG_09705T0 89.66666666666667 1394.3333333333333 2683 36.666666666666664 140.33333333333334 763.6666666666666 43.666666666666664 80.33333333333333 1270
MGG_00310T0 17.333333333333332 80 153.66666666666666 11.333333333333334 31.333333333333332 61 27.3369 25.666666666666668 105.66666666666669
MGG_18101T0 6.333333333333333 34 100.33333333333331 1.6666666666666663 16.666666666666668 28.666666666666668 1.3333333333333333 8 38.333333333333336
MGG_14596T0 71 510.33333333333337 1398.6666666666667 65 26.333333333333332 298.3333333333333 23.666666666666668 24.666666666666668 531
MGG_02840T0 329.6666666666667 12178.666666666666 38665.333333333336 445 1828.6666666666667 9149.666666666666 520 1607 18820
MGG_00134T0 168.33333333333334 5770.333333333333 15552 480 3303 2329 454.6666666666667 1787 6741
MGG_06549T0 1.9511433333333337 31.053133333333335 73.43456666666667 6.34303 14.89497 12.543633333333334 12.7008 4.993686666666667 38.899566666666665
MGG_11649T0 686 2608.3333333333335 4737.333333333333 881.3333333333334 1195.3333333333333 2381.6666666666665 656 1731.6666666666667 1945.6666666666667
MGG_00861T0 66 471 618.3333333333334 92.66666666666669 183.33333333333337 199 65 153 301
MGG_04819T0 159.66666666666666 712.6666666666666 1243.6666666666667 205.33333333333337 293 412.3333333333333 209.66666666666663 350.3333333333333 554.6666666666666
MGG_04644T0 97 311.3333333333333 463 74.66666666666667 167.33333333333334 194.33333333333337 75 190 268.6666666666667
MGG_00244T0 13 78.33333333333333 146.66666666666666 4.333333333333334 40.666666666666664 48 3.6666666666666665 24 60
MGG_16428T0 32 74.66666666666667 140.66666666666666 22 42.666666666666664 52.333333333333336 16 46.666666666666664 74.66666666666667
MGG_05902T0 118.66666666666669 483.3333333333333 781.3333333333334 202 31.333333333333332 188.66666666666663 113 29.666666666666668 133
MGG_00543T0 2146.3333333333335 5354.666666666667 7948.666666666667 837 1105.3333333333333 2056 1407.6666666666667 1339.3333333333333 2882.3333333333335
MGG_00298T0 179 349.6666666666667 447 193 163.33333333333334 213 172.66666666666666 135.66666666666666 252.33333333333337
MGG_07676T0 0 843 1133.6666666666667 0.33333333333333337 25.333333333333332 204.66666666666663 0 29 392.6666666666667
MGG_14595T0 36.333333333333336 581 878.6666666666666 31.666666666666668 41.666666666666664 212 18.333333333333332 17.333333333333332 200.66666666666663
MGG_08307T0 2745.3333333333335 5254.333333333333 8529.666666666666 2572.3333333333335 1528 4040 3086.3333333333335 1593 4621
MGG_10745T0 471.3333333333333 3016.6666666666665 8143.333333333333 1959.6666666666667 195 1222 1579.3333333333333 242.66666666666663 2897
MGG_02720T0 17.333333333333332 59.666666666666664 103 29.666666666666668 15 24 13.666666666666666 14.666666666666666 55
MGG_13138T0 1 3.3333333333333335 6.333333333333333 2 0 0.6666666666666667 1 0.33333333333333337 2.6666666666666665
MGG_01026T0 2904.3333333333335 9563.333333333334 16870 2902 1199 11223.666666666666 3013 1218.3333333333333 4081.3333333333335
MGG_15724T0 27.7371 69.76206666666667 125.37833333333332 36.66786666666667 24.4156 68.78466666666667 24.696066666666667 19.528433333333332 42.76886666666667
MGG_03609T0 147.33333333333334 4905 8851.666666666666 223.33333333333337 1267.6666666666667 2161 222.33333333333337 505.3333333333333 488.3333333333333
MGG_15725T0 282.31333333333333 1826.236666666667 3010.2866666666664 229.856 494.8813333333333 1515.34 221.95533333333333 297.72433333333333 558.6366666666667
MGG_07062T0 53.333333333333336 1119.3333333333333 2044.3333333333333 47.666666666666664 471.3333333333333 1021.3333333333331 52.666666666666664 200 236.33333333333337
MGG_06550T1 2.38219 18.864595693333335 71.39344 2.2173246666666664 13.2138 21.511266666666664 6 6.449133333333334 0.00335333475766666
MGG_06248T0 1710.7766666666666 2170.746666666667 8185.28 579.589 979.005 3048.2366666666667 782.6193333333333 1074.307 1098.374
MGG_02947T0 138 154 703.3333333333334 49 53.333333333333336 303.3333333333333 82 81 89.66666666666667
MGG_02410T0 1615 2511.6666666666665 5530.333333333333 632.6666666666666 828.6666666666666 2396.6666666666665 1183.3333333333333 708 1256
MGG_02393T0 8 3066 9854.333333333334 5 10.333333333333334 3248.6666666666665 7.666666666666667 7 647
MGG_03440T0 8.666666666666666 2469.6666666666665 8859.666666666666 24.333333333333332 172 3529 54.333333333333336 47.333333333333336 1234.6666666666667
MGG_10023T0 34.666666666666664 92.33333333333331 167 1.6666666666666663 6 13 5 12.666666666666666 16.333333333333332
MGG_15776T0 8.02257 37.35546666666667 130.28743333333335 0 0 17.948466666666665 4.465286666666667 2.6253833333333336 19.88095
MGG_07656T0 43.333333333333336 1359 4403.666666666667 87.33333333333333 175 434 85.33333333333333 115 76
MGG_12410T0 12.33388 11494.333333333334 33584.333333333336 18 1850.6666666666667 5499.3133333333335 15.666666666666666 952 1414.3333333333333
MGG_03056T0 128.33333333333334 425 1279.3333333333333 112.33333333333331 83.33333333333333 152.33333333333334 139 93.66666666666669 189
MGG_15457T0 0 10.666666666666666 34.070233333333334 0 1.3333333333333337 0.33362333333333327 0 0.33333333333333337 3.3333500000000003
MGG_16603T0 0 5 17 0 0.33333333333333337 0 0 0 0.33333333333333337
MGG_18049T0 51.333333333333336 15.666666666666666 108.33333333333331 36 24.333333333333332 96.33333333333331 27 22.666666666666668 63.666666666666664
MGG_05279T0 305 128.66666666666666 1033.3333333333333 275 168 945 270 170 587
MGG_03913T0 165.33333333333334 191.33333333333337 654.3333333333334 181.33333333333337 129.66666666666666 590.6666666666666 44 45.333333333333336 422.6666666666667
MGG_04757T0 54.333333333333336 79 541.6666666666666 52.333333333333336 125.33333333333331 509.3333333333333 59.333333333333336 138.66666666666666 330
MGG_13276T0 63.666666666666664 86 1600.3333333333333 48.333333333333336 115.33333333333331 1424 51.333333333333336 94.33333333333331 610.6666666666666
MGG_08500T0 6.666666666666667 55 1079 1 14.666666666666666 1026.6666666666667 3.3333333333333335 3 369.6666666666667
MGG_17729T0 116 283.39166666666665 1002 187.7094 128.66666666666666 1154.457666666667 44.666666666666664 99.00626666666666 562.7676666666666
MGG_06610T0 37.333333333333336 29.666666666666668 174.66666666666666 27.666666666666668 15 187.66666666666663 18 8 127.33333333333331
MGG_08430T0 0 166.33333333333334 4636.666666666667 0.33333333333333337 5 5135.666666666667 0 2 3024.3333333333335
MGG_02167T0 1.6666666666666663 0.33333333333333337 10663.666666666666 0 0.33333333333333337 10382.666666666666 0 2.666666666666667 6728.666666666667
MGG_14326T0 17 14 37.333333333333336 12.666666666666666 3.333333333333333 26.7372 10.666666666666666 10.333333333333334 17.666666666666668
MGG_05112T0 693 642.6666666666666 1571.6666666666667 495.3333333333333 741 1143.6666666666667 959.3333333333334 616.6666666666666 751
MGG_14203T0 390 897.6666666666666 1967 690.6666666666666 415.3333333333333 1211.6666666666667 657.3333333333334 338.3333333333333 912.6666666666666
MGG_06646T0 2693.6666666666665 4634.333333333333 12570.333333333334 2811.3333333333335 1792.3333333333333 7367.666666666667 5609.666666666667 2200 5765.333333333333
MGG_14859T0 208 236.33333333333337 798 228.33333333333337 167.33333333333334 466.3333333333333 310.6666666666667 205.66666666666663 305
MGG_08134T0 93.0003 117.06 374.61966666666666 164.642 130.91433333333333 238.35433333333333 114.24433333333334 133.74933333333334 173.348
MGG_16145T0 534.6666666666666 793.319 1853 800.0696666666666 943.6666666666666 1211.6666666666667 809.2453333333333 709.3333333333334 954.6666666666666
MGG_01275T0 172.66666666666666 94.33333333333331 652.6666666666666 133.66666666666666 93.66666666666669 429.3333333333333 205.66666666666663 69.33333333333333 127
MGG_15871T0 12.333333333333334 4.333333333333333 34.666666666666664 6.666666666666667 1.6666666666666667 23.666666666666668 9.666666666666666 4.666666666666667 9.666666666666666
MGG_06251T1 1669.1833333333334 731.911 7345.096666666666 2244.6766666666667 1083.228 4135.45 1786.3433333333332 1177.804666666667 1207.509
MGG_01986T0 369.33333333333337 35.333333333333336 3235.3333333333335 736 91.66666666666669 2412.6666666666665 414.6666666666667 159.66666666666666 122
MGG_07631T0 29.333333333333332 41 493.3333333333333 13 82 406.6666666666667 119 63.666666666666664 62
MGG_05897T0 13.546603333333334 38.61723333333333 583.2883333333334 53.803863333333325 29.818033333333332 460.55533333333335 17.095653333333335 34.987766666666666 109.17853333333332
MGG_14623T0 0 0 83 0 0 76.33333333333333 0.6666666666666667 0.6666666666666667 4
MGG_12441T0 5.333333333333333 1.3333333333333337 57.666666666666664 1 1 55.333333333333336 2.6666666666666665 1.3333333333333333 8.666666666666666
MGG_13716T0 12.333333333333334 26.333333333333332 185.66666666666663 8.666666666666666 10.333333333333334 91 16.333333333333332 1.3333333333333333 5.666666666666667
MGG_17202T0 0.33333333333333337 4 21.333333333333332 2.3333333333333335 2.6666666666666665 14.333333333333334 4 2 2
MGG_17672T0 11.333333333333334 3 50.333333333333336 1.6666666666666667 7 30 5.333333333333333 9 14
MGG_03905T0 585 1165 4579.666666666667 636 666.3333333333334 2964 637 625.3333333333334 1524.3333333333333
MGG_07630T0 33 435.33333333333337 5301.333333333333 18.333333333333332 207.33333333333337 3101.6666666666665 21.333333333333332 38.333333333333336 900.3333333333334
MGG_10214T0 0 0 677 0 0 365.6666666666667 0 0 24
MGG_06344T0 4.333333333333333 2.6666666666666665 368 3.3333333333333335 3 213.66666666666663 5 1 21
MGG_17811T0 45.666666666666664 74.66666666666667 3718 37 31.666666666666668 2425.3333333333335 54.333333333333336 16.333333333333332 314.6666666666667
MGG_16193T0 3.6666666666666665 1.6666666666666663 1361 2.3333333333333335 0.6666666666666667 808 2.3333333333333335 0 147
MGG_10213T0 0 3.6666666666666665 906.6666666666666 0 1 557.3333333333334 0.33333333333333337 0 104
MGG_10592T0 45.666666666666664 18 370.3333333333333 42.666666666666664 35.666666666666664 246.33333333333337 44.333333333333336 36 97
MGG_14779T0 4.333333333333333 5 159 3.333333333333333 4.666666666666667 96.33333333333331 10.666666666666666 6.333333333333333 35.666666666666664
MGG_07785T0 259.9 192.928 1695.7933333333333 393.721 137.66666666666666 1033.9756666666667 330.8036666666667 179.86033333333333 487.627
MGG_08569T0 252 283 1349 261.3333333333333 144 958 353 221.33333333333337 494
MGG_03044T0 85.33333333333333 152.66666666666666 601.3333333333334 80.33333333333333 272 409.6666666666667 86.33333333333333 280 221
MGG_13277T0 15 76.66666666666667 232 28 139.33333333333334 152.66666666666666 21.666666666666668 100 112.33333333333331
MGG_15184T0 12.333333333333334 23 190 22 105.33333333333331 107 20.666666666666668 61.666666666666664 85
MGG_11463T0 61.75186666666667 79.00366666666667 474.4336666666667 42.76976666666667 122.32333333333334 198.30566666666667 48.8723 187.729 246.034
MGG_03934T0 93.33333333333331 168.33333333333334 774.3333333333334 123.66666666666669 298.3333333333333 383.6666666666667 150.66666666666666 300 489
MGG_00712T0 452.6666666666667 573 1829 427.3333333333333 1012 858.3333333333334 551 1028.6666666666667 1198.6666666666667
MGG_10424T0 7.333333333333333 87 324.6666666666667 11.666666666666666 123.66666666666669 148 31.666666666666668 143 198.33333333333337
MGG_12887T0 207.66666666666663 173 552.3333333333334 129 235.33333333333337 283.3333333333333 91.66666666666669 180.66666666666663 331.3333333333333
MGG_08899T0 139.66666666666666 140.33333333333334 468.6666666666667 60.333333333333336 175 289.3333333333333 55.333333333333336 199.33333333333337 248
MGG_15340T0 13.666666666666666 19.666666666666668 53 4 20.666666666666668 29.666666666666668 7 14.333333333333334 21
MGG_17929T0 3.008026666666667 6.011323333333333 18.395566666666667 3.395736666666666 0.67057 4.36457 6.791993333333333 0 3.3504033333333334
MGG_08409T0 0.33333333333333337 1.6666666666666667 4.666666666666667 0 0.33333333333333337 0.6666666666666667 1.6666666666666663 0 0
MGG_16845T0 7.666666666666666 6.666666666666667 19 2 0.6666666666666666 4.666666666666667 7 0 4.666666666666667
MGG_01638T0 2907.6666666666665 2879.6666666666665 5098 2178 1847 2634.3333333333335 3889.6666666666665 2246.3333333333335 2593
MGG_12130T1 2462.5333333333333 2884.4266666666667 5818.673333333333 3028.923333333333 1754.669 1722.4566666666667 2709.2033333333334 1018.7036666666668 2895.65
MGG_05473T0 1.6666666666666667 4 13.333333333333334 0.33333333333333337 1.3333333333333333 2 3.3333333333333335 0.33333333333333337 5.666666666666667
MGG_00583T0 1827.6666666666667 3361 7254 2687.3333333333335 986.6666666666666 3279.3333333333335 3825.6666666666665 1488.3333333333333 4192
MGG_17878T0 1165.6666666666667 1401.5733333333333 3191.193333333333 840.6666666666666 640.5353333333334 1519.8966666666668 1276.6666666666667 564.6666666666666 1515.67
MGG_15953T0 29.333333333333332 30.333333333333332 83.33333333333333 31.333333333333332 12 33.333333333333336 36.333333333333336 11.666666666666666 41.333333333333336
MGG_04091T0 690.6666666666666 347 1092.3333333333333 259.6666666666667 377 685.6666666666666 267 405.3333333333333 789.3333333333334
MGG_03102T0 1070.486666666667 434.0233333333333 1774.4166666666667 362.7713333333333 354.37 1008.9886666666666 457.512 682.645 1019.0616666666666
MGG_17439T0 1076.8723333333337 381.56033333333335 3884.08 194.36833333333337 687.8983333333333 1708.62 647.3403333333333 955.229 2078.023333333333
MGG_07732T0 74 42.333333333333336 177 22.666666666666668 52.666666666666664 110.33333333333331 29.333333333333332 56.333333333333336 97.66666666666669
MGG_01004T0 1557 916.3333333333334 3198.3333333333335 517.6666666666666 987.3333333333334 1956.6666666666667 756 1411.3333333333333 2049.3333333333335
MGG_09951T0 119.38353333333332 65.9151 241.01666666666668 45.14583333333333 95.49766666666667 123.7987 79.56053333333332 127.335 141.955
MGG_11397T0 105.33333333333331 57 254.66666666666663 75.66666666666667 84 132.33333333333334 52 127 152
MGG_09798T0 2466 435 4958.333333333333 783 423.3333333333333 3292.3333333333335 1111.6666666666667 550 2659
MGG_05592T0 161.33333333333334 32 363 58.333333333333336 47 234 106 56 254.66666666666663
MGG_05281T0 324.527 85.89096666666666 630.2663333333334 94.00546666666666 127.41053333333332 527.5036666666667 156.51 173.88633333333334 344.64033333333333
MGG_01552T0 495.556 277.43666666666667 1060.9043333333334 312.832 328.64633333333336 824.5766666666666 256.4116666666667 325.882 719.832
MGG_07460T0 5419 2119.3333333333335 13595.333333333334 2652.3333333333335 3497.6666666666665 9047.666666666666 3391.6666666666665 4178.666666666667 7088
MGG_07949T0 94.66666666666669 25 225.33333333333337 23 47 152.66666666666666 23 52 117.66666666666669
MGG_13079T0 217.33333333333337 106.66766666666666 461.6666666666667 78 118.33333333333331 263.3333333333333 109.33333333333331 84.66666666666667 288
MGG_14853T0 685.7603333333334 108.0555 1898.996666666667 315.3383333333333 143.873 954.878 243.98766666666663 199.431 1001.5703333333332
MGG_05734T0 1255.400666666667 254.068 3464.25 475.91166666666663 269.48466666666667 1652.52 645.924 323.633 1806.57
MGG_05281T1 900.14 165.77566666666667 2213.733333333333 274.99466666666666 243.256 954.1613333333332 347.15666666666664 261.7803333333333 999.6943333333334
MGG_06957T0 1250.3333333333333 237.66666666666663 2986.3333333333335 436.6666666666667 411.6666666666667 1526.3333333333333 459.3333333333333 527.3333333333334 1412.6666666666667
MGG_00549T0 1410.7696666666666 508.331 2874.48 905.161 619.5509999999999 1191.2693333333334 1086.12 803.4243333333334 1644.67
MGG_03332T0 5118 404.6666666666667 15088 1627 403.6666666666667 4781.333333333333 2539.6666666666665 396 5476
MGG_08800T0 376.6666666666667 37 1290.6666666666667 101.66666666666669 65.66666666666667 392.6666666666667 167 101.33333333333331 596.6666666666666
MGG_02254T0 1482.6846666666663 115.5117 4964.503333333333 704.1173333333334 264.65166666666664 2198.8133333333335 1262.324 412.676 2498.4166666666665
MGG_05569T0 433.833 162.758 984.6066666666668 249.25366666666667 148.09066666666666 511.31533333333334 326.4146666666667 156.33133333333333 572.51
MGG_04522T0 1891.3333333333333 491 4210 1024.3333333333333 734.6666666666666 1972 1155 994.3333333333334 2697
MGG_02759T0 2056.6666666666665 882.3333333333334 4366.333333333333 1526.3333333333333 603.3333333333334 2122.6666666666665 1390.6666666666667 993.3333333333334 2830.6666666666665
MGG_00204T0 245 182.33333333333337 3272.3333333333335 708.6666666666666 116.66666666666669 1336.3333333333333 493 213.33333333333337 1611
MGG_13163T0 1466.7966666666666 1128.073 4061.5666666666666 950.5783333333334 600.5556666666666 1890.5733333333333 694.7139999999999 568.2443333333333 2264.69
MGG_10663T0 36.666666666666664 17 353.3333333333333 36.333333333333336 7.333333333333333 166.33333333333334 41.333333333333336 16.666666666666668 151
MGG_06084T0 647.3333333333334 226.33333333333337 3938 333.3333333333333 94.66666666666669 1620 362.6666666666667 82 1699.3333333333333
MGG_04738T0 48 3.3333333333333335 272 37.333333333333336 3.3333333333333335 110 18 2.6666666666666665 121
MGG_01438T0 524.6666666666666 97.66666666666669 2227.6666666666665 116 171.66666666666666 992.6666666666666 376.6666666666667 297.3333333333333 1139.3333333333333
MGG_14129T0 566 101.33333333333331 3630.6666666666665 109.33333333333331 115.66666666666669 1239.3333333333333 249 132.33333333333334 1721.6666666666667
MGG_08785T0 159.66666666666666 90 735.6666666666666 122.66666666666669 97 334 120 114 412.6666666666667
MGG_09071T0 1145.2896666666666 183.92566666666664 5036.613333333334 282.7696666666667 322.72633333333334 1756.1366666666663 325.578 447.5853333333334 1924.1733333333336
MGG_02749T0 286.3333333333333 101 1325.6666666666667 163 130.66666666666666 495 182 172 455.6666666666667
MGG_12095T0 1763.394 894.35 12397.23 783.7256666666667 487.32033333333334 4191.016666666666 1131.006666666667 586.8223333333334 3970.0966666666664
MGG_09400T0 149.33333333333334 17.666666666666668 914.3333333333334 52 13.333333333333334 270.6666666666667 56 18.333333333333332 301
MGG_00438T0 4130 3128.3333333333335 12867.666666666666 1667.3333333333333 2428.3333333333335 6591.333333333333 3084.6666666666665 2762.6666666666665 5734.333333333333
MGG_05185T0 327.6666666666667 188.66666666666663 917.6666666666666 190 201 527.6666666666666 178.33333333333334 241.33333333333337 480.3333333333333
MGG_16921T0 408.6666666666667 72 2284.3333333333335 153.33333333333334 95 1078.6666666666667 168.66666666666666 159 757.7603333333333
MGG_14756T0 193.7913 80.51646666666667 661.5343333333334 115.02343333333332 117.649 342.5466666666667 114.506 138.914 285.213
MGG_08371T0 28.666666666666668 13 76.66666666666667 31.333333333333332 29.333333333333332 55.666666666666664 28.333333333333332 25 39.333333333333336
MGG_06455T0 1486 679 6161 1422 1161.3333333333333 3776 1752.6666666666667 1519.6666666666667 2706.6666666666665
MGG_03890T0 291.3333333333333 93.66666666666669 1034 269.6666666666667 204 698 202.33333333333337 220.33333333333337 473.3333333333333
MGG_01017T0 95.33333333333331 26.333333333333332 391 94.33333333333331 32.666666666666664 263.6666666666667 86.66666666666667 50.333333333333336 185
MGG_14870T0 665.0793333333334 758.7633333333333 3158.4866666666667 871.206 958.415 1746.25 939.0283333333332 1302.81 1624.6266666666666
MGG_16043T0 2.3333333333333335 4.333333333333333 151 6 14.333333333333332 62.666666666666664 3.6666666666666665 24 52
MGG_16181T0 64.66666666666667 87.33333333333333 292 60 72.33333333333333 161.33333333333334 73.33333333333333 96.66666666666669 168
MGG_10333T0 10.60766 67.64983333333333 370.40433333333334 9.212776666666668 14.63831 192.33733333333333 31.054633333333335 52.933166666666665 131.03766666666667
MGG_08976T0 76 188.33333333333337 1772.3333333333333 71.66666666666667 196.66666666666663 961.6666666666666 71 187.66666666666663 722.6666666666666
MGG_10333T1 42.72566666666667 52.35016666666667 529.5956666666666 21.453866666666663 56.02836666666667 282.996 25.612033333333333 46.400166666666664 180.629
MGG_09954T0 129 61.666666666666664 444.3333333333333 136.66666666666666 87 257 45.666666666666664 109.66666666666669 259.6666666666667
MGG_08956T0 0.33333333333333337 2.6666666666666665 9375.333333333334 0 0 6530 0 0 5337
MGG_00201T0 255.33333333333337 261.3333333333333 1422.6666666666667 273.6666666666667 152.66666666666666 1005.6666666666666 179 173.33333333333334 829.3333333333334
MGG_02257T0 150.33333333333334 54 942.3333333333334 65.33333333333333 103 537 67.66666666666667 121 388
MGG_09394T0 658.6666666666666 213 3688 383.6666666666667 292.6666666666667 2505.3333333333335 361 446.3333333333333 1503.6666666666667
MGG_14591T0 25.333333333333332 5.666666666666667 354 7 6.666666666666667 224 9 10.333333333333334 137.33333333333334
MGG_10035T0 143.66666666666666 14.333333333333334 1272.3333333333333 33 23 662.6666666666666 55.333333333333336 32.333333333333336 639.3333333333334
MGG_01270T0 96.33333333333331 30 749.6666666666666 78.66666666666667 37 407 24 31.333333333333332 386
MGG_11511T0 17.326743333333333 5.88264 146.49200000000002 13.17516 6.328943333333333 75.55166666666666 4.984346666666667 7.146723333333333 67.68443333333333
MGG_16715T0 0.6666666666666667 0.6666666666666667 170.33333333333334 0.33333333333333337 1.3333333333333337 92.33333333333331 4 3 77.33333333333333
MGG_16754T0 25.666666666666668 19.666666666666668 231.33333333333337 9 20.666666666666668 117 14.333333333333334 18 102.66666666666669
MGG_02116T0 37.24646666666667 27 861.044 22.666666666666668 57.47816666666667 408.3686666666667 18.666666666666668 80.24583333333334 388.943
MGG_01541T0 12.666666666666666 8.666666666666666 77.33333333333333 13.666666666666666 16 34 25.333333333333332 29 50
MGG_11779T0 57 53 520 78.33333333333333 115.33333333333331 199.66666666666663 85.33333333333333 154.33333333333334 384
MGG_02810T0 36.333333333333336 12.666666666666666 240 26.333333333333332 34.666666666666664 81 60 53.666666666666664 187.33333333333337
MGG_00992T0 153.33333333333334 141 774.3333333333334 163 118.66666666666669 434.3333333333333 62 57 527.6666666666666
MGG_02507T0 137.33333333333334 173.33333333333334 1123.6666666666667 57.333333333333336 194.66666666666663 666 109.66666666666669 214.33333333333337 793
MGG_00439T0 151.33333333333334 350 1694.6666666666667 39 141 945.6666666666666 107 139 1031
MGG_07300T0 178.33333333333334 146.33333333333334 596.6666666666666 116 188.33333333333337 320.3333333333333 98.33333333333331 196.33333333333337 409
MGG_09016T0 32.666666666666664 23 273 32.333333333333336 54 135 38.666666666666664 72.66666666666667 167
MGG_10702T0 30 27 277 31.666666666666668 44.666666666666664 119.33333333333331 25.666666666666668 52 168
MGG_00913T0 354.3333333333333 271.3333333333333 2190.6666666666665 445.3333333333333 251 980 339.3333333333333 270 1689
MGG_07787T0 178 79.66666666666667 3012.6666666666665 186.66666666666663 83.33333333333333 1316.3333333333333 269.3333333333333 130.66666666666666 2154
MGG_17029T0 18 22.666666666666668 477.6666666666667 19.666666666666668 30.333333333333332 168 11.333333333333334 8.666666666666666 295
MGG_18040T0 66.66666666666667 84 2384 101 133 1010 86.66666666666667 142 1570
MGG_01387T0 10 19.333333333333332 526.3333333333334 6.333333333333333 12.333333333333334 202.66666666666663 16.666666666666668 21 343.6666666666667
MGG_07242T0 176.33333333333334 211 1395 230.33333333333337 229.66666666666663 639.6666666666666 213.66666666666663 295.6666666666667 1058
MGG_07067T0 50 117 1068.3333333333333 77 96.66666666666669 370.3333333333333 48.666666666666664 87.66666666666667 766.6666666666666
MGG_14711T0 17.333333333333332 24.666666666666668 313.3333333333333 3 2.6666666666666665 106 16 6.666666666666667 243.66666666666663
MGG_09836T0 6.666666666666666 18 325 2 6.666666666666667 121.66666666666669 6 11 235
MGG_00281T0 0.6666666666666666 0.33333333333333337 108.33333333333331 0 0 38 0 0 84
MGG_13215T0 98.66666666666669 108.33333333333331 1331 50 48.666666666666664 387.3333333333333 47 61.333333333333336 715.3333333333334
MGG_07492T0 209.66666666666663 797.3333333333334 15090.666666666666 133.33333333333334 267.3333333333333 4182.666666666667 467 372.6666666666667 7539.666666666667
MGG_08685T0 2 19.333333333333332 916 3 4.333333333333333 266.6666666666667 3 3.3333333333333335 461
MGG_01544T0 47.333333333333336 36.666666666666664 1729.3333333333333 88 58 554 98.33333333333331 109.33333333333331 971.3333333333334
MGG_04511T0 141 254.33333333333337 8362.333333333334 32.333333333333336 68.33333333333333 3043.6666666666665 84 96 4611
MGG_16316T0 65 20 2260.3333333333335 54 23 751.3333333333334 83 32 1123
MGG_02792T0 799.6666666666666 833 7111.666666666667 666 191.66666666666663 3124.6666666666665 746.6666666666666 282.3333333333333 4061.3333333333335
MGG_08589T0 45.84766666666666 65.65123333333334 388.18 54.62206666666667 55.44446666666666 185.08466666666664 54.643 65.4122 211.51033333333336
MGG_02168T0 2.333333333333333 0.6666666666666667 1333.27 0 0 579.477 3 1.3333333333333333 661.6666666666666
MGG_08784T0 174.16766666666666 370.0056666666667 1152.375 282.2776666666667 260.50866666666667 531.8063333333333 286.0156666666667 294.49566666666664 736.522
MGG_04648T0 96 211 1245.3333333333333 53.666666666666664 45 447.3333333333333 136.66666666666666 58.666666666666664 773.3333333333334
MGG_16399T0 52.9045 89.65183333333333 455.4146666666667 66.6591 46.2491 164.85233333333332 49.21176666666667 41.24926666666667 292.7563333333333
MGG_03766T0 40 269.6666666666667 1605.6666666666667 35.333333333333336 105.33333333333331 518.3333333333334 23 95.33333333333331 959.3333333333334
MGG_17030T0 1 31.333333333333332 166.33333333333334 1.3333333333333333 4.666666666666667 60 3 2 87.33333333333333
MGG_04980T0 519.6836666666667 524.8006666666666 1563.9233333333334 491.506 618.8496666666666 722.085 640.9576666666667 583.2986666666667 1108.371
MGG_17922T0 4.333333333333333 8.333333333333334 46.333333333333336 4.666666666666667 7.666666666666667 11 6.333333333333333 7 35
MGG_07593T0 72.33333333333333 218.33333333333337 1991.6666666666667 55.666666666666664 215.66666666666663 301.3333333333333 160.33333333333334 244 1291.6666666666667
MGG_01299T0 332.6666666666667 594.3333333333334 2715 420.3333333333333 665.6666666666666 705 531.3333333333334 682 1836.6666666666667
MGG_03526T0 47.38198333333333 20.193123333333332 271.68466666666666 17.533733333333334 16.4954 13.48156 17.8434 28.5673 214.56533333333337
MGG_16648T0 78.33333333333333 70 1071.3333333333333 40.333333333333336 94.6908 106.33333333333331 109 96.33333333333331 858.6666666666666
MGG_08999T0 0 0.33333333333333337 1171 0 0.33333333333333337 55.333333333333336 0 0 940
MGG_08416T0 0 0.33333333333333337 38 0 0 1 0 1 30.333333333333332
MGG_17661T0 1.6666666666666663 2.3333333333333335 468.6666666666667 0 1.3333333333333333 8 1.6666666666666663 2 375.6666666666667
MGG_07900T0 0 0 13 0 0 0 0 0 10.666666666666666
MGG_16356T0 0 0 126 0 0 1.3333333333333337 0 0 94
MGG_08998T0 0 0.33333333333333337 833.6666666666666 0 0 40.666666666666664 0 0 614.6666666666666
MGG_05846T0 4.333333333333333 0.33333333333333337 6225.666666666667 0 2 430.3333333333333 2 2.6666666666666665 4803
MGG_07428T0 4 1.3333333333333333 2406.3333333333335 1.6666666666666663 1.3333333333333333 156.66666666666666 0.33333333333333337 0.33333333333333337 1852.3333333333333
MGG_14959T0 0.33333333333333337 0.33333333333333337 39.333333333333336 3 0.6666666666666666 2.3333333333333335 0.6666666666666666 2.3333333333333335 28.666666666666668
MGG_10341T0 0 0.33333333333333337 3124 0 0 147.66666666666666 0 0 2147.3333333333335
MGG_05414T0 0 0.33333333333333337 27 0 0.33333333333333337 1 0 0 17.333333333333332
MGG_07958T0 50 1.3333333333333337 297.6666666666667 2 1.3333333333333333 19 9.333333333333334 1.6666666666666663 175.33333333333334
MGG_10452T0 4 3.6666666666666665 261 7 2.3333333333333335 9.333333333333334 5 1.6666666666666667 151.66666666666666
MGG_03832T0 0 0.33333333333333337 106.66666666666669 0 0 0 0 0 56.333333333333336
MGG_03772T0 0 0 265 0 0 1.3333333333333337 0 0 145.33333333333334
MGG_12497T0 0 0 53.66666666666667 0 0 0 0 0 29.666666666666668
MGG_13426T0 7.333333333333334 23.666666666666668 256.6666666666667 0 9.666666666666666 1 5 2 149
MGG_15487T0 0 0.33333333333333337 6 0 0 0 0 0 3.3333333333333335
MGG_04030T0 493.3333333333333 2147.3333333333335 6679 467 1514.6666666666667 1889.3333333333333 432.6666666666667 489.6666666666667 5201
MGG_02922T0 4.840706666666667 42.3978 206.02933333333337 0 11.03591 2.830223333333333 3.932586666666667 6.865506666666667 139.07433333333333
MGG_07833T0 129.33333333333334 514.6666666666666 2194.6666666666665 19.666666666666668 55.666666666666664 336.3333333333333 42 84 1495
MGG_15014T0 2.3333333333333335 8.666666666666666 33.666666666666664 7.333333333333333 5 9 4.333333333333333 2.6666666666666665 16.666666666666668
MGG_08014T0 63 82.66666666666667 266 46.333333333333336 37.666666666666664 98.66666666666669 45 59.333333333333336 168.66666666666666
MGG_04918T0 258.2796666666667 321.06966666666665 1007.8563333333334 163.35633333333334 116.53433333333334 356.63033333333334 184.20266666666663 160.08533333333332 685.8096666666667
MGG_02777T0 83.33333333333333 27.666666666666668 584 89.33333333333333 24.333333333333332 175.33333333333334 41 35.333333333333336 432.3333333333333
MGG_04865T0 154.6339 72.49473333333333 1035.907333333333 195.00423333333333 91.5039 222.729 78.77643333333333 151.21526666666668 702.1236666666666
MGG_14426T0 3 0.6666666666666666 31.488866666666667 4.666666901625333 0 8.668 1.3333333333333333 5.333333333333333 20.12623333333333
MGG_10564T0 15 9.666666666666666 101.66666666666669 11 11.333333333333334 25.666666666666668 14.333333333333334 22.333333333333332 65.66666666666667
MGG_04900T0 281.6666666666667 148.66666666666666 2218.6666666666665 217.66666666666663 322.6666666666667 647.3333333333334 222.33333333333337 413 1223
MGG_08432T0 0.6666666666666667 0.6666666666666667 21 0 0 5 0 3.333333333333333 10.666666666666666
MGG_03746T0 2.6666666666666665 0 34.666666666666664 2.3333333333333335 0.33333333333333337 8 4.333333333333333 2 18.666666666666668
MGG_00770T0 344.17833333333334 90 2674.3333333333335 355.6666666666667 164.33333333333334 984.2236666666666 458.6666666666667 247.274 1380.3533333333332
MGG_09063T0 719.6666666666666 72.33333333333333 8846.666666666666 690.6666666666666 172.33333333333334 2509.3333333333335 882.3333333333334 278.6666666666667 4561.333333333333
MGG_10498T0 12.333333333333334 1 98 12.333333333333334 3.3333333333333335 25.333333333333332 7.333333333333333 3.6666666666666665 62
MGG_14845T0 36.666666666666664 16.333333333333332 257.3333333333333 34.333333333333336 12.333333333333334 68.66666666666667 20 24 143
MGG_17963T0 8.333333333333334 3 52.666666666666664 6 2 12.666666666666666 3.3333333333333335 3.666666666666667 31
MGG_09796T0 8.666666666666666 0 797.463 1 1.0157666666666665 107.80533333333334 6.00235 0 447
MGG_05353T0 59 8.333333333333334 9516.333333333334 37.333333333333336 15.333333333333334 815.3333333333334 48.666666666666664 26.333333333333332 5207.666666666667
MGG_09630T0 3.666666666666667 1 112 4 0 12 0 0 59.333333333333336
MGG_03207T0 13.666666666666666 44 2724.6666666666665 12.666666666666666 82.66666666666667 414 23.333333333333332 137 1707.6666666666667
MGG_04763T0 3.3333333333333335 8 133 5.666666666666667 12.333333333333334 26 7.666666666666667 12.333333333333334 75.33333333333333
MGG_16791T0 3.3333333333333335 7.333333333333333 179.33333333333334 10 1 34.666666666666664 1.3333333333333333 1.6666666666666667 116.33333333333331
MGG_10305T0 207.33333333333337 538.3333333333334 5189 166.33333333333334 184 1316.3333333333333 230.33333333333337 253.33333333333337 3008.6666666666665
MGG_00790T0 451.6666666666667 122 6677 238 78.66666666666667 1648.6666666666667 434 106.33333333333331 3994.6666666666665
MGG_11730T0 7.666666666666666 5 175.33333333333334 2.3333333333333335 3 44 10.333333333333334 5.666666666666667 104.66666666666669
MGG_01425T0 25.666666666666668 102.33333333333331 8593.333333333334 102.66666666666669 59.333333333333336 1852 41.666666666666664 56.666666666666664 5154.666666666667
MGG_04864T0 14.666666666666668 5.666666666666667 1568 19.333333333333332 0.33333333333333337 302 17 3.6666666666666665 856
MGG_17734T0 0 3.3333333333333335 28.333333333333332 0 0 4.333333333333333 0.33333333333333337 0 12
MGG_07214T0 659 63.333333333333336 6247.666666666667 727.6666666666666 9.333333333333334 964 164 17.333333333333332 2547.6666666666665
MGG_13346T0 91 34.666666666666664 797.3333333333334 90.33333333333331 9.333333333333334 176 76.66666666666667 26.666666666666668 374.3333333333333
MGG_03104T0 44.333333333333336 11.333333333333334 617 55 5 104 38.333333333333336 3.666666666666667 307.3333333333333
MGG_02201T0 3 1.6666666666666667 1342.6666666666667 2.3333333333333335 1 1.3333333333333333 2.6666666666666665 0.6666666666666667 619.3333333333334
MGG_03836T0 144.66666666666666 64.66666666666667 4888.666666666667 175.33333333333334 89.66666666666667 636.3333333333334 212.33333333333337 96.33333333333331 2366
MGG_13405T0 1.3333333333333337 21.666666666666668 2009.6666666666667 0 3 146.33333333333334 0.6666666666666667 1 859.3333333333334
MGG_06535T0 96.33333333333331 65.66666666666667 2222.3333333333335 77 11 223 74.66666666666667 27.666666666666668 1036
MGG_08799T0 0 1.3333333333333337 164.33333333333334 0 0 12.333333333333334 0 0 77.66666666666667
MGG_00951T0 73 79.33333333333333 1075 150 67 190 97 42.333333333333336 455
MGG_09233T0 16.666666666666668 11.333333333333334 278.3333333333333 15.666666666666666 8 36 31 14.333333333333334 114
MGG_13622T0 33.333333333333336 27.333333333333332 3296.3333333333335 72 24.666666666666668 279.3333333333333 151.33333333333334 27.333333333333332 1313
MGG_07457T0 307.31666666666666 446.5146666666667 2921.2433333333333 284.221 261.104 747.3546666666666 428.766 159.40133333333333 1624.28
MGG_17428T0 0.6666666666666667 0 14.666666666666666 0 1.3333333333333337 2.6666666666666665 0 0 6.666666666666667
MGG_12476T0 38.666666666666664 39.333333333333336 2330.6666666666665 48.666666666666664 98.66666666666669 345 48 163.66666666666666 1019.6666666666666
MGG_10705T0 21.666666666666668 176.66666666666666 4157.666666666667 18.333333333333332 1 732.6666666666666 3.666666666666667 10 2000.3333333333333
MGG_03935T0 220 236.66666666666663 6201.333333333333 316.3333333333333 368 1147.6666666666667 215.33333333333337 237.66666666666663 3134.6666666666665
MGG_16607T0 1 80 9398.333333333334 3.6666666666666665 1.3333333333333333 1263.3333333333333 5.333333333333333 4 4845
MGG_07652T0 12.666666666666668 19 2078 7.333333333333334 9.333333333333334 346.3333333333333 13.666666666666666 4 1044.3333333333333
MGG_07431T0 41.666666666666664 187.66666666666663 4829 21.666666666666668 53.333333333333336 816.6666666666666 35.666666666666664 57.666666666666664 2470
MGG_16397T0 0 0 75 0 0 10.666666666666666 0 0 31.666666666666668
MGG_17046T0 5.666666666666667 2.6666666666666665 140.33333333333334 0.33333333333333337 2.3333333333333335 22 4.333333333333333 3.6666666666666665 64
MGG_15594T0 0.33333333333333337 0 43 0.6666666666666666 0 9 1.6666666666666663 0.6666666666666667 20.333333333333332
MGG_06223T0 0 0 554.6666666666666 1.3333333333333337 0.33333333333333337 98.33333333333331 1.6666666666666667 0 253.33333333333337
MGG_17658T0 0 0 603.3333333333334 0 1.6666666666666663 102.33333333333331 0 0.33333333333333337 267.6666666666667
MGG_05844T0 35.333333333333336 44.333333333333336 7958.666666666667 45.333333333333336 62.333333333333336 1603.3333333333333 30.666666666666668 95.33333333333331 3797.993333333334
MGG_10004T0 72.66666666666667 148 8529 83.66666666666666 85 1642.3333333333333 93.66666666666669 88.66666666666667 4074.3333333333335
MGG_02654T0 136.33333333333334 65 407 56.333333333333336 66 169 216.66666666666663 155.33333333333334 337.3333333333333
MGG_14954T0 6.333333333333334 2.6666666666666665 153.29666666666665 6 6.358863333333334 34.333333333333336 58 11.852136666666668 128.79133333333334
MGG_08037T0 49 44.666666666666664 190 64.66666666666667 62.666666666666664 81 103 78.33333333333333 175.66666666666666
MGG_04015T0 72 206.33333333333337 735 111.33333333333331 100.66666666666669 164.33333333333334 307.3333333333333 119.66666666666669 509.6666666666667
MGG_15272T0 100.38653333333332 32.05506666666667 406.609 91.88163333333334 92.39376666666666 90.352 156.1678 116.72233333333334 279.52433333333335
MGG_18002T0 153 89.66666666666667 416.6666666666667 84 85 120.33333333333331 144.33333333333334 128.33333333333334 267.6666666666667
MGG_01920T0 18.333333333333332 17 574.6666666666666 5 23 18.333333333333332 135.33333333333334 24.666666666666668 302.6666666666667
MGG_15915T0 9.333333333333334 1 152.66666666666666 12 4 17.333333333333332 31 8.666666666666666 80.33333333333333
MGG_03891T0 2358.8933333333334 501.49466666666666 13894.866666666669 532.6813333333333 159.71393333333333 1054.849333333333 3255.25 280.9203333333333 7703.25
MGG_03892T0 1252.1056666666666 373.83866666666665 6969.126666666667 590.3186666666667 398.6193333333333 1014.8183333333332 2068.0833333333335 490.413 4876.41
MGG_15564T0 15.666666666666666 10.333333333333334 35.333333333333336 3.6666666666666665 7.333333333333333 21.666666666666668 15.666666666666666 9.666666666666666 29.333333333333332
MGG_15143T0 69.66666666666667 49.333333333333336 185.33333333333337 23.333333333333332 56.666666666666664 76.66666666666667 60.333333333333336 47 129.33333333333334
MGG_09165T0 15.333333333333334 11.666666666666666 43 4 8 18.666666666666668 6 1 30.666666666666668
MGG_08954T1 8 2.6666666666666665 34.666666666666664 0.33333333333333337 1 14.666666666666668 7.333333333333333 0.33333333333333337 39.7847
MGG_14232T0 1736.3333333333333 340 5236 262.6666666666667 471.6666666666667 2524.6666666666665 676 777.3333333333334 5624.666666666667
MGG_04213T0 110.33333333333331 27.333333333333332 271.6666666666667 21.666666666666668 40 127.66666666666669 37.333333333333336 57.666666666666664 259
MGG_03848T0 320 62 601.6666666666666 131 107.66666666666669 387 295 184 608
MGG_06834T0 58.666666666666664 18.333333333333332 215.66666666666663 41.333333333333336 47 101 83.33333333333333 49 218
MGG_05809T0 194 28 689 109 42 329.6666666666667 320.6666666666667 92.66666666666669 722.6666666666666
MGG_09567T0 221.16133333333337 31.13388666666667 439.216 139.54946666666666 44.95216666666667 177.843 165.93133333333333 39.9493 379.4123333333333
MGG_15627T0 1126.302 230.02333333333337 2159.0466666666666 581.1913333333333 478.5183333333333 908.163 793.1886666666667 685.3546666666666 1625.4833333333331
MGG_04859T0 82.57013333333333 8.161356666666666 258.42066666666665 29.7622 22.05177 118.69233333333334 50.77073333333333 29.577466666666663 202.901
MGG_16222T0 348.227 33.85726666666667 895.7983333333333 169.67933333333335 59.39103333333333 364.84366666666665 179.14633333333333 93.37723333333334 699.2926666666666
MGG_02708T0 6349.666666666667 2986 12819 4636.666666666667 3365.3333333333335 6333.666666666667 5138.333333333333 3644.6666666666665 11027.333333333334
MGG_13715T0 1241.3333333333333 27.666666666666668 3304.3333333333335 73.33333333333333 8.666666666666666 833.3333333333334 114.33333333333331 5.666666666666667 2715.6666666666665
MGG_06780T0 199 54 408.3333333333333 50 44 152.66666666666666 124.33333333333331 65.33333333333333 356.3333333333333
MGG_08862T0 304.20866666666666 65.48353333333333 634.4656666666666 189.31 146.68439999999998 324.7866666666667 139.16066666666666 222.75266666666667 551.1203333333333
MGG_02259T0 276 38 803 160.33333333333334 100 243.33333333333337 101 174.33333333333334 515.6666666666666
MGG_08682T0 15.333333333333334 1.6666666666666667 78 3.666666666666667 7 32.666666666666664 6.333333333333333 10 58
MGG_02828T0 580.6666666666666 281.6666666666667 1630 388 306.3333333333333 796 357.6666666666667 481.3333333333333 1140.3333333333333
MGG_07406T0 98 13.666666666666666 390 37 24.333333333333332 155.33333333333334 31 44.666666666666664 219.66666666666663
MGG_05626T0 2843.6666666666665 4209.333333333333 9436 3960 4477 3256.3333333333335 4454.333333333333 5113.333333333333 5870.666666666667
MGG_16585T0 2.333333333333333 2 81 3.333333333333333 13 1.6666666666666663 7 23 32
MGG_17798T0 1.6666666666666663 4.333333333333333 35.666666666666664 4.333333333333333 6 4.333333333333333 5.333333333333333 8.333333333333334 10.333333333333334
MGG_18031T0 1 2 6 0 2 1 0.33333333333333337 1.6666666666666667 3.3333333333333335
MGG_00258T0 16.666666666666668 465 5567 18.666666666666668 698 248 28.333333333333332 782 2187
MGG_03110T0 392 847.3333333333334 3127.6666666666665 242 925.3333333333334 399.3333333333333 138.33333333333334 699.6666666666666 1334
MGG_15109T0 55 90.33333333333331 210.33333333333337 84.66666666666667 81 84.66666666666667 44 77 152.33333333333334
MGG_01465T0 20.333333333333332 29 62 27 31.333333333333332 26 28.666666666666668 28.333333333333332 42.666666666666664
MGG_02242T0 426 491.3333333333333 970.6666666666666 513.6666666666666 525 429 443 461.3333333333333 732.3333333333334
MGG_05821T0 1.3333333333333337 0 8 1 1.3333333333333333 0 0 0 0.33333333333333337
MGG_16898T0 4 3.3333333333333335 11 4 4 1.3333333333333333 1.3333333333333333 1.6666666666666663 3.3333333333333335
MGG_00190T0 304 541.6666666666666 1561.6666666666667 554.6666666666666 796.6666666666666 539.3333333333334 560 396.3333333333333 534
MGG_16526T0 44.333333333333336 56.333333333333336 237.33333333333337 79.66666666666667 80 58 53.666666666666664 88.33333333333333 68.66666666666667
MGG_05818T0 31 45 254.33333333333337 99.33333333333331 61.333333333333336 67 40.666666666666664 65.33333333333333 40
MGG_04685T0 3191.3333333333335 5677.666666666667 12017.666666666666 4818.666666666667 4634 4651.333333333333 5607.666666666667 4745.333333333333 3776
MGG_00883T0 2964.3333333333335 5335.666666666667 10522 5953.333333333333 5111 4478.333333333333 4684.333333333333 4498.333333333333 4372
MGG_07367T0 83 46.333333333333336 1025 463.3333333333333 19.333333333333332 221 158 44.333333333333336 278.3333333333333
MGG_04433T0 1153.3333333333333 1317.3333333333333 9931.666666666666 3972.6666666666665 1528 3382 3155.6666666666665 1523.6666666666667 2286.3333333333335
MGG_11282T0 651.3653333333333 523.774 2057.5533333333333 1112.8606666666667 667.8643333333333 902.4656666666666 997.262 667.5120000000001 755.7693333333333
MGG_02715T0 194.33333333333337 153.66666666666666 1214.3333333333333 579.6666666666666 125 483 310.6666666666667 81 164.66666666666666
MGG_06647T0 17 10 96.66666666666669 32.333333333333336 1.6666666666666667 25.666666666666668 15.666666666666666 3 7.666666666666667
MGG_18133T0 0 0 2.0801166666666666 0.6666666666666667 0 0.42263666666666666 0 0 0
MGG_17387T0 2.333333333333333 8 23 9.333333333333334 6.666666666666667 12.666666666666666 7.666666666666667 7 5.333333333333333
MGG_03838T0 2663.3333333333335 3213.6666666666665 10966.666666666666 4455 3954.3333333333335 4473.333333333333 5099.666666666667 3770.3333333333335 2864.3333333333335
MGG_11466T0 660 801.6666666666666 1984.8833333333337 1209 895.8293333333334 996.82 1081.3333333333333 956.0933333333334 719
MGG_01303T0 1313 996.3333333333334 4239 1522.6666666666667 1550.3333333333333 2053.6666666666665 1531 1234 1093.6666666666667
MGG_16765T0 31.333333333333332 26.666666666666668 140.66666666666666 51 37.333333333333336 66.66666666666667 44.666666666666664 33.666666666666664 37.666666666666664
MGG_10269T0 1114 2161.3333333333335 8703.666666666666 2607 2655.3333333333335 3905 2460.6666666666665 2759.6666666666665 1980.3333333333333
MGG_11261T0 1324.6666666666667 1429.6666666666667 6034.333333333333 1657 1615 2596.3333333333335 2018 1866.3333333333333 1012
MGG_10058T0 875 690.6666666666666 6370 1441 1697 2335.6666666666665 2077.3333333333335 1680.3333333333333 1076
MGG_05337T0 136.66666666666666 70.33333333333333 477.3333333333333 198.33333333333337 137.66666666666666 222 111 172.33333333333334 270.3333333333333
MGG_17392T0 28.666666666666668 10.666666666666666 81.66666666666667 31 26 38.333333333333336 26.333333333333332 41.666666666666664 38.333333333333336
MGG_03951T0 879.6666666666666 697 2194 910.6666666666666 769.6666666666666 955 933 1055.3333333333333 1280.6666666666667
MGG_06147T0 1624.19 1620.3966666666668 4730.026666666667 2388.463333333333 1978.6366666666663 2436.9966666666664 2084.0666666666666 2435.8233333333333 2512.51
MGG_17342T0 267.6666666666667 89 654.3333333333334 364 168 250.66666666666663 160.66666666666666 218.66666666666663 346.3333333333333
MGG_17870T0 1 0.6666666666666666 12 3.6666666666666665 0.33333333333333337 1.6666666666666663 0.33333333333333337 0 7
MGG_05386T0 4.666666666666667 3.3333333333333335 116 26 3 1.6666666666666663 0.6666666666666667 11.666666666666666 42.333333333333336
MGG_16279T0 0.33333333333333337 0.6666666666666666 13.666666666666666 3.333333333333333 0 1 0.6666666666666666 0 3
MGG_14073T0 0 0 3.6666666666666665 0.6666666666666667 0 0.33333333333333337 0 0 1
MGG_16857T0 3.6666666666666665 0.33333333333333337 12.333333333333334 3.6666666666666665 1 4 1 1 2
MGG_17011T0 10.333333333333334 7.333333333333333 32 14.333333333333334 6.666666666666667 16 7.666666666666667 7.666666666666667 11.666666666666666
MGG_06081T1 602.827 366.31966666666665 1001.8366666666668 524.2819999999999 400.9966666666666 704.0406666666667 408.557 442.764 532.9356666666667
MGG_05153T0 599 161 2052.3333333333335 435 274.3333333333333 882.6666666666666 323.6666666666667 386.6666666666667 641.3333333333334
MGG_04088T0 320 92.66666666666669 1501.6666666666667 277 146.66666666666666 615.6666666666666 274.3333333333333 211.33333333333337 369
MGG_15556T0 24.333333333333332 7 130 18.666666666666668 6 65.33333333333333 9.666666666666666 12 25
MGG_15640T0 19 6.333333333333333 70 10.666666666666666 5.333333333333333 33.333333333333336 9.333333333333334 3 11.333333333333334
MGG_06617T0 300 136.33333333333334 1138.3333333333333 445.3333333333333 104.33333333333331 595 466 195 463.3333333333333
MGG_15063T0 487.3333333333333 135.33333333333334 2055 963 93 1048.6666666666667 782.3333333333334 92.33333333333331 787
MGG_08299T0 219 140 1041 414 129.66666666666666 401.6666666666667 334.3333333333333 162 476
MGG_15775T1 186.12023333333337 22.226366666666667 814.792 283.263 39.0473 281.11400000000003 210.44666666666663 37.97006666666667 235.69233333333335
MGG_00338T0 391 230 2168 561.6666666666666 179.66666666666666 937.6666666666666 544.3333333333334 257 569
MGG_07786T0 8 6.666666666666667 54.666666666666664 15.333333333333334 7.333333333333333 25.333333333333332 12.666666666666666 7 17
MGG_02539T0 79.33333333333333 26.333333333333332 372.3333333333333 111.33333333333331 32 173.33333333333334 127.33333333333331 50.666666666666664 116
MGG_10118T0 795 180.33333333333337 4604.666666666667 1339.3333333333333 293 2023.6666666666667 1069 355.3333333333333 1363
MGG_12817T0 639.6666666666666 108 3508.6666666666665 635 116.33333333333331 1723 726.6666666666666 162 1457.6666666666667
MGG_05198T0 358.6666666666667 212 2040.3333333333333 544 257 1053.6666666666667 464.3333333333333 270.3333333333333 852.6666666666666
MGG_06856T0 660 298.3333333333333 4422 500 292.3333333333333 2011 845 293 1557.3333333333333
MGG_07394T0 271.6666666666667 100.33333333333331 1068 287.3333333333333 127.66666666666669 485.6666666666667 285.6666666666667 138.33333333333334 421.6666666666667
MGG_07088T0 313 87 2019.6666666666667 353 163 848 448.3333333333333 227 721
MGG_00722T0 905.3333333333334 201.66666666666663 4982.666666666667 1360.3333333333333 451.6666666666667 2828.6666666666665 1567.6666666666667 729 1896
MGG_06725T0 1077 557.3333333333334 2716.6666666666665 1083.6666666666667 576 1628.6666666666667 1103.6666666666667 630.6666666666666 1457.3333333333333
MGG_12107T0 364 51.666666666666664 1675.6666666666667 583.3333333333334 104 920.6666666666666 390.6666666666667 134 731.6666666666666
MGG_03613T0 443 129 1230.6666666666667 287.3333333333333 132.66666666666666 605 442.6666666666667 208.66666666666663 539
MGG_03868T0 1082.3333333333333 242.33333333333337 2693.6666666666665 801 339 1556.6666666666667 955.3333333333334 474.3333333333333 1096
MGG_17676T0 6.333333333333333 0 31 4 3 12.666666666666666 10 0 8.666666666666666
MGG_17825T0 469.2556666666667 96.97553333333332 1844.1233333333332 353.29 109.13173333333332 669.6336666666667 535.7 169.183 552.5936666666666
MGG_01370T0 288.6666666666667 194 1524.6666666666667 259.6666666666667 106 621.6666666666666 404.6666666666667 118 448
MGG_12650T0 8107 3266.6666666666665 14376 5227 4888.333333333333 7718.333333333333 7939 6465.333333333333 5281
MGG_00742T1 1297.354 929.0936666666666 6912.303333333333 1483.5813333333333 605.5903333333333 1877.7 2291.4366666666665 467.652 687.811
MGG_16117T0 11.333333333333334 2.3333333333333335 63 16 1 18 20 5.666666666666667 7.666666666666667
MGG_04385T0 765 408.3333333333333 3272.6666666666665 754.3333333333334 298.6666666666667 1203.6666666666667 1099.3333333333333 407 784
MGG_06991T0 2982.753333333333 419.1586666666667 20827.133333333335 1972.59 714.6966666666667 5094.653333333334 5605.41 1318.6633333333334 3077.96
MGG_14297T0 2464.6666666666665 989.6666666666666 9077.666666666666 1748 937 2502.3333333333335 2263 968 2516
MGG_11682T0 1035 152.33333333333334 5227 904.3333333333334 166 953.6666666666666 1457.3333333333333 248.66666666666663 1099
MGG_09761T0 72124.33333333333 8196.333333333334 174905.33333333334 26245.333333333332 15012.666666666666 42989 46026.333333333336 15298 24445.666666666668
MGG_01547T0 3465.2166666666667 1306.81 7699.47 1766.9166666666667 1409.486666666667 2838.73 2153.4566666666665 1119.5433333333333 1624.8733333333334
MGG_02695T0 6638.333333333333 622 15629 2576 950 4494 6207.666666666667 1542 2735
MGG_13816T0 1064.5253333333335 506.134 1794.993333333333 818.4639999999999 704.5186666666667 1026.1706666666666 976.5423333333332 702.0226666666667 862.593
MGG_01620T0 3397.6666666666665 2289.6666666666665 6236.333333333333 2722.3333333333335 1855 3853.3333333333335 3378.3333333333335 2522.3333333333335 2747.6666666666665
MGG_17686T0 2.3333333333333335 0.33333333333333337 9.333333333333334 0.33333333333333337 1.3333333333333337 3.3333333333333335 2.3333333333333335 0 1
MGG_15659T0 0.6666666666666667 0 3 0 0 1 0.6666666666666667 0 0
MGG_06423T0 835.3333333333334 682.6666666666666 1804.3333333333333 506 619 1130.6666666666667 885.3333333333334 886 882
MGG_06293T0 18454.433333333334 19999.36666666667 32559.366666666665 14272.5 15677.766666666666 20303.5 18060.63333333333 19515.1 18156.8
MGG_02880T0 2208.3333333333335 2574.3333333333335 13557.666666666666 3390.6666666666665 3240.6666666666665 4693.333333333333 6113.333333333333 4513.333333333333 4441.333333333333
MGG_04188T0 1646.6666666666667 1589.3333333333333 5101.333333333333 1514 2155 2057.6666666666665 2572.3333333333335 2326.3333333333335 2135
MGG_03713T0 40 19.666666666666668 134 31 42 61.666666666666664 60.666666666666664 44.333333333333336 43.333333333333336
MGG_12899T0 321.21866666666665 263.27666666666664 1319.43 419.5643333333333 424.80466666666666 719.4276666666667 562.7846666666667 485.85133333333334 614.5746666666666
MGG_00470T0 13.333333333333334 3.3333333333333335 139.33333333333334 10.666666666666666 22.666666666666668 65.66666666666667 46.666666666666664 40.333333333333336 42.666666666666664
MGG_13793T0 235 322 2886.3333333333335 152.66666666666666 833.6666666666666 725.3333333333334 184.33333333333337 949 506.6666666666667
MGG_04793T0 2381.3333333333335 3567 21331.333333333332 2365.3333333333335 7141 7102 3008.6666666666665 9291 3825
MGG_07278T0 477.3333333333333 1407.6666666666667 11487 802 2130.3333333333335 3207.3333333333335 423.6666666666667 2408 705.6666666666666
MGG_12275T0 2846.3333333333335 13644 111758 1741 25921.333333333332 36679.666666666664 4500.333333333333 22391 13110.666666666666
MGG_10429T0 55.666666666666664 886.6666666666666 4037 61.666666666666664 1038.6666666666667 1069 55 881.3333333333334 996
MGG_00005T0 31.06368 56.11163333333333 176.281 17.180686666666666 48.410833333333336 66.8123 16.797053333333334 48.12093333333333 50.73223333333333
MGG_04577T0 168.66666666666666 476 2064.3333333333335 304.3333333333333 629 526.6666666666666 226.66666666666663 563.6666666666666 384.3333333333333
MGG_12119T1 27.627650000000003 87.24226666666667 432.78133333333335 65.5439 126.222 100.39143333333334 11.689833333333333 83.36473333333333 91.37403333333332
MGG_03499T0 301.6666666666667 1188.3333333333333 5002 402.6666666666667 923 1036 465.6666666666667 1029.3333333333333 528.3333333333334
MGG_12301T0 2139.6666666666665 3547.3333333333335 13888.333333333334 1620 3181.3333333333335 3395.3333333333335 1840.3333333333333 4170.333333333333 2249
MGG_12538T0 518.6666666666666 1120.3333333333333 3768.6666666666665 594.6666666666666 886.3333333333334 1012 351 981 905.3333333333334
MGG_12339T0 82.12333333333333 224.66666666666663 912.8553333333332 56.341766666666665 122.44473333333332 169.96366666666663 69.41626666666667 211.97766666666664 206.52366666666663
MGG_11454T0 1566.6666666666667 10562 25479 2707.6666666666665 9890.666666666666 8895 3868.6666666666665 8835 5246.666666666667
MGG_03690T0 4026.3333333333335 5969.333333333333 14727 4224.666666666667 6862.333333333333 6004 3661.3333333333335 6583 2709.6666666666665
MGG_17435T0 8 14.666666666666666 53 8 22 11 4.666666666666667 17 9.333333333333334
MGG_15378T0 197.33333333333337 23 579 66 12.333333333333334 117 47.666666666666664 15 157
MGG_16795T0 31.666666666666668 3 71 12.333333333333334 4 17 18 9.666666666666666 21.666666666666668
MGG_10650T0 124.66666666666666 9 354 40.333333333333336 23.333333333333332 117 27 29.666666666666668 39.666666666666664
MGG_10360T0 242.33333333333331 78.66666666666667 782.3333333333334 59.333333333333336 56.333333333333336 277 74.33333333333333 73.33333333333333 175.66666666666666
MGG_06181T0 132.33333333333334 54.333333333333336 439.6666666666667 62.666666666666664 21.333333333333332 135.33333333333334 81.66666666666667 38 94.33333333333331
MGG_13944T0 764.6666666666667 199.33333333333337 2935.3333333333335 465.6666666666667 72 902 245.33333333333337 32.666666666666664 420.3333333333333
MGG_05528T0 3041.3333333333335 2594.6666666666665 7979.666666666667 2059.3333333333335 1966 2941.3333333333335 2765.3333333333335 2394.6666666666665 2360
MGG_07045T0 722.6666666666666 191.33333333333337 3354 278.3333333333333 202.66666666666663 776.6666666666666 587.3333333333334 345.3333333333333 375.3333333333333
MGG_14299T0 31.333333333333332 15.333333333333334 131 20.666666666666668 9 32 25.666666666666668 10.333333333333334 21.666666666666668
MGG_16325T0 0.33333333333333337 0 1.6666666666666667 0 0 0 0 0 0
MGG_02234T0 136.33333333333334 16.666666666666668 581 4.666666666666666 0.6666666666666667 0.33333333333333337 19 3.666666666666667 30
MGG_11737T0 13698.666666666666 3909.3333333333335 39397 3719.6666666666665 4004.3333333333335 9356 4402.666666666667 4599 6929.333333333333
MGG_12733T0 24.666666666666664 6 67.66666666666667 3.3333333333333335 4.333333333333333 14.333333333333332 6.333333333333333 8.333333333333334 13.666666666666666
MGG_17388T0 28.333333333333332 10.333333333333334 119 14.333333333333334 13.333333333333334 26.333333333333332 9.333333333333334 11.666666666666666 18
MGG_16844T0 27.333333333333332 4 114 3.6666666666666665 6 22.666666666666668 12.666666666666666 1.6666666666666663 20.333333333333332
MGG_02926T0 1476.3333333333333 1244.6666666666667 3369.3333333333335 973.3333333333334 1456 1526.3333333333333 851.6666666666666 1159.6666666666667 1386.6666666666667
MGG_10549T0 20.333333333333332 5 55.66666666666667 8.666666666666666 6 21.666666666666668 5.333333333333333 18.333333333333332 12
MGG_10126T0 4259.856666666667 1433.6133333333337 12620.533333333333 2922.25 2902.7466666666664 4856.913333333334 3549.8733333333334 4607.6 4366.426666666666
MGG_07703T0 304.6666666666667 154.33333333333334 1247.3333333333333 154 130.33333333333334 385.6666666666667 217.66666666666663 225 288.6666666666667
MGG_04858T0 8212.666666666666 3478.3333333333335 33866 5120.666666666667 4513.333333333333 11540.666666666666 5728.666666666667 6730 10189
MGG_17722T0 66.66666666666667 37.66993333333333 216.66666666666663 29.333333333333332 36.333333333333336 64.33333333333333 42.674 56.666666666666664 50.666666666666664
MGG_15813T0 1614 1117.6666666666667 5237.666666666667 838.3333333333334 1454.3333333333333 1927.3333333333333 1103.3333333333333 1677.3333333333333 1734
MGG_09410T0 170.33333333333334 65 420.3333333333333 56.333333333333336 83.33333333333333 166.66666666666666 82.33333333333333 137.66666666666666 174.33333333333334
MGG_12307T0 1272.1376666666667 522.1383333333333 4629.786666666667 568.3969999999999 1004.4703333333332 1722.15 195.39766666666668 983.0583333333334 1497.4046666666666
MGG_01129T0 650.3333333333334 382.6666666666667 1900.3333333333333 399 457.3333333333333 886.6666666666666 239 518.6666666666666 661.3333333333334
MGG_16818T0 5.333333333333334 0 34 0 0.6666666666666667 13.333333333333332 0 1 7
MGG_15742T0 16 4.666666666666667 80.66666666666667 4 8.333333333333334 28.666666666666668 3.666666666666667 11.333333333333334 21
MGG_06788T0 246.33333333333337 138 917.6666666666666 99.33333333333331 139.66666666666666 413.6666666666667 107.33333333333331 191.33333333333337 342.3333333333333
MGG_12068T0 2.3333333333333335 0 10.666666666666666 0.6666666666666667 0 0 0 0 4.333333333333334
MGG_05318T0 2215.3333333333335 2205 5102.666666666667 1724.6666666666667 1744.3333333333333 2219.6666666666665 1961.3333333333333 1818 3075.3333333333335
MGG_18077T0 8.333333333333334 5.333333333333333 41 0.33333333333333337 5 4 5.333333333333333 4 14
MGG_10638T0 697.3333333333334 1278.3333333333333 4804 1092.3333333333333 1548.6666666666667 1621.6666666666667 1182 1679 2802
MGG_00513T0 303.3333333333333 204 38649 434.3333333333333 2544.3333333333335 7552.333333333333 736.6666666666666 8114.666666666667 16697.666666666668
MGG_17535T0 247.0716666666667 379.0106666666667 2836.0466666666666 576.1653333333334 300.25666666666666 658.9493333333334 656.986 303.6186666666667 882.6473333333333
MGG_05924T0 436 605.6666666666666 5670 1017.3333333333334 146.66666666666666 1504.6666666666667 623.6666666666666 234.66666666666663 2049.6666666666665
MGG_14303T0 564.6666666666666 401 1276 446 434.6666666666667 667 566.6666666666666 545.3333333333334 708
MGG_06197T0 4195.666666666667 459.6666666666667 24295 2323.3333333333335 738.6666666666666 4550.666666666667 2668.6666666666665 965.6666666666666 8176.333333333333
MGG_00057T0 141.5322 63.93883333333333 742.3116666666666 114.012 52.5818 189.43266666666668 194.44633333333337 83.18203333333332 332.7493333333333
MGG_01461T0 3433.3333333333335 515.6666666666666 22437 3080.3333333333335 203 6593.333333333333 3322 445.3333333333333 9220.333333333334
MGG_03532T0 777.4593333333333 342.8453333333333 3240.16 732.1086666666666 439.12666666666667 1182.8363333333334 1017.4056666666668 708.953 1112.27
MGG_03055T0 261.4433333333333 102.16246666666666 937.7946666666668 282.4986666666667 167.46166666666667 371.20733333333334 316.00266666666664 217.628 399.58866666666665
MGG_06243T0 996.3333333333334 921.6666666666666 7010.333333333333 1567.6666666666667 1103 2561 1946 1232.3333333333333 3099.6666666666665
MGG_04070T0 161.33333333333334 47.333333333333336 1112.6666666666667 211.33333333333337 88 300.3333333333333 235 79 406
MGG_01218T0 25 11.666666666666666 179 34.666666666666664 13.666666666666666 54 38 22.333333333333332 58
MGG_05253T0 575 448.6666666666667 3009.3333333333335 297 863.3333333333334 978.3333333333334 312 682 1108.6666666666667
MGG_10647T0 77.33333333333333 39.333333333333336 709.6666666666666 14 45 189.47166666666664 28.666666666666668 108.332 231.625
MGG_04555T0 612.3333333333334 385 2635 142 507 722.3333333333334 271.6666666666667 585.6666666666666 1102
MGG_06730T0 500 493.6666666666667 1695.3333333333333 275 539 621.6666666666666 415.6666666666667 532.3333333333334 808.6666666666666
MGG_08936T0 79.36996666666667 158.88066666666666 674.2136666666667 120.24656666666668 123.58433333333332 291.851 112.873 164.99066666666667 307.68
MGG_08977T0 4.333333333333333 30.666666666666668 227.66666666666663 6.666666666666667 3.3333333333333335 68 7.666666666666667 12 72.33333333333333
MGG_06723T0 603.3333333333334 1218.3333333333333 6116.666666666667 560.3333333333334 584.3333333333334 2019 407.6666666666667 644.3333333333334 2617.6666666666665
MGG_16269T0 39 106.66666666666669 459.6666666666667 56 51.333333333333336 160.33333333333334 25.666666666666668 62.333333333333336 189.66666666666663
MGG_16339T0 7.333333333333333 6 176 5.666666666666667 4.666666666666667 70 11 5.333333333333333 75.66666666666667
MGG_06854T0 69.0321 212.098 4452.493333333333 49.73933333333333 248.4763 1652.22 74.52316666666667 77.99426666666666 1693.1366666666668
MGG_03259T0 0 2.3333333333333335 57.333333333333336 1 2 21 0.33333333333333337 0.33333333333333337 23.666666666666668
MGG_17206T0 8 3 185 4.333333333333333 0.6666666666666667 52.666666666666664 10.666666666666666 3.3333333333333335 71.66666666666667
MGG_14871T0 0 1.3333333333333337 62.333333333333336 1 0 18 2 0.6666666666666667 25.666666666666668
MGG_09330T0 105.66666666666669 159 2294.6666666666665 113 137.66666666666666 718 88 166.66666666666666 980.6666666666666
MGG_14198T0 1.6666666666666667 51.666666666666664 3786.3333333333335 1.3333333333333333 11 1057 2.3333333333333335 62 1518
MGG_00701T0 14.333333333333334 19 76 15.333333333333334 18 34.666666666666664 17.666666666666668 17.666666666666668 36.666666666666664
MGG_04762T0 25.333333333333332 44 737.6666666666666 38.666666666666664 28 228.66666666666663 46 53.333333333333336 261
MGG_07784T0 48.766533333333335 25.405166666666663 4642.54 101.94566666666668 16.333333333333332 1477.691 266.1963333333333 27.1397 1587.7033333333334
MGG_09352T0 80.66666666666667 88 3690.3333333333335 76 39.333333333333336 1199.3333333333333 68.33333333333333 61 1372
MGG_07090T0 204.65133333333335 188.245 926.5353333333334 208.1233333333333 199.87466666666663 342.7493333333333 260.2923333333333 210.48266666666663 502.47833333333335
MGG_02609T0 53.666666666666664 30.666666666666668 812 61.333333333333336 24.666666666666668 163 123.66666666666669 48.333333333333336 335.6666666666667
MGG_07808T0 32.333333333333336 189.66666666666663 1789.3333333333333 60 35.333333333333336 495.3333333333333 119 77.33333333333333 813
MGG_10483T0 13 965.3333333333334 15229.666666666666 23 20.333333333333332 3418.3333333333335 24.666666666666668 18.333333333333332 6349.333333333333
MGG_11599T0 204.66666666666663 100.33333333333331 3166.3333333333335 215.66666666666663 173 892.6666666666666 120.33333333333331 278 1494.6666666666667
MGG_06790T0 5.666666666666667 4.666666666666667 76.66666666666667 2.6666666666666665 0 17.333333333333332 4 1.6666666666666663 31.333333333333332
MGG_17864T0 19 0.6666666666666667 402 4 4.666666666666667 92 19.666666666666668 7 176.66666666666666
MGG_10657T0 533.3333333333334 514 16405.666666666668 387 515.6666666666666 3918.3333333333335 546 428.3333333333333 6704.333333333333
MGG_13108T0 0 0 6.666666666666667 0 0 1.3333333333333333 0 0 2.6666666666666665
MGG_03043T0 1.3333333333333337 5.333333333333333 90 2.3333333333333335 9 19 7.666666666666667 6 33.333333333333336
MGG_01951T0 0.33333333333333337 0 67 3.6666666666666665 0.6666666666666666 13 1.3333333333333333 0 24.333333333333332
MGG_05235T0 35 23.333333333333332 2705.6666666666665 32.666666666666664 25.666666666666668 457.6666666666667 94.66666666666669 35.333333333333336 998
MGG_06222T0 17.666666666666668 3.3333333333333335 723.3333333333334 1.6666666666666663 2.6666666666666665 106 4.666666666666667 5 223.33333333333337
MGG_05051T0 3 13.333333333333334 426.3333333333333 1.6666666666666667 2.3333333333333335 73.66666666666667 2.6666666666666665 4 145.33333333333334
MGG_15754T0 0 0 11.666666666666666 0 0 2 0 0 3.6666666666666665
MGG_09323T0 20.666666666666668 145.66666666666666 2344.3333333333335 20.666666666666668 38.333333333333336 488 42.333333333333336 27.333333333333332 858.3333333333334
MGG_02115T0 3.333333333333333 5.666666666666667 9984.333333333334 6.666666666666667 6 2388.6666666666665 3.666666666666667 12.333333333333334 3357.3333333333335
MGG_10796T0 0 0.6666666666666667 3192.6666666666665 0 0.33333333333333337 666 0 0 1066.3333333333333
MGG_08761T0 31 337.6666666666667 19052.333333333332 12 24.666666666666668 3790.3333333333335 20.333333333333332 17.333333333333332 6669.666666666667
MGG_01421T0 222.66666666666663 551.3333333333334 3147.3333333333335 719 642.3333333333334 997.3333333333334 597.3333333333334 695.3333333333334 1219.6666666666667
MGG_16623T0 1.3333333333333337 0.33333333333333337 335 0 21.333333333333336 39 3.3333333333333335 58.333333333333336 81
MGG_02117T0 716 2464.6666666666665 28946.333333333332 1910 2686.6666666666665 4314.333333333333 1626.3333333333333 3562.3333333333335 9546.333333333334
MGG_03115T0 23.666666666666668 6.333333333333333 583 18.666666666666668 32.333333333333336 72.66666666666667 13.666666666666666 64 160.33333333333334
MGG_03545T0 57 118.33333333333331 2228 83.33333333333333 170.33333333333334 453.6666666666667 68.33333333333333 251 578.6666666666666
MGG_04048T0 6.0159666666666665 11.666666666666666 130.66666666666666 16.333333333333332 14.333333333333334 32.666666666666664 12.012506666666669 26.017666666666667 46.84973333333333
MGG_09793T0 2.6666666666666665 6 59.333333333333336 1.3333333333333333 0.6666666666666667 17 7.666666666666667 5 14.666666666666666
MGG_06746T0 0.6666666666666667 3.3333333333333335 36 0.33333333333333337 2 9.333333333333334 2.3333333333333335 3.3333333333333335 8.333333333333334
MGG_06973T0 2062 6929 55364.666666666664 858.6666666666666 391.6666666666667 9272.666666666666 1446 409.6666666666667 14623.333333333334
MGG_15565T0 888.6666666666666 916.6666666666666 6105.666666666667 355.6666666666667 428.3333333333333 1752.6666666666667 530.6666666666666 396.6666666666667 1943
MGG_03263T0 138.33333333333334 226.45233333333337 2355.5466666666666 94.66666666666669 74 606.9553333333333 199.66666666666663 133.716 618.065
MGG_00110T0 134.33333333333334 198.66666666666663 1401 106.66666666666669 80.66666666666667 381.6666666666667 77 114 389.3333333333333
MGG_12110T0 883.3333333333334 963.6666666666666 6030.666666666667 811.3333333333334 967 1945.3333333333333 608.6666666666666 930.6666666666666 2274.6666666666665
MGG_10746T0 130.33333333333334 118.62966666666668 1978.4666666666665 117.43366666666668 48.2586 289.3806666666667 141.14833333333334 61.4111 555.0093333333333
MGG_02778T0 2.3333333333333335 19 453020.3333333333 15.666666666666666 9.333333333333334 70639 5 6.666666666666667 106711.33333333331
MGG_12748T0 3.666666666666667 3 1045 14.666666666666666 6 160.33333333333334 9 8.666666666666666 241.66666666666663
MGG_09332T0 39.666666666666664 29.333333333333332 838.3333333333334 37.333333333333336 37 136 49 61 225.33333333333337
MGG_02342T0 0 3.3333333333333335 3204.3333333333335 0 0.6666666666666667 308.6666666666667 0 1.3333333333333337 680.6666666666666
MGG_07690T0 0 1 31171.333333333332 3 1 4078.3333333333335 0 1.3333333333333333 6477.333333333333
MGG_05843T0 1.3333333333333337 1.3333333333333333 955.3333333333334 0 1 114 1.6666666666666663 4 193.33333333333337
MGG_00844T0 41.3463 171.71733333333333 2178.786666666667 48.666666666666664 134.387 450.63466666666665 127.43953333333334 121 609.5046666666667
MGG_15544T0 3.3333333333333335 5.333333333333333 114.66666666666669 6.333333333333333 2.6666666666666665 27.666666666666668 5 2.3333333333333335 30.333333333333332
MGG_08776T0 44.333333333333336 3.6666666666666665 7612.333333333333 13 5.666666666666667 1730.3333333333333 52.666666666666664 15 1963.3333333333333
MGG_08949T0 141 23.333333333333332 3720 97.33333333333334 20 761 70 33 982.3333333333334
MGG_09863T0 77.66666666666667 24.333333333333332 29027.666666666668 95.66666666666669 29 5424 218.33333333333337 45 7185.333333333333
MGG_03671T0 8.666666666666666 15.333333333333334 1405.3333333333333 3.6666666666666665 10.666666666666666 274.3333333333333 12.333333333333334 13.666666666666666 351.6666666666667
MGG_04726T0 918 282 25022.666666666668 923 379.6666666666667 4665 682.3333333333334 527 7406.666666666667
MGG_07424T0 31 10.666666666666666 853.6666666666666 28 2.6666666666666665 141.33333333333334 20.666666666666668 10 240
MGG_09234T0 26 15 405 20.333333333333332 14 79 22 19 116.66666666666669
MGG_04816T0 74.66159999999999 53.75223333333333 3988.77 27.4746 79.31063333333333 820.2583333333333 190.42126666666667 143.2936 1129.0553333333337
MGG_16701T0 0 0.6666666666666667 52.333333333333336 0 0 8.666666666666666 0.33333333333333337 1.6666666666666667 14.666666666666666
MGG_11610T0 21 171.66666666666666 1025.3333333333333 11.333333333333334 6 46 17.666666666666668 13 321
MGG_03820T0 0 0 3.3333333333333335 0 0.33333333333333337 0 0 0 1
MGG_16329T0 5 14.666666666666666 238 0 5 18 0 2.6666666666666665 73.33333333333333
MGG_05161T0 92.66666666666669 154.33333333333334 1237.6666666666667 106.33333333333331 89 203.66666666666663 113.66666666666669 117.33333333333331 438
MGG_13576T0 0 2.3333333333333335 103 2 2.666666666666667 10.333333333333334 0 0.6666666666666667 30.666666666666668
MGG_09185T0 96.33333333333331 91.66666666666669 9295.333333333334 119.33333333333331 93.33333333333331 1066.3333333333333 177.33333333333334 115 3201.6666666666665
MGG_09631T0 5 0.6666666666666667 481 7.666666666666666 0 38 0 0 156
MGG_12496T0 2.666666666666667 0.33333333333333337 109 0.33333333333333337 0 0 1.3333333333333337 0 38.666666666666664
MGG_05491T0 2 3.3333333333333335 1160.6666666666667 0.33333333333333337 0.6666666666666666 46.333333333333336 2 1.6666666666666667 309.3333333333333
MGG_03584T0 34.666666666666664 29 10608.333333333334 19.666666666666668 34 85.66666666666667 59.333333333333336 62.666666666666664 3135.3333333333335
MGG_09813T0 0 0 3.666666666666667 0 0 0 0 0 1
MGG_16355T0 0.6666666666666667 0.33333333333333337 4.666666666666667 0.33333333333333337 1 0.33333333333333337 0 0.33333333333333337 1.3333333333333337
MGG_01327T0 1519 2673.3333333333335 8618.666666666666 1902.3333333333333 1956.6666666666667 2449 971 1611.3333333333333 2996.6666666666665
MGG_12732T0 1.33748 7.674600000000001 42.4612 1.3366433333333332 4.017576666666667 5.034993333333333 3.34248 2.6791400000000003 9.035386666666668
MGG_10241T0 0 3.3333333333333335 26.666666666666664 0 1.6666666666666663 0 0 0 4.333333333333333
MGG_16647T0 1.3333333333333333 8.666666666666666 75 0 9 1 1.6666666666666667 2.3333333333333335 15.666666666666666
MGG_01190T0 110 93 3726.3333333333335 129 336 204.66666666666663 91.66666666666669 423.3333333333333 196.66666666666663
MGG_07831T0 162 88 1158 87.33333333333333 167 123.66666666666669 79 207.33333333333337 129
MGG_15040T0 0 0 17.666666666666668 0 0.33333333333333337 0 0 2.666666666666667 0
MGG_16787T0 0 0 3.3333333333333335 0 0.33333333333333337 0 0 0.6666666666666667 0
MGG_04672T0 7124.333333333333 3734.3333333333335 37021.333333333336 5167 6097.666666666667 8774.333333333334 6127.666666666667 8922 5528.333333333333
MGG_01579T0 10288.333333333334 8036 29020 7463 8817 9460 10714 10659.666666666666 8539.666666666666
MGG_08155T1 17.361066666666666 16.462886666666666 101.2214 30.4398 18.731466666666662 26.659166666666664 26.285766666666667 35.1539 16.50271
MGG_00555T0 782 1640.3333333333333 13403 1837 2491.6666666666665 3806.3333333333335 1911 2424.3333333333335 1362
MGG_00249T0 764.6666666666666 1249.3333333333333 5202.666666666667 1392 1394.6666666666667 1663.3333333333333 1521 1554 989
MGG_06247T0 950 1631.3333333333333 9054.333333333334 1786 2374.3333333333335 2508.6666666666665 2577.3333333333335 2565.3333333333335 1670.3333333333333
MGG_02779T0 3287.3333333333335 3286 14200.333333333334 4546.333333333333 4429.666666666667 4460.333333333333 4605.666666666667 5073.333333333333 4425.333333333333
MGG_11211T0 1698 2531.6666666666665 7410.666666666667 2500.3333333333335 2704 2641.6666666666665 2584.3333333333335 2976.6666666666665 2601.3333333333335
MGG_12944T0 2531.6666666666665 2228.3333333333335 9698.666666666666 3950 2282.6666666666665 3075.6666666666665 3521 2352 2568
MGG_05336T0 3777.3333333333335 3455.6666666666665 28161.333333333332 6268 3808 5556 6052 4519.666666666667 4014
MGG_03519T0 118.66666666666669 59.333333333333336 2875.6666666666665 423.3333333333333 43.666666666666664 590.6666666666666 433 58.333333333333336 144
MGG_04018T0 65.46413333333334 52.263333333333335 1675.8366666666666 331.75983333333335 79.50163333333333 321.8473333333334 194.51166666666663 79.7889 197.15833333333333
MGG_12863T0 30.666666666666668 9 222 46.333333333333336 12.666666666666666 23.666666666666668 20.666666666666668 11.666666666666666 12.666666666666666
MGG_07857T0 0 0.6666666666666666 11 2.333333333333333 0 0.6666666666666667 0.33333333333333337 0.33333333333333337 1
MGG_03552T0 602.3333333333334 661.3333333333334 1889.5533333333333 714 424.3333333333333 961 657.4936666666666 439.6666666666667 759.4433333333334
MGG_17890T0 178 182 1369.3333333333333 315.6666666666667 124.33333333333331 441.3333333333333 300.6666666666667 118.66666666666669 342.6666666666667
MGG_03555T0 762 518.3333333333334 4206.333333333333 1136 354 1394.6666666666667 746.3333333333334 364 746
MGG_03451T0 4396 3047.3333333333335 22733.666666666668 5252.666666666667 3390.6666666666665 7967 4358.666666666667 4715.666666666667 7133.333333333333
MGG_01830T0 4.333333333333333 2.3333333333333335 90.33333333333331 8 3 26.333333333333332 4.666666666666667 10.666666666666666 17.666666666666668
MGG_03168T0 24.333333333333332 8.666666666666666 239.66666666666663 29.333333333333332 11.333333333333334 71.33333333333333 15.666666666666666 10.666666666666666 62.333333333333336
MGG_05710T0 168.66666666666666 125 641.3333333333334 203.66666666666663 131 257.3333333333333 121.66666666666669 151.66666666666666 245.66666666666663
MGG_06843T0 461 328.6666666666667 2809 804.6666666666666 589.6666666666666 1172.6666666666667 412.6666666666667 539.3333333333334 875.3333333333334
MGG_17084T0 86.66666666666667 137.66666666666666 2540.6666666666665 419.66666666666663 111.33333333333331 797 114 135 351.6666666666667
MGG_01204T0 2645.6666666666665 2147 9662 3330 2018 3985.3333333333335 3577.6666666666665 2937 3363
MGG_04468T0 693.6666666666666 567 3998.6666666666665 1146.3333333333333 793.6666666666666 1695 1106 897.6666666666666 1386.3333333333333
MGG_17397T0 3 3.6666666666666665 40.666666666666664 5 1.3333333333333333 14.333333333333334 7 4.333333333333333 10.333333333333334
MGG_08593T0 2929 4256 20145.333333333332 2445 3539.3333333333335 5917.666666666667 4903.666666666667 1988.3333333333333 5235.333333333333
MGG_12594T0 1298.3333333333333 1267.6666666666667 3441.3333333333335 987.6666666666666 1030 1589 1468 894 1395
MGG_13814T0 15.666666666666666 22.666666666666668 126 8 20.333333333333332 35.333333333333336 28.333333333333332 22.333333333333332 23
MGG_06994T0 4556 6004 25530.333333333332 4190 5914.666666666667 6740.666666666667 4830.333333333333 5896.333333333333 4822.333333333333
MGG_17128T0 1.6666666666666663 7.666666666666667 77 2.3333333333333335 10 15 3 1.3333333333333333 5.333333333333333
MGG_10255T0 14.666666666666668 19 331.6666666666667 0.33333333333333337 4.333333333333333 116.33333333333331 1.6666666666666663 8.333333333333334 6
MGG_04038T0 586.0073333333333 554.812 5978.276666666667 335.849 624.306 1778.65 434.84833333333336 735.0903333333333 585.546
MGG_01963T0 3.666666666666667 3.3333333333333335 2055.3333333333335 6.333333333333333 8.333333333333334 662 2 5 62
MGG_17347T0 30.666666666666668 17.666666666666668 2141.3333333333335 36.666666666666664 20.333333333333332 656 29.666666666666668 18.666666666666668 56.333333333333336
MGG_18026T0 0 0 2.3333333333333335 0 0 0.6666666666666667 0 0 0
MGG_04568T0 146.09566666666666 293.434 4038.2933333333335 172.98533333333333 297.1093333333333 1287.3466666666668 215.59566666666663 279.098 414.1263333333333
MGG_11644T0 10 24.333333333333332 1641 13.666666666666666 23 429.6666666666667 14.666666666666666 13 25.333333333333332
MGG_15419T0 0 0.33333333333333337 189.66666666666663 0 0 46 0 0 1
MGG_06865T0 23.333333333333332 4 33609 21 3.333333333333333 9042.333333333334 13 0.6666666666666667 1662.3333333333333
MGG_10286T0 0.33333333333333337 0 46.666666666666664 0 0 11.333333333333334 0.33333333333333337 0.33333333333333337 2.3333333333333335
MGG_00512T0 0 0 48.666666666666664 2.6666666666666665 0.6666666666666667 12.333333333333334 0.33333333333333337 0 2
MGG_17205T0 0.33333333333333337 1 55.333333333333336 1.3333333333333337 3.333333333333333 14.333333333333334 0 0.33333333333333337 1.6666666666666667
MGG_00048T0 35.666666666666664 146.66666666666666 1025.3333333333333 66.33333333333333 82.33333333333333 275.3333333333333 77.33333333333333 114.66666666666669 81
MGG_00339T0 244.66666666666663 2914 17315.333333333332 260.6666666666667 243.66666666666663 5213.666666666667 305 293.6666666666667 578.6666666666666
MGG_09322T0 86.266 758.2346666666666 6795.91 90.9792 265.6753333333333 1613.8200000000002 177.059 205.317 271.165
MGG_02421T0 57 818.3333333333334 7571 48.333333333333336 173.33333333333334 1834 57.666666666666664 171.33333333333334 462.6666666666667
MGG_07345T0 0 10.333333333333334 81 0 1.6666666666666663 19.333333333333332 0 1.6666666666666667 4
MGG_07704T0 243.66666666666663 2001 15923 289.6666666666667 378.6666666666667 4402.333333333333 569.3333333333334 500 1422
MGG_07872T0 25 133.66666666666666 861.6666666666666 20.666666666666668 16.666666666666668 224.33333333333337 9.666666666666666 16 59
MGG_12337T0 1054 247583.33333333337 1780950 564 8359 456110 1219 5086 107149.33333333331
MGG_06145T0 1621 3551 21823 2993 2416.6666666666665 5382.333333333333 3399.3333333333335 2181 2256.3333333333335
MGG_10706T0 6.666666666666667 2097 20904 18.666666666666668 14 2572 11 4.333333333333333 79
MGG_09388T0 967.3333333333334 4678 26028 1188.6666666666667 949.3333333333334 4812.333333333333 1140 820.6666666666666 1290.6666666666667
MGG_00245T0 24 407.6666666666667 14319 47.333333333333336 79 3216.6666666666665 234.33333333333337 43.333333333333336 706.6666666666666
MGG_10362T0 37 50.333333333333336 3259 5 3 675.6666666666666 13 3.3333333333333335 124.66666666666669
MGG_06845T0 0.33333333333333337 80.66666666666667 3712.3333333333335 5.333333333333333 6.666666666666667 747.6666666666666 1 8.333333333333334 56.333333333333336
MGG_16189T0 0.6666666666666667 19.666666666666668 720.6666666666666 0 2 147.33333333333334 0 1.3333333333333333 17.333333333333332
MGG_15912T0 0 0 38 0 0 7 1 0 1.6666666666666667
MGG_03231T0 53.666666666666664 131 23080 55.666666666666664 109 4500 64.66666666666667 81.33333333333333 1248
MGG_15955T0 1.3333333333333333 1 356.6666666666667 3.6666666666666665 1 67.66666666666667 1 3.3333333333333335 18.333333333333332
MGG_14243T0 0.33333333333333337 45.666666666666664 4008.3333333333335 1.3333333333333337 57.666666666666664 773.6666666666666 1.3333333333333333 27.666666666666664 173.66666666666666
MGG_02253T0 1297.982 1177.1556666666668 440785.6666666667 989.8826666666666 1175.6803333333332 87696 842.6763333333333 1828.6566666666668 12291.916666666668
MGG_02287T0 0 5 149817.66666666666 0 0 28342 0 0 5077.666666666667
MGG_06277T0 28.666666666666668 50.333333333333336 3549.6666666666665 49 71 658 44.333333333333336 88.33333333333333 43.666666666666664
MGG_14793T0 20.333333333333332 3.3333333333333335 740.6666666666666 18.333333333333332 14.333333333333334 161.33333333333334 15.333333333333334 21.666666666666668 17.666666666666668
MGG_17790T0 0 0 111.33333333333331 0 0 24 0 0.6666666666666667 0.6666666666666666
MGG_16485T0 0 0 1.6666666666666667 0 0 0.33333333333333337 0 0 0
MGG_01219T0 25 183.66666666666663 2837.6666666666665 30.666666666666668 50.333333333333336 514.3333333333334 23 85 137.66666666666666
MGG_10200T0 1009 4824 61816 570.3333333333334 1092.6666666666667 10631.666666666666 625.6666666666666 1751.3333333333333 5092
MGG_16802T0 0 3.666666666666667 65.66666666666667 0 2 10.333333333333334 0 2 4.333333333333333
MGG_16905T0 32.666666666666664 63.333333333333336 880.6666666666666 51.666666666666664 81.66666666666667 170.66666666666666 32 70 69
MGG_00166T0 392 639 10255 358 735.3333333333334 2206 487.3333333333333 697 643.3333333333334
MGG_00272T0 70.33333333333333 590 22106.333333333332 41.333333333333336 1178.3333333333333 3935.6666666666665 24.666666666666668 807 904.3333333333334
MGG_17891T0 8.333333333333334 29.333333333333332 458.3333333333333 31 16 73 35 19.666666666666668 33.333333333333336
MGG_07089T0 1064 1245.3333333333333 17062.666666666668 799 581.3333333333334 2921.6666666666665 1237.3333333333333 445.6666666666667 1544
MGG_00673T0 4.333333333333333 3.3333333333333335 406.6666666666667 1.3333333333333337 1.6666666666666667 41.666666666666664 3 1.6666666666666663 2
MGG_09710T0 89.66666666666667 996 42943.666666666664 59.666666666666664 96.33333333333331 5518 114 74.33333333333333 210
MGG_06844T0 60.333333333333336 4517.666666666667 135649 65 41.666666666666664 15848 41 43.666666666666664 3136
MGG_16055T0 0 0 145.33333333333334 4 2.3333333333333335 22.666666666666668 0.6666666666666666 0.33333333333333337 9
MGG_15107T0 0.33333333333333337 0 90.33333333333331 4 0.33333333333333337 15.333333333333334 1.3333333333333333 0 4.333333333333333
MGG_00899T0 938.6666666666666 692 18950 800.6666666666666 766 3329 934.6666666666666 771 899
MGG_01922T0 17.666666666666668 24.333333333333332 59206.666666666664 20 13.666666666666666 7784.333333333333 29 20.333333333333332 72.33333333333333
MGG_17865T0 2.6666666666666665 0 18424.333333333332 0.33333333333333337 0 2303.6666666666665 3.3333333333333335 0 0.33333333333333337
MGG_03946T0 2.666666666666667 22 66399.66666666667 5 1.6666666666666663 10459.333333333334 2 2.6666666666666665 1809
MGG_01921T0 2 2.3333333333333335 6626.333333333333 1.3333333333333337 1.3333333333333333 1073.3333333333333 6 3.6666666666666665 35
MGG_15249T0 3.827673333333333 0.34555333333333327 418.862 2.410693333333333 0 64.5313 1.74871 2.15103 6.24475
MGG_01375T0 0.6666666666666667 0 303.3333333333333 0 0 38 1 0 7
MGG_12712T0 31.038533333333337 20.670533333333335 4607.93 33 29.679566666666663 604.7226666666667 74.68963333333333 37.3468 168.729
MGG_16834T0 182.33333333333337 163 26974.333333333332 153.66666666666666 192.33333333333337 3510.6666666666665 241.66666666666663 257.3333333333333 1075
MGG_06347T0 101 21.333333333333332 4592.666666666667 48.333333333333336 49.333333333333336 592 51.666666666666664 39.666666666666664 231
MGG_10581T0 9.666666666666666 58.666666666666664 52560 7.666666666666666 18.333333333333332 6420 21.333333333333332 5 2333.3333333333335
MGG_09762T0 13 16.666666666666668 698.3333333333334 3 2.6666666666666665 118.33333333333331 3.6666666666666665 4.333333333333333 37.666666666666664
MGG_02319T0 4.333333333333333 1.3333333333333333 260 0 5 42.666666666666664 0.6666666666666667 3.6666666666666665 16
MGG_09763T0 11 1742.6666666666667 121160 7.666666666666667 162.66666666666666 18393 12.333333333333334 41 6616.333333333333
MGG_09392T0 45.333333333333336 3.6666666666666665 26405 36.333333333333336 4.666666666666667 3766.3333333333335 55 9.333333333333334 1127.6666666666667
MGG_10056T0 23.333333333333332 24.333333333333332 70087 36.333333333333336 14 9724.666666666666 18.666666666666668 21.333333333333332 3709
MGG_09106T0 3 3.333333333333333 303.3333333333333 2.3333333333333335 2 44.333333333333336 0.6666666666666667 0.33333333333333337 19.333333333333332
MGG_02188T0 0 0 4667.666666666667 0 0.33333333333333337 456.3333333333333 1 0 271.6666666666667
MGG_05172T0 6.333333333333333 5.333333333333333 885.3333333333334 12.333333333333334 7 103 10.666666666666666 20 56.666666666666664
MGG_03457T0 6 4 203.66666666666663 5.666666666666667 3 27.333333333333332 6.666666666666667 6.666666666666667 17.333333333333332
MGG_15695T0 1.3333333333333337 17.333333333333332 937.3333333333334 0.33333333333333337 1.6666666666666667 89.33333333333333 0 0 45.666666666666664
MGG_07655T0 94.33333333333331 22.333333333333332 5823.333333333333 29.666666666666668 41.333333333333336 599.3333333333334 57.666666666666664 79.66666666666667 267.6666666666667
MGG_05539T0 1 0 1729.3333333333333 0 0 156.66666666666666 0.6666666666666667 0 74.33333333333333
MGG_15438T0 1 1 1144.3333333333333 0.33333333333333337 0 103.66666666666669 0 0 38.333333333333336
MGG_07832T0 130.33333333333334 124.66666666666669 3375 29 27.666666666666668 394 84 50.333333333333336 355.3333333333333
MGG_15960T0 121 23 7352 29.666666666666668 13.333333333333334 935 35.333333333333336 23.333333333333332 636.6666666666666
MGG_04673T0 7.666666666666666 14 2517.3333333333335 3.6666666666666665 5.333333333333333 302 8.666666666666666 6 196.66666666666663
MGG_00054T0 6.666666666666667 76 7205.666666666667 15.333333333333334 6 827.6666666666666 14.333333333333334 5 614
MGG_09015T0 70.33333333333333 58 26079 17.333333333333332 20.333333333333332 2980.3333333333335 46 34.333333333333336 2259.6666666666665
MGG_17754T0 0 0 15.333333333333332 0 0 1.3333333333333333 0 0 1.3333333333333333
MGG_02989T0 0.33333333333333337 3.333333333333333 216.33333333333337 0 2.333333333333333 21.666666666666668 0.33333333333333337 0.6666666666666667 17.333333333333332
MGG_05162T0 2 3 66.33333333333333 0.6666666666666667 2.3333333333333335 8.666666666666666 2 2 7.333333333333333
MGG_11683T0 59.333333333333336 37.333333333333336 2563.6666666666665 73 27 372.3333333333333 121 27.333333333333332 292.3333333333333
MGG_04335T0 0.6666666666666667 3.3333333333333335 78030 1.6666666666666667 0.6666666666666667 10012 1.6666666666666667 2 8495
MGG_10744T0 615.3333333333334 231.33333333333337 31562.666666666668 664.6666666666666 189.66666666666663 4013.6666666666665 600.3333333333334 263.3333333333333 4133.333333333333
MGG_14955T0 0 16 32364.333333333332 2.6666666666666665 0.6666666666666667 3711.3333333333335 1.6666666666666663 0 4164.666666666667
MGG_00721T0 93 104 83890 132.33333333333334 79 9761 207 93.33333333333331 9325
MGG_05847T0 0 0 6641.666666666667 0.33333333333333337 0 702.6666666666666 0 0 772.3333333333334
MGG_13116T0 136.8999 462.4116666666667 27227.366666666665 50.65786666666666 172.971 4880.33 232.2576666666667 263.8616666666667 3073.02
MGG_08263T0 5.666666666666667 18.333333333333332 345.3333333333333 7.333333333333333 8 69.66666666666667 10.666666666666666 8 42.333333333333336
MGG_15636T0 118.70026666666666 1277.6666666666667 41458 95.66666666666669 216.363 7461.333333333333 103.33333333333331 359.74533333333335 4526.6866666666665
MGG_02774T0 1791.3333333333333 2360.3333333333335 27395.666666666668 1328 1198.6666666666667 6424.666666666667 1251.6666666666667 1172.6666666666667 4533.666666666667
MGG_10423T0 108.33333333333331 945 21203.333333333332 116.33333333333331 254 4325.333333333333 241.66666666666663 294 3065.6666666666665
MGG_07365T0 37.666666666666664 165.33333333333334 7629.666666666667 5.666666666666667 36.333333333333336 1170 13 33.333333333333336 944.3333333333334
MGG_07366T0 1.6666666666666663 77.66666666666667 5077.666666666667 2.6666666666666665 9.333333333333334 741 2 2.3333333333333335 673
MGG_06626T0 46.666666666666664 12.666666666666666 1668.3333333333333 27.666666666666668 17.666666666666668 274.3333333333333 40 39 238.33333333333337
MGG_11651T0 239.66666666666663 141.66666666666666 6099.333333333333 235.66666666666663 211.33333333333337 1152.6666666666667 273 245.33333333333337 844
MGG_00511T0 1 0.6666666666666667 675.6666666666666 4.333333333333333 1.6666666666666663 114.66666666666669 5.333333333333333 12.333333333333334 81.33333333333333
MGG_14910T0 3.666666666666667 6.333333333333333 123.33333333333331 7.333333333333333 4.333333333333333 28.666666666666668 4.333333333333333 3 22.333333333333332
MGG_09072T0 335.70933333333335 24.40767333333333 27461.066666666666 71.2303 29.607033333333337 5011.196666666667 117.08866666666668 57.414766666666665 3617.826666666667
MGG_10216T0 1 3 256.6666666666667 2.6666666666666665 1 44.333333333333336 0 2.3333333333333335 38.333333333333336
MGG_12475T0 17 8.333333333333334 18921.333333333332 29 16.333333333333332 3595.3333333333335 30.333333333333332 19 2858.3333333333335
MGG_15220T0 0 0 20 0 0 3.6666666666666665 0 0 3
MGG_16680T0 6.666666666666667 10.333333333333334 269 1 1 43.333333333333336 5.333333333333333 1 23.333333333333332
MGG_17879T0 2253.6666666666665 1934.3333333333333 50842.333333333336 546.6666666666666 575 9708.333333333334 1374 675.3333333333334 4509
MGG_17239T0 3 2 76.33333333333333 0 0.33333333333333337 13 0.6666666666666667 0 7.666666666666667
MGG_01152T0 1.3333333333333333 6.679733333333333 438.31166666666667 1 6.333333333333333 63.707233333333335 0 7 33.1322
MGG_02318T0 2 0.33333333333333337 207.33333333333337 0.33333333333333337 3 28.666666666666664 0 3.3333333333333335 18.333333333333332
MGG_09814T0 0.6666666666666667 1.6666666666666667 257.3333333333333 3 1.3333333333333337 38.666666666666664 1.6666666666666663 4.666666666666666 23.666666666666668
MGG_05506T0 201.66666666666663 50.666666666666664 11204.333333333334 91.33333333333331 32.666666666666664 1808.3333333333333 102 51 937.3333333333334
MGG_11852T0 8 8.333333333333334 169 7 8.666666666666666 32.333333333333336 12.333333333333334 8.666666666666666 21
MGG_17049T0 2.333333333333333 0 51 1 0.33333333333333337 9.666666666666666 0.33333333333333337 0.6666666666666667 4.333333333333333
MGG_11370T0 29.666666666666668 21 31214.666666666668 42.666666666666664 17.333333333333332 5850 42.333333333333336 34.666666666666664 2302
MGG_02320T0 13.333333333333334 17.666666666666668 988.6666666666666 5.333333333333333 36.666666666666664 209.33333333333337 7 27.666666666666668 84.33333333333333
MGG_10363T0 7.666666666666667 167 1036.3333333333333 2 13 131.33333333333334 8.666666666666666 32 108.66666666666669
MGG_11312T0 164.28199999999998 521.2046666666666 3426.04 190.36533333333333 233.348 606.9 221.865 175.88966666666667 607.9166666666666
MGG_02814T0 143.33333333333334 3338 25416.666666666668 129.66666666666666 137.33333333333334 3998.3333333333335 150 128.66666666666666 3478.6666666666665
MGG_04967T0 493.3333333333333 1918.6666666666667 20264 971.6666666666666 164 4277 729.3333333333334 136.33333333333334 2925.6666666666665
MGG_09372T0 1934 4000.3333333333335 36089.333333333336 1893.3333333333333 365.3333333333333 6983 1779.3333333333333 412.6666666666667 6916.333333333333
MGG_01924T0 9 42 336.3333333333333 9 3.666666666666667 59 12.666666666666666 3.666666666666667 32.333333333333336
MGG_16456T0 29.996233333333333 745.0193333333333 5929.8533333333335 35.4341 77.64853333333333 1131.0776666666666 40.11676666666666 58.44806666666666 573.754
MGG_03497T0 48.666666666666664 6510.666666666667 69966.66666666667 46.666666666666664 302.6666666666667 13261.333333333334 89 278.3333333333333 6406
MGG_07404T0 1.3333333333333337 2840.3333333333335 30957.666666666668 0 15.666666666666668 6419.333333333333 0 10 2383
MGG_08155T0 117.25183333333334 218.24866666666668 1330.18 165.21933333333334 168.10066666666663 397.19866666666667 166.38066666666666 205.733 235.68333333333337
MGG_15892T0 0 1.3333333333333337 30.333333333333332 0 1 7 0 0 2.6666666666666665
MGG_01372T0 370 3224 46022.666666666664 580.3333333333334 285.3333333333333 10328.333333333334 424 248.33333333333337 4038
MGG_09354T0 4.333333333333333 333 6849.666666666667 4.333333333333333 11 1249.6666666666667 3.6666666666666665 19.666666666666668 506.3333333333333
MGG_17784T0 73 41.333333333333336 357 47.333333333333336 73.66666666666667 118 65 61.333333333333336 116.66666666666669
MGG_15639T0 7 4.333333333333333 52.666666666666664 5.333333333333333 2.3333333333333335 11.666666666666666 3.3333333333333335 1.3333333333333333 11.333333333333334
MGG_10287T0 0.6666666666666667 0 39.333333333333336 0 2.666666666666667 9.666666666666666 1 1 4.666666666666667
MGG_02704T0 160.98533333333333 103.33616666666668 2442.31 158.63976666666667 53.33613333333333 670.5856666666666 107.93123333333334 44.88623333333334 294.9943333333333
MGG_10593T0 0.33333333333333337 1.3333333333333333 80.66666666666667 1 2.6666666666666665 21.333333333333332 0 2.666666666666667 9.666666666666666
MGG_09014T0 77.66666666666667 199.33333333333337 31003 55.666666666666664 15.666666666666666 7340.333333333333 20 29.333333333333332 2563
MGG_06618T0 15.067033333333333 84.2524 6627.826666666667 8.074263333333333 7.71366 1627.5966666666666 17.13573 11.721733333333331 583.9443333333334
MGG_11267T0 373.6666666666667 502 6184 444 434 1599.6666666666667 631 597.3333333333334 1181.6666666666667
MGG_01053T0 39.666666666666664 23.333333333333332 816 26.666666666666668 29.333333333333332 204.66666666666663 53.333333333333336 51.666666666666664 138.33333333333334
MGG_08917T0 719.6666666666666 422.6666666666667 11835 660.6666666666666 404 3270 675.6666666666666 461.6666666666667 1974.6666666666667
MGG_03793T0 6.666666666666666 2.3333333333333335 483.3333333333333 1 0 121.33333333333331 0.33333333333333337 1 63.666666666666664
MGG_13269T0 15.666666666666666 64.66666666666667 6830.333333333333 14 12.666666666666666 1574 20 20.333333333333332 882
MGG_02129T0 83.66666666666667 69 11045.333333333334 51.666666666666664 29.333333333333332 2488.3333333333335 64 35.333333333333336 1483.3333333333333
MGG_08300T0 1230 1204 51304 2085.6666666666665 791.6666666666666 12065 2447 616.3333333333334 7231.333333333333
MGG_17521T0 18.333333333333332 21 2484.3333333333335 57.666666666666664 33.333333333333336 544.3333333333334 43.333333333333336 49.666666666666664 283
MGG_02169T0 41.666666666666664 2.3333333333333335 2567.73 13.333333333333334 1.6666666666666663 542.1896666666667 49 6.333333333333333 253
MGG_08426T0 30.333333333333332 30.333333333333332 348 33 37.333333333333336 116.66666666666669 31.333333333333332 32.333333333333336 87
MGG_03672T0 69 112.66666666666669 7980.333333333333 198 244.66666666666663 1763.3333333333333 140.66666666666666 338.6666666666667 1648
MGG_01214T0 49 124.66666666666669 15425 40.333333333333336 10.666666666666666 3494.6666666666665 42.333333333333336 11.666666666666666 2578.3333333333335
MGG_17363T0 0 0 582.3333333333334 0.33333333333333337 0 119.66666666666669 0 0 108.33333333333331
MGG_14661T0 5.667326666666667 1 238 4.333333333333333 0.6666666666666666 54.333333333333336 1.3335433333333333 2 47.33716666666667
MGG_00827T0 14.333333333333334 0.33333333333333337 4139 0.6666666666666666 0 936.6666666666666 20.333333333333332 2 797
MGG_04334T0 200.66666666666663 159 6713 148 182.66666666666663 1650.6666666666667 158.66666666666666 209.66666666666663 1422.6666666666667
MGG_02128T0 147.33333333333334 28.333333333333332 3580.3333333333335 96 31 558.3333333333334 133.33333333333334 39.666666666666664 683
MGG_12408T0 41 20 563 26 15 103.33333333333331 39.333333333333336 27 112.66666666666669
MGG_01386T0 290 135 6511.666666666667 286.3333333333333 156.33333333333334 1394.6666666666667 513.6666666666666 208 1335
MGG_06857T0 224.33333333333337 40 3637 91 63 648.6666666666666 234.33333333333337 89 585.6666666666666
MGG_01809T0 14.8578 7.106967333333333 541.749 11.1054 11.728156666666669 104.91683333333332 32.04653333333333 11.029943333333334 80.97446666666667
MGG_17955T0 1.6666666666666667 2.333333333333333 47.333333333333336 2 4.333333333333333 10 4 2.3333333333333335 11
MGG_03382T0 0.33333333333333337 12 626 4.333333333333333 17.666666666666668 99 2.3333333333333335 8.333333333333334 110.33333333333331
MGG_14192T0 0 0 12.333333333333334 0 0 1.6666666666666663 0 0 2
MGG_08431T0 0 0.33333333333333337 16.333333333333332 0 0 2.3333333333333335 0 0 2.6666666666666665
MGG_14375T0 0 0 57.51113333333333 1 0 9.332016666666666 0.6666666666666667 0 10.87378
MGG_13732T0 2 1 176.66666666666666 0 1.3333333333333333 32.666666666666664 2.3333333333333335 2 36
MGG_11009T0 0 0 20053.333333333332 0 0 3464.6666666666665 0.33333333333333337 0 3454.6666666666665
MGG_03054T0 148.55666666666667 118.8376 4511.206666666667 68.16796666666667 190.87166666666667 911.7936666666668 83.33056666666667 123.70533333333331 901.4096666666668
MGG_14798T0 1041.3333333333333 730.3333333333334 4361.333333333333 793.3333333333334 841 1567.3333333333333 1114 862 865
MGG_02694T0 93.33333333333331 2 1073.6666666666667 21.666666666666668 5 242.66666666666669 153 10 20.666666666666668
MGG_06139T0 4841.566666666667 3350.6966666666667 56432.63333333333 1554 2320.13 12967.523333333333 3688.45 2081.9266666666667 2379.3966666666665
MGG_16403T0 36.333333333333336 0 393 0 0 64 6.333333333333333 0 2
MGG_04039T0 2161.326666666667 837.8546666666666 23160.7 523.8176666666667 1006.028 3946.6833333333334 1330.4856666666667 1183.9083333333333 666.1206666666667
MGG_05288T0 222 82.66666666666667 2254.6666666666665 349 93.66666666666669 548.3333333333334 274.3333333333333 113 377.3333333333333
MGG_16227T0 12 6.333333333333333 93 17 9 23.333333333333332 9.333333333333334 7 16
MGG_00719T0 3643.16 838.6666666666666 29074.5 4358.94 990.2666666666668 7916.636666666667 3662.4466666666663 1388.5 3149.8133333333335
MGG_14230T0 168.33333333333334 59.666666666666664 1108.3333333333333 95.66666666666669 56.666666666666664 301.6666666666667 160 68.66666666666667 180.33333333333337
MGG_11472T0 18 7.333333333333333 198.33333333333337 19 8.333333333333334 53 19.333333333333332 4.333333333333333 17.666666666666668
MGG_17348T0 54.666666666666664 16 650 37.333333333333336 7 161 54 13.666666666666666 67.33333333333333
MGG_01923T0 106.33333333333331 35.666666666666664 909.3333333333334 74.33333333333333 56.333333333333336 267.6666666666667 98.33333333333331 74 118.66666666666669
MGG_15033T0 0.6666666666666667 0 5.333333333333333 0 0 0 0 0 0.6666666666666667
MGG_03817T0 107.33333333333331 66.33333333333333 1076 11.333333333333334 9.666666666666668 143 33.666666666666664 12.666666666666666 253.66666666666663
MGG_00311T0 499.07933333333335 243.35553333333337 3001.78 65.66666666666667 15 312 116.093 27.666666666666668 586.2826666666667
MGG_00710T0 406.6666666666667 660.3333333333334 4368.666666666667 598.3333333333334 865.3333333333334 935.3333333333334 784.3333333333334 738.3333333333334 1274
MGG_14939T0 324.3333333333333 202.33333333333337 7344.19 276.3333333333333 11.666666666666666 472.6666666666667 508.3333333333333 26.333333333333332 1478.3333333333333
MGG_12081T0 3.666666666666667 62 1200.3333333333333 3.6666666666666665 7.666666666666667 88 6.666666666666667 1.3333333333333333 269.6666666666667
MGG_09438T0 0.33333333333333337 0.6666666666666667 67.33333333333333 1 0 0.33333333333333337 0 0 15
MGG_10342T0 0 0 5570 0 0 183.33333333333337 0 0 1180
MGG_16353T0 0 0 156 0.6666666666666667 0.33333333333333337 7.333333333333333 0 1 29
MGG_15045T0 1.3333333333333333 0.33333333333333337 37.333333333333336 1.3333333333333337 0 0.33333333333333337 0 0 4.333333333333333
MGG_09070T0 112 56.333333333333336 1627 30.666666666666664 21 88 6.666666666666667 16 218
MGG_10350T0 0 27.333333333333332 521.3333333333334 0 0.33333333333333337 6.666666666666667 0 0.6666666666666667 85.66666666666667
MGG_15436T0 0 6 409.6666666666667 0 0 6.666666666666667 0 0 45
MGG_15620T0 0 0 154 0 0 0 0 0 19.666666666666668
MGG_15437T0 0 0 1193 0.33333333333333337 0 17.666666666666668 0 0 181
MGG_15108T0 2.333333333333333 0 130 1.6666666666666663 0.6666666666666667 0.33333333333333337 0.33333333333333337 0 20.333333333333332
MGG_15215T0 15.666666666666666 24.666666666666668 325.3333333333333 1.3333333333333333 10.333333333333334 25.666666666666668 7.666666666666667 19.666666666666668 50.666666666666664
MGG_17627T0 2 55.333333333333336 2384.3333333333335 2.666666666666667 99 162 23 60.666666666666664 381
MGG_08652T0 0 0 3639.253333333333 0.6666666666666667 2.3333333333333335 248.96433333333331 0.6666666666666667 0.6666666666666666 534.4146666666667
MGG_08525T0 13.333333333333334 180.66666666666663 53382 4.333333333333333 18.333333333333332 5258.666666666667 5.333333333333333 13.333333333333334 7346.666666666667
MGG_09439T0 0 0 160.33333333333334 0 0 14 0 0 21.333333333333332
MGG_05348T0 99.72853333333332 46.8532 2139.2033333333334 129.69406666666666 68.73476666666667 355.995 193.11333333333337 115.60033333333334 237.95466666666667
MGG_17884T0 100.66666666666669 11.333333333333334 2202.3333333333335 33.666666666666664 24.333333333333332 312.6666666666667 181.66666666666663 25 140.66666666666666
MGG_17171T0 1.3333333333333337 0.33333333333333337 52.333333333333336 1 0 4.666666666666667 5 0.6666666666666667 4.666666666666667
MGG_15745T0 388.17066666666665 52.333333333333336 9381.333333333334 562.3333333333334 63.038333333333334 1168.57 916.5366666666666 132.66666666666666 1375.84
MGG_14744T0 1283 958.3333333333334 6952.333333333333 1386 957.6666666666666 1711.6666666666667 1634.3333333333333 1137.3333333333333 1682
MGG_03009T0 49.666666666666664 151.33333333333334 1665 213.33333333333337 120.66666666666669 230.33333333333337 179 127.33333333333331 221.33333333333337
MGG_02285T0 1 1 21 0.33333333333333337 0 0 0 0 1.3333333333333337
MGG_16303T0 0.33333333333333337 0.6666666666666667 7 0 0 0 0 0.33333333333333337 0.33333333333333337
MGG_06326T0 48.38883333333334 561.4526666666667 6598.053333333333 26.008966666666662 77.53506666666667 639.4003333333333 42.735600000000005 52.0035 335.3843333333333
MGG_14140T0 0 2 29 0.6666666666666666 0.6666666666666667 2.3333333333333335 0 0 2.3333333333333335
MGG_15431T0 173.66666666666666 51.333333333333336 2605.6666666666665 184.33333333333337 41.333333333333336 215.33333333333337 178.66666666666666 56.333333333333336 157
MGG_07414T0 1 0.33333333333333337 3403.3333333333335 1 93.33333333333334 245 8.666666666666666 220.66666666666663 207
MGG_12655T0 0.6666666666666667 0.6666666666666666 396.6666666666667 3 1 11.333333333333334 3.666666666666667 4 30
MGG_10343T0 0 0 912 0 0 13 0 0 47
MGG_10344T0 0 0.6666666666666667 1375.6666666666667 0 0 21.666666666666668 0 0 67.33333333333333
MGG_10477T0 7.666666666666667 11 1525.3333333333333 3.6666666666666665 13 84.66666666666667 11 11.333333333333334 136
MGG_17940T0 16.666666666666668 4.333333333333333 1296.3333333333333 3.3333333333333335 9.666666666666666 74 4 5.666666666666667 132.33333333333334
MGG_02884T0 42.666666666666664 4.666666666666667 51093 22 16.333333333333332 2876.3333333333335 66.33333333333333 38 4938.666666666667
MGG_16803T0 0 1 39.333333333333336 1 1.3333333333333337 2.6666666666666665 0 0.6666666666666667 3.3333333333333335
MGG_03585T0 17 20.666666666666668 677.3333333333334 4.666666666666667 8.666666666666666 34.333333333333336 6.333333333333333 7.333333333333333 43.666666666666664
MGG_10747T0 6.666666666666666 3.7035233333333335 6565.2 8.233103333333334 7.074716666666666 358.61923333333334 9.18481 8.922243333333332 375.9906666666667
MGG_01905T0 0 1.3333333333333337 157.33333333333334 0 1.3333333333333337 10.666666666666666 0 1 10.333333333333334
MGG_09740T0 0 0.33333333333333337 13.666666666666666 0.33333333333333337 0.6666666666666667 0.6666666666666667 0 0 0.6666666666666667
MGG_14053T0 0 0.6666666666666667 24.666666666666664 0 0 0.33333333333333337 0 0 0
MGG_13868T0 0 0.33333333333333337 19.081233333333333 0 0 0 0 0 0
MGG_07810T0 0 0.33333333333333337 16.2521 0 0 0 0 0 0
MGG_10266T0 0.6666666666666667 1 166.66666666666669 0 2 0 0 0 1
MGG_12022T0 0.33333333333333337 0 682.6666666666667 4.666666666666666 0 4.333333333333333 1.6666666666666663 0 0
MGG_15460T0 0 0 766.01 0.16666666666666669 0 4.2963000000000005 0.33333333333333337 0 2.5022833333333336
MGG_17582T0 0 0 13.666666666666666 0 0 0 0 0 0
MGG_16324T0 0 0 2 0 0 0 0 0 0
MGG_07806T0 0 0 27 0.33333333333333337 0 0 0 0 0.33333333333333337
MGG_17201T0 0 0 25.145436666666665 0 0 0 0 0 0.38060666666666665
MGG_10356T0 0 0 2899.6666666666665 0 0 6.666666666666667 0 0 46
MGG_10355T0 0 0 888.3333333333334 0 1 2.666666666666667 0.33333333333333337 0.6666666666666666 10.333333333333334
MGG_15441T0 0 0 2676.6666666666665 0 0 13.333333333333332 0 0 27.333333333333332
MGG_10237T0 1 3 213 2 0 2.6666666666666665 1 0.6666666666666667 5.666666666666667
MGG_11966T0 0 0 4153.323333333334 0.16666666666666669 0 18.370366666666666 0.33333333333333337 0 166.831
MGG_18036T0 0 0.6666666666666667 133 0 0 0 0 0 4
MGG_10352T0 2.666666666666667 0 241.66666666666663 0 0 4.666666666666667 0 2 5
MGG_08515T0 0 4.333333333333333 1192.3333333333333 0 0 29 0 0 28.333333333333332
MGG_17148T0 0 0.33333333333333337 85.33333333333333 0.33333333333333337 0 2.666666666666667 0.33333333333333337 0 3
MGG_02273T0 8 21 711.3333333333334 0 0 30 0 0 9
MGG_08781T0 1 14.666666666666666 1020 1.6666666666666663 15 51.66666666666667 4.666666666666667 13.333333333333334 8.333333333333334
MGG_00703T0 6 0 7359.666666666667 0.6666666666666667 0 326.3333333333333 1.3333333333333333 0 19
MGG_07691T0 3.333333333333333 0 3267.6666666666665 0 0 149.33333333333334 0.33333333333333337 0 34
MGG_10345T0 0.6666666666666667 0 1247 0 0.33333333333333337 55 0 0 21.666666666666668
MGG_08291T0 37.666666666666664 108.66666666666669 380417.3333333333 62.666666666666664 51.666666666666664 28027 74.66666666666667 90.66666666666669 8088.666666666667
MGG_03383T0 11 6.333333333333334 21514.666666666668 0 4.333333333333333 1295.3333333333333 12.666666666666666 5.666666666666667 2
MGG_09387T0 0 4.333333333333333 1755.3333333333333 0 1 125.33333333333331 0 0 3
MGG_08236T0 6.666666666666667 1 244.66666666666669 0.33333333333333337 1.3333333333333337 15 0.33333333333333337 3 7.666666666666667
MGG_15439T0 0 1.3333333333333333 721.3333333333334 0 0.6666666666666666 41.333333333333336 0 0 25.333333333333332
MGG_10648T0 5.333333333333333 3 3076.6666666666665 4.333333333333333 0 124.86163333333332 5.333333333333333 3.0011866666666664 113.04166666666669
MGG_10346T0 0 0 637 0 0 28 0 0 20
MGG_09307T0 24.666666666666668 20.333333333333332 455.3333333333333 23.666666666666668 38 113 73 87 100.33333333333331
MGG_17794T0 43 28.333333333333332 176.66666666666666 48.333333333333336 52 71.66666666666667 50 58 63
MGG_04665T0 399.3333333333333 156.33333333333334 3133.3333333333335 421.3333333333333 375.3333333333333 766 419.3333333333333 560.3333333333334 792.7766666666666
MGG_03004T0 20.333333333333332 7.333333333333333 328.3333333333333 43.666666666666664 28.666666666666668 56.666666666666664 25.666666666666668 43.333333333333336 61.666666666666664
MGG_04109T0 702 821.3333333333334 5203.333333333333 275 753.3333333333334 1349.3333333333333 599.3333333333334 1418.3333333333333 636
MGG_04019T0 281.20166666666665 561.2566666666667 4887.423333333333 380.7196666666667 715.8233333333334 923.228 498.03166666666664 1071.4433333333334 828.867
MGG_05004T0 578.3333333333334 831.3333333333334 2988.6666666666665 628 908.3333333333334 979 709.6666666666666 1051.3333333333333 842.3333333333334
MGG_16968T0 0 0.6666666666666667 14.666666666666666 1 0.33333333333333337 2.3333333333333335 0.33333333333333337 2.666666666666667 1
MGG_16190T0 7.666666666666667 26 1812.3333333333333 13 56.666666666666664 254.33333333333337 11.666666666666666 169 51.333333333333336
MGG_08916T0 71.33333333333333 69.66666666666667 2134.3333333333335 89.33333333333333 150 467.3333333333333 63.333333333333336 288.6666666666667 271
MGG_15183T0 0.33333333333333337 1.3333333333333333 32 1.6666666666666663 6 8.666666666666666 2.3333333333333335 3.3333333333333335 7
MGG_00806T0 469 400 3677.6666666666665 345 561 954.3333333333334 572 864.6666666666666 883
MGG_09693T0 22.666666666666668 32.333333333333336 278.3333333333333 8 28.666666666666668 58.666666666666664 23.666666666666668 48.333333333333336 56.333333333333336
MGG_03036T0 40.04526666666666 161.399 1623.0733333333335 9.70754 137.7446 312.684 35.153666666666666 112.66846666666666 279.14566666666667
MGG_10563T1 76.5168 132.07266666666666 3303.67 22.353076623333333 218.61233333333337 662.6176666666668 75.615 266.466 636.6356666666667
MGG_12300T0 2695.3333333333335 2510.3333333333335 7348.666666666667 2248.3333333333335 2744 3399.3333333333335 2462.3333333333335 2773.3333333333335 3280.3333333333335
MGG_06755T0 299.3333333333333 332.6666666666667 2135 210.33333333333337 443 625 176.66666666666666 506.6666666666667 531.3333333333334
MGG_17787T0 961.037 1155.1913333333332 6464.393333333333 916.781 1731.1633333333334 1629.746666666667 819.3063333333333 1749.02 2013.0566666666664
MGG_10516T0 15 50.666666666666664 198.33333333333337 6.666666666666667 52.666666666666664 78 6 32.666666666666664 75
MGG_01516T0 353 1930 11409.333333333334 248.66666666666663 1569.6666666666667 5371 241.33333333333337 1678.3333333333333 3889.3333333333335
MGG_06552T0 61.08806666666666 156.19766666666666 694.6216666666667 55.8998 121.03976666666668 262.807 39.7092 110.8095 226.11033333333333
MGG_06053T0 779.3333333333334 2647 9399.666666666666 1007.3333333333334 2100.6666666666665 4231.333333333333 1156 1588.6666666666667 3227.6666666666665
MGG_08647T0 20 88.33333333333333 231 42.333333333333336 49 96 48 45.333333333333336 92.33333333333331
MGG_07344T0 23 459.3333333333333 1778.3333333333333 5.333333333333333 201 564 25.666666666666668 181 263.6666666666667
MGG_15393T0 0 262 1235.6666666666667 0.33333333333333337 114.33333333333331 256.3333333333333 0.33333333333333337 35 104.33333333333331
MGG_09351T0 644.6666666666666 36030.666666666664 169037.33333333334 266.6666666666667 1314 33787 263.3333333333333 456.66666666666663 12501.333333333334
MGG_14810T0 2.3333333333333335 20 90.66666666666669 6 15.666666666666666 27 7 13.333333333333334 22.333333333333332
MGG_16125T0 30.00434 7536.933333333333 36244.666666666664 34.333333333333336 192.66666666666663 8041.23 47.67333333333333 151.66996666666668 8184.333333333333
MGG_07534T0 70.66666666666667 637 4242.333333333333 107.33333333333331 140 1014.6666666666666 71 141.33333333333334 879.6666666666666
MGG_03553T0 149.66666666666666 431 2306.78 95 218 669 244.50633333333337 203.33333333333337 507.5566666666667
MGG_07177T0 4764.333333333333 5155 30774.666666666668 1139 7489 13537.333333333334 3378 10936.666666666666 10547
MGG_16879T0 0.33333333333333337 0.33333333333333337 22 0.33333333333333337 4 9 2.6666666666666665 5 4.666666666666667
MGG_07661T0 625.8123333333333 277.21 2902.943333333333 472.15166666666664 558.324 1314.486666666667 627.8193333333334 1009.1983333333332 1105.263333333333
MGG_06852T0 155 78.33333333333333 6102.666666666667 110.33333333333331 331.6666666666667 1792.3333333333333 130.66666666666666 1386 958
MGG_09061T0 14 16.333333333333332 839 8.666666666666666 64.33333333333333 266.3333333333333 12.333333333333334 207.66666666666663 222.33333333333337
MGG_05270T0 168.81533333333334 306 2593.286666666667 94 305.3333333333333 1139.1666666666667 183.66666666666663 351.3333333333333 301.875
MGG_03505T0 33.333333333333336 51.666666666666664 251 45.666666666666664 50 112.33333333333331 35.666666666666664 50.333333333333336 54.333333333333336
MGG_17947T0 9 3.3333333333333335 155 17.666666666666668 3 60.333333333333336 11.666666666666666 7.666666666666667 16.333333333333332
MGG_08572T0 401 359.3333333333333 5514.81 559 151 2549.3333333333335 497.6666666666667 277 766
MGG_18128T0 3 0 280.3333333333333 0 0 123.66666666666669 0 0 1.6666666666666667
MGG_17810T0 73.33333333333333 188.33333333333337 4966 155 69 2280.3333333333335 222.33333333333337 91.66666666666669 510.6666666666667
MGG_03794T0 0 0 10 0 0 4.666666666666667 0 0 0.6666666666666666
MGG_09401T0 0 1 799 0 0 354.6666666666667 0 0.6666666666666666 45
MGG_15375T0 0 0 5.333333333333333 0 0 2.3333333333333335 0 0 0.33333333333333337
MGG_04975T0 111.33333333333331 122.33333333333331 1149.3333333333333 97.66666666666669 120 433.6666666666667 61.666666666666664 136.33333333333334 215.33333333333337
MGG_02805T0 27 4.333333333333333 719 11 4.333333333333333 232 11.333333333333334 6.333333333333334 78
MGG_06556T0 161.66666666666666 138.66666666666666 6340.333333333333 196.33333333333337 173.33333333333334 2521.6666666666665 219.66666666666663 216.33333333333337 482.6666666666667
MGG_08450T0 6 4.666666666666667 27775.666666666668 30.333333333333332 1 10278.333333333334 13 2.6666666666666665 998.6666666666666
MGG_08526T0 2 425.3333333333333 204666.33333333337 1 2.6666666666666665 78066 1.3333333333333333 0.33333333333333337 5520
MGG_06724T0 60.666666666666664 294 25868.333333333332 91.66666666666669 162.66666666666666 8940.333333333334 45.666666666666664 215.33333333333337 1508.6666666666667
MGG_10215T0 6.666666666666666 0 1507 0.6666666666666667 0 558 3.666666666666667 0 105
MGG_11813T0 11.333333333333334 6.666666666666667 7839 11.333333333333332 1.6666666666666667 2849.6666666666665 8.666666666666666 6.333333333333333 519.6666666666666
MGG_04208T0 0 2.3333333333333335 69 1.3333333333333337 1.3333333333333333 24.333333333333332 0 0 7.666666666666667
MGG_03904T0 3.6666666666666665 18.666666666666668 1138.3333333333333 9.666666666666666 10 454.3333333333333 2.3333333333333335 17.666666666666668 148.66666666666666
MGG_10597T0 4.333333333333333 2.666666666666667 94.33333333333331 1.6666666666666663 5.333333333333333 37.666666666666664 3.3333333333333335 5.333333333333333 13.666666666666666
MGG_17808T0 0.33333333333333337 0 47.666666666666664 0 5 22.333333333333332 0 1.3333333333333333 10.666666666666666
MGG_11658T0 329 86 3354 162.33333333333334 210.66666666666663 1631.6666666666667 274 249.66666666666663 814.3333333333334
MGG_10394T0 4 0.33333333333333337 181 0 1 85 1 0 24
MGG_06092T0 687.6666666666666 528 8502.333333333334 635.3333333333334 426.6666666666667 3788.6666666666665 760.3333333333334 467.3333333333333 1782.6666666666667
MGG_07464T0 211.97133333333332 133.108 4446.92 239.39066666666668 92.66666666666669 2061.976666666667 267.4893333333333 116 803.9043333333333
MGG_03731T0 583.3496666666667 450.635 5071.03 191.23866666666663 453.5083333333333 2055.6566666666668 262.388 530.8240000000001 1088.9826666666668
MGG_08620T0 161.66666666666666 245.66666666666663 2260 136.66666666666666 248 1065.6666666666667 144 251 551.3333333333334
MGG_06740T0 0.6666666666666667 0.33333333333333337 35 0 0.33333333333333337 14 0 2.333333333333333 6.666666666666667
MGG_13773T0 1689 854.6666666666666 14655.333333333334 1093.3333333333333 1559 4908.666666666667 2496.3333333333335 1990.6666666666667 3793.6666666666665
MGG_17936T0 398.3333333333333 67 2848.9966666666664 112.66666666666669 141.33333333333334 1047 240.33333333333337 223.66666666666663 672.6666666666666
MGG_13188T0 1061 276.3333333333333 18088.666666666668 514.6666666666666 751.6666666666666 5786.666666666667 976 1310 3200
MGG_14948T0 36 24 405 28.666666666666668 29 150 42 31.666666666666668 99.66666666666669
MGG_12978T0 136.33333333333334 47.333333333333336 1566.6666666666667 39 75 650.6666666666666 65.66666666666667 78.66666666666667 566.6666666666666
MGG_03262T0 160.66666666666666 193.66666666666663 1987.6666666666667 191.33333333333337 157.66666666666666 883.6666666666666 343.6666666666667 208.66666666666663 624.3333333333334
MGG_06443T0 226.66666666666663 78.33333333333333 2423.6666666666665 157.33333333333334 140.66666666666666 944 118.66666666666669 236.66666666666663 734
MGG_05250T0 334 202.66666666666663 15622.333333333334 1161.3333333333333 386.6666666666667 6053.666666666667 519 373.3333333333333 3478
MGG_13219T0 372.3333333333333 244.66666666666663 9343.333333333334 377 362.3333333333333 3946 598.3333333333334 681.3333333333334 2728.6666666666665
MGG_10499T0 12.194483333333332 4.4233633333333335 956.8646666666668 29.043326666666665 1.52271 350.781 19.562133333333335 13.565873333333332 246.60833333333332
MGG_18051T0 0.6666666666666667 0 35.666666666666664 0 0.6666666666666667 12.666666666666666 0 0.33333333333333337 7.666666666666667
MGG_03454T0 15.333333333333334 16.666666666666668 1242.6666666666667 14.333333333333334 31.333333333333332 468.3333333333333 22 55.666666666666664 305
MGG_09418T0 22 3.3333333333333335 3945.6666666666665 9 2.666666666666667 1540 12.333333333333334 8.333333333333334 947
MGG_05908T0 21.333333333333336 2.6666666666666665 17747.333333333332 37.333333333333336 3 6806.666666666667 6.333333333333333 0.6666666666666667 4006
MGG_06866T0 7 0.33333333333333337 373.6666666666667 2.3333333333333335 0.33333333333333337 164.33333333333334 0 0.6666666666666667 103.33333333333331
MGG_03504T0 66.33333333333333 128.66666666666666 1414.3333333333333 44.333333333333336 88 604.3333333333334 42.333333333333336 96.66666666666669 414.6666666666667
MGG_17625T0 2.3333333333333335 0.6666666666666666 33.333333333333336 0 3 11 1 0 9.666666666666666
MGG_03962T0 102 539.6666666666666 4996.333333333333 225 411 1760 270.6666666666667 453 1360.6666666666667
MGG_00127T0 342 306.6666666666667 5222.333333333333 197.66666666666663 157.66666666666666 1686 189 217.66666666666663 1392.6666666666667
MGG_00176T0 27 45.666666666666664 481.6666666666667 23.666666666666668 29 170.33333333333334 31.666666666666668 37.666666666666664 137
MGG_07228T0 21.666666666666668 617.6666666666666 12652 23 10 3354.3333333333335 10.333333333333334 8 3452.6666666666665
MGG_00320T0 328 260.3333333333333 16547 586.3333333333334 520 4527 539.6666666666666 737.6666666666666 4808.333333333333
MGG_10212T0 0 3.3333333333333335 4660 0.6666666666666666 2.3333333333333335 1251 2 1.3333333333333333 1217.3333333333333
MGG_13076T0 22.666666666666668 42 194.66666666666663 26.666666666666668 47 105.66666666666669 34 58.666666666666664 62
MGG_14673T0 44 63.666666666666664 310.3333333333333 35 67 163 29 71.66666666666667 88.66666666666667
MGG_07100T0 10.333333333333334 40 229.73066666666668 12.666666666666666 34.34246666666667 119.75003333333332 10.666666666666666 45.333333333333336 53.38036666666667
MGG_10824T0 4393.666666666667 7322 30944.666666666668 2221.6666666666665 6699 13413.333333333334 4313.666666666667 5103.666666666667 7573.666666666667
MGG_13512T0 307.3333333333333 661.6666666666666 3681.6666666666665 289 657.3333333333334 1322.3333333333333 316.6666666666667 689.6666666666666 1071.3333333333333
MGG_17506T0 12 24 236 8.333333333333334 41.333333333333336 76.33333333333333 10 38.333333333333336 53
MGG_03088T0 427.07866666666666 473.75166666666667 1278.6666666666667 444.379 466 742.0333333333333 439.6666666666667 537.6666666666666 615.4613333333333
MGG_05278T0 228.893 153.76933333333335 1943.93 194.011 274.06233333333336 708.8476666666667 175.79066666666668 355.4906666666667 458.41866666666664
MGG_03456T0 69 68 916 52 103 319.3333333333333 47.666666666666664 152 229
MGG_04905T0 611.5843333333333 790.7046666666666 2716.3766666666666 618.3093333333334 840.3473333333334 1186.5046666666667 707.8996666666667 792.5533333333333 852.113
MGG_04560T0 1827 1877 5903.663333333333 1456 1820.6666666666667 2883.6666666666665 1637.8933333333334 2237.3333333333335 2146.6633333333334
MGG_13429T0 390.6666666666667 247 596.3333333333334 349 482 265.6666666666667 401 402.3333333333333 320.6666666666667
MGG_01394T0 366.3333333333333 145.33333333333334 1091.3333333333333 314.6666666666667 334.3333333333333 272 596 613 260
MGG_01578T0 4783.333333333333 3327.6666666666665 9651.333333333334 4923.333333333333 5011.666666666667 3473.3333333333335 6229.666666666667 5990.333333333333 2272.6666666666665
MGG_10153T0 4866.666666666667 4803 7217.333333333333 4863 5444 4970.333333333333 5424 5899.333333333333 3954.3333333333335
MGG_14927T0 3 0.33333333333333337 9.666666666666666 0.33333333333333337 0.6666666666666666 0 2.6666666666666665 2 1.3333333333333333
MGG_11270T0 4023.6666666666665 1574 10849.333333333334 3159 2917 2627 3260.6666666666665 3039 1241.6666666666667
MGG_02605T0 5948.36 2540.366666666667 15239.266666666666 4423.086666666667 3967.263333333334 5117.443333333334 5679.0633333333335 5675.326666666667 3794.8133333333335
MGG_13817T0 4090.81 1401.1966666666667 6722.006666666667 2765.536666666667 2734.1466666666665 2387.1633333333334 3729.79 3652.31 2579.076666666667
MGG_17669T0 2171.3333333333335 1011.6666666666666 3740.6666666666665 1753.3333333333333 1738.6666666666667 1787.6666666666667 1898.6666666666667 1920.6666666666667 2080.3333333333335
MGG_06046T0 751.3333333333334 278.70033333333333 1323.6666666666667 555.9010000000001 538 609.3333333333334 531.4093333333333 820.4046666666667 478
MGG_06189T0 38009.6 11387.133333333331 72920.20000000001 25100.666666666664 27352.4 30971.933333333334 30293.13333333333 36245.63333333333 18568.966666666667
MGG_00900T0 169.66666666666666 76.33333333333333 348 160.33333333333334 132.66666666666666 177.33333333333334 123.33333333333331 151.33333333333334 142
MGG_16819T0 32.666666666666664 13.666666666666666 59.333333333333336 30 25.333333333333332 29.333333333333332 20.333333333333332 33.333333333333336 22.666666666666668
MGG_01665T0 1645.3333333333333 1162 2703.3333333333335 1389.3333333333333 1783.3333333333333 1768.6666666666667 1623.3333333333333 1622.3333333333333 1511
MGG_05216T0 1105.99 708 2662.6633333333334 853.3333333333334 1093.66 1379 833.9793333333333 1431.3333333333333 740.3333333333334
MGG_14587T0 671 468 1530.6666666666667 641 730 949.3333333333334 675 971 671.3333333333334
MGG_16300T0 72 113 126.66666666666669 72.33333333333333 120.33333333333331 50.666666666666664 84.33333333333333 68 107.33333333333331
MGG_06095T0 968.6666666666666 1639 1965 1408.3333333333333 2036.6666666666667 1221.3333333333333 1569.3333333333333 851.3333333333334 2240.3333333333335
MGG_07712T0 701.3333333333334 757 1335.3333333333333 784.3333333333334 371 985 528.6666666666666 408.3333333333333 1321.3333333333333
MGG_17322T0 10.343933333333334 6.666666666666667 18.666666666666668 14.355266666666669 1 14.666666666666666 5.666666666666667 4 25.333333333333332
MGG_06681T0 927.1126666666668 679.605 1068.743333333333 976.2983333333334 381.171 1048.6566666666668 761.221 484.441 1415.0566666666666
MGG_01272T0 907 448.3333333333333 755.6666666666666 677 445.6666666666667 1002 275 217 1321
MGG_14324T0 73 10.333333333333334 65.66666666666667 65 18.666666666666668 76 30 28 131.33333333333334
MGG_03351T0 129.66666666666666 34.666666666666664 159 204.66666666666663 59 219.33333333333337 70.33333333333333 46.666666666666664 349
MGG_12722T0 12.666666666666666 8.666666666666666 68 2.3333333333333335 0.33333333333333337 4.666666666666667 45 2.3333333333333335 115.66666666666669
MGG_15094T0 25.333333333333332 6 60.666666666666664 19.333333333333332 9.666666666666666 21.333333333333332 60.333333333333336 18.333333333333332 102.33333333333331
MGG_09990T0 95.66666666666669 35 205 114.33333333333331 32.666666666666664 81 147 62.333333333333336 253.66666666666663
MGG_16432T0 173 72.33333333333333 241 139 26.666666666666668 95 237 40.666666666666664 347.6666666666667
MGG_06278T0 313.3333333333333 133.66666666666666 451 319 145 200.66666666666663 270.3333333333333 176 477
MGG_01105T0 210.33333333333337 111.66666666666669 418.3333333333333 273.6666666666667 140.33333333333334 200 210.66666666666663 131.66666666666666 437.3333333333333
MGG_13933T0 16.82946666666667 14.256383333333334 72.0387 38.0399 5.340686666666667 26.867766666666668 18.501966666666668 4.155046666666666 67.4854
MGG_13191T0 478.70133333333337 288.406 879.561 341.326 190.35966666666667 425.88033333333334 428.39233333333334 269.1743333333333 934.025
MGG_07634T0 423.6666666666667 186 1062.6666666666667 251 108 412 565.3333333333334 234.33333333333337 922
MGG_01655T0 753 253.33333333333337 2383.6666666666665 794 171 583.3333333333334 1329 364.3333333333333 2160.6666666666665
MGG_04022T0 1771.3333333333333 446.6666666666667 2371.6666666666665 1060.3333333333333 800.6666666666666 833.3333333333334 1614 908.6666666666666 2399
MGG_04880T0 55 25 92.66666666666669 31.666666666666668 33 27 48 41.666666666666664 92.66666666666669
MGG_15070T0 134.33333333333334 151.33333333333334 538.3333333333334 222.66666666666663 278 148.66666666666666 269.3333333333333 299.3333333333333 534.6666666666666
MGG_11337T0 1052 845 1584.3333333333333 585.3333333333334 903.6666666666666 712.3333333333334 872.3333333333334 1227.6666666666667 1627.6666666666667
MGG_15518T0 11.666666666666666 9.333333333333334 38.666666666666664 4.666666666666667 23.666666666666668 5.333333333333333 2.6666666666666665 23.666666666666668 40
MGG_12092T0 103.90233333333332 112.45806666666668 307.73466666666667 64.33333333333333 196.674 141.41876666666667 75.31446666666666 179.969 280.82733333333334
MGG_07618T0 113.33333333333331 118.33333333333331 344.6666666666667 91 220.33333333333337 161 127.66666666666669 227 318
MGG_02581T0 27 33 130.66666666666666 11.333333333333334 39.333333333333336 45 6.666666666666667 60.333333333333336 95.33333333333331
MGG_09484T0 130.66666666666666 1045.3333333333333 4878.333333333333 142.33333333333334 1015.3333333333334 1788.6666666666667 153.33333333333334 1822.3333333333333 3894.6666666666665
MGG_16214T0 1.6666666666666667 11.666666666666666 94 5.333333333333333 19.666666666666668 16.333333333333332 6.666666666666667 26.666666666666668 89.66666666666667
MGG_01122T0 15.333333333333334 14.666666666666666 90.33333333333331 9 27.666666666666668 32.666666666666664 16.333333333333332 40.333333333333336 93
MGG_12735T0 170.66666666666666 96.33333333333331 541 72.66666666666667 153 223.33333333333337 128.66666666666666 299.6666666666667 557
MGG_16234T0 27.666666666666668 23.666666666666668 42 8.666666666666666 13.666666666666666 24.333333333333332 15.666666666666666 18.666666666666668 53.333333333333336
MGG_17921T0 15 10 22.333333333333332 4.666666666666667 11 13 8 5.666666666666667 26.666666666666668
MGG_06662T0 313.3333333333333 175 947.3333333333334 230.66666666666663 374.6666666666667 428 345 510.6666666666667 1346
MGG_05889T0 441.6666666666667 197 2319.6666666666665 207.66666666666663 581.6666666666666 1107 498.3333333333333 1258.3333333333333 3383
MGG_02919T0 51 141.33333333333334 798 41.333333333333336 278.6666666666667 359 36.666666666666664 227.66666666666663 1248.3333333333333
MGG_15876T0 143.66666666666666 139.33333333333334 316.6666666666667 127 179.33333333333334 248.66666666666663 80.66666666666667 194.66666666666663 510.6666666666667
MGG_16978T0 4 4 10.666666666666666 1 1 1 0.6666666666666666 0.33333333333333337 10
MGG_15428T0 100 71.66666666666667 288.3333333333333 52.666666666666664 6.333333333333333 61.333333333333336 18.666666666666668 3.6666666666666665 329
MGG_08655T0 13 614.3333333333334 2445.3333333333335 51 311.6666666666667 577.3333333333334 451.66666666666663 257.3333333333333 2066.6666666666665
MGG_01420T0 13.333333333333334 498.3333333333333 1450 1.6666666666666667 65 173 108 35.333333333333336 1338
MGG_00385T0 286 1291.6666666666667 3740 306.6666666666667 261.6666666666667 1090.6666666666667 843 397.3333333333333 3638
MGG_13619T0 32 47 114.66666666666669 37.666666666666664 30 53 20 32.666666666666664 99.66666666666669
MGG_07533T0 39.538666666666664 199.39333333333332 617.907 23.070693333333335 22.66583333333333 269.7 35.3446 25.01376666666667 636.4636666666667
MGG_13651T0 109 716.6666666666666 2610.6666666666665 38.666666666666664 64 817.3333333333334 33 81 2319
MGG_16265T0 0 2.3333333333333335 11 0 0 3 0 1.3333333333333333 10
MGG_00243T0 2.10059 1.74055 44.86476666666667 1.3947166666666666 8.363883333333334 16.054296666666666 6.2920533333333335 5.56487 51.66876666666667
MGG_00116T0 27 26 135.66666666666666 10.333333333333334 23.333333333333332 62.666666666666664 12.333333333333334 29.333333333333332 173
MGG_12178T0 53.666666666666664 16.666666666666668 382.3333333333333 10.333333333333334 17.333333333333332 164 33.333333333333336 48 458.3333333333333
MGG_16148T0 245.33333333333337 110.66666666666669 765.6666666666666 162.66666666666666 188.66666666666663 271.3333333333333 272 232.33333333333337 691.6666666666666
MGG_07957T0 17 2 88.33333333333333 4.333333333333333 1 16.333333333333332 12.333333333333334 3.666666666666667 80.33333333333333
MGG_00296T0 505.147 146.32073333333332 4852.0633333333335 271.60966666666667 254.11966666666663 851.398 492.691 256.46233333333333 4800.066666666667
MGG_01439T0 153 39.333333333333336 4446.333333333333 67.33333333333333 55 654.6666666666666 199.33333333333337 83.33333333333333 4887.333333333333
MGG_09341T0 4.333333333333333 8 2352.6666666666665 34 1.3333333333333337 256.6666666666667 78.66666666666667 10 2543.6666666666665
MGG_15096T0 0 0 312.39183333333335 0 0 0 0 0 280.9903333333333
MGG_15938T0 0.33333333333333337 0 4 0 0 0 0 0 4
MGG_05845T0 19.666666666666668 1 2057 6 12.666666666666666 115.33333333333331 10 19.333333333333332 2111
MGG_08387T0 0.33333333333333337 0.33333333333333337 234.66666666666669 0 0 0 0 0 239
MGG_16626T0 0.33333333333333337 0 158.33333333333334 0.33333333333333337 0 4.333333333333333 0.6666666666666667 0 159.66666666666666
MGG_07230T0 59.666666666666664 133.33333333333334 929.3333333333334 62.333333333333336 127.66666666666669 178.66666666666666 57 80.33333333333333 918.6666666666666
MGG_07527T0 630.523 618 2201.6466666666665 453.3333333333333 745.9423333333333 909.26 648.4143333333334 628.3333333333334 2151.29
MGG_14209T0 20.333333333333332 83.66666666666667 1944.6666666666667 15.666666666666666 8.333333333333334 469 20.666666666666668 11 1589.6666666666667
MGG_10583T0 70 214 4780.666666666667 31.666666666666668 97.66666666666669 1243.6666666666667 188 127.66666666666669 4160.333333333333
MGG_04212T0 157 23 1718.3333333333333 62.66666666666667 30.666666666666668 451.6666666666667 75 48 1382
MGG_09708T0 22 19 211.66666666666663 17.333333333333332 8 64 18 9 176
MGG_00211T0 37.8514 64.35933333333334 538.5433333333334 20.7505 45.7571 138.4649333333333 56.64483333333333 74.58053333333334 488.7726666666667
MGG_08950T0 14 4 2505.6666666666665 7.333333333333333 6 317.3333333333333 10 8.666666666666666 2303
MGG_06798T0 0.6666666666666667 2.3333333333333335 589.6666666666666 0.33333333333333337 0.6666666666666666 86.33333333333333 0.6666666666666666 1.6666666666666667 462.3333333333333
MGG_01882T0 5.333333333333333 1 784.3333333333334 9.333333333333334 0 126 11.333333333333334 1.3333333333333337 668.3333333333334
MGG_10803T0 0 14.666666666666666 7919.666666666667 1 0 921.6666666666666 0 0.33333333333333337 6458.333333333333
MGG_17275T0 0 0 6.333333333333333 0 0 0.6666666666666667 0 0 5.333333333333333
MGG_13180T0 12.666666666666666 12 53.666666666666664 7.666666666666667 6.666666666666667 20 8 3 54.333333333333336
MGG_07054T0 70.66666666666667 20 846.6666666666666 107.33333333333331 45.666666666666664 271 108 67.33333333333333 786.3333333333334
MGG_14465T0 120.33333333333331 164.33333333333334 563.6666666666666 129 102.66666666666669 251.33333333333337 151.33333333333334 131.66666666666666 572.3333333333334
MGG_00829T0 54.333333333333336 19.666666666666668 912 20 8 215.66666666666663 35 10.666666666666666 925
MGG_13928T0 336.3333333333333 36.333333333333336 4878 234.66666666666663 36.666666666666664 1289.3333333333333 424.6666666666667 45.666666666666664 5111.333333333333
MGG_06240T0 43.0113 38.666666666666664 419.8743333333333 29.6705 29.333333333333332 152.66666666666666 37.666666666666664 28 434.7053333333334
MGG_01812T0 26 11.666666666666666 477.3333333333333 33.333333333333336 16.333333333333332 171.33333333333334 31.333333333333332 19.666666666666668 502.6666666666667
MGG_01018T0 15.666666666666668 11.333333333333334 272.3333333333333 9.333333333333334 10 94 4.333333333333333 13.333333333333334 265
MGG_11613T0 1 1.3333333333333337 32.666666666666664 0 0 8.666666666666666 0.33333333333333337 1 32
MGG_01246T0 72.66666666666667 80.33333333333333 141.33333333333334 72.66666666666667 88 66.33333333333333 79 79 158.66666666666666
MGG_06694T0 948.0903333333332 2389.1633333333334 5610.236666666667 1310.75 1945.7 2505.673333333333 1423.8333333333333 1918.7733333333333 7219.16
MGG_08521T0 0 22.333333333333332 73.66666666666667 1.6666666666666663 3 22.333333333333332 2.3333333333333335 0 110
MGG_08295T0 702.3333333333334 1312 3155.3333333333335 133.66666666666666 233 443.3333333333333 266.3333333333333 509.6666666666667 4258.333333333333
MGG_16771T0 36.333333333333336 49 98 38 20.333333333333332 36.666666666666664 20.333333333333332 43 134.33333333333334
MGG_16382T0 65.33333333333333 11.666666666666668 153 19.333333333333332 26.333333333333332 37 20.666666666666668 43.666666666666664 164.66666666666666
MGG_04866T0 203.03266666666667 85.50513333333333 613.426 97.66246666666666 90.4961 190.271 102.22356666666668 138.45133333333334 770.21
MGG_06786T0 1048.7523333333334 496 1894.27 501.6666666666667 658.164 910.4506666666666 821.7836666666667 866.5550000000001 2358.1433333333334
MGG_17532T0 751.0236666666667 209.01266666666663 1514.43 369.397 326.35433333333333 577.4023333333333 543.7523333333334 445.4463333333333 1885.2033333333336
MGG_04997T0 1 0.33333333333333337 61 10.666666666666668 2.333333333333333 8.333333333333334 11 1.3333333333333333 75
MGG_01398T0 288.3333333333333 83 2541 422.6666666666667 180.33333333333337 926.3333333333334 524 493.6666666666667 3198.3333333333335
MGG_14571T0 27.666666666666668 18.666666666666668 478.6666666666667 78.66666666666667 11.33376 146.33333333333334 66.33333333333333 19.666666666666668 643.4006666666667
MGG_07992T0 32 3.3333333333333335 1036.6666666666667 36.333333333333336 0.6666666666666667 252 22.333333333333332 4.666666666666667 1206.3333333333333
MGG_13615T0 157.33333333333334 42.333333333333336 2893.6666666666665 330.66666666666663 11 896 281.3333333333333 36.666666666666664 3505.3333333333335
MGG_03353T0 331.3333333333333 98.66666666666669 1718 386.3333333333333 70 574.3333333333334 510 67.33333333333333 2294.6666666666665
MGG_04891T0 413.6666666666667 221.33333333333337 2663.3333333333335 394 178 1107.3333333333333 861.6666666666666 288.3333333333333 3305.3333333333335
MGG_10993T0 213.33333333333337 101.33333333333331 1050.3333333333333 230 157.66666666666666 487.6666666666667 324 408.3333333333333 1624
MGG_04257T0 3.666666666666667 5.333333333333333 146.66666666666666 0 10.333333333333334 35.666666666666664 12.666666666666666 35.333333333333336 219
MGG_04217T0 145.33333333333334 119 2933.6666666666665 171.66666666666666 196 627.3333333333334 641.3333333333334 628.6666666666666 3581.6666666666665
MGG_06624T0 31.333333333333332 24.666666666666668 210.33333333333337 34.333333333333336 40 73 57.666666666666664 58.666666666666664 274.6666666666667
MGG_07882T0 263.6666666666667 253.66666666666663 953.6666666666666 87.66666666666667 219 359.6666666666667 153.33333333333334 201.66666666666663 1388
MGG_08532T0 4.333333333333333 0.33333333333333337 29.666666666666664 1 1 0 2.6666666666666665 1 52
MGG_00083T0 10 4.666666666666667 241 8.666666666666666 2 36.333333333333336 40.666666666666664 8.666666666666666 357.6666666666667
MGG_13884T0 0 0 5.666666666666667 0 0 1 0.6666666666666667 0 8.333333333333334
MGG_13894T0 2.6666666666666665 7.333333333333334 517.3333333333334 0 0.33333333333333337 78.66666666666667 0 2 805.3333333333334
EFMOT00000000330 4.166666666666667 5.087311 97.82963333333332 1.8333333333333337 3.3000000000000003 15.333333333333334 3 2.6666666666666665 155.2629
MGG_04121T0 477.6666666666667 230.33333333333337 2968.6666666666665 529.3333333333334 314 507.3333333333333 477.6666666666667 468.6666666666667 4696.666666666667
MGG_06224T0 0 0 50 0.33333333333333337 0 1.3333333333333337 0 0 82.66666666666667
MGG_03831T0 2.3333333333333335 0.6666666666666666 1269.6666666666667 1.6666666666666663 0.6666666666666666 69.66666666666667 0.33333333333333337 1.6666666666666663 1990.6666666666667
MGG_10544T0 0 0.33333333333333337 534.3333333333334 0.33333333333333337 0 16.333333333333332 1 0.6666666666666666 854.6666666666666
MGG_14155T0 0.6666666666666667 5.666666666666667 5611.666666666667 0 0 336 0.6666666666666667 0 9889.333333333334
MGG_07417T0 10.666666666666666 1 260.3333333333333 2.3333333333333335 3.3333333333333335 16 3.6666666666666665 10.666666666666666 434
MGG_00421T0 0.6666666666666667 1.6666666666666667 13.333333333333334 0.6666666666666666 0.6666666666666666 0.6666666666666667 0 1 20.666666666666668
MGG_03771T0 1.3333333333333333 10.666666666666666 390.6666666666667 2.6666666666666665 2 10.333333333333334 2.3333333333333335 0.33333333333333337 554.3333333333334
MGG_10881T0 0 0 75 0 0 0 0 0 112.66666666666669
MGG_00304T0 2 0 474.3333333333333 2 3.666666666666667 9 2.3333333333333335 1.6666666666666667 696
MGG_09448T0 0.33333333333333337 0 6.333333333333333 0 0.6666666666666667 0 0.6666666666666667 1 8
MGG_15278T0 0 0 11.333333333333334 0 1 0 0.33333333333333337 1 14.666666666666666
MGG_07368T0 105.66666666666669 54.666666666666664 1761.6666666666667 101.33333333333331 55.333333333333336 290.6666666666667 178 79.66666666666667 2167.3333333333335
MGG_11005T0 7.666666666666667 0.6666666666666667 78.66666666666667 5 3 13.333333333333334 8.333333333333334 4 100
MGG_15874T0 111 422 10701.333333333334 26 170 1354.6666666666667 112.33333333333331 178 13422.333333333334
MGG_15873T0 98.33333333333331 417.3333333333333 17741 25.666666666666668 171 2689.3333333333335 92.33333333333331 160 24744.666666666668
MGG_09319T0 8.333333333333334 7.666666666666667 2414.6666666666665 4.333333333333333 8 414.3333333333333 9 11 3262.6666666666665
MGG_16627T0 0.6666666666666667 0 17.333333333333332 0 0 0 0 0 19
MGG_02583T0 3 0.33333333333333337 90 3.3333333333333335 1 3.6666666666666665 7 3 103
MGG_08389T0 1 0 2708.943333333333 0 0.33333333333333337 83.66666666666667 0 1 3121.3433333333332
MGG_17529T0 0 0 917.3333333333334 0 0.6666666666666667 58.333333333333336 0 0 1053
MGG_07885T0 24.8354 32.84543333333333 240.25733333333332 14.446133333333334 7.666666666666667 26.333333333333332 18.25103 13.491233333333334 299.71866666666665
MGG_08428T0 0 1.6666666666666667 256.6666666666667 0.6666666666666666 0 1.3333333333333333 11 0.33333333333333337 311.3333333333333
MGG_00305T0 0 1 36 0 0.6666666666666666 0 0 0.6666666666666666 44.666666666666664
MGG_09353T0 3.666666666666667 12.333333333333334 327.6666666666667 4.333333333333333 0.6666666666666667 26 5.333333333333333 0 435.3333333333333
MGG_03833T0 0 0.33333333333333337 54 0 0 0 0 0 73.33333333333333
MGG_09149T0 0 0 153.33333333333334 1 1.6666666666666663 6 0.6666666666666666 3.666666666666667 198.33333333333337
MGG_15927T0 0 0 1231 0 0 28.333333333333332 0 0.33333333333333337 1626.6666666666667
MGG_09273T0 234.33333333333337 109 1365.6666666666667 71.33333333333333 53 127 500.3333333333333 65.66666666666667 2382.3333333333335
MGG_01182T0 52 18 152 34 27 54.333333333333336 65.66666666666667 52 216.66666666666663
MGG_00088T0 263 95.33333333333331 1084.6666666666667 51.666666666666664 116 224.66666666666663 302.3333333333333 263.6666666666667 1728.3333333333333
MGG_07348T0 2.6666666666666665 0.33333333333333337 15.666666666666666 0.6666666666666667 0 3.3333333333333335 4 1.6666666666666667 27.333333333333336
MGG_03889T0 193.66666666666663 101 424 171 99 201.66666666666663 189 96.66666666666669 703
MGG_03098T0 102 18.666666666666668 332 52.333333333333336 14.666666666666666 145 92.66666666666669 21 639
MGG_02303T0 167.33333333333334 59.666666666666664 3339.9566666666665 43.333333333333336 86.33333333333333 1695.3333333333333 71 95 5470.933333333333
MGG_12006T0 32.666666666666664 10.666666666666666 105 21.333333333333332 8 50.333333333333336 14 15 151.66666666666666
MGG_06666T0 2726.6666666666665 1230.3333333333333 6314.666666666667 1965.3333333333333 1551.3333333333333 3030.3333333333335 2453.3333333333335 1773.3333333333333 8837.666666666666
MGG_05660T0 119 18.333333333333332 709.6666666666666 92 34.666666666666664 294.3333333333333 188.66666666666663 88.66666666666667 1199.3333333333333
MGG_07019T0 238.33333333333337 36.333333333333336 1647.6666666666667 139.33333333333334 42.666666666666664 631.6666666666666 226.66666666666663 90.33333333333331 2527.6666666666665
MGG_14657T0 168.9698666666667 224.697 1362.92 63.2663 286.50866666666667 879.4876666666667 142.83066666666667 615.9926666666667 987.994
MGG_16751T0 149.1593 89.65646666666667 286.22166666666664 46.79823333333333 108.7651 221.237 125.70873333333331 145.10333333333332 237.177
MGG_03245T0 2135.3333333333335 1682 6709.333333333333 857.3333333333334 2196.3333333333335 5175.666666666667 2574.3333333333335 3637.3333333333335 6095.666666666667
MGG_05962T0 478 369 876.6666666666666 188.66666666666663 314.3333333333333 610 240.33333333333337 431.3333333333333 832.6666666666666
MGG_16138T0 8 12 30.333333333333332 2 7.333333333333333 26 5 11.666666666666666 28.333333333333332
MGG_02340T0 15.333333333333334 36.666666666666664 98 7.333333333333333 4 121.66666666666669 30 7.333333333333333 176
MGG_09022T0 10.333333333333334 25.333333333333332 161 5 1.6666666666666663 214.66666666666663 14 7.333333333333333 275.3333333333333
MGG_10310T0 4 188.33333333333337 590 6.333333333333333 16.333333333333332 629.6666666666666 3 7.666666666666667 794.3333333333334
MGG_17002T0 238.66666666666663 542 1326.3333333333333 131.33333333333334 162 1152.3333333333333 106 149.66666666666666 1730.6666666666667
MGG_09592T0 0 148 4980.666666666667 0.6666666666666667 0.33333333333333337 4321.666666666667 0.6666666666666667 0 6977.333333333333
MGG_11681T0 0 3.6666666666666665 16.333333333333332 0 0 13 0 2 19.333333333333332
MGG_08830T0 1015 1559 5427.333333333333 630.6666666666666 981.3333333333334 4231.333333333333 716 770.3333333333334 6114.666666666667
MGG_16832T0 4 0.6666666666666666 22 6.333333333333333 5 10.333333333333334 0.33333333333333337 1.3333333333333333 18
MGG_15062T0 100.66666666666669 554.6666666666666 1633 60.333333333333336 299.6666666666667 946.3333333333334 87.33333333333333 434.3333333333333 1885.3333333333333
MGG_00554T0 10.333333333333334 24.333333333333332 61.333333333333336 5.666666666666667 9.333333333333334 31.333333333333332 2 11.666666666666666 50
MGG_03358T0 0 18.666666666666668 39 2.3333333333333335 2.3333333333333335 22 0.6666666666666667 3 40.333333333333336
MGG_00733T0 249.33333333333337 1224 2374.3333333333335 370.6666666666667 368.6666666666667 1353 291 615 2110.3333333333335
MGG_08330T0 35 46.666666666666664 438 8.666666666666666 44.666666666666664 309.3333333333333 12.333333333333334 68 377.3333333333333
MGG_05967T0 9.333333333333334 3.6666666666666665 225.66666666666663 2 1 155.66666666666666 4 5.666666666666667 238
MGG_09085T0 0 632 5152.666666666667 0.6666666666666667 8.666666666666666 3469 0 3.6666666666666665 4771
MGG_09906T0 164 114.33333333333331 428.6666666666667 54.333333333333336 67 307.6666666666667 86.33333333333333 69.66666666666667 394.3333333333333
MGG_10921T0 34.19146666666666 20.333333333333332 130.652 8.333333333333334 16.437406666666668 106.284 12.492366666666667 22.24053333333333 111.516
MGG_01542T0 30.333333333333332 16.333333333333332 187 38 33.333333333333336 92.33333333333331 49 46.333333333333336 170
MGG_03761T0 150.33333333333334 140 1162.6666666666667 128 134 499.3333333333333 207.66666666666663 223.66666666666663 1053.6666666666667
MGG_08737T0 97.66666666666669 19.333333333333332 831.6666666666666 54 42 405.3333333333333 112.66666666666669 96 797.3333333333334
MGG_08258T0 324.3333333333333 1137 8186.333333333333 604 480 4021.6666666666665 503.6666666666667 620 7574
MGG_11680T0 35 132.66666666666666 2766.3333333333335 63 93.33333333333331 1216.3333333333333 111.33333333333331 69 2353.3333333333335
MGG_00926T0 300 646.6666666666666 2373 404 241.66666666666663 1334.3333333333333 263.3333333333333 273 2033.3333333333333
MGG_16164T0 3 6.333333333333333 25.666666666666668 3 1.3333333333333333 12 1 0.6666666666666667 20.666666666666668
MGG_16129T0 5.666666666666667 3.3333333333333335 23.666666666666668 3 4.666666666666667 14.333333333333334 1 3.3333333333333335 19.666666666666668
MGG_16271T0 20.333333333333332 21.333333333333332 153.33333333333334 3.6666666666666665 4 82.33333333333333 4.666666666666667 5.666666666666667 123.33333333333331
MGG_01675T0 733.2706666666667 475.019 2478.5666666666666 390.00666666666666 355.6596666666667 1433.8866666666668 400.62566666666663 445.6756666666667 2126.9866666666667
MGG_11327T0 499 323 2367.3333333333335 205.66666666666663 121 1091 182.66666666666663 137.33333333333334 2033.6666666666667
MGG_08856T0 872.6666666666666 1363 2586.6666666666665 1361.3333333333333 841.6666666666666 1992.6666666666667 1139.6666666666667 889.6666666666666 2272
MGG_15241T0 814.6666666666666 977.3333333333334 2924.3333333333335 635.6666666666666 287.6666666666667 1636.6666666666667 908.6666666666666 347.6666666666667 2712.3333333333335
MGG_15932T0 0.33333333333333337 2.6666666666666665 6.666666666666667 0.33333333333333337 0.6666666666666667 3.333333333333333 1.3333333333333333 0 5.666666666666667
MGG_17693T0 15.333333333333334 3.3333333333333335 37.333333333333336 16 3.6666666666666665 25.666666666666668 3 3.3333333333333335 25.666666666666668
MGG_17973T0 28.333333333333332 3.3333333333333335 53.666666666666664 24.666666666666668 7.333333333333333 33 9.666666666666666 10 36.333333333333336
MGG_13562T0 243.28 133.945 474.05766666666665 42.1183 281.273 722.648 199.49886666666663 417.94433333333336 760.476
MGG_06112T0 431.1983333333333 270.7373333333333 517.9863333333333 206.8828 337.52233333333334 595.7803333333334 292.09433333333334 427.853 678.5813333333333
MGG_04041T0 159.66666666666666 35 312.3333333333333 141.66666666666666 86.33333333333333 300 85.33333333333333 115.66666666666669 425.3333333333333
MGG_16761T0 396.6666666666667 175.66666666666666 712.3333333333334 222 311.3333333333333 584.6666666666666 188 460.1136666666667 905.3333333333334
MGG_10932T0 233.66666666666663 79.33333333333333 369.6666666666667 128.33333333333334 161.66666666666666 344.3333333333333 111.66666666666669 242.33333333333337 443.3333333333333
MGG_09216T0 222.33333333333337 44 252.66666666666663 85.6033 106.66666666666669 332.476 75.33333333333333 164.66666666666666 439.224
MGG_12627T0 760 334 1162.3333333333333 350 467 1299.6666666666667 425.3333333333333 768.3333333333334 1927
MGG_08595T0 1511.5593333333334 391.7753333333333 2385.9266666666667 688.0276666666666 894.4963333333334 2298.36 618.6103333333333 1150.858 3526.21
MGG_00517T0 964.1276666666666 229.773 1793.9199999999998 374.29833333333335 357.435 1123.7133333333334 924.3263333333334 607.7713333333334 2609.6433333333334
MGG_05888T0 2213.3333333333335 297.6666666666667 3581.6666666666665 814.6666666666666 727.3333333333334 2598.3333333333335 2666.6666666666665 1328 5292
MGG_01121T0 2266.6666666666665 1370.6666666666667 2246.3333333333335 1118.6666666666667 1204.6666666666667 2080 1722 1505.6666666666667 3096
MGG_08039T0 17.333333333333332 8.666666666666666 24.333333333333332 3.3333333333333335 5.333333333333333 15.333333333333334 12.666666666666666 5.666666666666667 28.666666666666668
MGG_09162T0 115.27066666666668 15 184 78.636 12 164.66666666666666 24.666666666666668 14 256.96333333333337
MGG_03611T0 274.28853333333336 53.9238 390.35566666666665 157.73383333333334 55.879533333333335 323.924 110.095 65.32560000000001 425.8736666666667
MGG_11568T0 385 73 564.6666666666666 216.66666666666663 83.66666666666667 510.3333333333333 225 117 677.3333333333334
MGG_17680T0 267 50.666666666666664 470.6666666666667 77.0483 59.37103333333333 363.61533333333335 115.36633333333332 114.39266666666668 631.9386666666667
MGG_15831T0 1140.5523333333333 154.33333333333334 1360.92 359.1566666666667 272.441 1152 377.5586666666667 291.0973333333333 1804
MGG_04998T0 336.83299999999997 40.484066666666664 394.99 110.26523333333331 86.1707 369.903 130.3415 126.41306666666668 631.5643333333334
MGG_14914T0 545.3306666666667 196.98966666666664 637.1663333333333 264.88366666666667 216.59633333333332 545.2443333333333 361.685 266.302 879.675
MGG_13796T0 145.66666666666666 17.666666666666668 226.66666666666663 38.333333333333336 40.333333333333336 156 24.333333333333332 65.33333333333333 254
MGG_09554T0 251.33333333333337 120 402.3333333333333 68 95.66666666666669 309.3333333333333 75.66666666666667 109 468.6666666666667
MGG_16446T0 62.666666666666664 29.333333333333332 80 18 30 71.33333333333333 24 35.666666666666664 98.33333333333331
MGG_00813T0 136 29.666666666666668 322.3333333333333 58.666666666666664 35.333333333333336 209.66666666666663 73.33333333333333 45.333333333333336 296.3333333333333
MGG_05440T0 884.0703333333333 164.66666666666666 1435.3333333333333 367.6666666666667 326 1054.6666666666667 422.72133333333335 463.3333333333333 1390.58
MGG_00464T0 1110.6666666666667 310.3333333333333 1747.6666666666667 313.71233333333333 258.7823333333333 1383.79 394 365.4026666666667 1719.493333333333
MGG_12664T0 99 8.333333333333334 186 17.666666666666668 18 135.66666666666666 37.666666666666664 23.333333333333332 177.66666666666666
MGG_11723T0 873 239 1097 393.6666666666667 307.3333333333333 915.3333333333334 583.3333333333334 432 1239.6666666666667
MGG_17087T0 8 0.6666666666666667 11.333333333333334 0.6666666666666667 2 9.333333333333334 4 3 12.666666666666666
MGG_16474T0 335.8446666666666 98.76116666666668 478.3326666666667 133.10866666666666 173.95080000000002 384.0776666666667 203.098 216.501 541.1743333333334
MGG_09953T0 1183.3333333333333 541 1722.3333333333333 690 592 1490.3333333333333 475 824.6666666666666 1638.3333333333333
MGG_14848T0 483.3333333333333 141.33333333333334 867 203.33333333333337 246.33333333333337 736.6666666666666 327.6666666666667 381 907
MGG_09154T0 74 14 118.33333333333331 13.666666666666666 21.333333333333332 107.66666666666669 20.666666666666668 46 131
MGG_07627T0 1233.4986666666666 79.7191 2972.95 246.277 299.06 3288.7433333333333 759.301 293.57233333333335 4349.24
MGG_10253T0 711.3333333333334 235 1668 118 144.33333333333334 1536 624 369 2185.3333333333335
MGG_16374T0 247.66666666666663 49 412.6666666666667 98.66666666666669 44.333333333333336 506.6666666666667 133 58.333333333333336 518.6666666666666
MGG_08064T0 273.3333333333333 83 402 131.66666666666666 84 473.3333333333333 265.3333333333333 113.66666666666669 523
MGG_03330T0 630 185.33333333333337 770.6666666666666 146.33333333333334 78 830.3333333333334 225.33333333333337 100.33333333333331 1164
MGG_02860T0 268 76.33333333333333 263 45 64 356 57.666666666666664 74.33333333333333 434.3333333333333
MGG_09715T0 1401 633.6666666666666 2206 520 359.6666666666667 3005 590 447.3333333333333 4312.333333333333
MGG_07515T0 515.4786666666666 328.1293333333333 672.6963333333333 338.50333333333333 360.18066666666664 686.907 271.45666666666665 346.49466666666666 940.7463333333334
MGG_16045T0 2535.406333333334 2325.6366666666668 3640.5333333333338 941.3563333333334 1343.417 3877.993333333334 1578.8196666666668 832.6923333333333 5021.49
MGG_17861T0 643 634.6666666666666 1380 396.6526666666667 175 1296.6666666666667 312.6666666666667 154.33333333333334 1987.6666666666667
MGG_17862T0 341 141.66666666666666 503.6666666666667 152.66666666666666 77 415.6666666666667 184.66666666666663 73 784.6666666666666
MGG_15822T0 21.333333333333332 15.333333333333334 43.666666666666664 12 3.6666666666666665 34.666666666666664 15.333333333333334 7.666666666666667 59.666666666666664
MGG_15752T0 26 9.333333333333334 47.333333333333336 10 21 19 12 24 49
MGG_04817T0 822.005 308.24733333333336 1112.563666666667 272.8586666666667 418.023 652.409 341.91200000000003 608.0396666666667 1144.9446666666663
MGG_08676T0 860.3333333333334 352.3333333333333 959.3333333333334 383.6666666666667 436 696.6666666666666 490.6666666666667 716.3333333333334 1253
MGG_06527T0 108.33333333333331 43.333333333333336 168.66666666666666 33 15 58 34.333333333333336 29 92
MGG_00872T0 1952.2 607.57 3436.673333333333 622.775 961.031 1352.8366666666666 919.569 1372.7033333333334 2213.003333333333
MGG_10656T0 316.3333333333333 95.66666666666669 492 121.33333333333331 154 272.6666666666667 206 232 376.3333333333333
MGG_17889T0 682.6666666666666 336.6666666666667 865.6666666666666 311.6666666666667 344.6666666666667 459.6666666666667 357.3333333333333 442.6666666666667 689.6666666666666
MGG_00410T0 67 15.333333333333334 104.66666666666669 10.333333333333334 21.333333333333332 29.333333333333332 30.666666666666668 22.666666666666668 85
MGG_04254T0 56.333333333333336 10 88.66666666666667 49 10 56.666666666666664 24.333333333333332 19.333333333333332 110.66666666666669
MGG_16728T0 3000 342 4381.333333333333 1102.5633333333333 656.6666666666666 1381.8433333333332 970.2103333333332 690.4176666666667 5768.943333333334
MGG_09164T0 87 17 137.66666666666666 47.666666666666664 20.333333333333332 63.666666666666664 28 16.666666666666668 217.33333333333337
MGG_07604T0 345 162 478.6666666666667 251.33333333333337 163.33333333333334 245.33333333333337 218 211.66666666666663 392
MGG_10183T0 610.333 93.8592 612.5376666666667 316.728 114.30206666666666 332.29033333333336 210.617 239.15566666666663 696.0273333333333
MGG_16519T0 35 5.666666666666667 41 19.666666666666668 7 17.333333333333332 9.333333333333334 8 37
MGG_05764T0 144.66666666666666 64.33333333333333 179.33333333333334 91.33333333333331 55.333333333333336 101.66666666666669 68.33333333333333 75 176.33333333333334
MGG_08560T1 1540.1563333333334 661.4499999999999 1660.24 363.87666666666667 448.7406666666667 885.693 794.956 438.8473333333333 1679.68
MGG_02247T0 911.6666666666666 136.33333333333334 1203.6666666666667 184.33333333333337 165 689.3333333333334 315.3333333333333 246.33333333333337 1387.3333333333333
MGG_08681T0 373.23 33.459833333333336 461.572 57.84076666666667 56.41226666666667 228.26133333333337 146.46923333333334 134.5749 521.9963333333333
MGG_04336T0 369.3333333333333 54.55486666666667 531.819 62 33.26833333333333 226.66166666666663 176.106 34.225766666666665 432.4913333333334
MGG_12007T0 131.7704 32.81303333333333 173.77266666666668 64.81696666666666 45.4261 78.72066666666667 88.09666666666666 53.27413333333333 164.724
MGG_00734T0 4 8.666666666666666 41.666666666666664 4 24.666666666666664 2.3333333333333335 20.666666666666668 44.666666666666664 63
MGG_08454T0 74 73.33333333333333 127 9.666666666666666 150 34 97.33333333333331 172.33333333333334 299
MGG_06778T0 158.33333333333334 264.6666666666667 356.3333333333333 147 409.6666666666667 133.33333333333334 206 454.6666666666667 697.3333333333334
MGG_07594T0 357 530.6666666666666 894.6666666666666 112.33333333333331 565 313.6666666666667 227 952.6666666666666 1341.3333333333333
MGG_06660T0 3405.05 4876.536666666667 6278.043333333333 1264.8866666666668 4193.74 3491.866666666667 2133.173333333333 6063.2 6375.463333333333
MGG_10019T0 499.3333333333333 825.6666666666666 1147 114 539.6666666666666 640.3333333333334 462.3333333333333 932.6666666666666 1351
MGG_17888T0 979 1282.6666666666667 1741.3333333333333 859.3333333333334 1457.3333333333333 845.3333333333334 1195.6666666666667 1249.6666666666667 1860.3333333333333
MGG_16034T0 16.333333333333332 134.33333333333334 266 49.666666666666664 163.33333333333334 122.33333333333331 37.333333333333336 153 413.6666666666667
MGG_10503T0 1495.6666666666667 5220 7087 869.6666666666666 4630.333333333333 2137.3333333333335 2641.6666666666665 3361.6666666666665 10218.333333333334
MGG_07251T0 4 26.333333333333332 41.333333333333336 13.666666666666666 24.666666666666668 14 15.666666666666666 20.666666666666668 62.666666666666664
MGG_06777T0 6.666666666666667 105 189.33333333333337 14.666666666666666 86.33333333333333 28.666666666666668 52 107 307.6666666666667
MGG_17807T0 0 13.333333333333334 25.333333333333332 1.3333333333333337 13.333333333333334 1 3 10.666666666666666 36.333333333333336
MGG_14828T0 0 2.6666666666666665 4.333333333333333 0 0.6666666666666667 0.33333333333333337 0 2.333333333333333 6
MGG_07677T0 1 13 14.666666666666666 0 5.666666666666667 1 0 2 31.333333333333336
MGG_14649T0 152.33333333333334 444 420 167.66666666666666 274.3333333333333 243.33333333333337 185 289 645
MGG_16219T0 1833 6331 7909 1850.6666666666667 3650.6666666666665 3384.3333333333335 2426 3428.6666666666665 12212.333333333334
MGG_11210T0 273.472 695.094 734.4873333333334 273.60699999999997 357.373 409.8516666666667 325.38366666666667 446.481 1078.055
MGG_05580T0 796.6666666666666 1470.6666666666667 1355.6666666666667 1496.6666666666667 1710.6666666666667 749.6666666666666 2174.6666666666665 582.3333333333334 3926
MGG_15275T0 97.33333333333331 68.66666666666667 46 59 17 15.333333333333334 17.333333333333332 9 217
MGG_03449T0 2663 4058.3333333333335 4038.6666666666665 3583.3333333333335 2412 2590.6666666666665 2961.3333333333335 2249 5623.666666666667
MGG_16713T0 2.6666666666666665 8.666666666666666 5.666666666666667 7.333333333333334 1 2 4.333333333333333 2 12.333333333333334
MGG_15066T0 16.666666666666668 33.666666666666664 20.666666666666668 13.666666666666666 7.333333333333333 12.666666666666666 20.333333333333332 12 51
MGG_04873T0 2861.807 3797.5766666666664 3543.4766666666665 2766.2733333333335 1621.3966666666668 2792.28 2125.4366666666665 1462.4246666666666 7275.08
MGG_15890T0 1 2.6666666666666665 1.6666666666666663 1.3333333333333333 0.33333333333333337 1 0.33333333333333337 0 4.666666666666667
MGG_09709T0 200 353 341 205 69.66666666666667 181.33333333333337 217 95.66666666666669 656
MGG_08779T0 5 15.666666666666666 14 9 5.333333333333333 8.333333333333334 11 4.666666666666667 34.333333333333336
MGG_04992T0 2.3333333333333335 49 32.666666666666664 16 28 19.666666666666668 17 14 70.66666666666667
MGG_06761T0 609.6666666666666 1119 910.3333333333334 991 524.6666666666666 947.3333333333334 1073 751.3333333333334 2708
MGG_15081T0 77.66666666666667 328 191.33333333333337 36.666666666666664 236.66666666666663 107.33333333333331 45.666666666666664 209 837.3333333333334
MGG_06171T0 21.333333333333332 351 282.6666666666667 5 47.333333333333336 148.66666666666666 29.666666666666668 77.66666666666667 1092.3333333333333
MGG_16327T0 0 17.039466666666666 6.557933342394433 0 3 4.7927717586666665 0 0.97483 67.13656666666667
MGG_00588T0 597.0696666666666 1499.9433333333334 1074.915 640.8016666666667 516.5483333333334 1170.733 553.6093333333333 473.35833333333335 3246.65
MGG_07789T0 140.35666666666663 1125 533.7573333333333 249.41166666666663 338.01466666666664 1394.3433333333332 225.09533333333337 167.77533333333332 3994.416666666667
MGG_00653T0 8.666666666666666 41 26.666666666666668 18 14.333333333333334 44.666666666666664 11.666666666666666 10.666666666666666 106
MGG_16328T0 0 44.17646666666667 6.333333333333333 0 2 42 0 2.833333333333333 189.216
MGG_17896T0 0 19 0.6666666666666666 0 6 13.666666666666668 1 4 91.33333333333331
MGG_08027T0 1 15.666666666666666 2.3333333333333335 0.6666666666666667 1 7.333333333333333 1.3333333333333337 2.3333333333333335 35.666666666666664
MGG_03290T0 495.3333333333333 819.6666666666666 472.3333333333333 545.6666666666666 508 651 562 518.3333333333334 1441.3333333333333
MGG_04870T0 1105.6666666666667 4240.333333333333 1443.3333333333333 1490 1367 1358 1833.3333333333333 1758.3033333333333 6620.666666666667
MGG_07837T0 0 1.6666666666666667 0 0 0.33333333333333337 0 0 0 3.666666666666667
MGG_13019T0 51 1318.3333333333333 285.3333333333333 56.333333333333336 167.66666666666666 249.33333333333337 83 227 2997.3333333333335
MGG_12479T0 10 75.33333333333333 7.666666666666666 6.333333333333333 5.666666666666667 10.666666666666666 7 5.333333333333333 166.66666666666666
MGG_03025T0 70 2707 911.6666666666666 114.66666666666669 391.3333333333333 1004 30.666666666666668 223.66666666666669 3920
MGG_08293T0 1468.3333333333333 3813 2044.6666666666667 1457.6666666666667 1137.3333333333333 2069 1322.3333333333333 1421 6305.333333333333
MGG_06760T0 2004.6666666666667 6110.666666666667 3652.3333333333335 2978.37 2444.8233333333333 3069.0933333333332 2917.06 2565.403333333333 8819.973333333333
MGG_14976T0 374 346.6666666666667 504 72.66666666666667 108.66666666666669 451.6666666666667 669 139 1352.3333333333333
MGG_09030T0 234.33333333333337 51.333333333333336 193 67.66666666666667 51 219.33333333333337 330 58 572
MGG_00085T0 1123.3333333333333 704.6666666666666 2573 975 344.3333333333333 1757.3333333333333 1776.3333333333333 667.3333333333334 4392.666666666667
MGG_06539T0 107 98.33333333333331 312.3333333333333 177.33333333333334 30.333333333333332 266.3333333333333 199.66666666666663 61.666666666666664 627.6666666666666
MGG_16878T0 126.66666666666669 104.33333333333331 109 123.66666666666669 54.666666666666664 146.33333333333334 110.66666666666669 47.333333333333336 262.3333333333333
MGG_02075T0 66.33333333333333 59.666666666666664 76.33333333333333 66.33333333333333 12.666666666666666 58 117.33333333333331 4.12132 195
MGG_06545T0 101.20753333333332 107.43236666666668 161.41533333333334 146.90566666666666 40.559133333333335 221.20966666666664 217.82966666666667 50.4002 491.16166666666663
MGG_03340T0 2123 1070.3333333333333 2836 3023.3333333333335 612.3333333333334 3309.6666666666665 4390.333333333333 565.6666666666666 10194.333333333334
MGG_08944T0 0 0 4 0.6666666666666667 1.3333333333333333 0.33333333333333337 3.6666666666666665 1.6666666666666663 8
MGG_03385T0 1 0 7 0 3 0.33333333333333337 7.333333333333333 6 21
MGG_14997T0 62 24.666666666666668 32.333333333333336 55.666666666666664 41 90 26.666666666666668 54.666666666666664 206.66666666666663
MGG_17475T0 4.666666666666667 0 4 0 1.6666666666666667 2.6666666666666665 3.3333333333333335 4.333333333333333 11.333333333333334
MGG_09641T0 2228.3333333333335 746.3333333333334 2672 210.66666666666663 721 1817.6666666666667 1760 1705.3333333333333 7998.333333333333
MGG_17416T0 92.33333333333331 38 68.66666666666667 31.333333333333332 58 75.33333333333333 41.333333333333336 76.66666666666667 251.33333333333337
MGG_05785T0 2405.6666666666665 294.6666666666667 1207 146.66666666666666 334.6666666666667 1157 2064 1154.3333333333333 4776
MGG_00400T0 84.66666666666667 21.666666666666668 34 18.666666666666668 17 27.333333333333332 83 40 321.6666666666667
MGG_03575T0 422 80.33333333333333 177 49.333333333333336 67.33333333333333 44.666666666666664 191 75 935.3333333333334
MGG_03829T0 153 3 38.333333333333336 65.33333333333333 1.6666666666666667 0.6666666666666667 50.666666666666664 1 416.6666666666667
MGG_10334T0 1065.6666666666667 303.3333333333333 1124.6666666666667 494.3333333333333 561 1253.3333333333333 628.6666666666666 919 2262.3333333333335
MGG_04626T0 1555.3473333333334 652.6666666666666 1823.3333333333333 462.02166666666665 405.2513333333333 1266.78 592.2570000000001 546.318 2929.16
MGG_07856T0 9.666666666666666 4 14 0.33333333333333337 1.6666666666666663 11.666666666666666 3 2 24.333333333333332
MGG_02651T0 2614.3333333333335 1061.3333333333333 3781 719.3333333333334 1160.3333333333333 2882.3333333333335 891.3333333333334 1529.3333333333333 6126
MGG_03029T0 62 15.666666666666666 115.33333333333331 14.333333333333334 15.666666666666666 66.33333333333333 24.333333333333332 16.333333333333332 174.33333333333334
MGG_03476T0 513 176.33333333333334 917 208 288.3333333333333 923.6666666666666 307.3333333333333 358 1638.6666666666667
MGG_05098T0 767.3896666666667 231.50133333333332 1136.56 347.29333333333335 315.01433333333335 1121.4033333333332 495.79 418.1306666666667 1795.0533333333333
MGG_04901T0 1610.6666666666667 246.33333333333337 2334.3333333333335 544.3333333333334 642.3333333333334 1826.3333333333333 720.6666666666666 898.3333333333334 5283.666666666667
MGG_15922T0 5.67509 0.3335633333333333 8.6884 1.6717966666666666 1.7496066666666663 7.378383333333334 1.00759 3.380306666666667 19.0857
MGG_09175T0 229.33333333333337 34 350.6666666666667 38.666666666666664 89.66666666666667 281.6666666666667 118 145.33333333333334 628.6666666666666
MGG_09899T0 242.58133333333333 60.69786666666667 349.189 85.27726666666666 71.2259 276.6566666666667 132.32186666666666 96.33083333333332 640.5376666666666
MGG_00575T0 93 74.33333333333333 299.3333333333333 32.666666666666664 63.666666666666664 215 105.33333333333331 100.33333333333331 531
MGG_14875T0 225.33333333333337 38.333333333333336 290.3333333333333 114.66666666666669 99.33333333333331 315.3333333333333 123 124 902.3333333333334
MGG_09601T0 39.666666666666664 6 112.33333333333331 3.333333333333333 3 88 20.333333333333332 10 313.3333333333333
MGG_09600T0 28.333333333333332 4 101.33333333333331 8.333333333333334 13 91.33333333333331 23.333333333333332 18 300
MGG_04398T0 120.91986666666666 98.5724 215.20966666666664 38.23386666666667 48.1329 213.73233333333337 114.092 127.193 477.0396666666667
MGG_17696T0 115.85406666666668 53.898633333333336 147.56866666666667 37.56053333333333 68.70013333333333 186.15466666666663 73.52333333333333 92.37013333333331 352.80833333333334
MGG_08257T1 952.419 1091.395 1731.74 589.439 679.6106666666667 1370.0933333333337 260.2350666666666 692.913 2681.92
MGG_11255T0 5395.333333333333 4063.3333333333335 5769 3292.6666666666665 2665.3333333333335 6072 1431 2846.3333333333335 10556
MGG_13957T0 1.6666666666666663 25 91.33333333333331 0 2.6666666666666665 60 0 4.333333333333333 237.33333333333337
MGG_16272T0 1.6666666666666663 37.333333333333336 135.33333333333334 6 4.666666666666667 150.33333333333334 3.6666666666666665 9.333333333333334 475
MGG_13110T0 2.3333333333333335 18 25 0 3.666666666666667 19.666666666666668 0.6666666666666667 5.666666666666667 58.333333333333336
MGG_08709T0 7.667973333333333 86.25166666666667 160.70733333333334 12.017693333333332 26.0882 86.77916666666667 18.36245333333333 32.916866666666664 323.20099999999996
MGG_13908T0 7 1875.3333333333333 3494.6666666666665 7 71 2283.3333333333335 2.6666666666666665 47.666666666666664 7938.333333333333
MGG_10721T0 6 32.333333333333336 65.66666666666667 1.6666666666666663 9.666666666666666 45.333333333333336 2.3333333333333335 5.666666666666667 140
MGG_08700T0 7 22.333333333333332 27.333333333333332 8.333333333333334 2.3333333333333335 23.666666666666668 4.333333333333333 7.666666666666667 64.66666666666667
MGG_15100T0 12.666666666666668 121 196 3 1.3333333333333333 202.33333333333337 7.666666666666667 18.666666666666668 515
MGG_10618T0 6 23.666666666666668 34.333333333333336 3.666666666666667 0.33333333333333337 37.666666666666664 4.666666666666667 2.3333333333333335 96.66666666666669
MGG_03299T0 1300.3333333333333 187 3800.3333333333335 1611.6666666666667 781.6666666666666 5394 83.66666666666667 204.66666666666663 9800.333333333334
MGG_15882T0 0 20.333333333333332 50.666666666666664 0 8 113.33333333333331 0 1.6666666666666667 249.33333333333337
MGG_09416T0 0 23.333333333333332 148 0 1.3333333333333333 235 1 0.33333333333333337 392.3333333333333
MGG_07938T0 0.33333333333333337 20 78.33333333333333 1 3.6666666666666665 104 1.6666666666666663 0.6666666666666667 199
MGG_06257T0 64.33333333333333 398.6666666666667 696.6666666666666 104 446.6666666666667 286.3333333333333 154.66666666666666 370.6666666666667 1899.3333333333333
MGG_04869T0 52.666666666666664 123 244.66666666666663 61.333333333333336 107.66666666666669 94.33333333333331 42.666666666666664 130.66666666666666 455.3333333333333
MGG_18139T0 0 7.666666666666666 23.666666666666664 0 5.666666666666667 1.3333333333333337 3.6666666666666665 11 58
MGG_06695T0 1167.6666666666667 224.33333333333337 1831 520.6666666666666 554.6666666666666 975 806.3333333333334 959.3333333333334 3651.3333333333335
MGG_14929T0 100 43 174 20.666666666666668 24.666666666666668 103 81.33333333333333 37.666666666666664 341
MGG_02559T0 148.66666666666666 16.666666666666668 348 0.6666666666666667 3.6666666666666665 34 91.33333333333331 16 774
MGG_17035T3 135.3533 14.132706666666667 272.14433333333335 8.636623333333333 38.6082 79.485 62.2945 27.652433333333335 541.9383333333334
MGG_07386T0 737.6666666666666 308.6666666666667 2797.6666666666665 1551.6666666666667 408.3333333333333 921.6666666666666 879.3333333333334 555.3333333333334 7443.333333333333
MGG_15194T0 0.33333333333333337 0 80.66666666666667 65 0 0.6666666666666667 3.333333333333333 0 261.3333333333333
MGG_14057T0 37 10.666666666666666 250.66666666666663 10 22.333333333333332 131.66666666666666 20.333333333333332 30.666666666666668 508.6666666666667
MGG_02256T0 9.666666666666666 22 3098.6666666666665 10.333333333333334 1.6666666666666663 1451 6.666666666666667 1.3333333333333333 6363.333333333333
MGG_03360T0 64 96 1495.3333333333333 68.33333333333333 103 806 104 156.33333333333334 3121.3333333333335
MGG_05053T0 112 250.66666666666663 6338.666666666667 79.33333333333333 220.33333333333337 2589.3333333333335 76 277 14530.666666666666
MGG_09605T0 1 6 2529.3333333333335 3.3333333333333335 2 868 8 2.3333333333333335 6719.333333333333
MGG_01700T0 58 44 364.3333333333333 39 59 94.33333333333331 42 85.33333333333333 634
MGG_09368T0 46.333333333333336 46.333333333333336 2902.3333333333335 55 12.666666666666666 990.6666666666666 77 19 5857.666666666667
MGG_07550T0 0 0 375 0 0 112 0.33333333333333337 0 765.6666666666666
MGG_00084T0 9.666666666666666 6.333333333333333 7153.666666666667 13.333333333333334 4.666666666666667 1313.3333333333333 40.333333333333336 4 14688.333333333334
MGG_07934T0 15 4.666666666666667 486.6666666666667 3.6666666666666665 13 101.33333333333331 10.666666666666666 21 930.6666666666666
MGG_06797T0 10.333333333333334 8.333333333333334 1444.3333333333333 9 8 311.6666666666667 20 8 2703
MGG_15296T0 0 1 48 1 0.33333333333333337 11 1 0.6666666666666667 88.33333333333333
MGG_07617T0 311.99233333333336 120.60923333333334 983.4006666666668 101.6303 166.19133333333332 333.72633333333334 131.3239 155.25733333333335 1760.6966666666667
MGG_10519T0 102.33333333333331 16.333333333333332 552.6666666666666 59.333333333333336 33.333333333333336 170 125.33333333333331 45 1072
MGG_05855T0 93 14.333333333333334 396.3333333333333 36.333333333333336 16.333333333333332 106 69.66666666666667 45 806.6666666666666
MGG_11458T0 173.33333333333334 191.33333333333337 1482.3333333333333 559.6666666666666 244.66666666666663 362 436 341.3333333333333 2759.3333333333335
MGG_12654T0 0.6666666666666666 1.6666666666666663 40 1.3333333333333337 5 5.333333333333333 1 4.333333333333333 87
MGG_13924T0 7 32.333333333333336 409 11.333333333333332 36 6 5.666666666666667 49.333333333333336 1002
MGG_10460T0 4 5.333333333333333 3731.3333333333335 1 1.3333333333333333 217 1.3333333333333333 4.333333333333333 9873.333333333334
MGG_07575T0 0.6666666666666667 1.3333333333333337 1322.6666666666667 1 0 177.66666666666666 0 0 3323.3333333333335
MGG_10804T0 0 0 224 0 0 26.666666666666668 0 0 570.6666666666666
MGG_08158T0 22 335.3333333333333 27711 27 213 1472.6666666666667 44.666666666666664 235.66666666666663 60824
MGG_03834T0 2.6666666666666665 0.33333333333333337 75.33333333333333 1.6666666666666667 1.3333333333333337 1 1 1.6666666666666667 179.66666666666666
MGG_07953T0 14 0.6666666666666667 261 11 0.33333333333333337 4.666666666666667 7.666666666666667 1 631.6666666666666
MGG_00420T0 1.3333333333333337 1.6666666666666667 44.333333333333336 5 4.333333333333333 1 1.6666666666666667 8 92.33333333333331
MGG_04239T0 20.666666666666668 24.333333333333332 159 18 10 14.666666666666666 18.333333333333332 7.666666666666667 325.3333333333333
MGG_03468T0 5 46 783.3333333333334 5 40 71.66666666666667 16 43.333333333333336 1545.6666666666667
MGG_01956T0 9.333333333333334 16.666666666666668 186.33333333333337 14 15.333333333333334 7 8.666666666666666 13.333333333333334 353
MGG_07861T0 0.33333333333333337 15 795.3333333333334 0 4 29 2.6666666666666665 1.6666666666666663 1521.6666666666667
MGG_16061T0 0 0 140.66666666666666 0 0 0.33333333333333337 0 0 283.3333333333333
MGG_00954T0 5.333333333333333 1 13.666666666666666 0 2.666666666666667 1.6666666666666663 0.6666666666666667 2 39.333333333333336
MGG_07884T0 44.831266666666664 13.154583333333331 98.74266666666666 11.88719 4.333333333333333 35 12.74897 9.8421 279.68966666666665
MGG_16924T0 360.3333333333333 41.333333333333336 460.3333333333333 48 19.333333333333332 140.66666666666666 51.666666666666664 40.666666666666664 1742.3333333333333
MGG_15267T0 302.3333333333333 7 739 83.33333333333333 3 31 59.666666666666664 5.666666666666667 2753
MGG_02530T0 4.666666666666667 0.33333333333333337 39.333333333333336 0.6666666666666667 1 2.6666666666666665 13.666666666666666 3 112
MGG_08232T0 173.66666666666666 135.33333333333334 895.5 97.5 111 88.66666666666667 214.5 204.5 2276.1666666666665
MGG_14727T0 173.66666666666666 135.33333333333334 895.5 97.5 111 88.66666666666667 214.5 204.5 2276.1666666666665
MGG_03849T0 117.66666666666666 27.333333333333332 394.3333333333333 49.666666666666664 45 80.66666666666667 72 52.333333333333336 1567
MGG_08551T0 44.899233333333335 45.2788 999.13 28.501933333333337 77.62389999999999 113.52693333333332 251.54963333333333 150.94683333333333 3511.01
MGG_01934T0 3.3333333333333335 1 105 4.666666666666667 2 5.333333333333333 16.666666666666668 6.666666666666667 425.3333333333333
MGG_09468T0 6 6.333333333333333 49 4.333333333333333 4.333333333333333 12.666666666666666 6.666666666666667 12.333333333333334 169.66666666666666
MGG_09681T0 12.666666666666668 0 344.6666666666667 1 0 17 6 0.33333333333333337 1301.3333333333333
MGG_08379T0 0 0 239.33333333333331 0 0 0 0 0 858.6666666666666
MGG_11006T0 0 1.3333333333333333 211 0 0 22 0.33333333333333337 0 891
MGG_00072T0 3.6666666666666665 24.333333333333332 811.3333333333334 3.666666666666667 1 159.33333333333334 4.666666666666667 3 3093.3333333333335
MGG_04340T0 17.333333333333332 2.6666666666666665 109.57 0.33333333333333337 1.3333333333333333 24.9375 3.6666666666666665 1.3333333333333333 300.027
MGG_15434T0 0.6666666666666667 0 4.333333333333333 0 0 0 0 0 14.333333333333334
MGG_16658T0 0 0 266 0 0 53 0 0 897
MGG_17815T0 2.6666666666666665 27 685.3333333333334 2 14.666666666666666 159 5.666666666666667 8.666666666666666 2126
MGG_17856T0 1 28 880 0 8 183.66666666666663 0 7.666666666666667 2615
MGG_00545T0 145 70.66666666666667 1029.6666666666667 180.66666666666663 101.66666666666669 188.33333333333337 203.66666666666663 164 2658.3333333333335
MGG_04576T0 26.333333333333332 40.666666666666664 326 23.333333333333332 58.666666666666664 22.666666666666668 25.333333333333332 44.666666666666664 919
MGG_15388T0 1 1 135.33333333333334 1.6666666666666663 6.333333333333333 13 7 21.333333333333332 390.6666666666667
MGG_14183T0 0 0.33333333333333337 25.333333333333332 0 0 1.6666666666666667 0 1.3333333333333333 75
MGG_17305T0 0 0 89 0 0 4 0 0 270.6666666666667
MGG_07497T0 28.333333333333332 26 1134.6666666666667 48.333333333333336 44.333333333333336 97 68.33333333333333 56 3255
MGG_08390T0 0 0 1750 0 0.33333333333333337 37.333333333333336 0 0 5006.666666666667
MGG_08952T0 0 0 6.666666666666667 0 0 0.33333333333333337 0.33333333333333337 0 18.666666666666668
MGG_09321T0 121.06743333333333 211.43133333333333 1626.4223333333334 114.35413333333334 97.65803333333334 285.178 104.60776666666666 116.683 4893.5
MGG_00120T0 27 41 9476.333333333334 6 14.666666666666666 513.3333333333334 27.333333333333332 18 30326
MGG_10010T0 0.33333333333333337 0.33333333333333337 49.333333333333336 0 1 3 0.33333333333333337 0 162
MGG_13895T0 0 77.33333333333333 186 0 0 47.666666666666664 0 0 671.3333333333334
MGG_01701T0 85.66666666666667 105.66666666666669 381 65.66666666666667 21.666666666666668 236 42 21 1008
MGG_03898T0 39.666666666666664 30.666666666666668 137 18.333333333333332 15.0775 74.99463333333334 33 10.333333333333334 374.39
MGG_17541T0 3 7.333333333333333 31 0.33333333333333337 0 22.333333333333332 1 0 117.66666666666669
MGG_02921T0 57.825966666666666 49.26886666666666 418.63733333333334 19 34.9641 221.503 44.734066666666664 53.46783333333333 1767.26
MGG_14338T0 6.666666666666667 63.333333333333336 2132.6666666666665 5.666666666666667 27.666666666666668 817.3333333333334 7.666666666666667 12.666666666666666 7357
MGG_02180T0 43.666666666666664 21.666666666666668 3811 14.333333333333334 8.666666666666666 1345.6666666666667 21.333333333333332 4.333333333333333 14634.666666666666
MGG_10198T0 900.6666666666666 848.3333333333334 1177.6666666666667 798 705.6666666666666 771 345 1010.6666666666666 2721.6666666666665
MGG_14398T0 3 10 0.33333333333333337 1.3333333333333337 1.6666666666666663 1.3333333333333333 1 0.33333333333333337 34.666666666666664
MGG_15274T0 16.333333333333332 23 5 10.666666666666666 9.666666666666666 2.333333333333333 6 1.6666666666666667 101.66666666666669
MGG_08486T0 15.333333333333334 7 26 1 0 41 1 0 185.33333333333337
MGG_12714T0 148.66666666666666 1324.32 1248.3333333333333 61.66666666666667 282 3503.92 94 205.66666666666663 11529.266666666666
MGG_10508T0 9.333333333333334 2.3333333333333335 38.333333333333336 1 6 3 44.333333333333336 22.666666666666668 218.66666666666663
MGG_08439T0 18.0799 24.666666666666668 36.666666666666664 31 2 38.362833333333334 19 7.666666666666667 206.456
MGG_09462T0 968.6666666666666 1527 1328.3333333333333 615 577.3333333333334 1333 1118.6666666666667 584 6060.333333333333
MGG_08459T0 65.66666666666667 67 72.66666666666667 29.333333333333332 9.333333333333334 53 40.666666666666664 16.666666666666668 463.6666666666667
MGG_01941T0 55 11.666666666666666 69 11.333333333333334 29 55.333333333333336 37 37 425.6666666666667
MGG_10000T0 144.66666666666666 71 123.33333333333331 25 88.66666666666667 105.33333333333331 109.33333333333331 130.66666666666666 699.3333333333334
MGG_15041T0 146.33333333333334 85 129.66666666666666 64.66666666666667 156.66666666666666 48.666666666666664 26.666666666666668 205.66666666666663 1829
MGG_13177T0 518 1564 1569.6666666666667 1314 726 987.6666666666666 530.6666666666666 406.6666666666667 7452
MGG_07883T0 6.666666666666666 99 166 0.6666666666666666 10 56.666666666666664 3.3333333333333335 5 1077.2573333333332
MGG_07868T0 2.6666666666666665 18 14 1.6666666666666667 0 5 1 0.6666666666666666 131.66666666666666
MGG_07473T0 23.666666666666668 346.6666666666667 245.66666666666663 79.33333333333333 102 67.66666666666667 127 66.66666666666667 2815.3333333333335
MGG_03428T0 11.333333333333334 6.333333333333333 4.333333333333333 15.333333333333332 1.6666666666666667 3.6666666666666665 10 0 364
MGG_17823T0 47.666666666666664 2 44.333333333333336 29.666666666666668 4 10 30.333333333333332 11.666666666666666 616.6666666666666
MGG_17153T0 914.6666666666669 66.66666666666667 1262 230.66666666666663 117 264 516.3333333333334 168 12678.666666666666
MGG_09680T0 0 211 387.6666666666667 0 205 4.333333333333333 0 122 3923
MGG_09812T0 0.6666666666666667 0.33333333333333337 5 2 1.3333333333333337 0 0.33333333333333337 1.3333333333333333 73.66666666666667
MGG_13993T0 0.33333333333333337 0.33333333333333337 111.66666666666669 0 0 2 3.333333333333333 0.6666666666666666 1639.3333333333333
MGG_18019T0 0 1 19.12947 1 1.3333333333333333 0.6684066666666666 2.3333333333333335 3.3333333333333335 302.13866666666667
MGG_11096T0 32.666666666666664 3.3333333333333335 63.333333333333336 12 10.333333333333334 1 3.3333333333333335 22.333333333333332 1152
MGG_12560T0 1.6666666666666663 2 226.66666666666669 5.333333333333333 0.6666666666666667 10.333333333333334 3.3333333333333335 2 5561.953333333333
MGG_14400T0 3 1.3333333333333333 80.2697 0 0.6666666666666667 0.6666666666666666 0 0 2483.6633333333334
MGG_08441T0 0 5.666666666666667 53.66666666666667 0 2.3333333333333335 4.333333333333333 0 1 1482
MGG_03431T0 0.33333333333333337 2.6666666666666665 45.33333333333333 1 0.6666666666666667 0 0 0 1231.3333333333333
MGG_07584T0 0 2 6.333333333333333 0 0 0 0 0.6666666666666667 268.3333333333333
MGG_18122T0 0 0 24.666666666666664 0 0 0 0 0 1107
MGG_15333T0 0 0.22222233333333336 8.333333333333334 0 0 0 0 0 511.2226666666666
MGG_03432T0 0 0.6666666666666667 4.666666666666667 3 0.33333333333333337 0 0 0 60
MGG_04240T0 138 174.33333333333334 573.6666666666666 101.66666666666669 128.33333333333334 183 152 236 3726.6666666666665
MGG_02709T0 47.333333333333336 11.333333333333334 635.6666666666666 21 20 219.66666666666663 19 14.333333333333334 6780.666666666667
MGG_03421T0 0 0 10 1.3333333333333333 0.33333333333333337 1 2 0 111.66666666666669
MGG_04339T0 16.666666666666668 1.3333333333333337 258.43 6.666666666666667 2 10.062486666666668 20 2 2819.973333333334
MGG_08355T0 0 1 28.666666666666664 0 0.33333333333333337 0.6666666666666667 0.6666666666666667 0 335
MGG_14114T0 0 1.3333333333333333 162.66666666666666 0 0.6666666666666667 1.6666666666666667 0 0.6666666666666667 1818.6666666666667
MGG_16229T0 2.3333333333333335 1.6666666666666667 333.3333333333333 1.6666666666666667 5.333333333333333 14.333333333333334 5 10 3694.3333333333335
MGG_08378T0 21 0.6666666666666666 380 47 1.3333333333333333 2.666666666666667 8.333333333333334 0 3883
MGG_12447T0 49.666666666666664 7.333333333333333 622.3333333333334 43 10 4.333333333333333 37.666666666666664 9.666666666666666 5891
MGG_08380T0 0 0 401 0 0 0 0 0 4097
MGG_05538T0 0 0 28 1.3333333333333337 0.33333333333333337 1 0 0.33333333333333337 263
MGG_03828T0 24.666666666666668 5.333333333333333 64.66666666666667 17.666666666666668 8.666666666666666 12 9.666666666666666 39.333333333333336 365.6666666666667
MGG_08377T0 2.6666666666666665 143 454 2 118.33333333333331 7 0.33333333333333337 68 2120.6666666666665
MGG_08386T0 0 0 184.66666666666663 0 0 0 0 0 1103.3333333333333
MGG_03830T0 0 0 23.666666666666664 0 0 0 0 0 135.33333333333334
MGG_17425T0 4 10 157 0 0.6666666666666667 9.666666666666666 2.3333333333333335 0 998.3333333333334
MGG_10435T0 0 0 11.666666666666668 0 0.6666666666666667 0 0.6666666666666667 0 74.33333333333333
MGG_08384T0 2.3333333333333335 1 521.6666666666666 0 1.6666666666666663 0.6666666666666667 0.6666666666666667 2.6666666666666665 3273.6666666666665
MGG_15097T0 5.666666666666667 0 540.6666666666666 0 1.3333333333333337 1 0.33333333333333337 0.6666666666666666 3470.3333333333335
MGG_07419T0 86.77016666666667 14.131733333333331 495.66833333333335 29.238933333333332 49.8638 96.77193333333334 70.61963333333333 72.4445 3059.173333333333
MGG_05638T0 112 31.666666666666664 6239.666666666667 107.66666666666669 60.666666666666664 387.6666666666667 229.33333333333337 143.33333333333334 51078.333333333336
MGG_08381T0 0 0 1103 0 0 0 0 0 8657.333333333334
MGG_15928T0 1.6666666666666663 1.3333333333333337 936 0 0 2.3333333333333335 0 0.6666666666666667 6762
MGG_12426T0 0 0 12.333333333333334 0 0 0 0 0 92.66666666666669
MGG_08391T0 0 0.6666666666666666 280 0 0 0 0 0 2099.3333333333335
MGG_13086T0 0 0 28.666666666666668 5 0 0 0 0.33333333333333337 161
MGG_07420T0 0 1 368 0 0.6666666666666667 3 0 3 1738.3333333333333
MGG_00826T0 15.666666666666666 5.333333333333333 445 8.333333333333334 4 18.666666666666668 11.333333333333334 8.666666666666666 2182
MGG_00059T0 27.333333333333332 49 346 55 24.333333333333332 106.33333333333331 33.666666666666664 23.333333333333332 1925.3333333333333
MGG_05716T0 40 553 11433.666666666666 26.666666666666668 122.66666666666669 1826.3333333333333 73.33333333333333 83.66666666666667 61290
MGG_07358T0 0 0.6666666666666667 416.6666666666667 1.6666666666666663 0 45 1.6666666666666667 0 2258.6666666666665
MGG_02914T0 240.66666666666663 304.6666666666667 453.3333333333333 104 286.6666666666667 417.6666666666667 289.6666666666667 265.6666666666667 2004.3333333333333
MGG_17920T0 78.66666666666667 101.33333333333331 174.66666666666666 80.33333333333333 60 170 27.666666666666668 41.333333333333336 1024.3333333333333
MGG_05830T0 0.33333333333333337 4.333333333333333 17 1.6666666666666663 0.6666666666666666 23.666666666666668 0 0 395.6666666666667
MGG_07170T0 492.3333333333333 222.66666666666663 846 161.33333333333334 224.33333333333337 1016.6666666666666 356.3333333333333 208.33333333333337 7856
MGG_15047T0 0.6666666666666667 51 994.6666666666666 0.33333333333333337 0 906 0 0 8910.333333333334
MGG_17919T0 4.666666666666667 4.333333333333333 3.666666666666667 4.333333333333333 0 3.3333333333333335 1.6666666666666667 1.3333333333333333 20.666666666666668
MGG_09900T0 2411.753333333333 357.96866666666665 2013.48 1304.39 315.4406666666667 2607.0066666666667 1307.3446666666666 432.669 8759.79
MGG_07576T0 1436.3333333333333 49.333333333333336 1364.6666666666667 797.6666666666666 102 655.3333333333334 948.3333333333334 138 6857.333333333333
MGG_07982T0 64.6988 6.333333333333333 36.333333333333336 14.666666666666666 6.666666666666667 23 11.336066666666667 9.333333333333334 291.2166666666667
MGG_02573T0 396 903.6666666666666 1073.6666666666667 1070.3333333333333 353.6666666666667 1040.3333333333333 431 399.3333333333333 2513
MGG_16118T0 4.666666666666667 10.333333333333334 12.666666666666666 8 6.666666666666667 7.333333333333333 4.666666666666667 2.6666666666666665 21.333333333333332
MGG_11223T0 18.333333333333332 69.66666666666667 111 37 33.666666666666664 45.333333333333336 20 25.666666666666668 203
MGG_06131T0 986.7776666666666 916.5493333333334 951.5476666666668 556.375 482.327 1333.9766666666667 839.73 491.09666666666664 1129.19
MGG_06131T1 442.9823333333333 416.06 287.6066666666667 161.5269 65.7831 487.0553333333333 336.58566666666667 138.04996666666665 415.41
MGG_17695T0 1398 1267.3333333333333 1710.3333333333333 650.6666666666666 689.6666666666666 1397 919.3333333333334 697.3333333333334 1484.6666666666667
MGG_16096T0 891.6633333333333 1144.6666666666667 1260.99 350.6666666666667 297 1469.3266666666666 650.3333333333334 545.6666666666666 1747.6666666666667
MGG_17393T0 41 60.666666666666664 71.66666666666667 35 30.333333333333332 63 50.666666666666664 15.333333333333334 74
MGG_14689T0 367 649 559 324.6666666666667 147.66666666666666 603.3333333333334 323.6666666666667 168 681.3333333333334
MGG_16891T0 4.333333333333333 6 4.666666666666667 3 2 6.333333333333333 3.3333333333333335 0 7
MGG_02856T0 307.18766666666664 945.3333333333334 653.9183333333333 798.803 790.4403333333333 1208.7666666666669 550.9993333333333 618.6666666666666 1337.6033333333337
MGG_00302T0 53.333333333333336 316 142 236.33333333333337 137.66666666666666 416.3333333333333 115 150.33333333333334 488.3333333333333
MGG_16770T0 38.10586666666667 156.72833333333332 101.93803333333334 87.13686666666666 42.3149 119.91603333333332 50.554433333333336 41.73596666666667 156.85833333333335
MGG_17100T0 3.3333333333333335 15 11.333333333333334 10.666666666666666 2.3333333333333335 16.666666666666668 7.666666666666667 7.666666666666667 19.666666666666668
MGG_04244T0 637 2046.3333333333333 1445.3333333333333 998.6666666666666 771.3333333333334 3048.6666666666665 2174.3333333333335 410.6666666666667 3940.3333333333335
MGG_01900T0 0 5.666666666666667 6 0 0.33333333333333337 7.666666666666667 5.666666666666667 0 11.565966666666666
MGG_14269T0 279.6666666666667 5515.666666666667 3420 216 517.3333333333334 10232.333333333334 156.66666666666666 374 5791
MGG_15569T0 24 88 55.666666666666664 26.333333333333332 41.333333333333336 113.66666666666669 27.333333333333332 37.333333333333336 83.33333333333333
MGG_06791T0 11.333333333333334 22 21 6.666666666666667 11 30 7.666666666666667 7.666666666666667 28.666666666666668
MGG_07330T0 206.33333333333337 368.3333333333333 262 160 171.33333333333334 441.6666666666667 148.66666666666666 209 420.3333333333333
MGG_17255T0 0 1.6666666666666667 1 0 0 2.333333333333333 0 0 2.3333333333333335
MGG_10410T0 138 3618.6666666666665 2869.6266666666666 651 182.33333333333337 3887.3333333333335 1487.3333333333333 262.3396666666667 4024.6666666666665
MGG_01612T0 1198.663 8119.423333333333 4318.673333333333 630.8773333333334 819.8443333333333 6935.876666666667 339.4426666666667 319.46933333333334 7497.49
MGG_00947T0 1744.6666666666667 12312.666666666666 9419.23 475.5416666666667 1504.81 9643.93 185 1245.6666666666667 10657.333333333334
MGG_17335T0 12 693.3333333333334 597.3333333333334 10.333333333333334 142.66666666666666 739.3333333333334 4.333333333333333 35 776
MGG_01758T0 391.6666666666667 621.3333333333334 538.6666666666666 317 284.6666666666667 517.6666666666666 275.6666666666667 431.3333333333333 689.3333333333334
MGG_16035T0 32.75353333333333 62.666666666666664 64.2903 15.333333333333334 40.52183333333333 48.298 10 38.754266666666666 86.39036666666667
MGG_08429T0 24.666666666666668 912.3333333333334 427 58.666666666666664 420.3333333333333 763.3333333333334 37.333333333333336 453.6666666666667 1419.6666666666667
MGG_14162T0 743.7956666666666 1696.7066666666667 1084.465333333333 556.441 1002.6646666666668 1453.678666666667 644.309 815.5416666666666 2036.5833333333333
MGG_08287T1 161.90846666666667 1176.45 472.64733333333334 159.71733333333333 60.80553333333333 801.7766666666666 216.95866666666663 130.82846666666666 1319.8676666666663
MGG_05533T0 6.333333333333333 5368.333333333333 3529 12 66.33333333333333 3831 11.666666666666666 63.66666666666667 6951.666666666667
MGG_14713T0 1163.3333333333333 2319.6666666666665 1603 910.3333333333334 1274.6666666666667 1575.6666666666667 1019.3333333333334 923 2475
MGG_01273T0 54.333333333333336 1421.3333333333333 906.6666666666666 279.6666666666667 557.6666666666666 903 134.66666666666666 223 1864.3333333333333
MGG_00380T0 0 4 1 0.33333333333333337 0 4.333333333333333 0.33333333333333337 0 5.666666666666667
MGG_13604T0 0 13.666666666666666 17.333333333333332 1.3333333333333337 0.33333333333333337 44.333333333333336 0 0 57.333333333333336
MGG_08697T0 51.666666666666664 310 328.3333333333333 145 132 417 72.33333333333333 90 684
MGG_08350T0 0 22.666666666666668 20.333333333333332 0 2.3333333333333335 39.333333333333336 0 1.3333333333333333 55.666666666666664
MGG_07235T0 480 5201.333333333333 4545.333333333333 980 2139.3333333333335 8162.666666666667 449 1453.3333333333333 9938
MGG_02339T0 0.6666666666666666 1576.6666666666667 888.6666666666666 9.333333333333334 32.333333333333336 1916.6666666666667 21.666666666666668 17 2828
MGG_13529T0 1.6666666666666667 169.66666666666666 115.33333333333331 1 22 210.33333333333337 1.3333333333333333 8 396
MGG_13157T0 189.33333333333337 337.6666666666667 210.66666666666663 142.33333333333334 207 294.3333333333333 270 160 536
MGG_05383T0 21.333333333333332 57.333333333333336 30.333333333333332 20.333333333333332 30 46 28 19.666666666666668 75.66666666666667
MGG_12647T0 172.66666666666666 525.6666666666666 468.6666666666667 163.66666666666666 245.66666666666663 427.6666666666667 372.3333333333333 298.3333333333333 876.3333333333334
MGG_09751T0 42.333333333333336 191.33333333333337 136 19.333333333333332 28.333333333333332 165.33333333333334 33 44 330.3333333333333
MGG_16551T0 0 9.96053 7.442066666666667 0 0 7.540556666666667 0 1.02517 20.1969
MGG_07559T0 22 158.33333333333334 106 32 23 167.66666666666666 65 49.666666666666664 329
MGG_02338T0 0.33333333333333337 5 4 0 0 5.666666666666667 1.6666666666666663 0.6666666666666666 11.333333333333334
MGG_09435T0 22.5807 259.98133333333334 132.74873333333332 101.63593333333333 56.938633333333335 213.41483333333332 75.04823333333333 53.826966666666664 456.567
MGG_07411T0 8.333333333333334 65 23 2.3333333333333335 11.666666666666666 47.333333333333336 2 9.666666666666666 127
MGG_01243T0 260.3333333333333 841.6666666666666 1057.6666666666667 276.6666666666667 548.6666666666666 1161 134.66666666666666 318 1552.3333333333333
MGG_08017T0 16.333333333333332 234 241.33333333333337 14 163 282 71.66666666666667 58 361.3333333333333
MGG_10481T1 2.333333333333333 104.66666666666669 143.99666666666667 14.155733333333334 2.333333333333333 140.17553333333333 11.8206 1.6666666666666663 220.06333333333333
MGG_10619T0 51.333333333333336 922.3333333333334 1064.3333333333333 38.666666666666664 16.666666666666668 820 93 15.333333333333334 1772
MGG_07720T0 3 1836.3333333333333 2522.3333333333335 5.666666666666667 11 1793.3333333333333 9.333333333333334 13.666666666666666 3323.3333333333335
MGG_17066T0 2.6666666666666665 28.333333333333332 29.333333333333332 4.333333333333333 6.333333333333333 26 3.6666666666666665 4.333333333333333 42.666666666666664
MGG_15357T0 30 1585.6666666666667 1519 68.33333333333333 168.66666666666666 823.3333333333334 62.666666666666664 156.33333333333334 2874.3333333333335
MGG_14001T0 323.3333333333333 748.3333333333334 837 334 235.66666666666669 562.6666666666666 280.6666666666667 286 1393
MGG_14692T0 542 1046.3333333333333 1528.6666666666667 261.643 370 1063.3333333333333 483.3333333333333 529.3333333333334 1888
MGG_08554T0 125.33333333333331 511 757 35 141 309.6666666666667 74 134.33333333333334 1104.6666666666667
MGG_05552T0 27.333333333333332 445 963.6666666666666 19 37 486 29.333333333333332 37.666666666666664 1313
MGG_10773T0 11.333333333333334 55 84 17 16 50.333333333333336 18.333333333333332 5.333333333333333 115.33333333333331
MGG_01178T0 644.3333333333334 1202.6666666666667 1174.6666666666667 360.3333333333333 872 543 687 631.6666666666666 1243.6666666666667
MGG_09444T0 55 114.33333333333331 97.66666666666669 38 76 71.66666666666667 67.66666666666667 68.33333333333333 104
MGG_05493T0 0 34.666666666666664 44 0 0 12.666666666666666 0 0.6666666666666667 39.666666666666664
MGG_00246T0 384 4053.6666666666665 5039.333333333333 262.3333333333333 511 2795.3333333333335 771.6666666666666 528 5413.666666666667
MGG_12708T0 728.3333333333334 1519.3333333333333 1691 524.6666666666666 702.6666666666666 917.6666666666666 619 528.3333333333334 1339
MGG_06357T0 826.6666666666666 4816.333333333333 5969 839.3333333333334 2471 3402.3333333333335 850.3333333333334 1683 4563.666666666667
MGG_03682T0 264.3333333333333 1454.6666666666667 1629.3333333333333 210.33333333333337 283 1054.6666666666667 367.3333333333333 409.6666666666667 1084.6666666666667
MGG_05054T0 34.666666666666664 11754 15787 42 463 6704.333333333333 43.666666666666664 325 10369.333333333334
MGG_06449T0 13.030753333333331 350.3713333333334 429.50233333333335 32.42753333333333 78.482 247.96733333333333 13.046766666666668 46.200833333333335 340.708
MGG_01518T0 1123.6666666666667 5566.65 5024.566666666667 2448.6266666666666 2197.6133333333332 2565.473333333334 1075.3333333333333 1470 4437.086666666667
MGG_08783T0 225.83233333333337 631.661 503.957 283.7223333333333 250.49133333333333 403.86033333333336 235.98433333333332 260.8376666666667 526.4780000000001
MGG_03012T0 300.3333333333333 13177.333333333334 8579.333333333334 801.6666666666666 974.6666666666666 6856.666666666667 1390.3333333333333 529.6666666666666 8261
MGG_06126T0 90 5962.666666666667 4126.333333333333 197 849.3333333333334 3157.6666666666665 378.3333333333333 445 4251
MGG_06327T0 867.3333333333334 6197 5675.666666666667 826.6666666666666 1365 3090.3333333333335 919.3333333333334 1111.3333333333333 6169.666666666667
MGG_06442T0 12.666666666666666 167 151 9.333333333333334 22 112.66666666666669 5 42.666666666666664 153
MGG_14221T0 3.3333333333333335 47 36.333333333333336 7 9.666666666666666 27.666666666666668 3 9.333333333333334 41.666666666666664
MGG_05850T0 877.3023333333333 1982.84 1698.8866666666668 476.008 781.4603333333333 1105.1173333333334 416.185 735.8966666666666 1757.5866666666666
MGG_06382T0 1.6666666666666663 36 32.333333333333336 1 11.666666666666666 11.333333333333334 2.6666666666666665 9 32.333333333333336
MGG_13787T0 857.3333333333334 1852 1901.3333333333333 508.3333333333333 1646.6666666666667 1399.3333333333333 887 790.3333333333334 1462
MGG_00075T0 787 1687.6666666666667 2203 684.6666666666666 1324 1400 1200 711.6666666666666 1699.3333333333333
MGG_02892T0 615 1193 1355.6666666666667 653.3333333333334 899.6666666666666 1092.3333333333333 724 537 1094.3333333333333
MGG_08089T0 456.3333333333333 838 871.3333333333334 628 470 913 645 640 748
MGG_09100T0 24.666666666666668 309 674 14 12.333333333333334 923.6666666666666 15 18.666666666666668 461
MGG_09861T0 256 1030 1389.3333333333333 183.33333333333337 109.66666666666669 2049.3333333333335 216.33333333333337 137.33333333333334 971.3333333333334
MGG_17999T0 5 12.666666666666666 18.666666666666668 0.6666666666666666 7.666666666666667 18.666666666666668 4.333333333333333 2.666666666666667 12.333333333333334
MGG_03593T0 112 2017 3776.3333333333335 67.66666666666667 641 4677.333333333333 81.66666666666667 82.66666666666667 823
MGG_07969T0 24.333333333333332 121 198.33333333333337 48.33333333333333 78.33333333333333 187.66666666666663 7.333333333333333 3.666666666666667 93.33333333333331
MGG_15172T0 0 3.6666666666666665 11 0.33333333333333337 0 10.333333333333334 0 1 7
MGG_00181T0 64.33333333333333 220.33333333333337 574 123.33333333333331 92.33333333333331 515 122 94 483.6666666666667
MGG_04890T0 466.6666666666667 3475.3333333333335 6111.333333333333 781.6666666666666 1551.3333333333333 5096 853.6666666666666 1571 5256.666666666667
MGG_06178T0 38.666666666666664 372 705.6666666666666 14.666666666666666 21.333333333333332 544 12.666666666666666 44.333333333333336 450.3333333333333
MGG_06518T0 206 517.6666666666666 595.6666666666666 272.6666666666667 216.33333333333337 655.6666666666666 165 195.33333333333337 693.6666666666666
MGG_01769T1 391.03766666666667 889.7006666666666 1194.5166666666669 305.33933333333334 168.003 1119.562 356.05400000000003 151.24466666666666 1366.8866666666668
MGG_01693T0 242.0214 441.1523333333334 794.1153333333333 151.94363333333334 134.56966666666668 675.264 99.67866666666669 102.53126666666668 782.5333333333333
MGG_06703T0 1335.9066666666668 3120 3540 672 433.623 3595.61 695 547.4293333333334 3124.3333333333335
MGG_07477T0 80.48283333333333 295.801 315.8063333333333 62.940333333333335 54.94606666666667 260.23 19.2103 42.01043333333333 343.9343333333333
