target_id	length	eff_length	est_counts	tpm
MGG_07573T0	4058	4059	971	18.3773
MGG_05134T0	1811	1812	1955	82.8841
MGG_03309T0	1113	1114	7	0.48272
MGG_07008T0	2587	2588	1554	46.1285
MGG_16787T0	429	430	0	0
MGG_04858T0	3024	3025	3445	87.4876
MGG_12006T0	1560	1561	7	0.344491
MGG_02444T0	6373	6374	7799	93.996
MGG_17251T0	225	226	0	0
MGG_10811T0	1419	1420	0	0
MGG_15612T0	4020	4021	340	6.49572
MGG_00349T0	1011	1012	1784.42	135.456
MGG_16619T0	348	349	0	0
MGG_04614T0	937	938	3549.59	290.709
MGG_16874T0	174	175	4	1.75592
MGG_07147T0	2929	2930	1441.28	37.7887
MGG_00076T0	2460	2461	3174	99.0782
MGG_12797T0	1232	1233	24470	1524.59
MGG_11099T0	1590	1591	0	0
MGG_07363T0	787	788	4	0.389957
MGG_17953T0	4420	4421	3785.22	65.7738
MGG_14898T0	388	389	21	4.14718
MGG_14463T0	1415	1416	345	18.7171
MGG_08330T0	1368	1369	36	2.02014
MGG_09307T0	2126	2127	19	0.686229
MGG_03918T0	2470	2471	961	29.8767
MGG_00421T0	969	970	0	0
MGG_02463T0	815	816	2008.88	189.124
MGG_00675T0	2891	2892	41	1.0891
MGG_15190T0	595	596	1	0.128895
MGG_02777T0	1610	1611	15	0.715284
MGG_05980T0	1438	1439	1122	59.8983
MGG_00454T0	4840	4841	2973	47.1783
MGG_05454T0	1590	1591	6056	292.414
MGG_16029T0	252	253	5	1.51821
MGG_07528T0	1527	1528	151	7.59165
MGG_15909T0	219	220	0	0
MGG_16156T0	493	494	15	2.33264
MGG_05339T0	891	892	502	43.2336
MGG_18122T0	498	499	0	0
MGG_16935T0	1487	1488	5	0.258137
MGG_08406T0	477	478	8830	1419.11
MGG_05005T0	2421	2422	2089	66.2593
MGG_11608T0	2244	2245	27	0.923911
MGG_14221T0	1242	1243	34	2.10131
MGG_15428T0	1674	1675	60	2.75181
MGG_17084T0	2151	2152	116	4.14094
MGG_08114T0	3175	3176	1228	29.703
MGG_06700T0	4022	4023	2224	42.4686
MGG_14591T0	1617	1618	6	0.284876
MGG_07304T0	258	259	0	0
MGG_09457T0	1172	1173	84.5256	5.53571
MGG_07009T0	1011	1012	141.521	10.7429
MGG_15010T0	556	557	30	4.1376
MGG_11663T0	1098	1099	58	4.05427
MGG_00065T0	3029	3030	707.711	17.9431
MGG_10601T0	2183	2184	10	0.351747
MGG_11526T0	633	634	4	0.484678
MGG_13087T0	327	328	0	0
MGG_00223T0	1555	1556	1001	49.4205
MGG_02093T0	1506	1507	0	0
MGG_01153T0	1251	1252	3240	198.803
MGG_02698T0	1675	1676	11	0.504198
MGG_10893T0	1663	1664	395	18.2359
MGG_14635T0	1511	1512	313	15.9029
MGG_17720T0	375	376	123	25.1304
MGG_17976T0	4110	4111	2440	45.5958
MGG_05211T0	4310	4311	3808	67.8581
MGG_05253T0	1815	1816	431	18.2324
MGG_07261T0	2500	2501	133.669	4.10583
MGG_01043T0	2705	2706	1244	35.3163
MGG_04395T0	4996	4997	4122	63.3697
MGG_00786T1	1869	1870	4004.3	164.5
MGG_00786T0	1904	1905	1391.7	56.1222
MGG_06579T0	975	976	8	0.629684
MGG_15326T0	892	893	94	8.08647
MGG_17770T0	318	319	0	0
MGG_03684T0	2464	2465	2916	90.8769
MGG_16981T0	2740	2741	509	14.2656
MGG_17657T0	700	701	0	0
MGG_11239T0	2741	2742	204	5.71538
MGG_08136T0	1643	1644	219	10.2335
MGG_09718T0	1570	1571	93	4.54768
MGG_05720T0	2668	2669	937.233	26.9762
MGG_10455T0	594	595	17	2.1949
MGG_08158T0	1723	1724	200	8.91201
MGG_01319T0	993	994	36	2.78227
MGG_07686T0	729	730	5	0.526175
MGG_04518T0	2276	2277	921	31.0727
MGG_10595T0	3024	3025	4817	122.33
MGG_07332T0	2844	2845	2946.88	79.5726
MGG_00246T0	1594	1595	3338	160.771
MGG_14140T0	1269	1270	0	0
MGG_03888T0	1983	1984	540	20.9091
MGG_17017T0	309	310	28	6.93871
MGG_17237T0	207	208	0	0
MGG_09185T0	3684	3685	91	1.89708
MGG_04634T0	2250	2251	6	0.204766
MGG_15422T0	1101	1102	96	6.69225
MGG_12303T0	273	274	25	7.00926
MGG_05067T0	1594	1595	115.823	5.57851
MGG_04724T0	4323	4324	1000	17.7663
MGG_10534T0	2152	2153	105	3.74652
MGG_06375T0	1961	1962	1446	56.6177
MGG_09428T0	972	973	28	2.21069
MGG_02702T0	501	502	0	0
MGG_05491T0	3200	3201	4	0.0959969
MGG_08646T0	3719	3720	2444	50.4709
MGG_03350T0	735	736	0	0
MGG_03315T0	1005	1006	0	0
MGG_06267T0	1350	1351	1271.77	72.3162
MGG_04557T0	710	711	32	3.45751
MGG_16385T0	321	322	4	0.954304
MGG_16360T0	381	382	11	2.21214
MGG_09467T0	984	985	99	7.72114
MGG_01722T0	2290	2291	2232	74.8431
MGG_01117T0	2575	2576	395	11.7797
MGG_09164T0	2056	2057	13	0.485503
MGG_06775T0	2044	2045	147	5.52213
MGG_06052T0	3840	3841	12178	243.565
MGG_10152T0	3181	3182	285	6.88062
MGG_03456T0	1623	1624	78	3.6897
MGG_05718T0	2436	2437	734	23.1379
MGG_05128T0	2264	2265	3153	106.94
MGG_15417T0	429	430	0	0
MGG_03816T0	1434	1435	2	0.107068
MGG_07298T0	1397	1398	304	16.7051
MGG_00543T0	2181	2182	5293	186.35
MGG_08957T0	381	382	0	0
MGG_04194T0	2002	2003	10	0.383532
MGG_17907T0	354	355	0	0
MGG_07785T0	2112	2113	195.784	7.11806
MGG_02191T0	1340	1341	1	0.0572867
MGG_17222T0	1735	1736	155	6.85906
MGG_04173T0	1753	1754	14151	619.784
MGG_03668T0	3678	3679	2116	44.1844
MGG_09126T0	846	847	10	0.906983
MGG_00070T0	1870	1871	59	2.42248
MGG_10418T0	327	328	0	0
MGG_08016T0	2309	2310	180	5.98609
MGG_16393T0	2074	2075	515	19.0665
MGG_05627T0	1029	1030	100	7.4584
MGG_13629T0	3079	3080	72	1.79583
MGG_11144T0	2144	2145	1583	56.6939
MGG_17499T0	537	538	1.28843	0.183976
MGG_15485T0	904	905	23	1.95237
MGG_11917T0	5142	5143	6582	98.316
MGG_09963T0	2128	2129	341	12.3044
MGG_16222T0	989	990	36.2878	2.81584
MGG_08008T0	1229	1230	131	8.1818
MGG_03498T0	1923	1924	175.198	6.9953
MGG_01616T0	2385	2386	120	3.86361
MGG_02631T0	2146	2147	47	1.6817
MGG_15799T0	321	322	0	0
MGG_03644T0	435	436	3415	601.71
MGG_13801T0	3460	3461	323	7.16941
MGG_09761T0	1121	1122	7211	493.725
MGG_01404T0	1327	1328	200	11.5695
MGG_17587T0	189	190	0	0
MGG_09497T0	2338	2339	3493	114.723
MGG_04022T0	1036	1037	372	27.5579
MGG_16750T0	1440	1441	7	0.373179
MGG_10785T0	936	937	0	0
MGG_18035T0	405	406	3	0.567646
MGG_10195T0	2296	2297	11738	392.569
MGG_07437T0	4272	4273	109.489	1.96843
MGG_12863T0	1239	1240	11	0.681481
MGG_10268T0	2058	2059	1041	38.8398
MGG_09535T0	1617	1618	438	20.7959
MGG_02863T0	1206	1207	185	11.7746
MGG_01190T0	1260	1261	87	5.30013
MGG_04905T0	2525	2526	810.189	24.6397
MGG_07087T0	3264	3265	1688	39.7166
MGG_03894T0	2787	2788	86.1107	2.37272
MGG_07428T0	1229	1230	2	0.124913
MGG_07406T0	2151	2152	9	0.321279
MGG_05693T0	2633	2634	15070	439.522
MGG_02907T0	465	466	8	1.31882
MGG_04340T0	2626	2627	2	0.0584861
MGG_06914T0	1627	1628	2221	104.804
MGG_15502T0	219	220	8	2.79351
MGG_09523T0	12506	12507	2535	15.5707
MGG_05368T0	1920	1921	61	2.43941
MGG_14006T0	222	223	4	1.37796
MGG_09004T0	1853	1854	1939.99	80.3846
MGG_07804T0	453	454	0	0
MGG_04431T0	4016	4017	10000	191.241
MGG_13813T0	1278	1279	229.359	13.7761
MGG_02848T0	165	166	4982	2305.57
MGG_10597T0	1167	1168	0	0
MGG_00560T0	2595	2596	403	11.9257
MGG_15427T0	943	944	4	0.325515
MGG_05797T0	2028	2029	498.968	18.8918
MGG_15226T0	2805	2806	1408	38.5476
MGG_06178T0	1893	1894	497	20.1585
MGG_17161T0	270	271	17	4.81906
MGG_01870T0	1485	1486	5	0.258484
MGG_02919T0	1185	1186	149	9.65127
MGG_07382T0	3201	3202	2919	70.0318
MGG_07959T0	843	844	0	0
MGG_16791T0	420	421	7	1.27732
MGG_16945T0	658	659	32.9603	3.84228
MGG_04108T0	3642	3643	409	8.62476
MGG_03468T0	1125	1126	34	2.31965
MGG_09944T0	3054	3055	2710	68.1461
MGG_01584T0	1968	1969	596.994	23.292
MGG_17597T0	168	169	0	0
MGG_06639T0	2340	2341	546.146	17.9222
MGG_10118T0	4290	4291	161	2.88237
MGG_05957T0	1247	1248	1645.78	101.307
MGG_02348T0	3837	3838	0	0
MGG_17403T0	279	280	3	0.823087
MGG_13447T0	2873	2874	284.992	7.61778
MGG_08170T0	2542	2543	1989	60.0857
MGG_03259T0	351	352	2	0.436486
MGG_03130T0	3368	3369	2862	65.2606
MGG_00456T0	5577	5578	1250	17.2153
MGG_05172T0	1281	1282	10	0.599232
MGG_01494T0	2541	2542	7236	218.678
MGG_09551T0	3954	3955	7651.35	148.619
MGG_10709T0	1767	1768	50	2.17255
MGG_10973T0	893	894	82	7.04627
MGG_07136T0	2801	2802	531.588	14.5744
MGG_02581T0	501	502	27	4.13183
MGG_10648T0	2303	2304	2	0.0666853
MGG_03928T0	1183	1184	1088	70.5927
MGG_17703T0	1370	1371	374	20.9564
MGG_10035T0	1826	1827	17	0.714814
MGG_01338T0	2787	2788	118	3.25141
MGG_01127T0	3693	3694	801	16.6578
MGG_17405T0	213	214	0	0
MGG_10857T0	5138	5139	2154	32.1995
MGG_01467T0	3280	3281	4561	106.791
MGG_08305T0	1665	1666	16.2805	0.750716
MGG_12590T0	3805	3806	730	14.7345
MGG_16108T0	608	609	52	6.55947
MGG_06948T0	1353	1354	424	24.0564
MGG_15554T0	2507	2508	218	6.67747
MGG_06184T0	1780	1781	3484	150.279
MGG_09903T0	1326	1327	1515	87.705
MGG_07643T0	942	943	0	0
MGG_13771T0	538	539	18	2.56547
MGG_13806T0	1965	1966	4945	193.226
MGG_04576T0	1596	1597	32	1.53932
MGG_14375T0	774	775	0	0
MGG_09173T0	1322	1323	296	17.1876
MGG_09425T0	471	472	70	11.393
MGG_05915T0	858	859	1704	152.391
MGG_05807T0	1703	1704	208	9.37727
MGG_07095T0	2669	2670	547	15.7383
MGG_00166T0	1104	1105	554	38.515
MGG_13473T0	339	340	189	42.7037
MGG_05891T1	2226	2227	90.4862	3.12137
MGG_05891T0	2810	2811	123.126	3.36489
MGG_02295T0	1404	1405	3	0.164032
MGG_16446T0	1152	1153	39	2.59847
MGG_15534T0	1844	1845	37	1.54059
MGG_06678T0	2741	2742	1190	33.3397
MGG_00281T0	690	691	0	0
MGG_15781T0	159	160	4	1.92054
MGG_08631T0	948	949	189	15.2995
MGG_16471T0	1227	1228	14	0.875815
MGG_13559T0	690	691	4	0.444697
MGG_16238T0	273	274	2	0.560741
MGG_13467T0	2848	2849	1565.28	42.2067
MGG_01523T0	3030	3031	141.122	3.57678
MGG_16909T0	165	166	3	1.38834
MGG_01398T0	1805	1806	68	2.8925
MGG_04972T0	1222	1223	461.502	28.9888
MGG_02900T0	3602	3603	286	6.09796
MGG_03177T0	1197	1198	0	0
MGG_08205T0	1741	1742	759	33.4716
MGG_00681T0	1652	1653	1178	54.7463
MGG_16841T0	809	810	944	89.5302
MGG_10453T0	1280	1281	7	0.41979
MGG_03595T0	3620	3621	9626	204.221
MGG_18064T0	798	799	0	0
MGG_08019T1	2018	2019	2665.73	101.429
MGG_08019T0	1561	1562	4426.27	217.69
MGG_09290T0	1305	1306	110	6.47042
MGG_06510T0	1219	1220	3783	238.21
MGG_04449T0	3339	3340	2280.71	52.4573
MGG_03866T0	645	646	25	2.97297
MGG_10932T0	1926	1927	84	3.34873
MGG_00289T0	2307	2308	10891	362.504
MGG_03269T0	4873	4874	325.946	5.1374
MGG_14068T0	2224	2225	19	0.656004
MGG_13607T0	11784	11785	3	0.0195557
MGG_04516T0	1612	1613	368.192	17.5357
MGG_01753T0	2433	2434	730	23.0401
MGG_15879T0	828	829	5	0.463338
MGG_11124T0	1746	1747	0	0
MGG_05506T0	1453	1454	64	3.38141
MGG_02886T0	1359	1360	20	1.12973
MGG_05344T0	839	840	2029	185.56
MGG_00458T0	911	912	491.11	41.3682
MGG_16522T0	1133	1134	61.0041	4.13265
MGG_14133T0	5222	5223	1847	27.1662
MGG_03811T0	1701	1702	0	0
MGG_07534T0	2061	2062	620	23.0986
MGG_15339T1	4192	4193	157.707	2.88941
MGG_15339T0	4258	4259	1359.29	24.5182
MGG_15866T0	2100	2101	1872	68.4483
MGG_06780T0	2416	2417	47	1.49384
MGG_15904T0	287	288	3	0.800224
MGG_09992T0	1485	1486	139	7.18586
MGG_03753T0	1031	1032	0	0
MGG_01525T0	569	570	1856	250.142
MGG_00264T0	1625	1626	384	18.1423
MGG_05106T0	2055	2056	800	29.8916
MGG_13129T0	2229	2230	106	3.6516
MGG_06322T0	1671	1672	1273.69	58.5208
MGG_15753T0	4783	4784	1166.21	18.7271
MGG_04993T0	2111	2112	762	27.7168
MGG_07054T0	1125	1126	17	1.15983
MGG_06748T0	2639	2640	3522	102.487
MGG_01445T0	1122	1123	87	5.95144
MGG_07848T0	4392	4393	5	0.0874362
MGG_07576T0	1465	1466	52	2.72491
MGG_04780T0	5315	5316	256.89	3.71231
MGG_04780T1	5138	5139	517.11	7.73014
MGG_06276T0	2429	2430	3759	118.836
MGG_00957T0	2592	2593	1932.56	57.2549
MGG_18001T0	156	157	0	0
MGG_12988T0	2612	2613	1819.38	53.4894
MGG_07962T0	1670	1671	2167	99.6243
MGG_08129T0	2402	2403	10	0.31969
MGG_09237T0	1369	1370	701.067	39.3117
MGG_05224T0	3926	3927	2185	42.7438
MGG_11505T0	1873	1874	220.599	9.04308
MGG_07454T0	2102	2103	912	33.3149
MGG_12131T0	4366	4367	2997	52.7213
MGG_01575T0	1174	1175	7878	515.064
MGG_01297T0	1315	1316	68	3.9695
MGG_15819T0	255	256	0	0
MGG_14936T0	1159	1160	21	1.39073
MGG_17923T0	374	375	17	3.48257
MGG_02535T0	3025	3026	1343	34.0949
MGG_17750T0	1656	1657	0	0
MGG_16608T0	165	166	22	10.1812
MGG_02331T0	1446	1447	8	0.424721
MGG_00213T0	1154	1155	180	11.9722
MGG_17823T0	1878	1879	0	0
MGG_00671T0	1815	1816	83	3.51111
MGG_02182T0	483	484	0	0
MGG_01448T0	2193	2194	520	18.2075
MGG_16273T0	947	948	6	0.486212
MGG_03937T0	4236	4237	17506	317.403
MGG_03879T0	2016	2017	1441	54.8834
MGG_15889T0	195	196	5	1.95973
MGG_17893T0	399	400	22	4.22518
MGG_08253T0	1152	1153	54	3.59788
MGG_09264T0	2102	2103	1241	45.3331
MGG_12955T0	2475	2476	1352	41.9478
MGG_16707T1	1785	1786	11.7718	0.506343
MGG_16707T0	1457	1458	5.22818	0.275471
MGG_15551T0	306	307	1	0.250233
MGG_05662T0	1545	1546	576.068	28.6251
MGG_16930T0	609	610	0	0
MGG_12948T0	1369	1370	5816.18	326.137
MGG_07926T0	1269	1270	840	50.8111
MGG_09720T0	1990	1991	5	0.192922
MGG_09129T0	3276	3277	64	1.50033
MGG_08966T0	1143	1144	17	1.14158
MGG_15019T0	2863	2864	102	2.73596
MGG_02472T0	813	814	702	66.2515
MGG_02417T0	2341	2342	726	23.814
MGG_00400T0	991	992	14	1.08417
MGG_17558T0	2183	2184	14333.6	504.18
MGG_14836T0	915	916	5235	439.04
MGG_08919T0	4875	4876	2936	46.2567
MGG_03721T0	1536	1537	692	34.5872
MGG_06874T0	2142	2143	2995	107.364
MGG_02042T0	2082	2083	0	0
MGG_07606T0	3210	3211	993.668	23.773
MGG_07606T1	3252	3253	1.9132e-05	4.51813e-07
MGG_05701T0	740	741	956.6	99.1733
MGG_17221T0	561	562	0.666667	0.0911287
MGG_05457T0	4677	4678	296.903	4.8757
MGG_01802T0	3968	3969	7870	152.327
MGG_00144T0	1560	1561	503.486	24.7781
MGG_03236T0	1349	1350	2160.5	122.943
MGG_17346T0	252	253	122	37.0444
MGG_03238T0	2455	2456	264.679	8.27892
MGG_01778T0	3393	3394	16941	383.451
MGG_00339T0	2054	2055	3264	122.017
MGG_11589T0	731	732	4572.69	479.891
MGG_08083T0	2257	2258	3041	103.461
MGG_03152T0	1150	1151	7919.24	528.556
MGG_13659T0	1689	1690	168	7.63669
MGG_08498T0	1536	1537	956	47.7823
MGG_01270T0	1109	1110	28	1.93784
MGG_00760T0	5556	5557	5872	81.1761
MGG_05982T0	1458	1459	36	1.89553
MGG_14628T0	1807	1808	389	16.5285
MGG_01550T0	1613	1614	14237	677.638
MGG_15975T0	963	964	3.00571	0.239526
MGG_09759T0	660	661	8	0.929761
MGG_13248T0	378	379	12	2.43234
MGG_04057T0	948	949	4	0.3238
MGG_02645T0	339	340	4	0.903782
MGG_02708T0	1170	1171	2909	190.84
MGG_09608T0	2272	2273	2	0.0675948
MGG_14623T0	1848	1849	0	0
MGG_04311T0	1606	1607	73.0698	3.49305
MGG_15605T0	216	217	1	0.354016
MGG_10109T0	588	589	11	1.4347
MGG_15731T0	2042	2043	2246	84.4548
MGG_05381T0	1443	1444	259	13.7789
MGG_08476T0	969	970	2	0.158395
MGG_14690T0	1598	1599	92	4.42
MGG_17519T0	258	259	3	0.889824
MGG_10473T0	1455	1456	0	0
MGG_15693T0	150	151	0	0
MGG_02854T0	1911	1912	638	25.6339
MGG_06924T0	2012	2013	2378	90.7509
MGG_10103T0	1680	1681	324	14.8068
MGG_13624T0	5560	5561	9849	136.057
MGG_12986T0	2344	2345	4004	131.17
MGG_05353T0	1587	1588	9	0.435386
MGG_17047T0	168	169	9	4.09108
MGG_09102T0	1809	1810	0	0
MGG_06326T0	958	959	508.799	40.7578
MGG_05716T0	715	716	332	35.6211
MGG_16998T0	651	652	1	0.117824
MGG_09239T0	2351	2352	3782.82	123.555
MGG_12708T0	855	856	1627	146.015
MGG_06026T0	2797	2798	826	22.6785
MGG_10463T0	1707	1708	137.588	6.18835
MGG_07086T0	1334	1335	2483	142.882
MGG_05004T0	3737	3738	816	16.77
MGG_00440T0	1824	1825	18	0.757691
MGG_12999T0	3180	3181	1700	41.0552
MGG_01386T0	2071	2072	110	4.07836
MGG_15183T0	1741	1742	3	0.132299
MGG_13191T0	1710	1711	306.992	13.7835
MGG_02431T0	408	409	25	4.69569
MGG_02899T0	2288	2289	1081	36.2796
MGG_02097T0	2643	2644	33	0.958816
MGG_16477T0	4912	4913	339.376	5.30661
MGG_00161T0	2283	2284	1111	37.3681
MGG_16045T0	625	626	1679.94	206.159
MGG_17263T0	1242	1243	47	2.90475
MGG_15774T0	1645	1646	2453	114.485
MGG_10076T0	1437	1438	48	2.56428
MGG_17873T0	474	475	68	10.9976
MGG_09361T0	1114	1115	14163	975.805
MGG_08715T0	414	415	0	0
MGG_10458T0	948	949	0	0
MGG_14211T0	280	281	6	1.64032
MGG_15336T0	381	382	0	0
MGG_09856T0	2569	2570	18	0.538049
MGG_01456T0	2245	2246	393	13.442
MGG_10730T0	3926	3927	221	4.32329
MGG_02305T0	1419	1420	3	0.162299
MGG_09666T0	468	469	2	0.327597
MGG_08559T0	1255	1256	1646	100.675
MGG_16188T0	889	890	14.6165	1.26164
MGG_06249T0	939	940	1863.24	152.273
MGG_15631T0	213	214	7	2.51285
MGG_08122T0	3123	3124	2025	49.7963
MGG_16835T0	2504	2505	305	9.35351
MGG_09048T0	3766	3767	1137	23.1872
MGG_09431T0	1419	1420	1	0.0540996
MGG_07800T0	2489	2490	107	3.30116
MGG_00600T0	522	523	1288	189.189
MGG_02879T0	3687	3688	119	2.47878
MGG_13049T0	969	970	42	3.32629
MGG_03841T0	6205	6206	3863	47.8185
MGG_08689T0	4722	4723	1771	28.806
MGG_00826T0	1087	1088	8	0.564864
MGG_04446T0	1910	1911	1066	42.8528
MGG_15930T0	1137	1138	9	0.607551
MGG_14563T0	4675	4676	2569	42.2058
MGG_11072T0	1096	1097	27	1.89077
MGG_06288T0	1530	1531	863	43.303
MGG_05551T0	1488	1489	0	0
MGG_13020T0	2283	2284	2221	74.7025
MGG_15735T0	303	304	0	0
MGG_04334T0	1845	1846	155	6.45034
MGG_17756T0	216	217	0	0
MGG_11385T0	1771	1772	695.133	30.1361
MGG_09349T0	1164	1165	2990	197.164
MGG_11914T0	2195	2196	11981.4	419.14
MGG_02009T0	3173	3174	0	0
MGG_15250T0	1791	1792	62	2.65789
MGG_13441T0	1536	1537	45	2.24917
MGG_04387T0	2004	2005	323	12.3757
MGG_15254T0	210	211	0	0
MGG_14118T0	2730	2731	2876	80.9003
MGG_08821T0	2911	2912	353	9.31249
MGG_16145T0	1233	1234	778.957	48.4932
MGG_09304T0	1276	1277	633	38.0799
MGG_16925T0	1637	1638	11	0.515895
MGG_16925T1	1572	1573	0	0
MGG_16547T0	594	595	0	0
MGG_08499T0	2264	2265	1330.43	45.124
MGG_07325T0	1497	1498	476	24.4106
MGG_02770T0	1280	1281	4314.77	258.757
MGG_04975T0	1554	1555	129	6.37297
MGG_08458T0	1394	1395	2938	161.793
MGG_01304T0	2099	2100	3272	119.695
MGG_00227T0	1251	1252	1182.5	72.5568
MGG_15981T0	360	361	0	0
MGG_15518T0	636	637	12	1.44719
MGG_00734T0	715	716	13	1.3948
MGG_03722T0	2349	2350	17	0.55573
MGG_12276T0	3361	3362	1358	31.0302
MGG_16346T0	291	292	0	0
MGG_04432T0	2105	2106	2013	73.4291
MGG_17751T0	231	232	75	24.8345
MGG_06680T0	2377	2378	1743.97	56.3389
MGG_02180T0	753	754	19	1.93582
MGG_05654T0	3176	3177	950	22.9715
MGG_10115T0	2675	2676	3054	87.673
MGG_16001T0	690	691	0	0
MGG_11511T0	1412	1413	3.58324	0.194813
MGG_09167T0	2596	2597	41	1.21282
MGG_06080T0	2046	2047	419	15.7246
MGG_01361T0	1836	1837	2447	102.331
MGG_18042T0	435	436	0	0
MGG_16671T0	213	214	0	0
MGG_02836T0	2273	2274	14338	484.375
MGG_09589T0	11681	11682	30	0.197282
MGG_17040T0	571	572	4	0.537213
MGG_15550T0	397	398	10	1.93019
MGG_09553T0	6137	6138	2673.3	33.4582
MGG_08622T0	2251	2252	1874.84	63.9555
MGG_05553T0	1446	1447	0	0
MGG_01305T0	974	975	7235	570.055
MGG_17766T0	342	343	0	0
MGG_04379T0	516	517	5424	805.957
MGG_05346T0	1612	1613	49	2.3337
MGG_17541T0	276	277	0	0
MGG_12958T0	4027	4028	14444	275.475
MGG_10632T0	2638	2639	14026.3	408.305
MGG_07777T0	2614	2615	700	20.5641
MGG_01011T0	1990	1991	1186	45.7611
MGG_02106T0	531	532	47	6.78686
MGG_09791T0	684	685	0	0
MGG_15638T0	333	334	142	32.6606
MGG_17163T0	258	259	8	2.37286
MGG_10655T0	2076	2077	7325	270.928
MGG_14612T0	2582	2583	0	0
MGG_13715T0	1502	1503	16	0.817794
MGG_00461T0	1533	1534	17	0.851346
MGG_09520T0	1512	1513	136.764	6.94412
MGG_08999T0	555	556	1	0.138168
MGG_04536T1	3596	3597	1364.58	29.1436
MGG_04536T0	3685	3686	179.415	3.73927
MGG_15150T0	327	328	600	140.527
MGG_14000T0	972	973	305.611	24.129
MGG_02192T0	2640	2641	9	0.261792
MGG_07712T0	705	706	709	77.1479
MGG_07599T0	1271	1272	71	4.28799
MGG_01701T0	2191	2192	83	2.90884
MGG_03848T0	3247	3248	53	1.25355
MGG_15420T0	519	520	0	0
MGG_10878T0	1836	1837	53130	2221.84
MGG_01201T0	3281	3282	557.154	13.0413
MGG_17079T0	2136	2137	306.091	11.0034
MGG_17041T0	1684	1685	152	6.92989
MGG_14916T0	2798	2799	291	7.9868
MGG_10325T0	1963	1964	351	13.7293
MGG_00591T0	1713	1714	3178	142.438
MGG_15571T0	447	448	4.22786	0.724979
MGG_14748T0	2027	2028	431	16.3265
MGG_07850T0	941	942	1	0.0815515
MGG_12213T0	2082	2083	42.3272	1.56104
MGG_15553T0	1381	1382	180	10.0057
MGG_09002T0	624	625	292	35.891
MGG_15207T0	630	631	18	2.19142
MGG_10234T0	579	580	2	0.264902
MGG_14117T0	615	616	59	7.3579
MGG_12843T0	1757	1758	2130.67	93.1063
MGG_02403T0	2172	2173	2.1456	0.0758528
MGG_02403T1	2167	2168	165.854	5.87693
MGG_16264T0	204	205	0	0
MGG_04258T0	920	921	1	0.0834109
MGG_08059T0	1467	1468	1198	62.6922
MGG_02710T0	884	885	752	65.2766
MGG_16444T0	3807	3808	1416	28.566
MGG_02565T0	1641	1642	0	0
MGG_05936T0	1323	1324	1330	77.1696
MGG_02948T0	1706	1707	644	28.9824
MGG_04425T0	1557	1558	213	10.5026
MGG_12546T0	312	313	1	0.245436
MGG_02739T0	1165	1166	466.128	30.7107
MGG_13891T0	4461	4462	911	15.6845
MGG_15804T0	192	193	1	0.398039
MGG_01031T0	675	676	47	5.34114
MGG_16921T0	793	794	47	4.54737
MGG_03004T0	3077	3078	11	0.274541
MGG_02620T0	978	979	2479.31	194.55
MGG_04938T0	1143	1144	56	3.76049
MGG_05628T0	1059	1060	52	3.7686
MGG_16611T0	984	985	9.03736	0.704836
MGG_18046T0	2451	2452	78	2.44375
MGG_12029T0	639	640	0	0
MGG_01763T0	1152	1153	6	0.399765
MGG_06929T0	1784	1785	2034.33	87.5518
MGG_15709T0	174	175	0	0
MGG_08875T0	3368	3369	1298	29.5976
MGG_17912T0	297	298	27	6.96034
MGG_10007T0	318	319	0	0
MGG_17908T0	1776	1777	300	12.9693
MGG_01199T0	1008	1009	418	31.825
MGG_11371T0	4259	4260	100	1.80332
MGG_10004T0	408	409	269	50.5256
MGG_05252T0	1375	1376	828.262	46.2415
MGG_14705T0	267	268	14	4.01306
MGG_02468T0	3234	3235	501	11.8972
MGG_07810T0	348	349	1	0.220119
MGG_00729T0	3427	3428	21	0.47061
MGG_16028T0	225	226	0	0
MGG_06411T0	1278	1279	1182	70.9953
MGG_12939T0	1862	1863	25706	1060
MGG_01034T0	5402	5403	848.664	12.0666
MGG_05666T0	5841	5842	3537	46.5111
MGG_17578T0	642	643	329	39.3068
MGG_15199T0	411	412	0	0
MGG_17804T0	189	190	0	0
MGG_01544T0	1600	1601	30	1.4395
MGG_04128T0	2204	2205	3331	116.051
MGG_04209T0	2778	2779	101	2.792
MGG_01453T0	2446	2447	4280	134.367
MGG_16715T0	261	262	0	0
MGG_01631T0	2248	2249	2773.15	94.7254
MGG_08119T0	393	394	5	0.974892
MGG_00239T0	3723	3724	0	0
MGG_16302T0	1145	1146	60	4.02207
MGG_15724T0	1579	1580	72.8054	3.53989
MGG_17493T0	534	535	8.96659	1.28753
MGG_08026T0	965	966	16	1.27241
MGG_06765T0	2578	2579	3003	89.4513
MGG_00134T0	4621	4622	5529	91.8966
MGG_16721T0	2775	2776	348	9.63036
MGG_04903T0	2970	2971	350.549	9.06419
MGG_16514T0	561	562	0	0
MGG_12424T0	3228	3229	194	4.61547
MGG_04790T0	6360	6361	993.772	12.0017
MGG_04058T0	1577	1578	467	22.7349
MGG_04440T0	3046	3047	4911	123.817
MGG_01625T0	20262	20263	2207.84	8.37041
MGG_01625T1	20188	20189	2882.16	10.967
MGG_04415T0	2693	2694	210	5.98831
MGG_07340T0	3338	3339	210	4.83154
MGG_00360T0	2421	2422	583	18.4917
MGG_03520T0	348	349	631	138.895
MGG_13209T0	1179	1180	730.935	47.586
MGG_04646T0	2915	2916	2907.16	76.5886
MGG_04501T0	2464	2465	1137	35.4345
MGG_02482T0	3347	3348	1366	31.3435
MGG_03643T0	4572	4573	177.707	2.98529
MGG_12308T0	2768	2769	765.591	21.2401
MGG_00433T0	615	616	189	23.5702
MGG_10578T0	1791	1792	6064	259.958
MGG_09912T0	2338	2339	999	32.8109
MGG_14736T0	1134	1135	27	1.82747
MGG_08802T0	1506	1507	221	11.2658
MGG_02372T0	934	935	619	50.8583
MGG_06332T0	1047	1048	2209	161.926
MGG_16508T0	399	400	22	4.22518
MGG_10189T0	2480	2481	935	28.9513
MGG_03339T0	695	696	3	0.331127
MGG_04120T0	2852	2853	551	14.8365
MGG_09149T0	2925	2926	0	0
MGG_08525T0	1560	1561	158	7.77565
MGG_11928T0	195	196	0	0
MGG_10621T0	1582	1583	0	0
MGG_18068T0	306	307	0	0
MGG_15050T0	1371	1372	55	3.07958
MGG_05459T0	4284	4285	194	3.47803
MGG_17274T0	1137	1138	110.739	7.47548
MGG_17274T1	1084	1085	581.578	41.1776
MGG_08933T0	2264	2265	14.6163	0.495739
MGG_12043T0	315	316	3	0.729318
MGG_05817T0	2108	2109	198	7.21226
MGG_00815T0	804	805	177	16.8912
MGG_05194T0	1341	1342	743.557	42.5642
MGG_02568T0	453	454	338	57.1931
MGG_12175T0	16315	16316	998	4.69894
MGG_06950T0	1701	1702	3188.71	143.926
MGG_12387T0	1215	1216	3837	242.405
MGG_04725T0	2253	2254	600	20.4494
MGG_08340T0	3001	3002	556.905	14.2512
MGG_01592T0	1929	1930	1124	44.7396
MGG_09740T0	336	337	1	0.227957
MGG_01370T0	2918	2919	165	4.34243
MGG_08752T0	1395	1396	6	0.330178
MGG_08309T0	4752	4753	271	4.3801
MGG_06498T0	1382	1383	182	10.1096
MGG_02775T0	2065	2066	1394	51.8341
MGG_00485T0	4086	4087	428.088	8.04658
MGG_13926T0	1800	1801	1691	72.1294
MGG_10383T0	1897	1898	751	30.3967
MGG_03635T0	1011	1012	1674	127.074
MGG_17783T0	168	169	0	0
MGG_09468T0	1465	1466	9	0.471619
MGG_03871T0	2790	2791	52	1.43129
MGG_00420T0	1605	1606	3	0.143502
MGG_13529T0	622	623	206	25.4016
MGG_03055T0	2500	2501	86.6542	2.6617
MGG_00919T0	2214	2215	255	8.84401
MGG_08952T0	876	877	0	0
MGG_08824T0	1169	1170	1032	67.7605
MGG_17690T0	3075	3076	2539	63.4102
MGG_16306T0	153	154	25	12.471
MGG_03021T0	2339	2340	473	15.5284
MGG_07858T0	14334	14335	12	0.0643082
MGG_07278T0	2422	2423	1772	56.1815
MGG_04201T0	1630	1631	46632	2196.41
MGG_16834T0	2451	2452	178	5.57676
MGG_16513T0	516	517	41	6.09223
MGG_14722T0	2865	2866	0	0
MGG_15925T0	261	262	0	0
MGG_06248T0	2027	2028	2115.76	80.1458
MGG_15629T0	180	181	0	0
MGG_15335T0	981	982	0	0
MGG_05342T0	1562	1563	5575	274.011
MGG_04686T0	2567	2568	913	27.3123
MGG_15837T0	1421	1422	246	13.2898
MGG_09834T0	2986	2987	164	4.21785
MGG_00682T0	360	361	395	84.0567
MGG_17762T0	306	307	0	0
MGG_12098T0	2397	2398	863	27.6468
MGG_11525T0	1166	1167	1	0.0658282
MGG_09081T0	1707	1708	5030	226.237
MGG_15038T0	3810	3811	12086	243.628
MGG_06492T0	4093	4094	1365	25.6134
MGG_09917T0	4031	4032	3593	68.4572
MGG_16999T0	644	645	29	3.45399
MGG_14835T0	2135	2136	504	18.1264
MGG_00565T0	561	562	0	0
MGG_10699T0	1637	1638	398	18.666
MGG_17815T0	322	323	22	5.23242
MGG_07461T0	3218	3219	397	9.47441
MGG_10500T0	1374	1375	0	0
MGG_16573T0	510	511	0	0
MGG_14116T0	321	322	7	1.67003
MGG_03990T0	2445	2446	360.574	11.3245
MGG_08066T0	666	667	17	1.95797
MGG_16824T0	198	199	2	0.772075
MGG_04418T0	2067	2068	2728	101.339
MGG_16118T0	195	196	6	2.35168
MGG_09861T0	2152	2153	1758	62.7274
MGG_07012T0	2679	2680	3487	99.9539
MGG_06451T0	1516	1517	55	2.78522
MGG_17209T0	561	562	0.666667	0.0911287
MGG_18133T0	2424	2425	0	0
MGG_07083T0	3917	3918	2262	44.3518
MGG_06669T0	1140	1141	983	66.1836
MGG_05881T0	2325	2326	38	1.25504
MGG_00046T0	2838	2839	22	0.595306
MGG_12864T0	1751	1752	251	11.0058
MGG_10056T0	1690	1691	23	1.04488
MGG_12760T0	2523	2524	59.1251	1.79956
MGG_12760T1	2002	2003	124.586	4.77827
MGG_02624T0	1415	1416	961	52.1366
MGG_04955T0	1230	1231	342	21.3428
MGG_15248T0	4836	4837	8	0.127056
MGG_09408T1	8496	8497	746.249	6.74685
MGG_09408T2	8207	8208	21.0621	0.197127
MGG_09408T0	8566	8567	11713	105.032
MGG_06724T0	1059	1060	359	26.0178
MGG_04974T0	1147	1148	1063	71.1335
MGG_16778T0	1323	1324	10.5096	0.609794
MGG_06009T0	1503	1504	40	2.04312
MGG_17863T0	150	151	13	6.61377
MGG_08626T1	1568	1569	65.6458	3.21415
MGG_08626T0	2128	2129	494.048	17.8269
MGG_13874T0	1722	1723	0	0
MGG_01412T0	1548	1549	11	0.545537
MGG_14742T0	2558	2559	509	15.2802
MGG_13679T0	222	223	0	0
MGG_18090T0	756	757	2	0.202963
MGG_13563T0	1153	1154	648	43.1372
MGG_06636T0	1268	1269	93	5.62994
MGG_12473T0	3405	3406	7742	174.619
MGG_05984T0	1861	1862	526	21.7015
MGG_16191T0	162	163	2	0.942595
MGG_14622T0	246	247	0	0
MGG_09969T0	1773	1774	86	3.72415
MGG_06155T0	3628	3629	36	0.762076
MGG_09695T0	1341	1342	566.622	32.4358
MGG_15296T0	615	616	1	0.12471
MGG_09503T0	1946	1947	81	3.19596
MGG_04114T0	2122	2123	2117	76.6044
MGG_06148T0	3084	3085	22447.9	558.988
MGG_00589T0	1793	1794	254.675	10.9055
MGG_12606T0	1834	1835	14342	600.422
MGG_15769T0	2335	2336	2878	94.6456
MGG_06261T0	4936	4937	1317	20.493
MGG_13291T0	3080	3081	2	0.0498679
MGG_05927T0	1081	1082	279	19.8089
MGG_02939T0	2965	2966	3003	77.7798
MGG_17790T0	294	295	0	0
MGG_17492T0	2971	2972	1297	33.5254
MGG_08677T0	1143	1144	53	3.55904
MGG_04325T0	2424	2425	21884.7	693.284
MGG_02944T0	5145	5146	3509	52.3837
MGG_14340T0	1035	1036	4.03473	0.299184
MGG_06078T0	2372	2373	276	8.93499
MGG_03327T0	1707	1708	4476	201.319
MGG_12733T0	1024	1025	7	0.524635
MGG_05652T0	5487	5488	3848.95	53.8779
MGG_16708T0	156	157	7	3.42516
MGG_03599T0	1519	1520	423.073	21.3823
MGG_03524T0	1825	1826	2479	104.294
MGG_06737T0	711	712	30.6178	3.30351
MGG_10013T0	1017	1018	0	0
MGG_00540T0	2167	2168	286	10.1342
MGG_12668T0	1014	1015	4308	326.056
MGG_04406T0	8595	8596	21	0.187675
MGG_03940T0	1957	1958	415.673	16.3088
MGG_14862T0	372	373	23	4.73698
MGG_08132T0	1762	1763	5034	219.353
MGG_15515T0	1494	1495	0	0
MGG_08838T0	698	699	358	39.3449
MGG_03723T0	1551	1552	979	48.4589
MGG_16587T0	252	253	1	0.303642
MGG_11304T0	556	557	0	0
MGG_02110T0	1109	1110	0	0
MGG_01252T0	731	732	623	65.3822
MGG_09381T0	1317	1318	1	0.0582864
MGG_06653T0	1305	1306	15764	927.269
MGG_17147T0	180	181	0	0
MGG_16136T0	183	184	4	1.67003
MGG_14791T0	1191	1192	104	6.70255
MGG_14994T0	923	924	5	0.415701
MGG_07934T0	1017	1018	1	0.0754631
MGG_17198T0	711	712	33	3.56055
MGG_09603T0	1044	1045	0	0
MGG_06387T0	2162	2163	937	33.2787
MGG_13026T0	961	962	27	2.15611
MGG_09827T0	1850	1851	922	38.2655
MGG_04973T0	1724	1725	9	0.400808
MGG_10537T0	2131	2132	131	4.72027
MGG_09128T0	539	540	9	1.28036
MGG_16155T0	228	229	4	1.34186
MGG_17416T0	784	785	28	2.74013
MGG_02385T0	4158	4159	1663	30.7175
MGG_10179T0	726	727	1422.78	150.344
MGG_03476T0	2080	2081	210	7.75229
MGG_10917T0	1659	1660	0	0
MGG_04167T0	687	688	3874	432.567
MGG_17849T0	201	202	0	0
MGG_08200T0	2930	2931	274	7.18154
MGG_02621T1	1853	1854	0	0
MGG_02621T0	1712	1713	126.691	5.68159
MGG_01695T0	5453	5454	3985.55	56.1379
MGG_08684T0	447	448	0	0
MGG_01294T0	3999	4000	334	6.41459
MGG_16736T0	366	367	1.12186	0.234831
MGG_04962T0	1917	1918	20	0.801058
MGG_06752T0	3036	3037	545	13.7859
MGG_00445T0	2165	2166	169.566	6.01399
MGG_11783T0	5168	5169	12253	182.104
MGG_02522T0	438	439	244	42.698
MGG_06904T0	2016	2017	611	23.2712
MGG_10255T0	1530	1531	9	0.451596
MGG_00496T0	1533	1534	2195	109.924
MGG_06575T0	1845	1846	31	1.29007
MGG_13168T0	3623	3624	451	9.56029
MGG_09015T0	1432	1433	42	2.25157
MGG_18141T0	372	373	2	0.411911
MGG_11196T0	3505	3506	727	15.9296
MGG_07832T0	1224	1225	123	7.7135
MGG_16495T0	243	244	0	0
MGG_11708T0	663	664	406	46.9722
MGG_00825T0	342	343	0	0
MGG_16947T0	840	841	30.5472	2.79035
MGG_11149T0	1670	1671	2919	134.196
MGG_01894T0	3144	3145	4097	100.076
MGG_15976T0	2652	2653	9	0.260608
MGG_12129T0	1050	1051	1624	118.704
MGG_10669T0	2343	2344	685	22.45
MGG_08063T0	1971	1972	1188	46.2799
MGG_06418T0	2222	2223	4017	138.818
MGG_00976T0	4815	4816	1738	27.7234
MGG_15933T0	2066	2067	4	0.148663
MGG_05186T0	1518	1519	2803	141.758
MGG_15364T0	666	667	0	0
MGG_08620T0	1803	1804	258	10.9867
MGG_17654T0	1274	1275	0	0
MGG_09617T0	375	376	2	0.408625
MGG_12377T0	5995	5996	3140	40.2301
MGG_05236T0	1201	1202	430	27.4819
MGG_10596T0	2832	2833	3273.16	88.7571
MGG_10596T1	3025	3026	2610.84	66.2818
MGG_06521T0	1799	1800	1407	60.0488
MGG_09376T0	1650	1651	4	0.186121
MGG_03634T0	2734	2735	11970	336.217
MGG_12174T0	1307	1308	3415	200.57
MGG_01457T0	3311	3312	1150.49	26.6854
MGG_12480T0	1215	1216	1	0.0631756
MGG_08296T0	1701	1702	24.1418	1.08967
MGG_08296T1	1419	1420	57.8582	3.13011
MGG_16038T0	2396	2397	1797	57.5921
MGG_12946T0	678	679	1	0.113139
MGG_05599T0	3581	3582	360	7.72075
MGG_04657T0	5521	5522	1400.07	19.4776
MGG_03832T0	1497	1498	1	0.0512827
MGG_00290T0	1205	1206	48.0335	3.0597
MGG_05826T0	1538	1539	5	0.249582
MGG_00167T0	1346	1347	8311	473.989
MGG_08962T0	995	996	1	0.07713
MGG_15565T0	1815	1816	942	39.849
MGG_11534T0	3856	3857	9475	188.718
MGG_09300T0	3196	3197	2779	66.7773
MGG_00765T0	468	469	64	10.4831
MGG_14926T0	531	532	1	0.144401
MGG_09724T0	417	418	0	0
MGG_00079T1	2031	2032	0	0
MGG_00079T0	1866	1867	1	0.041147
MGG_18142T0	564	565	0	0
MGG_13440T0	1476	1477	135	7.0216
MGG_11280T0	870	871	0	0
MGG_06771T0	675	676	39062	4439.05
MGG_17332T0	186	187	0	0
MGG_17724T0	1497	1498	149	7.64112
MGG_16722T0	273	274	1	0.28037
MGG_11904T0	4618	4619	481	7.99981
MGG_02486T0	2571	2572	165	4.92828
MGG_10607T0	1921	1922	731	29.2177
MGG_14772T0	1102	1103	11992	835.216
MGG_04067T0	3266	3267	1262	29.6751
MGG_00203T0	2521	2522	29	0.883356
MGG_01615T0	4199	4200	3252	59.4818
MGG_00759T0	2096	2097	3674.52	134.612
MGG_00834T0	2098	2099	478	17.4944
MGG_16771T0	283	284	38	10.2789
MGG_01817T0	2851	2852	1234	33.239
MGG_09310T0	2712	2713	402	11.3831
MGG_16922T0	426	427	2	0.35982
MGG_04423T0	2567	2568	1350.21	40.3914
MGG_01180T0	1426	1427	1621	87.2653
MGG_07505T0	809	810	24	2.27619
MGG_17252T0	1554	1555	93	4.59447
MGG_15246T0	1008	1009	7	0.532954
MGG_10435T0	1221	1222	0	0
MGG_04364T0	2127	2128	182	6.57026
MGG_17998T0	465	466	0	0
MGG_17781T0	267	268	0	0
MGG_15752T0	219	220	11	3.84107
MGG_13499T0	2056	2057	3134	117.044
MGG_02302T0	1350	1351	3	0.170588
MGG_16275T0	150	151	0	0
MGG_02064T0	2094	2095	0	0
MGG_01130T0	2570	2571	3350.99	100.128
MGG_08771T0	1150	1151	253	16.886
MGG_16691T0	204	205	7	2.62317
MGG_12159T0	2070	2071	701.773	26.0315
MGG_15052T0	339	340	5	1.12973
MGG_11061T0	2860	2861	3768	101.176
MGG_00102T0	2344	2345	369	12.0883
MGG_06587T0	1783	1784	294.321	12.6739
MGG_16442T0	1093	1094	237	16.6423
MGG_00127T0	2040	2041	284	10.6895
MGG_08121T0	2084	2085	875	32.2392
MGG_03945T0	2144	2145	144	5.15725
MGG_02972T0	2003	2004	8	0.306673
MGG_01666T0	2935	2936	3359	87.8894
MGG_15295T0	2892	2893	684	18.1631
MGG_12383T0	2778	2779	3	0.0829307
MGG_08974T0	2337	2338	225	7.393
MGG_07673T0	1927	1928	942	37.5341
MGG_01122T0	1153	1154	14	0.931976
MGG_16719T0	279	280	0	0
MGG_16335T0	246	247	2	0.622036
MGG_17665T0	420	421	0	0
MGG_15005T0	2135	2136	501	18.0185
MGG_06960T0	2469	2470	1009	31.3817
MGG_06932T0	2472	2473	1778	55.2319
MGG_11573T0	992	993	1704	131.827
MGG_02050T0	1670	1671	286	13.1484
MGG_17091T0	192	193	12	4.77647
MGG_03997T0	3463	3464	5326.88	118.135
MGG_15540T0	1449	1450	855.182	45.3078
MGG_13222T0	2525	2526	884	26.8845
MGG_11945T0	2886	2887	1241	33.0223
MGG_03630T0	2058	2059	1329	49.5851
MGG_17700T0	331	332	6	1.38834
MGG_04131T0	2168	2169	3088.01	109.371
MGG_14330T0	1653	1654	16	0.743134
MGG_08334T0	1710	1711	372.928	16.744
MGG_10805T0	990	991	2	0.155038
MGG_04878T0	6696	6697	4030	46.2282
MGG_04703T0	6310	6311	4322	52.6101
MGG_06323T0	1244	1245	4100.31	253.006
MGG_16716T0	396	397	33	6.38566
MGG_08203T0	486	487	5115	806.862
MGG_05477T0	1892	1893	8125	329.728
MGG_01218T0	4042	4043	20	0.380022
MGG_17997T0	339	340	1	0.225946
MGG_17955T0	582	583	0	0
MGG_16634T0	1284	1285	45.6026	2.72627
MGG_00700T0	2586	2587	2009	59.6577
MGG_17876T0	339	340	1	0.225946
MGG_07258T0	2947	2948	292	7.60918
MGG_07211T0	2131	2132	1675	60.3546
MGG_14216T0	480	481	6	0.958272
MGG_08176T0	756	757	33	3.34889
MGG_01455T0	920	921	8.1847	0.682693
MGG_17903T0	288	289	3	0.797455
MGG_10266T0	1293	1294	2	0.118735
MGG_13180T0	198	199	8	3.0883
MGG_08387T0	1632	1633	1	0.0470432
MGG_08737T0	1931	1932	13	0.516915
MGG_06138T0	3997	3998	2621	50.3625
MGG_16123T0	417	418	5	0.918917
MGG_09391T0	1281	1282	0	0
MGG_00833T0	2843	2844	338	9.12998
MGG_15542T0	291	292	0	0
MGG_13671T0	240	241	0	0
MGG_00143T0	2383	2384	2376	76.5637
MGG_04002T0	896	897	5251	449.71
MGG_12922T0	5146	5147	1387	20.7017
MGG_17316T0	258	259	3.00883	0.892444
MGG_03316T1	3068	3069	18.9926	0.475412
MGG_03316T0	2946	2947	0.0074027	0.000192971
MGG_10696T0	1810	1811	61	2.58758
MGG_11340T0	4555	4556	2521.22	42.5118
MGG_15110T0	1329	1330	74.1736	4.28431
MGG_09995T0	4732	4733	5292	85.8946
MGG_10414T0	1884	1885	270	11.0036
MGG_11188T0	4106	4107	317.679	5.9422
MGG_03714T0	3257	3258	4832	113.935
MGG_06218T0	3768	3769	5166	105.296
MGG_15188T0	639	640	5	0.600168
MGG_15037T0	1638	1639	3	0.140613
MGG_10475T0	1431	1432	4	0.214585
MGG_16138T0	309	310	12	2.97373
MGG_04678T0	1761	1762	973	42.4219
MGG_15701T0	3144	3145	4.24305	0.103643
MGG_01840T0	3259	3260	626	14.7516
MGG_16977T0	423	424	1	0.181183
MGG_16729T0	1733	1734	1125	49.8409
MGG_04493T0	2789	2790	4244	116.857
MGG_07726T0	369	370	17	3.52964
MGG_07529T0	821	822	108	10.0933
MGG_02782T0	1635	1636	840	39.4438
MGG_10066T0	942	943	20126	1639.56
MGG_05375T0	1286	1287	1106	66.0175
MGG_04003T0	1305	1306	118	6.94099
MGG_03979T0	3028	3029	634.443	16.0907
MGG_16355T0	901	902	0	0
MGG_07584T0	1629	1630	0	0
MGG_03651T0	2240	2241	88.329	3.02792
MGG_09359T0	4034	4035	234.901	4.47223
MGG_10483T0	1929	1930	873	34.7488
MGG_11710T0	1032	1033	1361	101.214
MGG_04278T0	1113	1114	12	0.82752
MGG_15441T0	1716	1717	0	0
MGG_16311T0	892	893	223	19.1839
MGG_15771T0	413	414	15	2.78339
MGG_15194T0	723	724	0	0
MGG_05258T0	2178	2179	2096	73.8953
MGG_04818T0	1461	1462	5533	290.734
MGG_08587T0	2659	2660	234	6.75798
MGG_15239T0	1442	1443	6096	324.535
MGG_10466T0	798	799	0	0
MGG_08134T0	4108	4109	102.951	1.92476
MGG_04669T0	3578	3579	3289	70.5968
MGG_00816T0	831	832	20	1.84667
MGG_02117T0	2134	2135	2642	95.0643
MGG_04363T0	2953	2954	2249	58.4873
MGG_00709T0	741	742	285.588	29.5677
MGG_08218T0	471	472	0	0
MGG_17070T0	237	238	2	0.645559
MGG_06763T0	1939	1940	421.333	16.6843
MGG_08342T0	1826	1827	81.2908	3.41811
MGG_13532T0	3769	3770	2086	42.5065
MGG_10441T0	1014	1015	201	15.2129
MGG_07434T0	2608	2609	4052.71	119.331
MGG_00920T0	1676	1677	216	9.89472
MGG_13007T0	2666	2667	2196	63.2546
MGG_05294T0	1469	1470	927	48.4446
MGG_10792T0	1332	1333	177	10.2006
MGG_00468T0	2999	3000	3496	89.5226
MGG_16802T0	492	493	3	0.467474
MGG_15501T1	1207	1208	0	0
MGG_15501T0	1211	1212	118.709	7.52427
MGG_04729T0	1368	1369	4530	254.201
MGG_15991T0	3364	3365	34	0.776205
MGG_08871T0	4185	4186	405	7.43256
MGG_03510T0	5258	5259	1465	21.4002
MGG_07052T0	1791	1792	944	40.4685
MGG_15062T0	1585	1586	547	26.4952
MGG_14966T0	1548	1549	162	8.03427
MGG_05163T0	1857	1858	5	0.206732
MGG_03086T0	1245	1246	367	22.6272
MGG_01008T0	3036	3037	3395	85.8772
MGG_01036T0	2033	2034	126	4.75885
MGG_16749T0	2622	2623	1309	38.3375
MGG_18012T0	159	160	5	2.40067
MGG_17988T0	741	742	848	87.796
MGG_06916T0	1006	1007	778.133	59.3618
MGG_04935T0	1993	1994	8294	319.537
MGG_14676T0	2887	2888	2234	59.4249
MGG_03388T0	1608	1609	442	21.1032
MGG_04803T0	5110	5111	3544	53.2685
MGG_00120T0	588	589	19	2.47811
MGG_10630T0	3140	3141	3153.75	77.1333
MGG_08526T0	1725	1726	699	31.1114
MGG_11688T0	575	576	2	0.266741
MGG_07212T0	928	929	834	68.9657
MGG_03849T0	868	869	41	3.62449
MGG_04830T0	1995	1996	1292.39	49.7413
MGG_15072T0	3036	3037	4586	116.004
MGG_03650T0	945	946	75	6.0905
MGG_16112T0	156	157	0	0
MGG_01940T0	1434	1435	16	0.856546
MGG_07878T0	2503	2504	218	6.68813
MGG_17352T0	207	208	6	2.216
MGG_03128T0	1177	1178	43	2.80418
MGG_08423T0	1973	1974	2188.89	85.1843
MGG_09935T0	4038	4039	551.799	10.4952
MGG_09175T0	1511	1512	45	2.28635
MGG_00634T0	4254	4255	259	4.67609
MGG_17024T0	1368	1369	0	0
MGG_06825T0	1146	1147	1	0.066976
MGG_03625T0	2340	2341	2938	96.4124
MGG_07247T0	1659	1660	106	4.90547
MGG_03619T0	2247	2248	27380	935.664
MGG_10782T0	669	670	0	0
MGG_14944T0	897	898	1	0.0855473
MGG_15412T0	252	253	0	0
MGG_15957T0	405	406	11	2.08137
MGG_13014T0	6236	6237	14319	176.368
MGG_10855T0	1470	1471	436.647	22.8034
MGG_16738T0	2383	2384	336.454	10.8418
MGG_11282T0	2637	2638	512.809	14.9336
MGG_10619T0	763	764	683	68.6768
MGG_07455T0	1382	1383	68	3.7772
MGG_08178T0	3161	3162	405	9.83956
MGG_14593T0	939	940	0	0
MGG_07251T0	948	949	22	1.7809
MGG_01436T0	1951	1952	412.549	16.236
MGG_00780T0	1249	1250	339	20.834
MGG_13374T0	867	868	76	6.72631
MGG_17078T0	2356	2357	470	15.3187
MGG_12164T0	2305	2306	2061	68.6596
MGG_08594T0	4347	4348	2662.6	47.0434
MGG_01834T0	3641	3642	1440	30.3742
MGG_11869T0	774	775	445	44.1104
MGG_11489T0	5188	5189	361.538	5.35245
MGG_14857T0	1502	1503	473.078	24.18
MGG_01943T0	687	688	5	0.558296
MGG_10400T0	1501	1502	195	9.9735
MGG_04577T0	3087	3088	472	11.7421
MGG_15175T0	2276	2277	666	22.4695
MGG_01419T0	4812	4813	684	10.9175
MGG_00268T0	2145	2146	58.3683	2.08944
MGG_00268T1	2581	2582	23.6317	0.703108
MGG_14712T0	14199	14200	71	0.384107
MGG_07660T0	4179	4180	14305	262.902
MGG_03493T0	1809	1810	57	2.41924
MGG_17372T0	1752	1753	9	0.394406
MGG_09664T0	2875	2876	22	0.587647
MGG_04826T0	1677	1678	2304	105.481
MGG_13598T0	1365	1366	7	0.393668
MGG_15322T0	780	781	60	5.90178
MGG_14496T0	4213	4214	955	17.4097
MGG_08050T0	1861	1862	1107	45.6721
MGG_15888T0	2531	2532	285	8.64697
MGG_01756T0	1121	1122	1977	135.362
MGG_09675T0	426	427	0	0
MGG_09501T0	1212	1213	205	12.983
MGG_09266T0	987	988	573	44.5534
MGG_06429T0	2123	2124	408	14.7567
MGG_00958T0	2410	2411	786	25.0443
MGG_14981T0	681	682	0	0
MGG_07276T0	2989	2990	1056	27.1316
MGG_16153T0	186	187	0	0
MGG_08112T0	2805	2806	1904	52.1269
MGG_04253T0	1942	1943	31	1.22566
MGG_03733T0	1741	1742	714.442	31.5066
MGG_11899T0	3679	3680	5585	116.589
MGG_13465T0	2066	2067	429	15.9441
MGG_16458T0	360	361	7	1.48961
MGG_02889T0	902	903	99583	8471.89
MGG_17596T0	1750	1751	258	11.3192
MGG_00345T0	7679	7680	4796	47.9734
MGG_17837T0	237	238	1	0.322779
MGG_08275T0	820	821	22614	2116.01
MGG_00142T0	2812	2813	3024	82.5838
MGG_17124T0	183	184	0	0
MGG_07731T0	2493	2494	261	8.03946
MGG_01224T0	2976	2977	367	9.47043
MGG_08003T0	1664	1665	3	0.138417
MGG_04383T0	1572	1573	281	13.7234
MGG_17495T0	423	424	0	0
MGG_16307T0	322	323	0	0
MGG_18039T0	831	832	23	2.12367
MGG_03157T0	1746	1747	287	12.6204
MGG_05661T0	1036	1037	3536.93	262.018
MGG_04712T0	2296	2297	455.707	15.2408
MGG_09261T0	969	970	15	1.18796
MGG_14718T0	414	415	0	0
MGG_10448T0	2893	2894	2653	70.4241
MGG_09839T0	1297	1298	12	0.710214
MGG_08011T0	1316	1317	140	8.16629
MGG_16662T0	309	310	0	0
MGG_14565T0	564	565	5	0.679836
MGG_00691T0	2781	2782	853.928	23.5802
MGG_08897T0	2517	2518	230	7.01705
MGG_10492T0	1910	1911	8503	341.817
MGG_06458T0	2101	2102	1659.69	60.6565
MGG_05418T0	852	853	76	6.84459
MGG_03961T0	1353	1354	412.375	23.3968
MGG_03301T0	1124	1125	17	1.16086
MGG_08844T0	1086	1087	3717.77	262.746
MGG_03765T0	2424	2425	33650	1066
MGG_09536T0	3497	3498	2927	64.2814
MGG_10278T0	1534	1535	3	0.15014
MGG_16418T0	1224	1225	26	1.6305
MGG_18032T0	189	190	1	0.404324
MGG_08323T0	1525	1526	1844	92.8302
MGG_04076T0	1752	1753	12	0.525874
MGG_15938T0	387	388	0	0
MGG_10509T0	1365	1366	4	0.224953
MGG_02591T0	890	891	6	0.517316
MGG_05843T0	1676	1677	3	0.137427
MGG_15846T0	366	367	23	4.81443
MGG_07354T0	1371	1372	236	13.2142
MGG_04839T0	1300	1301	1833	108.235
MGG_13025T0	2341	2342	40	1.31207
MGG_10779T0	402	403	0	0
MGG_03898T0	2124	2125	23	0.83148
MGG_01729T0	1246	1247	85	5.23643
MGG_00275T0	2382	2383	499.637	16.107
MGG_13549T0	984	985	106	8.26708
MGG_01611T0	666	667	676	77.8581
MGG_15329T0	1386	1387	85	4.70788
MGG_04570T0	1962	1963	91	3.56126
MGG_04081T0	888	889	699	60.4029
MGG_04370T0	2842	2843	8	0.21617
MGG_17360T0	330	331	0	0
MGG_04339T0	1943	1944	0	0
MGG_15811T0	1274	1275	126	7.59177
MGG_09353T0	2181	2182	6	0.211241
MGG_12749T0	2471	2472	591	18.3663
MGG_10467T0	650	651	4	0.472021
MGG_16754T0	359	360	26	5.54822
MGG_08057T0	1617	1618	409	19.419
MGG_00752T0	1346	1347	445	25.379
MGG_16627T0	201	202	0	0
MGG_06449T0	3945	3946	298.898	5.819
MGG_18036T0	159	160	0	0
MGG_03900T0	2112	2113	2435	88.5283
MGG_02224T0	1470	1471	133	6.94579
MGG_08027T0	720	721	3	0.319646
MGG_02881T0	1374	1375	237	13.2412
MGG_06821T0	1995	1996	471	18.1277
MGG_10154T0	1525	1526	1647	82.9128
MGG_03003T0	1443	1444	335	17.8222
MGG_16434T0	772	773	4.05193	0.402685
MGG_05397T0	2153	2154	166	5.92032
MGG_00689T0	3262	3263	890	20.9535
MGG_01007T0	1299	1300	154.916	9.15453
MGG_04891T0	3302	3303	218	5.07026
MGG_05844T0	1690	1691	31	1.40832
MGG_02132T0	3140	3141	781	19.1014
MGG_11612T0	1625	1626	305	14.4099
MGG_01807T0	1304	1305	1086	63.9296
MGG_06902T0	3372	3373	586	13.3464
MGG_01259T0	1874	1875	883	36.1778
MGG_00238T0	1530	1531	0	0
MGG_11749T0	240	241	97	30.9199
MGG_06941T0	2084	2085	1114	41.0451
MGG_06321T0	2437	2438	1290	40.648
MGG_04037T0	6031	6032	1580	20.1223
MGG_09216T0	1091	1092	47	3.30642
MGG_07063T0	3045	3046	2348	59.2176
MGG_09487T0	2025	2026	835	31.6614
MGG_04495T0	2406	2407	402	12.8302
MGG_05913T0	657	658	129727	15145.6
MGG_00513T0	358	359	130	27.8184
MGG_13188T0	1736	1737	265	11.72
MGG_11543T0	1471	1472	477	24.8939
MGG_03425T0	1245	1246	9	0.55489
MGG_16057T0	630	631	0	0
MGG_04720T0	1879	1880	663	27.0918
MGG_17836T0	159	160	0	0
MGG_17490T0	956	957	2	0.160546
MGG_15281T0	4126	4127	847.305	15.772
MGG_01551T0	2887	2888	5505	146.434
MGG_07002T0	475	476	10	1.6139
MGG_00876T0	2219	2220	411.093	14.2256
MGG_17787T0	2185	2186	1373.07	48.2531
MGG_16703T0	357	358	0	0
MGG_01989T0	1665	1666	0	0
MGG_04321T1	4397	4398	3441.57	60.1151
MGG_04321T0	3549	3550	1289.43	27.9031
MGG_01804T0	3008	3009	971	24.7902
MGG_01518T0	4308	4309	5398	96.2363
MGG_06694T0	2266	2267	2104	71.2979
MGG_09541T0	1836	1837	62	2.59278
MGG_13185T0	2727	2728	5139	144.716
MGG_02062T0	1206	1207	404	25.7132
MGG_07927T0	2252	2253	708.491	24.1577
MGG_17424T0	201	202	0	0
MGG_17154T0	2099	2100	10	0.365817
MGG_11288T0	2535	2536	206.62	6.25903
MGG_15133T0	3145	3146	2102	51.3283
MGG_01048T0	1431	1432	626	33.5826
MGG_07404T0	1806	1807	2176	92.5089
MGG_12715T0	672	673	46	5.2508
MGG_17007T0	150	151	1.0106	0.514147
MGG_04978T0	1591	1592	4826	232.877
MGG_02611T0	4019	4020	2221	42.4429
MGG_17287T0	1080	1081	0	0
MGG_01075T0	579	580	43	5.69539
MGG_16007T0	600	601	0	0
MGG_07237T0	1216	1217	964.763	60.8994
MGG_00633T0	3102	3103	3267	80.8817
MGG_00636T0	1953	1954	1536	60.3878
MGG_16748T0	420	421	5	0.912369
MGG_14983T0	546	547	0	0
MGG_09697T0	4920	4921	10453	163.181
MGG_02203T0	1678	1679	10	0.457543
MGG_16366T0	273	274	1	0.28037
MGG_08304T0	3948	3949	511.72	9.95469
MGG_15444T0	325	326	0	0
MGG_11739T0	1647	1648	1548	72.16
MGG_11445T1	1042	1043	0	0
MGG_11445T0	1050	1051	27	1.97353
MGG_09251T0	882	883	5	0.435003
MGG_12636T0	2586	2587	954	28.3292
MGG_16860T0	1481	1482	40	2.07345
MGG_13223T0	4029	4030	457	8.71152
MGG_02006T0	2349	2350	8	0.26152
MGG_04375T0	1988	1989	493.482	19.0598
MGG_08333T0	1163	1164	46.0717	3.04063
MGG_06225T0	462	463	1120	185.832
MGG_17625T0	2442	2443	1	0.0314456
MGG_07571T0	1498	1499	0	0
MGG_17120T0	333	334	1	0.230004
MGG_14146T0	522	523	2	0.293772
MGG_00451T0	1532	1533	10348	518.558
MGG_12327T0	2524	2525	3751	114.122
MGG_09398T0	1932	1933	1863	74.0395
MGG_05435T0	2069	2070	55	2.04115
MGG_02784T0	6946	6947	1600	17.6932
MGG_06329T0	1041	1042	157	11.5748
MGG_04875T0	1163	1164	35	2.30992
MGG_03424T0	1077	1078	0	0
MGG_06374T0	1944	1945	1866	73.7012
MGG_04882T0	1801	1802	783	33.3803
MGG_00162T0	885	886	2278	197.516
MGG_17314T0	354	355	1	0.216399
MGG_04917T0	4813	4814	898	14.3302
MGG_05451T0	2472	2473	3196	99.2808
MGG_02778T0	543	544	20	2.82432
MGG_02461T0	2494	2495	508	15.6414
MGG_17118T0	375	376	12	2.45175
MGG_07994T0	555	556	0	0
MGG_05692T0	705	706	157	17.0835
MGG_15078T0	3624	3625	2291	48.5512
MGG_17718T1	629	630	9	1.09745
MGG_17718T0	767	768	0	0
MGG_14883T0	904	905	2189	185.815
MGG_13871T0	525	526	9	1.31444
MGG_05398T0	746	747	1	0.10284
MGG_04127T0	1588	1589	574	27.7505
MGG_18134T0	2043	2044	347	13.0416
MGG_10975T0	375	376	53	10.8286
MGG_04198T0	905	906	462	39.1739
MGG_07014T0	4006	4007	588	11.273
MGG_17759T0	408	409	4	0.75131
MGG_09729T0	450	451	7	1.19235
MGG_16603T0	408	409	4	0.75131
MGG_15968T0	1356	1357	0	0
MGG_01864T0	758	759	0	0
MGG_05429T1	711	712	0	0
MGG_05429T0	946	947	18	1.46018
MGG_17505T0	2195	2196	748	26.1669
MGG_16468T0	249	250	4	1.22914
MGG_12005T0	4368	4369	3276	57.6029
MGG_05819T0	660	661	4	0.46488
MGG_05612T0	631	632	20	2.43106
MGG_00095T0	3220	3221	29.0924	0.693859
MGG_17945T0	1647	1648	3169	147.723
MGG_10683T0	1818	1819	6	0.253397
MGG_03280T0	2309	2310	508	16.8941
MGG_00355T0	850	851	523.686	47.2742
MGG_00893T0	1588	1589	42	2.03052
MGG_00893T1	1332	1333	0	0
MGG_08985T0	3125	3126	33	0.810975
MGG_09369T0	3259	3260	691.424	16.2933
MGG_03862T0	3557	3558	2783	60.0883
MGG_10286T0	336	337	0	0
MGG_00459T0	1251	1252	603.89	37.0541
MGG_06087T0	3414	3415	1481	33.3156
MGG_16397T0	222	223	0	0
MGG_10111T0	1297	1298	73	4.32047
MGG_02134T0	1816	1817	67	2.83271
MGG_16352T0	385	386	7	1.39314
MGG_04866T0	1781	1782	88.0031	3.79379
MGG_02130T0	1704	1705	72	3.24407
MGG_02320T0	1636	1637	14	0.656995
MGG_01309T0	3164	3165	143.036	3.47179
MGG_14022T0	1233	1234	7	0.435778
MGG_02346T0	2003	2004	249	9.54518
MGG_11492T0	345	346	0	0
MGG_05789T0	549	550	14	1.95546
MGG_09860T0	2260	2261	179	6.08184
MGG_11383T0	2547	2548	410	12.3614
MGG_15415T0	833	834	7	0.644785
MGG_07081T0	1224	1225	46	2.88473
MGG_15989T0	2739	2740	1148.8	32.2091
MGG_10489T0	3144	3145	774	18.9061
MGG_10432T0	784	785	2	0.195724
MGG_02545T0	1064	1065	145	10.4593
MGG_09504T0	4279	4280	1352	24.267
MGG_04558T1	3205	3206	918.933	22.0193
MGG_04558T0	2805	2806	1090.07	29.8434
MGG_00804T0	1426	1427	1083.8	58.3457
MGG_17570T0	567	568	0	0
MGG_04254T0	921	922	8	0.666564
MGG_04091T0	1826	1827	451	18.9636
MGG_07188T0	1655	1656	225	10.4377
MGG_01168T0	1668	1669	715.191	32.9191
MGG_04665T0	3148	3149	115	2.80548
MGG_00431T0	1860	1861	1076	44.4169
MGG_16621T0	247	248	0	0
MGG_10687T0	1185	1186	151.597	9.81945
MGG_05383T0	1270	1271	36	2.1759
MGG_16582T0	204	205	0	0
MGG_03497T0	1717	1718	5010	224.025
MGG_12345T0	3132	3133	780.346	19.1342
MGG_04360T0	1935	1936	20	0.79361
MGG_07521T0	3132	3133	222	5.44346
MGG_02962T0	3386	3387	96.7245	2.19383
MGG_02962T1	2735	2736	2101.28	58.9997
MGG_00998T0	3184	3185	2313	55.789
MGG_16236T0	1498	1499	350.486	17.9619
MGG_16698T0	363	364	0	0
MGG_00710T0	2100	2101	621	22.7064
MGG_17609T0	225	226	0	0
MGG_06681T0	2105	2106	615.874	22.4655
MGG_12243T0	2634	2635	1212.53	35.3506
MGG_13578T0	1297	1298	361	21.3656
MGG_09865T0	1404	1405	5976	326.751
MGG_01783T1	2097	2098	204.729	7.49648
MGG_01783T0	1027	1028	289.599	21.6415
MGG_04718T0	735	736	124	12.9428
MGG_15167T0	2513	2514	257.091	7.85604
MGG_00552T0	1392	1393	3306	182.32
MGG_09566T0	2281	2282	498.695	16.7881
MGG_15321T0	2084	2085	1246	45.9087
MGG_09352T0	2919	2920	87	2.28886
MGG_09087T0	693	694	0	0
MGG_01094T0	3784	3785	228	4.62756
MGG_15559T0	747	748	33	3.38918
MGG_03826T0	1385	1386	23	1.27482
MGG_15206T0	936	937	121	9.92038
MGG_10038T0	1866	1867	1	0.041147
MGG_01981T0	784	785	413	40.4169
MGG_06179T0	1443	1444	1105	58.7865
MGG_08274T0	2467	2468	420	13.0733
MGG_14583T0	3242	3243	1647	39.0148
MGG_11292T0	462	463	0	0
MGG_01663T0	933	934	873	71.8042
MGG_04621T0	5679	5680	160	2.16399
MGG_03725T0	1374	1375	414.226	23.1429
MGG_15685T0	535	536	53	7.59615
MGG_16054T0	2755	2756	122	3.40066
MGG_10702T0	1802	1803	28	1.19301
MGG_14573T0	2521	2522	346	10.5393
MGG_01268T0	2370	2371	4137	134.041
MGG_07175T0	1710	1711	1644.55	73.8378
MGG_14023T0	222	223	0	0
MGG_13852T0	504	505	7	1.06485
MGG_02659T0	1233	1234	1922.24	119.667
MGG_02659T1	1136	1137	1380.76	93.2914
MGG_15273T0	1955	1956	23	0.90332
MGG_00522T0	1995	1996	2081	80.0929
MGG_15443T0	348	349	0	0
MGG_17902T0	156	157	0	0
MGG_03525T0	1536	1537	6566	328.178
MGG_01784T0	953	954	743.671	59.8846
MGG_08130T0	3116	3117	423	10.4252
MGG_17062T0	1163	1164	56	3.69588
MGG_01133T1	2767	2768	513.204	14.2432
MGG_01133T0	3378	3379	2218.8	50.4443
MGG_00312T0	2084	2085	480.606	17.7079
MGG_08649T0	1393	1394	669	36.8677
MGG_04911T0	3614	3615	3181	67.5987
MGG_04640T0	4054	4055	738	13.9813
MGG_00554T0	856	857	22	1.97208
MGG_10933T0	1818	1819	11	0.464561
MGG_01300T0	1359	1360	41	2.31594
MGG_15482T0	513	514	0	0
MGG_07423T0	2256	2257	290	9.87073
MGG_04599T0	690	691	35269	3921.01
MGG_00587T0	1719	1720	11924	532.569
MGG_14807T0	593	594	719.746	93.0841
MGG_03687T0	1434	1435	4077	218.259
MGG_12714T0	1013	1014	1121.96	85.0005
MGG_11529T0	3028	3029	274.503	6.96194
MGG_11259T0	3066	3067	22092	553.355
MGG_11064T0	2909	2910	1597	42.1594
MGG_02036T0	2881	2882	0	0
MGG_15384T0	336	337	0	0
MGG_05695T0	3522	3523	61	1.33015
MGG_11482T0	3958	3959	1348	26.1569
MGG_15068T0	399	400	0	0
MGG_11727T0	4282	4283	3276	58.7596
MGG_10170T0	804	805	2910	277.703
MGG_10659T0	2490	2491	869	26.7996
MGG_12522T0	270	271	13422	3804.79
MGG_06691T0	1260	1261	6679	406.892
MGG_03666T0	772	773	3704	368.107
MGG_06580T0	1800	1801	125	5.33186
MGG_16241T0	156	157	1	0.489309
MGG_06221T0	2132	2133	448	16.135
MGG_02208T0	567	568	85	11.4962
MGG_05865T0	3916	3917	27563	540.575
MGG_05296T0	351	352	1670	364.466
MGG_04355T0	567	568	0	0
MGG_06376T0	1284	1285	196	11.7175
MGG_16294T0	508	509	8	1.20741
MGG_15242T0	2781	2782	73	2.0158
MGG_10911T0	597	598	0	0
MGG_12162T0	1592	1593	282	13.5993
MGG_09144T0	450	451	0	0
MGG_07745T0	3043	3044	4135	104.355
MGG_02032T0	3452	3453	0	0
MGG_14979T0	417	418	0	0
MGG_10431T0	2949	2950	20	0.520824
MGG_06370T0	2934	2935	879	23.0072
MGG_09610T0	870	871	4784	421.945
MGG_09435T0	2770	2771	197.956	5.48801
MGG_07226T0	801	802	67	6.41775
MGG_17801T0	423	424	2	0.362365
MGG_05057T0	1332	1333	1026	59.1289
MGG_01985T0	2406	2407	2700	86.1728
MGG_03050T0	2427	2428	2122	67.1397
MGG_01356T0	2103	2104	34	1.24141
MGG_09347T0	950	951	387	31.2617
MGG_16706T0	1566	1567	3641	178.498
MGG_08691T0	949	950	1622.48	131.202
MGG_02267T0	1543	1544	7	0.348284
MGG_07569T0	1820	1821	1	0.0421864
MGG_15172T0	501	502	5	0.765154
MGG_14893T0	870	871	0	0
MGG_09986T0	1205	1206	257	16.3707
MGG_01811T0	4825	4826	360	5.73057
MGG_07738T0	1380	1381	23	1.27943
MGG_07324T0	1196	1197	2429	155.889
MGG_08189T0	2540	2541	229.665	6.94342
MGG_11168T0	2496	2497	24769	762.031
MGG_10522T0	1994	1995	407	15.6724
MGG_17109T0	423	424	0	0
MGG_07818T0	3117	3118	1.5	0.0369571
MGG_00719T0	1737	1738	952	42.0794
MGG_14351T0	2218	2219	35	1.2117
MGG_09779T0	3392	3393	3429.67	77.6517
MGG_09779T1	3451	3452	2352.6	52.3553
MGG_07917T0	3324	3325	267	6.16882
MGG_09849T0	1224	1225	11.0915	0.695565
MGG_13339T0	621	622	0	0
MGG_01387T0	2142	2143	23	0.824496
MGG_12047T0	4344	4345	1	0.0176804
MGG_04977T0	156	157	1574	770.172
MGG_15598T0	627	628	241	29.4809
MGG_16347T0	531	532	13	1.87722
MGG_17071T0	297	298	4	1.03116
MGG_16199T0	261	262	0	0
MGG_04710T0	8688	8689	268	2.36945
MGG_02232T0	420	421	0	0
MGG_01593T0	3255	3256	413	9.74425
MGG_04374T0	1848	1849	2396.52	99.5695
MGG_09875T0	1467	1468	98	5.12841
MGG_02648T0	2576	2577	10	0.298104
MGG_06245T0	6918	6919	1095	12.1578
MGG_10580T0	2539	2540	857	25.9197
MGG_07125T0	1209	1210	3041	193.07
MGG_04753T0	684	685	0	0
MGG_05860T0	2270	2271	4587	155.165
MGG_10382T0	1243	1244	463.315	28.6114
MGG_00555T0	2466	2467	1590	49.512
MGG_03743T0	3126	3127	2938	72.1783
MGG_06033T0	3949	3950	23556	458.128
MGG_06250T0	2283	2284	3050	102.586
MGG_05690T0	3450	3451	11474	255.419
MGG_14070T0	1118	1119	148	10.1605
MGG_01108T0	4561	4562	1569	26.4211
MGG_15908T0	225	226	0	0
MGG_04101T0	2280	2281	2490	83.8604
MGG_01605T0	3035	3036	2125.24	53.7761
MGG_00427T0	8566	8567	5.22767	0.0468772
MGG_07157T0	2820	2821	121	3.29507
MGG_13635T0	2110	2111	198	7.20543
MGG_17525T0	156	157	0	0
MGG_02334T0	381	382	0	0
MGG_04550T0	3714	3715	5298	109.556
MGG_12119T1	2082	2083	121.145	4.46785
MGG_12119T0	2006	2007	425.749	16.2963
MGG_08536T0	4143	4144	50.3418	0.933236
MGG_03737T0	3271	3272	2757	64.7301
MGG_11463T0	2619	2620	76.2338	2.23527
MGG_10913T0	1034	1035	0	0
MGG_04354T0	426	427	2	0.35982
MGG_16657T0	648	649	4.40123	0.520969
MGG_06596T0	1790	1791	387	16.5996
MGG_00347T0	1323	1324	449	26.052
MGG_17145T0	820	821	4	0.374283
MGG_15055T0	605	606	193	24.4662
MGG_17443T0	285	286	0	0
MGG_05207T0	3391	3392	1776	40.2226
MGG_06319T0	1295	1296	379	22.4655
MGG_03203T0	951	952	1902.82	153.548
MGG_07901T0	639	640	9.86627	1.18428
MGG_04764T0	1758	1759	268	11.7045
MGG_07274T0	5920	5921	1732	22.4717
MGG_08690T0	1781	1782	7351	316.899
MGG_03554T0	859	860	1861	166.238
MGG_01571T0	1947	1948	1	0.0394361
MGG_08625T0	2414	2415	1161	36.9316
MGG_07013T0	1532	1533	89	4.45996
MGG_05113T1	2187	2188	615.906	21.6247
MGG_05113T0	1568	1569	10.0938	0.494211
MGG_01540T0	1728	1729	97.3205	4.32406
MGG_06476T0	2756	2757	817	22.765
MGG_12008T0	204	205	55	20.6106
MGG_17732T0	3995	3996	6502.56	125.009
MGG_13028T0	1630	1631	536.692	25.2787
MGG_05800T0	2579	2580	6	0.178655
MGG_00649T0	1655	1656	33.8326	1.56949
MGG_01568T0	1395	1396	323	17.7746
MGG_04774T0	883	884	57230	4973.41
MGG_01572T0	4095	4096	527	9.88401
MGG_15440T0	174	175	0	0
MGG_07526T0	1416	1417	341	18.487
MGG_03187T0	1869	1870	2413	99.1285
MGG_06177T0	1422	1423	9700.19	523.67
MGG_14910T0	1156	1157	0	0
MGG_05767T0	1783	1784	40	1.72245
MGG_01394T0	2415	2416	149	4.73775
MGG_00322T0	1897	1898	42	1.69995
MGG_09188T0	1586	1587	142	6.87376
MGG_09748T0	1329	1330	547	31.595
MGG_01822T0	1074	1075	913	65.2447
MGG_10756T0	1541	1542	2	0.0996388
MGG_01264T0	2508	2509	230	7.04222
MGG_12339T0	3205	3206	203	4.86424
MGG_05214T0	1116	1117	367	25.2404
MGG_15825T0	2361	2362	466	15.1561
MGG_05841T0	1470	1471	14	0.731136
MGG_12492T0	1587	1588	28	1.35453
MGG_06969T0	2859	2860	943	25.3296
MGG_17667T0	276	277	0	0
MGG_06031T0	1491	1492	66	3.39827
MGG_07666T0	2621	2622	286	8.37946
MGG_15138T0	2490	2491	651.865	20.1033
MGG_08434T0	3684	3685	126	2.62673
MGG_08255T0	3210	3211	2733	65.3856
MGG_05061T0	3116	3117	1956	48.2075
MGG_00499T0	1876	1877	1407.87	57.6211
MGG_10410T0	4816	4817	2961	47.222
MGG_15489T3	2484	2485	0	0
MGG_15489T0	2658	2659	29.6885	0.857734
MGG_15489T2	2570	2571	88.5369	2.64548
MGG_15489T1	2658	2659	29.6885	0.857734
MGG_03335T0	1203	1204	592	37.7727
MGG_17553T0	1783	1784	7.08233	0.304975
MGG_02598T0	832	833	770	71.0115
MGG_09323T0	2390	2391	124	3.98405
MGG_04368T0	2961	2962	39	1.01149
MGG_16784T0	687	688	5	0.558296
MGG_14985T0	696	697	0	0
MGG_14341T0	2448	2449	2	0.062737
MGG_04921T0	1086	1087	2436	172.159
MGG_15892T0	237	238	4	1.29112
MGG_12210T0	2376	2377	0	0
MGG_05910T0	1363	1364	254	14.3055
MGG_09728T1	1885	1886	283.74	11.5574
MGG_09728T0	1871	1872	26.26	1.07763
MGG_09649T0	1023	1024	124	9.3026
MGG_08449T0	2312	2313	6	0.199278
MGG_05089T0	3468	3469	2532	56.0715
MGG_17725T0	674	675	9	1.02429
MGG_03411T0	2322	2323	38	1.25666
MGG_05462T0	1534	1535	1676	83.8781
MGG_06759T0	2654	2655	6306	182.462
MGG_17885T0	432	433	0	0
MGG_17235T0	702	703	0	0
MGG_08366T0	975	976	13	1.02324
MGG_02167T0	1962	1963	0	0
MGG_16053T0	805	806	3607	343.79
MGG_01946T0	1569	1570	0	0
MGG_04164T0	908	909	130.162	11.0003
MGG_16439T0	1165	1166	0	0
MGG_05805T0	1692	1693	78	3.53932
MGG_04692T0	3345	3346	1272	29.2041
MGG_01652T0	1091	1092	315	22.16
MGG_10206T0	339	340	2	0.451891
MGG_05118T0	1898	1899	344	13.9161
MGG_05273T0	2708	2709	855	24.246
MGG_00510T0	1050	1051	0	0
MGG_16559T0	777	778	0	0
MGG_16049T0	813	814	3	0.283126
MGG_07781T0	1856	1857	119	4.92286
MGG_11882T0	7062	7063	1933	21.0245
MGG_02978T0	1329	1330	0	0
MGG_13487T0	882	883	1324	115.189
MGG_16755T0	1290	1291	59	3.51082
MGG_11820T0	2824	2825	60	1.63161
MGG_09626T0	411	412	1	0.18646
MGG_05358T0	927	928	243.129	20.1267
MGG_16869T0	1319	1320	57	3.31729
MGG_10343T0	1527	1528	0	0
MGG_02921T0	1247	1248	45.6767	2.81166
MGG_17095T0	384	385	11	2.1949
MGG_03523T0	2279	2280	1837	61.8952
MGG_15347T0	2826	2827	16	0.434787
MGG_16395T0	1962	1963	2245	87.8575
MGG_16636T0	375	376	0	0
MGG_04784T0	1896	1897	27	1.0934
MGG_14549T0	495	496	570	88.2828
MGG_06683T0	1900	1901	331.254	13.3863
MGG_04543T0	2418	2419	4469	141.924
MGG_16146T0	357	358	189	40.5566
MGG_10936T0	1221	1222	0	0
MGG_01709T0	1623	1624	428.942	20.2906
MGG_15695T0	315	316	10	2.43106
MGG_01669T0	2644	2645	813	23.6128
MGG_15682T0	2145	2146	28	1.00233
MGG_11860T0	5684	5685	237	3.20258
MGG_03264T0	1685	1686	773.821	35.2586
MGG_06686T0	2805	2806	264.796	7.24948
MGG_12513T0	1404	1405	407	22.2536
MGG_05402T0	3917	3918	428	8.39193
MGG_07375T0	4410	4411	62	1.07979
MGG_04530T0	1060	1061	137	9.91946
MGG_02847T0	677	678	2945	333.686
MGG_00378T0	1851	1852	105	4.35543
MGG_03032T0	1002	1003	25	1.91479
MGG_14372T0	1560	1561	105	5.16736
MGG_05901T0	1945	1946	365	14.409
MGG_17642T0	495	496	0	0
MGG_16337T0	414	415	57	10.5514
MGG_14744T0	1829	1830	854	35.85
MGG_08171T0	3446	3447	335	7.46597
MGG_05279T0	1471	1472	126	6.57575
MGG_02989T0	355	356	2	0.431581
MGG_06658T0	1111	1112	2804	193.712
MGG_08980T0	2142	2143	762	27.3159
MGG_03912T0	3181	3182	893	21.5593
MGG_10970T0	2675	2676	4194	120.4
MGG_10641T0	663	664	0	0
MGG_04768T0	1958	1959	1578.61	61.9045
MGG_17133T0	207	208	5	1.84667
MGG_02975T0	860	861	34	3.0336
MGG_10159T0	321	322	717	171.059
MGG_06944T0	1338	1339	357	20.4819
MGG_13453T0	3786	3787	215	4.3614
MGG_13863T0	438	439	0	0
MGG_09131T0	1497	1498	0	0
MGG_06956T0	648	649	10	1.18369
MGG_00737T0	453	454	22490	3805.54
MGG_15911T0	306	307	0	0
MGG_11512T0	2620	2621	1668	48.8891
MGG_09558T0	2115	2116	670	24.3244
MGG_12860T0	2112	2113	188	6.83504
MGG_07283T0	4680	4681	1157	18.9879
MGG_06324T0	2623	2624	10019	293.321
MGG_01204T0	3347	3348	2067	47.4283
MGG_04895T0	2899	2900	6014	159.312
MGG_04337T0	2585	2586	6098	181.151
MGG_16956T0	153	154	3	1.49652
MGG_10532T0	1387	1388	45	2.49061
MGG_07322T0	2023	2024	28	1.06275
MGG_07464T0	1813	1814	106.324	4.50275
MGG_06327T0	2647	2648	5573	161.679
MGG_04225T0	2117	2118	142	5.15045
MGG_17711T0	291	292	106	27.8873
MGG_04107T0	1751	1752	503	22.0555
MGG_05254T0	2120	2121	866.927	31.3996
MGG_03323T0	4938	4939	1608	25.0109
MGG_14061T0	1953	1954	217	8.53135
MGG_07075T0	1646	1647	2790	130.135
MGG_05452T0	498	499	41	6.31199
MGG_02306T0	1234	1235	4	0.248815
MGG_07310T0	3787	3788	10110	205.033
MGG_15573T0	930	931	18	1.48527
MGG_08061T0	2482	2483	434	13.4275
MGG_12890T0	3226	3227	3193	76.0121
MGG_02841T0	1925	1926	1217.26	48.5523
MGG_02835T0	1451	1452	2963.98	156.816
MGG_03847T0	977	978	106	8.32625
MGG_08873T0	2896	2897	126	3.34122
MGG_02368T0	2642	2643	291	8.45821
MGG_14633T0	2943	2944	2926.78	76.3721
MGG_05384T0	4907	4908	47	0.735658
MGG_17833T0	252	253	43	13.0566
MGG_08312T0	3162	3163	3759	91.2969
MGG_04834T0	2225	2226	1594	55.0105
MGG_04054T0	1219	1220	3660.12	230.472
MGG_17350T0	3490	3491	1386	30.4997
MGG_06842T0	3054	3055	0	0
MGG_02927T0	3162	3163	837	20.3287
MGG_17225T0	288	289	3	0.797455
MGG_16088T0	303	304	1	0.252702
MGG_15327T0	1059	1060	146	10.5811
MGG_15035T0	588	589	42	5.47793
MGG_05337T0	2034	2035	73	2.75576
MGG_03598T0	2911	2912	10365.9	273.464
MGG_17755T0	381	382	0	0
MGG_03211T0	1759	1760	2922.73	127.573
MGG_05352T0	1215	1216	2203	139.176
MGG_08373T0	857	858	6	0.537213
MGG_05815T0	1261	1262	199	12.1137
MGG_17142T0	306	307	3	0.750699
MGG_16450T0	292	293	5	1.31095
MGG_06995T0	1707	1708	2144.6	96.4586
MGG_04155T0	2026	2027	469.69	17.8008
MGG_00842T0	1034	1035	183	13.5829
MGG_07450T0	4328	4329	3759	66.7064
MGG_05482T0	747	748	10	1.02703
MGG_00848T0	991	992	4589	355.377
MGG_17969T0	288	289	0	0
MGG_03576T0	666	667	2281	262.713
MGG_00382T0	1748	1749	559.136	24.559
MGG_16786T0	168	169	0	0
MGG_03483T0	1182	1183	4030.97	261.762
MGG_09223T0	2337	2338	323	10.6131
MGG_05204T0	1376	1377	2446	136.46
MGG_17322T0	219	220	10	3.49189
MGG_05990T0	2149	2150	1403	50.1305
MGG_16815T1	1973	1974	439.138	17.0898
MGG_16815T0	2043	2044	2792.28	104.945
MGG_11466T0	3911	3912	824	16.1812
MGG_09711T0	1611	1612	128	6.09997
MGG_00040T0	2771	2772	45.2451	1.25389
MGG_16968T0	216	217	0	0
MGG_01952T0	1670	1671	93	4.27552
MGG_07750T0	1287	1288	33	1.96825
MGG_04453T0	1463	1464	469.206	24.621
MGG_04301T0	438	439	0	0
MGG_06285T0	3588	3589	1668	35.703
MGG_16030T0	481	482	3	0.478142
MGG_17768T0	750	751	0	0
MGG_18016T0	923	924	31	2.57734
MGG_06462T0	4420	4421	2095	36.4038
MGG_07752T0	2151	2152	34439	1229.39
MGG_03914T1	2179	2180	76.2183	2.68587
MGG_03914T0	932	933	15.7817	1.29944
MGG_08332T0	4625	4626	609.916	10.1285
MGG_03074T0	1795	1796	1658	70.9187
MGG_09889T0	1610	1611	500	23.8428
MGG_09767T0	2912	2913	3351	88.3724
MGG_15522T0	2226	2227	84	2.89762
MGG_07761T0	1520	1521	160	8.08116
MGG_07531T0	3481	3482	2464	54.3619
MGG_16774T0	150	151	14	7.12252
MGG_07057T0	1219	1220	2521.65	158.785
MGG_06294T0	492	493	900	140.242
MGG_05611T0	243	244	757	238.336
MGG_05039T0	2966	2967	731	18.927
MGG_07123T0	4082	4083	3336	62.7667
MGG_04513T0	1599	1600	1379	66.2105
MGG_09341T0	1374	1375	8	0.446961
MGG_05761T0	2087	2088	297.273	10.9372
MGG_15524T0	454	455	79	13.3382
MGG_03146T0	1743	1744	2715	119.593
MGG_15371T0	627	628	0	0
MGG_03695T0	3411	3412	327.221	7.36742
MGG_00361T0	2143	2144	267	9.56685
MGG_09248T0	489	490	1545	242.223
MGG_00125T0	1998	1999	1686	64.7929
MGG_01474T0	3465	3466	994.309	22.0382
MGG_13347T0	2556	2557	1193	35.842
MGG_08046T0	2812	2813	199	5.43458
MGG_17253T0	1152	1153	169	11.26
MGG_08800T0	1695	1696	39	1.76653
MGG_03303T0	2529	2530	117	3.55261
MGG_02371T0	2010	2011	1025	39.1557
MGG_07873T0	1368	1369	1	0.056115
MGG_07764T0	1442	1443	51	2.7151
MGG_05047T0	3773	3774	1016	20.6811
MGG_02999T0	1858	1859	2594	107.195
MGG_17936T0	1548	1549	43	2.13255
MGG_00614T0	420	421	1	0.182474
MGG_01552T0	1787	1788	258.851	11.1215
MGG_09818T0	1593	1594	1	0.0481942
MGG_05567T0	1115	1116	62	4.26786
MGG_14184T0	1045	1046	1	0.0734431
MGG_04616T0	2593	2594	3958	117.216
MGG_07446T0	3265	3266	44	1.03495
MGG_17308T0	916	917	4.65739	0.390172
MGG_17308T1	1136	1137	407.555	27.5365
MGG_03384T0	3126	3127	6598	162.094
MGG_01780T0	5148	5149	715.593	10.6764
MGG_10677T0	1350	1351	706	40.1451
MGG_08925T0	4618	4619	4109	68.3394
MGG_01984T0	1455	1456	242	12.7684
MGG_05595T0	4488	4489	10	0.171133
MGG_17611T0	171	172	0	0
MGG_04141T0	2873	2874	414.916	11.0906
MGG_05267T0	387	388	282	55.8342
MGG_15139T0	4443	4444	1405.24	24.2917
MGG_01757T0	3791	3792	3009	60.9588
MGG_01303T0	1929	1930	990	39.4058
MGG_15289T0	2693	2694	349.18	9.95712
MGG_13816T0	1828	1829	497.866	20.9113
MGG_06730T0	749	750	529	54.1848
MGG_03905T0	1471	1472	1176	61.3737
MGG_16412T0	159	160	5	2.40067
MGG_03857T0	1952	1953	672	26.4332
MGG_14638T0	588	589	47	6.13007
MGG_09160T0	3718	3719	3473	71.74
MGG_02225T0	1849	1850	10.9914	0.456419
MGG_04924T0	2393	2394	1382.94	44.3773
MGG_15243T0	501	502	9.19458	1.40705
MGG_08628T0	1107	1108	413	28.6347
MGG_01622T0	1884	1885	249.381	10.1633
MGG_03331T0	1298	1299	432	25.548
MGG_10005T0	1596	1597	184	8.85107
MGG_03855T0	1157	1158	789.303	52.3622
MGG_02187T0	2720	2721	75	2.11746
MGG_05988T0	1864	1865	12	0.494294
MGG_04894T0	2094	2095	1276	46.7896
MGG_00389T0	432	433	5	0.887084
MGG_15479T0	2608	2609	592.37	17.4422
MGG_15063T0	1519	1520	133	6.72188
MGG_09665T0	1116	1117	0	0
MGG_00693T0	2463	2464	1720	53.6254
MGG_16017T0	255	256	58	17.4049
MGG_15690T0	204	205	0	0
MGG_05069T0	1584	1585	54	2.61726
MGG_10181T0	4052	4053	10853	205.71
MGG_03761T0	5498	5499	132	1.84405
MGG_04656T0	2754	2755	930	25.9325
MGG_07368T0	1893	1894	41	1.66298
MGG_04098T0	1239	1240	10	0.619528
MGG_00269T0	405	406	0	0
MGG_14472T0	1595	1596	40.7571	1.96179
MGG_00155T0	3810	3811	390	7.86155
MGG_16931T0	243	244	0	0
MGG_10519T0	1703	1704	23	1.03691
MGG_04626T0	1099	1100	665	46.4421
MGG_03026T0	3014	3015	2058	52.4374
MGG_14707T0	345	346	0	0
MGG_14689T0	1491	1492	598	30.7904
MGG_15607T0	2254	2255	2900	98.7948
MGG_13290T0	1271	1272	623	37.6256
MGG_02419T0	7234	7235	11942	126.801
MGG_15713T0	273	274	4	1.12148
MGG_05421T0	1146	1147	36	2.41114
MGG_03120T0	702	703	1290	140.967
MGG_09727T0	1890	1891	189	7.67809
MGG_06174T0	3330	3331	518	11.9464
MGG_10425T0	1040	1041	0	0
MGG_13971T0	1447	1448	3059	162.291
MGG_04476T0	1906	1907	1193	48.0587
MGG_17999T0	201	202	2	0.760609
MGG_07432T0	1395	1396	1	0.0550297
MGG_05621T0	802	803	134	12.8195
MGG_03292T0	2900	2901	383	10.1422
MGG_17786T0	397	398	1	0.193019
MGG_07445T1	2730	2731	2884.31	81.134
MGG_07445T0	1089	1090	25.692	1.81073
MGG_00987T0	2408	2409	30837	983.372
MGG_08837T0	1296	1297	1352	80.0791
MGG_02538T0	2080	2081	663	24.4751
MGG_16950T0	417	418	0	0
MGG_09979T0	1838	1839	14.0629	0.587457
MGG_08306T0	1612	1613	9	0.428638
MGG_06212T0	2889	2890	69	1.83415
MGG_06222T0	1641	1642	3	0.140356
MGG_07031T0	1039	1040	1891	139.682
MGG_03538T0	5186	5187	2124	31.4573
MGG_05479T0	2046	2047	45	1.6888
MGG_14584T0	892	893	346	29.7651
MGG_12735T0	3441	3442	123	2.74522
MGG_16844T0	183	184	2	0.835016
MGG_15356T0	366	367	0	0
MGG_01624T0	3532	3533	317	6.89284
MGG_06379T0	15261	15262	506	2.54696
MGG_06063T0	5425	5426	2826.96	40.0241
MGG_03712T0	1143	1144	18	1.20873
MGG_17820T0	1703	1704	185.119	8.34571
MGG_17820T1	1657	1658	0.00145828	6.75679e-05
MGG_15053T0	4769	4770	2838	45.7064
MGG_01791T0	4021	4022	1113	21.2587
MGG_05608T0	881	882	1071.05	93.2878
MGG_04568T0	2631	2632	285.867	8.34375
MGG_16344T0	270	271	0	0
MGG_04836T0	2489	2490	4890	150.866
MGG_02425T0	6431	6432	27448	327.829
MGG_12004T0	2117	2118	401	14.5446
MGG_04478T0	2519	2520	1563	47.6476
MGG_09395T0	3407	3408	9	0.202874
MGG_08506T0	501	502	1	0.153031
MGG_18054T0	498	499	1	0.153951
MGG_17683T0	3284	3285	1069	24.9991
MGG_16295T0	177	178	11	4.7474
MGG_16274T0	1243	1244	368	22.7253
MGG_01156T0	2832	2833	414.87	11.2499
MGG_01156T1	3816	3817	2661.13	53.5583
MGG_15921T0	411	412	0	0
MGG_09910T0	2224	2225	9577	330.66
MGG_08994T0	1407	1408	17	0.927532
MGG_08482T0	429	430	0	0
MGG_09680T0	1473	1474	200	10.4235
MGG_06637T0	1974	1975	461	17.9315
MGG_07982T0	1952	1953	4	0.15734
MGG_01846T0	2439	2440	512	16.1199
MGG_16052T0	318	319	26	6.26131
MGG_08825T0	2214	2215	158	5.47982
MGG_01687T0	1620	1621	1553.12	73.6045
MGG_08586T0	2175	2176	2177	76.8568
MGG_10120T0	522	523	0	0
MGG_06408T0	1965	1966	8419.74	329.001
MGG_00367T0	492	493	43	6.70045
MGG_16861T0	2594	2595	123	3.64125
MGG_14594T0	1123	1124	10	0.683465
MGG_16343T0	321	322	0	0
MGG_08734T0	1116	1117	0	0
MGG_01935T0	2441	2442	138	4.34126
MGG_09091T0	1021	1022	4	0.300671
MGG_01779T0	2013	2014	5.40672	0.206233
MGG_17296T0	507	508	0	0
MGG_08751T0	4329	4330	250	4.43542
MGG_02386T0	1967	1968	2055	80.2176
MGG_15719T0	1353	1354	54	3.06378
MGG_09470T0	453	454	6061	1025.58
MGG_02976T0	3756	3757	40	0.817902
MGG_11140T0	4843	4844	394	6.24849
MGG_17564T0	168	169	0	0
MGG_17115T0	510	511	30	4.51007
MGG_14655T0	3924	3925	55	1.07648
MGG_14662T0	243	244	0	0
MGG_15325T0	4783	4784	7506	120.531
MGG_08168T0	3662	3663	1096	22.9856
MGG_08308T0	1369	1370	2330	130.653
MGG_00965T0	573	574	1594	213.334
MGG_01745T0	1617	1618	1560	74.0677
MGG_05179T0	1269	1270	572.933	34.6564
MGG_05847T0	1752	1753	0	0
MGG_05058T0	270	271	264	74.8372
MGG_09170T0	5251	5252	6101	89.2399
MGG_15813T0	333	334	1268	291.646
MGG_06556T0	921	922	144	11.9981
MGG_15891T0	270	271	2	0.566948
MGG_08698T0	3073	3074	22	0.549796
MGG_06409T0	1562	1563	465	22.8548
MGG_01454T0	2080	2081	1783.82	65.8507
MGG_17206T0	468	469	3	0.491395
MGG_06710T0	1441	1442	204	10.8679
MGG_15792T0	2059	2060	24.8847	0.928
MGG_07297T0	3055	3056	940.474	23.6416
MGG_08616T0	4303	4304	202.974	3.62286
MGG_00730T0	2948	2949	254	6.6167
MGG_09198T0	2339	2340	46	1.51017
MGG_17575T0	189	190	4	1.61729
MGG_10746T0	1627	1628	117.889	5.56292
MGG_13895T0	1206	1207	58	3.6915
MGG_11948T0	819	820	0	0
MGG_11326T0	4057	4058	955	18.079
MGG_15378T0	318	319	18	4.33475
MGG_17375T0	279	280	9	2.46926
MGG_10686T0	5060	5061	759	11.5209
MGG_03441T0	4027	4028	1710	32.6129
MGG_09599T0	594	595	0	0
MGG_02837T0	3259	3260	734.583	17.3103
MGG_02837T1	2800	2801	2571.42	70.5248
MGG_01212T0	1347	1348	112	6.38279
MGG_13711T0	1212	1213	1448	91.7045
MGG_15876T0	2741	2742	137	3.83827
MGG_04174T0	2022	2023	2524.49	95.865
MGG_02924T0	2810	2811	885	24.1861
MGG_11330T0	738	739	2180.23	226.642
MGG_15530T0	1564	1565	190	9.32657
MGG_07553T0	1464	1465	0	0
MGG_03156T0	1786	1787	2254	96.8974
MGG_00621T0	3899	3900	1751	34.4909
MGG_15100T0	9565	9566	61	0.489871
MGG_04693T0	1775	1776	384	16.6101
MGG_15549T0	183	184	0	0
MGG_00199T0	6058	6059	3324	42.1447
MGG_14202T0	3929	3930	1394.6	27.2608
MGG_14964T0	429	430	0	0
MGG_14302T0	2217	2218	307	10.6331
MGG_16840T0	1764	1765	35	1.52337
MGG_08260T0	1098	1099	0	0
MGG_14941T0	993	994	0	0
MGG_06750T0	3543	3544	94	2.03759
MGG_06690T0	2176	2177	1479	52.1906
MGG_07449T0	1536	1537	193	9.64642
MGG_15999T0	589	590	0	0
MGG_14243T0	1194	1195	38	2.44286
MGG_11723T0	513	514	205	30.6389
MGG_06554T0	2579	2580	843.322	25.1106
MGG_04172T0	2373	2374	87651	2836.34
MGG_10055T0	995	996	1954.43	150.746
MGG_00914T0	402	403	66	12.5812
MGG_06251T1	2140	2141	720.71	25.8599
MGG_06251T0	2354	2355	841.29	27.4434
MGG_04231T0	2918	2919	57	1.50011
MGG_12848T0	993	994	27	2.0867
MGG_18127T0	432	433	0	0
MGG_08583T0	2979	2980	146	3.76374
MGG_01809T0	831	832	5.55192	0.512628
MGG_18117T0	1359	1360	1629	92.0163
MGG_15030T0	611	612	23	2.88708
MGG_16592T0	321	322	0	0
MGG_10323T0	1932	1933	11801	468.997
MGG_08539T0	1125	1126	11	0.750476
MGG_16889T0	374	375	4	0.819429
MGG_00967T0	1284	1285	1205	72.0388
MGG_01589T0	984	985	6077.5	473.993
MGG_15266T0	972	973	18	1.42116
MGG_02704T0	2241	2242	114.372	3.91893
MGG_01879T0	372	373	0	0
MGG_15780T0	228	229	49	16.4378
MGG_13778T0	1993	1994	3422	131.837
MGG_12007T0	1902	1903	41.5761	1.67837
MGG_11210T0	3509	3510	553	12.1032
MGG_16519T0	355	356	5	1.07895
MGG_14976T0	1659	1660	343	15.8734
MGG_10640T0	2229	2230	11	0.37894
MGG_17266T0	446	447	25	4.2965
MGG_05590T0	1348	1349	24	1.36673
MGG_11876T0	3086	3087	2738	68.1365
MGG_11541T0	4512	4513	490	8.34091
MGG_01227T0	5942	5943	3829	49.4951
MGG_09165T0	1662	1663	4	0.184778
MGG_01800T0	3254	3255	889	20.9814
MGG_13037T0	282	283	0	0
MGG_03060T0	7980	7981	3232	31.1098
MGG_02085T0	1348	1349	2487	141.627
MGG_08569T0	1883	1884	229	9.33764
MGG_03455T0	1941	1942	612	24.2094
MGG_03216T0	1023	1024	586	43.9623
MGG_08946T0	711	712	2	0.215791
MGG_04867T0	1379	1380	15.4127	0.85799
MGG_17307T0	1691	1692	0	0
MGG_11080T0	1962	1963	0	0
MGG_13762T0	3966	3967	29250	566.43
MGG_08884T0	5370	5371	188.247	2.69251
MGG_09312T0	2980	2981	925.488	23.8502
MGG_15287T0	2960	2961	1256.05	32.5875
MGG_01256T0	2105	2106	77	2.80876
MGG_06481T0	3833	3834	375	7.51384
MGG_16797T0	159	160	0	0
MGG_07252T0	1269	1270	2546	154.006
MGG_07082T0	942	943	352	28.6757
MGG_09891T0	2876	2877	5375	143.523
MGG_04330T0	2816	2817	5190	141.535
MGG_02971T0	1279	1280	722	43.3321
MGG_00881T0	2021	2022	709.675	26.9626
MGG_17330T0	183	184	1	0.417508
MGG_15952T0	360	361	2	0.425604
MGG_09158T0	351	352	0	0
MGG_08560T0	1047	1048	1031.04	75.578
MGG_08560T1	954	955	853.963	68.694
MGG_16971T0	3165	3166	19	0.461026
MGG_17534T0	210	211	2	0.728166
MGG_07634T0	2515	2516	170	5.19064
MGG_06111T0	3137	3138	1610.89	39.4363
MGG_06046T0	1035	1036	269	19.9469
MGG_01917T0	744	745	138	14.23
MGG_00455T0	2916	2917	1342	35.3426
MGG_11770T0	483	484	71	11.2693
MGG_04758T1	3276	3277	7398.95	173.451
MGG_04758T0	3668	3669	1127.05	23.5981
MGG_00951T0	2058	2059	44	1.64164
MGG_01835T0	4763	4764	2662	42.9259
MGG_10251T0	2121	2122	51	1.84632
MGG_12650T0	3050	3051	3321	83.6198
MGG_04942T0	2016	2017	406	15.4633
MGG_02476T0	7808	7809	4049	39.8323
MGG_17189T0	279	280	7	1.92054
MGG_17695T0	1715	1716	1212	54.2585
MGG_16725T0	2422	2423	1555	49.3014
MGG_05159T0	1411	1412	62	3.37318
MGG_17141T0	186	187	8	3.28648
MGG_09972T0	1808	1809	19	0.806859
MGG_01140T0	2951	2952	4444	115.649
MGG_15835T0	150	151	0	0
MGG_06512T0	2614	2615	1508	44.3009
MGG_15982T0	1869	1870	101.417	4.16631
MGG_12520T0	607	608	3	0.379053
MGG_04450T0	1491	1492	5	0.257445
MGG_01000T0	3058	3059	661	16.5999
MGG_00684T0	1874	1875	120	4.91658
MGG_06533T0	519	520	9	1.3296
MGG_17767T0	681	682	0	0
MGG_09569T0	375	376	8	1.6345
MGG_04612T0	1105	1106	2120	147.253
MGG_02917T0	4874	4875	4626	72.8977
MGG_17432T0	318	319	0	0
MGG_14045T0	989	990	0	0
MGG_08522T0	372	373	5	1.02978
MGG_03209T0	1557	1558	33	1.62716
MGG_05555T0	1482	1483	2	0.103603
MGG_14110T0	1098	1099	54	3.77467
MGG_15885T0	1095	1096	1282	89.8587
MGG_08263T0	1238	1239	17	1.05405
MGG_05370T0	1116	1117	1446	99.4484
MGG_03314T0	7527	7528	776	7.9189
MGG_09192T0	3195	3196	448.315	10.776
MGG_09192T1	4818	4819	1762.68	28.0996
MGG_08293T0	2365	2366	3699	120.103
MGG_07935T0	1507	1508	13	0.662254
MGG_07201T0	1925	1926	27082	1080.21
MGG_13656T0	2378	2379	6364	205.503
MGG_14732T0	459	460	11	1.83704
MGG_03704T0	1122	1123	1450	99.1907
MGG_09017T0	2260	2261	310.595	10.553
MGG_03244T0	1968	1969	3402	132.731
MGG_05064T0	900	901	1975.52	168.438
MGG_06132T0	952	953	374	30.1482
MGG_05500T0	1785	1786	2	0.0860263
MGG_07203T0	2414	2415	2060	65.5289
MGG_08860T0	1266	1267	54.329	3.29411
MGG_17264T0	1668	1669	254	11.6912
MGG_13483T0	1785	1786	998	42.9271
MGG_07213T1	4395	4396	117.285	2.04959
MGG_07213T0	4366	4367	866.715	15.2467
MGG_08703T0	3660	3661	28	0.587545
MGG_04868T0	2920	2921	267.587	7.03747
MGG_16612T0	252	253	478.405	145.264
MGG_09843T0	690	691	0	0
MGG_04401T0	2180	2181	256	9.0171
MGG_17619T0	534	535	3.86611	0.555141
MGG_12177T0	2281	2282	16	0.538626
MGG_16790T0	674	675	390.027	44.3888
MGG_00258T0	2129	2130	372	13.4167
MGG_00929T0	3821	3822	959	19.2757
MGG_08671T0	873	874	7395	649.994
MGG_10394T0	1710	1711	0	0
MGG_06172T0	1666	1667	3537.01	162.998
MGG_17452T0	4223	4224	2216	40.3022
MGG_16341T0	3793	3794	21672	438.818
MGG_13286T0	1536	1537	363	18.1433
MGG_05902T0	1215	1216	480	30.3243
MGG_10192T0	3903	3904	2719	53.5035
MGG_12614T0	1101	1102	22552	1572.12
MGG_08265T0	2271	2272	15	0.507184
MGG_17396T0	426	427	1	0.17991
MGG_16475T0	342	343	0	0
MGG_14552T0	819	820	102	9.55584
MGG_11247T0	1443	1444	503	26.7598
MGG_06135T0	1842	1843	4078	169.983
MGG_05406T0	663	664	5387	623.249
MGG_18067T0	180	181	0	0
MGG_06933T0	1394	1395	4643	255.686
MGG_00612T0	1849	1850	1341	55.6852
MGG_18116T0	687	688	6	0.669955
MGG_15197T0	321	322	0	0
MGG_05095T0	4901	4902	2786	43.6607
MGG_03561T0	1528	1529	688	34.5672
MGG_00604T0	1848	1849	11222	466.247
MGG_00210T0	1358	1359	2253	127.357
MGG_16718T0	1915	1916	310602	12453.5
MGG_17460T0	737	738	26	2.70645
MGG_13800T0	3736	3737	644	13.2387
MGG_16164T0	291	292	9	2.36779
MGG_13526T0	3457	3458	2927	65.025
MGG_10647T0	1122	1123	49	3.35196
MGG_12678T0	1502	1503	124	6.3379
MGG_15536T0	7988	7989	2179	20.9531
MGG_14849T0	556	557	120	16.5504
MGG_09890T0	363	364	66	13.9292
MGG_02004T0	582	583	1	0.131769
MGG_03401T0	9278	9279	2024	16.7568
MGG_00607T0	1347	1348	857	48.8398
MGG_07703T0	892	893	158	13.5922
MGG_04540T0	1725	1726	306	13.6196
MGG_02155T0	831	832	0	0
MGG_02540T0	1967	1968	4366	170.428
MGG_10508T0	1699	1700	0	0
MGG_06699T0	3377	3378	255	5.79914
MGG_15337T0	225	226	0	0
MGG_09263T0	5498	5499	6570.31	91.7878
MGG_00576T0	846	847	1188	107.75
MGG_02350T0	927	928	0	0
MGG_17457T0	381	382	13	2.61434
MGG_03150T0	1957	1958	352.962	13.8484
MGG_15056T0	429	430	13	2.32251
MGG_08395T0	1712	1713	323	14.4853
MGG_01794T0	2023	2024	2395	90.9029
MGG_08826T1	4209	4210	5930.53	108.217
MGG_08826T0	4486	4487	591.472	10.1265
MGG_06121T0	4074	4075	112.185	2.11491
MGG_00818T0	1449	1450	394	20.8743
MGG_07904T0	387	388	0	0
MGG_03382T0	1935	1936	8	0.317444
MGG_01560T0	942	943	205	16.7003
MGG_17627T0	1251	1252	50	3.06795
MGG_03469T0	1168	1169	311	20.4375
MGG_13068T0	1954	1955	227	8.91994
MGG_04582T0	2245	2246	18059	617.684
MGG_15748T0	1862	1863	36.149	1.49062
MGG_04200T0	1041	1042	1189.74	87.7136
MGG_12477T0	2078	2079	1204	44.4892
MGG_07667T0	2118	2119	1270	46.0421
MGG_07604T0	1002	1003	129	9.88033
MGG_15313T0	3871	3872	841	16.6857
MGG_17150T0	816	817	80	7.5223
MGG_12832T0	2617	2618	7218	211.802
MGG_00696T0	1814	1815	761.114	32.2148
MGG_05442T0	1470	1471	52	2.71565
MGG_12634T0	1505	1506	122.243	6.23566
MGG_05673T0	1736	1737	3126	138.252
MGG_05403T0	315	316	3	0.729318
MGG_00274T0	1088	1089	662.363	46.7251
MGG_01080T0	5419	5420	267.524	3.79181
MGG_11544T0	398	399	1	0.192535
MGG_14668T0	421	422	52	9.46615
MGG_01005T0	1155	1156	6468	429.828
MGG_01711T0	2499	2500	2791.11	85.7668
MGG_16243T0	4550	4551	68.9511	1.1639
MGG_16243T1	4483	4484	603.049	10.3316
MGG_03087T0	1977	1978	11171	433.859
MGG_04472T0	4560	4561	1388	23.3783
MGG_08850T0	2894	2895	2068	54.8763
MGG_15258T0	741	742	159	16.4617
MGG_16260T0	1703	1704	82	3.69681
MGG_12892T0	1092	1093	2803	197.009
MGG_17342T0	1174	1175	102	6.66876
MGG_09182T0	813	814	35	3.30314
MGG_00856T0	3960	3961	4375	84.8508
MGG_08611T0	1581	1582	506	24.5712
MGG_16065T0	426	427	0	0
MGG_16216T0	318	319	59	14.2084
MGG_09604T0	1197	1198	36	2.30849
MGG_16524T0	201	202	2	0.760609
MGG_09996T0	672	673	22	2.51125
MGG_17099T0	165	166	5	2.3139
MGG_04763T0	444	445	8	1.38106
MGG_00419T0	1659	1660	18	0.833004
MGG_08303T0	3011	3012	1937	49.4035
MGG_07246T0	600	601	4	0.511291
MGG_14830T0	357	358	2	0.42917
MGG_06380T0	5915	5916	3149	40.8909
MGG_01288T0	1885	1886	2927	119.224
MGG_01994T0	1761	1762	81	3.53152
MGG_02456T0	3936	3937	164.612	3.21203
MGG_02456T1	4424	4425	1719.39	29.8499
MGG_15214T0	699	700	0	0
MGG_15083T0	2763	2764	672	18.6773
MGG_06951T0	1787	1788	3243	139.336
MGG_01009T0	1413	1414	5306	288.271
MGG_06530T0	1645	1646	2345.92	109.488
MGG_03173T0	2196	2197	1723	60.2473
MGG_16515T0	393	394	82	15.9882
MGG_15282T0	2225	2226	169	5.83236
MGG_11513T0	2328	2329	2503	82.5608
MGG_08025T0	5742	5743	138	1.84596
MGG_06617T0	5053	5054	134	2.03682
MGG_01246T0	988	989	86	6.68013
MGG_06346T0	3372	3373	504	11.4788
MGG_12822T0	2119	2120	271	9.8201
MGG_15745T0	2517	2518	60	1.83054
MGG_13216T0	963	964	315	25.1025
MGG_01632T0	3256	3257	1757.85	41.4617
MGG_04734T0	348	349	0	0
MGG_01487T0	1438	1439	18	0.960936
MGG_02744T0	2454	2455	574	17.9615
MGG_01596T1	2070	2071	2130.38	79.024
MGG_01596T0	3019	3020	4111.62	104.59
MGG_04547T0	675	676	0	0
MGG_06066T0	3844	3845	1534	30.6487
MGG_08288T0	2118	2119	2	0.0725073
MGG_00669T0	2356	2357	24	0.78223
MGG_16575T0	1095	1096	0	0
MGG_01945T0	721	722	1.00377	0.106802
MGG_14155T0	873	874	7	0.615275
MGG_10379T0	4795	4796	2308	36.9691
MGG_17479T0	451	452	12	2.03951
MGG_16732T0	168	169	15	6.81847
MGG_16186T0	1918	1919	181	7.2458
MGG_06972T0	675	676	76	8.63673
MGG_06527T0	4836	4837	50	0.794103
MGG_07489T0	1393	1394	2988	164.665
MGG_15357T0	1708	1709	1348	60.5941
MGG_12776T0	2190	2191	77	2.6998
MGG_16884T0	246	247	0	0
MGG_01577T0	2754	2755	4586	127.878
MGG_04378T0	2279	2280	315	10.6135
MGG_15064T0	564	565	885	120.331
MGG_04377T0	4822	4823	2572	40.9672
MGG_09389T0	1561	1562	674	33.1483
MGG_15670T0	2612	2613	588	17.287
MGG_10107T0	1212	1213	640	40.5324
MGG_01021T0	2033	2034	337	12.728
MGG_17950T0	380	381	0	0
MGG_13660T0	1098	1099	390	27.2615
MGG_06622T0	1421	1422	1	0.0540235
MGG_16704T0	561	562	113	15.4463
MGG_13931T1	1979	1980	255.257	9.90367
MGG_13931T0	2152	2153	582.743	20.7929
MGG_05014T0	2393	2394	241.368	7.74529
MGG_09402T0	624	625	54	6.63738
MGG_15824T0	886	887	8812	763.192
MGG_07228T0	2451	2452	711	22.2757
MGG_04990T0	2248	2249	165	5.63608
MGG_06915T0	1273	1274	2319.87	139.887
MGG_16952T0	1005	1006	0	0
MGG_02806T0	2073	2074	3396	125.789
MGG_04805T0	1728	1729	492.599	21.8868
MGG_13617T0	4055	4056	4	0.0757608
MGG_10633T0	1347	1348	3044	173.475
MGG_08167T0	1812	1813	118	4.99996
MGG_02603T0	1272	1273	424	25.587
MGG_00716T0	1740	1741	411	18.1353
MGG_16951T0	501	502	5	0.765154
MGG_14002T0	1671	1672	264	12.1297
MGG_14001T0	2047	2048	747	28.0203
MGG_08828T0	2055	2056	71	2.65288
MGG_12942T0	195	196	12	4.70336
MGG_01466T0	2615	2616	821.244	24.1167
MGG_01466T1	2498	2499	5001.76	153.758
MGG_07867T0	1338	1339	0	0
MGG_01785T0	1364	1365	1145.27	64.4552
MGG_05821T0	357	358	0	0
MGG_06441T0	2121	2122	1625	58.8289
MGG_07357T0	558	559	0	0
MGG_06119T0	2284	2285	132.006	4.43804
MGG_16363T0	341	342	0	0
MGG_09280T0	786	787	7	0.683291
MGG_15212T0	432	433	0	0
MGG_10879T0	3954	3955	979	19.016
MGG_15618T1	304	305	6	1.51124
MGG_15618T0	282	283	1	0.271454
MGG_01947T0	1482	1483	2	0.103603
MGG_15253T0	1816	1817	2074.9	87.7253
MGG_12489T0	1554	1555	0	0
MGG_16667T0	279	280	0	0
MGG_16466T0	597	598	11	1.4131
MGG_15978T0	1062	1063	0	0
MGG_04762T0	915	916	51	4.27718
MGG_12707T0	2269	2270	3703	125.317
MGG_02979T0	884	885	0	0
MGG_00501T0	2810	2811	3441	94.0387
MGG_17964T0	249	250	0	0
MGG_10587T0	1997	1998	98.7899	3.79839
MGG_10727T0	2141	2142	9	0.322779
MGG_17286T0	3464	3465	2	0.0443414
MGG_16954T0	156	157	0	0
MGG_15459T0	380	381	0	0
MGG_09631T0	1851	1852	2	0.0829606
MGG_15582T0	1464	1465	194	10.1729
MGG_08300T0	936	937	1042	85.4301
MGG_05979T0	1647	1648	625	29.1344
MGG_03766T0	1742	1743	260	11.4593
MGG_07795T0	1701	1702	19	0.857584
MGG_11471T0	462	463	0	0
MGG_10816T0	1977	1978	350.925	13.6292
MGG_02695T0	2166	2167	599	21.2349
MGG_17223T0	711	712	0	0
MGG_01433T0	3092	3093	295.884	7.34893
MGG_16560T0	612	613	0	0
MGG_16252T0	381	382	6	1.20662
MGG_08814T0	2426	2427	2301.25	72.8412
MGG_07345T0	915	916	14	1.17413
MGG_03612T0	2246	2247	1611.77	55.1038
MGG_07905T0	5922	5923	0	0
MGG_00422T0	894	895	0	0
MGG_02336T0	981	982	4	0.312918
MGG_00418T0	348	349	0	0
MGG_01569T0	1382	1383	586	32.5505
MGG_17089T0	174	175	4	1.75592
MGG_03806T0	912	913	0	0
MGG_01324T0	2844	2845	1470	39.6934
MGG_10789T0	648	649	0	0
MGG_08629T0	690	691	6	0.667046
MGG_00952T0	2169	2170	234.564	8.30393
MGG_05070T0	1224	1225	12836	804.964
MGG_04523T0	2847	2848	240.561	6.48886
MGG_13454T0	1239	1240	110	6.81481
MGG_06733T0	3154	3155	1885.86	45.919
MGG_13398T0	1516	1517	243.185	12.315
MGG_16254T0	183	184	0	0
MGG_02457T0	1966	1967	11669	455.735
MGG_04309T0	2031	2032	1	0.0378058
MGG_05329T0	1688	1689	2334.6	106.186
MGG_01111T0	258	259	6694	1985.49
MGG_03346T0	1591	1592	356	17.1787
MGG_16637T0	782	783	1	0.0981117
MGG_08054T0	2040	2041	550.685	20.7273
MGG_10010T0	1305	1306	1	0.058822
MGG_06725T0	2582	2583	571	16.9822
MGG_00928T0	5717	5718	5551	74.5778
MGG_00751T0	1797	1798	33	1.40996
MGG_04752T0	1121	1122	9992.99	684.204
MGG_04529T0	1420	1421	1757	94.9862
MGG_03479T0	1319	1320	1879	109.354
MGG_01347T0	1275	1276	342	20.5901
MGG_11181T0	4850	4851	2657	42.0768
MGG_15788T0	1335	1336	0	0
MGG_15744T0	309	310	11	2.72592
MGG_06350T0	4080	4081	2206.57	41.5368
MGG_06350T1	4181	4182	308.559	5.6681
MGG_01120T0	2756	2757	704.825	19.6394
MGG_07389T0	1513	1514	2606	132.23
MGG_04772T0	948	949	7771	629.062
MGG_06336T0	2000	2001	7645	293.503
MGG_09900T0	1263	1264	381.177	23.1666
MGG_03373T0	2297	2298	844	28.2147
MGG_00852T0	3096	3097	833	20.6627
MGG_16868T0	1398	1399	214.633	11.7859
MGG_17753T0	1383	1384	0	0
MGG_07685T0	366	367	2	0.418646
MGG_17437T0	955	956	589.891	47.402
MGG_03685T0	1029	1030	20454	1525.54
MGG_09493T0	4237	4238	7626	138.235
MGG_15794T0	210	211	72.1167	26.2565
MGG_03191T0	3640	3641	2818.64	59.4706
MGG_08660T0	1311	1312	27	1.58093
MGG_08593T0	2183	2184	4368	153.643
MGG_02952T0	891	892	1388	119.538
MGG_13585T0	1045	1046	0	0
MGG_05942T0	2036	2037	1304	49.1778
MGG_06123T0	861	862	8	0.71296
MGG_07487T0	4983	4984	577	8.89366
MGG_04844T0	2784	2785	477	13.1576
MGG_04485T0	1234	1235	1788	111.22
MGG_12836T0	3012	3013	3325	84.7764
MGG_08257T0	3039	3040	256.995	6.49433
MGG_08257T1	2991	2992	801.005	20.5663
MGG_07067T0	2153	2154	112	3.99443
MGG_10835T0	1390	1391	2341	129.288
MGG_02929T0	789	790	35	3.40348
MGG_16961T0	3768	3769	21.1337	0.430757
MGG_00620T0	2115	2116	21334	774.532
MGG_03657T0	1334	1335	371.397	21.3717
MGG_17966T0	150	151	1	0.508752
MGG_02102T0	321	322	5	1.19288
MGG_15949T0	237	238	20	6.45559
MGG_08615T0	1294	1295	20	1.18643
MGG_09789T0	462	463	0	0
MGG_07482T0	2008	2009	891	34.0707
MGG_16856T0	207	208	871	321.69
MGG_05737T0	330	331	816	189.385
MGG_16414T0	150	151	71	36.1214
MGG_10047T0	1089	1090	4	0.281914
MGG_09873T0	1095	1096	0	0
MGG_13732T0	1179	1180	0	0
MGG_12792T0	1173	1174	990	64.7813
MGG_15394T1	815	816	253.522	23.8675
MGG_15394T0	884	885	333.478	28.9472
MGG_07541T0	615	616	216	26.9374
MGG_16339T0	407	408	3	0.564864
MGG_14097T0	2170	2171	27	0.955403
MGG_03759T0	2151	2152	1251	44.6578
MGG_13947T0	2032	2033	392.244	14.8218
MGG_13947T1	1514	1515	53.6039	2.71811
MGG_03310T0	2040	2041	685	25.7828
MGG_16234T0	288	289	36	9.56946
MGG_05609T0	2262	2263	905	30.7218
MGG_03470T0	2127	2128	666	24.0428
MGG_16679T0	165	166	0	0
MGG_08918T0	2252	2253	218	7.43324
MGG_13289T0	240	241	10	3.18761
MGG_15126T0	425	426	37	6.67229
MGG_04916T0	216	217	0	0
MGG_03771T0	1650	1651	4	0.186121
MGG_17986T0	387	388	43	8.51372
MGG_16371T1	1122	1123	10.372	0.709522
MGG_16371T0	1176	1177	242.978	15.8589
MGG_05644T0	2139	2140	9439	338.84
MGG_06415T0	1204	1205	71	4.52641
MGG_08491T0	366	367	0	0
MGG_06171T0	1173	1174	278	18.1911
MGG_16496T0	333	334	0	0
MGG_09882T0	3228	3229	2423	57.6459
MGG_03656T0	3779	3780	1122	22.8026
MGG_15507T0	228	229	0	0
MGG_02156T0	2688	2689	522	14.9129
MGG_17334T0	387	388	0	0
MGG_14914T0	1872	1873	166.92	6.84624
MGG_06064T0	2487	2488	31822	982.562
MGG_01351T0	2391	2392	3518	112.984
MGG_16558T0	1182	1183	1.25627	0.0815795
MGG_17521T0	333	334	26	5.98012
MGG_08005T0	2955	2956	273	7.09481
MGG_15852T0	3226	3227	1892	45.0407
MGG_04407T0	1948	1949	320	12.6131
MGG_13448T0	1360	1361	8.00826	0.452025
MGG_09906T0	1495	1496	83	4.26215
MGG_18041T0	327	328	0	0
MGG_15584T0	332	333	2	0.46139
MGG_03195T0	1175	1176	1046	68.3293
MGG_18078T0	204	205	0	0
MGG_03419T0	1724	1725	785	34.9593
MGG_03154T0	2494	2495	4168	128.333
MGG_05880T0	1044	1045	41	3.01405
MGG_04899T0	4655	4656	86	1.41895
MGG_01261T0	2760	2761	513	14.2736
MGG_04860T0	1590	1591	148.61	7.17564
MGG_01731T0	1436	1437	36.3647	1.94404
MGG_17371T0	1970	1971	1659	64.661
MGG_06790T0	1059	1060	6	0.434839
MGG_12925T0	2288	2289	5138	172.437
MGG_00602T0	1820	1821	11666	492.147
MGG_00429T0	1728	1729	19	0.844192
MGG_10657T0	1635	1636	544	25.5446
MGG_05883T1	4604	4605	108.139	1.804
MGG_05883T0	4681	4682	2928.86	48.0563
MGG_09302T0	1143	1144	167.059	11.2183
MGG_16212T0	1101	1102	107	7.45907
MGG_03489T0	390	391	62	12.1814
MGG_17447T0	279	280	1	0.274362
MGG_04775T1	5876	5877	22873.6	298.993
MGG_04775T0	6665	6666	133659	1540.34
MGG_04236T0	1001	1002	2098	160.85
MGG_16605T0	348	349	0	0
MGG_06236T0	822	823	9	0.840089
MGG_15097T0	12363	12364	0	0
MGG_03355T0	424	425	3	0.542269
MGG_00216T0	402	403	0	0
MGG_10445T0	2379	2380	48	1.54934
MGG_02795T0	2673	2674	153	4.39554
MGG_10665T0	1199	1200	218	13.9559
MGG_11429T0	2820	2821	2392.28	65.1466
MGG_18095T0	459	460	0	0
MGG_14879T0	843	844	3.5315	0.321439
MGG_05708T0	1703	1704	1914	86.2889
MGG_18011T0	567	568	2	0.270498
MGG_02633T0	2134	2135	2750	98.9504
MGG_04727T0	4682	4683	2378	39.0095
MGG_02119T0	1510	1511	4	0.203366
MGG_04776T0	548	549	14	1.95902
MGG_15664T0	450	451	4.10754	0.699662
MGG_11801T0	3189	3190	1582	38.0977
MGG_02236T0	411	412	11	2.05106
MGG_14209T0	1527	1528	60	3.01655
MGG_13118T0	770	771	21.1361	2.10598
MGG_07005T0	1638	1639	67	3.14035
MGG_18002T0	1703	1704	102	4.59847
MGG_16734T0	7314	7315	4410	46.3134
MGG_07101T0	2406	2407	18000	574.486
MGG_10759T0	435	436	0	0
MGG_00961T0	2057	2058	918.979	34.3039
MGG_02098T0	2150	2151	486	17.3572
MGG_11518T0	1284	1285	408	24.3916
MGG_16651T0	213	214	0	0
MGG_00690T0	425	426	10.0715	1.81622
MGG_01269T0	2726	2727	3239	91.2449
MGG_01633T0	2206	2207	575	20.0147
MGG_10000T0	1852	1853	70	2.90205
MGG_17003T0	2369	2370	5601.4	181.565
MGG_02727T0	651	652	1706	201.008
MGG_07132T0	2019	2020	688	26.1649
MGG_10925T0	1837	1838	1939	81.0429
MGG_04510T0	1407	1408	2	0.109121
MGG_09837T0	2902	2903	1195	31.623
MGG_15633T0	216	217	0	0
MGG_06016T0	3819	3820	2419	48.6469
MGG_01773T0	2110	2111	491.409	17.8829
MGG_15913T0	210	211	0	0
MGG_09479T0	3763	3764	2586	52.7791
MGG_07780T0	1459	1460	24	1.26282
MGG_06551T0	1029	1030	70.9926	5.29491
MGG_02378T0	2721	2722	706.618	19.9425
MGG_12886T0	1465	1466	2256	118.219
MGG_03249T0	1847	1848	260.56	10.8315
MGG_16000T0	622	623	20	2.46618
MGG_04093T1	9730	9731	134.986	1.06565
MGG_04093T0	11402	11403	124.014	0.835475
MGG_16443T0	3686	3687	1719	35.8167
MGG_06704T0	4488	4489	4139	70.8318
MGG_01172T0	5109	5110	2666	40.0795
MGG_08281T0	5583	5584	0	0
MGG_00787T0	1357	1358	45	2.54563
MGG_16992T0	642	643	0	0
MGG_07456T0	2827	2828	1107.7	30.0902
MGG_18008T0	348	349	4	0.880475
MGG_17473T0	2067	2068	84	3.12041
MGG_11011T0	711	712	0	0
MGG_07772T0	1835	1836	19	0.794994
MGG_03910T0	2966	2967	2052.15	53.1342
MGG_02429T0	399	400	657	126.179
MGG_04910T0	261	262	654	191.76
MGG_01542T0	1634	1635	14	0.657799
MGG_05136T0	1200	1201	291	18.6137
MGG_15213T0	990	991	0	0
MGG_08801T0	1254	1255	166	10.1612
MGG_04487T0	1407	1408	408	22.2608
MGG_09765T0	1162	1163	857	56.6088
MGG_01221T0	2264	2265	626.588	21.2519
MGG_07509T0	3437	3438	1790	39.9972
MGG_09537T0	4957	4958	10102	156.525
MGG_02158T0	1119	1120	104	7.13342
MGG_05853T0	888	889	0	0
MGG_00806T0	8277	8278	381	3.53576
MGG_01469T0	4213	4214	391	7.12795
MGG_08142T0	1305	1306	633	37.2343
MGG_06489T0	2184	2185	39	1.37118
MGG_03034T0	1717	1718	13	0.581303
MGG_01442T0	816	817	208	19.558
MGG_06795T0	1467	1468	890.334	46.5918
MGG_03188T0	1111	1112	6601	456.024
MGG_13413T0	3919	3920	1065	20.8711
MGG_07273T0	2227	2228	270.444	9.32492
MGG_12357T0	4865	4866	71	1.12091
MGG_09857T0	1423	1424	12	0.647372
MGG_02245T0	1248	1249	22	1.35314
MGG_06107T0	1208	1209	1909	121.3
MGG_11947T0	189	190	2	0.808647
MGG_06023T0	1395	1396	65	3.57693
MGG_01893T0	1647	1648	775.14	36.1331
MGG_17914T0	183	184	1	0.417508
MGG_13692T0	261	262	0	0
MGG_16297T0	519	520	4	0.590934
MGG_08285T0	7083	7084	919	9.96597
MGG_04902T0	1310	1311	15.451	0.905391
MGG_17177T0	168	169	6	2.72739
MGG_01732T0	1933	1934	5154	204.725
MGG_14685T0	543	544	23	3.24797
MGG_12891T0	1446	1447	11	0.583992
MGG_16549T0	687	688	1170.84	130.735
MGG_13912T0	1724	1725	3	0.133603
MGG_05813T0	1417	1418	535.578	29.0154
MGG_04021T0	1800	1801	1908	81.3856
MGG_03962T0	1374	1375	711	39.7237
MGG_03477T0	1089	1090	4996	352.11
MGG_10027T0	3672	3673	195	4.07846
MGG_06029T0	2978	2979	71.0022	1.83098
MGG_06719T0	2586	2587	35728	1060.95
MGG_08688T0	1650	1651	436	20.2872
MGG_00592T0	2077	2078	81162	3000.47
MGG_03710T0	2541	2542	2640	79.7831
MGG_16780T0	393	394	0	0
MGG_14801T0	2412	2413	654	20.8211
MGG_08082T0	1147	1148	2300	153.911
MGG_16189T0	150	151	13	6.61377
MGG_03440T0	1085	1086	2791	197.43
MGG_12654T0	303	304	0	0
MGG_10359T0	1248	1249	4739	291.479
MGG_04920T0	1417	1418	4592	248.776
MGG_02787T0	2209	2210	32	1.11235
MGG_00868T0	2598	2599	0	0
MGG_17236T0	279	280	5	1.37181
MGG_14055T0	1377	1378	0	0
MGG_07736T0	2150	2151	1442	51.5
MGG_06828T0	1491	1492	68	3.50125
MGG_01209T0	4255	4256	4243	76.5868
MGG_13946T0	1627	1628	8.15178	0.384663
MGG_06827T0	2955	2956	297	7.71853
MGG_07302T1	2235	2236	1144.11	39.3077
MGG_07302T0	2436	2437	66.8926	2.10865
MGG_05341T0	3705	3706	1391	28.834
MGG_08764T0	793	794	0	0
MGG_08764T1	1016	1017	53	4.00348
MGG_00549T0	1039	1040	493.687	36.4671
MGG_16633T0	1466	1467	12.9086	0.675978
MGG_16102T0	399	400	13.7363	2.6381
MGG_07472T0	2085	2086	936	34.4702
MGG_08797T0	459	460	0	0
MGG_09332T0	1530	1531	20	1.00355
MGG_10319T0	1372	1373	1142	63.8967
MGG_08777T0	2603	2604	51	1.50457
MGG_06684T0	1943	1944	1281.75	50.651
MGG_04119T0	1608	1609	441	21.0555
MGG_17283T0	234	235	0	0
MGG_15058T0	618	619	0	0
MGG_13662T0	1788	1789	10	0.42941
MGG_18113T0	174	175	0	0
MGG_07995T0	771	772	0	0
MGG_17839T0	249	250	85	26.1193
MGG_16388T0	876	877	144.631	12.6691
MGG_17949T0	393	394	5	0.974892
MGG_15730T0	471	472	26	4.23169
MGG_10157T0	2615	2616	503	14.7711
MGG_04584T0	1630	1631	1037	48.8436
MGG_16927T0	791	792	2432.97	235.99
MGG_16501T0	411	412	146.714	27.3563
MGG_16452T0	276	277	5	1.38667
MGG_09816T0	1271	1272	8	0.483154
MGG_09629T0	570	571	0	0
MGG_03328T0	1532	1533	395	19.7942
MGG_15061T0	846	847	791	71.7424
MGG_02686T0	1377	1378	403	22.4667
MGG_17117T0	342	343	4	0.895877
MGG_12228T0	1182	1183	5	0.324689
MGG_09573T0	788	789	1601.24	155.906
MGG_08809T0	1828	1829	512.927	21.5439
MGG_05967T0	2575	2576	5	0.14911
MGG_15648T0	468	469	4	0.655194
MGG_02668T0	1366	1367	5517	310.04
MGG_17465T0	1713	1714	44.9409	2.01425
MGG_17882T0	413	414	0	0
MGG_00972T0	1275	1276	810.062	48.7697
MGG_01856T0	1764	1765	2115	92.0552
MGG_15285T0	2447	2448	1311	41.1409
MGG_00798T0	2219	2220	4	0.138417
MGG_10342T0	1536	1537	0	0
MGG_10590T0	3362	3363	855	19.5309
MGG_17676T0	288	289	0	0
MGG_02065T1	2490	2491	0	0
MGG_02065T0	3135	3136	233	5.70772
MGG_14774T0	912	913	63	5.30093
MGG_07792T0	1155	1156	617	41.0025
MGG_17304T0	222	223	0	0
MGG_07110T0	4032	4033	2270	43.2395
MGG_00045T0	1890	1891	166	6.74372
MGG_11627T0	495	496	0	0
MGG_07888T0	1993	1994	0	0
MGG_08731T0	4032	4033	986	18.7815
MGG_08012T0	1942	1943	2261	89.3944
MGG_06412T0	1826	1827	14209.3	597.471
MGG_03703T0	4321	4322	1646	29.2569
MGG_16652T0	488	489	76	11.9395
MGG_17023T0	1560	1561	8	0.393704
MGG_08773T0	2083	2084	125	4.60781
MGG_05235T0	1790	1791	16	0.686289
MGG_05591T0	510	511	0	0
MGG_06157T0	2459	2460	1303	40.6904
MGG_02612T0	1562	1563	2585	127.053
MGG_03302T0	2963	2964	771	19.9829
MGG_08965T0	1737	1738	83.3795	3.68547
MGG_05709T0	4239	4240	7914	143.388
MGG_16062T0	450	451	0	0
MGG_16255T0	237	238	10	3.22779
MGG_03338T0	961	962	0	0
MGG_11237T0	423	424	1006	182.27
MGG_07038T0	1019	1020	90	6.77837
MGG_09292T0	1911	1912	417.331	16.7678
MGG_03864T0	3642	3643	5459.66	115.13
MGG_00232T0	150	151	0	0
MGG_08868T0	1275	1276	291	17.5196
MGG_05298T0	2661	2662	1235	35.6403
MGG_16492T0	1074	1075	0	0
MGG_04651T0	1794	1795	335	14.3372
MGG_06402T0	1236	1237	4161.97	258.471
MGG_01877T0	1479	1480	19	0.986222
MGG_00968T0	852	853	6745	607.457
MGG_16905T0	2563	2564	80	2.39693
MGG_09812T0	1821	1822	1	0.0421633
MGG_02408T0	3877	3878	1356	26.8618
MGG_12690T0	402	403	0	0
MGG_01743T0	2101	2102	2026	74.0439
MGG_16546T0	381	382	0	0
MGG_02391T0	1903	1904	4501	181.604
MGG_17383T0	192	193	10	3.98039
MGG_05284T0	5132	5133	2296	34.3624
MGG_05062T0	1780	1781	1039	44.8161
MGG_17875T0	210	211	0	0
MGG_17827T0	1800	1801	287	12.242
MGG_13404T0	1254	1255	121	7.40669
MGG_00931T0	2214	2215	0	0
MGG_02027T0	3255	3256	0	0
MGG_02114T0	2439	2440	22	0.692653
MGG_08496T0	1371	1372	24	1.34382
MGG_05351T0	1266	1267	29733	1802.79
MGG_11650T0	603	604	0	0
MGG_14266T0	1735	1736	6103	270.07
MGG_04187T0	1485	1486	254.726	13.1685
MGG_03583T0	2534	2535	197.601	5.98815
MGG_15240T0	318	319	29	6.98377
MGG_11244T0	1085	1086	1199	84.8149
MGG_05994T0	4700	4701	127.38	2.08159
MGG_16606T0	471	472	0	0
MGG_17929T0	375	376	2.01387	0.41146
MGG_00531T0	2734	2735	53	1.48868
MGG_10036T0	1881	1882	144	5.87795
MGG_17802T0	1687	1688	281	12.7884
MGG_16454T1	341	342	0	0
MGG_16454T0	432	433	2	0.354834
MGG_00439T0	1757	1758	295	12.891
MGG_01139T0	1839	1840	121	5.05185
MGG_15299T0	2125	2126	7	0.25294
MGG_13269T0	1595	1596	57	2.74362
MGG_15756T0	336	337	18	4.10322
MGG_01861T0	1291	1292	68	4.04324
MGG_05854T0	1656	1657	0	0
MGG_01626T0	1476	1477	43	2.23651
MGG_09283T0	3038	3039	404.512	10.2255
MGG_16583T0	222	223	0	0
MGG_04471T0	1644	1645	725	33.8575
MGG_03390T0	2183	2184	452	15.899
MGG_17968T0	216	217	31	10.9745
MGG_09530T0	1724	1725	688.272	30.6517
MGG_17979T0	1162	1163	2843.42	187.821
MGG_07877T0	2464	2465	875	27.2693
MGG_07280T0	2226	2227	7098	244.849
MGG_04995T0	5747	5748	547	7.3106
MGG_06355T0	4085	4086	1071	20.136
MGG_00837T0	3116	3117	2995	73.8147
MGG_00141T0	4962	4963	4398	68.0759
MGG_02416T0	3027	3028	949	24.0765
MGG_16773T0	424	425	0	0
MGG_07440T0	2556	2557	381	11.4466
MGG_06472T0	1264	1265	2771.82	168.328
MGG_09363T0	2941	2942	1619	42.2753
MGG_02454T0	1911	1912	1790	71.9197
MGG_01279T0	4801	4802	8891	142.237
MGG_06722T0	2041	2042	10668	401.338
MGG_01342T0	4239	4240	1722	31.1997
MGG_10124T0	1615	1616	1391	66.1254
MGG_09931T0	4878	4879	1576	24.8146
MGG_06893T0	2746	2747	5550	155.209
MGG_12967T0	1329	1330	52	3.00355
MGG_08100T0	1414	1415	284	15.4186
MGG_04494T0	3455	3456	1610	35.7878
MGG_01026T0	2084	2085	6377	234.96
MGG_17678T0	3688	3689	1040	21.6575
MGG_05041T0	1959	1960	9	0.352752
MGG_13697T0	1600	1601	1083	51.9661
MGG_12765T0	1348	1349	82	4.66965
MGG_10402T0	1959	1960	1	0.0391946
MGG_07548T0	1116	1117	1	0.0687748
MGG_06146T0	2504	2505	2837	87.003
MGG_04756T0	1940	1941	577	22.8367
MGG_12369T0	3163	3164	1235	29.9856
MGG_03022T0	1553	1554	64	3.16382
MGG_00253T0	2090	2091	51	1.87369
MGG_08259T0	3516	3517	1521	33.2231
MGG_05769T0	2130	2131	151	5.44347
MGG_12108T0	2578	2579	6960	207.32
MGG_05889T0	2662	2663	241	6.9523
MGG_05747T0	946	947	7	0.567846
MGG_09397T0	432	433	0	0
MGG_08758T0	2257	2258	322	10.9551
MGG_03319T0	5695	5696	4289.59	57.8534
MGG_02771T0	2774	2775	4063	112.478
MGG_09355T0	6555	6556	107	1.2538
MGG_05592T0	1626	1627	33	1.55815
MGG_17197T0	881	882	7	0.609694
MGG_16387T0	402	403	0	0
MGG_05993T0	2921	2922	1862.62	48.9696
MGG_01683T0	1444	1445	724.235	38.503
MGG_10293T0	1848	1849	3.40373	0.141417
MGG_10277T0	5071	5072	21	0.31807
MGG_06826T0	775	776	23	2.27693
MGG_16277T0	3684	3685	1000	20.8471
MGG_15568T0	351	352	8	1.74594
MGG_07632T0	1266	1267	0	0
MGG_02990T0	423	424	8	1.44946
MGG_00401T0	795	796	201	19.3984
MGG_16555T0	1128	1129	0	0
MGG_04105T0	831	832	3891	359.27
MGG_18098T0	4249	4250	592.217	10.7047
MGG_16896T0	607	608	1.03751	0.13109
MGG_03138T0	4218	4219	715	13.019
MGG_05618T0	3451	3452	911.779	20.2909
MGG_05437T0	733	734	101	10.5708
MGG_07156T0	2859	2860	661	17.7549
MGG_00934T0	3658	3659	717	15.0536
MGG_17226T0	279	280	0	0
MGG_09049T0	686	687	6	0.67093
MGG_04662T0	1610	1611	961.506	45.85
MGG_11728T0	971	972	440	34.7752
MGG_11533T0	1656	1657	313	14.5112
MGG_08812T0	720	721	1307	139.259
MGG_12268T0	3081	3082	3796	94.6185
MGG_17829T0	1584	1585	78	3.78049
MGG_00033T0	1605	1606	4	0.191336
MGG_07520T0	1080	1081	6	0.426391
MGG_00532T0	2432	2433	60	1.89449
MGG_11231T0	3581	3582	3697	79.2878
MGG_13349T0	1668	1669	1854.03	85.3381
MGG_09099T0	1005	1006	31	2.36726
MGG_01708T0	1932	1933	500.059	19.8734
MGG_07557T0	937	938	332	27.1905
MGG_00805T0	4226	4227	497.198	9.03607
MGG_16949T0	201	202	0	0
MGG_06195T0	2615	2616	1941	56.9994
MGG_05387T0	431	432	0	0
MGG_05387T1	898	899	6	0.512713
MGG_16969T0	1548	1549	370	18.3499
MGG_03988T0	1798	1799	26	1.11026
MGG_10306T0	1202	1203	2220	141.765
MGG_14756T0	1194	1195	72.0682	4.63296
MGG_15112T0	414	415	21	3.88735
MGG_03415T0	3300	3301	46	1.07052
MGG_10957T0	1718	1719	2183	97.5575
MGG_06728T0	2565	2566	784.301	23.4806
MGG_08349T0	1257	1258	88	5.37384
MGG_15766T0	189	190	18	7.27782
MGG_07369T0	1236	1237	56	3.47777
MGG_17412T0	324	325	6	1.41824
MGG_03233T0	2046	2047	402	15.0866
MGG_16465T0	2387	2388	37	1.19028
MGG_01795T0	4116	4117	3527	65.8123
MGG_02063T0	790	791	5	0.485597
MGG_12506T0	1677	1678	129	5.90582
MGG_03090T0	2357	2358	2216	72.1953
MGG_01060T0	1340	1341	54.0229	3.0948
MGG_15906T0	2396	2397	59.1168	1.89464
MGG_11257T0	1291	1292	220.681	13.1216
MGG_10854T0	1757	1758	2091	91.373
MGG_06755T0	3364	3365	335	7.6479
MGG_01235T0	2068	2069	2109	78.3067
MGG_15338T0	303	304	4	1.01081
MGG_10896T0	1829	1830	0	0
MGG_06569T0	3942	3943	2515	48.9998
MGG_06747T0	1399	1400	103	5.65187
MGG_05522T0	1437	1438	363.369	19.4121
MGG_14882T0	1269	1270	45	2.72202
MGG_08843T0	3292	3293	5818	135.727
MGG_05111T0	2731	2732	1675	47.0996
MGG_14717T0	1217	1218	266.419	16.8035
MGG_03623T0	1005	1006	53	4.04726
MGG_06731T0	1231	1232	1146.33	71.4797
MGG_12466T0	714	715	769.084	82.6324
MGG_09183T0	438	439	17	2.97486
MGG_06777T0	1797	1798	106	4.52896
MGG_15878T0	543	544	185	26.125
MGG_11400T0	2104	2105	237	8.64926
MGG_06868T0	2646	2647	1076	31.2278
MGG_02241T0	949	950	512	41.4027
MGG_10529T0	2832	2833	782	21.2052
MGG_13904T0	312	313	0	0
MGG_08145T0	1444	1445	5983	318.078
MGG_04643T0	2015	2016	1165	44.3934
MGG_00054T0	1509	1510	61	3.10338
MGG_15216T0	900	901	6	0.511575
MGG_00947T0	1496	1497	11523	591.325
MGG_02103T0	938	939	78	6.38134
MGG_02516T0	2010	2011	907	34.648
MGG_09463T0	1503	1504	415	21.1974
MGG_07286T0	2939	2940	659	17.2195
MGG_02000T0	1997	1998	64.196	2.46829
MGG_08657T0	624	625	0	0
MGG_14589T0	552	553	0	0
MGG_06542T0	2018	2019	1185	45.0884
MGG_06479T0	393	394	1726	336.533
MGG_10968T0	372	373	0	0
MGG_10126T0	2685	2686	1279.01	36.5805
MGG_00292T0	1250	1251	7	0.429856
MGG_15992T0	726	727	0	0
MGG_10481T0	5382	5383	0	0
MGG_10481T1	5709	5710	114	1.53374
MGG_08823T0	2374	2375	28800	931.562
MGG_00800T0	3340	3341	3725	85.651
MGG_12876T0	2095	2096	1039.07	38.0836
MGG_08211T0	2918	2919	981	25.8177
MGG_14917T0	1032	1033	32	2.37976
MGG_14819T0	894	895	1	0.0858341
MGG_07884T0	1026	1027	1	0.0748018
MGG_06807T0	1428	1429	1361	73.1659
MGG_16247T0	4543	4544	86	1.45393
MGG_07593T0	1527	1528	186	9.35131
MGG_11610T0	529	530	161	23.3363
MGG_08041T0	852	853	587	52.8654
MGG_06397T0	5041	5042	1505.94	22.945
MGG_10308T0	1929	1930	376.72	14.9949
MGG_05318T0	2550	2551	1922	57.8796
MGG_13996T0	195	196	88	34.4913
MGG_00539T0	1092	1093	9410	661.382
MGG_17046T0	258	259	2	0.593216
MGG_17026T0	1713	1714	39.9589	1.79096
MGG_12481T0	537	538	1	0.142791
MGG_03661T0	2131	2132	781	28.1415
MGG_00904T0	1496	1497	295	15.1385
MGG_06381T0	1698	1699	143	6.46585
MGG_02950T0	933	934	197	16.2032
MGG_07424T0	1260	1261	17	1.03566
MGG_01468T0	9284	9285	3385	28.0065
MGG_17821T0	4531	4532	244.156	4.13867
MGG_07861T0	1761	1762	6	0.261594
MGG_07591T0	306	307	0	0
MGG_09998T0	369	370	5	1.03813
MGG_07210T0	1775	1776	71	3.07113
MGG_16315T0	2330	2331	1011	33.319
MGG_04317T0	2211	2212	2292	79.5998
MGG_15697T0	183	184	10	4.17508
MGG_10720T0	1103	1104	2601	180.99
MGG_07561T0	3894	3895	13215	260.641
MGG_01327T0	2305	2306	2621	87.3153
MGG_09320T0	4316	4317	745	13.2574
MGG_00989T0	504	505	4	0.608487
MGG_00882T0	2809	2810	2079	56.837
MGG_17595T0	1858	1859	89	3.67784
MGG_16085T0	228	229	0	0
MGG_09985T0	1419	1420	52	2.81318
MGG_10245T0	1039	1040	0	0
MGG_07229T0	2318	2319	5809	192.435
MGG_15809T0	1126	1127	214	14.5872
MGG_11474T0	2402	2403	14420	460.993
MGG_15791T0	1380	1381	0	0
MGG_15249T0	1226	1227	0	0
MGG_10049T0	1240	1241	61	3.77608
MGG_10609T0	1653	1654	586	27.2173
MGG_17689T0	2032	2033	197	7.44409
MGG_00836T0	767	768	13	1.30036
MGG_02758T0	858	859	345	30.8538
MGG_16006T0	831	832	0	0
MGG_11596T0	1186	1187	395.058	25.5678
MGG_11286T0	1269	1270	1202	72.7082
MGG_05335T0	879	880	403	35.1807
MGG_17645T0	486	487	0	0
MGG_06709T0	3287	3288	2977	69.5552
MGG_08798T0	666	667	0	0
MGG_15986T0	981	982	95.998	7.50989
MGG_15986T1	958	959	8.30782	0.665505
MGG_04694T0	944	945	1114	90.5599
MGG_04090T0	2861	2862	8499.95	228.155
MGG_02619T0	3746	3747	324	6.64269
MGG_03980T0	1181	1182	1463.56	95.1207
MGG_06910T0	2755	2756	4002	111.553
MGG_09298T0	977	978	3756.1	295.04
MGG_12366T0	752	753	20.0654	2.04709
MGG_03267T0	1826	1827	438.493	18.4377
MGG_11741T0	3086	3087	33	0.821221
MGG_18136T0	1335	1336	6855	394.17
MGG_03495T0	960	961	0	0
MGG_03311T0	2148	2149	458	16.3724
MGG_10367T0	798	799	58	5.57653
MGG_06263T0	2014	2015	3397	129.51
MGG_01825T0	2462	2463	2859	89.1728
MGG_03057T0	1389	1390	435	24.0413
MGG_09456T0	1506	1507	372	18.9632
MGG_03967T0	1521	1522	51	2.57418
MGG_03604T0	874	875	514.624	45.1819
MGG_03503T0	1069	1070	0	0
MGG_14858T0	1199	1200	1348.78	86.3463
MGG_13439T0	963	964	691	55.066
MGG_06652T0	2947	2948	2281	59.4402
MGG_15297T0	1330	1331	35.012	2.02079
MGG_06490T0	666	667	1	0.115175
MGG_17682T0	933	934	778	63.9905
MGG_00080T0	621	622	68	8.39849
MGG_13493T0	1978	1979	1204	46.7373
MGG_16666T0	707	708	3	0.325515
MGG_16180T0	1232	1233	6.0151	0.374768
MGG_08314T0	3570	3571	211	4.53916
MGG_01727T0	4317	4318	1323	23.5375
MGG_02308T0	1413	1414	380	20.6451
MGG_05587T0	2753	2754	866	24.1566
MGG_06994T0	1709	1710	5885	264.383
MGG_14369T0	177	178	478	206.296
MGG_12397T0	2540	2541	291	8.79774
MGG_07463T0	1966	1967	40	1.56221
MGG_04964T0	1581	1582	1698	82.4544
MGG_07134T1	2031	2032	281.246	10.6327
MGG_07134T0	2127	2128	214.754	7.7527
MGG_13435T0	2930	2931	1505	39.446
MGG_10820T0	3051	3052	1368	34.4337
MGG_10563T0	2473	2474	4.04719e-07	1.25672e-08
MGG_10563T1	2386	2387	150	4.82749
MGG_13220T0	2950	2951	613.081	15.9599
MGG_13220T1	2002	2003	6003.92	230.27
MGG_03824T0	1872	1873	938	38.4723
MGG_00943T0	2029	2030	2868	108.534
MGG_01088T0	2301	2302	1475	49.2231
MGG_05888T0	1989	1990	280	10.8091
MGG_16483T0	660	661	290.159	33.7223
MGG_03512T0	1548	1549	2752.74	136.52
MGG_08810T0	3205	3206	2378.38	56.9903
MGG_05270T0	1812	1813	286	12.1186
MGG_03868T0	1012	1013	261	19.7931
MGG_17680T0	767	768	37	3.70104
MGG_01845T0	399	400	3595	690.433
MGG_17624T0	378	379	8	1.62156
MGG_03460T0	1065	1066	22	1.58543
MGG_11908T0	1497	1498	798	40.9236
MGG_02892T0	2921	2922	1397	36.7281
MGG_01380T0	1293	1294	3668	217.76
MGG_01452T0	3746	3747	2331	47.7905
MGG_12551T0	987	988	11	0.8553
MGG_09784T0	6044	6045	3268	41.5306
MGG_05231T0	915	916	446	37.4043
MGG_02757T0	3704	3705	3848	79.7865
MGG_01900T0	444	445	5	0.863163
MGG_08462T0	1857	1858	451	18.6472
MGG_03966T0	3524	3525	1798	39.1844
MGG_17486T0	4306	4307	22039	393.097
MGG_15927T0	1755	1756	0	0
MGG_13868T0	348	349	1	0.220119
MGG_10231T0	312	313	13	3.19067
MGG_16382T0	861	862	3	0.26736
MGG_17354T0	183	184	0	0
MGG_07662T0	1938	1939	11	0.43581
MGG_05899T0	3392	3393	3669	83.0704
MGG_09073T0	2935	2936	1256	32.8637
MGG_17739T0	174	175	0	0
MGG_03541T0	258	259	37	10.9745
MGG_16529T0	228	229	6	2.01279
MGG_07146T0	3099	3100	4001.72	99.1672
MGG_12291T0	2465	2466	40	1.24609
MGG_08353T0	510	511	354	53.2188
MGG_10583T0	1817	1818	192	8.11316
MGG_17647T0	318	319	128.517	30.9495
MGG_08576T0	327	328	1	0.234212
MGG_08981T0	1233	1234	372	23.1585
MGG_10506T0	1782	1783	10681	460.196
MGG_06413T0	1880	1881	443.69	18.1207
MGG_02728T0	2088	2089	8666	318.686
MGG_17508T0	1795	1796	45	1.92481
MGG_08037T0	810	811	38	3.59953
MGG_18093T0	252	253	1	0.303642
MGG_00356T0	4131	4132	2956	54.9575
MGG_11502T0	2088	2089	1522	55.9705
MGG_16681T0	1285	1286	361	21.565
MGG_06260T0	3178	3179	492	11.8893
MGG_15920T0	141	142	2	1.08199
MGG_06857T0	1994	1995	26	1.00118
MGG_04318T0	898	899	55	4.69987
MGG_15918T0	303	304	6.19153	1.56461
MGG_15353T0	2154	2155	12	0.427776
MGG_17895T0	1872	1873	63	2.58396
MGG_16962T0	390	391	148	29.0782
MGG_04358T0	1553	1554	101	4.9929
MGG_00184T0	3615	3616	4292	91.183
MGG_07954T0	1017	1018	0	0
MGG_09527T0	2242	2243	17928	614.024
MGG_15509T0	1831	1832	158.468	6.64505
MGG_02980T0	3436	3437	468.012	10.4607
MGG_04992T0	3942	3943	78	1.51967
MGG_02507T0	2810	2811	181	4.94653
MGG_08339T0	2534	2535	566.095	17.1551
MGG_17774T0	372	373	0	0
MGG_16813T0	1417	1418	1	0.0541759
MGG_04433T0	4790	4791	1247	19.9951
MGG_16211T0	1407	1408	342.01	18.6603
MGG_00926T0	3785	3786	603	12.2354
MGG_01331T0	2888	2889	1037	27.5749
MGG_09529T0	678	679	1334.73	151.01
MGG_16556T0	676	677	86.8706	9.85751
MGG_13993T0	1213	1214	1	0.0632796
MGG_07498T0	1503	1504	0	0
MGG_06738T0	1727	1728	7351	326.803
MGG_15396T0	1255	1256	1187.1	72.6073
MGG_04142T0	1667	1668	249.084	11.4718
MGG_10327T0	2688	2689	369.924	10.5683
MGG_04110T0	1224	1225	418	26.2134
MGG_07868T0	1628	1629	5	0.235793
MGG_04146T0	2436	2437	577	18.1888
MGG_03872T0	2714	2715	148	4.18769
MGG_08834T0	941	942	2140	174.52
MGG_16653T0	465	466	0	0
MGG_03436T0	767	768	72776.7	7279.7
MGG_17941T0	373	374	0	0
MGG_14938T0	150	151	1	0.508752
MGG_00824T0	2177	2178	0	0
MGG_07216T0	1048	1049	81794	5990.03
MGG_17312T0	815	816	8	0.753152
MGG_02798T0	831	832	294	27.1461
MGG_00149T0	3183	3184	6417.99	154.849
MGG_00738T0	1355	1356	111	6.28848
MGG_02885T0	1053	1054	8	0.583085
MGG_08917T0	2489	2490	385	11.878
MGG_14699T0	3461	3462	415	9.20881
MGG_11256T0	2145	2146	1017.32	36.4175
MGG_08190T0	1687	1688	1682.33	76.5637
MGG_07886T0	288	289	0	0
MGG_10833T0	4392	4393	408.076	7.13613
MGG_08609T0	567	568	0	0
MGG_10368T0	903	904	2	0.169959
MGG_17445T0	393	394	24	4.67948
MGG_01841T0	1661	1662	39	1.80267
MGG_08049T0	2561	2562	339	10.1649
MGG_01205T0	2686	2687	665	19.0124
MGG_16286T0	2696	2697	2162	61.5825
MGG_13834T0	1566	1567	1224	60.0061
MGG_15595T0	165	166	4	1.85112
MGG_11389T0	1846	1847	210	8.73444
MGG_04180T0	2183	2184	666.259	23.4355
MGG_17075T0	1053	1054	19	1.38483
MGG_16801T0	549	550	10	1.39675
MGG_14728T0	2583	2584	2088.68	62.0959
MGG_06277T0	3327	3328	45	1.03875
MGG_02893T0	465	466	178	29.3438
MGG_09063T0	2753	2754	46	1.28315
MGG_14684T0	183	184	3	1.25252
MGG_06891T0	1191	1192	30	1.93343
MGG_03606T0	2171	2172	644.242	22.7862
MGG_15674T0	240	241	13	4.1439
MGG_05831T0	576	577	26	3.46163
MGG_05198T0	3047	3048	180	4.5367
MGG_07148T0	1654	1655	776	36.0202
MGG_04012T0	1934	1935	1336	53.0406
MGG_08380T0	1062	1063	0	0
MGG_04779T0	876	877	659	57.7256
MGG_05949T0	1542	1543	7477	372.258
MGG_07367T0	1361	1362	35	1.97412
MGG_01620T0	2766	2767	2227	61.8292
MGG_01029T0	2463	2464	957	29.8369
MGG_15779T0	366	367	44	9.21021
MGG_08105T0	3330	3331	1861	42.9195
MGG_03638T0	1999	2000	2091	80.3169
MGG_16821T0	177	178	4	1.72633
MGG_02622T0	1842	1843	3800	158.395
MGG_00865T0	7323	7324	9605	100.747
MGG_06745T0	1466	1467	522	27.3353
MGG_04455T0	953	954	2522	203.086
MGG_13582T0	1432	1433	2	0.107218
MGG_06465T0	5210	5211	1289	19.0027
MGG_17158T0	303	304	0	0
MGG_07191T0	1698	1699	1437.35	64.9907
MGG_05792T0	360	361	481	102.358
MGG_17610T0	705	706	45.9737	5.0025
MGG_04708T1	3834	3835	1743.77	34.9305
MGG_04708T0	3909	3910	5470.23	107.476
MGG_10130T0	468	469	0	0
MGG_00271T0	1288	1289	943.484	56.2295
MGG_00271T1	1294	1295	2862.52	169.809
MGG_00267T0	309	310	0	0
MGG_02418T0	3107	3108	2041	50.4481
MGG_15204T0	1023	1024	3	0.225063
MGG_11185T0	2819	2820	1641	44.7036
MGG_10938T0	1605	1606	116	5.54875
MGG_10062T0	1254	1255	0	0
MGG_00656T0	2475	2476	1082	33.5706
MGG_01405T0	2808	2809	24.7128	0.675854
MGG_10271T0	3972	3973	0	0
MGG_00908T0	2028	2029	5603	212.139
MGG_03696T0	2366	2367	4064.78	131.923
MGG_15533T0	216	217	43	15.2227
MGG_10073T0	318	319	0	0
MGG_10912T0	8104	8105	6	0.0568697
MGG_01480T0	769	770	150	14.9652
MGG_01211T0	1434	1435	19	1.01715
MGG_02827T0	1683	1684	48	2.18969
MGG_08307T0	2200	2201	4882	170.396
MGG_07288T0	3715	3716	8480	175.308
MGG_09253T0	932	933	979.499	80.6502
MGG_05958T0	1379	1380	486.223	27.0669
MGG_15966T0	270	271	0	0
MGG_11047T0	3725	3726	367	7.56669
MGG_04598T0	384	385	23	4.58934
MGG_01378T0	6363	6364	9026	108.955
MGG_17450T0	2063	2064	2394	89.104
MGG_04661T0	2405	2406	1059	33.8129
MGG_05247T0	3723	3724	25642	528.963
MGG_02650T0	2017	2018	3	0.114204
MGG_17957T0	318	319	9	2.16738
MGG_17743T0	1394	1395	1005	55.3445
MGG_17730T0	4171	4172	775.429	14.2784
MGG_07116T0	8622	8623	1642.11	14.6294
MGG_17422T0	267	268	8	2.29318
MGG_15286T0	276	277	26	7.21068
MGG_06417T0	2071	2072	1549	57.4307
MGG_05367T0	2577	2578	632	18.8329
MGG_04100T0	6184	6185	6480	80.4856
MGG_01123T0	4087	4088	301.689	5.66933
MGG_15917T0	366	367	0	0
MGG_10019T0	1695	1696	748	33.8812
MGG_17918T0	519	520	4	0.590934
MGG_02060T0	1338	1339	0	0
MGG_08541T0	1658	1659	143	6.62174
MGG_06976T0	684	685	16	1.79437
MGG_03569T0	2572	2573	6668	199.085
MGG_02256T0	1472	1473	10	0.521531
MGG_14135T0	1494	1495	93	4.77886
MGG_11730T0	973	974	4	0.315489
MGG_09305T0	1572	1573	5	0.244188
MGG_16037T0	261	262	2	0.586424
MGG_08866T0	2624	2625	5715	167.251
MGG_01983T0	2057	2058	3	0.111985
MGG_07963T0	2819	2820	2246	61.1848
MGG_00580T0	630	631	9	1.09571
MGG_07705T0	7599	7600	2273	22.9757
MGG_07470T0	2457	2458	1435	44.849
MGG_07919T0	693	694	41	4.53845
MGG_17824T0	1196	1197	32.8722	2.10968
MGG_03932T0	1545	1546	1084.81	53.905
MGG_07812T0	768	769	0	0
MGG_10361T0	792	793	135	13.0781
MGG_11098T0	1719	1720	3	0.133991
MGG_04560T0	2275	2276	1775	59.9113
MGG_12523T0	3498	3499	1149	25.2266
MGG_08750T0	1387	1388	94	5.20261
MGG_01350T0	3415	3416	50	1.12444
MGG_09014T0	1611	1612	219	10.4367
MGG_03698T0	1970	1971	685	26.6985
MGG_16485T0	261	262	0	0
MGG_06634T0	3162	3163	1099	26.692
MGG_01588T0	1533	1534	5909	295.918
MGG_03678T0	2517	2518	1039.86	31.7251
MGG_05972T0	681	682	0	0
MGG_12158T0	4982	4983	3341	51.5072
MGG_09506T0	3008	3009	3476	88.7443
MGG_01485T0	3648	3649	8662	182.359
MGG_11776T0	1497	1498	1440	73.8471
MGG_13994T0	3014	3015	236.089	6.01549
MGG_02716T0	8456	8457	5453.4	49.5375
MGG_11907T0	2215	2216	1638	56.7841
MGG_04351T0	1411	1412	849.312	46.2078
MGG_05314T0	2033	2034	1101.89	41.6171
MGG_10604T0	518	519	4201	621.825
MGG_05756T0	2501	2502	809.727	24.8619
MGG_06154T0	1737	1738	11192	494.699
MGG_08830T0	1373	1374	1444	80.7352
MGG_03636T0	1415	1416	199	10.7962
MGG_04026T0	1375	1376	972	54.2663
MGG_04837T0	2075	2076	2416	89.403
MGG_17035T3	4787	4788	9.47302	0.151991
MGG_17035T0	3780	3781	76.4101	1.55248
MGG_17035T2	3784	3785	300.598	6.10103
MGG_17035T1	4479	4480	402.707	6.90549
MGG_06007T0	1569	1570	590	28.8692
MGG_15146T0	1800	1801	1369	58.3946
MGG_06459T0	3559	3560	234.309	5.05616
MGG_01364T0	3036	3037	548	13.8618
MGG_04531T0	2282	2283	1056	35.5337
MGG_15235T0	491	492	16	2.49826
MGG_00139T0	2794	2795	2987	82.0987
MGG_16487T0	544	545	39	5.49732
MGG_10898T0	1317	1318	14.9542	0.871627
MGG_04928T0	690	691	1.06479	0.118377
MGG_01428T0	1926	1927	2456.62	97.9352
MGG_15344T0	5163	5164	225	3.34718
MGG_09373T0	3052	3053	1262	31.7552
MGG_09773T0	1494	1495	6.05763	0.311275
MGG_07924T0	1701	1702	72	3.24979
MGG_17859T0	327	328	0	0
MGG_00423T0	1107	1108	0	0
MGG_06716T0	658	659	379	44.1811
MGG_02689T0	2700	2701	2748	78.1583
MGG_09951T0	1551	1552	62.3535	3.0864
MGG_06588T0	2330	2331	97	3.19678
MGG_17282T0	833	834	22	2.02647
MGG_08450T0	2502	2503	4	0.122767
MGG_01047T0	2049	2050	658	24.6578
MGG_03170T0	2871	2872	598	15.9956
MGG_04937T0	507	508	68	10.2832
MGG_15868T0	1692	1693	342	15.5186
MGG_06878T0	3234	3235	2212	52.5283
MGG_05354T0	1065	1066	7	0.504456
MGG_02803T0	587	588	754	98.5092
MGG_01243T0	1748	1749	844	37.0711
MGG_13277T0	858	859	56	5.00815
MGG_09276T0	2998	2999	8122	208.051
MGG_09474T0	504	505	102	15.5164
MGG_00170T0	1589	1590	4467	215.825
MGG_05037T0	1131	1132	7	0.475045
MGG_05175T0	1580	1581	263	12.7793
MGG_03140T0	3448	3449	346	7.70665
MGG_14760T0	620	621	1	0.123706
MGG_09555T0	2604	2605	539	15.8951
MGG_06035T0	657	658	333	38.8777
MGG_17294T0	1449	1450	9.44605	0.500455
MGG_06254T0	3848	3849	830	16.5658
MGG_17795T0	2556	2557	791	23.7645
MGG_10113T0	1032	1033	0	0
MGG_06794T0	1815	1816	677	28.6388
MGG_08936T0	4286	4287	144.001	2.58044
MGG_16011T0	177	178	0	0
MGG_07732T0	1725	1726	38	1.69132
MGG_02958T0	3813	3814	1569	31.6028
MGG_08401T0	690	691	0	0
MGG_03172T0	2127	2128	551	19.8913
MGG_13261T0	1843	1844	7.20897	0.300328
MGG_06930T0	2362	2363	2638.88	85.7904
MGG_17931T0	368	369	7	1.45732
MGG_09212T0	1881	1882	355.444	14.5089
MGG_18138T0	459	460	474	79.1595
MGG_05468T0	1761	1762	0	0
MGG_04957T0	4265	4266	1918	34.5391
MGG_11925T0	3773	3774	38	0.773507
MGG_08361T0	1587	1588	46	2.22531
MGG_03094T0	2191	2192	113.336	3.97199
MGG_03463T0	3302	3303	654	15.2108
MGG_00578T0	2015	2016	186	7.0877
MGG_02335T0	891	892	0	0
MGG_16588T0	258	259	0	0
MGG_10409T0	1092	1093	654	45.9664
MGG_06659T0	1614	1615	421	20.0259
MGG_03223T0	7260	7261	4380.45	46.3452
MGG_05699T0	3971	3972	1410	27.2705
MGG_16625T0	219	220	1	0.349189
MGG_17758T0	456	457	0	0
MGG_11496T0	1913	1914	217	8.70965
MGG_01178T0	3161	3162	1205	29.2757
MGG_05832T0	1236	1237	11	0.683134
MGG_01258T0	3210	3211	1716.84	41.0744
MGG_02244T1	1351	1352	56	3.18195
MGG_02244T0	1485	1486	0	0
MGG_05713T0	2220	2221	3321	114.869
MGG_15712T0	589	590	2	0.260412
MGG_02866T0	3207	3208	797.764	19.1039
MGG_01790T0	1991	1992	1357	52.3327
MGG_00874T0	663	664	105	12.148
MGG_03947T0	2918	2919	7853	206.673
MGG_04156T0	2085	2086	3659	134.751
MGG_06648T0	3641	3642	2104	44.3801
MGG_16357T0	264	265	0	0
MGG_04320T0	2239	2240	129.008	4.42438
MGG_01063T0	3446	3447	3548	79.0724
MGG_06256T0	2392	2393	211	6.77365
MGG_03691T0	1147	1148	20618	1379.71
MGG_10993T0	1900	1901	92	3.71782
MGG_05577T0	1986	1987	11	0.425283
MGG_09444T0	1320	1321	102	5.93171
MGG_07165T0	1237	1238	2091	129.753
MGG_11786T0	2262	2263	246	8.3509
MGG_06800T0	897	898	8	0.684378
MGG_09531T0	3489	3490	2373	52.2342
MGG_07091T0	4069	4070	415.438	7.84142
MGG_01609T0	996	997	85135.1	6559.88
MGG_02435T0	1191	1192	1550	99.8937
MGG_12603T0	1278	1279	1286	77.2419
MGG_06742T0	2951	2952	1731	45.0467
MGG_15154T0	492	493	10173	1585.2
MGG_05968T0	1710	1711	69.2882	3.11094
MGG_01399T0	753	754	67	6.82631
MGG_08232T0	1182	1183	178	11.5589
MGG_17944T0	780	781	465	45.7388
MGG_04464T0	3222	3223	13095	312.125
MGG_08230T0	402	403	0	0
MGG_16171T0	564	565	0	0
MGG_08890T0	2469	2470	33	1.02636
MGG_01539T0	213	214	1032	370.466
MGG_09518T0	3323	3324	4362	100.811
MGG_02920T0	1821	1822	2016	85.0012
MGG_11649T0	3780	3781	2834	57.5806
MGG_16377T0	2784	2785	2299	63.4157
MGG_16476T0	516	517	0	0
MGG_18021T0	1166	1167	454.022	29.8874
MGG_18021T1	1216	1217	177.724	11.2186
MGG_14324T0	2971	2972	6	0.15509
MGG_13043T0	255	256	0	0
MGG_04996T0	2767	2768	300.973	8.35303
MGG_05723T0	2485	2486	841	25.9883
MGG_01703T0	3421	3422	5147	115.547
MGG_09416T0	1152	1153	17	1.13267
MGG_15655T0	833	834	128	11.7903
MGG_01113T0	995	996	2607	201.078
MGG_05659T0	3975	3976	715.367	13.8218
MGG_02481T0	3947	3948	9623	187.248
MGG_10420T0	2473	2474	1868	58.0043
MGG_14764T0	9432	9433	258	2.10113
MGG_04934T0	3397	3398	399	9.02053
MGG_05105T0	954	955	350	28.1545
MGG_17942T0	3429	3430	2109	47.2351
MGG_16299T0	5068	5069	1434	21.7325
MGG_00321T0	1005	1006	9	0.68727
MGG_00924T0	4391	4392	2521	44.0954
MGG_02810T0	4454	4455	9	0.155195
MGG_04739T0	3696	3697	3886	80.7488
MGG_18045T0	264	265	6	1.73935
MGG_00840T0	2126	2127	818	29.5439
MGG_01888T0	2008	2009	54	2.06489
MGG_00261T0	3275	3276	2594	60.8287
MGG_01382T0	1516	1517	888	44.9687
MGG_02671T0	1494	1495	1348	69.2678
MGG_14727T0	1182	1183	178	11.5589
MGG_13149T0	3718	3719	2237	46.2086
MGG_08379T0	1542	1543	0	0
MGG_05934T0	2717	2718	3120	88.1836
MGG_06446T0	2255	2256	2476	84.3129
MGG_03642T0	1693	1694	27.2931	1.23772
MGG_03998T0	1394	1395	98.1173	5.40324
MGG_06991T0	2122	2123	626.551	22.672
MGG_01705T0	1823	1824	1305	54.9627
MGG_08759T0	1233	1234	3	0.186762
MGG_05698T0	1068	1069	211	15.1631
MGG_01537T0	7517	7518	326	3.33118
MGG_12231T0	1494	1495	0	0
MGG_06214T0	4184	4185	2076	38.1079
MGG_16106T0	571	572	13	1.74594
MGG_14948T0	858	859	27	2.41465
MGG_02313T0	9897	9898	1	0.00776131
MGG_05427T0	1313	1314	4651	271.915
MGG_03896T0	1446	1447	349	18.5285
MGG_16165T0	237	238	0	0
MGG_14560T0	393	394	3	0.584935
MGG_12676T0	1149	1150	1	0.0668013
MGG_07024T0	735	736	6266	654.026
MGG_17671T0	1006	1007	23	1.75461
MGG_08177T0	2043	2044	1231	46.2658
MGG_09955T0	1131	1132	197	13.3691
MGG_09846T0	3220	3221	45	1.07326
MGG_09346T0	756	757	420	42.6222
MGG_14349T0	1753	1754	96	4.2046
MGG_06657T0	882	883	3493	303.893
MGG_16200T0	270	271	0	0
MGG_15569T0	520	521	85	12.5333
MGG_18043T0	1233	1234	0	0
MGG_07913T0	5566	5567	1832	25.2806
MGG_08428T0	336	337	2	0.455914
MGG_00298T0	1530	1531	251	12.5945
MGG_04448T0	1204	1205	17.2935	1.1025
MGG_00013T0	528	529	0	0
MGG_09240T0	2637	2638	647	18.8414
MGG_08682T0	684	685	1	0.112148
MGG_06439T0	3496	3497	5447	119.659
MGG_06426T0	5808	5809	1977	26.145
MGG_00318T0	3121	3122	1554	38.2385
MGG_12400T0	505	506	6	0.910927
MGG_07112T0	2770	2771	621	17.2162
MGG_16893T0	282	283	8	2.17163
MGG_00747T0	1687	1688	622.558	28.3328
MGG_15896T0	216	217	0	0
MGG_16150T0	225	226	23	7.81812
MGG_14575T0	2751	2752	152	4.24305
MGG_15643T0	590	591	23	2.98967
MGG_11285T0	741	742	19	1.96713
MGG_06917T0	2296	2297	2752	92.0386
MGG_15741T0	573	574	96	12.8482
MGG_17741T0	204	205	2	0.749478
MGG_16014T0	765	766	0	0
MGG_04439T0	1037	1038	1927	142.616
MGG_10961T0	4338	4339	80	1.41639
MGG_05276T0	1653	1654	452	20.9935
MGG_00771T0	4841	4842	84	1.33271
MGG_13736T0	816	817	3619	340.29
MGG_00333T0	2732	2733	678.152	19.0621
MGG_02405T0	3317	3318	5825	134.866
MGG_06903T0	1480	1481	427	22.1491
MGG_06017T0	1229	1230	1073.55	67.0499
MGG_07231T0	1501	1502	167	8.5414
MGG_06618T0	2329	2330	87.4565	2.88349
MGG_14881T0	1247	1248	0	0
MGG_10333T1	1327	1328	48.7085	2.81767
MGG_10333T0	1897	1898	38.2915	1.54985
MGG_02099T0	3460	3461	1780	39.5095
MGG_17388T0	309	310	13	3.22155
MGG_09249T0	2591	2592	1421	42.1155
MGG_00613T0	1615	1616	892	42.4039
MGG_02766T1	2215	2216	1011.8	35.0759
MGG_02766T0	1899	1900	349.198	14.1189
MGG_03101T0	2474	2475	2747	85.2641
MGG_04388T0	2542	2543	1860	56.1887
MGG_04843T0	3476	3477	1614	35.66
MGG_02760T0	1109	1110	413	28.5831
MGG_12093T0	2147	2148	1579	56.4717
MGG_11468T0	1069	1070	226	16.2258
MGG_15106T0	450	451	12	2.04403
MGG_06351T0	3798	3799	2056.87	41.5931
MGG_09314T0	1438	1439	1	0.0533853
MGG_17865T0	260	261	0	0
MGG_01434T0	2665	2666	1424	41.0329
MGG_01993T0	306	307	2	0.500466
MGG_14052T0	693	694	23	2.54596
MGG_07833T0	2837	2838	511	13.8322
MGG_00126T0	3896	3897	58	1.14335
MGG_10585T0	1008	1009	6	0.456818
MGG_01337T0	2345	2346	374	12.2469
MGG_01704T0	1944	1945	1033	40.8003
MGG_08846T0	2137	2138	46	1.65285
MGG_01152T0	806	807	12.0392	1.14606
MGG_01865T0	2167	2168	81	2.87018
MGG_00305T0	597	598	0	0
MGG_02634T0	3110	3111	2923	72.1791
MGG_15596T0	505	506	0	0
MGG_17069T0	906	907	22	1.86337
MGG_00588T0	1549	1550	1260.33	62.4646
MGG_15649T0	459	460	22	3.67407
MGG_04644T0	2118	2119	282	10.2235
MGG_15332T0	276	277	0	0
MGG_06779T0	1071	1072	178	12.7558
MGG_16187T0	827	828	45	4.17508
MGG_09737T0	1827	1828	81	3.40402
MGG_04514T0	1952	1953	992.706	39.0482
MGG_04824T0	559	560	24	3.29235
MGG_13012T0	1116	1117	331	22.7645
MGG_13121T0	2184	2185	950	33.4006
MGG_00523T0	2583	2584	349	10.3757
MGG_04010T0	342	343	745	166.857
MGG_17772T0	510	511	0	0
MGG_01362T0	2280	2281	2595	87.3966
MGG_02398T0	4213	4214	18491	337.092
MGG_17207T0	288	289	0	0
MGG_10380T0	1869	1870	3862	158.655
MGG_14098T0	2575	2576	0	0
MGG_17507T0	814	815	0	0
MGG_07006T0	1308	1309	1421.23	83.4078
MGG_17919T0	198	199	2	0.772075
MGG_09957T0	309	310	6	1.48687
MGG_08941T0	799	800	16	1.53643
MGG_00758T0	2328	2329	1458.48	48.1075
MGG_16176T0	629	630	2.27302	0.27717
MGG_15027T0	2406	2407	672	21.4475
MGG_08426T0	1563	1564	41	2.01386
MGG_13001T0	1889	1890	263.235	10.6995
MGG_05212T0	3266	3267	1541	36.2357
MGG_16296T0	171	172	4	1.78655
MGG_16262T0	201	202	9	3.42274
MGG_18024T0	471	472	0	0
MGG_09464T0	1593	1594	1790.62	86.2973
MGG_17858T0	1448	1449	45	2.38576
MGG_09268T0	1584	1585	1220	59.1307
MGG_03449T0	2418	2419	4026	127.856
MGG_05025T0	2372	2373	285	9.22635
MGG_12612T0	1926	1927	55	2.19262
MGG_17012T0	2301	2302	1	0.0333716
MGG_14093T0	507	508	0	0
MGG_15645T2	1013	1014	997.452	75.5678
MGG_15645T0	1025	1026	841.598	63.0145
MGG_15645T1	1334	1335	272.949	15.7066
MGG_04077T0	3039	3040	4	0.101081
MGG_17112T0	231	232	0	0
MGG_11397T0	537	538	48	6.85396
MGG_16486T0	7149	7150	50.9151	0.547045
MGG_03214T0	1544	1545	2000	99.4453
MGG_15750T0	1296	1297	114	6.75224
MGG_09162T0	2364	2365	7	0.227379
MGG_00835T0	1509	1510	1437	73.1076
MGG_09404T0	2110	2111	2868.93	104.403
MGG_17058T0	1786	1787	2902	124.754
MGG_07187T0	7035	7036	1299	14.1829
MGG_04189T0	4376	4377	706	12.3911
MGG_15591T0	516	517	29	4.30914
MGG_05419T0	2902	2903	3	0.0793884
MGG_05309T0	2725	2726	2901.61	81.7703
MGG_14230T0	1410	1411	59	3.21224
MGG_07018T0	874	875	1134	99.5606
MGG_03844T0	1717	1718	38	1.69919
MGG_07716T0	1823	1824	5864	246.974
MGG_05322T0	2418	2419	345.918	10.9855
MGG_15376T0	441	442	1	0.173804
MGG_00402T0	1186	1187	6	0.388314
MGG_00954T0	501	502	1	0.153031
MGG_03137T0	2830	2831	1897	51.4766
MGG_14548T0	1784	1785	222	9.55427
MGG_13360T0	1980	1981	273	10.5867
MGG_09282T0	3051	3052	182	4.5811
MGG_09297T0	1719	1720	817	36.4902
MGG_13872T0	486	487	19.8066	3.12438
MGG_06496T0	4369	4370	2007	35.2816
MGG_17270T0	743	744	19.3907	2.00218
MGG_14619T0	622	623	3	0.369927
MGG_08856T0	2130	2131	1409	50.7937
MGG_01678T0	793	794	8229.26	796.202
MGG_16078T0	741	742	1	0.103533
MGG_14929T0	729	730	25	2.63087
MGG_15562T0	336	337	1	0.227957
MGG_15074T0	900	901	355	30.2682
MGG_11879T0	1517	1518	232.035	11.7426
MGG_06880T0	1681	1682	428.787	19.5839
MGG_02755T0	4513	4514	2141	36.4366
MGG_08642T0	3049	3050	1576	39.6953
MGG_14901T0	2438	2439	1340	42.2061
MGG_16882T0	186	187	5	2.05405
MGG_09888T0	1864	1865	1241	51.1182
MGG_11781T0	1545	1546	446	22.162
MGG_08973T0	1672	1673	2194.34	100.761
MGG_08973T1	1869	1870	99.6594	4.09411
MGG_10531T0	435	436	4	0.704784
MGG_16604T0	180	181	0	0
MGG_12868T0	1786	1787	1935.37	83.1998
MGG_02908T0	2106	2107	2376	86.6293
MGG_17138T0	324	325	22	5.20022
MGG_10346T0	786	787	0	0
MGG_00409T0	734	735	376	39.2992
MGG_11312T0	1548	1549	458.606	22.7442
MGG_16083T0	261	262	0	0
MGG_14958T0	351	352	0	0
MGG_07089T0	2323	2324	1176	38.8735
MGG_12652T0	2990	2991	2035	52.2674
MGG_09379T0	357	358	0	0
MGG_06114T0	810	811	51	4.83094
MGG_04795T0	348	349	0	0
MGG_00923T0	2107	2108	424	15.4518
MGG_15323T0	3997	3998	2077	39.9095
MGG_18118T0	686	687	10	1.11822
MGG_06875T0	642	643	7612	909.433
MGG_12724T0	2466	2467	1361	42.381
MGG_01912T0	2605	2606	3	0.0884361
MGG_14073T0	1791	1792	0	0
MGG_00158T0	1455	1456	0	0
MGG_12628T0	1365	1366	1656	93.1306
MGG_00654T0	3455	3456	1879	41.7672
MGG_00178T0	1137	1138	1251	84.4496
MGG_05196T0	2730	2731	2697	75.8651
MGG_00790T0	1452	1453	131	6.92609
MGG_10692T0	2314	2315	346	11.4817
MGG_16852T1	3096	3097	96.4228	2.39178
MGG_16852T0	2763	2764	18.5772	0.516327
MGG_16163T0	177	178	0	0
MGG_04502T0	1446	1447	838	44.4896
MGG_06858T0	1152	1153	336	22.3868
MGG_10142T0	3868	3869	1304.05	25.8927
MGG_07448T0	990	991	2	0.155038
MGG_02855T0	1965	1966	919	35.9099
MGG_08261T0	3259	3260	2523	59.4542
MGG_15833T0	540	541	43	6.10596
MGG_15628T1	765	766	0	0
MGG_15628T0	781	782	288.062	28.2984
MGG_13744T0	1292	1293	4277	254.111
MGG_03854T0	4287	4288	439.042	7.86564
MGG_15768T0	1411	1412	69	3.75402
MGG_08776T0	2671	2672	2	0.0575011
MGG_16075T0	177	178	1	0.431581
MGG_00082T0	3324	3325	1631	37.683
MGG_00933T0	2984	2985	79	2.03313
MGG_05390T0	1497	1498	32	1.64105
MGG_16710T0	1983	1984	64	2.47811
MGG_00664T0	2114	2115	373.747	13.5753
MGG_10668T0	2102	2103	1336	48.8034
MGG_08772T0	991	992	116	8.98316
MGG_02474T0	3909	3910	2122	41.6919
MGG_04815T0	923	924	0	0
MGG_17297T0	369	370	0	0
MGG_17510T0	273	274	5	1.40185
MGG_15622T0	1890	1891	263.088	10.6879
MGG_00015T0	904	905	19	1.61283
MGG_13218T0	2497	2498	295.542	9.08886
MGG_11552T0	829	830	11	1.01812
MGG_07493T0	3547	3548	5279	114.301
MGG_07477T0	2152	2153	325.716	11.6219
MGG_06500T0	3081	3082	900	22.4333
MGG_14969T0	2883	2884	1166	31.0589
MGG_07137T0	1745	1746	1792.41	78.8636
MGG_13907T0	1743	1744	2732	120.342
MGG_09368T0	825	826	42	3.90618
MGG_16745T0	186	187	3	1.23243
MGG_10001T0	1632	1633	7	0.329302
MGG_14424T0	204	205	0	0
MGG_09054T0	921	922	404	33.6615
MGG_08501T0	1645	1646	39	1.82019
MGG_07025T0	2407	2408	2553	81.4474
MGG_08935T0	4616	4617	1286	21.3975
MGG_06362T0	1188	1189	8065	521.081
MGG_01124T0	1282	1283	1966.31	117.736
MGG_17572T0	345	346	12	2.66433
MGG_13029T0	1205	1206	176.308	11.2307
MGG_07730T0	1080	1081	85	6.04054
MGG_07184T0	653	654	73	8.57488
MGG_16948T0	267	268	1	0.286647
MGG_13985T0	450	451	13	2.21437
MGG_04673T0	1445	1446	8	0.425015
MGG_07572T0	1926	1927	0	0
MGG_11584T0	1590	1591	5	0.241425
MGG_06422T0	3330	3331	3814	87.9607
MGG_05177T0	1543	1544	298	14.8269
MGG_01482T0	1791	1792	232	9.94564
MGG_16193T0	459	460	1	0.167003
MGG_05434T0	1779	1780	284	12.2569
MGG_02508T0	887	888	149	12.8901
MGG_15497T0	450	451	0	0
MGG_05448T0	2113	2114	1793	65.1565
MGG_04873T0	603	604	3217.85	409.271
MGG_17319T0	555	556	4	0.552673
MGG_15141T0	697	698	36	3.96214
MGG_09168T0	732	733	0	0
MGG_14647T0	1863	1864	183	7.54202
MGG_08531T0	834	835	0	0
MGG_07270T0	2532	2533	4533	137.478
MGG_06905T0	5485	5486	10506	147.117
MGG_00722T0	4877	4878	199	3.13396
MGG_02188T0	1680	1681	0	0
MGG_02849T0	1404	1405	7804	426.701
MGG_18110T0	816	817	1	0.0940287
MGG_08384T0	1734	1735	0	0
MGG_08335T0	1540	1541	2807	139.934
MGG_04922T0	1960	1961	125	4.89683
MGG_02923T0	3501	3502	2109	46.264
MGG_09275T0	5908	5909	101.09	1.31425
MGG_09275T1	5269	5270	9265.91	135.07
MGG_17855T0	669	670	0	0
MGG_09075T0	830	831	537	49.6428
MGG_08488T0	2708	2709	8.37708	0.237556
MGG_16714T0	541	542	2	0.283474
MGG_15899T0	189	190	1945	786.409
MGG_07491T0	966	967	129	10.2482
MGG_09866T0	2580	2581	692	20.5968
MGG_08914T0	3863	3864	29.2579	0.581685
MGG_16400T0	2184	2185	18.8687	0.663395
MGG_01768T0	3263	3264	12617	296.954
MGG_11809T0	3137	3138	465	11.3837
MGG_07117T1	2901	2902	8595.85	227.549
MGG_07117T0	2986	2987	2046.15	52.6241
MGG_06768T0	3441	3442	2740	61.1537
MGG_02954T0	3776	3777	4455	90.6115
MGG_07782T0	788	789	132	12.8523
MGG_17901T0	1526	1527	6889	346.577
MGG_03423T0	804	805	0	0
MGG_07881T0	1024	1025	91	6.82025
MGG_00655T0	2028	2029	1250	47.3272
MGG_04384T0	360	361	1	0.212802
MGG_06215T0	2232	2233	1045	35.9509
MGG_05208T0	1023	1024	970	72.7704
MGG_17593T0	286	287	2	0.535341
MGG_18076T0	426	427	0	0
MGG_09741T0	645	646	1	0.118919
MGG_02303T0	1037	1038	48	3.55244
MGG_07625T0	804	805	0	0
MGG_01517T0	1203	1204	50	3.19026
MGG_03164T0	785	786	1692	165.371
MGG_01786T0	1316	1317	381.73	22.2666
MGG_15042T0	4164	4165	1051.22	19.3892
MGG_08407T0	321	322	0	0
MGG_01608T0	1340	1341	848.933	48.6326
MGG_03368T0	982	983	6.37404	0.498132
MGG_07478T0	2855	2856	4529	121.822
MGG_06234T0	995	996	0	0
MGG_00387T0	1477	1478	20	1.03953
MGG_15174T0	342	343	572	128.11
MGG_16983T0	327	328	698	163.48
MGG_10742T0	1738	1739	2945.69	130.128
MGG_05674T0	2836	2837	5000	135.392
MGG_18027T0	582	583	0	0
MGG_16542T0	190	191	1.00298	0.403406
MGG_01354T0	3728	3729	857.548	17.6664
MGG_06707T0	3032	3033	7231	183.151
MGG_15993T0	183	184	0	0
MGG_07109T0	1504	1505	832.654	42.5021
MGG_15635T0	246	247	26	8.08647
MGG_01744T0	1060	1061	1991	144.158
MGG_15302T0	315	316	11932	2900.74
MGG_14918T0	186	187	63	25.881
MGG_16160T0	4261	4262	347	6.25459
MGG_15267T0	531	532	5	0.722006
MGG_17123T0	1922	1923	539	21.5324
MGG_16084T0	489	490	0	0
MGG_11036T0	3404	3405	1529	34.4963
MGG_14008T0	2072	2073	1164	43.1357
MGG_09388T0	2500	2501	3537	108.644
MGG_08655T0	1392	1393	549	30.2764
MGG_17205T0	336	337	0	0
MGG_05671T0	2703	2704	3699	105.09
MGG_01098T0	774	775	135	13.3818
MGG_04490T0	1624	1625	3161	149.436
MGG_04788T0	4014	4015	860	16.4549
MGG_10755T0	1002	1003	0	0
MGG_15331T0	2045	2046	13	0.488113
MGG_08002T0	2186	2187	223	7.83319
MGG_04016T0	2007	2008	483	18.4785
MGG_02499T0	3084	3085	10073	250.834
MGG_09441T0	1160	1161	108	7.14618
MGG_14906T0	3831	3832	1188	23.8163
MGG_12488T0	660	661	0	0
MGG_16258T0	246	247	6	1.86611
MGG_15963T0	729	730	116.744	12.2855
MGG_15721T0	1759	1760	137	5.97985
MGG_02076T1	1382	1383	0	0
MGG_02076T0	1076	1077	0	0
MGG_02159T0	1377	1378	448	24.9753
MGG_04007T0	1959	1960	1431	56.0875
MGG_06693T0	1135	1136	2612	176.635
MGG_12139T0	914	915	1302	109.313
MGG_17555T0	360	361	0	0
MGG_08853T0	1579	1580	538.264	26.1711
MGG_09901T0	2767	2768	1913	53.0923
MGG_17157T0	1139	1140	3	0.202162
MGG_03679T0	1280	1281	607.138	36.41
MGG_15414T0	855	856	0	0
MGG_15588T0	237	238	0	0
MGG_13438T0	2593	2594	600.009	17.7693
MGG_00256T0	2003	2004	1393	53.3994
MGG_03577T0	1090	1091	39915	2810.57
MGG_06295T0	871	872	1516	133.557
MGG_07034T0	1046	1047	1243	91.2026
MGG_16553T0	542	543	0	0
MGG_08577T0	2341	2342	7845	257.329
MGG_05423T0	2177	2178	0	0
MGG_17208T0	153	154	0	0
MGG_05281T0	2047	2048	45.9827	1.72484
MGG_05281T1	1760	1761	199.017	8.68189
MGG_09507T0	3739	3740	4841	99.4366
MGG_03911T0	2035	2036	1397	52.711
MGG_16963T0	342	343	0	0
MGG_13464T0	2376	2377	221	7.14243
MGG_06150T0	2723	2724	470.285	13.2628
MGG_09215T0	6275	6276	120	1.46886
MGG_04009T0	2343	2344	97	3.17905
MGG_17822T0	1795	1796	53	2.267
MGG_11604T0	2153	2154	49	1.74756
MGG_16214T0	171	172	8	3.57309
MGG_11701T0	4509	4510	334.715	5.70139
MGG_02450T0	2279	2280	3288	110.785
MGG_13240T0	468	469	0	0
MGG_12109T0	2322	2323	1663	54.9953
MGG_17128T0	219	220	6	2.09513
MGG_14852T0	4449	4450	1286.65	22.2118
MGG_09085T0	1464	1465	623	32.6688
MGG_11243T0	2241	2242	1728	59.2094
MGG_06936T0	1239	1240	2177	134.871
MGG_01295T0	1331	1332	1595	91.9897
MGG_09583T0	312	313	0	0
MGG_04134T0	1965	1966	0	0
MGG_06024T0	6440	6441	224	2.67164
MGG_06400T0	3280	3281	3974	93.0474
MGG_15994T0	2252	2253	0	0
MGG_15820T0	222	223	1	0.344491
MGG_11691T0	1137	1138	130	8.77574
MGG_10310T0	1067	1068	133	9.56672
MGG_14297T0	1437	1438	896	47.8665
MGG_15915T0	1731	1732	0	0
MGG_16092T0	366	367	4.18103	0.875185
MGG_14734T0	448	449	0	0
MGG_09739T0	897	898	5	0.427737
MGG_05806T0	2831	2832	317	8.59902
MGG_03002T0	3611	3612	10742	228.465
MGG_00606T0	2660	2661	483	13.9439
MGG_02071T1	2033	2034	22.5757	0.852655
MGG_02071T0	2217	2218	4.49127	0.155557
MGG_15675T0	1137	1138	821	55.4222
MGG_16235T0	159	160	0	0
MGG_11667T0	672	673	781.826	89.2437
MGG_01547T0	1057	1058	1264.24	91.7966
MGG_08558T0	2837	2838	1108	29.9923
MGG_00316T0	2956	2957	171	4.4425
MGG_07460T0	1131	1132	1988	134.913
MGG_17927T0	240	241	6699	2135.38
MGG_02717T0	1652	1653	67.5963	3.14147
MGG_08547T0	4068	4069	2426	45.8021
MGG_03893T0	2745	2746	478	13.3724
MGG_06892T0	2598	2599	2282	67.4516
MGG_06010T0	603	604	23	2.92532
MGG_17813T0	2610	2611	3085	90.7676
MGG_13573T0	2573	2574	56	1.67133
MGG_13079T0	2393	2394	80	2.56713
MGG_01653T0	1367	1368	1333	74.856
MGG_07442T0	1879	1880	2183	89.2028
MGG_09466T0	2371	2372	784.747	25.4154
MGG_09333T0	1228	1229	20	1.25015
MGG_01978T0	3044	3045	862	21.7472
MGG_04316T0	1617	1618	4	0.189917
MGG_17933T0	2974	2975	0	0
MGG_05825T0	2032	2033	21	0.793532
MGG_00100T0	1229	1230	380	23.7335
MGG_00563T0	1050	1051	12	0.877124
MGG_01076T0	3116	3117	812	20.0125
MGG_08072T0	5253	5254	1533	22.4148
MGG_07275T0	3981	3982	1734	33.4527
MGG_04585T0	2930	2931	396.282	10.3865
MGG_15603T0	162	163	0	0
MGG_14851T0	503	504	86	13.1084
MGG_13163T0	4001	4002	1042.83	20.0179
MGG_00295T0	2743	2744	8331.79	233.258
MGG_01158T0	5790	5791	138.533	1.83774
MGG_17162T0	591	592	1	0.129766
MGG_04083T0	1038	1039	1206.1	89.1768
MGG_10341T0	762	763	1	0.100683
MGG_03557T0	2652	2653	20522	594.244
MGG_00546T0	321	322	1950	465.223
MGG_01641T0	2497	2498	4019	123.597
MGG_03735T0	1845	1846	1094	45.5269
MGG_12773T0	1482	1483	27	1.39864
MGG_14943T0	11919	11920	5	0.0322238
MGG_01501T0	1456	1457	26.6854	1.40701
MGG_17782T0	198	199	2	0.772075
MGG_12789T0	1566	1567	283	13.874
MGG_16500T0	1034	1035	37.1185	2.75507
MGG_11784T0	3609	3610	3126	66.5219
MGG_04462T0	2505	2506	3435.69	105.321
MGG_14701T0	1287	1288	139	8.29052
MGG_11422T0	501	502	101	15.4561
MGG_03822T0	1718	1719	16	0.715034
MGG_15283T0	1101	1102	28	1.95191
MGG_08694T0	1590	1591	135	6.51848
MGG_09844T0	564	565	0	0
MGG_06952T0	675	676	1311	148.984
MGG_07205T0	4463	4464	2741.6	47.1806
MGG_09225T0	1252	1253	19	1.16489
MGG_17649T0	585	586	0	0
MGG_16991T0	204	205	0	0
MGG_17712T0	2186	2187	2062.43	72.4456
MGG_15953T0	570	571	30	4.03616
MGG_07475T1	1060	1061	51.2831	3.71314
MGG_07475T0	1338	1339	731.532	41.9697
MGG_01210T0	1609	1610	3014	143.814
MGG_14785T0	1565	1566	231	11.3319
MGG_01896T0	1658	1659	6	0.277835
MGG_13773T0	2249	2250	781	26.6656
MGG_05814T0	2046	2047	434	16.2875
MGG_10910T0	1421	1422	41	2.21497
MGG_00151T0	4608	4609	155	2.5835
MGG_00861T0	4105	4106	503	9.41091
MGG_08523T0	1998	1999	21703	834.045
MGG_16888T0	387	388	11	2.17793
MGG_05959T0	2932	2933	710	18.5964
MGG_14114T0	786	787	1	0.0976131
MGG_16832T0	545	546	0	0
MGG_11100T0	2828	2829	2061	55.9664
MGG_15545T0	450	451	11	1.87369
MGG_15836T0	461	462	1	0.16628
MGG_07639T0	4137	4138	59	1.09533
MGG_03632T0	1858	1859	887	36.6545
MGG_13934T0	1303	1304	53	3.12235
MGG_10924T0	2604	2605	1803.03	53.1714
MGG_00574T0	1512	1513	74	3.7573
MGG_16855T0	1419	1420	84.3743	4.56462
MGG_03199T0	1619	1620	1659.44	78.6918
MGG_01230T0	2107	2108	242	8.81916
MGG_15587T0	429	430	15	2.67982
MGG_07392T0	934	935	1443	118.56
MGG_03791T0	531	532	0	0
MGG_04948T0	1217	1218	108	6.81176
MGG_10160T0	1607	1608	486	23.2184
MGG_17305T0	306	307	0	0
MGG_14367T0	1631	1632	36	1.69459
MGG_09908T0	814	815	925	87.19
MGG_05378T0	2213	2214	1821	63.1852
MGG_13325T0	638	639	16	1.92354
MGG_15134T0	1350	1351	51	2.9
MGG_01160T0	779	780	28514.2	2808.34
MGG_01721T0	2446	2447	10082	316.516
MGG_15143T0	324	325	48	11.3459
MGG_15826T0	339	340	7	1.58162
MGG_02877T0	856	857	1889	169.33
MGG_08585T0	2223	2224	854	29.4989
MGG_17386T0	402	403	32	6.09997
MGG_10116T0	2287	2288	323	10.845
MGG_01191T0	2799	2800	1851	50.7845
MGG_14792T0	1662	1663	796	36.7708
MGG_06981T0	3521	3522	347.852	7.58732
MGG_06981T2	3278	3279	723.146	16.9421
MGG_06981T1	3381	3382	0.00170908	3.88215e-05
MGG_13107T0	1397	1398	1132	62.2045
MGG_06507T0	3007	3008	3278	83.717
MGG_08726T0	645	646	0	0
MGG_16383T0	770	771	599.8	59.7633
MGG_09476T0	737	738	369	38.4107
MGG_02982T0	1975	1976	498	19.3609
MGG_16107T0	638	639	190	22.8421
MGG_06117T0	3760	3761	5475	111.831
MGG_06223T0	942	943	0	0
MGG_01623T0	3243	3244	867	20.5315
MGG_01850T0	1933	1934	797	31.6581
MGG_06799T0	2969	2970	228.494	5.91018
MGG_00319T0	2041	2042	647	24.3406
MGG_04886T0	4987	4988	4302	66.2562
MGG_01239T0	1319	1320	326	18.9726
MGG_14162T0	2769	2770	1505.22	41.7447
MGG_17392T0	291	292	6	1.57852
MGG_07452T0	1038	1039	30	2.21814
MGG_02512T0	999	1000	616.608	47.3688
MGG_09639T0	7496	7497	31	0.317656
MGG_02090T0	462	463	8	1.32737
MGG_03957T0	1888	1889	1572	63.9298
MGG_05741T0	663	664	183	21.1722
MGG_05110T0	1220	1221	4544	285.894
MGG_16141T0	958	959	55	4.40582
MGG_06966T0	3516	3517	12517.5	273.418
MGG_03559T0	2408	2409	1072	34.1854
MGG_15613T0	213	214	0	0
MGG_10678T0	1809	1810	557	23.6406
MGG_04652T0	6738	6739	4784	54.5354
MGG_03931T0	4227	4228	2552.19	46.3724
MGG_07305T0	1823	1824	84	3.53783
MGG_01734T0	3921	3922	302	5.91537
MGG_09462T0	954	955	1091	87.7615
MGG_00829T0	912	913	28	2.35597
MGG_10829T0	2883	2884	1131.31	30.1349
MGG_00659T0	2314	2315	14312	474.933
MGG_14673T0	388	389	83	16.3912
MGG_06224T0	405	406	0	0
MGG_10344T0	1473	1474	2	0.104235
MGG_07542T0	663	664	3001	347.201
MGG_03820T0	1590	1591	0	0
MGG_16362T0	195	196	0	0
MGG_00517T0	1672	1673	213.241	9.7917
MGG_15163T0	2882	2883	271.174	7.2258
MGG_04289T0	1563	1564	3	0.147356
MGG_05856T0	4920	4921	2002	31.2531
MGG_09031T0	750	751	265	27.1074
MGG_02647T0	618	619	42251	5243.59
MGG_14802T0	366	367	171	35.7942
MGG_14719T0	1329	1330	0	0
MGG_09492T0	1276	1277	409	24.6045
MGG_04341T0	444	445	13	2.24422
MGG_02123T0	2716	2717	110	3.11018
MGG_18119T0	279	280	0	0
MGG_17835T0	880	881	31	2.70314
MGG_15413T0	1205	1206	0	0
MGG_00748T0	4412	4413	1574.44	27.4079
MGG_17417T0	186	187	2	0.82162
MGG_08782T0	660	661	756	87.8624
MGG_14251T0	2064	2065	0	0
MGG_05319T0	3427	3428	2988	66.9611
MGG_12830T0	2536	2537	811	24.5574
MGG_07655T0	1728	1729	11	0.488743
MGG_17343T0	292	293	2	0.524379
MGG_05721T0	1911	1912	226.767	9.11119
MGG_06888T0	1700	1701	50	2.25813
MGG_00593T0	3045	3046	48	1.21058
MGG_09383T1	2815	2816	2.03209	0.0554361
MGG_09383T0	3129	3130	9.96791	0.244648
MGG_06685T0	704	705	16932.2	1845.05
MGG_08117T0	2552	2553	438	13.1797
MGG_17951T0	180	181	1	0.424428
MGG_00460T0	1665	1666	210	9.68338
MGG_06137T0	1904	1905	1867.76	75.3196
MGG_10579T0	5049	5050	2851	43.3699
MGG_09776T0	2748	2749	2163	60.4456
MGG_09477T0	900	901	10559	900.286
MGG_15900T0	996	997	32	2.46568
MGG_04855T0	5941	5942	10990	142.085
MGG_05571T1	1670	1671	4875.33	224.135
MGG_05571T0	1994	1995	2297.67	88.4763
MGG_03153T0	771	772	421	41.8936
MGG_04682T0	2261	2262	0	0
MGG_16701T0	444	445	0	0
MGG_09581T0	405	406	0	0
MGG_08500T0	1557	1558	49	2.41608
MGG_00941T0	1372	1373	19.0115	1.06372
MGG_00623T0	2996	2997	6861.53	175.88
MGG_09657T0	330	331	0	0
MGG_09994T0	1768	1769	73	3.17013
MGG_04243T0	1254	1255	1810.82	110.844
MGG_15236T0	417	418	45	8.27026
MGG_11638T0	7997	7998	33	0.316968
MGG_13793T0	3514	3515	344	7.51823
MGG_15343T0	930	931	4	0.33006
MGG_09452T0	330	331	0	0
MGG_03984T0	1454	1455	2578.25	136.127
MGG_09326T0	897	898	15.1984	1.30018
MGG_04939T0	1430	1431	22	1.18104
MGG_13198T0	1037	1038	37	2.73834
MGG_07830T0	1517	1518	64	3.23885
MGG_05630T0	3421	3422	610	13.6941
MGG_03257T0	2947	2948	35.9021	0.935568
MGG_03659T0	1654	1655	414	19.217
MGG_16543T0	486	487	309	48.743
MGG_09934T0	1902	1903	19.2008	0.775109
MGG_06367T0	1650	1651	3204	149.083
MGG_07680T0	729	730	0	0
MGG_09814T0	2451	2452	0	0
MGG_17010T0	222	223	6	2.06695
MGG_01920T0	2447	2448	11	0.345195
MGG_01084T0	1011	1012	1390	105.516
MGG_02754T0	3581	3582	525	11.2594
MGG_03860T0	2162	2163	994	35.3031
MGG_14477T0	1653	1654	0	0
MGG_01134T0	2510	2511	4313	131.952
MGG_16531T0	1705	1706	338	15.2202
MGG_06887T0	1974	1975	1712	66.5916
MGG_06677T0	1731	1732	500.341	22.1922
MGG_15071T0	1236	1237	142	8.81863
MGG_02349T0	988	989	0	0
MGG_17429T0	2244	2245	405	13.8587
MGG_05875T0	723	724	10	1.06107
MGG_00879T0	2775	2776	851	23.5501
MGG_07605T0	1162	1163	8	0.528437
MGG_10198T0	1568	1569	881	43.1356
MGG_17780T0	384	385	0	0
MGG_15324T0	2989	2990	68.6004	1.76254
MGG_11536T0	2370	2371	376	12.1826
MGG_00043T0	396	397	0	0
MGG_02651T0	845	846	934	84.8124
MGG_11577T0	1381	1382	3258	181.103
MGG_07384T0	2135	2136	1824	65.6004
MGG_13809T0	3240	3241	61	1.44588
MGG_15843T0	377	378	11	2.23555
MGG_07652T0	954	955	16	1.28706
MGG_17582T0	213	214	0	0
MGG_01931T0	2322	2323	53	1.75271
MGG_07566T0	1053	1054	0	0
MGG_02471T0	2312	2313	1004	33.3458
MGG_05714T0	5262	5263	444	6.48085
MGG_05349T0	1456	1457	1357	71.5489
MGG_03537T0	4554	4555	3646.67	61.5022
MGG_16190T0	1018	1019	9	0.678502
MGG_00741T0	1266	1267	324	19.645
MGG_17441T0	1076	1077	10	0.713291
MGG_08887T0	5213	5214	3317	48.8717
MGG_15990T0	1753	1754	17.3259	0.758838
MGG_18000T0	192	193	2	0.796078
MGG_08078T0	1003	1004	3517.74	269.161
MGG_07960T0	1203	1204	2	0.12761
MGG_00720T0	3443	3444	1803	40.2175
MGG_16548T0	452	453	4.08551	0.692836
MGG_09150T1	1904	1905	0.999979	0.0403254
MGG_09150T0	1949	1950	2.11651e-05	8.33813e-07
MGG_02745T0	489	490	264	41.3895
MGG_17464T0	359	360	1	0.213393
MGG_03785T0	732	733	4	0.419217
MGG_02988T0	1718	1719	17	0.759724
MGG_17934T0	180	181	0	0
MGG_10315T0	849	850	17484	1580.17
MGG_13208T0	1202	1203	156	9.96189
MGG_17574T0	303	304	36	9.09728
MGG_04390T0	3204	3205	351.305	8.42053
MGG_06069T0	2100	2101	76885	2811.24
MGG_08727T0	927	928	0	0
MGG_01471T0	1300	1301	751	44.3451
MGG_02529T0	1870	1871	14	0.574827
MGG_02833T0	4561	4562	1457	24.5351
MGG_09924T0	2674	2675	653	18.7531
MGG_01290T0	2391	2392	2517	80.836
MGG_16472T0	3318	3319	2682	62.0775
MGG_06456T0	1050	1051	129	9.42909
MGG_01904T0	456	457	0	0
MGG_07088T0	1060	1061	85	6.15441
MGG_06110T0	1890	1891	220.521	8.95861
MGG_11862T0	2389	2390	884	28.4143
MGG_05788T0	1351	1352	1817	103.243
MGG_09819T0	894	895	0	0
MGG_00756T0	2440	2441	219.235	6.8996
MGG_01689T0	1409	1410	1198	65.271
MGG_14848T0	693	694	140	15.4971
MGG_14115T0	2338	2339	466	15.3052
MGG_08664T0	471	472	5.58968	0.909761
MGG_05969T0	3756	3757	1235.71	25.2673
MGG_02122T0	2114	2115	177	6.42903
MGG_07300T0	2038	2039	123	4.63416
MGG_14939T0	843	844	182	16.5658
MGG_02304T0	1065	1066	16	1.15304
MGG_03536T0	2383	2384	323.605	10.4278
MGG_00383T0	2082	2083	8577	316.322
MGG_14688T0	1753	1754	1154.86	50.5806
MGG_10725T0	567	568	0	0
MGG_01699T0	3585	3586	393	8.41909
MGG_01767T0	1762	1763	535	23.3122
MGG_02874T0	5132	5133	3006	44.9884
MGG_11764T0	3857	3858	12631.9	251.53
MGG_11764T1	4018	4019	18175.1	347.409
MGG_02790T0	1907	1908	800	32.2103
MGG_03755T0	1772	1773	3	0.129986
MGG_15593T0	162	163	0	0
MGG_12862T0	3539	3540	573	12.4347
MGG_16161T0	3614	3615	1397	29.6873
MGG_08329T0	2163	2164	365	12.9574
MGG_00365T0	2129	2130	6126	220.943
MGG_00287T0	1258	1259	121	7.38316
MGG_02583T0	2521	2522	1	0.0304605
MGG_07692T0	747	748	0	0
MGG_07257T0	1407	1408	138	7.52938
MGG_04742T0	1183	1184	23.0152	1.4933
MGG_14798T0	828	829	727	67.3694
MGG_10565T0	1622	1623	1027	48.611
MGG_00707T0	1628	1629	677	31.9264
MGG_05962T0	997	998	408	31.406
MGG_01765T0	1312	1313	658.461	38.5255
MGG_15880T0	204	205	0	0
MGG_17943T0	201	202	0	0
MGG_02283T0	456	457	8	1.3448
MGG_04857T0	1875	1876	104	4.25876
MGG_06168T0	2675	2676	628	18.0284
MGG_11012T0	570	571	0	0
MGG_09400T0	1530	1531	7	0.351241
MGG_03522T0	1730	1731	1650	73.2267
MGG_01836T0	3885	3886	4375	86.4884
MGG_04162T0	1504	1505	704	35.9351
MGG_11440T0	2579	2580	751	22.3616
MGG_10150T0	2195	2196	3613	126.392
MGG_02741T0	2703	2704	4578	130.062
MGG_10757T0	1116	1117	0	0
MGG_00566T0	1092	1093	11	0.773135
MGG_10442T0	1284	1285	14	0.836966
MGG_10573T0	1473	1474	0	0
MGG_04908T0	2679	2680	1307	37.4648
MGG_00922T0	1712	1713	32083	1438.8
MGG_16504T0	168	169	7	3.18195
MGG_00202T0	1703	1704	320.664	14.4565
MGG_03266T0	1357	1358	193.507	10.9466
MGG_00116T0	1448	1449	8	0.424135
MGG_04121T0	1746	1747	201	8.83865
MGG_09550T0	1391	1392	282	15.563
MGG_08732T0	3002	3003	557	14.2489
MGG_06938T0	1588	1589	155.051	7.49609
MGG_01136T0	1097	1098	485	33.933
MGG_17442T0	2106	2107	1614	58.8466
MGG_11274T0	1735	1736	68	3.00914
MGG_15082T0	1318	1319	4	0.232969
MGG_13919T0	2649	2650	2	0.0579785
MGG_04571T0	2749	2750	6	0.167611
MGG_07033T0	3529	3530	5728	124.655
MGG_17278T0	1929	1930	390	15.5235
MGG_02021T0	903	904	0	0
MGG_06419T0	2406	2407	10231	326.531
MGG_01208T0	1090	1091	2673	188.216
MGG_17993T0	300	301	0	0
MGG_00177T0	1427	1428	1347	72.464
MGG_13065T0	3625	3626	2483	52.6056
MGG_17629T0	366	367	11	2.30255
MGG_07953T0	3288	3289	0	0
MGG_03907T0	2152	2153	5145	183.579
MGG_04927T0	2629	2630	558.935	16.3263
MGG_17889T0	1080	1081	320	22.7409
MGG_08827T0	3375	3376	4663	106.107
MGG_17921T0	441	442	10	1.73804
MGG_08970T0	4906	4907	853	13.3541
MGG_05295T0	2706	2707	2556	72.5363
MGG_17105T0	228	229	6	2.01279
MGG_06497T0	4145	4146	478	8.85689
MGG_05766T0	864	865	65	5.77271
MGG_11067T0	819	820	0	0
MGG_05499T0	1511	1512	3	0.152424
MGG_14990T0	1067	1068	35	2.51756
MGG_07016T0	1394	1395	702	38.6586
MGG_08621T0	762	763	129	12.9882
MGG_02709T0	947	948	12	0.972424
MGG_04590T0	2954	2955	12	0.311965
MGG_07628T0	2509	2510	8154	249.563
MGG_02623T0	1059	1060	1144	82.9092
MGG_04929T0	2250	2251	4990	170.297
MGG_18017T0	2121	2122	425	15.386
MGG_12982T0	837	838	4	0.36669
MGG_02340T0	1218	1219	34	2.14268
MGG_04569T0	1805	1806	201	8.5499
MGG_16955T0	261	262	0	0
MGG_13763T0	1484	1485	403	20.8479
MGG_17887T0	549	550	177	24.7226
MGG_10574T0	525	526	2	0.292097
MGG_17143T0	195	196	7	2.74362
MGG_01125T0	2627	2628	6920	202.285
MGG_15385T0	402	403	16	3.04998
MGG_06942T0	462	463	55	9.12566
MGG_17603T0	480	481	1	0.159712
MGG_15767T0	642	643	460	54.9578
MGG_17606T0	738	739	4	0.415813
MGG_06673T0	6852	6853	377	4.22613
MGG_05677T0	1269	1270	666	40.2859
MGG_15023T0	3583	3584	569	12.1963
MGG_07816T0	1389	1390	270.193	14.9328
MGG_05257T0	3771	3772	3896	79.3469
MGG_02409T0	1865	1866	1516	62.4123
MGG_15668T0	2949	2950	1506	39.218
MGG_09016T0	3006	3007	23	0.587594
MGG_00823T0	426	427	0	0
MGG_05727T0	4863	4864	2779	43.8912
MGG_16089T0	252	253	0	0
MGG_01231T0	1189	1190	167	10.7808
MGG_13781T0	2010	2011	6847	261.56
MGG_08954T0	2513	2514	0	0
MGG_08954T1	2426	2427	0	0
MGG_03061T0	2337	2338	166	5.45439
MGG_04171T0	2257	2258	336	11.4314
MGG_16512T0	369	370	349	72.4613
MGG_03974T0	1765	1766	215	9.35256
MGG_07306T0	2259	2260	233	7.92009
MGG_04968T0	2189	2190	232	8.13817
MGG_01129T0	2252	2253	536	18.2762
MGG_07145T0	3417	3418	3469	77.9677
MGG_08944T0	488	489	0	0
MGG_00494T0	3293	3294	402	9.3753
MGG_03341T0	3189	3190	51	1.22818
MGG_11632T0	1791	1792	1	0.0428691
MGG_04985T0	4280	4281	1023	18.3575
MGG_16829T0	659	660	50	5.81981
MGG_16055T0	665	666	0	0
MGG_07851T0	1672	1673	17	0.780613
MGG_03071T0	1936	1937	648.877	25.7345
MGG_06984T0	3932	3933	519.752	10.1521
MGG_02969T0	441	442	264	45.8843
MGG_06464T0	1401	1402	2	0.109588
MGG_03113T0	727	728	5	0.52762
MGG_11457T0	1927	1928	1914.07	76.2665
MGG_11457T1	1075	1076	203.928	14.5595
MGG_00104T0	889	890	403.774	34.8523
MGG_09233T0	1575	1576	7	0.341212
MGG_01150T0	4411	4412	12372	215.421
MGG_07098T0	3908	3909	3012.47	59.2025
MGG_10592T0	1290	1291	11	0.65456
MGG_02860T0	954	955	68	5.47001
MGG_18128T0	279	280	0	0
MGG_00481T0	1813	1814	534.092	22.6184
MGG_03333T0	2167	2168	1714	60.7343
MGG_05414T0	477	478	1	0.160714
MGG_01603T0	1753	1754	113	4.94916
MGG_03358T0	2730	2731	11	0.309424
MGG_07344T0	783	784	386	37.8228
MGG_00917T0	1495	1496	776	39.8486
MGG_04191T0	2787	2788	6541	180.233
MGG_17670T0	297	298	0	0
MGG_15926T0	432	433	0	0
MGG_09001T0	360	361	1112	236.636
MGG_13331T0	1074	1075	0	0
MGG_05626T0	4952	4953	4158	64.491
MGG_14597T0	2307	2308	42000	1397.96
MGG_11009T0	1047	1048	0	0
MGG_11553T0	2814	2815	760	20.7404
MGG_08262T0	3199	3200	203	4.87336
MGG_04988T0	4220	4221	1791	32.5959
MGG_16620T0	579	580	1	0.132451
MGG_03920T0	1742	1743	1716	75.6315
MGG_13279T0	4408	4409	1455.38	25.3582
MGG_14183T0	888	889	0	0
MGG_17792T0	458	459	1	0.167367
MGG_16994T0	252	253	0	0
MGG_00979T0	2841	2842	2506	67.7391
MGG_07985T0	3654	3655	1.03644	0.0217841
MGG_15637T0	893	894	391	33.5987
MGG_01960T0	1806	1807	0	0
MGG_17480T0	669	670	14	1.60523
MGG_08783T0	2527	2528	524.601	15.9417
MGG_07847T0	618	619	2	0.248212
MGG_10127T0	4000	4001	830.993	15.9555
MGG_07586T0	501	502	0	0
MGG_14648T0	327	328	1	0.234212
MGG_08092T0	4846	4847	3339	52.9208
MGG_15541T0	231	232	0	0
MGG_06468T0	1158	1159	1573	104.262
MGG_02738T0	884	885	324.872	28.2002
MGG_18066T0	516	517	0	0
MGG_05705T0	723	724	3	0.318321
MGG_17880T0	391	392	0	0
MGG_00388T0	4022	4023	29	0.553772
MGG_07350T0	609	610	8	1.00749
MGG_02079T0	756	757	0	0
MGG_10557T0	597	598	0	0
MGG_00822T0	912	913	14	1.17799
MGG_09863T0	1701	1702	22	0.992992
MGG_16574T0	1458	1459	0	0
MGG_05483T0	1574	1575	37065	1807.87
MGG_00687T0	2441	2442	279	8.7769
MGG_00962T0	651	652	3.02054	0.355893
MGG_00692T0	3976	3977	23267	449.436
MGG_10837T0	3490	3491	3547.52	78.0652
MGG_10485T0	2489	2490	53	1.63516
MGG_10658T0	1784	1785	1	0.0430372
MGG_09899T0	1582	1583	47.8227	2.32079
MGG_06004T0	1270	1271	2396.12	144.826
MGG_05702T0	1375	1376	270.4	15.0963
MGG_18061T0	321	322	0	0
MGG_00736T0	5640	5641	890	12.1204
MGG_03430T0	1452	1453	1	0.0528709
MGG_04965T0	2816	2817	1431	39.0243
MGG_08829T0	2921	2922	5714	150.225
MGG_00905T0	1811	1812	1356.69	57.5182
MGG_03680T0	1178	1179	3209	209.093
MGG_10106T0	1496	1497	3	0.153951
MGG_15954T0	2104	2105	2513	91.7113
MGG_16933T0	150	151	0	0
MGG_04761T0	1745	1746	1503	66.1298
MGG_08567T0	267	268	0	0
MGG_16185T0	443	444	35	6.05575
MGG_00042T0	1839	1840	0	0
MGG_02509T0	1242	1243	56.982	3.52167
MGG_10781T0	588	589	0	0
MGG_10801T0	1221	1222	0	0
MGG_10288T0	2076	2077	61	2.25619
MGG_02382T0	630	631	0	0
MGG_03628T0	2182	2183	2279	80.1998
MGG_02781T0	4800	4801	3832	61.3164
MGG_09733T0	969	970	4472.91	354.243
MGG_06586T0	1494	1495	338.679	17.4032
MGG_07900T0	426	427	0	0
MGG_04305T0	1143	1144	0	0
MGG_03139T0	2525	2526	1783	54.2251
MGG_02485T0	2423	2424	3847	121.919
MGG_14843T0	1554	1555	59	2.91477
MGG_16008T0	543	544	0	0
MGG_11062T0	2425	2426	107	3.38825
MGG_05870T0	762	763	177	17.821
MGG_17153T0	1981	1982	52	2.0155
MGG_06619T0	1620	1621	20.5435	0.973584
MGG_08818T0	369	370	0	0
MGG_14763T0	3105	3106	629	15.5572
MGG_10639T0	2626	2627	334	9.76718
MGG_03904T0	907	908	9	0.761446
MGG_07328T0	858	859	4729	422.921
MGG_00583T0	3876	3877	2986	59.1666
MGG_02484T0	1747	1748	154.213	6.77739
MGG_03827T0	1044	1045	1	0.0735134
MGG_16912T0	657	658	11	1.28425
MGG_00085T0	2167	2168	695	24.6268
MGG_17370T0	249	250	19	5.83843
MGG_16764T0	879	880	293	25.5781
MGG_08441T0	639	640	3	0.360101
MGG_02526T0	4460	4461	1235	21.2675
MGG_02255T0	645	646	23	2.73513
MGG_05264T0	3116	3117	4262	105.041
MGG_01104T0	1163	1164	916	60.454
MGG_15368T0	2121	2122	2650.95	95.9708
MGG_01684T0	1936	1937	671.765	26.6422
MGG_09371T0	2116	2117	4321	156.8
MGG_03965T0	548	549	1153	161.339
MGG_06393T0	3957	3958	1677	32.5492
MGG_00391T0	1087	1088	10	0.70608
MGG_06672T0	1913	1914	6006	241.061
MGG_03258T0	1107	1108	2	0.138667
MGG_09299T0	4087	4088	2542.9	47.7861
MGG_08028T0	735	736	6	0.626262
MGG_02055T0	2161	2162	0	0
MGG_02105T0	1375	1376	249	13.9016
MGG_03072T0	698	699	76.1231	8.36608
MGG_17962T0	2256	2257	5070.76	172.593
MGG_11119T0	3765	3766	309	6.3032
MGG_15552T0	174	175	1	0.43898
MGG_09214T0	4516	4517	1133	19.2691
MGG_01174T0	2279	2280	1000	33.6936
MGG_16516T0	367	368	14	2.92256
MGG_05168T0	1840	1841	148	6.17576
MGG_04165T0	4682	4683	1759	28.8552
MGG_15059T0	228	229	0	0
MGG_11443T0	3310	3311	1366	31.6938
MGG_11430T0	4516	4517	1497	25.4598
MGG_00880T0	1874	1875	143.325	5.87223
MGG_06358T0	3076	3077	1647	41.1196
MGG_07560T0	1463	1464	67	3.51574
MGG_01255T0	1541	1542	56932	2836.32
MGG_05676T0	1983	1984	2271	87.9343
MGG_17476T0	759	760	101	10.2092
MGG_05348T0	1496	1497	67.417	3.45963
MGG_15594T0	321	322	0	0
MGG_17576T0	261	262	0	0
MGG_16044T0	1239	1240	521	32.2774
MGG_09285T0	2116	2117	4285	155.494
MGG_03224T0	1280	1281	878	52.6536
MGG_15107T0	552	553	0	0
MGG_10487T0	1741	1742	18	0.793793
MGG_00871T0	3103	3104	54804	1356.35
MGG_09238T0	1720	1721	2253	100.569
MGG_07065T0	3350	3351	6356	145.711
MGG_06039T0	5249	5250	562.002	8.22359
MGG_08355T0	461	462	0	0
MGG_00936T0	321	322	3	0.715728
MGG_09811T0	2906	2907	812	21.4582
MGG_01655T0	3409	3410	205	4.6183
MGG_04484T0	1106	1107	2014.64	139.808
MGG_16375T0	1287	1288	76	4.53294
MGG_15504T0	258	259	10	2.96608
MGG_01974T0	1394	1395	17	0.936176
MGG_17021T0	339	340	0	0
MGG_16064T0	675	676	253.865	28.8496
MGG_05340T0	2549	2550	231.863	6.98512
MGG_05763T0	650	651	76	8.96841
MGG_08239T0	1236	1237	0	0
MGG_07811T0	507	508	0	0
MGG_17182T0	183	184	7	2.92256
MGG_17794T0	883	884	46	3.9975
MGG_02951T0	1636	1637	298	13.9846
MGG_04361T0	1323	1324	46	2.66902
MGG_03438T0	2139	2140	1768	63.4675
MGG_04804T0	2745	2746	304.401	8.51584
MGG_10140T0	1411	1412	1935.47	105.301
MGG_08770T0	1679	1680	48	2.1949
MGG_04039T0	813	814	864.596	81.5965
MGG_07899T0	153	154	0	0
MGG_14988T0	2436	2437	12	0.378276
MGG_15800T0	939	940	32.2166	2.6329
MGG_13764T0	1890	1891	14	0.568747
MGG_07303T0	1048	1049	0	0
MGG_15067T0	3162	3163	61	1.48154
MGG_09114T0	1713	1714	1801	80.7208
MGG_03325T0	1459	1460	128	6.73503
MGG_03016T0	1044	1045	401	29.4789
MGG_03196T0	3674	3675	5534	115.682
MGG_01806T0	1503	1504	4.02717	0.2057
MGG_12994T0	795	796	548	52.8872
MGG_11877T0	1275	1276	510	30.7045
MGG_10507T0	3267	3268	2052	48.2367
MGG_09022T0	1595	1596	34	1.63655
MGG_02985T0	1902	1903	939	37.9061
MGG_17045T0	228	229	0	0
MGG_16015T0	1002	1003	0	0
MGG_07665T0	1652	1653	77	3.5785
MGG_06470T0	3141	3142	1391	34.0098
MGG_05266T0	2586	2587	1788	53.095
MGG_09895T0	1791	1792	756	32.4091
MGG_05481T0	2172	2173	334	11.8078
MGG_17691T0	168	169	2	0.90913
MGG_07853T0	1713	1714	0	0
MGG_12415T0	783	784	360	35.2752
MGG_03690T0	2624	2625	5848	171.144
MGG_01240T0	2628	2629	7107	207.672
MGG_17232T0	300	301	0	0
MGG_08469T0	557	558	0	0
MGG_05327T0	766	767	2325	232.868
MGG_03109T1	3058	3059	1438.36	36.1218
MGG_03109T0	3130	3131	2312.64	56.7425
MGG_03633T0	3683	3684	547	11.4064
MGG_08652T0	984	985	0	0
MGG_07413T0	537	538	0	0
MGG_16503T0	631	632	8	0.972424
MGG_14203T0	1818	1819	979	41.3459
MGG_05167T0	1451	1452	1020	53.9655
MGG_16635T0	776	777	8	0.790955
MGG_17453T0	2115	2116	1039	37.7209
MGG_02100T0	879	880	0	0
MGG_11390T0	1847	1848	608.294	25.2868
MGG_09571T0	2583	2584	11839	351.97
MGG_08940T0	873	874	0	0
MGG_06269T0	1115	1116	3188	219.451
MGG_15031T0	474	475	0	0
MGG_14348T0	2667	2668	990	28.5057
MGG_00078T0	1285	1286	1849	110.453
MGG_15698T0	153	154	0	0
MGG_06204T0	2600	2601	344	10.1602
MGG_02915T0	1548	1549	536	26.5825
MGG_00660T0	4098	4099	1278.24	23.9562
MGG_01486T0	4020	4021	28	0.534942
MGG_16798T0	204	205	10	3.74739
MGG_12536T0	1842	1843	244	10.1706
MGG_09894T0	618	619	1814	225.128
MGG_14295T0	1224	1225	0	0
MGG_04534T0	4234	4235	91	1.65071
MGG_17888T0	760	761	1223	123.459
MGG_09505T0	3358	3359	912	20.8578
MGG_00348T0	2387	2388	2362	75.9851
MGG_10661T0	1436	1437	96	5.13212
MGG_08681T0	1689	1690	36.2031	1.64567
MGG_07268T0	2152	2153	1391.96	49.6669
MGG_15425T0	465	466	10	1.64853
MGG_13245T0	1347	1348	150	8.54838
MGG_10817T0	1291	1292	1	0.0594594
MGG_18020T0	408	409	0	0
MGG_12899T0	4241	4242	290.738	5.26519
MGG_17617T0	1949	1950	298	11.7399
MGG_12491T0	345	346	2	0.444055
MGG_17097T0	1951	1952	473	18.615
MGG_04619T0	1352	1353	555.542	31.5429
MGG_08730T0	2583	2584	1347	40.0459
MGG_04116T0	5004	5005	1132.27	17.3792
MGG_15402T0	3363	3364	427.339	9.75887
MGG_14754T0	2498	2499	346	10.6363
MGG_00909T0	3238	3239	1856	44.02
MGG_09915T0	4034	4035	571	10.8711
MGG_17539T0	2338	2339	317	10.4115
MGG_17816T0	1795	1796	403	17.2378
MGG_17765T0	1218	1219	0	0
MGG_07051T0	3406	3407	1823	41.1052
MGG_04237T0	1609	1610	444	21.1856
MGG_01574T0	1661	1662	944	43.6339
MGG_15937T0	660	661	10	1.1622
MGG_01941T0	2222	2223	6	0.207345
MGG_14195T0	417	418	0	0
MGG_17397T0	372	373	2	0.411911
MGG_09932T0	2199	2200	1867	65.1935
MGG_00171T0	2063	2064	1945	72.3923
MGG_04405T0	3507	3508	4771	104.48
MGG_10469T0	2655	2656	57	1.64865
MGG_08193T0	687	688	14	1.56323
MGG_18026T0	195	196	0	0
MGG_06460T0	1287	1288	1564.33	93.3031
MGG_02297T0	2106	2107	4816	175.592
MGG_04953T0	294	295	2079	541.396
MGG_16205T0	462	463	6	0.995527
MGG_02395T0	6972	6973	1328	14.6306
MGG_05022T0	966	967	169	13.4259
MGG_15334T0	4053	4054	1.36867e-08	2.59357e-10
MGG_06851T0	1680	1681	69	3.15329
MGG_14129T0	945	946	88	7.14618
MGG_04567T0	3156	3157	5214	126.876
MGG_08998T0	639	640	0	0
MGG_06668T0	1571	1572	6995	341.836
MGG_04883T0	938	939	1918	156.915
MGG_07984T0	453	454	0	0
MGG_02625T0	477	478	1141	183.375
MGG_17831T0	165	166	1	0.46278
MGG_11148T0	1659	1660	2757	127.588
MGG_04073T0	2096	2097	64	2.34458
MGG_13063T0	1880	1881	212	8.65824
MGG_08639T0	1263	1264	10315.6	626.948
MGG_00077T0	1959	1960	22266	872.708
MGG_02867T0	3127	3128	1407.24	34.5607
MGG_17215T0	1626	1627	2	0.0944333
MGG_09321T0	1731	1732	171.782	7.61927
MGG_02610T0	1044	1045	817	60.0604
MGG_11155T0	558	559	626	86.0291
MGG_14721T0	515	516	27	4.01973
MGG_08566T0	1146	1147	635	42.5298
MGG_17550T0	228	229	0	0
MGG_12396T0	2020	2021	394	14.9766
MGG_00570T0	1029	1030	3	0.223752
MGG_04457T0	879	880	464.511	40.5505
MGG_03443T0	2478	2479	0	0
MGG_10496T0	1091	1092	498.79	35.0895
MGG_01082T0	2545	2546	587.861	17.7378
MGG_01082T1	1829	1830	2441.14	102.476
MGG_10456T0	1144	1145	191	12.8148
MGG_17210T0	2820	2821	2292.61	62.4325
MGG_16105T1	457	458	17.976	3.01517
MGG_16105T0	480	481	29.024	4.63548
MGG_07602T0	1190	1191	245	15.8029
MGG_01028T0	1590	1591	5807	280.391
MGG_11241T0	2630	2631	4468	130.459
MGG_02911T0	1707	1708	2628.24	118.212
MGG_04469T0	2851	2852	670	18.0471
MGG_15678T0	282	283	0	0
MGG_06529T0	3246	3247	1250.42	29.5839
MGG_06529T1	3339	3340	3992.58	91.8312
MGG_00982T0	3671	3672	3849	80.5245
MGG_00169T0	1550	1551	519	25.7062
MGG_00534T0	1702	1703	99	4.46584
MGG_04271T0	489	490	0	0
MGG_11370T0	1982	1983	9	0.34866
MGG_04118T0	6363	6364	1077	13.0007
MGG_06097T0	1347	1348	1355.79	77.2655
MGG_14813T0	3082	3083	222	5.53174
MGG_17326T0	156	157	0	0
MGG_18094T0	234	235	0	0
MGG_00953T0	1619	1620	278.436	13.2036
MGG_01557T0	1185	1186	2875.66	186.267
MGG_07794T0	2857	2858	33	0.887022
MGG_01866T0	1676	1677	75	3.43567
MGG_02996T0	2258	2259	772	26.2533
MGG_18050T0	339	340	0	0
MGG_05303T0	3288	3289	1214	28.3555
MGG_07319T0	4211	4212	4618	84.2264
MGG_14886T0	2185	2186	2523	88.6645
MGG_00270T0	1342	1343	172	9.83864
MGG_17719T0	605	606	17.3633	2.20111
MGG_10008T0	1092	1093	4	0.28114
MGG_05639T0	2844	2845	0	0
MGG_05639T1	2375	2376	8	0.258658
MGG_11342T0	3085	3086	790	19.6659
MGG_05956T0	2160	2161	363	12.9043
MGG_04625T0	4550	4551	7244	122.28
MGG_07887T0	2183	2184	3	0.105524
MGG_13027T0	339	340	0	0
MGG_09210T0	2579	2580	2558	76.1664
MGG_01530T0	1761	1762	20	0.871981
MGG_02537T0	2972	2973	641	16.5633
MGG_11454T0	3029	3030	10513	266.543
MGG_10164T0	2876	2877	1260	33.6444
MGG_05109T0	1164	1165	5710	376.524
MGG_17249T0	438	439	0	0
MGG_17565T0	345	346	1	0.222027
MGG_03151T0	1321	1322	3501	203.443
MGG_10572T0	1381	1382	72	4.00228
MGG_09796T0	2659	2660	0	0
MGG_01980T0	1071	1072	6	0.429971
MGG_10012T0	1443	1444	0	0
MGG_16997T0	3805	3806	497.157	10.0348
MGG_09757T0	3135	3136	119.362	2.92397
MGG_03379T0	2169	2170	72	2.54892
MGG_15227T0	183	184	143	59.7037
MGG_10153T0	2632	2633	4714	137.538
MGG_05734T0	1768	1769	267.809	11.63
MGG_03869T0	2115	2116	310	11.2546
MGG_02632T0	2113	2114	879.976	31.9778
MGG_02632T1	2101	2102	1193.02	43.6013
MGG_01504T0	1248	1249	1077	66.2424
MGG_03567T0	2613	2614	434.214	12.7609
MGG_01157T0	7372	7373	1337.5	13.9358
MGG_06098T0	2636	2637	1590	46.3201
MGG_15526T0	174	175	18	7.90164
MGG_04941T0	1070	1071	1112	79.7624
MGG_03773T0	1180	1181	7	0.455335
MGG_04573T0	675	676	7	0.795489
MGG_15049T0	1938	1939	23	0.91124
MGG_02569T0	5475	5476	548	7.68776
MGG_04838T0	3379	3380	3400	77.276
MGG_03246T0	1121	1122	71.72	4.91055
MGG_06134T0	2826	2827	790	21.4676
MGG_15677T0	981	982	203	15.8806
MGG_15081T0	2676	2677	301	8.63775
MGG_08463T0	3276	3277	2019	47.3307
MGG_00703T0	969	970	0	0
MGG_14574T0	2485	2486	817	25.2466
MGG_03118T0	3566	3567	114.304	2.46172
MGG_01629T0	1752	1753	131.66	5.76971
MGG_10773T0	845	846	68	6.17478
MGG_12974T0	566	567	2301	311.757
MGG_04145T0	3927	3928	5943	116.23
MGG_03023T0	1532	1533	432	21.6483
MGG_03448T0	2060	2061	524	19.5315
MGG_15548T0	387	388	0	0
MGG_09134T0	933	934	82	6.7445
MGG_08741T0	1248	1249	6436	395.855
MGG_01512T0	2272	2273	471	15.9186
MGG_04520T0	3211	3212	2115	50.5845
MGG_17166T0	1048	1049	34	2.48992
MGG_06848T0	3632	3633	1468	31.0415
MGG_05008T0	1832	1833	39	1.6345
MGG_12471T0	1559	1560	9	0.443201
MGG_18123T0	153	154	0	0
MGG_03219T0	2190	2191	2048	71.8076
MGG_10486T0	2732	2733	108	3.03576
MGG_04998T0	1301	1302	34.6208	2.04272
MGG_12930T0	658	659	21	2.44803
MGG_02813T0	1957	1958	4194	164.55
MGG_07362T0	860	861	0	0
MGG_15200T0	321	322	0	0
MGG_06158T0	2175	2176	7149	252.388
MGG_17803T0	1441	1442	99	5.27415
MGG_07986T0	342	343	10	2.23969
MGG_00446T0	1056	1057	1081	78.5658
MGG_05016T0	300	301	16	4.08353
MGG_17677T0	2475	2476	108.219	3.35766
MGG_17001T0	2405	2406	975	31.1309
MGG_17506T0	806	807	25	2.37985
MGG_07724T0	2564	2565	32	0.958397
MGG_07170T0	2119	2120	237	8.58806
MGG_09848T0	555	556	96	13.2641
MGG_00395T0	1740	1741	20.113	0.887486
MGG_17607T0	598	599	32	4.10399
MGG_05625T0	2333	2334	439.101	14.4526
MGG_05625T1	2090	2091	2470.9	90.7787
MGG_06382T0	954	955	32	2.57412
MGG_00175T0	1996	1997	3692	142.025
MGG_15604T0	407	408	6	1.12973
MGG_02690T0	3639	3640	2700	56.983
MGG_02947T0	1578	1579	137	6.66532
MGG_12737T0	2226	2227	14	0.482937
MGG_01495T0	499	500	77	11.8305
MGG_06703T0	1452	1453	2438	128.899
MGG_07127T0	3343	3344	1060.09	24.3535
MGG_12814T0	3182	3183	2718	65.5987
MGG_01425T0	1815	1816	82	3.46881
MGG_10313T0	528	529	21	3.04962
MGG_08485T0	354	355	0	0
MGG_06442T0	2333	2334	176	5.79288
MGG_09256T0	2191	2192	1229	43.0719
MGG_01403T0	852	853	26	2.34157
MGG_03982T0	1762	1763	8528.83	371.638
MGG_08197T0	1381	1382	0	0
MGG_08056T0	2752	2753	277	7.72959
MGG_01680T0	1882	1883	1028	41.9397
MGG_07197T0	2748	2749	4338	121.226
MGG_03336T0	860	861	32	2.85515
MGG_09693T0	309	310	32	7.92996
MGG_08795T0	3567	3568	841	18.1073
MGG_16530T0	897	898	2	0.171095
MGG_03102T0	5571	5572	513.045	7.07338
MGG_05000T0	1260	1261	1	0.0609211
MGG_09749T0	2015	2016	2538	96.7128
MGG_15156T0	8640	8641	3336	29.6582
MGG_06337T0	4187	4188	9	0.165089
MGG_01182T0	1331	1332	14	0.807433
MGG_00878T0	1099	1100	5623	392.697
MGG_13691T0	2013	2014	0	0
MGG_03279T0	2771	2772	90	2.4942
MGG_15117T0	309	310	37	9.16902
MGG_11271T0	1343	1344	60	3.42953
MGG_16048T0	186	187	0	0
MGG_14896T0	354	355	4	0.865594
MGG_11467T0	1306	1307	617	36.2654
MGG_00859T0	3164	3165	2715	65.899
MGG_07676T0	894	895	859	73.7315
MGG_07312T0	4955	4956	4879	75.6279
MGG_14905T0	1170	1171	156	10.2341
MGG_06660T0	1569	1570	4729.19	231.403
MGG_02169T0	1653	1654	4	0.185784
MGG_02635T0	672	673	4	0.456591
MGG_09732T0	2237	2238	1186	40.7106
MGG_01450T0	930	931	841.779	69.4594
MGG_11888T0	5050	5051	2957	44.9735
MGG_04103T0	1473	1474	351.758	18.3328
MGG_02067T0	857	858	0	0
MGG_04982T0	6626	6627	1301	15.0814
MGG_15983T0	657	658	0	0
MGG_17345T0	303	304	456	115.232
MGG_09217T0	1987	1988	181.358	7.00816
MGG_08537T1	1015	1016	5	0.378058
MGG_08537T0	1126	1127	0	0
MGG_03823T0	1631	1632	9	0.423648
MGG_09907T0	3433	3434	1884	42.1467
MGG_09357T0	1413	1414	0	0
MGG_12880T0	2955	2956	3	0.077965
MGG_10524T0	940	941	680	55.5139
MGG_17842T1	1737	1738	85.0977	3.76141
MGG_17842T0	1721	1722	22.5598	1.00643
MGG_17842T2	1668	1669	44.8446	2.06413
MGG_16110T0	189	190	0	0
MGG_12350T0	764	765	27.1208	2.72348
MGG_17301T0	249	250	0	0
MGG_10080T0	744	745	0	0
MGG_00653T0	1077	1078	51	3.63441
MGG_12798T0	2549	2550	391	11.7793
MGG_03813T0	1203	1204	6	0.382831
MGG_09898T0	8078	8079	1156	10.9922
MGG_16432T0	2183	2184	59	2.07531
MGG_15847T0	548	549	10	1.3993
MGG_07433T0	1389	1390	279	15.4196
MGG_06305T0	2939	2940	662	17.2979
MGG_05292T0	1410	1411	6938.25	377.751
MGG_05864T0	2871	2872	46344	1239.63
MGG_02584T0	654	655	0	0
MGG_04323T0	1115	1116	32	2.20277
MGG_17640T0	354	355	0	0
MGG_17722T0	4577	4578	52	0.87259
MGG_09337T0	2598	2599	7320	216.365
MGG_16904T0	4433	4434	2911	50.4347
MGG_07394T0	936	937	119	9.75641
MGG_02434T0	1258	1259	528.545	32.2507
MGG_07807T0	654	655	0	0
MGG_06081T1	3580	3581	358.495	7.69063
MGG_06081T0	1861	1862	303.696	12.5297
MGG_14358T0	1782	1783	96.9702	4.17801
MGG_15996T0	647	648	0	0
MGG_03697T0	999	1000	997	76.591
MGG_17809T0	317	318	1	0.241577
MGG_12290T0	782	783	3	0.294335
MGG_07183T0	2463	2464	1100	34.2953
MGG_07488T0	1741	1742	86	3.79256
MGG_00886T0	3255	3256	333	7.85674
MGG_13677T0	1404	1405	0	0
MGG_04483T0	2260	2261	1588	53.9551
MGG_14658T0	1269	1270	469	28.3695
MGG_15875T0	165	166	37	17.1229
MGG_02226T0	4050	4051	201.814	3.82712
MGG_02447T0	5670	5671	361	4.89024
MGG_04944T0	1571	1572	1366	66.7545
MGG_09920T0	3248	3249	6781	160.334
MGG_07654T0	1818	1819	198	8.3621
MGG_09226T0	2028	2029	31	1.17371
MGG_04234T0	1867	1868	48	1.974
MGG_14833T0	1062	1063	2.01479	0.145606
MGG_03566T0	554	555	32	4.42935
MGG_07253T0	459	460	109	18.2034
MGG_02436T0	963	964	98	7.80965
MGG_17868T0	195	196	0	0
MGG_03546T0	2464	2465	745	23.2179
MGG_03899T0	4860	4861	661	10.4462
MGG_13127T0	952	953	24	1.93464
MGG_16183T0	2868	2869	607	16.2533
MGG_06271T0	3113	3114	218.543	5.39139
MGG_09410T0	1465	1466	73	3.82535
MGG_05184T0	2172	2173	934	33.0195
MGG_16918T0	267	268	2.52473	0.723706
MGG_01188T0	1009	1010	0	0
MGG_00359T0	1390	1391	2405	132.822
MGG_16696T0	714	715	3.00358	0.322713
MGG_12136T0	1254	1255	460	28.1577
MGG_09399T0	336	337	2	0.455914
MGG_04078T0	2857	2858	4172	112.141
MGG_07883T0	901	902	80	6.81344
MGG_14398T0	384	385	8	1.59629
MGG_06188T0	2778	2779	825.765	22.8271
MGG_00505T0	1916	1917	9662	387.193
MGG_04428T0	3343	3344	4368	100.346
MGG_12102T0	1392	1393	50	2.75741
MGG_07388T0	2376	2377	10	0.323187
MGG_02089T0	2303	2304	3.24226	0.108106
MGG_17444T0	156	157	4	1.95724
MGG_04575T0	4451	4452	4819	83.1543
MGG_04677T0	1938	1939	9375	371.429
MGG_08869T0	1950	1951	136	5.35506
MGG_06141T0	1952	1953	1388	54.5971
MGG_17331T0	174	175	0	0
MGG_09692T0	2560	2561	2997	89.9
MGG_09026T0	3440	3441	1493	33.3317
MGG_05808T0	2146	2147	27	0.966083
MGG_05680T0	1255	1256	383	23.4257
MGG_01421T0	2774	2775	568	15.7242
MGG_00712T0	1311	1312	572	33.4923
MGG_17826T0	162	163	0	0
MGG_05981T0	741	742	141	14.5982
MGG_04960T0	1099	1100	83	5.79653
MGG_02811T0	1218	1219	699	44.051
MGG_05926T0	2139	2140	352	12.6361
MGG_05433T0	2145	2146	242	8.663
MGG_16111T0	162	163	3	1.41389
MGG_17666T0	1357	1358	37.7752	2.13693
MGG_07003T0	5024	5025	1621	24.7816
MGG_01988T0	2210	2211	1227	42.6323
MGG_17668T0	3161	3162	52.9232	1.28578
MGG_09565T0	2488	2489	4083.3	126.029
MGG_09259T0	5766	5767	6961	92.7266
MGG_01910T0	875	876	0	0
MGG_06341T0	4700	4701	2246	36.7031
MGG_12644T0	6384	6385	5446	65.5239
MGG_16047T0	876	877	53.0154	4.64392
MGG_05749T0	726	727	67	7.07983
MGG_01376T0	4500	4501	98.8652	1.6874
MGG_01376T1	4320	4321	2051.13	36.4664
MGG_03232T0	4405	4406	1219	21.2541
MGG_10605T0	2091	2092	219	8.04202
MGG_07636T0	2615	2616	364	10.6892
MGG_08127T0	1815	1816	13	0.549934
MGG_06075T0	1117	1118	1242.43	85.3718
MGG_06075T1	1191	1192	28.5657	1.84099
MGG_11716T0	1236	1237	517	32.1073
MGG_15119T0	186	187	2	0.82162
MGG_03560T0	2999	3000	4918	125.936
MGG_13584T0	2202	2203	115	4.0102
MGG_17121T0	216	217	0	0
MGG_08101T0	3513	3514	2495	54.5446
MGG_02366T0	4777	4778	2405	38.668
MGG_06844T0	903	904	4062	345.187
MGG_16399T0	763	764	77.5737	7.80017
MGG_02393T0	1327	1328	2584	149.478
MGG_03200T0	3422	3423	1838.56	41.2623
MGG_15021T0	1458	1459	105	5.52862
MGG_11458T0	1209	1210	194	12.3168
MGG_03306T0	783	784	64	6.27114
MGG_03621T0	1651	1652	1919	89.2375
MGG_16137T0	366	367	18	3.76781
MGG_02696T0	1427	1428	17719	953.221
MGG_13219T0	3495	3496	194	4.26298
MGG_09602T0	3081	3082	336	8.37509
MGG_00688T0	3536	3537	68	1.47692
MGG_14620T0	3777	3778	2213	44.9989
MGG_15369T0	915	916	0	0
MGG_05280T0	3543	3544	5893	127.74
MGG_16318T0	881	882	66	5.74855
MGG_15484T0	318	319	0	0
MGG_01675T0	1389	1390	417.88	23.0951
MGG_00632T0	2798	2799	4333	118.924
MGG_14904T0	1533	1534	192	9.61521
MGG_07973T0	798	799	59	5.67268
MGG_17050T0	309	310	0	0
MGG_03939T0	3768	3769	156.327	3.18633
MGG_00482T0	884	885	248.908	21.6062
MGG_03662T0	2397	2398	1472	47.1565
MGG_08574T0	2517	2518	20120	613.84
MGG_17776T0	1233	1234	0	0
MGG_01146T0	896	897	13	1.11335
MGG_05035T0	2053	2054	27.2477	1.01909
MGG_08386T0	1305	1306	0	0
MGG_17805T0	261	262	0	0
MGG_03488T0	2107	2108	1549	56.4499
MGG_13796T0	850	851	19	1.71517
MGG_12819T0	3325	3326	6	0.138584
MGG_08636T0	2834	2835	4116	111.533
MGG_09927T0	1665	1666	4315	198.97
MGG_05810T0	2687	2688	440	12.5749
MGG_07607T0	792	793	359.332	34.8101
MGG_09011T0	1912	1913	2236	89.7924
MGG_10780T0	444	445	0	0
MGG_09252T0	570	571	170	22.8715
MGG_06298T0	1645	1646	2132	99.5039
MGG_11166T0	327	328	11	2.57633
MGG_03973T0	2078	2079	661	24.4247
MGG_15859T0	228	229	17	5.7029
MGG_12918T0	2441	2442	3345.14	105.233
MGG_16031T0	201	202	0	0
MGG_06849T0	1826	1827	2965	124.672
MGG_10689T0	1790	1791	424	18.1867
MGG_17155T0	431	432	0	0
MGG_09950T0	3840	3841	814	16.2803
MGG_07714T0	3463	3464	663	14.7034
MGG_08295T0	2760	2761	1074	29.8828
MGG_13774T0	1020	1021	100	7.52414
MGG_00099T0	1793	1794	53	2.26953
MGG_06440T0	3682	3683	2767	57.7152
MGG_02524T0	1084	1085	706	49.9871
MGG_16289T0	177	178	3	1.29474
MGG_09556T0	1222	1223	1241	77.9521
MGG_06524T0	4071	4072	2450.9	46.2382
MGG_13514T0	1848	1849	4139	171.965
MGG_17248T0	309	310	0	0
MGG_04049T0	1948	1949	457	18.013
MGG_09219T0	1654	1655	1738	80.6742
MGG_07759T0	438	439	0	0
MGG_12671T0	1223	1224	28093.4	1763.21
MGG_01628T0	1558	1559	2572	126.738
MGG_12989T0	1694	1695	152	6.88901
MGG_09064T0	537	538	0	0
MGG_00397T0	2084	2085	1187	43.7348
MGG_16886T0	1714	1715	978	43.8084
MGG_12632T0	1767	1768	987	42.8862
MGG_02168T0	1212	1213	0	0
MGG_01299T0	8864	8865	540	4.67948
MGG_01189T0	1425	1426	876	47.1919
MGG_01068T0	4629	4630	1202.28	19.9484
MGG_18052T0	448	449	1	0.171095
MGG_10086T0	387	388	0	0
MGG_06348T0	990	991	319	24.7286
MGG_09548T0	672	673	3526.99	402.598
MGG_04052T0	3146	3147	2099	51.2387
MGG_16534T0	1302	1303	10.3824	0.61212
MGG_00265T0	1481	1482	36	1.86611
MGG_03186T0	2929	2930	313	8.20653
MGG_03193T0	1179	1180	2977	193.811
MGG_13508T0	2921	2922	2234	58.7335
MGG_08766T0	1363	1364	28	1.57698
MGG_17101T0	300	301	4	1.02088
MGG_12750T0	5639	5640	1440.27	19.6176
MGG_13471T0	2869	2870	626.558	16.7711
MGG_06937T0	2275	2276	1161	39.1871
MGG_18022T0	375	376	22	4.49487
MGG_16517T0	623	624	17	2.09289
MGG_11003T0	255	256	0	0
MGG_12317T0	864	865	0	0
MGG_01925T0	3731	3732	338	6.95757
MGG_00242T0	1029	1030	0	0
MGG_04595T0	752	753	215.069	21.9414
MGG_04595T1	850	851	50.9313	4.59767
MGG_11897T0	450	451	6309	1074.65
MGG_09783T0	1213	1214	1192	75.4295
MGG_06199T0	1997	1998	454	17.4559
MGG_05995T0	1048	1049	98	7.17684
MGG_07218T0	2277	2278	3351	113.006
MGG_02337T0	1451	1452	86	4.55003
MGG_05085T0	2439	2440	2709	85.2907
MGG_05480T0	1660	1661	6718	310.708
MGG_17410T0	768	769	5	0.499489
MGG_06522T0	2126	2127	582	21.0203
MGG_05001T0	1416	1417	107	5.80092
MGG_08817T0	725	726	286	30.263
MGG_07929T0	360	361	2940	625.638
MGG_01291T0	2949	2950	927	24.1402
MGG_03332T0	2741	2742	245	6.86406
MGG_12721T0	3522	3523	21	0.45792
MGG_17402T0	552	553	49	6.80697
MGG_05119T0	744	745	14	1.44363
MGG_17644T0	1332	1333	905	52.1556
MGG_07574T0	774	775	22	2.18074
MGG_02406T0	2598	2599	839	24.7992
MGG_01651T0	793	794	1412.25	136.639
MGG_09612T0	2004	2005	23	0.881244
MGG_16858T0	864	865	8	0.710488
MGG_15641T0	207	208	0	0
MGG_01886T0	852	853	219	19.7232
MGG_11267T0	2800	2801	441	12.0951
MGG_12937T0	300	301	36	9.18795
MGG_08527T0	1425	1426	563	30.3299
MGG_05192T0	342	343	34	7.61496
MGG_01281T0	1734	1735	567	25.1053
MGG_04028T0	270	271	827.098	234.461
MGG_14637T0	2006	2007	2385	91.2901
MGG_10556T0	252	253	0	0
MGG_02411T0	1491	1492	126	6.48761
MGG_05371T0	2989	2990	354	9.09525
MGG_07966T0	2143	2144	7	0.250816
MGG_04296T0	1050	1051	24	1.75425
MGG_16039T0	845	846	101.751	9.23958
MGG_09244T0	3453	3454	5482	121.927
MGG_06757T0	978	979	861	67.5621
MGG_13334T0	2626	2627	6	0.175458
MGG_02783T0	1660	1661	8	0.370001
MGG_05300T0	2379	2380	205.788	6.64243
MGG_08062T0	1159	1160	4050	268.213
MGG_04477T0	4700	4701	596	9.73955
MGG_11004T0	324	325	0	0
MGG_16545T0	189	190	0	0
MGG_00222T0	2652	2653	690.351	19.9901
MGG_16244T0	201	202	20	7.60609
MGG_03098T0	984	985	18	1.40384
MGG_05153T0	3834	3835	160	3.20507
MGG_09322T0	2670	2671	688.218	19.794
MGG_15538T0	468	469	2	0.327597
MGG_10205T0	1269	1270	0	0
MGG_17303T0	225	226	0	0
MGG_06407T0	876	877	564.261	49.4269
MGG_15764T0	189	190	1	0.404324
MGG_07471T0	1185	1186	2215	143.474
MGG_17114T0	210	211	21	7.64574
MGG_06908T0	2205	2206	79.1546	2.75647
MGG_08736T0	1632	1633	109	5.1277
MGG_01287T0	2621	2622	606	17.7551
MGG_04085T0	2374	2375	1955.51	63.2526
MGG_01237T0	3231	3232	1782	42.3564
MGG_05199T0	2671	2672	662	19.0329
MGG_01676T0	1598	1599	1207.12	57.9942
MGG_02779T0	3745	3746	3415	70.0335
MGG_07852T0	525	526	6	0.876291
MGG_01585T0	1017	1018	1045.01	78.8595
MGG_08442T0	525	526	0	0
MGG_16687T0	291	292	0	0
MGG_12441T0	1767	1768	4	0.173804
MGG_09196T0	1158	1159	1	0.0662826
MGG_03288T0	2416	2417	20105	639.014
MGG_17022T0	417	418	1	0.183783
MGG_10237T0	774	775	4	0.396498
MGG_15520T0	1566	1567	11	0.53927
MGG_14219T0	3147	3148	780.898	19.0565
MGG_09254T0	1673	1674	103.501	4.74974
MGG_10503T0	1904	1905	5738	231.392
MGG_14687T0	381	382	0	0
MGG_07974T0	1869	1870	365	14.9946
MGG_04089T0	2060	2061	649.055	24.1928
MGG_11387T0	4500	4501	790	13.4834
MGG_10392T0	1605	1606	18	0.861013
MGG_02942T0	1959	1960	1238	48.523
MGG_16793T0	2012	2013	1313	50.1076
MGG_15841T0	342	343	0	0
MGG_15423T0	2217	2218	3216	111.388
MGG_10515T0	1379	1380	280	15.587
MGG_11785T0	1035	1036	2143	158.908
MGG_00742T1	1150	1151	892.298	59.5549
MGG_00742T0	1222	1223	617.702	38.8003
MGG_09205T0	2797	2798	3541	97.2212
MGG_00819T0	4650	4651	3049.74	50.3731
MGG_08597T0	1986	1987	449	17.3593
MGG_05376T0	4280	4281	1481	26.5762
MGG_12630T0	2726	2727	1672	47.1014
MGG_01813T0	4588	4589	2767	46.3206
MGG_10203T0	1469	1470	786.739	41.1146
MGG_15196T0	792	793	1	0.0968745
MGG_14803T0	1425	1426	137.34	7.39879
MGG_17788T0	366	367	1	0.209323
MGG_09781T0	813	814	758	71.5365
MGG_01591T0	2319	2320	2154	71.3248
MGG_16936T0	735	736	14	1.46128
MGG_11574T0	1197	1198	57	3.65511
MGG_03377T0	1324	1325	873	50.6152
MGG_12130T0	3842	3843	3229.24	64.5525
MGG_12130T1	3318	3319	2833.76	65.5901
MGG_02049T0	2139	2140	14	0.50257
MGG_05173T0	911	912	1367	115.148
MGG_05804T0	3070	3071	888	22.2134
MGG_14708T0	414	415	0	0
MGG_03504T0	1507	1508	79	4.02447
MGG_07856T0	1774	1775	1	0.0432797
MGG_07023T0	948	949	108	8.74259
MGG_01175T0	4369	4370	1766	31.045
MGG_03602T0	1879	1880	0	0
MGG_07624T0	555	556	0	0
MGG_17391T0	408	409	9	1.69045
MGG_06727T0	1142	1143	918	61.6991
MGG_14996T0	648	649	47	5.56334
MGG_08454T0	1759	1760	66	2.88081
MGG_15646T0	237	238	342	110.391
MGG_06147T0	3019	3020	1495.13	38.0324
MGG_04366T0	4862	4863	4678	73.899
MGG_11599T0	2644	2645	103	2.99154
MGG_07467T0	2076	2077	1040.37	38.4799
MGG_12496T0	1641	1642	1	0.0467853
MGG_01562T0	1597	1598	1344.07	64.6143
MGG_14971T0	4037	4038	1928	36.6795
MGG_16827T0	444	445	73	12.6022
MGG_07747T0	744	745	228	23.5105
MGG_04647T0	1727	1728	3245.84	144.3
MGG_02296T0	495	496	187367	29019.8
MGG_10097T0	489	490	7	1.09745
MGG_01383T0	1734	1735	298	13.1947
MGG_09427T0	1486	1487	97	5.01122
MGG_01202T0	2491	2492	2319.85	71.5144
MGG_00573T0	924	925	8256	685.663
MGG_14800T0	2222	2223	420	14.5142
MGG_16408T0	1797	1798	312.802	13.3648
MGG_05715T0	4022	4023	275	5.25128
MGG_02550T0	1293	1294	20	1.18735
MGG_04697T0	1334	1335	352	20.2556
MGG_16130T0	171	172	0	0
MGG_15783T0	627	628	0	0
MGG_16182T0	551	552	8	1.11335
MGG_06197T0	2537	2538	399	12.0771
MGG_14145T0	1866	1867	1	0.041147
MGG_10698T0	2352	2353	1648	53.8044
MGG_03380T0	849	850	5	0.451891
MGG_07199T0	2640	2641	195	5.67217
MGG_06366T0	1099	1100	1578.22	110.219
MGG_05440T0	1936	1937	137	5.43342
MGG_03958T0	1930	1931	1648	65.5628
MGG_16712T0	780	781	9	0.885267
MGG_01041T0	1946	1947	1326	52.3191
MGG_00864T0	2109	2110	1804	65.6805
MGG_17909T0	1591	1592	914	44.1048
MGG_02270T0	495	496	1	0.154882
MGG_00830T0	2395	2396	293	9.39428
MGG_14693T0	1617	1618	961	45.6276
MGG_01163T0	1873	1874	32	1.31179
MGG_06144T0	528	529	17	2.46874
MGG_07691T0	1569	1570	0	0
MGG_02413T0	2260	2261	663.571	22.546
MGG_01819T0	3223	3224	11901.8	283.597
MGG_11773T0	3012	3013	1790	45.639
MGG_09071T0	1903	1904	174	7.02045
MGG_04203T0	2609	2610	918	27.02
MGG_05124T0	1380	1381	8	0.445019
MGG_14669T0	471	472	12	1.95309
MGG_15510T0	288	289	17	4.51891
MGG_14940T0	1287	1288	4	0.238576
MGG_02084T0	1380	1381	103	5.72963
MGG_11475T0	3855	3856	9530	189.862
MGG_17227T0	354	355	0	0
MGG_06772T0	832	833	225	20.7501
MGG_01842T0	2019	2020	1073	40.8067
MGG_17134T0	767	768	10	1.00028
MGG_10969T1	2035	2036	1365.09	51.5071
MGG_10969T0	2184	2185	1400.91	49.2539
MGG_03605T0	1083	1084	589	41.7416
MGG_06112T0	2145	2146	251.108	8.98903
MGG_00542T0	1597	1598	24	1.15376
MGG_17562T0	153	154	0	0
MGG_12548T0	1294	1295	823	48.8217
MGG_00354T0	4481	4482	2997	51.3686
MGG_04382T0	486	487	832	131.243
MGG_17652T0	1854	1855	601.163	24.8961
MGG_13654T0	853	854	13	1.16941
MGG_13655T0	2448	2449	106	3.32506
MGG_04538T0	1755	1756	3575	156.399
MGG_03307T0	1327	1328	41922	2425.08
MGG_13767T0	8022	8023	6	0.0574509
MGG_09582T0	630	631	0	0
MGG_13138T0	351	352	4	0.872971
MGG_09948T0	1372	1373	1257.5	70.3589
MGG_05202T0	2523	2524	735	22.3708
MGG_16390T0	1775	1776	314.226	13.5919
MGG_17344T0	456	457	1605	269.8
MGG_17323T0	1179	1180	9	0.585927
MGG_04958T0	2142	2143	1118	40.0777
MGG_04579T0	543	544	0	0
MGG_15048T0	1074	1075	99	7.07472
MGG_03505T0	724	725	55	5.82784
MGG_00985T0	1645	1646	167.217	7.8043
MGG_03458T0	2048	2049	558	20.9206
MGG_15684T0	162	163	0	0
MGG_14154T0	1303	1304	22334	1315.74
MGG_12497T0	1698	1699	0	0
MGG_18077T0	240	241	8	2.55009
MGG_17828T0	1610	1611	33	1.57362
MGG_01470T0	1164	1165	2427	160.039
MGG_01059T0	1592	1593	2735.98	131.941
MGG_16521T0	1290	1291	103.996	6.18832
MGG_03281T0	1677	1678	135.913	6.2223
MGG_03281T1	1356	1357	41.0872	2.326
MGG_04298T0	1683	1684	0	0
MGG_17148T0	433	434	0	0
MGG_03207T0	1870	1871	55	2.25825
MGG_05765T0	969	970	94	7.44456
MGG_01102T0	1739	1740	594	26.2253
MGG_00672T0	3079	3080	521	12.9948
MGG_04369T0	1671	1672	25	1.14865
MGG_01597T0	4528	4529	3684	62.4885
MGG_08047T0	1815	1816	116	4.9071
MGG_13857T0	309	310	0	0
MGG_09272T0	3167	3168	8313	201.584
MGG_08816T0	686	687	8	0.894573
MGG_03015T0	1599	1600	40	1.92054
MGG_09374T0	930	931	202	16.668
MGG_09036T0	1235	1236	0	0
MGG_03858T0	1997	1998	291	11.1887
MGG_16895T0	2962	2963	1274.96	33.0558
MGG_04004T0	2622	2623	5375	157.421
MGG_17646T0	957	958	0	0
MGG_15723T0	2608	2609	1273.52	37.4986
MGG_05148T0	2100	2101	118.406	4.32944
MGG_07817T0	2165	2166	21	0.744807
MGG_05533T0	1311	1312	4582	268.29
MGG_15676T0	804	805	17	1.62232
MGG_04876T0	1172	1173	3101.06	203.093
MGG_16807T0	261	262	4	1.17285
MGG_09179T0	2042	2043	1676	63.0214
MGG_07620T0	2514	2515	0	0
MGG_14091T0	354	355	2	0.432797
MGG_17806T0	339	340	0	0
MGG_16693T0	387	388	0	0
MGG_15445T0	498	499	14	2.15531
MGG_00363T0	4490	4491	370	6.32909
MGG_03555T0	2474	2475	501	15.5505
MGG_11494T0	2089	2090	54	1.98486
MGG_08705T0	1798	1799	115.283	4.92285
MGG_07124T0	1317	1318	575	33.5147
MGG_02935T0	2046	2047	441	16.5502
MGG_07194T0	804	805	2057	196.3
MGG_15411T0	1533	1534	3	0.150238
MGG_09576T0	1180	1181	58	3.77277
MGG_03068T0	2365	2366	133.107	4.32183
MGG_03068T1	1558	1559	269.893	13.2993
MGG_09007T0	1679	1680	710	32.4662
MGG_08140T0	2859	2860	496	13.3229
MGG_06317T0	5507	5508	2024	28.2292
MGG_05532T0	1428	1429	30	1.61277
MGG_12858T0	1428	1429	39	2.0966
MGG_17569T0	162	163	0	0
MGG_09003T0	2038	2039	2252	84.8465
MGG_06386T0	1191	1192	1042	67.1544
MGG_05020T0	1286	1287	492	29.3677
MGG_07515T0	1148	1149	305.417	20.42
MGG_03299T0	2130	2131	82	2.95606
MGG_17231T0	663	664	0	0
MGG_02451T0	1020	1021	61	4.58973
MGG_03393T0	1516	1517	1564	79.2016
MGG_13346T0	396	397	29	5.61164
MGG_06555T0	1971	1972	317	12.3491
MGG_08610T0	663	664	32	3.70224
MGG_12181T0	174	175	5	2.1949
MGG_06744T0	1070	1071	827	59.3197
MGG_10510T0	1596	1597	237	11.4006
MGG_13957T0	1395	1396	30	1.65089
MGG_16520T0	1772	1773	349	15.1217
MGG_10145T0	582	583	0	0
MGG_14870T0	3754	3755	726.321	14.8594
MGG_05999T0	762	763	514	51.7513
MGG_17512T0	162	163	10	4.71297
MGG_03726T0	2050	2051	3413.77	127.865
MGG_07969T0	306	307	49	12.2614
MGG_00023T0	1515	1516	0	0
MGG_16086T0	162	163	0	0
MGG_03885T0	1657	1658	1300.7	60.2665
MGG_06550T0	2871	2872	27.2468	0.728808
MGG_06550T1	2589	2590	0.00588708	0.000174616
MGG_01677T0	3568	3569	2740.59	58.9902
MGG_15491T0	603	604	1	0.127188
MGG_08043T0	2511	2512	33	1.0092
MGG_16484T0	186	187	1	0.41081
MGG_03363T0	1808	1809	229	9.72478
MGG_16527T0	434	435	37	6.53424
MGG_00128T0	2857	2858	1389.74	37.3554
MGG_03329T0	1181	1182	1779	115.622
MGG_14082T0	228	229	0	0
MGG_17179T0	514	515	30	4.47504
MGG_14465T0	2186	2187	156	5.47972
MGG_04389T0	1450	1451	644.695	34.1326
MGG_16435T0	252	253	78.6334	23.8764
MGG_15120T0	506	507	1	0.151522
MGG_03672T0	2892	2893	94	2.4961
MGG_16228T1	1562	1563	0	0
MGG_16228T0	1613	1614	39	1.85628
MGG_06920T0	2710	2711	2231.99	63.2478
MGG_04740T0	1393	1394	2142	118.043
MGG_07361T0	1704	1705	1262	56.8614
MGG_09723T0	594	595	0	0
MGG_11486T0	2565	2566	81	2.425
MGG_17686T0	189	190	0	0
MGG_04413T0	2010	2011	184.98	7.06634
MGG_04413T1	2563	2564	795.02	23.8201
MGG_16426T0	790	791	33	3.20494
MGG_04716T0	871	872	1610.85	141.912
MGG_15830T0	3658	3659	1022	21.4571
MGG_05147T0	2561	2562	1453.59	43.586
MGG_00103T0	1404	1405	193	10.5527
MGG_03446T0	3811	3812	106.439	2.14502
MGG_06444T0	1531	1532	795	39.8649
MGG_06427T0	596	597	1209	155.573
MGG_15726T0	150	151	24	12.21
MGG_13498T0	5310	5311	2376	34.3679
MGG_04499T0	1479	1480	25	1.29766
MGG_10528T0	4147	4148	2070	38.3367
MGG_06985T0	2254	2255	494.248	16.8376
MGG_03308T0	910	911	72	6.07151
MGG_11913T0	2779	2780	2728	75.3845
MGG_11737T0	1491	1492	3234	166.515
MGG_04871T1	2023	2024	112.119	4.2555
MGG_04871T0	1758	1759	111.881	4.88623
MGG_13552T0	2540	2541	90.5607	2.7379
MGG_01273T0	1097	1098	1115	78.0109
MGG_02993T0	1833	1834	538	22.5354
MGG_03831T0	1975	1976	1	0.0388773
MGG_15451T0	2771	2772	446	12.3602
MGG_13101T0	950	951	16	1.29248
MGG_04825T0	3261	3262	365	8.5959
MGG_09218T0	1320	1321	473.642	27.5442
MGG_12911T0	1401	1402	1218	66.7393
MGG_17634T0	3176	3177	530	12.8157
MGG_11129T0	4341	4342	418	7.39553
MGG_04184T0	1262	1263	529.472	32.2049
MGG_09417T0	414	415	0	0
MGG_00932T0	1680	1681	98	4.47859
MGG_16594T0	177	178	0	0
MGG_17845T1	828	829	4	0.370671
MGG_17845T0	887	888	0	0
MGG_14871T0	801	802	4	0.38315
MGG_01828T0	2223	2224	1860	64.2482
MGG_15096T0	576	577	0	0
MGG_05308T0	1100	1101	8	0.558194
MGG_07426T0	459	460	0	0
MGG_11903T0	2297	2298	682.076	22.8016
MGG_04913T0	616	617	1161	144.554
MGG_05977T0	1533	1534	594	29.747
MGG_04863T0	4581	4582	661	11.0823
MGG_01541T0	4896	4897	4	0.0627498
MGG_16528T0	928	929	306.292	25.3281
MGG_02082T0	1432	1433	2	0.107218
MGG_06357T0	829	830	4746	439.271
MGG_01418T0	1424	1425	1755	94.6117
MGG_02946T0	1611	1612	1864	88.8308
MGG_05650T0	2683	2684	2194	62.7967
MGG_16689T0	513	514	32	4.78266
MGG_07720T0	2172	2173	1505	53.2059
MGG_03484T0	1101	1102	4287	298.851
MGG_04430T0	2996	2997	1665	42.6786
MGG_00992T0	1875	1876	85	3.48072
MGG_16772T0	271	272	4	1.12973
MGG_00628T0	1062	1063	2	0.144537
MGG_07049T0	1593	1594	303	14.6028
MGG_00470T0	2198	2199	6	0.209608
MGG_14374T0	468	469	1.43362	0.234825
MGG_05282T0	1064	1065	1257.75	90.725
MGG_05366T0	2840	2841	7461	201.748
MGG_04533T0	3716	3717	224	4.62954
MGG_12696T0	830	831	2	0.184889
MGG_12515T0	4817	4818	519.372	8.28123
MGG_15894T0	288	289	0	0
MGG_11870T0	2962	2963	7193	186.492
MGG_10104T0	2711	2712	16548	468.747
MGG_15777T0	1277	1278	7.14327	0.429387
MGG_15777T1	1350	1351	3.01849	0.17164
MGG_16257T0	240	241	22	7.01275
MGG_09076T0	1830	1831	111	4.65712
MGG_00567T0	5367	5368	272	3.89259
MGG_13583T0	1602	1603	7	0.335465
MGG_07748T0	537	538	25	3.56977
MGG_14779T0	353	354	2	0.43402
MGG_01832T0	2334	2335	381	12.5349
MGG_17699T0	3739	3740	488.877	10.0418
MGG_10564T0	1225	1226	15	0.939904
MGG_02449T0	1524	1525	989	49.8206
MGG_07441T0	4001	4002	2036	39.0826
MGG_17631T0	198	199	27	10.423
MGG_15692T0	290	291	6	1.58395
MGG_09354T0	2731	2732	405	11.3883
MGG_04746T0	3325	3326	227	5.24308
MGG_06030T0	1043	1044	4264	313.761
MGG_01581T0	2133	2134	4751	171.03
MGG_00799T0	2403	2404	5514	176.204
MGG_02493T0	3697	3698	1789.69	37.1786
MGG_14837T0	2007	2008	11	0.420835
MGG_16903T0	168	169	3	1.36369
MGG_10021T0	402	403	0	0
MGG_01377T0	1072	1073	985	70.5211
MGG_00205T0	1682	1683	381	17.391
MGG_11771T0	2014	2015	768.113	29.2842
MGG_10023T0	924	925	39	3.23896
MGG_01582T0	2026	2027	1343	50.8985
MGG_01755T0	1874	1875	5373	220.14
MGG_04053T0	1517	1518	2519	127.479
MGG_03354T0	630	631	1125	136.964
MGG_13254T0	1742	1743	1089	47.9969
MGG_01818T0	3524	3525	3605.73	78.581
MGG_06931T0	1974	1975	227.12	8.83429
MGG_03665T0	1232	1233	24	1.49531
MGG_12127T0	1342	1343	11782	673.947
MGG_08156T0	2365	2366	1264	41.0408
MGG_14716T0	474	475	3030	490.04
MGG_10664T0	3883	3884	50	0.988948
MGG_09919T0	2366	2367	7217	234.229
MGG_17614T0	360	361	0	0
MGG_03640T0	3344	3345	35487	814.997
MGG_15742T0	339	340	8	1.80756
MGG_07015T0	2850	2851	273	7.35611
MGG_05097T0	2563	2564	230.278	6.89948
MGG_14656T0	1582	1583	1375.43	66.7485
MGG_02592T0	3264	3265	0	0
MGG_17864T0	1107	1108	2	0.138667
MGG_08018T0	267	268	1	0.286647
MGG_00194T0	2283	2284	27	0.908135
MGG_17684T0	341	342	13	2.92011
MGG_08180T0	1989	1990	956	36.9052
MGG_02094T0	1629	1630	0	0
MGG_04160T0	5872	5873	474	6.20013
MGG_11322T0	1413	1414	315	17.1137
MGG_10058T0	2138	2139	713	25.6072
MGG_00330T0	1724	1725	3504	156.048
MGG_06435T0	568	569	238	32.1327
MGG_16060T0	1134	1135	2	0.135368
MGG_11224T0	2156	2157	31458.6	1120.4
MGG_01385T0	2319	2320	278	9.20533
MGG_17546T0	546	547	6	0.842649
MGG_15624T0	1991	1992	674	25.9928
MGG_17333T0	198	199	0	0
MGG_02533T0	5974	5975	743	9.55286
MGG_00106T0	2732	2733	4853.59	136.429
MGG_03558T0	3823	3824	1612	32.384
MGG_12697T0	4046	4047	82	1.55655
MGG_15856T0	722	723	8	0.85003
MGG_15320T0	630	631	21	2.55666
MGG_15683T0	216	217	0	0
MGG_03421T0	1056	1057	0	0
MGG_10138T0	1862	1863	486.233	20.05
MGG_03107T0	1960	1961	1047	41.0159
MGG_16018T0	485	486	3.3251	0.525594
MGG_03356T0	1068	1069	19	1.3654
MGG_14863T0	1053	1054	361	26.3117
MGG_17426T0	1074	1075	14	1.00047
MGG_14657T0	798	799	224.454	21.5806
MGG_05436T0	1167	1168	109	7.16913
MGG_05904T0	4360	4361	4906	86.422
MGG_01766T0	1537	1538	1321	65.9826
MGG_15539T0	607	608	71	8.97093
MGG_01769T1	2508	2509	827.933	25.35
MGG_01769T0	2565	2566	203.067	6.07947
MGG_12804T0	2241	2242	959	32.8599
MGG_07980T0	1885	1886	18	0.733185
MGG_16825T0	2214	2215	265	9.19083
MGG_11092T0	504	505	2	0.304244
MGG_04971T0	2223	2224	681	23.5231
MGG_05291T0	2327	2328	346.748	11.4423
MGG_00426T0	819	820	8	0.749478
MGG_10422T0	1950	1951	1918	75.5221
MGG_06778T0	2774	2775	210	5.81352
MGG_02319T0	1512	1513	2	0.101549
MGG_00665T0	2317	2318	935.253	30.9955
MGG_10799T0	2456	2457	1169	36.5504
MGG_05122T0	1606	1607	32	1.52974
MGG_07243T0	2675	2676	1548	44.4393
MGG_00889T0	4586	4587	590	9.88112
MGG_05818T0	423	424	39	7.06613
MGG_02543T0	987	988	26	2.02162
MGG_16867T0	4063	4064	458	8.65754
MGG_01238T0	5702	5703	1487	20.0304
MGG_04396T0	3648	3649	738	15.5369
MGG_08854T0	1951	1952	509.736	20.0608
MGG_08087T0	2343	2344	4175	136.83
MGG_04723T0	525	526	44	6.42613
MGG_15556T0	189	190	4	1.61729
MGG_08141T0	2841	2842	985	26.6253
MGG_00773T0	1405	1406	437	23.8769
MGG_17277T0	5858	5859	863.153	11.3174
MGG_16911T0	177	178	1	0.431581
MGG_05710T0	1530	1531	135	6.77394
MGG_16396T0	231	232	0	0
MGG_16934T0	369	370	0	0
MGG_10053T0	1285	1286	320	19.1158
MGG_17861T0	2166	2167	484	17.1581
MGG_09735T0	630	631	0	0
MGG_13076T0	912	913	21	1.76698
MGG_06447T0	5562	5563	585	8.07848
MGG_06116T0	2264	2265	7332	248.678
MGG_02013T0	354	355	0	0
MGG_02467T0	737	738	1713	178.313
MGG_04248T0	2474	2475	92	2.85559
MGG_06231T0	420	421	0	0
MGG_00545T0	2163	2164	67	2.37848
MGG_12420T0	416	417	2990.65	550.951
MGG_02477T0	1685	1686	657	29.9358
MGG_01953T0	348	349	0	0
MGG_15616T0	195	196	0	0
MGG_16329T0	300	301	6	1.53133
MGG_08591T0	2299	2300	29.0166	0.969174
MGG_17018T0	897	898	65	5.56058
MGG_16225T0	240	241	22	7.01275
MGG_11116T0	4740	4741	48	0.777775
MGG_09763T0	1203	1204	1823	116.317
MGG_08271T0	2281	2282	494.814	16.6575
MGG_08271T1	2266	2267	137.186	4.64881
MGG_08658T0	354	355	0	0
MGG_00673T0	1311	1312	0	0
MGG_04702T0	1169	1170	1274	83.6501
MGG_00310T0	2032	2033	89	3.36307
MGG_01071T0	2385	2386	618	19.8976
MGG_00052T0	675	676	965	109.664
MGG_08891T0	2037	2038	420	15.8317
MGG_06739T0	2010	2011	314	11.995
MGG_16864T0	218	219	1	0.350783
MGG_04126T0	2572	2573	176	5.25479
MGG_04615T0	4106	4107	2154	40.2906
MGG_04663T0	1536	1537	652.494	32.6126
MGG_15860T0	1504	1505	1691	86.3157
MGG_09293T0	3847	3848	1884.67	37.6255
MGG_16206T0	1137	1138	3	0.202517
MGG_16206T1	819	820	0	0
MGG_16906T0	150	151	18	9.15753
MGG_16644T0	439	440	0	0
MGG_14872T0	2749	2750	5224	145.933
MGG_00625T0	1430	1431	23198	1245.36
MGG_11473T0	2183	2184	328	11.5373
MGG_01138T0	1401	1402	40	2.19177
MGG_11255T0	859	860	3622	323.544
MGG_06062T0	4408	4409	176	3.06659
MGG_04870T0	2141	2142	3548	127.247
MGG_01528T0	1757	1758	1417	61.9204
MGG_00990T0	4175	4176	2548	46.8729
MGG_04898T0	504	505	261	39.7038
MGG_02531T0	3518	3519	15	0.327457
MGG_00068T0	2243	2244	316	10.818
MGG_05757T0	1553	1554	647.415	32.0048
MGG_02828T0	4675	4676	271	4.45223
MGG_15333T0	1233	1234	0	0
MGG_09887T0	1035	1036	489	36.2603
MGG_15298T0	1269	1270	33	1.99615
MGG_16752T0	1081	1082	91.0432	6.46402
MGG_10810T0	537	538	0	0
MGG_13202T0	2036	2037	190	7.16548
MGG_11611T0	1527	1528	3507	176.317
MGG_07763T0	1524	1525	743	37.4284
MGG_07506T0	2343	2344	298	9.76655
MGG_16272T0	701	702	42	4.59616
MGG_00308T0	2169	2170	321	11.3639
MGG_02567T0	2296	2297	961	32.1399
MGG_05937T0	3997	3998	78	1.49877
MGG_15118T0	641	642	2314	276.892
MGG_16227T0	409	410	4	0.749478
MGG_08399T0	387	388	5	0.989968
MGG_05753T0	1533	1534	8978	449.611
MGG_07473T0	1960	1961	291	11.3998
MGG_04210T0	1605	1606	851	40.7068
MGG_15309T0	573	574	42	5.62108
MGG_13309T0	3118	3119	0	0
MGG_18010T0	485	486	0	0
MGG_17421T0	432	433	1	0.177417
MGG_16242T0	564	565	37	5.03079
MGG_16240T0	156	157	0	0
MGG_02016T0	1755	1756	0	0
MGG_00066T0	1381	1382	83	4.61374
MGG_08796T0	309	310	0	0
MGG_04862T0	2487	2488	3743	115.572
MGG_02143T0	1149	1150	4	0.267205
MGG_17658T0	1482	1483	0	0
MGG_08459T0	1563	1564	60	2.94712
MGG_00233T0	7158	7159	0	0
MGG_05992T0	1980	1981	4718	182.96
MGG_04096T0	542	543	0	0
MGG_01438T0	786	787	63	6.14962
MGG_03812T0	996	997	0	0
MGG_10588T0	3269	3270	3536	83.0706
MGG_15796T0	330	331	11	2.55298
MGG_03075T0	2614	2615	1374	40.3643
MGG_04628T0	1785	1786	4	0.172053
MGG_10636T0	930	931	366	30.2005
MGG_02369T0	630	631	2	0.243491
MGG_12016T0	711	712	9	0.971058
MGG_04109T0	1744	1745	690	30.3764
MGG_00503T0	3325	3326	3023.76	69.8406
MGG_17926T0	380	381	7	1.41142
MGG_14794T0	1617	1618	49	2.32649
MGG_03539T0	963	964	1	0.0796903
MGG_05640T0	750	751	641	65.5693
MGG_16167T0	1608	1609	0	0
MGG_04132T0	4069	4070	259.987	4.90727
MGG_07267T0	1972	1973	1371.04	53.3832
MGG_02347T0	668	669	1921	220.589
MGG_17171T0	201	202	0	0
MGG_15057T0	2749	2750	335	9.35825
MGG_06032T0	2364	2365	598	19.4246
MGG_16308T0	1384	1385	94	5.21388
MGG_14550T0	1664	1665	532	24.546
MGG_15686T0	324	325	6	1.41824
MGG_01996T0	4709	4710	0.00961207	0.000156776
MGG_01996T1	4656	4657	373.99	6.16931
MGG_05249T0	1888	1889	1301.16	52.9153
MGG_13023T0	1552	1553	512	25.3269
MGG_07524T0	1631	1632	190	8.94368
MGG_16372T0	1299	1300	31	1.8319
MGG_00176T0	1168	1169	45	2.9572
MGG_16751T0	1128	1129	102.43	6.96976
MGG_15558T0	183	184	0	0
MGG_06566T0	4045	4046	2441	46.3473
MGG_00646T0	1146	1147	672.237	45.0237
MGG_15902T0	2760	2761	9.00811	0.25064
MGG_05648T0	881	882	150	13.0649
MGG_00885T0	3205	3206	1266	30.3356
MGG_10546T0	315	316	0	0
MGG_03843T0	2652	2653	233	6.74685
MGG_11357T0	3855	3856	2001	39.8651
MGG_01207T0	5073	5074	1627.48	24.6404
MGG_01207T1	5502	5503	85.5172	1.19381
MGG_15775T1	2969	2970	19.4481	0.503041
MGG_15775T0	742	743	0	0
MGG_11141T0	4123	4124	1317	24.533
MGG_16077T0	900	901	176.019	15.0078
MGG_10269T0	3027	3028	2112	53.5822
MGG_08409T0	888	889	2	0.172827
MGG_17798T0	423	424	9	1.63064
MGG_05121T0	2681	2682	79	2.26283
MGG_03406T0	3782	3783	6996	142.068
MGG_15696T0	1752	1753	25.2729	1.10753
MGG_10163T0	1802	1803	911	38.8155
MGG_00486T0	959	960	79.9116	6.39472
MGG_09560T0	5038	5039	1188	18.1115
MGG_13116T0	1409	1410	353.062	19.236
MGG_08708T0	2454	2455	387.409	12.1228
MGG_13182T0	336	337	1	0.227957
MGG_10362T0	1122	1123	43	2.94152
MGG_14175T0	3019	3020	35	0.890315
MGG_18112T0	468	469	1.42796	0.233898
MGG_18112T1	631	632	2.57204	0.312639
MGG_09929T0	999	1000	582	44.7101
MGG_03963T0	2840	2841	100	2.70403
MGG_06454T0	1662	1663	339	15.6599
MGG_10697T0	1102	1103	186.205	12.9688
MGG_05302T0	2734	2735	88.816	2.49469
MGG_16600T0	624	625	9	1.10623
MGG_15460T0	597	598	0	0
MGG_09262T0	1916	1917	361.688	14.4942
MGG_05976T0	1218	1219	813	51.2353
MGG_16332T0	180	181	32	13.5817
MGG_17224T0	1020	1021	757	56.9578
MGG_13768T0	2385	2386	93	2.9943
MGG_11606T0	1609	1610	112	5.3441
MGG_09821T0	1668	1669	271	12.4737
MGG_17126T0	159	160	0	0
MGG_07882T0	1884	1885	181	7.37649
MGG_06839T0	3231	3232	3315	78.7943
MGG_05023T0	1059	1060	608	44.0636
MGG_07814T0	834	835	0	0
MGG_16358T0	725	726	0	0
MGG_08623T0	3323	3324	3253.49	75.1918
MGG_09867T0	1222	1223	15.4898	0.972976
MGG_09204T0	1498	1499	711	36.4377
MGG_08137T0	3728	3729	273	5.6241
MGG_09445T0	1700	1701	0	0
MGG_15751T0	396	397	284	54.9554
MGG_09287T0	1863	1864	3049	125.659
MGG_17030T0	309	310	23	5.69966
MGG_16402T0	807	808	2596	246.818
MGG_03294T0	2359	2360	9	0.292963
MGG_11906T0	873	874	1161	102.048
MGG_08452T0	3390	3391	11.5521	0.261708
MGG_06798T0	1323	1324	1	0.0580223
MGG_08725T0	4530	4531	46	0.779914
MGG_00912T0	2987	2988	854	21.9563
MGG_08377T0	1497	1498	154	7.89754
MGG_02246T0	660	661	65	7.55431
MGG_05614T0	1461	1462	294	15.4484
MGG_17475T0	336	337	0	0
MGG_09394T0	2165	2166	225	7.98007
MGG_02075T0	3493	3494	72	1.58304
MGG_17761T0	311	312	330	81.2535
MGG_16554T0	774	775	0	0
MGG_09458T0	1721	1722	1528.47	68.188
MGG_16846T0	761	762	4	0.403262
MGG_16157T0	399	400	1	0.192054
MGG_00900T0	444	445	59	10.1853
MGG_00930T0	5944	5945	2839	36.6857
MGG_01149T0	576	577	1845	245.642
MGG_02938T0	1108	1109	1096	75.921
MGG_16806T0	3654	3655	146	3.06866
MGG_15589T0	474	475	22	3.55805
MGG_01510T0	2813	2814	670	18.2908
MGG_10559T0	429	430	0	0
MGG_01519T0	1284	1285	970	57.9898
MGG_17072T0	2166	2167	6187	219.333
MGG_16328T0	633	634	25	3.02924
MGG_15381T0	642	643	1	0.119474
MGG_08398T0	588	589	0	0
MGG_12165T0	1756	1757	82069	3588.31
MGG_00783T0	1574	1575	1302	63.5058
MGG_18097T0	675	676	5	0.568206
MGG_15814T0	1015	1016	9716	734.643
MGG_10788T0	432	433	0	0
MGG_03594T0	1396	1397	972.846	53.4971
MGG_09006T0	976	977	3045.66	239.48
MGG_10741T0	1835	1836	566.308	23.6953
MGG_07352T0	345	346	0	0
MGG_09068T0	870	871	4	0.352797
MGG_07656T0	3387	3388	790	17.9129
MGG_07715T0	1424	1425	537	28.9496
MGG_16919T0	159	160	0	0
MGG_08905T0	1191	1192	380	24.4901
MGG_03681T0	1887	1888	3452	140.46
MGG_17737T0	186	187	0	0
MGG_17087T0	669	670	2	0.229318
MGG_11617T0	1986	1987	3	0.115986
MGG_05615T0	2782	2783	922	25.4507
MGG_16172T0	396	397	0	0
MGG_09426T0	1884	1885	2217	90.3518
MGG_06909T0	2035	2036	999	37.6938
MGG_17515T0	249	250	2	0.614572
MGG_15291T0	3638	3639	10514.7	221.972
MGG_08633T0	672	673	3	0.342443
MGG_02956T0	1958	1959	90	3.52932
MGG_06349T0	1179	1180	1998	130.076
MGG_05768T0	2682	2683	188	5.38294
MGG_05125T0	3393	3394	767	17.3607
MGG_06564T0	1955	1956	1341	52.6675
MGG_03919T0	2625	2626	508	14.8611
MGG_02694T0	2079	2080	4	0.147734
MGG_17965T0	793	794	15	1.45129
MGG_09396T0	1382	1383	941	52.2697
MGG_17702T0	1579	1580	761	37.0007
MGG_06187T0	921	922	298	24.8295
MGG_00276T0	1545	1546	1775	88.2006
MGG_17043T0	168	169	0	0
MGG_14874T0	861	862	1691	150.702
MGG_05638T0	1912	1913	9	0.361418
MGG_03588T0	1693	1694	543	24.6246
MGG_03682T0	1758	1759	1577	68.8729
MGG_02438T0	2607	2608	4341.44	127.882
MGG_17119T0	3027	3028	259	6.57093
MGG_17812T0	1969	1970	132	5.14743
MGG_15580T0	3102	3103	120	2.97086
MGG_15887T0	1328	1329	48	2.77459
MGG_03572T0	1057	1058	338	24.5422
MGG_01535T0	1222	1223	144	9.04521
MGG_14704T0	789	790	52	5.0566
MGG_06312T0	3726	3727	105	2.16428
MGG_08139T0	1580	1581	268.204	13.0321
MGG_08139T1	1529	1530	688.796	34.5845
MGG_16336T0	375	376	386	78.8646
MGG_11269T0	1794	1795	304	13.0104
MGG_07702T0	1195	1196	108	6.93706
MGG_04196T0	4253	4254	5722	103.332
MGG_15095T0	645	646	0	0
MGG_06073T0	1490	1491	383	19.7335
MGG_15419T0	417	418	0	0
MGG_08363T0	1933	1934	0	0
MGG_05646T0	2888	2889	9459.8	251.546
MGG_17584T0	396	397	0	0
MGG_16533T0	192	193	0	0
MGG_01177T0	919	920	9	0.751515
MGG_05092T0	1158	1159	626	41.4929
MGG_17406T0	720	721	16	1.70478
MGG_12699T0	321	322	0	0
MGG_17415T0	294	295	5	1.30206
MGG_03317T0	2183	2184	1177	41.4006
MGG_08893T0	3923	3924	2463	48.219
MGG_16699T0	252	253	0	0
MGG_00041T0	1308	1309	98.7549	5.79565
MGG_17544T0	153	154	0	0
MGG_08835T0	1602	1603	2759	132.221
MGG_15720T0	1861	1862	1030	42.4952
MGG_06053T0	1859	1860	2638	108.954
MGG_15450T0	342	343	5	1.11985
MGG_03757T0	1867	1868	235	9.66437
MGG_12861T0	1689	1690	1065	48.4112
MGG_16373T0	3136	3137	51.2346	1.25468
MGG_01862T0	2175	2176	60	2.11824
MGG_01742T0	3036	3037	2606	65.9193
MGG_05694T1	2470	2471	1186.15	36.8764
MGG_05694T0	1931	1932	170.852	6.79352
MGG_04566T0	1125	1126	143	9.75619
MGG_07047T0	4618	4619	3251	54.0694
MGG_02247T0	1475	1476	94	4.89243
MGG_15544T0	150	151	8	4.07001
MGG_00163T0	1784	1785	828	35.6348
MGG_02289T0	1805	1806	118	5.01934
MGG_04578T0	315	316	0	0
MGG_10673T0	1026	1027	87	6.50776
MGG_06151T0	1032	1033	468.919	34.8723
MGG_04688T0	2551	2552	307	9.24146
MGG_15403T0	780	781	5	0.491815
MGG_13686T0	533	534	0	0
MGG_12447T0	12105	12106	9	0.0571116
MGG_10065T0	603	604	0	0
MGG_05802T0	1290	1291	34	2.02318
MGG_06430T0	2752	2753	529	14.7616
MGG_01604T0	2440	2441	2606	82.0143
MGG_07787T0	2448	2449	89	2.7918
MGG_16325T0	474	475	0	0
MGG_04631T0	1068	1069	175	12.576
MGG_17911T0	336	337	0	0
MGG_08337T0	1430	1431	4	0.214735
MGG_12155T0	4293	4294	12	0.214685
MGG_02186T0	1601	1602	502	24.0727
MGG_01181T0	1725	1726	14	0.623117
MGG_00297T0	1872	1873	867	35.5602
MGG_14937T0	2537	2538	36	1.08967
MGG_09977T0	1892	1893	5755	233.549
MGG_17535T0	1833	1834	393.963	16.5021
MGG_16128T0	273	274	0	0
MGG_18071T0	162	163	0	0
MGG_01093T0	1388	1389	436	24.1139
MGG_06145T0	3991	3992	3266	62.8504
MGG_06203T0	2060	2061	25016	932.444
MGG_12813T0	1545	1546	819	40.6965
MGG_06986T0	1071	1072	63	4.5147
MGG_03579T0	2556	2557	479	14.3909
MGG_14253T0	189	190	0	0
MGG_09736T0	1084	1085	400	28.3213
MGG_07957T0	1960	1961	0	0
MGG_09567T0	1363	1364	9.54246	0.537438
MGG_17408T0	297	298	31	7.9915
MGG_16135T0	177	178	26	11.2211
MGG_05201T0	1041	1042	3340	246.242
MGG_13177T0	2248	2249	1428	48.7777
MGG_16688T0	435	436	0	0
MGG_07859T0	2238	2239	0	0
MGG_07269T0	996	997	12	0.924632
MGG_02428T0	2602	2603	932	27.5058
MGG_10700T0	1251	1252	6937	425.647
MGG_06423T0	1116	1117	686	47.1795
MGG_04822T0	1517	1518	869	43.9775
MGG_02453T0	1732	1733	423	18.751
MGG_04422T0	1418	1419	31.7903	1.72106
MGG_10748T0	2022	2023	0	0
MGG_17717T1	682	683	18.2623	2.05408
MGG_17717T0	748	749	7.73769	0.79362
MGG_16287T0	1876	1877	1690	69.168
MGG_15854T0	183	184	1	0.417508
MGG_00478T0	1600	1601	390.916	18.7575
MGG_06503T0	1461	1462	1265	66.47
MGG_06303T0	1630	1631	682	32.1228
MGG_08656T0	1815	1816	50	2.11513
MGG_15277T0	4505	4506	191	3.2563
MGG_15187T0	453	454	9	1.52289
MGG_15632T0	318	319	8	1.92656
MGG_17853T0	153	154	0	0
MGG_00371T0	5831	5832	3026.03	39.8601
MGG_09186T1	4746	4747	110.576	1.78947
MGG_09186T0	6384	6385	2746.42	33.0438
MGG_17662T0	1146	1147	1.5207	0.101851
MGG_08006T0	1659	1660	4286	198.348
MGG_08637T0	2016	2017	3249	123.745
MGG_16972T0	1590	1591	4.03475	0.194818
MGG_01859T0	2973	2974	103	2.6606
MGG_02925T0	1011	1012	1814	137.702
MGG_07663T0	2537	2538	1269	38.4107
MGG_08697T0	4427	4428	319	5.53434
MGG_16002T0	351	352	0	0
MGG_13409T0	2300	2301	83	2.77105
MGG_06416T0	2380	2381	120	3.87173
MGG_05534T0	3053	3054	7029	176.81
MGG_08549T0	2142	2143	50	1.79238
MGG_17381T0	315	316	0	0
MGG_05132T0	1645	1646	33.2377	1.55126
MGG_01561T0	2787	2788	1116	30.7506
MGG_16943T0	447	448	0	0
MGG_17503T0	1419	1420	112	6.05916
MGG_01975T0	2421	2422	1	0.0317182
MGG_08847T0	2880	2881	353	9.4127
MGG_00988T0	2059	2060	653	24.3517
MGG_16462T0	1517	1518	8578	434.107
MGG_02572T0	4124	4125	898	16.7238
MGG_04182T0	2627	2628	1306	38.1769
MGG_03513T0	2272	2273	419	14.1611
MGG_02743T0	2005	2006	130.257	4.98829
MGG_11176T0	1729	1730	111.619	4.95651
MGG_07337T0	751	752	40018	4088.09
MGG_03174T0	1603	1604	361	17.2896
MGG_09616T0	396	397	0	0
MGG_04291T0	366	367	0	0
MGG_11310T0	1741	1742	110185	4859.11
MGG_08702T0	687	688	0	0
MGG_16757T0	372	373	3	0.617867
MGG_16213T0	6225	6226	4801	59.2387
MGG_09306T0	3741	3742	574	11.7839
MGG_03270T0	3549	3550	171.411	3.70931
MGG_08474T0	1790	1791	392	16.8141
MGG_16175T0	527	528	0	0
MGG_05684T0	1823	1824	865	36.4312
MGG_05656T0	6419	6420	161	1.92652
MGG_11399T0	1488	1489	1130	58.2997
MGG_08937T0	2022	2023	23.0246	0.874339
MGG_17379T0	375	376	0	0
MGG_18137T0	2517	2518	0	0
MGG_00638T0	2495	2496	745	22.9295
MGG_11425T0	8954	8955	852	7.30898
MGG_00899T0	1859	1860	781	32.2568
MGG_11192T0	3581	3582	604	12.9537
MGG_17250T0	252	253	0	0
MGG_16122T0	210	211	32	11.6507
MGG_06274T0	1915	1916	1327	53.2057
MGG_13338T0	1700	1701	195	8.8067
MGG_10525T0	2592	2593	3455	102.36
MGG_09351T0	1322	1323	31989	1857.48
MGG_11887T0	1641	1642	118.834	5.5597
MGG_16581T0	255	256	0	0
MGG_15523T0	2819	2820	526	14.3291
MGG_12748T0	854	855	0	0
MGG_15708T0	353	354	0	0
MGG_14206T0	1694	1695	9	0.407902
MGG_09563T0	1429	1430	1761	94.6032
MGG_07613T0	7956	7957	67080	647.629
MGG_17513T0	2150	2151	1056	37.7143
MGG_17478T0	162	163	3	1.41389
MGG_16552T0	633	634	0	0
MGG_09030T0	2141	2142	61	2.18773
MGG_09949T0	2472	2473	309.503	9.61443
MGG_05744T0	509	510	0	0
MGG_14156T0	471	472	0	0
MGG_09663T0	306	307	0	0
MGG_04637T0	3124	3125	7950	195.434
MGG_04452T0	976	977	36	2.83068
MGG_03407T0	2889	2890	259	6.88469
MGG_13936T0	2207	2208	50640	1761.88
MGG_12101T0	2503	2504	2417	74.1524
MGG_03740T0	1179	1180	969.237	63.1002
MGG_15785T0	381	382	31	6.2342
MGG_00088T0	1707	1708	33	1.48426
MGG_00548T0	1475	1476	1436.73	74.7779
MGG_00548T1	1427	1428	1933.27	104.003
MGG_15198T0	957	958	5	0.400947
MGG_11546T0	5081	5082	5090	76.9424
MGG_01586T0	3222	3223	4122	98.2495
MGG_08573T0	3477	3478	1532	33.8386
MGG_02231T0	936	937	0	0
MGG_17183T0	251	252	2	0.609694
MGG_05424T0	747	748	0	0
MGG_12239T0	315	316	0	0
MGG_03784T0	1656	1657	3296	152.808
MGG_11230T0	1803	1804	580	24.6987
MGG_15590T0	159	160	12	5.76161
MGG_00301T0	1479	1480	0	0
MGG_12920T0	1192	1193	193	12.428
MGG_03237T0	1977	1978	236	9.16576
MGG_04835T0	1427	1428	39537	2126.95
MGG_07249T0	1077	1078	16	1.14021
MGG_00803T0	4135	4136	1581	29.3653
MGG_16705T0	222	223	0	0
MGG_02992T0	2151	2152	101	3.60547
MGG_09471T0	3539	3540	2126	46.1363
MGG_07284T0	1851	1852	1531.84	63.5409
MGG_03639T0	522	523	101	14.8355
MGG_07059T0	4634	4635	482	7.98877
MGG_17727T0	264	265	1	0.289892
MGG_10301T0	879	880	0	0
MGG_14344T0	471	472	0	0
MGG_01343T0	2475	2476	969	30.0646
MGG_17874T0	254	255	0	0
MGG_16292T0	390	391	4	0.785898
MGG_17107T0	156	157	4	1.95724
MGG_09271T0	1496	1497	148	7.59491
MGG_07808T0	1650	1651	184	8.56157
MGG_06590T0	3819	3820	36	0.723972
MGG_08568T0	1927	1928	25	0.996129
MGG_01692T0	1206	1207	291	18.5212
MGG_14606T0	1059	1060	20	1.44946
MGG_03890T0	3699	3700	130	2.69913
MGG_06605T0	2097	2098	12142	444.598
MGG_00821T0	387	388	0	0
MGG_03709T0	2463	2464	21	0.654729
MGG_15772T0	298	299	106	27.2344
MGG_15840T0	318	319	6	1.44492
MGG_04336T0	1548	1549	60.8264	3.01664
MGG_17538T0	844	845	199.906	18.1741
MGG_06050T0	2288	2289	973	32.655
MGG_02713T0	519	520	1668	246.42
MGG_04745T0	1408	1409	549	29.9326
MGG_13161T0	1980	1981	3313	128.475
MGG_08908T0	1273	1274	203	12.2408
MGG_00509T0	1742	1743	4218	185.905
MGG_07600T0	2246	2247	310	10.5984
MGG_16204T0	789	790	2244	218.212
MGG_15348T0	363	364	7	1.47734
MGG_05114T0	1851	1852	107	4.43839
MGG_11568T0	2604	2605	65	1.91685
MGG_01105T0	1503	1504	96	4.9035
MGG_06453T0	907	908	2725	230.549
MGG_14903T0	3428	3429	3208.76	71.8873
MGG_06996T0	1033	1034	408.4	30.3423
MGG_02443T0	3197	3198	1485	35.6723
MGG_04335T0	2058	2059	7	0.261171
MGG_03694T0	1781	1782	1110	47.8518
MGG_05449T0	1208	1209	2909	184.842
MGG_12530T0	3816	3817	235	4.72964
MGG_17602T0	441	442	0	0
MGG_08928T0	3289	3290	1855.39	43.3234
MGG_06912T0	2663	2664	9635.99	277.872
MGG_16430T0	207	208	1	0.369334
MGG_15032T0	645	646	126	14.9838
MGG_17102T0	2790	2791	483	13.2944
MGG_00743T0	1937	1938	320	12.6847
MGG_11377T0	1209	1210	1142	72.5042
MGG_07377T0	720	721	0	0
MGG_02582T0	2254	2255	13	0.442873
MGG_16326T0	987	988	0	0
MGG_15831T0	1318	1319	174	10.1341
MGG_08923T0	1879	1880	175	7.15094
MGG_08164T0	1431	1432	2533.74	135.926
MGG_01070T0	2366	2367	13999	454.341
MGG_02019T0	1728	1729	0	0
MGG_09777T0	1779	1780	71	3.06423
MGG_15308T0	319	320	0	0
MGG_03978T0	1734	1735	864	38.2558
MGG_10401T0	825	826	1	0.0930042
MGG_15375T0	366	367	0	0
MGG_03842T0	3748	3749	3239	66.371
MGG_18013T0	213	214	0	0
MGG_16170T0	469	470	0	0
MGG_12349T0	3975	3976	2192.88	42.3693
MGG_11702T0	2781	2782	2691	74.3086
MGG_14868T0	1963	1964	588	22.9995
MGG_18101T0	504	505	28	4.25941
MGG_17385T0	2038	2039	1324	49.8831
MGG_13455T0	2725	2726	1868	52.6422
MGG_01460T0	1130	1131	101.294	6.88027
MGG_15527T0	1517	1518	63	3.18824
MGG_09760T0	1958	1959	190	7.45078
MGG_05359T0	3491	3492	6169.87	135.733
MGG_08744T0	6185	6186	970	12.046
MGG_17340T0	614	615	1	0.124913
MGG_09181T0	1119	1120	974	66.8073
MGG_09807T0	630	631	0	0
MGG_00686T0	1527	1528	459	23.0766
MGG_00939T0	2349	2350	752	24.5829
MGG_10279T0	1512	1513	2	0.101549
MGG_07259T0	2912	2913	1794	47.3113
MGG_08104T0	1981	1982	617	23.9147
MGG_03474T0	1902	1903	10	0.403686
MGG_10724T0	1916	1917	8	0.32059
MGG_01969T0	4755	4756	1421	22.9528
MGG_06940T0	1798	1799	442	18.8744
MGG_06455T0	2656	2657	715	20.6727
MGG_05338T0	1624	1625	22	1.04004
MGG_01693T0	1806	1807	441.255	18.7592
MGG_15661T0	393	394	7	1.36485
MGG_04512T0	1813	1814	867	36.7168
MGG_15393T0	1032	1033	205	15.2453
MGG_03097T0	1781	1782	65	2.80213
MGG_08520T0	1438	1439	2	0.106771
MGG_00049T0	2127	2128	589	21.2631
MGG_03353T0	1258	1259	114	6.95604
MGG_16939T0	405	406	0	0
MGG_03562T0	3761	3762	121	2.47087
MGG_15862T0	698	699	1	0.109902
MGG_13986T0	1999	2000	1773	68.1022
MGG_08729T0	831	832	0	0
MGG_01232T0	1614	1615	6501	309.236
MGG_17419T0	168	169	2	0.90913
MGG_15373T0	1448	1449	12	0.636203
MGG_01760T0	2335	2336	2539	83.4973
MGG_12128T0	2746	2747	842	23.547
MGG_17292T0	240	241	0	0
MGG_08389T0	1297	1298	0	0
MGG_02377T0	3269	3270	232.382	5.4593
MGG_04987T0	3916	3917	1203	23.5936
MGG_06562T0	1175	1176	4438	289.91
MGG_16872T0	312	313	10696	2625.18
MGG_16629T0	573	574	3427	458.654
MGG_16380T0	417	418	0	0
MGG_04359T0	3689	3690	928	19.3199
MGG_01089T0	2049	2050	579	21.6974
MGG_05493T0	1092	1093	24	1.68684
MGG_17622T0	1625	1626	37	1.74809
MGG_13756T0	810	811	92	8.71464
MGG_16179T0	440	441	7.00991	1.22111
MGG_16179T1	436	437	0	0
MGG_07030T0	2153	2154	357	12.7323
MGG_01770T0	1673	1674	3619	166.08
MGG_18126T0	396	397	4	0.77402
MGG_05288T0	2372	2373	72	2.33087
MGG_01095T0	2623	2624	851	24.9143
MGG_17390T0	871	872	36	3.17153
MGG_05345T0	2250	2251	543	18.5313
MGG_03658T0	855	856	1711.6	153.607
MGG_04989T0	6775	6776	2154	24.4205
MGG_17721T0	963	964	548	43.6703
MGG_03133T0	3317	3318	97	2.24584
MGG_10267T0	2662	2663	146	4.21177
MGG_10031T0	1215	1216	35	2.21114
MGG_15965T0	1713	1714	1.1455e-05	5.13414e-07
MGG_07880T0	684	685	0	0
MGG_17808T0	255	256	0	0
MGG_14850T0	794	795	1050	101.462
MGG_08894T0	987	988	477	37.0889
MGG_03115T0	3467	3468	6	0.132909
MGG_05066T0	1167	1168	1.10956	0.0729775
MGG_17726T0	742	743	41	4.23914
MGG_04470T0	3086	3087	262	6.52
MGG_09159T0	2017	2018	39327	1497.11
MGG_00135T0	2042	2043	1074	40.3849
MGG_06238T0	4217	4218	189	3.44221
MGG_07545T0	1743	1744	171	7.53238
MGG_07972T0	1260	1261	39	2.37592
MGG_16087T0	231	232	0	0
MGG_02096T0	3394	3395	1014	22.9446
MGG_07037T0	6168	6169	11402	141.987
MGG_03176T0	1272	1273	55	3.31907
MGG_09495T0	1311	1312	1295.8	75.8732
MGG_09715T0	1493	1494	607	31.2119
MGG_00916T0	465	466	5	0.824265
MGG_06391T0	2373	2374	487.9	15.7882
MGG_00146T0	1650	1651	1878.58	87.4109
MGG_07793T0	1038	1039	7930	586.328
MGG_03944T0	2625	2626	75	2.19406
MGG_13651T0	1622	1623	624	29.5358
MGG_11713T0	1979	1980	1678	65.1043
MGG_11447T0	1610	1611	136	6.48524
MGG_02997T0	480	481	73	11.659
MGG_14806T0	5449	5450	1304	18.3808
MGG_17636T0	603	604	2732.75	347.573
MGG_03029T0	1368	1369	19	1.06619
MGG_03519T0	2151	2152	67	2.39175
MGG_11132T0	2254	2255	3969	135.213
MGG_00781T0	2271	2272	23	0.777682
MGG_09817T0	2993	2994	1	0.0256585
MGG_03428T0	792	793	8	0.774996
MGG_00394T0	987	988	4	0.311018
MGG_03585T0	1189	1190	12	0.77467
MGG_11091T0	702	703	12	1.31132
MGG_08155T1	1029	1030	7.02686	0.524091
MGG_08155T0	1864	1865	198.972	8.19588
MGG_13410T0	555	556	2749	379.824
MGG_14869T0	568	569	232.096	31.3356
MGG_06156T1	3690	3691	35	0.728462
MGG_06156T0	3926	3927	0	0
MGG_16538T0	1485	1486	9	0.465271
MGG_15022T0	799	800	219	21.0299
MGG_02465T0	2209	2210	6690	232.55
MGG_05681T0	1568	1569	799.439	39.1422
MGG_17924T0	267	268	6	1.71988
MGG_04859T0	2176	2177	8.69728	0.306908
MGG_16823T0	150	151	6	3.05251
MGG_12929T0	2128	2129	99.6409	3.59538
MGG_06076T0	990	991	1178	91.3176
MGG_16276T0	1992	1993	119	4.58693
MGG_04344T0	2426	2427	270	8.54627
MGG_05021T0	471	472	275	44.7583
MGG_03764T0	1781	1782	3	0.129329
MGG_04912T0	3314	3315	2642	61.2254
MGG_05469T0	444	445	0	0
MGG_16702T0	174	175	0	0
MGG_05790T0	1719	1720	18	0.803946
MGG_17896T0	240	241	11	3.50637
MGG_16665T0	210	211	1	0.364083
MGG_05850T0	1669	1670	1800.71	82.8342
MGG_03968T0	1347	1348	145	8.26344
MGG_06534T0	1895	1896	4190	169.769
MGG_13597T0	1461	1462	0	0
MGG_05238T0	965	966	1954.73	155.45
MGG_11654T0	1440	1441	0	0
MGG_04845T0	741	742	209	21.6384
MGG_12025T0	1152	1153	197	13.1256
MGG_11712T0	2936	2937	1884.65	49.2957
MGG_04122T0	1744	1745	106	4.66652
MGG_14085T0	1568	1569	203.661	9.97166
MGG_09000T0	2160	2161	509	18.0945
MGG_00183T0	5039	5040	2912	44.3857
MGG_05222T0	2861	2862	6496.19	174.37
MGG_15827T0	237	238	13	4.19613
MGG_04609T0	2921	2922	104	2.73423
MGG_01546T0	249	250	212	65.1446
MGG_03807T0	1641	1642	12	0.561424
MGG_03017T0	2812	2813	1107	30.2316
MGG_17531T0	3220	3221	4903	116.938
MGG_17581T0	576	577	3	0.399418
MGG_09947T0	5437	5438	7075	99.947
MGG_09885T0	2044	2045	692.764	26.024
MGG_10059T0	1918	1919	280	11.209
MGG_04711T0	1549	1550	97	4.80754
MGG_05230T0	1674	1675	279	12.7959
MGG_03158T0	3505	3506	28	0.61352
MGG_03313T0	4354	4355	1618	28.5413
MGG_03322T0	3278	3279	758	17.7587
MGG_14909T0	398	399	92	17.7132
MGG_11311T0	1815	1816	1204	50.9323
MGG_01050T0	3009	3010	1867	47.6497
MGG_00314T0	1965	1966	14973	585.07
MGG_17285T0	312	313	186.866	45.8637
MGG_08916T0	2301	2302	74	2.4695
MGG_10927T0	1044	1045	5	0.367567
MGG_03192T0	2451	2452	813	25.4714
MGG_01417T0	2147	2148	8	0.286114
MGG_12568T0	1476	1477	67	3.48479
MGG_08561T0	3265	3266	1479.39	34.7976
MGG_12844T0	2742	2743	192.584	5.39358
MGG_05603T0	1208	1209	224.711	14.2785
MGG_15980T0	378	379	0	0
MGG_05379T0	4468	4469	973	16.7257
MGG_02789T0	1844	1845	3149	131.117
MGG_16839T0	300	301	11	2.80743
MGG_17311T0	590	591	9	1.16987
MGG_03933T0	1500	1501	80	4.09442
MGG_12247T0	663	664	106480	12319.2
MGG_00754T0	1829	1830	3005	126.147
MGG_04802T0	1982	1983	149	5.77226
MGG_17472T0	1806	1807	886	37.6668
MGG_18070T0	264	265	0	0
MGG_15478T0	534	535	471	67.6316
MGG_04744T0	2193	2194	86	3.01123
MGG_02464T0	3323	3324	3371	77.9077
MGG_06003T0	634	635	6397	773.901
MGG_17915T0	330	331	20	4.64178
MGG_17752T0	345	346	0	0
MGG_12315T0	1094	1095	7168	502.883
MGG_10436T0	402	403	2	0.381248
MGG_10843T0	1713	1714	424	19.0037
MGG_16381T0	285	286	0	0
MGG_11813T0	1044	1045	8	0.588107
MGG_04525T0	1431	1432	9972	534.961
MGG_05049T0	4330	4331	822	14.5803
MGG_00537T0	2639	2640	1020.56	29.6974
MGG_00537T1	2569	2570	1067.44	31.9074
MGG_02656T0	7725	7726	693	6.89067
MGG_15848T0	411	412	6	1.11876
MGG_17036T0	231	232	20	6.62254
MGG_15210T0	1530	1531	0	0
MGG_16741T0	1008	1009	8	0.60909
MGG_00020T0	1524	1525	0	0
MGG_05116T0	2737	2738	653	18.3216
MGG_12114T0	219	220	501	174.943
MGG_11859T0	1475	1476	17	0.8848
MGG_10322T0	1560	1561	2235	109.991
MGG_05960T0	6202	6203	1674	20.7318
MGG_03126T0	2230	2231	171	5.88816
MGG_12599T0	2039	2040	242	9.11314
MGG_16845T0	324	325	2	0.472748
MGG_13019T0	801	802	1146	109.772
MGG_09367T0	1011	1012	12306	934.155
MGG_06746T0	423	424	5	0.905914
MGG_07609T0	765	766	78	7.82255
MGG_06862T1	3180	3181	0	0
MGG_06862T0	2760	2761	0	0
MGG_05686T0	1905	1906	2562	103.262
MGG_06340T0	675	676	0	0
MGG_10216T0	1464	1465	1	0.0524379
MGG_03048T0	3114	3115	976	24.0699
MGG_05108T0	636	637	161	19.4164
MGG_17870T0	195	196	1	0.391946
MGG_03116T0	2789	2790	2702	74.3984
MGG_05101T0	1167	1168	20	1.31544
MGG_12137T0	1820	1821	1546	65.2202
MGG_02392T0	192	193	2172	864.54
MGG_01328T0	710	711	452	48.8373
MGG_11040T0	1820	1821	4391	185.241
MGG_06257T0	2406	2407	390	12.4472
MGG_01991T0	1996	1997	52	2.00036
MGG_06723T0	744	745	1217	125.492
MGG_03418T0	2066	2067	9514	353.594
MGG_09946T0	1344	1345	198	11.309
MGG_03502T0	2679	2680	110	3.15312
MGG_09516T0	3040	3041	2315	58.4813
MGG_02273T0	651	652	9	1.06042
MGG_09539T0	1594	1595	817	39.3499
MGG_16201T0	1124	1125	2166	147.907
MGG_17706T0	204	205	0	0
MGG_02763T0	2262	2263	4010	136.126
MGG_14793T0	490	491	4	0.625837
MGG_09793T0	823	824	8	0.74584
MGG_07244T0	1140	1141	580	39.0504
MGG_11472T0	603	604	6	0.763127
MGG_07335T0	2516	2517	1152	35.1603
MGG_06131T1	3254	3255	395.612	9.33687
MGG_06131T0	1879	1880	1007.94	41.187
MGG_06131T2	3006	3007	401.821	10.2655
MGG_14388T0	606	607	0	0
MGG_17851T0	180	181	1	0.424428
MGG_04892T0	562	563	3	0.409351
MGG_16071T0	240	241	0	0
MGG_07711T0	2351	2352	810	26.4564
MGG_03208T0	2729	2730	12	0.337677
MGG_06968T0	2256	2257	150	5.10555
MGG_16345T0	294	295	0	0
MGG_17239T0	429	430	5	0.893273
MGG_16959T0	237	238	0	0
MGG_15085T0	3208	3209	38	0.909697
MGG_09926T0	2122	2123	24717	894.393
MGG_17060T1	4863	4864	2058.17	32.5064
MGG_17060T0	2553	2554	316.223	9.51165
MGG_09968T0	944	945	17	1.38197
MGG_11685T0	1977	1978	4656	180.83
MGG_02125T0	1728	1729	310	13.7737
MGG_01318T0	1257	1258	1365	83.3556
MGG_16743T0	3632	3633	54.118	1.14435
MGG_01867T0	1897	1898	5330	215.732
MGG_10803T0	1179	1180	13	0.846338
MGG_08467T0	1236	1237	0	0
MGG_14270T0	2408	2409	13473	429.645
MGG_02043T0	1065	1066	0	0
MGG_16661T0	582	583	0	0
MGG_14438T0	441	442	0	0
MGG_15168T0	1261	1262	8	0.486982
MGG_10204T0	1130	1131	156.261	10.6138
MGG_02518T0	3142	3143	557	13.6142
MGG_08562T0	2731	2732	70	1.96834
MGG_03508T0	2693	2694	901	25.6927
MGG_06843T0	2407	2408	325	10.3683
MGG_03506T0	1725	1726	2531	112.651
MGG_17556T0	501	502	0	0
MGG_15728T0	1944	1945	62	2.44881
MGG_01012T0	4286	4287	3213.59	57.5864
MGG_03093T0	1450	1451	146.664	7.76498
MGG_14706T0	1255	1256	0	0
MGG_08276T0	1839	1840	94	3.92458
MGG_01233T1	1936	1937	1156.98	45.8859
MGG_01233T0	2170	2171	7.01821	0.248341
MGG_10183T0	1322	1323	94.2333	5.47176
MGG_09139T0	2864	2865	50	1.34069
MGG_08313T0	957	958	1	0.0801894
MGG_10663T0	1710	1711	13	0.583682
MGG_07517T0	2768	2769	5916	164.13
MGG_09055T0	1260	1261	54343	3310.63
MGG_00362T0	1549	1550	595	29.4895
MGG_11561T0	5088	5089	56	0.845353
MGG_09540T0	2380	2381	476	15.3578
MGG_04956T0	2103	2104	12737	465.055
MGG_09193T0	1861	1862	1043	43.0316
MGG_00779T0	2360	2361	420	13.6658
MGG_05575T0	894	895	1880	161.368
MGG_03509T0	1572	1573	6	0.293025
MGG_01244T0	4087	4088	2277	42.7893
MGG_03427T0	1548	1549	5	0.247971
MGG_06538T0	755	756	485	49.2836
MGG_06832T0	1920	1921	2420	96.7767
MGG_05572T0	2901	2902	273.927	7.25138
MGG_17840T0	852	853	38	3.42229
MGG_07677T0	780	781	22	2.16399
MGG_16507T0	870	871	3	0.264598
MGG_10676T0	561	562	2295	313.711
MGG_08108T0	1103	1104	315	21.9192
MGG_04312T0	1308	1309	3	0.176061
MGG_08055T0	1320	1321	417.315	24.2685
MGG_03056T0	2255	2256	323	10.9988
MGG_05941T0	1796	1797	291	12.4402
MGG_15041T0	1152	1153	88	5.86322
MGG_04641T0	1910	1911	424.817	17.0775
MGG_03347T0	1537	1538	272	13.5861
MGG_04544T0	1520	1521	397	20.0514
MGG_13058T0	3068	3069	715	17.8975
MGG_16733T0	2356	2357	95	3.09633
MGG_08943T0	1350	1351	0	0
MGG_05045T0	651	652	24	2.82778
MGG_10289T0	1944	1945	1569	61.9706
MGG_00343T0	2987	2988	861	22.1363
MGG_01891T0	705	706	7	0.761686
MGG_04328T0	1881	1882	15486	632.124
MGG_16966T0	1560	1561	28	1.37796
MGG_06434T0	990	991	264	20.4651
MGG_08291T0	462	463	89	14.767
MGG_04411T0	704	705	494	53.8295
MGG_17260T0	303	304	3	0.758107
MGG_07402T0	1169	1170	703	46.1586
MGG_15680T0	168	169	2	0.90913
MGG_15740T0	772	773	25	2.48452
MGG_04629T0	4769	4770	7021	113.074
MGG_06045T0	1228	1229	2471	154.456
MGG_00257T0	1095	1096	107	7.49991
MGG_03360T0	2808	2809	83	2.26991
MGG_06866T0	1228	1229	0	0
MGG_00544T0	588	589	734	95.7334
MGG_03481T0	3052	3053	697	17.5383
MGG_17086T0	165	166	6	2.77668
MGG_03852T0	1917	1918	207.491	8.31062
MGG_17579T0	474	475	0	0
MGG_15505T0	600	601	38	4.85727
MGG_02216T1	1498	1499	132.818	6.80674
MGG_02216T0	1551	1552	53.2729	2.63692
MGG_15787T0	1129	1130	4	0.271934
MGG_14814T0	2011	2012	441.452	16.8554
MGG_01764T0	1423	1424	51.539	2.78041
MGG_02056T0	2791	2792	0	0
MGG_17057T0	1050	1051	163	11.9143
MGG_15362T0	736	737	8	0.833883
MGG_09674T0	1659	1660	0	0
MGG_13033T0	1720	1721	5712	254.971
MGG_14404T0	2181	2182	1764.13	62.1094
MGG_02272T0	1581	1582	1	0.0485597
MGG_17834T0	710	711	0	0
MGG_16624T0	168	169	0	0
MGG_05607T0	2529	2530	1780.95	54.0771
MGG_10356T0	1470	1471	0	0
MGG_00097T0	1908	1909	42.7185	1.71907
MGG_09156T0	1840	1841	75	3.12961
MGG_00778T0	1800	1801	244	10.4078
MGG_16320T0	222	223	0	0
MGG_07733T0	966	967	8	0.635545
MGG_12646T0	3316	3317	1695	39.2561
MGG_06320T0	4624	4625	4601	76.4228
MGG_16756T0	3007	3008	1444	36.8784
MGG_00697T0	1186	1187	1079	69.8318
MGG_05683T0	4700	4701	412	6.73271
MGG_07346T0	1107	1108	101	7.00268
MGG_00266T0	867	868	0	0
MGG_18023T0	342	343	16	3.58351
MGG_09029T0	1529	1530	1194	59.9509
MGG_10312T0	1743	1744	1001	44.0931
MGG_13974T0	360	361	0	0
MGG_16005T0	213	214	0	0
MGG_10299T0	684	685	3	0.336444
MGG_17414T0	198	199	159	61.38
MGG_04458T0	1479	1480	748.489	38.8514
MGG_09778T0	2190	2191	15	0.525934
MGG_16663T0	186	187	0	0
MGG_05209T0	3383	3384	2377	53.9612
MGG_14831T0	7755	7756	9	0.089143
MGG_00467T0	3121	3122	1150	28.2975
MGG_01679T0	1073	1074	21.15	1.51283
MGG_09706T0	2102	2103	626	22.8675
MGG_02218T0	1005	1006	35	2.67272
MGG_10334T0	2047	2048	279	10.4654
MGG_11915T0	267	268	18	5.15965
MGG_00884T0	2176	2177	5938	209.539
MGG_14737T0	1609	1610	44.6875	2.13227
MGG_12300T0	1308	1309	2491	146.19
MGG_01006T0	1062	1063	2782.08	201.057
MGG_08983T0	1370	1371	49	2.74563
MGG_04648T0	2224	2225	199	6.87078
MGG_13192T0	2749	2750	9205	257.142
MGG_03705T0	3261	3262	1858	43.7567
MGG_00839T0	1101	1102	809	56.3962
MGG_01506T0	1533	1534	287	14.3727
MGG_09734T0	3869	3870	1782.09	35.3754
MGG_17090T0	336	337	1	0.227957
MGG_03930T0	501	502	4391	671.958
MGG_09412T0	3091	3092	11023.7	273.886
MGG_10477T0	888	889	8	0.691307
MGG_01311T0	3220	3221	8299	197.933
MGG_11674T0	327	328	1	0.234212
MGG_07202T0	2074	2075	26883	995.273
MGG_09964T0	2205	2206	4	0.139296
MGG_03494T0	1383	1384	367	20.371
MGG_01977T0	2208	2209	952	33.1073
MGG_18028T0	599	600	5	0.640179
MGG_16239T0	758	759	30	3.03642
MGG_05248T0	1105	1106	3366.84	233.857
MGG_09833T0	1646	1647	73	3.40496
MGG_10856T0	821	822	149.353	13.9581
MGG_04185T0	4021	4022	2501	47.7699
MGG_14703T0	1158	1159	192	12.7263
MGG_12392T0	3472	3473	9	0.199077
MGG_04806T0	1503	1504	2374	121.259
MGG_09303T0	3690	3691	8585.94	178.701
MGG_16116T0	4641	4642	1397	23.1193
MGG_05528T0	1291	1292	2347	139.551
MGG_16061T0	384	385	0	0
MGG_16830T0	2663	2664	231	6.66132
MGG_03374T0	1501	1502	94	4.80774
MGG_08647T0	1420	1421	80	4.32493
MGG_17496T0	213	214	0	0
MGG_15293T0	1200	1201	894	57.1844
MGG_11216T0	2830	2831	2607	70.7431
MGG_14609T0	1347	1348	35	1.99462
MGG_05044T0	4539	4540	68	1.15063
MGG_09902T0	867	868	360	31.8614
MGG_17938T0	640	641	11	1.31831
MGG_16374T0	1424	1425	34	1.83293
MGG_07885T0	2543	2544	7	0.21138
MGG_14151T0	2124	2125	23	0.83148
MGG_14667T0	966	967	94	7.46765
MGG_12163T0	636	637	677	81.6454
MGG_01423T0	2367	2368	4360.73	141.469
MGG_13948T0	1305	1306	464	27.2934
MGG_00294T0	2013	2014	530	20.2162
MGG_08287T0	1565	1566	1765.39	86.6028
MGG_08287T1	1399	1400	1015.61	55.729
MGG_10321T0	1773	1774	198	8.57421
MGG_02517T0	3555	3556	1605	34.6734
MGG_17459T0	570	571	0	0
MGG_05570T0	976	977	67	5.26821
MGG_17954T0	482	483	3	0.477152
MGG_17857T0	420	421	83	15.1453
MGG_15350T0	450	451	44	7.49478
MGG_12679T0	1458	1459	297	15.6381
MGG_02922T0	1672	1673	48.3233	2.21893
MGG_03225T0	2492	2493	1714	52.8167
MGG_08589T0	1486	1487	60.9125	3.14687
MGG_07287T0	3294	3295	2330	54.3229
MGG_15964T0	249	250	8.17511	2.5121
MGG_05600T0	2544	2545	115	3.4713
MGG_08464T0	1053	1054	415	30.2475
MGG_17982T0	1783	1784	112	4.82287
MGG_00529T0	4579	4580	6049.69	101.473
MGG_04332T0	1101	1102	5	0.348555
MGG_03178T0	2517	2518	112	3.417
MGG_02692T0	954	955	1395	112.216
MGG_05938T0	1456	1457	82	4.32352
MGG_10774T0	388	389	0	0
MGG_03881T0	4342	4343	257.732	4.5589
MGG_07937T0	1173	1174	121	7.91772
MGG_16744T0	3529	3530	392.882	8.55008
MGG_15040T0	1143	1144	0	0
MGG_17832T0	390	391	4	0.785898
MGG_10766T0	1593	1594	0	0
MGG_11343T0	2690	2691	820.95	23.4361
MGG_15263T0	1132	1133	5	0.339018
MGG_00844T0	3350	3351	127	2.91147
MGG_01578T0	2198	2199	3295	115.11
MGG_18120T0	162	163	3	1.41389
MGG_03067T0	5536	5537	57	0.79083
MGG_00174T0	2875	2876	1515	40.4675
MGG_02234T0	537	538	2	0.285582
MGG_17520T0	165	166	7	3.23946
MGG_16610T0	543	544	0	0
MGG_16410T0	2752	2753	12275	342.53
MGG_09330T0	1860	1861	171	7.05883
MGG_10447T0	1507	1508	7761	395.366
MGG_13510T0	2264	2265	218.09	7.39691
MGG_16237T0	588	589	18	2.34769
MGG_07103T0	5120	5121	8422.27	126.345
MGG_10051T0	1244	1245	18785	1159.11
MGG_17049T0	444	445	0	0
MGG_16509T0	771	772	26	2.58725
MGG_12828T0	2491	2492	2311	71.2418
MGG_10187T0	3272	3273	2449	57.4812
MGG_01052T0	2648	2649	526	15.2541
MGG_06220T0	1329	1330	16	0.924168
MGG_15531T0	464	465	5	0.826037
MGG_07220T0	1629	1630	76772	3618.24
MGG_09916T0	1330	1331	9851	568.571
MGG_17580T0	369	370	1	0.207626
MGG_01298T0	1490	1491	41	2.11246
MGG_18091T0	105	106	0	0
MGG_16789T0	273	274	0	0
MGG_09360T0	1668	1669	210.099	9.67052
MGG_10701T0	1116	1117	119	8.1842
MGG_03416T0	603	604	47	5.97783
MGG_03746T0	1059	1060	0	0
MGG_14711T0	2397	2398	23	0.73682
MGG_01110T0	682	683	5099.96	573.626
MGG_01690T0	963	964	1185	94.433
MGG_08214T0	423	424	0	0
MGG_17025T0	480	481	0	0
MGG_02720T0	1077	1078	43	3.06431
MGG_05157T0	931	932	32	2.63765
MGG_16076T0	600	601	0	0
MGG_16379T0	315	316	239	58.1023
MGG_04831T0	3991	3992	2055.61	39.5578
MGG_08152T0	1710	1711	6745	302.841
MGG_10685T0	2688	2689	1224	34.9682
MGG_10916T0	2332	2333	0	0
MGG_08367T0	3203	3204	13060	313.136
MGG_00867T0	1052	1053	283	20.6462
MGG_08663T0	2989	2990	9798.03	251.739
MGG_01292T0	2284	2285	464	15.5996
MGG_07912T0	1997	1998	2941	113.079
MGG_07398T0	417	418	0	0
MGG_15367T0	384	385	0	0
MGG_00296T0	2665	2666	161.211	4.64533
MGG_10371T0	843	844	705	64.1696
MGG_05940T0	1429	1430	1497	80.4208
MGG_10806T0	3129	3130	65	1.59533
MGG_02719T0	2713	2714	2135	60.4325
MGG_03389T0	1897	1898	1991	80.5857
MGG_08346T0	1071	1072	0	0
MGG_17639T0	585	586	0	0
MGG_01997T0	1301	1302	1	0.0590027
MGG_16425T0	1994	1995	183	7.04678
MGG_13884T0	597	598	0	0
MGG_04070T0	2408	2409	36	1.14802
MGG_02095T0	996	997	68	5.23958
MGG_13308T0	2100	2101	44	1.60883
MGG_00215T0	927	928	5	0.413909
MGG_01114T0	1410	1411	229	12.4678
MGG_06198T0	3375	3376	995	22.6414
MGG_16267T0	502	503	35	5.34543
MGG_15935T0	225	226	0	0
MGG_14595T0	969	970	344	27.2439
MGG_08318T0	1474	1475	32.8465	1.71072
MGG_01667T0	642	643	4999	597.248
MGG_02521T0	1806	1807	598	25.4229
MGG_16537T0	348	349	2	0.440238
MGG_17284T0	1068	1069	0	0
MGG_13782T0	1305	1306	5042	296.58
MGG_07373T0	666	667	0	0
MGG_07965T0	1216	1217	22	1.38872
MGG_03597T0	2951	2952	335	8.71789
MGG_06676T0	783	784	310.942	30.4682
MGG_10429T0	1893	1894	931	37.7618
MGG_12335T0	2622	2623	3218	94.2476
MGG_17288T0	817	818	11.4101	1.07156
MGG_11317T0	3122	3123	7038	173.125
MGG_14173T0	6297	6298	3227	39.3622
MGG_04608T0	3967	3968	1643	31.8089
MGG_06782T0	2283	2284	103	3.46437
MGG_16630T0	1434	1435	2942	157.497
MGG_15700T0	2138	2139	18403	660.938
MGG_11999T0	1549	1550	18	0.89212
MGG_06735T0	2853	2854	2089	56.2299
MGG_13591T0	6960	6961	1	0.011036
MGG_04879T0	1442	1443	609	32.4215
MGG_07646T0	2592	2593	0	0
MGG_13783T0	3948	3949	1757	34.1796
MGG_00156T0	966	967	35	2.78051
MGG_10335T0	345	346	0	0
MGG_10569T0	2042	2043	7359.99	276.753
MGG_01906T0	1340	1341	4421	253.265
MGG_17169T0	1848	1849	112	4.65333
MGG_17814T0	735	736	0	0
MGG_15461T0	528	529	0	0
MGG_03432T0	2136	2137	0	0
MGG_03376T0	3539	3540	2592	56.249
MGG_13798T0	1092	1093	60	4.2171
MGG_12142T0	195	196	0	0
MGG_11774T0	2541	2542	605	18.2836
MGG_08542T0	3716	3717	113	2.33544
MGG_10276T0	597	598	0	0
MGG_05203T0	1488	1489	738	38.0754
MGG_05446T0	1667	1668	623.5	28.7159
MGG_04933T0	2979	2980	179	4.61444
MGG_16924T0	1441	1442	52	2.77026
MGG_07603T0	969	970	110	8.71171
MGG_08146T0	2422	2423	5262	166.832
MGG_06129T0	1222	1223	321	20.1633
MGG_02536T0	2986	2987	2604	66.9713
MGG_04451T0	435	436	0	0
MGG_11063T0	2058	2059	937	34.9596
MGG_05283T0	1791	1792	1434.25	61.4851
MGG_03330T0	1708	1709	166	7.46189
MGG_05827T0	1329	1330	0	0
MGG_16941T0	378	379	0	0
MGG_00579T0	1122	1123	19	1.29974
MGG_09850T0	5182	5183	2530	37.4992
MGG_13787T0	162	163	2122	1000.09
MGG_03491T0	2010	2011	182.351	6.96592
MGG_07011T0	2254	2255	388	13.2181
MGG_08670T0	1539	1540	475	23.6949
MGG_18033T0	162	163	0	0
MGG_00190T0	1455	1456	399	21.052
MGG_15303T0	366	367	6	1.25594
MGG_15145T0	1114	1115	49.8016	3.43124
MGG_05405T0	1413	1414	51	2.77079
MGG_06392T0	1943	1944	1928	76.1892
MGG_05170T0	1353	1354	1805.77	102.454
MGG_16990T0	1682	1683	18	0.82162
MGG_09743T0	1051	1052	1994	145.61
MGG_12354T0	912	913	196.698	16.5506
MGG_06544T0	2200	2201	600.355	20.9542
MGG_09648T0	570	571	7	0.94177
MGG_17894T0	471	472	27	4.39445
MGG_11746T0	679	680	20	2.25946
MGG_13262T0	2649	2650	88.791	2.57398
MGG_11351T0	3611	3612	535	11.3786
MGG_17380T0	243	244	7	2.2039
MGG_16728T0	1526	1527	307	15.4448
MGG_09486T0	920	921	145	12.0946
MGG_17800T0	291	292	0	0
MGG_16586T0	303	304	1	0.252702
MGG_01674T0	5524	5525	6620	92.0467
MGG_06360T0	5446	5447	1267	17.8691
MGG_13031T0	2451	2452	250	7.83253
MGG_05530T0	1197	1198	469	30.0745
MGG_08446T0	2016	2017	1	0.038087
MGG_14513T0	1881	1882	291.609	11.9032
MGG_00966T0	1932	1933	600	23.8453
MGG_03677T0	1700	1701	532	24.0265
MGG_09380T0	1032	1033	0	0
MGG_15036T0	654	655	519	60.8708
MGG_04013T0	763	764	423	42.5334
MGG_04564T0	3344	3345	18717	429.856
MGG_08372T0	321	322	0	0
MGG_02339T0	465	466	1501	247.444
MGG_09146T0	1484	1485	102	5.27663
MGG_10412T0	3126	3127	526	12.9223
MGG_03044T0	1622	1623	154	7.28928
MGG_03584T0	1764	1765	23	1.00107
MGG_09459T0	1263	1264	417	25.3438
MGG_14069T0	3003	3004	9	0.230158
MGG_15121T0	513	514	17	2.54079
MGG_00432T0	999	1000	4523	347.464
MGG_07737T0	8347	8348	304	2.79752
MGG_07061T0	2505	2506	411	12.5992
MGG_07744T0	2045	2046	538	20.2004
MGG_01801T0	2417	2418	321	10.1984
MGG_17797T0	657	658	13	1.51775
MGG_08747T0	672	673	0	0
MGG_05657T0	890	891	3701	319.098
MGG_15418T0	945	946	1	0.0812066
MGG_08546T0	507	508	2	0.302447
MGG_00906T0	1483	1484	379.308	19.6355
MGG_04038T0	2198	2199	562.404	19.6474
MGG_04074T0	1740	1741	39	1.72087
MGG_09124T0	6221	6222	2673	33.0029
MGG_05643T0	6387	6388	2111	25.3867
MGG_07598T0	1581	1582	43	2.08807
MGG_16209T0	396	397	21	4.0636
MGG_01369T0	2046	2047	76	2.85219
MGG_06650T0	1867	1868	9563	393.278
MGG_02120T0	1803	1804	0	0
MGG_02112T0	1346	1347	15	0.855473
MGG_03457T0	843	844	3	0.273062
MGG_11732T0	1886	1887	397	16.1622
MGG_02665T0	6411	6412	459	5.49923
MGG_17577T0	381	382	8	1.60883
MGG_08429T0	2182	2183	964	33.9239
MGG_09392T0	3407	3408	4	0.0901661
MGG_15094T0	1506	1507	9	0.458788
MGG_00849T0	2132	2133	854	30.7574
MGG_17108T0	216	217	0	0
MGG_06953T0	918	919	207	17.3036
MGG_07723T0	1634	1635	93	4.36966
MGG_09220T0	381	382	3	0.60331
MGG_13713T0	849	850	30	2.71135
MGG_07462T0	1929	1930	164	6.52784
MGG_04468T0	3850	3851	518	10.3333
MGG_14377T0	304	305	0	0
MGG_04660T0	2087	2088	1223	44.9965
MGG_04170T0	2187	2188	67	2.35239
MGG_02595T0	3243	3244	670	15.8663
MGG_15807T0	1568	1569	1.38773	0.0679463
MGG_01502T0	2902	2903	2281.31	60.37
MGG_10494T0	2495	2496	1712.13	52.6957
MGG_03202T0	1059	1060	715	51.8183
MGG_02764T0	1995	1996	85	3.27146
MGG_05466T0	3079	3080	56	1.39675
MGG_00390T0	780	781	8	0.786904
MGG_03956T0	1019	1020	885	66.6539
MGG_10071T0	1599	1600	0	0
MGG_00373T0	4354	4355	5260	92.7855
MGG_09480T0	1395	1396	2084	114.682
MGG_17920T0	273	274	74	20.7474
MGG_02843T0	2315	2316	378.783	12.5642
MGG_01887T0	3580	3581	708	15.1884
MGG_00260T0	858	859	3	0.268294
MGG_00949T0	2027	2028	4613	174.742
MGG_13449T0	2114	2115	0	0
MGG_12745T0	2247	2248	490	16.7449
MGG_07150T0	3926	3927	1373	26.8592
MGG_13894T0	1833	1834	0	0
MGG_10744T0	2107	2108	240	8.74628
MGG_09384T0	1850	1851	27940	1159.59
MGG_10530T0	1596	1597	99	4.76226
MGG_12869T0	3383	3384	1402	31.8273
MGG_04674T0	3459	3460	650	14.4318
MGG_00746T0	4908	4909	3023	47.3073
MGG_01654T0	2769	2770	2056	57.0198
MGG_08595T0	1384	1385	358.401	19.8793
MGG_12739T0	1575	1576	1252	61.0282
MGG_16746T0	408	409	1	0.187828
MGG_01670T0	2263	2264	1972	66.9134
MGG_04319T0	1320	1321	39.9917	2.32568
MGG_00123T0	4347	4348	812.617	14.3575
MGG_04946T0	1372	1373	57	3.18924
MGG_11026T0	2750	2751	1500	41.8874
MGG_09627T0	474	475	0	0
MGG_01219T0	1164	1165	273	18.0019
MGG_03141T0	2335	2336	3236.88	106.448
MGG_01392T0	546	547	4	0.561766
MGG_13775T0	572	573	1641	220.007
MGG_17655T0	890	891	0	0
MGG_03027T0	2411	2412	173	5.51
MGG_05143T0	1233	1234	45	2.80143
MGG_10070T0	1542	1543	0	0
MGG_03414T0	1285	1286	1534	91.6362
MGG_00802T0	1479	1480	264	13.7033
MGG_17051T0	153	154	45	22.4478
MGG_15125T0	474	475	16	2.58767
MGG_06127T0	1228	1229	2080.8	130.065
MGG_10926T0	1082	1083	118	8.37021
MGG_17110T0	343	344	31	6.92287
MGG_06523T0	1971	1972	44.0953	1.71778
MGG_07027T0	7155	7156	6025	64.6799
MGG_15642T0	159	160	4	1.92054
MGG_06461T0	1668	1669	2108.67	97.0587
MGG_09514T0	1867	1868	626	25.7442
MGG_03964T0	2414	2415	2463	78.3484
MGG_06964T0	1700	1701	724	32.6977
MGG_17537T0	905	906	12.2815	1.04137
MGG_16759T0	330	331	0	0
MGG_04556T0	1577	1578	176	8.56818
MGG_15185T0	1197	1198	37534	2406.86
MGG_15392T0	1170	1171	0	0
MGG_02045T0	3752	3753	255	5.21969
MGG_18115T0	471	472	34.7966	5.6634
MGG_17871T0	960	961	12	0.959269
MGG_09199T0	2144	2145	215	7.70006
MGG_02593T0	1065	1066	1	0.0720652
MGG_00810T0	2057	2058	2457.22	91.7237
MGG_00937T0	5954	5955	1517	19.5698
MGG_01100T0	1955	1956	391	15.3564
MGG_06861T0	492	493	5	0.779123
MGG_05176T0	2798	2799	6348	174.228
MGG_17709T0	249	250	0	0
MGG_03465T0	2301	2302	325	10.8458
MGG_14400T0	3891	3892	2	0.0394766
MGG_17745T0	216	217	0	0
MGG_00181T0	1503	1504	191	9.75592
MGG_03413T0	2433	2434	1049	33.1084
MGG_15089T0	757	758	822.588	83.3674
MGG_03080T0	3331	3332	181	4.17308
MGG_17900T0	3561	3562	3387	73.0473
MGG_15193T0	828	829	2	0.185335
MGG_16562T0	564	565	0	0
MGG_10265T0	1711	1712	117	5.25007
MGG_14902T0	1978	1979	3146	122.122
MGG_13172T0	2622	2623	423	12.3887
MGG_12095T0	1451	1452	812.851	43.0058
MGG_03983T0	1810	1811	139.751	5.92816
MGG_04926T0	2112	2113	2026	73.6585
MGG_04087T0	2097	2098	1538	56.3162
MGG_13790T0	6147	6148	3571	44.6209
MGG_15225T0	444	445	40	6.9053
MGG_11597T0	2808	2809	4628	126.568
MGG_06635T0	1764	1765	19	0.826973
MGG_11878T0	2367	2368	301	9.76489
MGG_15874T0	528	529	345	50.101
MGG_05944T0	2263	2264	1613.4	54.7456
MGG_07468T0	4904	4905	2421	37.9174
MGG_16219T0	2535	2536	5345	161.913
MGG_04066T0	4758	4759	4064	65.6025
MGG_13805T0	1200	1201	554	35.4364
MGG_03700T0	5906	5907	3454	44.9198
MGG_10247T0	1509	1510	18	0.915753
MGG_16964T0	669	670	3	0.343977
MGG_08988T0	2422	2423	0	0
MGG_07327T0	3895	3896	15636.8	308.327
MGG_10042T0	594	595	0	0
MGG_09942T0	2185	2186	10809	379.855
MGG_05220T0	5108	5109	2657	39.952
MGG_07135T0	873	874	93	8.17437
MGG_06008T0	768	769	321	32.0672
MGG_09109T0	1174	1175	2.01348	0.131642
MGG_16072T0	225	226	0	0
MGG_09364T0	789	790	136	13.225
MGG_00896T0	3265	3266	669	15.7359
MGG_08118T0	2567	2568	548	16.3934
MGG_00594T0	6781	6782	3248	36.7909
MGG_03549T0	2805	2806	860	23.5447
MGG_09923T0	2389	2390	2082	66.9215
MGG_05955T0	2949	2950	76	1.97913
MGG_17363T0	228	229	0	0
MGG_05464T0	3092	3093	127	3.15433
MGG_06674T0	3310	3311	189.601	4.39911
MGG_05038T0	2300	2301	332	11.0842
MGG_14291T0	1803	1804	101	4.30098
MGG_07271T0	1535	1536	1445	72.2702
MGG_06583T0	1841	1842	745	31.0706
MGG_01521T0	1314	1315	5616	328.083
MGG_04583T0	1152	1153	19	1.26592
MGG_09554T0	1491	1492	87	4.47954
MGG_15255T0	743	744	1	0.103255
MGG_16656T0	270	271	0	0
MGG_02466T0	1095	1096	15879	1113
MGG_04240T0	1356	1357	132	7.47269
MGG_18107T0	756	757	0	0
MGG_16022T0	299	300	0	0
MGG_06457T0	4142	4143	3253	60.3187
MGG_02240T0	4064	4065	2985	56.4113
MGG_03185T0	2489	2490	48176	1486.33
MGG_06992T0	2924	2925	1004.45	26.3806
MGG_00678T0	1070	1071	47	3.37125
MGG_00788T0	1238	1239	1732	107.389
MGG_03466T0	618	619	14	1.73748
MGG_07142T0	1453	1454	437	23.0887
MGG_17299T0	468	469	0	0
MGG_03870T0	3006	3007	47	1.20073
MGG_16154T0	2367	2368	89.3987	2.90023
MGG_03121T0	3824	3825	908	18.2363
MGG_17202T0	156	157	4	1.95724
MGG_05893T0	787	788	11	1.07238
MGG_17290T0	207	208	0	0
MGG_16042T0	867	868	75	6.6378
MGG_06401T0	2854	2855	2365.03	63.6375
MGG_09414T0	1053	1054	6624	482.795
MGG_15514T0	481	482	0	0
MGG_04561T0	1069	1070	13	0.933345
MGG_10098T0	1593	1594	0	0
MGG_09677T0	1801	1802	11	0.468944
MGG_13428T0	1817	1818	43	1.81701
MGG_13963T0	1955	1956	12	0.471297
MGG_05413T0	2251	2252	24	0.818701
MGG_06240T0	2260	2261	31	1.05328
MGG_03648T0	1800	1801	9.66615	0.412309
MGG_17660T0	420	421	0	0
MGG_04549T0	4933	4934	1946	30.2989
MGG_05197T0	2697	2698	3645	103.786
MGG_05961T0	2047	2048	1237	46.4005
MGG_17192T0	258	259	2	0.593216
MGG_06356T0	1903	1904	492	19.8509
MGG_08453T0	1901	1902	0	0
MGG_07235T0	1122	1123	2909	198.997
MGG_05890T0	4271	4272	1111	19.9786
MGG_17563T0	513	514	0	0
MGG_00061T0	828	829	50	4.63338
MGG_12944T0	3243	3244	2202	52.1458
MGG_03624T0	706	707	31	3.36841
MGG_08596T0	1954	1955	92	3.61513
MGG_02342T0	2559	2560	4	0.120034
MGG_11634T0	3420	3421	3049	68.4679
MGG_03343T0	2929	2930	1279.47	33.5463
MGG_03711T0	2074	2075	121	4.47971
MGG_09018T0	1799	1800	902.405	38.5134
MGG_00073T0	2720	2721	1085	30.6326
MGG_12086T0	1140	1141	12.6583	0.852262
MGG_16263T0	335	336	2	0.457271
MGG_07348T0	489	490	0	0
MGG_05641T0	1608	1609	10	0.477449
MGG_08982T0	1002	1003	98	7.50599
MGG_10679T0	816	817	1569.92	147.617
MGG_08143T0	2288	2289	1858	62.3566
MGG_10318T0	534	535	1	0.143592
MGG_05272T0	3393	3394	3955	89.5194
MGG_16278T0	738	739	41	4.26209
MGG_13481T0	2919	2920	3153	82.9514
MGG_03381T0	613	614	16	2.00186
MGG_04197T0	2158	2159	6008	213.777
MGG_08989T0	1184	1185	4	0.259313
MGG_18005T0	276	277	10	2.77334
MGG_00010T0	1668	1669	0	0
MGG_09667T0	1180	1181	5	0.325239
MGG_13375T0	1866	1867	711	29.2555
MGG_02490T0	1277	1278	3721.93	223.728
MGG_02817T0	2202	2203	278	9.69422
MGG_02088T0	6450	6451	2913.76	34.6984
MGG_17310T0	573	574	5	0.669177
MGG_15577T0	1554	1555	3976	196.426
MGG_05924T0	1749	1750	574	25.1974
MGG_14557T0	294	295	0	0
MGG_08685T0	567	568	16	2.16399
MGG_16690T0	636	637	59	7.11533
MGG_16526T0	806	807	77	7.32993
MGG_03527T0	2879	2880	1334.7	35.602
MGG_06646T0	2132	2133	4405	158.649
MGG_10297T0	2051	2052	24	0.898497
MGG_04071T0	159	160	1	0.480134
MGG_05265T0	4020	4021	327	6.24736
MGG_08053T0	1755	1756	1474	64.4845
MGG_02268T0	1938	1939	88	3.48648
MGG_09484T0	3822	3823	976	19.6123
MGG_08765T0	4285	4286	19314	346.181
MGG_11236T0	2834	2835	4982.96	135.026
MGG_00137T0	4057	4058	298.144	5.64412
MGG_08692T0	2256	2257	5161.52	175.682
MGG_17320T0	156	157	5	2.44654
MGG_10259T0	681	682	0	0
MGG_03000T0	3634	3635	1853	39.161
MGG_09130T0	1530	1531	0	0
MGG_00148T0	1076	1077	4.00553	0.285711
MGG_17420T0	820	821	35	3.27497
MGG_16233T0	1032	1033	24	1.78482
MGG_15621T0	615	616	30.0486	3.74736
MGG_15601T0	4951	4952	17341	269.015
MGG_02723T0	1559	1560	281	13.8377
MGG_17082T0	442	443	4	0.693648
MGG_09840T0	1362	1363	775	43.6806
MGG_02791T0	387	388	0	0
MGG_06585T0	1427	1428	23604	1269.81
MGG_06293T0	786	787	20066.8	1958.78
MGG_09965T0	3201	3202	2806	67.3208
MGG_03201T0	3063	3064	2904	72.8099
MGG_12307T0	1260	1261	814.409	49.6147
MGG_03532T0	3767	3768	351.909	7.17467
MGG_07458T0	3314	3315	130	3.01261
MGG_15525T0	1707	1708	101	4.54272
MGG_16788T0	243	244	0	0
MGG_01077T0	2129	2130	1932	69.6803
MGG_01444T0	1886	1887	31695	1290.33
MGG_04684T0	2214	2215	175	6.06942
MGG_05260T0	5721	5722	459	6.16237
MGG_03396T0	2986	2987	231	5.941
MGG_07293T0	2307	2308	1072	35.6814
MGG_08154T0	675	676	910	103.414
MGG_15652T0	482	483	5	0.795253
MGG_04343T0	1561	1562	1002.16	49.2878
MGG_17338T0	564	565	0	0
MGG_09241T0	1211	1212	14	0.887377
MGG_02502T0	1851	1852	95	3.94063
MGG_07068T0	1427	1428	888.044	47.7737
MGG_02953T0	1124	1125	1714	117.042
MGG_09439T0	750	751	0	0
MGG_00770T0	2081	2082	82	3.02563
MGG_12272T0	889	890	126.263	10.8986
MGG_15808T0	1040	1041	25	1.8449
MGG_00062T0	2916	2917	3383.46	89.106
MGG_01310T0	1775	1776	1083	46.8455
MGG_04539T0	306	307	445	111.354
MGG_06689T0	2218	2219	6742	233.407
MGG_04489T0	1337	1338	23513	1350
MGG_15681T0	966	967	17	1.35053
MGG_04687T0	1629	1630	2668	125.742
MGG_02432T0	3667	3668	728	15.247
MGG_08851T0	1344	1345	1465	83.6754
MGG_03653T0	1088	1089	2924	206.268
MGG_16419T0	2917	2918	778	20.4822
MGG_03213T0	2245	2246	106	3.62559
MGG_14604T0	387	388	5	0.989968
MGG_17514T0	2359	2360	531	17.2848
MGG_08554T0	2287	2288	395	13.2625
MGG_01086T0	1507	1508	144.604	7.36653
MGG_00547T0	1041	1042	261	19.2422
MGG_04846T0	617	618	1	0.124307
MGG_07155T0	4740	4741	1198	19.412
MGG_07180T0	1250	1251	124	7.6146
MGG_00457T0	1676	1677	146	6.6881
MGG_06088T0	1218	1219	64	4.03329
MGG_15778T0	207	208	0	0
MGG_00512T0	363	364	0	0
MGG_01922T0	1387	1388	14	0.774856
MGG_15271T0	466	467	17	2.7965
MGG_15857T0	237	238	0	0
MGG_02318T0	744	745	1	0.103116
MGG_03038T0	2611	2612	86	2.52934
MGG_10408T0	1503	1504	41	2.0942
MGG_04112T0	1888	1889	2563	104.232
MGG_17092T0	264	265	0	0
MGG_07294T0	1617	1618	105	4.98533
MGG_07043T0	1513	1514	72	3.65333
MGG_08173T0	2799	2800	31651	868.385
MGG_07595T0	1810	1811	0	0
MGG_01033T0	1878	1879	378.336	15.468
MGG_08619T0	1077	1078	14	0.997682
MGG_09572T0	795	796	387	37.3491
MGG_17254T0	219	220	0	0
MGG_07844T0	1524	1525	4	0.201499
MGG_15987T0	1362	1363	0	0
MGG_14697T0	366	367	0	0
MGG_12664T0	1075	1076	2	0.142791
MGG_05320T0	3020	3021	5775	146.853
MGG_15535T0	4148	4149	120	2.22188
MGG_00130T0	1973	1974	340	13.2317
MGG_12203T0	1553	1554	742	36.6805
MGG_15093T0	1818	1819	20	0.844656
MGG_04907T0	1215	1216	3	0.189527
MGG_05750T0	1460	1461	169	8.88626
MGG_16480T0	669	670	2.00142	0.229481
MGG_14714T0	2257	2258	1356	46.1337
MGG_03609T0	570	571	4683	630.044
MGG_09288T0	177	178	8	3.45265
MGG_08374T0	1583	1584	93	4.51035
MGG_10497T0	1094	1095	133.21	9.34558
MGG_04195T0	2879	2880	2110	56.2824
MGG_06304T0	1583	1584	515	24.9767
MGG_16899T0	345	346	2	0.444055
MGG_04404T0	1774	1775	0	0
MGG_15241T0	1528	1529	926	46.525
MGG_14179T0	672	673	117723	13437.8
MGG_07675T0	1164	1165	3803	250.774
MGG_10147T0	2672	2673	341.184	9.80556
MGG_11178T0	7302	7303	9068	95.3878
MGG_06275T0	2358	2359	1010	32.8909
MGG_15232T0	324	325	5	1.18187
MGG_05213T0	2789	2790	891	24.5333
MGG_17651T0	378	379	1	0.202695
MGG_02142T0	4086	4087	35399	665.379
MGG_04241T0	2045	2046	2967.22	111.411
MGG_16589T0	252	253	0	0
MGG_15000T0	5603	5604	93.0556	1.27564
MGG_02662T0	1210	1211	0	0
MGG_01367T0	672	673	7208	822.778
MGG_09753T0	813	814	87	8.21065
MGG_17978T0	1292	1293	435	25.8448
MGG_05046T0	3776	3777	37	0.752554
MGG_05945T0	1362	1363	31	1.74722
MGG_03134T0	3245	3246	6451	152.673
MGG_08254T0	864	865	16	1.42098
MGG_17694T0	1404	1405	708	38.7115
MGG_07181T0	959	960	446	35.69
MGG_10721T0	1047	1048	41	3.00542
MGG_08289T0	1878	1879	30	1.22653
MGG_06993T0	1315	1316	2323	135.605
MGG_03754T0	2455	2456	125	3.90989
MGG_01924T0	2008	2009	40	1.52955
MGG_03542T0	4401	4402	1026	17.9052
MGG_04463T0	2384	2385	2369.31	76.3161
MGG_10452T0	1114	1115	3	0.206695
MGG_15401T0	318	319	14	3.37148
MGG_03383T0	1776	1777	1	0.043231
MGG_08932T0	4545	4546	2239.38	37.8427
MGG_14967T0	17850	17851	1164.11	5.00973
MGG_17201T0	309	310	0	0
MGG_00622T0	2666	2667	2486.29	71.6162
MGG_01830T0	996	997	3	0.231158
MGG_18135T0	1482	1483	969	50.1956
MGG_17220T0	2190	2191	198.26	6.95146
MGG_13036T0	999	1000	1	0.0768215
MGG_08601T0	3101	3102	1670	41.3578
MGG_07316T0	4074	4075	3264.99	61.5513
MGG_04741T0	1060	1061	1333.98	96.5869
MGG_07326T0	1616	1617	439.183	20.865
MGG_14287T0	357	358	0	0
MGG_08892T0	1518	1519	257	12.9974
MGG_11726T0	3060	3061	1130	28.3595
MGG_08194T0	387	388	0	0
MGG_05700T0	5795	5796	652	8.64175
MGG_07619T0	1212	1213	184	11.6531
MGG_07245T0	231	232	225	74.5036
MGG_16356T0	315	316	0	0
MGG_09094T0	684	685	0	0
MGG_17533T0	825	826	2513	233.72
MGG_03834T0	1593	1594	0	0
MGG_02609T0	615	616	31	3.86602
MGG_08070T0	877	878	436.403	38.1836
MGG_00024T0	1626	1627	0	0
MGG_00999T0	857	858	1356	121.41
MGG_15272T0	8736	8737	25.0943	0.220646
MGG_07292T0	1133	1134	19640.9	1330.55
MGG_05149T0	1753	1754	92	4.02941
MGG_06572T0	4153	4154	5123	94.7416
MGG_15842T0	369	370	4	0.830503
MGG_18044T0	150	151	0	0
MGG_07568T0	1722	1723	8	0.356687
MGG_04475T0	3121	3122	31	0.762801
MGG_03043T0	1101	1102	0	0
MGG_11797T0	165	166	4	1.85112
MGG_17257T0	231	232	13	4.30465
MGG_00243T0	1989	1990	3.13631	0.121073
MGG_09918T0	1954	1955	4470	175.648
MGG_10246T0	1589	1590	0	0
MGG_00599T0	1571	1572	1167.6	57.0592
MGG_17961T0	1758	1759	1229.24	53.685
MGG_12752T0	1765	1766	2190	95.2656
MGG_11115T0	846	847	79	7.16517
MGG_09496T0	345	346	0	0
MGG_02128T0	1695	1696	21	0.951209
MGG_05760T0	618	619	172	21.3462
MGG_11006T0	1092	1093	0	0
MGG_02404T0	1288	1289	96	5.72138
MGG_03641T0	1853	1854	12786	529.795
MGG_06582T0	1822	1823	1801	75.8944
MGG_11205T0	13727	13728	2946.71	16.4897
MGG_04333T0	1179	1180	148	9.63524
MGG_08022T0	3369	3370	5344.64	121.835
MGG_16035T0	994	995	61	4.70966
MGG_15115T0	569	570	0	0
MGG_08341T0	1824	1825	308.709	12.9948
MGG_14572T0	819	820	10	0.936847
MGG_02253T0	2972	2973	1189.52	30.7368
MGG_03444T0	1236	1237	25	1.55258
MGG_11165T0	3693	3694	620.745	12.9092
MGG_14569T0	1509	1510	15	0.763127
MGG_06548T0	2554	2555	2235	67.2
MGG_13610T0	2456	2457	962	30.0783
MGG_08533T0	3540	3541	225	4.88134
MGG_17336T0	612	613	8	1.00256
MGG_17977T0	1907	1908	459	18.4806
MGG_02548T0	1713	1714	23	1.03086
MGG_05054T0	1138	1139	9924	669.338
MGG_06624T0	1953	1954	23	0.904245
MGG_14571T0	1867	1868	10	0.41125
MGG_14307T0	2365	2366	4506.3	146.315
MGG_07728T0	3424	3425	218	4.88966
MGG_00497T0	3838	3839	367	7.34397
MGG_06979T0	3010	3011	4655	118.766
MGG_05063T0	1848	1849	184.48	7.66469
MGG_06717T0	972	973	674	53.2145
MGG_04603T0	3012	3013	15168	386.734
MGG_11952T0	360	361	8	1.70242
MGG_03422T0	1701	1702	0	0
MGG_06516T0	2735	2736	1161	32.5986
MGG_12887T0	618	619	190	23.5801
MGG_08584T0	2714	2715	2277	64.4282
MGG_12410T0	1356	1357	9231	522.579
MGG_09838T0	3696	3697	1359	28.2392
MGG_04623T0	2836	2837	4434	120.066
MGG_06313T0	3106	3107	5608	138.659
MGG_08494T0	1772	1773	2	0.0866571
MGG_06273T0	1510	1511	3175	161.422
MGG_07784T0	1343	1344	34.2155	1.95572
MGG_14781T0	738	739	155.221	16.1357
MGG_00072T0	1800	1801	12	0.511859
MGG_01183T0	2503	2504	489	15.0023
MGG_01758T0	1161	1162	567	37.4852
MGG_08039T0	1824	1825	7	0.294658
MGG_13221T0	315	316	2966	721.052
MGG_01179T0	1457	1458	1413	74.4505
MGG_06482T0	2245	2246	1188.14	40.6388
MGG_06482T1	2262	2263	5000.86	169.763
MGG_13230T0	1537	1538	660	32.9663
MGG_12817T0	2113	2114	102	3.70662
MGG_07496T0	1356	1357	461	26.0978
MGG_15961T0	792	793	31	3.00311
MGG_09401T0	1821	1822	2	0.0843265
MGG_04228T0	1009	1010	1959.28	149.024
MGG_08045T0	2523	2524	206	6.2699
MGG_04793T0	2498	2499	3928	120.75
MGG_15671T0	2204	2205	1656	57.6945
MGG_09893T0	895	896	328	28.1222
MGG_00739T0	4561	4562	1852	31.1866
MGG_00307T0	1037	1038	846	62.6117
MGG_15805T0	309	310	0	0
MGG_06630T0	1396	1397	19	1.04482
MGG_09701T0	4600	4601	4785	79.8937
MGG_01472T0	2030	2031	2827	106.93
MGG_12779T0	3034	3035	486	12.3016
MGG_04444T0	1293	1294	2790	165.635
MGG_08414T0	378	379	0	0
MGG_17165T0	222	223	0	0
MGG_16441T0	3955	3956	1580	30.682
MGG_09025T0	3142	3143	542	13.2476
MGG_17140T0	171	172	0	0
MGG_03825T0	1617	1618	0	0
MGG_04036T0	900	901	15	1.27894
MGG_06227T0	748	749	4	0.410262
MGG_08638T0	3609	3610	626	13.3214
MGG_16742T0	566	567	19	2.57426
MGG_03941T0	1104	1105	356	24.7497
MGG_06118T0	3029	3030	4484	113.686
MGG_00059T0	1659	1660	49	2.26762
MGG_09481T0	2528	2529	869	26.3969
MGG_10796T0	468	469	0	0
MGG_11794T0	2092	2093	357	13.1033
MGG_07481T0	3548	3549	618	13.3772
MGG_05507T0	2123	2124	2	0.0723366
MGG_16881T0	243	244	4	1.25937
MGG_01413T0	345	346	6	1.33216
MGG_08618T0	4045	4046	614	11.658
MGG_00777T0	798	799	1986	190.948
MGG_05912T0	1741	1742	3973	175.208
MGG_10930T0	1061	1062	965.783	69.8615
MGG_04600T0	3778	3779	753.83	15.3242
MGG_04465T0	1038	1039	382	28.2443
MGG_05307T0	1975	1976	6344	246.637
MGG_05432T0	738	739	0	0
MGG_12288T0	3837	3838	272	5.44436
MGG_00792T0	2356	2357	10448	340.531
MGG_02124T0	4456	4457	3288	56.6724
MGG_07653T0	1564	1565	9	0.441785
MGG_07869T0	390	391	0	0
MGG_17648T0	1137	1138	0	0
MGG_17361T0	339	340	0	0
MGG_17932T0	3847	3848	1146.94	22.8976
MGG_03683T1	1853	1854	4955.8	205.346
MGG_03683T0	1881	1882	201.205	8.21299
MGG_05006T0	1486	1487	327	16.8935
MGG_00744T0	4110	4111	356	6.65251
MGG_13292T0	2362	2363	27	0.877774
MGG_09265T0	2218	2219	650	22.5029
MGG_16937T0	366	367	0	0
MGG_10972T0	930	931	24	1.98036
MGG_10650T0	291	292	6	1.57852
MGG_09377T0	588	589	703	91.6902
MGG_17991T0	150	151	11	5.59627
MGG_09922T0	2526	2527	4048	123.06
MGG_00370T0	1664	1665	251.967	11.6255
MGG_02513T0	1111	1112	161.234	11.1387
MGG_15532T0	3039	3040	1910	48.2661
MGG_15360T0	560	561	10	1.36937
MGG_14724T0	1431	1432	0	0
MGG_02726T0	2127	2128	247	8.91678
MGG_00342T0	1161	1162	299	19.7673
MGG_06056T0	1457	1458	318.57	16.7853
MGG_07707T0	3483	3484	637.824	14.0639
MGG_05724T0	2750	2751	266	7.42803
MGG_00960T0	5580	5581	3308	45.534
MGG_05032T0	3908	3909	577	11.3395
MGG_17701T0	1360	1361	76	4.28981
MGG_06836T0	2051	2052	127	4.75455
MGG_05632T0	992	993	2382	184.279
MGG_09194T0	1276	1277	2729	164.171
MGG_05165T0	2076	2077	288	10.6522
MGG_03012T0	2780	2781	11989	331.18
MGG_01359T0	2480	2481	439.215	13.5998
MGG_06437T0	2523	2524	2502	76.1519
MGG_15711T0	767	768	3	0.300084
MGG_01388T0	1246	1247	113	6.96137
MGG_04586T0	1015	1016	152.718	11.5473
MGG_04850T0	2285	2286	329	11.0561
MGG_06089T0	1346	1347	473	26.9759
MGG_06670T0	1443	1444	813	43.252
MGG_07050T0	294	295	1	0.260412
MGG_03028T0	1552	1553	127	6.28225
MGG_17032T0	387	388	0	0
MGG_12403T0	5222	5223	1512	22.239
MGG_06044T0	808	809	4598	436.62
MGG_02807T0	558	559	35	4.80993
MGG_17195T0	3906	3907	1644	32.3252
MGG_01951T0	1749	1750	0	0
MGG_05731T0	2237	2238	1343	46.0998
MGG_08519T0	1066	1067	7	0.503983
MGG_10733T0	795	796	1	0.0965094
MGG_07020T0	2375	2376	45	1.45495
MGG_13328T0	6535	6536	1850	21.7441
MGG_08831T0	1202	1203	3347	213.734
MGG_17188T0	204	205	10	3.74739
MGG_10490T0	1185	1186	973	63.0247
MGG_07611T0	2828	2829	4273	116.033
MGG_09592T0	804	805	149	14.2191
MGG_15977T0	1422	1423	125.93	6.7984
MGG_06577T0	2805	2806	1996	54.6456
MGG_09756T0	1032	1033	449	33.3909
MGG_06571T0	849	850	3884	351.029
MGG_05617T0	1084	1085	133.221	9.4325
MGG_06547T0	3983	3984	1745	33.648
MGG_09557T0	2253	2254	1846	62.9159
MGG_03250T0	1479	1480	1199.44	62.2586
MGG_08950T0	1395	1396	8	0.440238
MGG_08709T0	2727	2728	74.5907	2.1005
MGG_10548T0	1276	1277	22	1.32347
MGG_14931T0	2822	2823	51698	1406.84
MGG_00708T0	1120	1121	372.412	25.5212
MGG_02070T0	3962	3963	35.0764	0.679945
MGG_16995T0	255	256	0	0
MGG_04438T0	1364	1365	17571	988.887
MGG_05078T0	4211	4212	321	5.85463
MGG_03492T0	2039	2040	722	27.1888
MGG_07746T0	1095	1096	8	0.560741
MGG_18087T0	435	436	0	0
MGG_15566T0	3119	3120	496	12.2126
MGG_18049T0	417	418	20	3.67567
MGG_13178T0	4504	4505	380.727	6.49234
MGG_17067T0	153	154	40	19.9536
MGG_01096T0	3542	3543	2251	48.8076
MGG_10292T0	456	457	108	18.1547
MGG_07575T0	912	913	0	0
MGG_16210T0	153	154	0	0
MGG_15782T0	225	226	0	0
MGG_03136T0	2369	2370	5779	187.321
MGG_04728T0	423	424	83	15.0382
MGG_08920T0	5107	5108	8409	126.467
MGG_08661T0	1735	1736	1161	51.3766
MGG_04852T0	4577	4578	5162	86.6213
MGG_15215T0	954	955	9	0.723972
MGG_10814T0	1276	1277	0	0
MGG_04704T0	1295	1296	979	58.031
MGG_06850T0	3627	3628	6924	146.613
MGG_07871T0	726	727	14	1.47937
MGG_12405T0	2339	2340	6674	219.105
MGG_06207T0	1521	1522	0	0
MGG_17031T0	150	151	0	0
MGG_03364T0	725	726	51	5.39655
MGG_12068T0	1419	1420	0	0
MGG_00581T0	512	513	70	10.4825
MGG_13765T0	1870	1871	51	2.09401
MGG_14743T0	1410	1411	24	1.30667
MGG_11936T0	3182	3183	285	6.87846
MGG_02574T0	3660	3661	151	3.16855
MGG_02254T0	1367	1368	100.482	5.64266
MGG_09722T0	618	619	4	0.496423
MGG_06475T0	3117	3118	2658	65.488
MGG_07699T0	318	319	0	0
MGG_11547T0	2792	2793	327	8.99414
MGG_09858T0	840	841	21	1.91825
MGG_00866T0	2379	2380	776	25.0477
MGG_03394T0	1432	1433	1223	65.5636
MGG_03675T0	1770	1771	726	31.492
MGG_17973T0	162	163	4	1.88519
MGG_00918T0	2581	2582	580	17.2566
MGG_02030T0	1767	1768	0	0
MGG_00785T0	1853	1854	5262	218.034
MGG_07074T0	2553	2554	734	22.0779
MGG_01921T0	1419	1420	2	0.108199
MGG_06546T0	1876	1877	0	0
MGG_03348T0	3073	3074	8	0.199926
MGG_12738T0	4688	4689	1319	21.6096
MGG_11146T0	1251	1252	782	47.9827
MGG_08369T0	2138	2139	1109	39.8294
MGG_08881T1	3005	3006	256.509	6.55536
MGG_08881T0	2988	2989	62.4907	1.6061
MGG_09764T0	1458	1459	1972	103.833
MGG_10627T0	2913	2914	378	9.96518
MGG_14797T0	2817	2818	1862.45	50.7723
MGG_02501T0	2961	2962	223	5.78366
MGG_14602T0	1467	1468	348	18.2111
MGG_03091T0	721	722	3985	424.008
MGG_16973T0	319	320	0	0
MGG_17466T0	261	262	8	2.34569
MGG_05730T0	1749	1750	620	27.2168
MGG_07725T0	1499	1500	2	0.102429
MGG_08807T0	4159	4160	1263	23.3234
MGG_17899T0	234	235	0	0
MGG_15079T0	3558	3559	622	13.426
MGG_00944T0	1842	1843	2899	120.839
MGG_16668T0	782	783	766	75.1536
MGG_06824T0	712	713	1651	177.885
MGG_02383T0	1210	1211	54	3.42557
MGG_14292T0	2174	2175	140	4.94483
MGG_02201T0	1290	1291	2	0.119011
MGG_03459T0	5739	5740	1990	26.6332
MGG_15816T0	180	181	28	11.884
MGG_15561T0	168	169	1	0.454565
MGG_16989T0	489	490	63	9.87705
MGG_15494T0	1426	1427	15.4413	0.831273
MGG_03312T0	826	827	8.15949	0.75795
MGG_03887T0	1796	1797	2473	105.72
MGG_02991T0	1924	1925	63	2.51416
MGG_03235T0	3190	3191	1344.5	32.3681
MGG_18096T0	471	472	0	0
MGG_03183T0	2171	2172	289	10.2216
MGG_04769T0	2075	2076	194.394	7.19348
MGG_01532T0	844	845	32	2.90922
MGG_16353T0	225	226	0	0
MGG_02742T0	885	886	4789	415.235
MGG_10995T0	669	670	7.25287	0.831606
MGG_13086T0	1680	1681	0	0
MGG_12637T0	914	915	17	1.42728
MGG_00892T0	435	436	3051	537.574
MGG_11745T0	2168	2169	858	30.3886
MGG_04943T0	2419	2420	1225	38.8869
MGG_17971T0	156	157	10	4.89309
MGG_05096T0	1489	1490	356	18.3547
MGG_05473T0	476	477	0	0
MGG_00492T0	5778	5779	140	1.86105
MGG_07476T0	3946	3947	7655.28	148.997
MGG_13474T0	952	953	11633	937.738
MGG_09578T0	366	367	0	0
MGG_06876T0	1282	1283	4369	261.6
MGG_14894T0	1092	1093	0	0
MGG_00575T0	2123	2124	60	2.1701
MGG_10821T0	2179	2180	2778	97.8945
MGG_03247T0	1443	1444	3776.28	200.9
MGG_08640T0	1397	1398	242.374	13.3187
MGG_16455T0	2488	2489	1023	31.5743
MGG_02412T0	1273	1274	1013	61.0833
MGG_16697T0	354	355	0	0
MGG_03122T0	2211	2212	11303	392.547
MGG_01885T0	2572	2573	200	5.97136
MGG_02602T0	1882	1883	28381	1157.87
MGG_04659T0	3096	3097	4011	99.4934
MGG_06623T0	2226	2227	53	1.82826
MGG_15366T0	393	394	0	0
MGG_12445T0	456	457	1	0.1681
MGG_16777T0	171	172	0	0
MGG_16097T0	1713	1714	2.21228	0.0991543
MGG_08617T0	1883	1884	17.0256	0.694232
MGG_04251T0	2367	2368	502	16.2856
MGG_15579T0	968	969	41	3.25044
MGG_06919T0	771	772	4765	474.164
MGG_04528T0	5675	5676	2050	27.7456
MGG_02570T0	1436	1437	42	2.2453
MGG_04715T0	267	268	228	65.3556
MGG_15922T0	366	367	0	0
MGG_06883T0	1843	1844	1536.25	64.0006
MGG_07485T0	1993	1994	42	1.61811
MGG_03274T0	2973	2974	375	9.68664
MGG_10440T0	767	768	92	9.20257
MGG_17216T0	540	541	0	0
MGG_06705T0	920	921	498	41.5387
MGG_07543T0	1870	1871	232	9.5257
MGG_15483T0	483	484	0	0
MGG_02220T0	333	334	0	0
MGG_12537T0	1646	1647	165	7.69614
MGG_10830T0	1254	1255	386.373	23.6508
MGG_17529T0	285	286	0	0
MGG_16804T0	727	728	196	20.6827
MGG_02091T0	750	751	20	2.04585
MGG_02793T0	2975	2976	15	0.387205
MGG_07393T0	3680	3681	1875	39.1307
MGG_16090T0	429	430	0	0
MGG_00416T0	1479	1480	4	0.207626
MGG_03095T0	2390	2391	77	2.47397
MGG_16650T0	342	343	15	3.35954
MGG_01509T0	366	367	261	54.6333
MGG_00520T0	1008	1009	1238.93	94.3272
MGG_13239T0	4493	4494	1265	21.6242
MGG_12110T0	1540	1541	837	41.7259
MGG_04638T0	1466	1467	1001.33	52.436
MGG_06743T0	2312	2313	2330	77.3861
MGG_14773T0	3304	3305	5181	120.427
MGG_02496T0	1161	1162	1126	74.4415
MGG_03805T0	351	352	0	0
MGG_07338T1	4522	4523	1954.49	33.1963
MGG_07338T0	4002	4003	1333.51	25.5914
MGG_06877T0	2256	2257	739	25.1533
MGG_14913T0	1230	1231	1392	86.8688
MGG_01116T0	1215	1216	716	45.2337
MGG_16812T0	2595	2596	108	3.19596
MGG_10424T0	429	430	72	12.8631
MGG_09178T0	1572	1573	42	2.05118
MGG_00701T0	1128	1129	19	1.29283
MGG_00168T0	2312	2313	11600	385.27
MGG_07872T0	477	478	76	12.2143
MGG_10083T0	1549	1550	0	0
MGG_08352T0	999	1000	1	0.0768215
MGG_09642T0	2045	2046	19	0.713396
MGG_02212T0	498	499	0	0
MGG_06662T0	5427	5428	133	1.88232
MGG_17810T0	7805	7806	188	1.85017
MGG_01101T0	2559	2560	6482	194.514
MGG_01726T0	6571	6572	1454	16.9961
MGG_07950T0	699	700	0	0
MGG_08269T0	1852	1853	2110.26	87.4867
MGG_02669T0	1007	1008	3610	275.125
MGG_01706T0	620	621	5298	655.395
MGG_03256T0	2504	2505	1423	43.6395
MGG_04263T0	510	511	2	0.300671
MGG_09798T0	2441	2442	481	15.1315
MGG_08784T0	3213	3214	347.399	8.30357
MGG_15380T0	1284	1285	16	0.956532
MGG_01001T0	2926	2927	413	10.8395
MGG_02822T0	864	865	2198	195.207
MGG_05596T0	3047	3048	230	5.7969
MGG_16456T0	2042	2043	674.191	25.3511
MGG_06278T0	1507	1508	122	6.215
MGG_02809T0	4761	4762	2320	37.4267
MGG_02876T0	1788	1789	72713	3122.37
MGG_08020T0	1335	1336	100	5.75011
MGG_06202T0	3818	3819	275	5.53179
MGG_15318T0	1392	1393	2	0.110296
MGG_05878T0	1857	1858	7	0.289424
MGG_03143T0	2601	2602	98	2.89335
MGG_01443T0	2077	2078	423	15.6379
MGG_07771T0	2725	2726	1713	48.2741
MGG_01267T0	829	830	2490	230.464
MGG_09719T0	3434	3435	409	9.14701
MGG_17291T0	387	388	0	0
MGG_03792T0	831	832	20	1.84667
MGG_00768T0	2118	2119	228	8.26583
MGG_17085T0	288	289	10	2.65818
MGG_04435T0	2282	2283	950.51	31.984
MGG_06787T0	3148	3149	420	10.2461
MGG_02541T0	2208	2209	2967	103.182
MGG_12839T0	5497	5498	5969	83.4026
MGG_16975T0	402	403	0	0
MGG_16231T0	1774	1775	35	1.51479
MGG_14588T0	1830	1831	0	0
MGG_05642T0	3273	3274	1344	31.5358
MGG_03429T0	969	970	0	0
MGG_17439T0	1098	1099	420.759	29.4116
MGG_13880T0	1197	1198	6	0.384749
MGG_02826T0	1847	1848	112	4.65585
MGG_16871T0	384	385	2599	518.595
MGG_13283T0	867	868	0	0
MGG_01772T0	1040	1041	1025.59	75.6843
MGG_17972T0	553	554	7	0.970669
MGG_05759T0	1723	1724	189	8.42184
MGG_17364T0	219	220	5	1.74594
MGG_09515T0	2845	2846	1933	52.1771
MGG_07544T0	525	526	0	0
MGG_08775T0	1557	1558	436	21.4982
MGG_12385T0	2659	2660	744	21.4869
MGG_12077T0	2511	2512	398	12.1716
MGG_16505T0	420	421	44	8.02885
MGG_15773T0	2433	2434	10446	329.695
MGG_17509T0	1080	1081	1	0.0710652
MGG_00375T0	1275	1276	217	13.0645
MGG_03283T0	3400	3401	3085.09	69.6858
MGG_06651T0	2418	2419	1153	36.6164
MGG_14875T0	887	888	25	2.16277
MGG_07776T0	459	460	0	0
MGG_04751T0	2197	2198	71.0072	2.48175
MGG_05447T0	847	848	1048.5	94.9851
MGG_13814T0	693	694	16	1.7711
MGG_16940T0	366	367	0	0
MGG_03611T0	1974	1975	48.2339	1.87615
MGG_10330T0	3536	3537	135	2.93212
MGG_03163T0	1016	1017	202	15.2585
MGG_16723T0	243	244	0	0
MGG_12305T0	915	916	564.258	47.3222
MGG_08551T0	3203	3204	44.911	1.07682
MGG_10651T0	1133	1134	2497.68	169.203
MGG_00984T0	3505	3506	11116.8	243.585
MGG_10728T0	2212	2213	10	0.347137
MGG_06643T0	3113	3114	7769	191.659
MGG_18124T0	360	361	0	0
MGG_15586T0	195	196	0	0
MGG_10052T0	887	888	461	39.8814
MGG_06706T0	3153	3154	2015	49.079
MGG_01432T0	2118	2119	658.116	23.8591
MGG_16340T0	783	784	57	5.58524
MGG_15066T0	336	337	32	7.29462
MGG_00384T0	4132	4133	1770	32.8996
MGG_02479T0	878	879	2545	222.424
MGG_15278T0	1323	1324	0	0
MGG_04473T0	2193	2194	400	14.0057
MGG_17939T0	180	181	151	64.0886
MGG_17180T0	816	817	72	6.77007
MGG_00845T0	4639	4640	994	16.457
MGG_07159T0	651	652	15	1.76737
MGG_03552T0	2628	2629	621	18.1461
MGG_08839T0	3188	3189	579	13.9478
MGG_10804T0	501	502	0	0
MGG_14299T0	1429	1430	19	1.02071
MGG_13924T0	2250	2251	19	0.648427
MGG_07383T0	1311	1312	1098	64.2912
MGG_18003T0	739	740	6815	707.484
MGG_16580T0	252	253	0	0
MGG_06161T0	1099	1100	58	4.05059
MGG_02478T0	3509	3510	1893	41.4311
MGG_17353T0	231	232	0	0
MGG_02767T0	5837	5838	8248	108.534
MGG_05401T0	3712	3713	12	0.248278
MGG_09291T0	3174	3175	4222	102.154
MGG_16862T0	1419	1420	2120	114.691
MGG_10846T0	944	945	5	0.406463
MGG_04897T0	2878	2879	1210	32.2869
MGG_05160T0	4165	4166	6448	118.902
MGG_07331T0	2459	2460	2652	82.8173
MGG_14810T0	309	310	15	3.71717
MGG_06859T0	1027	1028	326.987	24.4354
MGG_17675T0	168	169	0	0
MGG_11211T0	4315	4316	2248	40.0127
MGG_10439T0	2857	2858	47	1.26333
MGG_17817T0	1773	1774	434.924	18.834
MGG_16331T0	1844	1845	19.583	0.815391
MGG_13902T0	2409	2410	0	0
MGG_18019T0	312	313	0	0
MGG_06578T0	1200	1201	776	49.6365
MGG_16391T0	680	681	7	0.789648
MGG_08187T0	1410	1411	180	9.80005
MGG_04588T0	2791	2792	1626.34	44.7486
MGG_17547T0	507	508	1.52229	0.230206
MGG_05518T0	523	524	16	2.34569
MGG_01746T0	1764	1765	3684	160.346
MGG_12388T0	2587	2588	7970	236.579
MGG_09511T0	1697	1698	7156.51	323.777
MGG_04667T0	3012	3013	7305	186.253
MGG_15863T0	183	184	4	1.67003
MGG_01103T0	2371	2372	1954	63.2838
MGG_09200T0	2640	2641	7870.89	228.949
MGG_05127T0	597	598	0	0
MGG_05137T0	2024	2025	736	27.9213
MGG_17399T0	2220	2221	416	14.3889
MGG_01843T0	603	604	318	40.4457
MGG_09668T0	2018	2019	3	0.114148
MGG_06642T0	2869	2870	1590	42.5596
MGG_01147T0	2482	2483	40	1.23756
MGG_00490T0	1940	1941	2547	100.806
MGG_00981T0	1296	1297	7445	440.968
MGG_00841T0	3144	3145	1308	31.9499
MGG_05169T0	3361	3362	248	5.66678
MGG_17846T0	4302	4303	117.702	2.10134
MGG_17548T0	399	400	0	0
MGG_14303T0	1641	1642	400	18.7141
MGG_00225T0	537	538	0	0
MGG_05598T0	5224	5225	4153	61.0602
MGG_05411T0	2283	2284	4	0.134539
MGG_13815T0	1037	1038	81438	6027.16
MGG_17247T0	3737	3738	2512	51.6254
MGG_07547T0	2377	2378	4	0.12922
MGG_13485T0	2699	2700	210	5.975
MGG_01151T0	1262	1263	461.961	28.0986
MGG_03819T0	1488	1489	0	0
MGG_03837T0	4346	4347	3169	56.0035
MGG_12613T0	7425	7426	157	1.62415
MGG_10048T0	3073	3074	2	0.0499814
MGG_07855T0	1713	1714	3	0.13446
MGG_17061T0	1370	1371	245.611	13.7624
MGG_00775T0	2953	2954	5271	137.077
MGG_01754T0	1999	2000	850	32.6491
MGG_17384T0	1291	1292	134	7.96755
MGG_04227T0	3861	3862	1304	25.9387
MGG_07809T0	1347	1348	0	0
MGG_05088T0	2742	2743	2679	75.0291
MGG_08627T0	1887	1888	6238.31	253.833
MGG_06395T0	4668	4669	2735	45.0004
MGG_12670T0	1883	1884	1459.64	59.5178
MGG_03731T0	1563	1564	392.473	19.2777
MGG_01330T0	2398	2399	12	0.384268
MGG_17191T0	465	466	10	1.64853
MGG_02080T0	1071	1072	0	0
MGG_16423T0	868	869	115	10.1662
MGG_16202T0	3026	3027	342	8.67953
MGG_00464T0	2039	2040	319	12.0128
MGG_00795T0	4312	4313	47	0.837146
MGG_03629T0	4695	4696	28215	461.567
MGG_04092T0	1434	1435	233	12.4735
MGG_07118T0	2563	2564	0	0
MGG_03863T0	761	762	286	28.8333
MGG_01066T0	934	935	3221	264.644
MGG_04500T0	1376	1377	3342	186.447
MGG_08842T0	1842	1843	2935.4	122.356
MGG_01694T0	1766	1767	185.447	8.06241
MGG_06083T0	1169	1170	1460	95.8627
MGG_00619T0	648	649	176	20.8329
MGG_15667T0	1504	1505	53.0261	2.70668
MGG_03724T0	4334	4335	14235	252.262
MGG_17681T0	225	226	93	31.6124
MGG_12100T0	1919	1920	389	15.5644
MGG_09869T0	3538	3539	3056	66.3369
MGG_16654T0	395	396	0	0
MGG_03553T0	942	943	369	30.0606
MGG_02730T0	2013	2014	316	12.0534
MGG_01365T0	1713	1714	4	0.17928
MGG_09618T0	1443	1444	20342	1082.2
MGG_16659T0	231	232	0	0
MGG_12849T0	3193	3194	655	15.7539
MGG_09420T0	903	904	0	0
MGG_00320T0	3945	3946	225	4.38034
MGG_03251T0	1038	1039	3023	223.514
MGG_11680T0	2657	2658	75	2.16765
MGG_17116T0	210	211	0	0
MGG_05215T0	1886	1887	8	0.325687
MGG_06962T0	1388	1389	11220	620.545
MGG_17315T0	189	190	2	0.808647
MGG_07501T0	3850	3851	976	19.4697
MGG_15024T0	1489	1490	521	26.8617
MGG_00652T0	2493	2494	5373	165.502
MGG_03181T0	2324	2325	1350	44.606
MGG_04208T0	891	892	1	0.0861227
MGG_17407T0	330	331	9.17952	2.13047
MGG_09184T0	2711	2712	2011	56.9646
MGG_17435T0	400	401	24	4.59779
MGG_01876T0	1152	1153	82	5.46345
MGG_01257T0	1520	1521	27.1636	1.37196
MGG_17592T0	351	352	0	0
MGG_10026T0	1011	1012	0	0
MGG_03066T0	2240	2241	320	10.9696
MGG_06164T0	4818	4819	109	1.73761
MGG_08555T0	3020	3021	1876	47.7051
MGG_17981T0	180	181	6	2.54657
MGG_02729T0	4556	4557	176	2.96699
MGG_07162T0	2292	2293	1659	55.5808
MGG_15131T0	1347	1348	12	0.683871
MGG_14136T0	1662	1663	342	15.7985
MGG_14652T0	896	897	336	28.7759
MGG_09032T0	1844	1845	275	11.4504
MGG_07412T0	900	901	11742	1001.15
MGG_01087T0	2980	2981	309.396	7.97324
MGG_09822T0	714	715	0	0
MGG_13350T0	2573	2574	306	9.13262
MGG_03431T0	1299	1300	4	0.236374
MGG_01229T0	810	811	488	46.2255
MGG_00101T0	1554	1555	172.174	8.50589
MGG_02473T0	2079	2080	1345	49.6754
MGG_02259T0	3691	3692	33	0.686649
MGG_02542T0	2656	2657	91	2.63107
MGG_10549T0	333	334	9	2.07004
MGG_01186T0	1821	1822	1	0.0421633
MGG_14965T0	627	628	0	0
MGG_01639T0	3252	3253	2928	69.1464
MGG_05323T0	2610	2611	1967.08	57.876
MGG_09878T0	1852	1853	8652	358.694
MGG_00193T0	3485	3486	658.349	14.5081
MGG_05317T0	1272	1273	320	19.311
MGG_16467T0	1172	1173	34	2.22671
MGG_11683T0	1104	1105	27	1.87709
MGG_04436T0	1285	1286	2614.49	156.181
MGG_13743T0	1171	1172	1265	82.9174
MGG_02853T0	1522	1523	13373	674.546
MGG_11715T0	4417	4418	3886	67.5709
MGG_01128T0	6009	6010	512	6.54453
MGG_03652T0	2854	2855	486.671	13.0952
MGG_17841T0	3915	3916	14179	278.154
MGG_05141T0	825	826	37	3.44116
MGG_01025T0	1415	1416	629	34.1248
MGG_02898T0	1344	1345	213	12.1658
MGG_03800T0	675	676	0	0
MGG_08858T0	2128	2129	2730	98.5076
MGG_03149T0	1673	1674	5818	266.994
MGG_08368T0	1761	1762	1493	65.0933
MGG_16489T0	627	628	0	0
MGG_12267T0	1348	1349	1399	79.6688
MGG_14629T0	267	268	77	22.0718
MGG_12423T0	1308	1309	502	29.461
MGG_06325T0	3373	3374	2076.2	47.2723
MGG_14922T0	264	265	3	0.869677
MGG_17784T0	333	334	25	5.75011
MGG_03760T0	858	859	1	0.0894313
MGG_15828T0	1177	1178	218.208	14.2301
MGG_03565T0	2303	2304	6212.74	207.149
MGG_02421T0	1773	1774	762	32.9977
MGG_09543T0	2223	2224	122	4.21413
MGG_17883T0	183	184	1	0.417508
MGG_15179T0	1119	1120	0	0
MGG_08331T0	711	712	0	0
MGG_01358T0	920	921	26.7851	2.23417
MGG_05315T0	6151	6152	4499.11	56.1814
MGG_11575T0	967	968	180	14.285
MGG_17064T0	249	250	63	19.359
MGG_12154T0	5580	5581	625	8.60302
MGG_04552T0	3410	3411	407	9.16633
MGG_03239T0	1485	1486	1440	74.4434
MGG_04991T0	2290	2291	1182	39.6347
MGG_14071T0	1373	1374	484.87	27.1095
MGG_08900T0	1611	1612	114	5.43278
MGG_13442T0	1707	1708	80	3.5982
MGG_16424T0	2281	2282	1546	52.0447
MGG_06682T0	2037	2038	40.1262	1.51254
MGG_09559T0	3473	3474	2644	58.4675
MGG_04981T0	1176	1177	143.17	9.34453
MGG_05336T0	2419	2420	3078	97.7093
MGG_05943T0	438	439	0	0
MGG_00157T0	2492	2493	5600	172.563
MGG_01366T0	270	271	134	37.9855
MGG_03970T0	1716	1717	2272	101.653
MGG_18063T0	1711	1712	17.8818	0.802401
MGG_12015T0	423	424	2046	370.7
MGG_08007T0	1596	1597	142	6.83071
MGG_08447T0	780	781	12	1.18036
MGG_15233T0	1413	1414	44.2148	2.40216
MGG_15592T0	210	211	22	8.00982
MGG_00873T0	186	187	0	0
MGG_02961T0	7269	7270	5470	57.801
MGG_05316T0	2254	2255	47	1.60116
MGG_09313T0	2517	2518	317	9.67133
MGG_00220T0	1571	1572	108	5.27781
MGG_05879T0	1472	1473	8	0.417225
MGG_01329T0	2739	2740	1290	36.1678
MGG_14892T0	1344	1345	53	3.02717
MGG_00528T0	3218	3219	4017	95.8658
MGG_14003T0	5757	5758	3852	51.3922
MGG_08089T0	2196	2197	710	24.8262
MGG_13486T0	2634	2635	1929	56.2386
MGG_00772T0	3954	3955	1128	21.9101
MGG_01855T0	876	877	381	33.374
MGG_12176T0	423	424	2	0.362365
MGG_17181T0	444	445	19	3.28002
MGG_00272T0	1281	1282	608	36.4333
MGG_06140T0	3407	3408	2202	49.6364
MGG_16194T0	887	888	18	1.55719
MGG_15901T0	2868	2869	393	10.5231
MGG_15738T0	228	229	174	58.3709
MGG_05948T0	1706	1707	2433	109.494
MGG_00110T0	1685	1686	152	6.92578
MGG_16069T0	1498	1499	42.6452	2.1855
MGG_02330T0	1839	1840	20	0.835016
MGG_01812T0	2795	2796	12	0.329706
MGG_01747T0	2607	2608	77.1492	2.27251
MGG_04247T0	705	706	0	0
MGG_10193T0	1821	1822	4026	169.749
MGG_02926T0	738	739	1500	155.93
MGG_15985T0	345	346	3	0.666082
MGG_13817T0	3738	3739	1339.13	27.5139
MGG_01042T0	1689	1690	534	24.2738
MGG_02859T0	2681	2682	1641	47.0037
MGG_03913T0	576	577	177	23.5657
MGG_08863T0	3381	3382	170	3.86152
MGG_03351T0	3207	3208	20	0.478937
MGG_13255T0	1008	1009	43	3.27386
MGG_09971T0	2546	2547	5165	155.784
MGG_15749T0	4032	4033	10343	197.016
MGG_02812T0	1206	1207	422	26.8589
MGG_16557T0	1188	1189	0	0
MGG_16081T0	855	856	1	0.0897447
MGG_16279T0	495	496	1	0.154882
MGG_15736T0	937	938	1622	132.841
MGG_15707T0	546	547	0	0
MGG_17928T0	1263	1264	51237.7	3114.05
MGG_08641T0	1482	1483	773.166	40.0511
MGG_05091T0	1814	1815	261	11.0471
MGG_09234T0	1218	1219	11	0.693221
MGG_03220T0	3779	3780	545.904	11.0945
MGG_08415T0	2981	2982	0	0
MGG_17456T0	616	617	84	10.4587
MGG_15570T0	324	325	2	0.472748
MGG_07160T0	2137	2138	2433	87.4213
MGG_05651T0	1354	1355	1279	72.5127
MGG_01973T0	3486	3487	290.423	6.39826
MGG_03946T0	1042	1043	49	3.60906
MGG_03175T0	1662	1663	563	26.0075
MGG_15786T0	174	175	0	0
MGG_07559T0	1728	1729	162	7.19785
MGG_07208T0	1458	1459	139	7.31884
MGG_08010T0	2519	2520	912	27.8021
MGG_00827T0	941	942	0	0
MGG_08201T0	826	827	522.361	48.5231
MGG_15950T0	2636	2637	2092	60.9445
MGG_11104T0	755	756	9	0.914541
MGG_14559T0	360	361	20	4.25604
MGG_07999T0	3886	3887	1637	32.3532
MGG_09122T0	1533	1534	5	0.250396
MGG_15251T0	1046	1047	189	13.8675
MGG_02341T0	258	259	0	0
MGG_11709T0	3750	3751	2968.83	60.8025
MGG_07250T0	5399	5400	10	0.142262
MGG_16096T0	1982	1983	956	37.0355
MGG_11651T0	1689	1690	131	5.9548
MGG_13542T0	3561	3562	574.649	12.3934
MGG_01409T0	3730	3731	1383	28.476
MGG_02544T0	1601	1602	30	1.4386
MGG_17454T0	279	280	8	2.1949
MGG_16411T0	636	637	0	0
MGG_07176T0	1576	1577	18129	883.13
MGG_16595T0	2541	2542	756	22.847
MGG_03865T0	222	223	1923	662.456
MGG_17485T0	246	247	0	0
MGG_03108T0	402	403	7	1.33437
MGG_03352T0	1623	1624	115	5.43995
MGG_09086T0	384	385	0	0
MGG_16996T0	984	985	9.18539	0.716381
MGG_07916T0	1869	1870	1334	54.8021
MGG_06371T0	1595	1596	10155	488.798
MGG_08676T0	1109	1110	366	25.3303
MGG_00105T0	6562	6563	1756.23	20.557
MGG_15136T0	1602	1603	1712	82.0452
MGG_04331T0	1423	1424	2654	143.177
MGG_10428T0	2247	2248	1030	35.1985
MGG_11360T0	2002	2003	342	13.1168
MGG_17467T0	186	187	1	0.41081
MGG_05299T0	2893	2894	4603.21	122.193
MGG_17423T0	462	463	0	0
MGG_14338T0	718	719	65	6.94492
MGG_03853T0	1372	1373	180.958	10.1249
MGG_16616T0	414	415	0	0
MGG_06925T0	4611	4612	2139	35.629
MGG_17937T0	744	745	17	1.75297
MGG_05764T0	507	508	68	10.2832
MGG_16403T0	1560	1561	0	0
MGG_16350T0	282	283	0	0
MGG_16195T0	3120	3121	798	19.6423
MGG_06192T0	1036	1037	8388	621.387
MGG_06907T0	915	916	1667.85	139.876
MGG_09762T0	2334	2335	14	0.4606
MGG_03275T0	7701	7702	9694	96.6901
MGG_02653T0	3623	3624	880	18.6542
MGG_08739T0	540	541	0	0
MGG_01637T0	1404	1405	142	7.76416
MGG_12049T0	429	430	3599	642.978
MGG_15610T0	207	208	10	3.69334
MGG_07490T0	636	637	133	16.0397
MGG_02310T0	1383	1384	0	0
MGG_02701T0	5485	5486	2431	34.0417
MGG_14847T0	3965	3966	5615	108.763
MGG_04611T0	2594	2595	4162	123.21
MGG_10484T0	1156	1157	16.043	1.06521
MGG_02839T0	2503	2504	187	5.73707
MGG_12775T0	1360	1361	63	3.55603
MGG_02287T0	1338	1339	6	0.344234
MGG_05040T0	2926	2927	353	9.26477
MGG_05465T0	576	577	0	0
MGG_00172T0	2308	2309	1114	37.0633
MGG_14057T0	1314	1315	15	0.876291
MGG_02974T0	2120	2121	460	16.661
MGG_02998T0	1845	1846	362	15.0647
MGG_15330T0	930	931	47	3.87821
MGG_12981T0	925	926	2	0.165921
MGG_07949T0	2258	2259	17	0.578117
MGG_04099T0	1987	1988	4	0.15457
MGG_07845T0	1747	1748	6	0.263689
MGG_08581T0	2021	2022	56	2.1276
MGG_04348T0	972	973	7	0.552673
MGG_09990T0	2808	2809	24	0.65636
MGG_03461T0	898	899	0	0
MGG_06504T0	2267	2268	4717	159.774
MGG_06906T0	2819	2820	3132	85.3209
MGG_07390T0	1255	1256	78	4.77076
MGG_09954T0	4910	4911	66	1.03242
MGG_01511T0	1773	1774	114	4.93667
MGG_17356T0	886	887	5	0.433041
MGG_17187T0	450	451	18	3.06605
MGG_08696T0	1215	1216	2	0.126351
MGG_11889T0	2431	2432	1083.89	34.2378
MGG_06603T0	2020	2021	1872	71.1578
MGG_12313T0	2076	2077	16.6387	0.615412
MGG_03627T0	1552	1553	4685	231.751
MGG_01833T0	4200	4201	460	8.41178
MGG_00667T0	3832	3833	1558	31.2256
MGG_02504T0	2240	2241	359	12.3065
MGG_05478T0	1471	1472	1687	88.042
MGG_00357T0	1978	1979	979	38.0031
MGG_03736T0	4716	4717	857	13.9572
MGG_17217T0	735	736	3	0.313131
MGG_16177T0	1416	1417	2	0.108428
MGG_14735T0	1561	1562	699	34.3779
MGG_07690T0	2196	2197	3	0.1049
MGG_06837T0	264	265	1709	495.426
MGG_07100T0	1345	1346	30	1.71222
MGG_06153T0	1442	1443	5948	316.656
MGG_17838T0	231	232	0	0
MGG_11817T0	1980	1981	758	29.3946
MGG_07217T0	666	667	12	1.3821
MGG_09500T0	306	307	4	1.00093
MGG_05012T0	1875	1876	5	0.204748
MGG_04040T0	4203	4204	243	4.44044
MGG_04770T0	1074	1075	22	1.57216
MGG_17341T0	2495	2496	1014	31.2087
MGG_00683T0	4216	4217	1034.42	18.8441
MGG_06679T0	3777	3778	28	0.569349
MGG_15734T0	657	658	13	1.51775
MGG_04015T0	2437	2438	249	7.846
MGG_09641T0	1346	1347	464	26.4626
MGG_08699T0	657	658	18	2.1015
MGG_10479T0	1941	1942	0	0
MGG_00380T0	459	460	0	0
MGG_03194T0	1158	1159	519	34.4006
MGG_16870T0	813	814	77	7.2669
MGG_12962T0	2832	2833	1780	48.2676
MGG_15627T0	1253	1254	216.285	13.2499
MGG_08268T0	2211	2212	337.118	11.7079
MGG_13497T0	2244	2245	774	26.4854
MGG_04242T0	1452	1453	2900.18	153.335
MGG_15140T0	4384	4385	5237	91.7478
MGG_07419T0	2473	2474	13.4004	0.416102
MGG_02061T0	2507	2508	25	0.765764
MGG_04135T0	722	723	7994	849.393
MGG_14167T0	2313	2314	132	4.38221
MGG_01970T0	3030	3031	739.243	18.7363
MGG_07616T0	3620	3621	2232.01	47.3532
MGG_02252T0	1299	1300	105235	6218.7
MGG_08986T0	2082	2083	0	0
MGG_13615T0	1065	1066	46	3.315
MGG_05787T0	1548	1549	114	5.65374
MGG_11480T0	2023	2024	916	34.767
MGG_11327T0	1623	1624	328	15.5157
MGG_12816T0	1646	1647	540	25.1874
MGG_08080T0	1240	1241	3600.74	222.896
MGG_02597T0	2508	2509	351	10.747
MGG_01065T0	1067	1068	1216	87.4672
MGG_04906T0	3576	3577	2983	64.0644
MGG_01045T0	3889	3890	1340	26.4629
MGG_06471T0	699	700	335.179	36.7842
MGG_05983T0	2274	2275	815	27.5207
MGG_13133T0	399	400	0	0
MGG_00255T0	1639	1640	4085	191.351
MGG_14730T0	768	769	1135	113.384
MGG_05795T0	384	385	0	0
MGG_02086T0	1165	1166	2652	174.726
MGG_10634T0	2822	2823	214.624	5.8405
MGG_04507T0	928	929	1352.63	111.853
MGG_10131T0	3320	3321	2358	54.5453
MGG_16571T0	753	754	1331.41	135.651
MGG_12381T0	291	292	63	16.5745
MGG_03994T0	3699	3700	1398	29.0261
MGG_04400T0	1950	1951	3027	119.189
MGG_15034T0	945	946	62	5.03481
MGG_17729T0	804	805	316.175	30.1727
MGG_11966T0	597	598	0	0
MGG_00140T0	2239	2240	2192	75.1753
MGG_10737T0	2048	2049	548.676	20.5711
MGG_00590T0	3789	3790	1987	40.2755
MGG_06436T0	828	829	0	0
MGG_17317T0	3866	3867	711	14.1247
MGG_15448T0	165	166	3	1.38834
MGG_15958T0	201	202	44	16.7334
MGG_01109T0	817	818	258.041	24.2336
MGG_14634T0	687	688	22	2.4565
MGG_12123T0	3215	3216	2749	65.6661
MGG_04460T0	1066	1067	558	40.1747
MGG_15152T0	792	793	0	0
MGG_04676T0	2107	2108	1855	67.6014
MGG_14751T0	2063	2064	1789	66.5861
MGG_07417T0	1495	1496	0	0
MGG_09080T0	2962	2963	949.64	24.6212
MGG_16591T0	1140	1141	44.6505	3.00624
MGG_15575T0	557	558	0	0
MGG_10363T0	1455	1456	175	9.23335
MGG_10674T0	2812	2813	478.453	13.0663
MGG_11335T0	2508	2509	11	0.336802
MGG_16678T0	198	199	63	24.3204
MGG_00735T0	2236	2237	224	7.69245
MGG_16368T0	337	338	1.09733	0.249403
MGG_02309T0	2096	2097	1	0.036634
MGG_03054T0	3420	3421	128.346	2.88211
MGG_07102T0	969	970	1080	85.5332
MGG_11096T0	606	607	2	0.253119
MGG_11719T0	1120	1121	219	15.0079
MGG_08975T0	4357	4358	4624	81.5105
MGG_15877T0	297	298	4	1.03116
MGG_17398T0	1394	1395	1057	58.2081
MGG_08767T0	2318	2319	170	5.63159
MGG_00618T0	1408	1409	68	3.7075
MGG_17620T0	2509	2510	97.9557	2.99805
MGG_04896T0	747	748	341	35.0216
MGG_02166T0	315	316	0	0
MGG_04329T0	1548	1549	23	1.14067
MGG_06718T0	1136	1137	986	66.6192
MGG_07421T0	1023	1024	4	0.300084
MGG_17122T0	2709	2710	873	24.7473
MGG_03908T0	1090	1091	1436	101.114
MGG_15765T0	588	589	99	12.9123
MGG_09640T0	1599	1600	46	2.20862
MGG_16982T0	1225	1226	157	9.83766
MGG_00831T0	2208	2209	1	0.0347766
MGG_15974T0	1317	1318	3.16109	0.184249
MGG_05660T0	1493	1494	14	0.71988
MGG_16686T0	294	295	0	0
MGG_02638T0	1592	1593	574	27.6808
MGG_00718T0	1911	1912	199	7.99554
MGG_03041T0	3393	3394	629	14.2371
MGG_03856T0	1556	1557	117.697	5.80711
MGG_02390T0	2784	2785	461	12.7162
MGG_08206T0	1599	1600	222	10.659
MGG_01566T0	1669	1670	2656.55	122.204
MGG_10345T0	1557	1558	0	0
MGG_15044T0	159	160	0	0
MGG_05052T0	1985	1986	638	24.6788
MGG_12963T0	1677	1678	64	2.93002
MGG_17170T0	1293	1294	249	14.7825
MGG_13500T0	3449	3450	1518	33.8015
MGG_11214T0	1011	1012	1	0.0759106
MGG_04601T0	3393	3394	1013.17	22.9326
MGG_16013T0	471	472	0	0
MGG_13246T0	2475	2476	1575	48.8667
MGG_01302T0	1753	1754	1265	55.4043
MGG_04976T0	1821	1822	2887	121.725
MGG_10275T0	1992	1993	0	0
MGG_01429T0	1601	1602	102	4.89126
MGG_05156T0	1957	1958	914	35.8605
MGG_15727T0	613	614	241	30.1531
MGG_06036T0	1802	1803	34	1.44866
MGG_12069T0	513	514	0	0
MGG_15619T0	414	415	0	0
MGG_09864T0	1131	1132	2029	137.695
MGG_12647T0	2535	2536	507	15.3582
MGG_04310T0	1097	1098	1852.93	129.64
MGG_14666T0	870	871	2015	177.721
MGG_08575T0	805	806	5407	515.352
MGG_12759T0	649	650	5.28904	0.625096
MGG_10057T0	1978	1979	2066	80.1987
MGG_07998T0	3049	3050	169	4.25667
MGG_00595T0	2653	2654	820	23.7353
MGG_07992T0	1317	1318	3	0.174859
MGG_09119T0	2737	2738	1441	40.4309
MGG_08859T0	2298	2299	815.671	27.2558
MGG_11412T0	1945	1946	4450	175.671
MGG_10815T0	738	739	0	0
MGG_00129T0	1674	1675	272.261	12.4869
MGG_07149T0	2926	2927	991	26.0096
MGG_11885T0	2127	2128	769	27.7611
MGG_02928T0	4728	4729	2112	34.3089
MGG_06452T0	1850	1851	253	10.5002
MGG_00211T0	2279	2280	60.3523	2.03349
MGG_09294T0	1063	1064	1152	83.1751
MGG_10208T0	1137	1138	720	48.6041
MGG_00964T0	1554	1555	359	17.7356
MGG_16321T0	597	598	0	0
MGG_02183T0	6555	6556	1525	17.8695
MGG_03828T0	1557	1558	6	0.295847
MGG_05233T0	4427	4428	4509.05	78.2276
MGG_01355T0	2121	2122	71	2.57037
MGG_17168T0	304	305	12	3.02248
MGG_12329T0	2062	2063	273.877	10.1986
MGG_07500T0	1884	1885	112	4.56446
MGG_10652T0	2551	2552	527.318	15.8736
MGG_02688T0	2220	2221	37	1.27978
MGG_09528T0	2162	2163	74	2.6282
MGG_17438T0	186	187	0	0
MGG_14555T0	231	232	0	0
MGG_07608T0	375	376	229	46.7876
MGG_17034T0	156	157	1	0.489309
MGG_00019T0	393	394	0	0
MGG_14856T0	432	433	107	18.9836
MGG_01659T0	1023	1024	2105	157.919
MGG_05189T0	2200	2201	5645	197.027
MGG_07130T0	1444	1445	1968	104.626
MGG_08390T0	1275	1276	0	0
MGG_16655T0	621	622	3.43983	0.424844
MGG_02799T0	1937	1938	1664	65.9602
MGG_11537T0	1152	1153	3074	204.813
MGG_16850T0	276	277	5	1.38667
MGG_15755T0	1826	1827	121	5.08779
MGG_04426T0	752	753	335	34.1769
MGG_07718T0	2652	2653	455	13.1752
MGG_03758T0	1254	1255	444	27.1783
MGG_06345T0	2348	2349	313	10.2363
MGG_15959T0	282	283	3	0.814362
MGG_03916T0	921	922	113	9.41521
MGG_10760T0	1248	1249	0	0
MGG_03615T0	1528	1529	1408	70.7421
MGG_06384T0	1359	1360	710	40.1053
MGG_05569T0	1826	1827	155.849	6.55312
MGG_06900T0	2311	2312	3	0.0996819
MGG_11605T0	2775	2776	488	13.5046
MGG_11426T0	3426	3427	1253	28.0879
MGG_06099T0	1964	1965	2272.86	88.8571
MGG_06270T0	1660	1661	447.457	20.695
MGG_09698T0	282	283	1113	302.128
MGG_00153T0	2048	2049	1252	46.9402
MGG_16066T0	231	232	0	0
MGG_05719T0	723	724	232	24.6168
MGG_05900T0	4527	4528	1	0.0169659
MGG_00617T0	3883	3884	186	3.67889
MGG_17890T0	375	376	190	38.8194
MGG_01013T0	1734	1735	473.408	20.9613
MGG_05568T0	1281	1282	1305.15	78.2088
MGG_09125T0	2859	2860	7061	189.663
MGG_15789T0	2930	2931	63.7695	1.6714
MGG_02608T0	2164	2165	3394.19	120.437
MGG_06473T0	2907	2908	195	5.15137
MGG_05828T0	1095	1096	0	0
MGG_00208T0	2551	2552	349	10.5058
MGG_02981T0	3127	3128	211.988	5.20627
MGG_08015T0	1724	1725	2034	90.5826
MGG_15653T0	236	237	1	0.324141
MGG_01085T0	1526	1527	202	10.1624
MGG_05306T0	3700	3701	2862	59.4064
MGG_16333T0	2417	2418	116	3.6854
MGG_12316T0	2414	2415	1502	47.7788
MGG_06389T0	2438	2439	2092	65.892
MGG_01553T0	2931	2932	1086.15	28.4582
MGG_01003T0	2396	2397	5030	161.207
MGG_02660T0	957	958	1610	129.105
MGG_02560T0	483	484	0	0
MGG_02115T0	1212	1213	0	0
MGG_07055T0	1170	1171	175	11.4806
MGG_07356T0	1833	1834	0	0
MGG_07195T0	1729	1730	729	32.3716
MGG_15864T0	520	521	0	0
MGG_02590T0	378	379	0	0
MGG_01046T0	2592	2593	323	9.56936
MGG_08815T0	1333	1334	1031	59.3725
MGG_13557T0	4275	4276	1537	27.6133
MGG_10887T0	920	921	586	48.8788
MGG_03375T0	2242	2243	2255	77.2325
MGG_07510T0	2149	2150	10	0.357309
MGG_08192T0	3613	3614	767	16.3038
MGG_00569T0	3561	3562	345	7.4406
MGG_08186T0	6385	6386	1138	13.6898
MGG_09107T0	1992	1993	0	0
MGG_09709T0	1756	1757	248	10.8433
MGG_17193T0	341	342	27	6.06485
MGG_06784T0	1540	1541	8	0.398814
MGG_09393T0	2384	2385	393	12.6586
MGG_03129T0	2075	2076	373	13.8027
MGG_05733T0	723	724	38	4.03207
MGG_05816T0	2592	2593	0	0
MGG_08060T0	1727	1728	28	1.24479
MGG_00627T0	898	899	2	0.170904
MGG_03586T0	2299	2300	573	19.1386
MGG_16288T0	360	361	1	0.212802
MGG_13365T0	616	617	5	0.62254
MGG_15480T0	1883	1884	730.915	29.8036
MGG_05791T0	453	454	8.91489	1.50849
MGG_08133T0	3052	3053	696.049	17.5144
MGG_03708T0	996	997	1611	124.132
MGG_07555T0	339	340	0	0
MGG_02165T0	237	238	0	0
MGG_15634T0	977	978	0	0
MGG_18056T0	456	457	0	0
MGG_12090T0	243	244	2	0.629684
MGG_08977T0	681	682	32	3.60453
MGG_00245T0	1414	1415	383	20.7934
MGG_05706T0	5415	5416	3074	43.6021
MGG_17309T0	291	292	17	4.47248
MGG_16334T0	4463	4464	3931	67.649
MGG_01458T0	3529	3530	186.515	4.05902
MGG_02139T0	381	382	0	0
MGG_06043T0	4632	4633	8918	147.873
MGG_16960T0	162	163	0	0
MGG_16978T0	891	892	2	0.172245
MGG_04181T0	1028	1029	1181.74	88.2246
MGG_06736T0	4888	4889	1235.38	19.4117
MGG_04565T0	1179	1180	35	2.2786
MGG_08924T0	1622	1623	472	22.3412
MGG_10457T0	1389	1390	0	0
MGG_08511T0	1143	1144	0	0
MGG_05996T0	4569	4570	4267	71.7281
MGG_17862T0	318	319	144	34.678
MGG_15265T0	291	292	14	3.68322
MGG_03487T0	4300	4301	2500.02	44.6536
MGG_02838T0	4082	4083	1337	25.1556
MGG_08529T0	387	388	0	0
MGG_17411T0	186	187	0	0
MGG_16298T0	1241	1242	271	16.7622
MGG_07339T0	3969	3970	942	18.2282
MGG_02667T0	4286	4287	4294	76.9469
MGG_17536T0	1076	1077	919.298	65.5727
MGG_03230T0	1611	1612	270	12.8671
MGG_09242T0	2233	2234	202.231	6.9542
MGG_14010T0	2302	2303	207	6.90493
MGG_01266T0	2271	2272	389	13.153
MGG_04698T0	1949	1950	482	18.9887
MGG_16460T0	2503	2504	26	0.797667
MGG_06781T0	1993	1994	1000	38.5263
MGG_08096T0	1200	1201	2896	185.241
MGG_02503T0	2414	2415	19891	632.735
MGG_17590T0	378	379	0	0
MGG_00230T0	492	493	0	0
MGG_11289T0	3144	3145	490	11.969
MGG_02607T0	1525	1526	393.806	19.8249
MGG_07766T0	786	787	0	0
MGG_10413T0	1704	1705	863	38.8838
MGG_15147T0	603	604	0	0
MGG_00133T0	1950	1951	822	32.3666
MGG_02506T0	1886	1887	935	38.0647
MGG_03053T0	3944	3945	2262	44.0482
MGG_03252T0	13423	13424	3502	20.0409
MGG_04593T0	3403	3404	209	4.71671
MGG_16378T0	294	295	0	0
MGG_00057T0	1139	1140	73.0289	4.92122
MGG_12763T0	1102	1103	1	0.0696478
MGG_01717T0	2720	2721	2430	68.6057
MGG_05098T0	2244	2245	204.722	7.00538
MGG_09970T0	3317	3318	2570	59.5031
MGG_01064T0	948	949	5364	434.215
MGG_06975T0	2670	2671	3	0.086284
MGG_06410T0	3366	3367	2153	49.1229
MGG_01503T0	3037	3038	4061	102.69
MGG_06307T0	4258	4259	6708.58	121.006
MGG_02802T0	1707	1708	2280	102.549
MGG_10560T0	1180	1181	3	0.195143
MGG_08557T0	5444	5445	2331	32.8872
MGG_14997T0	591	592	24	3.11438
MGG_03039T0	3578	3579	623	13.3724
MGG_16099T0	1415	1416	37	2.00734
MGG_01016T0	1315	1316	452	26.3855
MGG_05939T0	2178	2179	314	11.0702
MGG_00732T0	1041	1042	0	0
MGG_04842T0	2885	2886	1076	28.6417
MGG_16720T0	1144	1145	77	5.16616
MGG_13171T0	6925	6926	1587	17.6026
MGG_03362T0	1548	1549	389	19.2922
MGG_16208T0	659	660	16	1.86234
MGG_10307T0	4517	4518	448.28	7.62229
MGG_03851T0	1062	1063	429.509	31.04
MGG_11582T0	1338	1339	0	0
MGG_01492T0	2412	2413	1331.13	42.3784
MGG_15294T0	1404	1405	256	13.9974
MGG_03234T0	1446	1447	103	5.46829
MGG_06377T0	1209	1210	369.952	23.4878
MGG_14600T0	321	322	0	0
MGG_08700T0	924	925	19	1.57795
MGG_08302T0	1275	1276	227	13.6665
MGG_13405T0	2252	2253	26	0.886533
MGG_03089T0	1294	1295	2300	136.44
MGG_08987T0	2649	2650	0	0
MGG_17164T0	432	433	206	36.5479
MGG_16253T0	617	618	211.175	26.2505
MGG_06852T0	1339	1340	37	2.12119
MGG_15359T0	846	847	0	0
MGG_02492T0	1790	1791	372.315	15.9697
MGG_04521T0	1671	1672	581	26.6945
MGG_07224T0	2406	2407	588	18.7665
MGG_13511T0	2219	2220	1243.91	43.0446
MGG_17469T0	627	628	158	19.3277
MGG_17159T0	306	307	1	0.250233
MGG_08733T0	621	622	0	0
MGG_00817T0	1774	1775	158	6.83819
MGG_03131T0	3105	3106	1420.93	35.1442
MGG_04869T0	1011	1012	113	8.57789
MGG_10570T0	1284	1285	38.0081	2.27225
MGG_08956T0	1530	1531	1	0.0501773
MGG_16917T0	2845	2846	126.475	3.41392
MGG_11852T0	657	658	1	0.11675
MGG_09676T0	2115	2116	863	31.3313
MGG_01023T0	2512	2513	6919	211.511
MGG_02697T0	3515	3516	234	5.11269
MGG_00067T0	2106	2107	1049	38.2467
MGG_04213T0	3017	3018	24	0.610906
MGG_04211T0	952	953	6	0.483661
MGG_03511T0	4267	4268	2621.26	47.1811
MGG_10828T0	2138	2139	3300.69	118.543
MGG_07131T0	4066	4067	160	3.02224
MGG_00973T0	1968	1969	103	4.01859
MGG_12902T0	811	812	0	0
MGG_01341T0	2064	2065	563	20.9446
MGG_15374T0	444	445	0	0
MGG_13803T0	2409	2410	299	9.53096
MGG_01479T0	982	983	37	2.89155
MGG_15377T0	356	357	4	0.860745
MGG_01430T0	2093	2094	114.789	4.21121
MGG_10171T0	1206	1207	10658	678.346
MGG_04245T0	651	652	278	32.7552
MGG_09962T0	5286	5287	1666.45	24.2139
MGG_09962T1	5024	5025	15290.6	233.76
MGG_15370T0	675	676	0	0
MGG_08348T0	593	594	0	0
MGG_15354T0	1440	1441	3359	179.072
MGG_01248T0	1916	1917	532	21.3193
MGG_06028T0	1983	1984	178.998	6.93089
MGG_16779T0	453	454	14.1979	2.40243
MGG_14582T0	183	184	326	136.108
MGG_11682T0	2271	2272	94	3.17835
MGG_17389T0	1332	1333	34	1.95944
MGG_10355T0	1653	1654	0	0
MGG_17436T0	2763	2764	208.109	5.78409
MGG_06480T0	444	445	1226	211.648
MGG_05086T0	2637	2638	71	2.0676
MGG_01668T0	3144	3145	2193.99	53.5916
MGG_10826T0	3448	3449	2846.77	63.4076
MGG_15644T0	992	993	51	3.94551
MGG_17462T0	339	340	3	0.677837
MGG_02520T0	2493	2494	11459	352.966
MGG_03607T0	4266	4267	2700.68	48.622
MGG_14844T0	553	554	18.6284	2.58315
MGG_07843T0	1928	1929	240	9.55788
MGG_11754T0	2522	2523	43.769	1.3327
MGG_03127T0	2139	2140	137	4.91801
MGG_02801T0	1678	1679	410	18.7593
MGG_11733T0	1338	1339	0	0
MGG_04206T0	2459	2460	72.2434	2.25604
MGG_06211T0	4419	4420	4002	69.5565
MGG_08094T0	4170	4171	295.849	5.44895
MGG_09180T0	1404	1405	257	14.052
MGG_02824T0	880	881	482	42.0295
MGG_01372T0	3150	3151	2723	66.3868
MGG_00393T0	4526	4527	801	13.5927
MGG_06488T0	1763	1764	89	3.87591
MGG_10491T0	2418	2419	114	3.62036
MGG_17661T0	1788	1789	2	0.085882
MGG_06385T0	1035	1036	256	18.9829
MGG_12178T0	1425	1426	16	0.861952
MGG_03995T0	1913	1914	43	1.72587
MGG_13108T0	219	220	0	0
MGG_11542T0	1496	1497	575	29.5073
MGG_07533T0	1511	1512	163.307	8.2973
MGG_00596T0	1924	1925	1428	56.9876
MGG_15897T0	225	226	63	21.4148
MGG_15660T0	504	505	11	1.67334
MGG_12569T0	1683	1684	31	1.41417
MGG_16115T0	713	714	0	0
MGG_02223T0	538	539	0	0
MGG_07289T0	2961	2962	11421	296.211
MGG_01213T0	1113	1114	43	2.96528
MGG_02626T0	3549	3550	1861	40.2718
MGG_02655T0	2668	2669	4277	123.104
MGG_07077T0	3752	3753	2661.69	54.4831
MGG_16540T0	219	220	0	0
MGG_03077T0	3230	3231	315	7.48956
MGG_17687T0	189	190	0	0
MGG_03601T0	4622	4623	1108	18.4119
MGG_18060T0	291	292	0	0
MGG_10867T0	2237	2238	1189	40.8136
MGG_06139T0	3111	3112	3113.72	76.8638
MGG_01373T0	2475	2476	237	7.35327
MGG_00048T0	2079	2080	118	4.35814
MGG_03434T0	1263	1264	86	5.22678
MGG_16660T0	555	556	0	0
MGG_17484T0	177	178	4	1.72633
MGG_15851T0	300	301	0	0
MGG_00479T0	1821	1822	2936.31	123.804
MGG_02199T0	1073	1074	10	0.715284
MGG_12631T0	5219	5220	429	6.31349
MGG_06483T0	2033	2034	367	13.8611
MGG_07931T0	1423	1424	209	11.2751
MGG_16256T0	387	388	6	1.18796
MGG_11409T0	450	451	100	17.0336
MGG_10586T0	1462	1463	170	8.92663
MGG_16853T0	2360	2361	91241	2968.77
MGG_06788T0	1854	1855	161	6.66753
MGG_02762T0	1894	1895	7	0.283773
MGG_07631T0	1490	1491	25	1.28809
MGG_08468T0	1650	1651	0	0
MGG_00702T0	2610	2611	901	26.5094
MGG_02051T0	2237	2238	106	3.63855
MGG_17273T0	475	476	23	3.71196
MGG_15543T0	222	223	2	0.688982
MGG_10309T0	1632	1633	89	4.18684
MGG_10819T0	632	633	1175.83	142.699
MGG_01148T0	2122	2123	1313	47.5114
MGG_17626T0	231	232	3	0.993381
MGG_13626T0	1411	1412	274	14.9073
MGG_01353T0	4203	4204	108.452	1.98178
MGG_15832T0	504	505	4	0.608487
MGG_15818T0	3077	3078	1369	34.1678
MGG_08051T0	2234	2235	312	10.7241
MGG_10538T0	2698	2699	1596	45.4269
MGG_01265T0	1390	1391	483	26.6749
MGG_05647T0	1708	1709	2739	123.121
MGG_10800T0	2171	2172	209	7.39212
MGG_01979T0	1967	1968	363	14.1698
MGG_14661T0	423	424	2	0.362365
MGG_02605T0	2200	2201	2299.04	80.2435
MGG_18065T0	369	370	11	2.28388
MGG_01411T0	354	355	0	0
MGG_04854T0	1583	1584	38	1.84294
MGG_00755T0	1828	1829	2880	120.965
MGG_09766T0	1981	1982	80	3.10077
MGG_17594T0	762	763	0	0
MGG_10188T0	2403	2404	756	24.1585
MGG_08710T0	3230	3231	5531	131.507
MGG_03485T0	3916	3917	1600	31.3797
MGG_09387T0	657	658	8	0.934
MGG_13923T0	582	583	0	0
MGG_00769T0	2306	2307	75	2.49745
MGG_05830T0	1785	1786	5	0.215066
MGG_03058T0	4839	4840	1461	23.1893
MGG_14855T0	1224	1225	367	23.0151
MGG_00302T0	2761	2762	241	6.70311
MGG_05417T0	654	655	0	0
MGG_08913T0	3981	3982	1671.74	32.2516
MGG_01463T0	3641	3642	4349	91.7344
MGG_09319T0	1506	1507	12	0.611717
MGG_02834T0	1664	1665	2019	93.1547
MGG_06595T0	1694	1695	62	2.80999
MGG_04504T0	1506	1507	293.688	14.9712
MGG_04645T0	384	385	546	108.947
MGG_16623T0	402	403	0	0
MGG_12118T0	3204	3205	7708.11	184.758
MGG_08497T0	1265	1266	1016	61.6514
MGG_02914T0	1380	1381	322	17.912
MGG_03007T0	3008	3009	610.634	15.5898
MGG_14041T0	1581	1582	1	0.0485597
MGG_03689T0	1504	1505	1.95015	0.099544
MGG_15109T0	901	902	93	7.92062
MGG_13935T0	2831	2832	2288	62.0648
MGG_03889T0	1623	1624	90	4.25735
MGG_06445T0	1408	1409	687	37.4566
MGG_10233T0	1482	1483	3	0.155404
MGG_16670T0	411	412	0	0
MGG_12589T0	2613	2614	1736	51.0184
MGG_13154T0	2391	2392	1016	32.6299
MGG_08435T0	558	559	1	0.137427
MGG_12302T0	1597	1598	557	26.777
MGG_03155T0	2804	2805	5178	141.812
MGG_01696T1	874	875	142.667	12.5256
MGG_01696T0	874	875	71.3333	6.26278
MGG_04632T0	1395	1396	2	0.110059
MGG_06881T0	2960	2961	3248.21	84.2731
MGG_02354T0	840	841	2	0.182691
MGG_00136T0	1692	1693	1180.86	53.5825
MGG_09502T0	2318	2319	64	2.12013
MGG_00757T0	1958	1959	8819.77	345.864
MGG_02127T0	2243	2244	592	20.2666
MGG_03693T0	4821	4822	1840	29.3139
MGG_17825T0	2457	2458	79.2396	2.47653
MGG_05531T0	1295	1296	16423	973.487
MGG_16863T0	480	481	7	1.11798
MGG_15861T0	5483	5484	2227.68	31.206
MGG_17241T0	2236	2237	110	3.77754
MGG_13126T0	714	715	38	4.08282
MGG_07230T0	1455	1456	153	8.07259
MGG_09521T0	3389	3390	314.236	7.12096
MGG_08867T0	2647	2648	341	9.8928
MGG_16184T0	975	976	614	48.3283
MGG_00406T0	1226	1227	1337	83.7085
MGG_07272T0	1483	1484	225.556	11.6762
MGG_17404T0	165	166	2	0.92556
MGG_14081T0	384	385	0	0
MGG_07173T0	2904	2905	257.946	6.82126
MGG_07173T1	2019	2020	721.054	27.422
MGG_15166T0	705	706	0	0
MGG_02896T0	1578	1579	2445.85	118.995
MGG_07717T0	2091	2092	762	27.9818
MGG_03915T0	786	787	228	22.2558
MGG_03564T0	2121	2122	2060.26	74.5865
MGG_06612T0	3768	3769	32	0.652239
MGG_13535T0	4511	4512	3921	66.7591
MGG_17324T0	1388	1389	9787.55	541.321
MGG_15181T0	3063	3064	0	0
MGG_04760T0	1962	1963	905	35.4169
MGG_09209T0	2588	2589	1886	55.9619
MGG_09658T0	534	535	0	0
MGG_12780T0	693	694	0	0
MGG_17483T0	285	286	0	0
MGG_06773T0	2633	2634	1359	39.6357
MGG_05287T0	3868	3869	27842	552.821
MGG_05521T0	1707	1708	891	40.0749
MGG_14561T0	1903	1904	2026	81.7439
MGG_00306T0	2782	2783	582	16.0654
MGG_03069T0	3322	3323	1173	27.1175
MGG_08036T0	3614	3615	1748	37.1463
MGG_11554T0	3019	3020	1906	48.484
MGG_15870T0	234	235	1	0.3269
MGG_04143T0	1362	1363	4581	258.195
MGG_01437T0	1301	1302	240.451	14.1873
MGG_04635T0	2235	2236	23	0.790203
MGG_04217T0	3433	3434	122	2.72924
MGG_15703T0	502	503	0	0
MGG_01145T0	934	935	29	2.3827
MGG_13021T0	2391	2392	67	2.15177
MGG_02657T0	348	349	352	77.4818
MGG_09659T0	1233	1234	10	0.62254
MGG_09211T0	2798	2799	1502	41.224
MGG_16901T0	2383	2384	4327	139.432
MGG_16158T0	171	172	5	2.23318
MGG_01923T0	1146	1147	38	2.54509
MGG_02047T0	2436	2437	3	0.0945689
MGG_08412T0	423	424	0	0
MGG_15689T0	796	797	10	0.963883
MGG_10158T0	2093	2094	107	3.92545
MGG_02615T0	1582	1583	541	26.2542
MGG_04999T0	2004	2005	369	14.1382
MGG_11005T0	1564	1565	0	0
MGG_00081T0	1017	1018	1745	131.683
MGG_06162T0	5852	5853	1232	16.1702
MGG_15437T0	459	460	0	0
MGG_14192T0	294	295	0	0
MGG_07708T0	2503	2504	1517.18	46.5462
MGG_08738T0	2691	2692	0	0
MGG_13937T0	981	982	0	0
MGG_05188T0	1737	1738	3643	161.025
MGG_10415T0	2403	2404	47	1.50192
MGG_03471T0	1176	1177	54	3.52452
MGG_06574T0	1252	1253	2445	149.903
MGG_16506T0	189	190	5	2.02162
MGG_16398T0	1889	1890	7.27547	0.295721
MGG_06200T0	2531	2532	1344	40.7773
MGG_10438T0	1503	1504	366	18.6946
MGG_13546T0	248	249	0	0
MGG_17568T0	210	211	3	1.09225
MGG_16765T0	417	418	34	6.24864
MGG_16251T0	3487	3488	8445.22	186.002
MGG_05438T0	1470	1471	933	48.725
MGG_06404T0	1197	1198	219	14.0433
MGG_02759T0	4268	4269	1041	18.733
MGG_06208T0	1599	1600	372.009	17.8614
MGG_04847T0	1982	1983	189	7.32187
MGG_09609T0	390	391	6	1.17885
MGG_08455T0	1918	1919	37	1.48119
MGG_02338T0	591	592	3	0.389298
MGG_12198T0	1575	1576	0	0
MGG_02160T0	1997	1998	107.822	4.14569
MGG_07514T0	1940	1941	327.583	12.9652
MGG_16631T0	231	232	4	1.32451
MGG_16059T0	552	553	0	0
MGG_15490T0	761	762	0	0
MGG_06518T0	1639	1640	405	18.9712
MGG_16849T0	819	820	148	13.8653
MGG_14731T0	1177	1178	3434.48	223.975
MGG_01408T0	1707	1708	42	1.88905
MGG_04259T0	333	334	14230	3272.96
MGG_17796T0	682	683	32	3.59925
MGG_14126T0	741	742	3	0.310599
MGG_02747T0	789	790	1940	188.65
MGG_06396T0	6184	6185	11911.1	147.943
MGG_17395T0	213	214	0	0
MGG_17167T0	159	160	0	0
MGG_02646T0	1065	1066	15	1.08098
MGG_03808T0	507	508	0	0
MGG_13332T0	897	898	24	2.05314
MGG_16389T0	3867	3868	1102	21.8866
MGG_06176T0	1668	1669	347.81	16.0092
MGG_12972T0	2108	2109	909.617	33.1333
MGG_15737T0	594	595	111	14.3314
MGG_02769T0	1995	1996	464.227	17.867
MGG_10305T0	1614	1615	553	26.3048
MGG_16119T0	770	771	7	0.697471
MGG_16301T0	2092	2093	2325	85.3368
MGG_09117T0	1302	1303	116	6.83906
MGG_17664T0	363	364	0	0
MGG_01253T0	693	694	23.0994	2.55696
MGG_12983T0	1633	1634	53	2.49176
MGG_05171T0	1971	1972	3957.23	154.158
MGG_08433T0	369	370	0	0
MGG_17637T0	378	379	0	0
MGG_00350T0	1220	1221	385.581	24.2595
MGG_05393T0	1154	1155	4	0.266048
MGG_08297T0	1493	1494	1	0.05142
MGG_05738T0	3692	3693	4149	86.3072
MGG_14816T0	2450	2451	27	0.846259
MGG_16129T0	300	301	7	1.78655
MGG_16348T0	333	334	0	0
MGG_08803T0	2195	2196	775	27.1114
MGG_01282T0	1189	1190	20059	1294.93
MGG_05162T0	564	565	3	0.407902
MGG_04346T0	1553	1554	10785	533.153
MGG_06424T0	2032	2033	1794	67.7903
MGG_07824T0	741	742	6	0.621198
MGG_09227T0	2175	2176	3596	126.953
MGG_04602T0	3443	3444	2453	54.7163
MGG_17498T0	171	172	0	0
MGG_11530T0	1897	1898	84	3.3999
MGG_01661T0	3900	3901	3312.87	65.2396
MGG_10610T0	372	373	0	0
MGG_05357T0	2160	2161	81	2.87947
MGG_08086T0	630	631	23	2.80015
MGG_17673T0	201	202	130	49.4396
MGG_07928T0	742	743	3611.51	373.407
MGG_08811T0	1241	1242	80275.6	4965.29
MGG_01323T0	2686	2687	704	20.1274
MGG_01159T0	946	947	51568	4183.24
MGG_02825T0	708	709	327	35.4311
MGG_03728T0	1252	1253	3229.1	197.976
MGG_16892T0	297	298	3	0.773371
MGG_01750T0	3822	3823	1593	32.0106
MGG_06954T0	2815	2816	1231	33.5821
MGG_15882T0	180	181	25	10.6107
MGG_06318T0	5448	5449	9335	131.607
MGG_05185T0	2113	2114	182	6.61377
MGG_13252T0	1908	1909	23	0.92556
MGG_07414T0	1647	1648	1	0.046615
MGG_17844T0	902	903	3	0.255221
MGG_10712T0	1350	1351	0	0
MGG_03769T0	1595	1596	28	1.34775
MGG_01883T0	2935	2936	1087	28.4417
MGG_03883T0	2434	2435	1219	38.4581
MGG_07897T0	399	400	0	0
MGG_09447T0	684	685	7	0.785037
MGG_15659T0	198	199	0	0
MGG_17956T0	303	304	0	0
MGG_16747T0	591	592	39	5.06087
MGG_13140T0	945	946	31	2.51741
MGG_04757T0	2490	2491	64	1.97374
MGG_08071T0	3786	3787	1832	37.1632
MGG_15439T0	1062	1063	1	0.0722686
MGG_01673T0	5111	5112	31	0.465858
MGG_16584T0	771	772	0	0
MGG_15039T0	336	337	0	0
MGG_11069T0	966	967	0	0
MGG_01400T0	1242	1243	227	14.0293
MGG_01022T0	1215	1216	159	10.0449
MGG_16618T0	159	160	0	0
MGG_10050T0	1509	1510	250	12.7188
MGG_18125T0	863	864	0	0
MGG_08704T0	4099	4100	296.717	5.55957
MGG_17129T0	243	244	9	2.83358
MGG_04133T0	4056	4057	585	11.0773
MGG_06264T0	921	922	330	27.4958
MGG_15640T0	414	415	5	0.92556
MGG_14232T0	2975	2976	287	7.40852
MGG_06433T0	1044	1045	478	35.1394
MGG_06749T0	1424	1425	59	3.18068
MGG_17348T0	1442	1443	13	0.692085
MGG_11160T0	2638	2639	373.635	10.8766
MGG_04765T0	1827	1828	6282	264
MGG_06927T0	656	657	2786.96	325.873
MGG_12122T0	4812	4813	8822	140.81
MGG_04936T0	2088	2089	169	6.21485
MGG_09419T0	1314	1315	9	0.525774
MGG_05833T0	1873	1874	7	0.286953
MGG_08431T0	1044	1045	1	0.0735134
MGG_14234T0	5369	5370	513	7.33881
MGG_02511T0	1515	1516	1611.39	81.6553
MGG_17970T0	288	289	3	0.797455
MGG_02439T0	1041	1042	1151	84.8575
MGG_11478T0	513	514	0	0
MGG_01971T0	1125	1126	140	9.55152
MGG_17710T0	195	196	0	0
MGG_15630T0	336	337	8	1.82366
MGG_01072T0	2980	2981	1962	50.5615
MGG_16851T0	297	298	0	0
MGG_07981T0	1788	1789	211	9.06056
MGG_13646T0	1703	1704	857	38.6362
MGG_12810T0	246	247	4	1.24407
MGG_08359T0	1778	1779	0	0
MGG_05809T0	2669	2670	35	1.00702
MGG_00940T0	1920	1921	132	5.27873
MGG_03999T0	1435	1436	1763	94.315
MGG_16510T0	549	550	2	0.279351
MGG_08840T0	2169	2170	186	6.5847
MGG_17679T0	3145	3146	222.31	5.42853
MGG_14087T0	3189	3190	18996	457.461
MGG_17458T0	486	487	119	18.7716
MGG_05746T0	5943	5944	5834	75.3998
MGG_08515T0	582	583	3	0.395308
MGG_00731T0	3613	3614	661	14.0506
MGG_09886T0	1273	1274	2835	170.949
MGG_10660T0	1031	1032	9183	683.577
MGG_17276T0	216	217	34963	12377.5
MGG_06508T0	1572	1573	212.533	10.3796
MGG_17688T0	1511	1512	835.08	42.4286
MGG_16800T0	177	178	0	0
MGG_03253T0	4417	4418	4093	71.1703
MGG_07749T0	594	595	832	107.421
MGG_11174T0	5304	5305	5736	83.0628
MGG_15761T0	309	310	2	0.495622
MGG_05017T0	1896	1897	488	19.7622
MGG_17431T0	426	427	0	0
MGG_02505T0	2251	2252	954.108	32.5471
MGG_01368T0	1036	1037	19	1.40753
MGG_17586T0	783	784	333.409	32.6696
MGG_07502T0	1668	1669	1036	47.6855
MGG_04555T0	1741	1742	444	19.5802
MGG_07465T0	2920	2921	356.676	9.38047
MGG_14970T0	1053	1054	239	17.4197
MGG_06347T0	849	850	27	2.44021
MGG_06860T0	3565	3566	1600	34.4684
MGG_02394T0	1458	1459	57	3.00125
MGG_03654T0	699	700	95	10.4258
MGG_03891T0	837	838	720.569	66.0563
MGG_06766T0	2885	2886	2465	65.615
MGG_16459T0	898	899	5213	445.462
MGG_01333T0	1251	1252	4040	247.89
MGG_13401T0	1715	1716	768.826	34.4186
MGG_11779T0	6912	6913	49	0.544518
MGG_07955T0	809	810	1	0.0948413
MGG_00797T0	1241	1242	6	0.371118
MGG_07128T0	922	923	68.9061	5.73507
MGG_12309T0	3394	3395	378	8.55332
MGG_09570T0	981	982	233	18.2275
MGG_05181T0	2432	2433	290	9.15669
MGG_06732T0	2189	2190	265.668	9.31918
MGG_15458T0	309	310	3	0.743434
MGG_02074T0	4315	4316	938	16.6957
MGG_10300T0	1215	1216	0	0
MGG_02644T0	3984	3985	2010	38.7481
MGG_16250T0	1403	1404	114	6.23764
MGG_06549T0	866	867	37.7473	3.34464
MGG_17984T0	669	670	4	0.458636
MGG_17532T0	1651	1652	225	10.463
MGG_14237T0	956	957	0	0
MGG_04372T0	2367	2368	325	10.5435
MGG_08832T0	1641	1642	1085.45	50.7832
MGG_16944T0	369	370	0	0
MGG_00489T0	1538	1539	757	37.7868
MGG_09829T0	3582	3583	17	0.364489
MGG_02805T0	675	676	1	0.113641
MGG_00820T0	2916	2917	106.263	2.79853
MGG_12850T0	799	800	354	33.9935
MGG_13225T0	2057	2058	194	7.24168
MGG_17489T0	318	319	9.35176	2.25209
MGG_07443T0	1408	1409	0	0
MGG_05667T0	1836	1837	839	35.0861
MGG_08024T0	309	310	48	11.8949
MGG_12582T0	610	611	0	0
MGG_01944T0	1339	1340	130	7.45283
MGG_14109T0	462	463	4	0.663685
MGG_01306T0	1302	1303	520	30.6578
MGG_07786T0	600	601	2	0.255646
MGG_02749T0	1518	1519	98	4.95622
MGG_18092T0	270	271	710	201.267
MGG_16601T0	1843	1844	341.911	14.2441
MGG_00847T0	3156	3157	3058	74.4124
MGG_15998T0	258	259	0	0
MGG_12627T0	1491	1492	315	16.219
MGG_11967T0	348	349	0	0
MGG_15244T0	531	532	975	140.791
MGG_12594T0	2262	2263	1209	41.0416
MGG_17632T0	775	776	17	1.68294
MGG_08612T0	1881	1882	18	0.734743
MGG_11804T0	1040	1041	1355	99.9934
MGG_09508T0	1339	1340	3403	195.092
MGG_15663T0	459	460	12	2.00404
MGG_17289T0	339	340	0	0
MGG_13645T0	1143	1144	2271	152.501
MGG_03902T0	952	953	813.571	65.5821
MGG_06306T0	5011	5012	150.425	2.30564
MGG_08343T0	1292	1293	2231.9	132.605
MGG_04075T0	1459	1460	3	0.157852
MGG_08266T0	1947	1948	219	8.6365
MGG_08602T0	1538	1539	750	37.4374
MGG_09794T0	1320	1321	52	3.02401
MGG_13719T0	1092	1093	44.8755	3.15407
MGG_00207T0	1023	1024	477	35.785
MGG_16269T0	309	310	96	23.7899
MGG_08267T0	2262	2263	7756	263.291
MGG_15017T0	552	553	37	5.13995
MGG_10516T0	1410	1411	23	1.25223
MGG_10671T0	1709	1710	4	0.179699
MGG_15960T0	907	908	22	1.86131
MGG_13013T0	6477	6478	16174	191.805
MGG_02031T0	408	409	0	0
MGG_07045T0	3466	3467	157	3.47879
MGG_16100T0	249	250	0	0
MGG_16323T0	609	610	0	0
MGG_16232T0	428	429	11	1.96978
MGG_01275T0	2718	2719	56	1.5822
MGG_11408T0	2647	2648	1986	57.6161
MGG_02916T0	7945	7946	354	3.42245
MGG_16427T0	6156	6157	99	1.23523
MGG_15747T0	771	772	79	7.86127
MGG_03669T0	3228	3229	1315	31.2853
MGG_06509T0	1779	1780	661.467	28.5477
MGG_12505T0	1304	1305	0	0
MGG_12141T0	6702	6703	4537.02	51.9977
MGG_15060T0	1772	1773	789	34.1862
MGG_01724T0	1827	1828	2505	105.272
MGG_01196T0	3660	3661	5040	105.758
MGG_07182T0	1389	1390	424	23.4333
MGG_01222T0	758	759	1315	133.097
MGG_04900T0	2813	2814	112	3.05757
MGG_17104T0	228	229	0	0
MGG_15528T0	2108	2109	424	15.4444
MGG_00753T0	3423	3424	2041	45.7922
MGG_06616T0	2052	2053	3	0.112257
MGG_01741T0	10725	10726	2146	15.37
MGG_07309T0	1320	1321	2176.41	126.567
MGG_07479T0	3269	3270	3819	89.719
MGG_08556T0	2757	2758	3334	92.8654
MGG_17339T0	1652	1653	0	0
MGG_17044T0	180	181	1	0.424428
MGG_08808T0	1063	1064	2489.07	179.713
MGG_04909T0	1614	1615	1511	71.8745
MGG_06126T0	2612	2613	5282	155.289
MGG_08035T0	1957	1958	802	31.4662
MGG_15704T0	3529	3530	52	1.13165
MGG_12616T0	1683	1684	285	13.0013
MGG_09845T0	624	625	7	0.860401
MGG_12712T0	2627	2628	5.0027	0.146239
MGG_10156T0	971	972	829	65.5196
MGG_17616T0	1383	1384	0	0
MGG_16451T0	165	166	0	0
MGG_16891T0	417	418	8	1.47027
MGG_15916T0	966	967	32.3541	2.57031
MGG_14141T0	264	265	0	0
MGG_00198T0	1824	1825	634	26.6876
MGG_17081T0	561	562	10	1.36693
MGG_04639T0	2058	2059	249.672	9.31527
MGG_16753T0	288	289	5	1.32909
MGG_04901T0	1300	1301	237	13.9944
MGG_06631T0	2471	2472	3026	94.038
MGG_15211T0	1151	1152	0	0
MGG_00063T0	6689	6690	9148.54	105.053
MGG_05033T0	2229	2230	242.101	8.34016
MGG_07594T0	881	882	367	31.9654
MGG_15306T0	1182	1183	61	3.96121
MGG_05275T0	2048	2049	370.759	13.9006
MGG_01837T0	3433	3434	722	16.1518
MGG_09546T0	1179	1180	5470	356.113
MGG_15496T0	3319	3320	150	3.47085
MGG_02641T0	2040	2041	230	8.657
MGG_10593T0	663	664	1	0.115695
MGG_18074T0	231	232	0	0
MGG_06082T0	1962	1963	2183.81	85.4628
MGG_09096T0	3780	3781	6129	124.528
MGG_04166T0	1833	1834	49	2.05248
MGG_04246T0	829	830	147	13.6057
MGG_08021T0	1328	1329	414	23.9308
MGG_03204T0	4467	4468	1939.18	33.3417
MGG_01079T0	1351	1352	2738	155.575
MGG_01272T0	2765	2766	385	10.6928
MGG_14642T0	1146	1147	63.7662	4.2708
MGG_12475T0	1499	1500	5	0.256072
MGG_06330T0	531	532	21	3.03243
MGG_01949T0	2889	2890	4	0.106327
MGG_07657T0	1633	1634	505	23.7423
MGG_15971T0	1176	1177	50.1907	3.27589
MGG_00338T0	3456	3457	232	5.15551
MGG_11305T0	1152	1153	91	6.0631
MGG_06201T0	540	541	1231	174.801
MGG_16646T0	528	529	2	0.29044
MGG_00476T0	2612	2613	554.166	16.2923
MGG_06022T0	5521	5522	514	7.15071
MGG_06638T0	2743	2744	3849	107.757
MGG_10460T0	758	759	2	0.202428
MGG_01665T0	1709	1710	1162	52.2027
MGG_00480T0	1297	1298	574.69	34.0127
MGG_00408T0	2010	2011	4350	166.173
MGG_12709T0	2913	2914	2253	59.3956
MGG_16300T0	2163	2164	89	3.15948
MGG_05389T0	333	334	0	0
MGG_01284T0	1784	1785	1348	58.0142
MGG_03959T0	2352	2353	247	8.06413
MGG_04482T0	1222	1223	5685	357.097
MGG_05015T0	2460	2461	41.6324	1.29958
MGG_07233T0	2384	2385	2212	71.2491
MGG_00031T0	2545	2546	16	0.482774
MGG_02901T0	1320	1321	1	0.058154
MGG_04219T0	2251	2252	1196	40.7986
MGG_12124T0	162	163	1693	797.907
MGG_18082T0	1248	1249	1820.11	111.949
MGG_00685T0	2431	2432	941	29.7241
MGG_13205T0	1159	1160	1170.2	77.4971
MGG_10772T0	994	995	176	13.5885
MGG_04717T0	2040	2041	686.154	25.8262
MGG_12827T0	3907	3908	728	14.3107
MGG_03162T0	4670	4671	9857	162.113
MGG_06002T0	1946	1947	3151	124.327
MGG_17093T0	168	169	2	0.90913
MGG_14499T0	2052	2053	1	0.0374191
MGG_09525T0	2815	2816	50.7647	1.38488
MGG_15015T0	493	494	1	0.155509
MGG_02819T0	2336	2337	2418	79.4841
MGG_07179T0	3037	3038	900	22.7582
MGG_03042T0	1310	1311	163	9.55141
MGG_08563T0	1078	1079	72	5.12618
MGG_05579T0	1514	1515	387	19.6237
MGG_15600T0	3816	3817	1320	26.5665
MGG_00487T0	3047	3048	1914	48.2403
MGG_17618T0	1396	1397	298	16.3871
MGG_05246T0	3269	3270	6442	151.341
MGG_17891T0	165	166	38	17.5856
MGG_15516T0	642	643	0	0
MGG_02430T0	936	937	300	24.596
MGG_03496T0	1655	1656	0	0
MGG_11147T0	153	154	37	18.4571
MGG_07806T0	1401	1402	0	0
MGG_10197T0	2476	2477	3899	120.923
MGG_16324T0	180	181	0	0
MGG_17540T0	3125	3126	129	3.17018
MGG_01032T0	3280	3281	929	21.7516
MGG_16132T0	162	163	490	230.936
MGG_01698T0	2371	2372	1057	34.2328
MGG_06943T0	639	640	724	86.9043
MGG_13157T0	2961	2962	290	7.52135
MGG_08644T0	842	843	137	12.4846
MGG_13861T0	1233	1234	0	0
MGG_15349T0	1503	1504	174	8.88759
MGG_04508T0	1976	1977	936.416	36.3869
MGG_03767T0	1257	1258	9	0.549597
MGG_04447T0	756	757	40	4.05926
MGG_06266T0	2036	2037	1558	58.7569
MGG_12996T0	1925	1926	214	8.53572
MGG_03793T0	1020	1021	2	0.150483
MGG_09758T0	4246	4247	586.638	10.6113
MGG_12845T0	786	787	6.41616	0.626301
MGG_09632T0	1392	1393	3	0.165445
MGG_11470T0	3030	3031	2274	57.6351
MGG_00087T0	1598	1599	293	14.0767
MGG_02693T0	1014	1015	0	0
MGG_03268T0	1196	1197	17.0538	1.09448
MGG_16493T0	654	655	1469.75	172.379
MGG_00564T0	585	586	62	8.12787
MGG_17245T0	354	355	25.0955	5.43062
MGG_02846T0	5727	5728	3171	42.5281
MGG_15872T0	210	211	0	0
MGG_09755T0	4466	4467	4884	83.9929
MGG_10060T0	1208	1209	5	0.317707
MGG_15803T0	3507	3508	238.363	5.21989
MGG_10824T0	1584	1585	7724	374.365
MGG_04104T0	919	920	1303.24	108.823
MGG_08440T0	2505	2506	33	1.01162
MGG_04622T0	1331	1332	2873	165.697
MGG_08927T0	2608	2609	834	24.557
MGG_16143T0	784	785	26.1134	2.5555
MGG_08210T0	1265	1266	2763	167.66
MGG_15984T0	189	190	0	0
MGG_14636T0	1211	1212	6	0.380304
MGG_17793T0	4683	4684	385	6.31432
MGG_17704T0	2571	2572	2560	76.4631
MGG_16958T0	348	349	0	0
MGG_16692T0	288	289	0	0
MGG_12330T0	1245	1246	23.1226	1.42561
MGG_04008T0	1712	1713	1430	64.13
MGG_01185T0	1800	1801	8401	358.344
MGG_01285T0	3602	3603	8439	179.932
MGG_04967T0	4074	4075	1890	35.6301
MGG_13035T0	993	994	218	16.8482
MGG_03543T0	2398	2399	2336	74.8041
MGG_02491T0	5616	5617	1157	15.8238
MGG_05343T0	3454	3455	9089	202.093
MGG_08686T0	2166	2167	2	0.0709012
MGG_16727T0	318	319	0	0
MGG_08888T0	3220	3221	5458	130.174
MGG_08774T0	2648	2649	10091	292.641
MGG_17656T0	719	720	778.358	83.0481
MGG_17300T0	711	712	7	0.755267
MGG_03182T0	2275	2276	1057	35.6768
MGG_12726T0	1222	1223	46	2.88944
MGG_02966T0	1630	1631	48.419	2.28058
MGG_03395T0	814	815	0	0
MGG_16063T0	1849	1850	1.2599	0.0523174
MGG_12370T0	1517	1518	707.727	35.816
MGG_01274T0	1635	1636	1074	50.4317
MGG_13463T0	471	472	107	17.415
MGG_16349T0	204	205	0	0
MGG_06021T0	3045	3046	2541.16	64.0892
MGG_08947T0	1626	1627	1	0.0472166
MGG_03166T0	1374	1375	0	0
MGG_00273T0	405	406	63	11.9206
MGG_02872T0	902	903	5241.77	445.936
MGG_04385T0	3377	3378	416	9.46055
MGG_12728T0	465	466	67	11.0451
MGG_01681T0	1429	1430	2128	114.319
MGG_00032T0	1891	1892	32	1.29931
MGG_17039T0	162	163	2	0.942595
MGG_17925T0	192	193	1	0.398039
MGG_02475T0	2654	2655	791	22.8873
MGG_00058T0	1041	1042	137	10.1003
MGG_05849T0	822	823	547	51.0588
MGG_08088T0	3206	3207	6237	149.403
MGG_16731T0	234	235	6	1.9614
MGG_13518T0	1727	1728	779.154	34.6388
MGG_03763T0	2477	2478	283	8.7734
MGG_13427T0	1122	1123	0	0
MGG_10102T0	741	742	14	1.44946
MGG_15025T0	1948	1949	3580	141.109
MGG_09997T0	2767	2768	20	0.555069
MGG_06649T0	4664	4665	3620	59.6128
MGG_17878T0	1358	1359	1288	72.808
MGG_02617T0	1941	1942	6361	251.628
MGG_17246T0	2440	2441	649	20.4249
MGG_16354T0	234	235	4	1.3076
MGG_02440T0	3633	3634	1282	27.101
MGG_17373T0	3639	3640	3966	83.7017
MGG_15673T0	159	160	1	0.480134
MGG_08252T0	2028	2029	133	5.03561
MGG_17946T0	339	340	0	0
MGG_03921T0	1621	1622	363	17.1925
MGG_16041T0	342	343	5	1.11985
MGG_11633T0	2628	2629	182	5.31819
MGG_03210T0	1338	1339	286	16.4085
MGG_11590T0	3306	3307	931.314	21.6344
MGG_01363T0	1062	1063	126	9.10584
MGG_04414T0	1374	1375	77	4.302
MGG_07802T0	1763	1764	178	7.75183
MGG_16811T0	312	313	0	0
MGG_17714T0	2251	2252	114	3.88883
MGG_17106T0	282	283	0	0
MGG_04190T0	3265	3266	316	7.43282
MGG_01895T0	1209	1210	1335	84.7576
MGG_01195T0	717	718	38	4.06576
MGG_05601T0	1428	1429	87	4.67703
MGG_05074T0	3243	3244	4136	97.945
MGG_08408T0	1035	1036	130	9.63976
MGG_14150T0	2132	2133	1237	44.5514
MGG_06762T0	3308	3309	678	15.7404
MGG_08371T0	901	902	14	1.19235
MGG_14570T0	945	946	0	0
MGG_10112T0	1860	1861	0	0
MGG_12264T0	882	883	2	0.174001
MGG_03545T0	4234	4235	77	1.39675
MGG_05369T0	1716	1717	137	6.12961
MGG_17357T0	900	901	10	0.852625
MGG_17137T0	227	228	20	6.73873
MGG_01815T0	3308	3309	793	18.4102
MGG_11075T0	1682	1683	0	0
MGG_17387T0	581	582	10	1.31996
MGG_15855T0	568	569	5	0.675057
MGG_06394T0	2860	2861	1724	46.2916
MGG_08548T0	1764	1765	13	0.565824
MGG_17440T0	2547	2548	722	21.7681
MGG_17005T0	348	349	781.834	172.096
MGG_07970T0	1865	1866	402	16.55
MGG_04486T0	5287	5288	3255	47.2871
MGG_16622T0	231	232	3	0.993381
MGG_09830T0	4723	4724	953	15.4976
MGG_13842T0	3187	3188	1066	25.6875
MGG_04014T0	2398	2399	280	8.96624
MGG_08317T0	1413	1414	228	12.3871
MGG_08103T0	1115	1116	135	9.29292
MGG_16316T0	1708	1709	21	0.943974
MGG_07323T0	1978	1979	1091	42.3508
MGG_17428T0	378	379	0	0
MGG_17088T0	455	456	66	11.1189
MGG_01857T0	3269	3270	290	6.81291
MGG_08785T0	1916	1917	105	4.20775
MGG_04607T0	1816	1817	79.0835	3.34359
MGG_08748T0	3058	3059	82	2.05929
MGG_09564T0	3877	3878	2047	40.5502
MGG_14767T0	6707	6708	25	0.286305
MGG_16021T0	2461	2462	0	0
MGG_13217T0	2930	2931	344.458	9.02824
MGG_01215T0	3908	3909	4417	86.8049
MGG_03160T0	1396	1397	374.845	20.6129
MGG_03168T0	2001	2002	5	0.191862
MGG_04865T0	2363	2364	49.9969	1.62472
MGG_17028T0	423	424	0	0
MGG_10600T0	5398	5399	341	4.85203
MGG_17994T0	264	265	5	1.44946
MGG_15912T0	366	367	0	0
MGG_01882T0	1481	1482	0	0
MGG_09708T0	765	766	11	1.10318
MGG_03707T0	2314	2315	248	8.22969
MGG_00887T0	2219	2220	348	12.0423
MGG_03482T0	1241	1242	45.0316	2.78534
MGG_06159T0	2095	2096	2677	98.116
MGG_04441T0	1875	1876	6217	254.584
MGG_03340T0	1770	1771	991	42.9871
MGG_05444T0	543	544	2	0.282432
MGG_07022T0	2071	2072	310	11.4936
MGG_05798T0	983	984	3	0.234212
MGG_05722T0	2722	2723	94	2.65194
MGG_01507T0	2816	2817	914	24.9254
MGG_15487T0	318	319	1	0.24082
MGG_00180T0	1890	1891	2384	96.8495
MGG_02734T0	2144	2145	590.579	21.1511
MGG_05150T0	979	980	334	26.182
MGG_07066T0	2889	2890	643	17.0921
MGG_16923T0	343	344	1	0.223318
MGG_00843T0	882	883	2362	205.495
MGG_02895T0	1582	1583	133.155	6.46186
MGG_09437T0	3048	3049	54	1.36056
MGG_17302T0	1371	1372	7	0.391946
MGG_18048T0	207	208	309	114.124
MGG_03838T0	3198	3199	3036	72.9072
MGG_15743T0	205	206	0	0
MGG_06189T0	1896	1897	12090.2	489.61
MGG_03085T0	978	979	0	0
MGG_09859T0	1023	1024	7	0.525147
MGG_14824T0	4140	4141	16	0.296823
MGG_12615T0	1593	1594	701	33.7841
MGG_00601T0	2894	2895	457	12.1269
MGG_03404T0	1680	1681	3527	161.183
MGG_14759T0	900	901	2	0.170525
MGG_03426T0	756	757	11	1.1163
MGG_15890T0	323	324	2	0.474207
MGG_07710T0	1925	1926	7517	299.827
MGG_11201T0	1314	1315	4877	284.911
MGG_08521T0	1287	1288	28	1.67003
MGG_12525T0	1014	1015	25	1.89215
MGG_11362T0	4287	4288	8015	143.592
MGG_01656T0	2124	2125	3644	131.735
MGG_00329T0	2905	2906	24	0.634451
MGG_02856T0	3261	3262	896	21.1012
MGG_02968T0	699	700	242	26.5583
MGG_15506T0	225	226	0	0
MGG_16429T0	1541	1542	849	42.2967
MGG_11169T0	339	340	119	26.8875
MGG_08632T0	2412	2413	1063	33.8422
MGG_09813T0	1224	1225	0	0
MGG_01271T0	664	665	254	29.3423
MGG_06191T0	2560	2561	5420	162.582
MGG_17430T0	1038	1039	1261.31	93.2589
MGG_14681T0	2000	2001	1044	40.0808
MGG_15817T0	1294	1295	305	18.0931
MGG_03243T0	2417	2418	811	25.766
MGG_02510T0	636	637	409	49.3249
MGG_17843T0	300	301	4	1.02088
MGG_15065T0	1796	1797	265	11.3287
MGG_11497T0	1953	1954	887	34.8724
MGG_10646T0	4222	4223	15799	287.403
MGG_04580T0	381	382	0	0
MGG_17293T0	659	660	4.37536	0.509275
MGG_01447T0	5772	5773	613.757	8.16728
MGG_17271T0	1017	1018	3	0.226389
MGG_12927T0	2300	2301	15	0.500792
MGG_01909T0	976	977	396	31.1375
MGG_03284T0	3639	3640	499	10.5313
MGG_06258T0	3286	3287	2039	47.6541
MGG_10372T0	849	850	1248	112.792
MGG_04326T0	3853	3854	161	3.2092
MGG_06853T0	2088	2089	998.743	36.7281
MGG_05164T0	2466	2467	38	1.18331
MGG_05717T0	2323	2324	550	18.1806
MGG_07756T0	4102	4103	983	18.405
MGG_12184T0	4610	4611	38	0.633098
MGG_02711T0	1082	1083	3107	220.392
MGG_17042T0	3804	3805	986	19.907
MGG_10427T0	768	769	1	0.0998979
MGG_17869T0	354	355	36.6276	7.92615
MGG_01505T0	228	229	1254	420.673
MGG_05978T0	1152	1153	49	3.26475
MGG_04810T0	871	872	1037	91.3577
MGG_09008T0	588	589	0	0
MGG_02026T0	2189	2190	0	0
MGG_15585T0	321	322	24	5.72582
MGG_10869T0	1539	1540	8352	416.632
MGG_04893T0	2695	2696	213	6.06935
MGG_16197T0	921	922	26	2.16633
MGG_06166T0	1509	1510	2469	125.611
MGG_02274T0	870	871	0	0
MGG_06644T0	2637	2638	278	8.09567
MGG_15932T0	345	346	2	0.444055
MGG_13024T0	339	340	212	47.9005
MGG_03774T0	2177	2178	46	1.62249
MGG_09785T0	1007	1008	23	1.75287
MGG_16762T0	2731	2732	2238.63	62.9482
MGG_10868T0	3375	3376	3568	81.1905
MGG_02441T0	2310	2311	4462.31	148.335
MGG_17573T0	201	202	20	7.60609
MGG_04176T0	3120	3121	415	10.215
MGG_06005T0	2845	2846	1179.88	31.8483
MGG_15608T0	153	154	8	3.99073
MGG_01449T0	2916	2917	967	25.4667
MGG_04018T1	2356	2357	14.1926	0.462579
MGG_04018T0	2290	2291	85.2385	2.85821
MGG_15815T0	231	232	3	0.993381
MGG_00572T0	1647	1648	2676	124.742
MGG_01135T0	985	986	6897	537.361
MGG_00511T0	678	679	0	0
MGG_15076T0	1885	1886	5070	206.514
MGG_08613T0	2638	2639	689	20.0568
MGG_00858T0	432	433	259.963	46.1217
MGG_02887T0	1725	1726	75	3.33813
MGG_17172T0	189	190	7	2.83027
MGG_12444T0	690	691	0	0
MGG_14099T0	1521	1522	6	0.302844
MGG_07511T0	2843	2844	6201	167.5
MGG_04877T0	2289	2290	651.944	21.8705
MGG_06103T0	3974	3975	35553	687.103
MGG_12484T0	1572	1573	19	0.927914
MGG_07993T0	619	620	1	0.123906
MGG_14795T0	1868	1869	2709	111.348
MGG_10797T0	1125	1126	9	0.614026
MGG_15108T0	1746	1747	0	0
MGG_02069T0	980	981	51.8566	4.06086
MGG_16628T0	222	223	1	0.344491
MGG_15104T0	984	985	105.795	8.25111
MGG_09797T0	750	751	283	28.9487
MGG_01090T0	4161	4162	2690	49.6516
MGG_17904T0	489	490	16	2.50846
MGG_16854T0	2965	2966	871	22.5595
MGG_04403T0	216	217	0	0
MGG_14821T0	458	459	34	5.69048
MGG_01030T0	2697	2698	357	10.165
MGG_13953T0	1404	1405	0	0
MGG_05140T0	1104	1105	134	9.31591
MGG_15873T0	432	433	379	67.241
MGG_12133T0	1139	1140	657	44.2734
MGG_14678T0	1660	1661	724	33.4851
MGG_11419T0	2384	2385	3694	118.985
MGG_16838T0	249	250	0	0
MGG_15142T0	1173	1174	10	0.654357
MGG_09752T0	2048	2049	5	0.187461
MGG_15688T0	3367	3368	129	2.94239
MGG_04399T0	1552	1553	3207.44	158.661
MGG_05624T0	1695	1696	2192	99.2881
MGG_06428T0	2523	2524	1703	51.8332
MGG_07803T0	5187	5188	0	0
MGG_16437T0	240	241	1	0.318761
MGG_04080T0	3169	3170	527	12.7713
MGG_18121T0	523	524	29	4.25157
MGG_15694T0	153	154	1	0.498841
MGG_16883T0	219	220	1	0.349189
MGG_16700T0	276	277	0	0
MGG_03398T0	672	673	59	6.73472
MGG_16848T0	1395	1396	92	5.06273
MGG_08123T0	3147	3148	347	8.46793
MGG_17463T0	288	289	0	0
MGG_08113T0	1211	1212	51	3.23259
MGG_00252T0	1998	1999	196	7.53227
MGG_10017T0	921	922	0	0
MGG_15275T0	1602	1603	114	5.46329
MGG_14686T0	1056	1057	2	0.145358
MGG_06769T0	2155	2156	4379	156.03
MGG_17052T0	1194	1195	2543	163.479
MGG_01345T0	2025	2026	617.66	23.4203
MGG_05564T0	753	754	0	0
MGG_06692T0	792	793	2472	239.474
MGG_06965T0	3149	3150	334.522	8.15823
MGG_00598T0	2407	2408	338.396	10.7957
MGG_08115T0	1382	1383	155.612	8.64376
MGG_17349T0	498	499	0	0
MGG_11998T0	1146	1147	0	0
MGG_00438T0	1622	1623	2620	124.013
MGG_02514T0	4274	4275	682.766	12.2693
MGG_14603T0	851	852	0	0
MGG_05332T0	2876	2877	24.1582	0.64507
MGG_17196T0	2126	2127	640	23.1151
MGG_14825T0	1872	1873	7676	314.833
MGG_06090T0	4068	4069	553	10.4405
MGG_06499T0	5344	5345	2169	31.1741
MGG_17960T0	4310	4311	10499	187.091
MGG_15669T0	2778	2779	35.2214	0.973645
MGG_05250T0	3254	3255	143	3.37495
MGG_02401T0	1950	1951	279	10.9857
MGG_07903T0	1299	1300	0	0
MGG_16033T0	1805	1806	47	1.99923
MGG_11418T0	1263	1264	2346	142.582
MGG_02083T0	666	667	0	0
MGG_00994T0	1596	1597	1999	96.1591
MGG_05206T0	5918	5919	5212.76	67.6554
MGG_02937T0	4334	4335	2465	43.6828
MGG_04679T0	2420	2421	6879	218.28
MGG_12732T0	639	640	12.0181	1.44258
MGG_01905T0	1104	1105	0	0
MGG_07486T0	3390	3391	320.174	7.25339
MGG_12961T0	1646	1647	1561.5	72.8334
MGG_10928T0	2290	2291	611	20.488
MGG_08841T0	3815	3816	2587.6	52.092
MGG_00726T0	2812	2813	232	6.33579
MGG_16246T0	426	427	16	2.87856
MGG_01296T0	2313	2314	1206	40.0375
MGG_16967T0	399	400	3	0.576161
MGG_07729T0	2631	2632	591	17.2498
MGG_17917T0	246	247	5	1.55509
MGG_04084T0	2608	2609	423.494	12.4697
MGG_05861T0	1643	1644	45	2.10278
MGG_08258T0	2289	2290	1044	35.0225
MGG_10684T0	1041	1042	114	8.40465
MGG_11021T0	3466	3467	255	5.65027
MGG_01710T0	1438	1439	140.079	7.47817
MGG_02850T0	1681	1682	278	12.697
MGG_08624T0	986	987	2010.68	156.498
MGG_06152T0	980	981	1060.08	83.0143
MGG_17511T0	153	154	2	0.997682
MGG_08135T0	4597	4598	1366	22.8226
MGG_16291T0	258	259	5	1.48304
MGG_10827T0	774	775	2520.33	249.826
MGG_16494T0	411	412	327.286	61.0257
MGG_03649T0	4017	4018	609.334	11.6501
MGG_14564T0	636	637	3	0.361797
MGG_01524T0	1955	1956	2146.88	84.3182
MGG_04664T0	1747	1748	925	40.6521
MGG_14715T0	585	586	9	1.17985
MGG_15722T0	357	358	20	4.2917
MGG_07556T0	1377	1378	4	0.222994
MGG_04959T0	1006	1007	331	25.2512
MGG_15810T0	4692	4693	110	1.80063
MGG_08290T0	1888	1889	100	4.06678
MGG_09647T0	1691	1692	8	0.363222
MGG_16758T0	249	250	4	1.22914
MGG_08648T0	2094	2095	258	9.46059
MGG_00541T0	2889	2890	1213	32.2438
MGG_01312T0	1193	1194	1566.97	100.818
MGG_03531T0	2643	2644	1762	51.195
MGG_10015T0	888	889	0	0
MGG_13512T0	2486	2487	624	19.2749
MGG_00562T0	1959	1960	82	3.21396
MGG_06856T0	2282	2283	243	8.17679
MGG_17366T0	357	358	2	0.42917
MGG_11643T0	3250	3251	4448	105.107
MGG_16577T0	567	568	0	0
MGG_00740T0	2721	2722	2886	81.45
MGG_09195T0	1458	1459	2126	111.941
MGG_07930T0	354	355	15	3.24598
MGG_16775T0	342	343	0	0
MGG_17318T0	2634	2635	133.721	3.89853
MGG_16481T0	1023	1024	51.1798	3.83956
MGG_11644T0	732	733	18	1.88648
MGG_01461T0	2024	2025	472	17.906
MGG_10488T0	1362	1363	1	0.0563621
MGG_09847T0	2589	2590	1174	34.8218
MGG_12117T0	4875	4876	2085.64	32.8593
MGG_15171T0	504	505	0	0
MGG_16792T0	3270	3271	8423.01	197.82
MGG_14753T0	228	229	28	9.39302
MGG_12186T0	1020	1021	0	0
MGG_04966T0	2252	2253	373	12.7183
MGG_01844T0	4315	4316	1793	31.914
MGG_16032T0	222	223	9	3.10042
MGG_10046T0	2222	2223	5	0.172788
MGG_03372T0	351	352	2296	501.086
MGG_05268T0	1158	1159	7269	481.808
MGG_17633T0	237	238	0	0
MGG_03320T0	2757	2758	1093	30.4445
MGG_17685T0	174	175	0	0
MGG_00506T0	5201	5202	5822	85.9774
MGG_04235T0	5968	5969	1807	23.2562
MGG_01198T0	1838	1839	227	9.48259
MGG_14672T0	558	559	11	1.51169
MGG_17055T0	267	268	7	2.00653
MGG_08270T0	2873	2874	457.627	12.2323
MGG_02561T0	225	226	0	0
MGG_12173T0	2528	2529	1181	35.8743
MGG_01410T0	1626	1627	153	7.22415
MGG_16249T0	395	396	41	7.95374
MGG_04890T0	4405	4406	3353	58.4617
MGG_08722T0	6290	6291	179	2.18583
MGG_07952T0	300	301	0	0
MGG_12595T0	1411	1412	27	1.46897
MGG_06797T0	2042	2043	12	0.451228
MGG_10212T0	2319	2320	6	0.198676
MGG_07285T0	3151	3152	515.165	12.5558
MGG_04503T0	3540	3541	2355	51.0914
MGG_08903T0	2811	2812	2057	56.1955
MGG_04904T0	1918	1919	231.811	9.27988
MGG_07898T0	1218	1219	0	0
MGG_05131T0	1808	1809	1653.76	70.2291
MGG_09309T0	2206	2207	4017	139.824
MGG_04984T0	3894	3895	317	6.25222
MGG_17886T0	183	184	0	0
MGG_16570T0	252	253	0	0
MGG_03699T0	2020	2021	2337	88.8332
MGG_17530T0	486	487	7	1.10421
MGG_06667T0	168	169	1091	495.93
MGG_12979T0	2728	2729	163	4.58846
MGG_01406T0	3851	3852	279.287	5.5699
MGG_00870T0	1069	1070	393	28.2157
MGG_08376T0	462	463	7	1.16145
MGG_10865T0	2112	2113	102	3.70837
MGG_15893T0	314	315	11	2.68266
MGG_15521T0	462	463	0	0
MGG_03226T0	1979	1980	8095	314.076
MGG_06863T0	2767	2768	1148	31.8609
MGG_16876T0	243	244	0	0
MGG_05363T0	3220	3221	15	0.357753
MGG_08159T0	3497	3498	1979	43.4619
MGG_10236T0	4473	4474	89	1.52819
MGG_02804T0	2883	2884	694	18.4862
MGG_05985T0	2912	2913	90	2.37348
MGG_00942T0	2049	2050	2434.99	91.2485
MGG_00764T0	1690	1691	2616	118.844
MGG_02239T0	516	517	25	3.71477
MGG_06614T0	3808	3809	402.919	8.12625
MGG_17374T0	510	511	14	2.1047
MGG_14845T0	628	629	12	1.46559
MGG_02407T0	777	778	5263	519.681
MGG_10706T0	1425	1426	1914	103.111
MGG_16319T0	2870	2871	690	18.4628
MGG_08590T0	4023	4024	3003.98	57.3485
MGG_03951T0	1559	1560	697	34.3234
MGG_03132T0	3053	3054	1084.07	27.2691
MGG_17990T0	288	289	2	0.531637
MGG_14741T0	738	739	0	0
MGG_03378T0	5137	5138	2758	41.2366
MGG_17789T0	367	368	1	0.208754
MGG_02293T0	456	457	0	0
MGG_13256T0	988	989	412	32.0025
MGG_05152T0	2870	2871	162	4.33475
MGG_16440T0	300	301	25	6.38052
MGG_09301T0	1802	1803	1087	46.3145
MGG_07010T0	1556	1557	618.479	30.5154
MGG_03271T0	2030	2031	140.589	5.31771
MGG_08489T0	3229	3230	24	0.57081
MGG_18018T0	249	250	0	0
MGG_07420T0	2054	2055	3	0.112148
MGG_16162T0	318	319	36	8.66951
MGG_12097T0	2977	2978	113	2.91499
MGG_01352T0	3436	3437	919	20.5409
MGG_06926T0	1577	1578	586.04	28.5301
MGG_17313T0	624	625	10	1.22914
MGG_13006T0	2441	2442	285	8.96565
MGG_05024T0	2315	2316	413	13.6992
MGG_17275T0	240	241	0	0
MGG_07734T0	4160	4161	5931	109.5
MGG_04732T0	1849	1850	553	22.9634
MGG_01344T0	1161	1162	182.34	12.0547
MGG_15672T0	2931	2932	905	23.712
MGG_15132T0	1833	1834	97	4.06308
MGG_15729T0	321	322	6	1.43146
MGG_07141T0	3107	3108	197	4.86932
MGG_12574T0	1734	1735	346	15.32
MGG_15447T0	710	711	110	11.8852
MGG_03486T0	1002	1003	2765.98	211.851
MGG_00282T0	2972	2973	21	0.542634
MGG_17272T0	225	226	14	4.75885
MGG_10162T0	2150	2151	6218	222.072
MGG_16932T0	156	157	0	0
MGG_00035T0	1467	1468	0	0
MGG_07408T0	6753	6754	288	3.27578
MGG_03741T0	5575	5576	4962.76	68.3728
MGG_15705T0	4616	4617	815	13.5606
MGG_16929T0	747	748	3	0.308108
MGG_08904T0	2601	2602	330	9.74292
MGG_03231T0	1793	1794	106	4.53906
MGG_06060T0	1803	1804	1668	71.0301
MGG_17952T0	246	247	4	1.24407
MGG_16576T0	387	388	0	0
MGG_16151T0	333	334	0	0
MGG_06361T0	3152	3153	4906	119.533
MGG_07277T0	2657	2658	171	4.94224
MGG_04322T0	2621	2622	590	17.2863
MGG_03544T0	2879	2880	23	0.613505
MGG_01381T0	4733	4734	3991	64.7644
MGG_08481T0	507	508	0	0
MGG_14838T0	477	478	0	0
MGG_03574T0	2523	2524	306	9.31354
MGG_02261T0	1959	1960	1478	57.9297
MGG_00471T0	2948	2949	2080.3	54.1918
MGG_08992T0	324	325	0	0
MGG_17910T0	150	151	4	2.03501
MGG_06973T0	1569	1570	5566	272.349
MGG_11227T0	1197	1198	3161	202.698
MGG_07387T0	2401	2402	463.561	14.8258
MGG_11078T0	2666	2667	189	5.44404
MGG_00299T0	2629	2630	3579	104.541
MGG_13156T0	2204	2205	2404	83.7546
MGG_01613T0	3577	3578	712.863	15.3055
MGG_01558T0	4895	4896	4127	64.7554
MGG_12107T0	1838	1839	60	2.50641
MGG_02559T0	1505	1506	6	0.306062
MGG_05059T0	519	520	65741	9712.16
MGG_16010T0	176	177	0	0
MGG_02897T0	3023	3024	5591	142.033
MGG_07222T0	3030	3031	626	15.8661
MGG_17174T0	342	343	15	3.35954
MGG_15410T0	390	391	0	0
MGG_03361T0	1308	1309	767	45.013
MGG_03217T0	2197	2198	509	17.7899
MGG_09448T0	1116	1117	0	0
MGG_00651T0	1674	1675	2	0.0917271
MGG_03664T0	2986	2987	5255	135.151
MGG_18057T0	2080	2081	1095	40.4226
MGG_01308T0	3544	3545	3154	68.3484
MGG_10033T0	885	886	0	0
MGG_05501T0	2271	2272	13	0.43956
MGG_08325T0	3494	3495	220.469	4.84599
MGG_05520T0	1708	1709	37	1.66319
MGG_15679T0	195	196	0	0
MGG_07429T0	1336	1337	12	0.689497
MGG_14954T0	1602	1603	5	0.239618
MGG_00112T0	1150	1151	22	1.46835
MGG_05689T0	1708	1709	344	15.4632
MGG_01027T0	2852	2853	1597	43.0017
MGG_14907T0	2118	2119	196	7.10572
MGG_10474T0	1497	1498	14	0.717958
MGG_17708T0	1994	1995	135	5.19845
MGG_07870T0	1742	1743	43	1.89519
MGG_04506T0	1277	1278	1938.37	116.517
MGG_04252T0	2112	2113	48	1.74512
MGG_05151T0	2514	2515	734	22.4203
MGG_07629T0	2570	2571	197	5.88636
MGG_03059T0	4920	4921	2655	41.4471
MGG_03286T0	4295	4296	5172.63	92.4975
MGG_14839T0	1152	1153	0	0
MGG_05216T0	3503	3504	764	16.7499
MGG_14649T0	763	764	447	44.9466
MGG_04051T0	2850	2851	440	11.856
MGG_00521T0	3485	3486	495.073	10.91
MGG_05911T0	441	442	2	0.347609
MGG_01493T0	3281	3282	3397.87	79.5337
MGG_00477T0	2606	2607	1015.08	29.9119
MGG_15576T0	1623	1624	1598	75.5916
MGG_13106T0	1236	1237	423	26.2696
MGG_09925T0	4335	4336	2331	41.2986
MGG_08570T0	1567	1568	134	6.5651
MGG_03981T0	952	953	396.165	31.9349
MGG_17127T0	225	226	7	2.37943
MGG_05925T0	1660	1661	321	14.8463
MGG_10527T0	1705	1706	21	0.945634
MGG_03877T0	1908	1909	1002	40.3222
MGG_00714T0	741	742	18	1.86359
MGG_05240T0	2166	2167	112	3.97047
MGG_15829T0	351	352	2	0.436486
MGG_00519T0	2651	2652	6204	179.714
MGG_11927T0	894	895	2	0.171668
MGG_01823T0	2436	2437	1758	55.4174
MGG_17173T0	297	298	12	3.09348
MGG_11693T0	1719	1720	5008	223.676
MGG_15026T0	3779	3780	211	4.28818
MGG_06958T0	2365	2366	13931	452.325
MGG_00527T0	624	625	20243	2488.16
MGG_07219T0	6669	6670	161278	1857.51
MGG_05301T0	987	988	125.184	9.73362
MGG_17448T0	820	821	124.834	11.6808
MGG_01752T0	2148	2149	3675	131.372
MGG_06219T0	1372	1373	8	0.447612
MGG_04011T0	5112	5113	1510	22.6874
MGG_00364T0	1214	1215	1570.31	99.2871
MGG_08813T0	1856	1857	9480.75	392.205
MGG_03960T0	4628	4629	1812.63	30.0818
MGG_02530T0	1760	1761	1	0.0436238
MGG_07933T0	2803	2804	79	2.16437
MGG_09544T0	1118	1119	117	8.03227
MGG_15173T0	2238	2239	85	2.9164
MGG_02285T0	396	397	0	0
MGG_04627T0	3539	3540	221	4.79592
MGG_00959T0	984	985	257	20.0438
MGG_08516T0	1191	1192	0	0
MGG_16617T0	1071	1072	1	0.0716618
MGG_08391T0	1080	1081	1	0.0710652
MGG_01035T0	2159	2160	826	29.3771
MGG_02370T0	1620	1621	16389	776.698
MGG_00704T0	4175	4176	1551	28.5321
MGG_17446T0	177	178	0	0
MGG_00444T0	1348	1349	426.434	24.2841
MGG_07751T0	3524	3525	161	3.50873
MGG_09699T0	3728	3729	1902	39.1833
MGG_03159T0	2736	2737	223	6.25911
MGG_00978T0	1711	1712	5097	228.714
MGG_08630T0	4303	4304	173	3.08785
MGG_17240T0	264	265	19	5.50796
MGG_10877T0	1002	1003	31698	2427.8
MGG_07597T0	2137	2138	3	0.107794
MGG_16094T0	1275	1276	30.41	1.83083
MGG_07365T0	1331	1332	147	8.47805
MGG_03229T0	3106	3107	241	5.9588
MGG_10638T0	2805	2806	1231	33.7018
MGG_14828T0	456	457	6	1.0086
MGG_06057T0	3205	3206	8114	194.426
MGG_05829T0	2190	2191	0	0
MGG_03037T0	942	943	0	0
MGG_17674T0	267	268	0	0
MGG_16056T0	624	625	324.601	39.8981
MGG_17959T0	2824	2825	3541	96.292
MGG_05138T0	942	943	2238	182.319
MGG_14747T0	1951	1952	1768	69.5801
MGG_06561T0	1942	1943	1139	45.0333
MGG_08662T0	438	439	295	51.6226
MGG_14288T0	675	676	0	0
MGG_05115T0	1900	1901	456	18.4275
MGG_03079T0	631	632	11	1.33708
MGG_04562T0	1956	1957	201	7.8902
MGG_15853T0	1757	1758	270	11.7985
MGG_08416T0	1704	1705	1	0.0450566
MGG_01465T0	947	948	31	2.51209
MGG_00883T0	5873	5874	4954	64.7895
MGG_06006T0	2075	2076	1654	61.2056
MGG_10350T0	936	937	24	1.96768
MGG_16826T0	1836	1837	62	2.59278
MGG_16596T0	3052	3053	135	3.39695
MGG_02519T0	3593	3594	8858	189.339
MGG_01829T0	1863	1864	30	1.2364
MGG_06597T0	2406	2407	45	1.43621
MGG_04123T0	3353	3354	1075	24.6223
MGG_10666T0	1401	1402	1092	59.8353
MGG_15529T0	171	172	5	2.23318
MGG_17433T0	168	169	0	0
MGG_07626T0	2124	2125	1	0.0361513
MGG_16438T0	180	181	0	0
MGG_17455T0	1363	1364	785	44.2118
MGG_17156T0	336	337	3	0.683871
MGG_00022T0	12204	12205	37	0.232888
MGG_17760T0	348	349	0	0
MGG_05589T0	6759	6760	8	0.090913
MGG_09012T0	1521	1522	518	26.1456
MGG_10235T0	1571	1572	12	0.586424
MGG_04017T0	3176	3177	855	20.6743
MGG_00472T0	1789	1790	2259.7	96.9796
MGG_03620T0	2871	2872	5908	158.03
MGG_05914T0	1071	1072	1072	76.8215
MGG_04829T0	1291	1292	2945.94	175.164
MGG_06378T0	1018	1019	2190.05	165.106
MGG_10232T0	2051	2052	2073	77.6077
MGG_16144T0	1498	1499	55.3292	2.83554
MGG_13187T0	1710	1711	1836	82.4338
MGG_04345T0	1593	1594	0	0
MGG_01873T0	1761	1762	97	4.22911
MGG_06846T0	1291	1292	831	49.4107
MGG_07070T0	3639	3640	1730	36.5113
MGG_10088T0	627	628	11	1.3456
MGG_00597T0	3386	3387	2663	60.4002
MGG_17746T0	2957	2958	31.4202	0.816006
MGG_17571T0	201	202	0	0
MGG_17779T0	4388	4389	7.04394	0.123291
MGG_07255T0	3332	3333	7495	172.75
MGG_08299T0	3670	3671	136	2.84602
MGG_01402T0	1200	1201	22	1.40722
MGG_02205T0	1224	1225	1	0.0627114
MGG_03501T0	1262	1263	71	4.31855
MGG_03147T0	3701	3702	2729	56.6304
MGG_07709T0	2339	2340	1611	52.8886
MGG_15557T0	844	845	0	0
MGG_06364T0	3124	3125	305	7.49778
MGG_05751T0	1630	1631	281	13.2353
MGG_14641T0	339	340	7.77032	1.75567
MGG_01106T0	4509	4510	842	14.3423
MGG_16261T0	216	217	8	2.83213
MGG_15449T0	474	475	47.1014	7.61768
MGG_00005T0	898	899	65.3642	5.58552
MGG_00234T0	1224	1225	0	0
MGG_06094T0	3412	3413	292	6.57248
MGG_14757T0	8215	8216	2380	22.2535
MGG_03399T0	1363	1364	520	29.2868
MGG_17641T0	366	367	0	0
MGG_04559T0	2972	2973	1657	42.8164
MGG_00396T0	842	843	334.887	30.5178
MGG_02987T0	1871	1872	826.194	33.9046
MGG_06353T0	2518	2519	1074.12	32.7573
MGG_10087T0	1347	1348	339	19.3193
MGG_14908T0	1569	1570	142	6.94819
MGG_07961T0	829	830	44	4.07246
MGG_11524T0	270	271	7	1.98432
MGG_12322T0	3361	3362	3663	83.6993
MGG_04737T0	842	843	6	0.546772
MGG_00469T0	3524	3525	630	13.7298
MGG_10544T0	1473	1474	1	0.0521177
MGG_04889T0	579	580	3	0.397353
MGG_10274T0	1370	1371	59	3.30596
MGG_16025T0	543	544	37	5.22499
MGG_04522T0	1153	1154	410	27.2936
MGG_08535T0	1288	1289	347	20.6804
MGG_08411T0	594	595	0	0
MGG_12509T0	393	394	29	5.65437
MGG_05758T0	913	914	1686.58	141.757
MGG_09726T0	1646	1647	258	12.034
MGG_10591T0	2241	2242	874	29.9474
MGG_17913T0	201	202	22	8.3667
MGG_00443T0	634	635	178	21.5342
MGG_08422T0	468	469	0	0
MGG_06311T0	1070	1071	215.324	15.4449
MGG_05112T0	2441	2442	603	18.9694
MGG_18139T0	405	406	0	0
MGG_07090T0	2704	2705	153.562	4.36112
MGG_16436T0	329	330	2	0.465585
MGG_16095T0	1485	1486	21	1.08563
MGG_11261T0	1854	1855	1306	54.0856
MGG_09605T0	549	550	7	0.977728
MGG_00610T0	483	484	2	0.317444
MGG_01956T0	1068	1069	9	0.646766
MGG_07610T0	1605	1606	1853	88.6365
MGG_06520T0	695	696	31	3.42165
MGG_09782T0	1515	1516	4318	218.809
MGG_17434T0	234	235	1	0.3269
MGG_09876T0	1402	1403	0	0
MGG_04642T0	1692	1693	309.183	14.0295
MGG_05803T0	2902	2903	1	0.0264628
MGG_01563T0	4224	4225	6147.93	111.785
MGG_08040T0	581	582	1	0.131996
MGG_16877T0	407	408	10	1.88288
MGG_00698T0	1093	1094	93.4012	6.5587
MGG_05237T0	747	748	2623	269.389
MGG_00074T0	946	947	64	5.19174
MGG_17716T0	714	715	45	4.83492
MGG_14664T0	2552	2553	78.049	2.34855
MGG_01217T0	2764	2765	679	18.865
MGG_07317T0	3105	3106	424	10.4869
MGG_08014T0	3438	3439	89	1.98811
MGG_00244T0	1245	1246	65	4.00754
MGG_06741T0	1083	1084	342	24.237
MGG_12092T0	589	590	124.147	16.1647
MGG_10834T0	1604	1605	114	5.45648
MGG_08760T0	2404	2405	8402	268.38
MGG_17019T0	1067	1068	370.909	26.6796
MGG_11246T0	2316	2317	4567	151.422
MGG_03840T0	1392	1393	1749	96.4543
MGG_15687T0	753	754	14	1.42639
MGG_01165T0	2925	2926	795	20.8725
MGG_09714T0	3714	3715	31.8474	0.658565
MGG_16221T0	2113	2114	509	18.4968
MGG_12605T0	2902	2903	383	10.1352
MGG_05616T0	1986	1987	1124	43.4561
MGG_16027T0	1242	1243	4.8424	0.299276
MGG_01119T0	2577	2578	17.1747	0.511786
MGG_16833T0	267	268	0	0
MGG_17963T0	622	623	4	0.493236
MGG_10745T0	2587	2588	2450	72.7251
MGG_09189T0	1707	1708	179	8.05096
MGG_03977T0	2639	2640	70	2.03693
MGG_03739T0	2823	2824	10	0.272031
MGG_00907T0	1510	1511	5546	281.967
MGG_16816T0	171	172	0	0
MGG_07975T0	1133	1134	1395	94.5026
MGG_12954T0	255	256	0	0
MGG_17401T0	840	841	2	0.182691
MGG_16127T0	405	406	39	7.3794
MGG_03171T0	2205	2206	1102	38.3759
MGG_00124T0	3826	3827	4130.24	82.9086
MGG_15657T0	443	444	5	0.865107
MGG_00399T0	5611	5612	178	2.4366
MGG_07819T0	3117	3118	1.5	0.0369571
MGG_14957T0	2295	2296	0	0
MGG_05862T0	1158	1159	34	2.25361
MGG_07372T0	429	430	11192	1999.5
MGG_03952T0	4203	4204	7253	132.537
MGG_15725T0	1802	1803	1844.67	78.5971
MGG_09489T0	2644	2645	561	16.2937
MGG_03103T0	2628	2629	1050.95	30.7097
MGG_00212T0	1229	1230	891.648	55.6892
MGG_07767T0	1248	1249	1	0.0615064
MGG_00897T0	447	448	1	0.171477
MGG_14611T0	870	871	0	0
MGG_07577T0	1821	1822	3	0.12649
MGG_05852T0	960	961	0	0
MGG_07546T0	2210	2211	4	0.138981
MGG_17481T0	480	481	12	1.91654
MGG_11871T0	1484	1485	690	35.6948
MGG_00733T0	2105	2106	1014	36.9881
MGG_17234T0	390	391	10	1.96474
MGG_11338T0	781	782	1038	101.97
MGG_16421T0	291	292	32	8.41879
MGG_10831T0	2217	2218	1756.63	60.8416
MGG_07076T0	1549	1550	50	2.47811
MGG_08711T0	2201	2202	36	1.25594
MGG_17474T0	600	601	7.13702	0.912273
MGG_01061T0	1421	1422	1792	96.8102
MGG_00877T0	4781	4782	1256.91	20.1919
MGG_03064T0	5095	5096	2741	41.3202
MGG_09028T0	1875	1876	640.909	26.245
MGG_09260T0	1074	1075	13	0.929004
MGG_09717T0	3326	3327	12705	293.362
MGG_05218T0	4744	4745	3342.26	54.1111
MGG_07307T0	1347	1348	46657	2658.95
MGG_02290T0	969	970	2	0.158395
MGG_05952T0	1536	1537	0	0
MGG_07234T0	1017	1018	6787	512.168
MGG_10482T0	2054	2055	55	2.05605
MGG_04949T0	1836	1837	40	1.67276
MGG_06485T0	1738	1739	1193	52.7016
MGG_14815T0	1093	1094	0	0
MGG_01478T0	1449	1450	954	50.5432
MGG_06526T0	978	979	5	0.392347
MGG_16740T0	249	250	0	0
MGG_10704T0	1049	1050	15	1.09745
MGG_04349T0	1563	1564	26	1.27708
MGG_02041T0	1094	1095	0	0
MGG_07648T0	297	298	0	0
MGG_06309T0	2134	2135	2565	92.2937
MGG_09021T0	987	988	14	1.08856
MGG_15784T0	504	505	2	0.304244
MGG_02814T0	1480	1481	3100	160.801
MGG_10480T0	3015	3016	30	0.764139
MGG_17229T0	498	499	0	0
MGG_00410T0	381	382	7	1.40772
MGG_07174T0	4481	4482	767.454	13.1542
MGG_07120T0	3474	3475	3873	85.62
MGG_09460T0	774	775	56413	5591.91
MGG_15583T0	1902	1903	285.767	11.536
MGG_09418T0	1718	1719	0	0
MGG_00447T0	5470	5471	4580	64.3104
MGG_05030T0	3128	3129	632	15.5165
MGG_11962T0	1854	1855	213	8.82101
MGG_11818T0	1147	1148	202.204	13.531
MGG_02539T0	1708	1709	35	1.57329
MGG_13669T0	2703	2704	1714	48.6953
MGG_08543T0	1105	1106	15	1.04188
MGG_05082T0	4884	4885	8784.47	138.145
MGG_03078T0	960	961	14	1.11915
MGG_02752T0	789	790	362	35.2017
MGG_04342T0	6785	6786	3241.84	36.6995
MGG_06466T0	1545	1546	640.188	31.8113
MGG_07333T0	2273	2274	2524	85.2671
MGG_07866T0	1023	1024	0	0
MGG_10550T0	1446	1447	0	0
MGG_16914T0	1629	1630	12	0.565557
MGG_00647T0	1875	1876	5648	231.283
MGG_16198T0	3459	3460	15536	344.942
MGG_06149T0	1389	1390	147.715	8.16381
MGG_17491T0	1657	1658	107	4.95772
MGG_07849T0	1044	1045	31	2.27891
MGG_05056T0	1107	1108	2005	139.014
MGG_06789T0	3745	3746	389	7.97746
MGG_06712T0	3073	3074	1891	47.2575
MGG_03304T0	1769	1770	210	9.11441
MGG_11382T0	2619	2620	3281	96.2028
MGG_08350T0	555	556	19	2.62519
MGG_18106T0	426	427	0	0
MGG_08874T0	2100	2101	353	12.9072
MGG_11657T0	2440	2441	610	19.1975
MGG_07115T0	1512	1513	984.885	50.0068
MGG_12957T0	1843	1844	124	5.16587
MGG_11346T0	6009	6010	4740	60.588
MGG_08354T0	777	778	70172	6928.94
MGG_13017T0	1548	1549	105.137	5.21419
MGG_10942T0	2660	2661	92	2.65599
MGG_01247T0	1281	1282	22	1.31831
MGG_01112T0	984	985	1403	109.422
MGG_17080T0	195	196	3	1.17584
MGG_14671T0	345	346	1	0.222027
MGG_15979T0	393	394	0	0
MGG_15547T0	447	448	0	0
MGG_04034T0	1749	1750	1484	65.1446
MGG_17705T0	381	382	6	1.20662
MGG_09852T0	2142	2143	88	3.15459
MGG_06845T0	550	551	89	12.4086
MGG_02831T0	2671	2672	531	15.2665
MGG_03082T0	2860	2861	7	0.187959
MGG_06390T0	3295	3296	1580.1	36.8282
MGG_00571T0	2599	2600	115	3.39787
MGG_05350T0	3327	3328	2067	47.7133
MGG_02469T0	1161	1162	106	7.00781
MGG_11084T0	2672	2673	74	2.12675
MGG_00705T0	609	610	317	39.922
MGG_02564T0	909	910	0	0
MGG_15903T0	651	652	137	16.1419
MGG_03551T0	2918	2919	571	15.0274
MGG_00473T0	1071	1072	1800	128.991
MGG_09742T0	1430	1431	80	4.2947
MGG_12371T0	3042	3043	2645.27	66.7807
MGG_01534T0	3356	3357	24578	562.442
MGG_10577T0	3314	3315	17	0.393956
MGG_00086T0	1275	1276	2421	145.756
MGG_05234T0	1574	1575	19	0.926735
MGG_08883T0	2875	2876	33.7525	0.901572
MGG_14578T0	855	856	0	0
MGG_03580T0	2248	2249	1996.38	68.1925
MGG_02275T0	1590	1591	20	0.965701
MGG_15176T0	1492	1493	514	26.4476
MGG_01391T0	2048	2049	1600	59.9875
MGG_04244T0	1854	1855	1674	69.3257
MGG_17335T0	477	478	568	91.2858
MGG_01236T0	2730	2731	7861	221.125
MGG_17130T0	213	214	0	0
MGG_11170T0	1442	1443	133	7.08057
MGG_10282T0	378	379	6	1.21617
MGG_04714T0	4576	4577	4350	73.0115
MGG_00750T0	2835	2836	1432	38.79
MGG_12468T0	2260	2261	13411	455.663
MGG_00204T0	2796	2797	167	4.58677
MGG_16023T0	171	172	0	0
MGG_04032T0	870	871	112	9.87831
MGG_08175T0	1658	1659	1199	55.5208
MGG_02515T0	1601	1602	1841	88.2824
MGG_06939T0	2544	2545	1297.95	39.1789
MGG_16525T0	243	244	2	0.629684
MGG_07536T0	2402	2403	4600	147.057
MGG_05269T0	1746	1747	1161	51.0531
MGG_02821T0	1964	1965	3731	145.863
MGG_07144T0	207	208	12	4.43201
MGG_16942T0	216	217	2	0.708032
MGG_07158T0	2115	2116	35	1.27068
MGG_07497T0	1506	1507	29	1.47832
MGG_10034T0	372	373	0	0
MGG_17468T0	858	859	4	0.357725
MGG_05155T0	2015	2016	1777.36	67.7279
MGG_04461T0	309	310	0	0
MGG_18025T0	313	314	2	0.489309
MGG_12761T0	7704	7705	1528.36	15.2382
MGG_07507T0	1527	1528	159	7.99386
MGG_17615T0	1152	1153	0	0
MGG_06093T0	995	996	557	42.9614
MGG_05053T0	2077	2078	228	8.42892
MGG_01762T0	1207	1208	2157	137.172
MGG_09879T0	1010	1011	67	5.09104
MGG_05099T0	3847	3848	1293.59	25.8253
MGG_06297T0	3407	3408	1513	34.1053
MGG_06493T0	1164	1165	772	50.9066
MGG_17898T0	222	223	0	0
MGG_17027T0	273	274	0	0
MGG_16271T0	690	691	14	1.55644
MGG_14755T0	2319	2320	428	14.1722
MGG_06448T0	2412	2413	395.102	12.5787
MGG_03734T0	1018	1019	980	73.8813
MGG_02344T0	381	382	0	0
MGG_07320T0	1174	1175	29	1.89602
MGG_14683T0	3537	3538	219	4.7552
MGG_04088T0	832	833	99	9.13004
MGG_02864T0	357	358	0	0
MGG_07207T0	1743	1744	32	1.40957
MGG_10754T0	909	910	0	0
MGG_06661T0	2632	2633	134.814	3.93338
MGG_07997T0	1850	1851	76	3.1542
MGG_16609T0	592	593	7	0.90683
MGG_09390T0	1890	1891	0	0
MGG_10280T0	333	334	0	0
MGG_06000T0	900	901	103	8.78203
MGG_06834T0	1362	1363	23	1.29633
MGG_10921T0	929	930	32	2.64332
MGG_07265T0	1675	1676	779	35.7064
MGG_01490T0	1720	1721	1522	67.9386
MGG_16709T0	1809	1810	13	0.551757
MGG_14350T0	3796	3797	148	2.99436
MGG_16946T0	219	220	0	0
MGG_09874T0	717	718	5	0.534969
MGG_17258T0	1374	1375	15	0.838053
MGG_16433T0	434	435	14	2.47242
MGG_15666T0	321	322	1	0.238576
MGG_07000T0	3464	3465	7760	172.045
MGG_03169T0	3020	3021	1716	43.6364
MGG_01173T0	391	392	12	2.35168
MGG_00392T0	2096	2097	293	10.7338
MGG_15388T0	1587	1588	0	0
MGG_14244T0	906	907	8254	699.101
MGG_10892T0	372	373	0	0
MGG_02104T0	1474	1475	2152	112.081
MGG_15647T0	403	404	15	2.85228
MGG_15090T0	2901	2902	702	18.5833
MGG_05812T0	1912	1913	181.422	7.28548
MGG_17376T0	252	253	7	2.1255
MGG_02731T0	2202	2203	5554	193.675
MGG_01223T0	1191	1192	180	11.6006
MGG_11560T0	2927	2928	116	3.04347
MGG_09378T0	219	220	18	6.28539
MGG_01934T0	651	652	0	0
MGG_15397T0	1077	1078	4	0.285052
MGG_01214T0	988	989	112	8.6997
MGG_17983T0	2037	2038	168	6.33268
MGG_05785T0	2408	2409	308	9.82192
MGG_05416T0	444	445	0	0
MGG_18040T0	2368	2369	83	2.69151
MGG_01771T0	1862	1863	2001	82.5118
MGG_10848T0	1812	1813	729	30.8896
MGG_07908T0	1271	1272	45	2.71774
MGG_17524T0	259	260	2	0.590934
MGG_08439T0	1155	1156	17	1.12973
MGG_04887T0	1911	1912	137	5.50447
MGG_16497T0	408	409	203.281	38.1817
MGG_15274T0	2457	2458	28	0.875102
MGG_15257T0	936	937	23	1.88569
MGG_04954T0	2515	2516	1566	47.815
MGG_18088T0	276	277	16	4.43734
MGG_16970T0	1353	1354	54	3.06378
MGG_06268T0	4232	4233	1225.23	22.2358
MGG_13224T0	2065	2066	316	11.75
MGG_03254T0	4521	4522	2493	42.352
MGG_06714T0	1355	1356	1580	89.5118
MGG_10561T0	1134	1135	0	0
MGG_16461T0	2446	2447	16	0.502306
MGG_04963T0	168	169	1401	636.846
MGG_10061T0	4193	4194	5	0.091585
MGG_08316T0	486	487	0	0
MGG_04827T0	2102	2103	2827	103.269
MGG_06601T0	309	310	2159	535.024
MGG_16898T0	222	223	2	0.688982
MGG_00385T0	3744	3745	1012	20.7592
MGG_07704T0	1800	1801	2025	86.3762
MGG_02459T0	1923	1924	1102	44.0007
MGG_09851T0	1023	1024	20	1.50042
MGG_01206T0	2843	2844	2596	70.1226
MGG_00504T0	3452	3453	908.239	20.2063
MGG_04113T0	1423	1424	310	16.7238
MGG_08749T0	1821	1822	1	0.0421633
MGG_16768T0	180	181	0	0
MGG_08651T0	4801	4802	932	14.91
MGG_04861T0	1003	1004	4568.69	349.575
MGG_00154T0	741	742	216	22.3631
MGG_07890T0	2033	2034	0	0
MGG_02116T0	3349	3350	29	0.665022
MGG_01488T0	786	787	769	75.0644
MGG_17477T0	1247	1248	13	0.800224
MGG_06957T0	852	853	269	24.2262
MGG_00187T0	1146	1147	184	12.3236
MGG_09095T0	1050	1051	749	54.7472
MGG_08430T0	966	967	182	14.4586
MGG_08461T0	1296	1297	319	18.8944
MGG_10555T0	885	886	0	0
MGG_06193T0	2501	2502	1953	59.965
MGG_11039T0	3539	3540	762	16.5362
MGG_03876T0	3193	3194	341.342	8.20989
MGG_05581T0	693	694	252	27.8948
MGG_06334T0	3581	3582	13546	290.515
MGG_16805T0	1854	1855	47	1.94642
MGG_01827T0	2808	2809	3	0.082045
MGG_04947T0	1848	1849	622	25.8426
MGG_00374T0	1353	1354	8300	470.915
MGG_06443T0	771	772	79	7.86127
MGG_09868T0	2047	2048	1061.51	39.8178
MGG_01657T0	3717	3718	3851	79.5695
MGG_16142T0	165	166	0	0
MGG_15498T0	441	442	0	0
MGG_10214T0	891	892	0	0
MGG_13641T0	3025	3026	5942	150.85
MGG_16024T0	249	250	0	0
MGG_12547T0	580	581	8	1.05778
MGG_04338T0	2799	2800	1133	31.0853
MGG_07567T0	5032	5033	407	6.21227
MGG_13622T0	2486	2487	37	1.1429
MGG_00500T0	4494	4495	578.127	9.88045
MGG_07627T0	1550	1551	70.9912	3.51621
MGG_04151T0	958	959	1320	105.74
MGG_06882T0	2972	2973	1028.75	26.5826
MGG_04735T0	444	445	0	0
MGG_06537T0	10466	10467	282	2.06971
MGG_04699T0	3809	3810	2704	54.5211
MGG_16359T0	537	538	43.6129	6.22753
MGG_13430T0	623	624	1	0.123111
MGG_06368T0	4440	4441	1659	28.6978
MGG_03215T0	1749	1750	1168	51.2729
MGG_07143T0	1380	1381	182	10.1242
MGG_07329T0	1920	1921	1381	55.2267
MGG_05328T0	2389	2390	2610	83.8929
MGG_00288T0	3198	3199	693	16.6419
MGG_06540T0	1230	1231	43	2.68345
MGG_04410T0	3389	3390	562	12.7356
MGG_01890T0	1545	1546	71	3.52802
MGG_07623T0	366	367	929	194.461
MGG_16900T0	2132	2133	53	1.90883
MGG_05011T0	1755	1756	126	5.51225
MGG_03081T0	1548	1549	0	0
MGG_15389T0	468	469	0	0
MGG_17738T0	315	316	10	2.43106
MGG_16019T0	807	808	0	0
MGG_01682T0	2656	2657	483	13.9649
MGG_10311T0	1483	1484	23	1.19063
MGG_17974T0	249	250	7	2.151
MGG_01559T0	2255	2256	1145	38.9896
MGG_15560T0	354	355	2	0.432797
MGG_00109T0	2661	2662	861	24.8472
MGG_15361T0	393	394	0	0
MGG_11439T0	231	232	693	229.471
MGG_10859T0	8917	8918	2806.7	24.1775
MGG_07585T0	1248	1249	0	0
MGG_05908T0	1681	1682	2	0.0913454
MGG_09061T0	2473	2474	8	0.248412
MGG_01375T0	915	916	0	0
MGG_10562T0	3200	3201	1279	30.695
MGG_01847T0	1521	1522	355.894	17.9634
MGG_08580T0	2513	2514	2100	64.1707
MGG_03882T0	2234	2235	182	6.25571
MGG_00021T0	1305	1306	8	0.470576
MGG_14063T0	390	391	0	0
MGG_01599T0	792	793	1123	108.79
MGG_14726T0	1380	1381	0	0
MGG_07099T0	2919	2920	1380	36.306
MGG_06237T0	1830	1831	88	3.69213
MGG_05048T0	3216	3217	385	9.19374
MGG_03123T0	3483	3484	630	13.8914
MGG_08922T0	2660	2661	1330	38.3963
MGG_01176T0	1556	1557	342	16.8741
MGG_07480T0	1268	1269	907	54.9071
MGG_09614T0	1164	1165	0	0
MGG_08209T0	1435	1436	997	53.3364
MGG_12408T0	1203	1204	27	1.72274
MGG_09780T0	2432	2433	224.726	7.09569
MGG_10272T0	935	936	0	0
MGG_01601T0	3717	3718	716	14.794
MGG_05271T0	1652	1653	1206	56.0476
MGG_10575T0	1594	1595	166	7.99521
MGG_16226T0	396	397	3	0.580515
MGG_07538T0	720	721	20	2.13097
MGG_07527T0	788	789	573	55.7905
MGG_11652T0	1179	1180	93	6.05457
MGG_06383T0	723	724	307	32.5749
MGG_16579T0	3852	3853	60.422	1.2047
MGG_17638T0	216	217	0	0
MGG_12467T0	947	948	5042.54	408.624
MGG_03117T0	1116	1117	55.6964	3.83051
MGG_09465T0	812	813	261.253	24.6862
MGG_03892T0	4906	4907	466.431	7.3022
MGG_17623T0	2617	2618	44	1.29112
MGG_04183T0	2348	2349	3269.53	106.926
MGG_00556T0	312	313	477	117.073
MGG_08034T0	474	475	24	3.88151
MGG_17922T0	306	307	9	2.2521
MGG_16422T0	180	181	39	16.5527
MGG_15247T0	1320	1321	15	0.872311
MGG_03781T0	746	747	5	0.5142
MGG_11462T0	859	860	71	6.34224
MGG_08822T0	1484	1485	2222	114.948
MGG_03582T0	2614	2615	1285.4	37.7615
MGG_01166T0	3033	3034	141	3.57015
MGG_17178T0	505	506	4	0.607284
MGG_03674T0	794	795	200	19.3262
MGG_15617T0	731	732	6	0.629684
MGG_01607T0	2388	2389	41916	1347.86
MGG_15517T0	1769	1770	3	0.130206
MGG_10217T0	453	454	0	0
MGG_04000T0	2394	2395	1657	53.1496
MGG_13928T0	2043	2044	26	0.977181
MGG_02235T0	996	997	3	0.231158
MGG_00983T0	2021	2022	1013.58	38.5088
MGG_05083T0	1260	1261	2093.44	127.535
MGG_17367T0	168	169	0	0
MGG_08911T0	5408	5409	2343	33.2765
MGG_02118T0	1278	1279	26	1.56166
MGG_09842T0	513	514	13	1.94296
MGG_16680T0	291	292	12	3.15705
MGG_01583T0	2725	2726	644	18.1486
MGG_11796T0	3328	3329	1265	29.1917
MGG_08799T0	351	352	0	0
MGG_16585T0	458	459	3	0.502101
MGG_00435T0	1797	1798	57	2.43539
MGG_10653T0	1998	1999	507.166	19.4904
MGG_15416T0	633	634	7	0.848187
MGG_05386T0	1035	1036	0	0
MGG_02761T0	1600	1601	219	10.5084
MGG_13799T0	222	223	13	4.47838
MGG_01851T0	1091	1092	7	0.492445
MGG_05463T0	1426	1427	421	22.6642
MGG_07834T0	363	364	0	0
MGG_08789T0	615	616	2	0.24942
MGG_17037T0	228	229	0	0
MGG_06025T0	1423	1424	3742	201.872
MGG_03144T0	4698	4699	1047	17.1169
MGG_07789T0	2262	2263	1016	34.4899
MGG_10434T0	528	529	0	0
MGG_02328T0	2367	2368	690	22.3846
MGG_10614T0	774	775	0	0
MGG_05002T0	9601	9602	764	6.11244
MGG_01325T0	1781	1782	1937	83.5035
MGG_15513T0	519	520	0	0
MGG_00706T0	2364	2365	607	19.717
MGG_16760T0	426	427	32	5.75711
MGG_01520T0	1971	1972	2303	89.716
MGG_16880T0	1173	1174	443	28.988
MGG_17523T0	276	277	7	1.94134
MGG_08188T0	324	325	7	1.65462
MGG_00577T0	1960	1961	811	31.7706
MGG_07727T0	1231	1232	1993	124.274
MGG_06247T0	2385	2386	1576	50.7421
MGG_11707T0	1302	1303	942	55.5379
MGG_06058T0	3153	3154	496.927	12.1036
MGG_14301T0	393	394	27	5.26442
MGG_16305T0	707	708	17	1.84458
MGG_12580T0	3113	3114	1342	33.1068
MGG_11750T0	1660	1661	16002	740.095
MGG_05685T0	1353	1354	2476	140.48
MGG_04816T0	2151	2152	56.4935	2.01669
MGG_14679T0	1714	1715	243	10.8849
MGG_07530T0	1843	1844	91	3.79108
MGG_02967T0	1781	1782	132.581	5.71553
MGG_13110T0	2175	2176	24	0.847296
MGG_04282T0	699	700	132	14.4863
MGG_08277T0	546	547	71	9.97134
MGG_01348T0	5459	5460	930.412	13.0908
MGG_16330T0	162	163	0	0
MGG_15795T0	2145	2146	339.929	12.1686
MGG_06296T0	986	987	715	55.6508
MGG_03298T0	1808	1809	206	8.74805
MGG_07621T0	444	445	0	0
MGG_08052T0	2432	2433	42	1.32614
MGG_00369T0	1807	1808	53	2.25196
MGG_09828T0	2580	2581	267	7.94705
MGG_18015T0	564	565	1	0.135967
MGG_05310T0	1761	1762	1208.39	52.6847
MGG_01995T0	1715	1716	7342	328.685
MGG_16658T0	348	349	0	0
MGG_07078T0	1745	1746	463.307	20.3848
MGG_06065T0	2632	2633	766	22.3491
MGG_15312T0	357	358	47	10.0855
MGG_08378T0	1605	1606	1	0.0478341
MGG_17740T0	375	376	29.3361	5.99373
MGG_11519T0	1468	1469	1618	84.6135
MGG_01336T0	1677	1678	591	27.0569
MGG_05593T0	768	769	58	5.79408
MGG_07349T0	735	736	6	0.626262
MGG_11130T0	3117	3118	1386.23	34.1541
MGG_02154T0	327	328	1	0.234212
MGG_09598T0	1725	1726	0	0
MGG_05987T0	612	613	219	27.4452
MGG_10764T0	909	910	114	9.62379
MGG_01107T0	1458	1459	292	15.3748
MGG_15844T0	153	154	1	0.498841
MGG_15636T0	3796	3797	1132	22.9028
MGG_00017T0	3414	3415	0	0
MGG_10713T0	1042	1043	64	4.71388
MGG_06020T0	2258	2259	741.841	25.2277
MGG_04880T0	1332	1333	21	1.21024
MGG_01570T0	4942	4943	9183	142.717
MGG_16799T0	222	223	0	0
MGG_08044T0	1679	1680	18	0.823087
MGG_16428T0	1004	1005	65	4.96855
MGG_00774T0	1003	1004	118	9.02882
MGG_09436T0	600	601	2	0.255646
MGG_09534T0	992	993	235.636	18.2295
MGG_01776T0	3484	3485	282	6.21626
MGG_01688T0	2090	2091	2536	93.1704
MGG_01260T0	2691	2692	8049	229.694
MGG_05244T0	7669	7670	5319	53.2742
MGG_10571T0	1777	1778	1247	53.8787
MGG_01051T0	1433	1434	399	21.375
MGG_07121T0	2073	2074	879	32.5584
MGG_07535T0	3309	3310	9601	222.829
MGG_12230T0	713	714	0	0
MGG_16711T0	3630	3631	3426	72.4843
MGG_16168T0	1275	1276	0	0
MGG_16645T0	210	211	3	1.09225
MGG_08058T0	1014	1015	77	5.82784
MGG_01612T0	2219	2220	7886.14	272.894
MGG_10443T0	2313	2314	98	3.25346
MGG_01777T0	4248	4249	844	15.2594
MGG_07085T0	705	706	376	40.9134
MGG_09027T0	2803	2804	671.091	18.3859
MGG_17280T0	1731	1732	505	22.3989
MGG_17203T0	491	492	0	0
MGG_01713T0	1140	1141	142	9.56061
MGG_06190T0	2426	2427	348	11.0152
MGG_02580T0	1575	1576	1036	50.4994
MGG_12770T0	3077	3078	32.1196	0.801649
MGG_13543T0	1278	1279	19450	1168.24
MGG_08979T0	2919	2920	5	0.131544
MGG_03934T0	975	976	163	12.8298
MGG_00436T0	2034	2035	218	8.22953
MGG_06100T0	5526	5527	1007.14	13.9986
MGG_07376T0	414	415	0	0
MGG_04148T0	1840	1841	3560.36	148.567
MGG_07189T0	975	976	1426	112.241
MGG_04202T0	890	891	366545	31603.3
MGG_04137T0	1787	1788	3531.42	151.727
MGG_00980T0	828	829	215	19.9235
MGG_15850T0	716	717	391	41.8929
MGG_06911T0	1483	1484	157.013	8.128
MGG_01719T0	1417	1418	2763.55	149.718
MGG_17749T0	177	178	0	0
MGG_16875T0	690	691	11	1.22292
MGG_04969T0	1948	1949	1938	76.3879
MGG_05565T0	1135	1136	27	1.82586
MGG_03321T0	1539	1540	190	9.47798
MGG_03454T0	1547	1548	20	0.992526
MGG_00851T0	3228	3229	249.552	5.93712
MGG_02670T0	5292	5293	123	1.7852
MGG_06629T0	1582	1583	2132	103.464
MGG_07056T0	624	625	583	71.6591
MGG_01986T0	999	1000	33	2.53511
MGG_11567T0	1502	1503	498	25.4538
MGG_02433T0	782	783	452.455	44.3911
MGG_09069T0	1776	1777	38.0102	1.64322
MGG_17588T0	1575	1576	17.9919	0.877007
MGG_01062T0	1477	1478	8940	464.671
MGG_05863T0	1062	1063	1677	121.194
MGG_16009T0	280	281	0	0
MGG_06740T0	1764	1765	0	0
MGG_15124T0	1534	1535	2	0.100093
MGG_15008T0	1121	1122	237	16.227
MGG_04215T0	3442	3443	42.0673	0.938621
MGG_00415T0	1305	1306	3	0.176466
MGG_09348T0	930	931	1473	121.545
MGG_10637T0	1471	1472	946	49.3703
MGG_17214T0	2016	2017	1	0.038087
MGG_10014T0	1314	1315	0	0
MGG_07171T0	5032	5033	3084	47.0728
MGG_14924T0	771	772	16	1.59216
MGG_00417T0	2507	2508	112	3.43062
MGG_06084T0	2999	3000	203	5.19825
MGG_10825T0	1178	1179	1610.23	104.92
MGG_03227T0	548	549	5540	775.211
MGG_09820T0	2396	2397	17	0.544833
MGG_05539T0	1650	1651	0	0
MGG_01848T0	1822	1823	1416.11	59.6749
MGG_12462T0	1583	1584	1076.1	52.1891
MGG_01723T0	2203	2204	762	26.5599
MGG_07080T0	1418	1419	1377.89	74.5957
MGG_08410T0	1527	1528	0	0
MGG_15869T0	452	453	50.9346	8.63768
MGG_16641T0	204	205	4	1.49896
MGG_15620T0	252	253	0	0
MGG_11805T0	1533	1534	217	10.8672
MGG_06823T0	1509	1510	53	2.69638
MGG_09601T0	2004	2005	2	0.0766299
MGG_17881T0	640	641	0	0
MGG_14540T0	1109	1110	14	0.96892
MGG_00963T0	3344	3345	19	0.436355
MGG_15256T0	1117	1118	0	0
MGG_08857T0	1722	1723	116	5.17196
MGG_02832T0	2624	2625	669	19.5785
MGG_06070T0	3488	3489	4123	90.781
MGG_04459T0	4709	4710	102	1.66365
MGG_02714T0	1024	1025	385	28.8549
MGG_16857T0	252	253	0	0
MGG_00441T0	612	613	7	0.877244
MGG_17735T0	207	208	0	0
MGG_08675T0	697	698	0	0
MGG_04175T0	1744	1745	327.512	14.4183
MGG_08256T0	1364	1365	1067	60.0502
MGG_10747T0	969	970	4.11057	0.325547
MGG_07466T0	2021	2022	7231.63	274.75
MGG_01918T0	1587	1588	40	1.93505
MGG_15379T0	701	702	5	0.547162
MGG_09208T0	4624	4625	1323	21.9751
MGG_09600T0	2058	2059	5	0.18655
MGG_16270T0	291	292	29	7.62953
MGG_03218T0	1742	1743	7627	336.155
MGG_00715T0	617	618	148	18.3974
MGG_05261T0	2398	2399	3002	96.1309
MGG_06615T0	1685	1686	8.08052	0.368183
MGG_17228T0	186	187	0	0
MGG_01144T0	1209	1210	827	52.5053
MGG_01154T0	1703	1704	375.221	16.9161
MGG_05456T0	960	961	279	22.303
MGG_05139T0	1431	1432	71	3.80889
MGG_00561T0	1126	1127	3	0.204494
MGG_04042T0	3639	3640	474	10.0037
MGG_06425T0	2805	2806	149	4.07926
MGG_04177T0	6583	6584	3650	42.5879
MGG_01875T0	951	952	71	5.72933
MGG_05107T0	2205	2206	265	9.22833
MGG_03439T0	1330	1331	13430	775.141
MGG_10155T0	609	610	5	0.629684
MGG_11223T0	1510	1511	37	1.88113
MGG_03906T0	3885	3886	1250	24.711
MGG_08084T0	5037	5038	29063	443.165
MGG_16218T0	159	160	6	2.88081
MGG_06011T0	1385	1386	977	54.1519
MGG_17362T0	225	226	1	0.339918
MGG_09473T0	885	886	143	12.399
MGG_01950T0	1560	1561	0	0
MGG_06511T0	1724	1725	1885	83.947
MGG_01053T0	1024	1025	24	1.79875
MGG_05896T0	309	310	5	1.23906
MGG_08097T0	2921	2922	9908	260.488
MGG_00629T0	336	337	33	7.52258
MGG_10613T0	1244	1245	3	0.185112
MGG_18007T0	378	379	10	2.02695
MGG_15895T0	1478	1479	5027.28	261.124
MGG_15390T0	1404	1405	0	0
MGG_18014T0	201	202	5	1.90152
MGG_08855T0	5409	5410	4323	61.3862
MGG_08786T0	1840	1841	18	0.751106
MGG_09235T0	2633	2634	1025	29.8945
MGG_08457T0	3593	3594	26339	562.994
MGG_14198T0	1185	1186	73	4.72847
MGG_09213T0	2910	2911	994.556	26.2464
MGG_01220T0	2487	2488	1004.41	31.013
MGG_01824T0	4016	4017	2233	42.7041
MGG_00071T0	1309	1310	5	0.293212
MGG_06113T0	1300	1301	43	2.53907
MGG_03715T0	1349	1350	1613	91.7874
MGG_02820T0	1016	1017	287	21.6792
MGG_03263T0	2185	2186	219.179	7.70251
MGG_15220T0	279	280	0	0
MGG_06342T0	3885	3886	1579	31.2149
MGG_09522T0	3647	3648	360	7.58107
MGG_17763T0	171	172	0	0
MGG_12831T0	1840	1841	625	26.0801
MGG_02986T0	5892	5893	611.806	7.97554
MGG_01963T0	1024	1025	1	0.0749478
MGG_10020T0	399	400	0	0
MGG_12337T0	1230	1231	222420	13880.3
MGG_10423T0	1815	1816	929	39.2991
MGG_04817T0	2232	2233	270.506	9.30618
MGG_09106T0	483	484	0	0
MGG_16490T0	765	766	1289	129.273
MGG_00814T0	984	985	1278	99.673
MGG_17848T0	1200	1201	197.64	12.642
MGG_08169T0	2029	2030	464	17.5592
MGG_02284T0	1233	1234	89	5.54061
MGG_08528T0	1760	1761	4	0.174495
MGG_15733T0	264	265	0	0
MGG_13241T0	1172	1173	25	1.63729
MGG_03036T0	1676	1677	174.341	7.98638
MGG_06751T0	1528	1529	6761	339.693
MGG_03124T0	1629	1630	8	0.377038
MGG_07129T0	3465	3466	2147	47.5868
MGG_16409T0	1182	1183	16216.1	1053.04
MGG_07019T0	2192	2193	35	1.22606
MGG_04144T0	5054	5055	2635	40.0444
MGG_05400T0	906	907	0	0
MGG_08161T0	2660	2661	1162.24	33.553
MGG_08207T0	3139	3140	812	19.8659
MGG_14928T0	1710	1711	26.7234	1.19984
MGG_13866T0	1539	1540	0	0
MGG_17000T0	1735	1736	413	18.2761
MGG_15770T0	799	800	10	0.960269
MGG_10931T0	1021	1022	37	2.78121
MGG_06486T0	813	814	253	23.8769
MGG_14639T0	1437	1438	269	14.3706
MGG_02977T0	1809	1810	46	1.95237
MGG_16953T0	669	670	70	8.02613
MGG_15691T0	216	217	3	1.06205
MGG_17754T0	162	163	0	0
MGG_04505T0	2022	2023	1199.31	45.5427
MGG_07518T0	3495	3496	1671	36.7187
MGG_00631T0	2994	2995	542	13.9023
MGG_07048T0	1225	1226	1260	78.9519
MGG_03433T0	1594	1595	3	0.144492
MGG_01058T0	2024	2025	8065	305.958
MGG_09751T0	1134	1135	180	12.1831
MGG_08493T0	2400	2401	0	0
MGG_17255T0	357	358	1	0.214585
MGG_05028T0	1574	1575	25323	1235.14
MGG_16457T0	3267	3268	2118	49.7882
MGG_15654T0	1451	1452	175	9.25879
MGG_04554T0	2070	2071	6	0.222563
MGG_14590T0	1472	1473	12	0.625837
MGG_15599T0	2018	2019	102	3.88103
MGG_12022T0	1467	1468	0	0
MGG_12348T0	381	382	19	3.82096
MGG_05504T0	306	307	1	0.250233
MGG_06545T0	3128	3129	86.6451	2.12726
MGG_07842T0	1922	1923	193	7.71011
MGG_16113T0	366	367	0	0
MGG_04872T0	3773	3774	656.154	13.3563
MGG_17987T0	249	250	51	15.6716
MGG_03529T0	2443	2444	138	4.33771
MGG_01395T0	1023	1024	20	1.50042
MGG_08451T0	333	334	5	1.15002
MGG_17989T0	1158	1159	1757	116.458
MGG_08532T0	411	412	0	0
MGG_13538T0	1665	1666	9	0.415002
MGG_06105T0	1167	1168	307.065	20.1962
MGG_08278T0	1920	1921	2058	82.3002
MGG_12805T0	2588	2589	328.216	9.73892
MGG_05552T0	1072	1073	398	28.4948
MGG_11895T0	3858	3859	1742	34.6782
MGG_17567T0	189	190	0	0
MGG_17940T0	327	328	8	1.87369
MGG_17449T0	3789	3790	2803	56.8155
MGG_15114T0	2149	2150	3	0.107193
MGG_08174T0	1420	1421	157	8.48767
MGG_09645T0	6381	6382	2	0.0240744
MGG_13085T0	363	364	0	0
MGG_10716T0	1162	1163	39	2.57613
MGG_07713T0	819	820	25	2.34212
MGG_15409T0	835	836	3	0.275675
MGG_04551T0	1287	1288	2232	133.125
MGG_04199T0	2996	2997	1310.26	33.5856
MGG_16152T0	396	397	9	1.74154
MGG_03587T0	2042	2043	1011	38.0159
MGG_08198T0	3996	3997	3600	69.1912
MGG_18004T0	852	853	0	0
MGG_04048T0	1589	1590	7	0.338208
MGG_02637T0	1228	1229	9	0.562566
MGG_09913T0	1867	1868	1054	43.3457
MGG_16079T0	186	187	0	0
MGG_01435T0	3115	3116	40	0.986155
MGG_16290T0	270	271	1	0.283474
MGG_09628T0	900	901	0	0
MGG_06871T0	2230	2231	1550.22	53.3798
MGG_08185T0	2655	2656	55	1.59081
MGG_16837T0	156	157	2	0.978618
MGG_10956T0	1139	1140	23	1.54991
MGG_17650T0	165	166	0	0
MGG_00448T0	2304	2305	170	5.66579
MGG_01728T0	1896	1897	199	8.05876
MGG_18105T0	372	373	0	0
MGG_01414T0	4528	4529	103	1.7471
MGG_11758T0	6947	6948	1634	18.0665
MGG_09956T0	3458	3459	2190	48.6381
MGG_14293T0	1459	1460	980.795	51.6069
MGG_12321T0	4125	4126	168	3.12797
MGG_16148T0	1237	1238	124	7.69456
MGG_02774T0	2493	2494	2271	69.9525
MGG_07580T0	1761	1762	3	0.130797
MGG_08592T0	582	583	254	33.4694
MGG_03867T0	996	997	49	3.77558
MGG_05664T0	4886	4887	6994	109.943
MGG_07846T0	1543	1544	0	0
MGG_02949T0	3782	3783	2948	59.8651
MGG_05133T0	3320	3321	2648	61.2536
MGG_10939T0	453	454	0	0
MGG_04617T0	5721	5722	4204	56.4414
MGG_00254T0	1609	1610	22310	1064.53
MGG_07200T0	3359	3360	71959	1645.24
MGG_07958T0	1458	1459	0	0
MGG_08236T0	7851	7852	1	0.00978368
MGG_05330T0	407	408	23.3984	4.40563
MGG_15754T0	225	226	0	0
MGG_15537T0	3875	3876	3895	77.1981
MGG_14326T0	800	801	16	1.53451
MGG_01796T0	1167	1168	11	0.72349
MGG_09696T0	4254	4255	2228.38	40.232
MGG_16672T0	243	244	0	0
MGG_04633T0	3555	3556	4	0.0864134
MGG_06696T0	8818	8819	2418.47	21.0671
MGG_10478T0	528	529	0	0
MGG_00635T0	3636	3637	6235	131.697
MGG_00491T0	1477	1478	1704	88.5682
MGG_08128T0	2992	2993	1125	28.8754
MGG_04467T0	1484	1485	3093.87	160.051
MGG_03197T0	1953	1954	2345	92.1936
MGG_00630T0	3839	3840	480	9.60269
MGG_01725T0	1783	1784	294	12.66
MGG_04738T0	1213	1214	4	0.253119
MGG_08492T0	1551	1552	0	0
MGG_06847T0	1955	1956	2035	79.9242
MGG_16140T0	198	199	0	0
MGG_14854T0	732	733	632	66.2363
MGG_14598T0	2160	2161	9475	336.827
MGG_10558T0	2479	2480	0	0
MGG_00789T0	963	964	1535	122.325
MGG_00846T0	1380	1381	87	4.83959
MGG_01099T0	1327	1328	427	24.7009
MGG_00119T0	1077	1078	20724	1476.85
MGG_06901T0	2155	2156	662	23.588
MGG_16938T0	594	595	0	0
MGG_06865T0	450	451	5	0.851679
MGG_14422T0	225	226	0	0
MGG_04983T0	1192	1193	5	0.321968
MGG_04594T0	1554	1555	207	10.2264
MGG_03646T0	3409	3410	4777	107.618
MGG_16223T0	940	941	228	18.6135
MGG_10244T0	647	648	1	0.118552
MGG_03025T0	900	901	2402	204.8
MGG_12275T0	1945	1946	15985	631.034
MGG_05158T0	1842	1843	63	2.62602
MGG_02941T0	2696	2697	2069	58.9335
MGG_15849T0	246	247	4	1.24407
MGG_16342T0	327	328	28	6.55793
MGG_16367T0	180	181	2	0.848856
MGG_01892T0	2198	2199	146.86	5.1305
MGG_00721T0	1212	1213	48	3.03993
MGG_01002T0	1281	1282	317	18.9956
MGG_04094T0	849	850	3	0.271135
MGG_06124T0	6483	6484	444	5.26045
MGG_06918T0	1544	1545	5262	261.641
MGG_03397T0	1684	1685	5514	251.391
MGG_13933T0	1173	1174	11.5466	0.755562
MGG_05929T0	2667	2668	94	2.7066
MGG_16965T0	1492	1493	3	0.154363
MGG_15614T0	345	346	0	0
MGG_15699T0	329	330	5	1.16396
MGG_17502T0	573	574	0	0
MGG_16173T0	615	616	0	0
MGG_00679T0	1971	1972	962.582	37.4985
MGG_07238T0	2115	2116	225.237	8.17723
MGG_12501T0	1469	1470	0	0
MGG_10523T0	2792	2793	1613	44.3656
MGG_09461T0	2996	2997	288	7.38224
MGG_05060T0	2879	2880	3262	87.011
MGG_05824T0	1594	1595	20	0.963279
MGG_01614T0	2370	2371	1973	63.9261
MGG_16131T0	1877	1878	21	0.859026
MGG_05210T0	1233	1234	2345	145.986
MGG_10446T0	1857	1858	268	11.0808
MGG_13509T0	813	814	524	49.4527
MGG_01636T0	3654	3655	1491	31.3381
MGG_14995T0	1353	1354	53	3.00704
MGG_00317T0	1637	1638	290	13.6009
MGG_03878T0	3235	3236	101	2.3977
MGG_09976T0	1983	1984	14512	561.912
MGG_17358T0	599	600	0	0
MGG_17764T0	2438	2439	85.8346	2.70354
MGG_14279T0	1632	1633	57625	2710.86
MGG_07053T0	2067	2068	85	3.15756
MGG_09884T0	3194	3195	3231.24	77.6928
MGG_16669T0	3333	3334	50	1.15209
MGG_15070T0	2393	2394	141	4.52457
MGG_14426T0	799	800	0	0
MGG_12601T0	1728	1729	365	16.2174
MGG_03810T0	12768	12769	21	0.126341
MGG_02780T0	2782	2783	277	7.64626
MGG_07026T0	1971	1972	1274	49.6301
MGG_04856T0	1964	1965	7798	304.862
MGG_13530T0	2551	2552	2828	85.1298
MGG_02663T0	2321	2322	1020	33.7459
MGG_06315T0	3296	3297	2227.4	51.8994
MGG_06980T0	1983	1984	114	4.41414
MGG_15442T0	786	787	0	0
MGG_05892T0	2597	2598	462.388	13.6726
MGG_02029T0	1827	1828	0	0
MGG_09289T0	1446	1447	325	17.2543
MGG_05229T0	3113	3114	1121	27.6547
MGG_09137T0	963	964	0	0
MGG_11142T0	1240	1241	431.4	26.7049
MGG_06133T0	1536	1537	2782	139.048
MGG_04006T0	4044	4045	169	3.2096
MGG_05874T0	2457	2458	105	3.28163
MGG_07411T0	951	952	48	3.87335
MGG_17583T0	162	163	0	0
MGG_12767T0	3362	3363	7041	160.839
MGG_03603T0	2440	2441	218.376	6.8726
MGG_10200T0	2577	2578	4396	130.996
MGG_12742T0	2946	2947	10.0979	0.263229
MGG_02773T0	2397	2398	1604	51.3852
MGG_01826T0	1430	1431	588.768	31.6073
MGG_09941T0	4860	4861	447	7.06423
MGG_02327T0	960	961	304	24.3015
MGG_09595T0	495	496	0	0
MGG_02788T0	2386	2387	793	25.5213
MGG_00300T0	1548	1549	308	15.275
MGG_01276T0	1002	1003	1	0.0765917
MGG_00083T0	910	911	4	0.337306
MGG_17975T0	1493	1494	4274	219.769
MGG_00530T0	2209	2210	1429.31	49.6842
MGG_06955T0	2458	2459	126	3.93636
MGG_07681T0	2901	2902	1132	29.9662
MGG_09841T0	1406	1407	610	33.3057
MGG_02882T0	2591	2592	691	20.4798
MGG_02462T0	869	870	385.117	34.0061
MGG_09494T0	1406	1407	592.195	32.3336
MGG_09552T0	2993	2994	4061.65	104.216
MGG_04365T0	1974	1975	2372	92.2636
MGG_08880T0	2376	2377	4882	157.78
MGG_17935T0	2495	2496	14	0.43089
MGG_03006T0	1435	1436	627.366	33.5621
MGG_02534T0	1875	1876	237	9.70506
MGG_12835T0	747	748	1	0.102703
MGG_03772T0	2061	2062	0	0
MGG_12521T0	1139	1140	1694	114.154
MGG_08906T0	588	589	1210	157.817
MGG_10213T0	1014	1015	2	0.151372
MGG_05989T0	2337	2338	620	20.3718
MGG_04787T0	915	916	584	48.9779
MGG_14982T0	309	310	0	0
MGG_08065T0	2379	2380	1239	39.9924
MGG_15047T0	1704	1705	48	2.16272
MGG_11337T0	918	919	760	63.5303
MGG_14371T0	663	664	207	23.9489
MGG_14046T0	435	436	0	0
MGG_10324T0	1662	1663	1128	52.1074
MGG_05325T0	2967	2968	1752.32	45.3558
MGG_09005T0	2563	2564	822.351	24.6389
MGG_17488T0	231	232	64	21.1921
MGG_16887T0	4324	4325	3588	63.7307
MGG_02345T0	534	535	0	0
MGG_10958T0	4894	4895	2261	35.4838
MGG_03794T0	999	1000	0	0
MGG_14009T0	1982	1983	1781	68.996
MGG_00026T0	1218	1219	0	0
MGG_08098T0	2033	2034	492	18.5822
MGG_10254T0	1230	1231	136	8.48718
MGG_06898T0	2428	2429	2218	70.1482
MGG_12821T0	3710	3711	3335	69.0379
MGG_06758T0	1782	1783	605	26.0667
MGG_15995T0	1557	1558	0	0
MGG_14640T0	1702	1703	555	25.0358
MGG_07084T0	1500	1501	302	15.4564
MGG_17103T0	1358	1359	1450	81.9655
MGG_07341T0	1029	1030	773	57.6534
MGG_17773T0	351	352	1	0.218243
MGG_03088T0	2571	2572	480	14.3368
MGG_00812T0	1134	1135	656.462	44.4321
MGG_08654T0	2560	2561	1262	37.8558
MGG_04025T1	1563	1564	67.4477	3.31294
MGG_04025T0	1354	1355	336.552	19.0808
MGG_07190T0	3180	3181	5035.65	121.612
MGG_15651T0	306	307	4	1.00093
MGG_17094T0	279	280	1	0.274362
MGG_05931T0	2084	2085	1230.62	45.3422
MGG_10426T0	4455	4456	1176	20.2743
MGG_12853T0	1379	1380	1259	70.0857
MGG_04095T0	1470	1471	1921	100.322
MGG_10852T0	2065	2066	434	16.1377
MGG_08778T0	1336	1337	1170	67.226
MGG_05951T0	2163	2164	1096	38.9077
MGG_06183T0	1883	1884	19575	798.185
MGG_14823T0	2519	2520	166	5.06046
MGG_00986T0	1589	1590	1162	56.1425
MGG_14674T0	1725	1726	165	7.34388
MGG_03935T0	1158	1159	182	12.0634
MGG_07679T0	1863	1864	0	0
MGG_17160T0	282	283	19	5.15763
MGG_00915T0	2741	2742	840	23.5339
MGG_07290T0	1308	1309	26	1.52587
MGG_08144T0	1633	1634	8054	378.654
MGG_08102T0	895	896	533	45.6985
MGG_03756T0	932	933	1.1654	0.0959567
MGG_15434T0	363	364	0	0
MGG_02549T0	1017	1018	15	1.13195
MGG_17131T0	222	223	0	0
MGG_07697T0	642	643	52	6.21262
MGG_07630T0	354	355	158	34.191
MGG_10320T0	2610	2611	2752	80.97
MGG_04445T0	3113	3114	828	20.4265
MGG_17002T0	1778	1779	544	23.4912
MGG_15802T0	180	181	0	0
MGG_10184T0	4212	4213	672.767	12.2675
MGG_17612T0	743	744	0	0
MGG_10054T0	2554	2555	1195.57	35.9472
MGG_11636T0	4950	4951	117.336	1.82062
MGG_11469T0	1062	1063	1374	99.297
MGG_09953T0	1410	1411	514	27.9846
MGG_13215T0	1643	1644	92	4.29901
MGG_15924T0	306	307	0	0
MGG_15838T0	1001	1002	3	0.230004
MGG_00164T0	3157	3158	2288	55.6579
MGG_08779T0	999	1000	16	1.22914
MGG_15955T0	246	247	1	0.311018
MGG_02705T0	4519	4520	33835.6	575.067
MGG_08735T0	2886	2887	818	21.7665
MGG_08768T0	1433	1434	332	17.7857
MGG_03591T0	2389	2390	537	17.2607
MGG_06095T0	1230	1231	811	50.6111
MGG_09804T0	1191	1192	3	0.193343
MGG_04923T0	6380	6381	1117	13.4477
MGG_17321T0	341	342	15	3.36936
MGG_16394T0	933	934	18	1.4805
MGG_08480T0	876	877	5	0.437979
MGG_08659T0	462	463	0	0
MGG_03287T0	2116	2117	674	24.458
MGG_00695T0	3548	3549	555.886	12.0327
MGG_09499T0	2902	2903	2060	54.5134
MGG_03593T0	1553	1554	1477	73.015
MGG_11491T0	4755	4756	3320	53.6264
MGG_04352T0	1092	1093	675	47.4424
MGG_06388T0	5621	5622	5643	77.1084
MGG_13253T0	2359	2360	5801	188.831
MGG_10955T0	4988	4989	1968	30.3036
MGG_05525T0	2194	2195	8567.77	299.858
MGG_05578T0	1943	1944	161	6.36227
MGG_03686T0	2694	2695	1180	33.6361
MGG_17132T0	544	545	45	6.34306
MGG_01017T0	5000	5001	26	0.399392
MGG_07775T0	642	643	10	1.19474
MGG_05688T0	1580	1581	143.315	6.96374
MGG_07366T0	1665	1666	60	2.76668
MGG_15245T0	1478	1479	5334	277.056
MGG_18109T0	189	190	0	0
MGG_14713T0	3078	3079	2263	56.4622
MGG_03104T0	1703	1704	15	0.676245
MGG_16114T0	1332	1333	4.50146	0.259421
MGG_09236T0	3964	3965	2190	42.431
MGG_17742T0	204	205	10	3.74739
MGG_07058T0	1413	1414	710.346	38.5925
MGG_18034T0	625	626	9	1.10446
MGG_12538T0	4519	4520	931	15.8232
MGG_02748T0	4224	4225	208	3.78198
MGG_00449T0	2721	2722	757	21.3644
MGG_10499T0	1394	1395	3.03517	0.167144
MGG_02488T0	2835	2836	1065	28.8487
MGG_15259T0	783	784	293	28.7101
MGG_17723T0	703	704	7	0.76385
MGG_09372T0	1910	1911	3388	136.196
MGG_05484T0	4115	4116	1809.77	33.7777
MGG_17265T0	153	154	1712	854.015
MGG_01424T0	1961	1962	2014	78.8575
MGG_16196T0	2549	2550	16	0.482017
MGG_04773T0	2509	2510	5911	180.913
MGG_08079T0	887	888	307.258	26.5811
MGG_01730T0	4061	4062	750	14.1842
MGG_07295T0	1487	1488	755	38.9786
MGG_18030T0	581	582	554.141	73.1442
MGG_14269T0	1292	1293	4059	241.159
MGG_16445T0	2639	2640	2433	70.798
MGG_15988T0	4463	4464	3172	54.5873
MGG_03008T0	3959	3960	2211	42.892
MGG_15739T0	873	874	2597	228.267
MGG_15492T0	1738	1739	14.4484	0.63827
MGG_00018T0	2408	2409	0	0
MGG_04257T0	1881	1882	7	0.285733
MGG_17731T0	751	752	5	0.510781
MGG_04606T0	4286	4287	202.917	3.63619
MGG_03005T0	2145	2146	148	5.29803
MGG_16416T0	550	551	1	0.139422
MGG_12469T0	762	763	23.1535	2.33118
MGG_09705T0	1502	1503	1258	64.299
MGG_00488T0	1335	1336	4126	237.25
MGG_00336T0	2232	2233	670.942	23.0823
MGG_17056T0	297	298	6	1.54674
MGG_15398T0	798	799	1.11815	0.107507
MGG_10239T0	1486	1487	17	0.878255
MGG_10257T0	1332	1333	0	0
MGG_01389T0	2323	2324	100	3.30557
MGG_08432T0	297	298	2	0.51558
MGG_03222T0	5908	5909	1588.55	20.6523
MGG_02691T0	2535	2536	1629	49.3463
MGG_13777T0	849	850	1166	105.381
MGG_03518T0	2621	2622	923	27.0428
MGG_09171T0	1152	1153	535	35.6457
MGG_16117T0	216	217	1	0.354016
MGG_07645T0	1455	1456	1	0.052762
MGG_08540T0	2016	2017	3	0.114261
MGG_02204T0	2073	2074	3	0.111121
MGG_01987T0	3170	3171	310	7.51014
MGG_07684T0	855	856	7	0.628213
MGG_08899T0	819	820	127	11.898
MGG_06136T0	1413	1414	1021	55.4701
MGG_02546T0	444	445	0	0
MGG_17601T0	360	361	0	0
MGG_12009T0	3374	3375	2676	60.9109
MGG_07232T0	1613	1614	2051	97.6214
MGG_05007T0	1995	1996	978	37.641
MGG_04853T0	3275	3276	9856	231.121
MGG_04680T0	2122	2123	1043	37.7413
MGG_16926T0	1448	1449	52.0347	2.75872
MGG_05259T0	3008	3009	2544	64.9498
MGG_12956T0	5288	5289	8623.38	125.253
MGG_07815T0	918	919	59	4.93196
MGG_08898T0	3837	3838	9780	195.757
MGG_07301T0	1239	1240	2560	158.599
MGG_09806T0	1801	1802	7	0.298419
MGG_09070T0	1274	1275	77	4.63942
MGG_15611T0	228	229	0	0
MGG_15252T0	399	400	0	0
MGG_14558T0	7290	7291	3685	38.8269
MGG_07532T0	3856	3857	666.693	13.2788
MGG_14014T0	3372	3373	1311.21	29.8634
MGG_05277T0	2356	2357	75.5099	2.46109
MGG_12611T0	2160	2161	152	5.40345
MGG_00863T0	2841	2842	2280	61.6302
MGG_02242T0	2292	2293	345	11.5584
MGG_07790T0	1621	1622	54158	2565.04
MGG_03262T0	2538	2539	182	5.5067
MGG_05846T0	807	808	1	0.0950761
MGG_17029T0	192	193	30	11.9412
MGG_03045T0	1223	1224	1260	79.0809
MGG_15045T0	735	736	0	0
MGG_12096T0	558	559	23	3.16081
MGG_02794T0	1824	1825	1220	51.3546
MGG_15822T0	905	906	8	0.678335
MGG_04919T0	1342	1343	1408.4	80.5624
MGG_08370T0	2311	2312	8064	267.945
MGG_11336T0	1526	1527	549	27.6195
MGG_02210T0	1788	1789	10	0.42941
MGG_00084T0	1662	1663	3	0.138584
MGG_02437T0	2362	2363	1882.56	61.2023
MGG_02351T0	15858	15859	23	0.111413
MGG_03516T0	4677	4678	4548	74.6866
MGG_17378T0	570	571	52	6.996
MGG_17281T0	279	280	15	4.11544
MGG_10252T0	1916	1917	1166	46.7261
MGG_06068T0	1269	1270	6274	379.51
MGG_09311T0	3387	3388	1070.51	24.2734
MGG_16879T0	222	223	0	0
MGG_02756T0	828	829	23940	2218.46
MGG_05668T0	758	759	2311	233.906
MGG_09810T0	720	721	0	0
MGG_15020T0	1665	1666	471	21.7184
MGG_15006T0	1752	1753	1199.23	52.5537
MGG_03667T0	3149	3150	3361	81.9673
MGG_02400T0	1486	1487	355	18.34
MGG_09490T0	1701	1702	10	0.45136
MGG_17487T0	399	400	7	1.34438
MGG_11615T0	1161	1162	49	3.23946
MGG_03517T0	2615	2616	626	18.3831
MGG_01074T0	4748	4749	1744	28.2116
MGG_04362T0	1259	1260	3493	212.966
MGG_05732T0	1576	1577	13491	657.196
MGG_05503T0	1380	1381	206	11.4593
MGG_13200T0	1849	1850	1121	46.5497
MGG_07035T0	2199	2200	1201	41.9375
MGG_02818T0	2187	2188	213	7.47851
MGG_06654T0	1611	1612	1089	51.8974
MGG_10287T0	1700	1701	0	0
MGG_17413T0	468	469	4	0.655194
MGG_00559T0	1427	1428	172	9.25301
MGG_14601T0	1314	1315	10	0.584194
MGG_06206T0	630	631	2	0.243491
MGG_01115T0	4754	4755	3331	53.8154
MGG_02402T0	246	247	56	17.417
MGG_08949T0	1794	1795	24	1.02714
MGG_06216T0	2268	2269	11	0.372427
MGG_16831T0	988	989	0	0
MGG_05026T0	797	798	1122	108.012
MGG_00138T0	3100	3101	581	14.3932
MGG_02445T0	899	900	1151	98.2461
MGG_17038T0	836	837	588	53.9678
MGG_08984T0	3027	3028	25	0.634259
MGG_09836T0	957	958	20	1.60379
MGG_17554T0	576	577	0	0
MGG_17830T0	1371	1372	116	6.49511
MGG_05217T0	2884	2885	635.74	16.9284
MGG_05450T0	1356	1357	1012	57.2906
MGG_01671T0	2111	2112	350.785	12.7594
MGG_07154T0	1215	1216	753	47.5712
MGG_00379T0	1164	1165	32	2.11012
MGG_16910T0	177	178	4	1.72633
MGG_08926T0	996	997	2086	160.732
MGG_05407T0	426	427	2	0.35982
MGG_07336T0	1267	1268	959	58.1008
MGG_10329T0	2833	2834	181	4.90638
MGG_11731T0	2004	2005	111	4.25296
MGG_06398T0	2420	2421	787	24.9725
MGG_15001T0	408	409	108	20.2854
MGG_04994T0	3370	3371	20969	477.861
MGG_09909T0	2635	2636	675	19.6717
MGG_03403T0	886	887	182	15.7627
MGG_17059T0	192	193	9	3.58235
MGG_09019T0	764	765	15	1.5063
MGG_14526T0	3278	3279	551.901	12.9301
MGG_09246T0	2741	2742	24037	673.435
MGG_15746T0	150	151	3	1.52625
MGG_13908T0	907	908	1652	139.768
MGG_14547T0	1344	1345	234	13.3652
MGG_00351T0	3049	3050	277	6.9769
MGG_17184T0	165	166	20	9.2556
MGG_15203T0	2592	2593	118	3.49593
MGG_10589T0	1317	1318	6	0.349718
MGG_10370T0	776	777	3389	335.068
MGG_16126T0	1316	1317	3260	190.158
MGG_18089T0	498	499	3	0.461853
MGG_15201T0	348	349	0	0
MGG_00888T0	2288	2289	19	0.637662
MGG_06181T0	1596	1597	58	2.79001
MGG_14778T0	4740	4741	1214	19.6712
MGG_08017T0	3363	3364	142	3.24276
MGG_15508T0	1126	1127	83	5.65766
MGG_12847T0	1328	1329	42845	2476.61
MGG_02487T0	5611	5612	11100	151.946
MGG_11167T0	1099	1100	331.88	23.1778
MGG_08787T0	423	424	2	0.362365
MGG_18140T0	726	727	0	0
MGG_16303T0	222	223	0	0
MGG_13276T0	1076	1077	71	5.06437
MGG_04526T0	3814	3815	1792	36.085
MGG_02243T0	2695	2696	116	3.30538
MGG_14921T0	936	937	295	24.1861
MGG_02288T0	660	661	6152	714.986
MGG_01799T0	1878	1879	589	24.0808
MGG_04610T0	3591	3592	136	2.90861
MGG_06734T0	1428	1429	440.144	23.6616
MGG_00857T0	2478	2479	771.037	23.8936
MGG_07512T0	2487	2488	562	17.3528
MGG_02014T0	1553	1554	0	0
MGG_07687T0	1326	1327	0	0
MGG_17778T0	171	172	109	48.6834
MGG_14783T0	736	737	117	12.1955
MGG_17014T0	171	172	0	0
MGG_03290T0	4805	4806	815	13.0274
MGG_02355T0	1089	1090	16	1.12765
MGG_05580T0	1974	1975	1691	65.7747
MGG_17394T0	195	196	11	4.31141
MGG_17757T0	525	526	0	0
MGG_03473T0	1868	1869	32	1.3153
MGG_07565T0	1287	1288	382	22.784
MGG_04367T0	1785	1786	328	14.1083
MGG_12906T0	1851	1852	19311	801.024
MGG_17630T0	168	169	0	0
MGG_10743T0	2778	2779	1286	35.5496
MGG_16365T0	566	567	16	2.1678
MGG_03198T0	2971	2972	3541	91.5292
MGG_17337T0	261	262	0	0
MGG_10798T0	603	604	51	6.48658
MGG_02387T0	3216	3217	285	6.80576
MGG_07987T0	1182	1183	0	0
MGG_16590T0	1551	1552	0	0
MGG_15760T0	3756	3757	629	12.8615
MGG_07177T0	513	514	5475	818.283
MGG_08598T0	5972	5973	6176	79.4324
MGG_02903T0	825	826	0	0
MGG_06399T0	4532	4533	4353	73.771
MGG_15923T0	306	307	0	0
MGG_01662T0	2936	2937	2969.13	77.6619
MGG_01420T0	1524	1525	566	28.5121
MGG_15718T0	2045	2046	640	24.0302
MGG_06959T0	1470	1471	601	31.3866
MGG_07503T0	1946	1947	1946	76.782
MGG_08162T0	1952	1953	5446	214.219
MGG_13836T0	765	766	255	25.5737
MGG_02495T0	504	505	0	0
MGG_10840T0	2823	2824	2301	62.5943
MGG_06505T0	2118	2119	1409	51.0814
MGG_08311T0	1428	1429	56	3.0105
MGG_00150T0	1986	1987	13282	513.509
MGG_12003T0	1132	1133	26	1.76289
MGG_07979T0	1554	1555	1	0.0494029
MGG_08351T0	744	745	1	0.103116
MGG_16897T0	330	331	6	1.39253
MGG_07062T0	2512	2513	726	22.1936
MGG_16026T0	931	932	0	0
MGG_09118T0	2762	2763	203.97	5.67112
MGG_17860T0	590	591	11	1.42984
MGG_09421T0	630	631	0	0
MGG_13420T0	420	421	4	0.729895
MGG_06785T0	1141	1142	126	8.47593
MGG_03265T0	4053	4054	1265	23.9712
MGG_06406T0	1492	1493	548	28.197
MGG_12978T0	1518	1519	44	2.22524
MGG_11761T0	3349	3350	1699	38.9611
MGG_03846T0	4537	4538	6857	116.079
MGG_07334T0	4261	4262	1727	31.1287
MGG_16822T0	150	151	0	0
MGG_03706T0	1704	1705	411	18.5183
MGG_15307T0	936	937	0	0
MGG_10149T0	1396	1397	181	9.95325
MGG_08607T0	405	406	0	0
MGG_12672T0	2959	2960	4211	109.289
MGG_01914T0	855	856	2	0.179489
MGG_05178T0	1148	1149	235	15.712
MGG_10148T0	4796	4797	91.8161	1.47039
MGG_04212T0	2374	2375	13	0.420497
MGG_10357T0	2217	2218	387	13.4039
MGG_16502T0	153	154	32	15.9629
MGG_08208T0	5090	5091	1239	18.6961
MGG_12474T0	2113	2114	317	11.5196
MGG_10881T0	1287	1288	0	0
MGG_02862T0	2088	2089	276	10.1497
MGG_07282T0	3107	3108	497.72	12.3023
MGG_06279T0	3816	3817	763	15.3562
MGG_05755T0	2570	2571	1384	41.3539
MGG_11535T0	2787	2788	1015	27.9676
MGG_00346T0	3017	3018	371	9.4436
MGG_04204T0	2287	2288	3379	113.453
MGG_03464T0	888	889	987	85.29
MGG_01508T0	1596	1597	4518	217.332
MGG_05584T0	2702	2703	289	8.21362
MGG_10853T0	3196	3197	593.215	14.2545
MGG_07391T0	787	788	1002	97.6842
MGG_04997T0	3344	3345	0	0
MGG_15457T0	1932	1933	8	0.317937
MGG_01439T0	2417	2418	44	1.39791
MGG_09700T0	2041	2042	56	2.10676
MGG_15280T0	1268	1269	593.695	35.9405
MGG_11819T0	348	349	11	2.42131
MGG_06620T0	989	990	5	0.387987
MGG_17980T0	234	235	15	4.9035
MGG_17613T0	1276	1277	0	0
MGG_17365T0	2449	2450	46	1.44236
MGG_12214T0	8311	8312	366	3.38266
MGG_17693T0	405	406	3	0.567646
MGG_07876T0	987	988	0	0
MGG_08064T0	1245	1246	68	4.1925
MGG_02654T0	2425	2426	52	1.64663
MGG_15934T0	342	343	0	0
MGG_03442T0	1631	1632	18	0.847296
MGG_17083T0	489	490	0	0
MGG_03014T0	2388	2389	2790	89.7162
MGG_06167T0	2212	2213	598	20.7588
MGG_00680T0	1399	1400	211.418	11.601
MGG_08706T0	1031	1032	1974	146.943
MGG_00118T0	4756	4757	3703	59.8003
MGG_16993T0	3852	3853	11.5829	0.23094
MGG_05081T0	636	637	13.0904	1.57869
MGG_04239T0	1089	1090	20	1.40957
MGG_16810T0	237	238	0	0
MGG_06246T0	1554	1555	607.927	30.0333
MGG_00466T0	3622	3623	8531	180.89
MGG_06627T0	1732	1733	450	19.9479
MGG_15111T0	1324	1325	79	4.5803
MGG_02618T0	856	857	28	2.50992
MGG_13562T0	2893	2894	167.906	4.45707
MGG_08912T0	2259	2260	1240	42.1498
MGG_15929T0	156	157	0	0
MGG_12766T0	3775	3776	4666.76	94.9437
MGG_10194T0	1416	1417	47	2.54807
MGG_04082T0	2166	2167	1193.9	42.3244
MGG_07193T0	1544	1545	688	34.2092
MGG_16003T0	435	436	0	0
MGG_17152T0	162	163	0	0
MGG_00332T0	4047	4048	616.711	11.7037
MGG_06109T0	2379	2380	129.337	4.17475
MGG_10352T0	813	814	0	0
MGG_16125T0	1766	1767	6406	278.505
MGG_02865T0	1314	1315	4	0.233678
MGG_09281T0	516	517	468	69.5405
MGG_00056T0	1318	1319	214.971	12.5204
MGG_09978T0	1946	1947	2351.94	92.7988
MGG_03692T0	1549	1550	697	34.5449
MGG_09072T0	2064	2065	38	1.41366
MGG_06573T0	818	819	854	80.1045
MGG_13916T0	1315	1316	10	0.58375
MGG_15625T0	306	307	0	0
MGG_14517T0	3516	3517	4677	102.159
MGG_02890T0	2517	2518	371	11.3188
MGG_00853T0	2060	2061	11340	422.686
MGG_17013T0	192	193	0	0
MGG_16230T0	1910	1911	7815	314.16
MGG_11684T0	1526	1527	0	0
MGG_07264T0	2227	2228	6353	219.052
MGG_05691T0	378	379	3	0.608086
MGG_04117T0	2655	2656	6269.73	181.344
MGG_10074T0	357	358	1	0.214585
MGG_08246T0	698	699	0	0
MGG_06467T0	1727	1728	1598.81	71.0782
MGG_08571T0	2700	2701	1175	33.4192
MGG_09574T0	1242	1243	1029.76	63.6424
MGG_14733T0	903	904	45	3.82408
MGG_03568T0	4136	4137	1150.79	21.3694
MGG_08495T0	2232	2233	213	7.3278
MGG_01549T0	3217	3218	1436	34.2808
MGG_00341T0	2101	2102	683	24.9615
MGG_02109T0	276	277	1	0.277334
MGG_05946T0	2995	2996	43	1.10258
MGG_11757T0	3000	3001	585.933	14.9991
MGG_01489T0	3682	3683	650	13.558
MGG_08326T0	2052	2053	76.1915	2.85102
MGG_16166T0	180	181	18	7.63971
MGG_01357T0	2134	2135	29	1.04348
MGG_12809T0	3377	3378	2911	66.2011
MGG_04709T0	5249	5250	312	4.56539
MGG_01976T0	3584	3585	3999	85.6929
MGG_13165T0	3673	3674	2945	61.5785
MGG_14897T0	12929	12930	66	0.392128
MGG_10199T0	4394	4395	5393	94.2658
MGG_06666T0	1810	1811	1189	50.4366
MGG_16464T0	237	238	3	0.968338
MGG_15238T0	2559	2560	909.376	27.2889
MGG_00195T0	3218	3219	331	7.89932
MGG_06539T0	1019	1020	112	8.4353
MGG_15563T0	3203	3204	1993	47.7856
MGG_00325T0	1548	1549	307	15.2254
MGG_08550T0	1676	1677	56	2.5653
MGG_17897T0	240	241	2	0.637523
MGG_14268T0	1351	1352	84.8341	4.82033
MGG_06961T0	1621	1622	1159	54.8928
MGG_16818T0	946	947	0	0
MGG_15759T0	1986	1987	721	27.8753
MGG_14864T0	1107	1108	31	2.14934
MGG_02294T0	1620	1621	3	0.142174
MGG_04655T0	2172	2173	178	6.29279
MGG_04618T0	2204	2205	1002.46	34.9253
MGG_14696T0	342	343	163	36.507
MGG_03480T0	3059	3060	3311	83.1229
MGG_03326T0	405	406	455	86.093
MGG_08693T0	3423	3424	3420	76.7317
MGG_16532T0	1251	1252	0	0
MGG_13517T0	3819	3820	144	2.89589
MGG_04427T0	4331	4332	7092	125.766
MGG_06934T0	4122	4123	3164	58.953
MGG_03272T0	612	613	9	1.12788
MGG_15702T0	1717	1718	4	0.178863
MGG_15762T0	339	340	2	0.451891
MGG_11374T0	2046	2047	176.93	6.63996
MGG_05871T0	1896	1897	13130	531.716
MGG_17905T0	979	980	21	1.64617
MGG_16392T0	2105	2106	396	14.4451
MGG_15499T0	153	154	3	1.49652
MGG_05897T0	1097	1098	41.6228	2.91213
MGG_06563T0	3293	3294	948	22.1089
MGG_08120T0	1989	1990	88	3.39713
MGG_04884T0	1872	1873	2163	88.7159
MGG_06896T0	6168	6169	592	7.37207
MGG_09738T0	1860	1861	135	5.57276
MGG_07225T0	990	991	1463	113.411
MGG_01092T0	1458	1459	1906	100.358
MGG_17566T0	381	382	0	0
MGG_01606T0	2557	2558	4645.76	139.521
MGG_07198T0	3424	3425	1360	30.5043
MGG_05645T0	1067	1068	15.1991	1.09327
MGG_10215T0	1673	1674	0	0
MGG_16873T0	417	418	0	0
MGG_03291T0	2769	2770	806	22.3531
MGG_01712T0	1601	1602	7995.89	383.431
MGG_09802T0	2669	2670	4	0.115088
MGG_05065T0	4960	4961	1543.89	23.9073
MGG_04216T0	1979	1980	8.93271	0.346578
MGG_00663T0	1297	1298	84.2033	4.98353
MGG_05439T0	2080	2081	765	28.2405
MGG_07347T0	3031	3032	26	0.658759
MGG_00398T0	2671	2672	0	0
MGG_18111T0	258	259	16	4.74573
MGG_18108T0	525	526	0	0
MGG_07126T0	2552	2553	384	11.5548
MGG_17230T0	327	328	0	0
MGG_18031T0	456	457	1	0.1681
MGG_05970T0	1049	1050	1723.79	126.118
MGG_03613T0	1519	1520	135	6.82296
MGG_03526T0	1317	1318	27.2995	1.59119
MGG_07539T0	4151	4152	3055	56.5245
MGG_07788T0	1182	1183	67	4.35084
MGG_17528T0	3624	3625	515.144	10.917
MGG_12426T0	351	352	0	0
MGG_07549T0	2392	2393	1	0.0321026
MGG_05582T0	801	802	49	4.69358
MGG_05263T0	1326	1327	697	40.3501
MGG_09710T0	1519	1520	986	49.8329
MGG_17713T0	2118	2119	125	4.53171
MGG_13429T0	2914	2915	203	5.34983
MGG_16640T0	398	399	0	0
MGG_05084T0	1508	1509	5	0.254544
MGG_09575T0	1605	1606	88	4.2094
MGG_17621T0	303	304	0	0
MGG_13179T0	1437	1438	390	20.8348
MGG_16724T0	896	897	0	0
MGG_13484T0	1274	1275	619	37.2961
MGG_02384T0	2052	2053	1208	45.2023
MGG_10551T0	507	508	0	0
MGG_10568T0	1621	1622	4205	199.158
MGG_07447T0	3476	3477	8100	178.963
MGG_14605T0	360	361	16	3.40483
MGG_17151T0	162	163	3	1.41389
MGG_03083T0	1474	1475	0	0
MGG_00075T0	1989	1990	1781	68.7533
MGG_07242T0	2607	2608	169	4.97808
MGG_14700T0	162	163	0	0
MGG_08182T0	2018	2019	3342	127.161
MGG_15231T0	258	259	12	3.5593
MGG_02943T0	1011	1012	26	1.97367
MGG_16820T0	567	568	13.3827	1.81
MGG_04466T0	4529	4530	364.335	6.17853
MGG_05100T0	534	535	75.4074	10.8279
MGG_04675T0	4885	4886	147	2.31125
MGG_02329T0	2179	2180	116	4.08775
MGG_16908T0	969	970	572.482	45.3391
MGG_06494T0	2599	2600	989	29.2217
MGG_17400T0	5288	5289	11	0.159772
MGG_07504T0	806	807	3015	287.01
MGG_05223T0	1908	1909	69.8075	2.80917
MGG_06072T0	1746	1747	3193	140.407
MGG_11934T0	1723	1724	678	30.2117
MGG_09110T0	2425	2426	282	8.92979
MGG_15650T0	170	171	18	8.08647
MGG_04519T0	3032	3033	9778	247.663
MGG_10598T0	3500	3501	10	0.219427
MGG_15043T0	3020	3021	17	0.432296
MGG_04434T0	1335	1336	624	35.8807
MGG_00495T0	1981	1982	19	0.736432
MGG_01852T0	2682	2683	1409	40.3434
MGG_16224T0	274	275	5	1.39675
MGG_17200T0	645	646	601	71.4701
MGG_16361T0	3815	3816	6560	132.062
MGG_05174T0	1622	1623	2401	113.647
MGG_16386T0	444	445	0	0
MGG_08202T0	2681	2682	1019	29.1876
MGG_09148T0	1023	1024	0	0
MGG_15408T0	2227	2228	9	0.31032
MGG_00407T0	1916	1917	1875	75.1384
MGG_10953T0	1380	1381	0	0
MGG_03817T0	1771	1772	56	2.42777
MGG_02077T0	405	406	29	5.48725
MGG_01903T0	1208	1209	0	0
MGG_17033T0	294	295	0	0
MGG_07153T0	1318	1319	7628	444.272
MGG_00585T0	354	355	5	1.08199
MGG_15706T0	443	444	24.6907	4.27203
MGG_16541T0	201	202	18	6.84548
MGG_16523T0	282	283	78	21.1734
MGG_07651T0	342	343	0	0
MGG_11548T0	2700	2701	129	3.669
MGG_10736T0	1420	1421	182.324	9.85672
MGG_02557T0	1076	1077	0	0
MGG_00969T0	1752	1753	299	13.103
MGG_15205T0	1033	1034	53	3.93766
MGG_10832T0	948	949	6866.92	555.877
MGG_03337T0	2736	2737	26	0.729762
MGG_08077T0	2146	2147	2013	72.0269
MGG_03167T0	1219	1220	16	1.00749
MGG_10533T0	1594	1595	13	0.626131
MGG_18102T0	162	163	0	0
MGG_02523T0	2133	2134	2256	81.2133
MGG_12476T0	1419	1420	45	2.43448
MGG_10705T0	1995	1996	179	6.8893
MGG_16159T0	1290	1291	0	0
MGG_13867T0	813	814	1	0.0943753
MGG_06786T0	1844	1845	399	16.6134
MGG_17111T0	1457	1458	464	24.448
MGG_15383T0	1947	1948	0	0
MGG_02489T0	1968	1969	1983.07	77.3705
MGG_12865T0	2794	2795	23221	638.237
MGG_05636T0	1462	1463	97.6196	5.12596
MGG_15435T0	1533	1534	0	0
MGG_11079T0	2469	2470	2751	85.5611
MGG_01067T0	1522	1523	526	26.5319
MGG_15606T0	1921	1922	1028	41.0887
MGG_00050T0	4599	4600	177	2.95596
MGG_02373T0	993	994	100	7.72852
MGG_07266T0	1523	1524	910	45.8711
MGG_02129T0	2661	2662	55	1.58722
MGG_06333T0	701	702	2651	290.105
MGG_17073T0	1863	1864	187	7.70688
MGG_17451T0	198	199	1	0.386038
MGG_04683T0	1933	1934	116	4.6077
MGG_15581T0	201	202	0	0
MGG_09513T0	2095	2096	315	11.5452
MGG_16449T0	282	283	1	0.271454
MGG_14692T0	1638	1639	1049	49.1676
MGG_15395T0	372	373	0	0
MGG_11613T0	1887	1888	4	0.162757
MGG_05324T0	1761	1762	555.676	24.2269
MGG_17791T0	354	355	26	5.62636
MGG_07644T0	1659	1660	39	1.80484
MGG_11620T0	219	220	3	1.04757
MGG_01315T0	1812	1813	202.779	8.59225
MGG_16828T0	1391	1392	78	4.30465
MGG_07079T0	1762	1763	105.114	4.58025
MGG_16737T0	564	565	0	0
MGG_03859T0	3255	3256	1957	46.1731
MGG_10783T0	1048	1049	0	0
MGG_08645T0	3918	3919	2122	41.5961
MGG_10750T0	2969	2970	4	0.103463
MGG_09284T0	1497	1498	126.488	6.48662
MGG_05964T0	1070	1071	548.408	39.3366
MGG_17669T0	3119	3120	1092	26.8875
MGG_16317T0	556	557	44	6.06848
MGG_14613T0	1996	1997	0	0
MGG_03293T0	1080	1081	224	15.9186
MGG_10207T0	1490	1491	0	0
MGG_04353T0	483	484	21	3.33316
MGG_08212T0	2770	2771	1534	42.5277
MGG_00201T0	2850	2851	233	6.27829
MGG_10180T0	3214	3215	1277	30.5135
MGG_06310T0	603	604	2880.68	366.387
MGG_07857T0	1125	1126	1	0.0682251
MGG_05274T0	1598	1599	272.241	13.0794
MGG_08845T0	3418	3419	688	15.4587
MGG_16794T0	177	178	0	0
MGG_04685T0	5534	5535	5386	74.7535
MGG_04574T0	1110	1111	775	53.5883
MGG_13426T0	2325	2326	20	0.660546
MGG_07522T0	1888	1889	201	8.17423
MGG_15905T0	366	367	25	5.23307
MGG_00650T0	1195	1196	422	27.1059
MGG_08976T0	1011	1012	168	12.753
MGG_07765T0	3343	3344	114	2.61891
MGG_16134T0	1274	1275	264	15.9066
MGG_14663T0	1710	1711	137	6.15111
MGG_11498T0	2525	2526	521	15.8448
MGG_07706T0	2614	2615	404	11.8684
MGG_10740T0	1169	1170	1258.42	82.6274
MGG_04696T0	1036	1037	3196	236.761
MGG_00913T0	2177	2178	267	9.41751
MGG_09630T0	1816	1817	0	0
MGG_07227T0	1582	1583	8	0.388232
MGG_16535T0	886	887	3745.11	324.357
MGG_06599T0	3268	3269	5111.29	120.115
MGG_07622T0	303	304	7	1.76892
MGG_09356T0	369	370	0	0
MGG_06604T0	1419	1420	3430	185.562
MGG_16593T0	171	172	0	0
MGG_06228T0	1065	1066	0	0
MGG_09991T0	1876	1877	1727	70.6823
MGG_00901T0	1950	1951	529	20.8296
MGG_17194T0	547	548	291	40.7939
MGG_14630T0	294	295	10	2.60412
MGG_11902T0	3407	3408	1910.92	43.0751
MGG_03895T0	1181	1182	1035.89	67.3253
MGG_16453T0	150	151	0	0
MGG_17096T0	240	241	7	2.23133
MGG_12301T0	2260	2261	2860	97.1736
MGG_00117T0	2716	2717	649	18.3501
MGG_15431T0	1374	1375	35	1.95546
MGG_04527T0	1916	1917	4763	190.872
MGG_06872T0	3225	3226	383.777	9.13898
MGG_17967T0	537	538	4	0.571163
MGG_03528T0	906	907	301	25.4942
MGG_16207T0	257	258	0	0
MGG_04005T0	1152	1153	928	61.8303
MGG_08191T0	692	693	16	1.77366
MGG_16769T0	275	276	5	1.39169
MGG_01961T0	1532	1533	11	0.55123
MGG_09243T0	1434	1435	202	10.8139
MGG_03096T0	1238	1239	4	0.248011
MGG_13944T0	738	739	177	18.3997
MGG_05467T0	2344	2345	1257	41.1789
MGG_06328T0	3880	3881	819	16.2115
MGG_03437T0	1924	1925	1089	43.459
MGG_13005T0	2375	2376	1217.46	39.3632
MGG_01579T0	1487	1488	8275	427.216
MGG_07007T0	1595	1596	2247.77	108.194
MGG_03065T0	983	984	2632	205.482
MGG_06928T0	2953	2954	2317.67	60.2732
MGG_15883T0	201	202	0	0
MGG_12463T0	4768	4769	863	13.9016
MGG_16431T0	429	430	0	0
MGG_09960T0	3938	3939	4466	87.0995
MGG_10662T0	3317	3318	571	13.2203
MGG_13176T0	5891	5892	1440.27	18.7787
MGG_17418T0	276	277	9	2.496
MGG_14523T0	708	709	29	3.1422
MGG_14884T0	1557	1558	1441	71.0525
MGG_01004T0	2312	2313	993	32.9804
MGG_09154T0	1182	1183	8	0.519503
MGG_17020T0	1068	1069	0	0
MGG_07968T0	1801	1802	29	1.23631
MGG_15351T0	1117	1118	21	1.44298
MGG_03985T0	3885	3886	2415	47.7416
MGG_08683T0	2109	2110	83	3.02189
MGG_10331T0	618	619	1	0.124106
MGG_00249T0	4311	4312	1191	21.2186
MGG_00309T0	2012	2013	2608	99.5283
MGG_10493T0	2976	2977	1242	32.0498
MGG_02792T0	2091	2092	745	27.3576
MGG_06971T0	3756	3757	4782	97.7802
MGG_06760T0	3539	3540	5160	111.977
MGG_08195T0	1938	1939	2843	112.637
MGG_04412T0	1573	1574	2806	136.951
MGG_13032T0	1622	1623	1209	57.2256
MGG_01473T0	1957	1958	26496	1039.56
MGG_07178T0	3379	3380	3303	75.0714
MGG_05811T0	3644	3645	2579	54.3546
MGG_09870T0	1284	1285	0	0
MGG_05051T0	1303	1304	9	0.53021
MGG_04689T0	1870	1871	14286	586.57
MGG_00971T0	1575	1576	2058.94	100.362
MGG_01863T0	1986	1987	34	1.31451
MGG_09517T0	3059	3060	5690	142.848
MGG_17355T0	372	373	0	0
MGG_15135T0	843	844	2	0.182041
MGG_15865T0	2194	2195	1930	67.5469
MGG_10897T0	1974	1975	0	0
MGG_03070T0	1981	1982	95	3.68216
MGG_14978T0	774	775	2	0.198249
MGG_08990T0	882	883	0	0
MGG_05519T0	1664	1665	37	1.70714
MGG_13385T0	3328	3329	611	14.0997
MGG_00475T0	3843	3844	271	5.41587
MGG_09928T0	3607	3608	5858	124.728
MGG_00956T0	1536	1537	198.443	9.91847
MGG_12442T0	1691	1692	3	0.136208
MGG_14841T0	342	343	1	0.223969
MGG_16376T0	165	166	0	0
MGG_08356T0	1455	1456	10	0.52762
MGG_06514T0	2708	2709	3370	95.566
MGG_17811T0	744	745	104	10.7241
MGG_01078T0	1442	1443	207	11.0201
MGG_06420T0	3223	3224	2886.41	68.7773
MGG_09952T0	822	823	2063	192.567
MGG_17542T0	3201	3202	329	7.89328
MGG_08315T0	2249	2250	16	0.546286
MGG_05193T0	3794	3795	9223.44	186.708
MGG_05515T0	1295	1296	3	0.177828
MGG_03929T0	2143	2144	993	35.5801
MGG_04272T0	652	653	0	0
MGG_02420T0	1524	1525	27	1.36012
MGG_04563T0	1241	1242	16	0.989649
MGG_05321T0	1241	1242	702	43.4208
MGG_04429T0	4163	4164	810	14.9437
MGG_00179T0	4171	4172	10557	194.392
MGG_01083T0	2371	2372	1222	39.5767
MGG_14745T0	1174	1175	15	0.9807
MGG_16217T0	295	296	1	0.259532
MGG_07753T0	994	995	2329	179.816
MGG_15812T0	174	175	0	0
MGG_14989T0	1144	1145	0	0
MGG_14878T0	930	931	480	39.6072
MGG_01407T0	1944	1945	2640	104.272
MGG_02059T0	10815	10816	0	0
MGG_14113T0	685	686	10496	1175.39
MGG_03020T0	1413	1414	5	0.271646
MGG_01748T0	3898	3899	399.851	7.87821
MGG_16761T0	844	845	168	15.2734
MGG_03148T0	3141	3142	731	17.8729
MGG_11284T0	198	199	4	1.54415
MGG_06101T0	3677	3678	4846	101.217
MGG_12552T0	276	277	0	0
MGG_05135T0	3028	3029	1691	42.8871
MGG_00278T0	285	286	0	0
MGG_02918T0	428	429	4	0.716284
MGG_11240T0	2431	2432	2534	80.0434
MGG_16770T0	3124	3125	134.339	3.30244
MGG_10791T0	1155	1156	1204	80.0113
MGG_16473T0	858	859	4	0.357725
MGG_02012T0	720	721	0	0
MGG_09138T0	1149	1150	1040	69.4733
MGG_02460T0	1817	1818	410	17.325
MGG_10710T0	2198	2199	237	8.27953
MGG_02630T0	3730	3731	5572	114.728
MGG_16169T0	168	169	0	0
MGG_07291T0	6347	6348	4016.11	48.6016
MGG_10471T0	1148	1149	4	0.267438
MGG_14746T0	4982	4983	4435	68.3731
MGG_14959T0	831	832	0	0
MGG_05326T0	2115	2116	5903	214.309
MGG_04163T0	5326	5327	3543.84	51.1062
MGG_06242T0	2305	2306	442	14.7247
MGG_03578T0	886	887	42141	3649.76
MGG_16463T0	1016	1017	73	5.51423
MGG_18037T0	666	667	0	0
MGG_05013T0	1110	1111	345	23.8555
MGG_04106T0	1632	1633	553	26.0149
MGG_01081T0	1508	1509	3318.48	168.94
MGG_09273T0	3951	3952	58	1.12744
MGG_02933T0	2113	2114	1926	69.9897
MGG_05410T0	417	418	0	0
MGG_09433T0	1938	1939	52	2.06019
MGG_01831T0	1759	1760	37	1.615
MGG_17543T0	363	364	5	1.05524
MGG_02666T0	764	765	25	2.51051
MGG_11894T0	696	697	467	51.4715
MGG_18029T0	330	331	0	0
MGG_01972T0	1414	1415	1275.58	69.2521
MGG_15626T0	204	205	3	1.12422
MGG_12655T0	276	277	0	0
MGG_04030T0	2815	2816	1974	53.8514
MGG_18079T0	518	519	0	0
MGG_15546T0	234	235	2	0.6538
MGG_11545T0	1710	1711	134	6.01641
MGG_02562T0	1412	1413	4	0.217471
MGG_12973T0	2273	2274	8857	299.212
MGG_08424T0	696	697	7.10938	0.783577
MGG_10222T0	255	256	0	0
MGG_12020T0	1602	1603	53035	2541.63
MGG_07263T0	1794	1795	186	7.96033
MGG_07668T0	834	835	1	0.0920018
MGG_15319T0	255	256	8	2.40067
MGG_11229T0	2190	2191	2210	77.4877
MGG_14157T0	1918	1919	9	0.360288
MGG_17279T0	255	256	55	16.5046
MGG_01293T0	932	933	60	4.94029
MGG_15972T0	342	343	0	0
MGG_03897T0	2818	2819	70	1.90759
MGG_13977T0	2892	2893	450	11.9494
MGG_05404T0	1299	1300	88	5.20022
MGG_10914T0	309	310	0	0
MGG_12923T0	4096	4097	4925	92.347
MGG_02376T0	3982	3983	7779	150.036
MGG_16266T0	1127	1128	58	3.95004
MGG_15656T0	649	650	210	24.8192
MGG_03369T0	1108	1109	85	5.88803
MGG_17692T0	761	762	0	0
MGG_11308T0	1706	1707	88	3.96033
MGG_04778T0	1467	1468	9	0.470976
MGG_15845T0	322	323	17	4.04324
MGG_02448T0	1239	1240	234	14.497
MGG_10615T0	993	994	0	0
MGG_05126T0	1376	1377	15	0.836835
MGG_07837T0	1833	1834	2	0.0837748
MGG_04524T0	2787	2788	35.4388	0.976494
MGG_03821T0	1656	1657	7.00125	0.32459
MGG_03499T0	729	730	1022	107.55
MGG_06414T0	2034	2035	549	20.7248
MGG_05071T0	2881	2882	333.626	8.893
MGG_01638T0	4081	4082	2760	51.942
MGG_17877T0	5118	5119	1769	26.5476
MGG_08436T0	3271	3272	24	0.563483
MGG_00366T0	1398	1399	359	19.7133
MGG_15075T0	1243	1244	481	29.7035
MGG_04023T0	1091	1092	1563	109.956
MGG_06049T0	1268	1269	523	31.6609
MGG_16420T0	393	394	46	8.96901
MGG_16004T0	420	421	0	0
MGG_00890T0	3104	3105	941	23.2815
MGG_01277T0	1462	1463	254	13.3374
MGG_15928T0	1362	1363	0	0
MGG_05907T0	498	499	3139	483.252
MGG_16229T0	162	163	2	0.942595
MGG_07494T0	2631	2632	1007	29.3918
MGG_01707T0	1235	1236	1260.92	78.3703
MGG_08095T0	2413	2414	739.151	23.5222
MGG_01049T0	1889	1890	749	30.4441
MGG_10542T0	429	430	1	0.178655
MGG_17135T0	1358	1359	328	18.5412
MGG_02073T0	483	484	0	0
MGG_06726T0	2103	2104	11266	411.345
MGG_09795T0	636	637	4811	580.201
MGG_17850T0	270	271	1	0.283474
MGG_15907T0	552	553	1	0.138918
MGG_06205T0	3879	3880	139	2.75211
MGG_09250T0	1932	1933	1154	45.8624
MGG_16803T0	177	178	0	0
MGG_15790T0	1491	1492	8.08786	0.416435
MGG_17351T0	165	166	2	0.92556
MGG_06359T0	953	954	376	30.2777
MGG_08896T0	1569	1570	5443	266.331
MGG_10777T0	318	319	0	0
MGG_05623T0	1704	1705	407.137	18.3442
MGG_07587T0	996	997	0	0
MGG_15144T0	606	607	1	0.126559
MGG_12222T0	1652	1653	112	5.20509
MGG_13772T0	2157	2158	177.293	6.31135
MGG_02483T0	1997	1998	1065.79	40.9786
MGG_12919T0	1460	1461	287	15.0909
MGG_17098T0	4070	4071	186	3.5099
MGG_05146T0	1296	1297	905	53.6033
MGG_07166T0	1099	1100	27	1.88562
MGG_15757T0	1267	1268	13.831	0.83795
MGG_14290T0	264	265	2	0.579785
MGG_03255T0	4166	4167	1691	31.1747
MGG_16536T0	210	211	0	0
MGG_09079T0	1124	1125	4464	304.828
MGG_07614T0	2806	2807	14403	394.179
MGG_06143T0	5045	5046	2094	31.8795
MGG_00832T0	3522	3523	608	13.2579
MGG_03135T0	844	845	2740	249.102
MGG_12037T0	2770	2771	140	3.88127
MGG_03663T0	1004	1005	6198	473.771
MGG_18100T0	369	370	0	0
MGG_11450T0	1332	1333	83	4.78333
MGG_04546T0	312	313	0	0
MGG_11676T0	2166	2167	131	4.64403
MGG_07831T0	1029	1030	98	7.30923
MGG_06047T0	2257	2258	982	33.4095
MGG_05933T0	4015	4016	3613	69.1126
MGG_04059T0	2009	2010	67.8671	2.59386
MGG_17872T0	1701	1702	0	0
MGG_17591T0	174	175	0	0
MGG_16632T0	822	823	3	0.28003
MGG_16036T0	334	335	0	0
MGG_06764T0	2350	2351	874.667	28.5807
MGG_14134T0	2011	2012	20	0.763633
MGG_04841T0	1539	1540	51	2.54409
MGG_07925T0	2446	2447	1658	52.0515
MGG_02732T0	2525	2526	1515.8	46.0989
MGG_08328T0	1654	1655	76	3.52775
MGG_15430T0	1296	1297	0	0
MGG_05663T0	2452	2453	24949	781.337
MGG_17425T0	362	363	9	1.90466
MGG_06344T0	1416	1417	3	0.162643
MGG_01992T0	453	454	0	0
MGG_05855T0	2366	2367	20	0.649104
MGG_16847T0	1726	1727	68.7523	3.05828
MGG_04749T0	1221	1222	74357	4674.48
MGG_05489T0	2373	2374	0	0
MGG_17068T0	303	304	15	3.79053
MGG_13527T0	2954	2955	237	6.16132
MGG_01548T0	3642	3643	1068.76	22.5374
MGG_06369T0	2155	2156	460	16.3905
MGG_10316T0	1689	1690	0	0
MGG_03727T0	1048	1049	3024.9	221.523
MGG_06180T0	1873	1874	3161	129.58
MGG_01396T0	3334	3335	159	3.66255
MGG_05905T0	2762	2763	2241	62.308
MGG_07355T0	1032	1033	22.0605	1.64058
MGG_16615T0	673	674	39.724	4.52768
MGG_04421T0	6669	6670	2021	23.2768
MGG_16109T0	267	268	5	1.43324
MGG_07161T0	2532	2533	2203	66.8132
MGG_16607T0	852	853	36	3.24217
MGG_05712T0	2580	2581	377	11.2211
MGG_04437T0	2988	2989	193	4.96037
MGG_03631T0	2109	2110	989	36.0078
MGG_03282T0	1806	1807	362.906	15.4283
MGG_09542T0	924	925	801	66.5233
MGG_09958T0	753	754	0	0
MGG_07492T0	879	880	786	68.6156
MGG_05090T0	2766	2767	105	2.91516
MGG_01390T0	2045	2046	473	17.7598
MGG_06331T0	2292	2293	3832	128.382
MGG_13226T0	1283	1284	253	15.1369
MGG_13716T0	237	238	17	5.48725
MGG_05538T0	489	490	0	0
MGG_14217T0	1671	1672	0	0
MGG_15314T0	332	333	6	1.38417
MGG_01648T0	1983	1984	736.851	28.5312
MGG_08861T0	1339	1340	894	51.2525
MGG_06611T0	726	727	4	0.422677
MGG_01814T0	2294	2295	1609	53.8587
MGG_05187T0	336	337	317	72.2623
MGG_09089T0	909	910	2	0.168838
MGG_11378T0	690	691	38	4.22463
MGG_14610T0	1260	1261	0	0
MGG_16121T0	349	350	1	0.21949
MGG_14670T0	497	498	13	2.00538
MGG_09247T0	3077	3078	1732	43.2277
MGG_09930T0	4102	4103	1025	19.1913
MGG_10681T0	3125	3126	1195	29.3671
MGG_15910T0	411	412	0	0
MGG_05080T0	1437	1438	337	18.0034
MGG_01805T0	3029	3030	1484.97	37.6494
MGG_03993T0	6906	6907	1613	17.9402
MGG_09750T0	1525	1526	1079	54.3187
MGG_10581T0	2061	2062	57	2.12358
MGG_13009T0	678	679	813	91.9821
MGG_01874T0	1861	1862	116	4.78587
MGG_05293T0	2030	2031	15	0.567367
MGG_15555T0	258	259	0	0
MGG_15182T0	1590	1591	12	0.57942
MGG_09082T0	5179	5180	2697	39.9976
MGG_04885T0	2237	2238	1527	52.4157
MGG_07633T0	837	838	70	6.41707
MGG_07758T0	201	202	7	2.66213
MGG_07762T0	474	475	728	117.739
MGG_02206T0	816	817	6	0.564172
MGG_00993T0	2154	2155	929	33.117
MGG_06259T0	3077	3078	14604	364.49
MGG_03392T0	1527	1528	1729	86.9269
MGG_15919T0	873	874	2.41454	0.21223
MGG_18051T0	258	259	0	0
MGG_15658T0	210	211	16	5.82533
MGG_00277T0	1353	1354	962	54.5807
MGG_15997T0	1429	1430	0	0
MGG_11697T0	1771	1772	0	0
MGG_08107T0	1463	1464	819	42.976
MGG_17733T0	1455	1456	328.738	17.3449
MGG_12722T0	2184	2185	2	0.0703171
MGG_02164T0	579	580	0	0
MGG_01484T0	1251	1252	686	42.0923
MGG_07779T0	2171	2172	239	8.45319
MGG_17015T0	207	208	0	0
MGG_02606T0	1292	1293	6386	379.414
MGG_17295T0	165	166	0	0
MGG_15639T0	276	277	4	1.10934
MGG_15776T0	401	402	39.2653	7.50354
MGG_10337T0	1431	1432	1	0.0536463
MGG_10812T0	1845	1846	0	0
MGG_16735T0	453	454	7	1.18447
MGG_10253T0	816	817	218	20.4983
MGG_03009T0	1158	1159	150	9.94238
MGG_06935T0	1624	1625	2531	119.652
MGG_07474T0	1086	1087	491	34.7004
MGG_08643T0	5382	5383	334	4.76656
MGG_04587T0	3957	3958	1142	22.1653
MGG_02442T0	4306	4307	454.687	8.11
MGG_05428T0	1818	1819	577	24.3683
MGG_17744T0	468	469	52	8.51752
MGG_01595T0	2309	2310	632.734	21.0422
MGG_17551T0	486	487	0	0
MGG_16248T0	1164	1165	1798	118.562
MGG_04881T0	1767	1768	565	24.5499
MGG_03581T0	2630	2631	269.62	7.87253
MGG_17930T0	848	849	7	0.633393
MGG_15033T0	588	589	0	0
MGG_10360T0	1200	1201	60	3.83788
MGG_01849T0	4355	4356	4925	86.8562
MGG_14599T0	378	379	0	0
MGG_03212T0	1243	1244	42	2.59365
MGG_07525T0	2352	2353	226	7.37852
MGG_01556T0	902	903	1073.34	91.3132
MGG_15732T0	2551	2552	992	29.8616
MGG_16482T0	695	696	373.156	41.1873
MGG_17672T0	318	319	0	0
MGG_06988T0	810	811	11	1.04197
MGG_14752T0	3655	3656	495	10.4012
MGG_14011T0	3491	3492	603	13.2656
MGG_06289T0	1191	1192	1076	69.3456
MGG_15801T0	381	382	0	0
MGG_05239T0	4335	4336	267.272	4.73529
MGG_03645T0	2266	2267	453	15.3507
MGG_07206T0	2048	2049	65.3952	2.45181
MGG_03242T0	5025	5026	934	14.276
MGG_02566T0	1854	1855	758	31.3912
MGG_06584T0	1128	1129	331	22.5225
MGG_06640T0	3999	4000	869.74	16.7037
MGG_09961T0	3551	3552	963	20.8274
MGG_16648T0	1428	1429	75	4.03192
MGG_13619T0	1453	1454	48	2.53606
MGG_10504T0	3120	3121	3103	76.3784
MGG_06014T0	1623	1624	603	28.5242
MGG_17213T0	561	562	0.666667	0.0911287
MGG_16638T0	417	418	50	9.18917
MGG_06600T0	2178	2179	659.713	23.2585
MGG_06405T0	1555	1556	493	24.34
MGG_03901T0	2212	2213	5859.85	203.417
MGG_06092T0	1959	1960	453	17.7552
MGG_04394T0	1152	1153	9	0.599647
MGG_00259T0	444	445	24636	4252.98
MGG_17516T0	402	403	12	2.28749
MGG_11030T0	633	634	38	4.60444
MGG_07097T0	2287	2288	1199.53	40.2751
MGG_07964T0	969	970	174	13.7803
MGG_02823T0	8768	8769	3166	27.7359
MGG_16491T0	537	538	0	0
MGG_03285T0	2631	2632	2597.37	75.8107
MGG_16091T0	276	277	0	0
MGG_08116T0	708	709	572.388	62.0194
MGG_01872T0	1388	1389	292	16.1497
MGG_10751T0	2316	2317	26	0.862045
MGG_17054T0	3685	3686	6991	145.702
MGG_17715T0	339	340	2	0.451891
MGG_07891T0	1750	1751	13	0.570348
MGG_09721T0	2469	2470	24	0.746444
MGG_17053T0	1346	1347	25961	1480.6
MGG_06628T0	3132	3133	2583	63.3354
MGG_10694T0	2822	2823	222	6.04122
MGG_11893T0	1596	1597	320	15.3932
MGG_01335T0	1119	1120	456	31.2773
MGG_06403T0	2482	2483	6727	208.127
MGG_04031T0	3018	3019	236	6.00526
MGG_06169T0	1675	1676	3093.66	141.802
MGG_02222T0	813	814	0	0
MGG_05554T0	1401	1402	0	0
MGG_05739T0	3444	3445	258.909	5.77353
MGG_10498T0	1428	1429	1	0.0537589
MGG_16417T0	2087	2088	2340.29	86.1037
MGG_01069T0	1055	1056	1011.72	73.6003
MGG_00538T0	2161	2162	2728	96.9329
MGG_00331T0	1360	1361	2865	161.715
MGG_02601T0	1772	1773	47	2.03644
MGG_01567T0	726	727	54	5.70614
MGG_01334T0	405	406	3639	688.555
MGG_00352T0	2173	2174	597	21.0959
MGG_07192T0	3288	3289	3238	75.6303
MGG_17077T0	342	343	0	0
MGG_16796T0	345	346	12180	2704.29
MGG_03670T0	2163	2164	72451	2571.99
MGG_06886T0	2796	2797	29	0.796504
MGG_12138T0	2047	2048	539.133	20.2231
MGG_03324T0	1122	1123	248	16.965
MGG_00304T0	2430	2431	0	0
MGG_06301T0	2917	2918	1969	51.8374
MGG_15436T0	1629	1630	0	0
MGG_13324T0	4790	4791	720	11.5449
MGG_00145T0	3297	3298	1414.51	32.9488
MGG_10105T0	999	1000	0	0
MGG_03248T0	3659	3660	979	20.5487
MGG_02737T0	2316	2317	1401	46.451
MGG_01349T0	1672	1673	365	16.7602
MGG_17500T0	306	307	0	0
MGG_16404T0	525	526	3	0.438145
MGG_05682T0	1820	1821	391.561	16.5186
MGG_17747T0	1814	1815	7.72088	0.326793
MGG_06209T0	1237	1238	3397.99	210.855
MGG_09176T0	642	643	2	0.238947
MGG_16842T0	609	610	12	1.51124
MGG_11919T0	2794	2795	1983	54.5034
MGG_11681T0	573	574	5	0.669177
MGG_02940T0	2313	2314	1469	48.7687
MGG_06487T0	1594	1595	166	7.99521
MGG_06647T0	1236	1237	7	0.434721
MGG_01426T0	2832	2833	1364	36.9871
MGG_07661T0	4663	4664	280.299	4.61685
MGG_04159T0	2735	2736	6423.78	180.367
MGG_12818T0	1090	1091	626	44.0791
MGG_01289T0	1961	1962	172	6.73461
MGG_15438T0	1449	1450	1	0.0529803
MGG_05331T0	2201	2202	2202.84	76.8509
MGG_17906T0	183	184	0	0
MGG_15077T0	588	589	332	43.3018
MGG_09545T0	2471	2472	1072	33.3142
MGG_10526T0	5451	5452	716	10.0888
MGG_03720T0	1559	1560	1132	55.7448
MGG_10468T0	1494	1495	28	1.4388
MGG_17799T0	336	337	0	0
MGG_14215T0	2640	2641	0	0
MGG_17011T0	267	268	9	2.57983
MGG_14691T0	1256	1257	16	0.977839
MGG_03836T0	2032	2033	51	1.92715
MGG_09805T0	1509	1510	0	0
MGG_06316T0	1730	1731	820	36.3915
MGG_08746T0	3340	3341	980	22.5337
MGG_15519T0	273	274	0	0
MGG_15834T0	1070	1071	11	0.789016
MGG_05779T0	198	199	0	0
MGG_09988T0	1683	1684	17	0.775514
MGG_01538T0	5037	5038	1453	22.1559
MGG_17698T0	4789	4790	1152	18.4756
MGG_14768T0	4204	4205	161	2.94132
MGG_01171T0	3307	3308	181	4.20335
MGG_13132T0	471	472	16	2.60412
MGG_03245T0	1835	1836	2046	85.6083
MGG_08862T0	1251	1252	57.9318	3.55464
MGG_16447T0	340	341	6	1.3517
MGG_02891T0	2021	2022	1716	65.1957
MGG_05120T0	1452	1453	29	1.53326
MGG_05637T0	2804	2805	5735	157.066
MGG_17256T0	411	412	0	0
MGG_08572T0	1545	1546	378	18.783
MGG_02604T0	1583	1584	772.955	37.4871
MGG_03367T0	4188	4189	201.668	3.69835
MGG_16448T0	204	205	1.00261	0.375718
MGG_14834T0	516	517	0	0
MGG_05009T0	3994	3995	134	2.57674
MGG_04979T0	2057	2058	1960	73.1633
MGG_12791T0	3001	3002	9166	234.559
MGG_09177T0	1979	1980	52	2.01753
MGG_09440T0	1518	1519	3	0.151721
MGG_06999T0	1779	1780	419.514	18.1054
MGG_11156T0	519	520	136	20.0918
MGG_13875T0	1431	1432	4	0.214585
MGG_09491T0	1018	1019	2	0.150778
MGG_02379T0	726	727	22	2.32472
MGG_17347T0	879	880	18	1.57135
MGG_05256T0	2940	2941	1802	47.0698
MGG_17471T0	4295	4296	8948	160.009
MGG_00946T0	1960	1961	1616	63.3062
MGG_15951T0	1871	1872	2260	92.7439
MGG_06753T0	1045	1046	10	0.734431
MGG_03833T0	1210	1211	0	0
MGG_02842T0	2356	2357	1083.74	35.3222
MGG_17149T0	703	704	1	0.109121
MGG_01044T0	2471	2472	1195	37.1366
MGG_09100T0	645	646	338	40.1945
MGG_06185T0	527	528	2435.46	354.348
MGG_01781T0	4410	4411	5751	100.159
MGG_15018T0	3121	3122	2347	57.7514
MGG_08360T0	699	700	0	0
MGG_09681T0	1008	1009	0	0
MGG_03530T0	3376	3377	2242	51.002
MGG_07558T0	878	879	0	0
MGG_17233T0	255	256	0	0
MGG_09488T0	1934	1935	831	32.9916
MGG_01594T0	2315	2316	1929.27	63.9936
MGG_09478T0	561	562	29	3.9641
MGG_04726T0	3821	3822	243	4.88425
MGG_03165T0	2390	2391	5249	168.647
MGG_16766T0	722	723	8	0.85003
MGG_05748T0	1232	1233	1004	62.5537
MGG_07836T0	456	457	228	38.3267
MGG_07914T0	943	944	733	59.6506
MGG_09098T0	3153	3154	3	0.0730705
MGG_16098T0	396	397	0	0
MGG_04024T0	4253	4254	329	5.94129
MGG_04511T0	1503	1504	253	12.9228
MGG_07971T0	4396	4397	2553	44.6043
MGG_11487T0	1198	1199	5	0.320356
MGG_00791T0	1077	1078	161	11.4733
MGG_12304T0	2598	2599	80.7647	2.38725
MGG_17771T0	1359	1360	13	0.734323
MGG_03729T0	2395	2396	900	28.8562
MGG_09438T0	372	373	0	0
MGG_11658T0	1377	1378	90	5.01737
MGG_02955T0	1179	1180	716	46.6137
MGG_02740T0	1699	1700	104	4.69967
MGG_04019T0	4625	4626	636.569	10.5712
MGG_09469T0	1585	1586	67	3.2453
MGG_16878T0	402	403	106	20.2061
MGG_00428T0	9097	9098	219.772	1.85571
MGG_02017T0	1125	1126	0	0
MGG_16781T0	258	259	0	0
MGG_00152T0	4431	4432	1481	25.6707
MGG_17958T0	1196	1197	646	41.4592
MGG_17557T0	1609	1610	928	44.2797
MGG_07017T0	507	508	9	1.36101
MGG_14853T0	1118	1119	79.3481	5.4474
MGG_16647T0	385	386	7	1.39314
MGG_08477T0	900	901	0	0
MGG_17992T0	324	325	0	0
MGG_11431T0	1077	1078	839	59.7896
MGG_15615T0	420	421	0	0
MGG_07311T0	1404	1405	365	19.9572
MGG_04398T0	1646	1647	106.559	4.97024
MGG_04517T0	3415	3416	1710.81	38.4739
MGG_15184T0	1602	1603	6	0.287541
MGG_08938T0	1565	1566	662	32.475
MGG_14248T0	444	445	0	0
MGG_04186T0	5122	5123	8786.27	131.754
MGG_03478T0	763	764	773	77.7264
MGG_01427T0	2501	2502	747.38	22.9476
MGG_14873T0	3093	3094	299	7.42392
MGG_02936T0	564	565	5	0.679836
MGG_02072T0	3396	3397	660	14.9256
MGG_15867T0	3955	3956	1473	28.6042
MGG_14587T0	2972	2973	474	12.248
MGG_06484T0	1701	1702	5922	267.295
MGG_16415T0	297	298	5	1.28895
MGG_12478T0	2034	2035	5	0.188751
MGG_02904T0	3606	3607	74	1.57604
MGG_00776T0	1803	1804	326	13.8824
MGG_07221T0	1213	1214	3695	233.818
MGG_11916T0	1931	1932	35321	1404.46
MGG_04532T0	1485	1486	0	0
MGG_18062T0	411	412	1	0.18646
MGG_02217T0	1407	1408	0	0
MGG_17527T0	225	226	0	0
MGG_16550T0	660	661	1629.1	189.334
MGG_15798T0	297	298	0	0
MGG_06791T0	1815	1816	19	0.803749
MGG_10202T0	1954	1955	1230	48.3327
MGG_03365T0	504	505	2	0.304244
MGG_06243T0	4067	4068	912	17.2225
MGG_04828T0	2812	2813	9007.06	245.978
MGG_16865T0	258	259	7	2.07626
MGG_00872T0	894	895	567.009	48.6687
MGG_00047T0	491	492	7325	1143.73
MGG_11278T0	2546	2547	4526	136.511
MGG_07669T0	351	352	3	0.654729
MGG_01702T0	3480	3481	7455.17	164.527
MGG_08820T0	4280	4281	2541	45.5976
MGG_05225T0	3197	3198	137	3.29098
MGG_07550T0	1488	1489	0	0
MGG_08804T0	2298	2299	682	22.7891
MGG_04980T0	788	789	434.83	42.3375
MGG_05396T0	468	469	14	2.29318
MGG_16894T0	1830	1831	16.0399	0.672971
MGG_17204T0	383	384	10	2.00056
MGG_10024T0	1294	1295	51	3.0254
MGG_16561T0	879	880	0	0
MGG_02332T0	810	811	2	0.189449
MGG_01393T0	3317	3318	55	1.27341
MGG_09519T0	1824	1825	3365	141.646
MGG_17377T0	388	389	4	0.789938
MGG_06695T0	2113	2114	166	6.03234
MGG_16215T0	192	193	0	0
MGG_03241T0	2776	2777	2680	74.1381
MGG_09224T0	2013	2014	54	2.05976
MGG_16664T0	369	370	0	0
MGG_06175T0	3107	3108	5575	137.799
MGG_03548T0	5789	5790	2010	26.6686
MGG_01529T0	402	403	892	170.037
MGG_14949T0	645	646	75	8.9189
MGG_06609T0	1581	1582	2117	102.801
MGG_16147T0	1140	1141	131	8.82
MGG_13203T0	2795	2796	1128.24	30.999
MGG_09350T0	2102	2103	852	31.1231
MGG_17504T0	1296	1297	539	31.925
MGG_17470T0	740	741	17	1.76244
MGG_02269T0	1625	1626	22	1.03941
MGG_18072T0	285	286	0	0
MGG_10723T0	207	208	33	12.188
MGG_08753T0	1249	1250	19	1.16769
MGG_12336T0	5524	5525	2708	37.653
MGG_11410T0	2739	2740	939	26.3268
MGG_03880T0	1741	1742	1487.27	65.5879
MGG_12764T0	893	894	823	70.7204
MGG_07214T0	1380	1381	66	3.67141
MGG_06519T0	2776	2777	856	23.6799
MGG_15623T0	252	253	0	0
MGG_01397T0	1563	1564	59	2.898
MGG_05010T0	1745	1746	18	0.791974
MGG_04304T0	1151	1152	5	0.333427
MGG_05963T0	1488	1489	230.592	11.8968
MGG_17522T0	234	235	55	17.9795
MGG_04150T0	3204	3205	2865	68.6719
MGG_07296T0	2970	2971	1013.53	26.2069
MGG_15823T0	426	427	0	0
MGG_05655T0	1074	1075	2	0.142924
MGG_13766T0	963	964	36	2.86885
MGG_01374T0	835	836	1	0.0918917
MGG_03926T0	3049	3050	3076	77.4764
MGG_00411T0	3000	3001	109	2.79025
MGG_06096T0	2683	2684	710.208	20.3276
MGG_08614T0	1825	1826	70	2.94496
MGG_08279T0	2585	2586	217	6.44635
MGG_02532T0	1275	1276	40	2.4082
MGG_14758T0	570	571	470	63.2331
MGG_12081T0	285	286	57	15.3106
MGG_13326T0	2781	2782	2009	55.476
MGG_03161T0	3281	3282	451.155	10.5601
MGG_00311T0	1290	1291	193.394	11.508
MGG_07523T0	4947	4948	2379	36.9358
MGG_06241T0	1452	1453	6010	317.754
MGG_08582T0	3749	3750	6628	135.779
MGG_01751T0	4219	4220	2013	36.6449
MGG_12527T0	1878	1879	86	3.51604
MGG_04456T0	3775	3776	145	2.94998
MGG_10735T0	2301	2302	335	11.1795
MGG_05675T0	3977	3978	3393	65.5242
MGG_06001T0	2336	2337	5786	190.196
MGG_07386T0	2957	2958	266	6.90822
MGG_14677T0	1785	1786	862	37.0773
MGG_10185T0	921	922	2012	167.641
MGG_17884T0	1065	1066	14	1.00891
MGG_11206T0	560	561	783	107.221
MGG_07215T0	3273	3274	12581	295.202
MGG_15858T0	168	169	1	0.454565
MGG_04613T0	1239	1240	64.4062	3.99014
MGG_11279T0	2543	2544	3597	108.619
MGG_15310T0	927	928	6	0.496691
MGG_17526T0	174	175	0	0
MGG_00811T0	2127	2128	403.78	14.5766
MGG_07642T0	1299	1300	0	0
MGG_04050T0	1754	1755	1111	48.6317
MGG_03637T0	5516	5517	970	13.5068
MGG_10505T0	955	956	0	0
MGG_00096T0	1773	1774	330.908	14.3297
MGG_09512T0	1555	1556	18996.5	937.878
MGG_03184T0	1860	1861	1035	42.7245
MGG_07791T0	666	667	393	45.2636
MGG_08199T0	4526	4527	7963	135.129
MGG_13797T0	327	328	19	4.45003
MGG_09147T0	1047	1048	6	0.439818
MGG_09533T0	1746	1747	1306.36	57.4452
MGG_03349T0	1849	1850	5	0.207626
MGG_07910T0	2085	2086	1084	39.9207
MGG_00793T0	345	346	0	0
MGG_02374T0	2223	2224	119	4.1105
MGG_06120T0	8711	8712	281.809	2.48496
MGG_00860T0	815	816	1188	111.843
MGG_11193T0	1690	1691	241	10.9485
MGG_16070T0	1035	1036	0	0
MGG_13927T0	1650	1651	0	0
MGG_16717T0	398	399	50	9.62675
MGG_09329T0	996	997	494	38.064
MGG_08069T0	1390	1391	233.597	12.901
MGG_17807T0	552	553	10	1.38918
MGG_05031T0	2545	2546	196	5.91399
MGG_09103T0	2031	2032	0	0
MGG_13604T0	454	455	13	2.1949
MGG_05297T0	753	754	312	31.7882
MGG_07938T0	975	976	16	1.25937
MGG_04045T0	3081	3082	981	24.4523
MGG_00535T0	3644	3645	39	0.821958
MGG_04821T0	2412	2413	2483	79.05
MGG_06621T0	705	706	0	0
MGG_16364T0	537	538	713	101.81
MGG_13186T0	2602	2603	3766	111.145
MGG_02556T0	420	421	0	0
MGG_04496T0	985	986	75	5.84342
MGG_03110T0	1600	1601	1041	49.9508
MGG_04308T0	162	163	0	0
MGG_15208T0	249	250	0	0
MGG_01014T0	3982	3983	566	10.9166
MGG_15288T0	2424	2425	1060	33.5797
MGG_07444T0	2465	2466	148.658	4.63104
MGG_00053T0	2438	2439	286	9.00818
MGG_06373T0	1947	1948	618	24.3715
MGG_00809T0	3847	3848	398.546	7.95658
MGG_00241T0	6459	6460	0	0
MGG_03385T0	1107	1108	0	0
MGG_04759T0	2847	2848	371	10.0073
MGG_02658T0	2289	2290	675	22.6439
MGG_01169T0	2137	2138	175	6.28801
MGG_14329T0	4196	4197	2727	49.9147
MGG_17076T0	399	400	13	2.4967
MGG_02113T0	600	601	1201	153.515
MGG_16124T0	742	743	17	1.75769
MGG_12421T0	2496	2497	89	2.73813
MGG_08757T0	3609	3610	1321	28.1111
MGG_00611T0	1439	1440	119	6.34844
MGG_05687T0	4771	4772	2376.69	38.2608
MGG_03608T0	1803	1804	513.083	21.8491
MGG_12026T0	315	316	3	0.729318
MGG_16133T0	1769	1770	13970	606.326
MGG_03671T0	1048	1049	12	0.878797
MGG_08653T0	2004	2005	165	6.32197
MGG_01621T0	1054	1055	953	69.3942
MGG_17707T0	5061	5062	2856.9	43.3567
MGG_00725T0	2252	2253	5801	197.799
MGG_16866T0	1320	1321	9102	529.318
MGG_08405T0	1397	1398	160	8.79216
MGG_06761T0	2877	2878	1023	27.3066
MGG_09636T0	1407	1408	0	0
MGG_09127T0	555	556	94	12.9878
MGG_03716T0	3823	3824	2571.82	51.6661
MGG_17635T0	546	547	0	0
MGG_15597T0	204	205	0	0
MGG_00226T0	2682	2683	446.504	12.7846
MGG_02202T0	639	640	0	0
MGG_05622T0	2292	2293	3435.86	115.11
MGG_00891T0	2518	2519	792	24.1535
MGG_15821T0	168	169	1	0.454565
MGG_01121T0	1184	1185	1349	87.4533
MGG_06570T0	3231	3232	1737	41.2868
MGG_02257T0	954	955	58	4.6656
MGG_16976T0	315	316	0	0
MGG_08345T0	4176	4177	3474	63.8922
MGG_12584T0	1359	1360	178	10.0546
MGG_06945T0	3682	3683	466	9.72001
MGG_15046T0	504	505	0	0
MGG_13670T0	366	367	0	0
MGG_15793T0	459	460	8	1.33603
MGG_00645T0	2411	2412	1028.76	32.7658
MGG_02712T0	2083	2084	303	11.1693
MGG_04041T0	841	842	38	3.467
MGG_15881T0	174	175	18	7.90164
MGG_00291T0	5598	5599	108	1.48182
MGG_03521T0	2784	2785	16819	463.936
MGG_01691T0	3550	3551	720	15.5763
MGG_15229T0	1623	1624	542.479	25.6614
MGG_08179T0	2156	2157	0	0
MGG_15839T0	293	294	8	2.09038
MGG_17892T0	708	709	11	1.19187
MGG_10514T0	1963	1964	4827	188.807
MGG_10680T0	1156	1157	2318.08	153.914
MGG_06125T0	1469	1470	1873	97.8821
MGG_14053T0	282	283	0	0
MGG_17066T0	763	764	34	3.41876
MGG_04672T0	1932	1933	4205	167.116
MGG_01245T0	2049	2050	5920	221.845
MGG_02970T0	2250	2251	585	19.9647
MGG_09945T0	2292	2293	14	0.469037
MGG_04986T0	1392	1393	3700	204.048
MGG_03435T0	3232	3233	6430.32	152.795
MGG_00970T0	1414	1415	1778	96.529
MGG_17518T0	314	315	27	6.5847
MGG_02875T0	6195	6196	2477	30.7112
MGG_17382T0	309	310	0	0
MGG_07615T0	729	730	5	0.526175
MGG_01964T0	474	475	0	0
MGG_06729T0	2656	2657	3246.7	93.8714
MGG_03830T0	1506	1507	0	0
MGG_03535T0	3030	3031	1775.39	44.9978
MGG_02884T0	1784	1785	7	0.301261
MGG_02715T0	1401	1402	125	6.84928
MGG_02649T0	3140	3141	0	0
MGG_15758T0	198	199	5	1.93019
MGG_15572T0	183	184	6	2.50505
MGG_10011T0	6924	6925	3	0.0332801
MGG_15564T0	782	783	12	1.17734
MGG_16259T0	2097	2098	2603	95.3128
MGG_02101T0	1229	1230	26	1.62387
MGG_00160T0	2406	2407	9	0.287243
MGG_05161T0	2153	2154	138	4.92171
MGG_00340T0	828	829	42	3.89204
MGG_14861T0	747	748	55	5.64864
MGG_02733T0	1728	1729	1099.2	48.8388
MGG_15270T0	441	442	0	0
MGG_03701T0	2455	2456	1137	35.5643
MGG_02829T0	2870	2871	36539	977.701
MGG_08074T0	2212	2213	17	0.590133
MGG_16012T0	686	687	0	0
MGG_03829T0	1100	1101	0	0
MGG_06543T0	987	988	43	3.34345
MGG_09190T0	4506	4507	1768	30.1354
MGG_15429T0	2799	2800	603	16.5441
MGG_14725T0	402	403	0	0
MGG_01590T0	2607	2608	2277.5	67.0862
MGG_09526T0	1337	1338	213	12.2294
MGG_14194T0	516	517	0	0
MGG_12897T0	882	883	355	30.8852
MGG_08093T0	4190	4191	2443	44.7805
MGG_09716T0	1945	1946	5604	221.227
MGG_10328T0	1533	1534	160	8.01267
MGG_17409T0	162	163	0	0
MGG_06071T0	993	994	1193	92.2012
MGG_07223T0	1017	1018	609	45.9571
MGG_12091T0	1161	1162	15	0.991671
MGG_15886T0	1488	1489	238	12.2791
MGG_04654T0	1332	1333	540	31.1205
MGG_06835T0	669	670	0	0
MGG_14775T0	4024	4025	2747	52.4295
MGG_00977T0	1384	1385	566	31.3942
MGG_01700T0	1875	1876	43	1.76083
MGG_06040T0	1647	1648	43.9981	2.05097
MGG_02851T0	1863	1864	28133	1159.45
MGG_02081T0	1904	1905	0	0
MGG_17785T0	424	425	0	0
MGG_16268T0	288	289	7	1.86073
MGG_02722T0	1804	1805	6434	273.833
MGG_17879T0	303	304	1576	398.259
MGG_07457T0	3239	3240	412.303	9.77583
MGG_17628T0	588	589	0	0
MGG_15014T0	504	505	2	0.304244
MGG_04545T0	1929	1930	229	9.11509
MGG_02121T0	1056	1057	0	0
MGG_05845T0	1869	1870	1	0.041081
MGG_10547T0	2776	2777	53	1.46616
MGG_11724T0	2225	2226	286	9.87015
MGG_11495T0	2147	2148	0	0
MGG_03030T0	1859	1860	27	1.11515
MGG_11300T0	362	363	0	0
MGG_05505T0	1847	1848	184	7.64889
MGG_17244T0	225	226	0	0
MGG_16058T0	339	340	0	0
MGG_01816T0	5557	5558	11317	156.421
MGG_08761T0	2697	2698	329	9.36778
MGG_04743T0	2442	2443	401	12.6097
MGG_11025T0	4185	4186	394	7.23069
MGG_05631T0	2550	2551	1416	42.6418
MGG_08915T0	2337	2338	12	0.394293
MGG_13647T0	1761	1762	375	16.3496
MGG_12926T0	2636	2637	2362	68.8101
MGG_04230T0	1575	1576	101	4.9232
MGG_07516T0	2352	2353	1585	51.7476
MGG_11270T0	2362	2363	1350	43.8887
MGG_10732T0	342	343	0	0
MGG_05597T0	1205	1206	83	5.28705
MGG_10006T0	885	886	744	64.5092
MGG_16192T0	936	937	4.01329	0.329036
MGG_15956T0	207	208	0	0
MGG_01720T0	2727	2728	4180	117.71
MGG_06059T0	2194	2195	213.073	7.45723
MGG_01143T0	1848	1849	245	10.1792
MGG_05364T0	1125	1126	722	49.2585
MGG_17199T0	249	250	2	0.614572
MGG_05255T0	1888	1889	397.073	16.1481
MGG_17461T0	153	154	4	1.99536
MGG_15578T0	297	298	0	0
MGG_17697T0	6245	6246	1568	19.2853
MGG_16174T0	177	178	0	0
MGG_12479T0	1605	1606	52	2.48737
MGG_04136T0	880	881	2449.58	213.599
MGG_05262T0	9702	9703	6271	49.6493
MGG_17995T0	342	343	17	3.80748
MGG_03412T0	1636	1637	8	0.375426
MGG_08836T0	678	679	175	19.7994
MGG_04961T0	3040	3041	5631	142.25
MGG_04179T0	2957	2958	666	17.2965
MGG_01431T0	1379	1380	20.2108	1.12509
MGG_15495T0	950	951	2.57505	0.208012
MGG_15011T0	2178	2179	5401	190.414
MGG_07768T0	5611	5612	10173	139.256
MGG_16920T0	1205	1206	1310	83.4462
MGG_14930T0	1428	1429	117	6.28979
MGG_12758T0	2540	2541	1080	32.6514
MGG_05123T0	1620	1621	172	8.15132
MGG_14615T0	879	880	0	0
MGG_04771T0	2683	2684	989	28.3072
MGG_01600T0	1749	1750	467	20.5004
MGG_00648T0	1341	1342	159	9.1018
MGG_04140T0	2738	2739	2287.23	64.1505
MGG_08552T0	815	816	11	1.03558
MGG_06463T0	2429	2430	64	2.02328
MGG_07119T0	1269	1270	82	4.96013
MGG_09896T0	2660	2661	768	22.1717
MGG_07617T0	1431	1432	135.994	7.29559
MGG_15129T0	624	625	41	5.03949
MGG_10221T0	1068	1069	0	0
MGG_09362T0	324	325	10	2.36374
MGG_07469T0	1137	1138	547	36.9256
MGG_17113T0	1032	1033	149	11.0807
MGG_12323T0	247	248	0	0
MGG_16726T0	1492	1493	79	4.0649
MGG_01640T0	273	274	44	12.3363
MGG_03991T0	3961	3962	998	19.3508
MGG_16101T0	228	229	2	0.67093
MGG_04188T0	3673	3674	1514	31.657
MGG_09562T0	2829	2830	3603	97.8049
MGG_05228T0	1802	1803	52	2.21559
MGG_05752T0	342	343	2697	604.045
MGG_08745T0	2419	2420	746	23.6813
MGG_02525T0	1748	1749	1880	82.5754
MGG_01301T0	1815	1816	146	6.17618
MGG_16474T0	574	575	89.0525	11.8976
MGG_05887T0	744	745	2	0.206232
MGG_07358T0	2697	2698	0	0
MGG_01932T0	1311	1312	38	2.22501
MGG_03462T0	3402	3403	1176	26.5478
MGG_03051T0	3114	3115	330	8.13839
MGG_09904T0	3317	3318	2737	63.3696
MGG_06854T0	2594	2595	159.257	4.71459
MGG_01759T0	3158	3159	2204	53.5975
MGG_14945T0	6627	6628	0	0
MGG_13625T0	1098	1099	5	0.349506
MGG_09607T0	1644	1645	0	0
MGG_09413T0	3801	3802	434.303	8.77534
MGG_10876T0	2850	2851	157	4.23044
MGG_04589T0	6485	6486	7248.66	85.8546
MGG_16859T0	315	316	8	1.94485
MGG_08163T0	171	172	1293	577.501
MGG_16034T0	1357	1358	122	6.90149
MGG_15290T0	2393	2394	668.527	21.4525
MGG_04147T0	489	490	1342	210.397
MGG_00039T0	2805	2806	17	0.465419
MGG_16957T0	216	217	0	0
MGG_18053T0	201	202	0	0
MGG_07920T0	1902	1903	9	0.363318
MGG_10847T0	2013	2014	2862	109.167
MGG_01990T0	1504	1505	725	37.007
MGG_07915T0	1989	1990	1067	41.1902
MGG_15391T0	669	670	0	0
MGG_05190T0	4684	4685	8031	131.687
MGG_06559T0	3097	3098	11751	291.391
MGG_16203T0	4266	4267	2428	43.7128
MGG_00637T0	1761	1762	0	0
MGG_06770T0	1383	1384	77	4.27403
MGG_05278T0	2238	2239	126.49	4.33995
MGG_04719T0	1417	1418	1706	92.4242
MGG_05180T0	1161	1162	599.067	39.6052
MGG_05514T0	1435	1436	1032	55.2088
MGG_15228T0	354	355	22	4.76077
MGG_00016T0	1461	1462	5	0.262727
MGG_15609T0	783	784	106	10.3866
MGG_08833T0	1974	1975	4477.55	174.163
MGG_01838T0	2083	2084	863	31.8124
MGG_15936T0	1381	1382	1309	72.7636
MGG_13742T0	846	847	0	0
MGG_01481T0	1600	1601	709	34.0203
MGG_14859T0	1911	1912	205	8.23661
MGG_11991T0	341	342	490	110.066
MGG_16178T0	213	214	0	0
MGG_01839T0	2057	2058	71	2.6503
MGG_01073T0	3260	3261	1432	33.7345
MGG_13119T0	3214	3215	557	13.3094
MGG_02573T0	2297	2298	699	23.3674
MGG_00514T0	3003	3004	9812	250.923
MGG_07551T0	1774	1775	0	0
MGG_04851T0	1179	1180	5	0.325515
MGG_10618T0	1104	1105	27	1.87709
MGG_15797T0	279	280	0	0
MGG_11490T0	3810	3811	2452	49.427
MGG_15234T0	4854	4855	142	2.24689
MGG_03600T0	1908	1909	8542	343.745
MGG_02840T0	2370	2371	11381	368.75
MGG_06104T0	3388	3389	2032	46.0612
MGG_16322T0	294	295	0	0
MGG_01782T0	3079	3080	2307	57.5413
MGG_07854T0	788	789	4	0.389463
MGG_07029T0	607	608	1298	164.004
MGG_10144T0	837	838	0	0
MGG_16181T0	3741	3742	86	1.76554
MGG_16836T0	883	884	659	57.2685
MGG_13576T0	2760	2761	2	0.0556476
MGG_03318T0	1175	1176	1382.41	90.3051
MGG_00813T0	1349	1350	22	1.25191
MGG_02058T0	1746	1747	0	0
MGG_00666T0	998	999	2991	230.003
MGG_15101T0	390	391	0	0
MGG_03575T0	372	373	67	13.799
MGG_03556T0	1068	1069	731	52.5318
MGG_03073T0	1078	1079	2734	194.652
MGG_04419T0	1620	1621	114	5.40262
MGG_14729T0	1202	1203	1148	73.3093
MGG_02616T0	2418	2419	1470	46.6836
MGG_14264T0	2038	2039	437	16.4644
MGG_06354T0	1269	1270	223.877	13.5422
MGG_06776T0	7462	7463	4695	48.3287
MGG_04736T0	912	913	7	0.588993
MGG_03738T0	2980	2981	4618	119.008
MGG_09650T0	426	427	0	0
MGG_08971T0	787	788	0	0
MGG_17663T0	705	706	2.96078	0.32217
MGG_06314T0	4033	4034	790.598	15.0558
MGG_12691T0	432	433	25	4.43542
MGG_10358T0	2042	2043	390	14.6649
MGG_04925T0	597	598	23.0626	2.96271
MGG_04915T0	1668	1669	13	0.59837
MGG_08885T0	1417	1418	1825	98.8711
MGG_06365T0	1272	1273	279.782	16.884
MGG_12560T0	1326	1327	1	0.0578911
MGG_17359T0	453	454	0	0
MGG_04668T0	1391	1392	222	12.2517
MGG_16043T0	648	649	3	0.355107
MGG_04229T0	1820	1821	112.721	4.75531
MGG_06041T0	3775	3776	5	0.101723
MGG_09959T0	1382	1383	1109	61.6016
MGG_00221T0	1115	1116	1858.65	127.943
MGG_06186T0	2108	2109	505	18.3949
MGG_16572T0	1057	1058	1.55119	0.112632
MGG_11179T0	198	199	2	0.772075
MGG_09914T0	2001	2002	2810	107.826
MGG_10298T0	1974	1975	10	0.38897
MGG_15165T0	665	666	203	23.4156
MGG_15884T0	1013	1014	3	0.227282
MGG_15574T0	1126	1127	14	0.954304
MGG_07618T0	2169	2170	79	2.79673
MGG_18055T0	333	334	0	0
MGG_14352T0	564	565	71	9.65367
MGG_04548T0	2053	2054	1341	50.1546
MGG_12094T0	2577	2578	2050	61.0877
MGG_08600T0	1046	1047	4759	349.182
MGG_10273T0	1200	1201	7	0.447752
MGG_15421T0	1332	1333	127	7.31908
MGG_05232T0	1131	1132	342	23.2093
MGG_18006T0	2286	2287	34	1.14208
MGG_17190T0	413	414	3	0.556677
MGG_07719T0	1247	1248	252	15.512
MGG_15424T0	669	670	0	0
MGG_02410T0	1622	1623	2088	98.8313
MGG_16511T0	312	313	2775	681.085
MGG_16265T0	159	160	1	0.480134
MGG_06720T0	2015	2016	32785	1249.3
MGG_17139T0	399	400	10	1.92054
MGG_08381T0	1164	1165	0	0
MGG_16578T0	183	184	0	0
MGG_05658T0	1543	1544	261	12.986
MGG_04541T0	5681	5682	61	0.824729
MGG_02614T0	819	820	13	1.2179
MGG_02157T0	1627	1628	37	1.74594
MGG_09772T0	1826	1827	377.942	15.8917
MGG_06610T0	1674	1675	27	1.23832
MGG_02238T0	558	559	6719	923.37
MGG_10067T0	888	889	283	24.455
MGG_10449T0	1918	1919	2	0.0800641
MGG_17696T0	3228	3229	86.9843	2.06945
MGG_13915T0	2493	2494	1808	55.691
MGG_07435T0	1552	1553	512.29	25.3412
MGG_17847T0	2279	2280	30.2158	1.01808
MGG_10860T0	2077	2078	42	1.5527
MGG_03451T0	3666	3667	3368	70.5576
MGG_07330T0	537	538	375	53.5466
MGG_16304T0	162	163	55	25.9214
MGG_03507T0	639	640	33	3.96111
MGG_18099T0	1294	1295	1138	67.508
MGG_16220T0	2106	2107	303	11.0474
MGG_01982T0	3678	3679	3520	73.5014
MGG_05129T0	7269	7270	6690	70.6927
MGG_01401T0	1308	1309	56	3.28648
MGG_07674T0	2246	2247	3254	111.249
MGG_14932T0	195	196	11	4.31141
MGG_16626T0	297	298	0	0
MGG_13275T0	1401	1402	46837	2566.4
MGG_04509T0	1275	1276	3.58353	0.215746
MGG_01933T0	1443	1444	20	1.06401
MGG_04371T0	2357	2358	985	32.0904
MGG_08781T0	567	568	14	1.89349
MGG_14860T0	2153	2154	331	11.805
MGG_06626T0	2007	2008	7	0.267804
MGG_08895T0	1720	1721	2726	121.682
MGG_16518T0	381	382	3	0.60331
MGG_10656T0	1137	1138	81	5.46796
MGG_03550T0	1471	1472	1098	57.303
MGG_12936T0	1134	1135	305	20.6437
MGG_14702T0	1251	1252	54	3.31339
MGG_06913T0	1974	1975	734	28.5504
MGG_10941T0	3474	3475	144	3.18339
MGG_12633T0	2077	2078	524.757	19.3997
MGG_05678T0	3005	3006	274	7.00236
MGG_04442T0	2427	2428	886.818	28.0588
MGG_10196T0	4341	4342	1687	29.8475
MGG_16649T0	2943	2944	1309	34.1574
MGG_05679T0	441	442	1872	325.362
MGG_17947T0	234	235	5	1.6345
MGG_02913T0	4724	4725	3055	49.6698
MGG_02746T0	3025	3026	1295	32.8763
MGG_15914T0	744	745	0	0
MGG_06553T0	1463	1464	97.6781	5.12553
MGG_11252T0	2192	2193	1019	35.6959
MGG_03713T0	1533	1534	8	0.400634
MGG_03228T0	3099	3100	358	8.87164
MGG_06108T0	1136	1137	4515.66	305.101
MGG_17653T0	315	316	0	0
MGG_02207T0	384	385	0	0
MGG_17048T0	216	217	0	0
MGG_01475T0	1653	1654	3	0.139338
MGG_04888T0	2109	2110	266	9.6846
MGG_01170T0	534	535	1132	162.546
MGG_06077T0	1734	1735	327	14.4787
MGG_06280T0	1684	1685	161	7.34021
MGG_15665T0	207	208	12	4.43201
MGG_04327T0	5720	5721	102	1.36965
MGG_06335T0	3529	3530	991	21.5666
MGG_01018T0	1743	1744	19	0.836931
MGG_16902T0	438	439	8	1.39994
MGG_01868T0	2730	2731	376	10.5767
MGG_04605T0	1982	1983	297	11.5058
MGG_14592T0	441	442	11	1.91185
MGG_09619T0	1053	1054	25	1.82214
MGG_17948T0	318	319	21	5.05721
MGG_03971T0	1401	1402	4859	266.245
MGG_03295T0	2563	2564	124	3.71524
MGG_02880T0	4456	4457	3033	52.2772
MGG_01916T0	1698	1699	134	6.0589
MGG_00111T0	5114	5115	527	7.91494
MGG_17329T0	543	544	39	5.50742
MGG_00518T0	1360	1361	2326	131.291
MGG_06372T0	3407	3408	5570	125.556
MGG_01516T0	3209	3210	1792	42.886
MGG_10407T0	1158	1159	0	0
MGG_16915T0	4590	4591	285	4.76892
MGG_03850T0	7355	7356	1615	16.8661
MGG_02458T0	1085	1086	1137	80.4291
MGG_14596T0	2304	2305	192	6.39901
MGG_01326T0	3274	3275	789	18.5075
MGG_04481T0	1724	1725	17	0.757081
MGG_09010T0	2590	2591	5908	175.168
MGG_13236T0	210	211	4840	1762.16
MGG_00850T0	5205	5206	727.448	10.7345
MGG_00283T0	848	849	8	0.723877
MGG_15340T0	1275	1276	20	1.2041
MGG_14042T0	4872	4873	0	0
MGG_02424T0	1158	1159	290	19.2219
MGG_05633T0	1777	1778	319	13.7829
MGG_09255T0	6377	6378	1336	16.0918
MGG_06567T0	1895	1896	115	4.65953
MGG_15939T0	360	361	0	0
MGG_16817T0	246	247	7	2.17713
MGG_04864T0	1656	1657	3	0.139085
MGG_16040T0	159	160	0	0
MGG_04474T0	2736	2737	268	7.52216
MGG_16149T0	1496	1497	70946	3640.73
MGG_08695T0	1611	1612	21	1.00078
MGG_04393T0	927	928	17	1.40729
MGG_08111T0	1815	1816	9245	391.087
MGG_17393T0	636	637	87	10.4921
MGG_06535T0	1373	1374	71	3.96967
MGG_00838T0	693	694	147.566	16.3346
MGG_10844T0	969	970	4391	347.756
MGG_17605T0	477	478	0	0
MGG_04918T0	1042	1043	278.601	20.5202
MGG_14784T0	2131	2132	35	1.26114
MGG_17608T0	345	346	12	2.66433
MGG_14956T0	2345	2346	97.076	3.17882
MGG_11861T0	2362	2363	3686	119.832
MGG_07722T0	1656	1657	984	45.62
MGG_16739T0	1142	1143	2282	153.374
MGG_01853T0	2643	2644	0	0
MGG_05857T0	2592	2593	1669	49.4466
MGG_04454T0	1161	1162	790.794	52.2805
MGG_07209T0	1224	1225	1444	90.5553
MGG_02001T0	1834	1835	52	2.17696
MGG_04733T0	2172	2173	2	0.0707055
MGG_05991T0	4109	4110	5179	96.8025
MGG_08487T0	1687	1688	8.62292	0.392432
MGG_12793T0	804	805	268	25.5754
MGG_01543T0	2006	2007	51	1.95212
MGG_16974T0	114	115	0	0
MGG_15073T0	879	880	171.956	15.0113
MGG_14632T0	506	507	89	13.4854
MGG_14953T0	1962	1963	15	0.587021
MGG_12111T0	4346	4347	8781	155.18
MGG_06721T0	961	962	2837	226.552
MGG_17144T0	258	259	1	0.296608
MGG_03205T0	2729	2730	270	7.59773
MGG_16539T0	807	808	7	0.665533
MGG_03417T0	1191	1192	8	0.51558
MGG_04161T0	1147	1148	24	1.60602
MGG_00450T0	2798	2799	13533	371.427
MGG_02627T0	2719	2720	1511	42.6755
MGG_15602T0	249	250	0	0
MGG_13376T0	1564	1565	64	3.14158
MGG_00413T0	2613	2614	27589	810.799
MGG_07151T0	4060	4061	2034	38.477
MGG_12116T0	1599	1600	826	39.6591
MGG_02446T0	1638	1639	1482	69.4627
MGG_04324T0	3284	3285	2387	55.8213
MGG_17659T0	795	796	0	0
MGG_15084T0	580	581	20.3307	2.68819
MGG_02878T0	3743	3744	4092	83.9619
MGG_07431T0	3599	3600	233	4.97206
MGG_09197T0	2568	2569	66	1.97362
MGG_04819T0	3309	3310	686	15.9213
MGG_00677T0	1322	1323	20	1.16132
MGG_08486T0	1997	1998	5	0.192246
MGG_14927T0	342	343	1	0.223969
MGG_14899T0	1482	1483	13.0768	0.677395
MGG_13016T0	1488	1489	4	0.206371
MGG_06552T0	2199	2200	152.007	5.30792
MGG_06421T0	2572	2573	2660	79.419
MGG_01055T0	1626	1627	628.29	29.6658
MGG_16890T0	324	325	0	0
MGG_06469T0	4342	4343	2445	43.2486
MGG_01054T0	3653	3654	981.71	20.6394
MGG_06165T0	1658	1659	835	38.6654
MGG_14955T0	732	733	10	1.04804
MGG_06713T0	1978	1979	612	23.7568
MGG_12617T0	5119	5120	5252	78.802
MGG_10241T0	1941	1942	2	0.0791158
EFMOT00000000001	118	119	0.5	0.322779
EFMOT00000000002	72	73	0	0
EFMOT00000000003	72	73	0	0
EFMOT00000000005	104	105	0	0
EFMOT00000000009	83	84	0	0
EFMOT00000000010	72	73	0	0
EFMOT00000000011	72	73	0	0
EFMOT00000000012	105	106	0	0
EFMOT00000000013	72	73	0	0
EFMOT00000000014	72	73	0	0
EFMOT00000000015	72	73	0	0
EFMOT00000000016	102	103	0	0
EFMOT00000000017	88	89	0	0
EFMOT00000000018	72	73	0	0
EFMOT00000000019	96	97	0	0
EFMOT00000000020	85	86	1	0.893273
EFMOT00000000021	72	73	0	0
EFMOT00000000023	90	91	0	0
EFMOT00000000024	72	73	0	0
EFMOT00000000025	102	103	5	3.7292
EFMOT00000000028	104	105	0	0
EFMOT00000000029	134	135	5.62887	3.2031
EFMOT00000000030	136	137	3.37113	1.89033
EFMOT00000000032	72	73	0	0
EFMOT00000000033	72	73	0	0
EFMOT00000000036	89	90	0	0
EFMOT00000000037	83	84	0	0
EFMOT00000000039	93	94	0	0
EFMOT00000000041	88	89	0	0
EFMOT00000000042	72	73	0	0
EFMOT00000000044	84	85	0	0
EFMOT00000000045	72	73	0	0
EFMOT00000000046	139	140	1	0.548725
EFMOT00000000048	72	73	0	0
EFMOT00000000049	72	73	0	0
EFMOT00000000050	72	73	0	0
EFMOT00000000051	72	73	0.333333	0.350783
EFMOT00000000053	83	84	0	0
EFMOT00000000054	101	102	28	21.0883
EFMOT00000000055	72	73	0	0
EFMOT00000000059	72	73	0	0
EFMOT00000000060	72	73	0	0
EFMOT00000000062	73	74	0	0
EFMOT00000000063	72	73	0	0
EFMOT00000000064	72	73	0	0
EFMOT00000000065	72	73	0	0
EFMOT00000000066	101	102	4	3.01261
EFMOT00000000067	72	73	0	0
EFMOT00000000068	72	73	0	0
EFMOT00000000069	95	96	0	0
EFMOT00000000070	89	90	0	0
EFMOT00000000072	72	73	0	0
EFMOT00000000073	72	73	0	0
EFMOT00000000074	72	73	1.00145	1.05388
EFMOT00000000075	72	73	0.333333	0.350783
EFMOT00000000076	72	73	0	0
EFMOT00000000077	85	86	0	0
EFMOT00000000078	72	73	0	0
EFMOT00000000079	72	73	0	0
EFMOT00000000080	83	84	0	0
EFMOT00000000081	72	73	0.333333	0.350783
EFMOT00000000082	112	113	0	0
EFMOT00000000083	72	73	0	0
EFMOT00000000084	89	90	0	0
EFMOT00000000085	72	73	0	0
EFMOT00000000086	72	73	0	0
EFMOT00000000087	92	93	0	0
EFMOT00000000088	72	73	0	0
EFMOT00000000089	92	93	0	0
EFMOT00000000091	85	86	1	0.893273
EFMOT00000000092	89	90	0	0
EFMOT00000000093	72	73	0	0
EFMOT00000000094	104	105	0	0
EFMOT00000000095	72	73	0	0
EFMOT00000000097	72	73	1	1.05235
EFMOT00000000098	72	73	0	0
EFMOT00000000099	82	83	0	0
EFMOT00000000100	72	73	0	0
EFMOT00000000101	101	102	3	2.25946
EFMOT00000000102	72	73	0	0
EFMOT00000000103	72	73	0	0
EFMOT00000000104	72	73	0	0
EFMOT00000000105	133	134	0	0
EFMOT00000000106	72	73	0	0
EFMOT00000000107	72	73	0	0
EFMOT00000000108	102	103	5	3.7292
EFMOT00000000109	120	121	0	0
EFMOT00000000110	112	113	0	0
EFMOT00000000111	72	73	0	0
EFMOT00000000112	104	105	7	5.12143
EFMOT00000000113	83	84	0	0
EFMOT00000000114	124	125	0	0
EFMOT00000000116	120	121	2	1.26978
EFMOT00000000117	98	99	0	0
EFMOT00000000119	72	73	0	0
EFMOT00000000122	72	73	0	0
EFMOT00000000123	135	136	0	0
EFMOT00000000124	96	97	0	0
EFMOT00000000125	72	73	0	0
EFMOT00000000127	72	73	0	0
EFMOT00000000128	101	102	2	1.5063
EFMOT00000000129	86	87	0	0
EFMOT00000000130	72	73	0	0
EFMOT00000000131	72	73	0	0
EFMOT00000000132	96	97	0	0
EFMOT00000000133	85	86	0	0
EFMOT00000000134	72	73	0	0
EFMOT00000000136	72	73	0	0
EFMOT00000000137	72	73	1	1.05235
EFMOT00000000138	86	87	0	0
EFMOT00000000139	111	112	0	0
EFMOT00000000140	72	73	0	0
EFMOT00000000141	72	73	0	0
EFMOT00000000143	109	110	0	0
EFMOT00000000144	72	73	0	0
EFMOT00000000147	72	73	0	0
EFMOT00000000148	73	74	0	0
EFMOT00000000149	90	91	3	2.53258
EFMOT00000000150	72	73	0	0
EFMOT00000000151	83	84	1	0.914541
EFMOT00000000152	98	99	0	0
EFMOT00000000153	72	73	0	0
EFMOT00000000154	101	102	0	0
EFMOT00000000155	105	106	0	0
EFMOT00000000157	111	112	4	2.74362
EFMOT00000000158	72	73	0	0
EFMOT00000000159	90	91	4	3.37677
EFMOT00000000160	72	73	0	0
EFMOT00000000161	96	97	0	0
EFMOT00000000162	89	90	0	0
EFMOT00000000163	72	73	0	0
EFMOT00000000164	111	112	0	0
EFMOT00000000165	72	73	0	0
EFMOT00000000166	72	73	0	0
EFMOT00000000168	72	73	3	3.15705
EFMOT00000000169	85	86	0	0
EFMOT00000000170	72	73	0	0
EFMOT00000000171	74	75	0	0
EFMOT00000000172	87	88	0	0
EFMOT00000000173	89	90	0	0
EFMOT00000000174	108	109	0	0
EFMOT00000000175	85	86	0	0
EFMOT00000000176	88	89	0	0
EFMOT00000000177	90	91	0	0
EFMOT00000000178	72	73	0.333333	0.350783
EFMOT00000000179	95	96	2	1.60045
EFMOT00000000180	72	73	0	0
EFMOT00000000181	72	73	0	0
EFMOT00000000182	114	115	0	0
EFMOT00000000183	72	73	0	0
EFMOT00000000184	72	73	0	0
EFMOT00000000187	92	93	0	0
EFMOT00000000189	83	84	0	0
EFMOT00000000190	85	86	0	0
EFMOT00000000191	72	73	0	0
EFMOT00000000192	72	73	0	0
EFMOT00000000193	91	92	9	7.51515
EFMOT00000000194	88	89	0	0
EFMOT00000000195	73	74	0	0
EFMOT00000000196	85	86	1	0.893273
EFMOT00000000197	72	73	0	0
EFMOT00000000198	72	73	0	0
EFMOT00000000199	72	73	0	0
EFMOT00000000200	100	101	0	0
EFMOT00000000201	72	73	0	0
EFMOT00000000202	89	90	0	0
EFMOT00000000203	72	73	0	0
EFMOT00000000204	72	73	0	0
EFMOT00000000206	72	73	0	0
EFMOT00000000207	72	73	0	0
EFMOT00000000208	89	90	3	2.56072
EFMOT00000000209	101	102	0	0
EFMOT00000000210	82	83	0	0
EFMOT00000000211	72	73	0.333333	0.350783
EFMOT00000000213	72	73	0	0
EFMOT00000000214	85	86	0	0
EFMOT00000000215	92	93	77	63.6049
EFMOT00000000217	96	97	0	0
EFMOT00000000218	84	85	0	0
EFMOT00000000219	110	111	0	0
EFMOT00000000220	72	73	0	0
EFMOT00000000221	97	98	0	0
EFMOT00000000222	72	73	0	0
EFMOT00000000223	101	102	1	0.753152
EFMOT00000000224	72	73	0	0
EFMOT00000000225	86	87	0	0
EFMOT00000000226	72	73	0	0
EFMOT00000000227	72	73	0	0
EFMOT00000000228	72	73	0.333333	0.350783
EFMOT00000000229	79	80	0	0
EFMOT00000000230	104	105	1.07143	0.783893
EFMOT00000000236	72	73	0	0
EFMOT00000000240	72	73	0	0
EFMOT00000000241	72	73	0	0
EFMOT00000000243	72	73	0	0
EFMOT00000000244	72	73	0	0
EFMOT00000000245	72	73	0	0
EFMOT00000000246	72	73	0	0
EFMOT00000000247	72	73	0	0
EFMOT00000000249	72	73	0	0
EFMOT00000000250	72	73	1	1.05235
EFMOT00000000251	72	73	0	0
EFMOT00000000252	72	73	0	0
EFMOT00000000253	72	73	0	0
EFMOT00000000254	72	73	0	0
EFMOT00000000255	85	86	0	0
EFMOT00000000256	86	87	0	0
EFMOT00000000258	90	91	0	0
EFMOT00000000259	72	73	0	0
EFMOT00000000260	72	73	0	0
EFMOT00000000261	72	73	0	0
EFMOT00000000262	72	73	0	0
EFMOT00000000265	72	73	0	0
EFMOT00000000266	99	100	0	0
EFMOT00000000267	72	73	0	0
EFMOT00000000269	112	113	3	2.03951
EFMOT00000000270	109	110	3	2.09513
EFMOT00000000271	73	74	0	0
EFMOT00000000272	105	106	0	0
EFMOT00000000273	96	97	1	0.791974
EFMOT00000000274	85	86	0	0
EFMOT00000000275	72	73	0	0
EFMOT00000000277	72	73	1	1.05235
EFMOT00000000278	125	126	6	3.65817
EFMOT00000000279	74	75	0	0
EFMOT00000000280	98	99	0	0
EFMOT00000000282	72	73	0	0
EFMOT00000000283	101	102	0	0
EFMOT00000000284	72	73	0	0
EFMOT00000000285	113	114	0	0
EFMOT00000000286	72	73	0	0
EFMOT00000000287	72	73	0	0
EFMOT00000000288	92	93	0	0
EFMOT00000000289	96	97	2	1.58395
EFMOT00000000290	72	73	0	0
EFMOT00000000292	72	73	0	0
EFMOT00000000293	72	73	0	0
EFMOT00000000294	85	86	4	3.57309
EFMOT00000000296	72	73	0	0
EFMOT00000000298	72	73	0	0
EFMOT00000000299	72	73	0	0
EFMOT00000000300	118	119	0.5	0.322779
EFMOT00000000301	72	73	0	0
EFMOT00000000302	101	102	0	0
EFMOT00000000303	89	90	0	0
EFMOT00000000306	90	91	1	0.844192
EFMOT00000000307	111	112	0	0
EFMOT00000000308	72	73	0	0
EFMOT00000000309	72	73	1	1.05235
EFMOT00000000310	110	111	7	4.8446
EFMOT00000000311	88	89	2	1.72633
EFMOT00000000312	72	73	3	3.15705
EFMOT00000000313	96	97	0	0
EFMOT00000000314	110	111	0	0
EFMOT00000000315	88	89	0	0
EFMOT00000000317	72	73	0	0
EFMOT00000000318	97	98	3	2.35168
EFMOT00000000319	104	105	0	0
EFMOT00000000320	93	94	0	0
EFMOT00000000321	87	88	0	0
EFMOT00000000323	72	73	0	0
EFMOT00000000324	96	97	1	0.791974
EFMOT00000000325	86	87	0	0
EFMOT00000000326	99	100	4	3.07286
EFMOT00000000327	102	103	0	0
EFMOT00000000328	100	101	0	0
EFMOT00000000329	101	102	0	0
EFMOT00000000330	104	105	13.9286	10.1906
EFMOT00000000332	84	85	0	0
EFMOT00000000333	102	103	1	0.74584
EFMOT00000000335	72	73	0	0
EFMOT00000000336	72	73	0	0
EFMOT00000000337	85	86	1	0.893273
EFMOT00000000339	104	105	0	0
EFMOT00000000340	72	73	0	0
EFMOT00000000341	72	73	0	0
EFMOT00000000343	72	73	0	0
EFMOT00000000344	96	97	4	3.1679
EFMOT00000000345	72	73	0	0
EFMOT00000000346	85	86	0	0
EFMOT00000000348	105	106	0	0
EFMOT00000000350	84	85	0	0
EFMOT00000000351	101	102	0	0
EFMOT00000000353	72	73	0	0
EFMOT00000000354	72	73	0	0
EFMOT00000000355	93	94	0	0
EFMOT00000000356	72	73	0	0
EFMOT00000000357	72	73	0	0
EFMOT00000000358	110	111	0	0
EFMOT00000000359	72	73	0	0
EFMOT00000000360	72	73	0	0
EFMOT00000000361	93	94	0	0
EFMOT00000000362	102	103	0	0
EFMOT00000000363	72	73	0	0
EFMOT00000000364	72	73	0	0
EFMOT00000000366	72	73	0	0
EFMOT00000000367	72	73	0	0
EFMOT00000000368	89	90	0	0
EFMOT00000000369	96	97	2	1.58395
EFMOT00000000370	72	73	0	0
EFMOT00000000372	72	73	0	0
EFMOT00000000373	133	134	0	0
EFMOT00000000374	72	73	0	0
EFMOT00000000375	90	91	0	0
EFMOT00000000376	72	73	0	0
EFMOT00000000378	85	86	6	5.35964
EFMOT00000000379	72	73	1	1.05235
EFMOT00000000382	72	73	0	0
EFMOT00000000383	89	90	0	0
EFMOT00000000384	91	92	0	0
EFMOT00000000385	72	73	0	0
EFMOT00000000387	92	93	0	0
EFMOT00000000388	93	94	12	9.807
EFMOT00000000389	72	73	0	0
EFMOT00000000390	94	95	0	0
EFMOT00000000391	94	95	0	0
MGG_16776T0	243	244	0	0
MGG_17328T0	243	244	0	0
MGG_16479T0	588	589	0	0
MGG_16677T0	243	244	0	0
MGG_16614T0	243	244	0	0
MGG_16613T0	243	244	0	0
MGG_16598T0	243	244	0	0
MGG_16563T0	243	244	0	0
MGG_17268T0	243	244	0	0
MGG_15944T0	243	244	0	0
MGG_17600T0	243	244	0	0
MGG_15710T0	215	216	147	52.2813
MGG_17242T0	243	244	0	0
MGG_16280T0	243	244	0	0
MGG_16642T0	218	219	0	0
MGG_15503T0	516	517	541.22	80.4203
MGG_16566T0	492	493	0	0
MGG_16285T0	243	244	2.06551	0.650311
MGG_16639T0	698	699	15	1.64853
MGG_16639T1	239	240	0	0
MGG_06302T1	320	321	136	32.5474
MGG_06302T0	2540	2541	3660	110.652
MGG_18104T0	150	151	0	0
MGG_15500T0	243	244	0	0
MGG_17125T0	231	232	0	0
MGG_18084T0	243	244	0	0
MGG_15947T0	243	244	0	0
MGG_16695T0	243	244	8.30944	2.61616
MGG_15967T0	651	652	2.00879	0.236685
MGG_18132T0	243	244	0	0
MGG_16499T0	243	244	0	0
MGG_16498T0	243	244	0	0
MGG_16783T0	243	244	0	0
MGG_17211T0	453	454	0	0
MGG_17866T0	228	229	12	4.02558
MGG_17482T0	327	328	29	6.79214
MGG_16020T0	918	919	0	0
MGG_17368T0	504	505	34	5.17214
MGG_16293T0	555	556	168	23.2122
MGG_16567T0	243	244	0	0
MGG_17494T0	177	178	0	0
MGG_16980T0	243	244	0	0
MGG_17604T0	243	244	0	0
MGG_17589T0	243	244	0	0
MGG_18129T0	243	244	0	0
MGG_15717T0	243	244	0	0
MGG_16051T0	300	301	0	0
MGG_15940T0	243	244	0	0
MGG_18069T0	243	244	0	0
MGG_17775T0	243	244	0	0
MGG_16310T0	243	244	0	0
MGG_17728T0	153	154	8	3.99073
MGG_16674T0	243	244	0	0
MGG_17777T0	510	511	193	29.0148
MGG_17585T0	243	244	0	0
MGG_15871T0	150	151	3	1.52625
MGG_15511T0	243	244	0	0
MGG_14532T0	510	511	3	0.451007
MGG_16682T0	243	244	0	0
MGG_16673T0	243	244	0	0
MGG_01057T0	1128	1129	2023	137.653
MGG_16643T0	198	199	1	0.386038
MGG_18114T0	552	553	112.001	15.5589
MGG_16785T0	243	244	0	0
MGG_18059T0	243	244	0	0
MGG_16488T0	552	553	3.21681	0.446872
MGG_15941T0	243	244	0	0
MGG_17100T0	475	476	19	3.0664
MGG_16730T0	516	517	105	15.602
MGG_16369T0	243	244	0	0
MGG_17016T0	354	355	0	0
MGG_16080T0	417	418	0	0
MGG_16314T0	243	244	0	0
MGG_16103T0	597	598	531.242	68.2454
MGG_16676T0	243	244	0	0
MGG_15714T0	243	244	0	0
MGG_16565T0	470	471	222.321	36.2613
MGG_16984T0	624	625	2	0.245829
MGG_16843T0	483	484	20	3.17444
MGG_17560T0	243	244	0	0
MGG_17065T0	243	244	0	0
MGG_17325T0	402	403	4	0.762496
MGG_17009T0	330	331	0	0
MGG_17598T0	243	244	0	0
MGG_16597T0	243	244	0	0
MGG_15512T0	243	244	0	0
MGG_17186T0	189	190	2115	855.144
MGG_16814T0	246	247	0	0
MGG_15716T0	243	244	0	0
MGG_16068T0	243	244	0	0
MGG_18131T0	243	244	0	0
MGG_16569T0	243	244	0	0
MGG_18073T0	366	367	0	0
MGG_16139T0	225	226	2	0.679836
MGG_17561T0	243	244	0	0
MGG_16413T0	372	373	16	3.29529
MGG_17427T0	228	229	0	0
MGG_16074T0	243	244	0	0
MGG_17074T0	591	592	22	2.85485
MGG_17176T0	273	274	0	0
MGG_15493T0	243	244	0	0
MGG_16093T0	811	812	55	5.20343
MGG_16683T0	243	244	0	0
MGG_17854T0	891	892	0	0
MGG_16979T0	588	589	4.6922	0.611989
MGG_16767T0	210	211	2	0.728166
MGG_17261T0	243	244	0	0
MGG_16913T0	288	289	6	1.59491
MGG_16564T0	333	334	0	0
MGG_16120T0	592	593	0	0
MGG_16067T0	243	244	0	0
MGG_17136T0	237	238	7	2.25946
MGG_15931T0	427	428	24	4.30775
MGG_15715T0	243	244	0	0
MGG_17218T0	1011	1012	0	0
MGG_17327T0	243	244	0	0
MGG_17269T0	327	328	3	0.702636
MGG_16284T0	243	244	0	0
MGG_17306T0	1362	1363	0	0
MGG_18086T0	243	244	0	0
MGG_16312T0	243	244	0	0
MGG_17867T0	243	244	0	0
MGG_17243T0	243	244	0	0
MGG_16313T0	333	334	0	0
MGG_17545T0	243	244	0	0
MGG_17238T0	243	244	0	0
MGG_17736T0	204	205	0	0
MGG_18083T0	243	244	0	0
MGG_16327T0	843	844	10.4447	0.95068
MGG_15942T0	243	244	0	0
MGG_16309T0	243	244	0	0
MGG_16384T0	243	244	0	0
MGG_17298T0	372	373	0	0
MGG_16809T0	243	244	0	0
MGG_16470T0	243	244	0	0
MGG_16283T0	243	244	0	0
MGG_16928T0	261	262	0	0
MGG_18080T0	243	244	0	0
MGG_16469T0	243	244	0	0
MGG_17501T0	243	244	0	0
MGG_16407T0	243	244	0	0
MGG_14095T0	843	844	1593	144.996
MGG_17185T0	226	227	4	1.35368
MGG_16694T0	243	244	0	0
MGG_16885T0	243	244	0	0
MGG_15969T0	651	652	0	0
MGG_15945T0	243	244	0	0
MGG_16082T0	423	424	0	0
MGG_17818T0	507	508	0	0
MGG_17262T0	243	244	0	0
MGG_17549T0	243	244	0	0
MGG_16351T0	372	373	1	0.205956
MGG_16819T0	216	217	18	6.37229
MGG_17369T0	332	333	7	1.61487
MGG_16684T0	243	244	0	0
MGG_17748T0	555	556	0	0
MGG_15806T0	243	244	0	0
MGG_16050T0	243	244	0	0
MGG_18103T0	243	244	0	0
MGG_16544T0	189	190	0	0
MGG_15973T0	471	472	0	0
MGG_15962T0	651	652	1.00069	0.117905
MGG_17819T0	243	244	0	0
MGG_16245T0	239	240	11	3.52098
MGG_16046T0	186	187	0	0
MGG_17146T0	207	208	6	2.216
MGG_16406T0	324	325	0	0
MGG_17856T0	771	772	39	3.88088
MGG_16478T0	243	244	0	0
MGG_16602T0	243	244	0	0
MGG_16338T0	204	205	19	7.12004
MGG_16782T0	330	331	0	0
MGG_15970T0	1335	1336	118.577	6.81833
MGG_17996T0	186	187	1	0.41081
MGG_17734T0	571	572	2	0.268607
MGG_10209T0	1701	1702	2832	127.825
MGG_16104T0	204	205	0	0
MGG_15662T0	218	219	3	1.05235
MGG_17643T0	747	748	0	0
MGG_16675T0	243	244	0	0
MGG_17517T0	221	222	0	0
MGG_17219T0	453	454	0	0
MGG_17175T0	639	640	199	23.8867
MGG_16370T0	243	244	0	0
MGG_17008T0	243	244	0	0
MGG_16073T0	243	244	0	0
MGG_17559T0	243	244	0	0
MGG_18058T0	243	244	0	0
MGG_17267T0	327	328	3	0.702636
MGG_17852T0	243	244	0	0
MGG_17497T0	156	157	0	0
MGG_16713T0	219	220	7	2.44432
MGG_15567T0	237	238	32	10.3289
MGG_17916T0	300	301	5	1.2761
MGG_16795T0	232	233	3	0.989118
MGG_17006T0	270	271	384.898	109.109
MGG_18130T0	516	517	541.22	80.4203
MGG_17259T0	489	490	14	2.1949
MGG_17769T0	243	244	0	0
MGG_16987T0	243	244	0	0
MGG_16401T0	243	244	0	0
MGG_17985T0	183	184	0	0
MGG_16685T0	243	244	0	0
MGG_18047T0	354	355	1	0.216399
MGG_18081T0	243	244	0	0
MGG_17552T0	432	433	0	0
MGG_17212T0	1011	1012	0	0
MGG_15943T0	315	316	2455.29	596.896
MGG_18075T0	501	502	0	0
MGG_16281T0	243	244	0	0
MGG_15946T0	1122	1123	591.967	40.4949
MGG_14020T0	1029	1030	0	0
MGG_18009T0	294	295	0	0
MGG_15948T0	243	244	0	0
MGG_17599T0	243	244	0	0
MGG_14777T0	546	547	77	10.814
MGG_16763T0	296	297	0	0
MGG_18038T0	243	244	0	0
MGG_16568T0	243	244	0	0
MGG_17004T0	243	244	0	0
MGG_16907T0	243	244	0	0
MGG_15763T0	243	244	0	0
MGG_16808T0	243	244	0	0
MGG_14812T0	405	406	37	7.00097
MGG_16016T0	321	322	0	0
MGG_16405T0	243	244	0	0
MGG_17063T0	501	502	100	15.3031
MGG_16916T0	258	259	0	0
MGG_16282T0	690	691	13.3931	1.48897
MGG_16985T0	243	244	0	0
MGG_16599T0	243	244	0	0
MGG_16551T0	822	823	7.55534	0.70524
MGG_16988T0	243	244	0	0
MGG_16986T0	243	244	0	0
MGG_15898T0	345	346	275	61.0575
MGG_18085T0	243	244	0	0
