target_id	length	eff_length	est_counts	tpm
MGG_07573T0	4058	4059	1987	28.6685
MGG_05134T0	1811	1812	2242	72.461
MGG_03309T0	1113	1114	1	0.0525704
MGG_07008T0	2587	2588	2626	59.4233
MGG_16787T0	429	430	0	0
MGG_04858T0	3024	3025	31601	611.79
MGG_12006T0	1560	1561	92	3.45153
MGG_02444T0	6373	6374	2531	23.2545
MGG_17251T0	225	226	3	0.777391
MGG_10811T0	1419	1420	0	0
MGG_15612T0	4020	4021	144	2.09727
MGG_00349T0	1011	1012	5618.74	325.151
MGG_16619T0	348	349	0	0
MGG_04614T0	937	938	5480.74	342.187
MGG_16874T0	174	175	2	0.669297
MGG_07147T0	2929	2930	1131	22.6059
MGG_00076T0	2460	2461	1290	30.6976
MGG_12797T0	1232	1233	10806	513.249
MGG_11099T0	1590	1591	0	0
MGG_07363T0	787	788	2	0.148638
MGG_17953T0	4420	4421	2337.94	30.9698
MGG_14898T0	388	389	49	7.37689
MGG_14463T0	1415	1416	516	21.3409
MGG_08330T0	1368	1369	497	21.2608
MGG_09307T0	2126	2127	423	11.6466
MGG_03918T0	2470	2471	542	12.8456
MGG_00421T0	969	970	1	0.0603747
MGG_02463T0	815	816	1247.13	89.505
MGG_00675T0	2891	2892	262	5.30554
MGG_15190T0	595	596	11	1.08087
MGG_02777T0	1610	1611	567	20.6117
MGG_05980T0	1438	1439	13055	531.304
MGG_00454T0	4840	4841	1662	20.1059
MGG_05454T0	1590	1591	4801	176.721
MGG_16029T0	252	253	79	18.2866
MGG_07528T0	1527	1528	932	35.7206
MGG_15909T0	219	220	5	1.33099
MGG_16156T0	493	494	5	0.592747
MGG_05339T0	891	892	486	31.9079
MGG_18122T0	498	499	2	0.234723
MGG_16935T0	1487	1488	0	0
MGG_08406T0	477	478	115	14.0895
MGG_05005T0	2421	2422	1709	41.3233
MGG_11608T0	2244	2245	1062	27.7035
MGG_14221T0	1242	1243	42	1.97881
MGG_15428T0	1674	1675	130	4.54522
MGG_17084T0	2151	2152	3030	82.4569
MGG_08114T0	3175	3176	1425	26.2761
MGG_06700T0	4022	4023	1094	15.9255
MGG_14591T0	1617	1618	318	11.51
MGG_07304T0	258	259	4	0.904455
MGG_09457T0	1172	1173	450.404	22.487
MGG_07009T0	1011	1012	325	18.8074
MGG_15010T0	556	557	13	1.36683
MGG_11663T0	1098	1099	103	5.48866
MGG_00065T0	3029	3030	2043.64	39.4991
MGG_10601T0	2183	2184	132	3.53955
MGG_11526T0	633	634	0	0
MGG_13087T0	327	328	0	0
MGG_00223T0	1555	1556	8531	321.083
MGG_02093T0	1506	1507	0	0
MGG_01153T0	1251	1252	3312	154.922
MGG_02698T0	1675	1676	70	2.44597
MGG_10893T0	1663	1664	119	4.18813
MGG_14635T0	1511	1512	444	17.1972
MGG_17720T0	375	376	101	15.7311
MGG_17976T0	4110	4111	2994	42.6512
MGG_05211T0	4310	4311	2349	31.9104
MGG_05253T0	1815	1816	2699	87.039
MGG_07261T0	2500	2501	947	22.175
MGG_01043T0	2705	2706	1653.7	35.7896
MGG_04395T0	4996	4997	1864.22	21.8482
MGG_00786T1	1869	1870	3817.07	119.541
MGG_00786T0	1904	1905	1524.93	46.8793
MGG_06579T0	975	976	4	0.240014
MGG_15326T0	892	893	102	6.68922
MGG_17770T0	318	319	0	0
MGG_03684T0	2464	2465	1713	40.6974
MGG_16981T0	2740	2741	542	11.5802
MGG_17657T0	700	701	0	0
MGG_11239T0	2741	2742	574	12.2595
MGG_08136T0	1643	1644	375	13.3585
MGG_09718T0	1570	1571	452	16.8496
MGG_05720T0	2668	2669	730.894	16.0373
MGG_10455T0	594	595	0	0
MGG_08158T0	1723	1724	14464	491.335
MGG_01319T0	993	994	24	1.41401
MGG_07686T0	729	730	29	2.32649
MGG_04518T0	2276	2277	1574	40.4826
MGG_10595T0	3024	3025	2874	55.6401
MGG_07332T0	2844	2845	762.589	15.6976
MGG_00246T0	1594	1595	5342	196.142
MGG_14140T0	1269	1270	43	1.98286
MGG_03888T0	1983	1984	405	11.9547
MGG_17017T0	309	310	10	1.88914
MGG_17237T0	207	208	0	0
MGG_09185T0	3684	3685	9937	157.923
MGG_04634T0	2250	2251	3	0.0780499
MGG_15422T0	1101	1102	173	9.19372
MGG_12303T0	273	274	148	31.6328
MGG_05067T0	1594	1595	342.809	12.5869
MGG_04724T0	4323	4324	650	8.80348
MGG_10534T0	2152	2153	255	6.93622
MGG_06375T0	1961	1962	691	20.6256
MGG_09428T0	972	973	9	0.541697
MGG_02702T0	501	502	0	0
MGG_05491T0	3200	3201	1042	19.0638
MGG_08646T0	3719	3720	1187	18.6868
MGG_03350T0	735	736	169	13.4473
MGG_03315T0	1005	1006	13	0.756784
MGG_06267T0	1350	1351	1626.05	70.4866
MGG_04557T0	710	711	150	12.3552
MGG_16385T0	321	322	7	1.27312
MGG_16360T0	381	382	0	0
MGG_09467T0	984	985	35	2.08093
MGG_01722T0	2290	2291	1681	42.9704
MGG_01117T0	2575	2576	707	16.0731
MGG_09164T0	2056	2057	140	3.98584
MGG_06775T0	2044	2045	458	13.1159
MGG_06052T0	3840	3841	9674	147.499
MGG_10152T0	3181	3182	520	9.57039
MGG_03456T0	1623	1624	861	31.0487
MGG_05718T0	2436	2437	1197	28.7651
MGG_05128T0	2264	2265	8211	212.302
MGG_15417T0	429	430	0	0
MGG_03816T0	1434	1435	7	0.285675
MGG_07298T0	1397	1398	882	36.9478
MGG_00543T0	2181	2182	8341	223.867
MGG_08957T0	381	382	5	0.766537
MGG_04194T0	2002	2003	85	2.48522
MGG_17907T0	354	355	0	0
MGG_07785T0	2112	2113	1503.92	41.6824
MGG_02191T0	1340	1341	22	0.960772
MGG_17222T0	1735	1736	1250	42.1684
MGG_04173T0	1753	1754	520	17.362
MGG_03668T0	3678	3679	2636	41.9607
MGG_09126T0	846	847	22	1.52113
MGG_00070T0	1870	1871	44	1.37723
MGG_10418T0	327	328	0	0
MGG_08016T0	2309	2310	396	10.0394
MGG_16393T0	2074	2075	459	12.9545
MGG_05627T0	1029	1030	452	25.6997
MGG_13629T0	3079	3080	575	10.9331
MGG_11144T0	2144	2145	1017	27.7664
MGG_17499T0	537	538	14.7417	1.6047
MGG_15485T0	904	905	11	0.711821
MGG_11917T0	5142	5143	2671	30.4147
MGG_09963T0	2128	2129	407	11.1955
MGG_16222T0	989	990	753.407	44.5678
MGG_08008T0	1229	1230	706	33.6145
MGG_03498T0	1923	1924	514.934	15.6738
MGG_01616T0	2385	2386	395	9.69512
MGG_02631T0	2146	2147	90	2.45492
MGG_15799T0	321	322	0	0
MGG_03644T0	435	436	2192	294.429
MGG_13801T0	3460	3461	794	13.4352
MGG_09761T0	1121	1122	165820	8655.07
MGG_01404T0	1327	1328	1791	78.9813
MGG_17587T0	189	190	0	0
MGG_09497T0	2338	2339	3388	84.8281
MGG_04022T0	1036	1037	2422	136.78
MGG_16750T0	1440	1441	83	3.37319
MGG_10785T0	936	937	20	1.25002
MGG_18035T0	405	406	95	13.7033
MGG_10195T0	2296	2297	9733	248.149
MGG_07437T0	4272	4273	693.934	9.51069
MGG_12863T0	1239	1240	204	9.63463
MGG_10268T0	2058	2059	971	27.6178
MGG_09535T0	1617	1618	1735	62.7983
MGG_02863T0	1206	1207	214	10.3832
MGG_01190T0	1260	1261	3318	154.095
MGG_04905T0	2525	2526	2961.08	68.6505
MGG_07087T0	3264	3265	2682	48.1063
MGG_03894T0	2787	2788	1312.39	27.5675
MGG_07428T0	1229	1230	354	16.8548
MGG_07406T0	2151	2152	417	11.348
MGG_05693T0	2633	2634	3851	85.6218
MGG_02907T0	465	466	116	14.578
MGG_04340T0	2626	2627	123.431	2.75164
MGG_06914T0	1627	1628	2773	99.7521
MGG_15502T0	219	220	6	1.59718
MGG_09523T0	12506	12507	2377	11.1302
MGG_05368T0	1920	1921	247	7.53002
MGG_14006T0	222	223	4	1.05047
MGG_09004T0	1853	1854	1783.21	56.3273
MGG_07804T0	453	454	0	0
MGG_04431T0	4016	4017	2034	29.6535
MGG_13813T0	1278	1279	406.088	18.5941
MGG_02848T0	165	166	6150	2169.67
MGG_10597T0	1167	1168	107	5.36497
MGG_00560T0	2595	2596	421	9.49738
MGG_15427T0	943	944	8	0.4963
MGG_05797T0	2028	2029	536.72	15.4915
MGG_15226T0	2805	2806	768	16.0288
MGG_06178T0	1893	1894	667	20.624
MGG_17161T0	270	271	19	4.10592
MGG_01870T0	1485	1486	35	1.37935
MGG_02919T0	1185	1186	784	38.7131
MGG_07382T0	3201	3202	1696	31.0192
MGG_07959T0	843	844	0	0
MGG_16791T0	420	421	157	21.8396
MGG_16945T0	658	659	42.9683	3.81847
MGG_04108T0	3642	3643	2746	44.1436
MGG_03468T0	1125	1126	327	17.0073
MGG_09944T0	3054	3055	490	9.39316
MGG_01584T0	1968	1969	1092.21	32.4855
MGG_17597T0	168	169	0	0
MGG_06639T0	2340	2341	1567.06	39.2023
MGG_10118T0	4290	4291	5088	69.4409
MGG_05957T0	1247	1248	1162.5	54.5514
MGG_02348T0	3837	3838	0	0
MGG_17403T0	279	280	1	0.209155
MGG_13447T0	2873	2874	1112.71	22.6737
MGG_08170T0	2542	2543	1712	39.4261
MGG_03259T0	351	352	70	11.6461
MGG_03130T0	3368	3369	6002	104.333
MGG_00456T0	5577	5578	885	9.29162
MGG_05172T0	1281	1282	1137	51.9397
MGG_01494T0	2541	2542	1267	29.1896
MGG_09551T0	3954	3955	13753.3	203.651
MGG_10709T0	1767	1768	173	5.73047
MGG_10973T0	893	894	742	48.6064
MGG_07136T0	2801	2802	1924.8	40.2295
MGG_02581T0	501	502	91	10.6161
MGG_10648T0	2303	2304	3335	84.7696
MGG_03928T0	1183	1184	901.914	44.6108
MGG_17703T0	1370	1371	196	8.37231
MGG_10035T0	1826	1827	1375	44.0748
MGG_01338T0	2787	2788	143	3.00379
MGG_01127T0	3693	3694	2652	42.0439
MGG_17405T0	213	214	1	0.273661
MGG_10857T0	5138	5139	1400	15.9542
MGG_01467T0	3280	3281	2019	36.0377
MGG_08305T0	1665	1666	36.0594	1.26756
MGG_12590T0	3805	3806	984	15.1409
MGG_16108T0	608	609	2	0.192327
MGG_06948T0	1353	1354	864	37.3699
MGG_15554T0	2507	2508	661	15.4348
MGG_06184T0	1780	1781	2453	80.6604
MGG_09903T0	1326	1327	981	43.2937
MGG_07643T0	942	943	50	3.10517
MGG_13771T0	538	539	8	0.869216
MGG_13806T0	1965	1966	10068	299.907
MGG_04576T0	1596	1597	88	3.22704
MGG_14375T0	774	775	53.2181	4.02147
MGG_09173T0	1322	1323	1561	69.0987
MGG_09425T0	471	472	1	0.124075
MGG_05915T0	858	859	1930	131.58
MGG_05807T0	1703	1704	339	11.6508
MGG_07095T0	2669	2670	530.407	11.6339
MGG_00166T0	1104	1105	10510	557.015
MGG_13473T0	339	340	415	71.4819
MGG_05891T1	2226	2227	73.8765	1.94273
MGG_05891T0	2810	2811	375.079	7.81427
MGG_02295T0	1404	1405	21	0.875326
MGG_16446T0	1152	1153	94	4.77447
MGG_15534T0	1844	1845	141	4.47558
MGG_06678T0	2741	2742	3385	72.2966
MGG_00281T0	690	691	79	6.69539
MGG_15781T0	159	160	3	1.09806
MGG_08631T0	948	949	810	49.9857
MGG_16471T0	1227	1228	5	0.238451
MGG_13559T0	690	691	5	0.423759
MGG_16238T0	273	274	4	0.854941
MGG_13467T0	2848	2849	1098.53	22.5812
MGG_01523T0	3030	3031	182	3.51651
MGG_16909T0	165	166	3	1.05838
MGG_01398T0	1805	1806	2295	74.4203
MGG_04972T0	1222	1223	1067.91	51.1368
MGG_02900T0	3602	3603	225	3.65717
MGG_03177T0	1197	1198	2	0.0977687
MGG_08205T0	1741	1742	234	7.86673
MGG_00681T0	1652	1653	2917	103.345
MGG_16841T0	809	810	1988.9	143.799
MGG_10453T0	1280	1281	17	0.777189
MGG_03595T0	3620	3621	2508	40.5626
MGG_18064T0	798	799	1.61098	0.118078
MGG_08019T1	2018	2019	725.976	21.0578
MGG_08019T0	1561	1562	382.024	14.3231
MGG_09290T0	1305	1306	413	18.5197
MGG_06510T0	1219	1220	14903	715.386
MGG_04449T0	3339	3340	2685.15	47.0814
MGG_03866T0	645	646	9	0.815899
MGG_10932T0	1926	1927	364	11.0623
MGG_00289T0	2307	2308	32192.9	816.866
MGG_03269T0	4873	4874	1266.24	15.2145
MGG_14068T0	2224	2225	33	0.868581
MGG_13607T0	11784	11785	1	0.00496932
MGG_04516T0	1612	1613	391.416	14.2112
MGG_01753T0	2433	2434	645	15.5191
MGG_15879T0	828	829	1	0.0706435
MGG_11124T0	1746	1747	0	0
MGG_05506T0	1453	1454	11170	449.899
MGG_02886T0	1359	1360	103	4.43532
MGG_05344T0	839	840	10566	736.645
MGG_00458T0	911	912	666.522	42.8002
MGG_16522T0	1133	1134	63.1227	3.25986
MGG_14133T0	5222	5223	2048	22.9634
MGG_03811T0	1701	1702	3	0.103226
MGG_07534T0	2061	2062	3447	97.8992
MGG_15339T1	4192	4193	46.9484	0.655727
MGG_15339T0	4258	4259	512.052	7.04097
MGG_15866T0	2100	2101	2791	77.7966
MGG_06780T0	2416	2417	365	8.84388
MGG_15904T0	287	288	3	0.610036
MGG_09992T0	1485	1486	776	30.5823
MGG_03753T0	1031	1032	1	0.0567475
MGG_01525T0	569	570	2605	267.645
MGG_00264T0	1625	1626	327	11.7775
MGG_05106T0	2055	2056	926	26.3763
MGG_13129T0	2229	2230	559	14.6803
MGG_06322T0	1671	1672	1072.5	37.5653
MGG_15753T0	4783	4784	633.009	7.749
MGG_04993T0	2111	2112	684	18.9666
MGG_07054T0	1125	1126	790	41.088
MGG_06748T0	2639	2640	2750	61.0036
MGG_01445T0	1122	1123	148	7.71807
MGG_07848T0	4392	4393	17	0.226628
MGG_07576T0	1465	1466	1264	50.494
MGG_04780T0	5315	5316	530.365	5.84274
MGG_04780T1	5138	5139	396.635	4.52001
MGG_06276T0	2429	2430	2229	53.7193
MGG_00957T0	2592	2593	485.923	10.9747
MGG_18001T0	156	157	6	2.23809
MGG_12988T0	2612	2613	1096.45	24.5739
MGG_07962T0	1670	1671	1360	47.6638
MGG_08129T0	2402	2403	19	0.463048
MGG_09237T0	1369	1370	601	25.691
MGG_05224T0	3926	3927	1006	15.0025
MGG_11505T0	1873	1874	1835.98	57.3753
MGG_07454T0	2102	2103	902	25.1185
MGG_12131T0	4366	4367	1598	21.4299
MGG_01575T0	1174	1175	7976	397.534
MGG_01297T0	1315	1316	618.801	27.5373
MGG_15819T0	255	256	3	0.68629
MGG_14936T0	1159	1160	144.66	7.30325
MGG_17923T0	374	375	12	1.87403
MGG_02535T0	3025	3026	1488	28.7979
MGG_17750T0	1656	1657	0	0
MGG_16608T0	165	166	64	22.5787
MGG_02331T0	1446	1447	115	4.65432
MGG_00213T0	1154	1155	338	17.138
MGG_17823T0	1878	1879	31	0.966188
MGG_00671T0	1815	1816	458	14.7699
MGG_02182T0	483	484	0	0
MGG_01448T0	2193	2194	322	8.595
MGG_16273T0	947	948	25	1.54439
MGG_03937T0	4236	4237	1706	23.5802
MGG_03879T0	2016	2017	3456	100.345
MGG_15889T0	195	196	2	0.597586
MGG_17893T0	399	400	11	1.61049
MGG_08253T0	1152	1153	49	2.48882
MGG_09264T0	2102	2103	887	24.7008
MGG_12955T0	2475	2476	1575	37.2526
MGG_16707T1	1785	1786	16.3354	0.535641
MGG_16707T0	1457	1458	3.66463	0.147197
MGG_15551T0	306	307	7	1.33532
MGG_05662T0	1545	1546	999.717	37.8699
MGG_16930T0	609	610	0	0
MGG_12948T0	1369	1370	6326.19	270.426
MGG_07926T0	1269	1270	633	29.1895
MGG_09720T0	1990	1991	15.2956	0.449907
MGG_09129T0	3276	3277	98	1.75136
MGG_08966T0	1143	1144	17	0.870261
MGG_15019T0	2863	2864	136	2.78095
MGG_02472T0	813	814	589	42.3758
MGG_02417T0	2341	2342	844	21.1048
MGG_00400T0	991	992	23	1.35782
MGG_17558T0	2183	2184	29897.1	801.683
MGG_14836T0	915	916	806	51.5307
MGG_08919T0	4875	4876	783	9.40426
MGG_03721T0	1536	1537	1737	66.1839
MGG_06874T0	2142	2143	2986	81.6008
MGG_02042T0	2082	2083	11	0.309264
MGG_07606T0	3210	3211	7314.9	133.412
MGG_07606T1	3252	3253	119.951	2.15947
MGG_05701T0	740	741	2643.69	208.938
MGG_17221T0	561	562	0.333333	0.0347351
MGG_05457T0	4677	4678	684.959	8.57494
MGG_01802T0	3968	3969	3789	55.9075
MGG_00144T0	1560	1561	829.138	31.1064
MGG_03236T0	1349	1350	8134.97	352.898
MGG_17346T0	252	253	104	24.0735
MGG_03238T0	2455	2456	1132.12	26.9955
MGG_01778T0	3393	3394	562	9.69731
MGG_00339T0	2054	2055	15605	444.712
MGG_11589T0	731	732	2102.59	168.217
MGG_08083T0	2257	2258	798.328	20.7054
MGG_03152T0	1150	1151	6761.28	344.017
MGG_13659T0	1689	1690	541	18.7472
MGG_08498T0	1536	1537	37	1.40979
MGG_01270T0	1109	1110	904	47.6949
MGG_00760T0	5556	5557	1587	16.7249
MGG_05982T0	1458	1459	1308	52.5024
MGG_14628T0	1807	1808	1060	34.3348
MGG_01550T0	1613	1614	8328	302.179
MGG_15975T0	963	964	8	0.486004
MGG_09759T0	660	661	72	6.37907
MGG_13248T0	378	379	2	0.309042
MGG_04057T0	948	949	13	0.802239
MGG_02645T0	339	340	2	0.344491
MGG_02708T0	1170	1171	11345	567.38
MGG_09608T0	2272	2273	20	0.515297
MGG_14623T0	1848	1849	111	3.51571
MGG_04311T0	1606	1607	763.625	27.8286
MGG_15605T0	216	217	0	0
MGG_10109T0	588	589	30	2.98286
MGG_15731T0	2042	2043	837	23.993
MGG_05381T0	1443	1444	286	11.5991
MGG_08476T0	969	970	85	5.13185
MGG_14690T0	1598	1599	242	8.86326
MGG_17519T0	258	259	14	3.16559
MGG_10473T0	1455	1456	9	0.361999
MGG_15693T0	150	151	0	0
MGG_02854T0	1911	1912	706	21.6244
MGG_06924T0	2012	2013	8752	254.619
MGG_10103T0	1680	1681	214	7.45543
MGG_13624T0	5560	5561	4191	44.1358
MGG_12986T0	2344	2345	2625	65.5561
MGG_05353T0	1587	1588	8117	299.345
MGG_17047T0	168	169	27	9.35629
MGG_09102T0	1809	1810	43	1.39129
MGG_06326T0	958	959	5136.04	313.644
MGG_05716T0	715	716	6573	537.622
MGG_16998T0	651	652	1	0.0898212
MGG_09239T0	2351	2352	3960	98.6017
MGG_12708T0	855	856	1693	115.827
MGG_06026T0	2797	2798	6444	134.876
MGG_10463T0	1707	1708	51.5117	1.76622
MGG_07086T0	1334	1335	3161	138.666
MGG_05004T0	3737	3738	3894	61.0075
MGG_00440T0	1824	1825	72	2.31045
MGG_12999T0	3180	3181	663	12.2061
MGG_01386T0	2071	2072	6071	171.592
MGG_15183T0	1741	1742	30	1.00856
MGG_13191T0	1710	1711	829.649	28.3969
MGG_02431T0	408	409	0	0
MGG_02899T0	2288	2289	3134	80.1825
MGG_02097T0	2643	2644	142	3.14524
MGG_16477T0	4912	4913	558.104	6.65265
MGG_00161T0	2283	2284	691	17.7178
MGG_16045T0	625	626	4461.24	417.357
MGG_17263T0	1242	1243	82	3.8634
MGG_15774T0	1645	1646	6662	237.029
MGG_10076T0	1437	1438	113	4.602
MGG_17873T0	474	475	7	0.86304
MGG_09361T0	1114	1115	5327	279.791
MGG_08715T0	414	415	0	0
MGG_10458T0	948	949	0	0
MGG_14211T0	280	281	5	1.04205
MGG_15336T0	381	382	0	0
MGG_09856T0	2569	2570	53	1.20773
MGG_01456T0	2245	2246	1486	38.7468
MGG_10730T0	3926	3927	295	4.39934
MGG_02305T0	1419	1420	22	0.907321
MGG_09666T0	468	469	0	0
MGG_08559T0	1255	1256	1306	60.8948
MGG_16188T0	889	890	70.7259	4.65388
MGG_06249T0	939	940	10251.3	638.671
MGG_15631T0	213	214	26	7.11519
MGG_08122T0	3123	3124	879	16.478
MGG_16835T0	2504	2505	1119	26.1607
MGG_09048T0	3766	3767	211	3.2803
MGG_09431T0	1419	1420	0	0
MGG_07800T0	2489	2490	100	2.35195
MGG_00600T0	522	523	1171	131.124
MGG_02879T0	3687	3688	72	1.14332
MGG_13049T0	969	970	259	15.637
MGG_03841T0	6205	6206	5203	49.0986
MGG_08689T0	4722	4723	5053	62.6553
MGG_00826T0	1087	1088	326	17.5475
MGG_04446T0	1910	1911	938	28.7454
MGG_15930T0	1137	1138	5	0.257309
MGG_14563T0	4675	4676	3170	39.7019
MGG_11072T0	1096	1097	57	3.04295
MGG_06288T0	1530	1531	807	30.8692
MGG_05551T0	1488	1489	84	3.30378
MGG_13020T0	2283	2284	1511	38.7432
MGG_15735T0	303	304	4	0.770572
MGG_04334T0	1845	1846	5457	173.121
MGG_17756T0	216	217	0	0
MGG_11385T0	1771	1772	2295.04	75.8495
MGG_09349T0	1164	1165	1031	51.8274
MGG_11914T0	2195	2196	1282.36	34.1983
MGG_02009T0	3173	3174	0	0
MGG_15250T0	1791	1792	393	12.8434
MGG_13441T0	1536	1537	197	7.50618
MGG_04387T0	2004	2005	883	25.7913
MGG_15254T0	210	211	0	0
MGG_14118T0	2730	2731	2225	47.7128
MGG_08821T0	2911	2912	267.165	5.37298
MGG_16145T0	1233	1234	1735	82.34
MGG_09304T0	1276	1277	504	23.1135
MGG_16925T0	1637	1638	25.2	0.900976
MGG_16925T1	1572	1573	29.8	1.10947
MGG_16547T0	594	595	0	0
MGG_08499T0	2264	2265	141.251	3.65216
MGG_07325T0	1497	1498	1303	50.94
MGG_02770T0	1280	1281	6089.49	278.393
MGG_04975T0	1554	1555	1439	54.1947
MGG_08458T0	1394	1395	693	29.0928
MGG_01304T0	2099	2100	1463	40.7992
MGG_00227T0	1251	1252	0	0
MGG_15981T0	360	361	0	0
MGG_15518T0	636	637	28	2.57422
MGG_00734T0	715	716	11	0.899718
MGG_03722T0	2349	2350	17	0.42365
MGG_12276T0	3361	3362	588	10.2425
MGG_16346T0	291	292	0	0
MGG_04432T0	2105	2106	2410	67.0171
MGG_17751T0	231	232	16	4.03886
MGG_06680T0	2377	2378	888.474	21.8806
MGG_02180T0	753	754	3649	283.419
MGG_05654T0	3176	3177	657	12.1109
MGG_10115T0	2675	2676	4352	95.2422
MGG_16001T0	690	691	0	0
MGG_11511T0	1412	1413	194.619	8.06623
MGG_09167T0	2596	2597	141	3.17961
MGG_06080T0	2046	2047	433	12.3879
MGG_01361T0	1836	1837	1474	46.991
MGG_18042T0	435	436	2	0.26864
MGG_16671T0	213	214	0	0
MGG_02836T0	2273	2274	8450.65	217.634
MGG_09589T0	11681	11682	14	0.0701839
MGG_17040T0	571	572	16	1.63814
MGG_15550T0	397	398	16	2.35431
MGG_09553T0	6137	6138	3635.52	34.687
MGG_08622T0	2251	2252	16669.4	433.489
MGG_05553T0	1446	1447	0	0
MGG_01305T0	974	975	3253	195.392
MGG_17766T0	342	343	0	0
MGG_04379T0	516	517	513	58.1103
MGG_05346T0	1612	1613	538	19.5333
MGG_17541T0	276	277	22	4.65125
MGG_12958T0	4027	4028	8113.06	117.956
MGG_10632T0	2638	2639	11088.7	246.075
MGG_07777T0	2614	2615	1257	28.1508
MGG_01011T0	1990	1991	1436	42.2386
MGG_02106T0	531	532	70	7.70572
MGG_09791T0	684	685	0	0
MGG_15638T0	333	334	33	5.78621
MGG_17163T0	258	259	10	2.26114
MGG_10655T0	2076	2077	2708	76.3552
MGG_14612T0	2582	2583	0	0
MGG_13715T0	1502	1503	2994	116.659
MGG_00461T0	1533	1534	151	5.76472
MGG_09520T0	1512	1513	1217.02	47.107
MGG_08999T0	555	556	994	104.698
MGG_04536T1	3596	3597	639.048	10.4045
MGG_04536T0	3685	3686	38.9523	0.618877
MGG_15150T0	327	328	4	0.714188
MGG_14000T0	972	973	436.54	26.2747
MGG_02192T0	2640	2641	4	0.0886989
MGG_07712T0	705	706	1489	123.514
MGG_07599T0	1271	1272	140	6.44566
MGG_01701T0	2191	2192	337	9.0036
MGG_03848T0	3247	3248	587	10.584
MGG_15420T0	519	520	0	0
MGG_10878T0	1836	1837	2446	77.9783
MGG_01201T0	3281	3282	623	11.1167
MGG_17079T0	2136	2137	814.207	22.3129
MGG_17041T0	1684	1685	1522	52.8983
MGG_14916T0	2798	2799	315	6.59074
MGG_10325T0	1963	1964	1106	32.9792
MGG_00591T0	1713	1714	294	10.0453
MGG_15571T0	447	448	20.6167	2.69505
MGG_14748T0	2027	2028	1449	41.8434
MGG_07850T0	941	942	1	0.0621693
MGG_12213T0	2082	2083	131.713	3.7031
MGG_15553T0	1381	1382	51	2.16117
MGG_09002T0	624	625	208	19.4899
MGG_15207T0	630	631	403	37.4026
MGG_10234T0	579	580	41	4.13983
MGG_14117T0	615	616	121	11.5035
MGG_12843T0	1757	1758	1010	33.6457
MGG_02403T0	2172	2173	754.928	20.3457
MGG_02403T1	2167	2168	425.072	11.4823
MGG_16264T0	204	205	33	9.42729
MGG_04258T0	920	921	10	0.635868
MGG_08059T0	1467	1468	955	38.0982
MGG_02710T0	884	885	8080.11	534.688
MGG_16444T0	3807	3808	4530	69.6671
MGG_02565T0	1641	1642	0	0
MGG_05936T0	1323	1324	2932	129.689
MGG_02948T0	1706	1707	2278	78.1532
MGG_04425T0	1557	1558	1775	66.7202
MGG_12546T0	312	313	9	1.68393
MGG_02739T0	1165	1166	431.207	21.6578
MGG_13891T0	4461	4462	906	11.8912
MGG_15804T0	192	193	0	0
MGG_01031T0	675	676	119	10.3092
MGG_16921T0	793	794	2216	163.447
MGG_03004T0	3077	3078	277	5.27033
MGG_02620T0	978	979	6447.79	385.704
MGG_04938T0	1143	1144	165	8.44665
MGG_05628T0	1059	1060	119	6.57458
MGG_16611T0	984	985	9.71046	0.577338
MGG_18046T0	2451	2452	282	6.73527
MGG_12029T0	639	640	1	0.0915054
MGG_01763T0	1152	1153	15	0.761884
MGG_06929T0	1784	1785	1497.94	49.1454
MGG_15709T0	174	175	0	0
MGG_08875T0	3368	3369	699	12.1507
MGG_17912T0	297	298	17	3.34087
MGG_10007T0	318	319	0	0
MGG_17908T0	1776	1777	620	20.4329
MGG_01199T0	1008	1009	497	28.8464
MGG_11371T0	4259	4260	288	3.95922
MGG_10004T0	408	409	9531	1364.71
MGG_05252T0	1375	1376	2439.05	103.807
MGG_14705T0	267	268	33	7.21117
MGG_02468T0	3234	3235	1614	29.2184
MGG_07810T0	348	349	6	1.00682
MGG_00729T0	3427	3428	374	6.38936
MGG_16028T0	225	226	0	0
MGG_06411T0	1278	1279	459	21.0169
MGG_12939T0	1862	1863	2029	63.7817
MGG_01034T0	5402	5403	1431.51	15.5162
MGG_05666T0	5841	5842	3233	32.4094
MGG_17578T0	642	643	143	13.0242
MGG_15199T0	411	412	0	0
MGG_17804T0	189	190	0	0
MGG_01544T0	1600	1601	2035	74.4389
MGG_04128T0	2204	2205	1651	43.8495
MGG_04209T0	2778	2779	780	16.4374
MGG_01453T0	2446	2447	123	2.94373
MGG_16715T0	261	262	169	37.7757
MGG_01631T0	2248	2249	10145	264.174
MGG_08119T0	393	394	17	2.52685
MGG_00239T0	3723	3724	0	0
MGG_16302T0	1145	1146	14	0.715435
MGG_15724T0	1579	1580	113.662	4.21293
MGG_17493T0	534	535	19.5362	2.13852
MGG_08026T0	965	966	13	0.788121
MGG_06765T0	2578	2579	7288	165.495
MGG_00134T0	4621	4622	17759	225.017
MGG_16721T0	2775	2776	258	5.44286
MGG_04903T0	2970	2971	331.844	6.54121
MGG_16514T0	561	562	6	0.625233
MGG_12424T0	3228	3229	899	16.3049
MGG_04790T0	6360	6361	1131.38	10.4162
MGG_04058T0	1577	1578	815	30.2466
MGG_04440T0	3046	3047	504	9.6869
MGG_01625T0	20262	20263	2926.5	8.45807
MGG_01625T1	20188	20189	1135.5	3.29381
MGG_04415T0	2693	2694	275	5.97808
MGG_07340T0	3338	3339	311	5.4547
MGG_00360T0	2421	2422	575	13.9034
MGG_03520T0	348	349	761	127.699
MGG_13209T0	1179	1180	1610.83	79.9457
MGG_04646T0	2915	2916	789.582	15.8576
MGG_04501T0	2464	2465	264	6.27211
MGG_02482T0	3347	3348	845	14.7808
MGG_03643T0	4572	4573	569.188	7.28922
MGG_12308T0	2768	2769	590.132	12.4811
MGG_00433T0	615	616	236	22.4366
MGG_10578T0	1791	1792	2203	71.9951
MGG_09912T0	2338	2339	9742	243.918
MGG_14736T0	1134	1135	46	2.3735
MGG_08802T0	1506	1507	606	23.5497
MGG_02372T0	934	935	23	1.4406
MGG_06332T0	1047	1048	1726	96.4509
MGG_16508T0	399	400	14	2.04972
MGG_10189T0	2480	2481	1548	36.5402
MGG_03339T0	695	696	0	0
MGG_04120T0	2852	2853	371	7.61551
MGG_09149T0	2925	2926	73	1.46108
MGG_08525T0	1560	1561	41545	1558.63
MGG_11928T0	195	196	0	0
MGG_10621T0	1582	1583	0	0
MGG_18068T0	306	307	0	0
MGG_15050T0	1371	1372	93	3.96968
MGG_05459T0	4284	4285	448	6.12285
MGG_17274T0	1137	1138	209.588	10.7858
MGG_17274T1	1084	1085	2419.11	130.573
MGG_08933T0	2264	2265	1.10095	0.028466
MGG_12043T0	315	316	1	0.185327
MGG_05817T0	2108	2109	1115	30.9617
MGG_00815T0	804	805	227	16.5142
MGG_05194T0	1341	1342	719	31.3764
MGG_02568T0	453	454	1348	173.884
MGG_12175T0	16315	16316	13789	49.4932
MGG_06950T0	1701	1702	1128.59	38.8333
MGG_12387T0	1215	1216	3401	163.795
MGG_04725T0	2253	2254	1486	38.6093
MGG_08340T0	3001	3002	573.01	11.1784
MGG_01592T0	1929	1930	4831	146.591
MGG_09740T0	336	337	6	1.04267
MGG_01370T0	2918	2919	1919	38.5006
MGG_08752T0	1395	1396	97	4.06924
MGG_08309T0	4752	4753	351	4.3248
MGG_06498T0	1382	1383	989.259	41.8904
MGG_02775T0	2065	2066	1152	32.6549
MGG_00485T0	4086	4087	238.354	3.41542
MGG_13926T0	1800	1801	982	31.9319
MGG_10383T0	1897	1898	375	11.5708
MGG_03635T0	1011	1012	178	10.3007
MGG_17783T0	168	169	0	0
MGG_09468T0	1465	1466	37	1.47807
MGG_03871T0	2790	2791	362	7.59583
MGG_00420T0	1605	1606	41	1.49508
MGG_13529T0	622	623	69	6.48616
MGG_03055T0	2500	2501	847.733	19.8505
MGG_00919T0	2214	2215	1313	34.715
MGG_08952T0	876	877	11	0.734547
MGG_08824T0	1169	1170	838	41.9454
MGG_17690T0	3075	3076	2317	44.113
MGG_16306T0	153	154	76	28.9014
MGG_03021T0	2339	2340	363	9.08484
MGG_07858T0	14334	14335	10	0.0408535
MGG_07278T0	2422	2423	9503	229.686
MGG_04201T0	1630	1631	2955	106.104
MGG_16834T0	2451	2452	23962	572.307
MGG_16513T0	516	517	7	0.792929
MGG_14722T0	2865	2866	0	0
MGG_15925T0	261	262	0	0
MGG_06248T0	2027	2028	8976.71	259.224
MGG_15629T0	180	181	0	0
MGG_15335T0	981	982	0	0
MGG_05342T0	1562	1563	2760	103.413
MGG_04686T0	2567	2568	504	11.4938
MGG_15837T0	1421	1422	753	31.0114
MGG_09834T0	2986	2987	884.747	17.3464
MGG_00682T0	360	361	885	143.57
MGG_17762T0	306	307	2	0.381521
MGG_12098T0	2397	2398	1317	32.1635
MGG_11525T0	1166	1167	12	0.602195
MGG_09081T0	1707	1708	240	8.22906
MGG_15038T0	3810	3811	4756	73.0852
MGG_06492T0	4093	4094	1971	28.1946
MGG_09917T0	4031	4032	2661	38.6501
MGG_16999T0	644	645	20	1.81592
MGG_14835T0	2135	2136	1823	49.9818
MGG_00565T0	561	562	53	5.52289
MGG_10699T0	1637	1638	892	31.8917
MGG_17815T0	322	323	367	66.5411
MGG_07461T0	3218	3219	633	11.5162
MGG_10500T0	1374	1375	3	0.127775
MGG_16573T0	510	511	0	0
MGG_14116T0	321	322	9	1.63687
MGG_03990T0	2445	2446	531.027	12.7141
MGG_08066T0	666	667	34	2.98524
MGG_16824T0	198	199	1	0.294289
MGG_04418T0	2067	2068	2323	65.7848
MGG_16118T0	195	196	9	2.68914
MGG_09861T0	2152	2153	1123	30.5466
MGG_07012T0	2679	2680	2366	51.7019
MGG_06451T0	1516	1517	23	0.88791
MGG_17209T0	561	562	0.333333	0.0347351
MGG_18133T0	2424	2425	1.03744	0.0250539
MGG_07083T0	3917	3918	2695	40.2829
MGG_06669T0	1140	1141	5386	276.444
MGG_05881T0	2325	2326	147	3.70113
MGG_00046T0	2838	2839	89	1.83591
MGG_12864T0	1751	1752	679	22.6967
MGG_10056T0	1690	1691	70883	2454.85
MGG_12760T0	2523	2524	304.704	7.06993
MGG_12760T1	2002	2003	588.071	17.1939
MGG_02624T0	1415	1416	8843	365.732
MGG_04955T0	1230	1231	876	41.6747
MGG_15248T0	4836	4837	10	0.121074
MGG_09408T1	8496	8497	234.714	1.61771
MGG_09408T2	8207	8208	70.3651	0.50205
MGG_09408T0	8566	8567	9984.51	68.2534
MGG_06724T0	1059	1060	25002	1381.32
MGG_04974T0	1147	1148	5146	262.515
MGG_16778T0	1323	1324	0	0
MGG_06009T0	1503	1504	7	0.272569
MGG_17863T0	150	151	0	0
MGG_08626T1	1568	1569	59.6025	2.22468
MGG_08626T0	2128	2129	700.654	19.2732
MGG_13874T0	1722	1723	7.23455	0.245897
MGG_01412T0	1548	1549	112	4.23441
MGG_14742T0	2558	2559	809	18.5142
MGG_13679T0	222	223	0	0
MGG_18090T0	756	757	4	0.30945
MGG_13563T0	1153	1154	4195	212.889
MGG_06636T0	1268	1269	2164	99.8671
MGG_12473T0	3405	3406	2475	42.5556
MGG_05984T0	1861	1862	2791	87.7823
MGG_16191T0	162	163	15	5.38927
MGG_14622T0	246	247	1	0.237099
MGG_09969T0	1773	1774	42	1.38651
MGG_06155T0	3628	3629	411	6.63256
MGG_09695T0	1341	1342	996.356	43.4799
MGG_15296T0	615	616	80	7.60564
MGG_09503T0	1946	1947	479	14.4078
MGG_04114T0	2122	2123	6690	184.545
MGG_06148T0	3084	3085	12453	236.399
MGG_00589T0	1793	1794	164.995	5.38611
MGG_12606T0	1834	1835	8256	263.488
MGG_15769T0	2335	2336	4232	106.096
MGG_06261T0	4936	4937	1769	20.9841
MGG_13291T0	3080	3081	35	0.665278
MGG_05927T0	1081	1082	139	7.5234
MGG_02939T0	2965	2966	2218	43.7942
MGG_17790T0	294	295	112	22.2343
MGG_17492T0	2971	2972	810	15.9611
MGG_08677T0	1143	1144	59	3.02032
MGG_04325T0	2424	2425	28805.3	695.644
MGG_02944T0	5145	5146	2877	32.7414
MGG_14340T0	1035	1036	7.04122	0.398029
MGG_06078T0	2372	2373	1507	37.1914
MGG_03327T0	1707	1708	4943	169.484
MGG_12733T0	1024	1025	52	2.97102
MGG_05652T0	5487	5488	2102.27	22.4338
MGG_16708T0	156	157	2	0.746031
MGG_03599T0	1519	1520	361	13.9088
MGG_03524T0	1825	1826	1958	62.7969
MGG_06737T0	711	712	82.5751	6.79197
MGG_10013T0	1017	1018	0	0
MGG_00540T0	2167	2168	2563	69.2334
MGG_12668T0	1014	1015	34	1.96173
MGG_04406T0	8595	8596	58	0.395147
MGG_03940T0	1957	1958	1861.6	55.6801
MGG_14862T0	372	373	37	5.80924
MGG_08132T0	1762	1763	3703	123.006
MGG_15515T0	1494	1495	0	0
MGG_08838T0	698	699	723	60.5742
MGG_03723T0	1551	1552	884	33.357
MGG_16587T0	252	253	10	2.31476
MGG_11304T0	556	557	0	0
MGG_02110T0	1109	1110	5	0.263799
MGG_01252T0	731	732	1046	83.6849
MGG_09381T0	1317	1318	10	0.444336
MGG_06653T0	1305	1306	28406	1273.78
MGG_17147T0	180	181	0	0
MGG_16136T0	183	184	7	2.22796
MGG_14791T0	1191	1192	203	9.97347
MGG_14994T0	923	924	42	2.66197
MGG_07934T0	1017	1018	211	12.1384
MGG_17198T0	711	712	22	1.80954
MGG_09603T0	1044	1045	6	0.336249
MGG_06387T0	2162	2163	693	18.763
MGG_13026T0	961	962	242	14.7322
MGG_09827T0	1850	1851	1262	39.9282
MGG_04973T0	1724	1725	62	2.10489
MGG_10537T0	2131	2132	81	2.22497
MGG_09128T0	539	540	43	4.66339
MGG_16155T0	228	229	6	1.53441
MGG_17416T0	784	785	50	3.73016
MGG_02385T0	4158	4159	1547	21.7835
MGG_10179T0	726	727	2254.77	181.633
MGG_03476T0	2080	2081	813	22.8794
MGG_10917T0	1659	1660	141	4.97437
MGG_04167T0	687	688	4797	408.327
MGG_17849T0	201	202	0	0
MGG_08200T0	2930	2931	1181	23.5972
MGG_02621T1	1853	1854	10.216	0.3227
MGG_02621T0	1712	1713	655.998	22.427
MGG_01695T0	5453	5454	618.88	6.64535
MGG_08684T0	447	448	0	0
MGG_01294T0	3999	4000	1541	22.5616
MGG_16736T0	366	367	3.40233	0.542922
MGG_04962T0	1917	1918	580	17.7095
MGG_06752T0	3036	3037	1033	19.9197
MGG_00445T0	2165	2166	247.544	6.69299
MGG_11783T0	5168	5169	10222	115.813
MGG_02522T0	438	439	83	11.0724
MGG_06904T0	2016	2017	1298	37.6873
MGG_10255T0	1530	1531	360	13.7706
MGG_00496T0	1533	1534	1364	52.0734
MGG_06575T0	1845	1846	27	0.856562
MGG_13168T0	3623	3624	469	7.57899
MGG_09015T0	1432	1433	13216	540.108
MGG_18141T0	372	373	0	0
MGG_11196T0	3505	3506	920	15.3675
MGG_07832T0	1224	1225	2513	120.139
MGG_16495T0	243	244	1	0.240014
MGG_11708T0	663	664	386	34.0444
MGG_00825T0	342	343	0	0
MGG_16947T0	840	841	64.3914	4.48393
MGG_11149T0	1670	1671	1448	50.748
MGG_01894T0	3144	3145	1405	26.1627
MGG_15976T0	2652	2653	9	0.19867
MGG_12129T0	1050	1051	953	53.1027
MGG_10669T0	2343	2344	1435	35.8526
MGG_08063T0	1971	1972	4429	131.53
MGG_06418T0	2222	2223	3231	85.1185
MGG_00976T0	4815	4816	2148	26.1201
MGG_15933T0	2066	2067	24	0.679982
MGG_05186T0	1518	1519	1844	71.0935
MGG_15364T0	666	667	0	0
MGG_08620T0	1803	1804	2161	70.1528
MGG_17654T0	1274	1275	0	0
MGG_09617T0	375	376	0	0
MGG_12377T0	5995	5996	4099	40.0353
MGG_05236T0	1201	1202	577	28.1124
MGG_10596T0	2832	2833	4186.61	86.5451
MGG_10596T1	3025	3026	2063.39	39.9337
MGG_06521T0	1799	1800	835	27.1669
MGG_09376T0	1650	1651	5	0.177358
MGG_03634T0	2734	2735	1668	35.7162
MGG_12174T0	1307	1308	5124	229.418
MGG_01457T0	3311	3312	1001.28	17.7049
MGG_12480T0	1215	1216	7	0.337125
MGG_08296T0	1701	1702	42.2482	1.4537
MGG_08296T1	1419	1420	114.752	4.73258
MGG_16038T0	2396	2397	506	12.3626
MGG_12946T0	678	679	2	0.172499
MGG_05599T0	3581	3582	472	7.7169
MGG_04657T0	5521	5522	1768.14	18.7519
MGG_03832T0	1497	1498	44	1.72015
MGG_00290T0	1205	1206	130.1	6.31765
MGG_05826T0	1538	1539	19	0.723006
MGG_00167T0	1346	1347	15431	670.893
MGG_08962T0	995	996	8	0.470389
MGG_15565T0	1815	1816	5727	184.688
MGG_11534T0	3856	3857	16792	254.964
MGG_09300T0	3196	3197	820	15.021
MGG_00765T0	468	469	48	5.9937
MGG_14926T0	531	532	0	0
MGG_09724T0	417	418	0	0
MGG_00079T1	2031	2032	1.44996	0.0417887
MGG_00079T0	1866	1867	7.55004	0.236827
MGG_18142T0	564	565	0	0
MGG_13440T0	1476	1477	882	34.9715
MGG_11280T0	870	871	0	0
MGG_06771T0	675	676	3756	325.391
MGG_17332T0	186	187	4	1.25269
MGG_17724T0	1497	1498	647.086	25.2974
MGG_16722T0	273	274	16	3.41976
MGG_11904T0	4618	4619	1145	14.5172
MGG_02486T0	2571	2572	570	12.9787
MGG_10607T0	1921	1922	6396	194.886
MGG_14772T0	1102	1103	11723	622.429
MGG_04067T0	3266	3267	4416	79.1601
MGG_00203T0	2521	2522	198	4.59776
MGG_01615T0	4199	4200	3563	49.6813
MGG_00759T0	2096	2097	1273.58	35.5675
MGG_00834T0	2098	2099	678	18.9166
MGG_16771T0	283	284	65	13.4036
MGG_01817T0	2851	2852	800	16.4273
MGG_09310T0	2712	2713	693	14.9593
MGG_16922T0	426	427	1	0.137151
MGG_04423T0	2567	2568	1793.59	40.903
MGG_01180T0	1426	1427	1497	61.4362
MGG_07505T0	809	810	108	7.80846
MGG_17252T0	1554	1555	61	2.29734
MGG_15246T0	1008	1009	25	1.45103
MGG_10435T0	1221	1222	1	0.0479243
MGG_04364T0	2127	2128	158	4.34823
MGG_17998T0	465	466	0	0
MGG_17781T0	267	268	0	0
MGG_15752T0	219	220	40	10.6479
MGG_13499T0	2056	2057	2199	62.6062
MGG_02302T0	1350	1351	149.04	6.46061
MGG_16275T0	150	151	0	0
MGG_02064T0	2094	2095	904	25.2703
MGG_01130T0	2570	2571	1990	45.3292
MGG_08771T0	1150	1151	465	23.6594
MGG_16691T0	204	205	3	0.857026
MGG_12159T0	2070	2071	2722.96	76.9995
MGG_15052T0	339	340	3	0.516736
MGG_11061T0	2860	2861	960	19.6508
MGG_00102T0	2344	2345	385	9.61489
MGG_06587T0	1783	1784	2561.41	84.0834
MGG_16442T0	1093	1094	462	24.7315
MGG_00127T0	2040	2041	5701	163.582
MGG_08121T0	2084	2085	649	18.2291
MGG_03945T0	2144	2145	1833	50.0451
MGG_02972T0	2003	2004	1	0.0292233
MGG_01666T0	2935	2936	3135	62.5328
MGG_15295T0	2892	2893	1638	33.1583
MGG_12383T0	2778	2779	6	0.126441
MGG_08974T0	2337	2338	285	7.13883
MGG_07673T0	1927	1928	294	8.93032
MGG_01122T0	1153	1154	92	4.66884
MGG_16719T0	279	280	1	0.209155
MGG_16335T0	246	247	7	1.65969
MGG_17665T0	420	421	0	0
MGG_15005T0	2135	2136	588	16.1214
MGG_06960T0	2469	2470	984	23.3305
MGG_06932T0	2472	2473	2157	51.0802
MGG_11573T0	992	993	1653	97.4878
MGG_02050T0	1670	1671	1316	46.1218
MGG_17091T0	192	193	5	1.51719
MGG_03997T0	3463	3464	3627.06	61.3202
MGG_15540T0	1449	1450	1086.74	43.8918
MGG_13222T0	2525	2526	1991	46.1599
MGG_11945T0	2886	2887	283	5.74072
MGG_03630T0	2058	2059	661	18.8006
MGG_17700T0	331	332	12	2.11675
MGG_04131T0	2168	2169	2455.46	66.2979
MGG_14330T0	1653	1654	7	0.24785
MGG_08334T0	1710	1711	7.21589	0.246983
MGG_10805T0	990	991	6	0.354572
MGG_04878T0	6696	6697	2888	25.2548
MGG_04703T0	6310	6311	4881	45.2936
MGG_06323T0	1244	1245	2407.5	113.246
MGG_16716T0	396	397	33	4.86799
MGG_08203T0	486	487	4331	520.818
MGG_05477T0	1892	1893	3283	101.566
MGG_01218T0	4042	4043	167	2.41902
MGG_17997T0	339	340	3	0.516736
MGG_17955T0	582	583	45	4.52033
MGG_16634T0	1284	1285	156.493	7.1321
MGG_00700T0	2586	2587	4164	94.2629
MGG_17876T0	339	340	21	3.61715
MGG_07258T0	2947	2948	537	10.6678
MGG_07211T0	2131	2132	1799	49.4163
MGG_14216T0	480	481	3	0.365261
MGG_08176T0	756	757	136	10.5213
MGG_01455T0	920	921	9.13292	0.580733
MGG_17903T0	288	289	7	1.41849
MGG_10266T0	1293	1294	3	0.135773
MGG_13180T0	198	199	50	14.7144
MGG_08387T0	1632	1633	40	1.4345
MGG_08737T0	1931	1932	793	24.0377
MGG_06138T0	3997	3998	2106	30.8491
MGG_16123T0	417	418	12	1.68125
MGG_09391T0	1281	1282	0	0
MGG_00833T0	2843	2844	469	9.65761
MGG_15542T0	291	292	0	0
MGG_13671T0	240	241	3	0.729006
MGG_00143T0	2383	2384	929	22.8211
MGG_04002T0	896	897	1149	75.0161
MGG_12922T0	5146	5147	1044	11.8788
MGG_17316T0	258	259	0	0
MGG_03316T1	3068	3069	25.1557	0.480028
MGG_03316T0	2946	2947	213.844	4.24956
MGG_10696T0	1810	1811	657	21.2458
MGG_11340T0	4555	4556	4272.23	54.9159
MGG_15110T0	1329	1330	104.525	4.6025
MGG_09995T0	4732	4733	632	7.82001
MGG_10414T0	1884	1885	506	15.7205
MGG_11188T0	4106	4107	1468.73	20.9433
MGG_03714T0	3257	3258	3221	57.8984
MGG_06218T0	3768	3769	3048	47.3604
MGG_15188T0	639	640	15	1.37258
MGG_15037T0	1638	1639	78	2.78703
MGG_10475T0	1431	1432	10	0.408963
MGG_16138T0	309	310	26	4.91177
MGG_04678T0	1761	1762	1003	33.3366
MGG_15701T0	3144	3145	0	0
MGG_01840T0	3259	3260	2323	41.7309
MGG_16977T0	423	424	45	6.21546
MGG_16729T0	1733	1734	763	25.7693
MGG_04493T0	2789	2790	573	12.0275
MGG_07726T0	369	370	8	1.26624
MGG_07529T0	821	822	338	24.0808
MGG_02782T0	1635	1636	773	27.6709
MGG_10066T0	942	943	998	61.9791
MGG_05375T0	1286	1287	1014	46.1409
MGG_04003T0	1305	1306	200	8.96837
MGG_03979T0	3028	3029	2144.22	41.4569
MGG_16355T0	901	902	8	0.51941
MGG_07584T0	1629	1630	1	0.0359285
MGG_03651T0	2240	2241	270.775	7.07608
MGG_09359T0	4034	4035	446.573	6.4815
MGG_10483T0	1929	1930	12882	390.888
MGG_11710T0	1032	1033	2231	126.481
MGG_04278T0	1113	1114	40	2.10282
MGG_15441T0	1716	1717	239	8.15181
MGG_16311T0	892	893	738.605	48.4381
MGG_15771T0	413	414	2	0.282915
MGG_15194T0	723	724	29	2.34577
MGG_05258T0	2178	2179	1474	39.6157
MGG_04818T0	1461	1462	2202	88.2057
MGG_08587T0	2659	2660	792	17.4369
MGG_15239T0	1442	1443	2842	115.341
MGG_10466T0	798	799	0	0
MGG_08134T0	4108	4109	345.166	4.91947
MGG_04669T0	3578	3579	693	11.3396
MGG_00816T0	831	832	129	9.08015
MGG_02117T0	2134	2135	27792	762.34
MGG_04363T0	2953	2954	1492	29.5791
MGG_00709T0	741	742	169.531	13.3805
MGG_08218T0	471	472	0	0
MGG_17070T0	237	238	14	3.44491
MGG_06763T0	1939	1940	390.178	11.7785
MGG_08342T0	1826	1827	78.1091	2.50374
MGG_13532T0	3769	3770	1953	30.338
MGG_10441T0	1014	1015	140	8.07772
MGG_07434T0	2608	2609	2557.79	57.414
MGG_00920T0	1676	1677	376	13.1305
MGG_13007T0	2666	2667	607	13.3288
MGG_05294T0	1469	1470	1052	41.9107
MGG_10792T0	1332	1333	359	15.7722
MGG_00468T0	2999	3000	1720	33.5764
MGG_16802T0	492	493	52	6.17708
MGG_15501T1	1207	1208	0	0
MGG_15501T0	1211	1212	438.179	21.1726
MGG_04729T0	1368	1369	373	15.9563
MGG_15991T0	3364	3365	1402	24.4
MGG_08871T0	4185	4186	1205	16.8583
MGG_03510T0	5258	5259	1154	12.8508
MGG_07052T0	1791	1792	1374	44.903
MGG_15062T0	1585	1586	1182	43.6456
MGG_14966T0	1548	1549	1813	68.5446
MGG_05163T0	1857	1858	6	0.189118
MGG_03086T0	1245	1246	299	14.0533
MGG_01008T0	3036	3037	2893	55.7866
MGG_01036T0	2033	2034	303	8.72405
MGG_16749T0	2622	2623	1148	25.6313
MGG_18012T0	159	160	4	1.46409
MGG_17988T0	741	742	1471	116.101
MGG_06916T0	1006	1007	1069.22	62.1822
MGG_04935T0	1993	1994	716	21.0288
MGG_14676T0	2887	2888	5867	118.972
MGG_03388T0	1608	1609	187	6.80632
MGG_04803T0	5110	5111	5527	63.3301
MGG_00120T0	588	589	6831	679.197
MGG_10630T0	3140	3141	1603.3	29.8933
MGG_08526T0	1725	1726	321122	10895.7
MGG_11688T0	575	576	87	8.84552
MGG_07212T0	928	929	3653	230.282
MGG_03849T0	868	869	125	8.42397
MGG_04830T0	1995	1996	1380.1	40.4927
MGG_15072T0	3036	3037	11067.9	213.425
MGG_03650T0	945	946	171	10.586
MGG_16112T0	156	157	0	0
MGG_01940T0	1434	1435	7	0.285675
MGG_07878T0	2503	2504	127	2.97027
MGG_17352T0	207	208	4	1.12622
MGG_03128T0	1177	1178	116	5.76686
MGG_08423T0	1973	1974	1387.36	41.1595
MGG_09935T0	4038	4039	1361.19	19.7366
MGG_09175T0	1511	1512	433	16.7711
MGG_00634T0	4254	4255	6583	90.6047
MGG_17024T0	1368	1369	9	0.385004
MGG_06825T0	1146	1147	22	1.12327
MGG_03625T0	2340	2341	776	19.4127
MGG_07247T0	1659	1660	134	4.72741
MGG_03619T0	2247	2248	25250	657.797
MGG_10782T0	669	670	0	0
MGG_14944T0	897	898	4	0.260862
MGG_15412T0	252	253	0	0
MGG_15957T0	405	406	8	1.15396
MGG_13014T0	6236	6237	5337	50.1127
MGG_10855T0	1470	1471	678.356	27.0067
MGG_16738T0	2383	2384	746.774	18.3447
MGG_11282T0	2637	2638	2087.88	46.3509
MGG_10619T0	763	764	1002	76.807
MGG_07455T0	1382	1383	517	21.8925
MGG_08178T0	3161	3162	363	6.72313
MGG_14593T0	939	940	0	0
MGG_07251T0	948	949	48	2.96211
MGG_01436T0	1951	1952	1089	32.6721
MGG_00780T0	1249	1250	512	23.9876
MGG_13374T0	867	868	87	5.86984
MGG_17078T0	2356	2357	2700	67.0858
MGG_12164T0	2305	2306	1698	43.1226
MGG_08594T0	4347	4348	404.409	5.447
MGG_01834T0	3641	3642	1371	22.0457
MGG_11869T0	774	775	709	53.5761
MGG_11489T0	5188	5189	634.424	7.16016
MGG_14857T0	1502	1503	600.001	23.3786
MGG_01943T0	687	688	6	0.510728
MGG_10400T0	1501	1502	4052	157.989
MGG_04577T0	3087	3088	2197	41.6658
MGG_15175T0	2276	2277	1301	33.4612
MGG_01419T0	4812	4813	589	7.16681
MGG_00268T0	2145	2146	30.9358	0.844225
MGG_00268T1	2581	2582	71.0642	1.61184
MGG_14712T0	14199	14200	574	2.36728
MGG_07660T0	4179	4180	36762	515.05
MGG_03493T0	1809	1810	213	6.89172
MGG_17372T0	1752	1753	151	5.04454
MGG_09664T0	2875	2876	71	1.44576
MGG_04826T0	1677	1678	2045	71.372
MGG_13598T0	1365	1366	2	0.0857444
MGG_15322T0	780	781	66	4.94902
MGG_14496T0	4213	4214	1013	14.078
MGG_08050T0	1861	1862	1535	48.2787
MGG_15888T0	2531	2532	1180	27.2926
MGG_01756T0	1121	1122	1879	98.0755
MGG_09675T0	426	427	1	0.137151
MGG_09501T0	1212	1213	721	34.8098
MGG_09266T0	987	988	204	12.092
MGG_06429T0	2123	2124	510	14.0618
MGG_00958T0	2410	2411	1287	31.2614
MGG_14981T0	681	682	0	0
MGG_07276T0	2989	2990	2035	39.8584
MGG_16153T0	186	187	0	0
MGG_08112T0	2805	2806	1011	21.1004
MGG_04253T0	1942	1943	93	2.80309
MGG_03733T0	1741	1742	721.12	24.243
MGG_11899T0	3679	3680	661	10.5191
MGG_13465T0	2066	2067	612	17.3395
MGG_16458T0	360	361	5	0.811128
MGG_02889T0	902	903	4039	261.947
MGG_17596T0	1750	1751	1534	51.3057
MGG_00345T0	7679	7680	2976	22.6933
MGG_17837T0	237	238	7	1.72245
MGG_08275T0	820	821	672	47.935
MGG_00142T0	2812	2813	1174	24.4413
MGG_17124T0	183	184	2	0.636559
MGG_07731T0	2493	2494	493	11.5765
MGG_01224T0	2976	2977	696	13.6917
MGG_08003T0	1664	1665	10	0.351732
MGG_04383T0	1572	1573	412	15.3389
MGG_17495T0	423	424	0	0
MGG_16307T0	322	323	7	1.26918
MGG_18039T0	831	832	123	8.65782
MGG_03157T0	1746	1747	521	17.4651
MGG_05661T0	1036	1037	13390.3	756.202
MGG_04712T0	2296	2297	1441.25	36.7456
MGG_09261T0	969	970	250	15.0937
MGG_14718T0	414	415	0	0
MGG_10448T0	2893	2894	2562.13	51.8476
MGG_09839T0	1297	1298	73.224	3.30374
MGG_08011T0	1316	1317	620	27.5697
MGG_16662T0	309	310	0	0
MGG_14565T0	564	565	23	2.384
MGG_00691T0	2781	2782	392	8.25193
MGG_08897T0	2517	2518	2245	52.214
MGG_10492T0	1910	1911	1238	37.9391
MGG_06458T0	2101	2102	1541.26	42.9407
MGG_05418T0	852	853	11	0.755214
MGG_03961T0	1353	1354	1382.67	59.8037
MGG_03301T0	1124	1125	1013	52.7331
MGG_08844T0	1086	1087	3249.11	175.05
MGG_03765T0	2424	2425	9984	241.112
MGG_09536T0	3497	3498	4108	68.7761
MGG_10278T0	1534	1535	3	0.114456
MGG_16418T0	1224	1225	34	1.62543
MGG_18032T0	189	190	0	0
MGG_08323T0	1525	1526	1922.92	73.7962
MGG_04076T0	1752	1753	88	2.93987
MGG_15938T0	387	388	1	0.150937
MGG_10509T0	1365	1366	2	0.0857444
MGG_02591T0	890	891	3	0.197183
MGG_05843T0	1676	1677	950	33.1755
MGG_15846T0	366	367	33	5.26592
MGG_07354T0	1371	1372	65	2.77451
MGG_04839T0	1300	1301	2867	129.056
MGG_13025T0	2341	2342	166	4.15095
MGG_10779T0	402	403	0	0
MGG_03898T0	2124	2125	121	3.33467
MGG_01729T0	1246	1247	854	40.1068
MGG_00275T0	2382	2383	383.624	9.42775
MGG_13549T0	984	985	57	3.38895
MGG_01611T0	666	667	767	67.3436
MGG_15329T0	1386	1387	51	2.15338
MGG_04570T0	1962	1963	191	5.69823
MGG_04081T0	888	889	1428	94.0704
MGG_04370T0	2842	2843	144	2.96628
MGG_17360T0	330	331	5	0.884644
MGG_04339T0	1943	1944	120.569	3.63217
MGG_15811T0	1274	1275	231	10.6103
MGG_09353T0	2181	2182	205	5.50207
MGG_12749T0	2471	2472	2176	51.551
MGG_10467T0	650	651	30	2.69878
MGG_16754T0	359	360	181	29.4444
MGG_08057T0	1617	1618	3268	118.285
MGG_00752T0	1346	1347	763	33.1729
MGG_16627T0	201	202	5	1.44959
MGG_06449T0	3945	3946	435.072	6.45699
MGG_18036T0	159	160	11	4.02624
MGG_03900T0	2112	2113	15867	439.766
MGG_02224T0	1470	1471	860	34.2383
MGG_08027T0	720	721	5	0.406127
MGG_02881T0	1374	1375	434	18.4848
MGG_06821T0	1995	1996	501	14.6995
MGG_10154T0	1525	1526	924	35.4604
MGG_03003T0	1443	1444	373	15.1275
MGG_16434T0	772	773	26.7252	2.02474
MGG_05397T0	2153	2154	70	1.90318
MGG_00689T0	3262	3263	2324	41.7105
MGG_01007T0	1299	1300	181.256	8.16535
MGG_04891T0	3302	3303	1727	30.6204
MGG_05844T0	1690	1691	6544	226.635
MGG_02132T0	3140	3141	1058	19.7262
MGG_11612T0	1625	1626	885	31.8749
MGG_01807T0	1304	1305	3193	143.29
MGG_06902T0	3372	3373	678	11.7717
MGG_01259T0	1874	1875	769	24.0188
MGG_00238T0	1530	1531	0	0
MGG_11749T0	240	241	130	31.5902
MGG_06941T0	2084	2085	2173	61.0352
MGG_06321T0	2437	2438	3872	93.0097
MGG_04037T0	6031	6032	3772	36.6216
MGG_09216T0	1091	1092	325	17.4296
MGG_07063T0	3045	3046	1696	32.6079
MGG_09487T0	2025	2026	668	19.3092
MGG_04495T0	2406	2407	969	23.5762
MGG_05913T0	657	658	3863	343.815
MGG_00513T0	358	359	34634	5649.82
MGG_13188T0	1736	1737	25162	848.344
MGG_11543T0	1471	1472	1382	54.9828
MGG_03425T0	1245	1246	2	0.0940023
MGG_16057T0	630	631	1	0.0928105
MGG_04720T0	1879	1880	789	24.578
MGG_17836T0	159	160	5	1.83011
MGG_17490T0	956	957	35	2.14182
MGG_15281T0	4126	4127	644.292	9.14271
MGG_01551T0	2887	2888	6443	130.652
MGG_07002T0	475	476	26	3.19884
MGG_00876T0	2219	2220	2059.83	54.338
MGG_17787T0	2185	2186	5854.72	156.849
MGG_16703T0	357	358	0	0
MGG_01989T0	1665	1666	3	0.105456
MGG_04321T1	4397	4398	1210.08	16.1134
MGG_04321T0	3549	3550	446.918	7.37269
MGG_01804T0	3008	3009	1153	22.4406
MGG_01518T0	4308	4309	4712.7	64.0502
MGG_06694T0	2266	2267	5425.93	140.168
MGG_09541T0	1836	1837	719	22.9217
MGG_13185T0	2727	2728	8556	183.676
MGG_02062T0	1206	1207	422	20.4754
MGG_07927T0	2252	2253	753.076	19.5751
MGG_17424T0	201	202	2	0.579836
MGG_17154T0	2099	2100	15	0.41831
MGG_11288T0	2535	2536	188.354	4.34962
MGG_15133T0	3145	3146	243	4.5235
MGG_01048T0	1431	1432	816.276	33.3826
MGG_07404T0	1806	1807	26008	842.899
MGG_12715T0	672	673	361	31.4137
MGG_17007T0	150	151	8.27978	3.21121
MGG_04978T0	1591	1592	12550	461.665
MGG_02611T0	4019	4020	1587	23.1195
MGG_17287T0	1080	1081	0	0
MGG_01075T0	579	580	33	3.33206
MGG_16007T0	600	601	0	0
MGG_07237T0	1216	1217	2237	107.647
MGG_00633T0	3102	3103	6578	124.148
MGG_00636T0	1953	1954	1053	31.5595
MGG_16748T0	420	421	4	0.556422
MGG_14983T0	546	547	0	0
MGG_09697T0	4920	4921	8092	96.3006
MGG_02203T0	1678	1679	65	2.2672
MGG_16366T0	273	274	0	0
MGG_08304T0	3948	3949	317.941	4.71504
MGG_15444T0	325	326	2	0.359285
MGG_11739T0	1647	1648	283	10.0567
MGG_11445T1	1042	1043	0	0
MGG_11445T0	1050	1051	190.724	10.6275
MGG_09251T0	882	883	1	0.0663233
MGG_12636T0	2586	2587	762	17.2498
MGG_16860T0	1481	1482	280	11.0646
MGG_13223T0	4029	4030	588	8.54474
MGG_02006T0	2349	2350	83	2.06841
MGG_04375T0	1988	1989	953.466	28.0735
MGG_08333T0	1163	1164	108.784	5.47317
MGG_06225T0	462	463	185	23.4001
MGG_17625T0	2442	2443	19	0.455467
MGG_07571T0	1498	1499	66	2.57851
MGG_17120T0	333	334	6	1.05204
MGG_14146T0	522	523	29	3.2473
MGG_00451T0	1532	1533	850	32.4716
MGG_12327T0	2524	2525	1513	35.0917
MGG_09398T0	1932	1933	757	22.9346
MGG_05435T0	2069	2070	32	0.905329
MGG_02784T0	6946	6947	739	6.2298
MGG_06329T0	1041	1042	779	43.7821
MGG_04875T0	1163	1164	153	7.69777
MGG_03424T0	1077	1078	0	0
MGG_06374T0	1944	1945	1209	36.4027
MGG_04882T0	1801	1802	1906	61.9434
MGG_00162T0	885	886	1943	128.43
MGG_17314T0	354	355	15	2.47451
MGG_04917T0	4813	4814	877	10.6689
MGG_05451T0	2472	2473	7644	181.019
MGG_02778T0	543	544	441968	47579.4
MGG_02461T0	2494	2495	525	12.323
MGG_17118T0	375	376	17	2.64782
MGG_07994T0	555	556	0	0
MGG_05692T0	705	706	586	48.6093
MGG_15078T0	3624	3625	1858	30.0168
MGG_17718T1	629	630	28.0367	2.60623
MGG_17718T0	767	768	11.9633	0.912259
MGG_14883T0	904	905	94	6.08283
MGG_13871T0	525	526	0	0
MGG_05398T0	746	747	3	0.235195
MGG_04127T0	1588	1589	485	17.8749
MGG_18134T0	2043	2044	524	15.0133
MGG_10975T0	375	376	53	8.25495
MGG_04198T0	905	906	923	59.6623
MGG_07014T0	4006	4007	929	13.5776
MGG_17759T0	408	409	0	0
MGG_09729T0	450	451	8	1.03882
MGG_16603T0	408	409	6	0.859121
MGG_15968T0	1356	1357	0	0
MGG_01864T0	758	759	56	4.32089
MGG_05429T1	711	712	3.16825	0.260595
MGG_05429T0	946	947	20.8317	1.28826
MGG_17505T0	2195	2196	332	8.85385
MGG_16468T0	249	250	2	0.468508
MGG_12005T0	4368	4369	3093	41.4595
MGG_05819T0	660	661	12	1.06318
MGG_05612T0	631	632	22	2.0386
MGG_00095T0	3220	3221	136.24	2.47708
MGG_17945T0	1647	1648	1063	37.7748
MGG_10683T0	1818	1819	5	0.160977
MGG_03280T0	2309	2310	997	25.2761
MGG_00355T0	850	851	1067	73.428
MGG_00893T0	1588	1589	194	7.14997
MGG_00893T1	1332	1333	0	0
MGG_08985T0	3125	3126	351	6.57574
MGG_09369T0	3259	3260	1150.97	20.6763
MGG_03862T0	3557	3558	3484	57.3454
MGG_10286T0	336	337	67	11.6432
MGG_00459T0	1251	1252	2091.48	97.8308
MGG_06087T0	3414	3415	2413	41.3803
MGG_16397T0	222	223	52	13.6561
MGG_10111T0	1297	1298	92	4.15088
MGG_02134T0	1816	1817	113	3.64209
MGG_16352T0	385	386	5	0.758594
MGG_04866T0	1781	1782	563.398	18.5154
MGG_02130T0	1704	1705	263	9.03354
MGG_02320T0	1636	1637	699	25.0066
MGG_01309T0	3164	3165	1248.87	23.1085
MGG_14022T0	1233	1234	0	0
MGG_02346T0	2003	2004	48	1.40272
MGG_11492T0	345	346	19	3.21591
MGG_05789T0	549	550	2	0.212958
MGG_09860T0	2260	2261	459	11.8888
MGG_11383T0	2547	2548	3047	70.0325
MGG_15415T0	833	834	56	3.93232
MGG_07081T0	1224	1225	118	5.64121
MGG_15989T0	2739	2740	496.504	10.612
MGG_10489T0	3144	3145	1270	23.6488
MGG_10432T0	784	785	42	3.13333
MGG_02545T0	1064	1065	116	6.37874
MGG_09504T0	4279	4280	1702	23.2885
MGG_04558T1	3205	3206	906.118	16.5519
MGG_04558T0	2805	2806	1828.88	38.1702
MGG_00804T0	1426	1427	667.404	27.3899
MGG_17570T0	567	568	0	0
MGG_04254T0	921	922	122	7.74918
MGG_04091T0	1826	1827	1356	43.4658
MGG_07188T0	1655	1656	625	22.1028
MGG_01168T0	1668	1669	1163.12	40.8126
MGG_04665T0	3148	3149	2898	53.8955
MGG_00431T0	1860	1861	8927	280.922
MGG_16621T0	247	248	0	0
MGG_10687T0	1185	1186	461.74	22.8003
MGG_05383T0	1270	1271	39	1.79699
MGG_16582T0	204	205	0	0
MGG_03497T0	1717	1718	68243	2326.28
MGG_12345T0	3132	3133	1829.66	34.2009
MGG_04360T0	1935	1936	172	5.20295
MGG_07521T0	3132	3133	1605	30.0014
MGG_02962T0	3386	3387	453.34	7.83854
MGG_02962T1	2735	2736	7066.66	151.26
MGG_00998T0	3184	3185	1175	21.605
MGG_16236T0	1498	1499	232	9.06386
MGG_16698T0	363	364	2	0.321777
MGG_00710T0	2100	2101	3921	109.294
MGG_17609T0	225	226	0	0
MGG_06681T0	2105	2106	1074.13	29.8692
MGG_12243T0	2634	2635	847.687	18.84
MGG_13578T0	1297	1298	1278	57.6611
MGG_09865T0	1404	1405	3479	145.012
MGG_01783T1	2097	2098	353.747	9.87446
MGG_01783T0	1027	1028	393.633	22.4246
MGG_04718T0	735	736	416	33.1011
MGG_15167T0	2513	2514	131.532	3.06402
MGG_00552T0	1392	1393	3391	142.562
MGG_09566T0	2281	2282	416.834	10.6973
MGG_15321T0	2084	2085	1288	36.1773
MGG_09352T0	2919	2920	3641	73.0238
MGG_09087T0	693	694	0	0
MGG_01094T0	3784	3785	585	9.05142
MGG_15559T0	747	748	51	3.99296
MGG_03826T0	1385	1386	55	2.32395
MGG_15206T0	936	937	205	12.8127
MGG_10038T0	1866	1867	9	0.282309
MGG_01981T0	784	785	509	37.973
MGG_06179T0	1443	1444	564	22.8738
MGG_08274T0	2467	2468	63	1.49493
MGG_14583T0	3242	3243	1587	28.6587
MGG_11292T0	462	463	1	0.126487
MGG_01663T0	933	934	1187	74.427
MGG_04621T0	5679	5680	479	4.93871
MGG_03725T0	1374	1375	2309.34	98.3584
MGG_15685T0	535	536	34	3.71485
MGG_16054T0	2755	2756	395	8.39353
MGG_10702T0	1802	1803	255	8.28268
MGG_14573T0	2521	2522	544	12.6322
MGG_01268T0	2370	2371	4146	102.406
MGG_07175T0	1710	1711	1131.81	38.7391
MGG_14023T0	222	223	4.0033	1.05133
MGG_13852T0	504	505	1.00363	0.116389
MGG_02659T0	1233	1234	3801.1	180.394
MGG_02659T1	1136	1137	4924.9	253.667
MGG_15273T0	1955	1956	16	0.479047
MGG_00522T0	1995	1996	2956	86.7302
MGG_15443T0	348	349	0	0
MGG_17902T0	156	157	2	0.746031
MGG_03525T0	1536	1537	4633	176.529
MGG_01784T0	953	954	482.621	29.6268
MGG_08130T0	3116	3117	576	10.8221
MGG_17062T0	1163	1164	1140	57.356
MGG_01133T1	2767	2768	1354.26	28.6526
MGG_01133T0	3378	3379	1757.74	30.4643
MGG_00312T0	2084	2085	930.986	26.1495
MGG_08649T0	1393	1394	1749	73.4774
MGG_04911T0	3614	3615	1473	23.8628
MGG_04640T0	4054	4055	929	13.4169
MGG_00554T0	856	857	96	6.5602
MGG_10933T0	1818	1819	57	1.83514
MGG_01300T0	1359	1360	248	10.6792
MGG_15482T0	513	514	0	0
MGG_07423T0	2256	2257	4391	113.935
MGG_04599T0	690	691	17135	1452.22
MGG_00587T0	1719	1720	3438	117.059
MGG_14807T0	593	594	1540.45	151.876
MGG_03687T0	1434	1435	4490	183.24
MGG_12714T0	1013	1014	1169	67.5155
MGG_11529T0	3028	3029	1202.47	23.2488
MGG_11259T0	3066	3067	19985	381.608
MGG_11064T0	2909	2910	1554	31.2741
MGG_02036T0	2881	2882	0	0
MGG_15384T0	336	337	0	0
MGG_05695T0	3522	3523	592	9.84092
MGG_11482T0	3958	3959	1254	18.5498
MGG_15068T0	399	400	0	0
MGG_11727T0	4282	4283	1482	20.2641
MGG_10170T0	804	805	1514	110.143
MGG_10659T0	2490	2491	1900	44.669
MGG_12522T0	270	271	2371	512.376
MGG_06691T0	1260	1261	16177	751.293
MGG_03666T0	772	773	1832	138.795
MGG_06580T0	1800	1801	44	1.43076
MGG_16241T0	156	157	0	0
MGG_06221T0	2132	2133	202	5.54609
MGG_02208T0	567	568	105	10.826
MGG_05865T0	3916	3917	3801	56.8291
MGG_05296T0	351	352	4079	678.637
MGG_04355T0	567	568	76	7.83595
MGG_06376T0	1284	1285	1027	46.8052
MGG_16294T0	508	509	65	7.47863
MGG_15242T0	2781	2782	181	3.8102
MGG_10911T0	597	598	5	0.489661
MGG_12162T0	1592	1593	191	7.02173
MGG_09144T0	450	451	1	0.129852
MGG_07745T0	3043	3044	2850	54.8311
MGG_02032T0	3452	3453	0	0
MGG_14979T0	417	418	5	0.70052
MGG_10431T0	2949	2950	525	10.4223
MGG_06370T0	2934	2935	302	6.02595
MGG_09610T0	870	871	1712	115.11
MGG_09435T0	2770	2771	191.093	4.03865
MGG_07226T0	801	802	133	9.71189
MGG_17801T0	423	424	4	0.552485
MGG_05057T0	1332	1333	175	7.68837
MGG_01985T0	2406	2407	1434	34.8899
MGG_03050T0	2427	2428	2455	59.2147
MGG_01356T0	2103	2104	32	0.890699
MGG_09347T0	950	951	320	19.7059
MGG_16706T0	1566	1567	3394	126.844
MGG_08691T0	949	950	2049.74	126.358
MGG_02267T0	1543	1544	32	1.21375
MGG_07569T0	1820	1821	5	0.1608
MGG_15172T0	501	502	5	0.583301
MGG_14893T0	870	871	0	0
MGG_09986T0	1205	1206	1451	70.4607
MGG_01811T0	4825	4826	830	10.072
MGG_07738T0	1380	1381	25	1.06016
MGG_07324T0	1196	1197	1603	78.4271
MGG_08189T0	2540	2541	899.955	20.7416
MGG_11168T0	2496	2497	6551	153.644
MGG_10522T0	1994	1995	661	19.4037
MGG_17109T0	423	424	1	0.138121
MGG_07818T0	3117	3118	32.375	0.608079
MGG_00719T0	1737	1738	29862.4	1006.24
MGG_14351T0	2218	2219	59	1.55712
MGG_09779T0	3392	3393	531.729	9.17769
MGG_09779T1	3451	3452	281.739	4.77972
MGG_07917T0	3324	3325	176	3.0999
MGG_09849T0	1224	1225	39.1483	1.87156
MGG_13339T0	621	622	0	0
MGG_01387T0	2142	2143	498	13.6092
MGG_12047T0	4344	4345	10	0.134784
MGG_04977T0	156	157	8007	2986.74
MGG_15598T0	627	628	1335	124.494
MGG_16347T0	531	532	12	1.32098
MGG_17071T0	297	298	2	0.393043
MGG_16199T0	261	262	0	0
MGG_04710T0	8688	8689	1994	13.4395
MGG_02232T0	420	421	0	0
MGG_01593T0	3255	3256	2561	46.063
MGG_04374T0	1848	1849	1159.53	36.726
MGG_09875T0	1467	1468	1401	55.8906
MGG_02648T0	2576	2577	29	0.659038
MGG_06245T0	6918	6919	299	2.53078
MGG_10580T0	2539	2540	226	5.21076
MGG_07125T0	1209	1210	2478	119.934
MGG_04753T0	684	685	0	0
MGG_05860T0	2270	2271	686	17.6902
MGG_10382T0	1243	1244	875.735	41.2268
MGG_00555T0	2466	2467	13623	323.393
MGG_03743T0	3126	3127	458	8.57757
MGG_06033T0	3949	3950	6863	101.752
MGG_06250T0	2283	2284	1686	43.2303
MGG_05690T0	3450	3451	2977	50.5197
MGG_14070T0	1118	1119	179	9.36806
MGG_01108T0	4561	4562	2761	35.4436
MGG_15908T0	225	226	0	0
MGG_04101T0	2280	2281	2077	53.3259
MGG_01605T0	3035	3036	4663.11	89.9499
MGG_00427T0	8566	8567	38.8869	0.265829
MGG_07157T0	2820	2821	435.486	9.04062
MGG_13635T0	2110	2111	190	5.27099
MGG_17525T0	156	157	0	0
MGG_02334T0	381	382	0	0
MGG_04550T0	3714	3715	2716	42.8152
MGG_12119T1	2082	2083	521.365	14.6582
MGG_12119T0	2006	2007	525.445	15.3323
MGG_08536T0	4143	4144	106.335	1.50274
MGG_03737T0	3271	3272	2255	40.3608
MGG_11463T0	2619	2620	426.387	9.5308
MGG_10913T0	1034	1035	130	7.3558
MGG_04354T0	426	427	286	39.2252
MGG_16657T0	648	649	1.11002	0.100164
MGG_06596T0	1790	1791	368	12.0331
MGG_00347T0	1323	1324	738	32.6434
MGG_17145T0	820	821	13	0.927314
MGG_15055T0	605	606	665	64.2652
MGG_17443T0	285	286	0	0
MGG_05207T0	3391	3392	2269	39.1747
MGG_06319T0	1295	1296	293	13.24
MGG_03203T0	951	952	1236.67	76.0755
MGG_07901T0	639	640	151.442	13.8577
MGG_04764T0	1758	1759	1799	59.8952
MGG_07274T0	5920	5921	3021	29.8801
MGG_08690T0	1781	1782	3096	101.747
MGG_03554T0	859	860	7258	494.248
MGG_01571T0	1947	1948	0	0
MGG_08625T0	2414	2415	1050	25.4624
MGG_07013T0	1532	1533	95	3.62918
MGG_05113T1	2187	2188	495.802	13.2705
MGG_05113T0	1568	1569	8.19828	0.306003
MGG_01540T0	1728	1729	671.269	22.7367
MGG_06476T0	2756	2757	1639	34.8152
MGG_12008T0	204	205	48	13.7124
MGG_17732T0	3995	3996	1998.06	29.2826
MGG_13028T0	1630	1631	398	14.2908
MGG_05800T0	2579	2580	193	4.38091
MGG_00649T0	1655	1656	168.199	5.94825
MGG_01568T0	1395	1396	1047	43.9226
MGG_04774T0	883	884	19746	1308.14
MGG_01572T0	4095	4096	780	11.1522
MGG_15440T0	174	175	0	0
MGG_07526T0	1416	1417	266	10.9936
MGG_03187T0	1869	1870	1424	44.5959
MGG_06177T0	1422	1423	10600.2	436.248
MGG_14910T0	1156	1157	138	6.9851
MGG_05767T0	1783	1784	14	0.459579
MGG_01394T0	2415	2416	1336	32.3844
MGG_00322T0	1897	1898	51	1.57362
MGG_09188T0	1586	1587	837	30.887
MGG_09748T0	1329	1330	343	15.1032
MGG_01822T0	1074	1075	7864	428.412
MGG_10756T0	1541	1542	5	0.189894
MGG_01264T0	2508	2509	1194	27.8696
MGG_12339T0	3205	3206	950.593	17.3643
MGG_05214T0	1116	1117	69	3.61762
MGG_15825T0	2361	2362	746	18.4963
MGG_05841T0	1470	1471	34	1.35361
MGG_12492T0	1587	1588	19	0.700696
MGG_06969T0	2859	2860	638	13.0642
MGG_17667T0	276	277	0	0
MGG_06031T0	1491	1492	72	2.82612
MGG_07666T0	2621	2622	373	8.33111
MGG_15138T0	2490	2491	847.759	19.9308
MGG_08434T0	3684	3685	122	1.93887
MGG_08255T0	3210	3211	3002	54.7516
MGG_05061T0	3116	3117	1770	33.2555
MGG_00499T0	1876	1877	663.493	20.7013
MGG_10410T0	4816	4817	2598	31.5856
MGG_15489T3	2484	2485	0	0
MGG_15489T0	2658	2659	20.2811	0.446683
MGG_15489T2	2570	2571	0	0
MGG_15489T1	2658	2659	20.2811	0.446683
MGG_03335T0	1203	1204	1753	85.2672
MGG_17553T0	1783	1784	7.58615	0.249031
MGG_02598T0	832	833	1103	77.5456
MGG_09323T0	2390	2391	2300	56.3346
MGG_04368T0	2961	2962	418	8.26452
MGG_16784T0	687	688	30	2.55364
MGG_14985T0	696	697	0	0
MGG_14341T0	2448	2449	13	0.310872
MGG_04921T0	1086	1087	6381	343.784
MGG_15892T0	237	238	30	7.38195
MGG_12210T0	2376	2377	0	0
MGG_05910T0	1363	1364	128	5.49569
MGG_09728T1	1885	1886	359.356	11.1586
MGG_09728T0	1871	1872	411.644	12.8778
MGG_09649T0	1023	1024	210	12.0101
MGG_08449T0	2312	2313	30	0.759578
MGG_05089T0	3468	3469	2007	33.8821
MGG_17725T0	674	675	25	2.16902
MGG_03411T0	2322	2323	103	2.59666
MGG_05462T0	1534	1535	1070	40.8227
MGG_06759T0	2654	2655	9565	210.983
MGG_17885T0	432	433	0	0
MGG_17235T0	702	703	0	0
MGG_08366T0	975	976	30	1.80011
MGG_02167T0	1962	1963	10363	309.166
MGG_16053T0	805	806	5295	384.731
MGG_01946T0	1569	1570	0	0
MGG_04164T0	908	909	3217.12	207.267
MGG_16439T0	1165	1166	33	1.65746
MGG_05805T0	1692	1693	45	1.55662
MGG_04692T0	3345	3346	1750	30.6294
MGG_01652T0	1091	1092	1489	79.8544
MGG_10206T0	339	340	6	1.03347
MGG_05118T0	1898	1899	198	6.10614
MGG_05273T0	2708	2709	799	17.2729
MGG_00510T0	1050	1051	2	0.111443
MGG_16559T0	777	778	0	0
MGG_16049T0	813	814	1	0.0719453
MGG_07781T0	1856	1857	233	7.34803
MGG_11882T0	7062	7063	1531	12.6944
MGG_02978T0	1329	1330	0	0
MGG_13487T0	882	883	1394	92.4546
MGG_16755T0	1290	1291	291	13.2006
MGG_11820T0	2824	2825	231	4.78873
MGG_09626T0	411	412	0	0
MGG_05358T0	927	928	714	45.0585
MGG_16869T0	1319	1320	288	12.7775
MGG_10343T0	1527	1528	103	3.94767
MGG_02921T0	1247	1248	397.531	18.6545
MGG_17095T0	384	385	16	2.43381
MGG_03523T0	2279	2280	1636	42.0218
MGG_15347T0	2826	2827	58	1.20151
MGG_16395T0	1962	1963	2846	84.9066
MGG_16636T0	375	376	7	1.09028
MGG_04784T0	1896	1897	78	2.40799
MGG_14549T0	495	496	1515	178.878
MGG_06683T0	1900	1901	600.708	18.5058
MGG_04543T0	2418	2419	3605	87.2762
MGG_16146T0	357	358	238	38.9332
MGG_10936T0	1221	1222	0	0
MGG_01709T0	1623	1624	1082.06	39.0202
MGG_15695T0	315	316	779	144.37
MGG_01669T0	2644	2645	692	15.3217
MGG_15682T0	2145	2146	46	1.25532
MGG_11860T0	5684	5685	228	2.34872
MGG_03264T0	1685	1686	1731.41	60.1407
MGG_06686T0	2805	2806	781.105	16.3023
MGG_12513T0	1404	1405	729	30.3863
MGG_05402T0	3917	3918	164	2.45135
MGG_07375T0	4410	4411	2	0.0265534
MGG_04530T0	1060	1061	574	31.6828
MGG_02847T0	677	678	2437	210.5
MGG_00378T0	1851	1852	201	6.35597
MGG_03032T0	1002	1003	13	0.759048
MGG_14372T0	1560	1561	120	4.50199
MGG_05901T0	1945	1946	395	11.8872
MGG_17642T0	495	496	0	0
MGG_16337T0	414	415	183	25.8244
MGG_14744T0	1829	1830	6553	209.708
MGG_08171T0	3446	3447	1363	23.1569
MGG_05279T0	1471	1472	1083	43.0871
MGG_02989T0	355	356	259	42.6066
MGG_06658T0	1111	1112	9053	476.776
MGG_08980T0	2142	2143	2296	62.7446
MGG_03912T0	3181	3182	1207	22.2144
MGG_10970T0	2675	2676	3370	73.7514
MGG_10641T0	663	664	0	0
MGG_04768T0	1958	1959	2693.1	80.5092
MGG_17133T0	207	208	0	0
MGG_02975T0	860	861	139	9.45449
MGG_10159T0	321	322	590	107.306
MGG_06944T0	1338	1339	266	11.634
MGG_13453T0	3786	3787	1078	16.6706
MGG_13863T0	438	439	0	0
MGG_09131T0	1497	1498	2	0.0781888
MGG_06956T0	648	649	65	5.86537
MGG_00737T0	453	454	9146	1179.78
MGG_15911T0	306	307	0	0
MGG_11512T0	2620	2621	1487	33.2254
MGG_09558T0	2115	2116	1115	30.8593
MGG_12860T0	2112	2113	1336	37.0283
MGG_07283T0	4680	4681	1138	14.2374
MGG_06324T0	2623	2624	5893	131.522
MGG_01204T0	3347	3348	8104	141.756
MGG_04895T0	2899	2900	17015	343.606
MGG_04337T0	2585	2586	28131	637.064
MGG_16956T0	153	154	9	3.42254
MGG_10532T0	1387	1388	253	10.6747
MGG_07322T0	2023	2024	75	2.17009
MGG_07464T0	1813	1814	4256.85	137.429
MGG_06327T0	2647	2648	4890	108.148
MGG_04225T0	2117	2118	1091	30.1665
MGG_17711T0	291	292	116	23.2649
MGG_04107T0	1751	1752	622	20.7914
MGG_05254T0	2120	2121	683.425	18.8702
MGG_03323T0	4938	4939	1625	19.2682
MGG_14061T0	1953	1954	1568	46.9946
MGG_07075T0	1646	1647	1298	46.1538
MGG_05452T0	498	499	17	1.99515
MGG_02306T0	1234	1235	11	0.521618
MGG_07310T0	3787	3788	2836	43.8453
MGG_15573T0	930	931	5	0.314519
MGG_08061T0	2482	2483	336	7.92482
MGG_12890T0	3226	3227	1169	21.215
MGG_02841T0	1925	1926	431.305	13.1146
MGG_02835T0	1451	1452	11264.4	454.325
MGG_03847T0	977	978	70	4.19166
MGG_08873T0	2896	2897	461	9.31921
MGG_02368T0	2642	2643	1100	24.3737
MGG_14633T0	2943	2944	1874.89	37.2962
MGG_05384T0	4907	4908	127	1.51539
MGG_17833T0	252	253	6	1.38886
MGG_08312T0	3162	3163	1505	27.8653
MGG_04834T0	2225	2226	684	17.9952
MGG_04054T0	1219	1220	2862.38	137.402
MGG_17350T0	3490	3491	1387	23.2677
MGG_06842T0	3054	3055	1	0.0191697
MGG_02927T0	3162	3163	3952	73.1719
MGG_17225T0	288	289	1	0.202642
MGG_16088T0	303	304	19	3.66022
MGG_15327T0	1059	1060	36	1.98895
MGG_15035T0	588	589	1	0.0994286
MGG_05337T0	2034	2035	455	13.094
MGG_03598T0	2911	2912	3082	61.9823
MGG_17755T0	381	382	0	0
MGG_03211T0	1759	1760	2166.87	72.1018
MGG_05352T0	1215	1216	3448	166.058
MGG_08373T0	857	858	9	0.614302
MGG_05815T0	1261	1262	302	14.0144
MGG_17142T0	306	307	0	0
MGG_16450T0	292	293	38	7.59526
MGG_06995T0	1707	1708	3239.77	111.084
MGG_04155T0	2026	2027	682.694	19.7242
MGG_00842T0	1034	1035	387	21.8976
MGG_07450T0	4328	4329	5137	69.4942
MGG_05482T0	747	748	13	1.01781
MGG_00848T0	991	992	1662	98.1174
MGG_17969T0	288	289	7	1.41849
MGG_03576T0	666	667	2194	192.636
MGG_00382T0	1748	1749	452.196	15.1413
MGG_16786T0	168	169	0	0
MGG_03483T0	1182	1183	4030.99	199.551
MGG_09223T0	2337	2338	316	7.91533
MGG_05204T0	1376	1377	1605	68.2602
MGG_17322T0	219	220	20	5.32395
MGG_05990T0	2149	2150	801	21.8183
MGG_16815T1	1973	1974	134.436	3.98838
MGG_16815T0	2043	2044	3239.5	92.8162
MGG_11466T0	3911	3912	2110	31.5871
MGG_09711T0	1611	1612	715	25.9757
MGG_00040T0	2771	2772	497.48	10.5102
MGG_16968T0	216	217	7	1.88914
MGG_01952T0	1670	1671	73	2.55843
MGG_07750T0	1287	1288	0	0
MGG_04453T0	1463	1464	427.717	17.1097
MGG_04301T0	438	439	0	0
MGG_06285T0	3588	3589	1394	22.7466
MGG_16030T0	481	482	0	0
MGG_17768T0	750	751	0	0
MGG_18016T0	923	924	213	13.5
MGG_06462T0	4420	4421	1323	17.5253
MGG_07752T0	2151	2152	24992	680.12
MGG_03914T1	2179	2180	1613.34	43.3407
MGG_03914T0	932	933	259.661	16.2987
MGG_08332T0	4625	4626	252.125	3.1918
MGG_03074T0	1795	1796	752	24.521
MGG_09889T0	1610	1611	415	15.0862
MGG_09767T0	2912	2913	7900	158.823
MGG_15522T0	2226	2227	342	8.99358
MGG_07761T0	1520	1521	1044	40.1974
MGG_07531T0	3481	3482	1507	25.3461
MGG_16774T0	150	151	0	0
MGG_07057T0	1219	1220	1485.14	71.2909
MGG_06294T0	492	493	1653	196.36
MGG_05611T0	243	244	301	72.2443
MGG_05039T0	2966	2967	686	13.5405
MGG_07123T0	4082	4083	3616	51.8652
MGG_04513T0	1599	1600	1065	38.9813
MGG_09341T0	1374	1375	1759	74.9186
MGG_05761T0	2087	2088	84.3775	2.36659
MGG_15524T0	454	455	24	3.08906
MGG_03146T0	1743	1744	1062	35.6619
MGG_15371T0	627	628	0	0
MGG_03695T0	3411	3412	329.925	5.66281
MGG_00361T0	2143	2144	660	18.0279
MGG_09248T0	489	490	98	11.7127
MGG_00125T0	1998	1999	1645	48.1925
MGG_01474T0	3465	3466	515.961	8.71797
MGG_13347T0	2556	2557	240	5.49676
MGG_08046T0	2812	2813	1392	28.9799
MGG_17253T0	1152	1153	193	9.8029
MGG_08800T0	1695	1696	1344	46.4088
MGG_03303T0	2529	2530	303.039	7.01463
MGG_02371T0	2010	2011	306	8.9112
MGG_07873T0	1368	1369	0	0
MGG_07764T0	1442	1443	1864	75.6495
MGG_05047T0	3773	3774	837	12.9882
MGG_02999T0	1858	1859	1563	49.2387
MGG_17936T0	1548	1549	3554.99	134.404
MGG_00614T0	420	421	0	0
MGG_01552T0	1787	1788	1091.76	35.7591
MGG_09818T0	1593	1594	138	5.07011
MGG_05567T0	1115	1116	594	31.1709
MGG_14184T0	1045	1046	0	0
MGG_04616T0	2593	2594	3109	70.1903
MGG_07446T0	3265	3266	328	5.88145
MGG_17308T0	916	917	2007.04	128.178
MGG_17308T1	1136	1137	42.9723	2.21337
MGG_03384T0	3126	3127	1585	29.6844
MGG_01780T0	5148	5149	1170.22	13.3098
MGG_10677T0	1350	1351	980	42.4813
MGG_08925T0	4618	4619	3323	42.1317
MGG_01984T0	1455	1456	56	2.25244
MGG_05595T0	4488	4489	88	1.14805
MGG_17611T0	171	172	0	0
MGG_04141T0	2873	2874	1603.29	32.6702
MGG_05267T0	387	388	253	38.187
MGG_15139T0	4443	4444	2840.32	37.43
MGG_01757T0	3791	3792	2529	39.0577
MGG_01303T0	1929	1930	5077	154.055
MGG_15289T0	2693	2694	274.484	5.96687
MGG_13816T0	1828	1829	2014.79	64.5123
MGG_06730T0	749	750	1584	123.686
MGG_03905T0	1471	1472	4612	183.488
MGG_16412T0	159	160	9	3.29419
MGG_03857T0	1952	1953	2232	66.9297
MGG_14638T0	588	589	82	8.15315
MGG_09160T0	3718	3719	4717	74.279
MGG_02225T0	1849	1850	73.1696	2.31625
MGG_04924T0	2393	2394	2001.93	48.9723
MGG_15243T0	501	502	0	0
MGG_08628T0	1107	1108	1007	53.2251
MGG_01622T0	1884	1885	2346.12	72.8895
MGG_03331T0	1298	1299	753	33.9479
MGG_10005T0	1596	1597	1926	70.6282
MGG_03855T0	1157	1158	2964.79	149.938
MGG_02187T0	2720	2721	534	11.4932
MGG_05988T0	1864	1865	177	5.55803
MGG_04894T0	2094	2095	1604	44.8381
MGG_00389T0	432	433	4	0.541002
MGG_15479T0	2608	2609	1217.34	27.3252
MGG_15063T0	1519	1520	1942	74.8225
MGG_09665T0	1116	1117	0	0
MGG_00693T0	2463	2464	619	14.7122
MGG_16017T0	255	256	225	51.4718
MGG_15690T0	204	205	17	4.85648
MGG_05069T0	1584	1585	103	3.8057
MGG_10181T0	4052	4053	9445	136.475
MGG_03761T0	5498	5499	1082	11.5231
MGG_04656T0	2754	2755	1231	26.1676
MGG_07368T0	1893	1894	1656	51.2044
MGG_04098T0	1239	1240	1	0.0472286
MGG_00269T0	405	406	0	0
MGG_14472T0	1595	1596	1596.11	58.5676
MGG_00155T0	3810	3811	650	9.98852
MGG_16931T0	243	244	0	0
MGG_10519T0	1703	1704	363	12.4757
MGG_04626T0	1099	1100	1962	104.456
MGG_03026T0	3014	3015	352	6.83726
MGG_14707T0	345	346	0	0
MGG_14689T0	1491	1492	619	24.2968
MGG_15607T0	2254	2255	1764	45.8119
MGG_13290T0	1271	1272	209	9.62245
MGG_02419T0	7234	7235	7177	58.094
MGG_15713T0	273	274	0	0
MGG_05421T0	1146	1147	172	8.78196
MGG_03120T0	702	703	1595	132.872
MGG_09727T0	1890	1891	166	5.14095
MGG_06174T0	3330	3331	2579.32	45.3479
MGG_10425T0	1040	1041	58	3.2629
MGG_13971T0	1447	1448	66	2.66933
MGG_04476T0	1906	1907	2058	63.2006
MGG_17999T0	201	202	20	5.79836
MGG_07432T0	1395	1396	0	0
MGG_05621T0	802	803	494	36.0278
MGG_03292T0	2900	2901	635	12.819
MGG_17786T0	397	398	1	0.147144
MGG_07445T1	2730	2731	2935	62.938
MGG_07445T0	1089	1090	0	0
MGG_00987T0	2408	2409	5521	134.217
MGG_08837T0	1296	1297	1774	80.1014
MGG_02538T0	2080	2081	1019	28.6767
MGG_16950T0	417	418	0	0
MGG_09979T0	1838	1839	314.539	10.0166
MGG_08306T0	1612	1613	16	0.580915
MGG_06212T0	2889	2890	381	7.72065
MGG_06222T0	1641	1642	391	13.9454
MGG_07031T0	1039	1040	4019	226.314
MGG_03538T0	5186	5187	1807	20.4018
MGG_05479T0	2046	2047	72	2.05988
MGG_14584T0	892	893	207	13.5752
MGG_12735T0	3441	3442	574	9.76625
MGG_16844T0	183	184	51	16.2323
MGG_15356T0	366	367	4	0.638294
MGG_01624T0	3532	3533	140	2.32066
MGG_06379T0	15261	15262	2619	10.0496
MGG_06063T0	5425	5426	3598.02	38.8338
MGG_03712T0	1143	1144	56	2.86674
MGG_17820T0	1703	1704	554.468	19.0561
MGG_17820T1	1657	1658	484.048	17.0974
MGG_15053T0	4769	4770	2139	26.2615
MGG_01791T0	4021	4022	1258	18.3175
MGG_05608T0	881	882	681.585	45.2562
MGG_04568T0	2631	2632	3398.96	75.6288
MGG_16344T0	270	271	3	0.648304
MGG_04836T0	2489	2490	2072	48.7323
MGG_02425T0	6431	6432	7799	71.01
MGG_12004T0	2117	2118	917	25.3554
MGG_04478T0	2519	2520	3686	85.6607
MGG_09395T0	3407	3408	104	1.78715
MGG_08506T0	501	502	0	0
MGG_18054T0	498	499	11	1.29098
MGG_17683T0	3284	3285	614	10.9461
MGG_16295T0	177	178	10	3.29008
MGG_16274T0	1243	1244	740	34.8368
MGG_01156T0	2832	2833	135.287	2.79664
MGG_01156T1	3816	3817	1593.71	24.452
MGG_15921T0	411	412	3	0.426433
MGG_09910T0	2224	2225	4634	121.97
MGG_08994T0	1407	1408	211	8.7762
MGG_08482T0	429	430	0	0
MGG_09680T0	1473	1474	60	2.38386
MGG_06637T0	1974	1975	2300	68.2005
MGG_07982T0	1952	1953	53	1.58928
MGG_01846T0	2439	2440	814	19.5372
MGG_16052T0	318	319	9	1.65226
MGG_08825T0	2214	2215	362	9.57109
MGG_01687T0	1620	1621	1703.9	61.5585
MGG_08586T0	2175	2176	2486	66.9066
MGG_10120T0	522	523	0	0
MGG_06408T0	1965	1966	1747.41	52.0522
MGG_00367T0	492	493	42	4.98918
MGG_16861T0	2594	2595	588	13.2699
MGG_14594T0	1123	1124	76	3.95981
MGG_16343T0	321	322	0	0
MGG_08734T0	1116	1117	0	0
MGG_01935T0	2441	2442	147	3.52532
MGG_09091T0	1021	1022	22	1.26066
MGG_01779T0	2013	2014	8.78106	0.255337
MGG_17296T0	507	508	5.78588	0.66701
MGG_08751T0	4329	4330	80	1.082
MGG_02386T0	1967	1968	1068	31.7814
MGG_15719T0	1353	1354	21	0.908296
MGG_09470T0	453	454	2494	321.712
MGG_02976T0	3756	3757	194	3.02404
MGG_11140T0	4843	4844	388	4.69088
MGG_17564T0	168	169	0	0
MGG_17115T0	510	511	60	6.87633
MGG_14655T0	3924	3925	110	1.64127
MGG_14662T0	243	244	11	2.64016
MGG_15325T0	4783	4784	2261	27.6781
MGG_08168T0	3662	3663	500	7.99392
MGG_08308T0	1369	1370	1371	58.6062
MGG_00965T0	573	574	744	75.908
MGG_01745T0	1617	1618	1230	44.5198
MGG_05179T0	1269	1270	1401	64.6042
MGG_05847T0	1752	1753	4569	152.639
MGG_05058T0	270	271	13	2.80932
MGG_09170T0	5251	5252	4174	46.543
MGG_15813T0	333	334	5524	968.576
MGG_06556T0	921	922	8338	529.612
MGG_15891T0	270	271	5	1.08051
MGG_08698T0	3073	3074	117	2.22899
MGG_06409T0	1562	1563	1110	41.5902
MGG_01454T0	2080	2081	289.867	8.15743
MGG_17206T0	468	469	145	18.106
MGG_06710T0	1441	1442	520	21.1186
MGG_15792T0	2059	2060	64.3089	1.82823
MGG_07297T0	3055	3056	3131.01	60.0009
MGG_08616T0	4303	4304	684.106	9.30845
MGG_00730T0	2948	2949	441	8.75771
MGG_09198T0	2339	2340	126	3.15342
MGG_17575T0	189	190	0	0
MGG_10746T0	1627	1628	1786.36	64.2599
MGG_13895T0	1206	1207	140	6.79278
MGG_11948T0	819	820	0	0
MGG_11326T0	4057	4058	1323	19.093
MGG_15378T0	318	319	479	87.937
MGG_17375T0	279	280	2	0.41831
MGG_10686T0	5060	5061	783	9.0605
MGG_03441T0	4027	4028	3441	50.029
MGG_09599T0	594	595	31	3.0512
MGG_02837T0	3259	3260	103.301	1.85572
MGG_02837T1	2800	2801	914.699	19.1246
MGG_01212T0	1347	1348	303	13.1637
MGG_13711T0	1212	1213	646	31.1888
MGG_15876T0	2741	2742	309	6.5996
MGG_04174T0	2022	2023	1017.72	29.4617
MGG_02924T0	2810	2811	922	19.2086
MGG_11330T0	738	739	1748.89	138.594
MGG_15530T0	1564	1565	191	7.14736
MGG_07553T0	1464	1465	4	0.1599
MGG_03156T0	1786	1787	1483	48.6008
MGG_00621T0	3899	3900	1373	20.6173
MGG_15100T0	9565	9566	143	0.875452
MGG_04693T0	1775	1776	891	29.3806
MGG_15549T0	183	184	0	0
MGG_00199T0	6058	6059	13296.9	128.522
MGG_14202T0	3929	3930	1205.32	17.9613
MGG_14964T0	429	430	0	0
MGG_14302T0	2217	2218	315	8.31717
MGG_16840T0	1764	1765	86.0974	2.85675
MGG_08260T0	1098	1099	0	0
MGG_14941T0	993	994	5	0.294585
MGG_06750T0	3543	3544	457	7.55178
MGG_06690T0	2176	2177	1116	30.0215
MGG_07449T0	1536	1537	535	20.3848
MGG_15999T0	589	590	0	0
MGG_14243T0	1194	1195	5618	275.322
MGG_11723T0	513	514	1149	130.913
MGG_06554T0	2579	2580	466.55	10.5902
MGG_04172T0	2373	2374	5476	135.086
MGG_10055T0	995	996	2927.72	172.146
MGG_00914T0	402	403	80	11.6255
MGG_06251T1	2140	2141	8981.72	245.68
MGG_06251T0	2354	2355	750.28	18.6577
MGG_04231T0	2918	2919	142	2.84892
MGG_12848T0	993	994	20	1.17834
MGG_18127T0	432	433	0	0
MGG_08583T0	2979	2980	424	8.33252
MGG_01809T0	831	832	621.028	43.7134
MGG_18117T0	1359	1360	1463	62.9988
MGG_15030T0	611	612	14	1.33969
MGG_16592T0	321	322	0	0
MGG_10323T0	1932	1933	2542	77.0141
MGG_08539T0	1125	1126	2	0.10402
MGG_16889T0	374	375	0	0
MGG_00967T0	1284	1285	1245	56.7405
MGG_01589T0	984	985	6567.51	390.473
MGG_15266T0	972	973	49	2.94924
MGG_02704T0	2241	2242	2846.27	74.3477
MGG_01879T0	372	373	0	0
MGG_15780T0	228	229	12	3.06883
MGG_13778T0	1993	1994	3929	115.394
MGG_12007T0	1902	1903	171.03	5.26333
MGG_11210T0	3509	3510	635.895	10.6097
MGG_16519T0	355	356	47	7.73169
MGG_14976T0	1659	1660	674	23.7782
MGG_10640T0	2229	2230	32	0.840372
MGG_17266T0	446	447	21	2.7513
MGG_05590T0	1348	1349	54	2.34427
MGG_11876T0	3086	3087	4691	88.9929
MGG_11541T0	4512	4513	1263	16.3895
MGG_01227T0	5942	5943	2108	20.7726
MGG_09165T0	1662	1663	38	1.33819
MGG_01800T0	3254	3255	326	5.86534
MGG_13037T0	282	283	0	0
MGG_03060T0	7980	7981	545	3.99913
MGG_02085T0	1348	1349	1616	70.1546
MGG_08569T0	1883	1884	1523	47.3419
MGG_03455T0	1941	1942	1923	57.9905
MGG_03216T0	1023	1024	380	21.7325
MGG_08946T0	711	712	11	0.904772
MGG_04867T0	1379	1380	67.7695	2.87595
MGG_17307T0	1691	1692	0	0
MGG_11080T0	1962	1963	0	0
MGG_13762T0	3966	3967	23606	348.487
MGG_08884T0	5370	5371	560.177	6.10797
MGG_09312T0	2980	2981	963.634	18.9311
MGG_15287T0	2960	2961	2540.88	50.2542
MGG_01256T0	2105	2106	847	23.5533
MGG_06481T0	3833	3834	691	10.5549
MGG_16797T0	159	160	0	0
MGG_07252T0	1269	1270	1796	82.8189
MGG_07082T0	942	943	450	27.9465
MGG_09891T0	2876	2877	1989	40.4876
MGG_04330T0	2816	2817	1888	39.2502
MGG_02971T0	1279	1280	2412	110.355
MGG_00881T0	2021	2022	348.285	10.0874
MGG_17330T0	183	184	0	0
MGG_15952T0	360	361	12	1.94671
MGG_09158T0	351	352	0	0
MGG_08560T0	1047	1048	1251.87	69.956
MGG_08560T1	954	955	1676.13	102.785
MGG_16971T0	3165	3166	562	10.3957
MGG_17534T0	210	211	0	0
MGG_07634T0	2515	2516	1186	27.6058
MGG_06111T0	3137	3138	1500.82	28.0094
MGG_06046T0	1035	1036	1471	83.1533
MGG_01917T0	744	745	580	45.593
MGG_00455T0	2916	2917	1943	39.0088
MGG_11770T0	483	484	63	7.62293
MGG_04758T1	3276	3277	1222.13	21.8408
MGG_04758T0	3668	3669	121.866	1.94519
MGG_00951T0	2058	2059	958	27.2481
MGG_01835T0	4763	4764	693	8.51899
MGG_10251T0	2121	2122	828	22.8513
MGG_12650T0	3050	3051	13493	258.996
MGG_04942T0	2016	2017	1245	36.1485
MGG_02476T0	7808	7809	3075	23.0609
MGG_17189T0	279	280	36	7.52959
MGG_17695T0	1715	1716	1745	59.5532
MGG_16725T0	2422	2423	680	16.4355
MGG_05159T0	1411	1412	239	9.91265
MGG_17141T0	186	187	12	3.75808
MGG_09972T0	1808	1809	74	2.39563
MGG_01140T0	2951	2952	3747	74.3351
MGG_15835T0	150	151	1	0.387837
MGG_06512T0	2614	2615	243	5.44203
MGG_15982T0	1869	1870	184.454	5.7766
MGG_12520T0	607	608	3	0.288964
MGG_04450T0	1491	1492	14	0.549523
MGG_01000T0	3058	3059	665	12.7312
MGG_00684T0	1874	1875	53	1.65539
MGG_06533T0	519	520	368	41.4449
MGG_17767T0	681	682	2	0.17174
MGG_09569T0	375	376	12	1.86905
MGG_04612T0	1105	1106	7564	400.519
MGG_02917T0	4874	4875	1920	23.065
MGG_17432T0	318	319	6	1.10151
MGG_14045T0	989	990	14	0.82817
MGG_08522T0	372	373	7	1.09905
MGG_03209T0	1557	1558	42	1.57873
MGG_05555T0	1482	1483	3	0.11847
MGG_14110T0	1098	1099	97	5.16893
MGG_15885T0	1095	1096	375	20.0377
MGG_08263T0	1238	1239	274	12.9511
MGG_05370T0	1116	1117	2411	126.407
MGG_03314T0	7527	7528	680	5.29
MGG_09192T0	3195	3196	181.668	3.32888
MGG_09192T1	4818	4819	2222.33	27.0071
MGG_08293T0	2365	2366	1685	41.7073
MGG_07935T0	1507	1508	343.186	13.3277
MGG_07201T0	1925	1926	4818	146.5
MGG_13656T0	2378	2379	23753	584.724
MGG_14732T0	459	460	36	4.58323
MGG_03704T0	1122	1123	2876	149.981
MGG_09017T0	2260	2261	692.828	17.9453
MGG_03244T0	1968	1969	6850	203.738
MGG_05064T0	900	901	2532.16	164.586
MGG_06132T0	952	953	1403.69	86.2591
MGG_05500T0	1785	1786	6	0.196742
MGG_07203T0	2414	2415	1322	32.0583
MGG_08860T0	1266	1267	237.675	10.9859
MGG_17264T0	1668	1669	623	21.8604
MGG_13483T0	1785	1786	670	21.9695
MGG_07213T1	4395	4396	762.924	10.1637
MGG_07213T0	4366	4367	762.076	10.2198
MGG_08703T0	3660	3661	41	0.655859
MGG_04868T0	2920	2921	675.231	13.5378
MGG_16612T0	252	253	627.732	145.305
MGG_09843T0	690	691	0	0
MGG_04401T0	2180	2181	251	6.73976
MGG_17619T0	534	535	130.362	14.27
MGG_12177T0	2281	2282	171	4.38841
MGG_16790T0	674	675	677.077	58.7436
MGG_00258T0	2129	2130	3694	101.565
MGG_00929T0	3821	3822	1842	28.2245
MGG_08671T0	873	874	251	16.8186
MGG_10394T0	1710	1711	198	6.77707
MGG_06172T0	1666	1667	2760.35	96.974
MGG_17452T0	4223	4224	573	7.94433
MGG_16341T0	3793	3794	12188	188.132
MGG_13286T0	1536	1537	250	9.52561
MGG_05902T0	1215	1216	486	23.4061
MGG_10192T0	3903	3904	6237	93.5605
MGG_12614T0	1101	1102	16949	900.719
MGG_08265T0	2271	2272	48	1.23726
MGG_17396T0	426	427	1	0.137151
MGG_16475T0	342	343	0	0
MGG_14552T0	819	820	153	10.9271
MGG_11247T0	1443	1444	674	27.335
MGG_06135T0	1842	1843	6608	209.977
MGG_05406T0	663	664	3781	333.476
MGG_18067T0	180	181	0	0
MGG_06933T0	1394	1395	4586	192.525
MGG_00612T0	1849	1850	1316	41.6592
MGG_18116T0	687	688	3	0.255364
MGG_15197T0	321	322	0	0
MGG_05095T0	4901	4902	1099	13.1296
MGG_03561T0	1528	1529	453	17.3507
MGG_00604T0	1848	1849	11590	367.091
MGG_00210T0	1358	1359	1884	81.1873
MGG_16718T0	1915	1916	26594	812.858
MGG_17460T0	737	738	42	3.33288
MGG_13800T0	3736	3737	285	4.46631
MGG_16164T0	291	292	23	4.61287
MGG_13526T0	3457	3458	4124	69.8426
MGG_10647T0	1122	1123	654	34.1055
MGG_12678T0	1502	1503	112	4.36401
MGG_15536T0	7988	7989	1619	11.8681
MGG_14849T0	556	557	55	5.78275
MGG_09890T0	363	364	567	91.2238
MGG_02004T0	582	583	30	3.01356
MGG_03401T0	9278	9279	3797	23.9644
MGG_00607T0	1347	1348	689	29.9334
MGG_07703T0	892	893	1233	80.8608
MGG_04540T0	1725	1726	1137	38.5786
MGG_02155T0	831	832	1	0.0703888
MGG_02540T0	1967	1968	5185	154.294
MGG_10508T0	1699	1700	51	1.7569
MGG_06699T0	3377	3378	414	7.1774
MGG_15337T0	225	226	0	0
MGG_09263T0	5498	5499	2246.87	23.9288
MGG_00576T0	846	847	271	18.7375
MGG_02350T0	927	928	0	0
MGG_17457T0	381	382	66	10.1183
MGG_03150T0	1957	1958	1720.96	51.4737
MGG_15056T0	429	430	3	0.408582
MGG_08395T0	1712	1713	89	3.0427
MGG_01794T0	2023	2024	1596	46.1795
MGG_08826T1	4209	4210	3453.03	48.0336
MGG_08826T0	4486	4487	535.967	6.99533
MGG_06121T0	4074	4075	322.722	4.63796
MGG_00818T0	1449	1450	1028	41.5195
MGG_07904T0	387	388	0	0
MGG_03382T0	1935	1936	451	13.6426
MGG_01560T0	942	943	458	28.4433
MGG_17627T0	1251	1252	2851	133.358
MGG_03469T0	1168	1169	50	2.50485
MGG_13068T0	1954	1955	1566	46.9107
MGG_04582T0	2245	2246	6739	175.716
MGG_15748T0	1862	1863	262.651	8.25645
MGG_04200T0	1041	1042	1225.06	68.8521
MGG_12477T0	2078	2079	399	11.2394
MGG_07667T0	2118	2119	4639	128.209
MGG_07604T0	1002	1003	572	33.3981
MGG_15313T0	3871	3872	796	12.0394
MGG_17150T0	816	817	57	4.08582
MGG_12832T0	2617	2618	2570	57.4897
MGG_00696T0	1814	1815	410.409	13.2424
MGG_05442T0	1470	1471	39	1.55267
MGG_12634T0	1505	1506	554.668	21.5692
MGG_05673T0	1736	1737	8578	289.21
MGG_05403T0	315	316	10	1.85327
MGG_00274T0	1088	1089	2817.38	151.511
MGG_01080T0	5419	5420	497.409	5.37454
MGG_11544T0	398	399	11	1.61453
MGG_14668T0	421	422	15	2.08164
MGG_01005T0	1155	1156	3383	171.384
MGG_01711T0	2499	2500	2633.63	61.6937
MGG_16243T0	4550	4551	119.671	1.53996
MGG_16243T1	4483	4484	1481.33	19.347
MGG_03087T0	1977	1978	13278	393.127
MGG_04472T0	4560	4561	949	12.1852
MGG_08850T0	2894	2895	5984	121.051
MGG_15258T0	741	742	115	9.07655
MGG_16260T0	1703	1704	159	5.46455
MGG_12892T0	1092	1093	7277	389.905
MGG_17342T0	1174	1175	651	32.4466
MGG_09182T0	813	814	68	4.89228
MGG_00856T0	3960	3961	1622.96	23.9955
MGG_08611T0	1581	1582	619	22.9145
MGG_16065T0	426	427	0	0
MGG_16216T0	318	319	124	22.7645
MGG_09604T0	1197	1198	5	0.244422
MGG_16524T0	201	202	1	0.289918
MGG_09996T0	672	673	34	2.95863
MGG_17099T0	165	166	1	0.352792
MGG_04763T0	444	445	114	15.0028
MGG_00419T0	1659	1660	12	0.42335
MGG_08303T0	3011	3012	2750	53.4693
MGG_07246T0	600	601	4	0.389773
MGG_14830T0	357	358	3	0.490755
MGG_06380T0	5915	5916	1611	15.9476
MGG_01288T0	1885	1886	7609	236.272
MGG_01994T0	1761	1762	363	12.065
MGG_02456T0	3936	3937	59.9938	0.892417
MGG_02456T1	4424	4425	2016.01	26.6812
MGG_15214T0	699	700	0	0
MGG_15083T0	2763	2764	1167	24.7263
MGG_06951T0	1787	1788	2756	90.2689
MGG_01009T0	1413	1414	2234	92.5253
MGG_06530T0	1645	1646	5065	180.209
MGG_03173T0	2196	2197	1214	32.3605
MGG_16515T0	393	394	124	18.4311
MGG_15282T0	2225	2226	1107	29.1239
MGG_11513T0	2328	2329	10096	253.867
MGG_08025T0	5742	5743	325	3.31414
MGG_06617T0	5053	5054	1247	14.4497
MGG_01246T0	988	989	157	9.29673
MGG_06346T0	3372	3373	695	12.0669
MGG_12822T0	2119	2120	3257	89.9722
MGG_15745T0	2517	2518	9249	215.113
MGG_13216T0	963	964	223	13.5474
MGG_01632T0	3256	3257	2016.99	36.2671
MGG_04734T0	348	349	1	0.167804
MGG_01487T0	1438	1439	8	0.325579
MGG_02744T0	2454	2455	626	14.9331
MGG_01596T1	2070	2071	998.825	28.2446
MGG_01596T0	3019	3020	2657.17	51.5276
MGG_04547T0	675	676	3	0.259897
MGG_06066T0	3844	3845	7203	109.709
MGG_08288T0	2118	2119	26	0.71857
MGG_00669T0	2356	2357	476	11.827
MGG_16575T0	1095	1096	1	0.0534338
MGG_01945T0	721	722	7.02195	0.56957
MGG_14155T0	873	874	1926	129.054
MGG_10379T0	4795	4796	1113	13.5907
MGG_17479T0	451	452	15	1.94348
MGG_16732T0	168	169	15	5.19794
MGG_16186T0	1918	1919	825	25.1771
MGG_06972T0	675	676	274	23.7373
MGG_06527T0	4836	4837	158	1.91297
MGG_07489T0	1393	1394	868	36.4656
MGG_15357T0	1708	1709	1079	36.9748
MGG_12776T0	2190	2191	366	9.78285
MGG_16884T0	246	247	0	0
MGG_01577T0	2754	2755	3037	64.558
MGG_04378T0	2279	2280	296	7.60297
MGG_15064T0	564	565	378	39.1805
MGG_04377T0	4822	4823	1217	14.7775
MGG_09389T0	1561	1562	1160	43.4914
MGG_15670T0	2612	2613	1170	26.2224
MGG_10107T0	1212	1213	639	30.8508
MGG_01021T0	2033	2034	670	19.2908
MGG_17950T0	380	381	3.77217	0.579819
MGG_13660T0	1098	1099	274	14.6009
MGG_06622T0	1421	1422	3	0.123552
MGG_16704T0	561	562	648	67.5251
MGG_13931T1	1979	1980	248.417	7.34754
MGG_13931T0	2152	2153	1052.58	28.6312
MGG_05014T0	2393	2394	2055.63	50.2861
MGG_09402T0	624	625	1128	105.695
MGG_15824T0	886	887	650	42.9157
MGG_07228T0	2451	2452	8638	206.31
MGG_04990T0	2248	2249	644	16.7696
MGG_06915T0	1273	1274	3113.78	143.135
MGG_16952T0	1005	1006	0	0
MGG_02806T0	2073	2074	6361	179.615
MGG_04805T0	1728	1729	604.034	20.4594
MGG_13617T0	4055	4056	28	0.404284
MGG_10633T0	1347	1348	3163	137.416
MGG_08167T0	1812	1813	543.241	17.5477
MGG_02603T0	1272	1273	208	9.56889
MGG_00716T0	1740	1741	390	13.1188
MGG_16951T0	501	502	18	2.09988
MGG_14002T0	1671	1672	567	19.8597
MGG_14001T0	2047	2048	655	18.73
MGG_08828T0	2055	2056	181	5.15563
MGG_12942T0	195	196	27	8.06741
MGG_01466T0	2615	2616	283.666	6.35033
MGG_01466T1	2498	2499	2017.33	47.2757
MGG_07867T0	1338	1339	2	0.0874734
MGG_01785T0	1364	1365	473.736	20.325
MGG_05821T0	357	358	3	0.490755
MGG_06441T0	2121	2122	133	3.67056
MGG_07357T0	558	559	0	0
MGG_06119T0	2284	2285	129.563	3.32064
MGG_16363T0	341	342	1	0.171238
MGG_09280T0	786	787	5	0.372068
MGG_15212T0	432	433	0	0
MGG_10879T0	3954	3955	619	9.16581
MGG_15618T1	304	305	24	4.60827
MGG_15618T0	282	283	22	4.55264
MGG_01947T0	1482	1483	0	0
MGG_15253T0	1816	1817	760.599	24.5148
MGG_12489T0	1554	1555	0	0
MGG_16667T0	279	280	0	0
MGG_16466T0	597	598	26	2.54624
MGG_15978T0	1062	1063	0	0
MGG_04762T0	915	916	730	46.6717
MGG_12707T0	2269	2270	1283	33.1
MGG_02979T0	884	885	0	0
MGG_00501T0	2810	2811	7994	166.544
MGG_17964T0	249	250	8	1.87403
MGG_10587T0	1997	1998	315	9.23298
MGG_10727T0	2141	2142	56	1.53107
MGG_17286T0	3464	3465	10	0.169014
MGG_16954T0	156	157	0	0
MGG_15459T0	380	381	0	0
MGG_09631T0	1851	1852	408	12.9017
MGG_15582T0	1464	1465	421	16.8295
MGG_08300T0	936	937	54728	3420.56
MGG_05979T0	1647	1648	359	12.7575
MGG_03766T0	1742	1743	1506	50.6004
MGG_07795T0	1701	1702	250	8.60215
MGG_11471T0	462	463	0	0
MGG_10816T0	1977	1978	1475.64	43.69
MGG_02695T0	2166	2167	17399	470.21
MGG_17223T0	711	712	121	9.9525
MGG_01433T0	3092	3093	515.356	9.75786
MGG_16560T0	612	613	0	0
MGG_16252T0	381	382	12	1.83969
MGG_08814T0	2426	2427	965.263	23.2918
MGG_07345T0	915	916	71	4.53931
MGG_03612T0	2246	2247	2647.63	69.0051
MGG_07905T0	5922	5923	0	0
MGG_00422T0	894	895	0	0
MGG_02336T0	981	982	19	1.1331
MGG_00418T0	348	349	0	0
MGG_01569T0	1382	1383	3764	159.387
MGG_17089T0	174	175	9	3.01183
MGG_03806T0	912	913	1	0.064144
MGG_01324T0	2844	2845	1168	24.0429
MGG_10789T0	648	649	0	0
MGG_08629T0	690	691	17	1.44078
MGG_00952T0	2169	2170	1006.36	27.1595
MGG_05070T0	1224	1225	942	45.0341
MGG_04523T0	2847	2848	380.327	7.82066
MGG_13454T0	1239	1240	84	3.9672
MGG_06733T0	3154	3155	1180.63	21.915
MGG_13398T0	1516	1517	650.709	25.1205
MGG_16254T0	183	184	0	0
MGG_02457T0	1966	1967	3875	115.37
MGG_04309T0	2031	2032	9	0.259385
MGG_05329T0	1688	1689	1624.49	56.3265
MGG_01111T0	258	259	4824	1090.77
MGG_03346T0	1591	1592	708	26.0445
MGG_16637T0	782	783	8	0.598349
MGG_08054T0	2040	2041	402.636	11.553
MGG_10010T0	1305	1306	23	1.03136
MGG_06725T0	2582	2583	2657	60.2412
MGG_00928T0	5717	5718	7781	79.6926
MGG_00751T0	1797	1798	194	6.31886
MGG_04752T0	1121	1122	7442	388.44
MGG_04529T0	1420	1421	2630	108.39
MGG_03479T0	1319	1320	1576.43	69.9403
MGG_01347T0	1275	1276	1240	56.9112
MGG_11181T0	4850	4851	2979	35.9638
MGG_15788T0	1335	1336	0	0
MGG_15744T0	309	310	10	1.88914
MGG_06350T0	4080	4081	1808.72	25.9557
MGG_06350T1	4181	4182	6.27764e-08	8.79102e-10
MGG_01120T0	2756	2757	499.659	10.6136
MGG_07389T0	1513	1514	2365	91.4812
MGG_04772T0	948	949	3257	200.992
MGG_06336T0	2000	2001	3168	92.7181
MGG_09900T0	1263	1264	2436.74	112.899
MGG_03373T0	2297	2298	447	11.3916
MGG_00852T0	3096	3097	1878	35.5125
MGG_16868T0	1398	1399	335.029	14.0246
MGG_17753T0	1383	1384	0	0
MGG_07685T0	366	367	12	1.91488
MGG_17437T0	955	956	1288.83	78.9522
MGG_03685T0	1029	1030	4258	242.1
MGG_09493T0	4237	4238	3209	44.3441
MGG_15794T0	210	211	90.051	24.9938
MGG_03191T0	3640	3641	1203.86	19.3633
MGG_08660T0	1311	1312	49	2.1872
MGG_08593T0	2183	2184	15604	418.418
MGG_02952T0	891	892	6021	395.303
MGG_13585T0	1045	1046	0	0
MGG_05942T0	2036	2037	510	14.6624
MGG_06123T0	861	862	7	0.475573
MGG_07487T0	4983	4984	627	7.36743
MGG_04844T0	2784	2785	630	13.2477
MGG_04485T0	1234	1235	1120	53.1102
MGG_12836T0	3012	3013	3460	67.2518
MGG_08257T0	3039	3040	63.399	1.22134
MGG_08257T1	2991	2992	1767.6	34.5979
MGG_07067T0	2153	2154	1041	28.3029
MGG_10835T0	1390	1391	2669	112.369
MGG_02929T0	789	790	88	6.52352
MGG_16961T0	3768	3769	143.558	2.23063
MGG_00620T0	2115	2116	3732	103.289
MGG_03657T0	1334	1335	257.808	11.3095
MGG_17966T0	150	151	6	2.32702
MGG_02102T0	321	322	166	30.1911
MGG_15949T0	237	238	3	0.738195
MGG_08615T0	1294	1295	150	6.78341
MGG_09789T0	462	463	0	0
MGG_07482T0	2008	2009	376	10.9606
MGG_16856T0	207	208	12662	3565.05
MGG_05737T0	330	331	2437	431.176
MGG_16414T0	150	151	70	27.1486
MGG_10047T0	1089	1090	0	0
MGG_09873T0	1095	1096	7	0.374037
MGG_13732T0	1179	1180	208	10.323
MGG_12792T0	1173	1174	331	16.5115
MGG_15394T1	815	816	287.859	20.6593
MGG_15394T0	884	885	105.355	6.9717
MGG_07541T0	615	616	459	43.6374
MGG_16339T0	407	408	112	16.0762
MGG_14097T0	2170	2171	56	1.51062
MGG_03759T0	2151	2152	2187	59.5159
MGG_13947T0	2032	2033	1279.33	36.853
MGG_13947T1	1514	1515	271.404	10.4913
MGG_03310T0	2040	2041	1616	46.3687
MGG_16234T0	288	289	51	10.3347
MGG_05609T0	2262	2263	516	13.3534
MGG_03470T0	2127	2128	209	5.75177
MGG_16679T0	165	166	2	0.705584
MGG_08918T0	2252	2253	196	5.09473
MGG_13289T0	240	241	8	1.94401
MGG_15126T0	425	426	23	3.16188
MGG_04916T0	216	217	4	1.07951
MGG_03771T0	1650	1651	236	8.37127
MGG_17986T0	387	388	42	6.33934
MGG_16371T1	1122	1123	10.0558	0.5244
MGG_16371T0	1176	1177	1809.41	90.0301
MGG_05644T0	2139	2140	4021	110.039
MGG_06415T0	1204	1205	109	5.29744
MGG_08491T0	366	367	0	0
MGG_06171T0	1173	1174	282	14.0672
MGG_16496T0	333	334	0	0
MGG_09882T0	3228	3229	12924	234.399
MGG_03656T0	3779	3780	758	11.7437
MGG_15507T0	228	229	1	0.255736
MGG_02156T0	2688	2689	1030	22.4323
MGG_17334T0	387	388	0	0
MGG_14914T0	1872	1873	627.365	19.6159
MGG_06064T0	2487	2488	4638	109.171
MGG_01351T0	2391	2392	5869	143.691
MGG_16558T0	1182	1183	6.32453	0.313091
MGG_17521T0	333	334	2753	482.71
MGG_08005T0	2955	2956	440	8.71716
MGG_15852T0	3226	3227	1732	31.4323
MGG_04407T0	1948	1949	333	10.006
MGG_13448T0	1360	1361	33.2884	1.43239
MGG_09906T0	1495	1496	442	17.3028
MGG_18041T0	327	328	1	0.178547
MGG_15584T0	332	333	7	1.23106
MGG_03195T0	1175	1176	1520	75.6943
MGG_18078T0	204	205	0	0
MGG_03419T0	1724	1725	929	31.5394
MGG_03154T0	2494	2495	2895	67.9524
MGG_05880T0	1044	1045	116	6.50082
MGG_04899T0	4655	4656	155	1.9496
MGG_01261T0	2760	2761	1100	23.3321
MGG_04860T0	1590	1591	1268.73	46.7009
MGG_01731T0	1436	1437	160.535	6.54244
MGG_17371T0	1970	1971	3192	94.8425
MGG_06790T0	1059	1060	69	3.81215
MGG_12925T0	2288	2289	3397	86.9113
MGG_00602T0	1820	1821	35565	1143.77
MGG_00429T0	1728	1729	88	2.98067
MGG_10657T0	1635	1636	15573	557.462
MGG_05883T1	4604	4605	12.3276	0.156774
MGG_05883T0	4681	4682	8593.91	107.494
MGG_09302T0	1143	1144	538	27.5412
MGG_16212T0	1101	1102	291	15.4646
MGG_03489T0	390	391	44	6.59026
MGG_17447T0	279	280	14	2.92817
MGG_04775T1	5876	5877	2962.94	29.5253
MGG_04775T0	6665	6666	39911.1	350.634
MGG_04236T0	1001	1002	4593	268.445
MGG_16605T0	348	349	0	0
MGG_06236T0	822	823	48	3.41561
MGG_15097T0	12363	12364	32	0.151572
MGG_03355T0	424	425	22	3.03152
MGG_00216T0	402	403	0	0
MGG_10445T0	2379	2380	28	0.688982
MGG_02795T0	2673	2674	107	2.34341
MGG_10665T0	1199	1200	519	25.3287
MGG_11429T0	2820	2821	2034.89	42.244
MGG_18095T0	459	460	0	0
MGG_14879T0	843	844	0	0
MGG_05708T0	1703	1704	1686	57.9448
MGG_18011T0	567	568	14	1.44347
MGG_02633T0	2134	2135	995	27.293
MGG_04727T0	4682	4683	2136	26.7118
MGG_02119T0	1510	1511	33	1.27902
MGG_04776T0	548	549	56	5.97369
MGG_15664T0	450	451	3.03813	0.394509
MGG_11801T0	3189	3190	1810	33.2288
MGG_02236T0	411	412	7	0.99501
MGG_14209T0	1527	1528	1503	57.6053
MGG_13118T0	770	771	35.5823	2.70275
MGG_07005T0	1638	1639	147	5.25249
MGG_18002T0	1703	1704	497	17.081
MGG_16734T0	7314	7315	6049	48.4279
MGG_07101T0	2406	2407	3106	75.5704
MGG_10759T0	435	436	0	0
MGG_00961T0	2057	2058	1248	35.5137
MGG_02098T0	2150	2151	2084	56.7393
MGG_11518T0	1284	1285	209	9.52511
MGG_16651T0	213	214	26	7.11519
MGG_00690T0	425	426	12	1.64967
MGG_01269T0	2726	2727	1849	39.708
MGG_01633T0	2206	2207	780	20.6975
MGG_10000T0	1852	1853	154	4.86712
MGG_17003T0	2369	2370	2614.26	64.5992
MGG_02727T0	651	652	646	58.0245
MGG_07132T0	2019	2020	1076	31.1952
MGG_10925T0	1837	1838	936	29.8234
MGG_04510T0	1407	1408	14	0.582307
MGG_09837T0	2902	2903	1600	32.2775
MGG_15633T0	216	217	5	1.34939
MGG_06016T0	3819	3820	1157	17.7377
MGG_01773T0	2110	2111	1454.8	40.3591
MGG_15913T0	210	211	0	0
MGG_09479T0	3763	3764	1783	27.7414
MGG_07780T0	1459	1460	197	7.90205
MGG_06551T0	1029	1030	134.393	7.6413
MGG_02378T0	2721	2722	985.992	21.2135
MGG_12886T0	1465	1466	438	17.4971
MGG_03249T0	1847	1848	645.096	20.4432
MGG_16000T0	622	623	42	3.9481
MGG_04093T1	9730	9731	413.19	2.48668
MGG_04093T0	11402	11403	860.81	4.42094
MGG_16443T0	3686	3687	1159	18.4093
MGG_06704T0	4488	4489	2203	28.7403
MGG_01172T0	5109	5110	2835	32.4907
MGG_08281T0	5583	5584	45.9674	0.482093
MGG_00787T0	1357	1358	140	6.03747
MGG_16992T0	642	643	5	0.455392
MGG_07456T0	2827	2828	1445.89	29.9421
MGG_18008T0	348	349	143	23.9959
MGG_17473T0	2067	2068	274	7.75937
MGG_11011T0	711	712	0	0
MGG_07772T0	1835	1836	78	2.48799
MGG_03910T0	2966	2967	679.475	13.4117
MGG_02429T0	399	400	260	38.0662
MGG_04910T0	261	262	1769	395.415
MGG_01542T0	1634	1635	228	8.16665
MGG_05136T0	1200	1201	612	29.8425
MGG_15213T0	990	991	0	0
MGG_08801T0	1254	1255	211	9.84613
MGG_04487T0	1407	1408	824	34.2729
MGG_09765T0	1162	1163	700	35.2489
MGG_01221T0	2264	2265	241.93	6.2553
MGG_07509T0	3437	3438	1657	28.2256
MGG_09537T0	4957	4958	14604	172.501
MGG_02158T0	1119	1120	293	15.3206
MGG_05853T0	888	889	0	0
MGG_00806T0	8277	8278	3607	25.518
MGG_01469T0	4213	4214	1743	24.2231
MGG_08142T0	1305	1306	307	13.7664
MGG_06489T0	2184	2185	332	8.89843
MGG_03034T0	1717	1718	8	0.272705
MGG_01442T0	816	817	348.105	24.9525
MGG_06795T0	1467	1468	949	37.8588
MGG_03188T0	1111	1112	7776	409.523
MGG_13413T0	3919	3920	865	12.9228
MGG_07273T0	2227	2228	1277.45	33.5779
MGG_12357T0	4865	4866	306	3.68278
MGG_09857T0	1423	1424	23	0.945898
MGG_02245T0	1248	1249	73	3.42284
MGG_06107T0	1208	1209	3446	166.923
MGG_11947T0	189	190	0	0
MGG_06023T0	1395	1396	427	17.913
MGG_01893T0	1647	1648	1134.34	40.3098
MGG_17914T0	183	184	6	1.90968
MGG_13692T0	261	262	7	1.56467
MGG_16297T0	519	520	1	0.112622
MGG_08285T0	7083	7084	95	0.785365
MGG_04902T0	1310	1311	227.156	10.1472
MGG_17177T0	168	169	20	6.93059
MGG_01732T0	1933	1934	752	22.7713
MGG_14685T0	543	544	66	7.10512
MGG_12891T0	1446	1447	43	1.74031
MGG_16549T0	687	688	293	24.9405
MGG_13912T0	1724	1725	4	0.135799
MGG_05813T0	1417	1418	612.821	25.3095
MGG_04021T0	1800	1801	1284	41.7521
MGG_03962T0	1374	1375	7291	310.535
MGG_03477T0	1089	1090	4402	236.51
MGG_10027T0	3672	3673	367	5.85156
MGG_06029T0	2978	2979	111.063	2.18336
MGG_06719T0	2586	2587	3010	68.1391
MGG_08688T0	1650	1651	345	12.2377
MGG_00592T0	2077	2078	55332	1559.4
MGG_03710T0	2541	2542	1612	37.1378
MGG_16780T0	393	394	0	0
MGG_14801T0	2412	2413	1683	40.8464
MGG_08082T0	1147	1148	2066.67	105.428
MGG_16189T0	150	151	743	288.163
MGG_03440T0	1085	1086	9527	513.751
MGG_12654T0	303	304	15	2.88964
MGG_10359T0	1248	1249	4129	193.602
MGG_04920T0	1417	1418	1917	79.1722
MGG_02787T0	2209	2210	44	1.16597
MGG_00868T0	2598	2599	9	0.202798
MGG_17236T0	279	280	0	0
MGG_14055T0	1377	1378	1	0.0424989
MGG_07736T0	2150	2151	733	19.9568
MGG_06828T0	1491	1492	427	16.7605
MGG_01209T0	4255	4256	2363	32.5154
MGG_13946T0	1627	1628	47.2646	1.70023
MGG_06827T0	2955	2956	914	18.1079
MGG_07302T1	2235	2236	568.085	14.8788
MGG_07302T0	2436	2437	118.915	2.85765
MGG_05341T0	3705	3706	891	14.0799
MGG_08764T0	793	794	30.4325	2.24462
MGG_08764T1	1016	1017	187.568	10.801
MGG_00549T0	1039	1040	3073.46	173.069
MGG_16633T0	1466	1467	86.5735	3.45606
MGG_16102T0	399	400	10.9636	1.60517
MGG_07472T0	2085	2086	734	20.6067
MGG_08797T0	459	460	0	0
MGG_09332T0	1530	1531	728	27.8473
MGG_10319T0	1372	1373	1587	67.6913
MGG_08777T0	2603	2604	113	2.54135
MGG_06684T0	1943	1944	939.292	28.2964
MGG_04119T0	1608	1609	463	16.852
MGG_17283T0	234	235	0	0
MGG_15058T0	618	619	2	0.18922
MGG_13662T0	1788	1789	234	7.66006
MGG_18113T0	174	175	2.00181	0.669901
MGG_07995T0	771	772	0	0
MGG_17839T0	249	250	217	50.8331
MGG_16388T0	876	877	325.677	21.7477
MGG_17949T0	393	394	5	0.743191
MGG_15730T0	471	472	36	4.4667
MGG_10157T0	2615	2616	361	8.08158
MGG_04584T0	1630	1631	2753	98.8505
MGG_16927T0	791	792	974.898	72.0876
MGG_16501T0	411	412	3.5	0.497505
MGG_16452T0	276	277	14	2.95989
MGG_09816T0	1271	1272	27	1.24309
MGG_09629T0	570	571	0	0
MGG_03328T0	1532	1533	488	18.6425
MGG_15061T0	846	847	862	59.6006
MGG_02686T0	1377	1378	144	6.11984
MGG_17117T0	342	343	27	4.60995
MGG_12228T0	1182	1183	80	3.96033
MGG_09573T0	788	789	1423.84	105.684
MGG_08809T0	1828	1829	753.632	24.1308
MGG_05967T0	2575	2576	245	5.56989
MGG_15648T0	468	469	13	1.62329
MGG_02668T0	1366	1367	2500	107.102
MGG_17465T0	1713	1714	90.859	3.10445
MGG_17882T0	413	414	0	0
MGG_00972T0	1275	1276	647.455	29.7157
MGG_01856T0	1764	1765	144	4.77798
MGG_15285T0	2447	2448	1319	31.5544
MGG_00798T0	2219	2220	63.1527	1.66596
MGG_10342T0	1536	1537	1232	46.9422
MGG_10590T0	3362	3363	1171	20.3919
MGG_17676T0	288	289	22	4.45812
MGG_02065T1	2490	2491	0	0
MGG_02065T0	3135	3136	924	17.2553
MGG_14774T0	912	913	324	20.7826
MGG_07792T0	1155	1156	596	30.1936
MGG_17304T0	222	223	0	0
MGG_07110T0	4032	4033	2233	32.4255
MGG_00045T0	1890	1891	611	18.9224
MGG_11627T0	495	496	0	0
MGG_07888T0	1993	1994	2	0.0587397
MGG_08731T0	4032	4033	836	12.1396
MGG_08012T0	1942	1943	5238	157.877
MGG_06412T0	1826	1827	4652.16	149.122
MGG_03703T0	4321	4322	2001	27.1137
MGG_16652T0	488	489	39	4.6707
MGG_17023T0	1560	1561	2	0.0750332
MGG_08773T0	2083	2084	166	4.66484
MGG_05235T0	1790	1791	1900	62.1276
MGG_05591T0	510	511	0	0
MGG_06157T0	2459	2460	579	13.7838
MGG_02612T0	1562	1563	12482	467.683
MGG_03302T0	2963	2964	428	8.45653
MGG_08965T0	1737	1738	65.6462	2.21201
MGG_05709T0	4239	4240	7869.94	108.701
MGG_16062T0	450	451	0	0
MGG_16255T0	237	238	11	2.70671
MGG_03338T0	961	962	17	1.03491
MGG_11237T0	423	424	208	28.7292
MGG_07038T0	1019	1020	1320	75.788
MGG_09292T0	1911	1912	2770.88	84.8706
MGG_03864T0	3642	3643	927.79	14.9148
MGG_00232T0	150	151	0	0
MGG_08868T0	1275	1276	760.766	34.9162
MGG_05298T0	2661	2662	1054	23.1878
MGG_16492T0	1074	1075	0	0
MGG_04651T0	1794	1795	788	25.7092
MGG_06402T0	1236	1237	354.053	16.762
MGG_01877T0	1479	1480	75	2.96774
MGG_00968T0	852	853	4626	317.602
MGG_16905T0	2563	2564	940	21.4702
MGG_09812T0	1821	1822	2	0.0642848
MGG_02408T0	3877	3878	1479	22.3351
MGG_12690T0	402	403	0	0
MGG_01743T0	2101	2102	5438	151.507
MGG_16546T0	381	382	0	0
MGG_02391T0	1903	1904	1689	51.9505
MGG_17383T0	192	193	7	2.12406
MGG_05284T0	5132	5133	2086	23.7996
MGG_05062T0	1780	1781	1338	43.9966
MGG_17875T0	210	211	4	1.11021
MGG_17827T0	1800	1801	809	26.3064
MGG_13404T0	1254	1255	971	45.3108
MGG_00931T0	2214	2215	94.1936	2.49043
MGG_02027T0	3255	3256	0	0
MGG_02114T0	2439	2440	612	14.6889
MGG_08496T0	1371	1372	1	0.0426847
MGG_05351T0	1266	1267	3358	155.214
MGG_11650T0	603	604	2	0.193919
MGG_14266T0	1735	1736	5440	183.517
MGG_04187T0	1485	1486	1245.46	49.0837
MGG_03583T0	2534	2535	658.217	15.2061
MGG_15240T0	318	319	13	2.3866
MGG_11244T0	1085	1086	1339.86	72.2531
MGG_05994T0	4700	4701	228.292	2.84398
MGG_16606T0	471	472	0	0
MGG_17929T0	375	376	16.1867	2.52114
MGG_00531T0	2734	2735	214	4.5823
MGG_10036T0	1881	1882	81	2.52053
MGG_17802T0	1687	1688	2248	77.9921
MGG_16454T1	341	342	0	0
MGG_16454T0	432	433	8	1.082
MGG_00439T0	1757	1758	1446	48.1699
MGG_01139T0	1839	1840	846	26.9265
MGG_15299T0	2125	2126	13	0.358102
MGG_13269T0	1595	1596	6474	237.556
MGG_15756T0	336	337	10	1.73779
MGG_01861T0	1291	1292	87	3.94351
MGG_05854T0	1656	1657	0	0
MGG_01626T0	1476	1477	72	2.85482
MGG_09283T0	3038	3039	1552.13	29.9105
MGG_16583T0	222	223	0	0
MGG_04471T0	1644	1645	627	22.3218
MGG_03390T0	2183	2184	277	7.42769
MGG_17968T0	216	217	19	5.12768
MGG_09530T0	1724	1725	1674.79	56.8587
MGG_17979T0	1162	1163	2765.88	139.277
MGG_07877T0	2464	2465	1029	24.447
MGG_07280T0	2226	2227	1813	47.6765
MGG_04995T0	5747	5748	752	7.66175
MGG_06355T0	4085	4086	1552	22.2444
MGG_00837T0	3116	3117	3053	57.361
MGG_00141T0	4962	4963	3205	37.819
MGG_02416T0	3027	3028	1030	19.9209
MGG_16773T0	424	425	11	1.51576
MGG_07440T0	2556	2557	233	5.33644
MGG_06472T0	1264	1265	3530.07	163.426
MGG_09363T0	2941	2942	560	11.1474
MGG_02454T0	1911	1912	688	21.073
MGG_01279T0	4801	4802	4711	57.4536
MGG_06722T0	2041	2042	7472	214.293
MGG_01342T0	4239	4240	2616	36.1325
MGG_10124T0	1615	1616	444	16.0905
MGG_09931T0	4878	4879	1885	22.626
MGG_06893T0	2746	2747	2577	54.9392
MGG_12967T0	1329	1330	54	2.37776
MGG_08100T0	1414	1415	469	19.4108
MGG_04494T0	3455	3456	1038	17.5894
MGG_01026T0	2084	2085	19639	551.62
MGG_17678T0	3688	3689	1033	16.399
MGG_05041T0	1959	1960	119	3.55564
MGG_13697T0	1600	1601	414	15.1438
MGG_12765T0	1348	1349	207	8.98639
MGG_10402T0	1959	1960	3	0.0896379
MGG_07548T0	1116	1117	1	0.0524292
MGG_06146T0	2504	2505	1431	33.4548
MGG_04756T0	1940	1941	917	27.6675
MGG_12369T0	3163	3164	899	16.6399
MGG_03022T0	1553	1554	108	4.07005
MGG_00253T0	2090	2091	484	13.5556
MGG_08259T0	3516	3517	2669	44.4429
MGG_05769T0	2130	2131	57	1.56646
MGG_12108T0	2578	2579	2716	61.6744
MGG_05889T0	2662	2663	2049	45.0606
MGG_05747T0	946	947	1	0.061841
MGG_09397T0	432	433	5	0.676252
MGG_08758T0	2257	2258	2767	71.7649
MGG_03319T0	5695	5696	5670.78	58.3042
MGG_02771T0	2774	2775	3231.99	68.2077
MGG_09355T0	6555	6556	3646	32.569
MGG_05592T0	1626	1627	360	12.9581
MGG_17197T0	881	882	44	2.92153
MGG_16387T0	402	403	0	0
MGG_05993T0	2921	2922	562.708	11.2779
MGG_01683T0	1444	1445	1235.39	50.0684
MGG_10293T0	1848	1849	21.6774	0.686589
MGG_10277T0	5071	5072	84	0.969899
MGG_06826T0	775	776	52	3.92435
MGG_16277T0	3684	3685	2010	31.9437
MGG_15568T0	351	352	1	0.166373
MGG_07632T0	1266	1267	92.3392	4.26812
MGG_02990T0	423	424	0	0
MGG_00401T0	795	796	35	2.57503
MGG_16555T0	1128	1129	0	0
MGG_04105T0	831	832	22980	1617.53
MGG_18098T0	4249	4250	62.9357	0.867231
MGG_16896T0	607	608	5.03735	0.485205
MGG_03138T0	4218	4219	1471	20.4188
MGG_05618T0	3451	3452	1487.74	25.2397
MGG_05437T0	733	734	288	22.9786
MGG_07156T0	2859	2860	1374.51	28.1455
MGG_00934T0	3658	3659	890.389	14.251
MGG_17226T0	279	280	0	0
MGG_09049T0	686	687	6	0.511471
MGG_04662T0	1610	1611	240	8.72454
MGG_11728T0	971	972	711	42.8381
MGG_11533T0	1656	1657	400	14.1372
MGG_08812T0	720	721	121	9.82826
MGG_12268T0	3081	3082	2008	38.1555
MGG_17829T0	1584	1585	422	15.5923
MGG_00033T0	1605	1606	10	0.364654
MGG_07520T0	1080	1081	30	1.62526
MGG_00532T0	2432	2433	1261	30.3529
MGG_11231T0	3581	3582	209	3.41702
MGG_13349T0	1668	1669	808.36	28.3645
MGG_09099T0	1005	1006	37	2.15392
MGG_01708T0	1932	1933	695.096	21.0591
MGG_07557T0	937	938	92	5.74396
MGG_00805T0	4226	4227	2661.6	36.8754
MGG_16949T0	201	202	0	0
MGG_06195T0	2615	2616	1781	39.8706
MGG_05387T0	431	432	4.77475	0.647282
MGG_05387T1	898	899	3.22525	0.210102
MGG_16969T0	1548	1549	1539.81	58.2161
MGG_03988T0	1798	1799	1297	42.2217
MGG_10306T0	1202	1203	3233	157.386
MGG_14756T0	1194	1195	778.111	38.1329
MGG_15112T0	414	415	14	1.97563
MGG_03415T0	3300	3301	191	3.38855
MGG_10957T0	1718	1719	6618	225.464
MGG_06728T0	2565	2566	1728.71	39.4542
MGG_08349T0	1257	1258	329	15.3159
MGG_15766T0	189	190	6	1.84937
MGG_07369T0	1236	1237	531	25.1392
MGG_17412T0	324	325	13	2.34254
MGG_03233T0	2046	2047	579	16.5648
MGG_16465T0	2387	2388	43	1.05453
MGG_01795T0	4116	4117	2087	29.6871
MGG_02063T0	790	791	19	1.40671
MGG_12506T0	1677	1678	95	3.31557
MGG_03090T0	2357	2358	721	17.9068
MGG_01060T0	1340	1341	153.124	6.68717
MGG_15906T0	2396	2397	141.411	3.45496
MGG_11257T0	1291	1292	711.586	32.2546
MGG_10854T0	1757	1758	2992	99.6711
MGG_06755T0	3364	3365	2115	36.8088
MGG_01235T0	2068	2069	2994	84.7458
MGG_15338T0	303	304	10	1.92643
MGG_10896T0	1829	1830	4	0.128008
MGG_06569T0	3942	3943	2370	35.2004
MGG_06747T0	1399	1400	6853	286.668
MGG_05522T0	1437	1438	712.323	29.0098
MGG_14882T0	1269	1270	94	4.33462
MGG_08843T0	3292	3293	3619	64.3611
MGG_05111T0	2731	2732	2929	62.7864
MGG_14717T0	1217	1218	446.746	21.4803
MGG_03623T0	1005	1006	34	1.97928
MGG_06731T0	1231	1232	730.713	34.7346
MGG_12466T0	714	715	955.875	78.2928
MGG_09183T0	438	439	9	1.20062
MGG_06777T0	1797	1798	160	5.21143
MGG_15878T0	543	544	55	5.92094
MGG_11400T0	2104	2105	881	24.5104
MGG_06868T0	2646	2647	3394	75.0904
MGG_02241T0	949	950	417	25.7063
MGG_10529T0	2832	2833	962	19.8864
MGG_13904T0	312	313	0	0
MGG_08145T0	1444	1445	2278.57	92.3468
MGG_04643T0	2015	2016	431	12.5203
MGG_00054T0	1509	1510	6353	246.393
MGG_15216T0	900	901	43	2.79493
MGG_00947T0	1496	1497	8921	348.994
MGG_02103T0	938	939	1380	86.0677
MGG_02516T0	2010	2011	2281	66.4263
MGG_09463T0	1503	1504	365	14.2125
MGG_07286T0	2939	2940	974	19.4016
MGG_02000T0	1997	1998	597.496	17.5132
MGG_08657T0	624	625	0	0
MGG_14589T0	552	553	0	0
MGG_06542T0	2018	2019	292	8.4698
MGG_06479T0	393	394	5502	817.807
MGG_10968T0	372	373	9	1.41306
MGG_10126T0	2685	2686	13050.5	284.543
MGG_00292T0	1250	1251	14	0.655386
MGG_15992T0	726	727	51	4.1083
MGG_10481T0	5382	5383	0.00982986	0.000106942
MGG_10481T1	5709	5710	203.99	2.09218
MGG_08823T0	2374	2375	1911	47.122
MGG_00800T0	3340	3341	5958	104.436
MGG_12876T0	2095	2096	534.654	14.9386
MGG_08211T0	2918	2919	616	12.3587
MGG_14917T0	1032	1033	207	11.7354
MGG_14819T0	894	895	0	0
MGG_07884T0	1026	1027	110.688	6.31185
MGG_06807T0	1428	1429	794	32.5398
MGG_16247T0	4543	4544	184.046	2.372
MGG_07593T0	1527	1528	1655	63.431
MGG_11610T0	529	530	439	48.5082
MGG_08041T0	852	853	780	53.5516
MGG_06397T0	5041	5042	872.03	10.1287
MGG_10308T0	1929	1930	952.944	28.9159
MGG_05318T0	2550	2551	4829	110.86
MGG_13996T0	195	196	204	60.9538
MGG_00539T0	1092	1093	8846	473.973
MGG_17046T0	258	259	138	31.2037
MGG_17026T0	1713	1714	72.3295	2.47133
MGG_12481T0	537	538	0	0
MGG_03661T0	2131	2132	1009	27.716
MGG_00904T0	1496	1497	908	35.5214
MGG_06381T0	1698	1699	528	18.1998
MGG_02950T0	933	934	101	6.33288
MGG_07424T0	1260	1261	717	33.299
MGG_01468T0	9284	9285	1331	8.39504
MGG_17821T0	4531	4532	336.096	4.34311
MGG_07861T0	1761	1762	472	15.6878
MGG_07591T0	306	307	0	0
MGG_09998T0	369	370	22	3.48215
MGG_07210T0	1775	1776	387	12.7613
MGG_16315T0	2330	2331	1591	39.9719
MGG_04317T0	2211	2212	534	14.1378
MGG_15697T0	183	184	62	19.7333
MGG_10720T0	1103	1104	2784	147.682
MGG_07561T0	3894	3895	2276	34.2209
MGG_01327T0	2305	2306	9083	230.673
MGG_09320T0	4316	4317	675	9.1569
MGG_00989T0	504	505	29	3.36305
MGG_00882T0	2809	2810	1963	40.911
MGG_17595T0	1858	1859	212	6.67856
MGG_16085T0	228	229	3.77571	0.965583
MGG_09985T0	1419	1420	78	3.21687
MGG_10245T0	1039	1040	6	0.337866
MGG_07229T0	2318	2319	2561	64.6749
MGG_15809T0	1126	1127	100	5.1964
MGG_11474T0	2402	2403	2428	59.1727
MGG_15791T0	1380	1381	0	0
MGG_15249T0	1226	1227	354.243	16.9076
MGG_10049T0	1240	1241	464	21.8964
MGG_10609T0	1653	1654	563	19.9342
MGG_17689T0	2032	2033	139	4.00409
MGG_00836T0	767	768	143	10.9044
MGG_02758T0	858	859	297	20.2484
MGG_16006T0	831	832	0	0
MGG_11596T0	1186	1187	678.063	33.4538
MGG_11286T0	1269	1270	230	10.606
MGG_05335T0	879	880	613	40.7948
MGG_17645T0	486	487	0	0
MGG_06709T0	3287	3288	3459	61.6092
MGG_08798T0	666	667	4	0.351205
MGG_15986T0	981	982	35.9224	2.1423
MGG_15986T1	958	959	780.073	47.6369
MGG_04694T0	944	945	1121	69.4705
MGG_04090T0	2861	2862	4040.61	82.6808
MGG_02619T0	3746	3747	1438	22.4751
MGG_03980T0	1181	1182	1233.78	61.1289
MGG_06910T0	2755	2756	4161	88.4189
MGG_09298T0	977	978	246.56	14.7642
MGG_12366T0	752	753	40.0627	3.11582
MGG_03267T0	1826	1827	1054.92	33.8149
MGG_11741T0	3086	3087	42	0.796782
MGG_18136T0	1335	1336	157	6.88208
MGG_03495T0	960	961	108	6.58153
MGG_03311T0	2148	2149	835	22.755
MGG_10367T0	798	799	11	0.806255
MGG_06263T0	2014	2015	7347.79	213.554
MGG_01825T0	2462	2463	2445	58.1355
MGG_03057T0	1389	1390	578	24.3523
MGG_09456T0	1506	1507	427	16.5936
MGG_03967T0	1521	1522	119	4.57888
MGG_03604T0	874	875	1203.4	80.5434
MGG_03503T0	1069	1070	4	0.218929
MGG_14858T0	1199	1200	1142.43	55.7536
MGG_13439T0	963	964	2258	137.175
MGG_06652T0	2947	2948	330	6.55561
MGG_15297T0	1330	1331	115	5.05995
MGG_06490T0	666	667	21	1.84383
MGG_17682T0	933	934	286	17.9327
MGG_00080T0	621	622	198	18.6424
MGG_13493T0	1978	1979	534	15.8024
MGG_16666T0	707	708	0	0
MGG_16180T0	1232	1233	62.1018	2.94963
MGG_08314T0	3570	3571	925	15.1698
MGG_01727T0	4317	4318	2130	28.8884
MGG_02308T0	1413	1414	317.777	13.1613
MGG_05587T0	2753	2754	564	11.9934
MGG_06994T0	1709	1710	22873	783.346
MGG_14369T0	177	178	116	38.1649
MGG_12397T0	2540	2541	820	18.8989
MGG_07463T0	1966	1967	621	18.489
MGG_04964T0	1581	1582	901	33.3538
MGG_07134T1	2031	2032	1053.24	30.3551
MGG_07134T0	2127	2128	841.758	23.1655
MGG_13435T0	2930	2931	1834	36.6446
MGG_10820T0	3051	3052	924	17.7302
MGG_10563T0	2473	2474	400.834	9.48838
MGG_10563T1	2386	2387	3431.17	84.1814
MGG_13220T0	2950	2951	328.321	6.51563
MGG_13220T1	2002	2003	7177.68	209.86
MGG_03824T0	1872	1873	940	29.3912
MGG_00943T0	2029	2030	1886	54.4092
MGG_01088T0	2301	2302	3106	79.0174
MGG_05888T0	1989	1990	3439	101.206
MGG_16483T0	660	661	79.7789	7.06827
MGG_03512T0	1548	1549	1891.53	71.5136
MGG_08810T0	3205	3206	3810	69.5966
MGG_05270T0	1812	1813	2749	88.7981
MGG_03868T0	1012	1013	2648	153.086
MGG_17680T0	767	768	569	43.3888
MGG_01845T0	399	400	1934	283.154
MGG_17624T0	378	379	5	0.772605
MGG_03460T0	1065	1066	82	4.50488
MGG_11908T0	1497	1498	1426	55.7486
MGG_02892T0	2921	2922	1507	30.2037
MGG_01380T0	1293	1294	2889	130.749
MGG_01452T0	3746	3747	1542	24.1006
MGG_12551T0	987	988	11	0.652022
MGG_09784T0	6044	6045	1801	17.4479
MGG_05231T0	915	916	1068	68.2814
MGG_02757T0	3704	3705	730	11.5388
MGG_01900T0	444	445	3	0.39481
MGG_08462T0	1857	1858	1212	38.2018
MGG_03966T0	3524	3525	117	1.94381
MGG_17486T0	4306	4307	24185	328.85
MGG_15927T0	1755	1756	150	5.00257
MGG_13868T0	348	349	10	1.67804
MGG_10231T0	312	313	10	1.87104
MGG_16382T0	861	862	233	15.8298
MGG_17354T0	183	184	0	0
MGG_07662T0	1938	1939	213	6.43322
MGG_05899T0	3392	3393	1088	18.779
MGG_09073T0	2935	2936	138	2.75264
MGG_17739T0	174	175	3	1.00394
MGG_03541T0	258	259	43	9.72289
MGG_16529T0	228	229	6	1.53441
MGG_07146T0	3099	3100	1156	21.8385
MGG_12291T0	2465	2466	64	1.51989
MGG_08353T0	510	511	83	9.51226
MGG_10583T0	1817	1818	4325	139.322
MGG_17647T0	318	319	135.137	24.8091
MGG_08576T0	327	328	0	0
MGG_08981T0	1233	1234	306	14.5222
MGG_10506T0	1782	1783	1904	62.5377
MGG_06413T0	1880	1881	338.835	10.5494
MGG_02728T0	2088	2089	1164	32.6318
MGG_17508T0	1795	1796	22	0.71737
MGG_08037T0	810	811	235	16.9697
MGG_18093T0	252	253	0	0
MGG_00356T0	4131	4132	1867	26.4613
MGG_11502T0	2088	2089	416	11.6622
MGG_16681T0	1285	1286	1369	62.3432
MGG_06260T0	3178	3179	1005	18.5141
MGG_15920T0	141	142	2	0.824837
MGG_06857T0	1994	1995	3555	104.357
MGG_04318T0	898	899	59	3.84343
MGG_15918T0	303	304	26.3354	5.07334
MGG_15353T0	2154	2155	62	1.68489
MGG_17895T0	1872	1873	85	2.65771
MGG_16962T0	390	391	19	2.84579
MGG_04358T0	1553	1554	1391	52.4207
MGG_00184T0	3615	3616	1015	16.4386
MGG_07954T0	1017	1018	20	1.15056
MGG_09527T0	2242	2243	33682	879.418
MGG_15509T0	1831	1832	248.869	7.95557
MGG_02980T0	3436	3437	560.312	9.54723
MGG_04992T0	3942	3943	44	0.65351
MGG_02507T0	2810	2811	1128	23.5004
MGG_08339T0	2534	2535	711.99	16.4483
MGG_17774T0	372	373	0	0
MGG_16813T0	1417	1418	3	0.1239
MGG_04433T0	4790	4791	8804	107.617
MGG_16211T0	1407	1408	176	7.32044
MGG_00926T0	3785	3786	2008	31.0606
MGG_01331T0	2888	2889	739	14.9804
MGG_09529T0	678	679	1089.21	93.9442
MGG_16556T0	676	677	975.844	84.4148
MGG_13993T0	1213	1214	17	0.820081
MGG_07498T0	1503	1504	20	0.778769
MGG_06738T0	1727	1728	1133	38.3984
MGG_15396T0	1255	1256	340.401	15.8719
MGG_04142T0	1667	1668	769.71	27.0245
MGG_10327T0	2688	2689	2259.71	49.2139
MGG_04110T0	1224	1225	1594	76.2042
MGG_07868T0	1628	1629	30	1.07852
MGG_04146T0	2436	2437	839	20.162
MGG_03872T0	2714	2715	350	7.54962
MGG_08834T0	941	942	6548	407.084
MGG_16653T0	465	466	0	0
MGG_03436T0	767	768	17673.3	1347.67
MGG_17941T0	373	374	6	0.939521
MGG_14938T0	150	151	10	3.87837
MGG_00824T0	2177	2178	0	0
MGG_07216T0	1048	1049	5200	290.305
MGG_17312T0	815	816	12	0.861227
MGG_02798T0	831	832	1284	90.3792
MGG_00149T0	3183	3184	7106.98	130.719
MGG_00738T0	1355	1356	279	12.0496
MGG_02885T0	1053	1054	17	0.944572
MGG_08917T0	2489	2490	11139	261.983
MGG_14699T0	3461	3462	176	2.97723
MGG_11256T0	2145	2146	942.414	25.7181
MGG_08190T0	1687	1688	5213.05	180.861
MGG_07886T0	288	289	0	0
MGG_10833T0	4392	4393	1137.3	15.1614
MGG_08609T0	567	568	0	0
MGG_10368T0	903	904	0	0
MGG_17445T0	393	394	3	0.445915
MGG_01841T0	1661	1662	75	2.64275
MGG_08049T0	2561	2562	431	9.85201
MGG_01205T0	2686	2687	1858	40.4953
MGG_16286T0	2696	2697	1239	26.904
MGG_13834T0	1566	1567	695	25.9742
MGG_15595T0	165	166	1	0.352792
MGG_11389T0	1846	1847	752	23.8439
MGG_04180T0	2183	2184	1430.98	38.3714
MGG_17075T0	1053	1054	3	0.166689
MGG_16801T0	549	550	38	4.0462
MGG_14728T0	2583	2584	5601.26	126.946
MGG_06277T0	3327	3328	4049	71.251
MGG_02893T0	465	466	103	12.9443
MGG_09063T0	2753	2754	7916	168.333
MGG_14684T0	183	184	12	3.81936
MGG_06891T0	1191	1192	74	3.63565
MGG_03606T0	2171	2172	382.067	10.3016
MGG_15674T0	240	241	14	3.40203
MGG_05831T0	576	577	16	1.62394
MGG_05198T0	3047	3048	2046	39.3113
MGG_07148T0	1654	1655	4616	163.341
MGG_04012T0	1934	1935	2409	72.9092
MGG_08380T0	1062	1063	68	3.7463
MGG_04779T0	876	877	1777	118.663
MGG_05949T0	1542	1543	4843	183.813
MGG_07367T0	1361	1362	626	26.9168
MGG_01620T0	2766	2767	6391	135.265
MGG_01029T0	2463	2464	7168	170.366
MGG_15779T0	366	367	15	2.3936
MGG_08105T0	3330	3331	1019	17.9154
MGG_03638T0	1999	2000	959	28.0812
MGG_16821T0	177	178	5	1.64504
MGG_02622T0	1842	1843	2602	82.6815
MGG_00865T0	7323	7324	11373	90.9397
MGG_06745T0	1466	1467	479	19.1219
MGG_04455T0	953	954	7317	449.171
MGG_13582T0	1432	1433	12	0.490413
MGG_06465T0	5210	5211	618	6.94535
MGG_17158T0	303	304	0	0
MGG_07191T0	1698	1699	933	32.1599
MGG_05792T0	360	361	9	1.46003
MGG_17610T0	705	706	132.059	10.9545
MGG_04708T1	3834	3835	1684.93	25.7303
MGG_04708T0	3909	3910	2831.07	42.4033
MGG_10130T0	468	469	3	0.374606
MGG_00271T0	1288	1289	510.493	23.1933
MGG_00271T1	1294	1295	1939.09	87.6911
MGG_00267T0	309	310	0	0
MGG_02418T0	3107	3108	2201	41.473
MGG_15204T0	1023	1024	25	1.42977
MGG_11185T0	2819	2820	1768	36.7164
MGG_10938T0	1605	1606	184	6.70964
MGG_10062T0	1254	1255	3	0.139992
MGG_00656T0	2475	2476	393	9.29541
MGG_01405T0	2808	2809	14.7715	0.307964
MGG_10271T0	3972	3973	5	0.0737018
MGG_00908T0	2028	2029	3534	102.003
MGG_03696T0	2366	2367	4647.08	114.976
MGG_15533T0	216	217	34	9.17584
MGG_10073T0	318	319	0	0
MGG_10912T0	8104	8105	2	0.0144512
MGG_01480T0	769	770	848	64.4958
MGG_01211T0	1434	1435	8	0.326486
MGG_02827T0	1683	1684	124	4.31227
MGG_08307T0	2200	2201	9102	242.183
MGG_07288T0	3715	3716	1756	27.6742
MGG_09253T0	932	933	1606.34	100.829
MGG_05958T0	1379	1380	519.498	22.0461
MGG_15966T0	270	271	0	0
MGG_11047T0	3725	3726	244	3.83507
MGG_04598T0	384	385	37	5.62818
MGG_01378T0	6363	6364	3036	27.9382
MGG_17450T0	2063	2064	12195	346.018
MGG_04661T0	2405	2406	1648	40.1133
MGG_05247T0	3723	3724	18606	292.597
MGG_02650T0	2017	2018	2	0.0580411
MGG_17957T0	318	319	43	7.89413
MGG_17743T0	1394	1395	592	24.8527
MGG_17730T0	4171	4172	1031.33	14.4771
MGG_07116T0	8622	8623	1565.63	10.6331
MGG_17422T0	267	268	19	4.15189
MGG_15286T0	276	277	47	9.93676
MGG_06417T0	2071	2072	974	27.5293
MGG_05367T0	2577	2578	3078	69.9218
MGG_04100T0	6184	6185	1311	12.4134
MGG_01123T0	4087	4088	889.736	12.7461
MGG_15917T0	366	367	0	0
MGG_10019T0	1695	1696	1052	36.3259
MGG_17918T0	519	520	1	0.112622
MGG_02060T0	1338	1339	0	0
MGG_08541T0	1658	1659	32	1.12961
MGG_06976T0	684	685	5	0.42747
MGG_03569T0	2572	2573	5632	128.189
MGG_02256T0	1472	1473	2470	98.2021
MGG_14135T0	1494	1495	101	3.95646
MGG_11730T0	973	974	167	10.0412
MGG_09305T0	1572	1573	1	0.0372304
MGG_16037T0	261	262	0	0
MGG_08866T0	2624	2625	6128	136.715
MGG_01983T0	2057	2058	11	0.313021
MGG_07963T0	2819	2820	1324	27.4957
MGG_00580T0	630	631	0	0
MGG_07705T0	7599	7600	2313	17.8233
MGG_07470T0	2457	2458	1980	47.1748
MGG_07919T0	693	694	2	0.168771
MGG_17824T0	1196	1197	429.697	21.023
MGG_03932T0	1545	1546	1063.44	40.2837
MGG_07812T0	768	769	0	0
MGG_10361T0	792	793	186	13.7362
MGG_11098T0	1719	1720	0	0
MGG_04560T0	2275	2276	7460	191.952
MGG_12523T0	3498	3499	6312	105.645
MGG_08750T0	1387	1388	167	7.04618
MGG_01350T0	3415	3416	70	1.20007
MGG_09014T0	1611	1612	24893	904.355
MGG_03698T0	1970	1971	739	21.9576
MGG_16485T0	261	262	3	0.670574
MGG_06634T0	3162	3163	1075	19.9038
MGG_01588T0	1533	1534	9453	360.887
MGG_03678T0	2517	2518	677.23	15.751
MGG_05972T0	681	682	0	0
MGG_12158T0	4982	4983	2036	23.9284
MGG_09506T0	3008	3009	3307	64.3634
MGG_01485T0	3648	3649	2081	33.3983
MGG_11776T0	1497	1498	6884	269.126
MGG_13994T0	3014	3015	481.065	9.34422
MGG_02716T0	8456	8457	3445.96	23.8627
MGG_11907T0	2215	2216	1853	48.9702
MGG_04351T0	1411	1412	859.783	35.66
MGG_05314T0	2033	2034	1034.95	29.7985
MGG_10604T0	518	519	2481	279.954
MGG_05756T0	2501	2502	1128	26.4027
MGG_06154T0	1737	1738	6879	231.794
MGG_08830T0	1373	1374	4597	195.936
MGG_03636T0	1415	1416	217	8.97477
MGG_04026T0	1375	1376	378	16.0879
MGG_04837T0	2075	2076	1007	28.4072
MGG_17035T3	4787	4788	156.139	1.90978
MGG_17035T0	3780	3781	51.0844	0.79124
MGG_17035T2	3784	3785	281.993	4.36313
MGG_17035T1	4479	4480	604.231	7.89863
MGG_06007T0	1569	1570	230	8.57936
MGG_15146T0	1800	1801	797	25.9162
MGG_06459T0	3559	3560	3591.74	59.0856
MGG_01364T0	3036	3037	1419	27.363
MGG_04531T0	2282	2283	769	19.7264
MGG_15235T0	491	492	30	3.57094
MGG_00139T0	2794	2795	3053.79	63.9859
MGG_16487T0	544	545	30	3.22368
MGG_10898T0	1317	1318	11.4297	0.507863
MGG_04928T0	690	691	9.07314	0.768964
MGG_01428T0	1926	1927	1320	40.1161
MGG_15344T0	5163	5164	537	6.08996
MGG_09373T0	3052	3053	1650	31.6507
MGG_09773T0	1494	1495	42.332	1.65827
MGG_07924T0	1701	1702	268	9.22151
MGG_17859T0	327	328	0	0
MGG_00423T0	1107	1108	2	0.10571
MGG_06716T0	658	659	234	20.7949
MGG_02689T0	2700	2701	1411	30.5935
MGG_09951T0	1551	1552	277	10.4524
MGG_06588T0	2330	2331	113	2.83898
MGG_17282T0	833	834	23	1.61506
MGG_08450T0	2502	2503	45109	1055.43
MGG_01047T0	2049	2050	526	15.0265
MGG_03170T0	2871	2872	763	15.5585
MGG_04937T0	507	508	65	7.49335
MGG_15868T0	1692	1693	4486	155.178
MGG_06878T0	3234	3235	1869	33.8346
MGG_05354T0	1065	1066	31	1.70306
MGG_02803T0	587	588	877	87.3472
MGG_01243T0	1748	1749	962	32.2116
MGG_13277T0	858	859	233	15.8851
MGG_09276T0	2998	2999	534	10.4278
MGG_09474T0	504	505	25	2.89918
MGG_00170T0	1589	1590	4496	165.598
MGG_05037T0	1131	1132	33	1.70724
MGG_05175T0	1580	1581	386	14.2982
MGG_03140T0	3448	3449	350	5.94294
MGG_14760T0	620	621	1	0.0943051
MGG_09555T0	2604	2605	778	17.4904
MGG_06035T0	657	658	4905	436.556
MGG_17294T0	1449	1450	18.4213	0.74401
MGG_06254T0	3848	3849	896	13.6329
MGG_17795T0	2556	2557	619	14.1771
MGG_10113T0	1032	1033	0	0
MGG_06794T0	1815	1816	210	6.7722
MGG_08936T0	4286	4287	627.278	8.56906
MGG_16011T0	177	178	36	11.8443
MGG_07732T0	1725	1726	164	5.56455
MGG_02958T0	3813	3814	4271	65.5806
MGG_08401T0	690	691	0	0
MGG_03172T0	2127	2128	633	17.4204
MGG_13261T0	1843	1844	45.9843	1.46041
MGG_06930T0	2362	2363	2047.67	50.7485
MGG_17931T0	368	369	2	0.317417
MGG_09212T0	1881	1882	972.005	30.2465
MGG_18138T0	459	460	1820	231.708
MGG_05468T0	1761	1762	0	0
MGG_04957T0	4265	4266	1386	19.0269
MGG_11925T0	3773	3774	186	2.88627
MGG_08361T0	1587	1588	143	5.27366
MGG_03094T0	2191	2192	1091.99	29.1746
MGG_03463T0	3302	3303	1464	25.9573
MGG_00578T0	2015	2016	111	3.22448
MGG_02335T0	891	892	5	0.32827
MGG_16588T0	258	259	1	0.226114
MGG_10409T0	1092	1093	183	9.80522
MGG_06659T0	1614	1615	544	19.7266
MGG_03223T0	7260	7261	474.444	3.82662
MGG_05699T0	3971	3972	2780.92	41.0021
MGG_16625T0	219	220	0	0
MGG_17758T0	456	457	0	0
MGG_11496T0	1913	1914	695	21.2652
MGG_01178T0	3161	3162	1231	22.7994
MGG_05832T0	1236	1237	1	0.0473431
MGG_01258T0	3210	3211	1510.5	27.549
MGG_02244T1	1351	1352	1066.34	46.1896
MGG_02244T0	1485	1486	19.0124	0.749281
MGG_05713T0	2220	2221	2522	66.5002
MGG_15712T0	589	590	22	2.18372
MGG_02866T0	3207	3208	1385.47	25.2924
MGG_01790T0	1991	1992	2284	67.148
MGG_00874T0	663	664	135	11.9067
MGG_03947T0	2918	2919	6288	126.155
MGG_04156T0	2085	2086	5227	146.746
MGG_06648T0	3641	3642	2019	32.4656
MGG_16357T0	264	265	0	0
MGG_04320T0	2239	2240	648.398	16.952
MGG_01063T0	3446	3447	1588	26.9796
MGG_06256T0	2392	2393	2385	58.3677
MGG_03691T0	1147	1148	7722	393.926
MGG_10993T0	1900	1901	1018	31.3612
MGG_05577T0	1986	1987	74	2.18102
MGG_09444T0	1320	1321	109	4.83226
MGG_07165T0	1237	1238	2626	124.223
MGG_11786T0	2262	2263	569	14.725
MGG_06800T0	897	898	12	0.782585
MGG_09531T0	3489	3490	3032	50.878
MGG_07091T0	4069	4070	339.159	4.88017
MGG_01609T0	996	997	36448.3	2140.96
MGG_02435T0	1191	1192	1854	91.0878
MGG_12603T0	1278	1279	369	16.8959
MGG_06742T0	2951	2952	1999	39.6573
MGG_15154T0	492	493	12018	1427.62
MGG_05968T0	1710	1711	21.8612	0.748258
MGG_01399T0	753	754	168	13.0486
MGG_08232T0	1182	1183	369	18.267
MGG_17944T0	780	781	703	52.7146
MGG_04464T0	3222	3223	7300	132.644
MGG_08230T0	402	403	0	0
MGG_16171T0	564	565	0	0
MGG_08890T0	2469	2470	77	1.82566
MGG_01539T0	213	214	2290	626.684
MGG_09518T0	3323	3324	3171	55.8678
MGG_02920T0	1821	1822	902	28.9924
MGG_11649T0	3780	3781	6161	95.427
MGG_16377T0	2784	2785	747	15.708
MGG_16476T0	516	517	0	0
MGG_18021T0	1166	1167	826.493	41.4758
MGG_18021T1	1216	1217	2220.22	106.84
MGG_14324T0	2971	2972	72	1.41876
MGG_13043T0	255	256	0	0
MGG_04996T0	2767	2768	587.945	12.4393
MGG_05723T0	2485	2486	192	4.523
MGG_01703T0	3421	3422	5431	92.9451
MGG_09416T0	1152	1153	142	7.2125
MGG_15655T0	833	834	92	6.46024
MGG_01113T0	995	996	9156	538.36
MGG_05659T0	3975	3976	203	2.99004
MGG_02481T0	3947	3948	8577	127.229
MGG_10420T0	2473	2474	492	11.6464
MGG_14764T0	9432	9433	412	2.55784
MGG_04934T0	3397	3398	371	6.39407
MGG_05105T0	954	955	222	13.6137
MGG_17942T0	3429	3430	2395	40.892
MGG_16299T0	5068	5069	1414	16.3363
MGG_00321T0	1005	1006	40	2.32857
MGG_00924T0	4391	4392	2347	31.2952
MGG_02810T0	4454	4455	242	3.18122
MGG_04739T0	3696	3697	2251	35.6576
MGG_18045T0	264	265	23	5.08287
MGG_00840T0	2126	2127	899	24.7525
MGG_01888T0	2008	2009	161	4.69324
MGG_00261T0	3275	3276	3588	64.1409
MGG_01382T0	1516	1517	747	28.8378
MGG_02671T0	1494	1495	1538	60.2479
MGG_14727T0	1182	1183	369	18.267
MGG_13149T0	3718	3719	4145	65.2717
MGG_08379T0	1542	1543	19	0.721131
MGG_05934T0	2717	2718	1072	23.0979
MGG_06446T0	2255	2256	1367	35.4859
MGG_03642T0	1693	1694	145.812	5.04088
MGG_03998T0	1394	1395	319.937	13.4313
MGG_06991T0	2122	2123	19629.2	541.476
MGG_01705T0	1823	1824	535	17.1773
MGG_08759T0	1233	1234	48	2.27799
MGG_05698T0	1068	1069	706	38.6771
MGG_01537T0	7517	7518	1997	15.5562
MGG_12231T0	1494	1495	0	0
MGG_06214T0	4184	4185	2279	31.8915
MGG_16106T0	571	572	11	1.12622
MGG_14948T0	858	859	365	24.8844
MGG_02313T0	9897	9898	0	0
MGG_05427T0	1313	1314	2295	102.285
MGG_03896T0	1446	1447	442	17.8888
MGG_16165T0	237	238	0	0
MGG_14560T0	393	394	11	1.63502
MGG_12676T0	1149	1150	0	0
MGG_07024T0	735	736	157	12.4925
MGG_17671T0	1006	1007	127	7.38586
MGG_08177T0	2043	2044	642	18.3942
MGG_09955T0	1131	1132	2494	129.026
MGG_09846T0	3220	3221	432	7.85452
MGG_09346T0	756	757	382	29.5525
MGG_14349T0	1753	1754	258	8.61424
MGG_06657T0	882	883	13977	927
MGG_16200T0	270	271	1	0.216101
MGG_15569T0	520	521	69	7.756
MGG_18043T0	1233	1234	0	0
MGG_07913T0	5566	5567	1829	19.2406
MGG_08428T0	336	337	154	26.7619
MGG_00298T0	1530	1531	449	17.175
MGG_04448T0	1204	1205	605.846	29.4443
MGG_00013T0	528	529	0	0
MGG_09240T0	2637	2638	1584	35.1647
MGG_08682T0	684	685	81	6.92502
MGG_06439T0	3496	3497	2812	47.0919
MGG_06426T0	5808	5809	1345	13.5596
MGG_00318T0	3121	3122	2335	43.8007
MGG_12400T0	505	506	3	0.347214
MGG_07112T0	2770	2771	371	7.84087
MGG_16893T0	282	283	0	0
MGG_00747T0	1687	1688	1021.12	35.4266
MGG_15896T0	216	217	0	0
MGG_16150T0	225	226	31	8.03304
MGG_14575T0	2751	2752	931	19.812
MGG_15643T0	590	591	10	0.990921
MGG_11285T0	741	742	29	2.28887
MGG_06917T0	2296	2297	4542	115.801
MGG_15741T0	573	574	49	4.99932
MGG_17741T0	204	205	0	0
MGG_16014T0	765	766	47	3.59332
MGG_04439T0	1037	1038	2130	120.174
MGG_10961T0	4338	4339	69	0.931292
MGG_05276T0	1653	1654	989	35.0177
MGG_00771T0	4841	4842	631	7.63187
MGG_13736T0	816	817	1226	87.881
MGG_00333T0	2732	2733	2487.72	53.3075
MGG_02405T0	3317	3318	4549	80.2909
MGG_06903T0	1480	1481	833	32.9395
MGG_06017T0	1229	1230	1676.23	79.8094
MGG_07231T0	1501	1502	97.1136	3.78649
MGG_06618T0	2329	2330	7245.64	182.116
MGG_14881T0	1247	1248	6	0.281555
MGG_10333T1	1327	1328	533.656	23.5337
MGG_10333T0	1897	1898	361.344	11.1494
MGG_02099T0	3460	3461	3927	66.4486
MGG_17388T0	309	310	95	17.9469
MGG_09249T0	2591	2592	429	9.69279
MGG_00613T0	1615	1616	962	34.8626
MGG_02766T1	2215	2216	1219.95	32.2404
MGG_02766T0	1899	1900	265.047	8.16952
MGG_03101T0	2474	2475	1004	23.7566
MGG_04388T0	2542	2543	2430	55.9611
MGG_04843T0	3476	3477	1907	32.1198
MGG_02760T0	1109	1110	660	34.8215
MGG_12093T0	2147	2148	2855	77.8392
MGG_11468T0	1069	1070	146	7.9909
MGG_15106T0	450	451	2	0.259705
MGG_06351T0	3798	3799	1245.28	19.1965
MGG_09314T0	1438	1439	12	0.488368
MGG_17865T0	260	261	25591	5742.13
MGG_01434T0	2665	2666	2881	63.2863
MGG_01993T0	306	307	69	13.1625
MGG_14052T0	693	694	3861	325.812
MGG_07833T0	2837	2838	1407	29.0341
MGG_00126T0	3896	3897	133	1.9987
MGG_10585T0	1008	1009	68	3.94679
MGG_01337T0	2345	2346	163	4.06899
MGG_01704T0	1944	1945	1875	56.4558
MGG_08846T0	2137	2138	87.1226	2.38644
MGG_01152T0	806	807	510.275	37.0303
MGG_01865T0	2167	2168	770	20.7997
MGG_00305T0	597	598	2	0.195864
MGG_02634T0	3110	3111	4121	77.5763
MGG_15596T0	505	506	2	0.231476
MGG_17069T0	906	907	18	1.16223
MGG_00588T0	1549	1550	1480	55.9188
MGG_15649T0	459	460	23	2.92817
MGG_04644T0	2118	2119	431	11.9117
MGG_15332T0	276	277	3.00199	0.634683
MGG_06779T0	1071	1072	131	7.15654
MGG_16187T0	827	828	376	26.594
MGG_09737T0	1827	1828	475	15.2175
MGG_04514T0	1952	1953	900.01	26.9881
MGG_04824T0	559	560	449.366	46.9936
MGG_13012T0	1116	1117	1168	61.2373
MGG_13121T0	2184	2185	545	14.6074
MGG_00523T0	2583	2584	429	9.7228
MGG_04010T0	342	343	521	88.955
MGG_17772T0	510	511	0	0
MGG_01362T0	2280	2281	1093	28.0622
MGG_02398T0	4213	4214	20802	289.093
MGG_17207T0	288	289	0	0
MGG_10380T0	1869	1870	1965	61.5386
MGG_14098T0	2575	2576	23	0.522888
MGG_17507T0	814	815	15	1.07785
MGG_07006T0	1308	1309	965.09	43.1772
MGG_17919T0	198	199	8	2.35431
MGG_09957T0	309	310	17	3.21154
MGG_08941T0	799	800	3	0.219613
MGG_00758T0	2328	2329	1044.42	26.2624
MGG_16176T0	629	630	17.4025	1.6177
MGG_15027T0	2406	2407	379	9.22125
MGG_08426T0	1563	1564	240	8.98672
MGG_13001T0	1889	1890	995.017	30.8316
MGG_05212T0	3266	3267	702	12.5839
MGG_16296T0	171	172	5	1.70243
MGG_16262T0	201	202	11	3.1891
MGG_18024T0	471	472	0	0
MGG_09464T0	1593	1594	1181.55	43.4102
MGG_17858T0	1448	1449	130	5.25414
MGG_09268T0	1584	1585	305	11.2693
MGG_03449T0	2418	2419	3442	83.33
MGG_05025T0	2372	2373	4090	100.937
MGG_12612T0	1926	1927	36	1.09408
MGG_17012T0	2301	2302	0	0
MGG_14093T0	507	508	0	0
MGG_15645T2	1013	1014	1595.15	92.1277
MGG_15645T0	1025	1026	1328.72	75.8426
MGG_15645T1	1334	1335	213.129	9.34948
MGG_04077T0	3039	3040	0	0
MGG_17112T0	231	232	0	0
MGG_11397T0	537	538	217	23.6213
MGG_16486T0	7149	7150	11.1632	0.091434
MGG_03214T0	1544	1545	1111	42.1126
MGG_15750T0	1296	1297	38	1.71581
MGG_09162T0	2364	2365	173	4.28392
MGG_00835T0	1509	1510	3507	136.015
MGG_09404T0	2110	2111	3472.28	96.328
MGG_17058T0	1786	1787	1909	62.5616
MGG_07187T0	7035	7036	15912	132.442
MGG_04189T0	4376	4377	609	8.14831
MGG_15591T0	516	517	6	0.679653
MGG_05419T0	2902	2903	31	0.625376
MGG_05309T0	2725	2726	2440.42	52.4283
MGG_14230T0	1410	1411	901	37.3959
MGG_07018T0	874	875	1563	104.611
MGG_03844T0	1717	1718	76	2.5907
MGG_07716T0	1823	1824	4120	132.281
MGG_05322T0	2418	2419	683.767	16.5538
MGG_15376T0	441	442	0	0
MGG_00402T0	1186	1187	49	2.41753
MGG_00954T0	501	502	7	0.816622
MGG_03137T0	2830	2831	1243	25.7133
MGG_14548T0	1784	1785	75	2.46065
MGG_13360T0	1980	1981	74	2.18763
MGG_09282T0	3051	3052	419	8.04
MGG_09297T0	1719	1720	1211	41.2328
MGG_13872T0	486	487	0	0
MGG_06496T0	4369	4370	3923	52.5731
MGG_17270T0	743	744	69.1493	5.44304
MGG_14619T0	622	623	4	0.376009
MGG_08856T0	2130	2131	2554	70.1882
MGG_01678T0	793	794	2720.9	200.687
MGG_16078T0	741	742	1	0.0789265
MGG_14929T0	729	730	199	15.9646
MGG_15562T0	336	337	4	0.695115
MGG_15074T0	900	901	363	23.5944
MGG_11879T0	1517	1518	762.526	29.4178
MGG_06880T0	1681	1682	931.024	32.4162
MGG_02755T0	4513	4514	3245	42.0998
MGG_08642T0	3049	3050	329	6.31717
MGG_14901T0	2438	2439	529	12.702
MGG_16882T0	186	187	6	1.87904
MGG_09888T0	1864	1865	915	28.7322
MGG_11781T0	1545	1546	278	10.5308
MGG_08973T0	1672	1673	368.091	12.885
MGG_08973T1	1869	1870	40.9092	1.28117
MGG_10531T0	435	436	17	2.28344
MGG_16604T0	180	181	0	0
MGG_12868T0	1786	1787	4068.34	133.327
MGG_02908T0	2106	2107	5372	149.313
MGG_17138T0	324	325	30	5.40586
MGG_10346T0	786	787	86	6.39956
MGG_00409T0	734	735	14779	1177.56
MGG_11312T0	1548	1549	3160.56	119.492
MGG_16083T0	261	262	0	0
MGG_14958T0	351	352	0	0
MGG_07089T0	2323	2324	15991	402.964
MGG_12652T0	2990	2991	1760	34.4606
MGG_09379T0	357	358	0	0
MGG_06114T0	810	811	301	21.7356
MGG_04795T0	348	349	0	0
MGG_00923T0	2107	2108	4396	122.128
MGG_15323T0	3997	3998	1963	28.7544
MGG_18118T0	686	687	36	3.06883
MGG_06875T0	642	643	8153	742.563
MGG_12724T0	2466	2467	867	20.5815
MGG_01912T0	2605	2606	10	0.224725
MGG_14073T0	1791	1792	2	0.065361
MGG_00158T0	1455	1456	2	0.0804443
MGG_12628T0	1365	1366	2038	87.3736
MGG_00654T0	3455	3456	905	15.3356
MGG_00178T0	1137	1138	1072	55.167
MGG_05196T0	2730	2731	444	9.52112
MGG_00790T0	1452	1453	6267	252.593
MGG_10692T0	2314	2315	752	19.0236
MGG_16852T1	3096	3097	18.2277	0.344682
MGG_16852T0	2763	2764	405.772	8.59748
MGG_16163T0	177	178	0	0
MGG_04502T0	1446	1447	1279	51.7641
MGG_06858T0	1152	1153	3224	163.754
MGG_10142T0	3868	3869	1846	27.9421
MGG_07448T0	990	991	0	0
MGG_02855T0	1965	1966	684	20.3751
MGG_08261T0	3259	3260	1080	19.4014
MGG_15833T0	540	541	65	7.03627
MGG_15628T1	765	766	98.4502	7.52687
MGG_15628T0	781	782	1334.1	99.91
MGG_13744T0	1292	1293	1663	75.3217
MGG_03854T0	4287	4288	550.041	7.51219
MGG_15768T0	1411	1412	382	15.8437
MGG_08776T0	2671	2672	6479	142.003
MGG_16075T0	177	178	0	0
MGG_00082T0	3324	3325	631	11.1138
MGG_00933T0	2984	2985	119	2.33469
MGG_05390T0	1497	1498	15	0.586416
MGG_16710T0	1983	1984	37	1.09216
MGG_00664T0	2114	2115	841.023	23.2876
MGG_10668T0	2102	2103	1705	47.4801
MGG_08772T0	991	992	1923	113.526
MGG_02474T0	3909	3910	1463	21.9126
MGG_04815T0	923	924	61	3.8662
MGG_17297T0	369	370	0	0
MGG_17510T0	273	274	9	1.92362
MGG_15622T0	1890	1891	654.014	20.2545
MGG_00015T0	904	905	1	0.064711
MGG_13218T0	2497	2498	884.794	20.7432
MGG_11552T0	829	830	18	1.27005
MGG_07493T0	3547	3548	1608	26.5417
MGG_07477T0	2152	2153	309.366	8.41501
MGG_06500T0	3081	3082	1452	27.5906
MGG_14969T0	2883	2884	1160	23.5553
MGG_07137T0	1745	1746	11007.2	369.198
MGG_13907T0	1743	1744	2786	93.5538
MGG_09368T0	825	826	2134	151.301
MGG_16745T0	186	187	120	37.5808
MGG_10001T0	1632	1633	71	2.54624
MGG_14424T0	204	205	0	0
MGG_09054T0	921	922	53	3.36645
MGG_08501T0	1645	1646	92	3.27329
MGG_07025T0	2407	2408	5353	130.187
MGG_08935T0	4616	4617	1014	12.8619
MGG_06362T0	1188	1189	7386	363.793
MGG_01124T0	1282	1283	1417.26	64.692
MGG_17572T0	345	346	39	6.60108
MGG_13029T0	1205	1206	461	22.3862
MGG_07730T0	1080	1081	124	6.71773
MGG_07184T0	653	654	102	9.13375
MGG_16948T0	267	268	0	0
MGG_13985T0	450	451	62	8.05085
MGG_04673T0	1445	1446	2798	113.32
MGG_07572T0	1926	1927	0	0
MGG_11584T0	1590	1591	16	0.588947
MGG_06422T0	3330	3331	1211	21.291
MGG_05177T0	1543	1544	488	18.5097
MGG_01482T0	1791	1792	302	9.86951
MGG_16193T0	459	460	1074	136.733
MGG_05434T0	1779	1780	763	25.1033
MGG_02508T0	887	888	344	22.6867
MGG_15497T0	450	451	0	0
MGG_05448T0	2113	2114	762	21.1094
MGG_04873T0	603	604	2753.67	266.994
MGG_17319T0	555	556	17	1.79061
MGG_15141T0	697	698	49	4.11119
MGG_09168T0	732	733	0	0
MGG_14647T0	1863	1864	333	10.4622
MGG_08531T0	834	835	0	0
MGG_07270T0	2532	2533	6610	152.824
MGG_06905T0	5485	5486	4467	47.6855
MGG_00722T0	4877	4878	3497	41.9837
MGG_02188T0	1680	1681	5153	179.523
MGG_02849T0	1404	1405	565	23.5504
MGG_18110T0	816	817	8	0.573449
MGG_08384T0	1734	1735	72	2.4303
MGG_08335T0	1540	1541	1189	45.1862
MGG_04922T0	1960	1961	193	5.76377
MGG_02923T0	3501	3502	2174	36.3555
MGG_09275T0	5908	5909	44.9175	0.445173
MGG_09275T1	5269	5270	2528.08	28.0936
MGG_17855T0	669	670	0	0
MGG_09075T0	830	831	979	68.9935
MGG_08488T0	2708	2709	51.6826	1.11728
MGG_16714T0	541	542	23	2.48516
MGG_15899T0	189	190	1415	436.144
MGG_07491T0	966	967	144	8.72093
MGG_09866T0	2580	2581	1116	25.3223
MGG_08914T0	3863	3864	276.387	4.18897
MGG_16400T0	2184	2185	32.8187	0.879622
MGG_01768T0	3263	3264	2582	46.3268
MGG_11809T0	3137	3138	6356	118.62
MGG_07117T1	2901	2902	7877.18	158.964
MGG_07117T0	2986	2987	905.819	17.7596
MGG_06768T0	3441	3442	5574	94.8381
MGG_02954T0	3776	3777	3249	50.3767
MGG_07782T0	788	789	561	41.6402
MGG_17901T0	1526	1527	7382	283.114
MGG_03423T0	804	805	0	0
MGG_07881T0	1024	1025	18	1.02843
MGG_00655T0	2028	2029	356	10.2753
MGG_04384T0	360	361	4	0.648902
MGG_06215T0	2232	2233	934	24.4954
MGG_05208T0	1023	1024	1437	82.1833
MGG_17593T0	286	287	4	0.816215
MGG_18076T0	426	427	0	0
MGG_09741T0	645	646	9	0.815899
MGG_02303T0	1037	1038	2769.96	156.28
MGG_07625T0	804	805	0	0
MGG_01517T0	1203	1204	551.295	26.8154
MGG_03164T0	785	786	6149	458.151
MGG_01786T0	1316	1317	2222.26	98.8181
MGG_15042T0	4164	4165	986	13.864
MGG_08407T0	321	322	0	0
MGG_01608T0	1340	1341	681.687	29.7703
MGG_03368T0	982	983	22.6103	1.34703
MGG_07478T0	2855	2856	1061	21.7562
MGG_06234T0	995	996	36	2.11675
MGG_00387T0	1477	1478	274	10.8568
MGG_15174T0	342	343	458	78.1984
MGG_16983T0	327	328	722	128.911
MGG_10742T0	1738	1739	3574.9	120.39
MGG_05674T0	2836	2837	3003	61.9901
MGG_18027T0	582	583	0	0
MGG_16542T0	190	191	1	0.306615
MGG_01354T0	3728	3729	547.654	8.60084
MGG_06707T0	3032	3033	4181	80.7299
MGG_15993T0	183	184	0	0
MGG_07109T0	1504	1505	3385.34	131.732
MGG_15635T0	246	247	43	10.1953
MGG_01744T0	1060	1061	1852	102.224
MGG_15302T0	315	316	13337	2471.71
MGG_14918T0	186	187	127	39.773
MGG_16160T0	4261	4262	301	4.13599
MGG_15267T0	531	532	1218	134.079
MGG_17123T0	1922	1923	333	10.1413
MGG_16084T0	489	490	1	0.119517
MGG_11036T0	3404	3405	682	11.7299
MGG_14008T0	2072	2073	1206	34.0702
MGG_09388T0	2500	2501	28976	678.502
MGG_08655T0	1392	1393	2212	92.9952
MGG_17205T0	336	337	68	11.817
MGG_05671T0	2703	2704	4749	102.854
MGG_01098T0	774	775	689	52.0648
MGG_04490T0	1624	1625	1323	47.6797
MGG_04788T0	4014	4015	450	6.56377
MGG_10755T0	1002	1003	0	0
MGG_15331T0	2045	2046	24	0.686961
MGG_08002T0	2186	2187	482	12.907
MGG_04016T0	2007	2008	487	14.2034
MGG_02499T0	3084	3085	5121	97.2134
MGG_09441T0	1160	1161	40	2.01769
MGG_14906T0	3831	3832	1360	20.7845
MGG_12488T0	660	661	0	0
MGG_16258T0	246	247	0	0
MGG_15963T0	729	730	82.429	6.61278
MGG_15721T0	1759	1760	418	13.9088
MGG_02076T1	1382	1383	0	0
MGG_02076T0	1076	1077	1	0.0543765
MGG_02159T0	1377	1378	374	15.8946
MGG_04007T0	1959	1960	725	21.6625
MGG_06693T0	1135	1136	6074.07	313.133
MGG_12139T0	914	915	2496	159.753
MGG_17555T0	360	361	0	0
MGG_08853T0	1579	1580	813	30.1342
MGG_09901T0	2767	2768	1651	34.9307
MGG_17157T0	1139	1140	17	0.873315
MGG_03679T0	1280	1281	795.77	36.3802
MGG_15414T0	855	856	0	0
MGG_15588T0	237	238	36	8.85834
MGG_13438T0	2593	2594	4030.81	91.0017
MGG_00256T0	2003	2004	14777	431.832
MGG_03577T0	1090	1091	17792	955.051
MGG_06295T0	871	872	1644	110.411
MGG_07034T0	1046	1047	1322	73.9454
MGG_16553T0	542	543	68	7.33391
MGG_08577T0	2341	2342	2320	58.0133
MGG_05423T0	2177	2178	16	0.430218
MGG_17208T0	153	154	0	0
MGG_05281T0	2047	2048	731.997	20.9318
MGG_05281T1	1760	1761	2212	73.5619
MGG_09507T0	3739	3740	2688	42.0905
MGG_03911T0	2035	2036	1653	47.5468
MGG_16963T0	342	343	0	0
MGG_13464T0	2376	2377	600	14.7825
MGG_06150T0	2723	2724	372.271	8.00348
MGG_09215T0	6275	6276	456	4.25509
MGG_04009T0	2343	2344	392	9.79389
MGG_17822T0	1795	1796	436.323	14.2275
MGG_11604T0	2153	2154	139	3.77916
MGG_16214T0	171	172	93	31.6651
MGG_11701T0	4509	4510	723.711	9.39756
MGG_02450T0	2279	2280	3487	89.5661
MGG_13240T0	468	469	9	1.12382
MGG_12109T0	2322	2323	1423	35.8742
MGG_17128T0	219	220	86	22.893
MGG_14852T0	4449	4450	3521.34	46.3419
MGG_09085T0	1464	1465	4837	193.359
MGG_11243T0	2241	2242	1925	50.2831
MGG_06936T0	1239	1240	6383	301.46
MGG_01295T0	1331	1332	3334	146.584
MGG_09583T0	312	313	0	0
MGG_04134T0	1965	1966	345.563	10.2937
MGG_06024T0	6440	6441	285	2.5913
MGG_06400T0	3280	3281	3952	70.5403
MGG_15994T0	2252	2253	21	0.545864
MGG_15820T0	222	223	8	2.10093
MGG_11691T0	1137	1138	109	5.60933
MGG_10310T0	1067	1068	533	29.2269
MGG_14297T0	1437	1438	9322	379.644
MGG_15915T0	1731	1732	168	5.68052
MGG_16092T0	366	367	9.32537	1.48808
MGG_14734T0	448	449	0	0
MGG_09739T0	897	898	4	0.260862
MGG_05806T0	2831	2832	467	9.65718
MGG_03002T0	3611	3612	5875	95.2548
MGG_00606T0	2660	2661	564	12.4125
MGG_02071T1	2033	2034	85.3789	2.45825
MGG_02071T0	2217	2218	69.4792	1.83451
MGG_15675T0	1137	1138	917	47.1904
MGG_16235T0	159	160	2	0.732043
MGG_11667T0	672	673	1328.26	115.584
MGG_01547T0	1057	1058	9162.09	507.149
MGG_08558T0	2837	2838	1132	23.3593
MGG_00316T0	2956	2957	941	18.6365
MGG_07460T0	1131	1132	11490	594.429
MGG_17927T0	240	241	933	226.721
MGG_02717T0	1652	1653	88.0404	3.11915
MGG_08547T0	4068	4069	1296	18.6528
MGG_03893T0	2745	2746	974	20.7723
MGG_06892T0	2598	2599	1672	37.6753
MGG_06010T0	603	604	149	14.4469
MGG_17813T0	2610	2611	841	18.8632
MGG_13573T0	2573	2574	195	4.43662
MGG_13079T0	2393	2394	482	11.791
MGG_01653T0	1367	1368	2679	114.687
MGG_07442T0	1879	1880	1898	59.1242
MGG_09466T0	2371	2372	1577.98	38.9596
MGG_09333T0	1228	1229	41	1.9537
MGG_01978T0	3044	3045	4007	77.0653
MGG_04316T0	1617	1618	11	0.398145
MGG_17933T0	2974	2975	67.7989	1.33463
MGG_05825T0	2032	2033	52	1.49793
MGG_00100T0	1229	1230	276	13.1411
MGG_00563T0	1050	1051	169	9.41696
MGG_01076T0	3116	3117	1418	26.642
MGG_08072T0	5253	5254	6011	67.0013
MGG_07275T0	3981	3982	2386	35.091
MGG_04585T0	2930	2931	328.892	6.57149
MGG_15603T0	162	163	5	1.79642
MGG_14851T0	503	504	69	8.01761
MGG_13163T0	4001	4002	4559.41	66.7204
MGG_00295T0	2743	2744	522.472	11.1508
MGG_01158T0	5790	5791	636.166	6.43345
MGG_17162T0	591	592	7	0.692473
MGG_04083T0	1038	1039	1659.54	93.5405
MGG_10341T0	762	763	887	68.081
MGG_03557T0	2652	2653	1364	30.1095
MGG_00546T0	321	322	7574	1377.51
MGG_01641T0	2497	2498	5926	138.93
MGG_03735T0	1845	1846	1097	34.8018
MGG_12773T0	1482	1483	338	13.3476
MGG_14943T0	11919	11920	36	0.176869
MGG_01501T0	1456	1457	217.447	8.74017
MGG_17782T0	198	199	0	0
MGG_12789T0	1566	1567	552	20.6299
MGG_16500T0	1034	1035	1096.72	62.0558
MGG_11784T0	3609	3610	4553	73.8613
MGG_04462T0	2505	2506	5399.35	126.179
MGG_14701T0	1287	1288	391	17.7782
MGG_11422T0	501	502	166	19.3656
MGG_03822T0	1718	1719	4	0.136273
MGG_15283T0	1101	1102	39	2.07257
MGG_08694T0	1590	1591	238	8.76059
MGG_09844T0	564	565	0	0
MGG_06952T0	675	676	4065	352.16
MGG_07205T0	4463	4464	1438.99	18.8782
MGG_09225T0	1252	1253	37	1.72933
MGG_17649T0	585	586	1	0.0999376
MGG_16991T0	204	205	0	0
MGG_17712T0	2186	2187	2076.97	55.6171
MGG_15953T0	570	571	72	7.38453
MGG_07475T1	1060	1061	152.895	8.43924
MGG_07475T0	1338	1339	574.397	25.1222
MGG_01210T0	1609	1610	1943	70.6763
MGG_14785T0	1565	1566	442	16.5294
MGG_01896T0	1658	1659	4	0.141202
MGG_13773T0	2249	2250	12288	319.835
MGG_05814T0	2046	2047	1656	47.3772
MGG_10910T0	1421	1422	13	0.53539
MGG_00151T0	4608	4609	540	6.86141
MGG_00861T0	4105	4106	664	9.47056
MGG_08523T0	1998	1999	2134	62.5185
MGG_16888T0	387	388	18	2.71686
MGG_05959T0	2932	2933	757	15.1151
MGG_14114T0	786	787	20	1.48827
MGG_16832T0	545	546	32	3.43229
MGG_11100T0	2828	2829	1239	25.6487
MGG_15545T0	450	451	4	0.51941
MGG_15836T0	461	462	5	0.633804
MGG_07639T0	4137	4138	220	3.11357
MGG_03632T0	1858	1859	710	22.3669
MGG_13934T0	1303	1304	48	2.15571
MGG_10924T0	2604	2605	783.057	17.604
MGG_00574T0	1512	1513	15	0.580603
MGG_16855T0	1419	1420	302.496	12.4755
MGG_03199T0	1619	1620	825.947	29.8582
MGG_01230T0	2107	2108	947	26.3091
MGG_15587T0	429	430	0	0
MGG_07392T0	934	935	1868	117.002
MGG_03791T0	531	532	0	0
MGG_04948T0	1217	1218	246.405	11.8475
MGG_10160T0	1607	1608	1148	41.8102
MGG_17305T0	306	307	46	8.77498
MGG_14367T0	1631	1632	144	5.16736
MGG_09908T0	814	815	1236.81	88.8734
MGG_05378T0	2213	2214	1334	35.2862
MGG_13325T0	638	639	41	3.75759
MGG_15134T0	1350	1351	72	3.12107
MGG_01160T0	779	780	11786	884.909
MGG_01721T0	2446	2447	4663	111.598
MGG_15143T0	324	325	133	23.966
MGG_15826T0	339	340	21	3.61715
MGG_02877T0	856	857	2563	175.144
MGG_08585T0	2223	2224	542	14.2722
MGG_17386T0	402	403	6	0.871912
MGG_10116T0	2287	2288	293	7.4996
MGG_01191T0	2799	2800	5943	124.301
MGG_14792T0	1662	1663	226	7.95871
MGG_06981T0	3521	3522	272.441	4.53011
MGG_06981T2	3278	3279	1302.16	23.2567
MGG_06981T1	3381	3382	99.4038	1.7213
MGG_13107T0	1397	1398	1495	62.6269
MGG_06507T0	3007	3008	1159	22.5648
MGG_08726T0	645	646	0	0
MGG_16383T0	770	771	2576.45	195.701
MGG_09476T0	737	738	729	57.8493
MGG_02982T0	1975	1976	231	6.84623
MGG_16107T0	638	639	786	72.0358
MGG_06117T0	3760	3761	3748.68	58.3716
MGG_06223T0	942	943	382	23.7235
MGG_01623T0	3243	3244	603	10.8859
MGG_01850T0	1933	1934	438	13.2631
MGG_06799T0	2969	2970	1077.92	21.2548
MGG_00319T0	2041	2042	462	13.2499
MGG_04886T0	4987	4988	443	5.2012
MGG_01239T0	1319	1320	272.042	12.0695
MGG_14162T0	2769	2770	826.066	17.4647
MGG_17392T0	291	292	119	23.8666
MGG_07452T0	1038	1039	105	5.91835
MGG_02512T0	999	1000	941.578	55.1421
MGG_09639T0	7496	7497	367	2.86685
MGG_02090T0	462	463	60	7.58922
MGG_03957T0	1888	1889	895	27.7471
MGG_05741T0	663	664	1043	91.9905
MGG_05110T0	1220	1221	1714	82.2095
MGG_16141T0	958	959	43	2.62589
MGG_06966T0	3516	3517	1823.87	30.3702
MGG_03559T0	2408	2409	2452	59.6088
MGG_15613T0	213	214	0	0
MGG_10678T0	1809	1810	566	18.3132
MGG_04652T0	6738	6739	2877	25.0018
MGG_03931T0	4227	4228	4548.56	63.0037
MGG_07305T0	1823	1824	218	6.99936
MGG_01734T0	3921	3922	1600	23.8913
MGG_09462T0	954	955	806	49.4263
MGG_00829T0	912	913	875	56.126
MGG_10829T0	2883	2884	1105.15	22.4415
MGG_00659T0	2314	2315	4289	108.5
MGG_14673T0	388	389	330	49.6811
MGG_06224T0	405	406	41	5.91404
MGG_10344T0	1473	1474	102	4.05256
MGG_07542T0	663	664	3355	295.904
MGG_03820T0	1590	1591	4	0.147237
MGG_16362T0	195	196	0	0
MGG_00517T0	1672	1673	1487.6	52.0736
MGG_15163T0	2882	2883	323.586	6.57312
MGG_04289T0	1563	1564	1	0.0374447
MGG_05856T0	4920	4921	1668	19.8504
MGG_09031T0	750	751	787	61.3708
MGG_02647T0	618	619	50975	4822.73
MGG_14802T0	366	367	180	28.7232
MGG_14719T0	1329	1330	0	0
MGG_09492T0	1276	1277	811	37.1926
MGG_04341T0	444	445	64	8.42261
MGG_02123T0	2716	2717	952	20.5198
MGG_18119T0	279	280	0	0
MGG_17835T0	880	881	92	6.11559
MGG_15413T0	1205	1206	0	0
MGG_00748T0	4412	4413	2026.88	26.8981
MGG_17417T0	186	187	3	0.939521
MGG_08782T0	660	661	1255	111.191
MGG_14251T0	2064	2065	5.00199	0.141856
MGG_05319T0	3427	3428	2783	47.5444
MGG_12830T0	2536	2537	1540	35.549
MGG_07655T0	1728	1729	6657	225.481
MGG_17343T0	292	293	0	0
MGG_05721T0	1911	1912	187.106	5.73095
MGG_06888T0	1700	1701	291	10.0188
MGG_00593T0	3045	3046	145	2.78782
MGG_09383T1	2815	2816	0	0
MGG_09383T0	3129	3130	3	0.0561311
MGG_06685T0	704	705	3484.89	289.486
MGG_08117T0	2552	2553	933	21.4022
MGG_17951T0	180	181	9	2.91199
MGG_00460T0	1665	1666	1336	46.9632
MGG_06137T0	1904	1905	1385.53	42.594
MGG_10579T0	5049	5050	1498	17.3719
MGG_09776T0	2748	2749	756	16.1055
MGG_09477T0	900	901	3435	223.269
MGG_15900T0	996	997	35	2.05589
MGG_04855T0	5941	5942	2473	24.3735
MGG_05571T1	1670	1671	1580.79	55.4018
MGG_05571T0	1994	1995	505.211	14.8305
MGG_03153T0	771	772	1183	89.7417
MGG_04682T0	2261	2262	0	0
MGG_16701T0	444	445	41	5.39573
MGG_09581T0	405	406	0	0
MGG_08500T0	1557	1558	815	30.6349
MGG_00941T0	1372	1373	111	4.73455
MGG_00623T0	2996	2997	4367.69	85.3476
MGG_09657T0	330	331	0	0
MGG_09994T0	1768	1769	173	5.72723
MGG_04243T0	1254	1255	1759.35	82.0984
MGG_15236T0	417	418	7	0.980728
MGG_11638T0	7997	7998	267.105	1.95581
MGG_13793T0	3514	3515	3265	54.3982
MGG_15343T0	930	931	17	1.06936
MGG_09452T0	330	331	0	0
MGG_03984T0	1454	1455	1836.2	73.9069
MGG_09326T0	897	898	14.5971	0.951957
MGG_04939T0	1430	1431	71	2.90566
MGG_13198T0	1037	1038	37	2.08752
MGG_07830T0	1517	1518	111	4.28231
MGG_05630T0	3421	3422	1837	31.4381
MGG_03257T0	2947	2948	57.3817	1.13991
MGG_03659T0	1654	1655	392	13.8712
MGG_16543T0	486	487	228	27.4178
MGG_09934T0	1902	1903	46.8093	1.44052
MGG_06367T0	1650	1651	2432	86.2667
MGG_07680T0	729	730	3	0.240672
MGG_09814T0	2451	2452	192	4.58572
MGG_17010T0	222	223	7	1.83831
MGG_01920T0	2447	2448	233	5.57405
MGG_01084T0	1011	1012	11864	686.558
MGG_02754T0	3581	3582	476	7.7823
MGG_03860T0	2162	2163	3645	98.6888
MGG_14477T0	1653	1654	0	0
MGG_01134T0	2510	2511	4578	106.772
MGG_16531T0	1705	1706	750	25.7459
MGG_06887T0	1974	1975	1138	33.7444
MGG_06677T0	1731	1732	1534.28	51.878
MGG_15071T0	1236	1237	73	3.45605
MGG_02349T0	988	989	0	0
MGG_17429T0	2244	2245	273	7.12152
MGG_05875T0	723	724	17	1.37511
MGG_00879T0	2775	2776	569	12.0038
MGG_07605T0	1162	1163	61	3.07169
MGG_10198T0	1568	1569	1132	42.2523
MGG_17780T0	384	385	0	0
MGG_15324T0	2989	2990	105.63	2.06892
MGG_11536T0	2370	2371	3057	75.5076
MGG_00043T0	396	397	0	0
MGG_02651T0	845	846	3892	269.42
MGG_11577T0	1381	1382	1232	52.2071
MGG_07384T0	2135	2136	2001	54.8621
MGG_13809T0	3240	3241	289	5.2221
MGG_15843T0	377	378	25	3.87324
MGG_07652T0	954	955	2213	135.708
MGG_17582T0	213	214	7	1.91563
MGG_01931T0	2322	2323	272	6.85719
MGG_07566T0	1053	1054	0	0
MGG_02471T0	2312	2313	7722	195.515
MGG_05714T0	5262	5263	930	10.3485
MGG_05349T0	1456	1457	1041	41.8425
MGG_03537T0	4554	4555	9301.62	119.59
MGG_16190T0	1018	1019	1760	101.15
MGG_00741T0	1266	1267	694	32.0782
MGG_17441T0	1076	1077	13	0.706894
MGG_08887T0	5213	5214	1897	21.307
MGG_15990T0	1753	1754	2011.35	67.1559
MGG_18000T0	192	193	2	0.606875
MGG_08078T0	1003	1004	6957.85	405.853
MGG_07960T0	1203	1204	0	0
MGG_00720T0	3443	3444	1275.57	21.6904
MGG_16548T0	452	453	9.91717	1.28208
MGG_09150T1	1904	1905	27	0.830033
MGG_09150T0	1949	1950	5.61496e-06	1.68631e-07
MGG_02745T0	489	490	574	68.6029
MGG_17464T0	359	360	5	0.813381
MGG_03785T0	732	733	0	0
MGG_02988T0	1718	1719	67	2.28258
MGG_17934T0	180	181	0	0
MGG_10315T0	849	850	102527	7063.92
MGG_13208T0	1202	1203	332	16.1621
MGG_17574T0	303	304	12	2.31172
MGG_04390T0	3204	3205	437.081	7.98658
MGG_06069T0	2100	2101	9793	272.971
MGG_08727T0	927	928	0	0
MGG_01471T0	1300	1301	1726	77.6945
MGG_02529T0	1870	1871	53	1.65893
MGG_02833T0	4561	4562	2197	28.2034
MGG_09924T0	2674	2675	929	20.3385
MGG_01290T0	2391	2392	3568	87.3555
MGG_16472T0	3318	3319	5813	102.57
MGG_06456T0	1050	1051	588	32.7643
MGG_01904T0	456	457	0	0
MGG_07088T0	1060	1061	2556	141.082
MGG_06110T0	1890	1891	408.511	12.6514
MGG_11862T0	2389	2390	5402	132.368
MGG_05788T0	1351	1352	125	5.41452
MGG_09819T0	894	895	0	0
MGG_00756T0	2440	2441	321	7.7013
MGG_01689T0	1409	1410	6026	250.286
MGG_14848T0	693	694	1071	90.3767
MGG_14115T0	2338	2339	463	11.5925
MGG_08664T0	471	472	3	0.372225
MGG_05969T0	3756	3757	1063.14	16.572
MGG_02122T0	2114	2115	648	17.9428
MGG_07300T0	2038	2039	542	15.5671
MGG_14939T0	843	844	5645.57	391.735
MGG_02304T0	1065	1066	625	34.336
MGG_03536T0	2383	2384	1209.78	29.7186
MGG_00383T0	2082	2083	6600	185.559
MGG_14688T0	1753	1754	483.804	16.1535
MGG_10725T0	567	568	0	0
MGG_01699T0	3585	3586	1085	17.7193
MGG_01767T0	1762	1763	533	17.7052
MGG_02874T0	5132	5133	1603	18.289
MGG_11764T0	3857	3858	4003.73	60.7756
MGG_11764T1	4018	4019	9582.27	139.629
MGG_02790T0	1907	1908	1580	48.4959
MGG_03755T0	1772	1773	29	0.957891
MGG_15593T0	162	163	0	0
MGG_12862T0	3539	3540	1093	18.0819
MGG_16161T0	3614	3615	1320	21.3842
MGG_08329T0	2163	2164	312	8.44353
MGG_00365T0	2129	2130	5739	157.791
MGG_00287T0	1258	1259	475	22.095
MGG_02583T0	2521	2522	74	1.71836
MGG_07692T0	747	748	0	0
MGG_07257T0	1407	1408	250	10.3983
MGG_04742T0	1183	1184	75	3.70968
MGG_14798T0	828	829	4675	330.258
MGG_10565T0	1622	1623	1512	54.5582
MGG_00707T0	1628	1629	736	26.4596
MGG_05962T0	997	998	942	55.2773
MGG_01765T0	1312	1313	1333.4	59.4732
MGG_15880T0	204	205	0	0
MGG_17943T0	201	202	0	0
MGG_02283T0	456	457	0	0
MGG_04857T0	1875	1876	326	10.1768
MGG_06168T0	2675	2676	1288	28.1875
MGG_11012T0	570	571	0	0
MGG_09400T0	1530	1531	663	25.3609
MGG_03522T0	1730	1731	1153	39.0085
MGG_01836T0	3885	3886	3829	57.7044
MGG_04162T0	1504	1505	112	4.35821
MGG_11440T0	2579	2580	1605	36.4319
MGG_10150T0	2195	2196	2498	66.6173
MGG_02741T0	2703	2704	2915	63.1333
MGG_10757T0	1116	1117	0	0
MGG_00566T0	1092	1093	31	1.66099
MGG_10442T0	1284	1285	8	0.364597
MGG_10573T0	1473	1474	13	0.516503
MGG_04908T0	2679	2680	516	11.2756
MGG_00922T0	1712	1713	17033	582.318
MGG_16504T0	168	169	107	37.0786
MGG_00202T0	1703	1704	460	15.8094
MGG_03266T0	1357	1358	1159.08	49.985
MGG_00116T0	1448	1449	168	6.78996
MGG_04121T0	1746	1747	2197	73.6485
MGG_09550T0	1391	1392	1012	42.5763
MGG_08732T0	3002	3003	1665	32.4702
MGG_06938T0	1588	1589	429.436	15.8271
MGG_01136T0	1097	1098	665	35.4688
MGG_17442T0	2106	2107	1478	41.0806
MGG_11274T0	1735	1736	475	16.024
MGG_15082T0	1318	1319	17	0.754798
MGG_13919T0	2649	2650	29	0.640883
MGG_04571T0	2749	2750	41	0.873128
MGG_07033T0	3529	3530	5349	88.741
MGG_17278T0	1929	1930	961.868	29.1867
MGG_02021T0	903	904	0	0
MGG_06419T0	2406	2407	8608	209.437
MGG_01208T0	1090	1091	2030	108.968
MGG_17993T0	300	301	0	0
MGG_00177T0	1427	1428	1256	51.5096
MGG_13065T0	3625	3626	2432	39.2792
MGG_17629T0	366	367	22	3.51062
MGG_07953T0	3288	3289	28	0.498564
MGG_03907T0	2152	2153	1523	41.4269
MGG_04927T0	2629	2630	1381.93	30.772
MGG_17889T0	1080	1081	863	46.7532
MGG_08827T0	3375	3376	1080	18.7348
MGG_17921T0	441	442	24	3.17992
MGG_08970T0	4906	4907	774	9.23744
MGG_05295T0	2706	2707	2031	43.9388
MGG_17105T0	228	229	40	10.2294
MGG_06497T0	4145	4146	1481	20.9196
MGG_05766T0	864	865	205	13.8792
MGG_11067T0	819	820	0	0
MGG_05499T0	1511	1512	55	2.13028
MGG_14990T0	1067	1068	90	4.93512
MGG_07016T0	1394	1395	1573	66.0361
MGG_08621T0	762	763	218.223	16.7495
MGG_02709T0	947	948	359	22.1775
MGG_04590T0	2954	2955	53	1.05038
MGG_07628T0	2509	2510	5628	131.313
MGG_02623T0	1059	1060	1230	67.9557
MGG_04929T0	2250	2251	4268	111.039
MGG_18017T0	2121	2122	2749	75.8675
MGG_12982T0	837	838	4	0.279539
MGG_02340T0	1218	1219	141	6.77395
MGG_04569T0	1805	1806	3554	115.246
MGG_16955T0	261	262	0	0
MGG_13763T0	1484	1485	548	21.6113
MGG_17887T0	549	550	269	28.6428
MGG_10574T0	525	526	89	9.90902
MGG_17143T0	195	196	5	1.49397
MGG_01125T0	2627	2628	4214	93.9065
MGG_15385T0	402	403	14	2.03446
MGG_06942T0	462	463	54	6.83029
MGG_17603T0	480	481	15	1.8263
MGG_15767T0	642	643	705	64.2103
MGG_17606T0	738	739	23	1.82268
MGG_06673T0	6852	6853	1313	11.2205
MGG_05677T0	1269	1270	1377	63.4975
MGG_15023T0	3583	3584	1329	21.7162
MGG_07816T0	1389	1390	18	0.758376
MGG_05257T0	3771	3772	5302	82.318
MGG_02409T0	1865	1866	4813	151.054
MGG_15668T0	2949	2950	1560	30.9691
MGG_09016T0	3006	3007	285	5.55058
MGG_00823T0	426	427	0	0
MGG_05727T0	4863	4864	2764	33.2791
MGG_16089T0	252	253	0	0
MGG_01231T0	1189	1190	421	20.7187
MGG_13781T0	2010	2011	5560	161.916
MGG_08954T0	2513	2514	0	0
MGG_08954T1	2426	2427	42	1.01346
MGG_03061T0	2337	2338	621	15.5551
MGG_04171T0	2257	2258	128	3.31981
MGG_16512T0	369	370	177	28.0155
MGG_03974T0	1765	1766	588	19.499
MGG_07306T0	2259	2260	2583	66.9334
MGG_04968T0	2189	2190	879	23.5056
MGG_01129T0	2252	2253	1409	36.6249
MGG_07145T0	3417	3418	3316	56.8158
MGG_08944T0	488	489	5	0.598808
MGG_00494T0	3293	3294	1914	34.0287
MGG_03341T0	3189	3190	28	0.514037
MGG_11632T0	1791	1792	37	1.20918
MGG_04985T0	4280	4281	3085	42.2023
MGG_16829T0	659	660	22	1.95211
MGG_16055T0	665	666	227	19.9608
MGG_07851T0	1672	1673	0	0
MGG_03071T0	1936	1937	1058.98	32.0174
MGG_06984T0	3932	3933	1059	15.7688
MGG_02969T0	441	442	358	47.4337
MGG_06464T0	1401	1402	2	0.0835427
MGG_03113T0	727	728	31	2.49377
MGG_11457T0	1927	1928	3147.62	95.6097
MGG_11457T1	1075	1076	185.379	10.0896
MGG_00104T0	889	890	1620.99	106.663
MGG_09233T0	1575	1576	258	9.58716
MGG_01150T0	4411	4412	3446	45.7411
MGG_07098T0	3908	3909	787.565	11.7991
MGG_10592T0	1290	1291	591	26.8094
MGG_02860T0	954	955	296	18.1516
MGG_18128T0	279	280	419	87.636
MGG_00481T0	1813	1814	1429.91	46.1635
MGG_03333T0	2167	2168	3844	103.837
MGG_05414T0	477	478	12	1.47021
MGG_01603T0	1753	1754	316	10.5508
MGG_03358T0	2730	2731	43	0.92209
MGG_07344T0	783	784	1463	109.284
MGG_00917T0	1495	1496	978	38.2855
MGG_04191T0	2787	2788	6143	129.037
MGG_17670T0	297	298	3	0.589565
MGG_15926T0	432	433	0	0
MGG_09001T0	360	361	98	15.8981
MGG_13331T0	1074	1075	4	0.217911
MGG_05626T0	4952	4953	10136	119.846
MGG_14597T0	2307	2308	1494	37.9089
MGG_11009T0	1047	1048	16473	920.53
MGG_11553T0	2814	2815	617	12.8361
MGG_08262T0	3199	3200	1555	28.4582
MGG_04988T0	4220	4221	1238	17.1764
MGG_16620T0	579	580	2	0.201943
MGG_03920T0	1742	1743	2635	88.534
MGG_13279T0	4408	4409	1662.79	22.0864
MGG_14183T0	888	889	19	1.25164
MGG_17792T0	458	459	0	0
MGG_16994T0	252	253	0	0
MGG_00979T0	2841	2842	1926	39.688
MGG_07985T0	3654	3655	6.28007	0.100625
MGG_15637T0	893	894	906	59.3495
MGG_01960T0	1806	1807	0	0
MGG_17480T0	669	670	22	1.92298
MGG_08783T0	2527	2528	417.267	9.66636
MGG_07847T0	618	619	0	0
MGG_10127T0	4000	4001	1835.49	26.8665
MGG_07586T0	501	502	0	0
MGG_14648T0	327	328	4	0.714188
MGG_08092T0	4846	4847	1894	22.8841
MGG_15541T0	231	232	0	0
MGG_06468T0	1158	1159	1411	71.2968
MGG_02738T0	884	885	1028.79	68.0787
MGG_18066T0	516	517	0	0
MGG_05705T0	723	724	1	0.0808887
MGG_17880T0	391	392	0	0
MGG_00388T0	4022	4023	202	2.94055
MGG_07350T0	609	610	0	0
MGG_02079T0	756	757	0	0
MGG_10557T0	597	598	0	0
MGG_00822T0	912	913	23	1.47531
MGG_09863T0	1701	1702	26516	912.379
MGG_16574T0	1458	1459	1	0.0401394
MGG_05483T0	1574	1575	4439	165.056
MGG_00687T0	2441	2442	1567	37.5794
MGG_00962T0	651	652	2	0.179642
MGG_00692T0	3976	3977	2462	36.2543
MGG_10837T0	3490	3491	3380.4	56.7081
MGG_10485T0	2489	2490	182	4.28054
MGG_10658T0	1784	1785	142	4.65883
MGG_09899T0	1582	1583	436.262	16.1396
MGG_06004T0	1270	1271	3669.78	169.091
MGG_05702T0	1375	1376	2511.31	106.883
MGG_18061T0	321	322	0	0
MGG_00736T0	5640	5641	485	5.03515
MGG_03430T0	1452	1453	0	0
MGG_04965T0	2816	2817	785	16.3196
MGG_08829T0	2921	2922	6375	127.769
MGG_00905T0	1811	1812	2370.76	76.6225
MGG_03680T0	1178	1179	8951	444.615
MGG_10106T0	1496	1497	16	0.625929
MGG_15954T0	2104	2105	1034	28.767
MGG_16933T0	150	151	0	0
MGG_04761T0	1745	1746	1794	60.1734
MGG_08567T0	267	268	2	0.437041
MGG_16185T0	443	444	77	10.1563
MGG_00042T0	1839	1840	4	0.127312
MGG_02509T0	1242	1243	84.3216	3.97278
MGG_10781T0	588	589	0	0
MGG_10801T0	1221	1222	15	0.718864
MGG_10288T0	2076	2077	69	1.94554
MGG_02382T0	630	631	0	0
MGG_03628T0	2182	2183	1209	32.4339
MGG_02781T0	4800	4801	1412	17.2238
MGG_09733T0	969	970	363	21.916
MGG_06586T0	1494	1495	2752.59	107.827
MGG_07900T0	426	427	5	0.685755
MGG_04305T0	1143	1144	0	0
MGG_03139T0	2525	2526	1184	27.4502
MGG_02485T0	2423	2424	994	24.0149
MGG_14843T0	1554	1555	168	6.32711
MGG_16008T0	543	544	0	0
MGG_11062T0	2425	2426	443	10.694
MGG_05870T0	762	763	222	17.0394
MGG_17153T0	1981	1982	419	12.3805
MGG_06619T0	1620	1621	153.362	5.54066
MGG_08818T0	369	370	0	0
MGG_14763T0	3105	3106	1781	33.5807
MGG_10639T0	2626	2627	505	11.2579
MGG_03904T0	907	908	1045	67.3996
MGG_07328T0	858	859	1045	71.2442
MGG_00583T0	3876	3877	7121	107.565
MGG_02484T0	1747	1748	530.642	17.7782
MGG_03827T0	1044	1045	33	1.84937
MGG_16912T0	657	658	1	0.0890022
MGG_00085T0	2167	2168	2509	67.7748
MGG_17370T0	249	250	7	1.63978
MGG_16764T0	879	880	355	23.625
MGG_08441T0	639	640	21	1.92161
MGG_02526T0	4460	4461	3982	52.2752
MGG_02255T0	645	646	13	1.17852
MGG_05264T0	3116	3117	4728	88.8316
MGG_01104T0	1163	1164	1099	55.2932
MGG_15368T0	2121	2122	747.11	20.6189
MGG_01684T0	1936	1937	438.607	13.2609
MGG_09371T0	2116	2117	2902	80.2792
MGG_03965T0	548	549	3365	358.954
MGG_06393T0	3957	3958	1859	27.5062
MGG_00391T0	1087	1088	194	10.4424
MGG_06672T0	1913	1914	1849	56.5746
MGG_03258T0	1107	1108	98	5.1798
MGG_09299T0	4087	4088	551.44	7.89976
MGG_08028T0	735	736	64	5.09247
MGG_02055T0	2161	2162	181	4.90286
MGG_02105T0	1375	1376	1751	74.5237
MGG_03072T0	698	699	182.016	15.2496
MGG_17962T0	2256	2257	3722.21	96.5821
MGG_11119T0	3765	3766	369	5.73816
MGG_15552T0	174	175	7	2.34254
MGG_09214T0	4516	4517	1994	25.8524
MGG_01174T0	2279	2280	1887	48.469
MGG_16516T0	367	368	11	1.75054
MGG_05168T0	1840	1841	1272.75	40.4869
MGG_04165T0	4682	4683	2029	25.3737
MGG_15059T0	228	229	0	0
MGG_11443T0	3310	3311	789.161	13.9583
MGG_11430T0	4516	4517	1471	19.0717
MGG_00880T0	1874	1875	297.715	9.29879
MGG_06358T0	3076	3077	2875	54.7189
MGG_07560T0	1463	1464	103	4.12024
MGG_01255T0	1541	1542	13183	500.676
MGG_05676T0	1983	1984	3102	91.5644
MGG_17476T0	759	760	410	31.5934
MGG_05348T0	1496	1497	2091.15	81.8068
MGG_15594T0	321	322	46	8.36621
MGG_17576T0	261	262	0	0
MGG_16044T0	1239	1240	46	2.17251
MGG_09285T0	2116	2117	2992	82.7689
MGG_03224T0	1280	1281	1515	69.2612
MGG_15107T0	552	553	9	0.953112
MGG_10487T0	1741	1742	238	8.00121
MGG_00871T0	3103	3104	7271.11	137.185
MGG_09238T0	1720	1721	2550	86.7733
MGG_07065T0	3350	3351	752	13.1423
MGG_06039T0	5249	5250	1573.7	17.5545
MGG_08355T0	461	462	3	0.380282
MGG_00936T0	321	322	3	0.545622
MGG_09811T0	2906	2907	624	12.5709
MGG_01655T0	3409	3410	3610	61.9983
MGG_04484T0	1106	1107	7633.91	403.856
MGG_16375T0	1287	1288	331	15.0501
MGG_15504T0	258	259	16	3.61782
MGG_01974T0	1394	1395	243	10.2014
MGG_17021T0	339	340	0	0
MGG_16064T0	675	676	565.052	48.9517
MGG_05340T0	2549	2550	571.214	13.1185
MGG_05763T0	650	651	203	18.2617
MGG_08239T0	1236	1237	0	0
MGG_07811T0	507	508	0	0
MGG_17182T0	183	184	0	0
MGG_17794T0	883	884	143	9.4735
MGG_02951T0	1636	1637	434	15.5263
MGG_04361T0	1323	1324	224	9.90802
MGG_03438T0	2139	2140	597	16.3376
MGG_04804T0	2745	2746	1517.97	32.3734
MGG_10140T0	1411	1412	1622.31	67.2863
MGG_08770T0	1679	1680	110	3.83451
MGG_04039T0	813	814	22919.1	1648.92
MGG_07899T0	153	154	0	0
MGG_14988T0	2436	2437	8	0.192248
MGG_15800T0	939	940	318.712	19.8563
MGG_13764T0	1890	1891	1051	32.549
MGG_07303T0	1048	1049	0	0
MGG_15067T0	3162	3163	82	1.51824
MGG_09114T0	1713	1714	809	27.6417
MGG_03325T0	1459	1460	26	1.04291
MGG_03016T0	1044	1045	307	17.2048
MGG_03196T0	3674	3675	4286	68.3001
MGG_01806T0	1503	1504	42.0497	1.63735
MGG_12994T0	795	796	1299	95.5702
MGG_11877T0	1275	1276	1017	46.6764
MGG_10507T0	3267	3268	1430	25.626
MGG_09022T0	1595	1596	124	4.55004
MGG_02985T0	1902	1903	784	24.127
MGG_17045T0	228	229	0	0
MGG_16015T0	1002	1003	28	1.63487
MGG_07665T0	1652	1653	121	4.28686
MGG_06470T0	3141	3142	1586	29.5613
MGG_05266T0	2586	2587	4773	108.049
MGG_09895T0	1791	1792	519	16.9612
MGG_05481T0	2172	2173	1112	29.969
MGG_17691T0	168	169	1	0.346529
MGG_07853T0	1713	1714	0	0
MGG_12415T0	783	784	7	0.522888
MGG_03690T0	2624	2625	14258	318.094
MGG_01240T0	2628	2629	12417	276.599
MGG_17232T0	300	301	0	0
MGG_08469T0	557	558	0	0
MGG_05327T0	766	767	661	50.4699
MGG_03109T1	3058	3059	1211.32	23.1903
MGG_03109T0	3130	3131	1971.68	36.879
MGG_03633T0	3683	3684	516	8.2027
MGG_08652T0	984	985	2597.93	154.461
MGG_07413T0	537	538	0	0
MGG_16503T0	631	632	27	2.50192
MGG_14203T0	1818	1819	2082	67.0308
MGG_05167T0	1451	1452	808	32.589
MGG_16635T0	776	777	19	1.43205
MGG_17453T0	2115	2116	563	15.5819
MGG_02100T0	879	880	5	0.332747
MGG_11390T0	1847	1848	485.99	15.4011
MGG_09571T0	2583	2584	4272	96.8201
MGG_08940T0	873	874	0	0
MGG_06269T0	1115	1116	9215	483.568
MGG_15031T0	474	475	0	0
MGG_14348T0	2667	2668	747	16.3969
MGG_00078T0	1285	1286	103	4.69054
MGG_15698T0	153	154	6	2.28169
MGG_06204T0	2600	2601	1108	24.9474
MGG_02915T0	1548	1549	42	1.5879
MGG_00660T0	4098	4099	3303.74	47.2014
MGG_01486T0	4020	4021	178	2.59246
MGG_16798T0	204	205	6	1.71405
MGG_12536T0	1842	1843	762	24.2134
MGG_09894T0	618	619	6691	633.034
MGG_14295T0	1224	1225	0	0
MGG_04534T0	4234	4235	104	1.43816
MGG_17888T0	760	761	1835	141.214
MGG_09505T0	3358	3359	3006	52.409
MGG_00348T0	2387	2388	1889	46.3259
MGG_10661T0	1436	1437	356	14.5084
MGG_08681T0	1689	1690	417.346	14.4623
MGG_07268T0	2152	2153	3542	96.3454
MGG_15425T0	465	466	11	1.3824
MGG_13245T0	1347	1348	573	24.8938
MGG_10817T0	1291	1292	2	0.0906555
MGG_18020T0	408	409	0	0
MGG_12899T0	4241	4242	1262.95	17.4359
MGG_17617T0	1949	1950	5582	167.642
MGG_12491T0	345	346	3	0.507776
MGG_17097T0	1951	1952	193	5.79034
MGG_04619T0	1352	1353	886.254	38.3608
MGG_08730T0	2583	2584	262	5.93793
MGG_04116T0	5004	5005	1816.9	21.2596
MGG_15402T0	3363	3364	568.606	9.89878
MGG_14754T0	2498	2499	262	6.13991
MGG_00909T0	3238	3239	598	10.8123
MGG_09915T0	4034	4035	914	13.2657
MGG_17539T0	2338	2339	521	13.0447
MGG_17816T0	1795	1796	655	21.3581
MGG_17765T0	1218	1219	0	0
MGG_07051T0	3406	3407	899	15.453
MGG_04237T0	1609	1610	1364	49.6152
MGG_01574T0	1661	1662	1298	45.7373
MGG_15937T0	660	661	11	0.974581
MGG_01941T0	2222	2223	63	1.65969
MGG_14195T0	417	418	0	0
MGG_17397T0	372	373	47	7.37931
MGG_09932T0	2199	2200	2403	63.9673
MGG_00171T0	2063	2064	1449	41.1136
MGG_04405T0	3507	3508	2553	42.6204
MGG_10469T0	2655	2656	100	2.20495
MGG_08193T0	687	688	10	0.851213
MGG_18026T0	195	196	4	1.19517
MGG_06460T0	1287	1288	1826.36	83.0419
MGG_02297T0	2106	2107	1308	36.3555
MGG_04953T0	294	295	1376	273.164
MGG_16205T0	462	463	1	0.126487
MGG_02395T0	6972	6973	1338	11.2373
MGG_05022T0	966	967	98	5.93508
MGG_15334T0	4053	4054	0	0
MGG_06851T0	1680	1681	469	16.3392
MGG_14129T0	945	946	4042	250.226
MGG_04567T0	3156	3157	1147	21.2772
MGG_08998T0	639	640	642	58.7465
MGG_06668T0	1571	1572	5293	197.186
MGG_04883T0	938	939	972	60.6216
MGG_07984T0	453	454	0	0
MGG_02625T0	477	478	21645	2651.9
MGG_17831T0	165	166	2	0.705584
MGG_11148T0	1659	1660	1585	55.9175
MGG_04073T0	2096	2097	314	8.76916
MGG_13063T0	1880	1881	196	6.10231
MGG_08639T0	1263	1264	974.277	45.14
MGG_00077T0	1959	1960	2445	73.0549
MGG_02867T0	3127	3128	1285.53	24.0681
MGG_17215T0	1626	1627	3	0.107984
MGG_09321T0	1731	1732	959.797	32.4532
MGG_02610T0	1044	1045	3049	170.871
MGG_11155T0	558	559	909	95.2311
MGG_14721T0	515	516	7	0.794465
MGG_08566T0	1146	1147	118	6.02484
MGG_17550T0	228	229	0	0
MGG_12396T0	2020	2021	3776	109.419
MGG_00570T0	1029	1030	74	4.20747
MGG_04457T0	879	880	1030	68.5459
MGG_03443T0	2478	2479	5	0.118119
MGG_10496T0	1091	1092	879	47.1404
MGG_01082T0	2545	2546	352.397	8.10588
MGG_01082T1	1829	1830	1989.6	63.6711
MGG_10456T0	1144	1145	287	14.6792
MGG_17210T0	2820	2821	707.293	14.6833
MGG_16105T1	457	458	20	2.55736
MGG_16105T0	480	481	0	0
MGG_07602T0	1190	1191	320	15.7349
MGG_01028T0	1590	1591	1477	54.3672
MGG_11241T0	2630	2631	3837	85.4078
MGG_02911T0	1707	1708	714.139	24.4862
MGG_04469T0	2851	2852	2844.61	58.4117
MGG_15678T0	282	283	0	0
MGG_06529T0	3246	3247	314.034	5.66398
MGG_06529T1	3339	3340	5203.97	91.2462
MGG_00982T0	3671	3672	2805	44.736
MGG_00169T0	1550	1551	440	16.6137
MGG_00534T0	1702	1703	1189	40.8878
MGG_04271T0	489	490	0	0
MGG_11370T0	1982	1983	29033	857.424
MGG_04118T0	6363	6364	2384	21.9383
MGG_06097T0	1347	1348	923.668	40.1285
MGG_14813T0	3082	3083	1728	32.8244
MGG_17326T0	156	157	0	0
MGG_18094T0	234	235	0	0
MGG_00953T0	1619	1620	1027.64	37.1493
MGG_01557T0	1185	1186	2289.45	113.051
MGG_07794T0	2857	2858	113	2.31549
MGG_01866T0	1676	1677	102	3.562
MGG_02996T0	2258	2259	784	20.3248
MGG_18050T0	339	340	4	0.688982
MGG_05303T0	3288	3289	849	15.1172
MGG_07319T0	4211	4212	3653	50.7911
MGG_14886T0	2185	2186	3285	88.0059
MGG_00270T0	1342	1343	3477.42	151.638
MGG_17719T0	605	606	22.0317	2.12913
MGG_10008T0	1092	1093	13	0.696546
MGG_05639T0	2844	2845	18.1983	0.374606
MGG_05639T1	2375	2376	31.8017	0.783846
MGG_11342T0	3085	3086	1589	30.1547
MGG_05956T0	2160	2161	2635	71.4089
MGG_04625T0	4550	4551	1544	19.8686
MGG_07887T0	2183	2184	6	0.160889
MGG_13027T0	339	340	0	0
MGG_09210T0	2579	2580	2775	62.9898
MGG_01530T0	1761	1762	32	1.06358
MGG_02537T0	2972	2973	467	9.19917
MGG_11454T0	3029	3030	28831	557.242
MGG_10164T0	2876	2877	749	15.2464
MGG_05109T0	1164	1165	1989	99.9851
MGG_17249T0	438	439	0	0
MGG_17565T0	345	346	0	0
MGG_03151T0	1321	1322	1842	81.599
MGG_10572T0	1381	1382	627	26.5697
MGG_09796T0	2659	2660	578	12.7254
MGG_01980T0	1071	1072	19	1.03797
MGG_10012T0	1443	1444	0	0
MGG_16997T0	3805	3806	1109.49	17.0718
MGG_09757T0	3135	3136	261.835	4.88966
MGG_03379T0	2169	2170	212	5.72141
MGG_15227T0	183	184	314	99.9398
MGG_10153T0	2632	2633	6524	145.107
MGG_05734T0	1768	1769	3501.56	115.921
MGG_03869T0	2115	2116	635	17.5746
MGG_02632T0	2113	2114	3213.93	89.0344
MGG_02632T1	2101	2102	4393.07	122.395
MGG_01504T0	1248	1249	1309	61.3767
MGG_03567T0	2613	2614	459.536	10.2953
MGG_01157T0	7372	7373	1228.05	9.75434
MGG_06098T0	2636	2637	1671	37.1102
MGG_15526T0	174	175	4	1.33859
MGG_04941T0	1070	1071	6288	343.835
MGG_03773T0	1180	1181	1122	55.6378
MGG_04573T0	675	676	8	0.693059
MGG_15049T0	1938	1939	154	4.65125
MGG_02569T0	5475	5476	1003	10.7267
MGG_04838T0	3379	3380	61	1.05691
MGG_03246T0	1121	1122	224.382	11.7118
MGG_06134T0	2826	2827	995	20.6122
MGG_15677T0	981	982	213	12.7027
MGG_15081T0	2676	2677	136	2.97521
MGG_08463T0	3276	3277	758	13.5463
MGG_00703T0	969	970	6289	379.696
MGG_14574T0	2485	2486	2106	49.6117
MGG_03118T0	3566	3567	549.514	9.02199
MGG_01629T0	1752	1753	416.803	13.9244
MGG_10773T0	845	846	77	5.33024
MGG_12974T0	566	567	462	47.7184
MGG_04145T0	3927	3928	593	8.84117
MGG_03023T0	1532	1533	487	18.6043
MGG_03448T0	2060	2061	881	25.0337
MGG_15548T0	387	388	0	0
MGG_09134T0	933	934	212	13.2928
MGG_08741T0	1248	1249	2802	131.381
MGG_01512T0	2272	2273	271	6.98227
MGG_04520T0	3211	3212	776	14.1486
MGG_17166T0	1048	1049	22	1.22821
MGG_06848T0	3632	3633	2926	47.1667
MGG_05008T0	1832	1833	173	5.52726
MGG_12471T0	1559	1560	3	0.112622
MGG_18123T0	153	154	0	0
MGG_03219T0	2190	2191	1420	37.9553
MGG_10486T0	2732	2733	484	10.3713
MGG_04998T0	1301	1302	399.38	17.964
MGG_12930T0	658	659	68	6.04297
MGG_02813T0	1957	1958	10691	319.766
MGG_07362T0	860	861	4	0.272072
MGG_15200T0	321	322	0	0
MGG_06158T0	2175	2176	1680	45.2144
MGG_17803T0	1441	1442	432	17.5447
MGG_07986T0	342	343	81	13.8299
MGG_00446T0	1056	1057	1321	73.1905
MGG_05016T0	300	301	14	2.72388
MGG_17677T0	2475	2476	112.16	2.65286
MGG_17001T0	2405	2406	3023	73.5816
MGG_17506T0	806	807	252	18.2875
MGG_07724T0	2564	2565	18	0.410972
MGG_07170T0	2119	2120	446	12.3204
MGG_09848T0	555	556	191	20.118
MGG_00395T0	1740	1741	22	0.740032
MGG_17607T0	598	599	0	0
MGG_05625T0	2333	2334	276.482	6.93734
MGG_05625T1	2090	2091	1477.52	41.3814
MGG_06382T0	954	955	34	2.08498
MGG_00175T0	1996	1997	13253	388.654
MGG_15604T0	407	408	4	0.574151
MGG_02690T0	3639	3640	4126	66.3826
MGG_02947T0	1578	1579	756	28.0392
MGG_12737T0	2226	2227	78	2.05117
MGG_01495T0	499	500	31	3.63093
MGG_06703T0	1452	1453	3156	127.203
MGG_07127T0	3343	3344	1355.07	23.7313
MGG_12814T0	3182	3183	6602	121.469
MGG_01425T0	1815	1816	8406	271.082
MGG_10313T0	528	529	158	17.4915
MGG_08485T0	354	355	0	0
MGG_06442T0	2333	2334	161	4.03972
MGG_09256T0	2191	2192	485	12.9577
MGG_01403T0	852	853	45	3.08951
MGG_03982T0	1762	1763	23553.5	782.403
MGG_08197T0	1381	1382	0	0
MGG_08056T0	2752	2753	299	6.36051
MGG_01680T0	1882	1883	407	12.6582
MGG_07197T0	2748	2749	9203	196.057
MGG_03336T0	860	861	202	13.7396
MGG_09693T0	309	310	172	32.4933
MGG_08795T0	3567	3568	3702	60.7629
MGG_16530T0	897	898	20	1.30431
MGG_03102T0	5571	5572	1794.34	18.859
MGG_05000T0	1260	1261	0	0
MGG_09749T0	2015	2016	1764	51.243
MGG_15156T0	8640	8641	3780	25.6185
MGG_06337T0	4187	4188	44	0.61528
MGG_01182T0	1331	1332	127	5.58375
MGG_00878T0	1099	1100	5457	290.528
MGG_13691T0	2013	2014	0	0
MGG_03279T0	2771	2772	369	7.79578
MGG_15117T0	309	310	30	5.66743
MGG_11271T0	1343	1344	20	0.87148
MGG_16048T0	186	187	0	0
MGG_14896T0	354	355	0	0
MGG_11467T0	1306	1307	296	13.263
MGG_00859T0	3164	3165	4921	91.0555
MGG_07676T0	894	895	1223	80.0258
MGG_07312T0	4955	4956	2799	33.0749
MGG_14905T0	1170	1171	268	13.4031
MGG_06660T0	1569	1570	6414.31	239.264
MGG_02169T0	1653	1654	2858	101.194
MGG_02635T0	672	673	11	0.957203
MGG_09732T0	2237	2238	595	15.5698
MGG_01450T0	930	931	2051.63	129.055
MGG_11888T0	5050	5051	1523	17.6583
MGG_04103T0	1473	1474	445.185	17.6876
MGG_02067T0	857	858	3	0.204767
MGG_04982T0	6626	6627	4190	37.0274
MGG_15983T0	657	658	2	0.178004
MGG_17345T0	303	304	279	53.7474
MGG_09217T0	1987	1988	1274.43	37.5427
MGG_08537T1	1015	1016	2	0.115282
MGG_08537T0	1126	1127	0	0
MGG_03823T0	1631	1632	68	2.44014
MGG_09907T0	3433	3434	1229.19	20.9626
MGG_09357T0	1413	1414	0	0
MGG_12880T0	2955	2956	15	0.297176
MGG_10524T0	940	941	2524	157.082
MGG_17842T1	1737	1738	953.287	32.1219
MGG_17842T0	1721	1722	157.581	5.35917
MGG_17842T2	1668	1669	417.545	14.6512
MGG_16110T0	189	190	0	0
MGG_12350T0	764	765	6	0.459321
MGG_17301T0	249	250	0	0
MGG_10080T0	744	745	1.04322	0.0820065
MGG_00653T0	1077	1078	17	0.923542
MGG_12798T0	2549	2550	290	6.66016
MGG_03813T0	1203	1204	0	0
MGG_09898T0	8078	8079	1156	8.37967
MGG_16432T0	2183	2184	239	6.40873
MGG_15847T0	548	549	0	0
MGG_07433T0	1389	1390	667	28.102
MGG_06305T0	2939	2940	526	10.4777
MGG_05292T0	1410	1411	1551.38	64.3897
MGG_05864T0	2871	2872	2676	54.5668
MGG_02584T0	654	655	0	0
MGG_04323T0	1115	1116	241	12.6468
MGG_17640T0	354	355	2	0.329935
MGG_17722T0	4577	4578	246	3.14692
MGG_09337T0	2598	2599	34205	770.744
MGG_16904T0	4433	4434	5846	77.2129
MGG_07394T0	936	937	1233	77.0637
MGG_02434T0	1258	1259	1454.12	67.6395
MGG_07807T0	654	655	8	0.715279
MGG_06081T1	3580	3581	1021.36	16.7032
MGG_06081T0	1861	1862	252.643	7.94611
MGG_14358T0	1782	1783	88.9428	2.92137
MGG_15996T0	647	648	0	0
MGG_03697T0	999	1000	777	45.5038
MGG_17809T0	317	318	9	1.65746
MGG_12290T0	782	783	2	0.149587
MGG_07183T0	2463	2464	1576	37.4578
MGG_07488T0	1741	1742	98	3.29461
MGG_00886T0	3255	3256	683	12.2847
MGG_13677T0	1404	1405	0	0
MGG_04483T0	2260	2261	2554	66.1526
MGG_14658T0	1269	1270	972	44.8218
MGG_15875T0	165	166	1	0.352792
MGG_02226T0	4050	4051	447.036	6.4626
MGG_02447T0	5670	5671	602	6.21675
MGG_04944T0	1571	1572	25467	948.75
MGG_09920T0	3248	3249	1655	29.8315
MGG_07654T0	1818	1819	408	13.1357
MGG_09226T0	2028	2029	70	2.02042
MGG_04234T0	1867	1868	20	0.627018
MGG_14833T0	1062	1063	5.05637	0.278569
MGG_03566T0	554	555	31	3.27111
MGG_07253T0	459	460	102	12.9858
MGG_02436T0	963	964	99	6.0143
MGG_17868T0	195	196	5	1.49397
MGG_03546T0	2464	2465	615	14.6112
MGG_03899T0	4860	4861	966	11.638
MGG_13127T0	952	953	199	12.2289
MGG_16183T0	2868	2869	415	8.47119
MGG_06271T0	3113	3114	231.422	4.35224
MGG_09410T0	1465	1466	391	15.6196
MGG_05184T0	2172	2173	729	19.6469
MGG_16918T0	267	268	1.17982	0.257815
MGG_01188T0	1009	1010	2	0.115967
MGG_00359T0	1390	1391	948	39.9124
MGG_16696T0	714	715	0	0
MGG_12136T0	1254	1255	411	19.1789
MGG_09399T0	336	337	0	0
MGG_04078T0	2857	2858	764	15.6552
MGG_07883T0	901	902	75	4.86947
MGG_14398T0	384	385	0	0
MGG_06188T0	2778	2779	1115.55	23.5087
MGG_00505T0	1916	1917	15145	462.673
MGG_04428T0	3343	3344	5024	87.9853
MGG_12102T0	1392	1393	144	6.05394
MGG_07388T0	2376	2377	32	0.788401
MGG_02089T0	2303	2304	10.6737	0.271305
MGG_17444T0	156	157	1	0.373016
MGG_04575T0	4451	4452	3084	40.5682
MGG_04677T0	1938	1939	4700	141.954
MGG_08869T0	1950	1951	356.234	10.6931
MGG_06141T0	1952	1953	1999	59.9428
MGG_17331T0	174	175	101	33.7995
MGG_09692T0	2560	2561	986	22.5473
MGG_09026T0	3440	3441	1661	28.2691
MGG_05808T0	2146	2147	39	1.0638
MGG_05680T0	1255	1256	155	7.22718
MGG_01421T0	2774	2775	2389	50.4173
MGG_00712T0	1311	1312	1885	84.1403
MGG_17826T0	162	163	0	0
MGG_05981T0	741	742	1050	82.8728
MGG_04960T0	1099	1100	326	17.3561
MGG_02811T0	1218	1219	1999	96.0364
MGG_05926T0	2139	2140	276	7.55304
MGG_05433T0	2145	2146	697	19.0208
MGG_16111T0	162	163	3	1.07785
MGG_17666T0	1357	1358	26.0491	1.12336
MGG_07003T0	5024	5025	1748	20.3719
MGG_01988T0	2210	2211	1973	52.2595
MGG_17668T0	3161	3162	431.267	7.98751
MGG_09565T0	2488	2489	8210.17	193.176
MGG_09259T0	5766	5767	3866	39.2589
MGG_01910T0	875	876	0	0
MGG_06341T0	4700	4701	2696	33.5858
MGG_12644T0	6384	6385	2536	23.2603
MGG_16047T0	876	877	64.4443	4.3034
MGG_05749T0	726	727	47	3.78608
MGG_01376T0	4500	4501	125.028	1.62676
MGG_01376T1	4320	4321	1459.97	19.7873
MGG_03232T0	4405	4406	978	12.9993
MGG_10605T0	2091	2092	729	20.4076
MGG_07636T0	2615	2616	616	13.7902
MGG_08127T0	1815	1816	13	0.419232
MGG_06075T0	1117	1118	1200.31	62.8751
MGG_06075T1	1191	1192	10.6892	0.525167
MGG_11716T0	1236	1237	629	29.7788
MGG_15119T0	186	187	8	2.50539
MGG_03560T0	2999	3000	505	9.85818
MGG_13584T0	2202	2203	326	8.66622
MGG_17121T0	216	217	0	0
MGG_08101T0	3513	3514	2472	41.1977
MGG_02366T0	4777	4778	840	10.2958
MGG_06844T0	903	904	128461	8322.03
MGG_16399T0	763	764	455.238	34.8957
MGG_02393T0	1327	1328	11930	526.101
MGG_03200T0	3422	3423	1018.05	17.4177
MGG_15021T0	1458	1459	183	7.34552
MGG_11458T0	1209	1210	782	37.8484
MGG_03306T0	783	784	21	1.56866
MGG_03621T0	1651	1652	1164	41.2638
MGG_16137T0	366	367	4	0.638294
MGG_02696T0	1427	1428	14200	582.354
MGG_13219T0	3495	3496	8254	138.267
MGG_09602T0	3081	3082	972	18.4697
MGG_00688T0	3536	3537	209	3.46049
MGG_14620T0	3777	3778	1066	16.5243
MGG_15369T0	915	916	3	0.191802
MGG_05280T0	3543	3544	18722	309.375
MGG_16318T0	881	882	165	10.9557
MGG_15484T0	318	319	0	0
MGG_01675T0	1389	1390	2475.63	104.303
MGG_00632T0	2798	2799	1248	26.1119
MGG_14904T0	1533	1534	468	17.8668
MGG_07973T0	798	799	455	33.3496
MGG_17050T0	309	310	0	0
MGG_03939T0	3768	3769	257.402	3.99956
MGG_00482T0	884	885	645.089	42.6877
MGG_03662T0	2397	2398	852	20.8074
MGG_08574T0	2517	2518	4521	105.149
MGG_17776T0	1233	1234	0	0
MGG_01146T0	896	897	18	1.17519
MGG_05035T0	2053	2054	615.523	17.5497
MGG_08386T0	1305	1306	24	1.0762
MGG_17805T0	261	262	6	1.34115
MGG_03488T0	2107	2108	259	7.19541
MGG_13796T0	850	851	234	16.1032
MGG_12819T0	3325	3326	30	0.528233
MGG_08636T0	2834	2835	2140	44.2066
MGG_09927T0	1665	1666	12190	428.504
MGG_05810T0	2687	2688	533	11.6125
MGG_07607T0	792	793	3.15258	0.23282
MGG_09011T0	1912	1913	789	24.154
MGG_10780T0	444	445	0	0
MGG_09252T0	570	571	29	2.97433
MGG_06298T0	1645	1646	2357	83.8603
MGG_11166T0	327	328	9	1.60692
MGG_03973T0	2078	2079	697	19.6338
MGG_15859T0	228	229	28	7.1606
MGG_12918T0	2441	2442	4302.24	103.175
MGG_16031T0	201	202	0	0
MGG_06849T0	1826	1827	1047	33.561
MGG_10689T0	1790	1791	838	27.4015
MGG_17155T0	431	432	0	0
MGG_09950T0	3840	3841	513	7.82167
MGG_07714T0	3463	3464	343	5.79886
MGG_08295T0	2760	2761	1702	36.101
MGG_13774T0	1020	1021	169	9.69366
MGG_00099T0	1793	1794	176	5.74535
MGG_06440T0	3682	3683	3386	53.8408
MGG_02524T0	1084	1085	1060	57.2141
MGG_16289T0	177	178	3	0.987024
MGG_09556T0	1222	1223	872	41.7558
MGG_06524T0	4071	4072	3436.55	49.4245
MGG_13514T0	1848	1849	2063	65.3415
MGG_17248T0	309	310	0	0
MGG_04049T0	1948	1949	230	6.91103
MGG_09219T0	1654	1655	708	25.0531
MGG_07759T0	438	439	4	0.533608
MGG_12671T0	1223	1224	3242.18	155.125
MGG_01628T0	1558	1559	1381	51.8769
MGG_12989T0	1694	1695	186	6.42643
MGG_09064T0	537	538	0	0
MGG_00397T0	2084	2085	564	15.8416
MGG_16886T0	1714	1715	578	19.7374
MGG_12632T0	1767	1768	1279	42.3658
MGG_02168T0	1212	1213	912	44.0312
MGG_01299T0	8864	8865	1884	12.446
MGG_01189T0	1425	1426	1136	46.6536
MGG_01068T0	4629	4630	852.521	10.7833
MGG_18052T0	448	449	15	1.95646
MGG_10086T0	387	388	0	0
MGG_06348T0	990	991	372	21.9835
MGG_09548T0	672	673	382.409	33.2766
MGG_04052T0	3146	3147	2690	50.059
MGG_16534T0	1302	1303	0	0
MGG_00265T0	1481	1482	71	2.80567
MGG_03186T0	2929	2930	2064	41.2543
MGG_03193T0	1179	1180	9384	465.728
MGG_13508T0	2921	2922	2257	45.2354
MGG_08766T0	1363	1364	10	0.429351
MGG_17101T0	300	301	10	1.94563
MGG_12750T0	5639	5640	499.134	5.1828
MGG_13471T0	2869	2870	6901.88	140.836
MGG_06937T0	2275	2276	937	24.1098
MGG_18022T0	375	376	3	0.467262
MGG_16517T0	623	624	71	6.66347
MGG_11003T0	255	256	2	0.457527
MGG_12317T0	864	865	2	0.135407
MGG_01925T0	3731	3732	2986	46.857
MGG_00242T0	1029	1030	0	0
MGG_04595T0	752	753	1344.41	104.56
MGG_04595T1	850	851	464.588	31.9716
MGG_11897T0	450	451	2651	344.239
MGG_09783T0	1213	1214	2825.52	136.303
MGG_06199T0	1997	1998	372	10.9037
MGG_05995T0	1048	1049	506	28.2489
MGG_07218T0	2277	2278	951	24.4486
MGG_02337T0	1451	1452	189	7.62293
MGG_05085T0	2439	2440	2425	58.2034
MGG_05480T0	1660	1661	4781	168.568
MGG_17410T0	768	769	20	1.52311
MGG_06522T0	2126	2127	1139	31.3605
MGG_05001T0	1416	1417	172	7.10862
MGG_08817T0	725	726	4564	368.159
MGG_07929T0	360	361	14040	2277.65
MGG_01291T0	2949	2950	1526	30.2942
MGG_03332T0	2741	2742	13486	288.033
MGG_12721T0	3522	3523	105	1.74543
MGG_17402T0	552	553	32	3.38884
MGG_05119T0	744	745	19	1.49356
MGG_17644T0	1332	1333	227	9.97292
MGG_07574T0	774	775	128	9.67241
MGG_02406T0	2598	2599	992	22.3528
MGG_01651T0	793	794	5969.55	440.299
MGG_09612T0	2004	2005	1387	40.5125
MGG_16858T0	864	865	22	1.48947
MGG_15641T0	207	208	0	0
MGG_01886T0	852	853	379	26.0206
MGG_11267T0	2800	2801	6442	134.69
MGG_12937T0	300	301	27	5.2532
MGG_08527T0	1425	1426	149	6.11918
MGG_05192T0	342	343	43	7.34177
MGG_01281T0	1734	1735	945	31.8977
MGG_04028T0	270	271	1010.7	218.414
MGG_14637T0	2006	2007	1792	52.2898
MGG_10556T0	252	253	0	0
MGG_02411T0	1491	1492	38.0366	1.493
MGG_05371T0	2989	2990	464	9.08811
MGG_07966T0	2143	2144	25	0.682876
MGG_04296T0	1050	1051	35	1.95026
MGG_16039T0	845	846	1251.55	86.6369
MGG_09244T0	3453	3454	3828	64.9047
MGG_06757T0	978	979	1211	72.4416
MGG_13334T0	2626	2627	19	0.423565
MGG_02783T0	1660	1661	52	1.83341
MGG_05300T0	2379	2380	252.66	6.21707
MGG_08062T0	1159	1160	4713	237.939
MGG_04477T0	4700	4701	1703	21.2154
MGG_11004T0	324	325	0	0
MGG_16545T0	189	190	0	0
MGG_00222T0	2652	2653	544.123	12.0112
MGG_16244T0	201	202	13	3.76893
MGG_03098T0	984	985	345	20.5121
MGG_05153T0	3834	3835	2349	35.8711
MGG_09322T0	2670	2671	6900.2	151.292
MGG_15538T0	468	469	6	0.749213
MGG_10205T0	1269	1270	8	0.368904
MGG_17303T0	225	226	0	0
MGG_06407T0	876	877	835.587	55.798
MGG_15764T0	189	190	17	5.23989
MGG_07471T0	1185	1186	2441	120.534
MGG_17114T0	210	211	59	16.3756
MGG_06908T0	2205	2206	173.859	4.6155
MGG_08736T0	1632	1633	344	12.3367
MGG_01287T0	2621	2622	1141	25.4847
MGG_04085T0	2374	2375	2017.4	49.7456
MGG_01237T0	3231	3232	4021	72.86
MGG_05199T0	2671	2672	2320	50.8485
MGG_01676T0	1598	1599	951.374	34.8441
MGG_02779T0	3745	3746	15150	236.849
MGG_07852T0	525	526	0	0
MGG_01585T0	1017	1018	2022.79	116.367
MGG_08442T0	525	526	2	0.222675
MGG_16687T0	291	292	0	0
MGG_12441T0	1767	1768	49	1.62308
MGG_09196T0	1158	1159	33	1.66747
MGG_03288T0	2416	2417	6908	167.38
MGG_17022T0	417	418	0	0
MGG_10237T0	774	775	27	2.04027
MGG_15520T0	1566	1567	3	0.112119
MGG_14219T0	3147	3148	2791.54	51.9321
MGG_09254T0	1673	1674	486.656	17.0253
MGG_10503T0	1904	1905	7338	225.585
MGG_14687T0	381	382	0	0
MGG_07974T0	1869	1870	1279	40.0549
MGG_04089T0	2060	2061	873.385	24.8173
MGG_11387T0	4500	4501	626	8.14502
MGG_10392T0	1605	1606	7	0.255258
MGG_02942T0	1959	1960	945	28.2359
MGG_16793T0	2012	2013	748	21.7613
MGG_15841T0	342	343	1	0.170739
MGG_15423T0	2217	2218	1332	35.1698
MGG_10515T0	1379	1380	237	10.0576
MGG_11785T0	1035	1036	8257	466.755
MGG_00742T1	1150	1151	6263.17	318.673
MGG_00742T0	1222	1223	1021.83	48.9304
MGG_09205T0	2797	2798	2510	52.5355
MGG_00819T0	4650	4651	2553.52	32.1528
MGG_08597T0	1986	1987	9200	271.154
MGG_05376T0	4280	4281	3191	43.6524
MGG_12630T0	2726	2727	1095	23.5156
MGG_01813T0	4588	4589	766	9.77546
MGG_10203T0	1469	1470	785.776	31.3046
MGG_15196T0	792	793	0	0
MGG_14803T0	1425	1426	292.197	12
MGG_17788T0	366	367	0	0
MGG_09781T0	813	814	738	53.0956
MGG_01591T0	2319	2320	1530	38.6216
MGG_16936T0	735	736	4	0.31828
MGG_11574T0	1197	1198	526	25.7132
MGG_03377T0	1324	1325	576	25.4585
MGG_12130T0	3842	3843	2264.04	34.5017
MGG_12130T1	3318	3319	5765.96	101.74
MGG_02049T0	2139	2140	185	5.06273
MGG_05173T0	911	912	1305	83.7997
MGG_05804T0	3070	3071	474	9.0391
MGG_14708T0	414	415	0	0
MGG_03504T0	1507	1508	969	37.6313
MGG_07856T0	1774	1775	9	0.296941
MGG_07023T0	948	949	123	7.59042
MGG_01175T0	4369	4370	394	5.28009
MGG_03602T0	1879	1880	21.5422	0.671057
MGG_07624T0	555	556	0	0
MGG_17391T0	408	409	8	1.1455
MGG_06727T0	1142	1143	1535	78.6482
MGG_14996T0	648	649	57	5.14348
MGG_08454T0	1759	1760	107	3.56039
MGG_15646T0	237	238	501	123.279
MGG_06147T0	3019	3020	4559	88.4075
MGG_04366T0	4862	4863	6777	81.6131
MGG_11599T0	2644	2645	2098	46.4522
MGG_07467T0	2076	2077	1351	38.093
MGG_12496T0	1641	1642	4	0.142664
MGG_01562T0	1597	1598	1302.17	47.7219
MGG_14971T0	4037	4038	7565	109.716
MGG_16827T0	444	445	40	5.26413
MGG_07747T0	744	745	382	30.0285
MGG_04647T0	1727	1728	6924.42	234.675
MGG_02296T0	495	496	1781	210.285
MGG_10097T0	489	490	8	0.956138
MGG_01383T0	1734	1735	1034	34.9018
MGG_09427T0	1486	1487	98	3.8596
MGG_01202T0	2491	2492	2364	55.5554
MGG_00573T0	924	925	249	15.7646
MGG_14800T0	2222	2223	673	17.7297
MGG_16408T0	1797	1798	1022.48	33.3037
MGG_05715T0	4022	4023	389	5.66273
MGG_02550T0	1293	1294	2	0.0905154
MGG_04697T0	1334	1335	1232	54.0451
MGG_16130T0	171	172	28	9.53358
MGG_15783T0	627	628	0	0
MGG_16182T0	551	552	21	2.22796
MGG_06197T0	2537	2538	26056	601.233
MGG_14145T0	1866	1867	18	0.564618
MGG_10698T0	2352	2353	911	22.6737
MGG_03380T0	849	850	12	0.826778
MGG_07199T0	2640	2641	120	2.66097
MGG_06366T0	1099	1100	980.77	52.2157
MGG_05440T0	1936	1937	1455	43.9906
MGG_03958T0	1930	1931	1249	37.8797
MGG_16712T0	780	781	11	0.824837
MGG_01041T0	1946	1947	7971	239.758
MGG_00864T0	2109	2110	1047	29.0597
MGG_17909T0	1591	1592	5361	197.21
MGG_02270T0	495	496	6	0.708429
MGG_00830T0	2395	2396	2635	64.4051
MGG_14693T0	1617	1618	651	23.5629
MGG_01163T0	1873	1874	64	2.00003
MGG_06144T0	528	529	141	15.6095
MGG_07691T0	1569	1570	3543	132.159
MGG_02413T0	2260	2261	803.64	20.8155
MGG_01819T0	3223	3224	4536.87	82.4114
MGG_11773T0	3012	3013	2526	49.0977
MGG_09071T0	1903	1904	3951.8	121.55
MGG_04203T0	2609	2610	2672	59.9546
MGG_05124T0	1380	1381	108	4.57991
MGG_14669T0	471	472	22	2.72965
MGG_15510T0	288	289	8	1.62113
MGG_14940T0	1287	1288	245	11.1398
MGG_02084T0	1380	1381	307	13.0188
MGG_11475T0	3855	3856	10523	159.819
MGG_17227T0	354	355	0	0
MGG_06772T0	832	833	72	5.06191
MGG_01842T0	2019	2020	913	26.4695
MGG_17134T0	767	768	42	3.20269
MGG_10969T1	2035	2036	737.434	21.2115
MGG_10969T0	2184	2185	1429.57	38.3159
MGG_03605T0	1083	1084	487	26.3103
MGG_06112T0	2145	2146	519.175	14.1681
MGG_00542T0	1597	1598	61	2.23553
MGG_17562T0	153	154	0	0
MGG_12548T0	1294	1295	544	24.6012
MGG_00354T0	4481	4482	2688	35.1224
MGG_04382T0	486	487	422	50.747
MGG_17652T0	1854	1855	531.114	16.7676
MGG_13654T0	853	854	12	0.822906
MGG_13655T0	2448	2449	118	2.82176
MGG_04538T0	1755	1756	4429	147.709
MGG_03307T0	1327	1328	10222	450.78
MGG_13767T0	8022	8023	177	1.292
MGG_09582T0	630	631	0	0
MGG_13138T0	351	352	4	0.665494
MGG_09948T0	1372	1373	1486.64	63.4106
MGG_05202T0	2523	2524	2148	49.8393
MGG_16390T0	1775	1776	322.326	10.6287
MGG_17344T0	456	457	2998	384.186
MGG_17323T0	1179	1180	73	3.62299
MGG_04958T0	2142	2143	845	23.092
MGG_04579T0	543	544	0	0
MGG_15048T0	1074	1075	709	38.6246
MGG_03505T0	724	725	173	13.9745
MGG_00985T0	1645	1646	214.136	7.6188
MGG_03458T0	2048	2049	452	12.9188
MGG_15684T0	162	163	0	0
MGG_14154T0	1303	1304	67669	3039.06
MGG_12497T0	1698	1699	1	0.0344694
MGG_18077T0	240	241	44	10.6921
MGG_17828T0	1610	1611	198	7.19774
MGG_01470T0	1164	1165	1654	83.145
MGG_01059T0	1592	1593	2991.94	109.993
MGG_16521T0	1290	1291	119.877	5.43798
MGG_03281T0	1677	1678	1532.19	53.4744
MGG_03281T1	1356	1357	144.815	6.2497
MGG_04298T0	1683	1684	0	0
MGG_17148T0	433	434	116	15.6529
MGG_03207T0	1870	1871	2293	71.7723
MGG_05765T0	969	970	143	8.63358
MGG_01102T0	1739	1740	1402	47.1873
MGG_00672T0	3079	3080	1280	24.3381
MGG_04369T0	1671	1672	142	4.97369
MGG_01597T0	4528	4529	2815	36.4001
MGG_08047T0	1815	1816	510	16.4468
MGG_13857T0	309	310	0	0
MGG_09272T0	3167	3168	9069	167.649
MGG_08816T0	686	687	22	1.87539
MGG_03015T0	1599	1600	28	1.02486
MGG_09374T0	930	931	130	8.1775
MGG_09036T0	1235	1236	0	0
MGG_03858T0	1997	1998	748	21.9247
MGG_16895T0	2962	2963	5063.92	100.088
MGG_04004T0	2622	2623	3760	83.9491
MGG_17646T0	957	958	1	0.0611309
MGG_15723T0	2608	2609	1667.17	37.4224
MGG_05148T0	2100	2101	451.174	12.5761
MGG_07817T0	2165	2166	44.7654	1.21035
MGG_05533T0	1311	1312	2601	116.1
MGG_15676T0	804	805	8	0.581997
MGG_04876T0	1172	1173	2939.67	146.767
MGG_16807T0	261	262	2	0.447049
MGG_09179T0	2042	2043	5626	161.272
MGG_07620T0	2514	2515	5	0.116428
MGG_14091T0	354	355	0	0
MGG_17806T0	339	340	0	0
MGG_16693T0	387	388	0	0
MGG_15445T0	498	499	127	14.9049
MGG_00363T0	4490	4491	557	7.26338
MGG_03555T0	2474	2475	4700	111.211
MGG_11494T0	2089	2090	339	9.49905
MGG_08705T0	1798	1799	409.024	13.3151
MGG_07124T0	1317	1318	561	24.9272
MGG_02935T0	2046	2047	837	23.9461
MGG_07194T0	804	805	1431	104.105
MGG_15411T0	1533	1534	1	0.038177
MGG_09576T0	1180	1181	156	7.73573
MGG_03068T0	2365	2366	140.825	3.48571
MGG_03068T1	1558	1559	124.175	4.66461
MGG_09007T0	1679	1680	2622	91.4008
MGG_08140T0	2859	2860	994	20.3539
MGG_06317T0	5507	5508	1030	10.9514
MGG_05532T0	1428	1429	37	1.51634
MGG_12858T0	1428	1429	233	9.54883
MGG_17569T0	162	163	1	0.359285
MGG_09003T0	2038	2039	1171	33.6331
MGG_06386T0	1191	1192	440	21.6174
MGG_05020T0	1286	1287	783	35.6295
MGG_07515T0	1148	1149	791.24	40.3287
MGG_03299T0	2130	2131	2621	72.0295
MGG_17231T0	663	664	0	0
MGG_02451T0	1020	1021	1136	65.1597
MGG_03393T0	1516	1517	501	19.341
MGG_13346T0	396	397	569	83.936
MGG_06555T0	1971	1972	388	11.5226
MGG_08610T0	663	664	10	0.88198
MGG_12181T0	174	175	74	24.764
MGG_06744T0	1070	1071	810	44.2917
MGG_10510T0	1596	1597	334	12.2481
MGG_13957T0	1395	1396	97	4.06924
MGG_16520T0	1772	1773	1726	57.011
MGG_10145T0	582	583	0	0
MGG_14870T0	3754	3755	2647.88	41.2967
MGG_05999T0	762	763	882	67.6972
MGG_17512T0	162	163	45	16.1678
MGG_03726T0	2050	2051	2445.66	69.8324
MGG_07969T0	306	307	203	38.7244
MGG_00023T0	1515	1516	0	0
MGG_16086T0	162	163	0	0
MGG_03885T0	1657	1658	1768.29	62.4592
MGG_06550T0	2871	2872	142.582	2.90741
MGG_06550T1	2589	2590	44.6009	1.00849
MGG_01677T0	3568	3569	1902.23	31.2135
MGG_15491T0	603	604	0	0
MGG_08043T0	2511	2512	43	1.00248
MGG_16484T0	186	187	3	0.939521
MGG_03363T0	1808	1809	280	9.06455
MGG_16527T0	434	435	18	2.42332
MGG_00128T0	2857	2858	868.68	17.8002
MGG_03329T0	1181	1182	325	16.1025
MGG_14082T0	228	229	0	0
MGG_17179T0	514	515	8	0.909723
MGG_14465T0	2186	2187	390	10.4434
MGG_04389T0	1450	1451	205.919	8.31104
MGG_16435T0	252	253	8	1.85181
MGG_15120T0	506	507	0	0
MGG_03672T0	2892	2893	7233	146.419
MGG_16228T1	1562	1563	0	0
MGG_16228T0	1613	1614	63	2.28593
MGG_06920T0	2710	2711	1491	32.2088
MGG_04740T0	1393	1394	1225	51.4636
MGG_07361T0	1704	1705	59	2.02654
MGG_09723T0	594	595	0	0
MGG_11486T0	2565	2566	858	19.582
MGG_17686T0	189	190	7	2.1576
MGG_04413T0	2010	2011	200.964	5.85238
MGG_04413T1	2563	2564	1541.04	35.1983
MGG_16426T0	790	791	95	7.03354
MGG_04716T0	871	872	1985.83	133.368
MGG_15830T0	3658	3659	985	15.7652
MGG_05147T0	2561	2562	735.826	16.8199
MGG_00103T0	1404	1405	1773	73.9025
MGG_03446T0	3811	3812	1554.97	23.8889
MGG_06444T0	1531	1532	672	25.6884
MGG_06427T0	596	597	942	92.4066
MGG_15726T0	150	151	46	17.8405
MGG_13498T0	5310	5311	1313	14.4782
MGG_04499T0	1479	1480	91	3.60086
MGG_10528T0	4147	4148	982	13.8643
MGG_06985T0	2254	2255	387	10.0506
MGG_03308T0	910	911	54	3.47138
MGG_11913T0	2779	2780	119	2.50685
MGG_11737T0	1491	1492	41474	1627.92
MGG_04871T1	2023	2024	285.952	8.27387
MGG_04871T0	1758	1759	221.048	7.3595
MGG_13552T0	2540	2541	1490.03	34.3412
MGG_01273T0	1097	1098	615	32.8019
MGG_02993T0	1833	1834	277	8.84519
MGG_03831T0	1975	1976	1058	31.3563
MGG_15451T0	2771	2772	412	8.70424
MGG_13101T0	950	951	42	2.5864
MGG_04825T0	3261	3262	412.634	7.40812
MGG_09218T0	1320	1321	530.571	23.5216
MGG_12911T0	1401	1402	1638	68.4215
MGG_17634T0	3176	3177	368	6.78355
MGG_11129T0	4341	4342	1461	19.7055
MGG_04184T0	1262	1263	1061.18	49.2055
MGG_09417T0	414	415	41	5.78579
MGG_00932T0	1680	1681	257	8.95348
MGG_16594T0	177	178	0	0
MGG_17845T1	828	829	0	0
MGG_17845T0	887	888	0	0
MGG_14871T0	801	802	66	4.81944
MGG_01828T0	2223	2224	2724	71.7297
MGG_15096T0	576	577	39.0335	3.96176
MGG_05308T0	1100	1101	11	0.585103
MGG_07426T0	459	460	0	0
MGG_11903T0	2297	2298	1687.99	43.0176
MGG_04913T0	616	617	2575	244.41
MGG_05977T0	1533	1534	1722	65.7407
MGG_04863T0	4581	4582	2680	34.2536
MGG_01541T0	4896	4897	80	0.956724
MGG_16528T0	928	929	1482.18	93.4356
MGG_02082T0	1432	1433	2	0.0817354
MGG_06357T0	829	830	5842	412.202
MGG_01418T0	1424	1425	92	3.78094
MGG_02946T0	1611	1612	1018	36.9836
MGG_05650T0	2683	2684	804	17.5429
MGG_16689T0	513	514	50	5.69683
MGG_07720T0	2172	2173	3182	85.7565
MGG_03484T0	1101	1102	3502	186.106
MGG_04430T0	2996	2997	1012	19.7752
MGG_00992T0	1875	1876	622	19.4171
MGG_16772T0	271	272	9	1.93776
MGG_00628T0	1062	1063	0	0
MGG_07049T0	1593	1594	423	15.541
MGG_00470T0	2198	2199	231	6.15196
MGG_14374T0	468	469	3.30875	0.41316
MGG_05282T0	1064	1065	1531.15	84.1968
MGG_05366T0	2840	2841	1556	32.0749
MGG_04533T0	3716	3717	508	8.00383
MGG_12696T0	830	831	2	0.140947
MGG_12515T0	4817	4818	894.538	10.8732
MGG_15894T0	288	289	0	0
MGG_11870T0	2962	2963	1552	30.6752
MGG_10104T0	2711	2712	1772	38.2649
MGG_15777T0	1277	1278	47.879	2.19402
MGG_15777T1	1350	1351	129.256	5.603
MGG_16257T0	240	241	10	2.43002
MGG_09076T0	1830	1831	221	7.06855
MGG_00567T0	5367	5368	1235	13.4735
MGG_13583T0	1602	1603	31	1.13254
MGG_07748T0	537	538	16	1.74166
MGG_14779T0	353	354	180	29.778
MGG_01832T0	2334	2335	1849	46.3742
MGG_17699T0	3739	3740	535.624	8.38717
MGG_10564T0	1225	1226	149	7.11742
MGG_02449T0	1524	1525	2626	100.844
MGG_07441T0	4001	4002	1936	28.3305
MGG_17631T0	198	199	33	9.71153
MGG_15692T0	290	291	36	7.24496
MGG_09354T0	2731	2732	7475	160.235
MGG_04746T0	3325	3326	569	10.0188
MGG_06030T0	1043	1044	2492	139.789
MGG_01581T0	2133	2134	2890	79.3104
MGG_00799T0	2403	2404	1020	24.8481
MGG_02493T0	3697	3698	1095.12	17.3429
MGG_14837T0	2007	2008	21	0.612466
MGG_16903T0	168	169	10	3.46529
MGG_10021T0	402	403	0	0
MGG_01377T0	1072	1073	918	50.1037
MGG_00205T0	1682	1683	557	19.382
MGG_11771T0	2014	2015	482	14.0087
MGG_10023T0	924	925	173	10.9529
MGG_01582T0	2026	2027	2754	79.5677
MGG_01755T0	1874	1875	2469	77.1163
MGG_04053T0	1517	1518	2970.62	114.605
MGG_03354T0	630	631	10523	976.645
MGG_13254T0	1742	1743	723	24.2922
MGG_01818T0	3524	3525	2473.03	41.0863
MGG_06931T0	1974	1975	840.329	24.9178
MGG_03665T0	1232	1233	99	4.70217
MGG_12127T0	1342	1343	11040	481.415
MGG_08156T0	2365	2366	475	11.7572
MGG_14716T0	474	475	81	9.98661
MGG_10664T0	3883	3884	458	6.90578
MGG_09919T0	2366	2367	3158	78.1341
MGG_17614T0	360	361	0	0
MGG_03640T0	3344	3345	2943	51.5253
MGG_15742T0	339	340	73	12.5739
MGG_07015T0	2850	2851	447	9.18199
MGG_05097T0	2563	2564	556.327	12.7069
MGG_14656T0	1582	1583	1019.42	37.7138
MGG_02592T0	3264	3265	6	0.10762
MGG_17864T0	1107	1108	508	26.8504
MGG_08018T0	267	268	0	0
MGG_00194T0	2283	2284	229	5.87173
MGG_17684T0	341	342	16	2.73981
MGG_08180T0	1989	1990	2471	72.7187
MGG_02094T0	1629	1630	10	0.359285
MGG_04160T0	5872	5873	708	7.05992
MGG_11322T0	1413	1414	763	31.6011
MGG_10058T0	2138	2139	6807	186.368
MGG_00330T0	1724	1725	2570	87.251
MGG_06435T0	568	569	571	58.7693
MGG_16060T0	1134	1135	2	0.103196
MGG_11224T0	2156	2157	13196.7	358.296
MGG_01385T0	2319	2320	3691	93.1714
MGG_17546T0	546	547	10	1.07063
MGG_15624T0	1991	1992	969.999	28.5173
MGG_17333T0	198	199	3	0.882866
MGG_02533T0	5974	5975	650	6.37092
MGG_00106T0	2732	2733	2082.2	44.618
MGG_03558T0	3823	3824	1696	25.9737
MGG_12697T0	4046	4047	800	11.5767
MGG_15856T0	722	723	1	0.0810006
MGG_15320T0	630	631	49	4.54772
MGG_15683T0	216	217	1	0.269878
MGG_03421T0	1056	1057	11	0.609459
MGG_10138T0	1862	1863	251.883	7.91794
MGG_03107T0	1960	1961	2847	85.023
MGG_16018T0	485	486	66.5781	8.02273
MGG_03356T0	1068	1069	111	6.08096
MGG_14863T0	1053	1054	408	22.6697
MGG_17426T0	1074	1075	62	3.37761
MGG_14657T0	798	799	1395.84	102.309
MGG_05436T0	1167	1168	671	33.6439
MGG_05904T0	4360	4361	1388	18.6393
MGG_01766T0	1537	1538	723	27.5302
MGG_15539T0	607	608	28	2.697
MGG_01769T1	2508	2509	1202.04	28.0573
MGG_01769T0	2565	2566	90.9591	2.07595
MGG_12804T0	2241	2242	1533	40.0436
MGG_07980T0	1885	1886	74	2.29782
MGG_16825T0	2214	2215	725	19.1686
MGG_11092T0	504	505	0	0
MGG_04971T0	2223	2224	754	19.8547
MGG_05291T0	2327	2328	681.624	17.147
MGG_00426T0	819	820	3	0.214257
MGG_10422T0	1950	1951	995	29.8671
MGG_06778T0	2774	2775	331	6.98541
MGG_02319T0	1512	1513	194	7.50913
MGG_00665T0	2317	2318	584.977	14.7792
MGG_10799T0	2456	2457	1076	25.6468
MGG_05122T0	1606	1607	28	1.0204
MGG_07243T0	2675	2676	2300	50.3348
MGG_00889T0	4586	4587	217	2.7705
MGG_05818T0	423	424	243	33.5635
MGG_02543T0	987	988	13	0.770572
MGG_16867T0	4063	4064	1421	20.477
MGG_01238T0	5702	5703	1487	15.2698
MGG_04396T0	3648	3649	4754.78	76.3103
MGG_08854T0	1951	1952	946	28.3817
MGG_08087T0	2343	2344	5739	143.386
MGG_04723T0	525	526	66	7.34827
MGG_15556T0	189	190	109	33.5969
MGG_08141T0	2841	2842	485	9.99411
MGG_00773T0	1405	1406	475.05	19.787
MGG_17277T0	5858	5859	442.418	4.42218
MGG_16911T0	177	178	0	0
MGG_05710T0	1530	1531	551	21.0767
MGG_16396T0	231	232	0	0
MGG_16934T0	369	370	0	0
MGG_10053T0	1285	1286	356	16.212
MGG_17861T0	2166	2167	1374	37.1325
MGG_09735T0	630	631	20	1.85621
MGG_13076T0	912	913	255	16.3567
MGG_06447T0	5562	5563	614	6.46377
MGG_06116T0	2264	2265	1854	47.9367
MGG_02013T0	354	355	0	0
MGG_02467T0	737	738	2882	228.699
MGG_04248T0	2474	2475	714	16.8947
MGG_06231T0	420	421	0	0
MGG_00545T0	2163	2164	564	15.2633
MGG_12420T0	416	417	5968.11	838.161
MGG_02477T0	1685	1686	479	16.6381
MGG_01953T0	348	349	0	0
MGG_15616T0	195	196	0	0
MGG_16329T0	300	301	67	13.0357
MGG_08591T0	2299	2300	631.303	16.0745
MGG_17018T0	897	898	263	17.1517
MGG_16225T0	240	241	13	3.15902
MGG_11116T0	4740	4741	209	2.58168
MGG_09763T0	1203	1204	107538	5230.73
MGG_08271T0	2281	2282	883.225	22.6664
MGG_08271T1	2266	2267	131.775	3.40413
MGG_08658T0	354	355	0	0
MGG_00673T0	1311	1312	349	15.5782
MGG_04702T0	1169	1170	689	34.4874
MGG_00310T0	2032	2033	133	3.83125
MGG_01071T0	2385	2386	864	21.2065
MGG_00052T0	675	676	828	71.7316
MGG_08891T0	2037	2038	358	10.2874
MGG_06739T0	2010	2011	45	1.31047
MGG_16864T0	218	219	0	0
MGG_04126T0	2572	2573	181	4.1197
MGG_04615T0	4106	4107	1276	18.195
MGG_04663T0	1536	1537	350	13.3359
MGG_15860T0	1504	1505	1545	60.12
MGG_09293T0	3847	3848	890.115	13.5468
MGG_16206T0	1137	1138	6.99953	0.360208
MGG_16206T1	819	820	0.000472943	3.37771e-05
MGG_16906T0	150	151	94	36.4567
MGG_16644T0	439	440	1	0.133099
MGG_14872T0	2749	2750	1438	30.6234
MGG_00625T0	1430	1431	5696	233.108
MGG_11473T0	2183	2184	122	3.2714
MGG_01138T0	1401	1402	384	16.0402
MGG_11255T0	859	860	5506	374.942
MGG_06062T0	4408	4409	595	7.90321
MGG_04870T0	2141	2142	1164	31.8244
MGG_01528T0	1757	1758	1087	36.2107
MGG_00990T0	4175	4176	1975	27.697
MGG_04898T0	504	505	896	103.907
MGG_02531T0	3518	3519	1612	26.827
MGG_00068T0	2243	2244	459	11.9789
MGG_05757T0	1553	1554	783.619	29.5311
MGG_02828T0	4675	4676	1615	20.2267
MGG_15333T0	1233	1234	0	0
MGG_09887T0	1035	1036	1742	98.4725
MGG_15298T0	1269	1270	103	4.74963
MGG_16752T0	1081	1082	402.981	21.8114
MGG_10810T0	537	538	0	0
MGG_13202T0	2036	2037	1270	36.5123
MGG_11611T0	1527	1528	4133	158.405
MGG_07763T0	1524	1525	246	9.44696
MGG_07506T0	2343	2344	366	9.14429
MGG_16272T0	701	702	115	9.59373
MGG_00308T0	2169	2170	440.623	11.8914
MGG_02567T0	2296	2297	591	15.0679
MGG_05937T0	3997	3998	487	7.13367
MGG_15118T0	641	642	2906	265.086
MGG_16227T0	409	410	99	14.1409
MGG_08399T0	387	388	0	0
MGG_05753T0	1533	1534	9828	375.203
MGG_07473T0	1960	1961	193	5.76377
MGG_04210T0	1605	1606	1161	42.3363
MGG_15309T0	573	574	23	2.34662
MGG_13309T0	3118	3119	15	0.281645
MGG_18010T0	485	486	6	0.723006
MGG_17421T0	432	433	1	0.13525
MGG_16242T0	564	565	14	1.45113
MGG_16240T0	156	157	45	16.7857
MGG_02016T0	1755	1756	0	0
MGG_00066T0	1381	1382	21	0.889893
MGG_08796T0	309	310	0	0
MGG_04862T0	2487	2488	1793	42.2043
MGG_02143T0	1149	1150	18	0.916645
MGG_17658T0	1482	1483	568	22.4302
MGG_08459T0	1563	1564	40	1.49779
MGG_00233T0	7158	7159	0	0
MGG_05992T0	1980	1981	1665	49.2217
MGG_04096T0	542	543	0	0
MGG_01438T0	786	787	2198	163.561
MGG_03812T0	996	997	0	0
MGG_10588T0	3269	3270	2731	48.9103
MGG_15796T0	330	331	10	1.76929
MGG_03075T0	2614	2615	1022	22.8879
MGG_04628T0	1785	1786	61	2.00021
MGG_10636T0	930	931	926	58.2489
MGG_02369T0	630	631	4	0.371242
MGG_12016T0	711	712	8	0.658016
MGG_04109T0	1744	1745	5255	176.362
MGG_00503T0	3325	3326	2387.99	42.0472
MGG_17926T0	380	381	23	3.53533
MGG_14794T0	1617	1618	67	2.42506
MGG_03539T0	963	964	6	0.364503
MGG_05640T0	750	751	980	76.421
MGG_16167T0	1608	1609	1.12786	0.041051
MGG_04132T0	4069	4070	288.543	4.15185
MGG_07267T0	1972	1973	746	22.1431
MGG_02347T0	668	669	323	28.275
MGG_17171T0	201	202	67	19.4245
MGG_15057T0	2749	2750	367.579	7.8279
MGG_06032T0	2364	2365	649	16.0709
MGG_16308T0	1384	1385	205	8.66824
MGG_14550T0	1664	1665	918	32.289
MGG_15686T0	324	325	1	0.180195
MGG_01996T0	4709	4710	0.00189928	2.36154e-05
MGG_01996T1	4656	4657	664.998	8.36259
MGG_05249T0	1888	1889	2772.78	85.9628
MGG_13023T0	1552	1553	759	28.6218
MGG_07524T0	1631	1632	534	19.1623
MGG_16372T0	1299	1300	8.00569	0.360647
MGG_00176T0	1168	1169	597	29.9079
MGG_16751T0	1128	1129	374.748	19.4389
MGG_15558T0	183	184	0	0
MGG_06566T0	4045	4046	1025	14.8363
MGG_00646T0	1146	1147	791.686	40.4219
MGG_15902T0	2760	2761	96.3539	2.04376
MGG_05648T0	881	882	237	15.7364
MGG_00885T0	3205	3206	1083	19.783
MGG_10546T0	315	316	0	0
MGG_03843T0	2652	2653	251	5.54068
MGG_11357T0	3855	3856	1899	28.8413
MGG_01207T0	5073	5074	1750.79	20.2074
MGG_01207T1	5502	5503	124.211	1.32187
MGG_15775T1	2969	2970	1024.41	20.1996
MGG_15775T0	742	743	1.56419	0.12329
MGG_11141T0	4123	4124	1307	18.5602
MGG_16077T0	900	901	315.029	20.4764
MGG_10269T0	3027	3028	13899	268.816
MGG_08409T0	888	889	3	0.197627
MGG_17798T0	423	424	30	4.14364
MGG_05121T0	2681	2682	101	2.20541
MGG_03406T0	3782	3783	948	14.6757
MGG_15696T0	1752	1753	104.733	3.49886
MGG_10163T0	1802	1803	696	22.6069
MGG_00486T0	959	960	163.646	9.98302
MGG_09560T0	5038	5039	2068	24.0344
MGG_13116T0	1409	1410	25381.2	1054.19
MGG_08708T0	2454	2455	743.761	17.7422
MGG_13182T0	336	337	19	3.3018
MGG_10362T0	1122	1123	3159	164.739
MGG_14175T0	3019	3020	283	5.4879
MGG_18112T0	468	469	20.7919	2.59626
MGG_18112T1	631	632	25.2081	2.33588
MGG_09929T0	999	1000	839	49.1347
MGG_03963T0	2840	2841	7892	162.683
MGG_06454T0	1662	1663	2869	101.033
MGG_10697T0	1102	1103	790.592	41.9762
MGG_05302T0	2734	2735	228.326	4.88906
MGG_16600T0	624	625	1	0.0937015
MGG_15460T0	597	598	142.658	13.9708
MGG_09262T0	1916	1917	899.125	27.4678
MGG_05976T0	1218	1219	470	22.5798
MGG_16332T0	180	181	25	8.08887
MGG_17224T0	1020	1021	381	21.8537
MGG_13768T0	2385	2386	326	8.00154
MGG_11606T0	1609	1610	135	4.9106
MGG_09821T0	1668	1669	586	20.5621
MGG_17126T0	159	160	48	17.569
MGG_07882T0	1884	1885	609	18.9205
MGG_06839T0	3231	3232	661	11.9772
MGG_05023T0	1059	1060	121	6.68507
MGG_07814T0	834	835	2	0.140272
MGG_16358T0	725	726	0	0
MGG_08623T0	3323	3324	2749.37	48.4395
MGG_09867T0	1222	1223	604.434	28.9434
MGG_09204T0	1498	1499	2854	111.501
MGG_08137T0	3728	3729	994	15.6106
MGG_09445T0	1700	1701	14	0.482004
MGG_15751T0	396	397	118	17.4068
MGG_09287T0	1863	1864	3487	109.555
MGG_17030T0	309	310	177	33.4378
MGG_16402T0	807	808	1272	92.1939
MGG_03294T0	2359	2360	6	0.14889
MGG_11906T0	873	874	173	11.5921
MGG_08452T0	3390	3391	108.049	1.86603
MGG_06798T0	1323	1324	647	28.6182
MGG_08725T0	4530	4531	193	2.49454
MGG_00912T0	2987	2988	641	12.5633
MGG_08377T0	1497	1498	56	2.18929
MGG_02246T0	660	661	413	36.5911
MGG_05614T0	1461	1462	956	38.2946
MGG_17475T0	336	337	5	0.868894
MGG_09394T0	2165	2166	3649	98.6602
MGG_02075T0	3493	3494	88	1.47498
MGG_17761T0	311	312	6	1.12622
MGG_16554T0	774	775	0	0
MGG_09458T0	1721	1722	1660.6	56.4751
MGG_16846T0	761	762	52	3.99646
MGG_16157T0	399	400	0	0
MGG_00900T0	444	445	337	44.3503
MGG_00930T0	5944	5945	685.806	6.75579
MGG_01149T0	576	577	1674	169.905
MGG_02938T0	1108	1109	1512	79.8448
MGG_16806T0	3654	3655	337	5.39969
MGG_15589T0	474	475	103	12.699
MGG_01510T0	2813	2814	649	13.5066
MGG_10559T0	429	430	0	0
MGG_01519T0	1284	1285	1433	65.3085
MGG_17072T0	2166	2167	2647	71.5355
MGG_16328T0	633	634	7.5	0.692785
MGG_15381T0	642	643	0	0
MGG_08398T0	588	589	0	0
MGG_12165T0	1756	1757	1304	43.4643
MGG_00783T0	1574	1575	568	21.12
MGG_18097T0	675	676	9	0.779691
MGG_15814T0	1015	1016	33090	1907.35
MGG_10788T0	432	433	0	0
MGG_03594T0	1396	1397	687.148	28.8058
MGG_09006T0	976	977	5085.19	304.817
MGG_10741T0	1835	1836	399.096	12.7301
MGG_07352T0	345	346	0	0
MGG_09068T0	870	871	1	0.067237
MGG_07656T0	3387	3388	4371	75.5551
MGG_07715T0	1424	1425	840	34.5216
MGG_16919T0	159	160	1	0.366022
MGG_08905T0	1191	1192	5336.71	262.195
MGG_03681T0	1887	1888	2591	80.3696
MGG_17737T0	186	187	0	0
MGG_17087T0	669	670	7	0.611857
MGG_11617T0	1986	1987	5	0.147367
MGG_05615T0	2782	2783	258	5.42917
MGG_16172T0	396	397	0	0
MGG_09426T0	1884	1885	97	3.01361
MGG_06909T0	2035	2036	1065	30.6336
MGG_17515T0	249	250	5	1.17127
MGG_15291T0	3638	3639	9132.47	146.971
MGG_08633T0	672	673	16	1.3923
MGG_02956T0	1958	1959	146	4.36461
MGG_06349T0	1179	1180	2662	132.115
MGG_05768T0	2682	2683	92	2.00814
MGG_05125T0	3393	3394	985	16.9962
MGG_06564T0	1955	1956	1263	37.8147
MGG_03919T0	2625	2626	1928	42.9971
MGG_02694T0	2079	2080	1460	41.107
MGG_17965T0	793	794	8	0.59006
MGG_09396T0	1382	1383	2911	123.267
MGG_17702T0	1579	1580	572	21.2015
MGG_06187T0	921	922	506	32.14
MGG_00276T0	1545	1546	1178	44.6234
MGG_17043T0	168	169	0	0
MGG_14874T0	861	862	1308	88.8643
MGG_05638T0	1912	1913	1273	38.9709
MGG_03588T0	1693	1694	572	19.7747
MGG_03682T0	1758	1759	1633	54.3685
MGG_02438T0	2607	2608	1508.17	33.8665
MGG_17119T0	3027	3028	764	14.7762
MGG_17812T0	1969	1970	921	27.3792
MGG_15580T0	3102	3103	62	1.17014
MGG_15887T0	1328	1329	50	2.20329
MGG_03572T0	1057	1058	1398	77.3835
MGG_01535T0	1222	1223	610	29.2099
MGG_14704T0	789	790	23	1.70501
MGG_06312T0	3726	3727	452	7.10241
MGG_08139T0	1580	1581	915.153	33.8991
MGG_08139T1	1529	1530	877.847	33.6011
MGG_16336T0	375	376	181	28.1914
MGG_11269T0	1794	1795	354	11.5496
MGG_07702T0	1195	1196	310	15.1795
MGG_04196T0	4253	4254	3178	43.7505
MGG_15095T0	645	646	0	0
MGG_06073T0	1490	1491	1051	41.2811
MGG_15419T0	417	418	238	33.3447
MGG_08363T0	1933	1934	46	1.39293
MGG_05646T0	2888	2889	2012.97	40.8053
MGG_17584T0	396	397	0	0
MGG_16533T0	192	193	0	0
MGG_01177T0	919	920	23	1.46409
MGG_05092T0	1158	1159	382	19.3022
MGG_17406T0	720	721	12	0.974704
MGG_12699T0	321	322	0	0
MGG_17415T0	294	295	21	4.16892
MGG_03317T0	2183	2184	3199	85.7804
MGG_08893T0	3923	3924	1417	21.1479
MGG_16699T0	252	253	0	0
MGG_00041T0	1308	1309	975.52	43.6438
MGG_17544T0	153	154	0	0
MGG_08835T0	1602	1603	23874	872.204
MGG_15720T0	1861	1862	801	25.193
MGG_06053T0	1859	1860	8726	274.744
MGG_15450T0	342	343	0	0
MGG_03757T0	1867	1868	576	18.0581
MGG_12861T0	1689	1690	2268	78.5928
MGG_16373T0	3136	3137	15.4914	0.289203
MGG_01862T0	2175	2176	73	1.96467
MGG_01742T0	3036	3037	26031	501.964
MGG_05694T1	2470	2471	1278.39	30.2983
MGG_05694T0	1931	1932	200.608	6.0809
MGG_04566T0	1125	1126	1344	69.9017
MGG_07047T0	4618	4619	1492	18.9168
MGG_02247T0	1475	1476	1037	41.1452
MGG_15544T0	150	151	146	56.6243
MGG_00163T0	1784	1785	2216	72.704
MGG_02289T0	1805	1806	131	4.24796
MGG_04578T0	315	316	0	0
MGG_10673T0	1026	1027	153	8.72464
MGG_06151T0	1032	1033	944.816	53.564
MGG_04688T0	2551	2552	459	10.5332
MGG_15403T0	780	781	7	0.524896
MGG_13686T0	533	534	0	0
MGG_12447T0	12105	12106	49	0.23704
MGG_10065T0	603	604	0	0
MGG_05802T0	1290	1291	25	1.13407
MGG_06430T0	2752	2753	2190	46.587
MGG_01604T0	2440	2441	2980	71.4949
MGG_07787T0	2448	2449	4024	96.2268
MGG_16325T0	474	475	1	0.123291
MGG_04631T0	1068	1069	49	2.68439
MGG_17911T0	336	337	5	0.868894
MGG_08337T0	1430	1431	12	0.491098
MGG_12155T0	4293	4294	14	0.190938
MGG_02186T0	1601	1602	1519	55.5293
MGG_01181T0	1725	1726	13	0.441092
MGG_00297T0	1872	1873	975	30.4855
MGG_14937T0	2537	2538	1602.34	36.9734
MGG_09977T0	1892	1893	3500	108.279
MGG_17535T0	1833	1834	2779.12	88.743
MGG_16128T0	273	274	9	1.92362
MGG_18071T0	162	163	0	0
MGG_01093T0	1388	1389	980	41.3191
MGG_06145T0	3991	3992	20149	295.59
MGG_06203T0	2060	2061	38255	1087.02
MGG_12813T0	1545	1546	1784	67.579
MGG_06986T0	1071	1072	85	4.64356
MGG_03579T0	2556	2557	1118	25.6058
MGG_14253T0	189	190	0	0
MGG_09736T0	1084	1085	1972	106.44
MGG_07957T0	1960	1961	66	1.97103
MGG_09567T0	1363	1364	442.436	18.996
MGG_17408T0	297	298	18	3.53739
MGG_16135T0	177	178	15	4.93512
MGG_05201T0	1041	1042	2097	117.858
MGG_13177T0	2248	2249	868	22.6025
MGG_16688T0	435	436	0	0
MGG_07859T0	2238	2239	1	0.0261561
MGG_07269T0	996	997	48	2.8195
MGG_02428T0	2602	2603	630	14.174
MGG_10700T0	1251	1252	3492	163.342
MGG_06423T0	1116	1117	1855	97.2562
MGG_04822T0	1517	1518	808	31.1721
MGG_02453T0	1732	1733	765	25.8517
MGG_04422T0	1418	1419	37.4085	1.54389
MGG_10748T0	2022	2023	7	0.202642
MGG_17717T1	682	683	54.2202	4.64908
MGG_17717T0	748	749	9.77984	0.764675
MGG_16287T0	1876	1877	1624	50.6697
MGG_15854T0	183	184	15	4.77419
MGG_00478T0	1600	1601	632.973	23.1537
MGG_06503T0	1461	1462	1240	49.6708
MGG_06303T0	1630	1631	1910	68.5814
MGG_08656T0	1815	1816	421	13.5767
MGG_15277T0	4505	4506	76	0.987755
MGG_15187T0	453	454	0	0
MGG_15632T0	318	319	17	3.12094
MGG_17853T0	153	154	1	0.380282
MGG_00371T0	5831	5832	3938.16	39.546
MGG_09186T1	4746	4747	50.5565	0.623712
MGG_09186T0	6384	6385	3529.44	32.3722
MGG_17662T0	1146	1147	0	0
MGG_08006T0	1659	1660	5725	201.973
MGG_08637T0	2016	2017	1749	50.7821
MGG_16972T0	1590	1591	0	0
MGG_01859T0	2973	2974	160	3.15069
MGG_02925T0	1011	1012	1278	73.9566
MGG_07663T0	2537	2538	912	21.0441
MGG_08697T0	4427	4428	300	3.96771
MGG_16002T0	351	352	0	0
MGG_13409T0	2300	2301	98	2.49423
MGG_06416T0	2380	2381	215	5.28817
MGG_05534T0	3053	3054	6330	121.384
MGG_08549T0	2142	2143	265	7.24186
MGG_17381T0	315	316	1	0.185327
MGG_05132T0	1645	1646	33.9862	1.2092
MGG_01561T0	2787	2788	1327	27.8744
MGG_16943T0	447	448	0	0
MGG_17503T0	1419	1420	25	1.03105
MGG_01975T0	2421	2422	5	0.120899
MGG_08847T0	2880	2881	645	13.1112
MGG_00988T0	2059	2060	1430	40.6533
MGG_16462T0	1517	1518	5520	212.958
MGG_02572T0	4124	4125	1433	20.3446
MGG_04182T0	2627	2628	1197	26.6744
MGG_03513T0	2272	2273	1414	36.4315
MGG_02743T0	2005	2006	670.549	19.5761
MGG_11176T0	1729	1730	451.882	15.297
MGG_07337T0	751	752	12783	995.501
MGG_03174T0	1603	1604	452	16.5029
MGG_09616T0	396	397	0	0
MGG_04291T0	366	367	0	0
MGG_11310T0	1741	1742	6504	218.655
MGG_08702T0	687	688	0	0
MGG_16757T0	372	373	5	0.785033
MGG_16213T0	6225	6226	3461	32.5551
MGG_09306T0	3741	3742	327	5.11765
MGG_03270T0	3549	3550	486.889	8.03208
MGG_08474T0	1790	1791	1077	35.2165
MGG_16175T0	527	528	0	0
MGG_05684T0	1823	1824	1117	35.8637
MGG_05656T0	6419	6420	376	3.42988
MGG_11399T0	1488	1489	1198	47.1182
MGG_08937T0	2022	2023	270.787	7.83896
MGG_17379T0	375	376	0	0
MGG_18137T0	2517	2518	0	0
MGG_00638T0	2495	2496	459	10.7695
MGG_11425T0	8954	8955	3404	22.2613
MGG_00899T0	1859	1860	20421	642.97
MGG_11192T0	3581	3582	337.055	5.51064
MGG_17250T0	252	253	0	0
MGG_16122T0	210	211	20	5.55104
MGG_06274T0	1915	1916	854	26.1029
MGG_13338T0	1700	1701	122	4.20032
MGG_10525T0	2592	2593	4086	92.2832
MGG_09351T0	1322	1323	148168	6558.75
MGG_11887T0	1641	1642	388.624	13.8607
MGG_16581T0	255	256	0	0
MGG_15523T0	2819	2820	495	10.2798
MGG_12748T0	854	855	796	54.5222
MGG_15708T0	353	354	1	0.165433
MGG_14206T0	1694	1695	72	2.48765
MGG_09563T0	1429	1430	1058	43.3288
MGG_07613T0	7956	7957	3695	27.1952
MGG_17513T0	2150	2151	11826	321.976
MGG_17478T0	162	163	0	0
MGG_16552T0	633	634	7.5	0.692785
MGG_09030T0	2141	2142	113	3.08948
MGG_09949T0	2472	2473	1771.36	41.9478
MGG_05744T0	509	510	0	0
MGG_14156T0	471	472	0	0
MGG_09663T0	306	307	0	0
MGG_04637T0	3124	3125	1082	20.277
MGG_04452T0	976	977	64	3.8363
MGG_03407T0	2889	2890	170	3.44491
MGG_13936T0	2207	2208	7012	185.981
MGG_12101T0	2503	2504	2231	52.1785
MGG_03740T0	1179	1180	1049.22	52.0729
MGG_15785T0	381	382	8	1.22646
MGG_00088T0	1707	1708	1008	34.562
MGG_00548T0	1475	1476	7013.41	278.272
MGG_00548T1	1427	1428	4297.59	176.248
MGG_15198T0	957	958	0	0
MGG_11546T0	5081	5082	1555	17.9194
MGG_01586T0	3222	3223	4772	86.7095
MGG_08573T0	3477	3478	1613	27.1601
MGG_02231T0	936	937	0	0
MGG_17183T0	251	252	84	19.5211
MGG_05424T0	747	748	0	0
MGG_12239T0	315	316	0	0
MGG_03784T0	1656	1657	144	5.0894
MGG_11230T0	1803	1804	466	15.1278
MGG_15590T0	159	160	7	2.56215
MGG_00301T0	1479	1480	0	0
MGG_12920T0	1192	1193	702	34.4606
MGG_03237T0	1977	1978	1041	30.8213
MGG_04835T0	1427	1428	3145	128.979
MGG_07249T0	1077	1078	47	2.55332
MGG_00803T0	4135	4136	5825	82.4787
MGG_16705T0	222	223	0	0
MGG_02992T0	2151	2152	409	11.1303
MGG_09471T0	3539	3540	3091	51.1355
MGG_07284T0	1851	1852	2165	68.461
MGG_03639T0	522	523	87	9.74191
MGG_07059T0	4634	4635	733.125	9.26307
MGG_17727T0	264	265	0	0
MGG_10301T0	879	880	0	0
MGG_14344T0	471	472	0	0
MGG_01343T0	2475	2476	404	9.55559
MGG_17874T0	254	255	6	1.37796
MGG_16292T0	390	391	13	1.94712
MGG_17107T0	156	157	73	27.2301
MGG_09271T0	1496	1497	193	7.55026
MGG_07808T0	1650	1651	1340	47.5318
MGG_06590T0	3819	3820	269	4.12397
MGG_08568T0	1927	1928	826	25.0899
MGG_01692T0	1206	1207	1619	78.5536
MGG_14606T0	1059	1060	9	0.497237
MGG_03890T0	3699	3700	937	14.8308
MGG_06605T0	2097	2098	9908	276.571
MGG_00821T0	387	388	0	0
MGG_03709T0	2463	2464	123	2.92342
MGG_15772T0	298	299	4	0.783457
MGG_15840T0	318	319	20	3.67169
MGG_04336T0	1548	1549	574.475	21.7193
MGG_17538T0	844	845	774.424	53.6721
MGG_06050T0	2288	2289	896	22.9239
MGG_02713T0	519	520	5163	581.467
MGG_04745T0	1408	1409	2540	105.572
MGG_13161T0	1980	1981	2193	64.8307
MGG_08908T0	1273	1274	670	30.7987
MGG_00509T0	1742	1743	3016	101.335
MGG_07600T0	2246	2247	191	4.97802
MGG_16204T0	789	790	7612	564.285
MGG_15348T0	363	364	0	0
MGG_05114T0	1851	1852	263	8.31652
MGG_11568T0	2604	2605	479	10.7685
MGG_01105T0	1503	1504	420	16.3542
MGG_06453T0	907	908	1601	103.26
MGG_14903T0	3428	3429	847.64	14.4767
MGG_06996T0	1033	1034	1110.23	62.8809
MGG_02443T0	3197	3198	1773	32.4681
MGG_04335T0	2058	2059	64634	1838.36
MGG_03694T0	1781	1782	833	27.3756
MGG_05449T0	1208	1209	8325	403.259
MGG_12530T0	3816	3817	158	2.42416
MGG_17602T0	441	442	0	0
MGG_08928T0	3289	3290	3516.44	62.5942
MGG_06912T0	2663	2664	1742.5	38.3058
MGG_16430T0	207	208	0	0
MGG_15032T0	645	646	63	5.7113
MGG_17102T0	2790	2791	886	18.5909
MGG_00743T0	1937	1938	559	16.8921
MGG_11377T0	1209	1210	892	43.1724
MGG_07377T0	720	721	0	0
MGG_02582T0	2254	2255	136	3.53199
MGG_16326T0	987	988	15	0.889121
MGG_15831T0	1318	1319	1246.76	55.356
MGG_08923T0	1879	1880	747	23.2696
MGG_08164T0	1431	1432	4860.46	198.775
MGG_01070T0	2366	2367	15333	379.363
MGG_02019T0	1728	1729	0	0
MGG_09777T0	1779	1780	86	2.82947
MGG_15308T0	319	320	2	0.366022
MGG_03978T0	1734	1735	975	32.9103
MGG_10401T0	825	826	3	0.2127
MGG_15375T0	366	367	9	1.43616
MGG_03842T0	3748	3749	2733	42.6924
MGG_18013T0	213	214	0	0
MGG_16170T0	469	470	0	0
MGG_12349T0	3975	3976	2313	34.0687
MGG_11702T0	2781	2782	2380	50.101
MGG_14868T0	1963	1964	1140	33.993
MGG_18101T0	504	505	87	10.0891
MGG_17385T0	2038	2039	2130	61.1771
MGG_13455T0	2725	2726	817	17.5518
MGG_01460T0	1130	1131	183.37	9.49496
MGG_15527T0	1517	1518	543	20.9486
MGG_09760T0	1958	1959	462	13.8113
MGG_05359T0	3491	3492	6170	103.476
MGG_08744T0	6185	6186	1098	10.3949
MGG_17340T0	614	615	2	0.19045
MGG_09181T0	1119	1120	1319	68.9689
MGG_09807T0	630	631	36	3.34118
MGG_00686T0	1527	1528	1907	73.0893
MGG_00939T0	2349	2350	666	16.5971
MGG_10279T0	1512	1513	53	2.05146
MGG_07259T0	2912	2913	852	17.1288
MGG_08104T0	1981	1982	4718	139.406
MGG_03474T0	1902	1903	42	1.29252
MGG_10724T0	1916	1917	120	3.66594
MGG_01969T0	4755	4756	1765	21.7335
MGG_06940T0	1798	1799	710	23.1129
MGG_06455T0	2656	2657	5970	131.586
MGG_05338T0	1624	1625	101	3.63994
MGG_01693T0	1806	1807	737.702	23.9083
MGG_15661T0	393	394	4	0.594553
MGG_04512T0	1813	1814	3746	120.936
MGG_15393T0	1032	1033	1312	74.3807
MGG_03097T0	1781	1782	198	6.50705
MGG_08520T0	1438	1439	0	0
MGG_00049T0	2127	2128	5839	160.692
MGG_03353T0	1258	1259	1588	73.8672
MGG_16939T0	405	406	0	0
MGG_03562T0	3761	3762	311	4.84137
MGG_15862T0	698	699	0	0
MGG_13986T0	1999	2000	4153	121.607
MGG_08729T0	831	832	0	0
MGG_01232T0	1614	1615	2782	100.881
MGG_17419T0	168	169	0	0
MGG_15373T0	1448	1449	0	0
MGG_01760T0	2335	2336	2157	54.0759
MGG_12128T0	2746	2747	2119	45.1751
MGG_17292T0	240	241	0	0
MGG_08389T0	1297	1298	2535.97	114.418
MGG_02377T0	3269	3270	162.008	2.90145
MGG_04987T0	3916	3917	809	12.0954
MGG_06562T0	1175	1176	45471	2264.4
MGG_16872T0	312	313	807	150.993
MGG_16629T0	573	574	1546	157.734
MGG_16380T0	417	418	0	0
MGG_04359T0	3689	3690	477	7.5704
MGG_01089T0	2049	2050	313	8.94164
MGG_05493T0	1092	1093	42	2.25038
MGG_17622T0	1625	1626	78	2.80932
MGG_13756T0	810	811	95	6.86008
MGG_16179T0	440	441	66.4409	8.82314
MGG_16179T1	436	437	0	0
MGG_07030T0	2153	2154	799	21.7234
MGG_01770T0	1673	1674	1102.66	38.5755
MGG_18126T0	396	397	0	0
MGG_05288T0	2372	2373	2503	61.7717
MGG_01095T0	2623	2624	819	18.2788
MGG_17390T0	871	872	89	5.97723
MGG_05345T0	2250	2251	2019	52.5276
MGG_03658T0	855	856	1621.19	110.914
MGG_04989T0	6775	6776	2090	18.0634
MGG_17721T0	963	964	746	45.3198
MGG_03133T0	3317	3318	458	8.0838
MGG_10267T0	2662	2663	129	2.83691
MGG_10031T0	1215	1216	78	3.75654
MGG_15965T0	1713	1714	1.26081	0.0430789
MGG_07880T0	684	685	0	0
MGG_17808T0	255	256	44	10.0656
MGG_14850T0	794	795	1205	88.766
MGG_08894T0	987	988	588	34.8535
MGG_03115T0	3467	3468	340	5.74151
MGG_05066T0	1167	1168	15.5279	0.778569
MGG_17726T0	742	743	2	0.157641
MGG_04470T0	3086	3087	462.392	8.77203
MGG_09159T0	2017	2018	915	26.5538
MGG_00135T0	2042	2043	3857	110.563
MGG_06238T0	4217	4218	1174.38	16.3053
MGG_07545T0	1743	1744	591	19.8458
MGG_07972T0	1260	1261	108	5.01574
MGG_16087T0	231	232	18	4.54372
MGG_02096T0	3394	3395	921	15.8872
MGG_07037T0	6168	6169	2088	19.8218
MGG_03176T0	1272	1273	42	1.93218
MGG_09495T0	1311	1312	1952.33	87.1459
MGG_09715T0	1493	1494	2548	99.8793
MGG_00916T0	465	466	4	0.502691
MGG_06391T0	2373	2374	801	19.7596
MGG_00146T0	1650	1651	1010.25	35.8352
MGG_07793T0	1038	1039	611	34.4391
MGG_03944T0	2625	2626	131	2.92148
MGG_13651T0	1622	1623	2422	87.3941
MGG_11713T0	1979	1980	922	27.2705
MGG_11447T0	1610	1611	346	12.5779
MGG_02997T0	480	481	502	61.1203
MGG_14806T0	5449	5450	4144	44.5297
MGG_17636T0	603	604	6856.1	664.763
MGG_03029T0	1368	1369	120	5.13339
MGG_03519T0	2151	2152	2587	70.4013
MGG_11132T0	2254	2255	2077	53.9407
MGG_00781T0	2271	2272	22	0.567076
MGG_09817T0	2993	2994	166	3.247
MGG_03428T0	792	793	2	0.147701
MGG_00394T0	987	988	12	0.711297
MGG_03585T0	1189	1190	512	25.197
MGG_11091T0	702	703	24	1.99932
MGG_08155T1	1029	1030	105.977	6.0256
MGG_08155T0	1864	1865	1451.02	45.564
MGG_13410T0	555	556	3104	326.944
MGG_14869T0	568	569	287.713	29.6124
MGG_06156T1	3690	3691	81.7177	1.29658
MGG_06156T0	3926	3927	42.2823	0.630557
MGG_16538T0	1485	1486	242	9.53725
MGG_15022T0	799	800	458	33.5276
MGG_02465T0	2209	2210	2099	55.622
MGG_05681T0	1568	1569	375.233	14.0057
MGG_17924T0	267	268	12	2.62224
MGG_04859T0	2176	2177	289.881	7.79809
MGG_16823T0	150	151	23	8.92026
MGG_12929T0	2128	2129	772.536	21.2505
MGG_06076T0	990	991	85	5.0231
MGG_16276T0	1992	1993	158.054	4.64435
MGG_04344T0	2426	2427	1614	38.9458
MGG_05021T0	471	472	274	33.9966
MGG_03764T0	1781	1782	56	1.84038
MGG_04912T0	3314	3315	508	8.97443
MGG_05469T0	444	445	0	0
MGG_16702T0	174	175	0	0
MGG_05790T0	1719	1720	6	0.204291
MGG_17896T0	240	241	1	0.243002
MGG_16665T0	210	211	0	0
MGG_05850T0	1669	1670	1463.88	51.3352
MGG_03968T0	1347	1348	379	16.4655
MGG_06534T0	1895	1896	13314	411.241
MGG_13597T0	1461	1462	19	0.761084
MGG_05238T0	965	966	6171.6	374.151
MGG_11654T0	1440	1441	12	0.48769
MGG_04845T0	741	742	394	31.097
MGG_12025T0	1152	1153	29	1.47297
MGG_11712T0	2936	2937	1271	25.3436
MGG_04122T0	1744	1745	99	3.32251
MGG_14085T0	1568	1569	135.394	5.05364
MGG_09000T0	2160	2161	86	2.33061
MGG_00183T0	5039	5040	1600	18.5916
MGG_05222T0	2861	2862	2900.31	59.3474
MGG_15827T0	237	238	0	0
MGG_04609T0	2921	2922	145	2.90613
MGG_01546T0	249	250	1062	248.778
MGG_03807T0	1641	1642	29	1.03431
MGG_03017T0	2812	2813	1120	23.3171
MGG_17531T0	3220	3221	6506	118.291
MGG_17581T0	576	577	14	1.42095
MGG_09947T0	5437	5438	2111	22.734
MGG_09885T0	2044	2045	537.425	15.3904
MGG_10059T0	1918	1919	3974	121.277
MGG_04711T0	1549	1550	173	6.53644
MGG_05230T0	1674	1675	138	4.82493
MGG_03158T0	3505	3506	14.0261	0.234288
MGG_03313T0	4354	4355	693	9.31905
MGG_03322T0	3278	3279	523	9.34086
MGG_14909T0	398	399	99	14.5308
MGG_11311T0	1815	1816	1768	57.0155
MGG_01050T0	3009	3010	1090	21.2074
MGG_00314T0	1965	1966	776	23.1156
MGG_17285T0	312	313	105.273	19.6971
MGG_08916T0	2301	2302	2040	51.8981
MGG_10927T0	1044	1045	3	0.168125
MGG_03192T0	2451	2452	979	23.3824
MGG_01417T0	2147	2148	61	1.66311
MGG_12568T0	1476	1477	5	0.198251
MGG_08561T0	3265	3266	3520.46	63.1262
MGG_12844T0	2742	2743	439.786	9.3895
MGG_05603T0	1208	1209	323.591	15.6746
MGG_15980T0	378	379	0	0
MGG_05379T0	4468	4469	1890	24.7673
MGG_02789T0	1844	1845	635	20.156
MGG_16839T0	300	301	4	0.778252
MGG_17311T0	590	591	44	4.36005
MGG_03933T0	1500	1501	93	3.62851
MGG_12247T0	663	664	7034	620.384
MGG_00754T0	1829	1830	2493	79.7807
MGG_04802T0	1982	1983	519	15.3275
MGG_17472T0	1806	1807	652	21.1308
MGG_18070T0	264	265	0	0
MGG_15478T0	534	535	527	57.6877
MGG_04744T0	2193	2194	774	20.66
MGG_02464T0	3323	3324	4693	82.683
MGG_06003T0	634	635	3741	345.017
MGG_17915T0	330	331	96	16.9852
MGG_17752T0	345	346	0	0
MGG_12315T0	1094	1095	599	32.0361
MGG_10436T0	402	403	0	0
MGG_10843T0	1713	1714	497	16.9813
MGG_16381T0	285	286	0	0
MGG_11813T0	1044	1045	6955	389.769
MGG_04525T0	1431	1432	1720	70.3416
MGG_05049T0	4330	4331	502	6.78801
MGG_00537T0	2639	2640	1318.6	29.2508
MGG_00537T1	2569	2570	660.396	15.0487
MGG_02656T0	7725	7726	855	6.48094
MGG_15848T0	411	412	11	1.56359
MGG_17036T0	231	232	61	15.3981
MGG_15210T0	1530	1531	3	0.114755
MGG_16741T0	1008	1009	62	3.59855
MGG_00020T0	1524	1525	0	0
MGG_05116T0	2737	2738	284	6.07451
MGG_12114T0	219	220	782	208.166
MGG_11859T0	1475	1476	490	19.4418
MGG_10322T0	1560	1561	394	14.7815
MGG_05960T0	6202	6203	536	5.06046
MGG_03126T0	2230	2231	668	17.5349
MGG_12599T0	2039	2040	361	10.3634
MGG_16845T0	324	325	15	2.70293
MGG_13019T0	801	802	185	13.509
MGG_09367T0	1011	1012	7916	458.091
MGG_06746T0	423	424	48	6.62982
MGG_07609T0	765	766	41	3.1346
MGG_06862T1	3180	3181	1624.26	29.9033
MGG_06862T0	2760	2761	391.736	8.3091
MGG_05686T0	1905	1906	1778	54.6305
MGG_06340T0	675	676	0	0
MGG_10216T0	1464	1465	289	11.5528
MGG_03048T0	3114	3115	958	18.0108
MGG_05108T0	636	637	84	7.72265
MGG_17870T0	195	196	4	1.19517
MGG_03116T0	2789	2790	1520	31.9055
MGG_05101T0	1167	1168	85	4.26189
MGG_12137T0	1820	1821	2605.38	83.7891
MGG_02392T0	192	193	7950	2412.33
MGG_01328T0	710	711	316	26.0282
MGG_11040T0	1820	1821	1952	62.7764
MGG_06257T0	2406	2407	824	20.0483
MGG_01991T0	1996	1997	1656	48.5634
MGG_06723T0	744	745	6402	503.253
MGG_03418T0	2066	2067	5509	156.084
MGG_09946T0	1344	1345	477	20.7693
MGG_03502T0	2679	2680	183	3.99892
MGG_09516T0	3040	3041	1022	19.6816
MGG_02273T0	651	652	821	73.7432
MGG_09539T0	1594	1595	618	22.691
MGG_16201T0	1124	1125	9422	490.475
MGG_17706T0	204	205	18	5.14216
MGG_02763T0	2262	2263	859	22.2298
MGG_14793T0	490	491	1117	133.229
MGG_09793T0	823	824	37	2.62967
MGG_07244T0	1140	1141	310	15.9112
MGG_11472T0	603	604	235	22.7854
MGG_07335T0	2516	2517	7069	164.476
MGG_06131T1	3254	3255	332.311	5.97889
MGG_06131T0	1879	1880	1070.73	33.354
MGG_06131T2	3006	3007	197.947	3.85515
MGG_14388T0	606	607	0	0
MGG_17851T0	180	181	1	0.323555
MGG_04892T0	562	563	7	0.728142
MGG_16071T0	240	241	0	0
MGG_07711T0	2351	2352	1697	42.2543
MGG_03208T0	2729	2730	46	0.986783
MGG_06968T0	2256	2257	666	17.281
MGG_16345T0	294	295	3.03261	0.602035
MGG_17239T0	429	430	40	5.44776
MGG_16959T0	237	238	0	0
MGG_15085T0	3208	3209	321	5.85817
MGG_09926T0	2122	2123	3862	106.534
MGG_17060T1	4863	4864	5058.98	60.9111
MGG_17060T0	2553	2554	544.554	12.4867
MGG_09968T0	944	945	51	3.16057
MGG_11685T0	1977	1978	1167	34.5518
MGG_02125T0	1728	1729	993	33.6342
MGG_01318T0	1257	1258	2959	137.75
MGG_16743T0	3632	3633	282	4.5458
MGG_01867T0	1897	1898	1276	39.3714
MGG_10803T0	1179	1180	7256	360.116
MGG_08467T0	1236	1237	3	0.142029
MGG_14270T0	2408	2409	4264	103.659
MGG_02043T0	1065	1066	27	1.48331
MGG_16661T0	582	583	0	0
MGG_14438T0	441	442	0	0
MGG_15168T0	1261	1262	59	2.73791
MGG_10204T0	1130	1131	373.224	19.3256
MGG_02518T0	3142	3143	422	7.86312
MGG_08562T0	2731	2732	225	4.82312
MGG_03508T0	2693	2694	179	3.89119
MGG_06843T0	2407	2408	2731	66.4189
MGG_03506T0	1725	1726	3609	122.454
MGG_17556T0	501	502	1.0683	0.124628
MGG_15728T0	1944	1945	18	0.541975
MGG_01012T0	4286	4287	1551.38	21.193
MGG_03093T0	1450	1451	2689.01	108.53
MGG_14706T0	1255	1256	0	0
MGG_08276T0	1839	1840	244	7.76602
MGG_01233T1	1936	1937	1762	53.2725
MGG_01233T0	2170	2171	0	0
MGG_10183T0	1322	1323	532.69	23.5798
MGG_09139T0	2864	2865	87	1.77837
MGG_08313T0	957	958	11	0.67244
MGG_10663T0	1710	1711	312	10.679
MGG_07517T0	2768	2769	14591.9	308.615
MGG_09055T0	1260	1261	9603	445.983
MGG_00362T0	1549	1550	588	22.2163
MGG_11561T0	5088	5089	195	2.24403
MGG_09540T0	2380	2381	2814	69.2136
MGG_04956T0	2103	2104	1411	39.2743
MGG_09193T0	1861	1862	12239	384.94
MGG_00779T0	2360	2361	1262	31.3033
MGG_05575T0	894	895	252	16.4894
MGG_03509T0	1572	1573	10	0.372304
MGG_01244T0	4087	4088	2794	40.026
MGG_03427T0	1548	1549	20	0.756145
MGG_06538T0	755	756	4167	322.796
MGG_06832T0	1920	1921	1103	33.626
MGG_05572T0	2901	2902	109.176	2.20322
MGG_17840T0	852	853	28	1.92236
MGG_07677T0	780	781	15	1.12478
MGG_16507T0	870	871	9	0.605133
MGG_10676T0	561	562	1841	191.842
MGG_08108T0	1103	1104	228	12.0946
MGG_04312T0	1308	1309	50	2.23695
MGG_08055T0	1320	1321	1332.36	59.0672
MGG_03056T0	2255	2256	1130	29.3336
MGG_05941T0	1796	1797	164	5.34469
MGG_15041T0	1152	1153	27	1.37139
MGG_04641T0	1910	1911	360.028	11.0332
MGG_03347T0	1537	1538	4448	169.369
MGG_04544T0	1520	1521	503	19.3671
MGG_13058T0	3068	3069	404	7.70923
MGG_16733T0	2356	2357	73	1.8138
MGG_08943T0	1350	1351	0	0
MGG_05045T0	651	652	15	1.34732
MGG_10289T0	1944	1945	1728	52.0296
MGG_00343T0	2987	2988	1254	24.5778
MGG_01891T0	705	706	6	0.497706
MGG_04328T0	1881	1882	1501	46.7076
MGG_16966T0	1560	1561	374	14.0312
MGG_06434T0	990	991	244	14.4193
MGG_08291T0	462	463	454485	57486.4
MGG_04411T0	704	705	291	24.173
MGG_17260T0	303	304	98	18.879
MGG_07402T0	1169	1170	1776	88.8963
MGG_15680T0	168	169	5	1.73265
MGG_15740T0	772	773	37	2.80317
MGG_04629T0	4769	4770	7285	89.4412
MGG_06045T0	1228	1229	1966	93.6825
MGG_00257T0	1095	1096	213	11.3814
MGG_03360T0	2808	2809	1404	29.2713
MGG_06866T0	1228	1229	354	16.8686
MGG_00544T0	588	589	504	50.112
MGG_03481T0	3052	3053	642	12.315
MGG_17086T0	165	166	0	0
MGG_03852T0	1917	1918	767.299	23.4284
MGG_17579T0	474	475	0	0
MGG_15505T0	600	601	13	1.26676
MGG_02216T1	1498	1499	808.865	31.601
MGG_02216T0	1551	1552	373.044	14.0765
MGG_15787T0	1129	1130	0	0
MGG_14814T0	2011	2012	968.986	28.2043
MGG_01764T0	1423	1424	135.602	5.57679
MGG_02056T0	2791	2792	223	4.67752
MGG_17057T0	1050	1051	127	7.07665
MGG_15362T0	736	737	6	0.476772
MGG_09674T0	1659	1660	0	0
MGG_13033T0	1720	1721	1236	42.0595
MGG_14404T0	2181	2182	349.731	9.38655
MGG_02272T0	1581	1582	4	0.148074
MGG_17834T0	710	711	56	4.61259
MGG_16624T0	168	169	0	0
MGG_05607T0	2529	2530	1843.41	42.6706
MGG_10356T0	1470	1471	247	9.83356
MGG_00097T0	1908	1909	322.72	9.90026
MGG_09156T0	1840	1841	233	7.41189
MGG_00778T0	1800	1801	563	18.3072
MGG_16320T0	222	223	0	0
MGG_07733T0	966	967	3	0.181686
MGG_12646T0	3316	3317	2070	36.547
MGG_06320T0	4624	4625	7780	98.5132
MGG_16756T0	3007	3008	2622	51.0483
MGG_00697T0	1186	1187	1031	50.8668
MGG_05683T0	4700	4701	273	3.40094
MGG_07346T0	1107	1108	366	19.345
MGG_00266T0	867	868	0	0
MGG_18023T0	342	343	4	0.682956
MGG_09029T0	1529	1530	969	37.0902
MGG_10312T0	1743	1744	470	15.7826
MGG_13974T0	360	361	0	0
MGG_16005T0	213	214	0	0
MGG_10299T0	684	685	9	0.769447
MGG_17414T0	198	199	23	6.76864
MGG_04458T0	1479	1480	295	11.6731
MGG_09778T0	2190	2191	89	2.37889
MGG_16663T0	186	187	0	0
MGG_05209T0	3383	3384	1570	27.1704
MGG_14831T0	7755	7756	2157	16.2869
MGG_00467T0	3121	3122	373	6.99685
MGG_01679T0	1073	1074	4399.87	239.918
MGG_09706T0	2102	2103	697	19.4098
MGG_02218T0	1005	1006	30	1.74642
MGG_10334T0	2047	2048	1039	29.7107
MGG_11915T0	267	268	44	9.61489
MGG_00884T0	2176	2177	4697	126.354
MGG_14737T0	1609	1610	126.217	4.59111
MGG_12300T0	1308	1309	7685	343.82
MGG_01006T0	1062	1063	1888.74	104.056
MGG_08983T0	1370	1371	430	18.3678
MGG_04648T0	2224	2225	1106	29.1106
MGG_13192T0	2749	2750	3190	67.9336
MGG_03705T0	3261	3262	1476	26.499
MGG_00839T0	1101	1102	739	39.2726
MGG_01506T0	1533	1534	1522	58.1053
MGG_09734T0	3869	3870	505	7.642
MGG_17090T0	336	337	8	1.39023
MGG_03930T0	501	502	7199	839.837
MGG_09412T0	3091	3092	3079.01	58.3173
MGG_10477T0	888	889	1068	70.3552
MGG_01311T0	3220	3221	1786	32.4726
MGG_11674T0	327	328	2	0.357094
MGG_07202T0	2074	2075	7243	204.422
MGG_09964T0	2205	2206	1	0.0265473
MGG_03494T0	1383	1384	2349	99.3971
MGG_01977T0	2208	2209	630	16.7021
MGG_18028T0	599	600	9	0.878452
MGG_16239T0	758	759	7	0.540111
MGG_05248T0	1105	1106	8993.22	476.197
MGG_09833T0	1646	1647	165.253	5.87601
MGG_10856T0	821	822	389.644	27.7602
MGG_04185T0	4021	4022	1873	27.2723
MGG_14703T0	1158	1159	125	6.31616
MGG_12392T0	3472	3473	246	4.14817
MGG_04806T0	1503	1504	1429	55.6431
MGG_09303T0	3690	3691	2985	47.3617
MGG_16116T0	4641	4642	531	6.69909
MGG_05528T0	1291	1292	7821	354.508
MGG_16061T0	384	385	14	2.12958
MGG_16830T0	2663	2664	294	6.46308
MGG_03374T0	1501	1502	101	3.93802
MGG_08647T0	1420	1421	237	9.76744
MGG_17496T0	213	214	0	0
MGG_15293T0	1200	1201	648	31.5979
MGG_11216T0	2830	2831	1986	41.0834
MGG_14609T0	1347	1348	185	8.03727
MGG_05044T0	4539	4540	194	2.50249
MGG_09902T0	867	868	1811	122.187
MGG_17938T0	640	641	0	0
MGG_16374T0	1424	1425	354	14.5484
MGG_07885T0	2543	2544	124.312	2.86169
MGG_14151T0	2124	2125	19	0.523626
MGG_14667T0	966	967	140	8.47868
MGG_12163T0	636	637	1048	96.3493
MGG_01423T0	2367	2368	3937.27	97.3733
MGG_13948T0	1305	1306	306	13.7216
MGG_00294T0	2013	2014	382	11.1079
MGG_08287T0	1565	1566	434.898	16.2638
MGG_08287T1	1399	1400	299.102	12.5117
MGG_10321T0	1773	1774	333	10.993
MGG_02517T0	3555	3556	860	14.1633
MGG_17459T0	570	571	8	0.820504
MGG_05570T0	976	977	128	7.67259
MGG_17954T0	482	483	19	2.30374
MGG_17857T0	420	421	2	0.278211
MGG_15350T0	450	451	29	3.76572
MGG_12679T0	1458	1459	48	1.92669
MGG_02922T0	1672	1673	204.469	7.15746
MGG_03225T0	2492	2493	1776	41.7203
MGG_08589T0	1486	1487	354.392	13.9572
MGG_07287T0	3294	3295	2605	46.2998
MGG_15964T0	249	250	4.0075	0.938772
MGG_05600T0	2544	2545	470	10.8153
MGG_08464T0	1053	1054	1946	108.126
MGG_17982T0	1783	1784	553.787	18.1792
MGG_00529T0	4579	4580	847	10.8304
MGG_04332T0	1101	1102	13	0.690857
MGG_03178T0	2517	2518	518	12.0476
MGG_02692T0	954	955	229	14.043
MGG_05938T0	1456	1457	394	15.8366
MGG_10774T0	388	389	0	0
MGG_03881T0	4342	4343	934.545	12.6019
MGG_07937T0	1173	1174	895	44.6459
MGG_16744T0	3529	3530	845	14.0187
MGG_15040T0	1143	1144	5	0.255959
MGG_17832T0	390	391	5	0.748893
MGG_10766T0	1593	1594	0	0
MGG_11343T0	2690	2691	1331	28.9662
MGG_15263T0	1132	1133	14	0.723644
MGG_00844T0	3350	3351	2034.89	35.5626
MGG_01578T0	2198	2199	9506	253.162
MGG_18120T0	162	163	19	6.82641
MGG_03067T0	5536	5537	57	0.602875
MGG_00174T0	2875	2876	968	19.7112
MGG_02234T0	537	538	32	3.48333
MGG_17520T0	165	166	74	26.1066
MGG_16610T0	543	544	1	0.107653
MGG_16410T0	2752	2753	823	17.5073
MGG_09330T0	1860	1861	1867	58.7523
MGG_10447T0	1507	1508	47345	1838.65
MGG_13510T0	2264	2265	281.716	7.28399
MGG_16237T0	588	589	23	2.28686
MGG_07103T0	5120	5121	1466.44	16.7702
MGG_10051T0	1244	1245	2138	100.569
MGG_17049T0	444	445	72	9.47543
MGG_16509T0	771	772	33	2.50336
MGG_12828T0	2491	2492	3192	75.0139
MGG_10187T0	3272	3273	3832.67	68.5776
MGG_01052T0	2648	2649	638	14.1047
MGG_06220T0	1329	1330	225	9.90735
MGG_15531T0	464	465	2	0.251886
MGG_07220T0	1629	1630	1381	49.6173
MGG_09916T0	1330	1331	6587	289.825
MGG_17580T0	369	370	0	0
MGG_01298T0	1490	1491	33	1.29617
MGG_18091T0	105	106	0	0
MGG_16789T0	273	274	0	0
MGG_09360T0	1668	1669	87.427	3.06772
MGG_10701T0	1116	1117	114	5.97693
MGG_03416T0	603	604	496	48.0918
MGG_03746T0	1059	1060	31	1.7127
MGG_14711T0	2397	2398	235	5.73912
MGG_01110T0	682	683	4477	383.878
MGG_01690T0	963	964	1119	67.9798
MGG_08214T0	423	424	0	0
MGG_17025T0	480	481	5.00922	0.60989
MGG_02720T0	1077	1078	139	7.55132
MGG_05157T0	931	932	132	8.29439
MGG_16076T0	600	601	1141.2	111.203
MGG_16379T0	315	316	264	48.9264
MGG_04831T0	3991	3992	1158.9	17.0013
MGG_08152T0	1710	1711	3215	110.042
MGG_10685T0	2688	2689	2484	54.0988
MGG_10916T0	2332	2333	1	0.0251022
MGG_08367T0	3203	3204	2370	43.3194
MGG_00867T0	1052	1053	1379	76.6942
MGG_08663T0	2989	2990	3531.58	69.1711
MGG_01292T0	2284	2285	660	16.9155
MGG_07912T0	1997	1998	1321	38.7199
MGG_07398T0	417	418	0	0
MGG_15367T0	384	385	9	1.36902
MGG_00296T0	2665	2666	3791.53	83.2877
MGG_10371T0	843	844	339	23.5225
MGG_05940T0	1429	1430	1028	42.1002
MGG_10806T0	3129	3130	227	4.24725
MGG_02719T0	2713	2714	1646	35.5178
MGG_03389T0	1897	1898	3072	94.7876
MGG_08346T0	1071	1072	13	0.710191
MGG_17639T0	585	586	0	0
MGG_01997T0	1301	1302	32	1.43935
MGG_16425T0	1994	1995	194	5.69489
MGG_13884T0	597	598	3	0.293797
MGG_04070T0	2408	2409	1091	26.5225
MGG_02095T0	996	997	627	36.8298
MGG_13308T0	2100	2101	137	3.81875
MGG_00215T0	927	928	7	0.44175
MGG_01114T0	1410	1411	104	4.31651
MGG_06198T0	3375	3376	2502	43.4022
MGG_16267T0	502	503	23	2.67785
MGG_15935T0	225	226	0	0
MGG_14595T0	969	970	635	38.3379
MGG_08318T0	1474	1475	192	7.62317
MGG_01667T0	642	643	7388	672.888
MGG_02521T0	1806	1807	546	17.6954
MGG_16537T0	348	349	0	0
MGG_17284T0	1068	1069	0	0
MGG_13782T0	1305	1306	18619	834.91
MGG_07373T0	666	667	0	0
MGG_07965T0	1216	1217	48	2.30982
MGG_03597T0	2951	2952	710	14.0854
MGG_06676T0	783	784	392.801	29.3416
MGG_10429T0	1893	1894	4622	142.915
MGG_12335T0	2622	2623	2327	51.9547
MGG_17288T0	817	818	43.1672	3.09049
MGG_11317T0	3122	3123	4481	84.0291
MGG_14173T0	6297	6298	1660	15.4359
MGG_04608T0	3967	3968	887	13.0912
MGG_06782T0	2283	2284	133	3.41022
MGG_16630T0	1434	1435	2239	91.3753
MGG_15700T0	2138	2139	40660	1113.23
MGG_11999T0	1549	1550	37	1.39797
MGG_06735T0	2853	2854	1446	29.6716
MGG_13591T0	6960	6961	2	0.0168262
MGG_04879T0	1442	1443	671	27.2322
MGG_07646T0	2592	2593	9	0.203267
MGG_13783T0	3948	3949	2635	39.0769
MGG_00156T0	966	967	84	5.08721
MGG_10335T0	345	346	0	0
MGG_10569T0	2042	2043	1881	53.9197
MGG_01906T0	1340	1341	177	7.72985
MGG_17169T0	1848	1849	396	12.5425
MGG_17814T0	735	736	83	6.6043
MGG_15461T0	528	529	0	0
MGG_03432T0	2136	2137	3	0.0822135
MGG_03376T0	3539	3540	2400	39.704
MGG_13798T0	1092	1093	384	20.5749
MGG_12142T0	195	196	1	0.298793
MGG_11774T0	2541	2542	1764	40.6396
MGG_08542T0	3716	3717	36	0.5672
MGG_10276T0	597	598	0	0
MGG_05203T0	1488	1489	5048	198.541
MGG_05446T0	1667	1668	1059.15	37.1867
MGG_04933T0	2979	2980	473	9.29547
MGG_16924T0	1441	1442	260	10.5593
MGG_07603T0	969	970	304	18.3539
MGG_08146T0	2422	2423	2853.43	68.9668
MGG_06129T0	1222	1223	546	26.1453
MGG_02536T0	2986	2987	2060	40.3886
MGG_04451T0	435	436	76	10.2083
MGG_11063T0	2058	2059	949	26.9921
MGG_05283T0	1791	1792	2327.85	76.0752
MGG_03330T0	1708	1709	733	25.1182
MGG_05827T0	1329	1330	0	0
MGG_16941T0	378	379	0	0
MGG_00579T0	1122	1123	15	0.782237
MGG_09850T0	5182	5183	4162	47.027
MGG_13787T0	162	163	1608	577.73
MGG_03491T0	2010	2011	92.2837	2.68744
MGG_07011T0	2254	2255	223	5.79142
MGG_08670T0	1539	1540	183	6.95916
MGG_18033T0	162	163	0	0
MGG_00190T0	1455	1456	1342	53.9781
MGG_15303T0	366	367	1	0.159573
MGG_15145T0	1114	1115	129.403	6.79666
MGG_05405T0	1413	1414	2	0.0828337
MGG_06392T0	1943	1944	4686	141.167
MGG_05170T0	1353	1354	1354.39	58.5805
MGG_16990T0	1682	1683	70	2.43579
MGG_09743T0	1051	1052	1486	82.7237
MGG_12354T0	912	913	476.329	30.5536
MGG_06544T0	2200	2201	924.138	24.5891
MGG_09648T0	570	571	36	3.69227
MGG_17894T0	471	472	57	7.07228
MGG_11746T0	679	680	62	5.33961
MGG_13262T0	2649	2650	93.0157	2.05559
MGG_11351T0	3611	3612	1021	16.5541
MGG_17380T0	243	244	8	1.92011
MGG_16728T0	1526	1527	3510	134.615
MGG_09486T0	920	921	204	12.9717
MGG_17800T0	291	292	0	0
MGG_16586T0	303	304	6	1.15586
MGG_01674T0	5524	5525	9646	102.245
MGG_06360T0	5446	5447	1365	14.6758
MGG_13031T0	2451	2452	562	13.4228
MGG_05530T0	1197	1198	366	17.8917
MGG_08446T0	2016	2017	125	3.62937
MGG_14513T0	1881	1882	1238.85	38.5501
MGG_00966T0	1932	1933	3528	106.887
MGG_03677T0	1700	1701	822	28.3005
MGG_09380T0	1032	1033	0	0
MGG_15036T0	654	655	225	20.1172
MGG_04013T0	763	764	947	72.5911
MGG_04564T0	3344	3345	13470	235.829
MGG_08372T0	321	322	0	0
MGG_02339T0	465	466	612	76.9117
MGG_09146T0	1484	1485	57	2.24789
MGG_10412T0	3126	3127	455	8.52138
MGG_03044T0	1622	1623	591	21.3253
MGG_03584T0	1764	1765	10205	338.606
MGG_09459T0	1263	1264	603	27.9381
MGG_14069T0	3003	3004	17	0.331418
MGG_15121T0	513	514	45	5.12715
MGG_00432T0	999	1000	68992	4040.41
MGG_07737T0	8347	8348	499	3.50062
MGG_07061T0	2505	2506	306	7.151
MGG_07744T0	2045	2046	413	11.8215
MGG_01801T0	2417	2418	315	7.62923
MGG_17797T0	657	658	9	0.80102
MGG_08747T0	672	673	0	0
MGG_05657T0	890	891	5182	340.601
MGG_15418T0	945	946	6.04405	0.374165
MGG_08546T0	507	508	35	4.03488
MGG_00906T0	1483	1484	264.24	10.4277
MGG_04038T0	2198	2199	5125.9	136.512
MGG_04074T0	1740	1741	212	7.13122
MGG_09124T0	6221	6222	3127	29.4323
MGG_05643T0	6387	6388	842	7.71923
MGG_07598T0	1581	1582	2	0.0740372
MGG_16209T0	396	397	5	0.737575
MGG_01369T0	2046	2047	359	10.2708
MGG_06650T0	1867	1868	7760	243.283
MGG_02120T0	1803	1804	4	0.129852
MGG_02112T0	1346	1347	131	5.69548
MGG_03457T0	843	844	267	18.5266
MGG_11732T0	1886	1887	484	15.021
MGG_02665T0	6411	6412	1541	14.0746
MGG_17577T0	381	382	8	1.22646
MGG_08429T0	2182	2183	324	8.69196
MGG_09392T0	3407	3408	23432	402.658
MGG_15094T0	1506	1507	38	1.47672
MGG_00849T0	2132	2133	555	15.238
MGG_17108T0	216	217	8	2.15902
MGG_06953T0	918	919	5485	349.533
MGG_07723T0	1634	1635	138	4.94297
MGG_09220T0	381	382	0	0
MGG_13713T0	849	850	174	11.9883
MGG_07462T0	1929	1930	1354	41.0854
MGG_04468T0	3850	3851	3377	51.3552
MGG_14377T0	304	305	0	0
MGG_04660T0	2087	2088	2217	62.1816
MGG_04170T0	2187	2188	123	3.29219
MGG_02595T0	3243	3244	3685.91	66.5412
MGG_15807T0	1568	1569	1296.87	48.406
MGG_01502T0	2902	2903	1237.55	24.9657
MGG_10494T0	2495	2496	2364.41	55.476
MGG_03202T0	1059	1060	435	24.0331
MGG_02764T0	1995	1996	88	2.58196
MGG_05466T0	3079	3080	197	3.74578
MGG_00390T0	780	781	36	2.69947
MGG_03956T0	1019	1020	894	51.3291
MGG_10071T0	1599	1600	0	0
MGG_00373T0	4354	4355	4416	59.3837
MGG_09480T0	1395	1396	1100	46.146
MGG_17920T0	273	274	141	30.1367
MGG_02843T0	2315	2316	680.064	17.1964
MGG_01887T0	3580	3581	161	2.63298
MGG_00260T0	858	859	18	1.22717
MGG_00949T0	2027	2028	1490	43.0274
MGG_13449T0	2114	2115	1	0.0276896
MGG_12745T0	2247	2248	791	20.6066
MGG_07150T0	3926	3927	1611	24.0249
MGG_13894T0	1833	1834	505	16.1257
MGG_10744T0	2107	2108	26947	748.629
MGG_09384T0	1850	1851	645	20.407
MGG_10530T0	1596	1597	234	8.58099
MGG_12869T0	3383	3384	1905	32.9679
MGG_04674T0	3459	3460	2141	36.2382
MGG_00746T0	4908	4909	994	11.8582
MGG_01654T0	2769	2770	1912	40.4236
MGG_08595T0	1384	1385	2705.59	114.403
MGG_12739T0	1575	1576	1926	71.5693
MGG_16746T0	408	409	5	0.715935
MGG_01670T0	2263	2264	1286	33.2653
MGG_04319T0	1320	1321	156.602	6.9426
MGG_00123T0	4347	4348	1814.87	24.4446
MGG_04946T0	1372	1373	625	26.6585
MGG_11026T0	2750	2751	1007	21.4371
MGG_09627T0	474	475	0	0
MGG_01219T0	1164	1165	3093	155.482
MGG_03141T0	2335	2336	968.222	24.2733
MGG_01392T0	546	547	6	0.642378
MGG_13775T0	572	573	1190	121.624
MGG_17655T0	890	891	1052.09	69.1514
MGG_03027T0	2411	2412	289	7.01693
MGG_05143T0	1233	1234	201	9.5391
MGG_10070T0	1542	1543	0	0
MGG_03414T0	1285	1286	812	36.9779
MGG_00802T0	1479	1480	538	21.2886
MGG_17051T0	153	154	16	6.08451
MGG_15125T0	474	475	7	0.86304
MGG_06127T0	1228	1229	11303.1	538.606
MGG_10926T0	1082	1083	684	36.9874
MGG_17110T0	343	344	78	13.2789
MGG_06523T0	1971	1972	82.4469	2.44847
MGG_07027T0	7155	7156	3273	26.7857
MGG_15642T0	159	160	0	0
MGG_06461T0	1668	1669	252.64	8.86486
MGG_09514T0	1867	1868	619	19.4062
MGG_03964T0	2414	2415	1418	34.3863
MGG_06964T0	1700	1701	4066	139.988
MGG_17537T0	905	906	19.2799	1.24624
MGG_16759T0	330	331	0	0
MGG_04556T0	1577	1578	631	23.418
MGG_15185T0	1197	1198	1224	59.8344
MGG_15392T0	1170	1171	0	0
MGG_02045T0	3752	3753	769	11.9998
MGG_18115T0	471	472	23.5363	2.92026
MGG_17871T0	960	961	25	1.5235
MGG_09199T0	2144	2145	351	9.58311
MGG_02593T0	1065	1066	81	4.44994
MGG_00810T0	2057	2058	980.073	27.8894
MGG_00937T0	5954	5955	1047	10.2965
MGG_01100T0	1955	1956	588	17.605
MGG_06861T0	492	493	14	1.66306
MGG_05176T0	2798	2799	2384	49.8804
MGG_17709T0	249	250	0	0
MGG_03465T0	2301	2302	1237	31.4696
MGG_14400T0	3891	3892	6	0.0902828
MGG_17745T0	216	217	0	0
MGG_00181T0	1503	1504	657	25.5826
MGG_03413T0	2433	2434	639	15.3747
MGG_15089T0	757	758	264.101	20.4045
MGG_03080T0	3331	3332	712	12.5142
MGG_17900T0	3561	3562	4892	80.4302
MGG_15193T0	828	829	0	0
MGG_16562T0	564	565	0	0
MGG_10265T0	1711	1712	728	24.9031
MGG_14902T0	1978	1979	3961	117.216
MGG_13172T0	2622	2623	671	14.9813
MGG_12095T0	1451	1452	13155.5	530.601
MGG_03983T0	1810	1811	1036.8	33.5275
MGG_04926T0	2112	2113	9518	263.799
MGG_04087T0	2097	2098	1685	47.035
MGG_13790T0	6147	6148	986	9.39225
MGG_15225T0	444	445	93	12.2391
MGG_11597T0	2808	2809	6049	126.113
MGG_06635T0	1764	1765	38	1.26086
MGG_11878T0	2367	2368	1499	37.072
MGG_15874T0	528	529	9827	1087.91
MGG_05944T0	2263	2264	927.707	23.9972
MGG_07468T0	4904	4905	3706	44.2479
MGG_16219T0	2535	2536	6290	145.254
MGG_04066T0	4758	4759	2678	32.955
MGG_13805T0	1200	1201	310	15.1163
MGG_03700T0	5906	5907	458	4.54072
MGG_10247T0	1509	1510	26	1.00838
MGG_16964T0	669	670	31	2.70965
MGG_08988T0	2422	2423	6	0.145019
MGG_07327T0	3895	3896	4359.4	65.5291
MGG_10042T0	594	595	0	0
MGG_09942T0	2185	2186	730	19.5569
MGG_05220T0	5108	5109	3315	37.9992
MGG_07135T0	873	874	821	55.0121
MGG_06008T0	768	769	34	2.58928
MGG_09109T0	1174	1175	1.00279	0.0499803
MGG_16072T0	225	226	0	0
MGG_09364T0	789	790	207	15.3451
MGG_00896T0	3265	3266	845	15.1519
MGG_08118T0	2567	2568	10559	240.799
MGG_00594T0	6781	6782	1708	14.7488
MGG_03549T0	2805	2806	475	9.91363
MGG_09923T0	2389	2390	1571	38.4951
MGG_05955T0	2949	2950	465	9.23119
MGG_17363T0	228	229	634	162.136
MGG_05464T0	3092	3093	172	3.25668
MGG_06674T0	3310	3311	740.849	13.1038
MGG_05038T0	2300	2301	202	5.14116
MGG_14291T0	1803	1804	95	3.084
MGG_07271T0	1535	1536	999	38.0891
MGG_06583T0	1841	1842	654	20.7929
MGG_01521T0	1314	1315	4243	188.962
MGG_04583T0	1152	1153	41	2.08248
MGG_09554T0	1491	1492	504	19.7828
MGG_15255T0	743	744	0	0
MGG_16656T0	270	271	0	0
MGG_02466T0	1095	1096	12066	644.732
MGG_04240T0	1356	1357	260	11.2207
MGG_18107T0	756	757	0	0
MGG_16022T0	299	300	0	0
MGG_06457T0	4142	4143	2844	40.2014
MGG_02240T0	4064	4065	1825	26.2923
MGG_03185T0	2489	2490	30663	721.176
MGG_06992T0	2924	2925	1671.81	33.4725
MGG_00678T0	1070	1071	183	10.0066
MGG_00788T0	1238	1239	1176	55.5856
MGG_03466T0	618	619	5	0.473049
MGG_07142T0	1453	1454	388	15.6277
MGG_17299T0	468	469	0	0
MGG_03870T0	3006	3007	475	9.25096
MGG_16154T0	2367	2368	321.151	7.94243
MGG_03121T0	3824	3825	1285	19.6743
MGG_17202T0	156	157	38	14.1746
MGG_05893T0	787	788	15	1.11479
MGG_17290T0	207	208	3	0.844665
MGG_16042T0	867	868	15	1.01204
MGG_06401T0	2854	2855	656.947	13.4757
MGG_09414T0	1053	1054	6678	371.05
MGG_15514T0	481	482	0	0
MGG_04561T0	1069	1070	39	2.13456
MGG_10098T0	1593	1594	33	1.21242
MGG_09677T0	1801	1802	22	0.714981
MGG_13428T0	1817	1818	43	1.38516
MGG_13963T0	1955	1956	183	5.4791
MGG_05413T0	2251	2252	263	6.83934
MGG_06240T0	2260	2261	429.623	11.1279
MGG_03648T0	1800	1801	54.2529	1.76415
MGG_17660T0	420	421	0	0
MGG_04549T0	4933	4934	1547	18.3619
MGG_05197T0	2697	2698	3962	86.0001
MGG_05961T0	2047	2048	453	12.9537
MGG_17192T0	258	259	1	0.226114
MGG_06356T0	1903	1904	1227	37.7402
MGG_08453T0	1901	1902	95	2.92509
MGG_07235T0	1122	1123	3113	162.34
MGG_05890T0	4271	4272	1992	27.3077
MGG_17563T0	513	514	0	0
MGG_00061T0	828	829	43	3.03767
MGG_12944T0	3243	3244	10764	194.321
MGG_03624T0	706	707	53	4.39019
MGG_08596T0	1954	1955	773	23.1558
MGG_02342T0	2559	2560	4144	94.7996
MGG_11634T0	3420	3421	5794	99.1864
MGG_03343T0	2929	2930	623	12.4522
MGG_03711T0	2074	2075	344	9.70883
MGG_09018T0	1799	1800	268.172	8.72505
MGG_00073T0	2720	2721	729	15.6901
MGG_12086T0	1140	1141	57.2699	2.93946
MGG_16263T0	335	336	38	6.62325
MGG_07348T0	489	490	10	1.19517
MGG_05641T0	1608	1609	24	0.873538
MGG_08982T0	1002	1003	62	3.62007
MGG_10679T0	816	817	467.228	33.4914
MGG_08143T0	2288	2289	1099	28.1176
MGG_10318T0	534	535	0	0
MGG_05272T0	3393	3394	610	10.5255
MGG_16278T0	738	739	28	2.21891
MGG_13481T0	2919	2920	948	19.0131
MGG_03381T0	613	614	14	1.33532
MGG_04197T0	2158	2159	9891	268.296
MGG_08989T0	1184	1185	641	31.6786
MGG_18005T0	276	277	16	3.38273
MGG_00010T0	1668	1669	0	0
MGG_09667T0	1180	1181	175	8.6779
MGG_13375T0	1866	1867	562	17.6286
MGG_02490T0	1277	1278	4225.53	193.632
MGG_02817T0	2202	2203	373	9.91565
MGG_02088T0	6450	6451	6979.33	63.3597
MGG_17310T0	573	574	5	0.510135
MGG_15577T0	1554	1555	2226	83.8342
MGG_05924T0	1749	1750	6035	201.96
MGG_14557T0	294	295	17	3.37484
MGG_08685T0	567	568	818	84.3396
MGG_16690T0	636	637	36	3.30971
MGG_16526T0	806	807	254	18.4326
MGG_03527T0	2879	2880	1149.2	23.3684
MGG_06646T0	2132	2133	13510	370.929
MGG_10297T0	2051	2052	14	0.399556
MGG_04071T0	159	160	31	11.3467
MGG_05265T0	4020	4021	1367	19.9095
MGG_08053T0	1755	1756	742	24.7461
MGG_02268T0	1938	1939	217	6.55403
MGG_09484T0	3822	3823	4445	68.0917
MGG_08765T0	4285	4286	15843	216.477
MGG_11236T0	2834	2835	3396.13	70.1548
MGG_00137T0	4057	4058	620.724	8.95805
MGG_08692T0	2256	2257	4002.26	103.849
MGG_17320T0	156	157	3	1.11905
MGG_10259T0	681	682	0	0
MGG_03000T0	3634	3635	1660	26.7442
MGG_09130T0	1530	1531	2	0.0765035
MGG_00148T0	1076	1077	12.0249	0.653871
MGG_17420T0	820	821	124	8.84515
MGG_16233T0	1032	1033	31	1.75747
MGG_15621T0	615	616	354.831	33.734
MGG_15601T0	4951	4952	20021	236.773
MGG_02723T0	1559	1560	286	10.7366
MGG_17082T0	442	443	2	0.264395
MGG_09840T0	1362	1363	804	34.5451
MGG_02791T0	387	388	1	0.150937
MGG_06585T0	1427	1428	4814	197.426
MGG_06293T0	786	787	32308	2404.15
MGG_09965T0	3201	3202	898	16.4241
MGG_03201T0	3063	3064	2741	52.3898
MGG_12307T0	1260	1261	3951.87	183.533
MGG_03532T0	3767	3768	3665.79	56.9749
MGG_07458T0	3314	3315	875	15.4579
MGG_15525T0	1707	1708	63	2.16013
MGG_16788T0	243	244	0	0
MGG_01077T0	2129	2130	2445	67.2242
MGG_01444T0	1886	1887	3036	94.2229
MGG_04684T0	2214	2215	263	6.95358
MGG_05260T0	5721	5722	906	9.27272
MGG_03396T0	2986	2987	147	2.8821
MGG_07293T0	2307	2308	763	19.3604
MGG_08154T0	675	676	325	28.1555
MGG_15652T0	482	483	17	2.06124
MGG_04343T0	1561	1562	504.265	18.9062
MGG_17338T0	564	565	0	0
MGG_09241T0	1211	1212	26	1.25631
MGG_02502T0	1851	1852	297	9.39165
MGG_07068T0	1427	1428	2962	121.474
MGG_02953T0	1124	1125	6506	338.679
MGG_09439T0	750	751	119	9.27969
MGG_00770T0	2081	2082	2854	80.2786
MGG_12272T0	889	890	513.113	33.7637
MGG_15808T0	1040	1041	325	18.2835
MGG_00062T0	2916	2917	3228	64.8073
MGG_01310T0	1775	1776	728	24.0057
MGG_04539T0	306	307	464	88.5128
MGG_06689T0	2218	2219	3551	93.7174
MGG_04489T0	1337	1338	20326	889.657
MGG_15681T0	966	967	6	0.363372
MGG_04687T0	1629	1630	2872	103.187
MGG_02432T0	3667	3668	4498	71.8153
MGG_08851T0	1344	1345	1152	50.1599
MGG_03653T0	1088	1089	8787	472.541
MGG_16419T0	2917	2918	403	8.0881
MGG_03213T0	2245	2246	88	2.29456
MGG_14604T0	387	388	50	7.54684
MGG_17514T0	2359	2360	557	13.822
MGG_08554T0	2287	2288	806	20.6303
MGG_01086T0	1507	1508	1840.9	71.4915
MGG_00547T0	1041	1042	986	55.4161
MGG_04846T0	617	618	1	0.0947629
MGG_07155T0	4740	4741	920	11.3643
MGG_07180T0	1250	1251	269	12.5928
MGG_00457T0	1676	1677	373	13.0257
MGG_06088T0	1218	1219	248	11.9145
MGG_15778T0	207	208	3	0.844665
MGG_00512T0	363	364	50	8.04443
MGG_01922T0	1387	1388	63447	2677
MGG_15271T0	466	467	4	0.501614
MGG_15857T0	237	238	0	0
MGG_02318T0	744	745	176	13.8351
MGG_03038T0	2611	2612	501	11.2329
MGG_10408T0	1503	1504	3	0.116815
MGG_04112T0	1888	1889	2223	68.9182
MGG_17092T0	264	265	18	3.97789
MGG_07294T0	1617	1618	127	4.59676
MGG_07043T0	1513	1514	931	36.0123
MGG_08173T0	2799	2800	2109	44.1108
MGG_07595T0	1810	1811	5	0.161688
MGG_01033T0	1878	1879	151.489	4.72152
MGG_08619T0	1077	1078	448	24.3381
MGG_09572T0	795	796	412	30.3117
MGG_17254T0	219	220	7	1.86338
MGG_07844T0	1524	1525	25	0.960057
MGG_15987T0	1362	1363	3.54407	0.152276
MGG_14697T0	366	367	3	0.47872
MGG_12664T0	1075	1076	140	7.61978
MGG_05320T0	3020	3021	3551	68.8377
MGG_15535T0	4148	4149	427	6.02714
MGG_00130T0	1973	1974	510	15.1304
MGG_12203T0	1553	1554	228	8.59232
MGG_15093T0	1818	1819	81	2.60783
MGG_04907T0	1215	1216	12	0.577929
MGG_05750T0	1460	1461	259	10.3819
MGG_16480T0	669	670	0	0
MGG_14714T0	2257	2258	1179	30.5785
MGG_03609T0	570	571	9115	934.861
MGG_09288T0	177	178	45	14.8054
MGG_08374T0	1583	1584	301	11.1285
MGG_10497T0	1094	1095	153	8.18284
MGG_04195T0	2879	2880	1084	22.0426
MGG_06304T0	1583	1584	413	15.2694
MGG_16899T0	345	346	0	0
MGG_04404T0	1774	1775	53	1.74866
MGG_15241T0	1528	1529	2920	111.841
MGG_14179T0	672	673	987	85.8873
MGG_07675T0	1164	1165	362	18.1974
MGG_10147T0	2672	2673	581.937	12.7498
MGG_11178T0	7302	7303	3363	26.9682
MGG_06275T0	2358	2359	203	5.03958
MGG_15232T0	324	325	4	0.720781
MGG_05213T0	2789	2790	703	14.7563
MGG_17651T0	378	379	0	0
MGG_02142T0	4086	4087	5477	78.481
MGG_04241T0	2045	2046	1344.95	38.497
MGG_16589T0	252	253	0	0
MGG_15000T0	5603	5604	360.806	3.77053
MGG_02662T0	1210	1211	161	7.78589
MGG_01367T0	672	673	1214	105.64
MGG_09753T0	813	814	37	2.66197
MGG_17978T0	1292	1293	544	24.6392
MGG_05046T0	3776	3777	65	1.00784
MGG_05945T0	1362	1363	84	3.60919
MGG_03134T0	3245	3246	2385	43.0295
MGG_08254T0	864	865	15	1.01555
MGG_17694T0	1404	1405	2070	86.2821
MGG_07181T0	959	960	1332	81.2568
MGG_10721T0	1047	1048	68	3.79992
MGG_08289T0	1878	1879	15	0.46751
MGG_06993T0	1315	1316	1863	82.9055
MGG_03754T0	2455	2456	324	7.7258
MGG_01924T0	2008	2009	417	12.1558
MGG_03542T0	4401	4402	2917	38.8073
MGG_04463T0	2384	2385	1218.65	29.9238
MGG_10452T0	1114	1115	43	2.2585
MGG_15401T0	318	319	2	0.367169
MGG_03383T0	1776	1777	20537	676.825
MGG_08932T0	4545	4546	763.899	9.84086
MGG_14967T0	17850	17851	2234.3	7.33004
MGG_17201T0	309	310	23.6836	4.47418
MGG_00622T0	2666	2667	1592.29	34.9644
MGG_01830T0	996	997	124	7.28372
MGG_18135T0	1482	1483	646	25.5104
MGG_17220T0	2190	2191	17.9757	0.480475
MGG_13036T0	999	1000	4	0.234254
MGG_08601T0	3101	3102	4405	83.1631
MGG_07316T0	4074	4075	2168.65	31.1665
MGG_04741T0	1060	1061	2127	117.403
MGG_07326T0	1616	1617	235.599	8.53279
MGG_14287T0	357	358	0	0
MGG_08892T0	1518	1519	162	6.24574
MGG_11726T0	3060	3061	839	16.0519
MGG_08194T0	387	388	8	1.20749
MGG_05700T0	5795	5796	355.08	3.58777
MGG_07619T0	1212	1213	699	33.7476
MGG_07245T0	231	232	85	21.4564
MGG_16356T0	315	316	167	30.9497
MGG_09094T0	684	685	2	0.170988
MGG_17533T0	825	826	1444	102.38
MGG_03834T0	1593	1594	5	0.1837
MGG_02609T0	615	616	694	65.9789
MGG_08070T0	877	878	199.438	13.3027
MGG_00024T0	1626	1627	0	0
MGG_00999T0	857	858	1239	84.5689
MGG_15272T0	8736	8737	488.668	3.2755
MGG_07292T0	1133	1134	865	44.6714
MGG_05149T0	1753	1754	164	5.47572
MGG_06572T0	4153	4154	3374	47.5669
MGG_15842T0	369	370	11	1.74108
MGG_18044T0	150	151	5	1.93919
MGG_07568T0	1722	1723	38	1.29159
MGG_04475T0	3121	3122	36	0.675299
MGG_03043T0	1101	1102	108	5.73943
MGG_11797T0	165	166	6	2.11675
MGG_17257T0	231	232	3	0.757286
MGG_00243T0	1989	1990	34.4841	1.01483
MGG_09918T0	1954	1955	232	6.94973
MGG_10246T0	1589	1590	0	0
MGG_00599T0	1571	1572	375.624	13.9936
MGG_17961T0	1758	1759	10615.8	353.438
MGG_12752T0	1765	1766	1643	54.4846
MGG_11115T0	846	847	301	20.8118
MGG_09496T0	345	346	0	0
MGG_02128T0	1695	1696	3817	131.802
MGG_05760T0	618	619	289	27.3422
MGG_11006T0	1092	1093	111	5.94743
MGG_02404T0	1288	1289	103	4.67962
MGG_03641T0	1853	1854	84598	2672.25
MGG_06582T0	1822	1823	1010	32.446
MGG_11205T0	13727	13728	3782.63	16.1366
MGG_04333T0	1179	1180	337	16.7253
MGG_08022T0	3369	3370	636.487	11.0608
MGG_16035T0	994	995	45.3485	2.66911
MGG_15115T0	569	570	4	0.410972
MGG_08341T0	1824	1825	439.891	14.1159
MGG_14572T0	819	820	49	3.49952
MGG_02253T0	2972	2973	446501	8795.36
MGG_03444T0	1236	1237	355	16.8068
MGG_11165T0	3693	3694	2707.3	42.9206
MGG_14569T0	1509	1510	2	0.0775675
MGG_06548T0	2554	2555	1461	33.4877
MGG_13610T0	2456	2457	565	13.467
MGG_08533T0	3540	3541	455	7.5251
MGG_17336T0	612	613	27	2.57947
MGG_17977T0	1907	1908	337	10.3438
MGG_02548T0	1713	1714	4	0.136671
MGG_05054T0	1138	1139	16088	827.189
MGG_06624T0	1953	1954	210	6.29392
MGG_14571T0	1867	1868	435	13.6376
MGG_14307T0	2365	2366	2142.77	53.0379
MGG_07728T0	3424	3425	366	6.25817
MGG_00497T0	3838	3839	2061	31.4403
MGG_06979T0	3010	3011	2372	46.135
MGG_05063T0	1848	1849	3569.84	113.068
MGG_06717T0	972	973	455	27.3858
MGG_04603T0	3012	3013	1997	38.8155
MGG_11952T0	360	361	1	0.162226
MGG_03422T0	1701	1702	1	0.0344086
MGG_06516T0	2735	2736	3419	73.1829
MGG_12887T0	618	619	551	52.13
MGG_08584T0	2714	2715	1647	35.5263
MGG_12410T0	1356	1357	35554	1534.39
MGG_09838T0	3696	3697	813.776	12.8909
MGG_04623T0	2836	2837	1319	27.2278
MGG_06313T0	3106	3107	2648	49.9118
MGG_08494T0	1772	1773	42	1.38729
MGG_06273T0	1510	1511	2890	112.011
MGG_07784T0	1343	1344	4265.08	185.847
MGG_14781T0	738	739	222.371	17.6222
MGG_00072T0	1800	1801	487	15.8359
MGG_01183T0	2503	2504	575	13.4481
MGG_01758T0	1161	1162	516	26.0058
MGG_08039T0	1824	1825	33	1.05896
MGG_13221T0	315	316	1771	328.215
MGG_01179T0	1457	1458	647	25.988
MGG_06482T0	2245	2246	1359.2	35.4404
MGG_06482T1	2262	2263	4494.8	116.32
MGG_13230T0	1537	1538	2082	79.2777
MGG_12817T0	2113	2114	4153	115.049
MGG_07496T0	1356	1357	761	32.8421
MGG_15961T0	792	793	95	7.0158
MGG_09401T0	1821	1822	838	26.9353
MGG_04228T0	1009	1010	1423.66	82.549
MGG_08045T0	2523	2524	2090	48.4935
MGG_04793T0	2498	2499	17667	414.022
MGG_15671T0	2204	2205	3708	98.4822
MGG_09893T0	895	896	123	8.0394
MGG_00739T0	4561	4562	1222	15.6871
MGG_00307T0	1037	1038	2497.38	140.901
MGG_15805T0	309	310	0	0
MGG_06630T0	1396	1397	54	2.26373
MGG_09701T0	4600	4601	2684	34.1631
MGG_01472T0	2030	2031	3559	102.623
MGG_12779T0	3034	3035	310	5.98177
MGG_04444T0	1293	1294	7840	354.82
MGG_08414T0	378	379	0	0
MGG_17165T0	222	223	18	4.72709
MGG_16441T0	3955	3956	4154	61.4946
MGG_09025T0	3142	3143	555	10.3413
MGG_17140T0	171	172	0	0
MGG_03825T0	1617	1618	0	0
MGG_04036T0	900	901	37	2.40494
MGG_06227T0	748	749	1	0.0781888
MGG_08638T0	3609	3610	2056	33.3536
MGG_16742T0	566	567	13	1.34272
MGG_03941T0	1104	1105	94	4.98187
MGG_06118T0	3029	3030	1427.32	27.5871
MGG_00059T0	1659	1660	277	9.77233
MGG_09481T0	2528	2529	10078	233.374
MGG_10796T0	468	469	2587	323.035
MGG_11794T0	2092	2093	3817	106.802
MGG_07481T0	3548	3549	1655	27.3098
MGG_05507T0	2123	2124	53	1.46133
MGG_16881T0	243	244	2	0.480028
MGG_01413T0	345	346	46	7.78589
MGG_08618T0	4045	4046	1600	23.159
MGG_00777T0	798	799	23694	1736.67
MGG_05912T0	1741	1742	129	4.33679
MGG_10930T0	1061	1062	2557	141.004
MGG_04600T0	3778	3779	379.545	5.88184
MGG_04465T0	1038	1039	620	34.9464
MGG_05307T0	1975	1976	20893	619.214
MGG_05432T0	738	739	2	0.158494
MGG_12288T0	3837	3838	623	9.50626
MGG_00792T0	2356	2357	32587	809.676
MGG_02124T0	4456	4457	2252	29.5905
MGG_07653T0	1564	1565	20	0.748415
MGG_07869T0	390	391	0	0
MGG_17648T0	1137	1138	0	0
MGG_17361T0	339	340	10	1.72245
MGG_17932T0	3847	3848	3607.19	54.8986
MGG_03683T1	1853	1854	2063.94	65.1949
MGG_03683T0	1881	1882	371.06	11.5465
MGG_05006T0	1486	1487	201	7.91611
MGG_00744T0	4110	4111	1590	22.6504
MGG_13292T0	2362	2363	212	5.25411
MGG_09265T0	2218	2219	834	22.0108
MGG_16937T0	366	367	0	0
MGG_10972T0	930	931	62	3.90004
MGG_10650T0	291	292	379	76.0121
MGG_09377T0	588	589	312	31.0217
MGG_17991T0	150	151	50	19.3919
MGG_09922T0	2526	2527	2109	48.8763
MGG_00370T0	1664	1665	746.844	26.2689
MGG_02513T0	1111	1112	456.784	24.0565
MGG_15532T0	3039	3040	1869	36.005
MGG_15360T0	560	561	0	0
MGG_14724T0	1431	1432	0	0
MGG_02726T0	2127	2128	448.213	12.335
MGG_00342T0	1161	1162	553	27.8706
MGG_06056T0	1457	1458	307.252	12.3414
MGG_07707T0	3483	3484	299.969	5.04226
MGG_05724T0	2750	2751	335	7.1315
MGG_00960T0	5580	5581	2711	28.4475
MGG_05032T0	3908	3909	258	3.86528
MGG_17701T0	1360	1361	600	25.8178
MGG_06836T0	2051	2052	866	24.7154
MGG_05632T0	992	993	904	53.3146
MGG_09194T0	1276	1277	8829	404.9
MGG_05165T0	2076	2077	67	1.88914
MGG_03012T0	2780	2781	7408	156.001
MGG_01359T0	2480	2481	1555.91	36.727
MGG_06437T0	2523	2524	1817	42.1592
MGG_15711T0	767	768	16	1.22007
MGG_01388T0	1246	1247	183	8.59432
MGG_04586T0	1015	1016	1685.11	97.1316
MGG_04850T0	2285	2286	1213	31.075
MGG_06089T0	1346	1347	1002	43.5639
MGG_06670T0	1443	1444	889	36.0546
MGG_07050T0	294	295	13	2.58076
MGG_03028T0	1552	1553	1902	71.7242
MGG_17032T0	387	388	0	0
MGG_12403T0	5222	5223	1715	19.2296
MGG_06044T0	808	809	10083	729.908
MGG_02807T0	558	559	85.4431	8.95142
MGG_17195T0	3906	3907	781	11.7067
MGG_01951T0	1749	1750	69	2.30907
MGG_05731T0	2237	2238	451	11.8017
MGG_08519T0	1066	1067	87	4.77509
MGG_10733T0	795	796	4	0.294289
MGG_07020T0	2375	2376	127	3.13029
MGG_13328T0	6535	6536	1892	16.9526
MGG_08831T0	1202	1203	5713	278.116
MGG_17188T0	204	205	36	10.2843
MGG_10490T0	1185	1186	1150	56.7858
MGG_07611T0	2828	2829	2323	48.0887
MGG_09592T0	804	805	3654	265.827
MGG_15977T0	1422	1423	113.683	4.67861
MGG_06577T0	2805	2806	79	1.64879
MGG_09756T0	1032	1033	172	9.75113
MGG_06571T0	849	850	13303	916.552
MGG_05617T0	1084	1085	814.258	43.95
MGG_06547T0	3983	3984	1912	28.1058
MGG_09557T0	2253	2254	1247	32.3996
MGG_03250T0	1479	1480	903.904	35.7674
MGG_08950T0	1395	1396	1459	61.2064
MGG_08709T0	2727	2728	112.239	2.4095
MGG_10548T0	1276	1277	207	9.49306
MGG_14931T0	2822	2823	4459	92.5024
MGG_00708T0	1120	1121	567.469	29.6458
MGG_02070T0	3962	3963	649.814	9.60266
MGG_16995T0	255	256	0	0
MGG_04438T0	1364	1365	16869	723.741
MGG_05078T0	4211	4212	455	6.3263
MGG_03492T0	2039	2040	1718	49.3196
MGG_07746T0	1095	1096	170	9.08375
MGG_18087T0	435	436	4	0.537279
MGG_15566T0	3119	3120	678	12.7263
MGG_18049T0	417	418	108	15.1312
MGG_13178T0	4504	4505	815.623	10.6028
MGG_17067T0	153	154	12	4.56339
MGG_01096T0	3542	3543	4204	69.4893
MGG_10292T0	456	457	1278	163.773
MGG_07575T0	912	913	996	63.8874
MGG_16210T0	153	154	0	0
MGG_15782T0	225	226	0	0
MGG_03136T0	2369	2370	12749	315.032
MGG_04728T0	423	424	47	6.4917
MGG_08920T0	5107	5108	572	6.55801
MGG_08661T0	1735	1736	4179	140.977
MGG_04852T0	4577	4578	2613	33.4265
MGG_15215T0	954	955	76	4.66055
MGG_10814T0	1276	1277	0	0
MGG_04704T0	1295	1296	393	17.7588
MGG_06850T0	3627	3628	1262	20.3713
MGG_07871T0	726	727	190	15.3054
MGG_12405T0	2339	2340	6546	163.827
MGG_06207T0	1521	1522	1	0.038478
MGG_17031T0	150	151	0	0
MGG_03364T0	725	726	169	13.6325
MGG_12068T0	1419	1420	21	0.866079
MGG_00581T0	512	513	0	0
MGG_13765T0	1870	1871	578	18.0918
MGG_14743T0	1410	1411	170	7.05584
MGG_11936T0	3182	3183	186	3.42218
MGG_02574T0	3660	3661	1284	20.5396
MGG_02254T0	1367	1368	6435.34	275.494
MGG_09722T0	618	619	101	9.55559
MGG_06475T0	3117	3118	1378	25.8821
MGG_07699T0	318	319	0	0
MGG_11547T0	2792	2793	1516	31.7874
MGG_09858T0	840	841	57	3.96922
MGG_00866T0	2379	2380	126	3.10042
MGG_03394T0	1432	1433	400	16.3471
MGG_03675T0	1770	1771	745	24.6357
MGG_17973T0	162	163	37	13.2935
MGG_00918T0	2581	2582	940	21.3205
MGG_02030T0	1767	1768	0	0
MGG_00785T0	1853	1854	37281	1177.62
MGG_07074T0	2553	2554	1805	41.3888
MGG_01921T0	1419	1420	6386	263.371
MGG_06546T0	1876	1877	0	0
MGG_03348T0	3073	3074	97	1.84797
MGG_12738T0	4688	4689	4615	57.6392
MGG_11146T0	1251	1252	329	15.3893
MGG_08369T0	2138	2139	1032	28.255
MGG_08881T1	3005	3006	28.1615	0.548647
MGG_08881T0	2988	2989	37.8385	0.741369
MGG_09764T0	1458	1459	1523	61.1324
MGG_10627T0	2913	2914	169	3.39644
MGG_14797T0	2817	2818	1075.65	22.3541
MGG_02501T0	2961	2962	400	7.90864
MGG_14602T0	1467	1468	760	30.319
MGG_03091T0	721	722	2697	218.761
MGG_16973T0	319	320	0	0
MGG_17466T0	261	262	1	0.223525
MGG_05730T0	1749	1750	1854	62.0438
MGG_07725T0	1499	1500	37	1.44457
MGG_08807T0	4159	4160	999	14.0637
MGG_17899T0	234	235	0	0
MGG_15079T0	3558	3559	765	12.5881
MGG_00944T0	1842	1843	909	28.8845
MGG_16668T0	782	783	14526	1086.45
MGG_06824T0	712	713	732	60.124
MGG_02383T0	1210	1211	19	0.918832
MGG_14292T0	2174	2175	907	24.4216
MGG_02201T0	1290	1291	755	34.249
MGG_03459T0	5739	5740	4224	43.0962
MGG_15816T0	180	181	14	4.52977
MGG_15561T0	168	169	0	0
MGG_16989T0	489	490	26	3.10745
MGG_15494T0	1426	1427	76.692	3.1474
MGG_03312T0	826	827	32.1127	2.27404
MGG_03887T0	1796	1797	568	18.5109
MGG_02991T0	1924	1925	149	4.53296
MGG_03235T0	3190	3191	1333.03	24.4647
MGG_18096T0	471	472	0	0
MGG_03183T0	2171	2172	403	10.8661
MGG_04769T0	2075	2076	526.896	14.8636
MGG_01532T0	844	845	205	14.2077
MGG_16353T0	225	226	44	11.4017
MGG_02742T0	885	886	2351	155.398
MGG_10995T0	669	670	6.24136	0.545545
MGG_13086T0	1680	1681	5	0.174192
MGG_12637T0	914	915	170	10.8806
MGG_00892T0	435	436	1446	194.226
MGG_11745T0	2168	2169	676	18.2521
MGG_04943T0	2419	2420	5203	125.911
MGG_17971T0	156	157	9	3.35714
MGG_05096T0	1489	1490	1407	55.3012
MGG_05473T0	476	477	25	3.06936
MGG_00492T0	5778	5779	740	7.49904
MGG_07476T0	3946	3947	2297.63	34.0911
MGG_13474T0	952	953	17509	1075.96
MGG_09578T0	366	367	0	0
MGG_06876T0	1282	1283	2662	121.509
MGG_14894T0	1092	1093	0	0
MGG_00575T0	2123	2124	315	8.68526
MGG_10821T0	2179	2180	1637	43.9763
MGG_03247T0	1443	1444	2818.62	114.313
MGG_08640T0	1397	1398	1168.72	48.9588
MGG_16455T0	2488	2489	1685	39.6462
MGG_02412T0	1273	1274	855.963	39.3471
MGG_16697T0	354	355	0	0
MGG_03122T0	2211	2212	3861	102.221
MGG_01885T0	2572	2573	692	15.7504
MGG_02602T0	1882	1883	1970	61.2692
MGG_04659T0	3096	3097	2641	49.9406
MGG_06623T0	2226	2227	321	8.44134
MGG_15366T0	393	394	22	3.27004
MGG_12445T0	456	457	0	0
MGG_16777T0	171	172	0	0
MGG_16097T0	1713	1714	17.2562	0.589605
MGG_08617T0	1883	1884	33.8944	1.05359
MGG_04251T0	2367	2368	948	23.4452
MGG_15579T0	968	969	47	2.84054
MGG_06919T0	771	772	8995	682.355
MGG_04528T0	5675	5676	994	10.2558
MGG_02570T0	1436	1437	519	21.1513
MGG_04715T0	267	268	192	41.9559
MGG_15922T0	366	367	14.0189	2.23705
MGG_06883T0	1843	1844	845.31	26.8461
MGG_07485T0	1993	1994	99	2.90761
MGG_03274T0	2973	2974	645	12.7012
MGG_10440T0	767	768	320	24.4014
MGG_17216T0	540	541	0	0
MGG_06705T0	920	921	1637	104.092
MGG_07543T0	1870	1871	829	25.9482
MGG_15483T0	483	484	0	0
MGG_02220T0	333	334	0	0
MGG_12537T0	1646	1647	597	21.2279
MGG_10830T0	1254	1255	697.972	32.5702
MGG_17529T0	285	286	963	197.191
MGG_16804T0	727	728	14	1.12622
MGG_02091T0	750	751	75	5.84855
MGG_02793T0	2975	2976	300	5.90357
MGG_07393T0	3680	3681	1992	31.692
MGG_16090T0	429	430	0	0
MGG_00416T0	1479	1480	87	3.44258
MGG_03095T0	2390	2391	135	3.30659
MGG_16650T0	342	343	67	11.4395
MGG_01509T0	366	367	292	46.5954
MGG_00520T0	1008	1009	1589.83	92.2752
MGG_13239T0	4493	4494	10203	132.96
MGG_12110T0	1540	1541	5765	219.09
MGG_04638T0	1466	1467	1006.55	40.1819
MGG_06743T0	2312	2313	1683	42.6123
MGG_14773T0	3304	3305	6623	117.357
MGG_02496T0	1161	1162	1885	95.0018
MGG_03805T0	351	352	0	0
MGG_07338T1	4522	4523	1238.23	16.0325
MGG_07338T0	4002	4003	1025.77	15.0069
MGG_06877T0	2256	2257	763	19.7979
MGG_14913T0	1230	1231	5737	272.931
MGG_01116T0	1215	1216	1107.9	53.3571
MGG_16812T0	2595	2596	39	0.879805
MGG_10424T0	429	430	371	50.528
MGG_09178T0	1572	1573	13	0.483995
MGG_00701T0	1128	1129	63	3.26793
MGG_00168T0	2312	2313	17897	453.139
MGG_07872T0	477	478	937	114.799
MGG_10083T0	1549	1550	60	2.26697
MGG_08352T0	999	1000	78	4.56795
MGG_09642T0	2045	2046	31	0.887325
MGG_02212T0	498	499	0	0
MGG_06662T0	5427	5428	846	9.12761
MGG_17810T0	7805	7806	4358	32.6953
MGG_01101T0	2559	2560	4335	99.169
MGG_01726T0	6571	6572	869	7.74371
MGG_07950T0	699	700	0	0
MGG_08269T0	1852	1853	887.805	28.0588
MGG_02669T0	1007	1008	1765	102.544
MGG_01706T0	620	621	3821	360.34
MGG_03256T0	2504	2505	951	22.2331
MGG_04263T0	510	511	3	0.343817
MGG_09798T0	2441	2442	4764	114.249
MGG_08784T0	3213	3214	1234.73	22.4985
MGG_15380T0	1284	1285	33	1.50396
MGG_01001T0	2926	2927	407	8.14326
MGG_02822T0	864	865	3739.16	253.154
MGG_05596T0	3047	3048	760	14.6024
MGG_16456T0	2042	2043	6382.27	182.95
MGG_06278T0	1507	1508	420	16.3108
MGG_02809T0	4761	4762	3017	37.1033
MGG_02876T0	1788	1789	2086	68.2858
MGG_08020T0	1335	1336	95	4.16432
MGG_06202T0	3818	3819	412	6.31792
MGG_15318T0	1392	1393	6	0.252247
MGG_05878T0	1857	1858	0	0
MGG_03143T0	2601	2602	302	6.79714
MGG_01443T0	2077	2078	797	22.4615
MGG_07771T0	2725	2726	4648.76	99.8706
MGG_01267T0	829	830	2859	201.726
MGG_09719T0	3434	3435	687.704	11.7247
MGG_17291T0	387	388	1	0.150937
MGG_03792T0	831	832	2	0.140778
MGG_00768T0	2118	2119	635	17.5497
MGG_17085T0	288	289	5	1.01321
MGG_04435T0	2282	2283	1589.16	40.7651
MGG_06787T0	3148	3149	1022	19.0066
MGG_02541T0	2208	2209	2232	59.1732
MGG_12839T0	5497	5498	2473	26.3418
MGG_16975T0	402	403	0	0
MGG_16231T0	1774	1775	177	5.83985
MGG_14588T0	1830	1831	1	0.0319844
MGG_05642T0	3273	3274	753	13.4692
MGG_03429T0	969	970	0	0
MGG_17439T0	1098	1099	3489.4	185.943
MGG_13880T0	1197	1198	0	0
MGG_02826T0	1847	1848	163	5.1655
MGG_16871T0	384	385	176	26.7719
MGG_13283T0	867	868	0	0
MGG_01772T0	1040	1041	1061.2	59.7
MGG_17972T0	553	554	21	2.21991
MGG_05759T0	1723	1724	251	8.52635
MGG_17364T0	219	220	1	0.266197
MGG_09515T0	2845	2846	2330	47.9455
MGG_07544T0	525	526	3	0.334012
MGG_08775T0	1557	1558	197	7.40501
MGG_12385T0	2659	2660	360	7.92588
MGG_12077T0	2511	2512	432	10.0714
MGG_16505T0	420	421	33	4.59048
MGG_15773T0	2433	2434	1601	38.521
MGG_17509T0	1080	1081	0	0
MGG_00375T0	1275	1276	102	4.6814
MGG_03283T0	3400	3401	1564.42	26.9385
MGG_06651T0	2418	2419	2787	67.4726
MGG_14875T0	887	888	324	21.3677
MGG_07776T0	459	460	9	1.14581
MGG_04751T0	2197	2198	43	1.14569
MGG_05447T0	847	848	2172.85	150.059
MGG_13814T0	693	694	157	13.2485
MGG_16940T0	366	367	1.00495	0.160364
MGG_03611T0	1974	1975	380.366	11.2788
MGG_10330T0	3536	3537	265	4.38771
MGG_03163T0	1016	1017	965	55.5691
MGG_16723T0	243	244	0	0
MGG_12305T0	915	916	677.537	43.3176
MGG_08551T0	3203	3204	935.935	17.1072
MGG_10651T0	1133	1134	2458.86	126.983
MGG_00984T0	3505	3506	26348.9	440.126
MGG_10728T0	2212	2213	37	0.979145
MGG_06643T0	3113	3114	39871	749.834
MGG_18124T0	360	361	1	0.162226
MGG_15586T0	195	196	3	0.896379
MGG_10052T0	887	888	905	59.6846
MGG_06706T0	3153	3154	1155	21.446
MGG_01432T0	2118	2119	1208.64	33.4036
MGG_16340T0	783	784	98	7.32043
MGG_15066T0	336	337	20	3.47558
MGG_00384T0	4132	4133	1834	25.9873
MGG_02479T0	878	879	7486	498.755
MGG_15278T0	1323	1324	2	0.0884644
MGG_04473T0	2193	2194	338	9.02208
MGG_17939T0	180	181	76	24.5902
MGG_17180T0	816	817	938	67.2369
MGG_00845T0	4639	4640	753.109	9.50532
MGG_07159T0	651	652	53	4.76053
MGG_03552T0	2628	2629	1695	37.7577
MGG_08839T0	3188	3189	993	18.2357
MGG_10804T0	501	502	142	16.5658
MGG_14299T0	1429	1430	158	6.47065
MGG_13924T0	2250	2251	34	0.884566
MGG_07383T0	1311	1312	1420	63.3842
MGG_18003T0	739	740	5381	425.851
MGG_16580T0	252	253	0	0
MGG_06161T0	1099	1100	131	6.97437
MGG_02478T0	3509	3510	3496	58.3299
MGG_17353T0	231	232	9	2.27186
MGG_02767T0	5837	5838	3353	33.6354
MGG_05401T0	3712	3713	137	2.16084
MGG_09291T0	3174	3175	1710	31.5413
MGG_16862T0	1419	1420	1835	75.6788
MGG_10846T0	944	945	25	1.5493
MGG_04897T0	2878	2879	592	12.0422
MGG_05160T0	4165	4166	5610	78.8624
MGG_07331T0	2459	2460	3199	76.1563
MGG_14810T0	309	310	124	23.4254
MGG_06859T0	1027	1028	1884.93	107.381
MGG_17675T0	168	169	0	0
MGG_11211T0	4315	4316	7392	100.301
MGG_10439T0	2857	2858	73	1.49585
MGG_17817T0	1773	1774	275.204	9.08505
MGG_16331T0	1844	1845	34.8523	1.10627
MGG_13902T0	2409	2410	6	0.145801
MGG_18019T0	312	313	11.0907	2.07512
MGG_06578T0	1200	1201	648	31.5979
MGG_16391T0	680	681	5	0.429981
MGG_08187T0	1410	1411	265	10.9988
MGG_04588T0	2791	2792	1434.68	30.0931
MGG_17547T0	507	508	1.52541	0.175853
MGG_05518T0	523	524	3	0.335287
MGG_01746T0	1764	1765	3800	126.086
MGG_12388T0	2587	2588	2989	67.6376
MGG_09511T0	1697	1698	3363.22	115.996
MGG_04667T0	3012	3013	1326	25.7734
MGG_15863T0	183	184	12	3.81936
MGG_01103T0	2371	2372	1302	32.1457
MGG_09200T0	2640	2641	5613	124.467
MGG_05127T0	597	598	0	0
MGG_05137T0	2024	2025	388	11.221
MGG_17399T0	2220	2221	2421	63.8371
MGG_01843T0	603	604	260	25.2094
MGG_09668T0	2018	2019	165	4.78602
MGG_06642T0	2869	2870	1622	33.0975
MGG_01147T0	2482	2483	209	4.92942
MGG_00490T0	1940	1941	778	23.4737
MGG_00981T0	1296	1297	2524	113.966
MGG_00841T0	3144	3145	414	7.70915
MGG_05169T0	3361	3362	786.253	13.6959
MGG_17846T0	4302	4303	18.7844	0.255654
MGG_17548T0	399	400	0	0
MGG_14303T0	1641	1642	1224	43.6551
MGG_00225T0	537	538	8	0.870832
MGG_05598T0	5224	5225	2068	23.1788
MGG_05411T0	2283	2284	16	0.410252
MGG_13815T0	1037	1038	88502	4993.24
MGG_17247T0	3737	3738	1911	29.9397
MGG_07547T0	2377	2378	30	0.738816
MGG_13485T0	2699	2700	2869	62.2291
MGG_01151T0	1262	1263	879.725	40.7915
MGG_03819T0	1488	1489	0	0
MGG_03837T0	4346	4347	3965	53.4171
MGG_12613T0	7425	7426	145	1.14351
MGG_10048T0	3073	3074	2	0.0381024
MGG_07855T0	1713	1714	0	0
MGG_17061T0	1370	1371	269.462	11.5103
MGG_00775T0	2953	2954	3729	73.9279
MGG_01754T0	1999	2000	555	16.2514
MGG_17384T0	1291	1292	279	12.6464
MGG_04227T0	3861	3862	1337	20.2743
MGG_07809T0	1347	1348	0	0
MGG_05088T0	2742	2743	1421	30.3386
MGG_08627T0	1887	1888	1775.74	55.0814
MGG_06395T0	4668	4669	1393	17.4725
MGG_12670T0	1883	1884	481.819	14.9772
MGG_03731T0	1563	1564	5605.33	209.89
MGG_01330T0	2398	2399	34	0.829995
MGG_17191T0	465	466	6	0.754036
MGG_02080T0	1071	1072	0	0
MGG_16423T0	868	869	72	4.85221
MGG_16202T0	3026	3027	503	9.73155
MGG_00464T0	2039	2040	1649	47.3388
MGG_00795T0	4312	4313	79	1.07269
MGG_03629T0	4695	4696	3305	41.2164
MGG_04092T0	1434	1435	5588	228.051
MGG_07118T0	2563	2564	8	0.182725
MGG_03863T0	761	762	1367	105.061
MGG_01066T0	934	935	11330	709.651
MGG_04500T0	1376	1377	2454	104.368
MGG_08842T0	1842	1843	1087.78	34.5654
MGG_01694T0	1766	1767	173.12	5.73771
MGG_06083T0	1169	1170	1985	99.3576
MGG_00619T0	648	649	57	5.14348
MGG_15667T0	1504	1505	134	5.21429
MGG_03724T0	4334	4335	6919	93.4719
MGG_17681T0	225	226	45	11.6609
MGG_12100T0	1919	1920	519	15.8304
MGG_09869T0	3538	3539	1216	20.1224
MGG_16654T0	395	396	0	0
MGG_03553T0	942	943	2232	138.615
MGG_02730T0	2013	2014	1005	29.2236
MGG_01365T0	1713	1714	1	0.0341677
MGG_09618T0	1443	1444	2662	107.961
MGG_16659T0	231	232	0	0
MGG_12849T0	3193	3194	999	18.3171
MGG_09420T0	903	904	3	0.194348
MGG_00320T0	3945	3946	14866	220.63
MGG_03251T0	1038	1039	7765	437.676
MGG_11680T0	2657	2658	2832	62.3972
MGG_17116T0	210	211	0	0
MGG_05215T0	1886	1887	37	1.1483
MGG_06962T0	1388	1389	9899	417.365
MGG_17315T0	189	190	0	0
MGG_07501T0	3850	3851	628	9.55021
MGG_15024T0	1489	1490	548	21.5388
MGG_00652T0	2493	2494	2943	69.1067
MGG_03181T0	2324	2325	1271	32.0147
MGG_04208T0	891	892	70	4.59579
MGG_17407T0	330	331	1.02112	0.180666
MGG_09184T0	2711	2712	2726	58.8658
MGG_17435T0	400	401	50	7.30218
MGG_01876T0	1152	1153	52	2.6412
MGG_01257T0	1520	1521	73.5022	2.83007
MGG_17592T0	351	352	0	0
MGG_10026T0	1011	1012	0	0
MGG_03066T0	2240	2241	1412	36.8994
MGG_06164T0	4818	4819	480	5.83325
MGG_08555T0	3020	3021	83	1.60899
MGG_17981T0	180	181	7	2.26488
MGG_02729T0	4556	4557	128	1.64497
MGG_07162T0	2292	2293	1153	29.4477
MGG_15131T0	1347	1348	47	2.0419
MGG_14136T0	1662	1663	1486	52.3303
MGG_14652T0	896	897	352	22.9814
MGG_09032T0	1844	1845	447	14.1885
MGG_07412T0	900	901	671	43.6138
MGG_01087T0	2980	2981	974.104	19.1368
MGG_09822T0	714	715	4	0.327628
MGG_13350T0	2573	2574	311	7.07585
MGG_03431T0	1299	1300	5	0.225244
MGG_01229T0	810	811	2433	175.69
MGG_00101T0	1554	1555	529.736	19.9506
MGG_02473T0	2079	2080	1543	43.4439
MGG_02259T0	3691	3692	308	4.88557
MGG_02542T0	2656	2657	36	0.793483
MGG_10549T0	333	334	25	4.38349
MGG_01186T0	1821	1822	103	3.31067
MGG_14965T0	627	628	0	0
MGG_01639T0	3252	3253	701	12.62
MGG_05323T0	2610	2611	1156.23	25.9337
MGG_09878T0	1852	1853	3490	110.3
MGG_00193T0	3485	3486	873.048	14.6669
MGG_05317T0	1272	1273	1850	85.1079
MGG_16467T0	1172	1173	21	1.04845
MGG_11683T0	1104	1105	2699	143.043
MGG_04436T0	1285	1286	10286.8	468.455
MGG_13743T0	1171	1172	2252	112.53
MGG_02853T0	1522	1523	1168	44.9127
MGG_11715T0	4417	4418	1561	20.6921
MGG_01128T0	6009	6010	4614	44.9604
MGG_03652T0	2854	2855	1050.23	21.5428
MGG_17841T0	3915	3916	5803	86.7834
MGG_05141T0	825	826	74	5.2466
MGG_01025T0	1415	1416	211	8.72662
MGG_02898T0	1344	1345	743	32.3514
MGG_03800T0	675	676	0	0
MGG_08858T0	2128	2129	2615	71.9321
MGG_03149T0	1673	1674	3236	113.209
MGG_08368T0	1761	1762	1104	36.6936
MGG_16489T0	627	628	0	0
MGG_12267T0	1348	1349	773	33.5579
MGG_14629T0	267	268	560	122.371
MGG_12423T0	1308	1309	1382	61.8294
MGG_06325T0	3373	3374	1339.96	23.258
MGG_14922T0	264	265	1	0.220994
MGG_17784T0	333	334	350	61.3689
MGG_03760T0	858	859	9	0.613587
MGG_15828T0	1177	1178	320.8	15.9483
MGG_03565T0	2303	2304	2789	70.8913
MGG_02421T0	1773	1774	7191	237.39
MGG_09543T0	2223	2224	210	5.52982
MGG_17883T0	183	184	3	0.954839
MGG_15179T0	1119	1120	0	0
MGG_08331T0	711	712	0	0
MGG_01358T0	920	921	21.0856	1.34076
MGG_05315T0	6151	6152	3188.05	30.3484
MGG_11575T0	967	968	475	28.7372
MGG_17064T0	249	250	20	4.68508
MGG_12154T0	5580	5581	2230	23.4002
MGG_04552T0	3410	3411	914	15.6925
MGG_03239T0	1485	1486	1548	61.0069
MGG_04991T0	2290	2291	828	21.1657
MGG_14071T0	1373	1374	1485.59	63.3197
MGG_08900T0	1611	1612	431	15.6581
MGG_13442T0	1707	1708	251	8.60622
MGG_16424T0	2281	2282	156	4.00346
MGG_06682T0	2037	2038	554.872	15.9447
MGG_09559T0	3473	3474	1571	26.4834
MGG_04981T0	1176	1177	365.001	18.1612
MGG_05336T0	2419	2420	27116	656.201
MGG_05943T0	438	439	4	0.533608
MGG_00157T0	2492	2493	4067	95.5385
MGG_01366T0	270	271	11	2.37711
MGG_03970T0	1716	1717	1448	49.3884
MGG_18063T0	1711	1712	43.1281	1.47531
MGG_12015T0	423	424	354	48.895
MGG_08007T0	1596	1597	190	6.96747
MGG_08447T0	780	781	1	0.0749852
MGG_15233T0	1413	1414	166.883	6.91176
MGG_15592T0	210	211	5	1.38776
MGG_00873T0	186	187	0	0
MGG_02961T0	7269	7270	3879	31.2473
MGG_05316T0	2254	2255	34	0.882997
MGG_09313T0	2517	2518	696	16.1875
MGG_00220T0	1571	1572	728	27.121
MGG_05879T0	1472	1473	216	8.58772
MGG_01329T0	2739	2740	959	20.4972
MGG_14892T0	1344	1345	218	9.49207
MGG_00528T0	3218	3219	1269	23.087
MGG_14003T0	5757	5758	3535	35.9538
MGG_08089T0	2196	2197	1054	28.0955
MGG_13486T0	2634	2635	1616	35.916
MGG_00772T0	3954	3955	2135	31.6139
MGG_01855T0	876	877	29	1.93653
MGG_12176T0	423	424	48	6.62982
MGG_17181T0	444	445	4	0.526413
MGG_00272T0	1281	1282	20598	940.944
MGG_06140T0	3407	3408	2025	34.7978
MGG_16194T0	887	888	66	4.35269
MGG_15901T0	2868	2869	1689	34.4767
MGG_15738T0	228	229	41	10.4852
MGG_05948T0	1706	1707	7588	260.328
MGG_00110T0	1685	1686	1551	53.8742
MGG_16069T0	1498	1499	45.9995	1.79712
MGG_02330T0	1839	1840	294	9.35742
MGG_01812T0	2795	2796	658	13.7821
MGG_01747T0	2607	2608	236.216	5.30431
MGG_04247T0	705	706	0	0
MGG_10193T0	1821	1822	3648	117.255
MGG_02926T0	738	739	3322	263.258
MGG_15985T0	345	346	1	0.169259
MGG_13817T0	3738	3739	6621.21	103.707
MGG_01042T0	1689	1690	436.297	15.119
MGG_02859T0	2681	2682	1165	25.4386
MGG_03913T0	576	577	819	83.1256
MGG_08863T0	3381	3382	944	16.3465
MGG_03351T0	3207	3208	163	2.97564
MGG_13255T0	1008	1009	149	8.64812
MGG_09971T0	2546	2547	1316	30.2589
MGG_15749T0	4032	4033	7296	105.946
MGG_02812T0	1206	1207	1288	62.4936
MGG_16557T0	1188	1189	1.05536	0.051981
MGG_16081T0	855	856	5	0.342076
MGG_16279T0	495	496	10	1.18071
MGG_15736T0	937	938	1811	113.069
MGG_15707T0	546	547	0	0
MGG_17928T0	1263	1264	4340.67	201.111
MGG_08641T0	1482	1483	438.961	17.3345
MGG_05091T0	1814	1815	270	8.71192
MGG_09234T0	1218	1219	387	18.5923
MGG_03220T0	3779	3780	4277.29	66.2679
MGG_08415T0	2981	2982	18	0.353502
MGG_17456T0	616	617	299	28.38
MGG_15570T0	324	325	13	2.34254
MGG_07160T0	2137	2138	1485	40.6767
MGG_05651T0	1354	1355	2497	107.921
MGG_01973T0	3486	3487	1480.8	24.8697
MGG_03946T0	1042	1043	79913	4487.04
MGG_03175T0	1662	1663	964	33.9478
MGG_15786T0	174	175	0	0
MGG_07559T0	1728	1729	108	3.6581
MGG_07208T0	1458	1459	523	20.9929
MGG_08010T0	2519	2520	1351	31.3965
MGG_00827T0	941	942	4231	263.038
MGG_08201T0	826	827	1880.81	133.188
MGG_15950T0	2636	2637	518	11.5039
MGG_11104T0	755	756	26	2.01409
MGG_14559T0	360	361	22	3.56896
MGG_07999T0	3886	3887	1885	28.4003
MGG_09122T0	1533	1534	2	0.0763539
MGG_15251T0	1046	1047	524.728	29.3504
MGG_02341T0	258	259	2	0.452227
MGG_11709T0	3750	3751	2414.12	37.6911
MGG_07250T0	5399	5400	63	0.68324
MGG_16096T0	1982	1983	1243	36.7092
MGG_11651T0	1689	1690	6747	233.803
MGG_13542T0	3561	3562	238.716	3.92478
MGG_01409T0	3730	3731	4244	66.6157
MGG_02544T0	1601	1602	104	3.80187
MGG_17454T0	279	280	4	0.836621
MGG_16411T0	636	637	0	0
MGG_07176T0	1576	1577	21878	812.461
MGG_16595T0	2541	2542	512	11.7956
MGG_03865T0	222	223	1939	509.213
MGG_17485T0	246	247	0	0
MGG_03108T0	402	403	7	1.01723
MGG_03352T0	1623	1624	975	35.1597
MGG_09086T0	384	385	0	0
MGG_16996T0	984	985	35.2387	2.09513
MGG_07916T0	1869	1870	2359.57	73.8954
MGG_06371T0	1595	1596	2966	108.834
MGG_08676T0	1109	1110	871	45.9538
MGG_00105T0	6562	6563	1519.01	13.5546
MGG_15136T0	1602	1603	1152	42.0868
MGG_04331T0	1423	1424	1861	76.5355
MGG_10428T0	2247	2248	1535	39.9888
MGG_11360T0	2002	2003	300	8.77136
MGG_17467T0	186	187	7	2.19221
MGG_05299T0	2893	2894	3220.34	65.1673
MGG_17423T0	462	463	12	1.51784
MGG_14338T0	718	719	1161	94.5649
MGG_03853T0	1372	1373	1341.96	57.2394
MGG_16616T0	414	415	0	0
MGG_06925T0	4611	4612	2052	26.0564
MGG_17937T0	744	745	69	5.424
MGG_05764T0	507	508	150	17.2924
MGG_16403T0	1560	1561	359	13.4685
MGG_16350T0	282	283	0	0
MGG_16195T0	3120	3121	1252	23.4929
MGG_06192T0	1036	1037	4922	277.965
MGG_06907T0	915	916	1020.14	65.2216
MGG_09762T0	2334	2335	509	12.7661
MGG_03275T0	7701	7702	2242	17.0474
MGG_02653T0	3623	3624	1786	28.8616
MGG_08739T0	540	541	0	0
MGG_01637T0	1404	1405	1374	57.2713
MGG_12049T0	429	430	114	15.5261
MGG_15610T0	207	208	0	0
MGG_07490T0	636	637	114	10.4807
MGG_02310T0	1383	1384	0	0
MGG_02701T0	5485	5486	1072	11.4437
MGG_14847T0	3965	3966	8422	124.362
MGG_04611T0	2594	2595	365	8.23725
MGG_10484T0	1156	1157	86	4.35303
MGG_02839T0	2503	2504	134	3.13399
MGG_12775T0	1360	1361	435	18.7179
MGG_02287T0	1338	1339	161203	7050.49
MGG_05040T0	2926	2927	240	4.80192
MGG_05465T0	576	577	0	0
MGG_00172T0	2308	2309	779	19.7579
MGG_14057T0	1314	1315	232	10.3321
MGG_02974T0	2120	2121	464	12.8116
MGG_02998T0	1845	1846	619	19.6375
MGG_15330T0	930	931	25	1.5726
MGG_12981T0	925	926	0	0
MGG_07949T0	2258	2259	222	5.75524
MGG_04099T0	1987	1988	13	0.38296
MGG_07845T0	1747	1748	49	1.64165
MGG_08581T0	2021	2022	376	10.8901
MGG_04348T0	972	973	8	0.481508
MGG_09990T0	2808	2809	205	4.27394
MGG_03461T0	898	899	2.02036	0.131612
MGG_06504T0	2267	2268	2566	66.2583
MGG_06906T0	2819	2820	2636	54.7423
MGG_07390T0	1255	1256	63	2.9375
MGG_09954T0	4910	4911	518	6.17713
MGG_01511T0	1773	1774	207	6.8335
MGG_17356T0	886	887	6	0.396145
MGG_17187T0	450	451	40	5.1941
MGG_08696T0	1215	1216	3	0.144482
MGG_11889T0	2431	2432	2478.98	59.6948
MGG_06603T0	2020	2021	1154	33.44
MGG_12313T0	2076	2077	69.1944	1.95102
MGG_03627T0	1552	1553	1322	49.8525
MGG_01833T0	4200	4201	687	9.57703
MGG_00667T0	3832	3833	1295	19.786
MGG_02504T0	2240	2241	2052	53.6244
MGG_05478T0	1471	1472	3207	127.59
MGG_00357T0	1978	1979	621	18.3769
MGG_03736T0	4716	4717	6664	82.7362
MGG_17217T0	735	736	0	0
MGG_16177T0	1416	1417	1	0.0413292
MGG_14735T0	1561	1562	580	21.7457
MGG_07690T0	2196	2197	27031	720.541
MGG_06837T0	264	265	5200	1149.17
MGG_07100T0	1345	1346	239	10.3987
MGG_06153T0	1442	1443	5887	238.921
MGG_17838T0	231	232	1	0.252429
MGG_11817T0	1980	1981	510	15.0769
MGG_07217T0	666	667	3	0.263404
MGG_09500T0	306	307	32	6.10433
MGG_05012T0	1875	1876	10	0.312172
MGG_04040T0	4203	4204	607	8.45576
MGG_04770T0	1074	1075	21	1.14403
MGG_17341T0	2495	2496	2120	49.7414
MGG_00683T0	4216	4217	1106.38	15.3648
MGG_06679T0	3777	3778	174	2.6972
MGG_15734T0	657	658	12	1.06803
MGG_04015T0	2437	2438	633	15.2054
MGG_09641T0	1346	1347	3031	131.779
MGG_08699T0	657	658	154	13.7063
MGG_10479T0	1941	1942	8	0.24125
MGG_00380T0	459	460	0	0
MGG_03194T0	1158	1159	1372	69.3262
MGG_16870T0	813	814	78	5.61173
MGG_12962T0	2832	2833	1131	23.3799
MGG_15627T0	1253	1254	1782.6	83.2497
MGG_08268T0	2211	2212	252.963	6.69729
MGG_13497T0	2244	2245	976	25.4601
MGG_04242T0	1452	1453	3091.65	124.61
MGG_15140T0	4384	4385	3469	46.3299
MGG_07419T0	2473	2474	401.965	9.51515
MGG_02061T0	2507	2508	441	10.2976
MGG_04135T0	722	723	7694	623.219
MGG_14167T0	2313	2314	137	3.46724
MGG_01970T0	3030	3031	1747.89	33.7718
MGG_07616T0	3620	3621	12235.8	197.893
MGG_02252T0	1299	1300	36506	1644.55
MGG_08986T0	2082	2083	4	0.11246
MGG_13615T0	1065	1066	4117	226.178
MGG_05787T0	1548	1549	11	0.41588
MGG_11480T0	2023	2024	4135	119.644
MGG_11327T0	1623	1624	1972	71.1128
MGG_12816T0	1646	1647	1296	46.0827
MGG_08080T0	1240	1241	3252.89	153.505
MGG_02597T0	2508	2509	2344	54.7121
MGG_01065T0	1067	1068	1711	93.8222
MGG_04906T0	3576	3577	2805	45.9241
MGG_01045T0	3889	3890	1048	15.7775
MGG_06471T0	699	700	922.925	77.2138
MGG_05983T0	2274	2275	1600	41.1875
MGG_13133T0	399	400	0	0
MGG_00255T0	1639	1640	3123	111.521
MGG_14730T0	768	769	263	20.0289
MGG_05795T0	384	385	0	0
MGG_02086T0	1165	1166	4052	203.516
MGG_10634T0	2822	2823	194.896	4.04315
MGG_04507T0	928	929	1562.9	98.5243
MGG_10131T0	3320	3321	1574	27.7564
MGG_16571T0	753	754	3538.03	274.8
MGG_12381T0	291	292	87	17.4487
MGG_03994T0	3699	3700	1784	28.2371
MGG_04400T0	1950	1951	7839	235.304
MGG_15034T0	945	946	688	42.5916
MGG_17729T0	804	805	1193	86.7903
MGG_11966T0	597	598	2111.34	206.768
MGG_00140T0	2239	2240	646.209	16.8947
MGG_10737T0	2048	2049	698	19.9499
MGG_00590T0	3789	3790	958	14.8031
MGG_06436T0	828	829	2	0.141287
MGG_17317T0	3866	3867	713	10.798
MGG_15448T0	165	166	11	3.88071
MGG_15958T0	201	202	26	7.53787
MGG_01109T0	817	818	636	45.5334
MGG_14634T0	687	688	58	4.93703
MGG_12123T0	3215	3216	1783	32.4685
MGG_04460T0	1066	1067	1163	63.8325
MGG_15152T0	792	793	2	0.147701
MGG_04676T0	2107	2108	774	21.5029
MGG_14751T0	2063	2064	1057	29.9911
MGG_07417T0	1495	1496	57	2.23136
MGG_09080T0	2962	2963	4159.36	82.2095
MGG_16591T0	1140	1141	554.248	28.4476
MGG_15575T0	557	558	0	0
MGG_10363T0	1455	1456	1061	42.6757
MGG_10674T0	2812	2813	470.94	9.80444
MGG_11335T0	2508	2509	700	16.3389
MGG_16678T0	198	199	42	12.3601
MGG_00735T0	2236	2237	275	7.19935
MGG_16368T0	337	338	1.04121	0.180405
MGG_02309T0	2096	2097	97.2232	2.71518
MGG_03054T0	3420	3421	5176.27	88.6115
MGG_07102T0	969	970	642	38.7605
MGG_11096T0	606	607	15	1.4472
MGG_11719T0	1120	1121	21	1.09709
MGG_08975T0	4357	4358	3597	48.337
MGG_15877T0	297	298	10	1.96522
MGG_17398T0	1394	1395	413	17.3381
MGG_08767T0	2318	2319	175	4.41941
MGG_00618T0	1408	1409	67	2.78478
MGG_17620T0	2509	2510	20.9202	0.488111
MGG_04896T0	747	748	1334	104.443
MGG_02166T0	315	316	4	0.741309
MGG_04329T0	1548	1549	69	2.6087
MGG_06718T0	1136	1137	859	44.2445
MGG_07421T0	1023	1024	2	0.114382
MGG_17122T0	2709	2710	625	13.5063
MGG_03908T0	1090	1091	326	17.4993
MGG_15765T0	588	589	56	5.568
MGG_09640T0	1599	1600	728	26.6464
MGG_16982T0	1225	1226	197	9.41028
MGG_00831T0	2208	2209	2	0.0530226
MGG_15974T0	1317	1318	1.26139	0.0560481
MGG_05660T0	1493	1494	745	29.2033
MGG_16686T0	294	295	0	0
MGG_02638T0	1592	1593	190	6.98497
MGG_00718T0	1911	1912	894	27.3827
MGG_03041T0	3393	3394	4324	74.6106
MGG_03856T0	1556	1557	712.215	26.7885
MGG_02390T0	2784	2785	1636	34.4021
MGG_08206T0	1599	1600	389	14.2382
MGG_01566T0	1669	1670	763.348	26.769
MGG_10345T0	1557	1558	93	3.49576
MGG_15044T0	159	160	0	0
MGG_05052T0	1985	1986	597	17.6044
MGG_12963T0	1677	1678	70	2.44305
MGG_17170T0	1293	1294	492	22.2668
MGG_13500T0	3449	3450	722	12.2559
MGG_11214T0	1011	1012	29	1.6782
MGG_04601T0	3393	3394	1449.45	25.0103
MGG_16013T0	471	472	1	0.124075
MGG_13246T0	2475	2476	888	21.0034
MGG_01302T0	1753	1754	2625	87.6448
MGG_04976T0	1821	1822	2600	83.5702
MGG_10275T0	1992	1993	5	0.146923
MGG_01429T0	1601	1602	109	3.98465
MGG_05156T0	1957	1958	2478	74.1166
MGG_15727T0	613	614	153	14.5932
MGG_06036T0	1802	1803	208	6.75607
MGG_12069T0	513	514	0	0
MGG_15619T0	414	415	0	0
MGG_09864T0	1131	1132	947	48.9926
MGG_12647T0	2535	2536	443	10.2301
MGG_04310T0	1097	1098	1274.38	67.9707
MGG_14666T0	870	871	1898	127.616
MGG_08575T0	805	806	7780	565.29
MGG_12759T0	649	650	122.225	11.0122
MGG_10057T0	1978	1979	4011	118.695
MGG_07998T0	3049	3050	196	3.76342
MGG_00595T0	2653	2654	3183	70.2364
MGG_07992T0	1317	1318	961	42.7007
MGG_09119T0	2737	2738	262	5.60395
MGG_08859T0	2298	2299	1853.32	47.2106
MGG_11412T0	1945	1946	6517	196.124
MGG_10815T0	738	739	0	0
MGG_00129T0	1674	1675	429.32	15.0104
MGG_07149T0	2926	2927	1531	30.6323
MGG_11885T0	2127	2128	279	7.6782
MGG_02928T0	4728	4729	1261	15.6161
MGG_06452T0	1850	1851	166	5.25204
MGG_00211T0	2279	2280	542.147	13.9254
MGG_09294T0	1063	1064	1479.95	81.4575
MGG_10208T0	1137	1138	491	25.2677
MGG_00964T0	1554	1555	447	16.8346
MGG_16321T0	597	598	0	0
MGG_02183T0	6555	6556	1204	10.7551
MGG_03828T0	1557	1558	30	1.12767
MGG_05233T0	4427	4428	1795.48	23.7465
MGG_01355T0	2121	2122	329	9.07982
MGG_17168T0	304	305	33	6.33637
MGG_12329T0	2062	2063	363.142	10.3087
MGG_07500T0	1884	1885	221	6.86606
MGG_10652T0	2551	2552	768.142	17.6274
MGG_02688T0	2220	2221	52	1.37114
MGG_09528T0	2162	2163	547	14.8101
MGG_17438T0	186	187	0	0
MGG_14555T0	231	232	1	0.252429
MGG_07608T0	375	376	35	5.45138
MGG_17034T0	156	157	0	0
MGG_00019T0	393	394	0	0
MGG_14856T0	432	433	63	8.52078
MGG_01659T0	1023	1024	2416	138.173
MGG_05189T0	2200	2201	2693	71.6544
MGG_07130T0	1444	1445	2892	117.208
MGG_08390T0	1275	1276	1262	57.9209
MGG_16655T0	621	622	19.4022	1.82679
MGG_02799T0	1937	1938	858	25.9275
MGG_11537T0	1152	1153	1821	92.4927
MGG_16850T0	276	277	5	1.0571
MGG_15755T0	1826	1827	87	2.78874
MGG_04426T0	752	753	5405	420.366
MGG_07718T0	2652	2653	709	15.6508
MGG_03758T0	1254	1255	506	23.612
MGG_06345T0	2348	2349	327	8.15251
MGG_15959T0	282	283	0	0
MGG_03916T0	921	922	592	37.6026
MGG_10760T0	1248	1249	0	0
MGG_03615T0	1528	1529	2588	99.1251
MGG_06384T0	1359	1360	750.279	32.308
MGG_05569T0	1826	1827	901.33	28.8916
MGG_06900T0	2311	2312	3	0.0759906
MGG_11605T0	2775	2776	368	7.76345
MGG_11426T0	3426	3427	1315	22.4718
MGG_06099T0	1964	1965	4771.8	142.215
MGG_06270T0	1660	1661	6225.58	219.501
MGG_09698T0	282	283	545	112.781
MGG_00153T0	2048	2049	1155	33.0116
MGG_16066T0	231	232	0	0
MGG_05719T0	723	724	390	31.5466
MGG_05900T0	4527	4528	0	0
MGG_00617T0	3883	3884	442	6.66453
MGG_17890T0	375	376	1305	203.259
MGG_01013T0	1734	1735	3267.62	110.296
MGG_05568T0	1281	1282	1772.67	80.9779
MGG_09125T0	2859	2860	10046	205.709
MGG_15789T0	2930	2931	207.717	4.15032
MGG_02608T0	2164	2165	2709.65	73.2963
MGG_06473T0	2907	2908	475	9.5659
MGG_05828T0	1095	1096	0	0
MGG_00208T0	2551	2552	621	14.2507
MGG_02981T0	3127	3128	378.688	7.08992
MGG_08015T0	1724	1725	1613	54.7611
MGG_15653T0	236	237	8	1.97683
MGG_01085T0	1526	1527	194	7.44028
MGG_05306T0	3700	3701	2702	42.7556
MGG_16333T0	2417	2418	339	8.21051
MGG_12316T0	2414	2415	28021	679.506
MGG_06389T0	2438	2439	1980	47.5423
MGG_01553T0	2931	2932	2614.24	52.2166
MGG_01003T0	2396	2397	1519	37.1122
MGG_02660T0	957	958	5107	312.196
MGG_02560T0	483	484	0	0
MGG_02115T0	1212	1213	8548	412.696
MGG_07055T0	1170	1171	191	9.55219
MGG_07356T0	1833	1834	0	0
MGG_07195T0	1729	1730	2876	97.3575
MGG_15864T0	520	521	16	1.79849
MGG_02590T0	378	379	0	0
MGG_01046T0	2592	2593	2388	53.9335
MGG_08815T0	1333	1334	562	24.6722
MGG_13557T0	4275	4276	582	7.97098
MGG_10887T0	920	921	749.533	47.6604
MGG_03375T0	2242	2243	9106	237.752
MGG_07510T0	2149	2150	35	0.953358
MGG_08192T0	3613	3614	1014	16.4315
MGG_00569T0	3561	3562	1436	23.6095
MGG_08186T0	6385	6386	795	7.29063
MGG_09107T0	1992	1993	0	0
MGG_09709T0	1756	1757	286	9.53281
MGG_17193T0	341	342	29	4.96591
MGG_06784T0	1540	1541	213	8.09475
MGG_09393T0	2384	2385	2502	61.4364
MGG_03129T0	2075	2076	615	17.349
MGG_05733T0	723	724	221	17.8764
MGG_05816T0	2592	2593	16	0.361363
MGG_08060T0	1727	1728	92	3.11796
MGG_00627T0	898	899	10	0.651429
MGG_03586T0	2299	2300	493	12.5529
MGG_16288T0	360	361	3	0.486677
MGG_13365T0	616	617	2	0.189833
MGG_15480T0	1883	1884	1294.95	40.2531
MGG_05791T0	453	454	20.9478	2.70215
MGG_08133T0	3052	3053	618.834	11.8706
MGG_03708T0	996	997	1734	101.855
MGG_07555T0	339	340	0	0
MGG_02165T0	237	238	0	0
MGG_15634T0	977	978	2	0.119762
MGG_18056T0	456	457	22	2.81925
MGG_12090T0	243	244	3	0.720042
MGG_08977T0	681	682	339	29.11
MGG_00245T0	1414	1415	14236	589.194
MGG_05706T0	5415	5416	2471	26.719
MGG_17309T0	291	292	2	0.40112
MGG_16334T0	4463	4464	5833	76.5234
MGG_01458T0	3529	3530	730.718	12.1228
MGG_02139T0	381	382	3	0.459922
MGG_06043T0	4632	4633	1481	18.7206
MGG_16960T0	162	163	0	0
MGG_16978T0	891	892	15	0.984811
MGG_04181T0	1028	1029	3457.02	196.749
MGG_06736T0	4888	4889	1180.42	14.1399
MGG_04565T0	1179	1180	247	12.2586
MGG_08924T0	1622	1623	1481	53.4396
MGG_10457T0	1389	1390	0	0
MGG_08511T0	1143	1144	0	0
MGG_05996T0	4569	4570	2043	26.1806
MGG_17862T0	318	319	643	118.045
MGG_15265T0	291	292	104	20.8582
MGG_03487T0	4300	4301	692.036	9.42293
MGG_02838T0	4082	4083	868	12.4499
MGG_08529T0	387	388	0	0
MGG_17411T0	186	187	1	0.313174
MGG_16298T0	1241	1242	5659	266.836
MGG_07339T0	3969	3970	1860	27.4378
MGG_02667T0	4286	4287	1478	20.1905
MGG_17536T0	1076	1077	47.5976	2.58819
MGG_03230T0	1611	1612	1209	43.9226
MGG_09242T0	2233	2234	699.36	18.3334
MGG_14010T0	2302	2303	707	17.9784
MGG_01266T0	2271	2272	456.14	11.7575
MGG_04698T0	1949	1950	730	21.9238
MGG_16460T0	2503	2504	20	0.467759
MGG_06781T0	1993	1994	499	14.6555
MGG_08096T0	1200	1201	2421	118.053
MGG_02503T0	2414	2415	12329	298.977
MGG_17590T0	378	379	0	0
MGG_00230T0	492	493	0	0
MGG_11289T0	3144	3145	177	3.29594
MGG_02607T0	1525	1526	473.349	18.1658
MGG_07766T0	786	787	2	0.148827
MGG_10413T0	1704	1705	1734	59.5595
MGG_15147T0	603	604	0	0
MGG_00133T0	1950	1951	415	12.4571
MGG_02506T0	1886	1887	1028	31.9042
MGG_03053T0	3944	3945	7421	110.165
MGG_03252T0	13423	13424	4103	17.8997
MGG_04593T0	3403	3404	1107	19.0452
MGG_16378T0	294	295	0	0
MGG_00057T0	1139	1140	662.603	34.0389
MGG_12763T0	1102	1103	1	0.0530947
MGG_01717T0	2720	2721	273	5.87572
MGG_05098T0	2244	2245	1110.67	28.9732
MGG_09970T0	3317	3318	1174	20.7214
MGG_01064T0	948	949	5193	320.464
MGG_06975T0	2670	2671	0	0
MGG_06410T0	3366	3367	1588	27.6207
MGG_01503T0	3037	3038	2740	52.8189
MGG_06307T0	4258	4259	3227.58	44.381
MGG_02802T0	1707	1708	1177	40.3567
MGG_10560T0	1180	1181	35	1.73558
MGG_08557T0	5444	5445	873	9.38951
MGG_14997T0	591	592	32	3.16559
MGG_03039T0	3578	3579	6328	103.546
MGG_16099T0	1415	1416	124	5.12844
MGG_01016T0	1315	1316	290	12.9053
MGG_05939T0	2178	2179	417	11.2074
MGG_00732T0	1041	1042	0	0
MGG_04842T0	2885	2886	1552	31.4936
MGG_16720T0	1144	1145	92	4.70553
MGG_13171T0	6925	6926	3152	26.652
MGG_03362T0	1548	1549	953	36.0303
MGG_16208T0	659	660	0	0
MGG_10307T0	4517	4518	738.056	9.56687
MGG_03851T0	1062	1063	642.701	35.4081
MGG_11582T0	1338	1339	0	0
MGG_01492T0	2412	2413	1000.76	24.2885
MGG_15294T0	1404	1405	2054	85.6152
MGG_03234T0	1446	1447	216	8.74202
MGG_06377T0	1209	1210	625.789	30.2879
MGG_14600T0	321	322	0	0
MGG_08700T0	924	925	27	1.70942
MGG_08302T0	1275	1276	470	21.5712
MGG_13405T0	2252	2253	1391	36.157
MGG_03089T0	1294	1295	2938	132.864
MGG_08987T0	2649	2650	0	0
MGG_17164T0	432	433	129	17.4473
MGG_16253T0	617	618	97	9.192
MGG_06852T0	1339	1340	6335	276.865
MGG_15359T0	846	847	1	0.0691422
MGG_02492T0	1790	1791	632.881	20.6944
MGG_04521T0	1671	1672	1957	68.5459
MGG_07224T0	2406	2407	1317	32.0432
MGG_13511T0	2219	2220	1553.28	40.9755
MGG_17469T0	627	628	123	11.4702
MGG_17159T0	306	307	0	0
MGG_08733T0	621	622	0	0
MGG_00817T0	1774	1775	190	6.26876
MGG_03131T0	3105	3106	910.826	17.1736
MGG_04869T0	1011	1012	227	13.1363
MGG_10570T0	1284	1285	104	4.73977
MGG_08956T0	1530	1531	8876	339.523
MGG_16917T0	2845	2846	126.82	2.60964
MGG_11852T0	657	658	220	19.5805
MGG_09676T0	2115	2116	289	7.9985
MGG_01023T0	2512	2513	2485	57.9109
MGG_02697T0	3515	3516	1111	18.5051
MGG_00067T0	2106	2107	1190	33.0757
MGG_04213T0	3017	3018	305	5.91844
MGG_04211T0	952	953	66	4.05581
MGG_03511T0	4267	4268	4616.47	63.345
MGG_10828T0	2138	2139	3160.85	86.5406
MGG_07131T0	4066	4067	424	6.10546
MGG_00973T0	1968	1969	78	2.31993
MGG_12902T0	811	812	9	0.649102
MGG_01341T0	2064	2065	468	13.2725
MGG_15374T0	444	445	4	0.526413
MGG_13803T0	2409	2410	470	11.4211
MGG_01479T0	982	983	20	1.19152
MGG_15377T0	356	357	5	0.820216
MGG_01430T0	2093	2094	315	8.80969
MGG_10171T0	1206	1207	2254	109.364
MGG_04245T0	651	652	246	22.096
MGG_09962T0	5286	5287	382.301	4.2347
MGG_09962T1	5024	5025	3359.7	39.1553
MGG_15370T0	675	676	1	0.0866323
MGG_08348T0	593	594	0	0
MGG_15354T0	1440	1441	50	2.03204
MGG_01248T0	1916	1917	2621	80.0703
MGG_06028T0	1983	1984	686.937	20.2769
MGG_16779T0	453	454	29.9192	3.8594
MGG_14582T0	183	184	304	96.757
MGG_11682T0	2271	2272	5272	135.892
MGG_17389T0	1332	1333	361	15.86
MGG_10355T0	1653	1654	85	3.00961
MGG_17436T0	2763	2764	768.171	16.276
MGG_06480T0	444	445	7126	937.805
MGG_05086T0	2637	2638	115	2.55299
MGG_01668T0	3144	3145	1319	24.5613
MGG_10826T0	3448	3449	1180.14	20.0386
MGG_15644T0	992	993	35	2.06417
MGG_17462T0	339	340	3	0.516736
MGG_02520T0	2493	2494	2056	48.2784
MGG_03607T0	4266	4267	5199.26	71.3585
MGG_14844T0	553	554	17.6606	1.8669
MGG_07843T0	1928	1929	1852	56.2258
MGG_11754T0	2522	2523	374.64	8.69609
MGG_03127T0	2139	2140	374	10.2349
MGG_02801T0	1678	1679	222	7.74335
MGG_11733T0	1338	1339	1	0.0437367
MGG_04206T0	2459	2460	1004.36	23.9101
MGG_06211T0	4419	4420	2210	29.2817
MGG_08094T0	4170	4171	296.743	4.16646
MGG_09180T0	1404	1405	179	7.46111
MGG_02824T0	880	881	1406	93.4622
MGG_01372T0	3150	3151	52954	984.186
MGG_00393T0	4526	4527	956	12.3673
MGG_06488T0	1763	1764	378	12.5493
MGG_10491T0	2418	2419	323	7.81976
MGG_17661T0	1788	1789	68	2.226
MGG_06385T0	1035	1036	125.721	7.10682
MGG_12178T0	1425	1426	442	18.1522
MGG_03995T0	1913	1914	617	18.8786
MGG_13108T0	219	220	9	2.39578
MGG_11542T0	1496	1497	1321	51.6782
MGG_07533T0	1511	1512	508.629	19.7004
MGG_00596T0	1924	1925	563	17.1279
MGG_15897T0	225	226	6	1.55478
MGG_15660T0	504	505	6	0.695803
MGG_12569T0	1683	1684	313	10.885
MGG_16115T0	713	714	0	0
MGG_02223T0	538	539	36	3.91147
MGG_07289T0	2961	2962	2679	52.9681
MGG_01213T0	1113	1114	83	4.36334
MGG_02626T0	3549	3550	1091	17.9979
MGG_02655T0	2668	2669	1516	33.2642
MGG_07077T0	3752	3753	1805.15	28.1683
MGG_16540T0	219	220	0	0
MGG_03077T0	3230	3231	526	9.53401
MGG_17687T0	189	190	8	2.46583
MGG_03601T0	4622	4623	1457.46	18.4628
MGG_18060T0	291	292	0	0
MGG_10867T0	2237	2238	1258	32.919
MGG_06139T0	3111	3112	56361.9	1060.65
MGG_01373T0	2475	2476	242	5.72389
MGG_00048T0	2079	2080	1139	32.0691
MGG_03434T0	1263	1264	106	4.91118
MGG_16660T0	555	556	0	0
MGG_17484T0	177	178	0	0
MGG_15851T0	300	301	0	0
MGG_00479T0	1821	1822	422.776	13.589
MGG_02199T0	1073	1074	160	8.72454
MGG_12631T0	5219	5220	2536	28.4515
MGG_06483T0	2033	2034	938	27.0071
MGG_07931T0	1423	1424	1053	43.3057
MGG_16256T0	387	388	63	9.50901
MGG_11409T0	450	451	276	35.8393
MGG_10586T0	1462	1463	1087	43.5123
MGG_16853T0	2360	2361	9019	223.712
MGG_06788T0	1854	1855	1039	32.8018
MGG_02762T0	1894	1895	96	2.9668
MGG_07631T0	1490	1491	508	19.9532
MGG_08468T0	1650	1651	17	0.603016
MGG_00702T0	2610	2611	767	17.2034
MGG_02051T0	2237	2238	615	16.0932
MGG_17273T0	475	476	9	1.10729
MGG_15543T0	222	223	1	0.262616
MGG_10309T0	1632	1633	261	9.36011
MGG_10819T0	632	633	1863	172.36
MGG_01148T0	2122	2123	1724	47.5569
MGG_17626T0	231	232	3	0.757286
MGG_13626T0	1411	1412	635	26.337
MGG_01353T0	4203	4204	287.346	4.00284
MGG_15832T0	504	505	14	1.62354
MGG_15818T0	3077	3078	811	15.4305
MGG_08051T0	2234	2235	444	11.6341
MGG_10538T0	2698	2699	1239	26.8841
MGG_01265T0	1390	1391	421	17.7248
MGG_05647T0	1708	1709	2401	82.2767
MGG_10800T0	2171	2172	1144.31	30.8539
MGG_01979T0	1967	1968	1632	48.5648
MGG_14661T0	423	424	213	29.4198
MGG_02605T0	2200	2201	17273.7	459.612
MGG_18065T0	369	370	0	0
MGG_01411T0	354	355	21	3.46432
MGG_04854T0	1583	1584	263	9.7236
MGG_00755T0	1828	1829	7696	246.421
MGG_09766T0	1981	1982	860	25.411
MGG_17594T0	762	763	4	0.307017
MGG_10188T0	2403	2404	1380.33	33.626
MGG_08710T0	3230	3231	2523	45.7306
MGG_03485T0	3916	3917	1456	21.7688
MGG_09387T0	657	658	665	59.1865
MGG_13923T0	582	583	0	0
MGG_00769T0	2306	2307	444	11.271
MGG_05830T0	1785	1786	6	0.196742
MGG_03058T0	4839	4840	1077	13.0316
MGG_14855T0	1224	1225	1132	54.1174
MGG_00302T0	2761	2762	134	2.84124
MGG_05417T0	654	655	0	0
MGG_08913T0	3981	3982	1696.61	24.9522
MGG_01463T0	3641	3642	2626	42.2261
MGG_09319T0	1506	1507	1117	43.4077
MGG_02834T0	1664	1665	1934	68.025
MGG_06595T0	1694	1695	74	2.55675
MGG_04504T0	1506	1507	1569.53	60.9936
MGG_04645T0	384	385	489	74.3832
MGG_16623T0	402	403	307	44.6128
MGG_12118T0	3204	3205	992.19	18.1298
MGG_08497T0	1265	1266	105	4.85716
MGG_02914T0	1380	1381	445	18.8709
MGG_03007T0	3008	3009	724.209	14.0951
MGG_14041T0	1581	1582	1	0.0370186
MGG_03689T0	1504	1505	28.1186	1.09417
MGG_15109T0	901	902	168	10.9076
MGG_13935T0	2831	2832	6641	137.33
MGG_03889T0	1623	1624	388	13.9918
MGG_06445T0	1408	1409	334	13.8823
MGG_10233T0	1482	1483	185	7.30562
MGG_16670T0	411	412	0	0
MGG_12589T0	2613	2614	1958	43.8666
MGG_13154T0	2391	2392	608	14.8857
MGG_08435T0	558	559	11	1.15241
MGG_12302T0	1597	1598	541	19.8265
MGG_03155T0	2804	2805	4586	95.7476
MGG_01696T1	874	875	74.5405	4.98897
MGG_01696T0	874	875	319.459	21.3813
MGG_04632T0	1395	1396	91	3.81753
MGG_06881T0	2960	2961	3151.98	62.3406
MGG_02354T0	840	841	15	1.04453
MGG_00136T0	1692	1693	2244.28	77.6329
MGG_09502T0	2318	2319	192	4.84872
MGG_00757T0	1958	1959	760	22.7199
MGG_02127T0	2243	2244	2113	55.1446
MGG_03693T0	4821	4822	448	5.44098
MGG_17825T0	2457	2458	1723.35	41.0599
MGG_05531T0	1295	1296	10042	453.776
MGG_16863T0	480	481	15	1.8263
MGG_15861T0	5483	5484	2266.14	24.2
MGG_17241T0	2236	2237	748	19.5822
MGG_13126T0	714	715	894	73.2248
MGG_07230T0	1455	1456	493	19.8295
MGG_09521T0	3389	3390	532.979	9.2074
MGG_08867T0	2647	2648	756	16.7198
MGG_16184T0	975	976	389	23.3414
MGG_00406T0	1226	1227	798	38.0877
MGG_07272T0	1483	1484	297.555	11.7425
MGG_17404T0	165	166	2	0.705584
MGG_14081T0	384	385	0	0
MGG_07173T0	2904	2905	358.602	7.22924
MGG_07173T1	2019	2020	848.398	24.5966
MGG_15166T0	705	706	0	0
MGG_02896T0	1578	1579	1913.56	70.9719
MGG_07717T0	2091	2092	855	23.9349
MGG_03915T0	786	787	1025	76.2739
MGG_03564T0	2121	2122	1116	30.7996
MGG_06612T0	3768	3769	232	3.60486
MGG_13535T0	4511	4512	1081	14.0308
MGG_17324T0	1388	1389	13869.4	584.767
MGG_15181T0	3063	3064	0	0
MGG_04760T0	1962	1963	1113	33.2048
MGG_09209T0	2588	2589	1861	42.096
MGG_09658T0	534	535	0	0
MGG_12780T0	693	694	0	0
MGG_17483T0	285	286	0	0
MGG_06773T0	2633	2634	452	10.0496
MGG_05287T0	3868	3869	14869	225.066
MGG_05521T0	1707	1708	547	18.7554
MGG_14561T0	1903	1904	2697	82.9546
MGG_00306T0	2782	2783	365	7.6808
MGG_03069T0	3322	3323	1447	25.5014
MGG_08036T0	3614	3615	563.148	9.12306
MGG_11554T0	3019	3020	228	4.42135
MGG_15870T0	234	235	0	0
MGG_04143T0	1362	1363	2317	99.5536
MGG_01437T0	1301	1302	369.996	16.6423
MGG_04635T0	2235	2236	68	1.781
MGG_04217T0	3433	3434	2672	45.5683
MGG_15703T0	502	503	0	0
MGG_01145T0	934	935	68	4.25916
MGG_13021T0	2391	2392	93	2.27692
MGG_02657T0	348	349	323	54.2006
MGG_09659T0	1233	1234	9	0.427124
MGG_09211T0	2798	2799	1005	21.0276
MGG_16901T0	2383	2384	4061	99.7593
MGG_16158T0	171	172	0	0
MGG_01923T0	1146	1147	945	48.2497
MGG_02047T0	2436	2437	364	8.74727
MGG_08412T0	423	424	6	0.828728
MGG_15689T0	796	797	43	3.15963
MGG_10158T0	2093	2094	85	2.37722
MGG_02615T0	1582	1583	337	12.4674
MGG_04999T0	2004	2005	376	10.9825
MGG_11005T0	1564	1565	78	2.91882
MGG_00081T0	1017	1018	2334	134.27
MGG_06162T0	5852	5853	430	4.30246
MGG_15437T0	459	460	152	19.3514
MGG_14192T0	294	295	21	4.16892
MGG_07708T0	2503	2504	2318.03	54.214
MGG_08738T0	2691	2692	2	0.0435092
MGG_13937T0	981	982	0	0
MGG_05188T0	1737	1738	2510	84.5767
MGG_10415T0	2403	2404	41	0.998794
MGG_03471T0	1176	1177	16	0.796105
MGG_06574T0	1252	1253	734	34.3061
MGG_16506T0	189	190	10	3.08229
MGG_16398T0	1889	1890	19.491	0.603949
MGG_06200T0	2531	2532	1910	44.177
MGG_10438T0	1503	1504	145	5.64608
MGG_13546T0	248	249	1	0.235195
MGG_17568T0	210	211	0	0
MGG_16765T0	417	418	120	16.8125
MGG_16251T0	3487	3488	12688.2	213.035
MGG_05438T0	1470	1471	3005	119.635
MGG_06404T0	1197	1198	616	30.1128
MGG_02759T0	4268	4269	4082	55.9981
MGG_06208T0	1599	1600	481.846	17.6366
MGG_04847T0	1982	1983	1400	41.3459
MGG_09609T0	390	391	0	0
MGG_08455T0	1918	1919	229	6.98855
MGG_02338T0	591	592	4	0.395699
MGG_12198T0	1575	1576	0	0
MGG_02160T0	1997	1998	224.881	6.59149
MGG_07514T0	1940	1941	642.76	19.3932
MGG_16631T0	231	232	4	1.00971
MGG_16059T0	552	553	0	0
MGG_15490T0	761	762	0	0
MGG_06518T0	1639	1640	492	17.569
MGG_16849T0	819	820	532	37.9948
MGG_14731T0	1177	1178	1698.6	84.4446
MGG_01408T0	1707	1708	104	3.56592
MGG_04259T0	333	334	248	43.4842
MGG_17796T0	682	683	15	1.28617
MGG_14126T0	741	742	15	1.1839
MGG_02747T0	789	790	7423	550.274
MGG_06396T0	6184	6185	6344.97	60.0781
MGG_17395T0	213	214	1	0.273661
MGG_17167T0	159	160	0	0
MGG_02646T0	1065	1066	50	2.74688
MGG_03808T0	507	508	0	0
MGG_13332T0	897	898	4	0.260862
MGG_16389T0	3867	3868	971	14.7014
MGG_06176T0	1668	1669	554.85	19.4691
MGG_12972T0	2108	2109	723.018	20.077
MGG_15737T0	594	595	249	24.5081
MGG_02769T0	1995	1996	584.509	17.1497
MGG_10305T0	1614	1615	3906	141.64
MGG_16119T0	770	771	20	1.51916
MGG_16301T0	2092	2093	1229	34.3882
MGG_09117T0	1302	1303	414	18.6073
MGG_17664T0	363	364	7	1.12622
MGG_01253T0	693	694	50.0344	4.22217
MGG_12983T0	1633	1634	0	0
MGG_05171T0	1971	1972	4871.61	144.674
MGG_08433T0	369	370	0	0
MGG_17637T0	378	379	0	0
MGG_00350T0	1220	1221	324.262	15.5528
MGG_05393T0	1154	1155	15	0.760564
MGG_08297T0	1493	1494	11	0.43119
MGG_05738T0	3692	3693	725	11.497
MGG_14816T0	2450	2451	38	0.90796
MGG_16129T0	300	301	33	6.42058
MGG_16348T0	333	334	0	0
MGG_08803T0	2195	2196	237	6.32037
MGG_01282T0	1189	1190	48095	2366.9
MGG_05162T0	564	565	54	5.59721
MGG_04346T0	1553	1554	20053	755.71
MGG_06424T0	2032	2033	1292	37.2179
MGG_07824T0	741	742	3	0.236779
MGG_09227T0	2175	2176	453	12.1917
MGG_04602T0	3443	3444	2038	34.6551
MGG_17498T0	171	172	0	0
MGG_11530T0	1897	1898	245	7.55956
MGG_01661T0	3900	3901	1714.21	25.7344
MGG_10610T0	372	373	0	0
MGG_05357T0	2160	2161	578	15.6639
MGG_08086T0	630	631	167	15.4994
MGG_17673T0	201	202	18	5.21853
MGG_07928T0	742	743	12910.9	1017.64
MGG_08811T0	1241	1242	0	0
MGG_01323T0	2686	2687	1396	30.426
MGG_01159T0	946	947	36194.8	2238.32
MGG_02825T0	708	709	705	58.233
MGG_03728T0	1252	1253	1477.15	69.04
MGG_16892T0	297	298	11	2.16174
MGG_01750T0	3822	3823	757	11.5963
MGG_06954T0	2815	2816	3077	63.9914
MGG_15882T0	180	181	33	10.6773
MGG_06318T0	5448	5449	4960	53.3079
MGG_05185T0	2113	2114	943	26.1236
MGG_13252T0	1908	1909	32	0.981682
MGG_07414T0	1647	1648	2949	104.796
MGG_17844T0	902	903	98	6.35572
MGG_10712T0	1350	1351	17	0.73692
MGG_03769T0	1595	1596	149	5.46739
MGG_01883T0	2935	2936	2032	40.5317
MGG_03883T0	2434	2435	2402	57.7698
MGG_07897T0	399	400	0	0
MGG_09447T0	684	685	12	1.02593
MGG_15659T0	198	199	0	0
MGG_17956T0	303	304	5	0.963215
MGG_16747T0	591	592	63	6.23226
MGG_13140T0	945	946	8	0.495251
MGG_04757T0	2490	2491	552	12.9775
MGG_08071T0	3786	3787	814	12.588
MGG_15439T0	1062	1063	142	7.82315
MGG_01673T0	5111	5112	2350	26.9218
MGG_16584T0	771	772	0	0
MGG_15039T0	336	337	13	2.25912
MGG_11069T0	966	967	0	0
MGG_01400T0	1242	1243	506	23.84
MGG_01022T0	1215	1216	216	10.4027
MGG_16618T0	159	160	6	2.19613
MGG_10050T0	1509	1510	94	3.64567
MGG_18125T0	863	864	0	0
MGG_08704T0	4099	4100	94.976	1.35661
MGG_17129T0	243	244	8	1.92011
MGG_04133T0	4056	4057	861.437	12.435
MGG_06264T0	921	922	726	46.114
MGG_15640T0	414	415	69	9.73706
MGG_14232T0	2975	2976	3348	65.8839
MGG_06433T0	1044	1045	400	22.4166
MGG_06749T0	1424	1425	123	5.05495
MGG_17348T0	1442	1443	598	24.2695
MGG_11160T0	2638	2639	722.465	16.0326
MGG_04765T0	1827	1828	4020	128.788
MGG_06927T0	656	657	4175.97	372.236
MGG_12122T0	4812	4813	16913	205.793
MGG_04936T0	2088	2089	205	5.74701
MGG_09419T0	1314	1315	4	0.17814
MGG_05833T0	1873	1874	9	0.281255
MGG_08431T0	1044	1045	7	0.392291
MGG_14234T0	5369	5370	893	9.73876
MGG_02511T0	1515	1516	1387.42	53.5964
MGG_17970T0	288	289	0	0
MGG_02439T0	1041	1042	2211	124.265
MGG_11478T0	513	514	1	0.113937
MGG_01971T0	1125	1126	206	10.7141
MGG_17710T0	195	196	0	0
MGG_15630T0	336	337	6	1.04267
MGG_01072T0	2980	2981	1960	38.5053
MGG_16851T0	297	298	1	0.196522
MGG_07981T0	1788	1789	1008	32.9972
MGG_13646T0	1703	1704	1055	36.2585
MGG_12810T0	246	247	5	1.18549
MGG_08359T0	1778	1779	120	3.95032
MGG_05809T0	2669	2670	681	14.937
MGG_00940T0	1920	1921	279	8.50557
MGG_03999T0	1435	1436	2432	99.1827
MGG_16510T0	549	550	2	0.212958
MGG_08840T0	2169	2170	496	13.3859
MGG_17679T0	3145	3146	593.306	11.0445
MGG_14087T0	3189	3190	2981	54.7265
MGG_17458T0	486	487	112	13.4684
MGG_05746T0	5943	5944	1700	16.7493
MGG_08515T0	582	583	620	62.2802
MGG_00731T0	3613	3614	986	15.9777
MGG_09886T0	1273	1274	3838	176.426
MGG_10660T0	1031	1032	15607	885.659
MGG_17276T0	216	217	23658	6384.77
MGG_06508T0	1572	1573	491	18.2801
MGG_17688T0	1511	1512	534.635	20.7077
MGG_16800T0	177	178	29	9.54124
MGG_03253T0	4417	4418	6026	79.8785
MGG_07749T0	594	595	282	27.7561
MGG_11174T0	5304	5305	5122	56.5433
MGG_15761T0	309	310	18	3.40046
MGG_05017T0	1896	1897	1229	37.9412
MGG_17431T0	426	427	0	0
MGG_02505T0	2251	2252	2415.02	62.8028
MGG_01368T0	1036	1037	223	12.5937
MGG_17586T0	783	784	313.82	23.4418
MGG_07502T0	1668	1669	826	28.9835
MGG_04555T0	1741	1742	2027	68.1447
MGG_07465T0	2920	2921	1150.15	23.0595
MGG_14970T0	1053	1054	718	39.8943
MGG_06347T0	849	850	6732	463.823
MGG_06860T0	3565	3566	2866	47.0675
MGG_02394T0	1458	1459	290	11.6404
MGG_03654T0	699	700	332	27.7758
MGG_03891T0	837	838	10125.9	707.643
MGG_06766T0	2885	2886	4337	88.0075
MGG_16459T0	898	899	4104	267.346
MGG_01333T0	1251	1252	2890	135.182
MGG_13401T0	1715	1716	642.586	21.9301
MGG_11779T0	6912	6913	521	4.41365
MGG_07955T0	809	810	6	0.433803
MGG_00797T0	1241	1242	151.847	7.15999
MGG_07128T0	922	923	145.929	9.25907
MGG_12309T0	3394	3395	649	11.1952
MGG_09570T0	981	982	1808	107.824
MGG_05181T0	2432	2433	426	10.254
MGG_06732T0	2189	2190	678.287	18.1383
MGG_15458T0	309	310	0	0
MGG_02074T0	4315	4316	980	13.2975
MGG_10300T0	1215	1216	31	1.49298
MGG_02644T0	3984	3985	1900	27.9223
MGG_16250T0	1403	1404	79	3.29524
MGG_06549T0	866	867	76.8175	5.18881
MGG_17984T0	669	670	10	0.874081
MGG_17532T0	1651	1652	1427	50.5872
MGG_14237T0	956	957	25	1.52987
MGG_04372T0	2367	2368	377	9.32366
MGG_08832T0	1641	1642	1442	51.4303
MGG_16944T0	369	370	0	0
MGG_00489T0	1538	1539	482	18.3415
MGG_09829T0	3582	3583	71	1.16048
MGG_02805T0	675	676	871	75.4567
MGG_00820T0	2916	2917	36.4839	0.732473
MGG_12850T0	799	800	711	52.0483
MGG_13225T0	2057	2058	162	4.60995
MGG_17489T0	318	319	0	0
MGG_07443T0	1408	1409	21	0.872841
MGG_05667T0	1836	1837	935	29.8077
MGG_08024T0	309	310	77	14.5464
MGG_12582T0	610	611	0	0
MGG_01944T0	1339	1340	47	2.05409
MGG_14109T0	462	463	6	0.758922
MGG_01306T0	1302	1303	1492	67.0581
MGG_07786T0	600	601	63	6.13893
MGG_02749T0	1518	1519	1404	54.1297
MGG_18092T0	270	271	135	29.1737
MGG_16601T0	1843	1844	527.938	16.7668
MGG_00847T0	3156	3157	3818	70.8252
MGG_15998T0	258	259	0	0
MGG_12627T0	1491	1492	1182	46.3954
MGG_11967T0	348	349	0	0
MGG_15244T0	531	532	464	51.0779
MGG_12594T0	2262	2263	3194	82.6565
MGG_17632T0	775	776	2623	197.954
MGG_08612T0	1881	1882	73	2.27159
MGG_11804T0	1040	1041	1852	104.188
MGG_09508T0	1339	1340	1709	74.6902
MGG_15663T0	459	460	10	1.27312
MGG_17289T0	339	340	0	0
MGG_13645T0	1143	1144	7871	402.931
MGG_03902T0	952	953	779.668	47.9119
MGG_06306T0	5011	5012	97.4152	1.13826
MGG_08343T0	1292	1293	3458.33	156.637
MGG_04075T0	1459	1460	27	1.08302
MGG_08266T0	1947	1948	1133	34.0618
MGG_08602T0	1538	1539	654	24.8866
MGG_09794T0	1320	1321	38	1.68464
MGG_13719T0	1092	1093	16.0688	0.860971
MGG_00207T0	1023	1024	292	16.6997
MGG_16269T0	309	310	453	85.5782
MGG_08267T0	2262	2263	277	7.16839
MGG_15017T0	552	553	110	11.6491
MGG_10516T0	1410	1411	193	8.01045
MGG_10671T0	1709	1710	320	10.9592
MGG_15960T0	907	908	6612	426.455
MGG_13013T0	6477	6478	5335	48.2303
MGG_02031T0	408	409	0	0
MGG_07045T0	3466	3467	4529	76.5024
MGG_16100T0	249	250	0	0
MGG_16323T0	609	610	0	0
MGG_16232T0	428	429	16	2.18418
MGG_01275T0	2718	2719	594	12.7939
MGG_11408T0	2647	2648	1022	22.6027
MGG_02916T0	7945	7946	595	4.38526
MGG_16427T0	6156	6157	161	1.53138
MGG_15747T0	771	772	168	12.7444
MGG_03669T0	3228	3229	3499	63.4604
MGG_06509T0	1779	1780	647	21.2868
MGG_12505T0	1304	1305	8	0.35901
MGG_12141T0	6702	6703	1890.39	16.5161
MGG_15060T0	1772	1773	342	11.2965
MGG_01724T0	1827	1828	1275	40.847
MGG_01196T0	3660	3661	1872	29.9456
MGG_07182T0	1389	1390	491	20.6868
MGG_01222T0	758	759	3381	260.874
MGG_04900T0	2813	2814	1825	37.9809
MGG_17104T0	228	229	0	0
MGG_15528T0	2108	2109	546	15.1615
MGG_00753T0	3423	3424	3857	65.9694
MGG_06616T0	2052	2053	4	0.114103
MGG_01741T0	10725	10726	1334	7.28358
MGG_07309T0	1320	1321	4111.9	182.291
MGG_07479T0	3269	3270	2568	45.9911
MGG_08556T0	2757	2758	8117	172.357
MGG_17339T0	1652	1653	45.6111	1.61594
MGG_17044T0	180	181	1	0.323555
MGG_08808T0	1063	1064	4935.37	271.647
MGG_04909T0	1614	1615	504	18.2761
MGG_06126T0	2612	2613	3707	83.0825
MGG_08035T0	1957	1958	1761.85	52.6967
MGG_15704T0	3529	3530	109	1.80833
MGG_12616T0	1683	1684	434	15.093
MGG_09845T0	624	625	11	1.03072
MGG_12712T0	2627	2628	4636	103.311
MGG_10156T0	971	972	1366	82.3021
MGG_17616T0	1383	1384	0	0
MGG_16451T0	165	166	0	0
MGG_16891T0	417	418	3	0.420312
MGG_15916T0	966	967	541.328	32.7839
MGG_14141T0	264	265	0	0
MGG_00198T0	1824	1825	348	11.1672
MGG_17081T0	561	562	11	1.14626
MGG_04639T0	2058	2059	358.452	10.1953
MGG_16753T0	288	289	20	4.05283
MGG_04901T0	1300	1301	2285	102.857
MGG_06631T0	2471	2472	2221	52.6171
MGG_15211T0	1151	1152	0	0
MGG_00063T0	6689	6690	2428	21.2544
MGG_05033T0	2229	2230	768.391	20.1792
MGG_07594T0	881	882	618	41.0343
MGG_15306T0	1182	1183	43	2.12868
MGG_05275T0	2048	2049	555.158	15.8672
MGG_01837T0	3433	3434	821	14.0013
MGG_09546T0	1179	1180	6052	300.361
MGG_15496T0	3319	3320	911	16.0697
MGG_02641T0	2040	2041	674	19.3394
MGG_10593T0	663	664	107	9.43718
MGG_18074T0	231	232	0	0
MGG_06082T0	1962	1963	3584	106.924
MGG_09096T0	3780	3781	1210	18.7415
MGG_04166T0	1833	1834	497	15.8702
MGG_04246T0	829	830	451	31.8218
MGG_08021T0	1328	1329	728	32.0799
MGG_03204T0	4467	4468	1633.33	21.4085
MGG_01079T0	1351	1352	7023	304.209
MGG_01272T0	2765	2766	775	16.4088
MGG_14642T0	1146	1147	121.613	6.20931
MGG_12475T0	1499	1500	20310	792.949
MGG_06330T0	531	532	66	7.26539
MGG_01949T0	2889	2890	0	0
MGG_07657T0	1633	1634	270	9.67695
MGG_15971T0	1176	1177	14.7243	0.732628
MGG_00338T0	3456	3457	2047	34.6773
MGG_11305T0	1152	1153	22	1.11743
MGG_06201T0	540	541	4064	439.929
MGG_16646T0	528	529	4	0.442824
MGG_00476T0	2612	2613	2435.37	54.5822
MGG_06022T0	5521	5522	716	7.59352
MGG_06638T0	2743	2744	3644	77.7716
MGG_10460T0	758	759	1103	85.106
MGG_01665T0	1709	1710	2537	86.8862
MGG_00480T0	1297	1298	748.224	33.7585
MGG_00408T0	2010	2011	704	20.5016
MGG_12709T0	2913	2914	1208	24.2775
MGG_16300T0	2163	2164	110	2.97689
MGG_05389T0	333	334	0	0
MGG_01284T0	1784	1785	2583	84.7448
MGG_03959T0	2352	2353	255	6.34665
MGG_04482T0	1222	1223	5409	259.01
MGG_05015T0	2460	2461	349.368	8.31377
MGG_07233T0	2384	2385	1703	41.817
MGG_00031T0	2545	2546	1	0.0230021
MGG_02901T0	1320	1321	2	0.0886653
MGG_04219T0	2251	2252	1033	26.8633
MGG_12124T0	162	163	1133	407.07
MGG_18082T0	1248	1249	2343.04	109.861
MGG_00685T0	2431	2432	948	22.8282
MGG_13205T0	1159	1160	622.931	31.4491
MGG_10772T0	994	995	76	4.47319
MGG_04717T0	2040	2041	423.167	12.1421
MGG_12827T0	3907	3908	825	12.3631
MGG_03162T0	4670	4671	4595	57.6106
MGG_06002T0	1946	1947	1314	39.5236
MGG_17093T0	168	169	1	0.346529
MGG_14499T0	2052	2053	4	0.114103
MGG_09525T0	2815	2816	310.983	6.46741
MGG_15015T0	493	494	4	0.474198
MGG_02819T0	2336	2337	1279	32.0508
MGG_07179T0	3037	3038	608	11.7204
MGG_03042T0	1310	1311	242	10.8103
MGG_08563T0	1078	1079	505	27.4092
MGG_05579T0	1514	1515	934	36.1045
MGG_15600T0	3816	3817	1003	15.3888
MGG_00487T0	3047	3048	734	14.1029
MGG_17618T0	1396	1397	7455	312.52
MGG_05246T0	3269	3270	5633	100.883
MGG_17891T0	165	166	475	167.576
MGG_15516T0	642	643	0	0
MGG_02430T0	936	937	660	41.2507
MGG_03496T0	1655	1656	108	3.81936
MGG_11147T0	153	154	124	47.155
MGG_07806T0	1401	1402	0	0
MGG_10197T0	2476	2477	3649	86.2729
MGG_16324T0	180	181	1	0.323555
MGG_17540T0	3125	3126	465	8.71145
MGG_01032T0	3280	3281	1083	19.3308
MGG_16132T0	162	163	32	11.4971
MGG_01698T0	2371	2372	2034	50.2184
MGG_06943T0	639	640	1654	151.35
MGG_13157T0	2961	2962	187	3.69729
MGG_08644T0	842	843	93	6.46074
MGG_13861T0	1233	1234	0	0
MGG_15349T0	1503	1504	484	18.8462
MGG_04508T0	1976	1977	1187.16	35.1666
MGG_03767T0	1257	1258	18	0.837951
MGG_04447T0	756	757	433	33.498
MGG_06266T0	2036	2037	9698	278.816
MGG_12996T0	1925	1926	710	21.5888
MGG_03793T0	1020	1021	485	27.8191
MGG_09758T0	4246	4247	557.165	7.68295
MGG_12845T0	786	787	13.2137	0.983275
MGG_09632T0	1392	1393	0	0
MGG_11470T0	3030	3031	1174	22.6834
MGG_00087T0	1598	1599	465	17.0306
MGG_02693T0	1014	1015	0	0
MGG_03268T0	1196	1197	57.7594	2.82589
MGG_16493T0	654	655	2638.79	235.933
MGG_00564T0	585	586	134	13.3916
MGG_17245T0	354	355	24.7868	4.08901
MGG_02846T0	5727	5728	2584	26.419
MGG_15872T0	210	211	0	0
MGG_09755T0	4466	4467	871	11.419
MGG_10060T0	1208	1209	13	0.629714
MGG_15803T0	3507	3508	224.513	3.74808
MGG_10824T0	1584	1585	29530	1091.09
MGG_04104T0	919	920	4798.82	305.473
MGG_08440T0	2505	2506	111	2.59399
MGG_04622T0	1331	1332	3237	142.32
MGG_08927T0	2608	2609	446	10.0112
MGG_16143T0	784	785	21.7454	1.62228
MGG_08210T0	1265	1266	2803	129.663
MGG_15984T0	189	190	0	0
MGG_14636T0	1211	1212	0	0
MGG_17793T0	4683	4684	793	9.91478
MGG_17704T0	2571	2572	1841	41.9189
MGG_16958T0	348	349	0	0
MGG_16692T0	288	289	0	0
MGG_12330T0	1245	1246	59.8576	2.81338
MGG_04008T0	1712	1713	1314	44.9226
MGG_01185T0	1800	1801	4787	155.66
MGG_01285T0	3602	3603	7169	116.525
MGG_04967T0	4074	4075	16021	230.244
MGG_13035T0	993	994	1178	69.4042
MGG_03543T0	2398	2399	703	17.1614
MGG_02491T0	5616	5617	623	6.49547
MGG_05343T0	3454	3455	5007	84.8704
MGG_08686T0	2166	2167	29	0.783729
MGG_16727T0	318	319	6	1.10151
MGG_08888T0	3220	3221	15120	274.908
MGG_08774T0	2648	2649	1498	33.1174
MGG_17656T0	719	720	1350.26	109.828
MGG_17300T0	711	712	20	1.64504
MGG_03182T0	2275	2276	725	18.6549
MGG_12726T0	1222	1223	141	6.7518
MGG_02966T0	1630	1631	307.525	11.0421
MGG_03395T0	814	815	9	0.646713
MGG_16063T0	1849	1850	7.92573	0.250896
MGG_12370T0	1517	1518	724.965	27.9687
MGG_01274T0	1635	1636	976	34.9376
MGG_13463T0	471	472	14	1.73705
MGG_16349T0	204	205	0	0
MGG_06021T0	3045	3046	2011.26	38.6693
MGG_08947T0	1626	1627	0	0
MGG_03166T0	1374	1375	9	0.383324
MGG_00273T0	405	406	496	71.5455
MGG_02872T0	902	903	12454.6	807.737
MGG_04385T0	3377	3378	3231	56.0149
MGG_12728T0	465	466	27	3.39316
MGG_01681T0	1429	1430	1316	53.8948
MGG_00032T0	1891	1892	78	2.41435
MGG_17039T0	162	163	2	0.71857
MGG_17925T0	192	193	3	0.910313
MGG_02475T0	2654	2655	849	18.7271
MGG_00058T0	1041	1042	478	26.865
MGG_05849T0	822	823	3314	235.819
MGG_08088T0	3206	3207	1783	32.5596
MGG_16731T0	234	235	6	1.49524
MGG_13518T0	1727	1728	533.852	18.0927
MGG_03763T0	2477	2478	340	8.03534
MGG_13427T0	1122	1123	0	0
MGG_10102T0	741	742	114	8.99762
MGG_15025T0	1948	1949	2642	79.3867
MGG_09997T0	2767	2768	19	0.401989
MGG_06649T0	4664	4665	2867	35.9917
MGG_17878T0	1358	1359	2856	123.074
MGG_02617T0	1941	1942	6877	207.385
MGG_17246T0	2440	2441	1516	36.3712
MGG_16354T0	234	235	0	0
MGG_02440T0	3633	3634	1036	16.6956
MGG_17373T0	3639	3640	257	4.13484
MGG_15673T0	159	160	0	0
MGG_08252T0	2028	2029	338	9.75576
MGG_17946T0	339	340	7	1.20572
MGG_03921T0	1621	1622	2865	103.443
MGG_16041T0	342	343	2	0.341478
MGG_11633T0	2628	2629	2306	51.3683
MGG_03210T0	1338	1339	611	26.7231
MGG_11590T0	3306	3307	771	13.6536
MGG_01363T0	1062	1063	153	8.42917
MGG_04414T0	1374	1375	108	4.59989
MGG_07802T0	1763	1764	425	14.1097
MGG_16811T0	312	313	0	0
MGG_17714T0	2251	2252	261	6.78733
MGG_17106T0	282	283	17	3.51795
MGG_04190T0	3265	3266	1266	22.701
MGG_01895T0	1209	1210	147	7.11473
MGG_01195T0	717	718	85	6.933
MGG_05601T0	1428	1429	430	17.6223
MGG_05074T0	3243	3244	10906	196.884
MGG_08408T0	1035	1036	37	2.09155
MGG_14150T0	2132	2133	1123	30.833
MGG_06762T0	3308	3309	1973	34.9186
MGG_08371T0	901	902	68	4.41498
MGG_14570T0	945	946	0	0
MGG_10112T0	1860	1861	4	0.125875
MGG_12264T0	882	883	11	0.729556
MGG_03545T0	4234	4235	1918	26.5229
MGG_05369T0	1716	1717	392	13.3703
MGG_17357T0	900	901	23	1.49496
MGG_17137T0	227	228	54	13.8703
MGG_01815T0	3308	3309	1549	27.4146
MGG_11075T0	1682	1683	3	0.104391
MGG_17387T0	581	582	28	2.81749
MGG_15855T0	568	569	34	3.4994
MGG_06394T0	2860	2861	1464	29.9675
MGG_08548T0	1764	1765	136	4.51254
MGG_17440T0	2547	2548	376	8.64202
MGG_17005T0	348	349	586.341	98.3902
MGG_07970T0	1865	1866	53	1.66338
MGG_04486T0	5287	5288	2108	23.3456
MGG_16622T0	231	232	0	0
MGG_09830T0	4723	4724	7032	87.1757
MGG_13842T0	3187	3188	1154	21.1989
MGG_04014T0	2398	2399	966	23.5816
MGG_08317T0	1413	1414	266	11.0169
MGG_08103T0	1115	1116	187	9.81305
MGG_16316T0	1708	1709	1847	63.2924
MGG_07323T0	1978	1979	1236	36.5763
MGG_17428T0	378	379	12	1.85425
MGG_17088T0	455	456	45	5.77929
MGG_01857T0	3269	3270	168	3.00876
MGG_08785T0	1916	1917	788	24.073
MGG_04607T0	1816	1817	260.301	8.38972
MGG_08748T0	3058	3059	632	12.0994
MGG_09564T0	3877	3878	2395	36.168
MGG_14767T0	6707	6708	3.00092	0.0261992
MGG_16021T0	2461	2462	1954	46.4797
MGG_13217T0	2930	2931	930.206	18.5862
MGG_01215T0	3908	3909	4670	69.9645
MGG_03160T0	1396	1397	417.458	17.5002
MGG_03168T0	2001	2002	242	7.0791
MGG_04865T0	2363	2364	785.602	19.4618
MGG_17028T0	423	424	0	0
MGG_10600T0	5398	5399	562.292	6.09923
MGG_17994T0	264	265	30	6.62982
MGG_15912T0	366	367	33	5.26592
MGG_01882T0	1481	1482	590	23.3147
MGG_09708T0	765	766	154	11.7739
MGG_03707T0	2314	2315	141	3.56693
MGG_00887T0	2219	2220	1162	30.6535
MGG_03482T0	1241	1242	35.0082	1.65073
MGG_06159T0	2095	2096	335	9.36009
MGG_04441T0	1875	1876	3047	95.1188
MGG_03340T0	1770	1771	2725	90.1103
MGG_05444T0	543	544	4	0.430614
MGG_07022T0	2071	2072	228	6.44424
MGG_05798T0	983	984	152	9.04639
MGG_05722T0	2722	2723	40	0.860278
MGG_01507T0	2816	2817	1912	39.7491
MGG_15487T0	318	319	8	1.46868
MGG_00180T0	1890	1891	941	29.1424
MGG_02734T0	2144	2145	1025.12	27.9882
MGG_05150T0	979	980	531	31.7318
MGG_07066T0	2889	2890	206	4.17442
MGG_16923T0	343	344	10	1.70243
MGG_00843T0	882	883	2794	185.307
MGG_02895T0	1582	1583	541.44	20.0307
MGG_09437T0	3048	3049	111	2.13202
MGG_17302T0	1371	1372	1	0.0426847
MGG_18048T0	207	208	84	23.6506
MGG_03838T0	3198	3199	10523	192.642
MGG_15743T0	205	206	2	0.568577
MGG_06189T0	1896	1897	65331.4	2016.89
MGG_03085T0	978	979	0	0
MGG_09859T0	1023	1024	49	2.80235
MGG_14824T0	4140	4141	59	0.834398
MGG_12615T0	1593	1594	947	34.7927
MGG_00601T0	2894	2895	567	11.4699
MGG_03404T0	1680	1681	1192	41.5274
MGG_14759T0	900	901	18	1.16997
MGG_03426T0	756	757	5	0.386813
MGG_15890T0	323	324	0	0
MGG_07710T0	1925	1926	735	22.349
MGG_11201T0	1314	1315	2741	122.07
MGG_08521T0	1287	1288	69	3.13733
MGG_12525T0	1014	1015	37	2.13483
MGG_11362T0	4287	4288	5471	74.7203
MGG_01656T0	2124	2125	5982	164.86
MGG_00329T0	2905	2906	116	2.3377
MGG_02856T0	3261	3262	623	11.1849
MGG_02968T0	699	700	312	26.1026
MGG_15506T0	225	226	1	0.25913
MGG_16429T0	1541	1542	283	10.748
MGG_11169T0	339	340	226	38.9275
MGG_08632T0	2412	2413	1371	33.2741
MGG_09813T0	1224	1225	3	0.143421
MGG_01271T0	664	665	495	43.5923
MGG_06191T0	2560	2561	2351	53.7613
MGG_17430T0	1038	1039	1069.54	60.285
MGG_14681T0	2000	2001	828	24.2332
MGG_15817T0	1294	1295	508	22.9732
MGG_03243T0	2417	2418	883	21.3861
MGG_02510T0	636	637	765	70.3313
MGG_17843T0	300	301	27	5.2532
MGG_15065T0	1796	1797	304	9.90723
MGG_11497T0	1953	1954	667	19.9907
MGG_10646T0	4222	4223	1613	22.3687
MGG_04580T0	381	382	0	0
MGG_17293T0	659	660	1.65366	0.146733
MGG_01447T0	5772	5773	816	8.27781
MGG_17271T0	1017	1018	132	7.59369
MGG_12927T0	2300	2301	12	0.305416
MGG_01909T0	976	977	1040	62.3398
MGG_03284T0	3639	3640	525	8.44665
MGG_06258T0	3286	3287	1186	21.1306
MGG_10372T0	849	850	974	67.1068
MGG_04326T0	3853	3854	1420	21.5776
MGG_06853T0	2088	2089	2372.08	66.4992
MGG_05164T0	2466	2467	375	8.90202
MGG_05717T0	2323	2324	616	15.5228
MGG_07756T0	4102	4103	4122	58.8346
MGG_12184T0	4610	4611	315	4.00076
MGG_02711T0	1082	1083	8188.89	442.816
MGG_17042T0	3804	3805	1218	18.7465
MGG_10427T0	768	769	19	1.44695
MGG_17869T0	354	355	82.4618	13.6035
MGG_01505T0	228	229	1330	340.128
MGG_05978T0	1152	1153	167	8.4823
MGG_04810T0	871	872	645	43.3181
MGG_09008T0	588	589	1	0.0994286
MGG_02026T0	2189	2190	0	0
MGG_15585T0	321	322	40	7.27496
MGG_10869T0	1539	1540	201	7.64367
MGG_04893T0	2695	2696	275	5.97365
MGG_16197T0	921	922	82	5.20846
MGG_06166T0	1509	1510	837	32.462
MGG_02274T0	870	871	1	0.067237
MGG_06644T0	2637	2638	921	20.4461
MGG_15932T0	345	346	4	0.677034
MGG_13024T0	339	340	250	43.0614
MGG_03774T0	2177	2178	755	20.3009
MGG_09785T0	1007	1008	2	0.116197
MGG_16762T0	2731	2732	1286.01	27.5671
MGG_10868T0	3375	3376	1183	20.5215
MGG_02441T0	2310	2311	8387.04	212.537
MGG_17573T0	201	202	19	5.50844
MGG_04176T0	3120	3121	215	4.03433
MGG_06005T0	2845	2846	370.225	7.61829
MGG_15608T0	153	154	3	1.14085
MGG_01449T0	2916	2917	1484	29.7937
MGG_04018T1	2356	2357	101.631	2.52519
MGG_04018T0	2290	2291	1706.53	43.623
MGG_15815T0	231	232	2	0.504857
MGG_00572T0	1647	1648	2022	71.8539
MGG_01135T0	985	986	6439	382.444
MGG_00511T0	678	679	674	58.1322
MGG_15076T0	1885	1886	2890	89.7393
MGG_08613T0	2638	2639	631	14.0029
MGG_00858T0	432	433	1002.62	135.605
MGG_02887T0	1725	1726	441	14.9632
MGG_17172T0	189	190	11	3.39052
MGG_12444T0	690	691	3	0.254255
MGG_14099T0	1521	1522	54	2.07781
MGG_07511T0	2843	2844	8522	175.484
MGG_04877T0	2289	2290	600.326	15.3525
MGG_06103T0	3974	3975	2421	35.6685
MGG_12484T0	1572	1573	20	0.744608
MGG_07993T0	619	620	6	0.566743
MGG_14795T0	1868	1869	1086	34.0288
MGG_10797T0	1125	1126	1352	70.3177
MGG_15108T0	1746	1747	2	0.0670446
MGG_02069T0	980	981	200.328	11.9591
MGG_16628T0	222	223	6	1.5757
MGG_15104T0	984	985	238.402	14.1743
MGG_09797T0	750	751	2303	179.589
MGG_01090T0	4161	4162	1707	24.0192
MGG_17904T0	489	490	36	4.30262
MGG_16854T0	2965	2966	1691	33.3887
MGG_04403T0	216	217	0	0
MGG_14821T0	458	459	13	1.65866
MGG_01030T0	2697	2698	736	15.9758
MGG_13953T0	1404	1405	0	0
MGG_05140T0	1104	1105	343	18.1785
MGG_15873T0	432	433	15166	2051.21
MGG_12133T0	1139	1140	689	35.3949
MGG_14678T0	1660	1661	591	20.8374
MGG_11419T0	2384	2385	2297	56.4026
MGG_16838T0	249	250	2	0.468508
MGG_15142T0	1173	1174	7	0.349186
MGG_09752T0	2048	2049	15	0.428722
MGG_15688T0	3367	3368	531	9.23313
MGG_04399T0	1552	1553	1831.04	69.0484
MGG_05624T0	1695	1696	1639	56.5952
MGG_06428T0	2523	2524	3849	89.3069
MGG_07803T0	5187	5188	0	0
MGG_16437T0	240	241	9	2.18702
MGG_04080T0	3169	3170	1123	20.7466
MGG_18121T0	523	524	6	0.670574
MGG_15694T0	153	154	0	0
MGG_16883T0	219	220	0	0
MGG_16700T0	276	277	0	0
MGG_03398T0	672	673	91	7.91868
MGG_16848T0	1395	1396	340	14.2633
MGG_08123T0	3147	3148	305.421	5.68186
MGG_17463T0	288	289	2	0.405283
MGG_08113T0	1211	1212	180	8.69754
MGG_00252T0	1998	1999	638.101	18.694
MGG_10017T0	921	922	0	0
MGG_15275T0	1602	1603	42	1.53441
MGG_14686T0	1056	1057	4	0.221621
MGG_06769T0	2155	2156	5761	156.486
MGG_17052T0	1194	1195	2191	107.374
MGG_01345T0	2025	2026	860.763	24.8812
MGG_05564T0	753	754	5	0.388352
MGG_06692T0	792	793	4049	299.021
MGG_06965T0	3149	3150	899.13	16.7162
MGG_00598T0	2407	2408	527.376	12.826
MGG_08115T0	1382	1383	2226	94.2607
MGG_17349T0	498	499	2	0.234723
MGG_11998T0	1146	1147	0	0
MGG_00438T0	1622	1623	11434	412.578
MGG_02514T0	4274	4275	1926.22	26.3873
MGG_14603T0	851	852	0	0
MGG_05332T0	2876	2877	362.681	7.38263
MGG_17196T0	2126	2127	1214	33.4255
MGG_14825T0	1872	1873	3642	113.875
MGG_06090T0	4068	4069	2642	38.0252
MGG_06499T0	5344	5345	1254.74	13.7478
MGG_17960T0	4310	4311	1813	24.629
MGG_15669T0	2778	2779	474.906	10.008
MGG_05250T0	3254	3255	13694	246.38
MGG_02401T0	1950	1951	132	3.96226
MGG_07903T0	1299	1300	4	0.180195
MGG_16033T0	1805	1806	35	1.13495
MGG_11418T0	1263	1264	2168	100.447
MGG_02083T0	666	667	1	0.0878013
MGG_00994T0	1596	1597	1026	37.6244
MGG_05206T0	5918	5919	5782.68	57.2147
MGG_02937T0	4334	4335	1312	17.7244
MGG_04679T0	2420	2421	1539	37.2281
MGG_12732T0	639	640	41.3174	3.78077
MGG_01905T0	1104	1105	61	3.23291
MGG_07486T0	3390	3391	668.414	11.5437
MGG_12961T0	1646	1647	4788.09	170.253
MGG_10928T0	2290	2291	291	7.43866
MGG_08841T0	3815	3816	646.223	9.91746
MGG_00726T0	2812	2813	272	5.66273
MGG_16246T0	426	427	22	3.01732
MGG_01296T0	2313	2314	1160.52	29.3707
MGG_16967T0	399	400	0	0
MGG_07729T0	2631	2632	1151	25.6104
MGG_17917T0	246	247	1	0.237099
MGG_04084T0	2608	2609	302.601	6.79239
MGG_05861T0	1643	1644	39	1.38928
MGG_08258T0	2289	2290	7906	202.185
MGG_10684T0	1041	1042	545	30.6306
MGG_11021T0	3466	3467	413	6.97626
MGG_01710T0	1438	1439	523.491	21.3047
MGG_02850T0	1681	1682	81	2.82024
MGG_08624T0	986	987	2897	171.893
MGG_06152T0	980	981	2340.18	139.704
MGG_17511T0	153	154	2	0.760564
MGG_08135T0	4597	4598	3079	39.2164
MGG_16291T0	258	259	3	0.678341
MGG_10827T0	774	775	12662	956.811
MGG_16494T0	411	412	3.5	0.497505
MGG_03649T0	4017	4018	1193.75	17.3992
MGG_14564T0	636	637	28	2.57422
MGG_01524T0	1955	1956	1504	45.0304
MGG_04664T0	1747	1748	388	12.9992
MGG_14715T0	585	586	408	40.7746
MGG_15722T0	357	358	11	1.79944
MGG_07556T0	1377	1378	11	0.467488
MGG_04959T0	1006	1007	281	16.3419
MGG_15810T0	4692	4693	251	3.1322
MGG_08290T0	1888	1889	284	8.80467
MGG_09647T0	1691	1692	11	0.380732
MGG_16758T0	249	250	8	1.87403
MGG_08648T0	2094	2095	261	7.29597
MGG_00541T0	2889	2890	1954	39.5962
MGG_01312T0	1193	1194	917	44.9771
MGG_03531T0	2643	2644	1406	31.1423
MGG_10015T0	888	889	11	0.724632
MGG_13512T0	2486	2487	3988	93.9087
MGG_00562T0	1959	1960	280	8.36621
MGG_06856T0	2282	2283	4205	107.867
MGG_17366T0	357	358	0	0
MGG_11643T0	3250	3251	2811	50.6373
MGG_16577T0	567	568	4.34996	0.448501
MGG_00740T0	2721	2722	958	20.6112
MGG_09195T0	1458	1459	3423	137.397
MGG_07930T0	354	355	87	14.3522
MGG_16775T0	342	343	0	0
MGG_17318T0	2634	2635	827.106	18.3826
MGG_16481T0	1023	1024	21.5622	1.23316
MGG_11644T0	732	733	2224	177.688
MGG_01461T0	2024	2025	21888	633.006
MGG_10488T0	1362	1363	0	0
MGG_09847T0	2589	2590	1002	22.6566
MGG_12117T0	4875	4876	776.968	9.33182
MGG_15171T0	504	505	0	0
MGG_16792T0	3270	3271	1752.59	31.3781
MGG_14753T0	228	229	49	12.531
MGG_12186T0	1020	1021	0	0
MGG_04966T0	2252	2253	5237	136.128
MGG_01844T0	4315	4316	996	13.5146
MGG_16032T0	222	223	26	6.82803
MGG_10046T0	2222	2223	5	0.131722
MGG_03372T0	351	352	8020	1334.31
MGG_05268T0	1158	1159	9518	480.938
MGG_17633T0	237	238	6	1.47639
MGG_03320T0	2757	2758	2132	45.2709
MGG_17685T0	174	175	2	0.669297
MGG_00506T0	5201	5202	2922	32.8955
MGG_04235T0	5968	5969	1313	12.8822
MGG_01198T0	1838	1839	479	15.2539
MGG_14672T0	558	559	88	9.21929
MGG_17055T0	267	268	1	0.21852
MGG_08270T0	2873	2874	2311.23	47.0959
MGG_02561T0	225	226	0	0
MGG_12173T0	2528	2529	1650	38.2087
MGG_01410T0	1626	1627	989	35.5988
MGG_16249T0	395	396	87	12.8662
MGG_04890T0	4405	4406	5842	77.6504
MGG_08722T0	6290	6291	260	2.42036
MGG_07952T0	300	301	0	0
MGG_12595T0	1411	1412	17.0102	0.705509
MGG_06797T0	2042	2043	1618	46.3806
MGG_10212T0	2319	2320	4812	121.469
MGG_07285T0	3151	3152	1289	23.9493
MGG_04503T0	3540	3541	1649	27.2723
MGG_08903T0	2811	2812	2585	53.8359
MGG_04904T0	1918	1919	541.918	16.5381
MGG_07898T0	1218	1219	0	0
MGG_05131T0	1808	1809	455.014	14.7303
MGG_09309T0	2206	2207	5214	138.355
MGG_04984T0	3894	3895	379	5.69847
MGG_17886T0	183	184	1	0.31828
MGG_16570T0	252	253	0	0
MGG_03699T0	2020	2021	7039	203.972
MGG_17530T0	486	487	3	0.36076
MGG_06667T0	168	169	995	344.797
MGG_12979T0	2728	2729	552	11.8457
MGG_01406T0	3851	3852	155.228	2.36
MGG_00870T0	1069	1070	532	29.1175
MGG_08376T0	462	463	0	0
MGG_10865T0	2112	2113	233	6.45778
MGG_15893T0	314	315	1	0.185916
MGG_15521T0	462	463	0	0
MGG_03226T0	1979	1980	5544	163.978
MGG_06863T0	2767	2768	983	20.7976
MGG_16876T0	243	244	1	0.240014
MGG_05363T0	3220	3221	30	0.545453
MGG_08159T0	3497	3498	983	16.4574
MGG_10236T0	4473	4474	275	3.59968
MGG_02804T0	2883	2884	1010	20.5094
MGG_05985T0	2912	2913	912	18.335
MGG_00942T0	2049	2050	1372	39.1947
MGG_00764T0	1690	1691	586	20.2946
MGG_02239T0	516	517	150	16.9913
MGG_06614T0	3808	3809	169.915	2.61244
MGG_17374T0	510	511	7	0.802239
MGG_14845T0	628	629	152	14.1521
MGG_02407T0	777	778	2764	208.058
MGG_10706T0	1425	1426	21408	879.191
MGG_16319T0	2870	2871	510	10.4031
MGG_08590T0	4023	4024	1904.7	27.7201
MGG_03951T0	1559	1560	1949	73.1668
MGG_03132T0	3053	3054	1457.17	27.9427
MGG_17990T0	288	289	4	0.810567
MGG_14741T0	738	739	0	0
MGG_03378T0	5137	5138	1310	14.9315
MGG_17789T0	367	368	49	7.79785
MGG_02293T0	456	457	0	0
MGG_13256T0	988	989	385	22.7977
MGG_05152T0	2870	2871	450	9.17922
MGG_16440T0	300	301	10	1.94563
MGG_09301T0	1802	1803	875	28.421
MGG_07010T0	1556	1557	1365	51.3418
MGG_03271T0	2030	2031	348.111	10.0377
MGG_08489T0	3229	3230	132	2.3933
MGG_18018T0	249	250	0	0
MGG_07420T0	2054	2055	83	2.36534
MGG_16162T0	318	319	41	7.52696
MGG_12097T0	2977	2978	267	5.25065
MGG_01352T0	3436	3437	655	11.1606
MGG_06926T0	1577	1578	519.028	19.2624
MGG_17313T0	624	625	26	2.43624
MGG_13006T0	2441	2442	793	19.0175
MGG_05024T0	2315	2316	2848	72.0158
MGG_17275T0	240	241	7	1.70101
MGG_07734T0	4160	4161	1136	15.9885
MGG_04732T0	1849	1850	4865	154.006
MGG_01344T0	1161	1162	800.237	40.331
MGG_15672T0	2931	2932	1813	36.2127
MGG_15132T0	1833	1834	189	6.03516
MGG_15729T0	321	322	4	0.727496
MGG_07141T0	3107	3108	356	6.70804
MGG_12574T0	1734	1735	1814	61.23
MGG_15447T0	710	711	284	23.3924
MGG_03486T0	1002	1003	3596.96	210.021
MGG_00282T0	2972	2973	28	0.551556
MGG_17272T0	225	226	3	0.777391
MGG_10162T0	2150	2151	3032	82.5497
MGG_16932T0	156	157	0	0
MGG_00035T0	1467	1468	0	0
MGG_07408T0	6753	6754	395	3.42502
MGG_03741T0	5575	5576	3299.78	34.6568
MGG_15705T0	4616	4617	589	7.47106
MGG_16929T0	747	748	14	1.09611
MGG_08904T0	2601	2602	1131	25.4555
MGG_03231T0	1793	1794	24923	813.588
MGG_06060T0	1803	1804	1392	45.1886
MGG_17952T0	246	247	9	2.13389
MGG_16576T0	387	388	0	0
MGG_16151T0	333	334	1	0.17534
MGG_06361T0	3152	3153	1938	35.9962
MGG_07277T0	2657	2658	1583	34.8781
MGG_04322T0	2621	2622	437	9.76057
MGG_03544T0	2879	2880	41	0.833716
MGG_01381T0	4733	4734	4178	51.6853
MGG_08481T0	507	508	0	0
MGG_14838T0	477	478	0	0
MGG_03574T0	2523	2524	595	13.8056
MGG_02261T0	1959	1960	522	15.597
MGG_00471T0	2948	2949	2146.63	42.6294
MGG_08992T0	324	325	0	0
MGG_17910T0	150	151	0	0
MGG_06973T0	1569	1570	53782	2006.15
MGG_11227T0	1197	1198	3615	176.717
MGG_07387T0	2401	2402	451.472	11.0074
MGG_11078T0	2666	2667	371.139	8.14968
MGG_00299T0	2629	2630	6254	139.261
MGG_13156T0	2204	2205	976	25.922
MGG_01613T0	3577	3578	367.597	6.0167
MGG_01558T0	4895	4896	3494	41.7934
MGG_12107T0	1838	1839	2253	71.7474
MGG_02559T0	1505	1506	265	10.305
MGG_05059T0	519	520	4349	489.793
MGG_16010T0	176	177	0	0
MGG_02897T0	3023	3024	3286	63.6374
MGG_07222T0	3030	3031	311	6.00898
MGG_17174T0	342	343	23	3.927
MGG_15410T0	390	391	0	0
MGG_03361T0	1308	1309	1534	68.6297
MGG_03217T0	2197	2198	1078	28.7222
MGG_09448T0	1116	1117	6	0.314575
MGG_00651T0	1674	1675	17	0.594375
MGG_03664T0	2986	2987	2210	43.3295
MGG_18057T0	2080	2081	1155	32.504
MGG_01308T0	3544	3545	573	9.46597
MGG_10033T0	885	886	50	3.30493
MGG_05501T0	2271	2272	35	0.902166
MGG_08325T0	3494	3495	216.542	3.62846
MGG_05520T0	1708	1709	53	1.81619
MGG_15679T0	195	196	3	0.896379
MGG_07429T0	1336	1337	60	2.62813
MGG_14954T0	1602	1603	124	4.53017
MGG_00112T0	1150	1151	133	6.76711
MGG_05689T0	1708	1709	501	17.1681
MGG_01027T0	2852	2853	273	5.60386
MGG_14907T0	2118	2119	445	12.2986
MGG_10474T0	1497	1498	150	5.86416
MGG_17708T0	1994	1995	1536.6	45.107
MGG_07870T0	1742	1743	41	1.37757
MGG_04506T0	1277	1278	1776.1	81.3883
MGG_04252T0	2112	2113	44	1.21949
MGG_05151T0	2514	2515	857	19.9558
MGG_07629T0	2570	2571	3573	81.3875
MGG_03059T0	4920	4921	3822	45.4846
MGG_03286T0	4295	4296	746.463	10.1758
MGG_14839T0	1152	1153	5	0.253961
MGG_05216T0	3503	3504	3012	50.3405
MGG_14649T0	763	764	428	32.8078
MGG_04051T0	2850	2851	313.18	6.43314
MGG_00521T0	3485	3486	837.174	14.0642
MGG_05911T0	441	442	2	0.264993
MGG_01493T0	3281	3282	1178.24	21.0243
MGG_00477T0	2606	2607	497.027	11.1652
MGG_15576T0	1623	1624	1520	54.8131
MGG_13106T0	1236	1237	935	44.2658
MGG_09925T0	4335	4336	1302	17.5852
MGG_08570T0	1567	1568	1296	48.4045
MGG_03981T0	952	953	248.455	15.268
MGG_17127T0	225	226	18	4.66435
MGG_05925T0	1660	1661	526	18.5457
MGG_10527T0	1705	1706	53	1.81938
MGG_03877T0	1908	1909	497	15.2467
MGG_00714T0	741	742	42	3.31491
MGG_05240T0	2166	2167	135	3.64839
MGG_15829T0	351	352	6	0.998241
MGG_00519T0	2651	2652	6216	137.266
MGG_11927T0	894	895	69	4.51495
MGG_01823T0	2436	2437	1047	25.1604
MGG_17173T0	297	298	10	1.96522
MGG_11693T0	1719	1720	382	13.0065
MGG_15026T0	3779	3780	329	5.09719
MGG_06958T0	2365	2366	22716	562.269
MGG_00527T0	624	625	4734	443.583
MGG_07219T0	6669	6670	7884	69.2225
MGG_05301T0	987	988	290.674	17.2296
MGG_17448T0	820	821	311.634	22.2295
MGG_01752T0	2148	2149	2785	75.8954
MGG_06219T0	1372	1373	39	1.66349
MGG_04011T0	5112	5113	348	3.98593
MGG_00364T0	1214	1215	1109.41	53.4741
MGG_08813T0	1856	1857	1280.74	40.3901
MGG_03960T0	4628	4629	1063.33	13.4526
MGG_02530T0	1760	1761	52	1.7293
MGG_07933T0	2803	2804	1302	27.1932
MGG_09544T0	1118	1119	624	32.6574
MGG_15173T0	2238	2239	63	1.64783
MGG_02285T0	396	397	18	2.65527
MGG_04627T0	3539	3540	104	1.72051
MGG_00959T0	984	985	629	37.3974
MGG_08516T0	1191	1192	0	0
MGG_16617T0	1071	1072	0	0
MGG_08391T0	1080	1081	39	2.11283
MGG_01035T0	2159	2160	944	25.5944
MGG_02370T0	1620	1621	4177	150.907
MGG_00704T0	4175	4176	640	8.97524
MGG_17446T0	177	178	2	0.658016
MGG_00444T0	1348	1349	1442.46	62.6206
MGG_07751T0	3524	3525	253	4.20328
MGG_09699T0	3728	3729	373	5.85792
MGG_03159T0	2736	2737	408.974	8.75079
MGG_00978T0	1711	1712	2899	99.1679
MGG_08630T0	4303	4304	507	6.89862
MGG_17240T0	264	265	33	7.29281
MGG_10877T0	1002	1003	1701	99.3185
MGG_07597T0	2137	2138	80	2.19134
MGG_16094T0	1275	1276	5.26545	0.241664
MGG_07365T0	1331	1332	5214	229.242
MGG_03229T0	3106	3107	775	14.6079
MGG_10638T0	2805	2806	4472	93.3342
MGG_14828T0	456	457	3	0.384443
MGG_06057T0	3205	3206	4144	75.6977
MGG_05829T0	2190	2191	7	0.187104
MGG_03037T0	942	943	6	0.37262
MGG_17674T0	267	268	12	2.62224
MGG_16056T0	624	625	434.56	40.7189
MGG_17959T0	2824	2825	3371	69.8823
MGG_05138T0	942	943	1339	83.1564
MGG_14747T0	1951	1952	1190	35.7021
MGG_06561T0	1942	1943	1389	41.8655
MGG_08662T0	438	439	21	2.80144
MGG_14288T0	675	676	0	0
MGG_05115T0	1900	1901	1384	42.6364
MGG_03079T0	631	632	9	0.833973
MGG_04562T0	1956	1957	811	24.2693
MGG_15853T0	1757	1758	571	19.0215
MGG_08416T0	1704	1705	2	0.0686961
MGG_01465T0	947	948	66	4.0772
MGG_00883T0	5873	5874	10400	103.687
MGG_06006T0	2075	2076	1364	38.4781
MGG_10350T0	936	937	41	2.56254
MGG_16826T0	1836	1837	96	3.06047
MGG_16596T0	3052	3053	171	3.28017
MGG_02519T0	3593	3594	979	15.9526
MGG_01829T0	1863	1864	156	4.90123
MGG_06597T0	2406	2407	55	1.33818
MGG_04123T0	3353	3354	382	6.67002
MGG_10666T0	1401	1402	1289	53.8433
MGG_15529T0	171	172	14	4.76679
MGG_17433T0	168	169	0	0
MGG_07626T0	2124	2125	173	4.76775
MGG_16438T0	180	181	0	0
MGG_17455T0	1363	1364	407	17.4746
MGG_17156T0	336	337	1	0.173779
MGG_00022T0	12204	12205	1	0.00479832
MGG_17760T0	348	349	0	0
MGG_05589T0	6759	6760	13	0.112622
MGG_09012T0	1521	1522	812	31.2441
MGG_10235T0	1571	1572	55	2.04898
MGG_04017T0	3176	3177	540	9.95413
MGG_00472T0	1789	1790	2569.37	84.062
MGG_03620T0	2871	2872	3973	81.0141
MGG_05914T0	1071	1072	889	48.5661
MGG_04829T0	1291	1292	7189.52	325.885
MGG_06378T0	1018	1019	1708.21	98.1734
MGG_10232T0	2051	2052	546	15.5827
MGG_16144T0	1498	1499	86.2107	3.36811
MGG_13187T0	1710	1711	1761	60.2748
MGG_04345T0	1593	1594	11	0.404139
MGG_01873T0	1761	1762	181	6.01588
MGG_06846T0	1291	1292	399	18.0858
MGG_07070T0	3639	3640	731	11.761
MGG_10088T0	627	628	28	2.61111
MGG_00597T0	3386	3387	1053	18.2071
MGG_17746T0	2957	2958	54.3635	1.07631
MGG_17571T0	201	202	5	1.44959
MGG_17779T0	4388	4389	33.9066	0.452424
MGG_07255T0	3332	3333	4996	87.7837
MGG_08299T0	3670	3671	1068	17.0378
MGG_01402T0	1200	1201	39	1.90173
MGG_02205T0	1224	1225	3	0.143421
MGG_03501T0	1262	1263	351	16.2754
MGG_03147T0	3701	3702	2855	45.1644
MGG_07709T0	2339	2340	679	16.9934
MGG_15557T0	844	845	0	0
MGG_06364T0	3124	3125	998	18.7028
MGG_05751T0	1630	1631	256	9.19206
MGG_14641T0	339	340	5.08729	0.876262
MGG_01106T0	4509	4510	729	9.46624
MGG_16261T0	216	217	16	4.31804
MGG_15449T0	474	475	0	0
MGG_00005T0	898	899	176.736	11.5131
MGG_00234T0	1224	1225	0	0
MGG_06094T0	3412	3413	1129	19.3724
MGG_14757T0	8215	8216	1812	12.9159
MGG_03399T0	1363	1364	174	7.4707
MGG_17641T0	366	367	0	0
MGG_04559T0	2972	2973	3655	71.9978
MGG_00396T0	842	843	364	25.2872
MGG_02987T0	1871	1872	542.554	16.9732
MGG_06353T0	2518	2519	900.085	20.9258
MGG_10087T0	1347	1348	469	20.3756
MGG_14908T0	1569	1570	509	18.9865
MGG_07961T0	829	830	157	11.0777
MGG_11524T0	270	271	6	1.29661
MGG_12322T0	3361	3362	1022	17.8025
MGG_04737T0	842	843	2	0.138941
MGG_00469T0	3524	3525	1049	17.4278
MGG_10544T0	1473	1474	481	19.1106
MGG_04889T0	579	580	1	0.100971
MGG_10274T0	1370	1371	349	14.9078
MGG_16025T0	543	544	155	16.6863
MGG_04522T0	1153	1154	3183	161.532
MGG_08535T0	1288	1289	854	38.8
MGG_08411T0	594	595	0	0
MGG_12509T0	393	394	2	0.297276
MGG_05758T0	913	914	1762.38	112.922
MGG_09726T0	1646	1647	309	10.9873
MGG_10591T0	2241	2242	1764	46.0776
MGG_17913T0	201	202	53	15.3657
MGG_00443T0	634	635	319	29.4201
MGG_08422T0	468	469	0	0
MGG_06311T0	1070	1071	501.515	27.4234
MGG_05112T0	2441	2442	1679	40.2654
MGG_18139T0	405	406	59	8.51045
MGG_07090T0	2704	2705	899.841	19.4816
MGG_16436T0	329	330	1	0.177465
MGG_16095T0	1485	1486	8	0.315281
MGG_11261T0	1854	1855	6283	198.358
MGG_09605T0	549	550	1486	158.228
MGG_00610T0	483	484	10	1.20999
MGG_01956T0	1068	1069	39	2.13655
MGG_07610T0	1605	1606	455	16.5918
MGG_06520T0	695	696	864	72.6995
MGG_09782T0	1515	1516	237	9.15537
MGG_17434T0	234	235	15	3.73809
MGG_09876T0	1402	1403	16	0.667865
MGG_04642T0	1692	1693	333.972	11.5526
MGG_05803T0	2902	2903	6	0.121041
MGG_01563T0	4224	4225	3416.83	47.3613
MGG_08040T0	581	582	0	0
MGG_16877T0	407	408	1	0.143538
MGG_00698T0	1093	1094	521.02	27.891
MGG_05237T0	747	748	7983	625.016
MGG_00074T0	946	947	55	3.40126
MGG_17716T0	714	715	146	11.9584
MGG_14664T0	2552	2553	154.247	3.53828
MGG_01217T0	2764	2765	1270	26.8989
MGG_07317T0	3105	3106	873	16.4604
MGG_08014T0	3438	3439	310	5.27905
MGG_00244T0	1245	1246	125	5.87515
MGG_06741T0	1083	1084	536	28.9576
MGG_12092T0	589	590	340.62	33.8099
MGG_10834T0	1604	1605	616	22.4767
MGG_08760T0	2404	2405	7906	192.517
MGG_17019T0	1067	1068	312.216	17.1203
MGG_11246T0	2316	2317	1769	44.7124
MGG_03840T0	1392	1393	2466	103.674
MGG_15687T0	753	754	16	1.24273
MGG_01165T0	2925	2926	663	13.2698
MGG_09714T0	3714	3715	94.7133	1.49307
MGG_16221T0	2113	2114	889	24.6277
MGG_12605T0	2902	2903	1152	23.2398
MGG_05616T0	1986	1987	831	24.4923
MGG_16027T0	1242	1243	204.378	9.62921
MGG_01119T0	2577	2578	4.34057	0.0986032
MGG_16833T0	267	268	18	3.93337
MGG_17963T0	622	623	44	4.1361
MGG_10745T0	2587	2588	8938	202.257
MGG_09189T0	1707	1708	83	2.84588
MGG_03977T0	2639	2640	1237	27.4405
MGG_03739T0	2823	2824	58	1.20279
MGG_00907T0	1510	1511	4404	170.691
MGG_16816T0	171	172	0	0
MGG_07975T0	1133	1134	4718	243.653
MGG_12954T0	255	256	3	0.68629
MGG_17401T0	840	841	3	0.208906
MGG_16127T0	405	406	9	1.2982
MGG_03171T0	2205	2206	550	14.601
MGG_00124T0	3826	3827	4088.48	62.5648
MGG_15657T0	443	444	14	1.8466
MGG_00399T0	5611	5612	381.268	3.97868
MGG_07819T0	3117	3118	41.625	0.781816
MGG_14957T0	2295	2296	0	0
MGG_05862T0	1158	1159	162	8.18575
MGG_07372T0	429	430	241	32.8228
MGG_03952T0	4203	4204	3631	50.5813
MGG_15725T0	1802	1803	3343.17	108.59
MGG_09489T0	2644	2645	1205	26.6801
MGG_03103T0	2628	2629	1659.66	36.9706
MGG_00212T0	1229	1230	2256.85	107.455
MGG_07767T0	1248	1249	7	0.328218
MGG_00897T0	447	448	6	0.784332
MGG_14611T0	870	871	0	0
MGG_07577T0	1821	1822	94	3.02139
MGG_05852T0	960	961	0	0
MGG_07546T0	2210	2211	59	1.56275
MGG_17481T0	480	481	5	0.608768
MGG_11871T0	1484	1485	3650	143.944
MGG_00733T0	2105	2106	2057	57.2009
MGG_17234T0	390	391	0	0
MGG_11338T0	781	782	1000.31	74.9126
MGG_16421T0	291	292	3	0.601679
MGG_10831T0	2217	2218	3170.03	83.7005
MGG_07076T0	1549	1550	1124	42.4679
MGG_08711T0	2201	2202	505	13.4308
MGG_17474T0	600	601	70.7805	6.89709
MGG_01061T0	1421	1422	5330	219.51
MGG_00877T0	4781	4782	1663.17	20.3683
MGG_03064T0	5095	5096	4662	53.5759
MGG_09028T0	1875	1876	949.891	29.6529
MGG_09260T0	1074	1075	168	9.15224
MGG_09717T0	3326	3327	5033	88.5933
MGG_05218T0	4744	4745	2941.22	36.3009
MGG_07307T0	1347	1348	2830	122.948
MGG_02290T0	969	970	12	0.724496
MGG_05952T0	1536	1537	1	0.0381024
MGG_07234T0	1017	1018	5436	312.722
MGG_10482T0	2054	2055	1858	52.9493
MGG_04949T0	1836	1837	102	3.25175
MGG_06485T0	1738	1739	712	23.9777
MGG_14815T0	1093	1094	3	0.160594
MGG_01478T0	1449	1450	1375	55.5343
MGG_06526T0	978	979	0	0
MGG_16740T0	249	250	34	7.96463
MGG_10704T0	1049	1050	105	5.85634
MGG_04349T0	1563	1564	463	17.3369
MGG_02041T0	1094	1095	106	5.66916
MGG_07648T0	297	298	0	0
MGG_06309T0	2134	2135	1826	50.0875
MGG_09021T0	987	988	24	1.42259
MGG_15784T0	504	505	23	2.66725
MGG_02814T0	1480	1481	23830	942.314
MGG_10480T0	3015	3016	231	4.48546
MGG_17229T0	498	499	0	0
MGG_00410T0	381	382	118	18.0903
MGG_07174T0	4481	4482	1256.19	16.4138
MGG_07120T0	3474	3475	3797	63.99
MGG_09460T0	774	775	2605	196.849
MGG_15583T0	1902	1903	781.117	24.0383
MGG_09418T0	1718	1719	4076	138.862
MGG_00447T0	5470	5471	5584	59.773
MGG_05030T0	3128	3129	591	11.0614
MGG_11962T0	1854	1855	258	8.14521
MGG_11818T0	1147	1148	138.071	7.04347
MGG_02539T0	1708	1709	456	15.6261
MGG_13669T0	2703	2704	18385	398.184
MGG_08543T0	1105	1106	619	32.7765
MGG_05082T0	4884	4885	1751.79	21.0012
MGG_03078T0	960	961	24	1.46256
MGG_02752T0	789	790	534	39.5859
MGG_04342T0	6785	6786	3715.74	32.0669
MGG_06466T0	1545	1546	866.801	32.8349
MGG_07333T0	2273	2274	2157	55.5503
MGG_07866T0	1023	1024	0	0
MGG_10550T0	1446	1447	0	0
MGG_16914T0	1629	1630	33	1.18564
MGG_00647T0	1875	1876	7651	238.843
MGG_16198T0	3459	3460	10571	178.923
MGG_06149T0	1389	1390	432.729	18.2317
MGG_17491T0	1657	1658	494.899	17.4807
MGG_07849T0	1044	1045	102	5.71624
MGG_05056T0	1107	1108	380	20.0849
MGG_06789T0	3745	3746	673	10.5214
MGG_06712T0	3073	3074	21683	413.088
MGG_03304T0	1769	1770	603.961	19.9831
MGG_11382T0	2619	2620	4362	97.5014
MGG_08350T0	555	556	11	1.15863
MGG_18106T0	426	427	4	0.548604
MGG_08874T0	2100	2101	208	5.79781
MGG_11657T0	2440	2441	517	12.4036
MGG_07115T0	1512	1513	1731.37	67.0158
MGG_12957T0	1843	1844	214	6.79641
MGG_11346T0	6009	6010	5148	50.1638
MGG_08354T0	777	778	2520	189.691
MGG_13017T0	1548	1549	192.786	7.28871
MGG_10942T0	2660	2661	79	1.73864
MGG_01247T0	1281	1282	50	2.28407
MGG_01112T0	984	985	1100	65.4008
MGG_17080T0	195	196	2	0.597586
MGG_14671T0	345	346	0	0
MGG_15979T0	393	394	0	0
MGG_15547T0	447	448	0	0
MGG_04034T0	1749	1750	17472	584.697
MGG_17705T0	381	382	5	0.766537
MGG_09852T0	2142	2143	219	5.98479
MGG_06845T0	550	551	3552	377.527
MGG_02831T0	2671	2672	1112	24.3722
MGG_03082T0	2860	2861	25	0.511739
MGG_06390T0	3295	3296	983	17.466
MGG_00571T0	2599	2600	254	5.7212
MGG_05350T0	3327	3328	668	11.7549
MGG_02469T0	1161	1162	236	11.8941
MGG_11084T0	2672	2673	205	4.4914
MGG_00705T0	609	610	371	35.6181
MGG_02564T0	909	910	0	0
MGG_15903T0	651	652	44	3.95213
MGG_03551T0	2918	2919	3499.08	70.2014
MGG_00473T0	1071	1072	2035	111.172
MGG_09742T0	1430	1431	307	12.5639
MGG_12371T0	3042	3043	1885.03	36.2781
MGG_01534T0	3356	3357	1293	22.5566
MGG_10577T0	3314	3315	72	1.27197
MGG_00086T0	1275	1276	405	18.5879
MGG_05234T0	1574	1575	113	4.20169
MGG_08883T0	2875	2876	209.823	4.27259
MGG_14578T0	855	856	4	0.273661
MGG_03580T0	2248	2249	2332.72	60.7436
MGG_02275T0	1590	1591	422	15.5335
MGG_15176T0	1492	1493	249	9.76711
MGG_01391T0	2048	2049	4510	128.902
MGG_04244T0	1854	1855	1006	31.76
MGG_17335T0	477	478	479	58.686
MGG_01236T0	2730	2731	735	15.7613
MGG_17130T0	213	214	0	0
MGG_11170T0	1442	1443	356	14.4481
MGG_10282T0	378	379	51	7.88057
MGG_04714T0	4576	4577	3343	42.7742
MGG_00750T0	2835	2836	917	18.9361
MGG_12468T0	2260	2261	4231	109.59
MGG_00204T0	2796	2797	3629	75.9838
MGG_16023T0	171	172	0	0
MGG_04032T0	870	871	221	14.8594
MGG_08175T0	1658	1659	777	27.4285
MGG_02515T0	1601	1602	2121	77.5362
MGG_06939T0	2544	2545	552.564	12.7151
MGG_16525T0	243	244	0	0
MGG_07536T0	2402	2403	1373	33.4613
MGG_05269T0	1746	1747	1110	37.2097
MGG_02821T0	1964	1965	3141	93.6121
MGG_07144T0	207	208	436	122.758
MGG_16942T0	216	217	3	0.809633
MGG_07158T0	2115	2116	64	1.7713
MGG_07497T0	1506	1507	354	13.7568
MGG_10034T0	372	373	0	0
MGG_17468T0	858	859	12	0.818116
MGG_05155T0	2015	2016	18340.5	532.778
MGG_04461T0	309	310	11	2.07806
MGG_18025T0	313	314	4	0.746031
MGG_12761T0	7704	7705	1498.14	11.387
MGG_07507T0	1527	1528	128	4.90584
MGG_17615T0	1152	1153	0	0
MGG_06093T0	995	996	913	53.6832
MGG_05053T0	2077	2078	6197	174.648
MGG_01762T0	1207	1208	2500	121.199
MGG_09879T0	1010	1011	253	14.6553
MGG_05099T0	3847	3848	1623.96	24.7154
MGG_06297T0	3407	3408	985	16.9263
MGG_06493T0	1164	1165	553	27.7988
MGG_17898T0	222	223	1	0.262616
MGG_17027T0	273	274	0	0
MGG_16271T0	690	691	120	10.1702
MGG_14755T0	2319	2320	792	19.9923
MGG_06448T0	2412	2413	1531.93	37.1799
MGG_03734T0	1018	1019	2054	118.046
MGG_02344T0	381	382	0	0
MGG_07320T0	1174	1175	64	3.18984
MGG_14683T0	3537	3538	1322	21.8827
MGG_04088T0	832	833	1535	107.917
MGG_02864T0	357	358	1	0.163585
MGG_07207T0	1743	1744	79	2.65282
MGG_10754T0	909	910	0	0
MGG_06661T0	2632	2633	334.687	7.44414
MGG_07997T0	1850	1851	345	10.9154
MGG_16609T0	592	593	3	0.296274
MGG_09390T0	1890	1891	1	0.0309696
MGG_10280T0	333	334	0	0
MGG_06000T0	900	901	1476	95.9375
MGG_06834T0	1362	1363	200	8.59332
MGG_10921T0	929	930	128.956	8.12054
MGG_07265T0	1675	1676	1984.64	69.348
MGG_01490T0	1720	1721	29782	1013.44
MGG_16709T0	1809	1810	35	1.13244
MGG_14350T0	3796	3797	489	7.54215
MGG_16946T0	219	220	0	0
MGG_09874T0	717	718	17	1.3866
MGG_17258T0	1374	1375	64	2.72586
MGG_16433T0	434	435	8	1.07703
MGG_15666T0	321	322	1	0.181874
MGG_07000T0	3464	3465	2174	36.7437
MGG_03169T0	3020	3021	1350	26.1704
MGG_01173T0	391	392	20	2.98793
MGG_00392T0	2096	2097	524	14.6339
MGG_15388T0	1587	1588	178	6.56442
MGG_14244T0	906	907	92	5.94028
MGG_10892T0	372	373	9107	1429.86
MGG_02104T0	1474	1475	831	32.9941
MGG_15647T0	403	404	74	10.727
MGG_15090T0	2901	2902	1679	33.8828
MGG_05812T0	1912	1913	1516.18	46.4154
MGG_17376T0	252	253	35	8.10166
MGG_02731T0	2202	2203	8886	236.221
MGG_01223T0	1191	1192	686	33.7035
MGG_11560T0	2927	2928	495	9.90058
MGG_09378T0	219	220	10	2.66197
MGG_01934T0	651	652	67	6.01802
MGG_15397T0	1077	1078	0	0
MGG_01214T0	988	989	15750	932.633
MGG_17983T0	2037	2038	566	16.2644
MGG_05785T0	2408	2409	751	18.257
MGG_05416T0	444	445	0	0
MGG_18040T0	2368	2369	1907	47.1425
MGG_01771T0	1862	1863	637.342	20.0349
MGG_10848T0	1812	1813	93	3.00408
MGG_07908T0	1271	1272	62	2.85451
MGG_17524T0	259	260	3	0.675732
MGG_08439T0	1155	1156	47	2.38104
MGG_04887T0	1911	1912	393	12.0374
MGG_16497T0	408	409	142.652	20.4259
MGG_15274T0	2457	2458	5	0.119128
MGG_15257T0	936	937	54	3.37505
MGG_04954T0	2515	2516	2067	48.1123
MGG_18088T0	276	277	0	0
MGG_16970T0	1353	1354	280	12.1106
MGG_06268T0	4232	4233	1531.95	21.1944
MGG_13224T0	2065	2066	714	20.2393
MGG_03254T0	4521	4522	1021	13.2228
MGG_06714T0	1355	1356	1602	69.1878
MGG_10561T0	1134	1135	0	0
MGG_16461T0	2446	2447	98	2.34541
MGG_04963T0	168	169	238	82.474
MGG_10061T0	4193	4194	59	0.823854
MGG_08316T0	486	487	5	0.601267
MGG_04827T0	2102	2103	4662	129.825
MGG_06601T0	309	310	4754	898.099
MGG_16898T0	222	223	17	4.46448
MGG_00385T0	3744	3745	3321	51.933
MGG_07704T0	1800	1801	15198	494.196
MGG_02459T0	1923	1924	881	26.8162
MGG_09851T0	1023	1024	130	7.43481
MGG_01206T0	2843	2844	3610	74.3369
MGG_00504T0	3452	3453	889.008	15.0777
MGG_04113T0	1423	1424	943	38.7818
MGG_08749T0	1821	1822	16	0.514278
MGG_16768T0	180	181	17	5.50043
MGG_08651T0	4801	4802	908.067	11.0745
MGG_04861T0	1003	1004	4992.39	291.207
MGG_00154T0	741	742	415	32.7545
MGG_07890T0	2033	2034	18	0.518261
MGG_02116T0	3349	3350	723.652	12.6506
MGG_01488T0	786	787	193	14.3618
MGG_17477T0	1247	1248	27	1.267
MGG_06957T0	852	853	3256	223.543
MGG_00187T0	1146	1147	294	15.011
MGG_09095T0	1050	1051	227	12.6488
MGG_08430T0	966	967	4809	291.243
MGG_08461T0	1296	1297	790	35.6709
MGG_10555T0	885	886	0	0
MGG_06193T0	2501	2502	1714	40.119
MGG_11039T0	3539	3540	8239	136.301
MGG_03876T0	3193	3194	969.73	17.7804
MGG_05581T0	693	694	124	10.4638
MGG_06334T0	3581	3582	6400	104.636
MGG_16805T0	1854	1855	116	3.66219
MGG_01827T0	2808	2809	35	0.729698
MGG_04947T0	1848	1849	1474.6	46.7049
MGG_00374T0	1353	1354	1166	50.432
MGG_06443T0	771	772	2964	224.847
MGG_09868T0	2047	2048	1079.57	30.8706
MGG_01657T0	3717	3718	1160	18.2715
MGG_16142T0	165	166	31	10.9365
MGG_15498T0	441	442	1	0.132496
MGG_10214T0	891	892	1047	68.7398
MGG_13641T0	3025	3026	1780.48	34.4585
MGG_16024T0	249	250	47	11.0099
MGG_12547T0	580	581	9	0.907179
MGG_04338T0	2799	2800	2180	45.5958
MGG_07567T0	5032	5033	943	10.9726
MGG_13622T0	2486	2487	3365	79.2384
MGG_00500T0	4494	4495	561.507	7.31564
MGG_07627T0	1550	1551	4851.19	183.174
MGG_04151T0	958	959	1242	75.8455
MGG_06882T0	2972	2973	850.69	16.7573
MGG_04735T0	444	445	0	0
MGG_06537T0	10466	10467	1460	8.16878
MGG_04699T0	3809	3810	623	9.57612
MGG_16359T0	537	538	9.40797	1.0241
MGG_13430T0	623	624	18	1.68933
MGG_06368T0	4440	4441	1908	25.1608
MGG_03215T0	1749	1750	2428	81.2526
MGG_07143T0	1380	1381	399	16.9202
MGG_07329T0	1920	1921	470	14.3284
MGG_05328T0	2389	2390	1076	26.3658
MGG_00288T0	3198	3199	518	9.48292
MGG_06540T0	1230	1231	89	4.23408
MGG_04410T0	3389	3390	363	6.27095
MGG_01890T0	1545	1546	288	10.9096
MGG_07623T0	366	367	1175	187.499
MGG_16900T0	2132	2133	318	8.73098
MGG_05011T0	1755	1756	547	18.2427
MGG_03081T0	1548	1549	0	0
MGG_15389T0	468	469	3	0.374606
MGG_17738T0	315	316	8	1.48262
MGG_16019T0	807	808	0	0
MGG_01682T0	2656	2657	290	6.39195
MGG_10311T0	1483	1484	26	1.02604
MGG_17974T0	249	250	32	7.49612
MGG_01559T0	2255	2256	1293	33.565
MGG_15560T0	354	355	1	0.164967
MGG_00109T0	2661	2662	4028	88.6152
MGG_15361T0	393	394	0	0
MGG_11439T0	231	232	336	84.816
MGG_10859T0	8917	8918	3164.23	20.7791
MGG_07585T0	1248	1249	0	0
MGG_05908T0	1681	1682	20567	716.097
MGG_09061T0	2473	2474	873	20.6653
MGG_01375T0	915	916	289	18.4769
MGG_10562T0	3200	3201	10413	190.51
MGG_01847T0	1521	1522	430.617	16.5692
MGG_08580T0	2513	2514	2828	65.8781
MGG_03882T0	2234	2235	567	14.857
MGG_00021T0	1305	1306	0	0
MGG_14063T0	390	391	0	0
MGG_01599T0	792	793	655	48.3721
MGG_14726T0	1380	1381	0	0
MGG_07099T0	2919	2920	1465	29.382
MGG_06237T0	1830	1831	631	20.1822
MGG_05048T0	3216	3217	818	14.8912
MGG_03123T0	3483	3484	538	9.04338
MGG_08922T0	2660	2661	1589	34.9708
MGG_01176T0	1556	1557	1030	38.7414
MGG_07480T0	1268	1269	1950	89.9911
MGG_09614T0	1164	1165	0	0
MGG_08209T0	1435	1436	1237	50.4478
MGG_12408T0	1203	1204	669	32.5407
MGG_09780T0	2432	2433	429.532	10.339
MGG_10272T0	935	936	2	0.125136
MGG_01601T0	3717	3718	451	7.10385
MGG_05271T0	1652	1653	592	20.9737
MGG_10575T0	1594	1595	1525	55.9933
MGG_16226T0	396	397	11	1.62266
MGG_07538T0	720	721	12	0.974704
MGG_07527T0	788	789	2175	161.439
MGG_11652T0	1179	1180	187	9.28082
MGG_06383T0	723	724	450	36.3999
MGG_16579T0	3852	3853	2.45675	0.0373413
MGG_17638T0	216	217	3	0.809633
MGG_12467T0	947	948	4627.63	285.875
MGG_03117T0	1116	1117	113.486	5.94998
MGG_09465T0	812	813	276.017	19.8826
MGG_03892T0	4906	4907	5500.14	65.6424
MGG_17623T0	2617	2618	56	1.25269
MGG_04183T0	2348	2349	9119.82	227.368
MGG_00556T0	312	313	1019	190.659
MGG_08034T0	474	475	79	9.74003
MGG_17922T0	306	307	31	5.91357
MGG_16422T0	180	181	82	26.5315
MGG_15247T0	1320	1321	37	1.64031
MGG_03781T0	746	747	56	4.3903
MGG_11462T0	859	860	229	15.5942
MGG_08822T0	1484	1485	2338.83	92.2358
MGG_03582T0	2614	2615	773.783	17.329
MGG_01166T0	3033	3034	490	9.45817
MGG_17178T0	505	506	3	0.347214
MGG_03674T0	794	795	280	20.6261
MGG_15617T0	731	732	113	9.04053
MGG_01607T0	2388	2389	12731	312.085
MGG_15517T0	1769	1770	5	0.165433
MGG_10217T0	453	454	0	0
MGG_04000T0	2394	2395	278	6.79776
MGG_13928T0	2043	2044	2636	75.5251
MGG_02235T0	996	997	231	13.5689
MGG_00983T0	2021	2022	394	11.4115
MGG_05083T0	1260	1261	2581	119.867
MGG_17367T0	168	169	0	0
MGG_08911T0	5408	5409	1191	12.895
MGG_02118T0	1278	1279	27	1.23629
MGG_09842T0	513	514	35	3.98778
MGG_16680T0	291	292	278	55.7556
MGG_01583T0	2725	2726	786	16.8859
MGG_11796T0	3328	3329	1598	28.1119
MGG_08799T0	351	352	42	6.98768
MGG_16585T0	458	459	9	1.1483
MGG_00435T0	1797	1798	392	12.768
MGG_10653T0	1998	1999	2175.88	63.7452
MGG_15416T0	633	634	91	8.40579
MGG_05386T0	1035	1036	79	4.46575
MGG_02761T0	1600	1601	535	19.5699
MGG_13799T0	222	223	14	3.67663
MGG_01851T0	1091	1092	13	0.697184
MGG_05463T0	1426	1427	278	11.409
MGG_07834T0	363	364	0	0
MGG_08789T0	615	616	3	0.285212
MGG_17037T0	228	229	1	0.255736
MGG_06025T0	1423	1424	2075	85.3365
MGG_03144T0	4698	4699	841	10.4813
MGG_07789T0	2262	2263	423.272	10.9537
MGG_10434T0	528	529	0	0
MGG_02328T0	2367	2368	324	8.0129
MGG_10614T0	774	775	5	0.377829
MGG_05002T0	9601	9602	2870	17.5044
MGG_01325T0	1781	1782	3410	112.066
MGG_15513T0	519	520	0	0
MGG_00706T0	2364	2365	491	12.1584
MGG_16760T0	426	427	25	3.42877
MGG_01520T0	1971	1972	1426	42.3486
MGG_16880T0	1173	1174	340	16.9605
MGG_17523T0	276	277	3	0.634261
MGG_08188T0	324	325	4	0.720781
MGG_00577T0	1960	1961	527	15.7384
MGG_07727T0	1231	1232	2311	109.854
MGG_06247T0	2385	2386	9502	233.223
MGG_11707T0	1302	1303	813	36.5404
MGG_06058T0	3153	3154	384.223	7.13425
MGG_14301T0	393	394	27	4.01323
MGG_16305T0	707	708	100	8.27167
MGG_12580T0	3113	3114	9828	184.83
MGG_11750T0	1660	1661	6210	218.952
MGG_05685T0	1353	1354	1261	54.541
MGG_04816T0	2151	2152	4294.9	116.879
MGG_14679T0	1714	1715	266	9.08331
MGG_07530T0	1843	1844	227	7.20927
MGG_02967T0	1781	1782	363.475	11.9452
MGG_13110T0	2175	2176	21	0.56518
MGG_04282T0	699	700	18	1.50592
MGG_08277T0	546	547	1	0.107063
MGG_01348T0	5459	5460	2047.31	21.9592
MGG_16330T0	162	163	3	1.07785
MGG_15795T0	2145	2146	828.511	22.6097
MGG_06296T0	986	987	803	47.6458
MGG_03298T0	1808	1809	1929	62.4483
MGG_07621T0	444	445	0	0
MGG_08052T0	2432	2433	88	2.1182
MGG_00369T0	1807	1808	487	15.7746
MGG_09828T0	2580	2581	861	19.5363
MGG_18015T0	564	565	5	0.518261
MGG_05310T0	1761	1762	1029.58	34.2201
MGG_01995T0	1715	1716	4289	146.374
MGG_16658T0	348	349	211	35.4066
MGG_07078T0	1745	1746	403.854	13.5459
MGG_06065T0	2632	2633	3144	69.9292
MGG_15312T0	357	358	31	5.07114
MGG_08378T0	1605	1606	55	2.0056
MGG_17740T0	375	376	7.21007	1.123
MGG_11519T0	1468	1469	2465	98.2702
MGG_01336T0	1677	1678	1441	50.292
MGG_05593T0	768	769	18	1.3708
MGG_07349T0	735	736	16	1.27312
MGG_11130T0	3117	3118	1144.38	21.4942
MGG_02154T0	327	328	0	0
MGG_09598T0	1725	1726	26	0.882184
MGG_05987T0	612	613	200	19.1072
MGG_10764T0	909	910	730	46.9795
MGG_01107T0	1458	1459	969	38.8951
MGG_15844T0	153	154	5	1.90141
MGG_15636T0	3796	3797	33394	515.056
MGG_00017T0	3414	3415	0	0
MGG_10713T0	1042	1043	8	0.449192
MGG_06020T0	2258	2259	453.736	11.7629
MGG_04880T0	1332	1333	71	3.11928
MGG_01570T0	4942	4943	1939	22.9728
MGG_16799T0	222	223	9	2.36355
MGG_08044T0	1679	1680	40	1.39437
MGG_16428T0	1004	1005	122	7.10919
MGG_00774T0	1003	1004	629.95	36.7451
MGG_09436T0	600	601	26	2.53353
MGG_09534T0	992	993	587.263	34.6346
MGG_01776T0	3484	3485	1901	31.9452
MGG_01688T0	2090	2091	3352	93.8808
MGG_01260T0	2691	2692	3795	82.5588
MGG_05244T0	7669	7670	3464	26.449
MGG_10571T0	1777	1778	2168	71.4092
MGG_01051T0	1433	1434	208	8.49456
MGG_07121T0	2073	2074	861	24.312
MGG_07535T0	3309	3310	2212	39.1367
MGG_12230T0	713	714	8	0.656173
MGG_16711T0	3630	3631	1911	30.822
MGG_16168T0	1275	1276	0	0
MGG_16645T0	210	211	8	2.22042
MGG_08058T0	1014	1015	58	3.34648
MGG_01612T0	2219	2220	3878.4	102.312
MGG_10443T0	2313	2314	104	2.63207
MGG_01777T0	4248	4249	512	7.05683
MGG_07085T0	705	706	2106	174.695
MGG_09027T0	2803	2804	1396.11	29.1587
MGG_17280T0	1731	1732	774	26.171
MGG_17203T0	491	492	1.21034	0.144068
MGG_01713T0	1140	1141	743	38.1355
MGG_06190T0	2426	2427	444	10.7137
MGG_02580T0	1575	1576	661	24.5625
MGG_12770T0	3077	3078	69.7779	1.32763
MGG_13543T0	1278	1279	2992	136.999
MGG_08979T0	2919	2920	6	0.120336
MGG_03934T0	975	976	658	39.4823
MGG_00436T0	2034	2035	1089	31.3394
MGG_06100T0	5526	5527	1593.2	16.8814
MGG_07376T0	414	415	0	0
MGG_04148T0	1840	1841	3030.77	96.4108
MGG_07189T0	975	976	1396	83.7649
MGG_04202T0	890	891	11026	724.714
MGG_04137T0	1787	1788	6518	213.488
MGG_00980T0	828	829	396	27.9748
MGG_15850T0	716	717	671	54.8062
MGG_06911T0	1483	1484	1174.5	46.3496
MGG_01719T0	1417	1418	1370.01	56.5816
MGG_17749T0	177	178	0	0
MGG_16875T0	690	691	14	1.18652
MGG_04969T0	1948	1949	2198	66.0454
MGG_05565T0	1135	1136	61	3.14469
MGG_03321T0	1539	1540	428	16.2761
MGG_03454T0	1547	1548	1104	41.7662
MGG_00851T0	3228	3229	1077.55	19.5432
MGG_02670T0	5292	5293	210	2.32351
MGG_06629T0	1582	1583	1854	68.5892
MGG_07056T0	624	625	740	69.3391
MGG_01986T0	999	1000	7233	423.589
MGG_11567T0	1502	1503	2071	80.6952
MGG_02433T0	782	783	512.882	38.3603
MGG_09069T0	1776	1777	14.0015	0.461437
MGG_17588T0	1575	1576	5.08499	0.188956
MGG_01062T0	1477	1478	20156	798.65
MGG_05863T0	1062	1063	346	19.062
MGG_16009T0	280	281	0	0
MGG_06740T0	1764	1765	45	1.49312
MGG_15124T0	1534	1535	4	0.152608
MGG_15008T0	1121	1122	602.557	31.4508
MGG_04215T0	3442	3443	237.362	4.03739
MGG_00415T0	1305	1306	57	2.55599
MGG_09348T0	930	931	715	44.9762
MGG_10637T0	1471	1472	1050	41.7742
MGG_17214T0	2016	2017	0	0
MGG_10014T0	1314	1315	0	0
MGG_07171T0	5032	5033	1846	21.4799
MGG_14924T0	771	772	41	3.11023
MGG_00417T0	2507	2508	275	6.42143
MGG_06084T0	2999	3000	3125	61.0036
MGG_10825T0	1178	1179	1635.86	81.2565
MGG_03227T0	548	549	5643	601.955
MGG_09820T0	2396	2397	142	3.46934
MGG_05539T0	1650	1651	1463	51.8948
MGG_01848T0	1822	1823	148.383	4.76678
MGG_12462T0	1583	1584	824.669	30.4896
MGG_01723T0	2203	2204	696	18.4937
MGG_07080T0	1418	1419	1353.3	55.8521
MGG_08410T0	1527	1528	1	0.0383269
MGG_15869T0	452	453	43.9373	5.68018
MGG_16641T0	204	205	10	2.85675
MGG_15620T0	252	253	4	0.925904
MGG_11805T0	1533	1534	789	30.1216
MGG_06823T0	1509	1510	50	1.93919
MGG_09601T0	2004	2005	130	3.79713
MGG_17881T0	640	641	2	0.182725
MGG_14540T0	1109	1110	79	4.16803
MGG_00963T0	3344	3345	27	0.472709
MGG_15256T0	1117	1118	1	0.0523823
MGG_08857T0	1722	1723	550	18.6941
MGG_02832T0	2624	2625	945	21.0828
MGG_06070T0	3488	3489	1667	27.9809
MGG_04459T0	4709	4710	434	5.39629
MGG_02714T0	1024	1025	1199	68.5049
MGG_16857T0	252	253	16	3.70362
MGG_00441T0	612	613	35	3.34375
MGG_17735T0	207	208	0	0
MGG_08675T0	697	698	15	1.25853
MGG_04175T0	1744	1745	121.283	4.07035
MGG_08256T0	1364	1365	2272	97.477
MGG_10747T0	969	970	6046.64	365.064
MGG_07466T0	2021	2022	5565	161.18
MGG_01918T0	1587	1588	409	15.0834
MGG_15379T0	701	702	24	2.00217
MGG_09208T0	4624	4625	2412	30.5416
MGG_09600T0	2058	2059	94	2.67361
MGG_16270T0	291	292	94	18.8526
MGG_03218T0	1742	1743	6751	226.828
MGG_00715T0	617	618	2861	271.117
MGG_05261T0	2398	2399	3559	86.8809
MGG_06615T0	1685	1686	1.08535	0.0376999
MGG_17228T0	186	187	0	0
MGG_01144T0	1209	1210	896	43.366
MGG_01154T0	1703	1704	462.11	15.8819
MGG_05456T0	960	961	7006	426.946
MGG_05139T0	1431	1432	48	1.96302
MGG_00561T0	1126	1127	37	1.92267
MGG_04042T0	3639	3640	349	5.61501
MGG_06425T0	2805	2806	796	16.6132
MGG_04177T0	6583	6584	1735	15.4325
MGG_01875T0	951	952	89	5.47494
MGG_05107T0	2205	2206	208	5.52185
MGG_03439T0	1330	1331	1904	83.7752
MGG_10155T0	609	610	13	1.24807
MGG_11223T0	1510	1511	142	5.50365
MGG_03906T0	3885	3886	1970	29.6886
MGG_08084T0	5037	5038	14660	170.413
MGG_16218T0	159	160	4	1.46409
MGG_06011T0	1385	1386	9895	418.099
MGG_17362T0	225	226	0	0
MGG_09473T0	885	886	63	4.16422
MGG_01950T0	1560	1561	5	0.187583
MGG_06511T0	1724	1725	1989	67.5262
MGG_01053T0	1024	1025	828	47.3078
MGG_05896T0	309	310	2	0.377829
MGG_08097T0	2921	2922	6827	136.828
MGG_00629T0	336	337	13	2.25912
MGG_10613T0	1244	1245	2	0.0940778
MGG_18007T0	378	379	67	10.3529
MGG_15895T0	1478	1479	4295.51	170.088
MGG_15390T0	1404	1405	10	0.416822
MGG_18014T0	201	202	13	3.76893
MGG_08855T0	5409	5410	3719	40.2583
MGG_08786T0	1840	1841	117	3.72185
MGG_09235T0	2633	2634	1466	32.5945
MGG_08457T0	3593	3594	17269	281.395
MGG_14198T0	1185	1186	3702	182.801
MGG_09213T0	2910	2911	811.995	16.3357
MGG_01220T0	2487	2488	581.07	13.6774
MGG_01824T0	4016	4017	2171	31.6508
MGG_00071T0	1309	1310	46	2.05643
MGG_06113T0	1300	1301	188	8.46267
MGG_03715T0	1349	1350	1008	43.7274
MGG_02820T0	1016	1017	555	31.9594
MGG_03263T0	2185	2186	2539.59	68.0363
MGG_15220T0	279	280	12	2.50986
MGG_06342T0	3885	3886	1287	19.3956
MGG_09522T0	3647	3648	457	7.33648
MGG_17763T0	171	172	2	0.68097
MGG_12831T0	1840	1841	637	20.2634
MGG_02986T0	5892	5893	170.446	1.69386
MGG_01963T0	1024	1025	2438	139.295
MGG_10020T0	399	400	0	0
MGG_12337T0	1230	1231	1.48172e+06	70490.9
MGG_10423T0	1815	1816	22541	726.916
MGG_04817T0	2232	2233	1203.1	31.553
MGG_09106T0	483	484	128	15.4879
MGG_16490T0	765	766	742	56.7286
MGG_00814T0	984	985	1951	115.997
MGG_17848T0	1200	1201	0	0
MGG_08169T0	2029	2030	440	12.6936
MGG_02284T0	1233	1234	322	15.2815
MGG_08528T0	1760	1761	0	0
MGG_15733T0	264	265	0	0
MGG_13241T0	1172	1173	26	1.29808
MGG_03036T0	1676	1677	1438.63	50.2391
MGG_06751T0	1528	1529	4549	174.235
MGG_03124T0	1629	1630	75	2.69464
MGG_07129T0	3465	3466	1242	20.9855
MGG_16409T0	1182	1183	506.824	25.0899
MGG_07019T0	2192	2193	1659	44.3031
MGG_04144T0	5054	5055	2811	32.5661
MGG_05400T0	906	907	3	0.193705
MGG_08161T0	2660	2661	3620.34	79.6766
MGG_08207T0	3139	3140	866	16.1516
MGG_14928T0	1710	1711	35.3881	1.21125
MGG_13866T0	1539	1540	0	0
MGG_17000T0	1735	1736	1234	41.6286
MGG_15770T0	799	800	0	0
MGG_10931T0	1021	1022	352	20.1706
MGG_06486T0	813	814	275	19.7849
MGG_14639T0	1437	1438	275	11.1995
MGG_02977T0	1809	1810	114	3.68853
MGG_16953T0	669	670	157	13.7231
MGG_15691T0	216	217	0	0
MGG_17754T0	162	163	8	2.87428
MGG_04505T0	2022	2023	344.466	9.97189
MGG_07518T0	3495	3496	2647	44.3414
MGG_00631T0	2994	2995	1189	23.2494
MGG_07048T0	1225	1226	4980	237.884
MGG_03433T0	1594	1595	0	0
MGG_01058T0	2024	2025	2229	64.4632
MGG_09751T0	1134	1135	134	6.9141
MGG_08493T0	2400	2401	0	0
MGG_17255T0	357	358	3	0.490755
MGG_05028T0	1574	1575	425	15.8028
MGG_16457T0	3267	3268	2081.17	37.2951
MGG_15654T0	1451	1452	163	6.57427
MGG_04554T0	2070	2071	23	0.650391
MGG_14590T0	1472	1473	33	1.31201
MGG_15599T0	2018	2019	429	12.4436
MGG_12022T0	1467	1468	4	0.159573
MGG_12348T0	381	382	19	2.91284
MGG_05504T0	306	307	12	2.28912
MGG_06545T0	3128	3129	201.862	3.77813
MGG_07842T0	1922	1923	136	4.14177
MGG_16113T0	366	367	0	0
MGG_04872T0	3773	3774	2018.33	31.3196
MGG_17987T0	249	250	12	2.81105
MGG_03529T0	2443	2444	424	10.1599
MGG_01395T0	1023	1024	14	0.800672
MGG_08451T0	333	334	33	5.78621
MGG_17989T0	1158	1159	1955	98.7848
MGG_08532T0	411	412	1	0.142144
MGG_13538T0	1665	1666	13	0.456978
MGG_06105T0	1167	1168	727.166	36.4601
MGG_08278T0	1920	1921	376	11.4627
MGG_12805T0	2588	2589	2182.57	49.3701
MGG_05552T0	1072	1073	968	52.8326
MGG_11895T0	3858	3859	1314	19.941
MGG_17567T0	189	190	0	0
MGG_17940T0	327	328	908	162.121
MGG_17449T0	3789	3790	2794	43.1732
MGG_15114T0	2149	2150	0	0
MGG_08174T0	1420	1421	270	11.1275
MGG_09645T0	6381	6382	6	0.0550581
MGG_13085T0	363	364	0	0
MGG_10716T0	1162	1163	325.677	16.3996
MGG_07713T0	819	820	27	1.92831
MGG_15409T0	835	836	1	0.070052
MGG_04551T0	1287	1288	2627	119.446
MGG_04199T0	2996	2997	1487.94	29.0753
MGG_16152T0	396	397	10	1.47515
MGG_03587T0	2042	2043	2353	67.4497
MGG_08198T0	3996	3997	1343	19.6774
MGG_18004T0	852	853	27	1.85371
MGG_04048T0	1589	1590	119	4.38305
MGG_02637T0	1228	1229	140	6.67118
MGG_09913T0	1867	1868	1760	55.1776
MGG_16079T0	186	187	0	0
MGG_01435T0	3115	3116	47	0.883338
MGG_16290T0	270	271	8	1.72881
MGG_09628T0	900	901	0	0
MGG_06871T0	2230	2231	770.761	20.2324
MGG_08185T0	2655	2656	607	13.384
MGG_16837T0	156	157	4	1.49206
MGG_10956T0	1139	1140	48	2.46583
MGG_17650T0	165	166	0	0
MGG_00448T0	2304	2305	901	22.8918
MGG_01728T0	1896	1897	929	28.6797
MGG_18105T0	372	373	6	0.942039
MGG_01414T0	4528	4529	330	4.26715
MGG_11758T0	6947	6948	625	5.26801
MGG_09956T0	3458	3459	1824	30.8817
MGG_14293T0	1459	1460	1197.41	48.0304
MGG_12321T0	4125	4126	904	12.8312
MGG_16148T0	1237	1238	742	35.1002
MGG_02774T0	2493	2494	23885	560.861
MGG_07580T0	1761	1762	10	0.332369
MGG_08592T0	582	583	1021	102.561
MGG_03867T0	996	997	37	2.17337
MGG_05664T0	4886	4887	5288	63.3688
MGG_07846T0	1543	1544	4	0.151719
MGG_02949T0	3782	3783	3511	54.3527
MGG_05133T0	3320	3321	2482	43.7683
MGG_10939T0	453	454	1	0.128994
MGG_04617T0	5721	5722	2238	22.9055
MGG_00254T0	1609	1610	16658	605.932
MGG_07200T0	3359	3360	12045	209.94
MGG_07958T0	1458	1459	318	12.7643
MGG_08236T0	7851	7852	12	0.0895009
MGG_05330T0	407	408	131.514	18.8773
MGG_15754T0	225	226	7	1.81391
MGG_15537T0	3875	3876	1944	29.3724
MGG_14326T0	800	801	32	2.33961
MGG_01796T0	1167	1168	45	2.2563
MGG_09696T0	4254	4255	1487.64	20.4751
MGG_16672T0	243	244	0	0
MGG_04633T0	3555	3556	0	0
MGG_06696T0	8818	8819	4195.22	27.8588
MGG_10478T0	528	529	0	0
MGG_00635T0	3636	3637	5956	95.9043
MGG_00491T0	1477	1478	1002	39.7027
MGG_08128T0	2992	2993	979	19.1559
MGG_04467T0	1484	1485	8439.14	332.811
MGG_03197T0	1953	1954	2369	71.0014
MGG_00630T0	3839	3840	208	3.17219
MGG_01725T0	1783	1784	1586	52.0637
MGG_04738T0	1213	1214	270	13.0248
MGG_08492T0	1551	1552	0	0
MGG_06847T0	1955	1956	1587	47.5154
MGG_16140T0	198	199	1	0.294289
MGG_14854T0	732	733	669	53.4501
MGG_14598T0	2160	2161	362	9.81026
MGG_10558T0	2479	2480	0	0
MGG_00789T0	963	964	7563	459.456
MGG_00846T0	1380	1381	50	2.12033
MGG_01099T0	1327	1328	847	37.3518
MGG_00119T0	1077	1078	11390	618.773
MGG_06901T0	2155	2156	888	24.1208
MGG_16938T0	594	595	0	0
MGG_06865T0	450	451	34129	4431.73
MGG_14422T0	225	226	0	0
MGG_04983T0	1192	1193	8	0.392714
MGG_04594T0	1554	1555	592	22.2955
MGG_03646T0	3409	3410	3285	56.4167
MGG_16223T0	940	941	826	51.4064
MGG_10244T0	647	648	25	2.25939
MGG_03025T0	900	901	637	41.4039
MGG_12275T0	1945	1946	102659	3089.45
MGG_05158T0	1842	1843	61	1.93835
MGG_02941T0	2696	2697	4310	93.5886
MGG_15849T0	246	247	6	1.42259
MGG_16342T0	327	328	68	12.1412
MGG_16367T0	180	181	0	0
MGG_01892T0	2198	2199	261.665	6.96861
MGG_00721T0	1212	1213	60735	2932.28
MGG_01002T0	1281	1282	486	22.2011
MGG_04094T0	849	850	2	0.137796
MGG_06124T0	6483	6484	747	6.7469
MGG_06918T0	1544	1545	1822	69.0632
MGG_03397T0	1684	1685	469	16.3004
MGG_13933T0	1173	1174	41.0595	2.0482
MGG_05929T0	2667	2668	252	5.53148
MGG_16965T0	1492	1493	27	1.05908
MGG_15614T0	345	346	0	0
MGG_15699T0	329	330	8	1.41972
MGG_17502T0	573	574	0	0
MGG_16173T0	615	616	2	0.190141
MGG_00679T0	1971	1972	1151.23	34.1888
MGG_07238T0	2115	2116	254	7.02983
MGG_12501T0	1469	1470	1	0.0398391
MGG_10523T0	2792	2793	427	8.95331
MGG_09461T0	2996	2997	228	4.45528
MGG_05060T0	2879	2880	469	9.53689
MGG_05824T0	1594	1595	93	3.41467
MGG_01614T0	2370	2371	512	12.6463
MGG_16131T0	1877	1878	88	2.74419
MGG_05210T0	1233	1234	1589	75.4111
MGG_10446T0	1857	1858	298	9.39285
MGG_13509T0	813	814	246	17.6985
MGG_01636T0	3654	3655	3825	61.2873
MGG_14995T0	1353	1354	221	9.55873
MGG_00317T0	1637	1638	1483	53.0217
MGG_03878T0	3235	3236	188	3.40233
MGG_09976T0	1983	1984	1226	36.1889
MGG_17358T0	599	600	5.04018	0.491951
MGG_17764T0	2438	2439	268.841	6.4552
MGG_14279T0	1632	1633	61053	2189.51
MGG_07053T0	2067	2068	348	9.85497
MGG_09884T0	3194	3195	4008.58	73.4761
MGG_16669T0	3333	3334	896	15.7387
MGG_15070T0	2393	2394	452	11.0571
MGG_14426T0	799	800	26.7819	1.96055
MGG_12601T0	1728	1729	375	12.7017
MGG_03810T0	12768	12769	0	0
MGG_02780T0	2782	2783	402	8.4594
MGG_07026T0	1971	1972	1584	47.0408
MGG_04856T0	1964	1965	4453	132.714
MGG_13530T0	2551	2552	1738	39.8837
MGG_02663T0	2321	2322	1256	31.6777
MGG_06315T0	3296	3297	1039.6	18.4661
MGG_06980T0	1983	1984	241	7.11381
MGG_15442T0	786	787	0	0
MGG_05892T0	2597	2598	648.045	14.6081
MGG_02029T0	1827	1828	0	0
MGG_09289T0	1446	1447	2766	111.946
MGG_05229T0	3113	3114	853	16.0419
MGG_09137T0	963	964	0	0
MGG_11142T0	1240	1241	344.37	16.251
MGG_06133T0	1536	1537	4294.31	163.624
MGG_04006T0	4044	4045	428	6.19658
MGG_05874T0	2457	2458	503	11.9843
MGG_07411T0	951	952	3	0.184549
MGG_17583T0	162	163	0	0
MGG_12767T0	3362	3363	4406	76.7263
MGG_03603T0	2440	2441	436.595	10.4746
MGG_10200T0	2577	2578	59930	1361.41
MGG_12742T0	2946	2947	90.6183	1.80079
MGG_02773T0	2397	2398	4188	102.278
MGG_01826T0	1430	1431	470.616	19.2599
MGG_09941T0	4860	4861	1046	12.6018
MGG_02327T0	960	961	433	26.3871
MGG_09595T0	495	496	0	0
MGG_02788T0	2386	2387	982	24.0927
MGG_00300T0	1548	1549	35	1.32325
MGG_01276T0	1002	1003	1	0.0583883
MGG_00083T0	910	911	179	11.507
MGG_17975T0	1493	1494	2418	94.7834
MGG_00530T0	2209	2210	1707	45.2343
MGG_06955T0	2458	2459	690	16.433
MGG_07681T0	2901	2902	6771	136.641
MGG_09841T0	1406	1407	93	3.87093
MGG_02882T0	2591	2592	1077	24.3337
MGG_02462T0	869	870	1766.87	118.936
MGG_09494T0	1406	1407	596.665	24.835
MGG_09552T0	2993	2994	1471.72	28.7872
MGG_04365T0	1974	1975	246	7.29449
MGG_08880T0	2376	2377	1815	44.7171
MGG_17935T0	2495	2496	74.0128	1.73656
MGG_03006T0	1435	1436	905.791	36.9403
MGG_02534T0	1875	1876	258	8.05403
MGG_12835T0	747	748	1	0.0782934
MGG_03772T0	2061	2062	142	4.03298
MGG_12521T0	1139	1140	5497	282.389
MGG_08906T0	588	589	1090.29	108.406
MGG_10213T0	1014	1015	1337	77.1422
MGG_05989T0	2337	2338	2239	56.0836
MGG_04787T0	915	916	432	27.6194
MGG_14982T0	309	310	0	0
MGG_08065T0	2379	2380	1690	41.585
MGG_15047T0	1704	1705	648	22.2575
MGG_11337T0	918	919	1904	121.333
MGG_14371T0	663	664	369	32.545
MGG_14046T0	435	436	0	0
MGG_10324T0	1662	1663	733	25.813
MGG_05325T0	2967	2968	852.875	16.8286
MGG_09005T0	2563	2564	596.605	13.6269
MGG_17488T0	231	232	12	3.02914
MGG_16887T0	4324	4325	4637	62.7881
MGG_02345T0	534	535	0	0
MGG_10958T0	4894	4895	1546	18.4962
MGG_03794T0	999	1000	1	0.0585634
MGG_14009T0	1982	1983	1145	33.815
MGG_00026T0	1218	1219	0	0
MGG_08098T0	2033	2034	1644	47.3345
MGG_10254T0	1230	1231	65	3.0923
MGG_06898T0	2428	2429	936	22.5671
MGG_12821T0	3710	3711	3038	47.9428
MGG_06758T0	1782	1783	1063	34.9147
MGG_15995T0	1557	1558	0	0
MGG_14640T0	1702	1703	1074	36.9331
MGG_07084T0	1500	1501	715	27.8966
MGG_17103T0	1358	1359	7174.98	309.192
MGG_07341T0	1029	1030	6379	362.695
MGG_17773T0	351	352	0	0
MGG_03088T0	2571	2572	1287	29.3045
MGG_00812T0	1134	1135	1225.58	63.237
MGG_08654T0	2560	2561	405	9.2613
MGG_04025T1	1563	1564	198.805	7.4442
MGG_04025T0	1354	1355	395.195	17.0804
MGG_07190T0	3180	3181	3482	64.105
MGG_15651T0	306	307	5	0.953802
MGG_17094T0	279	280	4	0.836621
MGG_05931T0	2084	2085	516.84	14.517
MGG_10426T0	4455	4456	1413	18.5705
MGG_12853T0	1379	1380	979	41.5461
MGG_04095T0	1470	1471	3037	120.909
MGG_10852T0	2065	2066	1948	55.2186
MGG_08778T0	1336	1337	467	20.4556
MGG_05951T0	2163	2164	1884	50.9859
MGG_06183T0	1883	1884	5375	167.08
MGG_14823T0	2519	2520	575	13.3627
MGG_00986T0	1589	1590	834	30.7182
MGG_14674T0	1725	1726	375	12.7238
MGG_03935T0	1158	1159	5681	287.057
MGG_07679T0	1863	1864	0	0
MGG_17160T0	282	283	4	0.827752
MGG_00915T0	2741	2742	1239	26.4625
MGG_07290T0	1308	1309	35	1.56587
MGG_08144T0	1633	1634	2888	103.507
MGG_08102T0	895	896	641	41.8964
MGG_03756T0	932	933	129.159	8.1072
MGG_15434T0	363	364	1	0.160889
MGG_02549T0	1017	1018	3	0.172584
MGG_17131T0	222	223	5	1.31308
MGG_07697T0	642	643	11	1.00186
MGG_07630T0	354	355	4831	796.958
MGG_10320T0	2610	2611	3247	72.8286
MGG_04445T0	3113	3114	3091	58.1309
MGG_17002T0	1778	1779	1184	38.9765
MGG_15802T0	180	181	0	0
MGG_10184T0	4212	4213	899.31	12.501
MGG_17612T0	743	744	56.9275	4.48101
MGG_10054T0	2554	2555	1430.28	32.7836
MGG_11636T0	4950	4951	467	5.52396
MGG_11469T0	1062	1063	1348	74.2648
MGG_09953T0	1410	1411	1835	76.1615
MGG_13215T0	1643	1644	1067	38.0092
MGG_15924T0	306	307	0	0
MGG_15838T0	1001	1002	56	3.27301
MGG_00164T0	3157	3158	1411	26.1663
MGG_08779T0	999	1000	7	0.409944
MGG_15955T0	246	247	316	74.9233
MGG_02705T0	4519	4520	18778.7	243.307
MGG_08735T0	2886	2887	2120	43.0047
MGG_08768T0	1433	1434	1472	60.1153
MGG_03591T0	2389	2390	257	6.29741
MGG_06095T0	1230	1231	1948	92.6739
MGG_09804T0	1191	1192	60	2.94782
MGG_04923T0	6380	6381	840	7.70934
MGG_17321T0	341	342	6	1.02743
MGG_16394T0	933	934	22	1.37944
MGG_08480T0	876	877	58	3.87307
MGG_08659T0	462	463	0	0
MGG_03287T0	2116	2117	626	17.3173
MGG_00695T0	3548	3549	252.591	4.1681
MGG_09499T0	2902	2903	3785	76.3564
MGG_03593T0	1553	1554	2564	96.6259
MGG_11491T0	4755	4756	1956	24.0854
MGG_04352T0	1092	1093	2045	109.572
MGG_06388T0	5621	5622	4533	47.2195
MGG_13253T0	2359	2360	642	15.9312
MGG_10955T0	4988	4989	1272	14.9314
MGG_05525T0	2194	2195	3806.67	101.564
MGG_05578T0	1943	1944	353	10.6342
MGG_03686T0	2694	2695	287	6.23663
MGG_17132T0	544	545	24	2.57894
MGG_01017T0	5000	5001	542	6.34701
MGG_07775T0	642	643	101	9.19892
MGG_05688T0	1580	1581	188.377	6.97785
MGG_07366T0	1665	1666	3127	109.921
MGG_15245T0	1478	1479	3304	130.827
MGG_18109T0	189	190	0	0
MGG_14713T0	3078	3079	1491	28.3592
MGG_03104T0	1703	1704	479	16.4624
MGG_16114T0	1332	1333	8.17967	0.359362
MGG_09236T0	3964	3965	1083	15.996
MGG_17742T0	204	205	18	5.14216
MGG_07058T0	1413	1414	538.861	22.3179
MGG_18034T0	625	626	25	2.3388
MGG_12538T0	4519	4520	4768	61.7767
MGG_02748T0	4224	4225	581	8.05334
MGG_00449T0	2721	2722	4507	96.9675
MGG_10499T0	1394	1395	1288.68	54.1001
MGG_02488T0	2835	2836	1216	25.1104
MGG_15259T0	783	784	227	16.9565
MGG_17723T0	703	704	10	0.831867
MGG_09372T0	1910	1911	36922	1131.49
MGG_05484T0	4115	4116	1464.51	20.8374
MGG_17265T0	153	154	5821	2213.62
MGG_01424T0	1961	1962	770	22.9836
MGG_16196T0	2549	2550	332	7.62473
MGG_04773T0	2509	2510	4355	101.611
MGG_08079T0	887	888	633.146	41.7558
MGG_01730T0	4061	4062	1335	19.2472
MGG_07295T0	1487	1488	616	24.244
MGG_18030T0	581	582	1609.72	161.978
MGG_14269T0	1292	1293	4580	207.441
MGG_16445T0	2639	2640	2249	49.8898
MGG_15988T0	4463	4464	5244	68.7963
MGG_03008T0	3959	3960	1357	20.0683
MGG_15739T0	873	874	5801	388.703
MGG_15492T0	1738	1739	7.67958	0.258621
MGG_00018T0	2408	2409	0	0
MGG_04257T0	1881	1882	98	3.04953
MGG_17731T0	751	752	28	2.18055
MGG_04606T0	4286	4287	293.699	4.01214
MGG_03005T0	2145	2146	143	3.90241
MGG_16416T0	550	551	55	5.84572
MGG_12469T0	762	763	66	5.06578
MGG_09705T0	1502	1503	2223	86.6178
MGG_00488T0	1335	1336	1219	53.4348
MGG_00336T0	2232	2233	1763.94	46.2616
MGG_17056T0	297	298	0	0
MGG_15398T0	798	799	3.26087	0.239008
MGG_10239T0	1486	1487	17	0.669522
MGG_10257T0	1332	1333	0	0
MGG_01389T0	2323	2324	606	15.2708
MGG_08432T0	297	298	17	3.34087
MGG_03222T0	5908	5909	482.556	4.78255
MGG_02691T0	2535	2536	1759	40.6203
MGG_13777T0	849	850	183	12.6084
MGG_03518T0	2621	2622	539	12.0388
MGG_09171T0	1152	1153	172	8.73626
MGG_16117T0	216	217	70	18.8914
MGG_07645T0	1455	1456	9	0.361999
MGG_08540T0	2016	2017	16	0.464559
MGG_02204T0	2073	2074	3	0.0847109
MGG_01987T0	3170	3171	1347	24.877
MGG_07684T0	855	856	6	0.410491
MGG_08899T0	819	820	484	34.5667
MGG_06136T0	1413	1414	720	29.8201
MGG_02546T0	444	445	0	0
MGG_17601T0	360	361	0	0
MGG_12009T0	3374	3375	2421	42.0095
MGG_07232T0	1613	1614	3570.89	129.568
MGG_05007T0	1995	1996	842	24.7046
MGG_04853T0	3275	3276	6444	115.196
MGG_04680T0	2122	2123	2492	68.7424
MGG_16926T0	1448	1449	203.102	8.20867
MGG_05259T0	3008	3009	1262	24.562
MGG_12956T0	5288	5289	1536.62	17.0145
MGG_07815T0	918	919	48	3.05881
MGG_08898T0	3837	3838	2504	38.2081
MGG_07301T0	1239	1240	2351	111.034
MGG_09806T0	1801	1802	191	6.20734
MGG_09070T0	1274	1275	979	44.9675
MGG_15611T0	228	229	0	0
MGG_15252T0	399	400	1	0.146409
MGG_14558T0	7290	7291	1956.17	15.7125
MGG_07532T0	3856	3857	490.371	7.44564
MGG_14014T0	3372	3373	1787	31.0266
MGG_05277T0	2356	2357	259.817	6.45558
MGG_12611T0	2160	2161	196	5.31163
MGG_00863T0	2841	2842	57	1.17457
MGG_02242T0	2292	2293	704	17.9802
MGG_07790T0	1621	1622	3005	108.498
MGG_03262T0	2538	2539	2127	49.0604
MGG_05846T0	807	808	4737	343.335
MGG_17029T0	192	193	463	140.492
MGG_03045T0	1223	1224	1211	57.9415
MGG_15045T0	735	736	8	0.636559
MGG_12096T0	558	559	78	8.17164
MGG_02794T0	1824	1825	1438	46.1448
MGG_15822T0	905	906	33	2.13311
MGG_04919T0	1342	1343	1941.05	84.6423
MGG_08370T0	2311	2312	4809	121.813
MGG_11336T0	1526	1527	1645	63.089
MGG_02210T0	1788	1789	23	0.752912
MGG_00084T0	1662	1663	5689	200.341
MGG_02437T0	2362	2363	959.825	23.7878
MGG_02351T0	15858	15859	4	0.014771
MGG_03516T0	4677	4678	7705	96.4582
MGG_17378T0	570	571	38	3.89739
MGG_17281T0	279	280	9	1.8824
MGG_10252T0	1916	1917	3796	115.966
MGG_06068T0	1269	1270	1571	72.4434
MGG_09311T0	3387	3388	1641.37	28.3719
MGG_16879T0	222	223	14	3.67663
MGG_02756T0	828	829	2390	168.838
MGG_05668T0	758	759	1879	144.981
MGG_09810T0	720	721	0	0
MGG_15020T0	1665	1666	1412	49.6348
MGG_15006T0	1752	1753	1238.36	41.3705
MGG_03667T0	3149	3150	1105	20.5437
MGG_02400T0	1486	1487	579	22.8031
MGG_09490T0	1701	1702	8	0.275269
MGG_17487T0	399	400	0	0
MGG_11615T0	1161	1162	153	7.71102
MGG_03517T0	2615	2616	1339	29.9757
MGG_01074T0	4748	4749	1668	20.5693
MGG_04362T0	1259	1260	2060	95.7466
MGG_05732T0	1576	1577	716	26.5894
MGG_05503T0	1380	1381	1351	57.2913
MGG_13200T0	1849	1850	2808	88.8898
MGG_07035T0	2199	2200	1884	50.1516
MGG_02818T0	2187	2188	133	3.55984
MGG_06654T0	1611	1612	1739	63.1773
MGG_10287T0	1700	1701	49	1.68701
MGG_17413T0	468	469	7	0.874081
MGG_00559T0	1427	1428	432	17.7167
MGG_14601T0	1314	1315	82	3.65187
MGG_06206T0	630	631	2	0.185621
MGG_01115T0	4754	4755	1650.1	20.323
MGG_02402T0	246	247	235	55.7183
MGG_08949T0	1794	1795	3291	107.372
MGG_06216T0	2268	2269	210	5.42015
MGG_16831T0	988	989	14	0.829007
MGG_05026T0	797	798	4607	338.097
MGG_00138T0	3100	3101	1033	19.5086
MGG_02445T0	899	900	140	9.10987
MGG_17038T0	836	837	222	15.533
MGG_08984T0	3027	3028	214	4.1389
MGG_09836T0	957	958	317	19.3785
MGG_17554T0	576	577	0	0
MGG_17830T0	1371	1372	756	32.2697
MGG_05217T0	2884	2885	1549.78	31.4595
MGG_05450T0	1356	1357	2416	104.266
MGG_01671T0	2111	2112	1731.99	48.0262
MGG_07154T0	1215	1216	859	41.3701
MGG_00379T0	1164	1165	41	2.06103
MGG_16910T0	177	178	19	6.25115
MGG_08926T0	996	997	326	19.1491
MGG_05407T0	426	427	0	0
MGG_07336T0	1267	1268	482	22.2615
MGG_10329T0	2833	2834	497	10.2703
MGG_11731T0	2004	2005	576	16.8242
MGG_06398T0	2420	2421	704	17.0296
MGG_15001T0	408	409	17	2.43418
MGG_04994T0	3370	3371	14989	260.4
MGG_09909T0	2635	2636	913	20.2839
MGG_03403T0	886	887	31	2.04675
MGG_17059T0	192	193	11	3.33781
MGG_09019T0	764	765	2	0.153107
MGG_14526T0	3278	3279	1253.97	22.396
MGG_09246T0	2741	2742	8559	182.803
MGG_15746T0	150	151	3	1.16351
MGG_13908T0	907	908	2447	157.825
MGG_14547T0	1344	1345	1298	56.517
MGG_00351T0	3049	3050	241	4.62747
MGG_17184T0	165	166	23	8.11421
MGG_15203T0	2592	2593	268	6.05284
MGG_10589T0	1317	1318	10	0.444336
MGG_10370T0	776	777	10547	794.94
MGG_16126T0	1316	1317	3187	141.717
MGG_18089T0	498	499	109	12.7924
MGG_15201T0	348	349	0	0
MGG_00888T0	2288	2289	62	1.58625
MGG_06181T0	1596	1597	672	24.6429
MGG_14778T0	4740	4741	513	6.33686
MGG_08017T0	3363	3364	266	4.63076
MGG_15508T0	1126	1127	57	2.96195
MGG_12847T0	1328	1329	34887	1537.32
MGG_02487T0	5611	5612	4068	42.4512
MGG_11167T0	1099	1100	1235.1	65.7561
MGG_08787T0	423	424	0	0
MGG_18140T0	726	727	1	0.0805549
MGG_16303T0	222	223	2	0.525233
MGG_13276T0	1076	1077	1747	94.9957
MGG_04526T0	3814	3815	1359	20.8618
MGG_02243T0	2695	2696	360.651	7.83418
MGG_14921T0	936	937	197	12.3127
MGG_02288T0	660	661	78	6.91066
MGG_01799T0	1878	1879	288	8.9762
MGG_04610T0	3591	3592	273	4.45095
MGG_06734T0	1428	1429	931.368	38.1694
MGG_00857T0	2478	2479	2098.38	49.5716
MGG_07512T0	2487	2488	1557	36.6492
MGG_02014T0	1553	1554	0	0
MGG_07687T0	1326	1327	0	0
MGG_17778T0	171	172	537	182.841
MGG_14783T0	736	737	2	0.158924
MGG_17014T0	171	172	0	0
MGG_03290T0	4805	4806	394	4.80108
MGG_02355T0	1089	1090	51	2.74012
MGG_05580T0	1974	1975	995	29.5041
MGG_17394T0	195	196	11	3.28672
MGG_17757T0	525	526	0	0
MGG_03473T0	1868	1869	168	5.26413
MGG_07565T0	1287	1288	794	36.102
MGG_04367T0	1785	1786	573	18.7888
MGG_12906T0	1851	1852	2035.52	64.3666
MGG_17630T0	168	169	1	0.346529
MGG_10743T0	2778	2779	1434	30.2195
MGG_16365T0	566	567	12	1.23944
MGG_03198T0	2971	2972	4173	82.2292
MGG_17337T0	261	262	0	0
MGG_10798T0	603	604	249	24.1429
MGG_02387T0	3216	3217	572	10.4129
MGG_07987T0	1182	1183	1	0.0495042
MGG_16590T0	1551	1552	4	0.150937
MGG_15760T0	3756	3757	434	6.76511
MGG_07177T0	513	514	32287	3678.67
MGG_08598T0	5972	5973	1513	14.8345
MGG_02903T0	825	826	35	2.4815
MGG_06399T0	4532	4533	3507	45.3082
MGG_15923T0	306	307	0	0
MGG_01662T0	2936	2937	2287.79	45.6183
MGG_01420T0	1524	1525	866	33.2564
MGG_15718T0	2045	2046	929	26.5911
MGG_06959T0	1470	1471	1048	41.723
MGG_07503T0	1946	1947	939	28.244
MGG_08162T0	1952	1953	3593	107.741
MGG_13836T0	765	766	77	5.88693
MGG_02495T0	504	505	0	0
MGG_10840T0	2823	2824	2448	50.766
MGG_06505T0	2118	2119	976	26.974
MGG_08311T0	1428	1429	424	17.3764
MGG_00150T0	1986	1987	6045	178.166
MGG_12003T0	1132	1133	101	5.22057
MGG_07979T0	1554	1555	3	0.112984
MGG_08351T0	744	745	1	0.0786087
MGG_16897T0	330	331	15	2.65393
MGG_07062T0	2512	2513	2040	47.5406
MGG_16026T0	931	932	155	9.73963
MGG_09118T0	2762	2763	441.64	9.36082
MGG_17860T0	590	591	11	1.09001
MGG_09421T0	630	631	0	0
MGG_13420T0	420	421	0	0
MGG_06785T0	1141	1142	571.665	29.3158
MGG_03265T0	4053	4054	1281	18.5051
MGG_06406T0	1492	1493	888	34.8321
MGG_12978T0	1518	1519	1051	40.5202
MGG_11761T0	3349	3350	1123	19.6319
MGG_03846T0	4537	4538	3934	50.7688
MGG_07334T0	4261	4262	2228	30.6146
MGG_16822T0	150	151	0	0
MGG_03706T0	1704	1705	113	3.88133
MGG_15307T0	936	937	2	0.125002
MGG_10149T0	1396	1397	689	28.8835
MGG_08607T0	405	406	0	0
MGG_12672T0	2959	2960	2218	43.883
MGG_01914T0	855	856	5	0.342076
MGG_05178T0	1148	1149	568	28.9504
MGG_10148T0	4796	4797	877.063	10.7075
MGG_04212T0	2374	2375	1693	41.7465
MGG_10357T0	2217	2218	2990	78.9471
MGG_16502T0	153	154	1	0.380282
MGG_08208T0	5090	5091	2439	28.0566
MGG_12474T0	2113	2114	1104	30.5837
MGG_10881T0	1287	1288	20	0.90937
MGG_02862T0	2088	2089	694	19.4557
MGG_07282T0	3107	3108	427.492	8.05515
MGG_06279T0	3816	3817	1053	16.156
MGG_05755T0	2570	2571	1352	30.7965
MGG_11535T0	2787	2788	666	13.9897
MGG_00346T0	3017	3018	1877	36.4227
MGG_04204T0	2287	2288	1783	45.6375
MGG_03464T0	888	889	743	48.9456
MGG_01508T0	1596	1597	4977	182.511
MGG_05584T0	2702	2703	313	6.78149
MGG_10853T0	3196	3197	2671.49	48.9371
MGG_07391T0	787	788	1476	109.695
MGG_04997T0	3344	3345	51	0.892896
MGG_15457T0	1932	1933	20.0241	0.606664
MGG_01439T0	2417	2418	3609	87.4092
MGG_09700T0	2041	2042	428	12.2748
MGG_15280T0	1268	1269	479.708	22.1382
MGG_11819T0	348	349	10	1.67804
MGG_06620T0	989	990	348	20.5859
MGG_17980T0	234	235	1	0.249206
MGG_17613T0	1276	1277	0	0
MGG_17365T0	2449	2450	448	10.7087
MGG_12214T0	8311	8312	701	4.939
MGG_17693T0	405	406	38	5.48131
MGG_07876T0	987	988	0	0
MGG_08064T0	1245	1246	331	15.5574
MGG_02654T0	2425	2426	349	8.42483
MGG_15934T0	342	343	0	0
MGG_03442T0	1631	1632	74	2.65545
MGG_17083T0	489	490	1	0.119517
MGG_03014T0	2388	2389	1428	35.0057
MGG_06167T0	2212	2213	2007	53.112
MGG_00680T0	1399	1400	340.766	14.2546
MGG_08706T0	1031	1032	1641	93.1227
MGG_00118T0	4756	4757	1963	24.1665
MGG_16993T0	3852	3853	12.5359	0.190539
MGG_05081T0	636	637	27.2129	2.50185
MGG_04239T0	1089	1090	51	2.74012
MGG_16810T0	237	238	0	0
MGG_06246T0	1554	1555	323.346	12.1776
MGG_00466T0	3622	3623	6113	98.8127
MGG_06627T0	1732	1733	1694	57.2455
MGG_15111T0	1324	1325	196	8.66297
MGG_02618T0	856	857	122	8.33692
MGG_13562T0	2893	2894	565.332	11.4402
MGG_08912T0	2259	2260	1523	39.4655
MGG_15929T0	156	157	0	0
MGG_12766T0	3775	3776	1931.72	29.9598
MGG_10194T0	1416	1417	233	9.6297
MGG_04082T0	2166	2167	1110.46	30.0103
MGG_07193T0	1544	1545	3310	125.466
MGG_16003T0	435	436	0	0
MGG_17152T0	162	163	0	0
MGG_00332T0	4047	4048	706.5	10.2211
MGG_06109T0	2379	2380	834.462	20.5332
MGG_10352T0	813	814	15	1.07918
MGG_16125T0	1766	1767	36125	1197.29
MGG_02865T0	1314	1315	1	0.0445349
MGG_09281T0	516	517	465	52.6731
MGG_00056T0	1318	1319	1191.4	52.8979
MGG_09978T0	1946	1947	1519.46	45.7036
MGG_03692T0	1549	1550	552	20.8561
MGG_09072T0	2064	2065	21550.2	611.164
MGG_06573T0	818	819	1284	91.8138
MGG_13916T0	1315	1316	40	1.78004
MGG_15625T0	306	307	0	0
MGG_14517T0	3516	3517	2685	44.7094
MGG_02890T0	2517	2518	167	3.88407
MGG_00853T0	2060	2061	1711	48.6182
MGG_17013T0	192	193	0	0
MGG_16230T0	1910	1911	4094	125.462
MGG_11684T0	1526	1527	4	0.153408
MGG_07264T0	2227	2228	427	11.2238
MGG_05691T0	378	379	8	1.23617
MGG_04117T0	2655	2656	2734.1	60.2854
MGG_10074T0	357	358	0	0
MGG_08246T0	698	699	1.05493	0.0883842
MGG_06467T0	1727	1728	1668.2	56.5368
MGG_08571T0	2700	2701	1612	34.9516
MGG_09574T0	1242	1243	2141.16	100.88
MGG_14733T0	903	904	378	24.4878
MGG_03568T0	4136	4137	1723.46	24.3974
MGG_08495T0	2232	2233	141	3.69792
MGG_01549T0	3217	3218	480	8.73538
MGG_00341T0	2101	2102	2598	72.3824
MGG_02109T0	276	277	5	1.0571
MGG_05946T0	2995	2996	2334	45.6232
MGG_11757T0	3000	3001	383	7.47411
MGG_01489T0	3682	3683	2153	34.2349
MGG_08326T0	2052	2053	725.426	20.6933
MGG_16166T0	180	181	14	4.52977
MGG_01357T0	2134	2135	23	0.630894
MGG_12809T0	3377	3378	1324	22.9538
MGG_04709T0	5249	5250	922	10.2849
MGG_01976T0	3584	3585	1325	21.6448
MGG_13165T0	3673	3674	1969	31.3858
MGG_14897T0	12929	12930	370	1.67583
MGG_10199T0	4394	4395	8085	107.733
MGG_06666T0	1810	1811	5654	182.837
MGG_16464T0	237	238	4	0.98426
MGG_15238T0	2559	2560	1018.16	23.2918
MGG_00195T0	3218	3219	2597	47.2474
MGG_06539T0	1019	1020	284	16.3059
MGG_15563T0	3203	3204	1099	20.0878
MGG_00325T0	1548	1549	1380	52.174
MGG_08550T0	1676	1677	60	2.09529
MGG_17897T0	240	241	0	0
MGG_14268T0	1351	1352	268.039	11.6104
MGG_06961T0	1621	1622	702	25.3462
MGG_16818T0	946	947	28	1.73155
MGG_15759T0	1986	1987	1731	51.0183
MGG_14864T0	1107	1108	23	1.21567
MGG_02294T0	1620	1621	23	0.830943
MGG_04655T0	2172	2173	797	21.4796
MGG_04618T0	2204	2205	2217.75	58.902
MGG_14696T0	342	343	285	48.6606
MGG_03480T0	3059	3060	2582	49.4153
MGG_03326T0	405	406	1380	199.058
MGG_08693T0	3423	3424	4443	75.9922
MGG_16532T0	1251	1252	28.7122	1.34304
MGG_13517T0	3819	3820	41	0.628561
MGG_04427T0	4331	4332	3445	46.5723
MGG_06934T0	4122	4123	6499	92.3124
MGG_03272T0	612	613	53	5.0634
MGG_15702T0	1717	1718	37	1.26126
MGG_15762T0	339	340	37	6.37308
MGG_11374T0	2046	2047	290.862	8.32138
MGG_05871T0	1896	1897	11529	355.919
MGG_17905T0	979	980	31	1.85252
MGG_16392T0	2105	2106	730	20.2998
MGG_15499T0	153	154	11	4.1831
MGG_05897T0	1097	1098	639.205	34.093
MGG_06563T0	3293	3294	2659	47.2739
MGG_08120T0	1989	1990	327	9.62324
MGG_04884T0	1872	1873	1246	38.9589
MGG_06896T0	6168	6169	965	9.16092
MGG_09738T0	1860	1861	174	5.47557
MGG_07225T0	990	991	1506	88.9975
MGG_01092T0	1458	1459	2357	94.6087
MGG_17566T0	381	382	0	0
MGG_01606T0	2557	2558	5883.89	134.707
MGG_07198T0	3424	3425	646	11.0458
MGG_05645T0	1067	1068	1.02762	0.056349
MGG_10215T0	1673	1674	1867	65.3154
MGG_16873T0	417	418	1	0.140104
MGG_03291T0	2769	2770	407	8.60481
MGG_01712T0	1601	1602	4537.37	165.87
MGG_09802T0	2669	2670	20	0.438678
MGG_05065T0	4960	4961	1990.47	23.4971
MGG_04216T0	1979	1980	75.6381	2.23719
MGG_00663T0	1297	1298	119.546	5.39368
MGG_05439T0	2080	2081	730	20.5436
MGG_07347T0	3031	3032	139	2.6848
MGG_00398T0	2671	2672	8.73451	0.191438
MGG_18111T0	258	259	13	2.93948
MGG_18108T0	525	526	0	0
MGG_07126T0	2552	2553	599	13.7405
MGG_17230T0	327	328	0	0
MGG_18031T0	456	457	7	0.897033
MGG_05970T0	1049	1050	1555.12	86.7362
MGG_03613T0	1519	1520	1361	52.4374
MGG_03526T0	1317	1318	350.801	15.5873
MGG_07539T0	4151	4152	8395	118.41
MGG_07788T0	1182	1183	22	1.08909
MGG_17528T0	3624	3625	536.649	8.66979
MGG_12426T0	351	352	3	0.49912
MGG_07549T0	2392	2393	31	0.758657
MGG_05582T0	801	802	29	2.11763
MGG_05263T0	1326	1327	1624	71.6707
MGG_09710T0	1519	1520	42567	1640.05
MGG_17713T0	2118	2119	614	16.9693
MGG_13429T0	2914	2915	543	10.9091
MGG_16640T0	398	399	8	1.1742
MGG_05084T0	1508	1509	13	0.504523
MGG_09575T0	1605	1606	252	9.18928
MGG_17621T0	303	304	0	0
MGG_13179T0	1437	1438	204	8.30803
MGG_16724T0	896	897	3	0.195864
MGG_13484T0	1274	1275	786	36.1026
MGG_02384T0	2052	2053	1726	49.2355
MGG_10551T0	507	508	0	0
MGG_10568T0	1621	1622	5461	197.173
MGG_07447T0	3476	3477	2888	48.6429
MGG_14605T0	360	361	9	1.46003
MGG_17151T0	162	163	0	0
MGG_03083T0	1474	1475	3	0.119112
MGG_00075T0	1989	1990	2064	60.7412
MGG_07242T0	2607	2608	1280	28.7428
MGG_14700T0	162	163	224	80.4798
MGG_08182T0	2018	2019	1624	47.106
MGG_15231T0	258	259	69	15.6018
MGG_02943T0	1011	1012	114	6.59707
MGG_16820T0	567	568	3.98192	0.410555
MGG_04466T0	4529	4530	266.358	3.44346
MGG_05100T0	534	535	2.03574	0.222841
MGG_04675T0	4885	4886	3966	47.5364
MGG_02329T0	2179	2180	29	0.779055
MGG_16908T0	969	970	3599.66	217.328
MGG_06494T0	2599	2600	2799	63.0458
MGG_17400T0	5288	5289	91	1.00761
MGG_07504T0	806	807	2265	164.37
MGG_05223T0	1908	1909	1413.69	43.3685
MGG_06072T0	1746	1747	2850	95.5385
MGG_11934T0	1723	1724	445	15.1164
MGG_09110T0	2425	2426	831	20.0603
MGG_15650T0	170	171	4	1.36991
MGG_04519T0	3032	3033	5606	108.245
MGG_10598T0	3500	3501	76	1.2713
MGG_15043T0	3020	3021	210	4.07094
MGG_04434T0	1335	1336	1198	52.5142
MGG_00495T0	1981	1982	35	1.03417
MGG_01852T0	2682	2683	1256	27.4155
MGG_16224T0	274	275	15	3.19437
MGG_17200T0	645	646	373	33.8145
MGG_16361T0	3815	3816	2960	45.4266
MGG_05174T0	1622	1623	2060	74.3319
MGG_16386T0	444	445	0	0
MGG_08202T0	2681	2682	690	15.0667
MGG_09148T0	1023	1024	0	0
MGG_15408T0	2227	2228	185	4.86276
MGG_00407T0	1916	1917	1768	54.0116
MGG_10953T0	1380	1381	0	0
MGG_03817T0	1771	1772	878	29.0173
MGG_02077T0	405	406	23	3.31763
MGG_01903T0	1208	1209	7	0.339077
MGG_17033T0	294	295	0	0
MGG_07153T0	1318	1319	842	37.3847
MGG_00585T0	354	355	1	0.164967
MGG_15706T0	443	444	32.0385	4.22587
MGG_16541T0	201	202	17	4.92861
MGG_16523T0	282	283	178	36.835
MGG_07651T0	342	343	0	0
MGG_11548T0	2700	2701	484	10.4942
MGG_10736T0	1420	1421	547	22.5434
MGG_02557T0	1076	1077	0	0
MGG_00969T0	1752	1753	1683	56.2249
MGG_15205T0	1033	1034	50	2.83189
MGG_10832T0	948	949	4657.7	287.43
MGG_03337T0	2736	2737	157	3.35932
MGG_08077T0	2146	2147	317	8.64677
MGG_03167T0	1219	1220	32	1.53609
MGG_10533T0	1594	1595	679	24.9308
MGG_18102T0	162	163	0	0
MGG_02523T0	2133	2134	274	7.51939
MGG_12476T0	1419	1420	2317	95.5574
MGG_10705T0	1995	1996	4313	126.545
MGG_16159T0	1290	1291	0	0
MGG_13867T0	813	814	0	0
MGG_06786T0	1844	1845	1852.33	58.7963
MGG_17111T0	1457	1458	186	7.47106
MGG_15383T0	1947	1948	14.7082	0.442177
MGG_02489T0	1968	1969	1247.47	37.1032
MGG_12865T0	2794	2795	7560	158.404
MGG_05636T0	1462	1463	221.714	8.87515
MGG_15435T0	1533	1534	1	0.038177
MGG_11079T0	2469	2470	3602	85.4031
MGG_01067T0	1522	1523	489	18.8034
MGG_15606T0	1921	1922	849	25.8691
MGG_00050T0	4599	4600	1027	13.0749
MGG_02373T0	993	994	243	14.3168
MGG_07266T0	1523	1524	1027.36	39.4789
MGG_02129T0	2661	2662	10959	241.096
MGG_06333T0	701	702	5858	488.696
MGG_17073T0	1863	1864	143	4.4928
MGG_17451T0	198	199	1	0.294289
MGG_04683T0	1933	1934	122	3.69428
MGG_15581T0	201	202	0	0
MGG_09513T0	2095	2096	339	9.47186
MGG_16449T0	282	283	7	1.44857
MGG_14692T0	1638	1639	1585	56.634
MGG_15395T0	372	373	0	0
MGG_11613T0	1887	1888	40	1.24075
MGG_05324T0	1761	1762	730.125	24.2671
MGG_17791T0	354	355	977	161.173
MGG_07644T0	1659	1660	526	18.5569
MGG_11620T0	219	220	21	5.59015
MGG_01315T0	1812	1813	431.094	13.9252
MGG_16828T0	1391	1392	92	3.87057
MGG_07079T0	1762	1763	379.696	12.6128
MGG_16737T0	564	565	1	0.103652
MGG_03859T0	3255	3256	1384	24.8931
MGG_10783T0	1048	1049	7	0.390795
MGG_08645T0	3918	3919	2042	30.5146
MGG_10750T0	2969	2970	212	4.18029
MGG_09284T0	1497	1498	120.873	4.72546
MGG_05964T0	1070	1071	377.139	20.6223
MGG_17669T0	3119	3120	3274	61.4541
MGG_16317T0	556	557	11	1.15655
MGG_14613T0	1996	1997	0	0
MGG_03293T0	1080	1081	780	42.2567
MGG_10207T0	1490	1491	6	0.235668
MGG_04353T0	483	484	15	1.81498
MGG_08212T0	2770	2771	972	20.5426
MGG_00201T0	2850	2851	1087	22.3285
MGG_10180T0	3214	3215	1555	28.3254
MGG_06310T0	603	604	2703.48	262.128
MGG_07857T0	1125	1126	5	0.260051
MGG_05274T0	1598	1599	987.842	36.1798
MGG_08845T0	3418	3419	996.877	17.0753
MGG_16794T0	177	178	4	1.31603
MGG_04685T0	5534	5535	8830	93.4264
MGG_04574T0	1110	1111	651	34.3158
MGG_13426T0	2325	2326	79	1.98904
MGG_07522T0	1888	1889	72	2.23217
MGG_15905T0	366	367	71	11.3297
MGG_00650T0	1195	1196	641	31.3873
MGG_08976T0	1011	1012	2483	143.689
MGG_07765T0	3343	3344	428	7.49556
MGG_16134T0	1274	1275	183	8.40558
MGG_14663T0	1710	1711	544	18.6198
MGG_11498T0	2525	2526	170	3.94132
MGG_07706T0	2614	2615	501	11.22
MGG_10740T0	1169	1170	1411.92	70.6727
MGG_04696T0	1036	1037	18094	1021.84
MGG_00913T0	2177	2178	2174	58.4559
MGG_09630T0	1816	1817	117	3.77101
MGG_07227T0	1582	1583	39	1.44281
MGG_16535T0	886	887	5623.52	371.288
MGG_06599T0	3268	3269	2796.51	50.0989
MGG_07622T0	303	304	1	0.192643
MGG_09356T0	369	370	0	0
MGG_06604T0	1419	1420	991	40.8707
MGG_16593T0	171	172	1	0.340485
MGG_06228T0	1065	1066	0	0
MGG_09991T0	1876	1877	2013	62.8067
MGG_00901T0	1950	1951	2062	61.8954
MGG_17194T0	547	548	170	18.1675
MGG_14630T0	294	295	9	1.78668
MGG_11902T0	3407	3408	1709.01	29.3678
MGG_03895T0	1181	1182	2123.61	105.216
MGG_16453T0	150	151	0	0
MGG_17096T0	240	241	15	3.64503
MGG_12301T0	2260	2261	15046	389.715
MGG_00117T0	2716	2717	828	17.8471
MGG_15431T0	1374	1375	2353	100.218
MGG_04527T0	1916	1917	1184	36.1706
MGG_06872T0	3225	3226	500.239	9.08113
MGG_17967T0	537	538	11	1.19739
MGG_03528T0	906	907	1084	69.992
MGG_16207T0	257	258	0	0
MGG_04005T0	1152	1153	997	50.6399
MGG_08191T0	692	693	26	2.19719
MGG_16769T0	275	276	2	0.424373
MGG_01961T0	1532	1533	33	1.26066
MGG_09243T0	1434	1435	320	13.0594
MGG_03096T0	1238	1239	95	4.49034
MGG_13944T0	738	739	3892	308.429
MGG_05467T0	2344	2345	7148	178.512
MGG_06328T0	3880	3881	2514	37.9357
MGG_03437T0	1924	1925	1186	36.0812
MGG_13005T0	2375	2376	984.564	24.2675
MGG_01579T0	1487	1488	29065	1143.92
MGG_07007T0	1595	1596	2728.91	100.134
MGG_03065T0	983	984	3796	225.922
MGG_06928T0	2953	2954	1730.06	34.2987
MGG_15883T0	201	202	12	3.47902
MGG_12463T0	4768	4769	900	11.052
MGG_16431T0	429	430	1	0.136194
MGG_09960T0	3938	3939	998	14.8379
MGG_10662T0	3317	3318	2281	40.2602
MGG_13176T0	5891	5892	1206	11.987
MGG_17418T0	276	277	3	0.634261
MGG_14523T0	708	709	56	4.6256
MGG_14884T0	1557	1558	59	2.21774
MGG_01004T0	2312	2313	3274	82.8953
MGG_09154T0	1182	1183	111	5.49496
MGG_17020T0	1068	1069	0	0
MGG_07968T0	1801	1802	145	4.71238
MGG_15351T0	1117	1118	11	0.576206
MGG_03985T0	3885	3886	1775	26.7499
MGG_08683T0	2109	2110	603	16.7364
MGG_10331T0	618	619	6	0.567659
MGG_00249T0	4311	4312	5295	71.9141
MGG_00309T0	2012	2013	1056	30.7218
MGG_10493T0	2976	2977	1409	27.7178
MGG_02792T0	2091	2092	6081	170.232
MGG_06971T0	3756	3757	14834	231.23
MGG_06760T0	3539	3540	3076	50.8873
MGG_08195T0	1938	1939	727	21.9575
MGG_04412T0	1573	1574	1792	66.6745
MGG_13032T0	1622	1623	654	23.5986
MGG_01473T0	1957	1958	8131	243.197
MGG_07178T0	3379	3380	1991	34.497
MGG_05811T0	3644	3645	2368	38.0462
MGG_09870T0	1284	1285	20	0.911493
MGG_05051T0	1303	1304	441	19.8056
MGG_04689T0	1870	1871	7677	240.295
MGG_00971T0	1575	1576	1848.54	68.6911
MGG_01863T0	1986	1987	854	25.1702
MGG_09517T0	3059	3060	3745	71.6732
MGG_17355T0	372	373	1	0.157007
MGG_15135T0	843	844	12	0.832656
MGG_15865T0	2194	2195	1787	47.6779
MGG_10897T0	1974	1975	0	0
MGG_03070T0	1981	1982	3784	111.808
MGG_14978T0	774	775	0	0
MGG_08990T0	882	883	5	0.331616
MGG_05519T0	1664	1665	54	1.89936
MGG_13385T0	3328	3329	1850	32.545
MGG_00475T0	3843	3844	1317	20.0645
MGG_09928T0	3607	3608	2931	47.5747
MGG_00956T0	1536	1537	336.077	12.8054
MGG_12442T0	1691	1692	72	2.49206
MGG_14841T0	342	343	31	5.29291
MGG_16376T0	165	166	0	0
MGG_08356T0	1455	1456	4	0.160889
MGG_06514T0	2708	2709	8178	176.793
MGG_17811T0	744	745	3182	250.133
MGG_01078T0	1442	1443	618	25.0812
MGG_06420T0	3223	3224	2272.01	41.2707
MGG_09952T0	822	823	6990	497.398
MGG_17542T0	3201	3202	453	8.28521
MGG_08315T0	2249	2250	44	1.14524
MGG_05193T0	3794	3795	8097	124.951
MGG_05515T0	1295	1296	7	0.316315
MGG_03929T0	2143	2144	859	23.4636
MGG_04272T0	652	653	2	0.179367
MGG_02420T0	1524	1525	152	5.83714
MGG_04563T0	1241	1242	25	1.17881
MGG_05321T0	1241	1242	1304	61.4869
MGG_04429T0	4163	4164	589	8.28383
MGG_00179T0	4171	4172	11526	161.793
MGG_01083T0	2371	2372	723	17.8505
MGG_14745T0	1174	1175	7	0.348889
MGG_16217T0	295	296	2	0.395699
MGG_07753T0	994	995	6874	404.588
MGG_15812T0	174	175	0	0
MGG_14989T0	1144	1145	3	0.153441
MGG_14878T0	930	931	559	35.1632
MGG_01407T0	1944	1945	1205	36.2822
MGG_02059T0	10815	10816	27	0.146192
MGG_14113T0	685	686	853	72.8201
MGG_03020T0	1413	1414	28	1.15967
MGG_01748T0	3898	3899	528.784	7.9424
MGG_16761T0	844	845	849	58.8407
MGG_03148T0	3141	3142	1222	22.7767
MGG_11284T0	198	199	21	6.18006
MGG_06101T0	3677	3678	1804	28.7244
MGG_12552T0	276	277	0	0
MGG_05135T0	3028	3029	711	13.7467
MGG_00278T0	285	286	11	2.25244
MGG_02918T0	428	429	0	0
MGG_11240T0	2431	2432	730	17.5787
MGG_16770T0	3124	3125	87.401	1.63792
MGG_10791T0	1155	1156	456	23.1012
MGG_16473T0	858	859	0	0
MGG_02012T0	720	721	0	0
MGG_09138T0	1149	1150	1308	66.6096
MGG_02460T0	1817	1818	561	18.0716
MGG_10710T0	2198	2199	3107	82.7452
MGG_02630T0	3730	3731	2273	35.678
MGG_16169T0	168	169	0	0
MGG_07291T0	6347	6348	6975	64.3478
MGG_10471T0	1148	1149	21	1.07035
MGG_14746T0	4982	4983	3514	41.2988
MGG_14959T0	831	832	9	0.633499
MGG_05326T0	2115	2116	2427	67.1708
MGG_04163T0	5326	5327	1249.88	13.7408
MGG_06242T0	2305	2306	552	14.0187
MGG_03578T0	886	887	15944	1052.69
MGG_16463T0	1016	1017	100	5.75845
MGG_18037T0	666	667	0	0
MGG_05013T0	1110	1111	690	36.3715
MGG_04106T0	1632	1633	828	29.6941
MGG_01081T0	1508	1509	1525.59	59.2073
MGG_09273T0	3951	3952	1114	16.508
MGG_02933T0	2113	2114	302	8.36621
MGG_05410T0	417	418	0	0
MGG_09433T0	1938	1939	462	13.9537
MGG_01831T0	1759	1760	212	7.05423
MGG_17543T0	363	364	4	0.643554
MGG_02666T0	764	765	5	0.382768
MGG_11894T0	696	697	59	4.95731
MGG_18029T0	330	331	0	0
MGG_01972T0	1414	1415	526.205	21.7784
MGG_15626T0	204	205	4	1.1427
MGG_12655T0	276	277	57	12.051
MGG_04030T0	2815	2816	6083	126.506
MGG_18079T0	518	519	10	1.12839
MGG_15546T0	234	235	0	0
MGG_11545T0	1710	1711	116	3.9704
MGG_02562T0	1412	1413	43	1.78219
MGG_12973T0	2273	2274	9652	248.573
MGG_08424T0	696	697	9.63665	0.809693
MGG_10222T0	255	256	0	0
MGG_12020T0	1602	1603	380	13.8828
MGG_07263T0	1794	1795	124	4.04561
MGG_07668T0	834	835	0	0
MGG_15319T0	255	256	58	13.2683
MGG_11229T0	2190	2191	1322	35.3359
MGG_14157T0	1918	1919	544	16.6016
MGG_17279T0	255	256	23	5.26156
MGG_01293T0	932	933	214	13.4326
MGG_15972T0	342	343	0	0
MGG_03897T0	2818	2819	195	4.05104
MGG_13977T0	2892	2893	49	0.991915
MGG_05404T0	1299	1300	0	0
MGG_10914T0	309	310	0	0
MGG_12923T0	4096	4097	2547	36.4074
MGG_02376T0	3982	3983	6266	92.1312
MGG_16266T0	1127	1128	95	4.93221
MGG_15656T0	649	650	160	14.4156
MGG_03369T0	1108	1109	147.024	7.76399
MGG_17692T0	761	762	0	0
MGG_11308T0	1706	1707	142	4.87171
MGG_04778T0	1467	1468	130	5.18614
MGG_15845T0	322	323	4	0.725244
MGG_02448T0	1239	1240	726	34.288
MGG_10615T0	993	994	0	0
MGG_05126T0	1376	1377	34	1.44601
MGG_07837T0	1833	1834	0	0
MGG_04524T0	2787	2788	282.673	5.93771
MGG_03821T0	1656	1657	1.00011	0.0353469
MGG_03499T0	729	730	5941	476.61
MGG_06414T0	2034	2035	422	12.1444
MGG_05071T0	2881	2882	903.504	18.3596
MGG_01638T0	4081	4082	5122	73.4841
MGG_17877T0	5118	5119	2397	27.4227
MGG_08436T0	3271	3272	46	0.823325
MGG_00366T0	1398	1399	462	19.3398
MGG_15075T0	1243	1244	634	29.8466
MGG_04023T0	1091	1092	933	50.0364
MGG_06049T0	1268	1269	887	40.9344
MGG_16420T0	393	394	20	2.97276
MGG_16004T0	420	421	0	0
MGG_00890T0	3104	3105	756	14.2589
MGG_01277T0	1462	1463	461	18.4537
MGG_15928T0	1362	1363	156	6.70279
MGG_05907T0	498	499	21208	2489.01
MGG_16229T0	162	163	67	24.0721
MGG_07494T0	2631	2632	529	11.7705
MGG_01707T0	1235	1236	1119.36	53.0368
MGG_08095T0	2413	2414	795.257	19.2929
MGG_01049T0	1889	1890	1150	35.6338
MGG_10542T0	429	430	0	0
MGG_17135T0	1358	1359	661	28.4845
MGG_02073T0	483	484	0	0
MGG_06726T0	2103	2104	11340	315.641
MGG_09795T0	636	637	616	56.6328
MGG_17850T0	270	271	15	3.24152
MGG_15907T0	552	553	3	0.317704
MGG_06205T0	3879	3880	841	12.6938
MGG_09250T0	1932	1933	724	21.9348
MGG_16803T0	177	178	42	13.8183
MGG_15790T0	1491	1492	0	0
MGG_17351T0	165	166	2	0.705584
MGG_06359T0	953	954	524	32.1669
MGG_08896T0	1569	1570	3368	125.632
MGG_10777T0	318	319	4	0.734338
MGG_05623T0	1704	1705	428	14.701
MGG_07587T0	996	997	0	0
MGG_15144T0	606	607	35	3.37681
MGG_12222T0	1652	1653	156	5.52686
MGG_13772T0	2157	2158	311.749	8.46018
MGG_02483T0	1997	1998	430.358	12.6142
MGG_12919T0	1460	1461	668	26.7764
MGG_17098T0	4070	4071	347	4.99178
MGG_05146T0	1296	1297	587	26.5048
MGG_07166T0	1099	1100	172	9.15719
MGG_15757T0	1267	1268	8.47077	0.391229
MGG_14290T0	264	265	7	1.54696
MGG_03255T0	4166	4167	2205	30.9893
MGG_16536T0	210	211	0	0
MGG_09079T0	1124	1125	1816	94.5344
MGG_07614T0	2806	2807	1627	33.9447
MGG_06143T0	5045	5046	2849	33.0653
MGG_00832T0	3522	3523	775	12.883
MGG_03135T0	844	845	9038	626.386
MGG_12037T0	2770	2771	122	2.5784
MGG_03663T0	1004	1005	8143	474.51
MGG_18100T0	369	370	0	0
MGG_11450T0	1332	1333	994	43.67
MGG_04546T0	312	313	0	0
MGG_11676T0	2166	2167	190	5.13477
MGG_07831T0	1029	1030	762	43.3256
MGG_06047T0	2257	2258	2333	60.5086
MGG_05933T0	4015	4016	1767	25.7673
MGG_04059T0	2009	2010	1012.7	29.5061
MGG_17872T0	1701	1702	15	0.516129
MGG_17591T0	174	175	0	0
MGG_16632T0	822	823	0	0
MGG_16036T0	334	335	17	2.97188
MGG_06764T0	2350	2351	1855.82	46.2285
MGG_14134T0	2011	2012	30	0.873212
MGG_04841T0	1539	1540	64	2.43381
MGG_07925T0	2446	2447	2105	50.3784
MGG_02732T0	2525	2526	803.238	18.6225
MGG_08328T0	1654	1655	225	7.9618
MGG_15430T0	1296	1297	0	0
MGG_05663T0	2452	2453	10513	250.99
MGG_17425T0	362	363	36	5.80795
MGG_06344T0	1416	1417	562	23.227
MGG_01992T0	453	454	0	0
MGG_05855T0	2366	2367	230	5.69058
MGG_16847T0	1726	1727	23.4774	0.796129
MGG_04749T0	1221	1222	1645	78.8354
MGG_05489T0	2373	2374	0	0
MGG_17068T0	303	304	6	1.15586
MGG_13527T0	2954	2955	428	8.48229
MGG_01548T0	3642	3643	1094.91	17.6014
MGG_06369T0	2155	2156	1218	33.0845
MGG_10316T0	1689	1690	1	0.0346529
MGG_03727T0	1048	1049	8702.85	485.862
MGG_06180T0	1873	1874	1808	56.5009
MGG_01396T0	3334	3335	115	2.01943
MGG_05905T0	2762	2763	725	15.3668
MGG_07355T0	1032	1033	92.178	5.22581
MGG_16615T0	673	674	456.945	39.7036
MGG_04421T0	6669	6670	1486	13.0473
MGG_16109T0	267	268	21	4.58893
MGG_07161T0	2532	2533	2410	55.7197
MGG_16607T0	852	853	9149	628.132
MGG_05712T0	2580	2581	697	15.8151
MGG_04437T0	2988	2989	445	8.71888
MGG_03631T0	2109	2110	610	16.9307
MGG_03282T0	1806	1807	198.579	6.43577
MGG_09542T0	924	925	757	47.9271
MGG_09958T0	753	754	3	0.233011
MGG_07492T0	879	880	14273	949.859
MGG_05090T0	2766	2767	127	2.68795
MGG_01390T0	2045	2046	577	16.5157
MGG_06331T0	2292	2293	2803	71.5889
MGG_13226T0	1283	1284	833	37.9933
MGG_13716T0	237	238	186	45.7681
MGG_05538T0	489	490	23	2.7489
MGG_14217T0	1671	1672	13	0.455338
MGG_15314T0	332	333	0	0
MGG_01648T0	1983	1984	486.349	14.356
MGG_08861T0	1339	1340	616	26.9217
MGG_06611T0	726	727	17	1.36943
MGG_01814T0	2294	2295	951	24.2675
MGG_05187T0	336	337	347	60.3012
MGG_09089T0	909	910	35	2.25244
MGG_11378T0	690	691	127	10.7635
MGG_14610T0	1260	1261	0	0
MGG_16121T0	349	350	7	1.17127
MGG_14670T0	497	498	56	6.58545
MGG_09247T0	3077	3078	460	8.75217
MGG_09930T0	4102	4103	463	6.60855
MGG_10681T0	3125	3126	1036	19.4087
MGG_15910T0	411	412	2	0.284289
MGG_05080T0	1437	1438	732	29.8112
MGG_01805T0	3029	3030	1618.95	31.2909
MGG_03993T0	6906	6907	2782	23.5882
MGG_09750T0	1525	1526	1042	39.9889
MGG_10581T0	2061	2062	44959	1276.89
MGG_13009T0	678	679	1248	107.639
MGG_01874T0	1861	1862	119	3.74278
MGG_05293T0	2030	2031	14	0.403687
MGG_15555T0	258	259	1	0.226114
MGG_15182T0	1590	1591	0	0
MGG_09082T0	5179	5180	2531	28.6147
MGG_04885T0	2237	2238	1812	47.416
MGG_07633T0	837	838	3997.66	279.376
MGG_07758T0	201	202	17	4.92861
MGG_07762T0	474	475	783	96.5372
MGG_02206T0	816	817	0	0
MGG_00993T0	2154	2155	1368	37.1762
MGG_06259T0	3077	3078	15954	303.548
MGG_03392T0	1527	1528	662	25.3724
MGG_15919T0	873	874	8.35031	0.559522
MGG_18051T0	258	259	32	7.23564
MGG_15658T0	210	211	27	7.4939
MGG_00277T0	1353	1354	1499	64.835
MGG_15997T0	1429	1430	0	0
MGG_11697T0	1771	1772	0	0
MGG_08107T0	1463	1464	927	37.0822
MGG_17733T0	1455	1456	279.649	11.2481
MGG_12722T0	2184	2185	63	1.68856
MGG_02164T0	579	580	0	0
MGG_01484T0	1251	1252	1309	61.2297
MGG_07779T0	2171	2172	1244	33.5419
MGG_17015T0	207	208	0	0
MGG_02606T0	1292	1293	5636	255.27
MGG_17295T0	165	166	0	0
MGG_15639T0	276	277	57	12.051
MGG_15776T0	401	402	98.9693	14.4179
MGG_10337T0	1431	1432	21	0.858822
MGG_10812T0	1845	1846	4.36182	0.138377
MGG_16735T0	453	454	4	0.515978
MGG_10253T0	816	817	1527	109.457
MGG_03009T0	1158	1159	1789	90.3969
MGG_06935T0	1624	1625	2409	86.8181
MGG_07474T0	1086	1087	177	9.53609
MGG_08643T0	5382	5383	1308	14.2302
MGG_04587T0	3957	3958	803	11.8814
MGG_02442T0	4306	4307	2755.96	37.4736
MGG_05428T0	1818	1819	579	18.6411
MGG_17744T0	468	469	42	5.24449
MGG_01595T0	2309	2310	2106.39	53.4014
MGG_17551T0	486	487	0	0
MGG_16248T0	1164	1165	7117.95	357.813
MGG_04881T0	1767	1768	1400	46.3738
MGG_03581T0	2630	2631	621.277	13.829
MGG_17930T0	848	849	7	0.482855
MGG_15033T0	588	589	6	0.596572
MGG_10360T0	1200	1201	802	39.1073
MGG_01849T0	4355	4356	1426	19.1716
MGG_14599T0	378	379	0	0
MGG_03212T0	1243	1244	375	17.6538
MGG_07525T0	2352	2353	1212	30.1653
MGG_01556T0	902	903	2275.55	147.579
MGG_15732T0	2551	2552	1207	27.6983
MGG_16482T0	695	696	131	11.0227
MGG_17672T0	318	319	55	10.0971
MGG_06988T0	810	811	7	0.50548
MGG_14752T0	3655	3656	1869	29.9385
MGG_14011T0	3491	3492	1004	16.8378
MGG_06289T0	1191	1192	2752	135.207
MGG_15801T0	381	382	0	0
MGG_05239T0	4335	4336	539.4	7.28531
MGG_03645T0	2266	2267	1596	41.2295
MGG_07206T0	2048	2049	2.00606	0.057336
MGG_03242T0	5025	5026	2328	27.1261
MGG_02566T0	1854	1855	649	20.4893
MGG_06584T0	1128	1129	216	11.2043
MGG_06640T0	3999	4000	898.192	13.1503
MGG_09961T0	3551	3552	1515	24.9785
MGG_16648T0	1428	1429	441	18.0731
MGG_13619T0	1453	1454	121	4.87357
MGG_10504T0	3120	3121	4148	77.8344
MGG_06014T0	1623	1624	354	12.7657
MGG_17213T0	561	562	0.333333	0.0347351
MGG_16638T0	417	418	50	7.0052
MGG_06600T0	2178	2179	4377.49	117.651
MGG_06405T0	1555	1556	729	27.4375
MGG_03901T0	2212	2213	652.38	17.2642
MGG_06092T0	1959	1960	7396	220.987
MGG_04394T0	1152	1153	43	2.18407
MGG_00259T0	444	445	1022	134.499
MGG_17516T0	402	403	2	0.290637
MGG_11030T0	633	634	11	1.01609
MGG_07097T0	2287	2288	2484.43	63.5914
MGG_07964T0	969	970	789	47.6356
MGG_02823T0	8768	8769	2844.84	18.9991
MGG_16491T0	537	538	0	0
MGG_03285T0	2631	2632	995.537	22.1513
MGG_16091T0	276	277	0	0
MGG_08116T0	708	709	487.995	40.3085
MGG_01872T0	1388	1389	836	35.2477
MGG_10751T0	2316	2317	64	1.61764
MGG_17054T0	3685	3686	3327	52.8596
MGG_17715T0	339	340	2	0.344491
MGG_07891T0	1750	1751	3	0.100337
MGG_09721T0	2469	2470	97	2.29986
MGG_17053T0	1346	1347	224	9.73884
MGG_06628T0	3132	3133	1304	24.375
MGG_10694T0	2822	2823	441	9.14859
MGG_11893T0	1596	1597	27	0.990115
MGG_01335T0	1119	1120	1182	61.8054
MGG_06403T0	2482	2483	1673	39.459
MGG_04031T0	3018	3019	413	8.0115
MGG_06169T0	1675	1676	475.599	16.6186
MGG_02222T0	813	814	8	0.575562
MGG_05554T0	1401	1402	2	0.0835427
MGG_05739T0	3444	3445	816.468	13.8796
MGG_10498T0	1428	1429	120	4.91785
MGG_16417T0	2087	2088	1899.41	53.2739
MGG_01069T0	1055	1056	422.479	23.4297
MGG_00538T0	2161	2162	2109	57.1278
MGG_00331T0	1360	1361	2796	120.311
MGG_02601T0	1772	1773	21	0.693645
MGG_01567T0	726	727	129	10.3916
MGG_01334T0	405	406	449	64.766
MGG_00352T0	2173	2174	1828	49.2429
MGG_07192T0	3288	3289	2584	46.0103
MGG_17077T0	342	343	1	0.170739
MGG_16796T0	345	346	102	17.2644
MGG_03670T0	2163	2164	43295	1171.67
MGG_06886T0	2796	2797	36	0.753766
MGG_12138T0	2047	2048	1585.3	45.3323
MGG_03324T0	1122	1123	916	47.7686
MGG_00304T0	2430	2431	128	3.08355
MGG_06301T0	2917	2918	3527	70.7859
MGG_15436T0	1629	1630	31	1.11378
MGG_13324T0	4790	4791	743	9.08216
MGG_00145T0	3297	3298	770.862	13.6884
MGG_10105T0	999	1000	0	0
MGG_03248T0	3659	3660	1069	17.105
MGG_02737T0	2316	2317	770	19.4622
MGG_01349T0	1672	1673	703	24.6085
MGG_17500T0	306	307	0	0
MGG_16404T0	525	526	0	0
MGG_05682T0	1820	1821	2305.77	74.1536
MGG_17747T0	1814	1815	0.646727	0.0208675
MGG_06209T0	1237	1238	3284.15	155.357
MGG_09176T0	642	643	2	0.182157
MGG_16842T0	609	610	1	0.0960057
MGG_11919T0	2794	2795	1363	28.5588
MGG_11681T0	573	574	18	1.83648
MGG_02940T0	2313	2314	1551	39.2532
MGG_06487T0	1594	1595	1425	52.3216
MGG_06647T0	1236	1237	81	3.83479
MGG_01426T0	2832	2833	1258	26.0052
MGG_07661T0	4663	4664	2711.75	34.05
MGG_04159T0	2735	2736	2199.84	47.0871
MGG_12818T0	1090	1091	3270	175.529
MGG_01289T0	1961	1962	447	13.3424
MGG_15438T0	1449	1450	227	9.16821
MGG_05331T0	2201	2202	1034.32	27.5083
MGG_17906T0	183	184	0	0
MGG_15077T0	588	589	221	21.9737
MGG_09545T0	2471	2472	654	15.4937
MGG_10526T0	5451	5452	1020	10.9565
MGG_03720T0	1559	1560	586	21.9988
MGG_10468T0	1494	1495	62	2.42872
MGG_17799T0	336	337	0	0
MGG_14215T0	2640	2641	0	0
MGG_17011T0	267	268	19	4.15189
MGG_14691T0	1256	1257	5	0.232949
MGG_03836T0	2032	2033	3982	114.707
MGG_09805T0	1509	1510	0	0
MGG_06316T0	1730	1731	5520	186.753
MGG_08746T0	3340	3341	1035	18.1422
MGG_15519T0	273	274	0	0
MGG_15834T0	1070	1071	0	0
MGG_05779T0	198	199	0	0
MGG_09988T0	1683	1684	212	7.3726
MGG_01538T0	5037	5038	1558	18.1107
MGG_17698T0	4789	4790	936	11.4437
MGG_14768T0	4204	4205	688	9.58184
MGG_01171T0	3307	3308	568	10.0556
MGG_13132T0	471	472	60	7.44451
MGG_03245T0	1835	1836	6118	195.148
MGG_08862T0	1251	1252	500.889	23.4295
MGG_16447T0	340	341	2	0.343481
MGG_02891T0	2021	2022	1353	39.1871
MGG_05120T0	1452	1453	93	3.74838
MGG_05637T0	2804	2805	3595	75.0573
MGG_17256T0	411	412	3	0.426433
MGG_08572T0	1545	1546	7858.43	297.682
MGG_02604T0	1583	1584	231.329	8.55266
MGG_03367T0	4188	4189	233.39	3.26286
MGG_16448T0	204	205	8.06225	2.30319
MGG_14834T0	516	517	0	0
MGG_05009T0	3994	3995	731	10.7159
MGG_04979T0	2057	2058	1178	33.5217
MGG_12791T0	3001	3002	2625	51.2089
MGG_09177T0	1979	1980	24	0.70986
MGG_09440T0	1518	1519	7	0.269878
MGG_06999T0	1779	1780	460	15.1344
MGG_11156T0	519	520	128	14.4156
MGG_13875T0	1431	1432	92.8608	3.79766
MGG_09491T0	1018	1019	7	0.4023
MGG_02379T0	726	727	10	0.805549
MGG_17347T0	879	880	2634	175.291
MGG_05256T0	2940	2941	1445	28.7739
MGG_17471T0	4295	4296	1139	15.5269
MGG_00946T0	1960	1961	1196	35.7174
MGG_15951T0	1871	1872	1302	40.7316
MGG_06753T0	1045	1046	74	4.14311
MGG_03833T0	1210	1211	11	0.531955
MGG_02842T0	2356	2357	1188.7	29.535
MGG_17149T0	703	704	0	0
MGG_01044T0	2471	2472	887	21.0137
MGG_09100T0	645	646	1017	92.1966
MGG_06185T0	527	528	9072.53	1006.29
MGG_01781T0	4410	4411	7681	101.978
MGG_15018T0	3121	3122	1164	21.8347
MGG_08360T0	699	700	25	2.09155
MGG_09681T0	1008	1009	131	7.60338
MGG_03530T0	3376	3377	3358	58.234
MGG_07558T0	878	879	0	0
MGG_17233T0	255	256	0	0
MGG_09488T0	1934	1935	884	26.7546
MGG_01594T0	2315	2316	1169.61	29.5754
MGG_09478T0	561	562	20	2.08411
MGG_04726T0	3821	3822	22969	351.948
MGG_03165T0	2390	2391	3652	89.4495
MGG_16766T0	722	723	42	3.40203
MGG_05748T0	1232	1233	535	25.4107
MGG_07836T0	456	457	0	0
MGG_07914T0	943	944	2998	185.989
MGG_09098T0	3153	3154	12	0.222816
MGG_16098T0	396	397	0	0
MGG_04024T0	4253	4254	607	8.35637
MGG_04511T0	1503	1504	6331	246.519
MGG_07971T0	4396	4397	2198	29.2751
MGG_11487T0	1198	1199	142	6.93579
MGG_00791T0	1077	1078	193	10.4849
MGG_12304T0	2598	2599	691.662	15.5853
MGG_17771T0	1359	1360	104	4.47838
MGG_03729T0	2395	2396	344	8.40811
MGG_09438T0	372	373	62	9.73441
MGG_11658T0	1377	1378	3622	153.931
MGG_02955T0	1179	1180	1081	53.6501
MGG_02740T0	1699	1700	285	9.81799
MGG_04019T0	4625	4626	4678.84	59.2324
MGG_09469T0	1585	1586	113	4.17255
MGG_16878T0	402	403	99	14.3866
MGG_00428T0	9097	9098	389.113	2.5047
MGG_02017T0	1125	1126	0	0
MGG_16781T0	258	259	0	0
MGG_00152T0	4431	4432	1653	21.8424
MGG_17958T0	1196	1197	401	19.619
MGG_17557T0	1609	1610	361	13.1313
MGG_07017T0	507	508	17	1.9598
MGG_14853T0	1118	1119	1770.66	92.6686
MGG_16647T0	385	386	10	1.51719
MGG_08477T0	900	901	0	0
MGG_17992T0	324	325	0	0
MGG_11431T0	1077	1078	792	43.0262
MGG_15615T0	420	421	0	0
MGG_07311T0	1404	1405	279	11.6293
MGG_04398T0	1646	1647	218.957	7.78559
MGG_04517T0	3415	3416	1496.58	25.6572
MGG_15184T0	1602	1603	134	4.89551
MGG_08938T0	1565	1566	110	4.11365
MGG_14248T0	444	445	0	0
MGG_04186T0	5122	5123	4594.54	52.5224
MGG_03478T0	763	764	1212.57	92.9481
MGG_01427T0	2501	2502	465	10.8841
MGG_14873T0	3093	3094	167	3.16099
MGG_02936T0	564	565	27	2.79861
MGG_02072T0	3396	3397	15343	264.51
MGG_15867T0	3955	3956	1338	19.8074
MGG_14587T0	2972	2973	1302	25.6474
MGG_06484T0	1701	1702	3109	106.976
MGG_16415T0	297	298	0	0
MGG_12478T0	2034	2035	10	0.287781
MGG_02904T0	3606	3607	295.201	4.7929
MGG_00776T0	1803	1804	1943	63.0758
MGG_07221T0	1213	1214	236	11.3847
MGG_11916T0	1931	1932	59178	1793.82
MGG_04532T0	1485	1486	0	0
MGG_18062T0	411	412	0	0
MGG_02217T0	1407	1408	0	0
MGG_17527T0	225	226	0	0
MGG_16550T0	660	661	612.792	54.2923
MGG_15798T0	297	298	10	1.96522
MGG_06791T0	1815	1816	22	0.709469
MGG_10202T0	1954	1955	586	17.5541
MGG_03365T0	504	505	41	4.75466
MGG_06243T0	4067	4068	5921	85.2395
MGG_04828T0	2812	2813	2848.48	59.302
MGG_16865T0	258	259	38	8.59232
MGG_00872T0	894	895	3656.89	239.285
MGG_00047T0	491	492	285	33.9239
MGG_11278T0	2546	2547	2171	49.918
MGG_07669T0	351	352	0	0
MGG_01702T0	3480	3481	2940.53	49.4707
MGG_08820T0	4280	4281	1580	21.6142
MGG_05225T0	3197	3198	355	6.50095
MGG_07550T0	1488	1489	222	8.73142
MGG_08804T0	2298	2299	1389	35.3826
MGG_04980T0	788	789	1529	113.49
MGG_05396T0	468	469	0	0
MGG_16894T0	1830	1831	52.0819	1.66581
MGG_17204T0	383	384	15	2.28763
MGG_10024T0	1294	1295	150	6.78341
MGG_16561T0	879	880	0	0
MGG_02332T0	810	811	9	0.649903
MGG_01393T0	3317	3318	250	4.41256
MGG_09519T0	1824	1825	1761	56.5097
MGG_17377T0	388	389	5	0.752744
MGG_06695T0	2113	2114	1829	50.6682
MGG_16215T0	192	193	0	0
MGG_03241T0	2776	2777	3007	63.4139
MGG_09224T0	2013	2014	46	1.3376
MGG_16664T0	369	370	0	0
MGG_06175T0	3107	3108	5087.68	95.8662
MGG_03548T0	5789	5790	506	5.11798
MGG_01529T0	402	403	710	103.176
MGG_14949T0	645	646	305	27.6499
MGG_06609T0	1581	1582	5870	217.299
MGG_16147T0	1140	1141	186	9.54671
MGG_13203T0	2795	2796	400.468	8.38798
MGG_09350T0	2102	2103	2844	79.1985
MGG_17504T0	1296	1297	974	43.979
MGG_17470T0	740	741	36	2.84519
MGG_02269T0	1625	1626	208	7.49151
MGG_18072T0	285	286	0	0
MGG_10723T0	207	208	646	181.885
MGG_08753T0	1249	1250	52	2.43624
MGG_12336T0	5524	5525	2747	29.1174
MGG_11410T0	2739	2740	2296	49.0736
MGG_03880T0	1741	1742	10448.5	351.262
MGG_12764T0	893	894	1292	84.6353
MGG_07214T0	1380	1381	6526	276.745
MGG_06519T0	2776	2777	1645	34.691
MGG_15623T0	252	253	0	0
MGG_01397T0	1563	1564	79	2.95813
MGG_05010T0	1745	1746	33	1.10687
MGG_04304T0	1151	1152	7	0.355854
MGG_05963T0	1488	1489	417.861	16.4348
MGG_17522T0	234	235	116	28.9079
MGG_04150T0	3204	3205	3085	56.3707
MGG_07296T0	2970	2971	756.992	14.9216
MGG_15823T0	426	427	0	0
MGG_05655T0	1074	1075	0	0
MGG_13766T0	963	964	104	6.31805
MGG_01374T0	835	836	3	0.210156
MGG_03926T0	3049	3050	4139	79.4735
MGG_00411T0	3000	3001	282	5.50313
MGG_06096T0	2683	2684	1468.33	32.0382
MGG_08614T0	1825	1826	382	12.2515
MGG_08279T0	2585	2586	315	7.1336
MGG_02532T0	1275	1276	15	0.688442
MGG_14758T0	570	571	482	49.4353
MGG_12081T0	285	286	1024	209.682
MGG_13326T0	2781	2782	2766	58.2266
MGG_03161T0	3281	3282	581.542	10.3769
MGG_00311T0	1290	1291	3515.01	159.451
MGG_07523T0	4947	4948	1963	23.2336
MGG_06241T0	1452	1453	3257	131.274
MGG_08582T0	3749	3750	3706	57.8763
MGG_01751T0	4219	4220	1634	22.676
MGG_12527T0	1878	1879	185	5.76596
MGG_04456T0	3775	3776	210	3.25697
MGG_10735T0	2301	2302	418	10.634
MGG_05675T0	3977	3978	3631	53.455
MGG_06001T0	2336	2337	1359	34.0555
MGG_07386T0	2957	2958	2046	40.5074
MGG_14677T0	1785	1786	1042	34.1675
MGG_10185T0	921	922	6405.69	406.876
MGG_17884T0	1065	1066	1823	100.151
MGG_11206T0	560	561	1106	115.457
MGG_07215T0	3273	3274	534	9.55189
MGG_15858T0	168	169	2	0.693059
MGG_04613T0	1239	1240	323.261	15.2672
MGG_11279T0	2543	2544	1931	44.4521
MGG_15310T0	927	928	0	0
MGG_17526T0	174	175	0	0
MGG_00811T0	2127	2128	385.927	10.6209
MGG_07642T0	1299	1300	4	0.180195
MGG_04050T0	1754	1755	880.82	29.3925
MGG_03637T0	5516	5517	882	9.36251
MGG_10505T0	955	956	1	0.0612588
MGG_00096T0	1773	1774	953.76	31.4856
MGG_09512T0	1555	1556	11250.8	423.448
MGG_03184T0	1860	1861	730.031	22.9732
MGG_07791T0	666	667	1744	153.125
MGG_08199T0	4526	4527	2634	34.0747
MGG_13797T0	327	328	112	19.9973
MGG_09147T0	1047	1048	6	0.335287
MGG_09533T0	1746	1747	6569.74	220.233
MGG_03349T0	1849	1850	55	1.74108
MGG_07910T0	2085	2086	1518	42.6171
MGG_00793T0	345	346	0	0
MGG_02374T0	2223	2224	291	7.66275
MGG_06120T0	8711	8712	419.715	2.82139
MGG_00860T0	815	816	1139	81.7448
MGG_11193T0	1690	1691	727	25.1778
MGG_16070T0	1035	1036	3	0.169585
MGG_13927T0	1650	1651	0	0
MGG_16717T0	398	399	2	0.293551
MGG_09329T0	996	997	432	25.3755
MGG_08069T0	1390	1391	788.562	33.1998
MGG_17807T0	552	553	12	1.27082
MGG_05031T0	2545	2546	261	6.00356
MGG_09103T0	2031	2032	1	0.0288206
MGG_13604T0	454	455	6	0.772265
MGG_05297T0	753	754	296	22.9904
MGG_07938T0	975	976	84	5.0403
MGG_04045T0	3081	3082	2172	41.2718
MGG_00535T0	3644	3645	356	5.71978
MGG_04821T0	2412	2413	6442	156.347
MGG_06621T0	705	706	1	0.0829511
MGG_16364T0	537	538	458	49.8551
MGG_13186T0	2602	2603	2021	45.4694
MGG_02556T0	420	421	0	0
MGG_04496T0	985	986	305	18.1155
MGG_03110T0	1600	1601	2936	107.397
MGG_04308T0	162	163	0	0
MGG_15208T0	249	250	0	0
MGG_01014T0	3982	3983	1323	19.4525
MGG_15288T0	2424	2425	1288	31.105
MGG_07444T0	2465	2466	125.665	2.98434
MGG_00053T0	2438	2439	584	14.0226
MGG_06373T0	1947	1948	492	14.7912
MGG_00809T0	3847	3848	473.163	7.20115
MGG_00241T0	6459	6460	0	0
MGG_03385T0	1107	1108	2	0.10571
MGG_04759T0	2847	2848	870	17.8898
MGG_02658T0	2289	2290	2946	75.3397
MGG_01169T0	2137	2138	1812	49.6338
MGG_14329T0	4196	4197	673.957	9.40415
MGG_17076T0	399	400	3	0.439226
MGG_02113T0	600	601	830	80.878
MGG_16124T0	742	743	13	1.02466
MGG_12421T0	2496	2497	263	6.16828
MGG_08757T0	3609	3610	4900	79.4906
MGG_00611T0	1439	1440	609	24.7675
MGG_05687T0	4771	4772	889.623	10.9177
MGG_03608T0	1803	1804	561.671	18.2336
MGG_12026T0	315	316	1	0.185327
MGG_16133T0	1769	1770	1941	64.2213
MGG_03671T0	1048	1049	1211	67.6076
MGG_08653T0	2004	2005	190	5.54965
MGG_01621T0	1054	1055	1847	102.528
MGG_17707T0	5061	5062	2639.7	30.5393
MGG_00725T0	2252	2253	11956	310.779
MGG_16866T0	1320	1321	4339	192.359
MGG_08405T0	1397	1398	23	0.96349
MGG_06761T0	2877	2878	719	14.6307
MGG_09636T0	1407	1408	0	0
MGG_09127T0	555	556	127	13.3769
MGG_03716T0	3823	3824	2906.52	44.5124
MGG_17635T0	546	547	0	0
MGG_15597T0	204	205	1	0.285675
MGG_00226T0	2682	2683	156	3.40511
MGG_02202T0	639	640	0	0
MGG_05622T0	2292	2293	2768	70.695
MGG_00891T0	2518	2519	448	10.4154
MGG_15821T0	168	169	14	4.85141
MGG_01121T0	1184	1185	2289	113.124
MGG_06570T0	3231	3232	1181	21.3996
MGG_02257T0	954	955	923	56.6011
MGG_16976T0	315	316	8	1.48262
MGG_08345T0	4176	4177	3201	44.8795
MGG_12584T0	1359	1360	337	14.5117
MGG_06945T0	3682	3683	352	5.59716
MGG_15046T0	504	505	0	0
MGG_13670T0	366	367	37	5.90422
MGG_15793T0	459	460	0	0
MGG_00645T0	2411	2412	808.314	19.6259
MGG_02712T0	2083	2084	898	25.2351
MGG_04041T0	841	842	352	24.4826
MGG_15881T0	174	175	6	2.00789
MGG_00291T0	5598	5599	232	2.42663
MGG_03521T0	2784	2785	13197	277.509
MGG_01691T0	3550	3551	1273	20.9944
MGG_15229T0	1623	1624	682.489	24.6114
MGG_08179T0	2156	2157	1	0.0271504
MGG_15839T0	293	294	0	0
MGG_17892T0	708	709	42	3.4692
MGG_10514T0	1963	1964	1764	52.5998
MGG_10680T0	1156	1157	8039.77	406.946
MGG_06125T0	1469	1470	2136	85.0963
MGG_14053T0	282	283	1	0.206938
MGG_17066T0	763	764	31	2.37627
MGG_04672T0	1932	1933	37286	1129.64
MGG_01245T0	2049	2050	2363	67.5051
MGG_02970T0	2250	2251	1564	40.69
MGG_09945T0	2292	2293	18	0.459722
MGG_04986T0	1392	1393	5385	226.392
MGG_03435T0	3232	3233	2853.66	51.692
MGG_00970T0	1414	1415	1315	54.4247
MGG_17518T0	314	315	9	1.67324
MGG_02875T0	6195	6196	2386	22.552
MGG_17382T0	309	310	3	0.566743
MGG_07615T0	729	730	26	2.08582
MGG_01964T0	474	475	13	1.60279
MGG_06729T0	2656	2657	1133.29	24.979
MGG_03830T0	1506	1507	0	0
MGG_03535T0	3030	3031	3299.22	63.7458
MGG_02884T0	1784	1785	36547	1199.06
MGG_02715T0	1401	1402	1165	48.6636
MGG_02649T0	3140	3141	112	2.08822
MGG_15758T0	198	199	22	6.47435
MGG_15572T0	183	184	4	1.27312
MGG_10011T0	6924	6925	0	0
MGG_15564T0	782	783	39	2.91695
MGG_16259T0	2097	2098	3970	110.818
MGG_02101T0	1229	1230	561	26.7106
MGG_00160T0	2406	2407	3	0.0729914
MGG_05161T0	2153	2154	1055	28.6836
MGG_00340T0	828	829	55	3.88539
MGG_14861T0	747	748	86	6.73323
MGG_02733T0	1728	1729	1009.76	34.2019
MGG_15270T0	441	442	0	0
MGG_03701T0	2455	2456	1816	43.3026
MGG_02829T0	2870	2871	39971	815.339
MGG_08074T0	2212	2213	80	2.11707
MGG_16012T0	686	687	242	20.6293
MGG_03829T0	1100	1101	9	0.47872
MGG_06543T0	987	988	45	2.66736
MGG_09190T0	4506	4507	4893	63.5791
MGG_15429T0	2799	2800	1452	30.3693
MGG_14725T0	402	403	0	0
MGG_01590T0	2607	2608	1460.49	32.7957
MGG_09526T0	1337	1338	696	30.4635
MGG_14194T0	516	517	1	0.113276
MGG_12897T0	882	883	1008	66.8539
MGG_08093T0	4190	4191	6216	86.86
MGG_09716T0	1945	1946	3232	97.2647
MGG_10328T0	1533	1534	537	20.501
MGG_17409T0	162	163	0	0
MGG_06071T0	993	994	1428	84.1334
MGG_07223T0	1017	1018	1563	89.9162
MGG_12091T0	1161	1162	67	3.37672
MGG_15886T0	1488	1489	1052	41.3759
MGG_04654T0	1332	1333	921	40.4628
MGG_06835T0	669	670	2	0.174816
MGG_14775T0	4024	4025	2615	38.0481
MGG_00977T0	1384	1385	902	38.1402
MGG_01700T0	1875	1876	261	8.14769
MGG_06040T0	1647	1648	277.303	9.85424
MGG_02851T0	1863	1864	18590	584.064
MGG_02081T0	1904	1905	14	0.430388
MGG_17785T0	424	425	0	0
MGG_16268T0	288	289	0	0
MGG_02722T0	1804	1805	907	29.4277
MGG_17879T0	303	304	38592	7434.48
MGG_07457T0	3239	3240	3144.11	56.8303
MGG_17628T0	588	589	0	0
MGG_15014T0	504	505	39	4.52272
MGG_04545T0	1929	1930	771	23.395
MGG_02121T0	1056	1057	0	0
MGG_05845T0	1869	1870	1544	48.354
MGG_10547T0	2776	2777	410	8.64639
MGG_11724T0	2225	2226	498	13.1018
MGG_11495T0	2147	2148	9	0.245378
MGG_03030T0	1859	1860	61	1.92063
MGG_11300T0	362	363	0	0
MGG_05505T0	1847	1848	523	16.574
MGG_17244T0	225	226	0	0
MGG_16058T0	339	340	1	0.172245
MGG_01816T0	5557	5558	3013	31.7473
MGG_08761T0	2697	2698	16275	353.269
MGG_04743T0	2442	2443	1032	24.739
MGG_11025T0	4185	4186	54	0.755477
MGG_05631T0	2550	2551	1679	38.5449
MGG_08915T0	2337	2338	89	2.22932
MGG_13647T0	1761	1762	3284	109.15
MGG_12926T0	2636	2637	2086	46.3266
MGG_04230T0	1575	1576	194	7.20895
MGG_07516T0	2352	2353	840.063	20.9082
MGG_11270T0	2362	2363	11954	296.262
MGG_10732T0	342	343	0	0
MGG_05597T0	1205	1206	443	21.5121
MGG_10006T0	885	886	255	16.8552
MGG_16192T0	936	937	66.0741	4.1297
MGG_15956T0	207	208	0	0
MGG_01720T0	2727	2728	2290	49.1607
MGG_06059T0	2194	2195	1493.78	39.8546
MGG_01143T0	1848	1849	1438	45.5458
MGG_05364T0	1125	1126	2016	104.852
MGG_17199T0	249	250	1	0.234254
MGG_05255T0	1888	1889	1120.58	34.7405
MGG_17461T0	153	154	0	0
MGG_15578T0	297	298	0	0
MGG_17697T0	6245	6246	3214	30.135
MGG_16174T0	177	178	0	0
MGG_12479T0	1605	1606	1	0.0364654
MGG_04136T0	880	881	2761	183.534
MGG_05262T0	9702	9703	1201	7.24876
MGG_17995T0	342	343	72	12.2932
MGG_03412T0	1636	1637	36	1.2879
MGG_08836T0	678	679	139	11.9887
MGG_04961T0	3040	3041	4264	82.1159
MGG_04179T0	2957	2958	683	13.5223
MGG_01431T0	1379	1380	48	2.03699
MGG_15495T0	950	951	316.078	19.4644
MGG_15011T0	2178	2179	5341	143.546
MGG_07768T0	5611	5612	7328	76.4706
MGG_16920T0	1205	1206	2675	129.898
MGG_14930T0	1428	1429	1282	52.5391
MGG_12758T0	2540	2541	891	20.5352
MGG_05123T0	1620	1621	192	6.93657
MGG_14615T0	879	880	0	0
MGG_04771T0	2683	2684	742	16.19
MGG_01600T0	1749	1750	484	16.197
MGG_00648T0	1341	1342	346	15.0991
MGG_04140T0	2738	2739	1962.04	41.951
MGG_08552T0	815	816	221	15.8609
MGG_06463T0	2429	2430	114	2.74742
MGG_07119T0	1269	1270	549	25.316
MGG_09896T0	2660	2661	800	17.6064
MGG_07617T0	1431	1432	1312.22	53.6648
MGG_15129T0	624	625	37	3.46696
MGG_10221T0	1068	1069	0	0
MGG_09362T0	324	325	18	3.24351
MGG_07469T0	1137	1138	302	15.5414
MGG_17113T0	1032	1033	290	16.4409
MGG_12323T0	247	248	5	1.18071
MGG_16726T0	1492	1493	229	8.98261
MGG_01640T0	273	274	135	28.8543
MGG_03991T0	3961	3962	599	8.85399
MGG_16101T0	228	229	3	0.767207
MGG_04188T0	3673	3674	4934	78.6478
MGG_09562T0	2829	2830	12155	251.533
MGG_05228T0	1802	1803	222	7.21081
MGG_05752T0	342	343	1611	275.06
MGG_08745T0	2419	2420	815	19.7228
MGG_02525T0	1748	1749	8138	272.492
MGG_01301T0	1815	1816	141	4.54705
MGG_16474T0	574	575	461.167	46.9696
MGG_05887T0	744	745	0	0
MGG_07358T0	2697	2698	324	7.03282
MGG_01932T0	1311	1312	388	17.3191
MGG_03462T0	3402	3403	2090.98	35.9844
MGG_03051T0	3114	3115	1746	32.8256
MGG_09904T0	3317	3318	2606	45.9965
MGG_06854T0	2594	2595	4063.92	91.7139
MGG_01759T0	3158	3159	826	15.3129
MGG_14945T0	6627	6628	0	0
MGG_13625T0	1098	1099	2	0.106576
MGG_09607T0	1644	1645	25	0.890022
MGG_09413T0	3801	3802	1173.99	18.0834
MGG_10876T0	2850	2851	53	1.08869
MGG_04589T0	6485	6486	2609.32	23.5601
MGG_16859T0	315	316	35	6.48646
MGG_08163T0	171	172	2960	1007.84
MGG_16034T0	1357	1358	206	8.8837
MGG_15290T0	2393	2394	2456.67	60.0965
MGG_04147T0	489	490	2248	268.675
MGG_00039T0	2805	2806	449	9.37099
MGG_16957T0	216	217	0	0
MGG_18053T0	201	202	0	0
MGG_07920T0	1902	1903	5	0.153871
MGG_10847T0	2013	2014	1267	36.842
MGG_01990T0	1504	1505	8923	347.217
MGG_07915T0	1989	1990	1913.43	56.3102
MGG_15391T0	669	670	0	0
MGG_05190T0	4684	4685	3617	45.2132
MGG_06559T0	3097	3098	27039	511.135
MGG_16203T0	4266	4267	1021	14.013
MGG_00637T0	1761	1762	2	0.0664738
MGG_06770T0	1383	1384	558	23.6116
MGG_05278T0	2238	2239	1839.18	48.1058
MGG_04719T0	1417	1418	8256	340.973
MGG_05180T0	1161	1162	384	19.3532
MGG_05514T0	1435	1436	398	16.2314
MGG_15228T0	354	355	44	7.25857
MGG_00016T0	1461	1462	2	0.0801142
MGG_15609T0	783	784	70	5.22888
MGG_08833T0	1974	1975	1891	56.0726
MGG_01838T0	2083	2084	269	7.55929
MGG_15936T0	1381	1382	342	14.4925
MGG_13742T0	846	847	0	0
MGG_01481T0	1600	1601	618	22.606
MGG_14859T0	1911	1912	868	26.5863
MGG_11991T0	341	342	930	159.251
MGG_16178T0	213	214	0	0
MGG_01839T0	2057	2058	103	2.93102
MGG_01073T0	3260	3261	3038	54.5586
MGG_13119T0	3214	3215	377.718	6.88039
MGG_02573T0	2297	2298	1239	31.5753
MGG_00514T0	3003	3004	15153	295.41
MGG_07551T0	1774	1775	8	0.263948
MGG_04851T0	1179	1180	1	0.04963
MGG_10618T0	1104	1105	34	1.80195
MGG_15797T0	279	280	0	0
MGG_11490T0	3810	3811	1242	19.0858
MGG_15234T0	4854	4855	83	1.00119
MGG_03600T0	1908	1909	4866	149.277
MGG_02840T0	2370	2371	32927	813.293
MGG_06104T0	3388	3389	1470	25.4023
MGG_16322T0	294	295	0	0
MGG_01782T0	3079	3080	2377	45.1965
MGG_07854T0	788	789	2	0.14845
MGG_07029T0	607	608	189	18.2048
MGG_10144T0	837	838	0	0
MGG_16181T0	3741	3742	303	4.74204
MGG_16836T0	883	884	112	7.4198
MGG_13576T0	2760	2761	214	4.53914
MGG_03318T0	1175	1176	1089.22	54.2418
MGG_00813T0	1349	1350	309	13.4045
MGG_02058T0	1746	1747	22	0.73749
MGG_00666T0	998	999	4215	247.092
MGG_15101T0	390	391	0	0
MGG_03575T0	372	373	132	20.7249
MGG_03556T0	1068	1069	1758	96.3092
MGG_03073T0	1078	1079	2523	136.938
MGG_04419T0	1620	1621	207	7.47849
MGG_14729T0	1202	1203	1294	62.9934
MGG_02616T0	2418	2419	1847	44.7155
MGG_14264T0	2038	2039	822	23.6092
MGG_06354T0	1269	1270	794.915	36.6559
MGG_06776T0	7462	7463	3627	28.4617
MGG_04736T0	912	913	21	1.34702
MGG_03738T0	2980	2981	1825	35.8532
MGG_09650T0	426	427	7	0.960057
MGG_08971T0	787	788	0	0
MGG_17663T0	705	706	25.4019	2.10712
MGG_06314T0	4033	4034	521.396	7.56935
MGG_12691T0	432	433	55	7.43878
MGG_10358T0	2042	2043	1550	44.4314
MGG_04925T0	597	598	19.0735	1.86791
MGG_04915T0	1668	1669	153	5.36861
MGG_08885T0	1417	1418	831	34.3203
MGG_06365T0	1272	1273	310.23	14.2719
MGG_12560T0	1326	1327	25	1.10331
MGG_17359T0	453	454	1	0.128994
MGG_04668T0	1391	1392	241	10.1392
MGG_16043T0	648	649	210	18.9497
MGG_04229T0	1820	1821	527.339	16.9592
MGG_06041T0	3775	3776	81	1.25626
MGG_09959T0	1382	1383	413	17.4886
MGG_00221T0	1115	1116	9586.88	503.083
MGG_06186T0	2108	2109	2600	72.1977
MGG_16572T0	1057	1058	23.4361	1.29726
MGG_11179T0	198	199	2	0.588577
MGG_09914T0	2001	2002	2202	64.4139
MGG_10298T0	1974	1975	110	3.26176
MGG_15165T0	665	666	241	21.1919
MGG_15884T0	1013	1014	6	0.346529
MGG_15574T0	1126	1127	50	2.5982
MGG_07618T0	2169	2170	484	13.0621
MGG_18055T0	333	334	0	0
MGG_14352T0	564	565	946	98.0549
MGG_04548T0	2053	2054	1373	39.1468
MGG_12094T0	2577	2578	840	19.082
MGG_08600T0	1046	1047	2059	115.169
MGG_10273T0	1200	1201	47	2.29183
MGG_15421T0	1332	1333	452	19.858
MGG_05232T0	1131	1132	553	28.6092
MGG_18006T0	2286	2287	29	0.742606
MGG_17190T0	413	414	8	1.13166
MGG_07719T0	1247	1248	630	29.5633
MGG_15424T0	669	670	11	0.961489
MGG_02410T0	1622	1623	4730	170.675
MGG_16511T0	312	313	1630	304.979
MGG_16265T0	159	160	10	3.66022
MGG_06720T0	2015	2016	3655	106.175
MGG_17139T0	399	400	8	1.17127
MGG_08381T0	1164	1165	85	4.27287
MGG_16578T0	183	184	0	0
MGG_05658T0	1543	1544	847	32.1265
MGG_04541T0	5681	5682	283	2.91683
MGG_02614T0	819	820	19	1.35696
MGG_02157T0	1627	1628	152	5.46784
MGG_09772T0	1826	1827	415.668	13.324
MGG_06610T0	1674	1675	206	7.20243
MGG_02238T0	558	559	1300	136.194
MGG_10067T0	888	889	28	1.84452
MGG_10449T0	1918	1919	2	0.0610354
MGG_17696T0	3228	3229	184.612	3.34826
MGG_13915T0	2493	2494	2420	56.8258
MGG_07435T0	1552	1553	478.209	18.0332
MGG_17847T0	2279	2280	24.152	0.620362
MGG_10860T0	2077	2078	68	1.91642
MGG_03451T0	3666	3667	19601	313.036
MGG_07330T0	537	538	282	30.6968
MGG_16304T0	162	163	39	14.0121
MGG_03507T0	639	640	112	10.2486
MGG_18099T0	1294	1295	1198	54.1768
MGG_16220T0	2106	2107	799	22.208
MGG_01982T0	3678	3679	1288	20.5028
MGG_05129T0	7269	7270	1498	12.0671
MGG_01401T0	1308	1309	63	2.81856
MGG_07674T0	2246	2247	892	23.2482
MGG_14932T0	195	196	25	7.46983
MGG_16626T0	297	298	16	3.14435
MGG_13275T0	1401	1402	1338	55.8901
MGG_04509T0	1275	1276	8.83533	0.405507
MGG_01933T0	1443	1444	179	7.2596
MGG_04371T0	2357	2358	718	17.8323
MGG_08781T0	567	568	1364	140.635
MGG_14860T0	2153	2154	175	4.75794
MGG_06626T0	2007	2008	2052	59.8467
MGG_08895T0	1720	1721	7846	266.989
MGG_16518T0	381	382	4	0.61323
MGG_10656T0	1137	1138	484	24.9075
MGG_03550T0	1471	1472	785.924	31.268
MGG_12936T0	1134	1135	322	16.6145
MGG_14702T0	1251	1252	265	12.3956
MGG_06913T0	1974	1975	3234	95.8958
MGG_10941T0	3474	3475	345	5.81421
MGG_12633T0	2077	2078	380.332	10.7187
MGG_05678T0	3005	3006	945	18.4107
MGG_04442T0	2427	2428	695.262	16.7697
MGG_10196T0	4341	4342	1144	15.4299
MGG_16649T0	2943	2944	2323	46.2102
MGG_05679T0	441	442	2312	306.332
MGG_17947T0	234	235	143	35.6365
MGG_02913T0	4724	4725	2673	33.1302
MGG_02746T0	3025	3026	3262	63.1309
MGG_15914T0	744	745	7	0.550261
MGG_06553T0	1463	1464	216.45	8.6585
MGG_11252T0	2192	2193	918	24.5149
MGG_03713T0	1533	1534	88	3.35957
MGG_03228T0	3099	3100	903	17.059
MGG_06108T0	1136	1137	4322.54	222.641
MGG_17653T0	315	316	0	0
MGG_02207T0	384	385	0	0
MGG_17048T0	216	217	0	0
MGG_01475T0	1653	1654	3	0.106221
MGG_04888T0	2109	2110	292	8.10452
MGG_01170T0	534	535	3439	376.448
MGG_06077T0	1734	1735	2069	69.8373
MGG_06280T0	1684	1685	246.316	8.56091
MGG_15665T0	207	208	21	5.91266
MGG_04327T0	5720	5721	597	6.11124
MGG_06335T0	3529	3530	969	16.0759
MGG_01018T0	1743	1744	310	10.4098
MGG_16902T0	438	439	4	0.533608
MGG_01868T0	2730	2731	47	1.00787
MGG_04605T0	1982	1983	967	28.5582
MGG_14592T0	441	442	66	8.74477
MGG_09619T0	1053	1054	5	0.277815
MGG_17948T0	318	319	30	5.50753
MGG_03971T0	1401	1402	4036	168.589
MGG_03295T0	2563	2564	281	6.41822
MGG_02880T0	4456	4457	10788	141.751
MGG_01916T0	1698	1699	242	8.34159
MGG_00111T0	5114	5115	284	3.25162
MGG_17329T0	543	544	115	12.3801
MGG_00518T0	1360	1361	1360	58.5204
MGG_06372T0	3407	3408	4064	69.8362
MGG_01516T0	3209	3210	10581	193.04
MGG_10407T0	1158	1159	0	0
MGG_16915T0	4590	4591	527	6.72249
MGG_03850T0	7355	7356	398	3.1686
MGG_02458T0	1085	1086	903	48.695
MGG_14596T0	2304	2305	842	21.3928
MGG_01326T0	3274	3275	2816	50.3556
MGG_04481T0	1724	1725	157	5.33012
MGG_09010T0	2590	2591	7612	172.051
MGG_13236T0	210	211	1583	439.365
MGG_00850T0	5205	5206	895.449	10.0731
MGG_00283T0	848	849	60	4.13876
MGG_15340T0	1275	1276	43	1.97353
MGG_14042T0	4872	4873	87	1.04556
MGG_02424T0	1158	1159	163	8.23627
MGG_05633T0	1777	1778	136	4.47954
MGG_09255T0	6377	6378	3016	27.6932
MGG_06567T0	1895	1896	321	9.91501
MGG_15939T0	360	361	0	0
MGG_16817T0	246	247	2	0.474198
MGG_04864T0	1656	1657	1414	49.9751
MGG_16040T0	159	160	0	0
MGG_04474T0	2736	2737	553	11.8325
MGG_16149T0	1496	1497	34745	1359.24
MGG_08695T0	1611	1612	124	4.50488
MGG_04393T0	927	928	448	28.272
MGG_08111T0	1815	1816	471	15.1891
MGG_17393T0	636	637	77	7.0791
MGG_06535T0	1373	1374	2675	114.015
MGG_00838T0	693	694	159.577	13.466
MGG_10844T0	969	970	4034	243.551
MGG_17605T0	477	478	0	0
MGG_04918T0	1042	1043	568.949	31.9459
MGG_14784T0	2131	2132	77	2.1151
MGG_17608T0	345	346	8	1.35407
MGG_14956T0	2345	2346	74.7964	1.86715
MGG_11861T0	2362	2363	4121	102.133
MGG_07722T0	1656	1657	1479	52.2724
MGG_16739T0	1142	1143	22784	1167.37
MGG_01853T0	2643	2644	2.00045	0.044309
MGG_05857T0	2592	2593	1245	28.1186
MGG_04454T0	1161	1162	936.283	47.1876
MGG_07209T0	1224	1225	2218	106.036
MGG_02001T0	1834	1835	316	10.085
MGG_04733T0	2172	2173	5	0.134753
MGG_05991T0	4109	4110	3038	43.2885
MGG_08487T0	1687	1688	110.317	3.82735
MGG_12793T0	804	805	34	2.47349
MGG_01543T0	2006	2007	73	2.13011
MGG_16974T0	114	115	0	0
MGG_15073T0	879	880	323	21.4954
MGG_14632T0	506	507	119	13.7457
MGG_14953T0	1962	1963	76	2.26736
MGG_12111T0	4346	4347	3376	45.482
MGG_06721T0	961	962	9892	602.193
MGG_17144T0	258	259	8	1.80891
MGG_03205T0	2729	2730	421	9.03121
MGG_16539T0	807	808	27	1.95695
MGG_03417T0	1191	1192	44	2.16174
MGG_04161T0	1147	1148	74	3.775
MGG_00450T0	2798	2799	11255	235.488
MGG_02627T0	2719	2720	703	15.1361
MGG_15602T0	249	250	8	1.87403
MGG_13376T0	1564	1565	2722	101.859
MGG_00413T0	2613	2614	3793	84.9775
MGG_07151T0	4060	4061	1682	24.256
MGG_12116T0	1599	1600	775	28.3667
MGG_02446T0	1638	1639	3295	117.734
MGG_04324T0	3284	3285	992	17.6849
MGG_17659T0	795	796	0	0
MGG_15084T0	580	581	0	0
MGG_02878T0	3743	3744	2166	33.8805
MGG_07431T0	3599	3600	1845	30.0138
MGG_09197T0	2568	2569	113	2.57597
MGG_04819T0	3309	3310	908	16.0651
MGG_00677T0	1322	1323	193	8.54327
MGG_08486T0	1997	1998	11	0.322421
MGG_14927T0	342	343	4	0.682956
MGG_14899T0	1482	1483	47.7326	1.88495
MGG_13016T0	1488	1489	10	0.393307
MGG_06552T0	2199	2200	745.607	19.8479
MGG_06421T0	2572	2573	1368	31.1367
MGG_01055T0	1626	1627	804.824	28.9694
MGG_16890T0	324	325	2	0.36039
MGG_06469T0	4342	4343	2743	36.9882
MGG_01054T0	3653	3654	1026.18	16.4467
MGG_06165T0	1658	1659	253	8.93101
MGG_14955T0	732	733	26012	2078.24
MGG_06713T0	1978	1979	465	13.7605
MGG_12617T0	5119	5120	692	7.91522
MGG_10241T0	1941	1942	2	0.0603125
EFMOT00000000001	118	119	7	3.44491
EFMOT00000000002	72	73	0	0
EFMOT00000000003	72	73	0	0
EFMOT00000000005	104	105	0	0
EFMOT00000000009	83	84	0	0
EFMOT00000000010	72	73	0	0
EFMOT00000000011	72	73	0	0
EFMOT00000000012	105	106	0	0
EFMOT00000000013	72	73	0	0
EFMOT00000000014	72	73	0	0
EFMOT00000000015	72	73	0	0
EFMOT00000000016	102	103	0	0
EFMOT00000000017	88	89	0	0
EFMOT00000000018	72	73	0	0
EFMOT00000000019	96	97	0	0
EFMOT00000000020	85	86	0	0
EFMOT00000000021	72	73	0	0
EFMOT00000000023	90	91	0	0
EFMOT00000000024	72	73	0	0
EFMOT00000000025	102	103	8.41245	4.78313
EFMOT00000000028	104	105	4.61538	2.57422
EFMOT00000000029	134	135	1	0.433803
EFMOT00000000030	136	137	1	0.42747
EFMOT00000000032	72	73	0	0
EFMOT00000000033	72	73	5	4.0112
EFMOT00000000036	89	90	0	0
EFMOT00000000037	83	84	2	1.39437
EFMOT00000000039	93	94	0	0
EFMOT00000000041	88	89	0	0
EFMOT00000000042	72	73	0	0
EFMOT00000000044	84	85	0	0
EFMOT00000000045	72	73	0	0
EFMOT00000000046	139	140	6	2.50986
EFMOT00000000048	72	73	0	0
EFMOT00000000049	72	73	0	0
EFMOT00000000050	72	73	0	0
EFMOT00000000051	72	73	3	2.40672
EFMOT00000000053	83	84	0	0
EFMOT00000000054	101	102	87.8621	50.4461
EFMOT00000000055	72	73	0	0
EFMOT00000000059	72	73	0	0
EFMOT00000000060	72	73	0	0
EFMOT00000000062	73	74	0	0
EFMOT00000000063	72	73	0	0
EFMOT00000000064	72	73	0	0
EFMOT00000000065	72	73	0	0
EFMOT00000000066	101	102	1	0.574151
EFMOT00000000067	72	73	0	0
EFMOT00000000068	72	73	0	0
EFMOT00000000069	95	96	4	2.44014
EFMOT00000000070	89	90	0	0
EFMOT00000000072	72	73	0	0
EFMOT00000000073	72	73	0	0
EFMOT00000000074	72	73	0	0
EFMOT00000000075	72	73	0.666667	0.534826
EFMOT00000000076	72	73	0	0
EFMOT00000000077	85	86	0	0
EFMOT00000000078	72	73	0	0
EFMOT00000000079	72	73	0	0
EFMOT00000000080	83	84	0	0
EFMOT00000000081	72	73	0.666667	0.534826
EFMOT00000000082	112	113	11	5.70087
EFMOT00000000083	72	73	0	0
EFMOT00000000084	89	90	0	0
EFMOT00000000085	72	73	0	0
EFMOT00000000086	72	73	0	0
EFMOT00000000087	92	93	0	0
EFMOT00000000088	72	73	0	0
EFMOT00000000089	92	93	0	0
EFMOT00000000091	85	86	1	0.68097
EFMOT00000000092	89	90	0	0
EFMOT00000000093	72	73	0	0
EFMOT00000000094	104	105	4	2.23099
EFMOT00000000095	72	73	0	0
EFMOT00000000097	72	73	0.75	0.601679
EFMOT00000000098	72	73	0	0
EFMOT00000000099	82	83	0	0
EFMOT00000000100	72	73	0	0
EFMOT00000000101	101	102	5	2.87076
EFMOT00000000102	72	73	0	0
EFMOT00000000103	72	73	0	0
EFMOT00000000104	72	73	0	0
EFMOT00000000105	133	134	0	0
EFMOT00000000106	72	73	0	0
EFMOT00000000107	72	73	0	0
EFMOT00000000108	102	103	5	2.84289
EFMOT00000000109	120	121	2	0.967991
EFMOT00000000110	112	113	0	0
EFMOT00000000111	72	73	0	0
EFMOT00000000112	104	105	25.3846	14.1582
EFMOT00000000113	83	84	0	0
EFMOT00000000114	124	125	0	0
EFMOT00000000116	120	121	0	0
EFMOT00000000117	98	99	0	0
EFMOT00000000119	72	73	0	0
EFMOT00000000122	72	73	0	0
EFMOT00000000123	135	136	5	2.15307
EFMOT00000000124	96	97	4.16986	2.51754
EFMOT00000000125	72	73	0	0
EFMOT00000000127	72	73	0	0
EFMOT00000000128	101	102	3.29673	1.89282
EFMOT00000000129	86	87	0	0
EFMOT00000000130	72	73	0	0
EFMOT00000000131	72	73	0	0
EFMOT00000000132	96	97	0	0
EFMOT00000000133	85	86	3	2.04291
EFMOT00000000134	72	73	0	0
EFMOT00000000136	72	73	0	0
EFMOT00000000137	72	73	0.75	0.601679
EFMOT00000000138	86	87	0	0
EFMOT00000000139	111	112	0	0
EFMOT00000000140	72	73	0	0
EFMOT00000000141	72	73	3.5	2.80784
EFMOT00000000143	109	110	1.15251	0.613591
EFMOT00000000144	72	73	0	0
EFMOT00000000147	72	73	0	0
EFMOT00000000148	73	74	0	0
EFMOT00000000149	90	91	2.11751	1.36273
EFMOT00000000150	72	73	0	0
EFMOT00000000151	83	84	0	0
EFMOT00000000152	98	99	0	0
EFMOT00000000153	72	73	0	0
EFMOT00000000154	101	102	3.13793	1.80165
EFMOT00000000155	105	106	0	0
EFMOT00000000157	111	112	0	0
EFMOT00000000158	72	73	0	0
EFMOT00000000159	90	91	8.47004	5.45093
EFMOT00000000160	72	73	5	4.0112
EFMOT00000000161	96	97	1	0.603747
EFMOT00000000162	89	90	0	0
EFMOT00000000163	72	73	0	0
EFMOT00000000164	111	112	2	1.04578
EFMOT00000000165	72	73	0	0
EFMOT00000000166	72	73	0	0
EFMOT00000000168	72	73	2.28771	1.83529
EFMOT00000000169	85	86	0	0
EFMOT00000000170	72	73	0	0
EFMOT00000000171	74	75	0	0
EFMOT00000000172	87	88	0	0
EFMOT00000000173	89	90	0	0
EFMOT00000000174	108	109	0	0
EFMOT00000000175	85	86	0	0
EFMOT00000000176	88	89	0	0
EFMOT00000000177	90	91	0	0
EFMOT00000000178	72	73	3	2.40672
EFMOT00000000179	95	96	1	0.610036
EFMOT00000000180	72	73	0	0
EFMOT00000000181	72	73	0	0
EFMOT00000000182	114	115	0	0
EFMOT00000000183	72	73	0	0
EFMOT00000000184	72	73	0	0
EFMOT00000000187	92	93	0	0
EFMOT00000000189	83	84	0	0
EFMOT00000000190	85	86	0	0
EFMOT00000000191	72	73	0	0
EFMOT00000000192	72	73	0	0
EFMOT00000000193	91	92	11	7.00215
EFMOT00000000194	88	89	0	0
EFMOT00000000195	73	74	0	0
EFMOT00000000196	85	86	1	0.68097
EFMOT00000000197	72	73	0	0
EFMOT00000000198	72	73	0	0
EFMOT00000000199	72	73	0	0
EFMOT00000000200	100	101	0	0
EFMOT00000000201	72	73	0	0
EFMOT00000000202	89	90	0	0
EFMOT00000000203	72	73	0	0
EFMOT00000000204	72	73	0	0
EFMOT00000000206	72	73	0	0
EFMOT00000000207	72	73	0	0
EFMOT00000000208	89	90	5	3.25352
EFMOT00000000209	101	102	0	0
EFMOT00000000210	82	83	0	0
EFMOT00000000211	72	73	0.666667	0.534826
EFMOT00000000213	72	73	0	0
EFMOT00000000214	85	86	0	0
EFMOT00000000215	92	93	7	4.408
EFMOT00000000217	96	97	1	0.603747
EFMOT00000000218	84	85	1	0.688982
EFMOT00000000219	110	111	17	8.96918
EFMOT00000000220	72	73	0	0
EFMOT00000000221	97	98	0	0
EFMOT00000000222	72	73	0	0
EFMOT00000000223	101	102	3	1.72245
EFMOT00000000224	72	73	0	0
EFMOT00000000225	86	87	0	0
EFMOT00000000226	72	73	0	0
EFMOT00000000227	72	73	0	0
EFMOT00000000228	72	73	3	2.40672
EFMOT00000000229	79	80	0	0
EFMOT00000000230	104	105	0	0
EFMOT00000000236	72	73	5	4.0112
EFMOT00000000240	72	73	0	0
EFMOT00000000241	72	73	0	0
EFMOT00000000243	72	73	3.5	2.80784
EFMOT00000000244	72	73	0	0
EFMOT00000000245	72	73	0	0
EFMOT00000000246	72	73	0	0
EFMOT00000000247	72	73	0	0
EFMOT00000000249	72	73	0	0
EFMOT00000000250	72	73	0.75	0.601679
EFMOT00000000251	72	73	0	0
EFMOT00000000252	72	73	0	0
EFMOT00000000253	72	73	0	0
EFMOT00000000254	72	73	0	0
EFMOT00000000255	85	86	0	0
EFMOT00000000256	86	87	0	0
EFMOT00000000258	90	91	12	7.72265
EFMOT00000000259	72	73	0	0
EFMOT00000000260	72	73	0	0
EFMOT00000000261	72	73	0	0
EFMOT00000000262	72	73	0	0
EFMOT00000000265	72	73	0	0
EFMOT00000000266	99	100	0	0
EFMOT00000000267	72	73	0	0
EFMOT00000000269	112	113	0	0
EFMOT00000000270	109	110	19.5927	10.4311
EFMOT00000000271	73	74	0	0
EFMOT00000000272	105	106	0	0
EFMOT00000000273	96	97	0	0
EFMOT00000000274	85	86	0	0
EFMOT00000000275	72	73	0	0
EFMOT00000000277	72	73	0.75	0.601679
EFMOT00000000278	125	126	11	5.11268
EFMOT00000000279	74	75	0	0
EFMOT00000000280	98	99	1	0.59155
EFMOT00000000282	72	73	0	0
EFMOT00000000283	101	102	0	0
EFMOT00000000284	72	73	0	0
EFMOT00000000285	113	114	0	0
EFMOT00000000286	72	73	0	0
EFMOT00000000287	72	73	0	0
EFMOT00000000288	92	93	0	0
EFMOT00000000289	96	97	1.04247	0.629386
EFMOT00000000290	72	73	0	0
EFMOT00000000292	72	73	0	0
EFMOT00000000293	72	73	0	0
EFMOT00000000294	85	86	3	2.04291
EFMOT00000000296	72	73	0	0
EFMOT00000000298	72	73	0	0
EFMOT00000000299	72	73	0	0
EFMOT00000000300	118	119	1	0.49213
EFMOT00000000301	72	73	0	0
EFMOT00000000302	101	102	0	0
EFMOT00000000303	89	90	0	0
EFMOT00000000306	90	91	0	0
EFMOT00000000307	111	112	3	1.56866
EFMOT00000000308	72	73	0	0
EFMOT00000000309	72	73	2	1.60448
EFMOT00000000310	110	111	0	0
EFMOT00000000311	88	89	7	4.60611
EFMOT00000000312	72	73	2.28771	1.83529
EFMOT00000000313	96	97	0	0
EFMOT00000000314	110	111	0	0
EFMOT00000000315	88	89	4	2.63207
EFMOT00000000317	72	73	0	0
EFMOT00000000318	97	98	0	0
EFMOT00000000319	104	105	0	0
EFMOT00000000320	93	94	0	0
EFMOT00000000321	87	88	0	0
EFMOT00000000323	72	73	0	0
EFMOT00000000324	96	97	0	0
EFMOT00000000325	86	87	0	0
EFMOT00000000326	99	100	1	0.585634
EFMOT00000000327	102	103	0	0
EFMOT00000000328	100	101	0	0
EFMOT00000000329	101	102	3	1.72245
EFMOT00000000330	104	105	108	60.2367
EFMOT00000000332	84	85	0	0
EFMOT00000000333	102	103	21	11.9401
EFMOT00000000335	72	73	0	0
EFMOT00000000336	72	73	0	0
EFMOT00000000337	85	86	1	0.68097
EFMOT00000000339	104	105	0	0
EFMOT00000000340	72	73	0	0
EFMOT00000000341	72	73	0	0
EFMOT00000000343	72	73	0	0
EFMOT00000000344	96	97	0	0
EFMOT00000000345	72	73	0	0
EFMOT00000000346	85	86	0	0
EFMOT00000000348	105	106	0	0
EFMOT00000000350	84	85	0	0
EFMOT00000000351	101	102	0	0
EFMOT00000000353	72	73	0	0
EFMOT00000000354	72	73	0	0
EFMOT00000000355	93	94	0	0
EFMOT00000000356	72	73	0	0
EFMOT00000000357	72	73	0	0
EFMOT00000000358	110	111	0	0
EFMOT00000000359	72	73	0	0
EFMOT00000000360	72	73	0	0
EFMOT00000000361	93	94	0	0
EFMOT00000000362	102	103	0	0
EFMOT00000000363	72	73	0	0
EFMOT00000000364	72	73	0	0
EFMOT00000000366	72	73	0	0
EFMOT00000000367	72	73	0	0
EFMOT00000000368	89	90	1	0.650705
EFMOT00000000369	96	97	1.04247	0.629386
EFMOT00000000370	72	73	0	0
EFMOT00000000372	72	73	0	0
EFMOT00000000373	133	134	0	0
EFMOT00000000374	72	73	0	0
EFMOT00000000375	90	91	4	2.57422
EFMOT00000000376	72	73	0	0
EFMOT00000000378	85	86	49	33.3675
EFMOT00000000379	72	73	0	0
EFMOT00000000382	72	73	0	0
EFMOT00000000383	89	90	0	0
EFMOT00000000384	91	92	0	0
EFMOT00000000385	72	73	0	0
EFMOT00000000387	92	93	0	0
EFMOT00000000388	93	94	11	6.85317
EFMOT00000000389	72	73	0	0
EFMOT00000000390	94	95	0	0
EFMOT00000000391	94	95	0	0
MGG_16776T0	243	244	0	0
MGG_17328T0	243	244	0	0
MGG_16479T0	588	589	0	0
MGG_16677T0	243	244	0	0
MGG_16614T0	243	244	0	0
MGG_16613T0	243	244	0	0
MGG_16598T0	243	244	0	0
MGG_16563T0	243	244	0	0
MGG_17268T0	243	244	0	0
MGG_15944T0	243	244	0	0
MGG_17600T0	243	244	0	0
MGG_15710T0	215	216	21	5.69367
MGG_17242T0	243	244	0	0
MGG_16280T0	243	244	0	0
MGG_16642T0	218	219	7	1.87189
MGG_15503T0	516	517	1892.88	214.417
MGG_16566T0	492	493	0	0
MGG_16285T0	243	244	0	0
MGG_16639T0	698	699	17	1.42429
MGG_16639T1	239	240	5	1.22007
MGG_06302T1	320	321	209	38.1301
MGG_06302T0	2540	2541	11102	255.872
MGG_18104T0	150	151	0	0
MGG_15500T0	243	244	0	0
MGG_17125T0	231	232	0	0
MGG_18084T0	243	244	0	0
MGG_15947T0	243	244	0	0
MGG_16695T0	243	244	12.3728	2.96965
MGG_15967T0	651	652	0	0
MGG_18132T0	243	244	0	0
MGG_16499T0	243	244	0	0
MGG_16498T0	243	244	0	0
MGG_16783T0	243	244	0	0
MGG_17211T0	453	454	0	0
MGG_17866T0	228	229	10	2.55736
MGG_17482T0	327	328	85	15.1765
MGG_16020T0	918	919	113	7.20095
MGG_17368T0	504	505	16	1.85548
MGG_16293T0	555	556	48	5.05584
MGG_16567T0	243	244	0	0
MGG_17494T0	177	178	0	0
MGG_16980T0	243	244	0	0
MGG_17604T0	243	244	0	0
MGG_17589T0	243	244	0	0
MGG_18129T0	243	244	0	0
MGG_15717T0	243	244	0	0
MGG_16051T0	300	301	0	0
MGG_15940T0	243	244	0	0
MGG_18069T0	243	244	0	0
MGG_17775T0	243	244	0	0
MGG_16310T0	243	244	0	0
MGG_17728T0	153	154	12	4.56339
MGG_16674T0	243	244	0	0
MGG_17777T0	510	511	852	97.6439
MGG_17585T0	243	244	0	0
MGG_15871T0	150	151	49	19.004
MGG_15511T0	243	244	0	0
MGG_14532T0	510	511	19	2.17751
MGG_16682T0	243	244	0	0
MGG_16673T0	243	244	0	0
MGG_01057T0	1128	1129	860	44.6099
MGG_16643T0	198	199	2	0.588577
MGG_18114T0	552	553	92.8701	9.83507
MGG_16785T0	243	244	0	0
MGG_18059T0	243	244	0	0
MGG_16488T0	552	553	11.2739	1.19392
MGG_15941T0	243	244	0	0
MGG_17100T0	475	476	11	1.35336
MGG_16730T0	516	517	112	12.6869
MGG_16369T0	243	244	0	0
MGG_17016T0	354	355	0	0
MGG_16080T0	417	418	0	0
MGG_16314T0	243	244	0	0
MGG_16103T0	597	598	1.79896e-08	1.76176e-09
MGG_16676T0	243	244	0	0
MGG_15714T0	243	244	0	0
MGG_16565T0	470	471	284.176	35.334
MGG_16984T0	624	625	0	0
MGG_16843T0	483	484	15	1.81498
MGG_17560T0	243	244	0	0
MGG_17065T0	243	244	0	0
MGG_17325T0	402	403	4	0.581275
MGG_17009T0	330	331	0	0
MGG_17598T0	243	244	0	0
MGG_16597T0	243	244	0	0
MGG_15512T0	243	244	0	0
MGG_17186T0	189	190	12248	3775.18
MGG_16814T0	246	247	0	0
MGG_15716T0	243	244	1.05408	0.252995
MGG_16068T0	243	244	0	0
MGG_18131T0	243	244	0	0
MGG_16569T0	243	244	0	0
MGG_18073T0	366	367	0	0
MGG_16139T0	225	226	5	1.29565
MGG_17561T0	243	244	0	0
MGG_16413T0	372	373	126	19.7828
MGG_17427T0	228	229	1	0.255736
MGG_16074T0	243	244	1.05408	0.252995
MGG_17074T0	591	592	54	5.34194
MGG_17176T0	273	274	7	1.49615
MGG_15493T0	243	244	0	0
MGG_16093T0	811	812	25	1.80306
MGG_16683T0	243	244	0	0
MGG_17854T0	891	892	0	0
MGG_16979T0	588	589	6.30221	0.62662
MGG_16767T0	210	211	3	0.832656
MGG_17261T0	243	244	0	0
MGG_16913T0	288	289	31	6.28189
MGG_16564T0	333	334	0	0
MGG_16120T0	592	593	0	0
MGG_16067T0	243	244	0	0
MGG_17136T0	237	238	16	3.93704
MGG_15931T0	427	428	14	1.91563
MGG_15715T0	243	244	1.05408	0.252995
MGG_17218T0	1011	1012	0	0
MGG_17327T0	243	244	0	0
MGG_17269T0	327	328	0	0
MGG_16284T0	243	244	0	0
MGG_17306T0	1362	1363	0	0
MGG_18086T0	243	244	0	0
MGG_16312T0	243	244	0	0
MGG_17867T0	243	244	0	0
MGG_17243T0	243	244	0	0
MGG_16313T0	333	334	0	0
MGG_17545T0	243	244	0	0
MGG_17238T0	243	244	0	0
MGG_17736T0	204	205	0	0
MGG_18083T0	243	244	0	0
MGG_16327T0	843	844	14	0.971432
MGG_15942T0	243	244	0	0
MGG_16309T0	243	244	0	0
MGG_16384T0	243	244	0	0
MGG_17298T0	372	373	0	0
MGG_16809T0	243	244	0	0
MGG_16470T0	243	244	0	0
MGG_16283T0	243	244	0	0
MGG_16928T0	261	262	0	0
MGG_18080T0	243	244	0	0
MGG_16469T0	243	244	0	0
MGG_17501T0	243	244	0	0
MGG_16407T0	243	244	0	0
MGG_14095T0	843	844	221	15.3347
MGG_17185T0	226	227	6	1.54793
MGG_16694T0	243	244	0	0
MGG_16885T0	243	244	0	0
MGG_15969T0	651	652	0	0
MGG_15945T0	243	244	0	0
MGG_16082T0	423	424	0	0
MGG_17818T0	507	508	2.85626	0.329276
MGG_17262T0	243	244	0	0
MGG_17549T0	243	244	0	0
MGG_16351T0	372	373	0	0
MGG_16819T0	216	217	48	12.9541
MGG_17369T0	332	333	15	2.63799
MGG_16684T0	243	244	0	0
MGG_17748T0	555	556	0	0
MGG_15806T0	243	244	0	0
MGG_16050T0	243	244	0	0
MGG_18103T0	243	244	0	0
MGG_16544T0	189	190	7	2.1576
MGG_15973T0	471	472	0	0
MGG_15962T0	651	652	5	0.449106
MGG_17819T0	243	244	0	0
MGG_16245T0	239	240	0	0
MGG_16046T0	186	187	0	0
MGG_17146T0	207	208	0	0
MGG_16406T0	324	325	0	0
MGG_17856T0	771	772	347	26.3232
MGG_16478T0	243	244	0	0
MGG_16602T0	243	244	0	0
MGG_16338T0	204	205	10	2.85675
MGG_16782T0	330	331	0	0
MGG_15970T0	1335	1336	266.382	11.6768
MGG_17996T0	186	187	4	1.25269
MGG_17734T0	571	572	24	2.45721
MGG_10209T0	1701	1702	393	13.5226
MGG_16104T0	204	205	0	0
MGG_15662T0	218	219	7	1.87189
MGG_17643T0	747	748	0	0
MGG_16675T0	243	244	0	0
MGG_17517T0	221	222	3	0.791398
MGG_17219T0	453	454	0	0
MGG_17175T0	639	640	122	11.1637
MGG_16370T0	243	244	0	0
MGG_17008T0	243	244	0	0
MGG_16073T0	243	244	0	0
MGG_17559T0	243	244	0	0
MGG_18058T0	243	244	0	0
MGG_17267T0	327	328	0	0
MGG_17852T0	243	244	0	0
MGG_17497T0	156	157	0	0
MGG_16713T0	219	220	3	0.798592
MGG_15567T0	237	238	15	3.69097
MGG_17916T0	300	301	40	7.78252
MGG_16795T0	232	233	89	22.3697
MGG_17006T0	270	271	314.077	67.8724
MGG_18130T0	516	517	1892.88	214.417
MGG_17259T0	489	490	37	4.42214
MGG_17769T0	243	244	0	0
MGG_16987T0	243	244	0	0
MGG_16401T0	243	244	0	0
MGG_17985T0	183	184	5	1.5914
MGG_16685T0	243	244	0	0
MGG_18047T0	354	355	0	0
MGG_18081T0	243	244	0	0
MGG_17552T0	432	433	0	0
MGG_17212T0	1011	1012	0	0
MGG_15943T0	315	316	2295.72	425.46
MGG_18075T0	501	502	0	0
MGG_16281T0	243	244	0	0
MGG_15946T0	1122	1123	445.457	23.2302
MGG_14020T0	1029	1030	0	0
MGG_18009T0	294	295	8	1.58816
MGG_15948T0	243	244	0	0
MGG_17599T0	243	244	0	0
MGG_14777T0	546	547	32	3.42602
MGG_16763T0	296	297	2	0.394367
MGG_18038T0	243	244	0	0
MGG_16568T0	243	244	0	0
MGG_17004T0	243	244	0	0
MGG_16907T0	243	244	0	0
MGG_15763T0	243	244	0	0
MGG_16808T0	243	244	0	0
MGG_14812T0	405	406	21	3.02914
MGG_16016T0	321	322	5	0.90937
MGG_16405T0	243	244	0	0
MGG_17063T0	501	502	48	5.59969
MGG_16916T0	258	259	5	1.13057
MGG_16282T0	690	691	35.0041	2.96665
MGG_16985T0	243	244	0	0
MGG_16599T0	243	244	0	0
MGG_16551T0	822	823	0	0
MGG_16988T0	243	244	0	0
MGG_16986T0	243	244	0	0
MGG_15898T0	345	346	607	102.74
MGG_18085T0	243	244	0	0
