target_id	length	eff_length	est_counts	tpm
MGG_07573T0	4058	4059	1461	31.896
MGG_05134T0	1811	1812	3015	147.446
MGG_03309T0	1113	1114	10	0.795462
MGG_07008T0	2587	2588	3404	116.555
MGG_16787T0	429	430	0	0
MGG_04858T0	3024	3025	8977	262.973
MGG_12006T0	1560	1561	48	2.72485
MGG_02444T0	6373	6374	2192	30.4743
MGG_17251T0	225	226	0	0
MGG_10811T0	1419	1420	0	0
MGG_15612T0	4020	4021	375	8.26422
MGG_00349T0	1011	1012	7431.42	650.723
MGG_16619T0	348	349	0	0
MGG_04614T0	937	938	2076.41	196.162
MGG_16874T0	174	175	0	0
MGG_07147T0	2929	2930	856	25.8887
MGG_00076T0	2460	2461	829	29.8502
MGG_12797T0	1232	1233	10162	730.333
MGG_11099T0	1590	1591	5	0.278487
MGG_07363T0	787	788	3	0.337365
MGG_17953T0	4420	4421	2875.62	57.6389
MGG_14898T0	388	389	19	4.32821
MGG_14463T0	1415	1416	397.095	24.8505
MGG_08330T0	1368	1369	298	19.2893
MGG_09307T0	2126	2127	96	3.99952
MGG_03918T0	2470	2471	473	16.9626
MGG_00421T0	969	970	0	0
MGG_02463T0	815	816	917.024	99.5853
MGG_00675T0	2891	2892	308.069	9.43963
MGG_15190T0	595	596	3.00822	0.447268
MGG_02777T0	1610	1611	146	8.03086
MGG_05980T0	1438	1439	72607	4471.18
MGG_00454T0	4840	4841	2026	37.0859
MGG_05454T0	1590	1591	3683	205.133
MGG_16029T0	252	253	97	33.9747
MGG_07528T0	1527	1528	1065	61.7634
MGG_15909T0	219	220	0	0
MGG_16156T0	493	494	22	3.94639
MGG_05339T0	891	892	323	32.088
MGG_18122T0	498	499	0	0
MGG_16935T0	1487	1488	3	0.178658
MGG_08406T0	477	478	232	43.0095
MGG_05005T0	2421	2422	1256	45.9537
MGG_11608T0	2244	2245	776	30.6302
MGG_14221T0	1242	1243	12	0.85549
MGG_15428T0	1674	1675	65	3.43877
MGG_17084T0	2151	2152	382	15.7299
MGG_08114T0	3175	3176	1484	41.4055
MGG_06700T0	4022	4023	1740	38.3269
MGG_14591T0	1617	1618	177	9.69392
MGG_07304T0	258	259	4	1.36856
MGG_09457T0	1172	1173	308.218	23.2843
MGG_07009T0	1011	1012	525.37	46.0033
MGG_15010T0	556	557	13	2.0682
MGG_11663T0	1098	1099	118	9.51456
MGG_00065T0	3029	3030	2801.87	81.9427
MGG_10601T0	2183	2184	302	12.2535
MGG_11526T0	633	634	0	0
MGG_13087T0	327	328	0	0
MGG_00223T0	1555	1556	7504	427.354
MGG_02093T0	1506	1507	2	0.117604
MGG_01153T0	1251	1252	3436	243.194
MGG_02698T0	1675	1676	81	4.28268
MGG_10893T0	1663	1664	93	4.95261
MGG_14635T0	1511	1512	257	15.0621
MGG_17720T0	375	376	60	14.1406
MGG_17976T0	4110	4111	1800	38.7998
MGG_05211T0	4310	4311	2532	52.0464
MGG_05253T0	1815	1816	737	35.963
MGG_07261T0	2500	2501	684	24.2352
MGG_01043T0	2705	2706	1781.39	58.3358
MGG_04395T0	4996	4997	3241.53	57.4838
MGG_00786T1	1869	1870	7915.25	375.083
MGG_00786T0	1904	1905	3513.75	163.448
MGG_06579T0	975	976	6	0.544761
MGG_15326T0	892	893	81	8.03782
MGG_17770T0	318	319	0	0
MGG_03684T0	2464	2465	1300	46.7338
MGG_16981T0	2740	2741	670	21.6606
MGG_17657T0	700	701	0	0
MGG_11239T0	2741	2742	626	20.2307
MGG_08136T0	1643	1644	302	16.2783
MGG_09718T0	1570	1571	354	19.9679
MGG_05720T0	2668	2669	713.381	23.6852
MGG_10455T0	594	595	0	0
MGG_08158T0	1723	1724	1292	66.4094
MGG_01319T0	993	994	25	2.22873
MGG_07686T0	729	730	18	2.18501
MGG_04518T0	2276	2277	1056	41.0966
MGG_10595T0	3024	3025	1829	53.5788
MGG_07332T0	2844	2845	933.856	29.0872
MGG_00246T0	1594	1595	2404	133.561
MGG_14140T0	1269	1270	0	0
MGG_03888T0	1983	1984	466	20.8137
MGG_17017T0	309	310	5	1.42927
MGG_17237T0	207	208	0	0
MGG_09185T0	3684	3685	1173	28.2075
MGG_04634T0	2250	2251	13	0.511767
MGG_15422T0	1101	1102	144	11.5794
MGG_12303T0	273	274	71	22.9621
MGG_05067T0	1594	1595	272.378	15.1327
MGG_04724T0	4323	4324	627	12.8495
MGG_10534T0	2152	2153	177	7.28507
MGG_06375T0	1961	1962	696	31.4351
MGG_09428T0	972	973	2	0.182147
MGG_02702T0	501	502	0	0
MGG_05491T0	3200	3201	13	0.359884
MGG_08646T0	3719	3720	1256	29.9193
MGG_03350T0	735	736	382	45.9928
MGG_03315T0	1005	1006	2	0.176172
MGG_06267T0	1350	1351	825.273	54.1311
MGG_04557T0	710	711	210	26.173
MGG_16385T0	321	322	4	1.1008
MGG_16360T0	381	382	0	0
MGG_09467T0	984	985	64	5.75769
MGG_01722T0	2290	2291	1716.21	66.3818
MGG_01117T0	2575	2576	535	18.404
MGG_09164T0	2056	2057	31	1.33546
MGG_06775T0	2044	2045	551	23.8761
MGG_06052T0	3840	3841	3931	90.6908
MGG_10152T0	3181	3182	335	9.3293
MGG_03456T0	1623	1624	233	12.7138
MGG_05718T0	2436	2437	2026	73.6696
MGG_05128T0	2264	2265	25136	983.405
MGG_15417T0	429	430	0	0
MGG_03816T0	1434	1435	0	0
MGG_07298T0	1397	1398	825	52.2939
MGG_00543T0	2181	2182	1569	63.7196
MGG_08957T0	381	382	3	0.695925
MGG_04194T0	2002	2003	69	3.05262
MGG_17907T0	354	355	0	0
MGG_07785T0	2112	2113	829.997	34.8082
MGG_02191T0	1340	1341	0	0
MGG_17222T0	1735	1736	769	39.2538
MGG_04173T0	1753	1754	1035	52.2896
MGG_03668T0	3678	3679	2980	71.778
MGG_09126T0	846	847	16	1.67394
MGG_00070T0	1870	1871	47	2.22602
MGG_10418T0	327	328	0	0
MGG_08016T0	2309	2310	159	6.09944
MGG_16393T0	2074	2075	596	25.4526
MGG_05627T0	1029	1030	247	21.2503
MGG_13629T0	3079	3080	450	12.9469
MGG_11144T0	2144	2145	1068	44.1213
MGG_17499T0	537	538	11.3398	1.86779
MGG_15485T0	904	905	19	1.86041
MGG_11917T0	5142	5143	1986	34.219
MGG_09963T0	2128	2129	386	16.0663
MGG_16222T0	989	990	325.045	29.0946
MGG_08008T0	1229	1230	1165	83.9316
MGG_03498T0	1923	1924	251.603	11.5882
MGG_01616T0	2385	2386	313	11.6246
MGG_02631T0	2146	2147	34	1.4033
MGG_15799T0	321	322	0	0
MGG_03644T0	435	436	1652	335.759
MGG_13801T0	3460	3461	564	14.4405
MGG_09761T0	1121	1122	35731	2822
MGG_01404T0	1327	1328	1952	130.253
MGG_17587T0	189	190	0	0
MGG_09497T0	2338	2339	2966	112.369
MGG_04022T0	1036	1037	605	51.6989
MGG_16750T0	1440	1441	124	7.62539
MGG_10785T0	936	937	10	0.945725
MGG_18035T0	405	406	283	61.7682
MGG_10195T0	2296	2297	10653	410.974
MGG_07437T0	4272	4273	255	5.28825
MGG_12863T0	1239	1240	11	0.786096
MGG_10268T0	2058	2059	1350	58.1008
MGG_09535T0	1617	1618	1456	79.7421
MGG_02863T0	1206	1207	180	13.2151
MGG_01190T0	1260	1261	135	9.48688
MGG_04905T0	2525	2526	980.214	34.3868
MGG_07087T0	3264	3265	862	23.3953
MGG_03894T0	2787	2788	564.959	17.9568
MGG_07428T0	1229	1230	149	10.7346
MGG_07406T0	2151	2152	122	5.02368
MGG_05693T0	2633	2634	3643	122.56
MGG_02907T0	465	466	96	18.2553
MGG_04340T0	2626	2627	7	0.236125
MGG_06914T0	1627	1628	2678	145.768
MGG_15502T0	219	220	7	2.81955
MGG_09523T0	12506	12507	2409	17.0682
MGG_05368T0	1920	1921	331	15.2688
MGG_14006T0	222	223	6	2.38425
MGG_09004T0	1853	1854	1718.69	82.1472
MGG_07804T0	453	454	0	0
MGG_04431T0	4016	4017	2763	60.9514
MGG_13813T0	1278	1279	286.373	19.8411
MGG_02848T0	165	166	2393	1277.44
MGG_10597T0	1167	1168	37	2.80714
MGG_00560T0	2595	2596	590	20.1397
MGG_15427T0	943	944	16	1.50194
MGG_05797T0	2028	2029	525.82	22.9646
MGG_15226T0	2805	2806	2059	65.0239
MGG_06178T0	1893	1894	478	22.3642
MGG_17161T0	270	271	25	8.17477
MGG_01870T0	1485	1486	61	3.63761
MGG_02919T0	1185	1186	331	24.7314
MGG_07382T0	3201	3202	1743	48.237
MGG_07959T0	843	844	1	0.104993
MGG_16791T0	420	421	36	7.57748
MGG_16945T0	658	659	32.7475	4.40349
MGG_04108T0	3642	3643	1694	41.2058
MGG_03468T0	1125	1126	59	4.64321
MGG_09944T0	3054	3055	650	18.8541
MGG_01584T0	1968	1969	1145.52	51.554
MGG_17597T0	168	169	0	0
MGG_06639T0	2340	2341	1866.71	70.6611
MGG_10118T0	4290	4291	1570	32.4224
MGG_05957T0	1247	1248	1181.57	83.8975
MGG_02348T0	3837	3838	0	0
MGG_17403T0	279	280	0	0
MGG_13447T0	2873	2874	1199.18	36.9746
MGG_08170T0	2542	2543	1477	51.4682
MGG_03259T0	351	352	18	4.53142
MGG_03130T0	3368	3369	4849	127.543
MGG_00456T0	5577	5578	1096	17.4115
MGG_05172T0	1281	1282	65	4.49293
MGG_01494T0	2541	2542	2507	87.3944
MGG_09551T0	3954	3955	4475.61	100.279
MGG_10709T0	1767	1768	269	13.4826
MGG_10973T0	893	894	491	48.6686
MGG_07136T0	2801	2802	2806.66	88.7618
MGG_02581T0	501	502	26	4.58959
MGG_10648T0	2303	2304	96	3.69227
MGG_03928T0	1183	1184	658.875	49.3124
MGG_17703T0	1370	1371	144	9.30743
MGG_10035T0	1826	1827	413	20.0316
MGG_01338T0	2787	2788	150	4.76764
MGG_01127T0	3693	3694	4218	101.185
MGG_17405T0	213	214	10	4.14086
MGG_10857T0	5138	5139	1429	24.641
MGG_01467T0	3280	3281	2343	63.2806
MGG_08305T0	1665	1666	108.514	5.77186
MGG_12590T0	3805	3806	894	20.8149
MGG_16108T0	608	609	15	2.18262
MGG_06948T0	1353	1354	902.395	59.0585
MGG_15554T0	2507	2508	912	32.2234
MGG_06184T0	1780	1781	3160	157.227
MGG_09903T0	1326	1327	931	62.1704
MGG_07643T0	942	943	254	23.8686
MGG_13771T0	538	539	0	0
MGG_13806T0	1965	1966	10637	479.447
MGG_04576T0	1596	1597	2	0.110976
MGG_14375T0	774	775	13	1.48644
MGG_09173T0	1322	1323	1237	82.8542
MGG_09425T0	471	472	0	0
MGG_05915T0	858	859	10274	1059.87
MGG_05807T0	1703	1704	283	14.7171
MGG_07095T0	2669	2670	920	30.5338
MGG_00166T0	1104	1105	1101	88.2937
MGG_13473T0	339	340	284	74.0191
MGG_05891T1	2226	2227	65.2184	2.5951
MGG_05891T0	2810	2811	147.118	4.63776
MGG_02295T0	1404	1405	6	0.378425
MGG_16446T0	1152	1153	67	5.14932
MGG_15534T0	1844	1845	70	3.36207
MGG_06678T0	2741	2742	1918	61.9849
MGG_00281T0	690	691	53	6.79677
MGG_15781T0	159	160	0	0
MGG_08631T0	948	949	301	28.1064
MGG_16471T0	1227	1228	11	0.793778
MGG_13559T0	690	691	6	0.769445
MGG_16238T0	273	274	0	0
MGG_13467T0	2848	2849	865.606	26.9236
MGG_01523T0	3030	3031	318.814	9.32087
MGG_16909T0	165	166	0	0
MGG_01398T0	1805	1806	760	37.2907
MGG_04972T0	1222	1223	900.908	65.2768
MGG_02900T0	3602	3603	340	8.36218
MGG_03177T0	1197	1198	0	0
MGG_08205T0	1741	1742	401	20.3986
MGG_00681T0	1652	1653	731	39.1876
MGG_16841T0	809	810	1240.91	135.756
MGG_10453T0	1280	1281	70	4.84232
MGG_03595T0	3620	3621	3857	94.3899
MGG_18064T0	798	799	15.4973	1.71875
MGG_08019T1	2018	2019	487.219	21.3842
MGG_08019T0	1561	1562	1014.78	57.57
MGG_09290T0	1305	1306	356	24.1552
MGG_06510T0	1219	1220	10149	737.171
MGG_04449T0	3339	3340	3248.89	86.1973
MGG_03866T0	645	646	17	2.33196
MGG_10932T0	1926	1927	301	13.8417
MGG_00289T0	2307	2308	47808.9	1835.6
MGG_03269T0	4873	4874	1022.53	18.5907
MGG_14068T0	2224	2225	7	0.278787
MGG_13607T0	11784	11785	8	0.0601541
MGG_04516T0	1612	1613	421.558	23.1594
MGG_01753T0	2433	2434	651	23.7009
MGG_15879T0	828	829	1	0.106893
MGG_11124T0	1746	1747	0	0
MGG_05506T0	1453	1454	1217	74.1704
MGG_02886T0	1359	1360	112	7.29766
MGG_05344T0	839	840	20873	2201.96
MGG_00458T0	911	912	253.1	24.5924
MGG_16522T0	1133	1134	160.477	12.5402
MGG_14133T0	5222	5223	2362	40.0742
MGG_03811T0	1701	1702	3	0.156195
MGG_07534T0	2061	2062	732	31.4577
MGG_15339T1	4192	4193	189.592	4.00682
MGG_15339T0	4258	4259	430.408	8.95524
MGG_15866T0	2100	2101	1625	68.5381
MGG_06780T0	2416	2417	114	4.17958
MGG_15904T0	287	288	1	0.307689
MGG_09992T0	1485	1486	385	22.9587
MGG_03753T0	1031	1032	0	0
MGG_01525T0	569	570	1815	282.167
MGG_00264T0	1625	1626	448	24.4153
MGG_05106T0	2055	2056	1328	57.2374
MGG_13129T0	2229	2230	598	23.763
MGG_06322T0	1671	1672	1105.79	58.6057
MGG_15753T0	4783	4784	802.221	14.8596
MGG_04993T0	2111	2112	790	33.1465
MGG_07054T0	1125	1126	256	20.1468
MGG_06748T0	2639	2640	3045	102.209
MGG_01445T0	1122	1123	163	12.8621
MGG_07848T0	4392	4393	24	0.484122
MGG_07576T0	1465	1466	446	26.9591
MGG_04780T0	5315	5316	128.48	2.14169
MGG_04780T1	5138	5139	547.52	9.44117
MGG_06276T0	2429	2430	3285	119.794
MGG_00957T0	2592	2593	809.563	27.6664
MGG_18001T0	156	157	11	6.20866
MGG_12988T0	2612	2613	2367.36	80.2841
MGG_07962T0	1670	1671	1331	70.584
MGG_08129T0	2402	2403	38	1.40131
MGG_09237T0	1369	1370	710.784	45.975
MGG_05224T0	3926	3927	1277	28.8161
MGG_11505T0	1873	1874	932.462	44.0927
MGG_07454T0	2102	2103	983	41.4208
MGG_12131T0	4366	4367	1543	31.3103
MGG_01575T0	1174	1175	5900	444.958
MGG_01297T0	1315	1316	4905.29	330.304
MGG_15819T0	255	256	2	0.6923
MGG_14936T0	1159	1160	132	10.0837
MGG_17923T0	374	375	56	13.2331
MGG_02535T0	3025	3026	1538	45.0393
MGG_17750T0	1656	1657	2	0.106958
MGG_16608T0	165	166	77	41.1043
MGG_02331T0	1446	1447	14	0.857362
MGG_00213T0	1154	1155	411	31.5329
MGG_17823T0	1878	1879	1	0.0471604
MGG_00671T0	1815	1816	394	19.2258
MGG_02182T0	483	484	3	0.549263
MGG_01448T0	2193	2194	340	13.7324
MGG_16273T0	947	948	10	0.934752
MGG_03937T0	4236	4237	2640	55.2141
MGG_03879T0	2016	2017	3135	137.732
MGG_15889T0	195	196	0	0
MGG_17893T0	399	400	10	2.21536
MGG_08253T0	1152	1153	98	7.53184
MGG_09264T0	2102	2103	624	26.2936
MGG_12955T0	2475	2476	1223	43.7704
MGG_16707T1	1785	1786	0	0
MGG_16707T0	1457	1458	15	0.911671
MGG_15551T0	306	307	0	0
MGG_05662T0	1545	1546	648.985	37.1989
MGG_16930T0	609	610	0	0
MGG_12948T0	1369	1370	4930.62	318.923
MGG_07926T0	1269	1270	789	55.0526
MGG_09720T0	1990	1991	10	0.445075
MGG_09129T0	3276	3277	66	1.78473
MGG_08966T0	1143	1144	3	0.232381
MGG_15019T0	2863	2864	227	7.02356
MGG_02472T0	813	814	819	89.1588
MGG_02417T0	2341	2342	1034	39.1235
MGG_00400T0	991	992	10	0.893291
MGG_17558T0	2183	2184	26082.3	1058.27
MGG_14836T0	915	916	2061	199.383
MGG_08919T0	4875	4876	1274	23.1532
MGG_03721T0	1536	1537	1531	88.2685
MGG_06874T0	2142	2143	2299	95.0652
MGG_02042T0	2082	2083	9	0.382876
MGG_07606T0	3210	3211	5951.15	164.235
MGG_07606T1	3252	3253	110.377	3.00675
MGG_05701T0	740	741	1358.03	162.403
MGG_17221T0	561	562	0	0
MGG_05457T0	4677	4678	10125	191.796
MGG_01802T0	3968	3969	6339	141.529
MGG_00144T0	1560	1561	321.724	18.2635
MGG_03236T0	1349	1350	13100.4	859.913
MGG_17346T0	252	253	168	58.8428
MGG_03238T0	2455	2456	2471.61	89.1776
MGG_01778T0	3393	3394	543	14.1773
MGG_00339T0	2054	2055	3491	150.537
MGG_11589T0	731	732	1410.08	170.701
MGG_08083T0	2257	2258	656	25.7445
MGG_03152T0	1150	1151	5373.24	413.681
MGG_13659T0	1689	1690	368	19.2959
MGG_08498T0	1536	1537	5	0.288271
MGG_01270T0	1109	1110	325	25.9457
MGG_00760T0	5556	5557	2092	33.36
MGG_05982T0	1458	1459	15355	932.608
MGG_14628T0	1807	1808	949	46.5128
MGG_01550T0	1613	1614	5024	275.836
MGG_15975T0	963	964	6	0.551542
MGG_09759T0	660	661	94	12.6018
MGG_13248T0	378	379	0	0
MGG_04057T0	948	949	9	0.84039
MGG_02645T0	339	340	0	0
MGG_02708T0	1170	1171	6194	468.726
MGG_09608T0	2272	2273	5	0.194928
MGG_14623T0	1848	1849	78	3.7382
MGG_04311T0	1606	1607	758.201	41.8093
MGG_15605T0	216	217	0	0
MGG_10109T0	588	589	68	10.2305
MGG_15731T0	2042	2043	372	16.1354
MGG_05381T0	1443	1444	326	20.0058
MGG_08476T0	969	970	15	1.37033
MGG_14690T0	1598	1599	243	13.4667
MGG_17519T0	258	259	7	2.39499
MGG_10473T0	1455	1456	3	0.182585
MGG_15693T0	150	151	0	0
MGG_02854T0	1911	1912	1105	51.2129
MGG_06924T0	2012	2013	10780	474.547
MGG_10103T0	1680	1681	269	14.1804
MGG_13624T0	5560	5561	4106	65.4291
MGG_12986T0	2344	2345	2560	96.739
MGG_05353T0	1587	1588	488	27.2316
MGG_17047T0	168	169	13	6.8165
MGG_09102T0	1809	1810	88	4.30833
MGG_06326T0	958	959	469.583	43.3909
MGG_05716T0	715	716	1689	209.036
MGG_16998T0	651	652	0	0
MGG_09239T0	2351	2352	3713	139.892
MGG_12708T0	855	856	569	58.9038
MGG_06026T0	2797	2798	4273	135.329
MGG_10463T0	1707	1708	33.4798	1.737
MGG_07086T0	1334	1335	3198	212.276
MGG_05004T0	3737	3738	882	20.909
MGG_00440T0	1824	1825	45	2.18501
MGG_12999T0	3180	3181	634	17.6616
MGG_01386T0	2071	2072	858	36.6946
MGG_15183T0	1741	1742	12	0.610433
MGG_13191T0	1710	1711	351.71	18.2154
MGG_02431T0	408	409	0	0
MGG_02899T0	2288	2289	6949	269.018
MGG_02097T0	2643	2644	61	2.04443
MGG_16477T0	4912	4913	695.482	12.5442
MGG_00161T0	2283	2284	1020	39.5739
MGG_16045T0	625	626	2131.29	301.699
MGG_17263T0	1242	1243	55	3.92099
MGG_15774T0	1645	1646	5021	270.312
MGG_10076T0	1437	1438	117	7.20994
MGG_17873T0	474	475	13	2.42524
MGG_09361T0	1114	1115	5666	450.305
MGG_08715T0	414	415	0	0
MGG_10458T0	948	949	0	0
MGG_14211T0	280	281	0	0
MGG_15336T0	381	382	0	0
MGG_09856T0	2569	2570	43	1.48265
MGG_01456T0	2245	2246	1138	44.899
MGG_10730T0	3926	3927	622	14.0357
MGG_02305T0	1419	1420	28	1.74733
MGG_09666T0	468	469	0	0
MGG_08559T0	1255	1256	839	59.1939
MGG_16188T0	889	890	58.4817	5.82283
MGG_06249T0	939	940	12321.3	1161.54
MGG_15631T0	213	214	21	8.69581
MGG_08122T0	3123	3124	1292	36.6485
MGG_16835T0	2504	2505	396	14.0085
MGG_09048T0	3766	3767	522	12.2795
MGG_09431T0	1419	1420	5	0.312023
MGG_07800T0	2489	2490	244	8.68351
MGG_00600T0	522	523	1045	177.059
MGG_02879T0	3687	3688	57	1.36958
MGG_13049T0	969	970	209	19.0932
MGG_03841T0	6205	6206	3402	48.5766
MGG_08689T0	4722	4723	4652	87.2823
MGG_00826T0	1087	1088	13	1.05881
MGG_04446T0	1910	1911	745	34.5462
MGG_15930T0	1137	1138	0	0
MGG_14563T0	4675	4676	3646	69.095
MGG_11072T0	1096	1097	156	12.6015
MGG_06288T0	1530	1531	931	53.8864
MGG_05551T0	1488	1489	6	0.357076
MGG_13020T0	2283	2284	1544	59.904
MGG_15735T0	303	304	1	0.291495
MGG_04334T0	1845	1846	1146	55.012
MGG_17756T0	216	217	0	0
MGG_11385T0	1771	1772	1540.03	77.0139
MGG_09349T0	1164	1165	2055	156.311
MGG_11914T0	2195	2196	1273.14	51.3746
MGG_02009T0	3173	3174	0	0
MGG_15250T0	1791	1792	456	22.5492
MGG_13441T0	1536	1537	190	10.9543
MGG_04387T0	2004	2005	522	23.0707
MGG_15254T0	210	211	0	0
MGG_14118T0	2730	2731	4860	157.695
MGG_08821T0	2911	2912	297.087	9.04059
MGG_16145T0	1233	1234	1043	74.8986
MGG_09304T0	1276	1277	1071	74.3196
MGG_16925T0	1637	1638	4.74572e-07	2.56739e-08
MGG_16925T1	1572	1573	27	1.52104
MGG_16547T0	594	595	0	0
MGG_08499T0	2264	2265	141.373	5.53097
MGG_07325T0	1497	1498	918	54.3045
MGG_02770T0	1280	1281	3006.37	207.969
MGG_04975T0	1554	1555	271	15.4434
MGG_08458T0	1394	1395	1458	92.6164
MGG_01304T0	2099	2100	1270	53.5907
MGG_00227T0	1251	1252	7.29789	0.516532
MGG_15981T0	360	361	0	0
MGG_15518T0	636	637	4	0.556449
MGG_00734T0	715	716	0	0
MGG_03722T0	2349	2350	5	0.188541
MGG_12276T0	3361	3362	882	23.2475
MGG_16346T0	291	292	0	0
MGG_04432T0	2105	2106	2392	100.649
MGG_17751T0	231	232	5	1.90979
MGG_06680T0	2377	2378	899.392	33.5152
MGG_02180T0	753	754	1321	155.252
MGG_05654T0	3176	3177	680	18.9669
MGG_10115T0	2675	2676	901	29.8362
MGG_16001T0	690	691	0	0
MGG_11511T0	1412	1413	65.7983	4.12645
MGG_09167T0	2596	2597	66	2.25204
MGG_06080T0	2046	2047	339	14.6753
MGG_01361T0	1836	1837	2141	103.279
MGG_18042T0	435	436	3	0.609733
MGG_16671T0	213	214	0	0
MGG_02836T0	2273	2274	10414.7	405.845
MGG_09589T0	11681	11682	17	0.128954
MGG_17040T0	571	572	8	1.23936
MGG_15550T0	397	398	27	6.01153
MGG_09553T0	6137	6138	2657.29	38.3634
MGG_08622T0	2251	2252	12408.6	488.268
MGG_05553T0	1446	1447	0	0
MGG_01305T0	974	975	2676	243.213
MGG_17766T0	342	343	0	0
MGG_04379T0	516	517	470	80.5586
MGG_05346T0	1612	1613	330	18.1294
MGG_17541T0	276	277	21	6.71806
MGG_12958T0	4027	4028	8140.34	179.084
MGG_10632T0	2638	2639	13314.5	447.083
MGG_07777T0	2614	2615	1034	35.0391
MGG_01011T0	1990	1991	1091	48.5577
MGG_02106T0	531	532	215	35.8122
MGG_09791T0	684	685	0	0
MGG_15638T0	333	334	33	8.75532
MGG_17163T0	258	259	8	2.73713
MGG_10655T0	2076	2077	3144	134.138
MGG_14612T0	2582	2583	0	0
MGG_13715T0	1502	1503	501	29.5382
MGG_00461T0	1533	1534	45	2.59951
MGG_09520T0	1512	1513	1236.61	72.4268
MGG_08999T0	555	556	48	7.65017
MGG_04536T1	3596	3597	1100.72	27.117
MGG_04536T0	3685	3686	143.278	3.44452
MGG_15150T0	327	328	0	0
MGG_14000T0	972	973	269.936	24.584
MGG_02192T0	2640	2641	2	0.0671067
MGG_07712T0	705	706	682	85.6021
MGG_07599T0	1271	1272	85	5.92156
MGG_01701T0	2191	2192	237	9.58103
MGG_03848T0	3247	3248	284	7.74831
MGG_15420T0	519	520	0	0
MGG_10878T0	1836	1837	2689	129.714
MGG_01201T0	3281	3282	543.314	14.6696
MGG_17079T0	2136	2137	1537.98	63.7751
MGG_17041T0	1684	1685	2241	117.855
MGG_14916T0	2798	2799	327	10.3526
MGG_10325T0	1963	1964	1073	48.4131
MGG_00591T0	1713	1714	375	19.3876
MGG_15571T0	447	448	43.2653	8.55789
MGG_14748T0	2027	2028	689	30.1062
MGG_07850T0	941	942	3	0.282212
MGG_12213T0	2082	2083	124.768	5.30784
MGG_15553T0	1381	1382	30	1.92361
MGG_09002T0	624	625	353	50.0494
MGG_15207T0	630	631	208	29.2105
MGG_10234T0	579	580	3	0.458351
MGG_14117T0	615	616	22	3.1648
MGG_12843T0	1757	1758	965	48.6422
MGG_02403T0	2172	2173	192.105	7.83399
MGG_02403T1	2167	2168	340.895	13.9337
MGG_16264T0	204	205	4	1.72906
MGG_04258T0	920	921	5	0.481077
MGG_08059T0	1467	1468	1052	63.503
MGG_02710T0	884	885	5849.31	585.687
MGG_16444T0	3807	3808	2193	51.0324
MGG_02565T0	1641	1642	0	0
MGG_05936T0	1323	1324	2542	170.134
MGG_02948T0	1706	1707	1839	95.4669
MGG_04425T0	1557	1558	1983	112.787
MGG_12546T0	312	313	13	3.68047
MGG_02739T0	1165	1166	437.535	33.2521
MGG_13891T0	4461	4462	1174	23.3154
MGG_15804T0	192	193	0	0
MGG_01031T0	675	676	83	10.8802
MGG_16921T0	793	794	715	79.7977
MGG_03004T0	3077	3078	49	1.41069
MGG_02620T0	978	979	9231.64	835.604
MGG_04938T0	1143	1144	67	5.18983
MGG_05628T0	1059	1060	77	6.43709
MGG_16611T0	984	985	21.4829	1.93268
MGG_18046T0	2451	2452	276	9.97455
MGG_12029T0	639	640	6	0.830761
MGG_01763T0	1152	1153	3	0.230567
MGG_06929T0	1784	1785	1494.31	74.1836
MGG_15709T0	174	175	0	0
MGG_08875T0	3368	3369	787	20.7004
MGG_17912T0	297	298	44	13.084
MGG_10007T0	318	319	0	0
MGG_17908T0	1776	1777	627	31.2669
MGG_01199T0	1008	1009	369	32.4071
MGG_11371T0	4259	4260	560	11.6488
MGG_10004T0	408	409	1184	256.527
MGG_05252T0	1375	1376	1500.35	96.6223
MGG_14705T0	267	268	22	7.27432
MGG_02468T0	3234	3235	1355	37.1167
MGG_07810T0	348	349	0	0
MGG_00729T0	3427	3428	1176	30.3998
MGG_16028T0	225	226	0	0
MGG_06411T0	1278	1279	717	49.6768
MGG_12939T0	1862	1863	4179	198.776
MGG_01034T0	5402	5403	1205.39	19.7696
MGG_05666T0	5841	5842	2567	38.9376
MGG_17578T0	642	643	257	35.4182
MGG_15199T0	411	412	0	0
MGG_17804T0	189	190	0	0
MGG_01544T0	1600	1601	385	21.3095
MGG_04128T0	2204	2205	1426	57.308
MGG_04209T0	2778	2779	435	13.8709
MGG_01453T0	2446	2447	160	5.79416
MGG_16715T0	261	262	73	24.6903
MGG_01631T0	2248	2249	5233.91	206.225
MGG_08119T0	393	394	8	1.79928
MGG_00239T0	3723	3724	0	0
MGG_16302T0	1145	1146	17	1.31453
MGG_15724T0	1579	1580	54.665	3.06589
MGG_17493T0	534	535	11.9212	1.97455
MGG_08026T0	965	966	14	1.28427
MGG_06765T0	2578	2579	5266	180.94
MGG_00134T0	4621	4622	1436	27.5315
MGG_16721T0	2775	2776	148	4.7244
MGG_04903T0	2970	2971	489.365	14.596
MGG_16514T0	561	562	28	4.41496
MGG_12424T0	3228	3229	605	16.6032
MGG_04790T0	6360	6361	890.735	12.4087
MGG_04058T0	1577	1578	251	14.0952
MGG_04440T0	3046	3047	1152	33.5031
MGG_01625T0	20262	20263	3925.78	17.1683
MGG_01625T1	20188	20189	992.217	4.35508
MGG_04415T0	2693	2694	376	12.3679
MGG_07340T0	3338	3339	805	21.3641
MGG_00360T0	2421	2422	453	16.5741
MGG_03520T0	348	349	643	163.264
MGG_13209T0	1179	1180	1419.49	106.599
MGG_04646T0	2915	2916	1211.28	36.8097
MGG_04501T0	2464	2465	506	18.1902
MGG_02482T0	3347	3348	940	24.8798
MGG_03643T0	4572	4573	569.492	11.0355
MGG_12308T0	2768	2769	706.34	22.6045
MGG_00433T0	615	616	99	14.2416
MGG_10578T0	1791	1792	1615	79.8618
MGG_09912T0	2338	2339	4840	183.366
MGG_14736T0	1134	1135	57	4.45024
MGG_08802T0	1506	1507	1035	60.86
MGG_02372T0	934	935	14	1.32685
MGG_06332T0	1047	1048	2263	191.35
MGG_16508T0	399	400	38	8.41837
MGG_10189T0	2480	2481	1499	53.5401
MGG_03339T0	695	696	0	0
MGG_04120T0	2852	2853	274	8.51047
MGG_09149T0	2925	2926	2	0.0605704
MGG_08525T0	1560	1561	2707	153.67
MGG_11928T0	195	196	0	0
MGG_10621T0	1582	1583	0	0
MGG_18068T0	306	307	0	0
MGG_15050T0	1371	1372	155	10.0111
MGG_05459T0	4284	4285	1123	23.2238
MGG_17274T0	1137	1138	133.402	10.3878
MGG_17274T1	1084	1085	2195.46	179.309
MGG_08933T0	2264	2265	0	0
MGG_12043T0	315	316	2	0.560851
MGG_05817T0	2108	2109	1807	75.9252
MGG_00815T0	804	805	35	3.8528
MGG_05194T0	1341	1342	754	49.7879
MGG_02568T0	453	454	1956	381.784
MGG_12175T0	16315	16316	5447	29.5834
MGG_06950T0	1701	1702	903.955	47.0643
MGG_12387T0	1215	1216	2807	204.557
MGG_04725T0	2253	2254	931	36.6016
MGG_08340T0	3001	3002	486.474	14.36
MGG_01592T0	1929	1930	5077	233.107
MGG_09740T0	336	337	0	0
MGG_01370T0	2918	2919	378	11.4753
MGG_08752T0	1395	1396	103	6.53817
MGG_08309T0	4752	4753	1235	23.0252
MGG_06498T0	1382	1383	1234.53	79.1013
MGG_02775T0	2065	2066	2086	89.4723
MGG_00485T0	4086	4087	303.934	6.58991
MGG_13926T0	1800	1801	5249	258.266
MGG_10383T0	1897	1898	400	18.6753
MGG_03635T0	1011	1012	404.54	35.423
MGG_17783T0	168	169	0	0
MGG_09468T0	1465	1466	19	1.14848
MGG_03871T0	2790	2791	835	26.5113
MGG_00420T0	1605	1606	0	0
MGG_13529T0	622	623	259	36.8397
MGG_03055T0	2500	2501	355.972	12.6127
MGG_00919T0	2214	2215	1445	57.8094
MGG_08952T0	876	877	0	0
MGG_08824T0	1169	1170	283.545	21.4754
MGG_17690T0	3075	3076	4748	136.782
MGG_16306T0	153	154	26	14.9609
MGG_03021T0	2339	2340	362	13.7087
MGG_07858T0	14334	14335	0	0
MGG_07278T0	2422	2423	2169	79.3251
MGG_04201T0	1630	1631	14731	800.355
MGG_16834T0	2451	2452	1339	48.391
MGG_16513T0	516	517	0	0
MGG_14722T0	2865	2866	0	0
MGG_15925T0	261	262	0	0
MGG_06248T0	2027	2028	2315.68	101.185
MGG_15629T0	180	181	0	0
MGG_15335T0	981	982	0	0
MGG_05342T0	1562	1563	2218	125.75
MGG_04686T0	2567	2568	539	18.5994
MGG_15837T0	1421	1422	534	33.2772
MGG_09834T0	2986	2987	273	8.09901
MGG_00682T0	360	361	716	175.756
MGG_17762T0	306	307	0	0
MGG_12098T0	2397	2398	1385	51.1806
MGG_11525T0	1166	1167	0	0
MGG_09081T0	1707	1708	768	39.8454
MGG_15038T0	3810	3811	13572	315.58
MGG_06492T0	4093	4094	2580	55.844
MGG_09917T0	4031	4032	3271	71.8894
MGG_16999T0	644	645	13	1.78603
MGG_14835T0	2135	2136	1077	44.6806
MGG_00565T0	561	562	1	0.157677
MGG_10699T0	1637	1638	844	45.6597
MGG_17815T0	322	323	127	34.8422
MGG_07461T0	3218	3219	675	18.5818
MGG_10500T0	1374	1375	0	0
MGG_16573T0	510	511	0	0
MGG_14116T0	321	322	4	1.1008
MGG_03990T0	2445	2446	353.212	12.7963
MGG_08066T0	666	667	13.6763	1.81697
MGG_16824T0	198	199	7	3.11709
MGG_04418T0	2067	2068	1470	62.99
MGG_16118T0	195	196	3	1.35634
MGG_09861T0	2152	2153	1239	50.9955
MGG_07012T0	2679	2680	2392	79.0917
MGG_06451T0	1516	1517	9	0.525729
MGG_17209T0	561	562	3.5	0.551869
MGG_18133T0	2424	2425	1.26791	0.0463319
MGG_07083T0	3917	3918	1848	41.7967
MGG_06669T0	1140	1141	4336	336.75
MGG_05881T0	2325	2326	137	5.21934
MGG_00046T0	2838	2839	45	1.4046
MGG_12864T0	1751	1752	537	27.1609
MGG_10056T0	1690	1691	5734	300.482
MGG_12760T0	2523	2524	345.727	12.138
MGG_12760T1	2002	2003	631.329	27.9305
MGG_02624T0	1415	1416	5191	324.857
MGG_04955T0	1230	1231	970	69.8262
MGG_15248T0	4836	4837	18	0.329762
MGG_09408T1	8496	8497	893.712	9.32045
MGG_09408T2	8207	8208	138.857	1.49912
MGG_09408T0	8566	8567	9289.4	96.0868
MGG_06724T0	1059	1060	7038	588.367
MGG_04974T0	1147	1148	3397	262.215
MGG_16778T0	1323	1324	0	0
MGG_06009T0	1503	1504	30	1.76758
MGG_17863T0	150	151	10	5.86851
MGG_08626T1	1568	1569	20.5587	1.16112
MGG_08626T0	2128	2129	717.982	29.8843
MGG_13874T0	1722	1723	0	0
MGG_01412T0	1548	1549	56	3.20362
MGG_14742T0	2558	2559	885	30.6463
MGG_13679T0	222	223	0	0
MGG_18090T0	756	757	4	0.46824
MGG_13563T0	1153	1154	84512	6489.59
MGG_06636T0	1268	1269	573	40.0127
MGG_12473T0	3405	3406	4231	110.079
MGG_05984T0	1861	1862	6227	296.349
MGG_16191T0	162	163	8	4.34918
MGG_14622T0	246	247	4	1.43505
MGG_09969T0	1773	1774	59	2.94716
MGG_06155T0	3628	3629	141	3.443
MGG_09695T0	1341	1342	676.662	44.6811
MGG_15296T0	615	616	1	0.143855
MGG_09503T0	1946	1947	214	9.73985
MGG_04114T0	2122	2123	9590	400.289
MGG_06148T0	3084	3085	18048.4	518.427
MGG_00589T0	1793	1794	220.104	10.872
MGG_12606T0	1834	1835	12676	612.14
MGG_15769T0	2335	2336	2933	111.261
MGG_06261T0	4936	4937	2541	45.6085
MGG_13291T0	3080	3081	24	0.690278
MGG_05927T0	1081	1082	25	2.04747
MGG_02939T0	2965	2966	2161	64.5637
MGG_17790T0	294	295	17	5.1066
MGG_17492T0	2971	2972	829	24.7178
MGG_08677T0	1143	1144	11	0.852062
MGG_04325T0	2424	2425	15994.2	584.462
MGG_02944T0	5145	5146	3280	56.4818
MGG_14340T0	1035	1036	1483.05	126.853
MGG_06078T0	2372	2373	1066	39.8074
MGG_03327T0	1707	1708	1365	70.8189
MGG_12733T0	1024	1025	7	0.605172
MGG_05652T0	5487	5488	1820.89	29.4019
MGG_16708T0	156	157	6	3.38654
MGG_03599T0	1519	1520	615.263	35.8692
MGG_03524T0	1825	1826	2211	107.298
MGG_06737T0	711	712	33.0172	4.10927
MGG_10013T0	1017	1018	1	0.0870476
MGG_00540T0	2167	2168	1633	66.747
MGG_12668T0	1014	1015	12	1.04766
MGG_04406T0	8595	8596	17	0.17525
MGG_03940T0	1957	1958	2120.69	95.9774
MGG_14862T0	372	373	43	10.2156
MGG_08132T0	1762	1763	3969	199.496
MGG_15515T0	1494	1495	0	0
MGG_08838T0	698	699	766	97.1083
MGG_03723T0	1551	1552	641	36.5991
MGG_16587T0	252	253	11	3.8528
MGG_11304T0	556	557	0	0
MGG_02110T0	1109	1110	6	0.478997
MGG_01252T0	731	732	759	91.883
MGG_09381T0	1317	1318	13	0.874042
MGG_06653T0	1305	1306	20842	1414.17
MGG_17147T0	180	181	0	0
MGG_16136T0	183	184	5	2.408
MGG_14791T0	1191	1192	126	9.36696
MGG_14994T0	923	924	11	1.05493
MGG_07934T0	1017	1018	133	11.5773
MGG_17198T0	711	712	5	0.622293
MGG_09603T0	1044	1045	12	1.01758
MGG_06387T0	2162	2163	793	32.4879
MGG_13026T0	961	962	175	16.1201
MGG_09827T0	1850	1851	2785	133.329
MGG_04973T0	1724	1725	40	2.05483
MGG_10537T0	2131	2132	96	3.99014
MGG_09128T0	539	540	37	6.07173
MGG_16155T0	228	229	3	1.16089
MGG_17416T0	784	785	81	9.14366
MGG_02385T0	4158	4159	1309	27.8904
MGG_10179T0	726	727	1240.61	151.218
MGG_03476T0	2080	2081	756	32.1925
MGG_10917T0	1659	1660	0	0
MGG_04167T0	687	688	2972	382.794
MGG_17849T0	201	202	0	0
MGG_08200T0	2930	2931	682	20.6193
MGG_02621T1	1853	1854	13.3361	0.637419
MGG_02621T0	1712	1713	515.025	26.6425
MGG_01695T0	5453	5454	1213.13	19.7104
MGG_08684T0	447	448	0	0
MGG_01294T0	3999	4000	952	21.0902
MGG_16736T0	366	367	3.37435	0.814757
MGG_04962T0	1917	1918	1958	90.4625
MGG_06752T0	3036	3037	961	28.0403
MGG_00445T0	2165	2166	121.13	4.95563
MGG_11783T0	5168	5169	6753	115.77
MGG_02522T0	438	439	93	18.7725
MGG_06904T0	2016	2017	1740	76.4448
MGG_10255T0	1530	1531	109	6.30893
MGG_00496T0	1533	1534	1497.92	86.5303
MGG_06575T0	1845	1846	34	1.63212
MGG_13168T0	3623	3624	459	11.2235
MGG_09015T0	1432	1433	1873	115.823
MGG_18141T0	372	373	0	0
MGG_11196T0	3505	3506	575	14.5332
MGG_07832T0	1224	1225	159	11.5018
MGG_16495T0	243	244	5	1.81587
MGG_11708T0	663	664	383	51.1135
MGG_00825T0	342	343	0	0
MGG_16947T0	840	841	14.1687	1.49293
MGG_11149T0	1670	1671	3197	169.539
MGG_01894T0	3144	3145	1835	51.7035
MGG_15976T0	2652	2653	12	0.400819
MGG_12129T0	1050	1051	877	73.9438
MGG_10669T0	2343	2344	533	20.15
MGG_08063T0	1971	1972	4717	211.965
MGG_06418T0	2222	2223	2377	94.7533
MGG_00976T0	4815	4816	2461	45.2824
MGG_15933T0	2066	2067	1	0.0428711
MGG_05186T0	1518	1519	2969	173.204
MGG_15364T0	666	667	0	0
MGG_08620T0	1803	1804	919	45.1423
MGG_17654T0	1274	1275	0	0
MGG_09617T0	375	376	3	0.70703
MGG_12377T0	5995	5996	4663	68.9141
MGG_05236T0	1201	1202	429	31.627
MGG_10596T0	2832	2833	4482.14	140.199
MGG_10596T1	3025	3026	1999.86	58.5646
MGG_06521T0	1799	1800	500	24.6151
MGG_09376T0	1650	1651	10	0.536732
MGG_03634T0	2734	2735	2398	77.6956
MGG_12174T0	1307	1308	3290	222.891
MGG_01457T0	3311	3312	601.214	16.0858
MGG_12480T0	1215	1216	0	0
MGG_08296T0	1701	1702	18.1064	0.942707
MGG_08296T1	1419	1420	93.8936	5.85939
MGG_16038T0	2396	2397	647	23.9189
MGG_12946T0	678	679	6	0.783044
MGG_05599T0	3581	3582	868	21.4733
MGG_04657T0	5521	5522	955.106	15.3271
MGG_03832T0	1497	1498	0	0
MGG_00290T0	1205	1206	97.1045	7.13505
MGG_05826T0	1538	1539	6.07296	0.349677
MGG_00167T0	1346	1347	10416	685.233
MGG_08962T0	995	996	0	0
MGG_15565T0	1815	1816	1310	63.9234
MGG_11534T0	3856	3857	7865	180.698
MGG_09300T0	3196	3197	1593	44.1548
MGG_00765T0	468	469	53	10.014
MGG_14926T0	531	532	8	1.33255
MGG_09724T0	417	418	0	0
MGG_00079T1	2031	2032	8.03765	0.350518
MGG_00079T0	1866	1867	10.9623	0.520312
MGG_18142T0	564	565	0	0
MGG_13440T0	1476	1477	562	33.7179
MGG_11280T0	870	871	0	0
MGG_06771T0	675	676	9910	1299.07
MGG_17332T0	186	187	0	0
MGG_17724T0	1497	1498	457.125	27.0413
MGG_16722T0	273	274	2	0.646821
MGG_11904T0	4618	4619	899	17.2471
MGG_02486T0	2571	2572	659	22.7049
MGG_10607T0	1921	1922	6795	313.286
MGG_14772T0	1102	1103	6006	482.519
MGG_04067T0	3266	3267	2937	79.6635
MGG_00203T0	2521	2522	83	2.91634
MGG_01615T0	4199	4200	2275	47.9995
MGG_00759T0	2096	2097	1168.29	49.3693
MGG_00834T0	2098	2099	330	13.9318
MGG_16771T0	283	284	36	11.2328
MGG_01817T0	2851	2852	912	28.3367
MGG_09310T0	2712	2713	583	19.0425
MGG_16922T0	426	427	2	0.415056
MGG_04423T0	2567	2568	1385.42	47.807
MGG_01180T0	1426	1427	1074	66.6937
MGG_07505T0	809	810	103	11.2683
MGG_17252T0	1554	1555	44	2.50742
MGG_15246T0	1008	1009	16	1.40518
MGG_10435T0	1221	1222	0	0
MGG_04364T0	2127	2128	56	2.33196
MGG_17998T0	465	466	0	0
MGG_17781T0	267	268	0	0
MGG_15752T0	219	220	8	3.22234
MGG_13499T0	2056	2057	3131	134.882
MGG_02302T0	1350	1351	62	4.06669
MGG_16275T0	150	151	0	0
MGG_02064T0	2094	2095	343	14.5082
MGG_01130T0	2570	2571	1735	59.8001
MGG_08771T0	1150	1151	455	35.03
MGG_16691T0	204	205	4	1.72906
MGG_12159T0	2070	2071	1588.81	67.9825
MGG_15052T0	339	340	24	6.25514
MGG_11061T0	2860	2861	1729	53.5527
MGG_00102T0	2344	2345	358	13.5283
MGG_06587T0	1783	1784	880.712	43.7465
MGG_16442T0	1093	1094	505	40.9052
MGG_00127T0	2040	2041	1448	62.8681
MGG_08121T0	2084	2085	668	28.3906
MGG_03945T0	2144	2145	685	28.2988
MGG_02972T0	2003	2004	0	0
MGG_01666T0	2935	2936	2348	70.8674
MGG_15295T0	2892	2893	541	16.5712
MGG_12383T0	2778	2779	8	0.255097
MGG_08974T0	2337	2338	664	25.1668
MGG_07673T0	1927	1928	681	31.3
MGG_01122T0	1153	1154	22	1.68936
MGG_16719T0	279	280	10	3.1648
MGG_16335T0	246	247	5	1.79382
MGG_17665T0	420	421	0	0
MGG_15005T0	2135	2136	635	26.3437
MGG_06960T0	2469	2470	646	23.1761
MGG_06932T0	2472	2473	1961	70.2681
MGG_11573T0	992	993	979	87.3651
MGG_02050T0	1670	1671	1556	82.5159
MGG_17091T0	192	193	0	0
MGG_03997T0	3463	3464	5219.23	133.516
MGG_15540T0	1449	1450	1077.59	65.8552
MGG_13222T0	2525	2526	1650	57.8836
MGG_11945T0	2886	2887	286	8.77857
MGG_03630T0	2058	2059	511	21.9922
MGG_17700T0	331	332	5	1.33456
MGG_04131T0	2168	2169	1592.55	65.0637
MGG_14330T0	1653	1654	17	0.91079
MGG_08334T0	1710	1711	47.1385	2.44135
MGG_10805T0	990	991	1	0.0894192
MGG_04878T0	6696	6697	2619	34.6545
MGG_04703T0	6310	6311	2397	33.6569
MGG_06323T0	1244	1245	2311.21	164.503
MGG_16716T0	396	397	13	2.90173
MGG_08203T0	486	487	3849	700.364
MGG_05477T0	1892	1893	3217	150.593
MGG_01218T0	4042	4043	57	1.24933
MGG_17997T0	339	340	3	0.781892
MGG_17955T0	582	583	10	1.51997
MGG_16634T0	1284	1285	53.2424	3.67163
MGG_00700T0	2586	2587	2034	69.6721
MGG_17876T0	339	340	0	0
MGG_07258T0	2947	2948	753	22.6346
MGG_07211T0	2131	2132	1325	55.0723
MGG_14216T0	480	481	31	5.71112
MGG_08176T0	756	757	107	12.5254
MGG_01455T0	920	921	16.5664	1.59394
MGG_17903T0	288	289	14	4.29274
MGG_10266T0	1293	1294	0	0
MGG_13180T0	198	199	12	5.34359
MGG_08387T0	1632	1633	0	0
MGG_08737T0	1931	1932	290	13.3013
MGG_06138T0	3997	3998	2628	58.2488
MGG_16123T0	417	418	16	3.39194
MGG_09391T0	1281	1282	0	0
MGG_00833T0	2843	2844	405	12.6191
MGG_15542T0	291	292	0	0
MGG_13671T0	240	241	0	0
MGG_00143T0	2383	2384	1259	46.7977
MGG_04002T0	896	897	1585	156.582
MGG_12922T0	5146	5147	1227	21.1249
MGG_17316T0	258	259	0	0
MGG_03316T1	3068	3069	6.08189e-07	1.75609e-08
MGG_03316T0	2946	2947	242	7.27679
MGG_10696T0	1810	1811	435	21.2851
MGG_11340T0	4555	4556	5051.39	98.2499
MGG_15110T0	1329	1330	168.451	11.2234
MGG_09995T0	4732	4733	1263	23.6467
MGG_10414T0	1884	1885	784	36.8561
MGG_11188T0	4106	4107	1547.73	33.3945
MGG_03714T0	3257	3258	4726	128.543
MGG_06218T0	3768	3769	3444	80.9733
MGG_15188T0	639	640	0	0
MGG_15037T0	1638	1639	7	0.378463
MGG_10475T0	1431	1432	3	0.185645
MGG_16138T0	309	310	16	4.57365
MGG_04678T0	1761	1762	886	44.5587
MGG_15701T0	3144	3145	0	0
MGG_01840T0	3259	3260	1756	47.7322
MGG_16977T0	423	424	70	14.6297
MGG_16729T0	1733	1734	331.221	16.9268
MGG_04493T0	2789	2790	1046	33.2225
MGG_07726T0	369	370	12	2.87398
MGG_07529T0	821	822	363	39.1327
MGG_02782T0	1635	1636	446	24.1577
MGG_10066T0	942	943	1794	168.584
MGG_05375T0	1286	1287	740	50.9516
MGG_04003T0	1305	1306	177	12.0098
MGG_03979T0	3028	3029	1030.38	30.144
MGG_16355T0	901	902	0	0
MGG_07584T0	1629	1630	0	0
MGG_03651T0	2240	2241	268.637	10.6225
MGG_09359T0	4034	4035	636.105	13.9698
MGG_10483T0	1929	1930	2430	111.572
MGG_11710T0	1032	1033	954	81.8376
MGG_04278T0	1113	1114	3	0.238639
MGG_15441T0	1716	1717	4	0.20644
MGG_16311T0	892	893	410.85	40.7696
MGG_15771T0	413	414	2	0.428089
MGG_15194T0	723	724	2	0.244791
MGG_05258T0	2178	2179	1803	73.3235
MGG_04818T0	1461	1462	1637	99.2215
MGG_08587T0	2659	2660	801	26.6843
MGG_15239T0	1442	1443	1208	74.1831
MGG_10466T0	798	799	0	0
MGG_08134T0	4108	4109	287.031	6.1901
MGG_04669T0	3578	3579	717	17.7526
MGG_00816T0	831	832	24	2.55619
MGG_02117T0	2134	2135	2876	119.37
MGG_04363T0	2953	2954	1381	41.4274
MGG_00709T0	741	742	155.275	18.5439
MGG_08218T0	471	472	0	0
MGG_17070T0	237	238	5	1.86165
MGG_06763T0	1939	1940	395.224	18.0529
MGG_08342T0	1826	1827	31	1.50358
MGG_13532T0	3769	3770	1483	34.8582
MGG_10441T0	1014	1015	68	5.93673
MGG_07434T0	2608	2609	1859.45	63.1561
MGG_00920T0	1676	1677	384	20.291
MGG_13007T0	2666	2667	180	5.98073
MGG_05294T0	1469	1470	817	49.2504
MGG_10792T0	1332	1333	268	17.816
MGG_00468T0	2999	3000	1384	40.8808
MGG_16802T0	492	493	7	1.25822
MGG_15501T1	1207	1208	0	0
MGG_15501T0	1211	1212	280.637	20.5186
MGG_04729T0	1368	1369	1276	82.5946
MGG_15991T0	3364	3365	11438	301.21
MGG_08871T0	4185	4186	400	8.4677
MGG_03510T0	5258	5259	992	16.7153
MGG_07052T0	1791	1792	1393	68.8839
MGG_15062T0	1585	1586	696	38.8876
MGG_14966T0	1548	1549	48	2.74596
MGG_05163T0	1857	1858	5	0.238467
MGG_03086T0	1245	1246	188	13.3704
MGG_01008T0	3036	3037	2863	83.5374
MGG_01036T0	2033	2034	279	12.1551
MGG_16749T0	2622	2623	975	32.939
MGG_18012T0	159	160	8	4.43072
MGG_17988T0	741	742	747	89.2116
MGG_06916T0	1006	1007	1219.7	107.332
MGG_04935T0	1993	1994	1395	61.9946
MGG_14676T0	2887	2888	3782	116.046
MGG_03388T0	1608	1609	390	21.479
MGG_04803T0	5110	5111	2806	48.6504
MGG_00120T0	588	589	547	82.2956
MGG_10630T0	3140	3141	1141.55	32.2055
MGG_08526T0	1725	1726	43382	2227.27
MGG_11688T0	575	576	20	3.07689
MGG_07212T0	928	929	6276	598.648
MGG_03849T0	868	869	81	8.25981
MGG_04830T0	1995	1996	948.865	42.1258
MGG_15072T0	3036	3037	10308.9	300.795
MGG_03650T0	945	946	232	21.7321
MGG_16112T0	156	157	2	1.12885
MGG_01940T0	1434	1435	13	0.802779
MGG_07878T0	2503	2504	137	4.84832
MGG_17352T0	207	208	0	0
MGG_03128T0	1177	1178	107	8.04902
MGG_08423T0	1973	1974	907.975	40.7597
MGG_09935T0	4038	4039	872.418	19.1406
MGG_09175T0	1511	1512	203	11.8973
MGG_00634T0	4254	4255	1047	21.8048
MGG_17024T0	1368	1369	4	0.258917
MGG_06825T0	1146	1147	34	2.62676
MGG_03625T0	2340	2341	879	33.273
MGG_07247T0	1659	1660	111	5.92542
MGG_03619T0	2247	2248	22538	888.431
MGG_10782T0	669	670	0	0
MGG_14944T0	897	898	0	0
MGG_15412T0	252	253	0	0
MGG_15957T0	405	406	9	1.96436
MGG_13014T0	6236	6237	10369	147.321
MGG_10855T0	1470	1471	679.228	40.9174
MGG_16738T0	2383	2384	495.213	18.4073
MGG_11282T0	2637	2638	782.621	26.2894
MGG_10619T0	763	764	798	92.558
MGG_07455T0	1382	1383	193	12.3663
MGG_08178T0	3161	3162	560	15.6939
MGG_14593T0	939	940	0	0
MGG_07251T0	948	949	5	0.466883
MGG_01436T0	1951	1952	600.412	27.2568
MGG_00780T0	1249	1250	282	19.9914
MGG_13374T0	867	868	41	4.18571
MGG_17078T0	2356	2357	1511	56.808
MGG_12164T0	2305	2306	1671	64.2128
MGG_08594T0	4347	4348	923.958	18.8307
MGG_01834T0	3641	3642	1156	28.1269
MGG_11869T0	774	775	252	28.814
MGG_11489T0	5188	5189	374.656	6.39814
MGG_14857T0	1502	1503	429.993	25.3517
MGG_01943T0	687	688	10	1.288
MGG_10400T0	1501	1502	5372	316.935
MGG_04577T0	3087	3088	375	10.7611
MGG_15175T0	2276	2277	1454	56.5856
MGG_01419T0	4812	4813	696	12.8144
MGG_00268T0	2145	2146	234.973	9.7027
MGG_00268T1	2581	2582	249.027	8.54663
MGG_14712T0	14199	14200	287	1.79101
MGG_07660T0	4179	4180	22159	469.763
MGG_03493T0	1809	1810	221	10.8198
MGG_17372T0	1752	1753	180	9.09903
MGG_09664T0	2875	2876	55	1.69464
MGG_04826T0	1677	1678	1220	64.4277
MGG_13598T0	1365	1366	3	0.194614
MGG_15322T0	780	781	73	8.28279
MGG_14496T0	4213	4214	945	19.872
MGG_08050T0	1861	1862	1338	63.6768
MGG_15888T0	2531	2532	598	20.9287
MGG_01756T0	1121	1122	1379	108.912
MGG_09675T0	426	427	0	0
MGG_09501T0	1212	1213	467	34.1162
MGG_09266T0	987	988	395	35.4278
MGG_06429T0	2123	2124	455	18.9829
MGG_00958T0	2410	2411	924	33.9609
MGG_14981T0	681	682	0	0
MGG_07276T0	2989	2990	1508	44.6925
MGG_16153T0	186	187	1	0.473874
MGG_08112T0	2805	2806	1479	46.7073
MGG_04253T0	1942	1943	35	1.59625
MGG_03733T0	1741	1742	953.487	48.5033
MGG_11899T0	3679	3680	1316	31.6893
MGG_13465T0	2066	2067	260	11.1465
MGG_16458T0	360	361	11	2.70016
MGG_02889T0	902	903	5252	515.397
MGG_17596T0	1750	1751	1829	92.5619
MGG_00345T0	7679	7680	3156	36.415
MGG_17837T0	237	238	0	0
MGG_08275T0	820	821	773	83.4336
MGG_00142T0	2812	2813	1953	61.5229
MGG_17124T0	183	184	0	0
MGG_07731T0	2493	2494	507	18.0142
MGG_01224T0	2976	2977	1031	30.6891
MGG_08003T0	1664	1665	8	0.425775
MGG_04383T0	1572	1573	380	21.4072
MGG_17495T0	423	424	0	0
MGG_16307T0	322	323	3	0.823045
MGG_18039T0	831	832	52	5.5384
MGG_03157T0	1746	1747	419	21.2533
MGG_05661T0	1036	1037	15909	1359.47
MGG_04712T0	2296	2297	822.738	31.7399
MGG_09261T0	969	970	2810	256.708
MGG_14718T0	414	415	0	0
MGG_10448T0	2893	2894	1978.75	60.5894
MGG_09839T0	1297	1298	44.1102	3.0114
MGG_08011T0	1316	1317	249	16.754
MGG_16662T0	309	310	0	0
MGG_14565T0	564	565	8	1.25472
MGG_00691T0	2781	2782	462	14.716
MGG_08897T0	2517	2518	2518	88.6145
MGG_10492T0	1910	1911	3184	147.644
MGG_06458T0	2101	2102	974.193	41.0693
MGG_05418T0	852	853	15	1.55828
MGG_03961T0	1353	1354	1355.95	88.7418
MGG_03301T0	1124	1125	243	19.1407
MGG_08844T0	1086	1087	3234.33	263.669
MGG_03765T0	2424	2425	4789	175
MGG_09536T0	3497	3498	3036	76.9107
MGG_10278T0	1534	1535	5	0.288646
MGG_16418T0	1224	1225	54	3.90627
MGG_18032T0	189	190	0	0
MGG_08323T0	1525	1526	1264	73.4002
MGG_04076T0	1752	1753	56	2.83081
MGG_15938T0	387	388	0	0
MGG_10509T0	1365	1366	0	0
MGG_02591T0	890	891	4	0.39782
MGG_05843T0	1676	1677	52	2.74774
MGG_15846T0	366	367	30	7.24369
MGG_07354T0	1371	1372	26	1.67928
MGG_04839T0	1300	1301	2074	141.265
MGG_13025T0	2341	2342	119	4.50261
MGG_10779T0	402	403	0	0
MGG_03898T0	2124	2125	58.6169	2.44438
MGG_01729T0	1246	1247	885	62.89
MGG_00275T0	2382	2383	464.903	17.2879
MGG_13549T0	984	985	29	2.60895
MGG_01611T0	666	667	1696	225.323
MGG_15329T0	1386	1387	89	5.68615
MGG_04570T0	1962	1963	139	6.27479
MGG_04081T0	888	889	975	97.1868
MGG_04370T0	2842	2843	59	1.83899
MGG_17360T0	330	331	32	8.56696
MGG_04339T0	1943	1944	13	0.592586
MGG_15811T0	1274	1275	200	13.9003
MGG_09353T0	2181	2182	19	0.77162
MGG_12749T0	2471	2472	3313	118.762
MGG_10467T0	650	651	8	1.08896
MGG_16754T0	359	360	93	22.8921
MGG_08057T0	1617	1618	1856	101.649
MGG_00752T0	1346	1347	553	36.38
MGG_16627T0	201	202	0	0
MGG_06449T0	3945	3946	248.348	5.5771
MGG_18036T0	159	160	0	0
MGG_03900T0	2112	2113	37224	1561.09
MGG_02224T0	1470	1471	736	44.3374
MGG_08027T0	720	721	5	0.614525
MGG_02881T0	1374	1375	409	26.3588
MGG_06821T0	1995	1996	649	28.813
MGG_10154T0	1525	1526	1800	104.526
MGG_03003T0	1443	1444	242	14.8509
MGG_16434T0	772	773	3.10775	0.356263
MGG_05397T0	2153	2154	50	2.05697
MGG_00689T0	3262	3263	1215	32.9962
MGG_01007T0	1299	1300	251.391	17.1361
MGG_04891T0	3302	3303	1060	28.4382
MGG_05844T0	1690	1691	906	47.4776
MGG_02132T0	3140	3141	601	16.9555
MGG_11612T0	1625	1626	454	24.7423
MGG_01807T0	1304	1305	3332	226.255
MGG_06902T0	3372	3373	1244	32.682
MGG_01259T0	1874	1875	744	35.1622
MGG_00238T0	1530	1531	0	0
MGG_11749T0	240	241	38	13.9724
MGG_06941T0	2084	2085	2212	94.0121
MGG_06321T0	2437	2438	3768	136.956
MGG_04037T0	6031	6032	1880	27.6186
MGG_09216T0	1091	1092	287	23.2897
MGG_07063T0	3045	3046	2061	59.9588
MGG_09487T0	2025	2026	346	15.1336
MGG_04495T0	2406	2407	1495	55.0389
MGG_05913T0	657	658	7121	959.002
MGG_00513T0	358	359	7264	1793.02
MGG_13188T0	1736	1737	5273	269.006
MGG_11543T0	1471	1472	1121	67.4842
MGG_03425T0	1245	1246	6	0.426715
MGG_16057T0	630	631	0	0
MGG_04720T0	1879	1880	681	32.0992
MGG_17836T0	159	160	1	0.55384
MGG_17490T0	956	957	20	1.85192
MGG_15281T0	4126	4127	734.322	15.7673
MGG_01551T0	2887	2888	6345	194.688
MGG_07002T0	475	476	27	5.02645
MGG_00876T0	2219	2220	2547.6	101.691
MGG_17787T0	2185	2186	1137.22	46.0997
MGG_16703T0	357	358	0	0
MGG_01989T0	1665	1666	14	0.744659
MGG_04321T1	4397	4398	1159.48	23.3621
MGG_04321T0	3549	3550	397.524	9.92291
MGG_01804T0	3008	3009	994	29.2731
MGG_01518T0	4308	4309	1994.19	41.0104
MGG_06694T0	2266	2267	2276.45	88.9839
MGG_09541T0	1836	1837	156	7.52523
MGG_13185T0	2727	2728	6813	221.309
MGG_02062T0	1206	1207	601	44.1237
MGG_07927T0	2252	2253	1410.68	55.4846
MGG_17424T0	201	202	14	6.1416
MGG_17154T0	2099	2100	30	1.26592
MGG_11288T0	2535	2536	181.181	6.33094
MGG_15133T0	3145	3146	380	10.7036
MGG_01048T0	1431	1432	407.238	25.2006
MGG_07404T0	1806	1807	4904	240.49
MGG_12715T0	672	673	4010	528
MGG_17007T0	150	151	0	0
MGG_04978T0	1591	1592	5448	303.248
MGG_02611T0	4019	4020	2218	48.8923
MGG_17287T0	1080	1081	0	0
MGG_01075T0	579	580	55	8.4031
MGG_16007T0	600	601	0	0
MGG_07237T0	1216	1217	2614.91	190.402
MGG_00633T0	3102	3103	3271	93.4122
MGG_00636T0	1953	1954	898	40.7246
MGG_16748T0	420	421	9	1.89437
MGG_14983T0	546	547	0	0
MGG_09697T0	4920	4921	5438	97.9243
MGG_02203T0	1678	1679	38	2.00557
MGG_16366T0	273	274	0	0
MGG_08304T0	3948	3949	735.486	16.5041
MGG_15444T0	325	326	4	1.08729
MGG_11739T0	1647	1648	712	38.2849
MGG_11445T1	1042	1043	64.0007	5.43757
MGG_11445T0	1050	1051	194.761	16.4212
MGG_09251T0	882	883	0	0
MGG_12636T0	2586	2587	929	31.8217
MGG_16860T0	1481	1482	108	6.45773
MGG_13223T0	4029	4030	389	8.5536
MGG_02006T0	2349	2350	80	3.01666
MGG_04375T0	1988	1989	589.292	26.2543
MGG_08333T0	1163	1164	237.862	18.1082
MGG_06225T0	462	463	10	1.91392
MGG_17625T0	2442	2443	13	0.471546
MGG_07571T0	1498	1499	76	4.49279
MGG_17120T0	333	334	5	1.32656
MGG_14146T0	522	523	19	3.21926
MGG_00451T0	1532	1533	1977	114.28
MGG_12327T0	2524	2525	1463	51.3437
MGG_09398T0	1932	1933	234	10.7273
MGG_05435T0	2069	2070	64	2.73977
MGG_02784T0	6946	6947	651	8.30402
MGG_06329T0	1041	1042	552	46.9436
MGG_04875T0	1163	1164	123	9.3639
MGG_03424T0	1077	1078	0	0
MGG_06374T0	1944	1945	1422	64.7865
MGG_04882T0	1801	1802	1472.64	72.4178
MGG_00162T0	885	886	1361	136.122
MGG_17314T0	354	355	9	2.24656
MGG_04917T0	4813	4814	641	11.7993
MGG_05451T0	2472	2473	5566	199.445
MGG_02778T0	543	544	56446	9194.73
MGG_02461T0	2494	2495	597	21.2035
MGG_17118T0	375	376	31	7.30598
MGG_07994T0	555	556	0	0
MGG_05692T0	705	706	453	56.8589
MGG_15078T0	3624	3625	1555	38.0125
MGG_17718T1	629	630	22	3.09447
MGG_17718T0	767	768	0	0
MGG_14883T0	904	905	71	6.95207
MGG_13871T0	525	526	2.23417	0.376387
MGG_05398T0	746	747	0	0
MGG_04127T0	1588	1589	486	27.103
MGG_18134T0	2043	2044	212	9.19093
MGG_10975T0	375	376	107	25.2174
MGG_04198T0	905	906	534	52.2297
MGG_07014T0	4006	4007	828	18.3111
MGG_17759T0	408	409	3	0.649984
MGG_09729T0	450	451	17	3.34023
MGG_16603T0	408	409	0	0
MGG_15968T0	1356	1357	0	0
MGG_01864T0	758	759	0	0
MGG_05429T1	711	712	1	0.124459
MGG_05429T0	946	947	15	1.40361
MGG_17505T0	2195	2196	403	16.2621
MGG_16468T0	249	250	2	0.708916
MGG_12005T0	4368	4369	3536	71.7191
MGG_05819T0	660	661	0	0
MGG_05612T0	631	632	5	0.701064
MGG_00095T0	3220	3221	67.0805	1.84548
MGG_17945T0	1647	1648	1103	59.3093
MGG_10683T0	1818	1819	2	0.0974321
MGG_03280T0	2309	2310	246	9.43686
MGG_00355T0	850	851	762.668	79.4164
MGG_00893T0	1588	1589	145	8.08628
MGG_00893T1	1332	1333	0	0
MGG_08985T0	3125	3126	351	9.94999
MGG_09369T0	3259	3260	1098.25	29.853
MGG_03862T0	3557	3558	2175	54.1699
MGG_10286T0	336	337	20	5.25902
MGG_00459T0	1251	1252	2961.9	209.638
MGG_06087T0	3414	3415	1974	51.2225
MGG_16397T0	222	223	6	2.38425
MGG_10111T0	1297	1298	194	13.2444
MGG_02134T0	1816	1817	277	13.5092
MGG_16352T0	385	386	0	0
MGG_04866T0	1781	1782	122.584	6.09579
MGG_02130T0	1704	1705	456	23.6998
MGG_02320T0	1636	1637	157	8.49876
MGG_01309T0	3164	3165	1698.09	47.5435
MGG_14022T0	1233	1234	0	0
MGG_02346T0	2003	2004	91	4.02391
MGG_11492T0	345	346	26	6.65889
MGG_05789T0	549	550	13	2.09452
MGG_09860T0	2260	2261	629	24.6521
MGG_11383T0	2547	2548	3135	109.029
MGG_15415T0	833	834	10	1.06252
MGG_07081T0	1224	1225	146	10.5614
MGG_15989T0	2739	2740	617.739	19.9783
MGG_10489T0	3144	3145	1741	49.0549
MGG_10432T0	784	785	11	1.24173
MGG_02545T0	1064	1065	11	0.915267
MGG_09504T0	4279	4280	1668	34.5348
MGG_04558T1	3205	3206	1256.26	34.7233
MGG_04558T0	2805	2806	682.74	21.5612
MGG_00804T0	1426	1427	455.789	28.3038
MGG_17570T0	567	568	0	0
MGG_04254T0	921	922	45	4.325
MGG_04091T0	1826	1827	578	28.0346
MGG_07188T0	1655	1656	1289	68.9759
MGG_01168T0	1668	1669	1294.38	68.7242
MGG_04665T0	3148	3149	601	16.9124
MGG_00431T0	1860	1861	3312	157.706
MGG_16621T0	247	248	0	0
MGG_10687T0	1185	1186	287.839	21.5065
MGG_05383T0	1270	1271	34	2.37049
MGG_16582T0	204	205	0	0
MGG_03497T0	1717	1718	7908	407.895
MGG_12345T0	3132	3133	1500.28	42.4342
MGG_04360T0	1935	1936	61	2.79209
MGG_07521T0	3132	3133	2884	81.5717
MGG_02962T0	3386	3387	185.699	4.85846
MGG_02962T1	2735	2736	4160.3	134.745
MGG_00998T0	3184	3185	1350.29	37.5683
MGG_16236T0	1498	1499	307.674	18.1884
MGG_16698T0	363	364	0	0
MGG_00710T0	2100	2101	561	23.6615
MGG_17609T0	225	226	0	0
MGG_06681T0	2105	2106	1007.85	42.4073
MGG_12243T0	2634	2635	831.036	27.9476
MGG_13578T0	1297	1298	2614	178.458
MGG_09865T0	1404	1405	1411	88.9929
MGG_01783T1	2097	2098	337.673	14.2625
MGG_01783T0	1027	1028	221.461	19.0901
MGG_04718T0	735	736	229	27.5716
MGG_15167T0	2513	2514	164.602	5.80195
MGG_00552T0	1392	1393	4567	290.526
MGG_09566T0	2281	2282	426.581	16.5649
MGG_15321T0	2084	2085	1317	55.9737
MGG_09352T0	2919	2920	659	19.9989
MGG_09087T0	693	694	0	0
MGG_01094T0	3784	3785	798	18.6828
MGG_15559T0	747	748	12	1.42162
MGG_03826T0	1385	1386	73	4.66728
MGG_15206T0	936	937	165	15.6045
MGG_10038T0	1866	1867	10	0.474636
MGG_01981T0	784	785	378	42.6704
MGG_06179T0	1443	1444	452	27.738
MGG_08274T0	2467	2468	159	5.70895
MGG_14583T0	3242	3243	1615	44.1296
MGG_11292T0	462	463	0	0
MGG_01663T0	933	934	1032	97.9123
MGG_04621T0	5679	5680	355	5.5384
MGG_03725T0	1374	1375	1405.5	90.5804
MGG_15685T0	535	536	7	1.15728
MGG_16054T0	2755	2756	91	2.92595
MGG_10702T0	1802	1803	114	5.60291
MGG_14573T0	2521	2522	300	10.541
MGG_01268T0	2370	2371	7214	269.618
MGG_07175T0	1710	1711	876.077	45.3729
MGG_14023T0	222	223	0	0
MGG_13852T0	504	505	2.00125	0.351167
MGG_02659T0	1233	1234	7181.48	515.708
MGG_02659T1	1136	1137	5205.52	405.703
MGG_15273T0	1955	1956	5	0.22652
MGG_00522T0	1995	1996	2254	100.069
MGG_15443T0	348	349	0	0
MGG_17902T0	156	157	9	5.07981
MGG_03525T0	1536	1537	4259	245.549
MGG_01784T0	953	954	490.867	45.5953
MGG_08130T0	3116	3117	591	16.8018
MGG_17062T0	1163	1164	520	39.5872
MGG_01133T1	2767	2768	788.396	25.2396
MGG_01133T0	3378	3379	2420.6	63.4805
MGG_00312T0	2084	2085	1382	58.7363
MGG_08649T0	1393	1394	3091	196.49
MGG_04911T0	3614	3615	1859	45.5696
MGG_04640T0	4054	4055	1630	35.6206
MGG_00554T0	856	857	9	0.930607
MGG_10933T0	1818	1819	68	3.31269
MGG_01300T0	1359	1360	255	16.6152
MGG_15482T0	513	514	0	0
MGG_07423T0	2256	2257	749	29.4073
MGG_04599T0	690	691	21809	2796.81
MGG_00587T0	1719	1720	6129	315.766
MGG_14807T0	593	594	530.522	79.1447
MGG_03687T0	1434	1435	1826	112.76
MGG_12714T0	1013	1014	3457	302.111
MGG_11529T0	3028	3029	1455.19	42.5721
MGG_11259T0	3066	3067	24984	721.86
MGG_11064T0	2909	2910	1715	52.2247
MGG_02036T0	2881	2882	0	0
MGG_15384T0	336	337	0	0
MGG_05695T0	3522	3523	618	15.5446
MGG_11482T0	3958	3959	1181	26.4344
MGG_15068T0	399	400	0	0
MGG_11727T0	4282	4283	1717	35.5244
MGG_10170T0	804	805	647	71.2218
MGG_10659T0	2490	2491	3462	123.157
MGG_12522T0	270	271	2021	660.848
MGG_06691T0	1260	1261	12332	866.609
MGG_03666T0	772	773	1413	161.982
MGG_06580T0	1800	1801	23	1.13167
MGG_16241T0	156	157	1	0.564423
MGG_06221T0	2132	2133	357	14.8314
MGG_02208T0	567	568	177	27.614
MGG_05865T0	3916	3917	5181	117.21
MGG_05296T0	351	352	5877	1479.51
MGG_04355T0	567	568	0	0
MGG_06376T0	1284	1285	546	37.6525
MGG_16294T0	508	509	18	3.13371
MGG_15242T0	2781	2782	94	2.99416
MGG_10911T0	597	598	0	0
MGG_12162T0	1592	1593	225	12.5162
MGG_09144T0	450	451	0	0
MGG_07745T0	3043	3044	2409	70.1289
MGG_02032T0	3452	3453	0	0
MGG_14979T0	417	418	0	0
MGG_10431T0	2949	2950	294	8.83141
MGG_06370T0	2934	2935	551	16.636
MGG_09610T0	870	871	282	28.6903
MGG_09435T0	2770	2771	235.319	7.52532
MGG_07226T0	801	802	102	11.2702
MGG_17801T0	423	424	2	0.417993
MGG_05057T0	1332	1333	224	14.891
MGG_01985T0	2406	2407	2122	78.1221
MGG_03050T0	2427	2428	1160	42.3364
MGG_01356T0	2103	2104	14	0.58964
MGG_09347T0	950	951	497	46.3106
MGG_16706T0	1566	1567	3135	177.285
MGG_08691T0	949	950	1240.22	115.686
MGG_02267T0	1543	1544	147	8.43674
MGG_07569T0	1820	1821	1	0.0486625
MGG_15172T0	501	502	8	1.41218
MGG_14893T0	870	871	0	0
MGG_09986T0	1205	1206	423	31.0812
MGG_01811T0	4825	4826	951	17.4622
MGG_07738T0	1380	1381	12	0.770003
MGG_07324T0	1196	1197	1327.71	98.2913
MGG_08189T0	2540	2541	2653.33	92.5319
MGG_11168T0	2496	2497	4372	155.155
MGG_10522T0	1994	1995	890	39.5323
MGG_17109T0	423	424	0	0
MGG_07818T0	3117	3118	50.4	1.43238
MGG_00719T0	1737	1738	5338.39	272.186
MGG_14351T0	2218	2219	22	0.878557
MGG_09779T0	3392	3393	662.751	17.309
MGG_09779T1	3451	3452	1127.41	28.9413
MGG_07917T0	3324	3325	97	2.58514
MGG_09849T0	1224	1225	22.2503	1.60955
MGG_13339T0	621	622	0	0
MGG_01387T0	2142	2143	86	3.55616
MGG_12047T0	4344	4345	4	0.0815783
MGG_04977T0	156	157	7070	3990.47
MGG_15598T0	627	628	1083	152.818
MGG_16347T0	531	532	16	2.6651
MGG_17071T0	297	298	0	0
MGG_16199T0	261	262	0	0
MGG_04710T0	8688	8689	1707	17.4088
MGG_02232T0	420	421	0	0
MGG_01593T0	3255	3256	2055	55.9284
MGG_04374T0	1848	1849	1325.71	63.5354
MGG_09875T0	1467	1468	2735	165.096
MGG_02648T0	2576	2577	8	0.275093
MGG_06245T0	6918	6919	347	4.44417
MGG_10580T0	2539	2540	67	2.33747
MGG_07125T0	1209	1210	3020	221.17
MGG_04753T0	684	685	0	0
MGG_05860T0	2270	2271	811	31.6452
MGG_10382T0	1243	1244	698.444	49.7526
MGG_00555T0	2466	2467	2465	88.5426
MGG_03743T0	3126	3127	810	22.9542
MGG_06033T0	3949	3950	9251	207.537
MGG_06250T0	2283	2284	2136	82.8724
MGG_05690T0	3450	3451	2961	76.0323
MGG_14070T0	1118	1119	295	23.3613
MGG_01108T0	4561	4562	2536	49.2605
MGG_15908T0	225	226	0	0
MGG_04101T0	2280	2281	1405	54.5828
MGG_01605T0	3035	3036	2849.54	83.1722
MGG_00427T0	8566	8567	118.429	1.22499
MGG_07157T0	2820	2821	671.715	21.1002
MGG_13635T0	2110	2111	395	16.5811
MGG_17525T0	156	157	4	2.25769
MGG_02334T0	381	382	0	0
MGG_04550T0	3714	3715	3304	78.8108
MGG_12119T1	2082	2083	114.785	4.88315
MGG_12119T0	2006	2007	399.612	17.644
MGG_08536T0	4143	4144	84.5813	1.80867
MGG_03737T0	3271	3272	2574	69.7108
MGG_11463T0	2619	2620	156.658	5.29855
MGG_10913T0	1034	1035	0	0
MGG_04354T0	426	427	0	0
MGG_16657T0	648	649	8.84541	1.20775
MGG_06596T0	1790	1791	238	11.7757
MGG_00347T0	1323	1324	256	17.1339
MGG_17145T0	820	821	15	1.61902
MGG_15055T0	605	606	216	31.5854
MGG_17443T0	285	286	0	0
MGG_05207T0	3391	3392	2360	61.6539
MGG_06319T0	1295	1296	273	18.6665
MGG_03203T0	951	952	1011.06	94.1123
MGG_07901T0	639	640	0	0
MGG_04764T0	1758	1759	967	48.7153
MGG_07274T0	5920	5921	2012	30.1119
MGG_08690T0	1781	1782	4491	223.326
MGG_03554T0	859	860	7074	728.905
MGG_01571T0	1947	1948	4	0.18196
MGG_08625T0	2414	2415	939	34.4551
MGG_07013T0	1532	1533	35	2.02316
MGG_05113T1	2187	2188	386.431	15.6505
MGG_05113T0	1568	1569	8.56907	0.483967
MGG_01540T0	1728	1729	416.27	21.3346
MGG_06476T0	2756	2757	1370	44.034
MGG_12008T0	204	205	102	44.0911
MGG_17732T0	3995	3996	2690.28	59.6591
MGG_13028T0	1630	1631	450.498	24.4762
MGG_05800T0	2579	2580	142	4.87723
MGG_00649T0	1655	1656	79.0906	4.23223
MGG_01568T0	1395	1396	9843	624.808
MGG_04774T0	883	884	17452	1749.43
MGG_01572T0	4095	4096	1193	25.8098
MGG_15440T0	174	175	0	0
MGG_07526T0	1416	1417	275.22	17.2114
MGG_03187T0	1869	1870	1075	50.9415
MGG_06177T0	1422	1423	12203.1	759.922
MGG_14910T0	1156	1157	20	1.5318
MGG_05767T0	1783	1784	40	1.98687
MGG_01394T0	2415	2416	174	6.382
MGG_00322T0	1897	1898	194	9.05754
MGG_09188T0	1586	1587	740	41.3199
MGG_09748T0	1329	1330	295	19.6551
MGG_01822T0	1074	1075	5708	470.522
MGG_10756T0	1541	1542	6	0.344803
MGG_01264T0	2508	2509	791	27.937
MGG_12339T0	3205	3206	137	3.78671
MGG_05214T0	1116	1117	78	6.18794
MGG_15825T0	2361	2362	690	25.8865
MGG_05841T0	1470	1471	20	1.20482
MGG_12492T0	1587	1588	21	1.17185
MGG_06969T0	2859	2860	741	22.9592
MGG_17667T0	276	277	4	1.27963
MGG_06031T0	1491	1492	63	3.74176
MGG_07666T0	2621	2622	806	27.24
MGG_15138T0	2490	2491	917.833	32.6509
MGG_08434T0	3684	3685	126	3.02997
MGG_08255T0	3210	3211	2931	80.8873
MGG_05061T0	3116	3117	2952	83.9236
MGG_00499T0	1876	1877	1093.88	51.6427
MGG_10410T0	4816	4817	4047	74.4494
MGG_15489T3	2484	2485	0	0
MGG_15489T0	2658	2659	26.2723	0.875556
MGG_15489T2	2570	2571	0	0
MGG_15489T1	2658	2659	26.2723	0.875556
MGG_03335T0	1203	1204	895	65.872
MGG_17553T0	1783	1784	11.9589	0.594018
MGG_02598T0	832	833	563	59.8919
MGG_09323T0	2390	2391	292	10.822
MGG_04368T0	2961	2962	385	11.5181
MGG_16784T0	687	688	195	25.116
MGG_14985T0	696	697	1.01095	0.12853
MGG_14341T0	2448	2449	0	0
MGG_04921T0	1086	1087	7284	593.807
MGG_15892T0	237	238	12	4.46796
MGG_12210T0	2376	2377	0	0
MGG_05910T0	1363	1364	207	13.4481
MGG_09728T1	1885	1886	148.859	6.99421
MGG_09728T0	1871	1872	513.141	24.2904
MGG_09649T0	1023	1024	451	39.0284
MGG_08449T0	2312	2313	10	0.383115
MGG_05089T0	3468	3469	2248	57.4244
MGG_17725T0	674	675	15	1.96921
MGG_03411T0	2322	2323	149	5.68384
MGG_05462T0	1534	1535	1022	58.9993
MGG_06759T0	2654	2655	12730.9	424.911
MGG_17885T0	432	433	0	0
MGG_17235T0	702	703	0	0
MGG_08366T0	975	976	12	1.08952
MGG_02167T0	1962	1963	10376	468.397
MGG_16053T0	805	806	2624	288.492
MGG_01946T0	1569	1570	0	0
MGG_04164T0	908	909	6101.07	594.767
MGG_16439T0	1165	1166	5	0.379993
MGG_05805T0	1692	1693	39	2.04133
MGG_04692T0	3345	3346	3562	94.3349
MGG_01652T0	1091	1092	1011	82.0414
MGG_10206T0	339	340	4	1.04252
MGG_05118T0	1898	1899	87	4.05975
MGG_05273T0	2708	2709	752	24.5988
MGG_00510T0	1050	1051	2	0.168629
MGG_16559T0	777	778	0	0
MGG_16049T0	813	814	0	0
MGG_07781T0	1856	1857	267	12.741
MGG_11882T0	7062	7063	1532	19.2209
MGG_02978T0	1329	1330	0	0
MGG_13487T0	882	883	923	92.6287
MGG_16755T0	1290	1291	220	15.1008
MGG_11820T0	2824	2825	276	8.65755
MGG_09626T0	411	412	0	0
MGG_05358T0	927	928	486	46.408
MGG_16869T0	1319	1320	132	8.86145
MGG_10343T0	1527	1528	9	0.521944
MGG_02921T0	1247	1248	161.847	11.492
MGG_17095T0	384	385	14	3.22234
MGG_03523T0	2279	2280	1306	50.759
MGG_15347T0	2826	2827	116.912	3.66468
MGG_16395T0	1962	1963	3253	146.848
MGG_16636T0	375	376	6	1.41406
MGG_04784T0	1896	1897	106	4.95157
MGG_14549T0	495	496	1686	301.218
MGG_06683T0	1900	1901	1800.85	83.9461
MGG_04543T0	2418	2419	2643	96.8202
MGG_16146T0	357	358	312	77.2282
MGG_10936T0	1221	1222	0	0
MGG_01709T0	1623	1624	975.108	53.2073
MGG_15695T0	315	316	50	14.0213
MGG_01669T0	2644	2645	887	29.7168
MGG_15682T0	2145	2146	37	1.52784
MGG_11860T0	5684	5685	202	3.14866
MGG_03264T0	1685	1686	1421	74.6863
MGG_06686T0	2805	2806	636.573	20.1032
MGG_12513T0	1404	1405	149	9.39755
MGG_05402T0	3917	3918	67	1.51536
MGG_07375T0	4410	4411	15	0.301341
MGG_04530T0	1060	1061	296	24.7218
MGG_02847T0	677	678	1823	238.266
MGG_00378T0	1851	1852	199	9.52175
MGG_03032T0	1002	1003	17	1.50194
MGG_14372T0	1560	1561	63	3.57637
MGG_05901T0	1945	1946	455	20.7192
MGG_17642T0	495	496	0	0
MGG_16337T0	414	415	144	30.7482
MGG_14744T0	1829	1830	1155	55.9288
MGG_08171T0	3446	3447	893	22.957
MGG_05279T0	1471	1472	791	47.6182
MGG_02989T0	355	356	13	3.23592
MGG_06658T0	1111	1112	13614.9	1084.96
MGG_08980T0	2142	2143	2745	113.508
MGG_03912T0	3181	3182	1100	30.6335
MGG_10970T0	2675	2676	3151	104.344
MGG_10641T0	663	664	0	0
MGG_04768T0	1958	1959	2286.53	103.43
MGG_17133T0	207	208	17	7.24253
MGG_02975T0	860	861	168	17.2906
MGG_10159T0	321	322	597	164.295
MGG_06944T0	1338	1339	368	24.3541
MGG_13453T0	3786	3787	571	13.3612
MGG_13863T0	438	439	0	0
MGG_09131T0	1497	1498	76	4.49579
MGG_06956T0	648	649	97	13.2444
MGG_00737T0	453	454	17011	3320.31
MGG_15911T0	306	307	0	0
MGG_11512T0	2620	2621	1546	52.2693
MGG_09558T0	2115	2116	1074	44.9773
MGG_12860T0	2112	2113	712	29.8597
MGG_07283T0	4680	4681	1235	23.3794
MGG_06324T0	2623	2624	4347	146.801
MGG_01204T0	3347	3348	3535	93.564
MGG_04895T0	2899	2900	20219	617.826
MGG_04337T0	2585	2586	14237	487.859
MGG_16956T0	153	154	12	6.90502
MGG_10532T0	1387	1388	133	8.49116
MGG_07322T0	2023	2024	32	1.40102
MGG_07464T0	1813	1814	1899.65	92.7984
MGG_06327T0	2647	2648	3072	102.803
MGG_04225T0	2117	2118	516	21.5888
MGG_17711T0	291	292	47	14.2633
MGG_04107T0	1751	1752	608	30.7521
MGG_05254T0	2120	2121	1049.07	43.8298
MGG_03323T0	4938	4939	1244	22.3196
MGG_14061T0	1953	1954	26839	1217.16
MGG_07075T0	1646	1647	1840	98.9985
MGG_05452T0	498	499	24	4.26202
MGG_02306T0	1234	1235	10	0.717526
MGG_07310T0	3787	3788	2423	56.6824
MGG_15573T0	930	931	10	0.95182
MGG_08061T0	2482	2483	422	15.0605
MGG_12890T0	3226	3227	1934	53.1083
MGG_02841T0	1925	1926	559.808	25.7565
MGG_02835T0	1451	1452	3186.32	194.459
MGG_03847T0	977	978	74	6.70498
MGG_08873T0	2896	2897	767	23.4613
MGG_02368T0	2642	2643	1075	36.0426
MGG_14633T0	2943	2944	2222.66	66.9021
MGG_05384T0	4907	4908	43	0.77637
MGG_17833T0	252	253	21	7.35535
MGG_08312T0	3162	3163	1681	47.0948
MGG_04834T0	2225	2226	964	38.3757
MGG_04054T0	1219	1220	1714.07	124.501
MGG_17350T0	3490	3491	1372	34.8264
MGG_06842T0	3054	3055	1	0.0290064
MGG_02927T0	3162	3163	3724	104.331
MGG_17225T0	288	289	0	0
MGG_16088T0	303	304	10	2.91495
MGG_15327T0	1059	1060	62	5.18311
MGG_15035T0	588	589	0	0
MGG_05337T0	2034	2035	207	9.01385
MGG_03598T0	2911	2912	3304.74	100.566
MGG_17755T0	381	382	0	0
MGG_03211T0	1759	1760	2607.74	131.297
MGG_05352T0	1215	1216	2618	190.783
MGG_08373T0	857	858	14	1.44592
MGG_05815T0	1261	1262	243	17.0628
MGG_17142T0	306	307	2	0.577293
MGG_16450T0	292	293	46	13.9122
MGG_06995T0	1707	1708	1489.3	77.2679
MGG_04155T0	2026	2027	549.47	24.0212
MGG_00842T0	1034	1035	564	48.2885
MGG_07450T0	4328	4329	2620	53.6313
MGG_05482T0	747	748	5	0.592343
MGG_00848T0	991	992	1587	141.765
MGG_17969T0	288	289	1	0.306624
MGG_03576T0	666	667	1740	231.168
MGG_00382T0	1748	1749	541.37	27.4289
MGG_16786T0	168	169	0	0
MGG_03483T0	1182	1183	2807.94	210.333
MGG_09223T0	2337	2338	430	16.2978
MGG_05204T0	1376	1377	1610	103.609
MGG_17322T0	219	220	9	3.62514
MGG_05990T0	2149	2150	911	37.5478
MGG_16815T1	1973	1974	642.227	28.8301
MGG_16815T0	2043	2044	3648.32	158.167
MGG_11466T0	3911	3912	681	15.426
MGG_09711T0	1611	1612	872	47.9354
MGG_00040T0	2771	2772	290.022	9.27133
MGG_16968T0	216	217	5	2.04181
MGG_01952T0	1670	1671	80	4.24246
MGG_07750T0	1287	1288	0	0
MGG_04453T0	1463	1464	297.743	18.0221
MGG_04301T0	438	439	0	0
MGG_06285T0	3588	3589	3460	85.4294
MGG_16030T0	481	482	0	0
MGG_17768T0	750	751	0	0
MGG_18016T0	923	924	112	10.7411
MGG_06462T0	4420	4421	1433	28.723
MGG_07752T0	2151	2152	18601	765.947
MGG_03914T1	2179	2180	1696.89	68.9764
MGG_03914T0	932	933	291.114	27.6495
MGG_08332T0	4625	4626	137.745	2.63861
MGG_03074T0	1795	1796	836	41.2482
MGG_09889T0	1610	1611	400	22.0023
MGG_09767T0	2912	2913	4354	132.45
MGG_15522T0	2226	2227	204	8.11736
MGG_07761T0	1520	1521	682	39.7338
MGG_07531T0	3481	3482	1777	45.2234
MGG_16774T0	150	151	18	10.5633
MGG_07057T0	1219	1220	2324.42	168.834
MGG_06294T0	492	493	958	172.196
MGG_05611T0	243	244	127	46.1231
MGG_05039T0	2966	2967	452	13.4997
MGG_07123T0	4082	4083	3095	67.1716
MGG_04513T0	1599	1600	1057	58.5409
MGG_09341T0	1374	1375	128	8.2492
MGG_05761T0	2087	2088	90.0916	3.82348
MGG_15524T0	454	455	21	4.0899
MGG_03146T0	1743	1744	1159	58.89
MGG_15371T0	627	628	0	0
MGG_03695T0	3411	3412	304.096	7.89781
MGG_00361T0	2143	2144	737	30.4612
MGG_09248T0	489	490	42	7.59553
MGG_00125T0	1998	1999	1504.99	66.7151
MGG_01474T0	3465	3466	966.657	24.7143
MGG_13347T0	2556	2557	344	11.9215
MGG_08046T0	2812	2813	1442	45.4255
MGG_17253T0	1152	1153	70	5.37989
MGG_08800T0	1695	1696	311	16.2495
MGG_03303T0	2529	2530	311.56	10.9126
MGG_02371T0	2010	2011	285	12.5585
MGG_07873T0	1368	1369	4	0.258917
MGG_07764T0	1442	1443	1909	117.231
MGG_05047T0	3773	3774	1263	29.6556
MGG_02999T0	1858	1859	1207	57.535
MGG_17936T0	1548	1549	670	38.329
MGG_00614T0	420	421	2	0.420971
MGG_01552T0	1787	1788	641.395	31.788
MGG_09818T0	1593	1594	40	2.2237
MGG_05567T0	1115	1116	353	28.0295
MGG_14184T0	1045	1046	0	0
MGG_04616T0	2593	2594	2833	96.779
MGG_07446T0	3265	3266	182	4.9381
MGG_17308T0	916	917	320.913	31.0115
MGG_17308T1	1136	1137	852.43	66.4359
MGG_03384T0	3126	3127	3130	88.6995
MGG_01780T0	5148	5149	1431.8	24.6414
MGG_10677T0	1350	1351	1136	74.5122
MGG_08925T0	4618	4619	3153	60.4896
MGG_01984T0	1455	1456	124	7.54684
MGG_05595T0	4488	4489	379	7.4816
MGG_17611T0	171	172	0	0
MGG_04141T0	2873	2874	431.495	13.3043
MGG_05267T0	387	388	460	105.058
MGG_15139T0	4443	4444	2688.9	53.6174
MGG_01757T0	3791	3792	4620	107.964
MGG_01303T0	1929	1930	1430	65.6573
MGG_15289T0	2693	2694	452.021	14.8685
MGG_13816T0	1828	1829	861.568	41.7427
MGG_06730T0	749	750	439	51.869
MGG_03905T0	1471	1472	2093	125.999
MGG_16412T0	159	160	10	5.5384
MGG_03857T0	1952	1953	2663	120.83
MGG_14638T0	588	589	63	9.47829
MGG_09160T0	3718	3719	1295	30.8566
MGG_02225T0	1849	1850	75.1432	3.59934
MGG_04924T0	2393	2394	1320.77	48.8887
MGG_15243T0	501	502	0	0
MGG_08628T0	1107	1108	410	32.7905
MGG_01622T0	1884	1885	1460.42	68.6549
MGG_03331T0	1298	1299	934	63.7151
MGG_10005T0	1596	1597	593	32.9044
MGG_03855T0	1157	1158	2668.94	204.238
MGG_02187T0	2720	2721	275	8.95589
MGG_05988T0	1864	1865	169	8.02994
MGG_04894T0	2094	2095	743	31.4275
MGG_00389T0	432	433	7	1.43257
MGG_15479T0	2608	2609	1524.91	51.7934
MGG_15063T0	1519	1520	945	55.0925
MGG_09665T0	1116	1117	0	0
MGG_00693T0	2463	2464	505	18.1616
MGG_16017T0	255	256	232	80.3069
MGG_15690T0	204	205	1	0.432266
MGG_05069T0	1584	1585	69	3.85766
MGG_10181T0	4052	4053	13515	295.491
MGG_03761T0	5498	5499	459	7.39662
MGG_04656T0	2754	2755	1165	37.4722
MGG_07368T0	1893	1894	172	8.04735
MGG_04098T0	1239	1240	3	0.21439
MGG_00269T0	405	406	2	0.436524
MGG_14472T0	1595	1596	854.339	47.4354
MGG_00155T0	3810	3811	717	16.6719
MGG_16931T0	243	244	0	0
MGG_10519T0	1703	1704	104	5.40839
MGG_04626T0	1099	1100	1111	89.5006
MGG_03026T0	3014	3015	690	20.2799
MGG_14707T0	345	346	0	0
MGG_14689T0	1491	1492	553	32.8444
MGG_15607T0	2254	2255	1963	77.1398
MGG_13290T0	1271	1272	265	18.4613
MGG_02419T0	7234	7235	2303	28.2072
MGG_15713T0	273	274	1	0.32341
MGG_05421T0	1146	1147	31	2.39499
MGG_03120T0	702	703	550	69.3285
MGG_09727T0	1890	1891	273	12.7931
MGG_06174T0	3330	3331	2671.66	71.074
MGG_10425T0	1040	1041	40	3.40497
MGG_13971T0	1447	1448	92	5.6302
MGG_04476T0	1906	1907	2490	115.705
MGG_17999T0	201	202	19	8.33502
MGG_07432T0	1395	1396	0	0
MGG_05621T0	802	803	463	51.094
MGG_03292T0	2900	2901	959	29.2938
MGG_17786T0	397	398	0	0
MGG_07445T1	2730	2731	2016.13	65.4185
MGG_07445T0	1089	1090	28.8742	2.3474
MGG_00987T0	2408	2409	7094	260.951
MGG_08837T0	1296	1297	1275	87.1114
MGG_02538T0	2080	2081	965	41.0922
MGG_16950T0	417	418	0	0
MGG_09979T0	1838	1839	65.2816	3.14568
MGG_08306T0	1612	1613	8	0.439501
MGG_06212T0	2889	2890	14	0.429274
MGG_06222T0	1641	1642	97	5.23484
MGG_07031T0	1039	1040	3118	265.673
MGG_03538T0	5186	5187	1368	23.3708
MGG_05479T0	2046	2047	26	1.12554
MGG_14584T0	892	893	251	24.9073
MGG_12735T0	3441	3442	157	4.04197
MGG_16844T0	183	184	24	11.5584
MGG_15356T0	366	367	1	0.241456
MGG_01624T0	3532	3533	209	5.24212
MGG_06379T0	15261	15262	2026	11.7634
MGG_06063T0	5425	5426	3017	49.272
MGG_03712T0	1143	1144	37	2.86603
MGG_17820T0	1703	1704	493.662	25.6723
MGG_17820T1	1657	1658	3.33768	0.178388
MGG_15053T0	4769	4770	1970	36.5976
MGG_01791T0	4021	4022	881	19.4106
MGG_05608T0	881	882	1507.79	151.488
MGG_04568T0	2631	2632	1136.97	38.2797
MGG_16344T0	270	271	0	0
MGG_04836T0	2489	2490	2753	97.9741
MGG_02425T0	6431	6432	9568	131.82
MGG_12004T0	2117	2118	491	20.5428
MGG_04478T0	2519	2520	3548	124.764
MGG_09395T0	3407	3408	190	4.94036
MGG_08506T0	501	502	0	0
MGG_18054T0	498	499	0	0
MGG_17683T0	3284	3285	1156	31.1837
MGG_16295T0	177	178	10	4.97834
MGG_16274T0	1243	1244	937	66.7458
MGG_01156T0	2832	2833	160.32	5.01471
MGG_01156T1	3816	3817	1527.68	35.4662
MGG_15921T0	411	412	0	0
MGG_09910T0	2224	2225	2319	92.3582
MGG_08994T0	1407	1408	128	8.05586
MGG_08482T0	429	430	0	0
MGG_09680T0	1473	1474	5	0.300592
MGG_06637T0	1974	1975	960.876	43.1127
MGG_07982T0	1952	1953	29	1.31583
MGG_01846T0	2439	2440	778	28.2549
MGG_16052T0	318	319	27	7.50028
MGG_08825T0	2214	2215	447.455	17.9011
MGG_01687T0	1620	1621	2364.78	129.275
MGG_08586T0	2175	2176	2316	94.3158
MGG_10120T0	522	523	77	13.0465
MGG_06408T0	1965	1966	2842.65	128.128
MGG_00367T0	492	493	53	9.5265
MGG_16861T0	2594	2595	616	21.0353
MGG_14594T0	1123	1124	219	17.2656
MGG_16343T0	321	322	0	0
MGG_08734T0	1116	1117	12	0.951991
MGG_01935T0	2441	2442	41	1.48779
MGG_09091T0	1021	1022	6	0.520241
MGG_01779T0	2013	2014	7.19758	0.316688
MGG_17296T0	507	508	0	0
MGG_08751T0	4329	4330	40	0.818609
MGG_02386T0	1967	1968	975	43.902
MGG_15719T0	1353	1354	24	1.57071
MGG_09470T0	453	454	2159	421.407
MGG_02976T0	3756	3757	202	4.76447
MGG_11140T0	4843	4844	1218	22.2817
MGG_17564T0	168	169	0	0
MGG_17115T0	510	511	53	9.19093
MGG_14655T0	3924	3925	43	0.970808
MGG_14662T0	243	244	25	9.07935
MGG_15325T0	4783	4784	5195	96.2275
MGG_08168T0	3662	3663	758	18.3374
MGG_08308T0	1369	1370	1457	94.2418
MGG_00965T0	573	574	942	145.427
MGG_01745T0	1617	1618	1147	62.8188
MGG_05179T0	1269	1270	656	45.7725
MGG_05847T0	1752	1753	215	10.8683
MGG_05058T0	270	271	16	5.23185
MGG_09170T0	5251	5252	3508	59.1888
MGG_15813T0	333	334	1427	378.601
MGG_06556T0	921	922	1824	175.307
MGG_15891T0	270	271	0	0
MGG_08698T0	3073	3074	108	3.11333
MGG_06409T0	1562	1563	1638	92.8666
MGG_01454T0	2080	2081	225.434	9.59956
MGG_17206T0	468	469	45	8.50245
MGG_06710T0	1441	1442	436	26.7933
MGG_15792T0	2059	2060	45.8265	1.9713
MGG_07297T0	3055	3056	2905.57	84.2523
MGG_08616T0	4303	4304	346.73	7.13878
MGG_00730T0	2948	2949	464	13.9427
MGG_09198T0	2339	2340	211	7.99045
MGG_17575T0	189	190	0	0
MGG_10746T0	1627	1628	193.158	10.5139
MGG_13895T0	1206	1207	36	2.64302
MGG_11948T0	819	820	0	0
MGG_11326T0	4057	4058	1413	30.8557
MGG_15378T0	318	319	108	30.0011
MGG_17375T0	279	280	6	1.89888
MGG_10686T0	5060	5061	888	15.5482
MGG_03441T0	4027	4028	4434	97.5463
MGG_09599T0	594	595	34	5.06368
MGG_02837T0	3259	3260	314.78	8.55646
MGG_02837T1	2800	2801	1093.22	34.5859
MGG_01212T0	1347	1348	219	14.3966
MGG_13711T0	1212	1213	695	50.7725
MGG_15876T0	2741	2742	198	6.39886
MGG_04174T0	2022	2023	1244.25	54.5025
MGG_02924T0	2810	2811	959	30.2317
MGG_11330T0	738	739	730.673	87.6159
MGG_15530T0	1564	1565	30	1.69868
MGG_07553T0	1464	1465	0	0
MGG_03156T0	1786	1787	1494	74.0851
MGG_00621T0	3899	3900	1301	29.5609
MGG_15100T0	9565	9566	90	0.833713
MGG_04693T0	1775	1776	584	29.139
MGG_15549T0	183	184	0	0
MGG_00199T0	6058	6059	4613.91	67.4797
MGG_14202T0	3929	3930	1661.53	37.4645
MGG_14964T0	429	430	0	0
MGG_14302T0	2217	2218	297	11.8659
MGG_16840T0	1764	1765	86.0926	4.32241
MGG_08260T0	1098	1099	179.328	14.4596
MGG_14941T0	993	994	6	0.534896
MGG_06750T0	3543	3544	304	7.60124
MGG_06690T0	2176	2177	1697	69.0761
MGG_07449T0	1536	1537	433	24.9643
MGG_15999T0	589	590	0	0
MGG_14243T0	1194	1195	205	15.2016
MGG_11723T0	513	514	628	108.268
MGG_06554T0	2579	2580	617.973	21.2253
MGG_04172T0	2373	2374	4783	178.535
MGG_10055T0	995	996	1465.99	130.43
MGG_00914T0	402	403	60	13.1932
MGG_06251T1	2140	2141	3413.9	141.299
MGG_06251T0	2354	2355	235.099	8.84637
MGG_04231T0	2918	2919	62	1.88218
MGG_12848T0	993	994	13	1.15894
MGG_18127T0	432	433	0	0
MGG_08583T0	2979	2980	449	13.3516
MGG_01809T0	831	832	31.6819	3.37437
MGG_18117T0	1359	1360	1638	106.728
MGG_15030T0	611	612	18	2.60631
MGG_16592T0	321	322	0	0
MGG_10323T0	1932	1933	2681	122.905
MGG_08539T0	1125	1126	0	0
MGG_16889T0	374	375	2	0.47261
MGG_00967T0	1284	1285	1164	80.2702
MGG_01589T0	984	985	3753.07	337.641
MGG_15266T0	972	973	10	0.910734
MGG_02704T0	2241	2242	225.198	8.9009
MGG_01879T0	372	373	0	0
MGG_15780T0	228	229	29	11.2219
MGG_13778T0	1993	1994	5037	223.847
MGG_12007T0	1902	1903	35.7501	1.66473
MGG_11210T0	3509	3510	286.953	7.24449
MGG_16519T0	355	356	9	2.24025
MGG_14976T0	1659	1660	354	18.8973
MGG_10640T0	2229	2230	202	8.02696
MGG_17266T0	446	447	19	3.76661
MGG_05590T0	1348	1349	183	12.0211
MGG_11876T0	3086	3087	3026	86.8634
MGG_11541T0	4512	4513	1676	32.9089
MGG_01227T0	5942	5943	1910	28.4795
MGG_09165T0	1662	1663	11	0.586145
MGG_01800T0	3254	3255	442	12.0331
MGG_13037T0	282	283	0	0
MGG_03060T0	7980	7981	1108	12.3023
MGG_02085T0	1348	1349	1293	84.9359
MGG_08569T0	1883	1884	728	34.2417
MGG_03455T0	1941	1942	1157	52.7945
MGG_03216T0	1023	1024	454	39.2881
MGG_08946T0	711	712	4	0.497834
MGG_04867T0	1379	1380	33.6254	2.1592
MGG_17307T0	1691	1692	5.31844	0.278541
MGG_11080T0	1962	1963	0	0
MGG_13762T0	3966	3967	7722	172.493
MGG_08884T0	5370	5371	759.554	12.5316
MGG_09312T0	2980	2981	1476.85	43.9015
MGG_15287T0	2960	2961	1249.86	37.4048
MGG_01256T0	2105	2106	707	29.7485
MGG_06481T0	3833	3834	981	22.6737
MGG_16797T0	159	160	0	0
MGG_07252T0	1269	1270	1422	99.2203
MGG_07082T0	942	943	460	43.2266
MGG_09891T0	2876	2877	2482	76.4481
MGG_04330T0	2816	2817	2628	82.6691
MGG_02971T0	1279	1280	2205	152.652
MGG_00881T0	2021	2022	536.547	23.5143
MGG_17330T0	183	184	0	0
MGG_15952T0	360	361	12	2.94563
MGG_09158T0	351	352	0	0
MGG_08560T0	1047	1048	995.868	84.2064
MGG_08560T1	954	955	650.132	60.3257
MGG_16971T0	3165	3166	848	23.735
MGG_17534T0	210	211	1	0.419974
MGG_07634T0	2515	2516	253	8.91075
MGG_06111T0	3137	3138	1123.56	31.7285
MGG_06046T0	1035	1036	560	47.8997
MGG_01917T0	744	745	524	62.3275
MGG_00455T0	2916	2917	2229	67.714
MGG_11770T0	483	484	56	10.2529
MGG_04758T1	3276	3277	3540.93	95.7516
MGG_04758T0	3668	3669	400.066	9.66247
MGG_00951T0	2058	2059	117	5.0354
MGG_01835T0	4763	4764	1336	24.8507
MGG_10251T0	2121	2122	706	29.4825
MGG_12650T0	3050	3051	6193	179.872
MGG_04942T0	2016	2017	1476	64.8463
MGG_02476T0	7808	7809	2774	31.4786
MGG_17189T0	279	280	6	1.89888
MGG_17695T0	1715	1716	1060	54.7385
MGG_16725T0	2422	2423	641	23.4428
MGG_05159T0	1411	1412	380	23.8481
MGG_17141T0	186	187	25	11.8469
MGG_09972T0	1808	1809	79	3.86984
MGG_01140T0	2951	2952	4406	132.261
MGG_15835T0	150	151	3	1.76055
MGG_06512T0	2614	2615	245	8.30231
MGG_15982T0	1869	1870	97.6432	4.62706
MGG_12520T0	607	608	0	0
MGG_04450T0	1491	1492	38	2.25694
MGG_01000T0	3058	3059	928	26.8827
MGG_00684T0	1874	1875	114	5.38776
MGG_06533T0	519	520	300	51.1237
MGG_17767T0	681	682	0	0
MGG_09569T0	375	376	15	3.53515
MGG_04612T0	1105	1106	13732	1100.23
MGG_02917T0	4874	4875	2102	38.2087
MGG_17432T0	318	319	0	0
MGG_14045T0	989	990	4	0.358038
MGG_08522T0	372	373	6	1.42543
MGG_03209T0	1557	1558	27	1.53568
MGG_05555T0	1482	1483	5	0.298768
MGG_14110T0	1098	1099	224	18.0615
MGG_15885T0	1095	1096	490	39.6178
MGG_08263T0	1238	1239	52	3.71909
MGG_05370T0	1116	1117	1365	108.289
MGG_03314T0	7527	7528	447	5.26178
MGG_09192T0	3195	3196	319.712	8.86455
MGG_09192T1	4818	4819	2512.29	46.1974
MGG_08293T0	2365	2366	1798	67.341
MGG_07935T0	1507	1508	193.723	11.3837
MGG_07201T0	1925	1926	5979	275.091
MGG_13656T0	2378	2379	3490	129.998
MGG_14732T0	459	460	9	1.73376
MGG_03704T0	1122	1123	1616	127.516
MGG_09017T0	2260	2261	829.272	32.5013
MGG_03244T0	1968	1969	5250	236.275
MGG_05064T0	900	901	1653.11	162.585
MGG_06132T0	952	953	885.455	82.3338
MGG_05500T0	1785	1786	0	0
MGG_07203T0	2414	2415	1688	61.9384
MGG_08860T0	1266	1267	261.081	18.2601
MGG_17264T0	1668	1669	350	18.583
MGG_13483T0	1785	1786	561	27.8347
MGG_07213T1	4395	4396	245.333	4.94543
MGG_07213T0	4366	4367	534.667	10.8494
MGG_08703T0	3660	3661	0	0
MGG_04868T0	2920	2921	753.375	22.8551
MGG_16612T0	252	253	1169.12	409.489
MGG_09843T0	690	691	0	0
MGG_04401T0	2180	2181	321	13.0423
MGG_17619T0	534	535	65.0546	10.7753
MGG_12177T0	2281	2282	104	4.03852
MGG_16790T0	674	675	531.691	69.8007
MGG_00258T0	2129	2130	124	5.15878
MGG_00929T0	3821	3822	2254	52.2598
MGG_08671T0	873	874	658	66.7143
MGG_10394T0	1710	1711	97	5.02373
MGG_06172T0	1666	1667	1435.29	76.2972
MGG_17452T0	4223	4224	1126.49	23.6325
MGG_16341T0	3793	3794	19284	450.406
MGG_13286T0	1536	1537	290	16.7197
MGG_05902T0	1215	1216	121	8.81772
MGG_10192T0	3903	3904	7414	168.286
MGG_12614T0	1101	1102	8876	713.74
MGG_08265T0	2271	2272	20	0.780057
MGG_17396T0	426	427	4	0.830112
MGG_16475T0	342	343	0	0
MGG_14552T0	819	820	93	10.0502
MGG_11247T0	1443	1444	688	42.2207
MGG_06135T0	1842	1843	3963	190.548
MGG_05406T0	663	664	13720	1831.01
MGG_18067T0	180	181	0	0
MGG_06933T0	1394	1395	4689	297.859
MGG_00612T0	1849	1850	727	34.8231
MGG_18116T0	687	688	0	0
MGG_15197T0	321	322	0	0
MGG_05095T0	4901	4902	1438	25.995
MGG_03561T0	1528	1529	701	40.627
MGG_00604T0	1848	1849	14975	717.686
MGG_00210T0	1358	1359	2057	134.128
MGG_16718T0	1915	1916	34169	1580.31
MGG_17460T0	737	738	60	7.20443
MGG_13800T0	3736	3737	507	12.0224
MGG_16164T0	291	292	3	0.910423
MGG_13526T0	3457	3458	4651	119.186
MGG_10647T0	1122	1123	166	13.0988
MGG_12678T0	1502	1503	100	5.89584
MGG_15536T0	7988	7989	1691	18.7567
MGG_14849T0	556	557	92	14.6365
MGG_09890T0	363	364	369	89.8317
MGG_02004T0	582	583	8	1.21598
MGG_03401T0	9278	9279	1755	16.7603
MGG_00607T0	1347	1348	221	14.528
MGG_07703T0	892	893	331	32.8459
MGG_04540T0	1725	1726	972	49.9034
MGG_02155T0	831	832	0	0
MGG_02540T0	1967	1968	4960	223.337
MGG_10508T0	1699	1700	1	0.0521262
MGG_06699T0	3377	3378	448	11.7523
MGG_15337T0	225	226	0	0
MGG_09263T0	5498	5499	2847	45.8784
MGG_00576T0	846	847	393	41.1163
MGG_02350T0	927	928	0	0
MGG_17457T0	381	382	45	10.4389
MGG_03150T0	1957	1958	1165.03	52.7265
MGG_15056T0	429	430	3	0.61824
MGG_08395T0	1712	1713	89	4.60402
MGG_01794T0	2023	2024	1703	74.5605
MGG_08826T1	4209	4210	3053.12	64.2638
MGG_08826T0	4486	4487	327.88	6.47536
MGG_06121T0	4074	4075	577.824	12.5653
MGG_00818T0	1449	1450	811	49.563
MGG_07904T0	387	388	0	0
MGG_03382T0	1935	1936	54	2.47168
MGG_01560T0	942	943	289	27.1576
MGG_17627T0	1251	1252	131	9.27196
MGG_03469T0	1168	1169	281	21.3008
MGG_13068T0	1954	1955	1418	64.2738
MGG_04582T0	2245	2246	9962	393.044
MGG_15748T0	1862	1863	228.435	10.8656
MGG_04200T0	1041	1042	1117.39	95.0261
MGG_12477T0	2078	2079	689	29.3677
MGG_07667T0	2118	2119	2068	86.4817
MGG_07604T0	1002	1003	184	16.2563
MGG_15313T0	3871	3872	706	16.1575
MGG_17150T0	816	817	50	5.42316
MGG_12832T0	2617	2618	2877	97.3811
MGG_00696T0	1814	1815	579.085	28.2729
MGG_05442T0	1470	1471	42	2.53012
MGG_12634T0	1505	1506	415	24.419
MGG_05673T0	1736	1737	12982	662.287
MGG_05403T0	315	316	4	1.1217
MGG_00274T0	1088	1089	1099.1	89.4361
MGG_01080T0	5419	5420	450.517	7.36574
MGG_11544T0	398	399	10	2.22091
MGG_14668T0	421	422	56	11.7593
MGG_01005T0	1155	1156	2719	208.428
MGG_01711T0	2499	2500	1970.58	69.8487
MGG_16243T0	4550	4551	177.453	3.45527
MGG_16243T1	4483	4484	1295.55	25.6031
MGG_03087T0	1977	1978	7212	323.098
MGG_04472T0	4560	4561	1196	23.2368
MGG_08850T0	2894	2895	2960	90.6041
MGG_15258T0	741	742	135	16.1226
MGG_16260T0	1703	1704	61	3.17223
MGG_12892T0	1092	1093	10933	886.388
MGG_17342T0	1174	1175	218	16.4408
MGG_09182T0	813	814	40	4.35452
MGG_00856T0	3960	3961	2051.99	45.9065
MGG_08611T0	1581	1582	375	21.0053
MGG_16065T0	426	427	0	0
MGG_16216T0	318	319	80	22.2231
MGG_09604T0	1197	1198	2	0.147937
MGG_16524T0	201	202	0	0
MGG_09996T0	672	673	63	8.29526
MGG_17099T0	165	166	3	1.60147
MGG_04763T0	444	445	29	5.77487
MGG_00419T0	1659	1660	23	1.22779
MGG_08303T0	3011	3012	2691	79.1705
MGG_07246T0	600	601	0	0
MGG_14830T0	357	358	0	0
MGG_06380T0	5915	5916	1937	29.0139
MGG_01288T0	1885	1886	5570	261.709
MGG_01994T0	1761	1762	428	21.525
MGG_02456T0	3936	3937	192.228	4.3267
MGG_02456T1	4424	4425	1532.77	30.6951
MGG_15214T0	699	700	0	0
MGG_15083T0	2763	2764	1340	42.9607
MGG_06951T0	1787	1788	1713	84.8974
MGG_01009T0	1413	1414	5236	328.137
MGG_06530T0	1645	1646	2404.01	129.423
MGG_03173T0	2196	2197	1096.72	44.2354
MGG_16515T0	393	394	83	18.6675
MGG_15282T0	2225	2226	605	24.0843
MGG_11513T0	2328	2329	14556	553.831
MGG_08025T0	5742	5743	370	5.7091
MGG_06617T0	5053	5054	594	10.4149
MGG_01246T0	988	989	26	2.3296
MGG_06346T0	3372	3373	1145	30.0811
MGG_12822T0	2119	2120	2605	108.887
MGG_15745T0	2517	2518	701	24.6699
MGG_13216T0	963	964	189	17.3736
MGG_01632T0	3256	3257	2009.09	54.662
MGG_04734T0	348	349	0	0
MGG_01487T0	1438	1439	10	0.615806
MGG_02744T0	2454	2455	447	16.1347
MGG_01596T1	2070	2071	1046.12	44.7614
MGG_01596T0	3019	3020	2781.88	81.6275
MGG_04547T0	675	676	4	0.524346
MGG_06066T0	3844	3845	6051	139.455
MGG_08288T0	2118	2119	79	3.3037
MGG_00669T0	2356	2357	574	21.5803
MGG_16575T0	1095	1096	0	0
MGG_01945T0	721	722	4.02744	0.494306
MGG_14155T0	873	874	232	23.5224
MGG_10379T0	4795	4796	986	18.2181
MGG_17479T0	451	452	13	2.54865
MGG_16732T0	168	169	7	3.67042
MGG_16186T0	1918	1919	482	22.2575
MGG_06972T0	675	676	149	19.5319
MGG_06527T0	4836	4837	27	0.494643
MGG_07489T0	1393	1394	1655	105.206
MGG_15357T0	1708	1709	684	35.4665
MGG_12776T0	2190	2191	1106	44.7319
MGG_16884T0	246	247	0	0
MGG_01577T0	2754	2755	3956	127.245
MGG_04378T0	2279	2280	1768	68.7151
MGG_15064T0	564	565	487	76.381
MGG_04377T0	4822	4823	941	17.2893
MGG_09389T0	1561	1562	617	35.0033
MGG_15670T0	2612	2613	880	29.8434
MGG_10107T0	1212	1213	1884	137.634
MGG_01021T0	2033	2034	607	26.4449
MGG_17950T0	380	381	0	0
MGG_13660T0	1098	1099	348	28.0599
MGG_06622T0	1421	1422	1	0.0623168
MGG_16704T0	561	562	76	11.9835
MGG_13931T1	1979	1980	221.639	9.91941
MGG_13931T0	2152	2153	594.361	24.4631
MGG_05014T0	2393	2394	947.606	35.0759
MGG_09402T0	624	625	46	6.52202
MGG_15824T0	886	887	312	31.1699
MGG_07228T0	2451	2452	2933	105.998
MGG_04990T0	2248	2249	694	27.3448
MGG_06915T0	1273	1274	4090.3	284.505
MGG_16952T0	1005	1006	0	0
MGG_02806T0	2073	2074	6410	273.876
MGG_04805T0	1728	1729	501.559	25.7058
MGG_13617T0	4055	4056	23	0.502498
MGG_10633T0	1347	1348	2150	141.336
MGG_08167T0	1812	1813	459	22.4347
MGG_02603T0	1272	1273	261	18.1684
MGG_00716T0	1740	1741	362	18.4253
MGG_16951T0	501	502	7	1.23566
MGG_14002T0	1671	1672	94	4.98191
MGG_14001T0	2047	2048	524	22.6728
MGG_08828T0	2055	2056	125	5.38755
MGG_12942T0	195	196	17	7.68595
MGG_01466T0	2615	2616	567.902	19.2371
MGG_01466T1	2498	2499	2749.1	97.4829
MGG_07867T0	1338	1339	0	0
MGG_01785T0	1364	1365	592.287	38.4507
MGG_05821T0	357	358	0	0
MGG_06441T0	2121	2122	242	10.1059
MGG_07357T0	558	559	0	0
MGG_06119T0	2284	2285	126.734	4.91487
MGG_16363T0	341	342	0	0
MGG_09280T0	786	787	4	0.450391
MGG_15212T0	432	433	0	0
MGG_10879T0	3954	3955	664	14.8774
MGG_15618T1	304	305	4	1.16216
MGG_15618T0	282	283	9	2.81813
MGG_01947T0	1482	1483	0	0
MGG_15253T0	1816	1817	681	33.2121
MGG_12489T0	1554	1555	0	0
MGG_16667T0	279	280	0	0
MGG_16466T0	597	598	6	0.889108
MGG_15978T0	1062	1063	0	0
MGG_04762T0	915	916	142	13.7372
MGG_12707T0	2269	2270	1740	67.9247
MGG_02979T0	884	885	0	0
MGG_00501T0	2810	2811	10430	328.797
MGG_17964T0	249	250	16	5.67133
MGG_10587T0	1997	1998	261.909	11.6161
MGG_10727T0	2141	2142	0	0
MGG_17286T0	3464	3465	18.0257	0.460991
MGG_16954T0	156	157	0	0
MGG_15459T0	380	381	3	0.697752
MGG_09631T0	1851	1852	1	0.047848
MGG_15582T0	1464	1465	510	30.8487
MGG_08300T0	936	937	8241	779.372
MGG_05979T0	1647	1648	488	26.2402
MGG_03766T0	1742	1743	431	21.9121
MGG_07795T0	1701	1702	256	13.3286
MGG_11471T0	462	463	0	0
MGG_10816T0	1977	1978	1378.24	61.7453
MGG_02695T0	2166	2167	3338	136.5
MGG_17223T0	711	712	30	3.73376
MGG_01433T0	3092	3093	307.96	8.82304
MGG_16560T0	612	613	0	0
MGG_16252T0	381	382	38	8.81505
MGG_08814T0	2426	2427	860.095	31.4037
MGG_07345T0	915	916	10	0.967407
MGG_03612T0	2246	2247	1619.54	63.8695
MGG_07905T0	5922	5923	0	0
MGG_00422T0	894	895	0	0
MGG_02336T0	981	982	95	8.57268
MGG_00418T0	348	349	0	0
MGG_01569T0	1382	1383	9355	599.413
MGG_17089T0	174	175	0	0
MGG_03806T0	912	913	2	0.194117
MGG_01324T0	2844	2845	1076.24	33.5221
MGG_10789T0	648	649	0	0
MGG_08629T0	690	691	5	0.641204
MGG_00952T0	2169	2170	930.54	37.9997
MGG_05070T0	1224	1225	653	47.2369
MGG_04523T0	2847	2848	603.196	18.7682
MGG_13454T0	1239	1240	83	5.93145
MGG_06733T0	3154	3155	1922.67	54.002
MGG_13398T0	1516	1517	890.884	52.0404
MGG_16254T0	183	184	4	1.9264
MGG_02457T0	1966	1967	4000	180.202
MGG_04309T0	2031	2032	0	0
MGG_05329T0	1688	1689	1357.46	71.22
MGG_01111T0	258	259	3623	1239.58
MGG_03346T0	1591	1592	1067.72	59.4319
MGG_16637T0	782	783	4	0.452692
MGG_08054T0	2040	2041	284.342	12.3453
MGG_10010T0	1305	1306	7	0.474963
MGG_06725T0	2582	2583	1334	45.7653
MGG_00928T0	5717	5718	3443	53.3577
MGG_00751T0	1797	1798	34	1.67569
MGG_04752T0	1121	1122	7199	568.57
MGG_04529T0	1420	1421	2094	130.583
MGG_03479T0	1319	1320	990	66.4608
MGG_01347T0	1275	1276	1314	91.2534
MGG_11181T0	4850	4851	3068	56.0439
MGG_15788T0	1335	1336	0	0
MGG_15744T0	309	310	31	8.86145
MGG_06350T0	4080	4081	2395.74	52.0208
MGG_06350T1	4181	4182	139.03	2.94597
MGG_01120T0	2756	2757	413.619	13.2944
MGG_07389T0	1513	1514	2093	122.503
MGG_04772T0	948	949	2743	256.132
MGG_06336T0	2000	2001	4152	183.872
MGG_09900T0	1263	1264	2120.24	148.643
MGG_03373T0	2297	2298	612	23.5997
MGG_00852T0	3096	3097	1723	49.3002
MGG_16868T0	1398	1399	398.707	25.2546
MGG_17753T0	1383	1384	0	0
MGG_07685T0	366	367	4	0.965825
MGG_17437T0	955	956	668	61.9189
MGG_03685T0	1029	1030	1529	131.545
MGG_09493T0	4237	4238	3925	82.0698
MGG_15794T0	210	211	54.0292	22.6908
MGG_03191T0	3640	3641	1881.07	45.7813
MGG_08660T0	1311	1312	42	2.83674
MGG_08593T0	2183	2184	4532	183.883
MGG_02952T0	891	892	9153	909.292
MGG_13585T0	1045	1046	0	0
MGG_05942T0	2036	2037	1302	56.6402
MGG_06123T0	861	862	8	0.822408
MGG_07487T0	4983	4984	780	13.8682
MGG_04844T0	2784	2785	705	22.432
MGG_04485T0	1234	1235	599	42.9798
MGG_12836T0	3012	3013	3096	91.0555
MGG_08257T0	3039	3040	368.75	10.7489
MGG_08257T1	2991	2992	1129.25	33.4451
MGG_07067T0	2153	2154	339	13.9463
MGG_10835T0	1390	1391	3407	217.045
MGG_02929T0	789	790	39	4.37464
MGG_16961T0	3768	3769	13	0.305648
MGG_00620T0	2115	2116	5617	235.23
MGG_03657T0	1334	1335	257.71	17.1063
MGG_17966T0	150	151	4	2.3474
MGG_02102T0	321	322	59	16.2368
MGG_15949T0	237	238	7	2.60631
MGG_08615T0	1294	1295	39	2.6687
MGG_09789T0	462	463	0	0
MGG_07482T0	2008	2009	680	29.9939
MGG_16856T0	207	208	2328	991.8
MGG_05737T0	330	331	1666	446.017
MGG_16414T0	150	151	218	127.933
MGG_10047T0	1089	1090	3	0.243893
MGG_09873T0	1095	1096	8	0.646821
MGG_13732T0	1179	1180	7	0.525679
MGG_12792T0	1173	1174	215	16.2284
MGG_15394T1	815	816	67.4211	7.32167
MGG_15394T0	884	885	320.579	32.0994
MGG_07541T0	615	616	276	39.7039
MGG_16339T0	407	408	79	17.1582
MGG_14097T0	2170	2171	13	0.530626
MGG_03759T0	2151	2152	1378	56.7429
MGG_13947T0	2032	2033	1134.12	49.434
MGG_13947T1	1514	1515	237.882	13.9141
MGG_03310T0	2040	2041	2201	95.5612
MGG_16234T0	288	289	27	8.27886
MGG_05609T0	2262	2263	635	24.8653
MGG_03470T0	2127	2128	193	8.03693
MGG_16679T0	165	166	0	0
MGG_08918T0	2252	2253	219	8.61366
MGG_13289T0	240	241	2	0.73539
MGG_15126T0	425	426	61	12.6889
MGG_04916T0	216	217	11	4.49198
MGG_03771T0	1650	1651	5	0.268366
MGG_17986T0	387	388	53	12.1046
MGG_16371T1	1122	1123	42.9512	3.38922
MGG_16371T0	1176	1177	985.146	74.1701
MGG_05644T0	2139	2140	4802	198.844
MGG_06415T0	1204	1205	97	7.13328
MGG_08491T0	366	367	0	0
MGG_06171T0	1173	1174	111	8.37837
MGG_16496T0	333	334	10	2.65313
MGG_09882T0	3228	3229	5675	155.741
MGG_03656T0	3779	3780	740	17.3478
MGG_15507T0	228	229	0	0
MGG_02156T0	2688	2689	901	29.6919
MGG_17334T0	387	388	5	1.14194
MGG_14914T0	1872	1873	428.157	20.2568
MGG_06064T0	2487	2488	6179	220.076
MGG_01351T0	2391	2392	5839	216.313
MGG_16558T0	1182	1183	8.91777	0.667999
MGG_17521T0	333	334	256	67.9201
MGG_08005T0	2955	2956	415	12.4408
MGG_15852T0	3226	3227	1227	33.6938
MGG_04407T0	1948	1949	251	11.4121
MGG_13448T0	1360	1361	38.815	2.52724
MGG_09906T0	1495	1496	257	15.2232
MGG_18041T0	327	328	0	0
MGG_15584T0	332	333	9	2.39499
MGG_03195T0	1175	1176	1673	126.065
MGG_18078T0	204	205	0	0
MGG_03419T0	1724	1725	745	38.2712
MGG_03154T0	2494	2495	2894.44	102.801
MGG_05880T0	1044	1045	65	5.5119
MGG_04899T0	4655	4656	184	3.50195
MGG_01261T0	2760	2761	4599	147.605
MGG_04860T0	1590	1591	929.824	51.7887
MGG_01731T0	1436	1437	102.58	6.32574
MGG_17371T0	1970	1971	1933	86.906
MGG_06790T0	1059	1060	4	0.334394
MGG_12925T0	2288	2289	2937	113.701
MGG_00602T0	1820	1821	113498	5523.1
MGG_00429T0	1728	1729	107	5.48395
MGG_10657T0	1635	1636	2920	158.163
MGG_05883T1	4604	4605	90.8451	1.74814
MGG_05883T0	4681	4682	5412.33	102.437
MGG_09302T0	1143	1144	396	30.6742
MGG_16212T0	1101	1102	323	25.9732
MGG_03489T0	390	391	39	8.83878
MGG_17447T0	279	280	1	0.31648
MGG_04775T1	5876	5877	1692.55	25.5206
MGG_04775T0	6665	6666	27859.5	370.35
MGG_04236T0	1001	1002	8322	735.978
MGG_16605T0	348	349	0	0
MGG_06236T0	822	823	95	10.2289
MGG_15097T0	12363	12364	0	0
MGG_03355T0	424	425	26	5.42112
MGG_00216T0	402	403	0	0
MGG_10445T0	2379	2380	39	1.45209
MGG_02795T0	2673	2674	117	3.8773
MGG_10665T0	1199	1200	716	52.8733
MGG_11429T0	2820	2821	1796.62	56.4362
MGG_18095T0	459	460	0	0
MGG_14879T0	843	844	0	0
MGG_05708T0	1703	1704	1675	87.1064
MGG_18011T0	567	568	2	0.312023
MGG_02633T0	2134	2135	824	34.2006
MGG_04727T0	4682	4683	1727	32.6793
MGG_02119T0	1510	1511	51	2.99096
MGG_04776T0	548	549	33	5.32655
MGG_15664T0	450	451	34	6.68047
MGG_11801T0	3189	3190	1786	49.613
MGG_02236T0	411	412	6	1.2905
MGG_14209T0	1527	1528	351	20.3558
MGG_13118T0	770	771	11.6014	1.3334
MGG_07005T0	1638	1639	695	37.576
MGG_18002T0	1703	1704	71	3.69227
MGG_16734T0	7314	7315	4397.95	53.2771
MGG_07101T0	2406	2407	4339	159.742
MGG_10759T0	435	436	0	0
MGG_00961T0	2057	2058	1261	54.2968
MGG_02098T0	2150	2151	1630	67.1509
MGG_11518T0	1284	1285	210	14.4817
MGG_16651T0	213	214	10	4.14086
MGG_00690T0	425	426	5	1.04008
MGG_01269T0	2726	2727	2797	90.8891
MGG_01633T0	2206	2207	816	32.7637
MGG_10000T0	1852	1853	70	3.34755
MGG_17003T0	2369	2370	2474.16	92.509
MGG_02727T0	651	652	483	65.6454
MGG_07132T0	2019	2020	1398	61.3282
MGG_10925T0	1837	1838	1118.99	53.9493
MGG_04510T0	1407	1408	5	0.314682
MGG_09837T0	2902	2903	1347	41.1174
MGG_15633T0	216	217	0	0
MGG_06016T0	3819	3820	1391	32.2677
MGG_01773T0	2110	2111	885.601	37.1753
MGG_15913T0	210	211	0	0
MGG_09479T0	3763	3764	1637	38.5393
MGG_07780T0	1459	1460	204	12.3817
MGG_06551T0	1029	1030	49.4359	4.25314
MGG_02378T0	2721	2722	2567.53	83.5857
MGG_12886T0	1465	1466	589	35.6029
MGG_03249T0	1847	1848	561.094	26.9053
MGG_16000T0	622	623	37	5.26282
MGG_04093T1	9730	9731	1449.9	13.2034
MGG_04093T0	11402	11403	1200.1	9.32616
MGG_16443T0	3686	3687	1309	31.4609
MGG_06704T0	4488	4489	2109.17	41.6357
MGG_01172T0	5109	5110	1595	27.6595
MGG_08281T0	5583	5584	22.4099	0.355631
MGG_00787T0	1357	1358	232	15.1388
MGG_16992T0	642	643	0	0
MGG_07456T0	2827	2828	2340.31	73.333
MGG_18008T0	348	349	46	11.6798
MGG_17473T0	2067	2068	193	8.27011
MGG_11011T0	711	712	0	0
MGG_07772T0	1835	1836	43	2.07539
MGG_03910T0	2966	2967	885.459	26.4457
MGG_02429T0	399	400	504	111.654
MGG_04910T0	261	262	1555	525.937
MGG_01542T0	1634	1635	67	3.6313
MGG_05136T0	1200	1201	913	67.3647
MGG_15213T0	990	991	0	0
MGG_08801T0	1254	1255	392	27.6788
MGG_04487T0	1407	1408	1172	73.7615
MGG_09765T0	1162	1163	739	56.3079
MGG_01221T0	2264	2265	112.258	4.39193
MGG_07509T0	3437	3438	1441	37.1418
MGG_09537T0	4957	4958	4278	76.4608
MGG_02158T0	1119	1120	228	18.0394
MGG_05853T0	888	889	0	0
MGG_00806T0	8277	8278	737	7.88945
MGG_01469T0	4213	4214	2847	59.8684
MGG_08142T0	1305	1306	550	37.3185
MGG_06489T0	2184	2185	194	7.86783
MGG_03034T0	1717	1718	3	0.15474
MGG_01442T0	816	817	241.047	26.1448
MGG_06795T0	1467	1468	731	44.1261
MGG_03188T0	1111	1112	4694	374.061
MGG_13413T0	3919	3920	1058	23.9169
MGG_07273T0	2227	2228	936.785	37.2588
MGG_12357T0	4865	4866	182	3.31439
MGG_09857T0	1423	1424	26	1.61796
MGG_02245T0	1248	1249	124	8.79759
MGG_06107T0	1208	1209	2440	178.841
MGG_11947T0	189	190	1	0.466392
MGG_06023T0	1395	1396	324	20.5667
MGG_01893T0	1647	1648	884.281	47.5486
MGG_17914T0	183	184	4	1.9264
MGG_13692T0	261	262	127	42.9543
MGG_16297T0	519	520	2	0.340825
MGG_08285T0	7083	7084	224	2.80204
MGG_04902T0	1310	1311	135.635	9.16798
MGG_17177T0	168	169	58.4902	30.6691
MGG_01732T0	1933	1934	940	43.0701
MGG_14685T0	543	544	80	13.0315
MGG_12891T0	1446	1447	29	1.77596
MGG_16549T0	687	688	367.283	47.3061
MGG_13912T0	1724	1725	0	0
MGG_05813T0	1417	1418	694.085	43.3752
MGG_04021T0	1800	1801	1019	50.1378
MGG_03962T0	1374	1375	1342	86.4877
MGG_03477T0	1089	1090	2955	240.235
MGG_10027T0	3672	3673	829	20.0004
MGG_06029T0	2978	2979	125.5	3.73318
MGG_06719T0	2586	2587	2932	100.432
MGG_08688T0	1650	1651	285	15.2969
MGG_00592T0	2077	2078	85981	3666.58
MGG_03710T0	2541	2542	915	31.897
MGG_16780T0	393	394	0	0
MGG_14801T0	2412	2413	1165	42.7832
MGG_08082T0	1147	1148	1114	85.99
MGG_16189T0	150	151	116	68.0747
MGG_03440T0	1085	1086	2558	208.725
MGG_12654T0	303	304	3	0.874485
MGG_10359T0	1248	1249	2998	212.703
MGG_04920T0	1417	1418	1829	114.299
MGG_02787T0	2209	2210	116	4.65126
MGG_00868T0	2598	2599	0	0
MGG_17236T0	279	280	0	0
MGG_14055T0	1377	1378	6	0.385839
MGG_07736T0	2150	2151	556	22.9055
MGG_06828T0	1491	1492	155	9.20593
MGG_01209T0	4255	4256	3338	69.5007
MGG_13946T0	1627	1628	33	1.79624
MGG_06827T0	2955	2956	538	16.1281
MGG_07302T1	2235	2236	336.607	13.34
MGG_07302T0	2436	2437	448.602	16.3121
MGG_05341T0	3705	3706	1004	24.0067
MGG_08764T0	793	794	57.8167	6.45264
MGG_08764T1	1016	1017	73.1833	6.3767
MGG_00549T0	1039	1040	956.378	81.4893
MGG_16633T0	1466	1467	66.7576	4.03251
MGG_16102T0	399	400	5.5789	1.23593
MGG_07472T0	2085	2086	601	25.5308
MGG_08797T0	459	460	0	0
MGG_09332T0	1530	1531	121	7.00349
MGG_10319T0	1372	1373	3297	212.791
MGG_08777T0	2603	2604	129	4.38989
MGG_06684T0	1943	1944	743.147	33.8753
MGG_04119T0	1608	1609	256	14.099
MGG_17283T0	234	235	0	0
MGG_15058T0	618	619	0	0
MGG_13662T0	1788	1789	343	16.9898
MGG_18113T0	174	175	0	0
MGG_07995T0	771	772	0	0
MGG_17839T0	249	250	178	63.0935
MGG_16388T0	876	877	192.741	19.4751
MGG_17949T0	393	394	0	0
MGG_15730T0	471	472	28	5.25679
MGG_10157T0	2615	2616	345	11.6865
MGG_04584T0	1630	1631	3013	163.7
MGG_16927T0	791	792	874	97.7892
MGG_16501T0	411	412	1	0.215084
MGG_16452T0	276	277	7	2.23935
MGG_09816T0	1271	1272	7	0.487658
MGG_09629T0	570	571	0	0
MGG_03328T0	1532	1533	771	44.5674
MGG_15061T0	846	847	588	61.5175
MGG_02686T0	1377	1378	156	10.0318
MGG_17117T0	342	343	14	3.61692
MGG_12228T0	1182	1183	428	32.06
MGG_09573T0	788	789	581.274	65.2843
MGG_08809T0	1828	1829	314.987	15.261
MGG_05967T0	2575	2576	130	4.472
MGG_15648T0	468	469	5	0.944717
MGG_02668T0	1366	1367	2298	148.966
MGG_17465T0	1713	1714	193.495	10.0038
MGG_17882T0	413	414	0	0
MGG_00972T0	1275	1276	620.508	43.0925
MGG_01856T0	1764	1765	180	9.03717
MGG_15285T0	2447	2448	1239	44.8502
MGG_00798T0	2219	2220	8	0.319331
MGG_10342T0	1536	1537	124	7.14912
MGG_10590T0	3362	3363	884	23.2932
MGG_17676T0	288	289	5	1.53312
MGG_02065T1	2490	2491	62.6023	2.22701
MGG_02065T0	3135	3136	1117.4	31.5745
MGG_14774T0	912	913	149	14.4617
MGG_07792T0	1155	1156	609	46.6836
MGG_17304T0	222	223	0	0
MGG_07110T0	4032	4033	3399	74.684
MGG_00045T0	1890	1891	347	16.2608
MGG_11627T0	495	496	0	0
MGG_07888T0	1993	1994	21	0.933252
MGG_08731T0	4032	4033	1138	25.0045
MGG_08012T0	1942	1943	3011	137.323
MGG_06412T0	1826	1827	7819.22	379.254
MGG_03703T0	4321	4322	1306	26.7771
MGG_16652T0	488	489	13	2.3558
MGG_17023T0	1560	1561	1	0.0567678
MGG_08773T0	2083	2084	127	5.40021
MGG_05235T0	1790	1791	314	15.536
MGG_05591T0	510	511	0	0
MGG_06157T0	2459	2460	576	20.7488
MGG_02612T0	1562	1563	13542	767.765
MGG_03302T0	2963	2964	790	23.6186
MGG_08965T0	1737	1738	72.8189	3.71278
MGG_05709T0	4239	4240	9557	199.738
MGG_16062T0	450	451	16.0989	3.16318
MGG_16255T0	237	238	4	1.48932
MGG_03338T0	961	962	13	1.19749
MGG_11237T0	423	424	307	64.1619
MGG_07038T0	1019	1020	942	81.8381
MGG_09292T0	1911	1912	351.606	16.2957
MGG_03864T0	3642	3643	547.083	13.3076
MGG_00232T0	150	151	0	0
MGG_08868T0	1275	1276	711.799	49.4324
MGG_05298T0	2661	2662	1149	38.2487
MGG_16492T0	1074	1075	0	0
MGG_04651T0	1794	1795	703	34.7053
MGG_06402T0	1236	1237	767.099	54.9524
MGG_01877T0	1479	1480	38	2.27524
MGG_00968T0	852	853	4482	465.615
MGG_16905T0	2563	2564	108	3.73259
MGG_09812T0	1821	1822	0	0
MGG_02408T0	3877	3878	1459	33.339
MGG_12690T0	402	403	1	0.219887
MGG_01743T0	2101	2102	2815	118.673
MGG_16546T0	381	382	0	0
MGG_02391T0	1903	1904	1989	92.5705
MGG_17383T0	192	193	0	0
MGG_05284T0	5132	5133	1586	27.3802
MGG_05062T0	1780	1781	1166	58.0149
MGG_17875T0	210	211	0	0
MGG_17827T0	1800	1801	723	35.5737
MGG_13404T0	1254	1255	984	69.4794
MGG_00931T0	2214	2215	116.24	4.65036
MGG_02027T0	3255	3256	0	0
MGG_02114T0	2439	2440	522	18.9577
MGG_08496T0	1371	1372	1	0.0645878
MGG_05351T0	1266	1267	1843	128.9
MGG_11650T0	603	604	4	0.586851
MGG_14266T0	1735	1736	3467	176.974
MGG_04187T0	1485	1486	368.131	21.9527
MGG_03583T0	2534	2535	751.047	26.2539
MGG_15240T0	318	319	15	4.16682
MGG_11244T0	1085	1086	748.802	61.1001
MGG_05994T0	4700	4701	465.966	8.78351
MGG_16606T0	471	472	0	0
MGG_17929T0	375	376	2	0.471354
MGG_00531T0	2734	2735	258	8.35924
MGG_10036T0	1881	1882	115	5.41481
MGG_17802T0	1687	1688	10073	528.799
MGG_16454T1	341	342	0	0
MGG_16454T0	432	433	10	2.04652
MGG_00439T0	1757	1758	746	37.6032
MGG_01139T0	1839	1840	1040	50.0864
MGG_15299T0	2125	2126	14	0.583538
MGG_13269T0	1595	1596	1014	56.3002
MGG_15756T0	336	337	1	0.262951
MGG_01861T0	1291	1292	94	6.44718
MGG_05854T0	1656	1657	0	0
MGG_01626T0	1476	1477	69	4.13974
MGG_09283T0	3038	3039	1464.37	42.6996
MGG_16583T0	222	223	0	0
MGG_04471T0	1644	1645	687	37.008
MGG_03390T0	2183	2184	246	9.9813
MGG_17968T0	216	217	43	17.5595
MGG_09530T0	1724	1725	1830.54	94.0361
MGG_17979T0	1162	1163	2261.31	172.3
MGG_07877T0	2464	2465	465	16.7163
MGG_07280T0	2226	2227	2845	113.205
MGG_04995T0	5747	5748	1312	20.2265
MGG_06355T0	4085	4086	1948	42.2469
MGG_00837T0	3116	3117	1124	31.9547
MGG_00141T0	4962	4963	5967	106.541
MGG_02416T0	3027	3028	1404	41.0881
MGG_16773T0	424	425	9	1.87654
MGG_07440T0	2556	2557	290	10.0501
MGG_06472T0	1264	1265	2539.99	177.928
MGG_09363T0	2941	2942	685	20.6325
MGG_02454T0	1911	1912	737	34.1574
MGG_01279T0	4801	4802	3771	69.5887
MGG_06722T0	2041	2042	9047	392.603
MGG_01342T0	4239	4240	2807	58.6653
MGG_10124T0	1615	1616	420	23.031
MGG_09931T0	4878	4879	2720	49.4018
MGG_06893T0	2746	2747	3367	108.615
MGG_12967T0	1329	1330	28	1.86557
MGG_08100T0	1414	1415	410	25.6763
MGG_04494T0	3455	3456	1271	32.5894
MGG_01026T0	2084	2085	8549	363.341
MGG_17678T0	3688	3689	1271	30.531
MGG_05041T0	1959	1960	90	4.06903
MGG_13697T0	1600	1601	358	19.8151
MGG_12765T0	1348	1349	159	10.4446
MGG_10402T0	1959	1960	6	0.271269
MGG_07548T0	1116	1117	0	0
MGG_06146T0	2504	2505	1886	66.7173
MGG_04756T0	1940	1941	460.576	21.0272
MGG_12369T0	3163	3164	1236	34.6168
MGG_03022T0	1553	1554	108	6.15853
MGG_00253T0	2090	2091	627	26.5716
MGG_08259T0	3516	3517	2152.67	54.2388
MGG_05769T0	2130	2131	67	2.7861
MGG_12108T0	2578	2579	5129	176.232
MGG_05889T0	2662	2663	857	28.5177
MGG_05747T0	946	947	2	0.187148
MGG_09397T0	432	433	0	0
MGG_08758T0	2257	2258	987	38.7345
MGG_03319T0	5695	5696	3771.29	58.6712
MGG_02771T0	2774	2775	2096.88	66.9601
MGG_09355T0	6555	6556	288	3.89276
MGG_05592T0	1626	1627	185	10.076
MGG_17197T0	881	882	9	0.904229
MGG_16387T0	402	403	0	0
MGG_05993T0	2921	2922	752.034	22.8067
MGG_01683T0	1444	1445	1321.12	81.0178
MGG_10293T0	1848	1849	13.4723	0.64567
MGG_10277T0	5071	5072	166	2.90024
MGG_06826T0	775	776	37	4.22517
MGG_16277T0	3684	3685	1151	27.6785
MGG_15568T0	351	352	0	0
MGG_07632T0	1266	1267	5.07888	0.355219
MGG_02990T0	423	424	0	0
MGG_00401T0	795	796	61	6.79081
MGG_16555T0	1128	1129	0	0
MGG_04105T0	831	832	10081	1073.7
MGG_18098T0	4249	4250	6.46815	0.134864
MGG_16896T0	607	608	39.9695	5.82546
MGG_03138T0	4218	4219	1517	31.8626
MGG_05618T0	3451	3452	869.328	22.316
MGG_05437T0	733	734	536	64.7103
MGG_07156T0	2859	2860	1576.28	48.8397
MGG_00934T0	3658	3659	770.066	18.6496
MGG_17226T0	279	280	0	0
MGG_09049T0	686	687	0	0
MGG_04662T0	1610	1611	374.564	20.6032
MGG_11728T0	971	972	593	54.0621
MGG_11533T0	1656	1657	450	24.0655
MGG_08812T0	720	721	223	27.4078
MGG_12268T0	3081	3082	1609	46.2624
MGG_17829T0	1584	1585	716	40.0303
MGG_00033T0	1605	1606	2	0.110354
MGG_07520T0	1080	1081	9	0.737771
MGG_00532T0	2432	2433	1189	43.3056
MGG_11231T0	3581	3582	449	11.1077
MGG_13349T0	1668	1669	391.245	20.7729
MGG_09099T0	1005	1006	20	1.76172
MGG_01708T0	1932	1933	630.663	28.9115
MGG_07557T0	937	938	47	4.44017
MGG_00805T0	4226	4227	3187.21	66.8164
MGG_16949T0	201	202	0	0
MGG_06195T0	2615	2616	2455	83.1607
MGG_05387T0	431	432	0	0
MGG_05387T1	898	899	0	0
MGG_16969T0	1548	1549	1187.28	67.9212
MGG_03988T0	1798	1799	3267	160.925
MGG_10306T0	1202	1203	1606	118.3
MGG_14756T0	1194	1195	333.361	24.7202
MGG_15112T0	414	415	8	1.70823
MGG_03415T0	3300	3301	359	9.63726
MGG_10957T0	1718	1719	7153	368.737
MGG_06728T0	2565	2566	918.756	31.7284
MGG_08349T0	1257	1258	48	3.38116
MGG_15766T0	189	190	8	3.73114
MGG_07369T0	1236	1237	769	55.0885
MGG_17412T0	324	325	0	0
MGG_03233T0	2046	2047	251	10.8658
MGG_16465T0	2387	2388	43	1.59565
MGG_01795T0	4116	4117	1679	36.1389
MGG_02063T0	790	791	17	1.90448
MGG_12506T0	1677	1678	213	11.2484
MGG_03090T0	2357	2358	1322	49.6812
MGG_01060T0	1340	1341	162.442	10.7343
MGG_15906T0	2396	2397	106.144	3.92402
MGG_11257T0	1291	1292	1050.25	72.0338
MGG_10854T0	1757	1758	3480	175.414
MGG_06755T0	3364	3365	437	11.508
MGG_01235T0	2068	2069	2879	123.306
MGG_15338T0	303	304	0	0
MGG_10896T0	1829	1830	0	0
MGG_06569T0	3942	3943	2330	52.3641
MGG_06747T0	1399	1400	5733	362.876
MGG_05522T0	1437	1438	355.259	21.8923
MGG_14882T0	1269	1270	203	14.1644
MGG_08843T0	3292	3293	4444	119.588
MGG_05111T0	2731	2732	3246	105.286
MGG_14717T0	1217	1218	287.877	20.9442
MGG_03623T0	1005	1006	68	5.98984
MGG_06731T0	1231	1232	499.046	35.895
MGG_12466T0	714	715	257.255	31.8832
MGG_09183T0	438	439	1	0.201855
MGG_06777T0	1797	1798	26	1.28141
MGG_15878T0	543	544	118	19.2215
MGG_11400T0	2104	2105	874	36.7929
MGG_06868T0	2646	2647	2858	95.6782
MGG_02241T0	949	950	350.471	32.6914
MGG_10529T0	2832	2833	1106	34.595
MGG_13904T0	312	313	0	0
MGG_08145T0	1444	1445	2167	132.891
MGG_04643T0	2015	2016	521	22.9009
MGG_00054T0	1509	1510	518	30.3989
MGG_15216T0	900	901	42	4.13075
MGG_00947T0	1496	1497	9491.89	561.869
MGG_02103T0	938	939	646	60.9637
MGG_02516T0	2010	2011	1969	86.7637
MGG_09463T0	1503	1504	826	48.6673
MGG_07286T0	2939	2940	762	22.9674
MGG_02000T0	1997	1998	1510.26	66.9825
MGG_08657T0	624	625	0	0
MGG_14589T0	552	553	0	0
MGG_06542T0	2018	2019	1054	46.2603
MGG_06479T0	393	394	10051	2260.57
MGG_10968T0	372	373	0	0
MGG_10126T0	2685	2686	4233.84	139.68
MGG_00292T0	1250	1251	17	1.20419
MGG_15992T0	726	727	25	3.04726
MGG_10481T0	5382	5383	62.4734	1.02843
MGG_10481T1	5709	5710	67.5266	1.04796
MGG_08823T0	2374	2375	3389	126.448
MGG_00800T0	3340	3341	4400	116.703
MGG_12876T0	2095	2096	663.009	28.0306
MGG_08211T0	2918	2919	843.584	25.6094
MGG_14917T0	1032	1033	63	5.40437
MGG_14819T0	894	895	0	0
MGG_07884T0	1026	1027	23	1.98455
MGG_06807T0	1428	1429	784	48.617
MGG_16247T0	4543	4544	287.022	5.59735
MGG_07593T0	1527	1528	200	11.5988
MGG_11610T0	529	530	48	8.02546
MGG_08041T0	852	853	262	27.218
MGG_06397T0	5041	5042	1514.22	26.6128
MGG_10308T0	1929	1930	663.967	30.4855
MGG_05318T0	2550	2551	1671	58.0458
MGG_13996T0	195	196	122	55.158
MGG_00539T0	1092	1093	11687	947.518
MGG_17046T0	258	259	17	5.81639
MGG_17026T0	1713	1714	117.16	6.05721
MGG_12481T0	537	538	0	0
MGG_03661T0	2131	2132	2156.03	89.6131
MGG_00904T0	1496	1497	827	48.954
MGG_06381T0	1698	1699	491	25.609
MGG_02950T0	933	934	130	12.3339
MGG_07424T0	1260	1261	66	4.63803
MGG_01468T0	9284	9285	1776	16.9498
MGG_17821T0	4531	4532	360.885	7.05641
MGG_07861T0	1761	1762	31	1.55905
MGG_07591T0	306	307	4	1.15459
MGG_09998T0	369	370	63	15.0884
MGG_07210T0	1775	1776	831	41.4632
MGG_16315T0	2330	2331	878	33.3777
MGG_04317T0	2211	2212	601	24.0765
MGG_15697T0	183	184	90	43.344
MGG_10720T0	1103	1104	2166	173.858
MGG_07561T0	3894	3895	2568	58.4241
MGG_01327T0	2305	2306	2028	77.9315
MGG_09320T0	4316	4317	491	10.0787
MGG_00989T0	504	505	33	5.79065
MGG_00882T0	2809	2810	1068	33.6798
MGG_17595T0	1858	1859	346	16.4931
MGG_16085T0	228	229	12.8565	4.97498
MGG_09985T0	1419	1420	25	1.56011
MGG_10245T0	1039	1040	0	0
MGG_07229T0	2318	2319	2395	91.5186
MGG_15809T0	1126	1127	74	5.81852
MGG_11474T0	2402	2403	4798	176.934
MGG_15791T0	1380	1381	0	0
MGG_15249T0	1226	1227	44.9602	3.24704
MGG_10049T0	1240	1241	1074	76.6897
MGG_10609T0	1653	1654	376	20.1445
MGG_17689T0	2032	2033	141	6.14591
MGG_00836T0	767	768	234	26.9997
MGG_02758T0	858	859	385	39.7166
MGG_16006T0	831	832	0	0
MGG_11596T0	1186	1187	543.36	40.5641
MGG_11286T0	1269	1270	284	19.8161
MGG_05335T0	879	880	635	63.9434
MGG_17645T0	486	487	0	0
MGG_06709T0	3287	3288	3694	99.5565
MGG_08798T0	666	667	0	0
MGG_15986T0	981	982	194.426	17.5448
MGG_15986T1	958	959	400.291	36.9881
MGG_04694T0	944	945	654	61.3268
MGG_04090T0	2861	2862	2449.84	75.8529
MGG_02619T0	3746	3747	1565	37.0114
MGG_03980T0	1181	1182	1885.62	141.365
MGG_06910T0	2755	2756	4095	131.668
MGG_09298T0	977	978	235.363	21.3257
MGG_12366T0	752	753	54.1565	6.37324
MGG_03267T0	1826	1827	616.672	29.9102
MGG_11741T0	3086	3087	42	1.20564
MGG_18136T0	1335	1336	373	24.7404
MGG_03495T0	960	961	110	10.1432
MGG_03311T0	2148	2149	857	35.3386
MGG_10367T0	798	799	2	0.221813
MGG_06263T0	2014	2015	5600	246.273
MGG_01825T0	2462	2463	4597	165.392
MGG_03057T0	1389	1390	587	37.4221
MGG_09456T0	1506	1507	489	28.7541
MGG_03967T0	1521	1522	118	6.87024
MGG_03604T0	874	875	939.213	95.1175
MGG_03503T0	1069	1070	5	0.414086
MGG_14858T0	1199	1200	691.054	51.0312
MGG_13439T0	963	964	708	65.082
MGG_06652T0	2947	2948	539	16.2019
MGG_15297T0	1330	1331	86.0477	5.72883
MGG_06490T0	666	667	10	1.32855
MGG_17682T0	933	934	170	16.129
MGG_00080T0	621	622	119	16.9536
MGG_13493T0	1978	1979	673.46	30.1558
MGG_16666T0	707	708	5	0.625808
MGG_16180T0	1232	1233	9.03103	0.649051
MGG_08314T0	3570	3571	588	14.5912
MGG_01727T0	4317	4318	1713	35.1544
MGG_02308T0	1413	1414	371	23.2503
MGG_05587T0	2753	2754	882	28.3798
MGG_06994T0	1709	1710	5116	265.118
MGG_14369T0	177	178	44	21.9047
MGG_12397T0	2540	2541	710	24.7604
MGG_07463T0	1966	1967	713	32.1211
MGG_04964T0	1581	1582	1150	64.4163
MGG_07134T1	2031	2032	1835.14	80.0297
MGG_07134T0	2127	2128	2359.86	98.2695
MGG_13435T0	2930	2931	3405	102.945
MGG_10820T0	3051	3052	1029	29.8769
MGG_10563T0	2473	2474	88.3586	3.16485
MGG_10563T1	2386	2387	353.641	13.1285
MGG_13220T0	2950	2951	324.69	9.74998
MGG_13220T1	2002	2003	2601.31	115.084
MGG_03824T0	1872	1873	1394	65.9522
MGG_00943T0	2029	2030	2642	115.33
MGG_01088T0	2301	2302	5087	195.822
MGG_05888T0	1989	1990	1756	78.1945
MGG_16483T0	660	661	169.577	22.7337
MGG_03512T0	1548	1549	1643.06	93.9953
MGG_08810T0	3205	3206	2810.96	77.6956
MGG_05270T0	1812	1813	1024	50.0503
MGG_03868T0	1012	1013	1302	113.895
MGG_17680T0	767	768	299.846	34.5973
MGG_01845T0	399	400	1492	330.532
MGG_17624T0	378	379	4	0.935245
MGG_03460T0	1065	1066	11	0.914408
MGG_11908T0	1497	1498	514	30.4058
MGG_02892T0	2921	2922	920	27.9005
MGG_01380T0	1293	1294	2170	148.604
MGG_01452T0	3746	3747	2956	69.9078
MGG_12551T0	987	988	1	0.0896908
MGG_09784T0	6044	6045	2723	39.9168
MGG_05231T0	915	916	470	45.4681
MGG_02757T0	3704	3705	1469	35.1349
MGG_01900T0	444	445	2	0.398267
MGG_08462T0	1857	1858	2600	124.003
MGG_03966T0	3524	3525	152	3.82111
MGG_17486T0	4306	4307	7860	161.716
MGG_15927T0	1755	1756	29	1.46345
MGG_13868T0	348	349	0	0
MGG_10231T0	312	313	2	0.566227
MGG_16382T0	861	862	41	4.21484
MGG_17354T0	183	184	8	3.8528
MGG_07662T0	1938	1939	15	0.685517
MGG_05899T0	3392	3393	1555	40.6117
MGG_09073T0	2935	2936	79	2.38438
MGG_17739T0	174	175	0	0
MGG_03541T0	258	259	56	19.1599
MGG_16529T0	228	229	0	0
MGG_07146T0	3099	3100	1370	39.1619
MGG_12291T0	2465	2466	18	0.646821
MGG_08353T0	510	511	39	6.76314
MGG_10583T0	1817	1818	801	39.043
MGG_17647T0	318	319	138.488	38.4704
MGG_08576T0	327	328	4	1.08066
MGG_08981T0	1233	1234	386	27.7189
MGG_10506T0	1782	1783	1278	63.5161
MGG_06413T0	1880	1881	343.778	16.1955
MGG_02728T0	2088	2089	2089	88.6145
MGG_17508T0	1795	1796	43	2.12162
MGG_08037T0	810	811	78	8.52272
MGG_18093T0	252	253	0	0
MGG_00356T0	4131	4132	1782	38.2166
MGG_11502T0	2088	2089	249	10.5625
MGG_16681T0	1285	1286	1299	89.5103
MGG_06260T0	3178	3179	215	5.99311
MGG_15920T0	141	142	0	0
MGG_06857T0	1994	1995	354	15.7241
MGG_04318T0	898	899	73	7.19561
MGG_15918T0	303	304	9.19718	2.68093
MGG_15353T0	2154	2155	33	1.35697
MGG_17895T0	1872	1873	114	5.39351
MGG_16962T0	390	391	19	4.30607
MGG_04358T0	1553	1554	2163	123.342
MGG_00184T0	3615	3616	1492	36.5633
MGG_07954T0	1017	1018	12	1.04457
MGG_09527T0	2242	2243	34456	1361.26
MGG_15509T0	1831	1832	594.824	28.7718
MGG_02980T0	3436	3437	614.204	15.8357
MGG_04992T0	3942	3943	6	0.134843
MGG_02507T0	2810	2811	635	20.0179
MGG_08339T0	2534	2535	472.526	16.5178
MGG_17774T0	372	373	0	0
MGG_16813T0	1417	1418	6	0.374955
MGG_04433T0	4790	4791	2522	46.647
MGG_16211T0	1407	1408	252.534	15.8936
MGG_00926T0	3785	3786	1297	30.3574
MGG_01331T0	2888	2889	807	24.7532
MGG_09529T0	678	679	785.461	102.508
MGG_16556T0	676	677	1082.35	141.672
MGG_13993T0	1213	1214	3	0.218981
MGG_07498T0	1503	1504	25	1.47298
MGG_06738T0	1727	1728	1004	51.4866
MGG_15396T0	1255	1256	0	0
MGG_04142T0	1667	1668	615.505	32.6994
MGG_10327T0	2688	2689	5625.41	185.382
MGG_04110T0	1224	1225	853	61.7046
MGG_07868T0	1628	1629	4	0.217592
MGG_04146T0	2436	2437	675	24.5444
MGG_03872T0	2714	2715	601	19.6159
MGG_08834T0	941	942	8209	772.225
MGG_16653T0	465	466	0	0
MGG_03436T0	767	768	21159.7	2441.47
MGG_17941T0	373	374	7	1.65856
MGG_14938T0	150	151	3	1.76055
MGG_00824T0	2177	2178	10	0.406862
MGG_07216T0	1048	1049	4432	374.394
MGG_17312T0	815	816	15	1.62894
MGG_02798T0	831	832	448	47.7155
MGG_00149T0	3183	3184	3942.97	109.737
MGG_00738T0	1355	1356	424	27.7084
MGG_02885T0	1053	1054	0	0
MGG_08917T0	2489	2490	2466	87.7603
MGG_14699T0	3461	3462	179	4.58174
MGG_11256T0	2145	2146	954.747	39.4242
MGG_08190T0	1687	1688	9027.67	473.923
MGG_07886T0	288	289	0	0
MGG_10833T0	4392	4393	762.084	15.3726
MGG_08609T0	567	568	0	0
MGG_10368T0	903	904	5	0.490124
MGG_17445T0	393	394	0	0
MGG_01841T0	1661	1662	132	7.03797
MGG_08049T0	2561	2562	584	20.1994
MGG_01205T0	2686	2687	696	22.9534
MGG_16286T0	2696	2697	2117	69.5576
MGG_13834T0	1566	1567	544	30.7634
MGG_15595T0	165	166	0	0
MGG_11389T0	1846	1847	393	18.8552
MGG_04180T0	2183	2184	894.832	36.3073
MGG_17075T0	1053	1054	23	1.93371
MGG_16801T0	549	550	3	0.483352
MGG_14728T0	2583	2584	2568.56	88.0848
MGG_06277T0	3327	3328	378	10.065
MGG_02893T0	465	466	357	67.887
MGG_09063T0	2753	2754	1873	60.2668
MGG_14684T0	183	184	19	9.15041
MGG_06891T0	1191	1192	82	6.09596
MGG_03606T0	2171	2172	517.548	21.1152
MGG_15674T0	240	241	22	8.08929
MGG_05831T0	576	577	3	0.460734
MGG_05198T0	3047	3048	900	26.1657
MGG_07148T0	1654	1655	2601	139.267
MGG_04012T0	1934	1935	2091	95.7586
MGG_08380T0	1062	1063	0	0
MGG_04779T0	876	877	1930	195.012
MGG_05949T0	1542	1543	7677	440.89
MGG_07367T0	1361	1362	141	9.17374
MGG_01620T0	2766	2767	3425	109.687
MGG_01029T0	2463	2464	785	28.2315
MGG_15779T0	366	367	7	1.69019
MGG_08105T0	3330	3331	856	22.7721
MGG_03638T0	1999	2000	717	31.7683
MGG_16821T0	177	178	2	0.995668
MGG_02622T0	1842	1843	1959	94.1919
MGG_00865T0	7323	7324	8614	104.222
MGG_06745T0	1466	1467	369	22.2895
MGG_04455T0	953	954	10628	987.206
MGG_13582T0	1432	1433	1	0.0618384
MGG_06465T0	5210	5211	664	11.2915
MGG_17158T0	303	304	2	0.58299
MGG_07191T0	1698	1699	1428.41	74.5015
MGG_05792T0	360	361	2	0.490939
MGG_17610T0	705	706	116.03	14.5637
MGG_04708T1	3834	3835	771.03	17.816
MGG_04708T0	3909	3910	3582.97	81.2028
MGG_10130T0	468	469	0	0
MGG_00271T0	1288	1289	397.809	27.3481
MGG_00271T1	1294	1295	932.746	63.8261
MGG_00267T0	309	310	0	0
MGG_02418T0	3107	3108	2490	70.9942
MGG_15204T0	1023	1024	38	3.28843
MGG_11185T0	2819	2820	1490	46.8211
MGG_10938T0	1605	1606	144	7.94551
MGG_10062T0	1254	1255	7	0.494264
MGG_00656T0	2475	2476	1002	35.8609
MGG_01405T0	2808	2809	15.5418	0.490291
MGG_10271T0	3972	3973	2	0.0446083
MGG_00908T0	2028	2029	3280	143.251
MGG_03696T0	2366	2367	4921.9	184.264
MGG_15533T0	216	217	89	36.3442
MGG_10073T0	318	319	0	0
MGG_10912T0	8104	8105	1	0.0109333
MGG_01480T0	769	770	418	48.105
MGG_01211T0	1434	1435	3	0.185257
MGG_02827T0	1683	1684	88	4.63068
MGG_08307T0	2200	2201	3457	139.182
MGG_07288T0	3715	3716	2484	59.2353
MGG_09253T0	932	933	1463.18	138.97
MGG_05958T0	1379	1380	545.431	35.024
MGG_15966T0	270	271	0	0
MGG_11047T0	3725	3726	421	10.0125
MGG_04598T0	384	385	17	3.91285
MGG_01378T0	6363	6364	3546	49.3757
MGG_17450T0	2063	2064	9058	388.89
MGG_04661T0	2405	2406	1202	44.2704
MGG_05247T0	3723	3724	29200	694.829
MGG_02650T0	2017	2018	0	0
MGG_17957T0	318	319	71	19.723
MGG_17743T0	1394	1395	588	37.3515
MGG_17730T0	4171	4172	807.181	17.1447
MGG_07116T0	8622	8623	2062.65	21.1968
MGG_17422T0	267	268	7	2.31456
MGG_15286T0	276	277	69	22.0736
MGG_06417T0	2071	2072	1114	47.6431
MGG_05367T0	2577	2578	3816	131.169
MGG_04100T0	6184	6185	1482	21.2331
MGG_01123T0	4087	4088	1568.75	34.0053
MGG_15917T0	366	367	0	0
MGG_10019T0	1695	1696	606	31.663
MGG_17918T0	519	520	3	0.511237
MGG_02060T0	1338	1339	0	0
MGG_08541T0	1658	1659	99	5.28802
MGG_06976T0	684	685	6	0.776185
MGG_03569T0	2572	2573	7385	254.34
MGG_02256T0	1472	1473	1282	77.1241
MGG_14135T0	1494	1495	72	4.26772
MGG_11730T0	973	974	22	2.00156
MGG_09305T0	1572	1573	10	0.563347
MGG_16037T0	261	262	1	0.338223
MGG_08866T0	2624	2625	7299	246.399
MGG_01983T0	2057	2058	11	0.473644
MGG_07963T0	2819	2820	1553	48.8008
MGG_00580T0	630	631	2	0.28087
MGG_07705T0	7599	7600	2069	24.1241
MGG_07470T0	2457	2458	2755	99.3217
MGG_07919T0	693	694	2	0.255373
MGG_17824T0	1196	1197	1339.66	99.176
MGG_03932T0	1545	1546	795.009	45.5688
MGG_07812T0	768	769	10.4206	1.2008
MGG_10361T0	792	793	44	4.91682
MGG_11098T0	1719	1720	0	0
MGG_04560T0	2275	2276	2487	96.8296
MGG_12523T0	3498	3499	13656	345.847
MGG_08750T0	1387	1388	121	7.72504
MGG_01350T0	3415	3416	44	1.1414
MGG_09014T0	1611	1612	6064	333.349
MGG_03698T0	1970	1971	907	40.7779
MGG_16485T0	261	262	0	0
MGG_06634T0	3162	3163	1120	31.3779
MGG_01588T0	1533	1534	12309	711.053
MGG_03678T0	2517	2518	549.549	19.34
MGG_05972T0	681	682	6	0.779599
MGG_12158T0	4982	4983	1766	31.4054
MGG_09506T0	3008	3009	1819	53.5692
MGG_01485T0	3648	3649	2191	53.2075
MGG_11776T0	1497	1498	11123	657.983
MGG_13994T0	3014	3015	688.552	20.2374
MGG_02716T0	8456	8457	3803.7	39.8561
MGG_11907T0	2215	2216	1490	59.5828
MGG_04351T0	1411	1412	987.071	61.9467
MGG_05314T0	2033	2034	822.862	35.8493
MGG_10604T0	518	519	2635	449.902
MGG_05756T0	2501	2502	773.701	27.4025
MGG_06154T0	1737	1738	6374	324.988
MGG_08830T0	1373	1374	3757	242.303
MGG_03636T0	1415	1416	194	12.1407
MGG_04026T0	1375	1376	273	17.5812
MGG_04837T0	2075	2076	1103	47.0818
MGG_17035T3	4787	4788	24.7064	0.457257
MGG_17035T0	3780	3781	73.4541	1.72153
MGG_17035T2	3784	3785	500.949	11.7282
MGG_17035T1	4479	4480	675.163	13.3547
MGG_06007T0	1569	1570	680	38.3808
MGG_15146T0	1800	1801	911	44.8239
MGG_06459T0	3559	3560	3361.81	83.6811
MGG_01364T0	3036	3037	1736	50.6535
MGG_04531T0	2282	2283	901	34.9722
MGG_15235T0	491	492	25	4.50277
MGG_00139T0	2794	2795	2967.35	94.0788
MGG_16487T0	544	545	8	1.30076
MGG_10898T0	1317	1318	12.1735	0.818476
MGG_04928T0	690	691	5.03125	0.645213
MGG_01428T0	1926	1927	3244.11	149.183
MGG_15344T0	5163	5164	799	13.7109
MGG_09373T0	3052	3053	1160	33.6694
MGG_09773T0	1494	1495	4.0225	0.238429
MGG_07924T0	1701	1702	168	8.7469
MGG_17859T0	327	328	0	0
MGG_00423T0	1107	1108	0	0
MGG_06716T0	658	659	207	27.8349
MGG_02689T0	2700	2701	1147	37.6308
MGG_09951T0	1551	1552	65.4161	3.73506
MGG_06588T0	2330	2331	109	4.1437
MGG_17282T0	833	834	18	1.91254
MGG_08450T0	2502	2503	6915	244.814
MGG_01047T0	2049	2050	1242	53.6874
MGG_03170T0	2871	2872	889	27.4298
MGG_04937T0	507	508	75	13.0828
MGG_15868T0	1692	1693	4280.99	224.074
MGG_06878T0	3234	3235	2494	68.3167
MGG_05354T0	1065	1066	33	2.74322
MGG_02803T0	587	588	2355	354.91
MGG_01243T0	1748	1749	1074	54.4151
MGG_13277T0	858	859	126	12.9982
MGG_09276T0	2998	2999	1486	43.9083
MGG_09474T0	504	505	10	1.75474
MGG_00170T0	1589	1590	3629	202.253
MGG_05037T0	1131	1132	14	1.09594
MGG_05175T0	1580	1581	830	46.5212
MGG_03140T0	3448	3449	454	11.6645
MGG_14760T0	620	621	0	0
MGG_09555T0	2604	2605	529	17.995
MGG_06035T0	657	658	2955	397.957
MGG_17294T0	1449	1450	5.88362	0.359568
MGG_06254T0	3848	3849	626	14.4122
MGG_17795T0	2556	2557	645	22.3529
MGG_10113T0	1032	1033	0	0
MGG_06794T0	1815	1816	395	19.2746
MGG_08936T0	4286	4287	296.269	6.12403
MGG_16011T0	177	178	20	9.95668
MGG_07732T0	1725	1726	61	3.1318
MGG_02958T0	3813	3814	1879	43.6567
MGG_08401T0	690	691	0	0
MGG_03172T0	2127	2128	691	28.7747
MGG_13261T0	1843	1844	44.4743	2.13724
MGG_06930T0	2362	2363	2445.04	91.691
MGG_17931T0	368	369	1	0.240148
MGG_09212T0	1881	1882	703.403	33.1199
MGG_18138T0	459	460	747	143.902
MGG_05468T0	1761	1762	0	0
MGG_04957T0	4265	4266	1526	31.6985
MGG_11925T0	3773	3774	53	1.24445
MGG_08361T0	1587	1588	240	13.3926
MGG_03094T0	2191	2192	1152.99	46.6113
MGG_03463T0	3302	3303	1484	39.8135
MGG_00578T0	2015	2016	186	8.17574
MGG_02335T0	891	892	1	0.0993436
MGG_16588T0	258	259	0	0
MGG_10409T0	1092	1093	435	35.2674
MGG_06659T0	1614	1615	240.06	13.172
MGG_03223T0	7260	7261	1350.58	16.4827
MGG_05699T0	3971	3972	2231	49.7731
MGG_16625T0	219	220	0	0
MGG_17758T0	456	457	0	0
MGG_11496T0	1913	1914	1096	50.7427
MGG_01178T0	3161	3162	449	12.5831
MGG_05832T0	1236	1237	0	0
MGG_01258T0	3210	3211	1303.88	35.9834
MGG_02244T1	1351	1352	343.887	22.5394
MGG_02244T0	1485	1486	4.14126	0.246955
MGG_05713T0	2220	2221	2958	118.02
MGG_15712T0	589	590	13	1.95252
MGG_02866T0	3207	3208	1122.07	30.9949
MGG_01790T0	1991	1992	3944	175.45
MGG_00874T0	663	664	230	30.6948
MGG_03947T0	2918	2919	5305	161.048
MGG_04156T0	2085	2086	6248	265.419
MGG_06648T0	3641	3642	1849	44.9885
MGG_16357T0	264	265	0	0
MGG_04320T0	2239	2240	1000.05	39.5619
MGG_01063T0	3446	3447	1640	42.1606
MGG_06256T0	2392	2393	917	33.9572
MGG_03691T0	1147	1148	10025	773.833
MGG_10993T0	1900	1901	409	19.0654
MGG_05577T0	1986	1987	35	1.5609
MGG_09444T0	1320	1321	94	6.30565
MGG_07165T0	1237	1238	2408.97	172.431
MGG_11786T0	2262	2263	1527	59.7942
MGG_06800T0	897	898	0	0
MGG_09531T0	3489	3490	1979	50.2487
MGG_07091T0	4069	4070	233.117	5.07555
MGG_01609T0	996	997	84071	7472.32
MGG_02435T0	1191	1192	915	68.022
MGG_12603T0	1278	1279	406	28.1294
MGG_06742T0	2951	2952	1852	55.5942
MGG_15154T0	492	493	20062	3606.05
MGG_05968T0	1710	1711	58.9016	3.05058
MGG_01399T0	753	754	161	18.9217
MGG_08232T0	1182	1183	75	5.61799
MGG_17944T0	780	781	519	58.8872
MGG_04464T0	3222	3223	3511	96.5328
MGG_08230T0	402	403	0	0
MGG_16171T0	564	565	0	0
MGG_08890T0	2469	2470	58	2.08083
MGG_01539T0	213	214	2475	1024.86
MGG_09518T0	3323	3324	4664	124.337
MGG_02920T0	1821	1822	1120	54.4721
MGG_11649T0	3780	3781	1824	42.7487
MGG_16377T0	2784	2785	1552	49.3823
MGG_16476T0	516	517	0	0
MGG_18021T0	1166	1167	930.433	70.6511
MGG_18021T1	1216	1217	707.034	51.4818
MGG_14324T0	2971	2972	89	2.65366
MGG_13043T0	255	256	0	0
MGG_04996T0	2767	2768	565.663	18.1091
MGG_05723T0	2485	2486	523	18.6425
MGG_01703T0	3421	3422	4069	105.369
MGG_09416T0	1152	1153	211	16.2165
MGG_15655T0	833	834	99	10.519
MGG_01113T0	995	996	10918	971.378
MGG_05659T0	3975	3976	91	2.02815
MGG_02481T0	3947	3948	5632	126.413
MGG_10420T0	2473	2474	658	23.5684
MGG_14764T0	9432	9433	413	3.87976
MGG_04934T0	3397	3398	396	10.3271
MGG_05105T0	954	955	231	21.4345
MGG_17942T0	3429	3430	1760	45.4698
MGG_16299T0	5068	5069	1032	18.0411
MGG_00321T0	1005	1006	7	0.616602
MGG_00924T0	4391	4392	1710	34.5015
MGG_02810T0	4454	4455	72	1.43215
MGG_04739T0	3696	3697	889	21.3087
MGG_18045T0	264	265	33	11.035
MGG_00840T0	2126	2127	929	38.7037
MGG_01888T0	2008	2009	78	3.44048
MGG_00261T0	3275	3276	4160	112.526
MGG_01382T0	1516	1517	362	21.146
MGG_02671T0	1494	1495	1189	70.4767
MGG_14727T0	1182	1183	75	5.61799
MGG_13149T0	3718	3719	4747	113.109
MGG_08379T0	1542	1543	0	0
MGG_05934T0	2717	2718	2164	70.5525
MGG_06446T0	2255	2256	2341	91.9532
MGG_03642T0	1693	1694	146.508	7.66397
MGG_03998T0	1394	1395	109.772	6.97305
MGG_06991T0	2122	2123	3847.52	160.596
MGG_01705T0	1823	1824	997	48.4367
MGG_08759T0	1233	1234	16	1.14897
MGG_05698T0	1068	1069	268	22.2158
MGG_01537T0	7517	7518	3160	37.2468
MGG_12231T0	1494	1495	0	0
MGG_06214T0	4184	4185	2281	48.2986
MGG_16106T0	571	572	12	1.85904
MGG_14948T0	858	859	93	9.59388
MGG_02313T0	9897	9898	0	0
MGG_05427T0	1313	1314	3280	221.199
MGG_03896T0	1446	1447	854	52.2991
MGG_16165T0	237	238	0	0
MGG_14560T0	393	394	16	3.59856
MGG_12676T0	1149	1150	2	0.154112
MGG_07024T0	735	736	136	16.3744
MGG_17671T0	1006	1007	34	2.99195
MGG_08177T0	2043	2044	397	17.2113
MGG_09955T0	1131	1132	3706	290.111
MGG_09846T0	3220	3221	616	16.9471
MGG_09346T0	756	757	374	43.7805
MGG_14349T0	1753	1754	520	26.2711
MGG_06657T0	882	883	13335	1338.25
MGG_16200T0	270	271	3	0.980972
MGG_15569T0	520	521	87	14.7974
MGG_18043T0	1233	1234	0	0
MGG_07913T0	5566	5567	1232.21	19.6141
MGG_08428T0	336	337	0	0
MGG_00298T0	1530	1531	142	8.21898
MGG_04448T0	1204	1205	276.107	20.3046
MGG_00013T0	528	529	0	0
MGG_09240T0	2637	2638	929	31.2065
MGG_08682T0	684	685	15	1.94046
MGG_06439T0	3496	3497	2701	68.4437
MGG_06426T0	5808	5809	1491	22.7447
MGG_00318T0	3121	3122	1332	37.8073
MGG_12400T0	505	506	1	0.175127
MGG_07112T0	2770	2771	637	20.3708
MGG_16893T0	282	283	13	4.07063
MGG_00747T0	1687	1688	377.663	19.8261
MGG_15896T0	216	217	0	0
MGG_16150T0	225	226	19	7.44989
MGG_14575T0	2751	2752	718	23.1196
MGG_15643T0	590	591	18	2.69892
MGG_11285T0	741	742	85	10.1513
MGG_06917T0	2296	2297	4193	161.759
MGG_15741T0	573	574	23	3.55075
MGG_17741T0	204	205	0	0
MGG_16014T0	765	766	386	44.6543
MGG_04439T0	1037	1038	1605	137.019
MGG_10961T0	4338	4339	13	0.265496
MGG_05276T0	1653	1654	686	36.753
MGG_00771T0	4841	4842	884	16.1783
MGG_13736T0	816	817	1345	145.883
MGG_00333T0	2732	2733	2966.53	96.1863
MGG_02405T0	3317	3318	4026	107.523
MGG_06903T0	1480	1481	1232	73.7157
MGG_06017T0	1229	1230	957.787	69.0031
MGG_07231T0	1501	1502	127	7.4927
MGG_06618T0	2329	2330	1139.2	43.3259
MGG_14881T0	1247	1248	0	0
MGG_10333T1	1327	1328	227.769	15.1985
MGG_10333T0	1897	1898	165.231	7.71434
MGG_02099T0	3460	3461	2486	63.6508
MGG_17388T0	309	310	12	3.43024
MGG_09249T0	2591	2592	267	9.12811
MGG_00613T0	1615	1616	898	49.2424
MGG_02766T1	2215	2216	986.976	39.4677
MGG_02766T0	1899	1900	456.024	21.2686
MGG_03101T0	2474	2475	1015	36.3409
MGG_04388T0	2542	2543	1602	55.824
MGG_04843T0	3476	3477	2947	75.1069
MGG_02760T0	1109	1110	579	46.2232
MGG_12093T0	2147	2148	2637	108.788
MGG_11468T0	1069	1070	219	18.137
MGG_15106T0	450	451	13	2.5543
MGG_06351T0	3798	3799	1145.23	26.7134
MGG_09314T0	1438	1439	10	0.615806
MGG_17865T0	260	261	1127	382.638
MGG_01434T0	2665	2666	1612	53.5808
MGG_01993T0	306	307	6	1.73188
MGG_14052T0	693	694	10590	1352.2
MGG_07833T0	2837	2838	282	8.80524
MGG_00126T0	3896	3897	44.0148	1.00086
MGG_10585T0	1008	1009	58	5.09379
MGG_01337T0	2345	2346	197	7.4412
MGG_01704T0	1944	1945	1180	53.761
MGG_08846T0	2137	2138	801	33.1993
MGG_01152T0	806	807	47	5.16094
MGG_01865T0	2167	2168	126	5.1501
MGG_00305T0	597	598	0	0
MGG_02634T0	3110	3111	2685	76.4802
MGG_15596T0	505	506	7	1.22589
MGG_17069T0	906	907	15	1.46551
MGG_00588T0	1549	1550	1185.9	67.7984
MGG_15649T0	459	460	7	1.34848
MGG_04644T0	2118	2119	179	7.4856
MGG_15332T0	276	277	6.01138	1.92309
MGG_06779T0	1071	1072	100	8.26627
MGG_16187T0	827	828	258	27.6118
MGG_09737T0	1827	1828	327	15.8517
MGG_04514T0	1952	1953	704.664	31.9731
MGG_04824T0	559	560	255.236	40.3886
MGG_13012T0	1116	1117	744	59.0234
MGG_13121T0	2184	2185	990	40.1503
MGG_00523T0	2583	2584	367	12.5857
MGG_04010T0	342	343	602	155.527
MGG_17772T0	510	511	0	0
MGG_01362T0	2280	2281	1655	64.295
MGG_02398T0	4213	4214	17183	361.334
MGG_17207T0	288	289	0	0
MGG_10380T0	1869	1870	4744	224.806
MGG_14098T0	2575	2576	14	0.4816
MGG_17507T0	814	815	7	0.761106
MGG_07006T0	1308	1309	922.586	62.4557
MGG_17919T0	198	199	0	0
MGG_09957T0	309	310	25	7.14633
MGG_08941T0	799	800	13	1.43998
MGG_00758T0	2328	2329	967.709	36.8197
MGG_16176T0	629	630	10.3083	1.44994
MGG_15027T0	2406	2407	1093	40.2391
MGG_08426T0	1563	1564	57	3.22956
MGG_13001T0	1889	1890	1360.84	63.8042
MGG_05212T0	3266	3267	754	20.4516
MGG_16296T0	171	172	9	4.6368
MGG_16262T0	201	202	18	7.89634
MGG_18024T0	471	472	0	0
MGG_09464T0	1593	1594	711.641	39.5619
MGG_17858T0	1448	1449	60	3.66934
MGG_09268T0	1584	1585	383	21.4128
MGG_03449T0	2418	2419	2398	87.8452
MGG_05025T0	2372	2373	1182	44.1392
MGG_12612T0	1926	1927	34	1.56351
MGG_17012T0	2301	2302	1	0.0384946
MGG_14093T0	507	508	0	0
MGG_15645T2	1013	1014	1608.73	140.589
MGG_15645T0	1025	1026	1203.59	103.952
MGG_15645T1	1334	1335	128.684	8.54179
MGG_04077T0	3039	3040	8	0.233196
MGG_17112T0	231	232	0	0
MGG_11397T0	537	538	92	15.1534
MGG_16486T0	7149	7150	52.9497	0.65624
MGG_03214T0	1544	1545	1386	79.4949
MGG_15750T0	1296	1297	46	3.14284
MGG_09162T0	2364	2365	136	5.0958
MGG_00835T0	1509	1510	885	51.9363
MGG_09404T0	2110	2111	819.782	34.4124
MGG_17058T0	1786	1787	2122	105.227
MGG_07187T0	7035	7036	28379	357.418
MGG_04189T0	4376	4377	655	13.2608
MGG_15591T0	516	517	59	10.1127
MGG_05419T0	2902	2903	0	0
MGG_05309T0	2725	2726	1472	47.8505
MGG_14230T0	1410	1411	261	16.3915
MGG_07018T0	874	875	1093	110.692
MGG_03844T0	1717	1718	349	18.0014
MGG_07716T0	1823	1824	3052	148.274
MGG_05322T0	2418	2419	1071.12	39.2379
MGG_15376T0	441	442	0	0
MGG_00402T0	1186	1187	0	0
MGG_00954T0	501	502	5	0.882614
MGG_03137T0	2830	2831	1430	44.7611
MGG_14548T0	1784	1785	56	2.78006
MGG_13360T0	1980	1981	70	3.13125
MGG_09282T0	3051	3052	414	12.0204
MGG_09297T0	1719	1720	1406	72.4372
MGG_13872T0	486	487	3	0.54588
MGG_06496T0	4369	4370	2596	52.6415
MGG_17270T0	743	744	39.8219	4.743
MGG_14619T0	622	623	3	0.426715
MGG_08856T0	2130	2131	1655	68.8207
MGG_01678T0	793	794	9023.2	1007.04
MGG_16078T0	741	742	2	0.238853
MGG_14929T0	729	730	90	10.9251
MGG_15562T0	336	337	0	0
MGG_15074T0	900	901	205	20.162
MGG_11879T0	1517	1518	475.608	27.764
MGG_06880T0	1681	1682	709.738	37.3918
MGG_02755T0	4513	4514	4620	90.6954
MGG_08642T0	3049	3050	741	21.529
MGG_14901T0	2438	2439	619	22.4897
MGG_16882T0	186	187	14	6.63424
MGG_09888T0	1864	1865	622.196	29.5633
MGG_11781T0	1545	1546	123	7.05018
MGG_08973T0	1672	1673	484.414	25.6582
MGG_08973T1	1869	1870	12.586	0.596417
MGG_10531T0	435	436	8	1.62595
MGG_16604T0	180	181	0	0
MGG_12868T0	1786	1787	2538.53	125.882
MGG_02908T0	2106	2107	3329	140.008
MGG_17138T0	324	325	22	5.99852
MGG_10346T0	786	787	40	4.50391
MGG_00409T0	734	735	2836	341.919
MGG_11312T0	1548	1549	393.132	22.4901
MGG_16083T0	261	262	0	0
MGG_14958T0	351	352	0	0
MGG_07089T0	2323	2324	1873	71.4178
MGG_12652T0	2990	2991	2644	78.3339
MGG_09379T0	357	358	0	0
MGG_06114T0	810	811	129	14.0953
MGG_04795T0	348	349	0	0
MGG_00923T0	2107	2108	4855	204.091
MGG_15323T0	3997	3998	1964	43.5315
MGG_18118T0	686	687	36	4.64355
MGG_06875T0	642	643	3607.7	497.192
MGG_12724T0	2466	2467	929	33.3696
MGG_01912T0	2605	2606	11	0.374044
MGG_14073T0	1791	1792	0	0
MGG_00158T0	1455	1456	2	0.121723
MGG_12628T0	1365	1366	1734	112.487
MGG_00654T0	3455	3456	1189	30.4869
MGG_00178T0	1137	1138	1312	102.164
MGG_05196T0	2730	2731	1075	34.8812
MGG_00790T0	1452	1453	985	60.0724
MGG_10692T0	2314	2315	515	19.7134
MGG_16852T1	3096	3097	167.405	4.78997
MGG_16852T0	2763	2764	247.595	7.93794
MGG_16163T0	177	178	0	0
MGG_04502T0	1446	1447	311	19.0457
MGG_06858T0	1152	1153	815	62.6373
MGG_10142T0	3868	3869	1680	38.4782
MGG_07448T0	990	991	0	0
MGG_02855T0	1965	1966	1369	61.7056
MGG_08261T0	3259	3260	1471	39.9852
MGG_15833T0	540	541	16	2.62076
MGG_15628T1	765	766	16.2475	1.87958
MGG_15628T0	781	782	701.229	79.4617
MGG_13744T0	1292	1293	1963	134.532
MGG_03854T0	4287	4288	321.442	6.64282
MGG_15768T0	1411	1412	629	39.4749
MGG_08776T0	2671	2672	1357	45.0037
MGG_16075T0	177	178	5	2.48917
MGG_00082T0	3324	3325	444	11.833
MGG_00933T0	2984	2985	222	6.59042
MGG_05390T0	1497	1498	8	0.473241
MGG_16710T0	1983	1984	115.055	5.13888
MGG_00664T0	2114	2115	952.794	39.9202
MGG_10668T0	2102	2103	2030	85.5384
MGG_08772T0	991	992	4129	368.84
MGG_02474T0	3909	3910	2370	53.7126
MGG_04815T0	923	924	26	2.49348
MGG_17297T0	369	370	0	0
MGG_17510T0	273	274	7	2.26387
MGG_15622T0	1890	1891	560.78	26.2788
MGG_00015T0	904	905	0	0
MGG_13218T0	2497	2498	378.542	13.4285
MGG_11552T0	829	830	5	0.533822
MGG_07493T0	3547	3548	1467	36.6396
MGG_07477T0	2152	2153	213.292	8.77881
MGG_06500T0	3081	3082	2426	69.753
MGG_14969T0	2883	2884	1014	31.1564
MGG_07137T0	1745	1746	5940.34	301.489
MGG_13907T0	1743	1744	3001	152.484
MGG_09368T0	825	826	802	86.0397
MGG_16745T0	186	187	16	7.58199
MGG_10001T0	1632	1633	312	16.9306
MGG_14424T0	204	205	0	0
MGG_09054T0	921	922	93	8.93834
MGG_08501T0	1645	1646	142	7.64475
MGG_07025T0	2407	2408	5854	215.427
MGG_08935T0	4616	4617	757	14.5292
MGG_06362T0	1188	1189	5969	444.861
MGG_01124T0	1282	1283	1043.25	72.0555
MGG_17572T0	345	346	29	7.42722
MGG_13029T0	1205	1206	111.502	8.19291
MGG_07730T0	1080	1081	145	11.8863
MGG_07184T0	653	654	139	18.834
MGG_16948T0	267	268	0	0
MGG_13985T0	450	451	113	22.2027
MGG_04673T0	1445	1446	232	14.2175
MGG_07572T0	1926	1927	0	0
MGG_11584T0	1590	1591	7	0.389881
MGG_06422T0	3330	3331	1279	34.0252
MGG_05177T0	1543	1544	350.41	20.111
MGG_01482T0	1791	1792	267	13.2032
MGG_16193T0	459	460	642	123.675
MGG_05434T0	1779	1780	475	23.6471
MGG_02508T0	887	888	277	27.6421
MGG_15497T0	450	451	0	0
MGG_05448T0	2113	2114	1010	42.3371
MGG_04873T0	603	604	2532.23	371.511
MGG_17319T0	555	556	15.3023	2.43886
MGG_15141T0	697	698	19	2.41214
MGG_09168T0	732	733	0	0
MGG_14647T0	1863	1864	540	25.6716
MGG_08531T0	834	835	0	0
MGG_07270T0	2532	2533	2512	87.8798
MGG_06905T0	5485	5486	3386	54.6935
MGG_00722T0	4877	4878	2603	47.2865
MGG_02188T0	1680	1681	273	14.3913
MGG_02849T0	1404	1405	1198	75.5588
MGG_18110T0	816	817	12	1.30156
MGG_08384T0	1734	1735	0	0
MGG_08335T0	1540	1541	1332	76.596
MGG_04922T0	1960	1961	177	7.99835
MGG_02923T0	3501	3502	1755	44.4084
MGG_09275T0	5908	5909	61.7666	0.926285
MGG_09275T1	5269	5270	2062.23	34.6762
MGG_17855T0	669	670	0	0
MGG_09075T0	830	831	569	60.6758
MGG_08488T0	2708	2709	15.4128	0.50417
MGG_16714T0	541	542	49	8.01127
MGG_15899T0	189	190	1044	486.913
MGG_07491T0	966	967	115	10.5384
MGG_09866T0	2580	2581	966	33.166
MGG_08914T0	3863	3864	233.09	5.34553
MGG_16400T0	2184	2185	1.38479	0.0561614
MGG_01768T0	3263	3264	3863	104.877
MGG_11809T0	3137	3138	2299	64.9218
MGG_07117T1	2901	2902	6159.84	188.095
MGG_07117T0	2986	2987	2741.16	81.3212
MGG_06768T0	3441	3442	3692	95.0507
MGG_02954T0	3776	3777	3489	81.8575
MGG_07782T0	788	789	651	73.1154
MGG_17901T0	1526	1527	5220	302.926
MGG_03423T0	804	805	0	0
MGG_07881T0	1024	1025	12	1.03744
MGG_00655T0	2028	2029	599	26.1607
MGG_04384T0	360	361	1	0.245469
MGG_06215T0	2232	2233	1068	42.3826
MGG_05208T0	1023	1024	818	70.7877
MGG_17593T0	286	287	9	2.77885
MGG_18076T0	426	427	0	0
MGG_09741T0	645	646	3	0.411522
MGG_02303T0	1037	1038	1629	139.068
MGG_07625T0	804	805	0	0
MGG_01517T0	1203	1204	381.813	28.1015
MGG_03164T0	785	786	5430	612.184
MGG_01786T0	1316	1317	1607.71	108.175
MGG_15042T0	4164	4165	1070	22.7653
MGG_08407T0	321	322	0	0
MGG_01608T0	1340	1341	519.014	34.2969
MGG_03368T0	982	983	18.998	1.71261
MGG_07478T0	2855	2856	572	17.7477
MGG_06234T0	995	996	4	0.355881
MGG_00387T0	1477	1478	180	10.792
MGG_15174T0	342	343	243	62.7793
MGG_16983T0	327	328	601	162.37
MGG_10742T0	1738	1739	2565.63	130.737
MGG_05674T0	2836	2837	1721	53.7559
MGG_18027T0	582	583	0	0
MGG_16542T0	190	191	0	0
MGG_01354T0	3728	3729	772.264	18.3518
MGG_06707T0	3032	3033	3807	111.228
MGG_15993T0	183	184	1	0.4816
MGG_07109T0	1504	1505	2477.72	145.888
MGG_15635T0	246	247	50	17.9382
MGG_01744T0	1060	1061	1598	133.465
MGG_15302T0	315	316	8595	2410.26
MGG_14918T0	186	187	68	32.2234
MGG_16160T0	4261	4262	274	5.69694
MGG_15267T0	531	532	11	1.83225
MGG_17123T0	1922	1923	411	18.9394
MGG_16084T0	489	490	0	0
MGG_11036T0	3404	3405	648	16.8641
MGG_14008T0	2072	2073	588	25.1352
MGG_09388T0	2500	2501	1944	68.8791
MGG_08655T0	1392	1393	293	18.6389
MGG_17205T0	336	337	10	2.62951
MGG_05671T0	2703	2704	5189	170.052
MGG_01098T0	774	775	312	35.6745
MGG_04490T0	1624	1625	2134	116.371
MGG_04788T0	4014	4015	807	17.8112
MGG_10755T0	1002	1003	0	0
MGG_15331T0	2045	2046	40	1.73244
MGG_08002T0	2186	2187	397	16.0859
MGG_04016T0	2007	2008	486	21.4475
MGG_02499T0	3084	3085	8309	238.67
MGG_09441T0	1160	1161	32	2.44243
MGG_14906T0	3831	3832	1045	24.1655
MGG_12488T0	660	661	0	0
MGG_16258T0	246	247	3	1.07629
MGG_15963T0	729	730	48.2129	5.85255
MGG_15721T0	1759	1760	269	13.5439
MGG_02076T1	1382	1383	0	0
MGG_02076T0	1076	1077	0	0
MGG_02159T0	1377	1378	632	40.6418
MGG_04007T0	1959	1960	1128	50.9985
MGG_06693T0	1135	1136	8973.55	699.988
MGG_12139T0	914	915	1423	137.812
MGG_17555T0	360	361	0	0
MGG_08853T0	1579	1580	712.349	39.9522
MGG_09901T0	2767	2768	1750	56.0243
MGG_17157T0	1139	1140	26	2.02103
MGG_03679T0	1280	1281	378.451	26.1797
MGG_15414T0	855	856	5	0.517608
MGG_15588T0	237	238	18	6.70193
MGG_13438T0	2593	2594	2595.52	88.6664
MGG_00256T0	2003	2004	7089	313.467
MGG_03577T0	1090	1091	20830	1691.88
MGG_06295T0	871	872	851	86.4804
MGG_07034T0	1046	1047	1098	92.9309
MGG_16553T0	542	543	0	0
MGG_08577T0	2341	2342	1463	55.3557
MGG_05423T0	2177	2178	0	0
MGG_17208T0	153	154	0	0
MGG_05281T0	2047	2048	556.34	24.0721
MGG_05281T1	1760	1761	741.66	37.3207
MGG_09507T0	3739	3740	2822	66.8636
MGG_03911T0	2035	2036	1603	69.7687
MGG_16963T0	342	343	0	0
MGG_13464T0	2376	2377	163	6.07663
MGG_06150T0	2723	2724	512.966	16.6873
MGG_09215T0	6275	6276	320	4.51826
MGG_04009T0	2343	2344	233	8.80852
MGG_17822T0	1795	1796	189.298	9.33995
MGG_11604T0	2153	2154	229	9.42094
MGG_16214T0	171	172	16	8.24321
MGG_11701T0	4509	4510	1106.48	21.7406
MGG_02450T0	2279	2280	2252.64	87.5512
MGG_13240T0	468	469	3	0.56683
MGG_12109T0	2322	2323	1417	54.0537
MGG_17128T0	219	220	8	3.22234
MGG_14852T0	4449	4450	1880.84	37.4538
MGG_09085T0	1464	1465	3859	233.422
MGG_11243T0	2241	2242	1371	54.1884
MGG_06936T0	1239	1240	6825	487.737
MGG_01295T0	1331	1332	2568	170.842
MGG_09583T0	312	313	0	0
MGG_04134T0	1965	1966	164.963	7.43548
MGG_06024T0	6440	6441	249	3.42571
MGG_06400T0	3280	3281	4887	131.99
MGG_15994T0	2252	2253	50	1.96659
MGG_15820T0	222	223	12	4.76849
MGG_11691T0	1137	1138	195	15.1844
MGG_10310T0	1067	1068	641	53.1853
MGG_14297T0	1437	1438	2166	133.476
MGG_15915T0	1731	1732	10	0.511631
MGG_16092T0	366	367	11.127	2.68668
MGG_14734T0	448	449	0	0
MGG_09739T0	897	898	46	4.53927
MGG_05806T0	2831	2832	410	12.8291
MGG_03002T0	3611	3612	3370	82.6774
MGG_00606T0	2660	2661	261	8.69161
MGG_02071T1	2033	2034	120.114	5.23297
MGG_02071T0	2217	2218	192.832	7.7041
MGG_15675T0	1137	1138	642	49.9916
MGG_16235T0	159	160	1	0.55384
MGG_11667T0	672	673	1757.9	231.465
MGG_01547T0	1057	1058	1763.52	147.707
MGG_08558T0	2837	2838	1419	44.3072
MGG_00316T0	2956	2957	436	13.0659
MGG_07460T0	1131	1132	7734	605.428
MGG_17927T0	240	241	781	287.17
MGG_02717T0	1652	1653	70.2957	3.76843
MGG_08547T0	4068	4069	2677	58.2996
MGG_03893T0	2745	2746	1134	36.5946
MGG_06892T0	2598	2599	1282	43.7106
MGG_06010T0	603	604	225	33.0104
MGG_17813T0	2610	2611	645	21.8906
MGG_13573T0	2573	2574	175	6.02468
MGG_13079T0	2393	2394	243	8.9947
MGG_01653T0	1367	1368	1960	126.962
MGG_07442T0	1879	1880	1504	70.8916
MGG_09466T0	2371	2372	1335.83	49.9047
MGG_09333T0	1228	1229	21	1.51416
MGG_01978T0	3044	3045	5196	151.212
MGG_04316T0	1617	1618	3	0.164304
MGG_17933T0	2974	2975	56.4174	1.68047
MGG_05825T0	2032	2033	101.927	4.4428
MGG_00100T0	1229	1230	161	11.5991
MGG_00563T0	1050	1051	116	9.78047
MGG_01076T0	3116	3117	883	25.1032
MGG_08072T0	5253	5254	14877.8	250.93
MGG_07275T0	3981	3982	2172	48.3352
MGG_04585T0	2930	2931	413.04	12.4877
MGG_15603T0	162	163	0	0
MGG_14851T0	503	504	82	14.4174
MGG_13163T0	4001	4002	1647.28	36.475
MGG_00295T0	2743	2744	560.498	18.1007
MGG_01158T0	5790	5791	764.476	11.6981
MGG_17162T0	591	592	2	0.299373
MGG_04083T0	1038	1039	1512.82	129.025
MGG_10341T0	762	763	90	10.4526
MGG_03557T0	2652	2653	3661	122.283
MGG_00546T0	321	322	7540	2075.01
MGG_01641T0	2497	2498	3151	111.779
MGG_03735T0	1845	1846	859	41.235
MGG_12773T0	1482	1483	75	4.48151
MGG_14943T0	11919	11920	6	0.0446046
MGG_01501T0	1456	1457	284.633	17.3113
MGG_17782T0	198	199	0	0
MGG_12789T0	1566	1567	408	23.0726
MGG_16500T0	1034	1035	414.497	35.4883
MGG_11784T0	3609	3610	4135	101.502
MGG_04462T0	2505	2506	4342.94	153.571
MGG_14701T0	1287	1288	254	17.4752
MGG_11422T0	501	502	150	26.4784
MGG_03822T0	1718	1719	9	0.46395
MGG_15283T0	1101	1102	87	6.99588
MGG_08694T0	1590	1591	351	19.5498
MGG_09844T0	564	565	0	0
MGG_06952T0	675	676	5729	750.994
MGG_07205T0	4463	4464	1496	29.697
MGG_09225T0	1252	1253	14	0.990106
MGG_17649T0	585	586	0	0
MGG_16991T0	204	205	0	0
MGG_17712T0	2186	2187	1738.79	70.4535
MGG_15953T0	570	571	20	3.10383
MGG_07475T1	1060	1061	87.1163	7.27593
MGG_07475T0	1338	1339	499.999	33.0897
MGG_01210T0	1609	1610	3148	173.266
MGG_14785T0	1565	1566	502	28.4064
MGG_01896T0	1658	1659	0	0
MGG_13773T0	2249	2250	3872	152.496
MGG_05814T0	2046	2047	1404	60.779
MGG_10910T0	1421	1422	22	1.37097
MGG_00151T0	4608	4609	512	9.84391
MGG_00861T0	4105	4106	175	3.7768
MGG_08523T0	1998	1999	7897	350.069
MGG_16888T0	387	388	14	3.19743
MGG_05959T0	2932	2933	971	29.3367
MGG_14114T0	786	787	0	0
MGG_16832T0	545	546	3	0.486893
MGG_11100T0	2828	2829	1406	44.041
MGG_15545T0	450	451	0	0
MGG_15836T0	461	462	5	0.959031
MGG_07639T0	4137	4138	65	1.39196
MGG_03632T0	1858	1859	448	21.3552
MGG_13934T0	1303	1304	35	2.37846
MGG_10924T0	2604	2605	721.686	24.5496
MGG_00574T0	1512	1513	13	0.761393
MGG_16855T0	1419	1420	331.795	20.7055
MGG_03199T0	1619	1620	756.477	41.3795
MGG_01230T0	2107	2108	683	28.7114
MGG_15587T0	429	430	1	0.20608
MGG_07392T0	934	935	928	87.951
MGG_03791T0	531	532	0	0
MGG_04948T0	1217	1218	360.198	26.2059
MGG_10160T0	1607	1608	1387	76.4355
MGG_17305T0	306	307	1	0.288646
MGG_14367T0	1631	1632	162	8.79629
MGG_09908T0	814	815	1058	115.036
MGG_05378T0	2213	2214	1214	48.5899
MGG_13325T0	638	639	24	3.32824
MGG_15134T0	1350	1351	73	4.7882
MGG_01160T0	779	780	11608.9	1318.86
MGG_01721T0	2446	2447	7055.79	255.515
MGG_15143T0	324	325	63	17.1776
MGG_15826T0	339	340	3	0.781892
MGG_02877T0	856	857	1690	174.747
MGG_08585T0	2223	2224	686	27.3334
MGG_17386T0	402	403	9	1.97898
MGG_10116T0	2287	2288	436	16.8863
MGG_01191T0	2799	2800	6195	196.059
MGG_14792T0	1662	1663	318	16.9449
MGG_06981T0	3521	3522	951.72	23.9455
MGG_06981T2	3278	3279	1213.27	32.7884
MGG_06981T1	3381	3382	0.00968718	0.000253821
MGG_13107T0	1397	1398	2618.9	166.003
MGG_06507T0	3007	3008	1323	38.975
MGG_08726T0	645	646	0	0
MGG_16383T0	770	771	801.484	92.1181
MGG_09476T0	737	738	399	47.9094
MGG_02982T0	1975	1976	474	21.2567
MGG_16107T0	638	639	277	38.4135
MGG_06117T0	3760	3761	1822	42.9289
MGG_06223T0	942	943	49	4.60457
MGG_01623T0	3243	3244	597	16.3079
MGG_01850T0	1933	1934	436	19.9772
MGG_06799T0	2969	2970	2123.26	63.3506
MGG_00319T0	2041	2042	311	13.4961
MGG_04886T0	4987	4988	294	5.22307
MGG_01239T0	1319	1320	261.099	17.5281
MGG_14162T0	2769	2770	1296.3	41.4696
MGG_17392T0	291	292	36	10.9251
MGG_07452T0	1038	1039	93	7.9318
MGG_02512T0	999	1000	408.163	36.1692
MGG_09639T0	7496	7497	167	1.97394
MGG_02090T0	462	463	96	18.3736
MGG_03957T0	1888	1889	1182	55.4485
MGG_05741T0	663	664	536	71.5322
MGG_05110T0	1220	1221	2489	180.64
MGG_16141T0	958	959	73	6.74542
MGG_06966T0	3516	3517	2081.46	52.4446
MGG_03559T0	2408	2409	2174	79.97
MGG_15613T0	213	214	0	0
MGG_10678T0	1809	1810	528	25.85
MGG_04652T0	6738	6739	3717	48.8767
MGG_03931T0	4227	4228	3526.99	73.922
MGG_07305T0	1823	1824	250	12.1456
MGG_01734T0	3921	3922	1730	39.088
MGG_09462T0	954	955	1302	120.813
MGG_00829T0	912	913	207	20.0911
MGG_10829T0	2883	2884	905.198	27.8133
MGG_00659T0	2314	2315	7074	270.781
MGG_14673T0	388	389	143	32.5755
MGG_06224T0	405	406	0	0
MGG_10344T0	1473	1474	13	0.781539
MGG_07542T0	663	664	2044	272.783
MGG_03820T0	1590	1591	0	0
MGG_16362T0	195	196	0	0
MGG_00517T0	1672	1673	1013.28	53.6706
MGG_15163T0	2882	2883	462.718	14.2225
MGG_04289T0	1563	1564	3	0.169977
MGG_05856T0	4920	4921	1819	32.7555
MGG_09031T0	750	751	1077	127.081
MGG_02647T0	618	619	4306	616.436
MGG_14802T0	366	367	180	43.4621
MGG_14719T0	1329	1330	0	0
MGG_09492T0	1276	1277	617	42.8153
MGG_04341T0	444	445	12	2.3896
MGG_02123T0	2716	2717	413	13.4699
MGG_18119T0	279	280	0	0
MGG_17835T0	880	881	60	6.03504
MGG_15413T0	1205	1206	0	0
MGG_00748T0	4412	4413	1989.34	39.9465
MGG_17417T0	186	187	4	1.8955
MGG_08782T0	660	661	394	52.8201
MGG_14251T0	2064	2065	0	0
MGG_05319T0	3427	3428	2831	73.1819
MGG_12830T0	2536	2537	1396	48.7607
MGG_07655T0	1728	1729	247	12.6592
MGG_17343T0	292	293	0	0
MGG_05721T0	1911	1912	281.619	13.052
MGG_06888T0	1700	1701	225	11.7215
MGG_00593T0	3045	3046	263	7.65122
MGG_09383T1	2815	2816	14	0.440555
MGG_09383T0	3129	3130	0	0
MGG_06685T0	704	705	5423.43	681.694
MGG_08117T0	2552	2553	892	30.9613
MGG_17951T0	180	181	0	0
MGG_00460T0	1665	1666	1590	84.572
MGG_06137T0	1904	1905	887.816	41.2984
MGG_10579T0	5049	5050	1004	17.6176
MGG_09776T0	2748	2749	894	28.8182
MGG_09477T0	900	901	7639	751.305
MGG_15900T0	996	997	27	2.39979
MGG_04855T0	5941	5942	2343	34.9417
MGG_05571T1	1670	1671	1537.66	81.5432
MGG_05571T0	1994	1995	792.343	35.1945
MGG_03153T0	771	772	1061	121.787
MGG_04682T0	2261	2262	0	0
MGG_16701T0	444	445	9	1.7922
MGG_09581T0	405	406	0	0
MGG_08500T0	1557	1558	908	51.6444
MGG_00941T0	1372	1373	164.176	10.596
MGG_00623T0	2996	2997	6321.91	186.924
MGG_09657T0	330	331	0	0
MGG_09994T0	1768	1769	205	10.2691
MGG_04243T0	1254	1255	1303.75	92.0569
MGG_15236T0	417	418	10	2.11996
MGG_11638T0	7997	7998	133.086	1.47453
MGG_13793T0	3514	3515	597	15.0506
MGG_15343T0	930	931	7	0.666274
MGG_09452T0	330	331	2	0.535435
MGG_03984T0	1454	1455	1720.15	104.763
MGG_09326T0	897	898	23.6511	2.33389
MGG_04939T0	1430	1431	2	0.12385
MGG_13198T0	1037	1038	73	6.23204
MGG_07830T0	1517	1518	35	2.04315
MGG_05630T0	3421	3422	1931	50.0042
MGG_03257T0	2947	2948	72.9364	2.19241
MGG_03659T0	1654	1655	406	21.7387
MGG_16543T0	486	487	205	37.3018
MGG_09934T0	1902	1903	14.5824	0.679041
MGG_06367T0	1650	1651	1980	106.273
MGG_07680T0	729	730	9	1.09251
MGG_09814T0	2451	2452	20	0.722793
MGG_17010T0	222	223	0	0
MGG_01920T0	2447	2448	13	0.470583
MGG_01084T0	1011	1012	12893	1128.96
MGG_02754T0	3581	3582	1053	26.05
MGG_03860T0	2162	2163	4152	170.1
MGG_14477T0	1653	1654	0	0
MGG_01134T0	2510	2511	7259	256.174
MGG_16531T0	1705	1706	558	28.9841
MGG_06887T0	1974	1975	749	33.6062
MGG_06677T0	1731	1732	1023.5	52.3655
MGG_15071T0	1236	1237	118	8.45312
MGG_02349T0	988	989	0	0
MGG_17429T0	2244	2245	378	14.9204
MGG_05875T0	723	724	10	1.22396
MGG_00879T0	2775	2776	546	17.4292
MGG_07605T0	1162	1163	31	2.36204
MGG_10198T0	1568	1569	725	40.9468
MGG_17780T0	384	385	0	0
MGG_15324T0	2989	2990	103.279	3.06088
MGG_11536T0	2370	2371	1151	43.0178
MGG_00043T0	396	397	0	0
MGG_02651T0	845	846	2244	235.048
MGG_11577T0	1381	1382	1567	100.477
MGG_07384T0	2135	2136	3567	147.981
MGG_13809T0	3240	3241	343	9.3782
MGG_15843T0	377	378	16	3.75088
MGG_07652T0	954	955	139	12.8978
MGG_17582T0	213	214	0	0
MGG_01931T0	2322	2323	148	5.64569
MGG_07566T0	1053	1054	0	0
MGG_02471T0	2312	2313	6354	243.431
MGG_05714T0	5262	5263	529	8.90691
MGG_05349T0	1456	1457	1215	73.8961
MGG_03537T0	4554	4555	10757	209.271
MGG_16190T0	1018	1019	170	14.7836
MGG_00741T0	1266	1267	419	29.305
MGG_17441T0	1076	1077	16	1.31646
MGG_08887T0	5213	5214	1764	29.98
MGG_15990T0	1753	1754	18948.9	957.324
MGG_18000T0	192	193	1	0.459142
MGG_08078T0	1003	1004	5449.54	480.984
MGG_07960T0	1203	1204	0	0
MGG_00720T0	3443	3444	869.608	22.3751
MGG_16548T0	452	453	3.08444	0.603368
MGG_09150T1	1904	1905	0	0
MGG_09150T0	1949	1950	0	0
MGG_02745T0	489	490	408	73.7851
MGG_17464T0	359	360	0	0
MGG_03785T0	732	733	0	0
MGG_02988T0	1718	1719	11	0.56705
MGG_17934T0	180	181	0	0
MGG_10315T0	849	850	49048	5113.37
MGG_13208T0	1202	1203	230	16.9421
MGG_17574T0	303	304	85	24.7771
MGG_04390T0	3204	3205	353.832	9.78303
MGG_06069T0	2100	2101	14943	630.255
MGG_08727T0	927	928	0	0
MGG_01471T0	1300	1301	1079	73.4935
MGG_02529T0	1870	1871	25	1.18405
MGG_02833T0	4561	4562	1139	22.1245
MGG_09924T0	2674	2675	780	25.839
MGG_01290T0	2391	2392	2775	102.803
MGG_16472T0	3318	3319	6344	169.379
MGG_06456T0	1050	1051	381	32.1238
MGG_01904T0	456	457	0	0
MGG_07088T0	1060	1061	631	52.701
MGG_06110T0	1890	1891	414.784	19.4373
MGG_11862T0	2389	2390	4894	181.456
MGG_05788T0	1351	1352	211	13.8296
MGG_09819T0	894	895	0	0
MGG_00756T0	2440	2441	222.096	8.06263
MGG_01689T0	1409	1410	4598	288.971
MGG_14848T0	693	694	568	72.526
MGG_14115T0	2338	2339	408	15.4573
MGG_08664T0	471	472	8	1.50194
MGG_05969T0	3756	3757	996.098	23.4945
MGG_02122T0	2114	2115	518	21.7032
MGG_07300T0	2038	2039	320	13.9071
MGG_14939T0	843	844	406	42.6273
MGG_02304T0	1065	1066	449	37.3245
MGG_03536T0	2383	2384	1521.11	56.5405
MGG_00383T0	2082	2083	5888	250.486
MGG_14688T0	1753	1754	810.63	40.9541
MGG_10725T0	567	568	0	0
MGG_01699T0	3585	3586	906	22.3884
MGG_01767T0	1762	1763	337	16.9388
MGG_02874T0	5132	5133	1728	29.8316
MGG_11764T0	3857	3858	8577.52	197.017
MGG_11764T1	4018	4019	15925.5	351.139
MGG_02790T0	1907	1908	856	39.7558
MGG_03755T0	1772	1773	5	0.2499
MGG_15593T0	162	163	0	0
MGG_12862T0	3539	3540	825	20.6517
MGG_16161T0	3614	3615	1216	29.8078
MGG_08329T0	2163	2164	251	10.2783
MGG_00365T0	2129	2130	4943	205.644
MGG_00287T0	1258	1259	636	44.7647
MGG_02583T0	2521	2522	0	0
MGG_07692T0	747	748	0	0
MGG_07257T0	1407	1408	248	15.6082
MGG_04742T0	1183	1184	32.0238	2.39677
MGG_14798T0	828	829	1270	135.754
MGG_10565T0	1622	1623	3018	164.78
MGG_00707T0	1628	1629	802	43.6273
MGG_05962T0	997	998	492	43.6857
MGG_01765T0	1312	1313	1207.56	81.4986
MGG_15880T0	204	205	0	0
MGG_17943T0	201	202	0	0
MGG_02283T0	456	457	0	0
MGG_04857T0	1875	1876	291	13.7456
MGG_06168T0	2675	2676	2447	81.0312
MGG_11012T0	570	571	0	0
MGG_09400T0	1530	1531	128	7.40866
MGG_03522T0	1730	1731	870	44.5376
MGG_01836T0	3885	3886	3379	77.0531
MGG_04162T0	1504	1505	334	19.6659
MGG_11440T0	2579	2580	1446	49.6653
MGG_10150T0	2195	2196	2467	99.55
MGG_02741T0	2703	2704	2388	78.2586
MGG_10757T0	1116	1117	0	0
MGG_00566T0	1092	1093	14	1.13504
MGG_10442T0	1284	1285	10	0.689607
MGG_10573T0	1473	1474	0	0
MGG_04908T0	2679	2680	632	20.8971
MGG_00922T0	1712	1713	13624	704.777
MGG_16504T0	168	169	36	18.8765
MGG_00202T0	1703	1704	553.517	28.785
MGG_03266T0	1357	1358	699.328	45.6337
MGG_00116T0	1448	1449	53	3.24125
MGG_04121T0	1746	1747	442	22.4199
MGG_09550T0	1391	1392	975	62.0683
MGG_08732T0	3002	3003	1997	58.9288
MGG_06938T0	1588	1589	343.021	19.1294
MGG_01136T0	1097	1098	336	27.117
MGG_17442T0	2106	2107	1816	76.3758
MGG_11274T0	1735	1736	492	25.1142
MGG_15082T0	1318	1319	12.0072	0.806679
MGG_13919T0	2649	2650	30.0496	1.00484
MGG_04571T0	2749	2750	68	2.19119
MGG_07033T0	3529	3530	6092	152.929
MGG_17278T0	1929	1930	1448.89	66.5248
MGG_02021T0	903	904	0	0
MGG_06419T0	2406	2407	3759	138.389
MGG_01208T0	1090	1091	2370	192.499
MGG_17993T0	300	301	0	0
MGG_00177T0	1427	1428	889	55.1668
MGG_13065T0	3625	3626	2869	70.1144
MGG_17629T0	366	367	26	6.27786
MGG_07953T0	3288	3289	9	0.242484
MGG_03907T0	2152	2153	1650	67.9117
MGG_04927T0	2629	2630	3656.97	123.217
MGG_17889T0	1080	1081	390	31.9701
MGG_08827T0	3375	3376	2103	55.2003
MGG_17921T0	441	442	14	2.80679
MGG_08970T0	4906	4907	861	15.5486
MGG_05295T0	2706	2707	2058	67.3693
MGG_17105T0	228	229	21	8.12622
MGG_06497T0	4145	4146	1127	24.0879
MGG_05766T0	864	865	113	11.5762
MGG_11067T0	819	820	0	0
MGG_05499T0	1511	1512	88	5.15746
MGG_14990T0	1067	1068	256	21.2409
MGG_07016T0	1394	1395	3718	236.178
MGG_08621T0	762	763	214.145	24.8707
MGG_02709T0	947	948	180	16.8255
MGG_04590T0	2954	2955	42	1.25949
MGG_07628T0	2509	2510	6399	225.914
MGG_02623T0	1059	1060	494	41.2977
MGG_04929T0	2250	2251	3313	130.422
MGG_18017T0	2121	2122	2504	104.567
MGG_12982T0	837	838	0	0
MGG_02340T0	1218	1219	128	9.30488
MGG_04569T0	1805	1806	36513	1791.57
MGG_16955T0	261	262	0	0
MGG_13763T0	1484	1485	378	22.5564
MGG_17887T0	549	550	666	107.304
MGG_10574T0	525	526	30	5.05406
MGG_17143T0	195	196	13	5.87749
MGG_01125T0	2627	2628	6060	204.339
MGG_15385T0	402	403	9	1.97898
MGG_06942T0	462	463	65	12.4405
MGG_17603T0	480	481	0	0
MGG_15767T0	642	643	517	71.2499
MGG_17606T0	738	739	3	0.359734
MGG_06673T0	6852	6853	2076	26.8442
MGG_05677T0	1269	1270	1880	131.177
MGG_15023T0	3583	3584	996	24.6261
MGG_07816T0	1389	1390	8	0.510011
MGG_05257T0	3771	3772	3693	86.7585
MGG_02409T0	1865	1866	4001	190.003
MGG_15668T0	2949	2950	1648	49.5039
MGG_09016T0	3006	3007	107	3.15322
MGG_00823T0	426	427	0	0
MGG_05727T0	4863	4864	2567	46.7667
MGG_16089T0	252	253	0	0
MGG_01231T0	1189	1190	563	41.9243
MGG_13781T0	2010	2011	12682	558.831
MGG_08954T0	2513	2514	8.98785e-07	3.16807e-08
MGG_08954T1	2426	2427	5	0.18256
MGG_03061T0	2337	2338	799	30.2836
MGG_04171T0	2257	2258	377	14.7952
MGG_16512T0	369	370	254	60.8326
MGG_03974T0	1765	1766	390	19.5694
MGG_07306T0	2259	2260	548	21.487
MGG_04968T0	2189	2190	551	22.2952
MGG_01129T0	2252	2253	756	29.7348
MGG_07145T0	3417	3418	3338	86.5404
MGG_08944T0	488	489	0	0
MGG_00494T0	3293	3294	1475	39.6801
MGG_03341T0	3189	3190	50	1.38894
MGG_11632T0	1791	1792	9	0.44505
MGG_04985T0	4280	4281	2737	56.6545
MGG_16829T0	659	660	31	4.16219
MGG_16055T0	665	666	14	1.86277
MGG_07851T0	1672	1673	1	0.0529674
MGG_03071T0	1936	1937	467.59	21.3914
MGG_06984T0	3932	3933	1189.67	26.8044
MGG_02969T0	441	442	325	65.1577
MGG_06464T0	1401	1402	2	0.126411
MGG_03113T0	727	728	9	1.09551
MGG_11457T0	1927	1928	2829.74	130.06
MGG_11457T1	1075	1076	157.263	12.9515
MGG_00104T0	889	890	1273.64	126.812
MGG_09233T0	1575	1576	14	0.787184
MGG_01150T0	4411	4412	3556	71.4218
MGG_07098T0	3908	3909	1560.21	35.3689
MGG_10592T0	1290	1291	146	10.0215
MGG_02860T0	954	955	341	31.6414
MGG_18128T0	279	280	45	14.2416
MGG_00481T0	1813	1814	1709.26	83.4978
MGG_03333T0	2167	2168	2983	121.927
MGG_05414T0	477	478	0	0
MGG_01603T0	1753	1754	155	7.83081
MGG_03358T0	2730	2731	11	0.356924
MGG_07344T0	783	784	453	51.202
MGG_00917T0	1495	1496	1062	62.9068
MGG_04191T0	2787	2788	6262	199.033
MGG_17670T0	297	298	0	0
MGG_15926T0	432	433	0	0
MGG_09001T0	360	361	30	7.36408
MGG_13331T0	1074	1075	5	0.41216
MGG_05626T0	4952	4953	2710	48.4848
MGG_14597T0	2307	2308	3480	133.613
MGG_11009T0	1047	1048	1875	158.542
MGG_11553T0	2814	2815	490	15.4249
MGG_08262T0	3199	3200	2436	67.4578
MGG_04988T0	4220	4221	1513	31.7635
MGG_16620T0	579	580	10	1.52784
MGG_03920T0	1742	1743	1940	98.63
MGG_13279T0	4408	4409	2458.39	49.41
MGG_14183T0	888	889	0	0
MGG_17792T0	458	459	12	2.31672
MGG_16994T0	252	253	0	0
MGG_00979T0	2841	2842	1809	56.4052
MGG_07985T0	3654	3655	0	0
MGG_15637T0	893	894	784	77.7111
MGG_01960T0	1806	1807	0	0
MGG_17480T0	669	670	0	0
MGG_08783T0	2527	2528	373.588	13.0954
MGG_07847T0	618	619	0	0
MGG_10127T0	4000	4001	2432.16	53.8677
MGG_07586T0	501	502	0	0
MGG_14648T0	327	328	7	1.89116
MGG_08092T0	4846	4847	2295	41.958
MGG_15541T0	231	232	0	0
MGG_06468T0	1158	1159	893.656	68.3268
MGG_02738T0	884	885	887.465	88.8612
MGG_18066T0	516	517	0	0
MGG_05705T0	723	724	1	0.122396
MGG_17880T0	391	392	0	0
MGG_00388T0	4022	4023	327	7.20282
MGG_07350T0	609	610	5	0.726348
MGG_02079T0	756	757	0	0
MGG_10557T0	597	598	0	0
MGG_00822T0	912	913	7	0.67941
MGG_09863T0	1701	1702	3923	204.251
MGG_16574T0	1458	1459	0	0
MGG_05483T0	1574	1575	11279	634.592
MGG_00687T0	2441	2442	1544	56.0281
MGG_00962T0	651	652	0	0
MGG_00692T0	3976	3977	5333	118.828
MGG_10837T0	3490	3491	1911.54	48.522
MGG_10485T0	2489	2490	139	4.94675
MGG_10658T0	1784	1785	79	3.92187
MGG_09899T0	1582	1583	203.757	11.4061
MGG_06004T0	1270	1271	2660.6	185.498
MGG_05702T0	1375	1376	845.974	54.4808
MGG_18061T0	321	322	0	0
MGG_00736T0	5640	5641	638	10.0223
MGG_03430T0	1452	1453	0	0
MGG_04965T0	2816	2817	1844	58.0068
MGG_08829T0	2921	2922	9227	279.824
MGG_00905T0	1811	1812	2521.53	123.313
MGG_03680T0	1178	1179	8844	664.721
MGG_10106T0	1496	1497	15	0.88792
MGG_15954T0	2104	2105	1164	49.0011
MGG_16933T0	150	151	0	0
MGG_04761T0	1745	1746	1039	52.7322
MGG_08567T0	267	268	6	1.98391
MGG_16185T0	443	444	107	21.3553
MGG_00042T0	1839	1840	5	0.2408
MGG_02509T0	1242	1243	76.4676	5.45144
MGG_10781T0	588	589	0	0
MGG_10801T0	1221	1222	2	0.145032
MGG_10288T0	2076	2077	44	1.87724
MGG_02382T0	630	631	5	0.702175
MGG_03628T0	2182	2183	1306	53.0144
MGG_02781T0	4800	4801	1925	35.5307
MGG_09733T0	969	970	263.822	24.1015
MGG_06586T0	1494	1495	41056.3	2433.57
MGG_07900T0	426	427	0	0
MGG_04305T0	1143	1144	0	0
MGG_03139T0	2525	2526	1173	41.1499
MGG_02485T0	2423	2424	1983	72.4928
MGG_14843T0	1554	1555	155	8.83295
MGG_16008T0	543	544	0	0
MGG_11062T0	2425	2426	286	10.4467
MGG_05870T0	762	763	399	46.3397
MGG_17153T0	1981	1982	195	8.71838
MGG_06619T0	1620	1621	104.803	5.72922
MGG_08818T0	369	370	0	0
MGG_14763T0	3105	3106	1992	56.8319
MGG_10639T0	2626	2627	257	8.66917
MGG_03904T0	907	908	346	33.7672
MGG_07328T0	858	859	1843	190.124
MGG_00583T0	3876	3877	2851	65.1637
MGG_02484T0	1747	1748	429.663	21.7817
MGG_03827T0	1044	1045	12	1.01758
MGG_16912T0	657	658	2	0.269345
MGG_00085T0	2167	2168	1490	60.902
MGG_17370T0	249	250	11	3.89904
MGG_16764T0	879	880	314	31.6193
MGG_08441T0	639	640	4	0.55384
MGG_02526T0	4460	4461	4385	87.1048
MGG_02255T0	645	646	5	0.68587
MGG_05264T0	3116	3117	4352	123.725
MGG_01104T0	1163	1164	955	72.7034
MGG_15368T0	2121	2122	748.218	31.2455
MGG_01684T0	1936	1937	273.875	12.5293
MGG_09371T0	2116	2117	2855	119.506
MGG_03965T0	548	549	5293	854.347
MGG_06393T0	3957	3958	2119	47.4416
MGG_00391T0	1087	1088	73	5.94564
MGG_06672T0	1913	1914	3962	183.433
MGG_03258T0	1107	1108	53	4.23878
MGG_09299T0	4087	4088	771.637	16.7266
MGG_08028T0	735	736	46	5.5384
MGG_02055T0	2161	2162	62	2.54121
MGG_02105T0	1375	1376	23172	1492.28
MGG_03072T0	698	699	269.41	34.154
MGG_17962T0	2256	2257	5908	231.96
MGG_11119T0	3765	3766	499	11.7415
MGG_15552T0	174	175	0	0
MGG_09214T0	4516	4517	1618	31.7419
MGG_01174T0	2279	2280	1671	64.9451
MGG_16516T0	367	368	1	0.2408
MGG_05168T0	1840	1841	1016.99	48.9514
MGG_04165T0	4682	4683	3046	57.6382
MGG_15059T0	228	229	0	0
MGG_11443T0	3310	3311	747.515	20.0062
MGG_11430T0	4516	4517	791	15.5178
MGG_00880T0	1874	1875	495.453	23.4156
MGG_06358T0	3076	3077	3252	93.6543
MGG_07560T0	1463	1464	116	7.02136
MGG_01255T0	1541	1542	14464	831.206
MGG_05676T0	1983	1984	2332	104.158
MGG_17476T0	759	760	333	38.8271
MGG_05348T0	1496	1497	229.135	13.5636
MGG_15594T0	321	322	7	1.9264
MGG_17576T0	261	262	0	0
MGG_16044T0	1239	1240	145	10.3622
MGG_09285T0	2116	2117	3101	129.803
MGG_03224T0	1280	1281	1522	105.286
MGG_15107T0	552	553	9	1.44219
MGG_10487T0	1741	1742	214	10.886
MGG_00871T0	3103	3104	6421.1	183.313
MGG_09238T0	1720	1721	1089	56.0727
MGG_07065T0	3350	3351	1222	32.3148
MGG_06039T0	5249	5250	976.145	16.4763
MGG_08355T0	461	462	0	0
MGG_00936T0	321	322	2	0.5504
MGG_09811T0	2906	2907	441	13.4431
MGG_01655T0	3409	3410	241	6.26278
MGG_04484T0	1106	1107	11052.6	884.754
MGG_16375T0	1287	1288	6615	455.112
MGG_15504T0	258	259	11	3.76355
MGG_01974T0	1394	1395	433	27.5054
MGG_17021T0	339	340	0	0
MGG_16064T0	675	676	236.004	30.9369
MGG_05340T0	2549	2550	709.963	24.6718
MGG_05763T0	650	651	26	3.53913
MGG_08239T0	1236	1237	0	0
MGG_07811T0	507	508	1	0.174438
MGG_17182T0	183	184	1	0.4816
MGG_17794T0	883	884	45	4.51092
MGG_02951T0	1636	1637	343	18.5674
MGG_04361T0	1323	1324	99	6.62601
MGG_03438T0	2139	2140	946	39.1726
MGG_04804T0	2745	2746	1203.44	38.8355
MGG_10140T0	1411	1412	1703.96	106.938
MGG_08770T0	1679	1680	69	3.63952
MGG_04039T0	813	814	2373.44	258.38
MGG_07899T0	153	154	0	0
MGG_14988T0	2436	2437	1	0.0363621
MGG_15800T0	939	940	149.414	14.0854
MGG_13764T0	1890	1891	1844	86.412
MGG_07303T0	1048	1049	58	4.89956
MGG_15067T0	3162	3163	125	3.50199
MGG_09114T0	1713	1714	1151	59.5071
MGG_03325T0	1459	1460	24	1.45668
MGG_03016T0	1044	1045	409	34.6826
MGG_03196T0	3674	3675	4386	105.759
MGG_01806T0	1503	1504	89.1585	5.25315
MGG_12994T0	795	796	3621	403.107
MGG_11877T0	1275	1276	499	34.6541
MGG_10507T0	3267	3268	1868	50.6523
MGG_09022T0	1595	1596	232	12.8813
MGG_02985T0	1902	1903	637	29.6623
MGG_17045T0	228	229	0	0
MGG_16015T0	1002	1003	52	4.59417
MGG_07665T0	1652	1653	84	4.50309
MGG_06470T0	3141	3142	1194	33.6746
MGG_05266T0	2586	2587	6986	239.297
MGG_09895T0	1791	1792	639	31.5986
MGG_05481T0	2172	2173	1358	55.3789
MGG_17691T0	168	169	0	0
MGG_07853T0	1713	1714	0	0
MGG_12415T0	783	784	39	4.40812
MGG_03690T0	2624	2625	4271	144.18
MGG_01240T0	2628	2629	9982.9	336.489
MGG_17232T0	300	301	6	1.7664
MGG_08469T0	557	558	0	0
MGG_05327T0	766	767	1167	134.828
MGG_03109T1	3058	3059	825.394	23.9104
MGG_03109T0	3130	3131	1678.61	47.5084
MGG_03633T0	3683	3684	321	7.72129
MGG_08652T0	984	985	145	13.0448
MGG_07413T0	537	538	2	0.329422
MGG_16503T0	631	632	6	0.841277
MGG_14203T0	1818	1819	960	46.7674
MGG_05167T0	1451	1452	751	45.833
MGG_16635T0	776	777	29	3.30736
MGG_17453T0	2115	2116	581.508	24.3525
MGG_02100T0	879	880	14	1.40978
MGG_11390T0	1847	1848	528.336	25.3345
MGG_09571T0	2583	2584	13596.9	466.286
MGG_08940T0	873	874	0	0
MGG_06269T0	1115	1116	13490	1071.16
MGG_15031T0	474	475	0	0
MGG_14348T0	2667	2668	1281	42.5469
MGG_00078T0	1285	1286	168	11.5764
MGG_15698T0	153	154	2	1.15084
MGG_06204T0	2600	2601	2033	69.2631
MGG_02915T0	1548	1549	76	4.34777
MGG_00660T0	4098	4099	3739.16	80.8353
MGG_01486T0	4020	4021	87	1.9173
MGG_16798T0	204	205	5	2.16133
MGG_12536T0	1842	1843	1443	69.3818
MGG_09894T0	618	619	7353	1052.64
MGG_14295T0	1224	1225	0	0
MGG_04534T0	4234	4235	105	2.19705
MGG_17888T0	760	761	575	66.9557
MGG_09505T0	3358	3359	3281	86.5567
MGG_00348T0	2387	2388	1023	37.9617
MGG_10661T0	1436	1437	191	11.7783
MGG_08681T0	1689	1690	184.353	9.66646
MGG_07268T0	2152	2153	3548.19	146.039
MGG_15425T0	465	466	18	3.42288
MGG_13245T0	1347	1348	944	62.0564
MGG_10817T0	1291	1292	2	0.137174
MGG_18020T0	408	409	0	0
MGG_12899T0	4241	4242	681.654	14.2396
MGG_17617T0	1949	1950	1413	64.2114
MGG_12491T0	345	346	1	0.256111
MGG_17097T0	1951	1952	242	10.986
MGG_04619T0	1352	1353	383.87	25.1415
MGG_08730T0	2583	2584	320	10.9739
MGG_04116T0	5004	5005	1355.24	23.9948
MGG_15402T0	3363	3364	722.489	19.0318
MGG_14754T0	2498	2499	238	8.43947
MGG_00909T0	3238	3239	968	26.4831
MGG_09915T0	4034	4035	670	14.7142
MGG_17539T0	2338	2339	602	22.8071
MGG_17816T0	1795	1796	348	17.1703
MGG_17765T0	1218	1219	0	0
MGG_07051T0	3406	3407	832	21.6399
MGG_04237T0	1609	1610	1275	70.176
MGG_01574T0	1661	1662	977	52.0917
MGG_15937T0	660	661	11	1.47467
MGG_01941T0	2222	2223	44	1.75395
MGG_14195T0	417	418	1	0.211996
MGG_17397T0	372	373	7	1.66301
MGG_09932T0	2199	2200	1863	75.0403
MGG_00171T0	2063	2064	1801	77.323
MGG_04405T0	3507	3508	1802	45.5197
MGG_10469T0	2655	2656	456	15.2139
MGG_08193T0	687	688	31	3.9928
MGG_18026T0	195	196	2	0.904229
MGG_06460T0	1287	1288	1149.41	79.0791
MGG_02297T0	2106	2107	1377	57.9127
MGG_04953T0	294	295	1079	324.119
MGG_16205T0	462	463	0	0
MGG_02395T0	6972	6973	974	12.3778
MGG_05022T0	966	967	246	22.5431
MGG_15334T0	4053	4054	0	0
MGG_06851T0	1680	1681	2683	141.435
MGG_14129T0	945	946	775	72.5964
MGG_04567T0	3156	3157	1869	52.4613
MGG_08998T0	639	640	26	3.59996
MGG_06668T0	1571	1572	5704	321.537
MGG_04883T0	938	939	1136	107.206
MGG_07984T0	453	454	0	0
MGG_02625T0	477	478	12879	2387.59
MGG_17831T0	165	166	3	1.60147
MGG_11148T0	1659	1660	1672	89.255
MGG_04073T0	2096	2097	270	11.4096
MGG_13063T0	1880	1881	108	5.08791
MGG_08639T0	1263	1264	1776.02	124.51
MGG_00077T0	1959	1960	1735	78.4419
MGG_02867T0	3127	3128	1534.93	43.4837
MGG_17215T0	1626	1627	21	1.14376
MGG_09321T0	1731	1732	253.076	12.9481
MGG_02610T0	1044	1045	3086	261.688
MGG_11155T0	558	559	877	139.025
MGG_14721T0	515	516	11	1.88907
MGG_08566T0	1146	1147	198	15.297
MGG_17550T0	228	229	0	0
MGG_12396T0	2020	2021	2220	97.34
MGG_00570T0	1029	1030	14	1.20447
MGG_04457T0	879	880	1164.11	117.224
MGG_03443T0	2478	2479	0	0
MGG_10496T0	1091	1092	755	61.2673
MGG_01082T0	2545	2546	214.329	7.45979
MGG_01082T1	1829	1830	1033.67	50.0537
MGG_10456T0	1144	1145	1459	112.916
MGG_17210T0	2820	2821	814.956	25.5997
MGG_16105T1	457	458	7	1.35437
MGG_16105T0	480	481	0	0
MGG_07602T0	1190	1191	254	18.8985
MGG_01028T0	1590	1591	2006	111.729
MGG_11241T0	2630	2631	3458	116.469
MGG_02911T0	1707	1708	738	38.2889
MGG_04469T0	2851	2852	3395.81	105.511
MGG_15678T0	282	283	0	0
MGG_06529T0	3246	3247	190.484	5.19852
MGG_06529T1	3339	3340	2009.52	53.315
MGG_00982T0	3671	3672	2390	57.6766
MGG_00169T0	1550	1551	403	23.0249
MGG_00534T0	1702	1703	1056	54.9483
MGG_04271T0	489	490	0	0
MGG_11370T0	1982	1983	3714	165.968
MGG_04118T0	6363	6364	1891	26.3309
MGG_06097T0	1347	1348	1329.97	87.4292
MGG_14813T0	3082	3083	9169	263.544
MGG_17326T0	156	157	4	2.25769
MGG_18094T0	234	235	0	0
MGG_00953T0	1619	1620	904.46	49.4742
MGG_01557T0	1185	1186	2071.09	154.746
MGG_07794T0	2857	2858	106	3.28661
MGG_01866T0	1676	1677	82	4.33297
MGG_02996T0	2258	2259	695	27.263
MGG_18050T0	339	340	2	0.521262
MGG_05303T0	3288	3289	1010	27.2121
MGG_07319T0	4211	4212	8205	172.621
MGG_14886T0	2185	2186	3184	129.071
MGG_00270T0	1342	1343	59400.4	3919.39
MGG_17719T0	605	606	0	0
MGG_10008T0	1092	1093	5	0.405373
MGG_05639T0	2844	2845	25.6451	0.79878
MGG_05639T1	2375	2376	11.3549	0.423488
MGG_11342T0	3085	3086	1173	33.6827
MGG_05956T0	2160	2161	3608	147.95
MGG_04625T0	4550	4551	2410	46.9261
MGG_07887T0	2183	2184	4	0.162298
MGG_13027T0	339	340	0	0
MGG_09210T0	2579	2580	1974	67.8004
MGG_01530T0	1761	1762	32	1.60934
MGG_02537T0	2972	2973	658	19.6126
MGG_11454T0	3029	3030	7313	213.874
MGG_10164T0	2876	2877	925	28.4909
MGG_05109T0	1164	1165	3329	253.217
MGG_17249T0	438	439	0	0
MGG_17565T0	345	346	0	0
MGG_03151T0	1321	1322	1288	86.3354
MGG_10572T0	1381	1382	439	28.1489
MGG_09796T0	2659	2660	108.416	3.61174
MGG_01980T0	1071	1072	13	1.07462
MGG_10012T0	1443	1444	0	0
MGG_16997T0	3805	3806	528.135	12.2965
MGG_09757T0	3135	3136	132.727	3.7505
MGG_03379T0	2169	2170	90	3.67525
MGG_15227T0	183	184	186	89.5777
MGG_10153T0	2632	2633	4503	151.55
MGG_05734T0	1768	1769	1213.98	60.8121
MGG_03869T0	2115	2116	330	13.8198
MGG_02632T0	2113	2114	697.611	29.2424
MGG_02632T1	2101	2102	2011.23	84.7877
MGG_01504T0	1248	1249	1288	91.3814
MGG_03567T0	2613	2614	592.36	20.081
MGG_01157T0	7372	7373	1390.93	16.7173
MGG_06098T0	2636	2637	1192	40.0563
MGG_15526T0	174	175	7	3.54458
MGG_04941T0	1070	1071	4919	406.998
MGG_03773T0	1180	1181	818	61.3773
MGG_04573T0	675	676	5	0.655432
MGG_15049T0	1938	1939	141	6.44386
MGG_02569T0	5475	5476	823	13.3181
MGG_04838T0	3379	3380	63	1.65169
MGG_03246T0	1121	1122	85.2147	6.73018
MGG_06134T0	2826	2827	1376	43.1318
MGG_15677T0	981	982	204	18.4087
MGG_15081T0	2676	2677	122	4.03846
MGG_08463T0	3276	3277	640	17.3065
MGG_00703T0	969	970	86	7.85654
MGG_14574T0	2485	2486	2423	86.3688
MGG_03118T0	3566	3567	427.737	10.6262
MGG_01629T0	1752	1753	290.535	14.6866
MGG_10773T0	845	846	47	4.92303
MGG_12974T0	566	567	931	145.503
MGG_04145T0	3927	3928	1120	25.2669
MGG_03023T0	1532	1533	1097	63.4117
MGG_03448T0	2060	2061	690	29.6671
MGG_15548T0	387	388	0	0
MGG_09134T0	933	934	37	3.51042
MGG_08741T0	1248	1249	2687	190.638
MGG_01512T0	2272	2273	328	12.7873
MGG_04520T0	3211	3212	742.639	20.4883
MGG_17166T0	1048	1049	41	3.46348
MGG_06848T0	3632	3633	1716	41.8559
MGG_05008T0	1832	1833	121	5.84962
MGG_12471T0	1559	1560	6	0.340825
MGG_18123T0	153	154	0	0
MGG_03219T0	2190	2191	1007	40.7279
MGG_10486T0	2732	2733	310	10.0514
MGG_04998T0	1301	1302	331.822	22.5839
MGG_12930T0	658	659	10	1.34468
MGG_02813T0	1957	1958	79411	3593.95
MGG_07362T0	860	861	0	0
MGG_15200T0	321	322	0	0
MGG_06158T0	2175	2176	1746	71.1033
MGG_17803T0	1441	1442	1754	107.788
MGG_07986T0	342	343	94	24.285
MGG_00446T0	1056	1057	1354	113.514
MGG_05016T0	300	301	32	9.42081
MGG_17677T0	2475	2476	105.239	3.76642
MGG_17001T0	2405	2406	2342	86.2573
MGG_17506T0	806	807	49	5.38056
MGG_07724T0	2564	2565	15	0.518213
MGG_07170T0	2119	2120	1012	42.3009
MGG_09848T0	555	556	5	0.796893
MGG_00395T0	1740	1741	18.178	0.925237
MGG_17607T0	598	599	5	0.739687
MGG_05625T0	2333	2334	254.117	9.64801
MGG_05625T1	2090	2091	1878.88	79.6251
MGG_06382T0	954	955	2	0.18558
MGG_00175T0	1996	1997	12785	567.319
MGG_15604T0	407	408	8	1.73754
MGG_02690T0	3639	3640	2971	72.3279
MGG_02947T0	1578	1579	155	8.6987
MGG_12737T0	2226	2227	7	0.278537
MGG_01495T0	499	500	9	1.59506
MGG_06703T0	1452	1453	3404.83	207.651
MGG_07127T0	3343	3344	1239.26	32.8398
MGG_12814T0	3182	3183	7447	207.324
MGG_01425T0	1815	1816	1368	66.7536
MGG_10313T0	528	529	1234	206.711
MGG_08485T0	354	355	0	0
MGG_06442T0	2333	2334	120	4.55601
MGG_09256T0	2191	2192	445	17.9897
MGG_01403T0	852	853	38	3.94765
MGG_03982T0	1762	1763	22312.3	1121.49
MGG_08197T0	1381	1382	0	0
MGG_08056T0	2752	2753	276	8.88398
MGG_01680T0	1882	1883	452	21.2712
MGG_07197T0	2748	2749	6798	219.135
MGG_03336T0	860	861	486	50.0193
MGG_09693T0	309	310	83	23.7258
MGG_08795T0	3567	3568	753	18.7014
MGG_16530T0	897	898	29	2.86171
MGG_03102T0	5571	5572	620.999	9.87607
MGG_05000T0	1260	1261	2	0.140546
MGG_09749T0	2015	2016	1834	80.6145
MGG_15156T0	8640	8641	2669	27.3709
MGG_06337T0	4187	4188	377	7.97699
MGG_01182T0	1331	1332	40	2.66109
MGG_00878T0	1099	1100	3139	252.873
MGG_13691T0	2013	2014	0	0
MGG_03279T0	2771	2772	7	0.223774
MGG_15117T0	309	310	25	7.14633
MGG_11271T0	1343	1344	32	2.10987
MGG_16048T0	186	187	0	0
MGG_14896T0	354	355	0	0
MGG_11467T0	1306	1307	318	21.5604
MGG_00859T0	3164	3165	2992	83.7708
MGG_07676T0	894	895	150	14.8516
MGG_07312T0	4955	4956	3076	54.9996
MGG_14905T0	1170	1171	325	24.5941
MGG_06660T0	1569	1570	2543.57	143.565
MGG_02169T0	1653	1654	269.569	14.4424
MGG_02635T0	672	673	0	0
MGG_09732T0	2237	2238	918	36.3486
MGG_01450T0	930	931	1735.18	165.157
MGG_11888T0	5050	5051	1947	34.1581
MGG_04103T0	1473	1474	373.973	22.4826
MGG_02067T0	857	858	5	0.516401
MGG_04982T0	6626	6627	2182	29.1771
MGG_15983T0	657	658	0	0
MGG_17345T0	303	304	606	176.646
MGG_09217T0	1987	1988	873.431	38.9329
MGG_08537T1	1015	1016	0	0
MGG_08537T0	1126	1127	0	0
MGG_03823T0	1631	1632	300	16.2894
MGG_09907T0	3433	3434	1202	31.0176
MGG_09357T0	1413	1414	0	0
MGG_12880T0	2955	2956	3	0.0899335
MGG_10524T0	940	941	1851	174.31
MGG_17842T1	1737	1738	378.757	19.3115
MGG_17842T0	1721	1722	97.3427	5.00927
MGG_17842T2	1668	1669	375.343	19.9286
MGG_16110T0	189	190	0	0
MGG_12350T0	764	765	8	0.926687
MGG_17301T0	249	250	0	0
MGG_10080T0	744	745	17.8382	2.12178
MGG_00653T0	1077	1078	36	2.9593
MGG_12798T0	2549	2550	391	13.5876
MGG_03813T0	1203	1204	0	0
MGG_09898T0	8078	8079	671	7.35986
MGG_16432T0	2183	2184	79	3.20538
MGG_15847T0	548	549	7	1.12987
MGG_07433T0	1389	1390	466	29.7082
MGG_06305T0	2939	2940	582.421	17.5547
MGG_05292T0	1410	1411	2689.06	168.88
MGG_05864T0	2871	2872	3096	95.5259
MGG_02584T0	654	655	0	0
MGG_04323T0	1115	1116	127	10.0843
MGG_17640T0	354	355	0	0
MGG_17722T0	4577	4578	31	0.600054
MGG_09337T0	2598	2599	9738	332.023
MGG_16904T0	4433	4434	3031	60.5752
MGG_07394T0	936	937	359	33.9515
MGG_02434T0	1258	1259	976.521	68.7322
MGG_07807T0	654	655	5	0.676446
MGG_06081T1	3580	3581	664.541	16.4446
MGG_06081T0	1861	1862	280.789	13.363
MGG_14358T0	1782	1783	118.314	5.88017
MGG_15996T0	647	648	0	0
MGG_03697T0	999	1000	542	48.029
MGG_17809T0	317	318	4	1.11465
MGG_12290T0	782	783	0	0
MGG_07183T0	2463	2464	993.531	35.731
MGG_07488T0	1741	1742	80	4.06955
MGG_00886T0	3255	3256	639	17.3909
MGG_13677T0	1404	1405	0	0
MGG_04483T0	2260	2261	1425	55.8495
MGG_14658T0	1269	1270	746	52.0523
MGG_15875T0	165	166	4	2.13529
MGG_02226T0	4050	4051	558.9	12.2258
MGG_02447T0	5670	5671	781	12.2038
MGG_04944T0	1571	1572	60512	3411.09
MGG_09920T0	3248	3249	1894	51.6577
MGG_07654T0	1818	1819	115	5.60234
MGG_09226T0	2028	2029	27	1.1792
MGG_04234T0	1867	1868	8	0.379505
MGG_14833T0	1062	1063	5.09342	0.424601
MGG_03566T0	554	555	9	1.43699
MGG_07253T0	459	460	54	10.4026
MGG_02436T0	963	964	42	3.8608
MGG_17868T0	195	196	0	0
MGG_03546T0	2464	2465	350	12.5822
MGG_03899T0	4860	4861	1224	22.3131
MGG_13127T0	952	953	171	15.9004
MGG_16183T0	2868	2869	466	14.3933
MGG_06271T0	3113	3114	399.912	11.3802
MGG_09410T0	1465	1466	138	8.34161
MGG_05184T0	2172	2173	876	35.7231
MGG_16918T0	267	268	2	0.661302
MGG_01188T0	1009	1010	0	0
MGG_00359T0	1390	1391	1306	83.1995
MGG_16696T0	714	715	0	0
MGG_12136T0	1254	1255	344	24.2895
MGG_09399T0	336	337	0	0
MGG_04078T0	2857	2858	1525	47.2838
MGG_07883T0	901	902	54	5.30508
MGG_14398T0	384	385	3	0.690502
MGG_06188T0	2778	2779	1037.86	33.0944
MGG_00505T0	1916	1917	13256	612.766
MGG_04428T0	3343	3344	6815	180.594
MGG_12102T0	1392	1393	164	10.4327
MGG_07388T0	2376	2377	46	1.71488
MGG_02089T0	2303	2304	18.4659	0.710218
MGG_17444T0	156	157	5	2.82212
MGG_04575T0	4451	4452	2769	55.1153
MGG_04677T0	1938	1939	6558	299.708
MGG_08869T0	1950	1951	273.201	12.4088
MGG_06141T0	1952	1953	967	43.8762
MGG_17331T0	174	175	50	25.3184
MGG_09692T0	2560	2561	1074	37.162
MGG_09026T0	3440	3441	3185	82.0218
MGG_05808T0	2146	2147	42	1.73349
MGG_05680T0	1255	1256	221	15.5922
MGG_01421T0	2774	2775	827	26.4087
MGG_00712T0	1311	1312	742	50.1158
MGG_17826T0	162	163	0	0
MGG_05981T0	741	742	4343	518.669
MGG_04960T0	1099	1100	414	33.3513
MGG_02811T0	1218	1219	1138	82.7262
MGG_05926T0	2139	2140	436	18.0542
MGG_05433T0	2145	2146	338	13.957
MGG_16111T0	162	163	0	0
MGG_17666T0	1357	1358	36.1463	2.35868
MGG_07003T0	5024	5025	2309	40.7186
MGG_01988T0	2210	2211	1197	47.9745
MGG_17668T0	3161	3162	472.699	13.2473
MGG_09565T0	2488	2489	7517.42	267.638
MGG_09259T0	5766	5767	4126	63.3992
MGG_01910T0	875	876	0	0
MGG_06341T0	4700	4701	2300	43.3553
MGG_12644T0	6384	6385	2207	30.6299
MGG_16047T0	876	877	79.2335	8.00597
MGG_05749T0	726	727	62	7.55722
MGG_01376T0	4500	4501	175.039	3.44612
MGG_01376T1	4320	4321	877.961	18.0051
MGG_03232T0	4405	4406	986	19.8307
MGG_10605T0	2091	2092	594	25.1611
MGG_07636T0	2615	2616	905	30.656
MGG_08127T0	1815	1816	7	0.341576
MGG_06075T0	1117	1118	1213.61	96.1929
MGG_06075T1	1191	1192	7.38702	0.549158
MGG_11716T0	1236	1237	337	24.1415
MGG_15119T0	186	187	10	4.73874
MGG_03560T0	2999	3000	953	28.1499
MGG_13584T0	2202	2203	257	10.3377
MGG_17121T0	216	217	0	0
MGG_08101T0	3513	3514	2069	52.1751
MGG_02366T0	4777	4778	1329	24.6481
MGG_06844T0	903	904	8729	855.659
MGG_16399T0	763	764	148.602	17.236
MGG_02393T0	1327	1328	2424	161.748
MGG_03200T0	3422	3423	1726.52	44.6961
MGG_15021T0	1458	1459	393	23.8694
MGG_11458T0	1209	1210	311	22.7761
MGG_03306T0	783	784	39	4.40812
MGG_03621T0	1651	1652	1099	58.9511
MGG_16137T0	366	367	16	3.8633
MGG_02696T0	1427	1428	23460	1455.81
MGG_13219T0	3495	3496	3411	86.4599
MGG_09602T0	3081	3082	672	19.3215
MGG_00688T0	3536	3537	103	2.58052
MGG_14620T0	3777	3778	890	20.8753
MGG_15369T0	915	916	0	0
MGG_05280T0	3543	3544	7195	179.904
MGG_16318T0	881	882	85	8.53994
MGG_15484T0	318	319	0	0
MGG_01675T0	1389	1390	1268.89	80.8936
MGG_00632T0	2798	2799	1257	39.7958
MGG_14904T0	1533	1534	916	52.9145
MGG_07973T0	798	799	423	46.9135
MGG_17050T0	309	310	0	0
MGG_03939T0	3768	3769	344.311	8.09524
MGG_00482T0	884	885	846.741	84.7836
MGG_03662T0	2397	2398	3270	120.838
MGG_08574T0	2517	2518	9571	336.826
MGG_17776T0	1233	1234	0	0
MGG_01146T0	896	897	13	1.28427
MGG_05035T0	2053	2054	118.034	5.09229
MGG_08386T0	1305	1306	0	0
MGG_17805T0	261	262	0	0
MGG_03488T0	2107	2108	438	18.4123
MGG_13796T0	850	851	130	13.5369
MGG_12819T0	3325	3326	15	0.399644
MGG_08636T0	2834	2835	2951	92.2403
MGG_09927T0	1665	1666	16392	871.89
MGG_05810T0	2687	2688	719	23.703
MGG_07607T0	792	793	9.47829	1.05916
MGG_09011T0	1912	1913	997	46.1833
MGG_10780T0	444	445	0	0
MGG_09252T0	570	571	15	2.32788
MGG_06298T0	1645	1646	4272	229.988
MGG_11166T0	327	328	39	10.5365
MGG_03973T0	2078	2079	797	33.971
MGG_15859T0	228	229	12	4.64355
MGG_12918T0	2441	2442	3475.17	126.106
MGG_16031T0	201	202	0	0
MGG_06849T0	1826	1827	937	45.447
MGG_10689T0	1790	1791	1238	61.2533
MGG_17155T0	431	432	2	0.410252
MGG_09950T0	3840	3841	380	8.76686
MGG_07714T0	3463	3464	629	16.0908
MGG_08295T0	2760	2761	402	12.9022
MGG_13774T0	1020	1021	208	18.0527
MGG_00099T0	1793	1794	61	3.01309
MGG_06440T0	3682	3683	2545	61.2337
MGG_02524T0	1084	1085	2229	182.048
MGG_16289T0	177	178	0	0
MGG_09556T0	1222	1223	900	65.211
MGG_06524T0	4071	4072	3182.5	69.2572
MGG_13514T0	1848	1849	1682	80.6109
MGG_17248T0	309	310	0	0
MGG_04049T0	1948	1949	178	8.09306
MGG_09219T0	1654	1655	1021	54.6679
MGG_07759T0	438	439	0	0
MGG_12671T0	1223	1224	4614.46	334.075
MGG_01628T0	1558	1559	511	29.0455
MGG_12989T0	1694	1695	159	8.31251
MGG_09064T0	537	538	0	0
MGG_00397T0	2084	2085	574	24.3955
MGG_16886T0	1714	1715	473	24.44
MGG_12632T0	1767	1768	2479	124.251
MGG_02168T0	1212	1213	497.431	36.3393
MGG_01299T0	8864	8865	604	6.03758
MGG_01189T0	1425	1426	583	36.2288
MGG_01068T0	4629	4630	942.951	18.0473
MGG_18052T0	448	449	6	1.18416
MGG_10086T0	387	388	0	0
MGG_06348T0	990	991	390	34.8735
MGG_09548T0	672	673	331.089	43.5947
MGG_04052T0	3146	3147	2336	65.778
MGG_16534T0	1302	1303	0	0
MGG_00265T0	1481	1482	76	4.54433
MGG_03186T0	2929	2930	1951	59.0057
MGG_03193T0	1179	1180	16172	1214.47
MGG_13508T0	2921	2922	1449	43.9433
MGG_08766T0	1363	1364	4	0.259866
MGG_17101T0	300	301	426	125.414
MGG_12750T0	5639	5640	1272.26	19.9895
MGG_13471T0	2869	2870	1943.51	60.0081
MGG_06937T0	2275	2276	1020	39.713
MGG_18022T0	375	376	5	1.17838
MGG_16517T0	623	624	59	8.37861
MGG_11003T0	255	256	0	0
MGG_12317T0	864	865	0	0
MGG_01925T0	3731	3732	4710	111.837
MGG_00242T0	1029	1030	0	0
MGG_04595T0	752	753	59.5822	7.01174
MGG_04595T1	850	851	23.4178	2.43849
MGG_11897T0	450	451	1942	381.573
MGG_09783T0	1213	1214	2996.85	218.752
MGG_06199T0	1997	1998	345	15.3013
MGG_05995T0	1048	1049	366	30.9179
MGG_07218T0	2277	2278	2188	85.1135
MGG_02337T0	1451	1452	56	3.41764
MGG_05085T0	2439	2440	3122	113.383
MGG_05480T0	1660	1661	4733	252.506
MGG_17410T0	768	769	0	0
MGG_06522T0	2126	2127	1375	57.2849
MGG_05001T0	1416	1417	290	18.1356
MGG_08817T0	725	726	14328	1748.85
MGG_07929T0	360	361	22698	5571.66
MGG_01291T0	2949	2950	2171	65.2142
MGG_03332T0	2741	2742	3525	113.919
MGG_12721T0	3522	3523	75	1.88648
MGG_17402T0	552	553	25	4.00608
MGG_05119T0	744	745	6	0.713674
MGG_17644T0	1332	1333	252	16.7523
MGG_07574T0	774	775	25	2.85853
MGG_02406T0	2598	2599	956	32.5954
MGG_01651T0	793	794	4659.48	520.022
MGG_09612T0	2004	2005	2221	98.161
MGG_16858T0	864	865	10	1.02444
MGG_15641T0	207	208	9	3.83428
MGG_01886T0	852	853	239	24.8287
MGG_11267T0	2800	2801	1131	35.7811
MGG_12937T0	300	301	16	4.7104
MGG_08527T0	1425	1426	218	13.547
MGG_05192T0	342	343	60	15.5011
MGG_01281T0	1734	1735	814	41.5747
MGG_04028T0	270	271	517.513	169.222
MGG_14637T0	2006	2007	1554	68.6133
MGG_10556T0	252	253	0	0
MGG_02411T0	1491	1492	48.0621	2.85456
MGG_05371T0	2989	2990	587	17.3969
MGG_07966T0	2143	2144	8	0.330651
MGG_04296T0	1050	1051	35	2.951
MGG_16039T0	845	846	708.977	74.2619
MGG_09244T0	3453	3454	2844	72.9645
MGG_06757T0	978	979	605	54.7617
MGG_13334T0	2626	2627	22	0.742108
MGG_02783T0	1660	1661	4	0.2134
MGG_05300T0	2379	2380	369.626	13.7623
MGG_08062T0	1159	1160	2875	219.626
MGG_04477T0	4700	4701	1721	32.4411
MGG_11004T0	324	325	0	0
MGG_16545T0	189	190	0	0
MGG_00222T0	2652	2653	851.461	28.4402
MGG_16244T0	201	202	19	8.33502
MGG_03098T0	984	985	64	5.75769
MGG_05153T0	3834	3835	694	16.0361
MGG_09322T0	2670	2671	1003.92	33.3067
MGG_15538T0	468	469	3	0.56683
MGG_10205T0	1269	1270	3	0.209325
MGG_17303T0	225	226	0	0
MGG_06407T0	876	877	672.346	67.9357
MGG_15764T0	189	190	15	6.99588
MGG_07471T0	1185	1186	2131	159.222
MGG_17114T0	210	211	47	19.7388
MGG_06908T0	2205	2206	100.787	4.04858
MGG_08736T0	1632	1633	319	17.3105
MGG_01287T0	2621	2622	958	32.3771
MGG_04085T0	2374	2375	1832.94	68.3896
MGG_01237T0	3231	3232	2463	67.5301
MGG_05199T0	2671	2672	1476	48.9502
MGG_01676T0	1598	1599	755.108	41.8471
MGG_02779T0	3745	3746	3322	78.5844
MGG_07852T0	525	526	0	0
MGG_01585T0	1017	1018	1546.48	134.617
MGG_08442T0	525	526	0	0
MGG_16687T0	291	292	0	0
MGG_12441T0	1767	1768	56	2.80679
MGG_09196T0	1158	1159	6	0.458746
MGG_03288T0	2416	2417	11124	407.839
MGG_17022T0	417	418	0	0
MGG_10237T0	774	775	0	0
MGG_15520T0	1566	1567	0	0
MGG_14219T0	3147	3148	4253.19	119.725
MGG_09254T0	1673	1674	803.815	42.5506
MGG_10503T0	1904	1905	1968	91.545
MGG_14687T0	381	382	15	3.47963
MGG_07974T0	1869	1870	892	42.2696
MGG_04089T0	2060	2061	1154.16	49.6243
MGG_11387T0	4500	4501	588.361	11.5835
MGG_10392T0	1605	1606	3	0.165531
MGG_02942T0	1959	1960	1616	73.0617
MGG_16793T0	2012	2013	731	32.1794
MGG_15841T0	342	343	2	0.516702
MGG_15423T0	2217	2218	902	36.0371
MGG_10515T0	1379	1380	781	50.1506
MGG_11785T0	1035	1036	11795	1008.89
MGG_00742T1	1150	1151	1129.03	86.923
MGG_00742T0	1222	1223	449.97	32.6033
MGG_09205T0	2797	2798	1746	55.2969
MGG_00819T0	4650	4651	1907.49	36.3429
MGG_08597T0	1986	1987	2343	104.491
MGG_05376T0	4280	4281	2956	61.1877
MGG_12630T0	2726	2727	1060	34.4449
MGG_01813T0	4588	4589	985	19.0205
MGG_10203T0	1469	1470	492.076	29.6633
MGG_15196T0	792	793	0	0
MGG_14803T0	1425	1426	226.465	14.073
MGG_17788T0	366	367	0	0
MGG_09781T0	813	814	813	88.5056
MGG_01591T0	2319	2320	1304	49.8074
MGG_16936T0	735	736	15	1.806
MGG_11574T0	1197	1198	323	23.8919
MGG_03377T0	1324	1325	532	35.5795
MGG_12130T0	3842	3843	3609.68	83.2344
MGG_12130T1	3318	3319	1322.32	35.3048
MGG_02049T0	2139	2140	725.965	30.0612
MGG_05173T0	911	912	911	88.5173
MGG_05804T0	3070	3071	1259.71	36.3491
MGG_14708T0	414	415	0	0
MGG_03504T0	1507	1508	672	39.4887
MGG_07856T0	1774	1775	0	0
MGG_07023T0	948	949	118	11.0184
MGG_01175T0	4369	4370	1008	20.4401
MGG_03602T0	1879	1880	4.30249	0.202799
MGG_07624T0	555	556	0	0
MGG_17391T0	408	409	12	2.59994
MGG_06727T0	1142	1143	1009	78.2257
MGG_14996T0	648	649	64	8.73856
MGG_08454T0	1759	1760	14	0.704888
MGG_15646T0	237	238	821	305.683
MGG_06147T0	3019	3020	2102.64	61.6967
MGG_04366T0	4862	4863	2932	53.4274
MGG_11599T0	2644	2645	754	25.261
MGG_07467T0	2076	2077	1539.24	65.6711
MGG_12496T0	1641	1642	0	0
MGG_01562T0	1597	1598	1039.88	57.6648
MGG_14971T0	4037	4038	12138	266.37
MGG_16827T0	444	445	55	10.9523
MGG_07747T0	744	745	393.915	46.8544
MGG_04647T0	1727	1728	5317.72	272.701
MGG_02296T0	495	496	1835	327.838
MGG_10097T0	489	490	2	0.361692
MGG_01383T0	1734	1735	1142	58.3272
MGG_09427T0	1486	1487	46	2.74127
MGG_01202T0	2491	2492	2214.69	78.7533
MGG_00573T0	924	925	263	25.1952
MGG_14800T0	2222	2223	711	28.3423
MGG_16408T0	1797	1798	488.194	24.0606
MGG_05715T0	4022	4023	371	8.172
MGG_02550T0	1293	1294	0	0
MGG_04697T0	1334	1335	1359	90.2075
MGG_16130T0	171	172	1	0.5152
MGG_15783T0	627	628	0	0
MGG_16182T0	551	552	31	4.97654
MGG_06197T0	2537	2538	3375	117.838
MGG_14145T0	1866	1867	11	0.522099
MGG_10698T0	2352	2353	1420	53.4775
MGG_03380T0	849	850	4	0.417009
MGG_07199T0	2640	2641	116	3.89219
MGG_06366T0	1099	1100	915.608	73.7601
MGG_05440T0	1936	1937	792	36.2327
MGG_03958T0	1930	1931	1053	48.3226
MGG_16712T0	780	781	15	1.70194
MGG_01041T0	1946	1947	6826.86	310.713
MGG_00864T0	2109	2110	1416	59.4683
MGG_17909T0	1591	1592	2879	160.252
MGG_02270T0	495	496	2	0.357316
MGG_00830T0	2395	2396	1240	45.8606
MGG_14693T0	1617	1618	858	46.9909
MGG_01163T0	1873	1874	16	0.75658
MGG_06144T0	528	529	246	41.2082
MGG_07691T0	1569	1570	64	3.61231
MGG_02413T0	2260	2261	668.86	26.2144
MGG_01819T0	3223	3224	7863.54	216.136
MGG_11773T0	3012	3013	1258	36.9987
MGG_09071T0	1903	1904	1438.85	66.966
MGG_04203T0	2609	2610	1551	52.6594
MGG_05124T0	1380	1381	6	0.385001
MGG_14669T0	471	472	31	5.82002
MGG_15510T0	288	289	13	3.98612
MGG_14940T0	1287	1288	324	22.2912
MGG_02084T0	1380	1381	181	11.6142
MGG_11475T0	3855	3856	4816	110.676
MGG_17227T0	354	355	0	0
MGG_06772T0	832	833	59	6.27641
MGG_01842T0	2019	2020	937	41.1048
MGG_17134T0	767	768	16	1.84613
MGG_10969T1	2035	2036	1258.38	54.7695
MGG_10969T0	2184	2185	2041.62	82.7995
MGG_03605T0	1083	1084	434	35.4785
MGG_06112T0	2145	2146	450.435	18.5998
MGG_00542T0	1597	1598	49	2.71721
MGG_17562T0	153	154	0	0
MGG_12548T0	1294	1295	1935	132.408
MGG_00354T0	4481	4482	3870	76.5145
MGG_04382T0	486	487	708	128.828
MGG_17652T0	1854	1855	615.158	29.3865
MGG_13654T0	853	854	30	3.11292
MGG_13655T0	2448	2449	361	13.0624
MGG_04538T0	1755	1756	1706	86.0913
MGG_03307T0	1327	1328	12021	802.134
MGG_13767T0	8022	8023	1832	20.2345
MGG_09582T0	630	631	0	0
MGG_13138T0	351	352	0	0
MGG_09948T0	1372	1373	1628.99	105.136
MGG_05202T0	2523	2524	2118	74.3603
MGG_16390T0	1775	1776	1014.36	50.6123
MGG_17344T0	456	457	1611	312.381
MGG_17323T0	1179	1180	38	2.85369
MGG_04958T0	2142	2143	1352	55.9061
MGG_04579T0	543	544	0	0
MGG_15048T0	1074	1075	1422	117.218
MGG_03505T0	724	725	84	10.2671
MGG_00985T0	1645	1646	291.717	15.7049
MGG_03458T0	2048	2049	675	29.1922
MGG_15684T0	162	163	0	0
MGG_14154T0	1303	1304	26245	1783.5
MGG_12497T0	1698	1699	0	0
MGG_18077T0	240	241	0	0
MGG_17828T0	1610	1611	331	18.2069
MGG_01470T0	1164	1165	1997	151.9
MGG_01059T0	1592	1593	3101.94	172.553
MGG_16521T0	1290	1291	117.523	8.06681
MGG_03281T0	1677	1678	1469.19	77.5872
MGG_03281T1	1356	1357	244.812	15.9866
MGG_04298T0	1683	1684	0	0
MGG_17148T0	433	434	0	0
MGG_03207T0	1870	1871	256	12.1247
MGG_05765T0	969	970	68	6.21215
MGG_01102T0	1739	1740	1340	68.2433
MGG_00672T0	3079	3080	1470	42.2933
MGG_04369T0	1671	1672	60	3.17994
MGG_01597T0	4528	4529	2770	54.1978
MGG_08047T0	1815	1816	299	14.5902
MGG_13857T0	309	310	0	0
MGG_09272T0	3167	3168	22097	618.091
MGG_08816T0	686	687	73	9.41609
MGG_03015T0	1599	1600	40	2.21536
MGG_09374T0	930	931	233	22.1774
MGG_09036T0	1235	1236	0	0
MGG_03858T0	1997	1998	759	33.6629
MGG_16895T0	2962	2963	6345.89	189.787
MGG_04004T0	2622	2623	3664	123.783
MGG_17646T0	957	958	0	0
MGG_15723T0	2608	2609	1377.27	46.7788
MGG_05148T0	2100	2101	385.411	16.2556
MGG_07817T0	2165	2166	19	0.77732
MGG_05533T0	1311	1312	3634	245.446
MGG_15676T0	804	805	13	1.43104
MGG_04876T0	1172	1173	3037.48	229.467
MGG_16807T0	261	262	0	0
MGG_09179T0	2042	2043	6477	280.938
MGG_07620T0	2514	2515	0	0
MGG_14091T0	354	355	0	0
MGG_17806T0	339	340	32.9477	8.58718
MGG_16693T0	387	388	0	0
MGG_15445T0	498	499	49	8.70162
MGG_00363T0	4490	4491	745	14.7
MGG_03555T0	2474	2475	1214	43.4658
MGG_11494T0	2089	2090	477	20.2244
MGG_08705T0	1798	1799	617.113	30.3975
MGG_07124T0	1317	1318	687	46.1898
MGG_02935T0	2046	2047	533	23.0735
MGG_07194T0	804	805	1162	127.913
MGG_15411T0	1533	1534	0	0
MGG_09576T0	1180	1181	174	13.0558
MGG_03068T0	2365	2366	111.005	4.15751
MGG_03068T1	1558	1559	142.995	8.12791
MGG_09007T0	1679	1680	2219	117.045
MGG_08140T0	2859	2860	855	26.4914
MGG_06317T0	5507	5508	1320	21.2366
MGG_05532T0	1428	1429	45	2.79052
MGG_12858T0	1428	1429	145	8.99167
MGG_17569T0	162	163	0	0
MGG_09003T0	2038	2039	1066	46.3281
MGG_06386T0	1191	1192	655	48.6933
MGG_05020T0	1286	1287	610	42.0006
MGG_07515T0	1148	1149	598.12	46.1289
MGG_03299T0	2130	2131	5806	241.434
MGG_17231T0	663	664	0	0
MGG_02451T0	1020	1021	2373	205.957
MGG_03393T0	1516	1517	576	33.6466
MGG_13346T0	396	397	158	35.2672
MGG_06555T0	1971	1972	566	25.434
MGG_08610T0	663	664	13	1.73492
MGG_12181T0	174	175	34	17.2165
MGG_06744T0	1070	1071	536.41	44.3825
MGG_10510T0	1596	1597	668	37.066
MGG_13957T0	1395	1396	54	3.42778
MGG_16520T0	1772	1773	1404	70.1719
MGG_10145T0	582	583	0	0
MGG_14870T0	3754	3755	1504.39	35.5023
MGG_05999T0	762	763	1300	150.981
MGG_17512T0	162	163	1	0.543647
MGG_03726T0	2050	2051	1492.5	64.484
MGG_07969T0	306	307	179	51.6677
MGG_00023T0	1515	1516	0	0
MGG_16086T0	162	163	0	0
MGG_03885T0	1657	1658	908.383	48.55
MGG_06550T0	2871	2872	34.621	1.06822
MGG_06550T1	2589	2590	0	0
MGG_01677T0	3568	3569	3103.64	77.0602
MGG_15491T0	603	604	0	0
MGG_08043T0	2511	2512	59	2.08131
MGG_16484T0	186	187	1	0.473874
MGG_03363T0	1808	1809	249	12.1973
MGG_16527T0	434	435	4	0.814846
MGG_00128T0	2857	2858	779.714	24.1756
MGG_03329T0	1181	1182	608	45.5817
MGG_14082T0	228	229	0	0
MGG_17179T0	514	515	25	4.30167
MGG_14465T0	2186	2187	249	10.0892
MGG_04389T0	1450	1451	248.168	15.156
MGG_16435T0	252	253	14	4.90357
MGG_15120T0	506	507	12	2.09738
MGG_03672T0	2892	2893	1405	43.0361
MGG_16228T1	1562	1563	18.2258	1.03332
MGG_16228T0	1613	1614	50.7742	2.78769
MGG_06920T0	2710	2711	2633.47	86.0801
MGG_04740T0	1393	1394	1682	106.922
MGG_07361T0	1704	1705	41	2.1309
MGG_09723T0	594	595	0	0
MGG_11486T0	2565	2566	811	28.0071
MGG_17686T0	189	190	0	0
MGG_04413T0	2010	2011	208.26	9.17695
MGG_04413T1	2563	2564	1099.74	38.0081
MGG_16426T0	790	791	73	8.17807
MGG_04716T0	871	872	1364.51	138.664
MGG_15830T0	3658	3659	904	21.8933
MGG_05147T0	2561	2562	854.589	29.5585
MGG_00103T0	1404	1405	1179	74.3605
MGG_03446T0	3811	3812	108.025	2.51117
MGG_06444T0	1531	1532	396	22.9056
MGG_06427T0	596	597	1120	166.245
MGG_15726T0	150	151	48	28.1688
MGG_13498T0	5310	5311	1312	21.8908
MGG_04499T0	1479	1480	20	1.19749
MGG_10528T0	4147	4148	1263	26.9817
MGG_06985T0	2254	2255	401.334	15.7712
MGG_03308T0	910	911	14	1.3618
MGG_11913T0	2779	2780	313.916	10.0063
MGG_11737T0	1491	1492	6347	376.968
MGG_04871T1	2023	2024	297.982	13.0462
MGG_04871T0	1758	1759	266.018	13.4014
MGG_13552T0	2540	2541	1051.97	36.6864
MGG_01273T0	1097	1098	908	73.2804
MGG_02993T0	1833	1834	258	12.4659
MGG_03831T0	1975	1976	58	2.60103
MGG_15451T0	2771	2772	461	14.7371
MGG_13101T0	950	951	44	4.09993
MGG_04825T0	3261	3262	927.764	25.2033
MGG_09218T0	1320	1321	345.569	23.1813
MGG_12911T0	1401	1402	1947	123.062
MGG_17634T0	3176	3177	431	12.0217
MGG_11129T0	4341	4342	737	15.0412
MGG_04184T0	1262	1263	980.005	68.759
MGG_09417T0	414	415	51	10.89
MGG_00932T0	1680	1681	261	13.7587
MGG_16594T0	177	178	2	0.995668
MGG_17845T1	828	829	0	0
MGG_17845T0	887	888	16.2572	1.62232
MGG_14871T0	801	802	13	1.43639
MGG_01828T0	2223	2224	2156	85.905
MGG_15096T0	576	577	0	0
MGG_05308T0	1100	1101	16	1.28777
MGG_07426T0	459	460	0	0
MGG_11903T0	2297	2298	1005.63	38.7788
MGG_04913T0	616	617	1195	171.628
MGG_05977T0	1533	1534	1632	94.2756
MGG_04863T0	4581	4582	3320	64.2078
MGG_01541T0	4896	4897	22	0.398105
MGG_16528T0	928	929	729.984	69.6309
MGG_02082T0	1432	1433	0	0
MGG_06357T0	829	830	2682	286.342
MGG_01418T0	1424	1425	90	5.5967
MGG_02946T0	1611	1612	1040	57.1706
MGG_05650T0	2683	2684	1194	39.4209
MGG_16689T0	513	514	66	11.3785
MGG_07720T0	2172	2173	1744	71.1199
MGG_03484T0	1101	1102	3167	254.666
MGG_04430T0	2996	2997	944	27.9119
MGG_00992T0	1875	1876	415	19.6029
MGG_16772T0	271	272	2	0.651577
MGG_00628T0	1062	1063	0	0
MGG_07049T0	1593	1594	448	24.9054
MGG_00470T0	2198	2199	59	2.37756
MGG_14374T0	468	469	0	0
MGG_05282T0	1064	1065	977.845	81.3626
MGG_05366T0	2840	2841	1924	60.012
MGG_04533T0	3716	3717	374	8.91628
MGG_12696T0	830	831	2	0.213272
MGG_12515T0	4817	4818	482.7	8.87799
MGG_15894T0	288	289	0	0
MGG_11870T0	2962	2963	3786	113.228
MGG_10104T0	2711	2712	2721	88.9085
MGG_15777T0	1277	1278	44.5726	3.09059
MGG_15777T1	1350	1351	157.888	10.3562
MGG_16257T0	240	241	18	6.61851
MGG_09076T0	1830	1831	208	10.0665
MGG_00567T0	5367	5368	1481	24.4482
MGG_13583T0	1602	1603	2	0.110561
MGG_07748T0	537	538	13	2.14124
MGG_14779T0	353	354	72	18.0233
MGG_01832T0	2334	2335	947	35.9391
MGG_17699T0	3739	3740	807.93	19.1429
MGG_10564T0	1225	1226	15	1.08419
MGG_02449T0	1524	1525	3641	211.571
MGG_07441T0	4001	4002	1855	41.0744
MGG_17631T0	198	199	28	12.4684
MGG_15692T0	290	291	0	0
MGG_09354T0	2731	2732	1014	32.8898
MGG_04746T0	3325	3326	686	18.2771
MGG_06030T0	1043	1044	1423	120.784
MGG_01581T0	2133	2134	2435	101.114
MGG_00799T0	2403	2404	1241	45.7448
MGG_02493T0	3697	3698	1567.65	37.5653
MGG_14837T0	2007	2008	7	0.308915
MGG_16903T0	168	169	8	4.19477
MGG_10021T0	402	403	0	0
MGG_01377T0	1072	1073	845	69.7849
MGG_00205T0	1682	1683	304	16.0064
MGG_11771T0	2014	2015	533.32	23.454
MGG_10023T0	924	925	0	0
MGG_01582T0	2026	2027	3112	136.047
MGG_01755T0	1874	1875	2620	123.824
MGG_04053T0	1517	1518	2607.1	152.191
MGG_03354T0	630	631	14243	2000.22
MGG_13254T0	1742	1743	641	32.5886
MGG_01818T0	3524	3525	2294.67	57.6853
MGG_06931T0	1974	1975	662.96	29.7457
MGG_03665T0	1232	1233	95	6.82755
MGG_12127T0	1342	1343	11042	728.578
MGG_08156T0	2365	2366	453.949	17.0019
MGG_14716T0	474	475	140	26.1179
MGG_10664T0	3883	3884	268	6.11449
MGG_09919T0	2366	2367	5904	221.031
MGG_17614T0	360	361	0	0
MGG_03640T0	3344	3345	5121	135.664
MGG_15742T0	339	340	21	5.47325
MGG_07015T0	2850	2851	437	13.5828
MGG_05097T0	2563	2564	539.701	18.6526
MGG_14656T0	1582	1583	1526.86	85.4717
MGG_02592T0	3264	3265	0	0
MGG_17864T0	1107	1108	43	3.43901
MGG_08018T0	267	268	0	0
MGG_00194T0	2283	2284	244	9.46669
MGG_17684T0	341	342	25	6.47767
MGG_08180T0	1989	1990	1564	69.6447
MGG_02094T0	1629	1630	0	0
MGG_04160T0	5872	5873	476	7.1821
MGG_11322T0	1413	1414	298	18.6755
MGG_10058T0	2138	2139	1845	76.4346
MGG_00330T0	1724	1725	2031	104.334
MGG_06435T0	568	569	487	75.844
MGG_16060T0	1134	1135	0	0
MGG_11224T0	2156	2157	20969.7	861.482
MGG_01385T0	2319	2320	1717	65.5823
MGG_17546T0	546	547	17	2.75401
MGG_15624T0	1991	1992	1134	50.4462
MGG_17333T0	198	199	2	0.890598
MGG_02533T0	5974	5975	857	12.7101
MGG_00106T0	2732	2733	1911.87	61.9904
MGG_03558T0	3823	3824	2573	59.6247
MGG_12697T0	4046	4047	524	11.4737
MGG_15856T0	722	723	15	1.83847
MGG_15320T0	630	631	151	21.2057
MGG_15683T0	216	217	1	0.408362
MGG_03421T0	1056	1057	0	0
MGG_10138T0	1862	1863	417.246	19.8465
MGG_03107T0	1960	1961	1912	86.4002
MGG_16018T0	485	486	45.3207	8.26351
MGG_03356T0	1068	1069	147	12.1855
MGG_14863T0	1053	1054	414	34.8068
MGG_17426T0	1074	1075	119	9.80941
MGG_14657T0	798	799	910.925	101.028
MGG_05436T0	1167	1168	838	63.5778
MGG_05904T0	4360	4361	3289	66.8317
MGG_01766T0	1537	1538	1110	63.9545
MGG_15539T0	607	608	34	4.95541
MGG_01769T1	2508	2509	1051.11	37.1237
MGG_01769T0	2565	2566	332.893	11.4962
MGG_12804T0	2241	2242	2348	92.8041
MGG_07980T0	1885	1886	43	2.02037
MGG_16825T0	2214	2215	781	31.2451
MGG_11092T0	504	505	0	0
MGG_04971T0	2223	2224	559	22.2731
MGG_05291T0	2327	2328	746.936	28.4318
MGG_00426T0	819	820	5	0.540332
MGG_10422T0	1950	1951	1073	48.7357
MGG_06778T0	2774	2775	121	3.86391
MGG_02319T0	1512	1513	35	2.0499
MGG_00665T0	2317	2318	663.206	25.3536
MGG_10799T0	2456	2457	903	32.5677
MGG_05122T0	1606	1607	1	0.0551428
MGG_07243T0	2675	2676	1776	58.8114
MGG_00889T0	4586	4587	395	7.63085
MGG_05818T0	423	424	58	12.1218
MGG_02543T0	987	988	16	1.43505
MGG_16867T0	4063	4064	1220	26.6018
MGG_01238T0	5702	5703	1057	16.4239
MGG_04396T0	3648	3649	6923.47	168.134
MGG_08854T0	1951	1952	424.651	19.2778
MGG_08087T0	2343	2344	4393	166.077
MGG_04723T0	525	526	110	18.5315
MGG_15556T0	189	190	51	23.786
MGG_08141T0	2841	2842	688	21.4521
MGG_00773T0	1405	1406	616.88	38.8794
MGG_17277T0	5858	5859	523.937	7.92428
MGG_16911T0	177	178	5	2.48917
MGG_05710T0	1530	1531	174	10.0711
MGG_16396T0	231	232	0	0
MGG_16934T0	369	370	0	0
MGG_10053T0	1285	1286	681	46.9257
MGG_17861T0	2166	2167	1294	52.9151
MGG_09735T0	630	631	47	6.60044
MGG_13076T0	912	913	77	7.47351
MGG_06447T0	5562	5563	525	8.36286
MGG_06116T0	2264	2265	4053	158.567
MGG_02013T0	354	355	0	0
MGG_02467T0	737	738	3727	447.515
MGG_04248T0	2474	2475	691	24.7404
MGG_06231T0	420	421	0	0
MGG_00545T0	2163	2164	147	6.01956
MGG_12420T0	416	417	10249.1	2177.99
MGG_02477T0	1685	1686	628	33.007
MGG_01953T0	348	349	0	0
MGG_15616T0	195	196	3	1.35634
MGG_16329T0	300	301	10	2.944
MGG_08591T0	2299	2300	153	5.89479
MGG_17018T0	897	898	205	20.2294
MGG_16225T0	240	241	23	8.45698
MGG_11116T0	4740	4741	118	2.20555
MGG_09763T0	1203	1204	11618	855.085
MGG_08271T0	2281	2282	964.327	37.4467
MGG_08271T1	2266	2267	88.673	3.46613
MGG_08658T0	354	355	0	0
MGG_00673T0	1311	1312	24	1.621
MGG_04702T0	1169	1170	564	42.7167
MGG_00310T0	2032	2033	50	2.1794
MGG_01071T0	2385	2386	753	27.9659
MGG_00052T0	675	676	408	53.4833
MGG_08891T0	2037	2038	218	9.47888
MGG_06739T0	2010	2011	65	2.86422
MGG_16864T0	218	219	3	1.2139
MGG_04126T0	2572	2573	202	6.95691
MGG_04615T0	4106	4107	1431	30.8759
MGG_04663T0	1536	1537	276.436	15.9377
MGG_15860T0	1504	1505	808	47.5751
MGG_09293T0	3847	3848	1365.39	31.4433
MGG_16206T0	1137	1138	7	0.54508
MGG_16206T1	819	820	0	0
MGG_16906T0	150	151	73	42.8401
MGG_16644T0	439	440	10	2.01397
MGG_14872T0	2749	2750	1422	45.8217
MGG_00625T0	1430	1431	5938	367.71
MGG_11473T0	2183	2184	234	9.49441
MGG_01138T0	1401	1402	163	10.3025
MGG_11255T0	859	860	6007	618.962
MGG_06062T0	4408	4409	451	9.06444
MGG_04870T0	2141	2142	1159	47.9478
MGG_01528T0	1757	1758	1191	60.034
MGG_00990T0	4175	4176	2041	43.3099
MGG_04898T0	504	505	1134	198.988
MGG_02531T0	3518	3519	76	1.91381
MGG_00068T0	2243	2244	694	27.4057
MGG_05757T0	1553	1554	510.114	29.0885
MGG_02828T0	4675	4676	746	14.1374
MGG_15333T0	1233	1234	0	0
MGG_09887T0	1035	1036	1420.8	121.529
MGG_15298T0	1269	1270	92	6.41932
MGG_16752T0	1081	1082	0	0
MGG_10810T0	537	538	0	0
MGG_13202T0	2036	2037	1042	45.3295
MGG_11611T0	1527	1528	2650	153.683
MGG_07763T0	1524	1525	103	5.98511
MGG_07506T0	2343	2344	192	7.25852
MGG_16272T0	701	702	147	18.556
MGG_00308T0	2169	2170	451.437	18.435
MGG_02567T0	2296	2297	1525	58.832
MGG_05937T0	3997	3998	418	9.26484
MGG_15118T0	641	642	1579	217.947
MGG_16227T0	409	410	15	3.24199
MGG_08399T0	387	388	0	0
MGG_05753T0	1533	1534	5840	337.359
MGG_07473T0	1960	1961	63	2.84687
MGG_04210T0	1605	1606	986	54.4046
MGG_15309T0	573	574	8	1.23504
MGG_13309T0	3118	3119	0	0
MGG_18010T0	485	486	10	1.82334
MGG_17421T0	432	433	1	0.204652
MGG_16242T0	564	565	7	1.09788
MGG_16240T0	156	157	16	9.03077
MGG_02016T0	1755	1756	0	0
MGG_00066T0	1381	1382	32	2.05185
MGG_08796T0	309	310	0	0
MGG_04862T0	2487	2488	2741	97.6255
MGG_02143T0	1149	1150	22	1.69523
MGG_17658T0	1482	1483	60	3.58521
MGG_08459T0	1563	1564	55	3.11624
MGG_00233T0	7158	7159	0	0
MGG_05992T0	1980	1981	1939	86.7357
MGG_04096T0	542	543	0	0
MGG_01438T0	786	787	771	86.8129
MGG_03812T0	996	997	0	0
MGG_10588T0	3269	3270	3676	99.6167
MGG_15796T0	330	331	4.03469	1.08016
MGG_03075T0	2614	2615	1099	37.2418
MGG_04628T0	1785	1786	81	4.01891
MGG_10636T0	930	931	1240	118.026
MGG_02369T0	630	631	0	0
MGG_12016T0	711	712	26	3.23592
MGG_04109T0	1744	1745	826	41.9459
MGG_00503T0	3325	3326	2623.68	69.9025
MGG_17926T0	380	381	15	3.48876
MGG_14794T0	1617	1618	48	2.62886
MGG_03539T0	963	964	41	3.76887
MGG_05640T0	750	751	552	65.1334
MGG_16167T0	1608	1609	0	0
MGG_04132T0	4069	4070	478.449	10.4171
MGG_07267T0	1972	1973	624.806	28.0623
MGG_02347T0	668	669	379	50.2016
MGG_17171T0	201	202	2	0.877371
MGG_15057T0	2749	2750	788.647	25.4129
MGG_06032T0	2364	2365	600	22.4815
MGG_16308T0	1384	1385	309	19.7703
MGG_14550T0	1664	1665	705	37.5214
MGG_15686T0	324	325	1	0.27266
MGG_01996T0	4709	4710	108.349	2.03848
MGG_01996T1	4656	4657	818.651	15.5775
MGG_05249T0	1888	1889	3131.1	146.882
MGG_13023T0	1552	1553	838	47.8164
MGG_07524T0	1631	1632	755	40.995
MGG_16372T0	1299	1300	10.0101	0.682338
MGG_00176T0	1168	1169	152	11.5222
MGG_16751T0	1128	1129	198.552	15.5842
MGG_15558T0	183	184	6	2.8896
MGG_06566T0	4045	4046	1802	39.4669
MGG_00646T0	1146	1147	389.663	30.1044
MGG_15902T0	2760	2761	23.0466	0.739682
MGG_05648T0	881	882	281	28.232
MGG_00885T0	3205	3206	1108	30.6253
MGG_10546T0	315	316	0	0
MGG_03843T0	2652	2653	769	25.6858
MGG_11357T0	3855	3856	3152	72.4359
MGG_01207T0	5073	5074	1863.94	32.5526
MGG_01207T1	5502	5503	199.06	3.20546
MGG_15775T1	2969	2970	215.318	6.42434
MGG_15775T0	742	743	0	0
MGG_11141T0	4123	4124	1062	22.8197
MGG_16077T0	900	901	536.074	52.7236
MGG_10269T0	3027	3028	3190	93.3554
MGG_08409T0	888	889	0	0
MGG_17798T0	423	424	2	0.417993
MGG_05121T0	2681	2682	65	2.14763
MGG_03406T0	3782	3783	1661	38.9079
MGG_15696T0	1752	1753	76.7638	3.88042
MGG_10163T0	1802	1803	938	46.1011
MGG_00486T0	959	960	109.066	10.0675
MGG_09560T0	5038	5039	2104	37.0004
MGG_13116T0	1409	1410	2641.54	166.013
MGG_08708T0	2454	2455	1466	52.916
MGG_13182T0	336	337	17	4.47017
MGG_10362T0	1122	1123	464	36.6136
MGG_14175T0	3019	3020	211	6.19128
MGG_18112T0	468	469	2	0.377887
MGG_18112T1	631	632	0	0
MGG_09929T0	999	1000	391.313	34.676
MGG_03963T0	2840	2841	2087	65.0962
MGG_06454T0	1662	1663	2874	153.144
MGG_10697T0	1102	1103	342.381	27.5067
MGG_05302T0	2734	2735	181.964	5.89568
MGG_16600T0	624	625	1	0.141783
MGG_15460T0	597	598	0	0
MGG_09262T0	1916	1917	1222	56.4877
MGG_05976T0	1218	1219	977	71.0224
MGG_16332T0	180	181	40	19.5833
MGG_17224T0	1020	1021	356	30.8979
MGG_13768T0	2385	2386	2818	104.659
MGG_11606T0	1609	1610	249	13.705
MGG_09821T0	1668	1669	779	41.3605
MGG_17126T0	159	160	7	3.87688
MGG_07882T0	1884	1885	290	13.633
MGG_06839T0	3231	3232	1230	33.7239
MGG_05023T0	1059	1060	136	11.3694
MGG_07814T0	834	835	12.5794	1.33499
MGG_16358T0	725	726	0	0
MGG_08623T0	3323	3324	2774.28	73.9595
MGG_09867T0	1222	1223	277.821	20.13
MGG_09204T0	1498	1499	1597	94.4078
MGG_08137T0	3728	3729	692	16.4444
MGG_09445T0	1700	1701	23	1.1982
MGG_15751T0	396	397	108	24.1067
MGG_09287T0	1863	1864	2345	111.481
MGG_17030T0	309	310	62	17.7229
MGG_16402T0	807	808	1152	126.341
MGG_03294T0	2359	2360	0	0
MGG_11906T0	873	874	600	60.8337
MGG_08452T0	3390	3391	11.7606	0.30733
MGG_06798T0	1323	1324	48	3.21261
MGG_08725T0	4530	4531	199	3.89192
MGG_00912T0	2987	2988	914	27.1063
MGG_08377T0	1497	1498	5	0.295776
MGG_02246T0	660	661	595	79.7664
MGG_05614T0	1461	1462	527	31.9424
MGG_17475T0	336	337	0	0
MGG_09394T0	2165	2166	2070	84.687
MGG_02075T0	3493	3494	56	1.42027
MGG_17761T0	311	312	5	1.4201
MGG_16554T0	774	775	5	0.571706
MGG_09458T0	1721	1722	1021.78	52.5811
MGG_16846T0	761	762	21	2.44213
MGG_16157T0	399	400	0	0
MGG_00900T0	444	445	133	26.4848
MGG_00930T0	5944	5945	785.76	11.7123
MGG_01149T0	576	577	2583	396.692
MGG_02938T0	1108	1109	1144	91.4111
MGG_16806T0	3654	3655	460	11.1526
MGG_15589T0	474	475	117	21.8271
MGG_01510T0	2813	2814	600	18.8943
MGG_10559T0	429	430	0	0
MGG_01519T0	1284	1285	1628	112.268
MGG_17072T0	2166	2167	4290	175.43
MGG_16328T0	633	634	72	10.0635
MGG_15381T0	642	643	0	0
MGG_08398T0	588	589	0	0
MGG_12165T0	1756	1757	3058	154.231
MGG_00783T0	1574	1575	771	43.3789
MGG_18097T0	675	676	0	0
MGG_15814T0	1015	1016	8933	779.127
MGG_10788T0	432	433	0	0
MGG_03594T0	1396	1397	457.756	29.0364
MGG_09006T0	976	977	2359.95	214.049
MGG_10741T0	1835	1836	376.366	18.1653
MGG_07352T0	345	346	0	0
MGG_09068T0	870	871	0	0
MGG_07656T0	3387	3388	244	6.38192
MGG_07715T0	1424	1425	697	43.3434
MGG_16919T0	159	160	0	0
MGG_08905T0	1191	1192	2971	220.867
MGG_03681T0	1887	1888	2252	105.699
MGG_17737T0	186	187	10	4.73874
MGG_17087T0	669	670	8	1.05808
MGG_11617T0	1986	1987	3	0.133791
MGG_05615T0	2782	2783	344	10.9534
MGG_16172T0	396	397	0	0
MGG_09426T0	1884	1885	37	1.73938
MGG_06909T0	2035	2036	972	42.3051
MGG_17515T0	249	250	0	0
MGG_15291T0	3638	3639	4368.39	106.376
MGG_08633T0	672	673	19	2.50175
MGG_02956T0	1958	1959	234	10.5849
MGG_06349T0	1179	1180	2090	156.953
MGG_05768T0	2682	2683	52	1.71746
MGG_05125T0	3393	3394	917	23.9421
MGG_06564T0	1955	1956	2241	101.526
MGG_03919T0	2625	2626	2400	80.9881
MGG_02694T0	2079	2080	81	3.45085
MGG_17965T0	793	794	30	3.34815
MGG_09396T0	1382	1383	4562	292.306
MGG_17702T0	1579	1580	582	32.6415
MGG_06187T0	921	922	360	34.6
MGG_00276T0	1545	1546	5120	293.471
MGG_17043T0	168	169	0	0
MGG_14874T0	861	862	1762	181.135
MGG_05638T0	1912	1913	265	12.2754
MGG_03588T0	1693	1694	692	36.1991
MGG_03682T0	1758	1759	798	40.2014
MGG_02438T0	2607	2608	1510.56	51.3256
MGG_17119T0	3027	3028	368	10.7695
MGG_17812T0	1969	1970	837	37.6499
MGG_15580T0	3102	3103	34	0.970961
MGG_15887T0	1328	1329	51	3.40055
MGG_03572T0	1057	1058	1037	86.8556
MGG_01535T0	1222	1223	498	36.0834
MGG_14704T0	789	790	16	1.79472
MGG_06312T0	3726	3727	845	20.091
MGG_08139T0	1580	1581	522.734	29.299
MGG_08139T1	1529	1530	1547.27	89.6145
MGG_16336T0	375	376	144	33.9375
MGG_11269T0	1794	1795	245	12.095
MGG_07702T0	1195	1196	249	18.449
MGG_04196T0	4253	4254	2560	53.327
MGG_15095T0	645	646	0	0
MGG_06073T0	1490	1491	513	30.4891
MGG_15419T0	417	418	32	6.78388
MGG_08363T0	1933	1934	7	0.320735
MGG_05646T0	2888	2889	3646.96	111.863
MGG_17584T0	396	397	0	0
MGG_16533T0	192	193	0	0
MGG_01177T0	919	920	16	1.54112
MGG_05092T0	1158	1159	809	61.8543
MGG_17406T0	720	721	26	3.19553
MGG_12699T0	321	322	0	0
MGG_17415T0	294	295	5	1.50194
MGG_03317T0	2183	2184	4254	172.603
MGG_08893T0	3923	3924	1525	34.4386
MGG_16699T0	252	253	0	0
MGG_00041T0	1308	1309	682.978	46.2351
MGG_17544T0	153	154	0	0
MGG_08835T0	1602	1603	14705	812.898
MGG_15720T0	1861	1862	824	39.215
MGG_06053T0	1859	1860	3506	167.033
MGG_15450T0	342	343	0	0
MGG_03757T0	1867	1868	414	19.6394
MGG_12861T0	1689	1690	2157	113.101
MGG_16373T0	3136	3137	43.5202	1.22937
MGG_01862T0	2175	2176	298	12.1356
MGG_01742T0	3036	3037	26913	785.275
MGG_05694T1	2470	2471	1221.48	43.8044
MGG_05694T0	1931	1932	203.521	9.33483
MGG_04566T0	1125	1126	821	64.6114
MGG_07047T0	4618	4619	1690	32.4223
MGG_02247T0	1475	1476	535	32.1197
MGG_15544T0	150	151	22	12.9107
MGG_00163T0	1784	1785	2378	118.053
MGG_02289T0	1805	1806	56	2.74774
MGG_04578T0	315	316	0	0
MGG_10673T0	1026	1027	121	10.4405
MGG_06151T0	1032	1033	2005.67	172.053
MGG_04688T0	2551	2552	626	21.7369
MGG_15403T0	780	781	0	0
MGG_13686T0	533	534	0	0
MGG_12447T0	12105	12106	0	0
MGG_10065T0	603	604	0	0
MGG_05802T0	1290	1291	18	1.23552
MGG_06430T0	2752	2753	1227	39.4951
MGG_01604T0	2440	2441	2905	105.459
MGG_07787T0	2448	2449	783	28.332
MGG_16325T0	474	475	0	0
MGG_04631T0	1068	1069	108	8.95263
MGG_17911T0	336	337	2	0.525902
MGG_08337T0	1430	1431	0	0
MGG_12155T0	4293	4294	18	0.371463
MGG_02186T0	1601	1602	738	40.8224
MGG_01181T0	1725	1726	17	0.872796
MGG_00297T0	1872	1873	1034	48.9201
MGG_14937T0	2537	2538	474	16.5497
MGG_09977T0	1892	1893	3089	144.601
MGG_17535T0	1833	1834	495.308	23.9321
MGG_16128T0	273	274	1	0.32341
MGG_18071T0	162	163	0	0
MGG_01093T0	1388	1389	743	47.4014
MGG_06145T0	3991	3992	3821	84.8186
MGG_06203T0	2060	2061	90503	3891.25
MGG_12813T0	1545	1546	1405	80.5325
MGG_06986T0	1071	1072	45	3.71982
MGG_03579T0	2556	2557	921	31.9178
MGG_14253T0	189	190	0	0
MGG_09736T0	1084	1085	3003	245.262
MGG_07957T0	1960	1961	11	0.497072
MGG_09567T0	1363	1364	170.539	11.0793
MGG_17408T0	297	298	0	0
MGG_16135T0	177	178	20	9.95668
MGG_05201T0	1041	1042	2583	219.665
MGG_13177T0	2248	2249	877	34.5553
MGG_16688T0	435	436	5	1.01622
MGG_07859T0	2238	2239	0	0
MGG_07269T0	996	997	32	2.8442
MGG_02428T0	2602	2603	625	21.277
MGG_10700T0	1251	1252	4001	283.184
MGG_06423T0	1116	1117	1024	81.2365
MGG_04822T0	1517	1518	613	35.7844
MGG_02453T0	1732	1733	812	41.5205
MGG_04422T0	1418	1419	68.5778	4.28258
MGG_10748T0	2022	2023	0	0
MGG_17717T1	682	683	27.9788	3.63005
MGG_17717T0	748	749	11.0212	1.30392
MGG_16287T0	1876	1877	1146	54.1034
MGG_15854T0	183	184	3	1.4448
MGG_00478T0	1600	1601	384.268	21.269
MGG_06503T0	1461	1462	2837	171.956
MGG_06303T0	1630	1631	809	43.9541
MGG_08656T0	1815	1816	346	16.8836
MGG_15277T0	4505	4506	200	3.93318
MGG_15187T0	453	454	3	0.585558
MGG_15632T0	318	319	26	7.2225
MGG_17853T0	153	154	0	0
MGG_00371T0	5831	5832	3611.62	54.8768
MGG_09186T1	4746	4747	60.141	1.12268
MGG_09186T0	6384	6385	3441.86	47.768
MGG_17662T0	1146	1147	0	0
MGG_08006T0	1659	1660	4189	223.618
MGG_08637T0	2016	2017	2543	111.724
MGG_16972T0	1590	1591	1.16309	0.064781
MGG_01859T0	2973	2974	278	8.2834
MGG_02925T0	1011	1012	1006	88.0891
MGG_07663T0	2537	2538	1011	35.2991
MGG_08697T0	4427	4428	356	7.12438
MGG_16002T0	351	352	0	0
MGG_13409T0	2300	2301	98	3.77411
MGG_06416T0	2380	2381	259	9.63929
MGG_05534T0	3053	3054	5763	167.218
MGG_08549T0	2142	2143	83	3.4321
MGG_17381T0	315	316	8	2.2434
MGG_05132T0	1645	1646	18.254	0.982728
MGG_01561T0	2787	2788	1912	60.7715
MGG_16943T0	447	448	0	0
MGG_17503T0	1419	1420	54	3.36985
MGG_01975T0	2421	2422	1	0.0365873
MGG_08847T0	2880	2881	435	13.3798
MGG_00988T0	2059	2060	878	37.7687
MGG_16462T0	1517	1518	5553.99	324.219
MGG_02572T0	4124	4125	3498	75.1451
MGG_04182T0	2627	2628	1089	36.7204
MGG_03513T0	2272	2273	628	24.483
MGG_02743T0	2005	2006	546.851	24.157
MGG_11176T0	1729	1730	425.579	21.7991
MGG_07337T0	751	752	13620	1604.96
MGG_03174T0	1603	1604	313.281	17.3075
MGG_09616T0	396	397	0	0
MGG_04291T0	366	367	0	0
MGG_11310T0	1741	1742	16877	858.523
MGG_08702T0	687	688	0	0
MGG_16757T0	372	373	10	2.37572
MGG_16213T0	6225	6226	3027	43.0832
MGG_09306T0	3741	3742	398	9.42505
MGG_03270T0	3549	3550	762.048	19.0221
MGG_08474T0	1790	1791	787	38.9389
MGG_16175T0	527	528	0	0
MGG_05684T0	1823	1824	575	27.9349
MGG_05656T0	6419	6420	398	5.49354
MGG_11399T0	1488	1489	1484	88.3169
MGG_08937T0	2022	2023	292.324	12.8048
MGG_17379T0	375	376	0	0
MGG_18137T0	2517	2518	16	0.563078
MGG_00638T0	2495	2496	670	23.7867
MGG_11425T0	8954	8955	1796	17.7724
MGG_00899T0	1859	1860	1729	82.3733
MGG_11192T0	3581	3582	414.366	10.2509
MGG_17250T0	252	253	0	0
MGG_16122T0	210	211	35	14.6991
MGG_06274T0	1915	1916	712	32.9298
MGG_13338T0	1700	1701	183	9.53348
MGG_10525T0	2592	2593	5056	172.786
MGG_09351T0	1322	1323	27415	1836.26
MGG_11887T0	1641	1642	166.141	8.96619
MGG_16581T0	255	256	0	0
MGG_15523T0	2819	2820	632	19.8597
MGG_12748T0	854	855	73	7.56591
MGG_15708T0	353	354	0	0
MGG_14206T0	1694	1695	387	20.2323
MGG_09563T0	1429	1430	1663	103.053
MGG_07613T0	7956	7957	4820	53.6787
MGG_17513T0	2150	2151	6734	277.42
MGG_17478T0	162	163	0	0
MGG_16552T0	633	634	0	0
MGG_09030T0	2141	2142	182	7.52933
MGG_09949T0	2472	2473	2846.01	101.981
MGG_05744T0	509	510	0	0
MGG_14156T0	471	472	0	0
MGG_09663T0	306	307	0	0
MGG_04637T0	3124	3125	2504	71.005
MGG_04452T0	976	977	59	5.35133
MGG_03407T0	2889	2890	265	8.12555
MGG_13936T0	2207	2208	6483	260.185
MGG_12101T0	2503	2504	2580	91.304
MGG_03740T0	1179	1180	1391.24	104.478
MGG_15785T0	381	382	14	3.24765
MGG_00088T0	1707	1708	163	8.45677
MGG_00548T0	1475	1476	2273.13	136.472
MGG_00548T1	1427	1428	2451.87	152.151
MGG_15198T0	957	958	10	0.924994
MGG_11546T0	5081	5082	1910	33.3045
MGG_01586T0	3222	3223	3205	88.1196
MGG_08573T0	3477	3478	1200	30.5743
MGG_02231T0	936	937	0	0
MGG_17183T0	251	252	74	26.0217
MGG_05424T0	747	748	0	0
MGG_12239T0	315	316	0	0
MGG_03784T0	1656	1657	201	10.7492
MGG_11230T0	1803	1804	323	15.8661
MGG_15590T0	159	160	16	8.86145
MGG_00301T0	1479	1480	0	0
MGG_12920T0	1192	1193	862	64.0282
MGG_03237T0	1977	1978	980	43.904
MGG_04835T0	1427	1428	4247	263.547
MGG_07249T0	1077	1078	27	2.21947
MGG_00803T0	4135	4136	4226	90.5427
MGG_16705T0	222	223	0	0
MGG_02992T0	2151	2152	282	11.6121
MGG_09471T0	3539	3540	2842	71.1419
MGG_07284T0	1851	1852	1235.63	59.1222
MGG_03639T0	522	523	40	6.7774
MGG_07059T0	4634	4635	735.134	14.0547
MGG_17727T0	264	265	5	1.67197
MGG_10301T0	879	880	0	0
MGG_14344T0	471	472	0	0
MGG_01343T0	2475	2476	924	33.0694
MGG_17874T0	254	255	5	1.73754
MGG_16292T0	390	391	9	2.03972
MGG_17107T0	156	157	247	139.413
MGG_09271T0	1496	1497	419	24.8026
MGG_07808T0	1650	1651	347	18.6246
MGG_06590T0	3819	3820	122	2.8301
MGG_08568T0	1927	1928	254	11.6743
MGG_01692T0	1206	1207	1891	138.832
MGG_14606T0	1059	1060	11	0.919584
MGG_03890T0	3699	3700	652	15.6153
MGG_06605T0	2097	2098	13180	556.691
MGG_00821T0	387	388	0	0
MGG_03709T0	2463	2464	75	2.69727
MGG_15772T0	298	299	16	4.74191
MGG_15840T0	318	319	11	3.05567
MGG_04336T0	1548	1549	249.549	14.2761
MGG_17538T0	844	845	702.819	73.7041
MGG_06050T0	2288	2289	935	36.1968
MGG_02713T0	519	520	6893	1174.65
MGG_04745T0	1408	1409	2230	140.249
MGG_13161T0	1980	1981	1263	56.4968
MGG_08908T0	1273	1274	1089	75.7466
MGG_00509T0	1742	1743	2866	145.708
MGG_07600T0	2246	2247	253	9.97751
MGG_16204T0	789	790	10706	1200.89
MGG_15348T0	363	364	3	0.730339
MGG_05114T0	1851	1852	70	3.34936
MGG_11568T0	2604	2605	377	12.8244
MGG_01105T0	1503	1504	126	7.42382
MGG_06453T0	907	908	1494	145.804
MGG_14903T0	3428	3429	1060.3	27.401
MGG_06996T0	1033	1034	563.699	48.3094
MGG_02443T0	3197	3198	1267	35.1077
MGG_04335T0	2058	2059	5460	234.985
MGG_03694T0	1781	1782	938	46.6444
MGG_05449T0	1208	1209	11441	838.576
MGG_12530T0	3816	3817	333	7.73084
MGG_17602T0	441	442	0	0
MGG_08928T0	3289	3290	868.868	23.4025
MGG_06912T0	2663	2664	2304.28	76.6487
MGG_16430T0	207	208	10	4.26031
MGG_15032T0	645	646	29	3.97805
MGG_17102T0	2790	2791	566	17.9705
MGG_00743T0	1937	1938	104	4.75537
MGG_11377T0	1209	1210	609	44.6002
MGG_07377T0	720	721	0	0
MGG_02582T0	2254	2255	66	2.59359
MGG_16326T0	987	988	0	0
MGG_15831T0	1318	1319	1018	68.3924
MGG_08923T0	1879	1880	1150	54.2057
MGG_08164T0	1431	1432	4624.79	286.189
MGG_01070T0	2366	2367	13160	492.677
MGG_02019T0	1728	1729	0	0
MGG_09777T0	1779	1780	122	6.07358
MGG_15308T0	319	320	3	0.830761
MGG_03978T0	1734	1735	757	38.6635
MGG_10401T0	825	826	7	0.75097
MGG_15375T0	366	367	1	0.241456
MGG_03842T0	3748	3749	1487	35.148
MGG_18013T0	213	214	0	0
MGG_16170T0	469	470	0	0
MGG_12349T0	3975	3976	1104	24.6052
MGG_11702T0	2781	2782	1817	57.8765
MGG_14868T0	1963	1964	886	39.9758
MGG_18101T0	504	505	19	3.33401
MGG_17385T0	2038	2039	1302	56.5846
MGG_13455T0	2725	2726	1191	38.716
MGG_01460T0	1130	1131	114.271	8.9532
MGG_15527T0	1517	1518	671	39.1702
MGG_09760T0	1958	1959	851	38.4946
MGG_05359T0	3491	3492	5659	143.605
MGG_08744T0	6185	6186	1199	17.1757
MGG_17340T0	614	615	7	1.00862
MGG_09181T0	1119	1120	716	56.65
MGG_09807T0	630	631	2	0.28087
MGG_00686T0	1527	1528	1854	107.52
MGG_00939T0	2349	2350	888	33.485
MGG_10279T0	1512	1513	38	2.22561
MGG_07259T0	2912	2913	959	29.1731
MGG_08104T0	1981	1982	3257	145.619
MGG_03474T0	1902	1903	23	1.07101
MGG_10724T0	1916	1917	55	2.54241
MGG_01969T0	4755	4756	1577	29.3829
MGG_06940T0	1798	1799	440	21.6734
MGG_06455T0	2656	2657	3351	111.76
MGG_05338T0	1624	1625	84	4.58069
MGG_01693T0	1806	1807	517.064	25.3566
MGG_15661T0	393	394	0	0
MGG_04512T0	1813	1814	2318	113.235
MGG_15393T0	1032	1033	218	18.7008
MGG_03097T0	1781	1782	122	6.06676
MGG_08520T0	1438	1439	33	2.03216
MGG_00049T0	2127	2128	1424	59.2984
MGG_03353T0	1258	1259	404	28.4355
MGG_16939T0	405	406	0	0
MGG_03562T0	3761	3762	305	7.18432
MGG_15862T0	698	699	3	0.38032
MGG_13986T0	1999	2000	4392	194.597
MGG_08729T0	831	832	0	0
MGG_01232T0	1614	1615	2968	162.853
MGG_17419T0	168	169	0	0
MGG_15373T0	1448	1449	7	0.428089
MGG_01760T0	2335	2336	1363	51.7044
MGG_12128T0	2746	2747	1725	55.6461
MGG_17292T0	240	241	0	0
MGG_08389T0	1297	1298	47	3.20869
MGG_02377T0	3269	3270	298.47	8.08831
MGG_04987T0	3916	3917	894	20.225
MGG_06562T0	1175	1176	22943	1728.81
MGG_16872T0	312	313	1259	356.44
MGG_16629T0	573	574	1407	217.213
MGG_16380T0	417	418	0	0
MGG_04359T0	3689	3690	795	19.0917
MGG_01089T0	2049	2050	332	14.3512
MGG_05493T0	1092	1093	14	1.13504
MGG_17622T0	1625	1626	33	1.79845
MGG_13756T0	810	811	52	5.68182
MGG_16179T0	440	441	97.6248	19.6167
MGG_16179T1	436	437	0	0
MGG_07030T0	2153	2154	885	36.4084
MGG_01770T0	1673	1674	747.541	39.5716
MGG_18126T0	396	397	0	0
MGG_05288T0	2372	2373	476	17.7752
MGG_01095T0	2623	2624	562	18.9792
MGG_17390T0	871	872	56	5.69084
MGG_05345T0	2250	2251	2596	102.196
MGG_03658T0	855	856	1832.29	189.682
MGG_04989T0	6775	6776	2021	26.43
MGG_17721T0	963	964	553	50.8338
MGG_03133T0	3317	3318	516	13.7809
MGG_10267T0	2662	2663	220	7.32076
MGG_10031T0	1215	1216	4	0.291495
MGG_15965T0	1713	1714	166.057	8.58523
MGG_07880T0	684	685	0	0
MGG_17808T0	255	256	21	7.26916
MGG_14850T0	794	795	626	69.7769
MGG_08894T0	987	988	473	42.4237
MGG_03115T0	3467	3468	39	0.996529
MGG_05066T0	1167	1168	38.2061	2.89864
MGG_17726T0	742	743	28	3.33944
MGG_04470T0	3086	3087	639.185	18.3482
MGG_09159T0	2017	2018	931	40.8821
MGG_00135T0	2042	2043	2967	128.693
MGG_06238T0	4217	4218	1049	22.0381
MGG_07545T0	1743	1744	1289	65.4954
MGG_07972T0	1260	1261	47.0843	3.30876
MGG_16087T0	231	232	30	11.4588
MGG_02096T0	3394	3395	880	22.9693
MGG_07037T0	6168	6169	3258	46.7995
MGG_03176T0	1272	1273	51	3.55015
MGG_09495T0	1311	1312	1553.28	104.911
MGG_09715T0	1493	1494	2798	165.959
MGG_00916T0	465	466	8	1.52128
MGG_06391T0	2373	2374	703.826	26.2718
MGG_00146T0	1650	1651	1085.12	58.242
MGG_07793T0	1038	1039	885	75.4801
MGG_03944T0	2625	2626	157	5.29797
MGG_13651T0	1622	1623	641	34.9981
MGG_11713T0	1979	1980	550	24.6151
MGG_11447T0	1610	1611	269.136	14.8041
MGG_02997T0	480	481	297	54.7162
MGG_14806T0	5449	5450	2260	36.7465
MGG_17636T0	603	604	7629.16	1119.29
MGG_03029T0	1368	1369	43	2.78336
MGG_03519T0	2151	2152	419	17.2535
MGG_11132T0	2254	2255	2207	86.7282
MGG_00781T0	2271	2272	16	0.624046
MGG_09817T0	2993	2994	146	4.32121
MGG_03428T0	792	793	2	0.223492
MGG_00394T0	987	988	10	0.896908
MGG_03585T0	1189	1190	20	1.48932
MGG_11091T0	702	703	17	2.14288
MGG_08155T1	1029	1030	33.4721	2.87972
MGG_08155T0	1864	1865	311.579	14.8045
MGG_13410T0	555	556	1382	220.261
MGG_14869T0	568	569	286.46	44.6125
MGG_06156T1	3690	3691	44	1.05636
MGG_06156T0	3926	3927	0	0
MGG_16538T0	1485	1486	0	0
MGG_15022T0	799	800	466	51.6179
MGG_02465T0	2209	2210	2882	115.56
MGG_05681T0	1568	1569	329.182	18.5917
MGG_17924T0	267	268	5	1.65325
MGG_04859T0	2176	2177	101.318	4.12413
MGG_16823T0	150	151	30	17.6055
MGG_12929T0	2128	2129	628.299	26.1514
MGG_06076T0	990	991	252	22.5336
MGG_16276T0	1992	1993	195.072	8.67347
MGG_04344T0	2426	2427	892	32.5686
MGG_05021T0	471	472	289	54.2576
MGG_03764T0	1781	1782	20	0.994551
MGG_04912T0	3314	3315	1001	26.7581
MGG_05469T0	444	445	0	0
MGG_16702T0	174	175	0	0
MGG_05790T0	1719	1720	87	4.48224
MGG_17896T0	240	241	5	1.83847
MGG_16665T0	210	211	0	0
MGG_05850T0	1669	1670	882.882	46.848
MGG_03968T0	1347	1348	333	21.8907
MGG_06534T0	1895	1896	3266	152.645
MGG_13597T0	1461	1462	63	3.81854
MGG_05238T0	965	966	9590.03	879.726
MGG_11654T0	1440	1441	15	0.922427
MGG_04845T0	741	742	294	35.1114
MGG_12025T0	1152	1153	17	1.30654
MGG_11712T0	2936	2937	1363.58	41.1417
MGG_04122T0	1744	1745	166	8.4298
MGG_14085T0	1568	1569	17.5113	0.98901
MGG_09000T0	2160	2161	5	0.205031
MGG_00183T0	5039	5040	2046	35.9733
MGG_05222T0	2861	2862	2376.91	73.5948
MGG_15827T0	237	238	5	1.86165
MGG_04609T0	2921	2922	211	6.39892
MGG_01546T0	249	250	282	99.9571
MGG_03807T0	1641	1642	8	0.431739
MGG_03017T0	2812	2813	712	22.4293
MGG_17531T0	3220	3221	8269	227.492
MGG_17581T0	576	577	20	3.07156
MGG_09947T0	5437	5438	2047	33.3567
MGG_09885T0	2044	2045	569.004	24.6562
MGG_10059T0	1918	1919	1276	58.9224
MGG_04711T0	1549	1550	119	6.8033
MGG_05230T0	1674	1675	261	13.808
MGG_03158T0	3505	3506	28	0.707702
MGG_03313T0	4354	4355	831	16.909
MGG_03322T0	3278	3279	692	18.7012
MGG_14909T0	398	399	58	12.8813
MGG_11311T0	1815	1816	1228	59.9221
MGG_01050T0	3009	3010	972	28.6157
MGG_00314T0	1965	1966	835	37.6364
MGG_17285T0	312	313	109.776	31.0791
MGG_08916T0	2301	2302	332	12.7802
MGG_10927T0	1044	1045	0	0
MGG_03192T0	2451	2452	1103	39.8621
MGG_01417T0	2147	2148	57	2.3515
MGG_12568T0	1476	1477	22	1.31992
MGG_08561T0	3265	3266	1707.06	46.3168
MGG_12844T0	2742	2743	410.365	13.2571
MGG_05603T0	1208	1209	219.461	16.0856
MGG_15980T0	378	379	0	0
MGG_05379T0	4468	4469	1400	27.7602
MGG_02789T0	1844	1845	882	42.362
MGG_16839T0	300	301	2	0.5888
MGG_17311T0	590	591	37	5.54778
MGG_03933T0	1500	1501	118	6.96636
MGG_12247T0	663	664	27199	3629.86
MGG_00754T0	1829	1830	2206	106.822
MGG_04802T0	1982	1983	949	42.408
MGG_17472T0	1806	1807	1187	58.2099
MGG_18070T0	264	265	0	0
MGG_15478T0	534	535	384	63.6037
MGG_04744T0	2193	2194	668	26.9802
MGG_02464T0	3323	3324	2331	62.1421
MGG_06003T0	634	635	2747	383.345
MGG_17915T0	330	331	35	9.37011
MGG_17752T0	345	346	0	0
MGG_12315T0	1094	1095	1807	146.234
MGG_10436T0	402	403	0	0
MGG_10843T0	1713	1714	679	35.1046
MGG_16381T0	285	286	0	0
MGG_11813T0	1044	1045	2105	178.501
MGG_04525T0	1431	1432	1555	96.2259
MGG_05049T0	4330	4331	483	9.88243
MGG_00537T0	2639	2640	1092.21	36.6612
MGG_00537T1	2569	2570	190.791	6.57853
MGG_02656T0	7725	7726	584	6.69827
MGG_15848T0	411	412	0	0
MGG_17036T0	231	232	19	7.25722
MGG_15210T0	1530	1531	0	0
MGG_16741T0	1008	1009	228	20.0239
MGG_00020T0	1524	1525	0	0
MGG_05116T0	2737	2738	553	17.8977
MGG_12114T0	219	220	420	169.173
MGG_11859T0	1475	1476	14	0.840517
MGG_10322T0	1560	1561	1637	92.9288
MGG_05960T0	6202	6203	842	12.0286
MGG_03126T0	2230	2231	379	15.0537
MGG_12599T0	2039	2040	408	17.7229
MGG_16845T0	324	325	0	0
MGG_13019T0	801	802	232	25.6341
MGG_09367T0	1011	1012	7338	642.542
MGG_06746T0	423	424	3	0.626989
MGG_07609T0	765	766	20	2.31369
MGG_06862T1	3180	3181	2258.47	62.9152
MGG_06862T0	2760	2761	84.5301	2.713
MGG_05686T0	1905	1906	1946	90.4742
MGG_06340T0	675	676	0	0
MGG_10216T0	1464	1465	9	0.544389
MGG_03048T0	3114	3115	1320	37.5509
MGG_05108T0	636	637	74	10.2943
MGG_17870T0	195	196	0	0
MGG_03116T0	2789	2790	1760	55.9002
MGG_05101T0	1167	1168	161	12.2148
MGG_12137T0	1820	1821	1894.9	92.2109
MGG_02392T0	192	193	9709	4457.81
MGG_01328T0	710	711	342	42.6247
MGG_11040T0	1820	1821	3139	152.752
MGG_06257T0	2406	2407	145	5.33822
MGG_01991T0	1996	1997	908	40.2914
MGG_06723T0	744	745	1599	190.194
MGG_03418T0	2066	2067	9274	397.586
MGG_09946T0	1344	1345	395	26.0243
MGG_03502T0	2679	2680	271	8.96064
MGG_09516T0	3040	3041	758	22.0881
MGG_02273T0	651	652	0	0
MGG_09539T0	1594	1595	581	32.279
MGG_16201T0	1124	1125	8388	660.709
MGG_17706T0	204	205	1	0.432266
MGG_02763T0	2262	2263	1429	55.9567
MGG_14793T0	490	491	86	15.5211
MGG_09793T0	823	824	13	1.39804
MGG_07244T0	1140	1141	340	26.4057
MGG_11472T0	603	604	31	4.54809
MGG_07335T0	2516	2517	3495	123.046
MGG_06131T1	3254	3255	547.395	14.9023
MGG_06131T0	1879	1880	1085.01	51.1422
MGG_06131T2	3006	3007	401.942	11.845
MGG_14388T0	606	607	0	0
MGG_17851T0	180	181	0	0
MGG_04892T0	562	563	26	4.09232
MGG_16071T0	240	241	0	0
MGG_07711T0	2351	2352	2120	79.8736
MGG_03208T0	2729	2730	33	1.07116
MGG_06968T0	2256	2257	425	16.6864
MGG_16345T0	294	295	0	0
MGG_17239T0	429	430	17	3.50336
MGG_16959T0	237	238	2	0.744659
MGG_15085T0	3208	3209	181	4.9982
MGG_09926T0	2122	2123	5456	227.735
MGG_17060T1	4863	4864	4654.06	84.7898
MGG_17060T0	2553	2554	647.719	22.4735
MGG_09968T0	944	945	10	0.937719
MGG_11685T0	1977	1978	984	44.0832
MGG_02125T0	1728	1729	986	50.5343
MGG_01318T0	1257	1258	1895	133.485
MGG_16743T0	3632	3633	87	2.12206
MGG_01867T0	1897	1898	975	45.5211
MGG_10803T0	1179	1180	578	43.4061
MGG_08467T0	1236	1237	0	0
MGG_14270T0	2408	2409	5512	202.758
MGG_02043T0	1065	1066	46	3.82389
MGG_16661T0	582	583	0	0
MGG_14438T0	441	442	0	0
MGG_15168T0	1261	1262	13	0.912827
MGG_10204T0	1130	1131	248.924	19.5034
MGG_02518T0	3142	3143	317	8.93757
MGG_08562T0	2731	2732	239	7.75214
MGG_03508T0	2693	2694	263	8.65093
MGG_06843T0	2407	2408	883	32.4944
MGG_03506T0	1725	1726	3780	194.069
MGG_17556T0	501	502	1	0.176523
MGG_15728T0	1944	1945	35	1.5946
MGG_01012T0	4286	4287	2161.6	44.6814
MGG_03093T0	1450	1451	2317.01	141.503
MGG_14706T0	1255	1256	0	0
MGG_08276T0	1839	1840	271	13.0514
MGG_01233T1	1936	1937	2989	136.742
MGG_01233T0	2170	2171	0	0
MGG_10183T0	1322	1323	310.218	20.7784
MGG_09139T0	2864	2865	909	28.1154
MGG_08313T0	957	958	8	0.739996
MGG_10663T0	1710	1711	142	7.35433
MGG_07517T0	2768	2769	20002	640.111
MGG_09055T0	1260	1261	12406	871.809
MGG_00362T0	1549	1550	613	35.0456
MGG_11561T0	5088	5089	194	3.37811
MGG_09540T0	2380	2381	2785	103.65
MGG_04956T0	2103	2104	1985	83.6025
MGG_09193T0	1861	1862	3141	149.483
MGG_00779T0	2360	2361	1818	68.2343
MGG_05575T0	894	895	770	76.2381
MGG_03509T0	1572	1573	2	0.112669
MGG_01244T0	4087	4088	2412	52.2843
MGG_03427T0	1548	1549	2	0.114415
MGG_06538T0	755	756	1184	138.782
MGG_06832T0	1920	1921	1360	62.7359
MGG_05572T0	2901	2902	127.899	3.90549
MGG_17840T0	852	853	86	8.93417
MGG_07677T0	780	781	0	0
MGG_16507T0	870	871	3	0.305216
MGG_10676T0	561	562	1266	199.619
MGG_08108T0	1103	1104	188	15.0901
MGG_04312T0	1308	1309	184	12.4561
MGG_08055T0	1320	1321	837.658	56.1913
MGG_03056T0	2255	2256	96	3.77083
MGG_05941T0	1796	1797	331	16.3224
MGG_15041T0	1152	1153	47	3.61221
MGG_04641T0	1910	1911	470.776	21.8302
MGG_03347T0	1537	1538	7508	432.586
MGG_04544T0	1520	1521	417	24.2947
MGG_13058T0	3068	3069	507	14.6391
MGG_16733T0	2356	2357	70.0471	2.63351
MGG_08943T0	1350	1351	0	0
MGG_05045T0	651	652	12	1.63094
MGG_10289T0	1944	1945	992	45.1957
MGG_00343T0	2987	2988	802	23.7847
MGG_01891T0	705	706	19	2.38481
MGG_04328T0	1881	1882	2762	130.049
MGG_16966T0	1560	1561	167	9.48021
MGG_06434T0	990	991	370	33.0851
MGG_08291T0	462	463	14256	2728.48
MGG_04411T0	704	705	626	78.6846
MGG_17260T0	303	304	77	22.4451
MGG_07402T0	1169	1170	2755	208.661
MGG_15680T0	168	169	4	2.09738
MGG_15740T0	772	773	34	3.89766
MGG_04629T0	4769	4770	3965	73.6596
MGG_06045T0	1228	1229	1535	110.678
MGG_00257T0	1095	1096	182	14.7152
MGG_03360T0	2808	2809	405	12.7764
MGG_06866T0	1228	1229	116	8.36394
MGG_00544T0	588	589	415	62.4363
MGG_03481T0	3052	3053	1416	41.0999
MGG_17086T0	165	166	0	0
MGG_03852T0	1917	1918	621.457	28.7122
MGG_17579T0	474	475	0	0
MGG_15505T0	600	601	36	5.30802
MGG_02216T1	1498	1499	342.518	20.2482
MGG_02216T0	1551	1552	125.862	7.18634
MGG_15787T0	1129	1130	0	0
MGG_14814T0	2011	2012	525.026	23.1237
MGG_01764T0	1423	1424	149.435	9.29923
MGG_02056T0	2791	2792	185	5.87166
MGG_17057T0	1050	1051	78	6.57653
MGG_15362T0	736	737	0	0
MGG_09674T0	1659	1660	0	0
MGG_13033T0	1720	1721	914	47.062
MGG_14404T0	2181	2182	707.7	28.7408
MGG_02272T0	1581	1582	7	0.392099
MGG_17834T0	710	711	18	2.2434
MGG_16624T0	168	169	0	0
MGG_05607T0	2529	2530	1472.21	51.5648
MGG_10356T0	1470	1471	6	0.361446
MGG_00097T0	1908	1909	195.253	9.0635
MGG_09156T0	1840	1841	531	25.5591
MGG_00778T0	1800	1801	325	15.9909
MGG_16320T0	222	223	0	0
MGG_07733T0	966	967	3	0.274916
MGG_12646T0	3316	3317	1404	37.5082
MGG_06320T0	4624	4625	7167	137.319
MGG_16756T0	3007	3008	2958	87.1415
MGG_00697T0	1186	1187	897	66.9648
MGG_05683T0	4700	4701	578	10.8954
MGG_07346T0	1107	1108	416	33.2704
MGG_00266T0	867	868	0	0
MGG_18023T0	342	343	0	0
MGG_09029T0	1529	1530	653	37.8204
MGG_10312T0	1743	1744	603	30.6391
MGG_13974T0	360	361	0	0
MGG_16005T0	213	214	0	0
MGG_10299T0	684	685	0	0
MGG_17414T0	198	199	26	11.5778
MGG_04458T0	1479	1480	559.891	33.5233
MGG_09778T0	2190	2191	105	4.2467
MGG_16663T0	186	187	0	0
MGG_05209T0	3383	3384	1949	51.0371
MGG_14831T0	7755	7756	6422	73.3731
MGG_00467T0	3121	3122	210	5.96061
MGG_01679T0	1073	1074	7694.15	634.835
MGG_09706T0	2102	2103	559	23.5547
MGG_02218T0	1005	1006	16	1.40938
MGG_10334T0	2047	2048	950	41.1053
MGG_11915T0	267	268	22	7.27432
MGG_00884T0	2176	2177	4836	196.849
MGG_14737T0	1609	1610	132.929	7.31639
MGG_12300T0	1308	1309	2491	168.631
MGG_01006T0	1062	1063	1240.61	103.42
MGG_08983T0	1370	1371	1361	87.9681
MGG_04648T0	2224	2225	413	16.4484
MGG_13192T0	2749	2750	4275	137.755
MGG_03705T0	3261	3262	921	25.0196
MGG_00839T0	1101	1102	652	52.4289
MGG_01506T0	1533	1534	11602	670.212
MGG_09734T0	3869	3870	680.178	15.5746
MGG_17090T0	336	337	0	0
MGG_03930T0	501	502	3392	598.765
MGG_09412T0	3091	3092	2686.49	76.9927
MGG_10477T0	888	889	36	3.58844
MGG_01311T0	3220	3221	2081.63	57.2687
MGG_11674T0	327	328	0	0
MGG_07202T0	2074	2075	4517	192.902
MGG_09964T0	2205	2206	0	0
MGG_03494T0	1383	1384	2719	174.092
MGG_01977T0	2208	2209	611	24.5104
MGG_18028T0	599	600	5	0.738454
MGG_16239T0	758	759	2	0.233503
MGG_05248T0	1105	1106	13400.9	1073.7
MGG_09833T0	1646	1647	149	8.01673
MGG_10856T0	821	822	2223.77	239.73
MGG_04185T0	4021	4022	2017	44.4394
MGG_14703T0	1158	1159	142	10.857
MGG_12392T0	3472	3473	185	4.72032
MGG_04806T0	1503	1504	1050	61.8651
MGG_09303T0	3690	3691	4387	105.324
MGG_16116T0	4641	4642	796	15.1954
MGG_05528T0	1291	1292	2316	158.848
MGG_16061T0	384	385	0	0
MGG_16830T0	2663	2664	297	9.87931
MGG_03374T0	1501	1502	308	18.1713
MGG_08647T0	1420	1421	63	3.92872
MGG_17496T0	213	214	0	0
MGG_15293T0	1200	1201	291	21.4711
MGG_11216T0	2830	2831	1440	45.0741
MGG_14609T0	1347	1348	607	39.9028
MGG_05044T0	4539	4540	465	9.07615
MGG_09902T0	867	868	1176	120.058
MGG_17938T0	640	641	5	0.69122
MGG_16374T0	1424	1425	441	27.4238
MGG_07885T0	2543	2544	10	0.348327
MGG_14151T0	2124	2125	8	0.333607
MGG_14667T0	966	967	88	8.06419
MGG_12163T0	636	637	737	102.526
MGG_01423T0	2367	2368	3496.24	130.835
MGG_13948T0	1305	1306	416	28.2264
MGG_00294T0	2013	2014	672	29.5675
MGG_08287T0	1565	1566	1077.13	60.9508
MGG_08287T1	1399	1400	755.874	47.8438
MGG_10321T0	1773	1774	318	15.8847
MGG_02517T0	3555	3556	723	18.0169
MGG_17459T0	570	571	8	1.24153
MGG_05570T0	976	977	199	18.0494
MGG_17954T0	482	483	35	6.42134
MGG_17857T0	420	421	7	1.4734
MGG_15350T0	450	451	35	6.87695
MGG_12679T0	1458	1459	47	2.85461
MGG_02922T0	1672	1673	1.15334	0.0610897
MGG_03225T0	2492	2493	2445	86.9083
MGG_08589T0	1486	1487	182.587	10.8809
MGG_07287T0	3294	3295	1796	48.3009
MGG_15964T0	249	250	77.4631	27.4574
MGG_05600T0	2544	2545	567	19.7424
MGG_08464T0	1053	1054	1502	126.28
MGG_17982T0	1783	1784	507.721	25.2194
MGG_00529T0	4579	4580	1330	25.733
MGG_04332T0	1101	1102	2	0.160825
MGG_03178T0	2517	2518	393	13.8306
MGG_02692T0	954	955	152	14.1041
MGG_05938T0	1456	1457	491	29.8625
MGG_10774T0	388	389	0	0
MGG_03881T0	4342	4343	1335.21	27.2435
MGG_07937T0	1173	1174	254.95	19.2439
MGG_16744T0	3529	3530	1235	31.0025
MGG_15040T0	1143	1144	0	0
MGG_17832T0	390	391	0	0
MGG_10766T0	1593	1594	0	0
MGG_11343T0	2690	2691	1813	59.702
MGG_15263T0	1132	1133	10	0.782122
MGG_00844T0	3350	3351	372.692	9.85555
MGG_01578T0	2198	2199	2785	112.229
MGG_18120T0	162	163	2	1.08729
MGG_03067T0	5536	5537	46	0.736187
MGG_00174T0	2875	2876	863	26.5905
MGG_02234T0	537	538	0	0
MGG_17520T0	165	166	31	16.5485
MGG_16610T0	543	544	2	0.325788
MGG_16410T0	2752	2753	907	29.1948
MGG_09330T0	1860	1861	681	32.4269
MGG_10447T0	1507	1508	26568	1561.21
MGG_13510T0	2264	2265	260.764	10.202
MGG_16237T0	588	589	22	3.30988
MGG_07103T0	5120	5121	1723.83	29.8294
MGG_10051T0	1244	1245	7488	532.968
MGG_17049T0	444	445	15	2.987
MGG_16509T0	771	772	60	6.88713
MGG_12828T0	2491	2492	2548	90.6058
MGG_10187T0	3272	3273	2364.14	64.0076
MGG_01052T0	2648	2649	655	21.9111
MGG_06220T0	1329	1330	121	8.06192
MGG_15531T0	464	465	5	0.952844
MGG_07220T0	1629	1630	8068	438.614
MGG_09916T0	1330	1331	6095	405.789
MGG_17580T0	369	370	0	0
MGG_01298T0	1490	1491	103	6.12159
MGG_18091T0	105	106	0	0
MGG_16789T0	273	274	0	0
MGG_09360T0	1668	1669	200.895	10.6664
MGG_10701T0	1116	1117	216	17.1358
MGG_03416T0	603	604	435	63.82
MGG_03746T0	1059	1060	1	0.0835985
MGG_14711T0	2397	2398	65	2.40198
MGG_01110T0	682	683	3581.54	464.679
MGG_01690T0	963	964	1429	131.359
MGG_08214T0	423	424	0	0
MGG_17025T0	480	481	0	0
MGG_02720T0	1077	1078	6	0.493216
MGG_05157T0	931	932	79	7.51131
MGG_16076T0	600	601	628.036	92.6008
MGG_16379T0	315	316	482	135.165
MGG_04831T0	3991	3992	1387.13	30.7916
MGG_08152T0	1710	1711	3759	194.683
MGG_10685T0	2688	2689	2329	76.7509
MGG_10916T0	2332	2333	7	0.265881
MGG_08367T0	3203	3204	2923	80.8427
MGG_00867T0	1052	1053	1038	87.3521
MGG_08663T0	2989	2990	2252.78	66.7656
MGG_01292T0	2284	2285	1063	41.2241
MGG_07912T0	1997	1998	1668.79	74.0135
MGG_07398T0	417	418	0	0
MGG_15367T0	384	385	1	0.230167
MGG_00296T0	2665	2666	389.502	12.9466
MGG_10371T0	843	844	450	47.247
MGG_05940T0	1429	1430	3698	229.158
MGG_10806T0	3129	3130	147	4.16177
MGG_02719T0	2713	2714	2103	68.6648
MGG_03389T0	1897	1898	2019	94.2637
MGG_08346T0	1071	1072	16	1.3226
MGG_17639T0	585	586	0	0
MGG_01997T0	1301	1302	61	4.15168
MGG_16425T0	1994	1995	258	11.4599
MGG_13884T0	597	598	2	0.296369
MGG_04070T0	2408	2409	187	6.87875
MGG_02095T0	996	997	1356	120.523
MGG_13308T0	2100	2101	148.294	6.25462
MGG_00215T0	927	928	22	2.10077
MGG_01114T0	1410	1411	93	5.84064
MGG_06198T0	3375	3376	1418	37.2202
MGG_16267T0	502	503	25	4.4043
MGG_15935T0	225	226	0	0
MGG_14595T0	969	970	190	17.3575
MGG_08318T0	1474	1475	162	9.73257
MGG_01667T0	642	643	3495	481.66
MGG_02521T0	1806	1807	670	32.8565
MGG_16537T0	348	349	0	0
MGG_17284T0	1068	1069	0	0
MGG_13782T0	1305	1306	13998	949.79
MGG_07373T0	666	667	0	0
MGG_07965T0	1216	1217	35	2.54848
MGG_03597T0	2951	2952	903	27.1067
MGG_06676T0	783	784	284.736	32.1834
MGG_10429T0	1893	1894	932	43.6054
MGG_12335T0	2622	2623	2184	73.7834
MGG_17288T0	817	818	158.73	17.1953
MGG_11317T0	3122	3123	2532	71.845
MGG_14173T0	6297	6298	1674	23.5536
MGG_04608T0	3967	3968	1147	25.6151
MGG_06782T0	2283	2284	281	10.9022
MGG_16630T0	1434	1435	2165	133.694
MGG_15700T0	2138	2139	52943	2193.32
MGG_11999T0	1549	1550	64	3.65892
MGG_06735T0	2853	2854	988	30.6766
MGG_13591T0	6960	6961	13	0.165492
MGG_04879T0	1442	1443	397	24.3797
MGG_07646T0	2592	2593	0	0
MGG_13783T0	3948	3949	685	15.3712
MGG_00156T0	966	967	413	37.8467
MGG_10335T0	345	346	0	0
MGG_10569T0	2042	2043	2323	100.759
MGG_01906T0	1340	1341	270	17.8418
MGG_17169T0	1848	1849	597	28.6116
MGG_17814T0	735	736	117	14.0868
MGG_15461T0	528	529	0	0
MGG_03432T0	2136	2137	0	0
MGG_03376T0	3539	3540	2712	67.8877
MGG_13798T0	1092	1093	14	1.13504
MGG_12142T0	195	196	1	0.452115
MGG_11774T0	2541	2542	3899	135.92
MGG_08542T0	3716	3717	81	1.93107
MGG_10276T0	597	598	0	0
MGG_05203T0	1488	1489	6203	369.157
MGG_05446T0	1667	1668	873.948	46.4295
MGG_04933T0	2979	2980	1118	33.2453
MGG_16924T0	1441	1442	122	7.4972
MGG_07603T0	969	970	203	18.5451
MGG_08146T0	2422	2423	3435	125.626
MGG_06129T0	1222	1223	484	35.069
MGG_02536T0	2986	2987	2128	63.1308
MGG_04451T0	435	436	35	7.11355
MGG_11063T0	2058	2059	1151	49.5363
MGG_05283T0	1791	1792	1920.16	94.9517
MGG_03330T0	1708	1709	793	41.1184
MGG_05827T0	1329	1330	4	0.26651
MGG_16941T0	378	379	0	0
MGG_00579T0	1122	1123	4	0.315635
MGG_09850T0	5182	5183	2840	48.5559
MGG_13787T0	162	163	868	471.886
MGG_03491T0	2010	2011	67.939	2.99372
MGG_07011T0	2254	2255	237	9.31336
MGG_08670T0	1539	1540	646	37.172
MGG_18033T0	162	163	0	0
MGG_00190T0	1455	1456	395	24.0403
MGG_15303T0	366	367	2	0.482913
MGG_15145T0	1114	1115	77.3489	6.14729
MGG_05405T0	1413	1414	0	0
MGG_06392T0	1943	1944	7362	335.586
MGG_05170T0	1353	1354	1129.19	73.9012
MGG_16990T0	1682	1683	9	0.473874
MGG_09743T0	1051	1052	2468	207.89
MGG_12354T0	912	913	101.909	9.8911
MGG_06544T0	2200	2201	1823.59	73.4194
MGG_09648T0	570	571	43	6.67324
MGG_17894T0	471	472	93	17.4601
MGG_11746T0	679	680	14	1.82442
MGG_13262T0	2649	2650	133.526	4.46502
MGG_11351T0	3611	3612	781	19.1605
MGG_17380T0	243	244	8	2.90539
MGG_16728T0	1526	1527	1025.78	59.5277
MGG_09486T0	920	921	102	9.81398
MGG_17800T0	291	292	0	0
MGG_16586T0	303	304	0	0
MGG_01674T0	5524	5525	5407	86.7219
MGG_06360T0	5446	5447	1134	18.4485
MGG_13031T0	2451	2452	405	14.6366
MGG_05530T0	1197	1198	422	31.2148
MGG_08446T0	2016	2017	15	0.659007
MGG_14513T0	1881	1882	869.178	40.9255
MGG_00966T0	1932	1933	2328	106.722
MGG_03677T0	1700	1701	555	28.913
MGG_09380T0	1032	1033	0	0
MGG_15036T0	654	655	268	36.2575
MGG_04013T0	763	764	898	104.157
MGG_04564T0	3344	3345	8870	234.981
MGG_08372T0	321	322	0	0
MGG_02339T0	465	466	2200	418.352
MGG_09146T0	1484	1485	21	1.25313
MGG_10412T0	3126	3127	699	19.8086
MGG_03044T0	1622	1623	338	18.4545
MGG_03584T0	1764	1765	44	2.20909
MGG_09459T0	1263	1264	412	28.8838
MGG_14069T0	3003	3004	20	0.589976
MGG_15121T0	513	514	11	1.89642
MGG_00432T0	999	1000	29745	2635.84
MGG_07737T0	8347	8348	808	8.57696
MGG_07061T0	2505	2506	224	7.92085
MGG_07744T0	2045	2046	366	15.8519
MGG_01801T0	2417	2418	365	13.3765
MGG_17797T0	657	658	9	1.21205
MGG_08747T0	672	673	0	0
MGG_05657T0	890	891	2914	289.812
MGG_15418T0	945	946	16	1.49876
MGG_08546T0	507	508	27	4.70982
MGG_00906T0	1483	1484	319.474	19.0768
MGG_04038T0	2198	2199	1292.56	52.0869
MGG_04074T0	1740	1741	225	11.4522
MGG_09124T0	6221	6222	2141	30.4924
MGG_05643T0	6387	6388	1239	17.1874
MGG_07598T0	1581	1582	0	0
MGG_16209T0	396	397	0	0
MGG_01369T0	2046	2047	328	14.1991
MGG_06650T0	1867	1868	7270	344.875
MGG_02120T0	1803	1804	6	0.294727
MGG_02112T0	1346	1347	104	6.8418
MGG_03457T0	843	844	16	1.67989
MGG_11732T0	1886	1887	338	15.8726
MGG_02665T0	6411	6412	539	7.44903
MGG_17577T0	381	382	12	2.7837
MGG_08429T0	2182	2183	718	29.1458
MGG_09392T0	3407	3408	1935	50.3137
MGG_15094T0	1506	1507	12	0.705623
MGG_00849T0	2132	2133	521	21.6447
MGG_17108T0	216	217	5	2.04181
MGG_06953T0	918	919	966	93.1464
MGG_07723T0	1634	1635	127	6.8832
MGG_09220T0	381	382	0	0
MGG_13713T0	849	850	72	7.50617
MGG_07462T0	1929	1930	1744	80.0744
MGG_04468T0	3850	3851	1377	31.6858
MGG_14377T0	304	305	0	0
MGG_04660T0	2087	2088	1989	84.4129
MGG_04170T0	2187	2188	185	7.49254
MGG_02595T0	3243	3244	12087	330.174
MGG_15807T0	1568	1569	0	0
MGG_01502T0	2902	2903	1114.37	34.0162
MGG_10494T0	2495	2496	2124.45	75.4236
MGG_03202T0	1059	1060	449	37.5357
MGG_02764T0	1995	1996	84	3.72927
MGG_05466T0	3079	3080	875	25.1746
MGG_00390T0	780	781	17	1.92887
MGG_03956T0	1019	1020	486	42.2222
MGG_10071T0	1599	1600	6	0.332304
MGG_00373T0	4354	4355	3846	78.2575
MGG_09480T0	1395	1396	1224.78	77.746
MGG_17920T0	273	274	144	46.5711
MGG_02843T0	2315	2316	823.377	31.5039
MGG_01887T0	3580	3581	214	5.29559
MGG_00260T0	858	859	8	0.82528
MGG_00949T0	2027	2028	1426	62.3098
MGG_13449T0	2114	2115	0	0
MGG_12745T0	2247	2248	505	19.9067
MGG_07150T0	3926	3927	1197	27.0108
MGG_13894T0	1833	1834	66	3.18896
MGG_10744T0	2107	2108	1965	82.6031
MGG_09384T0	1850	1851	1249	59.7944
MGG_10530T0	1596	1597	422	23.416
MGG_12869T0	3383	3384	1564	40.9554
MGG_04674T0	3459	3460	3108	79.5993
MGG_00746T0	4908	4909	725	13.0873
MGG_01654T0	2769	2770	1903	60.8785
MGG_08595T0	1384	1385	1609.04	102.949
MGG_12739T0	1575	1576	1595	89.6828
MGG_16746T0	408	409	1	0.216661
MGG_01670T0	2263	2264	1087	42.5459
MGG_04319T0	1320	1321	217.952	14.6205
MGG_00123T0	4347	4348	897.031	18.2819
MGG_04946T0	1372	1373	1165	75.19
MGG_11026T0	2750	2751	1029	33.1459
MGG_09627T0	474	475	0	0
MGG_01219T0	1164	1165	517	39.325
MGG_03141T0	2335	2336	1523.69	57.8
MGG_01392T0	546	547	6	0.972005
MGG_13775T0	572	573	1262	195.168
MGG_17655T0	890	891	12.7749	1.27053
MGG_03027T0	2411	2412	460	16.8999
MGG_05143T0	1233	1234	234	16.8037
MGG_10070T0	1542	1543	0	0
MGG_03414T0	1285	1286	1182	81.4481
MGG_00802T0	1479	1480	738.608	44.2239
MGG_17051T0	153	154	31	17.838
MGG_15125T0	474	475	13	2.42524
MGG_06127T0	1228	1229	8639.19	622.911
MGG_10926T0	1082	1083	678	55.4761
MGG_17110T0	343	344	76	19.5776
MGG_06523T0	1971	1972	85.5012	3.84211
MGG_07027T0	7155	7156	3953	48.9509
MGG_15642T0	159	160	0	0
MGG_06461T0	1668	1669	730.595	38.7904
MGG_09514T0	1867	1868	400	18.9753
MGG_03964T0	2414	2415	1749	64.1767
MGG_06964T0	1700	1701	2171	113.099
MGG_17537T0	905	906	23.7472	2.32268
MGG_16759T0	330	331	0	0
MGG_04556T0	1577	1578	10957	615.303
MGG_15185T0	1197	1198	1058	78.2588
MGG_15392T0	1170	1171	0	0
MGG_02045T0	3752	3753	1005	23.7297
MGG_18115T0	471	472	46.7873	8.78397
MGG_17871T0	960	961	34	3.13516
MGG_09199T0	2144	2145	318	13.1372
MGG_02593T0	1065	1066	113	9.39347
MGG_00810T0	2057	2058	1097.69	47.2651
MGG_00937T0	5954	5955	1489	22.1573
MGG_01100T0	1955	1956	530	24.0111
MGG_06861T0	492	493	23	4.13414
MGG_05176T0	2798	2799	3221	101.975
MGG_17709T0	249	250	0	0
MGG_03465T0	2301	2302	20689	796.414
MGG_14400T0	3891	3892	1	0.0227684
MGG_17745T0	216	217	1	0.408362
MGG_00181T0	1503	1504	437	25.7477
MGG_03413T0	2433	2434	752	27.378
MGG_15089T0	757	758	282.4	33.0141
MGG_03080T0	3331	3332	2158	57.392
MGG_17900T0	3561	3562	2999	74.6083
MGG_15193T0	828	829	0	0
MGG_16562T0	564	565	0	0
MGG_10265T0	1711	1712	1845	95.4986
MGG_14902T0	1978	1979	2471	110.645
MGG_13172T0	2622	2623	484	16.3513
MGG_12095T0	1451	1452	3623.54	221.142
MGG_03983T0	1810	1811	729.847	35.7123
MGG_04926T0	2112	2113	4657	195.304
MGG_04087T0	2097	2098	2829	119.49
MGG_13790T0	6147	6148	1580	22.7734
MGG_15225T0	444	445	35	6.96968
MGG_11597T0	2808	2809	7583	239.218
MGG_06635T0	1764	1765	36	1.80743
MGG_11878T0	2367	2368	1169	43.7459
MGG_15874T0	528	529	1067	178.737
MGG_05944T0	2263	2264	2301.47	90.0812
MGG_07468T0	4904	4905	3714	67.0977
MGG_16219T0	2535	2536	2944	102.871
MGG_04066T0	4758	4759	1913	35.6208
MGG_13805T0	1200	1201	647	47.7382
MGG_03700T0	5906	5907	1226	18.392
MGG_10247T0	1509	1510	11	0.645536
MGG_16964T0	669	670	226	29.8908
MGG_08988T0	2422	2423	1	0.0365722
MGG_07327T0	3895	3896	3338.01	75.9231
MGG_10042T0	594	595	10	1.48932
MGG_09942T0	2185	2186	947	38.3888
MGG_05220T0	5108	5109	2867	49.7275
MGG_07135T0	873	874	834	84.5589
MGG_06008T0	768	769	135	15.5565
MGG_09109T0	1174	1175	6.0301	0.454769
MGG_16072T0	225	226	0	0
MGG_09364T0	789	790	139	15.5917
MGG_00896T0	3265	3266	754	20.4578
MGG_08118T0	2567	2568	5892	203.316
MGG_00594T0	6781	6782	1850	24.1723
MGG_03549T0	2805	2806	506	15.9797
MGG_09923T0	2389	2390	1278	47.3846
MGG_05955T0	2949	2950	300	9.01164
MGG_17363T0	228	229	108	41.792
MGG_05464T0	3092	3093	169	4.84185
MGG_06674T0	3310	3311	452.936	12.1222
MGG_05038T0	2300	2301	132	5.08349
MGG_14291T0	1803	1804	264	12.968
MGG_07271T0	1535	1536	917	52.9033
MGG_06583T0	1841	1842	561	26.9884
MGG_01521T0	1314	1315	4391	295.898
MGG_04583T0	1152	1153	34	2.61309
MGG_09554T0	1491	1492	236	14.0168
MGG_15255T0	743	744	6	0.714633
MGG_16656T0	270	271	0	0
MGG_02466T0	1095	1096	9117	737.133
MGG_04240T0	1356	1357	168	10.9707
MGG_18107T0	756	757	0	0
MGG_16022T0	299	300	0	0
MGG_06457T0	4142	4143	3512	75.118
MGG_02240T0	4064	4065	1685.53	36.7435
MGG_03185T0	2489	2490	21818	776.462
MGG_06992T0	2924	2925	1028.48	31.1582
MGG_00678T0	1070	1071	148	12.2455
MGG_00788T0	1238	1239	1560	111.573
MGG_03466T0	618	619	17	2.43368
MGG_07142T0	1453	1454	312	19.0149
MGG_17299T0	468	469	0	0
MGG_03870T0	3006	3007	98	2.888
MGG_16154T0	2367	2368	309.064	11.5657
MGG_03121T0	3824	3825	1730	40.0792
MGG_17202T0	156	157	12	6.77308
MGG_05893T0	787	788	7	0.787184
MGG_17290T0	207	208	0	0
MGG_16042T0	867	868	76	7.75887
MGG_06401T0	2854	2855	957.901	29.7316
MGG_09414T0	1053	1054	6266	526.81
MGG_15514T0	481	482	0	0
MGG_04561T0	1069	1070	70	5.79721
MGG_10098T0	1593	1594	0	0
MGG_09677T0	1801	1802	56	2.75383
MGG_13428T0	1817	1818	99	4.82554
MGG_13963T0	1955	1956	120	5.43647
MGG_05413T0	2251	2252	60	2.36095
MGG_06240T0	2260	2261	118	4.62473
MGG_03648T0	1800	1801	54.0825	2.66102
MGG_17660T0	420	421	0	0
MGG_04549T0	4933	4934	1543	27.7122
MGG_05197T0	2697	2698	2065	67.8239
MGG_05961T0	2047	2048	902	39.0284
MGG_17192T0	258	259	5	1.7107
MGG_06356T0	1903	1904	1271	59.1539
MGG_08453T0	1901	1902	0	0
MGG_07235T0	1122	1123	8830	696.764
MGG_05890T0	4271	4272	2116	43.8924
MGG_17563T0	513	514	0	0
MGG_00061T0	828	829	51	5.45155
MGG_12944T0	3243	3244	2333	63.7292
MGG_03624T0	706	707	59	7.39498
MGG_08596T0	1954	1955	693	31.4117
MGG_02342T0	2559	2560	195	6.74993
MGG_11634T0	3420	3421	5381	139.385
MGG_03343T0	2929	2930	772	23.3482
MGG_03711T0	2074	2075	430	18.3635
MGG_09018T0	1799	1800	381.728	18.7925
MGG_00073T0	2720	2721	1046	34.0649
MGG_12086T0	1140	1141	45.8112	3.55788
MGG_16263T0	335	336	9	2.3736
MGG_07348T0	489	490	6	1.08508
MGG_05641T0	1608	1609	7	0.38552
MGG_08982T0	1002	1003	70	6.18446
MGG_10679T0	816	817	535.2	58.0495
MGG_08143T0	2288	2289	916	35.4613
MGG_10318T0	534	535	0	0
MGG_05272T0	3393	3394	1237	32.297
MGG_16278T0	738	739	30	3.59734
MGG_13481T0	2919	2920	865	26.2505
MGG_03381T0	613	614	14	2.02053
MGG_04197T0	2158	2159	9244	379.413
MGG_08989T0	1184	1185	990	74.0323
MGG_18005T0	276	277	6	1.91945
MGG_00010T0	1668	1669	0	0
MGG_09667T0	1180	1181	93	6.97811
MGG_13375T0	1866	1867	398	18.8905
MGG_02490T0	1277	1278	2729.3	189.245
MGG_02817T0	2202	2203	1359	54.665
MGG_02088T0	6450	6451	3228.53	44.3489
MGG_17310T0	573	574	8	1.23504
MGG_15577T0	1554	1555	2220	126.511
MGG_05924T0	1749	1750	1193	60.4097
MGG_14557T0	294	295	18	5.40698
MGG_08685T0	567	568	167	26.0539
MGG_16690T0	636	637	38	5.28626
MGG_16526T0	806	807	30	3.29422
MGG_03527T0	2879	2880	1229.96	37.8445
MGG_06646T0	2132	2133	6352	263.891
MGG_10297T0	2051	2052	17	0.734135
MGG_04071T0	159	160	20	11.0768
MGG_05265T0	4020	4021	1421	31.3159
MGG_08053T0	1755	1756	954	48.1425
MGG_02268T0	1938	1939	506	23.1248
MGG_09484T0	3822	3823	1650	38.2458
MGG_08765T0	4285	4286	6215	128.497
MGG_11236T0	2834	2835	2485.91	77.7029
MGG_00137T0	4057	4058	1031.9	22.5335
MGG_08692T0	2256	2257	3623.78	142.277
MGG_17320T0	156	157	0	0
MGG_10259T0	681	682	0	0
MGG_03000T0	3634	3635	1617	39.4194
MGG_09130T0	1530	1531	0	0
MGG_00148T0	1076	1077	22.0325	1.81281
MGG_17420T0	820	821	46	4.965
MGG_16233T0	1032	1033	30	2.57351
MGG_15621T0	615	616	211.513	30.4272
MGG_15601T0	4951	4952	23229	415.676
MGG_02723T0	1559	1560	221	12.5537
MGG_17082T0	442	443	0	0
MGG_09840T0	1362	1363	889	57.7977
MGG_02791T0	387	388	0	0
MGG_06585T0	1427	1428	4010	248.84
MGG_06293T0	786	787	15596.1	1756.09
MGG_09965T0	3201	3202	1961	54.2701
MGG_03201T0	3063	3064	3082	89.135
MGG_12307T0	1260	1261	946.66	66.5248
MGG_03532T0	3767	3768	972.019	22.8596
MGG_07458T0	3314	3315	1092	29.1906
MGG_15525T0	1707	1708	38	1.97152
MGG_16788T0	243	244	0	0
MGG_01077T0	2129	2130	1330	55.332
MGG_01444T0	1886	1887	6019	282.655
MGG_04684T0	2214	2215	311	12.442
MGG_05260T0	5721	5722	1251	19.3738
MGG_03396T0	2986	2987	305	9.04835
MGG_07293T0	2307	2308	832	31.9442
MGG_08154T0	675	676	427	55.9739
MGG_15652T0	482	483	10	1.83467
MGG_04343T0	1561	1562	269.271	15.2761
MGG_17338T0	564	565	0	0
MGG_09241T0	1211	1212	34	2.48588
MGG_02502T0	1851	1852	251	12.0098
MGG_07068T0	1427	1428	1429.35	88.6985
MGG_02953T0	1124	1125	8991	708.207
MGG_09439T0	750	751	16	1.88792
MGG_00770T0	2081	2082	563.671	23.9911
MGG_12272T0	889	890	415.543	41.3743
MGG_15808T0	1040	1041	189	16.0885
MGG_00062T0	2916	2917	2850	86.5791
MGG_01310T0	1775	1776	670.369	33.4484
MGG_04539T0	306	307	417	120.366
MGG_06689T0	2218	2219	4208	168.044
MGG_04489T0	1337	1338	16219	1074.17
MGG_15681T0	966	967	0	0
MGG_04687T0	1629	1630	4394	238.878
MGG_02432T0	3667	3668	4170	100.742
MGG_08851T0	1344	1345	1107	72.934
MGG_03653T0	1088	1089	13416	1091.69
MGG_16419T0	2917	2918	890	27.0277
MGG_03213T0	2245	2246	184	7.2596
MGG_14604T0	387	388	33	7.5368
MGG_17514T0	2359	2360	1037	38.9378
MGG_08554T0	2287	2288	222	8.59808
MGG_01086T0	1507	1508	1039.41	61.0786
MGG_00547T0	1041	1042	752	63.9521
MGG_04846T0	617	618	0	0
MGG_07155T0	4740	4741	953	17.8126
MGG_07180T0	1250	1251	209	14.8045
MGG_00457T0	1676	1677	226	11.9421
MGG_06088T0	1218	1219	387	28.1327
MGG_15778T0	207	208	5	2.13016
MGG_00512T0	363	364	12	2.92136
MGG_01922T0	1387	1388	3396	216.812
MGG_15271T0	466	467	13	2.46678
MGG_15857T0	237	238	0	0
MGG_02318T0	744	745	1	0.118946
MGG_03038T0	2611	2612	236	8.00651
MGG_10408T0	1503	1504	7	0.412434
MGG_04112T0	1888	1889	1571	73.6968
MGG_17092T0	264	265	30	10.0318
MGG_07294T0	1617	1618	118	6.46261
MGG_07043T0	1513	1514	1155	67.6022
MGG_08173T0	2799	2800	2241	70.9232
MGG_07595T0	1810	1811	3	0.146794
MGG_01033T0	1878	1879	311.607	14.6955
MGG_08619T0	1077	1078	303	24.9074
MGG_09572T0	795	796	359.079	39.9744
MGG_17254T0	219	220	8	3.22234
MGG_07844T0	1524	1525	8	0.464863
MGG_15987T0	1362	1363	0	0
MGG_14697T0	366	367	0	0
MGG_12664T0	1075	1076	116	9.55323
MGG_05320T0	3020	3021	2638	77.38
MGG_15535T0	4148	4149	190	4.05803
MGG_00130T0	1973	1974	444	19.9315
MGG_12203T0	1553	1554	205	11.6898
MGG_15093T0	1818	1819	47	2.28965
MGG_04907T0	1215	1216	66	4.80967
MGG_05750T0	1460	1461	247	14.9814
MGG_16480T0	669	670	0	0
MGG_14714T0	2257	2258	796	31.2388
MGG_03609T0	570	571	1530	237.443
MGG_09288T0	177	178	45	22.4025
MGG_08374T0	1583	1584	236	13.2027
MGG_10497T0	1094	1095	558	45.157
MGG_04195T0	2879	2880	1247.77	38.3926
MGG_06304T0	1583	1584	431.579	24.144
MGG_16899T0	345	346	0	0
MGG_04404T0	1774	1775	3	0.149771
MGG_15241T0	1528	1529	1487	86.1803
MGG_14179T0	672	673	380	50.0349
MGG_07675T0	1164	1165	192	14.6043
MGG_10147T0	2672	2673	417.869	13.853
MGG_11178T0	7302	7303	2532	30.7232
MGG_06275T0	2358	2359	256	9.61649
MGG_15232T0	324	325	10	2.7266
MGG_05213T0	2789	2790	477	15.1502
MGG_17651T0	378	379	0	0
MGG_02142T0	4086	4087	2197	47.6354
MGG_04241T0	2045	2046	2225.85	96.4041
MGG_16589T0	252	253	0	0
MGG_15000T0	5603	5604	594.244	9.39662
MGG_02662T0	1210	1211	94	6.87841
MGG_01367T0	672	673	1959	257.943
MGG_09753T0	813	814	108	11.7572
MGG_17978T0	1292	1293	609	41.7372
MGG_05046T0	3776	3777	80	1.87693
MGG_05945T0	1362	1363	76	4.94109
MGG_03134T0	3245	3246	2957	80.7249
MGG_08254T0	864	865	8	0.819556
MGG_17694T0	1404	1405	1689	106.527
MGG_07181T0	959	960	934	86.2145
MGG_10721T0	1047	1048	85	7.18724
MGG_08289T0	1878	1879	40	1.88642
MGG_06993T0	1315	1316	1274	85.7863
MGG_03754T0	2455	2456	322	11.618
MGG_01924T0	2008	2009	26	1.14683
MGG_03542T0	4401	4402	3209	64.5988
MGG_04463T0	2384	2385	846.055	31.4351
MGG_10452T0	1114	1115	3	0.238425
MGG_15401T0	318	319	0	0
MGG_03383T0	1776	1777	491	24.4849
MGG_08932T0	4545	4546	586	11.4228
MGG_14967T0	17850	17851	2192.1	10.8819
MGG_17201T0	309	310	0	0
MGG_00622T0	2666	2667	2029	67.4161
MGG_01830T0	996	997	42	3.73301
MGG_18135T0	1482	1483	968	57.8414
MGG_17220T0	2190	2191	273.344	11.0553
MGG_13036T0	999	1000	0	0
MGG_08601T0	3101	3102	2416	69.0176
MGG_07316T0	4074	4075	2885.95	62.7576
MGG_04741T0	1060	1061	1177.98	98.3843
MGG_07326T0	1616	1617	394.987	21.646
MGG_14287T0	357	358	0	0
MGG_08892T0	1518	1519	189	11.0258
MGG_11726T0	3060	3061	897	25.9677
MGG_08194T0	387	388	29	6.62325
MGG_05700T0	5795	5796	411	6.28374
MGG_07619T0	1212	1213	1651	120.612
MGG_07245T0	231	232	262	100.073
MGG_16356T0	315	316	0	0
MGG_09094T0	684	685	5	0.646821
MGG_17533T0	825	826	926	99.3426
MGG_03834T0	1593	1594	1	0.0555925
MGG_02609T0	615	616	93	13.3785
MGG_08070T0	877	878	249.559	25.1874
MGG_00024T0	1626	1627	0	0
MGG_00999T0	857	858	892.71	92.1994
MGG_15272T0	8736	8737	42	0.425982
MGG_07292T0	1133	1134	1310	102.368
MGG_05149T0	1753	1754	150	7.5782
MGG_06572T0	4153	4154	2530	53.9708
MGG_15842T0	369	370	5	1.19749
MGG_18044T0	150	151	104	61.0325
MGG_07568T0	1722	1723	126	6.48022
MGG_04475T0	3121	3122	16	0.454142
MGG_03043T0	1101	1102	9	0.723712
MGG_11797T0	165	166	7	3.73675
MGG_17257T0	231	232	5	1.90979
MGG_00243T0	1989	1990	6.26029	0.27877
MGG_09918T0	1954	1955	394	17.8589
MGG_10246T0	1589	1590	0	0
MGG_00599T0	1571	1572	496.086	27.9646
MGG_17961T0	1758	1759	3799	191.385
MGG_12752T0	1765	1766	1824	91.5248
MGG_11115T0	846	847	132	13.81
MGG_09496T0	345	346	0	0
MGG_02128T0	1695	1696	331	17.2944
MGG_05760T0	618	619	376	53.8272
MGG_11006T0	1092	1093	20	1.62149
MGG_02404T0	1288	1289	89	6.11845
MGG_03641T0	1853	1854	127982	6117.07
MGG_06582T0	1822	1823	1257	61.1017
MGG_11205T0	13727	13728	3730.73	24.0819
MGG_04333T0	1179	1180	331	24.8571
MGG_08022T0	3369	3370	1126.85	29.6306
MGG_16035T0	994	995	60	5.34359
MGG_15115T0	569	570	0	0
MGG_08341T0	1824	1825	372	18.0628
MGG_14572T0	819	820	14	1.51293
MGG_02253T0	2972	2973	58033.9	1729.78
MGG_03444T0	1236	1237	167	11.9633
MGG_11165T0	3693	3694	2664.94	63.9285
MGG_14569T0	1509	1510	0	0
MGG_06548T0	2554	2555	1156	40.0933
MGG_13610T0	2456	2457	1487	53.6303
MGG_08533T0	3540	3541	292	7.30738
MGG_17336T0	612	613	65	9.39631
MGG_17977T0	1907	1908	303	14.0724
MGG_02548T0	1713	1714	0	0
MGG_05054T0	1138	1139	5691	442.761
MGG_06624T0	1953	1954	47	2.13146
MGG_14571T0	1867	1868	59	2.79885
MGG_14307T0	2365	2366	2872.09	107.569
MGG_07728T0	3424	3425	814	21.0605
MGG_00497T0	3838	3839	1103	25.4602
MGG_06979T0	3010	3011	2217	65.2468
MGG_05063T0	1848	1849	2606.89	124.937
MGG_06717T0	972	973	349	31.7846
MGG_04603T0	3012	3013	3638	106.996
MGG_11952T0	360	361	3	0.736408
MGG_03422T0	1701	1702	0	0
MGG_06516T0	2735	2736	2643	85.6023
MGG_12887T0	618	619	289	41.3725
MGG_08584T0	2714	2715	1543	50.3617
MGG_12410T0	1356	1357	3182.94	207.852
MGG_09838T0	3696	3697	1014.89	24.3262
MGG_04623T0	2836	2837	703	21.9584
MGG_06313T0	3106	3107	2729	77.8336
MGG_08494T0	1772	1773	84	4.19832
MGG_06273T0	1510	1511	3149	184.677
MGG_07784T0	1343	1344	943.003	62.1753
MGG_14781T0	738	739	186.825	22.4024
MGG_00072T0	1800	1801	122	6.00276
MGG_01183T0	2503	2504	1097	38.8219
MGG_01758T0	1161	1162	376	28.6739
MGG_08039T0	1824	1825	15	0.728338
MGG_13221T0	315	316	1966	551.317
MGG_01179T0	1457	1458	689	41.8761
MGG_06482T0	2245	2246	2269.46	89.5399
MGG_06482T1	2262	2263	4409.54	172.669
MGG_13230T0	1537	1538	1389	80.0296
MGG_12817T0	2113	2114	1628	68.2424
MGG_07496T0	1356	1357	950	62.0367
MGG_15961T0	792	793	27	3.01714
MGG_09401T0	1821	1822	214	10.4081
MGG_04228T0	1009	1010	1229.63	107.885
MGG_08045T0	2523	2524	1164	40.8666
MGG_04793T0	2498	2499	6121	217.05
MGG_15671T0	2204	2205	3721	149.539
MGG_09893T0	895	896	171	16.9119
MGG_00739T0	4561	4562	1270	24.6691
MGG_00307T0	1037	1038	1436.56	122.64
MGG_15805T0	309	310	0	0
MGG_06630T0	1396	1397	44	2.79101
MGG_09701T0	4600	4601	1800	34.6677
MGG_01472T0	2030	2031	2939	128.231
MGG_12779T0	3034	3035	278	8.11691
MGG_04444T0	1293	1294	9177	628.45
MGG_08414T0	378	379	0	0
MGG_17165T0	222	223	21	8.34486
MGG_16441T0	3955	3956	3531	79.0945
MGG_09025T0	3142	3143	836	23.5704
MGG_17140T0	171	172	0	0
MGG_03825T0	1617	1618	0	0
MGG_04036T0	900	901	72	7.08129
MGG_06227T0	748	749	3	0.354931
MGG_08638T0	3609	3610	1156	28.3763
MGG_16742T0	566	567	2	0.312573
MGG_03941T0	1104	1105	114	9.14213
MGG_06118T0	3029	3030	1562	45.6818
MGG_00059T0	1659	1660	92	4.91116
MGG_09481T0	2528	2529	4291	150.354
MGG_10796T0	468	469	471	88.9923
MGG_11794T0	2092	2093	3946	167.068
MGG_07481T0	3548	3549	1292	32.2598
MGG_05507T0	2123	2124	20	0.834411
MGG_16881T0	243	244	7	2.54222
MGG_01413T0	345	346	20	5.12222
MGG_08618T0	4045	4046	978	21.4199
MGG_00777T0	798	799	5106	566.29
MGG_05912T0	1741	1742	329	16.736
MGG_10930T0	1061	1062	1644	137.177
MGG_04600T0	3778	3779	463.88	10.8776
MGG_04465T0	1038	1039	415	35.3946
MGG_05307T0	1975	1976	15754	706.494
MGG_05432T0	738	739	0	0
MGG_12288T0	3837	3838	511	11.7983
MGG_00792T0	2356	2357	14363	539.996
MGG_02124T0	4456	4457	3326	66.1278
MGG_07653T0	1564	1565	1	0.0566227
MGG_07869T0	390	391	3	0.679906
MGG_17648T0	1137	1138	0	0
MGG_17361T0	339	340	0	0
MGG_17932T0	3847	3848	7049.76	162.347
MGG_03683T1	1853	1854	1750.26	83.6558
MGG_03683T0	1881	1882	377.745	17.7862
MGG_05006T0	1486	1487	96	5.72091
MGG_00744T0	4110	4111	1419	30.5872
MGG_13292T0	2362	2363	94	3.52508
MGG_09265T0	2218	2219	750	29.9508
MGG_16937T0	366	367	0	0
MGG_10972T0	930	931	48	4.56874
MGG_10650T0	291	292	79	23.9745
MGG_09377T0	588	589	225	33.851
MGG_17991T0	150	151	45	26.4083
MGG_09922T0	2526	2527	5433	190.519
MGG_00370T0	1664	1665	571.382	30.41
MGG_02513T0	1111	1112	293.249	23.3688
MGG_15532T0	3039	3040	1467	42.7623
MGG_15360T0	560	561	0	0
MGG_14724T0	1431	1432	0	0
MGG_02726T0	2127	2128	234.279	9.75587
MGG_00342T0	1161	1162	489	37.2913
MGG_06056T0	1457	1458	445.448	27.0735
MGG_07707T0	3483	3484	339.872	8.64453
MGG_05724T0	2750	2751	395	12.7236
MGG_00960T0	5580	5581	2784	44.204
MGG_05032T0	3908	3909	351	7.95694
MGG_17701T0	1360	1361	214	13.9335
MGG_06836T0	2051	2052	589	25.4356
MGG_05632T0	992	993	1579	140.909
MGG_09194T0	1276	1277	10998	763.181
MGG_05165T0	2076	2077	293	12.5007
MGG_03012T0	2780	2781	7068	225.216
MGG_01359T0	2480	2481	1709.74	61.067
MGG_06437T0	2523	2524	1768	62.0723
MGG_15711T0	767	768	7	0.807684
MGG_01388T0	1246	1247	110	7.81683
MGG_04586T0	1015	1016	1399.96	122.103
MGG_04850T0	2285	2286	1800	69.7752
MGG_06089T0	1346	1347	640	42.1034
MGG_06670T0	1443	1444	696	42.7117
MGG_07050T0	294	295	2	0.600776
MGG_03028T0	1552	1553	665	37.945
MGG_17032T0	387	388	0	0
MGG_12403T0	5222	5223	2313.29	39.2477
MGG_06044T0	808	809	14569	1595.83
MGG_02807T0	558	559	115	18.2302
MGG_17195T0	3906	3907	1127	25.5614
MGG_01951T0	1749	1750	12	0.607642
MGG_05731T0	2237	2238	457	18.0951
MGG_08519T0	1066	1067	2050	170.253
MGG_10733T0	795	796	1	0.111325
MGG_07020T0	2375	2376	83	3.09554
MGG_13328T0	6535	6536	1403	19.0217
MGG_08831T0	1202	1203	5056	372.431
MGG_17188T0	204	205	16	6.91625
MGG_10490T0	1185	1186	2056	153.618
MGG_07611T0	2828	2829	2489	77.9644
MGG_09592T0	804	805	4898	539.172
MGG_15977T0	1422	1423	151.685	9.44589
MGG_06577T0	2805	2806	87	2.74749
MGG_09756T0	1032	1033	162	13.8969
MGG_06571T0	849	850	18533	1932.11
MGG_05617T0	1084	1085	360.672	29.4569
MGG_06547T0	3983	3984	1649	36.678
MGG_09557T0	2253	2254	1768	69.5077
MGG_03250T0	1479	1480	1213.91	72.6822
MGG_08950T0	1395	1396	123	7.80772
MGG_08709T0	2727	2728	82	2.66363
MGG_10548T0	1276	1277	51	3.53903
MGG_14931T0	2822	2823	4337	136.139
MGG_00708T0	1120	1121	533.725	42.1907
MGG_02070T0	3962	3963	409.792	9.16312
MGG_16995T0	255	256	0	0
MGG_04438T0	1364	1365	15045	976.707
MGG_05078T0	4211	4212	700	14.727
MGG_03492T0	2039	2040	2259	98.1275
MGG_07746T0	1095	1096	54.0854	4.37294
MGG_18087T0	435	436	0	0
MGG_15566T0	3119	3120	446	12.6673
MGG_18049T0	417	418	72	15.2637
MGG_13178T0	4504	4505	741.908	14.5935
MGG_17067T0	153	154	15	8.63128
MGG_01096T0	3542	3543	11414	285.477
MGG_10292T0	456	457	1753	339.915
MGG_07575T0	912	913	151	14.6558
MGG_16210T0	153	154	0	0
MGG_15782T0	225	226	0	0
MGG_03136T0	2369	2370	23927	894.632
MGG_04728T0	423	424	112	23.4076
MGG_08920T0	5107	5108	925	16.0471
MGG_08661T0	1735	1736	1832	93.5148
MGG_04852T0	4577	4578	2535	49.069
MGG_15215T0	954	955	14	1.29906
MGG_10814T0	1276	1277	0	0
MGG_04704T0	1295	1296	569	38.9056
MGG_06850T0	3627	3628	1736	42.4021
MGG_07871T0	726	727	11	1.3408
MGG_12405T0	2339	2340	5244	198.587
MGG_06207T0	1521	1522	3	0.174667
MGG_17031T0	150	151	0	0
MGG_03364T0	725	726	68	8.29998
MGG_12068T0	1419	1420	0	0
MGG_00581T0	512	513	0	0
MGG_13765T0	1870	1871	326.424	15.4601
MGG_14743T0	1410	1411	450	28.2612
MGG_11936T0	3182	3183	141	3.92543
MGG_02574T0	3660	3661	513	12.4172
MGG_02254T0	1367	1368	1569.11	101.642
MGG_09722T0	618	619	3	0.429472
MGG_06475T0	3117	3118	1517	43.1136
MGG_07699T0	318	319	0	0
MGG_11547T0	2792	2793	1416	44.9259
MGG_09858T0	840	841	36	3.79325
MGG_00866T0	2379	2380	243	9.04761
MGG_03394T0	1432	1433	285	17.624
MGG_03675T0	1770	1771	1146	57.3417
MGG_17973T0	162	163	37	20.1149
MGG_00918T0	2581	2582	645	22.1365
MGG_02030T0	1767	1768	0	0
MGG_00785T0	1853	1854	12333	589.473
MGG_07074T0	2553	2554	2020	70.0866
MGG_01921T0	1419	1420	695	43.3712
MGG_06546T0	1876	1877	0	0
MGG_03348T0	3073	3074	45	1.29722
MGG_12738T0	4688	4689	4386	82.8883
MGG_11146T0	1251	1252	756	53.5084
MGG_08369T0	2138	2139	1063	44.0379
MGG_08881T1	3005	3006	33.2006	0.978727
MGG_08881T0	2988	2989	64.7994	1.9211
MGG_09764T0	1458	1459	1207	73.3089
MGG_10627T0	2913	2914	236	7.17674
MGG_14797T0	2817	2818	1557.31	48.9709
MGG_02501T0	2961	2962	261	7.80836
MGG_14602T0	1467	1468	1011	61.0281
MGG_03091T0	721	722	7299	895.841
MGG_16973T0	319	320	0	0
MGG_17466T0	261	262	8	2.70579
MGG_05730T0	1749	1750	1675	84.8167
MGG_07725T0	1499	1500	0	0
MGG_08807T0	4159	4160	1268	27.0104
MGG_17899T0	234	235	0	0
MGG_15079T0	3558	3559	1099	27.3637
MGG_00944T0	1842	1843	1012	48.6586
MGG_16668T0	782	783	4694	531.234
MGG_06824T0	712	713	3379	419.955
MGG_02383T0	1210	1211	5	0.365873
MGG_14292T0	2174	2175	1026	41.8016
MGG_02201T0	1290	1291	0	0
MGG_03459T0	5739	5740	3323	51.3007
MGG_15816T0	180	181	66	32.3125
MGG_15561T0	168	169	3	1.57304
MGG_16989T0	489	490	40	7.23383
MGG_15494T0	1426	1427	58.3174	3.62142
MGG_03312T0	826	827	32.9887	3.53479
MGG_03887T0	1796	1797	654	32.2503
MGG_02991T0	1924	1925	129	5.93832
MGG_03235T0	3190	3191	1269.62	35.2576
MGG_18096T0	471	472	0	0
MGG_03183T0	2171	2172	398	16.2378
MGG_04769T0	2075	2076	411.468	17.5636
MGG_01532T0	844	845	176	18.457
MGG_16353T0	225	226	8	3.1368
MGG_02742T0	885	886	2608	260.843
MGG_10995T0	669	670	11.4652	1.51639
MGG_13086T0	1680	1681	0	0
MGG_12637T0	914	915	365	35.3489
MGG_00892T0	435	436	3746	761.353
MGG_11745T0	2168	2169	501	20.4683
MGG_04943T0	2419	2420	4058	148.594
MGG_17971T0	156	157	20	11.2885
MGG_05096T0	1489	1490	1367	81.2993
MGG_05473T0	476	477	0	0
MGG_00492T0	5778	5779	572	8.77098
MGG_07476T0	3946	3947	4269.71	95.8596
MGG_13474T0	952	953	15629	1453.26
MGG_09578T0	366	367	0	0
MGG_06876T0	1282	1283	2528.3	174.625
MGG_14894T0	1092	1093	0	0
MGG_00575T0	2123	2124	121	5.04819
MGG_10821T0	2179	2180	1148	46.6649
MGG_03247T0	1443	1444	2986.79	183.291
MGG_08640T0	1397	1398	779.979	49.4402
MGG_16455T0	2488	2489	1188	42.2957
MGG_02412T0	1273	1274	619.938	43.1205
MGG_16697T0	354	355	0	0
MGG_03122T0	2211	2212	5704	228.507
MGG_01885T0	2572	2573	223	7.68015
MGG_02602T0	1882	1883	3770	177.417
MGG_04659T0	3096	3097	2232	63.8642
MGG_06623T0	2226	2227	162	6.44614
MGG_15366T0	393	394	0	0
MGG_12445T0	456	457	0	0
MGG_16777T0	171	172	0	0
MGG_16097T0	1713	1714	31.6234	1.63494
MGG_08617T0	1883	1884	23.2698	1.0945
MGG_04251T0	2367	2368	1413	52.8768
MGG_15579T0	968	969	50	4.57247
MGG_06919T0	771	772	15780	1811.32
MGG_04528T0	5675	5676	1299	20.2802
MGG_02570T0	1436	1437	696	42.9197
MGG_04715T0	267	268	202	66.7915
MGG_15922T0	366	367	4.03148	0.973426
MGG_06883T0	1843	1844	737.743	35.4526
MGG_07485T0	1993	1994	31	1.37766
MGG_03274T0	2973	2974	288	8.58136
MGG_10440T0	767	768	276	31.8458
MGG_17216T0	540	541	0	0
MGG_06705T0	920	921	1150	110.648
MGG_07543T0	1870	1871	438	20.7446
MGG_15483T0	483	484	0	0
MGG_02220T0	333	334	0	0
MGG_12537T0	1646	1647	582	31.3137
MGG_10830T0	1254	1255	272.358	19.231
MGG_17529T0	285	286	17	5.26729
MGG_16804T0	727	728	49	5.96443
MGG_02091T0	750	751	79	9.32163
MGG_02793T0	2975	2976	117	3.48383
MGG_07393T0	3680	3681	1695	40.8045
MGG_16090T0	429	430	0	0
MGG_00416T0	1479	1480	42	2.51473
MGG_03095T0	2390	2391	184	6.81935
MGG_16650T0	342	343	80	20.6681
MGG_01509T0	366	367	234	56.5008
MGG_00520T0	1008	1009	844.282	74.1483
MGG_13239T0	4493	4494	9762	192.491
MGG_12110T0	1540	1541	1732	99.5978
MGG_04638T0	1466	1467	681.712	41.179
MGG_06743T0	2312	2313	1667.59	63.8878
MGG_14773T0	3304	3305	3983	106.793
MGG_02496T0	1161	1162	1696	129.337
MGG_03805T0	351	352	0	0
MGG_07338T1	4522	4523	1764.62	34.5724
MGG_07338T0	4002	4003	762.376	16.8767
MGG_06877T0	2256	2257	809	31.763
MGG_14913T0	1230	1231	1098	79.0404
MGG_01116T0	1215	1216	800.845	58.3605
MGG_16812T0	2595	2596	9	0.307215
MGG_10424T0	429	430	125	25.76
MGG_09178T0	1572	1573	32	1.80271
MGG_00701T0	1128	1129	13	1.02036
MGG_00168T0	2312	2313	16215	621.221
MGG_07872T0	477	478	127	23.544
MGG_10083T0	1549	1550	8	0.457365
MGG_08352T0	999	1000	12	1.06337
MGG_09642T0	2045	2046	32	1.38595
MGG_02212T0	498	499	0	0
MGG_06662T0	5427	5428	348	5.68125
MGG_17810T0	7805	7806	1711	19.4234
MGG_01101T0	2559	2560	4433	153.448
MGG_01726T0	6571	6572	809	10.9083
MGG_07950T0	699	700	0	0
MGG_08269T0	1852	1853	895.581	42.8286
MGG_02669T0	1007	1008	1455	127.911
MGG_01706T0	620	621	3246	463.192
MGG_03256T0	2504	2505	1212	42.8745
MGG_04263T0	510	511	13	2.25438
MGG_09798T0	2441	2442	2609	94.6745
MGG_08784T0	3213	3214	433.412	11.9498
MGG_15380T0	1284	1285	31	2.13778
MGG_01001T0	2926	2927	305	9.23383
MGG_02822T0	864	865	1197.59	122.686
MGG_05596T0	3047	3048	1861	54.1048
MGG_16456T0	2042	2043	531.396	23.0491
MGG_06278T0	1507	1508	147	8.63815
MGG_02809T0	4761	4762	3436	63.9394
MGG_02876T0	1788	1789	3905	193.426
MGG_08020T0	1335	1336	114	7.56141
MGG_06202T0	3818	3819	839	19.4678
MGG_15318T0	1392	1393	56	3.56239
MGG_05878T0	1857	1858	0	0
MGG_03143T0	2601	2602	221	7.52644
MGG_01443T0	2077	2078	621	26.482
MGG_07771T0	2725	2726	1934.04	62.8701
MGG_01267T0	829	830	1799	192.069
MGG_09719T0	3434	3435	466	12.0216
MGG_17291T0	387	388	0	0
MGG_03792T0	831	832	5	0.532539
MGG_00768T0	2118	2119	298	12.4621
MGG_17085T0	288	289	17	5.21262
MGG_04435T0	2282	2283	1469.78	57.0493
MGG_06787T0	3148	3149	1000	28.1405
MGG_02541T0	2208	2209	2852	114.409
MGG_12839T0	5497	5498	2566	41.3577
MGG_16975T0	402	403	0	0
MGG_16231T0	1774	1775	108	5.39175
MGG_14588T0	1830	1831	0	0
MGG_05642T0	3273	3274	1298	35.1318
MGG_03429T0	969	970	0	0
MGG_17439T0	1098	1099	1280.72	103.267
MGG_13880T0	1197	1198	0	0
MGG_02826T0	1847	1848	130	6.2337
MGG_16871T0	384	385	369	84.9318
MGG_13283T0	867	868	0	0
MGG_01772T0	1040	1041	820.399	69.836
MGG_17972T0	553	554	17	2.71922
MGG_05759T0	1723	1724	186	9.56049
MGG_17364T0	219	220	3	1.20838
MGG_09515T0	2845	2846	1996	62.1484
MGG_07544T0	525	526	0	0
MGG_08775T0	1557	1558	56	3.18512
MGG_12385T0	2659	2660	637	21.2208
MGG_12077T0	2511	2512	658	23.2119
MGG_16505T0	420	421	24	5.05166
MGG_15773T0	2433	2434	2304	83.8816
MGG_17509T0	1080	1081	0	0
MGG_00375T0	1275	1276	271	18.8202
MGG_03283T0	3400	3401	1717.44	44.7487
MGG_06651T0	2418	2419	1415	51.8352
MGG_14875T0	887	888	156	15.5674
MGG_07776T0	459	460	14	2.69696
MGG_04751T0	2197	2198	43.003	1.73371
MGG_05447T0	847	848	4585.05	479.13
MGG_13814T0	693	694	7	0.893806
MGG_16940T0	366	367	3.78557	0.91405
MGG_03611T0	1974	1975	243.458	10.9235
MGG_10330T0	3536	3537	224	5.612
MGG_03163T0	1016	1017	622	54.1968
MGG_16723T0	243	244	0	0
MGG_12305T0	915	916	348.211	33.6861
MGG_08551T0	3203	3204	65.4483	1.81013
MGG_10651T0	1133	1134	1366.14	106.755
MGG_00984T0	3505	3506	14579.3	368.493
MGG_10728T0	2212	2213	7	0.280299
MGG_06643T0	3113	3114	6430	182.977
MGG_18124T0	360	361	0	0
MGG_15586T0	195	196	0	0
MGG_10052T0	887	888	2198	219.341
MGG_06706T0	3153	3154	1404	39.4466
MGG_01432T0	2118	2119	1081.04	45.208
MGG_16340T0	783	784	74	8.36412
MGG_15066T0	336	337	12	3.15541
MGG_00384T0	4132	4133	815	17.4742
MGG_02479T0	878	879	6285	633.609
MGG_15278T0	1323	1324	0	0
MGG_04473T0	2193	2194	508	20.5178
MGG_17939T0	180	181	150	73.4374
MGG_17180T0	816	817	463	50.2185
MGG_00845T0	4639	4640	1618.31	30.9063
MGG_07159T0	651	652	58	7.88288
MGG_03552T0	2628	2629	812	27.3697
MGG_08839T0	3188	3189	547	15.1998
MGG_10804T0	501	502	23	4.06003
MGG_14299T0	1429	1430	25	1.5492
MGG_13924T0	2250	2251	4	0.157467
MGG_07383T0	1311	1312	623	42.0784
MGG_18003T0	739	740	3844	460.316
MGG_16580T0	252	253	0	0
MGG_06161T0	1099	1100	105	8.45865
MGG_02478T0	3509	3510	2898	73.1637
MGG_17353T0	231	232	19	7.25722
MGG_02767T0	5837	5838	5398	81.9357
MGG_05401T0	3712	3713	52	1.24103
MGG_09291T0	3174	3175	1379	38.488
MGG_16862T0	1419	1420	1517	94.6677
MGG_10846T0	944	945	2	0.187544
MGG_04897T0	2878	2879	1253	38.5668
MGG_05160T0	4165	4166	1564	33.2676
MGG_07331T0	2459	2460	2932	105.617
MGG_14810T0	309	310	17	4.8595
MGG_06859T0	1027	1028	2187.84	188.594
MGG_17675T0	168	169	0	0
MGG_11211T0	4315	4316	1930	39.626
MGG_10439T0	2857	2858	68	2.10839
MGG_17817T0	1773	1774	411.823	20.5713
MGG_16331T0	1844	1845	93.8652	4.5083
MGG_13902T0	2409	2410	0	0
MGG_18019T0	312	313	0	0
MGG_06578T0	1200	1201	381	28.1117
MGG_16391T0	680	681	4	0.520496
MGG_08187T0	1410	1411	336	21.1017
MGG_04588T0	2791	2792	1288.14	40.8839
MGG_17547T0	507	508	5.978	1.04279
MGG_05518T0	523	524	0	0
MGG_01746T0	1764	1765	5636	282.964
MGG_12388T0	2587	2588	1539	52.6962
MGG_09511T0	1697	1698	6007.12	313.497
MGG_04667T0	3012	3013	814	23.9403
MGG_15863T0	183	184	25	12.04
MGG_01103T0	2371	2372	999	37.3212
MGG_09200T0	2640	2641	5847.68	196.209
MGG_05127T0	597	598	0	0
MGG_05137T0	2024	2025	535	23.4117
MGG_17399T0	2220	2221	3242	129.351
MGG_01843T0	603	604	294	43.1335
MGG_09668T0	2018	2019	153	6.71521
MGG_06642T0	2869	2870	2041	63.0182
MGG_01147T0	2482	2483	150	5.35327
MGG_00490T0	1940	1941	1141	52.0912
MGG_00981T0	1296	1297	1544	105.49
MGG_00841T0	3144	3145	823	23.1891
MGG_05169T0	3361	3362	949.015	25.0138
MGG_17846T0	4302	4303	0	0
MGG_17548T0	399	400	0	0
MGG_14303T0	1641	1642	503	27.1456
MGG_00225T0	537	538	0	0
MGG_05598T0	5224	5225	1414	23.981
MGG_05411T0	2283	2284	0	0
MGG_13815T0	1037	1038	40850	3487.38
MGG_17247T0	3737	3738	1882	44.6154
MGG_07547T0	2377	2378	28	1.0434
MGG_13485T0	2699	2700	2569	84.315
MGG_01151T0	1262	1263	494	34.66
MGG_03819T0	1488	1489	0	0
MGG_03837T0	4346	4347	2457	50.0864
MGG_12613T0	7425	7426	146	1.74222
MGG_10048T0	3073	3074	1	0.0288271
MGG_07855T0	1713	1714	6	0.310202
MGG_17061T0	1370	1371	212.217	13.7166
MGG_00775T0	2953	2954	3377	101.304
MGG_01754T0	1999	2000	536	23.7487
MGG_17384T0	1291	1292	235	16.118
MGG_04227T0	3861	3862	1479	33.936
MGG_07809T0	1347	1348	0	0
MGG_05088T0	2742	2743	1163	37.5715
MGG_08627T0	1887	1888	1089.46	51.1344
MGG_06395T0	4668	4669	1709	32.4357
MGG_12670T0	1883	1884	634.54	29.8458
MGG_03731T0	1563	1564	1748.34	99.0587
MGG_01330T0	2398	2399	55	2.03159
MGG_17191T0	465	466	7	1.33112
MGG_02080T0	1071	1072	0	0
MGG_16423T0	868	869	74	7.546
MGG_16202T0	3026	3027	487	14.2568
MGG_00464T0	2039	2040	1204.44	52.319
MGG_00795T0	4312	4313	108	2.21896
MGG_03629T0	4695	4696	5733	108.183
MGG_04092T0	1434	1435	1482	91.5168
MGG_07118T0	2563	2564	7	0.241927
MGG_03863T0	761	762	535	62.2162
MGG_01066T0	934	935	12342	1169.71
MGG_04500T0	1376	1377	1920	123.558
MGG_08842T0	1842	1843	1274.7	61.2898
MGG_01694T0	1766	1767	160.875	8.06782
MGG_06083T0	1169	1170	1500	113.608
MGG_00619T0	648	649	109	14.8829
MGG_15667T0	1504	1505	228	13.4246
MGG_03724T0	4334	4335	4928	100.736
MGG_17681T0	225	226	139	54.5018
MGG_12100T0	1919	1920	425	19.6152
MGG_09869T0	3538	3539	1564	39.1616
MGG_16654T0	395	396	3	0.671322
MGG_03553T0	942	943	318	29.8827
MGG_02730T0	2013	2014	821	36.1234
MGG_01365T0	1713	1714	5	0.258502
MGG_09618T0	1443	1444	3095	189.932
MGG_16659T0	231	232	0	0
MGG_12849T0	3193	3194	1037	28.7706
MGG_09420T0	903	904	0	0
MGG_00320T0	3945	3946	3244	72.8498
MGG_03251T0	1038	1039	10770	918.554
MGG_11680T0	2657	2658	1009	33.6388
MGG_17116T0	210	211	0	0
MGG_05215T0	1886	1887	3	0.140881
MGG_06962T0	1388	1389	7686	490.346
MGG_17315T0	189	190	4	1.86557
MGG_07501T0	3850	3851	742	17.074
MGG_15024T0	1489	1490	473	28.1306
MGG_00652T0	2493	2494	2389	84.8837
MGG_03181T0	2324	2325	874	33.3114
MGG_04208T0	891	892	16	1.5895
MGG_17407T0	330	331	13.092	3.50496
MGG_09184T0	2711	2712	1883	61.5269
MGG_17435T0	400	401	11	2.43082
MGG_01876T0	1152	1153	77	5.91788
MGG_01257T0	1520	1521	125.118	7.28945
MGG_17592T0	351	352	0	0
MGG_10026T0	1011	1012	0	0
MGG_03066T0	2240	2241	499	19.7316
MGG_06164T0	4818	4819	406	7.46575
MGG_08555T0	3020	3021	229	6.71722
MGG_17981T0	180	181	6	2.9375
MGG_02729T0	4556	4557	86	1.67234
MGG_07162T0	2292	2293	1031	39.8437
MGG_15131T0	1347	1348	69	4.5359
MGG_14136T0	1662	1663	594	31.6518
MGG_14652T0	896	897	337	33.2922
MGG_09032T0	1844	1845	556	26.7044
MGG_07412T0	900	901	1897	186.572
MGG_01087T0	2980	2981	1143.59	33.9949
MGG_09822T0	714	715	0	0
MGG_13350T0	2573	2574	242	8.33127
MGG_03431T0	1299	1300	0	0
MGG_01229T0	810	811	2178	237.981
MGG_00101T0	1554	1555	638.097	36.3631
MGG_02473T0	2079	2080	1342	57.1734
MGG_02259T0	3691	3692	224	5.37639
MGG_02542T0	2656	2657	45	1.50081
MGG_10549T0	333	334	29	7.69407
MGG_01186T0	1821	1822	11	0.534994
MGG_14965T0	627	628	0	0
MGG_01639T0	3252	3253	1262	34.3779
MGG_05323T0	2610	2611	1250.88	42.4535
MGG_09878T0	1852	1853	3478	166.325
MGG_00193T0	3485	3486	1480.24	37.6278
MGG_05317T0	1272	1273	1025	71.351
MGG_16467T0	1172	1173	18	1.35981
MGG_11683T0	1104	1105	224	17.9635
MGG_04436T0	1285	1286	14076.2	969.951
MGG_13743T0	1171	1172	2556	193.258
MGG_02853T0	1522	1523	2030	118.114
MGG_11715T0	4417	4418	1211	24.2897
MGG_01128T0	6009	6010	2135	31.4795
MGG_03652T0	2854	2855	578.363	17.9514
MGG_17841T0	3915	3916	3873	87.6414
MGG_05141T0	825	826	55	5.90048
MGG_01025T0	1415	1416	130	8.13551
MGG_02898T0	1344	1345	3377	222.491
MGG_03800T0	675	676	0	0
MGG_08858T0	2128	2129	3012	125.367
MGG_03149T0	1673	1674	3545	187.657
MGG_08368T0	1761	1762	1412	71.0123
MGG_16489T0	627	628	0	0
MGG_12267T0	1348	1349	918	60.3025
MGG_14629T0	267	268	380	125.647
MGG_12423T0	1308	1309	655	44.3411
MGG_06325T0	3373	3374	1312.42	34.4692
MGG_14922T0	264	265	0	0
MGG_17784T0	333	334	84	22.2863
MGG_03760T0	858	859	15	1.5474
MGG_15828T0	1177	1178	1180.81	88.8259
MGG_03565T0	2303	2304	1198	46.0764
MGG_02421T0	1773	1774	1697	84.7682
MGG_09543T0	2223	2224	35	1.39456
MGG_17883T0	183	184	8	3.8528
MGG_15179T0	1119	1120	0	0
MGG_08331T0	711	712	0	0
MGG_01358T0	920	921	39.2638	3.77779
MGG_05315T0	6151	6152	2658.14	38.2883
MGG_11575T0	967	968	1509	138.14
MGG_17064T0	249	250	26	9.2159
MGG_12154T0	5580	5581	1924	30.549
MGG_04552T0	3410	3411	689	17.8995
MGG_03239T0	1485	1486	1100	65.5962
MGG_04991T0	2290	2291	925	35.7784
MGG_14071T0	1373	1374	1693.55	109.223
MGG_08900T0	1611	1612	242	13.3032
MGG_13442T0	1707	1708	170	8.81994
MGG_16424T0	2281	2282	238	9.242
MGG_06682T0	2037	2038	404.153	17.573
MGG_09559T0	3473	3474	1774	45.251
MGG_04981T0	1176	1177	196.687	14.8082
MGG_05336T0	2419	2420	4151	151.999
MGG_05943T0	438	439	2	0.403711
MGG_00157T0	2492	2493	5195	184.658
MGG_01366T0	270	271	18	5.88583
MGG_03970T0	1716	1717	1177	60.745
MGG_18063T0	1711	1712	37.5027	1.94117
MGG_12015T0	423	424	101	21.1086
MGG_08007T0	1596	1597	446	24.7477
MGG_08447T0	780	781	4	0.453851
MGG_15233T0	1413	1414	183.674	11.5107
MGG_15592T0	210	211	6	2.51984
MGG_00873T0	186	187	0	0
MGG_02961T0	7269	7270	3100	37.7861
MGG_05316T0	2254	2255	197	7.74149
MGG_09313T0	2517	2518	903	31.7787
MGG_00220T0	1571	1572	300	16.9112
MGG_05879T0	1472	1473	130	7.82069
MGG_01329T0	2739	2740	1117	36.1249
MGG_14892T0	1344	1345	214	14.0993
MGG_00528T0	3218	3219	1992	54.8369
MGG_14003T0	5757	5758	3038	46.7542
MGG_08089T0	2196	2197	994	40.0923
MGG_13486T0	2634	2635	1277.97	42.9779
MGG_00772T0	3954	3955	902	20.2099
MGG_01855T0	876	877	33	3.33441
MGG_12176T0	423	424	43	8.98684
MGG_17181T0	444	445	5	0.995668
MGG_00272T0	1281	1282	2571	177.713
MGG_06140T0	3407	3408	1510	39.2629
MGG_16194T0	887	888	65	6.48642
MGG_15901T0	2868	2869	3003	92.7533
MGG_15738T0	228	229	49	18.9612
MGG_05948T0	1706	1707	14124	733.211
MGG_00110T0	1685	1686	257	13.5077
MGG_16069T0	1498	1499	63.3345	3.74406
MGG_02330T0	1839	1840	24	1.15584
MGG_01812T0	2795	2796	128	4.05674
MGG_01747T0	2607	2608	228.89	7.77721
MGG_04247T0	705	706	0	0
MGG_10193T0	1821	1822	2689	130.782
MGG_02926T0	738	739	1297	155.525
MGG_15985T0	345	346	0	0
MGG_13817T0	3738	3739	1874.43	44.4241
MGG_01042T0	1689	1690	529.613	27.77
MGG_02859T0	2681	2682	889	29.373
MGG_03913T0	576	577	366	56.2095
MGG_08863T0	3381	3382	608	15.9307
MGG_03351T0	3207	3208	178	4.91689
MGG_13255T0	1008	1009	94	8.25546
MGG_09971T0	2546	2547	1985	69.0615
MGG_15749T0	4032	4033	5126	112.63
MGG_02812T0	1206	1207	3616	265.476
MGG_16557T0	1188	1189	6.27362	0.467564
MGG_16081T0	855	856	36	3.72678
MGG_16279T0	495	496	0	0
MGG_15736T0	937	938	857	80.9623
MGG_15707T0	546	547	0	0
MGG_17928T0	1263	1264	2412	169.097
MGG_08641T0	1482	1483	375.353	22.4286
MGG_05091T0	1814	1815	265	12.9382
MGG_09234T0	1218	1219	36	2.617
MGG_03220T0	3779	3780	4470.54	104.803
MGG_08415T0	2981	2982	5	0.148582
MGG_17456T0	616	617	170	24.4157
MGG_15570T0	324	325	0	0
MGG_07160T0	2137	2138	1793	74.3151
MGG_05651T0	1354	1355	2624	171.605
MGG_01973T0	3486	3487	1956.42	49.718
MGG_03946T0	1042	1043	7098	603.054
MGG_03175T0	1662	1663	697	37.1403
MGG_15786T0	174	175	0	0
MGG_07559T0	1728	1729	92	4.71517
MGG_07208T0	1458	1459	525	31.8866
MGG_08010T0	2519	2520	968	34.0392
MGG_00827T0	941	942	863	81.1829
MGG_08201T0	826	827	2241.35	240.165
MGG_15950T0	2636	2637	1045	35.1165
MGG_11104T0	755	756	24	2.81316
MGG_14559T0	360	361	74	18.1647
MGG_07999T0	3886	3887	2020	46.0513
MGG_09122T0	1533	1534	1	0.0577669
MGG_15251T0	1046	1047	442.759	37.4736
MGG_02341T0	258	259	0	0
MGG_11709T0	3750	3751	2362.84	55.8202
MGG_07250T0	5399	5400	11	0.180511
MGG_16096T0	1982	1983	1250	55.8588
MGG_11651T0	1689	1690	576	30.2023
MGG_13542T0	3561	3562	330.061	8.21117
MGG_01409T0	3730	3731	4882	115.952
MGG_02544T0	1601	1602	26	1.43819
MGG_17454T0	279	280	3	0.949441
MGG_16411T0	636	637	0	0
MGG_07176T0	1576	1577	14389	808.544
MGG_16595T0	2541	2542	731	25.4828
MGG_03865T0	222	223	1074	426.78
MGG_17485T0	246	247	0	0
MGG_03108T0	402	403	0	0
MGG_03352T0	1623	1624	516	28.1558
MGG_09086T0	384	385	0	0
MGG_16996T0	984	985	4.27108	0.384243
MGG_07916T0	1869	1870	2192.49	103.896
MGG_06371T0	1595	1596	2754	152.91
MGG_08676T0	1109	1110	515	41.1139
MGG_00105T0	6562	6563	734.363	9.91546
MGG_15136T0	1602	1603	1252	69.211
MGG_04331T0	1423	1424	1677	104.358
MGG_10428T0	2247	2248	1351	53.2554
MGG_11360T0	2002	2003	399	17.6521
MGG_17467T0	186	187	0	0
MGG_05299T0	2893	2894	6273.37	192.091
MGG_17423T0	462	463	1	0.191392
MGG_14338T0	718	719	877	108.087
MGG_03853T0	1372	1373	851.558	54.9602
MGG_16616T0	414	415	0	0
MGG_06925T0	4611	4612	1281	24.613
MGG_17937T0	744	745	22	2.6168
MGG_05764T0	507	508	80	13.955
MGG_16403T0	1560	1561	19	1.07859
MGG_16350T0	282	283	0	0
MGG_16195T0	3120	3121	1220	34.6394
MGG_06192T0	1036	1037	4366	373.087
MGG_06907T0	915	916	2458.21	237.809
MGG_09762T0	2334	2335	93	3.5294
MGG_03275T0	7701	7702	2740	31.5247
MGG_02653T0	3623	3624	1461	35.7245
MGG_08739T0	540	541	3	0.491393
MGG_01637T0	1404	1405	1080	68.1165
MGG_12049T0	429	430	107	22.0506
MGG_15610T0	207	208	1	0.426031
MGG_07490T0	636	637	112	15.5806
MGG_02310T0	1383	1384	4	0.256111
MGG_02701T0	5485	5486	1712	27.6537
MGG_14847T0	3965	3966	4794	107.115
MGG_04611T0	2594	2595	308	10.5176
MGG_10484T0	1156	1157	55	4.21244
MGG_02839T0	2503	2504	206	7.29017
MGG_12775T0	1360	1361	197	12.8266
MGG_02287T0	1338	1339	10798	714.607
MGG_05040T0	2926	2927	230	6.96321
MGG_05465T0	576	577	0	0
MGG_00172T0	2308	2309	669	25.6748
MGG_14057T0	1314	1315	98	6.60397
MGG_02974T0	2120	2121	493	20.5973
MGG_02998T0	1845	1846	345	16.5612
MGG_15330T0	930	931	18	1.71328
MGG_12981T0	925	926	0	0
MGG_07949T0	2258	2259	132	5.178
MGG_04099T0	1987	1988	9	0.401172
MGG_07845T0	1747	1748	80	4.05558
MGG_08581T0	2021	2022	273	11.9643
MGG_04348T0	972	973	2	0.182147
MGG_09990T0	2808	2809	42	1.32496
MGG_03461T0	898	899	1.48729	0.146602
MGG_06504T0	2267	2268	2564	100.18
MGG_06906T0	2819	2820	1762	55.3683
MGG_07390T0	1255	1256	98	6.91419
MGG_09954T0	4910	4911	227	4.09601
MGG_01511T0	1773	1774	363	18.1325
MGG_17356T0	886	887	9	0.899132
MGG_17187T0	450	451	54	10.6102
MGG_08696T0	1215	1216	1	0.0728737
MGG_11889T0	2431	2432	3340.19	121.706
MGG_06603T0	2020	2021	2024	88.746
MGG_12313T0	2076	2077	41.645	1.77677
MGG_03627T0	1552	1553	2105	120.112
MGG_01833T0	4200	4201	558	11.7703
MGG_00667T0	3832	3833	1001.21	23.1468
MGG_02504T0	2240	2241	1778	70.3063
MGG_05478T0	1471	1472	1865	112.273
MGG_00357T0	1978	1979	2852	127.705
MGG_03736T0	4716	4717	5641	105.973
MGG_17217T0	735	736	0	0
MGG_16177T0	1416	1417	0	0
MGG_14735T0	1561	1562	788	44.7044
MGG_07690T0	2196	2197	1858	74.9411
MGG_06837T0	264	265	7859	2628
MGG_07100T0	1345	1346	129.158	8.50315
MGG_06153T0	1442	1443	4817	295.811
MGG_17838T0	231	232	0	0
MGG_11817T0	1980	1981	423	18.9217
MGG_07217T0	666	667	7	0.929987
MGG_09500T0	306	307	19	5.48428
MGG_05012T0	1875	1876	2	0.0944717
MGG_04040T0	4203	4204	492	10.3707
MGG_04770T0	1074	1075	104	8.57293
MGG_17341T0	2495	2496	1454	51.6208
MGG_00683T0	4216	4217	826.202	17.3615
MGG_06679T0	3777	3778	184	4.31579
MGG_15734T0	657	658	14	1.88541
MGG_04015T0	2437	2438	121	4.39801
MGG_09641T0	1346	1347	1085	71.3784
MGG_08699T0	657	658	79	10.6391
MGG_10479T0	1941	1942	5	0.228153
MGG_00380T0	459	460	4	0.770561
MGG_03194T0	1158	1159	661	50.5385
MGG_16870T0	813	814	63	6.85837
MGG_12962T0	2832	2833	1104	34.5324
MGG_15627T0	1253	1254	755.744	53.405
MGG_08268T0	2211	2212	200.262	8.02266
MGG_13497T0	2244	2245	935	36.9062
MGG_04242T0	1452	1453	2950.25	179.927
MGG_15140T0	4384	4385	2550	51.5318
MGG_07419T0	2473	2474	64.8726	2.32362
MGG_02061T0	2507	2508	247	8.72718
MGG_04135T0	722	723	7133	874.256
MGG_14167T0	2313	2314	75	2.87212
MGG_01970T0	3030	3031	1582.66	46.2707
MGG_07616T0	3620	3621	20999.6	513.91
MGG_02252T0	1299	1300	25221	1719.19
MGG_08986T0	2082	2083	0	0
MGG_13615T0	1065	1066	312	25.9359
MGG_05787T0	1548	1549	37	2.11668
MGG_11480T0	2023	2024	1824	79.8581
MGG_11327T0	1623	1624	1141	62.2593
MGG_12816T0	1646	1647	963	51.8128
MGG_08080T0	1240	1241	2984.46	213.107
MGG_02597T0	2508	2509	2783	98.2918
MGG_01065T0	1067	1068	1345	111.598
MGG_04906T0	3576	3577	1759	43.5764
MGG_01045T0	3889	3890	2901	66.085
MGG_06471T0	699	700	717.013	90.7682
MGG_05983T0	2274	2275	3546	138.122
MGG_13133T0	399	400	0	0
MGG_00255T0	1639	1640	1947	105.203
MGG_14730T0	768	769	127	14.6346
MGG_05795T0	384	385	0	0
MGG_02086T0	1165	1166	2068	157.165
MGG_10634T0	2822	2823	132.518	4.15976
MGG_04507T0	928	929	802.171	76.5167
MGG_10131T0	3320	3321	1927	51.4183
MGG_16571T0	753	754	3386.46	397.997
MGG_12381T0	291	292	85	25.7953
MGG_03994T0	3699	3700	2821	67.5625
MGG_04400T0	1950	1951	10404	472.55
MGG_15034T0	945	946	480	44.9629
MGG_17729T0	804	805	1009	111.071
MGG_11966T0	597	598	0	0
MGG_00140T0	2239	2240	1139.65	45.0845
MGG_10737T0	2048	2049	599.88	25.9434
MGG_00590T0	3789	3790	648	15.151
MGG_06436T0	828	829	2	0.213786
MGG_17317T0	3866	3867	572	13.1077
MGG_15448T0	165	166	4	2.13529
MGG_15958T0	201	202	16	7.01897
MGG_01109T0	817	818	304.464	32.9828
MGG_14634T0	687	688	77	9.91761
MGG_12123T0	3215	3216	1869	51.4989
MGG_04460T0	1066	1067	638	52.986
MGG_15152T0	792	793	0	0
MGG_04676T0	2107	2108	1080	45.4002
MGG_14751T0	2063	2064	1075	46.1534
MGG_07417T0	1495	1496	13	0.770045
MGG_09080T0	2962	2963	4949.4	148.022
MGG_16591T0	1140	1141	323.123	25.095
MGG_15575T0	557	558	4	0.635229
MGG_10363T0	1455	1456	58	3.52997
MGG_10674T0	2812	2813	696.008	21.9255
MGG_11335T0	2508	2509	261	9.21816
MGG_16678T0	198	199	40	17.812
MGG_00735T0	2236	2237	247	9.78443
MGG_16368T0	337	338	0	0
MGG_02309T0	2096	2097	5	0.211289
MGG_03054T0	3420	3421	595.028	15.4131
MGG_07102T0	969	970	537	49.0577
MGG_11096T0	606	607	0	0
MGG_11719T0	1120	1121	102	8.06305
MGG_08975T0	4357	4358	4645	94.4502
MGG_15877T0	297	298	10	2.97364
MGG_17398T0	1394	1395	646	41.0358
MGG_08767T0	2318	2319	222	8.48314
MGG_00618T0	1408	1409	54	3.39615
MGG_17620T0	2509	2510	90.8439	3.20721
MGG_04896T0	747	748	1352	160.169
MGG_02166T0	315	316	1	0.280426
MGG_04329T0	1548	1549	127	7.26536
MGG_06718T0	1136	1137	695	54.1663
MGG_07421T0	1023	1024	17	1.47114
MGG_17122T0	2709	2710	761	24.884
MGG_03908T0	1090	1091	346	28.1032
MGG_15765T0	588	589	116	17.4521
MGG_09640T0	1599	1600	457	25.3105
MGG_16982T0	1225	1226	223	16.1183
MGG_00831T0	2208	2209	0	0
MGG_15974T0	1317	1318	0	0
MGG_05660T0	1493	1494	174	10.3206
MGG_16686T0	294	295	0	0
MGG_02638T0	1592	1593	127	7.06468
MGG_00718T0	1911	1912	972	45.0488
MGG_03041T0	3393	3394	3085	80.5467
MGG_03856T0	1556	1557	611.056	34.7774
MGG_02390T0	2784	2785	2192	69.7461
MGG_08206T0	1599	1600	503	27.8582
MGG_01566T0	1669	1670	1076.69	57.132
MGG_10345T0	1557	1558	49	2.78698
MGG_15044T0	159	160	0	0
MGG_05052T0	1985	1986	641	28.6011
MGG_12963T0	1677	1678	58	3.06296
MGG_17170T0	1293	1294	147	10.0667
MGG_13500T0	3449	3450	1327	34.0845
MGG_11214T0	1011	1012	33	2.8896
MGG_04601T0	3393	3394	1147.12	29.9503
MGG_16013T0	471	472	9	1.68968
MGG_13246T0	2475	2476	1219	43.6272
MGG_01302T0	1753	1754	1375	69.4669
MGG_04976T0	1821	1822	2975	144.692
MGG_10275T0	1992	1993	1	0.0444629
MGG_01429T0	1601	1602	139	7.68877
MGG_05156T0	1957	1958	3418	154.691
MGG_15727T0	613	614	296	42.7197
MGG_06036T0	1802	1803	309	15.1868
MGG_12069T0	513	514	0	0
MGG_15619T0	414	415	0	0
MGG_09864T0	1131	1132	510	39.9235
MGG_12647T0	2535	2536	387	13.5228
MGG_04310T0	1097	1098	681.799	55.0248
MGG_14666T0	870	871	1529	155.559
MGG_08575T0	805	806	7510	825.676
MGG_12759T0	649	650	28.944	3.94593
MGG_10057T0	1978	1979	2521	112.884
MGG_07998T0	3049	3050	154	4.4743
MGG_00595T0	2653	2654	2232	74.5243
MGG_07992T0	1317	1318	208	13.9847
MGG_09119T0	2737	2738	712	23.0436
MGG_08859T0	2298	2299	1133.92	43.7067
MGG_11412T0	1945	1946	7222	328.866
MGG_10815T0	738	739	0	0
MGG_00129T0	1674	1675	518.286	27.4195
MGG_07149T0	2926	2927	1699	51.437
MGG_11885T0	2127	2128	480	19.9882
MGG_02928T0	4728	4729	1164	21.8116
MGG_06452T0	1850	1851	18	0.861729
MGG_00211T0	2279	2280	70.6898	2.74743
MGG_09294T0	1063	1064	1337.93	111.428
MGG_10208T0	1137	1138	636	49.5244
MGG_00964T0	1554	1555	518	29.5192
MGG_16321T0	597	598	0	0
MGG_02183T0	6555	6556	1480	20.0045
MGG_03828T0	1557	1558	7	0.398139
MGG_05233T0	4427	4428	1280.54	25.6266
MGG_01355T0	2121	2122	115	4.80239
MGG_17168T0	304	305	30	8.71618
MGG_12329T0	2062	2063	460.995	19.8017
MGG_07500T0	1884	1885	73	3.43175
MGG_10652T0	2551	2552	801.861	27.8434
MGG_02688T0	2220	2221	11	0.438883
MGG_09528T0	2162	2163	480	19.6648
MGG_17438T0	186	187	0	0
MGG_14555T0	231	232	0	0
MGG_07608T0	375	376	52	12.2552
MGG_17034T0	156	157	1	0.564423
MGG_00019T0	393	394	0	0
MGG_14856T0	432	433	80	16.3722
MGG_01659T0	1023	1024	2944	254.767
MGG_05189T0	2200	2201	3799	152.952
MGG_07130T0	1444	1445	2675	164.044
MGG_08390T0	1275	1276	18	1.25005
MGG_16655T0	621	622	10.8022	1.53896
MGG_02799T0	1937	1938	718	32.8303
MGG_11537T0	1152	1153	2732	209.969
MGG_16850T0	276	277	11	3.51899
MGG_15755T0	1826	1827	44	2.13412
MGG_04426T0	752	753	1215	142.983
MGG_07718T0	2652	2653	880	29.3934
MGG_03758T0	1254	1255	432	30.5031
MGG_06345T0	2348	2349	371	13.9957
MGG_15959T0	282	283	4	1.2525
MGG_03916T0	921	922	512	49.2089
MGG_10760T0	1248	1249	0	0
MGG_03615T0	1528	1529	7125	412.935
MGG_06384T0	1359	1360	716	46.6529
MGG_05569T0	1826	1827	311.487	15.108
MGG_06900T0	2311	2312	0	0
MGG_11605T0	2775	2776	660	21.0683
MGG_11426T0	3426	3427	1190	30.7707
MGG_06099T0	1964	1965	4430.64	199.806
MGG_06270T0	1660	1661	4578.09	244.241
MGG_09698T0	282	283	678	212.299
MGG_00153T0	2048	2049	1383	59.8115
MGG_16066T0	231	232	0	0
MGG_05719T0	723	724	823	100.732
MGG_05900T0	4527	4528	9	0.176133
MGG_00617T0	3883	3884	225	5.13343
MGG_17890T0	375	376	445	104.876
MGG_01013T0	1734	1735	3812.4	194.717
MGG_05568T0	1281	1282	1176.51	81.323
MGG_09125T0	2859	2860	6947	215.246
MGG_15789T0	2930	2931	111.871	3.38225
MGG_02608T0	2164	2165	3344.03	136.873
MGG_06473T0	2907	2908	557	16.9733
MGG_05828T0	1095	1096	0	0
MGG_00208T0	2551	2552	389	13.5075
MGG_02981T0	3127	3128	417.796	11.8359
MGG_08015T0	1724	1725	1281	65.8059
MGG_15653T0	236	237	2	0.747801
MGG_01085T0	1526	1527	252	14.624
MGG_05306T0	3700	3701	4425	105.949
MGG_16333T0	2417	2418	296	10.8478
MGG_12316T0	2414	2415	57025	2092.44
MGG_06389T0	2438	2439	2354	85.5262
MGG_01553T0	2931	2932	3138.61	94.8587
MGG_01003T0	2396	2397	2303	85.1394
MGG_02660T0	957	958	6381	590.239
MGG_02560T0	483	484	0	0
MGG_02115T0	1212	1213	1604	117.179
MGG_07055T0	1170	1171	191	14.4538
MGG_07356T0	1833	1834	0	0
MGG_07195T0	1729	1730	2622	134.305
MGG_15864T0	520	521	0	0
MGG_02590T0	378	379	15	3.50717
MGG_01046T0	2592	2593	2798	95.6202
MGG_08815T0	1333	1334	826	54.8692
MGG_13557T0	4275	4276	441	9.13914
MGG_10887T0	920	921	976.19	93.9246
MGG_03375T0	2242	2243	9640	380.849
MGG_07510T0	2149	2150	41	1.68986
MGG_08192T0	3613	3614	1348	33.0527
MGG_00569T0	3561	3562	650	16.1705
MGG_08186T0	6385	6386	935	12.9744
MGG_09107T0	1992	1993	0	0
MGG_09709T0	1756	1757	196	9.88528
MGG_17193T0	341	342	20	5.18213
MGG_06784T0	1540	1541	26	1.49512
MGG_09393T0	2384	2385	2483	92.2556
MGG_03129T0	2075	2076	600	25.6111
MGG_05733T0	723	724	203	24.8463
MGG_05816T0	2592	2593	6	0.205047
MGG_08060T0	1727	1728	81	4.1538
MGG_00627T0	898	899	3	0.29571
MGG_03586T0	2299	2300	822	31.67
MGG_16288T0	360	361	4	0.981878
MGG_13365T0	616	617	2	0.287243
MGG_15480T0	1883	1884	1541.61	72.5101
MGG_05791T0	453	454	54.6922	10.6751
MGG_08133T0	3052	3053	740.969	21.5069
MGG_03708T0	996	997	1133	100.702
MGG_07555T0	339	340	0	0
MGG_02165T0	237	238	0	0
MGG_15634T0	977	978	0	0
MGG_18056T0	456	457	8	1.55124
MGG_12090T0	243	244	9	3.26857
MGG_08977T0	681	682	50	6.49666
MGG_00245T0	1414	1415	2308	144.539
MGG_05706T0	5415	5416	2527	41.3458
MGG_17309T0	291	292	0	0
MGG_16334T0	4463	4464	4925	97.7657
MGG_01458T0	3529	3530	577.786	14.5043
MGG_02139T0	381	382	4	0.9279
MGG_06043T0	4632	4633	1251	23.9276
MGG_16960T0	162	163	0	0
MGG_16978T0	891	892	0	0
MGG_04181T0	1028	1029	6162.17	530.668
MGG_06736T0	4888	4889	1200.98	21.7681
MGG_04565T0	1179	1180	193	14.4937
MGG_08924T0	1622	1623	1028	56.128
MGG_10457T0	1389	1390	0	0
MGG_08511T0	1143	1144	0	0
MGG_05996T0	4569	4570	2445	47.4097
MGG_17862T0	318	319	219	60.8356
MGG_15265T0	291	292	201	60.9983
MGG_03487T0	4300	4301	1640.34	33.7962
MGG_02838T0	4082	4083	1077	23.3744
MGG_08529T0	387	388	0	0
MGG_17411T0	186	187	0	0
MGG_16298T0	1241	1242	1250	89.1852
MGG_07339T0	3969	3970	2080	46.4277
MGG_02667T0	4286	4287	1241	25.6521
MGG_17536T0	1076	1077	99.6401	8.19829
MGG_03230T0	1611	1612	411	22.5934
MGG_09242T0	2233	2234	361.559	14.3417
MGG_14010T0	2302	2303	393	15.1218
MGG_01266T0	2271	2272	386.198	15.0628
MGG_04698T0	1949	1950	862	39.1721
MGG_16460T0	2503	2504	32	1.13245
MGG_06781T0	1993	1994	754	33.5082
MGG_08096T0	1200	1201	2285	168.596
MGG_02503T0	2414	2415	7807	286.465
MGG_17590T0	378	379	0	0
MGG_00230T0	492	493	0	0
MGG_11289T0	3144	3145	182	5.12809
MGG_02607T0	1525	1526	907.969	52.7256
MGG_07766T0	786	787	0	0
MGG_10413T0	1704	1705	2302	119.643
MGG_15147T0	603	604	3	0.440138
MGG_00133T0	1950	1951	1113	50.5525
MGG_02506T0	1886	1887	1090	51.1869
MGG_03053T0	3944	3945	4591	103.125
MGG_03252T0	13423	13424	4113	27.1507
MGG_04593T0	3403	3404	633	16.4785
MGG_16378T0	294	295	0	0
MGG_00057T0	1139	1140	133.853	10.4046
MGG_12763T0	1102	1103	1	0.0803395
MGG_01717T0	2720	2721	879.607	28.646
MGG_05098T0	2244	2245	1069.3	42.2073
MGG_09970T0	3317	3318	1402	37.4435
MGG_01064T0	948	949	3602	336.343
MGG_06975T0	2670	2671	6	0.199059
MGG_06410T0	3366	3367	1557	40.9779
MGG_01503T0	3037	3038	2660	77.5887
MGG_06307T0	4258	4259	2769.02	57.6134
MGG_02802T0	1707	1708	1400	72.6348
MGG_10560T0	1180	1181	63	4.72711
MGG_08557T0	5444	5445	873	14.2076
MGG_14997T0	591	592	69	10.3284
MGG_03039T0	3578	3579	5185	128.378
MGG_16099T0	1415	1416	89	5.56969
MGG_01016T0	1315	1316	140	9.42707
MGG_05939T0	2178	2179	516	20.9844
MGG_00732T0	1041	1042	0	0
MGG_04842T0	2885	2886	1254	38.504
MGG_16720T0	1144	1145	71	5.49487
MGG_13171T0	6925	6926	2727	34.8905
MGG_03362T0	1548	1549	1143	65.3882
MGG_16208T0	659	660	17	2.28249
MGG_10307T0	4517	4518	630.033	12.3572
MGG_03851T0	1062	1063	283.543	23.6369
MGG_11582T0	1338	1339	0	0
MGG_01492T0	2412	2413	1055.89	38.7761
MGG_15294T0	1404	1405	894	56.3853
MGG_03234T0	1446	1447	246	15.0651
MGG_06377T0	1209	1210	390.596	28.6054
MGG_14600T0	321	322	0	0
MGG_08700T0	924	925	9	0.862195
MGG_08302T0	1275	1276	500	34.7235
MGG_13405T0	2252	2253	86	3.38253
MGG_03089T0	1294	1295	1936.04	132.48
MGG_08987T0	2649	2650	0	0
MGG_17164T0	432	433	180	36.8374
MGG_16253T0	617	618	54	7.74301
MGG_06852T0	1339	1340	1473	97.4098
MGG_15359T0	846	847	0	0
MGG_02492T0	1790	1791	277.351	13.7227
MGG_04521T0	1671	1672	1233	65.3479
MGG_07224T0	2406	2407	3094	113.907
MGG_13511T0	2219	2220	1905.24	76.0502
MGG_17469T0	627	628	95	13.4051
MGG_17159T0	306	307	0	0
MGG_08733T0	621	622	5	0.712335
MGG_00817T0	1774	1775	217	10.8334
MGG_03131T0	3105	3106	1551.95	44.2772
MGG_04869T0	1011	1012	54	4.72844
MGG_10570T0	1284	1285	49	3.37907
MGG_08956T0	1530	1531	5986	346.47
MGG_16917T0	2845	2846	81	2.52206
MGG_11852T0	657	658	14	1.88541
MGG_09676T0	2115	2116	645	27.0115
MGG_01023T0	2512	2513	2176	76.731
MGG_02697T0	3515	3516	1163	29.3113
MGG_00067T0	2106	2107	2192	92.1893
MGG_04213T0	3017	3018	60	1.76172
MGG_04211T0	952	953	42	3.90536
MGG_03511T0	4267	4268	4032.94	83.7341
MGG_10828T0	2138	2139	2751.8	114.002
MGG_07131T0	4066	4067	639	13.923
MGG_00973T0	1968	1969	84	3.7804
MGG_12902T0	811	812	4	0.436524
MGG_01341T0	2064	2065	427	18.3237
MGG_15374T0	444	445	0	0
MGG_13803T0	2409	2410	881	32.3939
MGG_01479T0	982	983	12	1.08176
MGG_15377T0	356	357	5	1.2411
MGG_01430T0	2093	2094	454.355	19.2275
MGG_10171T0	1206	1207	4038	296.458
MGG_04245T0	651	652	370	50.2873
MGG_09962T0	5286	5287	698.145	11.7015
MGG_09962T1	5024	5025	5123.85	90.3577
MGG_15370T0	675	676	0	0
MGG_08348T0	593	594	0	0
MGG_15354T0	1440	1441	5	0.307476
MGG_01248T0	1916	1917	1982	91.6191
MGG_06028T0	1983	1984	360.5	16.1016
MGG_16779T0	453	454	29.3435	5.72744
MGG_14582T0	183	184	422	203.235
MGG_11682T0	2271	2272	688	26.834
MGG_17389T0	1332	1333	71	4.7199
MGG_10355T0	1653	1654	1	0.0535759
MGG_17436T0	2763	2764	605	19.3964
MGG_06480T0	444	445	8216	1636.08
MGG_05086T0	2637	2638	43	1.44444
MGG_01668T0	3144	3145	1094.72	30.845
MGG_10826T0	3448	3449	1351.17	34.7155
MGG_15644T0	992	993	17	1.51707
MGG_17462T0	339	340	0	0
MGG_02520T0	2493	2494	2366	84.0665
MGG_03607T0	4266	4267	6417.58	133.276
MGG_14844T0	553	554	10.4718	1.67501
MGG_07843T0	1928	1929	2070	95.0917
MGG_11754T0	2522	2523	579.441	20.3515
MGG_03127T0	2139	2140	507	20.9942
MGG_02801T0	1678	1679	171	9.02506
MGG_11733T0	1338	1339	2	0.132359
MGG_04206T0	2459	2460	1678.7	60.4703
MGG_06211T0	4419	4420	1775	35.5861
MGG_08094T0	4170	4171	540.014	11.4728
MGG_09180T0	1404	1405	140	8.82991
MGG_02824T0	880	881	1210	121.707
MGG_01372T0	3150	3151	6713	188.787
MGG_00393T0	4526	4527	998	19.5355
MGG_06488T0	1763	1764	477	23.9621
MGG_10491T0	2418	2419	525	19.2322
MGG_17661T0	1788	1789	0	0
MGG_06385T0	1035	1036	73	6.24407
MGG_12178T0	1425	1426	47	2.92067
MGG_03995T0	1913	1914	112	5.18538
MGG_13108T0	219	220	1	0.402793
MGG_11542T0	1496	1497	445	26.3416
MGG_07533T0	1511	1512	261.186	15.3075
MGG_00596T0	1924	1925	433	19.9325
MGG_15897T0	225	226	6	2.3526
MGG_15660T0	504	505	11	1.93022
MGG_12569T0	1683	1684	106	5.57787
MGG_16115T0	713	714	0	0
MGG_02223T0	538	539	12	1.97286
MGG_07289T0	2961	2962	3864	115.6
MGG_01213T0	1113	1114	60	4.77277
MGG_02626T0	3549	3550	1445	36.0698
MGG_02655T0	2668	2669	3009	99.9029
MGG_07077T0	3752	3753	2180.44	51.4838
MGG_16540T0	219	220	0	0
MGG_03077T0	3230	3231	974	26.7132
MGG_17687T0	189	190	0	0
MGG_03601T0	4622	4623	1073.7	20.5808
MGG_18060T0	291	292	0	0
MGG_10867T0	2237	2238	660	26.133
MGG_06139T0	3111	3112	8346.67	237.672
MGG_01373T0	2475	2476	371	13.2779
MGG_00048T0	2079	2080	208	8.86145
MGG_03434T0	1263	1264	53	3.71564
MGG_16660T0	555	556	0	0
MGG_17484T0	177	178	0	0
MGG_15851T0	300	301	0	0
MGG_00479T0	1821	1822	983.491	47.8329
MGG_02199T0	1073	1074	81	6.68321
MGG_12631T0	5219	5220	1552	26.3467
MGG_06483T0	2033	2034	924	40.2555
MGG_07931T0	1423	1424	641	39.889
MGG_16256T0	387	388	48	10.9626
MGG_11409T0	450	451	40	7.85938
MGG_10586T0	1462	1463	671	40.6427
MGG_16853T0	2360	2361	10570	396.72
MGG_06788T0	1854	1855	266	12.707
MGG_02762T0	1894	1895	29	1.35611
MGG_07631T0	1490	1491	388	23.06
MGG_08468T0	1650	1651	12	0.644078
MGG_00702T0	2610	2611	813	27.5923
MGG_02051T0	2237	2238	930	36.8237
MGG_17273T0	475	476	16	2.97864
MGG_15543T0	222	223	2	0.794749
MGG_10309T0	1632	1633	298	16.1709
MGG_10819T0	632	633	1136	159.03
MGG_01148T0	2122	2123	2548	106.354
MGG_17626T0	231	232	3	1.14588
MGG_13626T0	1411	1412	388	24.3501
MGG_01353T0	4203	4204	240.736	5.07437
MGG_15832T0	504	505	20	3.50948
MGG_15818T0	3077	3078	1272	36.6204
MGG_08051T0	2234	2235	341	13.5201
MGG_10538T0	2698	2699	916	30.0744
MGG_01265T0	1390	1391	225	14.3338
MGG_05647T0	1708	1709	1666	86.3848
MGG_10800T0	2171	2172	714.041	29.1318
MGG_01979T0	1967	1968	2141	96.4042
MGG_14661T0	423	424	45	9.40484
MGG_02605T0	2200	2201	4110.67	165.5
MGG_18065T0	369	370	0	0
MGG_01411T0	354	355	17	4.24351
MGG_04854T0	1583	1584	151	8.44746
MGG_00755T0	1828	1829	7845	380.088
MGG_09766T0	1981	1982	1289	57.6307
MGG_17594T0	762	763	18	2.09051
MGG_10188T0	2403	2404	1311.86	48.3568
MGG_08710T0	3230	3231	3389	92.9478
MGG_03485T0	3916	3917	1426	32.2605
MGG_09387T0	657	658	105	14.1406
MGG_13923T0	582	583	4	0.607989
MGG_00769T0	2306	2307	306.329	11.7664
MGG_05830T0	1785	1786	17	0.843475
MGG_03058T0	4839	4840	1143	20.9269
MGG_14855T0	1224	1225	1134	82.0317
MGG_00302T0	2761	2762	481	15.4321
MGG_05417T0	654	655	0	0
MGG_08913T0	3981	3982	1318.91	29.3507
MGG_01463T0	3641	3642	5284	128.566
MGG_09319T0	1506	1507	411	24.1676
MGG_02834T0	1664	1665	1504	80.0457
MGG_06595T0	1694	1695	96	5.01887
MGG_04504T0	1506	1507	1425.85	83.8427
MGG_04645T0	384	385	457	105.187
MGG_16623T0	402	403	29	6.37672
MGG_12118T0	3204	3205	1610.6	44.5313
MGG_08497T0	1265	1266	69	4.8297
MGG_02914T0	1380	1381	264	16.9401
MGG_03007T0	3008	3009	1070	31.5113
MGG_14041T0	1581	1582	7	0.392099
MGG_03689T0	1504	1505	61.1417	3.60003
MGG_15109T0	901	902	72	7.07344
MGG_13935T0	2831	2832	1260	39.4259
MGG_03889T0	1623	1624	121	6.60243
MGG_06445T0	1408	1409	422	26.5403
MGG_10233T0	1482	1483	97	5.79609
MGG_16670T0	411	412	0	0
MGG_12589T0	2613	2614	2588	87.7331
MGG_13154T0	2391	2392	861	31.8968
MGG_08435T0	558	559	0	0
MGG_12302T0	1597	1598	610	33.8265
MGG_03155T0	2804	2805	4132.56	130.554
MGG_01696T1	874	875	53.2653	5.39437
MGG_01696T0	874	875	236.735	23.975
MGG_04632T0	1395	1396	2	0.126955
MGG_06881T0	2960	2961	2197.26	65.7579
MGG_02354T0	840	841	1	0.105368
MGG_00136T0	1692	1693	1118.1	58.5234
MGG_09502T0	2318	2319	661	25.2584
MGG_00757T0	1958	1959	1686.9	76.3063
MGG_02127T0	2243	2244	2419	95.5251
MGG_03693T0	4821	4822	999	18.3587
MGG_17825T0	2457	2458	686.551	24.7512
MGG_05531T0	1295	1296	17405	1190.07
MGG_16863T0	480	481	11	2.02653
MGG_15861T0	5483	5484	3573.54	57.7439
MGG_17241T0	2236	2237	1212	48.0111
MGG_13126T0	714	715	365	45.2368
MGG_07230T0	1455	1456	124	7.54684
MGG_09521T0	3389	3390	544.388	14.2303
MGG_08867T0	2647	2648	774	25.9017
MGG_16184T0	975	976	375	34.0476
MGG_00406T0	1226	1227	881	63.6262
MGG_07272T0	1483	1484	171.215	10.2238
MGG_17404T0	165	166	23	12.2779
MGG_14081T0	384	385	0	0
MGG_07173T0	2904	2905	628.385	19.1683
MGG_07173T1	2019	2020	1345.61	59.0302
MGG_15166T0	705	706	1.50372	0.188742
MGG_02896T0	1578	1579	2365.01	132.726
MGG_07717T0	2091	2092	1975	83.6585
MGG_03915T0	786	787	980	110.346
MGG_03564T0	2121	2122	1761	73.5391
MGG_06612T0	3768	3769	237	5.5722
MGG_13535T0	4511	4512	1735	34.0749
MGG_17324T0	1388	1389	10393.6	663.081
MGG_15181T0	3063	3064	3	0.0867635
MGG_04760T0	1962	1963	1109	50.0629
MGG_09209T0	2588	2589	1639	56.0985
MGG_09658T0	534	535	0	0
MGG_12780T0	693	694	0	0
MGG_17483T0	285	286	0	0
MGG_06773T0	2633	2634	566	19.0417
MGG_05287T0	3868	3869	15673	358.97
MGG_05521T0	1707	1708	464	24.0732
MGG_14561T0	1903	1904	4920	228.983
MGG_00306T0	2782	2783	497	15.8251
MGG_03069T0	3322	3323	1296	34.5604
MGG_08036T0	3614	3615	1075	26.3515
MGG_11554T0	3019	3020	169	4.95889
MGG_15870T0	234	235	0	0
MGG_04143T0	1362	1363	2218	144.202
MGG_01437T0	1301	1302	402.588	27.4002
MGG_04635T0	2235	2236	51	2.02117
MGG_04217T0	3433	3434	348	8.98015
MGG_15703T0	502	503	0	0
MGG_01145T0	934	935	21	1.99027
MGG_13021T0	2391	2392	88	3.26006
MGG_02657T0	348	349	362	91.9153
MGG_09659T0	1233	1234	19	1.3644
MGG_09211T0	2798	2799	1327	42.0119
MGG_16901T0	2383	2384	5582.94	207.521
MGG_16158T0	171	172	0	0
MGG_01923T0	1146	1147	144	11.1251
MGG_02047T0	2436	2437	1323	48.1071
MGG_08412T0	423	424	0	0
MGG_15689T0	796	797	28	3.11318
MGG_10158T0	2093	2094	96	4.06255
MGG_02615T0	1582	1583	428.273	23.9742
MGG_04999T0	2004	2005	1024	45.2575
MGG_11005T0	1564	1565	12	0.679472
MGG_00081T0	1017	1018	1803	156.947
MGG_06162T0	5852	5853	595	9.0083
MGG_15437T0	459	460	17	3.27488
MGG_14192T0	294	295	0	0
MGG_07708T0	2503	2504	2685.13	95.0244
MGG_08738T0	2691	2692	0	0
MGG_13937T0	981	982	0	0
MGG_05188T0	1737	1738	3378	172.232
MGG_10415T0	2403	2404	89	3.28065
MGG_03471T0	1176	1177	8	0.602307
MGG_06574T0	1252	1253	454	32.1077
MGG_16506T0	189	190	19	8.86145
MGG_16398T0	1889	1890	7.27839	0.341254
MGG_06200T0	2531	2532	1491	52.1817
MGG_10438T0	1503	1504	168	9.89842
MGG_13546T0	248	249	0	0
MGG_17568T0	210	211	0	0
MGG_16765T0	417	418	46	9.75183
MGG_16251T0	3487	3488	17534.7	445.478
MGG_05438T0	1470	1471	3463	208.614
MGG_06404T0	1197	1198	560	41.4225
MGG_02759T0	4268	4269	1955	40.5812
MGG_06208T0	1599	1600	330.153	18.2852
MGG_04847T0	1982	1983	486	21.7179
MGG_09609T0	390	391	0	0
MGG_08455T0	1918	1919	66	3.04771
MGG_02338T0	591	592	10	1.49687
MGG_12198T0	1575	1576	4	0.22491
MGG_02160T0	1997	1998	270.715	12.0066
MGG_07514T0	1940	1941	355.88	16.2473
MGG_16631T0	231	232	1	0.381959
MGG_16059T0	552	553	0	0
MGG_15490T0	761	762	0	0
MGG_06518T0	1639	1640	657	35.4998
MGG_16849T0	819	820	396	42.7943
MGG_14731T0	1177	1178	2931.46	220.518
MGG_01408T0	1707	1708	177	9.18311
MGG_04259T0	333	334	34	9.02063
MGG_17796T0	682	683	9	1.16769
MGG_14126T0	741	742	107	12.7786
MGG_02747T0	789	790	12731	1428.04
MGG_06396T0	6184	6185	7036.78	100.818
MGG_17395T0	213	214	0	0
MGG_17167T0	159	160	0	0
MGG_02646T0	1065	1066	19	1.57943
MGG_03808T0	507	508	0	0
MGG_13332T0	897	898	0	0
MGG_16389T0	3867	3868	1172	26.8501
MGG_06176T0	1668	1669	596.93	31.6936
MGG_12972T0	2108	2109	920	38.6559
MGG_15737T0	594	595	231	34.4033
MGG_02769T0	1995	1996	527.632	23.4248
MGG_10305T0	1614	1615	1053	57.7777
MGG_16119T0	770	771	15	1.72402
MGG_16301T0	2092	2093	1328	56.2255
MGG_09117T0	1302	1303	363	24.6869
MGG_17664T0	363	364	7	1.70412
MGG_01253T0	693	694	17.2626	2.2042
MGG_12983T0	1633	1634	1	0.0542316
MGG_05171T0	1971	1972	1883.81	84.6517
MGG_08433T0	369	370	0	0
MGG_17637T0	378	379	4	0.935245
MGG_00350T0	1220	1221	496.58	36.0394
MGG_05393T0	1154	1155	6	0.460335
MGG_08297T0	1493	1494	33	1.95735
MGG_05738T0	3692	3693	1734	41.6078
MGG_14816T0	2450	2451	18	0.650779
MGG_16129T0	300	301	22	6.4768
MGG_16348T0	333	334	0	0
MGG_08803T0	2195	2196	460	18.5622
MGG_01282T0	1189	1190	38028	2831.79
MGG_05162T0	564	565	9	1.41156
MGG_04346T0	1553	1554	22018	1255.54
MGG_06424T0	2032	2033	1001	43.6316
MGG_07824T0	741	742	0	0
MGG_09227T0	2175	2176	1202	48.9497
MGG_04602T0	3443	3444	2132	54.8566
MGG_17498T0	171	172	0	0
MGG_11530T0	1897	1898	136	6.34961
MGG_01661T0	3900	3901	2572.27	58.4313
MGG_10610T0	372	373	0	0
MGG_05357T0	2160	2161	329	13.491
MGG_08086T0	630	631	64	8.98784
MGG_17673T0	201	202	15	6.58028
MGG_07928T0	742	743	13999.3	1669.64
MGG_08811T0	1241	1242	121.037	8.63575
MGG_01323T0	2686	2687	1375	45.3461
MGG_01159T0	946	947	37821.6	3539.11
MGG_02825T0	708	709	955	119.361
MGG_03728T0	1252	1253	1457.31	103.064
MGG_16892T0	297	298	3	0.892092
MGG_01750T0	3822	3823	936	21.6958
MGG_06954T0	2815	2816	3796	119.453
MGG_15882T0	180	181	148	72.4582
MGG_06318T0	5448	5449	4533	73.718
MGG_05185T0	2113	2114	536	22.468
MGG_13252T0	1908	1909	16	0.742709
MGG_07414T0	1647	1648	191	10.2702
MGG_17844T0	902	903	33	3.2384
MGG_10712T0	1350	1351	0	0
MGG_03769T0	1595	1596	122	6.77379
MGG_01883T0	2935	2936	1616	48.7742
MGG_03883T0	2434	2435	2951	107.393
MGG_07897T0	399	400	0	0
MGG_09447T0	684	685	0	0
MGG_15659T0	198	199	1	0.445299
MGG_17956T0	303	304	12	3.49794
MGG_16747T0	591	592	94	14.0705
MGG_13140T0	945	946	0	0
MGG_04757T0	2490	2491	435	15.4746
MGG_08071T0	3786	3787	942.242	22.0481
MGG_15439T0	1062	1063	15	1.25044
MGG_01673T0	5111	5112	446	7.73123
MGG_16584T0	771	772	0	0
MGG_15039T0	336	337	1	0.262951
MGG_11069T0	966	967	0	0
MGG_01400T0	1242	1243	695	49.5471
MGG_01022T0	1215	1216	186	13.5545
MGG_16618T0	159	160	0	0
MGG_10050T0	1509	1510	7	0.410796
MGG_18125T0	863	864	0	0
MGG_08704T0	4099	4100	155.887	3.36923
MGG_17129T0	243	244	9	3.26857
MGG_04133T0	4056	4057	704.037	15.3778
MGG_06264T0	921	922	296	28.4489
MGG_15640T0	414	415	16	3.41646
MGG_14232T0	2975	2976	1834	54.6099
MGG_06433T0	1044	1045	446	37.8201
MGG_06749T0	1424	1425	152	9.45221
MGG_17348T0	1442	1443	141	8.65879
MGG_11160T0	2638	2639	855.42	28.724
MGG_04765T0	1827	1828	4065	197.056
MGG_06927T0	656	657	2171.83	292.931
MGG_12122T0	4812	4813	12641	232.74
MGG_04936T0	2088	2089	292	12.3865
MGG_09419T0	1314	1315	14	0.943424
MGG_05833T0	1873	1874	75	3.54647
MGG_08431T0	1044	1045	2	0.169597
MGG_14234T0	5369	5370	678	11.1882
MGG_02511T0	1515	1516	1048.84	61.3075
MGG_17970T0	288	289	0	0
MGG_02439T0	1041	1042	1368	116.338
MGG_11478T0	513	514	0	0
MGG_01971T0	1125	1126	299	23.5308
MGG_17710T0	195	196	0	0
MGG_15630T0	336	337	2	0.525902
MGG_01072T0	2980	2981	1829	54.3696
MGG_16851T0	297	298	1	0.297364
MGG_07981T0	1788	1789	562	27.8375
MGG_13646T0	1703	1704	1153	59.9604
MGG_12810T0	246	247	9	3.22887
MGG_08359T0	1778	1779	176	8.7668
MGG_05809T0	2669	2670	287	9.52522
MGG_00940T0	1920	1921	592	27.3086
MGG_03999T0	1435	1436	1160	71.5827
MGG_16510T0	549	550	2	0.322234
MGG_08840T0	2169	2170	522	21.3165
MGG_17679T0	3145	3146	378.53	10.6622
MGG_14087T0	3189	3190	2647	73.5306
MGG_17458T0	486	487	32	5.82272
MGG_05746T0	5943	5944	1795	26.7603
MGG_08515T0	582	583	27	4.10393
MGG_00731T0	3613	3614	1005	24.6424
MGG_09886T0	1273	1274	2646	184.045
MGG_10660T0	1031	1032	22502	1932.17
MGG_17276T0	216	217	38651	15783.6
MGG_06508T0	1572	1573	202.6	11.4134
MGG_17688T0	1511	1512	431.843	25.3092
MGG_16800T0	177	178	1	0.497834
MGG_03253T0	4417	4418	2230	44.7284
MGG_07749T0	594	595	332	49.4454
MGG_11174T0	5304	5305	5188	86.6601
MGG_15761T0	309	310	4	1.14341
MGG_05017T0	1896	1897	1265	59.0919
MGG_17431T0	426	427	2	0.415056
MGG_02505T0	2251	2252	2278.81	89.6692
MGG_01368T0	1036	1037	385	32.8993
MGG_17586T0	783	784	350.534	39.6203
MGG_07502T0	1668	1669	670	35.5732
MGG_04555T0	1741	1742	669	34.0316
MGG_07465T0	2920	2921	1560.35	47.3364
MGG_14970T0	1053	1054	219	18.4123
MGG_06347T0	849	850	292	30.4417
MGG_06860T0	3565	3566	2887	71.7414
MGG_02394T0	1458	1459	271	16.4596
MGG_03654T0	699	700	294	37.2181
MGG_03891T0	837	838	663.335	70.1444
MGG_06766T0	2885	2886	4358	133.812
MGG_16459T0	898	899	2864	282.305
MGG_01333T0	1251	1252	2792	197.613
MGG_13401T0	1715	1716	638.874	32.9915
MGG_11779T0	6912	6913	152	1.94842
MGG_07955T0	809	810	27	2.95382
MGG_00797T0	1241	1242	26	1.85505
MGG_07128T0	922	923	182.741	17.5444
MGG_12309T0	3394	3395	640	16.7049
MGG_09570T0	981	982	2948	266.024
MGG_05181T0	2432	2433	542	19.7407
MGG_06732T0	2189	2190	595.954	24.1142
MGG_15458T0	309	310	0	0
MGG_02074T0	4315	4316	915	18.7864
MGG_10300T0	1215	1216	17	1.23885
MGG_02644T0	3984	3985	1536	34.156
MGG_16250T0	1403	1404	204	12.8756
MGG_06549T0	866	867	6.37902	0.651988
MGG_17984T0	669	670	0	0
MGG_17532T0	1651	1652	493	26.4449
MGG_14237T0	956	957	1	0.0925961
MGG_04372T0	2367	2368	857	32.0704
MGG_08832T0	1641	1642	2486.57	134.193
MGG_16944T0	369	370	0	0
MGG_00489T0	1538	1539	598.487	34.4604
MGG_09829T0	3582	3583	28	0.692494
MGG_02805T0	675	676	149	19.5319
MGG_00820T0	2916	2917	112.514	3.41802
MGG_12850T0	799	800	415	45.9688
MGG_13225T0	2057	2058	229	9.8604
MGG_17489T0	318	319	14.8254	4.11832
MGG_07443T0	1408	1409	45	2.83013
MGG_05667T0	1836	1837	1039	50.12
MGG_08024T0	309	310	109	31.158
MGG_12582T0	610	611	0	0
MGG_01944T0	1339	1340	128	8.46466
MGG_14109T0	462	463	26	4.97619
MGG_01306T0	1302	1303	1719	116.906
MGG_07786T0	600	601	30	4.42335
MGG_02749T0	1518	1519	414	24.1517
MGG_18092T0	270	271	382	124.91
MGG_16601T0	1843	1844	523.36	25.1504
MGG_00847T0	3156	3157	3928	110.256
MGG_15998T0	258	259	0	0
MGG_12627T0	1491	1492	1238	73.5286
MGG_11967T0	348	349	0	0
MGG_15244T0	531	532	792	131.922
MGG_12594T0	2262	2263	1400	54.8211
MGG_17632T0	775	776	5114	583.988
MGG_08612T0	1881	1882	11	0.517938
MGG_11804T0	1040	1041	1349	114.833
MGG_09508T0	1339	1340	1039	68.7093
MGG_15663T0	459	460	21	4.04544
MGG_17289T0	339	340	0	0
MGG_13645T0	1143	1144	11067	857.252
MGG_03902T0	952	953	624.819	58.0987
MGG_06306T0	5011	5012	150.979	2.66937
MGG_08343T0	1292	1293	2978.27	204.113
MGG_04075T0	1459	1460	40	2.42779
MGG_08266T0	1947	1948	311	14.1474
MGG_08602T0	1538	1539	554	31.8989
MGG_09794T0	1320	1321	52	3.48823
MGG_13719T0	1092	1093	7.44803	0.603846
MGG_00207T0	1023	1024	235	20.3363
MGG_16269T0	309	310	137	39.1619
MGG_08267T0	2262	2263	154	6.03033
MGG_15017T0	552	553	45	7.21094
MGG_10516T0	1410	1411	66	4.14497
MGG_10671T0	1709	1710	131	6.78859
MGG_15960T0	907	908	543	52.993
MGG_13013T0	6477	6478	7367	100.775
MGG_02031T0	408	409	0	0
MGG_07045T0	3466	3467	514	13.1375
MGG_16100T0	249	250	0	0
MGG_16323T0	609	610	0	0
MGG_16232T0	428	429	16	3.30497
MGG_01275T0	2718	2719	410	13.3622
MGG_11408T0	2647	2648	914	30.5867
MGG_02916T0	7945	7946	981	10.9402
MGG_16427T0	6156	6157	161	2.31719
MGG_15747T0	771	772	32	3.67314
MGG_03669T0	3228	3229	1766	48.4649
MGG_06509T0	1779	1780	534.4	26.6042
MGG_12505T0	1304	1305	8	0.54323
MGG_12141T0	6702	6703	2480.9	32.7978
MGG_15060T0	1772	1773	441	22.0412
MGG_01724T0	1827	1828	1451	70.3389
MGG_01196T0	3660	3661	1691	40.9306
MGG_07182T0	1389	1390	494.469	31.5231
MGG_01222T0	758	759	2796	326.437
MGG_04900T0	2813	2814	537	16.9104
MGG_17104T0	228	229	0	0
MGG_15528T0	2108	2109	524	22.0171
MGG_00753T0	3423	3424	2716	70.2911
MGG_06616T0	2052	2053	0	0
MGG_01741T0	10725	10726	1678	13.863
MGG_07309T0	1320	1321	1558.6	104.553
MGG_07479T0	3269	3270	3460	93.7633
MGG_08556T0	2757	2758	3240	104.101
MGG_17339T0	1652	1653	26.9342	1.44389
MGG_17044T0	180	181	0	0
MGG_08808T0	1063	1064	3717.01	309.569
MGG_04909T0	1614	1615	524	28.7517
MGG_06126T0	2612	2613	3519	119.34
MGG_08035T0	1957	1958	735	33.2644
MGG_15704T0	3529	3530	90	2.25929
MGG_12616T0	1683	1684	353	18.5754
MGG_09845T0	624	625	6	0.850699
MGG_12712T0	2627	2628	251	8.46356
MGG_10156T0	971	972	1116	101.743
MGG_17616T0	1383	1384	0	0
MGG_16451T0	165	166	2	1.06764
MGG_16891T0	417	418	0	0
MGG_15916T0	966	967	178.984	16.4018
MGG_14141T0	264	265	0	0
MGG_00198T0	1824	1825	891	43.2633
MGG_17081T0	561	562	21	3.31122
MGG_04639T0	2058	2059	838.288	36.0779
MGG_16753T0	288	289	18	5.51924
MGG_04901T0	1300	1301	1339	91.2027
MGG_06631T0	2471	2472	1864	66.8193
MGG_15211T0	1151	1152	0	0
MGG_00063T0	6689	6690	5088	67.3947
MGG_05033T0	2229	2230	365.113	14.5087
MGG_07594T0	881	882	207	20.7973
MGG_15306T0	1182	1183	39	2.92136
MGG_05275T0	2048	2049	305.187	13.1986
MGG_01837T0	3433	3434	923	23.818
MGG_09546T0	1179	1180	7408	556.319
MGG_15496T0	3319	3320	729	19.4578
MGG_02641T0	2040	2041	2271	98.6004
MGG_10593T0	663	664	14	1.86838
MGG_18074T0	231	232	0	0
MGG_06082T0	1962	1963	3336.67	150.625
MGG_09096T0	3780	3781	2408	56.4358
MGG_04166T0	1833	1834	793	38.3158
MGG_04246T0	829	830	287	30.6414
MGG_08021T0	1328	1329	595	39.6731
MGG_03204T0	4467	4468	1715.94	34.0324
MGG_01079T0	1351	1352	4405	288.718
MGG_01272T0	2765	2766	704	22.5541
MGG_14642T0	1146	1147	125.342	9.68359
MGG_12475T0	1499	1500	1663	98.2439
MGG_06330T0	531	532	78	12.9923
MGG_01949T0	2889	2890	13.0143	0.399049
MGG_07657T0	1633	1634	197	10.6836
MGG_15971T0	1176	1177	31.6977	2.38647
MGG_00338T0	3456	3457	898	23.0187
MGG_11305T0	1152	1153	140	10.7598
MGG_06201T0	540	541	3794	621.448
MGG_16646T0	528	529	0	0
MGG_00476T0	2612	2613	2598.08	88.1085
MGG_06022T0	5521	5522	1254	20.1236
MGG_06638T0	2743	2744	5334	172.256
MGG_10460T0	758	759	104	12.1422
MGG_01665T0	1709	1710	1488	77.1101
MGG_00480T0	1297	1298	528.509	36.0813
MGG_00408T0	2010	2011	1010	44.5055
MGG_12709T0	2913	2914	1455	44.2464
MGG_16300T0	2163	2164	34	1.39228
MGG_05389T0	333	334	0	0
MGG_01284T0	1784	1785	8840	438.853
MGG_03959T0	2352	2353	226	8.51121
MGG_04482T0	1222	1223	3831	277.581
MGG_05015T0	2460	2461	200.394	7.21569
MGG_07233T0	2384	2385	2630	97.7174
MGG_00031T0	2545	2546	0	0
MGG_02901T0	1320	1321	0	0
MGG_04219T0	2251	2252	986	38.7983
MGG_12124T0	162	163	1049	570.286
MGG_18082T0	1248	1249	5730.41	406.563
MGG_00685T0	2431	2432	1466	53.4164
MGG_13205T0	1159	1160	518.812	39.6329
MGG_10772T0	994	995	88	7.83726
MGG_04717T0	2040	2041	347.491	15.0871
MGG_12827T0	3907	3908	878	19.9088
MGG_03162T0	4670	4671	7577	143.745
MGG_06002T0	1946	1947	801	36.4562
MGG_17093T0	168	169	0	0
MGG_14499T0	2052	2053	0	0
MGG_09525T0	2815	2816	346.162	10.8931
MGG_15015T0	493	494	0	0
MGG_02819T0	2336	2337	820	31.0928
MGG_07179T0	3037	3038	758	22.1099
MGG_03042T0	1310	1311	297	20.0751
MGG_08563T0	1078	1079	251	20.6137
MGG_05579T0	1514	1515	1397	81.7125
MGG_15600T0	3816	3817	790	18.3404
MGG_00487T0	3047	3048	914	26.5727
MGG_17618T0	1396	1397	4190	265.78
MGG_05246T0	3269	3270	1596	43.2504
MGG_17891T0	165	166	53	28.2926
MGG_15516T0	642	643	0	0
MGG_02430T0	936	937	523	49.4614
MGG_03496T0	1655	1656	95	5.08356
MGG_11147T0	153	154	23	13.2346
MGG_07806T0	1401	1402	0	0
MGG_10197T0	2476	2477	1361	48.6897
MGG_16324T0	180	181	0	0
MGG_17540T0	3125	3126	260	7.37036
MGG_01032T0	3280	3281	964	26.0361
MGG_16132T0	162	163	114	61.9758
MGG_01698T0	2371	2372	1092	40.7955
MGG_06943T0	639	640	767	106.199
MGG_13157T0	2961	2962	347	10.3812
MGG_08644T0	842	843	213	22.3901
MGG_13861T0	1233	1234	0	0
MGG_15349T0	1503	1504	731	43.0699
MGG_04508T0	1976	1977	552.935	24.784
MGG_03767T0	1257	1258	0	0
MGG_04447T0	756	757	404	47.2923
MGG_06266T0	2036	2037	5917	257.404
MGG_12996T0	1925	1926	869	39.9823
MGG_03793T0	1020	1021	50	4.33959
MGG_09758T0	4246	4247	358.273	7.47543
MGG_12845T0	786	787	2.63476	0.296668
MGG_09632T0	1392	1393	0	0
MGG_11470T0	3030	3031	1345	39.3225
MGG_00087T0	1598	1599	774	42.8941
MGG_02693T0	1014	1015	0	0
MGG_03268T0	1196	1197	29.4704	2.18171
MGG_16493T0	654	655	3331.57	450.725
MGG_00564T0	585	586	64	9.67803
MGG_17245T0	354	355	19.451	4.85533
MGG_02846T0	5727	5728	2018	31.2193
MGG_15872T0	210	211	10	4.19974
MGG_09755T0	4466	4467	1958	38.842
MGG_10060T0	1208	1209	17	1.24603
MGG_15803T0	3507	3508	254.151	6.42002
MGG_10824T0	1584	1585	11746	656.697
MGG_04104T0	919	920	9814.03	945.288
MGG_08440T0	2505	2506	145	5.12733
MGG_04622T0	1331	1332	2285	152.015
MGG_08927T0	2608	2609	865	29.3797
MGG_16143T0	784	785	34.3183	3.87401
MGG_08210T0	1265	1266	2065	144.541
MGG_15984T0	189	190	0	0
MGG_14636T0	1211	1212	6	0.438685
MGG_17793T0	4683	4684	620	11.7295
MGG_17704T0	2571	2572	1316	45.3408
MGG_16958T0	348	349	0	0
MGG_16692T0	288	289	0	0
MGG_12330T0	1245	1246	40.005	2.84512
MGG_04008T0	1712	1713	1001	51.7823
MGG_01185T0	1800	1801	3787	186.331
MGG_01285T0	3602	3603	11720	288.249
MGG_04967T0	4074	4075	3017	65.6073
MGG_13035T0	993	994	606	54.0245
MGG_03543T0	2398	2399	826	30.5109
MGG_02491T0	5616	5617	738	11.6428
MGG_05343T0	3454	3455	8106	207.904
MGG_08686T0	2166	2167	7	0.286249
MGG_16727T0	318	319	1	0.277788
MGG_08888T0	3220	3221	12449	342.49
MGG_08774T0	2648	2649	641	21.4428
MGG_17656T0	719	720	2209.34	271.916
MGG_17300T0	711	712	45	5.60063
MGG_03182T0	2275	2276	753	29.3175
MGG_12726T0	1222	1223	129	9.34691
MGG_02966T0	1630	1631	183.148	9.95068
MGG_03395T0	814	815	7	0.761106
MGG_16063T0	1849	1850	1.45573	0.069729
MGG_12370T0	1517	1518	1127.42	65.8138
MGG_01274T0	1635	1636	817	44.2531
MGG_13463T0	471	472	7	1.3142
MGG_16349T0	204	205	0	0
MGG_06021T0	3045	3046	1707.07	49.6622
MGG_08947T0	1626	1627	0	0
MGG_03166T0	1374	1375	3	0.193341
MGG_00273T0	405	406	649	141.652
MGG_02872T0	902	903	10844	1064.16
MGG_04385T0	3377	3378	983	25.7869
MGG_12728T0	465	466	50	9.50799
MGG_01681T0	1429	1430	884	54.7798
MGG_00032T0	1891	1892	61	2.85702
MGG_17039T0	162	163	0	0
MGG_17925T0	192	193	0	0
MGG_02475T0	2654	2655	1280	42.7218
MGG_00058T0	1041	1042	169	14.3722
MGG_05849T0	822	823	578	62.2347
MGG_08088T0	3206	3207	2246	62.0605
MGG_16731T0	234	235	6	2.2625
MGG_13518T0	1727	1728	397.244	20.3713
MGG_03763T0	2477	2478	167	5.972
MGG_13427T0	1122	1123	0	0
MGG_10102T0	741	742	11	1.31369
MGG_15025T0	1948	1949	2404	109.302
MGG_09997T0	2767	2768	96	3.07333
MGG_06649T0	4664	4665	2770	52.6178
MGG_17878T0	1358	1359	1124	73.2911
MGG_02617T0	1941	1942	7385	336.981
MGG_17246T0	2440	2441	1591	57.7573
MGG_16354T0	234	235	2	0.754166
MGG_02440T0	3633	3634	1222	29.7983
MGG_17373T0	3639	3640	523	12.7322
MGG_15673T0	159	160	0	0
MGG_08252T0	2028	2029	298	13.0148
MGG_17946T0	339	340	17	4.43072
MGG_03921T0	1621	1622	1045	57.0913
MGG_16041T0	342	343	5	1.29176
MGG_11633T0	2628	2629	444	14.9657
MGG_03210T0	1338	1339	869	57.5101
MGG_11590T0	3306	3307	590.332	15.8186
MGG_01363T0	1062	1063	285	23.7583
MGG_04414T0	1374	1375	105	6.76692
MGG_07802T0	1763	1764	1344	67.5158
MGG_16811T0	312	313	0	0
MGG_17714T0	2251	2252	159	6.25653
MGG_17106T0	282	283	15	4.69688
MGG_04190T0	3265	3266	1795	48.7027
MGG_01895T0	1209	1210	234	17.137
MGG_01195T0	717	718	49	6.04751
MGG_05601T0	1428	1429	482	29.8896
MGG_05074T0	3243	3244	6850	187.117
MGG_08408T0	1035	1036	19	1.62517
MGG_14150T0	2132	2133	742	30.826
MGG_06762T0	3308	3309	1436	38.4558
MGG_08371T0	901	902	59	5.79629
MGG_14570T0	945	946	0	0
MGG_10112T0	1860	1861	0	0
MGG_12264T0	882	883	9	0.903205
MGG_03545T0	4234	4235	403	8.4325
MGG_05369T0	1716	1717	626	32.3079
MGG_17357T0	900	901	2	0.196702
MGG_17137T0	227	228	16	6.21856
MGG_01815T0	3308	3309	1135	30.3951
MGG_11075T0	1682	1683	0	0
MGG_17387T0	581	582	8	1.21807
MGG_15855T0	568	569	11	1.71311
MGG_06394T0	2860	2861	1209	37.4467
MGG_08548T0	1764	1765	87	4.36796
MGG_17440T0	2547	2548	413	14.3633
MGG_17005T0	348	349	1016.26	258.039
MGG_07970T0	1865	1866	90	4.27401
MGG_04486T0	5287	5288	2496	41.8271
MGG_16622T0	231	232	0	0
MGG_09830T0	4723	4724	5935	111.331
MGG_13842T0	3187	3188	1170	32.5216
MGG_04014T0	2398	2399	585	21.6088
MGG_08317T0	1413	1414	454	28.4519
MGG_08103T0	1115	1116	224.532	17.8287
MGG_16316T0	1708	1709	448	23.2295
MGG_07323T0	1978	1979	1332	59.6435
MGG_17428T0	378	379	3	0.701434
MGG_17088T0	455	456	27	5.24691
MGG_01857T0	3269	3270	167	4.52557
MGG_08785T0	1916	1917	211	9.7536
MGG_04607T0	1816	1817	235.633	11.4918
MGG_08748T0	3058	3059	610	17.6707
MGG_09564T0	3877	3878	2496	57.035
MGG_14767T0	6707	6708	6	0.0792616
MGG_16021T0	2461	2462	422	15.189
MGG_13217T0	2930	2931	1486.46	44.9409
MGG_01215T0	3908	3909	4002	90.7227
MGG_03160T0	1396	1397	546.616	34.6729
MGG_03168T0	2001	2002	29	1.28363
MGG_04865T0	2363	2364	197.416	7.40014
MGG_17028T0	423	424	0	0
MGG_10600T0	5398	5399	451.693	7.41369
MGG_17994T0	264	265	30	10.0318
MGG_15912T0	366	367	4	0.965825
MGG_01882T0	1481	1482	108	6.45773
MGG_09708T0	765	766	32	3.70191
MGG_03707T0	2314	2315	153	5.85659
MGG_00887T0	2219	2220	1177	46.9816
MGG_03482T0	1241	1242	36.0604	2.57285
MGG_06159T0	2095	2096	344	14.5436
MGG_04441T0	1875	1876	1792	84.6466
MGG_03340T0	1770	1771	2908	145.506
MGG_05444T0	543	544	3	0.488683
MGG_07022T0	2071	2072	177	7.56986
MGG_05798T0	983	984	67	6.03371
MGG_05722T0	2722	2723	122	3.97024
MGG_01507T0	2816	2817	2640	83.0466
MGG_15487T0	318	319	0	0
MGG_00180T0	1890	1891	628	29.4288
MGG_02734T0	2144	2145	778.689	32.1693
MGG_05150T0	979	980	308	27.8503
MGG_07066T0	2889	2890	402	12.3263
MGG_16923T0	343	344	24	6.1824
MGG_00843T0	882	883	1678	168.398
MGG_02895T0	1582	1583	388.987	21.775
MGG_09437T0	3048	3049	244.873	7.11685
MGG_17302T0	1371	1372	10	0.645878
MGG_18048T0	207	208	89	37.9168
MGG_03838T0	3198	3199	3335	92.3818
MGG_15743T0	205	206	3	1.2905
MGG_06189T0	1896	1897	27854.1	1301.15
MGG_03085T0	978	979	2	0.181031
MGG_09859T0	1023	1024	31	2.68266
MGG_14824T0	4140	4141	42	0.89877
MGG_12615T0	1593	1594	1163	64.6541
MGG_00601T0	2894	2895	755	23.1102
MGG_03404T0	1680	1681	1839	96.9435
MGG_14759T0	900	901	9	0.885161
MGG_03426T0	756	757	3	0.35118
MGG_15890T0	323	324	0	0
MGG_07710T0	1925	1926	602	27.6978
MGG_11201T0	1314	1315	3194	215.235
MGG_08521T0	1287	1288	33	2.2704
MGG_12525T0	1014	1015	44	3.84142
MGG_11362T0	4287	4288	5076	104.899
MGG_01656T0	2124	2125	4303	179.439
MGG_00329T0	2905	2906	82	2.50048
MGG_02856T0	3261	3262	1074	29.1759
MGG_02968T0	699	700	248	31.3948
MGG_15506T0	225	226	0	0
MGG_16429T0	1541	1542	486	27.9291
MGG_11169T0	339	340	184	47.9561
MGG_08632T0	2412	2413	917	33.6757
MGG_09813T0	1224	1225	0	0
MGG_01271T0	664	665	303	40.3762
MGG_06191T0	2560	2561	3189	110.344
MGG_17430T0	1038	1039	724.622	61.8018
MGG_14681T0	2000	2001	878	38.8823
MGG_15817T0	1294	1295	558	38.1829
MGG_03243T0	2417	2418	539	19.7532
MGG_02510T0	636	637	566	78.7375
MGG_17843T0	300	301	8	2.3552
MGG_15065T0	1796	1797	297	14.6458
MGG_11497T0	1953	1954	939	42.5839
MGG_10646T0	4222	4223	2523	52.9421
MGG_04580T0	381	382	0	0
MGG_17293T0	659	660	1.59052	0.213551
MGG_01447T0	5772	5773	1801	27.645
MGG_17271T0	1017	1018	116	10.0975
MGG_12927T0	2300	2301	58	2.23365
MGG_01909T0	976	977	657	59.5903
MGG_03284T0	3639	3640	692	16.8465
MGG_06258T0	3286	3287	933	25.1528
MGG_10372T0	849	850	786	81.9423
MGG_04326T0	3853	3854	1383	31.7991
MGG_06853T0	2088	2089	1916.8	81.3098
MGG_05164T0	2466	2467	2766	99.3545
MGG_05717T0	2323	2324	1176	44.8411
MGG_07756T0	4102	4103	5921	127.879
MGG_12184T0	4610	4611	205	3.9397
MGG_02711T0	1082	1083	10369.7	848.481
MGG_17042T0	3804	3805	1071	24.9425
MGG_10427T0	768	769	2	0.230467
MGG_17869T0	354	355	52.6038	13.1309
MGG_01505T0	228	229	976	377.676
MGG_05978T0	1152	1153	287	22.0575
MGG_04810T0	871	872	656	66.6641
MGG_09008T0	588	589	0	0
MGG_02026T0	2189	2190	0	0
MGG_15585T0	321	322	15	4.128
MGG_10869T0	1539	1540	302	17.3776
MGG_04893T0	2695	2696	451	14.8239
MGG_16197T0	921	922	83	7.97722
MGG_06166T0	1509	1510	574	33.6852
MGG_02274T0	870	871	1	0.101739
MGG_06644T0	2637	2638	1029	34.5657
MGG_15932T0	345	346	0	0
MGG_13024T0	339	340	259	67.5034
MGG_03774T0	2177	2178	344	13.996
MGG_09785T0	1007	1008	39	3.42854
MGG_16762T0	2731	2732	1351.66	43.8419
MGG_10868T0	3375	3376	612	16.064
MGG_02441T0	2310	2311	5113.59	196.079
MGG_17573T0	201	202	1	0.438685
MGG_04176T0	3120	3121	249	7.06985
MGG_06005T0	2845	2846	530.401	16.5148
MGG_15608T0	153	154	0	0
MGG_01449T0	2916	2917	1908	57.9624
MGG_04018T1	2356	2357	74.3575	2.79557
MGG_04018T0	2290	2291	264.345	10.2247
MGG_15815T0	231	232	1	0.381959
MGG_00572T0	1647	1648	1451	78.0216
MGG_01135T0	985	986	3888	349.425
MGG_00511T0	678	679	52	6.78638
MGG_15076T0	1885	1886	2508	117.839
MGG_08613T0	2638	2639	442	14.8418
MGG_00858T0	432	433	869.816	178.01
MGG_02887T0	1725	1726	225	11.5517
MGG_17172T0	189	190	3	1.39918
MGG_12444T0	690	691	1	0.128241
MGG_14099T0	1521	1522	26	1.51378
MGG_07511T0	2843	2844	5809	180.999
MGG_04877T0	2289	2290	524.519	20.2969
MGG_06103T0	3974	3975	2543	56.691
MGG_12484T0	1572	1573	9	0.507012
MGG_07993T0	619	620	0	0
MGG_14795T0	1868	1869	1254	59.4556
MGG_10797T0	1125	1126	862	67.8381
MGG_15108T0	1746	1747	0	0
MGG_02069T0	980	981	91.2623	8.24379
MGG_16628T0	222	223	4	1.5895
MGG_15104T0	984	985	144.84	13.0304
MGG_09797T0	750	751	3284	387.497
MGG_01090T0	4161	4162	1889	40.2193
MGG_17904T0	489	490	76	13.7443
MGG_16854T0	2965	2966	1855	55.4214
MGG_04403T0	216	217	0	0
MGG_14821T0	458	459	7	1.35142
MGG_01030T0	2697	2698	394	12.9407
MGG_13953T0	1404	1405	0	0
MGG_05140T0	1104	1105	172	13.7934
MGG_15873T0	432	433	1913	391.5
MGG_12133T0	1139	1140	502	39.0215
MGG_14678T0	1660	1661	445	23.7408
MGG_11419T0	2384	2385	2132	79.2143
MGG_16838T0	249	250	2	0.708916
MGG_15142T0	1173	1174	9	0.679327
MGG_09752T0	2048	2049	6	0.259486
MGG_15688T0	3367	3368	477	12.5502
MGG_04399T0	1552	1553	1648.61	94.0698
MGG_05624T0	1695	1696	1447	75.6044
MGG_06428T0	2523	2524	1390	48.8011
MGG_07803T0	5187	5188	0	0
MGG_16437T0	240	241	2	0.73539
MGG_04080T0	3169	3170	966	27.0036
MGG_18121T0	523	524	3	0.507335
MGG_15694T0	153	154	0	0
MGG_16883T0	219	220	0	0
MGG_16700T0	276	277	0	0
MGG_03398T0	672	673	107	14.0888
MGG_16848T0	1395	1396	404	25.6449
MGG_08123T0	3147	3148	492.353	13.8595
MGG_17463T0	288	289	7	2.14637
MGG_08113T0	1211	1212	187	13.6724
MGG_00252T0	1998	1999	738.409	32.7332
MGG_10017T0	921	922	0	0
MGG_15275T0	1602	1603	6	0.331682
MGG_14686T0	1056	1057	2	0.167672
MGG_06769T0	2155	2156	3910	160.706
MGG_17052T0	1194	1195	1495	110.861
MGG_01345T0	2025	2026	1207.22	52.8021
MGG_05564T0	753	754	4	0.470103
MGG_06692T0	792	793	2835	316.799
MGG_06965T0	3149	3150	894.539	25.1648
MGG_00598T0	2407	2408	691.914	25.4625
MGG_08115T0	1382	1383	1240.56	79.488
MGG_17349T0	498	499	6	1.0655
MGG_11998T0	1146	1147	0	0
MGG_00438T0	1622	1623	5339	291.505
MGG_02514T0	4274	4275	944.751	19.5833
MGG_14603T0	851	852	7	0.728053
MGG_05332T0	2876	2877	157.137	4.83996
MGG_17196T0	2126	2127	963	40.1202
MGG_14825T0	1872	1873	4858	229.839
MGG_06090T0	4068	4069	2867	62.4374
MGG_06499T0	5344	5345	1270.47	21.0631
MGG_17960T0	4310	4311	1087	22.3438
MGG_15669T0	2778	2779	199.838	6.37226
MGG_05250T0	3254	3255	6077	165.441
MGG_02401T0	1950	1951	273	12.3997
MGG_07903T0	1299	1300	0	0
MGG_16033T0	1805	1806	44	2.15893
MGG_11418T0	1263	1264	2039	142.947
MGG_02083T0	666	667	0	0
MGG_00994T0	1596	1597	2913	161.637
MGG_05206T0	5918	5919	3083.1	46.1576
MGG_02937T0	4334	4335	1590	32.5022
MGG_04679T0	2420	2421	2245	82.1724
MGG_12732T0	639	640	8.06262	1.11635
MGG_01905T0	1104	1105	8	0.641553
MGG_07486T0	3390	3391	574.126	15.0032
MGG_12961T0	1646	1647	2437.09	131.124
MGG_10928T0	2290	2291	460	17.7925
MGG_08841T0	3815	3816	1117.3	25.9457
MGG_00726T0	2812	2813	260	8.19046
MGG_16246T0	426	427	24	4.98067
MGG_01296T0	2313	2314	991.206	37.9582
MGG_16967T0	399	400	0	0
MGG_07729T0	2631	2632	2414	81.2748
MGG_17917T0	246	247	5	1.79382
MGG_04084T0	2608	2609	277.056	9.41019
MGG_05861T0	1643	1644	31	1.67095
MGG_08258T0	2289	2290	3032	117.327
MGG_10684T0	1041	1042	341	28.9996
MGG_11021T0	3466	3467	426	10.8883
MGG_01710T0	1438	1439	652.836	40.202
MGG_02850T0	1681	1682	95	5.00498
MGG_08624T0	986	987	3573	320.79
MGG_06152T0	980	981	2427.33	219.263
MGG_17511T0	153	154	6	3.45251
MGG_08135T0	4597	4598	1693	32.6282
MGG_16291T0	258	259	0	0
MGG_10827T0	774	775	22436.9	2565.47
MGG_16494T0	411	412	1	0.215084
MGG_03649T0	4017	4018	1554.92	34.2927
MGG_14564T0	636	637	38	5.28626
MGG_01524T0	1955	1956	1310.19	59.3565
MGG_04664T0	1747	1748	621	31.4815
MGG_14715T0	585	586	274	41.4341
MGG_15722T0	357	358	13	3.21784
MGG_07556T0	1377	1378	19	1.22182
MGG_04959T0	1006	1007	91	8.00786
MGG_15810T0	4692	4693	188.324	3.55598
MGG_08290T0	1888	1889	133	6.23913
MGG_09647T0	1691	1692	15	0.785589
MGG_16758T0	249	250	2	0.708916
MGG_08648T0	2094	2095	412	17.4268
MGG_00541T0	2889	2890	1439	44.1233
MGG_01312T0	1193	1194	655	48.6118
MGG_03531T0	2643	2644	1314	44.0391
MGG_10015T0	888	889	1	0.0996788
MGG_13512T0	2486	2487	1096	39.0516
MGG_00562T0	1959	1960	183	8.2737
MGG_06856T0	2282	2283	1686	65.442
MGG_17366T0	357	358	0	0
MGG_11643T0	3250	3251	4385	119.525
MGG_16577T0	567	568	3.44376	0.537265
MGG_00740T0	2721	2722	1202	39.131
MGG_09195T0	1458	1459	3867	234.868
MGG_07930T0	354	355	274	68.3954
MGG_16775T0	342	343	0	0
MGG_17318T0	2634	2635	509.38	17.1303
MGG_16481T0	1023	1024	49.1717	4.2552
MGG_11644T0	732	733	296	35.7843
MGG_01461T0	2024	2025	5905	258.404
MGG_10488T0	1362	1363	3	0.195043
MGG_09847T0	2589	2590	787	26.9265
MGG_12117T0	4875	4876	957	17.3921
MGG_15171T0	504	505	0	0
MGG_16792T0	3270	3271	1831.91	49.6282
MGG_14753T0	228	229	51	19.7351
MGG_12186T0	1020	1021	0	0
MGG_04966T0	2252	2253	3698	145.449
MGG_01844T0	4315	4316	759	15.5835
MGG_16032T0	222	223	21	8.34486
MGG_10046T0	2222	2223	11	0.438488
MGG_03372T0	351	352	12464	3137.76
MGG_05268T0	1158	1159	2579	197.184
MGG_17633T0	237	238	16	5.95727
MGG_03320T0	2757	2758	2192	70.4289
MGG_17685T0	174	175	0	0
MGG_00506T0	5201	5202	1929	32.8599
MGG_04235T0	5968	5969	1611	23.9166
MGG_01198T0	1838	1839	561	27.0325
MGG_14672T0	558	559	57	9.03582
MGG_17055T0	267	268	0	0
MGG_08270T0	2873	2874	2541.16	78.3519
MGG_02561T0	225	226	0	0
MGG_12173T0	2528	2529	909	31.8507
MGG_01410T0	1626	1627	891	48.5283
MGG_16249T0	395	396	16	3.58038
MGG_04890T0	4405	4406	5137	103.316
MGG_08722T0	6290	6291	244	3.43696
MGG_07952T0	300	301	0	0
MGG_12595T0	1411	1412	65.115	4.0865
MGG_06797T0	2042	2043	233	10.1063
MGG_10212T0	2319	2320	807	30.8241
MGG_07285T0	3151	3152	1377.37	38.7231
MGG_04503T0	3540	3541	1739	43.5189
MGG_08903T0	2811	2812	2031	64.0028
MGG_04904T0	1918	1919	1222.79	56.4651
MGG_07898T0	1218	1219	0	0
MGG_05131T0	1808	1809	690.746	33.8364
MGG_09309T0	2206	2207	3241	130.131
MGG_04984T0	3894	3895	564	12.8315
MGG_17886T0	183	184	0	0
MGG_16570T0	252	253	0	0
MGG_03699T0	2020	2021	5583	244.797
MGG_17530T0	486	487	8	1.45568
MGG_06667T0	168	169	702	368.091
MGG_12979T0	2728	2729	371	12.0469
MGG_01406T0	3851	3852	193.458	4.45047
MGG_00870T0	1069	1070	703	58.2205
MGG_08376T0	462	463	0	0
MGG_10865T0	2112	2113	139	5.82935
MGG_15893T0	314	315	2	0.562631
MGG_15521T0	462	463	0	0
MGG_03226T0	1979	1980	6258	280.075
MGG_06863T0	2767	2768	580	18.5681
MGG_16876T0	243	244	8	2.90539
MGG_05363T0	3220	3221	7	0.19258
MGG_08159T0	3497	3498	1271	32.1981
MGG_10236T0	4473	4474	225	4.45647
MGG_02804T0	2883	2884	873	26.824
MGG_05985T0	2912	2913	615	18.7085
MGG_00942T0	2049	2050	2547.82	110.134
MGG_00764T0	1690	1691	599	31.3897
MGG_02239T0	516	517	58	9.94127
MGG_06614T0	3808	3809	295.983	6.8859
MGG_17374T0	510	511	1	0.173414
MGG_14845T0	628	629	52	7.32584
MGG_02407T0	777	778	3629	413.344
MGG_10706T0	1425	1426	1455	90.4166
MGG_16319T0	2870	2871	753	23.2416
MGG_08590T0	4023	4024	2120	46.6856
MGG_03951T0	1559	1560	798	45.3297
MGG_03132T0	3053	3054	1160.05	33.6599
MGG_17990T0	288	289	12	3.67949
MGG_14741T0	738	739	0	0
MGG_03378T0	5137	5138	1937	33.4072
MGG_17789T0	367	368	6	1.4448
MGG_02293T0	456	457	0	0
MGG_13256T0	988	989	192	17.2032
MGG_05152T0	2870	2871	336	10.3708
MGG_16440T0	300	301	16	4.7104
MGG_09301T0	1802	1803	1020	50.1313
MGG_07010T0	1556	1557	961.63	54.7298
MGG_03271T0	2030	2031	395.952	17.2758
MGG_08489T0	3229	3230	6	0.164609
MGG_18018T0	249	250	1	0.354458
MGG_07420T0	2054	2055	3	0.129364
MGG_16162T0	318	319	51	14.1672
MGG_12097T0	2977	2978	329	9.78984
MGG_01352T0	3436	3437	854	22.0183
MGG_06926T0	1577	1578	1550.17	87.0517
MGG_17313T0	624	625	26	3.68636
MGG_13006T0	2441	2442	619	22.4621
MGG_05024T0	2315	2316	1461	55.9006
MGG_17275T0	240	241	2	0.73539
MGG_07734T0	4160	4161	2428	51.7077
MGG_04732T0	1849	1850	3876	185.659
MGG_01344T0	1161	1162	382.78	29.1909
MGG_15672T0	2931	2932	1352	40.8618
MGG_15132T0	1833	1834	238	11.4996
MGG_15729T0	321	322	6	1.6512
MGG_07141T0	3107	3108	260	7.41305
MGG_12574T0	1734	1735	1968	100.515
MGG_15447T0	710	711	139	17.3241
MGG_03486T0	1002	1003	2114.66	186.829
MGG_00282T0	2972	2973	2	0.0596128
MGG_17272T0	225	226	0	0
MGG_10162T0	2150	2151	3316	136.609
MGG_16932T0	156	157	0	0
MGG_00035T0	1467	1468	0	0
MGG_07408T0	6753	6754	437	5.73357
MGG_03741T0	5575	5576	2788.76	44.3194
MGG_15705T0	4616	4617	1379	26.4673
MGG_16929T0	747	748	14	1.65856
MGG_08904T0	2601	2602	608	20.7062
MGG_03231T0	1793	1794	2739	135.293
MGG_06060T0	1803	1804	1674	82.2287
MGG_17952T0	246	247	8	2.8701
MGG_16576T0	387	388	0	0
MGG_16151T0	333	334	9	2.38781
MGG_06361T0	3152	3153	2328	65.428
MGG_07277T0	2657	2658	632	21.0701
MGG_04322T0	2621	2622	511	17.27
MGG_03544T0	2879	2880	85	2.61536
MGG_01381T0	4733	4734	3330	62.3334
MGG_08481T0	507	508	0	0
MGG_14838T0	477	478	0	0
MGG_03574T0	2523	2524	735	25.8049
MGG_02261T0	1959	1960	807	36.4856
MGG_00471T0	2948	2949	2668.53	80.1865
MGG_08992T0	324	325	6	1.63596
MGG_17910T0	150	151	0	0
MGG_06973T0	1569	1570	6606	372.858
MGG_11227T0	1197	1198	3604	266.583
MGG_07387T0	2401	2402	346.707	12.7907
MGG_11078T0	2666	2667	190.766	6.33845
MGG_00299T0	2629	2630	1786	60.177
MGG_13156T0	2204	2205	2095	84.1938
MGG_01613T0	3577	3578	620.442	15.3662
MGG_01558T0	4895	4896	3343	60.5062
MGG_12107T0	1838	1839	919	44.2831
MGG_02559T0	1505	1506	18	1.05914
MGG_05059T0	519	520	4393	748.622
MGG_16010T0	176	177	0	0
MGG_02897T0	3023	3024	3335	97.7279
MGG_07222T0	3030	3031	463	13.5363
MGG_17174T0	342	343	29	7.49218
MGG_15410T0	390	391	0	0
MGG_03361T0	1308	1309	1602	108.449
MGG_03217T0	2197	2198	596	24.0283
MGG_09448T0	1116	1117	0	0
MGG_00651T0	1674	1675	0	0
MGG_03664T0	2986	2987	2543	75.4424
MGG_18057T0	2080	2081	1028	43.7749
MGG_01308T0	3544	3545	1377	34.4209
MGG_10033T0	885	886	78	7.80127
MGG_05501T0	2271	2272	0	0
MGG_08325T0	3494	3495	140.278	3.5567
MGG_05520T0	1708	1709	13	0.674071
MGG_15679T0	195	196	2	0.904229
MGG_07429T0	1336	1337	29	1.92208
MGG_14954T0	1602	1603	15	0.829206
MGG_00112T0	1150	1151	108	8.31482
MGG_05689T0	1708	1709	182	9.437
MGG_01027T0	2852	2853	673	20.9034
MGG_14907T0	2118	2119	973	40.6899
MGG_10474T0	1497	1498	57	3.37185
MGG_17708T0	1994	1995	1459.57	64.8318
MGG_07870T0	1742	1743	155	7.88023
MGG_04506T0	1277	1278	1402.83	97.2699
MGG_04252T0	2112	2113	70	2.93564
MGG_05151T0	2514	2515	733	25.8268
MGG_07629T0	2570	2571	1290	44.4623
MGG_03059T0	4920	4921	1957	35.2405
MGG_03286T0	4295	4296	1715.4	35.3839
MGG_14839T0	1152	1153	11	0.845411
MGG_05216T0	3503	3504	1082	27.3633
MGG_14649T0	763	764	243	28.185
MGG_04051T0	2850	2851	330	10.257
MGG_00521T0	3485	3486	920.718	23.4047
MGG_05911T0	441	442	0	0
MGG_01493T0	3281	3282	1307.11	35.2923
MGG_00477T0	2606	2607	616.732	20.9633
MGG_15576T0	1623	1624	1045	57.021
MGG_13106T0	1236	1237	1874	134.247
MGG_09925T0	4335	4336	1261	25.7709
MGG_08570T0	1567	1568	485	27.4094
MGG_03981T0	952	953	185.668	17.2643
MGG_17127T0	225	226	10	3.92099
MGG_05925T0	1660	1661	378	20.1663
MGG_10527T0	1705	1706	83	4.31125
MGG_03877T0	1908	1909	764.894	35.5058
MGG_00714T0	741	742	61	7.28502
MGG_05240T0	2166	2167	95	3.88481
MGG_15829T0	351	352	0	0
MGG_00519T0	2651	2652	1513	50.5557
MGG_11927T0	894	895	96	9.50501
MGG_01823T0	2436	2437	895	32.5441
MGG_17173T0	297	298	13	3.86573
MGG_11693T0	1719	1720	326	16.7955
MGG_15026T0	3779	3780	350	8.20504
MGG_06958T0	2365	2366	23656	885.995
MGG_00527T0	624	625	9539	1352.47
MGG_07219T0	6669	6670	29074	386.263
MGG_05301T0	987	988	135.036	12.1114
MGG_17448T0	820	821	330.919	35.7177
MGG_01752T0	2148	2149	3806	156.941
MGG_06219T0	1372	1373	81	5.2278
MGG_04011T0	5112	5113	561	9.72281
MGG_00364T0	1214	1215	1606.92	117.199
MGG_08813T0	1856	1857	1484.9	70.8584
MGG_03960T0	4628	4629	885.054	16.9429
MGG_02530T0	1760	1761	4	0.201282
MGG_07933T0	2803	2804	1157	36.5645
MGG_09544T0	1118	1119	376	29.7757
MGG_15173T0	2238	2239	156	6.17412
MGG_02285T0	396	397	0	0
MGG_04627T0	3539	3540	326	8.16054
MGG_00959T0	984	985	294	26.4494
MGG_08516T0	1191	1192	0	0
MGG_16617T0	1071	1072	11.0009	0.909361
MGG_08391T0	1080	1081	0	0
MGG_01035T0	2159	2160	783	32.1227
MGG_02370T0	1620	1621	5400	295.199
MGG_00704T0	4175	4176	888	18.8433
MGG_17446T0	177	178	0	0
MGG_00444T0	1348	1349	2594.87	170.454
MGG_07751T0	3524	3525	524	13.1728
MGG_09699T0	3728	3729	758	18.0128
MGG_03159T0	2736	2737	1398	45.2623
MGG_00978T0	1711	1712	2805	145.189
MGG_08630T0	4303	4304	161	3.31481
MGG_17240T0	264	265	102	34.1082
MGG_10877T0	1002	1003	2307	203.822
MGG_07597T0	2137	2138	79	3.27434
MGG_16094T0	1275	1276	5.25548	0.364978
MGG_07365T0	1331	1332	746	49.6294
MGG_03229T0	3106	3107	698	19.9076
MGG_10638T0	2805	2806	1341	42.3492
MGG_14828T0	456	457	0	0
MGG_06057T0	3205	3206	2532	69.985
MGG_05829T0	2190	2191	16	0.647116
MGG_03037T0	942	943	0	0
MGG_17674T0	267	268	1	0.330651
MGG_16056T0	624	625	412.449	58.4783
MGG_17959T0	2824	2825	1574	49.3732
MGG_05138T0	942	943	1473	138.419
MGG_14747T0	1951	1952	942	42.7637
MGG_06561T0	1942	1943	1155	52.6761
MGG_08662T0	438	439	35	7.06493
MGG_14288T0	675	676	0	0
MGG_05115T0	1900	1901	958	44.6568
MGG_03079T0	631	632	2	0.280426
MGG_04562T0	1956	1957	652	29.5231
MGG_15853T0	1757	1758	771	38.8633
MGG_08416T0	1704	1705	0	0
MGG_01465T0	947	948	29	2.71078
MGG_00883T0	5873	5874	3842	57.96
MGG_06006T0	2075	2076	1149	49.0453
MGG_10350T0	936	937	9	0.851153
MGG_16826T0	1836	1837	228	10.9984
MGG_16596T0	3052	3053	426	12.3648
MGG_02519T0	3593	3594	1545	38.0939
MGG_01829T0	1863	1864	127	6.03757
MGG_06597T0	2406	2407	71	2.61389
MGG_04123T0	3353	3354	577	15.2446
MGG_10666T0	1401	1402	636	40.1989
MGG_15529T0	171	172	17	8.75841
MGG_17433T0	168	169	0	0
MGG_07626T0	2124	2125	21	0.875719
MGG_16438T0	180	181	4	1.95833
MGG_17455T0	1363	1364	441	28.6503
MGG_17156T0	336	337	14	3.68131
MGG_00022T0	12204	12205	0	0
MGG_17760T0	348	349	0	0
MGG_05589T0	6759	6760	13	0.170412
MGG_09012T0	1521	1522	724	42.153
MGG_10235T0	1571	1572	21	1.18378
MGG_04017T0	3176	3177	1027	28.6456
MGG_00472T0	1789	1790	2266.47	112.202
MGG_03620T0	2871	2872	3839	118.451
MGG_05914T0	1071	1072	2884	238.399
MGG_04829T0	1291	1292	11204.8	768.501
MGG_06378T0	1018	1019	1340.4	116.564
MGG_10232T0	2051	2052	665	28.7176
MGG_16144T0	1498	1499	4215.77	249.218
MGG_13187T0	1710	1711	2248	116.426
MGG_04345T0	1593	1594	2	0.111185
MGG_01873T0	1761	1762	130	6.53796
MGG_06846T0	1291	1292	578	39.6433
MGG_07070T0	3639	3640	1134	27.6068
MGG_10088T0	627	628	157	22.1536
MGG_00597T0	3386	3387	1520	39.7679
MGG_17746T0	2957	2958	61.8721	1.85354
MGG_17571T0	201	202	2	0.877371
MGG_17779T0	4388	4389	34.681	0.700214
MGG_07255T0	3332	3333	4122	109.592
MGG_08299T0	3670	3671	349	8.42453
MGG_01402T0	1200	1201	60	4.42703
MGG_02205T0	1224	1225	2	0.144677
MGG_03501T0	1262	1263	277	19.4348
MGG_03147T0	3701	3702	3875	92.7555
MGG_07709T0	2339	2340	1060	40.1416
MGG_15557T0	844	845	0	0
MGG_06364T0	3124	3125	1003	28.4417
MGG_05751T0	1630	1631	322	17.4947
MGG_14641T0	339	340	1.37518	0.358414
MGG_01106T0	4509	4510	899	17.6639
MGG_16261T0	216	217	9	3.67525
MGG_15449T0	474	475	5.95126	1.11025
MGG_00005T0	898	899	40.8	4.02166
MGG_00234T0	1224	1225	0	0
MGG_06094T0	3412	3413	785	20.3816
MGG_14757T0	8215	8216	1792	19.3278
MGG_03399T0	1363	1364	309	20.0747
MGG_17641T0	366	367	1	0.241456
MGG_04559T0	2972	2973	1880	56.0361
MGG_00396T0	842	843	287.822	30.2553
MGG_02987T0	1871	1872	1678.2	79.4404
MGG_06353T0	2518	2519	343.587	12.0868
MGG_10087T0	1347	1348	852	56.0085
MGG_14908T0	1569	1570	542	30.5917
MGG_07961T0	829	830	426	45.4816
MGG_11524T0	270	271	6	1.96194
MGG_12322T0	3361	3362	1771	46.6794
MGG_04737T0	842	843	0	0
MGG_00469T0	3524	3525	1266	31.8258
MGG_10544T0	1473	1474	7	0.420829
MGG_04889T0	579	580	6	0.916701
MGG_10274T0	1370	1371	2194	141.809
MGG_16025T0	543	544	77	12.5429
MGG_04522T0	1153	1154	1496	114.876
MGG_08535T0	1288	1289	6101	419.423
MGG_08411T0	594	595	0	0
MGG_12509T0	393	394	6	1.34946
MGG_05758T0	913	914	1074.89	104.213
MGG_09726T0	1646	1647	173	9.30802
MGG_10591T0	2241	2242	998	39.4457
MGG_17913T0	201	202	22	9.65108
MGG_00443T0	634	635	940	131.177
MGG_08422T0	468	469	3	0.56683
MGG_06311T0	1070	1071	295.442	24.4448
MGG_05112T0	2441	2442	1069	38.7915
MGG_18139T0	405	406	0	0
MGG_07090T0	2704	2705	246.883	8.08778
MGG_16436T0	329	330	0	0
MGG_16095T0	1485	1486	4	0.238532
MGG_11261T0	1854	1855	2040	97.452
MGG_09605T0	549	550	1036	166.917
MGG_00610T0	483	484	2	0.366175
MGG_01956T0	1068	1069	0	0
MGG_07610T0	1605	1606	549	30.2922
MGG_06520T0	695	696	419	53.3469
MGG_09782T0	1515	1516	143	8.35875
MGG_17434T0	234	235	16	6.03333
MGG_09876T0	1402	1403	0	0
MGG_04642T0	1692	1693	190.224	9.95665
MGG_05803T0	2902	2903	0	0
MGG_01563T0	4224	4225	3162.12	66.3218
MGG_08040T0	581	582	0	0
MGG_16877T0	407	408	1	0.217192
MGG_00698T0	1093	1094	289.538	23.4527
MGG_05237T0	747	748	13246	1569.23
MGG_00074T0	946	947	38	3.55581
MGG_17716T0	714	715	127	15.7399
MGG_14664T0	2552	2553	275.108	9.54898
MGG_01217T0	2764	2765	1206	38.6506
MGG_07317T0	3105	3106	3172	90.4974
MGG_08014T0	3438	3439	102	2.62829
MGG_00244T0	1245	1246	48	3.41372
MGG_06741T0	1083	1084	405	33.1078
MGG_12092T0	589	590	93.2303	14.0026
MGG_10834T0	1604	1605	1342	74.0938
MGG_08760T0	2404	2405	5425	199.889
MGG_17019T0	1067	1068	406.002	33.6869
MGG_11246T0	2316	2317	2358	90.1825
MGG_03840T0	1392	1393	2176	138.424
MGG_15687T0	753	754	45	5.28866
MGG_01165T0	2925	2926	605	18.3225
MGG_09714T0	3714	3715	229.17	5.46642
MGG_16221T0	2113	2114	486	20.3721
MGG_12605T0	2902	2903	957	29.2126
MGG_05616T0	1986	1987	526	23.4581
MGG_16027T0	1242	1243	55.4413	3.95245
MGG_01119T0	2577	2578	4.3808	0.150583
MGG_16833T0	267	268	1	0.330651
MGG_17963T0	622	623	2	0.284477
MGG_10745T0	2587	2588	614	21.0237
MGG_09189T0	1707	1708	48	2.49034
MGG_03977T0	2639	2640	278	9.33137
MGG_03739T0	2823	2824	43	1.3493
MGG_00907T0	1510	1511	3658	214.528
MGG_16816T0	171	172	0	0
MGG_07975T0	1133	1134	8934	698.132
MGG_12954T0	255	256	0	0
MGG_17401T0	840	841	1	0.105368
MGG_16127T0	405	406	25	5.45656
MGG_03171T0	2205	2206	500	20.0849
MGG_00124T0	3826	3827	2586.41	59.8885
MGG_15657T0	443	444	2	0.399164
MGG_00399T0	5611	5612	791	12.49
MGG_07819T0	3117	3118	12.6	0.358096
MGG_14957T0	2295	2296	0	0
MGG_05862T0	1158	1159	119	9.09846
MGG_07372T0	429	430	67	13.8074
MGG_03952T0	4203	4204	2193	46.2254
MGG_15725T0	1802	1803	1406.07	69.1058
MGG_09489T0	2644	2645	1186	39.7341
MGG_03103T0	2628	2629	2181	73.514
MGG_00212T0	1229	1230	1012.31	72.9312
MGG_07767T0	1248	1249	13	0.922328
MGG_00897T0	447	448	0	0
MGG_14611T0	870	871	0	0
MGG_07577T0	1821	1822	38	1.84816
MGG_05852T0	960	961	0	0
MGG_07546T0	2210	2211	44	1.76347
MGG_17481T0	480	481	33	6.07958
MGG_11871T0	1484	1485	4545	271.214
MGG_00733T0	2105	2106	1083	45.5695
MGG_17234T0	390	391	13	2.94626
MGG_11338T0	781	782	614	69.5771
MGG_16421T0	291	292	33	10.0146
MGG_10831T0	2217	2218	2361.64	94.3533
MGG_07076T0	1549	1550	608	34.7597
MGG_08711T0	2201	2202	152	6.11689
MGG_17474T0	600	601	26.1163	3.85072
MGG_01061T0	1421	1422	1882	117.28
MGG_00877T0	4781	4782	1091.4	20.2246
MGG_03064T0	5095	5096	3184	55.3666
MGG_09028T0	1875	1876	435.854	20.5879
MGG_09260T0	1074	1075	324	26.708
MGG_09717T0	3326	3327	2020	53.8026
MGG_05218T0	4744	4745	1343.17	25.0842
MGG_07307T0	1347	1348	5109	335.854
MGG_02290T0	969	970	13	1.18762
MGG_05952T0	1536	1537	0	0
MGG_07234T0	1017	1018	5966	519.326
MGG_10482T0	2054	2055	633	27.2958
MGG_04949T0	1836	1837	57	2.7496
MGG_06485T0	1738	1739	619	31.5425
MGG_14815T0	1093	1094	0	0
MGG_01478T0	1449	1450	1353	82.6865
MGG_06526T0	978	979	2	0.181031
MGG_16740T0	249	250	1	0.354458
MGG_10704T0	1049	1050	143	12.0684
MGG_04349T0	1563	1564	2072	117.397
MGG_02041T0	1094	1095	958	77.5275
MGG_07648T0	297	298	0	0
MGG_06309T0	2134	2135	1279	53.0857
MGG_09021T0	987	988	7	0.627835
MGG_15784T0	504	505	8	1.40379
MGG_02814T0	1480	1481	2567	153.594
MGG_10480T0	3015	3016	360	10.5773
MGG_17229T0	498	499	0	0
MGG_00410T0	381	382	24	5.5674
MGG_07174T0	4481	4482	1965.92	38.8686
MGG_07120T0	3474	3475	4474	114.09
MGG_09460T0	774	775	3551	406.026
MGG_15583T0	1902	1903	468.754	21.8279
MGG_09418T0	1718	1719	1221	62.9426
MGG_00447T0	5470	5471	8299	134.42
MGG_05030T0	3128	3129	1060	30.0196
MGG_11962T0	1854	1855	47	2.24522
MGG_11818T0	1147	1148	160.654	12.401
MGG_02539T0	1708	1709	163	8.45182
MGG_13669T0	2703	2704	28034	918.72
MGG_08543T0	1105	1106	787	63.0557
MGG_05082T0	4884	4885	3219.66	58.4049
MGG_03078T0	960	961	0	0
MGG_02752T0	789	790	253	28.3791
MGG_04342T0	6785	6786	2926.73	38.2185
MGG_06466T0	1545	1546	1336.39	76.6
MGG_07333T0	2273	2274	2325	90.6019
MGG_07866T0	1023	1024	0	0
MGG_10550T0	1446	1447	0	0
MGG_16914T0	1629	1630	21	1.14166
MGG_00647T0	1875	1876	5133	242.462
MGG_16198T0	3459	3460	2862	73.299
MGG_06149T0	1389	1390	687.034	43.7994
MGG_17491T0	1657	1658	637.591	34.077
MGG_07849T0	1044	1045	50	4.23993
MGG_05056T0	1107	1108	930	74.3786
MGG_06789T0	3745	3746	572	13.5311
MGG_06712T0	3073	3074	11770	339.295
MGG_03304T0	1769	1770	455.44	22.8014
MGG_11382T0	2619	2620	4703	159.066
MGG_08350T0	555	556	56	8.9252
MGG_18106T0	426	427	3	0.622584
MGG_08874T0	2100	2101	206	8.68852
MGG_11657T0	2440	2441	1354	49.1536
MGG_07115T0	1512	1513	1789.35	104.8
MGG_12957T0	1843	1844	300	14.4167
MGG_11346T0	6009	6010	4144	61.1012
MGG_08354T0	777	778	1207	137.478
MGG_13017T0	1548	1549	160.037	9.15532
MGG_10942T0	2660	2661	50	1.66506
MGG_01247T0	1281	1282	43	2.97225
MGG_01112T0	984	985	612	55.0579
MGG_17080T0	195	196	7	3.1648
MGG_14671T0	345	346	0	0
MGG_15979T0	393	394	0	0
MGG_15547T0	447	448	0	0
MGG_04034T0	1749	1750	17945	908.678
MGG_17705T0	381	382	0	0
MGG_09852T0	2142	2143	156	6.4507
MGG_06845T0	550	551	379	60.9526
MGG_02831T0	2671	2672	1867	61.9174
MGG_03082T0	2860	2861	55	1.70353
MGG_06390T0	3295	3296	1389.17	37.3486
MGG_00571T0	2599	2600	283	9.64534
MGG_05350T0	3327	3328	1194	31.7926
MGG_02469T0	1161	1162	143	10.9052
MGG_11084T0	2672	2673	185	6.13306
MGG_00705T0	609	610	199	28.9087
MGG_02564T0	909	910	0	0
MGG_15903T0	651	652	27	3.66962
MGG_03551T0	2918	2919	3383.84	102.726
MGG_00473T0	1071	1072	2322	191.943
MGG_09742T0	1430	1431	421	26.0704
MGG_12371T0	3042	3043	1504.58	43.8146
MGG_01534T0	3356	3357	1921	50.7085
MGG_10577T0	3314	3315	9	0.240582
MGG_00086T0	1275	1276	363	25.2093
MGG_05234T0	1574	1575	59	3.31953
MGG_08883T0	2875	2876	486.446	14.9882
MGG_14578T0	855	856	2.08444	0.215784
MGG_03580T0	2248	2249	2244.82	88.4496
MGG_02275T0	1590	1591	548	30.5221
MGG_15176T0	1492	1493	317.102	18.821
MGG_01391T0	2048	2049	5241	226.661
MGG_04244T0	1854	1855	2824	134.904
MGG_17335T0	477	478	904	167.589
MGG_01236T0	2730	2731	1925	62.4617
MGG_17130T0	213	214	0	0
MGG_11170T0	1442	1443	236	14.4927
MGG_10282T0	378	379	21	4.91004
MGG_04714T0	4576	4577	4342	84.0647
MGG_00750T0	2835	2836	758	23.6847
MGG_12468T0	2260	2261	5802	227.395
MGG_00204T0	2796	2797	1006	31.8721
MGG_16023T0	171	172	0	0
MGG_04032T0	870	871	456	46.3929
MGG_08175T0	1658	1659	1165	62.2278
MGG_02515T0	1601	1602	1836	101.558
MGG_06939T0	2544	2545	406.979	14.1706
MGG_16525T0	243	244	0	0
MGG_07536T0	2402	2403	1107	40.8224
MGG_05269T0	1746	1747	541	27.4416
MGG_02821T0	1964	1965	2171	97.9043
MGG_07144T0	207	208	550	234.317
MGG_16942T0	216	217	0	0
MGG_07158T0	2115	2116	128	5.36042
MGG_07497T0	1506	1507	70	4.11613
MGG_10034T0	372	373	7	1.66301
MGG_17468T0	858	859	8	0.82528
MGG_05155T0	2015	2016	14782.7	649.782
MGG_04461T0	309	310	8	2.28682
MGG_18025T0	313	314	2	0.564423
MGG_12761T0	7704	7705	1240.93	14.2718
MGG_07507T0	1527	1528	115	6.66928
MGG_17615T0	1152	1153	0	0
MGG_06093T0	995	996	780	69.3969
MGG_05053T0	2077	2078	2452	104.563
MGG_01762T0	1207	1208	2027	148.693
MGG_09879T0	1010	1011	141	12.3587
MGG_05099T0	3847	3848	1536	35.3721
MGG_06297T0	3407	3408	1121	29.1481
MGG_06493T0	1164	1165	662	50.3543
MGG_17898T0	222	223	0	0
MGG_17027T0	273	274	0	0
MGG_16271T0	690	691	93	11.9264
MGG_14755T0	2319	2320	796	30.4039
MGG_06448T0	2412	2413	1156.65	42.4766
MGG_03734T0	1018	1019	1328	115.486
MGG_02344T0	381	382	0	0
MGG_07320T0	1174	1175	53	3.99708
MGG_14683T0	3537	3538	898	22.4917
MGG_04088T0	832	833	510	54.2538
MGG_02864T0	357	358	0	0
MGG_07207T0	1743	1744	106	5.38597
MGG_10754T0	909	910	0	0
MGG_06661T0	2632	2633	202.433	6.81294
MGG_07997T0	1850	1851	815	39.0172
MGG_16609T0	592	593	0	0
MGG_09390T0	1890	1891	0	0
MGG_10280T0	333	334	0	0
MGG_06000T0	900	901	3995	392.913
MGG_06834T0	1362	1363	102	6.63146
MGG_10921T0	929	930	85	8.09917
MGG_07265T0	1675	1676	2161.66	114.293
MGG_01490T0	1720	1721	10036	516.755
MGG_16709T0	1809	1810	16	0.783332
MGG_14350T0	3796	3797	1080	25.2051
MGG_16946T0	219	220	0	0
MGG_09874T0	717	718	30	3.70255
MGG_17258T0	1374	1375	17	1.0956
MGG_16433T0	434	435	7	1.42598
MGG_15666T0	321	322	9	2.4768
MGG_07000T0	3464	3465	3654	93.448
MGG_03169T0	3020	3021	1003	29.4208
MGG_01173T0	391	392	0	0
MGG_00392T0	2096	2097	521	22.0163
MGG_15388T0	1587	1588	14	0.781236
MGG_14244T0	906	907	71	6.93674
MGG_10892T0	372	373	21389	5081.43
MGG_02104T0	1474	1475	1338	80.3838
MGG_15647T0	403	404	14	3.0708
MGG_15090T0	2901	2902	1165	35.574
MGG_05812T0	1912	1913	1489.91	69.0162
MGG_17376T0	252	253	112	39.2285
MGG_02731T0	2202	2203	6131	246.616
MGG_01223T0	1191	1192	733	54.4919
MGG_11560T0	2927	2928	698	21.1246
MGG_09378T0	219	220	17	6.84748
MGG_01934T0	651	652	5	0.679559
MGG_15397T0	1077	1078	0	0
MGG_01214T0	988	989	2333	209.037
MGG_17983T0	2037	2038	1105	48.0466
MGG_05785T0	2408	2409	1004	36.9319
MGG_05416T0	444	445	0	0
MGG_18040T0	2368	2369	954	35.6852
MGG_01771T0	1862	1863	706.459	33.6031
MGG_10848T0	1812	1813	72	3.51916
MGG_07908T0	1271	1272	30	2.08996
MGG_17524T0	259	260	0	0
MGG_08439T0	1155	1156	57.0885	4.37618
MGG_04887T0	1911	1912	476	22.0609
MGG_16497T0	408	409	787.233	170.563
MGG_15274T0	2457	2458	0	0
MGG_15257T0	936	937	40	3.7829
MGG_04954T0	2515	2516	1571	55.3312
MGG_18088T0	276	277	0	0
MGG_16970T0	1353	1354	194	12.6966
MGG_06268T0	4232	4233	1563.73	32.7354
MGG_13224T0	2065	2066	962	41.2619
MGG_03254T0	4521	4522	1670	32.7258
MGG_06714T0	1355	1356	1869	122.139
MGG_10561T0	1134	1135	35	2.7326
MGG_16461T0	2446	2447	81.009	2.93362
MGG_04963T0	168	169	416	218.128
MGG_10061T0	4193	4194	437	9.23331
MGG_08316T0	486	487	0	0
MGG_04827T0	2102	2103	1898	79.9763
MGG_06601T0	309	310	3461	989.338
MGG_16898T0	222	223	0	0
MGG_00385T0	3744	3745	816	19.3083
MGG_07704T0	1800	1801	3481	171.275
MGG_02459T0	1923	1924	990	45.5968
MGG_09851T0	1023	1024	46	3.98073
MGG_01206T0	2843	2844	1398	43.5594
MGG_00504T0	3452	3453	853.322	21.8988
MGG_04113T0	1423	1424	962	59.8645
MGG_08749T0	1821	1822	8	0.389087
MGG_16768T0	180	181	4	1.95833
MGG_08651T0	4801	4802	1123	20.7235
MGG_04861T0	1003	1004	3231.86	285.248
MGG_00154T0	741	742	384	45.8598
MGG_07890T0	2033	2034	17	0.740632
MGG_02116T0	3349	3350	285	7.53884
MGG_01488T0	786	787	342	38.5084
MGG_17477T0	1247	1248	13	0.923067
MGG_06957T0	852	853	1246	129.442
MGG_00187T0	1146	1147	367	28.3535
MGG_09095T0	1050	1051	439	37.014
MGG_08430T0	966	967	4613	422.729
MGG_08461T0	1296	1297	1094	74.745
MGG_10555T0	885	886	0	0
MGG_06193T0	2501	2502	1579	55.9242
MGG_11039T0	3539	3540	2332	58.3754
MGG_03876T0	3193	3194	792.189	21.9785
MGG_05581T0	693	694	367	46.861
MGG_06334T0	3581	3582	4548	112.512
MGG_16805T0	1854	1855	79	3.77388
MGG_01827T0	2808	2809	0	0
MGG_04947T0	1848	1849	7746.8	371.27
MGG_00374T0	1353	1354	606	39.6605
MGG_06443T0	771	772	731	83.9083
MGG_09868T0	2047	2048	828.179	35.8343
MGG_01657T0	3717	3718	2151	51.2667
MGG_16142T0	165	166	33	17.6161
MGG_15498T0	441	442	0	0
MGG_10214T0	891	892	184	18.2792
MGG_13641T0	3025	3026	3037.15	88.9409
MGG_16024T0	249	250	20	7.08916
MGG_12547T0	580	581	19	2.89789
MGG_04338T0	2799	2800	1801	56.9981
MGG_07567T0	5032	5033	887	15.6171
MGG_13622T0	2486	2487	180	6.41359
MGG_00500T0	4494	4495	580.123	11.4365
MGG_07627T0	1550	1551	3019.48	172.514
MGG_04151T0	958	959	953.154	88.0743
MGG_06882T0	2972	2973	851.257	25.3729
MGG_04735T0	444	445	0	0
MGG_06537T0	10466	10467	1021	8.64387
MGG_04699T0	3809	3810	1650	38.3763
MGG_16359T0	537	538	18.4329	3.0361
MGG_13430T0	623	624	0	0
MGG_06368T0	4440	4441	2160	43.1
MGG_03215T0	1749	1750	1361	68.9167
MGG_07143T0	1380	1381	573	36.7676
MGG_07329T0	1920	1921	558	25.7402
MGG_05328T0	2389	2390	1700	63.0312
MGG_00288T0	3198	3199	730	20.2215
MGG_06540T0	1230	1231	48	3.45532
MGG_04410T0	3389	3390	464	12.1289
MGG_01890T0	1545	1546	171	9.80147
MGG_07623T0	366	367	233	56.2593
MGG_16900T0	2132	2133	325.061	13.5045
MGG_05011T0	1755	1756	115	5.80334
MGG_03081T0	1548	1549	0	0
MGG_15389T0	468	469	0	0
MGG_17738T0	315	316	16	4.48681
MGG_16019T0	807	808	0	0
MGG_01682T0	2656	2657	444	14.808
MGG_10311T0	1483	1484	33	1.97054
MGG_17974T0	249	250	12	4.25349
MGG_01559T0	2255	2256	565	22.1929
MGG_15560T0	354	355	0	0
MGG_00109T0	2661	2662	1890	62.9156
MGG_15361T0	393	394	0	0
MGG_11439T0	231	232	217	82.8851
MGG_10859T0	8917	8918	1628.91	16.1858
MGG_07585T0	1248	1249	0	0
MGG_05908T0	1681	1682	4802	252.988
MGG_09061T0	2473	2474	191	6.84129
MGG_01375T0	915	916	5	0.483703
MGG_10562T0	3200	3201	2294	63.5056
MGG_01847T0	1521	1522	381.039	22.185
MGG_08580T0	2513	2514	3712	130.842
MGG_03882T0	2234	2235	1308	51.8603
MGG_00021T0	1305	1306	5	0.339259
MGG_14063T0	390	391	0	0
MGG_01599T0	792	793	907	101.353
MGG_14726T0	1380	1381	0	0
MGG_07099T0	2919	2920	1495.84	45.3949
MGG_06237T0	1830	1831	265	12.8251
MGG_05048T0	3216	3217	1437	39.5831
MGG_03123T0	3483	3484	2468	62.7728
MGG_08922T0	2660	2661	2324	77.392
MGG_01176T0	1556	1557	1183	67.3288
MGG_07480T0	1268	1269	984	68.7129
MGG_09614T0	1164	1165	0	0
MGG_08209T0	1435	1436	993.621	61.3156
MGG_12408T0	1203	1204	75	5.52
MGG_09780T0	2432	2433	682.834	24.8701
MGG_10272T0	935	936	11	1.04141
MGG_01601T0	3717	3718	552	13.1563
MGG_05271T0	1652	1653	887	47.5505
MGG_10575T0	1594	1595	456	25.3343
MGG_16226T0	396	397	6	1.33926
MGG_07538T0	720	721	8	0.98324
MGG_07527T0	788	789	542.78	60.9609
MGG_11652T0	1179	1180	73	5.48208
MGG_06383T0	723	724	583	71.3567
MGG_16579T0	3852	3853	0	0
MGG_17638T0	216	217	32	13.0676
MGG_12467T0	947	948	3998.59	373.768
MGG_03117T0	1116	1117	115.263	9.14411
MGG_09465T0	812	813	129.169	14.0791
MGG_03892T0	4906	4907	843.665	15.2356
MGG_17623T0	2617	2618	44	1.48932
MGG_04183T0	2348	2349	6166	232.608
MGG_00556T0	312	313	765	216.582
MGG_08034T0	474	475	0	0
MGG_17922T0	306	307	3	0.865939
MGG_16422T0	180	181	48	23.5
MGG_15247T0	1320	1321	16	1.0733
MGG_03781T0	746	747	26	3.08431
MGG_11462T0	859	860	131	13.4982
MGG_08822T0	1484	1485	1591.91	94.9943
MGG_03582T0	2614	2615	1224.95	41.51
MGG_01166T0	3033	3034	421	12.2962
MGG_17178T0	505	506	4	0.70051
MGG_03674T0	794	795	228	25.414
MGG_15617T0	731	732	14	1.69481
MGG_01607T0	2388	2389	7216	267.661
MGG_15517T0	1769	1770	2	0.100129
MGG_10217T0	453	454	0	0
MGG_04000T0	2394	2395	282	10.4339
MGG_13928T0	2043	2044	872	37.8042
MGG_02235T0	996	997	221	19.6427
MGG_00983T0	2021	2022	467.91	20.5062
MGG_05083T0	1260	1261	3567.3	250.685
MGG_17367T0	168	169	0	0
MGG_08911T0	5408	5409	1347	22.0676
MGG_02118T0	1278	1279	9	0.623558
MGG_09842T0	513	514	2	0.344803
MGG_16680T0	291	292	6	1.82085
MGG_01583T0	2725	2726	714	23.2101
MGG_11796T0	3328	3329	1185	31.5434
MGG_08799T0	351	352	9	2.26571
MGG_16585T0	458	459	0	0
MGG_00435T0	1797	1798	91	4.48494
MGG_10653T0	1998	1999	2910.16	129.006
MGG_15416T0	633	634	56	7.82714
MGG_05386T0	1035	1036	0	0
MGG_02761T0	1600	1601	436	24.1324
MGG_13799T0	222	223	11	4.37112
MGG_01851T0	1091	1092	19	1.54183
MGG_05463T0	1426	1427	490	30.4282
MGG_07834T0	363	364	0	0
MGG_08789T0	615	616	4	0.575419
MGG_17037T0	228	229	0	0
MGG_06025T0	1423	1424	1588	98.8201
MGG_03144T0	4698	4699	730	13.7665
MGG_07789T0	2262	2263	1566.24	61.3308
MGG_10434T0	528	529	0	0
MGG_02328T0	2367	2368	158	5.91262
MGG_10614T0	774	775	3	0.343024
MGG_05002T0	9601	9602	2094	19.325
MGG_01325T0	1781	1782	2152.76	107.052
MGG_15513T0	519	520	0	0
MGG_00706T0	2364	2365	535	20.046
MGG_16760T0	426	427	38	7.88606
MGG_01520T0	1971	1972	1437	64.5735
MGG_16880T0	1173	1174	340	25.6635
MGG_17523T0	276	277	4	1.27963
MGG_08188T0	324	325	18	4.90788
MGG_00577T0	1960	1961	728	32.8972
MGG_07727T0	1231	1232	2028	145.869
MGG_06247T0	2385	2386	1641	60.9457
MGG_11707T0	1302	1303	940	63.9275
MGG_06058T0	3153	3154	260.376	7.3155
MGG_14301T0	393	394	19	4.27329
MGG_16305T0	707	708	42	5.25679
MGG_12580T0	3113	3114	2650	75.4105
MGG_11750T0	1660	1661	10062	536.808
MGG_05685T0	1353	1354	686	44.8962
MGG_04816T0	2151	2152	555.538	22.8758
MGG_14679T0	1714	1715	168	8.6806
MGG_07530T0	1843	1844	142	6.82389
MGG_02967T0	1781	1782	442.852	22.0219
MGG_13110T0	2175	2176	12	0.488683
MGG_04282T0	699	700	8	1.01274
MGG_08277T0	546	547	4	0.648003
MGG_01348T0	5459	5460	2256.33	36.6197
MGG_16330T0	162	163	0	0
MGG_15795T0	2145	2146	739.213	30.5242
MGG_06296T0	986	987	548	49.2003
MGG_03298T0	1808	1809	1059	51.8755
MGG_07621T0	444	445	0	0
MGG_08052T0	2432	2433	67	2.44027
MGG_00369T0	1807	1808	549	26.9078
MGG_09828T0	2580	2581	933	32.033
MGG_18015T0	564	565	2	0.31368
MGG_05310T0	1761	1762	823	41.3903
MGG_01995T0	1715	1716	5318	274.622
MGG_16658T0	348	349	26	6.60165
MGG_07078T0	1745	1746	360.558	18.2993
MGG_06065T0	2632	2633	4122	138.727
MGG_15312T0	357	358	70	17.3268
MGG_08378T0	1605	1606	0	0
MGG_17740T0	375	376	11.917	2.80855
MGG_11519T0	1468	1469	1516	91.4496
MGG_01336T0	1677	1678	660	34.8543
MGG_05593T0	768	769	3	0.3457
MGG_07349T0	735	736	22	2.6488
MGG_11130T0	3117	3118	1266.48	35.9938
MGG_02154T0	327	328	0	0
MGG_09598T0	1725	1726	43	2.20766
MGG_05987T0	612	613	287	41.4883
MGG_10764T0	909	910	765	74.4946
MGG_01107T0	1458	1459	681	41.3615
MGG_15844T0	153	154	6	3.45251
MGG_15636T0	3796	3797	5108	119.211
MGG_00017T0	3414	3415	0	0
MGG_10713T0	1042	1043	6	0.509767
MGG_06020T0	2258	2259	582.931	22.8668
MGG_04880T0	1332	1333	19	1.26307
MGG_01570T0	4942	4943	3224	57.7975
MGG_16799T0	222	223	0	0
MGG_08044T0	1679	1680	20	1.05493
MGG_16428T0	1004	1005	48	4.23233
MGG_00774T0	1003	1004	561.12	49.5253
MGG_09436T0	600	601	204	30.0788
MGG_09534T0	992	993	541.465	48.3199
MGG_01776T0	3484	3485	1249	31.7588
MGG_01688T0	2090	2091	2537	107.515
MGG_01260T0	2691	2692	3654	120.281
MGG_05244T0	7669	7670	3153	36.4278
MGG_10571T0	1777	1778	1044	52.0323
MGG_01051T0	1433	1434	198	12.2355
MGG_07121T0	2073	2074	697	29.7803
MGG_07535T0	3309	3310	2012	53.8647
MGG_12230T0	713	714	0	0
MGG_16711T0	3630	3631	3622.95	88.4179
MGG_16168T0	1275	1276	1.10359	0.0766408
MGG_16645T0	210	211	6	2.51984
MGG_08058T0	1014	1015	79	6.89709
MGG_01612T0	2219	2220	7257.56	289.696
MGG_10443T0	2313	2314	56	2.14452
MGG_01777T0	4248	4249	872	18.1859
MGG_07085T0	705	706	1030	129.282
MGG_09027T0	2803	2804	897.146	28.3524
MGG_17280T0	1731	1732	338	17.2931
MGG_17203T0	491	492	0	0
MGG_01713T0	1140	1141	1092	84.8089
MGG_06190T0	2426	2427	366	13.3634
MGG_02580T0	1575	1576	590	33.1742
MGG_12770T0	3077	3078	49.3116	1.41966
MGG_13543T0	1278	1279	5760	399.077
MGG_08979T0	2919	2920	4	0.12139
MGG_03934T0	975	976	368	33.412
MGG_00436T0	2034	2035	603	26.2577
MGG_06100T0	5526	5527	1573.36	25.2256
MGG_07376T0	414	415	0	0
MGG_04148T0	1840	1841	2669.81	128.508
MGG_07189T0	975	976	1161	105.411
MGG_04202T0	890	891	50129	4985.58
MGG_04137T0	1787	1788	5183.15	256.88
MGG_00980T0	828	829	154	16.4616
MGG_15850T0	716	717	510	63.0312
MGG_06911T0	1483	1484	1240.72	74.0876
MGG_01719T0	1417	1418	1764.97	110.298
MGG_17749T0	177	178	0	0
MGG_16875T0	690	691	10	1.28241
MGG_04969T0	1948	1949	2652	120.578
MGG_05565T0	1135	1136	53	4.1343
MGG_03321T0	1539	1540	364	20.9452
MGG_03454T0	1547	1548	364	20.837
MGG_00851T0	3228	3229	1023.47	28.0874
MGG_02670T0	5292	5293	100	1.67418
MGG_06629T0	1582	1583	1148	64.2637
MGG_07056T0	624	625	721	102.226
MGG_01986T0	999	1000	1701	150.733
MGG_11567T0	1502	1503	804	47.4025
MGG_02433T0	782	783	314.479	35.5905
MGG_09069T0	1776	1777	5.00148	0.249411
MGG_17588T0	1575	1576	15.7889	0.887767
MGG_01062T0	1477	1478	17193	1030.82
MGG_05863T0	1062	1063	204	17.006
MGG_16009T0	280	281	0	0
MGG_06740T0	1764	1765	15	0.753097
MGG_15124T0	1534	1535	7	0.404105
MGG_15008T0	1121	1122	806	63.6571
MGG_04215T0	3442	3443	74.9744	1.92966
MGG_00415T0	1305	1306	28	1.89985
MGG_09348T0	930	931	895	85.1879
MGG_10637T0	1471	1472	975	58.695
MGG_17214T0	2016	2017	2	0.0878676
MGG_10014T0	1314	1315	0	0
MGG_07171T0	5032	5033	2036	35.8472
MGG_14924T0	771	772	56	6.42799
MGG_00417T0	2507	2508	421	14.8751
MGG_06084T0	2999	3000	947	27.9726
MGG_10825T0	1178	1179	1449.83	108.97
MGG_03227T0	548	549	4121	665.173
MGG_09820T0	2396	2397	86	3.17933
MGG_05539T0	1650	1651	64	3.43509
MGG_01848T0	1822	1823	317.961	15.4558
MGG_12462T0	1583	1584	497.732	27.8449
MGG_01723T0	2203	2204	775	31.1598
MGG_07080T0	1418	1419	1796.37	112.181
MGG_08410T0	1527	1528	3	0.173981
MGG_15869T0	452	453	83.8435	16.4012
MGG_16641T0	204	205	16	6.91625
MGG_15620T0	252	253	0	0
MGG_11805T0	1533	1534	1211	69.9557
MGG_06823T0	1509	1510	97	5.69245
MGG_09601T0	2004	2005	106	4.68485
MGG_17881T0	640	641	0	0
MGG_14540T0	1109	1110	125	9.97911
MGG_00963T0	3344	3345	2	0.0529832
MGG_15256T0	1117	1118	0	0
MGG_08857T0	1722	1723	340	17.4863
MGG_02832T0	2624	2625	1041	35.142
MGG_06070T0	3488	3489	2981	75.7122
MGG_04459T0	4709	4710	295	5.55016
MGG_02714T0	1024	1025	464	40.1143
MGG_16857T0	252	253	1	0.350255
MGG_00441T0	612	613	25	3.61397
MGG_17735T0	207	208	0	0
MGG_08675T0	697	698	177	22.471
MGG_04175T0	1744	1745	116.751	5.92882
MGG_08256T0	1364	1365	3638	236.175
MGG_10747T0	969	970	77.8417	7.11123
MGG_07466T0	2021	2022	4788.76	209.868
MGG_01918T0	1587	1588	127	7.08692
MGG_15379T0	701	702	30	3.78694
MGG_09208T0	4624	4625	2397	45.9262
MGG_09600T0	2058	2059	64	2.75441
MGG_16270T0	291	292	27	8.1938
MGG_03218T0	1742	1743	5224	265.589
MGG_00715T0	617	618	24957	3578.56
MGG_05261T0	2398	2399	2150	79.4169
MGG_06615T0	1685	1686	7.01669	0.36879
MGG_17228T0	186	187	0	0
MGG_01144T0	1209	1210	815	59.6866
MGG_01154T0	1703	1704	503.34	26.1756
MGG_05456T0	960	961	4552	419.743
MGG_05139T0	1431	1432	66	4.08419
MGG_00561T0	1126	1127	7	0.5504
MGG_04042T0	3639	3640	320	7.79028
MGG_06425T0	2805	2806	662	20.9062
MGG_04177T0	6583	6584	824	11.0903
MGG_01875T0	951	952	67	6.23652
MGG_05107T0	2205	2206	295	11.8501
MGG_03439T0	1330	1331	2815	187.415
MGG_10155T0	609	610	18	2.61485
MGG_11223T0	1510	1511	52	3.0496
MGG_03906T0	3885	3886	1536	35.0262
MGG_08084T0	5037	5038	13375	235.256
MGG_16218T0	159	160	2	1.10768
MGG_06011T0	1385	1386	4889	312.58
MGG_17362T0	225	226	0	0
MGG_09473T0	885	886	85	8.50139
MGG_01950T0	1560	1561	0	0
MGG_06511T0	1724	1725	3002	154.215
MGG_01053T0	1024	1025	105	9.07758
MGG_05896T0	309	310	6	1.71512
MGG_08097T0	2921	2922	6695	203.037
MGG_00629T0	336	337	12	3.15541
MGG_10613T0	1244	1245	0	0
MGG_18007T0	378	379	12	2.80573
MGG_15895T0	1478	1479	3014.61	180.621
MGG_15390T0	1404	1405	38	2.39669
MGG_18014T0	201	202	0	0
MGG_08855T0	5409	5410	1836	30.0732
MGG_08786T0	1840	1841	30	1.44402
MGG_09235T0	2633	2634	1451	48.8153
MGG_08457T0	3593	3594	25186	620.992
MGG_14198T0	1185	1186	682	50.9571
MGG_09213T0	2910	2911	1028.6	31.3118
MGG_01220T0	2487	2488	595.742	21.2184
MGG_01824T0	4016	4017	1693	37.3473
MGG_00071T0	1309	1310	30	2.02934
MGG_06113T0	1300	1301	120	8.17351
MGG_03715T0	1349	1350	802	52.6436
MGG_02820T0	1016	1017	325	28.3183
MGG_03263T0	2185	2186	501	20.3092
MGG_15220T0	279	280	4	1.26592
MGG_06342T0	3885	3886	1319	30.0778
MGG_09522T0	3647	3648	468	11.3683
MGG_17763T0	171	172	0	0
MGG_12831T0	1840	1841	740	35.6191
MGG_02986T0	5892	5893	343.805	5.16987
MGG_01963T0	1024	1025	469	40.5465
MGG_10020T0	399	400	0	0
MGG_12337T0	1230	1231	404083	29088.2
MGG_10423T0	1815	1816	3085	150.537
MGG_04817T0	2232	2233	397.462	15.7729
MGG_09106T0	483	484	55	10.0698
MGG_16490T0	765	766	572	66.1716
MGG_00814T0	984	985	1209	108.766
MGG_17848T0	1200	1201	494.019	36.4506
MGG_08169T0	2029	2030	516	22.5247
MGG_02284T0	1233	1234	352	25.2774
MGG_08528T0	1760	1761	2	0.100641
MGG_15733T0	264	265	0	0
MGG_13241T0	1172	1173	14	1.05763
MGG_03036T0	1676	1677	197.151	10.4177
MGG_06751T0	1528	1529	5046	292.445
MGG_03124T0	1629	1630	63	3.42498
MGG_07129T0	3465	3466	1260.56	32.2285
MGG_16409T0	1182	1183	1151.1	86.225
MGG_07019T0	2192	2193	473	19.1129
MGG_04144T0	5054	5055	5231	91.6998
MGG_05400T0	906	907	2	0.195401
MGG_08161T0	2660	2661	2304.57	76.7449
MGG_08207T0	3139	3140	432	12.1915
MGG_14928T0	1710	1711	46.115	2.38834
MGG_13866T0	1539	1540	0	0
MGG_17000T0	1735	1736	2001	102.141
MGG_15770T0	799	800	3	0.332304
MGG_10931T0	1021	1022	471	40.839
MGG_06486T0	813	814	203	22.0992
MGG_14639T0	1437	1438	303	18.6719
MGG_02977T0	1809	1810	33	1.61562
MGG_16953T0	669	670	133	17.5906
MGG_15691T0	216	217	2	0.816723
MGG_17754T0	162	163	0	0
MGG_04505T0	2022	2023	627.15	27.4714
MGG_07518T0	3495	3496	3644	92.3659
MGG_00631T0	2994	2995	1948	57.6364
MGG_07048T0	1225	1226	8562	618.856
MGG_03433T0	1594	1595	0	0
MGG_01058T0	2024	2025	2822	123.491
MGG_09751T0	1134	1135	161	12.57
MGG_08493T0	2400	2401	0	0
MGG_17255T0	357	358	7	1.73268
MGG_05028T0	1574	1575	478	26.8938
MGG_16457T0	3267	3268	1385.62	37.5722
MGG_15654T0	1451	1452	324	19.7735
MGG_04554T0	2070	2071	0	0
MGG_14590T0	1472	1473	16	0.962547
MGG_15599T0	2018	2019	402	17.6439
MGG_12022T0	1467	1468	4	0.241456
MGG_12348T0	381	382	10	2.31975
MGG_05504T0	306	307	4	1.15459
MGG_06545T0	3128	3129	164.413	4.65624
MGG_07842T0	1922	1923	73	3.36394
MGG_16113T0	366	367	0	0
MGG_04872T0	3773	3774	2250.77	52.8486
MGG_17987T0	249	250	12	4.25349
MGG_03529T0	2443	2444	2480	89.9197
MGG_01395T0	1023	1024	3	0.259613
MGG_08451T0	333	334	10	2.65313
MGG_17989T0	1158	1159	2307	176.388
MGG_08532T0	411	412	0	0
MGG_13538T0	1665	1666	12	0.638279
MGG_06105T0	1167	1168	530.512	40.2491
MGG_08278T0	1920	1921	897	41.378
MGG_12805T0	2588	2589	3228.95	110.518
MGG_05552T0	1072	1073	368	30.3915
MGG_11895T0	3858	3859	1267	29.0942
MGG_17567T0	189	190	0	0
MGG_17940T0	327	328	41	11.0768
MGG_17449T0	3789	3790	2840.56	66.4155
MGG_15114T0	2149	2150	0	0
MGG_08174T0	1420	1421	359	22.3875
MGG_09645T0	6381	6382	0	0
MGG_13085T0	363	364	0	0
MGG_10716T0	1162	1163	160.702	12.2446
MGG_07713T0	819	820	22	2.37746
MGG_15409T0	835	836	0	0
MGG_04551T0	1287	1288	2151	147.989
MGG_04199T0	2996	2997	1260.61	37.2733
MGG_16152T0	396	397	26	5.80347
MGG_03587T0	2042	2043	1758	76.2527
MGG_08198T0	3996	3997	2568	56.9332
MGG_18004T0	852	853	3	0.311657
MGG_04048T0	1589	1590	16	0.891718
MGG_02637T0	1228	1229	383	27.6154
MGG_09913T0	1867	1868	1981	93.975
MGG_16079T0	186	187	0	0
MGG_01435T0	3115	3116	26	0.739402
MGG_16290T0	270	271	0	0
MGG_09628T0	900	901	0	0
MGG_06871T0	2230	2231	1253.91	49.8046
MGG_08185T0	2655	2656	258	8.60788
MGG_16837T0	156	157	4	2.25769
MGG_10956T0	1139	1140	4	0.310928
MGG_17650T0	165	166	0	0
MGG_00448T0	2304	2305	383	14.7242
MGG_01728T0	1896	1897	1306	61.0071
MGG_18105T0	372	373	0	0
MGG_01414T0	4528	4529	466	9.11776
MGG_11758T0	6947	6948	509	6.49176
MGG_09956T0	3458	3459	2467	63.2009
MGG_14293T0	1459	1460	897.619	54.4808
MGG_12321T0	4125	4126	509	10.9318
MGG_16148T0	1237	1238	184	13.1705
MGG_02774T0	2493	2494	5024	178.508
MGG_07580T0	1761	1762	6	0.301752
MGG_08592T0	582	583	446	67.7908
MGG_03867T0	996	997	23	2.04427
MGG_05664T0	4886	4887	2789	50.5721
MGG_07846T0	1543	1544	0	0
MGG_02949T0	3782	3783	2134	49.9876
MGG_05133T0	3320	3321	2157	57.5554
MGG_10939T0	453	454	0	0
MGG_04617T0	5721	5722	2782	43.0838
MGG_00254T0	1609	1610	10285	566.087
MGG_07200T0	3359	3360	21499	567.001
MGG_07958T0	1458	1459	2	0.121473
MGG_08236T0	7851	7852	11	0.124142
MGG_05330T0	407	408	92.5407	20.0991
MGG_15754T0	225	226	0	0
MGG_15537T0	3875	3876	2019	46.1591
MGG_14326T0	800	801	9	0.995668
MGG_01796T0	1167	1168	44	3.33822
MGG_09696T0	4254	4255	1418.34	29.5382
MGG_16672T0	243	244	0	0
MGG_04633T0	3555	3556	0	0
MGG_06696T0	8818	8819	2233.73	22.4448
MGG_10478T0	528	529	0	0
MGG_00635T0	3636	3637	2870	69.9267
MGG_00491T0	1477	1478	798	47.8446
MGG_08128T0	2992	2993	785	23.2417
MGG_04467T0	1484	1485	17412.8	1039.07
MGG_03197T0	1953	1954	1529	69.3406
MGG_00630T0	3839	3840	320	7.38454
MGG_01725T0	1783	1784	1164	57.818
MGG_04738T0	1213	1214	73	5.32855
MGG_08492T0	1551	1552	0	0
MGG_06847T0	1955	1956	1425	64.5581
MGG_16140T0	198	199	0	0
MGG_14854T0	732	733	892	107.836
MGG_14598T0	2160	2161	1616	66.2661
MGG_10558T0	2479	2480	0	0
MGG_00789T0	963	964	7258	667.182
MGG_00846T0	1380	1381	140	8.98336
MGG_01099T0	1327	1328	709	47.31
MGG_00119T0	1077	1078	7887	648.332
MGG_06901T0	2155	2156	1093	44.9238
MGG_16938T0	594	595	0	0
MGG_06865T0	450	451	5104	1002.86
MGG_14422T0	225	226	0	0
MGG_04983T0	1192	1193	5	0.371393
MGG_04594T0	1554	1555	140	7.97815
MGG_03646T0	3409	3410	4535	117.849
MGG_16223T0	940	941	312	29.3812
MGG_10244T0	647	648	0	0
MGG_03025T0	900	901	985	96.876
MGG_12275T0	1945	1946	31517	1435.18
MGG_05158T0	1842	1843	94	4.51967
MGG_02941T0	2696	2697	1520	49.9422
MGG_15849T0	246	247	0	0
MGG_16342T0	327	328	75	20.2625
MGG_16367T0	180	181	0	0
MGG_01892T0	2198	2199	132.719	5.34825
MGG_00721T0	1212	1213	5940	433.941
MGG_01002T0	1281	1282	259	17.9026
MGG_04094T0	849	850	8	0.834018
MGG_06124T0	6483	6484	742	10.1406
MGG_06918T0	1544	1545	3086	176.999
MGG_03397T0	1684	1685	1649	86.7212
MGG_13933T0	1173	1174	17.9915	1.35801
MGG_05929T0	2667	2668	209	6.94169
MGG_16965T0	1492	1493	24	1.42448
MGG_15614T0	345	346	0	0
MGG_15699T0	329	330	8	2.14823
MGG_17502T0	573	574	1.07546	0.16603
MGG_16173T0	615	616	0	0
MGG_00679T0	1971	1972	1072.52	48.195
MGG_07238T0	2115	2116	205.086	8.58866
MGG_12501T0	1469	1470	10	0.602819
MGG_10523T0	2792	2793	759	24.0811
MGG_09461T0	2996	2997	1281.7	37.8969
MGG_05060T0	2879	2880	1176	36.1842
MGG_05824T0	1594	1595	63	3.50013
MGG_01614T0	2370	2371	656	24.5175
MGG_16131T0	1877	1878	68	3.20862
MGG_05210T0	1233	1234	1629	116.98
MGG_10446T0	1857	1858	390	18.6005
MGG_13509T0	813	814	196	21.3371
MGG_01636T0	3654	3655	2171	52.6353
MGG_14995T0	1353	1354	153	10.0133
MGG_00317T0	1637	1638	1012	54.7484
MGG_03878T0	3235	3236	154.106	4.22004
MGG_09976T0	1983	1984	1469	65.6122
MGG_17358T0	599	600	2.01287	0.297282
MGG_17764T0	2438	2439	202.44	7.35512
MGG_14279T0	1632	1633	26291	1426.68
MGG_07053T0	2067	2068	176	7.54166
MGG_09884T0	3194	3195	2441	67.7019
MGG_16669T0	3333	3334	248	6.5916
MGG_15070T0	2393	2394	173	6.40363
MGG_14426T0	799	800	0	0
MGG_12601T0	1728	1729	437	22.3971
MGG_03810T0	12768	12769	0	0
MGG_02780T0	2782	2783	571	18.1814
MGG_07026T0	1971	1972	1689	75.8975
MGG_04856T0	1964	1965	3616	163.069
MGG_13530T0	2551	2552	2364	82.0864
MGG_02663T0	2321	2322	1213	46.2917
MGG_06315T0	3296	3297	1361.97	36.6061
MGG_06980T0	1983	1984	403	17.9998
MGG_15442T0	786	787	0	0
MGG_05892T0	2597	2598	586.664	20.0104
MGG_02029T0	1827	1828	0	0
MGG_09289T0	1446	1447	2127	130.258
MGG_05229T0	3113	3114	691	19.6636
MGG_09137T0	963	964	0	0
MGG_11142T0	1240	1241	297.721	21.259
MGG_06133T0	1536	1537	4843.54	279.251
MGG_04006T0	4044	4045	215	4.71004
MGG_05874T0	2457	2458	435	15.6824
MGG_07411T0	951	952	57	5.3057
MGG_17583T0	162	163	0	0
MGG_12767T0	3362	3363	5350	140.972
MGG_03603T0	2440	2441	281.787	10.2296
MGG_10200T0	2577	2578	7877	270.759
MGG_12742T0	2946	2947	13.0636	0.392815
MGG_02773T0	2397	2398	3320	122.686
MGG_01826T0	1430	1431	506.519	31.3661
MGG_09941T0	4860	4861	912	16.6255
MGG_02327T0	960	961	127	11.7108
MGG_09595T0	495	496	4	0.714633
MGG_02788T0	2386	2387	812	30.1445
MGG_00300T0	1548	1549	9	0.514868
MGG_01276T0	1002	1003	0	0
MGG_00083T0	910	911	16	1.55635
MGG_17975T0	1493	1494	1218	72.2439
MGG_00530T0	2209	2210	1676	67.2026
MGG_06955T0	2458	2459	589	21.2257
MGG_07681T0	2901	2902	2808	85.7441
MGG_09841T0	1406	1407	85	5.3534
MGG_02882T0	2591	2592	573	19.5895
MGG_02462T0	869	870	1185.98	120.798
MGG_09494T0	1406	1407	527.722	33.2365
MGG_09552T0	2993	2994	1741.39	51.5407
MGG_04365T0	1974	1975	256	11.4862
MGG_08880T0	2376	2377	4521	168.543
MGG_17935T0	2495	2496	74	2.62719
MGG_03006T0	1435	1436	419	25.8562
MGG_02534T0	1875	1876	304	14.3597
MGG_12835T0	747	748	0	0
MGG_03772T0	2061	2062	0	0
MGG_12521T0	1139	1140	4481	348.317
MGG_08906T0	588	589	513	77.1803
MGG_10213T0	1014	1015	362	31.6044
MGG_05989T0	2337	2338	2272	86.1129
MGG_04787T0	915	916	297	28.732
MGG_14982T0	309	310	0	0
MGG_08065T0	2379	2380	1831	68.1736
MGG_15047T0	1704	1705	994	51.6615
MGG_11337T0	918	919	598	57.6621
MGG_14371T0	663	664	265	35.3657
MGG_14046T0	435	436	0	0
MGG_10324T0	1662	1663	660	35.1687
MGG_05325T0	2967	2968	899.818	26.8655
MGG_09005T0	2563	2564	631.362	21.8205
MGG_17488T0	231	232	12	4.58351
MGG_16887T0	4324	4325	4833	99.0228
MGG_02345T0	534	535	0	0
MGG_10958T0	4894	4895	1513	27.3899
MGG_03794T0	999	1000	2	0.177229
MGG_14009T0	1982	1983	1501	67.0753
MGG_00026T0	1218	1219	0	0
MGG_08098T0	2033	2034	1081	47.0955
MGG_10254T0	1230	1231	179	12.8854
MGG_06898T0	2428	2429	1003	36.5913
MGG_12821T0	3710	3711	2532	60.4613
MGG_06758T0	1782	1783	775	38.5172
MGG_15995T0	1557	1558	0	0
MGG_14640T0	1702	1703	884	45.9983
MGG_07084T0	1500	1501	464	27.3931
MGG_17103T0	1358	1359	2449.95	159.751
MGG_07341T0	1029	1030	10909	938.539
MGG_17773T0	351	352	0	0
MGG_03088T0	2571	2572	609.958	21.0152
MGG_00812T0	1134	1135	667.344	52.1025
MGG_08654T0	2560	2561	516	17.8544
MGG_04025T1	1563	1564	122.051	6.91526
MGG_04025T0	1354	1355	524.949	34.3307
MGG_07190T0	3180	3181	3807.59	106.07
MGG_15651T0	306	307	7	2.02053
MGG_17094T0	279	280	0	0
MGG_05931T0	2084	2085	1093.64	46.4806
MGG_10426T0	4455	4456	1120	22.2729
MGG_12853T0	1379	1380	760	48.8022
MGG_04095T0	1470	1471	2528	152.289
MGG_10852T0	2065	2066	1837	78.7922
MGG_08778T0	1336	1337	517	34.266
MGG_05951T0	2163	2164	1272	52.0876
MGG_06183T0	1883	1884	4631	217.82
MGG_14823T0	2519	2520	455	15.9998
MGG_00986T0	1589	1590	476	26.5286
MGG_14674T0	1725	1726	297	15.2483
MGG_03935T0	1158	1159	798	61.0132
MGG_07679T0	1863	1864	0	0
MGG_17160T0	282	283	16	5.01
MGG_00915T0	2741	2742	751	24.2704
MGG_07290T0	1308	1309	28	1.8955
MGG_08144T0	1633	1634	3297	178.802
MGG_08102T0	895	896	835.468	82.6278
MGG_03756T0	932	933	56.5598	5.37193
MGG_15434T0	363	364	0	0
MGG_02549T0	1017	1018	0	0
MGG_17131T0	222	223	1	0.397374
MGG_07697T0	642	643	13	1.79158
MGG_07630T0	354	355	3017	753.098
MGG_10320T0	2610	2611	3459	117.395
MGG_04445T0	3113	3114	1476	42.0022
MGG_17002T0	1778	1779	1246	62.065
MGG_15802T0	180	181	3	1.46875
MGG_10184T0	4212	4213	1321.78	27.8018
MGG_17612T0	743	744	18.3921	2.1906
MGG_10054T0	2554	2555	753.008	26.1164
MGG_11636T0	4950	4951	308.483	5.52132
MGG_11469T0	1062	1063	910	75.86
MGG_09953T0	1410	1411	1289	80.9525
MGG_13215T0	1643	1644	342	18.4344
MGG_15924T0	306	307	1	0.288646
MGG_15838T0	1001	1002	16	1.415
MGG_00164T0	3157	3158	2022	56.7379
MGG_08779T0	999	1000	8	0.708916
MGG_15955T0	246	247	32	11.4804
MGG_02705T0	4519	4520	3268.8	64.0848
MGG_08735T0	2886	2887	1686	51.7506
MGG_08768T0	1433	1434	1127	69.6433
MGG_03591T0	2389	2390	518	19.206
MGG_06095T0	1230	1231	904	65.0751
MGG_09804T0	1191	1192	208	15.4629
MGG_04923T0	6380	6381	924	12.8318
MGG_17321T0	341	342	11	2.85017
MGG_16394T0	933	934	45	4.26943
MGG_08480T0	876	877	90	9.09384
MGG_08659T0	462	463	0	0
MGG_03287T0	2116	2117	1999	83.6752
MGG_00695T0	3548	3549	297.915	7.4386
MGG_09499T0	2902	2903	3291	100.458
MGG_03593T0	1553	1554	4777	272.401
MGG_11491T0	4755	4756	2350	43.7855
MGG_04352T0	1092	1093	1929	156.393
MGG_06388T0	5621	5622	3443	54.2689
MGG_13253T0	2359	2360	748	28.0863
MGG_10955T0	4988	4989	916	16.27
MGG_05525T0	2194	2195	5959.64	240.597
MGG_05578T0	1943	1944	365	16.638
MGG_03686T0	2694	2695	647	21.274
MGG_17132T0	544	545	32	5.20305
MGG_01017T0	5000	5001	224	3.96913
MGG_07775T0	642	643	118	16.2621
MGG_05688T0	1580	1581	48.745	2.73214
MGG_07366T0	1665	1666	439	23.3504
MGG_15245T0	1478	1479	3725	223.184
MGG_18109T0	189	190	0	0
MGG_14713T0	3078	3079	1264	36.3783
MGG_03104T0	1703	1704	114	5.92843
MGG_16114T0	1332	1333	5.0259	0.334109
MGG_09236T0	3964	3965	1478	33.0321
MGG_17742T0	204	205	9	3.89039
MGG_07058T0	1413	1414	738.582	46.2865
MGG_18034T0	625	626	20	2.83113
MGG_12538T0	4519	4520	877	17.1936
MGG_02748T0	4224	4225	206	4.32061
MGG_00449T0	2721	2722	3986	129.764
MGG_10499T0	1394	1395	222.969	14.1636
MGG_02488T0	2835	2836	1816	56.7433
MGG_15259T0	783	784	338	38.2037
MGG_17723T0	703	704	1	0.125873
MGG_09372T0	1910	1911	5391	249.985
MGG_05484T0	4115	4116	2094.48	45.0926
MGG_17265T0	153	154	7651	4402.53
MGG_01424T0	1961	1962	1600	72.2646
MGG_16196T0	2549	2550	286	9.93872
MGG_04773T0	2509	2510	3698	130.556
MGG_08079T0	887	888	342.459	34.1744
MGG_01730T0	4061	4062	1193	26.0259
MGG_07295T0	1487	1488	625	37.2205
MGG_18030T0	581	582	1531.78	233.226
MGG_14269T0	1292	1293	9619	659.229
MGG_16445T0	2639	2640	2735	91.8032
MGG_15988T0	4463	4464	4611	91.5325
MGG_03008T0	3959	3960	1538	34.4164
MGG_15739T0	873	874	4970	503.906
MGG_15492T0	1738	1739	24.3896	1.24282
MGG_00018T0	2408	2409	0	0
MGG_04257T0	1881	1882	29	1.36547
MGG_17731T0	751	752	10	1.17838
MGG_04606T0	4286	4287	279.367	5.77465
MGG_03005T0	2145	2146	201	8.29986
MGG_16416T0	550	551	20	3.2165
MGG_12469T0	762	763	25	2.90349
MGG_09705T0	1502	1503	497	29.3023
MGG_00488T0	1335	1336	1613.51	107.021
MGG_00336T0	2232	2233	1742.64	69.155
MGG_17056T0	297	298	12	3.56837
MGG_15398T0	798	799	0	0
MGG_10239T0	1486	1487	12	0.715113
MGG_10257T0	1332	1333	1	0.0664775
MGG_01389T0	2323	2324	219	8.3505
MGG_08432T0	297	298	2	0.594728
MGG_03222T0	5908	5909	806.423	12.0935
MGG_02691T0	2535	2536	1860	64.9933
MGG_13777T0	849	850	79	8.23593
MGG_03518T0	2621	2622	505	17.0672
MGG_09171T0	1152	1153	81	6.2253
MGG_16117T0	216	217	3	1.22508
MGG_07645T0	1455	1456	0	0
MGG_08540T0	2016	2017	43	1.88915
MGG_02204T0	2073	2074	9	0.384537
MGG_01987T0	3170	3171	989	27.6379
MGG_07684T0	855	856	6	0.621129
MGG_08899T0	819	820	217	23.4504
MGG_06136T0	1413	1414	847	53.0809
MGG_02546T0	444	445	0	0
MGG_17601T0	360	361	0	0
MGG_12009T0	3374	3375	4431	116.341
MGG_07232T0	1613	1614	2540	139.455
MGG_05007T0	1995	1996	1012	44.9288
MGG_04853T0	3275	3276	6038	163.325
MGG_04680T0	2122	2123	915	38.1923
MGG_16926T0	1448	1449	107	6.54365
MGG_05259T0	3008	3009	1405	41.377
MGG_12956T0	5288	5289	3518.18	58.9452
MGG_07815T0	918	919	12.7658	1.23094
MGG_08898T0	3837	3838	4171	96.303
MGG_07301T0	1239	1240	1573.79	112.468
MGG_09806T0	1801	1802	127	6.2453
MGG_09070T0	1274	1275	43	2.98857
MGG_15611T0	228	229	0	0
MGG_15252T0	399	400	0	0
MGG_14558T0	7290	7291	2482.43	30.1714
MGG_07532T0	3856	3857	456.814	10.4953
MGG_14014T0	3372	3373	1989.09	52.2568
MGG_05277T0	2356	2357	291.297	10.9517
MGG_12611T0	2160	2161	84	3.44452
MGG_00863T0	2841	2842	30	0.93541
MGG_02242T0	2292	2293	427	16.5017
MGG_07790T0	1621	1622	10299	562.664
MGG_03262T0	2538	2539	830	28.9681
MGG_05846T0	807	808	168	18.4248
MGG_17029T0	192	193	106	48.6691
MGG_03045T0	1223	1224	1125	81.4471
MGG_15045T0	735	736	0	0
MGG_12096T0	558	559	51	8.08468
MGG_02794T0	1824	1825	1030	50.0125
MGG_15822T0	905	906	20	1.95617
MGG_04919T0	1342	1343	1729.46	114.114
MGG_08370T0	2311	2312	10148	388.953
MGG_11336T0	1526	1527	820	47.586
MGG_02210T0	1788	1789	4	0.198132
MGG_00084T0	1662	1663	785	41.8294
MGG_02437T0	2362	2363	1209.44	45.3552
MGG_02351T0	15858	15859	11	0.0614641
MGG_03516T0	4677	4678	4672	88.5008
MGG_17378T0	570	571	35	5.43171
MGG_17281T0	279	280	0	0
MGG_10252T0	1916	1917	3293	152.221
MGG_06068T0	1269	1270	1059	73.8919
MGG_09311T0	3387	3388	1627.15	42.5587
MGG_16879T0	222	223	6	2.38425
MGG_02756T0	828	829	401	42.8642
MGG_05668T0	758	759	1223	142.787
MGG_09810T0	720	721	0	0
MGG_15020T0	1665	1666	895	47.605
MGG_15006T0	1752	1753	1015.97	51.3577
MGG_03667T0	3149	3150	2248	63.2398
MGG_02400T0	1486	1487	571	34.0275
MGG_09490T0	1701	1702	6	0.312389
MGG_17487T0	399	400	0	0
MGG_11615T0	1161	1162	121	9.2275
MGG_03517T0	2615	2616	2248	76.1488
MGG_01074T0	4748	4749	1269	23.679
MGG_04362T0	1259	1260	1720	120.966
MGG_05732T0	1576	1577	1043	58.608
MGG_05503T0	1380	1381	556	35.6768
MGG_13200T0	1849	1850	3792	181.636
MGG_07035T0	2199	2200	1419	57.1563
MGG_02818T0	2187	2188	75	3.03752
MGG_06654T0	1611	1612	1369	75.2563
MGG_10287T0	1700	1701	4	0.208382
MGG_17413T0	468	469	9	1.70049
MGG_00559T0	1427	1428	510	31.648
MGG_14601T0	1314	1315	90	6.06487
MGG_06206T0	630	631	0	0
MGG_01115T0	4754	4755	941.155	17.5394
MGG_02402T0	246	247	366	131.307
MGG_08949T0	1794	1795	408	20.1419
MGG_06216T0	2268	2269	111	4.33504
MGG_16831T0	988	989	0	0
MGG_05026T0	797	798	6759	750.558
MGG_00138T0	3100	3101	991	28.3189
MGG_02445T0	899	900	581	57.2056
MGG_17038T0	836	837	296	31.338
MGG_08984T0	3027	3028	152	4.44828
MGG_09836T0	957	958	65	6.01246
MGG_17554T0	576	577	0	0
MGG_17830T0	1371	1372	739	47.7304
MGG_05217T0	2884	2885	951.828	29.236
MGG_05450T0	1356	1357	1647	107.552
MGG_01671T0	2111	2112	1767.78	74.1718
MGG_07154T0	1215	1216	643	46.8578
MGG_00379T0	1164	1165	35	2.66224
MGG_16910T0	177	178	14	6.96968
MGG_08926T0	996	997	671	59.6392
MGG_05407T0	426	427	0	0
MGG_07336T0	1267	1268	750	52.4139
MGG_10329T0	2833	2834	375	11.7256
MGG_11731T0	2004	2005	450	19.8885
MGG_06398T0	2420	2421	865	31.6611
MGG_15001T0	408	409	37	8.01647
MGG_04994T0	3370	3371	4616	121.342
MGG_09909T0	2635	2636	1022	34.3566
MGG_03403T0	886	887	17	1.69836
MGG_17059T0	192	193	7	3.214
MGG_09019T0	764	765	9	1.04252
MGG_14526T0	3278	3279	1648.74	44.5569
MGG_09246T0	2741	2742	5794	187.247
MGG_15746T0	150	151	2	1.1737
MGG_13908T0	907	908	2045	199.578
MGG_14547T0	1344	1345	911	60.0206
MGG_00351T0	3049	3050	298	8.65807
MGG_17184T0	165	166	6	3.20293
MGG_15203T0	2592	2593	257	8.78284
MGG_10589T0	1317	1318	14	0.941277
MGG_10370T0	776	777	12766	1455.92
MGG_16126T0	1316	1317	1877.31	126.315
MGG_18089T0	498	499	400	71.0336
MGG_15201T0	348	349	0	0
MGG_00888T0	2288	2289	38	1.4711
MGG_06181T0	1596	1597	136	7.54638
MGG_14778T0	4740	4741	315	5.88769
MGG_08017T0	3363	3364	299	7.87626
MGG_15508T0	1126	1127	159	12.502
MGG_12847T0	1328	1329	57247	3817.09
MGG_02487T0	5611	5612	6610	104.373
MGG_11167T0	1099	1100	1026.22	82.6705
MGG_08787T0	423	424	0	0
MGG_18140T0	726	727	0	0
MGG_16303T0	222	223	0	0
MGG_13276T0	1076	1077	1220	100.38
MGG_04526T0	3814	3815	1131	26.2708
MGG_02243T0	2695	2696	261.972	8.61073
MGG_14921T0	936	937	149	14.0913
MGG_02288T0	660	661	32	4.28996
MGG_01799T0	1878	1879	259	12.2146
MGG_04610T0	3591	3592	195	4.81064
MGG_06734T0	1428	1429	409.332	25.3833
MGG_00857T0	2478	2479	2345.18	83.8311
MGG_07512T0	2487	2488	872	31.0578
MGG_02014T0	1553	1554	0	0
MGG_07687T0	1326	1327	0	0
MGG_17778T0	171	172	515	265.328
MGG_14783T0	736	737	27	3.24639
MGG_17014T0	171	172	0	0
MGG_03290T0	4805	4806	640	11.8005
MGG_02355T0	1089	1090	60	4.87786
MGG_05580T0	1974	1975	700	31.4077
MGG_17394T0	195	196	8	3.61692
MGG_17757T0	525	526	0	0
MGG_03473T0	1868	1869	167	7.91793
MGG_07565T0	1287	1288	86	5.9168
MGG_04367T0	1785	1786	565	28.0331
MGG_12906T0	1851	1852	2738.46	131.03
MGG_17630T0	168	169	0	0
MGG_10743T0	2778	2779	1346	42.9201
MGG_16365T0	566	567	3	0.46886
MGG_03198T0	2971	2972	3320	98.9906
MGG_17337T0	261	262	0	0
MGG_10798T0	603	604	110	16.1384
MGG_02387T0	3216	3217	580	15.9765
MGG_07987T0	1182	1183	2	0.149813
MGG_16590T0	1551	1552	0	0
MGG_15760T0	3756	3757	786.393	18.5483
MGG_07177T0	513	514	11323	1952.1
MGG_08598T0	5972	5973	1852	27.476
MGG_02903T0	825	826	16	1.7165
MGG_06399T0	4532	4533	3115	60.8943
MGG_15923T0	306	307	0	0
MGG_01662T0	2936	2937	2996.73	90.4166
MGG_01420T0	1524	1525	141	8.19321
MGG_15718T0	2045	2046	1235	53.4892
MGG_06959T0	1470	1471	264	15.9036
MGG_07503T0	1946	1947	629	28.6279
MGG_08162T0	1952	1953	3504	158.989
MGG_13836T0	765	766	108	12.4939
MGG_02495T0	504	505	10	1.75474
MGG_10840T0	2823	2824	2111	66.2412
MGG_06505T0	2118	2119	819	34.2498
MGG_08311T0	1428	1429	317	19.6577
MGG_00150T0	1986	1987	8922	397.895
MGG_12003T0	1132	1133	59	4.61452
MGG_07979T0	1554	1555	0	0
MGG_08351T0	744	745	0	0
MGG_16897T0	330	331	4	1.07087
MGG_07062T0	2512	2513	358	12.6239
MGG_16026T0	931	932	93	8.84243
MGG_09118T0	2762	2763	458.755	14.7131
MGG_17860T0	590	591	18	2.69892
MGG_09421T0	630	631	0	0
MGG_13420T0	420	421	0	0
MGG_06785T0	1141	1142	392.118	30.4268
MGG_03265T0	4053	4054	1146	25.0499
MGG_06406T0	1492	1493	603	35.79
MGG_12978T0	1518	1519	597	34.8274
MGG_11761T0	3349	3350	1542	40.7891
MGG_03846T0	4537	4538	3159	61.6864
MGG_07334T0	4261	4262	2023	42.0617
MGG_16822T0	150	151	0	0
MGG_03706T0	1704	1705	185	9.61506
MGG_15307T0	936	937	5	0.472863
MGG_10149T0	1396	1397	626	39.7084
MGG_08607T0	405	406	0	0
MGG_12672T0	2959	2960	2295	68.7061
MGG_01914T0	855	856	1	0.103522
MGG_05178T0	1148	1149	374.59	28.8895
MGG_10148T0	4796	4797	544.131	10.0517
MGG_04212T0	2374	2375	252	9.40246
MGG_10357T0	2217	2218	2958	118.179
MGG_16502T0	153	154	1	0.575419
MGG_08208T0	5090	5091	2146.38	37.3601
MGG_12474T0	2113	2114	1067	44.7264
MGG_10881T0	1287	1288	0	0
MGG_02862T0	2088	2089	579	24.5609
MGG_07282T0	3107	3108	500.391	14.267
MGG_06279T0	3816	3817	3340	77.5406
MGG_05755T0	2570	2571	1036	35.7077
MGG_11535T0	2787	2788	510	16.21
MGG_00346T0	3017	3018	1182	34.7059
MGG_04204T0	2287	2288	1186	45.9339
MGG_03464T0	888	889	1042	103.865
MGG_01508T0	1596	1597	3885	215.571
MGG_05584T0	2702	2703	620	20.3259
MGG_10853T0	3196	3197	739.642	20.5014
MGG_07391T0	787	788	1770	199.045
MGG_04997T0	3344	3345	17	0.450358
MGG_15457T0	1932	1933	0	0
MGG_01439T0	2417	2418	392	14.366
MGG_09700T0	2041	2042	381	16.5338
MGG_15280T0	1268	1269	475.678	33.2167
MGG_11819T0	348	349	7	1.77737
MGG_06620T0	989	990	101	9.04047
MGG_17980T0	234	235	4	1.50833
MGG_17613T0	1276	1277	0	0
MGG_17365T0	2449	2450	198	7.1615
MGG_12214T0	8311	8312	596	6.35397
MGG_17693T0	405	406	13	2.83741
MGG_07876T0	987	988	0	0
MGG_08064T0	1245	1246	468	33.2838
MGG_02654T0	2425	2426	30	1.09581
MGG_15934T0	342	343	0	0
MGG_03442T0	1631	1632	70	3.80087
MGG_17083T0	489	490	8	1.44677
MGG_03014T0	2388	2389	2824	104.75
MGG_06167T0	2212	2213	1815	72.6775
MGG_00680T0	1399	1400	251.483	15.9179
MGG_08706T0	1031	1032	1280	109.909
MGG_00118T0	4756	4757	2371	44.1675
MGG_16993T0	3852	3853	9.5809	0.220349
MGG_05081T0	636	637	20.0456	2.78858
MGG_04239T0	1089	1090	3	0.243893
MGG_16810T0	237	238	0	0
MGG_06246T0	1554	1555	249.991	14.2462
MGG_00466T0	3622	3623	3772	92.2588
MGG_06627T0	1732	1733	1022	52.2585
MGG_15111T0	1324	1325	139	9.29616
MGG_02618T0	856	857	232	23.989
MGG_13562T0	2893	2894	580	17.7596
MGG_08912T0	2259	2260	1136	44.5425
MGG_15929T0	156	157	0	0
MGG_12766T0	3775	3776	1850.76	43.4333
MGG_10194T0	1416	1417	168.025	10.5077
MGG_04082T0	2166	2167	714.185	29.2049
MGG_07193T0	1544	1545	1677	96.1854
MGG_16003T0	435	436	0	0
MGG_17152T0	162	163	0	0
MGG_00332T0	4047	4048	716.358	15.6817
MGG_06109T0	2379	2380	568.537	21.1683
MGG_10352T0	813	814	10	1.08863
MGG_16125T0	1766	1767	5631.69	282.427
MGG_02865T0	1314	1315	0	0
MGG_09281T0	516	517	444	76.1022
MGG_00056T0	1318	1319	402.147	27.0175
MGG_09978T0	1946	1947	1648.72	75.0387
MGG_03692T0	1549	1550	391	22.3537
MGG_09072T0	2064	2065	3349.15	143.721
MGG_06573T0	818	819	559	60.4829
MGG_13916T0	1315	1316	54	3.63616
MGG_15625T0	306	307	0	0
MGG_14517T0	3516	3517	2817	70.9772
MGG_02890T0	2517	2518	329	11.5783
MGG_00853T0	2060	2061	2411	103.663
MGG_17013T0	192	193	0	0
MGG_16230T0	1910	1911	4546	210.801
MGG_11684T0	1526	1527	0	0
MGG_07264T0	2227	2228	1397	55.563
MGG_05691T0	378	379	5	1.16906
MGG_04117T0	2655	2656	1336.76	44.5995
MGG_10074T0	357	358	0	0
MGG_08246T0	698	699	2.27027	0.287809
MGG_06467T0	1727	1728	1113.61	57.1075
MGG_08571T0	2700	2701	684	22.4407
MGG_09574T0	1242	1243	1103.73	78.6855
MGG_14733T0	903	904	181	17.7425
MGG_03568T0	4136	4137	1622.64	34.7569
MGG_08495T0	2232	2233	371	14.7228
MGG_01549T0	3217	3218	718	19.7717
MGG_00341T0	2101	2102	3183	134.186
MGG_02109T0	276	277	55	17.5949
MGG_05946T0	2995	2996	2210	65.3665
MGG_11757T0	3000	3001	428.216	12.6445
MGG_01489T0	3682	3683	1204	28.9687
MGG_08326T0	2052	2053	123.297	5.32192
MGG_16166T0	180	181	19	9.30207
MGG_01357T0	2134	2135	36	1.4942
MGG_12809T0	3377	3378	1693	44.4122
MGG_04709T0	5249	5250	949	16.0181
MGG_01976T0	3584	3585	3157	78.0351
MGG_13165T0	3673	3674	5330	128.556
MGG_14897T0	12929	12930	228	1.56258
MGG_10199T0	4394	4395	4698	94.7237
MGG_06666T0	1810	1811	2475	121.105
MGG_16464T0	237	238	5	1.86165
MGG_15238T0	2559	2560	882.362	30.543
MGG_00195T0	3218	3219	11625	320.02
MGG_06539T0	1019	1020	199	17.2885
MGG_15563T0	3203	3204	1033	28.5701
MGG_00325T0	1548	1549	586	33.5236
MGG_08550T0	1676	1677	40	2.11364
MGG_17897T0	240	241	0	0
MGG_14268T0	1351	1352	467.647	30.6511
MGG_06961T0	1621	1622	833	45.5092
MGG_16818T0	946	947	0	0
MGG_15759T0	1986	1987	2328	103.822
MGG_14864T0	1107	1108	41	3.27905
MGG_02294T0	1620	1621	14	0.765332
MGG_04655T0	2172	2173	980	39.9642
MGG_04618T0	2204	2205	3263.13	131.139
MGG_14696T0	342	343	154	39.7861
MGG_03480T0	3059	3060	3027	87.6588
MGG_03326T0	405	406	1222	266.716
MGG_08693T0	3423	3424	4100	106.11
MGG_16532T0	1251	1252	11.1962	0.792451
MGG_13517T0	3819	3820	45	1.04389
MGG_04427T0	4331	4332	3118	63.7811
MGG_06934T0	4122	4123	2985	64.1558
MGG_03272T0	612	613	60	8.67352
MGG_15702T0	1717	1718	11	0.56738
MGG_15762T0	339	340	44	11.4678
MGG_11374T0	2046	2047	126.894	5.49323
MGG_05871T0	1896	1897	35614	1663.63
MGG_17905T0	979	980	7	0.63296
MGG_16392T0	2105	2106	764	32.1469
MGG_15499T0	153	154	24	13.81
MGG_05897T0	1097	1098	436.612	35.237
MGG_06563T0	3293	3294	1228	33.0354
MGG_08120T0	1989	1990	234	10.42
MGG_04884T0	1872	1873	1325	62.6878
MGG_06896T0	6168	6169	1424	20.455
MGG_09738T0	1860	1861	139	6.61871
MGG_07225T0	990	991	708	63.3088
MGG_01092T0	1458	1459	3285	199.519
MGG_17566T0	381	382	0	0
MGG_01606T0	2557	2558	6196.46	214.658
MGG_07198T0	3424	3425	828	21.4227
MGG_05645T0	1067	1068	3.04114	0.25233
MGG_10215T0	1673	1674	309	16.3571
MGG_16873T0	417	418	0	0
MGG_03291T0	2769	2770	833	26.6483
MGG_01712T0	1601	1602	3634.42	201.038
MGG_09802T0	2669	2670	52	1.72582
MGG_05065T0	4960	4961	2321.79	41.4724
MGG_04216T0	1979	1980	64.0256	2.86545
MGG_00663T0	1297	1298	73.5409	5.02064
MGG_05439T0	2080	2081	676	28.7859
MGG_07347T0	3031	3032	111	3.24413
MGG_00398T0	2671	2672	0	0
MGG_18111T0	258	259	18	6.15853
MGG_18108T0	525	526	0	0
MGG_07126T0	2552	2553	714	24.7829
MGG_17230T0	327	328	0	0
MGG_18031T0	456	457	0	0
MGG_05970T0	1049	1050	1143.33	96.4907
MGG_03613T0	1519	1520	451	26.2928
MGG_03526T0	1317	1318	6.04248	0.406261
MGG_07539T0	4151	4152	5546	118.366
MGG_07788T0	1182	1183	74	5.54309
MGG_17528T0	3624	3625	1899.56	46.4354
MGG_12426T0	351	352	0	0
MGG_07549T0	2392	2393	19	0.703583
MGG_05582T0	801	802	44	4.86164
MGG_05263T0	1326	1327	542	36.1937
MGG_09710T0	1519	1520	2671	155.717
MGG_17713T0	2118	2119	490	20.4913
MGG_13429T0	2914	2915	214	6.50549
MGG_16640T0	398	399	3	0.666274
MGG_05084T0	1508	1509	38	2.23151
MGG_09575T0	1605	1606	184	10.1526
MGG_17621T0	303	304	0	0
MGG_13179T0	1437	1438	28	1.72546
MGG_16724T0	896	897	6	0.592739
MGG_13484T0	1274	1275	2190	152.208
MGG_02384T0	2052	2053	1339	57.7958
MGG_10551T0	507	508	0	0
MGG_10568T0	1621	1622	5419	296.055
MGG_07447T0	3476	3477	4894	124.728
MGG_14605T0	360	361	16	3.92751
MGG_17151T0	162	163	8	4.34918
MGG_03083T0	1474	1475	0	0
MGG_00075T0	1989	1990	856	38.1176
MGG_07242T0	2607	2608	560	19.0276
MGG_14700T0	162	163	178	96.7692
MGG_08182T0	2018	2019	2231	97.9192
MGG_15231T0	258	259	15	5.13211
MGG_02943T0	1011	1012	213	18.6511
MGG_16820T0	567	568	0	0
MGG_04466T0	4529	4530	398.335	7.79211
MGG_05100T0	534	535	0	0
MGG_04675T0	4885	4886	1639	29.7256
MGG_02329T0	2179	2180	42	1.70725
MGG_16908T0	969	970	2029.99	185.45
MGG_06494T0	2599	2600	3735	127.298
MGG_17400T0	5288	5289	78	1.30685
MGG_07504T0	806	807	1784	195.896
MGG_05223T0	1908	1909	798.095	37.047
MGG_06072T0	1746	1747	3143	159.425
MGG_11934T0	1723	1724	676	34.7467
MGG_09110T0	2425	2426	2658	97.0887
MGG_15650T0	170	171	2	1.03643
MGG_04519T0	3032	3033	7162	209.251
MGG_10598T0	3500	3501	19	0.480913
MGG_15043T0	3020	3021	153	4.48792
MGG_04434T0	1335	1336	565	37.4754
MGG_00495T0	1981	1982	52.0786	2.32841
MGG_01852T0	2682	2683	932	30.7822
MGG_16224T0	274	275	14	4.51128
MGG_17200T0	645	646	457	62.6886
MGG_16361T0	3815	3816	8553	198.616
MGG_05174T0	1622	1623	682	37.2366
MGG_16386T0	444	445	0	0
MGG_08202T0	2681	2682	1368	45.1993
MGG_09148T0	1023	1024	0	0
MGG_15408T0	2227	2228	192	7.63643
MGG_00407T0	1916	1917	1478	68.3214
MGG_10953T0	1380	1381	0	0
MGG_03817T0	1771	1772	21	1.05017
MGG_02077T0	405	406	17	3.71046
MGG_01903T0	1208	1209	0	0
MGG_17033T0	294	295	0	0
MGG_07153T0	1318	1319	1258	84.5163
MGG_00585T0	354	355	2	0.499236
MGG_15706T0	443	444	1.34344	0.268128
MGG_16541T0	201	202	53	23.2503
MGG_16523T0	282	283	233	72.9582
MGG_07651T0	342	343	0	0
MGG_11548T0	2700	2701	852	27.9524
MGG_10736T0	1420	1421	529.12	32.9962
MGG_02557T0	1076	1077	0	0
MGG_00969T0	1752	1753	2576	130.217
MGG_15205T0	1033	1034	35	2.99952
MGG_10832T0	948	949	3734.92	348.754
MGG_03337T0	2736	2737	167	5.40687
MGG_08077T0	2146	2147	864	35.6604
MGG_03167T0	1219	1220	34	2.46958
MGG_10533T0	1594	1595	1554	86.3366
MGG_18102T0	162	163	0	0
MGG_02523T0	2133	2134	643	26.7006
MGG_12476T0	1419	1420	185	11.5448
MGG_10705T0	1995	1996	536	23.7963
MGG_16159T0	1290	1291	0	0
MGG_13867T0	813	814	0	0
MGG_06786T0	1844	1845	750.882	36.0645
MGG_17111T0	1457	1458	376.278	22.8695
MGG_15383T0	1947	1948	94.307	4.29002
MGG_02489T0	1968	1969	2826.7	127.215
MGG_12865T0	2794	2795	2430	77.0423
MGG_05636T0	1462	1463	335.295	20.309
MGG_15435T0	1533	1534	0	0
MGG_11079T0	2469	2470	965	34.6206
MGG_01067T0	1522	1523	384	22.3427
MGG_15606T0	1921	1922	707	32.5965
MGG_00050T0	4599	4600	375	7.224
MGG_02373T0	993	994	129	11.5003
MGG_07266T0	1523	1524	1000.34	58.1656
MGG_02129T0	2661	2662	1534	51.0648
MGG_06333T0	701	702	6375	804.725
MGG_17073T0	1863	1864	160	7.60639
MGG_17451T0	198	199	0	0
MGG_04683T0	1933	1934	100	4.58193
MGG_15581T0	201	202	0	0
MGG_09513T0	2095	2096	308	13.0216
MGG_16449T0	282	283	0	0
MGG_14692T0	1638	1639	842	45.5237
MGG_15395T0	372	373	0	0
MGG_11613T0	1887	1888	20	0.938713
MGG_05324T0	1761	1762	683.182	34.3586
MGG_17791T0	354	355	752	187.713
MGG_07644T0	1659	1660	295	15.7478
MGG_11620T0	219	220	52	20.9452
MGG_01315T0	1812	1813	486.162	23.7623
MGG_16828T0	1391	1392	39	2.48273
MGG_07079T0	1762	1763	209.63	10.5367
MGG_16737T0	564	565	6	0.941039
MGG_03859T0	3255	3256	1927	52.4447
MGG_10783T0	1048	1049	0	0
MGG_08645T0	3918	3919	1259	28.4679
MGG_10750T0	2969	2970	768	22.9144
MGG_09284T0	1497	1498	344.633	20.3868
MGG_05964T0	1070	1071	453.035	37.4841
MGG_17669T0	3119	3120	1462	41.5238
MGG_16317T0	556	557	27	4.29549
MGG_14613T0	1996	1997	0	0
MGG_03293T0	1080	1081	371	30.4125
MGG_10207T0	1490	1491	0	0
MGG_04353T0	483	484	10	1.83088
MGG_08212T0	2770	2771	1896	60.6326
MGG_00201T0	2850	2851	881	27.3831
MGG_10180T0	3214	3215	1311	36.1349
MGG_06310T0	603	604	1682.56	246.853
MGG_07857T0	1125	1126	0	0
MGG_05274T0	1598	1599	1041.81	57.7359
MGG_08845T0	3418	3419	1110	28.7692
MGG_16794T0	177	178	1	0.497834
MGG_04685T0	5534	5535	3674	58.8202
MGG_04574T0	1110	1111	1424	113.58
MGG_13426T0	2325	2326	0	0
MGG_07522T0	1888	1889	30	1.40732
MGG_15905T0	366	367	164	39.5988
MGG_00650T0	1195	1196	670	49.6419
MGG_08976T0	1011	1012	751	65.7603
MGG_07765T0	3343	3344	464	12.2958
MGG_16134T0	1274	1275	216	15.0123
MGG_14663T0	1710	1711	154	7.97582
MGG_11498T0	2525	2526	204	7.15651
MGG_07706T0	2614	2615	722	24.4664
MGG_10740T0	1169	1170	1454.84	110.188
MGG_04696T0	1036	1037	19723	1685.38
MGG_00913T0	2177	2178	776	31.5725
MGG_09630T0	1816	1817	5	0.243848
MGG_07227T0	1582	1583	37	2.07122
MGG_16535T0	886	887	3013.51	301.06
MGG_06599T0	3268	3269	3016.04	81.7574
MGG_07622T0	303	304	0	0
MGG_09356T0	369	370	0	0
MGG_06604T0	1419	1420	1070	66.7729
MGG_16593T0	171	172	0	0
MGG_06228T0	1065	1066	0	0
MGG_09991T0	1876	1877	2185	103.155
MGG_00901T0	1950	1951	1895	86.0709
MGG_17194T0	547	548	136	21.9919
MGG_14630T0	294	295	6	1.80233
MGG_11902T0	3407	3408	1671.37	43.4587
MGG_03895T0	1181	1182	1801.04	135.024
MGG_16453T0	150	151	7	4.10796
MGG_17096T0	240	241	0	0
MGG_12301T0	2260	2261	2252	88.2617
MGG_00117T0	2716	2717	809	26.3854
MGG_15431T0	1374	1375	125	8.05586
MGG_04527T0	1916	1917	1019	47.1039
MGG_06872T0	3225	3226	799.095	21.9502
MGG_17967T0	537	538	4	0.658844
MGG_03528T0	906	907	398	38.8848
MGG_16207T0	257	258	1	0.343467
MGG_04005T0	1152	1153	1289	99.0668
MGG_08191T0	692	693	18	2.30167
MGG_16769T0	275	276	3	0.963201
MGG_01961T0	1532	1533	1	0.0578046
MGG_09243T0	1434	1435	265	16.3643
MGG_03096T0	1238	1239	65	4.64886
MGG_13944T0	738	739	595	71.3472
MGG_05467T0	2344	2345	7759	293.202
MGG_06328T0	3880	3881	2050	46.8074
MGG_03437T0	1924	1925	494	22.7405
MGG_13005T0	2375	2376	1190.46	44.399
MGG_01579T0	1487	1488	7806	464.869
MGG_07007T0	1595	1596	2000.41	111.069
MGG_03065T0	983	984	2337	210.459
MGG_06928T0	2953	2954	1565.69	46.9677
MGG_15883T0	201	202	0	0
MGG_12463T0	4768	4769	1087	20.1979
MGG_16431T0	429	430	1	0.20608
MGG_09960T0	3938	3939	1647	37.052
MGG_10662T0	3317	3318	1373	36.669
MGG_13176T0	5891	5892	1264.3	19.0148
MGG_17418T0	276	277	8	2.55926
MGG_14523T0	708	709	19	2.37472
MGG_14884T0	1557	1558	123	6.99588
MGG_01004T0	2312	2313	1752	67.1217
MGG_09154T0	1182	1183	130	9.73785
MGG_17020T0	1068	1069	0	0
MGG_07968T0	1801	1802	233	11.4579
MGG_15351T0	1117	1118	17	1.34745
MGG_03985T0	3885	3886	2081	47.4541
MGG_08683T0	2109	2110	422	17.7229
MGG_10331T0	618	619	11	1.57473
MGG_00249T0	4311	4312	1504	30.9082
MGG_00309T0	2012	2013	1114	49.0395
MGG_10493T0	2976	2977	1370	40.7799
MGG_02792T0	2091	2092	2389	101.195
MGG_06971T0	3756	3757	4523	106.682
MGG_06760T0	3539	3540	2638.13	66.0387
MGG_08195T0	1938	1939	880	40.217
MGG_04412T0	1573	1574	1324	74.5397
MGG_13032T0	1622	1623	354	19.3281
MGG_01473T0	1957	1958	9011	407.817
MGG_07178T0	3379	3380	1706	44.7267
MGG_05811T0	3644	3645	6512	158.315
MGG_09870T0	1284	1285	23	1.5861
MGG_05051T0	1303	1304	59	4.0094
MGG_04689T0	1870	1871	12948	613.244
MGG_00971T0	1575	1576	1552.49	87.2927
MGG_01863T0	1986	1987	291	12.9778
MGG_09517T0	3059	3060	3311	95.8832
MGG_17355T0	372	373	0	0
MGG_15135T0	843	844	16	1.67989
MGG_15865T0	2194	2195	1690	68.2271
MGG_10897T0	1974	1975	0	0
MGG_03070T0	1981	1982	1074	48.0181
MGG_14978T0	774	775	0	0
MGG_08990T0	882	883	14	1.40499
MGG_05519T0	1664	1665	42	2.23532
MGG_13385T0	3328	3329	1065.97	28.375
MGG_00475T0	3843	3844	1182	27.2483
MGG_09928T0	3607	3608	3092.69	75.9581
MGG_00956T0	1536	1537	748.437	43.1505
MGG_12442T0	1691	1692	70	3.66608
MGG_14841T0	342	343	13	3.35857
MGG_16376T0	165	166	13	6.93969
MGG_08356T0	1455	1456	19	1.15637
MGG_06514T0	2708	2709	4800.51	157.03
MGG_17811T0	744	745	1905	226.591
MGG_01078T0	1442	1443	662	40.6533
MGG_06420T0	3223	3224	5014.13	137.818
MGG_09952T0	822	823	9639	1037.86
MGG_17542T0	3201	3202	87	2.4077
MGG_08315T0	2249	2250	29	1.14214
MGG_05193T0	3794	3795	10392	242.657
MGG_05515T0	1295	1296	10	0.683754
MGG_03929T0	2143	2144	824	34.0571
MGG_04272T0	652	653	0	0
MGG_02420T0	1524	1525	66	3.83512
MGG_04563T0	1241	1242	18	1.28427
MGG_05321T0	1241	1242	1459	104.097
MGG_04429T0	4163	4164	642	13.6625
MGG_00179T0	4171	4172	7841	166.545
MGG_01083T0	2371	2372	828	30.9329
MGG_14745T0	1174	1175	0	0
MGG_16217T0	295	296	4	1.19749
MGG_07753T0	994	995	10732	955.789
MGG_15812T0	174	175	0	0
MGG_14989T0	1144	1145	0	0
MGG_14878T0	930	931	238	22.6533
MGG_01407T0	1944	1945	1357	61.8251
MGG_02059T0	10815	10816	77	0.630854
MGG_14113T0	685	686	3014	389.335
MGG_03020T0	1413	1414	5	0.313347
MGG_01748T0	3898	3899	756.11	17.1845
MGG_16761T0	844	845	545	57.1537
MGG_03148T0	3141	3142	683	19.2628
MGG_11284T0	198	199	0	0
MGG_06101T0	3677	3678	2825	68.063
MGG_12552T0	276	277	0	0
MGG_05135T0	3028	3029	1045	30.5718
MGG_00278T0	285	286	17	5.26729
MGG_02918T0	428	429	3	0.619682
MGG_11240T0	2431	2432	770	28.0564
MGG_16770T0	3124	3125	78.9084	2.23758
MGG_10791T0	1155	1156	367	28.1328
MGG_16473T0	858	859	0	0
MGG_02012T0	720	721	0	0
MGG_09138T0	1149	1150	24369	1877.78
MGG_02460T0	1817	1818	1172	57.1266
MGG_10710T0	2198	2199	1410	56.8196
MGG_02630T0	3730	3731	2558	60.7547
MGG_16169T0	168	169	0	0
MGG_07291T0	6347	6348	2157	30.1105
MGG_10471T0	1148	1149	5	0.385616
MGG_14746T0	4982	4983	4853	86.3026
MGG_14959T0	831	832	1	0.106508
MGG_05326T0	2115	2116	2520	105.533
MGG_04163T0	5326	5327	1359.93	22.6224
MGG_06242T0	2305	2306	893	34.316
MGG_03578T0	886	887	17894	1787.67
MGG_16463T0	1016	1017	72	6.27359
MGG_18037T0	666	667	0	0
MGG_05013T0	1110	1111	769	61.3362
MGG_04106T0	1632	1633	798	43.3033
MGG_01081T0	1508	1509	2014.48	118.298
MGG_09273T0	3951	3952	134	3.00464
MGG_02933T0	2113	2114	390	16.348
MGG_05410T0	417	418	0	0
MGG_09433T0	1938	1939	382	17.4578
MGG_01831T0	1759	1760	135	6.79713
MGG_17543T0	363	364	3	0.730339
MGG_02666T0	764	765	1	0.115836
MGG_11894T0	696	697	67	8.51818
MGG_18029T0	330	331	0	0
MGG_01972T0	1414	1415	1363.58	85.3945
MGG_15626T0	204	205	0	0
MGG_12655T0	276	277	11	3.51899
MGG_04030T0	2815	2816	1610	50.6638
MGG_18079T0	518	519	0	0
MGG_15546T0	234	235	0	0
MGG_11545T0	1710	1711	130	6.73283
MGG_02562T0	1412	1413	0	0
MGG_12973T0	2273	2274	10156	395.764
MGG_08424T0	696	697	0	0
MGG_10222T0	255	256	0	0
MGG_12020T0	1602	1603	136	7.51813
MGG_07263T0	1794	1795	298	14.7115
MGG_07668T0	834	835	0	0
MGG_15319T0	255	256	137	47.4226
MGG_11229T0	2190	2191	1524	61.6378
MGG_14157T0	1918	1919	527	24.3355
MGG_17279T0	255	256	16	5.5384
MGG_01293T0	932	933	204	19.3755
MGG_15972T0	342	343	0	0
MGG_03897T0	2818	2819	300.383	9.44246
MGG_13977T0	2892	2893	65	1.99099
MGG_05404T0	1299	1300	0	0
MGG_10914T0	309	310	0	0
MGG_12923T0	4096	4097	4833.12	104.536
MGG_02376T0	3982	3983	4303	95.7339
MGG_16266T0	1127	1128	209	16.4188
MGG_15656T0	649	650	79	10.7701
MGG_03369T0	1108	1109	102.049	8.15417
MGG_17692T0	761	762	0	0
MGG_11308T0	1706	1707	122	6.33331
MGG_04778T0	1467	1468	91	5.49313
MGG_15845T0	322	323	24	6.58436
MGG_02448T0	1239	1240	454	32.4443
MGG_10615T0	993	994	0	0
MGG_05126T0	1376	1377	17	1.09401
MGG_07837T0	1833	1834	0	0
MGG_04524T0	2787	2788	214.804	6.82737
MGG_03821T0	1656	1657	0	0
MGG_03499T0	729	730	671	81.4525
MGG_06414T0	2034	2035	635	27.6512
MGG_05071T0	2881	2882	449.205	13.812
MGG_01638T0	4081	4082	2208	47.9326
MGG_17877T0	5118	5119	1844	31.9213
MGG_08436T0	3271	3272	6	0.162496
MGG_00366T0	1398	1399	373	23.6263
MGG_15075T0	1243	1244	573	40.8168
MGG_04023T0	1091	1092	783	63.5395
MGG_06049T0	1268	1269	885	61.7997
MGG_16420T0	393	394	11	2.47401
MGG_16004T0	420	421	0	0
MGG_00890T0	3104	3105	647	18.4649
MGG_01277T0	1462	1463	218	13.2043
MGG_15928T0	1362	1363	0	0
MGG_05907T0	498	499	6397	1136.01
MGG_16229T0	162	163	20	10.8729
MGG_07494T0	2631	2632	1010	34.0048
MGG_01707T0	1235	1236	604.393	43.3317
MGG_08095T0	2413	2414	771.986	28.3385
MGG_01049T0	1889	1890	1360	63.7649
MGG_10542T0	429	430	2	0.41216
MGG_17135T0	1358	1359	495	32.2768
MGG_02073T0	483	484	0	0
MGG_06726T0	2103	2104	7181	302.443
MGG_09795T0	636	637	31	4.31248
MGG_17850T0	270	271	4	1.30796
MGG_15907T0	552	553	0	0
MGG_06205T0	3879	3880	683	15.5989
MGG_09250T0	1932	1933	1410	64.6386
MGG_16803T0	177	178	0	0
MGG_15790T0	1491	1492	15.1303	0.898633
MGG_17351T0	165	166	7	3.73675
MGG_06359T0	953	954	421	39.1055
MGG_08896T0	1569	1570	3065	172.996
MGG_10777T0	318	319	15	4.16682
MGG_05623T0	1704	1705	318.594	16.5584
MGG_07587T0	996	997	1	0.0888811
MGG_15144T0	606	607	10	1.45988
MGG_12222T0	1652	1653	318	17.0474
MGG_13772T0	2157	2158	54.2624	2.22819
MGG_02483T0	1997	1998	766.337	33.9883
MGG_12919T0	1460	1461	257	15.5879
MGG_17098T0	4070	4071	247	5.37651
MGG_05146T0	1296	1297	706	48.2358
MGG_07166T0	1099	1100	73.033	5.88344
MGG_15757T0	1267	1268	44.9767	3.14321
MGG_14290T0	264	265	12	4.01273
MGG_03255T0	4166	4167	2439	51.8672
MGG_16536T0	210	211	0	0
MGG_09079T0	1124	1125	2124	167.304
MGG_07614T0	2806	2807	4343	137.105
MGG_06143T0	5045	5046	3945	69.2794
MGG_00832T0	3522	3523	548	13.7839
MGG_03135T0	844	845	13891	1456.74
MGG_12037T0	2770	2771	77	2.4624
MGG_03663T0	1004	1005	3117	274.837
MGG_18100T0	369	370	3	0.718496
MGG_11450T0	1332	1333	822	54.6445
MGG_04546T0	312	313	0	0
MGG_11676T0	2166	2167	130	5.31605
MGG_07831T0	1029	1030	84	7.22681
MGG_06047T0	2257	2258	7915	310.622
MGG_05933T0	4015	4016	1297	28.6188
MGG_04059T0	2009	2010	791.396	34.8901
MGG_17872T0	1701	1702	9	0.468584
MGG_17591T0	174	175	0	0
MGG_16632T0	822	823	7	0.753707
MGG_16036T0	334	335	21	5.55494
MGG_06764T0	2350	2351	1757.78	66.2545
MGG_14134T0	2011	2012	11	0.484473
MGG_04841T0	1539	1540	117	6.7324
MGG_07925T0	2446	2447	1188	43.0217
MGG_02732T0	2525	2526	1148.95	40.3061
MGG_08328T0	1654	1655	56	2.99843
MGG_15430T0	1296	1297	5	0.341613
MGG_05663T0	2452	2453	9378	338.78
MGG_17425T0	362	363	13	3.17352
MGG_06344T0	1416	1417	159	9.94333
MGG_01992T0	453	454	0	0
MGG_05855T0	2366	2367	105	3.93093
MGG_16847T0	1726	1727	14.9656	0.767901
MGG_04749T0	1221	1222	2675	193.98
MGG_05489T0	2373	2374	0	0
MGG_17068T0	303	304	19	5.5384
MGG_13527T0	2954	2955	613	18.3826
MGG_01548T0	3642	3643	1644.48	40.0012
MGG_06369T0	2155	2156	2572	105.713
MGG_10316T0	1689	1690	13	0.68165
MGG_03727T0	1048	1049	9309.69	786.438
MGG_06180T0	1873	1874	1472	69.6054
MGG_01396T0	3334	3335	76	2.0194
MGG_05905T0	2762	2763	1567	50.2566
MGG_07355T0	1032	1033	91.2831	7.83059
MGG_16615T0	673	674	297.961	39.1745
MGG_04421T0	6669	6670	929	12.3423
MGG_16109T0	267	268	0	0
MGG_07161T0	2532	2533	3231	113.033
MGG_16607T0	852	853	840	87.2639
MGG_05712T0	2580	2581	795	27.295
MGG_04437T0	2988	2989	421	12.4813
MGG_03631T0	2109	2110	1017	42.7113
MGG_03282T0	1806	1807	150.558	7.38329
MGG_09542T0	924	925	575	55.0847
MGG_09958T0	753	754	4	0.470103
MGG_07492T0	879	880	2893	291.32
MGG_05090T0	2766	2767	152	4.86787
MGG_01390T0	2045	2046	1146	49.6345
MGG_06331T0	2292	2293	3540	136.806
MGG_13226T0	1283	1284	688	47.4819
MGG_13716T0	237	238	105	39.0946
MGG_05538T0	489	490	0	0
MGG_14217T0	1671	1672	14	0.741987
MGG_15314T0	332	333	1	0.266109
MGG_01648T0	1983	1984	606.565	27.0919
MGG_08861T0	1339	1340	498	32.9328
MGG_06611T0	726	727	6	0.731344
MGG_01814T0	2294	2295	994	38.3803
MGG_05187T0	336	337	339	89.1404
MGG_09089T0	909	910	13	1.26592
MGG_11378T0	690	691	141	18.082
MGG_14610T0	1260	1261	0	0
MGG_16121T0	349	350	4	1.01274
MGG_14670T0	497	498	13	2.31323
MGG_09247T0	3077	3078	264	7.60046
MGG_09930T0	4102	4103	600	12.9585
MGG_10681T0	3125	3126	1112	31.5225
MGG_15910T0	411	412	0	0
MGG_05080T0	1437	1438	597	36.7892
MGG_01805T0	3029	3030	1525.84	44.6243
MGG_03993T0	6906	6907	2347	30.1112
MGG_09750T0	1525	1526	1511	87.7434
MGG_10581T0	2061	2062	4201	180.538
MGG_13009T0	678	679	1921	250.705
MGG_01874T0	1861	1862	228	10.8508
MGG_05293T0	2030	2031	19	0.828988
MGG_15555T0	258	259	1	0.342141
MGG_15182T0	1590	1591	0	0
MGG_09082T0	5179	5180	2385	40.8003
MGG_04885T0	2237	2238	1913	75.746
MGG_07633T0	837	838	379.921	40.1748
MGG_07758T0	201	202	29	12.7219
MGG_07762T0	474	475	701	130.776
MGG_02206T0	816	817	3	0.32539
MGG_00993T0	2154	2155	1149	47.2473
MGG_06259T0	3077	3078	3985	114.727
MGG_03392T0	1527	1528	1087	63.0392
MGG_15919T0	873	874	0	0
MGG_18051T0	258	259	8	2.73713
MGG_15658T0	210	211	9	3.77976
MGG_00277T0	1353	1354	2399	157.006
MGG_15997T0	1429	1430	0	0
MGG_11697T0	1771	1772	7	0.350057
MGG_08107T0	1463	1464	991	59.9842
MGG_17733T0	1455	1456	302.335	18.4006
MGG_12722T0	2184	2185	5	0.202779
MGG_02164T0	579	580	0	0
MGG_01484T0	1251	1252	1599	113.175
MGG_07779T0	2171	2172	1536	62.6666
MGG_17015T0	207	208	2	0.852062
MGG_02606T0	1292	1293	5719	391.946
MGG_17295T0	165	166	0	0
MGG_15639T0	276	277	14	4.47871
MGG_15776T0	401	402	3.33205	0.734497
MGG_10337T0	1431	1432	8	0.495053
MGG_10812T0	1845	1846	7.61012	0.365312
MGG_16735T0	453	454	19	3.70853
MGG_10253T0	816	817	1127	122.238
MGG_03009T0	1158	1159	175	13.3801
MGG_06935T0	1624	1625	1395	76.0721
MGG_07474T0	1086	1087	278	22.6631
MGG_08643T0	5382	5383	1882	30.9813
MGG_04587T0	3957	3958	1259	28.1874
MGG_02442T0	4306	4307	2193.41	45.1283
MGG_05428T0	1818	1819	575	28.0117
MGG_17744T0	468	469	79	14.9265
MGG_01595T0	2309	2310	3080.85	118.185
MGG_17551T0	486	487	0	0
MGG_16248T0	1164	1165	9765.98	742.838
MGG_04881T0	1767	1768	736.363	36.9075
MGG_03581T0	2630	2631	949.184	31.9694
MGG_17930T0	848	849	14	1.46125
MGG_15033T0	588	589	0	0
MGG_10360T0	1200	1201	241	17.7819
MGG_01849T0	4355	4356	2128	43.2901
MGG_14599T0	378	379	0	0
MGG_03212T0	1243	1244	10704	762.483
MGG_07525T0	2352	2353	2110	79.463
MGG_01556T0	902	903	1518.91	149.056
MGG_15732T0	2551	2552	1759	61.0787
MGG_16482T0	695	696	235.708	30.0103
MGG_17672T0	318	319	23	6.38913
MGG_06988T0	810	811	14	1.52972
MGG_14752T0	3655	3656	1271	30.8066
MGG_14011T0	3491	3492	1020	25.8839
MGG_06289T0	1191	1192	1543	114.708
MGG_15801T0	381	382	0	0
MGG_05239T0	4335	4336	811.975	16.5943
MGG_03645T0	2266	2267	1268	49.5647
MGG_07206T0	2048	2049	25	1.08119
MGG_03242T0	5025	5026	1393	24.5603
MGG_02566T0	1854	1855	341	16.2898
MGG_06584T0	1128	1129	181	14.2066
MGG_06640T0	3999	4000	1120.97	24.8335
MGG_09961T0	3551	3552	939	23.426
MGG_16648T0	1428	1429	108	6.69724
MGG_13619T0	1453	1454	32	1.95025
MGG_10504T0	3120	3121	3328	94.4918
MGG_06014T0	1623	1624	403	21.9899
MGG_17213T0	561	562	3.5	0.551869
MGG_16638T0	417	418	67	14.2038
MGG_06600T0	2178	2179	1888.96	76.8192
MGG_06405T0	1555	1556	1087	61.9048
MGG_03901T0	2212	2213	1168.77	46.8007
MGG_06092T0	1959	1960	2951	133.419
MGG_04394T0	1152	1153	55	4.22706
MGG_00259T0	444	445	1005	200.129
MGG_17516T0	402	403	5	1.09944
MGG_11030T0	633	634	21	2.93518
MGG_07097T0	2287	2288	1366.79	52.936
MGG_07964T0	969	970	441	40.2876
MGG_02823T0	8768	8769	2013.41	20.3464
MGG_16491T0	537	538	0	0
MGG_03285T0	2631	2632	1184.6	39.8832
MGG_16091T0	276	277	0	0
MGG_08116T0	708	709	417.436	52.1733
MGG_01872T0	1388	1389	689	43.9563
MGG_10751T0	2316	2317	52	1.98876
MGG_17054T0	3685	3686	3745	90.0329
MGG_17715T0	339	340	6	1.56378
MGG_07891T0	1750	1751	5	0.25304
MGG_09721T0	2469	2470	42	1.5068
MGG_17053T0	1346	1347	214	14.0783
MGG_06628T0	3132	3133	1445	40.8707
MGG_10694T0	2822	2823	286	8.97759
MGG_11893T0	1596	1597	7	0.388417
MGG_01335T0	1119	1120	907	71.7619
MGG_06403T0	2482	2483	2372	84.653
MGG_04031T0	3018	3019	338	9.92106
MGG_06169T0	1675	1676	631.092	33.3674
MGG_02222T0	813	814	5	0.544315
MGG_05554T0	1401	1402	3	0.189617
MGG_05739T0	3444	3445	1026.89	26.4144
MGG_10498T0	1428	1429	7	0.434081
MGG_16417T0	2087	2088	1263.54	53.6244
MGG_01069T0	1055	1056	463.049	38.8568
MGG_00538T0	2161	2162	1593	65.2927
MGG_00331T0	1360	1361	2773	180.55
MGG_02601T0	1772	1773	83	4.14834
MGG_01567T0	726	727	263	32.0572
MGG_01334T0	405	406	1078	235.287
MGG_00352T0	2173	2174	3739	152.405
MGG_07192T0	3288	3289	2615	70.4551
MGG_17077T0	342	343	6	1.55011
MGG_16796T0	345	346	159	40.7217
MGG_03670T0	2163	2164	37056	1517.42
MGG_06886T0	2796	2797	32	1.01382
MGG_12138T0	2047	2048	1044.6	45.1988
MGG_03324T0	1122	1123	971	76.6203
MGG_00304T0	2430	2431	17	0.619682
MGG_06301T0	2917	2918	3114	94.5666
MGG_15436T0	1629	1630	0	0
MGG_13324T0	4790	4791	929	17.1828
MGG_00145T0	3297	3298	894.276	24.0284
MGG_10105T0	999	1000	0	0
MGG_03248T0	3659	3660	889	21.5241
MGG_02737T0	2316	2317	1190	45.512
MGG_01349T0	1672	1673	514	27.2252
MGG_17500T0	306	307	0	0
MGG_16404T0	525	526	0	0
MGG_05682T0	1820	1821	1569.82	76.3913
MGG_17747T0	1814	1815	8.03586	0.392338
MGG_06209T0	1237	1238	3338.85	238.99
MGG_09176T0	642	643	0	0
MGG_16842T0	609	610	4	0.581078
MGG_11919T0	2794	2795	1718	54.4686
MGG_11681T0	573	574	12	1.85257
MGG_02940T0	2313	2314	864	33.0868
MGG_06487T0	1594	1595	822	45.6684
MGG_06647T0	1236	1237	8	0.573093
MGG_01426T0	2832	2833	793	24.8045
MGG_07661T0	4663	4664	1631.11	30.9906
MGG_04159T0	2735	2736	1833.76	59.3925
MGG_12818T0	1090	1091	2483	201.677
MGG_01289T0	1961	1962	292	13.1883
MGG_15438T0	1449	1450	65	3.97237
MGG_05331T0	2201	2202	745.863	30.0156
MGG_17906T0	183	184	0	0
MGG_15077T0	588	589	212	31.8952
MGG_09545T0	2471	2472	586	21.0065
MGG_10526T0	5451	5452	1209	19.6506
MGG_03720T0	1559	1560	738	41.9215
MGG_10468T0	1494	1495	45	2.66732
MGG_17799T0	336	337	0	0
MGG_14215T0	2640	2641	0	0
MGG_17011T0	267	268	24	7.93562
MGG_14691T0	1256	1257	21	1.48043
MGG_03836T0	2032	2033	385	16.7814
MGG_09805T0	1509	1510	0	0
MGG_06316T0	1730	1731	5362	274.495
MGG_08746T0	3340	3341	1026	27.2129
MGG_15519T0	273	274	0	0
MGG_15834T0	1070	1071	0	0
MGG_05779T0	198	199	0	0
MGG_09988T0	1683	1684	130	6.84078
MGG_01538T0	5037	5038	1611	28.3362
MGG_17698T0	4789	4790	907	16.7794
MGG_14768T0	4204	4205	428	9.0195
MGG_01171T0	3307	3308	513	13.7422
MGG_13132T0	471	472	14	2.6284
MGG_03245T0	1835	1836	4643	224.094
MGG_08862T0	1251	1252	307.639	21.7742
MGG_16447T0	340	341	0	0
MGG_02891T0	2021	2022	1155	50.6181
MGG_05120T0	1452	1453	25	1.52468
MGG_05637T0	2804	2805	3646	115.183
MGG_17256T0	411	412	0	0
MGG_08572T0	1545	1546	2201	126.158
MGG_02604T0	1583	1584	309.325	17.3047
MGG_03367T0	4188	4189	752.002	15.9079
MGG_16448T0	204	205	0	0
MGG_14834T0	516	517	0	0
MGG_05009T0	3994	3995	244	5.41225
MGG_04979T0	2057	2058	2165	93.2217
MGG_12791T0	3001	3002	2653	78.3125
MGG_09177T0	1979	1980	23	1.02936
MGG_09440T0	1518	1519	1	0.0583374
MGG_06999T0	1779	1780	454.326	22.6179
MGG_11156T0	519	520	206	35.105
MGG_13875T0	1431	1432	31.2337	1.93279
MGG_09491T0	1018	1019	8	0.695697
MGG_02379T0	726	727	20	2.43781
MGG_17347T0	879	880	393	39.5744
MGG_05256T0	2940	2941	1307	39.3809
MGG_17471T0	4295	4296	1757	36.242
MGG_00946T0	1960	1961	1609.11	72.7133
MGG_15951T0	1871	1872	984	46.5794
MGG_06753T0	1045	1046	11	0.931892
MGG_03833T0	1210	1211	0	0
MGG_02842T0	2356	2357	1977.19	74.3351
MGG_17149T0	703	704	0	0
MGG_01044T0	2471	2472	1273	45.6336
MGG_09100T0	645	646	496	68.0383
MGG_06185T0	527	528	11182	1876.68
MGG_01781T0	4410	4411	4965	99.744
MGG_15018T0	3121	3122	1874	53.1914
MGG_08360T0	699	700	30	3.79776
MGG_09681T0	1008	1009	17	1.49301
MGG_03530T0	3376	3377	3657	95.9618
MGG_07558T0	878	879	0	0
MGG_17233T0	255	256	0	0
MGG_09488T0	1934	1935	1701	77.8983
MGG_01594T0	2315	2316	1116.15	42.706
MGG_09478T0	561	562	94	14.8216
MGG_04726T0	3821	3822	2769	64.2003
MGG_03165T0	2390	2391	3858	142.984
MGG_16766T0	722	723	45	5.51542
MGG_05748T0	1232	1233	1128	81.0682
MGG_07836T0	456	457	9	1.74514
MGG_07914T0	943	944	3159	296.539
MGG_09098T0	3153	3154	2	0.0561918
MGG_16098T0	396	397	0	0
MGG_04024T0	4253	4254	1419	29.559
MGG_04511T0	1503	1504	2689	158.434
MGG_07971T0	4396	4397	1783.92	35.952
MGG_11487T0	1198	1199	0	0
MGG_00791T0	1077	1078	52	4.27454
MGG_12304T0	2598	2599	309.43	10.5502
MGG_17771T0	1359	1360	434	28.2784
MGG_03729T0	2395	2396	603	22.3016
MGG_09438T0	372	373	0	0
MGG_11658T0	1377	1378	1504	96.7171
MGG_02955T0	1179	1180	1188	89.2152
MGG_02740T0	1699	1700	362	18.8697
MGG_04019T0	4625	4626	647.297	12.3995
MGG_09469T0	1585	1586	47	2.62603
MGG_16878T0	402	403	135	29.6847
MGG_00428T0	9097	9098	471.571	4.5931
MGG_02017T0	1125	1126	0	0
MGG_16781T0	258	259	0	0
MGG_00152T0	4431	4432	1093	21.8537
MGG_17958T0	1196	1197	453	33.5358
MGG_17557T0	1609	1610	609	33.5194
MGG_07017T0	507	508	25	4.36095
MGG_14853T0	1118	1119	781.161	61.8607
MGG_16647T0	385	386	0	0
MGG_08477T0	900	901	0	0
MGG_17992T0	324	325	16	4.36256
MGG_11431T0	1077	1078	526	43.2386
MGG_15615T0	420	421	0	0
MGG_07311T0	1404	1405	401	25.2914
MGG_04398T0	1646	1647	210.393	11.3199
MGG_04517T0	3415	3416	1195.44	31.011
MGG_15184T0	1602	1603	77	4.25659
MGG_08938T0	1565	1566	263	14.8822
MGG_14248T0	444	445	17	3.38527
MGG_04186T0	5122	5123	3220.87	55.7126
MGG_03478T0	763	764	1165	135.125
MGG_01427T0	2501	2502	376.889	13.3484
MGG_14873T0	3093	3094	186	5.32718
MGG_02936T0	564	565	52	8.15567
MGG_02072T0	3396	3397	10391	271.061
MGG_15867T0	3955	3956	954	21.3696
MGG_14587T0	2972	2973	858	25.5739
MGG_06484T0	1701	1702	11051	575.369
MGG_16415T0	297	298	2	0.594728
MGG_12478T0	2034	2035	0	0
MGG_02904T0	3606	3607	283.583	6.96688
MGG_00776T0	1803	1804	2081	102.221
MGG_07221T0	1213	1214	138	10.0731
MGG_11916T0	1931	1932	34978	1604.33
MGG_04532T0	1485	1486	0	0
MGG_18062T0	411	412	0	0
MGG_02217T0	1407	1408	0	0
MGG_17527T0	225	226	0	0
MGG_16550T0	660	661	480.21	64.3775
MGG_15798T0	297	298	6	1.78418
MGG_06791T0	1815	1816	16	0.780744
MGG_10202T0	1954	1955	441	19.9892
MGG_03365T0	504	505	37	6.49254
MGG_06243T0	4067	4068	2091	45.5489
MGG_04828T0	2812	2813	3300.25	103.964
MGG_16865T0	258	259	18	6.15853
MGG_00872T0	894	895	1090.9	108.01
MGG_00047T0	491	492	359	64.6597
MGG_11278T0	2546	2547	1838	63.9471
MGG_07669T0	351	352	0	0
MGG_01702T0	3480	3481	3186.02	81.1054
MGG_08820T0	4280	4281	1606	33.2434
MGG_05225T0	3197	3198	252	6.98275
MGG_07550T0	1488	1489	100	5.95127
MGG_08804T0	2298	2299	471	18.1546
MGG_04980T0	788	789	517.313	58.1007
MGG_05396T0	468	469	0	0
MGG_16894T0	1830	1831	36.1095	1.74758
MGG_17204T0	383	384	18	4.1538
MGG_10024T0	1294	1295	67	4.58469
MGG_16561T0	879	880	0	0
MGG_02332T0	810	811	0	0
MGG_01393T0	3317	3318	96	2.56389
MGG_09519T0	1824	1825	3488	169.363
MGG_17377T0	388	389	0	0
MGG_06695T0	2113	2114	807	33.8278
MGG_16215T0	192	193	0	0
MGG_03241T0	2776	2777	2940	93.8158
MGG_09224T0	2013	2014	22	0.967983
MGG_16664T0	369	370	0	0
MGG_06175T0	3107	3108	5074.34	144.678
MGG_03548T0	5789	5790	1043	15.9628
MGG_01529T0	402	403	397	87.2951
MGG_14949T0	645	646	214	29.3553
MGG_06609T0	1581	1582	4947	277.102
MGG_16147T0	1140	1141	295	22.9108
MGG_13203T0	2795	2796	324.184	10.2744
MGG_09350T0	2102	2103	1625	68.4729
MGG_17504T0	1296	1297	738	50.4221
MGG_17470T0	740	741	9	1.07629
MGG_02269T0	1625	1626	399	21.7449
MGG_18072T0	285	286	0	0
MGG_10723T0	207	208	315	134.2
MGG_08753T0	1249	1250	193	13.6821
MGG_12336T0	5524	5525	1600	25.6621
MGG_11410T0	2739	2740	7161	231.594
MGG_03880T0	1741	1742	5640.79	286.944
MGG_12764T0	893	894	718	71.1691
MGG_07214T0	1380	1381	799	51.2693
MGG_06519T0	2776	2777	792	25.2728
MGG_15623T0	252	253	0	0
MGG_01397T0	1563	1564	146	8.27219
MGG_05010T0	1745	1746	45	2.28388
MGG_04304T0	1151	1152	28	2.15382
MGG_05963T0	1488	1489	451.965	26.8977
MGG_17522T0	234	235	191	72.0228
MGG_04150T0	3204	3205	3182	87.9785
MGG_07296T0	2970	2971	923.435	27.5428
MGG_15823T0	426	427	0	0
MGG_05655T0	1074	1075	5	0.41216
MGG_13766T0	963	964	158	14.5239
MGG_01374T0	835	836	7	0.741987
MGG_03926T0	3049	3050	3336	96.9239
MGG_00411T0	3000	3001	134	3.95679
MGG_06096T0	2683	2684	1615.03	53.3216
MGG_08614T0	1825	1826	214	10.3853
MGG_08279T0	2585	2586	289	9.90316
MGG_02532T0	1275	1276	24	1.66673
MGG_14758T0	570	571	549	85.2002
MGG_12081T0	285	286	75	23.2381
MGG_13326T0	2781	2782	2170	69.1206
MGG_03161T0	3281	3282	548.384	14.8065
MGG_00311T0	1290	1291	124	8.51138
MGG_07523T0	4947	4948	1631	29.2098
MGG_06241T0	1452	1453	2565	156.432
MGG_08582T0	3749	3750	5378	127.085
MGG_01751T0	4219	4220	1911	40.1285
MGG_12527T0	1878	1879	154	7.26271
MGG_04456T0	3775	3776	292	6.8526
MGG_10735T0	2301	2302	383	14.7434
MGG_05675T0	3977	3978	2706	60.2792
MGG_06001T0	2336	2337	1742	66.0532
MGG_07386T0	2957	2958	721	21.5994
MGG_14677T0	1785	1786	668	33.1436
MGG_10185T0	921	922	7919	761.104
MGG_17884T0	1065	1066	204	16.9581
MGG_11206T0	560	561	671	105.99
MGG_07215T0	3273	3274	970	26.2541
MGG_15858T0	168	169	0	0
MGG_04613T0	1239	1240	265.586	18.9797
MGG_11279T0	2543	2544	2009	69.979
MGG_15310T0	927	928	1	0.0954897
MGG_17526T0	174	175	0	0
MGG_00811T0	2127	2128	310.305	12.9218
MGG_07642T0	1299	1300	0	0
MGG_04050T0	1754	1755	559	28.2253
MGG_03637T0	5516	5517	1033	16.5921
MGG_10505T0	955	956	13	1.20501
MGG_00096T0	1773	1774	421.919	21.0756
MGG_09512T0	1555	1556	14177.9	807.433
MGG_03184T0	1860	1861	559	26.6177
MGG_07791T0	666	667	1284	170.586
MGG_08199T0	4526	4527	3699	72.4066
MGG_13797T0	327	328	10	2.70166
MGG_09147T0	1047	1048	0	0
MGG_09533T0	1746	1747	3121.53	158.336
MGG_03349T0	1849	1850	269	12.885
MGG_07910T0	2085	2086	1247	52.9733
MGG_00793T0	345	346	2	0.512222
MGG_02374T0	2223	2224	214	8.52675
MGG_06120T0	8711	8712	414.442	4.21551
MGG_00860T0	815	816	1047	113.7
MGG_11193T0	1690	1691	1176	61.6266
MGG_16070T0	1035	1036	5	0.427676
MGG_13927T0	1650	1651	0	0
MGG_16717T0	398	399	1	0.222091
MGG_09329T0	996	997	150	13.3322
MGG_08069T0	1390	1391	716.441	45.6413
MGG_17807T0	552	553	0	0
MGG_05031T0	2545	2546	199	6.92627
MGG_09103T0	2031	2032	6	0.261657
MGG_13604T0	454	455	28	5.4532
MGG_05297T0	753	754	241	28.3237
MGG_07938T0	975	976	86	7.80824
MGG_04045T0	3081	3082	1276	36.6879
MGG_00535T0	3644	3645	335	8.14426
MGG_04821T0	2412	2413	3179	116.745
MGG_06621T0	705	706	0	0
MGG_16364T0	537	538	543	89.438
MGG_13186T0	2602	2603	1652	56.2394
MGG_02556T0	420	421	0	0
MGG_04496T0	985	986	223	20.0416
MGG_03110T0	1600	1601	175	9.68615
MGG_04308T0	162	163	0	0
MGG_15208T0	249	250	0	0
MGG_01014T0	3982	3983	2134	47.4776
MGG_15288T0	2424	2425	2055	75.0939
MGG_07444T0	2465	2466	209.419	7.52535
MGG_00053T0	2438	2439	733	26.6316
MGG_06373T0	1947	1948	543	24.7011
MGG_00809T0	3847	3848	402.075	9.25926
MGG_00241T0	6459	6460	0	0
MGG_03385T0	1107	1108	0	0
MGG_04759T0	2847	2848	1255	39.0489
MGG_02658T0	2289	2290	1675	64.8163
MGG_01169T0	2137	2138	991	41.0743
MGG_14329T0	4196	4197	1287.16	27.1768
MGG_17076T0	399	400	0	0
MGG_02113T0	600	601	606	89.3517
MGG_16124T0	742	743	3	0.357797
MGG_12421T0	2496	2497	41	1.45502
MGG_08757T0	3609	3610	2563	62.9138
MGG_00611T0	1439	1440	170	10.4614
MGG_05687T0	4771	4772	1139.26	21.1556
MGG_03608T0	1803	1804	760.872	37.3749
MGG_12026T0	315	316	4	1.1217
MGG_16133T0	1769	1770	2944	147.39
MGG_03671T0	1048	1049	182	15.3745
MGG_08653T0	2004	2005	110	4.86164
MGG_01621T0	1054	1055	1287	108.101
MGG_17707T0	5061	5062	2051.91	35.9204
MGG_00725T0	2252	2253	4250	167.16
MGG_16866T0	1320	1321	3871	259.672
MGG_08405T0	1397	1398	160	10.1419
MGG_06761T0	2877	2878	733	22.5693
MGG_09636T0	1407	1408	3	0.188809
MGG_09127T0	555	556	208	33.1507
MGG_03716T0	3823	3824	1954.98	45.3032
MGG_17635T0	546	547	0	0
MGG_15597T0	204	205	0	0
MGG_00226T0	2682	2683	147.702	4.87832
MGG_02202T0	639	640	0	0
MGG_05622T0	2292	2293	3902.41	150.811
MGG_00891T0	2518	2519	442	15.5489
MGG_15821T0	168	169	2	1.04869
MGG_01121T0	1184	1185	1523	113.89
MGG_06570T0	3231	3232	1071	29.3645
MGG_02257T0	954	955	412	38.2295
MGG_16976T0	315	316	0	0
MGG_08345T0	4176	4177	3809	80.8074
MGG_12584T0	1359	1360	259	16.8758
MGG_06945T0	3682	3683	479	11.5249
MGG_15046T0	504	505	0	0
MGG_13670T0	366	367	15	3.62184
MGG_15793T0	459	460	16	3.08224
MGG_00645T0	2411	2412	812.337	29.8445
MGG_02712T0	2083	2084	1098	46.6884
MGG_04041T0	841	842	264	27.7841
MGG_15881T0	174	175	7	3.54458
MGG_00291T0	5598	5599	168	2.65891
MGG_03521T0	2784	2785	12461	396.49
MGG_01691T0	3550	3551	978	24.4058
MGG_15229T0	1623	1624	449.216	24.5117
MGG_08179T0	2156	2157	0	0
MGG_15839T0	293	294	5	1.50705
MGG_17892T0	708	709	27	3.3746
MGG_10514T0	1963	1964	4810	217.024
MGG_10680T0	1156	1157	14427.8	1105.02
MGG_06125T0	1469	1470	2289	137.985
MGG_14053T0	282	283	1	0.313125
MGG_17066T0	763	764	22	2.55173
MGG_04672T0	1932	1933	7261	332.866
MGG_01245T0	2049	2050	1686	72.88
MGG_02970T0	2250	2251	1699	66.884
MGG_09945T0	2292	2293	21	0.811559
MGG_04986T0	1392	1393	7238	460.439
MGG_03435T0	3232	3233	3269.33	89.6103
MGG_00970T0	1414	1415	1339	83.855
MGG_17518T0	314	315	23	6.47026
MGG_02875T0	6195	6196	1431	20.466
MGG_17382T0	309	310	0	0
MGG_07615T0	729	730	21	2.54918
MGG_01964T0	474	475	16	2.98491
MGG_06729T0	2656	2657	981.244	32.7258
MGG_03830T0	1506	1507	0	0
MGG_03535T0	3030	3031	1306.89	38.2082
MGG_02884T0	1784	1785	2137	106.089
MGG_02715T0	1401	1402	413	26.104
MGG_02649T0	3140	3141	33	0.931002
MGG_15758T0	198	199	15	6.67948
MGG_15572T0	183	184	2	0.963201
MGG_10011T0	6924	6925	0	0
MGG_15564T0	782	783	9	1.01856
MGG_16259T0	2097	2098	2387	100.821
MGG_02101T0	1229	1230	1448	104.32
MGG_00160T0	2406	2407	1	0.0368153
MGG_05161T0	2153	2154	186	7.65195
MGG_00340T0	828	829	54	5.77223
MGG_14861T0	747	748	34	4.02793
MGG_02733T0	1728	1729	1254.05	64.2725
MGG_15270T0	441	442	260	52.1262
MGG_03701T0	2455	2456	3263	117.732
MGG_02829T0	2870	2871	34086	1052.08
MGG_08074T0	2212	2213	1275	51.0544
MGG_16012T0	686	687	186	23.9917
MGG_03829T0	1100	1101	0	0
MGG_06543T0	987	988	76	6.8165
MGG_09190T0	4506	4507	4912	96.5774
MGG_15429T0	2799	2800	961	30.4137
MGG_14725T0	402	403	0	0
MGG_01590T0	2607	2608	1978.93	67.24
MGG_09526T0	1337	1338	493	32.6509
MGG_14194T0	516	517	3	0.514204
MGG_12897T0	882	883	404	40.5439
MGG_08093T0	4190	4191	6343	134.116
MGG_09716T0	1945	1946	1278	58.1959
MGG_10328T0	1533	1534	699	40.3791
MGG_17409T0	162	163	0	0
MGG_06071T0	993	994	573	51.0826
MGG_07223T0	1017	1018	1414	123.085
MGG_12091T0	1161	1162	185	14.1082
MGG_15886T0	1488	1489	655	38.9808
MGG_04654T0	1332	1333	3231	214.789
MGG_06835T0	669	670	2	0.264521
MGG_14775T0	4024	4025	2550	56.1408
MGG_00977T0	1384	1385	901	57.6474
MGG_01700T0	1875	1876	57	2.69244
MGG_06040T0	1647	1648	358.855	19.2959
MGG_02851T0	1863	1864	5754	273.545
MGG_02081T0	1904	1905	21	0.976852
MGG_17785T0	424	425	0	0
MGG_16268T0	288	289	3	0.919873
MGG_02722T0	1804	1805	1534	75.31
MGG_17879T0	303	304	7097	2068.74
MGG_07457T0	3239	3240	454.685	12.4357
MGG_17628T0	588	589	0	0
MGG_15014T0	504	505	0	0
MGG_04545T0	1929	1930	993	45.5928
MGG_02121T0	1056	1057	0	0
MGG_05845T0	1869	1870	44	2.08505
MGG_10547T0	2776	2777	157	5.00989
MGG_11724T0	2225	2226	496	19.7452
MGG_11495T0	2147	2148	0	0
MGG_03030T0	1859	1860	23	1.09577
MGG_11300T0	362	363	3	0.732351
MGG_05505T0	1847	1848	361	17.3105
MGG_17244T0	225	226	0	0
MGG_16058T0	339	340	0	0
MGG_01816T0	5557	5558	3869	61.6857
MGG_08761T0	2697	2698	3036	99.7159
MGG_04743T0	2442	2443	613	22.2352
MGG_11025T0	4185	4186	40	0.84677
MGG_05631T0	2550	2551	2417	83.9597
MGG_08915T0	2337	2338	30	1.13705
MGG_13647T0	1761	1762	1293	65.0275
MGG_12926T0	2636	2637	2352	79.0372
MGG_04230T0	1575	1576	240	13.4946
MGG_07516T0	2352	2353	823	30.9943
MGG_11270T0	2362	2363	1638	61.4264
MGG_10732T0	342	343	0	0
MGG_05597T0	1205	1206	547	40.1925
MGG_10006T0	885	886	340	34.0055
MGG_16192T0	936	937	46.1584	4.36531
MGG_15956T0	207	208	0	0
MGG_01720T0	2727	2728	2157	70.0665
MGG_06059T0	2194	2195	15105.6	609.83
MGG_01143T0	1848	1849	2275	109.031
MGG_05364T0	1125	1126	985	77.518
MGG_17199T0	249	250	0	0
MGG_05255T0	1888	1889	521.928	24.484
MGG_17461T0	153	154	0	0
MGG_15578T0	297	298	0	0
MGG_17697T0	6245	6246	1551.85	22.0167
MGG_16174T0	177	178	0	0
MGG_12479T0	1605	1606	1	0.0551771
MGG_04136T0	880	881	1905.85	191.698
MGG_05262T0	9702	9703	1969	17.9823
MGG_17995T0	342	343	44	11.3675
MGG_03412T0	1636	1637	57	3.08554
MGG_08836T0	678	679	161	21.0117
MGG_04961T0	3040	3041	835	24.3318
MGG_04179T0	2957	2958	1068	31.9947
MGG_01431T0	1379	1380	18.6448	1.19724
MGG_15495T0	950	951	106.16	9.892
MGG_15011T0	2178	2179	6927	281.704
MGG_07768T0	5611	5612	5331	84.1774
MGG_16920T0	1205	1206	2196	161.358
MGG_14930T0	1428	1429	405	25.1147
MGG_12758T0	2540	2541	1041	36.3037
MGG_05123T0	1620	1621	37	2.02266
MGG_14615T0	879	880	0	0
MGG_04771T0	2683	2684	1254	41.4018
MGG_01600T0	1749	1750	387	19.5965
MGG_00648T0	1341	1342	397.166	26.2255
MGG_04140T0	2738	2739	1093.19	35.3677
MGG_08552T0	815	816	182	19.7645
MGG_06463T0	2429	2430	72	2.62561
MGG_07119T0	1269	1270	826	57.6343
MGG_09896T0	2660	2661	659	21.9455
MGG_07617T0	1431	1432	282.398	17.4752
MGG_15129T0	624	625	81	11.4844
MGG_10221T0	1068	1069	0	0
MGG_09362T0	324	325	18	4.90788
MGG_07469T0	1137	1138	210	16.3524
MGG_17113T0	1032	1033	220	18.8724
MGG_12323T0	247	248	2	0.714633
MGG_16726T0	1492	1493	131	7.77528
MGG_01640T0	273	274	166	53.6861
MGG_03991T0	3961	3962	706	15.7905
MGG_16101T0	228	229	1	0.386963
MGG_04188T0	3673	3674	1646	39.7004
MGG_09562T0	2829	2830	7151	223.916
MGG_05228T0	1802	1803	256	12.582
MGG_05752T0	342	343	1188	306.921
MGG_08745T0	2419	2420	696	25.4858
MGG_02525T0	1748	1749	61929	3137.68
MGG_01301T0	1815	1816	71	3.46455
MGG_16474T0	574	575	342.209	52.7385
MGG_05887T0	744	745	8	0.951565
MGG_07358T0	2697	2698	7	0.229912
MGG_01932T0	1311	1312	61	4.12003
MGG_03462T0	3402	3403	2189.51	57.0151
MGG_03051T0	3114	3115	1628	46.3128
MGG_09904T0	3317	3318	1946	51.9722
MGG_06854T0	2594	2595	1322.2	45.1507
MGG_01759T0	3158	3159	1302	36.523
MGG_14945T0	6627	6628	0	0
MGG_13625T0	1098	1099	6	0.483791
MGG_09607T0	1644	1645	11	0.592559
MGG_09413T0	3801	3802	1158.51	27.0019
MGG_10876T0	2850	2851	45	1.39868
MGG_04589T0	6485	6486	2256.86	30.8342
MGG_16859T0	315	316	22	6.16936
MGG_08163T0	171	172	4057	2090.17
MGG_16034T0	1357	1358	155	10.1143
MGG_15290T0	2393	2394	1331.66	49.2919
MGG_04147T0	489	490	1267	229.132
MGG_00039T0	2805	2806	129	4.07387
MGG_16957T0	216	217	0	0
MGG_18053T0	201	202	1	0.438685
MGG_07920T0	1902	1903	11	0.512222
MGG_10847T0	2013	2014	889	39.1153
MGG_01990T0	1504	1505	9611	565.896
MGG_07915T0	1989	1990	2446.51	108.943
MGG_15391T0	669	670	0	0
MGG_05190T0	4684	4685	6054	114.508
MGG_06559T0	3097	3098	10752	307.548
MGG_16203T0	4266	4267	1625	33.747
MGG_00637T0	1761	1762	0	0
MGG_06770T0	1383	1384	397	25.419
MGG_05278T0	2238	2239	560.703	22.1914
MGG_04719T0	1417	1418	10653	665.733
MGG_05180T0	1161	1162	446	34.0121
MGG_05514T0	1435	1436	86	5.30699
MGG_15228T0	354	355	15	3.74427
MGG_00016T0	1461	1462	18	1.09101
MGG_15609T0	783	784	69	7.79898
MGG_08833T0	1974	1975	2300.43	103.216
MGG_01838T0	2083	2084	461	19.6023
MGG_15936T0	1381	1382	373	23.9169
MGG_13742T0	846	847	0	0
MGG_01481T0	1600	1601	369	20.4239
MGG_14859T0	1911	1912	363	16.8238
MGG_11991T0	341	342	12712	3293.76
MGG_16178T0	213	214	0	0
MGG_01839T0	2057	2058	183	7.87971
MGG_01073T0	3260	3261	1303	35.4077
MGG_13119T0	3214	3215	522.661	14.406
MGG_02573T0	2297	2298	928	35.7851
MGG_00514T0	3003	3004	5589	164.869
MGG_07551T0	1774	1775	1	0.0499236
MGG_04851T0	1179	1180	0	0
MGG_10618T0	1104	1105	32	2.56621
MGG_15797T0	279	280	0	0
MGG_11490T0	3810	3811	1228.39	28.5629
MGG_15234T0	4854	4855	94	1.71571
MGG_03600T0	1908	1909	5272	244.723
MGG_02840T0	2370	2371	7148	267.151
MGG_06104T0	3388	3389	1200	31.3772
MGG_16322T0	294	295	0	0
MGG_01782T0	3079	3080	1800	51.7877
MGG_07854T0	788	789	0	0
MGG_07029T0	607	608	552	80.4526
MGG_10144T0	837	838	0	0
MGG_16181T0	3741	3742	136	3.22062
MGG_16836T0	883	884	265	26.5643
MGG_13576T0	2760	2761	3	0.0962852
MGG_03318T0	1175	1176	694.706	52.3478
MGG_00813T0	1349	1350	262	17.1978
MGG_02058T0	1746	1747	88	4.46369
MGG_00666T0	998	999	3475.79	308.314
MGG_15101T0	390	391	0	0
MGG_03575T0	372	373	23	5.46416
MGG_03556T0	1068	1069	1424	118.042
MGG_03073T0	1078	1079	1537	126.228
MGG_04419T0	1620	1621	141	7.70798
MGG_14729T0	1202	1203	763	56.2035
MGG_02616T0	2418	2419	1741.73	63.8041
MGG_14264T0	2038	2039	488	21.2084
MGG_06354T0	1269	1270	263.413	18.3797
MGG_06776T0	7462	7463	2995	35.5621
MGG_04736T0	912	913	583	56.5851
MGG_03738T0	2980	2981	921	27.378
MGG_09650T0	426	427	0	0
MGG_08971T0	787	788	0	0
MGG_17663T0	705	706	11.9774	1.50336
MGG_06314T0	4033	4034	560.031	12.3021
MGG_12691T0	432	433	34	6.95818
MGG_10358T0	2042	2043	2119	91.9109
MGG_04925T0	597	598	42.2269	6.25739
MGG_04915T0	1668	1669	91	4.83159
MGG_08885T0	1417	1418	938	58.618
MGG_06365T0	1272	1273	174.392	12.1395
MGG_12560T0	1326	1327	6	0.400668
MGG_17359T0	453	454	2	0.390372
MGG_04668T0	1391	1392	200	12.732
MGG_16043T0	648	649	66	9.01164
MGG_04229T0	1820	1821	230.365	11.2102
MGG_06041T0	3775	3776	93	2.18251
MGG_09959T0	1382	1383	724	46.3896
MGG_00221T0	1115	1116	13944.5	1107.25
MGG_06186T0	2108	2109	1467	61.6394
MGG_16572T0	1057	1058	0	0
MGG_11179T0	198	199	0	0
MGG_09914T0	2001	2002	2472	109.418
MGG_10298T0	1974	1975	6	0.269208
MGG_15165T0	665	666	208	27.6754
MGG_15884T0	1013	1014	11	0.961301
MGG_15574T0	1126	1127	13	1.02217
MGG_07618T0	2169	2170	152	6.2071
MGG_18055T0	333	334	0	0
MGG_14352T0	564	565	1009	158.251
MGG_04548T0	2053	2054	929	40.0793
MGG_12094T0	2577	2578	1212	41.6605
MGG_08600T0	1046	1047	2510	212.438
MGG_10273T0	1200	1201	103	7.59974
MGG_15421T0	1332	1333	303	20.1427
MGG_05232T0	1131	1132	151	11.8205
MGG_18006T0	2286	2287	62	2.40232
MGG_17190T0	413	414	18	3.8528
MGG_07719T0	1247	1248	437	31.0293
MGG_15424T0	669	670	0	0
MGG_02410T0	1622	1623	1844	100.681
MGG_16511T0	312	313	2366	669.846
MGG_16265T0	159	160	2	1.10768
MGG_06720T0	2015	2016	4821	211.91
MGG_17139T0	399	400	13	2.87997
MGG_08381T0	1164	1165	0	0
MGG_16578T0	183	184	0	0
MGG_05658T0	1543	1544	608	34.8948
MGG_04541T0	5681	5682	109	1.69993
MGG_02614T0	819	820	12	1.2968
MGG_02157T0	1627	1628	47	2.55828
MGG_09772T0	1826	1827	431.977	20.9521
MGG_06610T0	1674	1675	110	5.81946
MGG_02238T0	558	559	3053	483.971
MGG_10067T0	888	889	92	9.17045
MGG_10449T0	1918	1919	0	0
MGG_17696T0	3228	3229	142.252	3.90386
MGG_13915T0	2493	2494	2294	81.5082
MGG_07435T0	1552	1553	394.549	22.513
MGG_17847T0	2279	2280	24.6029	0.956216
MGG_10860T0	2077	2078	21	0.895526
MGG_03451T0	3666	3667	6852	165.581
MGG_07330T0	537	538	384	63.249
MGG_16304T0	162	163	38	20.6586
MGG_03507T0	639	640	73	10.1076
MGG_18099T0	1294	1295	2280	156.016
MGG_16220T0	2106	2107	684.605	28.7926
MGG_01982T0	3678	3679	1276	30.7345
MGG_05129T0	7269	7270	2068	25.207
MGG_01401T0	1308	1309	114	7.71738
MGG_07674T0	2246	2247	953	37.5833
MGG_14932T0	195	196	43	19.4409
MGG_16626T0	297	298	2	0.594728
MGG_13275T0	1401	1402	1046	66.1132
MGG_04509T0	1275	1276	1.06549	0.073995
MGG_01933T0	1443	1444	51	3.12974
MGG_04371T0	2357	2358	582	21.8718
MGG_08781T0	567	568	14	2.18416
MGG_14860T0	2153	2154	224	9.21525
MGG_06626T0	2007	2008	134	5.91351
MGG_08895T0	1720	1721	5593	287.984
MGG_16518T0	381	382	12	2.7837
MGG_10656T0	1137	1138	256	19.9344
MGG_03550T0	1471	1472	1294.16	77.9083
MGG_12936T0	1134	1135	601	46.9227
MGG_14702T0	1251	1252	628	44.4488
MGG_06913T0	1974	1975	3604	161.705
MGG_10941T0	3474	3475	171	4.3606
MGG_12633T0	2077	2078	222	9.46699
MGG_05678T0	3005	3006	662	19.5152
MGG_04442T0	2427	2428	473.41	17.278
MGG_10196T0	4341	4342	770	15.7147
MGG_16649T0	2943	2944	1067	32.1167
MGG_05679T0	441	442	1811	363.079
MGG_17947T0	234	235	47	17.7229
MGG_02913T0	4724	4725	3448	64.6651
MGG_02746T0	3025	3026	3150	92.2457
MGG_15914T0	744	745	0	0
MGG_06553T0	1463	1464	239.027	14.468
MGG_11252T0	2192	2193	537	21.699
MGG_03713T0	1533	1534	49	2.83058
MGG_03228T0	3099	3100	1126	32.1871
MGG_06108T0	1136	1137	3875.46	302.042
MGG_17653T0	315	316	0	0
MGG_02207T0	384	385	0	0
MGG_17048T0	216	217	0	0
MGG_01475T0	1653	1654	2	0.107152
MGG_04888T0	2109	2110	399	16.757
MGG_01170T0	534	535	2245	371.849
MGG_06077T0	1734	1735	2525	128.963
MGG_06280T0	1684	1685	107	5.62715
MGG_15665T0	207	208	15	6.39047
MGG_04327T0	5720	5721	1035	16.0315
MGG_06335T0	3529	3530	691	17.3463
MGG_01018T0	1743	1744	75	3.81083
MGG_16902T0	438	439	22	4.44082
MGG_01868T0	2730	2731	24	0.778743
MGG_04605T0	1982	1983	561	25.0694
MGG_14592T0	441	442	85	17.0412
MGG_09619T0	1053	1054	1	0.0840744
MGG_17948T0	318	319	26	7.2225
MGG_03971T0	1401	1402	3062	193.536
MGG_03295T0	2563	2564	204	7.05045
MGG_02880T0	4456	4457	3602	71.6153
MGG_01916T0	1698	1699	98	5.11137
MGG_00111T0	5114	5115	759	13.1492
MGG_17329T0	543	544	50	8.14471
MGG_00518T0	1360	1361	2216	144.283
MGG_06372T0	3407	3408	2487	64.6667
MGG_01516T0	3209	3210	5079	140.21
MGG_10407T0	1158	1159	0	0
MGG_16915T0	4590	4591	440	8.49278
MGG_03850T0	7355	7356	605	7.28817
MGG_02458T0	1085	1086	1010	82.4131
MGG_14596T0	2304	2305	254	9.76489
MGG_01326T0	3274	3275	3291	89.0474
MGG_04481T0	1724	1725	115	5.90763
MGG_09010T0	2590	2591	6372	217.928
MGG_13236T0	210	211	2374	997.018
MGG_00850T0	5205	5206	1013.53	17.2519
MGG_00283T0	848	849	35	3.65313
MGG_15340T0	1275	1276	28	1.94452
MGG_14042T0	4872	4873	8	0.145478
MGG_02424T0	1158	1159	260	19.879
MGG_05633T0	1777	1778	150	7.47591
MGG_09255T0	6377	6378	1358	18.8677
MGG_06567T0	1895	1896	52	2.43035
MGG_15939T0	360	361	0	0
MGG_16817T0	246	247	0	0
MGG_04864T0	1656	1657	211	11.284
MGG_16040T0	159	160	0	0
MGG_04474T0	2736	2737	367	11.8822
MGG_16149T0	1496	1497	34116	2019.49
MGG_08695T0	1611	1612	69	3.79305
MGG_04393T0	927	928	95	9.07152
MGG_08111T0	1815	1816	59	2.87899
MGG_17393T0	636	637	66	9.1814
MGG_06535T0	1373	1374	153	9.86755
MGG_00838T0	693	694	125.143	15.979
MGG_10844T0	969	970	3749	342.49
MGG_17605T0	477	478	0	0
MGG_04918T0	1042	1043	290.543	24.6848
MGG_14784T0	2131	2132	21	0.872844
MGG_17608T0	345	346	1	0.256111
MGG_14956T0	2345	2346	109.177	4.12389
MGG_11861T0	2362	2363	7477	280.394
MGG_07722T0	1656	1657	1533	81.9831
MGG_16739T0	1142	1143	18953	1469.39
MGG_01853T0	2643	2644	5.34303	0.179073
MGG_05857T0	2592	2593	1265	43.2307
MGG_04454T0	1161	1162	625.257	47.6823
MGG_07209T0	1224	1225	1691	122.324
MGG_02001T0	1834	1835	500	24.1456
MGG_04733T0	2172	2173	11	0.448578
MGG_05991T0	4109	4110	3112	67.0969
MGG_08487T0	1687	1688	17.5872	0.923271
MGG_12793T0	804	805	15	1.6512
MGG_01543T0	2006	2007	50	2.20763
MGG_16974T0	114	115	0	0
MGG_15073T0	879	880	169.646	17.0831
MGG_14632T0	506	507	19	3.32086
MGG_14953T0	1962	1963	104	4.69481
MGG_12111T0	4346	4347	4004	81.6223
MGG_06721T0	961	962	12981	1195.74
MGG_17144T0	258	259	36	12.3171
MGG_03205T0	2729	2730	3711	120.457
MGG_16539T0	807	808	7	0.7677
MGG_03417T0	1191	1192	44	3.271
MGG_04161T0	1147	1148	19	1.46662
MGG_00450T0	2798	2799	18584	588.357
MGG_02627T0	2719	2720	1527	49.7479
MGG_15602T0	249	250	2	0.708916
MGG_13376T0	1564	1565	560	31.7087
MGG_00413T0	2613	2614	6868	232.825
MGG_07151T0	4060	4061	1578	34.4333
MGG_12116T0	1599	1600	321	17.7783
MGG_02446T0	1638	1639	1171	63.3115
MGG_04324T0	3284	3285	1258	33.9352
MGG_17659T0	795	796	0	0
MGG_15084T0	580	581	0	0
MGG_02878T0	3743	3744	2357	55.7864
MGG_07431T0	3599	3600	721	17.7475
MGG_09197T0	2568	2569	152	5.24305
MGG_04819T0	3309	3310	333	8.91499
MGG_00677T0	1322	1323	27	1.80846
MGG_08486T0	1997	1998	29	1.2862
MGG_14927T0	342	343	0	0
MGG_14899T0	1482	1483	18.3008	1.09354
MGG_13016T0	1488	1489	11	0.65464
MGG_06552T0	2199	2200	188.564	7.59523
MGG_06421T0	2572	2573	1858	63.9898
MGG_01055T0	1626	1627	660.406	35.969
MGG_16890T0	324	325	1	0.27266
MGG_06469T0	4342	4343	1759.34	35.8976
MGG_01054T0	3653	3654	859.594	20.8463
MGG_06165T0	1658	1659	211	11.2704
MGG_14955T0	732	733	2162	261.37
MGG_06713T0	1978	1979	476	21.314
MGG_12617T0	5119	5120	1406	24.3344
MGG_10241T0	1941	1942	0	0
EFMOT00000000001	118	119	1	0.744659
EFMOT00000000002	72	73	0	0
EFMOT00000000003	72	73	0	0
EFMOT00000000005	104	105	0	0
EFMOT00000000009	83	84	0	0
EFMOT00000000010	72	73	0	0
EFMOT00000000011	72	73	0	0
EFMOT00000000012	105	106	1	0.835985
EFMOT00000000013	72	73	0	0
EFMOT00000000014	72	73	0	0
EFMOT00000000015	72	73	0	0
EFMOT00000000016	102	103	0	0
EFMOT00000000017	88	89	0	0
EFMOT00000000018	72	73	0	0
EFMOT00000000019	96	97	0	0
EFMOT00000000020	85	86	0	0
EFMOT00000000021	72	73	0	0
EFMOT00000000023	90	91	0	0
EFMOT00000000024	72	73	0	0
EFMOT00000000025	102	103	7	6.02234
EFMOT00000000028	104	105	5	4.21974
EFMOT00000000029	134	135	11	7.22044
EFMOT00000000030	136	137	0	0
EFMOT00000000032	72	73	0	0
EFMOT00000000033	72	73	14.3333	17.3992
EFMOT00000000036	89	90	0	0
EFMOT00000000037	83	84	0	0
EFMOT00000000039	93	94	0	0
EFMOT00000000041	88	89	0	0
EFMOT00000000042	72	73	0	0
EFMOT00000000044	84	85	0	0
EFMOT00000000045	72	73	0	0
EFMOT00000000046	139	140	15	9.49441
EFMOT00000000048	72	73	0	0
EFMOT00000000049	72	73	0	0
EFMOT00000000050	72	73	0	0
EFMOT00000000051	72	73	0.666667	0.809264
EFMOT00000000053	83	84	0	0
EFMOT00000000054	101	102	106.82	92.8019
EFMOT00000000055	72	73	0	0
EFMOT00000000059	72	73	0	0
EFMOT00000000060	72	73	0	0
EFMOT00000000062	73	74	0	0
EFMOT00000000063	72	73	0	0
EFMOT00000000064	72	73	0	0
EFMOT00000000065	72	73	0	0
EFMOT00000000066	101	102	7	6.08138
EFMOT00000000067	72	73	0	0
EFMOT00000000068	72	73	0	0
EFMOT00000000069	95	96	0	0
EFMOT00000000070	89	90	2	1.96921
EFMOT00000000072	72	73	0	0
EFMOT00000000073	72	73	0	0
EFMOT00000000074	72	73	1	1.2139
EFMOT00000000075	72	73	1.33333	1.61853
EFMOT00000000076	72	73	0	0
EFMOT00000000077	85	86	0	0
EFMOT00000000078	72	73	0	0
EFMOT00000000079	72	73	0	0
EFMOT00000000080	83	84	0	0
EFMOT00000000081	72	73	1.33333	1.61853
EFMOT00000000082	112	113	7	5.48939
EFMOT00000000083	72	73	0	0
EFMOT00000000084	89	90	0	0
EFMOT00000000085	72	73	0	0
EFMOT00000000086	72	73	0	0
EFMOT00000000087	92	93	3.6	3.43024
EFMOT00000000088	72	73	0	0
EFMOT00000000089	92	93	0	0
EFMOT00000000091	85	86	1	1.0304
EFMOT00000000092	89	90	0	0
EFMOT00000000093	72	73	0	0
EFMOT00000000094	104	105	3	2.53184
EFMOT00000000095	72	73	0	0
EFMOT00000000097	72	73	0.75	0.910423
EFMOT00000000098	72	73	0	0
EFMOT00000000099	82	83	0	0
EFMOT00000000100	72	73	0	0
EFMOT00000000101	101	102	10.9196	9.48662
EFMOT00000000102	72	73	0	0
EFMOT00000000103	72	73	0	0
EFMOT00000000104	72	73	0.666667	0.809264
EFMOT00000000105	133	134	2.54898	1.68565
EFMOT00000000106	72	73	0	0
EFMOT00000000107	72	73	0	0
EFMOT00000000108	102	103	9	7.74301
EFMOT00000000109	120	121	3	2.19705
EFMOT00000000110	112	113	0	0
EFMOT00000000111	72	73	1.08902	1.32195
EFMOT00000000112	104	105	2	1.68789
EFMOT00000000113	83	84	0	0
EFMOT00000000114	124	125	2	1.41783
EFMOT00000000116	120	121	3	2.19705
EFMOT00000000117	98	99	0	0
EFMOT00000000119	72	73	0	0
EFMOT00000000122	72	73	0	0
EFMOT00000000123	135	136	4	2.60631
EFMOT00000000124	96	97	3.69231	3.37311
EFMOT00000000125	72	73	0	0
EFMOT00000000127	72	73	0	0
EFMOT00000000128	101	102	2.02173	1.75642
EFMOT00000000129	86	87	2	2.03711
EFMOT00000000130	72	73	0	0
EFMOT00000000131	72	73	0	0
EFMOT00000000132	96	97	0	0
EFMOT00000000133	85	86	9	9.27361
EFMOT00000000134	72	73	0	0
EFMOT00000000136	72	73	0	0
EFMOT00000000137	72	73	0.75	0.910423
EFMOT00000000138	86	87	0	0
EFMOT00000000139	111	112	0	0
EFMOT00000000140	72	73	0	0
EFMOT00000000141	72	73	0.666667	0.809264
EFMOT00000000143	109	110	0	0
EFMOT00000000144	72	73	0	0
EFMOT00000000147	72	73	0	0
EFMOT00000000148	73	74	0	0
EFMOT00000000149	90	91	4	3.89514
EFMOT00000000150	72	73	0	0
EFMOT00000000151	83	84	0	0
EFMOT00000000152	98	99	0	0
EFMOT00000000153	72	73	0	0
EFMOT00000000154	101	102	2.18	1.89392
EFMOT00000000155	105	106	0	0
EFMOT00000000157	111	112	2	1.5824
EFMOT00000000158	72	73	0	0
EFMOT00000000159	90	91	10	9.73785
EFMOT00000000160	72	73	14.3333	17.3992
EFMOT00000000161	96	97	0	0
EFMOT00000000162	89	90	0	0
EFMOT00000000163	72	73	0	0
EFMOT00000000164	111	112	0	0
EFMOT00000000165	72	73	0	0
EFMOT00000000166	72	73	0	0
EFMOT00000000168	72	73	7.61435	9.24303
EFMOT00000000169	85	86	0	0
EFMOT00000000170	72	73	0	0
EFMOT00000000171	74	75	0	0
EFMOT00000000172	87	88	0	0
EFMOT00000000173	89	90	0	0
EFMOT00000000174	108	109	1	0.812977
EFMOT00000000175	85	86	0	0
EFMOT00000000176	88	89	0	0
EFMOT00000000177	90	91	4	3.89514
EFMOT00000000178	72	73	0.666667	0.809264
EFMOT00000000179	95	96	7	6.46147
EFMOT00000000180	72	73	0	0
EFMOT00000000181	72	73	0	0
EFMOT00000000182	114	115	0	0
EFMOT00000000183	72	73	0	0
EFMOT00000000184	72	73	0	0
EFMOT00000000187	92	93	0	0
EFMOT00000000189	83	84	0	0
EFMOT00000000190	85	86	1	1.0304
EFMOT00000000191	72	73	0	0
EFMOT00000000192	72	73	0	0
EFMOT00000000193	91	92	6	5.7792
EFMOT00000000194	88	89	0	0
EFMOT00000000195	73	74	0	0
EFMOT00000000196	85	86	0	0
EFMOT00000000197	72	73	0	0
EFMOT00000000198	72	73	0	0
EFMOT00000000199	72	73	0	0
EFMOT00000000200	100	101	0	0
EFMOT00000000201	72	73	0	0
EFMOT00000000202	89	90	0	0
EFMOT00000000203	72	73	0	0
EFMOT00000000204	72	73	0	0
EFMOT00000000206	72	73	0	0
EFMOT00000000207	72	73	0	0
EFMOT00000000208	89	90	6	5.90763
EFMOT00000000209	101	102	0	0
EFMOT00000000210	82	83	0	0
EFMOT00000000211	72	73	1.33333	1.61853
EFMOT00000000213	72	73	0	0
EFMOT00000000214	85	86	0	0
EFMOT00000000215	92	93	4.8	4.57365
EFMOT00000000217	96	97	0	0
EFMOT00000000218	84	85	0	0
EFMOT00000000219	110	111	0	0
EFMOT00000000220	72	73	0	0
EFMOT00000000221	97	98	0	0
EFMOT00000000222	72	73	0	0
EFMOT00000000223	101	102	0	0
EFMOT00000000224	72	73	0	0
EFMOT00000000225	86	87	0	0
EFMOT00000000226	72	73	0	0
EFMOT00000000227	72	73	0	0
EFMOT00000000228	72	73	0.666667	0.809264
EFMOT00000000229	79	80	0	0
EFMOT00000000230	104	105	1	0.843947
EFMOT00000000236	72	73	14.3333	17.3992
EFMOT00000000240	72	73	0	0
EFMOT00000000241	72	73	0	0
EFMOT00000000243	72	73	0.666667	0.809264
EFMOT00000000244	72	73	0	0
EFMOT00000000245	72	73	0	0
EFMOT00000000246	72	73	0	0
EFMOT00000000247	72	73	0	0
EFMOT00000000249	72	73	0	0
EFMOT00000000250	72	73	0.75	0.910423
EFMOT00000000251	72	73	0	0
EFMOT00000000252	72	73	0	0
EFMOT00000000253	72	73	0	0
EFMOT00000000254	72	73	0	0
EFMOT00000000255	85	86	0	0
EFMOT00000000256	86	87	0	0
EFMOT00000000258	90	91	1	0.973785
EFMOT00000000259	72	73	0	0
EFMOT00000000260	72	73	0	0
EFMOT00000000261	72	73	0	0
EFMOT00000000262	72	73	0	0
EFMOT00000000265	72	73	0	0
EFMOT00000000266	99	100	0	0
EFMOT00000000267	72	73	0	0
EFMOT00000000269	112	113	2	1.5684
EFMOT00000000270	109	110	29	23.362
EFMOT00000000271	73	74	0	0
EFMOT00000000272	105	106	0	0
EFMOT00000000273	96	97	1	0.913551
EFMOT00000000274	85	86	0	0
EFMOT00000000275	72	73	0	0
EFMOT00000000277	72	73	0.75	0.910423
EFMOT00000000278	125	126	4	2.81316
EFMOT00000000279	74	75	0	0
EFMOT00000000280	98	99	0	0
EFMOT00000000282	72	73	0	0
EFMOT00000000283	101	102	0	0
EFMOT00000000284	72	73	0	0
EFMOT00000000285	113	114	1	0.77732
EFMOT00000000286	72	73	0	0
EFMOT00000000287	72	73	0	0
EFMOT00000000288	92	93	2	1.90569
EFMOT00000000289	96	97	6.15385	5.62185
EFMOT00000000290	72	73	0	0
EFMOT00000000292	72	73	0	0
EFMOT00000000293	72	73	0	0
EFMOT00000000294	85	86	3	3.0912
EFMOT00000000296	72	73	0	0
EFMOT00000000298	72	73	0	0
EFMOT00000000299	72	73	0	0
EFMOT00000000300	118	119	9	6.70193
EFMOT00000000301	72	73	0	0
EFMOT00000000302	101	102	0	0
EFMOT00000000303	89	90	0	0
EFMOT00000000306	90	91	5	4.86893
EFMOT00000000307	111	112	2.69425	2.13169
EFMOT00000000308	72	73	0	0
EFMOT00000000309	72	73	4	4.85559
EFMOT00000000310	110	111	6.75676	5.39412
EFMOT00000000311	88	89	0	0
EFMOT00000000312	72	73	7.61435	9.24303
EFMOT00000000313	96	97	0	0
EFMOT00000000314	110	111	0	0
EFMOT00000000315	88	89	10	9.95668
EFMOT00000000317	72	73	0	0
EFMOT00000000318	97	98	0	0
EFMOT00000000319	104	105	0	0
EFMOT00000000320	93	94	0	0
EFMOT00000000321	87	88	0	0
EFMOT00000000323	72	73	0	0
EFMOT00000000324	96	97	0	0
EFMOT00000000325	86	87	0	0
EFMOT00000000326	99	100	0	0
EFMOT00000000327	102	103	0	0
EFMOT00000000328	100	101	0	0
EFMOT00000000329	101	102	0	0
EFMOT00000000330	104	105	13	10.9713
EFMOT00000000332	84	85	0	0
EFMOT00000000333	102	103	4.08039	3.5105
EFMOT00000000335	72	73	0	0
EFMOT00000000336	72	73	0	0
EFMOT00000000337	85	86	12	12.3648
EFMOT00000000339	104	105	0	0
EFMOT00000000340	72	73	0	0
EFMOT00000000341	72	73	0	0
EFMOT00000000343	72	73	0	0
EFMOT00000000344	96	97	6	5.48131
EFMOT00000000345	72	73	0	0
EFMOT00000000346	85	86	4	4.1216
EFMOT00000000348	105	106	0	0
EFMOT00000000350	84	85	0	0
EFMOT00000000351	101	102	0	0
EFMOT00000000353	72	73	0	0
EFMOT00000000354	72	73	0	0
EFMOT00000000355	93	94	0	0
EFMOT00000000356	72	73	0	0
EFMOT00000000357	72	73	0	0
EFMOT00000000358	110	111	0	0
EFMOT00000000359	72	73	0	0
EFMOT00000000360	72	73	0	0
EFMOT00000000361	93	94	0	0
EFMOT00000000362	102	103	0	0
EFMOT00000000363	72	73	0	0
EFMOT00000000364	72	73	0	0
EFMOT00000000366	72	73	0	0
EFMOT00000000367	72	73	0	0
EFMOT00000000368	89	90	0	0
EFMOT00000000369	96	97	6.15385	5.62185
EFMOT00000000370	72	73	0	0
EFMOT00000000372	72	73	0	0
EFMOT00000000373	133	134	0	0
EFMOT00000000374	72	73	0	0
EFMOT00000000375	90	91	0	0
EFMOT00000000376	72	73	0	0
EFMOT00000000378	85	86	19	19.5776
EFMOT00000000379	72	73	4	4.85559
EFMOT00000000382	72	73	0	0
EFMOT00000000383	89	90	0	0
EFMOT00000000384	91	92	0	0
EFMOT00000000385	72	73	0	0
EFMOT00000000387	92	93	3.6	3.43024
EFMOT00000000388	93	94	8	7.54166
EFMOT00000000389	72	73	0	0
EFMOT00000000390	94	95	0	0
EFMOT00000000391	94	95	0	0
MGG_16776T0	243	244	0	0
MGG_17328T0	243	244	0	0
MGG_16479T0	588	589	0	0
MGG_16677T0	243	244	0	0
MGG_16614T0	243	244	0	0
MGG_16613T0	243	244	0	0
MGG_16598T0	243	244	0	0
MGG_16563T0	243	244	0	0
MGG_17268T0	243	244	0	0
MGG_15944T0	243	244	0	0
MGG_17600T0	243	244	0	0
MGG_15710T0	215	216	27	11.0768
MGG_17242T0	243	244	0	0
MGG_16280T0	243	244	0	0
MGG_16642T0	218	219	2	0.809264
MGG_15503T0	516	517	1251.14	214.447
MGG_16566T0	492	493	0	0
MGG_16285T0	243	244	1.03367	0.375402
MGG_16639T0	698	699	42	5.32447
MGG_16639T1	239	240	0	0
MGG_06302T1	320	321	79	21.8085
MGG_06302T0	2540	2541	4969	173.288
MGG_18104T0	150	151	0	0
MGG_15500T0	243	244	0	0
MGG_17125T0	231	232	0	0
MGG_18084T0	243	244	0	0
MGG_15947T0	243	244	0	0
MGG_16695T0	243	244	3.16808	1.15056
MGG_15967T0	651	652	3.92831	0.533904
MGG_18132T0	243	244	0	0
MGG_16499T0	243	244	0	0
MGG_16498T0	243	244	0	0
MGG_16783T0	243	244	0	0
MGG_17211T0	453	454	0.5	0.097593
MGG_17866T0	228	229	8	3.0957
MGG_17482T0	327	328	50	13.5083
MGG_16020T0	918	919	36	3.4713
MGG_17368T0	504	505	26	4.56233
MGG_16293T0	555	556	58	9.24395
MGG_16567T0	243	244	0	0
MGG_17494T0	177	178	0	0
MGG_16980T0	243	244	0	0
MGG_17604T0	243	244	0	0
MGG_17589T0	243	244	0	0
MGG_18129T0	243	244	0	0
MGG_15717T0	243	244	0	0
MGG_16051T0	300	301	2	0.5888
MGG_15940T0	243	244	0	0
MGG_18069T0	243	244	0	0
MGG_17775T0	243	244	0	0
MGG_16310T0	243	244	0	0
MGG_17728T0	153	154	1	0.575419
MGG_16674T0	243	244	0	0
MGG_17777T0	510	511	520	90.1752
MGG_17585T0	243	244	0	0
MGG_15871T0	150	151	24	14.0844
MGG_15511T0	243	244	0	0
MGG_14532T0	510	511	0	0
MGG_16682T0	243	244	0	0
MGG_16673T0	243	244	0	0
MGG_01057T0	1128	1129	497	39.0092
MGG_16643T0	198	199	4	1.7812
MGG_18114T0	552	553	95.9447	15.3745
MGG_16785T0	243	244	0	0
MGG_18059T0	243	244	0	0
MGG_16488T0	552	553	0	0
MGG_15941T0	243	244	0	0
MGG_17100T0	475	476	10	1.86165
MGG_16730T0	516	517	90	15.4261
MGG_16369T0	243	244	0	0
MGG_17016T0	354	355	0	0
MGG_16080T0	417	418	0	0
MGG_16314T0	243	244	0	0
MGG_16103T0	597	598	920.534	136.409
MGG_16676T0	243	244	0	0
MGG_15714T0	243	244	0	0
MGG_16565T0	470	471	320.68	60.3331
MGG_16984T0	624	625	0	0
MGG_16843T0	483	484	20	3.66175
MGG_17560T0	243	244	0	0
MGG_17065T0	243	244	0	0
MGG_17325T0	402	403	0	0
MGG_17009T0	330	331	0	0
MGG_17598T0	243	244	0	0
MGG_16597T0	243	244	0	0
MGG_15512T0	243	244	0	0
MGG_17186T0	189	190	16027	7474.86
MGG_16814T0	246	247	1	0.358763
MGG_15716T0	243	244	7.08178	2.57192
MGG_16068T0	243	244	0	0
MGG_18131T0	243	244	0	0
MGG_16569T0	243	244	0	0
MGG_18073T0	366	367	0	0
MGG_16139T0	225	226	1	0.392099
MGG_17561T0	243	244	0	0
MGG_16413T0	372	373	48	11.4035
MGG_17427T0	228	229	3	1.16089
MGG_16074T0	243	244	7.08178	2.57192
MGG_17074T0	591	592	29	4.34091
MGG_17176T0	273	274	6	1.94046
MGG_15493T0	243	244	0	0
MGG_16093T0	811	812	31	3.38306
MGG_16683T0	243	244	0	0
MGG_17854T0	891	892	0	0
MGG_16979T0	588	589	6.01067	0.9043
MGG_16767T0	210	211	5	2.09987
MGG_17261T0	243	244	0	0
MGG_16913T0	288	289	22	6.74574
MGG_16564T0	333	334	0	0
MGG_16120T0	592	593	0	0
MGG_16067T0	243	244	0	0
MGG_17136T0	237	238	3	1.11699
MGG_15931T0	427	428	19	3.93382
MGG_15715T0	243	244	7.08178	2.57192
MGG_17218T0	1011	1012	0	0
MGG_17327T0	243	244	0	0
MGG_17269T0	327	328	1	0.270166
MGG_16284T0	243	244	0	0
MGG_17306T0	1362	1363	0	0
MGG_18086T0	243	244	0	0
MGG_16312T0	243	244	0	0
MGG_17867T0	243	244	0	0
MGG_17243T0	243	244	0	0
MGG_16313T0	333	334	0	0
MGG_17545T0	243	244	0	0
MGG_17238T0	243	244	0	0
MGG_17736T0	204	205	0	0
MGG_18083T0	243	244	0	0
MGG_16327T0	843	844	8.87509	0.931826
MGG_15942T0	243	244	0	0
MGG_16309T0	243	244	0	0
MGG_16384T0	243	244	0	0
MGG_17298T0	372	373	0	0
MGG_16809T0	243	244	0	0
MGG_16470T0	243	244	0	0
MGG_16283T0	243	244	0	0
MGG_16928T0	261	262	0	0
MGG_18080T0	243	244	0	0
MGG_16469T0	243	244	0	0
MGG_17501T0	243	244	0	0
MGG_16407T0	243	244	0	0
MGG_14095T0	843	844	288	30.2381
MGG_17185T0	226	227	1	0.390372
MGG_16694T0	243	244	0	0
MGG_16885T0	243	244	0	0
MGG_15969T0	651	652	0	0
MGG_15945T0	243	244	0	0
MGG_16082T0	423	424	0	0
MGG_17818T0	507	508	0	0
MGG_17262T0	243	244	0	0
MGG_17549T0	243	244	0	0
MGG_16351T0	372	373	0	0
MGG_16819T0	216	217	32	13.0676
MGG_17369T0	332	333	5	1.33055
MGG_16684T0	243	244	0	0
MGG_17748T0	555	556	0	0
MGG_15806T0	243	244	0	0
MGG_16050T0	243	244	0	0
MGG_18103T0	243	244	0	0
MGG_16544T0	189	190	0	0
MGG_15973T0	471	472	0	0
MGG_15962T0	651	652	2.00902	0.273049
MGG_17819T0	243	244	0	0
MGG_16245T0	239	240	11	4.0615
MGG_16046T0	186	187	0	0
MGG_17146T0	207	208	6	2.55619
MGG_16406T0	324	325	0	0
MGG_17856T0	771	772	80	9.18285
MGG_16478T0	243	244	0	0
MGG_16602T0	243	244	0	0
MGG_16338T0	204	205	19	8.21305
MGG_16782T0	330	331	0	0
MGG_15970T0	1335	1336	121.099	8.03225
MGG_17996T0	186	187	2	0.947748
MGG_17734T0	571	572	2	0.309841
MGG_10209T0	1701	1702	864	44.9841
MGG_16104T0	204	205	0	0
MGG_15662T0	218	219	4	1.61853
MGG_17643T0	747	748	0	0
MGG_16675T0	243	244	0	0
MGG_17517T0	221	222	3	1.19749
MGG_17219T0	453	454	0.5	0.097593
MGG_17175T0	639	640	204	28.2459
MGG_16370T0	243	244	0	0
MGG_17008T0	243	244	0	0
MGG_16073T0	243	244	0	0
MGG_17559T0	243	244	0	0
MGG_18058T0	243	244	0	0
MGG_17267T0	327	328	1	0.270166
MGG_17852T0	243	244	0	0
MGG_17497T0	156	157	0	0
MGG_16713T0	219	220	0	0
MGG_15567T0	237	238	49	18.2442
MGG_17916T0	300	301	10	2.944
MGG_16795T0	232	233	11	4.18352
MGG_17006T0	270	271	853.557	279.105
MGG_18130T0	516	517	1251.14	214.447
MGG_17259T0	489	490	45	8.13806
MGG_17769T0	243	244	0	0
MGG_16987T0	243	244	0	0
MGG_16401T0	243	244	0	0
MGG_17985T0	183	184	2	0.963201
MGG_16685T0	243	244	0	0
MGG_18047T0	354	355	0	0
MGG_18081T0	243	244	0	0
MGG_17552T0	432	433	0	0
MGG_17212T0	1011	1012	0	0
MGG_15943T0	315	316	4505.65	1263.5
MGG_18075T0	501	502	0	0
MGG_16281T0	243	244	0	0
MGG_15946T0	1122	1123	693.279	54.7057
MGG_14020T0	1029	1030	0	0
MGG_18009T0	294	295	0	0
MGG_15948T0	243	244	0	0
MGG_17599T0	243	244	0	0
MGG_14777T0	546	547	34	5.50803
MGG_16763T0	296	297	1	0.298365
MGG_18038T0	243	244	0	0
MGG_16568T0	243	244	0	0
MGG_17004T0	243	244	0	0
MGG_16907T0	243	244	0	0
MGG_15763T0	243	244	0	0
MGG_16808T0	243	244	0	0
MGG_14812T0	405	406	29	6.3296
MGG_16016T0	321	322	0	0
MGG_16405T0	243	244	0	0
MGG_17063T0	501	502	79	13.9453
MGG_16916T0	258	259	0	0
MGG_16282T0	690	691	471.042	60.4069
MGG_16985T0	243	244	0	0
MGG_16599T0	243	244	0	0
MGG_16551T0	822	823	11.1249	1.19785
MGG_16988T0	243	244	0	0
MGG_16986T0	243	244	0	0
MGG_15898T0	345	346	514	131.641
MGG_18085T0	243	244	0	0
