target_id	length	eff_length	est_counts	tpm
MGG_07573T0	4058	4059	1244	23.4827
MGG_05134T0	1811	1812	4398	185.971
MGG_03309T0	1113	1114	0	0
MGG_07008T0	2587	2588	8451	250.202
MGG_16787T0	429	430	0	0
MGG_04858T0	3024	3025	5154	130.547
MGG_12006T0	1560	1561	18	0.883521
MGG_02444T0	6373	6374	2926	35.173
MGG_17251T0	225	226	0	0
MGG_10811T0	1419	1420	0	0
MGG_15612T0	4020	4021	26	0.495435
MGG_00349T0	1011	1012	6843.01	518.101
MGG_16619T0	348	349	0	0
MGG_04614T0	937	938	4445.67	363.147
MGG_16874T0	174	175	0	0
MGG_07147T0	2929	2930	1062.2	27.7771
MGG_00076T0	2460	2461	1984	61.77
MGG_12797T0	1232	1233	13549	841.96
MGG_11099T0	1590	1591	0	0
MGG_07363T0	787	788	0	0
MGG_17953T0	4420	4421	4240.27	73.4887
MGG_14898T0	388	389	10	1.96969
MGG_14463T0	1415	1416	266	14.3935
MGG_08330T0	1368	1369	19	1.0634
MGG_09307T0	2126	2127	27	0.972621
MGG_03918T0	2470	2471	1947	60.3727
MGG_00421T0	969	970	1	0.0789906
MGG_02463T0	815	816	1137.51	106.81
MGG_00675T0	2891	2892	366.063	9.69852
MGG_15190T0	595	596	4	0.514234
MGG_02777T0	1610	1611	75	3.56708
MGG_05980T0	1438	1439	26053	1387.22
MGG_00454T0	4840	4841	2204	34.8838
MGG_05454T0	1590	1591	6779	326.47
MGG_16029T0	252	253	59	17.8681
MGG_07528T0	1527	1528	826	41.4194
MGG_15909T0	219	220	2	0.696554
MGG_16156T0	493	494	26	4.03268
MGG_05339T0	891	892	369	31.6963
MGG_18122T0	498	499	0	0
MGG_16935T0	1487	1488	0	0
MGG_08406T0	477	478	92	14.7471
MGG_05005T0	2421	2422	1278	40.43
MGG_11608T0	2244	2245	9	0.307166
MGG_14221T0	1242	1243	3	0.184926
MGG_15428T0	1674	1675	12	0.548926
MGG_17084T0	2151	2152	983	34.9992
MGG_08114T0	3175	3176	2432	58.6719
MGG_06700T0	4022	4023	1384	26.3593
MGG_14591T0	1617	1618	7	0.331487
MGG_07304T0	258	259	2	0.591667
MGG_09457T0	1172	1173	908.31	59.3313
MGG_07009T0	1011	1012	189.375	14.3381
MGG_15010T0	556	557	15	2.0634
MGG_11663T0	1098	1099	38	2.64931
MGG_00065T0	3029	3030	3841.97	97.1537
MGG_10601T0	2183	2184	26	0.912154
MGG_11526T0	633	634	0	0
MGG_13087T0	327	328	0	0
MGG_00223T0	1555	1556	8370	412.158
MGG_02093T0	1506	1507	0	0
MGG_01153T0	1251	1252	3693	226.007
MGG_02698T0	1675	1676	9	0.411449
MGG_10893T0	1663	1664	223	10.2683
MGG_14635T0	1511	1512	343	17.3816
MGG_17720T0	375	376	260	52.9826
MGG_17976T0	4110	4111	2869	53.4725
MGG_05211T0	4310	4311	3806	67.6454
MGG_05253T0	1815	1816	251	10.5902
MGG_07261T0	2500	2501	677	20.7406
MGG_01043T0	2705	2706	3005	85.0872
MGG_04395T0	4996	4997	4941.38	75.7681
MGG_00786T1	1869	1870	12536.6	513.67
MGG_00786T0	1904	1905	4893.43	196.818
MGG_06579T0	975	976	2	0.15701
MGG_15326T0	892	893	22	1.88764
MGG_17770T0	318	319	0	0
MGG_03684T0	2464	2465	2487	77.3048
MGG_16981T0	2740	2741	1155	32.2865
MGG_17657T0	700	701	1	0.109302
MGG_11239T0	2741	2742	848	23.696
MGG_08136T0	1643	1644	462	21.5322
MGG_09718T0	1570	1571	549	26.7759
MGG_05720T0	2668	2669	1199.05	34.4221
MGG_10455T0	594	595	0	0
MGG_08158T0	1723	1724	33	1.46664
MGG_01319T0	993	994	21	1.61875
MGG_07686T0	729	730	2	0.20992
MGG_04518T0	2276	2277	1286	43.2738
MGG_10595T0	3024	3025	1405	35.5876
MGG_07332T0	2844	2845	1389.85	37.4311
MGG_00246T0	1594	1595	285	13.6909
MGG_14140T0	1269	1270	0	0
MGG_03888T0	1983	1984	849	32.7879
MGG_17017T0	309	310	33	8.15642
MGG_17237T0	207	208	0	0
MGG_09185T0	3684	3685	116	2.41195
MGG_04634T0	2250	2251	10	0.340386
MGG_15422T0	1101	1102	246	17.1041
MGG_12303T0	273	274	37	10.3466
MGG_05067T0	1594	1595	1317.9	63.3097
MGG_04724T0	4323	4324	811	14.3709
MGG_10534T0	2152	2153	65	2.31322
MGG_06375T0	1961	1962	1030.55	40.2454
MGG_09428T0	972	973	5	0.393735
MGG_02702T0	501	502	0	0
MGG_05491T0	3200	3201	1	0.0239366
MGG_08646T0	3719	3720	1347	27.7442
MGG_03350T0	735	736	1	0.104105
MGG_03315T0	1005	1006	21	1.59944
MGG_06267T0	1350	1351	1464.95	83.0836
MGG_04557T0	710	711	23	2.4786
MGG_16385T0	321	322	6	1.42772
MGG_16360T0	381	382	3	0.601735
MGG_09467T0	984	985	99	7.70099
MGG_01722T0	2290	2291	2882	96.3865
MGG_01117T0	2575	2576	1348	40.0951
MGG_09164T0	2056	2057	59	2.19768
MGG_06775T0	2044	2045	198	7.41855
MGG_06052T0	3840	3841	2187	43.6266
MGG_10152T0	3181	3182	191	4.59918
MGG_03456T0	1623	1624	56	2.6421
MGG_05718T0	2436	2437	5383	169.245
MGG_05128T0	2264	2265	13671	462.466
MGG_15417T0	429	430	0	0
MGG_03816T0	1434	1435	2	0.106789
MGG_07298T0	1397	1398	530	29.048
MGG_00543T0	2181	2182	957	33.6051
MGG_08957T0	381	382	0	0
MGG_04194T0	2002	2003	34	1.3006
MGG_17907T0	354	355	0	0
MGG_07785T0	2112	2113	312	11.3136
MGG_02191T0	1340	1341	1	0.0571372
MGG_17222T0	1735	1736	157	6.92943
MGG_04173T0	1753	1754	127	5.54781
MGG_03668T0	3678	3679	4274	89.0127
MGG_09126T0	846	847	0	0
MGG_00070T0	1870	1871	159	6.51135
MGG_10418T0	327	328	0	0
MGG_08016T0	2309	2310	160	5.30708
MGG_16393T0	2074	2075	564	20.8261
MGG_05627T0	1029	1030	96	7.14137
MGG_13629T0	3079	3080	44	1.09458
MGG_11144T0	2144	2145	2744	98.0176
MGG_17499T0	537	538	9.74408	1.38773
MGG_15485T0	904	905	31	2.62458
MGG_11917T0	5142	5143	2833	42.2063
MGG_09963T0	2128	2129	532	19.1462
MGG_16222T0	989	990	122.031	9.44457
MGG_08008T0	1229	1230	1048	65.2835
MGG_03498T0	1923	1924	181.654	7.23413
MGG_01616T0	2385	2386	242	7.77128
MGG_02631T0	2146	2147	25	0.892186
MGG_15799T0	321	322	0	0
MGG_03644T0	435	436	3244	570.088
MGG_13801T0	3460	3461	538	11.9104
MGG_09761T0	1121	1122	23987	1638.06
MGG_01404T0	1327	1328	412	23.7709
MGG_17587T0	189	190	0	0
MGG_09497T0	2338	2339	4190	137.256
MGG_04022T0	1036	1037	1770	130.78
MGG_16750T0	1440	1441	30	1.59516
MGG_10785T0	936	937	1	0.0817726
MGG_18035T0	405	406	1	0.188721
MGG_10195T0	2296	2297	18907	630.68
MGG_07437T0	4272	4273	1161.62	20.8294
MGG_12863T0	1239	1240	39	2.40985
MGG_10268T0	2058	2059	1380	51.3535
MGG_09535T0	1617	1618	1934	91.5852
MGG_02863T0	1206	1207	50	3.17402
MGG_01190T0	1260	1261	103	6.25849
MGG_04905T0	2525	2526	582.035	17.6548
MGG_07087T0	3264	3265	782	18.3515
MGG_03894T0	2787	2788	389.812	10.713
MGG_07428T0	1229	1230	0	0
MGG_07406T0	2151	2152	37	1.31737
MGG_05693T0	2633	2634	11720	340.925
MGG_02907T0	465	466	65	10.6875
MGG_04340T0	2626	2627	1	0.0291667
MGG_06914T0	1627	1628	4916	231.369
MGG_15502T0	219	220	15	5.22415
MGG_09523T0	12506	12507	2346	14.3722
MGG_05368T0	1920	1921	286	11.4074
MGG_14006T0	222	223	0	0
MGG_09004T0	1853	1854	2639.57	109.086
MGG_07804T0	453	454	0	0
MGG_04431T0	4016	4017	5786	110.363
MGG_13813T0	1278	1279	61.0503	3.65734
MGG_02848T0	165	166	3458	1596.12
MGG_10597T0	1167	1168	4	0.2624
MGG_00560T0	2595	2596	1123	33.1453
MGG_15427T0	943	944	99	8.03546
MGG_05797T0	2028	2029	318.865	12.0413
MGG_15226T0	2805	2806	2307	62.9952
MGG_06178T0	1893	1894	13	0.525909
MGG_17161T0	270	271	13	3.67554
MGG_01870T0	1485	1486	70	3.60933
MGG_02919T0	1185	1186	48	3.10102
MGG_07382T0	3201	3202	2421	57.9323
MGG_07959T0	843	844	0	0
MGG_16791T0	420	421	9	1.63798
MGG_16945T0	658	659	43.9917	5.11485
MGG_04108T0	3642	3643	1383	29.0878
MGG_03468T0	1125	1126	5	0.340235
MGG_09944T0	3054	3055	667	16.7287
MGG_01584T0	1968	1969	442.755	17.2292
MGG_17597T0	168	169	0	0
MGG_06639T0	2340	2341	1158.73	37.9253
MGG_10118T0	4290	4291	470	8.39241
MGG_05957T0	1247	1248	2235.44	137.245
MGG_02348T0	3837	3838	5	0.0998188
MGG_17403T0	279	280	5	1.36823
MGG_13447T0	2873	2874	1921.64	51.231
MGG_08170T0	2542	2543	2522	75.9882
MGG_03259T0	351	352	3	0.653019
MGG_03130T0	3368	3369	4223	96.0434
MGG_00456T0	5577	5578	985	13.5302
MGG_05172T0	1281	1282	8	0.478134
MGG_01494T0	2541	2542	4504	135.759
MGG_09551T0	3954	3955	8901.99	172.46
MGG_10709T0	1767	1768	267	11.5711
MGG_10973T0	893	894	174	14.9128
MGG_07136T0	2801	2802	5201.06	142.223
MGG_02581T0	501	502	11	1.67894
MGG_10648T0	2303	2304	7	0.232789
MGG_03928T0	1183	1184	1190.19	77.0214
MGG_17703T0	1370	1371	101	5.64458
MGG_10035T0	1826	1827	34	1.4259
MGG_01338T0	2787	2788	48	1.31916
MGG_01127T0	3693	3694	12161	252.243
MGG_17405T0	213	214	10	3.58042
MGG_10857T0	5138	5139	4240	63.2171
MGG_01467T0	3280	3281	2783	64.9912
MGG_08305T0	1665	1666	54.5142	2.50716
MGG_12590T0	3805	3806	1056	21.259
MGG_16108T0	608	609	47	5.91327
MGG_06948T0	1353	1354	961.35	54.4014
MGG_15554T0	2507	2508	1697	51.8444
MGG_06184T0	1780	1781	1909	82.1276
MGG_09903T0	1326	1327	1665	96.137
MGG_07643T0	942	943	9	0.731271
MGG_13771T0	538	539	36	5.11754
MGG_13806T0	1965	1966	10322	402.279
MGG_04576T0	1596	1597	23	1.10349
MGG_14375T0	774	775	2	0.197731
MGG_09173T0	1322	1323	1058	61.2736
MGG_09425T0	471	472	1	0.162332
MGG_05915T0	858	859	4121	367.584
MGG_05807T0	1703	1704	305	13.7144
MGG_07095T0	2669	2670	905	25.9708
MGG_00166T0	1104	1105	546	37.8597
MGG_13473T0	339	340	212	47.7754
MGG_05891T1	2226	2227	10.1241	0.348324
MGG_05891T0	2810	2811	149.033	4.06227
MGG_02295T0	1404	1405	9	0.49081
MGG_16446T0	1152	1153	40	2.65814
MGG_15534T0	1844	1845	64	2.65785
MGG_06678T0	2741	2742	2258	63.0963
MGG_00281T0	690	691	0	0
MGG_15781T0	159	160	5	2.3944
MGG_08631T0	948	949	546	44.0833
MGG_16471T0	1227	1228	13	0.811134
MGG_13559T0	690	691	0	0
MGG_16238T0	273	274	3	0.838915
MGG_13467T0	2848	2849	1929.43	51.89
MGG_01523T0	3030	3031	716.892	18.1224
MGG_16909T0	165	166	0	0
MGG_01398T0	1805	1806	296	12.558
MGG_04972T0	1222	1223	1096.54	68.6981
MGG_02900T0	3602	3603	270	5.74178
MGG_03177T0	1197	1198	0	0
MGG_08205T0	1741	1742	500	21.9922
MGG_00681T0	1652	1653	2122	98.3603
MGG_16841T0	809	810	990.946	93.7373
MGG_10453T0	1280	1281	40	2.39253
MGG_03595T0	3620	3621	5845	123.681
MGG_18064T0	798	799	0.874042	0.0838171
MGG_08019T1	2018	2019	536.145	20.3467
MGG_08019T0	1561	1562	731.855	35.8997
MGG_09290T0	1305	1306	380	22.294
MGG_06510T0	1219	1220	7597	477.122
MGG_04449T0	3339	3340	5384.92	123.532
MGG_03866T0	645	646	64	7.59093
MGG_10932T0	1926	1927	120	4.77141
MGG_00289T0	2307	2308	72242.7	2398.31
MGG_03269T0	4873	4874	743.788	11.6926
MGG_14068T0	2224	2225	14	0.482109
MGG_13607T0	11784	11785	1	0.00650156
MGG_04516T0	1612	1613	404	19.1909
MGG_01753T0	2433	2434	969	30.5036
MGG_15879T0	828	829	0	0
MGG_11124T0	1746	1747	0	0
MGG_05506T0	1453	1454	62	3.26719
MGG_02886T0	1359	1360	18	1.0141
MGG_05344T0	839	840	110244	10055.9
MGG_00458T0	911	912	318.264	26.7387
MGG_16522T0	1133	1134	15	1.0135
MGG_14133T0	5222	5223	5359	78.616
MGG_03811T0	1701	1702	0	0
MGG_07534T0	2061	2062	187	6.94865
MGG_15339T1	4192	4193	134.324	2.45458
MGG_15339T0	4258	4259	192.676	3.46631
MGG_15866T0	2100	2101	2666	97.2258
MGG_06780T0	2416	2417	62	1.96545
MGG_15904T0	287	288	0	0
MGG_09992T0	1485	1486	440	22.6872
MGG_03753T0	1031	1032	2	0.14849
MGG_01525T0	569	570	1869	251.236
MGG_00264T0	1625	1626	572	26.954
MGG_05106T0	2055	2056	12448	463.899
MGG_13129T0	2229	2230	258	8.86466
MGG_06322T0	1671	1672	2621.11	120.115
MGG_15753T0	4783	4784	895.045	14.3351
MGG_04993T0	2111	2112	2147	77.8907
MGG_07054T0	1125	1126	116	7.89345
MGG_06748T0	2639	2640	5991	173.877
MGG_01445T0	1122	1123	257	17.5348
MGG_07848T0	4392	4393	92	1.60463
MGG_07576T0	1465	1466	561	29.3208
MGG_04780T0	5315	5316	307.245	4.42841
MGG_04780T1	5138	5139	514.755	7.67483
MGG_06276T0	2429	2430	6635	209.21
MGG_00957T0	2592	2593	1893.28	55.9447
MGG_18001T0	156	157	4	1.95213
MGG_12988T0	2612	2613	1146.62	33.6222
MGG_07962T0	1670	1671	1752	80.335
MGG_08129T0	2402	2403	53	1.68993
MGG_09237T0	1369	1370	825.012	46.141
MGG_05224T0	3926	3927	1442	28.1353
MGG_11505T0	1873	1874	853.995	34.9167
MGG_07454T0	2102	2103	1015	36.9806
MGG_12131T0	4366	4367	2289	40.1615
MGG_01575T0	1174	1175	5795	377.888
MGG_01297T0	1315	1316	68	3.95914
MGG_15819T0	255	256	0	0
MGG_14936T0	1159	1160	78.5899	5.19106
MGG_17923T0	374	375	16	3.26916
MGG_02535T0	3025	3026	2687	68.0371
MGG_17750T0	1656	1657	8	0.369926
MGG_16608T0	165	166	113	52.1576
MGG_02331T0	1446	1447	0	0
MGG_00213T0	1154	1155	253	16.7836
MGG_17823T0	1878	1879	27	1.10099
MGG_00671T0	1815	1816	283	11.9404
MGG_02182T0	483	484	0	0
MGG_01448T0	2193	2194	651	22.7348
MGG_16273T0	947	948	11.0061	0.889554
MGG_03937T0	4236	4237	12964	234.438
MGG_03879T0	2016	2017	2712	103.022
MGG_15889T0	195	196	0	0
MGG_17893T0	399	400	9	1.72397
MGG_08253T0	1152	1153	3208	213.183
MGG_09264T0	2102	2103	706	25.7225
MGG_12955T0	2475	2476	1700	52.6073
MGG_16707T1	1785	1786	24	1.02962
MGG_16707T0	1457	1458	0	0
MGG_15551T0	306	307	7	1.74706
MGG_05662T0	1545	1546	509.601	25.2562
MGG_16930T0	609	610	1	0.125608
MGG_12948T0	1369	1370	2132.1	119.243
MGG_07926T0	1269	1270	1908	115.112
MGG_09720T0	1990	1991	15	0.577255
MGG_09129T0	3276	3277	118	2.75901
MGG_08966T0	1143	1144	2	0.133953
MGG_15019T0	2863	2864	400	10.7012
MGG_02472T0	813	814	223	20.9907
MGG_02417T0	2341	2342	1342	43.9049
MGG_00400T0	991	992	9	0.695149
MGG_17558T0	2183	2184	14685.8	515.219
MGG_14836T0	915	916	0	0
MGG_08919T0	4875	4876	708	11.1254
MGG_03721T0	1536	1537	1712	85.3448
MGG_06874T0	2142	2143	2748	98.2521
MGG_02042T0	2082	2083	0	0
MGG_07606T0	3210	3211	268.986	6.41855
MGG_07606T1	3252	3253	0	0
MGG_05701T0	740	741	1704.45	176.244
MGG_17221T0	561	562	0	0
MGG_05457T0	4677	4678	176	2.8827
MGG_01802T0	3968	3969	26312	507.949
MGG_00144T0	1560	1561	1.04321	0.0512054
MGG_03236T0	1349	1350	12263.5	696.028
MGG_17346T0	252	253	405	122.654
MGG_03238T0	2455	2456	3574.59	111.518
MGG_01778T0	3393	3394	474	10.7007
MGG_00339T0	2054	2055	300	11.1855
MGG_11589T0	731	732	3997.78	418.461
MGG_08083T0	2257	2258	1439	48.8297
MGG_03152T0	1150	1151	7191.57	478.736
MGG_13659T0	1689	1690	266	12.0599
MGG_08498T0	1536	1537	46	2.29314
MGG_01270T0	1109	1110	47	3.24431
MGG_00760T0	5556	5557	5294	72.9946
MGG_05982T0	1458	1459	38	1.99561
MGG_14628T0	1807	1808	977	41.4041
MGG_01550T0	1613	1614	5481	260.198
MGG_15975T0	963	964	0	0
MGG_09759T0	660	661	6	0.6955
MGG_13248T0	378	379	0	0
MGG_04057T0	948	949	1	0.0807386
MGG_02645T0	339	340	2	0.450711
MGG_02708T0	1170	1171	5214	341.163
MGG_09608T0	2272	2273	3	0.101127
MGG_14623T0	1848	1849	0	0
MGG_04311T0	1606	1607	1039.79	49.5768
MGG_15605T0	216	217	1	0.353092
MGG_10109T0	588	589	30	3.90259
MGG_15731T0	2042	2043	105	3.93793
MGG_05381T0	1443	1444	169	8.96741
MGG_08476T0	969	970	18	1.42183
MGG_14690T0	1598	1599	307	14.7108
MGG_17519T0	258	259	3	0.887501
MGG_10473T0	1455	1456	0	0
MGG_15693T0	150	151	0	0
MGG_02854T0	1911	1912	1033	41.3961
MGG_06924T0	2012	2013	21348	812.57
MGG_10103T0	1680	1681	967	44.0764
MGG_13624T0	5560	5561	1048	14.4396
MGG_12986T0	2344	2345	4837	158.045
MGG_05353T0	1587	1588	29	1.39925
MGG_17047T0	168	169	13	5.89392
MGG_09102T0	1809	1810	12	0.507984
MGG_06326T0	958	959	20.9254	1.67187
MGG_05716T0	715	716	17	1.81921
MGG_16998T0	651	652	0	0
MGG_09239T0	2351	2352	6635.76	216.173
MGG_12708T0	855	856	612	54.7804
MGG_06026T0	2797	2798	9939	272.171
MGG_10463T0	1707	1708	43.4781	1.95043
MGG_07086T0	1334	1335	2316	132.924
MGG_05004T0	3737	3738	773	15.8448
MGG_00440T0	1824	1825	17	0.713729
MGG_12999T0	3180	3181	1023	24.6411
MGG_01386T0	2071	2072	334	12.3511
MGG_15183T0	1741	1742	0	0
MGG_13191T0	1710	1711	361.365	16.1824
MGG_02431T0	408	409	2	0.374674
MGG_02899T0	2288	2289	4353	145.71
MGG_02097T0	2643	2644	51	1.47794
MGG_16477T0	4912	4913	972.142	15.1611
MGG_00161T0	2283	2284	1380	46.2946
MGG_16045T0	625	626	1322.47	161.868
MGG_17263T0	1242	1243	92	5.67106
MGG_15774T0	1645	1646	20644	960.973
MGG_10076T0	1437	1438	429	22.8584
MGG_17873T0	474	475	44	7.09752
MGG_09361T0	1114	1115	12267	842.968
MGG_08715T0	414	415	0	0
MGG_10458T0	948	949	0	0
MGG_14211T0	280	281	12	3.27207
MGG_15336T0	381	382	0	0
MGG_09856T0	2569	2570	18	0.536645
MGG_01456T0	2245	2246	1306	44.5534
MGG_10730T0	3926	3927	1175	22.9258
MGG_02305T0	1419	1420	0	0
MGG_09666T0	468	469	0	0
MGG_08559T0	1255	1256	1195	72.8997
MGG_16188T0	889	890	45.0616	3.87939
MGG_06249T0	939	940	17237.9	1405.09
MGG_15631T0	213	214	15	5.37063
MGG_08122T0	3123	3124	3630	89.0314
MGG_16835T0	2504	2505	1428	43.6785
MGG_09048T0	3766	3767	176	3.57985
MGG_09431T0	1419	1420	0	0
MGG_07800T0	2489	2490	172	5.29269
MGG_00600T0	522	523	1364	199.83
MGG_02879T0	3687	3688	70	1.4543
MGG_13049T0	969	970	74	5.84531
MGG_03841T0	6205	6206	7962	98.301
MGG_08689T0	4722	4723	6216	100.842
MGG_00826T0	1087	1088	8	0.563389
MGG_04446T0	1910	1911	463	18.5638
MGG_15930T0	1137	1138	0	0
MGG_14563T0	4675	4676	7644	125.255
MGG_11072T0	1096	1097	31	2.16522
MGG_06288T0	1530	1531	956	47.8443
MGG_05551T0	1488	1489	0	0
MGG_13020T0	2283	2284	2897	97.1851
MGG_15735T0	303	304	0	0
MGG_04334T0	1845	1846	140	5.8109
MGG_17756T0	216	217	0	0
MGG_11385T0	1771	1772	1380.71	59.7016
MGG_09349T0	1164	1165	5122	336.869
MGG_11914T0	2195	2196	107.033	3.73449
MGG_02009T0	3173	3174	0	0
MGG_15250T0	1791	1792	324	13.8533
MGG_13441T0	1536	1537	162	8.07586
MGG_04387T0	2004	2005	648	24.7633
MGG_15254T0	210	211	0	0
MGG_14118T0	2730	2731	3544	99.4304
MGG_08821T0	2911	2912	296.13	7.79181
MGG_16145T0	1233	1234	863.889	53.6402
MGG_09304T0	1276	1277	288	17.2802
MGG_16925T0	1637	1638	11	0.514548
MGG_16925T1	1572	1573	0	0
MGG_16547T0	594	595	0	0
MGG_08499T0	2264	2265	104.858	3.54717
MGG_07325T0	1497	1498	685	35.0369
MGG_02770T0	1280	1281	4357.48	260.635
MGG_04975T0	1554	1555	81	3.99119
MGG_08458T0	1394	1395	6017	330.486
MGG_01304T0	2099	2100	838	30.5754
MGG_00227T0	1251	1252	569.989	34.8827
MGG_15981T0	360	361	0	0
MGG_15518T0	636	637	1	0.120284
MGG_00734T0	715	716	2	0.214025
MGG_03722T0	2349	2350	7	0.228233
MGG_12276T0	3361	3362	668	15.2239
MGG_16346T0	291	292	0	0
MGG_04432T0	2105	2106	5280	192.098
MGG_17751T0	231	232	3	0.990788
MGG_06680T0	2377	2378	1256.19	40.4754
MGG_02180T0	753	754	10	1.01619
MGG_05654T0	3176	3177	911	21.9709
MGG_10115T0	2675	2676	156	4.46669
MGG_16001T0	690	691	0	0
MGG_11511T0	1412	1413	19.098	1.0356
MGG_09167T0	2596	2597	6	0.177022
MGG_06080T0	2046	2047	644	24.1055
MGG_01361T0	1836	1837	6678	278.538
MGG_18042T0	435	436	0	0
MGG_16671T0	213	214	0	0
MGG_02836T0	2273	2274	13292.8	447.893
MGG_09589T0	11681	11682	147	0.964156
MGG_17040T0	571	572	7	0.937669
MGG_15550T0	397	398	2	0.38503
MGG_09553T0	6137	6138	3143.07	39.2351
MGG_08622T0	2251	2252	3627.47	123.419
MGG_05553T0	1446	1447	0	0
MGG_01305T0	974	975	7100	557.957
MGG_17766T0	342	343	0	0
MGG_04379T0	516	517	1322	195.924
MGG_05346T0	1612	1613	3086	146.592
MGG_17541T0	276	277	0	0
MGG_12958T0	4027	4028	8821.33	167.8
MGG_10632T0	2638	2639	11839.2	343.74
MGG_07777T0	2614	2615	1304	38.2079
MGG_01011T0	1990	1991	2211	85.0873
MGG_02106T0	531	532	45	6.48109
MGG_09791T0	684	685	0	0
MGG_15638T0	333	334	17	3.89987
MGG_17163T0	258	259	20	5.91667
MGG_10655T0	2076	2077	6988	257.789
MGG_14612T0	2582	2583	0	0
MGG_13715T0	1502	1503	116	5.91352
MGG_00461T0	1533	1534	11	0.549433
MGG_09520T0	1512	1513	1700.52	86.1173
MGG_08999T0	555	556	0	0
MGG_04536T1	3596	3597	476.886	10.1583
MGG_04536T0	3685	3686	164.114	3.41144
MGG_15150T0	327	328	0	0
MGG_14000T0	972	973	192.626	15.1687
MGG_02192T0	2640	2641	1	0.0290121
MGG_07712T0	705	706	1280	138.916
MGG_07599T0	1271	1272	68	4.09609
MGG_01701T0	2191	2192	48	1.67783
MGG_03848T0	3247	3248	155	3.65648
MGG_15420T0	519	520	0	0
MGG_10878T0	1836	1837	3364	140.312
MGG_01201T0	3281	3282	744	17.3693
MGG_17079T0	2136	2137	154.333	5.53353
MGG_17041T0	1684	1685	2284	103.859
MGG_14916T0	2798	2799	225	6.15924
MGG_10325T0	1963	1964	1803	70.3399
MGG_00591T0	1713	1714	76	3.39743
MGG_15571T0	447	448	4	0.684115
MGG_14748T0	2027	2028	1443	54.5187
MGG_07850T0	941	942	0	0
MGG_12213T0	2082	2083	103.482	3.80648
MGG_15553T0	1381	1382	49	2.71666
MGG_09002T0	624	625	290	35.5521
MGG_15207T0	630	631	48	5.82853
MGG_10234T0	579	580	0	0
MGG_14117T0	615	616	21	2.61208
MGG_12843T0	1757	1758	2302	100.331
MGG_02403T0	2172	2173	8.37761	0.295398
MGG_02403T1	2167	2168	24.6224	0.870198
MGG_16264T0	204	205	2	0.747521
MGG_04258T0	920	921	0	0
MGG_08059T0	1467	1468	811	42.3294
MGG_02710T0	884	885	2339.2	202.521
MGG_16444T0	3807	3808	2948	59.3168
MGG_02565T0	1641	1642	1	0.0466632
MGG_05936T0	1323	1324	8568	495.837
MGG_02948T0	1706	1707	2051	92.0618
MGG_04425T0	1557	1558	1636	80.4569
MGG_12546T0	312	313	13	3.18234
MGG_02739T0	1165	1166	1080.11	70.9771
MGG_13891T0	4461	4462	2583	44.355
MGG_15804T0	192	193	0	0
MGG_01031T0	675	676	115	13.0346
MGG_16921T0	793	794	184	17.756
MGG_03004T0	3077	3078	40	0.995723
MGG_02620T0	978	979	9462.2	740.554
MGG_04938T0	1143	1144	49	3.28184
MGG_05628T0	1059	1060	62	4.4816
MGG_16611T0	984	985	4.91974	0.382695
MGG_18046T0	2451	2452	53	1.65616
MGG_12029T0	639	640	2	0.23944
MGG_01763T0	1152	1153	0	0
MGG_06929T0	1784	1785	522.153	22.4134
MGG_15709T0	174	175	6	2.627
MGG_08875T0	3368	3369	826	18.7857
MGG_17912T0	297	298	50	12.8559
MGG_10007T0	318	319	0	0
MGG_17908T0	1776	1777	1445	62.3057
MGG_01199T0	1008	1009	2210	167.822
MGG_11371T0	4259	4260	43	0.773404
MGG_10004T0	408	409	2	0.374674
MGG_05252T0	1375	1376	420.703	23.4264
MGG_14705T0	267	268	61	17.4398
MGG_02468T0	3234	3235	922	21.8376
MGG_07810T0	348	349	0	0
MGG_00729T0	3427	3428	14	0.312921
MGG_16028T0	225	226	0	0
MGG_06411T0	1278	1279	3596	215.425
MGG_12939T0	1862	1863	13161	541.282
MGG_01034T0	5402	5403	1325.47	18.7968
MGG_05666T0	5841	5842	6006	78.7719
MGG_17578T0	642	643	671	79.9574
MGG_15199T0	411	412	0	0
MGG_17804T0	189	190	0	0
MGG_01544T0	1600	1601	72	3.44579
MGG_04128T0	2204	2205	1135	39.4398
MGG_04209T0	2778	2779	395	10.8907
MGG_01453T0	2446	2447	32	1.00199
MGG_16715T0	261	262	1	0.292446
MGG_01631T0	2248	2249	2830.34	96.4264
MGG_08119T0	393	394	3	0.583408
MGG_00239T0	3723	3724	0	0
MGG_16302T0	1145	1146	10	0.668594
MGG_15724T0	1579	1580	20.0616	0.972873
MGG_17493T0	534	535	9.37456	1.34259
MGG_08026T0	965	966	35	2.77612
MGG_06765T0	2578	2579	1007	29.9175
MGG_00134T0	4621	4622	551	9.13417
MGG_16721T0	2775	2776	102	2.81532
MGG_04903T0	2970	2971	536.774	13.8432
MGG_16514T0	561	562	8	1.09069
MGG_12424T0	3228	3229	1006	23.8714
MGG_04790T0	6360	6361	703	8.46793
MGG_04058T0	1577	1578	123	5.97235
MGG_04440T0	3046	3047	735	18.4826
MGG_01625T0	20262	20263	4303.41	16.2726
MGG_01625T1	20188	20189	716.591	2.71959
MGG_04415T0	2693	2694	778.71	22.1476
MGG_07340T0	3338	3339	244	5.59913
MGG_00360T0	2421	2422	621	19.6456
MGG_03520T0	348	349	958	210.323
MGG_13209T0	1179	1180	1898.59	123.281
MGG_04646T0	2915	2916	1056.07	27.7493
MGG_04501T0	2464	2465	119	3.69894
MGG_02482T0	3347	3348	1795	41.0796
MGG_03643T0	4572	4573	608.052	10.188
MGG_12308T0	2768	2769	1495.42	41.3796
MGG_00433T0	615	616	688	85.5766
MGG_10578T0	1791	1792	2974	127.16
MGG_09912T0	2338	2339	7963	260.852
MGG_14736T0	1134	1135	41	2.7678
MGG_08802T0	1506	1507	1196	60.8086
MGG_02372T0	934	935	8	0.65558
MGG_06332T0	1047	1048	5535	404.673
MGG_16508T0	399	400	10	1.91552
MGG_10189T0	2480	2481	1028	31.7478
MGG_03339T0	695	696	4	0.44035
MGG_04120T0	2852	2853	418	11.2259
MGG_09149T0	2925	2926	0	0
MGG_08525T0	1560	1561	2	0.098169
MGG_11928T0	195	196	0	0
MGG_10621T0	1582	1583	0	0
MGG_18068T0	306	307	0	0
MGG_15050T0	1371	1372	98	5.47292
MGG_05459T0	4284	4285	529	9.45915
MGG_17274T0	1137	1138	266.383	17.9355
MGG_17274T1	1084	1085	2090.62	147.636
MGG_08933T0	2264	2265	0	0
MGG_12043T0	315	316	0	0
MGG_05817T0	2108	2109	2777	100.89
MGG_00815T0	804	805	27	2.56989
MGG_05194T0	1341	1342	1143.33	65.2777
MGG_02568T0	453	454	1914	323.023
MGG_12175T0	16315	16316	1860	8.73467
MGG_06950T0	1701	1702	1442.97	64.9598
MGG_12387T0	1215	1216	5813	366.281
MGG_04725T0	2253	2254	1061	36.0669
MGG_08340T0	3001	3002	709.15	18.0998
MGG_01592T0	1929	1930	6539	259.598
MGG_09740T0	336	337	0	0
MGG_01370T0	2918	2919	216	5.66979
MGG_08752T0	1395	1396	0	0
MGG_08309T0	4752	4753	2345	37.8027
MGG_06498T0	1382	1383	604	33.4628
MGG_02775T0	2065	2066	9160	339.713
MGG_00485T0	4086	4087	330.956	6.20459
MGG_13926T0	1800	1801	987	41.9905
MGG_10383T0	1897	1898	715	28.864
MGG_03635T0	1011	1012	232	17.5653
MGG_17783T0	168	169	0	0
MGG_09468T0	1465	1466	4	0.209061
MGG_03871T0	2790	2791	365	10.0203
MGG_00420T0	1605	1606	2	0.0954183
MGG_13529T0	622	623	1	0.122987
MGG_03055T0	2500	2501	333.308	10.2113
MGG_00919T0	2214	2215	1866	64.5484
MGG_08952T0	876	877	0	0
MGG_08824T0	1169	1170	848.6	55.5731
MGG_17690T0	3075	3076	1600	39.8548
MGG_16306T0	153	154	19	9.45323
MGG_03021T0	2339	2340	676	22.1349
MGG_07858T0	14334	14335	0	0
MGG_07278T0	2422	2423	894	28.2704
MGG_04201T0	1630	1631	1598	75.0707
MGG_16834T0	2451	2452	168	5.24972
MGG_16513T0	516	517	7	1.03742
MGG_14722T0	2865	2866	0	0
MGG_15925T0	261	262	0	0
MGG_06248T0	2027	2028	690.138	26.0745
MGG_15629T0	180	181	0	0
MGG_15335T0	981	982	0	0
MGG_05342T0	1562	1563	5760	282.365
MGG_04686T0	2567	2568	840	25.0629
MGG_15837T0	1421	1422	644	34.7003
MGG_09834T0	2986	2987	6554.56	168.134
MGG_00682T0	360	361	1054	223.708
MGG_17762T0	306	307	0	0
MGG_12098T0	2397	2398	2663	85.0882
MGG_11525T0	1166	1167	7	0.459594
MGG_09081T0	1707	1708	27	1.21122
MGG_15038T0	3810	3811	17406	349.951
MGG_06492T0	4093	4094	4314	80.7383
MGG_09917T0	4031	4032	6773	128.709
MGG_16999T0	644	645	10	1.18792
MGG_14835T0	2135	2136	1163	41.7182
MGG_00565T0	561	562	7	0.954353
MGG_10699T0	1637	1638	1721	80.5034
MGG_17815T0	322	323	5	1.18608
MGG_07461T0	3218	3219	572	13.6151
MGG_10500T0	1374	1375	0	0
MGG_16573T0	510	511	0	0
MGG_14116T0	321	322	2	0.475906
MGG_03990T0	2445	2446	501.217	15.7006
MGG_08066T0	666	667	6	0.689244
MGG_16824T0	198	199	0	0
MGG_04418T0	2067	2068	1485	55.0203
MGG_16118T0	195	196	3	1.17277
MGG_09861T0	2152	2153	203	7.22436
MGG_07012T0	2679	2680	5372	153.585
MGG_06451T0	1516	1517	8	0.404066
MGG_17209T0	561	562	0	0
MGG_18133T0	2424	2425	0	0
MGG_07083T0	3917	3918	2687	52.5473
MGG_06669T0	1140	1141	2473	166.068
MGG_05881T0	2325	2326	1953	64.3339
MGG_00046T0	2838	2839	8	0.21591
MGG_12864T0	1751	1752	372	16.2688
MGG_10056T0	1690	1691	47	2.12962
MGG_12760T0	2523	2524	206.286	6.26221
MGG_12760T1	2002	2003	157.531	6.02603
MGG_02624T0	1415	1416	8926	482.993
MGG_04955T0	1230	1231	759	47.2423
MGG_15248T0	4836	4837	77	1.21973
MGG_09408T1	8496	8497	161.085	1.45257
MGG_09408T2	8207	8208	0.00205351	1.91694e-05
MGG_09408T0	8566	8567	13477.4	120.538
MGG_06724T0	1059	1060	58	4.19247
MGG_04974T0	1147	1148	3026	201.964
MGG_16778T0	1323	1324	41.2707	2.38837
MGG_06009T0	1503	1504	33	1.68118
MGG_17863T0	150	151	5	2.53712
MGG_08626T1	1568	1569	369.56	18.0472
MGG_08626T0	2128	2129	1513.66	54.4752
MGG_13874T0	1722	1723	0	0
MGG_01412T0	1548	1549	92	4.55076
MGG_14742T0	2558	2559	1034	30.9598
MGG_13679T0	222	223	0	0
MGG_18090T0	756	757	0	0
MGG_13563T0	1153	1154	281	18.6573
MGG_06636T0	1268	1269	940	56.7562
MGG_12473T0	3405	3406	6898	155.176
MGG_05984T0	1861	1862	2049	84.3159
MGG_16191T0	162	163	11	5.17074
MGG_14622T0	246	247	0	0
MGG_09969T0	1773	1774	24	1.03659
MGG_06155T0	3628	3629	125	2.63919
MGG_09695T0	1341	1342	578.41	33.0241
MGG_15296T0	615	616	1	0.124385
MGG_09503T0	1946	1947	335	13.1834
MGG_04114T0	2122	2123	8460	305.329
MGG_06148T0	3084	3085	16764.9	416.383
MGG_00589T0	1793	1794	157.021	6.70631
MGG_12606T0	1834	1835	21188	884.711
MGG_15769T0	2335	2336	10343	339.251
MGG_06261T0	4936	4937	3484	54.0707
MGG_13291T0	3080	3081	13	0.323295
MGG_05927T0	1081	1082	2825	200.05
MGG_02939T0	2965	2966	2996	77.3959
MGG_17790T0	294	295	0	0
MGG_17492T0	2971	2972	483	12.4522
MGG_08677T0	1143	1144	20	1.33953
MGG_04325T0	2424	2425	20292.5	641.168
MGG_02944T0	5145	5146	4268	63.548
MGG_14340T0	1035	1036	8.11215	0.599962
MGG_06078T0	2372	2373	763	24.6362
MGG_03327T0	1707	1708	17430	781.91
MGG_12733T0	1024	1025	4	0.299008
MGG_05652T0	5487	5488	1844.98	25.7588
MGG_16708T0	156	157	16	7.8085
MGG_03599T0	1519	1520	300	15.1226
MGG_03524T0	1825	1826	3179	133.394
MGG_06737T0	711	712	16.2886	1.75288
MGG_10013T0	1017	1018	0	0
MGG_00540T0	2167	2168	1636	57.8191
MGG_12668T0	1014	1015	4	0.301954
MGG_04406T0	8595	8596	48	0.427851
MGG_03940T0	1957	1958	1162.32	45.4844
MGG_14862T0	372	373	40	8.21672
MGG_08132T0	1762	1763	3523	153.111
MGG_15515T0	1494	1495	0	0
MGG_08838T0	698	699	1228	134.607
MGG_03723T0	1551	1552	669	33.028
MGG_16587T0	252	253	0	0
MGG_11304T0	556	557	0	0
MGG_02110T0	1109	1110	3	0.207084
MGG_01252T0	731	732	865	90.5425
MGG_09381T0	1317	1318	0	0
MGG_06653T0	1305	1306	524	30.7422
MGG_17147T0	180	181	0	0
MGG_16136T0	183	184	16	6.66269
MGG_14791T0	1191	1192	68	4.37099
MGG_14994T0	923	924	13	1.078
MGG_07934T0	1017	1018	5	0.376331
MGG_17198T0	711	712	5	0.538068
MGG_09603T0	1044	1045	1	0.0733215
MGG_06387T0	2162	2163	933	33.0501
MGG_13026T0	961	962	398	31.6997
MGG_09827T0	1850	1851	2156	89.2462
MGG_04973T0	1724	1725	13	0.577433
MGG_10537T0	2131	2132	163	5.85798
MGG_09128T0	539	540	1	0.141891
MGG_16155T0	228	229	6	2.00754
MGG_17416T0	784	785	28	2.73298
MGG_02385T0	4158	4159	1812	33.3823
MGG_10179T0	726	727	1544	162.727
MGG_03476T0	2080	2081	283	10.4199
MGG_10917T0	1659	1660	0	0
MGG_04167T0	687	688	6125	682.127
MGG_17849T0	201	202	0	0
MGG_08200T0	2930	2931	459	11.999
MGG_02621T1	1853	1854	4.38318	0.181145
MGG_02621T0	1712	1713	358.418	16.0317
MGG_01695T0	5453	5454	1655.7	23.2602
MGG_08684T0	447	448	0	0
MGG_01294T0	3999	4000	1283	24.5762
MGG_16736T0	366	367	0	0
MGG_04962T0	1917	1918	3	0.119845
MGG_06752T0	3036	3037	1791	45.1854
MGG_00445T0	2165	2166	95.1286	3.36512
MGG_11783T0	5168	5169	7848	116.332
MGG_02522T0	438	439	97	16.9299
MGG_06904T0	2016	2017	4038	153.394
MGG_10255T0	1530	1531	0	0
MGG_00496T0	1533	1534	2241	111.934
MGG_06575T0	1845	1846	51	2.11683
MGG_13168T0	3623	3624	656	13.8696
MGG_09015T0	1432	1433	26	1.39019
MGG_18141T0	372	373	0	0
MGG_11196T0	3505	3506	790	17.2648
MGG_07832T0	1224	1225	21	1.3135
MGG_16495T0	243	244	0	0
MGG_11708T0	663	664	550	63.4661
MGG_00825T0	342	343	0	0
MGG_16947T0	840	841	26.2992	2.39604
MGG_11149T0	1670	1671	3043	139.532
MGG_01894T0	3144	3145	2010	48.9692
MGG_15976T0	2652	2653	1.31017	0.0378388
MGG_12129T0	1050	1051	1597	116.426
MGG_10669T0	2343	2344	1444	47.2016
MGG_08063T0	1971	1972	9648	374.867
MGG_06418T0	2222	2223	4035	139.076
MGG_00976T0	4815	4816	4019	63.9409
MGG_15933T0	2066	2067	3	0.111206
MGG_05186T0	1518	1519	17181	866.639
MGG_15364T0	666	667	0	0
MGG_08620T0	1803	1804	115	4.88437
MGG_17654T0	1274	1275	0	0
MGG_09617T0	375	376	0	0
MGG_12377T0	5995	5996	5750	73.4774
MGG_05236T0	1201	1202	780	49.7207
MGG_10596T0	2832	2833	6539.57	176.868
MGG_10596T1	3025	3026	6496.43	164.495
MGG_06521T0	1799	1800	523	22.2626
MGG_09376T0	1650	1651	0	0
MGG_03634T0	2734	2735	3503	98.1364
MGG_12174T0	1307	1308	2383	139.593
MGG_01457T0	3311	3312	639.938	14.8045
MGG_12480T0	1215	1216	5	0.315053
MGG_08296T0	1701	1702	567.333	25.5403
MGG_08296T1	1419	1420	629.667	33.9758
MGG_16038T0	2396	2397	358	11.4436
MGG_12946T0	678	679	0	0
MGG_05599T0	3581	3582	86	1.83959
MGG_04657T0	5521	5522	757.648	10.5128
MGG_03832T0	1497	1498	0	0
MGG_00290T0	1205	1206	293.301	18.6343
MGG_05826T0	1538	1539	72	3.5846
MGG_00167T0	1346	1347	14154	805.117
MGG_08962T0	995	996	1	0.0769286
MGG_15565T0	1815	1816	415	17.5097
MGG_11534T0	3856	3857	26383	524.109
MGG_09300T0	3196	3197	1826	43.7628
MGG_00765T0	468	469	24	3.9209
MGG_14926T0	531	532	1	0.144024
MGG_09724T0	417	418	0	0
MGG_00079T1	2031	2032	0	0
MGG_00079T0	1866	1867	1	0.0410396
MGG_18142T0	564	565	0	0
MGG_13440T0	1476	1477	971	50.3716
MGG_11280T0	870	871	1	0.0879689
MGG_06771T0	675	676	1059	120.032
MGG_17332T0	186	187	0	0
MGG_17724T0	1497	1498	291.812	14.9258
MGG_16722T0	273	274	0	0
MGG_11904T0	4618	4619	1773	29.4109
MGG_02486T0	2571	2572	877	26.1262
MGG_10607T0	1921	1922	8607	343.12
MGG_14772T0	1102	1103	6840	475.147
MGG_04067T0	3266	3267	2729	64.0032
MGG_00203T0	2521	2522	362	10.9979
MGG_01615T0	4199	4200	7122	129.927
MGG_00759T0	2096	2097	1514.25	55.328
MGG_00834T0	2098	2099	238.477	8.70525
MGG_16771T0	283	284	39	10.5219
MGG_01817T0	2851	2852	811	21.7881
MGG_09310T0	2712	2713	689	19.4588
MGG_16922T0	426	427	1	0.17944
MGG_04423T0	2567	2568	2377.02	70.9228
MGG_01180T0	1426	1427	954	51.2238
MGG_07505T0	809	810	145	13.7161
MGG_17252T0	1554	1555	122	6.01142
MGG_15246T0	1008	1009	34	2.58187
MGG_10435T0	1221	1222	0	0
MGG_04364T0	2127	2128	490	17.643
MGG_17998T0	465	466	0	0
MGG_17781T0	267	268	0	0
MGG_15752T0	219	220	7	2.43794
MGG_13499T0	2056	2057	2054	76.5092
MGG_02302T0	1350	1351	28	1.588
MGG_16275T0	150	151	0	0
MGG_02064T0	2094	2095	82	2.99901
MGG_01130T0	2570	2571	998	29.7424
MGG_08771T0	1150	1151	3650	242.977
MGG_16691T0	204	205	6	2.24256
MGG_12159T0	2070	2071	1221.05	45.1751
MGG_15052T0	339	340	4	0.901423
MGG_11061T0	2860	2861	1272	34.0656
MGG_00102T0	2344	2345	468.293	15.3011
MGG_06587T0	1783	1784	40.5403	1.74117
MGG_16442T0	1093	1094	315	22.0618
MGG_00127T0	2040	2041	143	5.36834
MGG_08121T0	2084	2085	1438	52.8445
MGG_03945T0	2144	2145	6639	237.15
MGG_02972T0	2003	2004	7	0.267638
MGG_01666T0	2935	2936	3610	94.2103
MGG_15295T0	2892	2893	589	15.5996
MGG_12383T0	2778	2779	0	0
MGG_08974T0	2337	2338	525	17.2053
MGG_07673T0	1927	1928	329	13.0748
MGG_01122T0	1153	1154	7	0.464772
MGG_16719T0	279	280	0	0
MGG_16335T0	246	247	14	4.34289
MGG_17665T0	420	421	0	0
MGG_15005T0	2135	2136	1226	43.9781
MGG_06960T0	2469	2470	378	11.7258
MGG_06932T0	2472	2473	2647	82.012
MGG_11573T0	992	993	1663	128.319
MGG_02050T0	1670	1671	927	42.506
MGG_17091T0	192	193	0	0
MGG_03997T0	3463	3464	15036.6	332.598
MGG_15540T0	1449	1450	1150.03	60.7699
MGG_13222T0	2525	2526	3338	101.251
MGG_11945T0	2886	2887	672	17.8349
MGG_03630T0	2058	2059	1053	39.185
MGG_17700T0	331	332	4	0.923144
MGG_04131T0	2168	2169	1473.52	52.0528
MGG_14330T0	1653	1654	10	0.463246
MGG_08334T0	1710	1711	93.2643	4.1765
MGG_10805T0	990	991	6	0.463901
MGG_04878T0	6696	6697	8685	99.3658
MGG_04703T0	6310	6311	3383	41.0725
MGG_06323T0	1244	1245	8711.89	536.155
MGG_16716T0	396	397	4	0.771999
MGG_08203T0	486	487	5018	789.494
MGG_05477T0	1892	1893	6637	268.639
MGG_01218T0	4042	4043	48	0.909672
MGG_17997T0	339	340	0	0
MGG_17955T0	582	583	0	0
MGG_16634T0	1284	1285	216.935	12.9352
MGG_00700T0	2586	2587	2375	70.342
MGG_17876T0	339	340	2	0.450711
MGG_07258T0	2947	2948	1681	43.6906
MGG_07211T0	2131	2132	282	10.1347
MGG_14216T0	480	481	0	0
MGG_08176T0	756	757	98	9.91922
MGG_01455T0	920	921	0	0
MGG_17903T0	288	289	13	3.44662
MGG_10266T0	1293	1294	0	0
MGG_13180T0	198	199	4	1.54012
MGG_08387T0	1632	1633	0	0
MGG_08737T0	1931	1932	48	1.90363
MGG_06138T0	3997	3998	4407	84.4593
MGG_16123T0	417	418	7	1.28313
MGG_09391T0	1281	1282	0	0
MGG_00833T0	2843	2844	354.523	9.5513
MGG_15542T0	291	292	0	0
MGG_13671T0	240	241	0	0
MGG_00143T0	2383	2384	2302	73.9855
MGG_04002T0	896	897	3340	285.3
MGG_12922T0	5146	5147	2162	32.1847
MGG_17316T0	258	259	0	0
MGG_03316T1	3068	3069	99.0262	2.4723
MGG_03316T0	2946	2947	11.9738	0.311315
MGG_10696T0	1810	1811	153	6.47322
MGG_11340T0	4555	4556	3341	56.1876
MGG_15110T0	1329	1330	247	14.2296
MGG_09995T0	4732	4733	732	11.8501
MGG_10414T0	1884	1885	806	32.762
MGG_11188T0	4106	4107	818.975	15.2789
MGG_03714T0	3257	3258	21903	515.11
MGG_06218T0	3768	3769	7081	143.951
MGG_15188T0	639	640	0	0
MGG_15037T0	1638	1639	9	0.420737
MGG_10475T0	1431	1432	2	0.107012
MGG_16138T0	309	310	3	0.741493
MGG_04678T0	1761	1762	1557	67.7065
MGG_15701T0	3144	3145	14.137	0.344417
MGG_01840T0	3259	3260	1625	38.1929
MGG_16977T0	423	424	0	0
MGG_16729T0	1733	1734	439	19.3983
MGG_04493T0	2789	2790	881	24.1946
MGG_07726T0	369	370	12	2.485
MGG_07529T0	821	822	764	71.2146
MGG_02782T0	1635	1636	724	33.908
MGG_10066T0	942	943	76	6.17518
MGG_05375T0	1286	1287	1256	74.7754
MGG_04003T0	1305	1306	452	26.5181
MGG_03979T0	3028	3029	684.781	17.3221
MGG_16355T0	901	902	0	0
MGG_07584T0	1629	1630	0	0
MGG_03651T0	2240	2241	140.624	4.80802
MGG_09359T0	4034	4035	273.075	5.18544
MGG_10483T0	1929	1930	14	0.555799
MGG_11710T0	1032	1033	823	61.0445
MGG_04278T0	1113	1114	0	0
MGG_15441T0	1716	1717	0	0
MGG_16311T0	892	893	228.394	19.5966
MGG_15771T0	413	414	23	4.25672
MGG_15194T0	723	724	154	16.2978
MGG_05258T0	2178	2179	3364	118.289
MGG_04818T0	1461	1462	1264	66.2441
MGG_08587T0	2659	2660	862	24.8298
MGG_15239T0	1442	1443	1089	57.8241
MGG_10466T0	798	799	0	0
MGG_08134T0	4108	4109	149.338	2.78473
MGG_04669T0	3578	3579	530	11.3465
MGG_00816T0	831	832	6	0.552555
MGG_02117T0	2134	2135	1891	67.8642
MGG_04363T0	2953	2954	2735	70.9405
MGG_00709T0	741	742	140.299	14.4876
MGG_08218T0	471	472	0	0
MGG_17070T0	237	238	0	0
MGG_06763T0	1939	1940	949.579	37.5039
MGG_08342T0	1826	1827	5.00516	0.209907
MGG_13532T0	3769	3770	2872	58.3701
MGG_10441T0	1014	1015	60	4.52932
MGG_07434T0	2608	2609	1358	39.8816
MGG_00920T0	1676	1677	463	21.1541
MGG_13007T0	2666	2667	5298	152.208
MGG_05294T0	1469	1470	200	10.4246
MGG_10792T0	1332	1333	379	21.7849
MGG_00468T0	2999	3000	2680	68.448
MGG_16802T0	492	493	0	0
MGG_15501T1	1207	1208	0	0
MGG_15501T0	1211	1212	193.106	12.2079
MGG_04729T0	1368	1369	211	11.8094
MGG_15991T0	3364	3365	1354	30.8305
MGG_08871T0	4185	4186	311	5.69257
MGG_03510T0	5258	5259	1584	23.0781
MGG_07052T0	1791	1792	1707	72.9866
MGG_15062T0	1585	1586	45	2.17399
MGG_14966T0	1548	1549	38	1.87966
MGG_05163T0	1857	1858	3	0.123715
MGG_03086T0	1245	1246	377	23.1831
MGG_01008T0	3036	3037	3913	98.7217
MGG_01036T0	2033	2034	799	30.0984
MGG_16749T0	2622	2623	1940	56.6697
MGG_18012T0	159	160	6	2.87328
MGG_17988T0	741	742	785	81.0612
MGG_06916T0	1006	1007	1044.66	79.4862
MGG_04935T0	1993	1994	74	2.8435
MGG_14676T0	2887	2888	1582	41.9717
MGG_03388T0	1608	1609	698	33.2389
MGG_04803T0	5110	5111	4427	66.3668
MGG_00120T0	588	589	7	0.910605
MGG_10630T0	3140	3141	997.794	24.34
MGG_08526T0	1725	1726	1	0.0443922
MGG_11688T0	575	576	9	1.1972
MGG_07212T0	928	929	5907	487.19
MGG_03849T0	868	869	80	7.05371
MGG_04830T0	1995	1996	717.793	27.5541
MGG_15072T0	3036	3037	13981	352.729
MGG_03650T0	945	946	403	32.6408
MGG_16112T0	156	157	1	0.488031
MGG_01940T0	1434	1435	0	0
MGG_07878T0	2503	2504	65	1.98896
MGG_17352T0	207	208	8	2.94696
MGG_03128T0	1177	1178	66	4.29285
MGG_08423T0	1973	1974	886.367	34.4044
MGG_09935T0	4038	4039	1027.56	19.493
MGG_09175T0	1511	1512	40	2.02701
MGG_00634T0	4254	4255	5387	97.0051
MGG_17024T0	1368	1369	0	0
MGG_06825T0	1146	1147	69	4.60928
MGG_03625T0	2340	2341	1893	61.9579
MGG_07247T0	1659	1660	247	11.4008
MGG_03619T0	2247	2248	20870	711.334
MGG_10782T0	669	670	0	0
MGG_14944T0	897	898	0	0
MGG_15412T0	252	253	0	0
MGG_15957T0	405	406	5	0.943607
MGG_13014T0	6236	6237	44353	544.872
MGG_10855T0	1470	1471	982.493	51.1757
MGG_16738T0	2383	2384	641.171	20.607
MGG_11282T0	2637	2638	875.772	25.4369
MGG_10619T0	763	764	7	0.702024
MGG_07455T0	1382	1383	715	39.6124
MGG_08178T0	3161	3162	1330	32.2283
MGG_14593T0	939	940	0	0
MGG_07251T0	948	949	5	0.403693
MGG_01436T0	1951	1952	854.179	33.5287
MGG_00780T0	1249	1250	193	11.8303
MGG_13374T0	867	868	50	4.41365
MGG_17078T0	2356	2357	1244	40.4397
MGG_12164T0	2305	2306	3255	108.153
MGG_08594T0	4347	4348	48.0366	0.846506
MGG_01834T0	3641	3642	1279	26.9078
MGG_11869T0	774	775	241	23.8266
MGG_11489T0	5188	5189	774.626	11.4382
MGG_14857T0	1502	1503	595.203	30.3426
MGG_01943T0	687	688	2	0.222735
MGG_10400T0	1501	1502	36020	1837.47
MGG_04577T0	3087	3088	370	9.18062
MGG_15175T0	2276	2277	523	17.5989
MGG_01419T0	4812	4813	881	14.0251
MGG_00268T0	2145	2146	404.179	14.4308
MGG_00268T1	2581	2582	282.821	8.39274
MGG_14712T0	14199	14200	255	1.37594
MGG_07660T0	4179	4180	30955	567.416
MGG_03493T0	1809	1810	113	4.78352
MGG_17372T0	1752	1753	1384	60.4925
MGG_09664T0	2875	2876	50	1.33207
MGG_04826T0	1677	1678	2929	133.744
MGG_13598T0	1365	1366	0	0
MGG_15322T0	780	781	65	6.3769
MGG_14496T0	4213	4214	4404	80.0756
MGG_08050T0	1861	1862	3464	142.543
MGG_15888T0	2531	2532	425	12.8609
MGG_01756T0	1121	1122	2326	158.842
MGG_09675T0	426	427	0	0
MGG_09501T0	1212	1213	764	48.2592
MGG_09266T0	987	988	469	36.3717
MGG_06429T0	2123	2124	885	31.9254
MGG_00958T0	2410	2411	2031	64.5446
MGG_14981T0	681	682	0	0
MGG_07276T0	2989	2990	1688	43.2562
MGG_16153T0	186	187	0	0
MGG_08112T0	2805	2806	2735	74.6822
MGG_04253T0	1942	1943	8	0.315475
MGG_03733T0	1741	1742	550.76	24.2249
MGG_11899T0	3679	3680	113	2.35276
MGG_13465T0	2066	2067	439	16.2731
MGG_16458T0	360	361	3	0.636739
MGG_02889T0	902	903	1771	150.272
MGG_17596T0	1750	1751	1314	57.4985
MGG_00345T0	7679	7680	8167	81.4796
MGG_17837T0	237	238	0	0
MGG_08275T0	820	821	4233	395.05
MGG_00142T0	2812	2813	2103	57.2818
MGG_17124T0	183	184	0	0
MGG_07731T0	2493	2494	644	19.785
MGG_01224T0	2976	2977	2578	66.3516
MGG_08003T0	1664	1665	29	1.33454
MGG_04383T0	1572	1573	433	21.0915
MGG_17495T0	423	424	0	0
MGG_16307T0	322	323	0	0
MGG_18039T0	831	832	32	2.94696
MGG_03157T0	1746	1747	408	17.8943
MGG_05661T0	1036	1037	15585.4	1151.56
MGG_04712T0	2296	2297	429	14.3101
MGG_09261T0	969	970	826	65.2463
MGG_14718T0	414	415	0	0
MGG_10448T0	2893	2894	3481.89	92.1856
MGG_09839T0	1297	1298	7	0.41321
MGG_08011T0	1316	1317	752	43.7501
MGG_16662T0	309	310	0	0
MGG_14565T0	564	565	6	0.813674
MGG_00691T0	2781	2782	925	25.476
MGG_08897T0	2517	2518	1925	58.5764
MGG_10492T0	1910	1911	4718	189.167
MGG_06458T0	2101	2102	2302.45	83.9275
MGG_05418T0	852	853	118	10.5994
MGG_03961T0	1353	1354	2017.87	114.188
MGG_03301T0	1124	1125	297	20.2279
MGG_08844T0	1086	1087	2927.75	206.373
MGG_03765T0	2424	2425	1991	62.9081
MGG_09536T0	3497	3498	4285	93.8595
MGG_10278T0	1534	1535	35	1.74706
MGG_16418T0	1224	1225	97	6.06713
MGG_18032T0	189	190	0	0
MGG_08323T0	1525	1526	1851	92.9393
MGG_04076T0	1752	1753	74	3.23443
MGG_15938T0	387	388	0	0
MGG_10509T0	1365	1366	0	0
MGG_02591T0	890	891	0	0
MGG_05843T0	1676	1677	0	0
MGG_15846T0	366	367	34	7.0984
MGG_07354T0	1371	1372	47	2.62477
MGG_04839T0	1300	1301	2559	150.709
MGG_13025T0	2341	2342	66	2.15926
MGG_10779T0	402	403	0	0
MGG_03898T0	2124	2125	13	0.46874
MGG_01729T0	1246	1247	126	7.74197
MGG_00275T0	2382	2383	2102.01	67.5861
MGG_13549T0	984	985	39	3.03372
MGG_01611T0	666	667	1040	119.469
MGG_15329T0	1386	1387	320	17.6775
MGG_04570T0	1962	1963	134	5.23036
MGG_04081T0	888	889	1098	94.6342
MGG_04370T0	2842	2843	95	2.56032
MGG_17360T0	330	331	2	0.462966
MGG_04339T0	1943	1944	4	0.157656
MGG_15811T0	1274	1275	126	7.57195
MGG_09353T0	2181	2182	1	0.035115
MGG_12749T0	2471	2472	4492	139.232
MGG_10467T0	650	651	10	1.17697
MGG_16754T0	359	360	10	2.12836
MGG_08057T0	1617	1618	298	14.1119
MGG_00752T0	1346	1347	805	45.7905
MGG_16627T0	201	202	0	0
MGG_06449T0	3945	3946	18.0287	0.350069
MGG_18036T0	159	160	0	0
MGG_03900T0	2112	2113	7389	267.938
MGG_02224T0	1470	1471	121	6.3026
MGG_08027T0	720	721	0	0
MGG_02881T0	1374	1375	536	29.8682
MGG_06821T0	1995	1996	461	17.6965
MGG_10154T0	1525	1526	1368	68.6877
MGG_03003T0	1443	1444	236	12.5225
MGG_16434T0	772	773	4.01522	0.397994
MGG_05397T0	2153	2154	618	21.9832
MGG_00689T0	3262	3263	1362	31.9821
MGG_01007T0	1299	1300	433.362	25.542
MGG_04891T0	3302	3303	588	13.6401
MGG_05844T0	1690	1691	28	1.26871
MGG_02132T0	3140	3141	792	19.3199
MGG_11612T0	1625	1626	476	22.4302
MGG_01807T0	1304	1305	3657	214.715
MGG_06902T0	3372	3373	603	13.6977
MGG_01259T0	1874	1875	1518	62.0323
MGG_00238T0	1530	1531	0	0
MGG_11749T0	240	241	11	3.49722
MGG_06941T0	2084	2085	2188	80.406
MGG_06321T0	2437	2438	5121	160.942
MGG_04037T0	6031	6032	4138	52.5626
MGG_09216T0	1091	1092	89.8099	6.30157
MGG_07063T0	3045	3046	3188	80.1929
MGG_09487T0	2025	2026	464	17.5479
MGG_04495T0	2406	2407	855	27.2168
MGG_05913T0	657	658	2287	266.31
MGG_00513T0	358	359	621	132.539
MGG_13188T0	1736	1737	518	22.8495
MGG_11543T0	1471	1472	663	34.5106
MGG_03425T0	1245	1246	4	0.245974
MGG_16057T0	630	631	0	0
MGG_04720T0	1879	1880	706	28.7736
MGG_17836T0	159	160	0	0
MGG_17490T0	956	957	0	0
MGG_15281T0	4126	4127	1188	22.0561
MGG_01551T0	2887	2888	5237	138.942
MGG_07002T0	475	476	16	2.57549
MGG_00876T0	2219	2220	3272.5	112.947
MGG_17787T0	2185	2186	1045.82	36.6567
MGG_16703T0	357	358	2	0.42805
MGG_01989T0	1665	1666	20	0.919819
MGG_04321T1	4397	4398	2363.17	41.1707
MGG_04321T0	3549	3550	998.825	21.558
MGG_01804T0	3008	3009	1321	33.6378
MGG_01518T0	4308	4309	3409	60.6175
MGG_06694T0	2266	2267	1539	52.0157
MGG_09541T0	1836	1837	185	7.71631
MGG_13185T0	2727	2728	6834	191.946
MGG_02062T0	1206	1207	623	39.5483
MGG_07927T0	2252	2253	1606.14	54.6224
MGG_17424T0	201	202	0	0
MGG_17154T0	2099	2100	1	0.0364862
MGG_11288T0	2535	2536	137.818	4.16393
MGG_15133T0	3145	3146	4521	110.109
MGG_01048T0	1431	1432	898	48.0486
MGG_07404T0	1806	1807	0	0
MGG_12715T0	672	673	2	0.2277
MGG_17007T0	150	151	2.03151	1.03083
MGG_04978T0	1591	1592	7297	351.195
MGG_02611T0	4019	4020	4688	89.353
MGG_17287T0	1080	1081	0	0
MGG_01075T0	579	580	175	23.1184
MGG_16007T0	600	601	0	0
MGG_07237T0	1216	1217	3150.91	198.377
MGG_00633T0	3102	3103	5676	140.155
MGG_00636T0	1953	1954	564	22.1158
MGG_16748T0	420	421	14	2.54796
MGG_14983T0	546	547	0	0
MGG_09697T0	4920	4921	6568	102.265
MGG_02203T0	1678	1679	15	0.684523
MGG_16366T0	273	274	2	0.559277
MGG_08304T0	3948	3949	744.486	14.445
MGG_15444T0	325	326	3	0.705101
MGG_11739T0	1647	1648	600	27.896
MGG_11445T1	1042	1043	10.0768	0.740262
MGG_11445T0	1050	1051	19.9232	1.45246
MGG_09251T0	882	883	2	0.173547
MGG_12636T0	2586	2587	1464	43.3603
MGG_16860T0	1481	1482	195	10.0817
MGG_13223T0	4029	4030	497	9.44928
MGG_02006T0	2349	2350	14	0.456465
MGG_04375T0	1988	1989	235.222	9.0613
MGG_08333T0	1163	1164	33.7357	2.22067
MGG_06225T0	462	463	1463	242.109
MGG_17625T0	2442	2443	0	0
MGG_07571T0	1498	1499	0	0
MGG_17120T0	333	334	7	1.60583
MGG_14146T0	522	523	6	0.879016
MGG_00451T0	1532	1533	4648	232.312
MGG_12327T0	2524	2525	1863	56.5326
MGG_09398T0	1932	1933	272	10.7816
MGG_05435T0	2069	2070	96	3.55343
MGG_02784T0	6946	6947	897	9.89333
MGG_06329T0	1041	1042	486	35.7368
MGG_04875T0	1163	1164	40	2.63302
MGG_03424T0	1077	1078	0	0
MGG_06374T0	1944	1945	1842	72.5634
MGG_04882T0	1801	1802	1277.56	54.3217
MGG_00162T0	885	886	1704	147.361
MGG_17314T0	354	355	0	0
MGG_04917T0	4813	4814	303	4.82263
MGG_05451T0	2472	2473	2219	68.7512
MGG_02778T0	543	544	17	2.3944
MGG_02461T0	2494	2495	716	21.9882
MGG_17118T0	375	376	0	0
MGG_07994T0	555	556	0	0
MGG_05692T0	705	706	81	8.79079
MGG_15078T0	3624	3625	2477	52.3559
MGG_17718T1	629	630	25.4793	3.09881
MGG_17718T0	767	768	8.5207	0.850084
MGG_14883T0	904	905	27	2.28593
MGG_13871T0	525	526	3	0.437001
MGG_05398T0	746	747	0	0
MGG_04127T0	1588	1589	353	17.0215
MGG_18134T0	2043	2044	228	8.54676
MGG_10975T0	375	376	1	0.203779
MGG_04198T0	905	906	1027	86.854
MGG_07014T0	4006	4007	2637	50.4241
MGG_17759T0	408	409	0	0
MGG_09729T0	450	451	555	94.2896
MGG_16603T0	408	409	0	0
MGG_15968T0	1356	1357	0	0
MGG_01864T0	758	759	8	0.807599
MGG_05429T1	711	712	0	0
MGG_05429T0	946	947	0	0
MGG_17505T0	2195	2196	429	14.9683
MGG_16468T0	249	250	0	0
MGG_12005T0	4368	4369	5227	91.668
MGG_05819T0	660	661	0	0
MGG_05612T0	631	632	35	4.24325
MGG_00095T0	3220	3221	22.2177	0.528514
MGG_17945T0	1647	1648	701	32.5918
MGG_10683T0	1818	1819	3	0.126368
MGG_03280T0	2309	2310	206	6.83286
MGG_00355T0	850	851	794.699	71.5518
MGG_00893T0	1588	1589	20.0645	0.967503
MGG_00893T1	1332	1333	8.93547	0.513611
MGG_08985T0	3125	3126	254	6.22576
MGG_09369T0	3259	3260	1392.79	32.7353
MGG_03862T0	3557	3558	4990	107.459
MGG_10286T0	336	337	0	0
MGG_00459T0	1251	1252	945.736	57.8779
MGG_06087T0	3414	3415	2596	58.2454
MGG_16397T0	222	223	0	0
MGG_10111T0	1297	1298	86	5.07658
MGG_02134T0	1816	1817	47	1.98194
MGG_16352T0	385	386	0	0
MGG_04866T0	1781	1782	63.7721	2.74202
MGG_02130T0	1704	1705	30	1.34817
MGG_02320T0	1636	1637	10	0.468057
MGG_01309T0	3164	3165	2038.22	49.3428
MGG_14022T0	1233	1234	0	0
MGG_02346T0	2003	2004	1423	54.407
MGG_11492T0	345	346	9	1.99303
MGG_05789T0	549	550	5	0.696554
MGG_09860T0	2260	2261	107	3.62602
MGG_11383T0	2547	2548	2207	66.3667
MGG_15415T0	833	834	0	0
MGG_07081T0	1224	1225	181	11.3211
MGG_15989T0	2739	2740	362.712	10.1428
MGG_10489T0	3144	3145	1332	32.4512
MGG_10432T0	784	785	12	1.17128
MGG_02545T0	1064	1065	56	4.02889
MGG_09504T0	4279	4280	2340	41.8909
MGG_04558T1	3205	3206	2862.47	68.4109
MGG_04558T0	2805	2806	1987.53	54.2716
MGG_00804T0	1426	1427	410.977	22.0669
MGG_17570T0	567	568	0	0
MGG_04254T0	921	922	31	2.57619
MGG_04091T0	1826	1827	346	14.5106
MGG_07188T0	1655	1656	1220	56.4478
MGG_01168T0	1668	1669	1045.23	47.9846
MGG_04665T0	3148	3149	449	10.925
MGG_00431T0	1860	1861	2796	115.117
MGG_16621T0	247	248	0	0
MGG_10687T0	1185	1186	168.09	10.8594
MGG_05383T0	1270	1271	22	1.32625
MGG_16582T0	204	205	0	0
MGG_03497T0	1717	1718	56	2.49754
MGG_12345T0	3132	3133	1854.57	45.3556
MGG_04360T0	1935	1936	48	1.89969
MGG_07521T0	3132	3133	726	17.7551
MGG_02962T0	3386	3387	613.08	13.8691
MGG_02962T1	2735	2736	4641.92	129.996
MGG_00998T0	3184	3185	974	23.4313
MGG_16236T0	1498	1499	141.594	7.23752
MGG_16698T0	363	364	0	0
MGG_00710T0	2100	2101	614	22.3918
MGG_17609T0	225	226	0	0
MGG_06681T0	2105	2106	860.892	31.3211
MGG_12243T0	2634	2635	796.603	23.1637
MGG_13578T0	1297	1298	227	13.3998
MGG_09865T0	1404	1405	5849	318.972
MGG_01783T1	2097	2098	248.376	9.07091
MGG_01783T0	1027	1028	147.045	10.9598
MGG_04718T0	735	736	372	38.7269
MGG_15167T0	2513	2514	272.207	8.29624
MGG_00552T0	1392	1393	12532	689.313
MGG_09566T0	2281	2282	627.154	21.0575
MGG_15321T0	2084	2085	1247	45.8256
MGG_09352T0	2919	2920	45	1.1808
MGG_09087T0	693	694	0	0
MGG_01094T0	3784	3785	2582	52.2682
MGG_15559T0	747	748	18	1.84382
MGG_03826T0	1385	1386	32	1.76903
MGG_15206T0	936	937	128	10.4669
MGG_10038T0	1866	1867	0	0
MGG_01981T0	784	785	496	48.4127
MGG_06179T0	1443	1444	1109	58.8453
MGG_08274T0	2467	2468	86	2.66993
MGG_14583T0	3242	3243	2956	69.8401
MGG_11292T0	462	463	0	0
MGG_01663T0	933	934	1528	125.35
MGG_04621T0	5679	5680	5785	78.0373
MGG_03725T0	1374	1375	1462.2	81.4801
MGG_15685T0	535	536	15	2.14424
MGG_16054T0	2755	2756	81	2.25192
MGG_10702T0	1802	1803	15	0.637445
MGG_14573T0	2521	2522	346	10.5118
MGG_01268T0	2370	2371	19043	615.391
MGG_07175T0	1710	1711	1864.35	83.4882
MGG_14023T0	222	223	0	0
MGG_13852T0	504	505	1	0.151725
MGG_02659T0	1233	1234	8351.44	518.554
MGG_02659T1	1136	1137	4992.56	336.442
MGG_15273T0	1955	1956	38	1.48855
MGG_00522T0	1995	1996	6264	240.458
MGG_15443T0	348	349	0	0
MGG_17902T0	156	157	0	0
MGG_03525T0	1536	1537	7439	370.841
MGG_01784T0	953	954	713.58	57.3114
MGG_08130T0	3116	3117	274	6.73536
MGG_17062T0	1163	1164	463	30.4772
MGG_01133T1	2767	2768	580.028	16.0557
MGG_01133T0	3378	3379	3678.97	83.423
MGG_00312T0	2084	2085	154	5.65929
MGG_08649T0	1393	1394	3075	169.017
MGG_04911T0	3614	3615	394	8.35094
MGG_04640T0	4054	4055	957	18.0829
MGG_00554T0	856	857	3	0.268218
MGG_10933T0	1818	1819	10	0.421226
MGG_01300T0	1359	1360	1161	65.4095
MGG_15482T0	513	514	0	0
MGG_07423T0	2256	2257	2357	80.0157
MGG_04599T0	690	691	13224	1466.33
MGG_00587T0	1719	1720	739	32.9203
MGG_14807T0	593	594	919.803	118.647
MGG_03687T0	1434	1435	1581	84.4165
MGG_12714T0	1013	1014	13	0.98232
MGG_11529T0	3028	3029	1866.62	47.2177
MGG_11259T0	3066	3067	16853	421.028
MGG_11064T0	2909	2910	2585	68.0636
MGG_02036T0	2881	2882	0	0
MGG_15384T0	336	337	1	0.227362
MGG_05695T0	3522	3523	601	13.071
MGG_11482T0	3958	3959	2126	41.1458
MGG_15068T0	399	400	1.31172	0.251263
MGG_11727T0	4282	4283	1717	30.7163
MGG_10170T0	804	805	169	16.0856
MGG_10659T0	2490	2491	3258	100.213
MGG_12522T0	270	271	2580	729.454
MGG_06691T0	1260	1261	19126	1162.13
MGG_03666T0	772	773	2369	234.819
MGG_06580T0	1800	1801	17	0.72324
MGG_16241T0	156	157	1	0.488031
MGG_06221T0	2132	2133	302	10.8483
MGG_02208T0	567	568	335	45.1902
MGG_05865T0	3916	3917	5809	113.631
MGG_05296T0	351	352	7732	1683.05
MGG_04355T0	567	568	0	0
MGG_06376T0	1284	1285	560.454	33.4183
MGG_16294T0	508	509	5	0.752661
MGG_15242T0	2781	2782	66	1.81775
MGG_10911T0	597	598	0	0
MGG_12162T0	1592	1593	1127	54.207
MGG_09144T0	450	451	0	0
MGG_07745T0	3043	3044	7150	179.974
MGG_02032T0	3452	3453	0	0
MGG_14979T0	417	418	0	0
MGG_10431T0	2949	2950	40	1.03893
MGG_06370T0	2934	2935	765	19.971
MGG_09610T0	870	871	55399	4873.39
MGG_09435T0	2770	2771	166.734	4.61037
MGG_07226T0	801	802	72	6.87869
MGG_17801T0	423	424	166	29.9978
MGG_05057T0	1332	1333	256	14.7149
MGG_01985T0	2406	2407	18067	575.118
MGG_03050T0	2427	2428	3691	116.478
MGG_01356T0	2103	2104	366	13.3285
MGG_09347T0	950	951	417	33.5972
MGG_16706T0	1566	1567	3715	181.651
MGG_08691T0	949	950	2579.92	208.08
MGG_02267T0	1543	1544	3	0.148875
MGG_07569T0	1820	1821	17	0.715297
MGG_15172T0	501	502	0	0
MGG_14893T0	870	871	1	0.0879689
MGG_09986T0	1205	1206	1484	94.2831
MGG_01811T0	4825	4826	357	5.66798
MGG_07738T0	1380	1381	20	1.10964
MGG_07324T0	1196	1197	2108	134.935
MGG_08189T0	2540	2541	510.807	15.4028
MGG_11168T0	2496	2497	293	8.99076
MGG_10522T0	1994	1995	2134	81.9594
MGG_17109T0	423	424	0	0
MGG_07818T0	3117	3118	5.33333	0.13106
MGG_00719T0	1737	1738	3177	140.06
MGG_14351T0	2218	2219	10	0.345295
MGG_09779T0	3392	3393	2086.33	47.1136
MGG_09779T1	3451	3452	1841.43	40.8725
MGG_07917T0	3324	3325	252	5.80706
MGG_09849T0	1224	1225	36.1513	2.26118
MGG_13339T0	621	622	0	0
MGG_01387T0	2142	2143	11	0.393295
MGG_12047T0	4344	4345	0	0
MGG_04977T0	156	157	7850	3831.05
MGG_15598T0	627	628	1474	179.84
MGG_16347T0	531	532	1	0.144024
MGG_17071T0	297	298	2	0.514234
MGG_16199T0	261	262	0	0
MGG_04710T0	8688	8689	1964	17.3189
MGG_02232T0	420	421	0	0
MGG_01593T0	3255	3256	671	15.7901
MGG_04374T0	1848	1849	766.778	31.7746
MGG_09875T0	1467	1468	52	2.71409
MGG_02648T0	2576	2577	4	0.11893
MGG_06245T0	6918	6919	206	2.28124
MGG_10580T0	2539	2540	179	5.39966
MGG_07125T0	1209	1210	3448	218.338
MGG_04753T0	684	685	0	0
MGG_05860T0	2270	2271	1734	58.5032
MGG_10382T0	1243	1244	1299	80.0085
MGG_00555T0	2466	2467	2002	62.1788
MGG_03743T0	3126	3127	365	8.9436
MGG_06033T0	3949	3950	12965	251.491
MGG_06250T0	2283	2284	11985	402.059
MGG_05690T0	3450	3451	2067	45.8926
MGG_14070T0	1118	1119	704	48.2048
MGG_01108T0	4561	4562	4949	83.1208
MGG_15908T0	225	226	0	0
MGG_04101T0	2280	2281	2296	77.1248
MGG_01605T0	3035	3036	27715.1	699.458
MGG_00427T0	8566	8567	59.566	0.532742
MGG_07157T0	2820	2821	225	6.1112
MGG_13635T0	2110	2111	956	34.699
MGG_17525T0	156	157	1	0.488031
MGG_02334T0	381	382	0	0
MGG_04550T0	3714	3715	3239	66.8035
MGG_12119T1	2082	2083	141.023	5.18738
MGG_12119T0	2006	2007	190.289	7.26462
MGG_08536T0	4143	4144	51	0.94297
MGG_03737T0	3271	3272	2002	46.8811
MGG_11463T0	2619	2620	56.363	1.64832
MGG_10913T0	1034	1035	0	0
MGG_04354T0	426	427	0	0
MGG_16657T0	648	649	10.1587	1.19934
MGG_06596T0	1790	1791	713	30.5029
MGG_00347T0	1323	1324	651	37.6739
MGG_17145T0	820	821	5	0.466632
MGG_15055T0	605	606	365	46.1496
MGG_17443T0	285	286	0	0
MGG_05207T0	3391	3392	3047	68.8278
MGG_06319T0	1295	1296	26	1.53715
MGG_03203T0	951	952	1876.81	151.054
MGG_07901T0	639	640	4	0.478881
MGG_04764T0	1758	1759	1150	50.0933
MGG_07274T0	5920	5921	2053	26.5669
MGG_08690T0	1781	1782	9750	419.222
MGG_03554T0	859	860	5225	465.517
MGG_01571T0	1947	1948	3	0.117999
MGG_08625T0	2414	2415	1718	54.5071
MGG_07013T0	1532	1533	22	1.09958
MGG_05113T1	2187	2188	368	12.8869
MGG_05113T0	1568	1569	0	0
MGG_01540T0	1728	1729	407.025	18.0374
MGG_06476T0	2756	2757	1175	32.6549
MGG_12008T0	204	205	11	4.11137
MGG_17732T0	3995	3996	2711.81	51.9974
MGG_13028T0	1630	1631	959	45.0518
MGG_05800T0	2579	2580	0	0
MGG_00649T0	1655	1656	26.1876	1.21167
MGG_01568T0	1395	1396	927	50.8794
MGG_04774T0	883	884	263	22.7956
MGG_01572T0	4095	4096	3146	58.85
MGG_15440T0	174	175	0	0
MGG_07526T0	1416	1417	685	37.0398
MGG_03187T0	1869	1870	3555	145.662
MGG_06177T0	1422	1423	9540.01	513.679
MGG_14910T0	1156	1157	8	0.52979
MGG_05767T0	1783	1784	36	1.54616
MGG_01394T0	2415	2416	175	5.54994
MGG_00322T0	1897	1898	124	5.00579
MGG_09188T0	1586	1587	450	21.7262
MGG_09748T0	1329	1330	447	25.7515
MGG_01822T0	1074	1075	2782	198.288
MGG_10756T0	1541	1542	0	0
MGG_01264T0	2508	2509	346	10.5663
MGG_12339T0	3205	3206	35	0.836473
MGG_05214T0	1116	1117	154	10.5637
MGG_15825T0	2361	2362	1177	38.1807
MGG_05841T0	1470	1471	29	1.51054
MGG_12492T0	1587	1588	16	0.771999
MGG_06969T0	2859	2860	1547	41.445
MGG_17667T0	276	277	0	0
MGG_06031T0	1491	1492	34	1.74605
MGG_07666T0	2621	2622	178	5.20157
MGG_15138T0	2490	2491	1518.6	46.7109
MGG_08434T0	3684	3685	33	0.686158
MGG_08255T0	3210	3211	3894	92.9187
MGG_05061T0	3116	3117	4472	109.929
MGG_00499T0	1876	1877	597.642	24.3963
MGG_10410T0	4816	4817	807	12.8364
MGG_15489T3	2484	2485	0	0
MGG_15489T0	2658	2659	13.4898	0.388717
MGG_15489T2	2570	2571	0	0
MGG_15489T1	2658	2659	13.4898	0.388717
MGG_03335T0	1203	1204	1477	93.9943
MGG_17553T0	1783	1784	3.21073	0.137897
MGG_02598T0	832	833	1308	120.312
MGG_09323T0	2390	2391	17	0.544774
MGG_04368T0	2961	2962	585	15.1328
MGG_16784T0	687	688	5	0.556838
MGG_14985T0	696	697	0	0
MGG_14341T0	2448	2449	2.68983	0.0841557
MGG_04921T0	1086	1087	7629	537.756
MGG_15892T0	237	238	0	0
MGG_12210T0	2376	2377	1	0.0322343
MGG_05910T0	1363	1364	101	5.67354
MGG_09728T1	1885	1886	153.504	6.23627
MGG_09728T0	1871	1872	238.496	9.76164
MGG_09649T0	1023	1024	90	6.73426
MGG_08449T0	2312	2313	36	1.19254
MGG_05089T0	3468	3469	2643	58.3768
MGG_17725T0	674	675	4	0.45405
MGG_03411T0	2322	2323	88	2.90256
MGG_05462T0	1534	1535	1234	61.5962
MGG_06759T0	2654	2655	14491	418.197
MGG_17885T0	432	433	0	0
MGG_17235T0	702	703	0	0
MGG_08366T0	975	976	10	0.78505
MGG_02167T0	1962	1963	0	0
MGG_16053T0	805	806	3556	338.045
MGG_01946T0	1569	1570	0	0
MGG_04164T0	908	909	341.359	28.7737
MGG_16439T0	1165	1166	6	0.394276
MGG_05805T0	1692	1693	74	3.34905
MGG_04692T0	3345	3346	531	12.1595
MGG_01652T0	1091	1092	891	62.5176
MGG_10206T0	339	340	5	1.12678
MGG_05118T0	1898	1899	254	10.2484
MGG_05273T0	2708	2709	1317	37.2498
MGG_00510T0	1050	1051	11	0.801932
MGG_16559T0	777	778	0	0
MGG_16049T0	813	814	0	0
MGG_07781T0	1856	1857	184	7.59195
MGG_11882T0	7062	7063	1747	18.9518
MGG_02978T0	1329	1330	0	0
MGG_13487T0	882	883	1250	108.467
MGG_16755T0	1290	1291	151	8.96186
MGG_11820T0	2824	2825	493	13.3714
MGG_09626T0	411	412	0	0
MGG_05358T0	927	928	344	28.4026
MGG_16869T0	1319	1320	2017	117.079
MGG_10343T0	1527	1528	0	0
MGG_02921T0	1247	1248	12	0.73674
MGG_17095T0	384	385	24	4.77637
MGG_03523T0	2279	2280	1026	34.4794
MGG_15347T0	2826	2827	205	5.55617
MGG_16395T0	1962	1963	6134	239.426
MGG_16636T0	375	376	4	0.815116
MGG_04784T0	1896	1897	96	3.8775
MGG_14549T0	495	496	1182	182.593
MGG_06683T0	1900	1901	824.342	33.2256
MGG_04543T0	2418	2419	5556	175.984
MGG_16146T0	357	358	293	62.7093
MGG_10936T0	1221	1222	0	0
MGG_01709T0	1623	1624	1060.09	50.0156
MGG_15695T0	315	316	0	0
MGG_01669T0	2644	2645	897	25.9845
MGG_15682T0	2145	2146	25	0.892602
MGG_11860T0	5684	5685	340	4.58243
MGG_03264T0	1685	1686	944	42.9004
MGG_06686T0	2805	2806	950.649	25.9585
MGG_12513T0	1404	1405	138	7.52576
MGG_05402T0	3917	3918	1040	20.3384
MGG_07375T0	4410	4411	4	0.0694817
MGG_04530T0	1060	1061	197	14.2265
MGG_02847T0	677	678	2017	227.942
MGG_00378T0	1851	1852	332	13.7355
MGG_03032T0	1002	1003	18	1.37505
MGG_14372T0	1560	1561	43	2.11063
MGG_05901T0	1945	1946	6452	254.038
MGG_17642T0	495	496	0	0
MGG_16337T0	414	415	51	9.41607
MGG_14744T0	1829	1830	723	30.2715
MGG_08171T0	3446	3447	1494	33.2091
MGG_05279T0	1471	1472	316	16.4485
MGG_02989T0	355	356	0	0
MGG_06658T0	1111	1112	14964	1031.07
MGG_08980T0	2142	2143	2082	74.4399
MGG_03912T0	3181	3182	1175	28.2934
MGG_10970T0	2675	2676	3652	104.566
MGG_10641T0	663	664	0	0
MGG_04768T0	1958	1959	11090	433.755
MGG_17133T0	207	208	1	0.36837
MGG_02975T0	860	861	52	4.62751
MGG_10159T0	321	322	1006	239.381
MGG_06944T0	1338	1339	679	38.8541
MGG_13453T0	3786	3787	961	19.4435
MGG_13863T0	438	439	0	0
MGG_09131T0	1497	1498	0	0
MGG_06956T0	648	649	17	2.00702
MGG_00737T0	453	454	6949	1172.77
MGG_15911T0	306	307	0	0
MGG_11512T0	2620	2621	1487	43.4702
MGG_09558T0	2115	2116	963	34.8705
MGG_12860T0	2112	2113	1270	46.0523
MGG_07283T0	4680	4681	2396	39.2189
MGG_06324T0	2623	2624	35895	1048.14
MGG_01204T0	3347	3348	3805	87.0796
MGG_04895T0	2899	2900	37889	1001.07
MGG_04337T0	2585	2586	11715	347.105
MGG_16956T0	153	154	0	0
MGG_10532T0	1387	1388	0	0
MGG_07322T0	2023	2024	37	1.40068
MGG_07464T0	1813	1814	247.172	10.4402
MGG_06327T0	2647	2648	819	23.6981
MGG_04225T0	2117	2118	93	3.36437
MGG_17711T0	291	292	20	5.24801
MGG_04107T0	1751	1752	827	36.1675
MGG_05254T0	2120	2121	882.64	31.8853
MGG_03323T0	4938	4939	1820	28.2345
MGG_14061T0	1953	1954	1473	57.7598
MGG_07075T0	1646	1647	7529	350.26
MGG_05452T0	498	499	95	14.5871
MGG_02306T0	1234	1235	0	0
MGG_07310T0	3787	3788	4848	98.0618
MGG_15573T0	930	931	11	0.905296
MGG_08061T0	2482	2483	367	11.325
MGG_12890T0	3226	3227	1372	32.5764
MGG_02841T0	1925	1926	648.674	25.8058
MGG_02835T0	1451	1452	5394.17	284.646
MGG_03847T0	977	978	194	15.1988
MGG_08873T0	2896	2897	484	12.801
MGG_02368T0	2642	2643	231	6.69672
MGG_14633T0	2943	2944	596.646	15.5284
MGG_05384T0	4907	4908	61	0.952298
MGG_17833T0	252	253	0	0
MGG_08312T0	3162	3163	3219	77.9775
MGG_04834T0	2225	2226	1244	42.8196
MGG_04054T0	1219	1220	2225.11	139.746
MGG_17350T0	3490	3491	1697	37.246
MGG_06842T0	3054	3055	5	0.125402
MGG_02927T0	3162	3163	6244	151.255
MGG_17225T0	288	289	0	0
MGG_16088T0	303	304	0	0
MGG_15327T0	1059	1060	60	4.33703
MGG_15035T0	588	589	0	0
MGG_05337T0	2034	2035	191	7.19145
MGG_03598T0	2911	2912	3938	103.617
MGG_17755T0	381	382	0	0
MGG_03211T0	1759	1760	4348	189.289
MGG_05352T0	1215	1216	29316	1847.22
MGG_08373T0	857	858	1	0.0893018
MGG_05815T0	1261	1262	555	33.6962
MGG_17142T0	306	307	4	0.998318
MGG_16450T0	292	293	0	0
MGG_06995T0	1707	1708	2707.48	121.458
MGG_04155T0	2026	2027	660.678	24.9738
MGG_00842T0	1034	1035	1341	99.2741
MGG_07450T0	4328	4329	6644	117.595
MGG_05482T0	747	748	19	1.94625
MGG_00848T0	991	992	2954	228.164
MGG_17969T0	288	289	2	0.530249
MGG_03576T0	666	667	2224	255.48
MGG_00382T0	1748	1749	807.037	35.355
MGG_16786T0	168	169	0	0
MGG_03483T0	1182	1183	4009.98	259.72
MGG_09223T0	2337	2338	456	14.944
MGG_05204T0	1376	1377	1658	92.2567
MGG_17322T0	219	220	13.0658	4.55051
MGG_05990T0	2149	2150	1325	47.2199
MGG_16815T1	1973	1974	2326.82	90.3157
MGG_16815T0	2043	2044	2919.81	109.451
MGG_11466T0	3911	3912	1289	25.2465
MGG_09711T0	1611	1612	657	31.2283
MGG_00040T0	2771	2772	680.107	18.7989
MGG_16968T0	216	217	3	1.05928
MGG_01952T0	1670	1671	216	9.90432
MGG_07750T0	1287	1288	112	6.66269
MGG_04453T0	1463	1464	479.413	25.0909
MGG_04301T0	438	439	0	0
MGG_06285T0	3588	3589	5040	107.598
MGG_16030T0	481	482	0	0
MGG_17768T0	750	751	0	0
MGG_18016T0	923	924	105	8.70692
MGG_06462T0	4420	4421	3740	64.8184
MGG_07752T0	2151	2152	41265	1469.22
MGG_03914T1	2179	2180	134.964	4.74361
MGG_03914T0	932	933	37.036	3.04151
MGG_08332T0	4625	4626	202.671	3.35686
MGG_03074T0	1795	1796	887	37.8412
MGG_09889T0	1610	1611	792	37.6684
MGG_09767T0	2912	2913	14094	370.716
MGG_15522T0	2226	2227	657	22.6044
MGG_07761T0	1520	1521	621	31.2831
MGG_07531T0	3481	3482	3177	69.9094
MGG_16774T0	150	151	3	1.52227
MGG_07057T0	1219	1220	3027.54	190.142
MGG_06294T0	492	493	755	117.34
MGG_05611T0	243	244	465	146.019
MGG_05039T0	2966	2967	405	10.4589
MGG_07123T0	4082	4083	6209	116.517
MGG_04513T0	1599	1600	1959	93.8127
MGG_09341T0	1374	1375	6	0.334346
MGG_05761T0	2087	2088	15106.3	554.339
MGG_15524T0	454	455	8	1.34718
MGG_03146T0	1743	1744	4125	181.228
MGG_15371T0	627	628	0	0
MGG_03695T0	3411	3412	300.343	6.74459
MGG_00361T0	2143	2144	2160	77.1927
MGG_09248T0	489	490	45	7.03662
MGG_00125T0	1998	1999	2738.99	104.984
MGG_01474T0	3465	3466	487.235	10.771
MGG_13347T0	2556	2557	650	19.4774
MGG_08046T0	2812	2813	1007	27.4288
MGG_17253T0	1152	1153	133	8.83832
MGG_08800T0	1695	1696	99	4.47257
MGG_03303T0	2529	2530	242.972	7.3584
MGG_02371T0	2010	2011	647	24.6513
MGG_07873T0	1368	1369	0	0
MGG_07764T0	1442	1443	103	5.46913
MGG_05047T0	3773	3774	1762	35.7727
MGG_02999T0	1858	1859	848	34.9513
MGG_17936T0	1548	1549	157	7.76597
MGG_00614T0	420	421	3	0.545992
MGG_01552T0	1787	1788	230.542	9.87939
MGG_09818T0	1593	1594	0	0
MGG_05567T0	1115	1116	45	3.08955
MGG_14184T0	1045	1046	0	0
MGG_04616T0	2593	2594	3703	109.378
MGG_07446T0	3265	3266	141	3.30788
MGG_17308T0	916	917	697.759	58.302
MGG_17308T1	1136	1137	187.506	12.6358
MGG_03384T0	3126	3127	2090	51.2113
MGG_01780T0	5148	5149	4244.08	63.155
MGG_10677T0	1350	1351	1073	60.8544
MGG_08925T0	4618	4619	3111	51.6059
MGG_01984T0	1455	1456	39	2.05235
MGG_05595T0	4488	4489	0	0
MGG_17611T0	171	172	0	0
MGG_04141T0	2873	2874	1788.41	47.6791
MGG_05267T0	387	388	1095	216.237
MGG_15139T0	4443	4444	3025.35	52.1614
MGG_01757T0	3791	3792	7170	144.877
MGG_01303T0	1929	1930	1452	57.6443
MGG_15289T0	2693	2694	489.831	13.9314
MGG_13816T0	1828	1829	1076.85	45.1118
MGG_06730T0	749	750	345	35.2456
MGG_03905T0	1471	1472	710	36.9571
MGG_16412T0	159	160	15	7.18321
MGG_03857T0	1952	1953	2629	103.142
MGG_14638T0	588	589	46	5.98398
MGG_09160T0	3718	3719	1668	34.3651
MGG_02225T0	1849	1850	21.2639	0.880679
MGG_04924T0	2393	2394	1765.59	56.5085
MGG_15243T0	501	502	0	0
MGG_08628T0	1107	1108	515	35.6135
MGG_01622T0	1884	1885	1474.56	59.9374
MGG_03331T0	1298	1299	739	43.5896
MGG_10005T0	1596	1597	89	4.27005
MGG_03855T0	1157	1158	3922.89	259.564
MGG_02187T0	2720	2721	123	3.46357
MGG_05988T0	1864	1865	94	3.86186
MGG_04894T0	2094	2095	1241	45.3874
MGG_00389T0	432	433	5	0.884768
MGG_15479T0	2608	2609	21.718	0.637812
MGG_15063T0	1519	1520	1000	50.4085
MGG_09665T0	1116	1117	0	0
MGG_00693T0	2463	2464	1190	37.0044
MGG_16017T0	255	256	6	1.7958
MGG_15690T0	204	205	0	0
MGG_05069T0	1584	1585	130	6.28437
MGG_10181T0	4052	4053	9215	174.207
MGG_03761T0	5498	5499	67	0.933552
MGG_04656T0	2754	2755	2312.73	64.3206
MGG_07368T0	1893	1894	108	4.36909
MGG_04098T0	1239	1240	3	0.185373
MGG_00269T0	405	406	0	0
MGG_14472T0	1595	1596	830.678	39.8793
MGG_00155T0	3810	3811	732	14.717
MGG_16931T0	243	244	0	0
MGG_10519T0	1703	1704	57	2.56302
MGG_04626T0	1099	1100	443.645	30.9022
MGG_03026T0	3014	3015	37	0.94029
MGG_14707T0	345	346	0	0
MGG_14689T0	1491	1492	361	18.539
MGG_15607T0	2254	2255	2816	95.6827
MGG_13290T0	1271	1272	182	10.9631
MGG_02419T0	7234	7235	2581	27.3336
MGG_15713T0	273	274	1	0.279638
MGG_05421T0	1146	1147	58	3.87447
MGG_03120T0	702	703	995	108.446
MGG_09727T0	1890	1891	187	7.577
MGG_06174T0	3330	3331	932.069	21.4398
MGG_10425T0	1040	1041	0	0
MGG_13971T0	1447	1448	31	1.64037
MGG_04476T0	1906	1907	4792	192.537
MGG_17999T0	201	202	0	0
MGG_07432T0	1395	1396	0	0
MGG_05621T0	802	803	353	33.6827
MGG_03292T0	2900	2901	1296	34.2298
MGG_17786T0	397	398	4	0.77006
MGG_07445T1	2730	2731	1955.5	54.8634
MGG_07445T0	1089	1090	65.5026	4.60447
MGG_00987T0	2408	2409	5472	174.043
MGG_08837T0	1296	1297	2926	172.855
MGG_02538T0	2080	2081	1191	43.8518
MGG_16950T0	417	418	0	0
MGG_09979T0	1838	1839	48.165	2.00677
MGG_08306T0	1612	1613	21	0.997545
MGG_06212T0	2889	2890	9	0.238612
MGG_06222T0	1641	1642	4	0.186653
MGG_07031T0	1039	1040	2995	220.654
MGG_03538T0	5186	5187	1451	21.4338
MGG_05479T0	2046	2047	25	0.935771
MGG_14584T0	892	893	174	14.9295
MGG_12735T0	3441	3442	43	0.957205
MGG_16844T0	183	184	4	1.66567
MGG_15356T0	366	367	2	0.417553
MGG_01624T0	3532	3533	400	8.67488
MGG_06379T0	15261	15262	1305	6.55159
MGG_06063T0	5425	5426	5105.54	72.0957
MGG_03712T0	1143	1144	2	0.133953
MGG_17820T0	1703	1704	215.397	9.68542
MGG_17820T1	1657	1658	414.317	19.1468
MGG_15053T0	4769	4770	3990	64.0917
MGG_01791T0	4021	4022	1456	27.7375
MGG_05608T0	881	882	92.4049	8.02738
MGG_04568T0	2631	2632	220.291	6.41296
MGG_16344T0	270	271	0	0
MGG_04836T0	2489	2490	7866	242.048
MGG_02425T0	6431	6432	11912	141.901
MGG_12004T0	2117	2118	610	22.0674
MGG_04478T0	2519	2520	4180	127.093
MGG_09395T0	3407	3408	24	0.539584
MGG_08506T0	501	502	0	0
MGG_18054T0	498	499	0	0
MGG_17683T0	3284	3285	1460	34.0537
MGG_16295T0	177	178	4	1.72182
MGG_16274T0	1243	1244	2356.99	145.173
MGG_01156T0	2832	2833	516.131	13.9592
MGG_01156T1	3816	3817	1544.87	31.0111
MGG_15921T0	411	412	0	0
MGG_09910T0	2224	2225	488	16.8049
MGG_08994T0	1407	1408	51	2.77533
MGG_08482T0	429	430	0	0
MGG_09680T0	1473	1474	0	0
MGG_06637T0	1974	1975	592	22.9669
MGG_07982T0	1952	1953	19	0.745416
MGG_01846T0	2439	2440	922	28.9527
MGG_16052T0	318	319	4	0.960764
MGG_08825T0	2214	2215	1071.4	37.0617
MGG_01687T0	1620	1621	2803.11	132.496
MGG_08586T0	2175	2176	3332	117.326
MGG_10120T0	522	523	0	0
MGG_06408T0	1965	1966	5552	216.378
MGG_00367T0	492	493	56	8.70339
MGG_16861T0	2594	2595	821	24.2411
MGG_14594T0	1123	1124	2	0.136336
MGG_16343T0	321	322	1	0.237953
MGG_08734T0	1116	1117	0	0
MGG_01935T0	2441	2442	53	1.66294
MGG_09091T0	1021	1022	14	1.0496
MGG_01779T0	2013	2014	99.9248	3.80155
MGG_17296T0	507	508	1.15044	0.173519
MGG_08751T0	4329	4330	357	6.31724
MGG_02386T0	1967	1968	441	17.1696
MGG_15719T0	1353	1354	48	2.71625
MGG_09470T0	453	454	2815	475.083
MGG_02976T0	3756	3757	128	2.61045
MGG_11140T0	4843	4844	1012	16.0075
MGG_17564T0	168	169	0	0
MGG_17115T0	510	511	47	7.04733
MGG_14655T0	3924	3925	64	1.24936
MGG_14662T0	243	244	5	1.5701
MGG_15325T0	4783	4784	5492	87.9603
MGG_08168T0	3662	3663	7336	153.451
MGG_08308T0	1369	1370	975	54.5295
MGG_00965T0	573	574	3160	421.816
MGG_01745T0	1617	1618	4377	207.274
MGG_05179T0	1269	1270	873.811	52.7183
MGG_05847T0	1752	1753	0	0
MGG_05058T0	270	271	8606	2433.21
MGG_09170T0	5251	5252	10695	156.028
MGG_15813T0	333	334	893	204.858
MGG_06556T0	921	922	228	18.9475
MGG_15891T0	270	271	1	0.282734
MGG_08698T0	3073	3074	48	1.19642
MGG_06409T0	1562	1563	4603	225.647
MGG_01454T0	2080	2081	22	0.810024
MGG_17206T0	468	469	1	0.163371
MGG_06710T0	1441	1442	434	23.0607
MGG_15792T0	2059	2060	30.1707	1.12219
MGG_07297T0	3055	3056	1482.66	37.1736
MGG_08616T0	4303	4304	258.42	4.60046
MGG_00730T0	2948	2949	1913	49.7036
MGG_09198T0	2339	2340	19	0.622136
MGG_17575T0	189	190	1	0.403268
MGG_10746T0	1627	1628	119	5.60067
MGG_13895T0	1206	1207	0	0
MGG_11948T0	819	820	0	0
MGG_11326T0	4057	4058	1992	37.6118
MGG_15378T0	318	319	60	14.4115
MGG_17375T0	279	280	6	1.64188
MGG_10686T0	5060	5061	1299	19.6662
MGG_03441T0	4027	4028	4869	92.6185
MGG_09599T0	594	595	1	0.128775
MGG_02837T0	3259	3260	224.102	5.26715
MGG_02837T1	2800	2801	294.898	8.06688
MGG_01212T0	1347	1348	176	10.0039
MGG_13711T0	1212	1213	387	24.4454
MGG_15876T0	2741	2742	107	2.98995
MGG_04174T0	2022	2023	2497.24	94.5825
MGG_02924T0	2810	2811	940	25.6221
MGG_11330T0	738	739	812.245	84.2151
MGG_15530T0	1564	1565	76	3.72089
MGG_07553T0	1464	1465	0	0
MGG_03156T0	1786	1787	1109	47.5504
MGG_00621T0	3899	3900	1584	31.1199
MGG_15100T0	9565	9566	1	0.00800971
MGG_04693T0	1775	1776	1526	65.8353
MGG_15549T0	183	184	1	0.416418
MGG_00199T0	6058	6059	1460.98	18.4752
MGG_14202T0	3929	3930	1802.52	35.1427
MGG_14964T0	429	430	0	0
MGG_14302T0	2217	2218	276	9.53443
MGG_16840T0	1764	1765	60.0541	2.60703
MGG_08260T0	1098	1099	0	0
MGG_14941T0	993	994	2	0.154167
MGG_06750T0	3543	3544	200	4.32398
MGG_06690T0	2176	2177	2365	83.2377
MGG_07449T0	1536	1537	830	41.3763
MGG_15999T0	589	590	0	0
MGG_14243T0	1194	1195	0	0
MGG_11723T0	513	514	468	69.7638
MGG_06554T0	2579	2580	850.555	25.2598
MGG_04172T0	2373	2374	6799	219.438
MGG_10055T0	995	996	2157.65	165.985
MGG_00914T0	402	403	55	10.4569
MGG_06251T1	2140	2141	2670.12	95.5569
MGG_06251T0	2354	2355	3295.88	107.233
MGG_04231T0	2918	2919	135	3.54362
MGG_12848T0	993	994	16	1.23333
MGG_18127T0	432	433	0	0
MGG_08583T0	2979	2980	242	6.22224
MGG_01809T0	831	832	20.6698	1.90353
MGG_18117T0	1359	1360	700	39.4372
MGG_15030T0	611	612	15	1.87796
MGG_16592T0	321	322	0	0
MGG_10323T0	1932	1933	4035	159.941
MGG_08539T0	1125	1126	0	0
MGG_16889T0	374	375	0	0
MGG_00967T0	1284	1285	1235	73.6396
MGG_01589T0	984	985	6813.84	530.033
MGG_15266T0	972	973	36	2.8349
MGG_02704T0	2241	2242	396.808	13.561
MGG_01879T0	372	373	0	0
MGG_15780T0	228	229	119	39.8161
MGG_13778T0	1993	1994	9385	360.626
MGG_12007T0	1902	1903	60.2063	2.4241
MGG_11210T0	3509	3510	223.732	4.88392
MGG_16519T0	355	356	13	2.79795
MGG_14976T0	1659	1660	81	3.73873
MGG_10640T0	2229	2230	3	0.103077
MGG_17266T0	446	447	1	0.171411
MGG_05590T0	1348	1349	1028	58.3887
MGG_11876T0	3086	3087	3904	96.8993
MGG_11541T0	4512	4513	3554	60.3392
MGG_01227T0	5942	5943	4185	53.9557
MGG_09165T0	1662	1663	5	0.23037
MGG_01800T0	3254	3255	593	13.9589
MGG_13037T0	282	283	2	0.541491
MGG_03060T0	7980	7981	228	2.18889
MGG_02085T0	1348	1349	5380	305.575
MGG_08569T0	1883	1884	187	7.60516
MGG_03455T0	1941	1942	771	30.4195
MGG_03216T0	1023	1024	820	61.3566
MGG_08946T0	711	712	0	0
MGG_04867T0	1379	1380	21.2305	1.17877
MGG_17307T0	1691	1692	0	0
MGG_11080T0	1962	1963	0	0
MGG_13762T0	3966	3967	826	15.9538
MGG_08884T0	5370	5371	722.16	10.3021
MGG_09312T0	2980	2981	1899.28	48.8173
MGG_15287T0	2960	2961	773.284	20.01
MGG_01256T0	2105	2106	345	12.5519
MGG_06481T0	3833	3834	1892	37.8108
MGG_16797T0	159	160	0	0
MGG_07252T0	1269	1270	1552	93.6344
MGG_07082T0	942	943	708	57.5266
MGG_09891T0	2876	2877	1609	42.8513
MGG_04330T0	2816	2817	4994	135.834
MGG_02971T0	1279	1280	1856	111.1
MGG_00881T0	2021	2022	419.145	15.8829
MGG_17330T0	183	184	3	1.24925
MGG_15952T0	360	361	2	0.424493
MGG_09158T0	351	352	0	0
MGG_08560T0	1047	1048	1402.69	102.553
MGG_08560T1	954	955	394.31	31.636
MGG_16971T0	3165	3166	0	0
MGG_17534T0	210	211	0	0
MGG_07634T0	2515	2516	188	5.72525
MGG_06111T0	3137	3138	1291.18	31.5268
MGG_06046T0	1035	1036	718.469	53.1368
MGG_01917T0	744	745	428	44.0185
MGG_00455T0	2916	2917	2509	65.904
MGG_11770T0	483	484	67	10.6066
MGG_04758T1	3276	3277	937.249	21.9142
MGG_04758T0	3668	3669	218.751	4.56824
MGG_00951T0	2058	2059	209	7.77745
MGG_01835T0	4763	4764	948	15.247
MGG_10251T0	2121	2122	11	0.397187
MGG_12650T0	3050	3051	5632	141.439
MGG_04942T0	2016	2017	1451	55.12
MGG_02476T0	7808	7809	5790	56.8107
MGG_17189T0	279	280	1	0.273646
MGG_17695T0	1715	1716	657	29.3356
MGG_16725T0	2422	2423	753	23.8116
MGG_05159T0	1411	1412	1171	63.5433
MGG_17141T0	186	187	43	17.6187
MGG_09972T0	1808	1809	23	0.974174
MGG_01140T0	2951	2952	14690	381.288
MGG_15835T0	150	151	1	0.507423
MGG_06512T0	2614	2615	66	1.93384
MGG_15982T0	1869	1870	0.00981034	0.000401967
MGG_12520T0	607	608	2	0.252043
MGG_04450T0	1491	1492	12	0.616254
MGG_01000T0	3058	3059	1848	46.2882
MGG_00684T0	1874	1875	350	14.3026
MGG_06533T0	519	520	0	0
MGG_17767T0	681	682	0	0
MGG_09569T0	375	376	7	1.42645
MGG_04612T0	1105	1106	10591	733.718
MGG_02917T0	4874	4875	2194	34.4833
MGG_17432T0	318	319	24	5.76458
MGG_14045T0	989	990	0	0
MGG_08522T0	372	373	0	0
MGG_03209T0	1557	1558	41	2.01634
MGG_05555T0	1482	1483	0	0
MGG_14110T0	1098	1099	74	5.15919
MGG_15885T0	1095	1096	794	55.5082
MGG_08263T0	1238	1239	6	0.371046
MGG_05370T0	1116	1117	2041	140.003
MGG_03314T0	7527	7528	457	4.6514
MGG_09192T0	3195	3196	452.956	10.8592
MGG_09192T1	4818	4819	889.044	14.1356
MGG_08293T0	2365	2366	1439	46.6008
MGG_07935T0	1507	1508	166	8.4344
MGG_07201T0	1925	1926	15131	601.948
MGG_13656T0	2378	2379	16000	515.315
MGG_14732T0	459	460	15	2.49851
MGG_03704T0	1122	1123	2032	138.641
MGG_09017T0	2260	2261	494.139	16.7454
MGG_03244T0	1968	1969	7588	295.277
MGG_05064T0	900	901	2708.29	230.312
MGG_06132T0	952	953	353.103	28.3893
MGG_05500T0	1785	1786	0	0
MGG_07203T0	2414	2415	1775	56.3156
MGG_08860T0	1266	1267	233.497	14.1206
MGG_17264T0	1668	1669	322	14.7825
MGG_13483T0	1785	1786	839	35.9938
MGG_07213T1	4395	4396	398.961	6.95376
MGG_07213T0	4366	4367	753.039	13.2124
MGG_08703T0	3660	3661	8	0.167432
MGG_04868T0	2920	2921	599.77	15.7326
MGG_16612T0	252	253	1517.96	459.713
MGG_09843T0	690	691	1	0.110884
MGG_04401T0	2180	2181	739	25.9619
MGG_17619T0	534	535	52.7991	7.56171
MGG_12177T0	2281	2282	37	1.24232
MGG_16790T0	674	675	948.901	107.712
MGG_00258T0	2129	2130	13	0.467639
MGG_00929T0	3821	3822	2047	41.0369
MGG_08671T0	873	874	0	0
MGG_10394T0	1710	1711	0	0
MGG_06172T0	1666	1667	3052.63	140.309
MGG_17452T0	4223	4224	562	10.1944
MGG_16341T0	3793	3794	22014	444.579
MGG_13286T0	1536	1537	79	3.93823
MGG_05902T0	1215	1216	165	10.3968
MGG_10192T0	3903	3904	11515	225.996
MGG_12614T0	1101	1102	13492	938.085
MGG_08265T0	2271	2272	3	0.101172
MGG_17396T0	426	427	26	4.66544
MGG_16475T0	342	343	0	0
MGG_14552T0	819	820	63	5.88673
MGG_11247T0	1443	1444	776	41.1758
MGG_06135T0	1842	1843	4206	174.86
MGG_05406T0	663	664	2	0.230786
MGG_18067T0	180	181	0	0
MGG_06933T0	1394	1395	6657	365.638
MGG_00612T0	1849	1850	361	14.9514
MGG_18116T0	687	688	1	0.111368
MGG_15197T0	321	322	0	0
MGG_05095T0	4901	4902	2203	34.4341
MGG_03561T0	1528	1529	825	41.3422
MGG_00604T0	1848	1849	18603	770.892
MGG_00210T0	1358	1359	598	33.7155
MGG_16718T0	1915	1916	18554	741.975
MGG_17460T0	737	738	24	2.49174
MGG_13800T0	3736	3737	710	14.5574
MGG_16164T0	291	292	8	2.0992
MGG_13526T0	3457	3458	4752	105.293
MGG_10647T0	1122	1123	16	1.09166
MGG_12678T0	1502	1503	82	4.18025
MGG_15536T0	7988	7989	3307.32	31.7198
MGG_14849T0	556	557	284	39.067
MGG_09890T0	363	364	315	66.3066
MGG_02004T0	582	583	6	0.788552
MGG_03401T0	9278	9279	2079	17.1672
MGG_00607T0	1347	1348	332	18.871
MGG_07703T0	892	893	139	11.9264
MGG_04540T0	1725	1726	718	31.8736
MGG_02155T0	831	832	2	0.184185
MGG_02540T0	1967	1968	9959	387.738
MGG_10508T0	1699	1700	1	0.0450711
MGG_06699T0	3377	3378	271	6.14691
MGG_15337T0	225	226	10	3.39031
MGG_09263T0	5498	5499	5296.13	73.7942
MGG_00576T0	846	847	62	5.60862
MGG_02350T0	927	928	0	0
MGG_17457T0	381	382	39	7.82255
MGG_03150T0	1957	1958	1790.9	70.0821
MGG_15056T0	429	430	20	3.56376
MGG_08395T0	1712	1713	90	4.02562
MGG_01794T0	2023	2024	3302	125.001
MGG_08826T1	4209	4210	4704.6	85.6225
MGG_08826T0	4486	4487	1438.4	24.5624
MGG_06121T0	4074	4075	12.2031	0.229451
MGG_00818T0	1449	1450	401	21.1896
MGG_07904T0	387	388	0	0
MGG_03382T0	1935	1936	2	0.0791538
MGG_01560T0	942	943	163	13.2441
MGG_17627T0	1251	1252	0	0
MGG_03469T0	1168	1169	1304	85.4694
MGG_13068T0	1954	1955	1818	71.2516
MGG_04582T0	2245	2246	8444	288.062
MGG_15748T0	1862	1863	138.671	5.70321
MGG_04200T0	1041	1042	1661.95	122.207
MGG_12477T0	2078	2079	425	15.6632
MGG_07667T0	2118	2119	2221	80.3091
MGG_07604T0	1002	1003	292	22.3064
MGG_15313T0	3871	3872	1256	24.8543
MGG_17150T0	816	817	75	7.03374
MGG_12832T0	2617	2618	2750	80.4842
MGG_00696T0	1814	1815	1137.49	48.0196
MGG_05442T0	1470	1471	73	3.8024
MGG_12634T0	1505	1506	418.596	21.2969
MGG_05673T0	1736	1737	14643	645.918
MGG_05403T0	315	316	1	0.242471
MGG_00274T0	1088	1089	1171.99	82.4602
MGG_01080T0	5419	5420	345.415	4.88303
MGG_11544T0	398	399	0	0
MGG_14668T0	421	422	54	9.80457
MGG_01005T0	1155	1156	2823	187.111
MGG_01711T0	2499	2500	2454.18	75.2165
MGG_16243T0	4550	4551	880.791	14.8291
MGG_16243T1	4483	4484	1080.21	18.4582
MGG_03087T0	1977	1978	15181	588.06
MGG_04472T0	4560	4561	1160	19.487
MGG_08850T0	2894	2895	11553	305.769
MGG_15258T0	741	742	151	15.5927
MGG_16260T0	1703	1704	94	4.22674
MGG_12892T0	1092	1093	11403	799.367
MGG_17342T0	1174	1175	364	23.7362
MGG_09182T0	813	814	7	0.658902
MGG_00856T0	3960	3961	1017.93	19.6907
MGG_08611T0	1581	1582	351	17
MGG_16065T0	426	427	0	0
MGG_16216T0	318	319	202	48.5186
MGG_09604T0	1197	1198	148	9.46569
MGG_16524T0	201	202	0	0
MGG_09996T0	672	673	0	0
MGG_17099T0	165	166	6	2.76943
MGG_04763T0	444	445	3	0.516546
MGG_00419T0	1659	1660	10	0.461572
MGG_08303T0	3011	3012	6480	164.842
MGG_07246T0	600	601	0	0
MGG_14830T0	357	358	3	0.642075
MGG_06380T0	5915	5916	2557	33.1169
MGG_01288T0	1885	1886	14144	574.616
MGG_01994T0	1761	1762	498	21.6556
MGG_02456T0	3936	3937	809.605	15.7563
MGG_02456T1	4424	4425	1802.39	31.2093
MGG_15214T0	699	700	0	0
MGG_15083T0	2763	2764	1380	38.255
MGG_06951T0	1787	1788	2169	92.9479
MGG_01009T0	1413	1414	1997	108.212
MGG_06530T0	1645	1646	5976.8	278.219
MGG_03173T0	2196	2197	1697	59.1833
MGG_16515T0	393	394	122	23.7253
MGG_15282T0	2225	2226	56	1.92757
MGG_11513T0	2328	2329	21231	698.471
MGG_08025T0	5742	5743	35	0.466957
MGG_06617T0	5053	5054	572	8.67178
MGG_01246T0	988	989	77	5.96543
MGG_06346T0	3372	3373	3347	76.0303
MGG_12822T0	2119	2120	1795	64.8748
MGG_15745T0	2517	2518	228	6.93788
MGG_13216T0	963	964	158	12.5582
MGG_01632T0	3256	3257	2312.66	54.4054
MGG_04734T0	348	349	0	0
MGG_01487T0	1438	1439	5	0.26623
MGG_02744T0	2454	2455	481	15.0121
MGG_01596T1	2070	2071	3590.7	132.845
MGG_01596T0	3019	3020	2677.3	67.9263
MGG_04547T0	675	676	7	0.793412
MGG_06066T0	3844	3845	8319	165.776
MGG_08288T0	2118	2119	952	34.4234
MGG_00669T0	2356	2357	186	6.04645
MGG_16575T0	1095	1096	0.999999	0.0699096
MGG_01945T0	721	722	14.1067	1.49705
MGG_14155T0	873	874	0	0
MGG_10379T0	4795	4796	2263	36.1537
MGG_17479T0	451	452	21	3.55982
MGG_16732T0	168	169	13	5.89392
MGG_16186T0	1918	1919	1206	48.1526
MGG_06972T0	675	676	56	6.3473
MGG_06527T0	4836	4837	30	0.475218
MGG_07489T0	1393	1394	7373	405.255
MGG_15357T0	1708	1709	76	3.40737
MGG_12776T0	2190	2191	210	7.34386
MGG_16884T0	246	247	1	0.310206
MGG_01577T0	2754	2755	1784	49.6159
MGG_04378T0	2279	2280	1169	39.285
MGG_15064T0	564	565	236	32.0045
MGG_04377T0	4822	4823	1675	26.61
MGG_09389T0	1561	1562	2112	103.6
MGG_15670T0	2612	2613	649	19.0306
MGG_10107T0	1212	1213	497	31.3937
MGG_01021T0	2033	2034	1077	40.5707
MGG_17950T0	380	381	0	0
MGG_13660T0	1098	1099	593	41.3432
MGG_06622T0	1421	1422	0	0
MGG_16704T0	561	562	375	51.1261
MGG_13931T1	1979	1980	470.817	18.2194
MGG_13931T0	2152	2153	287.183	10.2203
MGG_05014T0	2393	2394	447.432	14.3202
MGG_09402T0	624	625	295	36.1651
MGG_15824T0	886	887	42	3.62805
MGG_07228T0	2451	2452	8	0.249987
MGG_04990T0	2248	2249	785	26.7441
MGG_06915T0	1273	1274	4463.34	268.434
MGG_16952T0	1005	1006	0	0
MGG_02806T0	2073	2074	11176	412.881
MGG_04805T0	1728	1729	488.322	21.6401
MGG_13617T0	4055	4056	3	0.0566723
MGG_10633T0	1347	1348	3280	186.437
MGG_08167T0	1812	1813	3360.64	142.027
MGG_02603T0	1272	1273	237	14.2649
MGG_00716T0	1740	1741	505	22.2249
MGG_16951T0	501	502	6	0.915788
MGG_14002T0	1671	1672	13	0.595737
MGG_14001T0	2047	2048	307	11.4857
MGG_08828T0	2055	2056	159	5.92545
MGG_12942T0	195	196	17	6.64569
MGG_01466T0	2615	2616	1982.75	58.0735
MGG_01466T1	2498	2499	4498.25	137.919
MGG_07867T0	1338	1339	0	0
MGG_01785T0	1364	1365	1072.86	60.2225
MGG_05821T0	357	358	0	0
MGG_06441T0	2121	2122	18	0.649942
MGG_07357T0	558	559	2	0.274136
MGG_06119T0	2284	2285	222.904	7.47445
MGG_16363T0	341	342	2	0.448076
MGG_09280T0	786	787	12	1.1683
MGG_15212T0	432	433	0	0
MGG_10879T0	3954	3955	3822	74.0443
MGG_15618T1	304	305	5	1.25608
MGG_15618T0	282	283	6	1.62447
MGG_01947T0	1482	1483	0	0
MGG_15253T0	1816	1817	913	38.5002
MGG_12489T0	1554	1555	0	0
MGG_16667T0	279	280	0	0
MGG_16466T0	597	598	9	1.15316
MGG_15978T0	1062	1063	0	0
MGG_04762T0	915	916	28	2.34212
MGG_12707T0	2269	2270	724	24.4377
MGG_02979T0	884	885	0	0
MGG_00501T0	2810	2811	31204	850.544
MGG_17964T0	249	250	0	0
MGG_10587T0	1997	1998	297.26	11.3995
MGG_10727T0	2141	2142	1	0.0357707
MGG_17286T0	3464	3465	6	0.132677
MGG_16954T0	156	157	0	0
MGG_15459T0	380	381	0	0
MGG_09631T0	1851	1852	0	0
MGG_15582T0	1464	1465	726	37.9705
MGG_08300T0	936	937	1434	117.262
MGG_05979T0	1647	1648	996	46.3073
MGG_03766T0	1742	1743	45	1.97816
MGG_07795T0	1701	1702	86	3.87156
MGG_11471T0	462	463	0	0
MGG_10816T0	1977	1978	651.141	25.223
MGG_02695T0	2166	2167	2846	100.629
MGG_17223T0	711	712	0	0
MGG_01433T0	3092	3093	297.131	7.36063
MGG_16560T0	612	613	0	0
MGG_16252T0	381	382	5	1.00289
MGG_08814T0	2426	2427	1260.07	39.7807
MGG_07345T0	915	916	0	0
MGG_03612T0	2246	2247	2003.1	68.3042
MGG_07905T0	5922	5923	0	0
MGG_00422T0	894	895	0	0
MGG_02336T0	981	982	3	0.234076
MGG_00418T0	348	349	1	0.219544
MGG_01569T0	1382	1383	5492	304.268
MGG_17089T0	174	175	4	1.75134
MGG_03806T0	912	913	2	0.167844
MGG_01324T0	2844	2845	925.109	24.9148
MGG_10789T0	648	649	0	0
MGG_08629T0	690	691	5	0.554421
MGG_00952T0	2169	2170	382.117	13.4922
MGG_05070T0	1224	1225	2497	156.182
MGG_04523T0	2847	2848	603.023	16.2234
MGG_13454T0	1239	1240	90	5.5612
MGG_06733T0	3154	3155	3462.74	84.0944
MGG_13398T0	1516	1517	1309.89	66.1599
MGG_16254T0	183	184	2	0.832836
MGG_02457T0	1966	1967	9651	375.937
MGG_04309T0	2031	2032	0	0
MGG_05329T0	1688	1689	1647.73	74.7487
MGG_01111T0	258	259	7100	2100.42
MGG_03346T0	1591	1592	1200	57.7545
MGG_16637T0	782	783	7	0.684989
MGG_08054T0	2040	2041	217.62	8.16964
MGG_10010T0	1305	1306	0	0
MGG_06725T0	2582	2583	1191	35.3293
MGG_00928T0	5717	5718	1870	25.0579
MGG_00751T0	1797	1798	180	7.67062
MGG_04752T0	1121	1122	13006	888.174
MGG_04529T0	1420	1421	1782	96.0862
MGG_03479T0	1319	1320	1591	92.3514
MGG_01347T0	1275	1276	939	56.3848
MGG_11181T0	4850	4851	4124	65.138
MGG_15788T0	1335	1336	0	0
MGG_15744T0	309	310	8	1.97731
MGG_06350T0	4080	4081	2442.99	45.8673
MGG_06350T1	4181	4182	415.468	7.61204
MGG_01120T0	2756	2757	294.835	8.19387
MGG_07389T0	1513	1514	1552	78.544
MGG_04772T0	948	949	6947	560.891
MGG_06336T0	2000	2001	5467	209.339
MGG_09900T0	1263	1264	1093.49	66.2851
MGG_03373T0	2297	2298	913	30.4416
MGG_00852T0	3096	3097	2090	51.7074
MGG_16868T0	1398	1399	592.298	32.4392
MGG_17753T0	1383	1384	0	0
MGG_07685T0	366	367	4	0.835105
MGG_17437T0	955	956	1222	97.9401
MGG_03685T0	1029	1030	1204	89.5646
MGG_09493T0	4237	4238	6320	114.262
MGG_15794T0	210	211	29.0449	10.5472
MGG_03191T0	3640	3641	2412.6	50.7705
MGG_08660T0	1311	1312	19	1.1096
MGG_08593T0	2183	2184	1770	62.0966
MGG_02952T0	891	892	9199	790.175
MGG_13585T0	1045	1046	0	0
MGG_05942T0	2036	2037	2285	85.9493
MGG_06123T0	861	862	1	0.0888874
MGG_07487T0	4983	4984	1848	28.41
MGG_04844T0	2784	2785	638	17.5527
MGG_04485T0	1234	1235	988	61.2967
MGG_12836T0	3012	3013	3216	81.7832
MGG_08257T0	3039	3040	429.528	10.8259
MGG_08257T1	2991	2992	381.472	9.76895
MGG_07067T0	2153	2154	73	2.59672
MGG_10835T0	1390	1391	5442	299.764
MGG_02929T0	789	790	3	0.290966
MGG_16961T0	3768	3769	0	0
MGG_00620T0	2115	2116	4022	145.638
MGG_03657T0	1334	1335	470.106	26.9812
MGG_17966T0	150	151	2	1.01485
MGG_02102T0	321	322	28	6.66269
MGG_15949T0	237	238	11	3.5413
MGG_08615T0	1294	1295	11	0.650834
MGG_09789T0	462	463	0	0
MGG_07482T0	2008	2009	1427	54.4241
MGG_16856T0	207	208	3843	1415.65
MGG_05737T0	330	331	2603	602.551
MGG_16414T0	150	151	297	150.705
MGG_10047T0	1089	1090	0	0
MGG_09873T0	1095	1096	0	0
MGG_13732T0	1179	1180	0	0
MGG_12792T0	1173	1174	831	54.2351
MGG_15394T1	815	816	211.475	19.8571
MGG_15394T0	884	885	344.375	29.815
MGG_07541T0	615	616	303	37.6885
MGG_16339T0	407	408	5	0.938982
MGG_14097T0	2170	2171	18	0.635272
MGG_03759T0	2151	2152	2344	83.457
MGG_13947T0	2032	2033	957.121	36.0726
MGG_13947T1	1514	1515	372.836	18.8561
MGG_03310T0	2040	2041	2969	111.459
MGG_16234T0	288	289	8	2.12099
MGG_05609T0	2262	2263	1115	37.7518
MGG_03470T0	2127	2128	7371	265.401
MGG_16679T0	165	166	0	0
MGG_08918T0	2252	2253	110	3.74092
MGG_13289T0	240	241	4	1.27172
MGG_15126T0	425	426	145	26.0799
MGG_04916T0	216	217	1	0.353092
MGG_03771T0	1650	1651	0	0
MGG_17986T0	387	388	38	7.50411
MGG_16371T1	1122	1123	15.7889	1.07726
MGG_16371T0	1176	1177	927.112	60.3536
MGG_05644T0	2139	2140	3965	141.964
MGG_06415T0	1204	1205	354	22.5094
MGG_08491T0	366	367	0	0
MGG_06171T0	1173	1174	8	0.522119
MGG_16496T0	333	334	0	0
MGG_09882T0	3228	3229	8702	206.49
MGG_03656T0	3779	3780	658	13.3377
MGG_15507T0	228	229	1	0.334589
MGG_02156T0	2688	2689	2776	79.0999
MGG_17334T0	387	388	0	0
MGG_14914T0	1872	1873	192.486	7.87425
MGG_06064T0	2487	2488	58993	1816.76
MGG_01351T0	2391	2392	8343	267.244
MGG_16558T0	1182	1183	3.07179	0.198955
MGG_17521T0	333	334	70	16.0583
MGG_08005T0	2955	2956	870	22.5508
MGG_15852T0	3226	3227	1764	41.8839
MGG_04407T0	1948	1949	414	16.2756
MGG_13448T0	1360	1361	110.358	6.21289
MGG_09906T0	1495	1496	40	2.04869
MGG_18041T0	327	328	0	0
MGG_15584T0	332	333	1	0.230093
MGG_03195T0	1175	1176	1386	90.3032
MGG_18078T0	204	205	0	0
MGG_03419T0	1724	1725	1092	48.5044
MGG_03154T0	2494	2495	3749	115.131
MGG_05880T0	1044	1045	17069	1251.52
MGG_04899T0	4655	4656	63	1.03675
MGG_01261T0	2760	2761	3434	95.2974
MGG_04860T0	1590	1591	1051.19	50.624
MGG_01731T0	1436	1437	97.2402	5.18485
MGG_17371T0	1970	1971	2558	99.44
MGG_06790T0	1059	1060	2	0.144568
MGG_12925T0	2288	2289	5578	186.715
MGG_00602T0	1820	1821	42099	1771.37
MGG_00429T0	1728	1729	74	3.27932
MGG_10657T0	1635	1636	395	18.4996
MGG_05883T1	4604	4605	70.8762	1.17928
MGG_05883T0	4681	4682	5496.03	89.9424
MGG_09302T0	1143	1144	770	51.5718
MGG_16212T0	1101	1102	170	11.8199
MGG_03489T0	390	391	27	5.29096
MGG_17447T0	279	280	0	0
MGG_04775T1	5876	5877	1545.94	20.155
MGG_04775T0	6665	6666	3320.06	38.1618
MGG_04236T0	1001	1002	10189	779.132
MGG_16605T0	348	349	0	0
MGG_06236T0	822	823	9	0.837896
MGG_15097T0	12363	12364	0	0
MGG_03355T0	424	425	7	1.26199
MGG_00216T0	402	403	0	0
MGG_10445T0	2379	2380	73	2.35014
MGG_02795T0	2673	2674	22	0.630389
MGG_10665T0	1199	1200	738	47.1219
MGG_11429T0	2820	2821	3184.99	86.5072
MGG_18095T0	459	460	0	0
MGG_14879T0	843	844	0	0
MGG_05708T0	1703	1704	1606	72.2143
MGG_18011T0	567	568	3	0.404688
MGG_02633T0	2134	2135	744	26.7007
MGG_04727T0	4682	4683	4541	74.2976
MGG_02119T0	1510	1511	12	0.608505
MGG_04776T0	548	549	5	0.697823
MGG_15664T0	450	451	16	2.71826
MGG_11801T0	3189	3190	2920	70.1358
MGG_02236T0	411	412	0	0
MGG_14209T0	1527	1528	16	0.802313
MGG_13118T0	770	771	9	0.894408
MGG_07005T0	1638	1639	7	0.32724
MGG_18002T0	1703	1704	91	4.09184
MGG_16734T0	7314	7315	4184	43.8253
MGG_07101T0	2406	2407	8573	272.9
MGG_10759T0	435	436	0	0
MGG_00961T0	2057	2058	1548.99	57.67
MGG_02098T0	2150	2151	1245	44.3482
MGG_11518T0	1284	1285	374	22.3006
MGG_16651T0	213	214	6	2.14825
MGG_00690T0	425	426	7	1.25903
MGG_01269T0	2726	2727	1842	51.7549
MGG_01633T0	2206	2207	793	27.5308
MGG_10000T0	1852	1853	15	0.620245
MGG_17003T0	2369	2370	2899.91	93.7526
MGG_02727T0	651	652	1290	151.597
MGG_07132T0	2019	2020	2058	78.0623
MGG_10925T0	1837	1838	1028	42.8544
MGG_04510T0	1407	1408	1	0.0544183
MGG_09837T0	2902	2903	1780	46.9808
MGG_15633T0	216	217	0	0
MGG_06016T0	3819	3820	2337	46.8752
MGG_01773T0	2110	2111	1319.99	47.9104
MGG_15913T0	210	211	0	0
MGG_09479T0	3763	3764	1363	27.7456
MGG_07780T0	1459	1460	86	4.51329
MGG_06551T0	1029	1030	11.2128	0.834112
MGG_02378T0	2721	2722	10510.6	295.86
MGG_12886T0	1465	1466	88	4.59935
MGG_03249T0	1847	1848	692.556	28.7145
MGG_16000T0	622	623	28	3.44364
MGG_04093T1	9730	9731	284.483	2.23999
MGG_04093T0	11402	11403	370.517	2.48964
MGG_16443T0	3686	3687	1594	33.1255
MGG_06704T0	4488	4489	713	12.1699
MGG_01172T0	5109	5110	1525	22.8663
MGG_08281T0	5583	5584	0	0
MGG_00787T0	1357	1358	19	1.07202
MGG_16992T0	642	643	0	0
MGG_07456T0	2827	2828	3908.12	105.885
MGG_18008T0	348	349	43	9.4404
MGG_17473T0	2067	2068	448	16.5987
MGG_11011T0	711	712	1	0.107614
MGG_07772T0	1835	1836	32	1.33544
MGG_03910T0	2966	2967	596.944	15.4157
MGG_02429T0	399	400	304	58.2319
MGG_04910T0	261	262	688	201.203
MGG_01542T0	1634	1635	28	1.31216
MGG_05136T0	1200	1201	1526	97.3551
MGG_15213T0	990	991	0	0
MGG_08801T0	1254	1255	432	26.3747
MGG_04487T0	1407	1408	515	28.0254
MGG_09765T0	1162	1163	1738	114.503
MGG_01221T0	2264	2265	64.4842	2.18139
MGG_07509T0	3437	3438	2463	54.8916
MGG_09537T0	4957	4958	5145	79.5108
MGG_02158T0	1119	1120	627	42.894
MGG_05853T0	888	889	0	0
MGG_00806T0	8277	8278	353	3.26736
MGG_01469T0	4213	4214	2097	38.1286
MGG_08142T0	1305	1306	1222	71.6928
MGG_06489T0	2184	2185	60	2.10401
MGG_03034T0	1717	1718	25	1.11497
MGG_01442T0	816	817	161.268	15.1242
MGG_06795T0	1467	1468	863	45.0435
MGG_03188T0	1111	1112	13011	896.506
MGG_13413T0	3919	3920	3115	60.8863
MGG_07273T0	2227	2228	919	31.6044
MGG_12357T0	4865	4866	376	5.92056
MGG_09857T0	1423	1424	275	14.7969
MGG_02245T0	1248	1249	31	1.90172
MGG_06107T0	1208	1209	1991	126.181
MGG_11947T0	189	190	0	0
MGG_06023T0	1395	1396	166	9.11108
MGG_01893T0	1647	1648	644.85	29.9812
MGG_17914T0	183	184	25	10.4105
MGG_13692T0	261	262	0	0
MGG_16297T0	519	520	0	0
MGG_08285T0	7083	7084	206	2.22811
MGG_04902T0	1310	1311	61.2265	3.57836
MGG_17177T0	168	169	107.318	48.6555
MGG_01732T0	1933	1934	358	14.1832
MGG_14685T0	543	544	37	5.21135
MGG_12891T0	1446	1447	6	0.317709
MGG_16549T0	687	688	221.933	24.7162
MGG_13912T0	1724	1725	0	0
MGG_05813T0	1417	1418	3081.72	166.519
MGG_04021T0	1800	1801	803	34.1625
MGG_03962T0	1374	1375	286	15.9372
MGG_03477T0	1089	1090	3836	269.649
MGG_10027T0	3672	3673	13	0.271188
MGG_06029T0	2978	2979	226.873	5.83525
MGG_06719T0	2586	2587	5195	153.864
MGG_08688T0	1650	1651	373	17.3105
MGG_00592T0	2077	2078	60951	2247.41
MGG_03710T0	2541	2542	842	25.3795
MGG_16780T0	393	394	0	0
MGG_14801T0	2412	2413	722	22.9259
MGG_08082T0	1147	1148	1351	90.1697
MGG_16189T0	150	151	0	0
MGG_03440T0	1085	1086	14	0.987747
MGG_12654T0	303	304	0	0
MGG_10359T0	1248	1249	1775	108.889
MGG_04920T0	1417	1418	1407	76.0265
MGG_02787T0	2209	2210	154	5.3392
MGG_00868T0	2598	2599	0	0
MGG_17236T0	279	280	0	0
MGG_14055T0	1377	1378	0	0
MGG_07736T0	2150	2151	2066	73.5931
MGG_06828T0	1491	1492	130	6.67609
MGG_01209T0	4255	4256	7765	139.794
MGG_13946T0	1627	1628	11.0426	0.519714
MGG_06827T0	2955	2956	1122	29.0828
MGG_07302T1	2235	2236	587.498	20.1318
MGG_07302T0	2436	2437	293.502	9.22791
MGG_05341T0	3705	3706	4067	84.0845
MGG_08764T0	793	794	28.087	2.71039
MGG_08764T1	1016	1017	27.913	2.10297
MGG_00549T0	1039	1040	1161.42	85.5664
MGG_16633T0	1466	1467	274.447	14.3343
MGG_16102T0	399	400	3.64717	0.698623
MGG_07472T0	2085	2086	1171	43.012
MGG_08797T0	459	460	0	0
MGG_09332T0	1530	1531	35	1.75162
MGG_10319T0	1372	1373	3878	216.414
MGG_08777T0	2603	2604	187	5.50235
MGG_06684T0	1943	1944	1807.66	71.2471
MGG_04119T0	1608	1609	305	14.5242
MGG_17283T0	234	235	0	0
MGG_15058T0	618	619	0	0
MGG_13662T0	1788	1789	0	0
MGG_18113T0	174	175	0	0
MGG_07995T0	771	772	0	0
MGG_17839T0	249	250	200	61.2967
MGG_16388T0	876	877	55.743	4.8701
MGG_17949T0	393	394	13	2.5281
MGG_15730T0	471	472	9	1.46099
MGG_10157T0	2615	2616	341	9.98767
MGG_04584T0	1630	1631	3174	149.108
MGG_16927T0	791	792	491	47.5011
MGG_16501T0	411	412	0	0
MGG_16452T0	276	277	1	0.27661
MGG_09816T0	1271	1272	8	0.481893
MGG_09629T0	570	571	0	0
MGG_03328T0	1532	1533	468	23.3911
MGG_15061T0	846	847	869	78.6111
MGG_02686T0	1377	1378	365	20.2951
MGG_17117T0	342	343	9	2.01046
MGG_12228T0	1182	1183	0	0
MGG_09573T0	788	789	1204.38	116.959
MGG_08809T0	1828	1829	811.292	33.9869
MGG_05967T0	2575	2576	0	0
MGG_15648T0	468	469	2	0.326742
MGG_02668T0	1366	1367	4336	243.035
MGG_17465T0	1713	1714	344.541	15.402
MGG_17882T0	413	414	0	0
MGG_00972T0	1275	1276	1059.32	63.6096
MGG_01856T0	1764	1765	0	0
MGG_15285T0	2447	2448	1789	55.9946
MGG_00798T0	2219	2220	0	0
MGG_10342T0	1536	1537	0	0
MGG_10590T0	3362	3363	443	10.0931
MGG_17676T0	288	289	9	2.38612
MGG_02065T1	2490	2491	7.3223e-05	2.25228e-06
MGG_02065T0	3135	3136	561	13.7067
MGG_14774T0	912	913	347	29.121
MGG_07792T0	1155	1156	3069	203.417
MGG_17304T0	222	223	0	0
MGG_07110T0	4032	4033	2067	39.2699
MGG_00045T0	1890	1891	48	1.9449
MGG_11627T0	495	496	0	0
MGG_07888T0	1993	1994	2	0.0768515
MGG_08731T0	4032	4033	1519	28.8587
MGG_08012T0	1942	1943	2679	105.645
MGG_06412T0	1826	1827	40848.1	1713.09
MGG_03703T0	4321	4322	3703	65.6472
MGG_16652T0	488	489	4	0.626756
MGG_17023T0	1560	1561	0	0
MGG_08773T0	2083	2084	111	4.08106
MGG_05235T0	1790	1791	17	0.727278
MGG_05591T0	510	511	0	0
MGG_06157T0	2459	2460	909	28.3124
MGG_02612T0	1562	1563	6029	295.552
MGG_03302T0	2963	2964	1919	49.6071
MGG_08965T0	1737	1738	45.1823	1.99189
MGG_05709T0	4239	4240	5867	106.022
MGG_16062T0	450	451	0	0
MGG_16255T0	237	238	3	0.96581
MGG_03338T0	961	962	12	0.95577
MGG_11237T0	423	424	1869	337.746
MGG_07038T0	1019	1020	709	53.2591
MGG_09292T0	1911	1912	2925.45	117.234
MGG_03864T0	3642	3643	4833.98	101.67
MGG_00232T0	150	151	0	0
MGG_08868T0	1275	1276	402.685	24.1803
MGG_05298T0	2661	2662	653	18.7954
MGG_16492T0	1074	1075	0	0
MGG_04651T0	1794	1795	880	37.5635
MGG_06402T0	1236	1237	704.24	43.6213
MGG_01877T0	1479	1480	44	2.27792
MGG_00968T0	852	853	9198	826.212
MGG_16905T0	2563	2564	58	1.73323
MGG_09812T0	1821	1822	1	0.0420532
MGG_02408T0	3877	3878	3494	69.0339
MGG_12690T0	402	403	0	0
MGG_01743T0	2101	2102	4445	162.027
MGG_16546T0	381	382	0	0
MGG_02391T0	1903	1904	1820	73.2406
MGG_17383T0	192	193	5	1.985
MGG_05284T0	5132	5133	1927	28.7646
MGG_05062T0	1780	1781	1596	68.662
MGG_17875T0	210	211	0	0
MGG_17827T0	1800	1801	554	23.5691
MGG_13404T0	1254	1255	240	14.6526
MGG_00931T0	2214	2215	3.88563	0.134411
MGG_02027T0	3255	3256	0	0
MGG_02114T0	2439	2440	12	0.376824
MGG_08496T0	1371	1372	0	0
MGG_05351T0	1266	1267	23162	1400.71
MGG_11650T0	603	604	1	0.126856
MGG_14266T0	1735	1736	4826	213.003
MGG_04187T0	1485	1486	394.263	20.3289
MGG_03583T0	2534	2535	922.234	27.8747
MGG_15240T0	318	319	26	6.24497
MGG_11244T0	1085	1086	1249	88.1211
MGG_05994T0	4700	4701	645.111	10.5146
MGG_16606T0	471	472	0	0
MGG_17929T0	375	376	4.07868	0.831149
MGG_00531T0	2734	2735	20119	563.633
MGG_10036T0	1881	1882	0	0
MGG_17802T0	1687	1688	3169	143.846
MGG_16454T1	341	342	2	0.448076
MGG_16454T0	432	433	0	0
MGG_00439T0	1757	1758	44	1.9177
MGG_01139T0	1839	1840	569	23.6942
MGG_15299T0	2125	2126	10	0.360399
MGG_13269T0	1595	1596	19	0.912154
MGG_15756T0	336	337	17	3.86515
MGG_01861T0	1291	1292	200	11.8608
MGG_05854T0	1656	1657	0	0
MGG_01626T0	1476	1477	32	1.66003
MGG_09283T0	3038	3039	1282.72	32.3406
MGG_16583T0	222	223	0	0
MGG_04471T0	1644	1645	593	27.6208
MGG_03390T0	2183	2184	420	14.7348
MGG_17968T0	216	217	10	3.53092
MGG_09530T0	1724	1725	4258.91	189.172
MGG_17979T0	1162	1163	2701.79	178
MGG_07877T0	2464	2465	14	0.43517
MGG_07280T0	2226	2227	2509	86.3233
MGG_04995T0	5747	5748	4006	53.4
MGG_06355T0	4085	4086	2523	47.3115
MGG_00837T0	3116	3117	939	23.0821
MGG_00141T0	4962	4963	34590	534.015
MGG_02416T0	3027	3028	745	18.8516
MGG_16773T0	424	425	6	1.08171
MGG_07440T0	2556	2557	287	8.6
MGG_06472T0	1264	1265	2270.26	137.51
MGG_09363T0	2941	2942	1051	27.3721
MGG_02454T0	1911	1912	1531	61.3528
MGG_01279T0	4801	4802	7367	117.548
MGG_06722T0	2041	2042	2087	78.3094
MGG_01342T0	4239	4240	1703	30.7749
MGG_10124T0	1615	1616	782	37.0777
MGG_09931T0	4878	4879	2523	39.6218
MGG_06893T0	2746	2747	2562	71.4608
MGG_12967T0	1329	1330	10	0.576097
MGG_08100T0	1414	1415	718	38.879
MGG_04494T0	3455	3456	1360	30.1518
MGG_01026T0	2084	2085	2707	99.4786
MGG_17678T0	3688	3689	2479	51.4891
MGG_05041T0	1959	1960	39	1.5246
MGG_13697T0	1600	1601	295	14.1182
MGG_12765T0	1348	1349	162	9.20133
MGG_10402T0	1959	1960	2	0.0781846
MGG_07548T0	1116	1117	2	0.137191
MGG_06146T0	2504	2505	5373	164.345
MGG_04756T0	1940	1941	331	13.0662
MGG_12369T0	3163	3164	929	22.4971
MGG_03022T0	1553	1554	23	1.13403
MGG_00253T0	2090	2091	425	15.5734
MGG_08259T0	3516	3517	1910	41.611
MGG_05769T0	2130	2131	44	1.58204
MGG_12108T0	2578	2579	2789	82.8599
MGG_05889T0	2662	2663	165	4.74745
MGG_05747T0	946	947	5	0.404546
MGG_09397T0	432	433	2	0.353907
MGG_08758T0	2257	2258	5573	189.109
MGG_03319T0	5695	5696	5788.27	77.8621
MGG_02771T0	2774	2775	2708	74.771
MGG_09355T0	6555	6556	38913	454.782
MGG_05592T0	1626	1627	62	2.91979
MGG_17197T0	881	882	17	1.47682
MGG_16387T0	402	403	0	0
MGG_05993T0	2921	2922	1179.89	30.9391
MGG_01683T0	1444	1445	601.635	31.9016
MGG_10293T0	1848	1849	28.4804	1.1802
MGG_10277T0	5071	5072	121	1.8279
MGG_06826T0	775	776	164	16.1931
MGG_16277T0	3684	3685	3019	62.773
MGG_15568T0	351	352	2	0.435346
MGG_07632T0	1266	1267	11.0622	0.668981
MGG_02990T0	423	424	0	0
MGG_00401T0	795	796	19	1.82889
MGG_16555T0	1128	1129	0	0
MGG_04105T0	831	832	5509	507.337
MGG_18098T0	4249	4250	20.3336	0.366584
MGG_16896T0	607	608	9.09656	1.14636
MGG_03138T0	4218	4219	1270	23.0644
MGG_05618T0	3451	3452	1141.56	25.3382
MGG_05437T0	733	734	471	49.1668
MGG_07156T0	2859	2860	1186	31.7736
MGG_00934T0	3658	3659	1094.79	22.9253
MGG_17226T0	279	280	0	0
MGG_09049T0	686	687	0	0
MGG_04662T0	1610	1611	350	16.6464
MGG_11728T0	971	972	376	29.6394
MGG_11533T0	1656	1657	534	24.6926
MGG_08812T0	720	721	189	20.0851
MGG_12268T0	3081	3082	4315	107.274
MGG_17829T0	1584	1585	380	18.3697
MGG_00033T0	1605	1606	34	1.62211
MGG_07520T0	1080	1081	34	2.40991
MGG_00532T0	2432	2433	114	3.59013
MGG_11231T0	3581	3582	50	1.06953
MGG_13349T0	1668	1669	2314.51	106.255
MGG_09099T0	1005	1006	13	0.990131
MGG_01708T0	1932	1933	469.218	18.599
MGG_07557T0	937	938	67	5.47292
MGG_00805T0	4226	4227	1758.02	31.8669
MGG_16949T0	201	202	0	0
MGG_06195T0	2615	2616	1311	38.3983
MGG_05387T0	431	432	0	0
MGG_05387T1	898	899	0	0
MGG_16969T0	1548	1549	339	16.7686
MGG_03988T0	1798	1799	38	1.61845
MGG_10306T0	1202	1203	1658	105.601
MGG_14756T0	1194	1195	143.689	9.21305
MGG_15112T0	414	415	4	0.738515
MGG_03415T0	3300	3301	100	2.32114
MGG_10957T0	1718	1719	7965	355.024
MGG_06728T0	2565	2566	591.206	17.6535
MGG_08349T0	1257	1258	27	1.64449
MGG_15766T0	189	190	4	1.61307
MGG_07369T0	1236	1237	1083	67.082
MGG_17412T0	324	325	3	0.70727
MGG_03233T0	2046	2047	262	9.80688
MGG_16465T0	2387	2388	45	1.44386
MGG_01795T0	4116	4117	3657	68.0599
MGG_02063T0	790	791	4	0.387464
MGG_12506T0	1677	1678	159	7.26027
MGG_03090T0	2357	2358	1374	44.6468
MGG_01060T0	1340	1341	90.0649	5.14605
MGG_15906T0	2396	2397	145.153	4.63986
MGG_11257T0	1291	1292	999.753	59.2895
MGG_10854T0	1757	1758	10918	475.852
MGG_06755T0	3364	3365	212	4.82723
MGG_01235T0	2068	2069	3221	119.283
MGG_15338T0	303	304	8	2.01634
MGG_10896T0	1829	1830	6	0.251216
MGG_06569T0	3942	3943	6010	116.787
MGG_06747T0	1399	1400	149	8.15466
MGG_05522T0	1437	1438	487.257	25.9625
MGG_14882T0	1269	1270	499	30.1054
MGG_08843T0	3292	3293	8947	208.177
MGG_05111T0	2731	2732	2761	77.4342
MGG_14717T0	1217	1218	128.665	8.09393
MGG_03623T0	1005	1006	25	1.9041
MGG_06731T0	1231	1232	696.427	43.3124
MGG_12466T0	714	715	126.329	13.5377
MGG_09183T0	438	439	5	0.872676
MGG_06777T0	1797	1798	11	0.46876
MGG_15878T0	543	544	86	12.1129
MGG_11400T0	2104	2105	698	25.4068
MGG_06868T0	2646	2647	9165	265.293
MGG_02241T0	949	950	736	59.3611
MGG_10529T0	2832	2833	2681	72.51
MGG_13904T0	312	313	0	0
MGG_08145T0	1444	1445	1442.26	76.4755
MGG_04643T0	2015	2016	1549	58.8719
MGG_00054T0	1509	1510	15	0.761135
MGG_15216T0	900	901	38	3.23151
MGG_00947T0	1496	1497	630.625	32.2773
MGG_02103T0	938	939	319	26.0299
MGG_02516T0	2010	2011	1385	52.7698
MGG_09463T0	1503	1504	637	32.4518
MGG_07286T0	2939	2940	1001	26.0876
MGG_02000T0	1997	1998	547.288	20.9879
MGG_08657T0	624	625	0	0
MGG_14589T0	552	553	0	0
MGG_06542T0	2018	2019	952	36.1283
MGG_06479T0	393	394	7669	1491.39
MGG_10968T0	372	373	0	0
MGG_10126T0	2685	2686	2579.41	73.5804
MGG_00292T0	1250	1251	5	0.306239
MGG_15992T0	726	727	6	0.63236
MGG_10481T0	5382	5383	5	0.0711693
MGG_10481T1	5709	5710	0	0
MGG_08823T0	2374	2375	8042	259.447
MGG_00800T0	3340	3341	10278	235.711
MGG_12876T0	2095	2096	1781.11	65.11
MGG_08211T0	2918	2919	938	24.6216
MGG_14917T0	1032	1033	21	1.55764
MGG_14819T0	894	895	2	0.17122
MGG_07884T0	1026	1027	0	0
MGG_06807T0	1428	1429	581	31.1524
MGG_16247T0	4543	4544	579.035	9.76368
MGG_07593T0	1527	1528	46	2.30665
MGG_11610T0	529	530	9	1.30111
MGG_08041T0	852	853	745	66.9198
MGG_06397T0	5041	5042	3093.36	47.0084
MGG_10308T0	1929	1930	957.631	38.0179
MGG_05318T0	2550	2551	1876	56.3469
MGG_13996T0	195	196	17	6.64569
MGG_00539T0	1092	1093	4352	305.082
MGG_17046T0	258	259	1	0.295834
MGG_17026T0	1713	1714	208.447	9.31821
MGG_12481T0	537	538	4	0.569672
MGG_03661T0	2131	2132	2715	97.5731
MGG_00904T0	1496	1497	1028	52.6161
MGG_06381T0	1698	1699	998	45.0075
MGG_02950T0	933	934	76	6.23468
MGG_07424T0	1260	1261	14	0.850668
MGG_01468T0	9284	9285	2579	21.2822
MGG_17821T0	4531	4532	328.987	5.56207
MGG_07861T0	1761	1762	0	0
MGG_07591T0	306	307	0	0
MGG_09998T0	369	370	0	0
MGG_07210T0	1775	1776	39	1.68255
MGG_16315T0	2330	2331	808	26.5593
MGG_04317T0	2211	2212	756	26.1869
MGG_15697T0	183	184	17	7.07911
MGG_10720T0	1103	1104	1200	83.2836
MGG_07561T0	3894	3895	1571	30.9041
MGG_01327T0	2305	2306	2022	67.1845
MGG_09320T0	4316	4317	623	11.0574
MGG_00989T0	504	505	6	0.910348
MGG_00882T0	2809	2810	2146	58.5155
MGG_17595T0	1858	1859	1516	62.4838
MGG_16085T0	228	229	1.10893	0.371035
MGG_09985T0	1419	1420	323	17.4286
MGG_10245T0	1039	1040	0	0
MGG_07229T0	2318	2319	1242	41.0363
MGG_15809T0	1126	1127	444	30.1861
MGG_11474T0	2402	2403	273	8.70475
MGG_15791T0	1380	1381	0	0
MGG_15249T0	1226	1227	0	0
MGG_10049T0	1240	1241	286	17.658
MGG_10609T0	1653	1654	856	39.6539
MGG_17689T0	2032	2033	98	3.69348
MGG_00836T0	767	768	7	0.698368
MGG_02758T0	858	859	621	55.3918
MGG_16006T0	831	832	0	0
MGG_11596T0	1186	1187	834.381	53.8593
MGG_11286T0	1269	1270	414	24.9772
MGG_05335T0	879	880	1177	102.48
MGG_17645T0	486	487	0	0
MGG_06709T0	3287	3288	3991	93.0031
MGG_08798T0	666	667	0	0
MGG_15986T0	981	982	549.587	42.8817
MGG_15986T1	958	959	219.065	17.5026
MGG_04694T0	944	945	1277	103.54
MGG_04090T0	2861	2862	7876.59	210.871
MGG_02619T0	3746	3747	601	12.2896
MGG_03980T0	1181	1182	2682.22	173.87
MGG_06910T0	2755	2756	5924	164.696
MGG_09298T0	977	978	243.058	19.0423
MGG_12366T0	752	753	72.6516	7.39261
MGG_03267T0	1826	1827	596.019	24.9959
MGG_11741T0	3086	3087	32	0.794256
MGG_18136T0	1335	1336	57	3.26901
MGG_03495T0	960	961	9	0.717574
MGG_03311T0	2148	2149	825	29.4147
MGG_10367T0	798	799	0	0
MGG_06263T0	2014	2015	8021	305.001
MGG_01825T0	2462	2463	2125	66.1062
MGG_03057T0	1389	1390	1769	97.5125
MGG_09456T0	1506	1507	479	24.354
MGG_03967T0	1521	1522	78	3.9267
MGG_03604T0	874	875	487.935	42.7269
MGG_03503T0	1069	1070	3	0.214825
MGG_14858T0	1199	1200	1453.55	92.8105
MGG_13439T0	963	964	861	68.4342
MGG_06652T0	2947	2948	332	8.62895
MGG_15297T0	1330	1331	64.0098	3.68481
MGG_06490T0	666	667	12	1.37849
MGG_17682T0	933	934	214	17.5555
MGG_00080T0	621	622	70	8.62293
MGG_13493T0	1978	1979	890	34.4581
MGG_16666T0	707	708	0	0
MGG_16180T0	1232	1233	6.00531	0.373181
MGG_08314T0	3570	3571	332	7.12354
MGG_01727T0	4317	4318	1255	22.2694
MGG_02308T0	1413	1414	532	28.8277
MGG_05587T0	2753	2754	993	27.6269
MGG_06994T0	1709	1710	4559	204.278
MGG_14369T0	177	178	371	159.699
MGG_12397T0	2540	2541	1323	39.8935
MGG_07463T0	1966	1967	100	3.89532
MGG_04964T0	1581	1582	1129	54.6808
MGG_07134T1	2031	2032	680.653	25.6655
MGG_07134T0	2127	2128	1027.35	36.9907
MGG_13435T0	2930	2931	2474	64.6742
MGG_10820T0	3051	3052	1268	31.8333
MGG_10563T0	2473	2474	15.9506	0.493997
MGG_10563T1	2386	2387	35.0494	1.12506
MGG_13220T0	2950	2951	532.553	13.8274
MGG_13220T1	2002	2003	3086.45	118.066
MGG_03824T0	1872	1873	2980	121.906
MGG_00943T0	2029	2030	2095	79.0743
MGG_01088T0	2301	2302	5857	194.947
MGG_05888T0	1989	1990	691	26.6056
MGG_16483T0	660	661	3.06467	0.355246
MGG_03512T0	1548	1549	3141.64	155.401
MGG_08810T0	3205	3206	1896.83	45.3327
MGG_05270T0	1812	1813	71	3.0006
MGG_03868T0	1012	1013	824	62.3254
MGG_17680T0	767	768	73	7.28298
MGG_01845T0	399	400	972	186.189
MGG_17624T0	378	379	5	1.01083
MGG_03460T0	1065	1066	197	14.1598
MGG_11908T0	1497	1498	702	35.9065
MGG_02892T0	2921	2922	1107	29.0278
MGG_01380T0	1293	1294	4118	243.837
MGG_01452T0	3746	3747	4641	94.902
MGG_12551T0	987	988	23	1.78369
MGG_09784T0	6044	6045	4164	52.7791
MGG_05231T0	915	916	356	29.7784
MGG_02757T0	3704	3705	1512	31.2688
MGG_01900T0	444	445	0	0
MGG_08462T0	1857	1858	1144	47.1767
MGG_03966T0	3524	3525	30	0.652093
MGG_17486T0	4306	4307	68	1.20971
MGG_15927T0	1755	1756	0	0
MGG_13868T0	348	349	0	0
MGG_10231T0	312	313	0	0
MGG_16382T0	861	862	9	0.799986
MGG_17354T0	183	184	0	0
MGG_07662T0	1938	1939	6	0.237094
MGG_05899T0	3392	3393	1632	36.8539
MGG_09073T0	2935	2936	21	0.548038
MGG_17739T0	174	175	0	0
MGG_03541T0	258	259	111	32.8375
MGG_16529T0	228	229	4	1.33836
MGG_07146T0	3099	3100	4386.8	108.426
MGG_12291T0	2465	2466	18	0.559277
MGG_08353T0	510	511	10	1.49943
MGG_10583T0	1817	1818	24	1.0115
MGG_17647T0	318	319	63.2798	15.1992
MGG_08576T0	327	328	0	0
MGG_08981T0	1233	1234	1904	118.222
MGG_10506T0	1782	1783	341	14.6538
MGG_06413T0	1880	1881	474.916	19.3453
MGG_02728T0	2088	2089	3979	145.943
MGG_17508T0	1795	1796	306	13.0546
MGG_08037T0	810	811	45	4.25147
MGG_18093T0	252	253	0	0
MGG_00356T0	4131	4132	2481	46.0059
MGG_11502T0	2088	2089	144	5.28167
MGG_16681T0	1285	1286	1131	67.3859
MGG_06260T0	3178	3179	42	1.01229
MGG_15920T0	141	142	0	0
MGG_06857T0	1994	1995	71	2.72686
MGG_04318T0	898	899	42	3.57962
MGG_15918T0	303	304	0	0
MGG_15353T0	2154	2155	9	0.319995
MGG_17895T0	1872	1873	147	6.01349
MGG_16962T0	390	391	112	21.9477
MGG_04358T0	1553	1554	174	8.57918
MGG_00184T0	3615	3616	3794	80.3926
MGG_07954T0	1017	1018	0	0
MGG_09527T0	2242	2243	142848	4879.69
MGG_15509T0	1831	1832	1661.36	69.484
MGG_02980T0	3436	3437	556.656	12.4095
MGG_04992T0	3942	3943	3	0.0582964
MGG_02507T0	2810	2811	80	2.1806
MGG_08339T0	2534	2535	421.85	12.7505
MGG_17774T0	372	373	0	0
MGG_16813T0	1417	1418	0	0
MGG_04433T0	4790	4791	3865	61.8117
MGG_16211T0	1407	1408	133.613	7.27099
MGG_00926T0	3785	3786	481	9.73446
MGG_01331T0	2888	2889	975	25.8586
MGG_09529T0	678	679	1283.09	144.789
MGG_16556T0	676	677	265.588	30.0584
MGG_13993T0	1213	1214	0	0
MGG_07498T0	1503	1504	4	0.203779
MGG_06738T0	1727	1728	4682	207.604
MGG_15396T0	1255	1256	0	0
MGG_04142T0	1667	1668	1646.59	75.6373
MGG_10327T0	2688	2689	383.264	10.9208
MGG_04110T0	1224	1225	1024	64.0488
MGG_07868T0	1628	1629	0	0
MGG_04146T0	2436	2437	739	23.2347
MGG_03872T0	2714	2715	1139	32.1441
MGG_08834T0	941	942	9625	782.884
MGG_16653T0	465	466	0	0
MGG_03436T0	767	768	8.91268	0.889189
MGG_17941T0	373	374	0	0
MGG_14938T0	150	151	97	49.2201
MGG_00824T0	2177	2178	14	0.492513
MGG_07216T0	1048	1049	7439	543.358
MGG_17312T0	815	816	28	2.62915
MGG_02798T0	831	832	380	34.9951
MGG_00149T0	3183	3184	7284.99	175.309
MGG_00738T0	1355	1356	35	1.97768
MGG_02885T0	1053	1054	144	10.4681
MGG_08917T0	2489	2490	636	19.5706
MGG_14699T0	3461	3462	355	7.85685
MGG_11256T0	2145	2146	1240.25	44.2819
MGG_08190T0	1687	1688	9237.19	419.29
MGG_07886T0	288	289	0	0
MGG_10833T0	4392	4393	522.112	9.10647
MGG_08609T0	567	568	0	0
MGG_10368T0	903	904	4	0.339031
MGG_17445T0	393	394	12	2.33363
MGG_01841T0	1661	1662	40	1.84407
MGG_08049T0	2561	2562	1183	35.3796
MGG_01205T0	2686	2687	2613	74.5108
MGG_16286T0	2696	2697	1871	53.1545
MGG_13834T0	1566	1567	222	10.855
MGG_15595T0	165	166	2	0.923144
MGG_11389T0	1846	1847	501	20.7835
MGG_04180T0	2183	2184	1324.23	46.4579
MGG_17075T0	1053	1054	5	0.363477
MGG_16801T0	549	550	10	1.39311
MGG_14728T0	2583	2584	1569	46.5241
MGG_06277T0	3327	3328	62	1.42743
MGG_02893T0	465	466	318	52.2864
MGG_09063T0	2753	2754	623	17.3329
MGG_14684T0	183	184	21	8.74478
MGG_06891T0	1191	1192	38	2.44261
MGG_03606T0	2171	2172	750.009	26.4578
MGG_15674T0	240	241	56	17.804
MGG_05831T0	576	577	0	0
MGG_05198T0	3047	3048	698	17.5464
MGG_07148T0	1654	1655	2783	128.844
MGG_04012T0	1934	1935	3576	141.6
MGG_08380T0	1062	1063	0	0
MGG_04779T0	876	877	1271	111.044
MGG_05949T0	1542	1543	22195	1102.14
MGG_07367T0	1361	1362	146	8.2134
MGG_01620T0	2766	2767	2499	69.1997
MGG_01029T0	2463	2464	2837	88.2198
MGG_15779T0	366	367	9	1.87899
MGG_08105T0	3330	3331	2276	52.3534
MGG_03638T0	1999	2000	618	23.6759
MGG_16821T0	177	178	0	0
MGG_02622T0	1842	1843	2012	83.6469
MGG_00865T0	7323	7324	26775	280.11
MGG_06745T0	1466	1467	512	26.7416
MGG_04455T0	953	954	11190	898.73
MGG_13582T0	1432	1433	13	0.695096
MGG_06465T0	5210	5211	823	12.1011
MGG_17158T0	303	304	0	0
MGG_07191T0	1698	1699	1815.26	81.8638
MGG_05792T0	360	361	1647	349.57
MGG_17610T0	705	706	74.1238	8.04453
MGG_04708T1	3834	3835	1365.84	27.2887
MGG_04708T0	3909	3910	5772.16	113.112
MGG_10130T0	468	469	0	0
MGG_00271T0	1288	1289	414.06	24.6126
MGG_00271T1	1294	1295	492.435	29.1358
MGG_00267T0	309	310	0	0
MGG_02418T0	3107	3108	4290	105.761
MGG_15204T0	1023	1024	30	2.24475
MGG_11185T0	2819	2820	3914	106.345
MGG_10938T0	1605	1606	153	7.2995
MGG_10062T0	1254	1255	2	0.122105
MGG_00656T0	2475	2476	458	14.173
MGG_01405T0	2808	2809	1.52709	0.0416545
MGG_10271T0	3972	3973	6	0.115712
MGG_00908T0	2028	2029	7188	271.44
MGG_03696T0	2366	2367	5843.66	189.162
MGG_15533T0	216	217	137	48.3736
MGG_10073T0	318	319	0	0
MGG_10912T0	8104	8105	5	0.0472677
MGG_01480T0	769	770	3291	327.48
MGG_01211T0	1434	1435	12	0.640732
MGG_02827T0	1683	1684	76	3.45795
MGG_08307T0	2200	2201	3099	107.882
MGG_07288T0	3715	3716	8854	182.562
MGG_09253T0	932	933	2456.75	201.756
MGG_05958T0	1379	1380	645.561	35.8431
MGG_15966T0	270	271	0	0
MGG_11047T0	3725	3726	1661	34.1566
MGG_04598T0	384	385	104	20.6976
MGG_01378T0	6363	6364	5077	61.1258
MGG_17450T0	2063	2064	5803	215.422
MGG_04661T0	2405	2406	1856	59.1057
MGG_05247T0	3723	3724	21622	444.87
MGG_02650T0	2017	2018	1	0.0379687
MGG_17957T0	318	319	21	5.04401
MGG_17743T0	1394	1395	1217	66.8442
MGG_17730T0	4171	4172	986.89	18.1247
MGG_07116T0	8622	8623	2120.18	18.8391
MGG_17422T0	267	268	0	0
MGG_15286T0	276	277	23	6.36203
MGG_06417T0	2071	2072	2242	82.9074
MGG_05367T0	2577	2578	2829	84.0809
MGG_04100T0	6184	6185	2433	30.1405
MGG_01123T0	4087	4088	2846.92	53.3596
MGG_15917T0	366	367	0	0
MGG_10019T0	1695	1696	97	4.38221
MGG_17918T0	519	520	4	0.589392
MGG_02060T0	1338	1339	0	0
MGG_08541T0	1658	1659	0	0
MGG_06976T0	684	685	5	0.559277
MGG_03569T0	2572	2573	13585	404.545
MGG_02256T0	1472	1473	9	0.468152
MGG_14135T0	1494	1495	443	22.7044
MGG_11730T0	973	974	2	0.157332
MGG_09305T0	1572	1573	2	0.0974201
MGG_16037T0	261	262	1	0.292446
MGG_08866T0	2624	2625	10142	296.034
MGG_01983T0	2057	2058	1	0.0372308
MGG_07963T0	2819	2820	1700	46.1899
MGG_00580T0	630	631	0	0
MGG_07705T0	7599	7600	3831	38.623
MGG_07470T0	2457	2458	2915	90.8666
MGG_07919T0	693	694	10	1.10405
MGG_17824T0	1196	1197	49.0204	3.13783
MGG_03932T0	1545	1546	569.345	28.2172
MGG_07812T0	768	769	0	0
MGG_10361T0	792	793	139	13.4304
MGG_11098T0	1719	1720	0	0
MGG_04560T0	2275	2276	1646	55.4121
MGG_12523T0	3498	3499	392	8.584
MGG_08750T0	1387	1388	97	5.35463
MGG_01350T0	3415	3416	134	3.00562
MGG_09014T0	1611	1612	55	2.61424
MGG_03698T0	1970	1971	514	19.9813
MGG_16485T0	261	262	0	0
MGG_06634T0	3162	3163	3653	88.4907
MGG_01588T0	1533	1534	9642	481.603
MGG_03678T0	2517	2518	526.911	16.0335
MGG_05972T0	681	682	0	0
MGG_12158T0	4982	4983	2700	41.5165
MGG_09506T0	3008	3009	1915	48.7634
MGG_01485T0	3648	3649	3717	78.0488
MGG_11776T0	1497	1498	7666	392.107
MGG_13994T0	3014	3015	423.397	10.7599
MGG_02716T0	8456	8457	13876.8	125.725
MGG_11907T0	2215	2216	3292	113.825
MGG_04351T0	1411	1412	1137.35	61.7171
MGG_05314T0	2033	2034	544.252	20.502
MGG_10604T0	518	519	4731	698.446
MGG_05756T0	2501	2502	594.057	18.1923
MGG_06154T0	1737	1738	6929	305.47
MGG_08830T0	1373	1374	561	31.2841
MGG_03636T0	1415	1416	218	11.7962
MGG_04026T0	1375	1376	154	8.57531
MGG_04837T0	2075	2076	2037	75.1815
MGG_17035T3	4787	4788	17.3995	0.278438
MGG_17035T0	3780	3781	82.8346	1.67862
MGG_17035T2	3784	3785	309.816	6.2717
MGG_17035T1	4479	4480	461.091	7.88599
MGG_06007T0	1569	1570	58	2.83058
MGG_15146T0	1800	1801	544	23.1437
MGG_06459T0	3559	3560	6829.55	146.991
MGG_01364T0	3036	3037	917	23.1351
MGG_04531T0	2282	2283	1754	58.8669
MGG_15235T0	491	492	70	10.9014
MGG_00139T0	2794	2795	6305.67	172.861
MGG_16487T0	544	545	8	1.12471
MGG_10898T0	1317	1318	6.82933	0.397018
MGG_04928T0	690	691	11.0739	1.22792
MGG_01428T0	1926	1927	7920.41	314.93
MGG_15344T0	5163	5164	28	0.41545
MGG_09373T0	3052	3053	1538	38.5991
MGG_09773T0	1494	1495	0	0
MGG_07924T0	1701	1702	336	15.1261
MGG_17859T0	327	328	0	0
MGG_00423T0	1107	1108	1	0.0691525
MGG_06716T0	658	659	458	53.251
MGG_02689T0	2700	2701	6651	188.673
MGG_09951T0	1551	1552	50.1155	2.47416
MGG_06588T0	2330	2331	43	1.41343
MGG_17282T0	833	834	18	1.65369
MGG_08450T0	2502	2503	40	1.22447
MGG_01047T0	2049	2050	2516	94.0382
MGG_03170T0	2871	2872	1019	27.1855
MGG_04937T0	507	508	65	9.80386
MGG_15868T0	1692	1693	4442	201.034
MGG_06878T0	3234	3235	2582	61.1546
MGG_05354T0	1065	1066	0	0
MGG_02803T0	587	588	2058	268.173
MGG_01243T0	1748	1749	162	7.09696
MGG_13277T0	858	859	22	1.96235
MGG_09276T0	2998	2999	47	1.20079
MGG_09474T0	504	505	13	1.97242
MGG_00170T0	1589	1590	4368	210.491
MGG_05037T0	1131	1132	9	0.609177
MGG_05175T0	1580	1581	402	19.4824
MGG_03140T0	3448	3449	230	5.10954
MGG_14760T0	620	621	4	0.493533
MGG_09555T0	2604	2605	394	11.5887
MGG_06035T0	657	658	2376	276.674
MGG_17294T0	1449	1450	11.2556	0.59477
MGG_06254T0	3848	3849	428	8.52007
MGG_17795T0	2556	2557	575	17.23
MGG_10113T0	1032	1033	0	0
MGG_06794T0	1815	1816	260	10.97
MGG_08936T0	4286	4287	129.008	2.30573
MGG_16011T0	177	178	0	0
MGG_07732T0	1725	1726	28	1.24298
MGG_02958T0	3813	3814	2987	60.007
MGG_08401T0	690	691	0	0
MGG_03172T0	2127	2128	768	27.6527
MGG_13261T0	1843	1844	28.7964	1.19653
MGG_06930T0	2362	2363	1803.52	58.4795
MGG_17931T0	368	369	32	6.64463
MGG_09212T0	1881	1882	192.368	7.83177
MGG_18138T0	459	460	919	153.075
MGG_05468T0	1761	1762	0	0
MGG_04957T0	4265	4266	1901	34.1435
MGG_11925T0	3773	3774	628	12.7499
MGG_08361T0	1587	1588	406	19.5895
MGG_03094T0	2191	2192	143.095	5.00187
MGG_03463T0	3302	3303	1028	23.8469
MGG_00578T0	2015	2016	65	2.47042
MGG_02335T0	891	892	0	0
MGG_16588T0	258	259	0	0
MGG_10409T0	1092	1093	182	12.7585
MGG_06659T0	1614	1615	184.008	8.72996
MGG_03223T0	7260	7261	50.0401	0.528043
MGG_05699T0	3971	3972	2773	53.4919
MGG_16625T0	219	220	0	0
MGG_17758T0	456	457	0	0
MGG_11496T0	1913	1914	134	5.36427
MGG_01178T0	3161	3162	322	7.80264
MGG_05832T0	1236	1237	0	0
MGG_01258T0	3210	3211	2348.87	56.0488
MGG_02244T1	1351	1352	295.16	16.7274
MGG_02244T0	1485	1486	25.8719	1.334
MGG_05713T0	2220	2221	3990	137.649
MGG_15712T0	589	590	3	0.389598
MGG_02866T0	3207	3208	1839.03	43.9241
MGG_01790T0	1991	1992	12554	482.881
MGG_00874T0	663	664	196	22.617
MGG_03947T0	2918	2919	7717	202.564
MGG_04156T0	2085	2086	17264	634.124
MGG_06648T0	3641	3642	2341	49.2503
MGG_16357T0	264	265	0	0
MGG_04320T0	2239	2240	796.16	27.2333
MGG_01063T0	3446	3447	4549	101.116
MGG_06256T0	2392	2393	739	23.6619
MGG_03691T0	1147	1148	22858	1525.61
MGG_10993T0	1900	1901	476	19.1855
MGG_05577T0	1986	1987	34	1.31108
MGG_09444T0	1320	1321	44	2.5521
MGG_07165T0	1237	1238	2163	133.87
MGG_11786T0	2262	2263	434	14.6944
MGG_06800T0	897	898	2	0.170648
MGG_09531T0	3489	3490	8949	196.47
MGG_07091T0	4069	4070	256.087	4.82104
MGG_01609T0	996	997	131184	10081.7
MGG_02435T0	1191	1192	765	49.1737
MGG_12603T0	1278	1279	1264	75.7223
MGG_06742T0	2951	2952	2311	59.9834
MGG_15154T0	492	493	8548	1328.51
MGG_05968T0	1710	1711	27.0188	1.20994
MGG_01399T0	753	754	92	9.34897
MGG_08232T0	1182	1183	62	4.01564
MGG_17944T0	780	781	727	71.3232
MGG_04464T0	3222	3223	1719	40.8661
MGG_08230T0	402	403	0	0
MGG_16171T0	564	565	0	0
MGG_08890T0	2469	2470	36	1.11674
MGG_01539T0	213	214	3499	1252.79
MGG_09518T0	3323	3324	3623	83.5131
MGG_02920T0	1821	1822	1222	51.389
MGG_11649T0	3780	3781	1694	34.3284
MGG_16377T0	2784	2785	94	2.58613
MGG_16476T0	516	517	0	0
MGG_18021T0	1166	1167	70.835	4.65077
MGG_18021T1	1216	1217	1241.17	78.1428
MGG_14324T0	2971	2972	55	1.41795
MGG_13043T0	255	256	0	0
MGG_04996T0	2767	2768	1255.67	34.7581
MGG_05723T0	2485	2486	2545	78.4394
MGG_01703T0	3421	3422	4623	103.512
MGG_09416T0	1152	1153	0	0
MGG_15655T0	833	834	92	8.45219
MGG_01113T0	995	996	12242	941.76
MGG_05659T0	3975	3976	719	13.8557
MGG_02481T0	3947	3948	2327	45.1613
MGG_10420T0	2473	2474	492	15.2375
MGG_14764T0	9432	9433	469	3.80952
MGG_04934T0	3397	3398	61	1.37548
MGG_05105T0	954	955	4735	379.895
MGG_17942T0	3429	3430	2315	51.7135
MGG_16299T0	5068	5069	2125	32.1206
MGG_00321T0	1005	1006	8	0.609312
MGG_00924T0	4391	4392	3452	60.2221
MGG_02810T0	4454	4455	21	0.361176
MGG_04739T0	3696	3697	808	16.7459
MGG_18045T0	264	265	30	8.67407
MGG_00840T0	2126	2127	1864	67.1469
MGG_01888T0	2008	2009	113	4.30969
MGG_00261T0	3275	3276	7540	176.35
MGG_01382T0	1516	1517	670	33.8405
MGG_02671T0	1494	1495	994	50.9439
MGG_14727T0	1182	1183	62	4.01564
MGG_13149T0	3718	3719	8779	180.87
MGG_08379T0	1542	1543	0	0
MGG_05934T0	2717	2718	6034	170.1
MGG_06446T0	2255	2256	5327	180.922
MGG_03642T0	1693	1694	69.9478	3.16379
MGG_03998T0	1394	1395	175.378	9.63268
MGG_06991T0	2122	2123	1882.14	67.9281
MGG_01705T0	1823	1824	648	27.2206
MGG_08759T0	1233	1234	4	0.248366
MGG_05698T0	1068	1069	270	19.3523
MGG_01537T0	7517	7518	2840	28.9443
MGG_12231T0	1494	1495	3	0.153754
MGG_06214T0	4184	4185	1614	29.5499
MGG_16106T0	571	572	17	2.2772
MGG_14948T0	858	859	31	2.76513
MGG_02313T0	9897	9898	8	0.0619284
MGG_05427T0	1313	1314	4408	257.036
MGG_03896T0	1446	1447	9565	506.482
MGG_16165T0	237	238	0	0
MGG_14560T0	393	394	18	3.50045
MGG_12676T0	1149	1150	0	0
MGG_07024T0	735	736	82	8.53657
MGG_17671T0	1006	1007	1	0.0760883
MGG_08177T0	2043	2044	614	23.0163
MGG_09955T0	1131	1132	7330	496.141
MGG_09846T0	3220	3221	645	15.3432
MGG_09346T0	756	757	552	55.8715
MGG_14349T0	1753	1754	547	23.8949
MGG_06657T0	882	883	16444	1426.9
MGG_16200T0	270	271	1	0.282734
MGG_15569T0	520	521	31	4.55902
MGG_18043T0	1233	1234	0	0
MGG_07913T0	5566	5567	1494	20.5625
MGG_08428T0	336	337	1	0.227362
MGG_00298T0	1530	1531	76	3.80352
MGG_04448T0	1204	1205	1.08422	0.0689413
MGG_00013T0	528	529	0	0
MGG_09240T0	2637	2638	1241	36.0449
MGG_08682T0	684	685	0	0
MGG_06439T0	3496	3497	5648	123.75
MGG_06426T0	5808	5809	2637	34.7821
MGG_00318T0	3121	3122	2661	65.3069
MGG_12400T0	505	506	10	1.51425
MGG_07112T0	2770	2771	125	3.45638
MGG_16893T0	282	283	5	1.35373
MGG_00747T0	1687	1688	1234.16	56.0206
MGG_15896T0	216	217	0	0
MGG_16150T0	225	226	19	6.44158
MGG_14575T0	2751	2752	1563	43.5169
MGG_15643T0	590	591	76	9.85311
MGG_11285T0	741	742	3	0.309788
MGG_06917T0	2296	2297	4384	146.237
MGG_15741T0	573	574	6	0.800916
MGG_17741T0	204	205	9	3.36385
MGG_16014T0	765	766	0	0
MGG_04439T0	1037	1038	3125	230.675
MGG_10961T0	4338	4339	13	0.229563
MGG_05276T0	1653	1654	948	43.9157
MGG_00771T0	4841	4842	1270	20.0968
MGG_13736T0	816	817	1321	123.888
MGG_00333T0	2732	2733	10217.2	286.445
MGG_02405T0	3317	3318	5745	132.666
MGG_06903T0	1480	1481	718	37.1464
MGG_06017T0	1229	1230	858.829	53.4994
MGG_07231T0	1501	1502	578.133	29.4921
MGG_06618T0	2329	2330	10.7707	0.354189
MGG_14881T0	1247	1248	7	0.429765
MGG_10333T1	1327	1328	19.6396	1.13314
MGG_10333T0	1897	1898	8.36038	0.337503
MGG_02099T0	3460	3461	1662	36.794
MGG_17388T0	309	310	14	3.4603
MGG_09249T0	2591	2592	747	22.0817
MGG_00613T0	1615	1616	1337	63.3924
MGG_02766T1	2215	2216	955.103	33.0239
MGG_02766T0	1899	1900	629.897	25.4017
MGG_03101T0	2474	2475	2400	74.2991
MGG_04388T0	2542	2543	1542	46.4607
MGG_04843T0	3476	3477	5901	130.037
MGG_02760T0	1109	1110	780	53.8417
MGG_12093T0	2147	2148	6438	229.649
MGG_11468T0	1069	1070	217	15.539
MGG_15106T0	450	451	6	1.01935
MGG_06351T0	3798	3799	8838.54	178.262
MGG_09314T0	1438	1439	8	0.425968
MGG_17865T0	260	261	0	0
MGG_01434T0	2665	2666	1913	54.9797
MGG_01993T0	306	307	3	0.748739
MGG_14052T0	693	694	6	0.662429
MGG_07833T0	2837	2838	23	0.620959
MGG_00126T0	3896	3897	72.0133	1.41589
MGG_10585T0	1008	1009	9	0.683437
MGG_01337T0	2345	2346	243	7.93644
MGG_01704T0	1944	1945	1926	75.8724
MGG_08846T0	2137	2138	54	1.93523
MGG_01152T0	806	807	3	0.284836
MGG_01865T0	2167	2168	140	4.94785
MGG_00305T0	597	598	0	0
MGG_02634T0	3110	3111	5134	126.445
MGG_15596T0	505	506	13	1.96852
MGG_17069T0	906	907	23	1.94298
MGG_00588T0	1549	1550	901.979	44.5874
MGG_15649T0	459	460	29	4.83045
MGG_04644T0	2118	2119	57	2.06106
MGG_15332T0	276	277	5.01132	1.38618
MGG_06779T0	1071	1072	133	9.50614
MGG_16187T0	827	828	9632	891.32
MGG_09737T0	1827	1828	242	10.1435
MGG_04514T0	1952	1953	1178.41	46.232
MGG_04824T0	559	560	134.784	18.4416
MGG_13012T0	1116	1117	91	6.24217
MGG_13121T0	2184	2185	521	18.2698
MGG_00523T0	2583	2584	715	21.2012
MGG_04010T0	342	343	787	175.804
MGG_17772T0	510	511	0	0
MGG_01362T0	2280	2281	1996	67.0475
MGG_02398T0	4213	4214	46446	844.503
MGG_17207T0	288	289	2	0.530249
MGG_10380T0	1869	1870	4603	188.602
MGG_14098T0	2575	2576	17	0.50565
MGG_17507T0	814	815	32	3.00843
MGG_07006T0	1308	1309	1953.37	114.339
MGG_17919T0	198	199	4	1.54012
MGG_09957T0	309	310	12	2.96597
MGG_08941T0	799	800	16	1.53242
MGG_00758T0	2328	2329	1883.75	61.973
MGG_16176T0	629	630	14.9078	1.8131
MGG_15027T0	2406	2407	2165	68.9174
MGG_08426T0	1563	1564	28	1.37173
MGG_13001T0	1889	1890	907.122	36.7749
MGG_05212T0	3266	3267	1746	40.9489
MGG_16296T0	171	172	15	6.68206
MGG_16262T0	201	202	8	3.03449
MGG_18024T0	471	472	0	0
MGG_09464T0	1593	1594	1567.38	75.3415
MGG_17858T0	1448	1449	34	1.79787
MGG_09268T0	1584	1585	841	40.655
MGG_03449T0	2418	2419	3244	102.752
MGG_05025T0	2372	2373	1126	36.357
MGG_12612T0	1926	1927	348	13.8371
MGG_17012T0	2301	2302	0	0
MGG_14093T0	507	508	0	0
MGG_15645T2	1013	1014	1293.21	97.7192
MGG_15645T0	1025	1026	1452.09	108.441
MGG_15645T1	1334	1335	854.695	49.0543
MGG_04077T0	3039	3040	4	0.100817
MGG_17112T0	231	232	0	0
MGG_11397T0	537	538	62	8.82992
MGG_16486T0	7149	7150	4.07276	0.0436446
MGG_03214T0	1544	1545	2457	121.85
MGG_15750T0	1296	1297	85	5.02142
MGG_09162T0	2364	2365	47	1.5227
MGG_00835T0	1509	1510	4695	238.235
MGG_09404T0	2110	2111	327.181	11.8754
MGG_17058T0	1786	1787	3739	160.317
MGG_07187T0	7035	7036	45977	500.682
MGG_04189T0	4376	4377	1370	23.9823
MGG_15591T0	516	517	88	13.0419
MGG_05419T0	2902	2903	2	0.0527874
MGG_05309T0	2725	2726	1842	51.7739
MGG_14230T0	1410	1411	77	4.1813
MGG_07018T0	874	875	1435	125.658
MGG_03844T0	1717	1718	14	0.624385
MGG_07716T0	1823	1824	5990	251.622
MGG_05322T0	2418	2419	1725.01	54.6391
MGG_15376T0	441	442	2	0.346701
MGG_00402T0	1186	1187	0	0
MGG_00954T0	501	502	0	0
MGG_03137T0	2830	2831	1644	44.4948
MGG_14548T0	1784	1785	1554	66.7053
MGG_13360T0	1980	1981	10	0.386779
MGG_09282T0	3051	3052	337	8.46044
MGG_09297T0	1719	1720	982	43.7452
MGG_13872T0	486	487	0	0
MGG_06496T0	4369	4370	4551	79.7945
MGG_17270T0	743	744	24.5356	2.5268
MGG_14619T0	622	623	1	0.122987
MGG_08856T0	2130	2131	1344	48.324
MGG_01678T0	793	794	3358.22	324.067
MGG_16078T0	741	742	3	0.309788
MGG_14929T0	729	730	13	1.36448
MGG_15562T0	336	337	0	0
MGG_15074T0	900	901	196	16.6678
MGG_11879T0	1517	1518	410.808	20.7355
MGG_06880T0	1681	1682	1013.06	46.1482
MGG_02755T0	4513	4514	12748	216.385
MGG_08642T0	3049	3050	402	10.0989
MGG_14901T0	2438	2439	1987	62.4214
MGG_16882T0	186	187	26	10.6532
MGG_09888T0	1864	1865	1848.44	75.9404
MGG_11781T0	1545	1546	19	0.941654
MGG_08973T0	1672	1673	657.981	30.1346
MGG_08973T1	1869	1870	160.019	6.55656
MGG_10531T0	435	436	0	0
MGG_16604T0	180	181	0	0
MGG_12868T0	1786	1787	3668	157.272
MGG_02908T0	2106	2107	23063	838.685
MGG_17138T0	324	325	32	7.54421
MGG_10346T0	786	787	0	0
MGG_00409T0	734	735	6186	644.867
MGG_11312T0	1548	1549	197.311	9.75994
MGG_16083T0	261	262	0	0
MGG_14958T0	351	352	0	0
MGG_07089T0	2323	2324	955	31.4858
MGG_12652T0	2990	2991	2322	59.483
MGG_09379T0	357	358	0	0
MGG_06114T0	810	811	246	23.2414
MGG_04795T0	348	349	0	0
MGG_00923T0	2107	2108	4850	176.286
MGG_15323T0	3997	3998	2797	53.604
MGG_18118T0	686	687	1	0.11153
MGG_06875T0	642	643	6838	814.827
MGG_12724T0	2466	2467	1271	39.4751
MGG_01912T0	2605	2606	0	0
MGG_14073T0	1791	1792	0	0
MGG_00158T0	1455	1456	1	0.0526243
MGG_12628T0	1365	1366	2448	137.312
MGG_00654T0	3455	3456	1596	35.384
MGG_00178T0	1137	1138	6274	422.425
MGG_05196T0	2730	2731	1137	31.8997
MGG_00790T0	1452	1453	176	9.28099
MGG_10692T0	2314	2315	336	11.1208
MGG_16852T1	3096	3097	744.272	18.4136
MGG_16852T0	2763	2764	423.728	11.7462
MGG_16163T0	177	178	0	0
MGG_04502T0	1446	1447	258	13.6615
MGG_06858T0	1152	1153	1483	98.5506
MGG_10142T0	3868	3869	2921	57.8469
MGG_07448T0	990	991	3	0.23195
MGG_02855T0	1965	1966	708	27.5929
MGG_08261T0	3259	3260	932	21.9051
MGG_15833T0	540	541	15	2.12442
MGG_15628T1	765	766	0	0
MGG_15628T0	781	782	376.286	36.8687
MGG_13744T0	1292	1293	1459	86.4578
MGG_03854T0	4287	4288	260.486	4.65453
MGG_15768T0	1411	1412	1082	58.7138
MGG_08776T0	2671	2672	12	0.344106
MGG_16075T0	177	178	0	0
MGG_00082T0	3324	3325	2640	60.8359
MGG_00933T0	2984	2985	144	3.69629
MGG_05390T0	1497	1498	5	0.255744
MGG_16710T0	1983	1984	66	2.54888
MGG_00664T0	2114	2115	386.065	13.9861
MGG_10668T0	2102	2103	2960	107.845
MGG_08772T0	991	992	2568	198.349
MGG_02474T0	3909	3910	1928	37.7814
MGG_04815T0	923	924	0	0
MGG_17297T0	369	370	0	0
MGG_17510T0	273	274	3	0.838915
MGG_15622T0	1890	1891	687.616	27.8613
MGG_00015T0	904	905	1	0.084664
MGG_13218T0	2497	2498	316.663	9.71297
MGG_11552T0	829	830	0	0
MGG_07493T0	3547	3548	1312	28.3333
MGG_07477T0	2152	2153	116.28	4.13818
MGG_06500T0	3081	3082	3086	76.7204
MGG_14969T0	2883	2884	2029	53.9056
MGG_07137T0	1745	1746	6809.94	298.845
MGG_13907T0	1743	1744	897	39.4088
MGG_09368T0	825	826	50	4.63807
MGG_16745T0	186	187	0	0
MGG_10001T0	1632	1633	0	0
MGG_14424T0	204	205	0	0
MGG_09054T0	921	922	95	7.89478
MGG_08501T0	1645	1646	2	0.0930995
MGG_07025T0	2407	2408	4255	135.391
MGG_08935T0	4616	4617	1567	26.005
MGG_06362T0	1188	1189	9693	624.631
MGG_01124T0	1282	1283	1700.08	101.529
MGG_17572T0	345	346	47	10.408
MGG_13029T0	1205	1206	156	9.91116
MGG_07730T0	1080	1081	61	4.32366
MGG_07184T0	653	654	90	10.5442
MGG_16948T0	267	268	0	0
MGG_13985T0	450	451	108	18.3482
MGG_04673T0	1445	1446	2	0.105976
MGG_07572T0	1926	1927	0	0
MGG_11584T0	1590	1591	8	0.385272
MGG_06422T0	3330	3331	1745	40.1391
MGG_05177T0	1543	1544	298	14.7882
MGG_01482T0	1791	1792	156	6.67012
MGG_16193T0	459	460	1	0.166567
MGG_05434T0	1779	1780	669	28.7974
MGG_02508T0	887	888	226	19.5004
MGG_15497T0	450	451	0	0
MGG_05448T0	2113	2114	2060	74.6637
MGG_04873T0	603	604	2078.8	263.708
MGG_17319T0	555	556	10	1.37807
MGG_15141T0	697	698	34	3.73225
MGG_09168T0	732	733	0	0
MGG_14647T0	1863	1864	222	9.12545
MGG_08531T0	834	835	0	0
MGG_07270T0	2532	2533	932	28.1921
MGG_06905T0	5485	5486	5189	72.4728
MGG_00722T0	4877	4878	1780	27.9593
MGG_02188T0	1680	1681	0	0
MGG_02849T0	1404	1405	3554	193.815
MGG_18110T0	816	817	2	0.187567
MGG_08384T0	1734	1735	0	0
MGG_08335T0	1540	1541	3496	173.827
MGG_04922T0	1960	1961	118	4.61054
MGG_02923T0	3501	3502	2747	60.1021
MGG_09275T0	5908	5909	205.768	2.66816
MGG_09275T1	5269	5270	3359.23	48.8401
MGG_17855T0	669	670	0	0
MGG_09075T0	830	831	299	27.5688
MGG_08488T0	2708	2709	6.63629	0.1877
MGG_16714T0	541	542	4	0.565468
MGG_15899T0	189	190	320	129.046
MGG_07491T0	966	967	109	8.63669
MGG_09866T0	2580	2581	1096	32.5364
MGG_08914T0	3863	3864	80.7141	1.60051
MGG_16400T0	2184	2185	11.5589	0.405332
MGG_01768T0	3263	3264	2738	64.2733
MGG_11809T0	3137	3138	73	1.78245
MGG_07117T1	2901	2902	6668.62	176.07
MGG_07117T0	2986	2987	9589.38	245.982
MGG_06768T0	3441	3442	4400	97.9466
MGG_02954T0	3776	3777	12346	250.453
MGG_07782T0	788	789	114	11.0707
MGG_17901T0	1526	1527	14265	715.781
MGG_03423T0	804	805	0	0
MGG_07881T0	1024	1025	0	0
MGG_00655T0	2028	2029	973	36.7433
MGG_04384T0	360	361	6	1.27348
MGG_06215T0	2232	2233	1084	37.1953
MGG_05208T0	1023	1024	890	66.5944
MGG_17593T0	286	287	51	13.6156
MGG_18076T0	426	427	0	0
MGG_09741T0	645	646	0	0
MGG_02303T0	1037	1038	43	3.17408
MGG_07625T0	804	805	0	0
MGG_01517T0	1203	1204	151	9.60943
MGG_03164T0	785	786	5183	505.25
MGG_01786T0	1316	1317	2102.14	122.299
MGG_15042T0	4164	4165	475	8.73828
MGG_08407T0	321	322	0	0
MGG_01608T0	1340	1341	511.734	29.239
MGG_03368T0	982	983	0	0
MGG_07478T0	2855	2856	79	2.11942
MGG_06234T0	995	996	0	0
MGG_00387T0	1477	1478	107	5.54698
MGG_15174T0	342	343	115	25.6892
MGG_16983T0	327	328	1182	276.116
MGG_10742T0	1738	1739	2753.8	121.333
MGG_05674T0	2836	2837	5644	152.432
MGG_18027T0	582	583	0	0
MGG_16542T0	190	191	0	0
MGG_01354T0	3728	3729	1762.96	36.224
MGG_06707T0	3032	3033	4684	118.329
MGG_15993T0	183	184	0	0
MGG_07109T0	1504	1505	5344.43	272.09
MGG_15635T0	246	247	73	22.645
MGG_01744T0	1060	1061	4233	305.689
MGG_15302T0	315	316	6016	1458.71
MGG_14918T0	186	187	101	41.3835
MGG_16160T0	4261	4262	163	2.93036
MGG_15267T0	531	532	32	4.60878
MGG_17123T0	1922	1923	320	12.7502
MGG_16084T0	489	490	0	0
MGG_11036T0	3404	3405	207	4.65801
MGG_14008T0	2072	2073	406	15.0063
MGG_09388T0	2500	2501	1317	40.3478
MGG_08655T0	1392	1393	18	0.990077
MGG_17205T0	336	337	4	0.909447
MGG_05671T0	2703	2704	7269	205.975
MGG_01098T0	774	775	287	28.3745
MGG_04490T0	1624	1625	669.021	31.5452
MGG_04788T0	4014	4015	1348	25.7248
MGG_10755T0	1002	1003	0	0
MGG_15331T0	2045	2046	220	8.23881
MGG_08002T0	2186	2187	2503	87.6919
MGG_04016T0	2007	2008	602	22.971
MGG_02499T0	3084	3085	11794	292.923
MGG_09441T0	1160	1161	16	1.05593
MGG_14906T0	3831	3832	1070	21.3947
MGG_12488T0	660	661	0	0
MGG_16258T0	246	247	4	1.24082
MGG_15963T0	729	730	33.0413	3.46802
MGG_15721T0	1759	1760	127	5.5289
MGG_02076T1	1382	1383	4.11571	0.228018
MGG_02076T0	1076	1077	5.88429	0.418626
MGG_02159T0	1377	1378	421	23.4089
MGG_04007T0	1959	1960	1862	72.7899
MGG_06693T0	1135	1136	8943	603.187
MGG_12139T0	914	915	864	72.3502
MGG_17555T0	360	361	0	0
MGG_08853T0	1579	1580	785	38.068
MGG_09901T0	2767	2768	4676	129.436
MGG_17157T0	1139	1140	6	0.403268
MGG_03679T0	1280	1281	837.089	50.0691
MGG_15414T0	855	856	0	0
MGG_15588T0	237	238	1	0.321937
MGG_13438T0	2593	2594	2418.87	71.4479
MGG_00256T0	2003	2004	8138	311.148
MGG_03577T0	1090	1091	26857	1886.17
MGG_06295T0	871	872	1230	108.078
MGG_07034T0	1046	1047	3177	232.497
MGG_16553T0	542	543	23	3.24545
MGG_08577T0	2341	2342	2996	98.0172
MGG_05423T0	2177	2178	0	0
MGG_17208T0	153	154	1	0.497538
MGG_05281T0	2047	2048	92.5351	3.46197
MGG_05281T1	1760	1761	346.465	15.0747
MGG_09507T0	3739	3740	3419	70.0446
MGG_03911T0	2035	2036	2405	90.5075
MGG_16963T0	342	343	0	0
MGG_13464T0	2376	2377	3	0.0967029
MGG_06150T0	2723	2724	393.02	11.0549
MGG_09215T0	6275	6276	121.19	1.47956
MGG_04009T0	2343	2344	220	7.19138
MGG_17822T0	1795	1796	206.881	8.82595
MGG_11604T0	2153	2154	123	4.37529
MGG_16214T0	171	172	6	2.67282
MGG_11701T0	4509	4510	1285.48	21.8391
MGG_02450T0	2279	2280	12291	413.047
MGG_13240T0	468	469	25	4.08427
MGG_12109T0	2322	2323	1997	65.8683
MGG_17128T0	219	220	3	1.04483
MGG_14852T0	4449	4450	2456.07	42.2891
MGG_09085T0	1464	1465	0	0
MGG_11243T0	2241	2242	1785	61.0028
MGG_06936T0	1239	1240	6369	393.547
MGG_01295T0	1331	1332	2519	144.901
MGG_09583T0	312	313	0	0
MGG_04134T0	1965	1966	35.3474	1.37759
MGG_06024T0	6440	6441	83	0.987352
MGG_06400T0	3280	3281	3763	87.877
MGG_15994T0	2252	2253	49	1.66641
MGG_15820T0	222	223	2	0.687183
MGG_11691T0	1137	1138	23	1.54858
MGG_10310T0	1067	1068	11	0.789167
MGG_14297T0	1437	1438	1705	90.8475
MGG_15915T0	1731	1732	13	0.575099
MGG_16092T0	366	367	3.02584	0.631724
MGG_14734T0	448	449	3	0.511944
MGG_09739T0	897	898	0	0
MGG_05806T0	2831	2832	619	16.7473
MGG_03002T0	3611	3612	6904	146.454
MGG_00606T0	2660	2661	339	9.76118
MGG_02071T1	2033	2034	167.706	6.3175
MGG_02071T0	2217	2218	63.9532	2.20927
MGG_15675T0	1137	1138	831	55.9508
MGG_16235T0	159	160	0	0
MGG_11667T0	672	673	1591.41	181.182
MGG_01547T0	1057	1058	1796.65	130.114
MGG_08558T0	2837	2838	1369	36.9606
MGG_00316T0	2956	2957	312	8.08445
MGG_07460T0	1131	1132	2770	187.491
MGG_17927T0	240	241	111	35.2901
MGG_02717T0	1652	1653	38.1805	1.76977
MGG_08547T0	4068	4069	2735	51.5012
MGG_03893T0	2745	2746	1972	55.0242
MGG_06892T0	2598	2599	2131	62.8238
MGG_06010T0	603	604	92	11.6707
MGG_17813T0	2610	2611	955	28.0249
MGG_13573T0	2573	2574	46	1.36929
MGG_13079T0	2393	2394	65	2.08035
MGG_01653T0	1367	1368	1379	77.237
MGG_07442T0	1879	1880	7376	300.615
MGG_09466T0	2371	2372	3757.79	121.385
MGG_09333T0	1228	1229	46	2.86783
MGG_01978T0	3044	3045	8781	220.955
MGG_04316T0	1617	1618	18	0.852396
MGG_17933T0	2974	2975	83.9853	2.16304
MGG_05825T0	2032	2033	42	1.58292
MGG_00100T0	1229	1230	209	13.0193
MGG_00563T0	1050	1051	2	0.145806
MGG_01076T0	3116	3117	1020	25.0733
MGG_08072T0	5253	5254	335	4.88542
MGG_07275T0	3981	3982	2611	50.2404
MGG_04585T0	2930	2931	468.133	12.2377
MGG_15603T0	162	163	4	1.88027
MGG_14851T0	503	504	62	9.42559
MGG_13163T0	4001	4002	955.318	18.2902
MGG_00295T0	2743	2744	1581.72	44.1664
MGG_01158T0	5790	5791	981.411	12.9851
MGG_17162T0	591	592	5	0.647136
MGG_04083T0	1038	1039	1929.41	142.284
MGG_10341T0	762	763	0	0
MGG_03557T0	2652	2653	836	24.1444
MGG_00546T0	321	322	9350	2224.86
MGG_01641T0	2497	2498	4656	142.813
MGG_03735T0	1845	1846	1336	55.4526
MGG_12773T0	1482	1483	63	3.25497
MGG_14943T0	11919	11920	0	0
MGG_01501T0	1456	1457	170.859	8.98515
MGG_17782T0	198	199	0	0
MGG_12789T0	1566	1567	417	20.3899
MGG_16500T0	1034	1035	391.888	29.0114
MGG_11784T0	3609	3610	6380	135.413
MGG_04462T0	2505	2506	6634.6	202.853
MGG_14701T0	1287	1288	3027	180.071
MGG_11422T0	501	502	153	23.3526
MGG_03822T0	1718	1719	1	0.044573
MGG_15283T0	1101	1102	33	2.29446
MGG_08694T0	1590	1591	327	15.748
MGG_09844T0	564	565	0	0
MGG_06952T0	675	676	5740	650.598
MGG_07205T0	4463	4464	2379.99	40.8505
MGG_09225T0	1252	1253	3	0.18345
MGG_17649T0	585	586	0	0
MGG_16991T0	204	205	0	0
MGG_17712T0	2186	2187	2325.78	81.4831
MGG_15953T0	570	571	40	5.36749
MGG_07475T1	1060	1061	7.89281	0.569985
MGG_07475T0	1338	1339	727.222	41.6135
MGG_01210T0	1609	1610	33017	1571.3
MGG_14785T0	1565	1566	532	26.0296
MGG_01896T0	1658	1659	0	0
MGG_13773T0	2249	2250	1349	45.9385
MGG_05814T0	2046	2047	1646	61.6112
MGG_10910T0	1421	1422	7	0.377178
MGG_00151T0	4608	4609	217	3.60745
MGG_00861T0	4105	4106	73	1.36223
MGG_08523T0	1998	1999	6	0.229978
MGG_16888T0	387	388	1	0.197477
MGG_05959T0	2932	2933	2402	62.7492
MGG_14114T0	786	787	0	0
MGG_16832T0	545	546	8	1.12265
MGG_11100T0	2828	2829	3101	83.9878
MGG_15545T0	450	451	3	0.509674
MGG_15836T0	461	462	8	1.32677
MGG_07639T0	4137	4138	98	1.81461
MGG_03632T0	1858	1859	1136	46.8216
MGG_13934T0	1303	1304	136	7.99114
MGG_10924T0	2604	2605	600	17.6478
MGG_00574T0	1512	1513	19	0.962193
MGG_16855T0	1419	1420	222.234	11.9914
MGG_03199T0	1619	1620	366.48	17.3334
MGG_01230T0	2107	2108	17235	626.452
MGG_15587T0	429	430	0	0
MGG_07392T0	934	935	1793	146.932
MGG_03791T0	531	532	0	0
MGG_04948T0	1217	1218	364.12	22.9057
MGG_10160T0	1607	1608	3075	146.523
MGG_17305T0	306	307	0	0
MGG_14367T0	1631	1632	74	3.47423
MGG_09908T0	814	815	1174	110.372
MGG_05378T0	2213	2214	2030	70.2531
MGG_13325T0	638	639	6	0.719445
MGG_15134T0	1350	1351	48	2.72228
MGG_01160T0	779	780	12807.7	1258.13
MGG_01721T0	2446	2447	11494	359.902
MGG_15143T0	324	325	25	5.89392
MGG_15826T0	339	340	11	2.47891
MGG_02877T0	856	857	1757	157.086
MGG_08585T0	2223	2224	1235	42.548
MGG_17386T0	402	403	62.1919	11.8243
MGG_10116T0	2287	2288	958	32.0817
MGG_01191T0	2799	2800	7420	203.045
MGG_14792T0	1662	1663	104	4.79169
MGG_06981T0	3521	3522	1016.67	22.1175
MGG_06981T2	3278	3279	1227.4	28.6808
MGG_06981T1	3381	3382	100.934	2.28671
MGG_13107T0	1397	1398	1880	103.038
MGG_06507T0	3007	3008	3565	90.809
MGG_08726T0	645	646	0	0
MGG_16383T0	770	771	721.181	71.67
MGG_09476T0	737	738	491	50.9768
MGG_02982T0	1975	1976	1428	55.3718
MGG_16107T0	638	639	300	35.9723
MGG_06117T0	3760	3761	3575.12	72.834
MGG_06223T0	942	943	0	0
MGG_01623T0	3243	3244	905	21.3754
MGG_01850T0	1933	1934	2181	86.4065
MGG_06799T0	2969	2970	559.608	14.4369
MGG_00319T0	2041	2042	2577	96.6955
MGG_04886T0	4987	4988	1122	17.2351
MGG_01239T0	1319	1320	183.076	10.6269
MGG_14162T0	2769	2770	494.716	13.6843
MGG_17392T0	291	292	33	8.65921
MGG_07452T0	1038	1039	122	8.99687
MGG_02512T0	999	1000	944.983	72.4055
MGG_09639T0	7496	7497	2	0.0204404
MGG_02090T0	462	463	3	0.496464
MGG_03957T0	1888	1889	563	22.8362
MGG_05741T0	663	664	825	95.1992
MGG_05110T0	1220	1221	16208	1017.09
MGG_16141T0	958	959	97	7.74998
MGG_06966T0	3516	3517	7215.12	157.188
MGG_03559T0	2408	2409	2858	90.9019
MGG_15613T0	213	214	3	1.07413
MGG_10678T0	1809	1810	234	9.90569
MGG_04652T0	6738	6739	5536	62.9431
MGG_03931T0	4227	4228	9204.65	166.809
MGG_07305T0	1823	1824	430	18.063
MGG_01734T0	3921	3922	443	8.65453
MGG_09462T0	954	955	767	61.5374
MGG_00829T0	912	913	20	1.67844
MGG_10829T0	2883	2884	1627.03	43.2263
MGG_00659T0	2314	2315	76	2.51542
MGG_14673T0	388	389	22	4.33332
MGG_06224T0	405	406	1	0.188721
MGG_10344T0	1473	1474	0	0
MGG_07542T0	663	664	2384	275.097
MGG_03820T0	1590	1591	0	0
MGG_16362T0	195	196	0	0
MGG_00517T0	1672	1673	455.554	20.8637
MGG_15163T0	2882	2883	865.682	23.0071
MGG_04289T0	1563	1564	2	0.0979807
MGG_05856T0	4920	4921	257	4.00154
MGG_09031T0	750	751	1666	169.974
MGG_02647T0	618	619	128414	15895.3
MGG_14802T0	366	367	247	51.5678
MGG_14719T0	1329	1330	0	0
MGG_09492T0	1276	1277	903	54.1807
MGG_04341T0	444	445	16	2.75491
MGG_02123T0	2716	2717	1009	28.4544
MGG_18119T0	279	280	0	0
MGG_17835T0	880	881	34	2.95699
MGG_15413T0	1205	1206	0	0
MGG_00748T0	4412	4413	3492.84	60.6445
MGG_17417T0	186	187	2	0.819475
MGG_08782T0	660	661	270	31.2975
MGG_14251T0	2064	2065	3.00143	0.111367
MGG_05319T0	3427	3428	5354	119.67
MGG_12830T0	2536	2537	3381	102.111
MGG_07655T0	1728	1729	29	1.28514
MGG_17343T0	292	293	1	0.261505
MGG_05721T0	1911	1912	265.946	10.6574
MGG_06888T0	1700	1701	124	5.58553
MGG_00593T0	3045	3046	65	1.63505
MGG_09383T1	2815	2816	0	0
MGG_09383T0	3129	3130	1	0.0244795
MGG_06685T0	704	705	17727.4	1926.65
MGG_08117T0	2552	2553	1404	42.137
MGG_17951T0	180	181	0	0
MGG_00460T0	1665	1666	591	27.1807
MGG_06137T0	1904	1905	2559.95	102.964
MGG_10579T0	5049	5050	2007	30.4511
MGG_09776T0	2748	2749	999	27.8444
MGG_09477T0	900	901	30705	2611.15
MGG_15900T0	996	997	17	1.30648
MGG_04855T0	5941	5942	6428	82.8878
MGG_05571T1	1670	1671	1266.11	58.0554
MGG_05571T0	1994	1995	1473.89	56.6069
MGG_03153T0	771	772	699	69.3757
MGG_04682T0	2261	2262	0	0
MGG_16701T0	444	445	0	0
MGG_09581T0	405	406	0	0
MGG_08500T0	1557	1558	0	0
MGG_00941T0	1372	1373	56	3.12511
MGG_00623T0	2996	2997	11689.6	298.855
MGG_09657T0	330	331	0	0
MGG_09994T0	1768	1769	77	3.33511
MGG_04243T0	1254	1255	2130.49	130.072
MGG_15236T0	417	418	3	0.549911
MGG_11638T0	7997	7998	48.0243	0.460073
MGG_13793T0	3514	3515	211	4.59944
MGG_15343T0	930	931	27	2.22209
MGG_09452T0	330	331	0	0
MGG_03984T0	1454	1455	3680.12	193.796
MGG_09326T0	897	898	12.5431	1.07023
MGG_04939T0	1430	1431	5	0.267718
MGG_13198T0	1037	1038	41	3.02645
MGG_07830T0	1517	1518	112	5.65319
MGG_05630T0	3421	3422	1288	28.8392
MGG_03257T0	2947	2948	254.576	6.61663
MGG_03659T0	1654	1655	427	19.7687
MGG_16543T0	486	487	285	44.8398
MGG_09934T0	1902	1903	5.44486	0.219227
MGG_06367T0	1650	1651	2112	98.0154
MGG_07680T0	729	730	4	0.419841
MGG_09814T0	2451	2452	0	0
MGG_17010T0	222	223	1	0.343592
MGG_01920T0	2447	2448	4	0.125198
MGG_01084T0	1011	1012	20140	1524.85
MGG_02754T0	3581	3582	2299	49.1769
MGG_03860T0	2162	2163	3754	132.98
MGG_14477T0	1653	1654	0	0
MGG_01134T0	2510	2511	22249	678.908
MGG_16531T0	1705	1706	524	23.5342
MGG_06887T0	1974	1975	1149	44.5759
MGG_06677T0	1731	1732	806.242	35.6669
MGG_15071T0	1236	1237	64	3.96422
MGG_02349T0	988	989	1	0.0774731
MGG_17429T0	2244	2245	2925	99.829
MGG_05875T0	723	724	4	0.42332
MGG_00879T0	2775	2776	1342	37.0408
MGG_07605T0	1162	1163	42	2.76705
MGG_10198T0	1568	1569	876	42.7788
MGG_17780T0	384	385	0	0
MGG_15324T0	2989	2990	132.974	3.40755
MGG_11536T0	2370	2371	4695	151.723
MGG_00043T0	396	397	0	0
MGG_02651T0	845	846	884	80.0625
MGG_11577T0	1381	1382	2468	136.831
MGG_07384T0	2135	2136	19013	682.019
MGG_13809T0	3240	3241	196	4.63366
MGG_15843T0	377	378	21	4.25672
MGG_07652T0	954	955	0	0
MGG_17582T0	213	214	0	0
MGG_01931T0	2322	2323	3073	101.359
MGG_07566T0	1053	1054	4	0.290781
MGG_02471T0	2312	2313	6185	204.886
MGG_05714T0	5262	5263	968	14.0925
MGG_05349T0	1456	1457	1984	104.335
MGG_03537T0	4554	4555	13242	222.747
MGG_16190T0	1018	1019	7	0.526346
MGG_00741T0	1266	1267	178	10.7644
MGG_17441T0	1076	1077	19	1.35172
MGG_08887T0	5213	5214	7324	107.628
MGG_15990T0	1753	1754	570	24.8996
MGG_18000T0	192	193	0	0
MGG_08078T0	1003	1004	6371.58	486.251
MGG_07960T0	1203	1204	1	0.0636386
MGG_00720T0	3443	3444	2639	58.7116
MGG_16548T0	452	453	0	0
MGG_09150T1	1904	1905	2.99995	0.120661
MGG_09150T0	1949	1950	5.3922e-05	2.11875e-06
MGG_02745T0	489	490	563	88.0359
MGG_17464T0	359	360	4	0.851344
MGG_03785T0	732	733	0	0
MGG_02988T0	1718	1719	0	0
MGG_17934T0	180	181	0	0
MGG_10315T0	849	850	40295	3632.28
MGG_13208T0	1202	1203	203	12.9294
MGG_17574T0	303	304	328	82.6699
MGG_04390T0	3204	3205	689.033	16.4725
MGG_06069T0	2100	2101	2126	77.5326
MGG_08727T0	927	928	0	0
MGG_01471T0	1300	1301	1101	64.8421
MGG_02529T0	1870	1871	7	0.286663
MGG_02833T0	4561	4562	2551	42.8452
MGG_09924T0	2674	2675	3711	106.295
MGG_01290T0	2391	2392	1967	63.0073
MGG_16472T0	3318	3319	6637	153.219
MGG_06456T0	1050	1051	393	28.6508
MGG_01904T0	456	457	0	0
MGG_07088T0	1060	1061	391	28.2364
MGG_06110T0	1890	1891	278.029	11.2654
MGG_11862T0	2389	2390	14173	454.372
MGG_05788T0	1351	1352	506	28.6762
MGG_09819T0	894	895	1	0.08561
MGG_00756T0	2440	2441	238	7.47062
MGG_01689T0	1409	1410	2857	155.252
MGG_14848T0	693	694	193	21.3081
MGG_14115T0	2338	2339	535	17.5255
MGG_08664T0	471	472	4	0.64933
MGG_05969T0	3756	3757	1201.98	24.5134
MGG_02122T0	2114	2115	1591	57.6378
MGG_07300T0	2038	2039	135	5.07299
MGG_14939T0	843	844	415	37.675
MGG_02304T0	1065	1066	10	0.71877
MGG_03536T0	2383	2384	2160.26	69.43
MGG_00383T0	2082	2083	9883	363.536
MGG_14688T0	1753	1754	929.963	40.6241
MGG_10725T0	567	568	0	0
MGG_01699T0	3585	3586	1069	22.841
MGG_01767T0	1762	1763	222	9.64824
MGG_02874T0	5132	5133	2542	37.9447
MGG_11764T0	3857	3858	12177.5	241.848
MGG_11764T1	4018	4019	14204.5	270.804
MGG_02790T0	1907	1908	734	29.4758
MGG_03755T0	1772	1773	5	0.216077
MGG_15593T0	162	163	0	0
MGG_12862T0	3539	3540	1574	34.0682
MGG_16161T0	3614	3615	1050	22.255
MGG_08329T0	2163	2164	195	6.90438
MGG_00365T0	2129	2130	6549	235.582
MGG_00287T0	1258	1259	282	17.1621
MGG_02583T0	2521	2522	3	0.091143
MGG_07692T0	747	748	0	0
MGG_07257T0	1407	1408	93	5.0609
MGG_04742T0	1183	1184	84	5.43594
MGG_14798T0	828	829	867	80.1331
MGG_10565T0	1622	1623	7080	334.243
MGG_00707T0	1628	1629	798	37.5344
MGG_05962T0	997	998	202	15.5084
MGG_01765T0	1312	1313	1094.57	63.8744
MGG_15880T0	204	205	0	0
MGG_17943T0	201	202	0	0
MGG_02283T0	456	457	0	0
MGG_04857T0	1875	1876	306	12.4979
MGG_06168T0	2675	2676	3277	93.8291
MGG_11012T0	570	571	0	0
MGG_09400T0	1530	1531	27	1.35125
MGG_03522T0	1730	1731	1264	55.9497
MGG_01836T0	3885	3886	4218	83.167
MGG_04162T0	1504	1505	162	8.24757
MGG_11440T0	2579	2580	2585	76.7694
MGG_10150T0	2195	2196	5087	177.491
MGG_02741T0	2703	2704	4458	126.323
MGG_10757T0	1116	1117	1	0.0685953
MGG_00566T0	1092	1093	12	0.841218
MGG_10442T0	1284	1285	56	3.33912
MGG_10573T0	1473	1474	5	0.259908
MGG_04908T0	2679	2680	541	15.4671
MGG_00922T0	1712	1713	10213	456.818
MGG_16504T0	168	169	34	15.4149
MGG_00202T0	1703	1704	148.6	6.68183
MGG_03266T0	1357	1358	659.981	37.2374
MGG_00116T0	1448	1449	12	0.634542
MGG_04121T0	1746	1747	660	28.9467
MGG_09550T0	1391	1392	1619	89.1159
MGG_08732T0	3002	3003	5835	148.879
MGG_06938T0	1588	1589	469.378	22.6332
MGG_01136T0	1097	1098	291	20.3066
MGG_17442T0	2106	2107	4221	153.496
MGG_11274T0	1735	1736	72	3.17783
MGG_15082T0	1318	1319	14	0.813262
MGG_13919T0	2649	2650	2	0.0578271
MGG_04571T0	2749	2750	14	0.39007
MGG_07033T0	3529	3530	19294	418.789
MGG_17278T0	1929	1930	2255.9	89.5592
MGG_02021T0	903	904	0	0
MGG_06419T0	2406	2407	8748	278.471
MGG_01208T0	1090	1091	3541	248.684
MGG_17993T0	300	301	0	0
MGG_00177T0	1427	1428	4013	215.322
MGG_13065T0	3625	3626	1969	41.6069
MGG_17629T0	366	367	24	5.01063
MGG_07953T0	3288	3289	0	0
MGG_03907T0	2152	2153	2264	80.5712
MGG_04927T0	2629	2630	11928.9	347.531
MGG_17889T0	1080	1081	310	21.9727
MGG_08827T0	3375	3376	2978	67.588
MGG_17921T0	441	442	4	0.693402
MGG_08970T0	4906	4907	6393	99.8242
MGG_05295T0	2706	2707	3120	88.3108
MGG_17105T0	228	229	4	1.33836
MGG_06497T0	4145	4146	2403	44.4091
MGG_05766T0	864	865	110	9.7437
MGG_11067T0	819	820	0	0
MGG_05499T0	1511	1512	2	0.10135
MGG_14990T0	1067	1068	18	1.29136
MGG_07016T0	1394	1395	550	30.209
MGG_08621T0	762	763	57	5.72397
MGG_02709T0	947	948	21	1.6973
MGG_04590T0	2954	2955	41	1.0631
MGG_07628T0	2509	2510	7104	216.859
MGG_02623T0	1059	1060	507	36.6479
MGG_04929T0	2250	2251	8716	296.681
MGG_18017T0	2121	2122	3724	134.466
MGG_12982T0	837	838	3	0.274299
MGG_02340T0	1218	1219	4	0.251422
MGG_04569T0	1805	1806	2381	101.016
MGG_16955T0	261	262	0	0
MGG_13763T0	1484	1485	572	29.5132
MGG_17887T0	549	550	193	26.887
MGG_10574T0	525	526	33	4.80702
MGG_17143T0	195	196	28	10.9458
MGG_01125T0	2627	2628	2779	81.0234
MGG_15385T0	402	403	1	0.190126
MGG_06942T0	462	463	168	27.802
MGG_17603T0	480	481	0	0
MGG_15767T0	642	643	845	100.692
MGG_17606T0	738	739	14	1.45155
MGG_06673T0	6852	6853	2064	23.0768
MGG_05677T0	1269	1270	1634	98.5816
MGG_15023T0	3583	3584	645	13.7892
MGG_07816T0	1389	1390	23	1.26783
MGG_05257T0	3771	3772	5875	119.339
MGG_02409T0	1865	1866	4237	173.978
MGG_15668T0	2949	2950	3895	101.166
MGG_09016T0	3006	3007	29	0.738945
MGG_00823T0	426	427	0	0
MGG_05727T0	4863	4864	5898	92.9092
MGG_16089T0	252	253	0	0
MGG_01231T0	1189	1190	60	3.86324
MGG_13781T0	2010	2011	11819	450.315
MGG_08954T0	2513	2514	6.94556e-08	2.11685e-09
MGG_08954T1	2426	2427	1	0.0315702
MGG_03061T0	2337	2338	705	23.1043
MGG_04171T0	2257	2258	420	14.2519
MGG_16512T0	369	370	411	85.1113
MGG_03974T0	1765	1766	220	9.54508
MGG_07306T0	2259	2260	98	3.3225
MGG_04968T0	2189	2190	18	0.629761
MGG_01129T0	2252	2253	725	24.6561
MGG_07145T0	3417	3418	5033	112.824
MGG_08944T0	488	489	0	0
MGG_00494T0	3293	3294	1106	25.7264
MGG_03341T0	3189	3190	72	1.72938
MGG_11632T0	1791	1792	8	0.342058
MGG_04985T0	4280	4281	5755	103.002
MGG_16829T0	659	660	9	1.04483
MGG_16055T0	665	666	0	0
MGG_07851T0	1672	1673	0	0
MGG_03071T0	1936	1937	765.407	30.2768
MGG_06984T0	3932	3933	2241.38	43.6656
MGG_02969T0	441	442	288	49.9249
MGG_06464T0	1401	1402	0	0
MGG_03113T0	727	728	6	0.631491
MGG_11457T0	1927	1928	2972.51	118.131
MGG_11457T1	1075	1076	821.486	58.4972
MGG_00104T0	889	890	1943.45	167.314
MGG_09233T0	1575	1576	10	0.486173
MGG_01150T0	4411	4412	596	10.3504
MGG_07098T0	3908	3909	1027.13	20.1328
MGG_10592T0	1290	1291	30	1.7805
MGG_02860T0	954	955	27	2.16625
MGG_18128T0	279	280	0	0
MGG_00481T0	1813	1814	1495.13	63.1521
MGG_03333T0	2167	2168	16614	587.168
MGG_05414T0	477	478	0	0
MGG_01603T0	1753	1754	130	5.67886
MGG_03358T0	2730	2731	0	0
MGG_07344T0	783	784	5	0.488654
MGG_00917T0	1495	1496	2483	127.172
MGG_04191T0	2787	2788	7752	213.044
MGG_17670T0	297	298	0	0
MGG_15926T0	432	433	0	0
MGG_09001T0	360	361	82	17.4042
MGG_13331T0	1074	1075	0	0
MGG_05626T0	4952	4953	5099	78.8795
MGG_14597T0	2307	2308	384	12.748
MGG_11009T0	1047	1048	0	0
MGG_11553T0	2814	2815	1071	29.1513
MGG_08262T0	3199	3200	1422	34.0484
MGG_04988T0	4220	4221	2067	37.5208
MGG_16620T0	579	580	3	0.396315
MGG_03920T0	1742	1743	20099	883.536
MGG_13279T0	4408	4409	8653.71	150.387
MGG_14183T0	888	889	0	0
MGG_17792T0	458	459	0	0
MGG_16994T0	252	253	0	0
MGG_00979T0	2841	2842	2287	61.658
MGG_07985T0	3654	3655	0.00356394	7.4712e-05
MGG_15637T0	893	894	461	39.5103
MGG_01960T0	1806	1807	0	0
MGG_17480T0	669	670	0	0
MGG_08783T0	2527	2528	280.572	8.50383
MGG_07847T0	618	619	0	0
MGG_10127T0	4000	4001	3739.59	71.6148
MGG_07586T0	501	502	0	0
MGG_14648T0	327	328	3	0.700801
MGG_08092T0	4846	4847	4970	78.5653
MGG_15541T0	231	232	0	0
MGG_06468T0	1158	1159	1427.57	94.3759
MGG_02738T0	884	885	622.886	53.9278
MGG_18066T0	516	517	0	0
MGG_05705T0	723	724	6	0.63498
MGG_17880T0	391	392	0	0
MGG_00388T0	4022	4023	102	1.94266
MGG_07350T0	609	610	0	0
MGG_02079T0	756	757	0	0
MGG_10557T0	597	598	0	0
MGG_00822T0	912	913	2	0.167844
MGG_09863T0	1701	1702	86	3.87156
MGG_16574T0	1458	1459	0	0
MGG_05483T0	1574	1575	14	0.681075
MGG_00687T0	2441	2442	1439	45.1505
MGG_00962T0	651	652	3.0122	0.353984
MGG_00692T0	3976	3977	7597	146.364
MGG_10837T0	3490	3491	4164.95	91.4129
MGG_10485T0	2489	2490	63	1.9386
MGG_10658T0	1784	1785	1	0.0429249
MGG_09899T0	1582	1583	91.5076	4.42918
MGG_06004T0	1270	1271	4416.6	266.25
MGG_05702T0	1375	1376	1605.55	89.4031
MGG_18061T0	321	322	0	0
MGG_00736T0	5640	5641	999	13.5693
MGG_03430T0	1452	1453	0	0
MGG_04965T0	2816	2817	151	4.10712
MGG_08829T0	2921	2922	13778	361.288
MGG_00905T0	1811	1812	10964.7	463.647
MGG_03680T0	1178	1179	11329	736.25
MGG_10106T0	1496	1497	4	0.204732
MGG_15954T0	2104	2105	506	18.4181
MGG_16933T0	150	151	0	0
MGG_04761T0	1745	1746	1978	86.8019
MGG_08567T0	267	268	0	0
MGG_16185T0	443	444	137	23.642
MGG_00042T0	1839	1840	0	0
MGG_02509T0	1242	1243	139.385	8.59199
MGG_10781T0	588	589	0	0
MGG_10801T0	1221	1222	4	0.250805
MGG_10288T0	2076	2077	26	0.959145
MGG_02382T0	630	631	0	0
MGG_03628T0	2182	2183	1494	52.4378
MGG_02781T0	4800	4801	3169	50.5752
MGG_09733T0	969	970	12	0.947888
MGG_06586T0	1494	1495	2524.46	129.382
MGG_07900T0	426	427	0	0
MGG_04305T0	1143	1144	0	0
MGG_03139T0	2525	2526	1104	33.4875
MGG_02485T0	2423	2424	2418	76.4313
MGG_14843T0	1554	1555	43	2.11878
MGG_16008T0	543	544	0	0
MGG_11062T0	2425	2426	483	15.2547
MGG_05870T0	762	763	92	9.2387
MGG_17153T0	1981	1982	256	9.89655
MGG_06619T0	1620	1621	115.229	5.44662
MGG_08818T0	369	370	0	0
MGG_14763T0	3105	3106	2960	73.0193
MGG_10639T0	2626	2627	291	8.48751
MGG_03904T0	907	908	19	1.6033
MGG_07328T0	858	859	971	86.6111
MGG_00583T0	3876	3877	2115	41.7986
MGG_02484T0	1747	1748	524.626	22.9962
MGG_03827T0	1044	1045	8	0.586572
MGG_16912T0	657	658	1	0.116445
MGG_00085T0	2167	2168	519	18.3424
MGG_17370T0	249	250	18	5.51671
MGG_16764T0	879	880	157	13.6699
MGG_08441T0	639	640	0	0
MGG_02526T0	4460	4461	7125	122.377
MGG_02255T0	645	646	0	0
MGG_05264T0	3116	3117	6563	161.329
MGG_01104T0	1163	1164	4871	320.636
MGG_15368T0	2121	2122	348.161	12.5714
MGG_01684T0	1936	1937	44.365	1.75492
MGG_09371T0	2116	2117	1971	71.3367
MGG_03965T0	548	549	5784	807.241
MGG_06393T0	3957	3958	3793	73.4268
MGG_00391T0	1087	1088	60	4.22542
MGG_06672T0	1913	1914	4302	172.217
MGG_03258T0	1107	1108	0	0
MGG_09299T0	4087	4088	644.942	12.0881
MGG_08028T0	735	736	8	0.832836
MGG_02055T0	2161	2162	12	0.425278
MGG_02105T0	1375	1376	248	13.8096
MGG_03072T0	698	699	429.593	47.0899
MGG_17962T0	2256	2257	7087	240.59
MGG_11119T0	3765	3766	259	5.26947
MGG_15552T0	174	175	5	2.18917
MGG_09214T0	4516	4517	1605	27.2253
MGG_01174T0	2279	2280	1156	38.8482
MGG_16516T0	367	368	19	3.95597
MGG_05168T0	1840	1841	583.936	24.3029
MGG_04165T0	4682	4683	3566	58.3451
MGG_15059T0	228	229	1	0.334589
MGG_11443T0	3310	3311	1374	31.7962
MGG_11430T0	4516	4517	1638	27.785
MGG_00880T0	1874	1875	941.855	38.4884
MGG_06358T0	3076	3077	3015	75.077
MGG_07560T0	1463	1464	5	0.261683
MGG_01255T0	1541	1542	894	44.4222
MGG_05676T0	1983	1984	3780	145.981
MGG_17476T0	759	760	146	14.7193
MGG_05348T0	1496	1497	65.0352	3.3287
MGG_15594T0	321	322	1	0.237953
MGG_17576T0	261	262	0	0
MGG_16044T0	1239	1240	110	6.79702
MGG_09285T0	2116	2117	5071	183.536
MGG_03224T0	1280	1281	2979	178.184
MGG_15107T0	552	553	5	0.692775
MGG_10487T0	1741	1742	8	0.351876
MGG_00871T0	3103	3104	5318.63	131.288
MGG_09238T0	1720	1721	24855	1106.57
MGG_07065T0	3350	3351	224	5.12178
MGG_06039T0	5249	5250	1978.55	28.8759
MGG_08355T0	461	462	0	0
MGG_00936T0	321	322	0	0
MGG_09811T0	2906	2907	870	22.9309
MGG_01655T0	3409	3410	566	12.7177
MGG_04484T0	1106	1107	11497.9	795.83
MGG_16375T0	1287	1288	180	10.7079
MGG_15504T0	258	259	33	9.76251
MGG_01974T0	1394	1395	96	5.27284
MGG_17021T0	339	340	0	0
MGG_16064T0	675	676	270.085	30.6126
MGG_05340T0	2549	2550	1248.9	37.5263
MGG_05763T0	650	651	425	50.0213
MGG_08239T0	1236	1237	0	0
MGG_07811T0	507	508	0	0
MGG_17182T0	183	184	4	1.66567
MGG_17794T0	883	884	41	3.55369
MGG_02951T0	1636	1637	424	19.8456
MGG_04361T0	1323	1324	153	8.85423
MGG_03438T0	2139	2140	2235	80.0223
MGG_04804T0	2745	2746	894.678	24.964
MGG_10140T0	1411	1412	3035.4	164.713
MGG_08770T0	1679	1680	144	6.56751
MGG_04039T0	813	814	345.462	32.5179
MGG_07899T0	153	154	0	0
MGG_14988T0	2436	2437	2	0.0628813
MGG_15800T0	939	940	115.243	9.39366
MGG_13764T0	1890	1891	5	0.202594
MGG_07303T0	1048	1049	173	12.6362
MGG_15067T0	3162	3163	86	2.08328
MGG_09114T0	1713	1714	480	21.4574
MGG_03325T0	1459	1460	44	2.30912
MGG_03016T0	1044	1045	455	33.3613
MGG_03196T0	3674	3675	10164	211.912
MGG_01806T0	1503	1504	41.2128	2.09958
MGG_12994T0	795	796	7549	726.647
MGG_11877T0	1275	1276	640	38.4306
MGG_10507T0	3267	3268	1387	32.5193
MGG_09022T0	1595	1596	7	0.336057
MGG_02985T0	1902	1903	1153	46.4235
MGG_17045T0	228	229	0	0
MGG_16015T0	1002	1003	6	0.45835
MGG_07665T0	1652	1653	77	3.56915
MGG_06470T0	3141	3142	2065	50.3572
MGG_05266T0	2586	2587	10119	299.701
MGG_09895T0	1791	1792	778	33.2651
MGG_05481T0	2172	2173	1717	60.5422
MGG_17691T0	168	169	0	0
MGG_07853T0	1713	1714	0	0
MGG_12415T0	783	784	79	7.72073
MGG_03690T0	2624	2625	3959	115.559
MGG_01240T0	2628	2629	18747.9	546.399
MGG_17232T0	300	301	0	0
MGG_08469T0	557	558	0	0
MGG_05327T0	766	767	2678	267.524
MGG_03109T1	3058	3059	1143.85	28.6508
MGG_03109T0	3130	3131	2773.15	67.8637
MGG_03633T0	3683	3684	117	2.4334
MGG_08652T0	984	985	0	0
MGG_07413T0	537	538	1	0.142418
MGG_16503T0	631	632	4	0.484943
MGG_14203T0	1818	1819	666	28.0536
MGG_05167T0	1451	1452	1377	72.6632
MGG_16635T0	776	777	23	2.26806
MGG_17453T0	2115	2116	1976	71.5515
MGG_02100T0	879	880	1	0.0870692
MGG_11390T0	1847	1848	464.588	19.2625
MGG_09571T0	2583	2584	5956.75	176.63
MGG_08940T0	873	874	0	0
MGG_06269T0	1115	1116	16485	1131.81
MGG_15031T0	474	475	0	0
MGG_14348T0	2667	2668	1861	53.4451
MGG_00078T0	1285	1286	64	3.81317
MGG_15698T0	153	154	3	1.49262
MGG_06204T0	2600	2601	835	24.5976
MGG_02915T0	1548	1549	322	15.9277
MGG_00660T0	4098	4099	635.81	11.8849
MGG_01486T0	4020	4021	143	2.72489
MGG_16798T0	204	205	0	0
MGG_12536T0	1842	1843	2784	115.742
MGG_09894T0	618	619	7405	916.604
MGG_14295T0	1224	1225	0	0
MGG_04534T0	4234	4235	104	1.8816
MGG_17888T0	760	761	1066	107.33
MGG_09505T0	3358	3359	7591	173.156
MGG_00348T0	2387	2388	1898	60.8989
MGG_10661T0	1436	1437	201	10.7173
MGG_08681T0	1689	1690	55	2.49358
MGG_07268T0	2152	2153	2819.7	100.347
MGG_15425T0	465	466	37	6.08364
MGG_13245T0	1347	1348	630	35.8095
MGG_10817T0	1291	1292	1	0.0593041
MGG_18020T0	408	409	0	0
MGG_12899T0	4241	4242	325.297	5.87566
MGG_17617T0	1949	1950	4117	161.768
MGG_12491T0	345	346	0	0
MGG_17097T0	1951	1952	52	2.04113
MGG_04619T0	1352	1353	175.879	9.9601
MGG_08730T0	2583	2584	274	8.12466
MGG_04116T0	5004	5005	1795.02	27.4798
MGG_15402T0	3363	3364	936.356	21.3271
MGG_14754T0	2498	2499	372	11.4058
MGG_00909T0	3238	3239	1056	24.9805
MGG_09915T0	4034	4035	1858	35.2817
MGG_17539T0	2338	2339	1416	46.3853
MGG_17816T0	1795	1796	170	7.25254
MGG_17765T0	1218	1219	0	0
MGG_07051T0	3406	3407	928	20.87
MGG_04237T0	1609	1610	1383	65.8178
MGG_01574T0	1661	1662	437	20.1464
MGG_15937T0	660	661	15	1.73875
MGG_01941T0	2222	2223	5	0.172337
MGG_14195T0	417	418	0	0
MGG_17397T0	372	373	8	1.64334
MGG_09932T0	2199	2200	3425	119.285
MGG_00171T0	2063	2064	4512	167.497
MGG_04405T0	3507	3508	4107	89.7041
MGG_10469T0	2655	2656	49	1.41356
MGG_08193T0	687	688	82	9.13214
MGG_18026T0	195	196	0	0
MGG_06460T0	1287	1288	1364.02	81.1431
MGG_02297T0	2106	2107	2346	85.3121
MGG_04953T0	294	295	743	192.981
MGG_16205T0	462	463	0	0
MGG_02395T0	6972	6973	485	5.32929
MGG_05022T0	966	967	90	7.13121
MGG_15334T0	4053	4054	1	0.0189001
MGG_06851T0	1680	1681	140	6.38128
MGG_14129T0	945	946	120	9.71936
MGG_04567T0	3156	3157	1882	45.6765
MGG_08998T0	639	640	0	0
MGG_06668T0	1571	1572	13030	635.096
MGG_04883T0	938	939	1747	142.552
MGG_07984T0	453	454	0	0
MGG_02625T0	477	478	7641	1224.81
MGG_17831T0	165	166	0	0
MGG_11148T0	1659	1660	1867	86.1755
MGG_04073T0	2096	2097	176	6.43075
MGG_13063T0	1880	1881	586	23.8702
MGG_08639T0	1263	1264	56.62	3.43218
MGG_00077T0	1959	1960	1393	54.4556
MGG_02867T0	3127	3128	2772.97	67.9243
MGG_17215T0	1626	1627	1	0.0470934
MGG_09321T0	1731	1732	106.174	4.69695
MGG_02610T0	1044	1045	3995	292.919
MGG_11155T0	558	559	752	103.075
MGG_14721T0	515	516	46	6.83055
MGG_08566T0	1146	1147	68	4.54248
MGG_17550T0	228	229	0	0
MGG_12396T0	2020	2021	1545	58.5746
MGG_00570T0	1029	1030	8	0.595114
MGG_04457T0	879	880	584	50.8484
MGG_03443T0	2478	2479	0	0
MGG_10496T0	1091	1092	1059	74.3055
MGG_01082T0	2545	2546	664.626	20.0017
MGG_01082T1	1829	1830	2383.37	99.7903
MGG_10456T0	1144	1145	4816	322.276
MGG_17210T0	2820	2821	434.344	11.7972
MGG_16105T1	457	458	3	0.501884
MGG_16105T0	480	481	0	0
MGG_07602T0	1190	1191	611	39.3076
MGG_01028T0	1590	1591	2108	101.519
MGG_11241T0	2630	2631	6501	189.324
MGG_02911T0	1707	1708	1158.92	51.9892
MGG_04469T0	2851	2852	2687	72.1881
MGG_15678T0	282	283	0	0
MGG_06529T0	3246	3247	689.306	16.2659
MGG_06529T1	3339	3340	2017.69	46.2867
MGG_00982T0	3671	3672	3323	69.3386
MGG_00169T0	1550	1551	813	40.163
MGG_00534T0	1702	1703	805	36.2183
MGG_04271T0	489	490	0	0
MGG_11370T0	1982	1983	26	1.00461
MGG_04118T0	6363	6364	7820	94.1508
MGG_06097T0	1347	1348	1766	100.38
MGG_14813T0	3082	3083	485	12.0536
MGG_17326T0	156	157	0	0
MGG_18094T0	234	235	0	0
MGG_00953T0	1619	1620	165.883	7.84575
MGG_01557T0	1185	1186	2322.34	150.034
MGG_07794T0	2857	2858	38	1.01875
MGG_01866T0	1676	1677	55	2.51291
MGG_02996T0	2258	2259	1028	34.8678
MGG_18050T0	339	340	0	0
MGG_05303T0	3288	3289	2494	58.1005
MGG_07319T0	4211	4212	9978	181.511
MGG_14886T0	2185	2186	3116	109.218
MGG_00270T0	1342	1343	190.505	10.8687
MGG_17719T0	605	606	1.91274	0.241842
MGG_10008T0	1092	1093	4	0.280406
MGG_05639T0	2844	2845	18	0.484772
MGG_05639T1	2375	2376	0	0
MGG_11342T0	3085	3086	657	16.3124
MGG_05956T0	2160	2161	3490	123.742
MGG_04625T0	4550	4551	6706.36	112.909
MGG_07887T0	2183	2184	0	0
MGG_13027T0	339	340	1	0.225356
MGG_09210T0	2579	2580	3153	93.6379
MGG_01530T0	1761	1762	6	0.260911
MGG_02537T0	2972	2973	978	25.2053
MGG_11454T0	3029	3030	3053	77.2025
MGG_10164T0	2876	2877	1143	30.4406
MGG_05109T0	1164	1165	16152	1062.3
MGG_17249T0	438	439	0	0
MGG_17565T0	345	346	0	0
MGG_03151T0	1321	1322	1647	95.4574
MGG_10572T0	1381	1382	329	18.2404
MGG_09796T0	2659	2660	2	0.0576097
MGG_01980T0	1071	1072	11	0.786222
MGG_10012T0	1443	1444	0	0
MGG_16997T0	3805	3806	475.453	9.57163
MGG_09757T0	3135	3136	135.089	3.30058
MGG_03379T0	2169	2170	88	3.10721
MGG_15227T0	183	184	899	374.36
MGG_10153T0	2632	2633	3883	112.996
MGG_05734T0	1768	1769	404.918	17.5383
MGG_03869T0	2115	2116	468	16.9464
MGG_02632T0	2113	2114	923.18	33.4602
MGG_02632T1	2101	2102	1476.08	53.8052
MGG_01504T0	1248	1249	1087	66.6829
MGG_03567T0	2613	2614	715.376	20.9689
MGG_01157T0	7372	7373	2726.02	28.329
MGG_06098T0	2636	2637	2103	61.105
MGG_15526T0	174	175	6	2.627
MGG_04941T0	1070	1071	8390	600.233
MGG_03773T0	1180	1181	35	2.27073
MGG_04573T0	675	676	4	0.453378
MGG_15049T0	1938	1939	46	1.81772
MGG_02569T0	5475	5476	1276	17.854
MGG_04838T0	3379	3380	18	0.40804
MGG_03246T0	1121	1122	108.014	7.37625
MGG_06134T0	2826	2827	2239	60.6842
MGG_15677T0	981	982	315	24.578
MGG_15081T0	2676	2677	58	1.66007
MGG_08463T0	3276	3277	1266	29.6009
MGG_00703T0	969	970	2	0.157981
MGG_14574T0	2485	2486	3635	112.034
MGG_03118T0	3566	3567	57.9667	1.24515
MGG_01629T0	1752	1753	143.406	6.26807
MGG_10773T0	845	846	19	1.7208
MGG_12974T0	566	567	1981	267.7
MGG_04145T0	3927	3928	19	0.370621
MGG_03023T0	1532	1533	632	31.588
MGG_03448T0	2060	2061	320	11.8965
MGG_15548T0	387	388	0	0
MGG_09134T0	933	934	65	5.33229
MGG_08741T0	1248	1249	6514	399.607
MGG_01512T0	2272	2273	261	8.79809
MGG_04520T0	3211	3212	1028	24.5225
MGG_17166T0	1048	1049	52	3.79818
MGG_06848T0	3632	3633	1817	38.321
MGG_05008T0	1832	1833	76	3.17686
MGG_12471T0	1559	1560	5	0.24558
MGG_18123T0	153	154	0	0
MGG_03219T0	2190	2191	1831	64.0315
MGG_10486T0	2732	2733	151	4.23335
MGG_04998T0	1301	1302	139.351	8.20059
MGG_12930T0	658	659	46	5.34835
MGG_02813T0	1957	1958	24520	959.522
MGG_07362T0	860	861	0	0
MGG_15200T0	321	322	0	0
MGG_06158T0	2175	2176	2018	71.0575
MGG_17803T0	1441	1442	169	8.97984
MGG_07986T0	342	343	0	0
MGG_00446T0	1056	1057	1792	129.9
MGG_05016T0	300	301	16	4.07287
MGG_17677T0	2475	2476	2771.28	85.7586
MGG_17001T0	2405	2406	2777	88.4357
MGG_17506T0	806	807	9	0.854508
MGG_07724T0	2564	2565	31	0.926023
MGG_07170T0	2119	2120	175	6.32484
MGG_09848T0	555	556	3	0.413422
MGG_00395T0	1740	1741	3.0278	0.133253
MGG_17607T0	598	599	0	0
MGG_05625T0	2333	2334	489.375	16.0653
MGG_05625T1	2090	2091	1493.62	54.7312
MGG_06382T0	954	955	3	0.240694
MGG_00175T0	1996	1997	17584	674.663
MGG_15604T0	407	408	0	0
MGG_02690T0	3639	3640	8973	188.879
MGG_02947T0	1578	1579	45	2.18362
MGG_12737T0	2226	2227	28	0.963352
MGG_01495T0	499	500	3	0.459726
MGG_06703T0	1452	1453	680	35.8584
MGG_07127T0	3343	3344	1567.18	35.9087
MGG_12814T0	3182	3183	9164	220.595
MGG_01425T0	1815	1816	112	4.72552
MGG_10313T0	528	529	1	0.144841
MGG_08485T0	354	355	0	0
MGG_06442T0	2333	2334	19	0.623735
MGG_09256T0	2191	2192	652	22.7905
MGG_01403T0	852	853	51	4.58109
MGG_03982T0	1762	1763	22572.9	981.03
MGG_08197T0	1381	1382	1	0.0554421
MGG_08056T0	2752	2753	391	10.8822
MGG_01680T0	1882	1883	597	24.2925
MGG_07197T0	2748	2749	8991	250.6
MGG_03336T0	860	861	2607	231.999
MGG_09693T0	309	310	11	2.71881
MGG_08795T0	3567	3568	1893	40.6512
MGG_16530T0	897	898	17	1.45051
MGG_03102T0	5571	5572	277.131	3.81085
MGG_05000T0	1260	1261	0	0
MGG_09749T0	2015	2016	2622	99.6528
MGG_15156T0	8640	8641	3676	32.5956
MGG_06337T0	4187	4188	118	2.15885
MGG_01182T0	1331	1332	28	1.61065
MGG_00878T0	1099	1100	6007	418.42
MGG_13691T0	2013	2014	0	0
MGG_03279T0	2771	2772	9	0.248769
MGG_15117T0	309	310	23	5.68478
MGG_11271T0	1343	1344	162	9.23556
MGG_16048T0	186	187	0	0
MGG_14896T0	354	355	6	1.295
MGG_11467T0	1306	1307	647	37.9294
MGG_00859T0	3164	3165	4434	107.342
MGG_07676T0	894	895	0	0
MGG_07312T0	4955	4956	9786	151.294
MGG_14905T0	1170	1171	413	27.0234
MGG_06660T0	1569	1570	1284.13	62.6695
MGG_02169T0	1653	1654	19	0.880168
MGG_02635T0	672	673	3	0.341549
MGG_09732T0	2237	2238	1006	34.4418
MGG_01450T0	930	931	2309.26	190.051
MGG_11888T0	5050	5051	3017	45.7662
MGG_04103T0	1473	1474	1088.19	56.5659
MGG_02067T0	857	858	0	0
MGG_04982T0	6626	6627	2912	33.6683
MGG_15983T0	657	658	5	0.582226
MGG_17345T0	303	304	1966	495.516
MGG_09217T0	1987	1988	476.881	18.3798
MGG_08537T1	1015	1016	0	0
MGG_08537T0	1126	1127	0	0
MGG_03823T0	1631	1632	676	31.7376
MGG_09907T0	3433	3434	1037	23.138
MGG_09357T0	1413	1414	0	0
MGG_12880T0	2955	2956	0	0
MGG_10524T0	940	941	1363	110.982
MGG_17842T1	1737	1738	299.316	13.1955
MGG_17842T0	1721	1722	191.124	8.50414
MGG_17842T2	1668	1669	272.519	12.5109
MGG_16110T0	189	190	0	0
MGG_12350T0	764	765	32	3.20506
MGG_17301T0	249	250	0	0
MGG_10080T0	744	745	0	0
MGG_00653T0	1077	1078	5	0.355385
MGG_12798T0	2549	2550	238	7.15129
MGG_03813T0	1203	1204	0	0
MGG_09898T0	8078	8079	978	9.27531
MGG_16432T0	2183	2184	61	2.14005
MGG_15847T0	548	549	4	0.558258
MGG_07433T0	1389	1390	767	42.2793
MGG_06305T0	2939	2940	772.787	20.14
MGG_05292T0	1410	1411	1872.76	101.696
MGG_05864T0	2871	2872	5138	137.075
MGG_02584T0	654	655	0	0
MGG_04323T0	1115	1116	39	2.67761
MGG_17640T0	354	355	0	0
MGG_17722T0	4577	4578	56	0.937259
MGG_09337T0	2598	2599	17790	524.466
MGG_16904T0	4433	4434	5987	103.457
MGG_07394T0	936	937	257	21.0156
MGG_02434T0	1258	1259	767.11	46.6852
MGG_07807T0	654	655	0	0
MGG_06081T1	3580	3581	535.733	11.4628
MGG_06081T0	1861	1862	89.3237	3.67565
MGG_14358T0	1782	1783	13.9999	0.601617
MGG_15996T0	647	648	0	0
MGG_03697T0	999	1000	1012	77.5404
MGG_17809T0	317	318	6	1.44568
MGG_12290T0	782	783	4	0.391422
MGG_07183T0	2463	2464	1939	60.2954
MGG_07488T0	1741	1742	68	2.99094
MGG_00886T0	3255	3256	1412	33.2275
MGG_13677T0	1404	1405	0	0
MGG_04483T0	2260	2261	1796	60.863
MGG_14658T0	1269	1270	245	14.7812
MGG_15875T0	165	166	1	0.461572
MGG_02226T0	4050	4051	487.026	9.21165
MGG_02447T0	5670	5671	982	13.2678
MGG_04944T0	1571	1572	4362	212.608
MGG_09920T0	3248	3249	257	6.06081
MGG_07654T0	1818	1819	174	7.32932
MGG_09226T0	2028	2029	908	34.2887
MGG_04234T0	1867	1868	11	0.451194
MGG_14833T0	1062	1063	597.12	43.0404
MGG_03566T0	554	555	7	0.96639
MGG_07253T0	459	460	94	15.6573
MGG_02436T0	963	964	77	6.12014
MGG_17868T0	195	196	0	0
MGG_03546T0	2464	2465	422	13.1173
MGG_03899T0	4860	4861	1479	23.3126
MGG_13127T0	952	953	51	4.10039
MGG_16183T0	2868	2869	827	22.0863
MGG_06271T0	3113	3114	168.532	4.14678
MGG_09410T0	1465	1466	49	2.561
MGG_05184T0	2172	2173	1557	54.9005
MGG_16918T0	267	268	5	1.42949
MGG_01188T0	1009	1010	0	0
MGG_00359T0	1390	1391	1275	70.2313
MGG_16696T0	714	715	0	0
MGG_12136T0	1254	1255	255	15.5684
MGG_09399T0	336	337	0	0
MGG_04078T0	2857	2858	989	26.5144
MGG_07883T0	901	902	1	0.0849456
MGG_14398T0	384	385	0	0
MGG_06188T0	2778	2779	1475.81	40.6901
MGG_00505T0	1916	1917	12959	517.961
MGG_04428T0	3343	3344	5181	118.712
MGG_12102T0	1392	1393	48	2.6402
MGG_07388T0	2376	2377	22	0.709155
MGG_02089T0	2303	2304	11.4063	0.379325
MGG_17444T0	156	157	1	0.488031
MGG_04575T0	4451	4452	5900	101.542
MGG_04677T0	1938	1939	11535	455.813
MGG_08869T0	1950	1951	283.315	11.1265
MGG_06141T0	1952	1953	1294	50.7668
MGG_17331T0	174	175	5	2.18917
MGG_09692T0	2560	2561	1371	41.0181
MGG_09026T0	3440	3441	514	11.4453
MGG_05808T0	2146	2147	19	0.678061
MGG_05680T0	1255	1256	364	22.2054
MGG_01421T0	2774	2775	735	20.2942
MGG_00712T0	1311	1312	456	26.6304
MGG_17826T0	162	163	0	0
MGG_05981T0	741	742	3722	384.344
MGG_04960T0	1099	1100	948	66.0333
MGG_02811T0	1218	1219	1098	69.0154
MGG_05926T0	2139	2140	2444	87.5054
MGG_05433T0	2145	2146	419	14.96
MGG_16111T0	162	163	2	0.940134
MGG_17666T0	1357	1358	24.1335	1.36166
MGG_07003T0	5024	5025	2842	43.3347
MGG_01988T0	2210	2211	1697	58.8085
MGG_17668T0	3161	3162	535	12.964
MGG_09565T0	2488	2489	6995.85	215.359
MGG_09259T0	5766	5767	7041	93.5474
MGG_01910T0	875	876	0	0
MGG_06341T0	4700	4701	3422	55.7747
MGG_12644T0	6384	6385	1385	16.6202
MGG_16047T0	876	877	54.6081	4.77095
MGG_05749T0	726	727	78	8.22068
MGG_01376T0	4500	4501	308.895	5.25835
MGG_01376T1	4320	4321	1375.11	24.3837
MGG_03232T0	4405	4406	1521	26.4504
MGG_10605T0	2091	2092	606	22.1952
MGG_07636T0	2615	2616	457	13.3852
MGG_08127T0	1815	1816	32	1.35015
MGG_06075T0	1117	1118	1879.43	128.805
MGG_06075T1	1191	1192	38.5723	2.4794
MGG_11716T0	1236	1237	854	52.8975
MGG_15119T0	186	187	0	0
MGG_03560T0	2999	3000	2240	57.2103
MGG_13584T0	2202	2203	93	3.23456
MGG_17121T0	216	217	0	0
MGG_08101T0	3513	3514	3532	77.0134
MGG_02366T0	4777	4778	2625	42.095
MGG_06844T0	903	904	27	2.28846
MGG_16399T0	763	764	77.8196	7.80446
MGG_02393T0	1327	1328	8	0.461572
MGG_03200T0	3422	3423	1769.52	39.6092
MGG_15021T0	1458	1459	293	15.3872
MGG_11458T0	1209	1210	466	29.5086
MGG_03306T0	783	784	1	0.0977308
MGG_03621T0	1651	1652	1332	61.7791
MGG_16137T0	366	367	2	0.417553
MGG_02696T0	1427	1428	5669	304.176
MGG_13219T0	3495	3496	213	4.66827
MGG_09602T0	3081	3082	88	2.18775
MGG_00688T0	3536	3537	48	1.03981
MGG_14620T0	3777	3778	2125	43.0967
MGG_15369T0	915	916	0	0
MGG_05280T0	3543	3544	16500	356.728
MGG_16318T0	881	882	48	4.16985
MGG_15484T0	318	319	0	0
MGG_01675T0	1389	1390	724.859	39.9564
MGG_00632T0	2798	2799	2142	58.6359
MGG_14904T0	1533	1534	381	19.0304
MGG_07973T0	798	799	19306	1851.37
MGG_17050T0	309	310	0	0
MGG_03939T0	3768	3769	511.675	10.402
MGG_00482T0	884	885	1291.87	111.847
MGG_03662T0	2397	2398	1008	32.2076
MGG_08574T0	2517	2518	2439	74.217
MGG_17776T0	1233	1234	0	0
MGG_01146T0	896	897	21	1.7938
MGG_05035T0	2053	2054	435.941	16.262
MGG_08386T0	1305	1306	0	0
MGG_17805T0	261	262	2	0.584893
MGG_03488T0	2107	2108	269	9.77753
MGG_13796T0	850	851	46	4.14167
MGG_12819T0	3325	3326	15	0.345554
MGG_08636T0	2834	2835	3040	82.1614
MGG_09927T0	1665	1666	15892	730.888
MGG_05810T0	2687	2688	1298	36.9992
MGG_07607T0	792	793	99.014	9.56689
MGG_09011T0	1912	1913	774	31.0008
MGG_10780T0	444	445	0	0
MGG_09252T0	570	571	22	2.95212
MGG_06298T0	1645	1646	3185	148.261
MGG_11166T0	327	328	10	2.336
MGG_03973T0	2078	2079	775	28.5624
MGG_15859T0	228	229	5	1.67295
MGG_12918T0	2441	2442	1907.4	59.847
MGG_16031T0	201	202	0	0
MGG_06849T0	1826	1827	421	17.6559
MGG_10689T0	1790	1791	1709	73.1129
MGG_17155T0	431	432	0	0
MGG_09950T0	3840	3841	438	8.7373
MGG_07714T0	3463	3464	558	12.3425
MGG_08295T0	2760	2761	145	4.02392
MGG_13774T0	1020	1021	335	25.1401
MGG_00099T0	1793	1794	59	2.51986
MGG_06440T0	3682	3683	3408	70.8998
MGG_02524T0	1084	1085	1039	73.3725
MGG_16289T0	177	178	4	1.72182
MGG_09556T0	1222	1223	1624	101.744
MGG_06524T0	4071	4072	2989.01	56.2428
MGG_13514T0	1848	1849	1259	52.1718
MGG_17248T0	309	310	0	0
MGG_04049T0	1948	1949	359	14.1133
MGG_09219T0	1654	1655	1692	78.3339
MGG_07759T0	438	439	1	0.174535
MGG_12671T0	1223	1224	3870.67	242.299
MGG_01628T0	1558	1559	464	22.8044
MGG_12989T0	1694	1695	610	27.5745
MGG_09064T0	537	538	0	0
MGG_00397T0	2084	2085	1088	39.9825
MGG_16886T0	1714	1715	1402	62.637
MGG_12632T0	1767	1768	1344	58.2458
MGG_02168T0	1212	1213	0	0
MGG_01299T0	8864	8865	470	4.06225
MGG_01189T0	1425	1426	1110	59.6418
MGG_01068T0	4629	4630	1104.53	18.2786
MGG_18052T0	448	449	0	0
MGG_10086T0	387	388	0	0
MGG_06348T0	990	991	475	36.7255
MGG_09548T0	672	673	0	0
MGG_04052T0	3146	3147	3448	83.9495
MGG_16534T0	1302	1303	23.789	1.39888
MGG_00265T0	1481	1482	108	5.58371
MGG_03186T0	2929	2930	7252	189.643
MGG_03193T0	1179	1180	17482	1135.16
MGG_13508T0	2921	2922	2337	61.281
MGG_08766T0	1363	1364	6	0.337042
MGG_17101T0	300	301	7	1.78188
MGG_12750T0	5639	5640	506	6.87415
MGG_13471T0	2869	2870	3302.24	88.1605
MGG_06937T0	2275	2276	1138	38.3105
MGG_18022T0	375	376	2	0.407558
MGG_16517T0	623	624	68	8.34972
MGG_11003T0	255	256	0	0
MGG_12317T0	864	865	0	0
MGG_01925T0	3731	3732	18263	374.954
MGG_00242T0	1029	1030	0	0
MGG_04595T0	752	753	457.905	46.5938
MGG_04595T1	850	851	229.095	20.6268
MGG_11897T0	450	451	1226	208.287
MGG_09783T0	1213	1214	8303.59	524.076
MGG_06199T0	1997	1998	2431	93.226
MGG_05995T0	1048	1049	339	24.7612
MGG_07218T0	2277	2278	343	11.5369
MGG_02337T0	1451	1452	529	27.9149
MGG_05085T0	2439	2440	2779	87.2662
MGG_05480T0	1660	1661	7376	340.25
MGG_17410T0	768	769	45	4.48367
MGG_06522T0	2126	2127	3560	128.242
MGG_05001T0	1416	1417	189	10.2197
MGG_08817T0	725	726	57	6.01569
MGG_07929T0	360	361	18640	3956.27
MGG_01291T0	2949	2950	3858	100.205
MGG_03332T0	2741	2742	1447	40.4342
MGG_12721T0	3522	3523	91	1.97914
MGG_17402T0	552	553	85	11.7772
MGG_05119T0	744	745	60	6.17081
MGG_17644T0	1332	1333	69	3.96612
MGG_07574T0	774	775	27	2.66937
MGG_02406T0	2598	2599	872	25.7074
MGG_01651T0	793	794	3219.2	310.652
MGG_09612T0	2004	2005	1	0.0382149
MGG_16858T0	864	865	83	7.35207
MGG_15641T0	207	208	1	0.36837
MGG_01886T0	852	853	317	28.4746
MGG_11267T0	2800	2801	446	12.2003
MGG_12937T0	300	301	100	25.4555
MGG_08527T0	1425	1426	62	3.33134
MGG_05192T0	342	343	158	35.2948
MGG_01281T0	1734	1735	1771	78.2108
MGG_04028T0	270	271	788.501	222.936
MGG_14637T0	2006	2007	1582	60.3958
MGG_10556T0	252	253	0	0
MGG_02411T0	1491	1492	48	2.46502
MGG_05371T0	2989	2990	772	19.7831
MGG_07966T0	2143	2144	19	0.67901
MGG_04296T0	1050	1051	15	1.09354
MGG_16039T0	845	846	899.873	81.5001
MGG_09244T0	3453	3454	5966	132.345
MGG_06757T0	978	979	729	57.0548
MGG_13334T0	2626	2627	17	0.495834
MGG_02783T0	1660	1661	23	1.06098
MGG_05300T0	2379	2380	301.419	9.7038
MGG_08062T0	1159	1160	3675	242.743
MGG_04477T0	4700	4701	2675	43.5994
MGG_11004T0	324	325	0	0
MGG_16545T0	189	190	0	0
MGG_00222T0	2652	2653	936.996	27.0613
MGG_16244T0	201	202	1	0.379311
MGG_03098T0	984	985	40	3.11151
MGG_05153T0	3834	3835	351	7.01276
MGG_09322T0	2670	2671	116.826	3.35131
MGG_15538T0	468	469	0	0
MGG_10205T0	1269	1270	0	0
MGG_17303T0	225	226	0	0
MGG_06407T0	876	877	827.001	72.2527
MGG_15764T0	189	190	83	33.4712
MGG_07471T0	1185	1186	3096	200.015
MGG_17114T0	210	211	47	17.0672
MGG_06908T0	2205	2206	100.305	3.48389
MGG_08736T0	1632	1633	360	16.8913
MGG_01287T0	2621	2622	2848	83.2252
MGG_04085T0	2374	2375	2483	80.1051
MGG_01237T0	3231	3232	3789	89.8257
MGG_05199T0	2671	2672	2236	64.1184
MGG_01676T0	1598	1599	1569.14	75.1901
MGG_02779T0	3745	3746	5351	109.45
MGG_07852T0	525	526	1	0.145667
MGG_01585T0	1017	1018	6807.25	512.355
MGG_08442T0	525	526	0	0
MGG_16687T0	291	292	0	0
MGG_12441T0	1767	1768	0	0
MGG_09196T0	1158	1159	16	1.05775
MGG_03288T0	2416	2417	12937	410.114
MGG_17022T0	417	418	0	0
MGG_10237T0	774	775	2	0.197731
MGG_15520T0	1566	1567	1	0.0488966
MGG_14219T0	3147	3148	1681.49	40.9267
MGG_09254T0	1673	1674	1191.25	54.5251
MGG_10503T0	1904	1905	1838	73.9261
MGG_14687T0	381	382	0	0
MGG_07974T0	1869	1870	814	33.3526
MGG_04089T0	2060	2061	639.405	23.7709
MGG_11387T0	4500	4501	518	8.81796
MGG_10392T0	1605	1606	12	0.57251
MGG_02942T0	1959	1960	1531	59.8503
MGG_16793T0	2012	2013	705	26.8345
MGG_15841T0	342	343	1	0.223385
MGG_15423T0	2217	2218	2332	80.5591
MGG_10515T0	1379	1380	56	3.10925
MGG_11785T0	1035	1036	11113	821.9
MGG_00742T1	1150	1151	1103.04	73.4284
MGG_00742T0	1222	1223	467.958	29.3176
MGG_09205T0	2797	2798	3171	86.8352
MGG_00819T0	4650	4651	312.288	5.14465
MGG_08597T0	1986	1987	1948	75.117
MGG_05376T0	4280	4281	6002	107.423
MGG_12630T0	2726	2727	3162	88.8432
MGG_01813T0	4588	4589	1609	26.8649
MGG_10203T0	1469	1470	413.563	21.5562
MGG_15196T0	792	793	6	0.57973
MGG_14803T0	1425	1426	140.594	7.55429
MGG_17788T0	366	367	3	0.626329
MGG_09781T0	813	814	567	53.3711
MGG_01591T0	2319	2320	1391	45.9395
MGG_16936T0	735	736	0	0
MGG_11574T0	1197	1198	101	6.45969
MGG_03377T0	1324	1325	1128	65.229
MGG_12130T0	3842	3843	5975.11	119.13
MGG_12130T1	3318	3319	2698.89	62.3054
MGG_02049T0	2139	2140	40	1.43217
MGG_05173T0	911	912	428	35.9581
MGG_05804T0	3070	3071	1338	33.3829
MGG_14708T0	414	415	0	0
MGG_03504T0	1507	1508	17	0.863764
MGG_07856T0	1774	1775	0	0
MGG_07023T0	948	949	245	19.781
MGG_01175T0	4369	4370	227	3.98008
MGG_03602T0	1879	1880	5.18169	0.211184
MGG_07624T0	555	556	0	0
MGG_17391T0	408	409	16	2.9974
MGG_06727T0	1142	1143	1357	90.9664
MGG_14996T0	648	649	121	14.2853
MGG_08454T0	1759	1760	5	0.217673
MGG_15646T0	237	238	1106	356.062
MGG_06147T0	3019	3020	2292.12	58.1538
MGG_04366T0	4862	4863	4137	65.1821
MGG_11599T0	2644	2645	298	8.63253
MGG_07467T0	2076	2077	1241.26	45.7905
MGG_12496T0	1641	1642	0	0
MGG_01562T0	1597	1598	1595.18	76.4856
MGG_14971T0	4037	4038	35338	670.537
MGG_16827T0	444	445	154	26.516
MGG_07747T0	744	745	227	23.3462
MGG_04647T0	1727	1728	6931.93	307.367
MGG_02296T0	495	496	4	0.617911
MGG_10097T0	489	490	11	1.72006
MGG_01383T0	1734	1735	656	28.9702
MGG_09427T0	1486	1487	44	2.2672
MGG_01202T0	2491	2492	2433	74.8069
MGG_00573T0	924	925	167	13.8332
MGG_14800T0	2222	2223	1633	56.2852
MGG_16408T0	1797	1798	105.356	4.4897
MGG_05715T0	4022	4023	191	3.63773
MGG_02550T0	1293	1294	113	6.69101
MGG_04697T0	1334	1335	957	54.926
MGG_16130T0	171	172	3	1.33641
MGG_15783T0	627	628	0	0
MGG_16182T0	551	552	13	1.80448
MGG_06197T0	2537	2538	2274	68.6509
MGG_14145T0	1866	1867	2	0.0820792
MGG_10698T0	2352	2353	2691	87.6272
MGG_03380T0	849	850	9	0.81128
MGG_07199T0	2640	2641	69	2.00183
MGG_06366T0	1099	1100	1221.09	85.0552
MGG_05440T0	1936	1937	401	15.8622
MGG_03958T0	1930	1931	2074	82.2951
MGG_16712T0	780	781	32.0184	3.14121
MGG_01041T0	1946	1947	4974.91	195.779
MGG_00864T0	2109	2110	2494	90.5652
MGG_17909T0	1591	1592	4443	213.836
MGG_02270T0	495	496	0	0
MGG_00830T0	2395	2396	2246	71.8241
MGG_14693T0	1617	1618	1854	87.7968
MGG_01163T0	1873	1874	25	1.02216
MGG_06144T0	528	529	485	70.2479
MGG_07691T0	1569	1570	0	0
MGG_02413T0	2260	2261	793.967	26.906
MGG_01819T0	3223	3224	10239	243.338
MGG_11773T0	3012	3013	1801	45.7996
MGG_09071T0	1903	1904	219	8.81302
MGG_04203T0	2609	2610	297	8.71893
MGG_05124T0	1380	1381	5	0.277411
MGG_14669T0	471	472	8	1.29866
MGG_15510T0	288	289	57	15.1121
MGG_14940T0	1287	1288	3	0.178465
MGG_02084T0	1380	1381	298	16.5337
MGG_11475T0	3855	3856	2450	48.6829
MGG_17227T0	354	355	0	0
MGG_06772T0	832	833	196	18.0285
MGG_01842T0	2019	2020	1607	60.9554
MGG_17134T0	767	768	4	0.399067
MGG_10969T1	2035	2036	3386.97	127.462
MGG_10969T0	2184	2185	3309.03	116.037
MGG_03605T0	1083	1084	473	33.4333
MGG_06112T0	2145	2146	187.822	6.70602
MGG_00542T0	1597	1598	16	0.767168
MGG_17562T0	153	154	0	0
MGG_12548T0	1294	1295	256	15.1467
MGG_00354T0	4481	4482	9874	168.799
MGG_04382T0	486	487	701	110.29
MGG_17652T0	1854	1855	687.913	28.4143
MGG_13654T0	853	854	1037	93.0397
MGG_13655T0	2448	2449	420	13.1404
MGG_04538T0	1755	1756	96	4.18884
MGG_03307T0	1327	1328	8723	503.286
MGG_13767T0	8022	8023	0	0
MGG_09582T0	630	631	0	0
MGG_13138T0	351	352	2	0.435346
MGG_09948T0	1372	1373	1825.8	101.889
MGG_05202T0	2523	2524	1195	36.2765
MGG_16390T0	1775	1776	144.488	6.23355
MGG_17344T0	456	457	2903	486.719
MGG_17323T0	1179	1180	29	1.88306
MGG_04958T0	2142	2143	1128	40.3306
MGG_04579T0	543	544	0	0
MGG_15048T0	1074	1075	242	17.2486
MGG_03505T0	724	725	26	2.74778
MGG_00985T0	1645	1646	780.7	36.3414
MGG_03458T0	2048	2049	892	33.3557
MGG_15684T0	162	163	5	2.35034
MGG_14154T0	1303	1304	29656	1742.54
MGG_12497T0	1698	1699	0	0
MGG_18077T0	240	241	0	0
MGG_17828T0	1610	1611	30	1.42683
MGG_01470T0	1164	1165	2815	185.14
MGG_01059T0	1592	1593	4836.94	232.649
MGG_16521T0	1290	1291	29	1.72115
MGG_03281T0	1677	1678	1949.32	89.0101
MGG_03281T1	1356	1357	968.676	54.6948
MGG_04298T0	1683	1684	0	0
MGG_17148T0	433	434	0	0
MGG_03207T0	1870	1871	14	0.573326
MGG_05765T0	969	970	93	7.34613
MGG_01102T0	1739	1740	1127.52	49.6503
MGG_00672T0	3079	3080	2800	69.6554
MGG_04369T0	1671	1672	177	8.11119
MGG_01597T0	4528	4529	3565	60.3121
MGG_08047T0	1815	1816	672	28.3531
MGG_13857T0	309	310	0	0
MGG_09272T0	3167	3168	10857	262.586
MGG_08816T0	686	687	4	0.446119
MGG_03015T0	1599	1600	35	1.67608
MGG_09374T0	930	931	862	70.9422
MGG_09036T0	1235	1236	0	0
MGG_03858T0	1997	1998	490	18.7909
MGG_16895T0	2962	2963	11474.9	296.733
MGG_04004T0	2622	2623	5999	175.238
MGG_17646T0	957	958	1.00161	0.0801088
MGG_15723T0	2608	2609	1744.47	51.2315
MGG_05148T0	2100	2101	364.563	13.2952
MGG_07817T0	2165	2166	29	1.02586
MGG_05533T0	1311	1312	15	0.876001
MGG_15676T0	804	805	16	1.5229
MGG_04876T0	1172	1173	3572.79	233.376
MGG_16807T0	261	262	2	0.584893
MGG_09179T0	2042	2043	2388	89.5598
MGG_07620T0	2514	2515	0	0
MGG_14091T0	354	355	2	0.431667
MGG_17806T0	339	340	39.0849	8.80801
MGG_16693T0	387	388	0	0
MGG_15445T0	498	499	55	8.44519
MGG_00363T0	4490	4491	1739.36	29.6752
MGG_03555T0	2474	2475	1136	35.1682
MGG_11494T0	2089	2090	710	26.0291
MGG_08705T0	1798	1799	662.359	28.2104
MGG_07124T0	1317	1318	1000	58.1342
MGG_02935T0	2046	2047	15133	566.441
MGG_07194T0	804	805	1061	100.987
MGG_15411T0	1533	1534	1	0.0499484
MGG_09576T0	1180	1181	100	6.4878
MGG_03068T0	2365	2366	78.0039	2.52609
MGG_03068T1	1558	1559	211.996	10.4191
MGG_09007T0	1679	1680	6898	314.602
MGG_08140T0	2859	2860	2201	58.966
MGG_06317T0	5507	5508	4113	57.2153
MGG_05532T0	1428	1429	35	1.87665
MGG_12858T0	1428	1429	35	1.87665
MGG_17569T0	162	163	0	0
MGG_09003T0	2038	2039	593	22.2836
MGG_06386T0	1191	1192	742	47.6952
MGG_05020T0	1286	1287	187	11.133
MGG_07515T0	1148	1149	294.451	19.6354
MGG_03299T0	2130	2131	1300	46.742
MGG_17231T0	663	664	0	0
MGG_02451T0	1020	1021	294	22.0632
MGG_03393T0	1516	1517	1382	69.8023
MGG_13346T0	396	397	39	7.52699
MGG_06555T0	1971	1972	921	35.7849
MGG_08610T0	663	664	0	0
MGG_12181T0	174	175	48	21.016
MGG_06744T0	1070	1071	806	57.6624
MGG_10510T0	1596	1597	276	13.2419
MGG_13957T0	1395	1396	0	0
MGG_16520T0	1772	1773	430	18.5826
MGG_10145T0	582	583	0	0
MGG_14870T0	3754	3755	641.411	13.088
MGG_05999T0	762	763	1993	200.138
MGG_17512T0	162	163	34	15.9823
MGG_03726T0	2050	2051	3766.8	140.719
MGG_07969T0	306	307	9	2.24622
MGG_00023T0	1515	1516	0	0
MGG_16086T0	162	163	0	0
MGG_03885T0	1657	1658	936.544	43.2804
MGG_06550T0	2871	2872	10.1679	0.271267
MGG_06550T1	2589	2590	0.832054	0.024615
MGG_01677T0	3568	3569	1584.75	34.0222
MGG_15491T0	603	604	0	0
MGG_08043T0	2511	2512	68	2.07413
MGG_16484T0	186	187	4	1.63895
MGG_03363T0	1808	1809	628	26.5992
MGG_16527T0	434	435	22	3.87508
MGG_00128T0	2857	2858	949.79	25.4632
MGG_03329T0	1181	1182	1457	94.4473
MGG_14082T0	228	229	0	0
MGG_17179T0	514	515	9	1.33901
MGG_14465T0	2186	2187	146	5.11507
MGG_04389T0	1450	1451	379.967	20.0644
MGG_16435T0	252	253	15	4.54274
MGG_15120T0	506	507	7	1.05788
MGG_03672T0	2892	2893	264	6.99202
MGG_16228T1	1562	1563	127	6.22575
MGG_16228T0	1613	1614	3.78227e-05	1.79555e-06
MGG_06920T0	2710	2711	5375.39	151.924
MGG_04740T0	1393	1394	1189	65.3531
MGG_07361T0	1704	1705	847	38.0633
MGG_09723T0	594	595	0	0
MGG_11486T0	2565	2566	239	7.13656
MGG_17686T0	189	190	0	0
MGG_04413T0	2010	2011	216.573	8.25161
MGG_04413T1	2563	2564	1440.43	43.0448
MGG_16426T0	790	791	47	4.5527
MGG_04716T0	871	872	1915	168.267
MGG_15830T0	3658	3659	1363	28.5418
MGG_05147T0	2561	2562	995.437	29.7702
MGG_00103T0	1404	1405	675.707	36.8493
MGG_03446T0	3811	3812	5272.7	105.981
MGG_06444T0	1531	1532	504	25.2069
MGG_06427T0	596	597	1325	170.055
MGG_15726T0	150	151	29	14.7153
MGG_13498T0	5310	5311	2485	35.8507
MGG_04499T0	1479	1480	59	3.05448
MGG_10528T0	4147	4148	2936	54.2331
MGG_06985T0	2254	2255	572.616	19.4565
MGG_03308T0	910	911	85	7.14904
MGG_11913T0	2779	2780	474	13.0641
MGG_11737T0	1491	1492	5541	284.555
MGG_04871T1	2023	2024	348.835	13.2056
MGG_04871T0	1758	1759	354.165	15.4272
MGG_13552T0	2540	2541	617.299	18.6139
MGG_01273T0	1097	1098	323	22.5397
MGG_02993T0	1833	1834	803	33.5478
MGG_03831T0	1975	1976	0	0
MGG_15451T0	2771	2772	212	5.8599
MGG_13101T0	950	951	38	3.06161
MGG_04825T0	3261	3262	975.216	22.9068
MGG_09218T0	1320	1321	644.119	37.3603
MGG_12911T0	1401	1402	3176	173.572
MGG_17634T0	3176	3177	231	5.57112
MGG_11129T0	4341	4342	1227	21.6522
MGG_04184T0	1262	1263	587.596	35.647
MGG_09417T0	414	415	0	0
MGG_00932T0	1680	1681	203	9.25285
MGG_16594T0	177	178	1	0.430455
MGG_17845T1	828	829	0	0
MGG_17845T0	887	888	12	1.03542
MGG_14871T0	801	802	2	0.191075
MGG_01828T0	2223	2224	4168	143.595
MGG_15096T0	576	577	0	0
MGG_05308T0	1100	1101	19	1.32225
MGG_07426T0	459	460	0	0
MGG_11903T0	2297	2298	2066.02	68.8861
MGG_04913T0	616	617	4317	536.098
MGG_05977T0	1533	1534	2734	136.559
MGG_04863T0	4581	4582	3075	51.4206
MGG_01541T0	4896	4897	18	0.281637
MGG_16528T0	928	929	550.371	45.3929
MGG_02082T0	1432	1433	5	0.267344
MGG_06357T0	829	830	926	85.4831
MGG_01418T0	1424	1425	10	0.537691
MGG_02946T0	1611	1612	2242	106.566
MGG_05650T0	2683	2684	3352	95.6905
MGG_16689T0	513	514	52	7.75153
MGG_07720T0	2172	2173	11	0.387865
MGG_03484T0	1101	1102	3097	215.331
MGG_04430T0	2996	2997	1720	43.9733
MGG_00992T0	1875	1876	69	2.81815
MGG_16772T0	271	272	1	0.281695
MGG_00628T0	1062	1063	2	0.14416
MGG_07049T0	1593	1594	343	16.4874
MGG_00470T0	2198	2199	15	0.522653
MGG_14374T0	468	469	0	0
MGG_05282T0	1064	1065	1729.03	124.395
MGG_05366T0	2840	2841	2134	57.5533
MGG_04533T0	3716	3717	187	3.85475
MGG_12696T0	830	831	9	0.829829
MGG_12515T0	4817	4818	1250.8	19.8916
MGG_15894T0	288	289	0	0
MGG_11870T0	2962	2963	298	7.70605
MGG_10104T0	2711	2712	2751	77.7228
MGG_15777T0	1277	1278	4	0.239815
MGG_15777T1	1350	1351	12.9818	0.736252
MGG_16257T0	240	241	29	9.21994
MGG_09076T0	1830	1831	105	4.39388
MGG_00567T0	5367	5368	182	2.5978
MGG_13583T0	1602	1603	2	0.0955969
MGG_07748T0	537	538	19	2.70594
MGG_14779T0	353	354	1	0.216443
MGG_01832T0	2334	2335	1083	35.5377
MGG_17699T0	3739	3740	1088.89	22.308
MGG_10564T0	1225	1226	10	0.624967
MGG_02449T0	1524	1525	4498	225.994
MGG_07441T0	4001	4002	3640	69.6902
MGG_17631T0	198	199	32	12.321
MGG_15692T0	290	291	8	2.10642
MGG_09354T0	2731	2732	0	0
MGG_04746T0	3325	3326	1522	35.0622
MGG_06030T0	1043	1044	4007	294.08
MGG_01581T0	2133	2134	5914	212.341
MGG_00799T0	2403	2404	147	4.68522
MGG_02493T0	3697	3698	2023.53	41.9266
MGG_14837T0	2007	2008	1	0.0381578
MGG_16903T0	168	169	0	0
MGG_10021T0	402	403	0	0
MGG_01377T0	1072	1073	1106	78.9774
MGG_00205T0	1682	1683	271	12.3377
MGG_11771T0	2014	2015	331.023	12.5872
MGG_10023T0	924	925	0	0
MGG_01582T0	2026	2027	5072	191.722
MGG_01755T0	1874	1875	4487	183.359
MGG_04053T0	1517	1518	2053.1	103.63
MGG_03354T0	630	631	129	15.6642
MGG_13254T0	1742	1743	1846	81.1487
MGG_01818T0	3524	3525	3064	66.6004
MGG_06931T0	1974	1975	479.483	18.6017
MGG_03665T0	1232	1233	28	1.73997
MGG_12127T0	1342	1343	7387	421.444
MGG_08156T0	2365	2366	3.02346	0.0979122
MGG_14716T0	474	475	104	16.7759
MGG_10664T0	3883	3884	318	6.27329
MGG_09919T0	2366	2367	5215	168.812
MGG_17614T0	360	361	0	0
MGG_03640T0	3344	3345	840	19.2411
MGG_15742T0	339	340	0	0
MGG_07015T0	2850	2851	1389	37.3295
MGG_05097T0	2563	2564	703.258	21.0157
MGG_14656T0	1582	1583	1222.16	59.1556
MGG_02592T0	3264	3265	0	0
MGG_17864T0	1107	1108	5	0.345762
MGG_08018T0	267	268	0	0
MGG_00194T0	2283	2284	296	9.92986
MGG_17684T0	341	342	58	12.9942
MGG_08180T0	1989	1990	1465	56.4069
MGG_02094T0	1629	1630	6	0.28204
MGG_04160T0	5872	5873	428	5.58382
MGG_11322T0	1413	1414	512	27.7439
MGG_10058T0	2138	2139	984	35.2478
MGG_00330T0	1724	1725	4939	219.38
MGG_06435T0	568	569	305	41.071
MGG_16060T0	1134	1135	0	0
MGG_11224T0	2156	2157	70063.5	2488.79
MGG_01385T0	2319	2320	799	26.388
MGG_17546T0	546	547	30	4.20224
MGG_15624T0	1991	1992	66	2.53864
MGG_17333T0	198	199	0	0
MGG_02533T0	5974	5975	1063	13.6315
MGG_00106T0	2732	2733	3090.83	86.6529
MGG_03558T0	3823	3824	2447	49.0302
MGG_12697T0	4046	4047	573	10.8485
MGG_15856T0	722	723	17	1.8016
MGG_15320T0	630	631	0	0
MGG_15683T0	216	217	2	0.706184
MGG_03421T0	1056	1057	1	0.072489
MGG_10138T0	1862	1863	340.835	14.0178
MGG_03107T0	1960	1961	4224	165.042
MGG_16018T0	485	486	14.8971	2.34862
MGG_03356T0	1068	1069	88	6.30743
MGG_14863T0	1053	1054	4464	324.512
MGG_17426T0	1074	1075	59	4.20524
MGG_14657T0	798	799	36.218	3.47316
MGG_05436T0	1167	1168	921	60.4177
MGG_05904T0	4360	4361	9512.98	167.139
MGG_01766T0	1537	1538	1014	50.516
MGG_15539T0	607	608	18	2.26838
MGG_01769T1	2508	2509	355.74	10.8638
MGG_01769T0	2565	2566	506.26	15.1169
MGG_12804T0	2241	2242	1371	46.8543
MGG_07980T0	1885	1886	47	1.90943
MGG_16825T0	2214	2215	752	26.0131
MGG_11092T0	504	505	0	0
MGG_04971T0	2223	2224	911	31.3856
MGG_05291T0	2327	2328	922.237	30.3534
MGG_00426T0	819	820	10	0.934401
MGG_10422T0	1950	1951	1424	55.9242
MGG_06778T0	2774	2775	130	3.58945
MGG_02319T0	1512	1513	0	0
MGG_00665T0	2317	2318	1029.93	34.0442
MGG_10799T0	2456	2457	1107	34.5215
MGG_05122T0	1606	1607	11	0.524474
MGG_07243T0	2675	2676	2582	73.9295
MGG_00889T0	4586	4587	214	3.57464
MGG_05818T0	423	424	52	9.39691
MGG_02543T0	987	988	20	1.55103
MGG_16867T0	4063	4064	1108	20.8898
MGG_01238T0	5702	5703	1199	16.1088
MGG_04396T0	3648	3649	6822.62	143.26
MGG_08854T0	1951	1952	318	12.4823
MGG_08087T0	2343	2344	6230	203.647
MGG_04723T0	525	526	180	26.2201
MGG_15556T0	189	190	20	8.06536
MGG_08141T0	2841	2842	826	22.2691
MGG_00773T0	1405	1406	283	15.4223
MGG_17277T0	5858	5859	747.262	9.7723
MGG_16911T0	177	178	2	0.860909
MGG_05710T0	1530	1531	219	10.9601
MGG_16396T0	231	232	0	0
MGG_16934T0	369	370	0	0
MGG_10053T0	1285	1286	349	20.7937
MGG_17861T0	2166	2167	600	21.2148
MGG_09735T0	630	631	0	0
MGG_13076T0	912	913	34	2.85335
MGG_06447T0	5562	5563	493	6.79024
MGG_06116T0	2264	2265	398	13.4636
MGG_02013T0	354	355	0	0
MGG_02467T0	737	738	3187	330.882
MGG_04248T0	2474	2475	59	1.82652
MGG_06231T0	420	421	0	0
MGG_00545T0	2163	2164	225	7.96659
MGG_12420T0	416	417	10645.2	1955.99
MGG_02477T0	1685	1686	933	42.4005
MGG_01953T0	348	349	0	0
MGG_15616T0	195	196	0	0
MGG_16329T0	300	301	0	0
MGG_08591T0	2299	2300	660.104	21.9903
MGG_17018T0	897	898	76	6.48462
MGG_16225T0	240	241	19	6.04065
MGG_11116T0	4740	4741	607	9.80993
MGG_09763T0	1203	1204	10	0.636386
MGG_08271T0	2281	2282	1191.45	40.0042
MGG_08271T1	2266	2267	18.5542	0.627103
MGG_08658T0	354	355	0	0
MGG_00673T0	1311	1312	0	0
MGG_04702T0	1169	1170	831	54.4205
MGG_00310T0	2032	2033	17	0.640706
MGG_01071T0	2385	2386	489	15.7031
MGG_00052T0	675	676	2963	335.84
MGG_08891T0	2037	2038	273	10.2637
MGG_06739T0	2010	2011	37	1.40973
MGG_16864T0	218	219	10	3.49867
MGG_04126T0	2572	2573	338	10.0652
MGG_04615T0	4106	4107	2357	43.9726
MGG_04663T0	1536	1537	422	21.0371
MGG_15860T0	1504	1505	1598	81.3556
MGG_09293T0	3847	3848	3252.55	64.7644
MGG_16206T0	1137	1138	6	0.403977
MGG_16206T1	819	820	0	0
MGG_16906T0	150	151	126	63.9353
MGG_16644T0	439	440	4	0.696554
MGG_14872T0	2749	2750	289	8.05216
MGG_00625T0	1430	1431	3514	188.152
MGG_11473T0	2183	2184	568	19.9271
MGG_01138T0	1401	1402	313	17.1058
MGG_11255T0	859	860	4228	376.69
MGG_06062T0	4408	4409	2291.72	39.8262
MGG_04870T0	2141	2142	1300	46.502
MGG_01528T0	1757	1758	1951	85.0327
MGG_00990T0	4175	4176	1276	23.4119
MGG_04898T0	504	505	624	94.6761
MGG_02531T0	3518	3519	32	0.696752
MGG_00068T0	2243	2244	895	30.5596
MGG_05757T0	1553	1554	1200.9	59.2114
MGG_02828T0	4675	4676	424	6.94766
MGG_15333T0	1233	1234	0	0
MGG_09887T0	1035	1036	1330.56	98.4064
MGG_15298T0	1269	1270	194	11.7043
MGG_16752T0	1081	1082	33.4598	2.36943
MGG_10810T0	537	538	0	0
MGG_13202T0	2036	2037	121	4.55137
MGG_11611T0	1527	1528	1531	76.7714
MGG_07763T0	1524	1525	2042	102.597
MGG_07506T0	2343	2344	84	2.7458
MGG_16272T0	701	702	7	0.764026
MGG_00308T0	2169	2170	890.429	31.4403
MGG_02567T0	2296	2297	1470	49.0347
MGG_05937T0	3997	3998	242	4.63788
MGG_15118T0	641	642	2419	288.701
MGG_16227T0	409	410	24	4.48513
MGG_08399T0	387	388	0	0
MGG_05753T0	1533	1534	17040	851.122
MGG_07473T0	1960	1961	6	0.234434
MGG_04210T0	1605	1606	1467	69.9893
MGG_15309T0	573	574	0	0
MGG_13309T0	3118	3119	5	0.122829
MGG_18010T0	485	486	8	1.26125
MGG_17421T0	432	433	0	0
MGG_16242T0	564	565	24	3.25469
MGG_16240T0	156	157	0	0
MGG_02016T0	1755	1756	0	0
MGG_00066T0	1381	1382	100	5.54421
MGG_08796T0	309	310	0	0
MGG_04862T0	2487	2488	4036	124.293
MGG_02143T0	1149	1150	1	0.0666269
MGG_17658T0	1482	1483	0	0
MGG_08459T0	1563	1564	15	0.734855
MGG_00233T0	7158	7159	0	0
MGG_05992T0	1980	1981	3361	129.996
MGG_04096T0	542	543	0	0
MGG_01438T0	786	787	93	9.05431
MGG_03812T0	996	997	0	0
MGG_10588T0	3269	3270	4180	97.9436
MGG_15796T0	330	331	11	2.54631
MGG_03075T0	2614	2615	2439	71.464
MGG_04628T0	1785	1786	4135.98	177.437
MGG_10636T0	930	931	1526	125.589
MGG_02369T0	630	631	5	0.607139
MGG_12016T0	711	712	2	0.215227
MGG_04109T0	1744	1745	221	9.70385
MGG_00503T0	3325	3326	10611.2	244.45
MGG_17926T0	380	381	21	4.2232
MGG_14794T0	1617	1618	31	1.46802
MGG_03539T0	963	964	2	0.158965
MGG_05640T0	750	751	629	64.1738
MGG_16167T0	1608	1609	4.38162	0.208653
MGG_04132T0	4069	4070	993.478	18.703
MGG_07267T0	1972	1973	1131.3	43.9339
MGG_02347T0	668	669	2447	280.256
MGG_17171T0	201	202	2	0.758623
MGG_15057T0	2749	2750	411	11.4513
MGG_06032T0	2364	2365	580	18.7908
MGG_16308T0	1384	1385	99	5.47687
MGG_14550T0	1664	1665	207	9.52584
MGG_15686T0	324	325	8	1.88605
MGG_01996T0	4709	4710	104.046	1.69259
MGG_01996T1	4656	4657	3703.95	60.9406
MGG_05249T0	1888	1889	3235.39	131.233
MGG_13023T0	1552	1553	1235	60.9316
MGG_07524T0	1631	1632	1455	68.3109
MGG_16372T0	1299	1300	46.0341	2.71321
MGG_00176T0	1168	1169	22	1.44197
MGG_16751T0	1128	1129	32.6476	2.21567
MGG_15558T0	183	184	0	0
MGG_06566T0	4045	4046	1149	21.7591
MGG_00646T0	1146	1147	296.802	19.8267
MGG_15902T0	2760	2761	4.00288	0.111085
MGG_05648T0	881	882	400	34.7487
MGG_00885T0	3205	3206	2166	51.7657
MGG_10546T0	315	316	0	0
MGG_03843T0	2652	2653	562	16.231
MGG_11357T0	3855	3856	2100	41.7282
MGG_01207T0	5073	5074	1820.73	27.4943
MGG_01207T1	5502	5503	396.267	5.51742
MGG_15775T1	2969	2970	158.246	4.08248
MGG_15775T0	742	743	3.08412	0.318046
MGG_11141T0	4123	4124	1619	30.0798
MGG_16077T0	900	901	659.185	56.057
MGG_10269T0	3027	3028	2892	73.1796
MGG_08409T0	888	889	0	0
MGG_17798T0	423	424	6	1.08426
MGG_05121T0	2681	2682	52	1.48557
MGG_03406T0	3782	3783	1498	30.3405
MGG_15696T0	1752	1753	64.0966	2.80156
MGG_10163T0	1802	1803	882	37.4818
MGG_00486T0	959	960	118.044	9.4215
MGG_09560T0	5038	5039	2636	40.0819
MGG_13116T0	1409	1410	57.6439	3.13243
MGG_08708T0	2454	2455	1512.99	47.2207
MGG_13182T0	336	337	0	0
MGG_10362T0	1122	1123	5	0.341144
MGG_14175T0	3019	3020	202	5.12498
MGG_18112T0	468	469	0	0
MGG_18112T1	631	632	3	0.363707
MGG_09929T0	999	1000	297	22.7564
MGG_03963T0	2840	2841	655	17.6652
MGG_06454T0	1662	1663	744	34.279
MGG_10697T0	1102	1103	482.074	33.4877
MGG_05302T0	2734	2735	207.703	5.8188
MGG_16600T0	624	625	6	0.735561
MGG_15460T0	597	598	0	0
MGG_09262T0	1916	1917	582.868	23.2967
MGG_05976T0	1218	1219	368	23.1308
MGG_16332T0	180	181	106	44.8719
MGG_17224T0	1020	1021	15	1.12567
MGG_13768T0	2385	2386	102	3.2755
MGG_11606T0	1609	1610	224	10.6603
MGG_09821T0	1668	1669	2186	100.356
MGG_17126T0	159	160	0	0
MGG_07882T0	1884	1885	66	2.68275
MGG_06839T0	3231	3232	54	1.28018
MGG_05023T0	1059	1060	212	15.3242
MGG_07814T0	834	835	0	0
MGG_16358T0	725	726	0	0
MGG_08623T0	3323	3324	1674.65	38.602
MGG_09867T0	1222	1223	139.547	8.7426
MGG_09204T0	1498	1499	637	32.5601
MGG_08137T0	3728	3729	522	10.7257
MGG_09445T0	1700	1701	13	0.58558
MGG_15751T0	396	397	96	18.528
MGG_09287T0	1863	1864	2770	113.863
MGG_17030T0	309	310	0	0
MGG_16402T0	807	808	1741	165.095
MGG_03294T0	2359	2360	3	0.0973995
MGG_11906T0	873	874	78	6.83802
MGG_08452T0	3390	3391	21.0157	0.474859
MGG_06798T0	1323	1324	1	0.0578708
MGG_08725T0	4530	4531	14345	242.579
MGG_00912T0	2987	2988	3542	90.8271
MGG_08377T0	1497	1498	3	0.153446
MGG_02246T0	660	661	185	21.4446
MGG_05614T0	1461	1462	558	29.2438
MGG_17475T0	336	337	0	0
MGG_09394T0	2165	2166	445	15.7416
MGG_02075T0	3493	3494	83	1.82013
MGG_17761T0	311	312	0	0
MGG_16554T0	774	775	0	0
MGG_09458T0	1721	1722	3249.69	144.596
MGG_16846T0	761	762	57	5.73149
MGG_16157T0	399	400	2	0.383105
MGG_00900T0	444	445	206	35.4695
MGG_00930T0	5944	5945	537.114	6.92249
MGG_01149T0	576	577	4767	633.019
MGG_02938T0	1108	1109	1332	92.028
MGG_16806T0	3654	3655	150	3.1445
MGG_15589T0	474	475	38	6.12967
MGG_01510T0	2813	2814	1300	35.397
MGG_10559T0	429	430	0	0
MGG_01519T0	1284	1285	2424	144.536
MGG_17072T0	2166	2167	11676	412.841
MGG_16328T0	633	634	0	0
MGG_15381T0	642	643	0	0
MGG_08398T0	588	589	0	0
MGG_12165T0	1756	1757	143	6.23608
MGG_00783T0	1574	1575	1633	79.4425
MGG_18097T0	675	676	0	0
MGG_15814T0	1015	1016	9807	739.588
MGG_10788T0	432	433	0	0
MGG_03594T0	1396	1397	432.046	23.6963
MGG_09006T0	976	977	4019.19	315.204
MGG_10741T0	1835	1836	749.205	31.2662
MGG_07352T0	345	346	0	0
MGG_09068T0	870	871	0	0
MGG_07656T0	3387	3388	78	1.764
MGG_07715T0	1424	1425	305	16.3996
MGG_16919T0	159	160	0	0
MGG_08905T0	1191	1192	3872.68	248.933
MGG_03681T0	1887	1888	3729	151.334
MGG_17737T0	186	187	0	0
MGG_17087T0	669	670	2	0.228719
MGG_11617T0	1986	1987	3	0.115683
MGG_05615T0	2782	2783	581	15.996
MGG_16172T0	396	397	0	0
MGG_09426T0	1884	1885	46	1.86979
MGG_06909T0	2035	2036	1271	47.8316
MGG_17515T0	249	250	0	0
MGG_15291T0	3638	3639	9606.57	202.271
MGG_08633T0	672	673	108	12.2958
MGG_02956T0	1958	1959	559	21.8638
MGG_06349T0	1179	1180	2518	163.501
MGG_05768T0	2682	2683	88	2.5131
MGG_05125T0	3393	3394	9987	225.461
MGG_06564T0	1955	1956	3012	117.987
MGG_03919T0	2625	2626	7504	218.95
MGG_02694T0	2079	2080	20	0.73674
MGG_17965T0	793	794	4	0.386
MGG_09396T0	1382	1383	4875	270.085
MGG_17702T0	1579	1580	998	48.3973
MGG_06187T0	921	922	650	54.0169
MGG_00276T0	1545	1546	7014	347.619
MGG_17043T0	168	169	0	0
MGG_14874T0	861	862	2075	184.441
MGG_05638T0	1912	1913	142	5.68749
MGG_03588T0	1693	1694	148	6.69415
MGG_03682T0	1758	1759	146	6.35967
MGG_02438T0	2607	2608	17981.7	528.288
MGG_17119T0	3027	3028	731	18.4973
MGG_17812T0	1969	1970	192	7.46762
MGG_15580T0	3102	3103	9	0.222233
MGG_15887T0	1328	1329	59	3.40153
MGG_03572T0	1057	1058	767	55.5465
MGG_01535T0	1222	1223	2329	145.912
MGG_14704T0	789	790	92	8.92294
MGG_06312T0	3726	3727	155	3.18654
MGG_08139T0	1580	1581	1142.51	55.37
MGG_08139T1	1529	1530	2443.49	122.368
MGG_16336T0	375	376	81	16.5061
MGG_11269T0	1794	1795	333	14.2144
MGG_07702T0	1195	1196	212	13.5816
MGG_04196T0	4253	4254	7534	135.699
MGG_15095T0	645	646	0	0
MGG_06073T0	1490	1491	638	32.7861
MGG_15419T0	417	418	0	0
MGG_08363T0	1933	1934	0	0
MGG_05646T0	2888	2889	2767.96	73.4106
MGG_17584T0	396	397	0	0
MGG_16533T0	192	193	0	0
MGG_01177T0	919	920	7	0.582985
MGG_05092T0	1158	1159	201	13.288
MGG_17406T0	720	721	22	2.33795
MGG_12699T0	321	322	0	0
MGG_17415T0	294	295	14	3.63625
MGG_03317T0	2183	2184	7142	250.562
MGG_08893T0	3923	3924	1365	26.6533
MGG_16699T0	252	253	0	0
MGG_00041T0	1308	1309	235.893	13.8077
MGG_17544T0	153	154	0	0
MGG_08835T0	1602	1603	13034	623.005
MGG_15720T0	1861	1862	1380	56.7867
MGG_06053T0	1859	1860	1089	44.8603
MGG_15450T0	342	343	0	0
MGG_03757T0	1867	1868	617	25.3079
MGG_12861T0	1689	1690	2928	132.749
MGG_16373T0	3136	3137	58.3237	1.42455
MGG_01862T0	2175	2176	376	13.2396
MGG_01742T0	3036	3037	24652	621.949
MGG_05694T1	2470	2471	2188.57	67.8632
MGG_05694T0	1931	1932	337.432	13.3822
MGG_04566T0	1125	1126	1281	87.1682
MGG_07047T0	4618	4619	1935	32.0982
MGG_02247T0	1475	1476	184	9.55166
MGG_15544T0	150	151	6	3.04454
MGG_00163T0	1784	1785	2389	102.548
MGG_02289T0	1805	1806	112	4.75169
MGG_04578T0	315	316	2	0.484943
MGG_10673T0	1026	1027	108	8.05751
MGG_06151T0	1032	1033	784.549	58.1925
MGG_04688T0	2551	2552	3555	106.735
MGG_15403T0	780	781	8	0.784849
MGG_13686T0	533	534	0	0
MGG_12447T0	12105	12106	0	0
MGG_10065T0	603	604	0	0
MGG_05802T0	1290	1291	1	0.0593501
MGG_06430T0	2752	2753	669	18.6195
MGG_01604T0	2440	2441	6085	191.003
MGG_07787T0	2448	2449	144	4.50527
MGG_16325T0	474	475	0	0
MGG_04631T0	1068	1069	55	3.94214
MGG_17911T0	336	337	2	0.454724
MGG_08337T0	1430	1431	0	0
MGG_12155T0	4293	4294	3	0.0535312
MGG_02186T0	1601	1602	325	15.5442
MGG_01181T0	1725	1726	5	0.221961
MGG_00297T0	1872	1873	684	27.9812
MGG_14937T0	2537	2538	1285.41	38.8059
MGG_09977T0	1892	1893	6085	246.296
MGG_17535T0	1833	1834	389.353	16.2664
MGG_16128T0	273	274	5	1.39819
MGG_18071T0	162	163	0	0
MGG_01093T0	1388	1389	1376	75.9038
MGG_06145T0	3991	3992	3442	66.0644
MGG_06203T0	2060	2061	78421	2915.42
MGG_12813T0	1545	1546	1635	81.0318
MGG_06986T0	1071	1072	72	5.14618
MGG_03579T0	2556	2557	1670	50.0418
MGG_14253T0	189	190	0	0
MGG_09736T0	1084	1085	89	6.28503
MGG_07957T0	1960	1961	5	0.195362
MGG_09567T0	1363	1364	181.259	10.182
MGG_17408T0	297	298	18	4.62811
MGG_16135T0	177	178	17	7.31773
MGG_05201T0	1041	1042	3679	270.526
MGG_13177T0	2248	2249	1227	41.8025
MGG_16688T0	435	436	0	0
MGG_07859T0	2238	2239	0	0
MGG_07269T0	996	997	5	0.384257
MGG_02428T0	2602	2603	768	22.6066
MGG_10700T0	1251	1252	9422	576.615
MGG_06423T0	1116	1117	474	32.5142
MGG_04822T0	1517	1518	1083	54.6643
MGG_02453T0	1732	1733	2045	90.4153
MGG_04422T0	1418	1419	260.976	14.0918
MGG_10748T0	2022	2023	0	0
MGG_17717T1	682	683	13.2677	1.48841
MGG_17717T0	748	749	17.7323	1.81397
MGG_16287T0	1876	1877	2923	119.32
MGG_15854T0	183	184	13	5.41343
MGG_00478T0	1600	1601	210.06	10.0531
MGG_06503T0	1461	1462	5544	290.552
MGG_06303T0	1630	1631	1615	75.8693
MGG_08656T0	1815	1816	151	6.37101
MGG_15277T0	4505	4506	355	6.03649
MGG_15187T0	453	454	2	0.337537
MGG_15632T0	318	319	3	0.720573
MGG_17853T0	153	154	0	0
MGG_00371T0	5831	5832	18982.9	249.397
MGG_09186T1	4746	4747	768.633	12.4064
MGG_09186T0	6384	6385	6233.37	74.8013
MGG_17662T0	1146	1147	0	0
MGG_08006T0	1659	1660	2872	132.563
MGG_08637T0	2016	2017	3677	139.68
MGG_16972T0	1590	1591	0	0
MGG_01859T0	2973	2974	179	4.61168
MGG_02925T0	1011	1012	3149	238.418
MGG_07663T0	2537	2538	1826	55.126
MGG_08697T0	4427	4428	196	3.39153
MGG_16002T0	351	352	0	0
MGG_13409T0	2300	2301	86	2.86371
MGG_06416T0	2380	2381	411	13.226
MGG_05534T0	3053	3054	8720	218.774
MGG_08549T0	2142	2143	56	2.00223
MGG_17381T0	315	316	4	0.969885
MGG_05132T0	1645	1646	34.6497	1.61294
MGG_01561T0	2787	2788	5141	141.287
MGG_16943T0	447	448	0	0
MGG_17503T0	1419	1420	64	3.45334
MGG_01975T0	2421	2422	7	0.221448
MGG_08847T0	2880	2881	435	11.5689
MGG_00988T0	2059	2060	1504	55.9407
MGG_16462T0	1517	1518	14643	739.104
MGG_02572T0	4124	4125	12624	234.488
MGG_04182T0	2627	2628	1966	57.3199
MGG_03513T0	2272	2273	332	11.1914
MGG_02743T0	2005	2006	645.815	24.6675
MGG_11176T0	1729	1730	226.442	10.029
MGG_07337T0	751	752	5552	565.691
MGG_03174T0	1603	1604	432	20.6361
MGG_09616T0	396	397	0	0
MGG_04291T0	366	367	0	0
MGG_11310T0	1741	1742	331	14.5589
MGG_08702T0	687	688	0	0
MGG_16757T0	372	373	3	0.616254
MGG_16213T0	6225	6226	10457	128.69
MGG_09306T0	3741	3742	675	13.8213
MGG_03270T0	3549	3550	1215.22	26.2285
MGG_08474T0	1790	1791	2462	105.327
MGG_16175T0	527	528	0	0
MGG_05684T0	1823	1824	2705	113.629
MGG_05656T0	6419	6420	429	5.12
MGG_11399T0	1488	1489	1766	90.8748
MGG_08937T0	2022	2023	11.6422	0.440945
MGG_17379T0	375	376	0	0
MGG_18137T0	2517	2518	5	0.152146
MGG_00638T0	2495	2496	1090	33.4603
MGG_11425T0	8954	8955	2318	19.8333
MGG_00899T0	1859	1860	767	31.5958
MGG_11192T0	3581	3582	606	12.9627
MGG_17250T0	252	253	0	0
MGG_16122T0	210	211	62	22.5142
MGG_06274T0	1915	1916	1182	47.2682
MGG_13338T0	1700	1701	742	33.4231
MGG_10525T0	2592	2593	3765	111.253
MGG_09351T0	1322	1323	252	14.5945
MGG_11887T0	1641	1642	887.25	41.4019
MGG_16581T0	255	256	0	0
MGG_15523T0	2819	2820	1138	30.9201
MGG_12748T0	854	855	9	0.806536
MGG_15708T0	353	354	10	2.16443
MGG_14206T0	1694	1695	1	0.0452041
MGG_09563T0	1429	1430	1403	75.1742
MGG_07613T0	7956	7957	1727	16.6299
MGG_17513T0	2150	2151	27115	965.865
MGG_17478T0	162	163	5	2.35034
MGG_16552T0	633	634	0	0
MGG_09030T0	2141	2142	108	3.86324
MGG_09949T0	2472	2473	1815.2	56.2404
MGG_05744T0	509	510	0	0
MGG_14156T0	471	472	0	0
MGG_09663T0	306	307	0	0
MGG_04637T0	3124	3125	1705	41.8044
MGG_04452T0	976	977	8	0.627398
MGG_03407T0	2889	2890	420	11.1352
MGG_13936T0	2207	2208	18643	646.94
MGG_12101T0	2503	2504	6125	187.421
MGG_03740T0	1179	1180	1690.42	109.764
MGG_15785T0	381	382	0	0
MGG_00088T0	1707	1708	23	1.03178
MGG_00548T0	1475	1476	2345.63	121.765
MGG_00548T1	1427	1428	5205.37	279.3
MGG_15198T0	957	958	50.0271	4.00117
MGG_11546T0	5081	5082	7403	111.614
MGG_01586T0	3222	3223	8210	195.178
MGG_08573T0	3477	3478	2206	48.5985
MGG_02231T0	936	937	0	0
MGG_17183T0	251	252	6	1.82431
MGG_05424T0	747	748	0	0
MGG_12239T0	315	316	0	0
MGG_03784T0	1656	1657	609	28.1606
MGG_11230T0	1803	1804	613	26.0358
MGG_15590T0	159	160	2	0.957762
MGG_00301T0	1479	1480	0	0
MGG_12920T0	1192	1193	878	56.3899
MGG_03237T0	1977	1978	1415	54.8122
MGG_04835T0	1427	1428	10491	562.906
MGG_07249T0	1077	1078	31	2.20338
MGG_00803T0	4135	4136	5482	101.556
MGG_16705T0	222	223	0	0
MGG_02992T0	2151	2152	88	3.1332
MGG_09471T0	3539	3540	4500	97.3995
MGG_07284T0	1851	1852	1269.03	52.5022
MGG_03639T0	522	523	43	6.29962
MGG_07059T0	4634	4635	885	14.6299
MGG_17727T0	264	265	1	0.289136
MGG_10301T0	879	880	0	0
MGG_14344T0	471	472	0	0
MGG_01343T0	2475	2476	105	3.24927
MGG_17874T0	254	255	0	0
MGG_16292T0	390	391	3	0.587884
MGG_17107T0	156	157	2	0.976063
MGG_09271T0	1496	1497	528	27.0246
MGG_07808T0	1650	1651	20	0.928176
MGG_06590T0	3819	3820	69	1.38399
MGG_08568T0	1927	1928	110	4.37153
MGG_01692T0	1206	1207	65	4.12623
MGG_14606T0	1059	1060	27	1.95166
MGG_03890T0	3699	3700	249	5.15638
MGG_06605T0	2097	2098	9893	361.302
MGG_00821T0	387	388	0	0
MGG_03709T0	2463	2464	45	1.39933
MGG_15772T0	298	299	27	6.91895
MGG_15840T0	318	319	0	0
MGG_04336T0	1548	1549	51	2.5227
MGG_17538T0	844	845	578.613	52.4661
MGG_06050T0	2288	2289	1904	63.7336
MGG_02713T0	519	520	4716	694.893
MGG_04745T0	1408	1409	2144	116.59
MGG_13161T0	1980	1981	1449	56.0443
MGG_08908T0	1273	1274	1590	95.6258
MGG_00509T0	1742	1743	4365	191.882
MGG_07600T0	2246	2247	131	4.467
MGG_16204T0	789	790	10324	1001.31
MGG_15348T0	363	364	0	0
MGG_05114T0	1851	1852	1160	47.9915
MGG_11568T0	2604	2605	351	10.324
MGG_01105T0	1503	1504	279	14.2136
MGG_06453T0	907	908	1841	155.351
MGG_14903T0	3428	3429	45	1.00552
MGG_06996T0	1033	1034	618.521	45.8333
MGG_02443T0	3197	3198	1866	44.7075
MGG_04335T0	2058	2059	3	0.111638
MGG_03694T0	1781	1782	865	37.1925
MGG_05449T0	1208	1209	12660	802.333
MGG_12530T0	3816	3817	336	6.74473
MGG_17602T0	441	442	0	0
MGG_08928T0	3289	3290	740.689	17.2499
MGG_06912T0	2663	2664	1538.92	44.262
MGG_16430T0	207	208	35	12.8929
MGG_15032T0	645	646	25	2.96521
MGG_17102T0	2790	2791	1587	43.5677
MGG_00743T0	1937	1938	61	2.4117
MGG_11377T0	1209	1210	1018	64.4629
MGG_07377T0	720	721	0	0
MGG_02582T0	2254	2255	2	0.0679565
MGG_16326T0	987	988	0	0
MGG_15831T0	1318	1319	543.364	31.5641
MGG_08923T0	1879	1880	2896	118.029
MGG_08164T0	1431	1432	6158	329.491
MGG_01070T0	2366	2367	24646	797.803
MGG_02019T0	1728	1729	0	0
MGG_09777T0	1779	1780	34	1.46355
MGG_15308T0	319	320	2	0.478881
MGG_03978T0	1734	1735	695	30.6925
MGG_10401T0	825	826	56	5.19464
MGG_15375T0	366	367	0	0
MGG_03842T0	3748	3749	1567	32.0259
MGG_18013T0	213	214	0	0
MGG_16170T0	469	470	0	0
MGG_12349T0	3975	3976	1190	22.9323
MGG_11702T0	2781	2782	3200	88.1333
MGG_14868T0	1963	1964	944	36.828
MGG_18101T0	504	505	4	0.606898
MGG_17385T0	2038	2039	1201	45.1308
MGG_13455T0	2725	2726	6333	178.005
MGG_01460T0	1130	1131	92.4127	6.2606
MGG_15527T0	1517	1518	279	14.0825
MGG_09760T0	1958	1959	534	20.8859
MGG_05359T0	3491	3492	8337	182.929
MGG_08744T0	6185	6186	1877	23.2489
MGG_17340T0	614	615	2	0.249174
MGG_09181T0	1119	1120	1111	76.0052
MGG_09807T0	630	631	5	0.607139
MGG_00686T0	1527	1528	2357	118.191
MGG_00939T0	2349	2350	1059	34.5283
MGG_10279T0	1512	1513	18	0.911551
MGG_07259T0	2912	2913	1318	34.6675
MGG_08104T0	1981	1982	943	36.4549
MGG_03474T0	1902	1903	21	0.845528
MGG_10724T0	1916	1917	20	0.799384
MGG_01969T0	4755	4756	1921	30.948
MGG_06940T0	1798	1799	401	17.0789
MGG_06455T0	2656	2657	1352	38.9881
MGG_05338T0	1624	1625	45	2.12181
MGG_01693T0	1806	1807	322.857	13.6899
MGG_15661T0	393	394	30	5.83408
MGG_04512T0	1813	1814	939	39.6621
MGG_15393T0	1032	1033	1	0.0741732
MGG_03097T0	1781	1782	70	3.0098
MGG_08520T0	1438	1439	4	0.212984
MGG_00049T0	2127	2128	1435	51.6687
MGG_03353T0	1258	1259	203	12.3543
MGG_16939T0	405	406	0	0
MGG_03562T0	3761	3762	186	3.78828
MGG_15862T0	698	699	1	0.109615
MGG_13986T0	1999	2000	5077	194.502
MGG_08729T0	831	832	0	0
MGG_01232T0	1614	1615	8998	426.895
MGG_17419T0	168	169	0	0
MGG_15373T0	1448	1449	1	0.0528785
MGG_01760T0	2335	2336	2662	87.3137
MGG_12128T0	2746	2747	1761	49.1188
MGG_17292T0	240	241	0	0
MGG_08389T0	1297	1298	0	0
MGG_02377T0	3269	3270	220.429	5.16498
MGG_04987T0	3916	3917	2151	42.076
MGG_06562T0	1175	1176	21835	1422.63
MGG_16872T0	312	313	3109	761.069
MGG_16629T0	573	574	4852	647.674
MGG_16380T0	417	418	0	0
MGG_04359T0	3689	3690	1656	34.386
MGG_01089T0	2049	2050	1045	39.058
MGG_05493T0	1092	1093	0	0
MGG_17622T0	1625	1626	12	0.565468
MGG_13756T0	810	811	127	11.9986
MGG_16179T0	440	441	15.0544	2.61561
MGG_16179T1	436	437	0	0
MGG_07030T0	2153	2154	2372	84.3755
MGG_01770T0	1673	1674	248.319	11.3659
MGG_18126T0	396	397	0	0
MGG_05288T0	2372	2373	398	12.8509
MGG_01095T0	2623	2624	849	24.7908
MGG_17390T0	871	872	41	3.60259
MGG_05345T0	2250	2251	10476	356.589
MGG_03658T0	855	856	1789.89	160.214
MGG_04989T0	6775	6776	2907	32.8715
MGG_17721T0	963	964	496	39.4232
MGG_03133T0	3317	3318	232	5.35746
MGG_10267T0	2662	2663	30	0.863172
MGG_10031T0	1215	1216	542	34.1518
MGG_15965T0	1713	1714	267.71	11.9674
MGG_07880T0	684	685	0	0
MGG_17808T0	255	256	0	0
MGG_14850T0	794	795	1145	110.353
MGG_08894T0	987	988	837	64.9106
MGG_03115T0	3467	3468	23	0.508155
MGG_05066T0	1167	1168	300.863	19.7366
MGG_17726T0	742	743	0	0
MGG_04470T0	3086	3087	1656	41.1028
MGG_09159T0	2017	2018	687	26.0845
MGG_00135T0	2042	2043	3799	142.478
MGG_06238T0	4217	4218	2170	39.4185
MGG_07545T0	1743	1744	1733	76.1376
MGG_07972T0	1260	1261	1170	71.0916
MGG_16087T0	231	232	0	0
MGG_02096T0	3394	3395	388	8.75668
MGG_07037T0	6168	6169	8126	100.927
MGG_03176T0	1272	1273	67	4.03268
MGG_09495T0	1311	1312	2075.88	121.231
MGG_09715T0	1493	1494	381	19.5399
MGG_00916T0	465	466	6	0.986535
MGG_06391T0	2373	2374	1236.46	39.9067
MGG_00146T0	1650	1651	1662.34	77.147
MGG_07793T0	1038	1039	80	5.89959
MGG_03944T0	2625	2626	103	3.00531
MGG_13651T0	1622	1623	50	2.36047
MGG_11713T0	1979	1980	857	33.1637
MGG_11447T0	1610	1611	384.085	18.2675
MGG_02997T0	480	481	141	22.4606
MGG_14806T0	5449	5450	2703	38.0012
MGG_17636T0	603	604	4948.87	627.793
MGG_03029T0	1368	1369	12	0.671622
MGG_03519T0	2151	2152	375	13.3517
MGG_11132T0	2254	2255	3618	122.933
MGG_00781T0	2271	2272	34	1.14662
MGG_09817T0	2993	2994	3	0.0767745
MGG_03428T0	792	793	6	0.57973
MGG_00394T0	987	988	5	0.387758
MGG_03585T0	1189	1190	4	0.257549
MGG_11091T0	702	703	0	0
MGG_08155T1	1029	1030	30.1768	2.24483
MGG_08155T0	1864	1865	200.8	8.24958
MGG_13410T0	555	556	2149	296.148
MGG_14869T0	568	569	187.434	25.2397
MGG_06156T1	3690	3691	4.27806	0.0888076
MGG_06156T0	3926	3927	10.7219	0.209199
MGG_16538T0	1485	1486	2021	104.207
MGG_15022T0	799	800	635	60.8179
MGG_02465T0	2209	2210	2124	73.6393
MGG_05681T0	1568	1569	513.004	25.0521
MGG_17924T0	267	268	9	2.57309
MGG_04859T0	2176	2177	31.7699	1.11816
MGG_16823T0	150	151	16	8.11877
MGG_12929T0	2128	2129	373.951	13.4582
MGG_06076T0	990	991	112	8.65948
MGG_16276T0	1992	1993	455	17.4925
MGG_04344T0	2426	2427	434	13.7015
MGG_05021T0	471	472	191	31.0055
MGG_03764T0	1781	1782	0	0
MGG_04912T0	3314	3315	474	10.9558
MGG_05469T0	444	445	0	0
MGG_16702T0	174	175	0	0
MGG_05790T0	1719	1720	0	0
MGG_17896T0	240	241	0	0
MGG_16665T0	210	211	3	1.0894
MGG_05850T0	1669	1670	648.819	29.7683
MGG_03968T0	1347	1348	94	5.343
MGG_06534T0	1895	1896	4990	201.655
MGG_13597T0	1461	1462	0	0
MGG_05238T0	965	966	7227.13	573.24
MGG_11654T0	1440	1441	0	0
MGG_04845T0	741	742	363	37.4844
MGG_12025T0	1152	1153	20	1.32907
MGG_11712T0	2936	2937	2368.88	61.7998
MGG_04122T0	1744	1745	252	11.065
MGG_14085T0	1568	1569	70.6441	3.44985
MGG_09000T0	2160	2161	41	1.45371
MGG_00183T0	5039	5040	2101	31.9406
MGG_05222T0	2861	2862	3592.16	96.1685
MGG_15827T0	237	238	2	0.643873
MGG_04609T0	2921	2922	386.3	10.1296
MGG_01546T0	249	250	528	161.823
MGG_03807T0	1641	1642	17	0.793274
MGG_03017T0	2812	2813	1496	40.7483
MGG_17531T0	3220	3221	4233	100.694
MGG_17581T0	576	577	5	0.663959
MGG_09947T0	5437	5438	1590	22.403
MGG_09885T0	2044	2045	725.171	27.1703
MGG_10059T0	1918	1919	1350	53.9022
MGG_04711T0	1549	1550	559	27.633
MGG_05230T0	1674	1675	204	9.33174
MGG_03158T0	3505	3506	36.0958	0.788847
MGG_03313T0	4354	4355	376	6.61526
MGG_03322T0	3278	3279	739	17.2683
MGG_14909T0	398	399	74	14.2104
MGG_11311T0	1815	1816	1641	69.2373
MGG_01050T0	3009	3010	2186	55.6456
MGG_00314T0	1965	1966	92	3.58552
MGG_17285T0	312	313	62.0634	15.1928
MGG_08916T0	2301	2302	115	3.82772
MGG_10927T0	1044	1045	0	0
MGG_03192T0	2451	2452	2035	63.5904
MGG_01417T0	2147	2148	53	1.89055
MGG_12568T0	1476	1477	5	0.25938
MGG_08561T0	3265	3266	3681.37	86.3657
MGG_12844T0	2742	2743	336.985	9.4131
MGG_05603T0	1208	1209	496.832	31.4869
MGG_15980T0	378	379	0	0
MGG_05379T0	4468	4469	3389	58.1043
MGG_02789T0	1844	1845	1280.76	53.1885
MGG_16839T0	300	301	8	2.03644
MGG_17311T0	590	591	90	11.6682
MGG_03933T0	1500	1501	134	6.84024
MGG_12247T0	663	664	44	5.07729
MGG_00754T0	1829	1830	3355	140.472
MGG_04802T0	1982	1983	1134	43.8165
MGG_17472T0	1806	1807	2136	90.5713
MGG_18070T0	264	265	0	0
MGG_15478T0	534	535	506	72.4676
MGG_04744T0	2193	2194	185	6.46074
MGG_02464T0	3323	3324	2538	58.503
MGG_06003T0	634	635	6310	761.383
MGG_17915T0	330	331	42	9.72229
MGG_17752T0	345	346	0	0
MGG_12315T0	1094	1095	158	11.0558
MGG_10436T0	402	403	0	0
MGG_10843T0	1713	1714	499	22.3068
MGG_16381T0	285	286	0	0
MGG_11813T0	1044	1045	0	0
MGG_04525T0	1431	1432	6436	344.366
MGG_05049T0	4330	4331	1164	20.5926
MGG_00537T0	2639	2640	5569.59	161.647
MGG_00537T1	2569	2570	2529.41	75.4109
MGG_02656T0	7725	7726	747	7.40821
MGG_15848T0	411	412	0	0
MGG_17036T0	231	232	22	7.26578
MGG_15210T0	1530	1531	0	0
MGG_16741T0	1008	1009	185	14.0484
MGG_00020T0	1524	1525	0	0
MGG_05116T0	2737	2738	278	7.77963
MGG_12114T0	219	220	428	149.063
MGG_11859T0	1475	1476	1	0.0519112
MGG_10322T0	1560	1561	673	33.0339
MGG_05960T0	6202	6203	1021	12.6116
MGG_03126T0	2230	2231	142	4.87681
MGG_12599T0	2039	2040	551	20.6952
MGG_16845T0	324	325	1	0.235757
MGG_13019T0	801	802	74	7.06976
MGG_09367T0	1011	1012	12976	982.444
MGG_06746T0	423	424	0	0
MGG_07609T0	765	766	53	5.30145
MGG_06862T1	3180	3181	0	0
MGG_06862T0	2760	2761	2	0.0555023
MGG_05686T0	1905	1906	2144	86.1885
MGG_06340T0	675	676	0	0
MGG_10216T0	1464	1465	0	0
MGG_03048T0	3114	3115	4103	100.923
MGG_05108T0	636	637	419	50.399
MGG_17870T0	195	196	5	1.95462
MGG_03116T0	2789	2790	3419	93.895
MGG_05101T0	1167	1168	426	27.9456
MGG_12137T0	1820	1821	1063.9	44.7652
MGG_02392T0	192	193	11327	4496.81
MGG_01328T0	710	711	383	41.274
MGG_11040T0	1820	1821	2000	84.1526
MGG_06257T0	2406	2407	71	2.26011
MGG_01991T0	1996	1997	2935	112.61
MGG_06723T0	744	745	392	40.316
MGG_03418T0	2066	2067	8298	307.596
MGG_09946T0	1344	1345	905	51.5553
MGG_03502T0	2679	2680	560	16.0103
MGG_09516T0	3040	3041	912	22.9787
MGG_02273T0	651	652	0	0
MGG_09539T0	1594	1595	653	31.3689
MGG_16201T0	1124	1125	6417	437.046
MGG_17706T0	204	205	0	0
MGG_02763T0	2262	2263	1161	39.3093
MGG_14793T0	490	491	14	2.18471
MGG_09793T0	823	824	1	0.0929866
MGG_07244T0	1140	1141	817	54.8635
MGG_11472T0	603	604	24	3.04454
MGG_07335T0	2516	2517	2196	66.8492
MGG_06131T1	3254	3255	248.102	5.84019
MGG_06131T0	1879	1880	651.096	26.5359
MGG_06131T2	3006	3007	323.344	8.23909
MGG_14388T0	606	607	0	0
MGG_17851T0	180	181	0	0
MGG_04892T0	562	563	9	1.22485
MGG_16071T0	240	241	0	0
MGG_07711T0	2351	2352	1763	57.4331
MGG_03208T0	2729	2730	0	0
MGG_06968T0	2256	2257	417	14.1564
MGG_16345T0	294	295	0	0
MGG_17239T0	429	430	0	0
MGG_16959T0	237	238	0	0
MGG_15085T0	3208	3209	22	0.525291
MGG_09926T0	2122	2123	4563	164.683
MGG_17060T1	4863	4864	6441.14	101.465
MGG_17060T0	2553	2554	1389.67	41.6907
MGG_09968T0	944	945	8	0.648643
MGG_11685T0	1977	1978	1793	69.4547
MGG_02125T0	1728	1729	5719	253.438
MGG_01318T0	1257	1258	2974	181.137
MGG_16743T0	3632	3633	115	2.42538
MGG_01867T0	1897	1898	5237	211.414
MGG_10803T0	1179	1180	0	0
MGG_08467T0	1236	1237	0	0
MGG_14270T0	2408	2409	6247	198.693
MGG_02043T0	1065	1066	10	0.71877
MGG_16661T0	582	583	0	0
MGG_14438T0	441	442	0	0
MGG_15168T0	1261	1262	37	2.24641
MGG_10204T0	1130	1131	198.437	13.4433
MGG_02518T0	3142	3143	320	7.80105
MGG_08562T0	2731	2732	160	4.48732
MGG_03508T0	2693	2694	174	4.94879
MGG_06843T0	2407	2408	770	24.5009
MGG_03506T0	1725	1726	6981	309.902
MGG_17556T0	501	502	0	0
MGG_15728T0	1944	1945	44	1.73333
MGG_01012T0	4286	4287	4384.65	78.3662
MGG_03093T0	1450	1451	61.9047	3.26892
MGG_14706T0	1255	1256	0	0
MGG_08276T0	1839	1840	202	8.41164
MGG_01233T1	1936	1937	1246.2	49.2951
MGG_01233T0	2170	2171	10.8046	0.381324
MGG_10183T0	1322	1323	270.868	15.6872
MGG_09139T0	2864	2865	139	3.71739
MGG_08313T0	957	958	2	0.15996
MGG_10663T0	1710	1711	31	1.38822
MGG_07517T0	2768	2769	35107.7	971.465
MGG_09055T0	1260	1261	20902	1270.05
MGG_00362T0	1549	1550	1079.64	53.3698
MGG_11561T0	5088	5089	422	6.35371
MGG_09540T0	2380	2381	1457	46.8865
MGG_04956T0	2103	2104	3606	131.319
MGG_09193T0	1861	1862	7953	327.264
MGG_00779T0	2360	2361	936	30.3758
MGG_05575T0	894	895	2	0.17122
MGG_03509T0	1572	1573	0	0
MGG_01244T0	4087	4088	2846	53.3423
MGG_03427T0	1548	1549	17	0.840901
MGG_06538T0	755	756	13332	1351.2
MGG_06832T0	1920	1921	1872	74.6665
MGG_05572T0	2901	2902	166.284	4.39037
MGG_17840T0	852	853	18	1.61685
MGG_07677T0	780	781	0	0
MGG_16507T0	870	871	20	1.75938
MGG_10676T0	561	562	909	123.93
MGG_08108T0	1103	1104	902	62.6015
MGG_04312T0	1308	1309	0	0
MGG_08055T0	1320	1321	995.38	57.7343
MGG_03056T0	2255	2256	154	5.23033
MGG_05941T0	1796	1797	913	38.9287
MGG_15041T0	1152	1153	57	3.78785
MGG_04641T0	1910	1911	1793.28	71.9011
MGG_03347T0	1537	1538	26729	1331.6
MGG_04544T0	1520	1521	382	19.2434
MGG_13058T0	3068	3069	1151	28.736
MGG_16733T0	2356	2357	97	3.15326
MGG_08943T0	1350	1351	0	0
MGG_05045T0	651	652	13	1.52772
MGG_10289T0	1944	1945	839	33.0514
MGG_00343T0	2987	2988	445	11.4111
MGG_01891T0	705	706	10	1.08528
MGG_04328T0	1881	1882	49	1.99491
MGG_16966T0	1560	1561	123	6.03739
MGG_06434T0	990	991	1005	77.7034
MGG_08291T0	462	463	90	14.8939
MGG_04411T0	704	705	930	101.074
MGG_17260T0	303	304	24	6.04902
MGG_07402T0	1169	1170	290	18.9915
MGG_15680T0	168	169	0	0
MGG_15740T0	772	773	25	2.47804
MGG_04629T0	4769	4770	6156.99	98.9003
MGG_06045T0	1228	1229	2782.53	173.474
MGG_00257T0	1095	1096	296	20.6932
MGG_03360T0	2808	2809	33	0.900139
MGG_06866T0	1228	1229	1	0.0623441
MGG_00544T0	588	589	775	100.817
MGG_03481T0	3052	3053	255	6.39972
MGG_17086T0	165	166	1	0.461572
MGG_03852T0	1917	1918	632.702	25.2754
MGG_17579T0	474	475	0	0
MGG_15505T0	600	601	44	5.60952
MGG_02216T1	1498	1499	434.944	22.232
MGG_02216T0	1551	1552	159.223	7.8607
MGG_15787T0	1129	1130	6.17487e-07	4.18694e-08
MGG_14814T0	2011	2012	242.617	9.23933
MGG_01764T0	1423	1424	41.4279	2.22911
MGG_02056T0	2791	2792	77	2.11311
MGG_17057T0	1050	1051	32	2.33289
MGG_15362T0	736	737	0	0
MGG_09674T0	1659	1660	0	0
MGG_13033T0	1720	1721	1151	51.2439
MGG_14404T0	2181	2182	362.427	12.7266
MGG_02272T0	1581	1582	2	0.0968659
MGG_17834T0	710	711	12	1.29318
MGG_16624T0	168	169	0	0
MGG_05607T0	2529	2530	1514.6	45.8694
MGG_10356T0	1470	1471	0	0
MGG_00097T0	1908	1909	214.945	8.62716
MGG_09156T0	1840	1841	264	10.9875
MGG_00778T0	1800	1801	848	36.0769
MGG_16320T0	222	223	2	0.687183
MGG_07733T0	966	967	30	2.37707
MGG_12646T0	3316	3317	1681	38.8302
MGG_06320T0	4624	4625	11644	192.902
MGG_16756T0	3007	3008	8301	211.446
MGG_00697T0	1186	1187	1233	79.5902
MGG_05683T0	4700	4701	1098	17.8961
MGG_07346T0	1107	1108	126	8.71321
MGG_00266T0	867	868	0	0
MGG_18023T0	342	343	1	0.223385
MGG_09029T0	1529	1530	934	46.7738
MGG_10312T0	1743	1744	2305	101.268
MGG_13974T0	360	361	0	0
MGG_16005T0	213	214	0	0
MGG_10299T0	684	685	5	0.559277
MGG_17414T0	198	199	34	13.091
MGG_04458T0	1479	1480	566	29.3023
MGG_09778T0	2190	2191	62	2.16819
MGG_16663T0	186	187	0	0
MGG_05209T0	3383	3384	4092	92.6515
MGG_14831T0	7755	7756	1	0.00987892
MGG_00467T0	3121	3122	357	8.76159
MGG_01679T0	1073	1074	41.0299	2.92714
MGG_09706T0	2102	2103	745	27.1434
MGG_02218T0	1005	1006	1	0.0761639
MGG_10334T0	2047	2048	766	28.658
MGG_11915T0	267	268	20	5.71798
MGG_00884T0	2176	2177	8404	295.784
MGG_14737T0	1609	1610	41.6532	1.9823
MGG_12300T0	1308	1309	2813	164.656
MGG_01006T0	1062	1063	2446.64	176.353
MGG_08983T0	1370	1371	143	7.99182
MGG_04648T0	2224	2225	68	2.34167
MGG_13192T0	2749	2750	13280	370.009
MGG_03705T0	3261	3262	1179	27.6935
MGG_00839T0	1101	1102	1559	108.396
MGG_01506T0	1533	1534	442	22.0772
MGG_09734T0	3869	3870	547	10.8299
MGG_17090T0	336	337	2	0.454724
MGG_03930T0	501	502	5276	805.283
MGG_09412T0	3091	3092	3520.92	87.2498
MGG_10477T0	888	889	4	0.344751
MGG_01311T0	3220	3221	6636	157.857
MGG_11674T0	327	328	3	0.700801
MGG_07202T0	2074	2075	6422	237.137
MGG_09964T0	2205	2206	16	0.555727
MGG_03494T0	1383	1384	3975	220.064
MGG_01977T0	2208	2209	1145	39.7152
MGG_18028T0	599	600	5	0.638508
MGG_16239T0	758	759	1	0.10095
MGG_05248T0	1105	1106	13049.6	904.044
MGG_09833T0	1646	1647	629.445	29.2827
MGG_10856T0	821	822	5438.51	506.938
MGG_04185T0	4021	4022	2225	42.3873
MGG_14703T0	1158	1159	532	35.1703
MGG_12392T0	3472	3473	7	0.154433
MGG_04806T0	1503	1504	1725	87.8797
MGG_09303T0	3690	3691	3761	78.074
MGG_16116T0	4641	4642	816	13.4689
MGG_05528T0	1291	1292	2259	133.968
MGG_16061T0	384	385	0	0
MGG_16830T0	2663	2664	390	11.217
MGG_03374T0	1501	1502	23	1.17329
MGG_08647T0	1420	1421	29	1.56369
MGG_17496T0	213	214	0	0
MGG_15293T0	1200	1201	671	42.8082
MGG_11216T0	2830	2831	1098	29.7173
MGG_14609T0	1347	1348	441	25.0666
MGG_05044T0	4539	4540	457	7.71272
MGG_09902T0	867	868	1684	148.652
MGG_17938T0	640	641	2	0.239067
MGG_16374T0	1424	1425	160	8.60305
MGG_07885T0	2543	2544	8	0.240946
MGG_14151T0	2124	2125	6.00938	0.216679
MGG_14667T0	966	967	257	20.3636
MGG_12163T0	636	637	1152	138.567
MGG_01423T0	2367	2368	4435.9	143.532
MGG_13948T0	1305	1306	388	22.7633
MGG_00294T0	2013	2014	604	22.9787
MGG_08287T0	1565	1566	1300.5	63.6305
MGG_08287T1	1399	1400	160.502	8.78418
MGG_10321T0	1773	1774	607	26.217
MGG_02517T0	3555	3556	854	18.4011
MGG_17459T0	570	571	4	0.536749
MGG_05570T0	976	977	246	19.2925
MGG_17954T0	482	483	5	0.793177
MGG_17857T0	420	421	0	0
MGG_15350T0	450	451	88	14.9504
MGG_12679T0	1458	1459	0	0
MGG_02922T0	1672	1673	0	0
MGG_03225T0	2492	2493	3665	112.642
MGG_08589T0	1486	1487	56.0689	2.88907
MGG_07287T0	3294	3295	1802	41.9032
MGG_15964T0	249	250	2.00291	0.613861
MGG_05600T0	2544	2545	2164	65.1504
MGG_08464T0	1053	1054	1456	105.844
MGG_17982T0	1783	1784	563.579	24.2051
MGG_00529T0	4579	4580	1339.26	22.4051
MGG_04332T0	1101	1102	7	0.486703
MGG_03178T0	2517	2518	178	5.41641
MGG_02692T0	954	955	108	8.66498
MGG_05938T0	1456	1457	625	32.8676
MGG_10774T0	388	389	0	0
MGG_03881T0	4342	4343	1452.08	25.6181
MGG_07937T0	1173	1174	123	8.02758
MGG_16744T0	3529	3530	2162	46.9276
MGG_15040T0	1143	1144	0	0
MGG_17832T0	390	391	0	0
MGG_10766T0	1593	1594	0	0
MGG_11343T0	2690	2691	1029	29.2987
MGG_15263T0	1132	1133	12	0.811519
MGG_00844T0	3350	3351	36	0.823143
MGG_01578T0	2198	2199	5319	185.333
MGG_18120T0	162	163	1	0.470067
MGG_03067T0	5536	5537	108	1.4945
MGG_00174T0	2875	2876	1337	35.6197
MGG_02234T0	537	538	0	0
MGG_17520T0	165	166	83	38.3105
MGG_16610T0	543	544	0	0
MGG_16410T0	2752	2753	65	1.80907
MGG_09330T0	1860	1861	205	8.44024
MGG_10447T0	1507	1508	18370	933.373
MGG_13510T0	2264	2265	352.351	11.9194
MGG_16237T0	588	589	15	1.9513
MGG_07103T0	5120	5121	1194.75	17.876
MGG_10051T0	1244	1245	53	3.26177
MGG_17049T0	444	445	3	0.516546
MGG_16509T0	771	772	43	4.26775
MGG_12828T0	2491	2492	1673	51.4393
MGG_10187T0	3272	3273	2666	62.4111
MGG_01052T0	2648	2649	903	26.1188
MGG_06220T0	1329	1330	1656	95.4017
MGG_15531T0	464	465	13	2.14209
MGG_07220T0	1629	1630	462	21.7171
MGG_09916T0	1330	1331	11119	640.081
MGG_17580T0	369	370	0	0
MGG_01298T0	1490	1491	35	1.79861
MGG_18091T0	105	106	0	0
MGG_16789T0	273	274	0	0
MGG_09360T0	1668	1669	203.925	9.36185
MGG_10701T0	1116	1117	286	19.6182
MGG_03416T0	603	604	76	9.64104
MGG_03746T0	1059	1060	1	0.0722839
MGG_14711T0	2397	2398	2	0.063904
MGG_01110T0	682	683	4262.95	478.23
MGG_01690T0	963	964	1523	121.052
MGG_08214T0	423	424	0	0
MGG_17025T0	480	481	4.06831	0.648061
MGG_02720T0	1077	1078	27	1.91908
MGG_05157T0	931	932	72	5.91921
MGG_16076T0	600	601	378.993	48.3174
MGG_16379T0	315	316	6	1.45483
MGG_04831T0	3991	3992	1880.21	36.088
MGG_08152T0	1710	1711	3111	139.315
MGG_10685T0	2688	2689	631	17.9798
MGG_10916T0	2332	2333	0	0
MGG_08367T0	3203	3204	2590	61.9376
MGG_00867T0	1052	1053	740	53.8457
MGG_08663T0	2989	2990	2721.84	69.7491
MGG_01292T0	2284	2285	2167	72.6641
MGG_07912T0	1997	1998	3246	124.48
MGG_07398T0	417	418	0	0
MGG_15367T0	384	385	2	0.398031
MGG_00296T0	2665	2666	160.283	4.60655
MGG_10371T0	843	844	929	84.3375
MGG_05940T0	1429	1430	826	44.258
MGG_10806T0	3129	3130	110	2.69275
MGG_02719T0	2713	2714	3283	92.6848
MGG_03389T0	1897	1898	1105	44.6081
MGG_08346T0	1071	1072	0	0
MGG_17639T0	585	586	0	0
MGG_01997T0	1301	1302	21	1.23582
MGG_16425T0	1994	1995	228	8.75668
MGG_13884T0	597	598	0	0
MGG_04070T0	2408	2409	150	4.77092
MGG_02095T0	996	997	85	6.53238
MGG_13308T0	2100	2101	94	3.42807
MGG_00215T0	927	928	3	0.247697
MGG_01114T0	1410	1411	70	3.80118
MGG_06198T0	3375	3376	61	1.38444
MGG_16267T0	502	503	7	1.0663
MGG_15935T0	225	226	0	0
MGG_14595T0	969	970	24	1.89578
MGG_08318T0	1474	1475	41.5245	2.15705
MGG_01667T0	642	643	5185	617.853
MGG_02521T0	1806	1807	1189	50.4163
MGG_16537T0	348	349	0	0
MGG_17284T0	1068	1069	0	0
MGG_13782T0	1305	1306	16570	972.135
MGG_07373T0	666	667	0	0
MGG_07965T0	1216	1217	100	6.29589
MGG_03597T0	2951	2952	1613	41.8664
MGG_06676T0	783	784	91.7576	8.96754
MGG_10429T0	1893	1894	80	3.23636
MGG_12335T0	2622	2623	7187	209.941
MGG_17288T0	817	818	20.8783	1.95564
MGG_11317T0	3122	3123	3536	86.7536
MGG_14173T0	6297	6298	3949	48.0432
MGG_04608T0	3967	3968	1221.7	23.5907
MGG_06782T0	2283	2284	174	5.83715
MGG_16630T0	1434	1435	4483	239.367
MGG_15700T0	2138	2139	31251	1119.44
MGG_11999T0	1549	1550	10	0.494329
MGG_06735T0	2853	2854	1323	35.5184
MGG_13591T0	6960	6961	4	0.0440287
MGG_04879T0	1442	1443	842	44.7088
MGG_07646T0	2592	2593	0	0
MGG_13783T0	3948	3949	4558	88.4371
MGG_00156T0	966	967	85	6.73503
MGG_10335T0	345	346	0	0
MGG_10569T0	2042	2043	5711.94	214.221
MGG_01906T0	1340	1341	40	2.28549
MGG_17169T0	1848	1849	1084	44.92
MGG_17814T0	735	736	3	0.312314
MGG_15461T0	528	529	0	0
MGG_03432T0	2136	2137	4	0.143418
MGG_03376T0	3539	3540	3592	77.7464
MGG_13798T0	1092	1093	229	16.0532
MGG_12142T0	195	196	1	0.390923
MGG_11774T0	2541	2542	307	9.25359
MGG_08542T0	3716	3717	0	0
MGG_10276T0	597	598	0	0
MGG_05203T0	1488	1489	3957	203.619
MGG_05446T0	1667	1668	1594.36	73.238
MGG_04933T0	2979	2980	612	15.7356
MGG_16924T0	1441	1442	41	2.17854
MGG_07603T0	969	970	378	29.8585
MGG_08146T0	2422	2423	6948.74	219.735
MGG_06129T0	1222	1223	424	26.5636
MGG_02536T0	2986	2987	2877	73.7993
MGG_04451T0	435	436	0	0
MGG_11063T0	2058	2059	2600	96.753
MGG_05283T0	1791	1792	6337.97	270.994
MGG_03330T0	1708	1709	192	8.60808
MGG_05827T0	1329	1330	0	0
MGG_16941T0	378	379	0	0
MGG_00579T0	1122	1123	2	0.136458
MGG_09850T0	5182	5183	5055	74.7287
MGG_13787T0	162	163	616	289.561
MGG_03491T0	2010	2011	26.4416	1.00745
MGG_07011T0	2254	2255	356	12.0963
MGG_08670T0	1539	1540	0	0
MGG_18033T0	162	163	0	0
MGG_00190T0	1455	1456	474	24.9439
MGG_15303T0	366	367	3.00631	0.627646
MGG_15145T0	1114	1115	70.4569	4.84168
MGG_05405T0	1413	1414	0	0
MGG_06392T0	1943	1944	19730	777.639
MGG_05170T0	1353	1354	1699.71	96.1842
MGG_16990T0	1682	1683	40	1.82106
MGG_09743T0	1051	1052	5446	396.652
MGG_12354T0	912	913	69.9362	5.86919
MGG_06544T0	2200	2201	9193.55	320.045
MGG_09648T0	570	571	3	0.402562
MGG_17894T0	471	472	12	1.94799
MGG_11746T0	679	680	26	2.92962
MGG_13262T0	2649	2650	136.204	3.93813
MGG_11351T0	3611	3612	1214	25.7524
MGG_17380T0	243	244	8	2.51216
MGG_16728T0	1526	1527	1176	59.0086
MGG_09486T0	920	921	130	10.8151
MGG_17800T0	291	292	0	0
MGG_16586T0	303	304	0	0
MGG_01674T0	5524	5525	4575	63.4463
MGG_06360T0	5446	5447	3738	52.5811
MGG_13031T0	2451	2452	590	18.4365
MGG_05530T0	1197	1198	570	36.4557
MGG_08446T0	2016	2017	1	0.0379876
MGG_14513T0	1881	1882	503.464	20.4973
MGG_00966T0	1932	1933	5868	232.598
MGG_03677T0	1700	1701	566	25.4953
MGG_09380T0	1032	1033	0	0
MGG_15036T0	654	655	446	52.1724
MGG_04013T0	763	764	862	86.4493
MGG_04564T0	3344	3345	23943	548.441
MGG_08372T0	321	322	0	0
MGG_02339T0	465	466	0	0
MGG_09146T0	1484	1485	41	2.11546
MGG_10412T0	3126	3127	1784	43.7134
MGG_03044T0	1622	1623	136	6.42048
MGG_03584T0	1764	1765	19	0.824814
MGG_09459T0	1263	1264	863	52.3132
MGG_14069T0	3003	3004	10	0.255063
MGG_15121T0	513	514	2	0.298136
MGG_00432T0	999	1000	31899	2444.13
MGG_07737T0	8347	8348	1407	12.9139
MGG_07061T0	2505	2506	279	8.53042
MGG_07744T0	2045	2046	613	22.9563
MGG_01801T0	2417	2418	191	6.05236
MGG_17797T0	657	658	5	0.582226
MGG_08747T0	672	673	0	0
MGG_05657T0	890	891	3882	333.83
MGG_15418T0	945	946	1	0.0809946
MGG_08546T0	507	508	44	6.63646
MGG_00906T0	1483	1484	599.252	30.9402
MGG_04038T0	2198	2199	369.538	12.876
MGG_04074T0	1740	1741	91	4.00488
MGG_09124T0	6221	6222	4986	61.4002
MGG_05643T0	6387	6388	3887	46.6227
MGG_07598T0	1581	1582	0	0
MGG_16209T0	396	397	7	1.351
MGG_01369T0	2046	2047	938	35.1101
MGG_06650T0	1867	1868	9984	409.52
MGG_02120T0	1803	1804	0	0
MGG_02112T0	1346	1347	3	0.170648
MGG_03457T0	843	844	4	0.363132
MGG_11732T0	1886	1887	614	24.9312
MGG_02665T0	6411	6412	794	9.48799
MGG_17577T0	381	382	8	1.60463
MGG_08429T0	2182	2183	84	2.94831
MGG_09392T0	3407	3408	23	0.517101
MGG_15094T0	1506	1507	19	0.966024
MGG_00849T0	2132	2133	474	17.0269
MGG_17108T0	216	217	0	0
MGG_06953T0	918	919	158	13.1731
MGG_07723T0	1634	1635	192	8.99769
MGG_09220T0	381	382	0	0
MGG_13713T0	849	850	407	36.6879
MGG_07462T0	1929	1930	900	35.73
MGG_04468T0	3850	3851	1129	22.463
MGG_14377T0	304	305	0	0
MGG_04660T0	2087	2088	4271	156.728
MGG_04170T0	2187	2188	60	2.10112
MGG_02595T0	3243	3244	5483	129.504
MGG_15807T0	1568	1569	0	0
MGG_01502T0	2902	2903	3147.14	83.0647
MGG_10494T0	2495	2496	1011.9	31.0626
MGG_03202T0	1059	1060	699	50.5264
MGG_02764T0	1995	1996	28	1.07484
MGG_05466T0	3079	3080	166	4.12957
MGG_00390T0	780	781	14	1.37349
MGG_03956T0	1019	1020	586	44.0195
MGG_10071T0	1599	1600	0	0
MGG_00373T0	4354	4355	5714	100.531
MGG_09480T0	1395	1396	2668	146.436
MGG_17920T0	273	274	45	12.5837
MGG_02843T0	2315	2316	1071.73	35.4563
MGG_01887T0	3580	3581	39	0.834464
MGG_00260T0	858	859	29	2.58674
MGG_00949T0	2027	2028	1938	73.2206
MGG_13449T0	2114	2115	6	0.217364
MGG_12745T0	2247	2248	977	33.3001
MGG_07150T0	3926	3927	1698	33.1302
MGG_13894T0	1833	1834	0	0
MGG_10744T0	2107	2108	536	19.4824
MGG_09384T0	1850	1851	2	0.0827887
MGG_10530T0	1596	1597	13	0.623714
MGG_12869T0	3383	3384	2858	64.7112
MGG_04674T0	3459	3460	9094	201.385
MGG_00746T0	4908	4909	460	7.1798
MGG_01654T0	2769	2770	3160	87.4087
MGG_08595T0	1384	1385	820.963	45.4173
MGG_12739T0	1575	1576	2902	141.088
MGG_16746T0	408	409	2	0.374674
MGG_01670T0	2263	2264	1714	58.0072
MGG_04319T0	1320	1321	27.8396	1.61476
MGG_00123T0	4347	4348	872.999	15.3841
MGG_04946T0	1372	1373	142	7.92438
MGG_11026T0	2750	2751	1215	33.8402
MGG_09627T0	474	475	0	0
MGG_01219T0	1164	1165	32	2.10461
MGG_03141T0	2335	2336	1231.93	40.4074
MGG_01392T0	546	547	40	5.60299
MGG_13775T0	572	573	1554	207.799
MGG_17655T0	890	891	0	0
MGG_03027T0	2411	2412	337	10.7053
MGG_05143T0	1233	1234	192	11.9216
MGG_10070T0	1542	1543	0	0
MGG_03414T0	1285	1286	378	22.5215
MGG_00802T0	1479	1480	338	17.4986
MGG_17051T0	153	154	18	8.95569
MGG_15125T0	474	475	36	5.80706
MGG_06127T0	1228	1229	9619.42	599.715
MGG_10926T0	1082	1083	325	22.9934
MGG_17110T0	343	344	22	4.90018
MGG_06523T0	1971	1972	77.9918	3.03033
MGG_07027T0	7155	7156	10288	110.156
MGG_15642T0	159	160	23	11.0143
MGG_06461T0	1668	1669	1311.98	60.2309
MGG_09514T0	1867	1868	360	14.7663
MGG_03964T0	2414	2415	3685	116.914
MGG_06964T0	1700	1701	2345	105.63
MGG_17537T0	905	906	26.0554	2.20352
MGG_16759T0	330	331	0	0
MGG_04556T0	1577	1578	371	18.0142
MGG_15185T0	1197	1198	6047	386.75
MGG_15392T0	1170	1171	0	0
MGG_02045T0	3752	3753	1351	27.5819
MGG_18115T0	471	472	62.6534	10.1707
MGG_17871T0	960	961	121	9.64738
MGG_09199T0	2144	2145	127	4.53653
MGG_02593T0	1065	1066	16	1.15003
MGG_00810T0	2057	2058	1648.94	61.3913
MGG_00937T0	5954	5955	4420	56.8706
MGG_01100T0	1955	1956	1067	41.7968
MGG_06861T0	492	493	4	0.621671
MGG_05176T0	2798	2799	4332	118.586
MGG_17709T0	249	250	0	0
MGG_03465T0	2301	2302	1942	64.6385
MGG_14400T0	3891	3892	0	0
MGG_17745T0	216	217	5	1.76546
MGG_00181T0	1503	1504	123	6.26621
MGG_03413T0	2433	2434	964	30.3462
MGG_15089T0	757	758	302.983	30.6264
MGG_03080T0	3331	3332	754	17.3386
MGG_17900T0	3561	3562	7858	169.031
MGG_15193T0	828	829	1143	105.643
MGG_16562T0	564	565	0	0
MGG_10265T0	1711	1712	53	2.37203
MGG_14902T0	1978	1979	4076	157.81
MGG_13172T0	2622	2623	697	20.3602
MGG_12095T0	1451	1452	1213.06	64.012
MGG_03983T0	1810	1811	657.884	27.8342
MGG_04926T0	2112	2113	3734	135.401
MGG_04087T0	2097	2098	1673	61.0995
MGG_13790T0	6147	6148	2222	27.6922
MGG_15225T0	444	445	49	8.43691
MGG_11597T0	2808	2809	45165	1231.96
MGG_06635T0	1764	1765	122	5.29618
MGG_11878T0	2367	2368	959	31.0302
MGG_15874T0	528	529	17	2.4623
MGG_05944T0	2263	2264	1330.67	45.034
MGG_07468T0	4904	4905	5323	83.1505
MGG_16219T0	2535	2536	1862	56.2572
MGG_04066T0	4758	4759	2265	36.467
MGG_13805T0	1200	1201	189	12.0577
MGG_03700T0	5906	5907	274	3.55411
MGG_10247T0	1509	1510	5	0.253712
MGG_16964T0	669	670	0	0
MGG_08988T0	2422	2423	1	0.0316223
MGG_07327T0	3895	3896	4253.42	83.6502
MGG_10042T0	594	595	0	0
MGG_09942T0	2185	2186	3832	134.314
MGG_05220T0	5108	5109	5175	77.6107
MGG_07135T0	873	874	930	81.5303
MGG_06008T0	768	769	8	0.797097
MGG_09109T0	1174	1175	0	0
MGG_16072T0	225	226	0	0
MGG_09364T0	789	790	211	20.4646
MGG_00896T0	3265	3266	1311	30.7563
MGG_08118T0	2567	2568	2280	68.0279
MGG_00594T0	6781	6782	2405	27.1709
MGG_03549T0	2805	2806	1483	40.4949
MGG_09923T0	2389	2390	2271	72.8059
MGG_05955T0	2949	2950	129	3.35054
MGG_17363T0	228	229	0	0
MGG_05464T0	3092	3093	239	5.92059
MGG_06674T0	3310	3311	291.424	6.74394
MGG_05038T0	2300	2301	103	3.42979
MGG_14291T0	1803	1804	114	4.8419
MGG_07271T0	1535	1536	1682	83.9039
MGG_06583T0	1841	1842	992	41.2638
MGG_01521T0	1314	1315	8423	490.782
MGG_04583T0	1152	1153	8	0.531628
MGG_09554T0	1491	1492	82	4.21107
MGG_15255T0	743	744	0	0
MGG_16656T0	270	271	0	0
MGG_02466T0	1095	1096	9705	678.473
MGG_04240T0	1356	1357	94	5.30757
MGG_18107T0	756	757	0	0
MGG_16022T0	299	300	0	0
MGG_06457T0	4142	4143	5809	107.432
MGG_02240T0	4064	4065	1133	21.3558
MGG_03185T0	2489	2490	46865	1442.1
MGG_06992T0	2924	2925	1314.86	34.443
MGG_00678T0	1070	1071	997	71.3269
MGG_00788T0	1238	1239	1588	98.2034
MGG_03466T0	618	619	8	0.990254
MGG_07142T0	1453	1454	568	29.9317
MGG_17299T0	468	469	0	0
MGG_03870T0	3006	3007	87	2.21683
MGG_16154T0	2367	2368	227.576	7.36363
MGG_03121T0	3824	3825	2325	46.5735
MGG_17202T0	156	157	4	1.95213
MGG_05893T0	787	788	162	15.752
MGG_17290T0	207	208	0	0
MGG_16042T0	867	868	0	0
MGG_06401T0	2854	2855	707.76	18.9945
MGG_09414T0	1053	1054	6673	485.096
MGG_15514T0	481	482	0	0
MGG_04561T0	1069	1070	49	3.50881
MGG_10098T0	1593	1594	9	0.432615
MGG_09677T0	1801	1802	3	0.12756
MGG_13428T0	1817	1818	140	5.9004
MGG_13963T0	1955	1956	1123	43.9904
MGG_05413T0	2251	2252	75	2.55176
MGG_06240T0	2260	2261	17	0.576097
MGG_03648T0	1800	1801	7.32912	0.311807
MGG_17660T0	420	421	0	0
MGG_04549T0	4933	4934	2036	31.6174
MGG_05197T0	2697	2698	3563	101.186
MGG_05961T0	2047	2048	517	19.3423
MGG_17192T0	258	259	7	2.07084
MGG_06356T0	1903	1904	1031	41.4896
MGG_08453T0	1901	1902	9	0.36256
MGG_07235T0	1122	1123	342	23.3342
MGG_05890T0	4271	4272	762	13.6669
MGG_17563T0	513	514	0	0
MGG_00061T0	828	829	120	11.0911
MGG_12944T0	3243	3244	4422	104.444
MGG_03624T0	706	707	23	2.49262
MGG_08596T0	1954	1955	237	9.28857
MGG_02342T0	2559	2560	0	0
MGG_11634T0	3420	3421	33239	744.462
MGG_03343T0	2929	2930	3178	83.1062
MGG_03711T0	2074	2075	307	11.3362
MGG_09018T0	1799	1800	1105.86	47.0734
MGG_00073T0	2720	2721	1954	55.0229
MGG_12086T0	1140	1141	24.376	1.63691
MGG_16263T0	335	336	22	5.01685
MGG_07348T0	489	490	0	0
MGG_05641T0	1608	1609	30	1.42861
MGG_08982T0	1002	1003	243	18.5632
MGG_10679T0	816	817	42.0298	3.9417
MGG_08143T0	2288	2289	1616	54.0932
MGG_10318T0	534	535	0	0
MGG_05272T0	3393	3394	109	2.46072
MGG_16278T0	738	739	29	3.00677
MGG_13481T0	2919	2920	1413	37.0772
MGG_03381T0	613	614	6	0.748739
MGG_04197T0	2158	2159	5870	208.321
MGG_08989T0	1184	1185	2	0.129318
MGG_18005T0	276	277	5	1.38305
MGG_00010T0	1668	1669	0	0
MGG_09667T0	1180	1181	4	0.259512
MGG_13375T0	1866	1867	572	23.4746
MGG_02490T0	1277	1278	5557.54	333.195
MGG_02817T0	2202	2203	872	30.3284
MGG_02088T0	6450	6451	4526.59	53.764
MGG_17310T0	573	574	1	0.133486
MGG_15577T0	1554	1555	14282	703.73
MGG_05924T0	1749	1750	991	43.3893
MGG_14557T0	294	295	19	4.93491
MGG_08685T0	567	568	1	0.134896
MGG_16690T0	636	637	25	3.0071
MGG_16526T0	806	807	96	9.11476
MGG_03527T0	2879	2880	1690.9	44.9856
MGG_06646T0	2132	2133	2755	98.9642
MGG_10297T0	2051	2052	7	0.261377
MGG_04071T0	159	160	33	15.8031
MGG_05265T0	4020	4021	897	17.0925
MGG_08053T0	1755	1756	1021	44.5501
MGG_02268T0	1938	1939	37	1.46208
MGG_09484T0	3822	3823	263	5.27107
MGG_08765T0	4285	4286	6288	112.411
MGG_11236T0	2834	2835	1215.78	32.8587
MGG_00137T0	4057	4058	3678.93	69.4635
MGG_08692T0	2256	2257	16232.1	551.049
MGG_17320T0	156	157	0	0
MGG_10259T0	681	682	0	0
MGG_03000T0	3634	3635	2662	56.1114
MGG_09130T0	1530	1531	0	0
MGG_00148T0	1076	1077	5.00811	0.356292
MGG_17420T0	820	821	11	1.02659
MGG_16233T0	1032	1033	14	1.03842
MGG_15621T0	615	616	134.018	16.6698
MGG_15601T0	4951	4952	17727	274.285
MGG_02723T0	1559	1560	606	29.7643
MGG_17082T0	442	443	4	0.691837
MGG_09840T0	1362	1363	3464	194.728
MGG_02791T0	387	388	0	0
MGG_06585T0	1427	1428	38293	2054.65
MGG_06293T0	786	787	16919.3	1647.23
MGG_09965T0	3201	3202	2586	61.8806
MGG_03201T0	3063	3064	8734	218.41
MGG_12307T0	1260	1261	913.584	55.5112
MGG_03532T0	3767	3768	648.667	13.1904
MGG_07458T0	3314	3315	988	22.836
MGG_15525T0	1707	1708	6	0.26916
MGG_16788T0	243	244	0	0
MGG_01077T0	2129	2130	1407	50.613
MGG_01444T0	1886	1887	716	29.0729
MGG_04684T0	2214	2215	282	9.7549
MGG_05260T0	5721	5722	2565	34.3468
MGG_03396T0	2986	2987	14	0.35912
MGG_07293T0	2307	2308	925	30.7081
MGG_08154T0	675	676	803	91.0157
MGG_15652T0	482	483	7	1.11045
MGG_04343T0	1561	1562	145.913	7.15748
MGG_17338T0	564	565	2	0.271225
MGG_09241T0	1211	1212	2	0.126437
MGG_02502T0	1851	1852	134	5.54385
MGG_07068T0	1427	1428	329.707	17.6908
MGG_02953T0	1124	1125	9245	629.654
MGG_09439T0	750	751	0	0
MGG_00770T0	2081	2082	264	9.71562
MGG_12272T0	889	890	612.826	52.7588
MGG_15808T0	1040	1041	72	5.29943
MGG_00062T0	2916	2917	5545	145.651
MGG_01310T0	1775	1776	861	37.1456
MGG_04539T0	306	307	494	123.292
MGG_06689T0	2218	2219	5661	195.471
MGG_04489T0	1337	1338	26269	1504.3
MGG_15681T0	966	967	0	0
MGG_04687T0	1629	1630	15871	746.043
MGG_02432T0	3667	3668	3914	81.7596
MGG_08851T0	1344	1345	1216	69.2721
MGG_03653T0	1088	1089	16032	1128
MGG_16419T0	2917	2918	1005	26.3893
MGG_03213T0	2245	2246	26	0.886974
MGG_14604T0	387	388	19	3.75206
MGG_17514T0	2359	2360	2717	88.2115
MGG_08554T0	2287	2288	16	0.535811
MGG_01086T0	1507	1508	890.782	45.2603
MGG_00547T0	1041	1042	475	34.928
MGG_04846T0	617	618	0	0
MGG_07155T0	4740	4741	1190	19.232
MGG_07180T0	1250	1251	294	18.0068
MGG_00457T0	1676	1677	285	13.0214
MGG_06088T0	1218	1219	360	22.628
MGG_15778T0	207	208	2	0.73674
MGG_00512T0	363	364	3	0.631491
MGG_01922T0	1387	1388	24	1.32486
MGG_15271T0	466	467	8	1.31256
MGG_15857T0	237	238	0	0
MGG_02318T0	744	745	1	0.102847
MGG_03038T0	2611	2612	630	18.4805
MGG_10408T0	1503	1504	2	0.10189
MGG_04112T0	1888	1889	3596	145.86
MGG_17092T0	264	265	2	0.578271
MGG_07294T0	1617	1618	127	6.01413
MGG_07043T0	1513	1514	3319	167.969
MGG_08173T0	2799	2800	3325	90.9873
MGG_07595T0	1810	1811	0	0
MGG_01033T0	1878	1879	170.527	6.95367
MGG_08619T0	1077	1078	56	3.98031
MGG_09572T0	795	796	616.251	59.3188
MGG_17254T0	219	220	1	0.348277
MGG_07844T0	1524	1525	1	0.0502432
MGG_15987T0	1362	1363	0	0
MGG_14697T0	366	367	0	0
MGG_12664T0	1075	1076	7	0.498463
MGG_05320T0	3020	3021	6230	158.01
MGG_15535T0	4148	4149	155	2.86244
MGG_00130T0	1973	1974	603	23.4055
MGG_12203T0	1553	1554	104	5.12778
MGG_15093T0	1818	1819	75	3.15919
MGG_04907T0	1215	1216	0	0
MGG_05750T0	1460	1461	381	19.9812
MGG_16480T0	669	670	0	0
MGG_14714T0	2257	2258	1461	49.5762
MGG_03609T0	570	571	270	36.2306
MGG_09288T0	177	178	69	29.7014
MGG_08374T0	1583	1584	76	3.67626
MGG_10497T0	1094	1095	1249	87.3968
MGG_04195T0	2879	2880	3644.4	96.9573
MGG_06304T0	1583	1584	642.213	31.065
MGG_16899T0	345	346	1	0.221448
MGG_04404T0	1774	1775	4	0.172667
MGG_15241T0	1528	1529	315	15.7852
MGG_14179T0	672	673	9	1.02465
MGG_07675T0	1164	1165	0	0
MGG_10147T0	2672	2673	648.783	18.5972
MGG_11178T0	7302	7303	4549	47.7268
MGG_06275T0	2358	2359	153	4.96948
MGG_15232T0	324	325	4	0.943027
MGG_05213T0	2789	2790	1028	28.2317
MGG_17651T0	378	379	0	0
MGG_02142T0	4086	4087	4964	93.0625
MGG_04241T0	2045	2046	1325.87	49.6525
MGG_16589T0	252	253	0	0
MGG_15000T0	5603	5604	278.414	3.80662
MGG_02662T0	1210	1211	2	0.126542
MGG_01367T0	672	673	46	5.23709
MGG_09753T0	813	814	2	0.188258
MGG_17978T0	1292	1293	778	46.1029
MGG_05046T0	3776	3777	74	1.50118
MGG_05945T0	1362	1363	39	2.19238
MGG_03134T0	3245	3246	5681	134.098
MGG_08254T0	864	865	35	3.10027
MGG_17694T0	1404	1405	4068	221.846
MGG_07181T0	959	960	927	73.9871
MGG_10721T0	1047	1048	0	0
MGG_08289T0	1878	1879	137.655	5.61323
MGG_06993T0	1315	1316	2251	131.059
MGG_03754T0	2455	2456	374	11.6678
MGG_01924T0	2008	2009	10	0.381388
MGG_03542T0	4401	4402	1590	27.6754
MGG_04463T0	2384	2385	1149.4	36.9259
MGG_10452T0	1114	1115	3	0.206155
MGG_15401T0	318	319	0	0
MGG_03383T0	1776	1777	0	0
MGG_08932T0	4545	4546	566	9.53969
MGG_14967T0	17850	17851	1253.66	5.38101
MGG_17201T0	309	310	0	0
MGG_00622T0	2666	2667	5578.35	160.262
MGG_01830T0	996	997	16	1.22962
MGG_18135T0	1482	1483	1841	95.1174
MGG_17220T0	2190	2191	305.229	10.6741
MGG_13036T0	999	1000	5	0.383105
MGG_08601T0	3101	3102	1427	35.2476
MGG_07316T0	4074	4075	4097	77.0345
MGG_04741T0	1060	1061	1438	103.846
MGG_07326T0	1616	1617	229.575	10.8783
MGG_14287T0	357	358	0	0
MGG_08892T0	1518	1519	316	15.9396
MGG_11726T0	3060	3061	1489	37.2717
MGG_08194T0	387	388	0	0
MGG_05700T0	5795	5796	799	10.5625
MGG_07619T0	1212	1213	709	44.785
MGG_07245T0	231	232	1002	330.923
MGG_16356T0	315	316	0	0
MGG_09094T0	684	685	0	0
MGG_17533T0	825	826	1317.9	122.25
MGG_03834T0	1593	1594	3	0.144205
MGG_02609T0	615	616	45	5.59731
MGG_08070T0	877	878	83.7942	7.31251
MGG_00024T0	1626	1627	0	0
MGG_00999T0	857	858	1245	111.181
MGG_15272T0	8736	8737	65.3919	0.573468
MGG_07292T0	1133	1134	802	54.1887
MGG_05149T0	1753	1754	185	8.08145
MGG_06572T0	4153	4154	6638	122.439
MGG_15842T0	369	370	0	0
MGG_18044T0	150	151	0	0
MGG_07568T0	1722	1723	80	3.55756
MGG_04475T0	3121	3122	28	0.687183
MGG_03043T0	1101	1102	5	0.347645
MGG_11797T0	165	166	15	6.92358
MGG_17257T0	231	232	9	2.97236
MGG_00243T0	1989	1990	2.09617	0.0807088
MGG_09918T0	1954	1955	196	7.68169
MGG_10246T0	1589	1590	0	0
MGG_00599T0	1571	1572	1032.53	50.3264
MGG_17961T0	1758	1759	2633	114.692
MGG_12752T0	1765	1766	3063	132.893
MGG_11115T0	846	847	202	18.2732
MGG_09496T0	345	346	0	0
MGG_02128T0	1695	1696	116	5.24058
MGG_05760T0	618	619	622	76.9923
MGG_11006T0	1092	1093	0	0
MGG_02404T0	1288	1289	15	0.891632
MGG_03641T0	1853	1854	131394	5430.17
MGG_06582T0	1822	1823	2315	97.2997
MGG_11205T0	13727	13728	4314.59	24.0813
MGG_04333T0	1179	1180	150	9.73995
MGG_08022T0	3369	3370	43.5244	0.989579
MGG_16035T0	994	995	17	1.3091
MGG_15115T0	569	570	0	0
MGG_08341T0	1824	1825	963.995	40.4724
MGG_14572T0	819	820	280	26.1632
MGG_02253T0	2972	2973	957.283	24.6713
MGG_03444T0	1236	1237	50	3.09705
MGG_11165T0	3693	3694	4634.14	96.1214
MGG_14569T0	1509	1510	0	0
MGG_06548T0	2554	2555	2326	69.7535
MGG_13610T0	2456	2457	257	8.01448
MGG_08533T0	3540	3541	306	6.62129
MGG_17336T0	612	613	8	0.999947
MGG_17977T0	1907	1908	373	14.9788
MGG_02548T0	1713	1714	184	8.22535
MGG_05054T0	1138	1139	30	2.01811
MGG_06624T0	1953	1954	15	0.588185
MGG_14571T0	1867	1868	27	1.10748
MGG_14307T0	2365	2366	4488.05	145.342
MGG_07728T0	3424	3425	2319	51.8785
MGG_00497T0	3838	3839	894	17.843
MGG_06979T0	3010	3011	2931	74.5852
MGG_05063T0	1848	1849	3683.71	152.65
MGG_06717T0	972	973	485	38.1923
MGG_04603T0	3012	3013	404	10.2738
MGG_11952T0	360	361	4	0.848985
MGG_03422T0	1701	1702	0	0
MGG_06516T0	2735	2736	3602	100.873
MGG_12887T0	618	619	139	17.2057
MGG_08584T0	2714	2715	6983	197.07
MGG_12410T0	1356	1357	10	0.564635
MGG_09838T0	3696	3697	2933	60.7869
MGG_04623T0	2836	2837	1617	43.6715
MGG_06313T0	3106	3107	5109	125.992
MGG_08494T0	1772	1773	0	0
MGG_06273T0	1510	1511	6560	332.649
MGG_07784T0	1343	1344	61	3.47759
MGG_14781T0	738	739	284.739	29.5223
MGG_00072T0	1800	1801	1	0.0425435
MGG_01183T0	2503	2504	2816	86.1679
MGG_01758T0	1161	1162	315	20.7707
MGG_08039T0	1824	1825	3	0.125952
MGG_13221T0	315	316	1122	272.053
MGG_01179T0	1457	1458	1426	74.9393
MGG_06482T0	2245	2246	3710.33	126.576
MGG_06482T1	2262	2263	4166.67	141.076
MGG_13230T0	1537	1538	938	46.7298
MGG_12817T0	2113	2114	710	25.7336
MGG_07496T0	1356	1357	1102	62.2227
MGG_15961T0	792	793	45	4.34797
MGG_09401T0	1821	1822	0	0
MGG_04228T0	1009	1010	2579.49	195.686
MGG_08045T0	2523	2524	1181	35.8515
MGG_04793T0	2498	2499	4182	128.223
MGG_15671T0	2204	2205	13550	470.845
MGG_09893T0	895	896	324	27.7067
MGG_00739T0	4561	4562	1073	18.0215
MGG_00307T0	1037	1038	1560.57	115.195
MGG_15805T0	309	310	0	0
MGG_06630T0	1396	1397	58	3.18111
MGG_09701T0	4600	4601	10111	168.38
MGG_01472T0	2030	2031	6857	258.685
MGG_12779T0	3034	3035	245	6.18521
MGG_04444T0	1293	1294	10337	612.079
MGG_08414T0	378	379	0	0
MGG_17165T0	222	223	8	2.74873
MGG_16441T0	3955	3956	3186	61.7073
MGG_09025T0	3142	3143	734	17.8937
MGG_17140T0	171	172	0	0
MGG_03825T0	1617	1618	0	0
MGG_04036T0	900	901	16	1.36064
MGG_06227T0	748	749	11	1.12527
MGG_08638T0	3609	3610	952	20.2058
MGG_16742T0	566	567	11	1.48647
MGG_03941T0	1104	1105	47	3.25899
MGG_06118T0	3029	3030	2273.88	57.5006
MGG_00059T0	1659	1660	23	1.06162
MGG_09481T0	2528	2529	5774	174.934
MGG_10796T0	468	469	0	0
MGG_11794T0	2092	2093	2212	80.9773
MGG_07481T0	3548	3549	1554	33.55
MGG_05507T0	2123	2124	1	0.0360739
MGG_16881T0	243	244	0	0
MGG_01413T0	345	346	25	5.53619
MGG_08618T0	4045	4046	2123	40.2042
MGG_00777T0	798	799	9226	884.737
MGG_05912T0	1741	1742	114	5.01423
MGG_10930T0	1061	1062	2471	178.277
MGG_04600T0	3778	3779	1207.17	24.4759
MGG_04465T0	1038	1039	2885	212.754
MGG_05307T0	1975	1976	15209	589.741
MGG_05432T0	738	739	0	0
MGG_12288T0	3837	3838	640	12.7768
MGG_00792T0	2356	2357	200	6.50156
MGG_02124T0	4456	4457	8605	147.93
MGG_07653T0	1564	1565	1	0.0489591
MGG_07869T0	390	391	5	0.979807
MGG_17648T0	1137	1138	0	0
MGG_17361T0	339	340	3	0.676067
MGG_17932T0	3847	3848	2067.59	41.1695
MGG_03683T1	1853	1854	1374.18	56.7913
MGG_03683T0	1881	1882	162.818	6.62873
MGG_05006T0	1486	1487	102	5.25577
MGG_00744T0	4110	4111	1294	24.1176
MGG_13292T0	2362	2363	143	4.63681
MGG_09265T0	2218	2219	1298	44.8193
MGG_16937T0	366	367	0	0
MGG_10972T0	930	931	41	3.37428
MGG_10650T0	291	292	85	22.304
MGG_09377T0	588	589	0	0
MGG_17991T0	150	151	18	9.13362
MGG_09922T0	2526	2527	2665	80.8052
MGG_00370T0	1664	1665	485.125	22.3247
MGG_02513T0	1111	1112	155.777	10.7336
MGG_15532T0	3039	3040	1885	47.51
MGG_15360T0	560	561	1	0.136579
MGG_14724T0	1431	1432	0	0
MGG_02726T0	2127	2128	488.421	17.5861
MGG_00342T0	1161	1162	712	46.9484
MGG_06056T0	1457	1458	402.352	21.1445
MGG_07707T0	3483	3484	870.948	19.1541
MGG_05724T0	2750	2751	548	15.2629
MGG_00960T0	5580	5581	6476	88.9083
MGG_05032T0	3908	3909	538	10.5454
MGG_17701T0	1360	1361	214	12.0477
MGG_06836T0	2051	2052	512	19.1179
MGG_05632T0	992	993	1315	101.467
MGG_09194T0	1276	1277	12711	762.669
MGG_05165T0	2076	2077	95	3.50457
MGG_03012T0	2780	2781	637	17.5504
MGG_01359T0	2480	2481	1163.55	35.9339
MGG_06437T0	2523	2524	2989	90.7369
MGG_15711T0	767	768	9	0.897901
MGG_01388T0	1246	1247	119	7.31186
MGG_04586T0	1015	1016	377.867	28.4966
MGG_04850T0	2285	2286	197	6.60294
MGG_06089T0	1346	1347	263	14.9601
MGG_06670T0	1443	1444	986	52.3187
MGG_07050T0	294	295	7	1.81812
MGG_03028T0	1552	1553	386	19.0442
MGG_17032T0	387	388	0	0
MGG_12403T0	5222	5223	3440	50.4645
MGG_06044T0	808	809	15540	1471.8
MGG_02807T0	558	559	78	10.6913
MGG_17195T0	3906	3907	1201	23.553
MGG_01951T0	1749	1750	4	0.175134
MGG_05731T0	2237	2238	699	23.9312
MGG_08519T0	1066	1067	47	3.37505
MGG_10733T0	795	796	0	0
MGG_07020T0	2375	2376	65	2.09611
MGG_13328T0	6535	6536	1403	16.4472
MGG_08831T0	1202	1203	4128	262.919
MGG_17188T0	204	205	5	1.8688
MGG_10490T0	1185	1186	2068	133.602
MGG_07611T0	2828	2829	2757	74.6709
MGG_09592T0	804	805	0	0
MGG_15977T0	1422	1423	150.487	8.10293
MGG_06577T0	2805	2806	677	18.4862
MGG_09756T0	1032	1033	301	22.3261
MGG_06571T0	849	850	17811	1605.52
MGG_05617T0	1084	1085	331.441	23.4058
MGG_06547T0	3983	3984	3482	66.9664
MGG_09557T0	2253	2254	2196	74.6493
MGG_03250T0	1479	1480	1046.44	54.1753
MGG_08950T0	1395	1396	4	0.219544
MGG_08709T0	2727	2728	7.0083	0.196841
MGG_10548T0	1276	1277	25	1.50002
MGG_14931T0	2822	2823	646	17.5335
MGG_00708T0	1120	1121	1020.7	69.7654
MGG_02070T0	3962	3963	389.098	7.52285
MGG_16995T0	255	256	0	0
MGG_04438T0	1364	1365	21760	1221.44
MGG_05078T0	4211	4212	6437	117.096
MGG_03492T0	2039	2040	1510	56.7145
MGG_07746T0	1095	1096	28	1.95747
MGG_18087T0	435	436	0	0
MGG_15566T0	3119	3120	856	21.0216
MGG_18049T0	417	418	19	3.48277
MGG_13178T0	4504	4505	9635.69	163.884
MGG_17067T0	153	154	5	2.48769
MGG_01096T0	3542	3543	23317	504.253
MGG_10292T0	456	457	1301	218.127
MGG_07575T0	912	913	0	0
MGG_16210T0	153	154	0	0
MGG_15782T0	225	226	0	0
MGG_03136T0	2369	2370	19703	636.988
MGG_04728T0	423	424	49	8.85478
MGG_08920T0	5107	5108	1332	19.9802
MGG_08661T0	1735	1736	3363	148.431
MGG_04852T0	4577	4578	1141	19.0967
MGG_15215T0	954	955	2	0.160463
MGG_10814T0	1276	1277	0	0
MGG_04704T0	1295	1296	442	26.1315
MGG_06850T0	3627	3628	3844	81.1827
MGG_07871T0	726	727	0	0
MGG_12405T0	2339	2340	7435	243.452
MGG_06207T0	1521	1522	2	0.100685
MGG_17031T0	150	151	0	0
MGG_03364T0	725	726	67	7.07108
MGG_12068T0	1419	1420	0	0
MGG_00581T0	512	513	0	0
MGG_13765T0	1870	1871	28	1.14665
MGG_14743T0	1410	1411	300	16.2908
MGG_11936T0	3182	3183	692	16.6578
MGG_02574T0	3660	3661	1196	25.031
MGG_02254T0	1367	1368	708.717	39.6949
MGG_09722T0	618	619	10	1.23782
MGG_06475T0	3117	3118	3875	95.2232
MGG_07699T0	318	319	0	0
MGG_11547T0	2792	2793	2281	62.5751
MGG_09858T0	840	841	77	7.01523
MGG_00866T0	2379	2380	17	0.547292
MGG_03394T0	1432	1433	809	43.2563
MGG_03675T0	1770	1771	806	34.871
MGG_17973T0	162	163	38	17.8625
MGG_00918T0	2581	2582	939	27.8649
MGG_02030T0	1767	1768	0	0
MGG_00785T0	1853	1854	20985	867.255
MGG_07074T0	2553	2554	2085	62.5508
MGG_01921T0	1419	1420	4	0.215834
MGG_06546T0	1876	1877	0	0
MGG_03348T0	3073	3074	78	1.94419
MGG_12738T0	4688	4689	4566	74.611
MGG_11146T0	1251	1252	100	6.11988
MGG_08369T0	2138	2139	899	32.203
MGG_08881T1	3005	3006	304.562	7.76308
MGG_08881T0	2988	2989	229.438	5.88149
MGG_09764T0	1458	1459	2151	112.962
MGG_10627T0	2913	2914	122	3.20788
MGG_14797T0	2817	2818	1965.31	53.4364
MGG_02501T0	2961	2962	344	8.89858
MGG_14602T0	1467	1468	5159	269.269
MGG_03091T0	721	722	5417	574.869
MGG_16973T0	319	320	0	0
MGG_17466T0	261	262	7	2.04712
MGG_05730T0	1749	1750	2137	93.5651
MGG_07725T0	1499	1500	0	0
MGG_08807T0	4159	4160	1242.99	22.894
MGG_17899T0	234	235	0	0
MGG_15079T0	3558	3559	1321	28.4395
MGG_00944T0	1842	1843	579	24.0714
MGG_16668T0	782	783	4216	412.559
MGG_06824T0	712	713	33	3.54627
MGG_02383T0	1210	1211	2	0.126542
MGG_14292T0	2174	2175	262	9.22974
MGG_02201T0	1290	1291	2	0.1187
MGG_03459T0	5739	5740	5533	73.8578
MGG_15816T0	180	181	163	69.0012
MGG_15561T0	168	169	10	4.53378
MGG_16989T0	489	490	15	2.34554
MGG_15494T0	1426	1427	71.7525	3.85266
MGG_03312T0	826	827	22.2336	2.05993
MGG_03887T0	1796	1797	764	32.5756
MGG_02991T0	1924	1925	97	3.8609
MGG_03235T0	3190	3191	1328.53	31.9002
MGG_18096T0	471	472	0	0
MGG_03183T0	2171	2172	227	8.0078
MGG_04769T0	2075	2076	942.993	34.804
MGG_01532T0	844	845	26	2.35757
MGG_16353T0	225	226	2	0.678061
MGG_02742T0	885	886	4379	378.694
MGG_10995T0	669	670	3.10643	0.35525
MGG_13086T0	1680	1681	1	0.0455806
MGG_12637T0	914	915	229	19.1762
MGG_00892T0	435	436	4210	739.849
MGG_11745T0	2168	2169	1504	53.1295
MGG_04943T0	2419	2420	8066	255.382
MGG_17971T0	156	157	8	3.90425
MGG_05096T0	1489	1490	1355	69.6788
MGG_05473T0	476	477	1	0.160631
MGG_00492T0	5778	5779	175	2.32024
MGG_07476T0	3946	3947	4948.72	96.0668
MGG_13474T0	952	953	52695	4236.66
MGG_09578T0	366	367	0	0
MGG_06876T0	1282	1283	3869	231.057
MGG_14894T0	1092	1093	0	0
MGG_00575T0	2123	2124	22	0.793625
MGG_10821T0	2179	2180	2577	90.5744
MGG_03247T0	1443	1444	1967.99	104.424
MGG_08640T0	1397	1398	745.38	40.8524
MGG_16455T0	2488	2489	930	28.629
MGG_02412T0	1273	1274	736	44.2645
MGG_16697T0	354	355	0	0
MGG_03122T0	2211	2212	4991	172.882
MGG_01885T0	2572	2573	140	4.16904
MGG_02602T0	1882	1883	56	2.27869
MGG_04659T0	3096	3097	4329	107.101
MGG_06623T0	2226	2227	13	0.447271
MGG_15366T0	393	394	16	3.11151
MGG_12445T0	456	457	0	0
MGG_16777T0	171	172	0	0
MGG_16097T0	1713	1714	12.4881	0.558256
MGG_08617T0	1883	1884	4.57994	0.186263
MGG_04251T0	2367	2368	1309	42.3551
MGG_15579T0	968	969	12	0.948866
MGG_06919T0	771	772	16306	1618.37
MGG_04528T0	5675	5676	1723	23.259
MGG_02570T0	1436	1437	127	6.77165
MGG_04715T0	267	268	162	46.3156
MGG_15922T0	366	367	2.00596	0.418798
MGG_06883T0	1843	1844	862.697	35.8463
MGG_07485T0	1993	1994	19	0.730089
MGG_03274T0	2973	2974	38	0.979016
MGG_10440T0	767	768	503	50.1827
MGG_17216T0	540	541	0	0
MGG_06705T0	920	921	932	77.536
MGG_07543T0	1870	1871	691	28.2977
MGG_15483T0	483	484	0	0
MGG_02220T0	333	334	0	0
MGG_12537T0	1646	1647	342	15.9104
MGG_10830T0	1254	1255	383.565	23.4176
MGG_17529T0	285	286	0	0
MGG_16804T0	727	728	3	0.315746
MGG_02091T0	750	751	73	7.44784
MGG_02793T0	2975	2976	12	0.308955
MGG_07393T0	3680	3681	2724	56.7007
MGG_16090T0	429	430	0	0
MGG_00416T0	1479	1480	8	0.414167
MGG_03095T0	2390	2391	146	4.67865
MGG_16650T0	342	343	53	11.8394
MGG_01509T0	366	367	314	65.5558
MGG_00520T0	1008	1009	965.271	73.3003
MGG_13239T0	4493	4494	58922	1004.6
MGG_12110T0	1540	1541	760	37.7884
MGG_04638T0	1466	1467	852.076	44.5036
MGG_06743T0	2312	2313	1770	58.6334
MGG_14773T0	3304	3305	8669	200.976
MGG_02496T0	1161	1162	2830	186.607
MGG_03805T0	351	352	0	0
MGG_07338T1	4522	4523	3952.04	66.9487
MGG_07338T0	4002	4003	1774.96	33.9743
MGG_06877T0	2256	2257	894	30.3496
MGG_14913T0	1230	1231	1307	81.3514
MGG_01116T0	1215	1216	1424.13	89.7353
MGG_16812T0	2595	2596	8.61574	0.254294
MGG_10424T0	429	430	20	3.56376
MGG_09178T0	1572	1573	10	0.487101
MGG_00701T0	1128	1129	18	1.22159
MGG_00168T0	2312	2313	19605	649.439
MGG_07872T0	477	478	6	0.961769
MGG_10083T0	1549	1550	5	0.247164
MGG_08352T0	999	1000	0	0
MGG_09642T0	2045	2046	6	0.224695
MGG_02212T0	498	499	0	0
MGG_06662T0	5427	5428	284	4.00891
MGG_17810T0	7805	7806	266	2.61096
MGG_01101T0	2559	2560	4144	124.03
MGG_01726T0	6571	6572	1203	14.0254
MGG_07950T0	699	700	0	0
MGG_08269T0	1852	1853	378.116	15.635
MGG_02669T0	1007	1008	1843.99	140.167
MGG_01706T0	620	621	3704	457.011
MGG_03256T0	2504	2505	2120	64.8449
MGG_04263T0	510	511	0	0
MGG_09798T0	2441	2442	555	17.4138
MGG_08784T0	3213	3214	291.428	6.94757
MGG_15380T0	1284	1285	16	0.954035
MGG_01001T0	2926	2927	100	2.61773
MGG_02822T0	864	865	2450.46	217.06
MGG_05596T0	3047	3048	252	6.3348
MGG_16456T0	2042	2043	22.0822	0.828174
MGG_06278T0	1507	1508	421	21.3909
MGG_02809T0	4761	4762	5389	86.7094
MGG_02876T0	1788	1789	123	5.26796
MGG_08020T0	1335	1336	33	1.89258
MGG_06202T0	3818	3819	1537	30.837
MGG_15318T0	1392	1393	3	0.165013
MGG_05878T0	1857	1858	0	0
MGG_03143T0	2601	2602	102	3.00359
MGG_01443T0	2077	2078	581	21.4229
MGG_07771T0	2725	2726	1832	51.4929
MGG_01267T0	829	830	2558	236.14
MGG_09719T0	3434	3435	866	19.3169
MGG_17291T0	387	388	0	0
MGG_03792T0	831	832	0	0
MGG_00768T0	2118	2119	236	8.53352
MGG_17085T0	288	289	3	0.795373
MGG_04435T0	2282	2283	1198.66	40.2289
MGG_06787T0	3148	3149	496	12.0686
MGG_02541T0	2208	2209	7989	277.105
MGG_12839T0	5497	5498	5581	77.7776
MGG_16975T0	402	403	0	0
MGG_16231T0	1774	1775	96	4.144
MGG_14588T0	1830	1831	0	0
MGG_05642T0	3273	3274	1920	44.9335
MGG_03429T0	969	970	0	0
MGG_17439T0	1098	1099	214.446	14.9509
MGG_13880T0	1197	1198	0	0
MGG_02826T0	1847	1848	309	12.8116
MGG_16871T0	384	385	1650	328.375
MGG_13283T0	867	868	0	0
MGG_01772T0	1040	1041	815.011	59.9874
MGG_17972T0	553	554	3	0.414915
MGG_05759T0	1723	1724	329	14.622
MGG_17364T0	219	220	2	0.696554
MGG_09515T0	2845	2846	2189	58.933
MGG_07544T0	525	526	0	0
MGG_08775T0	1557	1558	103	5.06544
MGG_12385T0	2659	2660	1394	40.154
MGG_12077T0	2511	2512	432	13.1768
MGG_16505T0	420	421	90	16.3798
MGG_15773T0	2433	2434	4962	156.201
MGG_17509T0	1080	1081	66	4.67806
MGG_00375T0	1275	1276	13	0.780621
MGG_03283T0	3400	3401	2088.72	47.0567
MGG_06651T0	2418	2419	876	27.747
MGG_14875T0	887	888	134	11.5622
MGG_07776T0	459	460	1	0.166567
MGG_04751T0	2197	2198	100	3.48594
MGG_05447T0	847	848	2723.64	246.094
MGG_13814T0	693	694	9	0.993643
MGG_16940T0	366	367	0	0
MGG_03611T0	1974	1975	191.899	7.44479
MGG_10330T0	3536	3537	122	2.64285
MGG_03163T0	1016	1017	750	56.5051
MGG_16723T0	243	244	0	0
MGG_12305T0	915	916	707	59.1386
MGG_08551T0	3203	3204	15.6033	0.373139
MGG_10651T0	1133	1134	1875.02	126.689
MGG_00984T0	3505	3506	24465.3	534.67
MGG_10728T0	2212	2213	1	0.0346231
MGG_06643T0	3113	3114	8125	199.918
MGG_18124T0	360	361	0	0
MGG_15586T0	195	196	0	0
MGG_10052T0	887	888	1192	102.852
MGG_06706T0	3153	3154	2985	72.5154
MGG_01432T0	2118	2119	2316.87	83.7757
MGG_16340T0	783	784	73	7.13435
MGG_15066T0	336	337	10	2.27362
MGG_00384T0	4132	4133	823	15.2574
MGG_02479T0	878	879	5973	520.656
MGG_15278T0	1323	1324	0	0
MGG_04473T0	2193	2194	401	14.0041
MGG_17939T0	180	181	118	49.9518
MGG_17180T0	816	817	247	23.1645
MGG_00845T0	4639	4640	2672	44.1231
MGG_07159T0	651	652	25	2.93792
MGG_03552T0	2628	2629	678	19.76
MGG_08839T0	3188	3189	452	10.86
MGG_10804T0	501	502	0	0
MGG_14299T0	1429	1430	11	0.589392
MGG_13924T0	2250	2251	0	0
MGG_07383T0	1311	1312	653	38.1353
MGG_18003T0	739	740	6700	693.73
MGG_16580T0	252	253	0	0
MGG_06161T0	1099	1100	34	2.36828
MGG_02478T0	3509	3510	4178	91.2029
MGG_17353T0	231	232	1	0.330263
MGG_02767T0	5837	5838	5874	77.0934
MGG_05401T0	3712	3713	534	11.0195
MGG_09291T0	3174	3175	4194	101.212
MGG_16862T0	1419	1420	2606	140.616
MGG_10846T0	944	945	1	0.0810803
MGG_04897T0	2878	2879	603	16.0481
MGG_05160T0	4165	4166	3105	57.107
MGG_07331T0	2459	2460	8086	251.852
MGG_14810T0	309	310	10	2.47164
MGG_06859T0	1027	1028	1874.99	139.75
MGG_17675T0	168	169	1	0.453378
MGG_11211T0	4315	4316	2936	52.1221
MGG_10439T0	2857	2858	30	0.804278
MGG_17817T0	1773	1774	466.737	20.1589
MGG_16331T0	1844	1845	33.9648	1.41052
MGG_13902T0	2409	2410	1	0.0317929
MGG_18019T0	312	313	0	0
MGG_06578T0	1200	1201	563	35.9181
MGG_16391T0	680	681	3	0.337537
MGG_08187T0	1410	1411	783	42.5189
MGG_04588T0	2791	2792	1877.04	51.5117
MGG_17547T0	507	508	0	0
MGG_05518T0	523	524	4	0.584893
MGG_01746T0	1764	1765	7948	345.033
MGG_12388T0	2587	2588	45	1.33228
MGG_09511T0	1697	1698	7740.4	349.279
MGG_04667T0	3012	3013	1763	44.8333
MGG_15863T0	183	184	13	5.41343
MGG_01103T0	2371	2372	1430.48	46.2078
MGG_09200T0	2640	2641	37199	1079.22
MGG_05127T0	597	598	0	0
MGG_05137T0	2024	2025	421	15.9296
MGG_17399T0	2220	2221	3825	131.956
MGG_01843T0	603	604	200	25.3712
MGG_09668T0	2018	2019	0	0
MGG_06642T0	2869	2870	9134	243.852
MGG_01147T0	2482	2483	223	6.88138
MGG_00490T0	1940	1941	4280	168.953
MGG_00981T0	1296	1297	151	8.9204
MGG_00841T0	3144	3145	1066	25.9707
MGG_05169T0	3361	3362	1212.06	27.6233
MGG_17846T0	4302	4303	0	0
MGG_17548T0	399	400	0	0
MGG_14303T0	1641	1642	472	22.025
MGG_00225T0	537	538	0	0
MGG_05598T0	5224	5225	3663	53.7153
MGG_05411T0	2283	2284	0	0
MGG_13815T0	1037	1038	63129	4659.92
MGG_17247T0	3737	3738	2897	59.3822
MGG_07547T0	2377	2378	1	0.0322207
MGG_13485T0	2699	2700	2394	67.9372
MGG_01151T0	1262	1263	123	7.46189
MGG_03819T0	1488	1489	0	0
MGG_03837T0	4346	4347	6042	106.497
MGG_12613T0	7425	7426	263	2.71361
MGG_10048T0	3073	3074	0	0
MGG_07855T0	1713	1714	0	0
MGG_17061T0	1370	1371	550.187	30.7483
MGG_00775T0	2953	2954	6661	172.773
MGG_01754T0	1999	2000	432	16.5501
MGG_17384T0	1291	1292	252	14.9446
MGG_04227T0	3861	3862	3272	64.9155
MGG_07809T0	1347	1348	0	0
MGG_05088T0	2742	2743	2093	58.4643
MGG_08627T0	1887	1888	280.785	11.3951
MGG_06395T0	4668	4669	1752	28.7513
MGG_12670T0	1883	1884	452.333	18.396
MGG_03731T0	1563	1564	204.162	10.002
MGG_01330T0	2398	2399	12	0.383264
MGG_17191T0	465	466	0	0
MGG_02080T0	1071	1072	0	0
MGG_16423T0	868	869	487	42.9395
MGG_16202T0	3026	3027	366	9.26437
MGG_00464T0	2039	2040	215	8.07524
MGG_00795T0	4312	4313	27	0.479658
MGG_03629T0	4695	4696	11402	186.037
MGG_04092T0	1434	1435	960	51.2586
MGG_07118T0	2563	2564	0	0
MGG_03863T0	761	762	955	96.0275
MGG_01066T0	934	935	14352	1176.11
MGG_04500T0	1376	1377	1934	107.614
MGG_08842T0	1842	1843	2305.72	95.8582
MGG_01694T0	1766	1767	211.304	9.16259
MGG_06083T0	1169	1170	3147	206.091
MGG_00619T0	648	649	47	5.54882
MGG_15667T0	1504	1505	1033.41	52.6117
MGG_03724T0	4334	4335	7497	132.509
MGG_17681T0	225	226	140	47.4643
MGG_12100T0	1919	1920	553	22.0684
MGG_09869T0	3538	3539	2938	63.609
MGG_16654T0	395	396	0	0
MGG_03553T0	942	943	111	9.01901
MGG_02730T0	2013	2014	1236	47.0226
MGG_01365T0	1713	1714	19	0.849357
MGG_09618T0	1443	1444	6359	337.419
MGG_16659T0	231	232	0	0
MGG_12849T0	3193	3194	2708	64.9623
MGG_09420T0	903	904	0	0
MGG_00320T0	3945	3946	791	15.3591
MGG_03251T0	1038	1039	12405	914.805
MGG_11680T0	2657	2658	94	2.70969
MGG_17116T0	210	211	0	0
MGG_05215T0	1886	1887	5	0.203023
MGG_06962T0	1388	1389	9599	529.506
MGG_17315T0	189	190	3	1.2098
MGG_07501T0	3850	3851	539	10.7241
MGG_15024T0	1489	1490	503	25.866
MGG_00652T0	2493	2494	1378	42.3351
MGG_03181T0	2324	2325	2145	70.689
MGG_04208T0	891	892	0	0
MGG_17407T0	330	331	11.0254	2.55219
MGG_09184T0	2711	2712	3148	88.939
MGG_17435T0	400	401	10	1.91075
MGG_01876T0	1152	1153	6	0.398721
MGG_01257T0	1520	1521	67.1296	3.38168
MGG_17592T0	351	352	0	0
MGG_10026T0	1011	1012	0	0
MGG_03066T0	2240	2241	1266	43.2852
MGG_06164T0	4818	4819	273	4.34063
MGG_08555T0	3020	3021	38	0.963785
MGG_17981T0	180	181	13	5.50316
MGG_02729T0	4556	4557	198	3.32915
MGG_07162T0	2292	2293	2348	78.4588
MGG_15131T0	1347	1348	177	10.0608
MGG_14136T0	1662	1663	13367	615.87
MGG_14652T0	896	897	271	23.1486
MGG_09032T0	1844	1845	364	15.1165
MGG_07412T0	900	901	1	0.0850399
MGG_01087T0	2980	2981	2705.22	69.5325
MGG_09822T0	714	715	8	0.857297
MGG_13350T0	2573	2574	596	17.7413
MGG_03431T0	1299	1300	3	0.176818
MGG_01229T0	810	811	3104	293.257
MGG_00101T0	1554	1555	959.588	47.2826
MGG_02473T0	2079	2080	1897	69.8798
MGG_02259T0	3691	3692	109	2.2621
MGG_02542T0	2656	2657	271	7.81493
MGG_10549T0	333	334	3	0.688212
MGG_01186T0	1821	1822	2	0.0841064
MGG_14965T0	627	628	0	0
MGG_01639T0	3252	3253	653	15.3807
MGG_05323T0	2610	2611	1662.99	48.8011
MGG_09878T0	1852	1853	6983	288.745
MGG_00193T0	3485	3486	1596.91	35.0994
MGG_05317T0	1272	1273	655	39.424
MGG_16467T0	1172	1173	68	4.44179
MGG_11683T0	1104	1105	95	6.58732
MGG_04436T0	1285	1286	12512.3	745.495
MGG_13743T0	1171	1172	4057	265.231
MGG_02853T0	1522	1523	401	20.174
MGG_11715T0	4417	4418	3299	57.2142
MGG_01128T0	6009	6010	5215	66.4855
MGG_03652T0	2854	2855	514.376	13.8045
MGG_17841T0	3915	3916	9396	183.843
MGG_05141T0	825	826	332	30.7968
MGG_01025T0	1415	1416	33	1.78566
MGG_02898T0	1344	1345	189	10.7668
MGG_03800T0	675	676	0	0
MGG_08858T0	2128	2129	6852	246.598
MGG_03149T0	1673	1674	7425	339.851
MGG_08368T0	1761	1762	2354	102.364
MGG_16489T0	627	628	0	0
MGG_12267T0	1348	1349	1403	79.688
MGG_14629T0	267	268	68	19.4411
MGG_12423T0	1308	1309	4274	250.174
MGG_06325T0	3373	3374	881.075	20.0085
MGG_14922T0	264	265	0	0
MGG_17784T0	333	334	51	11.6996
MGG_03760T0	858	859	1	0.0891978
MGG_15828T0	1177	1178	110.536	7.18959
MGG_03565T0	2303	2304	1505	50.0497
MGG_02421T0	1773	1774	50	2.15955
MGG_09543T0	2223	2224	272	9.3709
MGG_17883T0	183	184	10	4.16418
MGG_15179T0	1119	1120	0	0
MGG_08331T0	711	712	0	0
MGG_01358T0	920	921	47.4545	3.94789
MGG_05315T0	6151	6152	2052.75	25.5662
MGG_11575T0	967	968	207	16.3848
MGG_17064T0	249	250	43	13.1788
MGG_12154T0	5580	5581	8200	112.577
MGG_04552T0	3410	3411	419	9.41195
MGG_03239T0	1485	1486	365	18.8201
MGG_04991T0	2290	2291	2917	97.5571
MGG_14071T0	1373	1374	1808.1	100.829
MGG_08900T0	1611	1612	369	17.5392
MGG_13442T0	1707	1708	132	5.92152
MGG_16424T0	2281	2282	15	0.503643
MGG_06682T0	2037	2038	31.108	1.16954
MGG_09559T0	3473	3474	1968	43.4053
MGG_04981T0	1176	1177	150.268	9.78222
MGG_05336T0	2419	2420	6943	219.826
MGG_05943T0	438	439	0	0
MGG_00157T0	2492	2493	4972	152.812
MGG_01366T0	270	271	31	8.76475
MGG_03970T0	1716	1717	2099	93.6676
MGG_18063T0	1711	1712	13.126	0.587455
MGG_12015T0	423	424	0	0
MGG_08007T0	1596	1597	54	2.59081
MGG_08447T0	780	781	17	1.6678
MGG_15233T0	1413	1414	69.6281	3.77296
MGG_15592T0	210	211	5	1.81566
MGG_00873T0	186	187	0	0
MGG_02961T0	7269	7270	2852	30.0582
MGG_05316T0	2254	2255	6	0.203869
MGG_09313T0	2517	2518	1639	49.8736
MGG_00220T0	1571	1572	165	8.04227
MGG_05879T0	1472	1473	11	0.572186
MGG_01329T0	2739	2740	1418	39.6527
MGG_14892T0	1344	1345	57	3.24713
MGG_00528T0	3218	3219	1986	47.2722
MGG_14003T0	5757	5758	6804	90.5399
MGG_08089T0	2196	2197	742	25.8774
MGG_13486T0	2634	2635	2561	74.4691
MGG_00772T0	3954	3955	925	17.9202
MGG_01855T0	876	877	0	0
MGG_12176T0	423	424	22	3.97561
MGG_17181T0	444	445	6	1.03309
MGG_00272T0	1281	1282	19	1.13557
MGG_06140T0	3407	3408	3503	78.7568
MGG_16194T0	887	888	61	5.26337
MGG_15901T0	2868	2869	752	20.0833
MGG_15738T0	228	229	65	21.7483
MGG_05948T0	1706	1707	21800	978.521
MGG_00110T0	1685	1686	72	3.27207
MGG_16069T0	1498	1499	54.6244	2.79211
MGG_02330T0	1839	1840	20	0.832836
MGG_01812T0	2795	2796	29	0.794709
MGG_01747T0	2607	2608	247.335	7.26649
MGG_04247T0	705	706	0	0
MGG_10193T0	1821	1822	3804	159.97
MGG_02926T0	738	739	938	97.2536
MGG_15985T0	345	346	1	0.221448
MGG_13817T0	3738	3739	2846.15	58.3243
MGG_01042T0	1689	1690	499	22.6236
MGG_02859T0	2681	2682	3464	98.9615
MGG_03913T0	576	577	73	9.69381
MGG_08863T0	3381	3382	459	10.3989
MGG_03351T0	3207	3208	159	3.79761
MGG_13255T0	1008	1009	124	9.41625
MGG_09971T0	2546	2547	2067	62.1812
MGG_15749T0	4032	4033	6681	126.929
MGG_02812T0	1206	1207	836	53.0697
MGG_16557T0	1188	1189	0	0
MGG_16081T0	855	856	0	0
MGG_16279T0	495	496	1	0.154478
MGG_15736T0	937	938	1508	123.182
MGG_15707T0	546	547	1	0.140075
MGG_17928T0	1263	1264	275	16.6699
MGG_08641T0	1482	1483	894.148	46.1972
MGG_05091T0	1814	1815	225	9.49846
MGG_09234T0	1218	1219	10	0.628556
MGG_03220T0	3779	3780	4158.57	84.2945
MGG_08415T0	2981	2982	2	0.0513889
MGG_17456T0	616	617	137	17.0131
MGG_15570T0	324	325	1	0.235757
MGG_07160T0	2137	2138	971	34.7984
MGG_05651T0	1354	1355	3347	189.262
MGG_01973T0	3486	3487	2463.51	54.1314
MGG_03946T0	1042	1043	10	0.734621
MGG_03175T0	1662	1663	631	29.0726
MGG_15786T0	174	175	0	0
MGG_07559T0	1728	1729	23	1.01925
MGG_07208T0	1458	1459	754	39.5971
MGG_08010T0	2519	2520	1067	32.4423
MGG_00827T0	941	942	0	0
MGG_08201T0	826	827	2661.55	246.591
MGG_15950T0	2636	2637	108	3.13806
MGG_11104T0	755	756	9	0.912154
MGG_14559T0	360	361	147	31.2002
MGG_07999T0	3886	3887	5335	105.164
MGG_09122T0	1533	1534	7	0.349639
MGG_15251T0	1046	1047	7787.97	569.935
MGG_02341T0	258	259	0	0
MGG_11709T0	3750	3751	3534.07	72.1898
MGG_07250T0	5399	5400	13	0.184458
MGG_16096T0	1982	1983	208	8.03689
MGG_11651T0	1689	1690	277	12.5586
MGG_13542T0	3561	3562	245.558	5.28212
MGG_01409T0	3730	3731	4057	83.3158
MGG_02544T0	1601	1602	54	2.58273
MGG_17454T0	279	280	4	1.09458
MGG_16411T0	636	637	0	0
MGG_07176T0	1576	1577	14617	710.189
MGG_16595T0	2541	2542	957	28.8459
MGG_03865T0	222	223	448	153.929
MGG_17485T0	246	247	0	0
MGG_03108T0	402	403	4	0.760505
MGG_03352T0	1623	1624	707	33.3565
MGG_09086T0	384	385	0	0
MGG_16996T0	984	985	0	0
MGG_07916T0	1869	1870	3048	124.888
MGG_06371T0	1595	1596	8696	417.478
MGG_08676T0	1109	1110	362	24.9881
MGG_00105T0	6562	6563	1438.55	16.7946
MGG_15136T0	1602	1603	1376	65.7707
MGG_04331T0	1423	1424	2202	118.483
MGG_10428T0	2247	2248	1163	39.6397
MGG_11360T0	2002	2003	735	28.116
MGG_17467T0	186	187	5	2.04869
MGG_05299T0	2893	2894	3252.58	86.1146
MGG_17423T0	462	463	0	0
MGG_14338T0	718	719	5	0.53283
MGG_03853T0	1372	1373	473.514	26.4247
MGG_16616T0	414	415	0	0
MGG_06925T0	4611	4612	2315	38.46
MGG_17937T0	744	745	5	0.514234
MGG_05764T0	507	508	51	7.69226
MGG_16403T0	1560	1561	0	0
MGG_16350T0	282	283	0	0
MGG_16195T0	3120	3121	730	17.9216
MGG_06192T0	1036	1037	8584	634.247
MGG_06907T0	915	916	2553.7	213.61
MGG_09762T0	2334	2335	0	0
MGG_03275T0	7701	7702	5263	52.3573
MGG_02653T0	3623	3624	6822	144.235
MGG_08739T0	540	541	0	0
MGG_01637T0	1404	1405	453	24.7041
MGG_12049T0	429	430	259	46.1507
MGG_15610T0	207	208	2	0.73674
MGG_07490T0	636	637	83	9.98357
MGG_02310T0	1383	1384	0	0
MGG_02701T0	5485	5486	1891	26.4109
MGG_14847T0	3965	3966	6389	123.432
MGG_04611T0	2594	2595	60	1.77158
MGG_10484T0	1156	1157	23.111	1.5305
MGG_02839T0	2503	2504	66	2.01956
MGG_12775T0	1360	1361	624	35.1297
MGG_02287T0	1338	1339	0	0
MGG_05040T0	2926	2927	310	8.11496
MGG_05465T0	576	577	0	0
MGG_00172T0	2308	2309	991	32.8849
MGG_14057T0	1314	1315	5	0.291334
MGG_02974T0	2120	2121	1706	61.6291
MGG_02998T0	1845	1846	684	28.3904
MGG_15330T0	930	931	103	8.47686
MGG_12981T0	925	926	0	0
MGG_07949T0	2258	2259	6	0.203508
MGG_04099T0	1987	1988	2	0.0770834
MGG_07845T0	1747	1748	27	1.1835
MGG_08581T0	2021	2022	253	9.58709
MGG_04348T0	972	973	0	0
MGG_09990T0	2808	2809	115	3.13685
MGG_03461T0	898	899	0	0
MGG_06504T0	2267	2268	5956	201.214
MGG_06906T0	2819	2820	1914	52.0044
MGG_07390T0	1255	1256	53	3.23321
MGG_09954T0	4910	4911	144	2.24667
MGG_01511T0	1773	1774	61	2.63465
MGG_17356T0	886	887	25	2.15955
MGG_17187T0	450	451	57	9.6838
MGG_08696T0	1215	1216	0	0
MGG_11889T0	2431	2432	4256.98	134.117
MGG_06603T0	2020	2021	1384	52.4707
MGG_12313T0	2076	2077	58.4476	2.15614
MGG_03627T0	1552	1553	5248	258.922
MGG_01833T0	4200	4201	377	6.876
MGG_00667T0	3832	3833	2862	57.2108
MGG_02504T0	2240	2241	1799	61.5087
MGG_05478T0	1471	1472	4193	218.255
MGG_00357T0	1978	1979	145	5.61396
MGG_03736T0	4716	4717	4294	69.7499
MGG_17217T0	735	736	0	0
MGG_16177T0	1416	1417	0	0
MGG_14735T0	1561	1562	1514	74.2664
MGG_07690T0	2196	2197	0	0
MGG_06837T0	264	265	7280	2104.91
MGG_07100T0	1345	1346	14	0.796949
MGG_06153T0	1442	1443	3675	195.136
MGG_17838T0	231	232	0	0
MGG_11817T0	1980	1981	869	33.6111
MGG_07217T0	666	667	15	1.72311
MGG_09500T0	306	307	54	13.4773
MGG_05012T0	1875	1876	0	0
MGG_04040T0	4203	4204	900	16.4031
MGG_04770T0	1074	1075	106	7.55518
MGG_17341T0	2495	2496	4708	144.524
MGG_00683T0	4216	4217	3664.9	66.5896
MGG_06679T0	3777	3778	33	0.669267
MGG_15734T0	657	658	12	1.39734
MGG_04015T0	2437	2438	102	3.20563
MGG_09641T0	1346	1347	145	8.24798
MGG_08699T0	657	658	50	5.82226
MGG_10479T0	1941	1942	0	0
MGG_00380T0	459	460	0	0
MGG_03194T0	1158	1159	1065	70.4066
MGG_16870T0	813	814	319	30.0271
MGG_12962T0	2832	2833	1165	31.5084
MGG_15627T0	1253	1254	482.077	29.4555
MGG_08268T0	2211	2212	345.997	11.9849
MGG_13497T0	2244	2245	443	15.1194
MGG_04242T0	1452	1453	3432.51	181.006
MGG_15140T0	4384	4385	4919	85.9517
MGG_07419T0	2473	2474	33.8441	1.04817
MGG_02061T0	2507	2508	248	7.57655
MGG_04135T0	722	723	8944	947.853
MGG_14167T0	2313	2314	138	4.56944
MGG_01970T0	3030	3031	916.322	23.1638
MGG_07616T0	3620	3621	14010.2	296.458
MGG_02252T0	1299	1300	3144	185.305
MGG_08986T0	2082	2083	1	0.0367839
MGG_13615T0	1065	1066	5	0.359385
MGG_05787T0	1548	1549	18	0.890366
MGG_11480T0	2023	2024	3322	125.758
MGG_11327T0	1623	1624	183	8.63401
MGG_12816T0	1646	1647	870	40.4737
MGG_08080T0	1240	1241	3076.17	189.927
MGG_02597T0	2508	2509	3411	104.167
MGG_01065T0	1067	1068	1723	123.612
MGG_04906T0	3576	3577	2298	49.2242
MGG_01045T0	3889	3890	9621	189.504
MGG_06471T0	699	700	777.735	85.1297
MGG_05983T0	2274	2275	1420	47.8249
MGG_13133T0	399	400	0	0
MGG_00255T0	1639	1640	4145	193.655
MGG_14730T0	768	769	189	18.8314
MGG_05795T0	384	385	0	0
MGG_02086T0	1165	1166	3224	211.858
MGG_10634T0	2822	2823	15.858	0.430414
MGG_04507T0	928	929	810.484	66.8461
MGG_10131T0	3320	3321	1685	38.8757
MGG_16571T0	753	754	2542.71	258.388
MGG_12381T0	291	292	47	12.3328
MGG_03994T0	3699	3700	2433	50.3834
MGG_04400T0	1950	1951	13761	540.431
MGG_15034T0	945	946	344	27.8622
MGG_17729T0	804	805	71.1282	6.77007
MGG_11966T0	597	598	0	0
MGG_00140T0	2239	2240	633.334	21.6637
MGG_10737T0	2048	2049	1198.54	44.8187
MGG_00590T0	3789	3790	1048	21.187
MGG_06436T0	828	829	1	0.0924257
MGG_17317T0	3866	3867	909	18.011
MGG_15448T0	165	166	5	2.30786
MGG_15958T0	201	202	60	22.7587
MGG_01109T0	817	818	278.052	26.0447
MGG_14634T0	687	688	47	5.23428
MGG_12123T0	3215	3216	2656	63.279
MGG_04460T0	1066	1067	537	38.5618
MGG_15152T0	792	793	0	0
MGG_04676T0	2107	2108	3649	132.633
MGG_14751T0	2063	2064	2574	95.5534
MGG_07417T0	1495	1496	5	0.256086
MGG_09080T0	2962	2963	5435.93	140.569
MGG_16591T0	1140	1141	310.986	20.8834
MGG_15575T0	557	558	0	0
MGG_10363T0	1455	1456	0	0
MGG_10674T0	2812	2813	1518.25	41.3544
MGG_11335T0	2508	2509	5	0.152692
MGG_16678T0	198	199	39	15.0162
MGG_00735T0	2236	2237	449	15.379
MGG_16368T0	337	338	0	0
MGG_02309T0	2096	2097	0	0
MGG_03054T0	3420	3421	71.6922	1.60571
MGG_07102T0	969	970	946	74.7251
MGG_11096T0	606	607	10	1.26229
MGG_11719T0	1120	1121	5	0.341753
MGG_08975T0	4357	4358	6152	108.162
MGG_15877T0	297	298	0	0
MGG_17398T0	1394	1395	120	6.59105
MGG_08767T0	2318	2319	146	4.82391
MGG_00618T0	1408	1409	180	9.78834
MGG_17620T0	2509	2510	59.678	1.82175
MGG_04896T0	747	748	575	58.8998
MGG_02166T0	315	316	0	0
MGG_04329T0	1548	1549	194	9.59616
MGG_06718T0	1136	1137	1163	78.373
MGG_07421T0	1023	1024	2	0.14965
MGG_17122T0	2709	2710	973	27.51
MGG_03908T0	1090	1091	523	36.7303
MGG_15765T0	588	589	36	4.68311
MGG_09640T0	1599	1600	1	0.0478881
MGG_16982T0	1225	1226	341	21.3114
MGG_00831T0	2208	2209	0	0
MGG_15974T0	1317	1318	0	0
MGG_05660T0	1493	1494	134	6.87229
MGG_16686T0	294	295	0	0
MGG_02638T0	1592	1593	214	10.2931
MGG_00718T0	1911	1912	893	35.7858
MGG_03041T0	3393	3394	2966	66.9586
MGG_03856T0	1556	1557	659.11	32.4352
MGG_02390T0	2784	2785	1681	46.2477
MGG_08206T0	1599	1600	359	17.1918
MGG_01566T0	1669	1670	1918.69	88.0311
MGG_10345T0	1557	1558	0	0
MGG_15044T0	159	160	0	0
MGG_05052T0	1985	1986	753	29.0511
MGG_12963T0	1677	1678	90	4.10958
MGG_17170T0	1293	1294	73	4.32251
MGG_13500T0	3449	3450	2310	51.3027
MGG_11214T0	1011	1012	2	0.151425
MGG_04601T0	3393	3394	949.833	21.4429
MGG_16013T0	471	472	0	0
MGG_13246T0	2475	2476	20048	620.394
MGG_01302T0	1753	1754	1244	54.3423
MGG_04976T0	1821	1822	3706	155.849
MGG_10275T0	1992	1993	0	0
MGG_01429T0	1601	1602	199	9.51783
MGG_05156T0	1957	1958	5065	198.205
MGG_15727T0	613	614	703	87.7272
MGG_06036T0	1802	1803	10	0.424964
MGG_12069T0	513	514	0	0
MGG_15619T0	414	415	0	0
MGG_09864T0	1131	1132	3597	243.468
MGG_12647T0	2535	2536	126	3.80688
MGG_04310T0	1097	1098	842.206	58.7711
MGG_14666T0	870	871	2216	194.939
MGG_08575T0	805	806	4458	423.792
MGG_12759T0	649	650	19.1837	2.26134
MGG_10057T0	1978	1979	1464	56.6817
MGG_07998T0	3049	3050	207	5.20017
MGG_00595T0	2653	2654	7369	212.743
MGG_07992T0	1317	1318	20	1.16268
MGG_09119T0	2737	2738	892	24.962
MGG_08859T0	2298	2299	1282.5	42.7432
MGG_11412T0	1945	1946	14010	551.623
MGG_10815T0	738	739	0	0
MGG_00129T0	1674	1675	1039.21	47.5374
MGG_07149T0	2926	2927	2948	77.1706
MGG_11885T0	2127	2128	714	25.7083
MGG_02928T0	4728	4729	4426	71.7116
MGG_06452T0	1850	1851	911	37.7102
MGG_00211T0	2279	2280	15.063	0.506202
MGG_09294T0	1063	1064	1764	127.029
MGG_10208T0	1137	1138	0	0
MGG_00964T0	1554	1555	654	32.2251
MGG_16321T0	597	598	0	0
MGG_02183T0	6555	6556	1779	20.7914
MGG_03828T0	1557	1558	26	1.27865
MGG_05233T0	4427	4428	5752.04	99.5318
MGG_01355T0	2121	2122	704	25.4199
MGG_17168T0	304	305	87	21.8558
MGG_12329T0	2062	2063	816.493	30.325
MGG_07500T0	1884	1885	71	2.88599
MGG_10652T0	2551	2552	1326.98	39.8411
MGG_02688T0	2220	2221	68	2.34589
MGG_09528T0	2162	2163	296	10.4853
MGG_17438T0	186	187	0	0
MGG_14555T0	231	232	1	0.330263
MGG_07608T0	375	376	23	4.68692
MGG_17034T0	156	157	2	0.976063
MGG_00019T0	393	394	0	0
MGG_14856T0	432	433	154	27.2509
MGG_01659T0	1023	1024	4334	324.292
MGG_05189T0	2200	2201	6657	231.743
MGG_07130T0	1444	1445	2451	129.964
MGG_08390T0	1275	1276	0	0
MGG_16655T0	621	622	16.1008	1.98337
MGG_02799T0	1937	1938	1114	44.0432
MGG_11537T0	1152	1153	8811	585.522
MGG_16850T0	276	277	3	0.829829
MGG_15755T0	1826	1827	114	4.78094
MGG_04426T0	752	753	1445	147.035
MGG_07718T0	2652	2653	1857	53.6318
MGG_03758T0	1254	1255	939	57.3283
MGG_06345T0	2348	2349	433	14.1238
MGG_15959T0	282	283	4	1.08298
MGG_03916T0	921	922	143	11.8837
MGG_10760T0	1248	1249	0	0
MGG_03615T0	1528	1529	3125	156.599
MGG_06384T0	1359	1360	565.761	31.8744
MGG_05569T0	1826	1827	222.872	9.34684
MGG_06900T0	2311	2312	5	0.165703
MGG_11605T0	2775	2776	152	4.19538
MGG_11426T0	3426	3427	2828	63.2285
MGG_06099T0	1964	1965	5106.3	199.109
MGG_06270T0	1660	1661	2215.47	102.198
MGG_09698T0	282	283	1122	303.776
MGG_00153T0	2048	2049	3490	130.506
MGG_16066T0	231	232	0	0
MGG_05719T0	723	724	1895	200.548
MGG_05900T0	4527	4528	1	0.0169216
MGG_00617T0	3883	3884	514	10.1398
MGG_17890T0	375	376	286	58.2808
MGG_01013T0	1734	1735	3990.35	176.222
MGG_05568T0	1281	1282	1573.13	94.0207
MGG_09125T0	2859	2860	6947	186.114
MGG_15789T0	2930	2931	176.522	4.61457
MGG_02608T0	2164	2165	4673.69	165.405
MGG_06473T0	2907	2908	262	6.90326
MGG_05828T0	1095	1096	0	0
MGG_00208T0	2551	2552	710.584	21.3345
MGG_02981T0	3127	3128	525.344	12.8684
MGG_08015T0	1724	1725	1774	78.7974
MGG_15653T0	236	237	0	0
MGG_01085T0	1526	1527	210	10.5373
MGG_05306T0	3700	3701	5061	104.777
MGG_16333T0	2417	2418	551	17.4599
MGG_12316T0	2414	2415	724	22.9704
MGG_06389T0	2438	2439	4372	137.346
MGG_01553T0	2931	2932	4267.46	111.52
MGG_01003T0	2396	2397	2703	86.4023
MGG_02660T0	957	958	5991	479.161
MGG_02560T0	483	484	0	0
MGG_02115T0	1212	1213	2	0.126333
MGG_07055T0	1170	1171	305	19.9568
MGG_07356T0	1833	1834	0	0
MGG_07195T0	1729	1730	4749	210.331
MGG_15864T0	520	521	5	0.735326
MGG_02590T0	378	379	0	0
MGG_01046T0	2592	2593	2454	72.5136
MGG_08815T0	1333	1334	1008	57.8965
MGG_13557T0	4275	4276	1188	21.2876
MGG_10887T0	920	921	165	13.7269
MGG_03375T0	2242	2243	8663	295.928
MGG_07510T0	2149	2150	303	10.7982
MGG_08192T0	3613	3614	2972	63.0098
MGG_00569T0	3561	3562	537	11.5512
MGG_08186T0	6385	6386	1347	16.1617
MGG_09107T0	1992	1993	0	0
MGG_09709T0	1756	1757	263	11.4692
MGG_17193T0	341	342	8	1.7923
MGG_06784T0	1540	1541	0	0
MGG_09393T0	2384	2385	2945	94.6116
MGG_03129T0	2075	2076	1397	51.5604
MGG_05733T0	723	724	48	5.07984
MGG_05816T0	2592	2593	22	0.650081
MGG_08060T0	1727	1728	229	10.154
MGG_00627T0	898	899	8	0.681832
MGG_03586T0	2299	2300	834	27.7834
MGG_16288T0	360	361	2	0.424493
MGG_13365T0	616	617	0	0
MGG_15480T0	1883	1884	2911.8	118.421
MGG_05791T0	453	454	9.13508	1.54171
MGG_08133T0	3052	3053	819.662	20.571
MGG_03708T0	996	997	1307	100.445
MGG_07555T0	339	340	0	0
MGG_02165T0	237	238	0	0
MGG_15634T0	977	978	0	0
MGG_18056T0	456	457	4	0.670643
MGG_12090T0	243	244	7	2.19814
MGG_08977T0	681	682	9	1.01113
MGG_00245T0	1414	1415	46	2.49086
MGG_05706T0	5415	5416	3922	55.4851
MGG_17309T0	291	292	0	0
MGG_16334T0	4463	4464	9070	155.679
MGG_01458T0	3529	3530	243.062	5.27581
MGG_02139T0	381	382	0	0
MGG_06043T0	4632	4633	1685	27.8667
MGG_16960T0	162	163	0	0
MGG_16978T0	891	892	3	0.257694
MGG_04181T0	1028	1029	2049.77	152.629
MGG_06736T0	4888	4889	1050.71	16.4669
MGG_04565T0	1179	1180	479	31.1029
MGG_08924T0	1622	1623	2159	101.925
MGG_10457T0	1389	1390	0	0
MGG_08511T0	1143	1144	0	0
MGG_05996T0	4569	4570	4910	82.3214
MGG_17862T0	318	319	31	7.44592
MGG_15265T0	291	292	19	4.98561
MGG_03487T0	4300	4301	742.963	13.2356
MGG_02838T0	4082	4083	417	7.82535
MGG_08529T0	387	388	0	0
MGG_17411T0	186	187	0	0
MGG_16298T0	1241	1242	2661	164.161
MGG_07339T0	3969	3970	2036	39.2948
MGG_02667T0	4286	4287	2487	44.4498
MGG_17536T0	1076	1077	27.9984	1.99189
MGG_03230T0	1611	1612	552	26.2374
MGG_09242T0	2233	2234	317.974	10.9058
MGG_14010T0	2302	2303	64	2.12928
MGG_01266T0	2271	2272	408	13.7594
MGG_04698T0	1949	1950	1125	44.2044
MGG_16460T0	2503	2504	92	2.81515
MGG_06781T0	1993	1994	694	26.6675
MGG_08096T0	1200	1201	3761	239.943
MGG_02503T0	2414	2415	14022	444.877
MGG_17590T0	378	379	0	0
MGG_00230T0	492	493	0	0
MGG_11289T0	3144	3145	185	4.50711
MGG_02607T0	1525	1526	715.314	35.9162
MGG_07766T0	786	787	0	0
MGG_10413T0	1704	1705	2045	91.9002
MGG_15147T0	603	604	0	0
MGG_00133T0	1950	1951	4423	173.703
MGG_02506T0	1886	1887	964	39.1429
MGG_03053T0	3944	3945	4091	79.4566
MGG_03252T0	13423	13424	8620	49.2009
MGG_04593T0	3403	3404	4664	104.982
MGG_16378T0	294	295	0	0
MGG_00057T0	1139	1140	115.123	7.73755
MGG_12763T0	1102	1103	3	0.208398
MGG_01717T0	2720	2721	25	0.703978
MGG_05098T0	2244	2245	494.742	16.8854
MGG_09970T0	3317	3318	1414	32.6528
MGG_01064T0	948	949	3766	304.062
MGG_06975T0	2670	2671	0	0
MGG_06410T0	3366	3367	3354	76.3251
MGG_01503T0	3037	3038	1576	39.748
MGG_06307T0	4258	4259	1522.26	27.386
MGG_02802T0	1707	1708	1494	67.0209
MGG_10560T0	1180	1181	60	3.89268
MGG_08557T0	5444	5445	1015	14.2829
MGG_14997T0	591	592	86	11.1307
MGG_03039T0	3578	3579	7432	159.108
MGG_16099T0	1415	1416	20	1.08222
MGG_01016T0	1315	1316	205	11.9356
MGG_05939T0	2178	2179	738	25.9505
MGG_00732T0	1041	1042	0	0
MGG_04842T0	2885	2886	1919	50.9479
MGG_16720T0	1144	1145	35	2.34212
MGG_13171T0	6925	6926	6239	69.0208
MGG_03362T0	1548	1549	485	23.9904
MGG_16208T0	659	660	11	1.27702
MGG_10307T0	4517	4518	726.369	12.3185
MGG_03851T0	1062	1063	375.298	27.0514
MGG_11582T0	1338	1339	0	0
MGG_01492T0	2412	2413	1454.63	46.1894
MGG_15294T0	1404	1405	500	27.2672
MGG_03234T0	1446	1447	252	13.3438
MGG_06377T0	1209	1210	374.095	23.6889
MGG_14600T0	321	322	0	0
MGG_08700T0	924	925	8	0.662667
MGG_08302T0	1275	1276	758	45.5162
MGG_13405T0	2252	2253	0	0
MGG_03089T0	1294	1295	3030	179.275
MGG_08987T0	2649	2650	0	0
MGG_17164T0	432	433	402	71.1354
MGG_16253T0	617	618	537.236	66.6076
MGG_06852T0	1339	1340	107	6.11824
MGG_15359T0	846	847	0	0
MGG_02492T0	1790	1791	345.473	14.7797
MGG_04521T0	1671	1672	1650	75.6128
MGG_07224T0	2406	2407	3989	126.98
MGG_13511T0	2219	2220	2221.65	76.6778
MGG_17469T0	627	628	33	4.02626
MGG_17159T0	306	307	0	0
MGG_08733T0	621	622	1	0.123185
MGG_00817T0	1774	1775	184	7.94268
MGG_03131T0	3105	3106	837.66	20.664
MGG_04869T0	1011	1012	47	3.55848
MGG_10570T0	1284	1285	107.058	6.38356
MGG_08956T0	1530	1531	0	0
MGG_16917T0	2845	2846	41	1.10382
MGG_11852T0	657	658	2	0.23289
MGG_09676T0	2115	2116	1	0.0362103
MGG_01023T0	2512	2513	3399	103.635
MGG_02697T0	3515	3516	762	16.6056
MGG_00067T0	2106	2107	14376	522.782
MGG_04213T0	3017	3018	15	0.38082
MGG_04211T0	952	953	2	0.160799
MGG_03511T0	4267	4268	7139.36	128.169
MGG_10828T0	2138	2139	3168.97	113.515
MGG_07131T0	4066	4067	577	10.8705
MGG_00973T0	1968	1969	313	12.18
MGG_12902T0	811	812	0	0
MGG_01341T0	2064	2065	525	19.4799
MGG_15374T0	444	445	0	0
MGG_13803T0	2409	2410	3017	95.9192
MGG_01479T0	982	983	140	10.9124
MGG_15377T0	356	357	20	4.29249
MGG_01430T0	2093	2094	315.84	11.5568
MGG_10171T0	1206	1207	4500	285.662
MGG_04245T0	651	652	402	47.2417
MGG_09962T0	5286	5287	1628.9	23.6065
MGG_09962T1	5024	5025	10404.1	158.641
MGG_15370T0	675	676	0	0
MGG_08348T0	593	594	1	0.128991
MGG_15354T0	1440	1441	13	0.691237
MGG_01248T0	1916	1917	2243	89.6509
MGG_06028T0	1983	1984	545.127	21.0525
MGG_16779T0	453	454	114.524	19.3281
MGG_14582T0	183	184	484	201.546
MGG_11682T0	2271	2272	888	29.9469
MGG_17389T0	1332	1333	26	1.49448
MGG_10355T0	1653	1654	0	0
MGG_17436T0	2763	2764	561	15.5515
MGG_06480T0	444	445	7207	1240.91
MGG_05086T0	2637	2638	81	2.35265
MGG_01668T0	3144	3145	4646	113.189
MGG_10826T0	3448	3449	271.322	6.02753
MGG_15644T0	992	993	160	12.3458
MGG_17462T0	339	340	5	1.12678
MGG_02520T0	2493	2494	11691	359.172
MGG_03607T0	4266	4267	5643.4	101.336
MGG_14844T0	553	554	0	0
MGG_07843T0	1928	1929	677	26.8908
MGG_11754T0	2522	2523	103.026	3.12878
MGG_03127T0	2139	2140	674	24.132
MGG_02801T0	1678	1679	166	7.57539
MGG_11733T0	1338	1339	2	0.114445
MGG_04206T0	2459	2460	35	1.09014
MGG_06211T0	4419	4420	2651	45.9552
MGG_08094T0	4170	4171	854.156	15.6908
MGG_09180T0	1404	1405	232	12.652
MGG_02824T0	880	881	1640	142.631
MGG_01372T0	3150	3151	481	11.6962
MGG_00393T0	4526	4527	412	6.97323
MGG_06488T0	1763	1764	223	9.6862
MGG_10491T0	2418	2419	376	11.9097
MGG_17661T0	1788	1789	0	0
MGG_06385T0	1035	1036	303.239	22.4271
MGG_12178T0	1425	1426	5	0.268657
MGG_03995T0	1913	1914	285	11.4091
MGG_13108T0	219	220	0	0
MGG_11542T0	1496	1497	313	16.0203
MGG_07533T0	1511	1512	34.1507	1.7306
MGG_00596T0	1924	1925	372	14.8067
MGG_15897T0	225	226	45	15.2564
MGG_15660T0	504	505	19	2.88277
MGG_12569T0	1683	1684	90	4.09494
MGG_16115T0	713	714	0	0
MGG_02223T0	538	539	2	0.284308
MGG_07289T0	2961	2962	4122	106.628
MGG_01213T0	1113	1114	49	3.37022
MGG_02626T0	3549	3550	867	18.7128
MGG_02655T0	2668	2669	4596	131.941
MGG_07077T0	3752	3753	9166.03	187.133
MGG_16540T0	219	220	0	0
MGG_03077T0	3230	3231	1018	24.1412
MGG_17687T0	189	190	3	1.2098
MGG_03601T0	4622	4623	1880.82	31.1724
MGG_18060T0	291	292	0	0
MGG_10867T0	2237	2238	1188	40.6728
MGG_06139T0	3111	3112	2212	54.4619
MGG_01373T0	2475	2476	3468	107.319
MGG_00048T0	2079	2080	40	1.47348
MGG_03434T0	1263	1264	14	0.848649
MGG_16660T0	555	556	0	0
MGG_17484T0	177	178	0	0
MGG_15851T0	300	301	0	0
MGG_00479T0	1821	1822	48.7285	2.04919
MGG_02199T0	1073	1074	130	9.27441
MGG_12631T0	5219	5220	866	12.7114
MGG_06483T0	2033	2034	1007	37.9338
MGG_07931T0	1423	1424	448	24.1055
MGG_16256T0	387	388	8	1.57981
MGG_11409T0	450	451	9	1.52902
MGG_10586T0	1462	1463	417	21.8393
MGG_16853T0	2360	2361	54019	1753.06
MGG_06788T0	1854	1855	86	3.55224
MGG_02762T0	1894	1895	7	0.283032
MGG_07631T0	1490	1491	10	0.513889
MGG_08468T0	1650	1651	0	0
MGG_00702T0	2610	2611	863	25.3251
MGG_02051T0	2237	2238	111	3.80023
MGG_17273T0	475	476	49	7.88745
MGG_15543T0	222	223	1	0.343592
MGG_10309T0	1632	1633	108	5.0674
MGG_10819T0	632	633	1252.87	151.653
MGG_01148T0	2122	2123	2826	101.993
MGG_17626T0	231	232	1	0.330263
MGG_13626T0	1411	1412	538	29.1941
MGG_01353T0	4203	4204	259.045	4.72128
MGG_15832T0	504	505	22	3.33794
MGG_15818T0	3077	3078	5166	128.598
MGG_08051T0	2234	2235	396	13.5758
MGG_10538T0	2698	2699	1517	43.0656
MGG_01265T0	1390	1391	258	14.2115
MGG_05647T0	1708	1709	3292	147.593
MGG_10800T0	2171	2172	3907	137.826
MGG_01979T0	1967	1968	3439	133.892
MGG_14661T0	423	424	3	0.542129
MGG_02605T0	2200	2201	4762.66	165.797
MGG_18065T0	369	370	2	0.414167
MGG_01411T0	354	355	9	1.9425
MGG_04854T0	1583	1584	93	4.49858
MGG_00755T0	1828	1829	6244	261.575
MGG_09766T0	1981	1982	1236	47.7818
MGG_17594T0	762	763	2	0.200841
MGG_10188T0	2403	2404	1922	61.2585
MGG_08710T0	3230	3231	5241	124.287
MGG_03485T0	3916	3917	880	17.2138
MGG_09387T0	657	658	0	0
MGG_13923T0	582	583	0	0
MGG_00769T0	2306	2307	197	6.54284
MGG_05830T0	1785	1786	0	0
MGG_03058T0	4839	4840	1720	27.2289
MGG_14855T0	1224	1225	952	59.5454
MGG_00302T0	2761	2762	448	12.428
MGG_05417T0	654	655	0	0
MGG_08913T0	3981	3982	2537.29	48.822
MGG_01463T0	3641	3642	6635	139.588
MGG_09319T0	1506	1507	8	0.406747
MGG_02834T0	1664	1665	3467	159.546
MGG_06595T0	1694	1695	52	2.35061
MGG_04504T0	1506	1507	1380.07	70.1676
MGG_04645T0	384	385	292	58.1125
MGG_16623T0	402	403	0	0
MGG_12118T0	3204	3205	314.688	7.52316
MGG_08497T0	1265	1266	5	0.30261
MGG_02914T0	1380	1381	120	6.65786
MGG_03007T0	3008	3009	2134.78	54.3598
MGG_14041T0	1581	1582	0	0
MGG_03689T0	1504	1505	7.71589	0.392823
MGG_15109T0	901	902	77	6.54081
MGG_13935T0	2831	2832	1570	42.477
MGG_03889T0	1623	1624	162	7.64322
MGG_06445T0	1408	1409	334	18.1628
MGG_10233T0	1482	1483	63	3.25497
MGG_16670T0	411	412	0	0
MGG_12589T0	2613	2614	1139	33.3861
MGG_13154T0	2391	2392	1044	33.4416
MGG_08435T0	558	559	0	0
MGG_12302T0	1597	1598	107	5.13044
MGG_03155T0	2804	2805	10074	275.18
MGG_01696T1	874	875	84.4	7.39064
MGG_01696T0	874	875	126.6	11.086
MGG_04632T0	1395	1396	3	0.164658
MGG_06881T0	2960	2961	4036.94	104.463
MGG_02354T0	840	841	2	0.182214
MGG_00136T0	1692	1693	1552.07	70.2429
MGG_09502T0	2318	2319	489	16.1568
MGG_00757T0	1958	1959	99	3.87211
MGG_02127T0	2243	2244	10865	370.983
MGG_03693T0	4821	4822	730	11.5996
MGG_17825T0	2457	2458	255.062	7.95082
MGG_05531T0	1295	1296	15537	918.564
MGG_16863T0	480	481	3	0.477885
MGG_15861T0	5483	5484	4468.82	62.4372
MGG_17241T0	2236	2237	55	1.88384
MGG_13126T0	714	715	69	7.39419
MGG_07230T0	1455	1456	80	4.20994
MGG_09521T0	3389	3390	599.48	13.5495
MGG_08867T0	2647	2648	1692	48.9587
MGG_16184T0	975	976	397	31.1665
MGG_00406T0	1226	1227	1685	105.221
MGG_07272T0	1483	1484	166	8.5708
MGG_17404T0	165	166	14	6.46201
MGG_14081T0	384	385	1	0.199015
MGG_07173T0	2904	2905	925.077	24.3994
MGG_07173T1	2019	2020	2042.92	77.4904
MGG_15166T0	705	706	0	0
MGG_02896T0	1578	1579	3740.88	181.526
MGG_07717T0	2091	2092	785	28.7512
MGG_03915T0	786	787	389	37.8723
MGG_03564T0	2121	2122	2529	91.3168
MGG_06612T0	3768	3769	119	2.41918
MGG_13535T0	4511	4512	1805	30.6518
MGG_17324T0	1388	1389	14669.9	809.232
MGG_15181T0	3063	3064	0	0
MGG_04760T0	1962	1963	1558	60.8127
MGG_09209T0	2588	2589	3109	92.0102
MGG_09658T0	534	535	0	0
MGG_12780T0	693	694	0	0
MGG_17483T0	285	286	0	0
MGG_06773T0	2633	2634	1488	43.2847
MGG_05287T0	3868	3869	53443	1058.37
MGG_05521T0	1707	1708	464	20.8151
MGG_14561T0	1903	1904	4668	187.85
MGG_00306T0	2782	2783	859	23.6498
MGG_03069T0	3322	3323	1565	36.0854
MGG_08036T0	3614	3615	2573	54.5354
MGG_11554T0	3019	3020	482	12.2289
MGG_15870T0	234	235	0	0
MGG_04143T0	1362	1363	4785	268.988
MGG_01437T0	1301	1302	281.821	16.5848
MGG_04635T0	2235	2236	67	2.29589
MGG_04217T0	3433	3434	207	4.61868
MGG_15703T0	502	503	0	0
MGG_01145T0	934	935	38	3.11401
MGG_13021T0	2391	2392	152	4.86889
MGG_02657T0	348	349	545	119.652
MGG_09659T0	1233	1234	2	0.124183
MGG_09211T0	2798	2799	4549	124.526
MGG_16901T0	2383	2384	19797	636.268
MGG_16158T0	171	172	0	0
MGG_01923T0	1146	1147	68	4.54248
MGG_02047T0	2436	2437	197	6.19381
MGG_08412T0	423	424	0	0
MGG_15689T0	796	797	7	0.672957
MGG_10158T0	2093	2094	124	4.53725
MGG_02615T0	1582	1583	40	1.93609
MGG_04999T0	2004	2005	1552	59.3096
MGG_11005T0	1564	1565	3	0.146877
MGG_00081T0	1017	1018	148804	11199.9
MGG_06162T0	5852	5853	614	8.0378
MGG_15437T0	459	460	0	0
MGG_14192T0	294	295	0	0
MGG_07708T0	2503	2504	3117.05	95.3799
MGG_08738T0	2691	2692	0	0
MGG_13937T0	981	982	0	0
MGG_05188T0	1737	1738	5075	223.735
MGG_10415T0	2403	2404	62	1.97608
MGG_03471T0	1176	1177	44	2.86433
MGG_06574T0	1252	1253	674	41.2151
MGG_16506T0	189	190	1	0.403268
MGG_16398T0	1889	1890	21.952	0.889939
MGG_06200T0	2531	2532	1238	37.4632
MGG_10438T0	1503	1504	911	46.4107
MGG_13546T0	248	249	0	0
MGG_17568T0	210	211	0	0
MGG_16765T0	417	418	71	13.0146
MGG_16251T0	3487	3488	1313.22	28.8476
MGG_05438T0	1470	1471	3272	170.431
MGG_06404T0	1197	1198	377	24.1119
MGG_02759T0	4268	4269	2017	36.2015
MGG_06208T0	1599	1600	380.684	18.2302
MGG_04847T0	1982	1983	175	6.76181
MGG_09609T0	390	391	91	17.8325
MGG_08455T0	1918	1919	82	3.27406
MGG_02338T0	591	592	0	0
MGG_12198T0	1575	1576	0	0
MGG_02160T0	1997	1998	148.811	5.70673
MGG_07514T0	1940	1941	416.549	16.4433
MGG_16631T0	231	232	4	1.32105
MGG_16059T0	552	553	0	0
MGG_15490T0	761	762	0	0
MGG_06518T0	1639	1640	144	6.72769
MGG_16849T0	819	820	24	2.24256
MGG_14731T0	1177	1178	3034.05	197.344
MGG_01408T0	1707	1708	63	2.82618
MGG_04259T0	333	334	3184	730.422
MGG_17796T0	682	683	6	0.673097
MGG_14126T0	741	742	10	1.03263
MGG_02747T0	789	790	12420	1204.6
MGG_06396T0	6184	6185	15486.6	191.851
MGG_17395T0	213	214	1	0.358042
MGG_17167T0	159	160	0	0
MGG_02646T0	1065	1066	21	1.50942
MGG_03808T0	507	508	0	0
MGG_13332T0	897	898	54	4.60749
MGG_16389T0	3867	3868	953	18.8779
MGG_06176T0	1668	1669	514.988	23.6422
MGG_12972T0	2108	2109	1433.91	52.0947
MGG_15737T0	594	595	137	17.6421
MGG_02769T0	1995	1996	481.523	18.4843
MGG_10305T0	1614	1615	150	7.11649
MGG_16119T0	770	771	37	3.67701
MGG_16301T0	2092	2093	2786	101.99
MGG_09117T0	1302	1303	714	41.9857
MGG_17664T0	363	364	0	0
MGG_01253T0	693	694	127.726	14.1016
MGG_12983T0	1633	1634	3.38426	0.158693
MGG_05171T0	1971	1972	1859.29	72.2416
MGG_08433T0	369	370	0	0
MGG_17637T0	378	379	0	0
MGG_00350T0	1220	1221	584.987	36.7094
MGG_05393T0	1154	1155	1737	115.23
MGG_08297T0	1493	1494	4	0.205143
MGG_05738T0	3692	3693	1510	31.3289
MGG_14816T0	2450	2451	110	3.43872
MGG_16129T0	300	301	1	0.254555
MGG_16348T0	333	334	0	0
MGG_08803T0	2195	2196	1263	44.0675
MGG_01282T0	1189	1190	82900	5337.71
MGG_05162T0	564	565	0	0
MGG_04346T0	1553	1554	73524	3625.15
MGG_06424T0	2032	2033	1575	59.3595
MGG_07824T0	741	742	2	0.206525
MGG_09227T0	2175	2176	84	2.95779
MGG_04602T0	3443	3444	3590	79.8691
MGG_17498T0	171	172	0	0
MGG_11530T0	1897	1898	85	3.43139
MGG_01661T0	3900	3901	3179.78	62.4553
MGG_10610T0	372	373	0	0
MGG_05357T0	2160	2161	311	11.0269
MGG_08086T0	630	631	16	1.94284
MGG_17673T0	201	202	12	4.55174
MGG_07928T0	742	743	15560.9	1604.69
MGG_08811T0	1241	1242	1401.17	86.4404
MGG_01323T0	2686	2687	1187	33.8478
MGG_01159T0	946	947	50453.6	4082.15
MGG_02825T0	708	709	1355	146.433
MGG_03728T0	1252	1253	1044.33	63.861
MGG_16892T0	297	298	0	0
MGG_01750T0	3822	3823	4904	98.2864
MGG_06954T0	2815	2816	1053	28.6512
MGG_15882T0	180	181	0	0
MGG_06318T0	5448	5449	12005	168.808
MGG_05185T0	2113	2114	253	9.16986
MGG_13252T0	1908	1909	26	1.04355
MGG_07414T0	1647	1648	0	0
MGG_17844T0	902	903	27	2.29099
MGG_10712T0	1350	1351	32	1.81486
MGG_03769T0	1595	1596	34	1.63228
MGG_01883T0	2935	2936	3291	85.8854
MGG_03883T0	2434	2435	3711	116.772
MGG_07897T0	399	400	0	0
MGG_09447T0	684	685	16	1.78969
MGG_15659T0	198	199	0	0
MGG_17956T0	303	304	1	0.252043
MGG_16747T0	591	592	78	10.0953
MGG_13140T0	945	946	9	0.728952
MGG_04757T0	2490	2491	35	1.07657
MGG_08071T0	3786	3787	1140	23.0652
MGG_15439T0	1062	1063	0	0
MGG_01673T0	5111	5112	38	0.569561
MGG_16584T0	771	772	0	0
MGG_15039T0	336	337	5	1.13681
MGG_11069T0	966	967	0	0
MGG_01400T0	1242	1243	1204	74.2169
MGG_01022T0	1215	1216	238	14.9965
MGG_16618T0	159	160	0	0
MGG_10050T0	1509	1510	621	31.511
MGG_18125T0	863	864	0	0
MGG_08704T0	4099	4100	193.641	3.61876
MGG_17129T0	243	244	12	3.76824
MGG_04133T0	4056	4057	1899.65	35.877
MGG_06264T0	921	922	153	12.7148
MGG_15640T0	414	415	13	2.40017
MGG_14232T0	2975	2976	216	5.5612
MGG_06433T0	1044	1045	466	34.1678
MGG_06749T0	1424	1425	57	3.06484
MGG_17348T0	1442	1443	32	1.69915
MGG_11160T0	2638	2639	400.76	11.6357
MGG_04765T0	1827	1828	10011	419.613
MGG_06927T0	656	657	3217.66	375.251
MGG_12122T0	4812	4813	12894	205.267
MGG_04936T0	2088	2089	261	9.57303
MGG_09419T0	1314	1315	0	0
MGG_05833T0	1873	1874	3	0.122659
MGG_08431T0	1044	1045	0	0
MGG_14234T0	5369	5370	619	8.8321
MGG_02511T0	1515	1516	1438.02	72.6795
MGG_17970T0	288	289	1	0.265124
MGG_02439T0	1041	1042	3377	248.319
MGG_11478T0	513	514	1	0.149068
MGG_01971T0	1125	1126	518	35.2483
MGG_17710T0	195	196	0	0
MGG_15630T0	336	337	1	0.227362
MGG_01072T0	2980	2981	2823	72.5598
MGG_16851T0	297	298	0	0
MGG_07981T0	1788	1789	592	25.3547
MGG_13646T0	1703	1704	2844	127.881
MGG_12810T0	246	247	4	1.24082
MGG_08359T0	1778	1779	6	0.258418
MGG_05809T0	2669	2670	103	2.95579
MGG_00940T0	1920	1921	327	13.0427
MGG_03999T0	1435	1436	4923	262.677
MGG_16510T0	549	550	7	0.975175
MGG_08840T0	2169	2170	1355	47.8439
MGG_17679T0	3145	3146	581.322	14.1581
MGG_14087T0	3189	3190	6184	148.534
MGG_17458T0	486	487	455	71.5863
MGG_05746T0	5943	5944	3834	49.422
MGG_08515T0	582	583	0	0
MGG_00731T0	3613	3614	1925	40.8122
MGG_09886T0	1273	1274	4938	296.981
MGG_10660T0	1031	1032	12551	931.85
MGG_17276T0	216	217	55845	19718.4
MGG_06508T0	1572	1573	322.389	15.7036
MGG_17688T0	1511	1512	267.514	13.5563
MGG_16800T0	177	178	1	0.430455
MGG_03253T0	4417	4418	4954	85.9167
MGG_07749T0	594	595	11	1.41652
MGG_11174T0	5304	5305	11737	169.519
MGG_15761T0	309	310	17	4.20179
MGG_05017T0	1896	1897	1928	77.873
MGG_17431T0	426	427	0	0
MGG_02505T0	2251	2252	4397.02	149.602
MGG_01368T0	1036	1037	130	9.60532
MGG_17586T0	783	784	287.816	28.1285
MGG_07502T0	1668	1669	660	30.2995
MGG_04555T0	1741	1742	191	8.40103
MGG_07465T0	2920	2921	4226.83	110.874
MGG_14970T0	1053	1054	328	23.8441
MGG_06347T0	849	850	21	1.89299
MGG_06860T0	3565	3566	5303	113.943
MGG_02394T0	1458	1459	26	1.36542
MGG_03654T0	699	700	154	16.8566
MGG_03891T0	837	838	251.422	22.9883
MGG_06766T0	2885	2886	8040	213.455
MGG_16459T0	898	899	4839	412.423
MGG_01333T0	1251	1252	5628	344.427
MGG_13401T0	1715	1716	1053.17	47.0251
MGG_11779T0	6912	6913	114	1.26353
MGG_07955T0	809	810	2	0.189187
MGG_00797T0	1241	1242	37	2.28259
MGG_07128T0	922	923	111.822	9.28264
MGG_12309T0	3394	3395	947	21.3726
MGG_09570T0	981	982	398	31.0541
MGG_05181T0	2432	2433	7243	228.099
MGG_06732T0	2189	2190	384.573	13.455
MGG_15458T0	309	310	0	0
MGG_02074T0	4315	4316	4699	83.4202
MGG_10300T0	1215	1216	7	0.441074
MGG_02644T0	3984	3985	2392	45.9918
MGG_16250T0	1403	1404	42	2.29208
MGG_06549T0	866	867	10	0.883748
MGG_17984T0	669	670	3	0.343079
MGG_17532T0	1651	1652	305.104	14.1509
MGG_14237T0	956	957	15	1.20095
MGG_04372T0	2367	2368	1046	33.8452
MGG_08832T0	1641	1642	3801.94	177.41
MGG_16944T0	369	370	0	0
MGG_00489T0	1538	1539	818	40.7251
MGG_09829T0	3582	3583	104	2.224
MGG_02805T0	675	676	3	0.340034
MGG_00820T0	2916	2917	29.7124	0.780455
MGG_12850T0	799	800	652	62.4461
MGG_13225T0	2057	2058	419.282	15.6102
MGG_17489T0	318	319	7.81906	1.87807
MGG_07443T0	1408	1409	119	6.47118
MGG_05667T0	1836	1837	1818	75.8284
MGG_08024T0	309	310	4	0.988657
MGG_12582T0	610	611	48.7493	6.11328
MGG_01944T0	1339	1340	43	2.45873
MGG_14109T0	462	463	4	0.661952
MGG_01306T0	1302	1303	1896	111.491
MGG_07786T0	600	601	16	2.03982
MGG_02749T0	1518	1519	159	8.02023
MGG_18092T0	270	271	261	73.7936
MGG_16601T0	1843	1844	177.328	7.36824
MGG_00847T0	3156	3157	6560	159.212
MGG_15998T0	258	259	0	0
MGG_12627T0	1491	1492	325	16.6902
MGG_11967T0	348	349	0	0
MGG_15244T0	531	532	1759	253.339
MGG_12594T0	2262	2263	1348	45.6407
MGG_17632T0	775	776	20	1.97477
MGG_08612T0	1881	1882	42	1.70992
MGG_11804T0	1040	1041	1447	106.504
MGG_09508T0	1339	1340	1104	63.1265
MGG_15663T0	459	460	27	4.49731
MGG_17289T0	339	340	0	0
MGG_13645T0	1143	1144	10951	733.458
MGG_03902T0	952	953	526.11	42.2991
MGG_06306T0	5011	5012	452.739	6.92124
MGG_08343T0	1292	1293	2923.26	173.227
MGG_04075T0	1459	1460	12	0.629761
MGG_08266T0	1947	1948	42	1.65199
MGG_08602T0	1538	1539	936	46.5999
MGG_09794T0	1320	1321	13	0.754029
MGG_13719T0	1092	1093	25.6974	1.80143
MGG_00207T0	1023	1024	203.416	15.2207
MGG_16269T0	309	310	54	13.3469
MGG_08267T0	2262	2263	545.607	18.4732
MGG_15017T0	552	553	52	7.20486
MGG_10516T0	1410	1411	6	0.325815
MGG_10671T0	1709	1710	2	0.0896151
MGG_15960T0	907	908	17	1.43453
MGG_13013T0	6477	6478	43633	516.085
MGG_02031T0	408	409	0	0
MGG_07045T0	3466	3467	382	8.44222
MGG_16100T0	249	250	0	0
MGG_16323T0	609	610	0	0
MGG_16232T0	428	429	19	3.39347
MGG_01275T0	2718	2719	219	6.17138
MGG_11408T0	2647	2648	2264	65.5097
MGG_02916T0	7945	7946	866	8.35058
MGG_16427T0	6156	6157	144	1.79201
MGG_15747T0	771	772	35	3.47375
MGG_03669T0	3228	3229	2581	61.2445
MGG_06509T0	1779	1780	685.611	29.5124
MGG_12505T0	1304	1305	0	0
MGG_12141T0	6702	6703	3755.43	42.9277
MGG_15060T0	1772	1773	411	17.7615
MGG_01724T0	1827	1828	1090	45.6875
MGG_01196T0	3660	3661	4794	100.333
MGG_07182T0	1389	1390	972	53.5795
MGG_01222T0	758	759	2139	215.932
MGG_04900T0	2813	2814	242	6.58929
MGG_17104T0	228	229	0	0
MGG_15528T0	2108	2109	3020	109.718
MGG_00753T0	3423	3424	3109	69.572
MGG_06616T0	2052	2053	0	0
MGG_01741T0	10725	10726	2571	18.3659
MGG_07309T0	1320	1321	1084.02	62.8754
MGG_07479T0	3269	3270	4817	112.869
MGG_08556T0	2757	2758	7351	204.221
MGG_17339T0	1652	1653	37.2099	1.72478
MGG_17044T0	180	181	0	0
MGG_08808T0	1063	1064	2410.71	173.6
MGG_04909T0	1614	1615	351	16.6526
MGG_06126T0	2612	2613	94	2.75636
MGG_08035T0	1957	1958	542	21.2097
MGG_15704T0	3529	3530	123	2.66979
MGG_12616T0	1683	1684	375	17.0623
MGG_09845T0	624	625	17	2.08409
MGG_12712T0	2627	2628	44	1.28285
MGG_10156T0	971	972	3012	237.43
MGG_17616T0	1383	1384	0	0
MGG_16451T0	165	166	0	0
MGG_16891T0	417	418	0	0
MGG_15916T0	966	967	186.984	14.8158
MGG_14141T0	264	265	0	0
MGG_00198T0	1824	1825	44381	1863.29
MGG_17081T0	561	562	34	4.63543
MGG_04639T0	2058	2059	1852.92	68.9523
MGG_16753T0	288	289	9	2.38612
MGG_04901T0	1300	1301	692	40.7546
MGG_06631T0	2471	2472	4615	143.044
MGG_15211T0	1151	1152	0	0
MGG_00063T0	6689	6690	5211	59.6819
MGG_05033T0	2229	2230	890.863	30.6093
MGG_07594T0	881	882	84	7.29723
MGG_15306T0	1182	1183	19	1.2306
MGG_05275T0	2048	2049	389.797	14.5762
MGG_01837T0	3433	3434	2895	64.5945
MGG_09546T0	1179	1180	7363	478.102
MGG_15496T0	3319	3320	315	7.26976
MGG_02641T0	2040	2041	3426	128.615
MGG_10593T0	663	664	0	0
MGG_18074T0	231	232	0	0
MGG_06082T0	1962	1963	6419.94	250.587
MGG_09096T0	3780	3781	3970	80.451
MGG_04166T0	1833	1834	263	10.9876
MGG_04246T0	829	830	286	26.4019
MGG_08021T0	1328	1329	88	5.07347
MGG_03204T0	4467	4468	2685.19	46.0478
MGG_01079T0	1351	1352	6541	370.693
MGG_01272T0	2765	2766	1022	28.3104
MGG_14642T0	1146	1147	15.637	1.04457
MGG_12475T0	1499	1500	33	1.68566
MGG_06330T0	531	532	118	16.9949
MGG_01949T0	2889	2890	0	0
MGG_07657T0	1633	1634	1217	57.0671
MGG_15971T0	1176	1177	2.10008	0.136712
MGG_00338T0	3456	3457	582	12.8994
MGG_11305T0	1152	1153	35	2.32587
MGG_06201T0	540	541	3618	512.411
MGG_16646T0	528	529	0	0
MGG_00476T0	2612	2613	1837.16	53.8709
MGG_06022T0	5521	5522	1891	26.2387
MGG_06638T0	2743	2744	14387	401.729
MGG_10460T0	758	759	1	0.10095
MGG_01665T0	1709	1710	1928	86.389
MGG_00480T0	1297	1298	929.271	54.8549
MGG_00408T0	2010	2011	1859	70.8296
MGG_12709T0	2913	2914	3107	81.6957
MGG_16300T0	2163	2164	69	2.44309
MGG_05389T0	333	334	0	0
MGG_01284T0	1784	1785	6809	292.276
MGG_03959T0	2352	2353	274	8.92228
MGG_04482T0	1222	1223	6055	379.346
MGG_05015T0	2460	2461	93.5679	2.91315
MGG_07233T0	2384	2385	2619	84.1384
MGG_00031T0	2545	2546	0	0
MGG_02901T0	1320	1321	4	0.232009
MGG_04219T0	2251	2252	1945	66.1757
MGG_12124T0	162	163	1363	640.701
MGG_18082T0	1248	1249	7019.99	430.647
MGG_00685T0	2431	2432	2303	72.5567
MGG_13205T0	1159	1160	1027.58	67.8739
MGG_10772T0	994	995	68	5.2364
MGG_04717T0	2040	2041	594	22.2993
MGG_12827T0	3907	3908	967	18.9592
MGG_03162T0	4670	4671	9457	155.128
MGG_06002T0	1946	1947	1079	42.4622
MGG_17093T0	168	169	1	0.453378
MGG_14499T0	2052	2053	1	0.0373214
MGG_09525T0	2815	2816	298.878	8.13222
MGG_15015T0	493	494	0	0
MGG_02819T0	2336	2337	722	23.6715
MGG_07179T0	3037	3038	698	17.6041
MGG_03042T0	1310	1311	203	11.8643
MGG_08563T0	1078	1079	151	10.7227
MGG_05579T0	1514	1515	489	24.7311
MGG_15600T0	3816	3817	1681	33.7437
MGG_00487T0	3047	3048	1578	39.6679
MGG_17618T0	1396	1397	845	46.3455
MGG_05246T0	3269	3270	1531	35.8736
MGG_17891T0	165	166	28	12.924
MGG_15516T0	642	643	0	0
MGG_02430T0	936	937	1036	84.7164
MGG_03496T0	1655	1656	1	0.0462687
MGG_11147T0	153	154	24	11.9409
MGG_07806T0	1401	1402	0	0
MGG_10197T0	2476	2477	5994	185.412
MGG_16324T0	180	181	0	0
MGG_17540T0	3125	3126	165	4.04429
MGG_01032T0	3280	3281	941	21.9751
MGG_16132T0	162	163	0	0
MGG_01698T0	2371	2372	1367	44.1572
MGG_06943T0	639	640	1126	134.805
MGG_13157T0	2961	2962	214	5.53575
MGG_08644T0	842	843	49	4.45365
MGG_13861T0	1233	1234	0	0
MGG_15349T0	1503	1504	553	28.1725
MGG_04508T0	1976	1977	914.142	35.4286
MGG_03767T0	1257	1258	16	0.974511
MGG_04447T0	756	757	72	7.28759
MGG_06266T0	2036	2037	9934	373.663
MGG_12996T0	1925	1926	1434	57.048
MGG_03793T0	1020	1021	0	0
MGG_09758T0	4246	4247	354.911	6.40302
MGG_12845T0	786	787	7.01466	0.682935
MGG_09632T0	1392	1393	2	0.110009
MGG_11470T0	3030	3031	2501	63.223
MGG_00087T0	1598	1599	2413	115.626
MGG_02693T0	1014	1015	0	0
MGG_03268T0	1196	1197	10.2118	0.653664
MGG_16493T0	654	655	2150.66	251.581
MGG_00564T0	585	586	35	4.57633
MGG_17245T0	354	355	5.18102	1.11824
MGG_02846T0	5727	5728	3689	49.3461
MGG_15872T0	210	211	5	1.81566
MGG_09755T0	4466	4467	899	15.4202
MGG_10060T0	1208	1209	5	0.316877
MGG_15803T0	3507	3508	127.476	2.78429
MGG_10824T0	1584	1585	2519	121.772
MGG_04104T0	919	920	6158.81	512.928
MGG_08440T0	2505	2506	118	3.60785
MGG_04622T0	1331	1332	2532	145.649
MGG_08927T0	2608	2609	560	16.446
MGG_16143T0	784	785	38.848	3.79181
MGG_08210T0	1265	1266	2259	136.719
MGG_15984T0	189	190	0	0
MGG_14636T0	1211	1212	0	0
MGG_17793T0	4683	4684	674	11.0253
MGG_17704T0	2571	2572	2156	64.2281
MGG_16958T0	348	349	0	0
MGG_16692T0	288	289	0	0
MGG_12330T0	1245	1246	45.5069	2.79838
MGG_04008T0	1712	1713	1924	86.0588
MGG_01185T0	1800	1801	5216	221.907
MGG_01285T0	3602	3603	31234	664.218
MGG_04967T0	4074	4075	913	17.1668
MGG_13035T0	993	994	266	20.5042
MGG_03543T0	2398	2399	437	13.9572
MGG_02491T0	5616	5617	1252	17.0784
MGG_05343T0	3454	3455	15441	342.432
MGG_08686T0	2166	2167	0	0
MGG_16727T0	318	319	10	2.40191
MGG_08888T0	3220	3221	50273	1195.89
MGG_08774T0	2648	2649	217	6.27661
MGG_17656T0	719	720	1394.88	148.44
MGG_17300T0	711	712	11	1.18375
MGG_03182T0	2275	2276	1304	43.8988
MGG_12726T0	1222	1223	57	3.57105
MGG_02966T0	1630	1631	189.257	8.89089
MGG_03395T0	814	815	6	0.56408
MGG_16063T0	1849	1850	2.13975	0.0886212
MGG_12370T0	1517	1518	2100.6	106.028
MGG_01274T0	1635	1636	1418	66.411
MGG_13463T0	471	472	0	0
MGG_16349T0	204	205	0	0
MGG_06021T0	3045	3046	2649.98	66.6592
MGG_08947T0	1626	1627	0	0
MGG_03166T0	1374	1375	2	0.111449
MGG_00273T0	405	406	154	29.0631
MGG_02872T0	902	903	10093.6	856.457
MGG_04385T0	3377	3378	520	11.7948
MGG_12728T0	465	466	32	5.26152
MGG_01681T0	1429	1430	968	51.8665
MGG_00032T0	1891	1892	1236	50.0547
MGG_17039T0	162	163	13	6.11087
MGG_17925T0	192	193	0	0
MGG_02475T0	2654	2655	1448	41.788
MGG_00058T0	1041	1042	168	12.3535
MGG_05849T0	822	823	2082	193.833
MGG_08088T0	3206	3207	1663	39.732
MGG_16731T0	234	235	47	15.3242
MGG_13518T0	1727	1728	398.954	17.69
MGG_03763T0	2477	2478	48	1.48418
MGG_13427T0	1122	1123	0	0
MGG_10102T0	741	742	4	0.413051
MGG_15025T0	1948	1949	1695	66.6354
MGG_09997T0	2767	2768	0	0
MGG_06649T0	4664	4665	6907	113.445
MGG_17878T0	1358	1359	1150	64.8374
MGG_02617T0	1941	1942	10125	399.478
MGG_17246T0	2440	2441	1323	41.5278
MGG_16354T0	234	235	0	0
MGG_02440T0	3633	3634	2068	43.6027
MGG_17373T0	3639	3640	31	0.652541
MGG_15673T0	159	160	0	0
MGG_08252T0	2028	2029	1032	38.9713
MGG_17946T0	339	340	1	0.225356
MGG_03921T0	1621	1622	745	35.1927
MGG_16041T0	342	343	0	0
MGG_11633T0	2628	2629	655	19.0897
MGG_03210T0	1338	1339	1324	75.7626
MGG_11590T0	3306	3307	1327.3	30.7526
MGG_01363T0	1062	1063	344	24.7955
MGG_04414T0	1374	1375	67.2896	3.74967
MGG_07802T0	1763	1764	78	3.388
MGG_16811T0	312	313	0	0
MGG_17714T0	2251	2252	313	10.6494
MGG_17106T0	282	283	5	1.35373
MGG_04190T0	3265	3266	2486	58.322
MGG_01895T0	1209	1210	322	20.39
MGG_01195T0	717	718	22	2.34772
MGG_05601T0	1428	1429	579	31.0451
MGG_05074T0	3243	3244	18907	446.57
MGG_08408T0	1035	1036	9	0.665626
MGG_14150T0	2132	2133	2013	72.3103
MGG_06762T0	3308	3309	2700	62.5193
MGG_08371T0	901	902	31	2.63331
MGG_14570T0	945	946	0	0
MGG_10112T0	1860	1861	0	0
MGG_12264T0	882	883	1	0.0867734
MGG_03545T0	4234	4235	61	1.10363
MGG_05369T0	1716	1717	1683	75.1037
MGG_17357T0	900	901	10	0.850399
MGG_17137T0	227	228	100	33.6057
MGG_01815T0	3308	3309	1045	24.1973
MGG_11075T0	1682	1683	0	0
MGG_17387T0	581	582	16	2.10642
MGG_15855T0	568	569	10	1.34659
MGG_06394T0	2860	2861	1936	51.8483
MGG_08548T0	1764	1765	30	1.30234
MGG_17440T0	2547	2548	346	10.4046
MGG_17005T0	348	349	536.487	117.783
MGG_07970T0	1865	1866	65	2.669
MGG_04486T0	5287	5288	1337	19.3726
MGG_16622T0	231	232	7	2.31184
MGG_09830T0	4723	4724	11860	192.363
MGG_13842T0	3187	3188	1664	39.9929
MGG_04014T0	2398	2399	182	5.81284
MGG_08317T0	1413	1414	314	17.0148
MGG_08103T0	1115	1116	303	20.803
MGG_16316T0	1708	1709	48	2.15202
MGG_07323T0	1978	1979	1928	74.6464
MGG_17428T0	378	379	0	0
MGG_17088T0	455	456	229	38.4785
MGG_01857T0	3269	3270	315	7.38091
MGG_08785T0	1916	1917	102	4.07686
MGG_04607T0	1816	1817	459.666	19.3836
MGG_08748T0	3058	3059	172	4.3082
MGG_09564T0	3877	3878	4907	96.9517
MGG_14767T0	6707	6708	150	1.71335
MGG_16021T0	2461	2462	35	1.08925
MGG_13217T0	2930	2931	2834.34	74.094
MGG_01215T0	3908	3909	8699	170.51
MGG_03160T0	1396	1397	5.5413	0.303922
MGG_03168T0	2001	2002	26	0.995077
MGG_04865T0	2363	2364	119.228	3.86436
MGG_17028T0	423	424	0	0
MGG_10600T0	5398	5399	476	6.75524
MGG_17994T0	264	265	6	1.73481
MGG_15912T0	366	367	0	0
MGG_01882T0	1481	1482	3	0.155103
MGG_09708T0	765	766	23	2.30063
MGG_03707T0	2314	2315	46	1.52249
MGG_00887T0	2219	2220	728	25.1261
MGG_03482T0	1241	1242	37.0174	2.28366
MGG_06159T0	2095	2096	4216	154.119
MGG_04441T0	1875	1876	16466	672.516
MGG_03340T0	1770	1771	1937	83.8028
MGG_05444T0	543	544	1	0.140847
MGG_07022T0	2071	2072	411	15.1985
MGG_05798T0	983	984	0	0
MGG_05722T0	2722	2723	5	0.140692
MGG_01507T0	2816	2817	942	25.6219
MGG_15487T0	318	319	0	0
MGG_00180T0	1890	1891	1044	42.3016
MGG_02734T0	2144	2145	1117.21	39.9074
MGG_05150T0	979	980	317	24.7845
MGG_07066T0	2889	2890	1028	27.2548
MGG_16923T0	343	344	1	0.222735
MGG_00843T0	882	883	2883	250.168
MGG_02895T0	1582	1583	714.12	34.5651
MGG_09437T0	3048	3049	34	0.854415
MGG_17302T0	1371	1372	6	0.335077
MGG_18048T0	207	208	28	10.3144
MGG_03838T0	3198	3199	4838	115.877
MGG_15743T0	205	206	0	0
MGG_06189T0	1896	1897	34755.2	1403.78
MGG_03085T0	978	979	5141	402.358
MGG_09859T0	1023	1024	36	2.6937
MGG_14824T0	4140	4141	300	5.5509
MGG_12615T0	1593	1594	1491	71.6699
MGG_00601T0	2894	2895	955	25.2756
MGG_03404T0	1680	1681	6120	278.953
MGG_14759T0	900	901	14	1.19056
MGG_03426T0	756	757	0	0
MGG_15890T0	323	324	3	0.709453
MGG_07710T0	1925	1926	352	14.0034
MGG_11201T0	1314	1315	6636	386.659
MGG_08521T0	1287	1288	0	0
MGG_12525T0	1014	1015	19	1.43428
MGG_11362T0	4287	4288	10045	179.491
MGG_01656T0	2124	2125	4645	167.484
MGG_00329T0	2905	2906	289	7.61991
MGG_02856T0	3261	3262	742.251	17.4347
MGG_02968T0	699	700	250	27.3646
MGG_15506T0	225	226	0	0
MGG_16429T0	1541	1542	216	10.7329
MGG_11169T0	339	340	92	20.7327
MGG_08632T0	2412	2413	1891	60.0457
MGG_09813T0	1224	1225	0	0
MGG_01271T0	664	665	756	87.1059
MGG_06191T0	2560	2561	9742	291.465
MGG_17430T0	1038	1039	2411.58	177.842
MGG_14681T0	2000	2001	1339	51.2721
MGG_15817T0	1294	1295	1492	88.2768
MGG_03243T0	2417	2418	693	21.9596
MGG_02510T0	636	637	396	47.6325
MGG_17843T0	300	301	0	0
MGG_15065T0	1796	1797	267	11.3844
MGG_11497T0	1953	1954	1619	63.4848
MGG_10646T0	4222	4223	4311	78.2176
MGG_04580T0	381	382	0	0
MGG_17293T0	659	660	0	0
MGG_01447T0	5772	5773	3542.86	47.0219
MGG_17271T0	1017	1018	6	0.451597
MGG_12927T0	2300	2301	44	1.46515
MGG_01909T0	976	977	404	31.6836
MGG_03284T0	3639	3640	1125	23.6809
MGG_06258T0	3286	3287	1808	42.145
MGG_10372T0	849	850	793	71.4828
MGG_04326T0	3853	3854	667	13.2605
MGG_06853T0	2088	2089	645.672	23.6821
MGG_05164T0	2466	2467	1370	42.5499
MGG_05717T0	2323	2324	1084	35.7388
MGG_07756T0	4102	4103	19022	355.224
MGG_12184T0	4610	4611	114	1.89434
MGG_02711T0	1082	1083	11481.8	812.324
MGG_17042T0	3804	3805	1091	21.9694
MGG_10427T0	768	769	5	0.498185
MGG_17869T0	354	355	95.482	20.6082
MGG_01505T0	228	229	1147	383.774
MGG_05978T0	1152	1153	644	42.7961
MGG_04810T0	871	872	179	15.7284
MGG_09008T0	588	589	4	0.520346
MGG_02026T0	2189	2190	0	0
MGG_15585T0	321	322	10	2.37953
MGG_10869T0	1539	1540	268	13.334
MGG_04893T0	2695	2696	304	8.63975
MGG_16197T0	921	922	83	6.89754
MGG_06166T0	1509	1510	1488	75.5046
MGG_02274T0	870	871	0	0
MGG_06644T0	2637	2638	932	27.07
MGG_15932T0	345	346	0	0
MGG_13024T0	339	340	437	98.4804
MGG_03774T0	2177	2178	109	3.83456
MGG_09785T0	1007	1008	7	0.53209
MGG_16762T0	2731	2732	2103.46	58.993
MGG_10868T0	3375	3376	2171	49.2725
MGG_02441T0	2310	2311	6516.38	216.05
MGG_17573T0	201	202	5	1.89656
MGG_04176T0	3120	3121	57	1.39936
MGG_06005T0	2845	2846	490.402	13.2027
MGG_15608T0	153	154	4	1.99015
MGG_01449T0	2916	2917	3861	101.417
MGG_04018T1	2356	2357	192.63	6.26197
MGG_04018T0	2290	2291	81.7352	2.73358
MGG_15815T0	231	232	4	1.32105
MGG_00572T0	1647	1648	1316	61.1852
MGG_01135T0	985	986	9726	755.796
MGG_00511T0	678	679	8	0.90275
MGG_15076T0	1885	1886	2988	121.391
MGG_08613T0	2638	2639	1655	48.0514
MGG_00858T0	432	433	413.463	73.1637
MGG_02887T0	1725	1726	260	11.542
MGG_17172T0	189	190	3	1.2098
MGG_12444T0	690	691	0	0
MGG_14099T0	1521	1522	13	0.654449
MGG_07511T0	2843	2844	7903	212.917
MGG_04877T0	2289	2290	941.21	31.4919
MGG_06103T0	3974	3975	842	16.2301
MGG_12484T0	1572	1573	94	4.57875
MGG_07993T0	619	620	0	0
MGG_14795T0	1868	1869	1434	58.7878
MGG_10797T0	1125	1126	36	2.44969
MGG_15108T0	1746	1747	0	0
MGG_02069T0	980	981	1108.24	86.5592
MGG_16628T0	222	223	6	2.06155
MGG_15104T0	984	985	91.9373	7.15159
MGG_09797T0	750	751	385	39.2797
MGG_01090T0	4161	4162	1787	32.898
MGG_17904T0	489	490	47	7.34935
MGG_16854T0	2965	2966	1210	31.258
MGG_04403T0	216	217	0	0
MGG_14821T0	458	459	14	2.33702
MGG_01030T0	2697	2698	568	16.1307
MGG_13953T0	1404	1405	0	0
MGG_05140T0	1104	1105	8646	599.515
MGG_15873T0	432	433	24	4.24689
MGG_12133T0	1139	1140	1005	67.5474
MGG_14678T0	1660	1661	1008	46.4984
MGG_11419T0	2384	2385	3664	117.71
MGG_16838T0	249	250	2	0.612967
MGG_15142T0	1173	1174	9	0.587384
MGG_09752T0	2048	2049	3	0.112183
MGG_15688T0	3367	3368	48	1.09198
MGG_04399T0	1552	1553	4399.05	217.038
MGG_05624T0	1695	1696	1239	55.9748
MGG_06428T0	2523	2524	2199	66.7549
MGG_07803T0	5187	5188	0	0
MGG_16437T0	240	241	1	0.317929
MGG_04080T0	3169	3170	1572	37.9962
MGG_18121T0	523	524	6	0.877339
MGG_15694T0	153	154	0	0
MGG_16883T0	219	220	0	0
MGG_16700T0	276	277	0	0
MGG_03398T0	672	673	111	12.6373
MGG_16848T0	1395	1396	23	1.26238
MGG_08123T0	3147	3148	839	20.4209
MGG_17463T0	288	289	0	0
MGG_08113T0	1211	1212	41	2.59196
MGG_00252T0	1998	1999	1389.39	53.2548
MGG_10017T0	921	922	0	0
MGG_15275T0	1602	1603	19	0.908171
MGG_14686T0	1056	1057	0	0
MGG_06769T0	2155	2156	3021	107.362
MGG_17052T0	1194	1195	1814	116.31
MGG_01345T0	2025	2026	1521.08	57.5255
MGG_05564T0	753	754	0	0
MGG_06692T0	792	793	3546	342.62
MGG_06965T0	3149	3150	923.876	22.4724
MGG_00598T0	2407	2408	537.474	17.1021
MGG_08115T0	1382	1383	785.412	43.5134
MGG_17349T0	498	499	0	0
MGG_11998T0	1146	1147	0	0
MGG_00438T0	1622	1623	2660	125.577
MGG_02514T0	4274	4275	749.223	13.4283
MGG_14603T0	851	852	0	0
MGG_05332T0	2876	2877	84.3407	2.24618
MGG_17196T0	2126	2127	1073	38.6527
MGG_14825T0	1872	1873	7113	290.98
MGG_06090T0	4068	4069	1576	29.6767
MGG_06499T0	5344	5345	2064	29.5876
MGG_17960T0	4310	4311	595	10.5751
MGG_15669T0	2778	2779	65.9771	1.81908
MGG_05250T0	3254	3255	2657	62.5443
MGG_02401T0	1950	1951	352	13.824
MGG_07903T0	1299	1300	5	0.294696
MGG_16033T0	1805	1806	27	1.1455
MGG_11418T0	1263	1264	4873	295.391
MGG_02083T0	666	667	0	0
MGG_00994T0	1596	1597	34	1.63125
MGG_05206T0	5918	5919	7101.65	91.9302
MGG_02937T0	4334	4335	1884	33.2996
MGG_04679T0	2420	2421	5132	162.42
MGG_12732T0	639	640	1.00182	0.119938
MGG_01905T0	1104	1105	0	0
MGG_07486T0	3390	3391	1396.83	31.5618
MGG_12961T0	1646	1647	2565.46	119.349
MGG_10928T0	2290	2291	66	2.20732
MGG_08841T0	3815	3816	484.276	9.72371
MGG_00726T0	2812	2813	885	24.1058
MGG_16246T0	426	427	4	0.71776
MGG_01296T0	2313	2314	807	26.7213
MGG_16967T0	399	400	0	0
MGG_07729T0	2631	2632	4093	119.153
MGG_17917T0	246	247	6	1.86124
MGG_04084T0	2608	2609	910.001	26.7248
MGG_05861T0	1643	1644	9	0.419458
MGG_08258T0	2289	2290	822	27.5032
MGG_10684T0	1041	1042	531	39.0458
MGG_11021T0	3466	3467	174	3.84541
MGG_01710T0	1438	1439	1152.09	61.3443
MGG_02850T0	1681	1682	603	27.4687
MGG_08624T0	986	987	3720.88	288.852
MGG_06152T0	980	981	1122.45	87.6689
MGG_17511T0	153	154	0	0
MGG_08135T0	4597	4598	4269	71.1385
MGG_16291T0	258	259	0	0
MGG_10827T0	774	775	13472.1	1331.93
MGG_16494T0	411	412	0	0
MGG_03649T0	4017	4018	2874.67	54.8183
MGG_14564T0	636	637	1	0.120284
MGG_01524T0	1955	1956	1611.11	63.1107
MGG_04664T0	1747	1748	676	29.6314
MGG_14715T0	585	586	756	98.8488
MGG_15722T0	357	358	19	4.06647
MGG_07556T0	1377	1378	15	0.834045
MGG_04959T0	1006	1007	204	15.522
MGG_15810T0	4692	4693	196	3.20002
MGG_08290T0	1888	1889	174.345	7.07171
MGG_09647T0	1691	1692	0	0
MGG_16758T0	249	250	0	0
MGG_08648T0	2094	2095	844	30.8678
MGG_00541T0	2889	2890	1877	49.7638
MGG_01312T0	1193	1194	1193.59	76.5948
MGG_03531T0	2643	2644	4105	118.959
MGG_10015T0	888	889	0	0
MGG_13512T0	2486	2487	292	8.9961
MGG_00562T0	1959	1960	206	8.05302
MGG_06856T0	2282	2283	424	14.2301
MGG_17366T0	357	358	0	0
MGG_11643T0	3250	3251	5325	125.502
MGG_16577T0	567	568	0	0
MGG_00740T0	2721	2722	509	14.3277
MGG_09195T0	1458	1459	8054	422.964
MGG_07930T0	354	355	320	69.0667
MGG_16775T0	342	343	0	0
MGG_17318T0	2634	2635	324.009	9.42158
MGG_16481T0	1023	1024	13.131	0.98253
MGG_11644T0	732	733	29	3.03139
MGG_01461T0	2024	2025	4570	172.917
MGG_10488T0	1362	1363	2	0.11243
MGG_09847T0	2589	2590	3902	115.434
MGG_12117T0	4875	4876	170.087	2.67273
MGG_15171T0	504	505	0	0
MGG_16792T0	3270	3271	19124	447.967
MGG_14753T0	228	229	28	9.3685
MGG_12186T0	1020	1021	0	0
MGG_04966T0	2252	2253	2054	69.8533
MGG_01844T0	4315	4316	1113	19.7588
MGG_16032T0	222	223	20	6.87183
MGG_10046T0	2222	2223	4	0.137869
MGG_03372T0	351	352	7976	1736.16
MGG_05268T0	1158	1159	5685	375.833
MGG_17633T0	237	238	4	1.28775
MGG_03320T0	2757	2758	5401	150.047
MGG_17685T0	174	175	0	0
MGG_00506T0	5201	5202	3389	49.917
MGG_04235T0	5968	5969	1141	14.6464
MGG_01198T0	1838	1839	339	14.1242
MGG_14672T0	558	559	1	0.137068
MGG_17055T0	267	268	8	2.28719
MGG_08270T0	2873	2874	2539.28	67.6973
MGG_02561T0	225	226	0	0
MGG_12173T0	2528	2529	234	7.08948
MGG_01410T0	1626	1627	624	29.3863
MGG_16249T0	395	396	22	4.25672
MGG_04890T0	4405	4406	778	13.5295
MGG_08722T0	6290	6291	488	5.94357
MGG_07952T0	300	301	0	0
MGG_12595T0	1411	1412	8	0.434113
MGG_06797T0	2042	2043	9	0.337537
MGG_10212T0	2319	2320	1	0.0330263
MGG_07285T0	3151	3152	2665.97	64.8062
MGG_04503T0	3540	3541	6355	137.511
MGG_08903T0	2811	2812	3408	92.8606
MGG_04904T0	1918	1919	989.965	39.5269
MGG_07898T0	1218	1219	0	0
MGG_05131T0	1808	1809	958.35	40.5913
MGG_09309T0	2206	2207	3390	117.691
MGG_04984T0	3894	3895	635	12.4915
MGG_17886T0	183	184	0	0
MGG_16570T0	252	253	0	0
MGG_03699T0	2020	2021	11080	420.069
MGG_17530T0	486	487	1	0.157332
MGG_06667T0	168	169	872	395.346
MGG_12979T0	2728	2729	95	2.66727
MGG_01406T0	3851	3852	61.4729	1.22277
MGG_00870T0	1069	1070	65	4.65454
MGG_08376T0	462	463	3	0.496464
MGG_10865T0	2112	2113	132	4.78654
MGG_15893T0	314	315	4	0.972964
MGG_15521T0	462	463	0	0
MGG_03226T0	1979	1980	16573	641.333
MGG_06863T0	2767	2768	113	3.12795
MGG_16876T0	243	244	1	0.31402
MGG_05363T0	3220	3221	34	0.80879
MGG_08159T0	3497	3498	1411	30.9068
MGG_10236T0	4473	4474	356	6.09679
MGG_02804T0	2883	2884	448	11.9023
MGG_05985T0	2912	2913	426	11.2051
MGG_00942T0	2049	2050	8847	330.666
MGG_00764T0	1690	1691	526	23.8336
MGG_02239T0	516	517	13	1.92664
MGG_06614T0	3808	3809	147.57	2.96847
MGG_17374T0	510	511	0	0
MGG_14845T0	628	629	37	4.50711
MGG_02407T0	777	778	1380	135.909
MGG_10706T0	1425	1426	11	0.591045
MGG_16319T0	2870	2871	905	24.1525
MGG_08590T0	4023	4024	3235.9	61.6146
MGG_03951T0	1559	1560	954	46.8566
MGG_03132T0	3053	3054	1013.34	25.4234
MGG_17990T0	288	289	23	6.09786
MGG_14741T0	738	739	0	0
MGG_03378T0	5137	5138	896	13.3617
MGG_17789T0	367	368	8	1.66567
MGG_02293T0	456	457	0	0
MGG_13256T0	988	989	106	8.21215
MGG_05152T0	2870	2871	539	14.3848
MGG_16440T0	300	301	15	3.81832
MGG_09301T0	1802	1803	2402	102.076
MGG_07010T0	1556	1557	2812.62	138.411
MGG_03271T0	2030	2031	558.782	21.0805
MGG_08489T0	3229	3230	18	0.42699
MGG_18018T0	249	250	0	0
MGG_07420T0	2054	2055	0	0
MGG_16162T0	318	319	35	8.40668
MGG_12097T0	2977	2978	189	4.86278
MGG_01352T0	3436	3437	1222	27.242
MGG_06926T0	1577	1578	484.341	23.5175
MGG_17313T0	624	625	8	0.980748
MGG_13006T0	2441	2442	1336	41.9187
MGG_05024T0	2315	2316	1129	37.351
MGG_17275T0	240	241	0	0
MGG_07734T0	4160	4161	1449	26.682
MGG_04732T0	1849	1850	47	1.94659
MGG_01344T0	1161	1162	384.918	25.3811
MGG_15672T0	2931	2932	1373	35.8801
MGG_15132T0	1833	1834	286	11.9485
MGG_15729T0	321	322	2	0.475906
MGG_07141T0	3107	3108	200	4.93056
MGG_12574T0	1734	1735	1993	88.0147
MGG_15447T0	710	711	24	2.58636
MGG_03486T0	1002	1003	2712.04	207.177
MGG_00282T0	2972	2973	0	0
MGG_17272T0	225	226	0	0
MGG_10162T0	2150	2151	5947	211.839
MGG_16932T0	156	157	0	0
MGG_00035T0	1467	1468	0	0
MGG_07408T0	6753	6754	712	8.0773
MGG_03741T0	5575	5576	4980.58	68.4391
MGG_15705T0	4616	4617	294	4.87905
MGG_16929T0	747	748	6	0.614606
MGG_08904T0	2601	2602	889	26.1783
MGG_03231T0	1793	1794	37	1.58025
MGG_06060T0	1803	1804	3323	141.137
MGG_17952T0	246	247	1	0.310206
MGG_16576T0	387	388	0	0
MGG_16151T0	333	334	0	0
MGG_06361T0	3152	3153	6816	165.635
MGG_07277T0	2657	2658	815	23.4936
MGG_04322T0	2621	2622	519	15.1664
MGG_03544T0	2879	2880	17	0.452276
MGG_01381T0	4733	4734	3056	49.4621
MGG_08481T0	507	508	0	0
MGG_14838T0	477	478	2	0.32059
MGG_03574T0	2523	2524	1259	38.2194
MGG_02261T0	1959	1960	1817	71.0307
MGG_00471T0	2948	2949	9605.03	249.558
MGG_08992T0	324	325	0	0
MGG_17910T0	150	151	0	0
MGG_06973T0	1569	1570	761	37.1392
MGG_11227T0	1197	1198	4487	286.977
MGG_07387T0	2401	2402	322.188	10.2774
MGG_11078T0	2666	2667	357.378	10.2672
MGG_00299T0	2629	2630	5923	172.557
MGG_13156T0	2204	2205	772	26.826
MGG_01613T0	3577	3578	486.383	10.4156
MGG_01558T0	4895	4896	4540	71.0496
MGG_12107T0	1838	1839	907	37.7897
MGG_02559T0	1505	1506	0	0
MGG_05059T0	519	520	26	3.83105
MGG_16010T0	176	177	0	0
MGG_02897T0	3023	3024	6200	157.093
MGG_07222T0	3030	3031	1001	25.3044
MGG_17174T0	342	343	42	9.38215
MGG_15410T0	390	391	0	0
MGG_03361T0	1308	1309	227	13.2872
MGG_03217T0	2197	2198	740	25.7959
MGG_09448T0	1116	1117	0	0
MGG_00651T0	1674	1675	11	0.503182
MGG_03664T0	2986	2987	2348	60.2296
MGG_18057T0	2080	2081	2619	96.4297
MGG_01308T0	3544	3545	215	4.64697
MGG_10033T0	885	886	0	0
MGG_05501T0	2271	2272	0	0
MGG_08325T0	3494	3495	384.005	8.41855
MGG_05520T0	1708	1709	19	0.851842
MGG_15679T0	195	196	2	0.781846
MGG_07429T0	1336	1337	13	0.745005
MGG_14954T0	1602	1603	3	0.143395
MGG_00112T0	1150	1151	49	3.26188
MGG_05689T0	1708	1709	252	11.2981
MGG_01027T0	2852	2853	537	14.4218
MGG_14907T0	2118	2119	1377	49.7909
MGG_10474T0	1497	1498	30	1.53446
MGG_17708T0	1994	1995	810.807	31.1403
MGG_07870T0	1742	1743	215	9.45123
MGG_04506T0	1277	1278	1944.52	116.581
MGG_04252T0	2112	2113	45	1.63178
MGG_05151T0	2514	2515	1217	37.0766
MGG_07629T0	2570	2571	1093	32.5736
MGG_03059T0	4920	4921	4076	63.4641
MGG_03286T0	4295	4296	110.076	1.96324
MGG_14839T0	1152	1153	0	0
MGG_05216T0	3503	3504	861	18.8272
MGG_14649T0	763	764	210	21.0607
MGG_04051T0	2850	2851	669	17.9794
MGG_00521T0	3485	3486	1032.73	22.699
MGG_05911T0	441	442	0	0
MGG_01493T0	3281	3282	3014.37	70.3729
MGG_00477T0	2606	2607	643.94	18.9257
MGG_15576T0	1623	1624	2093	98.7485
MGG_13106T0	1236	1237	955	59.1536
MGG_09925T0	4335	4336	1503	26.5593
MGG_08570T0	1567	1568	336	16.4188
MGG_03981T0	952	953	235.096	18.9017
MGG_17127T0	225	226	2	0.678061
MGG_05925T0	1660	1661	1683	77.6358
MGG_10527T0	1705	1706	3	0.134738
MGG_03877T0	1908	1909	1648	66.1452
MGG_00714T0	741	742	14	1.44568
MGG_05240T0	2166	2167	114	4.03082
MGG_15829T0	351	352	3	0.653019
MGG_00519T0	2651	2652	569	16.4394
MGG_11927T0	894	895	3	0.25683
MGG_01823T0	2436	2437	1253	39.3952
MGG_17173T0	297	298	5	1.28559
MGG_11693T0	1719	1720	3620	161.26
MGG_15026T0	3779	3780	506	10.2567
MGG_06958T0	2365	2366	18147	587.675
MGG_00527T0	624	625	2659	325.976
MGG_07219T0	6669	6670	84	0.964941
MGG_05301T0	987	988	138.297	10.7251
MGG_17448T0	820	821	203.845	19.0241
MGG_01752T0	2148	2149	13161	469.245
MGG_06219T0	1372	1373	19	1.0603
MGG_04011T0	5112	5113	894	13.397
MGG_00364T0	1214	1215	1664.22	104.95
MGG_08813T0	1856	1857	2639.93	108.925
MGG_03960T0	4628	4629	1647.13	27.2639
MGG_02530T0	1760	1761	0	0
MGG_07933T0	2803	2804	245	6.69477
MGG_09544T0	1118	1119	439	30.0595
MGG_15173T0	2238	2239	158	5.40693
MGG_02285T0	396	397	0	0
MGG_04627T0	3539	3540	143.017	3.09551
MGG_00959T0	984	985	1094	85.0998
MGG_08516T0	1191	1192	0	0
MGG_16617T0	1071	1072	3.0003	0.214446
MGG_08391T0	1080	1081	0	0
MGG_01035T0	2159	2160	1070	37.9557
MGG_02370T0	1620	1621	18987	897.472
MGG_00704T0	4175	4176	1606	29.4668
MGG_17446T0	177	178	8	3.44364
MGG_00444T0	1348	1349	17309.9	983.171
MGG_07751T0	3524	3525	2309	50.1894
MGG_09699T0	3728	3729	266	5.46558
MGG_03159T0	2736	2737	853.904	23.9046
MGG_00978T0	1711	1712	6872	307.558
MGG_08630T0	4303	4304	775	13.7968
MGG_17240T0	264	265	0	0
MGG_10877T0	1002	1003	951	72.6486
MGG_07597T0	2137	2138	55	1.97107
MGG_16094T0	1275	1276	1.06159	0.0637459
MGG_07365T0	1331	1332	6	0.345139
MGG_03229T0	3106	3107	1765	43.5262
MGG_10638T0	2805	2806	1228	33.5319
MGG_14828T0	456	457	0	0
MGG_06057T0	3205	3206	8274	197.742
MGG_05829T0	2190	2191	0	0
MGG_03037T0	942	943	0	0
MGG_17674T0	267	268	1	0.285899
MGG_16056T0	624	625	400.824	49.1384
MGG_17959T0	2824	2825	1284	34.8252
MGG_05138T0	942	943	1110	90.1901
MGG_14747T0	1951	1952	1641	64.4134
MGG_06561T0	1942	1943	1969	77.6462
MGG_08662T0	438	439	61	10.6466
MGG_14288T0	675	676	0	0
MGG_05115T0	1900	1901	218	8.78662
MGG_03079T0	631	632	2	0.242471
MGG_04562T0	1956	1957	493	19.3021
MGG_15853T0	1757	1758	442	19.2642
MGG_08416T0	1704	1705	0	0
MGG_01465T0	947	948	42	3.3946
MGG_00883T0	5873	5874	8292	108.162
MGG_06006T0	2075	2076	881	32.5159
MGG_10350T0	936	937	0	0
MGG_16826T0	1836	1837	261	10.8863
MGG_16596T0	3052	3053	564	14.1547
MGG_02519T0	3593	3594	1398	29.8041
MGG_01829T0	1863	1864	129	5.30263
MGG_06597T0	2406	2407	173	5.50703
MGG_04123T0	3353	3354	1118	25.5403
MGG_10666T0	1401	1402	786	42.9558
MGG_15529T0	171	172	16	7.12753
MGG_17433T0	168	169	0	0
MGG_07626T0	2124	2125	2	0.0721138
MGG_16438T0	180	181	0	0
MGG_17455T0	1363	1364	1399	78.587
MGG_17156T0	336	337	0	0
MGG_00022T0	12204	12205	0	0
MGG_17760T0	348	349	0	0
MGG_05589T0	6759	6760	64	0.725405
MGG_09012T0	1521	1522	565	28.4434
MGG_10235T0	1571	1572	116	5.65396
MGG_04017T0	3176	3177	1665	40.1554
MGG_00472T0	1789	1790	1889.97	80.9
MGG_03620T0	2871	2872	10582	282.313
MGG_05914T0	1071	1072	1914	136.803
MGG_04829T0	1291	1292	12550.6	744.304
MGG_06378T0	1018	1019	2243.9	168.724
MGG_10232T0	2051	2052	210	7.84132
MGG_16144T0	1498	1499	159.344	8.14482
MGG_13187T0	1710	1711	5973	267.479
MGG_04345T0	1593	1594	0	0
MGG_01873T0	1761	1762	102	4.43549
MGG_06846T0	1291	1292	9	0.533737
MGG_07070T0	3639	3640	1564	32.9217
MGG_10088T0	627	628	71	8.66256
MGG_00597T0	3386	3387	1960	44.3392
MGG_17746T0	2957	2958	47.0693	1.21923
MGG_17571T0	201	202	0	0
MGG_17779T0	4388	4389	122.266	2.13445
MGG_07255T0	3332	3333	7114	163.541
MGG_08299T0	3670	3671	516	10.7699
MGG_01402T0	1200	1201	42	2.6795
MGG_02205T0	1224	1225	2	0.125095
MGG_03501T0	1262	1263	296	17.9571
MGG_03147T0	3701	3702	11388	235.699
MGG_07709T0	2339	2340	311	10.1834
MGG_15557T0	844	845	1	0.0906756
MGG_06364T0	3124	3125	2595	63.626
MGG_05751T0	1630	1631	634	29.784
MGG_14641T0	339	340	5.33497	1.20227
MGG_01106T0	4509	4510	2798	47.5356
MGG_16261T0	216	217	1	0.353092
MGG_15449T0	474	475	0	0
MGG_00005T0	898	899	4.03907	0.344246
MGG_00234T0	1224	1225	0	0
MGG_06094T0	3412	3413	193	4.3328
MGG_14757T0	8215	8216	2934	27.362
MGG_03399T0	1363	1364	249	13.9873
MGG_17641T0	366	367	0	0
MGG_04559T0	2972	2973	3171	81.7238
MGG_00396T0	842	843	314.972	28.6281
MGG_02987T0	1871	1872	341.393	13.9732
MGG_06353T0	2518	2519	804.002	24.4555
MGG_10087T0	1347	1348	1155	65.6507
MGG_14908T0	1569	1570	661	32.2589
MGG_07961T0	829	830	317	29.2637
MGG_11524T0	270	271	33	9.33022
MGG_12322T0	3361	3362	4064	92.6197
MGG_04737T0	842	843	0	0
MGG_00469T0	3524	3525	1056	22.9537
MGG_10544T0	1473	1474	0	0
MGG_04889T0	579	580	0	0
MGG_10274T0	1370	1371	5696	318.332
MGG_16025T0	543	544	11	1.54932
MGG_04522T0	1153	1154	798	52.984
MGG_08535T0	1288	1289	3802	225.999
MGG_08411T0	594	595	0	0
MGG_12509T0	393	394	20	3.88939
MGG_05758T0	913	914	1460.1	122.4
MGG_09726T0	1646	1647	88	4.09389
MGG_10591T0	2241	2242	1587	54.2361
MGG_17913T0	201	202	8	3.03449
MGG_00443T0	634	635	4549	548.895
MGG_08422T0	468	469	0	0
MGG_06311T0	1070	1071	565.549	40.4602
MGG_05112T0	2441	2442	642	20.1436
MGG_18139T0	405	406	0	0
MGG_07090T0	2704	2705	216.913	6.1442
MGG_16436T0	329	330	0	0
MGG_16095T0	1485	1486	2	0.103124
MGG_11261T0	1854	1855	1734	71.623
MGG_09605T0	549	550	0	0
MGG_00610T0	483	484	1	0.158308
MGG_01956T0	1068	1069	28	2.00691
MGG_07610T0	1605	1606	695	33.1579
MGG_06520T0	695	696	48	5.2842
MGG_09782T0	1515	1516	140	7.07581
MGG_17434T0	234	235	2	0.652093
MGG_09876T0	1402	1403	3	0.163837
MGG_04642T0	1692	1693	290.716	13.1571
MGG_05803T0	2902	2903	2	0.0527874
MGG_01563T0	4224	4225	3116.82	56.524
MGG_08040T0	581	582	0	0
MGG_16877T0	407	408	1	0.187796
MGG_00698T0	1093	1094	2355.01	164.938
MGG_05237T0	747	748	11799	1208.62
MGG_00074T0	946	947	43	3.47909
MGG_17716T0	714	715	105	11.252
MGG_14664T0	2552	2553	204.58	6.13988
MGG_01217T0	2764	2765	4025	111.537
MGG_07317T0	3105	3106	1824	44.9957
MGG_08014T0	3438	3439	29	0.64612
MGG_00244T0	1245	1246	0	0
MGG_06741T0	1083	1084	671	47.4286
MGG_12092T0	589	590	82	10.649
MGG_10834T0	1604	1605	1058	50.5077
MGG_08760T0	2404	2405	5570	177.455
MGG_17019T0	1067	1068	365.933	26.2529
MGG_11246T0	2316	2317	3799	125.629
MGG_03840T0	1392	1393	4801	264.075
MGG_15687T0	753	754	9	0.914573
MGG_01165T0	2925	2926	485	12.7003
MGG_09714T0	3714	3715	17.836	0.367863
MGG_16221T0	2113	2114	579	20.9856
MGG_12605T0	2902	2903	499	13.1705
MGG_05616T0	1986	1987	1017	39.2166
MGG_16027T0	1242	1243	110.673	6.82207
MGG_01119T0	2577	2578	7.16526	0.212959
MGG_16833T0	267	268	5	1.42949
MGG_17963T0	622	623	12	1.47584
MGG_10745T0	2587	2588	1464	43.3435
MGG_09189T0	1707	1708	80	3.5888
MGG_03977T0	2639	2640	167	4.84685
MGG_03739T0	2823	2824	7	0.189924
MGG_00907T0	1510	1511	13378	678.382
MGG_16816T0	171	172	0	0
MGG_07975T0	1133	1134	6731	454.793
MGG_12954T0	255	256	0	0
MGG_17401T0	840	841	2	0.182214
MGG_16127T0	405	406	62	11.7007
MGG_03171T0	2205	2206	588	20.423
MGG_00124T0	3826	3827	5623.63	112.591
MGG_15657T0	443	444	4	0.690279
MGG_00399T0	5611	5612	1216.99	16.6156
MGG_07819T0	3117	3118	26.6667	0.6553
MGG_14957T0	2295	2296	0	0
MGG_05862T0	1158	1159	31	2.04939
MGG_07372T0	429	430	0	0
MGG_03952T0	4203	4204	3693	67.3076
MGG_15725T0	1802	1803	111.467	4.73692
MGG_09489T0	2644	2645	2318	67.1483
MGG_03103T0	2628	2629	799.869	23.3118
MGG_00212T0	1229	1230	1410.94	87.8921
MGG_07767T0	1248	1249	8	0.490767
MGG_00897T0	447	448	1	0.171029
MGG_14611T0	870	871	0	0
MGG_07577T0	1821	1822	44	1.85034
MGG_05852T0	960	961	0	0
MGG_07546T0	2210	2211	0	0
MGG_17481T0	480	481	18	2.86731
MGG_11871T0	1484	1485	1648	85.0312
MGG_00733T0	2105	2106	562	20.4468
MGG_17234T0	390	391	2	0.391923
MGG_11338T0	781	782	928	90.9261
MGG_16421T0	291	292	38	9.97122
MGG_10831T0	2217	2218	2277.44	78.6741
MGG_07076T0	1549	1550	672	33.2189
MGG_08711T0	2201	2202	92	3.20124
MGG_17474T0	600	601	140.471	17.9086
MGG_01061T0	1421	1422	20782	1119.79
MGG_00877T0	4781	4782	1300.5	20.8376
MGG_03064T0	5095	5096	4824	72.5313
MGG_09028T0	1875	1876	536.554	21.9143
MGG_09260T0	1074	1075	47	3.34994
MGG_09717T0	3326	3327	5510	126.895
MGG_05218T0	4744	4745	2166.5	34.9841
MGG_07307T0	1347	1348	2484	141.192
MGG_02290T0	969	970	4	0.315963
MGG_05952T0	1536	1537	1	0.049851
MGG_07234T0	1017	1018	5916	445.274
MGG_10482T0	2054	2055	3	0.111855
MGG_04949T0	1836	1837	45	1.87694
MGG_06485T0	1738	1739	696	30.666
MGG_14815T0	1093	1094	0	0
MGG_01478T0	1449	1450	2838	149.966
MGG_06526T0	978	979	0	0
MGG_16740T0	249	250	6	1.8389
MGG_10704T0	1049	1050	1	0.0729723
MGG_04349T0	1563	1564	2	0.0979807
MGG_02041T0	1094	1095	3	0.20992
MGG_07648T0	297	298	0	0
MGG_06309T0	2134	2135	1114	39.9793
MGG_09021T0	987	988	114	8.84088
MGG_15784T0	504	505	29	4.40001
MGG_02814T0	1480	1481	98	5.07012
MGG_10480T0	3015	3016	9	0.228643
MGG_17229T0	498	499	0	0
MGG_00410T0	381	382	15	3.00867
MGG_07174T0	4481	4482	2345.65	40.0995
MGG_07120T0	3474	3475	6542	144.246
MGG_09460T0	774	775	1470	145.333
MGG_15583T0	1902	1903	398.165	16.0314
MGG_09418T0	1718	1719	1	0.044573
MGG_00447T0	5470	5471	5611	78.5816
MGG_05030T0	3128	3129	2081	50.9582
MGG_11962T0	1854	1855	2852	117.802
MGG_11818T0	1147	1148	120.74	8.05853
MGG_02539T0	1708	1709	106	4.75238
MGG_13669T0	2703	2704	42336	1199.64
MGG_08543T0	1105	1106	12	0.83133
MGG_05082T0	4884	4885	13341.2	209.256
MGG_03078T0	960	961	22	1.75407
MGG_02752T0	789	790	607	58.872
MGG_04342T0	6785	6786	4226.09	47.7169
MGG_06466T0	1545	1546	2251.49	111.586
MGG_07333T0	2273	2274	1409	47.4753
MGG_07866T0	1023	1024	0	0
MGG_10550T0	1446	1447	0	0
MGG_16914T0	1629	1630	11	0.517074
MGG_00647T0	1875	1876	9889	403.894
MGG_16198T0	3459	3460	65	1.43941
MGG_06149T0	1389	1390	447.98	24.694
MGG_17491T0	1657	1658	887.611	41.019
MGG_07849T0	1044	1045	52	3.81272
MGG_05056T0	1107	1108	387	26.762
MGG_06789T0	3745	3746	458	9.36796
MGG_06712T0	3073	3074	8475	211.243
MGG_03304T0	1769	1770	879.028	38.0519
MGG_11382T0	2619	2620	2849	83.3179
MGG_08350T0	555	556	0	0
MGG_18106T0	426	427	3	0.53832
MGG_08874T0	2100	2101	503	18.3438
MGG_11657T0	2440	2441	1447	45.4201
MGG_07115T0	1512	1513	2180.82	110.441
MGG_12957T0	1843	1844	314	13.0472
MGG_11346T0	6009	6010	7386	94.1634
MGG_08354T0	777	778	14	1.37878
MGG_13017T0	1548	1549	412.096	20.3842
MGG_10942T0	2660	2661	70	2.01558
MGG_01247T0	1281	1282	49	2.92857
MGG_01112T0	984	985	1589	123.605
MGG_17080T0	195	196	0	0
MGG_14671T0	345	346	0	0
MGG_15979T0	393	394	0	0
MGG_15547T0	447	448	0	0
MGG_04034T0	1749	1750	35963	1574.58
MGG_17705T0	381	382	6	1.20347
MGG_09852T0	2142	2143	196	7.00779
MGG_06845T0	550	551	3	0.417174
MGG_02831T0	2671	2672	677	19.4133
MGG_03082T0	2860	2861	8	0.214249
MGG_06390T0	3295	3296	2031.54	47.2265
MGG_00571T0	2599	2600	386	11.3753
MGG_05350T0	3327	3328	505	11.6267
MGG_02469T0	1161	1162	395	26.0458
MGG_11084T0	2672	2673	178	5.10233
MGG_00705T0	609	610	246	30.8996
MGG_02564T0	909	910	0	0
MGG_15903T0	651	652	227	26.6763
MGG_03551T0	2918	2919	3993.93	104.837
MGG_00473T0	1071	1072	2630	187.979
MGG_09742T0	1430	1431	57	3.05199
MGG_12371T0	3042	3043	2169.4	54.6242
MGG_01534T0	3356	3357	9442	215.506
MGG_10577T0	3314	3315	510	11.7878
MGG_00086T0	1275	1276	3	0.180143
MGG_05234T0	1574	1575	19	0.924316
MGG_08883T0	2875	2876	469.84	12.5172
MGG_14578T0	855	856	0	0
MGG_03580T0	2248	2249	2729.34	92.9856
MGG_02275T0	1590	1591	1	0.048159
MGG_15176T0	1492	1493	545	27.9695
MGG_01391T0	2048	2049	95425	3568.35
MGG_04244T0	1854	1855	1589	65.6338
MGG_17335T0	477	478	6	0.961769
MGG_01236T0	2730	2731	27	0.757512
MGG_17130T0	213	214	0	0
MGG_11170T0	1442	1443	342	18.1596
MGG_10282T0	378	379	0	0
MGG_04714T0	4576	4577	11656	195.126
MGG_00750T0	2835	2836	690	18.6419
MGG_12468T0	2260	2261	1281	43.4106
MGG_00204T0	2796	2797	498	13.6422
MGG_16023T0	171	172	0	0
MGG_04032T0	870	871	595	52.3415
MGG_08175T0	1658	1659	1743	80.5005
MGG_02515T0	1601	1602	1744	83.4125
MGG_06939T0	2544	2545	278.622	8.38833
MGG_16525T0	243	244	0	0
MGG_07536T0	2402	2403	1510	48.1471
MGG_05269T0	1746	1747	782	34.2974
MGG_02821T0	1964	1965	2403	93.6998
MGG_07144T0	207	208	33	12.1562
MGG_16942T0	216	217	8.66667	3.06013
MGG_07158T0	2115	2116	20	0.724205
MGG_07497T0	1506	1507	55	2.79638
MGG_10034T0	372	373	0	0
MGG_17468T0	858	859	3	0.267593
MGG_05155T0	2015	2016	7662.05	291.207
MGG_04461T0	309	310	3	0.741493
MGG_18025T0	313	314	72	17.5691
MGG_12761T0	7704	7705	1513.4	15.0497
MGG_07507T0	1527	1528	44	2.20636
MGG_17615T0	1152	1153	0	0
MGG_06093T0	995	996	726	55.8502
MGG_05053T0	2077	2078	75	2.76543
MGG_01762T0	1207	1208	2017	127.934
MGG_09879T0	1010	1011	95	7.19979
MGG_05099T0	3847	3848	2197.8	43.7623
MGG_06297T0	3407	3408	1464	32.9146
MGG_06493T0	1164	1165	6155	404.808
MGG_17898T0	222	223	0	0
MGG_17027T0	273	274	0	0
MGG_16271T0	690	691	7	0.776189
MGG_14755T0	2319	2320	741	24.4725
MGG_06448T0	2412	2413	757.971	24.0682
MGG_03734T0	1018	1019	454	34.1373
MGG_02344T0	381	382	0	0
MGG_07320T0	1174	1175	73	4.76028
MGG_14683T0	3537	3538	1230	26.6376
MGG_04088T0	832	833	166	15.269
MGG_02864T0	357	358	0	0
MGG_07207T0	1743	1744	162	7.11731
MGG_10754T0	909	910	0	0
MGG_06661T0	2632	2633	115.872	3.37189
MGG_07997T0	1850	1851	2590	107.211
MGG_16609T0	592	593	1	0.129209
MGG_09390T0	1890	1891	1	0.0405187
MGG_10280T0	333	334	0	0
MGG_06000T0	900	901	11713	996.072
MGG_06834T0	1362	1363	38	2.13617
MGG_10921T0	929	930	4	0.329552
MGG_07265T0	1675	1676	2099.63	95.988
MGG_01490T0	1720	1721	15191	676.321
MGG_16709T0	1809	1810	13	0.550316
MGG_14350T0	3796	3797	1772	35.7578
MGG_16946T0	219	220	0	0
MGG_09874T0	717	718	7	0.747001
MGG_17258T0	1374	1375	68	3.78925
MGG_16433T0	434	435	17	2.99438
MGG_15666T0	321	322	1	0.237953
MGG_07000T0	3464	3465	6107	135.043
MGG_03169T0	3020	3021	1456	36.9282
MGG_01173T0	391	392	0	0
MGG_00392T0	2096	2097	1020	37.2691
MGG_15388T0	1587	1588	1	0.04825
MGG_14244T0	906	907	0	0
MGG_10892T0	372	373	0	0
MGG_02104T0	1474	1475	2108	109.503
MGG_15647T0	403	404	23	4.36208
MGG_15090T0	2901	2902	1448	38.2313
MGG_05812T0	1912	1913	666.282	26.6864
MGG_17376T0	252	253	230	69.6554
MGG_02731T0	2202	2203	8422	292.919
MGG_01223T0	1191	1192	365	23.4619
MGG_11560T0	2927	2928	98	2.5645
MGG_09378T0	219	220	0	0
MGG_01934T0	651	652	0	0
MGG_15397T0	1077	1078	0	0
MGG_01214T0	988	989	22	1.70441
MGG_17983T0	2037	2038	2530	95.1182
MGG_05785T0	2408	2409	103	3.27603
MGG_05416T0	444	445	0	0
MGG_18040T0	2368	2369	115	3.71946
MGG_01771T0	1862	1863	588.681	24.2111
MGG_10848T0	1812	1813	306	12.9322
MGG_07908T0	1271	1272	48	2.89136
MGG_17524T0	259	260	0	0
MGG_08439T0	1155	1156	55	3.64546
MGG_04887T0	1911	1912	457	18.3137
MGG_16497T0	408	409	231.806	43.4258
MGG_15274T0	2457	2458	6	0.187032
MGG_15257T0	936	937	32	2.61672
MGG_04954T0	2515	2516	2852	86.8533
MGG_18088T0	276	277	1	0.27661
MGG_16970T0	1353	1354	30	1.69766
MGG_06268T0	4232	4233	1892.05	34.2477
MGG_13224T0	2065	2066	439	16.281
MGG_03254T0	4521	4522	1483	25.128
MGG_06714T0	1355	1356	3412	192.795
MGG_10561T0	1134	1135	2	0.135015
MGG_16461T0	2446	2447	109	3.41303
MGG_04963T0	168	169	15	6.80067
MGG_10061T0	4193	4194	41	0.749036
MGG_08316T0	486	487	0	0
MGG_04827T0	2102	2103	3370	122.783
MGG_06601T0	309	310	4331	1070.47
MGG_16898T0	222	223	9	3.09232
MGG_00385T0	3744	3745	509	10.4139
MGG_07704T0	1800	1801	355	15.103
MGG_02459T0	1923	1924	1191	47.4301
MGG_09851T0	1023	1024	6	0.448951
MGG_01206T0	2843	2844	2183	58.8128
MGG_00504T0	3452	3453	1472.79	32.6807
MGG_04113T0	1423	1424	1303	70.1103
MGG_08749T0	1821	1822	0	0
MGG_16768T0	180	181	1	0.42332
MGG_08651T0	4801	4802	1512	24.1255
MGG_04861T0	1003	1004	6576.04	501.855
MGG_00154T0	741	742	685	70.7349
MGG_07890T0	2033	2034	2	0.0753401
MGG_02116T0	3349	3350	26	0.59467
MGG_01488T0	786	787	728	70.8768
MGG_17477T0	1247	1248	9	0.552555
MGG_06957T0	852	853	494	44.3737
MGG_00187T0	1146	1147	419	27.9897
MGG_09095T0	1050	1051	751	54.7501
MGG_08430T0	966	967	0	0
MGG_08461T0	1296	1297	414	24.4573
MGG_10555T0	885	886	0	0
MGG_06193T0	2501	2502	2331	71.3842
MGG_11039T0	3539	3540	3759	81.361
MGG_03876T0	3193	3194	1383.62	33.1918
MGG_05581T0	693	694	120	13.2486
MGG_06334T0	3581	3582	12006	256.815
MGG_16805T0	1854	1855	51	2.10656
MGG_01827T0	2808	2809	4	0.109108
MGG_04947T0	1848	1849	4065.88	168.486
MGG_00374T0	1353	1354	23	1.30154
MGG_06443T0	771	772	129	12.8032
MGG_09868T0	2047	2048	1172.45	43.8645
MGG_01657T0	3717	3718	1511	31.1388
MGG_16142T0	165	166	15	6.92358
MGG_15498T0	441	442	4	0.693402
MGG_10214T0	891	892	0	0
MGG_13641T0	3025	3026	1332.41	33.7378
MGG_16024T0	249	250	7	2.14539
MGG_12547T0	580	581	5	0.659388
MGG_04338T0	2799	2800	932.795	25.5256
MGG_07567T0	5032	5033	2070	31.5131
MGG_13622T0	2486	2487	1	0.0308086
MGG_00500T0	4494	4495	549.358	9.36425
MGG_07627T0	1550	1551	127.131	6.28041
MGG_04151T0	958	959	1385	110.657
MGG_06882T0	2972	2973	958.303	24.6976
MGG_04735T0	444	445	0	0
MGG_06537T0	10466	10467	1360	9.95552
MGG_04699T0	3809	3810	1371	27.5715
MGG_16359T0	537	538	9.34721	1.33121
MGG_13430T0	623	624	10	1.2279
MGG_06368T0	4440	4441	8264	142.579
MGG_03215T0	1749	1750	2382	104.292
MGG_07143T0	1380	1381	678	37.6169
MGG_07329T0	1920	1921	619	24.6894
MGG_05328T0	2389	2390	1595	51.134
MGG_00288T0	3198	3199	700	16.7661
MGG_06540T0	1230	1231	156	9.70988
MGG_04410T0	3389	3390	794	17.946
MGG_01890T0	1545	1546	724	35.882
MGG_07623T0	366	367	39379	8221.4
MGG_16900T0	2132	2133	87.0196	3.12589
MGG_05011T0	1755	1756	34	1.48355
MGG_03081T0	1548	1549	0	0
MGG_15389T0	468	469	2	0.326742
MGG_17738T0	315	316	13	3.15213
MGG_16019T0	807	808	0	0
MGG_01682T0	2656	2657	629	18.1387
MGG_10311T0	1483	1484	2	0.103263
MGG_17974T0	249	250	25	7.66209
MGG_01559T0	2255	2256	311	10.5625
MGG_15560T0	354	355	0	0
MGG_00109T0	2661	2662	2792	80.3627
MGG_15361T0	393	394	0	0
MGG_11439T0	231	232	546	180.323
MGG_10859T0	8917	8918	21550	185.151
MGG_07585T0	1248	1249	0	0
MGG_05908T0	1681	1682	63	2.86987
MGG_09061T0	2473	2474	7	0.216793
MGG_01375T0	915	916	0	0
MGG_10562T0	3200	3201	2272	54.3839
MGG_01847T0	1521	1522	404.611	20.369
MGG_08580T0	2513	2514	10467	319.01
MGG_03882T0	2234	2235	656	22.4892
MGG_00021T0	1305	1306	22	1.2907
MGG_14063T0	390	391	0	0
MGG_01599T0	792	793	997	96.3317
MGG_14726T0	1380	1381	0	0
MGG_07099T0	2919	2920	2283	59.906
MGG_06237T0	1830	1831	400	16.7386
MGG_05048T0	3216	3217	4424	105.369
MGG_03123T0	3483	3484	491	10.7982
MGG_08922T0	2660	2661	3013	86.7564
MGG_01176T0	1556	1557	1147	56.4446
MGG_07480T0	1268	1269	1332	80.4248
MGG_09614T0	1164	1165	0	0
MGG_08209T0	1435	1436	1271.6	67.8488
MGG_12408T0	1203	1204	25	1.59097
MGG_09780T0	2432	2433	480.241	15.1239
MGG_10272T0	935	936	2	0.16372
MGG_01601T0	3717	3718	1362	28.0682
MGG_05271T0	1652	1653	890	41.2539
MGG_10575T0	1594	1595	11429	549.029
MGG_16226T0	396	397	2	0.386
MGG_07538T0	720	721	2	0.212541
MGG_07527T0	788	789	625	60.6946
MGG_11652T0	1179	1180	178	11.5581
MGG_06383T0	723	724	239	25.2934
MGG_16579T0	3852	3853	6.95101	0.138228
MGG_17638T0	216	217	4.33333	1.53006
MGG_12467T0	947	948	9580.06	774.296
MGG_03117T0	1116	1117	23.0333	1.57998
MGG_09465T0	812	813	122.212	11.5179
MGG_03892T0	4906	4907	460.578	7.19175
MGG_17623T0	2617	2618	36	1.05361
MGG_04183T0	2348	2349	9848.4	321.24
MGG_00556T0	312	313	104	25.4587
MGG_08034T0	474	475	6	0.967843
MGG_17922T0	306	307	2	0.499159
MGG_16422T0	180	181	43	18.2028
MGG_15247T0	1320	1321	33	1.91407
MGG_03781T0	746	747	13	1.33343
MGG_11462T0	859	860	81	7.21662
MGG_08822T0	1484	1485	3338.87	172.274
MGG_03582T0	2614	2615	396.766	11.6255
MGG_01166T0	3033	3034	273	6.89437
MGG_17178T0	505	506	0	0
MGG_03674T0	794	795	311	29.9737
MGG_15617T0	731	732	1	0.104673
MGG_01607T0	2388	2389	12921	414.407
MGG_15517T0	1769	1770	0	0
MGG_10217T0	453	454	0	0
MGG_04000T0	2394	2395	217	6.94227
MGG_13928T0	2043	2044	238	8.92161
MGG_02235T0	996	997	1	0.0768515
MGG_00983T0	2021	2022	446	16.9006
MGG_05083T0	1260	1261	1168	70.9701
MGG_17367T0	168	169	0	0
MGG_08911T0	5408	5409	2367	33.5296
MGG_02118T0	1278	1279	39	2.33637
MGG_09842T0	513	514	2	0.298136
MGG_16680T0	291	292	0	0
MGG_01583T0	2725	2726	1089	30.609
MGG_11796T0	3328	3329	2489	57.2873
MGG_08799T0	351	352	0	0
MGG_16585T0	458	459	0	0
MGG_00435T0	1797	1798	97	4.13361
MGG_10653T0	1998	1999	4199.93	160.982
MGG_15416T0	633	634	2	0.241706
MGG_05386T0	1035	1036	1	0.0739584
MGG_02761T0	1600	1601	608	29.0978
MGG_13799T0	222	223	43	14.7744
MGG_01851T0	1091	1092	65	4.56077
MGG_05463T0	1426	1427	455	24.4306
MGG_07834T0	363	364	0	0
MGG_08789T0	615	616	1	0.124385
MGG_17037T0	228	229	0	0
MGG_06025T0	1423	1424	2836	152.596
MGG_03144T0	4698	4699	1349	21.9965
MGG_07789T0	2262	2263	242.028	8.19462
MGG_10434T0	528	529	0	0
MGG_02328T0	2367	2368	80	2.58854
MGG_10614T0	774	775	7	0.69206
MGG_05002T0	9601	9602	1576	12.576
MGG_01325T0	1781	1782	4756.89	204.533
MGG_15513T0	519	520	0	0
MGG_00706T0	2364	2365	920	29.806
MGG_16760T0	426	427	18	3.22992
MGG_01520T0	1971	1972	3540	137.545
MGG_16880T0	1173	1174	741	48.3612
MGG_17523T0	276	277	4	1.10644
MGG_08188T0	324	325	11	2.59332
MGG_00577T0	1960	1961	227	8.86943
MGG_07727T0	1231	1232	1441	89.6191
MGG_06247T0	2385	2386	1938	62.2344
MGG_11707T0	1302	1303	1516	89.1461
MGG_06058T0	3153	3154	1056.66	25.6696
MGG_14301T0	393	394	26	5.0562
MGG_16305T0	707	708	28	3.03021
MGG_12580T0	3113	3114	6325	155.629
MGG_11750T0	1660	1661	13908	641.568
MGG_05685T0	1353	1354	312	17.6556
MGG_04816T0	2151	2152	19.5375	0.695623
MGG_14679T0	1714	1715	165	7.37169
MGG_07530T0	1843	1844	180	7.47927
MGG_02967T0	1781	1782	321.743	13.834
MGG_13110T0	2175	2176	0	0
MGG_04282T0	699	700	8	0.875668
MGG_08277T0	546	547	60	8.40449
MGG_01348T0	5459	5460	1351.53	18.9663
MGG_16330T0	162	163	9	4.2306
MGG_15795T0	2145	2146	645.412	23.0438
MGG_06296T0	986	987	944	73.2828
MGG_03298T0	1808	1809	267	11.3089
MGG_07621T0	444	445	2	0.344364
MGG_08052T0	2432	2433	73	2.29894
MGG_00369T0	1807	1808	199	8.43339
MGG_09828T0	2580	2581	437	12.973
MGG_18015T0	564	565	2	0.271225
MGG_05310T0	1761	1762	1229	53.4433
MGG_01995T0	1715	1716	16948	756.743
MGG_16658T0	348	349	0	0
MGG_07078T0	1745	1746	196.969	8.64375
MGG_06065T0	2632	2633	6971	202.858
MGG_15312T0	357	358	132	28.2513
MGG_08378T0	1605	1606	10	0.477092
MGG_17740T0	375	376	56.0189	11.4155
MGG_11519T0	1468	1469	2998	156.371
MGG_01336T0	1677	1678	188	8.58447
MGG_05593T0	768	769	3	0.298911
MGG_07349T0	735	736	7	0.728732
MGG_11130T0	3117	3118	1438.79	35.3565
MGG_02154T0	327	328	0	0
MGG_09598T0	1725	1726	0	0
MGG_05987T0	612	613	259	32.3733
MGG_10764T0	909	910	280	23.5757
MGG_01107T0	1458	1459	1144	60.0784
MGG_15844T0	153	154	0	0
MGG_15636T0	3796	3797	128	2.58295
MGG_00017T0	3414	3415	0	0
MGG_10713T0	1042	1043	577	42.3876
MGG_06020T0	2258	2259	997.021	33.817
MGG_04880T0	1332	1333	38	2.18424
MGG_01570T0	4942	4943	12174	188.708
MGG_16799T0	222	223	3	1.03077
MGG_08044T0	1679	1680	75	3.42058
MGG_16428T0	1004	1005	22	1.67727
MGG_00774T0	1003	1004	393	29.9921
MGG_09436T0	600	601	518	66.0393
MGG_09534T0	992	993	486.017	37.5016
MGG_01776T0	3484	3485	2008	44.1477
MGG_01688T0	2090	2091	3591	131.586
MGG_01260T0	2691	2692	5996	170.661
MGG_05244T0	7669	7670	5940	59.3388
MGG_10571T0	1777	1778	7403	319.024
MGG_01051T0	1433	1434	532	28.4256
MGG_07121T0	2073	2074	505	18.6565
MGG_07535T0	3309	3310	3659	84.6997
MGG_12230T0	713	714	224	24.0379
MGG_16711T0	3630	3631	6219	131.233
MGG_16168T0	1275	1276	0	0
MGG_16645T0	210	211	18	6.53638
MGG_08058T0	1014	1015	87	6.56751
MGG_01612T0	2219	2220	431.617	14.8968
MGG_10443T0	2313	2314	178	5.89392
MGG_01777T0	4248	4249	1994	35.9572
MGG_07085T0	705	706	632	68.5898
MGG_09027T0	2803	2804	1120.45	30.6168
MGG_17280T0	1731	1732	529	23.4021
MGG_17203T0	491	492	0	0
MGG_01713T0	1140	1141	602	40.4258
MGG_06190T0	2426	2427	813	25.6666
MGG_02580T0	1575	1576	971	47.2074
MGG_12770T0	3077	3078	23.0701	0.574285
MGG_13543T0	1278	1279	79	4.73264
MGG_08979T0	2919	2920	4	0.10496
MGG_03934T0	975	976	168	13.1888
MGG_00436T0	2034	2035	541	20.3695
MGG_06100T0	5526	5527	560.696	7.77295
MGG_07376T0	414	415	0	0
MGG_04148T0	1840	1841	4238.68	176.41
MGG_07189T0	975	976	2127	166.98
MGG_04202T0	890	891	202	17.3708
MGG_04137T0	1787	1788	7455.65	319.496
MGG_00980T0	828	829	84	7.76376
MGG_15850T0	716	717	774	82.7121
MGG_06911T0	1483	1484	636.075	32.8414
MGG_01719T0	1417	1418	5644.38	304.991
MGG_17749T0	177	178	0	0
MGG_16875T0	690	691	12	1.33061
MGG_04969T0	1948	1949	4263	167.591
MGG_05565T0	1135	1136	16	1.07917
MGG_03321T0	1539	1540	488	24.2799
MGG_03454T0	1547	1548	20	0.989934
MGG_00851T0	3228	3229	988.673	23.4602
MGG_02670T0	5292	5293	130.013	1.88206
MGG_06629T0	1582	1583	2548	123.329
MGG_07056T0	624	625	1662	203.75
MGG_01986T0	999	1000	222	17.0098
MGG_11567T0	1502	1503	1194	60.8685
MGG_02433T0	782	783	326.89	31.988
MGG_09069T0	1776	1777	8.00282	0.345067
MGG_17588T0	1575	1576	8.30625	0.403828
MGG_01062T0	1477	1478	15181	786.997
MGG_05863T0	1062	1063	102	7.35215
MGG_16009T0	280	281	0	0
MGG_06740T0	1764	1765	0	0
MGG_15124T0	1534	1535	0	0
MGG_15008T0	1121	1122	421	28.7499
MGG_04215T0	3442	3443	108.473	2.41397
MGG_00415T0	1305	1306	3	0.176005
MGG_09348T0	930	931	1522	125.26
MGG_10637T0	1471	1472	1329	69.1774
MGG_17214T0	2016	2017	0	0
MGG_10014T0	1314	1315	0	0
MGG_07171T0	5032	5033	6338	96.4879
MGG_14924T0	771	772	59	5.85574
MGG_00417T0	2507	2508	169	5.16305
MGG_06084T0	2999	3000	184	4.69942
MGG_10825T0	1178	1179	1634.68	106.235
MGG_03227T0	548	549	4689	654.418
MGG_09820T0	2396	2397	71	2.26954
MGG_05539T0	1650	1651	0	0
MGG_01848T0	1822	1823	53.3893	2.24396
MGG_12462T0	1583	1584	644.737	31.1871
MGG_01723T0	2203	2204	1973	68.5903
MGG_07080T0	1418	1419	1477.52	79.7811
MGG_08410T0	1527	1528	0	0
MGG_15869T0	452	453	68.3484	11.5605
MGG_16641T0	204	205	11	4.11137
MGG_15620T0	252	253	0	0
MGG_11805T0	1533	1534	3172	158.436
MGG_06823T0	1509	1510	64	3.24751
MGG_09601T0	2004	2005	0	0
MGG_17881T0	640	641	1	0.119533
MGG_14540T0	1109	1110	12	0.828334
MGG_00963T0	3344	3345	38	0.870432
MGG_15256T0	1117	1118	0	0
MGG_08857T0	1722	1723	424	18.8551
MGG_02832T0	2624	2625	1386	40.4558
MGG_06070T0	3488	3489	3995	87.733
MGG_04459T0	4709	4710	396	6.44201
MGG_02714T0	1024	1025	694	51.878
MGG_16857T0	252	253	6	1.8171
MGG_00441T0	612	613	11	1.37493
MGG_17735T0	207	208	0	0
MGG_08675T0	697	698	0	0
MGG_04175T0	1744	1745	246.764	10.8351
MGG_08256T0	1364	1365	5152	289.195
MGG_10747T0	969	970	6	0.473944
MGG_07466T0	2021	2022	7936.74	300.752
MGG_01918T0	1587	1588	100	4.825
MGG_15379T0	701	702	31	3.38354
MGG_09208T0	4624	4625	4797	79.4704
MGG_09600T0	2058	2059	12	0.446552
MGG_16270T0	291	292	0	0
MGG_03218T0	1742	1743	10779	473.836
MGG_00715T0	617	618	5360	664.544
MGG_05261T0	2398	2399	2451	78.2817
MGG_06615T0	1685	1686	2.43049	0.110455
MGG_17228T0	186	187	0	0
MGG_01144T0	1209	1210	450	28.4954
MGG_01154T0	1703	1704	1146.35	51.5462
MGG_05456T0	960	961	107	8.53115
MGG_05139T0	1431	1432	47	2.51479
MGG_00561T0	1126	1127	6	0.40792
MGG_04042T0	3639	3640	343	7.22005
MGG_06425T0	2805	2806	456	12.4516
MGG_04177T0	6583	6584	778	9.05393
MGG_01875T0	951	952	25	2.0121
MGG_05107T0	2205	2206	1299	45.1181
MGG_03439T0	1330	1331	802	46.1683
MGG_10155T0	609	610	13	1.6329
MGG_11223T0	1510	1511	13	0.659214
MGG_03906T0	3885	3886	884	17.43
MGG_08084T0	5037	5038	20208	307.335
MGG_16218T0	159	160	1	0.478881
MGG_06011T0	1385	1386	5111	282.547
MGG_17362T0	225	226	0	0
MGG_09473T0	885	886	283	24.4737
MGG_01950T0	1560	1561	0	0
MGG_06511T0	1724	1725	4384	194.728
MGG_01053T0	1024	1025	38	2.84058
MGG_05896T0	309	310	6	1.48299
MGG_08097T0	2921	2922	21601	566.423
MGG_00629T0	336	337	14	3.18306
MGG_10613T0	1244	1245	30	1.84629
MGG_18007T0	378	379	23	4.64982
MGG_15895T0	1478	1479	4382.21	227.024
MGG_15390T0	1404	1405	0	0
MGG_18014T0	201	202	14	5.31036
MGG_08855T0	5409	5410	1033	14.6302
MGG_08786T0	1840	1841	18	0.749145
MGG_09235T0	2633	2634	1977	57.5093
MGG_08457T0	3593	3594	32945	702.358
MGG_14198T0	1185	1186	1	0.0646045
MGG_09213T0	2910	2911	1734.63	45.6576
MGG_01220T0	2487	2488	215.516	6.63707
MGG_01824T0	4016	4017	2808	53.5603
MGG_00071T0	1309	1310	23	1.34525
MGG_06113T0	1300	1301	88	5.18266
MGG_03715T0	1349	1350	4146	235.311
MGG_02820T0	1016	1017	658	49.5738
MGG_03263T0	2185	2186	95	3.32982
MGG_15220T0	279	280	0	0
MGG_06342T0	3885	3886	3072	60.5711
MGG_09522T0	3647	3648	283	5.944
MGG_17763T0	171	172	0	0
MGG_12831T0	1840	1841	611	25.4293
MGG_02986T0	5892	5893	321.607	4.18154
MGG_01963T0	1024	1025	7	0.523265
MGG_10020T0	399	400	0	0
MGG_12337T0	1230	1231	802	49.9187
MGG_10423T0	1815	1816	124	5.23183
MGG_04817T0	2232	2233	281.462	9.65782
MGG_09106T0	483	484	0	0
MGG_16490T0	765	766	325	32.5089
MGG_00814T0	984	985	1460	113.57
MGG_17848T0	1200	1201	114.232	7.28775
MGG_08169T0	2029	2030	1497	56.5032
MGG_02284T0	1233	1234	65	4.03595
MGG_08528T0	1760	1761	0	0
MGG_15733T0	264	265	2	0.578271
MGG_13241T0	1172	1173	6	0.391923
MGG_03036T0	1676	1677	10.0142	0.45754
MGG_06751T0	1528	1529	30955	1551.21
MGG_03124T0	1629	1630	27	1.26918
MGG_07129T0	3465	3466	1547.49	34.2096
MGG_16409T0	1182	1183	747.716	48.4283
MGG_07019T0	2192	2193	68	2.37584
MGG_04144T0	5054	5055	6718	101.828
MGG_05400T0	906	907	0	0
MGG_08161T0	2660	2661	16556.3	476.723
MGG_08207T0	3139	3140	137	3.34301
MGG_14928T0	1710	1711	38.2988	1.71507
MGG_13866T0	1539	1540	0	0
MGG_17000T0	1735	1736	2668	117.756
MGG_15770T0	799	800	2	0.191552
MGG_10931T0	1021	1022	242	18.1431
MGG_06486T0	813	814	198	18.6375
MGG_14639T0	1437	1438	497	26.4816
MGG_02977T0	1809	1810	343	14.5199
MGG_16953T0	669	670	62	7.09029
MGG_15691T0	216	217	0	0
MGG_17754T0	162	163	0	0
MGG_04505T0	2022	2023	442.926	16.7758
MGG_07518T0	3495	3496	9624	210.927
MGG_00631T0	2994	2995	275	7.03531
MGG_07048T0	1225	1226	7154	447.101
MGG_03433T0	1594	1595	0	0
MGG_01058T0	2024	2025	3953	149.572
MGG_09751T0	1134	1135	17	1.14763
MGG_08493T0	2400	2401	0	0
MGG_17255T0	357	358	0	0
MGG_05028T0	1574	1575	39	1.89728
MGG_16457T0	3267	3268	1955	45.8366
MGG_15654T0	1451	1452	759	40.0518
MGG_04554T0	2070	2071	0	0
MGG_14590T0	1472	1473	139	7.23035
MGG_15599T0	2018	2019	236	8.95618
MGG_12022T0	1467	1468	0	0
MGG_12348T0	381	382	28	5.61619
MGG_05504T0	306	307	2	0.499159
MGG_06545T0	3128	3129	133.445	3.26772
MGG_07842T0	1922	1923	14	0.557823
MGG_16113T0	366	367	3	0.626329
MGG_04872T0	3773	3774	1939.2	39.3703
MGG_17987T0	249	250	21	6.43616
MGG_03529T0	2443	2444	340	10.6592
MGG_01395T0	1023	1024	1	0.0748251
MGG_08451T0	333	334	2	0.458808
MGG_17989T0	1158	1159	2754	182.066
MGG_08532T0	411	412	1	0.185973
MGG_13538T0	1665	1666	32	1.47171
MGG_06105T0	1167	1168	500.407	32.8267
MGG_08278T0	1920	1921	1546	61.6637
MGG_12805T0	2588	2589	3084.45	91.2835
MGG_05552T0	1072	1073	9	0.642673
MGG_11895T0	3858	3859	1439	28.5715
MGG_17567T0	189	190	0	0
MGG_17940T0	327	328	6	1.4016
MGG_17449T0	3789	3790	3939	79.6332
MGG_15114T0	2149	2150	0	0
MGG_08174T0	1420	1421	158	8.51943
MGG_09645T0	6381	6382	0	0
MGG_13085T0	363	364	0	0
MGG_10716T0	1162	1163	18.1191	1.19373
MGG_07713T0	819	820	12	1.12128
MGG_15409T0	835	836	0	0
MGG_04551T0	1287	1288	2478	147.412
MGG_04199T0	2996	2997	1651.05	42.2106
MGG_16152T0	396	397	36	6.94799
MGG_03587T0	2042	2043	1409	52.8433
MGG_08198T0	3996	3997	1433	27.47
MGG_18004T0	852	853	6	0.538951
MGG_04048T0	1589	1590	9	0.433703
MGG_02637T0	1228	1229	38	2.36908
MGG_09913T0	1867	1868	1718	70.4683
MGG_16079T0	186	187	0	0
MGG_01435T0	3115	3116	61	1.49996
MGG_16290T0	270	271	2	0.565468
MGG_09628T0	900	901	0	0
MGG_06871T0	2230	2231	632.298	21.7155
MGG_08185T0	2655	2656	99	2.85598
MGG_16837T0	156	157	2	0.976063
MGG_10956T0	1139	1140	10	0.672113
MGG_17650T0	165	166	0	0
MGG_00448T0	2304	2305	259	8.60947
MGG_01728T0	1896	1897	674	27.2232
MGG_18105T0	372	373	0	0
MGG_01414T0	4528	4529	332	5.61672
MGG_11758T0	6947	6948	217	2.39303
MGG_09956T0	3458	3459	1771	39.2297
MGG_14293T0	1459	1460	1252.93	65.7537
MGG_12321T0	4125	4126	650	12.0707
MGG_16148T0	1237	1238	171	10.5833
MGG_02774T0	2493	2494	1153	35.4226
MGG_07580T0	1761	1762	0	0
MGG_08592T0	582	583	718	94.3633
MGG_03867T0	996	997	52	3.99628
MGG_05664T0	4886	4887	4578	71.7763
MGG_07846T0	1543	1544	2	0.0992499
MGG_02949T0	3782	3783	3321	67.2636
MGG_05133T0	3320	3321	4801	110.767
MGG_10939T0	453	454	0	0
MGG_04617T0	5721	5722	3621	48.4873
MGG_00254T0	1609	1610	26475	1259.96
MGG_07200T0	3359	3360	37621	857.903
MGG_07958T0	1458	1459	3	0.157548
MGG_08236T0	7851	7852	0	0
MGG_05330T0	407	408	62.2706	11.6942
MGG_15754T0	225	226	0	0
MGG_15537T0	3875	3876	3423.68	67.6795
MGG_14326T0	800	801	15	1.43485
MGG_01796T0	1167	1168	17	1.1152
MGG_09696T0	4254	4255	2527.59	45.515
MGG_16672T0	243	244	0	0
MGG_04633T0	3555	3556	2	0.0430939
MGG_06696T0	8818	8819	3870.32	33.626
MGG_10478T0	528	529	0	0
MGG_00635T0	3636	3637	10637	224.09
MGG_00491T0	1477	1478	1791	92.8471
MGG_08128T0	2992	2993	1594	40.8065
MGG_04467T0	1484	1485	13695.6	706.646
MGG_03197T0	1953	1954	1547	60.6615
MGG_00630T0	3839	3840	186	3.71133
MGG_01725T0	1783	1784	2869	123.221
MGG_04738T0	1213	1214	6	0.378687
MGG_08492T0	1551	1552	0	0
MGG_06847T0	1955	1956	856	33.5314
MGG_16140T0	198	199	0	0
MGG_14854T0	732	733	921	96.2727
MGG_14598T0	2160	2161	294	10.4241
MGG_10558T0	2479	2480	0	0
MGG_00789T0	963	964	9846	782.583
MGG_00846T0	1380	1381	57	3.16249
MGG_01099T0	1327	1328	1141	65.8317
MGG_00119T0	1077	1078	4255	302.432
MGG_06901T0	2155	2156	2799	99.4722
MGG_16938T0	594	595	0	0
MGG_06865T0	450	451	2	0.339782
MGG_14422T0	225	226	0	0
MGG_04983T0	1192	1193	0	0
MGG_04594T0	1554	1555	3240	159.647
MGG_03646T0	3409	3410	6994	157.152
MGG_16223T0	940	941	103	8.38677
MGG_10244T0	647	648	0	0
MGG_03025T0	900	901	68	5.78271
MGG_12275T0	1945	1946	1144	45.0433
MGG_05158T0	1842	1843	189	7.85749
MGG_02941T0	2696	2697	1482	42.1032
MGG_15849T0	246	247	7	2.17144
MGG_16342T0	327	328	19	4.43841
MGG_16367T0	180	181	0	0
MGG_01892T0	2198	2199	424.15	14.7789
MGG_00721T0	1212	1213	133	8.40114
MGG_01002T0	1281	1282	470	28.0904
MGG_04094T0	849	850	1	0.0901423
MGG_06124T0	6483	6484	696	8.22458
MGG_06918T0	1544	1545	11832	586.782
MGG_03397T0	1684	1685	373	16.9612
MGG_13933T0	1173	1174	46.7483	3.05102
MGG_05929T0	2667	2668	3149	90.4345
MGG_16965T0	1492	1493	24	1.23168
MGG_15614T0	345	346	0	0
MGG_15699T0	329	330	5	1.16092
MGG_17502T0	573	574	1.09447	0.146096
MGG_16173T0	615	616	0	0
MGG_00679T0	1971	1972	1439.06	55.9137
MGG_07238T0	2115	2116	268.093	9.70773
MGG_12501T0	1469	1470	0	0
MGG_10523T0	2792	2793	704	19.313
MGG_09461T0	2996	2997	146	3.73262
MGG_05060T0	2879	2880	19	0.505485
MGG_05824T0	1594	1595	13	0.624497
MGG_01614T0	2370	2371	1781	57.5546
MGG_16131T0	1877	1878	38	1.55037
MGG_05210T0	1233	1234	2800	173.856
MGG_10446T0	1857	1858	420	17.3201
MGG_13509T0	813	814	301	28.3328
MGG_01636T0	3654	3655	2406	50.4377
MGG_14995T0	1353	1354	68	3.84802
MGG_00317T0	1637	1638	2571	120.264
MGG_03878T0	3235	3236	182	4.30933
MGG_09976T0	1983	1984	22	0.849627
MGG_17358T0	599	600	2.06611	0.263846
MGG_17764T0	2438	2439	949.04	29.814
MGG_14279T0	1632	1633	96774	4540.67
MGG_07053T0	2067	2068	532	19.711
MGG_09884T0	3194	3195	5636.83	135.18
MGG_16669T0	3333	3334	195	4.48143
MGG_15070T0	2393	2394	188	6.01701
MGG_14426T0	799	800	7.04876e-07	6.75103e-08
MGG_12601T0	1728	1729	2485	110.123
MGG_03810T0	12768	12769	1	0.00600054
MGG_02780T0	2782	2783	460	12.6646
MGG_07026T0	1971	1972	1521	59.0976
MGG_04856T0	1964	1965	8151	317.831
MGG_13530T0	2551	2552	3019	90.6421
MGG_02663T0	2321	2322	1466	48.3748
MGG_06315T0	3296	3297	2281.13	53.0125
MGG_06980T0	1983	1984	196	7.56941
MGG_15442T0	786	787	0	0
MGG_05892T0	2597	2598	433.843	12.795
MGG_02029T0	1827	1828	0	0
MGG_09289T0	1446	1447	2544	134.709
MGG_05229T0	3113	3114	877	21.5789
MGG_09137T0	963	964	0	0
MGG_11142T0	1240	1241	292.026	18.0301
MGG_06133T0	1536	1537	10526.9	524.776
MGG_04006T0	4044	4045	352	6.66763
MGG_05874T0	2457	2458	392	12.2194
MGG_07411T0	951	952	1	0.0804842
MGG_17583T0	162	163	0	0
MGG_12767T0	3362	3363	11278	256.952
MGG_03603T0	2440	2441	397.065	12.4635
MGG_10200T0	2577	2578	680	20.2103
MGG_12742T0	2946	2947	16.4244	0.427028
MGG_02773T0	2397	2398	1704	54.4462
MGG_01826T0	1430	1431	409.209	21.9105
MGG_09941T0	4860	4861	439	6.91968
MGG_02327T0	960	961	60	4.78382
MGG_09595T0	495	496	0	0
MGG_02788T0	2386	2387	535.244	17.1809
MGG_00300T0	1548	1549	5	0.247324
MGG_01276T0	1002	1003	4	0.305567
MGG_00083T0	910	911	3	0.252319
MGG_17975T0	1493	1494	17611	903.193
MGG_00530T0	2209	2210	1848.74	64.096
MGG_06955T0	2458	2459	132	4.11304
MGG_07681T0	2901	2902	5417	143.024
MGG_09841T0	1406	1407	646	35.1792
MGG_02882T0	2591	2592	847	25.0378
MGG_02462T0	869	870	771.491	67.9453
MGG_09494T0	1406	1407	364.125	19.8291
MGG_09552T0	2993	2994	2717.01	69.5324
MGG_04365T0	1974	1975	815	31.6183
MGG_08880T0	2376	2377	7254	233.828
MGG_17935T0	2495	2496	4	0.12279
MGG_03006T0	1435	1436	1183.22	63.1335
MGG_02534T0	1875	1876	182	7.43337
MGG_12835T0	747	748	0	0
MGG_03772T0	2061	2062	0	0
MGG_12521T0	1139	1140	63019	4235.59
MGG_08906T0	588	589	891.318	115.948
MGG_10213T0	1014	1015	0	0
MGG_05989T0	2337	2338	1486	48.6992
MGG_04787T0	915	916	1175	98.2856
MGG_14982T0	309	310	0	0
MGG_08065T0	2379	2380	2600	83.7035
MGG_15047T0	1704	1705	1	0.044939
MGG_11337T0	918	919	679	56.6111
MGG_14371T0	663	664	212	24.4633
MGG_14046T0	435	436	0	0
MGG_10324T0	1662	1663	1505	69.3412
MGG_05325T0	2967	2968	1983.68	51.2101
MGG_09005T0	2563	2564	867.245	25.9162
MGG_17488T0	231	232	4	1.32105
MGG_16887T0	4324	4325	1881	33.3235
MGG_02345T0	534	535	0	0
MGG_10958T0	4894	4895	1993	31.1962
MGG_03794T0	999	1000	0	0
MGG_14009T0	1982	1983	1361	52.5875
MGG_00026T0	1218	1219	0	0
MGG_08098T0	2033	2034	1454	54.7723
MGG_10254T0	1230	1231	8	0.497943
MGG_06898T0	2428	2429	4519	142.548
MGG_12821T0	3710	3711	4626	95.5129
MGG_06758T0	1782	1783	1894	81.3909
MGG_15995T0	1557	1558	0	0
MGG_14640T0	1702	1703	502	22.5858
MGG_07084T0	1500	1501	964	49.2089
MGG_17103T0	1358	1359	53150.9	2996.67
MGG_07341T0	1029	1030	2937	218.481
MGG_17773T0	351	352	0	0
MGG_03088T0	2571	2572	504	15.0144
MGG_00812T0	1134	1135	872.374	58.8917
MGG_08654T0	2560	2561	1253	37.4877
MGG_04025T1	1563	1564	46.3928	2.2728
MGG_04025T0	1354	1355	84.6072	4.78427
MGG_07190T0	3180	3181	9858.74	237.468
MGG_15651T0	306	307	0	0
MGG_17094T0	279	280	11	3.01011
MGG_05931T0	2084	2085	3249.1	119.4
MGG_10426T0	4455	4456	1982	34.0805
MGG_12853T0	1379	1380	1712	95.0544
MGG_04095T0	1470	1471	3527	183.713
MGG_10852T0	2065	2066	1226	45.4682
MGG_08778T0	1336	1337	367	21.0321
MGG_05951T0	2163	2164	1585	56.1202
MGG_06183T0	1883	1884	4904	199.442
MGG_14823T0	2519	2520	283	8.60465
MGG_00986T0	1589	1590	1063	51.2252
MGG_14674T0	1725	1726	242	10.7429
MGG_03935T0	1158	1159	385	25.4522
MGG_07679T0	1863	1864	0	0
MGG_17160T0	282	283	10	2.70745
MGG_00915T0	2741	2742	1751	48.929
MGG_07290T0	1308	1309	32	1.87309
MGG_08144T0	1633	1634	3331	156.196
MGG_08102T0	895	896	151	12.9127
MGG_03756T0	932	933	92.9602	7.63418
MGG_15434T0	363	364	0	0
MGG_02549T0	1017	1018	185	13.9242
MGG_17131T0	222	223	1	0.343592
MGG_07697T0	642	643	0	0
MGG_07630T0	354	355	3	0.647501
MGG_10320T0	2610	2611	4997	146.639
MGG_04445T0	3113	3114	1533	37.7199
MGG_17002T0	1778	1779	137	5.90054
MGG_15802T0	180	181	2	0.84664
MGG_10184T0	4212	4213	772.132	14.0426
MGG_17612T0	743	744	79.6206	8.19973
MGG_10054T0	2554	2555	480.354	14.4052
MGG_11636T0	4950	4951	1008.4	15.6059
MGG_11469T0	1062	1063	876	63.142
MGG_09953T0	1410	1411	774	42.0302
MGG_13215T0	1643	1644	61	2.84299
MGG_15924T0	306	307	0	0
MGG_15838T0	1001	1002	4	0.305872
MGG_00164T0	3157	3158	10478	254.222
MGG_08779T0	999	1000	2	0.153242
MGG_15955T0	246	247	7	2.17144
MGG_02705T0	4519	4520	1210.19	20.5146
MGG_08735T0	2886	2887	10007	265.586
MGG_08768T0	1433	1434	890	47.5541
MGG_03591T0	2389	2390	413	13.2404
MGG_06095T0	1230	1231	707	44.0057
MGG_09804T0	1191	1192	55	3.53536
MGG_04923T0	6380	6381	1329	15.9582
MGG_17321T0	341	342	2	0.448076
MGG_16394T0	933	934	21	1.72274
MGG_08480T0	876	877	16	1.39787
MGG_08659T0	462	463	0	0
MGG_03287T0	2116	2117	100	3.61932
MGG_00695T0	3548	3549	203.509	4.39364
MGG_09499T0	2902	2903	6234	164.538
MGG_03593T0	1553	1554	72	3.55
MGG_11491T0	4755	4756	5402	87.0282
MGG_04352T0	1092	1093	1613	113.074
MGG_06388T0	5621	5622	5139	70.0382
MGG_13253T0	2359	2360	654	21.2331
MGG_10955T0	4988	4989	144	2.21155
MGG_05525T0	2194	2195	24845.5	867.283
MGG_05578T0	1943	1944	401	15.805
MGG_03686T0	2694	2695	258	7.33514
MGG_17132T0	544	545	14	1.96824
MGG_01017T0	5000	5001	78	1.19505
MGG_07775T0	642	643	17	2.02575
MGG_05688T0	1580	1581	82.6233	4.00422
MGG_07366T0	1665	1666	3	0.137973
MGG_15245T0	1478	1479	5184	268.562
MGG_18109T0	189	190	0	0
MGG_14713T0	3078	3079	1138	28.3191
MGG_03104T0	1703	1704	15	0.67448
MGG_16114T0	1332	1333	20.7092	1.19036
MGG_09236T0	3964	3965	2078	40.1559
MGG_17742T0	204	205	3	1.12128
MGG_07058T0	1413	1414	536.459	29.0693
MGG_18034T0	625	626	9	1.10158
MGG_12538T0	4519	4520	745	12.6289
MGG_02748T0	4224	4225	1816	32.9334
MGG_00449T0	2721	2722	5161	145.276
MGG_10499T0	1394	1395	14.4762	0.795109
MGG_02488T0	2835	2836	1336	36.095
MGG_15259T0	783	784	343	33.5217
MGG_17723T0	703	704	7	0.761856
MGG_09372T0	1910	1911	3478	139.449
MGG_05484T0	4115	4116	2650.68	49.3434
MGG_17265T0	153	154	2972	1478.68
MGG_01424T0	1961	1962	1181	46.121
MGG_16196T0	2549	2550	104	3.12493
MGG_04773T0	2509	2510	3827	116.824
MGG_08079T0	887	888	872.424	75.2769
MGG_01730T0	4061	4062	1962	37.0089
MGG_07295T0	1487	1488	669	34.4485
MGG_18030T0	581	582	1312.86	172.839
MGG_14269T0	1292	1293	291	17.2442
MGG_16445T0	2639	2640	3634	105.47
MGG_15988T0	4463	4464	11943	204.992
MGG_03008T0	3959	3960	1655	32.0221
MGG_15739T0	873	874	6335	555.37
MGG_15492T0	1738	1739	14.3646	0.632908
MGG_00018T0	2408	2409	0	0
MGG_04257T0	1881	1882	0	0
MGG_17731T0	751	752	12	1.22267
MGG_04606T0	4286	4287	538.334	9.62156
MGG_03005T0	2145	2146	564	20.1371
MGG_16416T0	550	551	8	1.11246
MGG_12469T0	762	763	19.4755	1.95574
MGG_09705T0	1502	1503	25	1.27447
MGG_00488T0	1335	1336	3798	217.819
MGG_00336T0	2232	2233	2223.62	76.299
MGG_17056T0	297	298	9	2.31405
MGG_15398T0	798	799	0	0
MGG_10239T0	1486	1487	418	21.5384
MGG_10257T0	1332	1333	0	0
MGG_01389T0	2323	2324	311	10.2535
MGG_08432T0	297	298	0	0
MGG_03222T0	5908	5909	974.96	12.6421
MGG_02691T0	2535	2536	3257	98.4047
MGG_13777T0	849	850	149	13.4312
MGG_03518T0	2621	2622	793	23.1733
MGG_09171T0	1152	1153	127	8.4396
MGG_16117T0	216	217	15	5.29638
MGG_07645T0	1455	1456	10	0.526243
MGG_08540T0	2016	2017	0	0
MGG_02204T0	2073	2074	2	0.0738871
MGG_01987T0	3170	3171	2218	53.5936
MGG_07684T0	855	856	4	0.358042
MGG_08899T0	819	820	73	6.82113
MGG_06136T0	1413	1414	1202	65.1332
MGG_02546T0	444	445	0	0
MGG_17601T0	360	361	0	0
MGG_12009T0	3374	3375	2025	45.9726
MGG_07232T0	1613	1614	4036.87	191.641
MGG_05007T0	1995	1996	734	28.1762
MGG_04853T0	3275	3276	13546	316.821
MGG_04680T0	2122	2123	2492	89.9385
MGG_16926T0	1448	1449	22	1.16333
MGG_05259T0	3008	3009	2405	61.2407
MGG_12956T0	5288	5289	1385.65	20.0737
MGG_07815T0	918	919	7	0.58362
MGG_08898T0	3837	3838	5352	106.846
MGG_07301T0	1239	1240	2455	151.697
MGG_09806T0	1801	1802	19	0.807879
MGG_09070T0	1274	1275	7	0.420664
MGG_15611T0	228	229	0	0
MGG_15252T0	399	400	0	0
MGG_14558T0	7290	7291	4428	46.5337
MGG_07532T0	3856	3857	490.849	9.75093
MGG_14014T0	3372	3373	1431.74	32.5234
MGG_05277T0	2356	2357	288.278	9.37128
MGG_12611T0	2160	2161	72	2.55285
MGG_00863T0	2841	2842	51	1.37497
MGG_02242T0	2292	2293	582	19.4476
MGG_07790T0	1621	1622	428	20.2181
MGG_03262T0	2538	2539	125	3.7722
MGG_05846T0	807	808	0	0
MGG_17029T0	192	193	15	5.95499
MGG_03045T0	1223	1224	1882	117.811
MGG_15045T0	735	736	0	0
MGG_12096T0	558	559	16	2.19309
MGG_02794T0	1824	1825	1763	74.0179
MGG_15822T0	905	906	11	0.930276
MGG_04919T0	1342	1343	2303.48	131.418
MGG_08370T0	2311	2312	31380	1039.95
MGG_11336T0	1526	1527	710	35.626
MGG_02210T0	1788	1789	1	0.0428289
MGG_00084T0	1662	1663	4	0.184296
MGG_02437T0	2362	2363	2386.3	77.3766
MGG_02351T0	15858	15859	2	0.00966277
MGG_03516T0	4677	4678	11523	188.735
MGG_17378T0	570	571	140	18.7862
MGG_17281T0	279	280	7	1.91552
MGG_10252T0	1916	1917	1385	55.3573
MGG_06068T0	1269	1270	1294	78.0689
MGG_09311T0	3387	3388	1274.72	28.8284
MGG_16879T0	222	223	1	0.343592
MGG_02756T0	828	829	24	2.21822
MGG_05668T0	758	759	1897	191.502
MGG_09810T0	720	721	0	0
MGG_15020T0	1665	1666	478	21.9837
MGG_15006T0	1752	1753	1464.4	64.0069
MGG_03667T0	3149	3150	8357	203.277
MGG_02400T0	1486	1487	1191	61.3689
MGG_09490T0	1701	1702	14	0.630254
MGG_17487T0	399	400	0	0
MGG_11615T0	1161	1162	55	3.62664
MGG_03517T0	2615	2616	1979	57.9636
MGG_01074T0	4748	4749	1199	19.3448
MGG_04362T0	1259	1260	9626	585.36
MGG_05732T0	1576	1577	1166	56.6519
MGG_05503T0	1380	1381	399	22.1374
MGG_13200T0	1849	1850	4601	190.558
MGG_07035T0	2199	2200	2712	94.4527
MGG_02818T0	2187	2188	55	1.92603
MGG_06654T0	1611	1612	1540	73.1986
MGG_10287T0	1700	1701	0	0
MGG_17413T0	468	469	2	0.326742
MGG_00559T0	1427	1428	333	17.8675
MGG_14601T0	1314	1315	585	34.0861
MGG_06206T0	630	631	0	0
MGG_01115T0	4754	4755	944.87	15.2254
MGG_02402T0	246	247	132	40.9472
MGG_08949T0	1794	1795	11	0.469543
MGG_06216T0	2268	2269	36	1.21567
MGG_16831T0	988	989	1	0.0774731
MGG_05026T0	797	798	5427	521.08
MGG_00138T0	3100	3101	2161	53.395
MGG_02445T0	899	900	44	3.74591
MGG_17038T0	836	837	202	18.4915
MGG_08984T0	3027	3028	57	1.44234
MGG_09836T0	957	958	1	0.0799801
MGG_17554T0	576	577	0	0
MGG_17830T0	1371	1372	542	30.2686
MGG_05217T0	2884	2885	2506.5	66.5685
MGG_05450T0	1356	1357	1149	64.8765
MGG_01671T0	2111	2112	2608.95	94.6499
MGG_07154T0	1215	1216	492	31.0012
MGG_00379T0	1164	1165	77	5.06422
MGG_16910T0	177	178	5	2.15227
MGG_08926T0	996	997	555	42.6526
MGG_05407T0	426	427	0	0
MGG_07336T0	1267	1268	788	47.6162
MGG_10329T0	2833	2834	625	16.8977
MGG_11731T0	2004	2005	2133	81.5124
MGG_06398T0	2420	2421	1209	38.263
MGG_15001T0	408	409	19	3.55941
MGG_04994T0	3370	3371	334	7.59163
MGG_09909T0	2635	2636	450	13.0802
MGG_03403T0	886	887	144	12.439
MGG_17059T0	192	193	10	3.97
MGG_09019T0	764	765	49	4.90775
MGG_14526T0	3278	3279	1981.27	46.2967
MGG_09246T0	2741	2742	786	21.9635
MGG_15746T0	150	151	5	2.53712
MGG_13908T0	907	908	11	0.928227
MGG_14547T0	1344	1345	140	7.97541
MGG_00351T0	3049	3050	106	2.66289
MGG_17184T0	165	166	52	24.0017
MGG_15203T0	2592	2593	125	3.69364
MGG_10589T0	1317	1318	5	0.290671
MGG_10370T0	776	777	13283	1309.85
MGG_16126T0	1316	1317	2092	121.709
MGG_18089T0	498	499	11	1.68904
MGG_15201T0	348	349	0	0
MGG_00888T0	2288	2289	15	0.502103
MGG_06181T0	1596	1597	37	1.77519
MGG_14778T0	4740	4741	980	15.8381
MGG_08017T0	3363	3364	30	0.683302
MGG_15508T0	1126	1127	384	26.1069
MGG_12847T0	1328	1329	46383	2674.12
MGG_02487T0	5611	5612	10789	147.303
MGG_11167T0	1099	1100	1061.89	73.9664
MGG_08787T0	423	424	0	0
MGG_18140T0	726	727	0	0
MGG_16303T0	222	223	0	0
MGG_13276T0	1076	1077	37	2.63229
MGG_04526T0	3814	3815	1236	24.824
MGG_02243T0	2695	2696	225.968	6.42206
MGG_14921T0	936	937	149	12.1841
MGG_02288T0	660	661	2	0.231833
MGG_01799T0	1878	1879	556	22.6723
MGG_04610T0	3591	3592	781	16.6595
MGG_06734T0	1428	1429	318.265	17.0649
MGG_00857T0	2478	2479	1494.54	46.1932
MGG_07512T0	2487	2488	531	16.3528
MGG_02014T0	1553	1554	0	0
MGG_07687T0	1326	1327	2	0.11548
MGG_17778T0	171	172	145	64.5932
MGG_14783T0	736	737	220	22.8719
MGG_17014T0	171	172	0	0
MGG_03290T0	4805	4806	712	11.3512
MGG_02355T0	1089	1090	35	2.4603
MGG_05580T0	1974	1975	813	31.5407
MGG_17394T0	195	196	25	9.77308
MGG_17757T0	525	526	0	0
MGG_03473T0	1868	1869	310	12.7087
MGG_07565T0	1287	1288	6000	356.93
MGG_04367T0	1785	1786	3185	136.639
MGG_12906T0	1851	1852	432.955	17.9122
MGG_17630T0	168	169	0	0
MGG_10743T0	2778	2779	1833	50.5384
MGG_16365T0	566	567	10	1.35134
MGG_03198T0	2971	2972	9677	249.482
MGG_17337T0	261	262	0	0
MGG_10798T0	603	604	60	7.61135
MGG_02387T0	3216	3217	308	7.33579
MGG_07987T0	1182	1183	0	0
MGG_16590T0	1551	1552	0	0
MGG_15760T0	3756	3757	933	19.0278
MGG_07177T0	513	514	1100	163.975
MGG_08598T0	5972	5973	1856	23.8085
MGG_02903T0	825	826	0	0
MGG_06399T0	4532	4533	4296	72.6149
MGG_15923T0	306	307	0	0
MGG_01662T0	2936	2937	63640.2	1660.26
MGG_01420T0	1524	1525	1	0.0502432
MGG_15718T0	2045	2046	1365	51.1181
MGG_06959T0	1470	1471	278	14.4804
MGG_07503T0	1946	1947	614	24.1629
MGG_08162T0	1952	1953	12184	478.008
MGG_13836T0	765	766	157	15.7043
MGG_02495T0	504	505	0	0
MGG_10840T0	2823	2824	1874	50.8455
MGG_06505T0	2118	2119	1755	63.459
MGG_08311T0	1428	1429	316	16.9435
MGG_00150T0	1986	1987	29412	1134.16
MGG_12003T0	1132	1133	45	3.0432
MGG_07979T0	1554	1555	0	0
MGG_08351T0	744	745	0	0
MGG_16897T0	330	331	0	0
MGG_07062T0	2512	2513	50	1.52449
MGG_16026T0	931	932	9	0.739902
MGG_09118T0	2762	2763	771.487	21.3941
MGG_17860T0	590	591	11	1.42611
MGG_09421T0	630	631	0	0
MGG_13420T0	420	421	0	0
MGG_06785T0	1141	1142	529	35.4925
MGG_03265T0	4053	4054	1943	36.7229
MGG_06406T0	1492	1493	1007	51.6793
MGG_12978T0	1518	1519	40	2.01767
MGG_11761T0	3349	3350	1848	42.2673
MGG_03846T0	4537	4538	3115	52.5946
MGG_07334T0	4261	4262	3114	55.9825
MGG_16822T0	150	151	0	0
MGG_03706T0	1704	1705	28	1.25829
MGG_15307T0	936	937	7	0.572408
MGG_10149T0	1396	1397	480	26.3264
MGG_08607T0	405	406	0	0
MGG_12672T0	2959	2960	6739	174.442
MGG_01914T0	855	856	0	0
MGG_05178T0	1148	1149	518	34.5428
MGG_10148T0	4796	4797	1086.22	17.3498
MGG_04212T0	2374	2375	136	4.38756
MGG_10357T0	2217	2218	2232	77.1046
MGG_16502T0	153	154	11	5.47292
MGG_08208T0	5090	5091	3063.4	46.1051
MGG_12474T0	2113	2114	1762	63.8628
MGG_10881T0	1287	1288	0	0
MGG_02862T0	2088	2089	325	11.9204
MGG_07282T0	3107	3108	786.787	19.3965
MGG_06279T0	3816	3817	1009	20.2543
MGG_05755T0	2570	2571	953	28.4013
MGG_11535T0	2787	2788	323	8.87681
MGG_00346T0	3017	3018	1860	47.2216
MGG_04204T0	2287	2288	2417	80.9409
MGG_03464T0	888	889	1241	106.959
MGG_01508T0	1596	1597	5003	240.034
MGG_05584T0	2702	2703	455	12.8977
MGG_10853T0	3196	3197	1027.26	24.6198
MGG_07391T0	787	788	1872	182.023
MGG_04997T0	3344	3345	0	0
MGG_15457T0	1932	1933	0	0
MGG_01439T0	2417	2418	36	1.14076
MGG_09700T0	2041	2042	303	11.3693
MGG_15280T0	1268	1269	553	33.3896
MGG_11819T0	348	349	4	0.878177
MGG_06620T0	989	990	116	8.9778
MGG_17980T0	234	235	1	0.326046
MGG_17613T0	1276	1277	0	0
MGG_17365T0	2449	2450	341	10.6644
MGG_12214T0	8311	8312	715.205	6.59284
MGG_17693T0	405	406	13	2.45338
MGG_07876T0	987	988	0	0
MGG_08064T0	1245	1246	116	7.13325
MGG_02654T0	2425	2426	46	1.45283
MGG_15934T0	342	343	0	0
MGG_03442T0	1631	1632	17	0.798135
MGG_17083T0	489	490	0	0
MGG_03014T0	2388	2389	5981	191.825
MGG_06167T0	2212	2213	1780	61.6291
MGG_00680T0	1399	1400	741.945	40.6061
MGG_08706T0	1031	1032	1907	141.585
MGG_00118T0	4756	4757	2741	44.1492
MGG_16993T0	3852	3853	4.2833	0.0851779
MGG_05081T0	636	637	28.7645	3.45991
MGG_04239T0	1089	1090	7	0.492061
MGG_16810T0	237	238	0	0
MGG_06246T0	1554	1555	207.887	10.2434
MGG_00466T0	3622	3623	5439	115.027
MGG_06627T0	1732	1733	2114	93.466
MGG_15111T0	1324	1325	210	12.1437
MGG_02618T0	856	857	22	1.96693
MGG_13562T0	2893	2894	33.6081	0.889801
MGG_08912T0	2259	2260	2230	75.6038
MGG_15929T0	156	157	0	0
MGG_12766T0	3775	3776	2834.43	57.515
MGG_10194T0	1416	1417	135	7.29981
MGG_04082T0	2166	2167	982.589	34.7424
MGG_07193T0	1544	1545	1794	88.9695
MGG_16003T0	435	436	0	0
MGG_17152T0	162	163	1	0.470067
MGG_00332T0	4047	4048	1018.29	19.2742
MGG_06109T0	2379	2380	371.223	11.951
MGG_10352T0	813	814	0	0
MGG_16125T0	1766	1767	19	0.823881
MGG_02865T0	1314	1315	6	0.349601
MGG_09281T0	516	517	481	71.2856
MGG_00056T0	1318	1319	749.877	43.5605
MGG_09978T0	1946	1947	2111.83	83.1077
MGG_03692T0	1549	1550	667	32.9717
MGG_09072T0	2064	2065	33	1.22445
MGG_06573T0	818	819	473	44.2512
MGG_13916T0	1315	1316	31	1.8049
MGG_15625T0	306	307	0	0
MGG_14517T0	3516	3517	4583	99.8447
MGG_02890T0	2517	2518	297	9.0375
MGG_00853T0	2060	2061	4969	184.73
MGG_17013T0	192	193	0	0
MGG_16230T0	1910	1911	8088	324.286
MGG_11684T0	1526	1527	1	0.0501774
MGG_07264T0	2227	2228	45	1.54755
MGG_05691T0	378	379	0	0
MGG_04117T0	2655	2656	5575.98	160.857
MGG_10074T0	357	358	0	0
MGG_08246T0	698	699	0	0
MGG_06467T0	1727	1728	2091.51	92.7391
MGG_08571T0	2700	2701	127	3.60269
MGG_09574T0	1242	1243	2035.62	125.48
MGG_14733T0	903	904	310	26.2749
MGG_03568T0	4136	4137	1612.62	29.8672
MGG_08495T0	2232	2233	57	1.95584
MGG_01549T0	3217	3218	1400	33.3341
MGG_00341T0	2101	2102	6263	228.295
MGG_02109T0	276	277	115	31.8101
MGG_05946T0	2995	2996	352	9.00219
MGG_11757T0	3000	3001	296.988	7.58264
MGG_01489T0	3682	3683	2511	52.2387
MGG_08326T0	2052	2053	0	0
MGG_16166T0	180	181	65	27.5158
MGG_01357T0	2134	2135	69	2.47627
MGG_12809T0	3377	3378	3577	81.1347
MGG_04709T0	5249	5250	1740	25.3944
MGG_01976T0	3584	3585	4422	94.5098
MGG_13165T0	3673	3674	549	11.4493
MGG_14897T0	12929	12930	185	1.09628
MGG_10199T0	4394	4395	5595	97.5413
MGG_06666T0	1810	1811	2075	87.7904
MGG_16464T0	237	238	1	0.321937
MGG_15238T0	2559	2560	5409.9	161.919
MGG_00195T0	3218	3219	4002	95.2584
MGG_06539T0	1019	1020	155	11.6434
MGG_15563T0	3203	3204	1546	36.9713
MGG_00325T0	1548	1549	4557	225.411
MGG_08550T0	1676	1677	67	3.06118
MGG_17897T0	240	241	0	0
MGG_14268T0	1351	1352	75.8524	4.29873
MGG_06961T0	1621	1622	993	46.9079
MGG_16818T0	946	947	0	0
MGG_15759T0	1986	1987	1337	51.5562
MGG_14864T0	1107	1108	27	1.86712
MGG_02294T0	1620	1621	1289	60.928
MGG_04655T0	2172	2173	691.275	24.3746
MGG_04618T0	2204	2205	3596.12	124.961
MGG_14696T0	342	343	113	25.2425
MGG_03480T0	3059	3060	5148	128.903
MGG_03326T0	405	406	833	157.205
MGG_08693T0	3423	3424	6801	152.19
MGG_16532T0	1251	1252	0	0
MGG_13517T0	3819	3820	63	1.26364
MGG_04427T0	4331	4332	6801	120.291
MGG_06934T0	4122	4123	4346	80.7651
MGG_03272T0	612	613	42	5.24972
MGG_15702T0	1717	1718	4	0.178396
MGG_15762T0	339	340	37	8.33816
MGG_11374T0	2046	2047	332.352	12.4402
MGG_05871T0	1896	1897	5638	227.722
MGG_17905T0	979	980	28	2.18917
MGG_16392T0	2105	2106	442	16.0809
MGG_15499T0	153	154	101	50.2514
MGG_05897T0	1097	1098	147.29	10.2782
MGG_06563T0	3293	3294	877	20.3997
MGG_08120T0	1989	1990	50	1.92515
MGG_04884T0	1872	1873	2009	82.1844
MGG_06896T0	6168	6169	1188	14.7553
MGG_09738T0	1860	1861	159	6.54633
MGG_07225T0	990	991	1156	89.3782
MGG_01092T0	1458	1459	4858	255.123
MGG_17566T0	381	382	0	0
MGG_01606T0	2557	2558	32330.9	968.423
MGG_07198T0	3424	3425	1985	44.4066
MGG_05645T0	1067	1068	3.0445	0.21842
MGG_10215T0	1673	1674	0	0
MGG_16873T0	417	418	0	0
MGG_03291T0	2769	2770	1246	34.4656
MGG_01712T0	1601	1602	14329.8	685.371
MGG_09802T0	2669	2670	240	6.88727
MGG_05065T0	4960	4961	4653.14	71.8661
MGG_04216T0	1979	1980	34.5269	1.3361
MGG_00663T0	1297	1298	9.98709	0.589538
MGG_05439T0	2080	2081	1232	45.3614
MGG_07347T0	3031	3032	68	1.71841
MGG_00398T0	2671	2672	2.01037	0.0576484
MGG_18111T0	258	259	6	1.775
MGG_18108T0	525	526	0	0
MGG_07126T0	2552	2553	1411	42.3471
MGG_17230T0	327	328	0	0
MGG_18031T0	456	457	0	0
MGG_05970T0	1049	1050	2112.37	154.145
MGG_03613T0	1519	1520	410	20.6675
MGG_03526T0	1317	1318	11.099	0.645231
MGG_07539T0	4151	4152	3227	59.551
MGG_07788T0	1182	1183	216	13.99
MGG_17528T0	3624	3625	309.372	6.53914
MGG_12426T0	351	352	0	0
MGG_07549T0	2392	2393	52	1.66498
MGG_05582T0	801	802	12	1.14645
MGG_05263T0	1326	1327	435	25.1169
MGG_09710T0	1519	1520	109	5.49453
MGG_17713T0	2118	2119	576	20.8276
MGG_13429T0	2914	2915	362	9.51519
MGG_16640T0	398	399	3	0.576097
MGG_05084T0	1508	1509	11	0.558536
MGG_09575T0	1605	1606	182	8.68307
MGG_17621T0	303	304	0	0
MGG_13179T0	1437	1438	3835	204.34
MGG_16724T0	896	897	1	0.0854191
MGG_13484T0	1274	1275	1902	114.3
MGG_02384T0	2052	2053	1057	39.4488
MGG_10551T0	507	508	0	0
MGG_10568T0	1621	1622	2037	96.2249
MGG_07447T0	3476	3477	8075	177.945
MGG_14605T0	360	361	16	3.39594
MGG_17151T0	162	163	0	0
MGG_03083T0	1474	1475	1	0.0519464
MGG_00075T0	1989	1990	799	30.7639
MGG_07242T0	2607	2608	140	4.11309
MGG_14700T0	162	163	0	0
MGG_08182T0	2018	2019	5780	219.351
MGG_15231T0	258	259	19	5.62084
MGG_02943T0	1011	1012	30	2.27137
MGG_16820T0	567	568	1.08701	0.146634
MGG_04466T0	4529	4530	584.621	9.88834
MGG_05100T0	534	535	496.204	71.0646
MGG_04675T0	4885	4886	323	5.0652
MGG_02329T0	2179	2180	13103	460.534
MGG_16908T0	969	970	1992.34	157.376
MGG_06494T0	2599	2600	24037	708.36
MGG_17400T0	5288	5289	142	2.05713
MGG_07504T0	806	807	2701	256.447
MGG_05223T0	1908	1909	1413.84	56.747
MGG_06072T0	1746	1747	5821	255.301
MGG_11934T0	1723	1724	1718	76.3543
MGG_09110T0	2425	2426	690	21.7924
MGG_15650T0	170	171	6	2.68845
MGG_04519T0	3032	3033	11191	282.712
MGG_10598T0	3500	3501	45	0.984845
MGG_15043T0	3020	3021	21	0.532618
MGG_04434T0	1335	1336	440	25.2344
MGG_00495T0	1981	1982	21	0.811826
MGG_01852T0	2682	2683	1362	38.8959
MGG_16224T0	274	275	15	4.17932
MGG_17200T0	645	646	117	13.8772
MGG_16361T0	3815	3816	4116	82.6446
MGG_05174T0	1622	1623	436	20.5833
MGG_16386T0	444	445	0	0
MGG_08202T0	2681	2682	1472	42.0529
MGG_09148T0	1023	1024	0	0
MGG_15408T0	2227	2228	2	0.06878
MGG_00407T0	1916	1917	1839	73.5033
MGG_10953T0	1380	1381	0	0
MGG_03817T0	1771	1772	19	0.821556
MGG_02077T0	405	406	49	9.24735
MGG_01903T0	1208	1209	0	0
MGG_17033T0	294	295	0	0
MGG_07153T0	1318	1319	847	49.2024
MGG_00585T0	354	355	0	0
MGG_15706T0	443	444	10.7653	1.85776
MGG_16541T0	201	202	0	0
MGG_16523T0	282	283	37	10.0176
MGG_07651T0	342	343	0	0
MGG_11548T0	2700	2701	426	12.0846
MGG_10736T0	1420	1421	803.458	43.3228
MGG_02557T0	1076	1077	0	0
MGG_00969T0	1752	1753	3350	146.423
MGG_15205T0	1033	1034	57	4.22378
MGG_10832T0	948	949	5905.89	476.833
MGG_03337T0	2736	2737	142	3.97522
MGG_08077T0	2146	2147	50	1.78437
MGG_03167T0	1219	1220	12	0.753648
MGG_10533T0	1594	1595	1	0.0480382
MGG_18102T0	162	163	0	0
MGG_02523T0	2133	2134	105	3.77001
MGG_12476T0	1419	1420	23	1.24104
MGG_10705T0	1995	1996	4	0.153549
MGG_16159T0	1290	1291	0	0
MGG_13867T0	813	814	0	0
MGG_06786T0	1844	1845	425	17.6498
MGG_17111T0	1457	1458	502	26.3811
MGG_15383T0	1947	1948	0	0
MGG_02489T0	1968	1969	7398.46	287.901
MGG_12865T0	2794	2795	473	12.9666
MGG_05636T0	1462	1463	299.865	15.7047
MGG_15435T0	1533	1534	0	0
MGG_11079T0	2469	2470	3732	115.769
MGG_01067T0	1522	1523	524	26.362
MGG_15606T0	1921	1922	1565	62.389
MGG_00050T0	4599	4600	193	3.21475
MGG_02373T0	993	994	69	5.31876
MGG_07266T0	1523	1524	1106.37	55.6239
MGG_02129T0	2661	2662	47	1.35281
MGG_06333T0	701	702	7181	783.782
MGG_17073T0	1863	1864	136	5.59037
MGG_17451T0	198	199	0	0
MGG_04683T0	1933	1934	886	35.1014
MGG_15581T0	201	202	0	0
MGG_09513T0	2095	2096	329	12.0269
MGG_16449T0	282	283	8	2.16596
MGG_14692T0	1638	1639	308.929	14.442
MGG_15395T0	372	373	0	0
MGG_11613T0	1887	1888	0	0
MGG_05324T0	1761	1762	1694.32	73.6777
MGG_17791T0	354	355	0	0
MGG_07644T0	1659	1660	93	4.29262
MGG_11620T0	219	220	8	2.78622
MGG_01315T0	1812	1813	806.023	34.0641
MGG_16828T0	1391	1392	85	4.67872
MGG_07079T0	1762	1763	76.475	3.32365
MGG_16737T0	564	565	1	0.135612
MGG_03859T0	3255	3256	2480	58.3599
MGG_10783T0	1048	1049	0	0
MGG_08645T0	3918	3919	3016	58.9662
MGG_10750T0	2969	2970	0	0
MGG_09284T0	1497	1498	902.28	46.1505
MGG_05964T0	1070	1071	568.585	40.6774
MGG_17669T0	3119	3120	2306	56.6307
MGG_16317T0	556	557	29	3.98924
MGG_14613T0	1996	1997	0	0
MGG_03293T0	1080	1081	304	21.5474
MGG_10207T0	1490	1491	0	0
MGG_04353T0	483	484	2	0.316615
MGG_08212T0	2770	2771	2264.69	62.6209
MGG_00201T0	2850	2851	329	8.84191
MGG_10180T0	3214	3215	1313	31.2918
MGG_06310T0	603	604	2587.45	328.233
MGG_07857T0	1125	1126	0	0
MGG_05274T0	1598	1599	983.203	47.1131
MGG_08845T0	3418	3419	1144	25.6374
MGG_16794T0	177	178	8	3.44364
MGG_04685T0	5534	5535	5233	72.4403
MGG_04574T0	1110	1111	1219	84.0692
MGG_13426T0	2325	2326	0	0
MGG_07522T0	1888	1889	3045	123.51
MGG_15905T0	366	367	9	1.87899
MGG_00650T0	1195	1196	1558	99.8122
MGG_08976T0	1011	1012	88	6.66269
MGG_07765T0	3343	3344	367	8.40905
MGG_16134T0	1274	1275	211	12.68
MGG_14663T0	1710	1711	109	4.88117
MGG_11498T0	2525	2526	230	6.97657
MGG_07706T0	2614	2615	1323	38.7646
MGG_10740T0	1169	1170	1291.94	84.6067
MGG_04696T0	1036	1037	14619	1080.16
MGG_00913T0	2177	2178	523	18.3989
MGG_09630T0	1816	1817	4	0.168676
MGG_07227T0	1582	1583	12	0.580828
MGG_16535T0	886	887	4096.88	353.897
MGG_06599T0	3268	3269	7160.56	167.834
MGG_07622T0	303	304	10	2.52043
MGG_09356T0	369	370	0	0
MGG_06604T0	1419	1420	1537	82.9341
MGG_16593T0	171	172	0	0
MGG_06228T0	1065	1066	1	0.071877
MGG_09991T0	1876	1877	4833	197.288
MGG_00901T0	1950	1951	2622	102.973
MGG_17194T0	547	548	598	83.6119
MGG_14630T0	294	295	14	3.63625
MGG_11902T0	3407	3408	3247.98	73.0233
MGG_03895T0	1181	1182	1427.19	92.5148
MGG_16453T0	150	151	2	1.01485
MGG_17096T0	240	241	78	24.7985
MGG_12301T0	2260	2261	2009	68.0811
MGG_00117T0	2716	2717	927	26.1419
MGG_15431T0	1374	1375	79	4.40222
MGG_04527T0	1916	1917	947	37.8508
MGG_06872T0	3225	3226	194.702	4.62439
MGG_17967T0	537	538	19	2.70594
MGG_03528T0	906	907	691	58.3738
MGG_16207T0	257	258	0	0
MGG_04005T0	1152	1153	2941	195.44
MGG_08191T0	692	693	20	2.21128
MGG_16769T0	275	276	10	2.77612
MGG_01961T0	1532	1533	4	0.199924
MGG_09243T0	1434	1435	246	13.135
MGG_03096T0	1238	1239	18	1.11314
MGG_13944T0	738	739	969	100.468
MGG_05467T0	2344	2345	24685	806.562
MGG_06328T0	3880	3881	1922	37.9452
MGG_03437T0	1924	1925	17	0.676652
MGG_13005T0	2375	2376	1308.74	42.2041
MGG_01579T0	1487	1488	8368	430.89
MGG_07007T0	1595	1596	2444.63	117.362
MGG_03065T0	983	984	3123	243.178
MGG_06928T0	2953	2954	2863.85	74.2825
MGG_15883T0	201	202	0	0
MGG_12463T0	4768	4769	852	13.6886
MGG_16431T0	429	430	6	1.06913
MGG_09960T0	3938	3939	143	2.78162
MGG_10662T0	3317	3318	1137	26.2562
MGG_13176T0	5891	5892	2253.94	29.3108
MGG_17418T0	276	277	0	0
MGG_14523T0	708	709	2	0.216138
MGG_14884T0	1557	1558	28	1.37701
MGG_01004T0	2312	2313	1100	36.4388
MGG_09154T0	1182	1183	9	0.582915
MGG_17020T0	1068	1069	0	0
MGG_07968T0	1801	1802	423	17.9859
MGG_15351T0	1117	1118	91	6.23659
MGG_03985T0	3885	3886	3753	73.9985
MGG_08683T0	2109	2110	134	4.86597
MGG_10331T0	618	619	5	0.618909
MGG_00249T0	4311	4312	1452	25.8009
MGG_00309T0	2012	2013	1216	46.2847
MGG_10493T0	2976	2977	4462	114.841
MGG_02792T0	2091	2092	295	10.8046
MGG_06971T0	3756	3757	15261	311.236
MGG_06760T0	3539	3540	3227	69.8462
MGG_08195T0	1938	1939	1100	43.4673
MGG_04412T0	1573	1574	2359	114.834
MGG_13032T0	1622	1623	232	10.9526
MGG_01473T0	1957	1958	7282	284.961
MGG_07178T0	3379	3380	2725	61.7728
MGG_05811T0	3644	3645	5367	112.819
MGG_09870T0	1284	1285	10	0.596272
MGG_05051T0	1303	1304	3	0.176275
MGG_04689T0	1870	1871	44145	1807.82
MGG_00971T0	1575	1576	1275.68	62.0203
MGG_01863T0	1986	1987	62	2.39079
MGG_09517T0	3059	3060	5193	130.03
MGG_17355T0	372	373	2	0.410836
MGG_15135T0	843	844	0	0
MGG_15865T0	2194	2195	2626	91.6658
MGG_10897T0	1974	1975	0	0
MGG_03070T0	1981	1982	15048	581.731
MGG_14978T0	774	775	0	0
MGG_08990T0	882	883	0	0
MGG_05519T0	1664	1665	59	2.7151
MGG_13385T0	3328	3329	6232.98	143.459
MGG_00475T0	3843	3844	996	19.8529
MGG_09928T0	3607	3608	7353	156.151
MGG_00956T0	1536	1537	633.722	31.5916
MGG_12442T0	1691	1692	23	1.04154
MGG_14841T0	342	343	2	0.446769
MGG_16376T0	165	166	0	0
MGG_08356T0	1455	1456	0	0
MGG_06514T0	2708	2709	9106.68	257.572
MGG_17811T0	744	745	49	5.0395
MGG_01078T0	1442	1443	1356	72.0014
MGG_06420T0	3223	3224	4449.7	105.751
MGG_09952T0	822	823	10762	1001.94
MGG_17542T0	3201	3202	58	1.38789
MGG_08315T0	2249	2250	12	0.408645
MGG_05193T0	3794	3795	26555.7	536.158
MGG_05515T0	1295	1296	3	0.177363
MGG_03929T0	2143	2144	1052	37.5957
MGG_04272T0	652	653	0	0
MGG_02420T0	1524	1525	3	0.15073
MGG_04563T0	1241	1242	706	43.5542
MGG_05321T0	1241	1242	2470	152.378
MGG_04429T0	4163	4164	475	8.74038
MGG_00179T0	4171	4172	29844	548.1
MGG_01083T0	2371	2372	1204	38.8919
MGG_14745T0	1174	1175	0	0
MGG_16217T0	295	296	0	0
MGG_07753T0	994	995	10431	803.249
MGG_15812T0	174	175	0	0
MGG_14989T0	1144	1145	2	0.133836
MGG_14878T0	930	931	278	22.8793
MGG_01407T0	1944	1945	1048	41.2847
MGG_02059T0	10815	10816	0	0
MGG_14113T0	685	686	5	0.558462
MGG_03020T0	1413	1414	9	0.487686
MGG_01748T0	3898	3899	2114.67	41.5562
MGG_16761T0	844	845	289	26.2053
MGG_03148T0	3141	3142	5562	135.635
MGG_11284T0	198	199	2	0.77006
MGG_06101T0	3677	3678	2622	54.6221
MGG_12552T0	276	277	21	5.80881
MGG_05135T0	3028	3029	1547	39.1326
MGG_00278T0	285	286	0	0
MGG_02918T0	428	429	0	0
MGG_11240T0	2431	2432	1310	41.272
MGG_16770T0	3124	3125	97.2297	2.38394
MGG_10791T0	1155	1156	590	39.1058
MGG_16473T0	858	859	0	0
MGG_02012T0	720	721	0	0
MGG_09138T0	1149	1150	622	41.4419
MGG_02460T0	1817	1818	1867	78.6861
MGG_10710T0	2198	2199	1878	65.4361
MGG_02630T0	3730	3731	3033	62.2866
MGG_16169T0	168	169	0	0
MGG_07291T0	6347	6348	4255	51.3582
MGG_10471T0	1148	1149	3	0.200055
MGG_14746T0	4982	4983	11340	174.369
MGG_14959T0	831	832	3	0.276277
MGG_05326T0	2115	2116	8293	300.292
MGG_04163T0	5326	5327	1760.64	25.3242
MGG_06242T0	2305	2306	1680	55.821
MGG_03578T0	886	887	27576	2382.07
MGG_16463T0	1016	1017	120	9.04082
MGG_18037T0	666	667	0	0
MGG_05013T0	1110	1111	2224	153.38
MGG_04106T0	1632	1633	1516	71.1312
MGG_01081T0	1508	1509	2214.58	112.448
MGG_09273T0	3951	3952	98	1.90001
MGG_02933T0	2113	2114	1130	40.9563
MGG_05410T0	417	418	0	0
MGG_09433T0	1938	1939	196	7.74508
MGG_01831T0	1759	1760	76	3.30863
MGG_17543T0	363	364	17	3.57845
MGG_02666T0	764	765	1	0.100158
MGG_11894T0	696	697	0	0
MGG_18029T0	330	331	0	0
MGG_01972T0	1414	1415	918.492	49.7355
MGG_15626T0	204	205	2	0.747521
MGG_12655T0	276	277	0	0
MGG_04030T0	2815	2816	358	9.74087
MGG_18079T0	518	519	0	0
MGG_15546T0	234	235	0	0
MGG_11545T0	1710	1711	216	9.67278
MGG_02562T0	1412	1413	0	0
MGG_12973T0	2273	2274	9165	308.809
MGG_08424T0	696	697	5.12899	0.563828
MGG_10222T0	255	256	0	0
MGG_12020T0	1602	1603	0	0
MGG_07263T0	1794	1795	121	5.16498
MGG_07668T0	834	835	0	0
MGG_15319T0	255	256	0	0
MGG_11229T0	2190	2191	4276	149.535
MGG_14157T0	1918	1919	1	0.0399275
MGG_17279T0	255	256	23	6.88391
MGG_01293T0	932	933	149	12.2364
MGG_15972T0	342	343	0	0
MGG_03897T0	2818	2819	526	14.2968
MGG_13977T0	2892	2893	28	0.741578
MGG_05404T0	1299	1300	0	0
MGG_10914T0	309	310	0	0
MGG_12923T0	4096	4097	8333	155.841
MGG_02376T0	3982	3983	7421	142.758
MGG_16266T0	1127	1128	27	1.83401
MGG_15656T0	649	650	293	34.5384
MGG_03369T0	1108	1109	234.107	16.1745
MGG_17692T0	761	762	3	0.301657
MGG_11308T0	1706	1707	376	16.8773
MGG_04778T0	1467	1468	73	3.81017
MGG_15845T0	322	323	42	9.96309
MGG_02448T0	1239	1240	1006	62.1618
MGG_10615T0	993	994	0	0
MGG_05126T0	1376	1377	17	0.945937
MGG_07837T0	1833	1834	0	0
MGG_04524T0	2787	2788	35.9765	0.988721
MGG_03821T0	1656	1657	1.00024	0.0462519
MGG_03499T0	729	730	458	48.0718
MGG_06414T0	2034	2035	1167	43.9394
MGG_05071T0	2881	2882	720.766	19.1623
MGG_01638T0	4081	4082	1903	35.7201
MGG_17877T0	5118	5119	3113	46.5952
MGG_08436T0	3271	3272	0	0
MGG_00366T0	1398	1399	504	27.6032
MGG_15075T0	1243	1244	742	45.7015
MGG_04023T0	1091	1092	1093	76.6911
MGG_06049T0	1268	1269	1916	115.686
MGG_16420T0	393	394	46	8.94559
MGG_16004T0	420	421	0	0
MGG_00890T0	3104	3105	1261	31.1172
MGG_01277T0	1462	1463	763	39.9602
MGG_15928T0	1362	1363	0	0
MGG_05907T0	498	499	18	2.76388
MGG_16229T0	162	163	2	0.940134
MGG_07494T0	2631	2632	1838	53.5066
MGG_01707T0	1235	1236	421.595	26.1351
MGG_08095T0	2413	2414	862.844	27.3869
MGG_01049T0	1889	1890	3300.93	133.82
MGG_10542T0	429	430	0	0
MGG_17135T0	1358	1359	484	27.2881
MGG_02073T0	483	484	0	0
MGG_06726T0	2103	2104	12066	439.405
MGG_09795T0	636	637	944	113.548
MGG_17850T0	270	271	39	11.0266
MGG_15907T0	552	553	0	0
MGG_06205T0	3879	3880	297	5.86506
MGG_09250T0	1932	1933	381	15.1022
MGG_16803T0	177	178	0	0
MGG_15790T0	1491	1492	14.5346	0.746418
MGG_17351T0	165	166	1	0.461572
MGG_06359T0	953	954	2476	198.861
MGG_08896T0	1569	1570	4264	208.097
MGG_10777T0	318	319	0	0
MGG_05623T0	1704	1705	629.318	28.2809
MGG_07587T0	996	997	0	0
MGG_15144T0	606	607	6	0.757373
MGG_12222T0	1652	1653	110	5.09879
MGG_13772T0	2157	2158	169	6.00043
MGG_02483T0	1997	1998	654.374	25.0945
MGG_12919T0	1460	1461	588	30.8372
MGG_17098T0	4070	4071	521	9.80582
MGG_05146T0	1296	1297	832	49.1508
MGG_07166T0	1099	1100	69	4.80622
MGG_15757T0	1267	1268	7.2234	0.436485
MGG_14290T0	264	265	9	2.60222
MGG_03255T0	4166	4167	3417	62.8303
MGG_16536T0	210	211	0	0
MGG_09079T0	1124	1125	1217	82.8868
MGG_07614T0	2806	2807	6651	181.548
MGG_06143T0	5045	5046	4930	74.8595
MGG_00832T0	3522	3523	207	4.502
MGG_03135T0	844	845	10267	930.967
MGG_12037T0	2770	2771	115	3.17987
MGG_03663T0	1004	1005	6169	470.323
MGG_18100T0	369	370	0	0
MGG_11450T0	1332	1333	825	47.4211
MGG_04546T0	312	313	0	0
MGG_11676T0	2166	2167	493	17.4315
MGG_07831T0	1029	1030	130	9.6706
MGG_06047T0	2257	2258	1387	47.0652
MGG_05933T0	4015	4016	1120	21.3684
MGG_04059T0	2009	2010	562.318	21.4355
MGG_17872T0	1701	1702	14	0.630254
MGG_17591T0	174	175	0	0
MGG_16632T0	822	823	0	0
MGG_16036T0	334	335	1	0.228719
MGG_06764T0	2350	2351	1674.42	54.5707
MGG_14134T0	2011	2012	56	2.13259
MGG_04841T0	1539	1540	144	7.16455
MGG_07925T0	2446	2447	1679	52.5732
MGG_02732T0	2525	2526	1060.46	32.1668
MGG_08328T0	1654	1655	125	5.78708
MGG_15430T0	1296	1297	0	0
MGG_05663T0	2452	2453	5162	161.238
MGG_17425T0	362	363	0	0
MGG_06344T0	1416	1417	4	0.216291
MGG_01992T0	453	454	1	0.168769
MGG_05855T0	2366	2367	13	0.420816
MGG_16847T0	1726	1727	23.0592	1.02306
MGG_04749T0	1221	1222	1857	116.436
MGG_05489T0	2373	2374	0	0
MGG_17068T0	303	304	3	0.756128
MGG_13527T0	2954	2955	664	17.217
MGG_01548T0	3642	3643	3531.35	74.2727
MGG_06369T0	2155	2156	1262	44.8495
MGG_10316T0	1689	1690	1	0.0453378
MGG_03727T0	1048	1049	11143.7	813.954
MGG_06180T0	1873	1874	1468	60.0211
MGG_01396T0	3334	3335	57	1.30956
MGG_05905T0	2762	2763	4057	112.505
MGG_07355T0	1032	1033	9	0.667559
MGG_16615T0	673	674	121.96	13.8645
MGG_04421T0	6669	6670	1760	20.2178
MGG_16109T0	267	268	6	1.71539
MGG_07161T0	2532	2533	3188	96.4341
MGG_16607T0	852	853	0	0
MGG_05712T0	2580	2581	1554	46.1329
MGG_04437T0	2988	2989	619	15.8676
MGG_03631T0	2109	2110	1103	40.0535
MGG_03282T0	1806	1807	300.278	12.7325
MGG_09542T0	924	925	501	41.4995
MGG_09958T0	753	754	0	0
MGG_07492T0	879	880	90	7.83623
MGG_05090T0	2766	2767	97	2.68602
MGG_01390T0	2045	2046	6504	243.569
MGG_06331T0	2292	2293	2844	95.0327
MGG_13226T0	1283	1284	674	40.22
MGG_13716T0	237	238	9	2.89743
MGG_05538T0	489	490	0	0
MGG_14217T0	1671	1672	1	0.0458259
MGG_15314T0	332	333	0	0
MGG_01648T0	1983	1984	953.329	36.817
MGG_08861T0	1339	1340	945	54.0349
MGG_06611T0	726	727	6	0.63236
MGG_01814T0	2294	2295	1187	39.6292
MGG_05187T0	336	337	452	102.768
MGG_09089T0	909	910	12	1.01039
MGG_11378T0	690	691	139	15.4129
MGG_14610T0	1260	1261	0	0
MGG_16121T0	349	350	3	0.656751
MGG_14670T0	497	498	33	5.07729
MGG_09247T0	3077	3078	119	2.96228
MGG_09930T0	4102	4103	1030	19.2346
MGG_10681T0	3125	3126	880	21.5695
MGG_15910T0	411	412	0	0
MGG_05080T0	1437	1438	444	23.6576
MGG_01805T0	3029	3030	2257.79	57.0936
MGG_03993T0	6906	6907	2357	26.1467
MGG_09750T0	1525	1526	1432	71.9012
MGG_10581T0	2061	2062	0	0
MGG_13009T0	678	679	5961	672.662
MGG_01874T0	1861	1862	93	3.82693
MGG_05293T0	2030	2031	9	0.339531
MGG_15555T0	258	259	2	0.591667
MGG_15182T0	1590	1591	0	0
MGG_09082T0	5179	5180	4174	61.7405
MGG_04885T0	2237	2238	3167	108.426
MGG_07633T0	837	838	462.938	42.3278
MGG_07758T0	201	202	0	0
MGG_07762T0	474	475	3873	624.743
MGG_02206T0	816	817	1	0.0937833
MGG_00993T0	2154	2155	81	2.87995
MGG_06259T0	3077	3078	763	18.9934
MGG_03392T0	1527	1528	389	19.5062
MGG_15919T0	873	874	0	0
MGG_18051T0	258	259	0	0
MGG_15658T0	210	211	40	14.5253
MGG_00277T0	1353	1354	1718	97.2192
MGG_15997T0	1429	1430	0	0
MGG_11697T0	1771	1772	0	0
MGG_08107T0	1463	1464	690	36.1123
MGG_17733T0	1455	1456	809.643	42.6069
MGG_12722T0	2184	2185	3	0.1052
MGG_02164T0	579	580	0	0
MGG_01484T0	1251	1252	1686	103.181
MGG_07779T0	2171	2172	892	31.4668
MGG_17015T0	207	208	0	0
MGG_02606T0	1292	1293	7937	470.333
MGG_17295T0	165	166	0	0
MGG_15639T0	276	277	9	2.48949
MGG_15776T0	401	402	0	0
MGG_10337T0	1431	1432	1	0.0535062
MGG_10812T0	1845	1846	0	0
MGG_16735T0	453	454	3	0.506306
MGG_10253T0	816	817	118	11.0664
MGG_03009T0	1158	1159	185	12.2303
MGG_06935T0	1624	1625	1787	84.2594
MGG_07474T0	1086	1087	336	23.6841
MGG_08643T0	5382	5383	1123	15.9846
MGG_04587T0	3957	3958	1169	22.6301
MGG_02442T0	4306	4307	2498.62	44.4501
MGG_05428T0	1818	1819	593	24.9787
MGG_17744T0	468	469	74	12.0894
MGG_01595T0	2309	2310	5473.55	181.554
MGG_17551T0	486	487	0	0
MGG_16248T0	1164	1165	12647	831.779
MGG_04881T0	1767	1768	995.443	43.1401
MGG_03581T0	2630	2631	832.66	24.249
MGG_17930T0	848	849	40	3.60994
MGG_15033T0	588	589	0	0
MGG_10360T0	1200	1201	53	3.38127
MGG_01849T0	4355	4356	4544	79.9278
MGG_14599T0	378	379	0	0
MGG_03212T0	1243	1244	69	4.24987
MGG_07525T0	2352	2353	3830	124.717
MGG_01556T0	902	903	1778.66	150.922
MGG_15732T0	2551	2552	1738	52.1815
MGG_16482T0	695	696	16.0668	1.76875
MGG_17672T0	318	319	0	0
MGG_06988T0	810	811	18	1.70059
MGG_14752T0	3655	3656	2073	43.4451
MGG_14011T0	3491	3492	1203	26.396
MGG_06289T0	1191	1192	3489	224.27
MGG_15801T0	381	382	0	0
MGG_05239T0	4335	4336	920.868	16.2725
MGG_03645T0	2266	2267	1086	36.705
MGG_07206T0	2048	2049	14.0127	0.523994
MGG_03242T0	5025	5026	1524	23.2332
MGG_02566T0	1854	1855	845	34.9028
MGG_06584T0	1128	1129	1066	72.3454
MGG_06640T0	3999	4000	3109.42	59.5616
MGG_09961T0	3551	3552	1835	39.5832
MGG_16648T0	1428	1429	34	1.82303
MGG_13619T0	1453	1454	34	1.79169
MGG_10504T0	3120	3121	6341	155.672
MGG_06014T0	1623	1624	439	20.7122
MGG_17213T0	561	562	0	0
MGG_16638T0	417	418	26	4.76589
MGG_06600T0	2178	2179	2925.44	102.868
MGG_06405T0	1555	1556	1801	88.6853
MGG_03901T0	2212	2213	56	1.93889
MGG_06092T0	1959	1960	622	24.3154
MGG_04394T0	1152	1153	22	1.46198
MGG_00259T0	444	445	965	166.155
MGG_17516T0	402	403	9	1.71114
MGG_11030T0	633	634	21	2.53792
MGG_07097T0	2287	2288	2668.87	89.3757
MGG_07964T0	969	970	1046	82.6242
MGG_02823T0	8768	8769	4077.54	35.6283
MGG_16491T0	537	538	0	0
MGG_03285T0	2631	2632	1717.92	50.011
MGG_16091T0	276	277	0	0
MGG_08116T0	708	709	303.588	32.8085
MGG_01872T0	1388	1389	2111	116.448
MGG_10751T0	2316	2317	20	0.66138
MGG_17054T0	3685	3686	3127	65.001
MGG_17715T0	339	340	14	3.15498
MGG_07891T0	1750	1751	4	0.175034
MGG_09721T0	2469	2470	34	1.0547
MGG_17053T0	1346	1347	19	1.08077
MGG_06628T0	3132	3133	1345	32.8934
MGG_10694T0	2822	2823	282	7.65395
MGG_11893T0	1596	1597	1	0.047978
MGG_01335T0	1119	1120	436	29.8274
MGG_06403T0	2482	2483	3761	116.058
MGG_04031T0	3018	3019	451	11.4462
MGG_06169T0	1675	1676	720.77	32.9511
MGG_02222T0	813	814	1	0.0941289
MGG_05554T0	1401	1402	0	0
MGG_05739T0	3444	3445	425.793	9.47014
MGG_10498T0	1428	1429	5	0.268093
MGG_16417T0	2087	2088	2237.17	82.0948
MGG_01069T0	1055	1056	1647.47	119.537
MGG_00538T0	2161	2162	3736	132.403
MGG_00331T0	1360	1361	3163	178.069
MGG_02601T0	1772	1773	38	1.64219
MGG_01567T0	726	727	303	31.9342
MGG_01334T0	405	406	2	0.377443
MGG_00352T0	2173	2174	3162	111.442
MGG_07192T0	3288	3289	3548	82.6546
MGG_17077T0	342	343	0	0
MGG_16796T0	345	346	8	1.77158
MGG_03670T0	2163	2164	43346	1534.76
MGG_06886T0	2796	2797	72	1.97237
MGG_12138T0	2047	2048	750.682	28.0849
MGG_03324T0	1122	1123	761	51.9221
MGG_00304T0	2430	2431	6	0.18911
MGG_06301T0	2917	2918	3953	103.798
MGG_15436T0	1629	1630	0	0
MGG_13324T0	4790	4791	1108	17.7199
MGG_00145T0	3297	3298	1140.96	26.5073
MGG_10105T0	999	1000	0	0
MGG_03248T0	3659	3660	708	14.8218
MGG_02737T0	2316	2317	1646	54.4316
MGG_01349T0	1672	1673	1280	58.6221
MGG_17500T0	306	307	0	0
MGG_16404T0	525	526	0	0
MGG_05682T0	1820	1821	991.996	41.7395
MGG_17747T0	1814	1815	0	0
MGG_06209T0	1237	1238	2990.32	185.073
MGG_09176T0	642	643	0	0
MGG_16842T0	609	610	33	4.14507
MGG_11919T0	2794	2795	1579	43.286
MGG_11681T0	573	574	0	0
MGG_02940T0	2313	2314	1451	48.0454
MGG_06487T0	1594	1595	437	20.9927
MGG_06647T0	1236	1237	8	0.495527
MGG_01426T0	2832	2833	1373	37.134
MGG_07661T0	4663	4664	569.04	9.34828
MGG_04159T0	2735	2736	414.716	11.614
MGG_12818T0	1090	1091	2032	142.707
MGG_01289T0	1961	1962	94	3.67093
MGG_15438T0	1449	1450	0	0
MGG_05331T0	2201	2202	657.659	22.884
MGG_17906T0	183	184	1	0.416418
MGG_15077T0	588	589	289	37.595
MGG_09545T0	2471	2472	2000	61.991
MGG_10526T0	5451	5452	1265	17.778
MGG_03720T0	1559	1560	857	42.0924
MGG_10468T0	1494	1495	32	1.64005
MGG_17799T0	336	337	0	0
MGG_14215T0	2640	2641	0	0
MGG_17011T0	267	268	13	3.71669
MGG_14691T0	1256	1257	18.0709	1.10152
MGG_03836T0	2032	2033	136	5.12565
MGG_09805T0	1509	1510	0	0
MGG_06316T0	1730	1731	4443	196.665
MGG_08746T0	3340	3341	1344	30.8227
MGG_15519T0	273	274	0	0
MGG_15834T0	1070	1071	4	0.286166
MGG_05779T0	198	199	0	0
MGG_09988T0	1683	1684	71	3.23045
MGG_01538T0	5037	5038	1889	28.729
MGG_17698T0	4789	4790	1277	20.4269
MGG_14768T0	4204	4205	314	5.72151
MGG_01171T0	3307	3308	835	19.3405
MGG_13132T0	471	472	2	0.324665
MGG_03245T0	1835	1836	459	19.1552
MGG_08862T0	1251	1252	233.311	14.2784
MGG_16447T0	340	341	0	0
MGG_02891T0	2021	2022	1657	62.7897
MGG_05120T0	1452	1453	19	1.00193
MGG_05637T0	2804	2805	4877	133.219
MGG_17256T0	411	412	0	0
MGG_08572T0	1545	1546	498	24.6813
MGG_02604T0	1583	1584	246.335	11.9157
MGG_03367T0	4188	4189	251	4.59104
MGG_16448T0	204	205	1	0.373761
MGG_14834T0	516	517	0	0
MGG_05009T0	3994	3995	954	18.297
MGG_04979T0	2057	2058	1276	47.5065
MGG_12791T0	3001	3002	6950	177.387
MGG_09177T0	1979	1980	3	0.116092
MGG_09440T0	1518	1519	8	0.403533
MGG_06999T0	1779	1780	681.406	29.3314
MGG_11156T0	519	520	340	50.0983
MGG_13875T0	1431	1432	86.622	4.63482
MGG_09491T0	1018	1019	8	0.601538
MGG_02379T0	726	727	85	8.95843
MGG_17347T0	879	880	25	2.17673
MGG_05256T0	2940	2941	1070	27.8764
MGG_17471T0	4295	4296	7509	133.926
MGG_00946T0	1960	1961	1818.38	71.0482
MGG_15951T0	1871	1872	1110	45.4323
MGG_06753T0	1045	1046	19	1.39178
MGG_03833T0	1210	1211	0	0
MGG_02842T0	2356	2357	5255.33	170.839
MGG_17149T0	703	704	0	0
MGG_01044T0	2471	2472	1430	44.3236
MGG_09100T0	645	646	0	0
MGG_06185T0	527	528	10704.7	1553.41
MGG_01781T0	4410	4411	8232	142.993
MGG_15018T0	3121	3122	3023	74.1912
MGG_08360T0	699	700	4	0.437834
MGG_09681T0	1008	1009	0	0
MGG_03530T0	3376	3377	7434	168.67
MGG_07558T0	878	879	0	0
MGG_17233T0	255	256	0	0
MGG_09488T0	1934	1935	7133	282.448
MGG_01594T0	2315	2316	908.446	30.0544
MGG_09478T0	561	562	281	38.3105
MGG_04726T0	3821	3822	612	12.269
MGG_03165T0	2390	2391	3740	119.85
MGG_16766T0	722	723	24	2.54343
MGG_05748T0	1232	1233	1244	77.3045
MGG_07836T0	456	457	0	0
MGG_07914T0	943	944	3460	280.835
MGG_09098T0	3153	3154	0	0
MGG_16098T0	396	397	0	0
MGG_04024T0	4253	4254	677	12.1938
MGG_04511T0	1503	1504	43	2.19062
MGG_07971T0	4396	4397	1752	30.5299
MGG_11487T0	1198	1199	0	0
MGG_00791T0	1077	1078	345	24.5215
MGG_12304T0	2598	2599	534.691	15.7632
MGG_17771T0	1359	1360	0	0
MGG_03729T0	2395	2396	221	7.06729
MGG_09438T0	372	373	0	0
MGG_11658T0	1377	1378	136	7.56201
MGG_02955T0	1179	1180	2163	140.45
MGG_02740T0	1699	1700	305	13.7467
MGG_04019T0	4625	4626	429.635	7.11609
MGG_09469T0	1585	1586	38	1.83581
MGG_16878T0	402	403	153	29.0893
MGG_00428T0	9097	9098	402.434	3.38919
MGG_02017T0	1125	1126	0	0
MGG_16781T0	258	259	0	0
MGG_00152T0	4431	4432	1023	17.6857
MGG_17958T0	1196	1197	862	55.1773
MGG_17557T0	1609	1610	357	16.9899
MGG_07017T0	507	508	75	11.3121
MGG_14853T0	1118	1119	303.926	20.8106
MGG_16647T0	385	386	0	0
MGG_08477T0	900	901	0	0
MGG_17992T0	324	325	0	0
MGG_11431T0	1077	1078	1188	84.4394
MGG_15615T0	420	421	0	0
MGG_07311T0	1404	1405	1241	67.6773
MGG_04398T0	1646	1647	23.95	1.11419
MGG_04517T0	3415	3416	1167	26.1758
MGG_15184T0	1602	1603	28	1.33836
MGG_08938T0	1565	1566	0	0
MGG_14248T0	444	445	0	0
MGG_04186T0	5122	5123	8973.74	134.214
MGG_03478T0	763	764	772	77.4232
MGG_01427T0	2501	2502	368.588	11.2876
MGG_14873T0	3093	3094	132	3.2689
MGG_02936T0	564	565	104	14.1037
MGG_02072T0	3396	3397	1778	40.1036
MGG_15867T0	3955	3956	1600	30.9893
MGG_14587T0	2972	2973	795	20.4889
MGG_06484T0	1701	1702	6989	314.632
MGG_16415T0	297	298	0	0
MGG_12478T0	2034	2035	0	0
MGG_02904T0	3606	3607	261.015	5.54455
MGG_00776T0	1803	1804	1923	81.6752
MGG_07221T0	1213	1214	159	10.0352
MGG_11916T0	1931	1932	90546	3590.95
MGG_04532T0	1485	1486	0	0
MGG_18062T0	411	412	0	0
MGG_02217T0	1407	1408	0	0
MGG_17527T0	225	226	0	0
MGG_16550T0	660	661	233.894	27.1122
MGG_15798T0	297	298	0	0
MGG_06791T0	1815	1816	4	0.168769
MGG_10202T0	1954	1955	498	19.5178
MGG_03365T0	504	505	0	0
MGG_06243T0	4067	4068	1521	28.6481
MGG_04828T0	2812	2813	858.37	23.3804
MGG_16865T0	258	259	6	1.775
MGG_00872T0	894	895	892.368	76.3956
MGG_00047T0	491	492	29	4.51627
MGG_11278T0	2546	2547	5369	161.515
MGG_07669T0	351	352	0	0
MGG_01702T0	3480	3481	3205.78	70.5629
MGG_08820T0	4280	4281	3448	61.712
MGG_05225T0	3197	3198	207	4.95952
MGG_07550T0	1488	1489	0	0
MGG_08804T0	2298	2299	788	26.2624
MGG_04980T0	788	789	515.732	50.0835
MGG_05396T0	468	469	0	0
MGG_16894T0	1830	1831	86.06	3.60131
MGG_17204T0	383	384	12	2.3944
MGG_10024T0	1294	1295	9	0.532501
MGG_16561T0	879	880	0	0
MGG_02332T0	810	811	0	0
MGG_01393T0	3317	3318	211	4.87252
MGG_09519T0	1824	1825	1265	53.1098
MGG_17377T0	388	389	11	2.16666
MGG_06695T0	2113	2114	586	21.2393
MGG_16215T0	192	193	3	1.191
MGG_03241T0	2776	2777	1238	34.158
MGG_09224T0	2013	2014	76	2.89136
MGG_16664T0	369	370	0	0
MGG_06175T0	3107	3108	11803.9	291
MGG_03548T0	5789	5790	547	7.23863
MGG_01529T0	402	403	963	183.092
MGG_14949T0	645	646	154	18.2657
MGG_06609T0	1581	1582	11039	534.651
MGG_16147T0	1140	1141	586	39.3513
MGG_13203T0	2795	2796	396.049	10.8532
MGG_09350T0	2102	2103	4054	147.704
MGG_17504T0	1296	1297	1635	96.5884
MGG_17470T0	740	741	34	3.51567
MGG_02269T0	1625	1626	11	0.518346
MGG_18072T0	285	286	0	0
MGG_10723T0	207	208	309	113.826
MGG_08753T0	1249	1250	29	1.77761
MGG_12336T0	5524	5525	3158	43.7953
MGG_11410T0	2739	2740	1495	41.8059
MGG_03880T0	1741	1742	6536.92	287.523
MGG_12764T0	893	894	711	60.9368
MGG_07214T0	1380	1381	148	8.21137
MGG_06519T0	2776	2777	1322	36.4756
MGG_15623T0	252	253	0	0
MGG_01397T0	1563	1564	378	18.5184
MGG_05010T0	1745	1746	13	0.570488
MGG_04304T0	1151	1152	45	2.993
MGG_05963T0	1488	1489	782.415	40.2615
MGG_17522T0	234	235	94	30.6484
MGG_04150T0	3204	3205	4979	119.031
MGG_07296T0	2970	2971	749.342	19.3252
MGG_15823T0	426	427	0	0
MGG_05655T0	1074	1075	0	0
MGG_13766T0	963	964	1	0.0794823
MGG_01374T0	835	836	44	4.03268
MGG_03926T0	3049	3050	7220	181.378
MGG_00411T0	3000	3001	83	2.11914
MGG_06096T0	2683	2684	2420	69.0844
MGG_08614T0	1825	1826	153	6.42004
MGG_08279T0	2585	2586	1034	30.6365
MGG_02532T0	1275	1276	35	2.10167
MGG_14758T0	570	571	419	56.2245
MGG_12081T0	285	286	4	1.07162
MGG_13326T0	2781	2782	1007	27.7345
MGG_03161T0	3281	3282	591.459	13.8081
MGG_00311T0	1290	1291	0	0
MGG_07523T0	4947	4948	2819	43.6529
MGG_06241T0	1452	1453	4007	211.301
MGG_08582T0	3749	3750	5866	119.856
MGG_01751T0	4219	4220	3558	64.6012
MGG_12527T0	1878	1879	4809	196.099
MGG_04456T0	3775	3776	416	8.44129
MGG_10735T0	2301	2302	340	11.3167
MGG_05675T0	3977	3978	6341	122.135
MGG_06001T0	2336	2337	5437	178.258
MGG_07386T0	2957	2958	1962	50.8216
MGG_14677T0	1785	1786	1074	46.0755
MGG_10185T0	921	922	6938	576.568
MGG_17884T0	1065	1066	45	3.23447
MGG_11206T0	560	561	709	96.8346
MGG_07215T0	3273	3274	60	1.40417
MGG_15858T0	168	169	1	0.453378
MGG_04613T0	1239	1240	504.326	31.1628
MGG_11279T0	2543	2544	1831	55.1466
MGG_15310T0	927	928	0	0
MGG_17526T0	174	175	0	0
MGG_00811T0	2127	2128	785.059	28.2669
MGG_07642T0	1299	1300	0	0
MGG_04050T0	1754	1755	748	32.6567
MGG_03637T0	5516	5517	1792	24.8876
MGG_10505T0	955	956	0	0
MGG_00096T0	1773	1774	268.782	11.609
MGG_09512T0	1555	1556	10863.6	534.948
MGG_03184T0	1860	1861	764	31.4553
MGG_07791T0	666	667	23998	2756.74
MGG_08199T0	4526	4527	9813	166.088
MGG_13797T0	327	328	115	26.864
MGG_09147T0	1047	1048	0	0
MGG_09533T0	1746	1747	1246.98	54.6909
MGG_03349T0	1849	1850	73	3.02342
MGG_07910T0	2085	2086	512	18.8063
MGG_00793T0	345	346	0	0
MGG_02374T0	2223	2224	150	5.16778
MGG_06120T0	8711	8712	735.893	6.47208
MGG_00860T0	815	816	1913	179.627
MGG_11193T0	1690	1691	2215	100.364
MGG_16070T0	1035	1036	5	0.369792
MGG_13927T0	1650	1651	0	0
MGG_16717T0	398	399	0	0
MGG_09329T0	996	997	356	27.3591
MGG_08069T0	1390	1391	587.206	32.3453
MGG_17807T0	552	553	4	0.55422
MGG_05031T0	2545	2546	175	5.26656
MGG_09103T0	2031	2032	10	0.377071
MGG_13604T0	454	455	0	0
MGG_05297T0	753	754	379	38.5137
MGG_07938T0	975	976	0	0
MGG_04045T0	3081	3082	908	22.5736
MGG_00535T0	3644	3645	78	1.63962
MGG_04821T0	2412	2413	4564	144.922
MGG_06621T0	705	706	1	0.108528
MGG_16364T0	537	538	488	69.5
MGG_13186T0	2602	2603	1228	36.1469
MGG_02556T0	420	421	0	0
MGG_04496T0	985	986	212	16.4743
MGG_03110T0	1600	1601	502	24.0248
MGG_04308T0	162	163	0	0
MGG_15208T0	249	250	0	0
MGG_01014T0	3982	3983	3466	66.6754
MGG_15288T0	2424	2425	4189	132.357
MGG_07444T0	2465	2466	114	3.54209
MGG_00053T0	2438	2439	1544	48.5046
MGG_06373T0	1947	1948	527	20.7286
MGG_00809T0	3847	3848	218.782	4.35636
MGG_00241T0	6459	6460	0	0
MGG_03385T0	1107	1108	0	0
MGG_04759T0	2847	2848	2205	59.322
MGG_02658T0	2289	2290	1088	36.4033
MGG_01169T0	2137	2138	360	12.9016
MGG_14329T0	4196	4197	250	4.56403
MGG_17076T0	399	400	15	2.87328
MGG_02113T0	600	601	2423	308.906
MGG_16124T0	742	743	3	0.309371
MGG_12421T0	2496	2497	461	14.1459
MGG_08757T0	3609	3610	5305	112.597
MGG_00611T0	1439	1440	469	24.955
MGG_05687T0	4771	4772	2317.38	37.2086
MGG_03608T0	1803	1804	528.587	22.4506
MGG_12026T0	315	316	12	2.90966
MGG_16133T0	1769	1770	42	1.81812
MGG_03671T0	1048	1049	3	0.219126
MGG_08653T0	2004	2005	108	4.12721
MGG_01621T0	1054	1055	772	56.0676
MGG_17707T0	5061	5062	3039.69	46.0103
MGG_00725T0	2252	2253	14143.8	481.008
MGG_16866T0	1320	1321	9749	565.464
MGG_08405T0	1397	1398	0	0
MGG_06761T0	2877	2878	705	18.7692
MGG_09636T0	1407	1408	0	0
MGG_09127T0	555	556	308	42.4447
MGG_03716T0	3823	3824	8103.17	162.362
MGG_17635T0	546	547	0	0
MGG_15597T0	204	205	1	0.373761
MGG_00226T0	2682	2683	117.011	3.34159
MGG_02202T0	639	640	0	0
MGG_05622T0	2292	2293	7129.68	238.239
MGG_00891T0	2518	2519	750	22.8129
MGG_15821T0	168	169	11	4.98716
MGG_01121T0	1184	1185	1402	90.6519
MGG_06570T0	3231	3232	1082	25.6509
MGG_02257T0	954	955	76	6.09758
MGG_16976T0	315	316	0	0
MGG_08345T0	4176	4177	7501	137.595
MGG_12584T0	1359	1360	196	11.0424
MGG_06945T0	3682	3683	488	10.1523
MGG_15046T0	504	505	0	0
MGG_13670T0	366	367	9	1.87899
MGG_15793T0	459	460	0	0
MGG_00645T0	2411	2412	1883.2	59.8227
MGG_02712T0	2083	2084	601	22.0965
MGG_04041T0	841	842	137	12.4668
MGG_15881T0	174	175	20	8.75668
MGG_00291T0	5598	5599	257	3.51698
MGG_03521T0	2784	2785	30837	848.388
MGG_01691T0	3550	3551	1784	38.4939
MGG_15229T0	1623	1624	662.971	31.2792
MGG_08179T0	2156	2157	0	0
MGG_15839T0	293	294	2	0.521231
MGG_17892T0	708	709	8	0.864552
MGG_10514T0	1963	1964	196	7.64649
MGG_10680T0	1156	1157	13903	920.707
MGG_06125T0	1469	1470	3505	182.691
MGG_14053T0	282	283	0	0
MGG_17066T0	763	764	8	0.802313
MGG_04672T0	1932	1933	4931	195.457
MGG_01245T0	2049	2050	5337	199.476
MGG_02970T0	2250	2251	2372	80.7396
MGG_09945T0	2292	2293	53	1.771
MGG_04986T0	1392	1393	6233	342.841
MGG_03435T0	3232	3233	3210.09	76.0779
MGG_00970T0	1414	1415	1404	76.0253
MGG_17518T0	314	315	8	1.94593
MGG_02875T0	6195	6196	2321	28.7019
MGG_17382T0	309	310	0	0
MGG_07615T0	729	730	16	1.67936
MGG_01964T0	474	475	0	0
MGG_06729T0	2656	2657	1255.79	36.2138
MGG_03830T0	1506	1507	0	0
MGG_03535T0	3030	3031	2066.74	52.2453
MGG_02884T0	1784	1785	18	0.772648
MGG_02715T0	1401	1402	712	38.9116
MGG_02649T0	3140	3141	0	0
MGG_15758T0	198	199	13	5.00539
MGG_15572T0	183	184	2	0.832836
MGG_10011T0	6924	6925	0	0
MGG_15564T0	782	783	3	0.293567
MGG_16259T0	2097	2098	2871	104.852
MGG_02101T0	1229	1230	92	5.731
MGG_00160T0	2406	2407	7	0.222828
MGG_05161T0	2153	2154	109	3.87729
MGG_00340T0	828	829	87	8.04104
MGG_14861T0	747	748	78	7.98988
MGG_02733T0	1728	1729	1510.54	66.9399
MGG_15270T0	441	442	0	0
MGG_03701T0	2455	2456	4712	147.002
MGG_02829T0	2870	2871	54490	1454.22
MGG_08074T0	2212	2213	4079	141.228
MGG_16012T0	686	687	33	3.68048
MGG_03829T0	1100	1101	125	8.69901
MGG_06543T0	987	988	144	11.1674
MGG_09190T0	4506	4507	4011	68.1887
MGG_15429T0	2799	2800	788	21.5633
MGG_14725T0	402	403	0	0
MGG_01590T0	2607	2608	2321.16	68.1938
MGG_09526T0	1337	1338	368	21.0736
MGG_14194T0	516	517	0	0
MGG_12897T0	882	883	191	16.5737
MGG_08093T0	4190	4191	5857	107.079
MGG_09716T0	1945	1946	13	0.511856
MGG_10328T0	1533	1534	314	15.6838
MGG_17409T0	162	163	0	0
MGG_06071T0	993	994	1461	112.619
MGG_07223T0	1017	1018	1218	91.6741
MGG_12091T0	1161	1162	98	6.46201
MGG_15886T0	1488	1489	117	6.02058
MGG_04654T0	1332	1333	6567	377.472
MGG_06835T0	669	670	0	0
MGG_14775T0	4024	4025	5603	106.66
MGG_00977T0	1384	1385	2633	145.663
MGG_01700T0	1875	1876	53	2.16466
MGG_06040T0	1647	1648	185.449	8.62213
MGG_02851T0	1863	1864	2738	112.547
MGG_02081T0	1904	1905	0	0
MGG_17785T0	424	425	0	0
MGG_16268T0	288	289	2	0.530249
MGG_02722T0	1804	1805	1617	68.6405
MGG_17879T0	303	304	853	214.992
MGG_07457T0	3239	3240	193.879	4.58494
MGG_17628T0	588	589	0	0
MGG_15014T0	504	505	7	1.06207
MGG_04545T0	1929	1930	9523	378.063
MGG_02121T0	1056	1057	1	0.072489
MGG_05845T0	1869	1870	3	0.122921
MGG_10547T0	2776	2777	103	2.8419
MGG_11724T0	2225	2226	224	7.71028
MGG_11495T0	2147	2148	2	0.0713416
MGG_03030T0	1859	1860	59	2.43045
MGG_11300T0	362	363	0	0
MGG_05505T0	1847	1848	34	1.40969
MGG_17244T0	225	226	0	0
MGG_16058T0	339	340	0	0
MGG_01816T0	5557	5558	5365	73.9603
MGG_08761T0	2697	2698	5	0.141996
MGG_04743T0	2442	2443	1036	32.4925
MGG_11025T0	4185	4186	0	0
MGG_05631T0	2550	2551	4860	145.973
MGG_08915T0	2337	2338	78	2.55622
MGG_13647T0	1761	1762	666	28.9611
MGG_12926T0	2636	2637	4664	135.518
MGG_04230T0	1575	1576	313	15.2172
MGG_07516T0	2352	2353	2094.26	68.1956
MGG_11270T0	2362	2363	3358	108.884
MGG_10732T0	342	343	0	0
MGG_05597T0	1205	1206	317	20.14
MGG_10006T0	885	886	1	0.0864796
MGG_16192T0	936	937	9.01049	0.736811
MGG_15956T0	207	208	0	0
MGG_01720T0	2727	2728	4166	117.01
MGG_06059T0	2194	2195	1985.34	69.3024
MGG_01143T0	1848	1849	227	9.40668
MGG_05364T0	1125	1126	345	23.4762
MGG_17199T0	249	250	5	1.53242
MGG_05255T0	1888	1889	331.36	13.4405
MGG_17461T0	153	154	3	1.49262
MGG_15578T0	297	298	2	0.514234
MGG_17697T0	6245	6246	3383	41.4999
MGG_16174T0	177	178	0	0
MGG_12479T0	1605	1606	2	0.0954183
MGG_04136T0	880	881	3011.35	261.898
MGG_05262T0	9702	9703	2527	19.9548
MGG_17995T0	342	343	11	2.45723
MGG_03412T0	1636	1637	429	20.0796
MGG_08836T0	678	679	352	39.721
MGG_04961T0	3040	3041	82	2.06607
MGG_04179T0	2957	2958	2594	67.1922
MGG_01431T0	1379	1380	18.1605	1.00831
MGG_15495T0	950	951	18.0571	1.45484
MGG_15011T0	2178	2179	20691	727.565
MGG_07768T0	5611	5612	10001	136.544
MGG_16920T0	1205	1206	1765	112.136
MGG_14930T0	1428	1429	49	2.62731
MGG_12758T0	2540	2541	1603	48.3366
MGG_05123T0	1620	1621	26	1.22896
MGG_14615T0	879	880	0	0
MGG_04771T0	2683	2684	1290	36.826
MGG_01600T0	1749	1750	653	28.5905
MGG_00648T0	1341	1342	101	5.76655
MGG_04140T0	2738	2739	942.954	26.3782
MGG_08552T0	815	816	25	2.34745
MGG_06463T0	2429	2430	47	1.48197
MGG_07119T0	1269	1270	562	33.9063
MGG_09896T0	2660	2661	704	20.271
MGG_07617T0	1431	1432	134.805	7.2129
MGG_15129T0	624	625	122	14.9564
MGG_10221T0	1068	1069	0	0
MGG_09362T0	324	325	17	4.00786
MGG_07469T0	1137	1138	467	31.4429
MGG_17113T0	1032	1033	429	31.8203
MGG_12323T0	247	248	4	1.23582
MGG_16726T0	1492	1493	116	5.95313
MGG_01640T0	273	274	117	32.7177
MGG_03991T0	3961	3962	1565	30.2655
MGG_16101T0	228	229	1	0.334589
MGG_04188T0	3673	3674	1360	28.3627
MGG_09562T0	2829	2830	9800	265.33
MGG_05228T0	1802	1803	374	15.8936
MGG_05752T0	342	343	2552	570.078
MGG_08745T0	2419	2420	1172	37.1073
MGG_02525T0	1748	1749	45312	1985.05
MGG_01301T0	1815	1816	144	6.07567
MGG_16474T0	574	575	134.026	17.8594
MGG_05887T0	744	745	2	0.205694
MGG_07358T0	2697	2698	0	0
MGG_01932T0	1311	1312	261	15.2424
MGG_03462T0	3402	3403	2545	57.3025
MGG_03051T0	3114	3115	3677	90.4447
MGG_09904T0	3317	3318	2624	60.5947
MGG_06854T0	2594	2595	34.3283	1.01359
MGG_01759T0	3158	3159	1484	35.9941
MGG_14945T0	6627	6628	0	0
MGG_13625T0	1098	1099	23	1.60353
MGG_09607T0	1644	1645	0	0
MGG_09413T0	3801	3802	2974.08	59.936
MGG_10876T0	2850	2851	89	2.39188
MGG_04589T0	6485	6486	4022.96	47.5243
MGG_16859T0	315	316	7	1.6973
MGG_08163T0	171	172	5828	2596.2
MGG_16034T0	1357	1358	35	1.97477
MGG_15290T0	2393	2394	1611.84	51.5875
MGG_04147T0	489	490	1530	239.245
MGG_00039T0	2805	2806	166	4.53281
MGG_16957T0	216	217	0	0
MGG_18053T0	201	202	0	0
MGG_07920T0	1902	1903	0	0
MGG_10847T0	2013	2014	1246	47.403
MGG_01990T0	1504	1505	33647	1713
MGG_07915T0	1989	1990	4223	162.598
MGG_15391T0	669	670	0	0
MGG_05190T0	4684	4685	12797	209.289
MGG_06559T0	3097	3098	20129	497.838
MGG_16203T0	4266	4267	1582	28.4074
MGG_00637T0	1761	1762	5	0.217426
MGG_06770T0	1383	1384	179	9.90979
MGG_05278T0	2238	2239	192.722	6.59516
MGG_04719T0	1417	1418	12601	680.889
MGG_05180T0	1161	1162	1171.19	77.2268
MGG_05514T0	1435	1436	670	35.7493
MGG_15228T0	354	355	5	1.07917
MGG_00016T0	1461	1462	2	0.104817
MGG_15609T0	783	784	20	1.95462
MGG_08833T0	1974	1975	1653.06	64.1312
MGG_01838T0	2083	2084	313	11.5078
MGG_15936T0	1381	1382	433	24.0064
MGG_13742T0	846	847	0	0
MGG_01481T0	1600	1601	416	19.909
MGG_14859T0	1911	1912	248	9.93828
MGG_11991T0	341	342	68	15.2346
MGG_16178T0	213	214	0	0
MGG_01839T0	2057	2058	24	0.893538
MGG_01073T0	3260	3261	435	10.2208
MGG_13119T0	3214	3215	458	10.9152
MGG_02573T0	2297	2298	1190	39.6775
MGG_00514T0	3003	3004	7181	183.161
MGG_07551T0	1774	1775	0	0
MGG_04851T0	1179	1180	58	3.76611
MGG_10618T0	1104	1105	0	0
MGG_15797T0	279	280	0	0
MGG_11490T0	3810	3811	3246	65.2615
MGG_15234T0	4854	4855	217	3.42466
MGG_03600T0	1908	1909	12030	482.844
MGG_02840T0	2370	2371	235	7.59423
MGG_06104T0	3388	3389	1876	42.4139
MGG_16322T0	294	295	0	0
MGG_01782T0	3079	3080	3412	84.8801
MGG_07854T0	788	789	11	1.06823
MGG_07029T0	607	608	121	15.2486
MGG_10144T0	837	838	0	0
MGG_16181T0	3741	3742	49	1.00332
MGG_16836T0	883	884	226	19.5886
MGG_13576T0	2760	2761	0	0
MGG_03318T0	1175	1176	898.731	58.5558
MGG_00813T0	1349	1350	60	3.40537
MGG_02058T0	1746	1747	0	0
MGG_00666T0	998	999	4992	382.875
MGG_15101T0	390	391	0	0
MGG_03575T0	372	373	24	4.93003
MGG_03556T0	1068	1069	2888	206.998
MGG_03073T0	1078	1079	2082	147.845
MGG_04419T0	1620	1621	28	1.3235
MGG_14729T0	1202	1203	1496	95.2825
MGG_02616T0	2418	2419	2934	92.9334
MGG_14264T0	2038	2039	597	22.4339
MGG_06354T0	1269	1270	323.998	19.5473
MGG_06776T0	7462	7463	5662	58.1305
MGG_04736T0	912	913	9	0.755299
MGG_03738T0	2980	2981	1063	27.3224
MGG_09650T0	426	427	0	0
MGG_08971T0	787	788	0	0
MGG_17663T0	705	706	5.86654	0.636685
MGG_06314T0	4033	4034	877.871	16.6741
MGG_12691T0	432	433	44	7.78596
MGG_10358T0	2042	2043	2997	112.4
MGG_04925T0	597	598	562.407	72.0605
MGG_04915T0	1668	1669	51	2.34132
MGG_08885T0	1417	1418	1716	92.7232
MGG_06365T0	1272	1273	343.915	20.7
MGG_12560T0	1326	1327	3	0.17322
MGG_17359T0	453	454	0	0
MGG_04668T0	1391	1392	224	12.3298
MGG_16043T0	648	649	2	0.23612
MGG_04229T0	1820	1821	563.51	23.7104
MGG_06041T0	3775	3776	5	0.101458
MGG_09959T0	1382	1383	1209	66.981
MGG_00221T0	1115	1116	9963	684.027
MGG_06186T0	2108	2109	1975	71.7526
MGG_16572T0	1057	1058	1.00082	0.0724797
MGG_11179T0	198	199	9	3.46527
MGG_09914T0	2001	2002	3237	123.887
MGG_10298T0	1974	1975	271	10.5136
MGG_15165T0	665	666	265	30.4873
MGG_15884T0	1013	1014	7	0.528941
MGG_15574T0	1126	1127	13	0.883826
MGG_07618T0	2169	2170	93	3.28375
MGG_18055T0	333	334	0	0
MGG_14352T0	564	565	902	122.322
MGG_04548T0	2053	2054	1075	40.101
MGG_12094T0	2577	2578	1354	40.2423
MGG_08600T0	1046	1047	3855	282.114
MGG_10273T0	1200	1201	129	8.22989
MGG_15421T0	1332	1333	382	21.9574
MGG_05232T0	1131	1132	24302	1644.91
MGG_18006T0	2286	2287	42	1.40712
MGG_17190T0	413	414	17	3.14627
MGG_07719T0	1247	1248	276	16.945
MGG_15424T0	669	670	8	0.914877
MGG_02410T0	1622	1623	446	21.0554
MGG_16511T0	312	313	3235	791.913
MGG_16265T0	159	160	0	0
MGG_06720T0	2015	2016	11267	428.218
MGG_17139T0	399	400	0	0
MGG_08381T0	1164	1165	0	0
MGG_16578T0	183	184	0	0
MGG_05658T0	1543	1544	249	12.3566
MGG_04541T0	5681	5682	199	2.68349
MGG_02614T0	819	820	69	6.44737
MGG_02157T0	1627	1628	103	4.84764
MGG_09772T0	1826	1827	350	14.6783
MGG_06610T0	1674	1675	24	1.09785
MGG_02238T0	558	559	9	1.23361
MGG_10067T0	888	889	15	1.29282
MGG_10449T0	1918	1919	0	0
MGG_17696T0	3228	3229	32.5727	0.772917
MGG_13915T0	2493	2494	2685	82.4888
MGG_07435T0	1552	1553	566.002	27.9251
MGG_17847T0	2279	2280	26.5285	0.891508
MGG_10860T0	2077	2078	63	2.32296
MGG_03451T0	3666	3667	6394	133.601
MGG_07330T0	537	538	150	21.3627
MGG_16304T0	162	163	40	18.8027
MGG_03507T0	639	640	90	10.7748
MGG_18099T0	1294	1295	987	58.3976
MGG_16220T0	2106	2107	567.65	20.6426
MGG_01982T0	3678	3679	1956	40.7368
MGG_05129T0	7269	7270	5519	58.1666
MGG_01401T0	1308	1309	12	0.702407
MGG_07674T0	2246	2247	329	11.2186
MGG_14932T0	195	196	8	3.12738
MGG_16626T0	297	298	0	0
MGG_13275T0	1401	1402	784	42.8465
MGG_04509T0	1275	1276	21.8582	1.31253
MGG_01933T0	1443	1444	57	3.02451
MGG_04371T0	2357	2358	2608	84.7444
MGG_08781T0	567	568	4	0.539584
MGG_14860T0	2153	2154	330	11.7386
MGG_06626T0	2007	2008	18	0.686841
MGG_08895T0	1720	1721	5337	237.609
MGG_16518T0	381	382	6	1.20347
MGG_10656T0	1137	1138	58	3.90511
MGG_03550T0	1471	1472	740.075	38.5226
MGG_12936T0	1134	1135	23902	1613.56
MGG_14702T0	1251	1252	73	4.46751
MGG_06913T0	1974	1975	3817	148.082
MGG_10941T0	3474	3475	393	8.66533
MGG_12633T0	2077	2078	146.404	5.39829
MGG_05678T0	3005	3006	573	14.6054
MGG_04442T0	2427	2428	739.97	23.3514
MGG_10196T0	4341	4342	1423	25.1109
MGG_16649T0	2943	2944	1608	41.85
MGG_05679T0	441	442	2161	374.61
MGG_17947T0	234	235	9	2.93442
MGG_02913T0	4724	4725	6128	99.3721
MGG_02746T0	3025	3026	4125	104.449
MGG_15914T0	744	745	2	0.205694
MGG_06553T0	1463	1464	60.4452	3.1635
MGG_11252T0	2192	2193	1139	39.7954
MGG_03713T0	1533	1534	34	1.69825
MGG_03228T0	3099	3100	740	18.2902
MGG_06108T0	1136	1137	3811.78	256.871
MGG_17653T0	315	316	0	0
MGG_02207T0	384	385	1	0.199015
MGG_17048T0	216	217	0	0
MGG_01475T0	1653	1654	101	4.67879
MGG_04888T0	2109	2110	210	7.62578
MGG_01170T0	534	535	2755	394.562
MGG_06077T0	1734	1735	1543	68.1418
MGG_06280T0	1684	1685	119	5.41121
MGG_15665T0	207	208	35	12.8929
MGG_04327T0	5720	5721	308	4.12502
MGG_06335T0	3529	3530	532	11.5474
MGG_01018T0	1743	1744	4	0.175736
MGG_16902T0	438	439	13	2.26896
MGG_01868T0	2730	2731	23	0.645288
MGG_04605T0	1982	1983	432	16.692
MGG_14592T0	441	442	12	2.08021
MGG_09619T0	1053	1054	6	0.436172
MGG_17948T0	318	319	87	20.8966
MGG_03971T0	1401	1402	3377	184.557
MGG_03295T0	2563	2564	107	3.19752
MGG_02880T0	4456	4457	2572	44.2156
MGG_01916T0	1698	1699	84	3.7882
MGG_00111T0	5114	5115	704	10.5457
MGG_17329T0	543	544	53	7.46491
MGG_00518T0	1360	1361	1928	108.542
MGG_06372T0	3407	3408	4099	92.1564
MGG_01516T0	3209	3210	458	10.9322
MGG_10407T0	1158	1159	0	0
MGG_16915T0	4590	4591	432	7.20981
MGG_03850T0	7355	7356	1040	10.8328
MGG_02458T0	1085	1086	2075	146.398
MGG_14596T0	2304	2305	33	1.09696
MGG_01326T0	3274	3275	2304	53.9037
MGG_04481T0	1724	1725	34	1.51021
MGG_09010T0	2590	2591	22081	652.978
MGG_13236T0	210	211	3273	1188.53
MGG_00850T0	5205	5206	602.327	8.86494
MGG_00283T0	848	849	14	1.26348
MGG_15340T0	1275	1276	6	0.360286
MGG_14042T0	4872	4873	19	0.298748
MGG_02424T0	1158	1159	170	11.2386
MGG_05633T0	1777	1778	170	7.32596
MGG_09255T0	6377	6378	2348	28.2073
MGG_06567T0	1895	1896	147	5.94055
MGG_15939T0	360	361	0	0
MGG_16817T0	246	247	9	2.79186
MGG_04864T0	1656	1657	10	0.462407
MGG_16040T0	159	160	0	0
MGG_04474T0	2736	2737	373	10.4419
MGG_16149T0	1496	1497	125591	6428.12
MGG_08695T0	1611	1612	11	0.522847
MGG_04393T0	927	928	73	6.02729
MGG_08111T0	1815	1816	25	1.0548
MGG_17393T0	636	637	18	2.16511
MGG_06535T0	1373	1374	52	2.89977
MGG_00838T0	693	694	60.8353	6.71651
MGG_10844T0	969	970	5081	401.351
MGG_17605T0	477	478	0	0
MGG_04918T0	1042	1043	152.52	11.2045
MGG_14784T0	2131	2132	26	0.934401
MGG_17608T0	345	346	0	0
MGG_14956T0	2345	2346	639.263	20.8785
MGG_11861T0	2362	2363	13721	444.907
MGG_07722T0	1656	1657	2139	98.909
MGG_16739T0	1142	1143	21881	1466.79
MGG_01853T0	2643	2644	2.00008	0.0579607
MGG_05857T0	2592	2593	2379	70.2974
MGG_04454T0	1161	1162	1043.59	68.8129
MGG_07209T0	1224	1225	1749	109.396
MGG_02001T0	1834	1835	709	29.6045
MGG_04733T0	2172	2173	0	0
MGG_05991T0	4109	4110	4394	81.9154
MGG_08487T0	1687	1688	2.36371	0.107293
MGG_12793T0	804	805	39	3.71207
MGG_01543T0	2006	2007	46	1.75613
MGG_16974T0	114	115	0	0
MGG_15073T0	879	880	84.2932	7.33935
MGG_14632T0	506	507	34	5.13829
MGG_14953T0	1962	1963	141	5.50359
MGG_12111T0	4346	4347	7226	127.367
MGG_06721T0	961	962	15129	1204.99
MGG_17144T0	258	259	2	0.591667
MGG_03205T0	2729	2730	3644	102.273
MGG_16539T0	807	808	115	10.9052
MGG_03417T0	1191	1192	12	0.771352
MGG_04161T0	1147	1148	67	4.47178
MGG_00450T0	2798	2799	42999	1177.07
MGG_02627T0	2719	2720	2847	80.1984
MGG_15602T0	249	250	3	0.919451
MGG_13376T0	1564	1565	59	2.88858
MGG_00413T0	2613	2614	17267	506.126
MGG_07151T0	4060	4061	1754	33.0936
MGG_12116T0	1599	1600	100	4.78881
MGG_02446T0	1638	1639	2457	114.861
MGG_04324T0	3284	3285	2081	48.5382
MGG_17659T0	795	796	0	0
MGG_15084T0	580	581	0	0
MGG_02878T0	3743	3744	3691	75.5363
MGG_07431T0	3599	3600	9	0.191552
MGG_09197T0	2568	2569	182	5.42819
MGG_04819T0	3309	3310	85	1.96761
MGG_00677T0	1322	1323	219	12.6833
MGG_08486T0	1997	1998	3	0.115046
MGG_14927T0	342	343	0	0
MGG_14899T0	1482	1483	0	0
MGG_13016T0	1488	1489	0	0
MGG_06552T0	2199	2200	74.7872	2.60467
MGG_06421T0	2572	2573	3789	112.832
MGG_01055T0	1626	1627	718.272	33.8259
MGG_16890T0	324	325	3	0.70727
MGG_06469T0	4342	4343	4036.43	71.2123
MGG_01054T0	3653	3654	1139.73	23.899
MGG_06165T0	1658	1659	291	13.4398
MGG_14955T0	732	733	2	0.209061
MGG_06713T0	1978	1979	284	10.9956
MGG_12617T0	5119	5120	890	13.3189
MGG_10241T0	1941	1942	0	0
EFMOT00000000001	118	119	1	0.643873
EFMOT00000000002	72	73	0	0
EFMOT00000000003	72	73	0	0
EFMOT00000000005	104	105	0	0
EFMOT00000000009	83	84	0	0
EFMOT00000000010	72	73	0	0
EFMOT00000000011	72	73	0	0
EFMOT00000000012	105	106	2	1.44568
EFMOT00000000013	72	73	0	0
EFMOT00000000014	72	73	0	0
EFMOT00000000015	72	73	0	0
EFMOT00000000016	102	103	0	0
EFMOT00000000017	88	89	0	0
EFMOT00000000018	72	73	0	0
EFMOT00000000019	96	97	0.666667	0.526604
EFMOT00000000020	85	86	1	0.890941
EFMOT00000000021	72	73	0	0
EFMOT00000000023	90	91	0	0
EFMOT00000000024	72	73	0	0
EFMOT00000000025	102	103	2	1.48778
EFMOT00000000028	104	105	1	0.729723
EFMOT00000000029	134	135	4	2.27025
EFMOT00000000030	136	137	7	3.91494
EFMOT00000000032	72	73	0	0
EFMOT00000000033	72	73	1	1.0496
EFMOT00000000036	89	90	0	0
EFMOT00000000037	83	84	0	0
EFMOT00000000039	93	94	0	0
EFMOT00000000041	88	89	0	0
EFMOT00000000042	72	73	0	0
EFMOT00000000044	84	85	0	0
EFMOT00000000045	72	73	0	0
EFMOT00000000046	139	140	1	0.547292
EFMOT00000000048	72	73	0	0
EFMOT00000000049	72	73	0	0
EFMOT00000000050	72	73	0	0
EFMOT00000000051	72	73	1	1.0496
EFMOT00000000053	83	84	0	0
EFMOT00000000054	101	102	6	4.50711
EFMOT00000000055	72	73	0	0
EFMOT00000000059	72	73	0	0
EFMOT00000000060	72	73	0	0
EFMOT00000000062	73	74	0	0
EFMOT00000000063	72	73	0	0
EFMOT00000000064	72	73	0	0
EFMOT00000000065	72	73	0	0
EFMOT00000000066	101	102	7	5.2583
EFMOT00000000067	72	73	0	0
EFMOT00000000068	72	73	0	0
EFMOT00000000069	95	96	2	1.59627
EFMOT00000000070	89	90	1	0.851344
EFMOT00000000072	72	73	0	0
EFMOT00000000073	72	73	0	0
EFMOT00000000074	72	73	0	0
EFMOT00000000075	72	73	0	0
EFMOT00000000076	72	73	0	0
EFMOT00000000077	85	86	0	0
EFMOT00000000078	72	73	0	0
EFMOT00000000079	72	73	0	0
EFMOT00000000080	83	84	0	0
EFMOT00000000081	72	73	0	0
EFMOT00000000082	112	113	26	17.6296
EFMOT00000000083	72	73	0	0
EFMOT00000000084	89	90	0	0
EFMOT00000000085	72	73	0	0
EFMOT00000000086	72	73	0	0
EFMOT00000000087	92	93	0.642857	0.529638
EFMOT00000000088	72	73	0	0
EFMOT00000000089	92	93	0	0
EFMOT00000000091	85	86	0	0
EFMOT00000000092	89	90	0	0
EFMOT00000000093	72	73	0	0
EFMOT00000000094	104	105	2	1.45945
EFMOT00000000095	72	73	0	0
EFMOT00000000097	72	73	1	1.0496
EFMOT00000000098	72	73	0	0
EFMOT00000000099	82	83	0	0
EFMOT00000000100	72	73	0	0
EFMOT00000000101	101	102	1.04207	0.782791
EFMOT00000000102	72	73	0	0
EFMOT00000000103	72	73	0	0
EFMOT00000000104	72	73	0	0
EFMOT00000000105	133	134	1	0.571798
EFMOT00000000106	72	73	0	0
EFMOT00000000107	72	73	0	0
EFMOT00000000108	102	103	6	4.46335
EFMOT00000000109	120	121	3	1.89969
EFMOT00000000110	112	113	3	2.03418
EFMOT00000000111	72	73	0	0
EFMOT00000000112	104	105	0	0
EFMOT00000000113	83	84	0	0
EFMOT00000000114	124	125	0	0
EFMOT00000000116	120	121	0	0
EFMOT00000000117	98	99	0	0
EFMOT00000000119	72	73	0	0
EFMOT00000000122	72	73	2	2.0992
EFMOT00000000123	135	136	2	1.12678
EFMOT00000000124	96	97	15.9375	12.5891
EFMOT00000000125	72	73	0	0
EFMOT00000000127	72	73	0	0
EFMOT00000000128	101	102	6.04359	4.53986
EFMOT00000000129	86	87	7	6.1649
EFMOT00000000130	72	73	0	0
EFMOT00000000131	72	73	0	0
EFMOT00000000132	96	97	1	0.789906
EFMOT00000000133	85	86	1	0.890941
EFMOT00000000134	72	73	0	0
EFMOT00000000136	72	73	0	0
EFMOT00000000137	72	73	1	1.0496
EFMOT00000000138	86	87	0	0
EFMOT00000000139	111	112	0	0
EFMOT00000000140	72	73	0	0
EFMOT00000000141	72	73	0	0
EFMOT00000000143	109	110	1	0.696554
EFMOT00000000144	72	73	0	0
EFMOT00000000147	72	73	2	2.0992
EFMOT00000000148	73	74	0	0
EFMOT00000000149	90	91	0.666667	0.561325
EFMOT00000000150	72	73	0	0
EFMOT00000000151	83	84	5	4.56077
EFMOT00000000152	98	99	0	0
EFMOT00000000153	72	73	0	0
EFMOT00000000154	101	102	0	0
EFMOT00000000155	105	106	0	0
EFMOT00000000157	111	112	0	0
EFMOT00000000158	72	73	0	0
EFMOT00000000159	90	91	0.666667	0.561325
EFMOT00000000160	72	73	1	1.0496
EFMOT00000000161	96	97	0	0
EFMOT00000000162	89	90	1	0.851344
EFMOT00000000163	72	73	0	0
EFMOT00000000164	111	112	0	0
EFMOT00000000165	72	73	0	0
EFMOT00000000166	72	73	0	0
EFMOT00000000168	72	73	3.53563	3.71101
EFMOT00000000169	85	86	0	0
EFMOT00000000170	72	73	0	0
EFMOT00000000171	74	75	0	0
EFMOT00000000172	87	88	0	0
EFMOT00000000173	89	90	0	0
EFMOT00000000174	108	109	0	0
EFMOT00000000175	85	86	0	0
EFMOT00000000176	88	89	0	0
EFMOT00000000177	90	91	0.666667	0.561325
EFMOT00000000178	72	73	1	1.0496
EFMOT00000000179	95	96	1	0.798135
EFMOT00000000180	72	73	0	0
EFMOT00000000181	72	73	0	0
EFMOT00000000182	114	115	0	0
EFMOT00000000183	72	73	0	0
EFMOT00000000184	72	73	0	0
EFMOT00000000187	92	93	2.57143	2.11855
EFMOT00000000189	83	84	0	0
EFMOT00000000190	85	86	0	0
EFMOT00000000191	72	73	0	0
EFMOT00000000192	72	73	0	0
EFMOT00000000193	91	92	20	16.6567
EFMOT00000000194	88	89	1	0.860909
EFMOT00000000195	73	74	0	0
EFMOT00000000196	85	86	0	0
EFMOT00000000197	72	73	0	0
EFMOT00000000198	72	73	0	0
EFMOT00000000199	72	73	0	0
EFMOT00000000200	100	101	0	0
EFMOT00000000201	72	73	0	0
EFMOT00000000202	89	90	0	0
EFMOT00000000203	72	73	0	0
EFMOT00000000204	72	73	0	0
EFMOT00000000206	72	73	0	0
EFMOT00000000207	72	73	0	0
EFMOT00000000208	89	90	0	0
EFMOT00000000209	101	102	0	0
EFMOT00000000210	82	83	0	0
EFMOT00000000211	72	73	0	0
EFMOT00000000213	72	73	0	0
EFMOT00000000214	85	86	0	0
EFMOT00000000215	92	93	5.14286	4.2371
EFMOT00000000217	96	97	0.666667	0.526604
EFMOT00000000218	84	85	0	0
EFMOT00000000219	110	111	0	0
EFMOT00000000220	72	73	0	0
EFMOT00000000221	97	98	0	0
EFMOT00000000222	72	73	0	0
EFMOT00000000223	101	102	0	0
EFMOT00000000224	72	73	0	0
EFMOT00000000225	86	87	1	0.8807
EFMOT00000000226	72	73	0	0
EFMOT00000000227	72	73	0	0
EFMOT00000000228	72	73	1	1.0496
EFMOT00000000229	79	80	0	0
EFMOT00000000230	104	105	0	0
EFMOT00000000236	72	73	1	1.0496
EFMOT00000000240	72	73	0	0
EFMOT00000000241	72	73	0	0
EFMOT00000000243	72	73	0	0
EFMOT00000000244	72	73	0	0
EFMOT00000000245	72	73	0	0
EFMOT00000000246	72	73	0	0
EFMOT00000000247	72	73	0	0
EFMOT00000000249	72	73	0	0
EFMOT00000000250	72	73	1	1.0496
EFMOT00000000251	72	73	0	0
EFMOT00000000252	72	73	0	0
EFMOT00000000253	72	73	0	0
EFMOT00000000254	72	73	0	0
EFMOT00000000255	85	86	0	0
EFMOT00000000256	86	87	0	0
EFMOT00000000258	90	91	12	10.1039
EFMOT00000000259	72	73	0	0
EFMOT00000000260	72	73	0	0
EFMOT00000000261	72	73	0	0
EFMOT00000000262	72	73	0	0
EFMOT00000000265	72	73	0	0
EFMOT00000000266	99	100	0	0
EFMOT00000000267	72	73	0	0
EFMOT00000000269	112	113	1	0.678061
EFMOT00000000270	109	110	11	7.66209
EFMOT00000000271	73	74	0	0
EFMOT00000000272	105	106	5	3.61419
EFMOT00000000273	96	97	2	1.57981
EFMOT00000000274	85	86	0	0
EFMOT00000000275	72	73	0	0
EFMOT00000000277	72	73	1	1.0496
EFMOT00000000278	125	126	12	7.29723
EFMOT00000000279	74	75	0	0
EFMOT00000000280	98	99	0	0
EFMOT00000000282	72	73	0	0
EFMOT00000000283	101	102	0	0
EFMOT00000000284	72	73	0	0
EFMOT00000000285	113	114	0	0
EFMOT00000000286	72	73	0	0
EFMOT00000000287	72	73	0	0
EFMOT00000000288	92	93	0	0
EFMOT00000000289	96	97	0.53125	0.419638
EFMOT00000000290	72	73	0	0
EFMOT00000000292	72	73	0	0
EFMOT00000000293	72	73	0	0
EFMOT00000000294	85	86	0	0
EFMOT00000000296	72	73	0	0
EFMOT00000000298	72	73	0	0
EFMOT00000000299	72	73	0	0
EFMOT00000000300	118	119	0	0
EFMOT00000000301	72	73	0	0
EFMOT00000000302	101	102	0	0
EFMOT00000000303	89	90	0	0
EFMOT00000000306	90	91	4	3.36795
EFMOT00000000307	111	112	0	0
EFMOT00000000308	72	73	0	0
EFMOT00000000309	72	73	5	5.24801
EFMOT00000000310	110	111	0	0
EFMOT00000000311	88	89	6	5.16546
EFMOT00000000312	72	73	3.53563	3.71101
EFMOT00000000313	96	97	0	0
EFMOT00000000314	110	111	0	0
EFMOT00000000315	88	89	0	0
EFMOT00000000317	72	73	0	0
EFMOT00000000318	97	98	2	1.56369
EFMOT00000000319	104	105	1	0.729723
EFMOT00000000320	93	94	0	0
EFMOT00000000321	87	88	0	0
EFMOT00000000323	72	73	0	0
EFMOT00000000324	96	97	0	0
EFMOT00000000325	86	87	0	0
EFMOT00000000326	99	100	4	3.06484
EFMOT00000000327	102	103	3.42256	2.54602
EFMOT00000000328	100	101	0	0
EFMOT00000000329	101	102	5	3.75593
EFMOT00000000330	104	105	1	0.729723
EFMOT00000000332	84	85	0	0
EFMOT00000000333	102	103	20.5354	15.2761
EFMOT00000000335	72	73	0	0
EFMOT00000000336	72	73	0	0
EFMOT00000000337	85	86	3	2.67282
EFMOT00000000339	104	105	0	0
EFMOT00000000340	72	73	0	0
EFMOT00000000341	72	73	0	0
EFMOT00000000343	72	73	0	0
EFMOT00000000344	96	97	0.666667	0.526604
EFMOT00000000345	72	73	0	0
EFMOT00000000346	85	86	1	0.890941
EFMOT00000000348	105	106	0	0
EFMOT00000000350	84	85	0	0
EFMOT00000000351	101	102	0	0
EFMOT00000000353	72	73	0	0
EFMOT00000000354	72	73	0	0
EFMOT00000000355	93	94	0	0
EFMOT00000000356	72	73	0	0
EFMOT00000000357	72	73	0	0
EFMOT00000000358	110	111	0	0
EFMOT00000000359	72	73	0	0
EFMOT00000000360	72	73	0	0
EFMOT00000000361	93	94	0	0
EFMOT00000000362	102	103	2	1.48778
EFMOT00000000363	72	73	0	0
EFMOT00000000364	72	73	0	0
EFMOT00000000366	72	73	0	0
EFMOT00000000367	72	73	0	0
EFMOT00000000368	89	90	0	0
EFMOT00000000369	96	97	0.53125	0.419638
EFMOT00000000370	72	73	0	0
EFMOT00000000372	72	73	0	0
EFMOT00000000373	133	134	0	0
EFMOT00000000374	72	73	0	0
EFMOT00000000375	90	91	0	0
EFMOT00000000376	72	73	0	0
EFMOT00000000378	85	86	7	6.23659
EFMOT00000000379	72	73	0	0
EFMOT00000000382	72	73	0	0
EFMOT00000000383	89	90	0	0
EFMOT00000000384	91	92	0	0
EFMOT00000000385	72	73	0	0
EFMOT00000000387	92	93	0.642857	0.529638
EFMOT00000000388	93	94	10	8.15116
EFMOT00000000389	72	73	0	0
EFMOT00000000390	94	95	0	0
EFMOT00000000391	94	95	0	0
MGG_16776T0	243	244	0	0
MGG_17328T0	243	244	0	0
MGG_16479T0	588	589	0	0
MGG_16677T0	243	244	0	0
MGG_16614T0	243	244	0	0
MGG_16613T0	243	244	0	0
MGG_16598T0	243	244	0	0
MGG_16563T0	243	244	0	0
MGG_17268T0	243	244	0	0
MGG_15944T0	243	244	0	0
MGG_17600T0	243	244	0	0
MGG_15710T0	215	216	147	52.1448
MGG_17242T0	243	244	0	0
MGG_16280T0	243	244	0	0
MGG_16642T0	218	219	11	3.84854
MGG_15503T0	516	517	806.217	119.484
MGG_16566T0	492	493	0	0
MGG_16285T0	243	244	0	0
MGG_16639T0	698	699	102	11.1807
MGG_16639T1	239	240	8	2.55403
MGG_06302T1	320	321	155	36.9976
MGG_06302T0	2540	2541	4676	140.999
MGG_18104T0	150	151	0	0
MGG_15500T0	243	244	0	0
MGG_17125T0	231	232	0	0
MGG_18084T0	243	244	0	0
MGG_15947T0	243	244	0	0
MGG_16695T0	243	244	0	0
MGG_15967T0	651	652	2.00207	0.235277
MGG_18132T0	243	244	0	0
MGG_16499T0	243	244	0	0
MGG_16498T0	243	244	0	0
MGG_16783T0	243	244	0	0
MGG_17211T0	453	454	0	0
MGG_17866T0	228	229	1	0.334589
MGG_17482T0	327	328	161	37.6097
MGG_16020T0	918	919	3	0.250123
MGG_17368T0	504	505	6	0.910348
MGG_16293T0	555	556	44	6.06353
MGG_16567T0	243	244	0	0
MGG_17494T0	177	178	0	0
MGG_16980T0	243	244	0	0
MGG_17604T0	243	244	0	0
MGG_17589T0	243	244	0	0
MGG_18129T0	243	244	0	0
MGG_15717T0	243	244	0	0
MGG_16051T0	300	301	0	0
MGG_15940T0	243	244	0	0
MGG_18069T0	243	244	0	0
MGG_17775T0	243	244	0	0
MGG_16310T0	243	244	0	0
MGG_17728T0	153	154	11	5.47292
MGG_16674T0	243	244	0	0
MGG_17777T0	510	511	154	23.0912
MGG_17585T0	243	244	0	0
MGG_15871T0	150	151	8	4.05939
MGG_15511T0	243	244	0	0
MGG_14532T0	510	511	6	0.899659
MGG_16682T0	243	244	0	0
MGG_16673T0	243	244	0	0
MGG_01057T0	1128	1129	1005	68.2055
MGG_16643T0	198	199	2	0.77006
MGG_18114T0	552	553	67.8396	9.39952
MGG_16785T0	243	244	0	0
MGG_18059T0	243	244	0	0
MGG_16488T0	552	553	3.36794	0.466644
MGG_15941T0	243	244	0	0
MGG_17100T0	475	476	16	2.57549
MGG_16730T0	516	517	137	20.3038
MGG_16369T0	243	244	0	0
MGG_17016T0	354	355	0	0
MGG_16080T0	417	418	0	0
MGG_16314T0	243	244	0	0
MGG_16103T0	597	598	1492.39	191.218
MGG_16676T0	243	244	0	0
MGG_15714T0	243	244	0	0
MGG_16565T0	470	471	0	0
MGG_16984T0	624	625	0	0
MGG_16843T0	483	484	38	6.01569
MGG_17560T0	243	244	0	0
MGG_17065T0	243	244	0	0
MGG_17325T0	402	403	0	0
MGG_17009T0	330	331	0	0
MGG_17598T0	243	244	0	0
MGG_16597T0	243	244	0	0
MGG_15512T0	243	244	0	0
MGG_17186T0	189	190	10430	4206.09
MGG_16814T0	246	247	0	0
MGG_15716T0	243	244	0	0
MGG_16068T0	243	244	0	0
MGG_18131T0	243	244	0	0
MGG_16569T0	243	244	0	0
MGG_18073T0	366	367	0	0
MGG_16139T0	225	226	1	0.339031
MGG_17561T0	243	244	0	0
MGG_16413T0	372	373	51	10.4763
MGG_17427T0	228	229	12	4.01507
MGG_16074T0	243	244	0	0
MGG_17074T0	591	592	16	2.07084
MGG_17176T0	273	274	5	1.39819
MGG_15493T0	243	244	0	0
MGG_16093T0	811	812	17	1.60413
MGG_16683T0	243	244	0	0
MGG_17854T0	891	892	0	0
MGG_16979T0	588	589	5.9136	0.769279
MGG_16767T0	210	211	2	0.726265
MGG_17261T0	243	244	0	0
MGG_16913T0	288	289	25	6.62811
MGG_16564T0	333	334	0	0
MGG_16120T0	592	593	0	0
MGG_16067T0	243	244	0	0
MGG_17136T0	237	238	14	4.50711
MGG_15931T0	427	428	20	3.58042
MGG_15715T0	243	244	0	0
MGG_17218T0	1011	1012	0	0
MGG_17327T0	243	244	0	0
MGG_17269T0	327	328	0	0
MGG_16284T0	243	244	0	0
MGG_17306T0	1362	1363	0	0
MGG_18086T0	243	244	0	0
MGG_16312T0	243	244	0	0
MGG_17867T0	243	244	0	0
MGG_17243T0	243	244	0	0
MGG_16313T0	333	334	0	0
MGG_17545T0	243	244	0	0
MGG_17238T0	243	244	0	0
MGG_17736T0	204	205	1	0.373761
MGG_18083T0	243	244	0	0
MGG_16327T0	843	844	0	0
MGG_15942T0	243	244	0	0
MGG_16309T0	243	244	0	0
MGG_16384T0	243	244	0	0
MGG_17298T0	372	373	0	0
MGG_16809T0	243	244	0	0
MGG_16470T0	243	244	0	0
MGG_16283T0	243	244	0	0
MGG_16928T0	261	262	1	0.292446
MGG_18080T0	243	244	0	0
MGG_16469T0	243	244	0	0
MGG_17501T0	243	244	0	0
MGG_16407T0	243	244	0	0
MGG_14095T0	843	844	141	12.8004
MGG_17185T0	226	227	5	1.68769
MGG_16694T0	243	244	0	0
MGG_16885T0	243	244	0	0
MGG_15969T0	651	652	0	0
MGG_15945T0	243	244	0	0
MGG_16082T0	423	424	0	0
MGG_17818T0	507	508	1.99221e-07	3.00483e-08
MGG_17262T0	243	244	0	0
MGG_17549T0	243	244	0	0
MGG_16351T0	372	373	0	0
MGG_16819T0	216	217	20	7.06184
MGG_17369T0	332	333	18	4.14167
MGG_16684T0	243	244	0	0
MGG_17748T0	555	556	0	0
MGG_15806T0	243	244	0	0
MGG_16050T0	243	244	0	0
MGG_18103T0	243	244	0	0
MGG_16544T0	189	190	0	0
MGG_15973T0	471	472	0	0
MGG_15962T0	651	652	3	0.35255
MGG_17819T0	243	244	0	0
MGG_16245T0	239	240	1	0.319254
MGG_16046T0	186	187	0	0
MGG_17146T0	207	208	13	4.78881
MGG_16406T0	324	325	0	0
MGG_17856T0	771	772	0	0
MGG_16478T0	243	244	0	0
MGG_16602T0	243	244	0	0
MGG_16338T0	204	205	109	40.7399
MGG_16782T0	330	331	0	0
MGG_15970T0	1335	1336	197.324	11.3167
MGG_17996T0	186	187	3	1.22921
MGG_17734T0	571	572	0	0
MGG_10209T0	1701	1702	0	0
MGG_16104T0	204	205	0	0
MGG_15662T0	218	219	11	3.84854
MGG_17643T0	747	748	0	0
MGG_16675T0	243	244	0	0
MGG_17517T0	221	222	1	0.345139
MGG_17219T0	453	454	0	0
MGG_17175T0	639	640	212	25.3807
MGG_16370T0	243	244	0	0
MGG_17008T0	243	244	0	0
MGG_16073T0	243	244	0	0
MGG_17559T0	243	244	0	0
MGG_18058T0	243	244	0	0
MGG_17267T0	327	328	0	0
MGG_17852T0	243	244	0	0
MGG_17497T0	156	157	0	0
MGG_16713T0	219	220	3	1.04483
MGG_15567T0	237	238	20	6.43873
MGG_17916T0	300	301	8	2.03644
MGG_16795T0	232	233	3	0.986535
MGG_17006T0	270	271	543.589	153.691
MGG_18130T0	516	517	806.217	119.484
MGG_17259T0	489	490	31	4.84745
MGG_17769T0	243	244	0	0
MGG_16987T0	243	244	0	0
MGG_16401T0	243	244	0	0
MGG_17985T0	183	184	0	0
MGG_16685T0	243	244	0	0
MGG_18047T0	354	355	0	0
MGG_18081T0	243	244	0	0
MGG_17552T0	432	433	0	0
MGG_17212T0	1011	1012	0	0
MGG_15943T0	315	316	2895.8	702.148
MGG_18075T0	501	502	0	0
MGG_16281T0	243	244	0	0
MGG_15946T0	1122	1123	1231.5	84.0238
MGG_14020T0	1029	1030	0	0
MGG_18009T0	294	295	0	0
MGG_15948T0	243	244	0	0
MGG_17599T0	243	244	0	0
MGG_14777T0	546	547	20	2.8015
MGG_16763T0	296	297	1	0.257983
MGG_18038T0	243	244	0	0
MGG_16568T0	243	244	0	0
MGG_17004T0	243	244	0	0
MGG_16907T0	243	244	0	0
MGG_15763T0	243	244	0	0
MGG_16808T0	243	244	0	0
MGG_14812T0	405	406	8	1.50977
MGG_16016T0	321	322	0	0
MGG_16405T0	243	244	0	0
MGG_17063T0	501	502	2	0.305263
MGG_16916T0	258	259	0	0
MGG_16282T0	690	691	743.112	82.3993
MGG_16985T0	243	244	0	0
MGG_16599T0	243	244	0	0
MGG_16551T0	822	823	0	0
MGG_16988T0	243	244	0	0
MGG_16986T0	243	244	0	0
MGG_15898T0	345	346	230	50.933
MGG_18085T0	243	244	0	0
