target_id	length	eff_length	est_counts	tpm
MGG_07573T0	4058	4059	903	15.852
MGG_05134T0	1811	1812	2269	89.2262
MGG_03309T0	1113	1114	9	0.575669
MGG_07008T0	2587	2588	2207	60.7651
MGG_16787T0	429	430	0	0
MGG_04858T0	3024	3025	2974	70.0538
MGG_12006T0	1560	1561	15	0.684706
MGG_02444T0	6373	6374	9143	102.21
MGG_17251T0	225	226	0	0
MGG_10811T0	1419	1420	0	0
MGG_15612T0	4020	4021	389	6.89337
MGG_00349T0	1011	1012	3063.6	215.709
MGG_16619T0	348	349	0	0
MGG_04614T0	937	938	4292.62	326.089
MGG_16874T0	174	175	0	0
MGG_07147T0	2929	2930	1704	41.4398
MGG_00076T0	2460	2461	3547	102.699
MGG_12797T0	1232	1233	20256	1170.59
MGG_11099T0	1590	1591	0	0
MGG_07363T0	787	788	3	0.271276
MGG_17953T0	4420	4421	3864.66	62.2884
MGG_14898T0	388	389	10	1.83175
MGG_14463T0	1415	1416	298.161	15.0039
MGG_08330T0	1368	1369	69	3.59138
MGG_09307T0	2126	2127	23	0.770506
MGG_03918T0	2470	2471	1171	33.7676
MGG_00421T0	969	970	2	0.146918
MGG_02463T0	815	816	2723.96	237.862
MGG_00675T0	2891	2892	73	1.79862
MGG_15190T0	595	596	12.0143	1.43638
MGG_02777T0	1610	1611	37	1.63652
MGG_05980T0	1438	1439	4611	228.323
MGG_00454T0	4840	4841	3291	48.4405
MGG_05454T0	1590	1591	6134	274.719
MGG_16029T0	252	253	34	9.57578
MGG_07528T0	1527	1528	281	13.1038
MGG_15909T0	219	220	0	0
MGG_16156T0	493	494	15	2.16362
MGG_05339T0	891	892	421	33.6305
MGG_18122T0	498	499	0	0
MGG_16935T0	1487	1488	2	0.095773
MGG_08406T0	477	478	4542	677.072
MGG_05005T0	2421	2422	2117	62.282
MGG_11608T0	2244	2245	28	0.888705
MGG_14221T0	1242	1243	16	0.917201
MGG_15428T0	1674	1675	67	2.8502
MGG_17084T0	2151	2152	132	4.37067
MGG_08114T0	3175	3176	1260	28.2687
MGG_06700T0	4022	4023	2255	39.9404
MGG_14591T0	1617	1618	10	0.44039
MGG_07304T0	258	259	0	0
MGG_09457T0	1172	1173	106.074	6.44355
MGG_07009T0	1011	1012	159	11.1952
MGG_15010T0	556	557	20	2.55853
MGG_11663T0	1098	1099	36	2.33411
MGG_00065T0	3029	3030	869.88	20.4566
MGG_10601T0	2183	2184	11	0.358886
MGG_11526T0	633	634	0	0
MGG_13087T0	327	328	0	0
MGG_00223T0	1555	1556	1987	90.9922
MGG_02093T0	1506	1507	1	0.0472827
MGG_01153T0	1251	1252	3617	205.854
MGG_02698T0	1675	1676	18	0.765269
MGG_10893T0	1663	1664	171	7.32249
MGG_14635T0	1511	1512	345	16.2586
MGG_17720T0	375	376	144	27.2892
MGG_17976T0	4110	4111	2696	46.7292
MGG_05211T0	4310	4311	4444	73.4534
MGG_05253T0	1815	1816	526	20.6389
MGG_07261T0	2500	2501	149.723	4.26569
MGG_01043T0	2705	2706	1070.54	28.1899
MGG_04395T0	4996	4997	6300.13	89.8372
MGG_00786T1	1869	1870	3142.36	119.738
MGG_00786T0	1904	1905	1220.64	45.6569
MGG_06579T0	975	976	20	1.46015
MGG_15326T0	892	893	77	6.14406
MGG_17770T0	318	319	0	0
MGG_03684T0	2464	2465	3489	100.856
MGG_16981T0	2740	2741	727	18.8991
MGG_17657T0	700	701	1	0.101648
MGG_11239T0	2741	2742	240	6.23677
MGG_08136T0	1643	1644	374	16.2101
MGG_09718T0	1570	1571	107	4.85315
MGG_05720T0	2668	2669	779.375	20.8072
MGG_10455T0	594	595	15	1.79635
MGG_08158T0	1723	1724	509	21.0376
MGG_01319T0	993	994	19	1.36202
MGG_07686T0	729	730	1	0.0976097
MGG_04518T0	2276	2277	1234	38.6161
MGG_10595T0	3024	3025	6525	153.699
MGG_07332T0	2844	2845	2673.41	66.9575
MGG_00246T0	1594	1595	2027	90.5543
MGG_14140T0	1269	1270	0	0
MGG_03888T0	1983	1984	721	25.8946
MGG_17017T0	309	310	20	4.5971
MGG_17237T0	207	208	0	0
MGG_09185T0	3684	3685	90	1.74029
MGG_04634T0	2250	2251	2	0.0633097
MGG_15422T0	1101	1102	173	11.1861
MGG_12303T0	273	274	19	4.94105
MGG_05067T0	1594	1595	119.743	5.34938
MGG_04724T0	4323	4324	1574	25.9379
MGG_10534T0	2152	2153	182	6.02342
MGG_06375T0	1961	1962	1661	60.3235
MGG_09428T0	972	973	11	0.805556
MGG_02702T0	501	502	0	0
MGG_05491T0	3200	3201	1	0.0222603
MGG_08646T0	3719	3720	2760	52.8667
MGG_03350T0	735	736	1	0.096814
MGG_03315T0	1005	1006	4	0.28332
MGG_06267T0	1350	1351	1698.47	89.5814
MGG_04557T0	710	711	41	4.10894
MGG_16385T0	321	322	7	1.54902
MGG_16360T0	381	382	7	1.30572
MGG_09467T0	984	985	147	10.634
MGG_01722T0	2290	2291	3162	98.3451
MGG_01117T0	2575	2576	551	15.2413
MGG_09164T0	2056	2057	28	0.969928
MGG_06775T0	2044	2045	213	7.42168
MGG_06052T0	3840	3841	11159	207.013
MGG_10152T0	3181	3182	313	7.00906
MGG_03456T0	1623	1624	64	2.80808
MGG_05718T0	2436	2437	906	26.4904
MGG_05128T0	2264	2265	5449	171.421
MGG_15417T0	429	430	0	0
MGG_03816T0	1434	1435	1	0.0496551
MGG_07298T0	1397	1398	242	12.3346
MGG_00543T0	2181	2182	2109	68.8712
MGG_08957T0	381	382	0	0
MGG_04194T0	2002	2003	28	0.996077
MGG_17907T0	354	355	0	0
MGG_07785T0	2112	2113	180	6.07
MGG_02191T0	1340	1341	1	0.0531358
MGG_17222T0	1735	1736	255	10.4666
MGG_04173T0	1753	1754	14096	572.641
MGG_03668T0	3678	3679	2695	52.1969
MGG_09126T0	846	847	2	0.168253
MGG_00070T0	1870	1871	84	3.19905
MGG_10418T0	327	328	0	0
MGG_08016T0	2309	2310	209	6.44689
MGG_16393T0	2074	2075	658	22.5956
MGG_05627T0	1029	1030	139	9.61598
MGG_13629T0	3079	3080	68	1.57316
MGG_11144T0	2144	2145	1975	65.6078
MGG_17499T0	537	538	12.1008	1.60269
MGG_15485T0	904	905	14	1.10229
MGG_11917T0	5142	5143	6878	95.2931
MGG_09963T0	2128	2129	513	17.1695
MGG_16222T0	989	990	42.2209	3.03884
MGG_08008T0	1229	1230	252	14.5986
MGG_03498T0	1923	1924	187.13	6.93032
MGG_01616T0	2385	2386	208	6.21168
MGG_02631T0	2146	2147	66	2.19042
MGG_15799T0	321	322	0	0
MGG_03644T0	435	436	4734	773.673
MGG_13801T0	3460	3461	375	7.7205
MGG_09761T0	1121	1122	8087	513.583
MGG_01404T0	1327	1328	478	25.6475
MGG_17587T0	189	190	0	0
MGG_09497T0	2338	2339	3404.99	103.729
MGG_04022T0	1036	1037	599	41.1589
MGG_16750T0	1440	1441	23	1.13731
MGG_10785T0	936	937	0	0
MGG_18035T0	405	406	0	0
MGG_10195T0	2296	2297	13296	412.454
MGG_07437T0	4272	4273	299.083	4.9874
MGG_12863T0	1239	1240	7	0.402246
MGG_10268T0	2058	2059	1115	38.5864
MGG_09535T0	1617	1618	662	29.1538
MGG_02863T0	1206	1207	205	12.1021
MGG_01190T0	1260	1261	82	4.63356
MGG_04905T0	2525	2526	886.225	24.9992
MGG_07087T0	3264	3265	1944	42.4257
MGG_03894T0	2787	2788	174.448	4.45851
MGG_07428T0	1229	1230	0	0
MGG_07406T0	2151	2152	23	0.761555
MGG_05693T0	2633	2634	15251	412.571
MGG_02907T0	465	466	22	3.36397
MGG_04340T0	2626	2627	0	0
MGG_06914T0	1627	1628	1899	83.1163
MGG_15502T0	219	220	12	3.88664
MGG_09523T0	12506	12507	2946	16.784
MGG_05368T0	1920	1921	87	3.22707
MGG_14006T0	222	223	1	0.31953
MGG_09004T0	1853	1854	2320.53	89.1851
MGG_07804T0	453	454	0	0
MGG_04431T0	4016	4017	12053	213.801
MGG_13813T0	1278	1279	272.054	15.1565
MGG_02848T0	165	166	5600	2403.79
MGG_10597T0	1167	1168	7	0.427042
MGG_00560T0	2595	2596	400	10.9792
MGG_15427T0	943	944	0	0
MGG_05797T0	2028	2029	369.275	12.9683
MGG_15226T0	2805	2806	1492	37.8876
MGG_06178T0	1893	1894	49	1.84345
MGG_17161T0	270	271	14	3.68107
MGG_01870T0	1485	1486	8	0.383607
MGG_02919T0	1185	1186	174	10.454
MGG_07382T0	3201	3202	2607	58.0144
MGG_07959T0	843	844	0	0
MGG_16791T0	420	421	6	1.01551
MGG_16945T0	658	659	41.8004	4.51971
MGG_04108T0	3642	3643	259	5.0659
MGG_03468T0	1125	1126	89	5.63206
MGG_09944T0	3054	3055	1554	36.2456
MGG_01584T0	1968	1969	729.382	26.3952
MGG_17597T0	168	169	0	0
MGG_06639T0	2340	2341	832.276	25.3327
MGG_10118T0	4290	4291	205	3.40417
MGG_05957T0	1247	1248	2283.83	130.396
MGG_02348T0	3837	3838	5	0.0928284
MGG_17403T0	279	280	8	2.03586
MGG_13447T0	2873	2874	445.82	11.0532
MGG_08170T0	2542	2543	2177	60.9997
MGG_03259T0	351	352	2	0.404858
MGG_03130T0	3368	3369	2766	58.5015
MGG_00456T0	5577	5578	1552	19.8257
MGG_05172T0	1281	1282	4	0.222325
MGG_01494T0	2541	2542	6555	183.744
MGG_09551T0	3954	3955	6446.57	116.144
MGG_10709T0	1767	1768	92	3.70784
MGG_10973T0	893	894	132	10.5209
MGG_07136T0	2801	2802	890.771	22.6524
MGG_02581T0	501	502	40	5.6777
MGG_10648T0	2303	2304	2	0.0618534
MGG_03928T0	1183	1184	1369.75	82.4338
MGG_17703T0	1370	1371	482	25.051
MGG_10035T0	1826	1827	20	0.780023
MGG_01338T0	2787	2788	95	2.42799
MGG_01127T0	3693	3694	492	9.49039
MGG_17405T0	213	214	11	3.66264
MGG_10857T0	5138	5139	2443	33.8736
MGG_01467T0	3280	3281	4166	90.4751
MGG_08305T0	1665	1666	24.0789	1.02986
MGG_12590T0	3805	3806	943	17.6546
MGG_16108T0	608	609	140	16.3805
MGG_06948T0	1353	1354	386	20.3135
MGG_15554T0	2507	2508	301	8.55175
MGG_06184T0	1780	1781	3746	149.872
MGG_09903T0	1326	1327	1844	99.0161
MGG_07643T0	942	943	2	0.151124
MGG_13771T0	538	539	32	4.23036
MGG_13806T0	1965	1966	5947	215.541
MGG_04576T0	1596	1597	63	2.81094
MGG_14375T0	774	775	0	0
MGG_09173T0	1322	1323	346	18.6351
MGG_09425T0	471	472	51	7.69917
MGG_05915T0	858	859	1764	146.326
MGG_05807T0	1703	1704	208	8.6978
MGG_07095T0	2669	2670	589	15.7188
MGG_00166T0	1104	1105	749	48.2987
MGG_13473T0	339	340	342	71.6742
MGG_05891T1	2226	2227	75.4033	2.4126
MGG_05891T0	2810	2811	80.0387	2.02887
MGG_02295T0	1404	1405	5	0.253577
MGG_16446T0	1152	1153	25	1.54499
MGG_15534T0	1844	1845	44	1.69931
MGG_06678T0	2741	2742	1678	43.6054
MGG_00281T0	690	691	0	0
MGG_15781T0	159	160	0	0
MGG_08631T0	948	949	271	20.3479
MGG_16471T0	1227	1228	37	2.14694
MGG_13559T0	690	691	0	0
MGG_16238T0	273	274	0	0
MGG_13467T0	2848	2849	1572.08	39.3186
MGG_01523T0	3030	3031	196.197	4.61235
MGG_16909T0	165	166	2	0.858495
MGG_01398T0	1805	1806	80	3.15637
MGG_04972T0	1222	1223	918.582	53.5189
MGG_02900T0	3602	3603	382	7.55466
MGG_03177T0	1197	1198	0	0
MGG_08205T0	1741	1742	1007	41.1905
MGG_00681T0	1652	1653	1552	66.9013
MGG_16841T0	809	810	1565	137.672
MGG_10453T0	1280	1281	3	0.166874
MGG_03595T0	3620	3621	10581	208.216
MGG_18064T0	798	799	1.74918	0.155992
MGG_08019T1	2018	2019	4183.33	147.639
MGG_08019T0	1561	1562	6422.67	292.988
MGG_09290T0	1305	1306	144	7.85661
MGG_06510T0	1219	1220	5050	294.949
MGG_04449T0	3339	3340	1959.4	41.8016
MGG_03866T0	645	646	16	1.76483
MGG_10932T0	1926	1927	97	3.58679
MGG_00289T0	2307	2308	14641	452.012
MGG_03269T0	4873	4874	328.769	4.80641
MGG_14068T0	2224	2225	17	0.544421
MGG_13607T0	11784	11785	0	0
MGG_04516T0	1612	1613	311.201	13.7475
MGG_01753T0	2433	2434	845	24.7373
MGG_15879T0	828	829	0	0
MGG_11124T0	1746	1747	0	0
MGG_05506T0	1453	1454	29	1.42118
MGG_02886T0	1359	1360	18	0.943082
MGG_05344T0	839	840	4151	352.119
MGG_00458T0	911	912	639.028	49.9276
MGG_16522T0	1133	1134	43.6095	2.74021
MGG_14133T0	5222	5223	2492	33.9973
MGG_03811T0	1701	1702	0	0
MGG_07534T0	2061	2062	417	14.41
MGG_15339T1	4192	4193	236.767	4.02358
MGG_15339T0	4258	4259	1566.23	26.2038
MGG_15866T0	2100	2101	2445.57	82.9411
MGG_06780T0	2416	2417	58	1.70989
MGG_15904T0	287	288	8	1.97931
MGG_09992T0	1485	1486	179	8.58322
MGG_03753T0	1031	1032	3	0.207137
MGG_01525T0	569	570	1954	244.267
MGG_00264T0	1625	1626	333	14.5928
MGG_05106T0	2055	2056	345	11.9567
MGG_13129T0	2229	2230	168	5.3681
MGG_06322T0	1671	1672	1600.8	68.2209
MGG_15753T0	4783	4784	1156.81	17.2301
MGG_04993T0	2111	2112	737	24.8651
MGG_07054T0	1125	1126	31	1.96173
MGG_06748T0	2639	2640	4197	113.279
MGG_01445T0	1122	1123	128	8.12168
MGG_07848T0	4392	4393	21	0.340623
MGG_07576T0	1465	1466	75	3.64538
MGG_04780T0	5315	5316	487.718	6.53732
MGG_04780T1	5138	5139	598.282	8.29551
MGG_06276T0	2429	2430	6126	179.633
MGG_00957T0	2592	2593	2521.11	69.2795
MGG_18001T0	156	157	2	0.907708
MGG_12988T0	2612	2613	1747.54	47.6545
MGG_07962T0	1670	1671	2828	120.592
MGG_08129T0	2402	2403	44	1.30471
MGG_09237T0	1369	1370	737.388	38.3523
MGG_05224T0	3926	3927	2409	43.7111
MGG_11505T0	1873	1874	237.191	9.01873
MGG_07454T0	2102	2103	1063	36.0172
MGG_12131T0	4366	4367	3393	55.3626
MGG_01575T0	1174	1175	6142	372.467
MGG_01297T0	1315	1316	112	6.06426
MGG_15819T0	255	256	7	1.94838
MGG_14936T0	1159	1160	31	1.90423
MGG_17923T0	374	375	6	1.14008
MGG_02535T0	3025	3026	1291	30.4
MGG_17750T0	1656	1657	2	0.0860049
MGG_16608T0	165	166	36	15.4529
MGG_02331T0	1446	1447	9	0.44319
MGG_00213T0	1154	1155	253	15.6083
MGG_17823T0	1878	1879	0	0
MGG_00671T0	1815	1816	122	4.78696
MGG_02182T0	483	484	0	0
MGG_01448T0	2193	2194	533	17.3104
MGG_16273T0	947	948	12	0.901963
MGG_03937T0	4236	4237	25612	430.726
MGG_03879T0	2016	2017	1603	56.6296
MGG_15889T0	195	196	0	0
MGG_17893T0	399	400	32	5.70041
MGG_08253T0	1152	1153	82	5.06758
MGG_09264T0	2102	2103	808	27.3771
MGG_12955T0	2475	2476	1618	46.5633
MGG_16707T1	1785	1786	23	0.917619
MGG_16707T0	1457	1458	0	0
MGG_15551T0	306	307	0	0
MGG_05662T0	1545	1546	627.433	28.9184
MGG_16930T0	609	610	0	0
MGG_12948T0	1369	1370	6724.26	349.735
MGG_07926T0	1269	1270	1142	64.0735
MGG_09720T0	1990	1991	10	0.357886
MGG_09129T0	3276	3277	77	1.67429
MGG_08966T0	1143	1144	10	0.622859
MGG_15019T0	2863	2864	180	4.47832
MGG_02472T0	813	814	682	59.7002
MGG_02417T0	2341	2342	591	17.9811
MGG_00400T0	991	992	19	1.36476
MGG_17558T0	2183	2184	23888.6	779.39
MGG_14836T0	915	916	2635	204.975
MGG_08919T0	4875	4876	3846	56.2033
MGG_03721T0	1536	1537	1151	53.3602
MGG_06874T0	2142	2143	3206	106.6
MGG_02042T0	2082	2083	2	0.0684158
MGG_07606T0	3210	3211	1489.56	33.0547
MGG_07606T1	3252	3253	0	0
MGG_05701T0	740	741	1053.37	101.292
MGG_17221T0	561	562	0	0
MGG_05457T0	4677	4678	494.659	7.53463
MGG_01802T0	3968	3969	8743	156.962
MGG_00144T0	1560	1561	495.883	22.6356
MGG_03236T0	1349	1350	4418.81	233.232
MGG_17346T0	252	253	107	30.1356
MGG_03238T0	2455	2456	382.083	11.0852
MGG_01778T0	3393	3394	15268	320.543
MGG_00339T0	2054	2055	432	14.9792
MGG_11589T0	731	732	5342.31	520.036
MGG_08083T0	2257	2258	3688.4	116.394
MGG_03152T0	1150	1151	10062.5	622.938
MGG_13659T0	1689	1690	220	9.27581
MGG_08498T0	1536	1537	1021	47.3334
MGG_01270T0	1109	1110	44	2.82453
MGG_00760T0	5556	5557	6103	78.2562
MGG_05982T0	1458	1459	49	2.39308
MGG_14628T0	1807	1808	514	20.2573
MGG_01550T0	1613	1614	16701	737.318
MGG_15975T0	963	964	0	0
MGG_09759T0	660	661	30	3.23397
MGG_13248T0	378	379	6	1.12805
MGG_04057T0	948	949	0	0
MGG_02645T0	339	340	5	1.04787
MGG_02708T0	1170	1171	3444	209.567
MGG_09608T0	2272	2273	4	0.125394
MGG_14623T0	1848	1849	0	0
MGG_04311T0	1606	1607	171.537	7.60604
MGG_15605T0	216	217	0	0
MGG_10109T0	588	589	45	5.44394
MGG_15731T0	2042	2043	1214	42.3415
MGG_05381T0	1443	1444	205	10.1159
MGG_08476T0	969	970	9	0.66113
MGG_14690T0	1598	1599	105	4.67904
MGG_17519T0	258	259	1	0.275116
MGG_10473T0	1455	1456	5	0.244695
MGG_15693T0	150	151	0	0
MGG_02854T0	1911	1912	591	22.025
MGG_06924T0	2012	2013	3471	122.865
MGG_10103T0	1680	1681	404	17.125
MGG_13624T0	5560	5561	9142	117.14
MGG_12986T0	2344	2345	4580	139.168
MGG_05353T0	1587	1588	10	0.44871
MGG_17047T0	168	169	3	1.26488
MGG_09102T0	1809	1810	4	0.15747
MGG_06326T0	958	959	443.541	32.9557
MGG_05716T0	715	716	779	77.5247
MGG_16998T0	651	652	1.72942	0.189003
MGG_09239T0	2351	2352	4841	146.661
MGG_12708T0	855	856	1410	117.371
MGG_06026T0	2797	2798	1524	38.8108
MGG_10463T0	1707	1708	148.477	6.19425
MGG_07086T0	1334	1335	3009.83	160.648
MGG_05004T0	3737	3738	886	16.8892
MGG_00440T0	1824	1825	14	0.546614
MGG_12999T0	3180	3181	2602	58.2854
MGG_01386T0	2071	2072	186	6.39645
MGG_15183T0	1741	1742	1	0.0409042
MGG_13191T0	1710	1711	236.871	9.86458
MGG_02431T0	408	409	29	5.05232
MGG_02899T0	2288	2289	1210	37.6665
MGG_02097T0	2643	2644	58	1.56308
MGG_16477T0	4912	4913	486.283	7.05275
MGG_00161T0	2283	2284	1688	52.6614
MGG_16045T0	625	626	3935.49	447.961
MGG_17263T0	1242	1243	166	9.51596
MGG_15774T0	1645	1646	3871	167.575
MGG_10076T0	1437	1438	87	4.31098
MGG_17873T0	474	475	46	6.90049
MGG_09361T0	1114	1115	13124	838.701
MGG_08715T0	414	415	0	0
MGG_10458T0	948	949	0	0
MGG_14211T0	280	281	9	2.28219
MGG_15336T0	381	382	0	0
MGG_09856T0	2569	2570	55	1.52491
MGG_01456T0	2245	2246	593	18.8131
MGG_10730T0	3926	3927	326	5.91524
MGG_02305T0	1419	1420	6	0.301078
MGG_09666T0	468	469	0	0
MGG_08559T0	1255	1256	1845	104.67
MGG_16188T0	889	890	16.9875	1.36005
MGG_06249T0	939	940	3220.66	244.137
MGG_15631T0	213	214	14	4.66155
MGG_08122T0	3123	3124	2555	58.2768
MGG_16835T0	2504	2505	354	10.0696
MGG_09048T0	3766	3767	734	13.8841
MGG_09431T0	1419	1420	0	0
MGG_07800T0	2489	2490	85	2.4324
MGG_00600T0	522	523	1339	182.429
MGG_02879T0	3687	3688	116	2.24121
MGG_13049T0	969	970	23	1.68955
MGG_03841T0	6205	6206	4661	53.5159
MGG_08689T0	4722	4723	2029	30.6112
MGG_00826T0	1087	1088	3	0.196475
MGG_04446T0	1910	1911	1064	39.6732
MGG_15930T0	1137	1138	0	0
MGG_14563T0	4675	4676	2755	41.982
MGG_11072T0	1096	1097	20	1.29909
MGG_06288T0	1530	1531	1109	51.6146
MGG_05551T0	1488	1489	0	0
MGG_13020T0	2283	2284	2656	82.8606
MGG_15735T0	303	304	0	0
MGG_04334T0	1845	1846	220	8.49194
MGG_17756T0	216	217	0	0
MGG_11385T0	1771	1772	726.697	29.2217
MGG_09349T0	1164	1165	2767	169.238
MGG_11914T0	2195	2196	13000.3	421.829
MGG_02009T0	3173	3174	0	0
MGG_15250T0	1791	1792	103	4.09558
MGG_13441T0	1536	1537	63	2.92067
MGG_04387T0	2004	2005	324	11.5145
MGG_15254T0	210	211	0	0
MGG_14118T0	2730	2731	2550	66.5326
MGG_08821T0	2911	2912	474.269	11.6051
MGG_16145T0	1233	1234	901	52.0266
MGG_09304T0	1276	1277	706	39.394
MGG_16925T0	1637	1638	0	0
MGG_16925T1	1572	1573	0	0
MGG_16547T0	594	595	0	0
MGG_08499T0	2264	2265	1572.21	49.4606
MGG_07325T0	1497	1498	458	21.7856
MGG_02770T0	1280	1281	5426.17	301.828
MGG_04975T0	1554	1555	114	5.22385
MGG_08458T0	1394	1395	5476	279.708
MGG_01304T0	2099	2100	4245	144.037
MGG_00227T0	1251	1252	852.561	48.5218
MGG_15981T0	360	361	0.5	0.0986913
MGG_15518T0	636	637	7	0.783023
MGG_00734T0	715	716	11	1.0947
MGG_03722T0	2349	2350	18	0.545784
MGG_12276T0	3361	3362	1807	38.298
MGG_16346T0	291	292	0	0
MGG_04432T0	2105	2106	2521	85.2963
MGG_17751T0	231	232	78	23.9565
MGG_06680T0	2377	2378	1466.68	43.948
MGG_02180T0	753	754	12	1.13403
MGG_05654T0	3176	3177	1231	27.6094
MGG_10115T0	2675	2676	3563	94.8736
MGG_16001T0	690	691	0	0
MGG_11511T0	1412	1413	2.30998	0.116488
MGG_09167T0	2596	2597	45	1.23469
MGG_06080T0	2046	2047	804	27.9869
MGG_01361T0	1836	1837	2365	91.7356
MGG_18042T0	435	436	0	0
MGG_16671T0	213	214	0	0
MGG_02836T0	2273	2274	10801	338.446
MGG_09589T0	11681	11682	97	0.591658
MGG_17040T0	571	572	0	0
MGG_15550T0	397	398	12	2.14839
MGG_09553T0	6137	6138	2974.31	34.5283
MGG_08622T0	2251	2252	4661.66	147.499
MGG_05553T0	1446	1447	0	0
MGG_01305T0	974	975	8515	622.294
MGG_17766T0	342	343	0	0
MGG_04379T0	516	517	5927	816.884
MGG_05346T0	1612	1613	143	6.3171
MGG_17541T0	276	277	14	3.60134
MGG_12958T0	4027	4028	13172	233.012
MGG_10632T0	2638	2639	15948.8	430.63
MGG_07777T0	2614	2615	781	21.2812
MGG_01011T0	1990	1991	1110	39.7253
MGG_02106T0	531	532	106	14.1974
MGG_09791T0	684	685	0	0
MGG_15638T0	333	334	161	34.3475
MGG_17163T0	258	259	9	2.47605
MGG_10655T0	2076	2077	9301	319.087
MGG_14612T0	2582	2583	0	0
MGG_13715T0	1502	1503	44	2.08598
MGG_00461T0	1533	1534	17	0.789659
MGG_09520T0	1512	1513	230.844	10.8717
MGG_08999T0	555	556	0	0
MGG_04536T1	3596	3597	1082.09	21.4357
MGG_04536T0	3685	3686	250.912	4.85045
MGG_15150T0	327	328	8	1.73793
MGG_14000T0	972	973	316.618	23.1867
MGG_02192T0	2640	2641	4	0.107921
MGG_07712T0	705	706	479	48.3445
MGG_07599T0	1271	1272	31	1.73656
MGG_01701T0	2191	2192	48	1.56033
MGG_03848T0	3247	3248	105	2.3035
MGG_15420T0	519	520	0	0
MGG_10878T0	1836	1837	90785	3521.44
MGG_01201T0	3281	3282	741	16.0878
MGG_17079T0	2136	2137	324.6	10.8233
MGG_17041T0	1684	1685	375	15.858
MGG_14916T0	2798	2799	374.985	9.54611
MGG_10325T0	1963	1964	427	15.4918
MGG_00591T0	1713	1714	3386	140.764
MGG_15571T0	447	448	8.08569	1.28604
MGG_14748T0	2027	2028	763	26.8085
MGG_07850T0	941	942	0	0
MGG_12213T0	2082	2083	44.5975	1.52559
MGG_15553T0	1381	1382	90	4.64035
MGG_09002T0	624	625	351	40.0169
MGG_15207T0	630	631	13	1.46801
MGG_10234T0	579	580	0	0
MGG_14117T0	615	616	68	7.86582
MGG_12843T0	1757	1758	2456.67	99.5736
MGG_02403T0	2172	2173	42.6749	1.39936
MGG_02403T1	2167	2168	134.325	4.41483
MGG_16264T0	204	205	3	1.04276
MGG_04258T0	920	921	1	0.0773671
MGG_08059T0	1467	1468	825	40.0446
MGG_02710T0	884	885	1748.44	140.774
MGG_16444T0	3807	3808	1671	31.2677
MGG_02565T0	1641	1642	0	0
MGG_05936T0	1323	1324	1982	106.667
MGG_02948T0	1706	1707	729	30.4306
MGG_04425T0	1557	1558	433	19.8032
MGG_12546T0	312	313	3	0.682956
MGG_02739T0	1165	1166	658.659	40.2511
MGG_13891T0	4461	4462	808	12.9032
MGG_15804T0	192	193	1	0.369197
MGG_01031T0	675	676	50	5.27035
MGG_16921T0	793	794	92	8.25626
MGG_03004T0	3077	3078	11	0.254648
MGG_02620T0	978	979	4227.18	307.669
MGG_04938T0	1143	1144	53	3.30115
MGG_05628T0	1059	1060	71	4.77275
MGG_16611T0	984	985	10.8621	0.785763
MGG_18046T0	2451	2452	73	2.12138
MGG_12029T0	639	640	0	0
MGG_01763T0	1152	1153	5	0.308999
MGG_06929T0	1784	1785	1897.03	75.7271
MGG_15709T0	174	175	0	0
MGG_08875T0	3368	3369	980	20.7272
MGG_17912T0	297	298	14	3.34755
MGG_10007T0	318	319	0	0
MGG_17908T0	1776	1777	469	18.8062
MGG_01199T0	1008	1009	868	61.2977
MGG_11371T0	4259	4260	146	2.44208
MGG_10004T0	408	409	55	9.58198
MGG_05252T0	1375	1376	1016.3	52.6282
MGG_14705T0	267	268	21	5.58342
MGG_02468T0	3234	3235	600	13.2158
MGG_07810T0	348	349	0	0
MGG_00729T0	3427	3428	71	1.47582
MGG_16028T0	225	226	0	0
MGG_06411T0	1278	1279	1141	63.5669
MGG_12939T0	1862	1863	33225	1270.77
MGG_01034T0	5402	5403	1255.21	16.5538
MGG_05666T0	5841	5842	3872	47.2269
MGG_17578T0	642	643	375	41.5562
MGG_15199T0	411	412	0	0
MGG_17804T0	189	190	0	0
MGG_01544T0	1600	1601	36	1.60224
MGG_04128T0	2204	2205	3320	107.287
MGG_04209T0	2778	2779	99	2.53841
MGG_01453T0	2446	2447	6619	192.741
MGG_16715T0	261	262	2	0.543932
MGG_01631T0	2248	2249	3632.66	115.094
MGG_08119T0	393	394	6	1.0851
MGG_00239T0	3723	3724	0	0
MGG_16302T0	1145	1146	89	5.53377
MGG_15724T0	1579	1580	47.4095	2.13808
MGG_17493T0	534	535	0	0
MGG_08026T0	965	966	12	0.885156
MGG_06765T0	2578	2579	3035	83.8539
MGG_00134T0	4621	4622	5819	89.7086
MGG_16721T0	2775	2776	169	4.33794
MGG_04903T0	2970	2971	446.406	10.7064
MGG_16514T0	561	562	1	0.126788
MGG_12424T0	3228	3229	341	7.52493
MGG_04790T0	6360	6361	1224.91	13.7213
MGG_04058T0	1577	1578	403	18.1976
MGG_04440T0	3046	3047	6236	145.831
MGG_01625T0	20262	20263	1901.05	6.68506
MGG_01625T1	20188	20189	3650.95	12.8857
MGG_04415T0	2693	2694	271	7.16783
MGG_07340T0	3338	3339	291	6.21001
MGG_00360T0	2421	2422	731	21.506
MGG_03520T0	348	349	714	145.777
MGG_13209T0	1179	1180	1029.86	62.1889
MGG_04646T0	2915	2916	3110.03	75.9963
MGG_04501T0	2464	2465	1158	33.474
MGG_02482T0	3347	3348	1606.16	34.1837
MGG_03643T0	4572	4573	206.922	3.22419
MGG_12308T0	2768	2769	920.291	23.682
MGG_00433T0	615	616	168	19.4332
MGG_10578T0	1791	1792	7766	308.799
MGG_09912T0	2338	2339	1324	40.3342
MGG_14736T0	1134	1135	37	2.32285
MGG_08802T0	1506	1507	237	11.206
MGG_02372T0	934	935	1134	86.4206
MGG_06332T0	1047	1048	1864	126.736
MGG_16508T0	399	400	15	2.67207
MGG_10189T0	2480	2481	892	25.6185
MGG_03339T0	695	696	1	0.102378
MGG_04120T0	2852	2853	365	9.11606
MGG_09149T0	2925	2926	0	0
MGG_08525T0	1560	1561	124	5.66024
MGG_11928T0	195	196	0	0
MGG_10621T0	1582	1583	0	0
MGG_18068T0	306	307	0	0
MGG_15050T0	1371	1372	82	4.25869
MGG_05459T0	4284	4285	534	8.87986
MGG_17274T0	1137	1138	39.3259	2.46236
MGG_17274T1	1084	1085	925.79	60.7993
MGG_08933T0	2264	2265	3.63865	0.114469
MGG_12043T0	315	316	0	0
MGG_05817T0	2108	2109	296	10.0007
MGG_00815T0	804	805	228	20.1816
MGG_05194T0	1341	1342	1004.63	53.3418
MGG_02568T0	453	454	625	98.0935
MGG_12175T0	16315	16316	1187	5.18386
MGG_06950T0	1701	1702	6169.78	258.301
MGG_12387T0	1215	1216	4949	290.001
MGG_04725T0	2253	2254	639	20.2005
MGG_08340T0	3001	3002	590.243	14.0099
MGG_01592T0	1929	1930	1932	71.3289
MGG_09740T0	336	337	0	0
MGG_01370T0	2918	2919	226	5.51684
MGG_08752T0	1395	1396	10	0.510423
MGG_08309T0	4752	4753	478	7.16599
MGG_06498T0	1382	1383	321	16.5386
MGG_02775T0	2065	2066	1136	39.18
MGG_00485T0	4086	4087	466.162	8.12734
MGG_13926T0	1800	1801	6194	245.061
MGG_10383T0	1897	1898	1072	40.2452
MGG_03635T0	1011	1012	1684	118.571
MGG_17783T0	168	169	0	0
MGG_09468T0	1465	1466	5	0.243026
MGG_03871T0	2790	2791	80	2.04242
MGG_00420T0	1605	1606	1	0.044368
MGG_13529T0	622	623	132	15.0974
MGG_03055T0	2500	2501	146.146	4.1638
MGG_00919T0	2214	2215	387	12.4495
MGG_08952T0	876	877	0	0
MGG_08824T0	1169	1170	1601	97.5038
MGG_17690T0	3075	3076	2826	65.4639
MGG_16306T0	153	154	21	9.7166
MGG_03021T0	2339	2340	582	17.7224
MGG_07858T0	14334	14335	20	0.0994141
MGG_07278T0	2422	2423	1137	33.4367
MGG_04201T0	1630	1631	23030	1006.13
MGG_16834T0	2451	2452	149	4.32994
MGG_16513T0	516	517	41	5.65079
MGG_14722T0	2865	2866	0	0
MGG_15925T0	261	262	0	0
MGG_06248T0	2027	2028	1392.34	48.9208
MGG_15629T0	180	181	0	0
MGG_15335T0	981	982	0	0
MGG_05342T0	1562	1563	6681	304.578
MGG_04686T0	2567	2568	1321	36.6542
MGG_15837T0	1421	1422	238	11.926
MGG_09834T0	2986	2987	279	6.65556
MGG_00682T0	360	361	567	111.916
MGG_17762T0	306	307	0	0
MGG_12098T0	2397	2398	1397	41.511
MGG_11525T0	1166	1167	12	0.7327
MGG_09081T0	1707	1708	6201	258.696
MGG_15038T0	3810	3811	20605	385.256
MGG_06492T0	4093	4094	1400	24.3667
MGG_09917T0	4031	4032	3807	67.2788
MGG_16999T0	644	645	16	1.76757
MGG_14835T0	2135	2136	640	21.3498
MGG_00565T0	561	562	2	0.253577
MGG_10699T0	1637	1638	589	25.6223
MGG_17815T0	322	323	19	4.19148
MGG_07461T0	3218	3219	497	11.0015
MGG_10500T0	1374	1375	1	0.0518219
MGG_16573T0	510	511	0	0
MGG_14116T0	321	322	11	2.43418
MGG_03990T0	2445	2446	521.001	15.1774
MGG_08066T0	666	667	18.137	1.93756
MGG_16824T0	198	199	3	1.0742
MGG_04418T0	2067	2068	3623.96	124.867
MGG_16118T0	195	196	12	4.36256
MGG_09861T0	2152	2153	102	3.37576
MGG_07012T0	2679	2680	3662	97.3642
MGG_06451T0	1516	1517	68	3.19403
MGG_17209T0	561	562	0	0
MGG_18133T0	2424	2425	0	0
MGG_07083T0	3917	3918	2619	47.6307
MGG_06669T0	1140	1141	1201	75.0021
MGG_05881T0	2325	2326	77	2.35883
MGG_00046T0	2838	2839	23	0.577269
MGG_12864T0	1751	1752	325	13.218
MGG_10056T0	1690	1691	10	0.421378
MGG_12760T0	2523	2524	40.5462	1.14466
MGG_12760T1	2002	2003	215.122	7.65281
MGG_02624T0	1415	1416	1907	95.9629
MGG_04955T0	1230	1231	435	25.1795
MGG_15248T0	4836	4837	13	0.191506
MGG_09408T1	8496	8497	713.909	5.98678
MGG_09408T2	8207	8208	126.794	1.10072
MGG_09408T0	8566	8567	13380.5	111.291
MGG_06724T0	1059	1060	208	13.9821
MGG_04974T0	1147	1148	1042	64.6758
MGG_16778T0	1323	1324	1.57448	0.0847352
MGG_06009T0	1503	1504	34	1.61082
MGG_17863T0	150	151	20	9.43776
MGG_08626T1	1568	1569	106.679	4.84475
MGG_08626T0	2128	2129	618.583	20.7032
MGG_13874T0	1722	1723	0	0
MGG_01412T0	1548	1549	39	1.79403
MGG_14742T0	2558	2559	597	16.6234
MGG_13679T0	222	223	0	0
MGG_18090T0	756	757	0	0
MGG_13563T0	1153	1154	1166	71.996
MGG_06636T0	1268	1269	151	8.47874
MGG_12473T0	3405	3406	7199	150.606
MGG_05984T0	1861	1862	1308	50.0546
MGG_16191T0	162	163	2	0.874296
MGG_14622T0	246	247	0	0
MGG_09969T0	1773	1774	84	3.37397
MGG_06155T0	3628	3629	28	0.549777
MGG_09695T0	1341	1342	470.123	24.9617
MGG_15296T0	615	616	1	0.115674
MGG_09503T0	1946	1947	81	2.96439
MGG_04114T0	2122	2123	3753	125.963
MGG_06148T0	3084	3085	17888	413.164
MGG_00589T0	1793	1794	255.901	10.164
MGG_12606T0	1834	1835	17265	670.419
MGG_15769T0	2335	2336	2730	83.2733
MGG_06261T0	4936	4937	2007	28.9668
MGG_13291T0	3080	3081	16	0.370036
MGG_05927T0	1081	1082	354	23.3127
MGG_02939T0	2965	2966	3320	79.7596
MGG_17790T0	294	295	0	0
MGG_17492T0	2971	2972	1293	31.0003
MGG_08677T0	1143	1144	16	0.996575
MGG_04325T0	2424	2425	20831.4	612.1
MGG_02944T0	5145	5146	6930	95.9576
MGG_14340T0	1035	1036	9.04449	0.622071
MGG_06078T0	2372	2373	465	13.9628
MGG_03327T0	1707	1708	3125	130.37
MGG_12733T0	1024	1025	4	0.278069
MGG_05652T0	5487	5488	3644.98	47.3256
MGG_16708T0	156	157	4	1.81542
MGG_03599T0	1519	1520	565.234	26.4973
MGG_03524T0	1825	1826	2850	111.214
MGG_06737T0	711	712	33.1267	3.31523
MGG_10013T0	1017	1018	4	0.279981
MGG_00540T0	2167	2168	455	14.9544
MGG_12668T0	1014	1015	1413	99.1955
MGG_04406T0	8595	8596	22	0.182365
MGG_03940T0	1957	1958	670	24.3825
MGG_14862T0	372	373	43	8.21439
MGG_08132T0	1762	1763	5943	240.198
MGG_15515T0	1494	1495	0	0
MGG_08838T0	698	699	441	44.9549
MGG_03723T0	1551	1552	1431	65.6998
MGG_16587T0	252	253	0	0
MGG_11304T0	556	557	5	0.639633
MGG_02110T0	1109	1110	6	0.385163
MGG_01252T0	731	732	695	67.6534
MGG_09381T0	1317	1318	0	0
MGG_06653T0	1305	1306	12057	657.827
MGG_17147T0	180	181	0	0
MGG_16136T0	183	184	0	0
MGG_14791T0	1191	1192	74	4.42355
MGG_14994T0	923	924	23	1.77367
MGG_07934T0	1017	1018	7	0.489966
MGG_17198T0	711	712	16	1.60124
MGG_09603T0	1044	1045	0	0
MGG_06387T0	2162	2163	1050	34.5898
MGG_13026T0	961	962	81	5.99965
MGG_09827T0	1850	1851	920	35.4158
MGG_04973T0	1724	1725	14	0.578302
MGG_10537T0	2131	2132	145	4.84615
MGG_09128T0	539	540	0	0
MGG_16155T0	228	229	8	2.48926
MGG_17416T0	784	785	57	5.17394
MGG_02385T0	4158	4159	1870	32.0382
MGG_10179T0	726	727	1671	163.779
MGG_03476T0	2080	2081	211	7.22481
MGG_10917T0	1659	1660	1189	51.0375
MGG_04167T0	687	688	5514	571.076
MGG_17849T0	201	202	0	0
MGG_08200T0	2930	2931	383	9.31105
MGG_02621T1	1853	1854	0	0
MGG_02621T0	1712	1713	188.819	7.85424
MGG_01695T0	5453	5454	4037.52	52.7492
MGG_08684T0	447	448	0	0
MGG_01294T0	3999	4000	701	12.4875
MGG_16736T0	366	367	0	0
MGG_04962T0	1917	1918	36	1.33743
MGG_06752T0	3036	3037	678	15.9075
MGG_00445T0	2165	2166	169.301	5.56949
MGG_11783T0	5168	5169	10367	142.91
MGG_02522T0	438	439	288	46.7459
MGG_06904T0	2016	2017	821	29.0037
MGG_10255T0	1530	1531	4	0.186166
MGG_00496T0	1533	1534	2335	108.462
MGG_06575T0	1845	1846	35	1.35099
MGG_13168T0	3623	3624	935	18.384
MGG_09015T0	1432	1433	44	2.18787
MGG_18141T0	372	373	0	0
MGG_11196T0	3505	3506	814	16.5435
MGG_07832T0	1224	1225	24	1.39602
MGG_16495T0	243	244	1	0.292029
MGG_11708T0	663	664	540	57.9484
MGG_00825T0	342	343	0	0
MGG_16947T0	840	841	47.2357	4.00212
MGG_11149T0	1670	1671	2993	127.628
MGG_01894T0	3144	3145	4001	90.6492
MGG_15976T0	2652	2653	11	0.295441
MGG_12129T0	1050	1051	1616	109.561
MGG_10669T0	2343	2344	1087	33.0436
MGG_08063T0	1971	1972	1884	68.0753
MGG_06418T0	2222	2223	4699	150.62
MGG_00976T0	4815	4816	2088	30.893
MGG_15933T0	2066	2067	10	0.344727
MGG_05186T0	1518	1519	3708	173.939
MGG_15364T0	666	667	0	0
MGG_08620T0	1803	1804	184	7.2677
MGG_17654T0	1274	1275	0	0
MGG_09617T0	375	376	2	0.379016
MGG_12377T0	5995	5996	3092	36.7446
MGG_05236T0	1201	1202	596	35.3311
MGG_10596T0	2832	2833	3276.4	82.4074
MGG_10596T1	3025	3026	2337.6	55.0449
MGG_06521T0	1799	1800	1778	70.3842
MGG_09376T0	1650	1651	0	0
MGG_03634T0	2734	2735	13155	342.728
MGG_12174T0	1307	1308	4242	231.089
MGG_01457T0	3311	3312	1437.08	30.9177
MGG_12480T0	1215	1216	6	0.351588
MGG_08296T0	1701	1702	54.3191	2.2741
MGG_08296T1	1419	1420	41.6809	2.09153
MGG_16038T0	2396	2397	1898	56.4214
MGG_12946T0	678	679	0	0
MGG_05599T0	3581	3582	405	8.05648
MGG_04657T0	5521	5522	1549.98	20.0008
MGG_03832T0	1497	1498	0	0
MGG_00290T0	1205	1206	32.0208	1.89191
MGG_05826T0	1538	1539	32.0548	1.48412
MGG_00167T0	1346	1347	9894	523.384
MGG_08962T0	995	996	0	0
MGG_15565T0	1815	1816	528	20.7173
MGG_11534T0	3856	3857	10196	188.363
MGG_09300T0	3196	3197	3122	69.5835
MGG_00765T0	468	469	25	3.79825
MGG_14926T0	531	532	0	0
MGG_09724T0	417	418	0	0
MGG_00079T1	2031	2032	0	0
MGG_00079T0	1866	1867	0	0
MGG_18142T0	564	565	0	0
MGG_13440T0	1476	1477	181	8.732
MGG_11280T0	870	871	4	0.327233
MGG_06771T0	675	676	37977	4003.04
MGG_17332T0	186	187	0	0
MGG_17724T0	1497	1498	248.251	11.8085
MGG_16722T0	273	274	4	1.04022
MGG_11904T0	4618	4619	543	8.3766
MGG_02486T0	2571	2572	284	7.86798
MGG_10607T0	1921	1922	1585	58.7613
MGG_14772T0	1102	1103	13377	864.17
MGG_04067T0	3266	3267	896	19.5423
MGG_00203T0	2521	2522	43	1.2149
MGG_01615T0	4199	4200	4091	69.4058
MGG_00759T0	2096	2097	3180.09	108.058
MGG_00834T0	2098	2099	370	12.5604
MGG_16771T0	283	284	59	14.803
MGG_01817T0	2851	2852	1365	34.1035
MGG_09310T0	2712	2713	517	13.5787
MGG_16922T0	426	427	0	0
MGG_04423T0	2567	2568	1470.28	40.7964
MGG_01180T0	1426	1427	2063	103.013
MGG_07505T0	809	810	68	5.98191
MGG_17252T0	1554	1555	184	8.43147
MGG_15246T0	1008	1009	20	1.41239
MGG_10435T0	1221	1222	0	0
MGG_04364T0	2127	2128	206	6.89781
MGG_17998T0	465	466	0	0
MGG_17781T0	267	268	0	0
MGG_15752T0	219	220	5	1.61943
MGG_13499T0	2056	2057	1807	62.595
MGG_02302T0	1350	1351	18	0.949365
MGG_16275T0	150	151	0	0
MGG_02064T0	2094	2095	78	2.65293
MGG_01130T0	2570	2571	2837	78.6273
MGG_08771T0	1150	1151	319	19.7484
MGG_16691T0	204	205	5	1.73793
MGG_12159T0	2070	2071	757.101	26.0489
MGG_15052T0	339	340	8	1.67659
MGG_11061T0	2860	2861	4884	121.639
MGG_00102T0	2344	2345	408	12.3975
MGG_06587T0	1783	1784	473.058	18.8945
MGG_16442T0	1093	1094	256	16.674
MGG_00127T0	2040	2041	143	4.99239
MGG_08121T0	2084	2085	1085	37.08
MGG_03945T0	2144	2145	161	5.34828
MGG_02972T0	2003	2004	0	0
MGG_01666T0	2935	2936	4325	104.965
MGG_15295T0	2892	2893	1051	25.8863
MGG_12383T0	2778	2779	0	0
MGG_08974T0	2337	2338	314	9.56976
MGG_07673T0	1927	1928	695	25.6858
MGG_01122T0	1153	1154	16	0.987939
MGG_16719T0	279	280	0	0
MGG_16335T0	246	247	4	1.15393
MGG_17665T0	420	421	0	0
MGG_15005T0	2135	2136	726	24.2187
MGG_06960T0	2469	2470	1064	30.6945
MGG_06932T0	2472	2473	2272	65.4636
MGG_11573T0	992	993	2492	178.819
MGG_02050T0	1670	1671	1313	55.9892
MGG_17091T0	192	193	5	1.84599
MGG_03997T0	3463	3464	5859.76	120.536
MGG_15540T0	1449	1450	1102.73	54.1895
MGG_13222T0	2525	2526	1041	29.3652
MGG_11945T0	2886	2887	1492	36.8246
MGG_03630T0	2058	2059	1933	66.8946
MGG_17700T0	331	332	3	0.643871
MGG_04131T0	2168	2169	3884.2	127.602
MGG_14330T0	1653	1654	28	1.20625
MGG_08334T0	1710	1711	325.168	13.5417
MGG_10805T0	990	991	0	0
MGG_04878T0	6696	6697	3366	35.8137
MGG_04703T0	6310	6311	4377	49.419
MGG_06323T0	1244	1245	6222.2	356.115
MGG_16716T0	396	397	44	7.89729
MGG_08203T0	486	487	5824	852.135
MGG_05477T0	1892	1893	8460	318.446
MGG_01218T0	4042	4043	14	0.24674
MGG_17997T0	339	340	2	0.419148
MGG_17955T0	582	583	0	0
MGG_16634T0	1284	1285	65.5442	3.63452
MGG_00700T0	2586	2587	2192	60.3754
MGG_17876T0	339	340	0	0
MGG_07258T0	2947	2948	371	8.96731
MGG_07211T0	2131	2132	2189	73.1601
MGG_14216T0	480	481	5	0.740697
MGG_08176T0	756	757	36	3.38862
MGG_01455T0	920	921	3.04425	0.235524
MGG_17903T0	288	289	0	0
MGG_10266T0	1293	1294	1	0.0550658
MGG_13180T0	198	199	9	3.22259
MGG_08387T0	1632	1633	0	0
MGG_08737T0	1931	1932	39	1.43838
MGG_06138T0	3997	3998	3227	57.5138
MGG_16123T0	417	418	17	2.89793
MGG_09391T0	1281	1282	0	0
MGG_00833T0	2843	2844	324	8.11767
MGG_15542T0	291	292	0	0
MGG_13671T0	240	241	3	0.886993
MGG_00143T0	2383	2384	2757	82.4036
MGG_04002T0	896	897	6768	537.63
MGG_12922T0	5146	5147	1870	25.8883
MGG_17316T0	258	259	0	0
MGG_03316T1	3068	3069	25.1554	0.58405
MGG_03316T0	2946	2947	14.8446	0.358926
MGG_10696T0	1810	1811	61	2.40009
MGG_11340T0	4555	4556	2165	33.8602
MGG_15110T0	1329	1330	87.1618	4.66971
MGG_09995T0	4732	4733	5135	77.3072
MGG_10414T0	1884	1885	379	14.3266
MGG_11188T0	4106	4107	302.562	5.24935
MGG_03714T0	3257	3258	4943	108.107
MGG_06218T0	3768	3769	5500	103.981
MGG_15188T0	639	640	0	0
MGG_15037T0	1638	1639	10	0.434747
MGG_10475T0	1431	1432	1	0.0497591
MGG_16138T0	309	310	7	1.60899
MGG_04678T0	1761	1762	880	35.5871
MGG_15701T0	3144	3145	9.60496	0.217616
MGG_01840T0	3259	3260	993	21.7044
MGG_16977T0	423	424	1	0.168054
MGG_16729T0	1733	1734	1642	67.4745
MGG_04493T0	2789	2790	3167	80.8835
MGG_07726T0	369	370	17	3.27388
MGG_07529T0	821	822	164	14.2163
MGG_02782T0	1635	1636	1138	49.565
MGG_10066T0	942	943	21024	1588.62
MGG_05375T0	1286	1287	1184	65.5525
MGG_04003T0	1305	1306	149	8.12941
MGG_03979T0	3028	3029	1041.92	24.5105
MGG_16355T0	901	902	1	0.0789968
MGG_07584T0	1629	1630	6	0.262289
MGG_03651T0	2240	2241	134.129	4.26478
MGG_09359T0	4034	4035	334.557	5.90802
MGG_10483T0	1929	1930	180	6.64555
MGG_11710T0	1032	1033	1496	103.192
MGG_04278T0	1113	1114	15	0.959449
MGG_15441T0	1716	1717	0	0
MGG_16311T0	892	893	319	25.4539
MGG_15771T0	413	414	11	1.89325
MGG_15194T0	723	724	0	0
MGG_05258T0	2178	2179	2673	87.4093
MGG_04818T0	1461	1462	4627	225.511
MGG_08587T0	2659	2660	343	9.18816
MGG_15239T0	1442	1443	6776	334.598
MGG_10466T0	798	799	0	0
MGG_08134T0	4108	4109	130.021	2.25472
MGG_04669T0	3578	3579	3244	64.5855
MGG_00816T0	831	832	35	2.99751
MGG_02117T0	2134	2135	2470	82.4356
MGG_04363T0	2953	2954	2528	60.9793
MGG_00709T0	741	742	354.761	34.0681
MGG_08218T0	471	472	0	0
MGG_17070T0	237	238	4	1.19756
MGG_06763T0	1939	1940	597.047	21.9292
MGG_08342T0	1826	1827	121.896	4.75406
MGG_13532T0	3769	3770	2109	39.8613
MGG_10441T0	1014	1015	146	10.2495
MGG_07434T0	2608	2609	5336.11	145.736
MGG_00920T0	1676	1677	282	11.9821
MGG_13007T0	2666	2667	2171	58.0033
MGG_05294T0	1469	1470	970	47.0187
MGG_10792T0	1332	1333	273	14.5931
MGG_00468T0	2999	3000	3916	93.0116
MGG_16802T0	492	493	0	0
MGG_15501T1	1207	1208	0	0
MGG_15501T0	1211	1212	208.987	12.2866
MGG_04729T0	1368	1369	2867	149.224
MGG_15991T0	3364	3365	889	18.8249
MGG_08871T0	4185	4186	479	8.15365
MGG_03510T0	5258	5259	2289	31.0141
MGG_07052T0	1791	1792	1427	56.7416
MGG_15062T0	1585	1586	476	21.3855
MGG_14966T0	1548	1549	179	8.23413
MGG_05163T0	1857	1858	1	0.0383504
MGG_03086T0	1245	1246	429	24.5333
MGG_01008T0	3036	3037	3502	82.1651
MGG_01036T0	2033	2034	91	3.18791
MGG_16749T0	2622	2623	1471	39.9604
MGG_18012T0	159	160	6	2.67207
MGG_17988T0	741	742	980	94.1105
MGG_06916T0	1006	1007	720.71	50.9973
MGG_04935T0	1993	1994	9615	343.59
MGG_14676T0	2887	2888	1871	46.1628
MGG_03388T0	1608	1609	548	24.2684
MGG_04803T0	5110	5111	3361	46.8574
MGG_00120T0	588	589	91	11.0089
MGG_10630T0	3140	3141	2896.19	65.7015
MGG_08526T0	1725	1726	18	0.743101
MGG_11688T0	575	576	5	0.618534
MGG_07212T0	928	929	735	56.3751
MGG_03849T0	868	869	24	1.96792
MGG_04830T0	1995	1996	1440.57	51.4268
MGG_15072T0	3036	3037	5391	126.485
MGG_03650T0	945	946	112	8.43612
MGG_16112T0	156	157	1	0.453854
MGG_01940T0	1434	1435	0	0
MGG_07878T0	2503	2504	318	9.04917
MGG_17352T0	207	208	8	2.74058
MGG_03128T0	1177	1178	55	3.32685
MGG_08423T0	1973	1974	2885.16	104.145
MGG_09935T0	4038	4039	573.044	10.1095
MGG_09175T0	1511	1512	48	2.26207
MGG_00634T0	4254	4255	272	4.55497
MGG_17024T0	1368	1369	0	0
MGG_06825T0	1146	1147	20	1.24246
MGG_03625T0	2340	2341	4512	137.336
MGG_07247T0	1659	1660	171	7.34013
MGG_03619T0	2247	2248	22094	700.316
MGG_10782T0	669	670	0	0
MGG_14944T0	897	898	5	0.396743
MGG_15412T0	252	253	0	0
MGG_15957T0	405	406	4	0.702021
MGG_13014T0	6236	6237	18584	212.314
MGG_10855T0	1470	1471	384.319	18.6164
MGG_16738T0	2383	2384	419.808	12.5476
MGG_11282T0	2637	2638	673.396	18.1891
MGG_10619T0	763	764	370	34.5084
MGG_07455T0	1382	1383	83	4.27634
MGG_08178T0	3161	3162	456	10.2759
MGG_14593T0	939	940	0	0
MGG_07251T0	948	949	31	2.32762
MGG_01436T0	1951	1952	426.763	15.5784
MGG_00780T0	1249	1250	353	20.1224
MGG_13374T0	867	868	80	6.56729
MGG_17078T0	2356	2357	787	23.792
MGG_12164T0	2305	2306	2505	77.4042
MGG_08594T0	4347	4348	2907.2	47.6432
MGG_01834T0	3641	3642	1234	24.143
MGG_11869T0	774	775	438	40.2706
MGG_11489T0	5188	5189	492.537	6.76349
MGG_14857T0	1502	1503	511.603	24.2544
MGG_01943T0	687	688	3	0.310705
MGG_10400T0	1501	1502	633	30.0296
MGG_04577T0	3087	3088	617	14.2372
MGG_15175T0	2276	2277	596	18.6509
MGG_01419T0	4812	4813	1094	16.1964
MGG_00268T0	2145	2146	53.748	1.78463
MGG_00268T1	2581	2582	54.252	1.49718
MGG_14712T0	14199	14200	116	0.582084
MGG_07660T0	4179	4180	16646	283.759
MGG_03493T0	1809	1810	40	1.5747
MGG_17372T0	1752	1753	3	0.121943
MGG_09664T0	2875	2876	10	0.247758
MGG_04826T0	1677	1678	2284	96.9884
MGG_13598T0	1365	1366	9	0.46947
MGG_15322T0	780	781	67	6.11279
MGG_14496T0	4213	4214	1137	19.2257
MGG_08050T0	1861	1862	1169	44.7353
MGG_15888T0	2531	2532	369	10.3843
MGG_01756T0	1121	1122	2064	131.079
MGG_09675T0	426	427	0	0
MGG_09501T0	1212	1213	336	19.7376
MGG_09266T0	987	988	731	52.7201
MGG_06429T0	2123	2124	490	16.4383
MGG_00958T0	2410	2411	988	29.1995
MGG_14981T0	681	682	0	0
MGG_07276T0	2989	2990	1317	31.3856
MGG_16153T0	186	187	0	0
MGG_08112T0	2805	2806	2176	55.257
MGG_04253T0	1942	1943	44	1.6136
MGG_03733T0	1741	1742	858.947	35.1345
MGG_11899T0	3679	3680	6498	125.819
MGG_13465T0	2066	2067	599	20.6492
MGG_16458T0	360	361	7	1.38168
MGG_02889T0	902	903	125359	9891.99
MGG_17596T0	1750	1751	417	16.9694
MGG_00345T0	7679	7680	5827	54.0629
MGG_17837T0	237	238	1	0.299391
MGG_08275T0	820	821	19277	1673.06
MGG_00142T0	2812	2813	3257	82.5019
MGG_17124T0	183	184	0	0
MGG_07731T0	2493	2494	304	8.68546
MGG_01224T0	2976	2977	617	14.768
MGG_08003T0	1664	1665	0	0
MGG_04383T0	1572	1573	285	12.9102
MGG_17495T0	423	424	2	0.336109
MGG_16307T0	322	323	0	0
MGG_18039T0	831	832	18	1.54158
MGG_03157T0	1746	1747	298	12.1546
MGG_05661T0	1036	1037	7357.57	505.558
MGG_04712T0	2296	2297	627.956	19.4798
MGG_09261T0	969	970	28	2.05685
MGG_14718T0	414	415	0	0
MGG_10448T0	2893	2894	3559	87.6285
MGG_09839T0	1297	1298	1	0.0548961
MGG_08011T0	1316	1317	226	12.2275
MGG_16662T0	309	310	0	0
MGG_14565T0	564	565	0	0
MGG_00691T0	2781	2782	1293	33.1175
MGG_08897T0	2517	2518	499	14.1208
MGG_10492T0	1910	1911	9360	349.005
MGG_06458T0	2101	2102	2264.34	76.7582
MGG_05418T0	852	853	49	4.0932
MGG_03961T0	1353	1354	503.516	26.4978
MGG_03301T0	1124	1125	29	1.8368
MGG_08844T0	1086	1087	3410.55	223.569
MGG_03765T0	2424	2425	23674	695.626
MGG_09536T0	3497	3498	2772	56.4663
MGG_10278T0	1534	1535	3	0.139261
MGG_16418T0	1224	1225	33	1.91952
MGG_18032T0	189	190	3	1.12508
MGG_08323T0	1525	1526	2394	111.786
MGG_04076T0	1752	1753	34	1.38202
MGG_15938T0	387	388	0	0
MGG_10509T0	1365	1366	5	0.260817
MGG_02591T0	890	891	5	0.39986
MGG_05843T0	1676	1677	1	0.0424896
MGG_15846T0	366	367	35	6.79544
MGG_07354T0	1371	1372	337	17.5022
MGG_04839T0	1300	1301	1773	97.1063
MGG_13025T0	2341	2342	78	2.37314
MGG_10779T0	402	403	0	0
MGG_03898T0	2124	2125	37	1.24068
MGG_01729T0	1246	1247	143	8.17119
MGG_00275T0	2382	2383	332.387	9.93883
MGG_13549T0	984	985	87	6.2936
MGG_01611T0	666	667	696	74.3531
MGG_15329T0	1386	1387	122	6.26757
MGG_04570T0	1962	1963	134	4.86408
MGG_04081T0	888	889	799	64.0414
MGG_04370T0	2842	2843	9	0.22557
MGG_17360T0	330	331	1	0.215272
MGG_04339T0	1943	1944	4	0.146615
MGG_15811T0	1274	1275	158	8.83004
MGG_09353T0	2181	2182	6	0.195935
MGG_12749T0	2471	2472	1035	29.8337
MGG_10467T0	650	651	2	0.21891
MGG_16754T0	359	360	20	3.95862
MGG_08057T0	1617	1618	493	21.7112
MGG_00752T0	1346	1347	576	30.4699
MGG_16627T0	201	202	0	0
MGG_06449T0	3945	3946	224.155	4.04769
MGG_18036T0	159	160	0	0
MGG_03900T0	2112	2113	1801	60.7337
MGG_02224T0	1470	1471	450	21.798
MGG_08027T0	720	721	15	1.48242
MGG_02881T0	1374	1375	248	12.8518
MGG_06821T0	1995	1996	573	20.4555
MGG_10154T0	1525	1526	1665	77.7456
MGG_03003T0	1443	1444	437	21.564
MGG_16434T0	772	773	2.02356	0.186531
MGG_05397T0	2153	2154	132	4.36661
MGG_00689T0	3262	3263	697	15.2206
MGG_01007T0	1299	1300	190.688	10.4519
MGG_04891T0	3302	3303	147	3.17121
MGG_05844T0	1690	1691	38	1.60124
MGG_02132T0	3140	3141	759	17.2183
MGG_11612T0	1625	1626	336	14.7243
MGG_01807T0	1304	1305	1530	83.5404
MGG_06902T0	3372	3373	758	16.0129
MGG_01259T0	1874	1875	776	29.4901
MGG_00238T0	1530	1531	0	0
MGG_11749T0	240	241	81	23.9488
MGG_06941T0	2084	2085	1134	38.7546
MGG_06321T0	2437	2438	1817	53.1052
MGG_04037T0	6031	6032	2037	24.0628
MGG_09216T0	1091	1092	58	3.78461
MGG_07063T0	3045	3046	2587	60.5177
MGG_09487T0	2025	2026	968	34.0449
MGG_04495T0	2406	2407	760	22.4985
MGG_05913T0	657	658	174978	18948.4
MGG_00513T0	358	359	335	66.4915
MGG_13188T0	1736	1737	416	17.0651
MGG_11543T0	1471	1472	482	23.3322
MGG_03425T0	1245	1246	13	0.743432
MGG_16057T0	630	631	0	0
MGG_04720T0	1879	1880	684	25.9247
MGG_17836T0	159	160	3	1.33603
MGG_17490T0	956	957	13	0.967937
MGG_15281T0	4126	4127	918.264	15.8544
MGG_01551T0	2887	2888	5360	132.246
MGG_07002T0	475	476	12	1.79635
MGG_00876T0	2219	2220	592.184	19.0073
MGG_17787T0	2185	2186	1126.78	36.7286
MGG_16703T0	357	358	0	0
MGG_01989T0	1665	1666	4	0.171081
MGG_04321T1	4397	4398	3666.18	59.3984
MGG_04321T0	3549	3550	1496.82	30.0439
MGG_01804T0	3008	3009	1223	28.9614
MGG_01518T0	4308	4309	4448.95	73.5694
MGG_06694T0	2266	2267	2307.22	72.5192
MGG_09541T0	1836	1837	35	1.35761
MGG_13185T0	2727	2728	4401	114.954
MGG_02062T0	1206	1207	643	37.9594
MGG_07927T0	2252	2253	829.851	26.2455
MGG_17424T0	201	202	0	0
MGG_17154T0	2099	2100	2	0.067862
MGG_11288T0	2535	2536	330.074	9.27422
MGG_15133T0	3145	3146	3212	72.7499
MGG_01048T0	1431	1432	900	44.7832
MGG_07404T0	1806	1807	818	32.256
MGG_12715T0	672	673	68	7.19962
MGG_17007T0	150	151	0	0
MGG_04978T0	1591	1592	5178	231.758
MGG_02611T0	4019	4020	2255	39.9702
MGG_17287T0	1080	1081	0	0
MGG_01075T0	579	580	48.2337	5.92569
MGG_16007T0	600	601	0	0
MGG_07237T0	1216	1217	969	56.7347
MGG_00633T0	3102	3103	1816	41.7013
MGG_00636T0	1953	1954	1501	54.7359
MGG_16748T0	420	421	8	1.35402
MGG_14983T0	546	547	0	0
MGG_09697T0	4920	4921	9658	139.846
MGG_02203T0	1678	1679	4	0.169756
MGG_16366T0	273	274	3	0.780165
MGG_08304T0	3948	3949	665.921	12.0158
MGG_15444T0	325	326	2	0.437148
MGG_11739T0	1647	1648	1389	60.0566
MGG_11445T1	1042	1043	34.6746	2.36888
MGG_11445T0	1050	1051	0.325435	0.0220636
MGG_09251T0	882	883	10	0.806966
MGG_12636T0	2586	2587	1005	27.6812
MGG_16860T0	1481	1482	50	2.40402
MGG_13223T0	4029	4030	462	8.1687
MGG_02006T0	2349	2350	61	1.8496
MGG_04375T0	1988	1989	598	21.4231
MGG_08333T0	1163	1164	59.832	3.66266
MGG_06225T0	462	463	66	10.1573
MGG_17625T0	2442	2443	0	0
MGG_07571T0	1498	1499	0	0
MGG_17120T0	333	334	0	0
MGG_14146T0	522	523	0	0
MGG_00451T0	1532	1533	12516	581.754
MGG_12327T0	2524	2525	3915	110.481
MGG_09398T0	1932	1933	4073	150.141
MGG_05435T0	2069	2070	87	2.99478
MGG_02784T0	6946	6947	2189	22.4525
MGG_06329T0	1041	1042	278	19.0105
MGG_04875T0	1163	1164	47	2.87714
MGG_03424T0	1077	1078	1	0.0660993
MGG_06374T0	1944	1945	2281	83.5644
MGG_04882T0	1801	1802	817	32.306
MGG_00162T0	885	886	2557	205.643
MGG_17314T0	354	355	2	0.401437
MGG_04917T0	4813	4814	1307	19.3457
MGG_05451T0	2472	2473	2921	84.1634
MGG_02778T0	543	544	8	1.04787
MGG_02461T0	2494	2495	628	17.9351
MGG_17118T0	375	376	41	7.76984
MGG_07994T0	555	556	0	0
MGG_05692T0	705	706	254	25.6357
MGG_15078T0	3624	3625	2478	48.709
MGG_17718T1	629	630	9.43478	1.06711
MGG_17718T0	767	768	5.56522	0.516341
MGG_14883T0	904	905	2470	194.475
MGG_13871T0	525	526	1	0.135466
MGG_05398T0	746	747	6	0.57233
MGG_04127T0	1588	1589	630	28.2509
MGG_18134T0	2043	2044	333	11.6086
MGG_10975T0	375	376	83	15.7292
MGG_04198T0	905	906	655	51.5144
MGG_07014T0	4006	4007	738	13.1236
MGG_17759T0	408	409	0	0
MGG_09729T0	450	451	4	0.631974
MGG_16603T0	408	409	11	1.9164
MGG_15968T0	1356	1357	0	0
MGG_01864T0	758	759	2	0.18776
MGG_05429T1	711	712	0	0
MGG_05429T0	946	947	14	1.0534
MGG_17505T0	2195	2196	964	31.2796
MGG_16468T0	249	250	4	1.14008
MGG_12005T0	4368	4369	4441	72.4294
MGG_05819T0	660	661	3	0.323397
MGG_05612T0	631	632	67	7.55394
MGG_00095T0	3220	3221	38.1878	0.844793
MGG_17945T0	1647	1648	3527	152.498
MGG_10683T0	1818	1819	3	0.117518
MGG_03280T0	2309	2310	549	16.9347
MGG_00355T0	850	851	768	64.3054
MGG_00893T0	1588	1589	8.59171	0.385276
MGG_00893T1	1332	1333	23.4083	1.25128
MGG_08985T0	3125	3126	89	2.0287
MGG_09369T0	3259	3260	823.908	18.0085
MGG_03862T0	3557	3558	3589	71.8759
MGG_10286T0	336	337	0	0
MGG_00459T0	1251	1252	692.972	39.4391
MGG_06087T0	3414	3415	1551	32.3621
MGG_16397T0	222	223	0	0
MGG_10111T0	1297	1298	112	6.14836
MGG_02134T0	1816	1817	146	5.72551
MGG_16352T0	385	386	6	1.10759
MGG_04866T0	1781	1782	68.1753	2.72606
MGG_02130T0	1704	1705	47	1.96422
MGG_02320T0	1636	1637	32	1.39289
MGG_01309T0	3164	3165	312.474	7.03486
MGG_14022T0	1233	1234	3	0.17323
MGG_02346T0	2003	2004	321	11.4136
MGG_11492T0	345	346	5	1.0297
MGG_05789T0	549	550	16	2.07288
MGG_09860T0	2260	2261	150	4.72723
MGG_11383T0	2547	2548	641	17.9256
MGG_15415T0	833	834	3	0.256313
MGG_07081T0	1224	1225	64	3.72271
MGG_15989T0	2739	2740	3426.32	89.1033
MGG_10489T0	3144	3145	747	16.9245
MGG_10432T0	784	785	8	0.726166
MGG_02545T0	1064	1065	418	27.9668
MGG_09504T0	4279	4280	1648	27.4365
MGG_04558T1	3205	3206	1061.07	23.5828
MGG_04558T0	2805	2806	1421.93	36.1083
MGG_00804T0	1426	1427	1257.15	62.7741
MGG_17570T0	567	568	0	0
MGG_04254T0	921	922	17	1.31381
MGG_04091T0	1826	1827	312	12.1684
MGG_07188T0	1655	1656	363	15.6193
MGG_01168T0	1668	1669	828.604	35.3758
MGG_04665T0	3148	3149	230	5.2044
MGG_00431T0	1860	1861	627	24.007
MGG_16621T0	247	248	0	0
MGG_10687T0	1185	1186	137.102	8.23711
MGG_05383T0	1270	1271	70	3.92436
MGG_16582T0	204	205	0	0
MGG_03497T0	1717	1718	3672	152.298
MGG_12345T0	3132	3133	1154.08	26.2476
MGG_04360T0	1935	1936	37	1.3618
MGG_07521T0	3132	3133	234	5.32196
MGG_02962T0	3386	3387	142.804	3.00428
MGG_02962T1	2735	2736	2715.2	70.7133
MGG_00998T0	3184	3185	2975.64	66.5712
MGG_16236T0	1498	1499	402.834	19.1487
MGG_16698T0	363	364	0	0
MGG_00710T0	2100	2101	757	25.6735
MGG_17609T0	225	226	0	0
MGG_06681T0	2105	2106	541	18.3044
MGG_12243T0	2634	2635	1294.32	35.0007
MGG_13578T0	1297	1298	3389	186.043
MGG_09865T0	1404	1405	5835	295.924
MGG_01783T1	2097	2098	228.501	7.76066
MGG_01783T0	1027	1028	276.969	19.1979
MGG_04718T0	735	736	182	17.6201
MGG_15167T0	2513	2514	199.185	5.64557
MGG_00552T0	1392	1393	3297	168.649
MGG_09566T0	2281	2282	516.608	16.131
MGG_15321T0	2084	2085	1425	48.6995
MGG_09352T0	2919	2920	81	1.9766
MGG_09087T0	693	694	4	0.410692
MGG_01094T0	3784	3785	332	6.25012
MGG_15559T0	747	748	18	1.71469
MGG_03826T0	1385	1386	21	1.07962
MGG_15206T0	936	937	200	15.2092
MGG_10038T0	1866	1867	0	0
MGG_01981T0	784	785	581	52.7378
MGG_06179T0	1443	1444	1892.44	93.3837
MGG_08274T0	2467	2468	382	11.0289
MGG_14583T0	3242	3243	1981	43.5265
MGG_11292T0	462	463	0	0
MGG_01663T0	933	934	899	68.5849
MGG_04621T0	5679	5680	116	1.45521
MGG_03725T0	1374	1375	435.548	22.5709
MGG_15685T0	535	536	44	5.8493
MGG_16054T0	2755	2756	152	3.92989
MGG_10702T0	1802	1803	23	0.908967
MGG_14573T0	2521	2522	394	11.1318
MGG_01268T0	2370	2371	5425	163.036
MGG_07175T0	1710	1711	2182.86	90.906
MGG_14023T0	222	223	0	0
MGG_13852T0	504	505	4	0.564397
MGG_02659T0	1233	1234	3124.92	180.443
MGG_02659T1	1136	1137	2576.08	161.441
MGG_15273T0	1955	1956	20	0.72858
MGG_00522T0	1995	1996	2082	74.3252
MGG_15443T0	348	349	0	0
MGG_17902T0	156	157	1	0.453854
MGG_03525T0	1536	1537	8888	412.046
MGG_01784T0	953	954	896.53	66.9626
MGG_08130T0	3116	3117	457	10.4471
MGG_17062T0	1163	1164	71	4.34632
MGG_01133T1	2767	2768	303.616	7.81581
MGG_01133T0	3378	3379	2324.38	49.0157
MGG_00312T0	2084	2085	836.95	28.6029
MGG_08649T0	1393	1394	917	46.873
MGG_04911T0	3614	3615	3546	69.895
MGG_04640T0	4054	4055	594	10.4379
MGG_00554T0	856	857	14	1.16403
MGG_10933T0	1818	1819	10	0.391727
MGG_01300T0	1359	1360	91	4.7678
MGG_15482T0	513	514	1	0.138629
MGG_07423T0	2256	2257	319	10.0711
MGG_04599T0	690	691	29963	3089.75
MGG_00587T0	1719	1720	10434	432.253
MGG_14807T0	593	594	939.883	112.747
MGG_03687T0	1434	1435	5880	291.972
MGG_12714T0	1013	1014	1110	78.0011
MGG_11529T0	3028	3029	392.512	9.23356
MGG_11259T0	3066	3067	23977	557.054
MGG_11064T0	2909	2910	1750	42.851
MGG_02036T0	2881	2882	0	0
MGG_15384T0	336	337	0	0
MGG_05695T0	3522	3523	110	2.22483
MGG_11482T0	3958	3959	1786	32.1449
MGG_15068T0	399	400	0	0
MGG_11727T0	4282	4283	3367	56.0158
MGG_10170T0	804	805	2376	210.313
MGG_10659T0	2490	2491	1053	30.1211
MGG_12522T0	270	271	14112	3710.52
MGG_06691T0	1260	1261	4405	248.912
MGG_03666T0	772	773	4304	396.742
MGG_06580T0	1800	1801	180	7.12155
MGG_16241T0	156	157	4	1.81542
MGG_06221T0	2132	2133	645	21.5469
MGG_02208T0	567	568	68	8.53054
MGG_05865T0	3916	3917	27321	497.003
MGG_05296T0	351	352	2913	589.676
MGG_04355T0	567	568	0	0
MGG_06376T0	1284	1285	304	16.8572
MGG_16294T0	508	509	11.0122	1.5416
MGG_15242T0	2781	2782	39	0.998903
MGG_10911T0	597	598	0	0
MGG_12162T0	1592	1593	374	16.7291
MGG_09144T0	450	451	0	0
MGG_07745T0	3043	3044	5271	123.386
MGG_02032T0	3452	3453	0	0
MGG_14979T0	417	418	0	0
MGG_10431T0	2949	2950	19	0.458931
MGG_06370T0	2934	2935	1318	31.998
MGG_09610T0	870	871	6818	557.769
MGG_09435T0	2770	2771	175	4.50005
MGG_07226T0	801	802	86	7.64082
MGG_17801T0	423	424	2	0.336109
MGG_05057T0	1332	1333	1485	79.3802
MGG_01985T0	2406	2407	3190	94.4345
MGG_03050T0	2427	2428	2673	78.4452
MGG_01356T0	2103	2104	55	1.86266
MGG_09347T0	950	951	575	43.0827
MGG_16706T0	1566	1567	4048	184.072
MGG_08691T0	949	950	2269.81	170.248
MGG_02267T0	1543	1544	65	2.99973
MGG_07569T0	1820	1821	0	0
MGG_15172T0	501	502	5	0.709712
MGG_14893T0	870	871	0	0
MGG_09986T0	1205	1206	357	21.0929
MGG_01811T0	4825	4826	301	4.44421
MGG_07738T0	1380	1381	25	1.28992
MGG_07324T0	1196	1197	3114	185.37
MGG_08189T0	2540	2541	254.195	7.12818
MGG_11168T0	2496	2497	35532	1013.95
MGG_10522T0	1994	1995	548	19.5728
MGG_17109T0	423	424	5	0.840272
MGG_07818T0	3117	3118	0	0
MGG_00719T0	1737	1738	779	31.9377
MGG_14351T0	2218	2219	69	2.21568
MGG_09779T0	3392	3393	2836.72	59.5729
MGG_09779T1	3451	3452	2195.14	45.3115
MGG_07917T0	3324	3325	617	13.2224
MGG_09849T0	1224	1225	18.0823	1.0518
MGG_13339T0	621	622	0	0
MGG_01387T0	2142	2143	18	0.598503
MGG_12047T0	4344	4345	0	0
MGG_04977T0	156	157	2400	1089.25
MGG_15598T0	627	628	330	37.443
MGG_16347T0	531	532	2	0.267876
MGG_17071T0	297	298	6	1.43467
MGG_16199T0	261	262	0	0
MGG_04710T0	8688	8689	457	3.74768
MGG_02232T0	420	421	0	0
MGG_01593T0	3255	3256	391	8.55674
MGG_04374T0	1848	1849	2922	112.605
MGG_09875T0	1467	1468	266	12.9113
MGG_02648T0	2576	2577	7	0.193553
MGG_06245T0	6918	6919	1171	12.0595
MGG_10580T0	2539	2540	2118	59.4166
MGG_07125T0	1209	1210	3367	198.278
MGG_04753T0	684	685	0	0
MGG_05860T0	2270	2271	4530	142.134
MGG_10382T0	1243	1244	574	32.8782
MGG_00555T0	2466	2467	1664	48.0618
MGG_03743T0	3126	3127	2798	63.7581
MGG_06033T0	3949	3950	31811	573.847
MGG_06250T0	2283	2284	3779	117.895
MGG_05690T0	3450	3451	11997	247.71
MGG_14070T0	1118	1119	164	10.4431
MGG_01108T0	4561	4562	2711	42.3438
MGG_15908T0	225	226	0	0
MGG_04101T0	2280	2281	2401	75.0037
MGG_01605T0	3035	3036	3053.71	71.6709
MGG_00427T0	8566	8567	28.7651	0.23925
MGG_07157T0	2820	2821	81.1881	2.05071
MGG_13635T0	2110	2111	354	11.949
MGG_17525T0	156	157	0	0
MGG_02334T0	381	382	0	0
MGG_04550T0	3714	3715	7429	142.491
MGG_12119T1	2082	2083	112.614	3.85229
MGG_12119T0	2006	2007	605.007	21.4798
MGG_08536T0	4143	4144	43.7922	0.752996
MGG_03737T0	3271	3272	3355	73.0626
MGG_11463T0	2619	2620	92.3883	2.51265
MGG_10913T0	1034	1035	0	0
MGG_04354T0	426	427	3	0.500621
MGG_16657T0	648	649	4.40346	0.483465
MGG_06596T0	1790	1791	564	22.4388
MGG_00347T0	1323	1324	452	24.3258
MGG_17145T0	820	821	7	0.607534
MGG_15055T0	605	606	248	29.1605
MGG_17443T0	285	286	2	0.498287
MGG_05207T0	3391	3392	1601	33.6319
MGG_06319T0	1295	1296	203	11.1611
MGG_03203T0	951	952	2338.67	175.044
MGG_07901T0	639	640	6.49036	0.722611
MGG_04764T0	1758	1759	250	10.1272
MGG_07274T0	5920	5921	1880	22.6245
MGG_08690T0	1781	1782	8325	332.884
MGG_03554T0	859	860	2911	241.19
MGG_01571T0	1947	1948	1	0.0365786
MGG_08625T0	2414	2415	1538	45.379
MGG_07013T0	1532	1533	38	1.76627
MGG_05113T1	2187	2188	758.256	24.6936
MGG_05113T0	1568	1569	25.744	1.16915
MGG_01540T0	1728	1729	108.438	4.46891
MGG_06476T0	2756	2757	1167	30.1613
MGG_12008T0	204	205	33	11.4703
MGG_17732T0	3995	3996	7971.89	142.152
MGG_13028T0	1630	1631	659.728	28.8222
MGG_05800T0	2579	2580	6	0.16571
MGG_00649T0	1655	1656	51.3879	2.21114
MGG_01568T0	1395	1396	464	23.6836
MGG_04774T0	883	884	51186	4125.86
MGG_01572T0	4095	4096	871	15.1521
MGG_15440T0	174	175	0	0
MGG_07526T0	1416	1417	406	20.4161
MGG_03187T0	1869	1870	2749	104.749
MGG_06177T0	1422	1423	7871.14	394.138
MGG_14910T0	1156	1157	12	0.739033
MGG_05767T0	1783	1784	58	2.31659
MGG_01394T0	2415	2416	128	3.7751
MGG_00322T0	1897	1898	68	2.55287
MGG_09188T0	1586	1587	168	7.54307
MGG_09748T0	1329	1330	581	31.1272
MGG_01822T0	1074	1075	625	41.4274
MGG_10756T0	1541	1542	10	0.462095
MGG_01264T0	2508	2509	334	9.48553
MGG_12339T0	3205	3206	157	3.48941
MGG_05214T0	1116	1117	297	18.9461
MGG_15825T0	2361	2362	609	18.3719
MGG_05841T0	1470	1471	19	0.920358
MGG_12492T0	1587	1588	37	1.66023
MGG_06969T0	2859	2860	1076	26.8079
MGG_17667T0	276	277	0	0
MGG_06031T0	1491	1492	72	3.43858
MGG_07666T0	2621	2622	405	11.0062
MGG_15138T0	2490	2491	626.284	17.9149
MGG_08434T0	3684	3685	132	2.55242
MGG_08255T0	3210	3211	3034	67.3273
MGG_05061T0	3116	3117	2530	57.8362
MGG_00499T0	1876	1877	1251.82	47.522
MGG_10410T0	4816	4817	2221	32.854
MGG_15489T3	2484	2485	0	0
MGG_15489T0	2658	2659	76.4479	2.04863
MGG_15489T2	2570	2571	0.0678217	0.00187967
MGG_15489T1	2658	2659	76.4479	2.04863
MGG_03335T0	1203	1204	480	28.4073
MGG_17553T0	1783	1784	6.26603	0.250273
MGG_02598T0	832	833	1041	89.0475
MGG_09323T0	2390	2391	69	2.05629
MGG_04368T0	2961	2962	137	3.29573
MGG_16784T0	687	688	0	0
MGG_14985T0	696	697	0	0
MGG_14341T0	2448	2449	4	0.116382
MGG_04921T0	1086	1087	3699	242.477
MGG_15892T0	237	238	0	0
MGG_12210T0	2376	2377	0	0
MGG_05910T0	1363	1364	308	16.0899
MGG_09728T1	1885	1886	141.895	5.36096
MGG_09728T0	1871	1872	142.105	5.40901
MGG_09649T0	1023	1024	126	8.76772
MGG_08449T0	2312	2313	3	0.092419
MGG_05089T0	3468	3469	2973	61.067
MGG_17725T0	674	675	6	0.633379
MGG_03411T0	2322	2323	54	1.65638
MGG_05462T0	1534	1535	2051	95.2079
MGG_06759T0	2654	2655	6477	173.83
MGG_17885T0	432	433	0	0
MGG_17235T0	702	703	0	0
MGG_08366T0	975	976	11	0.80308
MGG_02167T0	1962	1963	0	0
MGG_16053T0	805	806	4611	407.639
MGG_01946T0	1569	1570	0	0
MGG_04164T0	908	909	212.231	16.6364
MGG_16439T0	1165	1166	4	0.244443
MGG_05805T0	1692	1693	46	1.93605
MGG_04692T0	3345	3346	1170	24.9159
MGG_01652T0	1091	1092	505	32.9522
MGG_10206T0	339	340	2	0.419148
MGG_05118T0	1898	1899	448	16.81
MGG_05273T0	2708	2709	1041	27.3815
MGG_00510T0	1050	1051	4	0.27119
MGG_16559T0	777	778	0	0
MGG_16049T0	813	814	0	0
MGG_07781T0	1856	1857	150	5.75566
MGG_11882T0	7062	7063	2103	21.2161
MGG_02978T0	1329	1330	0	0
MGG_13487T0	882	883	1579	127.42
MGG_16755T0	1290	1291	52	2.87007
MGG_11820T0	2824	2825	183	4.61582
MGG_09626T0	411	412	0	0
MGG_05358T0	927	928	285	21.8833
MGG_16869T0	1319	1320	87	4.69636
MGG_10343T0	1527	1528	0	0
MGG_02921T0	1247	1248	69.5966	3.97365
MGG_17095T0	384	385	6	1.11047
MGG_03523T0	2279	2280	1928	60.2543
MGG_15347T0	2826	2827	44	1.10903
MGG_16395T0	1962	1963	2549	92.5263
MGG_16636T0	375	376	3	0.568525
MGG_04784T0	1896	1897	63	2.36641
MGG_14549T0	495	496	607	87.2013
MGG_06683T0	1900	1901	525.187	19.6856
MGG_04543T0	2418	2419	7307	215.238
MGG_16146T0	357	358	197	39.2102
MGG_10936T0	1221	1222	0	0
MGG_01709T0	1623	1624	575.578	25.2542
MGG_15695T0	315	316	0	0
MGG_01669T0	2644	2645	747	20.1238
MGG_15682T0	2145	2146	29	0.962907
MGG_11860T0	5684	5685	361	4.52473
MGG_03264T0	1685	1686	730	30.8518
MGG_06686T0	2805	2806	421.168	10.6951
MGG_12513T0	1404	1405	263	13.3381
MGG_05402T0	3917	3918	365	6.63811
MGG_07375T0	4410	4411	53	0.85616
MGG_04530T0	1060	1061	195	13.0959
MGG_02847T0	677	678	3330	349.97
MGG_00378T0	1851	1852	181	6.96392
MGG_03032T0	1002	1003	45	3.19689
MGG_14372T0	1560	1561	178	8.12518
MGG_05901T0	1945	1946	278	10.1793
MGG_17642T0	495	496	0	0
MGG_16337T0	414	415	43	7.38306
MGG_14744T0	1829	1830	1012	39.4045
MGG_08171T0	3446	3447	448	9.26089
MGG_05279T0	1471	1472	153	7.40627
MGG_02989T0	355	356	0	0
MGG_06658T0	1111	1112	5288.96	338.907
MGG_08980T0	2142	2143	1047	34.8129
MGG_03912T0	3181	3182	1163	26.0433
MGG_10970T0	2675	2676	2596	69.1249
MGG_10641T0	663	664	0	0
MGG_04768T0	1958	1959	1390	50.5587
MGG_17133T0	207	208	1	0.342573
MGG_02975T0	860	861	33	2.73103
MGG_10159T0	321	322	917	202.922
MGG_06944T0	1338	1339	457	24.3193
MGG_13453T0	3786	3787	215	4.04538
MGG_13863T0	438	439	0	0
MGG_09131T0	1497	1498	0	0
MGG_06956T0	648	649	19	2.08605
MGG_00737T0	453	454	25172	3950.73
MGG_15911T0	306	307	0	0
MGG_11512T0	2620	2621	1720	46.7603
MGG_09558T0	2115	2116	727	24.4813
MGG_12860T0	2112	2113	240	8.09334
MGG_07283T0	4680	4681	1499	22.8181
MGG_06324T0	2623	2624	12780	347.043
MGG_01204T0	3347	3348	1862	39.6287
MGG_04895T0	2899	2900	4136	101.624
MGG_04337T0	2585	2586	3522	97.0458
MGG_16956T0	153	154	0	0
MGG_10532T0	1387	1388	85	4.3636
MGG_07322T0	2023	2024	19	0.668897
MGG_07464T0	1813	1814	97	3.81022
MGG_06327T0	2647	2648	4872	131.101
MGG_04225T0	2117	2118	99	3.33062
MGG_17711T0	291	292	114	27.8188
MGG_04107T0	1751	1752	451	18.3425
MGG_05254T0	2120	2121	619.973	20.828
MGG_03323T0	4938	4939	1767	25.4926
MGG_14061T0	1953	1954	714	26.0369
MGG_07075T0	1646	1647	3438	148.74
MGG_05452T0	498	499	36	5.14065
MGG_02306T0	1234	1235	4	0.230786
MGG_07310T0	3787	3788	11897	223.791
MGG_15573T0	930	931	24	1.83687
MGG_08061T0	2482	2483	358	10.2736
MGG_12890T0	3226	3227	4003	88.3899
MGG_02841T0	1925	1926	1305.92	48.3142
MGG_02835T0	1451	1452	3168	155.466
MGG_03847T0	977	978	85	6.19293
MGG_08873T0	2896	2897	178	4.37812
MGG_02368T0	2642	2643	475	12.806
MGG_14633T0	2943	2944	3030.22	73.3418
MGG_05384T0	4907	4908	62	0.900125
MGG_17833T0	252	253	0	0
MGG_08312T0	3162	3163	5078	114.396
MGG_04834T0	2225	2226	1804	57.7467
MGG_04054T0	1219	1220	4162.77	243.13
MGG_17350T0	3490	3491	1487	30.3513
MGG_06842T0	3054	3055	1	0.0233241
MGG_02927T0	3162	3163	1034	23.2936
MGG_17225T0	288	289	0	0
MGG_16088T0	303	304	0	0
MGG_15327T0	1059	1060	133	8.9405
MGG_15035T0	588	589	15	1.81465
MGG_05337T0	2034	2035	82	2.87121
MGG_03598T0	2911	2912	8153.77	199.518
MGG_17755T0	381	382	0	0
MGG_03211T0	1759	1760	3463.44	140.22
MGG_05352T0	1215	1216	3376	197.827
MGG_08373T0	857	858	7	0.581335
MGG_05815T0	1261	1262	202	11.4053
MGG_17142T0	306	307	7	1.62471
MGG_16450T0	292	293	11	2.67511
MGG_06995T0	1707	1708	2861.97	119.397
MGG_04155T0	2026	2027	484.106	17.0178
MGG_00842T0	1034	1035	190	13.0806
MGG_07450T0	4328	4329	3554	58.4986
MGG_05482T0	747	748	14	1.33365
MGG_00848T0	991	992	5681	408.065
MGG_17969T0	288	289	1	0.246557
MGG_03576T0	666	667	3118	333.093
MGG_00382T0	1748	1749	407.114	16.586
MGG_16786T0	168	169	0	0
MGG_03483T0	1182	1183	4953.93	298.388
MGG_09223T0	2337	2338	382	11.6422
MGG_05204T0	1376	1377	2740	141.786
MGG_17322T0	219	220	3	0.97166
MGG_05990T0	2149	2150	1613	53.4579
MGG_16815T1	1973	1974	1168.37	42.1743
MGG_16815T0	2043	2044	2503.84	87.2855
MGG_11466T0	3911	3912	915	16.6663
MGG_09711T0	1611	1612	190	8.39855
MGG_00040T0	2771	2772	91.8441	2.36088
MGG_16968T0	216	217	2	0.656729
MGG_01952T0	1670	1671	167	7.12124
MGG_07750T0	1287	1288	19	1.05112
MGG_04453T0	1463	1464	621.296	30.2394
MGG_04301T0	438	439	0	0
MGG_06285T0	3588	3589	2223	44.1349
MGG_16030T0	481	482	0	0
MGG_17768T0	750	751	0	0
MGG_18016T0	923	924	84	6.47774
MGG_06462T0	4420	4421	2408	38.8107
MGG_07752T0	2151	2152	43604	1443.78
MGG_03914T1	2179	2180	118.132	3.86125
MGG_03914T0	932	933	7.86765	0.600868
MGG_08332T0	4625	4626	730.678	11.2548
MGG_03074T0	1795	1796	2051	81.372
MGG_09889T0	1610	1611	574	25.3882
MGG_09767T0	2912	2913	5092	124.556
MGG_15522T0	2226	2227	197	6.30321
MGG_07761T0	1520	1521	361	16.912
MGG_07531T0	3481	3482	2874	58.8131
MGG_16774T0	150	151	10	4.71888
MGG_07057T0	1219	1220	2992.32	174.769
MGG_06294T0	492	493	992	143.377
MGG_05611T0	243	244	616	179.89
MGG_05039T0	2966	2967	969	23.2714
MGG_07123T0	4082	4083	3336	58.2187
MGG_04513T0	1599	1600	1634	72.7693
MGG_09341T0	1374	1375	5	0.259109
MGG_05761T0	2087	2088	389.957	13.3077
MGG_15524T0	454	455	56	8.76986
MGG_03146T0	1743	1744	2820	115.218
MGG_15371T0	627	628	0.666667	0.0756423
MGG_03695T0	3411	3412	374.393	7.81869
MGG_00361T0	2143	2144	367	12.1971
MGG_09248T0	489	490	10050	1461.46
MGG_00125T0	1998	1999	1842	65.6588
MGG_01474T0	3465	3466	1002.78	20.6154
MGG_13347T0	2556	2557	1238	34.4989
MGG_08046T0	2812	2813	267	6.76328
MGG_17253T0	1152	1153	265	16.3769
MGG_08800T0	1695	1696	53	2.22672
MGG_03303T0	2529	2530	165.051	4.64851
MGG_02371T0	2010	2011	3014	106.794
MGG_07873T0	1368	1369	0	0
MGG_07764T0	1442	1443	50	2.46899
MGG_05047T0	3773	3774	812	15.331
MGG_02999T0	1858	1859	1941	74.3981
MGG_17936T0	1548	1549	124	5.70409
MGG_00614T0	420	421	0	0
MGG_01552T0	1787	1788	336.654	13.4163
MGG_09818T0	1593	1594	8	0.357616
MGG_05567T0	1115	1116	68	4.34171
MGG_14184T0	1045	1046	0	0
MGG_04616T0	2593	2594	3487	95.7851
MGG_07446T0	3265	3266	78	1.70174
MGG_17308T0	916	917	92.827	7.21308
MGG_17308T1	1136	1137	388.767	24.3638
MGG_03384T0	3126	3127	8523.99	194.237
MGG_01780T0	5148	5149	1156.35	16.0024
MGG_10677T0	1350	1351	800	42.194
MGG_08925T0	4618	4619	4403	67.923
MGG_01984T0	1455	1456	134	6.55782
MGG_05595T0	4488	4489	1	0.0158733
MGG_17611T0	171	172	0	0
MGG_04141T0	2873	2874	369.33	9.1568
MGG_05267T0	387	388	314	57.6652
MGG_15139T0	4443	4444	1121.75	17.9861
MGG_01757T0	3791	3792	3608	67.7976
MGG_01303T0	1929	1930	1199	44.2668
MGG_15289T0	2693	2694	382.23	10.1098
MGG_13816T0	1828	1829	579.459	22.5748
MGG_06730T0	749	750	562	53.3938
MGG_03905T0	1471	1472	990	47.9229
MGG_16412T0	159	160	11	4.89879
MGG_03857T0	1952	1953	1097	40.024
MGG_14638T0	588	589	45	5.44394
MGG_09160T0	3718	3719	3587	68.726
MGG_02225T0	1849	1850	91.8891	3.53923
MGG_04924T0	2393	2394	1563.96	46.5498
MGG_15243T0	501	502	0	0
MGG_08628T0	1107	1108	541	34.7915
MGG_01622T0	1884	1885	443.925	16.7809
MGG_03331T0	1298	1299	379	20.7896
MGG_10005T0	1596	1597	221	9.8606
MGG_03855T0	1157	1158	1190.5	73.255
MGG_02187T0	2720	2721	106	2.77583
MGG_05988T0	1864	1865	16	0.611304
MGG_04894T0	2094	2095	1502	51.086
MGG_00389T0	432	433	1	0.164561
MGG_15479T0	2608	2609	504.378	13.7752
MGG_15063T0	1519	1520	111	5.2035
MGG_09665T0	1116	1117	0	0
MGG_00693T0	2463	2464	1813	52.4292
MGG_16017T0	255	256	309	86.0071
MGG_15690T0	204	205	4	1.39034
MGG_05069T0	1584	1585	75	3.37169
MGG_10181T0	4052	4053	10245	180.116
MGG_03761T0	5498	5499	168	2.17691
MGG_04656T0	2754	2755	1270	32.8472
MGG_07368T0	1893	1894	73	2.74637
MGG_04098T0	1239	1240	9	0.517174
MGG_00269T0	405	406	0	0
MGG_14472T0	1595	1596	115.175	5.1421
MGG_00155T0	3810	3811	387	7.23582
MGG_16931T0	243	244	0	0
MGG_10519T0	1703	1704	14	0.585429
MGG_04626T0	1099	1100	438	28.3725
MGG_03026T0	3014	3015	2315	54.7116
MGG_14707T0	345	346	0	0
MGG_14689T0	1491	1492	444	21.2046
MGG_15607T0	2254	2255	3460	109.332
MGG_13290T0	1271	1272	728	40.7812
MGG_02419T0	7234	7235	11140	109.714
MGG_15713T0	273	274	4	1.04022
MGG_05421T0	1146	1147	73	4.53498
MGG_03120T0	702	703	1656	167.85
MGG_09727T0	1890	1891	316	11.9072
MGG_06174T0	3330	3331	701.092	14.9974
MGG_10425T0	1040	1041	0	0
MGG_13971T0	1447	1448	4917	241.962
MGG_04476T0	1906	1907	1933	72.2266
MGG_17999T0	201	202	14	4.93847
MGG_07432T0	1395	1396	0	0
MGG_05621T0	802	803	143	12.6893
MGG_03292T0	2900	2901	330	8.10554
MGG_17786T0	397	398	0	0
MGG_07445T1	2730	2731	2834.39	73.9527
MGG_07445T0	1089	1090	11.6065	0.758737
MGG_00987T0	2408	2409	34224	1012.3
MGG_08837T0	1296	1297	1525	83.781
MGG_02538T0	2080	2081	599	20.5102
MGG_16950T0	417	418	0	0
MGG_09979T0	1838	1839	46.0713	1.78511
MGG_08306T0	1612	1613	18	0.795159
MGG_06212T0	2889	2890	57	1.40538
MGG_06222T0	1641	1642	7	0.303767
MGG_07031T0	1039	1040	2264	155.117
MGG_03538T0	5186	5187	2272	31.211
MGG_05479T0	2046	2047	34	1.18352
MGG_14584T0	892	893	357	28.4861
MGG_12735T0	3441	3442	82	1.69754
MGG_16844T0	183	184	5	1.93628
MGG_15356T0	366	367	0	0
MGG_01624T0	3532	3533	496	10.0035
MGG_06379T0	15261	15262	761	3.55295
MGG_06063T0	5425	5426	3325.34	43.6689
MGG_03712T0	1143	1144	29	1.80629
MGG_17820T0	1703	1704	71.202	2.97741
MGG_17820T1	1657	1658	168.97	7.26174
MGG_15053T0	4769	4770	3099	46.2934
MGG_01791T0	4021	4022	1337	23.6867
MGG_05608T0	881	882	1023.51	82.6877
MGG_04568T0	2631	2632	380.303	10.2958
MGG_16344T0	270	271	0	0
MGG_04836T0	2489	2490	6717	192.217
MGG_02425T0	6431	6432	29778	329.887
MGG_12004T0	2117	2118	438	14.7355
MGG_04478T0	2519	2520	1423	40.2365
MGG_09395T0	3407	3408	18	0.376347
MGG_08506T0	501	502	6	0.851654
MGG_18054T0	498	499	0	0
MGG_17683T0	3284	3285	1359	29.4781
MGG_16295T0	177	178	11	4.4034
MGG_16274T0	1243	1244	475	27.2075
MGG_01156T0	2832	2833	401.749	10.1047
MGG_01156T1	3816	3817	3550.25	66.2755
MGG_15921T0	411	412	0	0
MGG_09910T0	2224	2225	10467	335.203
MGG_08994T0	1407	1408	26	1.31579
MGG_08482T0	429	430	0	0
MGG_09680T0	1473	1474	226	10.9251
MGG_06637T0	1974	1975	722	26.0487
MGG_07982T0	1952	1953	14	0.510789
MGG_01846T0	2439	2440	467	13.6378
MGG_16052T0	318	319	54	12.062
MGG_08825T0	2214	2215	286	9.20043
MGG_01687T0	1620	1621	385.361	16.9395
MGG_08586T0	2175	2176	2101	68.7991
MGG_10120T0	522	523	0	0
MGG_06408T0	1965	1966	9241.42	334.943
MGG_00367T0	492	493	52	7.51575
MGG_16861T0	2594	2595	224	6.15073
MGG_14594T0	1123	1124	11	0.697336
MGG_16343T0	321	322	0	0
MGG_08734T0	1116	1117	0	0
MGG_01935T0	2441	2442	348	10.1543
MGG_09091T0	1021	1022	4	0.278885
MGG_01779T0	2013	2014	8.64563	0.305882
MGG_17296T0	507	508	1.13965	0.159854
MGG_08751T0	4329	4330	391	6.43435
MGG_02386T0	1967	1968	2216	80.2344
MGG_15719T0	1353	1354	27	1.42089
MGG_09470T0	453	454	6969	1093.78
MGG_02976T0	3756	3757	65	1.23279
MGG_11140T0	4843	4844	615	9.04663
MGG_17564T0	168	169	0	0
MGG_17115T0	510	511	21	2.92829
MGG_14655T0	3924	3925	41	0.744321
MGG_14662T0	243	244	2	0.584058
MGG_15325T0	4783	4784	8235	122.656
MGG_08168T0	3662	3663	1315	25.5802
MGG_08308T0	1369	1370	2910	151.352
MGG_00965T0	573	574	1988	246.786
MGG_01745T0	1617	1618	2211	97.3702
MGG_05179T0	1269	1270	488.423	27.4036
MGG_05847T0	1752	1753	0	0
MGG_05058T0	270	271	315	82.8242
MGG_09170T0	5251	5252	7653	103.83
MGG_15813T0	333	334	1145	244.273
MGG_06556T0	921	922	160	12.3653
MGG_15891T0	270	271	0	0
MGG_08698T0	3073	3074	37	0.857657
MGG_06409T0	1562	1563	460	20.9708
MGG_01454T0	2080	2081	2635.96	90.2572
MGG_17206T0	468	469	5	0.759649
MGG_06710T0	1441	1442	331	16.3561
MGG_15792T0	2059	2060	19.4442	0.672572
MGG_07297T0	3055	3056	662.033	15.4363
MGG_08616T0	4303	4304	342	5.662
MGG_00730T0	2948	2949	303	7.32122
MGG_09198T0	2339	2340	151	4.59808
MGG_17575T0	189	190	2	0.750054
MGG_10746T0	1627	1628	135	5.90874
MGG_13895T0	1206	1207	3	0.177105
MGG_11948T0	819	820	0	0
MGG_11326T0	4057	4058	1224	21.4924
MGG_15378T0	318	319	34	7.59459
MGG_17375T0	279	280	6	1.52689
MGG_10686T0	5060	5061	1159	16.3179
MGG_03441T0	4027	4028	2011	35.5745
MGG_09599T0	594	595	2	0.239513
MGG_02837T0	3259	3260	910.129	19.893
MGG_02837T1	2800	2801	3216.87	81.8345
MGG_01212T0	1347	1348	131	6.92464
MGG_13711T0	1212	1213	1881	110.495
MGG_15876T0	2741	2742	172	4.46968
MGG_04174T0	2022	2023	2968.35	104.552
MGG_02924T0	2810	2811	1021	25.881
MGG_11330T0	738	739	2276.45	219.497
MGG_15530T0	1564	1565	415	18.8951
MGG_07553T0	1464	1465	0	0
MGG_03156T0	1786	1787	2553	101.799
MGG_00621T0	3899	3900	1261	23.0391
MGG_15100T0	9565	9566	53	0.394786
MGG_04693T0	1775	1776	570	22.869
MGG_15549T0	183	184	2	0.774512
MGG_00199T0	6058	6059	3512	41.3018
MGG_14202T0	3929	3930	1604.44	29.0902
MGG_14964T0	429	430	0	0
MGG_14302T0	2217	2218	220	7.06768
MGG_16840T0	1764	1765	49	1.97819
MGG_08260T0	1098	1099	0	0
MGG_14941T0	993	994	3	0.215056
MGG_06750T0	3543	3544	248	4.98625
MGG_06690T0	2176	2177	1733	56.7226
MGG_07449T0	1536	1537	254	11.7754
MGG_15999T0	589	590	0	0
MGG_14243T0	1194	1195	83	4.9491
MGG_11723T0	513	514	307	42.559
MGG_06554T0	2579	2580	1007.69	27.8307
MGG_04172T0	2373	2374	118123	3545.44
MGG_10055T0	995	996	1907.1	136.436
MGG_00914T0	402	403	63	11.1391
MGG_06251T1	2140	2141	787.55	26.2106
MGG_06251T0	2354	2355	1179.45	35.6866
MGG_04231T0	2918	2919	51	1.24495
MGG_12848T0	993	994	36	2.58067
MGG_18127T0	432	433	0	0
MGG_08583T0	2979	2980	243	5.8104
MGG_01809T0	831	832	15.4977	1.32727
MGG_18117T0	1359	1360	1812	94.9369
MGG_15030T0	611	612	18	2.09574
MGG_16592T0	321	322	0	0
MGG_10323T0	1932	1933	13447	495.689
MGG_08539T0	1125	1126	13	0.822661
MGG_16889T0	374	375	10	1.90014
MGG_00967T0	1284	1285	1568	86.9478
MGG_01589T0	984	985	7562.7	547.087
MGG_15266T0	972	973	27	1.97727
MGG_02704T0	2241	2242	75.7845	2.40858
MGG_01879T0	372	373	0	0
MGG_15780T0	228	229	36	11.2017
MGG_13778T0	1993	1994	3263	116.602
MGG_12007T0	1902	1903	42.0924	1.57609
MGG_11210T0	3509	3510	579.282	11.7598
MGG_16519T0	355	356	8	1.60124
MGG_14976T0	1659	1660	247	10.6024
MGG_10640T0	2229	2230	11	0.351482
MGG_17266T0	446	447	10	1.59407
MGG_05590T0	1348	1349	56	2.95796
MGG_11876T0	3086	3087	2897	66.8694
MGG_11541T0	4512	4513	665	10.4996
MGG_01227T0	5942	5943	5132	61.5314
MGG_09165T0	1662	1663	10	0.428473
MGG_01800T0	3254	3255	1094	23.9487
MGG_13037T0	282	283	7	1.76249
MGG_03060T0	7980	7981	3596	32.1054
MGG_02085T0	1348	1349	3515	185.665
MGG_08569T0	1883	1884	179	6.76999
MGG_03455T0	1941	1942	688	25.2438
MGG_03216T0	1023	1024	811	56.4335
MGG_08946T0	711	712	0	0
MGG_04867T0	1379	1380	10.9498	0.565384
MGG_17307T0	1691	1692	0	0
MGG_11080T0	1962	1963	0	0
MGG_13762T0	3966	3967	32146	577.405
MGG_08884T0	5370	5371	309.128	4.10108
MGG_09312T0	2980	2981	981.567	23.4625
MGG_15287T0	2960	2961	1384.47	33.3166
MGG_01256T0	2105	2106	131	4.4323
MGG_06481T0	3833	3834	519	9.64564
MGG_16797T0	159	160	0	0
MGG_07252T0	1269	1270	2946	165.289
MGG_07082T0	942	943	475	35.892
MGG_09891T0	2876	2877	5041	124.851
MGG_04330T0	2816	2817	6191	156.599
MGG_02971T0	1279	1280	1055	58.7298
MGG_00881T0	2021	2022	893.566	31.4892
MGG_17330T0	183	184	8	3.09805
MGG_15952T0	360	361	3	0.592148
MGG_09158T0	351	352	0	0
MGG_08560T0	1047	1048	1313.02	89.2741
MGG_08560T1	954	955	606.982	45.2885
MGG_16971T0	3165	3166	40	0.900254
MGG_17534T0	210	211	0	0
MGG_07634T0	2515	2516	195	5.52255
MGG_06111T0	3137	3138	1801.92	40.9166
MGG_06046T0	1035	1036	287.101	19.7465
MGG_01917T0	744	745	208	19.894
MGG_00455T0	2916	2917	1518	37.081
MGG_11770T0	483	484	31	4.56386
MGG_04758T1	3276	3277	7782.58	169.224
MGG_04758T0	3668	3669	980.425	19.0407
MGG_00951T0	2058	2059	126	4.36044
MGG_01835T0	4763	4764	3117	46.6209
MGG_10251T0	2121	2122	58	1.94759
MGG_12650T0	3050	3051	3529	82.4186
MGG_04942T0	2016	2017	624	22.0442
MGG_02476T0	7808	7809	4890	44.62
MGG_17189T0	279	280	4	1.01793
MGG_17695T0	1715	1716	976	40.5274
MGG_16725T0	2422	2423	1744	51.2872
MGG_05159T0	1411	1412	121	6.10614
MGG_17141T0	186	187	12	4.57252
MGG_09972T0	1808	1809	23	0.905952
MGG_01140T0	2951	2952	5477	132.203
MGG_15835T0	150	151	0	0
MGG_06512T0	2614	2615	1685	45.9139
MGG_15982T0	1869	1870	134.019	5.10668
MGG_12520T0	607	608	6	0.703175
MGG_04450T0	1491	1492	14	0.668613
MGG_01000T0	3058	3059	707	16.4686
MGG_00684T0	1874	1875	76	2.88821
MGG_06533T0	519	520	8	1.09623
MGG_17767T0	681	682	0	0
MGG_09569T0	375	376	0	0
MGG_04612T0	1105	1106	3862	248.813
MGG_02917T0	4874	4875	5069	74.0907
MGG_17432T0	318	319	1	0.22337
MGG_14045T0	989	990	0	0
MGG_08522T0	372	373	0	0
MGG_03209T0	1557	1558	60	2.7441
MGG_05555T0	1482	1483	0	0
MGG_14110T0	1098	1099	245	15.8849
MGG_15885T0	1095	1096	1545	100.446
MGG_08263T0	1238	1239	11	0.632612
MGG_05370T0	1116	1117	1807	115.271
MGG_03314T0	7527	7528	825	7.80891
MGG_09192T0	3195	3196	470.845	10.4975
MGG_09192T1	4818	4819	1250.15	18.4851
MGG_08293T0	2365	2366	2472	74.4474
MGG_07935T0	1507	1508	25	1.18128
MGG_07201T0	1925	1926	29093	1076.34
MGG_13656T0	2378	2379	7460	223.44
MGG_14732T0	459	460	10	1.54902
MGG_03704T0	1122	1123	1884	119.541
MGG_09017T0	2260	2261	424.037	13.3635
MGG_03244T0	1968	1969	4696	169.941
MGG_05064T0	900	901	2289.39	181.055
MGG_06132T0	952	953	340.524	25.4607
MGG_05500T0	1785	1786	0	0
MGG_07203T0	2414	2415	2072	61.1348
MGG_08860T0	1266	1267	28.5336	1.60471
MGG_17264T0	1668	1669	275	11.7407
MGG_13483T0	1785	1786	1217	48.554
MGG_07213T1	4395	4396	423.018	6.85672
MGG_07213T0	4366	4367	725.982	11.8456
MGG_08703T0	3660	3661	13	0.253023
MGG_04868T0	2920	2921	416.05	10.1492
MGG_16612T0	252	253	372.967	105.043
MGG_09843T0	690	691	0	0
MGG_04401T0	2180	2181	266	8.69044
MGG_17619T0	534	535	8.52885	1.13593
MGG_12177T0	2281	2282	28	0.874296
MGG_16790T0	674	675	405.441	42.7996
MGG_00258T0	2129	2130	665	22.2463
MGG_00929T0	3821	3822	853	15.9028
MGG_08671T0	873	874	4888	398.507
MGG_10394T0	1710	1711	0	0
MGG_06172T0	1666	1667	4939.13	211.121
MGG_17452T0	4223	4224	2579	43.5054
MGG_16341T0	3793	3794	24227	455.007
MGG_13286T0	1536	1537	281	13.0271
MGG_05902T0	1215	1216	93	5.44961
MGG_10192T0	3903	3904	3847	70.2147
MGG_12614T0	1101	1102	18645	1205.58
MGG_08265T0	2271	2272	4	0.125449
MGG_17396T0	426	427	5	0.834369
MGG_16475T0	342	343	0	0
MGG_14552T0	819	820	99	8.60275
MGG_11247T0	1443	1444	537	26.4986
MGG_06135T0	1842	1843	4410	170.502
MGG_05406T0	663	664	5499	590.108
MGG_18067T0	180	181	0	0
MGG_06933T0	1394	1395	6071	310.1
MGG_00612T0	1849	1850	1783	68.6745
MGG_18116T0	687	688	4	0.414274
MGG_15197T0	321	322	0	0
MGG_05095T0	4901	4902	3470	50.4396
MGG_03561T0	1528	1529	691	32.2023
MGG_00604T0	1848	1849	16250	626.228
MGG_00210T0	1358	1359	1916	100.46
MGG_16718T0	1915	1916	345346	12843.2
MGG_17460T0	737	738	55	5.31034
MGG_13800T0	3736	3737	1018	19.4107
MGG_16164T0	291	292	4	0.976097
MGG_13526T0	3457	3458	3482	71.7496
MGG_10647T0	1122	1123	44	2.79183
MGG_12678T0	1502	1503	183	8.67577
MGG_15536T0	7988	7989	2559	22.8241
MGG_14849T0	556	557	122	15.607
MGG_09890T0	363	364	116	22.7077
MGG_02004T0	582	583	58	7.08884
MGG_03401T0	9278	9279	930	7.14163
MGG_00607T0	1347	1348	1060	56.0314
MGG_07703T0	892	893	119	9.49536
MGG_04540T0	1725	1726	476	19.6509
MGG_02155T0	831	832	0	0
MGG_02540T0	1967	1968	2765	100.112
MGG_10508T0	1699	1700	5	0.209574
MGG_06699T0	3377	3378	498	10.5047
MGG_15337T0	225	226	0	0
MGG_09263T0	5498	5499	5957.39	77.1949
MGG_00576T0	846	847	959	80.6772
MGG_02350T0	927	928	0	0
MGG_17457T0	381	382	27	5.03635
MGG_03150T0	1957	1958	484.92	17.6471
MGG_15056T0	429	430	9	1.49139
MGG_08395T0	1712	1713	274	11.3975
MGG_01794T0	2023	2024	2919	102.764
MGG_08826T1	4209	4210	7232.08	122.404
MGG_08826T0	4486	4487	838.918	13.3223
MGG_06121T0	4074	4075	215.343	3.76547
MGG_00818T0	1449	1450	541	26.5855
MGG_07904T0	387	388	0	0
MGG_03382T0	1935	1936	8	0.294443
MGG_01560T0	942	943	251	18.9661
MGG_17627T0	1251	1252	78	4.43921
MGG_03469T0	1168	1169	639	38.9495
MGG_13068T0	1954	1955	667	24.3106
MGG_04582T0	2245	2246	23642	750.05
MGG_15748T0	1862	1863	61.3627	2.34697
MGG_04200T0	1041	1042	1708.19	116.811
MGG_12477T0	2078	2079	970	33.2455
MGG_07667T0	2118	2119	1589	53.4329
MGG_07604T0	1002	1003	199	14.1374
MGG_15313T0	3871	3872	898	16.5256
MGG_17150T0	816	817	36	3.13976
MGG_12832T0	2617	2618	7620	207.396
MGG_00696T0	1814	1815	689.32	27.062
MGG_05442T0	1470	1471	65	3.14859
MGG_12634T0	1505	1506	156	7.381
MGG_05673T0	1736	1737	4810	197.315
MGG_05403T0	315	316	2	0.450982
MGG_00274T0	1088	1089	561.613	36.7473
MGG_01080T0	5419	5420	435.565	5.72623
MGG_11544T0	398	399	0	0
MGG_14668T0	421	422	57	9.6245
MGG_01005T0	1155	1156	7951	490.094
MGG_01711T0	2499	2500	3270.13	93.2054
MGG_16243T0	4550	4551	435.129	6.81283
MGG_16243T1	4483	4484	269.871	4.28851
MGG_03087T0	1977	1978	12892	464.419
MGG_04472T0	4560	4561	1489	23.2622
MGG_08850T0	2894	2895	1666	41.0055
MGG_15258T0	741	742	190	18.2459
MGG_16260T0	1703	1704	93	3.88892
MGG_12892T0	1092	1093	4934	321.658
MGG_17342T0	1174	1175	96	5.82169
MGG_09182T0	813	814	14	1.22552
MGG_00856T0	3960	3961	3463.98	62.3142
MGG_08611T0	1581	1582	1199	54.0043
MGG_16065T0	426	427	0	0
MGG_16216T0	318	319	70	15.6359
MGG_09604T0	1197	1198	61	3.62818
MGG_16524T0	201	202	4	1.41099
MGG_09996T0	672	673	39	4.1292
MGG_17099T0	165	166	5	2.14624
MGG_04763T0	444	445	8	1.28099
MGG_00419T0	1659	1660	11	0.472172
MGG_08303T0	3011	3012	2482	58.7168
MGG_07246T0	600	601	5	0.592804
MGG_14830T0	357	358	0	0
MGG_06380T0	5915	5916	4282	51.5744
MGG_01288T0	1885	1886	3769	142.397
MGG_01994T0	1761	1762	270	10.9188
MGG_02456T0	3936	3937	304.867	5.51773
MGG_02456T1	4424	4425	1741.13	28.0372
MGG_15214T0	699	700	0	0
MGG_15083T0	2763	2764	779	20.0824
MGG_06951T0	1787	1788	4271	170.207
MGG_01009T0	1413	1414	6477	326.393
MGG_06530T0	1645	1646	2785.4	120.579
MGG_03173T0	2196	2197	2175	70.5416
MGG_16515T0	393	394	62	11.2127
MGG_15282T0	2225	2226	124	3.96929
MGG_11513T0	2328	2329	4407	134.831
MGG_08025T0	5742	5743	174	2.15887
MGG_06617T0	5053	5054	125	1.76234
MGG_01246T0	988	989	72	5.18743
MGG_06346T0	3372	3373	889	18.7802
MGG_12822T0	2119	2120	563	18.9229
MGG_15745T0	2517	2518	56	1.5847
MGG_13216T0	963	964	373	27.5707
MGG_01632T0	3256	3257	1740.34	38.0744
MGG_04734T0	348	349	0	0
MGG_01487T0	1438	1439	17	0.84179
MGG_02744T0	2454	2455	785	22.7842
MGG_01596T1	2070	2071	2316.52	79.7024
MGG_01596T0	3019	3020	3827.48	90.3072
MGG_04547T0	675	676	1	0.105407
MGG_06066T0	3844	3845	2033	37.6753
MGG_08288T0	2118	2119	20	0.672535
MGG_00669T0	2356	2357	99	2.9929
MGG_16575T0	1095	1096	1	0.0650138
MGG_01945T0	721	722	5.01824	0.495257
MGG_14155T0	873	874	0	0
MGG_10379T0	4795	4796	2215	32.9087
MGG_17479T0	451	452	26	4.09874
MGG_16732T0	168	169	11	4.63791
MGG_16186T0	1918	1919	269	9.98834
MGG_06972T0	675	676	91	9.59203
MGG_06527T0	4836	4837	25	0.368281
MGG_07489T0	1393	1394	4250	217.241
MGG_15357T0	1708	1709	961	40.068
MGG_12776T0	2190	2191	106	3.4473
MGG_16884T0	246	247	3	0.865446
MGG_01577T0	2754	2755	3973	102.757
MGG_04378T0	2279	2280	299	9.34442
MGG_15064T0	564	565	809	102.027
MGG_04377T0	4822	4823	2187	32.3108
MGG_09389T0	1561	1562	880	40.1437
MGG_15670T0	2612	2613	687	18.7341
MGG_10107T0	1212	1213	859	50.4601
MGG_01021T0	2033	2034	467	16.3599
MGG_17950T0	380	381	0	0
MGG_13660T0	1098	1099	484	31.3808
MGG_06622T0	1421	1422	0	0
MGG_16704T0	561	562	84	10.6502
MGG_13931T1	1979	1980	308.623	11.1065
MGG_13931T0	2152	2153	653.377	21.624
MGG_05014T0	2393	2394	298.303	8.87871
MGG_09402T0	624	625	44	5.01636
MGG_15824T0	886	887	7366	591.731
MGG_07228T0	2451	2452	69	2.00514
MGG_04990T0	2248	2249	176	5.57621
MGG_06915T0	1273	1274	3399.29	190.123
MGG_16952T0	1005	1006	0	0
MGG_02806T0	2073	2074	4135	142.064
MGG_04805T0	1728	1729	550.151	22.6727
MGG_13617T0	4055	4056	0	0
MGG_10633T0	1347	1348	3396	179.512
MGG_08167T0	1812	1813	177	6.95651
MGG_02603T0	1272	1273	451	25.2443
MGG_00716T0	1740	1741	471	19.2769
MGG_16951T0	501	502	11	1.56137
MGG_14002T0	1671	1672	232	9.88707
MGG_14001T0	2047	2048	456	15.8654
MGG_08828T0	2055	2056	76	2.63394
MGG_12942T0	195	196	25	9.08866
MGG_01466T0	2615	2616	1052.47	28.6675
MGG_01466T1	2498	2499	5339.53	152.248
MGG_07867T0	1338	1339	1	0.0532152
MGG_01785T0	1364	1365	1422.32	74.2473
MGG_05821T0	357	358	0	0
MGG_06441T0	2121	2122	1851	62.1551
MGG_07357T0	558	559	0	0
MGG_06119T0	2284	2285	257.299	8.02356
MGG_16363T0	341	342	0	0
MGG_09280T0	786	787	10	0.905401
MGG_15212T0	432	433	0	0
MGG_10879T0	3954	3955	1951	35.1501
MGG_15618T1	304	305	2	0.467246
MGG_15618T0	282	283	0	0
MGG_01947T0	1482	1483	0	0
MGG_15253T0	1816	1817	2049.2	80.3609
MGG_12489T0	1554	1555	0	0
MGG_16667T0	279	280	0	0
MGG_16466T0	597	598	27	3.2172
MGG_15978T0	1062	1063	0	0
MGG_04762T0	915	916	33	2.56705
MGG_12707T0	2269	2270	2180	68.43
MGG_02979T0	884	885	0	0
MGG_00501T0	2810	2811	4568	115.793
MGG_17964T0	249	250	0	0
MGG_10587T0	1997	1998	104	3.70897
MGG_10727T0	2141	2142	9	0.299391
MGG_17286T0	3464	3465	8	0.164514
MGG_16954T0	156	157	0	0
MGG_15459T0	380	381	0	0
MGG_09631T0	1851	1852	0	0
MGG_15582T0	1464	1465	183	8.90081
MGG_08300T0	936	937	1651	125.552
MGG_05979T0	1647	1648	1050	45.3992
MGG_03766T0	1742	1743	230	9.40256
MGG_07795T0	1701	1702	8	0.334924
MGG_11471T0	462	463	0	0
MGG_10816T0	1977	1978	549.436	19.7928
MGG_02695T0	2166	2167	654	21.5048
MGG_17223T0	711	712	1	0.100077
MGG_01433T0	3092	3093	408.11	9.40185
MGG_16560T0	612	613	0	0
MGG_16252T0	381	382	4	0.746127
MGG_08814T0	2426	2427	2226.51	65.3688
MGG_07345T0	915	916	6	0.466736
MGG_03612T0	2246	2247	1675.96	53.1468
MGG_07905T0	5922	5923	0	0
MGG_00422T0	894	895	6	0.477688
MGG_02336T0	981	982	5	0.362806
MGG_00418T0	348	349	2	0.408339
MGG_01569T0	1382	1383	872	44.9273
MGG_17089T0	174	175	8	3.25738
MGG_03806T0	912	913	0	0
MGG_01324T0	2844	2845	1815	45.458
MGG_10789T0	648	649	4	0.439168
MGG_08629T0	690	691	1	0.103119
MGG_00952T0	2169	2170	214.117	7.03085
MGG_05070T0	1224	1225	12299	715.401
MGG_04523T0	2847	2848	309.489	7.7432
MGG_13454T0	1239	1240	73	4.19486
MGG_06733T0	3154	3155	2098.73	47.3995
MGG_13398T0	1516	1517	404.434	18.9967
MGG_16254T0	183	184	2	0.774512
MGG_02457T0	1966	1967	12999	470.892
MGG_04309T0	2031	2032	2	0.070133
MGG_05329T0	1688	1689	2752.52	116.123
MGG_01111T0	258	259	7659	2107.11
MGG_03346T0	1591	1592	381	17.0529
MGG_16637T0	782	783	2	0.182005
MGG_08054T0	2040	2041	870.132	30.3779
MGG_10010T0	1305	1306	0	0
MGG_06725T0	2582	2583	560	15.4483
MGG_00928T0	5717	5718	5509	68.6506
MGG_00751T0	1797	1798	54	2.14003
MGG_04752T0	1121	1122	12618	801.334
MGG_04529T0	1420	1421	2020	101.292
MGG_03479T0	1319	1320	2218.26	119.744
MGG_01347T0	1275	1276	387	21.6111
MGG_11181T0	4850	4851	2423	35.5908
MGG_15788T0	1335	1336	0	0
MGG_15744T0	309	310	4	0.91942
MGG_06350T0	4080	4081	2775.86	48.467
MGG_06350T1	4181	4182	124.082	2.11417
MGG_01120T0	2756	2757	782.127	20.2142
MGG_07389T0	1513	1514	2574	121.143
MGG_04772T0	948	949	9415	706.92
MGG_06336T0	2000	2001	8126	289.365
MGG_09900T0	1263	1264	291.554	16.4357
MGG_03373T0	2297	2298	982	30.4493
MGG_00852T0	3096	3097	1094	25.1705
MGG_16868T0	1398	1399	285.487	14.5407
MGG_17753T0	1383	1384	0	0
MGG_07685T0	366	367	1	0.194156
MGG_17437T0	955	956	637	47.4785
MGG_03685T0	1029	1030	12387	856.929
MGG_09493T0	4237	4238	9882	166.15
MGG_15794T0	210	211	52.0684	17.5836
MGG_03191T0	3640	3641	3656.48	71.558
MGG_08660T0	1311	1312	23	1.24914
MGG_08593T0	2183	2184	4379	142.869
MGG_02952T0	891	892	3063	244.68
MGG_13585T0	1045	1046	0	0
MGG_05942T0	2036	2037	1269	44.3901
MGG_06123T0	861	862	6	0.495975
MGG_07487T0	4983	4984	825	11.7948
MGG_04844T0	2784	2785	589	15.0697
MGG_04485T0	1234	1235	2337	134.837
MGG_12836T0	3012	3013	2699	63.8292
MGG_08257T0	3039	3040	0.000481096	1.12765e-05
MGG_08257T1	2991	2992	840	20.0048
MGG_07067T0	2153	2154	116	3.83732
MGG_10835T0	1390	1391	2725	139.59
MGG_02929T0	789	790	31	2.79609
MGG_16961T0	3768	3769	10.5096	0.198691
MGG_00620T0	2115	2116	18268	615.164
MGG_03657T0	1334	1335	545.092	29.0941
MGG_17966T0	150	151	2	0.943776
MGG_02102T0	321	322	10	2.21289
MGG_15949T0	237	238	16	4.79026
MGG_08615T0	1294	1295	39	2.14591
MGG_09789T0	462	463	1.1025	0.169673
MGG_07482T0	2008	2009	1120	39.7241
MGG_16856T0	207	208	966	330.925
MGG_05737T0	330	331	1053	226.682
MGG_16414T0	150	151	59	27.8414
MGG_10047T0	1089	1090	5	0.326858
MGG_09873T0	1095	1096	0	0
MGG_13732T0	1179	1180	3	0.181157
MGG_12792T0	1173	1174	1477	89.6455
MGG_15394T1	815	816	317.061	27.6865
MGG_15394T0	884	885	331.8	26.7146
MGG_07541T0	615	616	262	30.3065
MGG_16339T0	407	408	4	0.698579
MGG_14097T0	2170	2171	12	0.393856
MGG_03759T0	2151	2152	1604	53.1102
MGG_13947T0	2032	2033	383.157	13.4294
MGG_13947T1	1514	1515	203.692	9.58028
MGG_03310T0	2040	2041	993	34.6675
MGG_16234T0	288	289	23	5.67082
MGG_05609T0	2262	2263	991	31.2036
MGG_03470T0	2127	2128	781	26.1514
MGG_16679T0	165	166	0	0
MGG_08918T0	2252	2253	265	8.38109
MGG_13289T0	240	241	11	3.25231
MGG_15126T0	425	426	36	6.02156
MGG_04916T0	216	217	1	0.328364
MGG_03771T0	1650	1651	2	0.0863175
MGG_17986T0	387	388	62	11.3861
MGG_16371T1	1122	1123	0	0
MGG_16371T0	1176	1177	444.804	26.9282
MGG_05644T0	2139	2140	8627	287.251
MGG_06415T0	1204	1205	81	4.78976
MGG_08491T0	366	367	0	0
MGG_06171T0	1173	1174	208	12.6244
MGG_16496T0	333	334	0	0
MGG_09882T0	3228	3229	2637	58.1913
MGG_03656T0	3779	3780	1660	31.2919
MGG_15507T0	228	229	0	0
MGG_02156T0	2688	2689	668	17.7012
MGG_17334T0	387	388	0	0
MGG_14914T0	1872	1873	267.805	10.1882
MGG_06064T0	2487	2488	47855	1370.54
MGG_01351T0	2391	2392	3187	94.9373
MGG_16558T0	1182	1183	0	0
MGG_17521T0	333	334	32	6.82683
MGG_08005T0	2955	2956	223	5.37547
MGG_15852T0	3226	3227	2285	50.4549
MGG_04407T0	1948	1949	271	9.90771
MGG_13448T0	1360	1361	34.1802	1.7895
MGG_09906T0	1495	1496	59	2.81019
MGG_18041T0	327	328	0	0
MGG_15584T0	332	333	0	0
MGG_03195T0	1175	1176	1376	83.3733
MGG_18078T0	204	205	0	0
MGG_03419T0	1724	1725	894	36.9287
MGG_03154T0	2494	2495	4721	134.828
MGG_05880T0	1044	1045	36	2.45472
MGG_04899T0	4655	4656	82	1.25492
MGG_01261T0	2760	2761	933	24.0786
MGG_04860T0	1590	1591	251.393	11.259
MGG_01731T0	1436	1437	47.4987	2.35527
MGG_17371T0	1970	1971	2440	88.2103
MGG_06790T0	1059	1060	4	0.268887
MGG_12925T0	2288	2289	5601	174.355
MGG_00602T0	1820	1821	17895	700.225
MGG_00429T0	1728	1729	18	0.741811
MGG_10657T0	1635	1636	430	18.7284
MGG_05883T1	4604	4605	51.1122	0.790881
MGG_05883T0	4681	4682	4368.05	66.477
MGG_09302T0	1143	1144	264	16.4435
MGG_16212T0	1101	1102	182	11.7681
MGG_03489T0	390	391	53	9.65862
MGG_17447T0	279	280	2	0.508965
MGG_04775T1	5876	5877	37263	451.792
MGG_04775T0	6665	6666	129976	1389.36
MGG_04236T0	1001	1002	2480	176.36
MGG_16605T0	348	349	0	0
MGG_06236T0	822	823	0	0
MGG_15097T0	12363	12364	0	0
MGG_03355T0	424	425	4	0.670636
MGG_00216T0	402	403	0	0
MGG_10445T0	2379	2380	43	1.28738
MGG_02795T0	2673	2674	111	2.95786
MGG_10665T0	1199	1200	331	19.6545
MGG_11429T0	2820	2821	2643.36	66.7682
MGG_18095T0	459	460	0	0
MGG_14879T0	843	844	4.54425	0.38365
MGG_05708T0	1703	1704	1977	82.671
MGG_18011T0	567	568	8	1.00359
MGG_02633T0	2134	2135	2243	74.8596
MGG_04727T0	4682	4683	3381	51.4443
MGG_02119T0	1510	1511	23	1.08462
MGG_04776T0	548	549	15	1.94686
MGG_15664T0	450	451	4.02883	0.636529
MGG_11801T0	3189	3190	2245	50.1466
MGG_02236T0	411	412	7	1.21064
MGG_14209T0	1527	1528	26	1.21246
MGG_13118T0	770	771	15.3132	1.41523
MGG_07005T0	1638	1639	254	11.0426
MGG_18002T0	1703	1704	86	3.59621
MGG_16734T0	7314	7315	4756	46.328
MGG_07101T0	2406	2407	25291	748.696
MGG_10759T0	435	436	0	0
MGG_00961T0	2057	2058	1063	36.8047
MGG_02098T0	2150	2151	570	18.8821
MGG_11518T0	1284	1285	315	17.4672
MGG_16651T0	213	214	0	0
MGG_00690T0	425	426	15	2.50898
MGG_01269T0	2726	2727	3019	78.8849
MGG_01633T0	2206	2207	694	22.4064
MGG_10000T0	1852	1853	120	4.61447
MGG_17003T0	2369	2370	5083.9	152.85
MGG_02727T0	651	652	1987	217.153
MGG_07132T0	2019	2020	941	33.1936
MGG_10925T0	1837	1838	2554.99	99.051
MGG_04510T0	1407	1408	1	0.0506073
MGG_09837T0	2902	2903	1470	36.0816
MGG_15633T0	216	217	0	0
MGG_06016T0	3819	3820	3278	61.1451
MGG_01773T0	2110	2111	554.299	18.7099
MGG_15913T0	210	211	0	0
MGG_09479T0	3763	3764	2746	51.9837
MGG_07780T0	1459	1460	26	1.26893
MGG_06551T0	1029	1030	118.405	8.19122
MGG_02378T0	2721	2722	2810.43	73.57
MGG_12886T0	1465	1466	2202	107.028
MGG_03249T0	1847	1848	274.54	10.5857
MGG_16000T0	622	623	21	2.40186
MGG_04093T1	9730	9731	180.967	1.32512
MGG_04093T0	11402	11403	253.033	1.58116
MGG_16443T0	3686	3687	1754	33.8979
MGG_06704T0	4488	4489	4755	75.4774
MGG_01172T0	5109	5110	3035	42.3208
MGG_08281T0	5583	5584	9	0.114845
MGG_00787T0	1357	1358	17	0.892
MGG_16992T0	642	643	4	0.443266
MGG_07456T0	2827	2828	1699.72	42.8266
MGG_18008T0	348	349	19	3.87922
MGG_17473T0	2067	2068	140	4.82385
MGG_11011T0	711	712	0	0
MGG_07772T0	1835	1836	31	1.20311
MGG_03910T0	2966	2967	2588.14	62.1565
MGG_02429T0	399	400	682	121.49
MGG_04910T0	261	262	736	200.167
MGG_01542T0	1634	1635	16	0.697297
MGG_05136T0	1200	1201	395	23.4353
MGG_15213T0	990	991	0	0
MGG_08801T0	1254	1255	221	12.5477
MGG_04487T0	1407	1408	452	22.8745
MGG_09765T0	1162	1163	1205	73.8284
MGG_01221T0	2264	2265	834.955	26.267
MGG_07509T0	3437	3438	2212	45.8453
MGG_09537T0	4957	4958	6132	88.1275
MGG_02158T0	1119	1120	145	9.22499
MGG_05853T0	888	889	0	0
MGG_00806T0	8277	8278	431	3.70995
MGG_01469T0	4213	4214	536	9.0633
MGG_08142T0	1305	1306	555	30.2807
MGG_06489T0	2184	2185	32	1.04355
MGG_03034T0	1717	1718	47	1.94935
MGG_01442T0	816	817	219.718	19.1628
MGG_06795T0	1467	1468	996.327	48.3606
MGG_03188T0	1111	1112	8223	526.916
MGG_13413T0	3919	3920	1293	23.5033
MGG_07273T0	2227	2228	416.978	13.3357
MGG_12357T0	4865	4866	79	1.15683
MGG_09857T0	1423	1424	7	0.350271
MGG_02245T0	1248	1249	30	1.71149
MGG_06107T0	1208	1209	2590	152.647
MGG_11947T0	189	190	0	0
MGG_06023T0	1395	1396	75	3.82817
MGG_01893T0	1647	1648	760.129	32.8659
MGG_17914T0	183	184	2	0.774512
MGG_13692T0	261	262	0	0
MGG_16297T0	519	520	0	0
MGG_08285T0	7083	7084	945	9.50537
MGG_04902T0	1310	1311	34.5939	1.88024
MGG_17177T0	168	169	11	4.63791
MGG_01732T0	1933	1934	4686	172.648
MGG_14685T0	543	544	43	5.6323
MGG_12891T0	1446	1447	4	0.196973
MGG_16549T0	687	688	1462.4	151.459
MGG_13912T0	1724	1725	26	1.07399
MGG_05813T0	1417	1418	598.683	30.0841
MGG_04021T0	1800	1801	2408	95.2705
MGG_03962T0	1374	1375	715	37.0526
MGG_03477T0	1089	1090	5452	356.406
MGG_10027T0	3672	3673	97	1.88177
MGG_06029T0	2978	2979	64.5897	1.54493
MGG_06719T0	2586	2587	31845	877.123
MGG_08688T0	1650	1651	643	27.7511
MGG_00592T0	2077	2078	62906	2157.06
MGG_03710T0	2541	2542	3190	89.4192
MGG_16780T0	393	394	0	0
MGG_14801T0	2412	2413	821	24.2439
MGG_08082T0	1147	1148	2851.6	176.996
MGG_16189T0	150	151	8	3.7751
MGG_03440T0	1085	1086	407	26.7043
MGG_12654T0	303	304	4	0.937567
MGG_10359T0	1248	1249	4771	272.184
MGG_04920T0	1417	1418	3445	173.113
MGG_02787T0	2209	2210	54	1.74107
MGG_00868T0	2598	2599	0	0
MGG_17236T0	279	280	19	4.83517
MGG_14055T0	1377	1378	0	0
MGG_07736T0	2150	2151	1622	53.7312
MGG_06828T0	1491	1492	117	5.5877
MGG_01209T0	4255	4256	5117	85.6702
MGG_13946T0	1627	1628	16.15	0.706861
MGG_06827T0	2955	2956	825	19.8868
MGG_07302T1	2235	2236	1253.68	39.9512
MGG_07302T0	2436	2437	77.3233	2.26085
MGG_05341T0	3705	3706	1835	35.2815
MGG_08764T0	793	794	24.6029	2.20791
MGG_08764T1	1016	1017	34.3971	2.41
MGG_00549T0	1039	1040	467.244	32.013
MGG_16633T0	1466	1467	73.3732	3.56388
MGG_16102T0	399	400	1.49791	0.266835
MGG_07472T0	2085	2086	1193	40.7514
MGG_08797T0	459	460	0	0
MGG_09332T0	1530	1531	35	1.62895
MGG_10319T0	1372	1373	1230	63.8338
MGG_08777T0	2603	2604	71	1.94282
MGG_06684T0	1943	1944	1562.81	57.2831
MGG_04119T0	1608	1609	325	14.3927
MGG_17283T0	234	235	0	0
MGG_15058T0	618	619	0	0
MGG_13662T0	1788	1789	16	0.637273
MGG_18113T0	174	175	0	0
MGG_07995T0	771	772	0	0
MGG_17839T0	249	250	78	22.2316
MGG_16388T0	876	877	116.495	9.46504
MGG_17949T0	393	394	1	0.18085
MGG_15730T0	471	472	5	0.754821
MGG_10157T0	2615	2616	572	15.5802
MGG_04584T0	1630	1631	1505	65.7504
MGG_16927T0	791	792	2775.99	249.751
MGG_16501T0	411	412	296.344	51.2525
MGG_16452T0	276	277	7	1.80067
MGG_09816T0	1271	1272	8	0.448145
MGG_09629T0	570	571	0	0
MGG_03328T0	1532	1533	510	23.7052
MGG_15061T0	846	847	777	65.3662
MGG_02686T0	1377	1378	254	13.1341
MGG_17117T0	342	343	5	1.0387
MGG_12228T0	1182	1183	26	1.56605
MGG_09573T0	788	789	1800.99	162.649
MGG_08809T0	1828	1829	465.216	18.1241
MGG_05967T0	2575	2576	2	0.0553223
MGG_15648T0	468	469	0	0
MGG_02668T0	1366	1367	6577	342.827
MGG_17465T0	1713	1714	58.3126	2.42419
MGG_17882T0	413	414	0	0
MGG_00972T0	1275	1276	807.876	45.1139
MGG_01856T0	1764	1765	2517	101.614
MGG_15285T0	2447	2448	1534	44.6509
MGG_00798T0	2219	2220	7.06131	0.226646
MGG_10342T0	1536	1537	0	0
MGG_10590T0	3362	3363	1118	23.6881
MGG_17676T0	288	289	0	0
MGG_02065T1	2490	2491	5.72789	0.163846
MGG_02065T0	3135	3136	1504.27	34.1795
MGG_14774T0	912	913	55	4.29248
MGG_07792T0	1155	1156	644	39.6957
MGG_17304T0	222	223	0	0
MGG_07110T0	4032	4033	2513	44.3997
MGG_00045T0	1890	1891	169	6.36812
MGG_11627T0	495	496	1	0.143659
MGG_07888T0	1993	1994	0	0
MGG_08731T0	4032	4033	1220	21.555
MGG_08012T0	1942	1943	3126	114.639
MGG_06412T0	1826	1827	20025.1	781.001
MGG_03703T0	4321	4322	1795	29.5934
MGG_16652T0	488	489	122	17.7773
MGG_17023T0	1560	1561	6	0.273882
MGG_08773T0	2083	2084	315	10.7703
MGG_05235T0	1790	1791	32	1.27312
MGG_05591T0	510	511	0	0
MGG_06157T0	2459	2460	1570	45.4758
MGG_02612T0	1562	1563	7197	328.102
MGG_03302T0	2963	2964	1035	24.8816
MGG_08965T0	1737	1738	70.9264	2.90786
MGG_05709T0	4239	4240	6541	109.924
MGG_16062T0	450	451	0	0
MGG_16255T0	237	238	4	1.19756
MGG_03338T0	961	962	3	0.222209
MGG_11237T0	423	424	1053	176.961
MGG_07038T0	1019	1020	207	14.4606
MGG_09292T0	1911	1912	411.16	15.3228
MGG_03864T0	3642	3643	6529.38	127.711
MGG_00232T0	150	151	0	0
MGG_08868T0	1275	1276	482.794	26.9605
MGG_05298T0	2661	2662	1353	36.2164
MGG_16492T0	1074	1075	0	0
MGG_04651T0	1794	1795	443	17.5855
MGG_06402T0	1236	1237	4106.67	236.557
MGG_01877T0	1479	1480	64	3.0813
MGG_00968T0	852	853	9438	788.4
MGG_16905T0	2563	2564	55	1.52848
MGG_09812T0	1821	1822	0	0
MGG_02408T0	3877	3878	1591	29.2333
MGG_12690T0	402	403	0	0
MGG_01743T0	2101	2102	2237	75.8314
MGG_16546T0	381	382	0	0
MGG_02391T0	1903	1904	5094	190.637
MGG_17383T0	192	193	7	2.58438
MGG_05284T0	5132	5133	2607	36.1898
MGG_05062T0	1780	1781	1027	41.0887
MGG_17875T0	210	211	0	0
MGG_17827T0	1800	1801	282	11.1571
MGG_13404T0	1254	1255	266	15.1027
MGG_00931T0	2214	2215	0	0
MGG_02027T0	3255	3256	0	0
MGG_02114T0	2439	2440	47	1.37254
MGG_08496T0	1371	1372	5	0.259676
MGG_05351T0	1266	1267	37880	2130.34
MGG_11650T0	603	604	0	0
MGG_14266T0	1735	1736	6264	257.109
MGG_04187T0	1485	1486	408.116	19.5695
MGG_03583T0	2534	2535	363.754	10.2246
MGG_15240T0	318	319	12	2.68044
MGG_11244T0	1085	1086	1524.76	100.044
MGG_05994T0	4700	4701	201.393	3.0526
MGG_16606T0	471	472	0	0
MGG_17929T0	375	376	3	0.568525
MGG_00531T0	2734	2735	92	2.39688
MGG_10036T0	1881	1882	85	3.21822
MGG_17802T0	1687	1688	712	30.0555
MGG_16454T1	341	342	0	0
MGG_16454T0	432	433	2	0.329123
MGG_00439T0	1757	1758	235	9.525
MGG_01139T0	1839	1840	195	7.55149
MGG_15299T0	2125	2126	9	0.301644
MGG_13269T0	1595	1596	25	1.11615
MGG_15756T0	336	337	8	1.69152
MGG_01861T0	1291	1292	25	1.37877
MGG_05854T0	1656	1657	0	0
MGG_01626T0	1476	1477	32	1.54378
MGG_09283T0	3038	3039	589.692	13.8265
MGG_16583T0	222	223	0	0
MGG_04471T0	1644	1645	856	37.0786
MGG_03390T0	2183	2184	539	17.5854
MGG_17968T0	216	217	30	9.85093
MGG_09530T0	1724	1725	1057.17	43.6687
MGG_17979T0	1162	1163	3441.88	210.879
MGG_07877T0	2464	2465	1946	56.2525
MGG_07280T0	2226	2227	8336	266.719
MGG_04995T0	5747	5748	847	10.4998
MGG_06355T0	4085	4086	1238	21.5893
MGG_00837T0	3116	3117	2550	58.2934
MGG_00141T0	4962	4963	6186	88.814
MGG_02416T0	3027	3028	756	17.7902
MGG_16773T0	424	425	8	1.34127
MGG_07440T0	2556	2557	469	13.0695
MGG_06472T0	1264	1265	3277.59	184.621
MGG_09363T0	2941	2942	1848	44.7585
MGG_02454T0	1911	1912	1856	69.1681
MGG_01279T0	4801	4802	9775	145.048
MGG_06722T0	2041	2042	10338	360.742
MGG_01342T0	4239	4240	1646	27.6618
MGG_10124T0	1615	1616	1399	61.6868
MGG_09931T0	4878	4879	1938	28.3034
MGG_06893T0	2746	2747	4955	128.529
MGG_12967T0	1329	1330	41	2.19659
MGG_08100T0	1414	1415	299	15.0567
MGG_04494T0	3455	3456	1748	36.0399
MGG_01026T0	2084	2085	9087	310.549
MGG_17678T0	3688	3689	1190	22.9855
MGG_05041T0	1959	1960	41	1.49054
MGG_13697T0	1600	1601	3832	170.549
MGG_12765T0	1348	1349	108	5.70463
MGG_10402T0	1959	1960	0	0
MGG_07548T0	1116	1117	1	0.0637915
MGG_06146T0	2504	2505	3538	100.639
MGG_04756T0	1940	1941	795	29.1848
MGG_12369T0	3163	3164	1401	31.5513
MGG_03022T0	1553	1554	73	3.34725
MGG_00253T0	2090	2091	151	5.14563
MGG_08259T0	3516	3517	1987	40.257
MGG_05769T0	2130	2131	182	6.08561
MGG_12108T0	2578	2579	4672	129.082
MGG_05889T0	2662	2663	201	5.37825
MGG_05747T0	946	947	0	0
MGG_09397T0	432	433	0	0
MGG_08758T0	2257	2258	495	15.6206
MGG_03319T0	5695	5696	4508.1	56.3948
MGG_02771T0	2774	2775	4448.94	114.238
MGG_09355T0	6555	6556	230	2.4998
MGG_05592T0	1626	1627	45	1.97079
MGG_17197T0	881	882	6	0.484728
MGG_16387T0	402	403	0	0
MGG_05993T0	2921	2922	1786.61	43.5677
MGG_01683T0	1444	1445	973.403	47.9999
MGG_10293T0	1848	1849	4.5618	0.175799
MGG_10277T0	5071	5072	95	1.33463
MGG_06826T0	775	776	59	5.41759
MGG_16277T0	3684	3685	1180	22.8171
MGG_15568T0	351	352	4	0.809717
MGG_07632T0	1266	1267	1.00567	0.056558
MGG_02990T0	423	424	11	1.8486
MGG_00401T0	795	796	500	44.7582
MGG_16555T0	1128	1129	5.14866	0.32495
MGG_04105T0	831	832	2818	241.342
MGG_18098T0	4249	4250	689.187	11.5548
MGG_16896T0	607	608	3.08018	0.360985
MGG_03138T0	4218	4219	624	10.5388
MGG_05618T0	3451	3452	1348.04	27.8257
MGG_05437T0	733	734	63	6.1159
MGG_07156T0	2859	2860	792.812	19.7524
MGG_00934T0	3658	3659	764.922	14.896
MGG_17226T0	279	280	0	0
MGG_09049T0	686	687	0	0
MGG_04662T0	1610	1611	839	37.1093
MGG_11728T0	971	972	436	31.9622
MGG_11533T0	1656	1657	458	19.6951
MGG_08812T0	720	721	718	70.9586
MGG_12268T0	3081	3082	5030	116.292
MGG_17829T0	1584	1585	221	9.93525
MGG_00033T0	1605	1606	0	0
MGG_07520T0	1080	1081	2	0.131832
MGG_00532T0	2432	2433	171	5.00806
MGG_11231T0	3581	3582	1892	37.6367
MGG_13349T0	1668	1669	795.479	33.9616
MGG_09099T0	1005	1006	21	1.48743
MGG_01708T0	1932	1933	524.42	19.3314
MGG_07557T0	937	938	484	36.767
MGG_00805T0	4226	4227	641.845	10.8197
MGG_16949T0	201	202	0	0
MGG_06195T0	2615	2616	1894	51.5891
MGG_05387T0	431	432	0	0
MGG_05387T1	898	899	0	0
MGG_16969T0	1548	1549	302	13.8922
MGG_03988T0	1798	1799	22	0.87138
MGG_10306T0	1202	1203	2091	123.852
MGG_14756T0	1194	1195	114.68	6.83809
MGG_15112T0	414	415	17	2.91888
MGG_03415T0	3300	3301	39	0.84185
MGG_10957T0	1718	1719	3313	137.329
MGG_06728T0	2565	2566	969.113	26.9112
MGG_08349T0	1257	1258	79	4.47468
MGG_15766T0	189	190	15	5.6254
MGG_07369T0	1236	1237	62	3.57139
MGG_17412T0	324	325	9	1.97322
MGG_03233T0	2046	2047	586	20.3984
MGG_16465T0	2387	2388	70	2.08872
MGG_01795T0	4116	4117	4552	78.7839
MGG_02063T0	790	791	9	0.810741
MGG_12506T0	1677	1678	210	8.9175
MGG_03090T0	2357	2358	3460	104.556
MGG_01060T0	1340	1341	57.0422	3.03098
MGG_15906T0	2396	2397	46.5913	1.38501
MGG_11257T0	1291	1292	355.813	19.6234
MGG_10854T0	1757	1758	2406	97.5198
MGG_06755T0	3364	3365	405	8.57602
MGG_01235T0	2068	2069	2123	73.1148
MGG_15338T0	303	304	9	2.10953
MGG_10896T0	1829	1830	0	0
MGG_06569T0	3942	3943	3855	69.6648
MGG_06747T0	1399	1400	174	8.85599
MGG_05522T0	1437	1438	444.505	22.0259
MGG_14882T0	1269	1270	40	2.24425
MGG_08843T0	3292	3293	6220	134.591
MGG_05111T0	2731	2732	1114	29.055
MGG_14717T0	1217	1218	498.585	29.1681
MGG_03623T0	1005	1006	29	2.05407
MGG_06731T0	1231	1232	1097.87	63.4975
MGG_12466T0	714	715	1081.32	107.762
MGG_09183T0	438	439	16	2.597
MGG_06777T0	1797	1798	129	5.11229
MGG_15878T0	543	544	210	27.5066
MGG_11400T0	2104	2105	331	11.2045
MGG_06868T0	2646	2647	1486	40.0019
MGG_02241T0	949	950	642	48.1534
MGG_10529T0	2832	2833	596	14.9905
MGG_13904T0	312	313	0	0
MGG_08145T0	1444	1445	6070	299.321
MGG_04643T0	2015	2016	1822	64.3982
MGG_00054T0	1509	1510	48	2.26506
MGG_15216T0	900	901	19	1.5026
MGG_00947T0	1496	1497	8300	395.068
MGG_02103T0	938	939	219	16.6186
MGG_02516T0	2010	2011	982	34.7949
MGG_09463T0	1503	1504	360	17.0557
MGG_07286T0	2939	2940	876	21.2311
MGG_02000T0	1997	1998	262.677	9.36791
MGG_08657T0	624	625	0	0
MGG_14589T0	552	553	0	0
MGG_06542T0	2018	2019	738	26.0457
MGG_06479T0	393	394	3417	617.966
MGG_10968T0	372	373	0	0
MGG_10126T0	2685	2686	1818.66	48.2461
MGG_00292T0	1250	1251	17	0.968295
MGG_15992T0	726	727	110	10.7814
MGG_10481T0	5382	5383	0	0
MGG_10481T1	5709	5710	45	0.561555
MGG_08823T0	2374	2375	40871	1226.22
MGG_00800T0	3340	3341	4469	95.3125
MGG_12876T0	2095	2096	1497.26	50.9006
MGG_08211T0	2918	2919	1016	24.8014
MGG_14917T0	1032	1033	32	2.20732
MGG_14819T0	894	895	5	0.398073
MGG_07884T0	1026	1027	3.42275	0.237476
MGG_06807T0	1428	1429	1556.9	77.6325
MGG_16247T0	4543	4544	144.037	2.25866
MGG_07593T0	1527	1528	194	9.04678
MGG_11610T0	529	530	246	33.0731
MGG_08041T0	852	853	990	82.6993
MGG_06397T0	5041	5042	1895.27	26.7845
MGG_10308T0	1929	1930	375.246	13.854
MGG_05318T0	2550	2551	2083	58.1828
MGG_13996T0	195	196	65	23.6305
MGG_00539T0	1092	1093	11152	727.024
MGG_17046T0	258	259	0	0
MGG_17026T0	1713	1714	88.0271	3.6595
MGG_12481T0	537	538	2	0.264889
MGG_03661T0	2131	2132	730	24.3978
MGG_00904T0	1496	1497	366	17.4211
MGG_06381T0	1698	1699	240	10.0655
MGG_02950T0	933	934	183	13.9611
MGG_07424T0	1260	1261	8	0.452054
MGG_01468T0	9284	9285	4153	31.871
MGG_17821T0	4531	4532	176.479	2.77471
MGG_07861T0	1761	1762	8	0.323519
MGG_07591T0	306	307	0	0
MGG_09998T0	369	370	1	0.192581
MGG_07210T0	1775	1776	55	2.20666
MGG_16315T0	2330	2331	1359	41.5425
MGG_04317T0	2211	2212	2343	75.475
MGG_15697T0	183	184	17	6.58335
MGG_10720T0	1103	1104	2634	170.005
MGG_07561T0	3894	3895	14131	258.512
MGG_01327T0	2305	2306	2427	74.994
MGG_09320T0	4316	4317	1027	16.9513
MGG_00989T0	504	505	8	1.12879
MGG_00882T0	2809	2810	2270	57.5619
MGG_17595T0	1858	1859	127	4.86788
MGG_16085T0	228	229	11.3956	3.54581
MGG_09985T0	1419	1420	37	1.85665
MGG_10245T0	1039	1040	0	0
MGG_07229T0	2318	2319	7757	238.347
MGG_15809T0	1126	1127	269	17.0076
MGG_11474T0	2402	2403	17669	523.931
MGG_15791T0	1380	1381	0	0
MGG_15249T0	1226	1227	0	0
MGG_10049T0	1240	1241	126	7.2346
MGG_10609T0	1653	1654	777	33.4735
MGG_17689T0	2032	2033	201	7.0449
MGG_00836T0	767	768	11	1.02058
MGG_02758T0	858	859	250	20.7378
MGG_16006T0	831	832	0	0
MGG_11596T0	1186	1187	466.649	28.0127
MGG_11286T0	1269	1270	986	55.3209
MGG_05335T0	879	880	492	39.8381
MGG_17645T0	486	487	0	0
MGG_06709T0	3287	3288	3260	70.6483
MGG_08798T0	666	667	0	0
MGG_15986T0	981	982	208.322	15.1161
MGG_15986T1	958	959	45.1244	3.35281
MGG_04694T0	944	945	1725	130.069
MGG_04090T0	2861	2862	8310.31	206.901
MGG_02619T0	3746	3747	452	8.59549
MGG_03980T0	1181	1182	1742.08	105.018
MGG_06910T0	2755	2756	6309	163.116
MGG_09298T0	977	978	3499.08	254.936
MGG_12366T0	752	753	14.4488	1.36727
MGG_03267T0	1826	1827	553.572	21.5899
MGG_11741T0	3086	3087	32	0.738634
MGG_18136T0	1335	1336	6427	342.782
MGG_03495T0	960	961	0	0
MGG_03311T0	2148	2149	515	17.076
MGG_10367T0	798	799	3	0.267541
MGG_06263T0	2014	2015	3365	118.994
MGG_01825T0	2462	2463	3147	91.0433
MGG_03057T0	1389	1390	504	25.8364
MGG_09456T0	1506	1507	860	40.6632
MGG_03967T0	1521	1522	74	3.46444
MGG_03604T0	874	875	545.993	44.4626
MGG_03503T0	1069	1070	13	0.865716
MGG_14858T0	1199	1200	1804.96	107.177
MGG_13439T0	963	964	804	59.4285
MGG_06652T0	2947	2948	2311	55.8584
MGG_15297T0	1330	1331	61.0115	3.26625
MGG_06490T0	666	667	2	0.213658
MGG_17682T0	933	934	997	76.0614
MGG_00080T0	621	622	92	10.5393
MGG_13493T0	1978	1979	1106	39.8222
MGG_16666T0	707	708	1	0.100643
MGG_16180T0	1232	1233	44.0091	2.54328
MGG_08314T0	3570	3571	307	6.12582
MGG_01727T0	4317	4318	1491	24.6043
MGG_02308T0	1413	1414	483	24.3396
MGG_05587T0	2753	2754	1001	25.8992
MGG_06994T0	1709	1710	6308	262.852
MGG_14369T0	177	178	484	193.75
MGG_12397T0	2540	2541	356	9.983
MGG_07463T0	1966	1967	58	2.10107
MGG_04964T0	1581	1582	1910	86.0286
MGG_07134T1	2031	2032	304.58	10.6806
MGG_07134T0	2127	2128	412.42	13.8097
MGG_13435T0	2930	2931	1973	47.9653
MGG_10820T0	3051	3052	1521	35.5108
MGG_10563T0	2473	2474	56.7819	1.63541
MGG_10563T1	2386	2387	109.218	3.2603
MGG_13220T0	2950	2951	501.566	12.1109
MGG_13220T1	2002	2003	5568.43	198.092
MGG_03824T0	1872	1873	797	30.3205
MGG_00943T0	2029	2030	2902	101.863
MGG_01088T0	2301	2302	1537	47.5756
MGG_05888T0	1989	1990	454	16.2562
MGG_16483T0	660	661	203.952	21.9858
MGG_03512T0	1548	1549	3398.71	156.343
MGG_08810T0	3205	3206	2154.75	47.8904
MGG_05270T0	1812	1813	319	12.5374
MGG_03868T0	1012	1013	271	19.0623
MGG_17680T0	767	768	71	6.58738
MGG_01845T0	399	400	4417	786.834
MGG_17624T0	378	379	18	3.38415
MGG_03460T0	1065	1066	22	1.47056
MGG_11908T0	1497	1498	847	40.2891
MGG_02892T0	2921	2922	1176	28.6776
MGG_01380T0	1293	1294	3977	218.997
MGG_01452T0	3746	3747	2463	46.8378
MGG_12551T0	987	988	11	0.793326
MGG_09784T0	6044	6045	3881	45.7471
MGG_05231T0	915	916	301	23.4146
MGG_02757T0	3704	3705	3970	76.3516
MGG_01900T0	444	445	5	0.800619
MGG_08462T0	1857	1858	700	26.8453
MGG_03966T0	3524	3525	2033	41.0955
MGG_17486T0	4306	4307	17894	296.039
MGG_15927T0	1755	1756	0	0
MGG_13868T0	348	349	0	0
MGG_10231T0	312	313	1	0.227652
MGG_16382T0	861	862	30	2.47988
MGG_17354T0	183	184	0	0
MGG_07662T0	1938	1939	30	1.10245
MGG_05899T0	3392	3393	2084	43.7653
MGG_09073T0	2935	2936	684	16.6003
MGG_17739T0	174	175	0	0
MGG_03541T0	258	259	30	8.25348
MGG_16529T0	228	229	4	1.24463
MGG_07146T0	3099	3100	5156	118.513
MGG_12291T0	2465	2466	29	0.837955
MGG_08353T0	510	511	385	53.6853
MGG_10583T0	1817	1818	239	9.36742
MGG_17647T0	318	319	116.906	26.1132
MGG_08576T0	327	328	11	2.38965
MGG_08981T0	1233	1234	412	23.7902
MGG_10506T0	1782	1783	9443	377.376
MGG_06413T0	1880	1881	545.908	20.6798
MGG_02728T0	2088	2089	10276	350.511
MGG_17508T0	1795	1796	41	1.62665
MGG_08037T0	810	811	52	4.56876
MGG_18093T0	252	253	0	0
MGG_00356T0	4131	4132	3484	60.0805
MGG_11502T0	2088	2089	1563	53.3134
MGG_16681T0	1285	1286	575	31.8598
MGG_06260T0	3178	3179	671	15.04
MGG_15920T0	141	142	0	0
MGG_06857T0	1994	1995	56	2.00014
MGG_04318T0	898	899	68	5.38971
MGG_15918T0	303	304	4.22238	0.989691
MGG_15353T0	2154	2155	19	0.628235
MGG_17895T0	1872	1873	56	2.13042
MGG_16962T0	390	391	382	69.6149
MGG_04358T0	1553	1554	194	8.89542
MGG_00184T0	3615	3616	4990	98.3304
MGG_07954T0	1017	1018	6	0.419971
MGG_09527T0	2242	2243	24314	772.401
MGG_15509T0	1831	1832	175.416	6.82275
MGG_02980T0	3436	3437	568.112	11.778
MGG_04992T0	3942	3943	38	0.686709
MGG_02507T0	2810	2811	170	4.30927
MGG_08339T0	2534	2535	706.757	19.8659
MGG_17774T0	372	373	0	0
MGG_16813T0	1417	1418	2	0.100501
MGG_04433T0	4790	4791	1495	22.2347
MGG_16211T0	1407	1408	449.922	22.7694
MGG_00926T0	3785	3786	499	9.39152
MGG_01331T0	2888	2889	1293	31.8909
MGG_09529T0	678	679	1714.83	179.957
MGG_16556T0	676	677	215.003	22.6293
MGG_13993T0	1213	1214	0	0
MGG_07498T0	1503	1504	0	0
MGG_06738T0	1727	1728	5860	241.641
MGG_15396T0	1255	1256	1133.8	64.3226
MGG_04142T0	1667	1668	493.67	21.089
MGG_10327T0	2688	2689	246.484	6.53152
MGG_04110T0	1224	1225	239	13.902
MGG_07868T0	1628	1629	4	0.174966
MGG_04146T0	2436	2437	804	23.508
MGG_03872T0	2714	2715	196	5.14401
MGG_08834T0	941	942	3379	255.595
MGG_16653T0	465	466	0	0
MGG_03436T0	767	768	53034	4920.5
MGG_17941T0	373	374	0	0
MGG_14938T0	150	151	3	1.41566
MGG_00824T0	2177	2178	0	0
MGG_07216T0	1048	1049	73884	5018.69
MGG_17312T0	815	816	26	2.27038
MGG_02798T0	831	832	326	27.9197
MGG_00149T0	3183	3184	7560.99	169.208
MGG_00738T0	1355	1356	177	9.301
MGG_02885T0	1053	1054	14	0.946462
MGG_08917T0	2489	2490	483	13.8218
MGG_14699T0	3461	3462	409	8.41806
MGG_11256T0	2145	2146	1300.19	43.171
MGG_08190T0	1687	1688	2938.8	124.055
MGG_07886T0	288	289	0	0
MGG_10833T0	4392	4393	504.095	8.1765
MGG_08609T0	567	568	0	0
MGG_10368T0	903	904	3	0.236466
MGG_17445T0	393	394	22	3.97871
MGG_01841T0	1661	1662	18	0.771716
MGG_08049T0	2561	2562	349	9.70649
MGG_01205T0	2686	2687	936	24.8213
MGG_16286T0	2696	2697	2381	62.9063
MGG_13834T0	1566	1567	682	31.0121
MGG_15595T0	165	166	0	0
MGG_11389T0	1846	1847	326	12.5767
MGG_04180T0	2183	2184	781.12	25.4848
MGG_17075T0	1053	1054	12	0.811253
MGG_16801T0	549	550	19	2.46154
MGG_14728T0	2583	2584	1809	49.8841
MGG_06277T0	3327	3328	57	1.22041
MGG_02893T0	465	466	352	53.8236
MGG_09063T0	2753	2754	128	3.31178
MGG_14684T0	183	184	4	1.54902
MGG_06891T0	1191	1192	54	3.228
MGG_03606T0	2171	2172	801.325	26.2884
MGG_15674T0	240	241	2	0.591329
MGG_05831T0	576	577	19	2.34635
MGG_05198T0	3047	3048	287	6.70939
MGG_07148T0	1654	1655	1187	51.1056
MGG_04012T0	1934	1935	1528	56.2676
MGG_08380T0	1062	1063	0	0
MGG_04779T0	876	877	920	74.7488
MGG_05949T0	1542	1543	7072	326.582
MGG_07367T0	1361	1362	30	1.5695
MGG_01620T0	2766	2767	2091	53.8469
MGG_01029T0	2463	2464	600	17.3511
MGG_15779T0	366	367	13	2.52402
MGG_08105T0	3330	3331	2286	48.901
MGG_03638T0	1999	2000	2228	79.3782
MGG_16821T0	177	178	0	0
MGG_02622T0	1842	1843	4143	160.179
MGG_00865T0	7323	7324	12348	120.134
MGG_06745T0	1466	1467	828	40.2176
MGG_04455T0	953	954	4170	311.461
MGG_13582T0	1432	1433	14	0.696142
MGG_06465T0	5210	5211	1517	20.7434
MGG_17158T0	303	304	5	1.17196
MGG_07191T0	1698	1699	1773	74.3586
MGG_05792T0	360	361	397	78.3609
MGG_17610T0	705	706	33.4822	3.37929
MGG_04708T1	3834	3835	1625.85	30.2087
MGG_04708T0	3909	3910	6284.15	114.521
MGG_10130T0	468	469	0	0
MGG_00271T0	1288	1289	1043.08	57.6606
MGG_00271T1	1294	1295	2417.24	133.004
MGG_00267T0	309	310	0	0
MGG_02418T0	3107	3108	3061	70.1775
MGG_15204T0	1023	1024	27	1.8788
MGG_11185T0	2819	2820	2124	53.6687
MGG_10938T0	1605	1606	265	11.7575
MGG_10062T0	1254	1255	3	0.170331
MGG_00656T0	2475	2476	1094	31.4835
MGG_01405T0	2808	2809	26.1848	0.664223
MGG_10271T0	3972	3973	5	0.0896742
MGG_00908T0	2028	2029	7244	254.397
MGG_03696T0	2366	2367	4516.61	135.966
MGG_15533T0	216	217	76	24.9557
MGG_10073T0	318	319	0	0
MGG_10912T0	8104	8105	1	0.0087915
MGG_01480T0	769	770	615	56.9115
MGG_01211T0	1434	1435	27	1.34069
MGG_02827T0	1683	1684	72	3.04654
MGG_08307T0	2200	2201	3855	124.802
MGG_07288T0	3715	3716	10020	192.136
MGG_09253T0	932	933	1271.62	97.1163
MGG_05958T0	1379	1380	612.17	31.6089
MGG_15966T0	270	271	0	0
MGG_11047T0	3725	3726	252	4.81918
MGG_04598T0	384	385	13	2.40602
MGG_01378T0	6363	6364	11379	127.406
MGG_17450T0	2063	2064	1936	66.8362
MGG_04661T0	2405	2406	1315	38.9445
MGG_05247T0	3723	3724	30170	577.273
MGG_02650T0	2017	2018	0	0
MGG_17957T0	318	319	0	0
MGG_17743T0	1394	1395	1270	64.8702
MGG_17730T0	4171	4172	1028.49	17.5659
MGG_07116T0	8622	8623	2219.78	18.3429
MGG_17422T0	267	268	13	3.4564
MGG_15286T0	276	277	32	8.23163
MGG_06417T0	2071	2072	1793	61.6604
MGG_05367T0	2577	2578	954	26.3683
MGG_04100T0	6184	6185	7477	86.1397
MGG_01123T0	4087	4088	440.82	7.68362
MGG_15917T0	366	367	0	0
MGG_10019T0	1695	1696	612	25.7123
MGG_17918T0	519	520	0	0
MGG_02060T0	1338	1339	0	0
MGG_08541T0	1658	1659	282	12.1121
MGG_06976T0	684	685	5	0.52011
MGG_03569T0	2572	2573	6052	167.6
MGG_02256T0	1472	1473	5	0.241871
MGG_14135T0	1494	1495	117	5.57649
MGG_11730T0	973	974	1	0.0731572
MGG_09305T0	1572	1573	9	0.40769
MGG_16037T0	261	262	2	0.543932
MGG_08866T0	2624	2625	6402	173.781
MGG_01983T0	2057	2058	19	0.657846
MGG_07963T0	2819	2820	2805	70.8761
MGG_00580T0	630	631	12	1.35509
MGG_07705T0	7599	7600	2923	27.4051
MGG_07470T0	2457	2458	1543	44.7301
MGG_07919T0	693	694	100	10.2673
MGG_17824T0	1196	1197	21.0898	1.25543
MGG_03932T0	1545	1546	1258.5	58.0044
MGG_07812T0	768	769	0	0
MGG_10361T0	792	793	27	2.42609
MGG_11098T0	1719	1720	0	0
MGG_04560T0	2275	2276	1935	60.5793
MGG_12523T0	3498	3499	3116	63.4555
MGG_08750T0	1387	1388	175	8.98389
MGG_01350T0	3415	3416	71	1.481
MGG_09014T0	1611	1612	57	2.51957
MGG_03698T0	1970	1971	591	21.3657
MGG_16485T0	261	262	0	0
MGG_06634T0	3162	3163	1340	30.1871
MGG_01588T0	1533	1534	6989	324.643
MGG_03678T0	2517	2518	1091.15	30.8776
MGG_05972T0	681	682	0	0
MGG_12158T0	4982	4983	3849	55.0393
MGG_09506T0	3008	3009	3844	91.0284
MGG_01485T0	3648	3649	9966	194.609
MGG_11776T0	1497	1498	2803	133.33
MGG_13994T0	3014	3015	307.569	7.26893
MGG_02716T0	8456	8457	6911.81	58.2359
MGG_11907T0	2215	2216	1721	55.3384
MGG_04351T0	1411	1412	1101.54	55.5878
MGG_05314T0	2033	2034	1174.14	41.1325
MGG_10604T0	518	519	4536	622.761
MGG_05756T0	2501	2502	789.628	22.488
MGG_06154T0	1737	1738	11288	462.789
MGG_08830T0	1373	1374	2040	105.794
MGG_03636T0	1415	1416	186	9.35978
MGG_04026T0	1375	1376	1293	66.957
MGG_04837T0	2075	2076	2803	96.2081
MGG_17035T3	4787	4788	14.9682	0.222757
MGG_17035T0	3780	3781	25.2269	0.475415
MGG_17035T2	3784	3785	110.053	2.07183
MGG_17035T1	4479	4480	323.505	5.1454
MGG_06007T0	1569	1570	453	20.5596
MGG_15146T0	1800	1801	1559	61.6806
MGG_06459T0	3559	3560	512.66	10.2611
MGG_01364T0	3036	3037	571	13.397
MGG_04531T0	2282	2283	1534	47.8779
MGG_15235T0	491	492	13	1.88276
MGG_00139T0	2794	2795	3609	92.007
MGG_16487T0	544	545	35	4.57601
MGG_10898T0	1317	1318	1.55578	0.0841104
MGG_04928T0	690	691	5	0.515594
MGG_01428T0	1926	1927	2654	98.1375
MGG_15344T0	5163	5164	254	3.5048
MGG_09373T0	3052	3053	1661	38.7667
MGG_09773T0	1494	1495	4.08045	0.194484
MGG_07924T0	1701	1702	162	6.78221
MGG_17859T0	327	328	0	0
MGG_00423T0	1107	1108	2	0.128619
MGG_06716T0	658	659	531	57.4149
MGG_02689T0	2700	2701	3516	92.7556
MGG_09951T0	1551	1552	100.315	4.60564
MGG_06588T0	2330	2331	90	2.75116
MGG_17282T0	833	834	47	4.01557
MGG_08450T0	2502	2503	1	0.0284679
MGG_01047T0	2049	2050	1332	46.2984
MGG_03170T0	2871	2872	516	12.8021
MGG_04937T0	507	508	58	8.13542
MGG_15868T0	1692	1693	850	35.7749
MGG_06878T0	3234	3235	2965	65.308
MGG_05354T0	1065	1066	24	1.60424
MGG_02803T0	587	588	460	55.7438
MGG_01243T0	1748	1749	871	35.485
MGG_13277T0	858	859	98	8.12922
MGG_09276T0	2998	2999	8150	193.641
MGG_09474T0	504	505	129	18.2018
MGG_00170T0	1589	1590	5224.89	234.151
MGG_05037T0	1131	1132	7	0.440623
MGG_05175T0	1580	1581	226	10.1857
MGG_03140T0	3448	3449	372	7.68538
MGG_14760T0	620	621	0	0
MGG_09555T0	2604	2605	720	19.6943
MGG_06035T0	657	658	892	96.595
MGG_17294T0	1449	1450	12.3032	0.604595
MGG_06254T0	3848	3849	1457	26.9729
MGG_17795T0	2556	2557	813	22.6556
MGG_10113T0	1032	1033	0	0
MGG_06794T0	1815	1816	8047	315.743
MGG_08936T0	4286	4287	124.904	2.07605
MGG_16011T0	177	178	8	3.20248
MGG_07732T0	1725	1726	66	2.7247
MGG_02958T0	3813	3814	1692	31.6108
MGG_08401T0	690	691	0	0
MGG_03172T0	2127	2128	744	24.9125
MGG_13261T0	1843	1844	18	0.695549
MGG_06930T0	2362	2363	2669.82	80.5072
MGG_17931T0	368	369	3	0.57931
MGG_09212T0	1881	1882	437.192	16.5527
MGG_18138T0	459	460	1354	209.738
MGG_05468T0	1761	1762	0	0
MGG_04957T0	4265	4266	2126	35.5106
MGG_11925T0	3773	3774	54	1.01955
MGG_08361T0	1587	1588	190	8.52548
MGG_03094T0	2191	2192	122.837	3.99304
MGG_03463T0	3302	3303	658	14.1949
MGG_00578T0	2015	2016	233	8.23533
MGG_02335T0	891	892	0	0
MGG_16588T0	258	259	0	0
MGG_10409T0	1092	1093	682	44.4611
MGG_06659T0	1614	1615	358.045	15.7972
MGG_03223T0	7260	7261	5110.84	50.1547
MGG_05699T0	3971	3972	1681	30.156
MGG_16625T0	219	220	0	0
MGG_17758T0	456	457	0	0
MGG_11496T0	1913	1914	471	17.5346
MGG_01178T0	3161	3162	1270	28.6192
MGG_05832T0	1236	1237	24	1.38248
MGG_01258T0	3210	3211	2017.28	44.7653
MGG_02244T1	1351	1352	43	2.26625
MGG_02244T0	1485	1486	0	0
MGG_05713T0	2220	2221	4008	128.586
MGG_15712T0	589	590	3	0.362314
MGG_02866T0	3207	3208	1155.53	25.6663
MGG_01790T0	1991	1992	1801	64.4229
MGG_00874T0	663	664	124	13.3067
MGG_03947T0	2918	2919	9742	237.81
MGG_04156T0	2085	2086	3224	110.128
MGG_06648T0	3641	3642	3332	65.19
MGG_16357T0	264	265	0	0
MGG_04320T0	2239	2240	181.686	5.7795
MGG_01063T0	3446	3447	4181	86.4281
MGG_06256T0	2392	2393	260	7.74188
MGG_03691T0	1147	1148	26371	1636.82
MGG_10993T0	1900	1901	150	5.62244
MGG_05577T0	1986	1987	10	0.358606
MGG_09444T0	1320	1321	110	5.93343
MGG_07165T0	1237	1238	2839	163.403
MGG_11786T0	2262	2263	384	12.091
MGG_06800T0	897	898	8	0.634789
MGG_09531T0	3489	3490	2614	53.3699
MGG_07091T0	4069	4070	529.198	9.26487
MGG_01609T0	996	997	98772.5	7059.22
MGG_02435T0	1191	1192	1446	86.4386
MGG_12603T0	1278	1279	1409	78.4976
MGG_06742T0	2951	2952	2113	51.0034
MGG_15154T0	492	493	6987	1009.86
MGG_05968T0	1710	1711	30.7968	1.28254
MGG_01399T0	753	754	73	6.8987
MGG_08232T0	1182	1183	81	4.87884
MGG_17944T0	780	781	481	43.8844
MGG_04464T0	3222	3223	9962	220.243
MGG_08230T0	402	403	0	0
MGG_16171T0	564	565	0	0
MGG_08890T0	2469	2470	82	2.36555
MGG_01539T0	213	214	649	216.096
MGG_09518T0	3323	3324	4080	87.4611
MGG_02920T0	1821	1822	2166	84.7083
MGG_11649T0	3780	3781	1456	27.4391
MGG_16377T0	2784	2785	2215.99	56.6968
MGG_16476T0	516	517	0	0
MGG_18021T0	1166	1167	230.221	14.0569
MGG_18021T1	1216	1217	456.274	26.7148
MGG_14324T0	2971	2972	6	0.143853
MGG_13043T0	255	256	0	0
MGG_04996T0	2767	2768	459.019	11.8163
MGG_05723T0	2485	2486	2257	64.6914
MGG_01703T0	3421	3422	5813	121.042
MGG_09416T0	1152	1153	21	1.29779
MGG_15655T0	833	834	170	14.5244
MGG_01113T0	995	996	4772	341.395
MGG_05659T0	3975	3976	942	16.8819
MGG_02481T0	3947	3948	9872.84	178.189
MGG_10420T0	2473	2474	2414	69.527
MGG_14764T0	9432	9433	307	2.31902
MGG_04934T0	3397	3398	362	7.59104
MGG_05105T0	954	955	446	33.2772
MGG_17942T0	3429	3430	2765	57.4403
MGG_16299T0	5068	5069	1835	25.7947
MGG_00321T0	1005	1006	15	1.06245
MGG_00924T0	4391	4392	2547	41.3221
MGG_02810T0	4454	4455	24	0.383866
MGG_04739T0	3696	3697	3446	66.4174
MGG_18045T0	264	265	3	0.806661
MGG_00840T0	2126	2127	971	32.5288
MGG_01888T0	2008	2009	90	3.19211
MGG_00261T0	3275	3276	2510	54.5941
MGG_01382T0	1516	1517	5426	254.865
MGG_02671T0	1494	1495	1539	73.3522
MGG_14727T0	1182	1183	81	4.87884
MGG_13149T0	3718	3719	2373	45.4661
MGG_08379T0	1542	1543	0	0
MGG_05934T0	2717	2718	3607	94.5611
MGG_06446T0	2255	2256	3110	98.2284
MGG_03642T0	1693	1694	21.0784	0.886626
MGG_03998T0	1394	1395	98.2363	5.0178
MGG_06991T0	2122	2123	332.793	11.1697
MGG_01705T0	1823	1824	1517	59.262
MGG_08759T0	1233	1234	8	0.461945
MGG_05698T0	1068	1069	258	17.1972
MGG_01537T0	7517	7518	675	6.3976
MGG_12231T0	1494	1495	0	0
MGG_06214T0	4184	4185	2267	38.5986
MGG_16106T0	571	572	7	0.872003
MGG_14948T0	858	859	37	3.06919
MGG_02313T0	9897	9898	2	0.0143979
MGG_05427T0	1313	1314	6365	345.159
MGG_03896T0	1446	1447	389	19.1557
MGG_16165T0	237	238	0	0
MGG_14560T0	393	394	8	1.4468
MGG_12676T0	1149	1150	2	0.123922
MGG_07024T0	735	736	6228	602.957
MGG_17671T0	1006	1007	20	1.4152
MGG_08177T0	2043	2044	1398	48.7351
MGG_09955T0	1131	1132	183	11.5192
MGG_09846T0	3220	3221	90	1.99098
MGG_09346T0	756	757	552	51.9588
MGG_14349T0	1753	1754	92	3.73744
MGG_06657T0	882	883	6067	489.586
MGG_16200T0	270	271	0	0
MGG_15569T0	520	521	99	13.5398
MGG_18043T0	1233	1234	1	0.0577432
MGG_07913T0	5566	5567	2442	31.2565
MGG_08428T0	336	337	0	0
MGG_00298T0	1530	1531	429	19.9663
MGG_04448T0	1204	1205	17.5992	1.04069
MGG_00013T0	528	529	0	0
MGG_09240T0	2637	2638	955	25.7955
MGG_08682T0	684	685	3	0.312066
MGG_06439T0	3496	3497	6359	129.571
MGG_06426T0	5808	5809	2644	32.4322
MGG_00318T0	3121	3122	1910	43.593
MGG_12400T0	505	506	7	0.985742
MGG_07112T0	2770	2771	734	18.8745
MGG_16893T0	282	283	31	7.80533
MGG_00747T0	1687	1688	751.269	31.7131
MGG_15896T0	216	217	0	0
MGG_16150T0	225	226	32	10.0892
MGG_14575T0	2751	2752	208	5.38556
MGG_15643T0	590	591	22	2.65247
MGG_11285T0	741	742	16	1.5365
MGG_06917T0	2296	2297	3122	96.8474
MGG_15741T0	573	574	88	10.9241
MGG_17741T0	204	205	0	0
MGG_16014T0	765	766	0	0
MGG_04439T0	1037	1038	2157	148.071
MGG_10961T0	4338	4339	0	0
MGG_05276T0	1653	1654	641	27.6146
MGG_00771T0	4841	4842	143	2.10439
MGG_13736T0	816	817	1563	136.318
MGG_00333T0	2732	2733	905.168	23.5996
MGG_02405T0	3317	3318	7089	152.238
MGG_06903T0	1480	1481	506	24.3451
MGG_06017T0	1229	1230	1275.19	73.8731
MGG_07231T0	1501	1502	195	9.25083
MGG_06618T0	2329	2330	31.6297	0.967285
MGG_14881T0	1247	1248	0	0
MGG_10333T1	1327	1328	46.4629	2.49301
MGG_10333T0	1897	1898	66.5371	2.49795
MGG_02099T0	3460	3461	1437	29.585
MGG_17388T0	309	310	6	1.37913
MGG_09249T0	2591	2592	1691	46.4862
MGG_00613T0	1615	1616	1172	51.6776
MGG_02766T1	2215	2216	1627.96	52.3467
MGG_02766T0	1899	1900	459.044	17.2154
MGG_03101T0	2474	2475	2860	82.3392
MGG_04388T0	2542	2543	1713	47.9984
MGG_04843T0	3476	3477	1540	31.5596
MGG_02760T0	1109	1110	556	35.6917
MGG_12093T0	2147	2148	2068	68.6013
MGG_11468T0	1069	1070	197	13.1189
MGG_15106T0	450	451	18	2.84388
MGG_06351T0	3798	3799	3048.06	57.1703
MGG_09314T0	1438	1439	2	0.0990342
MGG_17865T0	260	261	0	0
MGG_01434T0	2665	2666	1440	38.4874
MGG_01993T0	306	307	2	0.464203
MGG_14052T0	693	694	6	0.616038
MGG_07833T0	2837	2838	125	3.13844
MGG_00126T0	3896	3897	72	1.31649
MGG_10585T0	1008	1009	13	0.918054
MGG_01337T0	2345	2346	384	11.6632
MGG_01704T0	1944	1945	1120	41.0312
MGG_08846T0	2137	2138	34	1.13315
MGG_01152T0	806	807	6	0.529778
MGG_01865T0	2167	2168	73	2.39927
MGG_00305T0	597	598	0	0
MGG_02634T0	3110	3111	4228	96.8391
MGG_15596T0	505	506	0	0
MGG_17069T0	906	907	14	1.09986
MGG_00588T0	1549	1550	1592.1	73.1904
MGG_15649T0	459	460	19	2.94314
MGG_04644T0	2118	2119	266	8.94472
MGG_15332T0	276	277	7.00235	1.80127
MGG_06779T0	1071	1072	283	18.8108
MGG_16187T0	827	828	150	12.9085
MGG_09737T0	1827	1828	160	6.23677
MGG_04514T0	1952	1953	1029.61	37.5651
MGG_04824T0	559	560	37.3584	4.75352
MGG_13012T0	1116	1117	559	35.6594
MGG_13121T0	2184	2185	1347	43.927
MGG_00523T0	2583	2584	439	12.1056
MGG_04010T0	342	343	840	174.502
MGG_17772T0	510	511	0	0
MGG_01362T0	2280	2281	3036	94.8402
MGG_02398T0	4213	4214	19609	331.571
MGG_17207T0	288	289	0	0
MGG_10380T0	1869	1870	4125	157.18
MGG_14098T0	2575	2576	6	0.165967
MGG_17507T0	814	815	4	0.349718
MGG_07006T0	1308	1309	2017.02	109.796
MGG_17919T0	198	199	8	2.86453
MGG_09957T0	309	310	7	1.60899
MGG_08941T0	799	800	13	1.1579
MGG_00758T0	2328	2329	1538.91	47.0825
MGG_16176T0	629	630	7.22692	0.817389
MGG_15027T0	2406	2407	913	27.0278
MGG_08426T0	1563	1564	21	0.95675
MGG_13001T0	1889	1890	288.172	10.8644
MGG_05212T0	3266	3267	1782	38.8664
MGG_16296T0	171	172	4	1.6571
MGG_16262T0	201	202	6	2.11649
MGG_18024T0	471	472	0	0
MGG_09464T0	1593	1594	2389.46	106.814
MGG_17858T0	1448	1449	66	3.24557
MGG_09268T0	1584	1585	1091	49.0469
MGG_03449T0	2418	2419	3804	112.052
MGG_05025T0	2372	2373	281	8.43771
MGG_12612T0	1926	1927	102	3.77168
MGG_17012T0	2301	2302	0	0
MGG_14093T0	507	508	0	0
MGG_15645T2	1013	1014	1316.68	92.525
MGG_15645T0	1025	1026	952.93	66.1804
MGG_15645T1	1334	1335	378.376	20.1957
MGG_04077T0	3039	3040	0	0
MGG_17112T0	231	232	1	0.307134
MGG_11397T0	537	538	56	7.41689
MGG_16486T0	7149	7150	127.373	1.26937
MGG_03214T0	1544	1545	2626	121.111
MGG_15750T0	1296	1297	84	4.61482
MGG_09162T0	2364	2365	20	0.60258
MGG_00835T0	1509	1510	1029	48.5573
MGG_09404T0	2110	2111	3084.22	104.105
MGG_17058T0	1786	1787	3514	140.118
MGG_07187T0	7035	7036	3503	35.4756
MGG_04189T0	4376	4377	1070	17.419
MGG_15591T0	516	517	70	9.64769
MGG_05419T0	2902	2903	0	0
MGG_05309T0	2725	2726	3389	88.5853
MGG_14230T0	1410	1411	76	3.83798
MGG_07018T0	874	875	1492	121.5
MGG_03844T0	1717	1718	27	1.11984
MGG_07716T0	1823	1824	6334	247.44
MGG_05322T0	2418	2419	520.436	15.3302
MGG_15376T0	441	442	11	1.77332
MGG_00402T0	1186	1187	7	0.420207
MGG_00954T0	501	502	0	0
MGG_03137T0	2830	2831	1920	48.3256
MGG_14548T0	1784	1785	186	7.4249
MGG_13360T0	1980	1981	297	10.6829
MGG_09282T0	3051	3052	221	5.15969
MGG_09297T0	1719	1720	851	35.2547
MGG_13872T0	486	487	39.543	5.7857
MGG_06496T0	4369	4370	3326	54.2321
MGG_17270T0	743	744	7.98159	0.764421
MGG_14619T0	622	623	15	1.71561
MGG_08856T0	2130	2131	1424	47.6148
MGG_01678T0	793	794	8375.69	751.651
MGG_16078T0	741	742	1	0.0960311
MGG_14929T0	729	730	34	3.31873
MGG_15562T0	336	337	0	0
MGG_15074T0	900	901	372	29.4194
MGG_11879T0	1517	1518	358.321	16.8196
MGG_06880T0	1681	1682	597.5	25.3121
MGG_02755T0	4513	4514	2399	37.8691
MGG_08642T0	3049	3050	2026	47.3321
MGG_14901T0	2438	2439	1728	50.4833
MGG_16882T0	186	187	1	0.381043
MGG_09888T0	1864	1865	1419	54.215
MGG_11781T0	1545	1546	345	15.901
MGG_08973T0	1672	1673	1812.27	77.1866
MGG_08973T1	1869	1870	58.734	2.23802
MGG_10531T0	435	436	2	0.326858
MGG_16604T0	180	181	0	0
MGG_12868T0	1786	1787	1464.35	58.3898
MGG_02908T0	2106	2107	1833	61.9889
MGG_17138T0	324	325	21	4.60417
MGG_10346T0	786	787	0	0
MGG_00409T0	734	735	510	49.4423
MGG_11312T0	1548	1549	511.295	23.5199
MGG_16083T0	261	262	0	0
MGG_14958T0	351	352	0	0
MGG_07089T0	2323	2324	1075	32.9601
MGG_12652T0	2990	2991	2815	67.0622
MGG_09379T0	357	358	0	0
MGG_06114T0	810	811	114	10.0161
MGG_04795T0	348	349	0	0
MGG_00923T0	2107	2108	667	22.5461
MGG_15323T0	3997	3998	3039	54.1631
MGG_18118T0	686	687	5	0.518596
MGG_06875T0	642	643	8430.77	934.269
MGG_12724T0	2466	2467	1270	36.6818
MGG_01912T0	2605	2606	0	0
MGG_14073T0	1791	1792	0	0
MGG_00158T0	1455	1456	0	0
MGG_12628T0	1365	1366	2287	119.297
MGG_00654T0	3455	3456	2340	48.2456
MGG_00178T0	1137	1138	1571	98.3671
MGG_05196T0	2730	2731	1975	51.5301
MGG_00790T0	1452	1453	67	3.28568
MGG_10692T0	2314	2315	246	7.57181
MGG_16852T1	3096	3097	115.478	2.6569
MGG_16852T0	2763	2764	57.5218	1.48289
MGG_16163T0	177	178	2	0.800619
MGG_04502T0	1446	1447	953	46.9289
MGG_06858T0	1152	1153	321	19.8377
MGG_10142T0	3868	3869	1415	26.06
MGG_07448T0	990	991	0	0
MGG_02855T0	1965	1966	1016	36.8236
MGG_08261T0	3259	3260	2625	57.3756
MGG_15833T0	540	541	50	6.5855
MGG_15628T1	765	766	0	0
MGG_15628T0	781	782	206.329	18.8005
MGG_13744T0	1292	1293	2908	160.255
MGG_03854T0	4287	4288	594.263	9.87506
MGG_15768T0	1411	1412	166	8.37701
MGG_08776T0	2671	2672	3	0.080002
MGG_16075T0	177	178	0	0
MGG_00082T0	3324	3325	1516	32.488
MGG_00933T0	2984	2985	87	2.07678
MGG_05390T0	1497	1498	31	1.47457
MGG_16710T0	1983	1984	113	4.05838
MGG_00664T0	2114	2115	469.089	15.8038
MGG_10668T0	2102	2103	1690	57.2616
MGG_08772T0	991	992	278	19.9687
MGG_02474T0	3909	3910	2022	36.8485
MGG_04815T0	923	924	0	0
MGG_17297T0	369	370	0	0
MGG_17510T0	273	274	1	0.260055
MGG_15622T0	1890	1891	403.218	15.1937
MGG_00015T0	904	905	18	1.41723
MGG_13218T0	2497	2498	221.893	6.32945
MGG_11552T0	829	830	2	0.171699
MGG_07493T0	3547	3548	8278	166.248
MGG_07477T0	2152	2153	187.667	6.21096
MGG_06500T0	3081	3082	1313	30.3562
MGG_14969T0	2883	2884	1324	32.7121
MGG_07137T0	1745	1746	2830.23	115.503
MGG_13907T0	1743	1744	2410	98.466
MGG_09368T0	825	826	22	1.89784
MGG_16745T0	186	187	7	2.6673
MGG_10001T0	1632	1633	9	0.39271
MGG_14424T0	204	205	0	0
MGG_09054T0	921	922	432	33.3863
MGG_08501T0	1645	1646	32	1.38528
MGG_07025T0	2407	2408	2857	84.5414
MGG_08935T0	4616	4617	1431	22.0849
MGG_06362T0	1188	1189	11363	680.968
MGG_01124T0	1282	1283	1887.18	104.81
MGG_17572T0	345	346	9	1.85346
MGG_13029T0	1205	1206	182.272	10.7693
MGG_07730T0	1080	1081	125	8.23949
MGG_07184T0	653	654	76	8.28041
MGG_16948T0	267	268	0	0
MGG_13985T0	450	451	30	4.73981
MGG_04673T0	1445	1446	7	0.344942
MGG_07572T0	1926	1927	0	0
MGG_11584T0	1590	1591	5	0.223932
MGG_06422T0	3330	3331	4207	89.994
MGG_05177T0	1543	1544	325	14.9986
MGG_01482T0	1791	1792	419	16.6606
MGG_16193T0	459	460	4	0.619609
MGG_05434T0	1779	1780	388	15.532
MGG_02508T0	887	888	260	20.863
MGG_15497T0	450	451	0	0
MGG_05448T0	2113	2114	2118	71.3899
MGG_04873T0	603	604	1973.73	232.844
MGG_17319T0	555	556	4	0.512627
MGG_15141T0	697	698	47	4.79798
MGG_09168T0	732	733	0	0
MGG_14647T0	1863	1864	259	9.90079
MGG_08531T0	834	835	0	0
MGG_07270T0	2532	2533	1872	52.6607
MGG_06905T0	5485	5486	10566	137.237
MGG_00722T0	4877	4878	250	3.65186
MGG_02188T0	1680	1681	0	0
MGG_02849T0	1404	1405	7869	399.079
MGG_18110T0	816	817	5	0.436078
MGG_08384T0	1734	1735	0	0
MGG_08335T0	1540	1541	3236	149.631
MGG_04922T0	1960	1961	111	4.03331
MGG_02923T0	3501	3502	1782	36.2583
MGG_09275T0	5908	5909	119.07	1.43584
MGG_09275T1	5269	5270	8581.93	116.035
MGG_17855T0	669	670	0	0
MGG_09075T0	830	831	506	43.3876
MGG_08488T0	2708	2709	8.11828	0.213536
MGG_16714T0	541	542	5	0.657335
MGG_15899T0	189	190	1396	523.537
MGG_07491T0	966	967	193	14.2215
MGG_09866T0	2580	2581	709	19.5738
MGG_08914T0	3863	3864	37.2022	0.686037
MGG_16400T0	2184	2185	39.0705	1.27413
MGG_01768T0	3263	3264	8207	179.164
MGG_11809T0	3137	3138	394	8.94662
MGG_07117T1	2901	2902	12357.3	303.419
MGG_07117T0	2986	2987	3238.69	77.2591
MGG_06768T0	3441	3442	3401	70.4063
MGG_02954T0	3776	3777	6110	115.268
MGG_07782T0	788	789	199	17.9718
MGG_17901T0	1526	1527	8386	391.32
MGG_03423T0	804	805	0	0
MGG_07881T0	1024	1025	0	0
MGG_00655T0	2028	2029	1381	48.4984
MGG_04384T0	360	361	5	0.986913
MGG_06215T0	2232	2233	1001	31.9419
MGG_05208T0	1023	1024	942	65.5491
MGG_17593T0	286	287	10	2.48276
MGG_18076T0	426	427	0	0
MGG_09741T0	645	646	2	0.220604
MGG_02303T0	1037	1038	89	6.10954
MGG_07625T0	804	805	0	0
MGG_01517T0	1203	1204	59.0453	3.49442
MGG_03164T0	785	786	2605	236.157
MGG_01786T0	1316	1317	392.679	21.2456
MGG_15042T0	4164	4165	1422	24.3277
MGG_08407T0	321	322	0	0
MGG_01608T0	1340	1341	882.478	46.8911
MGG_03368T0	982	983	6.18436	0.448288
MGG_07478T0	2855	2856	3315	82.7068
MGG_06234T0	995	996	0	0
MGG_00387T0	1477	1478	9	0.433894
MGG_15174T0	342	343	646	134.201
MGG_16983T0	327	328	836	181.614
MGG_10742T0	1738	1739	3675.7	150.611
MGG_05674T0	2836	2837	5575	140.024
MGG_18027T0	582	583	0	0
MGG_16542T0	190	191	0	0
MGG_01354T0	3728	3729	1077.33	20.586
MGG_06707T0	3032	3033	7565	177.727
MGG_15993T0	183	184	0	0
MGG_07109T0	1504	1505	1168.92	55.3433
MGG_15635T0	246	247	35	10.0969
MGG_01744T0	1060	1061	2113	141.906
MGG_15302T0	315	316	11658	2628.77
MGG_14918T0	186	187	82	31.2455
MGG_16160T0	4261	4262	370	6.18592
MGG_15267T0	531	532	14	1.87513
MGG_17123T0	1922	1923	443	16.415
MGG_16084T0	489	490	0	0
MGG_11036T0	3404	3405	1389	29.0671
MGG_14008T0	2072	2073	1183	40.6632
MGG_09388T0	2500	2501	2885	82.1955
MGG_08655T0	1392	1393	1006	51.4592
MGG_17205T0	336	337	1	0.211439
MGG_05671T0	2703	2704	3874	102.087
MGG_01098T0	774	775	196	18.0206
MGG_04490T0	1624	1625	3395	148.868
MGG_04788T0	4014	4015	1098	19.4864
MGG_10755T0	1002	1003	0	0
MGG_15331T0	2045	2046	13	0.452745
MGG_08002T0	2186	2187	376	12.2505
MGG_04016T0	2007	2008	420	14.904
MGG_02499T0	3084	3085	11077	255.848
MGG_09441T0	1160	1161	140	8.59234
MGG_14906T0	3831	3832	1209	22.4811
MGG_12488T0	660	661	0	0
MGG_16258T0	246	247	4	1.15393
MGG_15963T0	729	730	126.363	12.3342
MGG_15721T0	1759	1760	168	6.80162
MGG_02076T1	1382	1383	4	0.206088
MGG_02076T0	1076	1077	0	0
MGG_02159T0	1377	1378	450	23.2691
MGG_04007T0	1959	1960	1851	67.2924
MGG_06693T0	1135	1136	4161.78	261.046
MGG_12139T0	914	915	1351	105.208
MGG_17555T0	360	361	0.5	0.0986913
MGG_08853T0	1579	1580	720.199	32.4796
MGG_09901T0	2767	2768	2898	74.6016
MGG_17157T0	1139	1140	7	0.437531
MGG_03679T0	1280	1281	738.852	41.0983
MGG_15414T0	855	856	0	0
MGG_15588T0	237	238	2	0.598782
MGG_13438T0	2593	2594	462.341	12.7001
MGG_00256T0	2003	2004	1773	63.0416
MGG_03577T0	1090	1091	38483	2513.39
MGG_06295T0	871	872	1902	155.421
MGG_07034T0	1046	1047	1497	101.88
MGG_16553T0	542	543	20	2.6245
MGG_08577T0	2341	2342	7436	226.239
MGG_05423T0	2177	2178	0	0
MGG_17208T0	153	154	0	0
MGG_05281T0	2047	2048	98.4112	3.42397
MGG_05281T1	1760	1761	158.589	6.41695
MGG_09507T0	3739	3740	5276	100.519
MGG_03911T0	2035	2036	1603	56.1011
MGG_16963T0	342	343	0	0
MGG_13464T0	2376	2377	65	1.9485
MGG_06150T0	2723	2724	507.916	13.2862
MGG_09215T0	6275	6276	172	1.95282
MGG_04009T0	2343	2344	93	2.8271
MGG_17822T0	1795	1796	63.2923	2.51108
MGG_11604T0	2153	2154	100	3.30804
MGG_16214T0	171	172	9	3.72846
MGG_11701T0	4509	4510	182.581	2.88466
MGG_02450T0	2279	2280	3598	112.446
MGG_13240T0	468	469	2	0.30386
MGG_12109T0	2322	2323	1925	59.0469
MGG_17128T0	219	220	8	2.59109
MGG_14852T0	4449	4450	1499.03	24.003
MGG_09085T0	1464	1465	103	5.00974
MGG_11243T0	2241	2242	2045	64.994
MGG_06936T0	1239	1240	2460	141.361
MGG_01295T0	1331	1332	1873	100.196
MGG_09583T0	312	313	0	0
MGG_04134T0	1965	1966	20.6192	0.747317
MGG_06024T0	6440	6441	246	2.72143
MGG_06400T0	3280	3281	5842	126.874
MGG_15994T0	2252	2253	31	0.98043
MGG_15820T0	222	223	0	0
MGG_11691T0	1137	1138	253	15.8414
MGG_10310T0	1067	1068	92	6.13808
MGG_14297T0	1437	1438	1259	62.3854
MGG_15915T0	1731	1732	3	0.123421
MGG_16092T0	366	367	5.09085	0.988417
MGG_14734T0	448	449	0	0
MGG_09739T0	897	898	16	1.26958
MGG_05806T0	2831	2832	337	8.47915
MGG_03002T0	3611	3612	9694	191.237
MGG_00606T0	2660	2661	531	14.2189
MGG_02071T1	2033	2034	13.15	0.460669
MGG_02071T0	2217	2218	61.8355	1.98652
MGG_15675T0	1137	1138	784	49.0896
MGG_16235T0	159	160	6	2.67207
MGG_11667T0	672	673	757.821	80.2357
MGG_01547T0	1057	1058	1569.38	105.696
MGG_08558T0	2837	2838	1123	28.1957
MGG_00316T0	2956	2957	233	5.61462
MGG_07460T0	1131	1132	2455	154.533
MGG_17927T0	240	241	6291	1860.02
MGG_02717T0	1652	1653	24.1935	1.0429
MGG_08547T0	4068	4069	2740	47.982
MGG_03893T0	2745	2746	578	14.9983
MGG_06892T0	2598	2599	2279	62.4819
MGG_06010T0	603	604	30	3.53916
MGG_17813T0	2610	2611	5785	157.875
MGG_13573T0	2573	2574	35	0.968892
MGG_13079T0	2393	2394	157.003	4.67305
MGG_01653T0	1367	1368	1577	82.1413
MGG_07442T0	1879	1880	3599	136.408
MGG_09466T0	2371	2372	765.706	23.0019
MGG_09333T0	1228	1229	55	3.1888
MGG_01978T0	3044	3045	1477	34.5628
MGG_04316T0	1617	1618	8	0.352312
MGG_17933T0	2974	2975	26.8509	0.643113
MGG_05825T0	2032	2033	37.9452	1.32995
MGG_00100T0	1229	1230	430	24.9103
MGG_00563T0	1050	1051	13	0.881366
MGG_01076T0	3116	3117	849.766	19.4258
MGG_08072T0	5253	5254	1500	20.3431
MGG_07275T0	3981	3982	1781	31.8697
MGG_04585T0	2930	2931	493.588	11.9995
MGG_15603T0	162	163	1	0.437148
MGG_14851T0	503	504	82	11.5931
MGG_13163T0	4001	4002	798.479	14.2168
MGG_00295T0	2743	2744	12567.8	326.355
MGG_01158T0	5790	5791	187.574	2.30799
MGG_17162T0	591	592	3	0.36109
MGG_04083T0	1038	1039	1273.84	87.3605
MGG_10341T0	762	763	0	0
MGG_03557T0	2652	2653	18945	508.831
MGG_00546T0	321	322	3386	749.285
MGG_01641T0	2497	2498	4782	136.406
MGG_03735T0	1845	1846	1341	51.7622
MGG_12773T0	1482	1483	54	2.59459
MGG_14943T0	11919	11920	0	0
MGG_01501T0	1456	1457	45.7563	2.23773
MGG_17782T0	198	199	0	0
MGG_12789T0	1566	1567	311	14.1419
MGG_16500T0	1034	1035	215.373	14.8275
MGG_11784T0	3609	3610	3274	64.623
MGG_04462T0	2505	2506	3110.66	88.4477
MGG_14701T0	1287	1288	213	11.7836
MGG_11422T0	501	502	113	16.0395
MGG_03822T0	1718	1719	11	0.455966
MGG_15283T0	1101	1102	17	1.09922
MGG_08694T0	1590	1591	164	7.34496
MGG_09844T0	564	565	0	0
MGG_06952T0	675	676	2209	232.844
MGG_07205T0	4463	4464	3353	53.5211
MGG_09225T0	1252	1253	22	1.25109
MGG_17649T0	585	586	0	0
MGG_16991T0	204	205	0	0
MGG_17712T0	2186	2187	2135	69.5608
MGG_15953T0	570	571	20	2.4958
MGG_07475T1	1060	1061	26.5423	1.78254
MGG_07475T0	1338	1339	636.023	33.8461
MGG_01210T0	1609	1610	4880	215.978
MGG_14785T0	1565	1566	291	13.2409
MGG_01896T0	1658	1659	4	0.171802
MGG_13773T0	2249	2250	1048	33.189
MGG_05814T0	2046	2047	422	14.6896
MGG_10910T0	1421	1422	6	0.300654
MGG_00151T0	4608	4609	233	3.60218
MGG_00861T0	4105	4106	362	6.28211
MGG_08523T0	1998	1999	28022	998.854
MGG_16888T0	387	388	5	0.918236
MGG_05959T0	2932	2933	737	17.9049
MGG_14114T0	786	787	3	0.27162
MGG_16832T0	545	546	1	0.130504
MGG_11100T0	2828	2829	2418	60.9031
MGG_15545T0	450	451	21	3.31786
MGG_15836T0	461	462	5	0.771159
MGG_07639T0	4137	4138	165	2.84125
MGG_03632T0	1858	1859	1147	43.9643
MGG_13934T0	1303	1304	30	1.6393
MGG_10924T0	2604	2605	1976.24	54.0566
MGG_00574T0	1512	1513	89	4.19148
MGG_16855T0	1419	1420	93.8771	4.71072
MGG_03199T0	1619	1620	1856.71	81.6667
MGG_01230T0	2107	2108	224	7.5717
MGG_15587T0	429	430	9	1.49139
MGG_07392T0	934	935	1948	148.454
MGG_03791T0	531	532	0	0
MGG_04948T0	1217	1218	127.16	7.43908
MGG_10160T0	1607	1608	672	29.7782
MGG_17305T0	306	307	0	0
MGG_14367T0	1631	1632	122	5.32667
MGG_09908T0	814	815	1118	97.7462
MGG_05378T0	2213	2214	1983	63.8206
MGG_13325T0	638	639	3	0.334531
MGG_15134T0	1350	1351	68	3.58649
MGG_01160T0	779	780	22940.1	2095.64
MGG_01721T0	2446	2447	11716	341.162
MGG_15143T0	324	325	49	10.7431
MGG_15826T0	339	340	4	0.838295
MGG_02877T0	856	857	2292	190.568
MGG_08585T0	2223	2224	1031	33.0324
MGG_17386T0	402	403	27	4.77391
MGG_10116T0	2287	2288	476	14.824
MGG_01191T0	2799	2800	3116	79.2967
MGG_14792T0	1662	1663	456	19.5384
MGG_06981T0	3521	3522	339.085	6.86017
MGG_06981T2	3278	3279	521.914	11.3416
MGG_06981T1	3381	3382	0.000753413	1.58736e-05
MGG_13107T0	1397	1398	1017.62	51.8675
MGG_06507T0	3007	3008	3837	90.8929
MGG_08726T0	645	646	0	0
MGG_16383T0	770	771	1561.6	144.322
MGG_09476T0	737	738	360	34.7586
MGG_02982T0	1975	1976	939	33.8606
MGG_16107T0	638	639	415	46.2768
MGG_06117T0	3760	3761	5537	104.903
MGG_06223T0	942	943	0	0
MGG_01623T0	3243	3244	1232	27.0611
MGG_01850T0	1933	1934	938	34.5591
MGG_06799T0	2969	2970	368.605	8.84342
MGG_00319T0	2041	2042	564	19.6806
MGG_04886T0	4987	4988	6750	96.4258
MGG_01239T0	1319	1320	393	21.2146
MGG_14162T0	2769	2770	1728.2	44.4559
MGG_17392T0	291	292	13	3.17232
MGG_07452T0	1038	1039	172	11.7958
MGG_02512T0	999	1000	955.586	68.0904
MGG_09639T0	7496	7497	80	0.760358
MGG_02090T0	462	463	4	0.615595
MGG_03957T0	1888	1889	1960	73.9333
MGG_05741T0	663	664	406	43.5686
MGG_05110T0	1220	1221	5224	304.862
MGG_16141T0	958	959	53	3.93798
MGG_06966T0	3516	3517	14508	293.934
MGG_03559T0	2408	2409	1309	38.7185
MGG_15613T0	213	214	3	0.998903
MGG_10678T0	1809	1810	589	23.1874
MGG_04652T0	6738	6739	5487	58.017
MGG_03931T0	4227	4228	3370.5	56.8035
MGG_07305T0	1823	1824	102	3.98466
MGG_01734T0	3921	3922	286	5.19606
MGG_09462T0	954	955	1415	105.577
MGG_00829T0	912	913	12	0.93654
MGG_10829T0	2883	2884	1726.4	42.6541
MGG_00659T0	2314	2315	5917	182.124
MGG_14673T0	388	389	49	8.97558
MGG_06224T0	405	406	0	0
MGG_10344T0	1473	1474	0	0
MGG_07542T0	663	664	4012	430.535
MGG_03820T0	1590	1591	0	0
MGG_16362T0	195	196	0	0
MGG_00517T0	1672	1673	277.702	11.8277
MGG_15163T0	2882	2883	312.521	7.72415
MGG_04289T0	1563	1564	10	0.455595
MGG_05856T0	4920	4921	1366	19.7794
MGG_09031T0	750	751	387	36.7187
MGG_02647T0	618	619	13158	1514.66
MGG_14802T0	366	367	176	34.1714
MGG_14719T0	1329	1330	0	0
MGG_09492T0	1276	1277	644	35.9344
MGG_04341T0	444	445	29	4.64359
MGG_02123T0	2716	2717	147	3.85517
MGG_18119T0	279	280	0	0
MGG_17835T0	880	881	35	2.83079
MGG_15413T0	1205	1206	0	0
MGG_00748T0	4412	4413	1763.73	28.4783
MGG_17417T0	186	187	1	0.381043
MGG_08782T0	660	661	1074	115.776
MGG_14251T0	2064	2065	2.00104	0.069048
MGG_05319T0	3427	3428	3238	67.3057
MGG_12830T0	2536	2537	1267	35.5854
MGG_07655T0	1728	1729	52	2.14301
MGG_17343T0	292	293	1	0.243191
MGG_05721T0	1911	1912	241.625	9.0047
MGG_06888T0	1700	1701	66	2.76475
MGG_00593T0	3045	3046	44	1.02929
MGG_09383T1	2815	2816	14	0.354251
MGG_09383T0	3129	3130	0	0
MGG_06685T0	704	705	20138.8	2035.45
MGG_08117T0	2552	2553	642	17.9184
MGG_17951T0	180	181	0	0
MGG_00460T0	1665	1666	283	12.104
MGG_06137T0	1904	1905	1754.54	65.6274
MGG_10579T0	5049	5050	3771	53.2085
MGG_09776T0	2748	2749	2134	55.3141
MGG_09477T0	900	901	16703	1320.95
MGG_15900T0	996	997	26	1.85821
MGG_04855T0	5941	5942	12707	152.379
MGG_05571T1	1670	1671	4336.86	184.933
MGG_05571T0	1994	1995	1940.14	69.2955
MGG_03153T0	771	772	444	40.9809
MGG_04682T0	2261	2262	0	0
MGG_16701T0	444	445	2	0.320248
MGG_09581T0	405	406	0	0
MGG_08500T0	1557	1558	46	2.10381
MGG_00941T0	1372	1373	27.0645	1.40458
MGG_00623T0	2996	2997	4538.91	107.915
MGG_09657T0	330	331	0	0
MGG_09994T0	1768	1769	137	5.51834
MGG_04243T0	1254	1255	1819.41	103.301
MGG_15236T0	417	418	21	3.5798
MGG_11638T0	7997	7998	44	0.392001
MGG_13793T0	3514	3515	366	7.41945
MGG_15343T0	930	931	12	0.918433
MGG_09452T0	330	331	4	0.861089
MGG_03984T0	1454	1455	3359.88	164.542
MGG_09326T0	897	898	18.5242	1.46987
MGG_04939T0	1430	1431	29	1.44402
MGG_13198T0	1037	1038	53	3.63827
MGG_07830T0	1517	1518	86	4.03685
MGG_05630T0	3421	3422	716	14.909
MGG_03257T0	2947	2948	49	1.18436
MGG_03659T0	1654	1655	457	19.6759
MGG_16543T0	486	487	319	46.6743
MGG_09934T0	1902	1903	23.9559	0.896995
MGG_06367T0	1650	1651	4332	186.964
MGG_07680T0	729	730	0	0
MGG_09814T0	2451	2452	2	0.05812
MGG_17010T0	222	223	24	7.66871
MGG_01920T0	2447	2448	30	0.873224
MGG_01084T0	1011	1012	2789	196.374
MGG_02754T0	3581	3582	651	12.95
MGG_03860T0	2162	2163	1262	41.5737
MGG_14477T0	1653	1654	0	0
MGG_01134T0	2510	2511	7923	224.832
MGG_16531T0	1705	1706	537	22.4291
MGG_06887T0	1974	1975	1645	59.3492
MGG_06677T0	1731	1732	487.293	20.0474
MGG_15071T0	1236	1237	151	8.69807
MGG_02349T0	988	989	0	0
MGG_17429T0	2244	2245	461	14.6319
MGG_05875T0	723	724	5	0.492093
MGG_00879T0	2775	2776	1192	30.5966
MGG_07605T0	1162	1163	16	0.980294
MGG_10198T0	1568	1569	710	32.2442
MGG_17780T0	384	385	0	0
MGG_15324T0	2989	2990	74.0159	1.76388
MGG_11536T0	2370	2371	806	24.2225
MGG_00043T0	396	397	0	0
MGG_02651T0	845	846	1092	91.9747
MGG_11577T0	1381	1382	3974	204.897
MGG_07384T0	2135	2136	1158	38.6299
MGG_13809T0	3240	3241	98	2.15458
MGG_15843T0	377	378	21	3.95862
MGG_07652T0	954	955	16	1.1938
MGG_17582T0	213	214	0	0
MGG_01931T0	2322	2323	104	3.19007
MGG_07566T0	1053	1054	0	0
MGG_02471T0	2312	2313	1907	58.7477
MGG_05714T0	5262	5263	453	6.13311
MGG_05349T0	1456	1457	1554	75.9989
MGG_03537T0	4554	4555	4865.92	76.119
MGG_16190T0	1018	1019	31	2.16772
MGG_00741T0	1266	1267	292	16.4219
MGG_17441T0	1076	1077	20	1.32321
MGG_08887T0	5213	5214	3391	46.3418
MGG_15990T0	1753	1754	579.507	23.5421
MGG_18000T0	192	193	0	0
MGG_08078T0	1003	1004	5250.62	372.643
MGG_07960T0	1203	1204	2	0.118364
MGG_00720T0	3443	3444	2526	52.262
MGG_16548T0	452	453	4.31017	0.677972
MGG_09150T1	1904	1905	0.999999	0.0374042
MGG_09150T0	1949	1950	6.37801e-07	2.33059e-08
MGG_02745T0	489	490	273	39.6993
MGG_17464T0	359	360	0	0
MGG_03785T0	732	733	4	0.388841
MGG_02988T0	1718	1719	5	0.207257
MGG_17934T0	180	181	0	0
MGG_10315T0	849	850	47938	4018.62
MGG_13208T0	1202	1203	169	10.0101
MGG_17574T0	303	304	43	10.0788
MGG_04390T0	3204	3205	536.851	11.9355
MGG_06069T0	2100	2101	68788	2332.93
MGG_08727T0	927	928	0	0
MGG_01471T0	1300	1301	714	39.1054
MGG_02529T0	1870	1871	4	0.152336
MGG_02833T0	4561	4562	1594	24.8971
MGG_09924T0	2674	2675	984	26.2112
MGG_01290T0	2391	2392	2461	73.3105
MGG_16472T0	3318	3319	3792	81.4098
MGG_06456T0	1050	1051	165	11.1866
MGG_01904T0	456	457	0	0
MGG_07088T0	1060	1061	120	8.05901
MGG_06110T0	1890	1891	312.219	11.7648
MGG_11862T0	2389	2390	1348	40.1891
MGG_05788T0	1351	1352	2383	125.592
MGG_09819T0	894	895	0	0
MGG_00756T0	2440	2441	283.128	8.26478
MGG_01689T0	1409	1410	1610	81.3622
MGG_14848T0	693	694	200	20.5346
MGG_14115T0	2338	2339	343	10.4491
MGG_08664T0	471	472	4	0.603857
MGG_05969T0	3756	3757	1611.2	30.558
MGG_02122T0	2114	2115	266	8.96163
MGG_07300T0	2038	2039	196	6.84943
MGG_14939T0	843	844	44	3.71472
MGG_02304T0	1065	1066	23	1.5374
MGG_03536T0	2383	2384	437.145	13.0658
MGG_00383T0	2082	2083	6078	207.916
MGG_14688T0	1753	1754	1487.89	60.4444
MGG_10725T0	567	568	0	0
MGG_01699T0	3585	3586	448	8.90192
MGG_01767T0	1762	1763	593.258	23.9777
MGG_02874T0	5132	5133	3420	47.4756
MGG_11764T0	3857	3858	15544.1	287.091
MGG_11764T1	4018	4019	27635.9	489.972
MGG_02790T0	1907	1908	652	24.3492
MGG_03755T0	1772	1773	2	0.080378
MGG_15593T0	162	163	0	0
MGG_12862T0	3539	3540	721	14.5127
MGG_16161T0	3614	3615	1446	28.502
MGG_08329T0	2163	2164	411	13.5332
MGG_00365T0	2129	2130	5764	192.824
MGG_00287T0	1258	1259	110	6.22562
MGG_02583T0	2521	2522	0	0
MGG_07692T0	747	748	0	0
MGG_07257T0	1407	1408	132	6.68016
MGG_04742T0	1183	1184	24	1.44436
MGG_14798T0	828	829	833	71.5989
MGG_10565T0	1622	1623	1502	65.9428
MGG_00707T0	1628	1629	1161	50.784
MGG_05962T0	997	998	286	20.4198
MGG_01765T0	1312	1313	456.915	24.7963
MGG_15880T0	204	205	0	0
MGG_17943T0	201	202	0	0
MGG_02283T0	456	457	0	0
MGG_04857T0	1875	1876	137	5.2036
MGG_06168T0	2675	2676	230	6.12432
MGG_11012T0	570	571	0	0
MGG_09400T0	1530	1531	26	1.21008
MGG_03522T0	1730	1731	2069	85.1686
MGG_01836T0	3885	3886	3080	56.476
MGG_04162T0	1504	1505	980	46.3987
MGG_11440T0	2579	2580	692	19.1118
MGG_10150T0	2195	2196	4381	142.153
MGG_02741T0	2703	2704	5159	135.949
MGG_10757T0	1116	1117	0	0
MGG_00566T0	1092	1093	5	0.325961
MGG_10442T0	1284	1285	17	0.942674
MGG_10573T0	1473	1474	0	0
MGG_04908T0	2679	2680	1726	45.8904
MGG_00922T0	1712	1713	32758	1362.62
MGG_16504T0	168	169	15	6.32442
MGG_00202T0	1703	1704	334.667	13.9946
MGG_03266T0	1357	1358	282.428	14.8192
MGG_00116T0	1448	1449	45	2.21289
MGG_04121T0	1746	1747	314	12.8072
MGG_09550T0	1391	1392	470	24.0588
MGG_08732T0	3002	3003	642	15.2334
MGG_06938T0	1588	1589	209.448	9.3922
MGG_01136T0	1097	1098	489	31.7338
MGG_17442T0	2106	2107	1553	52.5198
MGG_11274T0	1735	1736	127	5.21279
MGG_15082T0	1318	1319	0	0
MGG_13919T0	2649	2650	2	0.0537774
MGG_04571T0	2749	2750	14	0.362753
MGG_07033T0	3529	3530	6570	132.619
MGG_17278T0	1929	1930	480	17.7215
MGG_02021T0	903	904	0	0
MGG_06419T0	2406	2407	12446	368.442
MGG_01208T0	1090	1091	2429	158.642
MGG_17993T0	300	301	0	0
MGG_00177T0	1427	1428	1486	74.1492
MGG_13065T0	3625	3626	1866	36.6691
MGG_17629T0	366	367	1	0.194156
MGG_07953T0	3288	3289	2	0.0433293
MGG_03907T0	2152	2153	4785	158.363
MGG_04927T0	2629	2630	814	22.0539
MGG_17889T0	1080	1081	329	21.6863
MGG_08827T0	3375	3376	4825	101.838
MGG_17921T0	441	442	13	2.09574
MGG_08970T0	4906	4907	981	14.2452
MGG_05295T0	2706	2707	3122	82.1789
MGG_17105T0	228	229	0	0
MGG_06497T0	4145	4146	709	12.1852
MGG_05766T0	864	865	83	6.83719
MGG_11067T0	819	820	0	0
MGG_05499T0	1511	1512	1	0.0471264
MGG_14990T0	1067	1068	34	2.26842
MGG_07016T0	1394	1395	605	30.9027
MGG_08621T0	762	763	201	18.771
MGG_02709T0	947	948	18	1.35294
MGG_04590T0	2954	2955	21	0.506381
MGG_07628T0	2509	2510	7033	199.656
MGG_02623T0	1059	1060	1331	89.4722
MGG_04929T0	2250	2251	5949	188.315
MGG_18017T0	2121	2122	635	21.3228
MGG_12982T0	837	838	5	0.42515
MGG_02340T0	1218	1219	29	1.69516
MGG_04569T0	1805	1806	484	19.096
MGG_16955T0	261	262	0	0
MGG_13763T0	1484	1485	504	24.1835
MGG_17887T0	549	550	188	24.3563
MGG_10574T0	525	526	5	0.67733
MGG_17143T0	195	196	4	1.45419
MGG_01125T0	2627	2628	6576	178.3
MGG_15385T0	402	403	11	1.94493
MGG_06942T0	462	463	103	15.8516
MGG_17603T0	480	481	1	0.148139
MGG_15767T0	642	643	594	65.8251
MGG_17606T0	738	739	6	0.578526
MGG_06673T0	6852	6853	401	4.16946
MGG_05677T0	1269	1270	785	44.0435
MGG_15023T0	3583	3584	1365	27.1382
MGG_07816T0	1389	1390	347.457	17.8116
MGG_05257T0	3771	3772	3616	68.3082
MGG_02409T0	1865	1866	1139	43.4939
MGG_15668T0	2949	2950	1774	42.8497
MGG_09016T0	3006	3007	30	0.710892
MGG_00823T0	426	427	0	0
MGG_05727T0	4863	4864	3051	44.6956
MGG_16089T0	252	253	0	0
MGG_01231T0	1189	1190	141	8.44283
MGG_13781T0	2010	2011	11813	418.566
MGG_08954T0	2513	2514	0	0
MGG_08954T1	2426	2427	4	0.117437
MGG_03061T0	2337	2338	172	5.24203
MGG_04171T0	2257	2258	302	9.53013
MGG_16512T0	369	370	329	63.3593
MGG_03974T0	1765	1766	259	10.4502
MGG_07306T0	2259	2260	222	6.99939
MGG_04968T0	2189	2190	99	3.22112
MGG_01129T0	2252	2253	278	8.79224
MGG_07145T0	3417	3418	4019	83.7841
MGG_08944T0	488	489	0	0
MGG_00494T0	3293	3294	441	9.53962
MGG_03341T0	3189	3190	48	1.07218
MGG_11632T0	1791	1792	0	0
MGG_04985T0	4280	4281	1090	18.1425
MGG_16829T0	659	660	45	4.8583
MGG_16055T0	665	666	0	0
MGG_07851T0	1672	1673	14	0.596277
MGG_03071T0	1936	1937	605.83	22.2863
MGG_06984T0	3932	3933	722	13.0806
MGG_02969T0	441	442	394.753	63.6384
MGG_06464T0	1401	1402	7	0.355767
MGG_03113T0	727	728	3	0.293634
MGG_11457T0	1927	1928	2278.4	84.2051
MGG_11457T1	1075	1076	350.602	23.2176
MGG_00104T0	889	890	616.634	49.3689
MGG_09233T0	1575	1576	11	0.497339
MGG_01150T0	4411	4412	12450	201.071
MGG_07098T0	3908	3909	3175.41	57.8829
MGG_10592T0	1290	1291	34	1.87659
MGG_02860T0	954	955	84	6.26746
MGG_18128T0	279	280	0	0
MGG_00481T0	1813	1814	700.557	27.5183
MGG_03333T0	2167	2168	2601	85.4864
MGG_05414T0	477	478	0	0
MGG_01603T0	1753	1754	113	4.59055
MGG_03358T0	2730	2731	26	0.678371
MGG_07344T0	783	784	509	46.2613
MGG_00917T0	1495	1496	880	41.9148
MGG_04191T0	2787	2788	8620	220.308
MGG_17670T0	297	298	0	0
MGG_15926T0	432	433	0	0
MGG_09001T0	360	361	654	129.088
MGG_13331T0	1074	1075	0	0
MGG_05626T0	4952	4953	3662	52.6824
MGG_14597T0	2307	2308	56713	1750.91
MGG_11009T0	1047	1048	0	0
MGG_11553T0	2814	2815	889	22.5029
MGG_08262T0	3199	3200	461	10.2652
MGG_04988T0	4220	4221	1973	33.3064
MGG_16620T0	579	580	2	0.245707
MGG_03920T0	1742	1743	1866	76.2834
MGG_13279T0	4408	4409	1400.33	22.6312
MGG_14183T0	888	889	0	0
MGG_17792T0	458	459	3	0.46572
MGG_16994T0	252	253	0	0
MGG_00979T0	2841	2842	2795	70.0767
MGG_07985T0	3654	3655	0	0
MGG_15637T0	893	894	423	33.7147
MGG_01960T0	1806	1807	0	0
MGG_17480T0	669	670	47	4.99849
MGG_08783T0	2527	2528	657.116	18.5217
MGG_07847T0	618	619	0	0
MGG_10127T0	4000	4001	951.337	16.9427
MGG_07586T0	501	502	0	0
MGG_14648T0	327	328	7	1.52069
MGG_08092T0	4846	4847	3823	56.2014
MGG_15541T0	231	232	0	0
MGG_06468T0	1158	1159	2277	139.99
MGG_02738T0	884	885	404.341	32.5552
MGG_18066T0	516	517	0	0
MGG_05705T0	723	724	1	0.0984186
MGG_17880T0	391	392	0	0
MGG_00388T0	4022	4023	43	0.761613
MGG_07350T0	609	610	0	0
MGG_02079T0	756	757	0	0
MGG_10557T0	597	598	0	0
MGG_00822T0	912	913	0	0
MGG_09863T0	1701	1702	15	0.627983
MGG_16574T0	1458	1459	0	0
MGG_05483T0	1574	1575	29994	1356.97
MGG_00687T0	2441	2442	445	12.9846
MGG_00962T0	651	652	2	0.218574
MGG_00692T0	3976	3977	21686	388.544
MGG_10837T0	3490	3491	3178	64.8664
MGG_10485T0	2489	2490	71	2.03177
MGG_10658T0	1784	1785	4	0.159675
MGG_09899T0	1582	1583	86.4457	3.89115
MGG_06004T0	1270	1271	3032.02	169.982
MGG_05702T0	1375	1376	323.635	16.7592
MGG_18061T0	321	322	0	0
MGG_00736T0	5640	5641	1056	13.339
MGG_03430T0	1452	1453	0	0
MGG_04965T0	2816	2817	1734	43.861
MGG_08829T0	2921	2922	5788	141.145
MGG_00905T0	1811	1812	2331.04	91.6658
MGG_03680T0	1178	1179	5845	353.254
MGG_10106T0	1496	1497	0	0
MGG_15954T0	2104	2105	2045	69.2241
MGG_16933T0	150	151	0	0
MGG_04761T0	1745	1746	1573	64.1949
MGG_08567T0	267	268	0	0
MGG_16185T0	443	444	40	6.41938
MGG_00042T0	1839	1840	0	0
MGG_02509T0	1242	1243	22.5819	1.29451
MGG_10781T0	588	589	0	0
MGG_10801T0	1221	1222	3	0.174931
MGG_10288T0	2076	2077	57	1.95548
MGG_02382T0	630	631	0	0
MGG_03628T0	2182	2183	3711	121.13
MGG_02781T0	4800	4801	5229	77.6073
MGG_09733T0	969	970	2967.91	218.019
MGG_06586T0	1494	1495	726.942	34.6477
MGG_07900T0	426	427	0	0
MGG_04305T0	1143	1144	0	0
MGG_03139T0	2525	2526	1900	53.5965
MGG_02485T0	2423	2424	3765	110.675
MGG_14843T0	1554	1555	46	2.10787
MGG_16008T0	543	544	0	0
MGG_11062T0	2425	2426	212	6.22674
MGG_05870T0	762	763	261	24.3743
MGG_17153T0	1981	1982	105	3.77487
MGG_06619T0	1620	1621	14.3703	0.631684
MGG_08818T0	369	370	0	0
MGG_14763T0	3105	3106	791	18.1464
MGG_10639T0	2626	2627	303	8.21861
MGG_03904T0	907	908	21	1.64797
MGG_07328T0	858	859	3899	323.427
MGG_00583T0	3876	3877	1894	34.8097
MGG_02484T0	1747	1748	288.708	11.7688
MGG_03827T0	1044	1045	14	0.954614
MGG_16912T0	657	658	8	0.866323
MGG_00085T0	2167	2168	537	17.6494
MGG_17370T0	249	250	22	6.27045
MGG_16764T0	879	880	334	27.0445
MGG_08441T0	639	640	6	0.668016
MGG_02526T0	4460	4461	1513	24.167
MGG_02255T0	645	646	45	4.96359
MGG_05264T0	3116	3117	5380	122.988
MGG_01104T0	1163	1164	1152	70.5205
MGG_15368T0	2121	2122	3678.77	123.53
MGG_01684T0	1936	1937	554.597	20.4016
MGG_09371T0	2116	2117	4439	149.41
MGG_03965T0	548	549	2130	276.454
MGG_06393T0	3957	3958	1751	31.5229
MGG_00391T0	1087	1088	11	0.72041
MGG_06672T0	1913	1914	9823	365.694
MGG_03258T0	1107	1108	2	0.128619
MGG_09299T0	4087	4088	2317.92	40.402
MGG_08028T0	735	736	12	1.16177
MGG_02055T0	2161	2162	2	0.0659159
MGG_02105T0	1375	1376	437	22.6297
MGG_03072T0	698	699	75.1698	7.66271
MGG_17962T0	2256	2257	5585	176.322
MGG_11119T0	3765	3766	221	4.18146
MGG_15552T0	174	175	1	0.407172
MGG_09214T0	4516	4517	1426	22.495
MGG_01174T0	2279	2280	662	20.689
MGG_16516T0	367	368	27	5.22795
MGG_05168T0	1840	1841	136	5.26382
MGG_04165T0	4682	4683	2757	41.9497
MGG_15059T0	228	229	0	0
MGG_11443T0	3310	3311	1614	34.7344
MGG_11430T0	4516	4517	1783	28.1266
MGG_00880T0	1874	1875	235.434	8.94713
MGG_06358T0	3076	3077	1632	37.7928
MGG_07560T0	1463	1464	48	2.33623
MGG_01255T0	1541	1542	55174	2549.56
MGG_05676T0	1983	1984	3541	127.175
MGG_17476T0	759	760	76	7.12551
MGG_05348T0	1496	1497	32.6393	1.55359
MGG_15594T0	321	322	0	0
MGG_17576T0	261	262	0	0
MGG_16044T0	1239	1240	783	44.9941
MGG_09285T0	2116	2117	5586	188.016
MGG_03224T0	1280	1281	1853	103.072
MGG_15107T0	552	553	0	0
MGG_10487T0	1741	1742	19	0.777179
MGG_00871T0	3103	3104	55921.2	1283.72
MGG_09238T0	1720	1721	3703	153.316
MGG_07065T0	3350	3351	7182	152.717
MGG_06039T0	5249	5250	902.217	12.2452
MGG_08355T0	461	462	3	0.462695
MGG_00936T0	321	322	0	0
MGG_09811T0	2906	2907	972	23.8252
MGG_01655T0	3409	3410	281	5.87175
MGG_04484T0	1106	1107	4162.95	267.959
MGG_16375T0	1287	1288	77	4.25981
MGG_15504T0	258	259	33	9.07883
MGG_01974T0	1394	1395	17	0.868342
MGG_17021T0	339	340	7	1.46702
MGG_16064T0	675	676	409.769	43.1924
MGG_05340T0	2549	2550	284.236	7.94245
MGG_05763T0	650	651	32	3.50255
MGG_08239T0	1236	1237	0	0
MGG_07811T0	507	508	0	0
MGG_17182T0	183	184	0	0
MGG_17794T0	883	884	17	1.37029
MGG_02951T0	1636	1637	338	14.7124
MGG_04361T0	1323	1324	41	2.20654
MGG_03438T0	2139	2140	2176	72.4538
MGG_04804T0	2745	2746	344.849	8.94838
MGG_10140T0	1411	1412	2839.68	143.302
MGG_08770T0	1679	1680	46	1.95103
MGG_04039T0	813	814	608.458	53.2625
MGG_07899T0	153	154	0	0
MGG_14988T0	2436	2437	31	0.906404
MGG_15800T0	939	940	72.1429	5.46867
MGG_13764T0	1890	1891	2	0.0753623
MGG_07303T0	1048	1049	7	0.475487
MGG_15067T0	3162	3163	31	0.698358
MGG_09114T0	1713	1714	1590	66.1001
MGG_03325T0	1459	1460	147	7.17431
MGG_03016T0	1044	1045	547	37.2981
MGG_03196T0	3674	3675	5522	107.067
MGG_01806T0	1503	1504	7.05693	0.334336
MGG_12994T0	795	796	752	67.3164
MGG_11877T0	1275	1276	722	40.3183
MGG_10507T0	3267	3268	2139	46.6385
MGG_09022T0	1595	1596	22	0.982213
MGG_02985T0	1902	1903	838	31.3777
MGG_17045T0	228	229	0	0
MGG_16015T0	1002	1003	49	3.48106
MGG_07665T0	1652	1653	180	7.75917
MGG_06470T0	3141	3142	1680	38.0995
MGG_05266T0	2586	2587	2481	68.3355
MGG_09895T0	1791	1792	900	35.7866
MGG_05481T0	2172	2173	376	12.3295
MGG_17691T0	168	169	0	0
MGG_07853T0	1713	1714	4	0.16629
MGG_12415T0	783	784	569	51.7145
MGG_03690T0	2624	2625	6811	184.883
MGG_01240T0	2628	2629	7913	214.47
MGG_17232T0	300	301	0	0
MGG_08469T0	557	558	0	0
MGG_05327T0	766	767	3312	307.688
MGG_03109T1	3058	3059	1161.73	27.0608
MGG_03109T0	3130	3131	2842.27	64.6843
MGG_03633T0	3683	3684	560	10.8314
MGG_08652T0	984	985	0	0
MGG_07413T0	537	538	0	0
MGG_16503T0	631	632	8	0.901963
MGG_14203T0	1818	1819	748	29.3012
MGG_05167T0	1451	1452	1588	77.9291
MGG_16635T0	776	777	7	0.641938
MGG_17453T0	2115	2116	1708	57.5159
MGG_02100T0	879	880	0	0
MGG_11390T0	1847	1848	617.395	23.8055
MGG_09571T0	2583	2584	13461	371.194
MGG_08940T0	873	874	0	0
MGG_06269T0	1115	1116	5928	378.495
MGG_15031T0	474	475	0	0
MGG_14348T0	2667	2668	543	14.5021
MGG_00078T0	1285	1286	2263	125.389
MGG_15698T0	153	154	1	0.462695
MGG_06204T0	2600	2601	311	8.51993
MGG_02915T0	1548	1549	280	12.8802
MGG_00660T0	4098	4099	1092.51	18.9917
MGG_01486T0	4020	4021	61	1.08096
MGG_16798T0	204	205	11	3.82344
MGG_12536T0	1842	1843	861	33.2885
MGG_09894T0	618	619	3308	380.795
MGG_14295T0	1224	1225	0	0
MGG_04534T0	4234	4235	59	0.992692
MGG_17888T0	760	761	1683	157.585
MGG_09505T0	3358	3359	1495	31.7137
MGG_00348T0	2387	2388	2563	76.4769
MGG_10661T0	1436	1437	101	5.00819
MGG_08681T0	1689	1690	46.9048	1.97763
MGG_07268T0	2152	2153	1133.39	37.5105
MGG_15425T0	465	466	10	1.52908
MGG_13245T0	1347	1348	189	9.99051
MGG_10817T0	1291	1292	1	0.055151
MGG_18020T0	408	409	0	0
MGG_12899T0	4241	4242	237.702	3.9928
MGG_17617T0	1949	1950	479	17.5032
MGG_12491T0	345	346	1	0.20594
MGG_17097T0	1951	1952	528	19.2739
MGG_04619T0	1352	1353	788.733	41.5382
MGG_08730T0	2583	2584	1514	41.7493
MGG_04116T0	5004	5005	1243.53	17.7039
MGG_15402T0	3363	3364	347.306	7.35651
MGG_14754T0	2498	2499	442	12.6029
MGG_00909T0	3238	3239	2126	46.7701
MGG_09915T0	4034	4035	723	12.7676
MGG_17539T0	2338	2339	310	9.44381
MGG_17816T0	1795	1796	597	23.6856
MGG_17765T0	1218	1219	0	0
MGG_07051T0	3406	3407	1595	33.3583
MGG_04237T0	1609	1610	403	17.8359
MGG_01574T0	1661	1662	703	30.1398
MGG_15937T0	660	661	14	1.50918
MGG_01941T0	2222	2223	21	0.673125
MGG_14195T0	417	418	1	0.170467
MGG_17397T0	372	373	7	1.33723
MGG_09932T0	2199	2200	2081	67.4008
MGG_00171T0	2063	2064	2349	81.0941
MGG_04405T0	3507	3508	4558	92.5829
MGG_10469T0	2655	2656	98	2.62914
MGG_08193T0	687	688	46	4.76415
MGG_18026T0	195	196	0	0
MGG_06460T0	1287	1288	2151.26	119.013
MGG_02297T0	2106	2107	4741	160.332
MGG_04953T0	294	295	2063	498.303
MGG_16205T0	462	463	5	0.769493
MGG_02395T0	6972	6973	1240	12.6712
MGG_05022T0	966	967	184	13.5584
MGG_15334T0	4053	4054	0	0
MGG_06851T0	1680	1681	150	6.35828
MGG_14129T0	945	946	132	9.94257
MGG_04567T0	3156	3157	6582	148.559
MGG_08998T0	639	640	0	0
MGG_06668T0	1571	1572	8949	405.637
MGG_04883T0	938	939	2560	194.263
MGG_07984T0	453	454	0	0
MGG_02625T0	477	478	2301	343.008
MGG_17831T0	165	166	1	0.429248
MGG_11148T0	1659	1660	1859	79.7971
MGG_04073T0	2096	2097	80	2.71836
MGG_13063T0	1880	1881	313	11.8569
MGG_08639T0	1263	1264	10310.5	581.229
MGG_00077T0	1959	1960	25099	912.465
MGG_02867T0	3127	3128	1441.47	32.8364
MGG_17215T0	1626	1627	10	0.437954
MGG_09321T0	1731	1732	258.364	10.6292
MGG_02610T0	1044	1045	1164	79.3693
MGG_11155T0	558	559	639	81.4526
MGG_14721T0	515	516	29	4.00465
MGG_08566T0	1146	1147	620	38.5163
MGG_17550T0	228	229	0	0
MGG_12396T0	2020	2021	571	20.1319
MGG_00570T0	1029	1030	5	0.345898
MGG_04457T0	879	880	578	46.8016
MGG_03443T0	2478	2479	0	0
MGG_10496T0	1091	1092	617	40.2604
MGG_01082T0	2545	2546	568.708	15.9165
MGG_01082T1	1829	1830	2461.29	95.8358
MGG_10456T0	1144	1145	185	11.5128
MGG_17210T0	2820	2821	2126.94	53.7241
MGG_16105T1	457	458	0	0
MGG_16105T0	480	481	43	6.37
MGG_07602T0	1190	1191	414	24.7688
MGG_01028T0	1590	1591	5414	242.473
MGG_11241T0	2630	2631	4812	130.323
MGG_02911T0	1707	1708	2621.28	109.356
MGG_04469T0	2851	2852	644	16.0899
MGG_15678T0	282	283	0	0
MGG_06529T0	3246	3247	847.423	18.5966
MGG_06529T1	3339	3340	4920.58	104.975
MGG_00982T0	3671	3672	5070	98.3832
MGG_00169T0	1550	1551	647.113	29.7293
MGG_00534T0	1702	1703	237	9.9163
MGG_04271T0	489	490	0	0
MGG_11370T0	1982	1983	38	1.36545
MGG_04118T0	6363	6364	2088	23.3785
MGG_06097T0	1347	1348	1921.3	101.56
MGG_14813T0	3082	3083	324	7.48837
MGG_17326T0	156	157	1	0.453854
MGG_18094T0	234	235	0	0
MGG_00953T0	1619	1620	388.883	17.1049
MGG_01557T0	1185	1186	3249.61	195.237
MGG_07794T0	2857	2858	46	1.14686
MGG_01866T0	1676	1677	41	1.74207
MGG_02996T0	2258	2259	926	29.2086
MGG_18050T0	339	340	0	0
MGG_05303T0	3288	3289	1413	30.6122
MGG_07319T0	4211	4212	5449	92.1816
MGG_14886T0	2185	2186	4809	156.755
MGG_00270T0	1342	1343	569.684	30.2255
MGG_17719T0	605	606	7.45874	0.877019
MGG_10008T0	1092	1093	17	1.10827
MGG_05639T0	2844	2845	34	0.851555
MGG_05639T1	2375	2376	0	0
MGG_11342T0	3085	3086	1068	24.6599
MGG_05956T0	2160	2161	731	24.1034
MGG_04625T0	4550	4551	8969	140.428
MGG_07887T0	2183	2184	0	0
MGG_13027T0	339	340	0	0
MGG_09210T0	2579	2580	2878	79.4853
MGG_01530T0	1761	1762	19	0.768358
MGG_02537T0	2972	2973	713	17.0888
MGG_11454T0	3029	3030	12706	298.801
MGG_10164T0	2876	2877	1457	36.0857
MGG_05109T0	1164	1165	7171	438.601
MGG_17249T0	438	439	0	0
MGG_17565T0	345	346	0	0
MGG_03151T0	1321	1322	4106	221.311
MGG_10572T0	1381	1382	105	5.41374
MGG_09796T0	2659	2660	0	0
MGG_01980T0	1071	1072	20	1.32939
MGG_10012T0	1443	1444	2	0.0986913
MGG_16997T0	3805	3806	492.538	9.22118
MGG_09757T0	3135	3136	242.508	5.51018
MGG_03379T0	2169	2170	70	2.29855
MGG_15227T0	183	184	191	73.9659
MGG_10153T0	2632	2633	5097	137.937
MGG_05734T0	1768	1769	302.212	12.1731
MGG_03869T0	2115	2116	379	12.7626
MGG_02632T0	2113	2114	732.181	24.6791
MGG_02632T1	2101	2102	1135.02	38.4757
MGG_01504T0	1248	1249	1413	80.6112
MGG_03567T0	2613	2614	486.098	13.2506
MGG_01157T0	7372	7373	1881.48	18.1832
MGG_06098T0	2636	2637	1837	49.6381
MGG_15526T0	174	175	39	15.8797
MGG_04941T0	1070	1071	1589	105.718
MGG_03773T0	1180	1181	5	0.301673
MGG_04573T0	675	676	43	4.5325
MGG_15049T0	1938	1939	20	0.734967
MGG_02569T0	5475	5476	623	8.10663
MGG_04838T0	3379	3380	2894	61.0095
MGG_03246T0	1121	1122	94.6564	6.01137
MGG_06134T0	2826	2827	1112	28.0282
MGG_15677T0	981	982	243	17.6324
MGG_15081T0	2676	2677	266	7.08026
MGG_08463T0	3276	3277	2055	44.6839
MGG_00703T0	969	970	0	0
MGG_14574T0	2485	2486	997	28.5766
MGG_03118T0	3566	3567	112.624	2.2498
MGG_01629T0	1752	1753	221.488	9.00295
MGG_10773T0	845	846	48	4.04284
MGG_12974T0	566	567	2802	352.128
MGG_04145T0	3927	3928	6063	109.985
MGG_03023T0	1532	1533	514	23.8911
MGG_03448T0	2060	2061	459	15.869
MGG_15548T0	387	388	0	0
MGG_09134T0	933	934	11	0.839193
MGG_08741T0	1248	1249	6999	399.291
MGG_01512T0	2272	2273	601	18.8404
MGG_04520T0	3211	3212	1959	43.4585
MGG_17166T0	1048	1049	35	2.37743
MGG_06848T0	3632	3633	1416	27.7724
MGG_05008T0	1832	1833	55	2.13804
MGG_12471T0	1559	1560	5	0.228382
MGG_18123T0	153	154	0	0
MGG_03219T0	2190	2191	2647	86.085
MGG_10486T0	2732	2733	147	3.8326
MGG_04998T0	1301	1302	53.8833	2.9489
MGG_12930T0	658	659	12	1.29751
MGG_02813T0	1957	1958	7840	285.311
MGG_07362T0	860	861	0	0
MGG_15200T0	321	322	0	0
MGG_06158T0	2175	2176	7213	236.196
MGG_17803T0	1441	1442	120	5.92969
MGG_07986T0	342	343	0	0
MGG_00446T0	1056	1057	1285	86.6252
MGG_05016T0	300	301	27	6.39165
MGG_17677T0	2475	2476	88.1641	2.53721
MGG_17001T0	2405	2406	1251	37.0491
MGG_17506T0	806	807	32	2.82548
MGG_07724T0	2564	2565	26	0.722274
MGG_07170T0	2119	2120	207	6.95745
MGG_09848T0	555	556	131	16.7885
MGG_00395T0	1740	1741	20.1254	0.823685
MGG_17607T0	598	599	11	1.30852
MGG_05625T0	2333	2334	365.318	11.1528
MGG_05625T1	2090	2091	2055.68	70.0516
MGG_06382T0	954	955	55	4.1037
MGG_00175T0	1996	1997	4871	173.802
MGG_15604T0	407	408	8	1.39716
MGG_02690T0	3639	3640	3388	66.322
MGG_02947T0	1578	1579	132	5.95673
MGG_12737T0	2226	2227	29	0.927884
MGG_01495T0	499	500	57	8.12308
MGG_06703T0	1452	1453	1702	83.466
MGG_07127T0	3343	3344	1535.04	32.7091
MGG_12814T0	3182	3183	2546	56.9951
MGG_01425T0	1815	1816	56	2.19729
MGG_10313T0	528	529	11	1.48167
MGG_08485T0	354	355	0	0
MGG_06442T0	2333	2334	108	3.29715
MGG_09256T0	2191	2192	1519	49.378
MGG_01403T0	852	853	32	2.67311
MGG_03982T0	1762	1763	11884.4	480.329
MGG_08197T0	1381	1382	1	0.0515594
MGG_08056T0	2752	2753	228	5.90126
MGG_01680T0	1882	1883	1358	51.3884
MGG_07197T0	2748	2749	4610	119.493
MGG_03336T0	860	861	56	4.63448
MGG_09693T0	309	310	29	6.6658
MGG_08795T0	3567	3568	1779	35.5277
MGG_16530T0	897	898	17	1.34893
MGG_03102T0	5571	5572	420.505	5.37745
MGG_05000T0	1260	1261	0	0
MGG_09749T0	2015	2016	2557	90.3766
MGG_15156T0	8640	8641	3939	32.4816
MGG_06337T0	4187	4188	18	0.306254
MGG_01182T0	1331	1332	17	0.909412
MGG_00878T0	1099	1100	6390	413.927
MGG_13691T0	2013	2014	0	0
MGG_03279T0	2771	2772	28	0.719748
MGG_15117T0	309	310	18	4.13739
MGG_11271T0	1343	1344	94	4.98361
MGG_16048T0	186	187	0	0
MGG_14896T0	354	355	14	2.81006
MGG_11467T0	1306	1307	841	45.8497
MGG_00859T0	3164	3165	2879	64.8162
MGG_07676T0	894	895	539	42.9123
MGG_07312T0	4955	4956	4588	65.9642
MGG_14905T0	1170	1171	218	13.2653
MGG_06660T0	1569	1570	3709.59	168.361
MGG_02169T0	1653	1654	3	0.129241
MGG_02635T0	672	673	24	2.54104
MGG_09732T0	2237	2238	1217	38.7477
MGG_01450T0	930	931	1178.1	90.1674
MGG_11888T0	5050	5051	3441	48.5426
MGG_04103T0	1473	1474	302.526	14.6245
MGG_02067T0	857	858	8	0.664383
MGG_04982T0	6626	6627	1755	18.8702
MGG_15983T0	657	658	0	0
MGG_17345T0	303	304	469	109.93
MGG_09217T0	1987	1988	273.558	9.80504
MGG_08537T1	1015	1016	6	0.420798
MGG_08537T0	1126	1127	0	0
MGG_03823T0	1631	1632	22	0.960547
MGG_09907T0	3433	3434	1779	36.914
MGG_09357T0	1413	1414	1	0.0503926
MGG_12880T0	2955	2956	0	0
MGG_10524T0	940	941	700	53.0059
MGG_17842T1	1737	1738	119.653	4.90557
MGG_17842T0	1721	1722	52.3003	2.16415
MGG_17842T2	1668	1669	54.0961	2.30954
MGG_16110T0	189	190	0	0
MGG_12350T0	764	765	27	2.51489
MGG_17301T0	249	250	0	0
MGG_10080T0	744	745	0	0
MGG_00653T0	1077	1078	40	2.64397
MGG_12798T0	2549	2550	590	16.4865
MGG_03813T0	1203	1204	3	0.177546
MGG_09898T0	8078	8079	1245	10.9806
MGG_16432T0	2183	2184	62	2.02281
MGG_15847T0	548	549	1	0.129791
MGG_07433T0	1389	1390	390	19.9924
MGG_06305T0	2939	2940	829.409	20.1019
MGG_05292T0	1410	1411	7934.51	400.69
MGG_05864T0	2871	2872	51440	1276.24
MGG_02584T0	654	655	0	0
MGG_04323T0	1115	1116	16	1.02158
MGG_17640T0	354	355	0	0
MGG_17722T0	4577	4578	29.0098	0.451528
MGG_09337T0	2598	2599	8916	244.444
MGG_16904T0	4433	4434	3281	52.7262
MGG_07394T0	936	937	109	8.28901
MGG_02434T0	1258	1259	767.669	43.4474
MGG_07807T0	654	655	1	0.108786
MGG_06081T1	3580	3581	473.301	9.41778
MGG_06081T0	1861	1862	283.97	10.867
MGG_14358T0	1782	1783	53.7574	2.14834
MGG_15996T0	647	648	0	0
MGG_03697T0	999	1000	1229	87.5725
MGG_17809T0	317	318	2	0.448145
MGG_12290T0	782	783	6	0.546016
MGG_07183T0	2463	2464	1346	38.9242
MGG_07488T0	1741	1742	92	3.76318
MGG_00886T0	3255	3256	352	7.70325
MGG_13677T0	1404	1405	0	0
MGG_04483T0	2260	2261	1882	59.311
MGG_14658T0	1269	1270	606	34.0005
MGG_15875T0	165	166	23	9.87269
MGG_02226T0	4050	4051	635.053	11.1703
MGG_02447T0	5670	5671	388	4.87515
MGG_04944T0	1571	1572	3354	152.029
MGG_09920T0	3248	3249	5692.99	124.855
MGG_07654T0	1818	1819	213	8.34378
MGG_09226T0	2028	2029	32	1.12379
MGG_04234T0	1867	1868	46	1.75468
MGG_14833T0	1062	1063	9.07894	0.60858
MGG_03566T0	554	555	14	1.79743
MGG_07253T0	459	460	119	18.4334
MGG_02436T0	963	964	101	7.46552
MGG_17868T0	195	196	0	0
MGG_03546T0	2464	2465	840	24.2817
MGG_03899T0	4860	4861	896	13.134
MGG_13127T0	952	953	35	2.61692
MGG_16183T0	2868	2869	741	18.4036
MGG_06271T0	3113	3114	370.556	8.47912
MGG_09410T0	1465	1466	65	3.15933
MGG_05184T0	2172	2173	1127	36.9556
MGG_16918T0	267	268	4.51129	1.19945
MGG_01188T0	1009	1010	0	0
MGG_00359T0	1390	1391	1921	98.4048
MGG_16696T0	714	715	0	0
MGG_12136T0	1254	1255	648	36.7915
MGG_09399T0	336	337	3	0.634318
MGG_04078T0	2857	2858	2658	66.2687
MGG_07883T0	901	902	10	0.789968
MGG_14398T0	384	385	12	2.22094
MGG_06188T0	2778	2779	910.526	23.3464
MGG_00505T0	1916	1917	10720	398.463
MGG_04428T0	3343	3344	4393	93.6075
MGG_12102T0	1392	1393	90	4.6037
MGG_07388T0	2376	2377	14	0.419677
MGG_02089T0	2303	2304	9.35496	0.289318
MGG_17444T0	156	157	8	3.63083
MGG_04575T0	4451	4452	7650	122.44
MGG_04677T0	1938	1939	8899	327.024
MGG_08869T0	1950	1951	191.206	6.98328
MGG_06141T0	1952	1953	2048	74.7212
MGG_17331T0	174	175	0	0
MGG_09692T0	2560	2561	3046	84.7493
MGG_09026T0	3440	3441	1127	23.3375
MGG_05808T0	2146	2147	32	1.06202
MGG_05680T0	1255	1256	460	26.0966
MGG_01421T0	2774	2775	510	13.0955
MGG_00712T0	1311	1312	700	38.0172
MGG_17826T0	162	163	0	0
MGG_05981T0	741	742	390	37.4521
MGG_04960T0	1099	1100	152	9.84616
MGG_02811T0	1218	1219	969	56.6417
MGG_05926T0	2139	2140	559	18.6129
MGG_05433T0	2145	2146	270	8.96499
MGG_16111T0	162	163	0	0
MGG_17666T0	1357	1358	12.5479	0.658395
MGG_07003T0	5024	5025	1386	19.6536
MGG_01988T0	2210	2211	1852	59.6854
MGG_17668T0	3161	3162	88.5134	1.99463
MGG_09565T0	2488	2489	6495.39	185.95
MGG_09259T0	5766	5767	8818	108.952
MGG_01910T0	875	876	0	0
MGG_06341T0	4700	4701	2397	36.3324
MGG_12644T0	6384	6385	5375	59.9837
MGG_16047T0	876	877	86.6074	7.03674
MGG_05749T0	726	727	48	4.7046
MGG_01376T0	4500	4501	173.22	2.74223
MGG_01376T1	4320	4321	2285.78	37.6935
MGG_03232T0	4405	4406	1487	24.0482
MGG_10605T0	2091	2092	212	7.22088
MGG_07636T0	2615	2616	544	14.8176
MGG_08127T0	1815	1816	4	0.15695
MGG_06075T0	1117	1118	1310.86	83.5468
MGG_06075T1	1191	1192	29.1409	1.74198
MGG_11716T0	1236	1237	507	29.2048
MGG_15119T0	186	187	2	0.762086
MGG_03560T0	2999	3000	3973	94.3655
MGG_13584T0	2202	2203	596	19.2774
MGG_17121T0	216	217	0	0
MGG_08101T0	3513	3514	2695	54.6478
MGG_02366T0	4777	4778	3322	49.5415
MGG_06844T0	903	904	1041	82.0537
MGG_16399T0	763	764	86.0968	8.02989
MGG_02393T0	1327	1328	398	21.3551
MGG_03200T0	3422	3423	1671.29	34.7905
MGG_15021T0	1458	1459	84	4.10242
MGG_11458T0	1209	1210	201	11.8366
MGG_03306T0	783	784	49	4.45344
MGG_03621T0	1651	1652	2022	87.2142
MGG_16137T0	366	367	4	0.776622
MGG_02696T0	1427	1428	27980	1396.16
MGG_13219T0	3495	3496	324	6.60373
MGG_09602T0	3081	3082	1391	32.1596
MGG_00688T0	3536	3537	115	2.31675
MGG_14620T0	3777	3778	2536	47.8303
MGG_15369T0	915	916	0	0
MGG_05280T0	3543	3544	5891	118.443
MGG_16318T0	881	882	67	5.4128
MGG_15484T0	318	319	0	0
MGG_01675T0	1389	1390	437.997	22.4529
MGG_00632T0	2798	2799	5746	146.278
MGG_14904T0	1533	1534	128	5.94567
MGG_07973T0	798	799	250	22.2951
MGG_17050T0	309	310	0	0
MGG_03939T0	3768	3769	146	2.76021
MGG_00482T0	884	885	326.443	26.2833
MGG_03662T0	2397	2398	1180	35.063
MGG_08574T0	2517	2518	26558	751.546
MGG_17776T0	1233	1234	0	0
MGG_01146T0	896	897	17	1.35043
MGG_05035T0	2053	2054	18.0521	0.626242
MGG_08386T0	1305	1306	0	0
MGG_17805T0	261	262	6	1.6318
MGG_03488T0	2107	2108	1873	63.3116
MGG_13796T0	850	851	14	1.17223
MGG_12819T0	3325	3326	4	0.0856946
MGG_08636T0	2834	2835	4473	112.425
MGG_09927T0	1665	1666	7544	322.658
MGG_05810T0	2687	2688	518	13.7314
MGG_07607T0	792	793	1467.44	131.857
MGG_09011T0	1912	1913	2239	83.3979
MGG_10780T0	444	445	0	0
MGG_09252T0	570	571	183	22.8366
MGG_06298T0	1645	1646	1745	75.5408
MGG_11166T0	327	328	9	1.95517
MGG_03973T0	2078	2079	852	29.2012
MGG_15859T0	228	229	5	1.55579
MGG_12918T0	2441	2442	3295.72	96.1656
MGG_16031T0	201	202	0	0
MGG_06849T0	1826	1827	3446	134.398
MGG_10689T0	1790	1791	276	10.9807
MGG_17155T0	431	432	0	0
MGG_09950T0	3840	3841	827	15.3418
MGG_07714T0	3463	3464	554	11.3959
MGG_08295T0	2760	2761	626	16.1556
MGG_13774T0	1020	1021	107	7.46748
MGG_00099T0	1793	1794	55	2.18452
MGG_06440T0	3682	3683	2379	46.0266
MGG_02524T0	1084	1085	1039	68.2341
MGG_16289T0	177	178	2	0.800619
MGG_09556T0	1222	1223	1697	98.8715
MGG_06524T0	4071	4072	2228.49	38.9959
MGG_13514T0	1848	1849	3467	133.608
MGG_17248T0	309	310	3	0.689565
MGG_04049T0	1948	1949	639	23.3617
MGG_09219T0	1654	1655	1850	79.6507
MGG_07759T0	438	439	0	0
MGG_12671T0	1223	1224	28867.6	1680.53
MGG_01628T0	1558	1559	2941	134.42
MGG_12989T0	1694	1695	120	5.04461
MGG_09064T0	537	538	0	0
MGG_00397T0	2084	2085	1337	45.6921
MGG_16886T0	1714	1715	1255	52.1429
MGG_12632T0	1767	1768	579	23.3352
MGG_02168T0	1212	1213	0	0
MGG_01299T0	8864	8865	587	4.71819
MGG_01189T0	1425	1426	733	36.6269
MGG_01068T0	4629	4630	1365.45	21.014
MGG_18052T0	448	449	0	0
MGG_10086T0	387	388	0	0
MGG_06348T0	990	991	272	19.5574
MGG_09548T0	672	673	2434.3	257.736
MGG_04052T0	3146	3147	2259	51.1488
MGG_16534T0	1302	1303	47.2531	2.58405
MGG_00265T0	1481	1482	67	3.22138
MGG_03186T0	2929	2930	480	11.6732
MGG_03193T0	1179	1180	6095	368.051
MGG_13508T0	2921	2922	2373	57.8673
MGG_08766T0	1363	1364	60	3.13439
MGG_17101T0	300	301	4	0.946911
MGG_12750T0	5639	5640	1788.56	22.5964
MGG_13471T0	2869	2870	641.053	15.9158
MGG_06937T0	2275	2276	1009	31.5889
MGG_18022T0	375	376	40	7.58033
MGG_16517T0	623	624	45	5.13859
MGG_11003T0	255	256	0	0
MGG_12317T0	864	865	0	0
MGG_01925T0	3731	3732	1338	25.5464
MGG_00242T0	1029	1030	0	0
MGG_04595T0	752	753	259.073	24.5157
MGG_04595T1	850	851	128.927	10.7951
MGG_11897T0	450	451	7085	1119.38
MGG_09783T0	1213	1214	1155.77	67.8374
MGG_06199T0	1997	1998	843	30.0641
MGG_05995T0	1048	1049	163	11.072
MGG_07218T0	2277	2278	3081	96.3727
MGG_02337T0	1451	1452	89	4.36756
MGG_05085T0	2439	2440	3166	92.4564
MGG_05480T0	1660	1661	9316	399.646
MGG_17410T0	768	769	18	1.66787
MGG_06522T0	2126	2127	753	25.2257
MGG_05001T0	1416	1417	126	6.33602
MGG_08817T0	725	726	356	34.9405
MGG_07929T0	360	361	6315	1246.47
MGG_01291T0	2949	2950	1138	27.4876
MGG_03332T0	2741	2742	386	10.0308
MGG_12721T0	3522	3523	33	0.667448
MGG_17402T0	552	553	66	8.50422
MGG_05119T0	744	745	17	1.62595
MGG_17644T0	1332	1333	1151	61.5263
MGG_07574T0	774	775	15	1.37913
MGG_02406T0	2598	2599	780	21.3848
MGG_01651T0	793	794	1854.12	166.392
MGG_09612T0	2004	2005	33	1.17278
MGG_16858T0	864	865	8	0.659007
MGG_15641T0	207	208	1	0.342573
MGG_01886T0	852	853	266	22.2202
MGG_11267T0	2800	2801	509	12.9485
MGG_12937T0	300	301	30	7.10184
MGG_08527T0	1425	1426	520	25.9836
MGG_05192T0	342	343	42	8.72511
MGG_01281T0	1734	1735	858	35.2374
MGG_04028T0	270	271	825.157	216.962
MGG_14637T0	2006	2007	2760	97.9891
MGG_10556T0	252	253	0	0
MGG_02411T0	1491	1492	99	4.72805
MGG_05371T0	2989	2990	516	12.2969
MGG_07966T0	2143	2144	27	0.897336
MGG_04296T0	1050	1051	19	1.28815
MGG_16039T0	845	846	153.067	12.8922
MGG_09244T0	3453	3454	6689	137.992
MGG_06757T0	978	979	1188	86.4668
MGG_13334T0	2626	2627	13	0.352614
MGG_02783T0	1660	1661	14	0.600585
MGG_05300T0	2379	2380	175.506	5.2545
MGG_08062T0	1159	1160	4842	297.429
MGG_04477T0	4700	4701	801	12.1411
MGG_11004T0	324	325	0	0
MGG_16545T0	189	190	0	0
MGG_00222T0	2652	2653	887.502	23.8368
MGG_16244T0	201	202	40	14.1099
MGG_03098T0	984	985	29	2.09787
MGG_05153T0	3834	3835	197	3.6603
MGG_09322T0	2670	2671	471.636	12.582
MGG_15538T0	468	469	2	0.30386
MGG_10205T0	1269	1270	0	0
MGG_17303T0	225	226	0	0
MGG_06407T0	876	877	697.579	56.6774
MGG_15764T0	189	190	2	0.750054
MGG_07471T0	1185	1186	3145	188.952
MGG_17114T0	210	211	34	11.4819
MGG_06908T0	2205	2206	79.2394	2.55948
MGG_08736T0	1632	1633	134	5.84702
MGG_01287T0	2621	2622	696	18.9144
MGG_04085T0	2374	2375	2472.52	74.181
MGG_01237T0	3231	3232	1624	35.8039
MGG_05199T0	2671	2672	862	22.9872
MGG_01676T0	1598	1599	1441	64.2144
MGG_02779T0	3745	3746	3705	70.4752
MGG_07852T0	525	526	4	0.541864
MGG_01585T0	1017	1018	545.618	38.1906
MGG_08442T0	525	526	1	0.135466
MGG_16687T0	291	292	0	0
MGG_12441T0	1767	1768	0	0
MGG_09196T0	1158	1159	3	0.184439
MGG_03288T0	2416	2417	15989	471.368
MGG_17022T0	417	418	2	0.340933
MGG_10237T0	774	775	2	0.183884
MGG_15520T0	1566	1567	14	0.636612
MGG_14219T0	3147	3148	902.765	20.4341
MGG_09254T0	1673	1674	130.378	5.54966
MGG_10503T0	1904	1905	5428	203.03
MGG_14687T0	381	382	0	0
MGG_07974T0	1869	1870	307	11.698
MGG_04089T0	2060	2061	781.693	27.0255
MGG_11387T0	4500	4501	928	14.6911
MGG_10392T0	1605	1606	101	4.48117
MGG_02942T0	1959	1960	2172	78.9623
MGG_16793T0	2012	2013	1243	43.999
MGG_15841T0	342	343	2	0.415482
MGG_15423T0	2217	2218	3179	102.128
MGG_10515T0	1379	1380	310	16.0066
MGG_11785T0	1035	1036	4526	311.294
MGG_00742T1	1150	1151	753.143	46.6249
MGG_00742T0	1222	1223	399.857	23.2967
MGG_09205T0	2797	2798	4644	118.266
MGG_00819T0	4650	4651	2297.69	35.2014
MGG_08597T0	1986	1987	784	28.1147
MGG_05376T0	4280	4281	1773	29.5107
MGG_12630T0	2726	2727	2154	56.2829
MGG_01813T0	4588	4589	3438	53.3831
MGG_10203T0	1469	1470	951.696	46.1314
MGG_15196T0	792	793	1	0.0898551
MGG_14803T0	1425	1426	184.512	9.21977
MGG_17788T0	366	367	0	0
MGG_09781T0	813	814	919	80.4465
MGG_01591T0	2319	2320	2690	82.619
MGG_16936T0	735	736	4	0.387256
MGG_11574T0	1197	1198	117	6.95897
MGG_03377T0	1324	1325	1189	63.9414
MGG_12130T0	3842	3843	3776.49	70.0219
MGG_12130T1	3318	3319	3299.51	70.8366
MGG_02049T0	2139	2140	41	1.36517
MGG_05173T0	911	912	1321	103.21
MGG_05804T0	3070	3071	482	11.1836
MGG_14708T0	414	415	0	0
MGG_03504T0	1507	1508	228	10.7733
MGG_07856T0	1774	1775	6	0.240862
MGG_07023T0	948	949	163	12.2388
MGG_01175T0	4369	4370	1834	29.9043
MGG_03602T0	1879	1880	0	0
MGG_07624T0	555	556	0	0
MGG_17391T0	408	409	13	2.26483
MGG_06727T0	1142	1143	1271	79.2347
MGG_14996T0	648	649	55	6.03857
MGG_08454T0	1759	1760	53	2.14575
MGG_15646T0	237	238	517	154.785
MGG_06147T0	3019	3020	1684	39.733
MGG_04366T0	4862	4863	5467	80.1052
MGG_11599T0	2644	2645	87	2.34374
MGG_07467T0	2076	2077	1209.53	41.4951
MGG_12496T0	1641	1642	0	0
MGG_01562T0	1597	1598	1782.27	79.4717
MGG_14971T0	4037	4038	3944	69.5963
MGG_16827T0	444	445	92	14.7314
MGG_07747T0	744	745	109	10.4252
MGG_04647T0	1727	1728	3634.97	149.89
MGG_02296T0	495	496	169291	24320.3
MGG_10097T0	489	490	14	2.03586
MGG_01383T0	1734	1735	417	17.1259
MGG_09427T0	1486	1487	146	6.99613
MGG_01202T0	2491	2492	2495	71.3409
MGG_00573T0	924	925	7976	614.411
MGG_14800T0	2222	2223	498	15.9627
MGG_16408T0	1797	1798	312.213	12.3731
MGG_05715T0	4022	4023	296	5.24273
MGG_02550T0	1293	1294	18	0.991184
MGG_04697T0	1334	1335	379	20.229
MGG_16130T0	171	172	0	0
MGG_15783T0	627	628	0	0
MGG_16182T0	551	552	14	1.80719
MGG_06197T0	2537	2538	653	18.3332
MGG_14145T0	1866	1867	7	0.267159
MGG_10698T0	2352	2353	2157	65.3197
MGG_03380T0	849	850	3	0.251489
MGG_07199T0	2640	2641	310	8.36391
MGG_06366T0	1099	1100	1887.04	122.237
MGG_05440T0	1936	1937	248	9.12301
MGG_03958T0	1930	1931	2396	88.4139
MGG_16712T0	780	781	5	0.456179
MGG_01041T0	1946	1947	2231	81.6487
MGG_00864T0	2109	2110	2711	91.551
MGG_17909T0	1591	1592	941	42.1175
MGG_02270T0	495	496	0	0
MGG_00830T0	2395	2396	277	8.23775
MGG_14693T0	1617	1618	388	17.0871
MGG_01163T0	1873	1874	17	0.646391
MGG_06144T0	528	529	25	3.36744
MGG_07691T0	1569	1570	0	0
MGG_02413T0	2260	2261	762.725	24.0372
MGG_01819T0	3223	3224	13073.6	288.946
MGG_11773T0	3012	3013	2112	49.9471
MGG_09071T0	1903	1904	265.917	9.95165
MGG_04203T0	2609	2610	696	19.0014
MGG_05124T0	1380	1381	5	0.257984
MGG_14669T0	471	472	12	1.81157
MGG_15510T0	288	289	1	0.246557
MGG_14940T0	1287	1288	5	0.276611
MGG_02084T0	1380	1381	282	14.5503
MGG_11475T0	3855	3856	7412	136.966
MGG_17227T0	354	355	0	0
MGG_06772T0	832	833	229	19.5887
MGG_01842T0	2019	2020	1271	44.8343
MGG_17134T0	767	768	7	0.64946
MGG_10969T1	2035	2036	1479.51	51.7794
MGG_10969T0	2184	2185	1185.49	38.66
MGG_03605T0	1083	1084	607	39.9002
MGG_06112T0	2145	2146	359.077	11.9227
MGG_00542T0	1597	1598	18	0.802623
MGG_17562T0	153	154	0	0
MGG_12548T0	1294	1295	1391	76.5373
MGG_00354T0	4481	4482	2793	44.4033
MGG_04382T0	486	487	746	109.151
MGG_17652T0	1854	1855	895.257	34.389
MGG_13654T0	853	854	18	1.50186
MGG_13655T0	2448	2449	103	2.99685
MGG_04538T0	1755	1756	4066	164.99
MGG_03307T0	1327	1328	32053	1719.83
MGG_13767T0	8022	8023	3	0.0266441
MGG_09582T0	630	631	0	0
MGG_13138T0	351	352	2	0.404858
MGG_09948T0	1372	1373	1561.4	81.0323
MGG_05202T0	2523	2524	1001	28.2592
MGG_16390T0	1775	1776	338.177	13.568
MGG_17344T0	456	457	1568	244.481
MGG_17323T0	1179	1180	19	1.14733
MGG_04958T0	2142	2143	1375	45.719
MGG_04579T0	543	544	0	0
MGG_15048T0	1074	1075	129	8.55061
MGG_03505T0	724	725	52	5.11071
MGG_00985T0	1645	1646	244.12	10.5679
MGG_03458T0	2048	2049	719	25.0036
MGG_15684T0	162	163	0	0
MGG_14154T0	1303	1304	12168	664.902
MGG_12497T0	1698	1699	0	0
MGG_18077T0	240	241	1	0.295664
MGG_17828T0	1610	1611	50	2.21152
MGG_01470T0	1164	1165	3803	232.604
MGG_01059T0	1592	1593	3145.96	140.719
MGG_16521T0	1290	1291	60.3905	3.33318
MGG_03281T0	1677	1678	318.872	13.5407
MGG_03281T1	1356	1357	31.1278	1.6345
MGG_04298T0	1683	1684	0	0
MGG_17148T0	433	434	1	0.164182
MGG_03207T0	1870	1871	49	1.86611
MGG_05765T0	969	970	72	5.28904
MGG_01102T0	1739	1740	810	33.1705
MGG_00672T0	3079	3080	659	15.2458
MGG_04369T0	1671	1672	20	0.852334
MGG_01597T0	4528	4529	3404	53.5554
MGG_08047T0	1815	1816	133	5.21857
MGG_13857T0	309	310	0	0
MGG_09272T0	3167	3168	6598	148.403
MGG_08816T0	686	687	17	1.76323
MGG_03015T0	1599	1600	37	1.64777
MGG_09374T0	930	931	152	11.6335
MGG_09036T0	1235	1236	0	0
MGG_03858T0	1997	1998	292	10.4137
MGG_16895T0	2962	2963	1913	46.0044
MGG_04004T0	2622	2623	6201	168.453
MGG_17646T0	957	958	0	0
MGG_15723T0	2608	2609	1464.45	39.9958
MGG_05148T0	2100	2101	102.493	3.47602
MGG_07817T0	2165	2166	34	1.1185
MGG_05533T0	1311	1312	1619	87.9283
MGG_15676T0	804	805	18	1.59328
MGG_04876T0	1172	1173	3310.02	201.07
MGG_16807T0	261	262	3	0.815898
MGG_09179T0	2042	2043	2552	89.0078
MGG_07620T0	2514	2515	2	0.0566641
MGG_14091T0	354	355	1	0.200719
MGG_17806T0	339	340	0	0
MGG_16693T0	387	388	0	0
MGG_15445T0	498	499	18	2.57032
MGG_00363T0	4490	4491	521	8.26629
MGG_03555T0	2474	2475	353	10.1628
MGG_11494T0	2089	2090	60	2.0456
MGG_08705T0	1798	1799	190.164	7.53205
MGG_07124T0	1317	1318	565	30.5456
MGG_02935T0	2046	2047	706	24.5755
MGG_07194T0	804	805	2411	213.411
MGG_15411T0	1533	1534	5	0.232253
MGG_09576T0	1180	1181	61	3.68041
MGG_03068T0	2365	2366	68.7354	2.07005
MGG_03068T1	1558	1559	320.265	14.6379
MGG_09007T0	1679	1680	1462	62.0089
MGG_08140T0	2859	2860	636	15.8455
MGG_06317T0	5507	5508	2430	31.4361
MGG_05532T0	1428	1429	46	2.29373
MGG_12858T0	1428	1429	55	2.7425
MGG_17569T0	162	163	0	0
MGG_09003T0	2038	2039	2721	95.0883
MGG_06386T0	1191	1192	1007	60.1962
MGG_05020T0	1286	1287	369	20.4298
MGG_07515T0	1148	1149	376.432	23.3444
MGG_03299T0	2130	2131	367	12.2715
MGG_17231T0	663	664	0	0
MGG_02451T0	1020	1021	182	12.7017
MGG_03393T0	1516	1517	1277	59.982
MGG_13346T0	396	397	17	3.05123
MGG_06555T0	1971	1972	487	17.597
MGG_08610T0	663	664	164	17.5991
MGG_12181T0	174	175	7	2.8502
MGG_06744T0	1070	1071	1042	69.3257
MGG_10510T0	1596	1597	340	15.1701
MGG_13957T0	1395	1396	13	0.66355
MGG_16520T0	1772	1773	309	12.4184
MGG_10145T0	582	583	0	0
MGG_14870T0	3754	3755	789.917	14.9895
MGG_05999T0	762	763	730	68.1733
MGG_17512T0	162	163	27	11.803
MGG_03726T0	2050	2051	4093.45	142.213
MGG_07969T0	306	307	251	58.2574
MGG_00023T0	1515	1516	0	0
MGG_16086T0	162	163	0	0
MGG_03885T0	1657	1658	1441.48	61.9496
MGG_06550T0	2871	2872	0	0
MGG_06550T1	2589	2590	31.5703	0.868549
MGG_01677T0	3568	3569	2841.09	56.7223
MGG_15491T0	603	604	0	0
MGG_08043T0	2511	2512	70	1.98561
MGG_16484T0	186	187	0	0
MGG_03363T0	1808	1809	173	6.81433
MGG_16527T0	434	435	61	9.99209
MGG_00128T0	2857	2858	1445.52	36.0395
MGG_03329T0	1181	1182	2316	139.617
MGG_14082T0	228	229	0	0
MGG_17179T0	514	515	12	1.66031
MGG_14465T0	2186	2187	210	6.84205
MGG_04389T0	1450	1451	727.149	35.7085
MGG_16435T0	252	253	62	17.4617
MGG_15120T0	506	507	7	0.983798
MGG_03672T0	2892	2893	146	3.59601
MGG_16228T1	1562	1563	43.3529	1.9764
MGG_16228T0	1613	1614	31.6471	1.39716
MGG_06920T0	2710	2711	2081.08	54.6984
MGG_04740T0	1393	1394	1894	96.8129
MGG_07361T0	1704	1705	1578	65.9475
MGG_09723T0	594	595	0	0
MGG_11486T0	2565	2566	109	3.02681
MGG_17686T0	189	190	0	0
MGG_04413T0	2010	2011	207.78	7.36218
MGG_04413T1	2563	2564	1094.22	30.409
MGG_16426T0	790	791	48	4.32395
MGG_04716T0	871	872	2036.46	166.408
MGG_15830T0	3658	3659	1293	25.1798
MGG_05147T0	2561	2562	2235.51	62.1746
MGG_00103T0	1404	1405	266	13.4903
MGG_03446T0	3811	3812	291	5.43946
MGG_06444T0	1531	1532	1080	50.232
MGG_06427T0	596	597	1454	173.543
MGG_15726T0	150	151	11	5.19077
MGG_13498T0	5310	5311	2850	38.2371
MGG_04499T0	1479	1480	17	0.818471
MGG_10528T0	4147	4148	1753	30.1133
MGG_06985T0	2254	2255	510	16.1153
MGG_03308T0	910	911	29	2.26827
MGG_11913T0	2779	2780	3186	81.6614
MGG_11737T0	1491	1492	4363	208.369
MGG_04871T1	2023	2024	130.413	4.5912
MGG_04871T0	1758	1759	154.587	6.26215
MGG_13552T0	2540	2541	184	5.15975
MGG_01273T0	1097	1098	1258	81.6383
MGG_02993T0	1833	1834	621	24.1273
MGG_03831T0	1975	1976	1	0.0360603
MGG_15451T0	2771	2772	664	17.0683
MGG_13101T0	950	951	35	2.62243
MGG_04825T0	3261	3262	389.642	8.51133
MGG_09218T0	1320	1321	483.442	26.077
MGG_12911T0	1401	1402	1790	90.9748
MGG_17634T0	3176	3177	462	10.3619
MGG_11129T0	4341	4342	549	9.00945
MGG_04184T0	1262	1263	578.876	32.6586
MGG_09417T0	414	415	0	0
MGG_00932T0	1680	1681	124	5.25618
MGG_16594T0	177	178	0	0
MGG_17845T1	828	829	4.48914	0.385855
MGG_17845T0	887	888	4.34581	0.348717
MGG_14871T0	801	802	0	0
MGG_01828T0	2223	2224	2743	87.8834
MGG_15096T0	576	577	0	0
MGG_05308T0	1100	1101	19	1.22965
MGG_07426T0	459	460	0	0
MGG_11903T0	2297	2298	1038.48	32.2005
MGG_04913T0	616	617	2629	303.614
MGG_05977T0	1533	1534	597	27.731
MGG_04863T0	4581	4582	1063	16.5308
MGG_01541T0	4896	4897	18	0.261914
MGG_16528T0	928	929	422.793	32.4286
MGG_02082T0	1432	1433	0	0
MGG_06357T0	829	830	4129	354.473
MGG_01418T0	1424	1425	1719	85.9561
MGG_02946T0	1611	1612	2301	101.711
MGG_05650T0	2683	2684	2667	70.8038
MGG_16689T0	513	514	29	4.02023
MGG_07720T0	2172	2173	288	9.44384
MGG_03484T0	1101	1102	5305	343.02
MGG_04430T0	2996	2997	1904	45.2685
MGG_00992T0	1875	1876	214	8.12825
MGG_16772T0	271	272	0	0
MGG_00628T0	1062	1063	22	1.47471
MGG_07049T0	1593	1594	254	11.3543
MGG_00470T0	2198	2199	0	0
MGG_14374T0	468	469	1.01587	0.15434
MGG_05282T0	1064	1065	1721.73	115.194
MGG_05366T0	2840	2841	11530	289.184
MGG_04533T0	3716	3717	236	4.52413
MGG_12696T0	830	831	16	1.37194
MGG_12515T0	4817	4818	296.126	4.37951
MGG_15894T0	288	289	2.0037	0.494026
MGG_11870T0	2962	2963	7130	171.464
MGG_10104T0	2711	2712	16838	442.402
MGG_15777T0	1277	1278	4.79763	0.267493
MGG_15777T1	1350	1351	0.570953	0.0301135
MGG_16257T0	240	241	16	4.73063
MGG_09076T0	1830	1831	163	6.3433
MGG_00567T0	5367	5368	212	2.8141
MGG_13583T0	1602	1603	13	0.577864
MGG_07748T0	537	538	27	3.576
MGG_14779T0	353	354	4	0.805142
MGG_01832T0	2334	2335	448	13.6712
MGG_17699T0	3739	3740	508.226	9.6828
MGG_10564T0	1225	1226	10	0.5812
MGG_02449T0	1524	1525	1255	58.6394
MGG_07441T0	4001	4002	2566	45.6873
MGG_17631T0	198	199	27	9.66778
MGG_15692T0	290	291	0	0
MGG_09354T0	2731	2732	28	0.730286
MGG_04746T0	3325	3326	323	6.91984
MGG_06030T0	1043	1044	4942	337.301
MGG_01581T0	2133	2134	6121	204.383
MGG_00799T0	2403	2404	4602	136.404
MGG_02493T0	3697	3698	1967.08	37.9027
MGG_14837T0	2007	2008	10	0.354856
MGG_16903T0	168	169	0	0
MGG_10021T0	402	403	0	0
MGG_01377T0	1072	1073	951	63.1534
MGG_00205T0	1682	1683	444	18.7981
MGG_11771T0	2014	2015	1049	37.0951
MGG_10023T0	924	925	27	2.07988
MGG_01582T0	2026	2027	1661	58.3891
MGG_01755T0	1874	1875	5168	196.398
MGG_04053T0	1517	1518	2704.67	126.958
MGG_03354T0	630	631	974	109.988
MGG_13254T0	1742	1743	1282	52.4091
MGG_01818T0	3524	3525	3185.38	64.3899
MGG_06931T0	1974	1975	216.177	7.79933
MGG_03665T0	1232	1233	29	1.67591
MGG_12127T0	1342	1343	10433	553.54
MGG_08156T0	2365	2366	1526.86	45.9834
MGG_14716T0	474	475	4973	746.003
MGG_10664T0	3883	3884	35	0.642103
MGG_09919T0	2366	2367	5234	157.562
MGG_17614T0	360	361	0	0
MGG_03640T0	3344	3345	24472	521.302
MGG_15742T0	339	340	3	0.628721
MGG_07015T0	2850	2851	382	9.54733
MGG_05097T0	2563	2564	229.41	6.37543
MGG_14656T0	1582	1583	1658.07	74.6342
MGG_02592T0	3264	3265	0	0
MGG_17864T0	1107	1108	0	0
MGG_08018T0	267	268	0	0
MGG_00194T0	2283	2284	49	1.52868
MGG_17684T0	341	342	12	2.50018
MGG_08180T0	1989	1990	1022	36.5943
MGG_02094T0	1629	1630	1	0.0437148
MGG_04160T0	5872	5873	559	6.78215
MGG_11322T0	1413	1414	381	19.1996
MGG_10058T0	2138	2139	925	30.8139
MGG_00330T0	1724	1725	4159	171.797
MGG_06435T0	568	569	369	46.2094
MGG_16060T0	1134	1135	4	0.251119
MGG_11224T0	2156	2157	32517.2	1074.19
MGG_01385T0	2319	2320	412	12.6539
MGG_17546T0	546	547	21	2.73557
MGG_15624T0	1991	1992	424.986	15.202
MGG_17333T0	198	199	2	0.716132
MGG_02533T0	5974	5975	749	8.93223
MGG_00106T0	2732	2733	6530.78	170.271
MGG_03558T0	3823	3824	1500	27.9505
MGG_12697T0	4046	4047	208	3.66223
MGG_15856T0	722	723	24	2.36531
MGG_15320T0	630	631	1	0.112924
MGG_15683T0	216	217	0	0
MGG_03421T0	1056	1057	0	0
MGG_10138T0	1862	1863	606.886	23.2119
MGG_03107T0	1960	1961	638	23.1824
MGG_16018T0	485	486	20.2015	2.96186
MGG_03356T0	1068	1069	33	2.19964
MGG_14863T0	1053	1054	493	33.329
MGG_17426T0	1074	1075	9	0.596554
MGG_14657T0	798	799	280.469	25.0123
MGG_05436T0	1167	1168	211	12.8723
MGG_05904T0	4360	4361	5145	84.065
MGG_01766T0	1537	1538	1488.74	68.973
MGG_15539T0	607	608	124	14.5323
MGG_01769T1	2508	2509	622.189	17.67
MGG_01769T0	2565	2566	173.811	4.82656
MGG_12804T0	2241	2242	993	31.5595
MGG_07980T0	1885	1886	45	1.70015
MGG_16825T0	2214	2215	300	9.6508
MGG_11092T0	504	505	0	0
MGG_04971T0	2223	2224	834	26.7207
MGG_05291T0	2327	2328	529.493	16.2066
MGG_00426T0	819	820	15	1.30345
MGG_10422T0	1950	1951	1536	56.0983
MGG_06778T0	2774	2775	412	10.5791
MGG_02319T0	1512	1513	2	0.0941905
MGG_00665T0	2317	2318	1200.91	36.9159
MGG_10799T0	2456	2457	1417	41.0942
MGG_05122T0	1606	1607	40	1.77362
MGG_07243T0	2675	2676	1807	48.1158
MGG_00889T0	4586	4587	638	9.91078
MGG_05818T0	423	424	49	8.23467
MGG_02543T0	987	988	31	2.23574
MGG_16867T0	4063	4064	544	9.53808
MGG_01238T0	5702	5703	1785	22.3024
MGG_04396T0	3648	3649	1279.87	24.9924
MGG_08854T0	1951	1952	594.801	21.7124
MGG_08087T0	2343	2344	5276	160.385
MGG_04723T0	525	526	36	4.87677
MGG_15556T0	189	190	6	2.25016
MGG_08141T0	2841	2842	1023	25.6488
MGG_00773T0	1405	1406	926.331	46.9458
MGG_17277T0	5858	5859	931.663	11.3306
MGG_16911T0	177	178	0	0
MGG_05710T0	1530	1531	106	4.9334
MGG_16396T0	231	232	0	0
MGG_16934T0	369	370	0	0
MGG_10053T0	1285	1286	322	17.8415
MGG_17861T0	2166	2167	435	14.3036
MGG_09735T0	630	631	5	0.56462
MGG_13076T0	912	913	71	5.5412
MGG_06447T0	5562	5563	673	8.62029
MGG_06116T0	2264	2265	6226	195.865
MGG_02013T0	354	355	0	0
MGG_02467T0	737	738	2517	243.02
MGG_04248T0	2474	2475	145	4.17454
MGG_06231T0	420	421	0	0
MGG_00545T0	2163	2164	100	3.29275
MGG_12420T0	416	417	3299.22	563.756
MGG_02477T0	1685	1686	746	31.5281
MGG_01953T0	348	349	0	0
MGG_15616T0	195	196	0	0
MGG_16329T0	300	301	27	6.39165
MGG_08591T0	2299	2300	29	0.898434
MGG_17018T0	897	898	41	3.25329
MGG_16225T0	240	241	21	6.20895
MGG_11116T0	4740	4741	71	1.0671
MGG_09763T0	1203	1204	547	32.3725
MGG_08271T0	2281	2282	657.136	20.519
MGG_08271T1	2266	2267	229.864	7.22494
MGG_08658T0	354	355	0	0
MGG_00673T0	1311	1312	3	0.162931
MGG_04702T0	1169	1170	1380	84.0445
MGG_00310T0	2032	2033	79	2.76889
MGG_01071T0	2385	2386	950	28.3706
MGG_00052T0	675	676	1255	132.286
MGG_08891T0	2037	2038	320	11.1882
MGG_06739T0	2010	2011	220	7.79519
MGG_16864T0	218	219	0	0
MGG_04126T0	2572	2573	176	4.87404
MGG_04615T0	4106	4107	2696	46.7747
MGG_04663T0	1536	1537	678	31.432
MGG_15860T0	1504	1505	2147	101.651
MGG_09293T0	3847	3848	2234.84	41.3835
MGG_16206T0	1137	1138	10	0.626143
MGG_16206T1	819	820	0	0
MGG_16906T0	150	151	20	9.43776
MGG_16644T0	439	440	0	0
MGG_14872T0	2749	2750	2172	56.2786
MGG_00625T0	1430	1431	18547	923.528
MGG_11473T0	2183	2184	319	10.4077
MGG_01138T0	1401	1402	96	4.87909
MGG_11255T0	859	860	2483	205.728
MGG_06062T0	4408	4409	134	2.16561
MGG_04870T0	2141	2142	2618	87.0895
MGG_01528T0	1757	1758	1719	69.6743
MGG_00990T0	4175	4176	2484	42.3845
MGG_04898T0	504	505	261	36.8269
MGG_02531T0	3518	3519	30	0.60746
MGG_00068T0	2243	2244	306	9.7166
MGG_05757T0	1553	1554	917.955	42.0907
MGG_02828T0	4675	4676	274	4.17534
MGG_15333T0	1233	1234	0	0
MGG_09887T0	1035	1036	620	42.643
MGG_15298T0	1269	1270	67	3.75913
MGG_16752T0	1081	1082	209.66	13.8072
MGG_10810T0	537	538	0	0
MGG_13202T0	2036	2037	360	12.5929
MGG_11611T0	1527	1528	3330	155.288
MGG_07763T0	1524	1525	894	41.7718
MGG_07506T0	2343	2344	322	9.78845
MGG_16272T0	701	702	21	2.13156
MGG_00308T0	2169	2170	412.514	13.5455
MGG_02567T0	2296	2297	952	29.5319
MGG_05937T0	3997	3998	89	1.58622
MGG_15118T0	641	642	2385	264.709
MGG_16227T0	409	410	10	1.73793
MGG_08399T0	387	388	0	0
MGG_05753T0	1533	1534	13267	616.259
MGG_07473T0	1960	1961	340	12.3543
MGG_04210T0	1605	1606	925	41.0404
MGG_15309T0	573	574	124	15.3931
MGG_13309T0	3118	3119	1	0.0228455
MGG_18010T0	485	486	0	0
MGG_17421T0	432	433	0	0
MGG_16242T0	564	565	20	2.5223
MGG_16240T0	156	157	0	0
MGG_02016T0	1755	1756	0	0
MGG_00066T0	1381	1382	149	7.68235
MGG_08796T0	309	310	0	0
MGG_04862T0	2487	2488	4065	116.42
MGG_02143T0	1149	1150	0	0
MGG_17658T0	1482	1483	0	0
MGG_08459T0	1563	1564	13	0.592274
MGG_00233T0	7158	7159	0	0
MGG_05992T0	1980	1981	5797	208.514
MGG_04096T0	542	543	14.0155	1.83918
MGG_01438T0	786	787	157	14.2148
MGG_03812T0	996	997	0	0
MGG_10588T0	3269	3270	3594	78.3152
MGG_15796T0	330	331	15	3.22908
MGG_03075T0	2614	2615	1616	44.0337
MGG_04628T0	1785	1786	8	0.319172
MGG_10636T0	930	931	440	33.6759
MGG_02369T0	630	631	1	0.112924
MGG_12016T0	711	712	13	1.30101
MGG_04109T0	1744	1745	719	29.3595
MGG_00503T0	3325	3326	3369.99	72.1975
MGG_17926T0	380	381	3	0.561064
MGG_14794T0	1617	1618	44	1.93772
MGG_03539T0	963	964	0	0
MGG_05640T0	750	751	709	67.2701
MGG_16167T0	1608	1609	0	0
MGG_04132T0	4069	4070	389.801	6.8244
MGG_07267T0	1972	1973	1600.61	57.8061
MGG_02347T0	668	669	2127	226.546
MGG_17171T0	201	202	1	0.352748
MGG_15057T0	2749	2750	324	8.39514
MGG_06032T0	2364	2365	980	29.5264
MGG_16308T0	1384	1385	100	5.14477
MGG_14550T0	1664	1665	565	24.1797
MGG_15686T0	324	325	6	1.31548
MGG_01996T0	4709	4710	291.076	4.40354
MGG_01996T1	4656	4657	833.924	12.7596
MGG_05249T0	1888	1889	1470.79	55.4797
MGG_13023T0	1552	1553	717	32.8976
MGG_07524T0	1631	1632	226	9.86743
MGG_16372T0	1299	1300	24.0149	1.3163
MGG_00176T0	1168	1169	33	2.01148
MGG_16751T0	1128	1129	114.503	7.22666
MGG_15558T0	183	184	0	0
MGG_06566T0	4045	4046	3128	55.088
MGG_00646T0	1146	1147	864.171	53.6849
MGG_15902T0	2760	2761	15.0422	0.388205
MGG_05648T0	881	882	235	18.9852
MGG_00885T0	3205	3206	1518	33.7384
MGG_10546T0	315	316	0	0
MGG_03843T0	2652	2653	222	5.96254
MGG_11357T0	3855	3856	2227	41.1528
MGG_01207T0	5073	5074	1682.03	23.6211
MGG_01207T1	5502	5503	91.966	1.19081
MGG_15775T1	2969	2970	12.5023	0.299951
MGG_15775T0	742	743	0	0
MGG_11141T0	4123	4124	1735	29.9776
MGG_16077T0	900	901	306.018	24.2013
MGG_10269T0	3027	3028	2350	55.3003
MGG_08409T0	888	889	2	0.160304
MGG_17798T0	423	424	0	0
MGG_05121T0	2681	2682	78	2.0723
MGG_03406T0	3782	3783	6353	119.663
MGG_15696T0	1752	1753	38.4184	1.56161
MGG_10163T0	1802	1803	889	35.1335
MGG_00486T0	959	960	81.8375	6.07431
MGG_09560T0	5038	5039	1662	23.5019
MGG_13116T0	1409	1410	223.684	11.304
MGG_08708T0	2454	2455	517.201	15.0115
MGG_13182T0	336	337	0	0
MGG_10362T0	1122	1123	15	0.95176
MGG_14175T0	3019	3020	124	2.92571
MGG_18112T0	468	469	0	0
MGG_18112T1	631	632	4	0.450982
MGG_09929T0	999	1000	675	48.0972
MGG_03963T0	2840	2841	106	2.65858
MGG_06454T0	1662	1663	387	16.5819
MGG_10697T0	1102	1103	244.691	15.8074
MGG_05302T0	2734	2735	103	2.68346
MGG_16600T0	624	625	6	0.684049
MGG_15460T0	597	598	0	0
MGG_09262T0	1916	1917	452.606	16.8234
MGG_05976T0	1218	1219	1279	74.7623
MGG_16332T0	180	181	51	20.0774
MGG_17224T0	1020	1021	927	64.6949
MGG_13768T0	2385	2386	84	2.50856
MGG_11606T0	1609	1610	141	6.24035
MGG_09821T0	1668	1669	409	17.4616
MGG_17126T0	159	160	2	0.890689
MGG_07882T0	1884	1885	161	6.08598
MGG_06839T0	3231	3232	3795	83.6674
MGG_05023T0	1059	1060	288	19.3599
MGG_07814T0	834	835	0	0
MGG_16358T0	725	726	0	0
MGG_08623T0	3323	3324	5154.27	110.49
MGG_09867T0	1222	1223	67.369	3.92509
MGG_09204T0	1498	1499	821	39.0263
MGG_08137T0	3728	3729	356	6.80258
MGG_09445T0	1700	1701	3	0.12567
MGG_15751T0	396	397	277	49.717
MGG_09287T0	1863	1864	4585	175.271
MGG_17030T0	309	310	25	5.74638
MGG_16402T0	807	808	2973	262.18
MGG_03294T0	2359	2360	1	0.0301928
MGG_11906T0	873	874	848	69.1354
MGG_08452T0	3390	3391	14.396	0.302504
MGG_06798T0	1323	1324	3	0.161454
MGG_08725T0	4530	4531	84	1.32099
MGG_00912T0	2987	2988	760	18.1238
MGG_08377T0	1497	1498	137	6.51665
MGG_02246T0	660	661	129	13.9061
MGG_05614T0	1461	1462	334	16.2785
MGG_17475T0	336	337	0	0
MGG_09394T0	2165	2166	207	6.8097
MGG_02075T0	3493	3494	45	0.91771
MGG_17761T0	311	312	151	34.4856
MGG_16554T0	774	775	0	0
MGG_09458T0	1721	1722	1957.93	81.0175
MGG_16846T0	761	762	3	0.280532
MGG_16157T0	399	400	0	0
MGG_00900T0	444	445	77	12.3295
MGG_00930T0	5944	5945	3169	37.9827
MGG_01149T0	576	577	1792	221.298
MGG_02938T0	1108	1109	1428	91.7514
MGG_16806T0	3654	3655	208	4.05501
MGG_15589T0	474	475	42	6.30045
MGG_01510T0	2813	2814	1012	25.6255
MGG_10559T0	429	430	4	0.662838
MGG_01519T0	1284	1285	1121	62.1611
MGG_17072T0	2166	2167	8491	279.2
MGG_16328T0	633	634	44	4.94515
MGG_15381T0	642	643	0	0
MGG_08398T0	588	589	0	0
MGG_12165T0	1756	1757	94201	3820.32
MGG_00783T0	1574	1575	1562	70.6669
MGG_18097T0	675	676	8	0.843255
MGG_15814T0	1015	1016	9957	698.314
MGG_10788T0	432	433	0	0
MGG_03594T0	1396	1397	977.617	49.8641
MGG_09006T0	976	977	4078.9	297.485
MGG_10741T0	1835	1836	695.304	26.9847
MGG_07352T0	345	346	0	0
MGG_09068T0	870	871	2	0.163617
MGG_07656T0	3387	3388	1387	29.1708
MGG_07715T0	1424	1425	632	31.6023
MGG_16919T0	159	160	0	0
MGG_08905T0	1191	1192	845.393	50.5357
MGG_03681T0	1887	1888	4041	152.512
MGG_17737T0	186	187	0	0
MGG_17087T0	669	670	0	0
MGG_11617T0	1986	1987	2	0.0717213
MGG_05615T0	2782	2783	1424	36.4597
MGG_16172T0	396	397	2	0.358968
MGG_09426T0	1884	1885	1968	74.3926
MGG_06909T0	2035	2036	1112	38.9173
MGG_17515T0	249	250	1	0.28502
MGG_15291T0	3638	3639	11029.9	215.976
MGG_08633T0	672	673	11	1.16464
MGG_02956T0	1958	1959	214	7.78386
MGG_06349T0	1179	1180	2449	147.884
MGG_05768T0	2682	2683	151	4.01026
MGG_05125T0	3393	3394	905	19
MGG_06564T0	1955	1956	1305	47.5398
MGG_03919T0	2625	2626	631	17.1218
MGG_02694T0	2079	2080	0	0
MGG_17965T0	793	794	13	1.16664
MGG_09396T0	1382	1383	1935	99.6953
MGG_17702T0	1579	1580	943	42.5276
MGG_06187T0	921	922	370	28.5948
MGG_00276T0	1545	1546	2280	105.085
MGG_17043T0	168	169	0	0
MGG_14874T0	861	862	2158	178.386
MGG_05638T0	1912	1913	82	3.05432
MGG_03588T0	1693	1694	567	23.8498
MGG_03682T0	1758	1759	582	23.5762
MGG_02438T0	2607	2608	5019.65	137.145
MGG_17119T0	3027	3028	257	6.04774
MGG_17812T0	1969	1970	286	10.3446
MGG_15580T0	3102	3103	90	2.0667
MGG_15887T0	1328	1329	42	2.25185
MGG_03572T0	1057	1058	341	22.966
MGG_01535T0	1222	1223	170	9.90463
MGG_14704T0	789	790	77	6.94512
MGG_06312T0	3726	3727	113	2.1604
MGG_08139T0	1580	1581	293.855	13.2439
MGG_08139T1	1529	1530	713.145	33.2126
MGG_16336T0	375	376	216	40.9338
MGG_11269T0	1794	1795	272	10.7974
MGG_07702T0	1195	1196	136	8.10259
MGG_04196T0	4253	4254	6695	112.142
MGG_15095T0	645	646	0	0
MGG_06073T0	1490	1491	370	17.6823
MGG_15419T0	417	418	1	0.170467
MGG_08363T0	1933	1934	0	0
MGG_05646T0	2888	2889	10975.6	270.705
MGG_17584T0	396	397	1	0.179484
MGG_16533T0	192	193	0	0
MGG_01177T0	919	920	9	0.697061
MGG_05092T0	1158	1159	1201	73.8372
MGG_17406T0	720	721	22	2.17422
MGG_12699T0	321	322	0	0
MGG_17415T0	294	295	18	4.34777
MGG_03317T0	2183	2184	1632	53.2456
MGG_08893T0	3923	3924	2068	37.5524
MGG_16699T0	252	253	0	0
MGG_00041T0	1308	1309	162.156	8.82692
MGG_17544T0	153	154	0	0
MGG_08835T0	1602	1603	3839	170.648
MGG_15720T0	1861	1862	1223	46.8018
MGG_06053T0	1859	1860	2467	94.5088
MGG_15450T0	342	343	4	0.830963
MGG_03757T0	1867	1868	277	10.5662
MGG_12861T0	1689	1690	1049	44.2287
MGG_16373T0	3136	3137	45.1697	1.026
MGG_01862T0	2175	2176	36	1.17885
MGG_01742T0	3036	3037	4652	109.147
MGG_05694T1	2470	2471	1150.51	33.1766
MGG_05694T0	1931	1932	199.494	7.35763
MGG_04566T0	1125	1126	226	14.3016
MGG_07047T0	4618	4619	2838	43.7805
MGG_02247T0	1475	1476	154	7.43447
MGG_15544T0	150	151	1	0.471888
MGG_00163T0	1784	1785	1002	39.9987
MGG_02289T0	1805	1806	55	2.17001
MGG_04578T0	315	316	3	0.676472
MGG_10673T0	1026	1027	86	5.96683
MGG_06151T0	1032	1033	564.689	38.9515
MGG_04688T0	2551	2552	417	11.6432
MGG_15403T0	780	781	2	0.182471
MGG_13686T0	533	534	0	0
MGG_12447T0	12105	12106	6	0.0353156
MGG_10065T0	603	604	0	0
MGG_05802T0	1290	1291	27	1.49023
MGG_06430T0	2752	2753	549	14.2096
MGG_01604T0	2440	2441	1716	50.0917
MGG_07787T0	2448	2449	101	2.93865
MGG_16325T0	474	475	0	0
MGG_04631T0	1068	1069	249	16.5973
MGG_17911T0	336	337	1	0.211439
MGG_08337T0	1430	1431	1	0.0497939
MGG_12155T0	4293	4294	19	0.315288
MGG_02186T0	1601	1602	498	22.1505
MGG_01181T0	1725	1726	22	0.908234
MGG_00297T0	1872	1873	1217	46.2987
MGG_14937T0	2537	2538	98	2.75138
MGG_09977T0	1892	1893	6031	227.015
MGG_17535T0	1833	1834	339.908	13.2062
MGG_16128T0	273	274	0	0
MGG_18071T0	162	163	0	0
MGG_01093T0	1388	1389	610	31.2927
MGG_06145T0	3991	3992	3048	54.4052
MGG_06203T0	2060	2061	19412	671.132
MGG_12813T0	1545	1546	954	43.9698
MGG_06986T0	1071	1072	115	7.64397
MGG_03579T0	2556	2557	648	18.0576
MGG_14253T0	189	190	0	0
MGG_09736T0	1084	1085	433	28.4364
MGG_07957T0	1960	1961	6	0.218017
MGG_09567T0	1363	1364	51.177	2.67348
MGG_17408T0	297	298	16	3.82578
MGG_16135T0	177	178	28	11.2087
MGG_05201T0	1041	1042	3995	273.19
MGG_13177T0	2248	2249	1627	51.5483
MGG_16688T0	435	436	0	0
MGG_07859T0	2238	2239	0	0
MGG_07269T0	996	997	11	0.786164
MGG_02428T0	2602	2603	1151	31.5077
MGG_10700T0	1251	1252	6351	361.455
MGG_06423T0	1116	1117	660	42.1024
MGG_04822T0	1517	1518	989	46.4238
MGG_02453T0	1732	1733	544	22.3674
MGG_04422T0	1418	1419	50.7171	2.54676
MGG_10748T0	2022	2023	0	0
MGG_17717T1	682	683	1.65223	0.172371
MGG_17717T0	748	749	11.3478	1.07955
MGG_16287T0	1876	1877	2134	81.0114
MGG_15854T0	183	184	5	1.93628
MGG_00478T0	1600	1601	498.973	22.2076
MGG_06503T0	1461	1462	1631	79.4918
MGG_06303T0	1630	1631	859	37.528
MGG_08656T0	1815	1816	79	3.09975
MGG_15277T0	4505	4506	181	2.86222
MGG_15187T0	453	454	12	1.88339
MGG_15632T0	318	319	4	0.893481
MGG_17853T0	153	154	0	0
MGG_00371T0	5831	5832	4452.81	54.4042
MGG_09186T1	4746	4747	106.492	1.59851
MGG_09186T0	6384	6385	2908.51	32.4583
MGG_17662T0	1146	1147	0	0
MGG_08006T0	1659	1660	5613	240.937
MGG_08637T0	2016	2017	4272	150.918
MGG_16972T0	1590	1591	2.05995	0.0922577
MGG_01859T0	2973	2974	223	5.34293
MGG_02925T0	1011	1012	1848	130.118
MGG_07663T0	2537	2538	1583	44.4432
MGG_08697T0	4427	4428	180	2.89655
MGG_16002T0	351	352	0	0
MGG_13409T0	2300	2301	103	3.1896
MGG_06416T0	2380	2381	109	3.26199
MGG_05534T0	3053	3054	7035	164.139
MGG_08549T0	2142	2143	57	1.89526
MGG_17381T0	315	316	0	0
MGG_05132T0	1645	1646	52.401	2.26843
MGG_01561T0	2787	2788	1673	42.7582
MGG_16943T0	447	448	0	0
MGG_17503T0	1419	1420	75	3.76347
MGG_01975T0	2421	2422	4	0.11768
MGG_08847T0	2880	2881	398	9.84364
MGG_00988T0	2059	2060	684	23.6595
MGG_16462T0	1517	1518	11505	540.046
MGG_02572T0	4124	4125	1252	21.627
MGG_04182T0	2627	2628	1585	42.9754
MGG_03513T0	2272	2273	515	16.1445
MGG_02743T0	2005	2006	231.366	8.21833
MGG_11176T0	1729	1730	135.075	5.56345
MGG_07337T0	751	752	23827	2257.71
MGG_03174T0	1603	1604	410	18.2136
MGG_09616T0	396	397	0	0
MGG_04291T0	366	367	0	0
MGG_11310T0	1741	1742	60640	2480.43
MGG_08702T0	687	688	0	0
MGG_16757T0	372	373	2	0.382065
MGG_16213T0	6225	6226	6585	75.3638
MGG_09306T0	3741	3742	786	14.967
MGG_03270T0	3549	3550	294	5.90113
MGG_08474T0	1790	1791	875	34.8119
MGG_16175T0	527	528	5	0.674764
MGG_05684T0	1823	1824	975	38.0887
MGG_05656T0	6419	6420	375	4.1621
MGG_11399T0	1488	1489	1452	69.4845
MGG_08937T0	2022	2023	11.1592	0.393054
MGG_17379T0	375	376	0	0
MGG_18137T0	2517	2518	1	0.0282983
MGG_00638T0	2495	2496	826	23.5804
MGG_11425T0	8954	8955	916	7.28863
MGG_00899T0	1859	1860	761	29.1533
MGG_11192T0	3581	3582	700	13.9248
MGG_17250T0	252	253	0	0
MGG_16122T0	210	211	21	7.09174
MGG_06274T0	1915	1916	1505	55.9702
MGG_13338T0	1700	1701	111	4.6498
MGG_10525T0	2592	2593	2958	81.2852
MGG_09351T0	1322	1323	19091	1028.22
MGG_11887T0	1641	1642	160.766	6.97649
MGG_16581T0	255	256	0	0
MGG_15523T0	2819	2820	699	17.6622
MGG_12748T0	854	855	5	0.416696
MGG_15708T0	353	354	0	0
MGG_14206T0	1694	1695	3	0.126115
MGG_09563T0	1429	1430	1697	84.5594
MGG_07613T0	7956	7957	60034	537.606
MGG_17513T0	2150	2151	618	20.4722
MGG_17478T0	162	163	0	0
MGG_16552T0	633	634	0	0
MGG_09030T0	2141	2142	54	1.79635
MGG_09949T0	2472	2473	420.604	12.119
MGG_05744T0	509	510	0	0
MGG_14156T0	471	472	0	0
MGG_09663T0	306	307	0	0
MGG_04637T0	3124	3125	7618	173.703
MGG_04452T0	976	977	30	2.18798
MGG_03407T0	2889	2890	266	6.55843
MGG_13936T0	2207	2208	48958	1579.94
MGG_12101T0	2503	2504	2647	75.3244
MGG_03740T0	1179	1180	1093.06	66.005
MGG_15785T0	381	382	19	3.5441
MGG_00088T0	1707	1708	179	7.4676
MGG_00548T0	1475	1476	1381.36	66.6864
MGG_00548T1	1427	1428	1899.64	94.7891
MGG_15198T0	957	958	4	0.297516
MGG_11546T0	5081	5082	5523	77.4384
MGG_01586T0	3222	3223	4373	96.6796
MGG_08573T0	3477	3478	1982	40.606
MGG_02231T0	936	937	0	0
MGG_17183T0	251	252	7	1.97931
MGG_05424T0	747	748	0	0
MGG_12239T0	315	316	0	0
MGG_03784T0	1656	1657	1739	74.7813
MGG_11230T0	1803	1804	754	29.7818
MGG_15590T0	159	160	1	0.445344
MGG_00301T0	1479	1480	0	0
MGG_12920T0	1192	1193	266	15.8876
MGG_03237T0	1977	1978	301	10.8432
MGG_04835T0	1427	1428	43326	2161.9
MGG_07249T0	1077	1078	24	1.58638
MGG_00803T0	4135	4136	1349	23.2406
MGG_16705T0	222	223	0	0
MGG_02992T0	2151	2152	137	4.53622
MGG_09471T0	3539	3540	2509	50.5025
MGG_07284T0	1851	1852	1661.55	63.9277
MGG_03639T0	522	523	129	17.5753
MGG_07059T0	4634	4635	520	7.9941
MGG_17727T0	264	265	6	1.61332
MGG_10301T0	879	880	0	0
MGG_14344T0	471	472	0	0
MGG_01343T0	2475	2476	718	20.6628
MGG_17874T0	254	255	0	0
MGG_16292T0	390	391	2	0.364476
MGG_17107T0	156	157	7	3.17698
MGG_09271T0	1496	1497	140	6.6638
MGG_07808T0	1650	1651	68	2.93479
MGG_06590T0	3819	3820	69	1.28707
MGG_08568T0	1927	1928	41	1.51528
MGG_01692T0	1206	1207	345	20.367
MGG_14606T0	1059	1060	44	2.95776
MGG_03890T0	3699	3700	101	1.94507
MGG_06605T0	2097	2098	6590	223.818
MGG_00821T0	387	388	0	0
MGG_03709T0	2463	2464	53	1.53268
MGG_15772T0	298	299	146	34.7935
MGG_15840T0	318	319	3	0.670111
MGG_04336T0	1548	1549	44.8382	2.06259
MGG_17538T0	844	845	329.492	27.7846
MGG_06050T0	2288	2289	1218	37.9156
MGG_02713T0	519	520	2905	398.069
MGG_04745T0	1408	1409	719	36.3608
MGG_13161T0	1980	1981	3646	131.144
MGG_08908T0	1273	1274	303	16.9469
MGG_00509T0	1742	1743	4866	198.926
MGG_07600T0	2246	2247	318	10.0842
MGG_16204T0	789	790	4015	362.138
MGG_15348T0	363	364	1	0.195756
MGG_05114T0	1851	1852	108	4.15526
MGG_11568T0	2604	2605	107	2.92679
MGG_01105T0	1503	1504	152	7.20131
MGG_06453T0	907	908	3080	241.702
MGG_14903T0	3428	3429	3345.9	69.5282
MGG_06996T0	1033	1034	527.026	36.3185
MGG_02443T0	3197	3198	1920	42.7798
MGG_04335T0	2058	2059	0	0
MGG_03694T0	1781	1782	1100	43.9846
MGG_05449T0	1208	1209	4756	280.305
MGG_12530T0	3816	3817	280	5.22699
MGG_17602T0	441	442	0	0
MGG_08928T0	3289	3290	2323.71	50.327
MGG_06912T0	2663	2664	12056.2	322.473
MGG_16430T0	207	208	0	0
MGG_15032T0	645	646	218	24.0458
MGG_17102T0	2790	2791	498	12.7141
MGG_00743T0	1937	1938	216	7.94174
MGG_11377T0	1209	1210	1607	94.6338
MGG_07377T0	720	721	0	0
MGG_02582T0	2254	2255	10	0.315987
MGG_16326T0	987	988	0	0
MGG_15831T0	1318	1319	176	9.50788
MGG_08923T0	1879	1880	330	12.5075
MGG_08164T0	1431	1432	4010.75	199.571
MGG_01070T0	2366	2367	14090	424.159
MGG_02019T0	1728	1729	0	0
MGG_09777T0	1779	1780	82	3.28254
MGG_15308T0	319	320	0	0
MGG_03978T0	1734	1735	1394	57.2505
MGG_10401T0	825	826	4	0.345061
MGG_15375T0	366	367	0	0
MGG_03842T0	3748	3749	3053	58.0266
MGG_18013T0	213	214	0	0
MGG_16170T0	469	470	0	0
MGG_12349T0	3975	3976	2651	47.5094
MGG_11702T0	2781	2782	3305	84.6506
MGG_14868T0	1963	1964	605	21.9498
MGG_18101T0	504	505	20	2.82198
MGG_17385T0	2038	2039	1486	51.9299
MGG_13455T0	2725	2726	2099	54.8659
MGG_01460T0	1130	1131	194.353	12.2446
MGG_15527T0	1517	1518	144	6.75938
MGG_09760T0	1958	1959	422	15.3495
MGG_05359T0	3491	3492	5494	112.106
MGG_08744T0	6185	6186	936	10.7816
MGG_17340T0	614	615	2	0.231724
MGG_09181T0	1119	1120	736	46.8248
MGG_09807T0	630	631	0	0
MGG_00686T0	1527	1528	547	25.5082
MGG_00939T0	2349	2350	1193	36.1733
MGG_10279T0	1512	1513	6	0.282571
MGG_07259T0	2912	2913	1517	37.1074
MGG_08104T0	1981	1982	631	22.6851
MGG_03474T0	1902	1903	7	0.262105
MGG_10724T0	1916	1917	8	0.297361
MGG_01969T0	4755	4756	1933	28.9605
MGG_06940T0	1798	1799	502	19.8833
MGG_06455T0	2656	2657	877	23.5193
MGG_05338T0	1624	1625	38	1.66627
MGG_01693T0	1806	1807	297.325	11.7244
MGG_15661T0	393	394	0	0
MGG_04512T0	1813	1814	816	32.053
MGG_15393T0	1032	1033	324	22.3491
MGG_03097T0	1781	1782	84	3.35883
MGG_08520T0	1438	1439	4	0.198068
MGG_00049T0	2127	2128	521	17.4454
MGG_03353T0	1258	1259	73	4.13155
MGG_16939T0	405	406	0	0
MGG_03562T0	3761	3762	102	1.93196
MGG_15862T0	698	699	0	0
MGG_13986T0	1999	2000	3734	133.033
MGG_08729T0	831	832	0	0
MGG_01232T0	1614	1615	7998	352.878
MGG_17419T0	168	169	4	1.68651
MGG_15373T0	1448	1449	0	0
MGG_01760T0	2335	2336	2556	77.9658
MGG_12128T0	2746	2747	959	24.8757
MGG_17292T0	240	241	0	0
MGG_08389T0	1297	1298	0	0
MGG_02377T0	3269	3270	287.57	6.2663
MGG_04987T0	3916	3917	1690	30.7432
MGG_06562T0	1175	1176	5642	341.855
MGG_16872T0	312	313	13832	3148.88
MGG_16629T0	573	574	4051	502.882
MGG_16380T0	417	418	0	0
MGG_04359T0	3689	3690	965	18.6345
MGG_01089T0	2049	2050	732	25.4433
MGG_05493T0	1092	1093	8	0.521538
MGG_17622T0	1625	1626	57	2.49787
MGG_13756T0	810	811	103	9.04966
MGG_16179T0	440	441	18.0128	2.91044
MGG_16179T1	436	437	0	0
MGG_07030T0	2153	2154	578	19.1204
MGG_01770T0	1673	1674	3158.64	134.45
MGG_18126T0	396	397	0	0
MGG_05288T0	2372	2373	64	1.92176
MGG_01095T0	2623	2624	937	25.4444
MGG_17390T0	871	872	57	4.65773
MGG_05345T0	2250	2251	594	18.803
MGG_03658T0	855	856	1954.91	162.73
MGG_04989T0	6775	6776	2141	22.5143
MGG_17721T0	963	964	615.99	45.5316
MGG_03133T0	3317	3318	107	2.29786
MGG_10267T0	2662	2663	110	2.94332
MGG_10031T0	1215	1216	35	2.05093
MGG_15965T0	1713	1714	0	0
MGG_07880T0	684	685	0	0
MGG_17808T0	255	256	0	0
MGG_14850T0	794	795	1268	113.65
MGG_08894T0	987	988	637	45.9408
MGG_03115T0	3467	3468	11	0.226011
MGG_05066T0	1167	1168	7.48737	0.456775
MGG_17726T0	742	743	26	2.49345
MGG_04470T0	3086	3087	374	8.63278
MGG_09159T0	2017	2018	39415	1391.73
MGG_00135T0	2042	2043	1354	47.2244
MGG_06238T0	4217	4218	191	3.22658
MGG_07545T0	1743	1744	225	9.19289
MGG_07972T0	1260	1261	48	2.71233
MGG_16087T0	231	232	0	0
MGG_02096T0	3394	3395	903	18.9524
MGG_07037T0	6168	6169	9772	112.872
MGG_03176T0	1272	1273	31	1.7352
MGG_09495T0	1311	1312	1768.34	96.039
MGG_09715T0	1493	1494	483	23.0363
MGG_00916T0	465	466	0	0
MGG_06391T0	2373	2374	736.41	22.1032
MGG_00146T0	1650	1651	2608.42	112.576
MGG_07793T0	1038	1039	8533	585.197
MGG_03944T0	2625	2626	80	2.17076
MGG_13651T0	1622	1623	458	20.1077
MGG_11713T0	1979	1980	1515	54.5209
MGG_11447T0	1610	1611	147	6.50186
MGG_02997T0	480	481	85	12.5919
MGG_14806T0	5449	5450	1548	20.2391
MGG_17636T0	603	604	3626.23	427.794
MGG_03029T0	1368	1369	15	0.780735
MGG_03519T0	2151	2152	56	1.85422
MGG_11132T0	2254	2255	4172	131.83
MGG_00781T0	2271	2272	20	0.627245
MGG_09817T0	2993	2994	1	0.0237993
MGG_03428T0	792	793	6	0.539131
MGG_00394T0	987	988	3	0.216362
MGG_03585T0	1189	1190	18	1.07781
MGG_11091T0	702	703	1	0.101359
MGG_08155T1	1029	1030	20.998	1.45263
MGG_08155T0	1864	1865	190.138	7.26452
MGG_13410T0	555	556	3104	397.798
MGG_14869T0	568	569	245.192	30.705
MGG_06156T1	3690	3691	8	0.154441
MGG_06156T0	3926	3927	0	0
MGG_16538T0	1485	1486	317	15.2004
MGG_15022T0	799	800	226	20.1296
MGG_02465T0	2209	2210	7472	240.913
MGG_05681T0	1568	1569	958.94	43.5496
MGG_17924T0	267	268	20	5.31754
MGG_04859T0	2176	2177	14.6966	0.481031
MGG_16823T0	150	151	7	3.30322
MGG_12929T0	2128	2129	136.413	4.56558
MGG_06076T0	990	991	1062	76.3601
MGG_16276T0	1992	1993	127.041	4.54206
MGG_04344T0	2426	2427	562	16.4999
MGG_05021T0	471	472	325	49.0634
MGG_03764T0	1781	1782	14	0.559804
MGG_04912T0	3314	3315	2807	60.3358
MGG_05469T0	444	445	0	0
MGG_16702T0	174	175	0	0
MGG_05790T0	1719	1720	49	2.02994
MGG_17896T0	240	241	15	4.43496
MGG_16665T0	210	211	2	0.675404
MGG_05850T0	1669	1670	1978.93	84.4365
MGG_03968T0	1347	1348	127	6.7132
MGG_06534T0	1895	1896	3314	124.546
MGG_13597T0	1461	1462	0	0
MGG_05238T0	965	966	3588.56	264.703
MGG_11654T0	1440	1441	6	0.29669
MGG_04845T0	741	742	294	28.2331
MGG_12025T0	1152	1153	79	4.88218
MGG_11712T0	2936	2937	2220.68	53.8764
MGG_04122T0	1744	1745	136	5.55341
MGG_14085T0	1568	1569	246.694	11.2035
MGG_09000T0	2160	2161	188	6.19896
MGG_00183T0	5039	5040	2737	38.6955
MGG_05222T0	2861	2862	8391.66	208.927
MGG_15827T0	237	238	1	0.299391
MGG_04609T0	2921	2922	93	2.26787
MGG_01546T0	249	250	232	66.1247
MGG_03807T0	1641	1642	8	0.347162
MGG_03017T0	2812	2813	1363	34.5257
MGG_17531T0	3220	3221	4448	98.3988
MGG_17581T0	576	577	3	0.370477
MGG_09947T0	5437	5438	7439	97.4745
MGG_09885T0	2044	2045	938.978	32.7173
MGG_10059T0	1918	1919	326	12.1048
MGG_04711T0	1549	1550	102	4.68904
MGG_05230T0	1674	1675	185	7.86996
MGG_03158T0	3505	3506	17	0.345504
MGG_03313T0	4354	4355	1870	30.5963
MGG_03322T0	3278	3279	753	16.3632
MGG_14909T0	398	399	79	14.1081
MGG_11311T0	1815	1816	1252	49.1252
MGG_01050T0	3009	3010	2276	53.8793
MGG_00314T0	1965	1966	20643	748.178
MGG_17285T0	312	313	172.856	39.351
MGG_08916T0	2301	2302	106	3.28108
MGG_10927T0	1044	1045	0	0
MGG_03192T0	2451	2452	1062	30.8617
MGG_01417T0	2147	2148	21	0.696628
MGG_12568T0	1476	1477	136	6.56106
MGG_08561T0	3265	3266	1326.38	28.938
MGG_12844T0	2742	2743	192.785	5.00799
MGG_05603T0	1208	1209	228.533	13.4691
MGG_15980T0	378	379	0	0
MGG_05379T0	4468	4469	1152	18.3678
MGG_02789T0	1844	1845	3547.87	137.021
MGG_16839T0	300	301	15	3.55092
MGG_17311T0	590	591	14	1.68794
MGG_03933T0	1500	1501	91	4.31993
MGG_12247T0	663	664	97138	10424.1
MGG_00754T0	1829	1830	2981	116.072
MGG_04802T0	1982	1983	231	8.30052
MGG_17472T0	1806	1807	1145	45.1506
MGG_18070T0	264	265	0	0
MGG_15478T0	534	535	529	70.456
MGG_04744T0	2193	2194	193	6.26811
MGG_02464T0	3323	3324	3737	80.1084
MGG_06003T0	634	635	8116	910.719
MGG_17915T0	330	331	33	7.10398
MGG_17752T0	345	346	0	0
MGG_12315T0	1094	1095	8846	575.637
MGG_10436T0	402	403	0	0
MGG_10843T0	1713	1714	728	30.2647
MGG_16381T0	285	286	0	0
MGG_11813T0	1044	1045	11	0.750054
MGG_04525T0	1431	1432	10738	534.314
MGG_05049T0	4330	4331	1084	17.8343
MGG_00537T0	2639	2640	1424.59	38.4505
MGG_00537T1	2569	2570	1502.41	41.6554
MGG_02656T0	7725	7726	927	8.5495
MGG_15848T0	411	412	10	1.72949
MGG_17036T0	231	232	36	11.0568
MGG_15210T0	1530	1531	0	0
MGG_16741T0	1008	1009	26	1.83611
MGG_00020T0	1524	1525	0	0
MGG_05116T0	2737	2738	725	18.8678
MGG_12114T0	219	220	763	247.126
MGG_11859T0	1475	1476	7	0.337931
MGG_10322T0	1560	1561	1790	81.7083
MGG_05960T0	6202	6203	1609	18.4829
MGG_03126T0	2230	2231	241	7.69721
MGG_12599T0	2039	2040	236	8.24324
MGG_16845T0	324	325	12	2.63096
MGG_13019T0	801	802	1083	96.221
MGG_09367T0	1011	1012	14158	996.867
MGG_06746T0	423	424	2	0.336109
MGG_07609T0	765	766	92	8.55805
MGG_06862T1	3180	3181	0	0
MGG_06862T0	2760	2761	2	0.0516154
MGG_05686T0	1905	1906	2892	108.116
MGG_06340T0	675	676	0	0
MGG_10216T0	1464	1465	8	0.389106
MGG_03048T0	3114	3115	1436	32.8483
MGG_05108T0	636	637	183	20.4705
MGG_17870T0	195	196	1	0.363546
MGG_03116T0	2789	2790	3234	82.5946
MGG_05101T0	1167	1168	51	3.11131
MGG_12137T0	1820	1821	1614.33	63.168
MGG_02392T0	192	193	4064	1500.42
MGG_01328T0	710	711	454	45.499
MGG_11040T0	1820	1821	3614	141.415
MGG_06257T0	2406	2407	537	15.897
MGG_01991T0	1996	1997	556	19.8387
MGG_06723T0	744	745	847	81.0108
MGG_03418T0	2066	2067	8998	310.185
MGG_09946T0	1344	1345	200	10.5956
MGG_03502T0	2679	2680	152	4.04133
MGG_09516T0	3040	3041	2234	52.3459
MGG_02273T0	651	652	4	0.437148
MGG_09539T0	1594	1595	1053	47.0418
MGG_16201T0	1124	1125	3156	199.894
MGG_17706T0	204	205	3	1.04276
MGG_02763T0	2262	2263	4885	153.814
MGG_14793T0	490	491	1	0.145122
MGG_09793T0	823	824	5	0.432373
MGG_07244T0	1140	1141	659	41.1543
MGG_11472T0	603	604	6	0.707832
MGG_07335T0	2516	2517	1277.44	36.1636
MGG_06131T1	3254	3255	326.107	7.13879
MGG_06131T0	1879	1880	763.109	28.9231
MGG_06131T2	3006	3007	317.777	7.53017
MGG_14388T0	606	607	0	0
MGG_17851T0	180	181	3	1.18102
MGG_04892T0	562	563	4	0.506253
MGG_16071T0	240	241	0	0
MGG_07711T0	2351	2352	1086	32.9009
MGG_03208T0	2729	2730	14	0.365411
MGG_06968T0	2256	2257	226	7.13498
MGG_16345T0	294	295	1.0102	0.244007
MGG_17239T0	429	430	1	0.16571
MGG_16959T0	237	238	0	0
MGG_15085T0	3208	3209	37	0.821576
MGG_09926T0	2122	2123	25424	853.316
MGG_17060T1	4863	4864	2565.92	37.5895
MGG_17060T0	2553	2554	389.42	10.8646
MGG_09968T0	944	945	18	1.35724
MGG_11685T0	1977	1978	3758	135.377
MGG_02125T0	1728	1729	414	17.0617
MGG_01318T0	1257	1258	1468	83.1498
MGG_16743T0	3632	3633	51	1.00028
MGG_01867T0	1897	1898	5866	220.223
MGG_10803T0	1179	1180	14	0.845399
MGG_08467T0	1236	1237	0	0
MGG_14270T0	2408	2409	14251	421.526
MGG_02043T0	1065	1066	14	0.935808
MGG_16661T0	582	583	0	0
MGG_14438T0	441	442	0	0
MGG_15168T0	1261	1262	3	0.169386
MGG_10204T0	1130	1131	192.304	12.1155
MGG_02518T0	3142	3143	422	9.56718
MGG_08562T0	2731	2732	130	3.39062
MGG_03508T0	2693	2694	862	22.7995
MGG_06843T0	2407	2408	414	12.2507
MGG_03506T0	1725	1726	2609	107.708
MGG_17556T0	501	502	0	0
MGG_15728T0	1944	1945	70	2.56445
MGG_01012T0	4286	4287	3732.7	62.0419
MGG_03093T0	1450	1451	104.163	5.1152
MGG_14706T0	1255	1256	0	0
MGG_08276T0	1839	1840	112	4.33727
MGG_01233T1	1936	1937	1345	49.4776
MGG_01233T0	2170	2171	0	0
MGG_10183T0	1322	1323	80.8003	4.3518
MGG_09139T0	2864	2865	122	3.03425
MGG_08313T0	957	958	5	0.371895
MGG_10663T0	1710	1711	17	0.70797
MGG_07517T0	2768	2769	8658	222.798
MGG_09055T0	1260	1261	39811	2249.59
MGG_00362T0	1549	1550	725	33.329
MGG_11561T0	5088	5089	140	1.96025
MGG_09540T0	2380	2381	591	17.6866
MGG_04956T0	2103	2104	10981	371.888
MGG_09193T0	1861	1862	1459	55.8331
MGG_00779T0	2360	2361	1365	41.1958
MGG_05575T0	894	895	141	11.2257
MGG_03509T0	1572	1573	7	0.317092
MGG_01244T0	4087	4088	2762	48.1425
MGG_03427T0	1548	1549	10	0.460007
MGG_06538T0	755	756	552	52.0275
MGG_06832T0	1920	1921	4939	183.201
MGG_05572T0	2901	2902	226.052	5.55044
MGG_17840T0	852	853	31	2.58958
MGG_07677T0	780	781	8	0.729886
MGG_16507T0	870	871	22	1.79978
MGG_10676T0	561	562	2666	338.018
MGG_08108T0	1103	1104	297	19.1692
MGG_04312T0	1308	1309	0	0
MGG_08055T0	1320	1321	335.868	18.1168
MGG_03056T0	2255	2256	134	4.23235
MGG_05941T0	1796	1797	327	12.9663
MGG_15041T0	1152	1153	106	6.55077
MGG_04641T0	1910	1911	528.244	19.6965
MGG_03347T0	1537	1538	726	33.6354
MGG_04544T0	1520	1521	579	27.1247
MGG_13058T0	3068	3069	936	21.7318
MGG_16733T0	2356	2357	51	1.54179
MGG_08943T0	1350	1351	0	0
MGG_05045T0	651	652	4	0.437148
MGG_10289T0	1944	1945	1910	69.9729
MGG_00343T0	2987	2988	718	17.1222
MGG_01891T0	705	706	13	1.31206
MGG_04328T0	1881	1882	17642	667.95
MGG_16966T0	1560	1561	27	1.23247
MGG_06434T0	990	991	278	19.9888
MGG_08291T0	462	463	88	13.5431
MGG_04411T0	704	705	542	54.7805
MGG_17260T0	303	304	10	2.34392
MGG_07402T0	1169	1170	931	56.6996
MGG_15680T0	168	169	1	0.421628
MGG_15740T0	772	773	33	3.04194
MGG_04629T0	4769	4770	8948	133.667
MGG_06045T0	1228	1229	3046.9	176.653
MGG_00257T0	1095	1096	145	9.427
MGG_03360T0	2808	2809	74	1.87714
MGG_06866T0	1228	1229	1	0.0579781
MGG_00544T0	588	589	603	72.9488
MGG_03481T0	3052	3053	1084	25.2999
MGG_17086T0	165	166	0	0
MGG_03852T0	1917	1918	224.134	8.32674
MGG_17579T0	474	475	0	0
MGG_15505T0	600	601	39	4.62387
MGG_02216T1	1498	1499	210.891	10.0247
MGG_02216T0	1551	1552	40.6917	1.86823
MGG_15787T0	1129	1130	0	0
MGG_14814T0	2011	2012	630.134	22.3162
MGG_01764T0	1423	1424	58.0852	2.90651
MGG_02056T0	2791	2792	28	0.714593
MGG_17057T0	1050	1051	106	7.18653
MGG_15362T0	736	737	5	0.483413
MGG_09674T0	1659	1660	0	0
MGG_13033T0	1720	1721	6752	279.555
MGG_14404T0	2181	2182	2001.22	65.3515
MGG_02272T0	1581	1582	7	0.315288
MGG_17834T0	710	711	9	0.901963
MGG_16624T0	168	169	0	0
MGG_05607T0	2529	2530	1767.49	49.7796
MGG_10356T0	1470	1471	0	0
MGG_00097T0	1908	1909	50.3795	1.88046
MGG_09156T0	1840	1841	145	5.61216
MGG_00778T0	1800	1801	388	15.3509
MGG_16320T0	222	223	4	1.27812
MGG_07733T0	966	967	3	0.22106
MGG_12646T0	3316	3317	2834	60.8794
MGG_06320T0	4624	4625	5148	79.3127
MGG_16756T0	3007	3008	1759	41.6681
MGG_00697T0	1186	1187	863	51.8055
MGG_05683T0	4700	4701	372	5.63856
MGG_07346T0	1107	1108	71	4.56598
MGG_00266T0	867	868	0	0
MGG_18023T0	342	343	6	1.24644
MGG_09029T0	1529	1530	1481	68.9731
MGG_10312T0	1743	1744	1417	57.8948
MGG_13974T0	360	361	0	0
MGG_16005T0	213	214	0	0
MGG_10299T0	684	685	0	0
MGG_17414T0	198	199	152	54.426
MGG_04458T0	1479	1480	997	48.0009
MGG_09778T0	2190	2191	22	0.715478
MGG_16663T0	186	187	0	0
MGG_05209T0	3383	3384	3186	67.0859
MGG_14831T0	7755	7756	4	0.0367484
MGG_00467T0	3121	3122	1097	25.0374
MGG_01679T0	1073	1074	83.2175	5.52111
MGG_09706T0	2102	2103	583	19.7535
MGG_02218T0	1005	1006	62	4.39147
MGG_10334T0	2047	2048	473	16.4569
MGG_11915T0	267	268	15	3.98816
MGG_00884T0	2176	2177	7248	237.233
MGG_14737T0	1609	1610	76.4643	3.38414
MGG_12300T0	1308	1309	2842	154.704
MGG_01006T0	1062	1063	3099.31	207.753
MGG_08983T0	1370	1371	57	2.96247
MGG_04648T0	2224	2225	150	4.80371
MGG_13192T0	2749	2750	9328	241.697
MGG_03705T0	3261	3262	1997	43.6224
MGG_00839T0	1101	1102	998	64.5305
MGG_01506T0	1533	1534	388	18.0228
MGG_09734T0	3869	3870	1242.09	22.8697
MGG_17090T0	336	337	4	0.845758
MGG_03930T0	501	502	5794	822.414
MGG_09412T0	3091	3092	5446.47	125.514
MGG_10477T0	888	889	15	1.20228
MGG_01311T0	3220	3221	9372.4	207.336
MGG_11674T0	327	328	0	0
MGG_07202T0	2074	2075	32292	1108.9
MGG_09964T0	2205	2206	0	0
MGG_03494T0	1383	1384	598	30.788
MGG_01977T0	2208	2209	1243	40.0951
MGG_18028T0	599	600	0	0
MGG_16239T0	758	759	26	2.44089
MGG_05248T0	1105	1106	5396.21	347.656
MGG_09833T0	1646	1647	166	7.18175
MGG_10856T0	821	822	78.6813	6.82049
MGG_04185T0	4021	4022	2502	44.3263
MGG_14703T0	1158	1159	235	14.4478
MGG_12392T0	3472	3473	7	0.143618
MGG_04806T0	1503	1504	2686	127.255
MGG_09303T0	3690	3691	9674	186.757
MGG_16116T0	4641	4642	1313	20.1547
MGG_05528T0	1291	1292	2181	120.284
MGG_16061T0	384	385	0	0
MGG_16830T0	2663	2664	286	7.64976
MGG_03374T0	1501	1502	146	6.92626
MGG_08647T0	1420	1421	61	3.0588
MGG_17496T0	213	214	0	0
MGG_15293T0	1200	1201	745	44.2007
MGG_11216T0	2830	2831	3515	88.4711
MGG_14609T0	1347	1348	398	21.0382
MGG_05044T0	4539	4540	153	2.40133
MGG_09902T0	867	868	480	39.4037
MGG_17938T0	640	641	4	0.44465
MGG_16374T0	1424	1425	59	2.95021
MGG_07885T0	2543	2544	11.5773	0.324268
MGG_14151T0	2124	2125	26	0.871827
MGG_14667T0	966	967	172	12.6741
MGG_12163T0	636	637	884	98.8846
MGG_01423T0	2367	2368	4394.58	132.237
MGG_13948T0	1305	1306	518	28.262
MGG_00294T0	2013	2014	563	19.9189
MGG_08287T0	1565	1566	1856.96	84.4941
MGG_08287T1	1399	1400	1221.04	62.1467
MGG_10321T0	1773	1774	177	7.10944
MGG_02517T0	3555	3556	1582	31.7001
MGG_17459T0	570	571	7	0.87353
MGG_05570T0	976	977	95	6.92859
MGG_17954T0	482	483	4	0.590104
MGG_17857T0	420	421	41	6.93933
MGG_15350T0	450	451	33	5.21379
MGG_12679T0	1458	1459	282	13.7724
MGG_02922T0	1672	1673	36.4034	1.55046
MGG_03225T0	2492	2493	1936	55.3349
MGG_08589T0	1486	1487	58.8598	2.82049
MGG_07287T0	3294	3295	1883	40.7203
MGG_15964T0	249	250	4.15024	1.1829
MGG_05600T0	2544	2545	158	4.42369
MGG_08464T0	1053	1054	436	29.4755
MGG_17982T0	1783	1784	171	6.82994
MGG_00529T0	4579	4580	7133.44	110.981
MGG_04332T0	1101	1102	0	0
MGG_03178T0	2517	2518	153	4.32964
MGG_02692T0	954	955	2896	216.078
MGG_05938T0	1456	1457	129	6.30879
MGG_10774T0	388	389	3	0.549525
MGG_03881T0	4342	4343	394.99	6.48056
MGG_07937T0	1173	1174	93	5.64457
MGG_16744T0	3529	3530	531	10.7185
MGG_15040T0	1143	1144	0	0
MGG_17832T0	390	391	0	0
MGG_10766T0	1593	1594	0	0
MGG_11343T0	2690	2691	965	25.5523
MGG_15263T0	1132	1133	0	0
MGG_00844T0	3350	3351	243	5.16711
MGG_01578T0	2198	2199	3485	112.926
MGG_18120T0	162	163	3	1.31144
MGG_03067T0	5536	5537	48	0.617707
MGG_00174T0	2875	2876	1517	37.5848
MGG_02234T0	537	538	0	0
MGG_17520T0	165	166	16	6.86796
MGG_16610T0	543	544	1	0.130984
MGG_16410T0	2752	2753	9101	235.558
MGG_09330T0	1860	1861	174	6.66222
MGG_10447T0	1507	1508	16224	766.606
MGG_13510T0	2264	2265	306.518	9.6428
MGG_16237T0	588	589	24	2.90343
MGG_07103T0	5120	5121	10574.9	147.143
MGG_10051T0	1244	1245	16418	939.651
MGG_17049T0	444	445	0	0
MGG_16509T0	771	772	25	2.30748
MGG_12828T0	2491	2492	2450	70.0542
MGG_10187T0	3272	3273	2626	57.1695
MGG_01052T0	2648	2649	611	16.4352
MGG_06220T0	1329	1330	47	2.51804
MGG_15531T0	464	465	6	0.91942
MGG_07220T0	1629	1630	75719	3310.04
MGG_09916T0	1330	1331	11112	594.881
MGG_17580T0	369	370	0	0
MGG_01298T0	1490	1491	39	1.86382
MGG_18091T0	105	106	0	0
MGG_16789T0	273	274	0	0
MGG_09360T0	1668	1669	116.443	4.97135
MGG_10701T0	1116	1117	128	8.16531
MGG_03416T0	603	604	86	10.1456
MGG_03746T0	1059	1060	0	0
MGG_14711T0	2397	2398	12	0.356573
MGG_01110T0	682	683	5540	577.97
MGG_01690T0	963	964	1331	98.3823
MGG_08214T0	423	424	0	0
MGG_17025T0	480	481	1.00169	0.148389
MGG_02720T0	1077	1078	38	2.51177
MGG_05157T0	931	932	41	3.13461
MGG_16076T0	600	601	0	0
MGG_16379T0	315	316	310	69.9021
MGG_04831T0	3991	3992	2448.43	43.7032
MGG_08152T0	1710	1711	5958	248.123
MGG_10685T0	2688	2689	1101	29.1751
MGG_10916T0	2332	2333	15	0.458134
MGG_08367T0	3203	3204	15371	341.842
MGG_00867T0	1052	1053	298	20.1653
MGG_08663T0	2989	2990	11831.2	281.951
MGG_01292T0	2284	2285	627	19.5523
MGG_07912T0	1997	1998	3861	137.696
MGG_07398T0	417	418	0	0
MGG_15367T0	384	385	0	0
MGG_00296T0	2665	2666	188.23	5.03088
MGG_10371T0	843	844	798	67.3715
MGG_05940T0	1429	1430	1387	69.1125
MGG_10806T0	3129	3130	40	0.910608
MGG_02719T0	2713	2714	2868	75.2983
MGG_03389T0	1897	1898	2204	82.743
MGG_08346T0	1071	1072	0	0
MGG_17639T0	585	586	0	0
MGG_01997T0	1301	1302	37	2.02491
MGG_16425T0	1994	1995	136	4.85749
MGG_13884T0	597	598	0	0
MGG_04070T0	2408	2409	63	1.86346
MGG_02095T0	996	997	201	14.3654
MGG_13308T0	2100	2101	60	2.03489
MGG_00215T0	927	928	9	0.691051
MGG_01114T0	1410	1411	211	10.6554
MGG_06198T0	3375	3376	953	20.1144
MGG_16267T0	502	503	33	4.67479
MGG_15935T0	225	226	0	0
MGG_14595T0	969	970	284	20.8623
MGG_08318T0	1474	1475	74.0604	3.57775
MGG_01667T0	642	643	6306	698.81
MGG_02521T0	1806	1807	634	25.0004
MGG_16537T0	348	349	3	0.612508
MGG_17284T0	1068	1069	0	0
MGG_13782T0	1305	1306	7068	385.629
MGG_07373T0	666	667	2	0.213658
MGG_07965T0	1216	1217	20	1.171
MGG_03597T0	2951	2952	518	12.5034
MGG_06676T0	783	784	294.962	26.8081
MGG_10429T0	1893	1894	1074	40.4055
MGG_12335T0	2622	2623	4256	115.616
MGG_17288T0	817	818	71.6683	6.24295
MGG_11317T0	3122	3123	5584	127.406
MGG_14173T0	6297	6298	4073	46.0816
MGG_04608T0	3967	3968	1717	30.8329
MGG_06782T0	2283	2284	76	2.37101
MGG_16630T0	1434	1435	2971	147.525
MGG_15700T0	2138	2139	12872	428.796
MGG_11999T0	1549	1550	11	0.505681
MGG_06735T0	2853	2854	2680	66.9109
MGG_13591T0	6960	6961	22	0.225199
MGG_04879T0	1442	1443	669	33.0351
MGG_07646T0	2592	2593	1	0.0274798
MGG_13783T0	3948	3949	1480	26.7049
MGG_00156T0	966	967	55	4.05277
MGG_10335T0	345	346	0	0
MGG_10569T0	2042	2043	9702	338.383
MGG_01906T0	1340	1341	3864	205.317
MGG_17169T0	1848	1849	163	6.28155
MGG_17814T0	735	736	2	0.193628
MGG_15461T0	528	529	0	0
MGG_03432T0	2136	2137	2	0.066687
MGG_03376T0	3539	3540	3567	71.7986
MGG_13798T0	1092	1093	63	4.10711
MGG_12142T0	195	196	7	2.54482
MGG_11774T0	2541	2542	289	8.10099
MGG_08542T0	3716	3717	340	6.51782
MGG_10276T0	597	598	0	0
MGG_05203T0	1488	1489	1301	62.2585
MGG_05446T0	1667	1668	605.886	25.8828
MGG_04933T0	2979	2980	174	4.16053
MGG_16924T0	1441	1442	26	1.28477
MGG_07603T0	969	970	195	14.3245
MGG_08146T0	2422	2423	5759	169.359
MGG_06129T0	1222	1223	489	28.4904
MGG_02536T0	2986	2987	3122	74.4755
MGG_04451T0	435	436	1	0.163429
MGG_11063T0	2058	2059	1326	45.8884
MGG_05283T0	1791	1792	1076.27	42.7956
MGG_03330T0	1708	1709	144	6.00394
MGG_05827T0	1329	1330	0	0
MGG_16941T0	378	379	0	0
MGG_00579T0	1122	1123	5	0.317253
MGG_09850T0	5182	5183	2673	36.748
MGG_13787T0	162	163	1556	680.202
MGG_03491T0	2010	2011	124.905	4.42572
MGG_07011T0	2254	2255	489	15.4518
MGG_08670T0	1539	1540	334	15.454
MGG_18033T0	162	163	1	0.437148
MGG_00190T0	1455	1456	712	34.8445
MGG_15303T0	366	367	10	1.94156
MGG_15145T0	1114	1115	94.4758	6.03756
MGG_05405T0	1413	1414	9	0.453533
MGG_06392T0	1943	1944	2108	77.2663
MGG_05170T0	1353	1354	2282.73	120.13
MGG_16990T0	1682	1683	24	1.01612
MGG_09743T0	1051	1052	2446	165.675
MGG_12354T0	912	913	305.048	23.8075
MGG_06544T0	2200	2201	689.983	22.3375
MGG_09648T0	570	571	7	0.87353
MGG_17894T0	471	472	43	6.49146
MGG_11746T0	679	680	15	1.5718
MGG_13262T0	2649	2650	140	3.76442
MGG_11351T0	3611	3612	753	14.8547
MGG_17380T0	243	244	15	4.38044
MGG_16728T0	1526	1527	458	21.3719
MGG_09486T0	920	921	269	20.8117
MGG_17800T0	291	292	10	2.44024
MGG_16586T0	303	304	0	0
MGG_01674T0	5524	5525	7990	103.046
MGG_06360T0	5446	5447	1722	22.5264
MGG_13031T0	2451	2452	273	7.93338
MGG_05530T0	1197	1198	242	14.3938
MGG_08446T0	2016	2017	0	0
MGG_14513T0	1881	1882	639.018	24.1941
MGG_00966T0	1932	1933	854	31.4805
MGG_03677T0	1700	1701	583	24.4219
MGG_09380T0	1032	1033	0	0
MGG_15036T0	654	655	590	64.184
MGG_04013T0	763	764	516	48.1252
MGG_04564T0	3344	3345	27803	592.259
MGG_08372T0	321	322	0	0
MGG_02339T0	465	466	378	57.7992
MGG_09146T0	1484	1485	112	5.37412
MGG_10412T0	3126	3127	1061	24.1771
MGG_03044T0	1622	1623	177	7.77089
MGG_03584T0	1764	1765	35	1.41299
MGG_09459T0	1263	1264	521	29.3702
MGG_14069T0	3003	3004	2	0.0474401
MGG_15121T0	513	514	20	2.77257
MGG_00432T0	999	1000	4673	332.975
MGG_07737T0	8347	8348	445	3.79834
MGG_07061T0	2505	2506	500	14.2169
MGG_07744T0	2045	2046	607	21.1397
MGG_01801T0	2417	2418	478	14.086
MGG_17797T0	657	658	9	0.974614
MGG_08747T0	672	673	0	0
MGG_05657T0	890	891	4239	339.001
MGG_15418T0	945	946	7	0.527258
MGG_08546T0	507	508	28	3.92745
MGG_00906T0	1483	1484	363.961	17.4758
MGG_04038T0	2198	2199	553.542	17.9367
MGG_04074T0	1740	1741	75	3.06958
MGG_09124T0	6221	6222	2696	30.8749
MGG_05643T0	6387	6388	2743	30.5969
MGG_07598T0	1581	1582	30	1.35123
MGG_16209T0	396	397	14	2.51277
MGG_01369T0	2046	2047	97	3.37652
MGG_06650T0	1867	1868	14442	550.892
MGG_02120T0	1803	1804	0	0
MGG_02112T0	1346	1347	34	1.79857
MGG_03457T0	843	844	7	0.590978
MGG_11732T0	1886	1887	576	21.7504
MGG_02665T0	6411	6412	567	6.30094
MGG_17577T0	381	382	6	1.11919
MGG_08429T0	2182	2183	699	22.816
MGG_09392T0	3407	3408	3	0.0627245
MGG_15094T0	1506	1507	6	0.283696
MGG_00849T0	2132	2133	938	31.3349
MGG_17108T0	216	217	0	0
MGG_06953T0	918	919	285	22.0976
MGG_07723T0	1634	1635	100	4.35811
MGG_09220T0	381	382	0	0
MGG_13713T0	849	850	17	1.4251
MGG_07462T0	1929	1930	219	8.08542
MGG_04468T0	3850	3851	673	12.4525
MGG_14377T0	304	305	0	0
MGG_04660T0	2087	2088	1761	60.0959
MGG_04170T0	2187	2188	97	3.15893
MGG_02595T0	3243	3244	2539	55.7696
MGG_15807T0	1568	1569	245.274	11.1389
MGG_01502T0	2902	2903	2687.24	65.9593
MGG_10494T0	2495	2496	817.616	23.3411
MGG_03202T0	1059	1060	869	58.4157
MGG_02764T0	1995	1996	125	4.46237
MGG_05466T0	3079	3080	49	1.1336
MGG_00390T0	780	781	15	1.36854
MGG_03956T0	1019	1020	1081	75.5164
MGG_10071T0	1599	1600	0	0
MGG_00373T0	4354	4355	5286	86.4878
MGG_09480T0	1395	1396	2558	130.566
MGG_17920T0	273	274	144	37.4479
MGG_02843T0	2315	2316	405.337	12.4708
MGG_01887T0	3580	3581	516	10.2674
MGG_00260T0	858	859	9	0.746561
MGG_00949T0	2027	2028	5953	209.162
MGG_13449T0	2114	2115	5	0.168452
MGG_12745T0	2247	2248	594	18.8281
MGG_07150T0	3926	3927	1621	29.4129
MGG_13894T0	1833	1834	0	0
MGG_10744T0	2107	2108	195	6.59143
MGG_09384T0	1850	1851	26560	1022.44
MGG_10530T0	1596	1597	198	8.83438
MGG_12869T0	3383	3384	1661	34.9748
MGG_04674T0	3459	3460	843	17.3607
MGG_00746T0	4908	4909	2249	32.6447
MGG_01654T0	2769	2770	2205	56.7211
MGG_08595T0	1384	1385	622.802	32.0417
MGG_12739T0	1575	1576	1390	62.8455
MGG_16746T0	408	409	1	0.174218
MGG_01670T0	2263	2264	1733	54.5429
MGG_04319T0	1320	1321	18.3138	0.987849
MGG_00123T0	4347	4348	1074.19	17.6039
MGG_04946T0	1372	1373	304	15.7768
MGG_11026T0	2750	2751	1625	42.09
MGG_09627T0	474	475	0	0
MGG_01219T0	1164	1165	52	3.18048
MGG_03141T0	2335	2336	2718.94	82.9359
MGG_01392T0	546	547	4	0.521061
MGG_13775T0	572	573	1960	243.735
MGG_17655T0	890	891	146.96	11.7527
MGG_03027T0	2411	2412	331	9.77837
MGG_05143T0	1233	1234	42	2.42521
MGG_10070T0	1542	1543	0	0
MGG_03414T0	1285	1286	1862	103.17
MGG_00802T0	1479	1480	314	15.1176
MGG_17051T0	153	154	56	25.9109
MGG_15125T0	474	475	24	3.60026
MGG_06127T0	1228	1229	2879.74	166.962
MGG_10926T0	1082	1083	187	12.3035
MGG_17110T0	343	344	48	9.94257
MGG_06523T0	1971	1972	43.5107	1.57219
MGG_07027T0	7155	7156	6429	64.0161
MGG_15642T0	159	160	1	0.445344
MGG_06461T0	1668	1669	1734.74	74.0618
MGG_09514T0	1867	1868	782	29.8295
MGG_03964T0	2414	2415	3184	93.9446
MGG_06964T0	1700	1701	991	41.5131
MGG_17537T0	905	906	19.6205	1.54311
MGG_16759T0	330	331	0	0
MGG_04556T0	1577	1578	491	22.1713
MGG_15185T0	1197	1198	66613	3962.03
MGG_15392T0	1170	1171	0	0
MGG_02045T0	3752	3753	1079	20.4861
MGG_18115T0	471	472	61.7728	9.32547
MGG_17871T0	960	961	15	1.1122
MGG_09199T0	2144	2145	168	5.58082
MGG_02593T0	1065	1066	10	0.668434
MGG_00810T0	2057	2058	2814.09	97.4335
MGG_00937T0	5954	5955	1892	22.6389
MGG_01100T0	1955	1956	508	18.5059
MGG_06861T0	492	493	7	1.01174
MGG_05176T0	2798	2799	6112	155.595
MGG_17709T0	249	250	1	0.28502
MGG_03465T0	2301	2302	798	24.7009
MGG_14400T0	3891	3892	1	0.0183081
MGG_17745T0	216	217	0	0
MGG_00181T0	1503	1504	162	7.67508
MGG_03413T0	2433	2434	959	28.0746
MGG_15089T0	757	758	817.792	76.8757
MGG_03080T0	3331	3332	251	5.36766
MGG_17900T0	3561	3562	3540	70.815
MGG_15193T0	828	829	0	0
MGG_16562T0	564	565	0	0
MGG_10265T0	1711	1712	290	12.0701
MGG_14902T0	1978	1979	3298	118.746
MGG_13172T0	2622	2623	433	11.7627
MGG_12095T0	1451	1452	810.859	39.7919
MGG_03983T0	1810	1811	248.12	9.76246
MGG_04926T0	2112	2113	2047	69.0294
MGG_04087T0	2097	2098	2127	72.24
MGG_13790T0	6147	6148	3871	44.8647
MGG_15225T0	444	445	49	7.84607
MGG_11597T0	2808	2809	10615	269.268
MGG_06635T0	1764	1765	41	1.65522
MGG_11878T0	2367	2368	514	15.4667
MGG_15874T0	528	529	412	55.4955
MGG_05944T0	2263	2264	2001.44	62.9914
MGG_07468T0	4904	4905	2276	33.0635
MGG_16219T0	2535	2536	5545	155.8
MGG_04066T0	4758	4759	5608	83.9669
MGG_13805T0	1200	1201	294	17.443
MGG_03700T0	5906	5907	4044	48.782
MGG_10247T0	1509	1510	6	0.283133
MGG_16964T0	669	670	5	0.531754
MGG_08988T0	2422	2423	1	0.0294078
MGG_07327T0	3895	3896	18954.1	346.657
MGG_10042T0	594	595	0	0
MGG_09942T0	2185	2186	9992	325.7
MGG_05220T0	5108	5109	2497	34.8256
MGG_07135T0	873	874	161	13.1259
MGG_06008T0	768	769	23	2.13117
MGG_09109T0	1174	1175	3.018	0.183019
MGG_16072T0	225	226	0	0
MGG_09364T0	789	790	263	23.7216
MGG_00896T0	3265	3266	868	18.9374
MGG_08118T0	2567	2568	639	17.7305
MGG_00594T0	6781	6782	4267	44.8312
MGG_03549T0	2805	2806	1001	25.4192
MGG_09923T0	2389	2390	2503	74.6241
MGG_05955T0	2949	2950	91	2.19804
MGG_17363T0	228	229	0	0
MGG_05464T0	3092	3093	153	3.52474
MGG_06674T0	3310	3311	330.047	7.10284
MGG_05038T0	2300	2301	405	12.5416
MGG_14291T0	1803	1804	106	4.18683
MGG_07271T0	1535	1536	1795	83.2701
MGG_06583T0	1841	1842	963	37.2523
MGG_01521T0	1314	1315	6956	376.92
MGG_04583T0	1152	1153	26	1.60679
MGG_09554T0	1491	1492	135	6.44734
MGG_15255T0	743	744	0	0
MGG_16656T0	270	271	0	0
MGG_02466T0	1095	1096	18971	1233.38
MGG_04240T0	1356	1357	135	7.08875
MGG_18107T0	756	757	0	0
MGG_16022T0	299	300	0	0
MGG_06457T0	4142	4143	4262	73.3018
MGG_02240T0	4064	4065	2685	47.0652
MGG_03185T0	2489	2490	64218	1837.69
MGG_06992T0	2924	2925	1447.21	35.255
MGG_00678T0	1070	1071	57	3.79229
MGG_00788T0	1238	1239	2239	128.765
MGG_03466T0	618	619	8	0.920906
MGG_07142T0	1453	1454	471	23.0819
MGG_17299T0	468	469	0	0
MGG_03870T0	3006	3007	172	4.07578
MGG_16154T0	2367	2368	80.9533	2.43595
MGG_03121T0	3824	3825	895	16.6728
MGG_17202T0	156	157	8	3.63083
MGG_05893T0	787	788	27	2.44148
MGG_17290T0	207	208	43	14.7306
MGG_16042T0	867	868	31	2.54482
MGG_06401T0	2854	2855	2720.33	67.8939
MGG_09414T0	1053	1054	7072	478.099
MGG_15514T0	481	482	0	0
MGG_04561T0	1069	1070	20	1.33187
MGG_10098T0	1593	1594	8	0.357616
MGG_09677T0	1801	1802	2	0.0790844
MGG_13428T0	1817	1818	37	1.45019
MGG_13963T0	1955	1956	78	2.84146
MGG_05413T0	2251	2252	14	0.442971
MGG_06240T0	2260	2261	53	1.67029
MGG_03648T0	1800	1801	8.1003	0.320482
MGG_17660T0	420	421	0	0
MGG_04549T0	4933	4934	1950	28.1612
MGG_05197T0	2697	2698	3776	99.7254
MGG_05961T0	2047	2048	684	23.7981
MGG_17192T0	258	259	9	2.47605
MGG_06356T0	1903	1904	494	18.4874
MGG_08453T0	1901	1902	6	0.224779
MGG_07235T0	1122	1123	6663	422.772
MGG_05890T0	4271	4272	1183	19.7319
MGG_17563T0	513	514	0	0
MGG_00061T0	828	829	47	4.03979
MGG_12944T0	3243	3244	2572	56.4945
MGG_03624T0	706	707	36	3.62826
MGG_08596T0	1954	1955	138	5.02977
MGG_02342T0	2559	2560	1	0.027834
MGG_11634T0	3420	3421	1862	38.7831
MGG_03343T0	2929	2930	1607.46	39.0919
MGG_03711T0	2074	2075	121	4.15512
MGG_09018T0	1799	1800	663.963	26.2837
MGG_00073T0	2720	2721	1185	31.0317
MGG_12086T0	1140	1141	9.05694	0.565603
MGG_16263T0	335	336	3	0.636206
MGG_07348T0	489	490	1	0.145419
MGG_05641T0	1608	1609	14	0.619995
MGG_08982T0	1002	1003	184	13.0717
MGG_10679T0	816	817	147.043	12.8245
MGG_08143T0	2288	2289	1913	59.5504
MGG_10318T0	534	535	6	0.799122
MGG_05272T0	3393	3394	4771	100.164
MGG_16278T0	738	739	33	3.18189
MGG_13481T0	2919	2920	4041	98.6102
MGG_03381T0	613	614	3	0.348152
MGG_04197T0	2158	2159	6228	205.547
MGG_08989T0	1184	1185	17	1.02222
MGG_18005T0	276	277	7	1.80067
MGG_00010T0	1668	1669	0	0
MGG_09667T0	1180	1181	6	0.362007
MGG_13375T0	1866	1867	766	29.2348
MGG_02490T0	1277	1278	4966.5	276.908
MGG_02817T0	2202	2203	417	13.4877
MGG_02088T0	6450	6451	3220.65	35.5739
MGG_17310T0	573	574	4	0.496551
MGG_15577T0	1554	1555	5171	236.952
MGG_05924T0	1749	1750	233	9.48711
MGG_14557T0	294	295	2	0.483085
MGG_08685T0	567	568	12	1.50539
MGG_16690T0	636	637	45	5.03372
MGG_16526T0	806	807	44	3.88504
MGG_03527T0	2879	2880	1873.73	46.3587
MGG_06646T0	2132	2133	2499	83.4817
MGG_10297T0	2051	2052	33	1.14592
MGG_04071T0	159	160	11	4.89879
MGG_05265T0	4020	4021	344	6.09593
MGG_08053T0	1755	1756	1960	79.533
MGG_02268T0	1938	1939	233	8.56237
MGG_09484T0	3822	3823	817	15.2277
MGG_08765T0	4285	4286	18960	315.211
MGG_11236T0	2834	2835	5686.53	142.926
MGG_00137T0	4057	4058	506.788	8.89878
MGG_08692T0	2256	2257	5839.19	184.347
MGG_17320T0	156	157	3	1.36156
MGG_10259T0	681	682	0	0
MGG_03000T0	3634	3635	2122	41.5965
MGG_09130T0	1530	1531	3	0.139625
MGG_00148T0	1076	1077	8.00624	0.529699
MGG_17420T0	820	821	36	3.12446
MGG_16233T0	1032	1033	25	1.72447
MGG_15621T0	615	616	43.3004	5.00873
MGG_15601T0	4951	4952	17837	256.659
MGG_02723T0	1559	1560	341	15.5756
MGG_17082T0	442	443	4	0.643387
MGG_09840T0	1362	1363	1832	95.7735
MGG_02791T0	387	388	0	0
MGG_06585T0	1427	1428	24997	1247.31
MGG_06293T0	786	787	18100.9	1638.86
MGG_09965T0	3201	3202	3626.91	80.7108
MGG_03201T0	3063	3064	2613	60.7668
MGG_12307T0	1260	1261	478.709	27.0503
MGG_03532T0	3767	3768	372.4	7.0423
MGG_07458T0	3314	3315	267	5.7391
MGG_15525T0	1707	1708	42	1.75217
MGG_16788T0	243	244	0	0
MGG_01077T0	2129	2130	2539	84.9374
MGG_01444T0	1886	1887	34927	1318.88
MGG_04684T0	2214	2215	237	7.62413
MGG_05260T0	5721	5722	563	7.01094
MGG_03396T0	2986	2987	259	6.17846
MGG_07293T0	2307	2308	1167	36.0289
MGG_08154T0	675	676	902	95.0771
MGG_15652T0	482	483	9	1.32773
MGG_04343T0	1561	1562	975.134	44.4835
MGG_17338T0	564	565	0	0
MGG_09241T0	1211	1212	23	1.3522
MGG_02502T0	1851	1852	160	6.15595
MGG_07068T0	1427	1428	956	47.703
MGG_02953T0	1124	1125	3348	212.055
MGG_09439T0	750	751	0	0
MGG_00770T0	2081	2082	105	3.59356
MGG_12272T0	889	890	133.929	10.7226
MGG_15808T0	1040	1041	30	2.05346
MGG_00062T0	2916	2917	3931	96.0246
MGG_01310T0	1775	1776	1303.6	52.302
MGG_04539T0	306	307	407	94.4652
MGG_06689T0	2218	2219	8022	257.597
MGG_04489T0	1337	1338	21358	1137.42
MGG_15681T0	966	967	17	1.25267
MGG_04687T0	1629	1630	2424	105.965
MGG_02432T0	3667	3668	911	17.6972
MGG_08851T0	1344	1345	2253	119.359
MGG_03653T0	1088	1089	6364	416.407
MGG_16419T0	2917	2918	771	18.8272
MGG_03213T0	2245	2246	114	3.61669
MGG_14604T0	387	388	10	1.83647
MGG_17514T0	2359	2360	696	21.0142
MGG_08554T0	2287	2288	609	18.9661
MGG_01086T0	1507	1508	309.68	14.6328
MGG_00547T0	1041	1042	243	16.6171
MGG_04846T0	617	618	0	0
MGG_07155T0	4740	4741	1040	15.6307
MGG_07180T0	1250	1251	139	7.91723
MGG_00457T0	1676	1677	132	5.60863
MGG_06088T0	1218	1219	87	5.08547
MGG_15778T0	207	208	0	0
MGG_00512T0	363	364	0	0
MGG_01922T0	1387	1388	30	1.5401
MGG_15271T0	466	467	15	2.28871
MGG_15857T0	237	238	0	0
MGG_02318T0	744	745	0	0
MGG_03038T0	2611	2612	139	3.79191
MGG_10408T0	1503	1504	10	0.473771
MGG_04112T0	1888	1889	3290	124.102
MGG_17092T0	264	265	0	0
MGG_07294T0	1617	1618	107	4.71217
MGG_07043T0	1513	1514	63	2.96504
MGG_08173T0	2799	2800	45126	1148.38
MGG_07595T0	1810	1811	0	0
MGG_01033T0	1878	1879	221.788	8.41059
MGG_08619T0	1077	1078	19	1.25589
MGG_09572T0	795	796	465	41.6251
MGG_17254T0	219	220	1	0.323887
MGG_07844T0	1524	1525	0	0
MGG_15987T0	1362	1363	3.64408	0.190506
MGG_14697T0	366	367	0	0
MGG_12664T0	1075	1076	12	0.794666
MGG_05320T0	3020	3021	8361	197.207
MGG_15535T0	4148	4149	213	3.65807
MGG_00130T0	1973	1974	462	16.6767
MGG_12203T0	1553	1554	614	28.1536
MGG_15093T0	1818	1819	18	0.705108
MGG_04907T0	1215	1216	10	0.585979
MGG_05750T0	1460	1461	148	7.21817
MGG_16480T0	669	670	0	0
MGG_14714T0	2257	2258	1663	52.4788
MGG_03609T0	570	571	4458	556.314
MGG_09288T0	177	178	8	3.20248
MGG_08374T0	1583	1584	125	5.62303
MGG_10497T0	1094	1095	214	13.9257
MGG_04195T0	2879	2880	2395.19	59.2602
MGG_06304T0	1583	1584	504.591	22.6987
MGG_16899T0	345	346	2	0.411879
MGG_04404T0	1774	1775	19	0.762731
MGG_15241T0	1528	1529	433	20.1788
MGG_14179T0	672	673	100860	10678.7
MGG_07675T0	1164	1165	2216	135.538
MGG_10147T0	2672	2673	392.205	10.4552
MGG_11178T0	7302	7303	9560	93.2765
MGG_06275T0	2358	2359	1266	38.2403
MGG_15232T0	324	325	1	0.219246
MGG_05213T0	2789	2790	1089	27.8125
MGG_17651T0	378	379	0	0
MGG_02142T0	4086	4087	25359	442.123
MGG_04241T0	2045	2046	1739.45	60.5791
MGG_16589T0	252	253	0	0
MGG_15000T0	5603	5604	126.331	1.6063
MGG_02662T0	1210	1211	5	0.294199
MGG_01367T0	672	673	5397	571.417
MGG_09753T0	813	814	214	18.7329
MGG_17978T0	1292	1293	596	32.8446
MGG_05046T0	3776	3777	52	0.981007
MGG_05945T0	1362	1363	135	7.05755
MGG_03134T0	3245	3246	7362	161.608
MGG_08254T0	864	865	15	1.23564
MGG_17694T0	1404	1405	742	37.6308
MGG_07181T0	959	960	569	42.2335
MGG_10721T0	1047	1048	20	1.35983
MGG_08289T0	1878	1879	44.4164	1.68435
MGG_06993T0	1315	1316	2508	135.796
MGG_03754T0	2455	2456	261	7.5723
MGG_01924T0	2008	2009	20	0.709359
MGG_03542T0	4401	4402	2049	33.1671
MGG_04463T0	2384	2385	2430.34	72.6098
MGG_10452T0	1114	1115	5	0.31953
MGG_15401T0	318	319	9	2.01033
MGG_03383T0	1776	1777	18	0.721774
MGG_08932T0	4545	4546	2165.36	33.9404
MGG_14967T0	17850	17851	1531.61	6.11365
MGG_17201T0	309	310	0	0
MGG_00622T0	2666	2667	2028	54.1827
MGG_01830T0	996	997	3	0.214408
MGG_18135T0	1482	1483	877	42.138
MGG_17220T0	2190	2191	581.837	18.9223
MGG_13036T0	999	1000	2	0.14251
MGG_08601T0	3101	3102	1615	37.0977
MGG_07316T0	4074	4075	4186.96	73.2128
MGG_04741T0	1060	1061	1639	110.073
MGG_07326T0	1616	1617	471.924	20.7959
MGG_14287T0	357	358	0	0
MGG_08892T0	1518	1519	313	14.6826
MGG_11726T0	3060	3061	1439.41	33.5071
MGG_08194T0	387	388	0	0
MGG_05700T0	5795	5796	840	10.3268
MGG_07619T0	1212	1213	218	12.8059
MGG_07245T0	231	232	238	73.0979
MGG_16356T0	315	316	0	0
MGG_09094T0	684	685	0	0
MGG_17533T0	825	826	2998.96	258.706
MGG_03834T0	1593	1594	1	0.0447021
MGG_02609T0	615	616	43	4.97398
MGG_08070T0	877	878	603.742	48.9974
MGG_00024T0	1626	1627	0	0
MGG_00999T0	857	858	1711.36	142.125
MGG_15272T0	8736	8737	43.0709	0.351267
MGG_07292T0	1133	1134	29905.8	1879.14
MGG_05149T0	1753	1754	90	3.65619
MGG_06572T0	4153	4154	5932	101.754
MGG_15842T0	369	370	0	0
MGG_18044T0	150	151	1	0.471888
MGG_07568T0	1722	1723	16	0.661684
MGG_04475T0	3121	3122	9	0.205412
MGG_03043T0	1101	1102	11	0.711258
MGG_11797T0	165	166	2	0.858495
MGG_17257T0	231	232	25.0871	7.70512
MGG_00243T0	1989	1990	0	0
MGG_09918T0	1954	1955	5668	206.585
MGG_10246T0	1589	1590	0	0
MGG_00599T0	1571	1572	1125.54	51.0183
MGG_17961T0	1758	1759	1079	43.7091
MGG_12752T0	1765	1766	2650	106.923
MGG_11115T0	846	847	104	8.74915
MGG_09496T0	345	346	7.01373	1.44441
MGG_02128T0	1695	1696	26	1.09235
MGG_05760T0	618	619	221	25.44
MGG_11006T0	1092	1093	1	0.0651922
MGG_02404T0	1288	1289	82	4.53291
MGG_03641T0	1853	1854	23467	901.911
MGG_06582T0	1822	1823	2408	94.1208
MGG_11205T0	13727	13728	4330.65	22.4782
MGG_04333T0	1179	1180	234	14.1302
MGG_08022T0	3369	3370	6355.44	134.379
MGG_16035T0	994	995	64	4.58324
MGG_15115T0	569	570	0	0
MGG_08341T0	1824	1825	422.104	16.4806
MGG_14572T0	819	820	10	0.868964
MGG_02253T0	2972	2973	1386.65	33.2344
MGG_03444T0	1236	1237	32	1.8433
MGG_11165T0	3693	3694	871.675	16.8141
MGG_14569T0	1509	1510	1	0.0471888
MGG_06548T0	2554	2555	2095	58.4264
MGG_13610T0	2456	2457	1049	30.4219
MGG_08533T0	3540	3541	281	5.65453
MGG_17336T0	612	613	25	2.906
MGG_17977T0	1907	1908	627	23.4156
MGG_02548T0	1713	1714	15	0.623586
MGG_05054T0	1138	1139	4729	295.843
MGG_06624T0	1953	1954	28	1.02106
MGG_14571T0	1867	1868	28	1.06806
MGG_14307T0	2365	2366	5287.28	159.233
MGG_07728T0	3424	3425	328	6.82384
MGG_00497T0	3838	3839	473	8.77928
MGG_06979T0	3010	3011	5607	132.689
MGG_05063T0	1848	1849	465.607	17.9431
MGG_06717T0	972	973	735	53.8258
MGG_04603T0	3012	3013	9162	216.674
MGG_11952T0	360	361	10	1.97383
MGG_03422T0	1701	1702	0	0
MGG_06516T0	2735	2736	1342	34.9504
MGG_12887T0	618	619	194	22.332
MGG_08584T0	2714	2715	2620	68.7618
MGG_12410T0	1356	1357	9862	517.846
MGG_09838T0	3696	3697	1615	31.1271
MGG_04623T0	2836	2837	4465	112.145
MGG_06313T0	3106	3107	7163	164.274
MGG_08494T0	1772	1773	0	0
MGG_06273T0	1510	1511	3488	164.486
MGG_07784T0	1343	1344	12	0.636206
MGG_14781T0	738	739	156.896	15.1281
MGG_00072T0	1800	1801	19	0.751719
MGG_01183T0	2503	2504	629	17.8991
MGG_01758T0	1161	1162	450	27.5945
MGG_08039T0	1824	1825	4	0.156176
MGG_13221T0	315	316	3023	681.659
MGG_01179T0	1457	1458	1371	67.0032
MGG_06482T0	2245	2246	1852.58	58.7737
MGG_06482T1	2262	2263	5111.42	160.943
MGG_13230T0	1537	1538	644	29.8363
MGG_12817T0	2113	2114	129	4.34811
MGG_07496T0	1356	1357	570	29.9303
MGG_15961T0	792	793	54	4.85217
MGG_09401T0	1821	1822	0	0
MGG_04228T0	1009	1010	2302.62	162.449
MGG_08045T0	2523	2524	217	6.12613
MGG_04793T0	2498	2499	3802	108.408
MGG_15671T0	2204	2205	2210	71.4167
MGG_09893T0	895	896	608.591	48.3987
MGG_00739T0	4561	4562	2243	35.034
MGG_00307T0	1037	1038	954.486	65.5221
MGG_15805T0	309	310	0	0
MGG_06630T0	1396	1397	16	0.816093
MGG_09701T0	4600	4601	6239	96.6226
MGG_01472T0	2030	2031	3838	134.651
MGG_12779T0	3034	3035	571	13.4058
MGG_04444T0	1293	1294	4378	241.078
MGG_08414T0	378	379	0	0
MGG_17165T0	222	223	1	0.31953
MGG_16441T0	3955	3956	2167	39.0318
MGG_09025T0	3142	3143	628	14.2374
MGG_17140T0	171	172	0	0
MGG_03825T0	1617	1618	1	0.044039
MGG_04036T0	900	901	43	3.40063
MGG_06227T0	748	749	0	0
MGG_08638T0	3609	3610	596	11.764
MGG_16742T0	566	567	8	1.00536
MGG_03941T0	1104	1105	475	30.63
MGG_06118T0	3029	3030	5179	121.792
MGG_00059T0	1659	1660	36	1.54529
MGG_09481T0	2528	2529	1304	36.7405
MGG_10796T0	468	469	0	0
MGG_11794T0	2092	2093	541	18.4181
MGG_07481T0	3548	3549	547	10.9824
MGG_05507T0	2123	2124	2	0.0670952
MGG_16881T0	243	244	5	1.46015
MGG_01413T0	345	346	8	1.64752
MGG_08618T0	4045	4046	756	13.3141
MGG_00777T0	798	799	2114	188.527
MGG_05912T0	1741	1742	4461	182.474
MGG_10930T0	1061	1062	1327	89.0353
MGG_04600T0	3778	3779	1030.79	19.4361
MGG_04465T0	1038	1039	359	24.6204
MGG_05307T0	1975	1976	8288	298.867
MGG_05432T0	738	739	1	0.096421
MGG_12288T0	3837	3838	263	4.88277
MGG_00792T0	2356	2357	8330	251.826
MGG_02124T0	4456	4457	3825	61.1512
MGG_07653T0	1564	1565	9	0.409774
MGG_07869T0	390	391	0	0
MGG_17648T0	1137	1138	0	0
MGG_17361T0	339	340	0	0
MGG_17932T0	3847	3848	1139.67	21.1038
MGG_03683T1	1853	1854	4933.89	189.625
MGG_03683T0	1881	1882	180.111	6.81924
MGG_05006T0	1486	1487	269	12.8901
MGG_00744T0	4110	4111	406	7.03711
MGG_13292T0	2362	2363	68	2.05051
MGG_09265T0	2218	2219	602	19.331
MGG_16937T0	366	367	0	0
MGG_10972T0	930	931	22	1.68379
MGG_10650T0	291	292	17	4.14841
MGG_09377T0	588	589	4090	494.793
MGG_17991T0	150	151	29	13.6848
MGG_09922T0	2526	2527	3443	97.084
MGG_00370T0	1664	1665	229.189	9.80834
MGG_02513T0	1111	1112	201.175	12.8909
MGG_15532T0	3039	3040	2404	56.3478
MGG_15360T0	560	561	1	0.127014
MGG_14724T0	1431	1432	0	0
MGG_02726T0	2127	2128	273	9.14128
MGG_00342T0	1161	1162	324	19.868
MGG_06056T0	1457	1458	467.497	22.8474
MGG_07707T0	3483	3484	1114.99	22.8038
MGG_05724T0	2750	2751	373	9.66127
MGG_00960T0	5580	5581	3322	42.4134
MGG_05032T0	3908	3909	659	12.0126
MGG_17701T0	1360	1361	140	7.32969
MGG_06836T0	2051	2052	259	8.9937
MGG_05632T0	992	993	4339	311.355
MGG_09194T0	1276	1277	5194	289.819
MGG_05165T0	2076	2077	620	21.2702
MGG_03012T0	2780	2781	8929	228.78
MGG_01359T0	2480	2481	537.304	15.4315
MGG_06437T0	2523	2524	2482	70.0694
MGG_15711T0	767	768	5	0.4639
MGG_01388T0	1246	1247	148	8.4569
MGG_04586T0	1015	1016	216.412	15.1776
MGG_04850T0	2285	2286	382	11.907
MGG_06089T0	1346	1347	529	27.9836
MGG_06670T0	1443	1444	872	43.0294
MGG_07050T0	294	295	9	2.17388
MGG_03028T0	1552	1553	206	9.45174
MGG_17032T0	387	388	0	0
MGG_12403T0	5222	5223	1938	26.4393
MGG_06044T0	808	809	7650	673.797
MGG_02807T0	558	559	29.4162	3.74964
MGG_17195T0	3906	3907	2064	37.6428
MGG_01951T0	1749	1750	0	0
MGG_05731T0	2237	2238	1434	45.6567
MGG_08519T0	1066	1067	30	2.00342
MGG_10733T0	795	796	2	0.179033
MGG_07020T0	2375	2376	67	2.0093
MGG_13328T0	6535	6536	1983	21.6185
MGG_08831T0	1202	1203	4585	271.575
MGG_17188T0	204	205	15	5.21379
MGG_10490T0	1185	1186	1232	74.0188
MGG_07611T0	2828	2829	4759	119.867
MGG_09592T0	804	805	9	0.796641
MGG_15977T0	1422	1423	123.866	6.20246
MGG_06577T0	2805	2806	2817	71.5344
MGG_09756T0	1032	1033	680	46.9056
MGG_06571T0	849	850	6708	562.328
MGG_05617T0	1084	1085	207.963	13.6575
MGG_06547T0	3983	3984	1805	32.283
MGG_09557T0	2253	2254	1260	39.832
MGG_03250T0	1479	1480	1718.46	82.7358
MGG_08950T0	1395	1396	1	0.0510423
MGG_08709T0	2727	2728	63.7993	1.66643
MGG_10548T0	1276	1277	36	2.00876
MGG_14931T0	2822	2823	50321	1270.15
MGG_00708T0	1120	1121	477.239	30.3352
MGG_02070T0	3962	3963	69.253	1.24517
MGG_16995T0	255	256	0	0
MGG_04438T0	1364	1365	22279	1163
MGG_05078T0	4211	4212	469	7.93415
MGG_03492T0	2039	2040	341	11.9108
MGG_07746T0	1095	1096	23	1.49532
MGG_18087T0	435	436	0	0
MGG_15566T0	3119	3120	625	14.2739
MGG_18049T0	417	418	9	1.5342
MGG_13178T0	4504	4505	538.043	8.51017
MGG_17067T0	153	154	30	13.8809
MGG_01096T0	3542	3543	6156	123.806
MGG_10292T0	456	457	189	29.4687
MGG_07575T0	912	913	0	0
MGG_16210T0	153	154	0	0
MGG_15782T0	225	226	0	0
MGG_03136T0	2369	2370	8846	265.959
MGG_04728T0	423	424	58	9.74716
MGG_08920T0	5107	5108	7415	103.437
MGG_08661T0	1735	1736	901	36.982
MGG_04852T0	4577	4578	7032	109.451
MGG_15215T0	954	955	53	3.95447
MGG_10814T0	1276	1277	0	0
MGG_04704T0	1295	1296	1030	56.6302
MGG_06850T0	3627	3628	9004	176.841
MGG_07871T0	726	727	9	0.882112
MGG_12405T0	2339	2340	7442	226.616
MGG_06207T0	1521	1522	1	0.0468167
MGG_17031T0	150	151	0	0
MGG_03364T0	725	726	17	1.66851
MGG_12068T0	1419	1420	0	0
MGG_00581T0	512	513	97	13.4732
MGG_13765T0	1870	1871	106	4.0369
MGG_14743T0	1410	1411	177	8.93845
MGG_11936T0	3182	3183	406	9.08877
MGG_02574T0	3660	3661	294	5.72221
MGG_02254T0	1367	1368	173.35	9.02929
MGG_09722T0	618	619	17	1.95692
MGG_06475T0	3117	3118	3193	72.969
MGG_07699T0	318	319	0	0
MGG_11547T0	2792	2793	479	12.2203
MGG_09858T0	840	841	29	2.45707
MGG_00866T0	2379	2380	812	24.3106
MGG_03394T0	1432	1433	977	48.5808
MGG_03675T0	1770	1771	830	33.3945
MGG_17973T0	162	163	5	2.18574
MGG_00918T0	2581	2582	682	18.8211
MGG_02030T0	1767	1768	0	0
MGG_00785T0	1853	1854	5998	230.522
MGG_07074T0	2553	2554	807	22.5148
MGG_01921T0	1419	1420	1	0.0501796
MGG_06546T0	1876	1877	0	0
MGG_03348T0	3073	3074	48	1.11264
MGG_12738T0	4688	4689	1243	18.8889
MGG_11146T0	1251	1252	1401	79.7351
MGG_08369T0	2138	2139	1428	47.57
MGG_08881T1	3005	3006	176.201	4.17673
MGG_08881T0	2988	2989	43.7986	1.04412
MGG_09764T0	1458	1459	3034	148.175
MGG_10627T0	2913	2914	432	10.5636
MGG_14797T0	2817	2818	3117.69	78.833
MGG_02501T0	2961	2962	306	7.36126
MGG_14602T0	1467	1468	503	24.4151
MGG_03091T0	721	722	6985	689.358
MGG_16973T0	319	320	0	0
MGG_17466T0	261	262	0	0
MGG_05730T0	1749	1750	832	33.8767
MGG_07725T0	1499	1500	8	0.380027
MGG_08807T0	4159	4160	1637	28.0396
MGG_17899T0	234	235	0	0
MGG_15079T0	3558	3559	670	13.4141
MGG_00944T0	1842	1843	3036	117.38
MGG_16668T0	782	783	684	62.2458
MGG_06824T0	712	713	405	40.4745
MGG_02383T0	1210	1211	31	1.82404
MGG_14292T0	2174	2175	231	7.56778
MGG_02201T0	1290	1291	0	0
MGG_03459T0	5739	5740	2157	26.7765
MGG_15816T0	180	181	52	20.4711
MGG_15561T0	168	169	0	0
MGG_16989T0	489	490	106	15.4144
MGG_15494T0	1426	1427	46.5665	2.32523
MGG_03312T0	826	827	5.03659	0.433957
MGG_03887T0	1796	1797	3307	131.13
MGG_02991T0	1924	1925	126	4.66397
MGG_03235T0	3190	3191	1703.19	38.0322
MGG_18096T0	471	472	0	0
MGG_03183T0	2171	2172	323	10.5964
MGG_04769T0	2075	2076	268.002	9.19871
MGG_01532T0	844	845	72	6.07144
MGG_16353T0	225	226	0	0
MGG_02742T0	885	886	6554	527.095
MGG_10995T0	669	670	11.4721	1.22006
MGG_13086T0	1680	1681	0	0
MGG_12637T0	914	915	67	5.21759
MGG_00892T0	435	436	13644	2229.83
MGG_11745T0	2168	2169	845	27.7596
MGG_04943T0	2419	2420	1623	47.788
MGG_17971T0	156	157	13	5.9001
MGG_05096T0	1489	1490	495	23.672
MGG_05473T0	476	477	7	1.04567
MGG_00492T0	5778	5779	188	2.31804
MGG_07476T0	3946	3947	6055.33	109.317
MGG_13474T0	952	953	13372	999.814
MGG_09578T0	366	367	0	0
MGG_06876T0	1282	1283	5043.23	280.09
MGG_14894T0	1092	1093	0	0
MGG_00575T0	2123	2124	68	2.28124
MGG_10821T0	2179	2180	3268	106.817
MGG_03247T0	1443	1444	3730.34	184.076
MGG_08640T0	1397	1398	308.527	15.7254
MGG_16455T0	2488	2489	1053	30.1453
MGG_02412T0	1273	1274	1514	84.6783
MGG_16697T0	354	355	0	0
MGG_03122T0	2211	2212	11825	380.918
MGG_01885T0	2572	2573	241	6.67411
MGG_02602T0	1882	1883	20842	788.687
MGG_04659T0	3096	3097	4590	105.606
MGG_06623T0	2226	2227	117	3.74353
MGG_15366T0	393	394	3	0.542551
MGG_12445T0	456	457	0	0
MGG_16777T0	171	172	0	0
MGG_16097T0	1713	1714	13.2794	0.552054
MGG_08617T0	1883	1884	0	0
MGG_04251T0	2367	2368	772	23.2301
MGG_15579T0	968	969	27	1.98544
MGG_06919T0	771	772	7843	723.904
MGG_04528T0	5675	5676	2743	34.4349
MGG_02570T0	1436	1437	73	3.61978
MGG_04715T0	267	268	305	81.0925
MGG_15922T0	366	367	1.00069	0.19429
MGG_06883T0	1843	1844	1767.72	68.3074
MGG_07485T0	1993	1994	44	1.57233
MGG_03274T0	2973	2974	373	8.93683
MGG_10440T0	767	768	124	11.5047
MGG_17216T0	540	541	0	0
MGG_06705T0	920	921	690	53.3833
MGG_07543T0	1870	1871	361	13.7483
MGG_15483T0	483	484	0	0
MGG_02220T0	333	334	0	0
MGG_12537T0	1646	1647	229	9.90736
MGG_10830T0	1254	1255	419.477	23.8166
MGG_17529T0	285	286	0	0
MGG_16804T0	727	728	433	42.3811
MGG_02091T0	750	751	71	6.7365
MGG_02793T0	2975	2976	14	0.335205
MGG_07393T0	3680	3681	1974	38.2118
MGG_16090T0	429	430	0	0
MGG_00416T0	1479	1480	10	0.481453
MGG_03095T0	2390	2391	116	3.45696
MGG_16650T0	342	343	16	3.32385
MGG_01509T0	366	367	373	72.42
MGG_00520T0	1008	1009	1464.51	103.423
MGG_13239T0	4493	4494	2469	39.1475
MGG_12110T0	1540	1541	1040	48.0891
MGG_04638T0	1466	1467	718.916	34.9192
MGG_06743T0	2312	2313	2409	74.2125
MGG_14773T0	3304	3305	8227	177.372
MGG_02496T0	1161	1162	1646	100.934
MGG_03805T0	351	352	0	0
MGG_07338T1	4522	4523	2552.13	40.2062
MGG_07338T0	4002	4003	1476.87	26.2888
MGG_06877T0	2256	2257	801	25.2881
MGG_14913T0	1230	1231	1181	68.3609
MGG_01116T0	1215	1216	1125.67	65.9619
MGG_16812T0	2595	2596	6	0.164688
MGG_10424T0	429	430	113	18.7252
MGG_09178T0	1572	1573	81	3.66921
MGG_00701T0	1128	1129	15	0.946702
MGG_00168T0	2312	2313	15214	468.688
MGG_07872T0	477	478	27	4.02487
MGG_10083T0	1549	1550	7	0.321797
MGG_08352T0	999	1000	10	0.712551
MGG_09642T0	2045	2046	31	1.07962
MGG_02212T0	498	499	0	0
MGG_06662T0	5427	5428	246	3.22932
MGG_17810T0	7805	7806	188	1.71611
MGG_01101T0	2559	2560	6434	179.084
MGG_01726T0	6571	6572	1834	19.8846
MGG_07950T0	699	700	0	0
MGG_08269T0	1852	1853	2387.11	91.7937
MGG_02669T0	1007	1008	3825.99	270.458
MGG_01706T0	620	621	5561	638.083
MGG_03256T0	2504	2505	1523	43.322
MGG_04263T0	510	511	3	0.418327
MGG_09798T0	2441	2442	458	13.364
MGG_08784T0	3213	3214	402.884	8.93203
MGG_15380T0	1284	1285	28	1.55264
MGG_01001T0	2926	2927	215	5.23397
MGG_02822T0	864	865	2598.98	214.093
MGG_05596T0	3047	3048	307	7.17694
MGG_16456T0	2042	2043	532.047	18.5566
MGG_06278T0	1507	1508	162	7.65472
MGG_02809T0	4761	4762	3132	46.865
MGG_02876T0	1788	1789	80262	3196.8
MGG_08020T0	1335	1336	219	11.6803
MGG_06202T0	3818	3819	378	7.05274
MGG_15318T0	1392	1393	0	0
MGG_05878T0	1857	1858	0	0
MGG_03143T0	2601	2602	152	4.16248
MGG_01443T0	2077	2078	508	17.4194
MGG_07771T0	2725	2726	1572	41.0906
MGG_01267T0	829	830	2641	226.729
MGG_09719T0	3434	3435	709	14.7074
MGG_17291T0	387	388	2	0.367294
MGG_03792T0	831	832	17	1.45593
MGG_00768T0	2118	2119	279	9.38186
MGG_17085T0	288	289	6	1.47934
MGG_04435T0	2282	2283	1096.1	34.2106
MGG_06787T0	3148	3149	387	8.75698
MGG_02541T0	2208	2209	1931	62.2877
MGG_12839T0	5497	5498	6402	82.9711
MGG_16975T0	402	403	0	0
MGG_16231T0	1774	1775	39	1.5656
MGG_14588T0	1830	1831	0	0
MGG_05642T0	3273	3274	1542	33.56
MGG_03429T0	969	970	0	0
MGG_17439T0	1098	1099	465.298	30.1682
MGG_13880T0	1197	1198	5	0.297392
MGG_02826T0	1847	1848	111	4.27993
MGG_16871T0	384	385	2144	396.808
MGG_13283T0	867	868	0	0
MGG_01772T0	1040	1041	812.701	55.6283
MGG_17972T0	553	554	15	1.92929
MGG_05759T0	1723	1724	196	8.10093
MGG_17364T0	219	220	6	1.94332
MGG_09515T0	2845	2846	1821	45.5922
MGG_07544T0	525	526	0	0
MGG_08775T0	1557	1558	769	35.1702
MGG_12385T0	2659	2660	932	24.9661
MGG_12077T0	2511	2512	492	13.956
MGG_16505T0	420	421	68	11.5091
MGG_15773T0	2433	2434	12698	371.733
MGG_17509T0	1080	1081	0	0
MGG_00375T0	1275	1276	62	3.46224
MGG_03283T0	3400	3401	3576.46	74.9312
MGG_06651T0	2418	2419	1656	48.7798
MGG_14875T0	887	888	54	4.33308
MGG_07776T0	459	460	5	0.774512
MGG_04751T0	2197	2198	65	2.10718
MGG_05447T0	847	848	1186.11	99.6659
MGG_13814T0	693	694	32	3.28554
MGG_16940T0	366	367	0	0
MGG_03611T0	1974	1975	64.0365	2.31034
MGG_10330T0	3536	3537	157	3.16286
MGG_03163T0	1016	1017	352	24.6625
MGG_16723T0	243	244	0	0
MGG_12305T0	915	916	858.251	66.7628
MGG_08551T0	3203	3204	69.4314	1.54411
MGG_10651T0	1133	1134	3201.27	201.152
MGG_00984T0	3505	3506	12497.9	254.004
MGG_10728T0	2212	2213	10	0.321984
MGG_06643T0	3113	3114	10753	246.052
MGG_18124T0	360	361	0	0
MGG_15586T0	195	196	0	0
MGG_10052T0	887	888	520	41.726
MGG_06706T0	3153	3154	2819	63.6868
MGG_01432T0	2118	2119	1177.89	39.6086
MGG_16340T0	783	784	77	6.99827
MGG_15066T0	336	337	14	2.96015
MGG_00384T0	4132	4133	2737	47.1873
MGG_02479T0	878	879	2936	238.003
MGG_15278T0	1323	1324	0	0
MGG_04473T0	2193	2194	484	15.719
MGG_17939T0	180	181	179	70.4677
MGG_17180T0	816	817	122	10.6403
MGG_00845T0	4639	4640	1037	15.9249
MGG_07159T0	651	652	24	2.62289
MGG_03552T0	2628	2629	649	17.5902
MGG_08839T0	3188	3189	719	16.0654
MGG_10804T0	501	502	0	0
MGG_14299T0	1429	1430	13	0.647774
MGG_13924T0	2250	2251	45	1.42447
MGG_07383T0	1311	1312	1080	58.6551
MGG_18003T0	739	740	8242	793.628
MGG_16580T0	252	253	0	0
MGG_06161T0	1099	1100	77	4.98786
MGG_02478T0	3509	3510	1734	35.2012
MGG_17353T0	231	232	1	0.307134
MGG_02767T0	5837	5838	8709	106.297
MGG_05401T0	3712	3713	563	10.8044
MGG_09291T0	3174	3175	5415	121.526
MGG_16862T0	1419	1420	2653	133.127
MGG_10846T0	944	945	14	1.05563
MGG_04897T0	2878	2879	1156	28.6109
MGG_05160T0	4165	4166	5794	99.1003
MGG_07331T0	2459	2460	2946	85.3323
MGG_14810T0	309	310	36	8.27478
MGG_06859T0	1027	1028	464.986	32.2302
MGG_17675T0	168	169	0	0
MGG_11211T0	4315	4316	2357	38.9129
MGG_10439T0	2857	2858	19	0.473704
MGG_17817T0	1773	1774	557.005	22.3728
MGG_16331T0	1844	1845	16.3607	0.63186
MGG_13902T0	2409	2410	6	0.177399
MGG_18019T0	312	313	0	0
MGG_06578T0	1200	1201	1131	67.102
MGG_16391T0	680	681	2	0.209266
MGG_08187T0	1410	1411	192	9.69594
MGG_04588T0	2791	2792	1865	47.597
MGG_17547T0	507	508	0	0
MGG_05518T0	523	524	6	0.815898
MGG_01746T0	1764	1765	4175	168.55
MGG_12388T0	2587	2588	7143	196.667
MGG_09511T0	1697	1698	7796.61	327.178
MGG_04667T0	3012	3013	12488	295.331
MGG_15863T0	183	184	4	1.54902
MGG_01103T0	2371	2372	2492	74.8599
MGG_09200T0	2640	2641	5412	146.018
MGG_05127T0	597	598	0	0
MGG_05137T0	2024	2025	828	29.1354
MGG_17399T0	2220	2221	957	30.7029
MGG_01843T0	603	604	502	59.2219
MGG_09668T0	2018	2019	6	0.211754
MGG_06642T0	2869	2870	1933	47.9917
MGG_01147T0	2482	2483	87	2.49665
MGG_00490T0	1940	1941	2750	100.954
MGG_00981T0	1296	1297	2784	152.948
MGG_00841T0	3144	3145	1467	33.2373
MGG_05169T0	3361	3362	388	8.22337
MGG_17846T0	4302	4303	146.596	2.42754
MGG_17548T0	399	400	0	0
MGG_14303T0	1641	1642	451	19.5713
MGG_00225T0	537	538	0	0
MGG_05598T0	5224	5225	5425	73.9826
MGG_05411T0	2283	2284	0	0
MGG_13815T0	1037	1038	90508	6213.06
MGG_17247T0	3737	3738	2759	52.593
MGG_07547T0	2377	2378	5	0.149821
MGG_13485T0	2699	2700	339	8.94647
MGG_01151T0	1262	1263	473	26.6854
MGG_03819T0	1488	1489	0	0
MGG_03837T0	4346	4347	3818	62.5838
MGG_12613T0	7425	7426	205	1.96705
MGG_10048T0	3073	3074	2	0.0463598
MGG_07855T0	1713	1714	1	0.0415724
MGG_17061T0	1370	1371	231.656	12.0399
MGG_00775T0	2953	2954	5831	140.653
MGG_01754T0	1999	2000	964	34.345
MGG_17384T0	1291	1292	138	7.61084
MGG_04227T0	3861	3862	1491	27.5094
MGG_07809T0	1347	1348	0	0
MGG_05088T0	2742	2743	2594	67.3845
MGG_08627T0	1887	1888	8591.74	324.261
MGG_06395T0	4668	4669	3320	50.6676
MGG_12670T0	1883	1884	1108.37	41.92
MGG_03731T0	1563	1564	450.432	20.5215
MGG_01330T0	2398	2399	14	0.415828
MGG_17191T0	465	466	12	1.83489
MGG_02080T0	1071	1072	0	0
MGG_16423T0	868	869	97	7.95367
MGG_16202T0	3026	3027	402	9.46301
MGG_00464T0	2039	2040	256	8.94181
MGG_00795T0	4312	4313	29	0.479109
MGG_03629T0	4695	4696	39999	606.928
MGG_04092T0	1434	1435	366	18.1738
MGG_07118T0	2563	2564	7	0.194534
MGG_03863T0	761	762	520	48.6255
MGG_01066T0	934	935	5782	440.638
MGG_04500T0	1376	1377	4667	241.501
MGG_08842T0	1842	1843	4016.49	155.288
MGG_01694T0	1766	1767	247.477	9.97964
MGG_06083T0	1169	1170	1930	117.54
MGG_00619T0	648	649	119	13.0653
MGG_15667T0	1504	1505	69.0263	3.26809
MGG_03724T0	4334	4335	13554	222.789
MGG_17681T0	225	226	103	32.4747
MGG_12100T0	1919	1920	476	17.6653
MGG_09869T0	3538	3539	3450	69.4631
MGG_16654T0	395	396	3	0.539811
MGG_03553T0	942	943	396	29.9226
MGG_02730T0	2013	2014	459	16.2394
MGG_01365T0	1713	1714	7	0.291007
MGG_09618T0	1443	1444	15686	774.036
MGG_16659T0	231	232	0	0
MGG_12849T0	3193	3194	697	15.5494
MGG_09420T0	903	904	1	0.078822
MGG_00320T0	3945	3946	380	6.86187
MGG_03251T0	1038	1039	4699	322.26
MGG_11680T0	2657	2658	157	4.20882
MGG_17116T0	210	211	0	0
MGG_05215T0	1886	1887	2	0.0755221
MGG_06962T0	1388	1389	11232	576.197
MGG_17315T0	189	190	0	0
MGG_07501T0	3850	3851	1144	21.1674
MGG_15024T0	1489	1490	638	30.5106
MGG_00652T0	2493	2494	4554	130.111
MGG_03181T0	2324	2325	1523	46.6759
MGG_04208T0	891	892	4	0.31953
MGG_17407T0	330	331	2.08707	0.449288
MGG_09184T0	2711	2712	2327	61.1396
MGG_17435T0	400	401	15	2.6654
MGG_01876T0	1152	1153	24	1.48319
MGG_01257T0	1520	1521	49.7203	2.32927
MGG_17592T0	351	352	0	0
MGG_10026T0	1011	1012	0	0
MGG_03066T0	2240	2241	427	13.5769
MGG_06164T0	4818	4819	105	1.55256
MGG_08555T0	3020	3021	1768	41.7011
MGG_17981T0	180	181	3	1.18102
MGG_02729T0	4556	4557	179	2.79892
MGG_07162T0	2292	2293	1952	60.6585
MGG_15131T0	1347	1348	24	1.26864
MGG_14136T0	1662	1663	313	13.4112
MGG_14652T0	896	897	294	23.3545
MGG_09032T0	1844	1845	330	12.7448
MGG_07412T0	900	901	10769	851.66
MGG_01087T0	2980	2981	434.32	10.3816
MGG_09822T0	714	715	4	0.39863
MGG_13350T0	2573	2574	346.607	9.595
MGG_03431T0	1299	1300	4	0.219246
MGG_01229T0	810	811	447	39.2738
MGG_00101T0	1554	1555	210.179	9.63107
MGG_02473T0	2079	2080	1431	49.0221
MGG_02259T0	3691	3692	30	0.578996
MGG_02542T0	2656	2657	221	5.92675
MGG_10549T0	333	334	2	0.426677
MGG_01186T0	1821	1822	6	0.234649
MGG_14965T0	627	628	0.666667	0.0756423
MGG_01639T0	3252	3253	2834	62.0771
MGG_05323T0	2610	2611	1845.56	50.3661
MGG_09878T0	1852	1853	12575	483.558
MGG_00193T0	3485	3486	686.761	14.0376
MGG_05317T0	1272	1273	375	20.9903
MGG_16467T0	1172	1173	33	2.00462
MGG_11683T0	1104	1105	37	2.38592
MGG_04436T0	1285	1286	4427.9	245.342
MGG_13743T0	1171	1172	1708	103.843
MGG_02853T0	1522	1523	16940	792.555
MGG_11715T0	4417	4418	4266	68.8036
MGG_01128T0	6009	6010	681	8.074
MGG_03652T0	2854	2855	566.871	14.148
MGG_17841T0	3915	3916	15128	275.267
MGG_05141T0	825	826	72	6.2111
MGG_01025T0	1415	1416	322	16.2035
MGG_02898T0	1344	1345	323	17.1118
MGG_03800T0	675	676	0	0
MGG_08858T0	2128	2129	3424	114.597
MGG_03149T0	1673	1674	6882	292.938
MGG_08368T0	1761	1762	1601	64.7443
MGG_16489T0	627	628	0.666667	0.0756423
MGG_12267T0	1348	1349	1976	104.374
MGG_14629T0	267	268	54	14.3574
MGG_12423T0	1308	1309	1078	58.6807
MGG_06325T0	3373	3374	2292.46	48.4142
MGG_14922T0	264	265	2	0.537774
MGG_17784T0	333	334	68	14.507
MGG_03760T0	858	859	3	0.248854
MGG_15828T0	1177	1178	162.536	9.83154
MGG_03565T0	2303	2304	7530.74	232.901
MGG_02421T0	1773	1774	386	15.5042
MGG_09543T0	2223	2224	89	2.85149
MGG_17883T0	183	184	1	0.387256
MGG_15179T0	1119	1120	0	0
MGG_08331T0	711	712	0	0
MGG_01358T0	920	921	53.6959	4.1543
MGG_05315T0	6151	6152	5810.86	67.3039
MGG_11575T0	967	968	280	20.611
MGG_17064T0	249	250	71	20.2364
MGG_12154T0	5580	5581	1570	20.0449
MGG_04552T0	3410	3411	320	6.68473
MGG_03239T0	1485	1486	1651	79.167
MGG_04991T0	2290	2291	1241	38.5978
MGG_14071T0	1373	1374	570.384	29.5799
MGG_08900T0	1611	1612	192	8.48696
MGG_13442T0	1707	1708	59	2.46139
MGG_16424T0	2281	2282	1756	54.8308
MGG_06682T0	2037	2038	46	1.60831
MGG_09559T0	3473	3474	2567	52.6516
MGG_04981T0	1176	1177	208.749	12.6376
MGG_05336T0	2419	2420	3817	112.389
MGG_05943T0	438	439	0	0
MGG_00157T0	2492	2493	5594	159.888
MGG_01366T0	270	271	154	40.4918
MGG_03970T0	1716	1717	2635	109.352
MGG_18063T0	1711	1712	11.2508	0.46827
MGG_12015T0	423	424	9992	1679.2
MGG_08007T0	1596	1597	105	4.6849
MGG_08447T0	780	781	18	1.64224
MGG_15233T0	1413	1414	43.1394	2.17391
MGG_15592T0	210	211	16	5.40323
MGG_00873T0	186	187	0	0
MGG_02961T0	7269	7270	7178	70.3534
MGG_05316T0	2254	2255	36	1.13755
MGG_09313T0	2517	2518	456	12.904
MGG_00220T0	1571	1572	200	9.06553
MGG_05879T0	1472	1473	1	0.0483741
MGG_01329T0	2739	2740	1258	32.7149
MGG_14892T0	1344	1345	67	3.54951
MGG_00528T0	3218	3219	4130	91.4208
MGG_14003T0	5757	5758	4908	60.7364
MGG_08089T0	2196	2197	662	21.4706
MGG_13486T0	2634	2635	2127	57.5179
MGG_00772T0	3954	3955	1225	22.0702
MGG_01855T0	876	877	446	36.2369
MGG_12176T0	423	424	3	0.504163
MGG_17181T0	444	445	14	2.24173
MGG_00272T0	1281	1282	830	46.1324
MGG_06140T0	3407	3408	2777	58.062
MGG_16194T0	887	888	9	0.72218
MGG_15901T0	2868	2869	556	13.8089
MGG_15738T0	228	229	140	43.5621
MGG_05948T0	1706	1707	3467	144.723
MGG_00110T0	1685	1686	157	6.63526
MGG_16069T0	1498	1499	31.4595	1.49543
MGG_02330T0	1839	1840	10	0.387256
MGG_01812T0	2795	2796	11	0.280331
MGG_01747T0	2607	2608	78.3675	2.14114
MGG_04247T0	705	706	0	0
MGG_10193T0	1821	1822	4313	168.674
MGG_02926T0	738	739	1381	133.157
MGG_15985T0	345	346	4	0.823758
MGG_13817T0	3738	3739	1786.54	34.0466
MGG_01042T0	1689	1690	558.455	23.546
MGG_02859T0	2681	2682	2855	75.8513
MGG_03913T0	576	577	99	12.2257
MGG_08863T0	3381	3382	235	4.9512
MGG_03351T0	3207	3208	54	1.19943
MGG_13255T0	1008	1009	41	2.8954
MGG_09971T0	2546	2547	4424	123.766
MGG_15749T0	4032	4033	13764	243.182
MGG_02812T0	1206	1207	753	44.4533
MGG_16557T0	1188	1189	0	0
MGG_16081T0	855	856	10	0.832419
MGG_16279T0	495	496	0	0
MGG_15736T0	937	938	2112	160.438
MGG_15707T0	546	547	0	0
MGG_17928T0	1263	1264	46067.7	2596.96
MGG_08641T0	1482	1483	837.714	40.2504
MGG_05091T0	1814	1815	321	12.6021
MGG_09234T0	1218	1219	11	0.642991
MGG_03220T0	3779	3780	874.808	16.4906
MGG_08415T0	2981	2982	0	0
MGG_17456T0	616	617	98	11.3177
MGG_15570T0	324	325	3	0.657739
MGG_07160T0	2137	2138	2572	85.7194
MGG_05651T0	1354	1355	1318	69.3094
MGG_01973T0	3486	3487	611.67	12.4992
MGG_03946T0	1042	1043	2	0.136635
MGG_03175T0	1662	1663	622	26.651
MGG_15786T0	174	175	0	0
MGG_07559T0	1728	1729	137	5.64601
MGG_07208T0	1458	1459	156	7.61878
MGG_08010T0	2519	2520	1243	35.1469
MGG_00827T0	941	942	0	0
MGG_08201T0	826	827	1197.27	103.158
MGG_15950T0	2636	2637	971	26.2377
MGG_11104T0	755	756	11	1.03678
MGG_14559T0	360	361	48	9.47436
MGG_07999T0	3886	3887	1750	32.0804
MGG_09122T0	1533	1534	0	0
MGG_15251T0	1046	1047	196	13.3391
MGG_02341T0	258	259	0	0
MGG_11709T0	3750	3751	3314.9	62.9708
MGG_07250T0	5399	5400	22	0.290298
MGG_16096T0	1982	1983	804	28.8901
MGG_11651T0	1689	1690	188	7.9266
MGG_13542T0	3561	3562	524.095	10.4841
MGG_01409T0	3730	3731	1562	29.8313
MGG_02544T0	1601	1602	38	1.6902
MGG_17454T0	279	280	10	2.54482
MGG_16411T0	636	637	0	0
MGG_07176T0	1576	1577	20635	932.371
MGG_16595T0	2541	2542	693	19.4256
MGG_03865T0	222	223	2416	771.983
MGG_17485T0	246	247	0	0
MGG_03108T0	402	403	3	0.530435
MGG_03352T0	1623	1624	118	5.1774
MGG_09086T0	384	385	0	0
MGG_16996T0	984	985	6.05466	0.437995
MGG_07916T0	1869	1870	1517	57.8043
MGG_06371T0	1595	1596	14010	625.491
MGG_08676T0	1109	1110	398	25.5491
MGG_00105T0	6562	6563	2626.37	28.5147
MGG_15136T0	1602	1603	1951	86.7241
MGG_04331T0	1423	1424	3369	168.58
MGG_10428T0	2247	2248	1108	35.1204
MGG_11360T0	2002	2003	364	12.949
MGG_17467T0	186	187	0	0
MGG_05299T0	2893	2894	5028.49	123.81
MGG_17423T0	462	463	1	0.153899
MGG_14338T0	718	719	43	4.26143
MGG_03853T0	1372	1373	239.737	12.4417
MGG_16616T0	414	415	0	0
MGG_06925T0	4611	4612	2126	32.8466
MGG_17937T0	744	745	27	2.5824
MGG_05764T0	507	508	55	7.71463
MGG_16403T0	1560	1561	0	0
MGG_16350T0	282	283	0	0
MGG_16195T0	3120	3121	805	18.3788
MGG_06192T0	1036	1037	10020	688.501
MGG_06907T0	915	916	3127.76	243.307
MGG_09762T0	2334	2335	13	0.396709
MGG_03275T0	7701	7702	8768	81.1172
MGG_02653T0	3623	3624	1118	21.9821
MGG_08739T0	540	541	0	0
MGG_01637T0	1404	1405	309	15.671
MGG_12049T0	429	430	2098	347.659
MGG_15610T0	207	208	1	0.342573
MGG_07490T0	636	637	212	23.7144
MGG_02310T0	1383	1384	0	0
MGG_02701T0	5485	5486	1424	18.4957
MGG_14847T0	3965	3966	6713	120.609
MGG_04611T0	2594	2595	2021	55.4938
MGG_10484T0	1156	1157	119	7.32874
MGG_02839T0	2503	2504	160	4.55304
MGG_12775T0	1360	1361	125	6.54437
MGG_02287T0	1338	1339	2	0.10643
MGG_05040T0	2926	2927	460	11.1983
MGG_05465T0	576	577	0	0
MGG_00172T0	2308	2309	1559	48.1103
MGG_14057T0	1314	1315	12	0.650237
MGG_02974T0	2120	2121	589	19.7875
MGG_02998T0	1845	1846	427	16.4821
MGG_15330T0	930	931	46	3.52066
MGG_12981T0	925	926	0	0
MGG_07949T0	2258	2259	38	1.19862
MGG_04099T0	1987	1988	0	0
MGG_07845T0	1747	1748	25	1.01909
MGG_08581T0	2021	2022	102	3.59447
MGG_04348T0	972	973	6	0.439394
MGG_09990T0	2808	2809	49	1.24297
MGG_03461T0	898	899	0	0
MGG_06504T0	2267	2268	5784	181.719
MGG_06906T0	2819	2820	2954	74.641
MGG_07390T0	1255	1256	72	4.08469
MGG_09954T0	4910	4911	78	1.13172
MGG_01511T0	1773	1774	139	5.58312
MGG_17356T0	886	887	6	0.481996
MGG_17187T0	450	451	20	3.15987
MGG_08696T0	1215	1216	0	0
MGG_11889T0	2431	2432	1279.3	37.4821
MGG_06603T0	2020	2021	2655	93.6082
MGG_12313T0	2076	2077	21.7319	0.74555
MGG_03627T0	1552	1553	5646	259.051
MGG_01833T0	4200	4201	397	6.7337
MGG_00667T0	3832	3833	2073	38.5369
MGG_02504T0	2240	2241	371	11.7964
MGG_05478T0	1471	1472	1787	86.5033
MGG_00357T0	1978	1979	798	28.7325
MGG_03736T0	4716	4717	1051	15.8764
MGG_17217T0	735	736	0	0
MGG_16177T0	1416	1417	0	0
MGG_14735T0	1561	1562	747	34.0765
MGG_07690T0	2196	2197	0	0
MGG_06837T0	264	265	2813	756.379
MGG_07100T0	1345	1346	27	1.42934
MGG_06153T0	1442	1443	5037	248.726
MGG_17838T0	231	232	0	0
MGG_11817T0	1980	1981	944	33.955
MGG_07217T0	666	667	19	2.02976
MGG_09500T0	306	307	9	2.08891
MGG_05012T0	1875	1876	1	0.0379825
MGG_04040T0	4203	4204	328	5.55939
MGG_04770T0	1074	1075	29	1.92223
MGG_17341T0	2495	2496	1170	33.4008
MGG_00683T0	4216	4217	2083.69	35.2083
MGG_06679T0	3777	3778	29	0.546955
MGG_15734T0	657	658	15	1.62436
MGG_04015T0	2437	2438	154	4.50094
MGG_09641T0	1346	1347	1518	80.3008
MGG_08699T0	657	658	32	3.46529
MGG_10479T0	1941	1942	0	0
MGG_00380T0	459	460	5	0.774512
MGG_03194T0	1158	1159	503	30.9243
MGG_16870T0	813	814	67	5.86498
MGG_12962T0	2832	2833	2071	52.0894
MGG_15627T0	1253	1254	298.58	16.966
MGG_08268T0	2211	2212	319.289	10.2852
MGG_13497T0	2244	2245	662	21.0115
MGG_04242T0	1452	1453	2657.59	130.328
MGG_15140T0	4384	4385	5738	93.241
MGG_07419T0	2473	2474	12.1964	0.351276
MGG_02061T0	2507	2508	204	5.79587
MGG_04135T0	722	723	9405	926.907
MGG_14167T0	2313	2314	171	5.26561
MGG_01970T0	3030	3031	945.825	22.2352
MGG_07616T0	3620	3621	4090.99	80.5038
MGG_02252T0	1299	1300	91060	4991.14
MGG_08986T0	2082	2083	0	0
MGG_13615T0	1065	1066	20	1.33687
MGG_05787T0	1548	1549	88	4.04806
MGG_11480T0	2023	2024	1143	40.2394
MGG_11327T0	1623	1624	272	11.9343
MGG_12816T0	1646	1647	436	18.8629
MGG_08080T0	1240	1241	4364.07	250.574
MGG_02597T0	2508	2509	662	18.8007
MGG_01065T0	1067	1068	1315	87.7345
MGG_04906T0	3576	3577	3294	65.6176
MGG_01045T0	3889	3890	2247	41.1594
MGG_06471T0	699	700	462.406	47.0697
MGG_05983T0	2274	2275	828	25.9337
MGG_13133T0	399	400	0	0
MGG_00255T0	1639	1640	3652	158.673
MGG_14730T0	768	769	1314	121.754
MGG_05795T0	384	385	0	0
MGG_02086T0	1165	1166	3520	215.11
MGG_10634T0	2822	2823	82.7165	2.08784
MGG_04507T0	928	929	1748.64	134.122
MGG_10131T0	3320	3321	2658	57.0298
MGG_16571T0	753	754	1825.53	172.518
MGG_12381T0	291	292	57	13.9094
MGG_03994T0	3699	3700	1832	35.2809
MGG_04400T0	1950	1951	3459	126.331
MGG_15034T0	945	946	100	7.53225
MGG_17729T0	804	805	132	11.6841
MGG_11966T0	597	598	0	0
MGG_00140T0	2239	2240	2219	70.5871
MGG_10737T0	2048	2049	569.594	19.8079
MGG_00590T0	3789	3790	2200	41.3618
MGG_06436T0	828	829	0	0
MGG_17317T0	3866	3867	1196	22.038
MGG_15448T0	165	166	8	3.43398
MGG_15958T0	201	202	24	8.46595
MGG_01109T0	817	818	336	29.2686
MGG_14634T0	687	688	41	4.24631
MGG_12123T0	3215	3216	3364	74.5342
MGG_04460T0	1066	1067	546	36.4623
MGG_15152T0	792	793	0	0
MGG_04676T0	2107	2108	1809	61.1482
MGG_14751T0	2063	2064	2109	72.8086
MGG_07417T0	1495	1496	3	0.142891
MGG_09080T0	2962	2963	1304.93	31.3814
MGG_16591T0	1140	1141	70.7696	4.41954
MGG_15575T0	557	558	0	0
MGG_10363T0	1455	1456	44	2.15331
MGG_10674T0	2812	2813	627.51	15.8952
MGG_11335T0	2508	2509	18	0.511196
MGG_16678T0	198	199	113	40.4614
MGG_00735T0	2236	2237	339	10.7982
MGG_16368T0	337	338	7.34079	1.54754
MGG_02309T0	2096	2097	0	0
MGG_03054T0	3420	3421	137.854	2.87132
MGG_07102T0	969	970	1837	134.944
MGG_11096T0	606	607	3	0.352167
MGG_11719T0	1120	1121	235	14.9375
MGG_08975T0	4357	4358	6132	100.261
MGG_15877T0	297	298	8	1.91289
MGG_17398T0	1394	1395	406	20.738
MGG_08767T0	2318	2319	237	7.28221
MGG_00618T0	1408	1409	54	2.73085
MGG_17620T0	2509	2510	53.9387	1.53124
MGG_04896T0	747	748	321	30.5787
MGG_02166T0	315	316	0	0
MGG_04329T0	1548	1549	68	3.12805
MGG_06718T0	1136	1137	1243	77.898
MGG_07421T0	1023	1024	2	0.13917
MGG_17122T0	2709	2710	796	20.9295
MGG_03908T0	1090	1091	1517	99.0779
MGG_15765T0	588	589	137	16.5738
MGG_09640T0	1599	1600	56	2.49393
MGG_16982T0	1225	1226	278	16.1574
MGG_00831T0	2208	2209	2	0.0645134
MGG_15974T0	1317	1318	0	0
MGG_05660T0	1493	1494	32	1.52621
MGG_16686T0	294	295	0	0
MGG_02638T0	1592	1593	610	27.2854
MGG_00718T0	1911	1912	262	9.76403
MGG_03041T0	3393	3394	824	17.2994
MGG_03856T0	1556	1557	165.499	7.57397
MGG_02390T0	2784	2785	608	15.5559
MGG_08206T0	1599	1600	223	9.93118
MGG_01566T0	1669	1670	2628.31	112.144
MGG_10345T0	1557	1558	0	0
MGG_15044T0	159	160	0	0
MGG_05052T0	1985	1986	722	25.9044
MGG_12963T0	1677	1678	44	1.86843
MGG_17170T0	1293	1294	322	17.7312
MGG_13500T0	3449	3450	1806	37.3005
MGG_11214T0	1011	1012	2	0.14082
MGG_04601T0	3393	3394	1262.21	26.4994
MGG_16013T0	471	472	1	0.150964
MGG_13246T0	2475	2476	1539	44.2898
MGG_01302T0	1753	1754	1599	64.9583
MGG_04976T0	1821	1822	3753	146.773
MGG_10275T0	1992	1993	0	0
MGG_01429T0	1601	1602	135	6.00464
MGG_05156T0	1957	1958	1346	48.9833
MGG_15727T0	613	614	252	29.2448
MGG_06036T0	1802	1803	45	1.77841
MGG_12069T0	513	514	0	0
MGG_15619T0	414	415	0	0
MGG_09864T0	1131	1132	2099	132.124
MGG_12647T0	2535	2536	443	12.4472
MGG_04310T0	1097	1098	2380.46	154.481
MGG_14666T0	870	871	2758	225.627
MGG_08575T0	805	806	8904	787.165
MGG_12759T0	649	650	8.33138	0.913312
MGG_10057T0	1978	1979	2213	79.6804
MGG_07998T0	3049	3050	147	3.43426
MGG_00595T0	2653	2654	954	25.6132
MGG_07992T0	1317	1318	6	0.324378
MGG_09119T0	2737	2738	471	12.2575
MGG_08859T0	2298	2299	1201.47	37.2382
MGG_11412T0	1945	1946	6294	230.462
MGG_10815T0	738	739	0	0
MGG_00129T0	1674	1675	345.476	14.6967
MGG_07149T0	2926	2927	1210	29.4563
MGG_11885T0	2127	2128	838	28.06
MGG_02928T0	4728	4729	2419	36.4487
MGG_06452T0	1850	1851	155	5.9668
MGG_00211T0	2279	2280	68.5411	2.14206
MGG_09294T0	1063	1064	1578.96	105.741
MGG_10208T0	1137	1138	321	20.0992
MGG_00964T0	1554	1555	457	20.9412
MGG_16321T0	597	598	0	0
MGG_02183T0	6555	6556	1810	19.6723
MGG_03828T0	1557	1558	5	0.228675
MGG_05233T0	4427	4428	4180.06	67.2652
MGG_01355T0	2121	2122	97	3.25718
MGG_17168T0	304	305	13	3.0371
MGG_12329T0	2062	2063	290.825	10.045
MGG_07500T0	1884	1885	246	9.29907
MGG_10652T0	2551	2552	711.732	19.8725
MGG_02688T0	2220	2221	44	1.41163
MGG_09528T0	2162	2163	145	4.77669
MGG_17438T0	186	187	4	1.52417
MGG_14555T0	231	232	1	0.307134
MGG_07608T0	375	376	538	101.955
MGG_17034T0	156	157	0	0
MGG_00019T0	393	394	0	0
MGG_14856T0	432	433	83	13.6586
MGG_01659T0	1023	1024	2474	172.153
MGG_05189T0	2200	2201	7193	232.866
MGG_07130T0	1444	1445	2876	141.82
MGG_08390T0	1275	1276	0	0
MGG_16655T0	621	622	29.6265	3.39395
MGG_02799T0	1937	1938	2388	87.8004
MGG_11537T0	1152	1153	5952	367.832
MGG_16850T0	276	277	9	2.31515
MGG_15755T0	1826	1827	147	5.73317
MGG_04426T0	752	753	562	53.1811
MGG_07718T0	2652	2653	556	14.9332
MGG_03758T0	1254	1255	603	34.2365
MGG_06345T0	2348	2349	510	15.4705
MGG_15959T0	282	283	2	0.50357
MGG_03916T0	921	922	234	18.0843
MGG_10760T0	1248	1249	0	0
MGG_03615T0	1528	1529	1476	68.7852
MGG_06384T0	1359	1360	919.137	48.1567
MGG_05569T0	1826	1827	207.538	8.09422
MGG_06900T0	2311	2312	1	0.0308197
MGG_11605T0	2775	2776	741	19.0202
MGG_11426T0	3426	3427	1459	30.3359
MGG_06099T0	1964	1965	2623.31	95.1268
MGG_06270T0	1660	1661	550.444	23.6135
MGG_09698T0	282	283	1598	402.352
MGG_00153T0	2048	2049	1379	47.9555
MGG_16066T0	231	232	0	0
MGG_05719T0	723	724	399	39.269
MGG_05900T0	4527	4528	0	0
MGG_00617T0	3883	3884	122	2.23819
MGG_17890T0	375	376	209	39.6072
MGG_01013T0	1734	1735	837.304	34.3874
MGG_05568T0	1281	1282	1657.46	92.1237
MGG_09125T0	2859	2860	7463	185.936
MGG_15789T0	2930	2931	114.362	2.78024
MGG_02608T0	2164	2165	4046.84	133.191
MGG_06473T0	2907	2908	173	4.23904
MGG_05828T0	1095	1096	0	0
MGG_00208T0	2551	2552	395	11.0289
MGG_02981T0	3127	3128	367.888	8.38039
MGG_08015T0	1724	1725	2274	93.9328
MGG_15653T0	236	237	5	1.50327
MGG_01085T0	1526	1527	317	14.7923
MGG_05306T0	3700	3701	3049	58.7022
MGG_16333T0	2417	2418	141	4.15507
MGG_12316T0	2414	2415	2492	73.527
MGG_06389T0	2438	2439	2596	75.8418
MGG_01553T0	2931	2932	1040.35	25.2831
MGG_01003T0	2396	2397	5124	152.32
MGG_02660T0	957	958	2847	211.757
MGG_02560T0	483	484	0	0
MGG_02115T0	1212	1213	5	0.293714
MGG_07055T0	1170	1171	172	10.4662
MGG_07356T0	1833	1834	0	0
MGG_07195T0	1729	1730	974	40.117
MGG_15864T0	520	521	6	0.820596
MGG_02590T0	378	379	0	0
MGG_01046T0	2592	2593	592	16.268
MGG_08815T0	1333	1334	1358	72.537
MGG_13557T0	4275	4276	1145	19.0802
MGG_10887T0	920	921	561.293	43.4256
MGG_03375T0	2242	2243	1376	43.7124
MGG_07510T0	2149	2150	12	0.397703
MGG_08192T0	3613	3614	1075	21.1951
MGG_00569T0	3561	3562	383	7.66162
MGG_08186T0	6385	6386	1328	14.8178
MGG_09107T0	1992	1993	0	0
MGG_09709T0	1756	1757	334	13.5454
MGG_17193T0	341	342	1	0.208348
MGG_06784T0	1540	1541	1	0.0462395
MGG_09393T0	2384	2385	594	17.7465
MGG_03129T0	2075	2076	535	18.3629
MGG_05733T0	723	724	48	4.72409
MGG_05816T0	2592	2593	0	0
MGG_08060T0	1727	1728	38	1.56695
MGG_00627T0	898	899	0	0
MGG_03586T0	2299	2300	564	17.473
MGG_16288T0	360	361	0	0
MGG_13365T0	616	617	1	0.115486
MGG_15480T0	1883	1884	1169.04	44.2145
MGG_05791T0	453	454	1.4806	0.23238
MGG_08133T0	3052	3053	903.979	21.0983
MGG_03708T0	996	997	1805	129.002
MGG_07555T0	339	340	0	0
MGG_02165T0	237	238	0	0
MGG_15634T0	977	978	0	0
MGG_18056T0	456	457	0	0
MGG_12090T0	243	244	7	2.0442
MGG_08977T0	681	682	21	2.19407
MGG_00245T0	1414	1415	330	16.6178
MGG_05706T0	5415	5416	3549	46.6921
MGG_17309T0	291	292	28	6.83268
MGG_16334T0	4463	4464	4084	65.1895
MGG_01458T0	3529	3530	260.92	5.26681
MGG_02139T0	381	382	0	0
MGG_06043T0	4632	4633	12018	184.836
MGG_16960T0	162	163	0	0
MGG_16978T0	891	892	6	0.479294
MGG_04181T0	1028	1029	2703.88	187.235
MGG_06736T0	4888	4889	1483.87	21.6268
MGG_04565T0	1179	1180	94	5.67625
MGG_08924T0	1622	1623	715	31.3909
MGG_10457T0	1389	1390	0	0
MGG_08511T0	1143	1144	8	0.498287
MGG_05996T0	4569	4570	4917	76.6655
MGG_17862T0	318	319	153	34.1756
MGG_15265T0	291	292	5	1.22012
MGG_03487T0	4300	4301	2584.11	42.8112
MGG_02838T0	4082	4083	1444	25.2002
MGG_08529T0	387	388	0	0
MGG_17411T0	186	187	0	0
MGG_16298T0	1241	1242	490	28.1119
MGG_07339T0	3969	3970	1526	27.3892
MGG_02667T0	4286	4287	5870	97.5664
MGG_17536T0	1076	1077	1089.76	72.0993
MGG_03230T0	1611	1612	379	16.7529
MGG_09242T0	2233	2234	230.152	7.34088
MGG_14010T0	2302	2303	196	6.06426
MGG_01266T0	2271	2272	425.235	13.3363
MGG_04698T0	1949	1950	534	19.5129
MGG_16460T0	2503	2504	27	0.768326
MGG_06781T0	1993	1994	1209	43.2033
MGG_08096T0	1200	1201	4081	242.125
MGG_02503T0	2414	2415	30025	885.894
MGG_17590T0	378	379	0	0
MGG_00230T0	492	493	0	0
MGG_11289T0	3144	3145	702	15.905
MGG_02607T0	1525	1526	708.16	33.0668
MGG_07766T0	786	787	0	0
MGG_10413T0	1704	1705	1035	43.2546
MGG_15147T0	603	604	0	0
MGG_00133T0	1950	1951	1114	40.6859
MGG_02506T0	1886	1887	1021	38.554
MGG_03053T0	3944	3945	2057	37.1538
MGG_03252T0	13423	13424	4369	23.1908
MGG_04593T0	3403	3404	330	6.90781
MGG_16378T0	294	295	0	0
MGG_00057T0	1139	1140	38.6444	2.41545
MGG_12763T0	1102	1103	0	0
MGG_01717T0	2720	2721	2728	71.4384
MGG_05098T0	2244	2245	355.59	11.2862
MGG_09970T0	3317	3318	2564	55.0627
MGG_01064T0	948	949	4052	304.242
MGG_06975T0	2670	2671	0	0
MGG_06410T0	3366	3367	2480	52.4837
MGG_01503T0	3037	3038	4575	107.305
MGG_06307T0	4258	4259	6716.63	112.372
MGG_02802T0	1707	1708	3235	134.959
MGG_10560T0	1180	1181	28	1.68937
MGG_08557T0	5444	5445	2524	33.0299
MGG_14997T0	591	592	31	3.73126
MGG_03039T0	3578	3579	1102	21.94
MGG_16099T0	1415	1416	37	1.86189
MGG_01016T0	1315	1316	468	25.34
MGG_05939T0	2178	2179	310	10.1373
MGG_00732T0	1041	1042	0	0
MGG_04842T0	2885	2886	1571	38.7879
MGG_16720T0	1144	1145	35	2.1781
MGG_13171T0	6925	6926	2140	22.0164
MGG_03362T0	1548	1549	241	11.0862
MGG_16208T0	659	660	20	2.15925
MGG_10307T0	4517	4518	391.754	6.17851
MGG_03851T0	1062	1063	504.866	33.8422
MGG_11582T0	1338	1339	0	0
MGG_01492T0	2412	2413	1899.13	56.0807
MGG_15294T0	1404	1405	385	19.5254
MGG_03234T0	1446	1447	126	6.20466
MGG_06377T0	1209	1210	434.447	25.5839
MGG_14600T0	321	322	0	0
MGG_08700T0	924	925	23	1.77175
MGG_08302T0	1275	1276	345	19.2657
MGG_13405T0	2252	2253	8	0.253014
MGG_03089T0	1294	1295	2227.74	122.578
MGG_08987T0	2649	2650	0	0
MGG_17164T0	432	433	392	64.5081
MGG_16253T0	617	618	279	32.1686
MGG_06852T0	1339	1340	142	7.55091
MGG_15359T0	846	847	0	0
MGG_02492T0	1790	1791	312.923	12.4497
MGG_04521T0	1671	1672	571	24.3341
MGG_07224T0	2406	2407	545	16.1338
MGG_13511T0	2219	2220	1347.48	43.25
MGG_17469T0	627	628	188	21.3311
MGG_17159T0	306	307	0	0
MGG_08733T0	621	622	1	0.114558
MGG_00817T0	1774	1775	165	6.62371
MGG_03131T0	3105	3106	2142.32	49.1473
MGG_04869T0	1011	1012	125	8.80127
MGG_10570T0	1284	1285	52	2.88347
MGG_08956T0	1530	1531	1	0.0465415
MGG_16917T0	2845	2846	139.489	3.49237
MGG_11852T0	657	658	2	0.216581
MGG_09676T0	2115	2116	303	10.2034
MGG_01023T0	2512	2513	7621	216.09
MGG_02697T0	3515	3516	249	5.04622
MGG_00067T0	2106	2107	1033	34.9343
MGG_04213T0	3017	3018	20	0.472201
MGG_04211T0	952	953	2	0.149538
MGG_03511T0	4267	4268	4434.29	74.0313
MGG_10828T0	2138	2139	3399.6	113.249
MGG_07131T0	4066	4067	232	4.06471
MGG_00973T0	1968	1969	136	4.92163
MGG_12902T0	811	812	0	0
MGG_01341T0	2064	2065	789	27.2253
MGG_15374T0	444	445	0	0
MGG_13803T0	2409	2410	427	12.6249
MGG_01479T0	982	983	93	6.74133
MGG_15377T0	356	357	4	0.798376
MGG_01430T0	2093	2094	162.496	5.52946
MGG_10171T0	1206	1207	9838	580.785
MGG_04245T0	651	652	362	39.5619
MGG_09962T0	5286	5287	1918.43	25.8555
MGG_09962T1	5024	5025	16332.6	231.598
MGG_15370T0	675	676	0	0
MGG_08348T0	593	594	0	0
MGG_15354T0	1440	1441	7731	382.285
MGG_01248T0	1916	1917	789	29.3272
MGG_06028T0	1983	1984	202.41	7.26954
MGG_16779T0	453	454	39.2446	6.15942
MGG_14582T0	183	184	428	165.746
MGG_11682T0	2271	2272	292	9.15778
MGG_17389T0	1332	1333	43	2.29855
MGG_10355T0	1653	1654	0	0
MGG_17436T0	2763	2764	215	5.54264
MGG_06480T0	444	445	2460	393.905
MGG_05086T0	2637	2638	93	2.51203
MGG_01668T0	3144	3145	2334	52.8806
MGG_10826T0	3448	3449	3147.56	65.0275
MGG_15644T0	992	993	28.0111	2.01
MGG_17462T0	339	340	12	2.51489
MGG_02520T0	2493	2494	11628	332.219
MGG_03607T0	4266	4267	2096.93	35.0169
MGG_14844T0	553	554	28.6476	3.68464
MGG_07843T0	1928	1929	368	13.5935
MGG_11754T0	2522	2523	48.8476	1.37956
MGG_03127T0	2139	2140	106	3.52946
MGG_02801T0	1678	1679	485	20.5829
MGG_11733T0	1338	1339	1	0.0532152
MGG_04206T0	2459	2460	41.101	1.19051
MGG_06211T0	4419	4420	4644	74.8662
MGG_08094T0	4170	4171	250.694	4.28272
MGG_09180T0	1404	1405	115	5.83227
MGG_02824T0	880	881	552	44.6456
MGG_01372T0	3150	3151	1918	43.3727
MGG_00393T0	4526	4527	1133	17.8334
MGG_06488T0	1763	1764	208	8.40196
MGG_10491T0	2418	2419	166	4.88977
MGG_17661T0	1788	1789	3	0.119489
MGG_06385T0	1035	1036	282.863	19.4551
MGG_12178T0	1425	1426	18	0.899433
MGG_03995T0	1913	1914	58	2.15925
MGG_13108T0	219	220	0	0
MGG_11542T0	1496	1497	564	26.8456
MGG_07533T0	1511	1512	105.956	4.99331
MGG_00596T0	1924	1925	1722	63.7409
MGG_15897T0	225	226	57	17.9714
MGG_15660T0	504	505	23	3.24528
MGG_12569T0	1683	1684	73	3.08885
MGG_16115T0	713	714	0	0
MGG_02223T0	538	539	8	1.05759
MGG_07289T0	2961	2962	14973	360.197
MGG_01213T0	1113	1114	73	4.66932
MGG_02626T0	3549	3550	1776	35.6476
MGG_02655T0	2668	2669	5755	153.643
MGG_07077T0	3752	3753	3662.96	69.5455
MGG_16540T0	219	220	0	0
MGG_03077T0	3230	3231	218	4.80768
MGG_17687T0	189	190	0	0
MGG_03601T0	4622	4623	1161	17.8947
MGG_18060T0	291	292	0	0
MGG_10867T0	2237	2238	1493	47.5352
MGG_06139T0	3111	3112	3420.58	78.3207
MGG_01373T0	2475	2476	476	13.6985
MGG_00048T0	2079	2080	89	3.0489
MGG_03434T0	1263	1264	116	6.53923
MGG_16660T0	555	556	1	0.128157
MGG_17484T0	177	178	7	2.80217
MGG_15851T0	300	301	2.17231	0.514245
MGG_00479T0	1821	1822	3592.34	140.49
MGG_02199T0	1073	1074	26	1.72498
MGG_12631T0	5219	5220	546	7.45312
MGG_06483T0	2033	2034	566	19.8281
MGG_07931T0	1423	1424	265	13.2603
MGG_16256T0	387	388	13	2.38741
MGG_11409T0	450	451	126	19.9072
MGG_10586T0	1462	1463	224	10.9099
MGG_16853T0	2360	2361	145398	4388.12
MGG_06788T0	1854	1855	113	4.34061
MGG_02762T0	1894	1895	0	0
MGG_07631T0	1490	1491	90	4.30111
MGG_08468T0	1650	1651	0	0
MGG_00702T0	2610	2611	1004	27.3995
MGG_02051T0	2237	2238	410	13.0539
MGG_17273T0	475	476	31	4.64056
MGG_15543T0	222	223	0	0
MGG_10309T0	1632	1633	111	4.84343
MGG_10819T0	632	633	1626	183.034
MGG_01148T0	2122	2123	1062	35.6443
MGG_17626T0	231	232	0	0
MGG_13626T0	1411	1412	426	21.4976
MGG_01353T0	4203	4204	123.669	2.09612
MGG_15832T0	504	505	1	0.141099
MGG_15818T0	3077	3078	2095	48.4988
MGG_08051T0	2234	2235	491	15.6538
MGG_10538T0	2698	2699	1776	46.8874
MGG_01265T0	1390	1391	447	22.8979
MGG_05647T0	1708	1709	3495	145.721
MGG_10800T0	2171	2172	366	12.0071
MGG_01979T0	1967	1968	708	25.6345
MGG_14661T0	423	424	1	0.168054
MGG_02605T0	2200	2201	2871.55	92.9635
MGG_18065T0	369	370	35	6.74035
MGG_01411T0	354	355	1	0.200719
MGG_04854T0	1583	1584	68	3.05893
MGG_00755T0	1828	1829	2066	80.4882
MGG_09766T0	1981	1982	176	6.32739
MGG_17594T0	762	763	0	0
MGG_10188T0	2403	2404	760	22.5266
MGG_08710T0	3230	3231	7112	156.845
MGG_03485T0	3916	3917	1873	34.0722
MGG_09387T0	657	658	3	0.324871
MGG_13923T0	582	583	0	0
MGG_00769T0	2306	2307	61	1.88407
MGG_05830T0	1785	1786	7	0.279275
MGG_03058T0	4839	4840	1994	29.3559
MGG_14855T0	1224	1225	453	26.3498
MGG_00302T0	2761	2762	259	6.68178
MGG_05417T0	654	655	0	0
MGG_08913T0	3981	3982	1651.8	29.5578
MGG_01463T0	3641	3642	3841	75.1485
MGG_09319T0	1506	1507	7	0.330979
MGG_02834T0	1664	1665	2520	107.846
MGG_06595T0	1694	1695	75	3.15288
MGG_04504T0	1506	1507	388.388	18.3641
MGG_04645T0	384	385	699	129.37
MGG_16623T0	402	403	0	0
MGG_12118T0	3204	3205	7829.38	174.066
MGG_08497T0	1265	1266	580	32.6445
MGG_02914T0	1380	1381	367	18.936
MGG_03007T0	3008	3009	692.429	16.3972
MGG_14041T0	1581	1582	4	0.180165
MGG_03689T0	1504	1505	17.5327	0.830097
MGG_15109T0	901	902	102	8.05767
MGG_13935T0	2831	2832	1589	39.9803
MGG_03889T0	1623	1624	103	4.51926
MGG_06445T0	1408	1409	719	36.3608
MGG_10233T0	1482	1483	4	0.192192
MGG_16670T0	411	412	0	0
MGG_12589T0	2613	2614	1615	44.0233
MGG_13154T0	2391	2392	1037	30.8911
MGG_08435T0	558	559	0	0
MGG_12302T0	1597	1598	611	27.2446
MGG_03155T0	2804	2805	7628	193.773
MGG_01696T1	874	875	190.556	15.5178
MGG_01696T0	874	875	54.4444	4.43365
MGG_04632T0	1395	1396	6	0.306254
MGG_06881T0	2960	2961	4421.5	106.401
MGG_02354T0	840	841	3	0.25418
MGG_00136T0	1692	1693	1398.21	58.848
MGG_09502T0	2318	2319	62	1.90505
MGG_00757T0	1958	1959	10395.9	378.131
MGG_02127T0	2243	2244	1713	54.3939
MGG_03693T0	4821	4822	1945	28.7414
MGG_17825T0	2457	2458	101.279	2.93598
MGG_05531T0	1295	1296	12213	671.48
MGG_16863T0	480	481	4	0.592558
MGG_15861T0	5483	5484	2657.35	34.5277
MGG_17241T0	2236	2237	127	4.04533
MGG_13126T0	714	715	35	3.48801
MGG_07230T0	1455	1456	138	6.75357
MGG_09521T0	3389	3390	487.156	10.2396
MGG_08867T0	2647	2648	475	12.7818
MGG_16184T0	975	976	558	40.7381
MGG_00406T0	1226	1227	1861	108.073
MGG_07272T0	1483	1484	290.022	13.9256
MGG_17404T0	165	166	8	3.43398
MGG_14081T0	384	385	0	0
MGG_07173T0	2904	2905	321.199	7.87852
MGG_07173T1	2019	2020	829.801	29.271
MGG_15166T0	705	706	0	0
MGG_02896T0	1578	1579	3651.91	164.799
MGG_07717T0	2091	2092	919	31.3018
MGG_03915T0	786	787	390	35.3107
MGG_03564T0	2121	2122	2479.26	83.2517
MGG_06612T0	3768	3769	33	0.623884
MGG_13535T0	4511	4512	5426	85.6893
MGG_17324T0	1388	1389	14936.9	766.259
MGG_15181T0	3063	3064	0	0
MGG_04760T0	1962	1963	1013	36.771
MGG_09209T0	2588	2589	2273	62.5581
MGG_09658T0	534	535	0	0
MGG_12780T0	693	694	0	0
MGG_17483T0	285	286	0	0
MGG_06773T0	2633	2634	1569	42.4447
MGG_05287T0	3868	3869	34404	633.616
MGG_05521T0	1707	1708	1154	48.1431
MGG_14561T0	1903	1904	1702	63.6955
MGG_00306T0	2782	2783	601	15.3878
MGG_03069T0	3322	3323	1396	29.9344
MGG_08036T0	3614	3615	2313.24	45.5962
MGG_11554T0	3019	3020	3910	92.2541
MGG_15870T0	234	235	0	0
MGG_04143T0	1362	1363	5438	284.288
MGG_01437T0	1301	1302	276.237	15.1178
MGG_04635T0	2235	2236	33	1.05162
MGG_04217T0	3433	3434	85	1.76374
MGG_15703T0	502	503	0	0
MGG_01145T0	934	935	32	2.43868
MGG_13021T0	2391	2392	79	2.35332
MGG_02657T0	348	349	533	108.822
MGG_09659T0	1233	1234	62	3.58008
MGG_09211T0	2798	2799	1701	43.3029
MGG_16901T0	2383	2384	5633.98	168.393
MGG_16158T0	171	172	0	0
MGG_01923T0	1146	1147	43	2.67129
MGG_02047T0	2436	2437	197	5.76005
MGG_08412T0	423	424	0	0
MGG_15689T0	796	797	13	1.16225
MGG_10158T0	2093	2094	150	5.10423
MGG_02615T0	1582	1583	311	13.9989
MGG_04999T0	2004	2005	472	16.7743
MGG_11005T0	1564	1565	2	0.0910608
MGG_00081T0	1017	1018	4293	300.489
MGG_06162T0	5852	5853	1571	19.1255
MGG_15437T0	459	460	0	0
MGG_14192T0	294	295	0	0
MGG_07708T0	2503	2504	1315.01	37.4206
MGG_08738T0	2691	2692	0	0
MGG_13937T0	981	982	0	0
MGG_05188T0	1737	1738	4065	166.658
MGG_10415T0	2403	2404	53	1.57093
MGG_03471T0	1176	1177	135	8.17284
MGG_06574T0	1252	1253	2291	130.284
MGG_16506T0	189	190	3	1.12508
MGG_16398T0	1889	1890	41.5117	1.56504
MGG_06200T0	2531	2532	1656	46.6029
MGG_10438T0	1503	1504	269	12.7444
MGG_13546T0	248	249	0	0
MGG_17568T0	210	211	0	0
MGG_16765T0	417	418	17	2.89793
MGG_16251T0	3487	3488	6082.25	124.252
MGG_05438T0	1470	1471	1223	59.242
MGG_06404T0	1197	1198	358	21.2933
MGG_02759T0	4268	4269	548	9.14682
MGG_06208T0	1599	1600	320.76	14.2849
MGG_04847T0	1982	1983	232	8.33645
MGG_09609T0	390	391	11	2.00462
MGG_08455T0	1918	1919	48	1.78231
MGG_02338T0	591	592	5	0.601817
MGG_12198T0	1575	1576	0	0
MGG_02160T0	1997	1998	257.298	9.17606
MGG_07514T0	1940	1941	444.568	16.3203
MGG_16631T0	231	232	1	0.307134
MGG_16059T0	552	553	0	0
MGG_15490T0	761	762	0	0
MGG_06518T0	1639	1640	346	15.0331
MGG_16849T0	819	820	314	27.2855
MGG_14731T0	1177	1178	3410	206.265
MGG_01408T0	1707	1708	59	2.46139
MGG_04259T0	333	334	10652	2272.48
MGG_17796T0	682	683	9	0.93894
MGG_14126T0	741	742	8	0.768249
MGG_02747T0	789	790	4328	390.37
MGG_06396T0	6184	6185	15115.7	174.143
MGG_17395T0	213	214	0	0
MGG_17167T0	159	160	0	0
MGG_02646T0	1065	1066	8	0.534747
MGG_03808T0	507	508	0	0
MGG_13332T0	897	898	36	2.85655
MGG_16389T0	3867	3868	1025	18.8822
MGG_06176T0	1668	1669	455.858	19.4621
MGG_12972T0	2108	2109	1120.08	37.8431
MGG_15737T0	594	595	203	24.3106
MGG_02769T0	1995	1996	570.834	20.3782
MGG_10305T0	1614	1615	145	6.39752
MGG_16119T0	770	771	7	0.646933
MGG_16301T0	2092	2093	2516	85.6559
MGG_09117T0	1302	1303	131	7.16379
MGG_17664T0	363	364	0	0
MGG_01253T0	693	694	21.2608	2.18291
MGG_12983T0	1633	1634	2	0.0872155
MGG_05171T0	1971	1972	4112.27	148.59
MGG_08433T0	369	370	0	0
MGG_17637T0	378	379	0	0
MGG_00350T0	1220	1221	531.398	31.0113
MGG_05393T0	1154	1155	42	2.59109
MGG_08297T0	1493	1494	10	0.476942
MGG_05738T0	3692	3693	4641	89.5464
MGG_14816T0	2450	2451	65	1.88967
MGG_16129T0	300	301	3	0.710184
MGG_16348T0	333	334	0	0
MGG_08803T0	2195	2196	659	21.383
MGG_01282T0	1189	1190	16191	969.488
MGG_05162T0	564	565	4	0.504461
MGG_04346T0	1553	1554	19592	898.346
MGG_06424T0	2032	2033	1905	66.7688
MGG_07824T0	741	742	7	0.672218
MGG_09227T0	2175	2176	3986	130.525
MGG_04602T0	3443	3444	2987	61.7999
MGG_17498T0	171	172	0	0
MGG_11530T0	1897	1898	82	3.07846
MGG_01661T0	3900	3901	3462.57	63.2468
MGG_10610T0	372	373	0	0
MGG_05357T0	2160	2161	155	5.11085
MGG_08086T0	630	631	22	2.48433
MGG_17673T0	201	202	193	68.0804
MGG_07928T0	742	743	6721.15	644.571
MGG_08811T0	1241	1242	62115.3	3563.63
MGG_01323T0	2686	2687	557	14.7708
MGG_01159T0	946	947	49777	3745.37
MGG_02825T0	708	709	575	57.788
MGG_03728T0	1252	1253	4168.24	237.038
MGG_16892T0	297	298	1	0.239111
MGG_01750T0	3822	3823	1736	32.3565
MGG_06954T0	2815	2816	1031	26.0881
MGG_15882T0	180	181	16	6.29879
MGG_06318T0	5448	5449	9240	120.829
MGG_05185T0	2113	2114	232	7.81986
MGG_13252T0	1908	1909	59	2.20223
MGG_07414T0	1647	1648	0	0
MGG_17844T0	902	903	0	0
MGG_10712T0	1350	1351	3	0.158227
MGG_03769T0	1595	1596	11	0.491106
MGG_01883T0	2935	2936	1381	33.5161
MGG_03883T0	2434	2435	1541	45.0941
MGG_07897T0	399	400	0	0
MGG_09447T0	684	685	9	0.936198
MGG_15659T0	198	199	0	0
MGG_17956T0	303	304	11	2.57831
MGG_16747T0	591	592	51	6.13853
MGG_13140T0	945	946	31	2.335
MGG_04757T0	2490	2491	99	2.8319
MGG_08071T0	3786	3787	2402	45.1953
MGG_15439T0	1062	1063	3	0.201096
MGG_01673T0	5111	5112	98	1.366
MGG_16584T0	771	772	0	0
MGG_15039T0	336	337	8	1.69152
MGG_11069T0	966	967	0	0
MGG_01400T0	1242	1243	260	14.9045
MGG_01022T0	1215	1216	202	11.8368
MGG_16618T0	159	160	8	3.56275
MGG_10050T0	1509	1510	83	3.91667
MGG_18125T0	863	864	0	0
MGG_08704T0	4099	4100	274.836	4.77645
MGG_17129T0	243	244	7	2.0442
MGG_04133T0	4056	4057	663.381	11.6513
MGG_06264T0	921	922	456	35.2411
MGG_15640T0	414	415	9	1.54529
MGG_14232T0	2975	2976	415	9.93645
MGG_06433T0	1044	1045	444	30.2749
MGG_06749T0	1424	1425	82	4.10029
MGG_17348T0	1442	1443	18	0.888837
MGG_11160T0	2638	2639	437.501	11.8129
MGG_04765T0	1827	1828	7578	295.389
MGG_06927T0	656	657	3698.06	401.074
MGG_12122T0	4812	4813	7897	116.913
MGG_04936T0	2088	2089	223	7.60645
MGG_09419T0	1314	1315	3	0.162559
MGG_05833T0	1873	1874	1	0.038023
MGG_08431T0	1044	1045	0	0
MGG_14234T0	5369	5370	825	10.947
MGG_02511T0	1515	1516	2109.41	99.1468
MGG_17970T0	288	289	1	0.246557
MGG_02439T0	1041	1042	1367	93.4796
MGG_11478T0	513	514	0	0
MGG_01971T0	1125	1126	149	9.42896
MGG_17710T0	195	196	0	0
MGG_15630T0	336	337	9	1.90295
MGG_01072T0	2980	2981	2176	52.0131
MGG_16851T0	297	298	0	0
MGG_07981T0	1788	1789	308	12.2675
MGG_13646T0	1703	1704	1227	51.3087
MGG_12810T0	246	247	7	2.01937
MGG_08359T0	1778	1779	4	0.160214
MGG_05809T0	2669	2670	33	0.880681
MGG_00940T0	1920	1921	74	2.74486
MGG_03999T0	1435	1436	2456	121.868
MGG_16510T0	549	550	4	0.518219
MGG_08840T0	2169	2170	279	9.16137
MGG_17679T0	3145	3146	258.894	5.8638
MGG_14087T0	3189	3190	21797	486.88
MGG_17458T0	486	487	105	15.363
MGG_05746T0	5943	5944	6076	72.8375
MGG_08515T0	582	583	6	0.733329
MGG_00731T0	3613	3614	798	15.7337
MGG_09886T0	1273	1274	3586	200.566
MGG_10660T0	1031	1032	7069	488.084
MGG_17276T0	216	217	33942	11145.3
MGG_06508T0	1572	1573	314.349	14.2396
MGG_17688T0	1511	1512	1113.2	52.4609
MGG_16800T0	177	178	6	2.40186
MGG_03253T0	4417	4418	5125	82.6578
MGG_07749T0	594	595	1009	120.834
MGG_11174T0	5304	5305	7148	96.0097
MGG_15761T0	309	310	3	0.689565
MGG_05017T0	1896	1897	629	23.6265
MGG_17431T0	426	427	0	0
MGG_02505T0	2251	2252	1021.7	32.3275
MGG_01368T0	1036	1037	21	1.44297
MGG_17586T0	783	784	239.991	21.8119
MGG_07502T0	1668	1669	1412	60.2829
MGG_04555T0	1741	1742	360	14.7255
MGG_07465T0	2920	2921	382	9.31854
MGG_14970T0	1053	1054	290	19.6053
MGG_06347T0	849	850	21	1.76042
MGG_06860T0	3565	3566	2547	50.8936
MGG_02394T0	1458	1459	56	2.73495
MGG_03654T0	699	700	78	7.93985
MGG_03891T0	837	838	324.226	27.5689
MGG_06766T0	2885	2886	2611	64.4654
MGG_16459T0	898	899	6674	528.984
MGG_01333T0	1251	1252	5055	287.695
MGG_13401T0	1715	1716	820.801	34.0829
MGG_11779T0	6912	6913	82	0.845207
MGG_07955T0	809	810	0	0
MGG_00797T0	1241	1242	10.9387	0.627566
MGG_07128T0	922	923	91.9617	7.09939
MGG_12309T0	3394	3395	447	9.38174
MGG_09570T0	981	982	147	10.6665
MGG_05181T0	2432	2433	883	25.8604
MGG_06732T0	2189	2190	379.128	12.3355
MGG_15458T0	309	310	1	0.229855
MGG_02074T0	4315	4316	395	6.52126
MGG_10300T0	1215	1216	0	0
MGG_02644T0	3984	3985	1987	35.5292
MGG_16250T0	1403	1404	103	5.2274
MGG_06549T0	866	867	26.4297	2.17215
MGG_17984T0	669	670	5	0.531754
MGG_17532T0	1651	1652	239.038	10.3103
MGG_14237T0	956	957	0	0
MGG_04372T0	2367	2368	508	15.2861
MGG_08832T0	1641	1642	1285	55.763
MGG_16944T0	369	370	0	0
MGG_00489T0	1538	1539	892	41.2992
MGG_09829T0	3582	3583	9	0.178983
MGG_02805T0	675	676	1	0.105407
MGG_00820T0	2916	2917	133.315	3.25655
MGG_12850T0	799	800	475	42.3077
MGG_13225T0	2057	2058	210	7.27093
MGG_17489T0	318	319	11.1518	2.49097
MGG_07443T0	1408	1409	6	0.303428
MGG_05667T0	1836	1837	1135	44.0253
MGG_08024T0	309	310	77	17.6988
MGG_12582T0	610	611	0	0
MGG_01944T0	1339	1340	122	6.4874
MGG_14109T0	462	463	30	4.61696
MGG_01306T0	1302	1303	851	46.5373
MGG_07786T0	600	601	6	0.711365
MGG_02749T0	1518	1519	119	5.5822
MGG_18092T0	270	271	581	152.765
MGG_16601T0	1843	1844	345.934	13.3675
MGG_00847T0	3156	3157	3972	89.65
MGG_15998T0	258	259	0	0
MGG_12627T0	1491	1492	440	21.0136
MGG_11967T0	348	349	0	0
MGG_15244T0	531	532	1060	141.974
MGG_12594T0	2262	2263	1145	36.0526
MGG_17632T0	775	776	19	1.74465
MGG_08612T0	1881	1882	29	1.09798
MGG_11804T0	1040	1041	1487	101.783
MGG_09508T0	1339	1340	5027	267.313
MGG_15663T0	459	460	10	1.54902
MGG_17289T0	339	340	0	0
MGG_13645T0	1143	1144	4176	260.106
MGG_03902T0	952	953	1052.51	78.6955
MGG_06306T0	5011	5012	126.372	1.79661
MGG_08343T0	1292	1293	2459.66	135.548
MGG_04075T0	1459	1460	3	0.146415
MGG_08266T0	1947	1948	100	3.65786
MGG_08602T0	1538	1539	689	31.9004
MGG_09794T0	1320	1321	13	0.701223
MGG_13719T0	1092	1093	58.5923	3.81976
MGG_00207T0	1023	1024	424	29.5041
MGG_16269T0	309	310	110	25.2841
MGG_08267T0	2262	2263	3419.91	107.683
MGG_15017T0	552	553	28	3.60785
MGG_10516T0	1410	1411	70	3.53498
MGG_10671T0	1709	1710	0	0
MGG_15960T0	907	908	22	1.72644
MGG_13013T0	6477	6478	23347	256.806
MGG_02031T0	408	409	0	0
MGG_07045T0	3466	3467	260	5.34362
MGG_16100T0	249	250	0	0
MGG_16323T0	609	610	0	0
MGG_16232T0	428	429	9	1.49486
MGG_01275T0	2718	2719	144	3.77372
MGG_11408T0	2647	2648	2675	71.9816
MGG_02916T0	7945	7946	398	3.56903
MGG_16427T0	6156	6157	114	1.31932
MGG_15747T0	771	772	55	5.07646
MGG_03669T0	3228	3229	1538	33.9394
MGG_06509T0	1779	1780	664.651	26.6066
MGG_12505T0	1304	1305	1	0.0546016
MGG_12141T0	6702	6703	6377.37	67.7935
MGG_15060T0	1772	1773	637	25.6004
MGG_01724T0	1827	1828	1810	70.5534
MGG_01196T0	3660	3661	5821	113.296
MGG_07182T0	1389	1390	713	36.5503
MGG_01222T0	758	759	1525	143.167
MGG_04900T0	2813	2814	239	6.05187
MGG_17104T0	228	229	0	0
MGG_15528T0	2108	2109	484	16.3525
MGG_00753T0	3423	3424	2112	43.9517
MGG_06616T0	2052	2053	2	0.0694156
MGG_01741T0	10725	10726	2630	17.4716
MGG_07309T0	1320	1321	2175.21	117.331
MGG_07479T0	3269	3270	4288	93.4379
MGG_08556T0	2757	2758	2808	72.5469
MGG_17339T0	1652	1653	14.0783	0.606866
MGG_17044T0	180	181	1	0.393675
MGG_08808T0	1063	1064	1955.78	130.977
MGG_04909T0	1614	1615	1619	71.4316
MGG_06126T0	2612	2613	4967	135.447
MGG_08035T0	1957	1958	980.756	35.6915
MGG_15704T0	3529	3530	72	1.45336
MGG_12616T0	1683	1684	319	13.4978
MGG_09845T0	624	625	6	0.684049
MGG_12712T0	2627	2628	42.0058	1.13894
MGG_10156T0	971	972	792	58.0597
MGG_17616T0	1383	1384	0	0
MGG_16451T0	165	166	0	0
MGG_16891T0	417	418	4	0.681867
MGG_15916T0	966	967	39.0637	2.87848
MGG_14141T0	264	265	0	0
MGG_00198T0	1824	1825	713	27.8383
MGG_17081T0	561	562	14	1.77504
MGG_04639T0	2058	2059	281.084	9.72736
MGG_16753T0	288	289	12	2.95869
MGG_04901T0	1300	1301	362	19.8265
MGG_06631T0	2471	2472	3043	87.7141
MGG_15211T0	1151	1152	0	0
MGG_00063T0	6689	6690	10247	109.141
MGG_05033T0	2229	2230	255.095	8.15102
MGG_07594T0	881	882	445	35.9507
MGG_15306T0	1182	1183	71	4.27651
MGG_05275T0	2048	2049	561.324	19.5203
MGG_01837T0	3433	3434	977	20.2726
MGG_09546T0	1179	1180	3507	211.773
MGG_15496T0	3319	3320	165	3.54129
MGG_02641T0	2040	2041	213	7.43622
MGG_10593T0	663	664	3	0.321936
MGG_18074T0	231	232	0	0
MGG_06082T0	1962	1963	3561.73	129.287
MGG_09096T0	3780	3781	7808	147.146
MGG_04166T0	1833	1834	94	3.65211
MGG_04246T0	829	830	123	10.5595
MGG_08021T0	1328	1329	444	23.8053
MGG_03204T0	4467	4468	2495.33	39.7953
MGG_01079T0	1351	1352	2791	147.095
MGG_01272T0	2765	2766	635	16.3583
MGG_14642T0	1146	1147	78.6117	4.8836
MGG_12475T0	1499	1500	11	0.522537
MGG_06330T0	531	532	31	4.15208
MGG_01949T0	2889	2890	5	0.123279
MGG_07657T0	1633	1634	807	35.1915
MGG_15971T0	1176	1177	35.0387	2.12123
MGG_00338T0	3456	3457	155	3.19483
MGG_11305T0	1152	1153	124	7.66317
MGG_06201T0	540	541	1097	144.486
MGG_16646T0	528	529	4	0.538791
MGG_00476T0	2612	2613	865.202	23.5936
MGG_06022T0	5521	5522	541	6.98099
MGG_06638T0	2743	2744	3210	83.356
MGG_10460T0	758	759	13	1.22044
MGG_01665T0	1709	1710	1354	56.4207
MGG_00480T0	1297	1298	723.657	39.7259
MGG_00408T0	2010	2011	5378	190.557
MGG_12709T0	2913	2914	2332	57.0236
MGG_16300T0	2163	2164	125	4.11594
MGG_05389T0	333	334	0	0
MGG_01284T0	1784	1785	1535	61.2754
MGG_03959T0	2352	2353	250	7.57066
MGG_04482T0	1222	1223	6162	359.014
MGG_05015T0	2460	2461	60.6968	1.7574
MGG_07233T0	2384	2385	3570	106.659
MGG_00031T0	2545	2546	32	0.895586
MGG_02901T0	1320	1321	0	0
MGG_04219T0	2251	2252	1814	57.3964
MGG_12124T0	162	163	1857	811.783
MGG_18082T0	1248	1249	1567.54	89.4276
MGG_00685T0	2431	2432	1175	34.4263
MGG_13205T0	1159	1160	1506.26	92.5249
MGG_10772T0	994	995	177	12.6755
MGG_04717T0	2040	2041	748.543	26.133
MGG_12827T0	3907	3908	762	13.8936
MGG_03162T0	4670	4671	14498	221.164
MGG_06002T0	1946	1947	3623	132.592
MGG_17093T0	168	169	0	0
MGG_14499T0	2052	2053	2	0.0694156
MGG_09525T0	2815	2816	150.828	3.81649
MGG_15015T0	493	494	0	0
MGG_02819T0	2336	2337	2722	82.9937
MGG_07179T0	3037	3038	860	20.171
MGG_03042T0	1310	1311	248	13.4792
MGG_08563T0	1078	1079	78	5.15097
MGG_05579T0	1514	1515	444	20.8827
MGG_15600T0	3816	3817	1680	31.3619
MGG_00487T0	3047	3048	2796	65.3639
MGG_17618T0	1396	1397	375	19.1272
MGG_05246T0	3269	3270	3878	84.5037
MGG_17891T0	165	166	30	12.8774
MGG_15516T0	642	643	0	0
MGG_02430T0	936	937	427	32.4716
MGG_03496T0	1655	1656	5	0.215142
MGG_11147T0	153	154	32	14.8063
MGG_07806T0	1401	1402	0	0
MGG_10197T0	2476	2477	3811	109.63
MGG_16324T0	180	181	0	0
MGG_17540T0	3125	3126	83	1.89193
MGG_01032T0	3280	3281	980	21.2831
MGG_16132T0	162	163	313	136.827
MGG_01698T0	2371	2372	1066	32.0227
MGG_06943T0	639	640	934	103.988
MGG_13157T0	2961	2962	388	9.33389
MGG_08644T0	842	843	215	18.173
MGG_13861T0	1233	1234	0	0
MGG_15349T0	1503	1504	319	15.1133
MGG_04508T0	1976	1977	1115.44	40.2029
MGG_03767T0	1257	1258	4	0.226566
MGG_04447T0	756	757	68	6.40072
MGG_06266T0	2036	2037	2327	81.3994
MGG_12996T0	1925	1926	265	9.80405
MGG_03793T0	1020	1021	3	0.209369
MGG_09758T0	4246	4247	652.492	10.9473
MGG_12845T0	786	787	1.21493	0.11
MGG_09632T0	1392	1393	3	0.153457
MGG_11470T0	3030	3031	2626	61.734
MGG_00087T0	1598	1599	404	18.0032
MGG_02693T0	1014	1015	0	0
MGG_03268T0	1196	1197	17.2311	1.02574
MGG_16493T0	654	655	2648.58	288.13
MGG_00564T0	585	586	49	5.95819
MGG_17245T0	354	355	17.8456	3.58193
MGG_02846T0	5727	5728	3767	46.8607
MGG_15872T0	210	211	0	0
MGG_09755T0	4466	4467	5553	88.5784
MGG_10060T0	1208	1209	1	0.0589372
MGG_15803T0	3507	3508	241.559	4.90658
MGG_10824T0	1584	1585	7466	335.641
MGG_04104T0	919	920	2481.47	192.193
MGG_08440T0	2505	2506	46	1.30795
MGG_04622T0	1331	1332	3010	161.019
MGG_08927T0	2608	2609	1052	28.7314
MGG_16143T0	784	785	36.0012	3.26786
MGG_08210T0	1265	1266	4023	226.429
MGG_15984T0	189	190	0	0
MGG_14636T0	1211	1212	0	0
MGG_17793T0	4683	4684	679	10.3292
MGG_17704T0	2571	2572	3122	86.4924
MGG_16958T0	348	349	0	0
MGG_16692T0	288	289	0	0
MGG_12330T0	1245	1246	37.1747	2.12591
MGG_04008T0	1712	1713	1870	77.7858
MGG_01185T0	1800	1801	8206	324.664
MGG_01285T0	3602	3603	8522	168.536
MGG_04967T0	4074	4075	545	9.52982
MGG_13035T0	993	994	327	23.4411
MGG_03543T0	2398	2399	2403	71.3739
MGG_02491T0	5616	5617	1477	18.7366
MGG_05343T0	3454	3455	8637	178.127
MGG_08686T0	2166	2167	0	0
MGG_16727T0	318	319	0	0
MGG_08888T0	3220	3221	6444	142.554
MGG_08774T0	2648	2649	11398	306.593
MGG_17656T0	719	720	1196.8	118.441
MGG_17300T0	711	712	7	0.700542
MGG_03182T0	2275	2276	1228	38.4452
MGG_12726T0	1222	1223	71	4.13664
MGG_02966T0	1630	1631	73.6705	3.21851
MGG_03395T0	814	815	3	0.262289
MGG_16063T0	1849	1850	0	0
MGG_12370T0	1517	1518	979.613	45.9831
MGG_01274T0	1635	1636	1164	50.6974
MGG_13463T0	471	472	12	1.81157
MGG_16349T0	204	205	0	0
MGG_06021T0	3045	3046	3065.63	71.7143
MGG_08947T0	1626	1627	0	0
MGG_03166T0	1374	1375	0	0
MGG_00273T0	405	406	47	8.24874
MGG_02872T0	902	903	6500.25	512.93
MGG_04385T0	3377	3378	383	8.07895
MGG_12728T0	465	466	44	6.72795
MGG_01681T0	1429	1430	2277	113.46
MGG_00032T0	1891	1892	48	1.80774
MGG_17039T0	162	163	1	0.437148
MGG_17925T0	192	193	0	0
MGG_02475T0	2654	2655	780	20.9337
MGG_00058T0	1041	1042	153	10.4626
MGG_05849T0	822	823	669	57.9218
MGG_08088T0	3206	3207	6776	150.553
MGG_16731T0	234	235	12	3.63856
MGG_13518T0	1727	1728	477.383	19.6852
MGG_03763T0	2477	2478	251	7.21752
MGG_13427T0	1122	1123	0	0
MGG_10102T0	741	742	76	7.29836
MGG_15025T0	1948	1949	3978	145.435
MGG_09997T0	2767	2768	28	0.720788
MGG_06649T0	4664	4665	5099	77.8842
MGG_17878T0	1358	1359	1058	55.4731
MGG_02617T0	1941	1942	4579	168.011
MGG_17246T0	2440	2441	871	25.4253
MGG_16354T0	234	235	6	1.81928
MGG_02440T0	3633	3634	1701	33.353
MGG_17373T0	3639	3640	5033	98.5239
MGG_15673T0	159	160	0	0
MGG_08252T0	2028	2029	240	8.4284
MGG_17946T0	339	340	0	0
MGG_03921T0	1621	1622	415	18.2311
MGG_16041T0	342	343	2	0.415482
MGG_11633T0	2628	2629	164	4.44497
MGG_03210T0	1338	1339	426	22.6697
MGG_11590T0	3306	3307	1169	25.1881
MGG_01363T0	1062	1063	168	11.2614
MGG_04414T0	1374	1375	100	5.18219
MGG_07802T0	1763	1764	58	2.34285
MGG_16811T0	312	313	0	0
MGG_17714T0	2251	2252	243	7.68871
MGG_17106T0	282	283	0	0
MGG_04190T0	3265	3266	452	9.86139
MGG_01895T0	1209	1210	1557	91.6894
MGG_01195T0	717	718	55	5.45826
MGG_05601T0	1428	1429	148	7.37981
MGG_05074T0	3243	3244	4904	107.717
MGG_08408T0	1035	1036	51	3.50773
MGG_14150T0	2132	2133	1055	35.2434
MGG_06762T0	3308	3309	677	14.5783
MGG_08371T0	901	902	6	0.473981
MGG_14570T0	945	946	0	0
MGG_10112T0	1860	1861	0	0
MGG_12264T0	882	883	5	0.403483
MGG_03545T0	4234	4235	164	2.75935
MGG_05369T0	1716	1717	257	10.6654
MGG_17357T0	900	901	6	0.474507
MGG_17137T0	227	228	26	8.12558
MGG_01815T0	3308	3309	1104	23.7732
MGG_11075T0	1682	1683	0	0
MGG_17387T0	581	582	4	0.489726
MGG_15855T0	568	569	8	1.00183
MGG_06394T0	2860	2861	1887	46.997
MGG_08548T0	1764	1765	66	2.6645
MGG_17440T0	2547	2548	722	20.1908
MGG_17005T0	348	349	630.627	128.755
MGG_07970T0	1865	1866	301	11.494
MGG_04486T0	5287	5288	3637	49.0081
MGG_16622T0	231	232	4	1.22854
MGG_09830T0	4723	4724	1005	15.1591
MGG_13842T0	3187	3188	1223	27.3353
MGG_04014T0	2398	2399	402	11.9402
MGG_08317T0	1413	1414	255	12.8501
MGG_08103T0	1115	1116	179.47	11.4589
MGG_16316T0	1708	1709	14	0.583716
MGG_07323T0	1978	1979	1513	54.4765
MGG_17428T0	378	379	0	0
MGG_17088T0	455	456	91	14.2198
MGG_01857T0	3269	3270	346	7.53953
MGG_08785T0	1916	1917	90	3.34531
MGG_04607T0	1816	1817	148.404	5.81976
MGG_08748T0	3058	3059	156	3.6338
MGG_09564T0	3877	3878	2562	47.0747
MGG_14767T0	6707	6708	20.0138	0.212595
MGG_16021T0	2461	2462	17	0.492013
MGG_13217T0	2930	2931	417.107	10.1402
MGG_01215T0	3908	3909	4260	77.6533
MGG_03160T0	1396	1397	352.993	18.0047
MGG_03168T0	2001	2002	12	0.427103
MGG_04865T0	2363	2364	81.8247	2.46634
MGG_17028T0	423	424	0	0
MGG_10600T0	5398	5399	447.439	5.90523
MGG_17994T0	264	265	6	1.61332
MGG_15912T0	366	367	0	0
MGG_01882T0	1481	1482	3	0.144241
MGG_09708T0	765	766	20	1.86045
MGG_03707T0	2314	2315	260	8.00273
MGG_00887T0	2219	2220	470	15.0855
MGG_03482T0	1241	1242	91.0688	5.22473
MGG_06159T0	2095	2096	4716	160.324
MGG_04441T0	1875	1876	8925	338.993
MGG_03340T0	1770	1771	1164	46.8328
MGG_05444T0	543	544	0	0
MGG_07022T0	2071	2072	507	17.4355
MGG_05798T0	983	984	3	0.217241
MGG_05722T0	2722	2723	171	4.4747
MGG_01507T0	2816	2817	943	23.8529
MGG_15487T0	318	319	0	0
MGG_00180T0	1890	1891	3179	119.788
MGG_02734T0	2144	2145	753.116	25.0179
MGG_05150T0	979	980	344	25.012
MGG_07066T0	2889	2890	1066	26.283
MGG_16923T0	343	344	2	0.414274
MGG_00843T0	882	883	3182	256.777
MGG_02895T0	1582	1583	119.095	5.36076
MGG_09437T0	3048	3049	74	1.72938
MGG_17302T0	1371	1372	5	0.259676
MGG_18048T0	207	208	238	81.5323
MGG_03838T0	3198	3199	3713	82.704
MGG_15743T0	205	206	1	0.345898
MGG_06189T0	1896	1897	13528.5	508.156
MGG_03085T0	978	979	2	0.145567
MGG_09859T0	1023	1024	36	2.50506
MGG_14824T0	4140	4141	51	0.877568
MGG_12615T0	1593	1594	886	39.606
MGG_00601T0	2894	2895	409	10.0668
MGG_03404T0	1680	1681	4307	182.567
MGG_14759T0	900	901	10	0.790844
MGG_03426T0	756	757	6	0.56477
MGG_15890T0	323	324	5	1.09962
MGG_07710T0	1925	1926	8296	306.922
MGG_11201T0	1314	1315	5455	295.587
MGG_08521T0	1287	1288	11	0.608545
MGG_12525T0	1014	1015	31	2.17626
MGG_11362T0	4287	4288	8397	139.536
MGG_01656T0	2124	2125	4093	137.246
MGG_00329T0	2905	2906	92	2.25584
MGG_02856T0	3261	3262	1026	22.4119
MGG_02968T0	699	700	286	29.1128
MGG_15506T0	225	226	0	0
MGG_16429T0	1541	1542	935	43.2059
MGG_11169T0	339	340	146	30.5978
MGG_08632T0	2412	2413	1172	34.6088
MGG_09813T0	1224	1225	0	0
MGG_01271T0	664	665	405	43.396
MGG_06191T0	2560	2561	6608	183.855
MGG_17430T0	1038	1039	1547.76	106.146
MGG_14681T0	2000	2001	1246	44.3697
MGG_15817T0	1294	1295	314	17.2773
MGG_03243T0	2417	2418	900	26.5217
MGG_02510T0	636	637	565	63.2011
MGG_17843T0	300	301	1	0.236728
MGG_15065T0	1796	1797	217	8.60454
MGG_11497T0	1953	1954	692	25.2347
MGG_10646T0	4222	4223	15843	267.32
MGG_04580T0	381	382	0	0
MGG_17293T0	659	660	1.5176	0.163844
MGG_01447T0	5772	5773	786.395	9.70633
MGG_17271T0	1017	1018	0	0
MGG_12927T0	2300	2301	28	0.867076
MGG_01909T0	976	977	542	39.5294
MGG_03284T0	3639	3640	703	13.7616
MGG_06258T0	3286	3287	2507	54.3464
MGG_10372T0	849	850	1352	113.338
MGG_04326T0	3853	3854	209	3.86412
MGG_06853T0	2088	2089	993.288	33.8807
MGG_05164T0	2466	2467	111	3.20605
MGG_05717T0	2323	2324	495	15.177
MGG_07756T0	4102	4103	1245	21.6214
MGG_12184T0	4610	4611	29	0.448145
MGG_02711T0	1082	1083	5306.56	349.141
MGG_17042T0	3804	3805	1237	23.1649
MGG_10427T0	768	769	1	0.0926594
MGG_17869T0	354	355	18.8879	3.79116
MGG_01505T0	228	229	1365	424.73
MGG_05978T0	1152	1153	131	8.09576
MGG_04810T0	871	872	1067	87.1894
MGG_09008T0	588	589	0	0
MGG_02026T0	2189	2190	0	0
MGG_15585T0	321	322	22	4.86836
MGG_10869T0	1539	1540	12646	585.125
MGG_04893T0	2695	2696	287	7.58539
MGG_16197T0	921	922	24	1.8548
MGG_06166T0	1509	1510	2312	109.101
MGG_02274T0	870	871	4	0.327233
MGG_06644T0	2637	2638	325	8.77858
MGG_15932T0	345	346	3	0.617819
MGG_13024T0	339	340	240	50.2977
MGG_03774T0	2177	2178	54	1.76666
MGG_09785T0	1007	1008	24	1.69655
MGG_16762T0	2731	2732	2712.01	70.7336
MGG_10868T0	3375	3376	4829	101.923
MGG_02441T0	2310	2311	6289.83	193.934
MGG_17573T0	201	202	13	4.58572
MGG_04176T0	3120	3121	228	5.20543
MGG_06005T0	2845	2846	1426.98	35.7273
MGG_15608T0	153	154	7	3.23887
MGG_01449T0	2916	2917	1285	31.3894
MGG_04018T1	2356	2357	24.1959	0.731472
MGG_04018T0	2290	2291	56.1921	1.7477
MGG_15815T0	231	232	2	0.614268
MGG_00572T0	1647	1648	2618	113.195
MGG_01135T0	985	986	9173	662.904
MGG_00511T0	678	679	2	0.209882
MGG_15076T0	1885	1886	5588	211.121
MGG_08613T0	2638	2639	519	14.0134
MGG_00858T0	432	433	422.962	69.6032
MGG_02887T0	1725	1726	93	3.83935
MGG_17172T0	189	190	1	0.375027
MGG_12444T0	690	691	2	0.206238
MGG_14099T0	1521	1522	26	1.21724
MGG_07511T0	2843	2844	7578	189.863
MGG_04877T0	2289	2290	799.983	24.8921
MGG_06103T0	3974	3975	35326	633.247
MGG_12484T0	1572	1573	19	0.860678
MGG_07993T0	619	620	0	0
MGG_14795T0	1868	1869	3542	135.038
MGG_10797T0	1125	1126	7	0.442971
MGG_15108T0	1746	1747	0	0
MGG_02069T0	980	981	54.7616	3.97762
MGG_16628T0	222	223	1	0.31953
MGG_15104T0	984	985	147.616	10.6785
MGG_09797T0	750	751	448	42.5064
MGG_01090T0	4161	4162	3052	52.2514
MGG_17904T0	489	490	7	1.01793
MGG_16854T0	2965	2966	1561	37.5014
MGG_04403T0	216	217	0	0
MGG_14821T0	458	459	51	7.91723
MGG_01030T0	2697	2698	510	13.4693
MGG_13953T0	1404	1405	0	0
MGG_05140T0	1104	1105	295	19.0229
MGG_15873T0	432	433	405	66.6474
MGG_12133T0	1139	1140	696	43.5031
MGG_14678T0	1660	1661	826	35.4345
MGG_11419T0	2384	2385	4898	146.334
MGG_16838T0	249	250	1	0.28502
MGG_15142T0	1173	1174	17	1.0318
MGG_09752T0	2048	2049	14	0.486858
MGG_15688T0	3367	3368	49	1.03667
MGG_04399T0	1552	1553	3862	177.197
MGG_05624T0	1695	1696	2464	103.522
MGG_06428T0	2523	2524	1894	53.4695
MGG_07803T0	5187	5188	0	0
MGG_16437T0	240	241	0	0
MGG_04080T0	3169	3170	782	17.5778
MGG_18121T0	523	524	29	3.94351
MGG_15694T0	153	154	0	0
MGG_16883T0	219	220	2	0.647774
MGG_16700T0	276	277	0	0
MGG_03398T0	672	673	87	9.21128
MGG_16848T0	1395	1396	222	11.3314
MGG_08123T0	3147	3148	346	7.83172
MGG_17463T0	288	289	0	0
MGG_08113T0	1211	1212	36	2.11649
MGG_00252T0	1998	1999	355	12.6541
MGG_10017T0	921	922	0	0
MGG_15275T0	1602	1603	58	2.57816
MGG_14686T0	1056	1057	5	0.337063
MGG_06769T0	2155	2156	4233	139.899
MGG_17052T0	1194	1195	3736	222.769
MGG_01345T0	2025	2026	740	26.026
MGG_05564T0	753	754	6	0.567017
MGG_06692T0	792	793	2990	268.667
MGG_06965T0	3149	3150	358.019	8.09863
MGG_00598T0	2407	2408	507.456	15.0161
MGG_08115T0	1382	1383	152.305	7.84708
MGG_17349T0	498	499	0	0
MGG_11998T0	1146	1147	0	0
MGG_00438T0	1622	1623	2330	102.295
MGG_02514T0	4274	4275	931.825	15.5315
MGG_14603T0	851	852	0	0
MGG_05332T0	2876	2877	39.3285	0.974056
MGG_17196T0	2126	2127	741	24.8237
MGG_14825T0	1872	1873	10151	386.177
MGG_06090T0	4068	4069	603	10.5596
MGG_06499T0	5344	5345	2548	33.9678
MGG_17960T0	4310	4311	7583	125.337
MGG_15669T0	2778	2779	52.6887	1.35097
MGG_05250T0	3254	3255	281	6.15136
MGG_02401T0	1950	1951	346	12.6367
MGG_07903T0	1299	1300	0	0
MGG_16033T0	1805	1806	66	2.60401
MGG_11418T0	1263	1264	3649	205.704
MGG_02083T0	666	667	1	0.106829
MGG_00994T0	1596	1597	1923	85.8006
MGG_05206T0	5918	5919	4926.25	59.304
MGG_02937T0	4334	4335	3122	51.3168
MGG_04679T0	2420	2421	5948	175.062
MGG_12732T0	639	640	3.00375	0.334425
MGG_01905T0	1104	1105	4	0.257937
MGG_07486T0	3390	3391	403.199	8.47242
MGG_12961T0	1646	1647	1790.42	77.4599
MGG_10928T0	2290	2291	402	12.5031
MGG_08841T0	3815	3816	2855.51	53.3202
MGG_00726T0	2812	2813	218	5.52208
MGG_16246T0	426	427	12	2.00248
MGG_01296T0	2313	2314	1281	39.4459
MGG_16967T0	399	400	0	0
MGG_07729T0	2631	2632	548	14.8358
MGG_17917T0	246	247	1	0.288482
MGG_04084T0	2608	2609	513.477	14.0237
MGG_05861T0	1643	1644	34	1.47365
MGG_08258T0	2289	2290	784	24.3948
MGG_10684T0	1041	1042	163	11.1464
MGG_11021T0	3466	3467	281	5.77522
MGG_01710T0	1438	1439	203.555	10.0794
MGG_02850T0	1681	1682	192	8.13376
MGG_08624T0	986	987	3442.08	248.496
MGG_06152T0	980	981	858.311	62.3436
MGG_17511T0	153	154	2	0.925391
MGG_08135T0	4597	4598	2034	31.5208
MGG_16291T0	258	259	2	0.550232
MGG_10827T0	774	775	4991.72	458.949
MGG_16494T0	411	412	720.656	124.637
MGG_03649T0	4017	4018	721.9	12.8021
MGG_14564T0	636	637	1	0.11186
MGG_01524T0	1955	1956	3087.8	112.486
MGG_04664T0	1747	1748	1372	55.9279
MGG_14715T0	585	586	57	6.93096
MGG_15722T0	357	358	19	3.78169
MGG_07556T0	1377	1378	9	0.465382
MGG_04959T0	1006	1007	175	12.383
MGG_15810T0	4692	4693	96.863	1.4707
MGG_08290T0	1888	1889	62.5836	2.36072
MGG_09647T0	1691	1692	0	0
MGG_16758T0	249	250	0	0
MGG_08648T0	2094	2095	311	10.5777
MGG_00541T0	2889	2890	1366	33.6797
MGG_01312T0	1193	1194	2028.97	121.084
MGG_03531T0	2643	2644	2698	72.7104
MGG_10015T0	888	889	0	0
MGG_13512T0	2486	2487	685	19.6259
MGG_00562T0	1959	1960	99	3.59911
MGG_06856T0	2282	2283	388	12.1099
MGG_17366T0	357	358	0	0
MGG_11643T0	3250	3251	2573	56.3948
MGG_16577T0	567	568	5.25302	0.658986
MGG_00740T0	2721	2722	3605	94.3698
MGG_09195T0	1458	1459	3344	163.315
MGG_07930T0	354	355	30	6.02156
MGG_16775T0	342	343	0	0
MGG_17318T0	2634	2635	196.638	5.31745
MGG_16481T0	1023	1024	49.5646	3.44895
MGG_11644T0	732	733	28	2.72189
MGG_01461T0	2024	2025	334	11.7527
MGG_10488T0	1362	1363	0	0
MGG_09847T0	2589	2590	584	16.0668
MGG_12117T0	4875	4876	2443.54	35.7085
MGG_15171T0	504	505	0	0
MGG_16792T0	3270	3271	4411.7	96.1039
MGG_14753T0	228	229	29	9.02357
MGG_12186T0	1020	1021	2	0.139579
MGG_04966T0	2252	2253	644	20.3676
MGG_01844T0	4315	4316	1927	31.8138
MGG_16032T0	222	223	10	3.1953
MGG_10046T0	2222	2223	2	0.0641071
MGG_03372T0	351	352	4932	998.381
MGG_05268T0	1158	1159	10263	630.967
MGG_17633T0	237	238	1	0.299391
MGG_03320T0	2757	2758	1546	39.9421
MGG_17685T0	174	175	0	0
MGG_00506T0	5201	5202	6237	85.4321
MGG_04235T0	5968	5969	1954	23.3259
MGG_01198T0	1838	1839	400	15.4987
MGG_14672T0	558	559	15	1.91203
MGG_17055T0	267	268	2	0.531754
MGG_08270T0	2873	2874	636.689	15.7854
MGG_02561T0	225	226	0	0
MGG_12173T0	2528	2529	800	22.5402
MGG_01410T0	1626	1627	181	7.92696
MGG_16249T0	395	396	29	5.21818
MGG_04890T0	4405	4406	3082	49.843
MGG_08722T0	6290	6291	149	1.68765
MGG_07952T0	300	301	0	0
MGG_12595T0	1411	1412	36.0627	1.81987
MGG_06797T0	2042	2043	6	0.209266
MGG_10212T0	2319	2320	2	0.0614268
MGG_07285T0	3151	3152	816.448	18.4569
MGG_04503T0	3540	3541	2499	50.2871
MGG_08903T0	2811	2812	2043	51.7689
MGG_04904T0	1918	1919	282.775	10.4998
MGG_07898T0	1218	1219	0	0
MGG_05131T0	1808	1809	1665.6	65.6066
MGG_09309T0	2206	2207	6003	193.813
MGG_04984T0	3894	3895	308	5.63455
MGG_17886T0	183	184	2	0.774512
MGG_16570T0	252	253	0	0
MGG_03699T0	2020	2021	3400	119.875
MGG_17530T0	486	487	8	1.17051
MGG_06667T0	168	169	1373	578.895
MGG_12979T0	2728	2729	150	3.91655
MGG_01406T0	3851	3852	249.815	4.62113
MGG_00870T0	1069	1070	583	38.824
MGG_08376T0	462	463	0	0
MGG_10865T0	2112	2113	114	3.84433
MGG_15893T0	314	315	2	0.452413
MGG_15521T0	462	463	0	0
MGG_03226T0	1979	1980	11387	409.789
MGG_06863T0	2767	2768	856	22.0355
MGG_16876T0	243	244	0	0
MGG_05363T0	3220	3221	15	0.331831
MGG_08159T0	3497	3498	1775	36.1572
MGG_10236T0	4473	4474	105	1.67228
MGG_02804T0	2883	2884	724	17.8879
MGG_05985T0	2912	2913	152	3.71808
MGG_00942T0	2049	2050	1838.94	63.9188
MGG_00764T0	1690	1691	3012	126.919
MGG_02239T0	516	517	5	0.689121
MGG_06614T0	3808	3809	276.524	5.17295
MGG_17374T0	510	511	10	1.39442
MGG_14845T0	628	629	25	2.83208
MGG_02407T0	777	778	4168	381.737
MGG_10706T0	1425	1426	488	24.3846
MGG_16319T0	2870	2871	822	20.4011
MGG_08590T0	4023	4024	3984	70.5468
MGG_03951T0	1559	1560	654	29.8723
MGG_03132T0	3053	3054	1475.68	34.4301
MGG_17990T0	288	289	7	1.7259
MGG_14741T0	738	739	3	0.289263
MGG_03378T0	5137	5138	3132	43.4354
MGG_17789T0	367	368	8	1.54902
MGG_02293T0	456	457	0	0
MGG_13256T0	988	989	614	44.2372
MGG_05152T0	2870	2871	186	4.61632
MGG_16440T0	300	301	11	2.60401
MGG_09301T0	1802	1803	1686	66.6312
MGG_07010T0	1556	1557	703	32.1723
MGG_03271T0	2030	2031	157	5.50815
MGG_08489T0	3229	3230	15	0.330906
MGG_18018T0	249	250	0	0
MGG_07420T0	2054	2055	0	0
MGG_16162T0	318	319	50	11.1685
MGG_12097T0	2977	2978	167	3.99584
MGG_01352T0	3436	3437	1070	22.183
MGG_06926T0	1577	1578	701.935	31.6961
MGG_17313T0	624	625	9	1.02607
MGG_13006T0	2441	2442	261	7.61572
MGG_05024T0	2315	2316	519	15.9678
MGG_17275T0	240	241	0	0
MGG_07734T0	4160	4161	7114	121.824
MGG_04732T0	1849	1850	2028	78.111
MGG_01344T0	1161	1162	212	13.0001
MGG_15672T0	2931	2932	1150	27.9479
MGG_15132T0	1833	1834	138	5.36161
MGG_15729T0	321	322	12	2.65547
MGG_07141T0	3107	3108	213	4.88331
MGG_12574T0	1734	1735	512	21.0274
MGG_15447T0	710	711	135	13.5294
MGG_03486T0	1002	1003	3552.89	252.404
MGG_00282T0	2972	2973	15	0.359511
MGG_17272T0	225	226	8	2.5223
MGG_10162T0	2150	2151	6763	224.034
MGG_16932T0	156	157	0	0
MGG_00035T0	1467	1468	0	0
MGG_07408T0	6753	6754	334	3.52372
MGG_03741T0	5575	5576	5450.94	69.657
MGG_15705T0	4616	4617	1135	17.5167
MGG_16929T0	747	748	0	0
MGG_08904T0	2601	2602	449	12.2957
MGG_03231T0	1793	1794	179	7.10962
MGG_06060T0	1803	1804	2292	90.5303
MGG_17952T0	246	247	3	0.865446
MGG_16576T0	387	388	0	0
MGG_16151T0	333	334	0	0
MGG_06361T0	3152	3153	5920	133.787
MGG_07277T0	2657	2658	235	6.29983
MGG_04322T0	2621	2622	576	15.6533
MGG_03544T0	2879	2880	20	0.494827
MGG_01381T0	4733	4734	4379	65.9117
MGG_08481T0	507	508	0	0
MGG_14838T0	477	478	0	0
MGG_03574T0	2523	2524	342	9.65501
MGG_02261T0	1959	1960	1620	58.8945
MGG_00471T0	2948	2949	2305.74	55.7123
MGG_08992T0	324	325	0	0
MGG_17910T0	150	151	0	0
MGG_06973T0	1569	1570	2462	111.739
MGG_11227T0	1197	1198	3857	229.408
MGG_07387T0	2401	2402	420.245	12.4665
MGG_11078T0	2666	2667	202	5.3969
MGG_00299T0	2629	2630	3731	101.085
MGG_13156T0	2204	2205	1486	48.0204
MGG_01613T0	3577	3578	809.267	16.1164
MGG_01558T0	4895	4896	4479	65.1862
MGG_12107T0	1838	1839	65	2.51853
MGG_02559T0	1505	1506	37	1.75062
MGG_05059T0	519	520	58067	7956.86
MGG_16010T0	176	177	0	0
MGG_02897T0	3023	3024	6851	161.431
MGG_07222T0	3030	3031	871	20.4761
MGG_17174T0	342	343	21	4.36256
MGG_15410T0	390	391	0	0
MGG_03361T0	1308	1309	235	12.7922
MGG_03217T0	2197	2198	656	21.2663
MGG_09448T0	1116	1117	0	0
MGG_00651T0	1674	1675	4	0.170161
MGG_03664T0	2986	2987	4957	118.25
MGG_18057T0	2080	2081	1341	45.9169
MGG_01308T0	3544	3545	3360	67.5366
MGG_10033T0	885	886	2	0.160847
MGG_05501T0	2271	2272	3	0.0940868
MGG_08325T0	3494	3495	299.796	6.11216
MGG_05520T0	1708	1709	32	1.33421
MGG_15679T0	195	196	0	0
MGG_07429T0	1336	1337	0	0
MGG_14954T0	1602	1603	3	0.133353
MGG_00112T0	1150	1151	69	4.27159
MGG_05689T0	1708	1709	248	10.3401
MGG_01027T0	2852	2853	1456	36.3643
MGG_14907T0	2118	2119	262	8.81021
MGG_10474T0	1497	1498	20	0.951336
MGG_17708T0	1994	1995	231	8.25059
MGG_07870T0	1742	1743	34	1.38994
MGG_04506T0	1277	1278	2163.36	120.618
MGG_04252T0	2112	2113	61	2.05706
MGG_05151T0	2514	2515	932	26.4055
MGG_07629T0	2570	2571	110	3.04864
MGG_03059T0	4920	4921	2993	43.338
MGG_03286T0	4295	4296	6157.08	102.124
MGG_14839T0	1152	1153	0	0
MGG_05216T0	3503	3504	769	15.6379
MGG_14649T0	763	764	390	36.3737
MGG_04051T0	2850	2851	586	14.6459
MGG_00521T0	3485	3486	597.485	12.2128
MGG_05911T0	441	442	10	1.61211
MGG_01493T0	3281	3282	3468.87	75.3122
MGG_00477T0	2606	2607	1049.03	28.6722
MGG_15576T0	1623	1624	2141	93.9391
MGG_13106T0	1236	1237	267	15.38
MGG_09925T0	4335	4336	2345	38.5362
MGG_08570T0	1567	1568	169	7.67992
MGG_03981T0	952	953	336.643	25.1706
MGG_17127T0	225	226	6	1.89173
MGG_05925T0	1660	1661	309	13.2558
MGG_10527T0	1705	1706	31	1.29479
MGG_03877T0	1908	1909	1479.94	55.2401
MGG_00714T0	741	742	23	2.20872
MGG_05240T0	2166	2167	184	6.05027
MGG_15829T0	351	352	0	0
MGG_00519T0	2651	2652	6305	169.405
MGG_11927T0	894	895	9	0.716532
MGG_01823T0	2436	2437	1807	52.8346
MGG_17173T0	297	298	10	2.39111
MGG_11693T0	1719	1720	7205	298.484
MGG_15026T0	3779	3780	433	8.16229
MGG_06958T0	2365	2366	13884	418.134
MGG_00527T0	624	625	20043	2285.07
MGG_07219T0	6669	6670	192339	2054.74
MGG_05301T0	987	988	87	6.27449
MGG_17448T0	820	821	87.7976	7.62001
MGG_01752T0	2148	2149	3527	116.946
MGG_06219T0	1372	1373	31	1.60882
MGG_04011T0	5112	5113	1960	27.3147
MGG_00364T0	1214	1215	1293.69	75.8701
MGG_08813T0	1856	1857	5863.49	224.988
MGG_03960T0	4628	4629	2504.48	38.552
MGG_02530T0	1760	1761	0	0
MGG_07933T0	2803	2804	188	4.77745
MGG_09544T0	1118	1119	151	9.6153
MGG_15173T0	2238	2239	72	2.29136
MGG_02285T0	396	397	2	0.358968
MGG_04627T0	3539	3540	119	2.3953
MGG_00959T0	984	985	299	21.6297
MGG_08516T0	1191	1192	0	0
MGG_16617T0	1071	1072	0	0
MGG_08391T0	1080	1081	0	0
MGG_01035T0	2159	2160	829	27.3474
MGG_02370T0	1620	1621	19680	865.083
MGG_00704T0	4175	4176	2019	34.4502
MGG_17446T0	177	178	0	0
MGG_00444T0	1348	1349	564.699	29.8278
MGG_07751T0	3524	3525	279	5.63976
MGG_09699T0	3728	3729	2153	41.1403
MGG_03159T0	2736	2737	262	6.82091
MGG_00978T0	1711	1712	5899	245.522
MGG_08630T0	4303	4304	255	4.22167
MGG_17240T0	264	265	16	4.30219
MGG_10877T0	1002	1003	48250	3427.77
MGG_07597T0	2137	2138	24	0.79987
MGG_16094T0	1275	1276	8.39104	0.468577
MGG_07365T0	1331	1332	142	7.59626
MGG_03229T0	3106	3107	337	7.72867
MGG_10638T0	2805	2806	1461	37.1004
MGG_14828T0	456	457	2	0.311838
MGG_06057T0	3205	3206	8378	186.206
MGG_05829T0	2190	2191	0	0
MGG_03037T0	942	943	5	0.377811
MGG_17674T0	267	268	1	0.265877
MGG_16056T0	624	625	640.618	73.0357
MGG_17959T0	2824	2825	3300	83.236
MGG_05138T0	942	943	1995	150.746
MGG_14747T0	1951	1952	1775	64.7939
MGG_06561T0	1942	1943	1316	48.2613
MGG_08662T0	438	439	365	59.244
MGG_14288T0	675	676	0	0
MGG_05115T0	1900	1901	655	24.5513
MGG_03079T0	631	632	4	0.450982
MGG_04562T0	1956	1957	302	10.9959
MGG_15853T0	1757	1758	342	13.8619
MGG_08416T0	1704	1705	0	0
MGG_01465T0	947	948	40	3.00654
MGG_00883T0	5873	5874	6071	73.6448
MGG_06006T0	2075	2076	2198	75.4425
MGG_10350T0	936	937	12	0.912552
MGG_16826T0	1836	1837	87	3.37463
MGG_16596T0	3052	3053	112	2.61401
MGG_02519T0	3593	3594	9507	188.487
MGG_01829T0	1863	1864	57	2.17894
MGG_06597T0	2406	2407	74	2.19064
MGG_04123T0	3353	3354	1310	27.8307
MGG_10666T0	1401	1402	1327	67.4433
MGG_15529T0	171	172	17	7.04265
MGG_17433T0	168	169	0	0
MGG_07626T0	2124	2125	6	0.201191
MGG_16438T0	180	181	0	0
MGG_17455T0	1363	1364	1050	54.8518
MGG_17156T0	336	337	4	0.845758
MGG_00022T0	12204	12205	56	0.326939
MGG_17760T0	348	349	0	0
MGG_05589T0	6759	6760	7	0.0737849
MGG_09012T0	1521	1522	585	27.3878
MGG_10235T0	1571	1572	27	1.22385
MGG_04017T0	3176	3177	583	13.0758
MGG_00472T0	1789	1790	2341.26	93.1993
MGG_03620T0	2871	2872	5505	136.581
MGG_05914T0	1071	1072	1656	110.073
MGG_04829T0	1291	1292	4954.95	273.27
MGG_06378T0	1018	1019	3283.55	229.607
MGG_10232T0	2051	2052	2038	70.7689
MGG_16144T0	1498	1499	87.2968	4.14966
MGG_13187T0	1710	1711	2820	117.44
MGG_04345T0	1593	1594	1	0.0447021
MGG_01873T0	1761	1762	106	4.28663
MGG_06846T0	1291	1292	759	41.8596
MGG_07070T0	3639	3640	1854	36.2931
MGG_10088T0	627	628	17	1.92888
MGG_00597T0	3386	3387	3463	72.854
MGG_17746T0	2957	2958	49.8597	1.20107
MGG_17571T0	201	202	0	0
MGG_17779T0	4388	4389	14	0.227289
MGG_07255T0	3332	3333	8070	172.526
MGG_08299T0	3670	3671	135	2.62039
MGG_01402T0	1200	1201	42	2.49185
MGG_02205T0	1224	1225	1	0.0581674
MGG_03501T0	1262	1263	113	6.37516
MGG_03147T0	3701	3702	2566	49.3897
MGG_07709T0	2339	2340	2520	76.7362
MGG_15557T0	844	845	0	0
MGG_06364T0	3124	3125	437	9.96431
MGG_05751T0	1630	1631	199	8.69391
MGG_14641T0	339	340	6.46163	1.35419
MGG_01106T0	4509	4510	830	13.1135
MGG_16261T0	216	217	8	2.62692
MGG_15449T0	474	475	51.6476	7.7477
MGG_00005T0	898	899	47.5999	3.77279
MGG_00234T0	1224	1225	0	0
MGG_06094T0	3412	3413	307	6.40941
MGG_14757T0	8215	8216	2227	19.3142
MGG_03399T0	1363	1364	461	24.0825
MGG_17641T0	366	367	0	0
MGG_04559T0	2972	2973	2151	51.5539
MGG_00396T0	842	843	378.875	32.0246
MGG_02987T0	1871	1872	1671.17	63.6108
MGG_06353T0	2518	2519	1114.18	31.5169
MGG_10087T0	1347	1348	416	21.9897
MGG_14908T0	1569	1570	168	7.62475
MGG_07961T0	829	830	94	8.06985
MGG_11524T0	270	271	5	1.31467
MGG_12322T0	3361	3362	4593	97.3452
MGG_04737T0	842	843	0	0
MGG_00469T0	3524	3525	755	15.2617
MGG_10544T0	1473	1474	0	0
MGG_04889T0	579	580	2	0.245707
MGG_10274T0	1370	1371	228	11.8499
MGG_16025T0	543	544	430	56.323
MGG_04522T0	1153	1154	697	43.0371
MGG_08535T0	1288	1289	668	36.9266
MGG_08411T0	594	595	0	0
MGG_12509T0	393	394	18	3.25531
MGG_05758T0	913	914	2113.04	164.732
MGG_09726T0	1646	1647	281	12.1571
MGG_10591T0	2241	2242	1354	43.0327
MGG_17913T0	201	202	14	4.93847
MGG_00443T0	634	635	121	13.5777
MGG_08422T0	468	469	0	0
MGG_06311T0	1070	1071	227.351	15.126
MGG_05112T0	2441	2442	800	23.3432
MGG_18139T0	405	406	19	3.3346
MGG_07090T0	2704	2705	258.802	6.81737
MGG_16436T0	329	330	4	0.863698
MGG_16095T0	1485	1486	5	0.239755
MGG_11261T0	1854	1855	1513	58.118
MGG_09605T0	549	550	7	0.906883
MGG_00610T0	483	484	0	0
MGG_01956T0	1068	1069	15	0.999838
MGG_07610T0	1605	1606	2459	109.101
MGG_06520T0	695	696	45	4.60701
MGG_09782T0	1515	1516	3399	159.76
MGG_17434T0	234	235	3	0.909639
MGG_09876T0	1402	1403	3	0.152363
MGG_04642T0	1692	1693	469.756	19.7711
MGG_05803T0	2902	2903	3	0.073636
MGG_01563T0	4224	4225	6488.73	109.433
MGG_08040T0	581	582	3	0.367294
MGG_16877T0	407	408	5	0.873224
MGG_00698T0	1093	1094	221.809	14.447
MGG_05237T0	747	748	4739	451.441
MGG_00074T0	946	947	70	5.26701
MGG_17716T0	714	715	41	4.08596
MGG_14664T0	2552	2553	91.3177	2.54871
MGG_01217T0	2764	2765	1062	27.3681
MGG_07317T0	3105	3106	651	14.9347
MGG_08014T0	3438	3439	88	1.82333
MGG_00244T0	1245	1246	96	5.48996
MGG_06741T0	1083	1084	436	28.6598
MGG_12092T0	589	590	153.177	18.4994
MGG_10834T0	1604	1605	146	6.48177
MGG_08760T0	2404	2405	7531	223.128
MGG_17019T0	1067	1068	546.326	36.4499
MGG_11246T0	2316	2317	5320	163.607
MGG_03840T0	1392	1393	1387	70.9482
MGG_15687T0	753	754	11	1.03953
MGG_01165T0	2925	2926	1262	30.7327
MGG_09714T0	3714	3715	23.3369	0.447611
MGG_16221T0	2113	2114	967	32.594
MGG_12605T0	2902	2903	442	10.849
MGG_05616T0	1986	1987	1320	47.336
MGG_16027T0	1242	1243	8.61808	0.494032
MGG_01119T0	2577	2578	38.8734	1.07445
MGG_16833T0	267	268	6	1.59526
MGG_17963T0	622	623	5	0.571871
MGG_10745T0	2587	2588	1499	41.2718
MGG_09189T0	1707	1708	177	7.38416
MGG_03977T0	2639	2640	146	3.94062
MGG_03739T0	2823	2824	40	1.00928
MGG_00907T0	1510	1511	7014	330.763
MGG_16816T0	171	172	1	0.414274
MGG_07975T0	1133	1134	3702	232.616
MGG_12954T0	255	256	0	0
MGG_17401T0	840	841	2	0.169453
MGG_16127T0	405	406	43	7.54672
MGG_03171T0	2205	2206	1105	35.6921
MGG_00124T0	3826	3827	5398.2	100.509
MGG_15657T0	443	444	8	1.28388
MGG_00399T0	5611	5612	267.459	3.3959
MGG_07819T0	3117	3118	21	0.479909
MGG_14957T0	2295	2296	0	0
MGG_05862T0	1158	1159	71	4.36507
MGG_07372T0	429	430	24221	4013.65
MGG_03952T0	4203	4204	8552	144.951
MGG_15725T0	1802	1803	1521.15	60.1161
MGG_09489T0	2644	2645	752	20.2585
MGG_03103T0	2628	2629	847.495	22.9701
MGG_00212T0	1229	1230	1056.46	61.2017
MGG_07767T0	1248	1249	1	0.0570497
MGG_00897T0	447	448	0	0
MGG_14611T0	870	871	0	0
MGG_07577T0	1821	1822	6	0.234649
MGG_05852T0	960	961	0	0
MGG_07546T0	2210	2211	4	0.12891
MGG_17481T0	480	481	14	2.07395
MGG_11871T0	1484	1485	605	29.0298
MGG_00733T0	2105	2106	622	21.0449
MGG_17234T0	390	391	10	1.82238
MGG_11338T0	781	782	1511	137.681
MGG_16421T0	291	292	45	10.9811
MGG_10831T0	2217	2218	2251.52	72.332
MGG_07076T0	1549	1550	100	4.5971
MGG_08711T0	2201	2202	49	1.5856
MGG_17474T0	600	601	12.2908	1.45721
MGG_01061T0	1421	1422	2833	141.959
MGG_00877T0	4781	4782	1354.82	20.1877
MGG_03064T0	5095	5096	3111	43.4997
MGG_09028T0	1875	1876	533.209	20.2526
MGG_09260T0	1074	1075	6	0.397703
MGG_09717T0	3326	3327	19805	424.168
MGG_05218T0	4744	4745	3054.39	45.8674
MGG_07307T0	1347	1348	49221	2601.81
MGG_02290T0	969	970	5	0.367294
MGG_05952T0	1536	1537	0	0
MGG_07234T0	1017	1018	8672	606.998
MGG_10482T0	2054	2055	25	0.86685
MGG_04949T0	1836	1837	21	0.814565
MGG_06485T0	1738	1739	1198	49.0877
MGG_14815T0	1093	1094	1	0.0651326
MGG_01478T0	1449	1450	994	48.8466
MGG_06526T0	978	979	3	0.218351
MGG_16740T0	249	250	8	2.28016
MGG_10704T0	1049	1050	14	0.950068
MGG_04349T0	1563	1564	4	0.182238
MGG_02041T0	1094	1095	5	0.325366
MGG_07648T0	297	298	0	0
MGG_06309T0	2134	2135	3080	102.794
MGG_09021T0	987	988	25	1.80301
MGG_15784T0	504	505	4	0.564397
MGG_02814T0	1480	1481	877	42.1949
MGG_10480T0	3015	3016	38	0.897776
MGG_17229T0	498	499	0	0
MGG_00410T0	381	382	11	2.05185
MGG_07174T0	4481	4482	904.137	14.374
MGG_07120T0	3474	3475	4450	91.2475
MGG_09460T0	774	775	48446	4454.22
MGG_15583T0	1902	1903	283.114	10.6008
MGG_09418T0	1718	1719	7	0.29016
MGG_00447T0	5470	5471	5208	67.8297
MGG_05030T0	3128	3129	409	9.31394
MGG_11962T0	1854	1855	225	8.6428
MGG_11818T0	1147	1148	433.275	26.8929
MGG_02539T0	1708	1709	15	0.62541
MGG_13669T0	2703	2704	3590	94.6027
MGG_08543T0	1105	1106	3	0.193278
MGG_05082T0	4884	4885	11524.3	168.099
MGG_03078T0	960	961	6	0.444881
MGG_02752T0	789	790	428	38.604
MGG_04342T0	6785	6786	3785.87	39.7528
MGG_06466T0	1545	1546	721.518	33.2548
MGG_07333T0	2273	2274	2423	75.924
MGG_07866T0	1023	1024	0	0
MGG_10550T0	1446	1447	0	0
MGG_16914T0	1629	1630	11	0.480863
MGG_00647T0	1875	1876	7616	289.274
MGG_16198T0	3459	3460	13655	281.21
MGG_06149T0	1389	1390	154.084	7.89876
MGG_17491T0	1657	1658	246	10.5722
MGG_07849T0	1044	1045	37	2.52291
MGG_05056T0	1107	1108	2107	135.5
MGG_06789T0	3745	3746	467	8.88311
MGG_06712T0	3073	3074	1920	44.5055
MGG_03304T0	1769	1770	323.949	13.0412
MGG_11382T0	2619	2620	3881	105.55
MGG_08350T0	555	556	6	0.76894
MGG_18106T0	426	427	4	0.667495
MGG_08874T0	2100	2101	386	13.0911
MGG_11657T0	2440	2441	1138	33.2193
MGG_07115T0	1512	1513	998.217	47.0113
MGG_12957T0	1843	1844	170	6.56907
MGG_11346T0	6009	6010	5172	61.3197
MGG_08354T0	777	778	53568	4906.16
MGG_13017T0	1548	1549	106.764	4.91123
MGG_10942T0	2660	2661	136	3.64175
MGG_01247T0	1281	1282	38	2.11209
MGG_01112T0	984	985	1448	104.749
MGG_17080T0	195	196	1	0.363546
MGG_14671T0	345	346	0	0
MGG_15979T0	393	394	0	0
MGG_15547T0	447	448	0	0
MGG_04034T0	1749	1750	2791	113.642
MGG_17705T0	381	382	1	0.186532
MGG_09852T0	2142	2143	167	5.55278
MGG_06845T0	550	551	40	5.17278
MGG_02831T0	2671	2672	510	13.6003
MGG_03082T0	2860	2861	10	0.249057
MGG_06390T0	3295	3296	1472.59	31.8354
MGG_00571T0	2599	2600	176	4.82342
MGG_05350T0	3327	3328	2123	45.4551
MGG_02469T0	1161	1162	161	9.87269
MGG_11084T0	2672	2673	62	1.65276
MGG_00705T0	609	610	532	62.1438
MGG_02564T0	909	910	0	0
MGG_15903T0	651	652	105	11.4751
MGG_03551T0	2918	2919	731.099	17.8467
MGG_00473T0	1071	1072	2492	165.641
MGG_09742T0	1430	1431	69	3.43578
MGG_12371T0	3042	3043	3508.39	82.1526
MGG_01534T0	3356	3357	37625	798.622
MGG_10577T0	3314	3315	20	0.429895
MGG_00086T0	1275	1276	815	45.5117
MGG_05234T0	1574	1575	37	1.67393
MGG_08883T0	2875	2876	67.8724	1.68159
MGG_14578T0	855	856	0	0
MGG_03580T0	2248	2249	2040.9	64.6619
MGG_02275T0	1590	1591	52	2.32889
MGG_15176T0	1492	1493	661.378	31.565
MGG_01391T0	2048	2049	2826	98.2757
MGG_04244T0	1854	1855	1440	55.3139
MGG_17335T0	477	478	618	92.1248
MGG_01236T0	2730	2731	9853	257.077
MGG_17130T0	213	214	0	0
MGG_11170T0	1442	1443	229	11.308
MGG_10282T0	378	379	3	0.564024
MGG_04714T0	4576	4577	5531	86.107
MGG_00750T0	2835	2836	1111	27.9141
MGG_12468T0	2260	2261	13014	410.134
MGG_00204T0	2796	2797	176	4.4837
MGG_16023T0	171	172	0	0
MGG_04032T0	870	871	193	15.789
MGG_08175T0	1658	1659	1449	62.2355
MGG_02515T0	1601	1602	1807	80.3732
MGG_06939T0	2544	2545	1610.55	45.0924
MGG_16525T0	243	244	5	1.46015
MGG_07536T0	2402	2403	6734	199.68
MGG_05269T0	1746	1747	1173	47.8433
MGG_02821T0	1964	1965	5739	208.108
MGG_07144T0	207	208	35	11.99
MGG_16942T0	216	217	0.5	0.164182
MGG_07158T0	2115	2116	22	0.740837
MGG_07497T0	1506	1507	31	1.46576
MGG_10034T0	372	373	0	0
MGG_17468T0	858	859	1	0.0829512
MGG_05155T0	2015	2016	1696.59	59.9655
MGG_04461T0	309	310	2	0.45971
MGG_18025T0	313	314	1	0.226927
MGG_12761T0	7704	7705	1951.52	18.0475
MGG_07507T0	1527	1528	143	6.66851
MGG_17615T0	1152	1153	0	0
MGG_06093T0	995	996	647	46.2872
MGG_05053T0	2077	2078	256	8.7783
MGG_01762T0	1207	1208	2567	151.417
MGG_09879T0	1010	1011	47	3.31255
MGG_05099T0	3847	3848	1348.39	24.9686
MGG_06297T0	3407	3408	1611	33.6831
MGG_06493T0	1164	1165	698	42.6919
MGG_17898T0	222	223	1	0.31953
MGG_17027T0	273	274	0	0
MGG_16271T0	690	691	25	2.57797
MGG_14755T0	2319	2320	631	19.3802
MGG_06448T0	2412	2413	574.845	16.975
MGG_03734T0	1018	1019	1067	74.6116
MGG_02344T0	381	382	0	0
MGG_07320T0	1174	1175	54	3.2747
MGG_14683T0	3537	3538	233	4.6926
MGG_04088T0	832	833	106	9.06727
MGG_02864T0	357	358	0	0
MGG_07207T0	1743	1744	80	3.26858
MGG_10754T0	909	910	0	0
MGG_06661T0	2632	2633	112.413	3.04215
MGG_07997T0	1850	1851	90	3.46459
MGG_16609T0	592	593	7	0.841122
MGG_09390T0	1890	1891	0	0
MGG_10280T0	333	334	0	0
MGG_06000T0	900	901	203	16.0541
MGG_06834T0	1362	1363	29	1.51607
MGG_10921T0	929	930	6	0.45971
MGG_07265T0	1675	1676	909.401	38.6631
MGG_01490T0	1720	1721	2077	85.9947
MGG_16709T0	1809	1810	16	0.629879
MGG_14350T0	3796	3797	209	3.92213
MGG_16946T0	219	220	0	0
MGG_09874T0	717	718	2	0.198482
MGG_17258T0	1374	1375	32	1.6583
MGG_16433T0	434	435	8	1.31044
MGG_15666T0	321	322	0	0
MGG_07000T0	3464	3465	10119	208.09
MGG_03169T0	3020	3021	1662	39.2009
MGG_01173T0	391	392	21	3.81724
MGG_00392T0	2096	2097	543	18.4509
MGG_15388T0	1587	1588	3	0.134613
MGG_14244T0	906	907	12762	1002.6
MGG_10892T0	372	373	1	0.191032
MGG_02104T0	1474	1475	3329	160.819
MGG_15647T0	403	404	19	3.35111
MGG_15090T0	2901	2902	934	22.9332
MGG_05812T0	1912	1913	369.317	13.7562
MGG_17376T0	252	253	22	6.19609
MGG_02731T0	2202	2203	6116	197.819
MGG_01223T0	1191	1192	214	12.7924
MGG_11560T0	2927	2928	284	6.91135
MGG_09378T0	219	220	54	17.4899
MGG_01934T0	651	652	3	0.327861
MGG_15397T0	1077	1078	3	0.198298
MGG_01214T0	988	989	37	2.66576
MGG_17983T0	2037	2038	224	7.83177
MGG_05785T0	2408	2409	482	14.2569
MGG_05416T0	444	445	0	0
MGG_18040T0	2368	2369	104	3.12813
MGG_01771T0	1862	1863	1788.36	68.4003
MGG_10848T0	1812	1813	1014	39.8525
MGG_07908T0	1271	1272	54	3.02498
MGG_17524T0	259	260	0	0
MGG_08439T0	1155	1156	15	0.92459
MGG_04887T0	1911	1912	221	8.23607
MGG_16497T0	408	409	104.278	18.1671
MGG_15274T0	2457	2458	25	0.724726
MGG_15257T0	936	937	30	2.28138
MGG_04954T0	2515	2516	1879	53.2147
MGG_18088T0	276	277	26	6.6882
MGG_16970T0	1353	1354	72	3.78904
MGG_06268T0	4232	4233	1502.53	25.2925
MGG_13224T0	2065	2066	349	12.0368
MGG_03254T0	4521	4522	2528	39.8348
MGG_06714T0	1355	1356	1608	84.4972
MGG_10561T0	1134	1135	0	0
MGG_16461T0	2446	2447	37	1.07742
MGG_04963T0	168	169	1458	614.733
MGG_10061T0	4193	4194	18	0.305816
MGG_08316T0	486	487	0	0
MGG_04827T0	2102	2103	3347	113.405
MGG_06601T0	309	310	2895	665.431
MGG_16898T0	222	223	4	1.27812
MGG_00385T0	3744	3745	493	9.38018
MGG_07704T0	1800	1801	659	26.0728
MGG_02459T0	1923	1924	1529	56.6263
MGG_09851T0	1023	1024	9	0.626265
MGG_01206T0	2843	2844	2527	63.3128
MGG_00504T0	3452	3453	930.01	19.1914
MGG_04113T0	1423	1424	413	20.666
MGG_08749T0	1821	1822	0	0
MGG_16768T0	180	181	2	0.787349
MGG_08651T0	4801	4802	960	14.2451
MGG_04861T0	1003	1004	5991.91	425.253
MGG_00154T0	741	742	323	31.018
MGG_07890T0	2033	2034	6	0.210192
MGG_02116T0	3349	3350	29	0.616835
MGG_01488T0	786	787	737	66.7281
MGG_17477T0	1247	1248	18	1.02772
MGG_06957T0	852	853	299	24.9769
MGG_00187T0	1146	1147	333	20.687
MGG_09095T0	1050	1051	1027	69.6279
MGG_08430T0	966	967	99	7.29499
MGG_08461T0	1296	1297	381	20.9315
MGG_10555T0	885	886	0	0
MGG_06193T0	2501	2502	2479	70.6001
MGG_11039T0	3539	3540	1095	22.0408
MGG_03876T0	3193	3194	419.943	9.36853
MGG_05581T0	693	694	256	26.2843
MGG_06334T0	3581	3582	15223	302.824
MGG_16805T0	1854	1855	54	2.07427
MGG_01827T0	2808	2809	1	0.0253667
MGG_04947T0	1848	1849	1012.84	39.0319
MGG_00374T0	1353	1354	8817	464
MGG_06443T0	771	772	71	6.55325
MGG_09868T0	2047	2048	1321.63	45.9829
MGG_01657T0	3717	3718	2933	56.2106
MGG_16142T0	165	166	3	1.28774
MGG_15498T0	441	442	1	0.161211
MGG_10214T0	891	892	0	0
MGG_13641T0	3025	3026	4913.23	115.695
MGG_16024T0	249	250	1	0.28502
MGG_12547T0	580	581	14	1.71699
MGG_04338T0	2799	2800	1695	43.1348
MGG_07567T0	5032	5033	312	4.41716
MGG_13622T0	2486	2487	11	0.315161
MGG_00500T0	4494	4495	608.177	9.64087
MGG_07627T0	1550	1551	112.659	5.17573
MGG_04151T0	958	959	1689	125.495
MGG_06882T0	2972	2973	1379.28	33.0578
MGG_04735T0	444	445	0	0
MGG_06537T0	10466	10467	284	1.93336
MGG_04699T0	3809	3810	5095	95.2873
MGG_16359T0	537	538	89.7808	11.891
MGG_13430T0	623	624	10	1.14191
MGG_06368T0	4440	4441	2068	33.1807
MGG_03215T0	1749	1750	1163	47.3541
MGG_07143T0	1380	1381	246	12.6928
MGG_07329T0	1920	1921	1222	45.3273
MGG_05328T0	2389	2390	2620	78.1123
MGG_00288T0	3198	3199	906	20.1804
MGG_06540T0	1230	1231	26	1.50498
MGG_04410T0	3389	3390	578	12.1491
MGG_01890T0	1545	1546	89	4.10201
MGG_07623T0	366	367	579	112.416
MGG_16900T0	2132	2133	95.0185	3.17419
MGG_05011T0	1755	1756	127	5.15341
MGG_03081T0	1548	1549	0	0
MGG_15389T0	468	469	6	0.911579
MGG_17738T0	315	316	6	1.35294
MGG_16019T0	807	808	0	0
MGG_01682T0	2656	2657	675	18.1021
MGG_10311T0	1483	1484	17	0.816264
MGG_17974T0	249	250	12	3.42024
MGG_01559T0	2255	2256	2107	66.549
MGG_15560T0	354	355	0	0
MGG_00109T0	2661	2662	1099	29.4175
MGG_15361T0	393	394	0	0
MGG_11439T0	231	232	707	217.144
MGG_10859T0	8917	8918	3406.72	27.2198
MGG_07585T0	1248	1249	0	0
MGG_05908T0	1681	1682	0	0
MGG_09061T0	2473	2474	40	1.15206
MGG_01375T0	915	916	0	0
MGG_10562T0	3200	3201	1219	27.1353
MGG_01847T0	1521	1522	404.2	18.9233
MGG_08580T0	2513	2514	2178	61.7317
MGG_03882T0	2234	2235	242	7.71532
MGG_00021T0	1305	1306	19	1.03664
MGG_14063T0	390	391	0	0
MGG_01599T0	792	793	1542	138.557
MGG_14726T0	1380	1381	0	0
MGG_07099T0	2919	2920	1747	42.631
MGG_06237T0	1830	1831	90	3.50243
MGG_05048T0	3216	3217	662	14.663
MGG_03123T0	3483	3484	641	13.1098
MGG_08922T0	2660	2661	1211	32.4276
MGG_01176T0	1556	1557	546	24.9873
MGG_07480T0	1268	1269	1031	57.8912
MGG_09614T0	1164	1165	0	0
MGG_08209T0	1435	1436	1227	60.8844
MGG_12408T0	1203	1204	15	0.887729
MGG_09780T0	2432	2433	291.135	8.52645
MGG_10272T0	935	936	1	0.0761272
MGG_01601T0	3717	3718	908	17.4017
MGG_05271T0	1652	1653	933	40.2184
MGG_10575T0	1594	1595	414	18.4951
MGG_16226T0	396	397	2	0.358968
MGG_07538T0	720	721	25	2.4707
MGG_07527T0	788	789	739	66.7396
MGG_11652T0	1179	1180	130	7.85014
MGG_06383T0	723	724	274	26.9667
MGG_16579T0	3852	3853	48.7304	0.90119
MGG_17638T0	216	217	0.5	0.164182
MGG_12467T0	947	948	5610.28	421.689
MGG_03117T0	1116	1117	45.376	2.8946
MGG_09465T0	812	813	291.294	25.5303
MGG_03892T0	4906	4907	356.774	5.18076
MGG_17623T0	2617	2618	40	1.08869
MGG_04183T0	2348	2349	2611.12	79.2064
MGG_00556T0	312	313	421	95.8415
MGG_08034T0	474	475	30	4.50032
MGG_17922T0	306	307	12	2.78522
MGG_16422T0	180	181	25	9.84186
MGG_15247T0	1320	1321	18	0.970925
MGG_03781T0	746	747	32	3.05243
MGG_11462T0	859	860	112	9.27973
MGG_08822T0	1484	1485	2458.73	117.978
MGG_03582T0	2614	2615	724.246	19.7347
MGG_01166T0	3033	3034	146	3.42889
MGG_17178T0	505	506	4	0.563281
MGG_03674T0	794	795	194	17.388
MGG_15617T0	731	732	0	0
MGG_01607T0	2388	2389	43048	1283.96
MGG_15517T0	1769	1770	3	0.120771
MGG_10217T0	453	454	0	0
MGG_04000T0	2394	2395	1523	45.3117
MGG_13928T0	2043	2044	36	1.25498
MGG_02235T0	996	997	2	0.142939
MGG_00983T0	2021	2022	994	35.0285
MGG_05083T0	1260	1261	2266.59	128.078
MGG_17367T0	168	169	0	0
MGG_08911T0	5408	5409	3222	42.4448
MGG_02118T0	1278	1279	23	1.28137
MGG_09842T0	513	514	0	0
MGG_16680T0	291	292	6	1.46415
MGG_01583T0	2725	2726	656	17.1472
MGG_11796T0	3328	3329	1492	31.9353
MGG_08799T0	351	352	4	0.809717
MGG_16585T0	458	459	1	0.15524
MGG_00435T0	1797	1798	83	3.28931
MGG_10653T0	1998	1999	833.1	29.6962
MGG_15416T0	633	634	12	1.34868
MGG_05386T0	1035	1036	5	0.343895
MGG_02761T0	1600	1601	230	10.2365
MGG_13799T0	222	223	49	15.6569
MGG_01851T0	1091	1092	8	0.522015
MGG_05463T0	1426	1427	339	16.9275
MGG_07834T0	363	364	0	0
MGG_08789T0	615	616	0	0
MGG_17037T0	228	229	1	0.311158
MGG_06025T0	1423	1424	4952	247.792
MGG_03144T0	4698	4699	1125	17.0594
MGG_07789T0	2262	2263	1573	49.5291
MGG_10434T0	528	529	0	0
MGG_02328T0	2367	2368	393	11.8257
MGG_10614T0	774	775	1	0.091942
MGG_05002T0	9601	9602	997	7.3986
MGG_01325T0	1781	1782	2180	87.1695
MGG_15513T0	519	520	0	0
MGG_00706T0	2364	2365	756	22.7775
MGG_16760T0	426	427	28	4.67246
MGG_01520T0	1971	1972	3149	113.784
MGG_16880T0	1173	1174	721	43.7606
MGG_17523T0	276	277	14	3.60134
MGG_08188T0	324	325	5	1.09623
MGG_00577T0	1960	1961	873	31.7214
MGG_07727T0	1231	1232	2373	137.247
MGG_06247T0	2385	2386	1911	57.0698
MGG_11707T0	1302	1303	1379	75.4112
MGG_06058T0	3153	3154	632.229	14.2833
MGG_14301T0	393	394	21	3.79786
MGG_16305T0	707	708	32	3.22057
MGG_12580T0	3113	3114	1570	35.925
MGG_11750T0	1660	1661	15944	683.98
MGG_05685T0	1353	1354	2900	152.614
MGG_04816T0	2151	2152	66.7936	2.21161
MGG_14679T0	1714	1715	312	12.963
MGG_07530T0	1843	1844	90	3.47774
MGG_02967T0	1781	1782	236.33	9.44988
MGG_13110T0	2175	2176	16	0.523934
MGG_04282T0	699	700	164	16.694
MGG_08277T0	546	547	38	4.95008
MGG_01348T0	5459	5460	1062.78	13.8697
MGG_16330T0	162	163	0	0
MGG_15795T0	2145	2146	534.783	17.7568
MGG_06296T0	986	987	813	58.6934
MGG_03298T0	1808	1809	322	12.6833
MGG_07621T0	444	445	2	0.320248
MGG_08052T0	2432	2433	20	0.585738
MGG_00369T0	1807	1808	89	3.50758
MGG_09828T0	2580	2581	248	6.84667
MGG_18015T0	564	565	2	0.25223
MGG_05310T0	1761	1762	1730	69.961
MGG_01995T0	1715	1716	10013	415.779
MGG_16658T0	348	349	0	0
MGG_07078T0	1745	1746	711.045	29.0181
MGG_06065T0	2632	2633	993	26.8729
MGG_15312T0	357	358	46	9.15568
MGG_08378T0	1605	1606	0	0
MGG_17740T0	375	376	19.6225	3.71862
MGG_11519T0	1468	1469	1358	65.8709
MGG_01336T0	1677	1678	413	17.5378
MGG_05593T0	768	769	108	10.0072
MGG_07349T0	735	736	6	0.580884
MGG_11130T0	3117	3118	1579.92	36.1056
MGG_02154T0	327	328	0	0
MGG_09598T0	1725	1726	0	0
MGG_05987T0	612	613	218	25.3403
MGG_10764T0	909	910	99	7.75193
MGG_01107T0	1458	1459	349	17.0446
MGG_15844T0	153	154	0	0
MGG_15636T0	3796	3797	538	10.0962
MGG_00017T0	3414	3415	0	0
MGG_10713T0	1042	1043	90	6.14857
MGG_06020T0	2258	2259	972.369	30.6712
MGG_04880T0	1332	1333	23	1.22946
MGG_01570T0	4942	4943	13035	187.904
MGG_16799T0	222	223	0	0
MGG_08044T0	1679	1680	27	1.14517
MGG_16428T0	1004	1005	55	3.89953
MGG_00774T0	1003	1004	189.669	13.461
MGG_09436T0	600	601	5	0.592804
MGG_09534T0	992	993	290.478	20.8439
MGG_01776T0	3484	3485	308	6.29744
MGG_01688T0	2090	2091	2444	83.2843
MGG_01260T0	2691	2692	6934	183.537
MGG_05244T0	7669	7670	6687	62.1229
MGG_10571T0	1777	1778	2054	82.3161
MGG_01051T0	1433	1434	469	23.3045
MGG_07121T0	2073	2074	968	33.257
MGG_07535T0	3309	3310	10876	234.13
MGG_12230T0	713	714	2	0.199594
MGG_16711T0	3630	3631	4779	93.7835
MGG_16168T0	1275	1276	0	0
MGG_16645T0	210	211	8	2.70161
MGG_08058T0	1014	1015	83	5.82677
MGG_01612T0	2219	2220	3986.73	127.962
MGG_10443T0	2313	2314	86	2.6482
MGG_01777T0	4248	4249	864	14.4891
MGG_07085T0	705	706	601	60.6577
MGG_09027T0	2803	2804	956.791	24.3139
MGG_17280T0	1731	1732	523	21.5164
MGG_17203T0	491	492	0	0
MGG_01713T0	1140	1141	177	11.0536
MGG_06190T0	2426	2427	381	11.1859
MGG_02580T0	1575	1576	1250	56.5158
MGG_12770T0	3077	3078	28.0622	0.649634
MGG_13543T0	1278	1279	17224	959.576
MGG_08979T0	2919	2920	7	0.170817
MGG_03934T0	975	976	236	17.2297
MGG_00436T0	2034	2035	308	10.7846
MGG_06100T0	5526	5527	1146.69	14.7833
MGG_07376T0	414	415	0	0
MGG_04148T0	1840	1841	3476.09	134.54
MGG_07189T0	975	976	1781	130.026
MGG_04202T0	890	891	230591	18440.8
MGG_04137T0	1787	1788	4880	194.477
MGG_00980T0	828	829	152	13.0649
MGG_15850T0	716	717	628	62.4103
MGG_06911T0	1483	1484	290.771	13.9615
MGG_01719T0	1417	1418	2481.87	124.715
MGG_17749T0	177	178	0	0
MGG_16875T0	690	691	1	0.103119
MGG_04969T0	1948	1949	3218	117.649
MGG_05565T0	1135	1136	36	2.25808
MGG_03321T0	1539	1540	275	12.7241
MGG_03454T0	1547	1548	14	0.644426
MGG_00851T0	3228	3229	298.411	6.5851
MGG_02670T0	5292	5293	139.007	1.87133
MGG_06629T0	1582	1583	2809	126.441
MGG_07056T0	624	625	769	87.6723
MGG_01986T0	999	1000	49	3.4915
MGG_11567T0	1502	1503	484	22.9457
MGG_02433T0	782	783	411.331	37.4322
MGG_09069T0	1776	1777	13.0007	0.521308
MGG_17588T0	1575	1576	1	0.0452126
MGG_01062T0	1477	1478	8457	407.716
MGG_05863T0	1062	1063	543	36.3984
MGG_16009T0	280	281	0	0
MGG_06740T0	1764	1765	0	0
MGG_15124T0	1534	1535	5	0.232101
MGG_15008T0	1121	1122	366.584	23.2807
MGG_04215T0	3442	3443	34.4707	0.713393
MGG_00415T0	1305	1306	6	0.327359
MGG_09348T0	930	931	1829	139.984
MGG_10637T0	1471	1472	1099	53.1993
MGG_17214T0	2016	2017	2	0.0706545
MGG_10014T0	1314	1315	0	0
MGG_07171T0	5032	5033	2697	38.183
MGG_14924T0	771	772	42	3.87657
MGG_00417T0	2507	2508	118	3.35251
MGG_06084T0	2999	3000	163	3.87153
MGG_10825T0	1178	1179	2365.44	142.96
MGG_03227T0	548	549	6452	837.41
MGG_09820T0	2396	2397	18	0.535082
MGG_05539T0	1650	1651	0	0
MGG_01848T0	1822	1823	1408.8	55.0654
MGG_12462T0	1583	1584	1351.34	60.7889
MGG_01723T0	2203	2204	636	20.5618
MGG_07080T0	1418	1419	1873.07	94.0561
MGG_08410T0	1527	1528	1	0.0466329
MGG_15869T0	452	453	44.5512	7.00772
MGG_16641T0	204	205	13	4.51862
MGG_15620T0	252	253	0	0
MGG_11805T0	1533	1534	307	14.2603
MGG_06823T0	1509	1510	51	2.40663
MGG_09601T0	2004	2005	8	0.28431
MGG_17881T0	640	641	0	0
MGG_14540T0	1109	1110	14	0.898713
MGG_00963T0	3344	3345	8	0.170416
MGG_15256T0	1117	1118	0	0
MGG_08857T0	1722	1723	139	5.74838
MGG_02832T0	2624	2625	681	18.4856
MGG_06070T0	3488	3489	4257	86.9398
MGG_04459T0	4709	4710	204	3.08621
MGG_02714T0	1024	1025	511	35.5233
MGG_16857T0	252	253	0	0
MGG_00441T0	612	613	4	0.46496
MGG_17735T0	207	208	0	0
MGG_08675T0	697	698	1	0.102085
MGG_04175T0	1744	1745	409.655	16.7278
MGG_08256T0	1364	1365	1276	66.6092
MGG_10747T0	969	970	7	0.514212
MGG_07466T0	2021	2022	7676.47	270.518
MGG_01918T0	1587	1588	47	2.10894
MGG_15379T0	701	702	12	1.21804
MGG_09208T0	4624	4625	1184	18.2413
MGG_09600T0	2058	2059	6	0.20764
MGG_16270T0	291	292	15	3.66036
MGG_03218T0	1742	1743	8035	328.477
MGG_00715T0	617	618	211	24.3282
MGG_05261T0	2398	2399	3270	97.1255
MGG_06615T0	1685	1686	2.47583	0.104636
MGG_17228T0	186	187	0	0
MGG_01144T0	1209	1210	714	42.0464
MGG_01154T0	1703	1704	379.783	15.8812
MGG_05456T0	960	961	1068	79.1888
MGG_05139T0	1431	1432	87	4.32905
MGG_00561T0	1126	1127	8	0.505804
MGG_04042T0	3639	3640	575	11.256
MGG_06425T0	2805	2806	234	5.94216
MGG_04177T0	6583	6584	4698	50.8439
MGG_01875T0	951	952	29	2.17059
MGG_05107T0	2205	2206	354	11.4344
MGG_03439T0	1330	1331	12870	688.995
MGG_10155T0	609	610	2	0.233623
MGG_11223T0	1510	1511	100	4.71576
MGG_03906T0	3885	3886	1211	22.2053
MGG_08084T0	5037	5038	28982	409.908
MGG_16218T0	159	160	6	2.67207
MGG_06011T0	1385	1386	1933	99.3767
MGG_17362T0	225	226	0	0
MGG_09473T0	885	886	123	9.89207
MGG_01950T0	1560	1561	2	0.0912942
MGG_06511T0	1724	1725	1272	52.5429
MGG_01053T0	1024	1025	29	2.016
MGG_05896T0	309	310	5	1.14928
MGG_08097T0	2921	2922	12958	315.99
MGG_00629T0	336	337	65	13.7436
MGG_10613T0	1244	1245	2	0.114466
MGG_18007T0	378	379	11	2.06809
MGG_15895T0	1478	1479	6541.46	315.154
MGG_15390T0	1404	1405	0	0
MGG_18014T0	201	202	6	2.11649
MGG_08855T0	5409	5410	4319	56.8855
MGG_08786T0	1840	1841	13	0.503159
MGG_09235T0	2633	2634	1068	28.8916
MGG_08457T0	3593	3594	26426	523.925
MGG_14198T0	1185	1186	9	0.540722
MGG_09213T0	2910	2911	1211.81	29.6625
MGG_01220T0	2487	2488	1158.05	33.1658
MGG_01824T0	4016	4017	2803	49.7207
MGG_00071T0	1309	1310	11	0.598325
MGG_06113T0	1300	1301	66	3.61479
MGG_03715T0	1349	1350	1461	77.1138
MGG_02820T0	1016	1017	360	25.223
MGG_03263T0	2185	2186	117	3.81374
MGG_15220T0	279	280	0	0
MGG_06342T0	3885	3886	1626	29.8149
MGG_09522T0	3647	3648	377	7.36381
MGG_17763T0	171	172	0	0
MGG_12831T0	1840	1841	702	27.1706
MGG_02986T0	5892	5893	849.828	10.2757
MGG_01963T0	1024	1025	6	0.417103
MGG_10020T0	399	400	0	0
MGG_12337T0	1230	1231	122548	7093.56
MGG_10423T0	1815	1816	444	17.4214
MGG_04817T0	2232	2233	409.206	13.0578
MGG_09106T0	483	484	10	1.47221
MGG_16490T0	765	766	1753	163.068
MGG_00814T0	984	985	1454	105.183
MGG_17848T0	1200	1201	0.0413154	0.00245124
MGG_08169T0	2029	2030	617	21.6573
MGG_02284T0	1233	1234	77	4.44622
MGG_08528T0	1760	1761	0	0
MGG_15733T0	264	265	4	1.07555
MGG_13241T0	1172	1173	45	2.73357
MGG_03036T0	1676	1677	126.23	5.36345
MGG_06751T0	1528	1529	9277	432.331
MGG_03124T0	1629	1630	38	1.66116
MGG_07129T0	3465	3466	3269.21	67.2095
MGG_16409T0	1182	1183	16970.9	1022.2
MGG_07019T0	2192	2193	41	1.33217
MGG_04144T0	5054	5055	2430	34.2532
MGG_05400T0	906	907	16	1.25698
MGG_08161T0	2660	2661	854.36	22.8777
MGG_08207T0	3139	3140	1484	33.676
MGG_14928T0	1710	1711	22.3494	0.930745
MGG_13866T0	1539	1540	0	0
MGG_17000T0	1735	1736	411	16.8697
MGG_15770T0	799	800	9	0.80162
MGG_10931T0	1021	1022	35	2.44024
MGG_06486T0	813	814	239	20.9213
MGG_14639T0	1437	1438	211	10.4554
MGG_02977T0	1809	1810	82	3.22813
MGG_16953T0	669	670	104	11.0605
MGG_15691T0	216	217	8	2.62692
MGG_17754T0	162	163	0	0
MGG_04505T0	2022	2023	1355.61	47.748
MGG_07518T0	3495	3496	2380	48.5089
MGG_00631T0	2994	2995	508	12.086
MGG_07048T0	1225	1226	2406	139.837
MGG_03433T0	1594	1595	11	0.491414
MGG_01058T0	2024	2025	10081	354.727
MGG_09751T0	1134	1135	114	7.1569
MGG_08493T0	2400	2401	1	0.0296773
MGG_17255T0	357	358	3	0.59711
MGG_05028T0	1574	1575	20997	949.932
MGG_16457T0	3267	3268	2429.74	52.9778
MGG_15654T0	1451	1452	247	12.1212
MGG_04554T0	2070	2071	2	0.0688123
MGG_14590T0	1472	1473	25	1.20935
MGG_15599T0	2018	2019	141	4.97621
MGG_12022T0	1467	1468	0	0
MGG_12348T0	381	382	8	1.49225
MGG_05504T0	306	307	0	0
MGG_06545T0	3128	3129	111.017	2.52813
MGG_07842T0	1922	1923	142	5.26169
MGG_16113T0	366	367	0	0
MGG_04872T0	3773	3774	965.274	18.2249
MGG_17987T0	249	250	64	18.2413
MGG_03529T0	2443	2444	143	4.16918
MGG_01395T0	1023	1024	3	0.208755
MGG_08451T0	333	334	0	0
MGG_17989T0	1158	1159	2430	149.396
MGG_08532T0	411	412	1	0.172949
MGG_13538T0	1665	1666	15	0.641552
MGG_06105T0	1167	1168	426.139	25.997
MGG_08278T0	1920	1921	1149	42.6195
MGG_12805T0	2588	2589	585.045	16.1017
MGG_05552T0	1072	1073	186	12.3518
MGG_11895T0	3858	3859	2200	40.6222
MGG_17567T0	189	190	0	0
MGG_17940T0	327	328	5	1.08621
MGG_17449T0	3789	3790	3028	56.9289
MGG_15114T0	2149	2150	0	0
MGG_08174T0	1420	1421	194	9.728
MGG_09645T0	6381	6382	0	0
MGG_13085T0	363	364	0	0
MGG_10716T0	1162	1163	33.7077	2.06522
MGG_07713T0	819	820	14	1.21655
MGG_15409T0	835	836	2	0.170467
MGG_04551T0	1287	1288	2766	153.021
MGG_04199T0	2996	2997	1866.81	44.3843
MGG_16152T0	396	397	23	4.12813
MGG_03587T0	2042	2043	1204	41.9927
MGG_08198T0	3996	3997	3642	64.9265
MGG_18004T0	852	853	6	0.501208
MGG_04048T0	1589	1590	14	0.627403
MGG_02637T0	1228	1229	11	0.637759
MGG_09913T0	1867	1868	1451	55.3486
MGG_16079T0	186	187	0	0
MGG_01435T0	3115	3116	35	0.800362
MGG_16290T0	270	271	1	0.262934
MGG_09628T0	900	901	0	0
MGG_06871T0	2230	2231	1433.22	45.7751
MGG_08185T0	2655	2656	108	2.89742
MGG_16837T0	156	157	0	0
MGG_10956T0	1139	1140	38	2.37517
MGG_17650T0	165	166	0	0
MGG_00448T0	2304	2305	162	5.00795
MGG_01728T0	1896	1897	247	9.27781
MGG_18105T0	372	373	0	0
MGG_01414T0	4528	4529	101	1.58904
MGG_11758T0	6947	6948	1569	16.0909
MGG_09956T0	3458	3459	2420	49.8518
MGG_14293T0	1459	1460	1081.31	52.7731
MGG_12321T0	4125	4126	264	4.55922
MGG_16148T0	1237	1238	130	7.48236
MGG_02774T0	2493	2494	1708	48.7986
MGG_07580T0	1761	1762	11	0.444839
MGG_08592T0	582	583	383	46.8108
MGG_03867T0	996	997	61	4.35964
MGG_05664T0	4886	4887	6140	89.5245
MGG_07846T0	1543	1544	0	0
MGG_02949T0	3782	3783	3065	57.7311
MGG_05133T0	3320	3321	2814	60.3769
MGG_10939T0	453	454	2	0.313899
MGG_04617T0	5721	5722	5310	66.1245
MGG_00254T0	1609	1610	25082	1110.07
MGG_07200T0	3359	3360	79546	1686.92
MGG_07958T0	1458	1459	4	0.195353
MGG_08236T0	7851	7852	0	0
MGG_05330T0	407	408	42.4804	7.41899
MGG_15754T0	225	226	0	0
MGG_15537T0	3875	3876	4214	77.4688
MGG_14326T0	800	801	10	0.889577
MGG_01796T0	1167	1168	16	0.976097
MGG_09696T0	4254	4255	2484.88	41.6122
MGG_16672T0	243	244	0	0
MGG_04633T0	3555	3556	0	0
MGG_06696T0	8818	8819	3665.76	29.6183
MGG_10478T0	528	529	0	0
MGG_00635T0	3636	3637	6430	125.975
MGG_00491T0	1477	1478	2436	117.441
MGG_08128T0	2992	2993	1250	29.7591
MGG_04467T0	1484	1485	6045.16	290.066
MGG_03197T0	1953	1954	2633	96.0157
MGG_00630T0	3839	3840	563	10.447
MGG_01725T0	1783	1784	368	14.6984
MGG_04738T0	1213	1214	3	0.176083
MGG_08492T0	1551	1552	0	0
MGG_06847T0	1955	1956	1324	48.232
MGG_16140T0	198	199	0	0
MGG_14854T0	732	733	814	79.1291
MGG_14598T0	2160	2161	13432	442.896
MGG_10558T0	2479	2480	0	0
MGG_00789T0	963	964	2154	159.215
MGG_00846T0	1380	1381	100	5.15967
MGG_01099T0	1327	1328	537	28.8132
MGG_00119T0	1077	1078	14957	988.648
MGG_06901T0	2155	2156	737	24.3576
MGG_16938T0	594	595	0	0
MGG_06865T0	450	451	7	1.10595
MGG_14422T0	225	226	0	0
MGG_04983T0	1192	1193	1	0.0597276
MGG_04594T0	1554	1555	258	11.8224
MGG_03646T0	3409	3410	5993	125.229
MGG_16223T0	940	941	207	15.6746
MGG_10244T0	647	648	0	0
MGG_03025T0	900	901	2164	171.139
MGG_12275T0	1945	1946	15439	565.317
MGG_05158T0	1842	1843	62	2.39708
MGG_02941T0	2696	2697	2128	56.222
MGG_15849T0	246	247	8	2.30786
MGG_16342T0	327	328	24	5.21379
MGG_16367T0	180	181	3	1.18102
MGG_01892T0	2198	2199	223.871	7.25418
MGG_00721T0	1212	1213	117	6.87291
MGG_01002T0	1281	1282	325	18.0639
MGG_04094T0	849	850	0	0
MGG_06124T0	6483	6484	628	6.90133
MGG_06918T0	1544	1545	6174	284.744
MGG_03397T0	1684	1685	4670	197.484
MGG_13933T0	1173	1174	9.48955	0.575961
MGG_05929T0	2667	2668	190	5.07439
MGG_16965T0	1492	1493	4	0.190904
MGG_15614T0	345	346	0	0
MGG_15699T0	329	330	2	0.431849
MGG_17502T0	573	574	0	0
MGG_16173T0	615	616	0	0
MGG_00679T0	1971	1972	1174.38	42.4342
MGG_07238T0	2115	2116	276	9.29414
MGG_12501T0	1469	1470	0	0
MGG_10523T0	2792	2793	1740	44.3909
MGG_09461T0	2996	2997	226	5.37326
MGG_05060T0	2879	2880	3854	95.3532
MGG_05824T0	1594	1595	12	0.536088
MGG_01614T0	2370	2371	2459	73.8997
MGG_16131T0	1877	1878	54	2.04887
MGG_05210T0	1233	1234	3074	177.503
MGG_10446T0	1857	1858	347	13.3076
MGG_13509T0	813	814	600	52.5222
MGG_01636T0	3654	3655	1739	33.9022
MGG_14995T0	1353	1354	118	6.20982
MGG_00317T0	1637	1638	306	13.3114
MGG_03878T0	3235	3236	156.059	3.43633
MGG_09976T0	1983	1984	11309	406.161
MGG_17358T0	599	600	4.01519	0.476838
MGG_17764T0	2438	2439	100.41	2.93348
MGG_14279T0	1632	1633	71656	3126.67
MGG_07053T0	2067	2068	129	4.44483
MGG_09884T0	3194	3195	3032.02	67.6203
MGG_16669T0	3333	3334	85	1.81664
MGG_15070T0	2393	2394	210	6.25045
MGG_14426T0	799	800	1	0.0890689
MGG_12601T0	1728	1729	264	10.8799
MGG_03810T0	12768	12769	24	0.133928
MGG_02780T0	2782	2783	443	11.3424
MGG_07026T0	1971	1972	1374	49.6473
MGG_04856T0	1964	1965	10813	392.102
MGG_13530T0	2551	2552	2254	62.9345
MGG_02663T0	2321	2322	1138	34.9217
MGG_06315T0	3296	3297	2197.27	47.4876
MGG_06980T0	1983	1984	127	4.56119
MGG_15442T0	786	787	0	0
MGG_05892T0	2597	2598	514.558	14.1127
MGG_02029T0	1827	1828	0	0
MGG_09289T0	1446	1447	566	27.8717
MGG_05229T0	3113	3114	1388	31.7605
MGG_09137T0	963	964	0	0
MGG_11142T0	1240	1241	335.984	19.2914
MGG_06133T0	1536	1537	3645.48	169.004
MGG_04006T0	4044	4045	187	3.29412
MGG_05874T0	2457	2458	181	5.24702
MGG_07411T0	951	952	49	3.66754
MGG_17583T0	162	163	0	0
MGG_12767T0	3362	3363	9401	199.188
MGG_03603T0	2440	2441	278.007	8.11527
MGG_10200T0	2577	2578	2092	57.8222
MGG_12742T0	2946	2947	5	0.120894
MGG_02773T0	2397	2398	1403	41.6893
MGG_01826T0	1430	1431	749.081	37.2997
MGG_09941T0	4860	4861	513	7.51982
MGG_02327T0	960	961	95	7.04395
MGG_09595T0	495	496	0	0
MGG_02788T0	2386	2387	698.132	20.8402
MGG_00300T0	1548	1549	344	15.8242
MGG_01276T0	1002	1003	0	0
MGG_00083T0	910	911	7	0.547514
MGG_17975T0	1493	1494	1590	75.8337
MGG_00530T0	2209	2210	1346.56	43.416
MGG_06955T0	2458	2459	60	1.73864
MGG_07681T0	2901	2902	971	23.8417
MGG_09841T0	1406	1407	899	45.5283
MGG_02882T0	2591	2592	776	21.3325
MGG_02462T0	869	870	531.043	43.4937
MGG_09494T0	1406	1407	935.661	47.3849
MGG_09552T0	2993	2994	4610.43	109.725
MGG_04365T0	1974	1975	2565	92.5414
MGG_08880T0	2376	2377	4932	147.846
MGG_17935T0	2495	2496	15	0.428216
MGG_03006T0	1435	1436	825.571	40.9653
MGG_02534T0	1875	1876	245	9.3057
MGG_12835T0	747	748	1	0.0952608
MGG_03772T0	2061	2062	0	0
MGG_12521T0	1139	1140	2224	139.01
MGG_08906T0	588	589	1708.61	206.701
MGG_10213T0	1014	1015	6	0.421212
MGG_05989T0	2337	2338	781	23.8025
MGG_04787T0	915	916	689	53.5969
MGG_14982T0	309	310	0	0
MGG_08065T0	2379	2380	1484	44.4296
MGG_15047T0	1704	1705	6	0.250751
MGG_11337T0	918	919	888	68.8515
MGG_14371T0	663	664	372	39.92
MGG_14046T0	435	436	0	0
MGG_10324T0	1662	1663	1049	44.9468
MGG_05325T0	2967	2968	2459.03	59.0359
MGG_09005T0	2563	2564	1101.57	30.6134
MGG_17488T0	231	232	60	18.428
MGG_16887T0	4324	4325	4087	67.334
MGG_02345T0	534	535	0	0
MGG_10958T0	4894	4895	2384	34.7032
MGG_03794T0	999	1000	0	0
MGG_14009T0	1982	1983	1723	61.9125
MGG_00026T0	1218	1219	0	0
MGG_08098T0	2033	2034	640	22.4205
MGG_10254T0	1230	1231	64	3.70457
MGG_06898T0	2428	2429	1606	47.1123
MGG_12821T0	3710	3711	3469	66.6084
MGG_06758T0	1782	1783	793	31.6911
MGG_15995T0	1557	1558	0	0
MGG_14640T0	1702	1703	571	23.8912
MGG_07084T0	1500	1501	408	19.3685
MGG_17103T0	1358	1359	2863	150.113
MGG_07341T0	1029	1030	835	57.765
MGG_17773T0	351	352	0	0
MGG_03088T0	2571	2572	411.255	11.3935
MGG_00812T0	1134	1135	733.463	46.0467
MGG_08654T0	2560	2561	1400	38.9524
MGG_04025T1	1563	1564	95.2038	4.33744
MGG_04025T0	1354	1355	409.796	21.5499
MGG_07190T0	3180	3181	6737	150.91
MGG_15651T0	306	307	6	1.39261
MGG_17094T0	279	280	4	1.01793
MGG_05931T0	2084	2085	1675.04	57.2446
MGG_10426T0	4455	4456	1348	21.5556
MGG_12853T0	1379	1380	1582	81.6852
MGG_04095T0	1470	1471	1976	95.7172
MGG_10852T0	2065	2066	499	17.2102
MGG_08778T0	1336	1337	1252	66.725
MGG_05951T0	2163	2164	352	11.5905
MGG_06183T0	1883	1884	20745	784.6
MGG_14823T0	2519	2520	258	7.29516
MGG_00986T0	1589	1590	1350	60.4996
MGG_14674T0	1725	1726	162	6.6879
MGG_03935T0	1158	1159	348	21.395
MGG_07679T0	1863	1864	0	0
MGG_17160T0	282	283	16	4.02856
MGG_00915T0	2741	2742	967	25.129
MGG_07290T0	1308	1309	25	1.36087
MGG_08144T0	1633	1634	10790	470.528
MGG_08102T0	895	896	468.53	37.2602
MGG_03756T0	932	933	12.5896	0.961496
MGG_15434T0	363	364	0	0
MGG_02549T0	1017	1018	2	0.13999
MGG_17131T0	222	223	0	0
MGG_07697T0	642	643	8	0.886533
MGG_07630T0	354	355	972	195.098
MGG_10320T0	2610	2611	2007	54.7717
MGG_04445T0	3113	3114	790	18.0769
MGG_17002T0	1778	1779	336	13.458
MGG_15802T0	180	181	0	0
MGG_10184T0	4212	4213	702.2	11.8764
MGG_17612T0	743	744	11.709	1.12141
MGG_10054T0	2554	2555	1106.9	30.8697
MGG_11636T0	4950	4951	121.333	1.74623
MGG_11469T0	1062	1063	1307	87.6109
MGG_09953T0	1410	1411	592	29.8958
MGG_13215T0	1643	1644	73	3.164
MGG_15924T0	306	307	0	0
MGG_15838T0	1001	1002	1	0.0711129
MGG_00164T0	3157	3158	3259	73.534
MGG_08779T0	999	1000	16	1.14008
MGG_15955T0	246	247	2	0.576964
MGG_02705T0	4519	4520	34261.2	540.107
MGG_08735T0	2886	2887	691	17.0548
MGG_08768T0	1433	1434	478	23.7517
MGG_03591T0	2389	2390	601	17.9181
MGG_06095T0	1230	1231	2712	156.981
MGG_09804T0	1191	1192	13	0.777111
MGG_04923T0	6380	6381	1485	16.5826
MGG_17321T0	341	342	6	1.25009
MGG_16394T0	933	934	22	1.67839
MGG_08480T0	876	877	3	0.243746
MGG_08659T0	462	463	0	0
MGG_03287T0	2116	2117	1551	52.2044
MGG_00695T0	3548	3549	587.68	11.7991
MGG_09499T0	2902	2903	2619	64.2842
MGG_03593T0	1553	1554	2916	133.706
MGG_11491T0	4755	4756	3727	55.8385
MGG_04352T0	1092	1093	967	63.0409
MGG_06388T0	5621	5622	6274	79.5187
MGG_13253T0	2359	2360	4069	122.855
MGG_10955T0	4988	4989	1838	26.2511
MGG_05525T0	2194	2195	11457.8	371.949
MGG_05578T0	1943	1944	244	8.94354
MGG_03686T0	2694	2695	1251	33.0761
MGG_17132T0	544	545	44	5.7527
MGG_01017T0	5000	5001	21	0.299212
MGG_07775T0	642	643	35	3.87858
MGG_05688T0	1580	1581	176.995	7.9771
MGG_07366T0	1665	1666	57	2.4379
MGG_15245T0	1478	1479	5695	274.373
MGG_18109T0	189	190	0	0
MGG_14713T0	3078	3079	1857	42.9752
MGG_03104T0	1703	1704	14	0.585429
MGG_16114T0	1332	1333	2.13562	0.114159
MGG_09236T0	3964	3965	2600	46.7246
MGG_17742T0	204	205	3	1.04276
MGG_07058T0	1413	1414	886.683	44.6822
MGG_18034T0	625	626	17	1.93504
MGG_12538T0	4519	4520	1308	20.6198
MGG_02748T0	4224	4225	202	3.40675
MGG_00449T0	2721	2722	939	24.5806
MGG_10499T0	1394	1395	5.02163	0.256499
MGG_02488T0	2835	2836	846	21.2559
MGG_15259T0	783	784	346	31.4468
MGG_17723T0	703	704	18	1.82186
MGG_09372T0	1910	1911	2108	78.6006
MGG_05484T0	4115	4116	1992.83	34.4993
MGG_17265T0	153	154	1857	859.225
MGG_01424T0	1961	1962	2482	90.1402
MGG_16196T0	2549	2550	3	0.0838295
MGG_04773T0	2509	2510	9137	259.386
MGG_08079T0	887	888	310.378	24.9054
MGG_01730T0	4061	4062	864	15.1562
MGG_07295T0	1487	1488	969	46.402
MGG_18030T0	581	582	752.116	92.0826
MGG_14269T0	1292	1293	2126	117.16
MGG_16445T0	2639	2640	1858	50.1485
MGG_15988T0	4463	4464	3911	62.428
MGG_03008T0	3959	3960	2462	44.3005
MGG_15739T0	873	874	3270	266.595
MGG_15492T0	1738	1739	8.15378	0.334099
MGG_00018T0	2408	2409	0	0
MGG_04257T0	1881	1882	7	0.26503
MGG_17731T0	751	752	9	0.852787
MGG_04606T0	4286	4287	225.596	3.74968
MGG_03005T0	2145	2146	177	5.87705
MGG_16416T0	550	551	4	0.517278
MGG_12469T0	762	763	5.93959	0.554687
MGG_09705T0	1502	1503	1034	49.0205
MGG_00488T0	1335	1336	5652	301.447
MGG_00336T0	2232	2233	749.351	23.9118
MGG_17056T0	297	298	4	0.956444
MGG_15398T0	798	799	7	0.624262
MGG_10239T0	1486	1487	24	1.15005
MGG_10257T0	1332	1333	0	0
MGG_01389T0	2323	2324	95	2.91275
MGG_08432T0	297	298	0	0
MGG_03222T0	5908	5909	1812.16	21.8524
MGG_02691T0	2535	2536	1831	51.4464
MGG_13777T0	849	850	1507	126.331
MGG_03518T0	2621	2622	1041	28.2901
MGG_09171T0	1152	1153	810	50.0578
MGG_16117T0	216	217	6	1.97019
MGG_07645T0	1455	1456	3	0.146817
MGG_08540T0	2016	2017	25	0.883182
MGG_02204T0	2073	2074	2	0.0687127
MGG_01987T0	3170	3171	321	7.21314
MGG_07684T0	855	856	0	0
MGG_08899T0	819	820	194	16.8579
MGG_06136T0	1413	1414	1368	68.937
MGG_02546T0	444	445	1	0.160124
MGG_17601T0	360	361	0	0
MGG_12009T0	3374	3375	2506	52.9082
MGG_07232T0	1613	1614	2686	118.582
MGG_05007T0	1995	1996	1127	40.2327
MGG_04853T0	3275	3276	10486	228.077
MGG_04680T0	2122	2123	966	32.4222
MGG_16926T0	1448	1449	37.0145	1.8202
MGG_05259T0	3008	3009	2346	55.5548
MGG_12956T0	5288	5289	10333.1	139.211
MGG_07815T0	918	919	29	2.24853
MGG_08898T0	3837	3838	9611	178.435
MGG_07301T0	1239	1240	3322	190.895
MGG_09806T0	1801	1802	18	0.71176
MGG_09070T0	1274	1275	41	2.29134
MGG_15611T0	228	229	0	0
MGG_15252T0	399	400	0	0
MGG_14558T0	7290	7291	4042	39.5025
MGG_07532T0	3856	3857	861.044	15.9071
MGG_14014T0	3372	3373	1665	35.1734
MGG_05277T0	2356	2357	118.867	3.59351
MGG_12611T0	2160	2161	267	8.80384
MGG_00863T0	2841	2842	2476	62.0787
MGG_02242T0	2292	2293	483	15.0092
MGG_07790T0	1621	1622	51043	2242.34
MGG_03262T0	2538	2539	140	3.92899
MGG_05846T0	807	808	0	0
MGG_17029T0	192	193	24	8.86074
MGG_03045T0	1223	1224	1255	73.0597
MGG_15045T0	735	736	1	0.096814
MGG_12096T0	558	559	45	5.7361
MGG_02794T0	1824	1825	1565	61.1037
MGG_15822T0	905	906	19	1.49431
MGG_04919T0	1342	1343	1804.41	95.736
MGG_08370T0	2311	2312	9289	286.284
MGG_11336T0	1526	1527	620	28.9313
MGG_02210T0	1788	1789	2	0.0796591
MGG_00084T0	1662	1663	8	0.342779
MGG_02437T0	2362	2363	2302.35	69.4263
MGG_02351T0	15858	15859	39	0.175228
MGG_03516T0	4677	4678	5125	78.0638
MGG_17378T0	570	571	69	8.61051
MGG_17281T0	279	280	25	6.36206
MGG_10252T0	1916	1917	755	28.0634
MGG_06068T0	1269	1270	6050	339.444
MGG_09311T0	3387	3388	1225.43	25.7728
MGG_16879T0	222	223	1	0.31953
MGG_02756T0	828	829	27489	2362.76
MGG_05668T0	758	759	3070	288.212
MGG_09810T0	720	721	0	0
MGG_15020T0	1665	1666	484	20.7008
MGG_15006T0	1752	1753	1111.75	45.1899
MGG_03667T0	3149	3150	3656	82.7011
MGG_02400T0	1486	1487	366	17.5382
MGG_09490T0	1701	1702	8	0.334924
MGG_17487T0	399	400	2	0.356275
MGG_11615T0	1161	1162	50	3.06605
MGG_03517T0	2615	2616	894	24.3509
MGG_01074T0	4748	4749	1579	23.6917
MGG_04362T0	1259	1260	5152	291.354
MGG_05732T0	1576	1577	11857	535.746
MGG_05503T0	1380	1381	317	16.3562
MGG_13200T0	1849	1850	1319	50.803
MGG_07035T0	2199	2200	1531	49.5871
MGG_02818T0	2187	2188	186	6.05733
MGG_06654T0	1611	1612	1598	70.6362
MGG_10287T0	1700	1701	0	0
MGG_17413T0	468	469	5	0.759649
MGG_00559T0	1427	1428	219	10.9278
MGG_14601T0	1314	1315	26	1.40885
MGG_06206T0	630	631	0	0
MGG_01115T0	4754	4755	3511.33	52.6183
MGG_02402T0	246	247	88	25.3864
MGG_08949T0	1794	1795	16	0.635143
MGG_06216T0	2268	2269	34	1.06773
MGG_16831T0	988	989	2	0.144095
MGG_05026T0	797	798	2053	183.317
MGG_00138T0	3100	3101	661	15.1885
MGG_02445T0	899	900	1032	81.7058
MGG_17038T0	836	837	727	61.8906
MGG_08984T0	3027	3028	40	0.941283
MGG_09836T0	957	958	11	0.818169
MGG_17554T0	576	577	0	0
MGG_17830T0	1371	1372	157	8.15383
MGG_05217T0	2884	2885	675.612	16.6866
MGG_05450T0	1356	1357	1252	65.7416
MGG_01671T0	2111	2112	554.185	18.6972
MGG_07154T0	1215	1216	811.403	47.5466
MGG_00379T0	1164	1165	73	4.46491
MGG_16910T0	177	178	7	2.80217
MGG_08926T0	996	997	2359	168.597
MGG_05407T0	426	427	0	0
MGG_07336T0	1267	1268	829.563	46.6172
MGG_10329T0	2833	2834	183	4.60116
MGG_11731T0	2004	2005	160	5.68619
MGG_06398T0	2420	2421	1084	31.9044
MGG_15001T0	408	409	120	20.9061
MGG_04994T0	3370	3371	17076	360.947
MGG_09909T0	2635	2636	704	19.0302
MGG_03403T0	886	887	284	22.8145
MGG_17059T0	192	193	15	5.53796
MGG_09019T0	764	765	9	0.838295
MGG_14526T0	3278	3279	685.739	14.9016
MGG_09246T0	2741	2742	24029	624.431
MGG_15746T0	150	151	4	1.88755
MGG_13908T0	907	908	530	41.5916
MGG_14547T0	1344	1345	182	9.64195
MGG_00351T0	3049	3050	371	8.66742
MGG_17184T0	165	166	9	3.86323
MGG_15203T0	2592	2593	114	3.1327
MGG_10589T0	1317	1318	9	0.486567
MGG_10370T0	776	777	5305	486.497
MGG_16126T0	1316	1317	4725	255.642
MGG_18089T0	498	499	2	0.285592
MGG_15201T0	348	349	0	0
MGG_00888T0	2288	2289	29	0.902751
MGG_06181T0	1596	1597	32	1.42778
MGG_14778T0	4740	4741	4362	65.5589
MGG_08017T0	3363	3364	335	7.09585
MGG_15508T0	1126	1127	56	3.54063
MGG_12847T0	1328	1329	42774	2293.35
MGG_02487T0	5611	5612	14421	183.102
MGG_11167T0	1099	1100	339.639	22.0009
MGG_08787T0	423	424	0	0
MGG_18140T0	726	727	1	0.0980125
MGG_16303T0	222	223	0	0
MGG_13276T0	1076	1077	101	6.68223
MGG_04526T0	3814	3815	1769	33.0407
MGG_02243T0	2695	2696	128	3.38303
MGG_14921T0	936	937	457	34.753
MGG_02288T0	660	661	1880	202.662
MGG_01799T0	1878	1879	713	27.0383
MGG_04610T0	3591	3592	177	3.51118
MGG_06734T0	1428	1429	555.266	27.6876
MGG_00857T0	2478	2479	1075.04	30.9003
MGG_07512T0	2487	2488	460	13.1742
MGG_02014T0	1553	1554	0	0
MGG_07687T0	1326	1327	0	0
MGG_17778T0	171	172	153	63.3839
MGG_14783T0	736	737	42	4.06067
MGG_17014T0	171	172	5	2.07137
MGG_03290T0	4805	4806	736	10.9121
MGG_02355T0	1089	1090	7	0.457601
MGG_05580T0	1974	1975	1323	47.7319
MGG_17394T0	195	196	10	3.63546
MGG_17757T0	525	526	0	0
MGG_03473T0	1868	1869	97	3.6981
MGG_07565T0	1287	1288	347	19.1968
MGG_04367T0	1785	1786	387	15.4399
MGG_12906T0	1851	1852	13290.9	511.365
MGG_17630T0	168	169	0	0
MGG_10743T0	2778	2779	1493	38.2813
MGG_16365T0	566	567	15	1.88506
MGG_03198T0	2971	2972	4154	99.5941
MGG_17337T0	261	262	0	0
MGG_10798T0	603	604	73	8.61196
MGG_02387T0	3216	3217	331	7.3315
MGG_07987T0	1182	1183	0	0
MGG_16590T0	1551	1552	0	0
MGG_15760T0	3756	3757	790	14.9831
MGG_07177T0	513	514	6511	902.611
MGG_08598T0	5972	5973	7251	86.501
MGG_02903T0	825	826	1	0.0862652
MGG_06399T0	4532	4533	4827	75.8765
MGG_15923T0	306	307	0	0
MGG_01662T0	2936	2937	3341.43	81.067
MGG_01420T0	1524	1525	261	12.1951
MGG_15718T0	2045	2046	198	6.89565
MGG_06959T0	1470	1471	844	40.8833
MGG_07503T0	1946	1947	1164	42.5993
MGG_08162T0	1952	1953	7215	263.239
MGG_13836T0	765	766	341	31.7206
MGG_02495T0	504	505	0	0
MGG_10840T0	2823	2824	2310	58.2859
MGG_06505T0	2118	2119	1414	47.5482
MGG_08311T0	1428	1429	123	6.13322
MGG_00150T0	1986	1987	12844	460.594
MGG_12003T0	1132	1133	31	1.94961
MGG_07979T0	1554	1555	1	0.0458232
MGG_08351T0	744	745	0	0
MGG_16897T0	330	331	6	1.29163
MGG_07062T0	2512	2513	1237	35.0746
MGG_16026T0	931	932	106	8.10412
MGG_09118T0	2762	2763	217.521	5.60966
MGG_17860T0	590	591	14	1.68794
MGG_09421T0	630	631	0	0
MGG_13420T0	420	421	0	0
MGG_06785T0	1141	1142	189	11.7927
MGG_03265T0	4053	4054	1592	27.9818
MGG_06406T0	1492	1493	692	33.0265
MGG_12978T0	1518	1519	39	1.82946
MGG_11761T0	3349	3350	1553	33.0326
MGG_03846T0	4537	4538	6881	108.045
MGG_07334T0	4261	4262	1979	33.0863
MGG_16822T0	150	151	0	0
MGG_03706T0	1704	1705	500	20.8959
MGG_15307T0	936	937	2	0.152092
MGG_10149T0	1396	1397	206	10.5072
MGG_08607T0	405	406	0	0
MGG_12672T0	2959	2960	4661	112.203
MGG_01914T0	855	856	0	0
MGG_05178T0	1148	1149	226	14.0154
MGG_10148T0	4796	4797	115.795	1.72002
MGG_04212T0	2374	2375	32	0.960069
MGG_10357T0	2217	2218	643	20.6569
MGG_16502T0	153	154	73	33.7768
MGG_08208T0	5090	5091	1191	16.6696
MGG_12474T0	2113	2114	556	18.7407
MGG_10881T0	1287	1288	0	0
MGG_02862T0	2088	2089	342	11.6655
MGG_07282T0	3107	3108	650.542	14.9146
MGG_06279T0	3816	3817	1000	18.6678
MGG_05755T0	2570	2571	1551	42.9859
MGG_11535T0	2787	2788	789	20.1651
MGG_00346T0	3017	3018	323	7.62604
MGG_04204T0	2287	2288	3904	121.582
MGG_03464T0	888	889	1007	80.713
MGG_01508T0	1596	1597	5101	227.597
MGG_05584T0	2702	2703	365	9.62194
MGG_10853T0	3196	3197	685.725	15.2835
MGG_07391T0	787	788	984	88.9784
MGG_04997T0	3344	3345	1	0.021302
MGG_15457T0	1932	1933	14	0.516074
MGG_01439T0	2417	2418	45	1.32609
MGG_09700T0	2041	2042	100	3.48948
MGG_15280T0	1268	1269	786.736	44.1757
MGG_11819T0	348	349	5	1.02085
MGG_06620T0	989	990	21	1.51147
MGG_17980T0	234	235	10	3.03213
MGG_17613T0	1276	1277	0	0
MGG_17365T0	2449	2450	62	1.80319
MGG_12214T0	8311	8312	467	4.00338
MGG_17693T0	405	406	3	0.526515
MGG_07876T0	987	988	3	0.216362
MGG_08064T0	1245	1246	116	6.6337
MGG_02654T0	2425	2426	70	2.056
MGG_15934T0	342	343	0	0
MGG_03442T0	1631	1632	8	0.34929
MGG_17083T0	489	490	0	0
MGG_03014T0	2388	2389	3967	118.321
MGG_06167T0	2212	2213	606	19.5122
MGG_00680T0	1399	1400	309.625	15.7588
MGG_08706T0	1031	1032	2632	181.728
MGG_00118T0	4756	4757	4040	60.5151
MGG_16993T0	3852	3853	38.0926	0.704462
MGG_05081T0	636	637	21.1108	2.36147
MGG_04239T0	1089	1090	18	1.17669
MGG_16810T0	237	238	0	0
MGG_06246T0	1554	1555	313.738	14.3765
MGG_00466T0	3622	3623	9583	188.473
MGG_06627T0	1732	1733	643	26.438
MGG_15111T0	1324	1325	132	7.09862
MGG_02618T0	856	857	27	2.24491
MGG_13562T0	2893	2894	186.929	4.6025
MGG_08912T0	2259	2260	1399	44.1088
MGG_15929T0	156	157	0	0
MGG_12766T0	3775	3776	3279.54	61.8867
MGG_10194T0	1416	1417	81	4.07316
MGG_04082T0	2166	2167	1494.16	49.1308
MGG_07193T0	1544	1545	733	33.8058
MGG_16003T0	435	436	0	0
MGG_17152T0	162	163	1	0.437148
MGG_00332T0	4047	4048	832.541	14.6548
MGG_06109T0	2379	2380	173.511	5.19477
MGG_10352T0	813	814	0	0
MGG_16125T0	1766	1767	3385	136.502
MGG_02865T0	1314	1315	8	0.433491
MGG_09281T0	516	517	644	88.7588
MGG_00056T0	1318	1319	310.356	16.766
MGG_09978T0	1946	1947	3369.93	123.331
MGG_03692T0	1549	1550	783	35.9953
MGG_09072T0	2064	2065	26.0829	0.90002
MGG_06573T0	818	819	813	70.7331
MGG_13916T0	1315	1316	4	0.216581
MGG_15625T0	306	307	0	0
MGG_14517T0	3516	3517	3551	71.9439
MGG_02890T0	2517	2518	470	13.3002
MGG_00853T0	2060	2061	10523	363.812
MGG_17013T0	192	193	0	0
MGG_16230T0	1910	1911	9982	372.197
MGG_11684T0	1526	1527	0	0
MGG_07264T0	2227	2228	5575	178.298
MGG_05691T0	378	379	2	0.376016
MGG_04117T0	2655	2656	3909.47	104.883
MGG_10074T0	357	358	0	0
MGG_08246T0	698	699	2.02269	0.206191
MGG_06467T0	1727	1728	2416.48	99.645
MGG_08571T0	2700	2701	759	20.0232
MGG_09574T0	1242	1243	1432.01	82.09
MGG_14733T0	903	904	63	4.96579
MGG_03568T0	4136	4137	1318.9	22.7166
MGG_08495T0	2232	2233	77	2.45707
MGG_01549T0	3217	3218	1623	35.9375
MGG_00341T0	2101	2102	1186	40.2039
MGG_02109T0	276	277	3	0.771716
MGG_05946T0	2995	2996	184	4.37615
MGG_11757T0	3000	3001	712.612	16.9201
MGG_01489T0	3682	3683	640	12.3821
MGG_08326T0	2052	2053	374.304	12.9913
MGG_16166T0	180	181	25	9.84186
MGG_01357T0	2134	2135	31	1.03462
MGG_12809T0	3377	3378	3304	69.6941
MGG_04709T0	5249	5250	636	8.63204
MGG_01976T0	3584	3585	4482	89.0838
MGG_13165T0	3673	3674	2765	53.6256
MGG_14897T0	12929	12930	45	0.247988
MGG_10199T0	4394	4395	4404	71.401
MGG_06666T0	1810	1811	1334	52.4872
MGG_16464T0	237	238	0	0
MGG_15238T0	2559	2560	968.961	26.9701
MGG_00195T0	3218	3219	471	10.426
MGG_06539T0	1019	1020	44	3.07375
MGG_15563T0	3203	3204	1391	30.935
MGG_00325T0	1548	1549	501	23.0464
MGG_08550T0	1676	1677	57	2.42191
MGG_17897T0	240	241	0	0
MGG_14268T0	1351	1352	138.286	7.28814
MGG_06961T0	1621	1622	1314	57.7245
MGG_16818T0	946	947	0	0
MGG_15759T0	1986	1987	503	18.0379
MGG_14864T0	1107	1108	43	2.76531
MGG_02294T0	1620	1621	16	0.70332
MGG_04655T0	2172	2173	261	8.55848
MGG_04618T0	2204	2205	1002.27	32.3885
MGG_14696T0	342	343	198	41.1327
MGG_03480T0	3059	3060	3258	75.8657
MGG_03326T0	405	406	982	172.346
MGG_08693T0	3423	3424	3641	75.771
MGG_16532T0	1251	1252	0	0
MGG_13517T0	3819	3820	132	2.46222
MGG_04427T0	4331	4332	9453	155.488
MGG_06934T0	4122	4123	3343	57.7749
MGG_03272T0	612	613	12	1.39488
MGG_15702T0	1717	1718	6	0.248854
MGG_15762T0	339	340	19	3.9819
MGG_11374T0	2046	2047	169.016	5.88337
MGG_05871T0	1896	1897	17867	671.12
MGG_17905T0	979	980	24	1.74502
MGG_16392T0	2105	2106	566	19.1502
MGG_15499T0	153	154	20	9.25391
MGG_05897T0	1097	1098	15.6654	1.01661
MGG_06563T0	3293	3294	768	16.6132
MGG_08120T0	1989	1990	82	2.93614
MGG_04884T0	1872	1873	2806	106.749
MGG_06896T0	6168	6169	533	6.15642
MGG_09738T0	1860	1861	127	4.86265
MGG_07225T0	990	991	1664	119.645
MGG_01092T0	1458	1459	3262	159.311
MGG_17566T0	381	382	0	0
MGG_01606T0	2557	2558	5250.29	146.251
MGG_07198T0	3424	3425	1488	30.957
MGG_05645T0	1067	1068	28.3891	1.89407
MGG_10215T0	1673	1674	0	0
MGG_16873T0	417	418	0	0
MGG_03291T0	2769	2770	970	24.9521
MGG_01712T0	1601	1602	9954.87	442.781
MGG_09802T0	2669	2670	4	0.106749
MGG_05065T0	4960	4961	1599.51	22.9739
MGG_04216T0	1979	1980	48.5293	1.74644
MGG_00663T0	1297	1298	19.6576	1.07913
MGG_05439T0	2080	2081	1007	34.4805
MGG_07347T0	3031	3032	20	0.47002
MGG_00398T0	2671	2672	3.5411	0.0944318
MGG_18111T0	258	259	9	2.47605
MGG_18108T0	525	526	0	0
MGG_07126T0	2552	2553	493	13.7598
MGG_17230T0	327	328	0	0
MGG_18031T0	456	457	0	0
MGG_05970T0	1049	1050	2258.86	153.291
MGG_03613T0	1519	1520	135	6.32858
MGG_03526T0	1317	1318	26.2675	1.4201
MGG_07539T0	4151	4152	2262	38.8196
MGG_07788T0	1182	1183	33	1.98767
MGG_17528T0	3624	3625	487.606	9.58467
MGG_12426T0	351	352	0	0
MGG_07549T0	2392	2393	7	0.208435
MGG_05582T0	801	802	33	2.93194
MGG_05263T0	1326	1327	916	49.1859
MGG_09710T0	1519	1520	176	8.25059
MGG_17713T0	2118	2119	156	5.24577
MGG_13429T0	2914	2915	361	8.82439
MGG_16640T0	398	399	3	0.535753
MGG_05084T0	1508	1509	1	0.0472201
MGG_09575T0	1605	1606	142	6.30026
MGG_17621T0	303	304	0	0
MGG_13179T0	1437	1438	295	14.6177
MGG_16724T0	896	897	9	0.714934
MGG_13484T0	1274	1275	989	55.2716
MGG_02384T0	2052	2053	1135	39.3933
MGG_10551T0	507	508	0	0
MGG_10568T0	1621	1622	6685	293.675
MGG_07447T0	3476	3477	9342	191.448
MGG_14605T0	360	361	14	2.76336
MGG_17151T0	162	163	0	0
MGG_03083T0	1474	1475	0	0
MGG_00075T0	1989	1990	1757	62.9122
MGG_07242T0	2607	2608	219	5.98346
MGG_14700T0	162	163	11	4.80863
MGG_08182T0	2018	2019	3975	140.287
MGG_15231T0	258	259	15	4.12674
MGG_02943T0	1011	1012	77	5.42158
MGG_16820T0	567	568	9.92362	1.24491
MGG_04466T0	4529	4530	433.344	6.81633
MGG_05100T0	534	535	22.6147	3.01198
MGG_04675T0	4885	4886	177	2.58128
MGG_02329T0	2179	2180	126	4.11841
MGG_16908T0	969	970	679.426	49.9099
MGG_06494T0	2599	2600	1308	35.8468
MGG_17400T0	5288	5289	18	0.242502
MGG_07504T0	806	807	3494	308.507
MGG_05223T0	1908	1909	167.338	6.24604
MGG_06072T0	1746	1747	3308	134.924
MGG_11934T0	1723	1724	829	34.2636
MGG_09110T0	2425	2426	472	13.8633
MGG_15650T0	170	171	6	2.50018
MGG_04519T0	3032	3033	8209	192.856
MGG_10598T0	3500	3501	33	0.671642
MGG_15043T0	3020	3021	13	0.306626
MGG_04434T0	1335	1336	747	39.841
MGG_00495T0	1981	1982	42	1.50995
MGG_01852T0	2682	2683	1670	44.3518
MGG_16224T0	274	275	11	2.8502
MGG_17200T0	645	646	417	45.9959
MGG_16361T0	3815	3816	4916	91.7951
MGG_05174T0	1622	1623	2419	106.202
MGG_16386T0	444	445	0	0
MGG_08202T0	2681	2682	1217	32.3331
MGG_09148T0	1023	1024	3.39286	0.236093
MGG_15408T0	2227	2228	21	0.671614
MGG_00407T0	1916	1917	2457	91.3269
MGG_10953T0	1380	1381	0	0
MGG_03817T0	1771	1772	17	0.683598
MGG_02077T0	405	406	94	16.4975
MGG_01903T0	1208	1209	4	0.235749
MGG_17033T0	294	295	0	0
MGG_07153T0	1318	1319	7845.6	423.835
MGG_00585T0	354	355	5	1.00359
MGG_15706T0	443	444	42.2217	6.77593
MGG_16541T0	201	202	9	3.17473
MGG_16523T0	282	283	101	25.4303
MGG_07651T0	342	343	0	0
MGG_11548T0	2700	2701	205	5.40811
MGG_10736T0	1420	1421	270.406	13.5593
MGG_02557T0	1076	1077	0	0
MGG_00969T0	1752	1753	913	37.1112
MGG_15205T0	1033	1034	51	3.51452
MGG_10832T0	948	949	9045.9	679.206
MGG_03337T0	2736	2737	48	1.24963
MGG_08077T0	2146	2147	2796	92.7942
MGG_03167T0	1219	1220	11	0.642464
MGG_10533T0	1594	1595	12	0.536088
MGG_18102T0	162	163	0	0
MGG_02523T0	2133	2134	2399	80.1035
MGG_12476T0	1419	1420	29	1.45521
MGG_10705T0	1995	1996	92	3.2843
MGG_16159T0	1290	1291	0	0
MGG_13867T0	813	814	0	0
MGG_06786T0	1844	1845	697	26.9186
MGG_17111T0	1457	1458	620	30.3005
MGG_15383T0	1947	1948	4.56051	0.166817
MGG_02489T0	1968	1969	2613.5	94.5784
MGG_12865T0	2794	2795	23529	599.843
MGG_05636T0	1462	1463	100.741	4.90655
MGG_15435T0	1533	1534	0	0
MGG_11079T0	2469	2470	2756	79.5057
MGG_01067T0	1522	1523	747	34.9491
MGG_15606T0	1921	1922	931	34.5153
MGG_00050T0	4599	4600	182	2.81922
MGG_02373T0	993	994	157	11.2546
MGG_07266T0	1523	1524	1236.6	57.8176
MGG_02129T0	2661	2662	62	1.65959
MGG_06333T0	701	702	4065	412.61
MGG_17073T0	1863	1864	242	9.25093
MGG_17451T0	198	199	1	0.358066
MGG_04683T0	1933	1934	233	8.58451
MGG_15581T0	201	202	0	0
MGG_09513T0	2095	2096	374	12.7144
MGG_16449T0	282	283	2	0.50357
MGG_14692T0	1638	1639	810	35.2145
MGG_15395T0	372	373	0	0
MGG_11613T0	1887	1888	0	0
MGG_05324T0	1761	1762	705.966	28.5492
MGG_17791T0	354	355	34	6.82443
MGG_07644T0	1659	1660	84	3.60568
MGG_11620T0	219	220	4	1.29555
MGG_01315T0	1812	1813	291.311	11.4492
MGG_16828T0	1391	1392	68	3.48085
MGG_07079T0	1762	1763	153.933	6.22151
MGG_16737T0	564	565	0	0
MGG_03859T0	3255	3256	2109	46.1539
MGG_10783T0	1048	1049	1	0.0679267
MGG_08645T0	3918	3919	2629	47.8004
MGG_10750T0	2969	2970	8	0.191933
MGG_09284T0	1497	1498	226.308	10.7647
MGG_05964T0	1070	1071	737.082	49.0391
MGG_17669T0	3119	3120	1189	27.1546
MGG_16317T0	556	557	56	7.16389
MGG_14613T0	1996	1997	0	0
MGG_03293T0	1080	1081	139	9.16231
MGG_10207T0	1490	1491	2	0.0955803
MGG_04353T0	483	484	15	2.20832
MGG_08212T0	2770	2771	1105	28.4146
MGG_00201T0	2850	2851	233	5.82337
MGG_10180T0	3214	3215	1563	34.6413
MGG_06310T0	603	604	3523.65	415.692
MGG_07857T0	1125	1126	0	0
MGG_05274T0	1598	1599	387.676	17.2757
MGG_08845T0	3418	3419	563	11.7334
MGG_16794T0	177	178	0	0
MGG_04685T0	5534	5535	5363	69.0408
MGG_04574T0	1110	1111	1197	76.7708
MGG_13426T0	2325	2326	25	0.765854
MGG_07522T0	1888	1889	69	2.60275
MGG_15905T0	366	367	80	15.5324
MGG_00650T0	1195	1196	422	25.1418
MGG_08976T0	1011	1012	188	13.2371
MGG_07765T0	3343	3344	135	2.87663
MGG_16134T0	1274	1275	265	14.8099
MGG_14663T0	1710	1711	127	5.28895
MGG_11498T0	2525	2526	789	22.2566
MGG_07706T0	2614	2615	610	16.6216
MGG_10740T0	1169	1170	1678.23	102.207
MGG_04696T0	1036	1037	6679	458.932
MGG_00913T0	2177	2178	328	10.7308
MGG_09630T0	1816	1817	0	0
MGG_07227T0	1582	1583	5	0.225063
MGG_16535T0	886	887	4537.78	364.532
MGG_06599T0	3268	3269	5553.85	121.059
MGG_07622T0	303	304	2	0.468783
MGG_09356T0	369	370	0	0
MGG_06604T0	1419	1420	3048	152.948
MGG_16593T0	171	172	0	0
MGG_06228T0	1065	1066	0	0
MGG_09991T0	1876	1877	2362	89.6668
MGG_00901T0	1950	1951	577	21.0734
MGG_17194T0	547	548	247	32.1168
MGG_14630T0	294	295	9	2.17388
MGG_11902T0	3407	3408	2360.52	49.3543
MGG_03895T0	1181	1182	1239.55	74.7245
MGG_16453T0	150	151	1	0.471888
MGG_17096T0	240	241	11	3.25231
MGG_12301T0	2260	2261	2584	81.4344
MGG_00117T0	2716	2717	771	20.22
MGG_15431T0	1374	1375	73	3.783
MGG_04527T0	1916	1917	5821	216.367
MGG_06872T0	3225	3226	482.779	10.6635
MGG_17967T0	537	538	1	0.132444
MGG_03528T0	906	907	305	23.9612
MGG_16207T0	257	258	0	0
MGG_04005T0	1152	1153	1301	80.4014
MGG_08191T0	692	693	16	1.64514
MGG_16769T0	275	276	5	1.29085
MGG_01961T0	1532	1533	27	1.25498
MGG_09243T0	1434	1435	195	9.68275
MGG_03096T0	1238	1239	3	0.17253
MGG_13944T0	738	739	101	9.73852
MGG_05467T0	2344	2345	1923	58.4322
MGG_06328T0	3880	3881	737	13.5313
MGG_03437T0	1924	1925	1425	52.7473
MGG_13005T0	2375	2376	1207.82	36.222
MGG_01579T0	1487	1488	7221	345.788
MGG_07007T0	1595	1596	2938.98	131.214
MGG_03065T0	983	984	3573	258.734
MGG_06928T0	2953	2954	2636.97	63.6079
MGG_15883T0	201	202	0	0
MGG_12463T0	4768	4769	918	13.7161
MGG_16431T0	429	430	0	0
MGG_09960T0	3938	3939	5099	92.2391
MGG_10662T0	3317	3318	352	7.55931
MGG_13176T0	5891	5892	2136.37	25.8363
MGG_17418T0	276	277	8	2.05791
MGG_14523T0	708	709	169	16.9846
MGG_14884T0	1557	1558	1797	82.1857
MGG_01004T0	2312	2313	806	24.8299
MGG_09154T0	1182	1183	25	1.50581
MGG_17020T0	1068	1069	0	0
MGG_07968T0	1801	1802	113	4.46827
MGG_15351T0	1117	1118	36	2.29444
MGG_03985T0	3885	3886	2961	54.294
MGG_08683T0	2109	2110	140	4.72783
MGG_10331T0	618	619	9	1.03602
MGG_00249T0	4311	4312	1262	20.8543
MGG_00309T0	2012	2013	2964	104.918
MGG_10493T0	2976	2977	1173	28.076
MGG_02792T0	2091	2092	432	14.7142
MGG_06971T0	3756	3757	5413	102.663
MGG_06760T0	3539	3540	5225	105.172
MGG_08195T0	1938	1939	3183	116.97
MGG_04412T0	1573	1574	3989	180.582
MGG_13032T0	1622	1623	1427	62.65
MGG_01473T0	1957	1958	20669	752.182
MGG_07178T0	3379	3380	3786	79.8141
MGG_05811T0	3644	3645	4081	79.7783
MGG_09870T0	1284	1285	7	0.38816
MGG_05051T0	1303	1304	18	0.983582
MGG_04689T0	1870	1871	23255	885.642
MGG_00971T0	1575	1576	1831.12	82.7899
MGG_01863T0	1986	1987	68	2.43852
MGG_09517T0	3059	3060	6959	162.047
MGG_17355T0	372	373	0	0
MGG_15135T0	843	844	8	0.675404
MGG_15865T0	2194	2195	1925.43	62.5042
MGG_10897T0	1974	1975	0	0
MGG_03070T0	1981	1982	155	5.57242
MGG_14978T0	774	775	0	0
MGG_08990T0	882	883	0	0
MGG_05519T0	1664	1665	34	1.45506
MGG_13385T0	3328	3329	761.052	16.2898
MGG_00475T0	3843	3844	465	8.61957
MGG_09928T0	3607	3608	8055	159.08
MGG_00956T0	1536	1537	323.891	15.0155
MGG_12442T0	1691	1692	2	0.0842259
MGG_14841T0	342	343	3	0.623222
MGG_16376T0	165	166	0	0
MGG_08356T0	1455	1456	47	2.30013
MGG_06514T0	2708	2709	4123	108.448
MGG_17811T0	744	745	71	6.79075
MGG_01078T0	1442	1443	344	16.9867
MGG_06420T0	3223	3224	2817.11	62.2622
MGG_09952T0	822	823	3298	285.54
MGG_17542T0	3201	3202	1242	27.6386
MGG_08315T0	2249	2250	11	0.348358
MGG_05193T0	3794	3795	10767.4	202.169
MGG_05515T0	1295	1296	3	0.164942
MGG_03929T0	2143	2144	1485	49.3535
MGG_04272T0	652	653	0	0
MGG_02420T0	1524	1525	24	1.12139
MGG_04563T0	1241	1242	76	4.36021
MGG_05321T0	1241	1242	917	52.6094
MGG_04429T0	4163	4164	1143	19.5592
MGG_00179T0	4171	4172	9263	158.206
MGG_01083T0	2371	2372	1587	47.6736
MGG_14745T0	1174	1175	14	0.848997
MGG_16217T0	295	296	15	3.6109
MGG_07753T0	994	995	3765	269.624
MGG_15812T0	174	175	4	1.62869
MGG_14989T0	1144	1145	0	0
MGG_14878T0	930	931	698	53.4222
MGG_01407T0	1944	1945	2581	94.5549
MGG_02059T0	10815	10816	15	0.098819
MGG_14113T0	685	686	5902	613.043
MGG_03020T0	1413	1414	7	0.352748
MGG_01748T0	3898	3899	674.633	12.3291
MGG_16761T0	844	845	245	20.6598
MGG_03148T0	3141	3142	586	13.2895
MGG_11284T0	198	199	8	2.86453
MGG_06101T0	3677	3678	5023	97.3122
MGG_12552T0	276	277	0	0
MGG_05135T0	3028	3029	2348	55.235
MGG_00278T0	285	286	0	0
MGG_02918T0	428	429	0	0
MGG_11240T0	2431	2432	3006	88.0727
MGG_16770T0	3124	3125	128.7	2.93456
MGG_10791T0	1155	1156	1620	99.8557
MGG_16473T0	858	859	2	0.165902
MGG_02012T0	720	721	0	0
MGG_09138T0	1149	1150	1448	89.7194
MGG_02460T0	1817	1818	613	24.0261
MGG_10710T0	2198	2199	481	15.586
MGG_02630T0	3730	3731	6976	133.228
MGG_16169T0	168	169	0	0
MGG_07291T0	6347	6348	5183.21	58.1805
MGG_10471T0	1148	1149	5	0.310074
MGG_14746T0	4982	4983	6250	89.3727
MGG_14959T0	831	832	1	0.0856431
MGG_05326T0	2115	2116	7492	252.289
MGG_04163T0	5326	5327	3784.77	50.6259
MGG_06242T0	2305	2306	681	21.0428
MGG_03578T0	886	887	40248	3233.23
MGG_16463T0	1016	1017	70	4.90448
MGG_18037T0	666	667	0	0
MGG_05013T0	1110	1111	501	32.1321
MGG_04106T0	1632	1633	513	22.3845
MGG_01081T0	1508	1509	2770.44	130.82
MGG_09273T0	3951	3952	164	2.95694
MGG_02933T0	2113	2114	2656	89.5239
MGG_05410T0	417	418	0	0
MGG_09433T0	1938	1939	89	3.2706
MGG_01831T0	1759	1760	41	1.65992
MGG_17543T0	363	364	8	1.56605
MGG_02666T0	764	765	24	2.23545
MGG_11894T0	696	697	70	7.15618
MGG_18029T0	330	331	0	0
MGG_01972T0	1414	1415	1535.33	77.3145
MGG_15626T0	204	205	0	0
MGG_12655T0	276	277	1	0.257239
MGG_04030T0	2815	2816	2317	58.6286
MGG_18079T0	518	519	0	0
MGG_15546T0	234	235	0	0
MGG_11545T0	1710	1711	151	6.28844
MGG_02562T0	1412	1413	9	0.453854
MGG_12973T0	2273	2274	10731	336.253
MGG_08424T0	696	697	10.168	1.03949
MGG_10222T0	255	256	0	0
MGG_12020T0	1602	1603	59903	2662.75
MGG_07263T0	1794	1795	247	9.80502
MGG_07668T0	834	835	0	0
MGG_15319T0	255	256	5	1.3917
MGG_11229T0	2190	2191	2833	92.134
MGG_14157T0	1918	1919	15	0.55697
MGG_17279T0	255	256	31	8.62855
MGG_01293T0	932	933	51	3.89497
MGG_15972T0	342	343	0	0
MGG_03897T0	2818	2819	140	3.53874
MGG_13977T0	2892	2893	1806	44.4821
MGG_05404T0	1299	1300	35	1.91841
MGG_10914T0	309	310	0	0
MGG_12923T0	4096	4097	5582	97.0822
MGG_02376T0	3982	3983	8634	154.461
MGG_16266T0	1127	1128	78	4.92721
MGG_15656T0	649	650	307	33.6543
MGG_03369T0	1108	1109	54	3.46959
MGG_17692T0	761	762	2	0.187021
MGG_11308T0	1706	1707	86	3.58989
MGG_04778T0	1467	1468	30	1.45617
MGG_15845T0	322	323	13	2.86785
MGG_02448T0	1239	1240	313	17.9862
MGG_10615T0	993	994	0	0
MGG_05126T0	1376	1377	10	0.517466
MGG_07837T0	1833	1834	2	0.0777046
MGG_04524T0	2787	2788	34.5113	0.882032
MGG_03821T0	1656	1657	11.0019	0.473108
MGG_03499T0	729	730	1146	111.861
MGG_06414T0	2034	2035	841	29.4474
MGG_05071T0	2881	2882	461.123	11.4009
MGG_01638T0	4081	4082	2261	39.4678
MGG_17877T0	5118	5119	1663	23.1485
MGG_08436T0	3271	3272	50	1.08886
MGG_00366T0	1398	1399	413	21.0353
MGG_15075T0	1243	1244	571	32.7063
MGG_04023T0	1091	1092	2097	136.833
MGG_06049T0	1268	1269	745	41.8322
MGG_16420T0	393	394	42	7.59572
MGG_16004T0	420	421	0	0
MGG_00890T0	3104	3105	1189	27.2858
MGG_01277T0	1462	1463	242	11.7866
MGG_15928T0	1362	1363	0	0
MGG_05907T0	498	499	6267	894.901
MGG_16229T0	162	163	3	1.31144
MGG_07494T0	2631	2632	1235	33.4347
MGG_01707T0	1235	1236	1279.45	73.7598
MGG_08095T0	2413	2414	991.306	29.2608
MGG_01049T0	1889	1890	824	31.0657
MGG_10542T0	429	430	0	0
MGG_17135T0	1358	1359	344	18.0366
MGG_02073T0	483	484	0	0
MGG_06726T0	2103	2104	12413	420.385
MGG_09795T0	636	637	643	71.9262
MGG_17850T0	270	271	10	2.62934
MGG_15907T0	552	553	2	0.257704
MGG_06205T0	3879	3880	155	2.84653
MGG_09250T0	1932	1933	1300	47.9212
MGG_16803T0	177	178	0	0
MGG_15790T0	1491	1492	23.3336	1.11437
MGG_17351T0	165	166	1	0.429248
MGG_06359T0	953	954	369	27.5609
MGG_08896T0	1569	1570	4677	212.268
MGG_10777T0	318	319	0	0
MGG_05623T0	1704	1705	628.262	26.2562
MGG_07587T0	996	997	8	0.571756
MGG_15144T0	606	607	0	0
MGG_12222T0	1652	1653	258	11.1215
MGG_13772T0	2157	2158	315.044	10.4025
MGG_02483T0	1997	1998	1129.29	40.2742
MGG_12919T0	1460	1461	402	19.6061
MGG_17098T0	4070	4071	206	3.60564
MGG_05146T0	1296	1297	724	39.7754
MGG_07166T0	1099	1100	23	1.48988
MGG_15757T0	1267	1268	9.57058	0.537818
MGG_14290T0	264	265	13	3.49553
MGG_03255T0	4166	4167	1702	29.1039
MGG_16536T0	210	211	0	0
MGG_09079T0	1124	1125	2624	166.199
MGG_07614T0	2806	2807	12101	307.181
MGG_06143T0	5045	5046	2496	35.2463
MGG_00832T0	3522	3523	495	10.0117
MGG_03135T0	844	845	5209	439.252
MGG_12037T0	2770	2771	157	4.03719
MGG_03663T0	1004	1005	7508	532.322
MGG_18100T0	369	370	0	0
MGG_11450T0	1332	1333	201	10.7444
MGG_04546T0	312	313	0	0
MGG_11676T0	2166	2167	179	5.88586
MGG_07831T0	1029	1030	107	7.40223
MGG_06047T0	2257	2258	1490	47.0195
MGG_05933T0	4015	4016	3742	66.3936
MGG_04059T0	2009	2010	101.379	3.59391
MGG_17872T0	1701	1702	2	0.083731
MGG_17591T0	174	175	0	0
MGG_16632T0	822	823	0	0
MGG_16036T0	334	335	1	0.212702
MGG_06764T0	2350	2351	1031.95	31.2769
MGG_14134T0	2011	2012	18	0.637471
MGG_04841T0	1539	1540	38	1.75824
MGG_07925T0	2446	2447	1650	48.047
MGG_02732T0	2525	2526	1605.64	45.2929
MGG_08328T0	1654	1655	101	4.3485
MGG_15430T0	1296	1297	0	0
MGG_05663T0	2452	2453	24094	699.886
MGG_17425T0	362	363	11	2.15925
MGG_06344T0	1416	1417	3	0.150858
MGG_01992T0	453	454	0	0
MGG_05855T0	2366	2367	10	0.301035
MGG_16847T0	1726	1727	71.9479	2.96853
MGG_04749T0	1221	1222	122809	7161.02
MGG_05489T0	2373	2374	0.00978766	0.000293774
MGG_17068T0	303	304	24	5.6254
MGG_13527T0	2954	2955	230	5.54608
MGG_01548T0	3642	3643	1197.62	23.4249
MGG_06369T0	2155	2156	498	16.4587
MGG_10316T0	1689	1690	0	0
MGG_03727T0	1048	1049	5081.76	345.187
MGG_06180T0	1873	1874	3110.56	118.273
MGG_01396T0	3334	3335	147	3.14078
MGG_05905T0	2762	2763	2487	64.1373
MGG_07355T0	1032	1033	18.8447	1.29989
MGG_16615T0	673	674	40.5839	4.29051
MGG_04421T0	6669	6670	2301	24.5814
MGG_16109T0	267	268	2	0.531754
MGG_07161T0	2532	2533	1913	53.814
MGG_16607T0	852	853	11	0.918882
MGG_05712T0	2580	2581	498	13.7486
MGG_04437T0	2988	2989	265	6.31736
MGG_03631T0	2109	2110	1237	41.7737
MGG_03282T0	1806	1807	452.539	17.8449
MGG_09542T0	924	925	990	76.2622
MGG_09958T0	753	754	3	0.283508
MGG_07492T0	879	880	478	38.7045
MGG_05090T0	2766	2767	170	4.3778
MGG_01390T0	2045	2046	614	21.3835
MGG_06331T0	2292	2293	3737	116.127
MGG_13226T0	1283	1284	250	13.8737
MGG_13716T0	237	238	52	15.5683
MGG_05538T0	489	490	0	0
MGG_14217T0	1671	1672	3	0.12785
MGG_15314T0	332	333	1	0.213979
MGG_01648T0	1983	1984	1015.64	36.4765
MGG_08861T0	1339	1340	939	49.9317
MGG_06611T0	726	727	4	0.39205
MGG_01814T0	2294	2295	1721	53.4336
MGG_05187T0	336	337	534	112.909
MGG_09089T0	909	910	3	0.234907
MGG_11378T0	690	691	34	3.50604
MGG_14610T0	1260	1261	0	0
MGG_16121T0	349	350	4	0.814344
MGG_14670T0	497	498	17	2.4324
MGG_09247T0	3077	3078	8469	196.056
MGG_09930T0	4102	4103	1261	21.8993
MGG_10681T0	3125	3126	1651	37.6334
MGG_15910T0	411	412	0	0
MGG_05080T0	1437	1438	532	26.3614
MGG_01805T0	3029	3030	1733.94	40.7763
MGG_03993T0	6906	6907	1979	20.4161
MGG_09750T0	1525	1526	1077	50.2895
MGG_10581T0	2061	2062	37	1.27858
MGG_13009T0	678	679	1004	105.361
MGG_01874T0	1861	1862	81	3.09971
MGG_05293T0	2030	2031	12	0.421005
MGG_15555T0	258	259	6	1.6507
MGG_15182T0	1590	1591	15	0.671795
MGG_09082T0	5179	5180	3610	49.6585
MGG_04885T0	2237	2238	1579	50.2734
MGG_07633T0	837	838	233.994	19.8965
MGG_07758T0	201	202	3	1.05824
MGG_07762T0	474	475	787	118.058
MGG_02206T0	816	817	3	0.261647
MGG_00993T0	2154	2155	811	26.8157
MGG_06259T0	3077	3078	15644	362.155
MGG_03392T0	1527	1528	1490	69.483
MGG_15919T0	873	874	7.07117	0.576495
MGG_18051T0	258	259	0	0
MGG_15658T0	210	211	13	4.39012
MGG_00277T0	1353	1354	1120	58.9407
MGG_15997T0	1429	1430	0	0
MGG_11697T0	1771	1772	6	0.24127
MGG_08107T0	1463	1464	1259	61.2774
MGG_17733T0	1455	1456	461.632	22.5918
MGG_12722T0	2184	2185	20	0.65222
MGG_02164T0	579	580	0	0
MGG_01484T0	1251	1252	733	41.7172
MGG_07779T0	2171	2172	335	10.9901
MGG_17015T0	207	208	4	1.37029
MGG_02606T0	1292	1293	6989	385.152
MGG_17295T0	165	166	0	0
MGG_15639T0	276	277	6	1.54343
MGG_15776T0	401	402	45.6199	8.0862
MGG_10337T0	1431	1432	5	0.248796
MGG_10812T0	1845	1846	1.08887	0.0420303
MGG_16735T0	453	454	5	0.784748
MGG_10253T0	816	817	257	22.4144
MGG_03009T0	1158	1159	181	11.1278
MGG_06935T0	1624	1625	3257	142.817
MGG_07474T0	1086	1087	672	44.051
MGG_08643T0	5382	5383	464	6.142
MGG_04587T0	3957	3958	1437	25.87
MGG_02442T0	4306	4307	591.17	9.78033
MGG_05428T0	1818	1819	723	28.3218
MGG_17744T0	468	469	64	9.72351
MGG_01595T0	2309	2310	845.189	26.071
MGG_17551T0	486	487	0	0
MGG_16248T0	1164	1165	3957.96	242.082
MGG_04881T0	1767	1768	786	31.6779
MGG_03581T0	2630	2631	312.098	8.45252
MGG_17930T0	848	849	10	0.839283
MGG_15033T0	588	589	0	0
MGG_10360T0	1200	1201	63	3.73778
MGG_01849T0	4355	4356	4935	80.7263
MGG_14599T0	378	379	0	0
MGG_03212T0	1243	1244	54	3.09307
MGG_07525T0	2352	2353	416	12.5976
MGG_01556T0	902	903	1398.39	110.346
MGG_15732T0	2551	2552	1141	31.8582
MGG_16482T0	695	696	364.593	37.3263
MGG_17672T0	318	319	5	1.11685
MGG_06988T0	810	811	13	1.14219
MGG_14752T0	3655	3656	584	11.3821
MGG_14011T0	3491	3492	696	14.202
MGG_06289T0	1191	1192	1359	81.238
MGG_15801T0	381	382	0	0
MGG_05239T0	4335	4336	279.441	4.59216
MGG_03645T0	2266	2267	538	16.9101
MGG_07206T0	2048	2049	74	2.57339
MGG_03242T0	5025	5026	999	14.1631
MGG_02566T0	1854	1855	948	36.415
MGG_06584T0	1128	1129	302	19.0603
MGG_06640T0	3999	4000	1173.72	20.9084
MGG_09961T0	3551	3552	1135	22.7687
MGG_16648T0	1428	1429	82	4.08882
MGG_13619T0	1453	1454	47	2.30329
MGG_10504T0	3120	3121	4231	96.5973
MGG_06014T0	1623	1624	595	26.1064
MGG_17213T0	561	562	0	0
MGG_16638T0	417	418	41	6.98914
MGG_06600T0	2178	2179	761.147	24.8901
MGG_06405T0	1555	1556	619	28.3463
MGG_03901T0	2212	2213	5910.82	190.319
MGG_06092T0	1959	1960	558	20.2859
MGG_04394T0	1152	1153	8	0.494398
MGG_00259T0	444	445	41983	6722.48
MGG_17516T0	402	403	5	0.884058
MGG_11030T0	633	634	37	4.15842
MGG_07097T0	2287	2288	1497.59	46.6392
MGG_07964T0	969	970	340	24.976
MGG_02823T0	8768	8769	2997.02	24.3532
MGG_16491T0	537	538	0	0
MGG_03285T0	2631	2632	3590.92	97.2156
MGG_16091T0	276	277	2	0.514477
MGG_08116T0	708	709	699.695	70.3199
MGG_01872T0	1388	1389	858	44.015
MGG_10751T0	2316	2317	33	1.01485
MGG_17054T0	3685	3686	7044	136.17
MGG_17715T0	339	340	5	1.04787
MGG_07891T0	1750	1751	3	0.122082
MGG_09721T0	2469	2470	15	0.432723
MGG_17053T0	1346	1347	25512	1349.56
MGG_06628T0	3132	3133	2772	63.0447
MGG_10694T0	2822	2823	235	5.93161
MGG_11893T0	1596	1597	191	8.52205
MGG_01335T0	1119	1120	771	49.0515
MGG_06403T0	2482	2483	7601	218.127
MGG_04031T0	3018	3019	345	8.14276
MGG_06169T0	1675	1676	2573.3	109.404
MGG_02222T0	813	814	1	0.087537
MGG_05554T0	1401	1402	0	0
MGG_05739T0	3444	3445	256.815	5.31186
MGG_10498T0	1428	1429	1	0.0498636
MGG_16417T0	2087	2088	3209.47	109.526
MGG_01069T0	1055	1056	981.555	66.2318
MGG_00538T0	2161	2162	3374	111.2
MGG_00331T0	1360	1361	3483	182.352
MGG_02601T0	1772	1773	13	0.522457
MGG_01567T0	726	727	72	7.0569
MGG_01334T0	405	406	2883	505.981
MGG_00352T0	2173	2174	1045	34.2509
MGG_07192T0	3288	3289	3335	72.2517
MGG_17077T0	342	343	0	0
MGG_16796T0	345	346	14243	2933.2
MGG_03670T0	2163	2164	77205	2542.17
MGG_06886T0	2796	2797	24	0.611413
MGG_12138T0	2047	2048	806.621	28.0644
MGG_03324T0	1122	1123	301	19.0986
MGG_00304T0	2430	2431	0	0
MGG_06301T0	2917	2918	2135	52.1349
MGG_15436T0	1629	1630	9	0.393433
MGG_13324T0	4790	4791	819	12.1807
MGG_00145T0	3297	3298	1553.12	33.5559
MGG_10105T0	999	1000	0	0
MGG_03248T0	3659	3660	1028	20.0137
MGG_02737T0	2316	2317	1776	54.6176
MGG_01349T0	1672	1673	512	21.8067
MGG_17500T0	306	307	0	0
MGG_16404T0	525	526	0	0
MGG_05682T0	1820	1821	413.06	16.1629
MGG_17747T0	1814	1815	15.4066	0.604847
MGG_06209T0	1237	1238	3548.24	204.225
MGG_09176T0	642	643	0	0
MGG_16842T0	609	610	14	1.63536
MGG_11919T0	2794	2795	2118	53.9958
MGG_11681T0	573	574	6	0.744827
MGG_02940T0	2313	2314	2125	65.4352
MGG_06487T0	1594	1595	286	12.7768
MGG_06647T0	1236	1237	11	0.633635
MGG_01426T0	2832	2833	1448	36.4198
MGG_07661T0	4663	4664	359.605	5.49393
MGG_04159T0	2735	2736	5245.84	136.62
MGG_12818T0	1090	1091	846	55.2537
MGG_01289T0	1961	1962	142	5.1571
MGG_15438T0	1449	1450	0	0
MGG_05331T0	2201	2202	1710.67	55.3561
MGG_17906T0	183	184	0	0
MGG_15077T0	588	589	308	37.2607
MGG_09545T0	2471	2472	953	27.4701
MGG_10526T0	5451	5452	718	9.38392
MGG_03720T0	1559	1560	1522	69.5194
MGG_10468T0	1494	1495	17	0.810259
MGG_17799T0	336	337	0	0
MGG_14215T0	2640	2641	0	0
MGG_17011T0	267	268	7	1.86114
MGG_14691T0	1256	1257	14	0.793613
MGG_03836T0	2032	2033	94	3.29463
MGG_09805T0	1509	1510	0	0
MGG_06316T0	1730	1731	1359	55.942
MGG_08746T0	3340	3341	829	17.6805
MGG_15519T0	273	274	0	0
MGG_15834T0	1070	1071	6	0.399188
MGG_05779T0	198	199	0	0
MGG_09988T0	1683	1684	71	3.00422
MGG_01538T0	5037	5038	1482	20.9607
MGG_17698T0	4789	4790	1590	23.6525
MGG_14768T0	4204	4205	168	2.84681
MGG_01171T0	3307	3308	222	4.78193
MGG_13132T0	471	472	12	1.81157
MGG_03245T0	1835	1836	1694	65.7441
MGG_08862T0	1251	1252	104.32	5.93718
MGG_16447T0	340	341	1	0.208959
MGG_02891T0	2021	2022	1826	64.3481
MGG_05120T0	1452	1453	47	2.30488
MGG_05637T0	2804	2805	6668	169.386
MGG_17256T0	411	412	0	0
MGG_08572T0	1545	1546	206	9.49453
MGG_02604T0	1583	1584	1067.45	48.0184
MGG_03367T0	4188	4189	190.816	3.24578
MGG_16448T0	204	205	0	0
MGG_14834T0	516	517	0	0
MGG_05009T0	3994	3995	217	3.87043
MGG_04979T0	2057	2058	1620	56.09
MGG_12791T0	3001	3002	6178	146.64
MGG_09177T0	1979	1980	138	4.96626
MGG_09440T0	1518	1519	8	0.375274
MGG_06999T0	1779	1780	565.166	22.6241
MGG_11156T0	519	520	195	26.7207
MGG_13875T0	1431	1432	12	0.59711
MGG_09491T0	1018	1019	4	0.279706
MGG_02379T0	726	727	26	2.54832
MGG_17347T0	879	880	25	2.02429
MGG_05256T0	2940	2941	1944	47.0996
MGG_17471T0	4295	4296	10763	178.519
MGG_00946T0	1960	1961	1905	69.2203
MGG_15951T0	1871	1872	2492	94.8545
MGG_06753T0	1045	1046	8	0.544972
MGG_03833T0	1210	1211	1	0.0588399
MGG_02842T0	2356	2357	1124.08	33.9825
MGG_17149T0	703	704	0	0
MGG_01044T0	2471	2472	1403	40.4413
MGG_09100T0	645	646	69	7.61084
MGG_06185T0	527	528	5055.78	682.291
MGG_01781T0	4410	4411	6411	103.563
MGG_15018T0	3121	3122	2938	67.0556
MGG_08360T0	699	700	1	0.101793
MGG_09681T0	1008	1009	0	0
MGG_03530T0	3376	3377	3019	63.7012
MGG_07558T0	878	879	0	0
MGG_17233T0	255	256	0	0
MGG_09488T0	1934	1935	886	32.6264
MGG_01594T0	2315	2316	2119.81	65.219
MGG_09478T0	561	562	46	5.83227
MGG_04726T0	3821	3822	377	7.02856
MGG_03165T0	2390	2391	5875	175.083
MGG_16766T0	722	723	13	1.28121
MGG_05748T0	1232	1233	748	43.2269
MGG_07836T0	456	457	153	23.8556
MGG_07914T0	943	944	1062	80.162
MGG_09098T0	3153	3154	2	0.0451839
MGG_16098T0	396	397	0	0
MGG_04024T0	4253	4254	345	5.7788
MGG_04511T0	1503	1504	139	6.58541
MGG_07971T0	4396	4397	2540	41.1617
MGG_11487T0	1198	1199	15	0.891431
MGG_00791T0	1077	1078	114	7.53532
MGG_12304T0	2598	2599	71.6405	1.96412
MGG_17771T0	1359	1360	13	0.681115
MGG_03729T0	2395	2396	1102	32.7726
MGG_09438T0	372	373	2	0.382065
MGG_11658T0	1377	1378	74	3.82647
MGG_02955T0	1179	1180	1249	75.4217
MGG_02740T0	1699	1700	209	8.76018
MGG_04019T0	4625	4626	527.612	8.1269
MGG_09469T0	1585	1586	79	3.54928
MGG_16878T0	402	403	85	15.029
MGG_00428T0	9097	9098	287.235	2.24961
MGG_02017T0	1125	1126	0	0
MGG_16781T0	258	259	0	0
MGG_00152T0	4431	4432	1738	27.9425
MGG_17958T0	1196	1197	784	46.67
MGG_17557T0	1609	1610	1865	82.5408
MGG_07017T0	507	508	5	0.70133
MGG_14853T0	1118	1119	165.974	10.5688
MGG_16647T0	385	386	16	2.95358
MGG_08477T0	900	901	0	0
MGG_17992T0	324	325	1	0.219246
MGG_11431T0	1077	1078	1200	79.3192
MGG_15615T0	420	421	0	0
MGG_07311T0	1404	1405	369	18.714
MGG_04398T0	1646	1647	65.9972	2.85527
MGG_04517T0	3415	3416	2084.8	43.4873
MGG_15184T0	1602	1603	50	2.22255
MGG_08938T0	1565	1566	459	20.8851
MGG_14248T0	444	445	0	0
MGG_04186T0	5122	5123	8679.88	120.727
MGG_03478T0	763	764	746.735	69.6449
MGG_01427T0	2501	2502	783	22.2993
MGG_14873T0	3093	3094	383	8.82052
MGG_02936T0	564	565	17	2.14396
MGG_02072T0	3396	3397	1336	28.0238
MGG_15867T0	3955	3956	1713	30.8544
MGG_14587T0	2972	2973	533	12.7746
MGG_06484T0	1701	1702	5470	229.004
MGG_16415T0	297	298	6	1.43467
MGG_12478T0	2034	2035	1	0.0350148
MGG_02904T0	3606	3607	102.149	2.01792
MGG_00776T0	1803	1804	480	18.9592
MGG_07221T0	1213	1214	2991	175.555
MGG_11916T0	1931	1932	47130	1738.23
MGG_04532T0	1485	1486	0	0
MGG_18062T0	411	412	0	0
MGG_02217T0	1407	1408	0	0
MGG_17527T0	225	226	0	0
MGG_16550T0	660	661	1947.69	209.958
MGG_15798T0	297	298	2	0.478222
MGG_06791T0	1815	1816	34	1.33407
MGG_10202T0	1954	1955	1493	54.4163
MGG_03365T0	504	505	0	0
MGG_06243T0	4067	4068	1041	18.2342
MGG_04828T0	2812	2813	9947.05	251.965
MGG_16865T0	258	259	11	3.02628
MGG_00872T0	894	895	868.806	69.1697
MGG_00047T0	491	492	5844	846.371
MGG_11278T0	2546	2547	6028	168.64
MGG_07669T0	351	352	0	0
MGG_01702T0	3480	3481	7479.43	153.102
MGG_08820T0	4280	4281	3349	55.7424
MGG_05225T0	3197	3198	146	3.25305
MGG_07550T0	1488	1489	0	0
MGG_08804T0	2298	2299	714	22.1297
MGG_04980T0	788	789	626.251	56.5572
MGG_05396T0	468	469	23	3.49439
MGG_16894T0	1830	1831	17	0.661571
MGG_17204T0	383	384	7	1.29892
MGG_10024T0	1294	1295	27	1.48563
MGG_16561T0	879	880	0	0
MGG_02332T0	810	811	1	0.0878608
MGG_01393T0	3317	3318	52	1.11672
MGG_09519T0	1824	1825	3761	146.844
MGG_17377T0	388	389	9	1.64858
MGG_06695T0	2113	2114	341	11.4938
MGG_16215T0	192	193	3	1.10759
MGG_03241T0	2776	2777	3116	79.9535
MGG_09224T0	2013	2014	62	2.19355
MGG_16664T0	369	370	0	0
MGG_06175T0	3107	3108	6450.91	147.896
MGG_03548T0	5789	5790	2313	28.4651
MGG_01529T0	402	403	1185	209.522
MGG_14949T0	645	646	108	11.9126
MGG_06609T0	1581	1582	1755	79.0472
MGG_16147T0	1140	1141	191	11.9279
MGG_13203T0	2795	2796	1360.46	34.6708
MGG_09350T0	2102	2103	896	30.3588
MGG_17504T0	1296	1297	574	31.5346
MGG_17470T0	740	741	18	1.73089
MGG_02269T0	1625	1626	19	0.832624
MGG_18072T0	285	286	0	0
MGG_10723T0	207	208	38	13.0178
MGG_08753T0	1249	1250	83	4.73134
MGG_12336T0	5524	5525	3031	39.0903
MGG_11410T0	2739	2740	3264	84.882
MGG_03880T0	1741	1742	277.01	11.3309
MGG_12764T0	893	894	970	77.3126
MGG_07214T0	1380	1381	32	1.6511
MGG_06519T0	2776	2777	850	21.8102
MGG_15623T0	252	253	0	0
MGG_01397T0	1563	1564	91	4.14592
MGG_05010T0	1745	1746	42	1.71404
MGG_04304T0	1151	1152	15	0.927801
MGG_05963T0	1488	1489	252.918	12.1032
MGG_17522T0	234	235	81	24.5603
MGG_04150T0	3204	3205	2898	64.4297
MGG_07296T0	2970	2971	938.967	22.5197
MGG_15823T0	426	427	0	0
MGG_05655T0	1074	1075	3	0.198851
MGG_13766T0	963	964	147	10.8657
MGG_01374T0	835	836	8	0.681867
MGG_03926T0	3049	3050	3821	89.2674
MGG_00411T0	3000	3001	160	3.799
MGG_06096T0	2683	2684	1168.7	31.0268
MGG_08614T0	1825	1826	118	4.60466
MGG_08279T0	2585	2586	244	6.72322
MGG_02532T0	1275	1276	54	3.0155
MGG_14758T0	570	571	515	64.2668
MGG_12081T0	285	286	5	1.24572
MGG_13326T0	2781	2782	1444	36.985
MGG_03161T0	3281	3282	527.007	11.4418
MGG_00311T0	1290	1291	27.0496	1.49297
MGG_07523T0	4947	4948	2677	38.5509
MGG_06241T0	1452	1453	5982	293.357
MGG_08582T0	3749	3750	9021	171.411
MGG_01751T0	4219	4220	1901	32.0986
MGG_12527T0	1878	1879	119	4.5127
MGG_04456T0	3775	3776	118	2.22672
MGG_10735T0	2301	2302	567	17.5507
MGG_05675T0	3977	3978	4567	81.8054
MGG_06001T0	2336	2337	6062	184.83
MGG_07386T0	2957	2958	363	8.74429
MGG_14677T0	1785	1786	912	36.3856
MGG_10185T0	921	922	3332	257.508
MGG_17884T0	1065	1066	11	0.735278
MGG_11206T0	560	561	819	104.025
MGG_07215T0	3273	3274	14081	306.458
MGG_15858T0	168	169	0	0
MGG_04613T0	1239	1240	67.3755	3.87165
MGG_11279T0	2543	2544	3360	94.1105
MGG_15310T0	927	928	14	1.07497
MGG_17526T0	174	175	0	0
MGG_00811T0	2127	2128	465.911	15.6008
MGG_07642T0	1299	1300	0	0
MGG_04050T0	1754	1755	1478	60.0086
MGG_03637T0	5516	5517	1332	17.2035
MGG_10505T0	955	956	0	0
MGG_00096T0	1773	1774	538.812	21.6421
MGG_09512T0	1555	1556	16095.4	737.068
MGG_03184T0	1860	1861	1151	44.0702
MGG_07791T0	666	667	511	54.5897
MGG_08199T0	4526	4527	7321	115.233
MGG_13797T0	327	328	33	7.16896
MGG_09147T0	1047	1048	2	0.135983
MGG_09533T0	1746	1747	1403.52	57.2456
MGG_03349T0	1849	1850	24	0.92439
MGG_07910T0	2085	2086	1179	40.2731
MGG_00793T0	345	346	0	0
MGG_02374T0	2223	2224	229	7.33697
MGG_06120T0	8711	8712	400.358	3.27451
MGG_00860T0	815	816	1719	150.107
MGG_11193T0	1690	1691	369	15.5489
MGG_16070T0	1035	1036	9	0.619011
MGG_13927T0	1650	1651	0	0
MGG_16717T0	398	399	42	7.50054
MGG_09329T0	996	997	693	49.5284
MGG_08069T0	1390	1391	311.258	15.9444
MGG_17807T0	552	553	9	1.15967
MGG_05031T0	2545	2546	204	5.70936
MGG_09103T0	2031	2032	1	0.0350665
MGG_13604T0	454	455	9	1.40944
MGG_05297T0	753	754	388	36.6671
MGG_07938T0	975	976	17	1.24112
MGG_04045T0	3081	3082	1505	34.7952
MGG_00535T0	3644	3645	42	0.821046
MGG_04821T0	2412	2413	2296	67.8001
MGG_06621T0	705	706	0	0
MGG_16364T0	537	538	880	116.551
MGG_13186T0	2602	2603	3614	98.9304
MGG_02556T0	420	421	0	0
MGG_04496T0	985	986	144	10.4064
MGG_03110T0	1600	1601	845	37.6081
MGG_04308T0	162	163	0	0
MGG_15208T0	249	250	0	0
MGG_01014T0	3982	3983	808	14.455
MGG_15288T0	2424	2425	1085	31.8811
MGG_07444T0	2465	2466	204.208	5.90059
MGG_00053T0	2438	2439	434	12.6793
MGG_06373T0	1947	1948	480	17.5577
MGG_00809T0	3847	3848	548.531	10.1574
MGG_00241T0	6459	6460	0	0
MGG_03385T0	1107	1108	0	0
MGG_04759T0	2847	2848	496	12.4096
MGG_02658T0	2289	2290	628	19.5407
MGG_01169T0	2137	2138	320	10.6649
MGG_14329T0	4196	4197	3271	55.5338
MGG_17076T0	399	400	1	0.178138
MGG_02113T0	600	601	1855	219.93
MGG_16124T0	742	743	26	2.49345
MGG_12421T0	2496	2497	171	4.8797
MGG_08757T0	3609	3610	1521	30.0219
MGG_00611T0	1439	1440	92	4.55241
MGG_05687T0	4771	4772	2376.01	35.4783
MGG_03608T0	1803	1804	400.745	15.8288
MGG_12026T0	315	316	4	0.901963
MGG_16133T0	1769	1770	9757	392.789
MGG_03671T0	1048	1049	26	1.76609
MGG_08653T0	2004	2005	182	6.46804
MGG_01621T0	1054	1055	786	53.0867
MGG_17707T0	5061	5062	3561.84	50.1382
MGG_00725T0	2252	2253	6401	202.443
MGG_16866T0	1320	1321	11014	594.098
MGG_08405T0	1397	1398	73	3.72076
MGG_06761T0	2877	2878	925	22.9017
MGG_09636T0	1407	1408	1	0.0506073
MGG_09127T0	555	556	125	16.0196
MGG_03716T0	3823	3824	3305.77	61.5986
MGG_17635T0	546	547	0	0
MGG_15597T0	204	205	0	0
MGG_00226T0	2682	2683	370.439	9.83812
MGG_02202T0	639	640	0	0
MGG_05622T0	2292	2293	2379.74	73.9505
MGG_00891T0	2518	2519	833	23.5631
MGG_15821T0	168	169	1	0.421628
MGG_01121T0	1184	1185	1374	82.6198
MGG_06570T0	3231	3232	1969	43.41
MGG_02257T0	954	955	66	4.92444
MGG_16976T0	315	316	0	0
MGG_08345T0	4176	4177	3443	58.7338
MGG_12584T0	1359	1360	282	14.775
MGG_06945T0	3682	3683	502	9.71221
MGG_15046T0	504	505	0	0
MGG_13670T0	366	367	9	1.7474
MGG_15793T0	459	460	0	0
MGG_00645T0	2411	2412	1434.83	42.3876
MGG_02712T0	2083	2084	435	14.8733
MGG_04041T0	841	842	45	3.80817
MGG_15881T0	174	175	38	15.4725
MGG_00291T0	5598	5599	207	2.63436
MGG_03521T0	2784	2785	22175	567.354
MGG_01691T0	3550	3551	872	17.4977
MGG_15229T0	1623	1624	596.781	26.1845
MGG_08179T0	2156	2157	2	0.0660687
MGG_15839T0	293	294	1	0.242364
MGG_17892T0	708	709	13	1.30651
MGG_10514T0	1963	1964	7058	256.068
MGG_10680T0	1156	1157	4599.96	283.293
MGG_06125T0	1469	1470	2274	110.227
MGG_14053T0	282	283	2	0.50357
MGG_17066T0	763	764	19	1.77205
MGG_04672T0	1932	1933	3804	140.225
MGG_01245T0	2049	2050	7322	254.502
MGG_02970T0	2250	2251	658.247	20.8367
MGG_09945T0	2292	2293	22	0.683651
MGG_04986T0	1392	1393	3198	163.585
MGG_03435T0	3232	3233	5495.01	121.11
MGG_00970T0	1414	1415	1677	84.4486
MGG_17518T0	314	315	26	5.88137
MGG_02875T0	6195	6196	2778	31.9475
MGG_17382T0	309	310	0	0
MGG_07615T0	729	730	4	0.390439
MGG_01964T0	474	475	0	0
MGG_06729T0	2656	2657	4175.89	111.988
MGG_03830T0	1506	1507	0	0
MGG_03535T0	3030	3031	2076.86	48.8243
MGG_02884T0	1784	1785	5	0.199594
MGG_02715T0	1401	1402	132	6.70875
MGG_02649T0	3140	3141	4	0.0907419
MGG_15758T0	198	199	9	3.22259
MGG_15572T0	183	184	17	6.58335
MGG_10011T0	6924	6925	2	0.0205791
MGG_15564T0	782	783	10	0.910027
MGG_16259T0	2097	2098	3170	107.664
MGG_02101T0	1229	1230	164	9.50068
MGG_00160T0	2406	2407	25	0.740082
MGG_05161T0	2153	2154	87	2.87799
MGG_00340T0	828	829	71	6.10267
MGG_14861T0	747	748	74	7.0493
MGG_02733T0	1728	1729	1363.36	56.1865
MGG_15270T0	441	442	0	0
MGG_03701T0	2455	2456	1366	39.6313
MGG_02829T0	2870	2871	36013	893.803
MGG_08074T0	2212	2213	161	5.18394
MGG_16012T0	686	687	21	2.1781
MGG_03829T0	1100	1101	9	0.582467
MGG_06543T0	987	988	71	5.12056
MGG_09190T0	4506	4507	2340	36.9951
MGG_15429T0	2799	2800	566	14.4037
MGG_14725T0	402	403	0	0
MGG_01590T0	2607	2608	2848.3	77.8206
MGG_09526T0	1337	1338	222	11.8226
MGG_14194T0	516	517	0	0
MGG_12897T0	882	883	590	47.611
MGG_08093T0	4190	4191	5044	85.7577
MGG_09716T0	1945	1946	3218	117.831
MGG_10328T0	1533	1534	223	10.3585
MGG_17409T0	162	163	0	0
MGG_06071T0	993	994	1680	120.431
MGG_07223T0	1017	1018	657	45.9868
MGG_12091T0	1161	1162	27	1.65567
MGG_15886T0	1488	1489	233	11.1501
MGG_04654T0	1332	1333	842	45.0088
MGG_06835T0	669	670	0	0
MGG_14775T0	4024	4025	3010	53.2864
MGG_00977T0	1384	1385	750	38.5858
MGG_01700T0	1875	1876	52	1.97509
MGG_06040T0	1647	1648	96.7829	4.18463
MGG_02851T0	1863	1864	25951	992.028
MGG_02081T0	1904	1905	0	0
MGG_17785T0	424	425	0	0
MGG_16268T0	288	289	18	4.43803
MGG_02722T0	1804	1805	6880	271.598
MGG_17879T0	303	304	1271	297.912
MGG_07457T0	3239	3240	559.283	12.2999
MGG_17628T0	588	589	0	0
MGG_15014T0	504	505	5	0.705496
MGG_04545T0	1929	1930	368	13.5865
MGG_02121T0	1056	1057	0	0
MGG_05845T0	1869	1870	2	0.0762086
MGG_10547T0	2776	2777	59	1.51388
MGG_11724T0	2225	2226	411	13.1563
MGG_11495T0	2147	2148	0	0
MGG_03030T0	1859	1860	30	1.14928
MGG_11300T0	362	363	0	0
MGG_05505T0	1847	1848	70	2.69906
MGG_17244T0	225	226	5	1.57644
MGG_16058T0	339	340	0	0
MGG_01816T0	5557	5558	11794	151.202
MGG_08761T0	2697	2698	48	1.2677
MGG_04743T0	2442	2443	384	11.2001
MGG_11025T0	4185	4186	468	7.96641
MGG_05631T0	2550	2551	1930	53.9092
MGG_08915T0	2337	2338	30	0.914308
MGG_13647T0	1761	1762	344	13.9113
MGG_12926T0	2636	2637	2585	69.85
MGG_04230T0	1575	1576	117	5.28988
MGG_07516T0	2352	2353	1777	53.8123
MGG_11270T0	2362	2363	1874	56.5095
MGG_10732T0	342	343	0	0
MGG_05597T0	1205	1206	120	7.09006
MGG_10006T0	885	886	356	28.6307
MGG_16192T0	936	937	6.01399	0.45734
MGG_15956T0	207	208	1	0.342573
MGG_01720T0	2727	2728	4640	121.196
MGG_06059T0	2194	2195	220.771	7.16678
MGG_01143T0	1848	1849	135	5.20251
MGG_05364T0	1125	1126	1433	90.6825
MGG_17199T0	249	250	4	1.14008
MGG_05255T0	1888	1889	501.027	18.8993
MGG_17461T0	153	154	3	1.38809
MGG_15578T0	297	298	0	0
MGG_17697T0	6245	6246	1876	21.4016
MGG_16174T0	177	178	0	0
MGG_12479T0	1605	1606	49	2.17403
MGG_04136T0	880	881	2928	236.816
MGG_05262T0	9702	9703	6840	50.2303
MGG_17995T0	342	343	6	1.24644
MGG_03412T0	1636	1637	17	0.739973
MGG_08836T0	678	679	222	23.297
MGG_04961T0	3040	3041	5349	125.335
MGG_04179T0	2957	2958	948	22.8363
MGG_01431T0	1379	1380	64.5036	3.33059
MGG_15495T0	950	951	3.76523	0.282115
MGG_15011T0	2178	2179	5709	186.689
MGG_07768T0	5611	5612	12861	163.295
MGG_16920T0	1205	1206	2030	119.94
MGG_14930T0	1428	1429	150	7.47954
MGG_12758T0	2540	2541	1242	34.8283
MGG_05123T0	1620	1621	249	10.9454
MGG_14615T0	879	880	0	0
MGG_04771T0	2683	2684	1156	30.6896
MGG_01600T0	1749	1750	649	26.4255
MGG_00648T0	1341	1342	235	12.4776
MGG_04140T0	2738	2739	2550.9	66.3616
MGG_08552T0	815	816	25	2.18306
MGG_06463T0	2429	2430	92	2.69772
MGG_07119T0	1269	1270	157	8.8087
MGG_09896T0	2660	2661	738	19.7618
MGG_07617T0	1431	1432	142.005	7.06606
MGG_15129T0	624	625	47	5.35838
MGG_10221T0	1068	1069	0	0
MGG_09362T0	324	325	17	3.72719
MGG_07469T0	1137	1138	800	50.0914
MGG_17113T0	1032	1033	144	9.93295
MGG_12323T0	247	248	5	1.43659
MGG_16726T0	1492	1493	81	3.86582
MGG_01640T0	273	274	63	16.3835
MGG_03991T0	3961	3962	1275	22.9304
MGG_16101T0	228	229	5	1.55579
MGG_04188T0	3673	3674	1901	36.8688
MGG_09562T0	2829	2830	4285	107.89
MGG_05228T0	1802	1803	44	1.73889
MGG_05752T0	342	343	2849	591.853
MGG_08745T0	2419	2420	736	21.671
MGG_02525T0	1748	1749	6213	253.121
MGG_01301T0	1815	1816	181	7.10197
MGG_16474T0	574	575	125.231	15.5189
MGG_05887T0	744	745	0	0
MGG_07358T0	2697	2698	0	0
MGG_01932T0	1311	1312	176	9.55861
MGG_03462T0	3402	3403	860	18.0075
MGG_03051T0	3114	3115	507	11.5975
MGG_09904T0	3317	3318	3114	66.8741
MGG_06854T0	2594	2595	257.712	7.07642
MGG_01759T0	3158	3159	2738	61.7589
MGG_14945T0	6627	6628	0	0
MGG_13625T0	1098	1099	5	0.324181
MGG_09607T0	1644	1645	0	0
MGG_09413T0	3801	3802	460.528	8.63098
MGG_10876T0	2850	2851	98	2.44932
MGG_04589T0	6485	6486	8075	88.7118
MGG_16859T0	315	316	3	0.676472
MGG_08163T0	171	172	1903	788.363
MGG_16034T0	1357	1358	176	9.23483
MGG_15290T0	2393	2394	906.568	26.9831
MGG_04147T0	489	490	1616	234.996
MGG_00039T0	2805	2806	43	1.09193
MGG_16957T0	216	217	0	0
MGG_18053T0	201	202	0	0
MGG_07920T0	1902	1903	283	10.5965
MGG_10847T0	2013	2014	3770	133.382
MGG_01990T0	1504	1505	6199	293.495
MGG_07915T0	1989	1990	1638	58.6512
MGG_15391T0	669	670	0	0
MGG_05190T0	4684	4685	10630	161.674
MGG_06559T0	3097	3098	12761	293.507
MGG_16203T0	4266	4267	2471	41.2635
MGG_00637T0	1761	1762	0	0
MGG_06770T0	1383	1384	125	6.43561
MGG_05278T0	2238	2239	243.133	7.73758
MGG_04719T0	1417	1418	3562	178.992
MGG_05180T0	1161	1162	609.577	37.3799
MGG_05514T0	1435	1436	349	17.3176
MGG_15228T0	354	355	2	0.401437
MGG_00016T0	1461	1462	2	0.0974762
MGG_15609T0	783	784	54	4.90788
MGG_08833T0	1974	1975	3917	141.32
MGG_01838T0	2083	2084	972	33.2341
MGG_15936T0	1381	1382	1085	55.9419
MGG_13742T0	846	847	0	0
MGG_01481T0	1600	1601	768	34.1811
MGG_14859T0	1911	1912	301	11.2175
MGG_11991T0	341	342	149	31.0439
MGG_16178T0	213	214	0	0
MGG_01839T0	2057	2058	104	3.60084
MGG_01073T0	3260	3261	1467	32.055
MGG_13119T0	3214	3215	542.789	12.03
MGG_02573T0	2297	2298	899	27.8757
MGG_00514T0	3003	3004	12131	287.748
MGG_07551T0	1774	1775	0	0
MGG_04851T0	1179	1180	20	1.20771
MGG_10618T0	1104	1105	14	0.902779
MGG_15797T0	279	280	0	0
MGG_11490T0	3810	3811	2699	50.4638
MGG_15234T0	4854	4855	207	3.03806
MGG_03600T0	1908	1909	10670	398.267
MGG_02840T0	2370	2371	6735	202.405
MGG_06104T0	3388	3389	2516	52.8999
MGG_16322T0	294	295	0	0
MGG_01782T0	3079	3080	2813	65.0781
MGG_07854T0	788	789	2	0.180621
MGG_07029T0	607	608	735	86.139
MGG_10144T0	837	838	0	0
MGG_16181T0	3741	3742	69	1.3139
MGG_16836T0	883	884	1250	100.757
MGG_13576T0	2760	2761	3	0.0774231
MGG_03318T0	1175	1176	1915.9	116.087
MGG_00813T0	1349	1350	42	2.21682
MGG_02058T0	1746	1747	3	0.122361
MGG_00666T0	998	999	3330	237.517
MGG_15101T0	390	391	0	0
MGG_03575T0	372	373	118	22.5418
MGG_03556T0	1068	1069	1091	72.7215
MGG_03073T0	1078	1079	3749	247.577
MGG_04419T0	1620	1621	127.043	5.58448
MGG_14729T0	1202	1203	1620	95.9545
MGG_02616T0	2418	2419	1248	36.7616
MGG_14264T0	2038	2039	416	14.5376
MGG_06354T0	1269	1270	298.82	16.7657
MGG_06776T0	7462	7463	5880	56.1409
MGG_04736T0	912	913	21	1.63895
MGG_03738T0	2980	2981	4164	99.5324
MGG_09650T0	426	427	0	0
MGG_08971T0	787	788	0	0
MGG_17663T0	705	706	14.9194	1.50578
MGG_06314T0	4033	4034	883.732	15.6099
MGG_12691T0	432	433	8	1.31649
MGG_10358T0	2042	2043	710	24.7631
MGG_04925T0	597	598	15.0371	1.79175
MGG_04915T0	1668	1669	24	1.02464
MGG_08885T0	1417	1418	2428	122.008
MGG_06365T0	1272	1273	322.963	18.0776
MGG_12560T0	1326	1327	0	0
MGG_17359T0	453	454	2	0.313899
MGG_04668T0	1391	1392	224	11.4663
MGG_16043T0	648	649	5	0.548961
MGG_04229T0	1820	1821	209.377	8.19286
MGG_06041T0	3775	3776	6	0.113223
MGG_09959T0	1382	1383	1381	71.152
MGG_00221T0	1115	1116	3540.5	226.056
MGG_06186T0	2108	2109	699	23.6166
MGG_16572T0	1057	1058	0	0
MGG_11179T0	198	199	8	2.86453
MGG_09914T0	2001	2002	3550	126.351
MGG_10298T0	1974	1975	28	1.0102
MGG_15165T0	665	666	241	25.7845
MGG_15884T0	1013	1014	5	0.351356
MGG_15574T0	1126	1127	8	0.505804
MGG_07618T0	2169	2170	173	5.68071
MGG_18055T0	333	334	1	0.213339
MGG_14352T0	564	565	229	28.8804
MGG_04548T0	2053	2054	1071	37.1539
MGG_12094T0	2577	2578	2563	70.8405
MGG_08600T0	1046	1047	5977	406.773
MGG_10273T0	1200	1201	24	1.42392
MGG_15421T0	1332	1333	209	11.172
MGG_05232T0	1131	1132	465	29.27
MGG_18006T0	2286	2287	13	0.405035
MGG_17190T0	413	414	17	2.92593
MGG_07719T0	1247	1248	178	10.163
MGG_15424T0	669	670	3	0.319053
MGG_02410T0	1622	1623	1291	56.6792
MGG_16511T0	312	313	2707	616.254
MGG_16265T0	159	160	1	0.445344
MGG_06720T0	2015	2016	30487	1077.56
MGG_17139T0	399	400	10	1.78138
MGG_08381T0	1164	1165	0	0
MGG_16578T0	183	184	0	0
MGG_05658T0	1543	1544	392	18.0907
MGG_04541T0	5681	5682	60	0.75243
MGG_02614T0	819	820	15	1.30345
MGG_02157T0	1627	1628	18	0.787833
MGG_09772T0	1826	1827	304.92	11.8922
MGG_06610T0	1674	1675	18	0.765726
MGG_02238T0	558	559	4210	536.644
MGG_10067T0	888	889	327	26.2097
MGG_10449T0	1918	1919	2	0.0742627
MGG_17696T0	3228	3229	54.6327	1.20559
MGG_13915T0	2493	2494	1771	50.5985
MGG_07435T0	1552	1553	589.892	27.0655
MGG_17847T0	2279	2280	10.9731	0.342933
MGG_10860T0	2077	2078	59	2.02312
MGG_03451T0	3666	3667	2630	51.1047
MGG_07330T0	537	538	340	45.0311
MGG_16304T0	162	163	41	17.9231
MGG_03507T0	639	640	23	2.56073
MGG_18099T0	1294	1295	901	49.5759
MGG_16220T0	2106	2107	428	14.4742
MGG_01982T0	3678	3679	4687	90.7781
MGG_05129T0	7269	7270	7328	71.8236
MGG_01401T0	1308	1309	240	13.0643
MGG_07674T0	2246	2247	2201	69.7964
MGG_14932T0	195	196	27	9.81575
MGG_16626T0	297	298	0	0
MGG_13275T0	1401	1402	87952	4470.06
MGG_04509T0	1275	1276	3.55529	0.198537
MGG_01933T0	1443	1444	42	2.07252
MGG_04371T0	2357	2358	1141	34.4792
MGG_08781T0	567	568	17	2.13263
MGG_14860T0	2153	2154	511	16.9041
MGG_06626T0	2007	2008	10	0.354856
MGG_08895T0	1720	1721	2230	92.3294
MGG_16518T0	381	382	1	0.186532
MGG_10656T0	1137	1138	120	7.51372
MGG_03550T0	1471	1472	972.901	47.0952
MGG_12936T0	1134	1135	213	13.3721
MGG_14702T0	1251	1252	81	4.60995
MGG_06913T0	1974	1975	1065	38.4236
MGG_10941T0	3474	3475	635	13.0207
MGG_12633T0	2077	2078	683	23.4202
MGG_05678T0	3005	3006	405	9.60024
MGG_04442T0	2427	2428	868.274	25.4814
MGG_10196T0	4341	4342	1993	32.7064
MGG_16649T0	2943	2944	2969	71.8602
MGG_05679T0	441	442	1865	300.658
MGG_17947T0	234	235	2	0.606426
MGG_02913T0	4724	4725	4713	71.0741
MGG_02746T0	3025	3026	1153	27.1504
MGG_15914T0	744	745	2	0.191289
MGG_06553T0	1463	1464	202.307	9.84657
MGG_11252T0	2192	2193	1195	38.828
MGG_03713T0	1533	1534	32	1.48642
MGG_03228T0	3099	3100	540	12.4122
MGG_06108T0	1136	1137	5755.49	360.693
MGG_17653T0	315	316	0	0
MGG_02207T0	384	385	0	0
MGG_17048T0	216	217	0	0
MGG_01475T0	1653	1654	4	0.172322
MGG_04888T0	2109	2110	157	5.30192
MGG_01170T0	534	535	1188	158.226
MGG_06077T0	1734	1735	463	19.015
MGG_06280T0	1684	1685	63	2.66414
MGG_15665T0	207	208	24	8.22174
MGG_04327T0	5720	5721	131	1.63161
MGG_06335T0	3529	3530	979	19.7617
MGG_01018T0	1743	1744	3	0.122572
MGG_16902T0	438	439	7	1.13619
MGG_01868T0	2730	2731	380	9.91466
MGG_04605T0	1982	1983	297	10.6721
MGG_14592T0	441	442	21	3.38542
MGG_09619T0	1053	1054	10	0.676044
MGG_17948T0	318	319	13	2.90381
MGG_03971T0	1401	1402	5557	282.428
MGG_03295T0	2563	2564	118	3.27929
MGG_02880T0	4456	4457	2524	40.3518
MGG_01916T0	1698	1699	157	6.58449
MGG_00111T0	5114	5115	527	7.34143
MGG_17329T0	543	544	43	5.6323
MGG_00518T0	1360	1361	3082	161.358
MGG_06372T0	3407	3408	6318	132.098
MGG_01516T0	3209	3210	1486	32.986
MGG_10407T0	1158	1159	0	0
MGG_16915T0	4590	4591	301	4.6717
MGG_03850T0	7355	7356	1851	17.93
MGG_02458T0	1085	1086	1679	110.163
MGG_14596T0	2304	2305	212	6.55361
MGG_01326T0	3274	3275	1108	24.1071
MGG_04481T0	1724	1725	20	0.826146
MGG_09010T0	2590	2591	6991	192.259
MGG_13236T0	210	211	6296	2126.17
MGG_00850T0	5205	5206	473.589	6.48207
MGG_00283T0	848	849	5	0.419641
MGG_15340T0	1275	1276	18	1.00517
MGG_14042T0	4872	4873	10	0.146224
MGG_02424T0	1158	1159	211	12.9722
MGG_05633T0	1777	1778	588	23.5647
MGG_09255T0	6377	6378	1390	15.5291
MGG_06567T0	1895	1896	127	4.77289
MGG_15939T0	360	361	0	0
MGG_16817T0	246	247	1	0.288482
MGG_04864T0	1656	1657	7	0.301017
MGG_16040T0	159	160	0	0
MGG_04474T0	2736	2737	278	7.23745
MGG_16149T0	1496	1497	87002	4141.17
MGG_08695T0	1611	1612	6	0.265217
MGG_04393T0	927	928	123	9.44437
MGG_08111T0	1815	1816	8106	318.058
MGG_17393T0	636	637	44	4.92186
MGG_06535T0	1373	1374	10	0.518596
MGG_00838T0	693	694	233.93	24.0183
MGG_10844T0	969	970	6989	513.404
MGG_17605T0	477	478	0	0
MGG_04918T0	1042	1043	236.589	16.1631
MGG_14784T0	2131	2132	55	1.83819
MGG_17608T0	345	346	11	2.26534
MGG_14956T0	2345	2346	160.995	4.88991
MGG_11861T0	2362	2363	6382	192.446
MGG_07722T0	1656	1657	1225	52.678
MGG_16739T0	1142	1143	4625	288.324
MGG_01853T0	2643	2644	0	0
MGG_05857T0	2592	2593	1591	43.7203
MGG_04454T0	1161	1162	990.704	60.751
MGG_07209T0	1224	1225	2038	118.545
MGG_02001T0	1834	1835	359	13.9404
MGG_04733T0	2172	2173	0	0
MGG_05991T0	4109	4110	6308	109.362
MGG_08487T0	1687	1688	6.88172	0.290496
MGG_12793T0	804	805	459	40.6287
MGG_01543T0	2006	2007	57	2.02369
MGG_16974T0	114	115	0	0
MGG_15073T0	879	880	169	13.6842
MGG_14632T0	506	507	78	10.9623
MGG_14953T0	1962	1963	41	1.48826
MGG_12111T0	4346	4347	8862	145.264
MGG_06721T0	961	962	5500	407.384
MGG_17144T0	258	259	2	0.550232
MGG_03205T0	2729	2730	403	10.5186
MGG_16539T0	807	808	23	2.0283
MGG_03417T0	1191	1192	9	0.538
MGG_04161T0	1147	1148	25	1.55172
MGG_00450T0	2798	2799	7620	193.985
MGG_02627T0	2719	2720	1816	47.5732
MGG_15602T0	249	250	1	0.28502
MGG_13376T0	1564	1565	148	6.7385
MGG_00413T0	2613	2614	39206	1068.72
MGG_07151T0	4060	4061	2230	39.128
MGG_12116T0	1599	1600	633	28.1903
MGG_02446T0	1638	1639	1766	76.7764
MGG_04324T0	3284	3285	2863	62.1015
MGG_17659T0	795	796	0	0
MGG_15084T0	580	581	21.2773	2.6095
MGG_02878T0	3743	3744	4095	77.9353
MGG_07431T0	3599	3600	116	2.296
MGG_09197T0	2568	2569	64	1.77514
MGG_04819T0	3309	3310	472	10.1608
MGG_00677T0	1322	1323	107	5.76288
MGG_08486T0	1997	1998	2	0.0713264
MGG_14927T0	342	343	0	0
MGG_14899T0	1482	1483	31.4866	1.51287
MGG_13016T0	1488	1489	51	2.44057
MGG_06552T0	2199	2200	190.595	6.17312
MGG_06421T0	2572	2573	3125	86.5418
MGG_01055T0	1626	1627	775.123	33.9468
MGG_16890T0	324	325	5	1.09623
MGG_06469T0	4342	4343	3280	53.8146
MGG_01054T0	3653	3654	1134.88	22.1307
MGG_06165T0	1658	1659	745	31.9982
MGG_14955T0	732	733	5	0.486051
MGG_06713T0	1978	1979	635	22.8636
MGG_12617T0	5119	5120	6932	96.4727
MGG_10241T0	1941	1942	3	0.110075
EFMOT00000000001	118	119	0.5	0.299391
EFMOT00000000002	72	73	0	0
EFMOT00000000003	72	73	0	0
EFMOT00000000005	104	105	0	0
EFMOT00000000009	83	84	3	2.54482
EFMOT00000000010	72	73	0	0
EFMOT00000000011	72	73	0	0
EFMOT00000000012	105	106	0	0
EFMOT00000000013	72	73	0	0
EFMOT00000000014	72	73	0	0
EFMOT00000000015	72	73	0	0
EFMOT00000000016	102	103	0	0
EFMOT00000000017	88	89	0	0
EFMOT00000000018	72	73	0	0
EFMOT00000000019	96	97	0	0
EFMOT00000000020	85	86	0	0
EFMOT00000000021	72	73	0	0
EFMOT00000000023	90	91	2	1.56605
EFMOT00000000024	72	73	0	0
EFMOT00000000025	102	103	5	3.45898
EFMOT00000000028	104	105	2	1.35724
EFMOT00000000029	134	135	5.42531	2.86356
EFMOT00000000030	136	137	3.57469	1.85923
EFMOT00000000032	72	73	0	0
EFMOT00000000033	72	73	1	0.976097
EFMOT00000000036	89	90	0	0
EFMOT00000000037	83	84	0	0
EFMOT00000000039	93	94	0	0
EFMOT00000000041	88	89	0	0
EFMOT00000000042	72	73	0	0
EFMOT00000000044	84	85	0	0
EFMOT00000000045	72	73	0	0
EFMOT00000000046	139	140	0	0
EFMOT00000000048	72	73	0	0
EFMOT00000000049	72	73	0	0
EFMOT00000000050	72	73	0	0
EFMOT00000000051	72	73	0	0
EFMOT00000000053	83	84	0	0
EFMOT00000000054	101	102	12	8.38295
EFMOT00000000055	72	73	0	0
EFMOT00000000059	72	73	0	0
EFMOT00000000060	72	73	0	0
EFMOT00000000062	73	74	0	0
EFMOT00000000063	72	73	0	0
EFMOT00000000064	72	73	0	0
EFMOT00000000065	72	73	0	0
EFMOT00000000066	101	102	11	7.68437
EFMOT00000000067	72	73	0	0
EFMOT00000000068	72	73	1	0.976097
EFMOT00000000069	95	96	0	0
EFMOT00000000070	89	90	0	0
EFMOT00000000072	72	73	0	0
EFMOT00000000073	72	73	0	0
EFMOT00000000074	72	73	1.02106	0.996657
EFMOT00000000075	72	73	0.333333	0.325366
EFMOT00000000076	72	73	0	0
EFMOT00000000077	85	86	0	0
EFMOT00000000078	72	73	0	0
EFMOT00000000079	72	73	0	0
EFMOT00000000080	83	84	0	0
EFMOT00000000081	72	73	0.333333	0.325366
EFMOT00000000082	112	113	1	0.630576
EFMOT00000000083	72	73	0	0
EFMOT00000000084	89	90	0	0
EFMOT00000000085	72	73	0	0
EFMOT00000000086	72	73	0	0
EFMOT00000000087	92	93	0.538462	0.41256
EFMOT00000000088	72	73	0	0
EFMOT00000000089	92	93	1	0.766184
EFMOT00000000091	85	86	1	0.828548
EFMOT00000000092	89	90	0	0
EFMOT00000000093	72	73	0	0
EFMOT00000000094	104	105	3	2.03586
EFMOT00000000095	72	73	0	0
EFMOT00000000097	72	73	0.5	0.488049
EFMOT00000000098	72	73	0	0
EFMOT00000000099	82	83	0	0
EFMOT00000000100	72	73	0	0
EFMOT00000000101	101	102	4.55973	3.18533
EFMOT00000000102	72	73	0	0
EFMOT00000000103	72	73	0	0
EFMOT00000000104	72	73	0	0
EFMOT00000000105	133	134	0	0
EFMOT00000000106	72	73	0	0
EFMOT00000000107	72	73	0	0
EFMOT00000000108	102	103	5	3.45898
EFMOT00000000109	120	121	0	0
EFMOT00000000110	112	113	0	0
EFMOT00000000111	72	73	0	0
EFMOT00000000112	104	105	2	1.35724
EFMOT00000000113	83	84	0	0
EFMOT00000000114	124	125	0	0
EFMOT00000000116	120	121	0	0
EFMOT00000000117	98	99	0	0
EFMOT00000000119	72	73	0	0
EFMOT00000000122	72	73	0.333333	0.325366
EFMOT00000000123	135	136	0	0
EFMOT00000000124	96	97	3	2.20377
EFMOT00000000125	72	73	0	0
EFMOT00000000127	72	73	0	0
EFMOT00000000128	101	102	5	3.4929
EFMOT00000000129	86	87	0	0
EFMOT00000000130	72	73	0	0
EFMOT00000000131	72	73	0	0
EFMOT00000000132	96	97	0	0
EFMOT00000000133	85	86	0	0
EFMOT00000000134	72	73	0	0
EFMOT00000000136	72	73	0	0
EFMOT00000000137	72	73	0.5	0.488049
EFMOT00000000138	86	87	0	0
EFMOT00000000139	111	112	0	0
EFMOT00000000140	72	73	0	0
EFMOT00000000141	72	73	0	0
EFMOT00000000143	109	110	0	0
EFMOT00000000144	72	73	0	0
EFMOT00000000147	72	73	0.333333	0.325366
EFMOT00000000148	73	74	0	0
EFMOT00000000149	90	91	0	0
EFMOT00000000150	72	73	0	0
EFMOT00000000151	83	84	2	1.69655
EFMOT00000000152	98	99	0	0
EFMOT00000000153	72	73	0	0
EFMOT00000000154	101	102	0	0
EFMOT00000000155	105	106	0	0
EFMOT00000000157	111	112	2	1.27241
EFMOT00000000158	72	73	0	0
EFMOT00000000159	90	91	0	0
EFMOT00000000160	72	73	1	0.976097
EFMOT00000000161	96	97	0	0
EFMOT00000000162	89	90	0	0
EFMOT00000000163	72	73	0	0
EFMOT00000000164	111	112	0	0
EFMOT00000000165	72	73	0	0
EFMOT00000000166	72	73	0	0
EFMOT00000000168	72	73	0.5	0.488049
EFMOT00000000169	85	86	0	0
EFMOT00000000170	72	73	0	0
EFMOT00000000171	74	75	0	0
EFMOT00000000172	87	88	0	0
EFMOT00000000173	89	90	0	0
EFMOT00000000174	108	109	1	0.653716
EFMOT00000000175	85	86	0	0
EFMOT00000000176	88	89	0	0
EFMOT00000000177	90	91	0	0
EFMOT00000000178	72	73	0	0
EFMOT00000000179	95	96	3	2.22672
EFMOT00000000180	72	73	0	0
EFMOT00000000181	72	73	0	0
EFMOT00000000182	114	115	0	0
EFMOT00000000183	72	73	0	0
EFMOT00000000184	72	73	0	0
EFMOT00000000187	92	93	0	0
EFMOT00000000189	83	84	0	0
EFMOT00000000190	85	86	1	0.828548
EFMOT00000000191	72	73	0	0
EFMOT00000000192	72	73	0	0
EFMOT00000000193	91	92	7	5.42158
EFMOT00000000194	88	89	1	0.800619
EFMOT00000000195	73	74	0	0
EFMOT00000000196	85	86	0	0
EFMOT00000000197	72	73	0	0
EFMOT00000000198	72	73	0	0
EFMOT00000000199	72	73	0	0
EFMOT00000000200	100	101	0	0
EFMOT00000000201	72	73	0	0
EFMOT00000000202	89	90	0	0
EFMOT00000000203	72	73	0	0
EFMOT00000000204	72	73	0	0
EFMOT00000000206	72	73	0	0
EFMOT00000000207	72	73	0	0
EFMOT00000000208	89	90	13	10.2924
EFMOT00000000209	101	102	1	0.698579
EFMOT00000000210	82	83	0	0
EFMOT00000000211	72	73	0.333333	0.325366
EFMOT00000000213	72	73	0	0
EFMOT00000000214	85	86	0	0
EFMOT00000000215	92	93	40.9231	31.3546
EFMOT00000000217	96	97	0	0
EFMOT00000000218	84	85	0	0
EFMOT00000000219	110	111	0	0
EFMOT00000000220	72	73	0	0
EFMOT00000000221	97	98	0	0
EFMOT00000000222	72	73	0.333333	0.325366
EFMOT00000000223	101	102	0	0
EFMOT00000000224	72	73	0	0
EFMOT00000000225	86	87	1	0.819024
EFMOT00000000226	72	73	0	0
EFMOT00000000227	72	73	0	0
EFMOT00000000228	72	73	0	0
EFMOT00000000229	79	80	0	0
EFMOT00000000230	104	105	0.333333	0.226207
EFMOT00000000236	72	73	1	0.976097
EFMOT00000000240	72	73	0	0
EFMOT00000000241	72	73	0	0
EFMOT00000000243	72	73	0	0
EFMOT00000000244	72	73	0	0
EFMOT00000000245	72	73	0	0
EFMOT00000000246	72	73	0	0
EFMOT00000000247	72	73	0	0
EFMOT00000000249	72	73	0	0
EFMOT00000000250	72	73	0.5	0.488049
EFMOT00000000251	72	73	0	0
EFMOT00000000252	72	73	0	0
EFMOT00000000253	72	73	0	0
EFMOT00000000254	72	73	0	0
EFMOT00000000255	85	86	0	0
EFMOT00000000256	86	87	0	0
EFMOT00000000258	90	91	1	0.783023
EFMOT00000000259	72	73	0	0
EFMOT00000000260	72	73	0	0
EFMOT00000000261	72	73	0	0
EFMOT00000000262	72	73	0	0
EFMOT00000000265	72	73	0	0
EFMOT00000000266	99	100	0	0
EFMOT00000000267	72	73	0	0
EFMOT00000000269	112	113	0	0
EFMOT00000000270	109	110	4	2.59109
EFMOT00000000271	73	74	0	0
EFMOT00000000272	105	106	0	0
EFMOT00000000273	96	97	0	0
EFMOT00000000274	85	86	0	0
EFMOT00000000275	72	73	0	0
EFMOT00000000277	72	73	0.5	0.488049
EFMOT00000000278	125	126	7	3.95862
EFMOT00000000279	74	75	0	0
EFMOT00000000280	98	99	3	2.15925
EFMOT00000000282	72	73	0	0
EFMOT00000000283	101	102	0	0
EFMOT00000000284	72	73	0	0
EFMOT00000000285	113	114	0	0
EFMOT00000000286	72	73	0	0
EFMOT00000000287	72	73	0	0
EFMOT00000000288	92	93	0	0
EFMOT00000000289	96	97	1.5	1.10188
EFMOT00000000290	72	73	0	0
EFMOT00000000292	72	73	0	0
EFMOT00000000293	72	73	0	0
EFMOT00000000294	85	86	0	0
EFMOT00000000296	72	73	0	0
EFMOT00000000298	72	73	0	0
EFMOT00000000299	72	73	0	0
EFMOT00000000300	118	119	0.5	0.299391
EFMOT00000000301	72	73	0	0
EFMOT00000000302	101	102	0	0
EFMOT00000000303	89	90	0	0
EFMOT00000000306	90	91	0	0
EFMOT00000000307	111	112	0	0
EFMOT00000000308	72	73	0	0
EFMOT00000000309	72	73	10	9.76097
EFMOT00000000310	110	111	0	0
EFMOT00000000311	88	89	1	0.800619
EFMOT00000000312	72	73	0.5	0.488049
EFMOT00000000313	96	97	1	0.734589
EFMOT00000000314	110	111	0	0
EFMOT00000000315	88	89	0	0
EFMOT00000000317	72	73	0	0
EFMOT00000000318	97	98	0	0
EFMOT00000000319	104	105	0.333333	0.226207
EFMOT00000000320	93	94	0	0
EFMOT00000000321	87	88	1	0.809717
EFMOT00000000323	72	73	0	0
EFMOT00000000324	96	97	0	0
EFMOT00000000325	86	87	0	0
EFMOT00000000326	99	100	2	1.4251
EFMOT00000000327	102	103	1.5924	1.10162
EFMOT00000000328	100	101	0	0
EFMOT00000000329	101	102	1	0.698579
EFMOT00000000330	104	105	0.333333	0.226207
EFMOT00000000332	84	85	2	1.67659
EFMOT00000000333	102	103	11.8479	8.19632
EFMOT00000000335	72	73	0	0
EFMOT00000000336	72	73	0	0
EFMOT00000000337	85	86	0	0
EFMOT00000000339	104	105	0	0
EFMOT00000000340	72	73	0	0
EFMOT00000000341	72	73	0	0
EFMOT00000000343	72	73	0	0
EFMOT00000000344	96	97	3	2.20377
EFMOT00000000345	72	73	0	0
EFMOT00000000346	85	86	0	0
EFMOT00000000348	105	106	0	0
EFMOT00000000350	84	85	0	0
EFMOT00000000351	101	102	0	0
EFMOT00000000353	72	73	0	0
EFMOT00000000354	72	73	0	0
EFMOT00000000355	93	94	0	0
EFMOT00000000356	72	73	0	0
EFMOT00000000357	72	73	0	0
EFMOT00000000358	110	111	0	0
EFMOT00000000359	72	73	0	0
EFMOT00000000360	72	73	0	0
EFMOT00000000361	93	94	0	0
EFMOT00000000362	102	103	0	0
EFMOT00000000363	72	73	0	0
EFMOT00000000364	72	73	0	0
EFMOT00000000366	72	73	0	0
EFMOT00000000367	72	73	0	0
EFMOT00000000368	89	90	0	0
EFMOT00000000369	96	97	1.5	1.10188
EFMOT00000000370	72	73	0	0
EFMOT00000000372	72	73	0	0
EFMOT00000000373	133	134	0	0
EFMOT00000000374	72	73	0	0
EFMOT00000000375	90	91	2	1.56605
EFMOT00000000376	72	73	0	0
EFMOT00000000378	85	86	15	12.4282
EFMOT00000000379	72	73	0	0
EFMOT00000000382	72	73	0	0
EFMOT00000000383	89	90	1	0.791723
EFMOT00000000384	91	92	0	0
EFMOT00000000385	72	73	0	0
EFMOT00000000387	92	93	0.538462	0.41256
EFMOT00000000388	93	94	4	3.03213
EFMOT00000000389	72	73	0	0
EFMOT00000000390	94	95	0	0
EFMOT00000000391	94	95	0	0
MGG_16776T0	243	244	0	0
MGG_17328T0	243	244	0	0
MGG_16479T0	588	589	0	0
MGG_16677T0	243	244	0	0
MGG_16614T0	243	244	0	0
MGG_16613T0	243	244	0	0
MGG_16598T0	243	244	0	0
MGG_16563T0	243	244	0	0
MGG_17268T0	243	244	0	0
MGG_15944T0	243	244	0	0
MGG_17600T0	243	244	0	0
MGG_15710T0	215	216	87	28.7
MGG_17242T0	243	244	0	0
MGG_16280T0	243	244	0	0
MGG_16642T0	218	219	1	0.325366
MGG_15503T0	516	517	1346.62	185.597
MGG_16566T0	492	493	0	0
MGG_16285T0	243	244	0	0
MGG_16639T0	698	699	15	1.52908
MGG_16639T1	239	240	0	0
MGG_06302T1	320	321	159	35.2946
MGG_06302T0	2540	2541	3855	108.102
MGG_18104T0	150	151	0	0
MGG_15500T0	243	244	0	0
MGG_17125T0	231	232	0	0
MGG_18084T0	243	244	0	0
MGG_15947T0	243	244	0	0
MGG_16695T0	243	244	5.6349	1.64555
MGG_15967T0	651	652	1.43563	0.156896
MGG_18132T0	243	244	0	0
MGG_16499T0	243	244	0	0
MGG_16498T0	243	244	0	0
MGG_16783T0	243	244	0	0
MGG_17211T0	453	454	0	0
MGG_17866T0	228	229	8	2.48926
MGG_17482T0	327	328	35	7.60344
MGG_16020T0	918	919	6	0.465213
MGG_17368T0	504	505	16	2.25759
MGG_16293T0	555	556	135	17.3011
MGG_16567T0	243	244	0	0
MGG_17494T0	177	178	0	0
MGG_16980T0	243	244	0	0
MGG_17604T0	243	244	0	0
MGG_17589T0	243	244	0	0
MGG_18129T0	243	244	0	0
MGG_15717T0	243	244	0	0
MGG_16051T0	300	301	0	0
MGG_15940T0	243	244	0	0
MGG_18069T0	243	244	0	0
MGG_17775T0	243	244	0	0
MGG_16310T0	243	244	0	0
MGG_17728T0	153	154	4	1.85078
MGG_16674T0	243	244	0	0
MGG_17777T0	510	511	195	27.1913
MGG_17585T0	243	244	0	0
MGG_15871T0	150	151	2	0.943776
MGG_15511T0	243	244	0	0
MGG_14532T0	510	511	11	1.53387
MGG_16682T0	243	244	0	0
MGG_16673T0	243	244	0	0
MGG_01057T0	1128	1129	2017	127.3
MGG_16643T0	198	199	0	0
MGG_18114T0	552	553	91.8374	11.8334
MGG_16785T0	243	244	0	0
MGG_18059T0	243	244	0	0
MGG_16488T0	552	553	8.98422	1.15763
MGG_15941T0	243	244	0	0
MGG_17100T0	475	476	5	0.748478
MGG_16730T0	516	517	93	12.8176
MGG_16369T0	243	244	0	0
MGG_17016T0	354	355	0	0
MGG_16080T0	417	418	2	0.340933
MGG_16314T0	243	244	0	0
MGG_16103T0	597	598	844.728	100.654
MGG_16676T0	243	244	0	0
MGG_15714T0	243	244	0	0
MGG_16565T0	470	471	26.1893	3.96203
MGG_16984T0	624	625	3	0.342024
MGG_16843T0	483	484	19	2.7972
MGG_17560T0	243	244	0	0
MGG_17065T0	243	244	0	0
MGG_17325T0	402	403	4	0.707247
MGG_17009T0	330	331	0	0
MGG_17598T0	243	244	0	0
MGG_16597T0	243	244	0	0
MGG_15512T0	243	244	0	0
MGG_17186T0	189	190	4541	1703
MGG_16814T0	246	247	0	0
MGG_15716T0	243	244	1.09298	0.319182
MGG_16068T0	243	244	0	0
MGG_18131T0	243	244	0	0
MGG_16569T0	243	244	0	0
MGG_18073T0	366	367	0	0
MGG_16139T0	225	226	1	0.315288
MGG_17561T0	243	244	0	0
MGG_16413T0	372	373	51	9.74265
MGG_17427T0	228	229	2	0.622315
MGG_16074T0	243	244	1.09298	0.319182
MGG_17074T0	591	592	60	7.2218
MGG_17176T0	273	274	0	0
MGG_15493T0	243	244	0	0
MGG_16093T0	811	812	28	2.45707
MGG_16683T0	243	244	0	0
MGG_17854T0	891	892	0	0
MGG_16979T0	588	589	0	0
MGG_16767T0	210	211	0	0
MGG_17261T0	243	244	0	0
MGG_16913T0	288	289	9	2.21902
MGG_16564T0	333	334	0	0
MGG_16120T0	592	593	0	0
MGG_16067T0	243	244	0	0
MGG_17136T0	237	238	10	2.99391
MGG_15931T0	427	428	5	0.832419
MGG_15715T0	243	244	1.09298	0.319182
MGG_17218T0	1011	1012	0	0
MGG_17327T0	243	244	0	0
MGG_17269T0	327	328	0.5	0.108621
MGG_16284T0	243	244	0	0
MGG_17306T0	1362	1363	0	0
MGG_18086T0	243	244	0	0
MGG_16312T0	243	244	0	0
MGG_17867T0	243	244	0	0
MGG_17243T0	243	244	0	0
MGG_16313T0	333	334	0	0
MGG_17545T0	243	244	0	0
MGG_17238T0	243	244	0	0
MGG_17736T0	204	205	0	0
MGG_18083T0	243	244	0	0
MGG_16327T0	843	844	13.8737	1.1713
MGG_15942T0	243	244	0	0
MGG_16309T0	243	244	0	0
MGG_16384T0	243	244	0	0
MGG_17298T0	372	373	0	0
MGG_16809T0	243	244	0	0
MGG_16470T0	243	244	0	0
MGG_16283T0	243	244	0	0
MGG_16928T0	261	262	0	0
MGG_18080T0	243	244	0	0
MGG_16469T0	243	244	0	0
MGG_17501T0	243	244	0	0
MGG_16407T0	243	244	0	0
MGG_14095T0	843	844	129	10.8909
MGG_17185T0	226	227	2	0.627798
MGG_16694T0	243	244	0	0
MGG_16885T0	243	244	0	0
MGG_15969T0	651	652	0	0
MGG_15945T0	243	244	0	0
MGG_16082T0	423	424	0	0
MGG_17818T0	507	508	7.66147	1.07464
MGG_17262T0	243	244	0	0
MGG_17549T0	243	244	0	0
MGG_16351T0	372	373	1	0.191032
MGG_16819T0	216	217	9	2.95528
MGG_17369T0	332	333	11	2.35377
MGG_16684T0	243	244	0	0
MGG_17748T0	555	556	0	0
MGG_15806T0	243	244	0	0
MGG_16050T0	243	244	0	0
MGG_18103T0	243	244	0	0
MGG_16544T0	189	190	0	0
MGG_15973T0	471	472	0	0
MGG_15962T0	651	652	1.00217	0.109524
MGG_17819T0	243	244	0	0
MGG_16245T0	239	240	14	4.15655
MGG_16046T0	186	187	0	0
MGG_17146T0	207	208	2	0.685145
MGG_16406T0	324	325	0	0
MGG_17856T0	771	772	20	1.84599
MGG_16478T0	243	244	0	0
MGG_16602T0	243	244	0	0
MGG_16338T0	204	205	27	9.38482
MGG_16782T0	330	331	0	0
MGG_15970T0	1335	1336	200.08	10.6712
MGG_17996T0	186	187	5	1.90522
MGG_17734T0	571	572	2	0.249144
MGG_10209T0	1701	1702	1781	74.5625
MGG_16104T0	204	205	0	0
MGG_15662T0	218	219	9	2.92829
MGG_17643T0	747	748	0	0
MGG_16675T0	243	244	0	0
MGG_17517T0	221	222	0	0
MGG_17219T0	453	454	0	0
MGG_17175T0	639	640	182	20.2632
MGG_16370T0	243	244	0	0
MGG_17008T0	243	244	0	0
MGG_16073T0	243	244	0	0
MGG_17559T0	243	244	0	0
MGG_18058T0	243	244	0	0
MGG_17267T0	327	328	0.5	0.108621
MGG_17852T0	243	244	0	0
MGG_17497T0	156	157	0	0
MGG_16713T0	219	220	8	2.59109
MGG_15567T0	237	238	49	14.6702
MGG_17916T0	300	301	17	4.02437
MGG_16795T0	232	233	4	1.22326
MGG_17006T0	270	271	122.812	32.2915
MGG_18130T0	516	517	1346.62	185.597
MGG_17259T0	489	490	22	3.19921
MGG_17769T0	243	244	0	0
MGG_16987T0	243	244	0	0
MGG_16401T0	243	244	0	0
MGG_17985T0	183	184	0	0
MGG_16685T0	243	244	0	0
MGG_18047T0	354	355	0	0
MGG_18081T0	243	244	0	0
MGG_17552T0	432	433	0	0
MGG_17212T0	1011	1012	0	0
MGG_15943T0	315	316	1167.04	263.157
MGG_18075T0	501	502	0	0
MGG_16281T0	243	244	0	0
MGG_15946T0	1122	1123	859.174	54.5151
MGG_14020T0	1029	1030	0	0
MGG_18009T0	294	295	0	0
MGG_15948T0	243	244	0	0
MGG_17599T0	243	244	0	0
MGG_14777T0	546	547	44	5.73167
MGG_16763T0	296	297	0	0
MGG_18038T0	243	244	0	0
MGG_16568T0	243	244	0	0
MGG_17004T0	243	244	0	0
MGG_16907T0	243	244	0	0
MGG_15763T0	243	244	0	0
MGG_16808T0	243	244	0	0
MGG_14812T0	405	406	44	7.72223
MGG_16016T0	321	322	0	0
MGG_16405T0	243	244	0	0
MGG_17063T0	501	502	56	7.94877
MGG_16916T0	258	259	0	0
MGG_16282T0	690	691	0	0
MGG_16985T0	243	244	0	0
MGG_16599T0	243	244	0	0
MGG_16551T0	822	823	3.12625	0.27067
MGG_16988T0	243	244	0	0
MGG_16986T0	243	244	0	0
MGG_15898T0	345	346	212	43.6592
MGG_18085T0	243	244	0	0
