target_id	length	eff_length	est_counts	tpm
MGG_07573T0	4058	4059	10556	193.821
MGG_05134T0	1811	1812	7238	297.702
MGG_03309T0	1113	1114	9	0.602113
MGG_07008T0	2587	2588	9129	262.893
MGG_16787T0	429	430	0	0
MGG_04858T0	3024	3025	6407	157.852
MGG_12006T0	1560	1561	11	0.525183
MGG_02444T0	6373	6374	1730	20.2281
MGG_17251T0	225	226	2	0.659542
MGG_10811T0	1419	1420	0	0
MGG_15612T0	4020	4021	137	2.53926
MGG_00349T0	1011	1012	4581.06	337.37
MGG_16619T0	348	349	0	0
MGG_04614T0	937	938	4837.48	384.359
MGG_16874T0	174	175	1	0.425875
MGG_07147T0	2929	2930	711	18.0852
MGG_00076T0	2460	2461	2750	83.2802
MGG_12797T0	1232	1233	15298	924.682
MGG_11099T0	1590	1591	0	0
MGG_07363T0	787	788	3	0.283737
MGG_17953T0	4420	4421	2375.95	40.0532
MGG_14898T0	388	389	13	2.49066
MGG_14463T0	1415	1416	438	23.0532
MGG_08330T0	1368	1369	12	0.653279
MGG_09307T0	2126	2127	89	3.11848
MGG_03918T0	2470	2471	1069	32.2423
MGG_00421T0	969	970	0	0
MGG_02463T0	815	816	1793.24	163.783
MGG_00675T0	2891	2892	1011.39	26.064
MGG_15190T0	595	596	5	0.625237
MGG_02777T0	1610	1611	36	1.66543
MGG_05980T0	1438	1439	19870	1029.1
MGG_00454T0	4840	4841	3480	53.5753
MGG_05454T0	1590	1591	4686	219.509
MGG_16029T0	252	253	21	6.18614
MGG_07528T0	1527	1528	1159	56.5302
MGG_15909T0	219	220	0	0
MGG_16156T0	493	494	52	7.84507
MGG_05339T0	891	892	607	50.7159
MGG_18122T0	498	499	0	0
MGG_16935T0	1487	1488	0	0
MGG_08406T0	477	478	99	15.4358
MGG_05005T0	2421	2422	950	29.2328
MGG_11608T0	2244	2245	47	1.56028
MGG_14221T0	1242	1243	2	0.119917
MGG_15428T0	1674	1675	29	1.29034
MGG_17084T0	2151	2152	90	3.11689
MGG_08114T0	3175	3176	3018	70.8206
MGG_06700T0	4022	4023	1713	31.7342
MGG_14591T0	1617	1618	11	0.506681
MGG_07304T0	258	259	2	0.575507
MGG_09457T0	1172	1173	1138.4	72.3299
MGG_07009T0	1011	1012	188.202	13.86
MGG_15010T0	556	557	6	0.802817
MGG_11663T0	1098	1099	58	3.93325
MGG_00065T0	3029	3030	4445	109.333
MGG_10601T0	2183	2184	61	2.0816
MGG_11526T0	633	634	2	0.235105
MGG_13087T0	327	328	1	0.22722
MGG_00223T0	1555	1556	14687	703.468
MGG_02093T0	1506	1507	7	0.346183
MGG_01153T0	1251	1252	3990	237.514
MGG_02698T0	1675	1676	448	19.9216
MGG_10893T0	1663	1664	3647	163.344
MGG_14635T0	1511	1512	323	15.921
MGG_17720T0	375	376	121	23.9838
MGG_17976T0	4110	4111	2933	53.1723
MGG_05211T0	4310	4311	3450	59.6433
MGG_05253T0	1815	1816	360	14.7743
MGG_07261T0	2500	2501	827	24.6441
MGG_01043T0	2705	2706	3288	90.5576
MGG_04395T0	4996	4997	2352.89	35.0924
MGG_00786T1	1869	1870	16242.9	647.354
MGG_00786T0	1904	1905	4886.13	191.157
MGG_06579T0	975	976	11	0.83997
MGG_15326T0	892	893	34	2.83758
MGG_17770T0	318	319	2	0.467262
MGG_03684T0	2464	2465	2166	65.4881
MGG_16981T0	2740	2741	1009	27.4349
MGG_17657T0	700	701	0	0
MGG_11239T0	2741	2742	1174	31.9096
MGG_08136T0	1643	1644	1164	52.7682
MGG_09718T0	1570	1571	579	27.4677
MGG_05720T0	2668	2669	1026.21	28.6554
MGG_10455T0	594	595	8	1.00206
MGG_08158T0	1723	1724	50	2.16149
MGG_01319T0	993	994	38	2.84917
MGG_07686T0	729	730	9	0.918841
MGG_04518T0	2276	2277	1233	40.3572
MGG_10595T0	3024	3025	976	24.0461
MGG_07332T0	2844	2845	2347.92	61.5066
MGG_00246T0	1594	1595	474	22.1482
MGG_14140T0	1269	1270	0	0
MGG_03888T0	1983	1984	371	13.9365
MGG_17017T0	309	310	12	2.88496
MGG_17237T0	207	208	0	0
MGG_09185T0	3684	3685	154	3.11461
MGG_04634T0	2250	2251	2	0.0662179
MGG_15422T0	1101	1102	287	19.4098
MGG_12303T0	273	274	58	15.776
MGG_05067T0	1594	1595	2588.14	120.934
MGG_04724T0	4323	4324	602	10.376
MGG_10534T0	2152	2153	288	9.9694
MGG_06375T0	1961	1962	696	26.4381
MGG_09428T0	972	973	6	0.459578
MGG_02702T0	501	502	0	0
MGG_05491T0	3200	3201	0	0
MGG_08646T0	3719	3720	1756	35.1805
MGG_03350T0	735	736	0	0
MGG_03315T0	1005	1006	17	1.25942
MGG_06267T0	1350	1351	1567.82	86.489
MGG_04557T0	710	711	99	10.3773
MGG_16385T0	321	322	12	2.77745
MGG_16360T0	381	382	1	0.1951
MGG_09467T0	984	985	102	7.71764
MGG_01722T0	2290	2291	3917.18	127.429
MGG_01117T0	2575	2576	832	24.0712
MGG_09164T0	2056	2057	18	0.652167
MGG_06775T0	2044	2045	332	12.0994
MGG_06052T0	3840	3841	1861	36.1096
MGG_10152T0	3181	3182	148	3.46643
MGG_03456T0	1623	1624	68	3.12064
MGG_05718T0	2436	2437	3639	111.288
MGG_05128T0	2264	2265	25202	829.254
MGG_15417T0	429	430	0	0
MGG_03816T0	1434	1435	3	0.155808
MGG_07298T0	1397	1398	760	40.5161
MGG_00543T0	2181	2182	1536	52.4635
MGG_08957T0	381	382	0	0
MGG_04194T0	2002	2003	30	1.11625
MGG_17907T0	354	355	0	0
MGG_07785T0	2112	2113	274.413	9.67891
MGG_02191T0	1340	1341	40	2.22306
MGG_17222T0	1735	1736	156	6.69724
MGG_04173T0	1753	1754	347	14.7442
MGG_03668T0	3678	3679	4250	86.0954
MGG_09126T0	846	847	9	0.791917
MGG_00070T0	1870	1871	225	8.96251
MGG_10418T0	327	328	0	0
MGG_08016T0	2309	2310	320	10.3243
MGG_16393T0	2074	2075	473	16.9888
MGG_05627T0	1029	1030	40	2.8943
MGG_13629T0	3079	3080	292	7.06566
MGG_11144T0	2144	2145	2504	87.0017
MGG_17499T0	537	538	36.0751	4.99743
MGG_15485T0	904	905	34	2.79995
MGG_11917T0	5142	5143	1819	26.3595
MGG_09963T0	2128	2129	836	29.2652
MGG_16222T0	989	990	197.472	14.8659
MGG_08008T0	1229	1230	1683	101.976
MGG_03498T0	1923	1924	170.242	6.59452
MGG_01616T0	2385	2386	522	16.305
MGG_02631T0	2146	2147	26	0.902531
MGG_15799T0	321	322	0	0
MGG_03644T0	435	436	3990	682.036
MGG_13801T0	3460	3461	525	11.3052
MGG_09761T0	1121	1122	48262	3205.78
MGG_01404T0	1327	1328	1089	61.1154
MGG_17587T0	189	190	0	0
MGG_09497T0	2338	2339	4222	134.527
MGG_04022T0	1036	1037	1733	124.549
MGG_16750T0	1440	1441	53	2.74115
MGG_10785T0	936	937	8	0.636313
MGG_18035T0	405	406	0	0
MGG_10195T0	2296	2297	16492	535.098
MGG_07437T0	4272	4273	490.435	8.55399
MGG_12863T0	1239	1240	21	1.26217
MGG_10268T0	2058	2059	2056	74.4196
MGG_09535T0	1617	1618	1664	76.6471
MGG_02863T0	1206	1207	186	11.4849
MGG_01190T0	1260	1261	96	5.67384
MGG_04905T0	2525	2526	679.553	20.0498
MGG_07087T0	3264	3265	539	12.3034
MGG_03894T0	2787	2788	553.046	14.7839
MGG_07428T0	1229	1230	0	0
MGG_07406T0	2151	2152	40	1.38528
MGG_05693T0	2633	2634	14171	400.964
MGG_02907T0	465	466	84	13.4343
MGG_04340T0	2626	2627	2	0.0567402
MGG_06914T0	1627	1628	3286	150.43
MGG_15502T0	219	220	11	3.72641
MGG_09523T0	12506	12507	3368	20.0696
MGG_05368T0	1920	1921	310	12.0269
MGG_14006T0	222	223	13	4.34469
MGG_09004T0	1853	1854	2904.89	116.772
MGG_07804T0	453	454	0	0
MGG_04431T0	4016	4017	3852	71.4669
MGG_13813T0	1278	1279	379.045	22.0872
MGG_02848T0	165	166	4147	1861.86
MGG_10597T0	1167	1168	5	0.319042
MGG_00560T0	2595	2596	870	24.9767
MGG_15427T0	943	944	7	0.552646
MGG_05797T0	2028	2029	467.641	17.1772
MGG_15226T0	2805	2806	2166	57.5296
MGG_06178T0	1893	1894	22	0.865692
MGG_17161T0	270	271	6	1.65007
MGG_01870T0	1485	1486	33	1.65507
MGG_02919T0	1185	1186	24	1.50816
MGG_07382T0	3201	3202	2641	61.4706
MGG_07959T0	843	844	0	0
MGG_16791T0	420	421	0	0
MGG_16945T0	658	659	43.877	4.96217
MGG_04108T0	3642	3643	5011	102.515
MGG_03468T0	1125	1126	8	0.529508
MGG_09944T0	3054	3055	472	11.5147
MGG_01584T0	1968	1969	628.324	23.7826
MGG_17597T0	168	169	0	0
MGG_06639T0	2340	2341	1437.45	45.7627
MGG_10118T0	4290	4291	1210	21.0159
MGG_05957T0	1247	1248	1546.99	92.3835
MGG_02348T0	3837	3838	5	0.0970925
MGG_17403T0	279	280	1	0.266172
MGG_13447T0	2873	2874	2731.39	70.8301
MGG_08170T0	2542	2543	1567	45.9244
MGG_03259T0	351	352	1	0.211728
MGG_03130T0	3368	3369	5687	125.806
MGG_00456T0	5577	5578	1459	19.4938
MGG_05172T0	1281	1282	12	0.697612
MGG_01494T0	2541	2542	2752	80.6851
MGG_09551T0	3954	3955	8089.98	152.448
MGG_10709T0	1767	1768	300	12.6462
MGG_10973T0	893	894	403	33.5961
MGG_07136T0	2801	2802	5552.7	147.692
MGG_02581T0	501	502	11	1.63309
MGG_10648T0	2303	2304	9	0.291126
MGG_03928T0	1183	1184	1182.17	74.4128
MGG_17703T0	1370	1371	122	6.63198
MGG_10035T0	1826	1827	71	2.89628
MGG_01338T0	2787	2788	76	2.03162
MGG_01127T0	3693	3694	23120	466.457
MGG_17405T0	213	214	13	4.52741
MGG_10857T0	5138	5139	1858	26.9456
MGG_01467T0	3280	3281	3481	79.0712
MGG_08305T0	1665	1666	33.0654	1.47917
MGG_12590T0	3805	3806	845	16.5466
MGG_16108T0	608	609	132	16.1539
MGG_06948T0	1353	1354	1632.53	89.8591
MGG_15554T0	2507	2508	2056.93	61.124
MGG_06184T0	1780	1781	1759	73.6076
MGG_09903T0	1326	1327	1383	77.6733
MGG_07643T0	942	943	18	1.4226
MGG_13771T0	538	539	85	11.7531
MGG_13806T0	1965	1966	11799	447.283
MGG_04576T0	1596	1597	19	0.886685
MGG_14375T0	774	775	0	0
MGG_09173T0	1322	1323	1141	64.2757
MGG_09425T0	471	472	3	0.473696
MGG_05915T0	858	859	4155	360.494
MGG_05807T0	1703	1704	379	16.5764
MGG_07095T0	2669	2670	647	18.0598
MGG_00166T0	1104	1105	546	36.8257
MGG_13473T0	339	340	202	44.2785
MGG_05891T1	2226	2227	120.422	4.03
MGG_05891T0	2810	2811	453.066	12.0122
MGG_02295T0	1404	1405	56	2.97052
MGG_16446T0	1152	1153	36	2.32699
MGG_15534T0	1844	1845	73	2.94881
MGG_06678T0	2741	2742	2613	71.022
MGG_00281T0	690	691	0	0
MGG_15781T0	159	160	1	0.465801
MGG_08631T0	948	949	452	35.4971
MGG_16471T0	1227	1228	30	1.82072
MGG_13559T0	690	691	0	0
MGG_16238T0	273	274	0	0
MGG_13467T0	2848	2849	955.855	25.0046
MGG_01523T0	3030	3031	394.299	9.69527
MGG_16909T0	165	166	0	0
MGG_01398T0	1805	1806	331	13.6594
MGG_04972T0	1222	1223	815.168	49.6754
MGG_02900T0	3602	3603	187	3.8681
MGG_03177T0	1197	1198	0	0
MGG_08205T0	1741	1742	130	5.56181
MGG_00681T0	1652	1653	4535	204.468
MGG_16841T0	809	810	1626.93	149.694
MGG_10453T0	1280	1281	9	0.523617
MGG_03595T0	3620	3621	4084	84.0578
MGG_18064T0	798	799	0	0
MGG_08019T1	2018	2019	268.984	9.92913
MGG_08019T0	1561	1562	74.0159	3.53154
MGG_09290T0	1305	1306	465	26.5357
MGG_06510T0	1219	1220	7700	470.383
MGG_04449T0	3339	3340	6980.51	155.762
MGG_03866T0	645	646	35	4.03791
MGG_10932T0	1926	1927	117	4.52507
MGG_00289T0	2307	2308	130571	4216.29
MGG_03269T0	4873	4874	576.286	8.81198
MGG_14068T0	2224	2225	45	1.50731
MGG_13607T0	11784	11785	4	0.025296
MGG_04516T0	1612	1613	483.876	22.3574
MGG_01753T0	2433	2434	783	23.9752
MGG_15879T0	828	829	1	0.0899013
MGG_11124T0	1746	1747	2	0.0853214
MGG_05506T0	1453	1454	119	6.09963
MGG_02886T0	1359	1360	24	1.3152
MGG_05344T0	839	840	50806	4507.71
MGG_00458T0	911	912	227.888	18.6229
MGG_16522T0	1133	1134	17	1.11727
MGG_14133T0	5222	5223	3022	43.1216
MGG_03811T0	1701	1702	6	0.262732
MGG_07534T0	2061	2062	64	2.31319
MGG_15339T1	4192	4193	36.6672	0.651738
MGG_15339T0	4258	4259	93.3328	1.63323
MGG_15866T0	2100	2101	3154	111.881
MGG_06780T0	2416	2417	138	4.25523
MGG_15904T0	287	288	0	0
MGG_09992T0	1485	1486	1017	51.0062
MGG_03753T0	1031	1032	1	0.0722173
MGG_01525T0	569	570	2052	268.302
MGG_00264T0	1625	1626	226	10.3588
MGG_05106T0	2055	2056	2814	102.005
MGG_13129T0	2229	2230	324	10.8283
MGG_06322T0	1671	1672	1717.61	76.5614
MGG_15753T0	4783	4784	652.437	10.1641
MGG_04993T0	2111	2112	1613	56.9195
MGG_07054T0	1125	1126	86	5.69221
MGG_06748T0	2639	2640	4767	134.574
MGG_01445T0	1122	1123	954	63.3125
MGG_07848T0	4392	4393	0	0
MGG_07576T0	1465	1466	905	46.0082
MGG_04780T0	5315	5316	119.667	1.67769
MGG_04780T1	5138	5139	631.333	9.15589
MGG_06276T0	2429	2430	5200	159.484
MGG_00957T0	2592	2593	3055.43	87.8193
MGG_18001T0	156	157	3	1.42411
MGG_12988T0	2612	2613	2369.01	67.5692
MGG_07962T0	1670	1671	1700	75.8216
MGG_08129T0	2402	2403	283	8.77715
MGG_09237T0	1369	1370	1675.01	91.1206
MGG_05224T0	3926	3927	1144	21.7113
MGG_11505T0	1873	1874	908.279	36.1219
MGG_07454T0	2102	2103	769	27.2526
MGG_12131T0	4366	4367	3504	59.8001
MGG_01575T0	1174	1175	7888	500.322
MGG_01297T0	1315	1316	231	13.0821
MGG_15819T0	255	256	0	0
MGG_14936T0	1159	1160	175.874	11.2996
MGG_17923T0	374	375	16	3.17987
MGG_02535T0	3025	3026	3253	80.1191
MGG_17750T0	1656	1657	17	0.764623
MGG_16608T0	165	166	62	27.8358
MGG_02331T0	1446	1447	19	0.978601
MGG_00213T0	1154	1155	230	14.8411
MGG_17823T0	1878	1879	35	1.38823
MGG_00671T0	1815	1816	392	16.0876
MGG_02182T0	483	484	0	0
MGG_01448T0	2193	2194	476	16.1693
MGG_16273T0	947	948	13	1.02201
MGG_03937T0	4236	4237	3404	59.8759
MGG_03879T0	2016	2017	4337	160.252
MGG_15889T0	195	196	0	0
MGG_17893T0	399	400	0	0
MGG_08253T0	1152	1153	1471	95.0833
MGG_09264T0	2102	2103	796	28.2094
MGG_12955T0	2475	2476	1288	38.7691
MGG_16707T1	1785	1786	50	2.08646
MGG_16707T0	1457	1458	0	0
MGG_15551T0	306	307	9	2.18487
MGG_05662T0	1545	1546	885.194	42.6727
MGG_16930T0	609	610	3	0.366532
MGG_12948T0	1369	1370	1699.86	92.4724
MGG_07926T0	1269	1270	1893	111.088
MGG_09720T0	1990	1991	26	0.973246
MGG_09129T0	3276	3277	63	1.4328
MGG_08966T0	1143	1144	33	2.14985
MGG_15019T0	2863	2864	459	11.9443
MGG_02472T0	813	814	362	33.144
MGG_02417T0	2341	2342	1071	34.0819
MGG_00400T0	991	992	125	9.39116
MGG_17558T0	2183	2184	15597.4	532.256
MGG_14836T0	915	916	0	0
MGG_08919T0	4875	4876	593	9.06383
MGG_03721T0	1536	1537	4977	241.332
MGG_06874T0	2142	2143	2948	102.524
MGG_02042T0	2082	2083	1	0.0357793
MGG_07606T0	3210	3211	613.106	14.2304
MGG_07606T1	3252	3253	36.2803	0.831203
MGG_05701T0	740	741	1704.85	171.47
MGG_17221T0	561	562	0	0
MGG_05457T0	4677	4678	104	1.65689
MGG_01802T0	3968	3969	9707	182.274
MGG_00144T0	1560	1561	0	0
MGG_03236T0	1349	1350	8986.9	496.131
MGG_17346T0	252	253	445	131.087
MGG_03238T0	2455	2456	3804.64	115.453
MGG_01778T0	3393	3394	411	9.02507
MGG_00339T0	2054	2055	306	11.0976
MGG_11589T0	731	732	4600.26	468.373
MGG_08083T0	2257	2258	1364	45.0206
MGG_03152T0	1150	1151	6014.83	389.465
MGG_13659T0	1689	1690	402	17.728
MGG_08498T0	1536	1537	1	0.0484894
MGG_01270T0	1109	1110	21	1.40999
MGG_00760T0	5556	5557	3441	46.1493
MGG_05982T0	1458	1459	40	2.04327
MGG_14628T0	1807	1808	914	37.6763
MGG_01550T0	1613	1614	6097	281.536
MGG_15975T0	963	964	5.00436	0.386895
MGG_09759T0	660	661	17	1.91676
MGG_13248T0	378	379	0	0
MGG_04057T0	948	949	13	1.02093
MGG_02645T0	339	340	18	3.94561
MGG_02708T0	1170	1171	4194	266.927
MGG_09608T0	2272	2273	3	0.0983654
MGG_14623T0	1848	1849	2	0.0806146
MGG_04311T0	1606	1607	1194.97	55.4196
MGG_15605T0	216	217	0	0
MGG_10109T0	588	589	45	5.69401
MGG_15731T0	2042	2043	181	6.60284
MGG_05381T0	1443	1444	584	30.1416
MGG_08476T0	969	970	31	2.38183
MGG_14690T0	1598	1599	890	41.4822
MGG_17519T0	258	259	0	0
MGG_10473T0	1455	1456	1	0.051187
MGG_15693T0	150	151	0	0
MGG_02854T0	1911	1912	854	33.2882
MGG_06924T0	2012	2013	25890	958.537
MGG_10103T0	1680	1681	604	26.7787
MGG_13624T0	5560	5561	2031	27.2193
MGG_12986T0	2344	2345	4504	143.145
MGG_05353T0	1587	1588	39	1.83035
MGG_17047T0	168	169	20	8.81991
MGG_09102T0	1809	1810	22	0.905868
MGG_06326T0	958	959	44.2229	3.43676
MGG_05716T0	715	716	56	5.82902
MGG_16998T0	651	652	9.94915	1.13726
MGG_09239T0	2351	2352	6786.42	215.042
MGG_12708T0	855	856	332	28.9058
MGG_06026T0	2797	2798	4281	114.03
MGG_10463T0	1707	1708	175.993	7.67942
MGG_07086T0	1334	1335	2969	165.749
MGG_05004T0	3737	3738	594	11.8432
MGG_00440T0	1824	1825	56	2.28689
MGG_12999T0	3180	3181	1351	31.6528
MGG_01386T0	2071	2072	460	16.5458
MGG_15183T0	1741	1742	5	0.213916
MGG_13191T0	1710	1711	418.549	18.2313
MGG_02431T0	408	409	8	1.45776
MGG_02899T0	2288	2289	8723	284.015
MGG_02097T0	2643	2644	11	0.310064
MGG_16477T0	4912	4913	601.797	9.12901
MGG_00161T0	2283	2284	821	26.7897
MGG_16045T0	625	626	1380.89	164.401
MGG_17263T0	1242	1243	157	9.41346
MGG_15774T0	1645	1646	21786	986.435
MGG_10076T0	1437	1438	1937	100.39
MGG_17873T0	474	475	13	2.03972
MGG_09361T0	1114	1115	14078	940.994
MGG_08715T0	414	415	0	0
MGG_10458T0	948	949	0	0
MGG_14211T0	280	281	8	2.1218
MGG_15336T0	381	382	0	0
MGG_09856T0	2569	2570	158	4.58189
MGG_01456T0	2245	2246	723	23.991
MGG_10730T0	3926	3927	853	16.1886
MGG_02305T0	1419	1420	3	0.157454
MGG_09666T0	468	469	1	0.158909
MGG_08559T0	1255	1256	1775	105.325
MGG_16188T0	889	890	37.1949	3.11468
MGG_06249T0	939	940	27043.2	2144.13
MGG_15631T0	213	214	69	24.0301
MGG_08122T0	3123	3124	2650	63.2202
MGG_16835T0	2504	2505	617	18.3568
MGG_09048T0	3766	3767	1192	23.5831
MGG_09431T0	1419	1420	5	0.262423
MGG_07800T0	2489	2490	45	1.3469
MGG_00600T0	522	523	1560	222.302
MGG_02879T0	3687	3688	132	2.6675
MGG_13049T0	969	970	60	4.60999
MGG_03841T0	6205	6206	4940	59.3247
MGG_08689T0	4722	4723	7147	112.779
MGG_00826T0	1087	1088	22	1.507
MGG_04446T0	1910	1911	968	37.7516
MGG_15930T0	1137	1138	0	0
MGG_14563T0	4675	4676	4297.42	68.4943
MGG_11072T0	1096	1097	237	16.1014
MGG_06288T0	1530	1531	851	41.4262
MGG_05551T0	1488	1489	11	0.550578
MGG_13020T0	2283	2284	2779	90.6803
MGG_15735T0	303	304	0	0
MGG_04334T0	1845	1846	139	5.61182
MGG_17756T0	216	217	3	1.03034
MGG_11385T0	1771	1772	2184.75	91.888
MGG_09349T0	1164	1165	3236	207.016
MGG_11914T0	2195	2196	133.615	4.53464
MGG_02009T0	3173	3174	0	0
MGG_15250T0	1791	1792	1635	67.9987
MGG_13441T0	1536	1537	202	9.79486
MGG_04387T0	2004	2005	715	26.5774
MGG_15254T0	210	211	0	0
MGG_14118T0	2730	2731	2338	63.8034
MGG_08821T0	2911	2912	513.218	13.135
MGG_16145T0	1233	1234	444.736	26.8601
MGG_09304T0	1276	1277	478	27.897
MGG_16925T0	1637	1638	0	0
MGG_16925T1	1572	1573	10	0.473797
MGG_16547T0	594	595	0	0
MGG_08499T0	2264	2265	134.03	4.41015
MGG_07325T0	1497	1498	1235	61.4435
MGG_02770T0	1280	1281	4148.66	241.368
MGG_04975T0	1554	1555	68	3.25911
MGG_08458T0	1394	1395	3464	185.065
MGG_01304T0	2099	2100	383	13.5925
MGG_00227T0	1251	1252	849.903	50.5924
MGG_15981T0	360	361	0	0
MGG_15518T0	636	637	1	0.116999
MGG_00734T0	715	716	17	1.76952
MGG_03722T0	2349	2350	34	1.07828
MGG_12276T0	3361	3362	409	9.06664
MGG_16346T0	291	292	0	0
MGG_04432T0	2105	2106	5963	211.022
MGG_17751T0	231	232	2	0.642485
MGG_06680T0	2377	2378	1030.73	32.3037
MGG_02180T0	753	754	33	3.26184
MGG_05654T0	3176	3177	1119	26.2503
MGG_10115T0	2675	2676	160	4.4561
MGG_16001T0	690	691	0	0
MGG_11511T0	1412	1413	10.6888	0.563777
MGG_09167T0	2596	2597	475	13.6315
MGG_06080T0	2046	2047	440	16.0197
MGG_01361T0	1836	1837	3616	146.703
MGG_18042T0	435	436	0	0
MGG_16671T0	213	214	0	0
MGG_02836T0	2273	2274	20098	658.693
MGG_09589T0	11681	11682	57	0.363646
MGG_17040T0	571	572	9	1.17265
MGG_15550T0	397	398	7	1.3108
MGG_09553T0	6137	6138	1800.38	21.8604
MGG_08622T0	2251	2252	6356.01	210.347
MGG_05553T0	1446	1447	0	0
MGG_01305T0	974	975	5509	421.104
MGG_17766T0	342	343	0	0
MGG_04379T0	516	517	2134	307.627
MGG_05346T0	1612	1613	2996	138.429
MGG_17541T0	276	277	1	0.269055
MGG_12958T0	4027	4028	17040.7	315.296
MGG_10632T0	2638	2639	13262.6	374.549
MGG_07777T0	2614	2615	2207	62.9001
MGG_01011T0	1990	1991	2671	99.9823
MGG_02106T0	531	532	28	3.92254
MGG_09791T0	684	685	0	0
MGG_15638T0	333	334	35	7.80984
MGG_17163T0	258	259	10	2.87754
MGG_10655T0	2076	2077	6116	219.458
MGG_14612T0	2582	2583	0	0
MGG_13715T0	1502	1503	104	5.15698
MGG_00461T0	1533	1534	79	3.83815
MGG_09520T0	1512	1513	2659.86	131.021
MGG_08999T0	555	556	0	0
MGG_04536T1	3596	3597	589.817	12.2207
MGG_04536T0	3685	3686	68.1827	1.3786
MGG_15150T0	327	328	7	1.59054
MGG_14000T0	972	973	272.739	20.8908
MGG_02192T0	2640	2641	133	3.75322
MGG_07712T0	705	706	306	32.3026
MGG_07599T0	1271	1272	39	2.28506
MGG_01701T0	2191	2192	29	0.986003
MGG_03848T0	3247	3248	330	7.57214
MGG_15420T0	519	520	0	0
MGG_10878T0	1836	1837	4318	175.184
MGG_01201T0	3281	3282	666	15.1236
MGG_17079T0	2136	2137	1073.91	37.4527
MGG_17041T0	1684	1685	7349	325.049
MGG_14916T0	2798	2799	179	4.76618
MGG_10325T0	1963	1964	2930	111.185
MGG_00591T0	1713	1714	85	3.69597
MGG_15571T0	447	448	6	0.998146
MGG_14748T0	2027	2028	971	35.6839
MGG_07850T0	941	942	1	0.079117
MGG_12213T0	2082	2083	155.988	5.58114
MGG_15553T0	1381	1382	90.0736	4.85747
MGG_09002T0	624	625	352	41.9743
MGG_15207T0	630	631	75	8.85835
MGG_10234T0	579	580	0	0
MGG_14117T0	615	616	458	55.4122
MGG_12843T0	1757	1758	1785	75.6728
MGG_02403T0	2172	2173	49.0991	1.68397
MGG_02403T1	2167	2168	220.901	7.59379
MGG_16264T0	204	205	8	2.90842
MGG_04258T0	920	921	6	0.485526
MGG_08059T0	1467	1468	689	34.9795
MGG_02710T0	884	885	3770.8	317.549
MGG_16444T0	3807	3808	2732	53.4693
MGG_02565T0	1641	1642	0	0
MGG_05936T0	1323	1324	7201	405.346
MGG_02948T0	1706	1707	2199	96.0091
MGG_04425T0	1557	1558	2723	130.257
MGG_12546T0	312	313	8	1.90487
MGG_02739T0	1165	1166	1004.94	64.2335
MGG_13891T0	4461	4462	1888	31.535
MGG_15804T0	192	193	2	0.772313
MGG_01031T0	675	676	126	13.8914
MGG_16921T0	793	794	161	15.1121
MGG_03004T0	3077	3078	11	0.266345
MGG_02620T0	978	979	6474.99	492.921
MGG_04938T0	1143	1144	67	4.36485
MGG_05628T0	1059	1060	81	5.69508
MGG_16611T0	984	985	10.0816	0.762809
MGG_18046T0	2451	2452	48	1.45895
MGG_12029T0	639	640	5	0.582252
MGG_01763T0	1152	1153	30	1.93916
MGG_06929T0	1784	1785	568.817	23.7495
MGG_15709T0	174	175	1	0.425875
MGG_08875T0	3368	3369	648	14.3349
MGG_17912T0	297	298	31	7.75293
MGG_10007T0	318	319	0	0
MGG_17908T0	1776	1777	1750	73.3958
MGG_01199T0	1008	1009	1090	80.5112
MGG_11371T0	4259	4260	58	1.0147
MGG_10004T0	408	409	108	19.6798
MGG_05252T0	1375	1376	746.36	40.425
MGG_14705T0	267	268	58	16.1292
MGG_02468T0	3234	3235	1099	25.3189
MGG_07810T0	348	349	0	0
MGG_00729T0	3427	3428	95	2.0654
MGG_16028T0	225	226	4	1.31908
MGG_06411T0	1278	1279	5235	305.047
MGG_12939T0	1862	1863	3657	146.296
MGG_01034T0	5402	5403	1266.53	17.4703
MGG_05666T0	5841	5842	4042	51.5651
MGG_17578T0	642	643	595	68.9647
MGG_15199T0	411	412	0	0
MGG_17804T0	189	190	0	0
MGG_01544T0	1600	1601	101	4.70165
MGG_04128T0	2204	2205	2196	74.224
MGG_04209T0	2778	2779	223	5.98049
MGG_01453T0	2446	2447	18	0.548226
MGG_16715T0	261	262	4	1.13784
MGG_01631T0	2248	2249	2607.84	86.4195
MGG_08119T0	393	394	0	0
MGG_00239T0	3723	3724	0	0
MGG_16302T0	1145	1146	7	0.455233
MGG_15724T0	1579	1580	33.5783	1.58388
MGG_17493T0	534	535	12.2377	1.70477
MGG_08026T0	965	966	0	0
MGG_06765T0	2578	2579	1235	35.6892
MGG_00134T0	4621	4622	474	7.64309
MGG_16721T0	2775	2776	240	6.44336
MGG_04903T0	2970	2971	270.686	6.79023
MGG_16514T0	561	562	30	3.97837
MGG_12424T0	3228	3229	6258	144.44
MGG_04790T0	6360	6361	409	4.79202
MGG_04058T0	1577	1578	98	4.62849
MGG_04440T0	3046	3047	377	9.22125
MGG_01625T0	20262	20263	4018.35	14.7797
MGG_01625T1	20188	20189	1267.65	4.67956
MGG_04415T0	2693	2694	667	18.4522
MGG_07340T0	3338	3339	252	5.62477
MGG_00360T0	2421	2422	683	21.0168
MGG_03520T0	348	349	1059	226.147
MGG_13209T0	1179	1180	1368.53	86.4355
MGG_04646T0	2915	2916	1576.11	40.2829
MGG_04501T0	2464	2465	107	3.2351
MGG_02482T0	3347	3348	1361	30.2966
MGG_03643T0	4572	4573	463.545	7.5546
MGG_12308T0	2768	2769	1582.9	42.6041
MGG_00433T0	615	616	1621	196.121
MGG_10578T0	1791	1792	2132	88.6686
MGG_09912T0	2338	2339	8853	282.086
MGG_14736T0	1134	1135	18	1.18195
MGG_08802T0	1506	1507	2250	111.273
MGG_02372T0	934	935	43	3.4275
MGG_06332T0	1047	1048	9037	642.664
MGG_16508T0	399	400	6	1.11792
MGG_10189T0	2480	2481	2920	87.7156
MGG_03339T0	695	696	0	0
MGG_04120T0	2852	2853	311	8.12418
MGG_09149T0	2925	2926	1	0.025471
MGG_08525T0	1560	1561	5	0.238719
MGG_11928T0	195	196	0	0
MGG_10621T0	1582	1583	0	0
MGG_18068T0	306	307	0	0
MGG_15050T0	1371	1372	136	7.38764
MGG_05459T0	4284	4285	464	8.07027
MGG_17274T0	1137	1138	345.004	22.5945
MGG_17274T1	1084	1085	2907.12	199.689
MGG_08933T0	2264	2265	0	0
MGG_12043T0	315	316	9	2.12264
MGG_05817T0	2108	2109	3209	113.4
MGG_00815T0	804	805	71	6.5733
MGG_05194T0	1341	1342	1531.48	85.0511
MGG_02568T0	453	454	2200	361.15
MGG_12175T0	16315	16316	2787	12.7305
MGG_06950T0	1701	1702	2887.53	126.441
MGG_12387T0	1215	1216	5181	317.542
MGG_04725T0	2253	2254	1059	35.0157
MGG_08340T0	3001	3002	1019.09	25.3001
MGG_01592T0	1929	1930	8349	322.402
MGG_09740T0	336	337	0	0
MGG_01370T0	2918	2919	387	9.88092
MGG_08752T0	1395	1396	6	0.320322
MGG_08309T0	4752	4753	2171	34.0418
MGG_06498T0	1382	1383	660.476	35.5923
MGG_02775T0	2065	2066	3938	142.058
MGG_00485T0	4086	4087	145.155	2.64696
MGG_13926T0	1800	1801	387	16.0147
MGG_10383T0	1897	1898	820	32.1987
MGG_03635T0	1011	1012	117	8.6164
MGG_17783T0	168	169	0	0
MGG_09468T0	1465	1466	8	0.406702
MGG_03871T0	2790	2791	6718	179.391
MGG_00420T0	1605	1606	0	0
MGG_13529T0	622	623	1	0.119628
MGG_03055T0	2500	2501	280.631	8.36261
MGG_00919T0	2214	2215	3372	113.458
MGG_08952T0	876	877	0	0
MGG_08824T0	1169	1170	1054	67.1391
MGG_17690T0	3075	3076	1845	44.7024
MGG_16306T0	153	154	25	12.0987
MGG_03021T0	2339	2340	733	23.3458
MGG_07858T0	14334	14335	0	0
MGG_07278T0	2422	2423	319	9.81201
MGG_04201T0	1630	1631	1479	67.5826
MGG_16834T0	2451	2452	237	7.20358
MGG_16513T0	516	517	2	0.28831
MGG_14722T0	2865	2866	0	0
MGG_15925T0	261	262	0	0
MGG_06248T0	2027	2028	795.8	29.2453
MGG_15629T0	180	181	0	0
MGG_15335T0	981	982	1	0.0758943
MGG_05342T0	1562	1563	3397	161.978
MGG_04686T0	2567	2568	996	28.9058
MGG_15837T0	1421	1422	699	36.6352
MGG_09834T0	2986	2987	6773.38	169.002
MGG_00682T0	360	361	1953	403.196
MGG_17762T0	306	307	0	0
MGG_12098T0	2397	2398	2624	81.5521
MGG_11525T0	1166	1167	3	0.191589
MGG_09081T0	1707	1708	147	6.41431
MGG_15038T0	3810	3811	11497	224.836
MGG_06492T0	4093	4094	5527	100.615
MGG_09917T0	4031	4032	5834	107.837
MGG_16999T0	644	645	11	1.27102
MGG_14835T0	2135	2136	1262	44.0331
MGG_00565T0	561	562	27	3.58054
MGG_10699T0	1637	1638	2106	95.822
MGG_17815T0	322	323	2	0.461475
MGG_07461T0	3218	3219	651	15.0723
MGG_10500T0	1374	1375	0	0
MGG_16573T0	510	511	0	0
MGG_14116T0	321	322	71	16.4332
MGG_03990T0	2445	2446	458.111	13.9584
MGG_08066T0	666	667	6	0.670419
MGG_16824T0	198	199	4.03218	1.51011
MGG_04418T0	2067	2068	833	30.0203
MGG_16118T0	195	196	4	1.52098
MGG_09861T0	2152	2153	238	8.2386
MGG_07012T0	2679	2680	4776	132.816
MGG_06451T0	1516	1517	17	0.835188
MGG_17209T0	561	562	0	0
MGG_18133T0	2424	2425	0	0
MGG_07083T0	3917	3918	3042	57.8649
MGG_06669T0	1140	1141	4326	282.567
MGG_05881T0	2325	2326	4476	143.417
MGG_00046T0	2838	2839	41	1.07631
MGG_12864T0	1751	1752	444	18.8873
MGG_10056T0	1690	1691	11	0.484808
MGG_12760T0	2523	2524	273.191	8.06672
MGG_12760T1	2002	2003	440.054	16.3737
MGG_02624T0	1415	1416	10573	556.488
MGG_04955T0	1230	1231	1124	68.0501
MGG_15248T0	4836	4837	60	0.924476
MGG_09408T1	8496	8497	416.694	3.65487
MGG_09408T2	8207	8208	34.6565	0.31468
MGG_09408T0	8566	8567	11648.8	101.338
MGG_06724T0	1059	1060	62	4.3592
MGG_04974T0	1147	1148	2439	158.34
MGG_16778T0	1323	1324	41.6547	2.34475
MGG_06009T0	1503	1504	82	4.06337
MGG_17863T0	150	151	9	4.44208
MGG_08626T1	1568	1569	530.514	25.1996
MGG_08626T0	2128	2129	1786.49	62.5384
MGG_13874T0	1722	1723	0	0
MGG_01412T0	1548	1549	92	4.42647
MGG_14742T0	2558	2559	875	25.4835
MGG_13679T0	222	223	0	0
MGG_18090T0	756	757	0	0
MGG_13563T0	1153	1154	741	47.8556
MGG_06636T0	1268	1269	759	44.576
MGG_12473T0	3405	3406	7192	157.371
MGG_05984T0	1861	1862	1549	62.0001
MGG_16191T0	162	163	13	5.94397
MGG_14622T0	246	247	0	0
MGG_09969T0	1773	1774	21	0.882239
MGG_06155T0	3628	3629	428	8.78977
MGG_09695T0	1341	1342	708.046	39.3215
MGG_15296T0	615	616	0	0
MGG_09503T0	1946	1947	400	15.3114
MGG_04114T0	2122	2123	6692	234.924
MGG_06148T0	3084	3085	34794	840.562
MGG_00589T0	1793	1794	123.247	5.12006
MGG_12606T0	1834	1835	19151	777.815
MGG_15769T0	2335	2336	4383	139.836
MGG_06261T0	4936	4937	4953	74.7697
MGG_13291T0	3080	3081	22	0.532172
MGG_05927T0	1081	1082	10250	706.02
MGG_02939T0	2965	2966	2635	66.211
MGG_17790T0	294	295	0	0
MGG_17492T0	2971	2972	403	10.1059
MGG_08677T0	1143	1144	156	10.1629
MGG_04325T0	2424	2425	19223	590.786
MGG_02944T0	5145	5146	3544	51.3269
MGG_14340T0	1035	1036	12.5455	0.902506
MGG_06078T0	2372	2373	1267	39.7923
MGG_03327T0	1707	1708	32648	1424.59
MGG_12733T0	1024	1025	4	0.290842
MGG_05652T0	5487	5488	1465	19.895
MGG_16708T0	156	157	14	6.64583
MGG_03599T0	1519	1520	529	25.9378
MGG_03524T0	1825	1826	3699	150.975
MGG_06737T0	711	712	3.04568	0.318804
MGG_10013T0	1017	1018	0	0
MGG_00540T0	2167	2168	2473	85.013
MGG_12668T0	1014	1015	10	0.734268
MGG_04406T0	8595	8596	34	0.294784
MGG_03940T0	1957	1958	2680.33	102.023
MGG_14862T0	372	373	72	14.3861
MGG_08132T0	1762	1763	4938	208.747
MGG_15515T0	1494	1495	0	0
MGG_08838T0	698	699	1589	169.421
MGG_03723T0	1551	1552	589	28.2842
MGG_16587T0	252	253	6	1.76747
MGG_11304T0	556	557	0	0
MGG_02110T0	1109	1110	0	0
MGG_01252T0	731	732	911	92.753
MGG_09381T0	1317	1318	0	0
MGG_06653T0	1305	1306	1472	84.0012
MGG_17147T0	180	181	0	0
MGG_16136T0	183	184	11	4.45549
MGG_14791T0	1191	1192	38	2.3759
MGG_14994T0	923	924	23	1.85514
MGG_07934T0	1017	1018	11	0.805315
MGG_17198T0	711	712	6	0.628047
MGG_09603T0	1044	1045	8	0.570551
MGG_06387T0	2162	2163	876	30.1834
MGG_13026T0	961	962	174	13.4802
MGG_09827T0	1850	1851	4679	188.394
MGG_04973T0	1724	1725	10	0.432048
MGG_10537T0	2131	2132	163	5.69798
MGG_09128T0	539	540	4	0.552061
MGG_16155T0	228	229	17	5.53266
MGG_17416T0	784	785	50	4.74702
MGG_02385T0	4158	4159	1166	20.8944
MGG_10179T0	726	727	1254	128.553
MGG_03476T0	2080	2081	243	8.70272
MGG_10917T0	1659	1660	175	7.85689
MGG_04167T0	687	688	4460	483.133
MGG_17849T0	201	202	0	0
MGG_08200T0	2930	2931	1007	25.6056
MGG_02621T1	1853	1854	12.3108	0.494877
MGG_02621T0	1712	1713	567.696	24.699
MGG_01695T0	5453	5454	1337.26	18.2735
MGG_08684T0	447	448	2	0.332715
MGG_01294T0	3999	4000	2149	40.0403
MGG_16736T0	366	367	1.11155	0.225727
MGG_04962T0	1917	1918	34	1.32115
MGG_06752T0	3036	3037	1285	31.534
MGG_00445T0	2165	2166	100.04	3.4422
MGG_11783T0	5168	5169	14050	202.577
MGG_02522T0	438	439	104	17.6559
MGG_06904T0	2016	2017	4885	180.501
MGG_10255T0	1530	1531	0	0
MGG_00496T0	1533	1534	2042.91	99.253
MGG_06575T0	1845	1846	44	1.7764
MGG_13168T0	3623	3624	721	14.8275
MGG_09015T0	1432	1433	34	1.76829
MGG_18141T0	372	373	0	0
MGG_11196T0	3505	3506	590	12.5418
MGG_07832T0	1224	1225	113	6.87485
MGG_16495T0	243	244	0	0
MGG_11708T0	663	664	595	66.7836
MGG_00825T0	342	343	0	0
MGG_16947T0	840	841	30.4864	2.70166
MGG_11149T0	1670	1671	1544	68.8639
MGG_01894T0	3144	3145	3468	82.1825
MGG_15976T0	2652	2653	15	0.421381
MGG_12129T0	1050	1051	1155	81.903
MGG_10669T0	2343	2344	1518	48.2653
MGG_08063T0	1971	1972	8918	337.04
MGG_06418T0	2222	2223	3424	114.793
MGG_00976T0	4815	4816	3813	59.0067
MGG_15933T0	2066	2067	29	1.04563
MGG_05186T0	1518	1519	24561	1205.06
MGG_15364T0	666	667	0	0
MGG_08620T0	1803	1804	125	5.16409
MGG_17654T0	1274	1275	0	0
MGG_09617T0	375	376	0	0
MGG_12377T0	5995	5996	6615	82.2222
MGG_05236T0	1201	1202	568	35.218
MGG_10596T0	2832	2833	8172.21	214.988
MGG_10596T1	3025	3026	4374.79	107.748
MGG_06521T0	1799	1800	598	24.7599
MGG_09376T0	1650	1651	1	0.0451413
MGG_03634T0	2734	2735	3456	94.1753
MGG_12174T0	1307	1308	2774	158.059
MGG_01457T0	3311	3312	459.368	10.3369
MGG_12480T0	1215	1216	1	0.0612896
MGG_08296T0	1701	1702	259.525	11.3642
MGG_08296T1	1419	1420	269.475	14.1433
MGG_16038T0	2396	2397	102	3.17141
MGG_12946T0	678	679	0	0
MGG_05599T0	3581	3582	200	4.16126
MGG_04657T0	5521	5522	1527.47	20.6156
MGG_03832T0	1497	1498	0	0
MGG_00290T0	1205	1206	361.253	22.3246
MGG_05826T0	1538	1539	52.9628	2.5648
MGG_00167T0	1346	1347	14387	796.019
MGG_08962T0	995	996	1	0.0748275
MGG_15565T0	1815	1816	569	23.3516
MGG_11534T0	3856	3857	22167	428.329
MGG_09300T0	3196	3197	2313	53.9205
MGG_00765T0	468	469	44	6.99199
MGG_14926T0	531	532	30	4.20272
MGG_09724T0	417	418	0	0
MGG_00079T1	2031	2032	0	0
MGG_00079T0	1866	1867	5	0.199593
MGG_18142T0	564	565	0	0
MGG_13440T0	1476	1477	1144	57.7253
MGG_11280T0	870	871	0	0
MGG_06771T0	675	676	2479	273.307
MGG_17332T0	186	187	8	3.18837
MGG_17724T0	1497	1498	393.834	19.5939
MGG_16722T0	273	274	88	23.9361
MGG_11904T0	4618	4619	1081	17.4421
MGG_02486T0	2571	2572	1314	38.0755
MGG_10607T0	1921	1922	11134	431.736
MGG_14772T0	1102	1103	7181	485.21
MGG_04067T0	3266	3267	4031	91.9569
MGG_00203T0	2521	2522	369	10.9044
MGG_01615T0	4199	4200	3304	58.6289
MGG_00759T0	2096	2097	1531	54.4123
MGG_00834T0	2098	2099	246	8.73461
MGG_16771T0	283	284	11	2.88666
MGG_01817T0	2851	2852	1157	30.2346
MGG_09310T0	2712	2713	722	19.8339
MGG_16922T0	426	427	0	0
MGG_04423T0	2567	2568	2263.01	65.6767
MGG_01180T0	1426	1427	1234	64.4484
MGG_07505T0	809	810	281.088	25.8629
MGG_17252T0	1554	1555	183	8.77084
MGG_15246T0	1008	1009	32	2.36363
MGG_10435T0	1221	1222	2	0.121977
MGG_04364T0	2127	2128	552	19.3325
MGG_17998T0	465	466	0	0
MGG_17781T0	267	268	0	0
MGG_15752T0	219	220	15	5.08147
MGG_13499T0	2056	2057	3653	132.354
MGG_02302T0	1350	1351	10	0.551652
MGG_16275T0	150	151	0	0
MGG_02064T0	2094	2095	34	1.20953
MGG_01130T0	2570	2571	709	20.5525
MGG_08771T0	1150	1151	2122	137.401
MGG_16691T0	204	205	13	4.72618
MGG_12159T0	2070	2071	1023.85	36.8447
MGG_15052T0	339	340	2	0.438401
MGG_11061T0	2860	2861	1180	30.7387
MGG_00102T0	2344	2345	446	14.1747
MGG_06587T0	1783	1784	191.557	8.00248
MGG_16442T0	1093	1094	427	29.0892
MGG_00127T0	2040	2041	257	9.38449
MGG_08121T0	2084	2085	900	32.1705
MGG_03945T0	2144	2145	3685	128.036
MGG_02972T0	2003	2004	2	0.0743795
MGG_01666T0	2935	2936	3408	86.5096
MGG_15295T0	2892	2893	386	9.94396
MGG_12383T0	2778	2779	0	0
MGG_08974T0	2337	2338	539	17.1817
MGG_07673T0	1927	1928	567	21.9178
MGG_01122T0	1153	1154	25	1.61456
MGG_16719T0	279	280	0	0
MGG_16335T0	246	247	21	6.33641
MGG_17665T0	420	421	0	0
MGG_15005T0	2135	2136	993	34.6472
MGG_06960T0	2469	2470	503	15.1772
MGG_06932T0	2472	2473	2156	64.9749
MGG_11573T0	992	993	1327	99.5961
MGG_02050T0	1670	1671	1473	65.6972
MGG_17091T0	192	193	1	0.386157
MGG_03997T0	3463	3464	7766.69	167.101
MGG_15540T0	1449	1450	1113.63	57.2391
MGG_13222T0	2525	2526	3085	91.0212
MGG_11945T0	2886	2887	1084	27.9836
MGG_03630T0	2058	2059	562	20.3423
MGG_17700T0	331	332	0	0
MGG_04131T0	2168	2169	1533.95	52.7076
MGG_14330T0	1653	1654	4	0.180238
MGG_08334T0	1710	1711	86.9273	3.78641
MGG_10805T0	990	991	7	0.526435
MGG_04878T0	6696	6697	6809	75.7746
MGG_04703T0	6310	6311	1745	20.6072
MGG_06323T0	1244	1245	4973.39	297.717
MGG_16716T0	396	397	2	0.375457
MGG_08203T0	486	487	5236	801.293
MGG_05477T0	1892	1893	6970	274.412
MGG_01218T0	4042	4043	20	0.368678
MGG_17997T0	339	340	8	1.7536
MGG_17955T0	582	583	7	0.89485
MGG_16634T0	1284	1285	69.4004	4.02513
MGG_00700T0	2586	2587	2106	60.6712
MGG_17876T0	339	340	9	1.97281
MGG_07258T0	2947	2948	1744	44.09
MGG_07211T0	2131	2132	155	5.41833
MGG_14216T0	480	481	8	1.23955
MGG_08176T0	756	757	153	15.0632
MGG_01455T0	920	921	0	0
MGG_17903T0	288	289	4	1.03153
MGG_10266T0	1293	1294	0	0
MGG_13180T0	198	199	7	2.6216
MGG_08387T0	1632	1633	0	0
MGG_08737T0	1931	1932	132	5.09199
MGG_06138T0	3997	3998	3444	64.2009
MGG_16123T0	417	418	9	1.60467
MGG_09391T0	1281	1282	0	0
MGG_00833T0	2843	2844	428	11.2159
MGG_15542T0	291	292	0	0
MGG_13671T0	240	241	9	2.78321
MGG_00143T0	2383	2384	2073	64.8058
MGG_04002T0	896	897	2900	240.95
MGG_12922T0	5146	5147	1923	27.8449
MGG_17316T0	258	259	0	0
MGG_03316T1	3068	3069	25.1557	0.610887
MGG_03316T0	2946	2947	183.844	4.64933
MGG_10696T0	1810	1811	251	10.3294
MGG_11340T0	4555	4556	4667	76.344
MGG_15110T0	1329	1330	287.682	16.1206
MGG_09995T0	4732	4733	454	7.14891
MGG_10414T0	1884	1885	1762	69.6651
MGG_11188T0	4106	4107	1310.93	23.7891
MGG_03714T0	3257	3258	15250	348.851
MGG_06218T0	3768	3769	6320	124.972
MGG_15188T0	639	640	3	0.349351
MGG_15037T0	1638	1639	62	2.81925
MGG_10475T0	1431	1432	34	1.76952
MGG_16138T0	309	310	5	1.20207
MGG_04678T0	1761	1762	528	22.3331
MGG_15701T0	3144	3145	11.1851	0.265056
MGG_01840T0	3259	3260	1220	27.8909
MGG_16977T0	423	424	0	0
MGG_16729T0	1733	1734	639.369	27.4804
MGG_04493T0	2789	2790	2949	78.7755
MGG_07726T0	369	370	10	2.01428
MGG_07529T0	821	822	796	72.1709
MGG_02782T0	1635	1636	855	38.9496
MGG_10066T0	942	943	109	8.61461
MGG_05375T0	1286	1287	1142	66.1315
MGG_04003T0	1305	1306	455	25.965
MGG_03979T0	3028	3029	579.219	14.2516
MGG_16355T0	901	902	0	0
MGG_07584T0	1629	1630	0	0
MGG_03651T0	2240	2241	92.3305	3.07061
MGG_09359T0	4034	4035	495.018	9.1432
MGG_10483T0	1929	1930	24	0.926776
MGG_11710T0	1032	1033	742	53.5333
MGG_04278T0	1113	1114	0	0
MGG_15441T0	1716	1717	0	0
MGG_16311T0	892	893	298.399	24.9039
MGG_15771T0	413	414	9	1.62018
MGG_15194T0	723	724	0	0
MGG_05258T0	2178	2179	2437	83.3526
MGG_04818T0	1461	1462	2136	108.887
MGG_08587T0	2659	2660	314	8.79769
MGG_15239T0	1442	1443	964	49.7888
MGG_10466T0	798	799	0	0
MGG_08134T0	4108	4109	100.016	1.81406
MGG_04669T0	3578	3579	484	10.0787
MGG_00816T0	831	832	15	1.34366
MGG_02117T0	2134	2135	1759	61.4029
MGG_04363T0	2953	2954	3184	80.331
MGG_00709T0	741	742	177.493	17.8278
MGG_08218T0	471	472	0	0
MGG_17070T0	237	238	2	0.626287
MGG_06763T0	1939	1940	1045.87	40.1788
MGG_08342T0	1826	1827	167.583	6.83616
MGG_13532T0	3769	3770	2317	45.8042
MGG_10441T0	1014	1015	256	18.7973
MGG_07434T0	2608	2609	1163.05	33.2234
MGG_00920T0	1676	1677	570	25.3316
MGG_13007T0	2666	2667	1710	47.7852
MGG_05294T0	1469	1470	177	8.97381
MGG_10792T0	1332	1333	1006	56.2456
MGG_00468T0	2999	3000	1402	34.8295
MGG_16802T0	492	493	0	0
MGG_15501T1	1207	1208	0	0
MGG_15501T0	1211	1212	643.83	39.5904
MGG_04729T0	1368	1369	364	19.8161
MGG_15991T0	3364	3365	2553	56.544
MGG_08871T0	4185	4186	124	2.20772
MGG_03510T0	5258	5259	1065	15.0927
MGG_07052T0	1791	1792	1291	53.6919
MGG_15062T0	1585	1586	96	4.51117
MGG_14966T0	1548	1549	1022	49.1723
MGG_05163T0	1857	1858	1	0.0401121
MGG_03086T0	1245	1246	227	13.5778
MGG_01008T0	3036	3037	2482	60.9085
MGG_01036T0	2033	2034	924	33.8565
MGG_16749T0	2622	2623	2896	82.2851
MGG_18012T0	159	160	13	6.05542
MGG_17988T0	741	742	319	32.0411
MGG_06916T0	1006	1007	1016.09	75.201
MGG_04935T0	1993	1994	42	1.5698
MGG_14676T0	2887	2888	543	14.0127
MGG_03388T0	1608	1609	600	27.7918
MGG_04803T0	5110	5111	3981	58.0506
MGG_00120T0	588	589	26	3.28987
MGG_10630T0	3140	3141	1211.43	28.7442
MGG_08526T0	1725	1726	2	0.0863595
MGG_11688T0	575	576	19	2.4584
MGG_07212T0	928	929	2464	197.672
MGG_03849T0	868	869	68	5.8319
MGG_04830T0	1995	1996	914.937	34.1626
MGG_15072T0	3036	3037	11545.9	283.337
MGG_03650T0	945	946	372	29.3071
MGG_16112T0	156	157	3	1.42411
MGG_01940T0	1434	1435	0	0
MGG_07878T0	2503	2504	124	3.69069
MGG_17352T0	207	208	4	1.43323
MGG_03128T0	1177	1178	73	4.61847
MGG_08423T0	1973	1974	945.77	35.7075
MGG_09935T0	4038	4039	1586.14	29.2677
MGG_09175T0	1511	1512	108	5.32344
MGG_00634T0	4254	4255	1551	27.1665
MGG_17024T0	1368	1369	0	0
MGG_06825T0	1146	1147	69	4.48339
MGG_03625T0	2340	2341	1029	32.7593
MGG_07247T0	1659	1660	310	13.9179
MGG_03619T0	2247	2248	39546	1311.07
MGG_10782T0	669	670	0	0
MGG_14944T0	897	898	2	0.165987
MGG_15412T0	252	253	0	0
MGG_15957T0	405	406	9	1.6521
MGG_13014T0	6236	6237	28450	339.96
MGG_10855T0	1470	1471	968.832	49.0859
MGG_16738T0	2383	2384	901.795	28.1918
MGG_11282T0	2637	2638	865.382	24.4486
MGG_10619T0	763	764	99	9.65745
MGG_07455T0	1382	1383	853	45.9671
MGG_08178T0	3161	3162	1326	31.2538
MGG_14593T0	939	940	0	0
MGG_07251T0	948	949	18	1.4136
MGG_01436T0	1951	1952	1137.89	43.4452
MGG_00780T0	1249	1250	280	16.6943
MGG_13374T0	867	868	53	4.55069
MGG_17078T0	2356	2357	537	16.9799
MGG_12164T0	2305	2306	2762	89.2658
MGG_08594T0	4347	4348	159.907	2.74094
MGG_01834T0	3641	3642	1911	39.1058
MGG_11869T0	774	775	143	13.7517
MGG_11489T0	5188	5189	712.506	10.2335
MGG_14857T0	1502	1503	1212.7	60.1335
MGG_01943T0	687	688	34	3.68308
MGG_10400T0	1501	1502	7835	388.767
MGG_04577T0	3087	3088	189	4.56147
MGG_15175T0	2276	2277	377	12.3395
MGG_01419T0	4812	4813	2212	34.2523
MGG_00268T0	2145	2146	41.744	1.44972
MGG_00268T1	2581	2582	37.256	1.07538
MGG_14712T0	14199	14200	282	1.48007
MGG_07660T0	4179	4180	27742	494.632
MGG_03493T0	1809	1810	396	16.3056
MGG_17372T0	1752	1753	56	2.38082
MGG_09664T0	2875	2876	122	3.16149
MGG_04826T0	1677	1678	5350	237.62
MGG_13598T0	1365	1366	0	0
MGG_15322T0	780	781	92	8.77925
MGG_14496T0	4213	4214	2400	42.4461
MGG_08050T0	1861	1862	2507	100.345
MGG_15888T0	2531	2532	586	17.2486
MGG_01756T0	1121	1122	1951	129.594
MGG_09675T0	426	427	0	0
MGG_09501T0	1212	1213	990	60.8268
MGG_09266T0	987	988	461	34.7748
MGG_06429T0	2123	2124	947	33.2289
MGG_00958T0	2410	2411	1601	49.4897
MGG_14981T0	681	682	0	0
MGG_07276T0	2989	2990	764	19.0433
MGG_16153T0	186	187	0	0
MGG_08112T0	2805	2806	3152	83.7181
MGG_04253T0	1942	1943	31	1.18908
MGG_03733T0	1741	1742	775.53	33.1796
MGG_11899T0	3679	3680	269	5.44785
MGG_13465T0	2066	2067	554.785	20.0034
MGG_16458T0	360	361	0	0
MGG_02889T0	902	903	4593	379.079
MGG_17596T0	1750	1751	2435	103.641
MGG_00345T0	7679	7680	7743	75.1396
MGG_17837T0	237	238	20	6.26287
MGG_08275T0	820	821	2890	262.347
MGG_00142T0	2812	2813	1936	51.2928
MGG_17124T0	183	184	0	0
MGG_07731T0	2493	2494	596	17.8103
MGG_01224T0	2976	2977	2185	54.7008
MGG_08003T0	1664	1665	2	0.0895234
MGG_04383T0	1572	1573	302	14.3087
MGG_17495T0	423	424	0	0
MGG_16307T0	322	323	0	0
MGG_18039T0	831	832	21	1.88112
MGG_03157T0	1746	1747	508	21.6716
MGG_05661T0	1036	1037	11838.8	850.844
MGG_04712T0	2296	2297	545.42	17.6966
MGG_09261T0	969	970	163	12.5238
MGG_14718T0	414	415	0	0
MGG_10448T0	2893	2894	4205.91	108.313
MGG_09839T0	1297	1298	17.0335	0.978025
MGG_08011T0	1316	1317	1495	84.6011
MGG_16662T0	309	310	0	0
MGG_14565T0	564	565	17	2.24244
MGG_00691T0	2781	2782	576	15.4307
MGG_08897T0	2517	2518	4238	125.437
MGG_10492T0	1910	1911	6333	246.984
MGG_06458T0	2101	2102	1487.79	52.7507
MGG_05418T0	852	853	12	1.04846
MGG_03961T0	1353	1354	3095.08	170.363
MGG_03301T0	1124	1125	338	22.3916
MGG_08844T0	1086	1087	3809.65	261.202
MGG_03765T0	2424	2425	5372	165.099
MGG_09536T0	3497	3498	5868	125.023
MGG_10278T0	1534	1535	202	9.80762
MGG_16418T0	1224	1225	45	2.73777
MGG_18032T0	189	190	0	0
MGG_08323T0	1525	1526	1497	73.1119
MGG_04076T0	1752	1753	76	3.23111
MGG_15938T0	387	388	0	0
MGG_10509T0	1365	1366	0	0
MGG_02591T0	890	891	5	0.418228
MGG_05843T0	1676	1677	0	0
MGG_15846T0	366	367	13	2.63996
MGG_07354T0	1371	1372	9	0.488888
MGG_04839T0	1300	1301	3682	210.925
MGG_13025T0	2341	2342	31	0.986496
MGG_10779T0	402	403	0	0
MGG_03898T0	2124	2125	49	1.71853
MGG_01729T0	1246	1247	470	28.09
MGG_00275T0	2382	2383	3641.04	113.873
MGG_13549T0	984	985	93	7.03667
MGG_01611T0	666	667	815	91.0652
MGG_15329T0	1386	1387	184	9.88694
MGG_04570T0	1962	1963	130	4.93564
MGG_04081T0	888	889	824	69.079
MGG_04370T0	2842	2843	195	5.11185
MGG_17360T0	330	331	6	1.35096
MGG_04339T0	1943	1944	30	1.15013
MGG_15811T0	1274	1275	97	5.66999
MGG_09353T0	2181	2182	6	0.204936
MGG_12749T0	2471	2472	4890	147.428
MGG_10467T0	650	651	22	2.51862
MGG_16754T0	359	360	19	3.93343
MGG_08057T0	1617	1618	659	30.3548
MGG_00752T0	1346	1347	935	51.7326
MGG_16627T0	201	202	0	0
MGG_06449T0	3945	3946	22.0786	0.417
MGG_18036T0	159	160	0	0
MGG_03900T0	2112	2113	23836	840.726
MGG_02224T0	1470	1471	806	40.836
MGG_08027T0	720	721	0	0
MGG_02881T0	1374	1375	501	27.1554
MGG_06821T0	1995	1996	548	20.4617
MGG_10154T0	1525	1526	1140	55.6764
MGG_03003T0	1443	1444	256	13.2128
MGG_16434T0	772	773	0	0
MGG_05397T0	2153	2154	528	18.2688
MGG_00689T0	3262	3263	3159	72.1528
MGG_01007T0	1299	1300	411.13	23.5698
MGG_04891T0	3302	3303	997	22.4961
MGG_05844T0	1690	1691	35	1.54257
MGG_02132T0	3140	3141	887	21.0463
MGG_11612T0	1625	1626	514	23.5593
MGG_01807T0	1304	1305	4548	259.735
MGG_06902T0	3372	3373	842	18.6044
MGG_01259T0	1874	1875	964	38.3174
MGG_00238T0	1530	1531	0	0
MGG_11749T0	240	241	21	6.49416
MGG_06941T0	2084	2085	2917	104.268
MGG_06321T0	2437	2438	6270	191.67
MGG_04037T0	6031	6032	2316	28.6153
MGG_09216T0	1091	1092	88	6.00594
MGG_07063T0	3045	3046	2150	52.6053
MGG_09487T0	2025	2026	318	11.6979
MGG_04495T0	2406	2407	667	20.6524
MGG_05913T0	657	658	2703	306.155
MGG_00513T0	358	359	665	138.054
MGG_13188T0	1736	1737	1212	52.0024
MGG_11543T0	1471	1472	672	34.0237
MGG_03425T0	1245	1246	2	0.119628
MGG_16057T0	630	631	4	0.472445
MGG_04720T0	1879	1880	717	28.4238
MGG_17836T0	159	160	3	1.3974
MGG_17490T0	956	957	19	1.47966
MGG_15281T0	4126	4127	1003.49	18.1217
MGG_01551T0	2887	2888	9016	232.668
MGG_07002T0	475	476	22	3.44458
MGG_00876T0	2219	2220	4664.6	156.597
MGG_17787T0	2185	2186	562.784	19.1872
MGG_16703T0	357	358	0	0
MGG_01989T0	1665	1666	9	0.402613
MGG_04321T1	4397	4398	949.085	16.0831
MGG_04321T0	3549	3550	297.915	6.25439
MGG_01804T0	3008	3009	1185	29.3506
MGG_01518T0	4308	4309	721	12.4704
MGG_06694T0	2266	2267	1385	45.5322
MGG_09541T0	1836	1837	374	15.1734
MGG_13185T0	2727	2728	14195	387.804
MGG_02062T0	1206	1207	556	34.3311
MGG_07927T0	2252	2253	1891.3	62.5633
MGG_17424T0	201	202	2	0.737903
MGG_17154T0	2099	2100	61	2.16487
MGG_11288T0	2535	2536	146.91	4.3174
MGG_15133T0	3145	3146	3705	87.7708
MGG_01048T0	1431	1432	764.926	39.8105
MGG_07404T0	1806	1807	0	0
MGG_12715T0	672	673	22	2.43629
MGG_17007T0	150	151	9.01607	4.45001
MGG_04978T0	1591	1592	9681	453.208
MGG_02611T0	4019	4020	8194	151.911
MGG_17287T0	1080	1081	0	0
MGG_01075T0	579	580	66	8.4808
MGG_16007T0	600	601	0	0
MGG_07237T0	1216	1217	2273	139.197
MGG_00633T0	3102	3103	16875	405.306
MGG_00636T0	1953	1954	428	16.3245
MGG_16748T0	420	421	3	0.53108
MGG_14983T0	546	547	0	0
MGG_09697T0	4920	4921	6647	100.668
MGG_02203T0	1678	1679	112	4.97151
MGG_16366T0	273	274	2	0.544002
MGG_08304T0	3948	3949	29.9346	0.564947
MGG_15444T0	325	326	4	0.914457
MGG_11739T0	1647	1648	238	10.7632
MGG_11445T1	1042	1043	21.6491	1.54695
MGG_11445T0	1050	1051	21.4244	1.51924
MGG_09251T0	882	883	0	0
MGG_12636T0	2586	2587	1481	42.6657
MGG_16860T0	1481	1482	129	6.48727
MGG_13223T0	4029	4030	369	6.82405
MGG_02006T0	2349	2350	69	2.18828
MGG_04375T0	1988	1989	252.567	9.46375
MGG_08333T0	1163	1164	62.0727	3.97437
MGG_06225T0	462	463	403	64.8701
MGG_17625T0	2442	2443	2	0.0610137
MGG_07571T0	1498	1499	0	0
MGG_17120T0	333	334	3	0.669415
MGG_14146T0	522	523	4	0.570005
MGG_00451T0	1532	1533	1745	84.8348
MGG_12327T0	2524	2525	1794	52.9519
MGG_09398T0	1932	1933	163	6.28458
MGG_05435T0	2069	2070	328	11.8093
MGG_02784T0	6946	6947	438	4.69891
MGG_06329T0	1041	1042	905	64.7294
MGG_04875T0	1163	1164	46	2.94527
MGG_03424T0	1077	1078	0	0
MGG_06374T0	1944	1945	1511	57.8983
MGG_04882T0	1801	1802	1450	59.97
MGG_00162T0	885	886	1284	108.007
MGG_17314T0	354	355	2	0.419877
MGG_04917T0	4813	4814	372	5.75914
MGG_05451T0	2472	2473	3743	112.802
MGG_02778T0	543	544	6	0.822002
MGG_02461T0	2494	2495	530	15.8316
MGG_17118T0	375	376	106	21.0106
MGG_07994T0	555	556	0	0
MGG_05692T0	705	706	93	9.81746
MGG_15078T0	3624	3625	1344	27.632
MGG_17718T1	629	630	20.085	2.37603
MGG_17718T0	767	768	2.91498	0.282875
MGG_14883T0	904	905	46	3.78817
MGG_13871T0	525	526	10	1.41689
MGG_05398T0	746	747	1	0.09977
MGG_04127T0	1588	1589	289	13.5548
MGG_18134T0	2043	2044	351	12.7981
MGG_10975T0	375	376	19	3.76605
MGG_04198T0	905	906	901	74.1169
MGG_07014T0	4006	4007	1123	20.8872
MGG_17759T0	408	409	0	0
MGG_09729T0	450	451	2574	425.356
MGG_16603T0	408	409	0	0
MGG_15968T0	1356	1357	0	0
MGG_01864T0	758	759	36	3.53493
MGG_05429T1	711	712	0	0
MGG_05429T0	946	947	4	0.314797
MGG_17505T0	2195	2196	582	19.752
MGG_16468T0	249	250	2	0.596226
MGG_12005T0	4368	4369	6890	117.532
MGG_05819T0	660	661	5	0.563753
MGG_05612T0	631	632	65	7.66509
MGG_00095T0	3220	3221	63.9048	1.47864
MGG_17945T0	1647	1648	567	25.6417
MGG_10683T0	1818	1819	15	0.614581
MGG_03280T0	2309	2310	231	7.45282
MGG_00355T0	850	851	1194	104.567
MGG_00893T0	1588	1589	47	2.20442
MGG_00893T1	1332	1333	0	0
MGG_08985T0	3125	3126	893	21.2904
MGG_09369T0	3259	3260	1350.24	30.8685
MGG_03862T0	3557	3558	3203	67.0921
MGG_10286T0	336	337	0	0
MGG_00459T0	1251	1252	1448.11	86.2022
MGG_06087T0	3414	3415	1239	27.0397
MGG_16397T0	222	223	0	0
MGG_10111T0	1297	1298	140	8.03848
MGG_02134T0	1816	1817	1687	69.196
MGG_16352T0	385	386	2	0.386157
MGG_04866T0	1781	1782	128.499	5.37418
MGG_02130T0	1704	1705	37	1.61733
MGG_02320T0	1636	1637	9	0.409746
MGG_01309T0	3164	3165	2404.2	56.6131
MGG_14022T0	1233	1234	0	0
MGG_02346T0	2003	2004	1909	70.9952
MGG_11492T0	345	346	48	10.3392
MGG_05789T0	549	550	0	0
MGG_09860T0	2260	2261	165	5.43881
MGG_11383T0	2547	2548	3241	94.7982
MGG_15415T0	833	834	4	0.357449
MGG_07081T0	1224	1225	162	9.85598
MGG_15989T0	2739	2740	603.567	16.4171
MGG_10489T0	3144	3145	1203	28.5079
MGG_10432T0	784	785	41	3.89256
MGG_02545T0	1064	1065	415	29.0415
MGG_09504T0	4279	4280	1529	26.6247
MGG_04558T1	3205	3206	1871.08	43.4959
MGG_04558T0	2805	2806	1825.92	48.4971
MGG_00804T0	1426	1427	519.688	27.1419
MGG_17570T0	567	568	0	0
MGG_04254T0	921	922	24	1.94
MGG_04091T0	1826	1827	274	11.1772
MGG_07188T0	1655	1656	1440	64.8071
MGG_01168T0	1668	1669	1201.62	53.6575
MGG_04665T0	3148	3149	422	9.98759
MGG_00431T0	1860	1861	5173	207.165
MGG_16621T0	247	248	0	0
MGG_10687T0	1185	1186	195.65	12.2947
MGG_05383T0	1270	1271	30	1.75912
MGG_16582T0	204	205	0	0
MGG_03497T0	1717	1718	87	3.77413
MGG_12345T0	3132	3133	2644.62	62.9106
MGG_04360T0	1935	1936	46	1.77081
MGG_07521T0	3132	3133	1215	28.9026
MGG_02962T0	3386	3387	338.2	7.44183
MGG_02962T1	2735	2736	5090.8	138.673
MGG_00998T0	3184	3185	634	14.8354
MGG_16236T0	1498	1499	99	4.92214
MGG_16698T0	363	364	0	0
MGG_00710T0	2100	2101	938	33.2734
MGG_17609T0	225	226	0	0
MGG_06681T0	2105	2106	769.39	27.2276
MGG_12243T0	2634	2635	1033.43	29.2294
MGG_13578T0	1297	1298	98	5.62694
MGG_09865T0	1404	1405	4904	260.133
MGG_01783T1	2097	2098	525.977	18.6845
MGG_01783T0	1027	1028	300.219	21.7653
MGG_04718T0	735	736	323	32.7074
MGG_15167T0	2513	2514	449.151	13.3152
MGG_00552T0	1392	1393	6150	329.037
MGG_09566T0	2281	2282	258.218	8.43319
MGG_15321T0	2084	2085	841	30.0615
MGG_09352T0	2919	2920	75	1.91425
MGG_09087T0	693	694	0	0
MGG_01094T0	3784	3785	327	6.43876
MGG_15559T0	747	748	26	2.59055
MGG_03826T0	1385	1386	85	4.57063
MGG_15206T0	936	937	272	21.6347
MGG_10038T0	1866	1867	17	0.678618
MGG_01981T0	784	785	244	23.1655
MGG_06179T0	1443	1444	2329.7	120.241
MGG_08274T0	2467	2468	665	20.0815
MGG_14583T0	3242	3243	2995	68.8289
MGG_11292T0	462	463	0	0
MGG_01663T0	933	934	1685	134.454
MGG_04621T0	5679	5680	1018	13.3573
MGG_03725T0	1374	1375	2417.62	131.041
MGG_15685T0	535	536	14	1.94663
MGG_16054T0	2755	2756	94	2.54196
MGG_10702T0	1802	1803	22	0.909385
MGG_14573T0	2521	2522	406	11.9978
MGG_01268T0	2370	2371	18422	579.063
MGG_07175T0	1710	1711	1080	47.0429
MGG_14023T0	222	223	0	0
MGG_13852T0	504	505	0	0
MGG_02659T0	1233	1234	6613.92	399.452
MGG_02659T1	1136	1137	3573.08	234.209
MGG_15273T0	1955	1956	70	2.66717
MGG_00522T0	1995	1996	7644	285.418
MGG_15443T0	348	349	0	0
MGG_17902T0	156	157	0	0
MGG_03525T0	1536	1537	7339	355.864
MGG_01784T0	953	954	1099.8	85.9187
MGG_08130T0	3116	3117	324	7.74692
MGG_17062T0	1163	1164	384	24.5866
MGG_01133T1	2767	2768	494.133	13.3045
MGG_01133T0	3378	3379	3792.87	83.6566
MGG_00312T0	2084	2085	337.174	12.0523
MGG_08649T0	1393	1394	4700	251.279
MGG_04911T0	3614	3615	4478.97	92.3401
MGG_04640T0	4054	4055	721	13.2515
MGG_00554T0	856	857	3	0.260892
MGG_10933T0	1818	1819	19	0.77847
MGG_01300T0	1359	1360	1520	83.2962
MGG_15482T0	513	514	0	0
MGG_07423T0	2256	2257	1487	49.1021
MGG_04599T0	690	691	10861	1171.42
MGG_00587T0	1719	1720	459	19.8886
MGG_14807T0	593	594	744.977	93.471
MGG_03687T0	1434	1435	2774	144.071
MGG_12714T0	1013	1014	81	5.95344
MGG_11529T0	3028	3029	2886.88	71.0313
MGG_11259T0	3066	3067	37175	903.354
MGG_11064T0	2909	2910	2692	68.945
MGG_02036T0	2881	2882	0	0
MGG_15384T0	336	337	0	0
MGG_05695T0	3522	3523	437	9.24463
MGG_11482T0	3958	3959	1247	23.4748
MGG_15068T0	399	400	0	0
MGG_11727T0	4282	4283	1124	19.5587
MGG_10170T0	804	805	195	18.0534
MGG_10659T0	2490	2491	1450	43.3825
MGG_12522T0	270	271	967	265.936
MGG_06691T0	1260	1261	26685	1577.15
MGG_03666T0	772	773	1921	185.212
MGG_06580T0	1800	1801	15	0.620724
MGG_16241T0	156	157	3	1.42411
MGG_06221T0	2132	2133	184	6.42906
MGG_02208T0	567	568	12	1.57454
MGG_05865T0	3916	3917	3308	62.9409
MGG_05296T0	351	352	5788	1225.48
MGG_04355T0	567	568	47	6.16695
MGG_06376T0	1284	1285	773	44.8329
MGG_16294T0	508	509	19.1123	2.79845
MGG_15242T0	2781	2782	333	8.92088
MGG_10911T0	597	598	0	0
MGG_12162T0	1592	1593	1079	50.4808
MGG_09144T0	450	451	0	0
MGG_07745T0	3043	3044	4240	103.811
MGG_02032T0	3452	3453	0	0
MGG_14979T0	417	418	1	0.178297
MGG_10431T0	2949	2950	623	15.7393
MGG_06370T0	2934	2935	620	15.7436
MGG_09610T0	870	871	26537	2270.67
MGG_09435T0	2770	2771	63.662	1.71224
MGG_07226T0	801	802	103	9.57158
MGG_17801T0	423	424	83	14.5892
MGG_05057T0	1332	1333	336	18.7858
MGG_01985T0	2406	2407	7689	238.075
MGG_03050T0	2427	2428	2736	83.9824
MGG_01356T0	2103	2104	348	12.3269
MGG_09347T0	950	951	653	51.1745
MGG_16706T0	1566	1567	5257	250.029
MGG_08691T0	949	950	2042.08	160.203
MGG_02267T0	1543	1544	15	0.724044
MGG_07569T0	1820	1821	16	0.654833
MGG_15172T0	501	502	0	0
MGG_14893T0	870	871	0	0
MGG_09986T0	1205	1206	1890	116.798
MGG_01811T0	4825	4826	468	7.22735
MGG_07738T0	1380	1381	27	1.4571
MGG_07324T0	1196	1197	2357	146.753
MGG_08189T0	2540	2541	574.214	16.8418
MGG_11168T0	2496	2497	973	29.0412
MGG_10522T0	1994	1995	1699	63.4704
MGG_17109T0	423	424	0	0
MGG_07818T0	3117	3118	24.5	0.585613
MGG_00719T0	1737	1738	3013.14	129.208
MGG_14351T0	2218	2219	31	1.04118
MGG_09779T0	3392	3393	693.246	15.2273
MGG_09779T1	3451	3452	327.142	7.06294
MGG_07917T0	3324	3325	175	3.92254
MGG_09849T0	1224	1225	23.1187	1.40653
MGG_13339T0	621	622	0	0
MGG_01387T0	2142	2143	17	0.591218
MGG_12047T0	4344	4345	3	0.0514579
MGG_04977T0	156	157	7196	3415.96
MGG_15598T0	627	628	2058	244.234
MGG_16347T0	531	532	3	0.420272
MGG_17071T0	297	298	2	0.500189
MGG_16199T0	261	262	0	0
MGG_04710T0	8688	8689	1911	16.3912
MGG_02232T0	420	421	0	0
MGG_01593T0	3255	3256	1419	32.4802
MGG_04374T0	1848	1849	1006.43	40.5666
MGG_09875T0	1467	1468	143	7.2599
MGG_02648T0	2576	2577	33	0.954378
MGG_06245T0	6918	6919	174	1.87425
MGG_10580T0	2539	2540	187	5.48692
MGG_07125T0	1209	1210	3979	245.081
MGG_04753T0	684	685	0	0
MGG_05860T0	2270	2271	788	25.8601
MGG_10382T0	1243	1244	1214	72.7309
MGG_00555T0	2466	2467	1549	46.7954
MGG_03743T0	3126	3127	230.215	5.4869
MGG_06033T0	3949	3950	6527	123.151
MGG_06250T0	2283	2284	15390	502.184
MGG_05690T0	3450	3451	2002	43.2354
MGG_14070T0	1118	1119	1009	67.2019
MGG_01108T0	4561	4562	4508	73.646
MGG_15908T0	225	226	0	0
MGG_04101T0	2280	2281	2042	66.7192
MGG_01605T0	3035	3036	44090.6	1082.34
MGG_00427T0	8566	8567	110.264	0.959234
MGG_07157T0	2820	2821	88.1019	2.32757
MGG_13635T0	2110	2111	770	27.1846
MGG_17525T0	156	157	1	0.474702
MGG_02334T0	381	382	0	0
MGG_04550T0	3714	3715	5536	111.06
MGG_12119T1	2082	2083	14.0282	0.501917
MGG_12119T0	2006	2007	217.98	8.09451
MGG_08536T0	4143	4144	71	1.27691
MGG_03737T0	3271	3272	1749	39.838
MGG_11463T0	2619	2620	42.84	1.21862
MGG_10913T0	1034	1035	10	0.720079
MGG_04354T0	426	427	366	63.8813
MGG_16657T0	648	649	10.0936	1.1591
MGG_06596T0	1790	1791	269	11.1938
MGG_00347T0	1323	1324	646	36.3635
MGG_17145T0	820	821	20	1.81555
MGG_15055T0	605	606	278	34.1895
MGG_17443T0	285	286	0	0
MGG_05207T0	3391	3392	3337	73.3198
MGG_06319T0	1295	1296	70	4.02544
MGG_03203T0	951	952	1483.24	116.117
MGG_07901T0	639	640	2.95225	0.34379
MGG_04764T0	1758	1759	1631	69.1049
MGG_07274T0	5920	5921	1151	14.4878
MGG_08690T0	1781	1782	11109	464.609
MGG_03554T0	859	860	4355	377.407
MGG_01571T0	1947	1948	0	0
MGG_08625T0	2414	2415	1705	52.6172
MGG_07013T0	1532	1533	4	0.194464
MGG_05113T1	2187	2188	394.337	13.432
MGG_05113T0	1568	1569	6.66306	0.316498
MGG_01540T0	1728	1729	494.065	21.2966
MGG_06476T0	2756	2757	1996	53.9566
MGG_12008T0	204	205	15	5.45328
MGG_17732T0	3995	3996	2580.28	48.124
MGG_13028T0	1630	1631	967.68	44.2179
MGG_05800T0	2579	2580	4	0.115548
MGG_00649T0	1655	1656	141.986	6.39009
MGG_01568T0	1395	1396	1011	53.9742
MGG_04774T0	883	884	228	19.2222
MGG_01572T0	4095	4096	1987	36.1542
MGG_15440T0	174	175	0	0
MGG_07526T0	1416	1417	437	22.9844
MGG_03187T0	1869	1870	3111	123.988
MGG_06177T0	1422	1423	11481.4	601.325
MGG_14910T0	1156	1157	4	0.25766
MGG_05767T0	1783	1784	117	4.88778
MGG_01394T0	2415	2416	708	21.8402
MGG_00322T0	1897	1898	153	6.00781
MGG_09188T0	1586	1587	239	11.2238
MGG_09748T0	1329	1330	595	33.3416
MGG_01822T0	1074	1075	2831	196.269
MGG_10756T0	1541	1542	4	0.193329
MGG_01264T0	2508	2509	369	10.9609
MGG_12339T0	3205	3206	73	1.69699
MGG_05214T0	1116	1117	989	65.9878
MGG_15825T0	2361	2362	1259	39.7252
MGG_05841T0	1470	1471	43	2.17859
MGG_12492T0	1587	1588	11	0.516253
MGG_06969T0	2859	2860	1045	27.2315
MGG_17667T0	276	277	0	0
MGG_06031T0	1491	1492	51	2.54755
MGG_07666T0	2621	2622	431	12.2508
MGG_15138T0	2490	2491	1370.44	41.0023
MGG_08434T0	3684	3685	152	3.07416
MGG_08255T0	3210	3211	4187	97.1814
MGG_05061T0	3116	3117	4913	117.471
MGG_00499T0	1876	1877	409.357	16.254
MGG_10410T0	4816	4817	800	12.3775
MGG_15489T3	2484	2485	0	0
MGG_15489T0	2658	2659	18.8407	0.528081
MGG_15489T2	2570	2571	10.2137	0.296076
MGG_15489T1	2658	2659	18.8407	0.528081
MGG_03335T0	1203	1204	2046	126.648
MGG_17553T0	1783	1784	12.9436	0.540733
MGG_02598T0	832	833	983	87.9487
MGG_09323T0	2390	2391	34	1.05979
MGG_04368T0	2961	2962	1133	28.5079
MGG_16784T0	687	688	7	0.758281
MGG_14985T0	696	697	0	0
MGG_14341T0	2448	2449	8	0.243457
MGG_04921T0	1086	1087	5382	369.007
MGG_15892T0	237	238	0	0
MGG_12210T0	2376	2377	0	0
MGG_05910T0	1363	1364	231	12.6217
MGG_09728T1	1885	1886	180.511	7.13317
MGG_09728T0	1871	1872	509.489	20.2838
MGG_09649T0	1023	1024	169	12.3001
MGG_08449T0	2312	2313	23	0.741093
MGG_05089T0	3468	3469	2399	51.5403
MGG_17725T0	674	675	2	0.220824
MGG_03411T0	2322	2323	69	2.21371
MGG_05462T0	1534	1535	1854	90.0165
MGG_06759T0	2654	2655	20530	576.295
MGG_17885T0	432	433	0	0
MGG_17235T0	702	703	0	0
MGG_08366T0	975	976	23	1.7563
MGG_02167T0	1962	1963	0	0
MGG_16053T0	805	806	4375	404.542
MGG_01946T0	1569	1570	0	0
MGG_04164T0	908	909	177.618	14.5628
MGG_16439T0	1165	1166	2	0.127836
MGG_05805T0	1692	1693	102	4.49018
MGG_04692T0	3345	3346	793	17.6631
MGG_01652T0	1091	1092	1237	84.4244
MGG_10206T0	339	340	18	3.94561
MGG_05118T0	1898	1899	191	7.49599
MGG_05273T0	2708	2709	1276	35.1045
MGG_00510T0	1050	1051	24	1.70188
MGG_16559T0	777	778	1.44946	0.13885
MGG_16049T0	813	814	0	0
MGG_07781T0	1856	1857	882	35.3979
MGG_11882T0	7062	7063	516	5.44479
MGG_02978T0	1329	1330	0	0
MGG_13487T0	882	883	1314	110.906
MGG_16755T0	1290	1291	143	8.25526
MGG_11820T0	2824	2825	584	15.4069
MGG_09626T0	411	412	1	0.180894
MGG_05358T0	927	928	519	41.6812
MGG_16869T0	1319	1320	552	31.1663
MGG_10343T0	1527	1528	0	0
MGG_02921T0	1247	1248	49.6966	2.96779
MGG_17095T0	384	385	38	7.35603
MGG_03523T0	2279	2280	1048	34.2568
MGG_15347T0	2826	2827	624	16.4505
MGG_16395T0	1962	1963	6684	253.768
MGG_16636T0	375	376	4	0.792853
MGG_04784T0	1896	1897	93	3.65373
MGG_14549T0	495	496	1502	225.688
MGG_06683T0	1900	1901	963.426	37.7709
MGG_04543T0	2418	2419	6621	203.99
MGG_16146T0	357	358	149	31.0187
MGG_10936T0	1221	1222	0	0
MGG_01709T0	1623	1624	1452.36	66.6514
MGG_15695T0	315	316	0	0
MGG_01669T0	2644	2645	649	18.2869
MGG_15682T0	2145	2146	21	0.729307
MGG_11860T0	5684	5685	361	4.73257
MGG_03264T0	1685	1686	978	43.2317
MGG_06686T0	2805	2806	903.629	24.0007
MGG_12513T0	1404	1405	52	2.75834
MGG_05402T0	3917	3918	781	14.8562
MGG_07375T0	4410	4411	7	0.118272
MGG_04530T0	1060	1061	304	21.354
MGG_02847T0	677	678	2614	287.34
MGG_00378T0	1851	1852	649	26.1171
MGG_03032T0	1002	1003	37	2.7493
MGG_14372T0	1560	1561	92	4.39244
MGG_05901T0	1945	1946	2165	82.9155
MGG_17642T0	495	496	0	0
MGG_16337T0	414	415	42	7.54261
MGG_14744T0	1829	1830	1676	68.2564
MGG_08171T0	3446	3447	1393	30.1183
MGG_05279T0	1471	1472	234	11.8476
MGG_02989T0	355	356	0	0
MGG_06658T0	1111	1112	9946	666.599
MGG_08980T0	2142	2143	3767	131.007
MGG_03912T0	3181	3182	616	14.4278
MGG_10970T0	2675	2676	4853	135.159
MGG_10641T0	663	664	0	0
MGG_04768T0	1958	1959	6813.72	259.221
MGG_17133T0	207	208	5	1.79154
MGG_02975T0	860	861	80	6.9248
MGG_10159T0	321	322	1131	261.775
MGG_06944T0	1338	1339	837	46.5871
MGG_13453T0	3786	3787	663	13.0478
MGG_13863T0	438	439	0	0
MGG_09131T0	1497	1498	4	0.199007
MGG_06956T0	648	649	3	0.344506
MGG_00737T0	453	454	5188	851.657
MGG_15911T0	306	307	0	0
MGG_11512T0	2620	2621	1693	48.1405
MGG_09558T0	2115	2116	1133	39.9057
MGG_12860T0	2112	2113	1312	46.2759
MGG_07283T0	4680	4681	2152	34.2629
MGG_06324T0	2623	2624	29517	838.357
MGG_01204T0	3347	3348	2377	52.9132
MGG_04895T0	2899	2900	54257	1394.37
MGG_04337T0	2585	2586	32523	937.309
MGG_16956T0	153	154	3	1.45185
MGG_10532T0	1387	1388	11	0.590641
MGG_07322T0	2023	2024	39	1.43607
MGG_07464T0	1813	1814	238.085	9.78172
MGG_06327T0	2647	2648	844	23.7545
MGG_04225T0	2117	2118	249	8.76182
MGG_17711T0	291	292	46	11.7407
MGG_04107T0	1751	1752	935	39.7739
MGG_05254T0	2120	2121	675.291	23.7285
MGG_03323T0	4938	4939	1407	21.2313
MGG_14061T0	1953	1954	918	35.0138
MGG_07075T0	1646	1647	4708	213.041
MGG_05452T0	498	499	40	5.97421
MGG_02306T0	1234	1235	12	0.724161
MGG_07310T0	3787	3788	3364	66.1861
MGG_15573T0	930	931	11	0.88057
MGG_08061T0	2482	2483	692.062	20.7725
MGG_12890T0	3226	3227	1478	34.1347
MGG_02841T0	1925	1926	917.647	35.5091
MGG_02835T0	1451	1452	4852	249.043
MGG_03847T0	977	978	157	11.9641
MGG_08873T0	2896	2897	521	13.4032
MGG_02368T0	2642	2643	404	11.3921
MGG_14633T0	2943	2944	570.408	14.44
MGG_05384T0	4907	4908	383	5.81587
MGG_17833T0	252	253	5	1.47289
MGG_08312T0	3162	3163	3078	72.5254
MGG_04834T0	2225	2226	767	25.6798
MGG_04054T0	1219	1220	2049.65	125.211
MGG_17350T0	3490	3491	1590	33.9444
MGG_06842T0	3054	3055	8	0.195164
MGG_02927T0	3162	3163	8235	194.037
MGG_17225T0	288	289	0	0
MGG_16088T0	303	304	1	0.245159
MGG_15327T0	1059	1060	5	0.351548
MGG_15035T0	588	589	0	0
MGG_05337T0	2034	2035	72	2.63687
MGG_03598T0	2911	2912	2425	62.0642
MGG_17755T0	381	382	0	0
MGG_03211T0	1759	1760	4972.98	210.584
MGG_05352T0	1215	1216	25765	1579.13
MGG_08373T0	857	858	54.5498	4.73835
MGG_05815T0	1261	1262	464	27.4018
MGG_17142T0	306	307	0	0
MGG_16450T0	292	293	2	0.508725
MGG_06995T0	1707	1708	2359.31	102.948
MGG_04155T0	2026	2027	1133.39	41.6723
MGG_00842T0	1034	1035	1297	93.3943
MGG_07450T0	4328	4329	6986	120.271
MGG_05482T0	747	748	61	6.07784
MGG_00848T0	991	992	3354	251.983
MGG_17969T0	288	289	14	3.61036
MGG_03576T0	666	667	2492	278.447
MGG_00382T0	1748	1749	1184.17	50.4596
MGG_16786T0	168	169	0	0
MGG_03483T0	1182	1183	4528.89	285.317
MGG_09223T0	2337	2338	588	18.7436
MGG_05204T0	1376	1377	1462	79.1287
MGG_17322T0	219	220	3	1.01629
MGG_05990T0	2149	2150	997	34.5603
MGG_16815T1	1973	1974	722.711	27.2859
MGG_16815T0	2043	2044	5303.24	193.367
MGG_11466T0	3911	3912	1064	20.2705
MGG_09711T0	1611	1612	1035	47.8516
MGG_00040T0	2771	2772	533.843	14.3529
MGG_16968T0	216	217	0	0
MGG_01952T0	1670	1671	658	29.3474
MGG_07750T0	1287	1288	112	6.48071
MGG_04453T0	1463	1464	403.407	20.5363
MGG_04301T0	438	439	0	0
MGG_06285T0	3588	3589	4892	101.586
MGG_16030T0	481	482	0	0
MGG_17768T0	750	751	0	0
MGG_18016T0	923	924	242	19.5193
MGG_06462T0	4420	4421	3385	57.0636
MGG_07752T0	2151	2152	35567	1231.76
MGG_03914T1	2179	2180	460.364	15.7386
MGG_03914T0	932	933	324.636	25.932
MGG_08332T0	4625	4626	121.619	1.95937
MGG_03074T0	1795	1796	1264	52.4519
MGG_09889T0	1610	1611	1164	53.8491
MGG_09767T0	2912	2913	12857	328.942
MGG_15522T0	2226	2227	413	13.8214
MGG_07761T0	1520	1521	322	15.7778
MGG_07531T0	3481	3482	2530	54.1517
MGG_16774T0	150	151	5	2.46782
MGG_07057T0	1219	1220	2330.61	142.374
MGG_06294T0	492	493	965	145.882
MGG_05611T0	243	244	917	280.092
MGG_05039T0	2966	2967	205	5.1494
MGG_07123T0	4082	4083	8244	150.48
MGG_04513T0	1599	1600	1518	70.7086
MGG_09341T0	1374	1375	96	5.20342
MGG_05761T0	2087	2088	12821.6	457.648
MGG_15524T0	454	455	19	3.11217
MGG_03146T0	1743	1744	2735	116.878
MGG_15371T0	627	628	0	0
MGG_03695T0	3411	3412	126.205	2.75668
MGG_00361T0	2143	2144	2139	74.3544
MGG_09248T0	489	490	131	19.9249
MGG_00125T0	1998	1999	2971	110.767
MGG_01474T0	3465	3466	492.643	10.5931
MGG_13347T0	2556	2557	791	23.0551
MGG_08046T0	2812	2813	4366	115.674
MGG_17253T0	1152	1153	194	12.5399
MGG_08800T0	1695	1696	183	8.04166
MGG_03303T0	2529	2530	323.234	9.52175
MGG_02371T0	2010	2011	1527	56.591
MGG_07873T0	1368	1369	2	0.10888
MGG_07764T0	1442	1443	91	4.69998
MGG_05047T0	3773	3774	1175	23.2037
MGG_02999T0	1858	1859	938	37.6049
MGG_17936T0	1548	1549	295	14.1936
MGG_00614T0	420	421	13	2.30135
MGG_01552T0	1787	1788	268.27	11.1822
MGG_09818T0	1593	1594	5	0.233777
MGG_05567T0	1115	1116	129	8.61482
MGG_14184T0	1045	1046	2	0.142501
MGG_04616T0	2593	2594	3502	100.616
MGG_07446T0	3265	3266	187	4.26723
MGG_17308T0	916	917	1328.05	107.936
MGG_17308T1	1136	1137	0.346137	0.0226887
MGG_03384T0	3126	3127	7265.96	173.175
MGG_01780T0	5148	5149	2969.19	42.977
MGG_10677T0	1350	1351	1048	57.8132
MGG_08925T0	4618	4619	4130	66.6381
MGG_01984T0	1455	1456	19	0.972552
MGG_05595T0	4488	4489	26	0.431663
MGG_17611T0	171	172	0	0
MGG_04141T0	2873	2874	830.564	21.5381
MGG_05267T0	387	388	1316	252.781
MGG_15139T0	4443	4444	2405.1	40.3348
MGG_01757T0	3791	3792	7331	144.084
MGG_01303T0	1929	1930	1308	50.5093
MGG_15289T0	2693	2694	285.395	7.89531
MGG_13816T0	1828	1829	787.849	32.1033
MGG_06730T0	749	750	419	41.6364
MGG_03905T0	1471	1472	640	32.4036
MGG_16412T0	159	160	15	6.98702
MGG_03857T0	1952	1953	5308	202.558
MGG_14638T0	588	589	66	8.35121
MGG_09160T0	3718	3719	1009	20.2202
MGG_02225T0	1849	1850	94.4182	3.80369
MGG_04924T0	2393	2394	2418.12	75.2791
MGG_15243T0	501	502	0	0
MGG_08628T0	1107	1108	725	48.7662
MGG_01622T0	1884	1885	2772.69	109.625
MGG_03331T0	1298	1299	654	37.5223
MGG_10005T0	1596	1597	891	41.5809
MGG_03855T0	1157	1158	5050.73	325.062
MGG_02187T0	2720	2721	520	14.2428
MGG_05988T0	1864	1865	19	0.759269
MGG_04894T0	2094	2095	1368	48.6657
MGG_00389T0	432	433	6	1.03272
MGG_15479T0	2608	2609	88.9226	2.54015
MGG_15063T0	1519	1520	565	27.7029
MGG_09665T0	1116	1117	0	0
MGG_00693T0	2463	2464	962	29.0975
MGG_16017T0	255	256	72	20.9611
MGG_15690T0	204	205	10	3.63552
MGG_05069T0	1584	1585	24	1.1285
MGG_10181T0	4052	4053	6533	120.131
MGG_03761T0	5498	5499	223	3.02233
MGG_04656T0	2754	2755	1668	45.1227
MGG_07368T0	1893	1894	141	5.5483
MGG_04098T0	1239	1240	5	0.300517
MGG_00269T0	405	406	0	0
MGG_14472T0	1595	1596	1593.79	74.4248
MGG_00155T0	3810	3811	319	6.23839
MGG_16931T0	243	244	0	0
MGG_10519T0	1703	1704	151	6.60432
MGG_04626T0	1099	1100	730	49.4596
MGG_03026T0	3014	3015	56	1.38427
MGG_14707T0	345	346	0	0
MGG_14689T0	1491	1492	353	17.633
MGG_15607T0	2254	2255	2203	72.8096
MGG_13290T0	1271	1272	176	10.3121
MGG_02419T0	7234	7235	1824	18.7891
MGG_15713T0	273	274	2	0.544002
MGG_05421T0	1146	1147	596	38.7261
MGG_03120T0	702	703	878	93.0808
MGG_09727T0	1890	1891	160	6.30593
MGG_06174T0	3330	3331	1566.38	35.0463
MGG_10425T0	1040	1041	0	0
MGG_13971T0	1447	1448	199	10.2425
MGG_04476T0	1906	1907	4906	191.733
MGG_17999T0	201	202	7	2.58266
MGG_07432T0	1395	1396	0	0
MGG_05621T0	802	803	545	50.5827
MGG_03292T0	2900	2901	1459	37.4825
MGG_17786T0	397	398	2	0.374514
MGG_07445T1	2730	2731	2615.65	71.3803
MGG_07445T0	1089	1090	51.3502	3.51105
MGG_00987T0	2408	2409	5527	170.991
MGG_08837T0	1296	1297	2444	140.437
MGG_02538T0	2080	2081	1764	63.1753
MGG_16950T0	417	418	0	0
MGG_09979T0	1838	1839	124.283	5.03677
MGG_08306T0	1612	1613	59	2.72608
MGG_06212T0	2889	2890	107	2.75935
MGG_06222T0	1641	1642	3	0.136166
MGG_07031T0	1039	1040	3420	245.083
MGG_03538T0	5186	5187	1260	18.104
MGG_05479T0	2046	2047	38	1.38352
MGG_14584T0	892	893	163	13.6037
MGG_12735T0	3441	3442	139	3.00971
MGG_16844T0	183	184	18	7.2908
MGG_15356T0	366	367	0	0
MGG_01624T0	3532	3533	620	13.0788
MGG_06379T0	15261	15262	2416	11.7979
MGG_06063T0	5425	5426	3417.91	46.9463
MGG_03712T0	1143	1144	10	0.65147
MGG_17820T0	1703	1704	187.79	8.21341
MGG_17820T1	1657	1658	194.092	8.72458
MGG_15053T0	4769	4770	3028	47.3106
MGG_01791T0	4021	4022	730	13.527
MGG_05608T0	881	882	146.624	12.3896
MGG_04568T0	2631	2632	215.249	6.09503
MGG_16344T0	270	271	0	0
MGG_04836T0	2489	2490	5822	174.258
MGG_02425T0	6431	6432	7095	82.2105
MGG_12004T0	2117	2118	1013	35.6455
MGG_04478T0	2519	2520	2893	85.5596
MGG_09395T0	3407	3408	91	1.99004
MGG_08506T0	501	502	0	0
MGG_18054T0	498	499	0	0
MGG_17683T0	3284	3285	2387	54.1549
MGG_16295T0	177	178	8	3.34958
MGG_16274T0	1243	1244	2492	149.296
MGG_01156T0	2832	2833	342.86	9.01968
MGG_01156T1	3816	3817	1228.14	23.9798
MGG_15921T0	411	412	0	0
MGG_09910T0	2224	2225	416	13.9343
MGG_08994T0	1407	1408	89	4.71095
MGG_08482T0	429	430	1	0.173321
MGG_09680T0	1473	1474	0	0
MGG_06637T0	1974	1975	615	23.2075
MGG_07982T0	1952	1953	15.0082	0.572725
MGG_01846T0	2439	2440	1279	39.0662
MGG_16052T0	318	319	0	0
MGG_08825T0	2214	2215	977	32.8732
MGG_01687T0	1620	1621	8098.23	372.33
MGG_08586T0	2175	2176	2824	96.7223
MGG_10120T0	522	523	0	0
MGG_06408T0	1965	1966	2211.69	83.842
MGG_00367T0	492	493	35	5.29105
MGG_16861T0	2594	2595	750	21.5399
MGG_14594T0	1123	1124	0	0
MGG_16343T0	321	322	5	1.15727
MGG_08734T0	1116	1117	0	0
MGG_01935T0	2441	2442	903	27.559
MGG_09091T0	1021	1022	38	2.77111
MGG_01779T0	2013	2014	103.81	3.8415
MGG_17296T0	507	508	0	0
MGG_08751T0	4329	4330	77	1.32533
MGG_02386T0	1967	1968	255	9.65686
MGG_15719T0	1353	1354	61.1715	3.36706
MGG_09470T0	453	454	3443	565.2
MGG_02976T0	3756	3757	184	3.65004
MGG_11140T0	4843	4844	435	6.69277
MGG_17564T0	168	169	0	0
MGG_17115T0	510	511	44	6.4173
MGG_14655T0	3924	3925	77	1.46208
MGG_14662T0	243	244	5	1.52722
MGG_15325T0	4783	4784	3352	52.2196
MGG_08168T0	3662	3663	4788	97.4177
MGG_08308T0	1369	1370	959	52.1697
MGG_00965T0	573	574	8963	1163.76
MGG_01745T0	1617	1618	4065	187.242
MGG_05179T0	1269	1270	382.022	22.4185
MGG_05847T0	1752	1753	0	0
MGG_05058T0	270	271	26982	7420.37
MGG_09170T0	5251	5252	6939	98.4675
MGG_15813T0	333	334	1021	227.824
MGG_06556T0	921	922	165	13.3375
MGG_15891T0	270	271	2	0.550024
MGG_08698T0	3073	3074	33	0.800075
MGG_06409T0	1562	1563	1546	73.7176
MGG_01454T0	2080	2081	29	1.0386
MGG_17206T0	468	469	12	1.90691
MGG_06710T0	1441	1442	425	21.9657
MGG_15792T0	2059	2060	41.7465	1.51033
MGG_07297T0	3055	3056	2911.12	70.995
MGG_08616T0	4303	4304	322.525	5.58485
MGG_00730T0	2948	2949	1383	34.9517
MGG_09198T0	2339	2340	27	0.859941
MGG_17575T0	189	190	1	0.392254
MGG_10746T0	1627	1628	152.909	7.00003
MGG_13895T0	1206	1207	0	0
MGG_11948T0	819	820	0	0
MGG_11326T0	4057	4058	1451	26.6487
MGG_15378T0	318	319	37	8.64434
MGG_17375T0	279	280	4	1.06469
MGG_10686T0	5060	5061	801	11.7955
MGG_03441T0	4027	4028	6198	114.679
MGG_09599T0	594	595	6	0.751545
MGG_02837T0	3259	3260	88.7087	2.02801
MGG_02837T1	2800	2801	273.291	7.27166
MGG_01212T0	1347	1348	173	9.56482
MGG_13711T0	1212	1213	95	5.83692
MGG_15876T0	2741	2742	120	3.26163
MGG_04174T0	2022	2023	1810.98	66.7175
MGG_02924T0	2810	2811	721	19.1159
MGG_11330T0	738	739	841.347	84.8499
MGG_15530T0	1564	1565	110	5.2384
MGG_07553T0	1464	1465	0	0
MGG_03156T0	1786	1787	2513	104.807
MGG_00621T0	3899	3900	1268	24.2312
MGG_15100T0	9565	9566	4	0.0311638
MGG_04693T0	1775	1776	1129	47.3775
MGG_15549T0	183	184	0	0
MGG_00199T0	6058	6059	411	5.05547
MGG_14202T0	3929	3930	1809.3	34.3114
MGG_14964T0	429	430	0	0
MGG_14302T0	2217	2218	318	10.6853
MGG_16840T0	1764	1765	122.067	5.15434
MGG_08260T0	1098	1099	0	0
MGG_14941T0	993	994	2	0.149956
MGG_06750T0	3543	3544	108	2.27118
MGG_06690T0	2176	2177	1744	59.7047
MGG_07449T0	1536	1537	672	32.5849
MGG_15999T0	589	590	0	0
MGG_14243T0	1194	1195	2	0.124733
MGG_11723T0	513	514	636	92.2178
MGG_06554T0	2579	2580	680.749	19.6647
MGG_04172T0	2373	2374	16924	531.304
MGG_10055T0	995	996	2179.3	163.071
MGG_00914T0	402	403	42	7.76721
MGG_06251T1	2140	2141	1132	39.4048
MGG_06251T0	2354	2355	6138	194.248
MGG_04231T0	2918	2919	203	5.18302
MGG_12848T0	993	994	30	2.24934
MGG_18127T0	432	433	0	0
MGG_08583T0	2979	2980	410	10.2539
MGG_01809T0	831	832	42.6819	3.82333
MGG_18117T0	1359	1360	940	51.5121
MGG_15030T0	611	612	94	11.4471
MGG_16592T0	321	322	5.18287	1.1996
MGG_10323T0	1932	1933	3203	123.494
MGG_08539T0	1125	1126	0	0
MGG_16889T0	374	375	0	0
MGG_00967T0	1284	1285	976	56.6066
MGG_01589T0	984	985	4031.15	305.009
MGG_15266T0	972	973	41	3.14045
MGG_02704T0	2241	2242	37.3362	1.24112
MGG_01879T0	372	373	0	0
MGG_15780T0	228	229	55	17.8998
MGG_13778T0	1993	1994	9545	356.756
MGG_12007T0	1902	1903	74.7571	2.92775
MGG_11210T0	3509	3510	390	8.28091
MGG_16519T0	355	356	10	2.09349
MGG_14976T0	1659	1660	729	32.7296
MGG_10640T0	2229	2230	3	0.100262
MGG_17266T0	446	447	2	0.33346
MGG_05590T0	1348	1349	323	17.8448
MGG_11876T0	3086	3087	2835	68.4443
MGG_11541T0	4512	4513	5007	82.6862
MGG_01227T0	5942	5943	3072	38.5244
MGG_09165T0	1662	1663	1	0.0448155
MGG_01800T0	3254	3255	365	8.35723
MGG_13037T0	282	283	3	0.790052
MGG_03060T0	7980	7981	644	6.0138
MGG_02085T0	1348	1349	3326	183.752
MGG_08569T0	1883	1884	417	16.4959
MGG_03455T0	1941	1942	1316	50.5042
MGG_03216T0	1023	1024	523	38.0647
MGG_08946T0	711	712	1	0.104674
MGG_04867T0	1379	1380	27.0531	1.46103
MGG_17307T0	1691	1692	5	0.220237
MGG_11080T0	1962	1963	0	0
MGG_13762T0	3966	3967	941	17.6786
MGG_08884T0	5370	5371	823.708	11.4298
MGG_09312T0	2980	2981	1720.15	43.0056
MGG_15287T0	2960	2961	534.72	13.4589
MGG_01256T0	2105	2106	519	18.3666
MGG_06481T0	3833	3834	1301	25.2898
MGG_16797T0	159	160	0	0
MGG_07252T0	1269	1270	1806	105.983
MGG_07082T0	942	943	580	45.8392
MGG_09891T0	2876	2877	1628	42.1731
MGG_04330T0	2816	2817	6162	163.026
MGG_02971T0	1279	1280	2818	164.079
MGG_00881T0	2021	2022	334.742	12.3381
MGG_17330T0	183	184	6	2.43027
MGG_15952T0	360	361	10	2.06449
MGG_09158T0	351	352	0	0
MGG_08560T0	1047	1048	2512.66	178.687
MGG_08560T1	954	955	821.335	64.097
MGG_16971T0	3165	3166	0	0
MGG_17534T0	210	211	1	0.353214
MGG_07634T0	2515	2516	711	21.061
MGG_06111T0	3137	3138	1521.55	36.1371
MGG_06046T0	1035	1036	575.228	41.381
MGG_01917T0	744	745	730	73.0276
MGG_00455T0	2916	2917	1953	49.8984
MGG_11770T0	483	484	25	3.8496
MGG_04758T1	3276	3277	1500.41	34.1235
MGG_04758T0	3668	3669	209.592	4.25744
MGG_00951T0	2058	2059	93	3.36626
MGG_01835T0	4763	4764	1070	16.7391
MGG_10251T0	2121	2122	95	3.33656
MGG_12650T0	3050	3051	7879	192.464
MGG_04942T0	2016	2017	1775	65.5863
MGG_02476T0	7808	7809	4028	38.4428
MGG_17189T0	279	280	1	0.266172
MGG_17695T0	1715	1716	947	41.1295
MGG_16725T0	2422	2423	474	14.5796
MGG_05159T0	1411	1412	770	40.6422
MGG_17141T0	186	187	33	13.152
MGG_09972T0	1808	1809	17	0.700376
MGG_01140T0	2951	2952	11541	291.372
MGG_15835T0	150	151	2	0.987129
MGG_06512T0	2614	2615	160	4.56004
MGG_15982T0	1869	1870	219.3	8.74014
MGG_12520T0	607	608	11	1.34837
MGG_04450T0	1491	1492	17	0.849182
MGG_01000T0	3058	3059	1810	44.0981
MGG_00684T0	1874	1875	37	1.47069
MGG_06533T0	519	520	16	2.29318
MGG_17767T0	681	682	0	0
MGG_09569T0	375	376	7	1.38749
MGG_04612T0	1105	1106	7343	494.811
MGG_02917T0	4874	4875	1685	25.76
MGG_17432T0	318	319	22	5.13988
MGG_14045T0	989	990	0	0
MGG_08522T0	372	373	0	0
MGG_03209T0	1557	1558	24	1.14806
MGG_05555T0	1482	1483	6	0.30153
MGG_14110T0	1098	1099	116	7.86649
MGG_15885T0	1095	1096	624	42.4321
MGG_08263T0	1238	1239	17	1.02258
MGG_05370T0	1116	1117	2115	141.117
MGG_03314T0	7527	7528	213	2.10873
MGG_09192T0	3195	3196	529.397	12.3451
MGG_09192T1	4818	4819	818.603	12.6601
MGG_08293T0	2365	2366	1190	37.4846
MGG_07935T0	1507	1508	289.51	14.3081
MGG_07201T0	1925	1926	13911	538.298
MGG_13656T0	2378	2379	15826	495.79
MGG_14732T0	459	460	38	6.15668
MGG_03704T0	1122	1123	1275	84.6157
MGG_09017T0	2260	2261	1028.54	33.9033
MGG_03244T0	1968	1969	8536	323.094
MGG_05064T0	900	901	3391.76	280.557
MGG_06132T0	952	953	339.196	26.5264
MGG_05500T0	1785	1786	13	0.542479
MGG_07203T0	2414	2415	2992	92.3347
MGG_08860T0	1266	1267	405.893	23.8757
MGG_17264T0	1668	1669	529	23.6222
MGG_13483T0	1785	1786	1043	43.5235
MGG_07213T1	4395	4396	243.356	4.12577
MGG_07213T0	4366	4367	613.644	10.4726
MGG_08703T0	3660	3661	20	0.407147
MGG_04868T0	2920	2921	692.947	17.6803
MGG_16612T0	252	253	234.358	69.0368
MGG_09843T0	690	691	0	0
MGG_04401T0	2180	2181	757	25.8679
MGG_17619T0	534	535	88.5189	12.3311
MGG_12177T0	2281	2282	59	1.92689
MGG_16790T0	674	675	1699.79	187.677
MGG_00258T0	2129	2130	27	0.944724
MGG_00929T0	3821	3822	3342	65.1683
MGG_08671T0	873	874	0	0
MGG_10394T0	1710	1711	3	0.130675
MGG_06172T0	1666	1667	2666.45	119.212
MGG_17452T0	4223	4224	1246	21.9844
MGG_16341T0	3793	3794	26353	517.671
MGG_13286T0	1536	1537	114	5.52779
MGG_05902T0	1215	1216	123	7.53863
MGG_10192T0	3903	3904	11247	214.708
MGG_12614T0	1101	1102	11354	767.871
MGG_08265T0	2271	2272	11	0.360832
MGG_17396T0	426	427	37	6.45795
MGG_16475T0	342	343	0	0
MGG_14552T0	819	820	131	11.9063
MGG_11247T0	1443	1444	933	48.1543
MGG_06135T0	1842	1843	3747	151.523
MGG_05406T0	663	664	23	2.58155
MGG_18067T0	180	181	0	0
MGG_06933T0	1394	1395	8525	455.45
MGG_00612T0	1849	1850	690	27.797
MGG_18116T0	687	688	8	0.866607
MGG_15197T0	321	322	3	0.694362
MGG_05095T0	4901	4902	1346	20.4641
MGG_03561T0	1528	1529	706	34.4126
MGG_00604T0	1848	1849	22722	915.863
MGG_00210T0	1358	1359	902	49.4661
MGG_16718T0	1915	1916	76459	2974.09
MGG_17460T0	737	738	23	2.32269
MGG_13800T0	3736	3737	459	9.15399
MGG_16164T0	291	292	0	0
MGG_13526T0	3457	3458	3400	73.2782
MGG_10647T0	1122	1123	20	1.32731
MGG_12678T0	1502	1503	194	9.61974
MGG_15536T0	7988	7989	2333	21.7642
MGG_14849T0	556	557	215	28.7676
MGG_09890T0	363	364	370	75.7567
MGG_02004T0	582	583	41	5.24126
MGG_03401T0	9278	9279	2673	21.4693
MGG_00607T0	1347	1348	457	25.2666
MGG_07703T0	892	893	256	21.3653
MGG_04540T0	1725	1726	992	42.8343
MGG_02155T0	831	832	0	0
MGG_02540T0	1967	1968	11874	449.669
MGG_10508T0	1699	1700	50	2.19201
MGG_06699T0	3377	3378	788	17.3855
MGG_15337T0	225	226	0	0
MGG_09263T0	5498	5499	3960.9	53.6823
MGG_00576T0	846	847	102	8.97506
MGG_02350T0	927	928	0	0
MGG_17457T0	381	382	57	11.1207
MGG_03150T0	1957	1958	3187.88	121.342
MGG_15056T0	429	430	3	0.519964
MGG_08395T0	1712	1713	196	8.52745
MGG_01794T0	2023	2024	3365	123.907
MGG_08826T1	4209	4210	4282.41	75.8101
MGG_08826T0	4486	4487	995.589	16.5366
MGG_06121T0	4074	4075	1326.29	24.2566
MGG_00818T0	1449	1450	513	26.3676
MGG_07904T0	387	388	0	0
MGG_03382T0	1935	1936	0	0
MGG_01560T0	942	943	118	9.32591
MGG_17627T0	1251	1252	21	1.25007
MGG_03469T0	1168	1169	533	33.9808
MGG_13068T0	1954	1955	1591	60.6519
MGG_04582T0	2245	2246	6797	225.542
MGG_15748T0	1862	1863	193.446	7.73868
MGG_04200T0	1041	1042	1650.31	118.037
MGG_12477T0	2078	2079	610	21.8673
MGG_07667T0	2118	2119	2581	90.7774
MGG_07604T0	1002	1003	254	18.8735
MGG_15313T0	3871	3872	717	13.8008
MGG_17150T0	816	817	73	6.65919
MGG_12832T0	2617	2618	3852	109.657
MGG_00696T0	1814	1815	575.073	23.6139
MGG_05442T0	1470	1471	113	5.72514
MGG_12634T0	1505	1506	581.569	28.7804
MGG_05673T0	1736	1737	9276	397.999
MGG_05403T0	315	316	0	0
MGG_00274T0	1088	1089	1354.96	92.73
MGG_01080T0	5419	5420	187.002	2.57139
MGG_11544T0	398	399	1	0.186787
MGG_14668T0	421	422	38	6.71107
MGG_01005T0	1155	1156	4402	283.8
MGG_01711T0	2499	2500	2309.35	68.8447
MGG_16243T0	4550	4551	577.362	9.45501
MGG_16243T1	4483	4484	812.638	13.5068
MGG_03087T0	1977	1978	9139	344.344
MGG_04472T0	4560	4561	1136	18.5626
MGG_08850T0	2894	2895	6261	161.182
MGG_15258T0	741	742	240	24.1062
MGG_16260T0	1703	1704	107	4.67988
MGG_12892T0	1092	1093	9365	638.57
MGG_17342T0	1174	1175	158	10.0217
MGG_09182T0	813	814	7	0.640906
MGG_00856T0	3960	3961	2640.9	49.6898
MGG_08611T0	1581	1582	1483	69.8643
MGG_16065T0	426	427	0	0
MGG_16216T0	318	319	205	47.8943
MGG_09604T0	1197	1198	393	24.4487
MGG_16524T0	201	202	5	1.84476
MGG_09996T0	672	673	24	2.65777
MGG_17099T0	165	166	8	3.59172
MGG_04763T0	444	445	1	0.167479
MGG_00419T0	1659	1660	3	0.13469
MGG_08303T0	3011	3012	4546	112.485
MGG_07246T0	600	601	7	0.868049
MGG_14830T0	357	358	10	2.08179
MGG_06380T0	5915	5916	1613	20.3201
MGG_01288T0	1885	1886	16832	665.143
MGG_01994T0	1761	1762	699	29.566
MGG_02456T0	3936	3937	568.21	10.7563
MGG_02456T1	4424	4425	938.79	15.8116
MGG_15214T0	699	700	2	0.212938
MGG_15083T0	2763	2764	1030	27.7728
MGG_06951T0	1787	1788	2679	111.667
MGG_01009T0	1413	1414	5274	277.979
MGG_06530T0	1645	1646	10505.3	475.663
MGG_03173T0	2196	2197	1661	56.3456
MGG_16515T0	393	394	177	33.4809
MGG_15282T0	2225	2226	171	5.72521
MGG_11513T0	2328	2329	19136	612.354
MGG_08025T0	5742	5743	28	0.363362
MGG_06617T0	5053	5054	462	6.81283
MGG_01246T0	988	989	63	4.7475
MGG_06346T0	3372	3373	1729	38.2032
MGG_12822T0	2119	2120	1989	69.9229
MGG_15745T0	2517	2518	1206.61	35.7135
MGG_13216T0	963	964	691	53.4222
MGG_01632T0	3256	3257	1737.16	39.7506
MGG_04734T0	348	349	2	0.427096
MGG_01487T0	1438	1439	5	0.258958
MGG_02744T0	2454	2455	560	17.0003
MGG_01596T1	2070	2071	4128.49	148.57
MGG_01596T0	3019	3020	2420.51	59.734
MGG_04547T0	675	676	50	5.51244
MGG_06066T0	3844	3845	10685	207.109
MGG_08288T0	2118	2119	1303	45.8283
MGG_00669T0	2356	2357	226	7.14611
MGG_16575T0	1095	1096	0	0
MGG_01945T0	721	722	2.01616	0.208117
MGG_14155T0	873	874	0	0
MGG_10379T0	4795	4796	674	10.4737
MGG_17479T0	451	452	12	1.97863
MGG_16732T0	168	169	10	4.40995
MGG_16186T0	1918	1919	613	23.8071
MGG_06972T0	675	676	64	7.05593
MGG_06527T0	4836	4837	26	0.400606
MGG_07489T0	1393	1394	9797	523.783
MGG_15357T0	1708	1709	46	2.00603
MGG_12776T0	2190	2191	875	29.7637
MGG_16884T0	246	247	1	0.301734
MGG_01577T0	2754	2755	1141	30.8663
MGG_04378T0	2279	2280	596	19.4819
MGG_15064T0	564	565	263	34.6919
MGG_04377T0	4822	4823	940	14.5255
MGG_09389T0	1561	1562	2207	105.303
MGG_15670T0	2612	2613	575	16.4002
MGG_10107T0	1212	1213	85	5.2225
MGG_01021T0	2033	2034	1045	38.2901
MGG_17950T0	380	381	0	0
MGG_13660T0	1098	1099	583	39.5359
MGG_06622T0	1421	1422	0	0
MGG_16704T0	561	562	328	43.4969
MGG_13931T1	1979	1980	330.29	12.4323
MGG_13931T0	2152	2153	363.71	12.5902
MGG_05014T0	2393	2394	651.66	20.287
MGG_09402T0	624	625	76	9.06263
MGG_15824T0	886	887	125	10.5028
MGG_07228T0	2451	2452	8	0.243159
MGG_04990T0	2248	2249	1620	53.6842
MGG_06915T0	1273	1274	4389.91	256.807
MGG_16952T0	1005	1006	0	0
MGG_02806T0	2073	2074	10746	386.152
MGG_04805T0	1728	1729	709.051	30.5635
MGG_13617T0	4055	4056	6	0.110249
MGG_10633T0	1347	1348	3003	166.03
MGG_08167T0	1812	1813	1697.48	69.7795
MGG_02603T0	1272	1273	279	16.3341
MGG_00716T0	1740	1741	431	18.4501
MGG_16951T0	501	502	15	2.22694
MGG_14002T0	1671	1672	10	0.445743
MGG_14001T0	2047	2048	222	8.07874
MGG_08828T0	2055	2056	222	8.04731
MGG_12942T0	195	196	73	27.758
MGG_01466T0	2615	2616	1180.14	33.6213
MGG_01466T1	2498	2499	7156.86	213.441
MGG_07867T0	1338	1339	0	0
MGG_01785T0	1364	1365	825.279	45.0598
MGG_05821T0	357	358	0	0
MGG_06441T0	2121	2122	35	1.22926
MGG_07357T0	558	559	0	0
MGG_06119T0	2284	2285	224.463	7.32116
MGG_16363T0	341	342	0	0
MGG_09280T0	786	787	34	3.21977
MGG_15212T0	432	433	0	0
MGG_10879T0	3954	3955	1481	27.908
MGG_15618T1	304	305	6	1.46613
MGG_15618T0	282	283	16	4.21361
MGG_01947T0	1482	1483	0	0
MGG_15253T0	1816	1817	600.427	24.6278
MGG_12489T0	1554	1555	0	0
MGG_16667T0	279	280	1	0.266172
MGG_16466T0	597	598	9	1.12166
MGG_15978T0	1062	1063	0	0
MGG_04762T0	915	916	41	3.33587
MGG_12707T0	2269	2270	1766	57.981
MGG_02979T0	884	885	0	0
MGG_00501T0	2810	2811	18314	485.56
MGG_17964T0	249	250	0	0
MGG_10587T0	1997	1998	186.891	6.9713
MGG_10727T0	2141	2142	41	1.42654
MGG_17286T0	3464	3465	32	0.688284
MGG_16954T0	156	157	0	0
MGG_15459T0	380	381	0	0
MGG_09631T0	1851	1852	0	0
MGG_15582T0	1464	1465	711	36.1703
MGG_08300T0	936	937	2700	214.756
MGG_05979T0	1647	1648	1036	46.8515
MGG_03766T0	1742	1743	17	0.726896
MGG_07795T0	1701	1702	299	13.0928
MGG_11471T0	462	463	0	0
MGG_10816T0	1977	1978	508.649	19.1652
MGG_02695T0	2166	2167	7427	255.432
MGG_17223T0	711	712	0	0
MGG_01433T0	3092	3093	186.712	4.49896
MGG_16560T0	612	613	0	0
MGG_16252T0	381	382	17	3.3167
MGG_08814T0	2426	2427	2156.31	66.216
MGG_07345T0	915	916	0	0
MGG_03612T0	2246	2247	1940.95	64.3771
MGG_07905T0	5922	5923	0	0
MGG_00422T0	894	895	22	1.83198
MGG_02336T0	981	982	7	0.53126
MGG_00418T0	348	349	0	0
MGG_01569T0	1382	1383	884	47.6377
MGG_17089T0	174	175	6	2.55525
MGG_03806T0	912	913	0	0
MGG_01324T0	2844	2845	2204.26	57.7433
MGG_10789T0	648	649	0	0
MGG_08629T0	690	691	10	1.07856
MGG_00952T0	2169	2170	1117.38	38.3762
MGG_05070T0	1224	1225	6117	372.154
MGG_04523T0	2847	2848	562.606	14.7226
MGG_13454T0	1239	1240	78	4.68806
MGG_06733T0	3154	3155	1632.65	38.5669
MGG_13398T0	1516	1517	1097.34	53.9107
MGG_16254T0	183	184	2	0.810089
MGG_02457T0	1966	1967	8471	320.96
MGG_04309T0	2031	2032	0	0
MGG_05329T0	1688	1689	1215.59	53.6386
MGG_01111T0	258	259	6325	1820.04
MGG_03346T0	1591	1592	1269	59.4072
MGG_16637T0	782	783	3	0.285549
MGG_08054T0	2040	2041	356.864	13.0311
MGG_10010T0	1305	1306	0	0
MGG_06725T0	2582	2583	1294	37.3362
MGG_00928T0	5717	5718	1575	20.5285
MGG_00751T0	1797	1798	369	15.2953
MGG_04752T0	1121	1122	12357	820.806
MGG_04529T0	1420	1421	2010	105.42
MGG_03479T0	1319	1320	1914.57	108.098
MGG_01347T0	1275	1276	1259	73.5353
MGG_11181T0	4850	4851	1720	26.4252
MGG_15788T0	1335	1336	3	0.167354
MGG_15744T0	309	310	11	2.64455
MGG_06350T0	4080	4081	1806.24	32.986
MGG_06350T1	4181	4182	144.789	2.58031
MGG_01120T0	2756	2757	314.214	8.49394
MGG_07389T0	1513	1514	2474	121.785
MGG_04772T0	948	949	7243	568.818
MGG_06336T0	2000	2001	6232	232.114
MGG_09900T0	1263	1264	1398.23	82.443
MGG_03373T0	2297	2298	992	32.1723
MGG_00852T0	3096	3097	2802	67.4291
MGG_16868T0	1398	1399	1117.58	59.5363
MGG_17753T0	1383	1384	0	0
MGG_07685T0	366	367	8	1.62459
MGG_17437T0	955	956	1630	127.072
MGG_03685T0	1029	1030	1310	94.7883
MGG_09493T0	4237	4238	5974.71	105.069
MGG_15794T0	210	211	80.1712	28.3176
MGG_03191T0	3640	3641	2024.16	41.4329
MGG_08660T0	1311	1312	49	2.78345
MGG_08593T0	2183	2184	5195	177.278
MGG_02952T0	891	892	6272	524.037
MGG_13585T0	1045	1046	0	0
MGG_05942T0	2036	2037	1638	59.9299
MGG_06123T0	861	862	2	0.172919
MGG_07487T0	4983	4984	2599	38.8641
MGG_04844T0	2784	2785	518	13.862
MGG_04485T0	1234	1235	846	51.0533
MGG_12836T0	3012	3013	3276	81.0337
MGG_08257T0	3039	3040	871.439	21.3641
MGG_08257T1	2991	2992	51.5606	1.28433
MGG_07067T0	2153	2154	44	1.5224
MGG_10835T0	1390	1391	6685	358.175
MGG_02929T0	789	790	10	0.943395
MGG_16961T0	3768	3769	36.0478	0.712808
MGG_00620T0	2115	2116	2368	83.404
MGG_03657T0	1334	1335	759.335	42.3909
MGG_17966T0	150	151	1	0.493564
MGG_02102T0	321	322	88	20.368
MGG_15949T0	237	238	3	0.939431
MGG_08615T0	1294	1295	187	10.762
MGG_09789T0	462	463	0	0
MGG_07482T0	2008	2009	226	8.38396
MGG_16856T0	207	208	4864	1742.81
MGG_05737T0	330	331	3246	730.872
MGG_16414T0	150	151	53	26.1589
MGG_10047T0	1089	1090	0	0
MGG_09873T0	1095	1096	4	0.272001
MGG_13732T0	1179	1180	0	0
MGG_12792T0	1173	1174	336	21.3301
MGG_15394T1	815	816	240.609	21.9757
MGG_15394T0	884	885	192.391	16.2018
MGG_07541T0	615	616	356	43.0715
MGG_16339T0	407	408	9	1.644
MGG_14097T0	2170	2171	20	0.68658
MGG_03759T0	2151	2152	1513	52.3983
MGG_13947T0	2032	2033	974.602	35.7282
MGG_13947T1	1514	1515	720.385	35.4383
MGG_03310T0	2040	2041	5275	192.619
MGG_16234T0	288	289	5	1.28942
MGG_05609T0	2262	2263	934	30.7598
MGG_03470T0	2127	2128	5631	197.213
MGG_16679T0	165	166	0	0
MGG_08918T0	2252	2253	233	7.70753
MGG_13289T0	240	241	3	0.927737
MGG_15126T0	425	426	132	23.0932
MGG_04916T0	216	217	41	14.0814
MGG_03771T0	1650	1651	2	0.0902825
MGG_17986T0	387	388	24	4.60999
MGG_16371T1	1122	1123	18.7256	1.24273
MGG_16371T0	1176	1177	1814.74	114.91
MGG_05644T0	2139	2140	4288	149.335
MGG_06415T0	1204	1205	130	8.04039
MGG_08491T0	366	367	0	0
MGG_06171T0	1173	1174	36	2.28536
MGG_16496T0	333	334	0	0
MGG_09882T0	3228	3229	12721	293.612
MGG_03656T0	3779	3780	513	10.1145
MGG_15507T0	228	229	0	0
MGG_02156T0	2688	2689	3124	86.5847
MGG_17334T0	387	388	0	0
MGG_14914T0	1872	1873	416.505	16.5731
MGG_06064T0	2487	2488	21517	644.543
MGG_01351T0	2391	2392	10369	323.07
MGG_16558T0	1182	1183	6.00328	0.378203
MGG_17521T0	333	334	50	11.1569
MGG_08005T0	2955	2956	573	14.4468
MGG_15852T0	3226	3227	1580	36.4904
MGG_04407T0	1948	1949	324	12.3895
MGG_13448T0	1360	1361	303.609	16.6256
MGG_09906T0	1495	1496	114	5.67929
MGG_18041T0	327	328	0	0
MGG_15584T0	332	333	15	3.35713
MGG_03195T0	1175	1176	1447	91.7027
MGG_18078T0	204	205	0	0
MGG_03419T0	1724	1725	706	30.5026
MGG_03154T0	2494	2495	4488	134.061
MGG_05880T0	1044	1045	74009	5278.24
MGG_04899T0	4655	4656	124	1.98486
MGG_01261T0	2760	2761	3861	104.221
MGG_04860T0	1590	1591	1480.02	69.3294
MGG_01731T0	1436	1437	149.488	7.75299
MGG_17371T0	1970	1971	2367	89.5019
MGG_06790T0	1059	1060	5	0.351548
MGG_12925T0	2288	2289	6945	226.124
MGG_00602T0	1820	1821	60222	2464.71
MGG_00429T0	1728	1729	85	3.66391
MGG_10657T0	1635	1636	530	24.1442
MGG_05883T1	4604	4605	99.1146	1.60409
MGG_05883T0	4681	4682	4816.65	76.6716
MGG_09302T0	1143	1144	869	56.6128
MGG_16212T0	1101	1102	266	17.9896
MGG_03489T0	390	391	34	6.48071
MGG_17447T0	279	280	6	1.59703
MGG_04775T1	5876	5877	1300.34	16.4901
MGG_04775T0	6665	6666	3286.66	36.746
MGG_04236T0	1001	1002	7501	557.92
MGG_16605T0	348	349	0	0
MGG_06236T0	822	823	5	0.452784
MGG_15097T0	12363	12364	0	0
MGG_03355T0	424	425	1	0.17536
MGG_00216T0	402	403	0	0
MGG_10445T0	2379	2380	56	1.7536
MGG_02795T0	2673	2674	5	0.139357
MGG_10665T0	1199	1200	976	60.6163
MGG_11429T0	2820	2821	3226.99	85.254
MGG_18095T0	459	460	0	0
MGG_14879T0	843	844	0	0
MGG_05708T0	1703	1704	1279	55.9399
MGG_18011T0	567	568	5	0.656058
MGG_02633T0	2134	2135	1262	44.0537
MGG_04727T0	4682	4683	2201	35.0281
MGG_02119T0	1510	1511	6	0.295943
MGG_04776T0	548	549	29	3.93683
MGG_15664T0	450	451	19	3.13977
MGG_11801T0	3189	3190	2331	54.4593
MGG_02236T0	411	412	0	0
MGG_14209T0	1527	1528	16	0.7804
MGG_13118T0	770	771	1.02773	0.0993447
MGG_07005T0	1638	1639	368	16.7336
MGG_18002T0	1703	1704	132	5.77331
MGG_16734T0	7314	7315	4289	43.6981
MGG_07101T0	2406	2407	7329	226.929
MGG_10759T0	435	436	0	0
MGG_00961T0	2057	2058	1818.53	65.8562
MGG_02098T0	2150	2151	2377	82.3587
MGG_11518T0	1284	1285	557	32.3052
MGG_16651T0	213	214	3	1.04479
MGG_00690T0	425	426	3	0.524847
MGG_01269T0	2726	2727	2545	69.5542
MGG_01633T0	2206	2207	672.389	22.7059
MGG_10000T0	1852	1853	106	4.26335
MGG_17003T0	2369	2370	4039.35	127.023
MGG_02727T0	651	652	2376	271.594
MGG_07132T0	2019	2020	2409	88.8804
MGG_10925T0	1837	1838	1133	45.9415
MGG_04510T0	1407	1408	0	0
MGG_09837T0	2902	2903	1953	50.139
MGG_15633T0	216	217	5	1.71724
MGG_06016T0	3819	3820	1667	32.5232
MGG_01773T0	2110	2111	2002.17	70.6861
MGG_15913T0	210	211	0	0
MGG_09479T0	3763	3764	1311	25.9582
MGG_07780T0	1459	1460	319	16.2839
MGG_06551T0	1029	1030	12	0.86829
MGG_02378T0	2721	2722	2563.94	70.2005
MGG_12886T0	1465	1466	252	12.8111
MGG_03249T0	1847	1848	1300.32	52.4406
MGG_16000T0	622	623	34	4.06735
MGG_04093T1	9730	9731	116.844	0.894889
MGG_04093T0	11402	11403	398.156	2.60229
MGG_16443T0	3686	3687	1146	23.165
MGG_06704T0	4488	4489	1505	24.9866
MGG_01172T0	5109	5110	1175	17.1371
MGG_08281T0	5583	5584	0	0
MGG_00787T0	1357	1358	31	1.70131
MGG_16992T0	642	643	6	0.695442
MGG_07456T0	2827	2828	3982.01	104.941
MGG_18008T0	348	349	71	15.1619
MGG_17473T0	2067	2068	464	16.722
MGG_11011T0	711	712	0	0
MGG_07772T0	1835	1836	76	3.08505
MGG_03910T0	2966	2967	458.595	11.5195
MGG_02429T0	399	400	375	69.8702
MGG_04910T0	261	262	743	211.353
MGG_01542T0	1634	1635	57	2.59823
MGG_05136T0	1200	1201	1811	112.382
MGG_15213T0	990	991	0	0
MGG_08801T0	1254	1255	474	28.1485
MGG_04487T0	1407	1408	788	41.7104
MGG_09765T0	1162	1163	1891	121.18
MGG_01221T0	2264	2265	19.5344	0.642765
MGG_07509T0	3437	3438	1769	38.348
MGG_09537T0	4957	4958	12839	192.995
MGG_02158T0	1119	1120	649	43.1864
MGG_05853T0	888	889	0	0
MGG_00806T0	8277	8278	611	5.50093
MGG_01469T0	4213	4214	3334	58.9647
MGG_08142T0	1305	1306	635	36.2369
MGG_06489T0	2184	2185	56	1.91011
MGG_03034T0	1717	1718	15	0.650712
MGG_01442T0	816	817	119	10.8554
MGG_06795T0	1467	1468	1283	65.136
MGG_03188T0	1111	1112	13543	907.676
MGG_13413T0	3919	3920	1437	27.3207
MGG_07273T0	2227	2228	1097.48	36.7116
MGG_12357T0	4865	4866	260	3.98219
MGG_09857T0	1423	1424	588	30.7743
MGG_02245T0	1248	1249	268	15.9916
MGG_06107T0	1208	1209	1724	106.275
MGG_11947T0	189	190	0	0
MGG_06023T0	1395	1396	174	9.28933
MGG_01893T0	1647	1648	660.959	29.8908
MGG_17914T0	183	184	4	1.62018
MGG_13692T0	261	262	0	0
MGG_16297T0	519	520	4	0.573294
MGG_08285T0	7083	7084	206	2.16725
MGG_04902T0	1310	1311	115.314	6.5554
MGG_17177T0	168	169	96.7308	42.6578
MGG_01732T0	1933	1934	692	26.6668
MGG_14685T0	543	544	62	8.49402
MGG_12891T0	1446	1447	118	6.07763
MGG_16549T0	687	688	357.683	38.7463
MGG_13912T0	1724	1725	9	0.388843
MGG_05813T0	1417	1418	2848.25	149.7
MGG_04021T0	1800	1801	547	22.6357
MGG_03962T0	1374	1375	294	15.9355
MGG_03477T0	1089	1090	4509	308.301
MGG_10027T0	3672	3673	69	1.40007
MGG_06029T0	2978	2979	255.957	6.40349
MGG_06719T0	2586	2587	6618	190.656
MGG_08688T0	1650	1651	322	14.5355
MGG_00592T0	2077	2078	67028	2403.98
MGG_03710T0	2541	2542	784	22.9859
MGG_16780T0	393	394	0	0
MGG_14801T0	2412	2413	872	26.9327
MGG_08082T0	1147	1148	1619	105.106
MGG_16189T0	150	151	0	0
MGG_03440T0	1085	1086	64	4.39209
MGG_12654T0	303	304	1	0.245159
MGG_10359T0	1248	1249	5238	312.553
MGG_04920T0	1417	1418	1329	69.8505
MGG_02787T0	2209	2210	219	7.38537
MGG_00868T0	2598	2599	4	0.114703
MGG_17236T0	279	280	0	0
MGG_14055T0	1377	1378	0	0
MGG_07736T0	2150	2151	2119	73.4195
MGG_06828T0	1491	1492	1173	58.5936
MGG_01209T0	4255	4256	8244	144.363
MGG_13946T0	1627	1628	5.01276	0.229479
MGG_06827T0	2955	2956	567	14.2955
MGG_07302T1	2235	2236	544.954	18.1639
MGG_07302T0	2436	2437	495.046	15.1395
MGG_05341T0	3705	3706	3181	63.9704
MGG_08764T0	793	794	110.74	10.3945
MGG_08764T1	1016	1017	179.26	13.1366
MGG_00549T0	1039	1040	1062.67	76.1527
MGG_16633T0	1466	1467	126.165	6.40957
MGG_16102T0	399	400	8.46251	1.57674
MGG_07472T0	2085	2086	1105	39.4792
MGG_08797T0	459	460	0	0
MGG_09332T0	1530	1531	39	1.8985
MGG_10319T0	1372	1373	4349	236.069
MGG_08777T0	2603	2604	174	4.98
MGG_06684T0	1943	1944	2126.57	81.5277
MGG_04119T0	1608	1609	772	35.7587
MGG_17283T0	234	235	0	0
MGG_15058T0	618	619	0	0
MGG_13662T0	1788	1789	0	0
MGG_18113T0	174	175	0	0
MGG_07995T0	771	772	0	0
MGG_17839T0	249	250	67	19.9736
MGG_16388T0	876	877	49.6497	4.21927
MGG_17949T0	393	394	9	1.70242
MGG_15730T0	471	472	21	3.31587
MGG_10157T0	2615	2616	427	12.165
MGG_04584T0	1630	1631	4190	191.461
MGG_16927T0	791	792	486	45.7332
MGG_16501T0	411	412	0	0
MGG_16452T0	276	277	11	2.9596
MGG_09816T0	1271	1272	162	9.4918
MGG_09629T0	570	571	0	0
MGG_03328T0	1532	1533	666	32.3782
MGG_15061T0	846	847	627	55.1702
MGG_02686T0	1377	1378	355	19.1999
MGG_17117T0	342	343	3	0.65185
MGG_12228T0	1182	1183	0	0
MGG_09573T0	788	789	1073.68	101.419
MGG_08809T0	1828	1829	1428.16	58.1949
MGG_05967T0	2575	2576	6	0.173591
MGG_15648T0	468	469	10	1.58909
MGG_02668T0	1366	1367	5255	286.5
MGG_17465T0	1713	1714	293.323	12.7543
MGG_17882T0	413	414	0	0
MGG_00972T0	1275	1276	676.725	39.5259
MGG_01856T0	1764	1765	514	21.704
MGG_15285T0	2447	2448	1976	60.1584
MGG_00798T0	2219	2220	16.4026	0.550655
MGG_10342T0	1536	1537	0	0
MGG_10590T0	3362	3363	815	18.0614
MGG_17676T0	288	289	12	3.0946
MGG_02065T1	2490	2491	20.0031	0.598474
MGG_02065T0	3135	3136	281.997	6.70176
MGG_14774T0	912	913	59	4.81617
MGG_07792T0	1155	1156	1038	66.9207
MGG_17304T0	222	223	0	0
MGG_07110T0	4032	4033	1503	27.7748
MGG_00045T0	1890	1891	255	10.0501
MGG_11627T0	495	496	0	0
MGG_07888T0	1993	1994	3	0.112129
MGG_08731T0	4032	4033	843	15.5783
MGG_08012T0	1942	1943	2212	84.8463
MGG_06412T0	1826	1827	41925.7	1710.26
MGG_03703T0	4321	4322	2889	49.8177
MGG_16652T0	488	489	5	0.762047
MGG_17023T0	1560	1561	2	0.0954878
MGG_08773T0	2083	2084	27	0.965577
MGG_05235T0	1790	1791	109	4.53578
MGG_05591T0	510	511	0	0
MGG_06157T0	2459	2460	705	21.3587
MGG_02612T0	1562	1563	5123	244.279
MGG_03302T0	2963	2964	1090	27.4075
MGG_08965T0	1737	1738	16.0902	0.689972
MGG_05709T0	4239	4240	7127.99	125.292
MGG_16062T0	450	451	0	0
MGG_16255T0	237	238	3	0.939431
MGG_03338T0	961	962	14	1.08461
MGG_11237T0	423	424	398	69.9581
MGG_07038T0	1019	1020	603	44.0593
MGG_09292T0	1911	1912	5952.41	232.02
MGG_03864T0	3642	3643	1807.01	36.9677
MGG_00232T0	150	151	0	0
MGG_08868T0	1275	1276	633	36.9721
MGG_05298T0	2661	2662	664	18.5901
MGG_16492T0	1074	1075	0	0
MGG_04651T0	1794	1795	1277	53.0209
MGG_06402T0	1236	1237	531.73	32.0363
MGG_01877T0	1479	1480	90	4.53212
MGG_00968T0	852	853	7787	680.365
MGG_16905T0	2563	2564	20	0.581343
MGG_09812T0	1821	1822	0	0
MGG_02408T0	3877	3878	2940	56.5015
MGG_12690T0	402	403	0	0
MGG_01743T0	2101	2102	4399	155.97
MGG_16546T0	381	382	0	0
MGG_02391T0	1903	1904	1548	60.5933
MGG_17383T0	192	193	10	3.86157
MGG_05284T0	5132	5133	2729	39.6235
MGG_05062T0	1780	1781	341	14.2696
MGG_17875T0	210	211	0	0
MGG_17827T0	1800	1801	548	22.6771
MGG_13404T0	1254	1255	541	32.1273
MGG_00931T0	2214	2215	0	0
MGG_02027T0	3255	3256	0	0
MGG_02114T0	2439	2440	111	3.39042
MGG_08496T0	1371	1372	5	0.271604
MGG_05351T0	1266	1267	11413	671.342
MGG_11650T0	603	604	0	0
MGG_14266T0	1735	1736	3969	170.393
MGG_04187T0	1485	1486	758.309	38.0319
MGG_03583T0	2534	2535	1583.44	46.5526
MGG_15240T0	318	319	36	8.41071
MGG_11244T0	1085	1086	1142	78.3713
MGG_05994T0	4700	4701	622.921	9.8756
MGG_16606T0	471	472	0	0
MGG_17929T0	375	376	2.02212	0.400811
MGG_00531T0	2734	2735	187	5.09571
MGG_10036T0	1881	1882	0	0
MGG_17802T0	1687	1688	4271	188.572
MGG_16454T1	341	342	2.81463	0.61336
MGG_16454T0	432	433	5.18537	0.89251
MGG_00439T0	1757	1758	182	7.71566
MGG_01139T0	1839	1840	820	33.2137
MGG_15299T0	2125	2126	13	0.455723
MGG_13269T0	1595	1596	27	1.26082
MGG_15756T0	336	337	42	9.28838
MGG_01861T0	1291	1292	202	11.6522
MGG_05854T0	1656	1657	0	0
MGG_01626T0	1476	1477	47	2.37158
MGG_09283T0	3038	3039	1632.9	40.0452
MGG_16583T0	222	223	0	0
MGG_04471T0	1644	1645	551	24.9636
MGG_03390T0	2183	2184	282	9.62315
MGG_17968T0	216	217	10	3.43448
MGG_09530T0	1724	1725	3087.09	133.377
MGG_17979T0	1162	1163	2523.37	161.704
MGG_07877T0	2464	2465	29	0.876802
MGG_07280T0	2226	2227	2176.88	72.8508
MGG_04995T0	5747	5748	2375	30.7941
MGG_06355T0	4085	4086	1676	30.5701
MGG_00837T0	3116	3117	806	19.2717
MGG_00141T0	4962	4963	20085	301.612
MGG_02416T0	3027	3028	820	20.1827
MGG_16773T0	424	425	11	1.92897
MGG_07440T0	2556	2557	251	7.31583
MGG_06472T0	1264	1265	3282.96	193.418
MGG_09363T0	2941	2942	665	16.8461
MGG_02454T0	1911	1912	830	32.3527
MGG_01279T0	4801	4802	4310	66.8923
MGG_06722T0	2041	2042	2234	81.5358
MGG_01342T0	4239	4240	1467	25.7861
MGG_10124T0	1615	1616	1487	68.5789
MGG_09931T0	4878	4879	1832	27.9844
MGG_06893T0	2746	2747	2854	77.4312
MGG_12967T0	1329	1330	6	0.336217
MGG_08100T0	1414	1415	615	32.3921
MGG_04494T0	3455	3456	1534	33.0805
MGG_01026T0	2084	2085	2950	105.448
MGG_17678T0	3688	3689	2790	56.3659
MGG_05041T0	1959	1960	98	3.72641
MGG_13697T0	1600	1601	694	32.3064
MGG_12765T0	1348	1349	277	15.3034
MGG_10402T0	1959	1960	12	0.456295
MGG_07548T0	1116	1117	0	0
MGG_06146T0	2504	2505	3470	103.239
MGG_04756T0	1940	1941	397	15.2435
MGG_12369T0	3163	3164	1336	31.4696
MGG_03022T0	1553	1554	33	1.58265
MGG_00253T0	2090	2091	833	29.6901
MGG_08259T0	3516	3517	2148	45.5179
MGG_05769T0	2130	2131	173	6.05039
MGG_12108T0	2578	2579	4271	123.424
MGG_05889T0	2662	2663	641	17.9394
MGG_05747T0	946	947	8	0.629594
MGG_09397T0	432	433	1	0.172121
MGG_08758T0	2257	2258	2420	79.8752
MGG_03319T0	5695	5696	3972.57	51.9784
MGG_02771T0	2774	2775	1872.98	50.3026
MGG_09355T0	6555	6556	50440	573.399
MGG_05592T0	1626	1627	74	3.38973
MGG_17197T0	881	882	48	4.05596
MGG_16387T0	402	403	3	0.554801
MGG_05993T0	2921	2922	981.079	25.0233
MGG_01683T0	1444	1445	800.327	41.2782
MGG_10293T0	1848	1849	42.6994	1.7211
MGG_10277T0	5071	5072	99	1.45471
MGG_06826T0	775	776	73	7.01103
MGG_16277T0	3684	3685	1357	27.445
MGG_15568T0	351	352	0	0
MGG_07632T0	1266	1267	39.3055	2.31205
MGG_02990T0	423	424	0	0
MGG_00401T0	795	796	32	2.99611
MGG_16555T0	1128	1129	10.3742	0.684825
MGG_04105T0	831	832	2268	203.161
MGG_18098T0	4249	4250	82.2437	1.44223
MGG_16896T0	607	608	7.12143	0.872939
MGG_03138T0	4218	4219	796	14.0613
MGG_05618T0	3451	3452	1287.68	27.8009
MGG_05437T0	733	734	195	19.7997
MGG_07156T0	2859	2860	1663.9	43.3592
MGG_00934T0	3658	3659	803.734	16.3708
MGG_17226T0	279	280	0	0
MGG_09049T0	686	687	2	0.216967
MGG_04662T0	1610	1611	510.501	23.6168
MGG_11728T0	971	972	546	41.8646
MGG_11533T0	1656	1657	544	24.4679
MGG_08812T0	720	721	170	17.5725
MGG_12268T0	3081	3082	3660	88.5053
MGG_17829T0	1584	1585	2226	104.669
MGG_00033T0	1605	1606	17	0.788904
MGG_07520T0	1080	1081	37	2.55092
MGG_00532T0	2432	2433	391	11.9772
MGG_11231T0	3581	3582	81	1.68531
MGG_13349T0	1668	1669	2492.4	111.296
MGG_09099T0	1005	1006	24	1.77801
MGG_01708T0	1932	1933	464.223	17.8984
MGG_07557T0	937	938	58	4.60835
MGG_00805T0	4226	4227	2153.31	37.966
MGG_16949T0	201	202	0	0
MGG_06195T0	2615	2616	1587	45.2126
MGG_05387T0	431	432	0	0
MGG_05387T1	898	899	0	0
MGG_16969T0	1548	1549	1452.49	69.8848
MGG_03988T0	1798	1799	10	0.414276
MGG_10306T0	1202	1203	1636	101.353
MGG_14756T0	1194	1195	120.5	7.51519
MGG_15112T0	414	415	10	1.79586
MGG_03415T0	3300	3301	103	2.32548
MGG_10957T0	1718	1719	6670	289.182
MGG_06728T0	2565	2566	284.204	8.25457
MGG_08349T0	1257	1258	105	6.22056
MGG_15766T0	189	190	1	0.392254
MGG_07369T0	1236	1237	147	8.85663
MGG_17412T0	324	325	5	1.14659
MGG_03233T0	2046	2047	260	9.46621
MGG_16465T0	2387	2388	24	0.749027
MGG_01795T0	4116	4117	1959	35.4629
MGG_02063T0	790	791	13	1.22486
MGG_12506T0	1677	1678	180	7.99468
MGG_03090T0	2357	2358	1127	35.6206
MGG_01060T0	1340	1341	88.0392	4.89292
MGG_15906T0	2396	2397	124.081	3.85797
MGG_11257T0	1291	1292	1463.38	84.414
MGG_10854T0	1757	1758	10384	440.217
MGG_06755T0	3364	3365	158	3.49939
MGG_01235T0	2068	2069	2904	104.606
MGG_15338T0	303	304	3	0.735476
MGG_10896T0	1829	1830	3	0.122177
MGG_06569T0	3942	3943	7172	135.561
MGG_06747T0	1399	1400	131	6.97371
MGG_05522T0	1437	1438	277.35	14.3744
MGG_14882T0	1269	1270	872	51.1721
MGG_08843T0	3292	3293	7061	159.807
MGG_05111T0	2731	2732	3988	108.792
MGG_14717T0	1217	1218	107.454	6.57502
MGG_03623T0	1005	1006	95	7.03795
MGG_06731T0	1231	1232	619.536	37.478
MGG_12466T0	714	715	306.381	31.9357
MGG_09183T0	438	439	0	0
MGG_06777T0	1797	1798	66	2.73574
MGG_15878T0	543	544	156	21.3721
MGG_11400T0	2104	2105	1495	52.931
MGG_06868T0	2646	2647	12750	358.986
MGG_02241T0	949	950	972	76.2541
MGG_10529T0	2832	2833	986	25.9389
MGG_13904T0	312	313	0	0
MGG_08145T0	1444	1445	1753.54	90.4418
MGG_04643T0	2015	2016	1122	41.4785
MGG_00054T0	1509	1510	17	0.839059
MGG_15216T0	900	901	17	1.40619
MGG_00947T0	1496	1497	206	10.2557
MGG_02103T0	938	939	409	32.4622
MGG_02516T0	2010	2011	1982	73.4535
MGG_09463T0	1503	1504	682	33.7954
MGG_07286T0	2939	2940	841	21.3191
MGG_02000T0	1997	1998	416.433	15.5335
MGG_08657T0	624	625	0	0
MGG_14589T0	552	553	0	0
MGG_06542T0	2018	2019	1132	41.786
MGG_06479T0	393	394	4696	888.285
MGG_10968T0	372	373	0	0
MGG_10126T0	2685	2686	3302.29	91.6284
MGG_00292T0	1250	1251	22	1.31065
MGG_15992T0	726	727	41	4.2031
MGG_10481T0	5382	5383	13	0.179986
MGG_10481T1	5709	5710	0	0
MGG_08823T0	2374	2375	4497	141.117
MGG_00800T0	3340	3341	9255	206.453
MGG_12876T0	2095	2096	1468.09	52.2013
MGG_08211T0	2918	2919	1391.99	35.5405
MGG_14917T0	1032	1033	53	3.82381
MGG_14819T0	894	895	0	0
MGG_07884T0	1026	1027	16	1.1611
MGG_06807T0	1428	1429	499	26.0249
MGG_16247T0	4543	4544	393	6.44577
MGG_07593T0	1527	1528	182	8.87705
MGG_11610T0	529	530	19	2.67177
MGG_08041T0	852	853	1660	145.037
MGG_06397T0	5041	5042	2242.9	33.1533
MGG_10308T0	1929	1930	1978.68	76.408
MGG_05318T0	2550	2551	1951	56.999
MGG_13996T0	195	196	141	53.6147
MGG_00539T0	1092	1093	3226	219.971
MGG_17046T0	258	259	1	0.287754
MGG_17026T0	1713	1714	238.405	10.3663
MGG_12481T0	537	538	20	2.77057
MGG_03661T0	2131	2132	1999.56	69.8984
MGG_00904T0	1496	1497	1975	98.3255
MGG_06381T0	1698	1699	833	36.5403
MGG_02950T0	933	934	144	11.4904
MGG_07424T0	1260	1261	21	1.24115
MGG_01468T0	9284	9285	2073	16.6394
MGG_17821T0	4531	4532	592.461	9.74296
MGG_07861T0	1761	1762	4	0.16919
MGG_07591T0	306	307	0	0
MGG_09998T0	369	370	96	19.337
MGG_07210T0	1775	1776	72	3.02141
MGG_16315T0	2330	2331	985	31.493
MGG_04317T0	2211	2212	902	30.3908
MGG_15697T0	183	184	53	21.4674
MGG_10720T0	1103	1104	1290	87.0846
MGG_07561T0	3894	3895	4085	78.1637
MGG_01327T0	2305	2306	770	24.8858
MGG_09320T0	4316	4317	217	3.74626
MGG_00989T0	504	505	21	3.09919
MGG_00882T0	2809	2810	1194	31.6679
MGG_17595T0	1858	1859	978	39.2085
MGG_16085T0	228	229	11.8786	3.8659
MGG_09985T0	1419	1420	856	44.9269
MGG_10245T0	1039	1040	0	0
MGG_07229T0	2318	2319	1827	58.7163
MGG_15809T0	1126	1127	951	62.8894
MGG_11474T0	2402	2403	361	11.1963
MGG_15791T0	1380	1381	0	0
MGG_15249T0	1226	1227	0	0
MGG_10049T0	1240	1241	286	17.1757
MGG_10609T0	1653	1654	802	36.1376
MGG_17689T0	2032	2033	212	7.77176
MGG_00836T0	767	768	40	3.88168
MGG_02758T0	858	859	698	60.5596
MGG_16006T0	831	832	0	0
MGG_11596T0	1186	1187	1036.75	65.0943
MGG_11286T0	1269	1270	956	56.1016
MGG_05335T0	879	880	1204	101.968
MGG_17645T0	486	487	0	0
MGG_06709T0	3287	3288	6580	149.147
MGG_08798T0	666	667	0	0
MGG_15986T0	981	982	361.943	27.4694
MGG_15986T1	958	959	953.448	74.0967
MGG_04694T0	944	945	1499	118.22
MGG_04090T0	2861	2862	9203	239.652
MGG_02619T0	3746	3747	1168	23.2316
MGG_03980T0	1181	1182	2323.78	146.521
MGG_06910T0	2755	2756	6384	172.637
MGG_09298T0	977	978	616.148	46.9534
MGG_12366T0	752	753	71.9785	7.12408
MGG_03267T0	1826	1827	868.382	35.4236
MGG_11741T0	3086	3087	84	2.02798
MGG_18136T0	1335	1336	66	3.68178
MGG_03495T0	960	961	23	1.78371
MGG_03311T0	2148	2149	610	21.1551
MGG_10367T0	798	799	0	0
MGG_06263T0	2014	2015	9928	367.204
MGG_01825T0	2462	2463	5720	173.082
MGG_03057T0	1389	1390	1270	68.0941
MGG_09456T0	1506	1507	1721	85.1115
MGG_03967T0	1521	1522	45	2.20353
MGG_03604T0	874	875	1181.99	100.676
MGG_03503T0	1069	1070	21	1.4627
MGG_14858T0	1199	1200	1213.77	75.3834
MGG_13439T0	963	964	2017	155.937
MGG_06652T0	2947	2948	198	5.00563
MGG_15297T0	1330	1331	29.0038	1.62405
MGG_06490T0	666	667	17	1.89952
MGG_17682T0	933	934	220	17.5548
MGG_00080T0	621	622	346	41.4578
MGG_13493T0	1978	1979	807	30.3912
MGG_16666T0	707	708	0	0
MGG_16180T0	1232	1233	3.10339	0.187583
MGG_08314T0	3570	3571	698	14.5675
MGG_01727T0	4317	4318	807	13.9287
MGG_02308T0	1413	1414	2060.99	108.63
MGG_05587T0	2753	2754	1402	37.9407
MGG_06994T0	1709	1710	4705	205.062
MGG_14369T0	177	178	170	71.1786
MGG_12397T0	2540	2541	1462	42.8809
MGG_07463T0	1966	1967	376	14.2464
MGG_04964T0	1581	1582	1364	64.2582
MGG_07134T1	2031	2032	946.102	34.7004
MGG_07134T0	2127	2128	1006.9	35.2642
MGG_13435T0	2930	2931	3230	82.1311
MGG_10820T0	3051	3052	1043	25.4695
MGG_10563T0	2473	2474	0	0
MGG_10563T1	2386	2387	106	3.30959
MGG_13220T0	2950	2951	283.322	7.15536
MGG_13220T1	2002	2003	3518.68	130.924
MGG_03824T0	1872	1873	3679	146.39
MGG_00943T0	2029	2030	2535	93.0685
MGG_01088T0	2301	2302	1965	63.6177
MGG_05888T0	1989	1990	3196	119.695
MGG_16483T0	660	661	27.5225	3.10318
MGG_03512T0	1548	1549	3402	163.683
MGG_08810T0	3205	3206	2257.59	52.4809
MGG_05270T0	1812	1813	193	7.93378
MGG_03868T0	1012	1013	1134	83.4304
MGG_17680T0	767	768	118	11.4509
MGG_01845T0	399	400	951	177.191
MGG_17624T0	378	379	4	0.786577
MGG_03460T0	1065	1066	414	28.9444
MGG_11908T0	1497	1498	730	36.3188
MGG_02892T0	2921	2922	515	13.1355
MGG_01380T0	1293	1294	5159	297.134
MGG_01452T0	3746	3747	2881	57.3034
MGG_12551T0	987	988	295	22.2529
MGG_09784T0	6044	6045	2059	25.3852
MGG_05231T0	915	916	606	49.3058
MGG_02757T0	3704	3705	1931	38.8432
MGG_01900T0	444	445	5	0.837396
MGG_08462T0	1857	1858	1168	46.8509
MGG_03966T0	3524	3525	5	0.105714
MGG_17486T0	4306	4307	616	10.6592
MGG_15927T0	1755	1756	0	0
MGG_13868T0	348	349	0	0
MGG_10231T0	312	313	0	0
MGG_16382T0	861	862	19	1.64273
MGG_17354T0	183	184	0	0
MGG_07662T0	1938	1939	7	0.269055
MGG_05899T0	3392	3393	906	19.9005
MGG_09073T0	2935	2936	57	1.4469
MGG_17739T0	174	175	0	0
MGG_03541T0	258	259	93	26.7611
MGG_16529T0	228	229	3	0.976352
MGG_07146T0	3099	3100	1223	29.4026
MGG_12291T0	2465	2466	24	0.725335
MGG_08353T0	510	511	29	4.22959
MGG_10583T0	1817	1818	230	9.42876
MGG_17647T0	318	319	172.05	40.1962
MGG_08576T0	327	328	2	0.45444
MGG_08981T0	1233	1234	1369	82.6816
MGG_10506T0	1782	1783	717	29.9701
MGG_06413T0	1880	1881	421.279	16.6917
MGG_02728T0	2088	2089	4337	154.729
MGG_17508T0	1795	1796	621	25.7695
MGG_08037T0	810	811	75	6.89225
MGG_18093T0	252	253	0	0
MGG_00356T0	4131	4132	1795	32.3761
MGG_11502T0	2088	2089	197	7.02827
MGG_16681T0	1285	1286	1928	111.734
MGG_06260T0	3178	3179	57	1.3363
MGG_15920T0	141	142	0	0
MGG_06857T0	1994	1995	234	8.74165
MGG_04318T0	898	899	120	9.94815
MGG_15918T0	303	304	7.11998	1.74552
MGG_15353T0	2154	2155	15	0.518758
MGG_17895T0	1872	1873	77	3.06389
MGG_16962T0	390	391	83	15.8206
MGG_04358T0	1553	1554	565	27.0968
MGG_00184T0	3615	3616	3245	66.8817
MGG_07954T0	1017	1018	15	1.09816
MGG_09527T0	2242	2243	190244	6321.24
MGG_15509T0	1831	1832	1072.26	43.6211
MGG_02980T0	3436	3437	274.361	5.94926
MGG_04992T0	3942	3943	13	0.245718
MGG_02507T0	2810	2811	115	3.049
MGG_08339T0	2534	2535	333.912	9.8169
MGG_17774T0	372	373	1	0.199808
MGG_16813T0	1417	1418	1	0.0525587
MGG_04433T0	4790	4791	2894	45.0187
MGG_16211T0	1407	1408	98.8544	5.23256
MGG_00926T0	3785	3786	236	4.64571
MGG_01331T0	2888	2889	1096	28.2738
MGG_09529T0	678	679	1637.91	179.78
MGG_16556T0	676	677	661.616	72.8347
MGG_13993T0	1213	1214	10	0.613906
MGG_07498T0	1503	1504	6	0.29732
MGG_06738T0	1727	1728	2854	123.092
MGG_15396T0	1255	1256	151.573	8.99398
MGG_04142T0	1667	1668	1411.44	63.0646
MGG_10327T0	2688	2689	591.318	16.389
MGG_04110T0	1224	1225	3450	209.896
MGG_07868T0	1628	1629	2	0.0915018
MGG_04146T0	2436	2437	726	22.2025
MGG_03872T0	2714	2715	809	22.2075
MGG_08834T0	941	942	8535	675.264
MGG_16653T0	465	466	0	0
MGG_03436T0	767	768	2.05822	0.199734
MGG_17941T0	373	374	0	0
MGG_14938T0	150	151	130	64.1634
MGG_00824T0	2177	2178	0	0
MGG_07216T0	1048	1049	5990	425.571
MGG_17312T0	815	816	27	2.46601
MGG_02798T0	831	832	385	34.4872
MGG_00149T0	3183	3184	5906.99	138.266
MGG_00738T0	1355	1356	23	1.26412
MGG_02885T0	1053	1054	65	4.59614
MGG_08917T0	2489	2490	656	19.6347
MGG_14699T0	3461	3462	146	3.14302
MGG_11256T0	2145	2146	1258.62	43.7106
MGG_08190T0	1687	1688	5315.79	234.701
MGG_07886T0	288	289	0	0
MGG_10833T0	4392	4393	486.064	8.24618
MGG_08609T0	567	568	1	0.131212
MGG_10368T0	903	904	1	0.0824427
MGG_17445T0	393	394	0	0
MGG_01841T0	1661	1662	36	1.61433
MGG_08049T0	2561	2562	855	24.8718
MGG_01205T0	2686	2687	1611	44.6836
MGG_16286T0	2696	2697	2441	67.454
MGG_13834T0	1566	1567	303	14.411
MGG_15595T0	165	166	6	2.69379
MGG_11389T0	1846	1847	973	39.2615
MGG_04180T0	2183	2184	1721.42	58.7427
MGG_17075T0	1053	1054	5	0.353549
MGG_16801T0	549	550	19	2.57461
MGG_14728T0	2583	2584	1355	39.0812
MGG_06277T0	3327	3328	47	1.05253
MGG_02893T0	465	466	54	8.63632
MGG_09063T0	2753	2754	552	14.9381
MGG_14684T0	183	184	9	3.6454
MGG_06891T0	1191	1192	46	2.87609
MGG_03606T0	2171	2172	492.919	16.9136
MGG_15674T0	240	241	90	27.8321
MGG_05831T0	576	577	0	0
MGG_05198T0	3047	3048	502	12.2747
MGG_07148T0	1654	1655	3734	168.15
MGG_04012T0	1934	1935	3032	116.78
MGG_08380T0	1062	1063	0	0
MGG_04779T0	876	877	3359	285.451
MGG_05949T0	1542	1543	22941	1108.07
MGG_07367T0	1361	1362	128	7.00412
MGG_01620T0	2766	2767	3402	91.6317
MGG_01029T0	2463	2464	2284	69.0838
MGG_15779T0	366	367	15	3.04611
MGG_08105T0	3330	3331	925	20.6961
MGG_03638T0	1999	2000	549	20.458
MGG_16821T0	177	178	5	2.09349
MGG_02622T0	1842	1843	1036	41.8943
MGG_00865T0	7323	7324	17368	176.735
MGG_06745T0	1466	1467	530	26.9257
MGG_04455T0	953	954	8456	660.598
MGG_13582T0	1432	1433	14	0.728119
MGG_06465T0	5210	5211	614	8.78149
MGG_17158T0	303	304	0	0
MGG_07191T0	1698	1699	2052.26	90.0245
MGG_05792T0	360	361	1053	217.391
MGG_17610T0	705	706	174.327	18.4027
MGG_04708T1	3834	3835	1232.21	23.9464
MGG_04708T0	3909	3910	5051.79	96.2917
MGG_10130T0	468	469	0	0
MGG_00271T0	1288	1289	213.975	12.3718
MGG_00271T1	1294	1295	903.025	51.9697
MGG_00267T0	309	310	0	0
MGG_02418T0	3107	3108	5483	131.479
MGG_15204T0	1023	1024	14	1.01894
MGG_11185T0	2819	2820	3648	96.411
MGG_10938T0	1605	1606	352	16.335
MGG_10062T0	1254	1255	5	0.296925
MGG_00656T0	2475	2476	664	19.9866
MGG_01405T0	2808	2809	0	0
MGG_10271T0	3972	3973	6	0.112552
MGG_00908T0	2028	2029	9118	334.918
MGG_03696T0	2366	2367	6756.8	212.747
MGG_15533T0	216	217	98	33.6579
MGG_10073T0	318	319	0	0
MGG_10912T0	8104	8105	7	0.0643674
MGG_01480T0	769	770	1067	103.275
MGG_01211T0	1434	1435	4	0.207744
MGG_02827T0	1683	1684	135	5.97465
MGG_08307T0	2200	2201	2910	98.5357
MGG_07288T0	3715	3716	5915	118.631
MGG_09253T0	932	933	2749.09	219.598
MGG_05958T0	1379	1380	897.008	48.4438
MGG_15966T0	270	271	0	0
MGG_11047T0	3725	3726	994	19.8822
MGG_04598T0	384	385	160	30.9728
MGG_01378T0	6363	6364	3306	38.7163
MGG_17450T0	2063	2064	12127	437.889
MGG_04661T0	2405	2406	1556	48.1986
MGG_05247T0	3723	3724	82181	1644.68
MGG_02650T0	2017	2018	19	0.701703
MGG_17957T0	318	319	3	0.700892
MGG_17743T0	1394	1395	2098	112.086
MGG_17730T0	4171	4172	808.76	14.4476
MGG_07116T0	8622	8623	1936.87	16.7403
MGG_17422T0	267	268	10	2.7809
MGG_15286T0	276	277	30	8.07165
MGG_06417T0	2071	2072	2130	76.6144
MGG_05367T0	2577	2578	3265	94.3889
MGG_04100T0	6184	6185	1398	16.8457
MGG_01123T0	4087	4088	2514.32	45.8385
MGG_15917T0	366	367	0	0
MGG_10019T0	1695	1696	527	23.1582
MGG_17918T0	519	520	1	0.143323
MGG_02060T0	1338	1339	0	0
MGG_08541T0	1658	1659	5	0.224618
MGG_06976T0	684	685	25	2.72001
MGG_03569T0	2572	2573	6733	195.025
MGG_02256T0	1472	1473	3	0.151789
MGG_14135T0	1494	1495	364	18.146
MGG_11730T0	973	974	15	1.14777
MGG_09305T0	1572	1573	11	0.521176
MGG_16037T0	261	262	1	0.284459
MGG_08866T0	2624	2625	11947	339.196
MGG_01983T0	2057	2058	15	0.543209
MGG_07963T0	2819	2820	854	22.5699
MGG_00580T0	630	631	8	0.94489
MGG_07705T0	7599	7600	2453	24.055
MGG_07470T0	2457	2458	2396	72.6483
MGG_07919T0	693	694	5	0.536947
MGG_17824T0	1196	1197	163.081	10.1538
MGG_03932T0	1545	1546	724.146	34.909
MGG_07812T0	768	769	0	0
MGG_10361T0	792	793	374	35.1495
MGG_11098T0	1719	1720	4	0.173321
MGG_04560T0	2275	2276	1544	50.5587
MGG_12523T0	3498	3499	614	13.0781
MGG_08750T0	1387	1388	102	5.47686
MGG_01350T0	3415	3416	87	1.89811
MGG_09014T0	1611	1612	21	0.970901
MGG_03698T0	1970	1971	912	34.4849
MGG_16485T0	261	262	0	0
MGG_06634T0	3162	3163	3077	72.5018
MGG_01588T0	1533	1534	10742	521.892
MGG_03678T0	2517	2518	639.491	18.9278
MGG_05972T0	681	682	0	0
MGG_12158T0	4982	4983	2467	36.8977
MGG_09506T0	3008	3009	1600	39.6295
MGG_01485T0	3648	3649	1678	34.2719
MGG_11776T0	1497	1498	3063	152.39
MGG_13994T0	3014	3015	306.773	7.58316
MGG_02716T0	8456	8457	6198.86	54.6281
MGG_11907T0	2215	2216	3078	103.519
MGG_04351T0	1411	1412	1087.02	57.375
MGG_05314T0	2033	2034	1103.11	40.4194
MGG_10604T0	518	519	5068	727.763
MGG_05756T0	2501	2502	454.758	13.5461
MGG_06154T0	1737	1738	6080	260.72
MGG_08830T0	1373	1374	881	47.787
MGG_03636T0	1415	1416	170	8.9476
MGG_04026T0	1375	1376	206	11.1576
MGG_04837T0	2075	2076	1766	63.3992
MGG_17035T3	4787	4788	54.5655	0.849347
MGG_17035T0	3780	3781	235.671	4.64536
MGG_17035T2	3784	3785	353.498	6.96052
MGG_17035T1	4479	4480	1028.22	17.1052
MGG_06007T0	1569	1570	84	3.9875
MGG_15146T0	1800	1801	1179	48.7889
MGG_06459T0	3559	3560	6749.21	141.294
MGG_01364T0	3036	3037	1335	32.761
MGG_04531T0	2282	2283	1719	56.1165
MGG_15235T0	491	492	59	8.93733
MGG_00139T0	2794	2795	5322	141.91
MGG_16487T0	544	545	15	2.05124
MGG_10898T0	1317	1318	11.7666	0.66536
MGG_04928T0	690	691	3.01323	0.324993
MGG_01428T0	1926	1927	6247.56	241.629
MGG_15344T0	5163	5164	168	2.42462
MGG_09373T0	3052	3053	902	22.0191
MGG_09773T0	1494	1495	12	0.59822
MGG_07924T0	1701	1702	67	2.93384
MGG_17859T0	327	328	1	0.22722
MGG_00423T0	1107	1108	24	1.61433
MGG_06716T0	658	659	384	43.4277
MGG_02689T0	2700	2701	5249	144.835
MGG_09951T0	1551	1552	65.0756	3.12498
MGG_06588T0	2330	2331	78	2.49387
MGG_17282T0	833	834	14	1.25107
MGG_08450T0	2502	2503	22	0.655062
MGG_01047T0	2049	2050	492	17.8868
MGG_03170T0	2871	2872	457	11.8591
MGG_04937T0	507	508	66	9.6828
MGG_15868T0	1692	1693	6760.99	297.628
MGG_06878T0	3234	3235	3376	77.7766
MGG_05354T0	1065	1066	1	0.0699139
MGG_02803T0	587	588	596	75.5422
MGG_01243T0	1748	1749	138	5.88044
MGG_13277T0	858	859	25	2.16904
MGG_09276T0	2998	2999	73	1.81412
MGG_09474T0	504	505	23	3.39435
MGG_00170T0	1589	1590	2956	138.557
MGG_05037T0	1131	1132	14	0.921727
MGG_05175T0	1580	1581	639	30.1224
MGG_03140T0	3448	3449	232	5.01321
MGG_14760T0	620	621	11	1.32015
MGG_09555T0	2604	2605	343	9.81312
MGG_06035T0	657	658	2872	325.296
MGG_17294T0	1449	1450	33.537	1.72376
MGG_06254T0	3848	3849	363	7.02877
MGG_17795T0	2556	2557	378	11.0175
MGG_10113T0	1032	1033	0	0
MGG_06794T0	1815	1816	510	20.9303
MGG_08936T0	4286	4287	115.809	2.01331
MGG_16011T0	177	178	11	4.60568
MGG_07732T0	1725	1726	28	1.20903
MGG_02958T0	3813	3814	2612	51.0403
MGG_08401T0	690	691	0	0
MGG_03172T0	2127	2128	783	27.4227
MGG_13261T0	1843	1844	13.3368	0.539026
MGG_06930T0	2362	2363	2832.42	89.3336
MGG_17931T0	368	369	90	18.1776
MGG_09212T0	1881	1882	201.846	7.99321
MGG_18138T0	459	460	1021	165.42
MGG_05468T0	1761	1762	0	0
MGG_04957T0	4265	4266	2102	36.7225
MGG_11925T0	3773	3774	584	11.5327
MGG_08361T0	1587	1588	429	20.1339
MGG_03094T0	2191	2192	178.318	6.06283
MGG_03463T0	3302	3303	1292	29.1524
MGG_00578T0	2015	2016	29	1.07208
MGG_02335T0	891	892	0	0
MGG_16588T0	258	259	0	0
MGG_10409T0	1092	1093	94	6.40956
MGG_06659T0	1614	1615	275	12.6906
MGG_03223T0	7260	7261	124.19	1.27471
MGG_05699T0	3971	3972	3683	69.1056
MGG_16625T0	219	220	0	0
MGG_17758T0	456	457	0	0
MGG_11496T0	1913	1914	253	9.85143
MGG_01178T0	3161	3162	770	18.1489
MGG_05832T0	1236	1237	5	0.301246
MGG_01258T0	3210	3211	1478.03	34.3055
MGG_02244T1	1351	1352	339.45	18.712
MGG_02244T0	1485	1486	12.5499	0.629424
MGG_05713T0	2220	2221	3037	101.91
MGG_15712T0	589	590	11	1.38951
MGG_02866T0	3207	3208	3022.53	70.2194
MGG_01790T0	1991	1992	3573	133.679
MGG_00874T0	663	664	201	22.5605
MGG_03947T0	2918	2919	6580	168.001
MGG_04156T0	2085	2086	16805	600.406
MGG_06648T0	3641	3642	4260	87.1747
MGG_16357T0	264	265	0	0
MGG_04320T0	2239	2240	1233.58	41.0429
MGG_01063T0	3446	3447	3550	76.7552
MGG_06256T0	2392	2393	1090	33.9472
MGG_03691T0	1147	1148	24465	1588.27
MGG_10993T0	1900	1901	295	11.5654
MGG_05577T0	1986	1987	26	0.975206
MGG_09444T0	1320	1321	69	3.89284
MGG_07165T0	1237	1238	2885	173.678
MGG_11786T0	2262	2263	495	16.302
MGG_06800T0	897	898	1	0.0829936
MGG_09531T0	3489	3490	4043	86.3374
MGG_07091T0	4069	4070	127.285	2.33079
MGG_01609T0	996	997	109973	8220.75
MGG_02435T0	1191	1192	787	49.2061
MGG_12603T0	1278	1279	635	37.0019
MGG_06742T0	2951	2952	2145	54.1541
MGG_15154T0	492	493	11784	1781.42
MGG_05968T0	1710	1711	39.724	1.73031
MGG_01399T0	753	754	55	5.43641
MGG_08232T0	1182	1183	221	13.9229
MGG_17944T0	780	781	920	87.7925
MGG_04464T0	3222	3223	7109	164.388
MGG_08230T0	402	403	0	0
MGG_16171T0	564	565	0	0
MGG_08890T0	2469	2470	53	1.59919
MGG_01539T0	213	214	10917	3801.98
MGG_09518T0	3323	3324	4204	94.2589
MGG_02920T0	1821	1822	1107	45.2814
MGG_11649T0	3780	3781	636	12.5364
MGG_16377T0	2784	2785	1876.94	50.228
MGG_16476T0	516	517	0	0
MGG_18021T0	1166	1167	713.195	45.5468
MGG_18021T1	1216	1217	1916.51	117.366
MGG_14324T0	2971	2972	37	0.927841
MGG_13043T0	255	256	1	0.291126
MGG_04996T0	2767	2768	979.312	26.3679
MGG_05723T0	2485	2486	446	13.3707
MGG_01703T0	3421	3422	2612	56.8871
MGG_09416T0	1152	1153	0	0
MGG_15655T0	833	834	83	7.41708
MGG_01113T0	995	996	8905	666.339
MGG_05659T0	3975	3976	340	6.37314
MGG_02481T0	3947	3948	1996	37.6794
MGG_10420T0	2473	2474	1110	33.4383
MGG_14764T0	9432	9433	414	3.27093
MGG_04934T0	3397	3398	190	4.16726
MGG_05105T0	954	955	2188	170.752
MGG_17942T0	3429	3430	2087	45.347
MGG_16299T0	5068	5069	1169	17.1875
MGG_00321T0	1005	1006	8	0.59267
MGG_00924T0	4391	4392	2206	37.4338
MGG_02810T0	4454	4455	52	0.869914
MGG_04739T0	3696	3697	410	8.26523
MGG_18045T0	264	265	27	7.59344
MGG_00840T0	2126	2127	1513	53.0142
MGG_01888T0	2008	2009	143	5.3049
MGG_00261T0	3275	3276	6381	145.166
MGG_01382T0	1516	1517	152	7.46756
MGG_02671T0	1494	1495	705	35.1454
MGG_14727T0	1182	1183	221	13.9229
MGG_13149T0	3718	3719	7098	142.243
MGG_08379T0	1542	1543	0	0
MGG_05934T0	2717	2718	6020	165.07
MGG_06446T0	2255	2256	4164	137.56
MGG_03642T0	1693	1694	70.4547	3.09968
MGG_03998T0	1394	1395	133.311	7.12219
MGG_06991T0	2122	2123	7353.2	258.135
MGG_01705T0	1823	1824	430	17.5697
MGG_08759T0	1233	1234	2	0.120791
MGG_05698T0	1068	1069	362	25.2378
MGG_01537T0	7517	7518	7323	72.5951
MGG_12231T0	1494	1495	5	0.249258
MGG_06214T0	4184	4185	1816	32.3401
MGG_16106T0	571	572	16	2.08471
MGG_14948T0	858	859	24	2.08228
MGG_02313T0	9897	9898	49	0.368952
MGG_05427T0	1313	1314	5830	330.669
MGG_03896T0	1446	1447	29540	1521.47
MGG_16165T0	237	238	0	0
MGG_14560T0	393	394	4	0.756632
MGG_12676T0	1149	1150	28	1.8146
MGG_07024T0	735	736	86	8.70846
MGG_17671T0	1006	1007	0	0
MGG_08177T0	2043	2044	563	20.5281
MGG_09955T0	1131	1132	607	39.9634
MGG_09846T0	3220	3221	593	13.721
MGG_09346T0	756	757	603	59.3666
MGG_14349T0	1753	1754	423	17.9735
MGG_06657T0	882	883	12965	1094.29
MGG_16200T0	270	271	0	0
MGG_15569T0	520	521	30	4.29145
MGG_18043T0	1233	1234	0	0
MGG_07913T0	5566	5567	1183	15.8374
MGG_08428T0	336	337	16	3.53843
MGG_00298T0	1530	1531	185	9.0057
MGG_04448T0	1204	1205	27.4947	1.70052
MGG_00013T0	528	529	0	0
MGG_09240T0	2637	2638	1118	31.5855
MGG_08682T0	684	685	12	1.3056
MGG_06439T0	3496	3497	7414	158.007
MGG_06426T0	5808	5809	1677	21.5155
MGG_00318T0	3121	3122	2372	56.6243
MGG_12400T0	505	506	8	1.17831
MGG_07112T0	2770	2771	157	4.22264
MGG_16893T0	282	283	10	2.63351
MGG_00747T0	1687	1688	641.024	28.3024
MGG_15896T0	216	217	1	0.343448
MGG_16150T0	225	226	27	8.90381
MGG_14575T0	2751	2752	551	14.9219
MGG_15643T0	590	591	65	8.19684
MGG_11285T0	741	742	13	1.30575
MGG_06917T0	2296	2297	7826	253.922
MGG_15741T0	573	574	9	1.16856
MGG_17741T0	204	205	2	0.727105
MGG_16014T0	765	766	2	0.194591
MGG_04439T0	1037	1038	3615	259.556
MGG_10961T0	4338	4339	8	0.137411
MGG_05276T0	1653	1654	844	38.0301
MGG_00771T0	4841	4842	2343	36.0635
MGG_13736T0	816	817	4861	443.429
MGG_00333T0	2732	2733	13221.1	360.536
MGG_02405T0	3317	3318	4042	90.7905
MGG_06903T0	1480	1481	1060	53.3423
MGG_06017T0	1229	1230	639.205	38.7307
MGG_07231T0	1501	1502	592.155	29.3823
MGG_06618T0	2329	2330	25.7492	0.823622
MGG_14881T0	1247	1248	3	0.179154
MGG_10333T1	1327	1328	27.3528	1.53506
MGG_10333T0	1897	1898	28.6472	1.12488
MGG_02099T0	3460	3461	2102	45.2639
MGG_17388T0	309	310	11	2.64455
MGG_09249T0	2591	2592	277	7.96463
MGG_00613T0	1615	1616	1361	62.7679
MGG_02766T1	2215	2216	650.939	21.8923
MGG_02766T0	1899	1900	414.061	16.2417
MGG_03101T0	2474	2475	1133	34.1174
MGG_04388T0	2542	2543	2683	78.6312
MGG_04843T0	3476	3477	7840	168.048
MGG_02760T0	1109	1110	745	50.0212
MGG_12093T0	2147	2148	4636	160.853
MGG_11468T0	1069	1070	117	8.14935
MGG_15106T0	450	451	8	1.32201
MGG_06351T0	3798	3799	3478.97	68.25
MGG_09314T0	1438	1439	5	0.258958
MGG_17865T0	260	261	5	1.42774
MGG_01434T0	2665	2666	2275	63.5978
MGG_01993T0	306	307	5	1.21381
MGG_14052T0	693	694	102	10.9537
MGG_07833T0	2837	2838	48	1.26052
MGG_00126T0	3896	3897	59	1.12835
MGG_10585T0	1008	1009	46	3.39772
MGG_01337T0	2345	2346	433	13.7556
MGG_01704T0	1944	1945	1872	71.731
MGG_08846T0	2137	2138	29	1.01091
MGG_01152T0	806	807	0	0
MGG_01865T0	2167	2168	249	8.55974
MGG_00305T0	597	598	0	0
MGG_02634T0	3110	3111	6201	148.553
MGG_15596T0	505	506	1	0.147289
MGG_17069T0	906	907	24	1.97208
MGG_00588T0	1549	1550	461.753	22.2023
MGG_15649T0	459	460	47	7.61484
MGG_04644T0	2118	2119	52	1.82891
MGG_15332T0	276	277	13.0223	3.50371
MGG_06779T0	1071	1072	219	15.2254
MGG_16187T0	827	828	2595	233.576
MGG_09737T0	1827	1828	195	7.95022
MGG_04514T0	1952	1953	1288.2	49.1588
MGG_04824T0	559	560	103.866	13.8231
MGG_13012T0	1116	1117	224	14.9457
MGG_13121T0	2184	2185	980	33.4268
MGG_00523T0	2583	2584	379	10.9312
MGG_04010T0	342	343	936	203.377
MGG_17772T0	510	511	0	0
MGG_01362T0	2280	2281	3164	103.379
MGG_02398T0	4213	4214	39288	694.842
MGG_17207T0	288	289	0	0
MGG_10380T0	1869	1870	6785	270.414
MGG_14098T0	2575	2576	36	1.04154
MGG_17507T0	814	815	11	1.0059
MGG_07006T0	1308	1309	1396.66	79.5193
MGG_17919T0	198	199	3	1.12354
MGG_09957T0	309	310	15	3.6062
MGG_08941T0	799	800	18	1.67688
MGG_00758T0	2328	2329	2363	75.6162
MGG_16176T0	629	630	24.6922	2.92106
MGG_15027T0	2406	2407	4666	144.474
MGG_08426T0	1563	1564	33	1.57253
MGG_13001T0	1889	1890	4466.59	176.131
MGG_05212T0	3266	3267	1314	29.9755
MGG_16296T0	171	172	36	15.5989
MGG_16262T0	201	202	7	2.58266
MGG_18024T0	471	472	0	0
MGG_09464T0	1593	1594	1027.99	48.0641
MGG_17858T0	1448	1449	130	6.68645
MGG_09268T0	1584	1585	278	13.0718
MGG_03449T0	2418	2419	2773	85.4348
MGG_05025T0	2372	2373	2808	88.1901
MGG_12612T0	1926	1927	426	16.4759
MGG_17012T0	2301	2302	0	0
MGG_14093T0	507	508	0	0
MGG_15645T2	1013	1014	1749.23	128.567
MGG_15645T0	1025	1026	1623.82	117.954
MGG_15645T1	1334	1335	967.949	54.0371
MGG_04077T0	3039	3040	5	0.122579
MGG_17112T0	231	232	1	0.321242
MGG_11397T0	537	538	34	4.70996
MGG_16486T0	7149	7150	18.0892	0.188553
MGG_03214T0	1544	1545	3629	175.057
MGG_15750T0	1296	1297	82	4.71188
MGG_09162T0	2364	2365	22	0.693286
MGG_00835T0	1509	1510	5184	255.864
MGG_09404T0	2110	2111	364.216	12.8585
MGG_17058T0	1786	1787	3574	149.056
MGG_07187T0	7035	7036	97583	1033.64
MGG_04189T0	4376	4377	832	14.1667
MGG_15591T0	516	517	100	14.4155
MGG_05419T0	2902	2903	0	0
MGG_05309T0	2725	2726	932	25.4807
MGG_14230T0	1410	1411	203	10.7223
MGG_07018T0	874	875	1613	137.387
MGG_03844T0	1717	1718	40	1.73523
MGG_07716T0	1823	1824	6017	245.853
MGG_05322T0	2418	2419	1190.09	36.6661
MGG_15376T0	441	442	2	0.337232
MGG_00402T0	1186	1187	3	0.188361
MGG_00954T0	501	502	0	0
MGG_03137T0	2830	2831	2453	64.5771
MGG_14548T0	1784	1785	394	16.4505
MGG_13360T0	1980	1981	35	1.31675
MGG_09282T0	3051	3052	226	5.5188
MGG_09297T0	1719	1720	1091	47.2734
MGG_13872T0	486	487	9.70195	1.48474
MGG_06496T0	4369	4370	4676	79.7469
MGG_17270T0	743	744	26.3403	2.63857
MGG_14619T0	622	623	4	0.478512
MGG_08856T0	2130	2131	1098	38.4007
MGG_01678T0	793	794	1307.77	122.753
MGG_16078T0	741	742	2	0.200885
MGG_14929T0	729	730	84	8.57585
MGG_15562T0	336	337	0	0
MGG_15074T0	900	901	388	32.0943
MGG_11879T0	1517	1518	548.272	26.9182
MGG_06880T0	1681	1682	1344.5	59.574
MGG_02755T0	4513	4514	17126	282.758
MGG_08642T0	3049	3050	311	7.59943
MGG_14901T0	2438	2439	1656	50.6022
MGG_16882T0	186	187	15	5.9782
MGG_09888T0	1864	1865	2332.73	93.2195
MGG_11781T0	1545	1546	20	0.964142
MGG_08973T0	1672	1673	826.324	36.8108
MGG_08973T1	1869	1870	234.676	9.35292
MGG_10531T0	435	436	130	22.2217
MGG_16604T0	180	181	0	0
MGG_12868T0	1786	1787	4579	190.971
MGG_02908T0	2106	2107	86971	3076.31
MGG_17138T0	324	325	62	14.2177
MGG_10346T0	786	787	0	0
MGG_00409T0	734	735	6781	687.586
MGG_11312T0	1548	1549	166.371	8.00476
MGG_16083T0	261	262	0	0
MGG_14958T0	351	352	0	0
MGG_07089T0	2323	2324	1306	41.882
MGG_12652T0	2990	2991	2706	67.4267
MGG_09379T0	357	358	0	0
MGG_06114T0	810	811	194	17.828
MGG_04795T0	348	349	0	0
MGG_00923T0	2107	2108	12430	439.462
MGG_15323T0	3997	3998	2338	43.5835
MGG_18118T0	686	687	4	0.433934
MGG_06875T0	642	643	6492.51	752.528
MGG_12724T0	2466	2467	1049	31.6904
MGG_01912T0	2605	2606	4	0.114395
MGG_14073T0	1791	1792	0	0
MGG_00158T0	1455	1456	1	0.051187
MGG_12628T0	1365	1366	2674	145.892
MGG_00654T0	3455	3456	1266	27.3011
MGG_00178T0	1137	1138	5197	340.354
MGG_05196T0	2730	2731	2090	57.0355
MGG_00790T0	1452	1453	374	19.1834
MGG_10692T0	2314	2315	349	11.2356
MGG_16852T1	3096	3097	36.5871	0.880455
MGG_16852T0	2763	2764	214.413	5.78141
MGG_16163T0	177	178	0	0
MGG_04502T0	1446	1447	459	23.6409
MGG_06858T0	1152	1153	1639	105.943
MGG_10142T0	3868	3869	740	14.2546
MGG_07448T0	990	991	6	0.45123
MGG_02855T0	1965	1966	743	28.1661
MGG_08261T0	3259	3260	964	22.0384
MGG_15833T0	540	541	7	0.964321
MGG_15628T1	765	766	0	0
MGG_15628T0	781	782	751.338	71.606
MGG_13744T0	1292	1293	1730	99.7168
MGG_03854T0	4287	4288	218.086	3.79048
MGG_15768T0	1411	1412	876	46.237
MGG_08776T0	2671	2672	50	1.39461
MGG_16075T0	177	178	0	0
MGG_00082T0	3324	3325	3323	74.4834
MGG_00933T0	2984	2985	111	2.7714
MGG_05390T0	1497	1498	21	1.04479
MGG_16710T0	1983	1984	72	2.70465
MGG_00664T0	2114	2115	254.406	8.96474
MGG_10668T0	2102	2103	2244	79.5251
MGG_08772T0	991	992	695	52.2148
MGG_02474T0	3909	3910	1525	29.0679
MGG_04815T0	923	924	3	0.241975
MGG_17297T0	369	370	0	0
MGG_17510T0	273	274	1	0.272001
MGG_15622T0	1890	1891	770.367	30.3618
MGG_00015T0	904	905	1	0.0823516
MGG_13218T0	2497	2498	427.857	12.7652
MGG_11552T0	829	830	2	0.179586
MGG_07493T0	3547	3548	1496	31.4245
MGG_07477T0	2152	2153	10.081	0.348964
MGG_06500T0	3081	3082	2087	50.4674
MGG_14969T0	2883	2884	2003	51.7614
MGG_07137T0	1745	1746	9009.3	384.563
MGG_13907T0	1743	1744	1244	53.1612
MGG_09368T0	825	826	63	5.68436
MGG_16745T0	186	187	0	0
MGG_10001T0	1632	1633	24	1.09533
MGG_14424T0	204	205	0	0
MGG_09054T0	921	922	10	0.808332
MGG_08501T0	1645	1646	144	6.52009
MGG_07025T0	2407	2408	6960	215.414
MGG_08935T0	4616	4617	808	13.0428
MGG_06362T0	1188	1189	12162	762.331
MGG_01124T0	1282	1283	1348.68	78.3434
MGG_17572T0	345	346	69	14.8626
MGG_13029T0	1205	1206	136.32	8.42429
MGG_07730T0	1080	1081	62	4.27451
MGG_07184T0	653	654	56	6.38162
MGG_16948T0	267	268	0	0
MGG_13985T0	450	451	52	8.59305
MGG_04673T0	1445	1446	5	0.257705
MGG_07572T0	1926	1927	0	0
MGG_11584T0	1590	1591	17	0.796342
MGG_06422T0	3330	3331	1257	28.1243
MGG_05177T0	1543	1544	323	15.5911
MGG_01482T0	1791	1792	160	6.6543
MGG_16193T0	459	460	2	0.324036
MGG_05434T0	1779	1780	670	28.0528
MGG_02508T0	887	888	186	15.6106
MGG_15497T0	450	451	0	0
MGG_05448T0	2113	2114	1470	51.8243
MGG_04873T0	603	604	2253.72	278.089
MGG_17319T0	555	556	58	7.77453
MGG_15141T0	697	698	13	1.38806
MGG_09168T0	732	733	0	0
MGG_14647T0	1863	1864	309	12.3547
MGG_08531T0	834	835	0	0
MGG_07270T0	2532	2533	2214	65.1423
MGG_06905T0	5485	5486	3465	47.0726
MGG_00722T0	4877	4878	1179	18.0133
MGG_02188T0	1680	1681	2	0.0886713
MGG_02849T0	1404	1405	5883	312.064
MGG_18110T0	816	817	36	3.28398
MGG_08384T0	1734	1735	0	0
MGG_08335T0	1540	1541	2420	117.04
MGG_04922T0	1960	1961	97	3.68651
MGG_02923T0	3501	3502	3466	73.7621
MGG_09275T0	5908	5909	54.8906	0.692316
MGG_09275T1	5269	5270	1104.11	15.6143
MGG_17855T0	669	670	0	0
MGG_09075T0	830	831	253	22.6903
MGG_08488T0	2708	2709	133.845	3.68225
MGG_16714T0	541	542	4	0.550024
MGG_15899T0	189	190	716	280.854
MGG_07491T0	966	967	115	8.86323
MGG_09866T0	2580	2581	1382	39.9062
MGG_08914T0	3863	3864	49.9704	0.963821
MGG_16400T0	2184	2185	16.5102	0.563145
MGG_01768T0	3263	3264	6207	141.727
MGG_11809T0	3137	3138	5524	131.196
MGG_07117T1	2901	2902	3702.33	95.082
MGG_07117T0	2986	2987	7714.67	192.488
MGG_06768T0	3441	3442	3245	70.2627
MGG_02954T0	3776	3777	9145	180.45
MGG_07782T0	788	789	444	41.9398
MGG_17901T0	1526	1527	11694	570.748
MGG_03423T0	804	805	0	0
MGG_07881T0	1024	1025	0	0
MGG_00655T0	2028	2029	1154	42.3882
MGG_04384T0	360	361	27	5.57413
MGG_06215T0	2232	2233	1940	64.7491
MGG_05208T0	1023	1024	1121	81.588
MGG_17593T0	286	287	46	11.9453
MGG_18076T0	426	427	0	0
MGG_09741T0	645	646	1	0.115369
MGG_02303T0	1037	1038	79	5.67219
MGG_07625T0	804	805	0	0
MGG_01517T0	1203	1204	46	2.84742
MGG_03164T0	785	786	6490	615.379
MGG_01786T0	1316	1317	2366.72	133.931
MGG_15042T0	4164	4165	443.099	7.92878
MGG_08407T0	321	322	0	0
MGG_01608T0	1340	1341	736.013	40.9051
MGG_03368T0	982	983	6.71499	0.509111
MGG_07478T0	2855	2856	40	1.04381
MGG_06234T0	995	996	7	0.523793
MGG_00387T0	1477	1478	128	6.45441
MGG_15174T0	342	343	82	17.8172
MGG_16983T0	327	328	1618	367.642
MGG_10742T0	1738	1739	2792.49	119.677
MGG_05674T0	2836	2837	4974	130.667
MGG_18027T0	582	583	2	0.255671
MGG_16542T0	190	191	0	0
MGG_01354T0	3728	3729	836.476	16.7179
MGG_06707T0	3032	3033	8336	204.836
MGG_15993T0	183	184	5	2.02522
MGG_07109T0	1504	1505	5667.38	280.651
MGG_15635T0	246	247	14	4.22427
MGG_01744T0	1060	1061	6212	436.352
MGG_15302T0	315	316	8352	1969.81
MGG_14918T0	186	187	153	60.9776
MGG_16160T0	4261	4262	126	2.20332
MGG_15267T0	531	532	48	6.72435
MGG_17123T0	1922	1923	370	14.3398
MGG_16084T0	489	490	4	0.608394
MGG_11036T0	3404	3405	435	9.52123
MGG_14008T0	2072	2073	777	27.9346
MGG_09388T0	2500	2501	726	21.6343
MGG_08655T0	1392	1393	85	4.54767
MGG_17205T0	336	337	0	0
MGG_05671T0	2703	2704	7254	199.936
MGG_01098T0	774	775	284	27.311
MGG_04490T0	1624	1625	779	35.7277
MGG_04788T0	4014	4015	1079	20.0289
MGG_10755T0	1002	1003	0	0
MGG_15331T0	2045	2046	170	6.19247
MGG_08002T0	2186	2187	2106	71.7679
MGG_04016T0	2007	2008	806	29.9152
MGG_02499T0	3084	3085	10646	257.189
MGG_09441T0	1160	1161	34	2.18257
MGG_14906T0	3831	3832	1404	27.3063
MGG_12488T0	660	661	0	0
MGG_16258T0	246	247	1	0.301734
MGG_15963T0	729	730	45.5818	4.65361
MGG_15721T0	1759	1760	127	5.37789
MGG_02076T1	1382	1383	0	0
MGG_02076T0	1076	1077	9	0.622798
MGG_02159T0	1377	1378	520	28.1239
MGG_04007T0	1959	1960	1359	51.6754
MGG_06693T0	1135	1136	7148	468.95
MGG_12139T0	914	915	661	53.8395
MGG_17555T0	360	361	0	0
MGG_08853T0	1579	1580	824	38.8679
MGG_09901T0	2767	2768	4005	107.834
MGG_17157T0	1139	1140	0	0
MGG_03679T0	1280	1281	719.509	41.8608
MGG_15414T0	855	856	3	0.261197
MGG_15588T0	237	238	2	0.626287
MGG_13438T0	2593	2594	4279.69	122.96
MGG_00256T0	2003	2004	11962	444.864
MGG_03577T0	1090	1091	17382	1187.4
MGG_06295T0	871	872	1247.6	106.63
MGG_07034T0	1046	1047	3711	264.159
MGG_16553T0	542	543	31	4.25483
MGG_08577T0	2341	2342	1198	38.1233
MGG_05423T0	2177	2178	6	0.205312
MGG_17208T0	153	154	1	0.483949
MGG_05281T0	2047	2048	139.516	5.0771
MGG_05281T1	1760	1761	448.484	18.9805
MGG_09507T0	3739	3740	7820	155.832
MGG_03911T0	2035	2036	2323	85.0339
MGG_16963T0	342	343	0	0
MGG_13464T0	2376	2377	60	1.88123
MGG_06150T0	2723	2724	360.805	9.87156
MGG_09215T0	6275	6276	451	5.35568
MGG_04009T0	2343	2344	489	15.5479
MGG_17822T0	1795	1796	276.268	11.4642
MGG_11604T0	2153	2154	118	4.08279
MGG_16214T0	171	172	13	5.63295
MGG_11701T0	4509	4510	2112.52	34.9096
MGG_02450T0	2279	2280	5777.99	188.87
MGG_13240T0	468	469	16	2.54254
MGG_12109T0	2322	2323	1926	61.7914
MGG_17128T0	219	220	3	1.01629
MGG_14852T0	4449	4450	1488.19	24.9241
MGG_09085T0	1464	1465	0	0
MGG_11243T0	2241	2242	1165	38.7267
MGG_06936T0	1239	1240	9294	558.601
MGG_01295T0	1331	1332	2739	153.253
MGG_09583T0	312	313	0	0
MGG_04134T0	1965	1966	16.8148	0.637425
MGG_06024T0	6440	6441	266	3.07786
MGG_06400T0	3280	3281	4312	97.9475
MGG_15994T0	2252	2253	35	1.15778
MGG_15820T0	222	223	0	0
MGG_11691T0	1137	1138	42	2.7506
MGG_10310T0	1067	1068	1	0.069783
MGG_14297T0	1437	1438	2352	121.899
MGG_15915T0	1731	1732	30	1.2909
MGG_16092T0	366	367	2.00371	0.406901
MGG_14734T0	448	449	3	0.497961
MGG_09739T0	897	898	0	0
MGG_05806T0	2831	2832	572	15.053
MGG_03002T0	3611	3612	5328	109.935
MGG_00606T0	2660	2661	248	6.94588
MGG_02071T1	2033	2034	228.168	8.36034
MGG_02071T0	2217	2218	235.564	7.91531
MGG_15675T0	1137	1138	786	51.4755
MGG_16235T0	159	160	2	0.931603
MGG_11667T0	672	673	1671.2	185.069
MGG_01547T0	1057	1058	1900.33	133.864
MGG_08558T0	2837	2838	1336	35.0845
MGG_00316T0	2956	2957	561	14.1394
MGG_07460T0	1131	1132	3763	247.747
MGG_17927T0	240	241	111	34.3263
MGG_02717T0	1652	1653	35.1409	1.58439
MGG_08547T0	4068	4069	2621	48.0065
MGG_03893T0	2745	2746	1545	41.9323
MGG_06892T0	2598	2599	2122	60.8499
MGG_06010T0	603	604	122	15.0537
MGG_17813T0	2610	2611	2836	80.9506
MGG_13573T0	2573	2574	58	1.67935
MGG_13079T0	2393	2394	113	3.51783
MGG_01653T0	1367	1368	1586	86.4048
MGG_07442T0	1879	1880	2804	111.158
MGG_09466T0	2371	2372	4329.88	136.045
MGG_09333T0	1228	1229	53	3.21399
MGG_01978T0	3044	3045	8596	210.392
MGG_04316T0	1617	1618	4	0.184248
MGG_17933T0	2974	2975	81.4825	2.04126
MGG_05825T0	2032	2033	148.037	5.42693
MGG_00100T0	1229	1230	173	10.4824
MGG_00563T0	1050	1051	2	0.141823
MGG_01076T0	3116	3117	1121	26.8034
MGG_08072T0	5253	5254	312	4.42573
MGG_07275T0	3981	3982	2086	39.0422
MGG_04585T0	2930	2931	280.357	7.12881
MGG_15603T0	162	163	0	0
MGG_14851T0	503	504	125	18.4842
MGG_13163T0	4001	4002	774.582	14.4248
MGG_00295T0	2743	2744	1094.56	29.7287
MGG_01158T0	5790	5791	479.437	6.17019
MGG_17162T0	591	592	8	1.00714
MGG_04083T0	1038	1039	2031.03	145.687
MGG_10341T0	762	763	0	0
MGG_03557T0	2652	2653	458	12.8662
MGG_00546T0	321	322	9028	2089.57
MGG_01641T0	2497	2498	5669	169.135
MGG_03735T0	1845	1846	858	34.6399
MGG_12773T0	1482	1483	110	5.52805
MGG_14943T0	11919	11920	2	0.0125047
MGG_01501T0	1456	1457	238.407	12.195
MGG_17782T0	198	199	0	0
MGG_12789T0	1566	1567	194	9.22685
MGG_16500T0	1034	1035	383.64	27.6251
MGG_11784T0	3609	3610	13708	283.001
MGG_04462T0	2505	2506	7476.37	222.347
MGG_14701T0	1287	1288	1234	71.4036
MGG_11422T0	501	502	87	12.9162
MGG_03822T0	1718	1719	8	0.346845
MGG_15283T0	1101	1102	22	1.48786
MGG_08694T0	1590	1591	495	23.1876
MGG_09844T0	564	565	0	0
MGG_06952T0	675	676	4279	471.755
MGG_07205T0	4463	4464	2073.99	34.6261
MGG_09225T0	1252	1253	43	2.55763
MGG_17649T0	585	586	0	0
MGG_16991T0	204	205	0	0
MGG_17712T0	2186	2187	4321.89	147.281
MGG_15953T0	570	571	35	4.56828
MGG_07475T1	1060	1061	32.1109	2.25558
MGG_07475T0	1338	1339	672.553	37.4341
MGG_01210T0	1609	1610	47717	2208.86
MGG_14785T0	1565	1566	817	38.8822
MGG_01896T0	1658	1659	10	0.449236
MGG_13773T0	2249	2250	3177	105.234
MGG_05814T0	2046	2047	2607	94.917
MGG_10910T0	1421	1422	7	0.366876
MGG_00151T0	4608	4609	272	4.39828
MGG_00861T0	4105	4106	66	1.19797
MGG_08523T0	1998	1999	28	1.04392
MGG_16888T0	387	388	3	0.576249
MGG_05959T0	2932	2933	4864	123.595
MGG_14114T0	786	787	0	0
MGG_16832T0	545	546	1	0.136499
MGG_11100T0	2828	2829	2022	53.2683
MGG_15545T0	450	451	8	1.32201
MGG_15836T0	461	462	3	0.483949
MGG_07639T0	4137	4138	2688	48.4127
MGG_03632T0	1858	1859	788	31.5913
MGG_13934T0	1303	1304	160	9.14457
MGG_10924T0	2604	2605	1044.3	29.8771
MGG_00574T0	1512	1513	43	2.11812
MGG_16855T0	1419	1420	169.327	8.88707
MGG_03199T0	1619	1620	212.018	9.75391
MGG_01230T0	2107	2108	11700	413.653
MGG_15587T0	429	430	0	0
MGG_07392T0	934	935	1598	127.375
MGG_03791T0	531	532	0	0
MGG_04948T0	1217	1218	159	9.72905
MGG_10160T0	1607	1608	3122	144.7
MGG_17305T0	306	307	0	0
MGG_14367T0	1631	1632	503	22.9704
MGG_09908T0	814	815	1060	96.9324
MGG_05378T0	2213	2214	1717	57.7981
MGG_13325T0	638	639	11	1.28296
MGG_15134T0	1350	1351	89	4.9097
MGG_01160T0	779	780	7114.87	679.819
MGG_01721T0	2446	2447	19342.8	589.124
MGG_15143T0	324	325	78	17.8868
MGG_15826T0	339	340	3	0.657602
MGG_02877T0	856	857	1911	166.188
MGG_08585T0	2223	2224	1221	40.9168
MGG_17386T0	402	403	44.0522	8.14673
MGG_10116T0	2287	2288	864	28.1435
MGG_01191T0	2799	2800	15414	410.278
MGG_14792T0	1662	1663	50	2.24078
MGG_06981T0	3521	3522	2567.26	54.3253
MGG_06981T2	3278	3279	1303.85	29.6352
MGG_06981T1	3381	3382	437.462	9.64024
MGG_13107T0	1397	1398	4607.79	245.644
MGG_06507T0	3007	3008	1729	42.8389
MGG_08726T0	645	646	0	0
MGG_16383T0	770	771	1446.51	139.826
MGG_09476T0	737	738	303	30.599
MGG_02982T0	1975	1976	447	16.8594
MGG_16107T0	638	639	260	30.3245
MGG_06117T0	3760	3761	2626	52.037
MGG_06223T0	942	943	3	0.237099
MGG_01623T0	3243	3244	995	22.8593
MGG_01850T0	1933	1934	1345	51.8306
MGG_06799T0	2969	2970	1198.4	30.0723
MGG_00319T0	2041	2042	671	24.4899
MGG_04886T0	4987	4988	577	8.62125
MGG_01239T0	1319	1320	208	11.7438
MGG_14162T0	2769	2770	706.586	19.0111
MGG_17392T0	291	292	39	9.95411
MGG_07452T0	1038	1039	45	3.22788
MGG_02512T0	999	1000	885.84	66.0201
MGG_09639T0	7496	7497	59	0.586523
MGG_02090T0	462	463	2	0.321936
MGG_03957T0	1888	1889	1002	39.5327
MGG_05741T0	663	664	700	78.5689
MGG_05110T0	1220	1221	4962	302.874
MGG_16141T0	958	959	122	9.48117
MGG_06966T0	3516	3517	9987.14	211.636
MGG_03559T0	2408	2409	2756	85.2635
MGG_15613T0	213	214	0	0
MGG_10678T0	1809	1810	144	5.92932
MGG_04652T0	6738	6739	3156	34.903
MGG_03931T0	4227	4228	6602.85	116.39
MGG_07305T0	1823	1824	236	9.6429
MGG_01734T0	3921	3922	704	13.3778
MGG_09462T0	954	955	1076	83.9711
MGG_00829T0	912	913	25	2.04075
MGG_10829T0	2883	2884	921.546	23.8146
MGG_00659T0	2314	2315	168	5.40853
MGG_14673T0	388	389	40	7.66357
MGG_06224T0	405	406	0	0
MGG_10344T0	1473	1474	0	0
MGG_07542T0	663	664	2803	314.612
MGG_03820T0	1590	1591	0	0
MGG_16362T0	195	196	3	1.14074
MGG_00517T0	1672	1673	886.662	39.4987
MGG_15163T0	2882	2883	352.418	9.11034
MGG_04289T0	1563	1564	6	0.285914
MGG_05856T0	4920	4921	702	10.6317
MGG_09031T0	750	751	2318	230.035
MGG_02647T0	618	619	18217	2193.34
MGG_14802T0	366	367	175	35.538
MGG_14719T0	1329	1330	0	0
MGG_09492T0	1276	1277	748.294	43.6719
MGG_04341T0	444	445	6	1.00487
MGG_02123T0	2716	2717	1745	47.8659
MGG_18119T0	279	280	0	0
MGG_17835T0	880	881	70	5.92165
MGG_15413T0	1205	1206	0	0
MGG_00748T0	4412	4413	3291.98	55.596
MGG_17417T0	186	187	0	0
MGG_08782T0	660	661	294	33.1487
MGG_14251T0	2064	2065	0	0
MGG_05319T0	3427	3428	4912	106.792
MGG_12830T0	2536	2537	2325	68.3004
MGG_07655T0	1728	1729	75	3.23286
MGG_17343T0	292	293	0	0
MGG_05721T0	1911	1912	266.793	10.3994
MGG_06888T0	1700	1701	1051	46.0489
MGG_00593T0	3045	3046	81	1.98187
MGG_09383T1	2815	2816	28.0318	0.74189
MGG_09383T0	3129	3130	9.96815	0.237351
MGG_06685T0	704	705	16775.4	1773.39
MGG_08117T0	2552	2553	1812	52.8966
MGG_17951T0	180	181	0	0
MGG_00460T0	1665	1666	1388	62.0919
MGG_06137T0	1904	1905	2724.76	106.599
MGG_10579T0	5049	5050	2470	36.4524
MGG_09776T0	2748	2749	737	19.9808
MGG_09477T0	900	901	29284	2422.29
MGG_15900T0	996	997	46	3.43861
MGG_04855T0	5941	5942	4938	61.9354
MGG_05571T1	1670	1671	765.995	34.1641
MGG_05571T0	1994	1995	1914	71.5024
MGG_03153T0	771	772	652	62.9435
MGG_04682T0	2261	2262	0	0
MGG_16701T0	444	445	0	0
MGG_09581T0	405	406	0	0
MGG_08500T0	1557	1558	5	0.239179
MGG_00941T0	1372	1373	34.0237	1.84685
MGG_00623T0	2996	2997	7253	180.365
MGG_09657T0	330	331	0	0
MGG_09994T0	1768	1769	52	2.19077
MGG_04243T0	1254	1255	1626.71	96.602
MGG_15236T0	417	418	4	0.713189
MGG_11638T0	7997	7998	84	0.782742
MGG_13793T0	3514	3515	187	3.96494
MGG_15343T0	930	931	34	2.72176
MGG_09452T0	330	331	0	0
MGG_03984T0	1454	1455	3062.8	156.883
MGG_09326T0	897	898	15.9827	1.32646
MGG_04939T0	1430	1431	295	15.364
MGG_13198T0	1037	1038	86	6.17478
MGG_07830T0	1517	1518	80	3.92771
MGG_05630T0	3421	3422	1289	28.0733
MGG_03257T0	2947	2948	381.742	9.65078
MGG_03659T0	1654	1655	450	20.2645
MGG_16543T0	486	487	336	51.4199
MGG_09934T0	1902	1903	10.8594	0.425292
MGG_06367T0	1650	1651	3226	145.626
MGG_07680T0	729	730	2	0.204187
MGG_09814T0	2451	2452	0	0
MGG_17010T0	222	223	0	0
MGG_01920T0	2447	2448	73	2.22245
MGG_01084T0	1011	1012	30654	2257.5
MGG_02754T0	3581	3582	2574	53.5554
MGG_03860T0	2162	2163	4865	167.628
MGG_14477T0	1653	1654	0	0
MGG_01134T0	2510	2511	25291	750.654
MGG_16531T0	1705	1706	455	19.8771
MGG_06887T0	1974	1975	1689	63.7358
MGG_06677T0	1731	1732	1032.46	44.4271
MGG_15071T0	1236	1237	59	3.5547
MGG_02349T0	988	989	0	0
MGG_17429T0	2244	2245	940	31.2056
MGG_05875T0	723	724	27	2.77937
MGG_00879T0	2775	2776	889	23.8673
MGG_07605T0	1162	1163	56	3.58863
MGG_10198T0	1568	1569	311	14.7726
MGG_17780T0	384	385	0	0
MGG_15324T0	2989	2990	189.454	4.7223
MGG_11536T0	2370	2371	4250	133.591
MGG_00043T0	396	397	0	0
MGG_02651T0	845	846	1006	88.6234
MGG_11577T0	1381	1382	3602	194.248
MGG_07384T0	2135	2136	17610	614.439
MGG_13809T0	3240	3241	327	7.51951
MGG_15843T0	377	378	21	4.14046
MGG_07652T0	954	955	11	0.85844
MGG_17582T0	213	214	0	0
MGG_01931T0	2322	2323	5914	189.737
MGG_07566T0	1053	1054	13	0.919228
MGG_02471T0	2312	2313	8558	275.751
MGG_05714T0	5262	5263	866	12.2632
MGG_05349T0	1456	1457	1980	101.281
MGG_03537T0	4554	4555	14859.9	243.135
MGG_16190T0	1018	1019	21	1.53591
MGG_00741T0	1266	1267	226	13.2939
MGG_17441T0	1076	1077	7	0.484399
MGG_08887T0	5213	5214	5896	84.2766
MGG_15990T0	1753	1754	898.316	38.1699
MGG_18000T0	192	193	2	0.772313
MGG_08078T0	1003	1004	8060.97	598.376
MGG_07960T0	1203	1204	0	0
MGG_00720T0	3443	3444	2415.86	52.2793
MGG_16548T0	452	453	0	0
MGG_09150T1	1904	1905	0.0715451	0.00279902
MGG_09150T0	1949	1950	34.9285	1.33495
MGG_02745T0	489	490	491	74.6803
MGG_17464T0	359	360	4	0.828091
MGG_03785T0	732	733	1	0.101676
MGG_02988T0	1718	1719	62	2.68804
MGG_17934T0	180	181	0	0
MGG_10315T0	849	850	91632	8034.32
MGG_13208T0	1202	1203	322	19.9485
MGG_17574T0	303	304	161	39.4705
MGG_04390T0	3204	3205	442.765	10.296
MGG_06069T0	2100	2101	3927	139.301
MGG_08727T0	927	928	0	0
MGG_01471T0	1300	1301	1042	59.6913
MGG_02529T0	1870	1871	48	1.912
MGG_02833T0	4561	4562	1623	26.5145
MGG_09924T0	2674	2675	3182	88.6537
MGG_01290T0	2391	2392	2402	74.8398
MGG_16472T0	3318	3319	9553	214.513
MGG_06456T0	1050	1051	627	44.4616
MGG_01904T0	456	457	0	0
MGG_07088T0	1060	1061	455	31.9607
MGG_06110T0	1890	1891	241.342	9.51179
MGG_11862T0	2389	2390	19784	616.931
MGG_05788T0	1351	1352	175	9.64677
MGG_09819T0	894	895	4	0.333087
MGG_00756T0	2440	2441	184	5.61786
MGG_01689T0	1409	1410	6146	324.858
MGG_14848T0	693	694	340	36.5124
MGG_14115T0	2338	2339	654	20.8386
MGG_08664T0	471	472	0	0
MGG_05969T0	3756	3757	1147.28	22.7587
MGG_02122T0	2114	2115	2629	92.6405
MGG_07300T0	2038	2039	133	4.86133
MGG_14939T0	843	844	595	52.5406
MGG_02304T0	1065	1066	18	1.25845
MGG_03536T0	2383	2384	2963.43	92.6421
MGG_00383T0	2082	2083	22413	801.921
MGG_14688T0	1753	1754	950.833	40.4013
MGG_10725T0	567	568	0	0
MGG_01699T0	3585	3586	672	13.9662
MGG_01767T0	1762	1763	361	15.2607
MGG_02874T0	5132	5133	1581	22.9552
MGG_11764T0	3857	3858	4720.79	91.1955
MGG_11764T1	4018	4019	6455.21	119.705
MGG_02790T0	1907	1908	1057	41.2874
MGG_03755T0	1772	1773	12.0068	0.504705
MGG_15593T0	162	163	0	0
MGG_12862T0	3539	3540	1441	30.3376
MGG_16161T0	3614	3615	1126	23.214
MGG_08329T0	2163	2164	78	2.68632
MGG_00365T0	2129	2130	5213	182.402
MGG_00287T0	1258	1259	749	44.3381
MGG_02583T0	2521	2522	14	0.413717
MGG_07692T0	747	748	0	0
MGG_07257T0	1407	1408	242	12.8095
MGG_04742T0	1183	1184	73	4.59507
MGG_14798T0	828	829	1191	107.072
MGG_10565T0	1622	1623	6554	300.96
MGG_00707T0	1628	1629	998	45.6594
MGG_05962T0	997	998	284	21.2084
MGG_01765T0	1312	1313	1845.93	104.778
MGG_15880T0	204	205	0	0
MGG_17943T0	201	202	0	0
MGG_02283T0	456	457	0	0
MGG_04857T0	1875	1876	306	12.1565
MGG_06168T0	2675	2676	1918	53.4175
MGG_11012T0	570	571	0	0
MGG_09400T0	1530	1531	71	3.45624
MGG_03522T0	1730	1731	1284	55.2826
MGG_01836T0	3885	3886	4883	93.6493
MGG_04162T0	1504	1505	109	5.39772
MGG_11440T0	2579	2580	2789	80.5656
MGG_10150T0	2195	2196	9060	307.48
MGG_02741T0	2703	2704	3875	106.804
MGG_10757T0	1116	1117	0	0
MGG_00566T0	1092	1093	89	6.06863
MGG_10442T0	1284	1285	197	11.4257
MGG_10573T0	1473	1474	18	0.910114
MGG_04908T0	2679	2680	413	11.4851
MGG_00922T0	1712	1713	10932	475.623
MGG_16504T0	168	169	5	2.20498
MGG_00202T0	1703	1704	228	9.97208
MGG_03266T0	1357	1358	707.618	38.8347
MGG_00116T0	1448	1449	16	0.822948
MGG_04121T0	1746	1747	483	20.6051
MGG_09550T0	1391	1392	2759	147.718
MGG_08732T0	3002	3003	6324	156.949
MGG_06938T0	1588	1589	427	20.0274
MGG_01136T0	1097	1098	262	17.7836
MGG_17442T0	2106	2107	1899	67.1709
MGG_11274T0	1735	1736	483	20.7357
MGG_15082T0	1318	1319	39.0074	2.20405
MGG_13919T0	2649	2650	37	1.04058
MGG_04571T0	2749	2750	22	0.596226
MGG_07033T0	3529	3530	16347	345.131
MGG_17278T0	1929	1930	2630.95	101.596
MGG_02021T0	903	904	0	0
MGG_06419T0	2406	2407	7382	228.57
MGG_01208T0	1090	1091	1538	105.064
MGG_17993T0	300	301	3	0.742806
MGG_00177T0	1427	1428	3015	157.355
MGG_13065T0	3625	3626	2166	44.5196
MGG_17629T0	366	367	3	0.609222
MGG_07953T0	3288	3289	12	0.271918
MGG_03907T0	2152	2153	2029	70.2358
MGG_04927T0	2629	2630	10394	294.542
MGG_17889T0	1080	1081	364	25.0955
MGG_08827T0	3375	3376	4643	102.498
MGG_17921T0	441	442	8	1.34893
MGG_08970T0	4906	4907	4711	71.5513
MGG_05295T0	2706	2707	1977	54.4301
MGG_17105T0	228	229	9	2.92906
MGG_06497T0	4145	4146	2424	43.5737
MGG_05766T0	864	865	96	8.27134
MGG_11067T0	819	820	0	0
MGG_05499T0	1511	1512	57	2.8096
MGG_14990T0	1067	1068	29	2.02371
MGG_07016T0	1394	1395	608	32.4825
MGG_08621T0	762	763	132.116	12.9048
MGG_02709T0	947	948	18	1.41509
MGG_04590T0	2954	2955	71	1.79069
MGG_07628T0	2509	2510	28946	859.48
MGG_02623T0	1059	1060	457	32.1315
MGG_04929T0	2250	2251	5367	177.696
MGG_18017T0	2121	2122	3489	122.54
MGG_12982T0	837	838	0	0
MGG_02340T0	1218	1219	42	2.56783
MGG_04569T0	1805	1806	1335	55.0915
MGG_16955T0	261	262	0	0
MGG_13763T0	1484	1485	446	22.3836
MGG_17887T0	549	550	174	23.578
MGG_10574T0	525	526	93	13.177
MGG_17143T0	195	196	10	3.80246
MGG_01125T0	2627	2628	4072	115.479
MGG_15385T0	402	403	8	1.47947
MGG_06942T0	462	463	165	26.5597
MGG_17603T0	480	481	2	0.309889
MGG_15767T0	642	643	987	114.4
MGG_17606T0	738	739	29	2.92465
MGG_06673T0	6852	6853	2757	29.9831
MGG_05677T0	1269	1270	1525	89.4925
MGG_15023T0	3583	3584	1061	22.0632
MGG_07816T0	1389	1390	54.2981	2.91132
MGG_05257T0	3771	3772	4486	88.6356
MGG_02409T0	1865	1866	8343	333.22
MGG_15668T0	2949	2950	2573	65.0038
MGG_09016T0	3006	3007	39	0.966611
MGG_00823T0	426	427	0	0
MGG_05727T0	4863	4864	3711	56.8615
MGG_16089T0	252	253	1	0.294578
MGG_01231T0	1189	1190	294	18.4129
MGG_13781T0	2010	2011	9602	355.853
MGG_08954T0	2513	2514	0	0
MGG_08954T1	2426	2427	8	0.245664
MGG_03061T0	2337	2338	961	30.6337
MGG_04171T0	2257	2258	316	10.43
MGG_16512T0	369	370	438	88.2253
MGG_03974T0	1765	1766	246	10.3816
MGG_07306T0	2259	2260	123	4.05618
MGG_04968T0	2189	2190	596	20.2826
MGG_01129T0	2252	2253	235	7.77369
MGG_07145T0	3417	3418	5257	114.627
MGG_08944T0	488	489	5	0.762047
MGG_00494T0	3293	3294	1547	35.0016
MGG_03341T0	3189	3190	38	0.887797
MGG_11632T0	1791	1792	33	1.37245
MGG_04985T0	4280	4281	5172	90.0397
MGG_16829T0	659	660	3	0.338765
MGG_16055T0	665	666	1	0.111904
MGG_07851T0	1672	1673	3	0.133643
MGG_03071T0	1936	1937	636.321	24.4831
MGG_06984T0	3932	3933	1896	35.9282
MGG_02969T0	441	442	196	33.0487
MGG_06464T0	1401	1402	3	0.159475
MGG_03113T0	727	728	7	0.716617
MGG_11457T0	1927	1928	1881.77	72.7413
MGG_11457T1	1075	1076	398.226	27.5828
MGG_00104T0	889	890	3188.71	267.021
MGG_09233T0	1575	1576	26	1.22953
MGG_01150T0	4411	4412	688	11.6218
MGG_07098T0	3908	3909	1537.95	29.3222
MGG_10592T0	1290	1291	74	4.27195
MGG_02860T0	954	955	56	4.37024
MGG_18128T0	279	280	0	0
MGG_00481T0	1813	1814	1356.35	55.7255
MGG_03333T0	2167	2168	16458	565.768
MGG_05414T0	477	478	0	0
MGG_01603T0	1753	1754	199	8.4556
MGG_03358T0	2730	2731	0	0
MGG_07344T0	783	784	43	4.08764
MGG_00917T0	1495	1496	4198	209.137
MGG_04191T0	2787	2788	11806	315.595
MGG_17670T0	297	298	1	0.250095
MGG_15926T0	432	433	0	0
MGG_09001T0	360	361	164	33.8577
MGG_13331T0	1074	1075	3	0.207986
MGG_05626T0	4952	4953	3224	48.5118
MGG_14597T0	2307	2308	83	2.68017
MGG_11009T0	1047	1048	0	0
MGG_11553T0	2814	2815	1776	47.0203
MGG_08262T0	3199	3200	687	16.0003
MGG_04988T0	4220	4221	1882	33.2296
MGG_16620T0	579	580	1	0.128497
MGG_03920T0	1742	1743	39775	1700.72
MGG_13279T0	4408	4409	8281.96	139.995
MGG_14183T0	888	889	0	0
MGG_17792T0	458	459	3	0.487112
MGG_16994T0	252	253	0	0
MGG_00979T0	2841	2842	2088	54.7554
MGG_07985T0	3654	3655	1.29184	0.0263415
MGG_15637T0	893	894	470	39.1815
MGG_01960T0	1806	1807	0	0
MGG_17480T0	669	670	9	1.00113
MGG_08783T0	2527	2528	155.56	4.58608
MGG_07847T0	618	619	1	0.120401
MGG_10127T0	4000	4001	4552.71	84.8051
MGG_07586T0	501	502	0	0
MGG_14648T0	327	328	1	0.22722
MGG_08092T0	4846	4847	3217	49.4651
MGG_15541T0	231	232	0	0
MGG_06468T0	1158	1159	1249.63	80.3558
MGG_02738T0	884	885	886.061	74.6176
MGG_18066T0	516	517	0	0
MGG_05705T0	723	724	5	0.514698
MGG_17880T0	391	392	0	0
MGG_00388T0	4022	4023	206	3.81626
MGG_07350T0	609	610	0	0
MGG_02079T0	756	757	0	0
MGG_10557T0	597	598	7	0.872404
MGG_00822T0	912	913	25	2.04075
MGG_09863T0	1701	1702	211	9.2394
MGG_16574T0	1458	1459	3	0.153245
MGG_05483T0	1574	1575	7	0.331236
MGG_00687T0	2441	2442	2301	70.225
MGG_00962T0	651	652	12.4659	1.42494
MGG_00692T0	3976	3977	5705	106.911
MGG_10837T0	3490	3491	4619.32	98.6163
MGG_10485T0	2489	2490	57	1.70607
MGG_10658T0	1784	1785	6	0.250515
MGG_09899T0	1582	1583	156.766	7.38059
MGG_06004T0	1270	1271	3649.76	214.012
MGG_05702T0	1375	1376	1103.15	59.7501
MGG_18061T0	321	322	0	0
MGG_00736T0	5640	5641	780	10.3053
MGG_03430T0	1452	1453	0	0
MGG_04965T0	2816	2817	601	15.9004
MGG_08829T0	2921	2922	12028	306.785
MGG_00905T0	1811	1812	6907.1	284.091
MGG_03680T0	1178	1179	8544	540.092
MGG_10106T0	1496	1497	0	0
MGG_15954T0	2104	2105	444	15.72
MGG_16933T0	150	151	0	0
MGG_04761T0	1745	1746	2551	108.89
MGG_08567T0	267	268	3	0.834271
MGG_16185T0	443	444	115	19.3035
MGG_00042T0	1839	1840	5	0.202522
MGG_02509T0	1242	1243	25.1087	1.50548
MGG_10781T0	588	589	0	0
MGG_10801T0	1221	1222	6	0.365932
MGG_10288T0	2076	2077	45	1.61472
MGG_02382T0	630	631	0	0
MGG_03628T0	2182	2183	1728	58.9944
MGG_02781T0	4800	4801	1835	28.4856
MGG_09733T0	969	970	129	9.91148
MGG_06586T0	1494	1495	3132.44	156.157
MGG_07900T0	426	427	0	0
MGG_04305T0	1143	1144	0	0
MGG_03139T0	2525	2526	2043	60.2776
MGG_02485T0	2423	2424	2353	72.3452
MGG_14843T0	1554	1555	92	4.40939
MGG_16008T0	543	544	0	0
MGG_11062T0	2425	2426	726	22.3032
MGG_05870T0	762	763	60	5.86067
MGG_17153T0	1981	1982	529	19.8917
MGG_06619T0	1620	1621	310.251	14.2643
MGG_08818T0	369	370	0	0
MGG_14763T0	3105	3106	3629	87.0776
MGG_10639T0	2626	2627	168	4.76617
MGG_03904T0	907	908	1	0.0820795
MGG_07328T0	858	859	445	38.6089
MGG_00583T0	3876	3877	3982	76.5466
MGG_02484T0	1747	1748	348.007	14.8377
MGG_03827T0	1044	1045	2	0.142638
MGG_16912T0	657	658	0	0
MGG_00085T0	2167	2168	1817	62.4621
MGG_17370T0	249	250	10	2.98113
MGG_16764T0	879	880	208	17.6158
MGG_08441T0	639	640	0	0
MGG_02526T0	4460	4461	9580	160.049
MGG_02255T0	645	646	0	0
MGG_05264T0	3116	3117	7072	169.093
MGG_01104T0	1163	1164	7120	455.877
MGG_15368T0	2121	2122	216.143	7.59129
MGG_01684T0	1936	1937	86.6728	3.33483
MGG_09371T0	2116	2117	834	29.3607
MGG_03965T0	548	549	3434	466.175
MGG_06393T0	3957	3958	2828	53.2506
MGG_00391T0	1087	1088	59	4.04151
MGG_06672T0	1913	1914	4508	175.535
MGG_03258T0	1107	1108	1	0.0672637
MGG_09299T0	4087	4088	1387.85	25.3019
MGG_08028T0	735	736	46	4.65801
MGG_02055T0	2161	2162	16	0.55155
MGG_02105T0	1375	1376	135	7.312
MGG_03072T0	698	699	493.679	52.6367
MGG_17962T0	2256	2257	12196	402.723
MGG_11119T0	3765	3766	101	1.99877
MGG_15552T0	174	175	0	0
MGG_09214T0	4516	4517	1497	24.6997
MGG_01174T0	2279	2280	1746	57.0729
MGG_16516T0	367	368	17	3.44288
MGG_05168T0	1840	1841	1623.19	65.7108
MGG_04165T0	4682	4683	1523	24.238
MGG_15059T0	228	229	1	0.325451
MGG_11443T0	3310	3311	901	20.2809
MGG_11430T0	4516	4517	1306	21.5483
MGG_00880T0	1874	1875	932.258	37.0558
MGG_06358T0	3076	3077	1860	45.0512
MGG_07560T0	1463	1464	40	2.03629
MGG_01255T0	1541	1542	1283	62.0102
MGG_05676T0	1983	1984	6059	227.604
MGG_17476T0	759	760	130	12.7482
MGG_05348T0	1496	1497	177.877	8.85561
MGG_15594T0	321	322	0	0
MGG_17576T0	261	262	0	0
MGG_16044T0	1239	1240	15	0.901551
MGG_09285T0	2116	2117	3917	137.897
MGG_03224T0	1280	1281	3044	177.099
MGG_15107T0	552	553	3	0.404312
MGG_10487T0	1741	1742	51	2.18194
MGG_00871T0	3103	3104	5749.6	138.05
MGG_09238T0	1720	1721	45430	1967.35
MGG_07065T0	3350	3351	403	8.96296
MGG_06039T0	5249	5250	1292.66	18.3505
MGG_08355T0	461	462	2	0.322633
MGG_00936T0	321	322	0	0
MGG_09811T0	2906	2907	988	25.3298
MGG_01655T0	3409	3410	1425	31.1445
MGG_04484T0	1106	1107	6945.95	467.633
MGG_16375T0	1287	1288	109	6.30712
MGG_15504T0	258	259	37	10.6469
MGG_01974T0	1394	1395	180	9.61654
MGG_17021T0	339	340	0	0
MGG_16064T0	675	676	102.491	11.2995
MGG_05340T0	2549	2550	1085.76	31.7334
MGG_05763T0	650	651	490	56.0965
MGG_08239T0	1236	1237	0	0
MGG_07811T0	507	508	0	0
MGG_17182T0	183	184	0	0
MGG_17794T0	883	884	80	6.74463
MGG_02951T0	1636	1637	921	41.9307
MGG_04361T0	1323	1324	93	5.23499
MGG_03438T0	2139	2140	2117	73.7272
MGG_04804T0	2745	2746	470.949	12.7819
MGG_10140T0	1411	1412	4238.57	223.72
MGG_08770T0	1679	1680	68	3.01662
MGG_04039T0	813	814	1479.54	135.464
MGG_07899T0	153	154	0	0
MGG_14988T0	2436	2437	9	0.275238
MGG_15800T0	939	940	164.329	13.0289
MGG_13764T0	1890	1891	21	0.827653
MGG_07303T0	1048	1049	58	4.12072
MGG_15067T0	3162	3163	160	3.77
MGG_09114T0	1713	1714	840	36.5249
MGG_03325T0	1459	1460	26	1.32721
MGG_03016T0	1044	1045	906	64.6149
MGG_03196T0	3674	3675	7276	147.556
MGG_01806T0	1503	1504	35.1756	1.74307
MGG_12994T0	795	796	11436	1070.73
MGG_11877T0	1275	1276	670	39.1332
MGG_10507T0	3267	3268	1657	37.7886
MGG_09022T0	1595	1596	18	0.840544
MGG_02985T0	1902	1903	1233	48.2886
MGG_17045T0	228	229	0	0
MGG_16015T0	1002	1003	15	1.11458
MGG_07665T0	1652	1653	164	7.39421
MGG_06470T0	3141	3142	1238	29.3653
MGG_05266T0	2586	2587	11031	317.789
MGG_09895T0	1791	1792	502	20.8779
MGG_05481T0	2172	2173	2397	82.2108
MGG_17691T0	168	169	0	0
MGG_07853T0	1713	1714	0	0
MGG_12415T0	783	784	7	0.66543
MGG_03690T0	2624	2625	3831	108.769
MGG_01240T0	2628	2629	15278	433.108
MGG_17232T0	300	301	0	0
MGG_08469T0	557	558	0	0
MGG_05327T0	766	767	1717	166.838
MGG_03109T1	3058	3059	719.432	17.5279
MGG_03109T0	3130	3131	3154.57	75.0892
MGG_03633T0	3683	3684	163	3.29753
MGG_08652T0	984	985	2	0.151326
MGG_07413T0	537	538	6	0.83117
MGG_16503T0	631	632	4	0.471698
MGG_14203T0	1818	1819	826	33.8429
MGG_05167T0	1451	1452	1290	66.2131
MGG_16635T0	776	777	8	0.767343
MGG_17453T0	2115	2116	783	27.5783
MGG_02100T0	879	880	2	0.169382
MGG_11390T0	1847	1848	238.802	9.63067
MGG_09571T0	2583	2584	3585	103.399
MGG_08940T0	873	874	0	0
MGG_06269T0	1115	1116	11564	772.262
MGG_15031T0	474	475	2	0.313803
MGG_14348T0	2667	2668	3368	94.0821
MGG_00078T0	1285	1286	136	7.88168
MGG_15698T0	153	154	2	0.967899
MGG_06204T0	2600	2601	2275	65.1871
MGG_02915T0	1548	1549	376	18.0908
MGG_00660T0	4098	4099	3224.94	58.636
MGG_01486T0	4020	4021	92	1.7052
MGG_16798T0	204	205	2	0.727105
MGG_12536T0	1842	1843	1857	75.0944
MGG_09894T0	618	619	7506	903.73
MGG_14295T0	1224	1225	0	0
MGG_04534T0	4234	4235	144	2.53414
MGG_17888T0	760	761	965	94.5069
MGG_09505T0	3358	3359	5322	118.083
MGG_00348T0	2387	2388	1999	62.3877
MGG_10661T0	1436	1437	16	0.82982
MGG_08681T0	1689	1690	152.017	6.7039
MGG_07268T0	2152	2153	6290.85	217.764
MGG_15425T0	465	466	11	1.75925
MGG_13245T0	1347	1348	915	50.5885
MGG_10817T0	1291	1292	43	2.48043
MGG_18020T0	408	409	0	0
MGG_12899T0	4241	4242	611.64	10.746
MGG_17617T0	1949	1950	4015	153.452
MGG_12491T0	345	346	0	0
MGG_17097T0	1951	1952	100	3.81804
MGG_04619T0	1352	1353	293.772	16.182
MGG_08730T0	2583	2584	489	14.1038
MGG_04116T0	5004	5005	1443.04	21.4879
MGG_15402T0	3363	3364	1712.05	37.9298
MGG_14754T0	2498	2499	286	8.52944
MGG_00909T0	3238	3239	921	21.1919
MGG_09915T0	4034	4035	1723	31.8246
MGG_17539T0	2338	2339	1626	51.8097
MGG_17816T0	1795	1796	178	7.38643
MGG_17765T0	1218	1219	0	0
MGG_07051T0	3406	3407	214	4.68126
MGG_04237T0	1609	1610	1955	90.4985
MGG_01574T0	1661	1662	662	29.6857
MGG_15937T0	660	661	36	4.05903
MGG_01941T0	2222	2223	49	1.64277
MGG_14195T0	417	418	0	0
MGG_17397T0	372	373	13	2.5975
MGG_09932T0	2199	2200	3460	117.213
MGG_00171T0	2063	2064	1776	64.1289
MGG_04405T0	3507	3508	2719	57.7657
MGG_10469T0	2655	2656	103	2.89021
MGG_08193T0	687	688	107	11.5909
MGG_18026T0	195	196	0	0
MGG_06460T0	1287	1288	1382.1	79.973
MGG_02297T0	2106	2107	3594	127.126
MGG_04953T0	294	295	431	108.887
MGG_16205T0	462	463	6	0.965808
MGG_02395T0	6972	6973	438	4.68139
MGG_05022T0	966	967	67	5.1638
MGG_15334T0	4053	4054	3	0.0551516
MGG_06851T0	1680	1681	175	7.75874
MGG_14129T0	945	946	249	19.6168
MGG_04567T0	3156	3157	1065	25.1418
MGG_08998T0	639	640	0	0
MGG_06668T0	1571	1572	14175	672.034
MGG_04883T0	938	939	1542	122.388
MGG_07984T0	453	454	0	0
MGG_02625T0	477	478	6478	1010.03
MGG_17831T0	165	166	10	4.48965
MGG_11148T0	1659	1660	2635	118.302
MGG_04073T0	2096	2097	134	4.76241
MGG_13063T0	1880	1881	417	16.5222
MGG_08639T0	1263	1264	142.721	8.41513
MGG_00077T0	1959	1960	3010	114.454
MGG_02867T0	3127	3128	1992.47	47.4729
MGG_17215T0	1626	1627	7	0.32065
MGG_09321T0	1731	1732	81.6071	3.51157
MGG_02610T0	1044	1045	4226	301.394
MGG_11155T0	558	559	314	41.8638
MGG_14721T0	515	516	25	3.61086
MGG_08566T0	1146	1147	112	7.27738
MGG_17550T0	228	229	0	0
MGG_12396T0	2020	2021	1803	66.489
MGG_00570T0	1029	1030	2	0.144715
MGG_04457T0	879	880	1162.76	98.4754
MGG_03443T0	2478	2479	0	0
MGG_10496T0	1091	1092	1929	131.653
MGG_01082T0	2545	2546	554.762	16.2394
MGG_01082T1	1829	1830	4947.24	201.48
MGG_10456T0	1144	1145	2915	189.738
MGG_17210T0	2820	2821	743.311	19.6376
MGG_16105T1	457	458	0	0
MGG_16105T0	480	481	6	0.929666
MGG_07602T0	1190	1191	571	35.731
MGG_01028T0	1590	1591	3281	153.694
MGG_11241T0	2630	2631	4908	139.029
MGG_02911T0	1707	1708	1651.98	72.0837
MGG_04469T0	2851	2852	3158.36	82.5339
MGG_15678T0	282	283	0	0
MGG_06529T0	3246	3247	975.783	22.3971
MGG_06529T1	3339	3340	1873.22	41.7987
MGG_00982T0	3671	3672	2417	49.0563
MGG_00169T0	1550	1551	837	40.2193
MGG_00534T0	1702	1703	423	18.5117
MGG_04271T0	489	490	0	0
MGG_11370T0	1982	1983	40	1.50334
MGG_04118T0	6363	6364	3206	37.5452
MGG_06097T0	1347	1348	1197.86	66.227
MGG_14813T0	3082	3083	284	6.86539
MGG_17326T0	156	157	0	0
MGG_18094T0	234	235	0	0
MGG_00953T0	1619	1620	293.621	13.5081
MGG_01557T0	1185	1186	3645.59	229.089
MGG_07794T0	2857	2858	135	3.5204
MGG_01866T0	1676	1677	60	2.66648
MGG_02996T0	2258	2259	633	20.8837
MGG_18050T0	339	340	0	0
MGG_05303T0	3288	3289	1833	41.5355
MGG_07319T0	4211	4212	6449	114.11
MGG_14886T0	2185	2186	3040	103.644
MGG_00270T0	1342	1343	49	2.7192
MGG_17719T0	605	606	1.66463	0.204722
MGG_10008T0	1092	1093	13	0.886429
MGG_05639T0	2844	2845	18.3637	0.481061
MGG_05639T1	2375	2376	20.6363	0.647299
MGG_11342T0	3085	3086	476	11.4956
MGG_05956T0	2160	2161	6493	223.93
MGG_04625T0	4550	4551	6714	109.95
MGG_07887T0	2183	2184	0	0
MGG_13027T0	339	340	2	0.438401
MGG_09210T0	2579	2580	2092	60.4314
MGG_01530T0	1761	1762	7	0.296083
MGG_02537T0	2972	2973	646	16.1942
MGG_11454T0	3029	3030	3988	98.0919
MGG_10164T0	2876	2877	876	22.6926
MGG_05109T0	1164	1165	6611	422.924
MGG_17249T0	438	439	0	0
MGG_17565T0	345	346	0	0
MGG_03151T0	1321	1322	1556	87.72
MGG_10572T0	1381	1382	734	39.583
MGG_09796T0	2659	2660	9.00705	0.252361
MGG_01980T0	1071	1072	17	1.18188
MGG_10012T0	1443	1444	0	0
MGG_16997T0	3805	3806	461.494	9.03687
MGG_09757T0	3135	3136	177.056	4.2078
MGG_03379T0	2169	2170	51	1.75158
MGG_15227T0	183	184	569	230.47
MGG_10153T0	2632	2633	5159	146.028
MGG_05734T0	1768	1769	687.241	28.9535
MGG_03869T0	2115	2116	412	14.5112
MGG_02632T0	2113	2114	1211.2	42.7002
MGG_02632T1	2101	2102	2521.8	89.4128
MGG_01504T0	1248	1249	874	52.1518
MGG_03567T0	2613	2614	760.715	21.6889
MGG_01157T0	7372	7373	2175.83	21.9939
MGG_06098T0	2636	2637	2359	66.6712
MGG_15526T0	174	175	14	5.96226
MGG_04941T0	1070	1071	8571	596.434
MGG_03773T0	1180	1181	65	4.10189
MGG_04573T0	675	676	0	0
MGG_15049T0	1938	1939	76	2.92117
MGG_02569T0	5475	5476	676	9.20034
MGG_04838T0	3379	3380	29	0.639443
MGG_03246T0	1121	1122	101.497	6.74189
MGG_06134T0	2826	2827	2287	60.2922
MGG_15677T0	981	982	274	20.795
MGG_15081T0	2676	2677	50	1.39201
MGG_08463T0	3276	3277	907	20.6277
MGG_00703T0	969	970	1	0.0768332
MGG_14574T0	2485	2486	1596	47.8468
MGG_03118T0	3566	3567	229.723	4.79978
MGG_01629T0	1752	1753	213.542	9.07866
MGG_10773T0	845	846	33	2.90713
MGG_12974T0	566	567	2644	347.535
MGG_04145T0	3927	3928	49	0.929705
MGG_03023T0	1532	1533	640	31.1142
MGG_03448T0	2060	2061	474	17.1404
MGG_15548T0	387	388	0	0
MGG_09134T0	933	934	390	31.1199
MGG_08741T0	1248	1249	5808	346.565
MGG_01512T0	2272	2273	229	7.50856
MGG_04520T0	3211	3212	924	21.4396
MGG_17166T0	1048	1049	42	2.98397
MGG_06848T0	3632	3633	2464	50.5471
MGG_05008T0	1832	1833	142	5.7736
MGG_12471T0	1559	1560	4	0.191098
MGG_18123T0	153	154	0	0
MGG_03219T0	2190	2191	1226	41.7031
MGG_10486T0	2732	2733	131	3.57234
MGG_04998T0	1301	1302	167.383	9.5812
MGG_12930T0	658	659	65	7.35104
MGG_02813T0	1957	1958	16404	624.393
MGG_07362T0	860	861	0	0
MGG_15200T0	321	322	0	0
MGG_06158T0	2175	2176	908	31.0991
MGG_17803T0	1441	1442	344	17.7793
MGG_07986T0	342	343	0	0
MGG_00446T0	1056	1057	2109	148.704
MGG_05016T0	300	301	14	3.46643
MGG_17677T0	2475	2476	1106.49	33.3056
MGG_17001T0	2405	2406	3095	95.8707
MGG_17506T0	806	807	10	0.923522
MGG_07724T0	2564	2565	54	1.56901
MGG_07170T0	2119	2120	442	15.5384
MGG_09848T0	555	556	1494	200.261
MGG_00395T0	1740	1741	50.3028	2.15335
MGG_17607T0	598	599	1	0.124421
MGG_05625T0	2333	2334	221.983	7.08826
MGG_05625T1	2090	2091	1048.02	37.3538
MGG_06382T0	954	955	2	0.15608
MGG_00175T0	1996	1997	21881	816.601
MGG_15604T0	407	408	3	0.548002
MGG_02690T0	3639	3640	10242	209.703
MGG_02947T0	1578	1579	95	4.48396
MGG_12737T0	2226	2227	146	4.886
MGG_01495T0	499	500	19	2.83207
MGG_06703T0	1452	1453	767	39.3415
MGG_07127T0	3343	3344	1114	24.8279
MGG_12814T0	3182	3183	10775	252.291
MGG_01425T0	1815	1816	37	1.51847
MGG_10313T0	528	529	17	2.39505
MGG_08485T0	354	355	0	0
MGG_06442T0	2333	2334	7	0.223521
MGG_09256T0	2191	2192	480	16.32
MGG_01403T0	852	853	70	6.11603
MGG_03982T0	1762	1763	27973.2	1182.53
MGG_08197T0	1381	1382	5	0.269639
MGG_08056T0	2752	2753	662	17.9214
MGG_01680T0	1882	1883	886	35.0674
MGG_07197T0	2748	2749	15611	423.23
MGG_03336T0	860	861	276	23.8906
MGG_09693T0	309	310	31	7.45282
MGG_08795T0	3567	3568	1684	35.1753
MGG_16530T0	897	898	12	0.995923
MGG_03102T0	5571	5572	503.212	6.7307
MGG_05000T0	1260	1261	2	0.118205
MGG_09749T0	2015	2016	1909	70.5726
MGG_15156T0	8640	8641	2966	25.5816
MGG_06337T0	4187	4188	40	0.711826
MGG_01182T0	1331	1332	66	3.69284
MGG_00878T0	1099	1100	7314	495.545
MGG_13691T0	2013	2014	0	0
MGG_03279T0	2771	2772	40	1.07544
MGG_15117T0	309	310	24	5.76993
MGG_11271T0	1343	1344	83	4.60256
MGG_16048T0	186	187	0	0
MGG_14896T0	354	355	0	0
MGG_11467T0	1306	1307	471	26.8575
MGG_00859T0	3164	3165	4241	99.8654
MGG_07676T0	894	895	0	0
MGG_07312T0	4955	4956	6831	102.724
MGG_14905T0	1170	1171	472	30.0404
MGG_06660T0	1569	1570	2452.03	116.398
MGG_02169T0	1653	1654	53	2.38815
MGG_02635T0	672	673	3	0.332221
MGG_09732T0	2237	2238	2115	70.4322
MGG_01450T0	930	931	3481.37	278.69
MGG_11888T0	5050	5051	2168	31.9891
MGG_04103T0	1473	1474	1619.84	81.9022
MGG_02067T0	857	858	4	0.347451
MGG_04982T0	6626	6627	1495	16.813
MGG_15983T0	657	658	0	0
MGG_17345T0	303	304	2428	595.245
MGG_09217T0	1987	1988	1054.78	39.5428
MGG_08537T1	1015	1016	4	0.293418
MGG_08537T0	1126	1127	0	0
MGG_03823T0	1631	1632	62	2.83134
MGG_09907T0	3433	3434	1141	24.7632
MGG_09357T0	1413	1414	0	0
MGG_12880T0	2955	2956	0	0
MGG_10524T0	940	941	999	79.1219
MGG_17842T1	1737	1738	434.183	18.6184
MGG_17842T0	1721	1722	38.2096	1.65371
MGG_17842T2	1668	1669	448.508	20.0279
MGG_16110T0	189	190	0	0
MGG_12350T0	764	765	11	1.07165
MGG_17301T0	249	250	0	0
MGG_10080T0	744	745	0	0
MGG_00653T0	1077	1078	6	0.414814
MGG_12798T0	2549	2550	194.776	5.69268
MGG_03813T0	1203	1204	0	0
MGG_09898T0	8078	8079	1042	9.61238
MGG_16432T0	2183	2184	292	9.96439
MGG_15847T0	548	549	4	0.543011
MGG_07433T0	1389	1390	730	39.1407
MGG_06305T0	2939	2940	435.518	11.0403
MGG_05292T0	1410	1411	2799.05	147.844
MGG_05864T0	2871	2872	6309	163.718
MGG_02584T0	654	655	0	0
MGG_04323T0	1115	1116	90	6.01034
MGG_17640T0	354	355	3	0.629816
MGG_17722T0	4577	4578	47.022	0.765502
MGG_09337T0	2598	2599	21948	629.375
MGG_16904T0	4433	4434	5415	91.0172
MGG_07394T0	936	937	309	24.5776
MGG_02434T0	1258	1259	1042.31	61.7009
MGG_07807T0	654	655	0	0
MGG_06081T1	3580	3581	438.929	9.13503
MGG_06081T0	1861	1862	157.402	6.30015
MGG_14358T0	1782	1783	9.69912	0.405417
MGG_15996T0	647	648	0	0
MGG_03697T0	999	1000	919	68.4914
MGG_17809T0	317	318	12	2.81239
MGG_12290T0	782	783	0	0
MGG_07183T0	2463	2464	2742	82.9368
MGG_07488T0	1741	1742	199	8.51384
MGG_00886T0	3255	3256	2316	53.0121
MGG_13677T0	1404	1405	0	0
MGG_04483T0	2260	2261	2058	67.8368
MGG_14658T0	1269	1270	676	39.6701
MGG_15875T0	165	166	21	9.42827
MGG_02226T0	4050	4051	1651.25	30.3789
MGG_02447T0	5670	5671	639	8.39773
MGG_04944T0	1571	1572	134	6.35291
MGG_09920T0	3248	3249	963.888	22.1104
MGG_07654T0	1818	1819	848	34.7443
MGG_09226T0	2028	2029	958	35.1888
MGG_04234T0	1867	1868	51	2.03476
MGG_14833T0	1062	1063	1294.53	90.7612
MGG_03566T0	554	555	20	2.6857
MGG_07253T0	459	460	81	13.1234
MGG_02436T0	963	964	70	5.4118
MGG_17868T0	195	196	0	0
MGG_03546T0	2464	2465	543	16.4174
MGG_03899T0	4860	4861	906	13.8907
MGG_13127T0	952	953	108	8.44601
MGG_16183T0	2868	2869	836	21.7168
MGG_06271T0	3113	3114	228.679	5.47303
MGG_09410T0	1465	1466	79	4.01619
MGG_05184T0	2172	2173	1651	56.625
MGG_16918T0	267	268	2	0.556181
MGG_01188T0	1009	1010	0	0
MGG_00359T0	1390	1391	3111	166.684
MGG_16696T0	714	715	0	0
MGG_12136T0	1254	1255	183	10.8675
MGG_09399T0	336	337	0	0
MGG_04078T0	2857	2858	261	6.80611
MGG_07883T0	901	902	6	0.495753
MGG_14398T0	384	385	3	0.580739
MGG_06188T0	2778	2779	1459.1	39.1306
MGG_00505T0	1916	1917	7141	277.624
MGG_04428T0	3343	3344	5197	115.826
MGG_12102T0	1392	1393	118	6.31323
MGG_07388T0	2376	2377	17	0.533016
MGG_02089T0	2303	2304	3.08102	0.0996628
MGG_17444T0	156	157	12	5.69642
MGG_04575T0	4451	4452	1820	30.4675
MGG_04677T0	1938	1939	9917	381.174
MGG_08869T0	1950	1951	493	18.8326
MGG_06141T0	1952	1953	1491	56.8979
MGG_17331T0	174	175	2	0.851751
MGG_09692T0	2560	2561	2430	70.716
MGG_09026T0	3440	3441	1088	23.5649
MGG_05808T0	2146	2147	52	1.80506
MGG_05680T0	1255	1256	542	32.1611
MGG_01421T0	2774	2775	306	8.21825
MGG_00712T0	1311	1312	557	31.6404
MGG_17826T0	162	163	0	0
MGG_05981T0	741	742	1698	170.551
MGG_04960T0	1099	1100	1200	81.3035
MGG_02811T0	1218	1219	1232	75.323
MGG_05926T0	2139	2140	3307	115.17
MGG_05433T0	2145	2146	906	31.4644
MGG_16111T0	162	163	1	0.457228
MGG_17666T0	1357	1358	50.0645	2.74758
MGG_07003T0	5024	5025	1088	16.1367
MGG_01988T0	2210	2211	2094	70.5844
MGG_17668T0	3161	3162	723	17.0411
MGG_09565T0	2488	2489	5059.78	151.505
MGG_09259T0	5766	5767	3262	42.1555
MGG_01910T0	875	876	5	0.425389
MGG_06341T0	4700	4701	3730	59.1343
MGG_12644T0	6384	6385	1583	18.4774
MGG_16047T0	876	877	13.8302	1.1753
MGG_05749T0	726	727	132	13.5319
MGG_01376T0	4500	4501	20.0928	0.3327
MGG_01376T1	4320	4321	490.907	8.46712
MGG_03232T0	4405	4406	1198	20.2644
MGG_10605T0	2091	2092	649	23.1208
MGG_07636T0	2615	2616	694	19.7716
MGG_08127T0	1815	1816	26	1.06703
MGG_06075T0	1117	1118	1657.73	110.508
MGG_06075T1	1191	1192	17.2696	1.07976
MGG_11716T0	1236	1237	587	35.3663
MGG_15119T0	186	187	3	1.19564
MGG_03560T0	2999	3000	1541	38.2827
MGG_13584T0	2202	2203	112	3.789
MGG_17121T0	216	217	0	0
MGG_08101T0	3513	3514	3338	70.7954
MGG_02366T0	4777	4778	1138	17.7508
MGG_06844T0	903	904	58	4.78168
MGG_16399T0	763	764	77.1526	7.52624
MGG_02393T0	1327	1328	7	0.392844
MGG_03200T0	3422	3423	2082.98	45.3523
MGG_15021T0	1458	1459	539	27.533
MGG_11458T0	1209	1210	471	29.0106
MGG_03306T0	783	784	13	1.2358
MGG_03621T0	1651	1652	1695	76.4681
MGG_16137T0	366	367	7	1.42152
MGG_02696T0	1427	1428	5091	265.702
MGG_13219T0	3495	3496	746	15.9033
MGG_09602T0	3081	3082	4839	117.016
MGG_00688T0	3536	3537	87	1.83318
MGG_14620T0	3777	3778	1453	28.6632
MGG_15369T0	915	916	0	0
MGG_05280T0	3543	3544	27102	569.939
MGG_16318T0	881	882	61	5.15445
MGG_15484T0	318	319	0	0
MGG_01675T0	1389	1390	420.159	22.5279
MGG_00632T0	2798	2799	1498	39.8868
MGG_14904T0	1533	1534	436	21.1827
MGG_07973T0	798	799	1542	143.833
MGG_17050T0	309	310	0	0
MGG_03939T0	3768	3769	335.672	6.63758
MGG_00482T0	884	885	1478.65	124.521
MGG_03662T0	2397	2398	1316	40.9004
MGG_08574T0	2517	2518	1522	45.0484
MGG_17776T0	1233	1234	0	0
MGG_01146T0	896	897	53	4.40356
MGG_05035T0	2053	2054	2934.45	106.475
MGG_08386T0	1305	1306	0	0
MGG_17805T0	261	262	34	9.6716
MGG_03488T0	2107	2108	410	14.4955
MGG_13796T0	850	851	32	2.80247
MGG_12819T0	3325	3326	17	0.380932
MGG_08636T0	2834	2835	4001	105.181
MGG_09927T0	1665	1666	12985	580.882
MGG_05810T0	2687	2688	1101	30.5266
MGG_07607T0	792	793	42.6138	4.00496
MGG_09011T0	1912	1913	1226	47.7635
MGG_10780T0	444	445	0	0
MGG_09252T0	570	571	13	1.69679
MGG_06298T0	1645	1646	3120	141.269
MGG_11166T0	327	328	15	3.4083
MGG_03973T0	2078	2079	729	26.1333
MGG_15859T0	228	229	9	2.92906
MGG_12918T0	2441	2442	2631.56	80.3134
MGG_16031T0	201	202	0	0
MGG_06849T0	1826	1827	731	29.8194
MGG_10689T0	1790	1791	2323	96.6661
MGG_17155T0	431	432	1	0.172519
MGG_09950T0	3840	3841	229	4.44336
MGG_07714T0	3463	3464	438	9.4236
MGG_08295T0	2760	2761	223	6.01948
MGG_13774T0	1020	1021	333	24.3074
MGG_00099T0	1793	1794	27	1.12166
MGG_06440T0	3682	3683	3067	62.063
MGG_02524T0	1084	1085	922	63.3318
MGG_16289T0	177	178	0	0
MGG_09556T0	1222	1223	1485	90.4942
MGG_06524T0	4071	4072	4601.77	84.2244
MGG_13514T0	1848	1849	759	30.5932
MGG_17248T0	309	310	0	0
MGG_04049T0	1948	1949	391	14.9515
MGG_09219T0	1654	1655	1514	68.1787
MGG_07759T0	438	439	0	0
MGG_12671T0	1223	1224	10802.1	657.729
MGG_01628T0	1558	1559	2049	97.9527
MGG_12989T0	1694	1695	295	12.971
MGG_09064T0	537	538	0	0
MGG_00397T0	2084	2085	967	34.5654
MGG_16886T0	1714	1715	1684	73.1811
MGG_12632T0	1767	1768	3160	133.207
MGG_02168T0	1212	1213	5	0.307206
MGG_01299T0	8864	8865	422	3.54776
MGG_01189T0	1425	1426	398	20.801
MGG_01068T0	4629	4630	513.269	8.26199
MGG_18052T0	448	449	0	0
MGG_10086T0	387	388	5	0.960415
MGG_06348T0	990	991	487	36.6249
MGG_09548T0	672	673	0	0
MGG_04052T0	3146	3147	3702	87.6719
MGG_16534T0	1302	1303	1.7932e-07	1.02567e-08
MGG_00265T0	1481	1482	239	12.0191
MGG_03186T0	2929	2930	7305	185.812
MGG_03193T0	1179	1180	11305	714.018
MGG_13508T0	2921	2922	2199	56.0875
MGG_08766T0	1363	1364	9	0.491755
MGG_17101T0	300	301	15	3.71403
MGG_12750T0	5639	5640	352.022	4.65169
MGG_13471T0	2869	2870	2095.47	54.4152
MGG_06937T0	2275	2276	1618	52.9818
MGG_18022T0	375	376	2	0.396427
MGG_16517T0	623	624	85	10.1521
MGG_11003T0	255	256	0	0
MGG_12317T0	864	865	0	0
MGG_01925T0	3731	3732	10294	205.572
MGG_00242T0	1029	1030	0	0
MGG_04595T0	752	753	1654.87	163.791
MGG_04595T1	850	851	717.127	62.804
MGG_11897T0	450	451	1353	223.585
MGG_09783T0	1213	1214	35461.6	2177.01
MGG_06199T0	1997	1998	1476	55.0569
MGG_05995T0	1048	1049	208	14.7778
MGG_07218T0	2277	2278	189	6.18342
MGG_02337T0	1451	1452	289	14.8338
MGG_05085T0	2439	2440	3582	109.41
MGG_05480T0	1660	1661	6261	280.928
MGG_17410T0	768	769	26	2.51981
MGG_06522T0	2126	2127	2570	90.0505
MGG_05001T0	1416	1417	261	13.7275
MGG_08817T0	725	726	1025	105.222
MGG_07929T0	360	361	12663	2614.27
MGG_01291T0	2949	2950	4243	107.194
MGG_03332T0	2741	2742	2784	75.6698
MGG_12721T0	3522	3523	116	2.45395
MGG_17402T0	552	553	82	11.0512
MGG_05119T0	744	745	64	6.40242
MGG_17644T0	1332	1333	82	4.58463
MGG_07574T0	774	775	58	5.5776
MGG_02406T0	2598	2599	666	19.098
MGG_01651T0	793	794	2298.02	215.702
MGG_09612T0	2004	2005	47	1.74705
MGG_16858T0	864	865	83	7.15126
MGG_15641T0	207	208	6	2.14985
MGG_01886T0	852	853	417	36.4341
MGG_11267T0	2800	2801	555	14.7673
MGG_12937T0	300	301	60	14.8561
MGG_08527T0	1425	1426	587	30.6789
MGG_05192T0	342	343	205	44.5431
MGG_01281T0	1734	1735	3000	128.867
MGG_04028T0	270	271	906.778	249.375
MGG_14637T0	2006	2007	1693	62.8681
MGG_10556T0	252	253	0	0
MGG_02411T0	1491	1492	88.0759	4.39956
MGG_05371T0	2989	2990	556	13.8588
MGG_07966T0	2143	2144	59	2.05092
MGG_04296T0	1050	1051	57	4.04197
MGG_16039T0	845	846	2331.59	205.401
MGG_09244T0	3453	3454	10842	233.942
MGG_06757T0	978	979	1278	97.2901
MGG_13334T0	2626	2627	22	0.624142
MGG_02783T0	1660	1661	34	1.52556
MGG_05300T0	2379	2380	269.34	8.4342
MGG_08062T0	1159	1160	4875.94	313.271
MGG_04477T0	4700	4701	3015	47.7989
MGG_11004T0	324	325	0	0
MGG_16545T0	189	190	0	0
MGG_00222T0	2652	2653	1272.49	35.7468
MGG_16244T0	201	202	2	0.737903
MGG_03098T0	984	985	100	7.56632
MGG_05153T0	3834	3835	315	6.12161
MGG_09322T0	2670	2671	155.393	4.33589
MGG_15538T0	468	469	2	0.317818
MGG_10205T0	1269	1270	0	0
MGG_17303T0	225	226	0	0
MGG_06407T0	876	877	1116.31	94.8648
MGG_15764T0	189	190	70	27.4578
MGG_07471T0	1185	1186	3667	230.434
MGG_17114T0	210	211	65	22.9589
MGG_06908T0	2205	2206	77.3849	2.61439
MGG_08736T0	1632	1633	436	19.8985
MGG_01287T0	2621	2622	3237	92.0091
MGG_04085T0	2374	2375	3512	110.208
MGG_01237T0	3231	3232	2546	58.7094
MGG_05199T0	2671	2672	2011	56.0914
MGG_01676T0	1598	1599	1420.84	66.2243
MGG_02779T0	3745	3746	4029	80.1586
MGG_07852T0	525	526	0	0
MGG_01585T0	1017	1018	1304.68	95.5159
MGG_08442T0	525	526	0	0
MGG_16687T0	291	292	0	0
MGG_12441T0	1767	1768	5	0.21077
MGG_09196T0	1158	1159	36	2.31494
MGG_03288T0	2416	2417	9852	303.786
MGG_17022T0	417	418	0	0
MGG_10237T0	774	775	1	0.0961654
MGG_15520T0	1566	1567	0	0
MGG_14219T0	3147	3148	1933.12	45.7661
MGG_09254T0	1673	1674	1934.91	86.1442
MGG_10503T0	1904	1905	2776	108.604
MGG_14687T0	381	382	0	0
MGG_07974T0	1869	1870	735	29.2932
MGG_04089T0	2060	2061	734	26.5423
MGG_11387T0	4500	4501	242	4.00707
MGG_10392T0	1605	1606	11	0.510467
MGG_02942T0	1959	1960	2650	100.765
MGG_16793T0	2012	2013	802	29.6928
MGG_15841T0	342	343	1.17205	0.254666
MGG_15423T0	2217	2218	2806	94.2859
MGG_10515T0	1379	1380	49	2.64629
MGG_11785T0	1035	1036	7657	550.833
MGG_00742T1	1150	1151	2104.64	136.277
MGG_00742T0	1222	1223	1335.36	81.3755
MGG_09205T0	2797	2798	3697	98.4742
MGG_00819T0	4650	4651	298.25	4.7792
MGG_08597T0	1986	1987	3718	139.454
MGG_05376T0	4280	4281	7098	123.57
MGG_12630T0	2726	2727	2550	69.6908
MGG_01813T0	4588	4589	773	12.554
MGG_10203T0	1469	1470	390.463	19.7963
MGG_15196T0	792	793	0	0
MGG_14803T0	1425	1426	181.458	9.4837
MGG_17788T0	366	367	0	0
MGG_09781T0	813	814	653	59.7874
MGG_01591T0	2319	2320	1272	40.862
MGG_16936T0	735	736	6	0.607567
MGG_11574T0	1197	1198	260	16.1747
MGG_03377T0	1324	1325	959	53.9416
MGG_12130T0	3842	3843	5842.84	113.312
MGG_12130T1	3318	3319	2013.16	45.2055
MGG_02049T0	2139	2140	80	2.7861
MGG_05173T0	911	912	577	47.1522
MGG_05804T0	3070	3071	1840	44.6538
MGG_14708T0	414	415	0	0
MGG_03504T0	1507	1508	52	2.56994
MGG_07856T0	1774	1775	1	0.0419877
MGG_07023T0	948	949	154	12.0941
MGG_01175T0	4369	4370	372	6.34428
MGG_03602T0	1879	1880	19.1023	0.757264
MGG_07624T0	555	556	0	0
MGG_17391T0	408	409	5	0.911103
MGG_06727T0	1142	1143	1125	73.3545
MGG_14996T0	648	649	41	4.70825
MGG_08454T0	1759	1760	140	5.92838
MGG_15646T0	237	238	1352	423.37
MGG_06147T0	3019	3020	2025	49.9734
MGG_04366T0	4862	4863	3798	58.2065
MGG_11599T0	2644	2645	76	2.14145
MGG_07467T0	2076	2077	1394.2	50.0276
MGG_12496T0	1641	1642	0	0
MGG_01562T0	1597	1598	1192.49	55.6157
MGG_14971T0	4037	4038	39273	724.851
MGG_16827T0	444	445	99	16.5804
MGG_07747T0	744	745	450	45.017
MGG_04647T0	1727	1728	7462.89	321.872
MGG_02296T0	495	496	2	0.300517
MGG_10097T0	489	490	161	24.4878
MGG_01383T0	1734	1735	733	31.4866
MGG_09427T0	1486	1487	108	5.41294
MGG_01202T0	2491	2492	4067	121.632
MGG_00573T0	924	925	220	17.7256
MGG_14800T0	2222	2223	1663	55.7537
MGG_16408T0	1797	1798	197.528	8.18764
MGG_05715T0	4022	4023	263	4.87221
MGG_02550T0	1293	1294	160	9.21523
MGG_04697T0	1334	1335	1050	58.6177
MGG_16130T0	171	172	5	2.16652
MGG_15783T0	627	628	0	0
MGG_16182T0	551	552	21	2.83531
MGG_06197T0	2537	2538	2840	83.3964
MGG_14145T0	1866	1867	3	0.119756
MGG_10698T0	2352	2353	1938	61.3836
MGG_03380T0	849	850	14	1.22752
MGG_07199T0	2640	2641	135	3.80966
MGG_06366T0	1099	1100	1263.53	85.608
MGG_05440T0	1936	1937	490	18.8533
MGG_03958T0	1930	1931	2188	84.4473
MGG_16712T0	780	781	34.0402	3.24834
MGG_01041T0	1946	1947	8080.97	309.327
MGG_00864T0	2109	2110	1887	66.6515
MGG_17909T0	1591	1592	3924	183.699
MGG_02270T0	495	496	0	0
MGG_00830T0	2395	2396	1213	37.7307
MGG_14693T0	1617	1618	160	7.36991
MGG_01163T0	1873	1874	222	8.82885
MGG_06144T0	528	529	169	23.8096
MGG_07691T0	1569	1570	0	0
MGG_02413T0	2260	2261	562.385	18.5376
MGG_01819T0	3223	3224	26602.5	614.962
MGG_11773T0	3012	3013	1517	37.5238
MGG_09071T0	1903	1904	397.46	15.5578
MGG_04203T0	2609	2610	1624	46.3731
MGG_05124T0	1380	1381	52	2.80628
MGG_14669T0	471	472	4	0.631595
MGG_15510T0	288	289	34	8.76802
MGG_14940T0	1287	1288	3	0.173591
MGG_02084T0	1380	1381	328	17.7011
MGG_11475T0	3855	3856	2934	56.7079
MGG_17227T0	354	355	0	0
MGG_06772T0	832	833	100	8.94696
MGG_01842T0	2019	2020	1278	47.152
MGG_17134T0	767	768	11	1.06746
MGG_10969T1	2035	2036	3047.14	111.541
MGG_10969T0	2184	2185	2351.86	80.2198
MGG_03605T0	1083	1084	500	34.3765
MGG_06112T0	2145	2146	345.453	11.9972
MGG_00542T0	1597	1598	6	0.279831
MGG_17562T0	153	154	0	0
MGG_12548T0	1294	1295	468	26.9337
MGG_00354T0	4481	4482	5794	96.3446
MGG_04382T0	486	487	976	149.362
MGG_17652T0	1854	1855	775.079	31.1403
MGG_13654T0	853	854	112	9.77419
MGG_13655T0	2448	2449	49	1.49117
MGG_04538T0	1755	1756	156	6.62096
MGG_03307T0	1327	1328	7081	397.39
MGG_13767T0	8022	8023	4	0.0371573
MGG_09582T0	630	631	0	0
MGG_13138T0	351	352	3	0.635184
MGG_09948T0	1372	1373	2193.11	119.045
MGG_05202T0	2523	2524	1137	33.5731
MGG_16390T0	1775	1776	274.879	11.535
MGG_17344T0	456	457	3490	569.154
MGG_17323T0	1179	1180	30	1.89479
MGG_04958T0	2142	2143	816	28.3785
MGG_04579T0	543	544	0	0
MGG_15048T0	1074	1075	885	61.3558
MGG_03505T0	724	725	62	6.37345
MGG_00985T0	1645	1646	517.286	23.4219
MGG_03458T0	2048	2049	691	25.1337
MGG_15684T0	162	163	2	0.914457
MGG_14154T0	1303	1304	57265	3272.9
MGG_12497T0	1698	1699	0	0
MGG_18077T0	240	241	9	2.78321
MGG_17828T0	1610	1611	62	2.86825
MGG_01470T0	1164	1165	2483	158.844
MGG_01059T0	1592	1593	7906.96	369.926
MGG_16521T0	1290	1291	33	1.90506
MGG_03281T0	1677	1678	2888.08	128.274
MGG_03281T1	1356	1357	1123.92	61.7273
MGG_04298T0	1683	1684	0	0
MGG_17148T0	433	434	1	0.171724
MGG_03207T0	1870	1871	22	0.876334
MGG_05765T0	969	970	156	11.986
MGG_01102T0	1739	1740	947.425	40.5804
MGG_00672T0	3079	3080	2288	55.3638
MGG_04369T0	1671	1672	339	15.1107
MGG_01597T0	4528	4529	2986	49.1369
MGG_08047T0	1815	1816	1262	51.7922
MGG_13857T0	309	310	0	0
MGG_09272T0	3167	3168	39775	935.72
MGG_08816T0	686	687	1	0.108484
MGG_03015T0	1599	1600	69	3.21403
MGG_09374T0	930	931	371	29.6992
MGG_09036T0	1235	1236	0	0
MGG_03858T0	1997	1998	670	24.9919
MGG_16895T0	2962	2963	12323	309.959
MGG_04004T0	2622	2623	6739	191.478
MGG_17646T0	957	958	0	0
MGG_15723T0	2608	2609	1035.24	29.5724
MGG_05148T0	2100	2101	284.551	10.0938
MGG_07817T0	2165	2166	94	3.23437
MGG_05533T0	1311	1312	13	0.738466
MGG_15676T0	804	805	15	1.38872
MGG_04876T0	1172	1173	4088.31	259.756
MGG_16807T0	261	262	0	0
MGG_09179T0	2042	2043	3359	122.536
MGG_07620T0	2514	2515	26	0.770471
MGG_14091T0	354	355	2	0.419877
MGG_17806T0	339	340	0	0
MGG_16693T0	387	388	0	0
MGG_15445T0	498	499	83	12.3965
MGG_00363T0	4490	4491	1647	27.332
MGG_03555T0	2474	2475	1057	31.8288
MGG_11494T0	2089	2090	378	13.4793
MGG_08705T0	1798	1799	549.051	22.7458
MGG_07124T0	1317	1318	1820	102.915
MGG_02935T0	2046	2047	2626	95.6087
MGG_07194T0	804	805	1429	132.299
MGG_15411T0	1533	1534	25	1.21461
MGG_09576T0	1180	1181	713	44.9946
MGG_03068T0	2365	2366	49.0426	1.54482
MGG_03068T1	1558	1559	253.957	12.1405
MGG_09007T0	1679	1680	8075	358.223
MGG_08140T0	2859	2860	1407	36.6648
MGG_06317T0	5507	5508	2382	32.2306
MGG_05532T0	1428	1429	33	1.72109
MGG_12858T0	1428	1429	187	9.75282
MGG_17569T0	162	163	3	1.37168
MGG_09003T0	2038	2039	1012	36.99
MGG_06386T0	1191	1192	2610	163.187
MGG_05020T0	1286	1287	476	27.5644
MGG_07515T0	1148	1149	325.389	21.1059
MGG_03299T0	2130	2131	103	3.60226
MGG_17231T0	663	664	0	0
MGG_02451T0	1020	1021	209	15.256
MGG_03393T0	1516	1517	298	14.6403
MGG_13346T0	396	397	95	17.8342
MGG_06555T0	1971	1972	715	27.0221
MGG_08610T0	663	664	52	5.83655
MGG_12181T0	174	175	29	12.3504
MGG_06744T0	1070	1071	730.356	50.8237
MGG_10510T0	1596	1597	449	20.9538
MGG_13957T0	1395	1396	0	0
MGG_16520T0	1772	1773	1046	43.9687
MGG_10145T0	582	583	0	0
MGG_14870T0	3754	3755	1004.36	19.9343
MGG_05999T0	762	763	1543	150.717
MGG_17512T0	162	163	70	32.006
MGG_03726T0	2050	2051	3415.38	124.106
MGG_07969T0	306	307	5	1.21381
MGG_00023T0	1515	1516	0	0
MGG_16086T0	162	163	0	0
MGG_03885T0	1657	1658	1399.42	62.905
MGG_06550T0	2871	2872	17.7085	0.459533
MGG_06550T1	2589	2590	0	0
MGG_01677T0	3568	3569	825.127	17.2304
MGG_15491T0	603	604	4	0.493564
MGG_08043T0	2511	2512	54	1.60212
MGG_16484T0	186	187	1	0.398547
MGG_03363T0	1808	1809	296	12.1948
MGG_16527T0	434	435	55	9.42311
MGG_00128T0	2857	2858	615.298	16.0452
MGG_03329T0	1181	1182	1447	91.2372
MGG_14082T0	228	229	0	0
MGG_17179T0	514	515	22	3.18373
MGG_14465T0	2186	2187	107	3.64633
MGG_04389T0	1450	1451	415.235	21.3278
MGG_16435T0	252	253	5	1.47289
MGG_15120T0	506	507	3	0.440995
MGG_03672T0	2892	2893	108	2.78225
MGG_16228T1	1562	1563	45	2.14573
MGG_16228T0	1613	1614	0	0
MGG_06920T0	2710	2711	5686.15	156.318
MGG_04740T0	1393	1394	1455	77.7895
MGG_07361T0	1704	1705	351	15.3428
MGG_09723T0	594	595	0	0
MGG_11486T0	2565	2566	277	8.04533
MGG_17686T0	189	190	2	0.784507
MGG_04413T0	2010	2011	142.454	5.2794
MGG_04413T1	2563	2564	1509.55	43.8782
MGG_16426T0	790	791	15	1.4133
MGG_04716T0	871	872	2773.71	237.064
MGG_15830T0	3658	3659	957	19.4926
MGG_05147T0	2561	2562	676.449	19.6778
MGG_00103T0	1404	1405	1269	67.3141
MGG_03446T0	3811	3812	12420.6	242.834
MGG_06444T0	1531	1532	766	37.2641
MGG_06427T0	596	597	1327	165.66
MGG_15726T0	150	151	21	10.3649
MGG_13498T0	5310	5311	1883	26.4238
MGG_04499T0	1479	1480	309	15.5603
MGG_10528T0	4147	4148	1202	21.5967
MGG_06985T0	2254	2255	428	14.1455
MGG_03308T0	910	911	54	4.4177
MGG_11913T0	2779	2780	176	4.71833
MGG_11737T0	1491	1492	4205	210.048
MGG_04871T1	2023	2024	510.201	18.7867
MGG_04871T0	1758	1759	479.799	20.3289
MGG_13552T0	2540	2541	744.412	21.8338
MGG_01273T0	1097	1098	113	7.67003
MGG_02993T0	1833	1834	737	29.9495
MGG_03831T0	1975	1976	0	0
MGG_15451T0	2771	2772	416	11.1846
MGG_13101T0	950	951	346	27.1154
MGG_04825T0	3261	3262	692.134	15.8135
MGG_09218T0	1320	1321	1506.22	84.9778
MGG_12911T0	1401	1402	3668	194.985
MGG_17634T0	3176	3177	142	3.33113
MGG_11129T0	4341	4342	715	12.2726
MGG_04184T0	1262	1263	744.468	43.9302
MGG_09417T0	414	415	2	0.359172
MGG_00932T0	1680	1681	199	8.82279
MGG_16594T0	177	178	0	0
MGG_17845T1	828	829	14.0508	1.26319
MGG_17845T0	887	888	0	0
MGG_14871T0	801	802	3	0.278784
MGG_01828T0	2223	2224	3050	102.208
MGG_15096T0	576	577	0	0
MGG_05308T0	1100	1101	41	2.77535
MGG_07426T0	459	460	0	0
MGG_11903T0	2297	2298	958.634	31.0902
MGG_04913T0	616	617	4718	569.893
MGG_05977T0	1533	1534	2619	127.242
MGG_04863T0	4581	4582	5870	95.4781
MGG_01541T0	4896	4897	26	0.395698
MGG_16528T0	928	929	110.077	8.83087
MGG_02082T0	1432	1433	0	0
MGG_06357T0	829	830	853	76.5935
MGG_01418T0	1424	1425	22	1.15061
MGG_02946T0	1611	1612	1728	79.8913
MGG_05650T0	2683	2684	2275	63.1713
MGG_16689T0	513	514	42	6.08985
MGG_07720T0	2172	2173	7	0.240082
MGG_03484T0	1101	1102	2843	192.272
MGG_04430T0	2996	2997	1896	47.149
MGG_00992T0	1875	1876	73	2.90009
MGG_16772T0	271	272	0	0
MGG_00628T0	1062	1063	4	0.280445
MGG_07049T0	1593	1594	613	28.6611
MGG_00470T0	2198	2199	51	1.72849
MGG_14374T0	468	469	0	0
MGG_05282T0	1064	1065	1624.7	113.696
MGG_05366T0	2840	2841	1224	32.1093
MGG_04533T0	3716	3717	120	2.40608
MGG_12696T0	830	831	0	0
MGG_12515T0	4817	4818	1661.51	25.7014
MGG_15894T0	288	289	7.12297	1.83689
MGG_11870T0	2962	2963	210	5.28212
MGG_10104T0	2711	2712	2600	71.4504
MGG_15777T0	1277	1278	0	0
MGG_15777T1	1350	1351	41.4954	2.2891
MGG_16257T0	240	241	34	10.5144
MGG_09076T0	1830	1831	112	4.5588
MGG_00567T0	5367	5368	479	6.65034
MGG_13583T0	1602	1603	4	0.185972
MGG_07748T0	537	538	4	0.554113
MGG_14779T0	353	354	20	4.21063
MGG_01832T0	2334	2335	1194	38.1099
MGG_17699T0	3739	3740	1539.35	30.675
MGG_10564T0	1225	1226	13	0.790267
MGG_02449T0	1524	1525	7805	381.438
MGG_07441T0	4001	4002	2383	44.378
MGG_17631T0	198	199	47	17.6021
MGG_15692T0	290	291	5	1.28055
MGG_09354T0	2731	2732	3	0.0818392
MGG_04746T0	3325	3326	1309	29.3318
MGG_06030T0	1043	1044	4485	320.171
MGG_01581T0	2133	2134	6394	223.305
MGG_00799T0	2403	2404	190	5.89033
MGG_02493T0	3697	3698	1386.71	27.9473
MGG_14837T0	2007	2008	5	0.185578
MGG_16903T0	168	169	0	0
MGG_10021T0	402	403	0	0
MGG_01377T0	1072	1073	1067	74.1115
MGG_00205T0	1682	1683	305	13.5063
MGG_11771T0	2014	2015	392.051	14.5007
MGG_10023T0	924	925	3	0.241713
MGG_01582T0	2026	2027	5906	217.15
MGG_01755T0	1874	1875	6838	271.799
MGG_04053T0	1517	1518	2416.7	118.651
MGG_03354T0	630	631	920	108.662
MGG_13254T0	1742	1743	2102	89.8785
MGG_01818T0	3524	3525	5623.18	118.889
MGG_06931T0	1974	1975	581.578	21.9463
MGG_03665T0	1232	1233	111	6.70935
MGG_12127T0	1342	1343	6002	333.074
MGG_08156T0	2365	2366	33	1.03949
MGG_14716T0	474	475	95	14.9056
MGG_10664T0	3883	3884	336	6.44734
MGG_09919T0	2366	2367	11753	370.059
MGG_17614T0	360	361	0	0
MGG_03640T0	3344	3345	634	14.1258
MGG_15742T0	339	340	8	1.7536
MGG_07015T0	2850	2851	1201	31.3954
MGG_05097T0	2563	2564	580.081	16.8613
MGG_14656T0	1582	1583	1329.65	62.6003
MGG_02592T0	3264	3265	13	0.296743
MGG_17864T0	1107	1108	19	1.27801
MGG_08018T0	267	268	0	0
MGG_00194T0	2283	2284	393	12.8238
MGG_17684T0	341	342	35	7.62716
MGG_08180T0	1989	1990	1905	71.3448
MGG_02094T0	1629	1630	0	0
MGG_04160T0	5872	5873	152	1.92888
MGG_11322T0	1413	1414	691	36.4208
MGG_10058T0	2138	2139	2471	86.0959
MGG_00330T0	1724	1725	4633	200.168
MGG_06435T0	568	569	375	49.1179
MGG_16060T0	1134	1135	0	0
MGG_11224T0	2156	2157	43026.8	1486.65
MGG_01385T0	2319	2320	1036	33.2807
MGG_17546T0	546	547	15	2.04374
MGG_15624T0	1991	1992	627.988	23.4954
MGG_17333T0	198	199	2	0.749027
MGG_02533T0	5974	5975	384	4.78976
MGG_00106T0	2732	2733	3963.64	108.087
MGG_03558T0	3823	3824	1303	25.3949
MGG_12697T0	4046	4047	1097	20.202
MGG_15856T0	722	723	16	1.64931
MGG_15320T0	630	631	4	0.472445
MGG_15683T0	216	217	1	0.343448
MGG_03421T0	1056	1057	2	0.141018
MGG_10138T0	1862	1863	439.091	17.5656
MGG_03107T0	1960	1961	5081	193.104
MGG_16018T0	485	486	25.98	3.98404
MGG_03356T0	1068	1069	77	5.36826
MGG_14863T0	1053	1054	1524	107.762
MGG_17426T0	1074	1075	42	2.9118
MGG_14657T0	798	799	162.33	15.1417
MGG_05436T0	1167	1168	1302	83.0785
MGG_05904T0	4360	4361	4541.96	77.6208
MGG_01766T0	1537	1538	1523	73.8013
MGG_15539T0	607	608	22	2.69674
MGG_01769T1	2508	2509	398.994	11.8518
MGG_01769T0	2565	2566	399.006	11.5889
MGG_12804T0	2241	2242	977	32.4773
MGG_07980T0	1885	1886	144	5.69038
MGG_16825T0	2214	2215	549	18.4722
MGG_11092T0	504	505	0	0
MGG_04971T0	2223	2224	675	22.6198
MGG_05291T0	2327	2328	853.951	27.3383
MGG_00426T0	819	820	40	3.63552
MGG_10422T0	1950	1951	900	34.38
MGG_06778T0	2774	2775	236	6.33826
MGG_02319T0	1512	1513	0	0
MGG_00665T0	2317	2318	1010.59	32.4926
MGG_10799T0	2456	2457	1323	40.1306
MGG_05122T0	1606	1607	37	1.71596
MGG_07243T0	2675	2676	2610	72.6901
MGG_00889T0	4586	4587	182	2.95708
MGG_05818T0	423	424	33	5.80054
MGG_02543T0	987	988	58	4.37514
MGG_16867T0	4063	4064	732	13.4239
MGG_01238T0	5702	5703	762	9.958
MGG_04396T0	3648	3649	11782.1	240.641
MGG_08854T0	1951	1952	270	10.3087
MGG_08087T0	2343	2344	6542	208.005
MGG_04723T0	525	526	89	12.6103
MGG_15556T0	189	190	11	4.31479
MGG_08141T0	2841	2842	621	16.285
MGG_00773T0	1405	1406	124	6.5729
MGG_17277T0	5858	5859	460.802	5.86154
MGG_16911T0	177	178	3	1.25609
MGG_05710T0	1530	1531	130	6.32833
MGG_16396T0	231	232	0	0
MGG_16934T0	369	370	0	0
MGG_10053T0	1285	1286	456	26.4268
MGG_17861T0	2166	2167	320	11.0056
MGG_09735T0	630	631	9	1.063
MGG_13076T0	912	913	31	2.53053
MGG_06447T0	5562	5563	792	10.6105
MGG_06116T0	2264	2265	168	5.52792
MGG_02013T0	354	355	0	0
MGG_02467T0	737	738	3050	308.01
MGG_04248T0	2474	2475	65	1.95731
MGG_06231T0	420	421	0	0
MGG_00545T0	2163	2164	238	8.19673
MGG_12420T0	416	417	13578.4	2426.79
MGG_02477T0	1685	1686	573	25.329
MGG_01953T0	348	349	0	0
MGG_15616T0	195	196	1	0.380246
MGG_16329T0	300	301	0	0
MGG_08591T0	2299	2300	913.366	29.5963
MGG_17018T0	897	898	147	12.2001
MGG_16225T0	240	241	49	15.153
MGG_11116T0	4740	4741	650	10.218
MGG_09763T0	1203	1204	10	0.619005
MGG_08271T0	2281	2282	979.228	31.9808
MGG_08271T1	2266	2267	14.7718	0.485628
MGG_08658T0	354	355	0	0
MGG_00673T0	1311	1312	0	0
MGG_04702T0	1169	1170	922	58.7308
MGG_00310T0	2032	2033	32	1.1731
MGG_01071T0	2385	2386	266	8.30868
MGG_00052T0	675	676	1010	111.351
MGG_08891T0	2037	2038	549	20.0765
MGG_06739T0	2010	2011	9	0.333542
MGG_16864T0	218	219	10	3.40311
MGG_04126T0	2572	2573	983	28.4731
MGG_04615T0	4106	4107	1910	34.6601
MGG_04663T0	1536	1537	485.499	23.5416
MGG_15860T0	1504	1505	1478	73.1912
MGG_09293T0	3847	3848	3132.59	60.6721
MGG_16206T0	1137	1138	0	0
MGG_16206T1	819	820	0	0
MGG_16906T0	150	151	102	50.3436
MGG_16644T0	439	440	8	1.35506
MGG_14872T0	2749	2750	761	20.624
MGG_00625T0	1430	1431	662	34.4778
MGG_11473T0	2183	2184	194	6.62018
MGG_01138T0	1401	1402	449	23.8682
MGG_11255T0	859	860	1221	105.813
MGG_06062T0	4408	4409	228	3.85403
MGG_04870T0	2141	2142	1692	58.871
MGG_01528T0	1757	1758	1370	58.0794
MGG_00990T0	4175	4176	1816	32.4098
MGG_04898T0	504	505	581	85.7443
MGG_02531T0	3518	3519	210	4.44755
MGG_00068T0	2243	2244	683	22.6839
MGG_05757T0	1553	1554	953.453	45.7266
MGG_02828T0	4675	4676	361	5.75378
MGG_15333T0	1233	1234	0	0
MGG_09887T0	1035	1036	2243.27	161.377
MGG_15298T0	1269	1270	82	4.81206
MGG_16752T0	1081	1082	6.09466	0.4198
MGG_10810T0	537	538	0	0
MGG_13202T0	2036	2037	580	21.2206
MGG_11611T0	1527	1528	3787	184.711
MGG_07763T0	1524	1525	3429	167.579
MGG_07506T0	2343	2344	61	1.93951
MGG_16272T0	701	702	2	0.212331
MGG_00308T0	2169	2170	690.467	23.714
MGG_02567T0	2296	2297	912	29.5907
MGG_05937T0	3997	3998	491	9.15291
MGG_15118T0	641	642	2548	295.791
MGG_16227T0	409	410	7	1.27243
MGG_08399T0	387	388	0	0
MGG_05753T0	1533	1534	26226	1274.17
MGG_07473T0	1960	1961	142	5.39674
MGG_04210T0	1605	1606	2390	110.911
MGG_15309T0	573	574	1	0.12984
MGG_13309T0	3118	3119	12	0.286739
MGG_18010T0	485	486	8	1.2268
MGG_17421T0	432	433	4	0.688482
MGG_16242T0	564	565	6	0.79145
MGG_16240T0	156	157	0	0
MGG_02016T0	1755	1756	0	0
MGG_00066T0	1381	1382	276	14.8841
MGG_08796T0	309	310	0	0
MGG_04862T0	2487	2488	4855	145.432
MGG_02143T0	1149	1150	6	0.388843
MGG_17658T0	1482	1483	0	0
MGG_08459T0	1563	1564	56	2.66853
MGG_00233T0	7158	7159	0	0
MGG_05992T0	1980	1981	4276	160.87
MGG_04096T0	542	543	0	0
MGG_01438T0	786	787	404	38.2584
MGG_03812T0	996	997	0	0
MGG_10588T0	3269	3270	5629	128.293
MGG_15796T0	330	331	10	2.25161
MGG_03075T0	2614	2615	2330	66.4056
MGG_04628T0	1785	1786	284	11.8511
MGG_10636T0	930	931	2795	223.745
MGG_02369T0	630	631	1	0.118111
MGG_12016T0	711	712	47	4.9197
MGG_04109T0	1744	1745	790	33.7406
MGG_00503T0	3325	3326	6932.03	155.331
MGG_17926T0	380	381	26	5.08591
MGG_14794T0	1617	1618	72	3.31646
MGG_03539T0	963	964	10	0.773114
MGG_05640T0	750	751	654	64.9021
MGG_16167T0	1608	1609	0	0
MGG_04132T0	4069	4070	1755.05	32.1377
MGG_07267T0	1972	1973	1048.15	39.593
MGG_02347T0	668	669	3824	426.003
MGG_17171T0	201	202	5	1.84476
MGG_15057T0	2749	2750	366.385	9.92946
MGG_06032T0	2364	2365	345	10.872
MGG_16308T0	1384	1385	236	12.6994
MGG_14550T0	1664	1665	264	11.8171
MGG_15686T0	324	325	3	0.687953
MGG_01996T0	4709	4710	0.00981275	0.000155271
MGG_01996T1	4656	4657	1762.99	28.214
MGG_05249T0	1888	1889	3384.4	133.527
MGG_13023T0	1552	1553	936	44.9185
MGG_07524T0	1631	1632	1639	74.8479
MGG_16372T0	1299	1300	80	4.58635
MGG_00176T0	1168	1169	56	3.57021
MGG_16751T0	1128	1129	162.309	10.7144
MGG_15558T0	183	184	0	0
MGG_06566T0	4045	4046	733	13.502
MGG_00646T0	1146	1147	204.429	13.2831
MGG_15902T0	2760	2761	23.0326	0.621722
MGG_05648T0	881	882	395	33.3771
MGG_00885T0	3205	3206	1400	32.5451
MGG_10546T0	315	316	0	0
MGG_03843T0	2652	2653	1005	28.2325
MGG_11357T0	3855	3856	1757	33.959
MGG_01207T0	5073	5074	1601.37	23.5214
MGG_01207T1	5502	5503	489.625	6.63109
MGG_15775T1	2969	2970	215.318	5.40312
MGG_15775T0	742	743	0	0
MGG_11141T0	4123	4124	1394	25.1921
MGG_16077T0	900	901	712.215	58.9124
MGG_10269T0	3027	3028	2008	49.4229
MGG_08409T0	888	889	0	0
MGG_17798T0	423	424	5	0.87887
MGG_05121T0	2681	2682	197	5.47429
MGG_03406T0	3782	3783	723	14.2437
MGG_15696T0	1752	1753	60.7756	2.58385
MGG_10163T0	1802	1803	927	38.3182
MGG_00486T0	959	960	162.845	12.6422
MGG_09560T0	5038	5039	2706	40.0225
MGG_13116T0	1409	1410	271.46	14.3486
MGG_08708T0	2454	2455	2569.93	78.0172
MGG_13182T0	336	337	0	0
MGG_10362T0	1122	1123	11	0.730018
MGG_14175T0	3019	3020	986	24.3327
MGG_18112T0	468	469	0	0
MGG_18112T1	631	632	10	1.17924
MGG_09929T0	999	1000	288.294	21.486
MGG_03963T0	2840	2841	1354	35.5196
MGG_06454T0	1662	1663	777	34.8217
MGG_10697T0	1102	1103	860.822	58.1645
MGG_05302T0	2734	2735	96.3993	2.62686
MGG_16600T0	624	625	5	0.596226
MGG_15460T0	597	598	0	0
MGG_09262T0	1916	1917	897.097	34.8769
MGG_05976T0	1218	1219	1113	68.0475
MGG_16332T0	180	181	85	34.9994
MGG_17224T0	1020	1021	24	1.75189
MGG_13768T0	2385	2386	248	7.74644
MGG_11606T0	1609	1610	228	10.5543
MGG_09821T0	1668	1669	591	26.3908
MGG_17126T0	159	160	0	0
MGG_07882T0	1884	1885	184	7.2749
MGG_06839T0	3231	3232	97	2.23677
MGG_05023T0	1059	1060	329	23.1319
MGG_07814T0	834	835	0	0
MGG_16358T0	725	726	0	0
MGG_08623T0	3323	3324	2448.87	54.9067
MGG_09867T0	1222	1223	317.141	19.3262
MGG_09204T0	1498	1499	811	40.3218
MGG_08137T0	3728	3729	464	9.27356
MGG_09445T0	1700	1701	6	0.262886
MGG_15751T0	396	397	27	5.06867
MGG_09287T0	1863	1864	2766	110.593
MGG_17030T0	309	310	8	1.92331
MGG_16402T0	807	808	1342	123.783
MGG_03294T0	2359	2360	15	0.473696
MGG_11906T0	873	874	169	14.4111
MGG_08452T0	3390	3391	92.7836	2.03922
MGG_06798T0	1323	1324	0	0
MGG_08725T0	4530	4531	42402	697.45
MGG_00912T0	2987	2988	1180	29.4322
MGG_08377T0	1497	1498	1	0.0497518
MGG_02246T0	660	661	87	9.80931
MGG_05614T0	1461	1462	1006	51.2828
MGG_17475T0	336	337	6	1.32691
MGG_09394T0	2165	2166	481	16.5504
MGG_02075T0	3493	3494	95	2.02638
MGG_17761T0	311	312	0	0
MGG_16554T0	774	775	0	0
MGG_09458T0	1721	1722	4123.6	178.469
MGG_16846T0	761	762	91	8.90035
MGG_16157T0	399	400	2	0.372641
MGG_00900T0	444	445	115	19.2601
MGG_00930T0	5944	5945	876	10.9818
MGG_01149T0	576	577	5503	710.795
MGG_02938T0	1108	1109	1947	130.844
MGG_16806T0	3654	3655	181	3.69073
MGG_15589T0	474	475	115	18.0437
MGG_01510T0	2813	2814	763	20.2079
MGG_10559T0	429	430	0	0
MGG_01519T0	1284	1285	3632	210.651
MGG_17072T0	2166	2167	9182	315.791
MGG_16328T0	633	634	0	0
MGG_15381T0	642	643	2	0.231814
MGG_08398T0	588	589	0	0
MGG_12165T0	1756	1757	191	8.10181
MGG_00783T0	1574	1575	969	45.8526
MGG_18097T0	675	676	20	2.20498
MGG_15814T0	1015	1016	13316	976.789
MGG_10788T0	432	433	0	0
MGG_03594T0	1396	1397	694.111	37.03
MGG_09006T0	976	977	4903.73	374.07
MGG_10741T0	1835	1836	606.512	24.62
MGG_07352T0	345	346	0	0
MGG_09068T0	870	871	0	0
MGG_07656T0	3387	3388	65	1.42985
MGG_07715T0	1424	1425	204	10.6693
MGG_16919T0	159	160	0	0
MGG_08905T0	1191	1192	3491	218.27
MGG_03681T0	1887	1888	4010	158.294
MGG_17737T0	186	187	0	0
MGG_17087T0	669	670	5	0.556181
MGG_11617T0	1986	1987	1	0.0375079
MGG_05615T0	2782	2783	746	19.9777
MGG_16172T0	396	397	0	0
MGG_09426T0	1884	1885	326	12.8892
MGG_06909T0	2035	2036	1309	47.9162
MGG_17515T0	249	250	0	0
MGG_15291T0	3638	3639	7342.14	150.37
MGG_08633T0	672	673	97	10.7418
MGG_02956T0	1958	1959	194	7.38054
MGG_06349T0	1179	1180	3384	213.732
MGG_05768T0	2682	2683	208	5.77781
MGG_05125T0	3393	3394	7331	160.98
MGG_06564T0	1955	1956	2321	88.4356
MGG_03919T0	2625	2626	8267	234.625
MGG_02694T0	2079	2080	228	8.16944
MGG_17965T0	793	794	2	0.187728
MGG_09396T0	1382	1383	6959	375.012
MGG_17702T0	1579	1580	785	37.0283
MGG_06187T0	921	922	646	52.2182
MGG_00276T0	1545	1546	4706	226.863
MGG_17043T0	168	169	0	0
MGG_14874T0	861	862	3120	269.754
MGG_05638T0	1912	1913	269	10.4799
MGG_03588T0	1693	1694	213	9.37102
MGG_03682T0	1758	1759	355	15.0412
MGG_02438T0	2607	2608	7897.2	225.676
MGG_17119T0	3027	3028	812	19.9858
MGG_17812T0	1969	1970	357	13.5059
MGG_15580T0	3102	3103	21	0.50438
MGG_15887T0	1328	1329	52	2.91608
MGG_03572T0	1057	1058	900	63.3983
MGG_01535T0	1222	1223	2569	156.552
MGG_14704T0	789	790	110	10.3773
MGG_06312T0	3726	3727	315	6.299
MGG_08139T0	1580	1581	1051.17	49.5519
MGG_08139T1	1529	1530	2888.83	140.719
MGG_16336T0	375	376	339	67.1943
MGG_11269T0	1794	1795	373	15.4869
MGG_07702T0	1195	1196	203	12.6499
MGG_04196T0	4253	4254	4050	70.9542
MGG_15095T0	645	646	0	0
MGG_06073T0	1490	1491	622	31.0909
MGG_15419T0	417	418	0	0
MGG_08363T0	1933	1934	3	0.115607
MGG_05646T0	2888	2889	2311.99	59.6429
MGG_17584T0	396	397	0	0
MGG_16533T0	192	193	0	0
MGG_01177T0	919	920	35	2.83531
MGG_05092T0	1158	1159	199	12.7965
MGG_17406T0	720	721	22	2.27409
MGG_12699T0	321	322	0	0
MGG_17415T0	294	295	4	1.01055
MGG_03317T0	2183	2184	6256	213.484
MGG_08893T0	3923	3924	2079	39.4863
MGG_16699T0	252	253	0	0
MGG_00041T0	1308	1309	515.157	29.3306
MGG_17544T0	153	154	0	0
MGG_08835T0	1602	1603	13048	606.64
MGG_15720T0	1861	1862	1387.83	55.5491
MGG_06053T0	1859	1860	1015	40.67
MGG_15450T0	342	343	0	0
MGG_03757T0	1867	1868	961	38.3413
MGG_12861T0	1689	1690	5575	245.855
MGG_16373T0	3136	3137	61.1012	1.45163
MGG_01862T0	2175	2176	177	6.06227
MGG_01742T0	3036	3037	28359	695.932
MGG_05694T1	2470	2471	2135.8	64.4183
MGG_05694T0	1931	1932	146.198	5.63968
MGG_04566T0	1125	1126	1527	101.07
MGG_07047T0	4618	4619	2059	33.2223
MGG_02247T0	1475	1476	341	17.2182
MGG_15544T0	150	151	3	1.48069
MGG_00163T0	1784	1785	751	31.3561
MGG_02289T0	1805	1806	403	16.6306
MGG_04578T0	315	316	0	0
MGG_10673T0	1026	1027	114	8.27285
MGG_06151T0	1032	1033	691.447	49.886
MGG_04688T0	2551	2552	2711	79.1716
MGG_15403T0	780	781	4	0.381707
MGG_13686T0	533	534	0	0
MGG_12447T0	12105	12106	34	0.209314
MGG_10065T0	603	604	2	0.246782
MGG_05802T0	1290	1291	25	1.44323
MGG_06430T0	2752	2753	381	10.3143
MGG_01604T0	2440	2441	14716	449.307
MGG_07787T0	2448	2449	279	8.49056
MGG_16325T0	474	475	0	0
MGG_04631T0	1068	1069	65	4.53165
MGG_17911T0	336	337	6	1.32691
MGG_08337T0	1430	1431	4	0.208325
MGG_12155T0	4293	4294	14	0.242989
MGG_02186T0	1601	1602	861	40.0554
MGG_01181T0	1725	1726	3	0.129539
MGG_00297T0	1872	1873	1080	42.9741
MGG_14937T0	2537	2538	4544.13	133.438
MGG_09977T0	1892	1893	6637	261.302
MGG_17535T0	1833	1834	682.208	27.7229
MGG_16128T0	273	274	2	0.544002
MGG_18071T0	162	163	0	0
MGG_01093T0	1388	1389	1606	86.1716
MGG_06145T0	3991	3992	2578	48.1297
MGG_06203T0	2060	2061	156553	5661.14
MGG_12813T0	1545	1546	1903	91.7382
MGG_06986T0	1071	1072	29	2.01615
MGG_03579T0	2556	2557	1284	37.4244
MGG_14253T0	189	190	0	0
MGG_09736T0	1084	1085	2182	149.881
MGG_07957T0	1960	1961	10	0.380052
MGG_09567T0	1363	1364	197.399	10.7858
MGG_17408T0	297	298	28	7.00265
MGG_16135T0	177	178	13	5.44307
MGG_05201T0	1041	1042	3172	226.875
MGG_13177T0	2248	2249	383	12.692
MGG_16688T0	435	436	1	0.170936
MGG_07859T0	2238	2239	0	0
MGG_07269T0	996	997	1	0.0747525
MGG_02428T0	2602	2603	603	17.2649
MGG_10700T0	1251	1252	17998	1071.37
MGG_06423T0	1116	1117	853	56.9137
MGG_04822T0	1517	1518	1475	72.4171
MGG_02453T0	1732	1733	1784	76.7215
MGG_04422T0	1418	1419	250.993	13.1826
MGG_10748T0	2022	2023	0	0
MGG_17717T1	682	683	6.83295	0.745604
MGG_17717T0	748	749	28.167	2.80272
MGG_16287T0	1876	1877	3329	132.181
MGG_15854T0	183	184	2	0.810089
MGG_00478T0	1600	1601	298.147	13.879
MGG_06503T0	1461	1462	6809	347.102
MGG_06303T0	1630	1631	1491	68.1309
MGG_08656T0	1815	1816	213	8.74147
MGG_15277T0	4505	4506	531	8.78262
MGG_15187T0	453	454	2	0.328318
MGG_15632T0	318	319	3	0.700892
MGG_17853T0	153	154	0	0
MGG_00371T0	5831	5832	8958.9	114.487
MGG_09186T1	4746	4747	320.357	5.02963
MGG_09186T0	6384	6385	4720.64	55.1012
MGG_17662T0	1146	1147	0	0
MGG_08006T0	1659	1660	3213	144.252
MGG_08637T0	2016	2017	2876	106.268
MGG_16972T0	1590	1591	0	0
MGG_01859T0	2973	2974	164	4.10983
MGG_02925T0	1011	1012	1591	117.168
MGG_07663T0	2537	2538	2050	60.1981
MGG_08697T0	4427	4428	65	1.09402
MGG_16002T0	351	352	0	0
MGG_13409T0	2300	2301	117	3.78957
MGG_06416T0	2380	2381	206	6.44805
MGG_05534T0	3053	3054	6084	148.471
MGG_08549T0	2142	2143	308	10.7115
MGG_17381T0	315	316	1	0.235849
MGG_05132T0	1645	1646	47.3855	2.14554
MGG_01561T0	2787	2788	4285	114.546
MGG_16943T0	447	448	1	0.166358
MGG_17503T0	1419	1420	21	1.10218
MGG_01975T0	2421	2422	9	0.276942
MGG_08847T0	2880	2881	270	6.98459
MGG_00988T0	2059	2060	1094	39.5795
MGG_16462T0	1517	1518	12594	618.318
MGG_02572T0	4124	4125	9675	174.803
MGG_04182T0	2627	2628	2121	60.1501
MGG_03513T0	2272	2273	528	17.3123
MGG_02743T0	2005	2006	428.637	15.925
MGG_11176T0	1729	1730	343.311	14.7898
MGG_07337T0	751	752	6534	647.563
MGG_03174T0	1603	1604	365	16.9593
MGG_09616T0	396	397	0	0
MGG_04291T0	366	367	0	0
MGG_11310T0	1741	1742	161	6.88808
MGG_08702T0	687	688	0	0
MGG_16757T0	372	373	9	1.79827
MGG_16213T0	6225	6226	5802	69.4527
MGG_09306T0	3741	3742	395	7.86709
MGG_03270T0	3549	3550	791.389	16.6143
MGG_08474T0	1790	1791	1517	63.1264
MGG_16175T0	527	528	0	0
MGG_05684T0	1823	1824	996	40.6963
MGG_05656T0	6419	6420	363	4.21398
MGG_11399T0	1488	1489	2021	101.156
MGG_08937T0	2022	2023	18.7911	0.692271
MGG_17379T0	375	376	0	0
MGG_18137T0	2517	2518	4	0.118393
MGG_00638T0	2495	2496	1390	41.5041
MGG_11425T0	8954	8955	3343	27.8222
MGG_00899T0	1859	1860	1010	40.4696
MGG_11192T0	3581	3582	342	7.11576
MGG_17250T0	252	253	0	0
MGG_16122T0	210	211	44	15.5414
MGG_06274T0	1915	1916	1108	43.0988
MGG_13338T0	1700	1701	4497	197.033
MGG_10525T0	2592	2593	1437	41.3024
MGG_09351T0	1322	1323	285	16.0548
MGG_11887T0	1641	1642	232.607	10.5577
MGG_16581T0	255	256	0	0
MGG_15523T0	2819	2820	662.134	17.4992
MGG_12748T0	854	855	13	1.13318
MGG_15708T0	353	354	3	0.631595
MGG_14206T0	1694	1695	3	0.131908
MGG_09563T0	1429	1430	1029	53.629
MGG_07613T0	7956	7957	1217	11.3989
MGG_17513T0	2150	2151	38357	1329
MGG_17478T0	162	163	1	0.457228
MGG_16552T0	633	634	0	0
MGG_09030T0	2141	2142	417	14.509
MGG_09949T0	2472	2473	2311.89	69.673
MGG_05744T0	509	510	0	0
MGG_14156T0	471	472	0	0
MGG_09663T0	306	307	0	0
MGG_04637T0	3124	3125	717	17.0998
MGG_04452T0	976	977	13	0.991675
MGG_03407T0	2889	2890	847	21.8427
MGG_13936T0	2207	2208	10162	343.005
MGG_12101T0	2503	2504	3432	102.149
MGG_03740T0	1179	1180	2121.99	134.024
MGG_15785T0	381	382	0	0
MGG_00088T0	1707	1708	286	12.4795
MGG_00548T0	1475	1476	1545.23	78.0238
MGG_00548T1	1427	1428	6801.77	354.989
MGG_15198T0	957	958	75.2942	5.85756
MGG_11546T0	5081	5082	3885	56.974
MGG_01586T0	3222	3223	7622	176.25
MGG_08573T0	3477	3478	1522	32.6141
MGG_02231T0	936	937	3	0.238618
MGG_17183T0	251	252	9	2.66172
MGG_05424T0	747	748	0	0
MGG_12239T0	315	316	0	0
MGG_03784T0	1656	1657	152	6.83663
MGG_11230T0	1803	1804	380	15.6988
MGG_15590T0	159	160	0	0
MGG_00301T0	1479	1480	0	0
MGG_12920T0	1192	1193	1812	113.198
MGG_03237T0	1977	1978	1133	42.6898
MGG_04835T0	1427	1428	2945	153.701
MGG_07249T0	1077	1078	47	3.24937
MGG_00803T0	4135	4136	7193	129.613
MGG_16705T0	222	223	0	0
MGG_02992T0	2151	2152	107	3.70563
MGG_09471T0	3539	3540	3955	83.2653
MGG_07284T0	1851	1852	1762.83	70.9397
MGG_03639T0	522	523	32	4.56004
MGG_07059T0	4634	4635	1013.11	16.2902
MGG_17727T0	264	265	4	1.12495
MGG_10301T0	879	880	0	0
MGG_14344T0	471	472	0	0
MGG_01343T0	2475	2476	85	2.55852
MGG_17874T0	254	255	5	1.46134
MGG_16292T0	390	391	1	0.190609
MGG_17107T0	156	157	7	3.32291
MGG_09271T0	1496	1497	522	25.9878
MGG_07808T0	1650	1651	152	6.86147
MGG_06590T0	3819	3820	33	0.64383
MGG_08568T0	1927	1928	461	17.8203
MGG_01692T0	1206	1207	483	29.8236
MGG_14606T0	1059	1060	22	1.54681
MGG_03890T0	3699	3700	231	4.65298
MGG_06605T0	2097	2098	12340	438.359
MGG_00821T0	387	388	0	0
MGG_03709T0	2463	2464	51	1.54259
MGG_15772T0	298	299	11	2.74184
MGG_15840T0	318	319	7	1.63542
MGG_04336T0	1548	1549	156.318	7.52105
MGG_17538T0	844	845	1179.85	104.061
MGG_06050T0	2288	2289	1387	45.1597
MGG_02713T0	519	520	3563	510.662
MGG_04745T0	1408	1409	2827	149.532
MGG_13161T0	1980	1981	1403	52.783
MGG_08908T0	1273	1274	1850	108.224
MGG_00509T0	1742	1743	5062	216.444
MGG_07600T0	2246	2247	245	8.12613
MGG_16204T0	789	790	9514	897.546
MGG_15348T0	363	364	1	0.204748
MGG_05114T0	1851	1852	921	37.0629
MGG_11568T0	2604	2605	262	7.49574
MGG_01105T0	1503	1504	124	6.14461
MGG_06453T0	907	908	1837	150.78
MGG_14903T0	3428	3429	1157.36	25.1549
MGG_06996T0	1033	1034	796.694	57.4237
MGG_02443T0	3197	3198	1967	45.8402
MGG_04335T0	2058	2059	2	0.0723926
MGG_03694T0	1781	1782	964	40.3172
MGG_05449T0	1208	1209	8093	498.889
MGG_12530T0	3816	3817	569	11.1099
MGG_17602T0	441	442	0	0
MGG_08928T0	3289	3290	567.629	12.8585
MGG_06912T0	2663	2664	1151.89	32.2253
MGG_16430T0	207	208	13	4.65801
MGG_15032T0	645	646	73	8.42192
MGG_17102T0	2790	2791	2125	56.744
MGG_00743T0	1937	1938	97	3.73026
MGG_11377T0	1209	1210	1166	71.8181
MGG_07377T0	720	721	0	0
MGG_02582T0	2254	2255	5	0.165251
MGG_16326T0	987	988	0	0
MGG_15831T0	1318	1319	432.519	24.4389
MGG_08923T0	1879	1880	4946	196.073
MGG_08164T0	1431	1432	8399	437.125
MGG_01070T0	2366	2367	8932	281.236
MGG_02019T0	1728	1729	0	0
MGG_09777T0	1779	1780	90	3.76828
MGG_15308T0	319	320	0	0
MGG_03978T0	1734	1735	573	24.6136
MGG_10401T0	825	826	40	3.60911
MGG_15375T0	366	367	0	0
MGG_03842T0	3748	3749	2365	47.015
MGG_18013T0	213	214	0	0
MGG_16170T0	469	470	0	0
MGG_12349T0	3975	3976	972	18.2197
MGG_11702T0	2781	2782	2348	62.9016
MGG_14868T0	1963	1964	588	22.3129
MGG_18101T0	504	505	2	0.295161
MGG_17385T0	2038	2039	1409	51.5009
MGG_13455T0	2725	2726	2546	69.6071
MGG_01460T0	1130	1131	65	4.28323
MGG_15527T0	1517	1518	503	24.6954
MGG_09760T0	1958	1959	816	31.0439
MGG_05359T0	3491	3492	7784	166.13
MGG_08744T0	6185	6186	1150	13.8551
MGG_17340T0	614	615	3	0.363552
MGG_09181T0	1119	1120	1497	99.6149
MGG_09807T0	630	631	1	0.118111
MGG_00686T0	1527	1528	1678	81.8445
MGG_00939T0	2349	2350	691	21.9145
MGG_10279T0	1512	1513	116	5.71399
MGG_07259T0	2912	2913	2034	52.0393
MGG_08104T0	1981	1982	1443	54.2604
MGG_03474T0	1902	1903	87	3.40723
MGG_10724T0	1916	1917	28	1.08857
MGG_01969T0	4755	4756	2309	36.1829
MGG_06940T0	1798	1799	511	21.1695
MGG_06455T0	2656	2657	1924	53.9677
MGG_05338T0	1624	1625	185	8.48475
MGG_01693T0	1806	1807	62.0644	2.5598
MGG_15661T0	393	394	8	1.51326
MGG_04512T0	1813	1814	3272	134.43
MGG_15393T0	1032	1033	1	0.0721473
MGG_03097T0	1781	1782	176	7.36081
MGG_08520T0	1438	1439	0	0
MGG_00049T0	2127	2128	2083	72.9522
MGG_03353T0	1258	1259	476	28.1775
MGG_16939T0	405	406	0	0
MGG_03562T0	3761	3762	265	5.24986
MGG_15862T0	698	699	1	0.106621
MGG_13986T0	1999	2000	2001	74.5655
MGG_08729T0	831	832	7	0.62704
MGG_01232T0	1614	1615	7654	353.213
MGG_17419T0	168	169	2	0.881991
MGG_15373T0	1448	1449	0	0
MGG_01760T0	2335	2336	1972	62.9151
MGG_12128T0	2746	2747	1466	39.7737
MGG_17292T0	240	241	0	0
MGG_08389T0	1297	1298	0	0
MGG_02377T0	3269	3270	219.062	4.99276
MGG_04987T0	3916	3917	1897	36.094
MGG_06562T0	1175	1176	22207	1407.35
MGG_16872T0	312	313	898	213.822
MGG_16629T0	573	574	6567	852.66
MGG_16380T0	417	418	0	0
MGG_04359T0	3689	3690	1280	25.8526
MGG_01089T0	2049	2050	471	17.1233
MGG_05493T0	1092	1093	0	0
MGG_17622T0	1625	1626	25	1.14588
MGG_13756T0	810	811	283	26.0068
MGG_16179T0	440	441	40.1741	6.78935
MGG_16179T1	436	437	0	0
MGG_07030T0	2153	2154	1628	56.3287
MGG_01770T0	1673	1674	350	15.5824
MGG_18126T0	396	397	0	0
MGG_05288T0	2372	2373	261	8.19716
MGG_01095T0	2623	2624	935	26.5564
MGG_17390T0	871	872	28	2.39311
MGG_05345T0	2250	2251	10514	348.107
MGG_03658T0	855	856	2203.66	191.864
MGG_04989T0	6775	6776	3916	43.0715
MGG_17721T0	963	964	439.978	34.0153
MGG_03133T0	3317	3318	120	2.69541
MGG_10267T0	2662	2663	24	0.671677
MGG_10031T0	1215	1216	1230	75.3863
MGG_15965T0	1713	1714	207.63	9.02817
MGG_07880T0	684	685	0	0
MGG_17808T0	255	256	0	0
MGG_14850T0	794	795	1119	104.902
MGG_08894T0	987	988	751	56.6505
MGG_03115T0	3467	3468	3	0.0644708
MGG_05066T0	1167	1168	241.352	15.4003
MGG_17726T0	742	743	12	1.20369
MGG_04470T0	3086	3087	935.645	22.5889
MGG_09159T0	2017	2018	58	2.14204
MGG_00135T0	2042	2043	5649	206.074
MGG_06238T0	4217	4218	2140	37.8118
MGG_07545T0	1743	1744	2379	101.664
MGG_07972T0	1260	1261	131	7.74242
MGG_16087T0	231	232	5	1.60621
MGG_02096T0	3394	3395	420	9.21998
MGG_07037T0	6168	6169	6213	75.0598
MGG_03176T0	1272	1273	99	5.79599
MGG_09495T0	1311	1312	2422.96	137.636
MGG_09715T0	1493	1494	734	36.6156
MGG_00916T0	465	466	6	0.959591
MGG_06391T0	2373	2374	1499.69	47.0805
MGG_00146T0	1650	1651	1457.55	65.7954
MGG_07793T0	1038	1039	231	16.5698
MGG_03944T0	2625	2626	131	3.7179
MGG_13651T0	1622	1623	37	1.69904
MGG_11713T0	1979	1980	561	21.1163
MGG_11447T0	1610	1611	221.032	10.2254
MGG_02997T0	480	481	109	16.8889
MGG_14806T0	5449	5450	1760	24.0678
MGG_17636T0	603	604	6824.23	842.049
MGG_03029T0	1368	1369	24	1.30656
MGG_03519T0	2151	2152	446	15.4459
MGG_11132T0	2254	2255	5713	188.816
MGG_00781T0	2271	2272	41	1.34492
MGG_09817T0	2993	2994	6	0.149355
MGG_03428T0	792	793	16	1.50372
MGG_00394T0	987	988	5	0.377167
MGG_03585T0	1189	1190	13	0.814174
MGG_11091T0	702	703	16	1.69623
MGG_08155T1	1029	1030	24.7535	1.7911
MGG_08155T0	1864	1865	167.246	6.68342
MGG_13410T0	555	556	2696	361.381
MGG_14869T0	568	569	123.777	16.2125
MGG_06156T1	3690	3691	11.7342	0.236936
MGG_06156T0	3926	3927	14.2658	0.270741
MGG_16538T0	1485	1486	870	43.6336
MGG_15022T0	799	800	510	47.5117
MGG_02465T0	2209	2210	1537	51.8325
MGG_05681T0	1568	1569	598.724	28.4397
MGG_17924T0	267	268	14	3.89326
MGG_04859T0	2176	2177	51.802	1.77341
MGG_16823T0	150	151	8	3.94851
MGG_12929T0	2128	2129	616.319	21.575
MGG_06076T0	990	991	223	16.7707
MGG_16276T0	1992	1993	523.089	19.5609
MGG_04344T0	2426	2427	2063	63.3505
MGG_05021T0	471	472	203	32.0534
MGG_03764T0	1781	1782	18	0.75281
MGG_04912T0	3314	3315	387	8.70058
MGG_05469T0	444	445	1	0.167479
MGG_16702T0	174	175	0	0
MGG_05790T0	1719	1720	6	0.259982
MGG_17896T0	240	241	0	0
MGG_16665T0	210	211	3	1.05964
MGG_05850T0	1669	1670	558.267	24.9141
MGG_03968T0	1347	1348	73	4.03602
MGG_06534T0	1895	1896	10173	399.882
MGG_13597T0	1461	1462	0	0
MGG_05238T0	965	966	5715.49	440.958
MGG_11654T0	1440	1441	12	0.620637
MGG_04845T0	741	742	301	30.2331
MGG_12025T0	1152	1153	11	0.711024
MGG_11712T0	2936	2937	1505.92	38.2138
MGG_04122T0	1744	1745	187	7.98669
MGG_14085T0	1568	1569	172.951	8.21527
MGG_09000T0	2160	2161	28	0.965659
MGG_00183T0	5039	5040	2096	30.9943
MGG_05222T0	2861	2862	1783.26	46.4373
MGG_15827T0	237	238	5	1.56572
MGG_04609T0	2921	2922	210	5.35624
MGG_01546T0	249	250	590	175.887
MGG_03807T0	1641	1642	65	2.95026
MGG_03017T0	2812	2813	1481	39.2379
MGG_17531T0	3220	3221	8002	185.152
MGG_17581T0	576	577	4	0.51666
MGG_09947T0	5437	5438	453	6.2084
MGG_09885T0	2044	2045	745.289	27.1614
MGG_10059T0	1918	1919	2807	109.015
MGG_04711T0	1549	1550	1015	48.804
MGG_05230T0	1674	1675	270	12.0135
MGG_03158T0	3505	3506	70.0634	1.48936
MGG_03313T0	4354	4355	224	3.83337
MGG_03322T0	3278	3279	465	10.569
MGG_14909T0	398	399	25	4.66969
MGG_11311T0	1815	1816	1161	47.6472
MGG_01050T0	3009	3010	2229	55.1905
MGG_00314T0	1965	1966	46	1.74379
MGG_17285T0	312	313	28.9215	6.88647
MGG_08916T0	2301	2302	82	2.65478
MGG_10927T0	1044	1045	0	0
MGG_03192T0	2451	2452	1319	40.0908
MGG_01417T0	2147	2148	143	4.96161
MGG_12568T0	1476	1477	23	1.16056
MGG_08561T0	3265	3266	22921.3	523.05
MGG_12844T0	2742	2743	224.127	6.08962
MGG_05603T0	1208	1209	401.265	24.7358
MGG_15980T0	378	379	0	0
MGG_05379T0	4468	4469	3185	53.1153
MGG_02789T0	1844	1845	1421	57.4009
MGG_16839T0	300	301	19	4.70444
MGG_17311T0	590	591	141	17.7808
MGG_03933T0	1500	1501	104	5.16385
MGG_12247T0	663	664	63	7.0712
MGG_00754T0	1829	1830	2972	121.037
MGG_04802T0	1982	1983	1431	53.7821
MGG_17472T0	1806	1807	3582	147.737
MGG_18070T0	264	265	0	0
MGG_15478T0	534	535	406	56.5579
MGG_04744T0	2193	2194	466	15.8296
MGG_02464T0	3323	3324	3249	72.8466
MGG_06003T0	634	635	7395	867.931
MGG_17915T0	330	331	181	40.7541
MGG_17752T0	345	346	0	0
MGG_12315T0	1094	1095	357	24.2982
MGG_10436T0	402	403	5	0.924668
MGG_10843T0	1713	1714	346	15.0448
MGG_16381T0	285	286	0	0
MGG_11813T0	1044	1045	6	0.427913
MGG_04525T0	1431	1432	7940	413.236
MGG_05049T0	4330	4331	493	8.48359
MGG_00537T0	2639	2640	4899.9	138.326
MGG_00537T1	2569	2570	1843.1	53.4487
MGG_02656T0	7725	7726	507	4.89073
MGG_15848T0	411	412	1	0.180894
MGG_17036T0	231	232	23	7.38857
MGG_15210T0	1530	1531	2	0.0973589
MGG_16741T0	1008	1009	70	5.17044
MGG_00020T0	1524	1525	0	0
MGG_05116T0	2737	2738	240	6.53279
MGG_12114T0	219	220	666	225.617
MGG_11859T0	1475	1476	40	2.01973
MGG_10322T0	1560	1561	264	12.6044
MGG_05960T0	6202	6203	562	6.75235
MGG_03126T0	2230	2231	379	12.6608
MGG_12599T0	2039	2040	543	19.8377
MGG_16845T0	324	325	8	1.83454
MGG_13019T0	801	802	55	5.11104
MGG_09367T0	1011	1012	14072	1036.33
MGG_06746T0	423	424	5	0.87887
MGG_07609T0	765	766	48	4.67018
MGG_06862T1	3180	3181	4	0.0937167
MGG_06862T0	2760	2761	0	0
MGG_05686T0	1905	1906	2206	86.2588
MGG_06340T0	675	676	0	0
MGG_10216T0	1464	1465	0	0
MGG_03048T0	3114	3115	5530.15	132.312
MGG_05108T0	636	637	127	14.8588
MGG_17870T0	195	196	0	0
MGG_03116T0	2789	2790	3472	92.7462
MGG_05101T0	1167	1168	94	5.99799
MGG_12137T0	1820	1821	1391.3	56.9417
MGG_02392T0	192	193	11731	4530
MGG_01328T0	710	711	248	25.9958
MGG_11040T0	1820	1821	4098	167.719
MGG_06257T0	2406	2407	190	5.88299
MGG_01991T0	1996	1997	1257	46.9113
MGG_06723T0	744	745	408	40.8155
MGG_03418T0	2066	2067	12384	446.52
MGG_09946T0	1344	1345	1072	59.4009
MGG_03502T0	2679	2680	484	13.4596
MGG_09516T0	3040	3041	1833	44.9228
MGG_02273T0	651	652	0	0
MGG_09539T0	1594	1595	675	31.5402
MGG_16201T0	1124	1125	8114.98	537.595
MGG_17706T0	204	205	0	0
MGG_02763T0	2262	2263	818	26.9395
MGG_14793T0	490	491	11	1.66967
MGG_09793T0	823	824	9	0.814022
MGG_07244T0	1140	1141	1391	90.8578
MGG_11472T0	603	604	20	2.46782
MGG_07335T0	2516	2517	1769	52.38
MGG_06131T1	3254	3255	294.686	6.74729
MGG_06131T0	1879	1880	851.272	33.7467
MGG_06131T2	3006	3007	533.642	13.2263
MGG_14388T0	606	607	0	0
MGG_17851T0	180	181	0	0
MGG_04892T0	562	563	53	7.01598
MGG_16071T0	240	241	5	1.54623
MGG_07711T0	2351	2352	3737	118.415
MGG_03208T0	2729	2730	21	0.573294
MGG_06968T0	2256	2257	564	18.6238
MGG_16345T0	294	295	0	0
MGG_17239T0	429	430	2	0.346643
MGG_16959T0	237	238	0	0
MGG_15085T0	3208	3209	166	3.85531
MGG_09926T0	2122	2123	3522	123.64
MGG_17060T1	4863	4864	3959.65	60.6713
MGG_17060T0	2553	2554	832.518	24.2937
MGG_09968T0	944	945	16	1.26185
MGG_11685T0	1977	1978	2659	100.187
MGG_02125T0	1728	1729	3769	162.462
MGG_01318T0	1257	1258	3152	186.735
MGG_16743T0	3632	3633	297	6.09273
MGG_01867T0	1897	1898	2813	110.457
MGG_10803T0	1179	1180	0	0
MGG_08467T0	1236	1237	0	0
MGG_14270T0	2408	2409	7992	247.252
MGG_02043T0	1065	1066	58	4.05501
MGG_16661T0	582	583	0	0
MGG_14438T0	441	442	0	0
MGG_15168T0	1261	1262	85	5.01973
MGG_10204T0	1130	1131	174.537	11.5012
MGG_02518T0	3142	3143	199	4.71878
MGG_08562T0	2731	2732	529.242	14.4376
MGG_03508T0	2693	2694	32	0.885265
MGG_06843T0	2407	2408	356	11.0183
MGG_03506T0	1725	1726	7203	311.024
MGG_17556T0	501	502	0	0
MGG_15728T0	1944	1945	35	1.34112
MGG_01012T0	4286	4287	3706.74	64.4406
MGG_03093T0	1450	1451	30.682	1.57593
MGG_14706T0	1255	1256	0	0
MGG_08276T0	1839	1840	184	7.45282
MGG_01233T1	1936	1937	1117.02	42.9784
MGG_01233T0	2170	2171	10.9849	0.3771
MGG_10183T0	1322	1323	231.458	13.0386
MGG_09139T0	2864	2865	105	2.7314
MGG_08313T0	957	958	20	1.55591
MGG_10663T0	1710	1711	55	2.39571
MGG_07517T0	2768	2769	29241.9	787.052
MGG_09055T0	1260	1261	7534	445.278
MGG_00362T0	1549	1550	818	39.3317
MGG_11561T0	5088	5089	186	2.72396
MGG_09540T0	2380	2381	2323	72.7127
MGG_04956T0	2103	2104	3782	133.967
MGG_09193T0	1861	1862	14707	588.661
MGG_00779T0	2360	2361	519	16.3829
MGG_05575T0	894	895	0	0
MGG_03509T0	1572	1573	1	0.0473797
MGG_01244T0	4087	4088	2205	40.1993
MGG_03427T0	1548	1549	5	0.240569
MGG_06538T0	755	756	13085	1289.95
MGG_06832T0	1920	1921	894	34.6841
MGG_05572T0	2901	2902	86.8257	2.22983
MGG_17840T0	852	853	39	3.4075
MGG_07677T0	780	781	0	0
MGG_16507T0	870	871	0	0
MGG_10676T0	561	562	836	110.864
MGG_08108T0	1103	1104	440	29.7033
MGG_04312T0	1308	1309	12	0.683223
MGG_08055T0	1320	1321	990.136	55.8615
MGG_03056T0	2255	2256	139	4.59194
MGG_05941T0	1796	1797	598	24.8013
MGG_15041T0	1152	1153	31	2.00379
MGG_04641T0	1910	1911	1285.13	50.1197
MGG_03347T0	1537	1538	9992	484.191
MGG_04544T0	1520	1521	362	17.7378
MGG_13058T0	3068	3069	783	19.0145
MGG_16733T0	2356	2357	684	21.628
MGG_08943T0	1350	1351	0	0
MGG_05045T0	651	652	18	2.05753
MGG_10289T0	1944	1945	651	24.9449
MGG_00343T0	2987	2988	564	14.0676
MGG_01891T0	705	706	3	0.316692
MGG_04328T0	1881	1882	78	3.08884
MGG_16966T0	1560	1561	247	11.7927
MGG_06434T0	990	991	464	34.8951
MGG_08291T0	462	463	68	10.9458
MGG_04411T0	704	705	1318	139.331
MGG_17260T0	303	304	16	3.92254
MGG_07402T0	1169	1170	491	31.2764
MGG_15680T0	168	169	3	1.32299
MGG_15740T0	772	773	9	0.867728
MGG_04629T0	4769	4770	4543	70.9815
MGG_06045T0	1228	1229	2306.77	139.886
MGG_00257T0	1095	1096	193	13.124
MGG_03360T0	2808	2809	133	3.52875
MGG_06866T0	1228	1229	0	0
MGG_00544T0	588	589	1030	130.329
MGG_03481T0	3052	3053	502	12.2546
MGG_17086T0	165	166	1	0.448965
MGG_03852T0	1917	1918	963.728	37.4478
MGG_17579T0	474	475	1.08255	0.169854
MGG_15505T0	600	601	69	8.55648
MGG_02216T1	1498	1499	658.491	32.7393
MGG_02216T0	1551	1552	187.353	8.99682
MGG_15787T0	1129	1130	0	0
MGG_14814T0	2011	2012	211.869	7.84802
MGG_01764T0	1423	1424	139.068	7.27842
MGG_02056T0	2791	2792	87	2.32233
MGG_17057T0	1050	1051	42	2.97829
MGG_15362T0	736	737	0	0
MGG_09674T0	1659	1660	0	0
MGG_13033T0	1720	1721	1753	75.914
MGG_14404T0	2181	2182	654.2	22.3448
MGG_02272T0	1581	1582	2	0.0942202
MGG_17834T0	710	711	25	2.62054
MGG_16624T0	168	169	0	0
MGG_05607T0	2529	2530	1820.38	53.6243
MGG_10356T0	1470	1471	0	0
MGG_00097T0	1908	1909	106	4.13829
MGG_09156T0	1840	1841	832	33.6814
MGG_00778T0	1800	1801	796	32.9397
MGG_16320T0	222	223	0	0
MGG_07733T0	966	967	17	1.31022
MGG_12646T0	3316	3317	3444	77.3817
MGG_06320T0	4624	4625	8069	130.026
MGG_16756T0	3007	3008	4459	110.479
MGG_00697T0	1186	1187	1496	93.9294
MGG_05683T0	4700	4701	674	10.6854
MGG_07346T0	1107	1108	712	47.8918
MGG_00266T0	867	868	0	0
MGG_18023T0	342	343	1	0.217283
MGG_09029T0	1529	1530	920	44.8143
MGG_10312T0	1743	1744	2018	86.2373
MGG_13974T0	360	361	0	0
MGG_16005T0	213	214	0	0
MGG_10299T0	684	685	6	0.652802
MGG_17414T0	198	199	7	2.6216
MGG_04458T0	1479	1480	1166.24	58.7283
MGG_09778T0	2190	2191	53	1.80283
MGG_16663T0	186	187	0	0
MGG_05209T0	3383	3384	3650	80.3865
MGG_14831T0	7755	7756	1	0.0096091
MGG_00467T0	3121	3122	279	6.66027
MGG_01679T0	1073	1074	28.1017	1.95006
MGG_09706T0	2102	2103	272	9.63941
MGG_02218T0	1005	1006	91	6.74162
MGG_10334T0	2047	2048	680	24.7457
MGG_11915T0	267	268	6	1.66854
MGG_00884T0	2176	2177	6808	233.068
MGG_14737T0	1609	1610	48.9819	2.26741
MGG_12300T0	1308	1309	3002	170.92
MGG_01006T0	1062	1063	2321.87	162.789
MGG_08983T0	1370	1371	205	11.1439
MGG_04648T0	2224	2225	148	4.95738
MGG_13192T0	2749	2750	21961	595.169
MGG_03705T0	3261	3262	976	22.2991
MGG_00839T0	1101	1102	1231	83.2525
MGG_01506T0	1533	1534	555	26.9642
MGG_09734T0	3869	3870	401	7.72243
MGG_17090T0	336	337	2	0.442304
MGG_03930T0	501	502	4757	706.236
MGG_09412T0	3091	3092	4568.98	110.129
MGG_10477T0	888	889	8	0.67067
MGG_01311T0	3220	3221	3963.73	91.7137
MGG_11674T0	327	328	0	0
MGG_07202T0	2074	2075	4491	161.304
MGG_09964T0	2205	2206	11	0.371628
MGG_03494T0	1383	1384	9134	491.865
MGG_01977T0	2208	2209	1218	41.0934
MGG_18028T0	599	600	14	1.73899
MGG_16239T0	758	759	7	0.687348
MGG_05248T0	1105	1106	10863.6	732.048
MGG_09833T0	1646	1647	685.62	31.0249
MGG_10856T0	821	822	807.168	73.1834
MGG_04185T0	4021	4022	1895	35.1146
MGG_14703T0	1158	1159	852	54.7869
MGG_12392T0	3472	3473	29	0.62232
MGG_04806T0	1503	1504	1880	93.1603
MGG_09303T0	3690	3691	2345	47.3499
MGG_16116T0	4641	4642	215	3.45187
MGG_05528T0	1291	1292	2825	162.958
MGG_16061T0	384	385	0	0
MGG_16830T0	2663	2664	324	9.06424
MGG_03374T0	1501	1502	117	5.80546
MGG_08647T0	1420	1421	44	2.3077
MGG_17496T0	213	214	1	0.348263
MGG_15293T0	1200	1201	474	29.4141
MGG_11216T0	2830	2831	895	23.5616
MGG_14609T0	1347	1348	444	24.5479
MGG_05044T0	4539	4540	1574	25.8386
MGG_09902T0	867	868	3193	274.157
MGG_17938T0	640	641	2	0.232537
MGG_16374T0	1424	1425	115	6.01456
MGG_07885T0	2543	2544	17	0.498027
MGG_14151T0	2124	2125	43.1841	1.51456
MGG_14667T0	966	967	205	15.7997
MGG_12163T0	636	637	1081	126.476
MGG_01423T0	2367	2368	6940.22	218.43
MGG_13948T0	1305	1306	275	15.6932
MGG_00294T0	2013	2014	680	25.1634
MGG_08287T0	1565	1566	1476.56	70.2717
MGG_08287T1	1399	1400	230.439	12.2673
MGG_10321T0	1773	1774	694	29.1559
MGG_02517T0	3555	3556	1090	22.8447
MGG_17459T0	570	571	26	3.39358
MGG_05570T0	976	977	387	29.5214
MGG_17954T0	482	483	15	2.31454
MGG_17857T0	420	421	0	0
MGG_15350T0	450	451	115	19.0039
MGG_12679T0	1458	1459	0	0
MGG_02922T0	1672	1673	4.30338	0.191705
MGG_03225T0	2492	2493	4453	133.122
MGG_08589T0	1486	1487	69.4791	3.48228
MGG_07287T0	3294	3295	2693	60.9118
MGG_15964T0	249	250	6.0265	1.79658
MGG_05600T0	2544	2545	802	23.4859
MGG_08464T0	1053	1054	2010	142.127
MGG_17982T0	1783	1784	711.514	29.7241
MGG_00529T0	4579	4580	2463.06	40.0803
MGG_04332T0	1101	1102	13	0.879189
MGG_03178T0	2517	2518	443	13.112
MGG_02692T0	954	955	124	9.67696
MGG_05938T0	1456	1457	747	38.2104
MGG_10774T0	388	389	3	0.574768
MGG_03881T0	4342	4343	3073.81	52.7482
MGG_07937T0	1173	1174	617	39.1686
MGG_16744T0	3529	3530	1497	31.6059
MGG_15040T0	1143	1144	0	0
MGG_17832T0	390	391	0	0
MGG_10766T0	1593	1594	1	0.0467555
MGG_11343T0	2690	2691	2116	58.6034
MGG_15263T0	1132	1133	9	0.592016
MGG_00844T0	3350	3351	112.141	2.49409
MGG_01578T0	2198	2199	6049	205.012
MGG_18120T0	162	163	5	2.28614
MGG_03067T0	5536	5537	159	2.14015
MGG_00174T0	2875	2876	689	17.8546
MGG_02234T0	537	538	31	4.29438
MGG_17520T0	165	166	118	52.9779
MGG_16610T0	543	544	4	0.548002
MGG_16410T0	2752	2753	43	1.16408
MGG_09330T0	1860	1861	70	2.80332
MGG_10447T0	1507	1508	23923	1182.32
MGG_13510T0	2264	2265	297.604	9.79245
MGG_16237T0	588	589	16	2.02454
MGG_07103T0	5120	5121	1414.71	20.5889
MGG_10051T0	1244	1245	548	32.8044
MGG_17049T0	444	445	0	0
MGG_16509T0	771	772	66	6.37158
MGG_12828T0	2491	2492	3665	109.609
MGG_10187T0	3272	3273	1886.23	42.9506
MGG_01052T0	2648	2649	748	21.0446
MGG_06220T0	1329	1330	1471	82.4293
MGG_15531T0	464	465	21	3.36579
MGG_07220T0	1629	1630	502	22.9529
MGG_09916T0	1330	1331	9891	553.838
MGG_17580T0	369	370	0	0
MGG_01298T0	1490	1491	11	0.549839
MGG_18091T0	105	106	0	0
MGG_16789T0	273	274	0	0
MGG_09360T0	1668	1669	331.982	14.8244
MGG_10701T0	1116	1117	260	17.3477
MGG_03416T0	603	604	221	27.2694
MGG_03746T0	1059	1060	8	0.562477
MGG_14711T0	2397	2398	17	0.528348
MGG_01110T0	682	683	3949.95	431.015
MGG_01690T0	963	964	1541	119.137
MGG_08214T0	423	424	0	0
MGG_17025T0	480	481	4.01392	0.621934
MGG_02720T0	1077	1078	6	0.414814
MGG_05157T0	931	932	132	10.5555
MGG_16076T0	600	601	1247.89	154.747
MGG_16379T0	315	316	390	91.981
MGG_04831T0	3991	3992	1236.06	23.0765
MGG_08152T0	1710	1711	2419	105.367
MGG_10685T0	2688	2689	3083	85.4483
MGG_10916T0	2332	2333	4	0.127781
MGG_08367T0	3203	3204	3342	77.7382
MGG_00867T0	1052	1053	930	65.8226
MGG_08663T0	2989	2990	1463.86	36.4878
MGG_01292T0	2284	2285	2233	72.8322
MGG_07912T0	1997	1998	5072	189.193
MGG_07398T0	417	418	0	0
MGG_15367T0	384	385	2	0.38716
MGG_00296T0	2665	2666	427.44	11.9491
MGG_10371T0	843	844	603	53.2471
MGG_05940T0	1429	1430	679	35.3879
MGG_10806T0	3129	3130	262	6.23846
MGG_02719T0	2713	2714	3612	99.1879
MGG_03389T0	1897	1898	1931	75.824
MGG_08346T0	1071	1072	2	0.139045
MGG_17639T0	585	586	0	0
MGG_01997T0	1301	1302	52	2.97655
MGG_16425T0	1994	1995	358	13.374
MGG_13884T0	597	598	0	0
MGG_04070T0	2408	2409	213	6.58967
MGG_02095T0	996	997	153	11.4371
MGG_13308T0	2100	2101	328	11.6351
MGG_00215T0	927	928	1	0.0803106
MGG_01114T0	1410	1411	414	21.8672
MGG_06198T0	3375	3376	156	3.44384
MGG_16267T0	502	503	9	1.33351
MGG_15935T0	225	226	0	0
MGG_14595T0	969	970	27	2.0745
MGG_08318T0	1474	1475	313.443	15.8375
MGG_01667T0	642	643	5665	656.613
MGG_02521T0	1806	1807	1150	47.4308
MGG_16537T0	348	349	0	0
MGG_17284T0	1068	1069	0	0
MGG_13782T0	1305	1306	15666	893.996
MGG_07373T0	666	667	0	0
MGG_07965T0	1216	1217	136	8.32854
MGG_03597T0	2951	2952	1092	27.5694
MGG_06676T0	783	784	190.343	18.0943
MGG_10429T0	1893	1894	76	2.99057
MGG_12335T0	2622	2623	5623	159.768
MGG_17288T0	817	818	68.2945	6.22233
MGG_11317T0	3122	3123	6028	143.854
MGG_14173T0	6297	6298	2072	24.5193
MGG_04608T0	3967	3968	1318	24.7551
MGG_06782T0	2283	2284	196	6.39559
MGG_16630T0	1434	1435	8433	437.977
MGG_15700T0	2138	2139	115027	4007.83
MGG_11999T0	1549	1550	130	6.25075
MGG_06735T0	2853	2854	1044	27.2626
MGG_13591T0	6960	6961	21	0.224837
MGG_04879T0	1442	1443	794	41.0086
MGG_07646T0	2592	2593	4	0.114968
MGG_13783T0	3948	3949	1511	28.5166
MGG_00156T0	966	967	129	9.94223
MGG_10335T0	345	346	0	0
MGG_10569T0	2042	2043	4532.5	165.345
MGG_01906T0	1340	1341	471	26.1766
MGG_17169T0	1848	1849	376	15.1555
MGG_17814T0	735	736	0	0
MGG_15461T0	528	529	0	0
MGG_03432T0	2136	2137	0	0
MGG_03376T0	3539	3540	3545	74.6335
MGG_13798T0	1092	1093	1046	71.3234
MGG_12142T0	195	196	2	0.760492
MGG_11774T0	2541	2542	752	22.0477
MGG_08542T0	3716	3717	3	0.0601519
MGG_10276T0	597	598	0	0
MGG_05203T0	1488	1489	5663	283.447
MGG_05446T0	1667	1668	1073.42	47.9618
MGG_04933T0	2979	2980	854	21.3581
MGG_16924T0	1441	1442	38	1.96399
MGG_07603T0	969	970	235	18.0558
MGG_08146T0	2422	2423	6595.46	202.867
MGG_06129T0	1222	1223	581	35.4055
MGG_02536T0	2986	2987	2079	51.8728
MGG_04451T0	435	436	0	0
MGG_11063T0	2058	2059	2425	87.7761
MGG_05283T0	1791	1792	10049.3	417.944
MGG_03330T0	1708	1709	229	9.98652
MGG_05827T0	1329	1330	0	0
MGG_16941T0	378	379	1.33333	0.262192
MGG_00579T0	1122	1123	32	2.12369
MGG_09850T0	5182	5183	3320	47.7395
MGG_13787T0	162	163	518	236.844
MGG_03491T0	2010	2011	36.2124	1.34204
MGG_07011T0	2254	2255	257	8.4939
MGG_08670T0	1539	1540	15	0.725924
MGG_18033T0	162	163	3	1.37168
MGG_00190T0	1455	1456	588	30.0979
MGG_15303T0	366	367	5	1.01537
MGG_15145T0	1114	1115	66.5678	4.44949
MGG_05405T0	1413	1414	6	0.316244
MGG_06392T0	1943	1944	40742	1561.95
MGG_05170T0	1353	1354	1076.89	59.275
MGG_16990T0	1682	1683	152	6.73101
MGG_09743T0	1051	1052	9928	703.342
MGG_12354T0	912	913	60.8731	4.96907
MGG_06544T0	2200	2201	6727.2	227.79
MGG_09648T0	570	571	39	5.09037
MGG_17894T0	471	472	22	3.47377
MGG_11746T0	679	680	25	2.74001
MGG_13262T0	2649	2650	94.6632	2.6623
MGG_11351T0	3611	3612	821	16.9401
MGG_17380T0	243	244	1	0.305443
MGG_16728T0	1526	1527	961.631	46.9343
MGG_09486T0	920	921	178	14.4039
MGG_17800T0	291	292	0	0
MGG_16586T0	303	304	2	0.490317
MGG_01674T0	5524	5525	5940	80.1263
MGG_06360T0	5446	5447	1997	27.3238
MGG_13031T0	2451	2452	617	18.7536
MGG_05530T0	1197	1198	676	42.0543
MGG_08446T0	2016	2017	9	0.33255
MGG_14513T0	1881	1882	696.66	27.5881
MGG_00966T0	1932	1933	7049	271.779
MGG_03677T0	1700	1701	471	20.6366
MGG_09380T0	1032	1033	0	0
MGG_15036T0	654	655	414	47.1064
MGG_04013T0	763	764	1385	135.107
MGG_04564T0	3344	3345	25312	563.964
MGG_08372T0	321	322	0	0
MGG_02339T0	465	466	34	5.43768
MGG_09146T0	1484	1485	72	3.61349
MGG_10412T0	3126	3127	1788	42.6148
MGG_03044T0	1622	1623	60	2.7552
MGG_03584T0	1764	1765	62	2.61799
MGG_09459T0	1263	1264	1087	64.0919
MGG_14069T0	3003	3004	22	0.545812
MGG_15121T0	513	514	33	4.78489
MGG_00432T0	999	1000	50293	3748.25
MGG_07737T0	8347	8348	1236	11.0346
MGG_07061T0	2505	2506	358	10.6469
MGG_07744T0	2045	2046	579	21.0908
MGG_01801T0	2417	2418	257	7.92132
MGG_17797T0	657	658	1	0.113265
MGG_08747T0	672	673	0	0
MGG_05657T0	890	891	3462	289.581
MGG_15418T0	945	946	23	1.812
MGG_08546T0	507	508	11	1.6138
MGG_00906T0	1483	1484	593.9	29.8264
MGG_04038T0	2198	2199	415.461	14.0808
MGG_04074T0	1740	1741	190	8.13346
MGG_09124T0	6221	6222	3803	45.553
MGG_05643T0	6387	6388	2114	24.6638
MGG_07598T0	1581	1582	0	0
MGG_16209T0	396	397	9	1.68956
MGG_01369T0	2046	2047	668	24.3209
MGG_06650T0	1867	1868	12124	483.715
MGG_02120T0	1803	1804	0	0
MGG_02112T0	1346	1347	9	0.497961
MGG_03457T0	843	844	5	0.441518
MGG_11732T0	1886	1887	662	26.1461
MGG_02665T0	6411	6412	412	4.78877
MGG_17577T0	381	382	9	1.7559
MGG_08429T0	2182	2183	52	1.77529
MGG_09392T0	3407	3408	48	1.04969
MGG_15094T0	1506	1507	60	2.96728
MGG_00849T0	2132	2133	408	14.2557
MGG_17108T0	216	217	2	0.686896
MGG_06953T0	918	919	510	41.3595
MGG_07723T0	1634	1635	179	8.15936
MGG_09220T0	381	382	0	0
MGG_13713T0	849	850	195	17.0976
MGG_07462T0	1929	1930	3066	118.396
MGG_04468T0	3850	3851	1052	20.3593
MGG_14377T0	304	305	0	0
MGG_04660T0	2087	2088	4700	167.76
MGG_04170T0	2187	2188	247	8.41338
MGG_02595T0	3243	3244	3510	80.6393
MGG_15807T0	1568	1569	452.822	21.5093
MGG_01502T0	2902	2903	2067.59	53.081
MGG_10494T0	2495	2496	867.531	25.9037
MGG_03202T0	1059	1060	655	46.0528
MGG_02764T0	1995	1996	56	2.09097
MGG_05466T0	3079	3080	294	7.11406
MGG_00390T0	780	781	8	0.763413
MGG_03956T0	1019	1020	423	30.9073
MGG_10071T0	1599	1600	0	0
MGG_00373T0	4354	4355	5431	92.9421
MGG_09480T0	1395	1396	2453.69	130.995
MGG_17920T0	273	274	25	6.80002
MGG_02843T0	2315	2316	1670.05	53.7418
MGG_01887T0	3580	3581	64	1.33198
MGG_00260T0	858	859	22	1.90876
MGG_00949T0	2027	2028	2474	90.9185
MGG_13449T0	2114	2115	26	0.916186
MGG_12745T0	2247	2248	644	21.3506
MGG_07150T0	3926	3927	1217	23.0967
MGG_13894T0	1833	1834	0	0
MGG_10744T0	2107	2108	609	21.5312
MGG_09384T0	1850	1851	0	0
MGG_10530T0	1596	1597	128	5.97346
MGG_12869T0	3383	3384	1628	35.8546
MGG_04674T0	3459	3460	7513	161.83
MGG_00746T0	4908	4909	345	5.23777
MGG_01654T0	2769	2770	2826	76.0349
MGG_08595T0	1384	1385	679.093	36.5427
MGG_12739T0	1575	1576	3771	178.329
MGG_16746T0	408	409	0	0
MGG_01670T0	2263	2264	1922	63.27
MGG_04319T0	1320	1321	82.4248	4.65024
MGG_00123T0	4347	4348	1251.35	21.4491
MGG_04946T0	1372	1373	7	0.379969
MGG_11026T0	2750	2751	565	15.3066
MGG_09627T0	474	475	0	0
MGG_01219T0	1164	1165	17	1.08754
MGG_03141T0	2335	2336	1312.93	41.8879
MGG_01392T0	546	547	21	2.86123
MGG_13775T0	572	573	1402	182.353
MGG_17655T0	890	891	884.241	73.9628
MGG_03027T0	2411	2412	387	11.9579
MGG_05143T0	1233	1234	403	24.3394
MGG_10070T0	1542	1543	0	0
MGG_03414T0	1285	1286	1041	60.3296
MGG_00802T0	1479	1480	569	28.6531
MGG_17051T0	153	154	37	17.9061
MGG_15125T0	474	475	41	6.43296
MGG_06127T0	1228	1229	15051	912.713
MGG_10926T0	1082	1083	679	46.7264
MGG_17110T0	343	344	12	2.59982
MGG_06523T0	1971	1972	143.23	5.41314
MGG_07027T0	7155	7156	8426	87.755
MGG_15642T0	159	160	7	3.26061
MGG_06461T0	1668	1669	831.903	37.1481
MGG_09514T0	1867	1868	360	14.363
MGG_03964T0	2414	2415	2043	63.0481
MGG_06964T0	1700	1701	4798	210.221
MGG_17537T0	905	906	0	0
MGG_16759T0	330	331	0	0
MGG_04556T0	1577	1578	482	22.7646
MGG_15185T0	1197	1198	1102	68.556
MGG_15392T0	1170	1171	0	0
MGG_02045T0	3752	3753	1114	22.1221
MGG_18115T0	471	472	24.3251	3.8409
MGG_17871T0	960	961	49	3.80009
MGG_09199T0	2144	2145	32	1.11184
MGG_02593T0	1065	1066	43	3.0063
MGG_00810T0	2057	2058	1522.13	55.1224
MGG_00937T0	5954	5955	1633	20.4374
MGG_01100T0	1955	1956	1072	40.8457
MGG_06861T0	492	493	87	13.152
MGG_05176T0	2798	2799	11050	294.225
MGG_17709T0	249	250	5	1.49056
MGG_03465T0	2301	2302	3033	98.1946
MGG_14400T0	3891	3892	0	0
MGG_17745T0	216	217	6	2.06069
MGG_00181T0	1503	1504	97	4.80667
MGG_03413T0	2433	2434	831	25.4449
MGG_15089T0	757	758	364.045	35.7937
MGG_03080T0	3331	3332	883	19.7504
MGG_17900T0	3561	3562	7058	147.675
MGG_15193T0	828	829	1	0.0899013
MGG_16562T0	564	565	0	0
MGG_10265T0	1711	1712	616	26.8162
MGG_14902T0	1978	1979	5237	197.223
MGG_13172T0	2622	2623	658	18.696
MGG_12095T0	1451	1452	1319.4	67.7224
MGG_03983T0	1810	1811	882.202	36.3053
MGG_04926T0	2112	2113	4739	167.151
MGG_04087T0	2097	2098	1967	69.8746
MGG_13790T0	6147	6148	1673	20.2807
MGG_15225T0	444	445	91	15.2406
MGG_11597T0	2808	2809	50024	1327.23
MGG_06635T0	1764	1765	70	2.95579
MGG_11878T0	2367	2368	1206	37.9565
MGG_15874T0	528	529	127	17.8924
MGG_05944T0	2263	2264	1152.51	37.9393
MGG_07468T0	4904	4905	5926	90.0416
MGG_16219T0	2535	2536	2164	63.5958
MGG_04066T0	4758	4759	2191	34.3121
MGG_13805T0	1200	1201	159	9.86677
MGG_03700T0	5906	5907	512	6.45987
MGG_10247T0	1509	1510	8	0.394851
MGG_16964T0	669	670	0	0
MGG_08988T0	2422	2423	36	1.10731
MGG_07327T0	3895	3896	4357.7	83.3603
MGG_10042T0	594	595	0	0
MGG_09942T0	2185	2186	2032	69.2778
MGG_05220T0	5108	5109	3206	46.7679
MGG_07135T0	873	874	1150	98.0634
MGG_06008T0	768	769	8	0.775326
MGG_09109T0	1174	1175	5.02985	0.319034
MGG_16072T0	225	226	0	0
MGG_09364T0	789	790	717	67.6414
MGG_00896T0	3265	3266	1137	25.9457
MGG_08118T0	2567	2568	4749	137.825
MGG_00594T0	6781	6782	2556	28.0882
MGG_03549T0	2805	2806	686	18.2204
MGG_09923T0	2389	2390	1667	51.9826
MGG_05955T0	2949	2950	90	2.27374
MGG_17363T0	228	229	0	0
MGG_05464T0	3092	3093	203	4.89144
MGG_06674T0	3310	3311	167.343	3.76677
MGG_05038T0	2300	2301	40	1.29558
MGG_14291T0	1803	1804	228	9.41931
MGG_07271T0	1535	1536	1840	89.2786
MGG_06583T0	1841	1842	746	30.1835
MGG_01521T0	1314	1315	6279	355.865
MGG_04583T0	1152	1153	36	2.32699
MGG_09554T0	1491	1492	89	4.44572
MGG_15255T0	743	744	0	0
MGG_16656T0	270	271	0	0
MGG_02466T0	1095	1096	10038	682.586
MGG_04240T0	1356	1357	187	10.2703
MGG_18107T0	756	757	0	0
MGG_16022T0	299	300	0	0
MGG_06457T0	4142	4143	5333	95.9351
MGG_02240T0	4064	4065	883	16.189
MGG_03185T0	2489	2490	40856	1222.86
MGG_06992T0	2924	2925	2673.8	68.1278
MGG_00678T0	1070	1071	3482	242.304
MGG_00788T0	1238	1239	1442	86.739
MGG_03466T0	618	619	28	3.37123
MGG_07142T0	1453	1454	389	19.9391
MGG_17299T0	468	469	0	0
MGG_03870T0	3006	3007	258	6.39451
MGG_16154T0	2367	2368	352.657	11.0992
MGG_03121T0	3824	3825	5488	106.931
MGG_17202T0	156	157	8	3.79762
MGG_05893T0	787	788	122	11.5386
MGG_17290T0	207	208	3	1.07493
MGG_16042T0	867	868	0	0
MGG_06401T0	2854	2855	488.27	12.746
MGG_09414T0	1053	1054	5982	422.986
MGG_15514T0	481	482	0	0
MGG_04561T0	1069	1070	16	1.11444
MGG_10098T0	1593	1594	23	1.07538
MGG_09677T0	1801	1802	2	0.0827172
MGG_13428T0	1817	1818	37	1.5168
MGG_13963T0	1955	1956	1132	43.1319
MGG_05413T0	2251	2252	100	3.30942
MGG_06240T0	2260	2261	31	1.02184
MGG_03648T0	1800	1801	16.7143	0.691666
MGG_17660T0	420	421	0	0
MGG_04549T0	4933	4934	1718	25.9504
MGG_05197T0	2697	2698	3072	84.8594
MGG_05961T0	2047	2048	755	27.475
MGG_17192T0	258	259	2	0.575507
MGG_06356T0	1903	1904	1693	66.269
MGG_08453T0	1901	1902	63	2.4686
MGG_07235T0	1122	1123	521	34.5763
MGG_05890T0	4271	4272	4565	79.6398
MGG_17563T0	513	514	0	0
MGG_00061T0	828	829	230	20.6773
MGG_12944T0	3243	3244	2912	66.9008
MGG_03624T0	706	707	76	8.01152
MGG_08596T0	1954	1955	726	27.6765
MGG_02342T0	2559	2560	0	0
MGG_11634T0	3420	3421	31580	687.986
MGG_03343T0	2929	2930	2673	67.9911
MGG_03711T0	2074	2075	111	3.98681
MGG_09018T0	1799	1800	109.458	4.53206
MGG_00073T0	2720	2721	1873	51.3015
MGG_12086T0	1140	1141	40.6478	2.65505
MGG_16263T0	335	336	12	2.66172
MGG_07348T0	489	490	2	0.304197
MGG_05641T0	1608	1609	20	0.926392
MGG_08982T0	1002	1003	109	8.09928
MGG_10679T0	816	817	69.0861	6.30216
MGG_08143T0	2288	2289	1023	33.3082
MGG_10318T0	534	535	0	0
MGG_05272T0	3393	3394	204	4.4796
MGG_16278T0	738	739	21	2.11785
MGG_13481T0	2919	2920	1347	34.38
MGG_03381T0	613	614	10	1.21381
MGG_04197T0	2158	2159	4360	150.506
MGG_08989T0	1184	1185	7	0.440251
MGG_18005T0	276	277	2	0.53811
MGG_00010T0	1668	1669	0	0
MGG_09667T0	1180	1181	6	0.378636
MGG_13375T0	1866	1867	613	24.4702
MGG_02490T0	1277	1278	4568.18	266.399
MGG_02817T0	2202	2203	630	21.3131
MGG_02088T0	6450	6451	3717.92	42.953
MGG_17310T0	573	574	5	0.6492
MGG_15577T0	1554	1555	9090	435.667
MGG_05924T0	1749	1750	536	22.8269
MGG_14557T0	294	295	12	3.03166
MGG_08685T0	567	568	6	0.78727
MGG_16690T0	636	637	46	5.38194
MGG_16526T0	806	807	72	6.64936
MGG_03527T0	2879	2880	1549.85	40.1069
MGG_06646T0	2132	2133	4993	174.458
MGG_10297T0	2051	2052	0	0
MGG_04071T0	159	160	10	4.65801
MGG_05265T0	4020	4021	945	17.5153
MGG_08053T0	1755	1756	1240	52.6281
MGG_02268T0	1938	1939	662	25.4449
MGG_09484T0	3822	3823	149	2.90471
MGG_08765T0	4285	4286	4772	82.9791
MGG_11236T0	2834	2835	655.804	17.2402
MGG_00137T0	4057	4058	3540.05	65.0158
MGG_08692T0	2256	2257	16169.9	533.946
MGG_17320T0	156	157	0	0
MGG_10259T0	681	682	0	0
MGG_03000T0	3634	3635	2589	53.0821
MGG_09130T0	1530	1531	2	0.0973589
MGG_00148T0	1076	1077	3.00601	0.208015
MGG_17420T0	820	821	46	4.17576
MGG_16233T0	1032	1033	10	0.721473
MGG_15621T0	615	616	189.315	22.9048
MGG_15601T0	4951	4952	30517	459.285
MGG_02723T0	1559	1560	545	26.0371
MGG_17082T0	442	443	7	1.17765
MGG_09840T0	1362	1363	4868	266.18
MGG_02791T0	387	388	1	0.192083
MGG_06585T0	1427	1428	47591	2483.8
MGG_06293T0	786	787	17552.1	1662.17
MGG_09965T0	3201	3202	865	20.1333
MGG_03201T0	3063	3064	16278	395.943
MGG_12307T0	1260	1261	221.098	13.0674
MGG_03532T0	3767	3768	1097.09	21.6997
MGG_07458T0	3314	3315	1008	22.662
MGG_15525T0	1707	1708	7	0.305443
MGG_16788T0	243	244	0	0
MGG_01077T0	2129	2130	478	16.7251
MGG_01444T0	1886	1887	1281	50.5939
MGG_04684T0	2214	2215	426	14.3336
MGG_05260T0	5721	5722	2122	27.6387
MGG_03396T0	2986	2987	57	1.4222
MGG_07293T0	2307	2308	1250	40.3641
MGG_08154T0	675	676	802	88.4196
MGG_15652T0	482	483	5	0.771514
MGG_04343T0	1561	1562	156.923	7.4873
MGG_17338T0	564	565	2	0.263817
MGG_09241T0	1211	1212	3	0.184476
MGG_02502T0	1851	1852	105	4.22541
MGG_07068T0	1427	1428	383.811	20.0313
MGG_02953T0	1124	1125	5635	373.304
MGG_09439T0	750	751	0	0
MGG_00770T0	2081	2082	471	16.8601
MGG_12272T0	889	890	362.668	30.3697
MGG_15808T0	1040	1041	92	6.58655
MGG_00062T0	2916	2917	8289	211.781
MGG_01310T0	1775	1776	1017.27	42.6888
MGG_04539T0	306	307	666	161.68
MGG_06689T0	2218	2219	6786	227.917
MGG_04489T0	1337	1338	22704	1264.64
MGG_15681T0	966	967	4	0.308286
MGG_04687T0	1629	1630	27702	1266.61
MGG_02432T0	3667	3668	6380	129.632
MGG_08851T0	1344	1345	887	49.1498
MGG_03653T0	1088	1089	12332	843.969
MGG_16419T0	2917	2918	628	16.0397
MGG_03213T0	2245	2246	111	3.68327
MGG_14604T0	387	388	71	13.6379
MGG_17514T0	2359	2360	2698	85.2022
MGG_08554T0	2287	2288	79	2.57331
MGG_01086T0	1507	1508	1964.2	97.0746
MGG_00547T0	1041	1042	556	39.7675
MGG_04846T0	617	618	0	0
MGG_07155T0	4740	4741	2609	41.0133
MGG_07180T0	1250	1251	343	20.4342
MGG_00457T0	1676	1677	217	9.64378
MGG_06088T0	1218	1219	164.095	10.0326
MGG_15778T0	207	208	12	4.2997
MGG_00512T0	363	364	0	0
MGG_01922T0	1387	1388	24	1.28867
MGG_15271T0	466	467	6	0.957536
MGG_15857T0	237	238	1	0.313144
MGG_02318T0	744	745	0	0
MGG_03038T0	2611	2612	808	23.0547
MGG_10408T0	1503	1504	2	0.0991067
MGG_04112T0	1888	1889	3110	122.701
MGG_17092T0	264	265	23	6.46849
MGG_07294T0	1617	1618	71	3.2704
MGG_07043T0	1513	1514	14808	728.939
MGG_08173T0	2799	2800	19229	511.822
MGG_07595T0	1810	1811	25	1.02883
MGG_01033T0	1878	1879	402.475	15.9637
MGG_08619T0	1077	1078	249	17.2148
MGG_09572T0	795	796	435	40.7284
MGG_17254T0	219	220	0	0
MGG_07844T0	1524	1525	22	1.07516
MGG_15987T0	1362	1363	0	0
MGG_14697T0	366	367	0	0
MGG_12664T0	1075	1076	36	2.49351
MGG_05320T0	3020	3021	8242	203.331
MGG_15535T0	4148	4149	171	3.07166
MGG_00130T0	1973	1974	464	17.5183
MGG_12203T0	1553	1554	81	3.88468
MGG_15093T0	1818	1819	320	13.1111
MGG_04907T0	1215	1216	4	0.245159
MGG_05750T0	1460	1461	271	13.8242
MGG_16480T0	669	670	0	0
MGG_14714T0	2257	2258	1054	34.7886
MGG_03609T0	570	571	164	21.4057
MGG_09288T0	177	178	53	22.191
MGG_08374T0	1583	1584	82.4502	3.87933
MGG_10497T0	1094	1095	612	41.6541
MGG_04195T0	2879	2880	1581.61	40.9287
MGG_06304T0	1583	1584	671.482	31.5937
MGG_16899T0	345	346	8	1.7232
MGG_04404T0	1774	1775	0	0
MGG_15241T0	1528	1529	981	47.817
MGG_14179T0	672	673	13	1.43962
MGG_07675T0	1164	1165	0	0
MGG_10147T0	2672	2673	371.288	10.3522
MGG_11178T0	7302	7303	3242	33.0851
MGG_06275T0	2358	2359	335	10.5837
MGG_15232T0	324	325	4	0.91727
MGG_05213T0	2789	2790	584	15.6002
MGG_17651T0	378	379	2.66667	0.524385
MGG_02142T0	4086	4087	6385	116.433
MGG_04241T0	2045	2046	1766.94	64.3629
MGG_16589T0	252	253	0	0
MGG_15000T0	5603	5604	338.48	4.50148
MGG_02662T0	1210	1211	16	0.984683
MGG_01367T0	672	673	111	12.2922
MGG_09753T0	813	814	0	0
MGG_17978T0	1292	1293	979	56.4293
MGG_05046T0	3776	3777	58	1.14446
MGG_05945T0	1362	1363	5	0.273398
MGG_03134T0	3245	3246	3794	87.1103
MGG_08254T0	864	865	48	4.13567
MGG_17694T0	1404	1405	3921	207.989
MGG_07181T0	959	960	1419	110.162
MGG_10721T0	1047	1048	0	0
MGG_08289T0	1878	1879	140.315	5.56542
MGG_06993T0	1315	1316	3563	201.781
MGG_03754T0	2455	2456	520	15.7796
MGG_01924T0	2008	2009	27	1.00162
MGG_03542T0	4401	4402	642	10.8694
MGG_04463T0	2384	2385	1043.63	32.6121
MGG_10452T0	1114	1115	3	0.200524
MGG_15401T0	318	319	1	0.233631
MGG_03383T0	1776	1777	8	0.335524
MGG_08932T0	4545	4546	393	6.44294
MGG_14967T0	17850	17851	1053.92	4.40015
MGG_17201T0	309	310	0	0
MGG_00622T0	2666	2667	6052	169.121
MGG_01830T0	996	997	2	0.149505
MGG_18135T0	1482	1483	4322	217.202
MGG_17220T0	2190	2191	359.489	12.2282
MGG_13036T0	999	1000	17	1.26698
MGG_08601T0	3101	3102	1987	47.7394
MGG_07316T0	4074	4075	4142.97	75.7713
MGG_04741T0	1060	1061	1677	117.798
MGG_07326T0	1616	1617	435.298	20.0631
MGG_14287T0	357	358	0	0
MGG_08892T0	1518	1519	568	27.8684
MGG_11726T0	3060	3061	1699	41.3667
MGG_08194T0	387	388	2	0.384166
MGG_05700T0	5795	5796	521	6.69931
MGG_07619T0	1212	1213	924	56.7717
MGG_07245T0	231	232	1535	493.107
MGG_16356T0	315	316	0	0
MGG_09094T0	684	685	0	0
MGG_17533T0	825	826	1879	169.538
MGG_03834T0	1593	1594	3	0.140266
MGG_02609T0	615	616	174	21.0518
MGG_08070T0	877	878	148.158	12.5762
MGG_00024T0	1626	1627	5	0.229036
MGG_00999T0	857	858	1399	121.521
MGG_15272T0	8736	8737	136	1.1601
MGG_07292T0	1133	1134	772	50.737
MGG_05149T0	1753	1754	189	8.03069
MGG_06572T0	4153	4154	5623	100.884
MGG_15842T0	369	370	0	0
MGG_18044T0	150	151	0	0
MGG_07568T0	1722	1723	99	4.28224
MGG_04475T0	3121	3122	108	2.57817
MGG_03043T0	1101	1102	10	0.6763
MGG_11797T0	165	166	38	17.0607
MGG_17257T0	231	232	0	0
MGG_00243T0	1989	1990	6.27877	0.235149
MGG_09918T0	1954	1955	94	3.58345
MGG_10246T0	1589	1590	0	0
MGG_00599T0	1571	1572	1438.51	68.1996
MGG_17961T0	1758	1759	11294	478.523
MGG_12752T0	1765	1766	3264	137.746
MGG_11115T0	846	847	360	31.6767
MGG_09496T0	345	346	0	0
MGG_02128T0	1695	1696	103	4.52618
MGG_05760T0	618	619	716	86.2071
MGG_11006T0	1092	1093	0	0
MGG_02404T0	1288	1289	26	1.50328
MGG_03641T0	1853	1854	148508	5969.81
MGG_06582T0	1822	1823	2216	90.5949
MGG_11205T0	13727	13728	4166	22.6169
MGG_04333T0	1179	1180	261	16.4846
MGG_08022T0	3369	3370	11.0701	0.244817
MGG_16035T0	994	995	18	1.34825
MGG_15115T0	569	570	0	0
MGG_08341T0	1824	1825	1001.42	40.8952
MGG_14572T0	819	820	177	16.0872
MGG_02253T0	2972	2973	804.499	20.1675
MGG_03444T0	1236	1237	26	1.56648
MGG_11165T0	3693	3694	5832.94	117.682
MGG_14569T0	1509	1510	0	0
MGG_06548T0	2554	2555	3324	96.9596
MGG_13610T0	2456	2457	1055	32.0013
MGG_08533T0	3540	3541	385	8.10318
MGG_17336T0	612	613	10	1.21579
MGG_17977T0	1907	1908	236	9.21837
MGG_02548T0	1713	1714	198	8.60944
MGG_05054T0	1138	1139	51	3.33708
MGG_06624T0	1953	1954	59	2.25034
MGG_14571T0	1867	1868	74	2.9524
MGG_14307T0	2365	2366	4684.49	147.56
MGG_07728T0	3424	3425	1673	36.4046
MGG_00497T0	3838	3839	643	12.4828
MGG_06979T0	3010	3011	3298	81.632
MGG_05063T0	1848	1849	1851.24	74.6183
MGG_06717T0	972	973	570	43.6599
MGG_04603T0	3012	3013	405	10.0179
MGG_11952T0	360	361	3	0.619348
MGG_03422T0	1701	1702	0	0
MGG_06516T0	2735	2736	4181	113.89
MGG_12887T0	618	619	84	10.1137
MGG_08584T0	2714	2715	6708	184.138
MGG_12410T0	1356	1357	20	1.09843
MGG_09838T0	3696	3697	4294.97	86.5827
MGG_04623T0	2836	2837	1792	47.076
MGG_06313T0	3106	3107	3731	89.4962
MGG_08494T0	1772	1773	14	0.588491
MGG_06273T0	1510	1511	5771	284.647
MGG_07784T0	1343	1344	247.587	13.7293
MGG_14781T0	738	739	371.632	37.4791
MGG_00072T0	1800	1801	5	0.206908
MGG_01183T0	2503	2504	1824	54.2889
MGG_01758T0	1161	1162	223	14.3027
MGG_08039T0	1824	1825	14	0.571723
MGG_13221T0	315	316	1060	250
MGG_01179T0	1457	1458	1552	79.3332
MGG_06482T0	2245	2246	3138.49	104.143
MGG_06482T1	2262	2263	2798.51	92.1644
MGG_13230T0	1537	1538	4822	233.664
MGG_12817T0	2113	2114	788	27.7806
MGG_07496T0	1356	1357	1850	101.604
MGG_15961T0	792	793	75	7.0487
MGG_09401T0	1821	1822	0	0
MGG_04228T0	1009	1010	2327.78	171.767
MGG_08045T0	2523	2524	2973	87.7862
MGG_04793T0	2498	2499	2812	83.8629
MGG_15671T0	2204	2205	12712	429.661
MGG_09893T0	895	896	387	32.1902
MGG_00739T0	4561	4562	1099	17.9541
MGG_00307T0	1037	1038	1789.53	128.488
MGG_15805T0	309	310	0	0
MGG_06630T0	1396	1397	10	0.533488
MGG_09701T0	4600	4601	8302	134.478
MGG_01472T0	2030	2031	8961	328.827
MGG_12779T0	3034	3035	97	2.38196
MGG_04444T0	1293	1294	6914	398.213
MGG_08414T0	378	379	0	0
MGG_17165T0	222	223	4	1.33683
MGG_16441T0	3955	3956	3591	67.6519
MGG_09025T0	3142	3143	701	16.6224
MGG_17140T0	171	172	0	0
MGG_03825T0	1617	1618	0	0
MGG_04036T0	900	901	91	7.52727
MGG_06227T0	748	749	1	0.0995036
MGG_08638T0	3609	3610	651	13.4399
MGG_16742T0	566	567	2	0.262886
MGG_03941T0	1104	1105	90	6.07017
MGG_06118T0	3029	3030	2960	72.8064
MGG_00059T0	1659	1660	37	1.66117
MGG_09481T0	2528	2529	5775	170.186
MGG_10796T0	468	469	0	0
MGG_11794T0	2092	2093	4095	145.816
MGG_07481T0	3548	3549	1611	33.8306
MGG_05507T0	2123	2124	13	0.456152
MGG_16881T0	243	244	2	0.610887
MGG_01413T0	345	346	29	6.24658
MGG_08618T0	4045	4046	1978	36.4352
MGG_00777T0	798	799	17842	1664.25
MGG_05912T0	1741	1742	129	5.51902
MGG_10930T0	1061	1062	2166.9	152.067
MGG_04600T0	3778	3779	833.692	16.4418
MGG_04465T0	1038	1039	18606	1334.62
MGG_05307T0	1975	1976	17544	661.702
MGG_05432T0	738	739	2	0.2017
MGG_12288T0	3837	3838	699	13.5735
MGG_00792T0	2356	2357	152	4.80623
MGG_02124T0	4456	4457	4374	73.1403
MGG_07653T0	1564	1565	25	1.19055
MGG_07869T0	390	391	0	0
MGG_17648T0	1137	1138	0	0
MGG_17361T0	339	340	0	0
MGG_17932T0	3847	3848	5191.52	100.55
MGG_03683T1	1853	1854	1226.85	49.3178
MGG_03683T0	1881	1882	367.146	14.5392
MGG_05006T0	1486	1487	119	5.96426
MGG_00744T0	4110	4111	1790	32.4509
MGG_13292T0	2362	2363	100	3.15397
MGG_09265T0	2218	2219	1234	41.4456
MGG_16937T0	366	367	0	0
MGG_10972T0	930	931	112	8.9658
MGG_10650T0	291	292	21	5.35991
MGG_09377T0	588	589	4	0.506134
MGG_17991T0	150	151	18	8.88416
MGG_09922T0	2526	2527	5916	174.479
MGG_00370T0	1664	1665	610.096	27.3089
MGG_02513T0	1111	1112	155.129	10.397
MGG_15532T0	3039	3040	1385	33.9545
MGG_15360T0	560	561	3	0.398547
MGG_14724T0	1431	1432	0	0
MGG_02726T0	2127	2128	803.486	28.1402
MGG_00342T0	1161	1162	1405	90.1137
MGG_06056T0	1457	1458	653.691	33.4146
MGG_07707T0	3483	3484	556.848	11.9119
MGG_05724T0	2750	2751	604	16.3632
MGG_00960T0	5580	5581	4780	63.8317
MGG_05032T0	3908	3909	299	5.70067
MGG_17701T0	1360	1361	202	11.0615
MGG_06836T0	2051	2052	267	9.69738
MGG_05632T0	992	993	107	8.03073
MGG_09194T0	1276	1277	10126	590.973
MGG_05165T0	2076	2077	77	2.76296
MGG_03012T0	2780	2781	652	17.473
MGG_01359T0	2480	2481	1349.84	40.5486
MGG_06437T0	2523	2524	2070	61.1226
MGG_15711T0	767	768	3	0.291126
MGG_01388T0	1246	1247	103	6.1559
MGG_04586T0	1015	1016	528.643	38.7783
MGG_04850T0	2285	2286	170	5.54234
MGG_06089T0	1346	1347	1722.9	95.3267
MGG_06670T0	1443	1444	777	40.1028
MGG_07050T0	294	295	11	2.77902
MGG_03028T0	1552	1553	758	36.3763
MGG_17032T0	387	388	0	0
MGG_12403T0	5222	5223	2813	40.1394
MGG_06044T0	808	809	13530	1246.44
MGG_02807T0	558	559	96	12.7991
MGG_17195T0	3906	3907	620	11.8268
MGG_01951T0	1749	1750	0	0
MGG_05731T0	2237	2238	505	16.8171
MGG_08519T0	1066	1067	5	0.349242
MGG_10733T0	795	796	2	0.187257
MGG_07020T0	2375	2376	41	1.28605
MGG_13328T0	6535	6536	1230	14.0254
MGG_08831T0	1202	1203	3478	215.469
MGG_17188T0	204	205	4	1.45421
MGG_10490T0	1185	1186	1418	89.1071
MGG_07611T0	2828	2829	2211	58.2474
MGG_09592T0	804	805	0	0
MGG_15977T0	1422	1423	177.644	9.30391
MGG_06577T0	2805	2806	109	2.89507
MGG_09756T0	1032	1033	390	28.1375
MGG_06571T0	849	850	14438	1265.93
MGG_05617T0	1084	1085	474.317	32.5806
MGG_06547T0	3983	3984	6081	113.757
MGG_09557T0	2253	2254	2515	83.1581
MGG_03250T0	1479	1480	1222.68	61.5706
MGG_08950T0	1395	1396	15	0.800805
MGG_08709T0	2727	2728	29.0705	0.794199
MGG_10548T0	1276	1277	164	9.57136
MGG_14931T0	2822	2823	711	18.7707
MGG_00708T0	1120	1121	1104.51	73.4317
MGG_02070T0	3962	3963	917.307	17.2509
MGG_16995T0	255	256	0	0
MGG_04438T0	1364	1365	26566	1450.49
MGG_05078T0	4211	4212	2284	40.4137
MGG_03492T0	2039	2040	5528	201.957
MGG_07746T0	1095	1096	52	3.53601
MGG_18087T0	435	436	5	0.854681
MGG_15566T0	3119	3120	608	14.5234
MGG_18049T0	417	418	33	5.88381
MGG_13178T0	4504	4505	6761.44	111.857
MGG_17067T0	153	154	1	0.483949
MGG_01096T0	3542	3543	19714	414.691
MGG_10292T0	456	457	929	151.503
MGG_07575T0	912	913	0	0
MGG_16210T0	153	154	1	0.483949
MGG_15782T0	225	226	1	0.329771
MGG_03136T0	2369	2370	14129	444.308
MGG_04728T0	423	424	36	6.32787
MGG_08920T0	5107	5108	1023	14.9261
MGG_08661T0	1735	1736	6879	295.322
MGG_04852T0	4577	4578	588	9.57243
MGG_15215T0	954	955	9	0.70236
MGG_10814T0	1276	1277	0	0
MGG_04704T0	1295	1296	628	36.114
MGG_06850T0	3627	3628	1596	32.7858
MGG_07871T0	726	727	20	2.05029
MGG_12405T0	2339	2340	4705	149.853
MGG_06207T0	1521	1522	5	0.244836
MGG_17031T0	150	151	0	0
MGG_03364T0	725	726	104	10.6762
MGG_12068T0	1419	1420	0	0
MGG_00581T0	512	513	0	0
MGG_13765T0	1870	1871	21	0.836501
MGG_14743T0	1410	1411	65	3.43326
MGG_11936T0	3182	3183	140	3.27802
MGG_02574T0	3660	3661	764	15.553
MGG_02254T0	1367	1368	1322.5	72.0494
MGG_09722T0	618	619	109	13.1237
MGG_06475T0	3117	3118	7075	169.111
MGG_07699T0	318	319	0	0
MGG_11547T0	2792	2793	1492	39.8124
MGG_09858T0	840	841	198	17.5465
MGG_00866T0	2379	2380	21	0.657602
MGG_03394T0	1432	1433	173	8.99747
MGG_03675T0	1770	1771	973	40.9463
MGG_17973T0	162	163	11	5.02951
MGG_00918T0	2581	2582	998	28.8068
MGG_02030T0	1767	1768	0	0
MGG_00785T0	1853	1854	16021	644.022
MGG_07074T0	2553	2554	2483	72.4564
MGG_01921T0	1419	1420	8	0.419877
MGG_06546T0	1876	1877	0	0
MGG_03348T0	3073	3074	34	0.82432
MGG_12738T0	4688	4689	6798	108.049
MGG_11146T0	1251	1252	471	28.0374
MGG_08369T0	2138	2139	935	32.5778
MGG_08881T1	3005	3006	331.29	8.21373
MGG_08881T0	2988	2989	202.71	5.05439
MGG_09764T0	1458	1459	2379	121.523
MGG_10627T0	2913	2914	84	2.14838
MGG_14797T0	2817	2818	1725.78	45.6422
MGG_02501T0	2961	2962	588	14.7949
MGG_14602T0	1467	1468	3513	178.35
MGG_03091T0	721	722	3626	374.293
MGG_16973T0	319	320	0	0
MGG_17466T0	261	262	8	2.27567
MGG_05730T0	1749	1750	2521	107.363
MGG_07725T0	1499	1500	2	0.0993709
MGG_08807T0	4159	4160	1292.82	23.1614
MGG_17899T0	234	235	0	0
MGG_15079T0	3558	3559	758	15.8731
MGG_00944T0	1842	1843	1504	60.8196
MGG_16668T0	782	783	26640	2535.67
MGG_06824T0	712	713	54	5.64449
MGG_02383T0	1210	1211	6	0.369256
MGG_14292T0	2174	2175	1065	36.4931
MGG_02201T0	1290	1291	3	0.173187
MGG_03459T0	5739	5740	5532	71.8275
MGG_15816T0	180	181	94	38.7053
MGG_15561T0	168	169	4	1.76398
MGG_16989T0	489	490	32	4.86715
MGG_15494T0	1426	1427	57.4795	3.00199
MGG_03312T0	826	827	25.8264	2.32744
MGG_03887T0	1796	1797	976	40.4783
MGG_02991T0	1924	1925	132	5.11051
MGG_03235T0	3190	3191	692.104	16.1646
MGG_18096T0	471	472	0	0
MGG_03183T0	2171	2172	208	7.13714
MGG_04769T0	2075	2076	560.281	20.114
MGG_01532T0	844	845	69	6.08574
MGG_16353T0	225	226	0	0
MGG_02742T0	885	886	6911	581.337
MGG_10995T0	669	670	6.20728	0.690474
MGG_13086T0	1680	1681	0	0
MGG_12637T0	914	915	297	24.1911
MGG_00892T0	435	436	5486	937.756
MGG_11745T0	2168	2169	1196	41.0953
MGG_04943T0	2419	2420	5831	179.576
MGG_17971T0	156	157	17	8.06993
MGG_05096T0	1489	1490	1066	53.3202
MGG_05473T0	476	477	4	0.624975
MGG_00492T0	5778	5779	504	6.49978
MGG_07476T0	3946	3947	3175.92	59.9685
MGG_13474T0	952	953	47610	3723.28
MGG_09578T0	366	367	0	0
MGG_06876T0	1282	1283	4169.49	242.201
MGG_14894T0	1092	1093	0	0
MGG_00575T0	2123	2124	90	3.15798
MGG_10821T0	2179	2180	1800	61.5371
MGG_03247T0	1443	1444	4313.5	222.63
MGG_08640T0	1397	1398	937.279	49.9669
MGG_16455T0	2488	2489	733	21.9482
MGG_02412T0	1273	1274	915.924	53.581
MGG_16697T0	354	355	0	0
MGG_03122T0	2211	2212	5913	199.225
MGG_01885T0	2572	2573	2147	62.1889
MGG_02602T0	1882	1883	410	16.2276
MGG_04659T0	3096	3097	5647	135.893
MGG_06623T0	2226	2227	117	3.91549
MGG_15366T0	393	394	10	1.89158
MGG_12445T0	456	457	0	0
MGG_16777T0	171	172	0	0
MGG_16097T0	1713	1714	16.7551	0.728548
MGG_08617T0	1883	1884	51.4752	2.03628
MGG_04251T0	2367	2368	1070	33.6762
MGG_15579T0	968	969	17	1.30751
MGG_06919T0	771	772	10516	1015.21
MGG_04528T0	5675	5676	1000	13.1304
MGG_02570T0	1436	1437	267	13.8476
MGG_04715T0	267	268	173	48.1096
MGG_15922T0	366	367	0	0
MGG_06883T0	1843	1844	1189.59	48.0791
MGG_07485T0	1993	1994	25	0.934406
MGG_03274T0	2973	2974	91	2.28045
MGG_10440T0	767	768	1090	105.776
MGG_17216T0	540	541	0	0
MGG_06705T0	920	921	1009	81.6493
MGG_07543T0	1870	1871	843	33.5795
MGG_15483T0	483	484	0	0
MGG_02220T0	333	334	3	0.669415
MGG_12537T0	1646	1647	509	23.0327
MGG_10830T0	1254	1255	345.605	20.5238
MGG_17529T0	285	286	0	0
MGG_16804T0	727	728	24	2.45697
MGG_02091T0	750	751	76	7.54214
MGG_02793T0	2975	2976	64	1.60276
MGG_07393T0	3680	3681	3085	62.4612
MGG_16090T0	429	430	0	0
MGG_00416T0	1479	1480	10	0.503569
MGG_03095T0	2390	2391	255	7.94843
MGG_16650T0	342	343	105	22.8148
MGG_01509T0	366	367	264	53.6116
MGG_00520T0	1008	1009	481.139	35.5386
MGG_13239T0	4493	4494	22112	366.704
MGG_12110T0	1540	1541	711	34.3865
MGG_04638T0	1466	1467	616.38	31.3141
MGG_06743T0	2312	2313	2852.64	91.9163
MGG_14773T0	3304	3305	7254	163.579
MGG_02496T0	1161	1162	2528	162.141
MGG_03805T0	351	352	0	0
MGG_07338T1	4522	4523	2576.32	42.4516
MGG_07338T0	4002	4003	856.678	15.9497
MGG_06877T0	2256	2257	857	28.2989
MGG_14913T0	1230	1231	6393	387.05
MGG_01116T0	1215	1216	1083.7	66.4198
MGG_16812T0	2595	2596	3.62366	0.104031
MGG_10424T0	429	430	50	8.66607
MGG_09178T0	1572	1573	20	0.947593
MGG_00701T0	1128	1129	13	0.858164
MGG_00168T0	2312	2313	19489	627.964
MGG_07872T0	477	478	12	1.871
MGG_10083T0	1549	1550	15	0.721241
MGG_08352T0	999	1000	0	0
MGG_09642T0	2045	2046	18	0.655673
MGG_02212T0	498	499	0	0
MGG_06662T0	5427	5428	331	4.54474
MGG_17810T0	7805	7806	176	1.68037
MGG_01101T0	2559	2560	4129	120.206
MGG_01726T0	6571	6572	698	7.9155
MGG_07950T0	699	700	0	0
MGG_08269T0	1852	1853	704.366	28.3298
MGG_02669T0	1007	1008	2036	150.535
MGG_01706T0	620	621	3054	366.52
MGG_03256T0	2504	2505	2660	79.1397
MGG_04263T0	510	511	0	0
MGG_09798T0	2441	2442	1368	41.7504
MGG_08784T0	3213	3214	181.44	4.20734
MGG_15380T0	1284	1285	100	5.79986
MGG_01001T0	2926	2927	204	5.19431
MGG_02822T0	864	865	2085.9	179.721
MGG_05596T0	3047	3048	413	10.0985
MGG_16456T0	2042	2043	15.7593	0.574896
MGG_06278T0	1507	1508	277	13.6899
MGG_02809T0	4761	4762	3783	59.2063
MGG_02876T0	1788	1789	38	1.58305
MGG_08020T0	1335	1336	57	3.17972
MGG_06202T0	3818	3819	1117	21.7984
MGG_15318T0	1392	1393	4	0.214008
MGG_05878T0	1857	1858	0	0
MGG_03143T0	2601	2602	127	3.63762
MGG_01443T0	2077	2078	580	20.8019
MGG_07771T0	2725	2726	1774	48.5008
MGG_01267T0	829	830	2499	224.393
MGG_09719T0	3434	3435	848	18.3988
MGG_17291T0	387	388	0	0
MGG_03792T0	831	832	0	0
MGG_00768T0	2118	2119	1020	35.8748
MGG_17085T0	288	289	5	1.28942
MGG_04435T0	2282	2283	1206.57	39.3884
MGG_06787T0	3148	3149	898	21.2532
MGG_02541T0	2208	2209	12280	414.308
MGG_12839T0	5497	5498	3268	44.2994
MGG_16975T0	402	403	0	0
MGG_16231T0	1774	1775	150.022	6.2991
MGG_14588T0	1830	1831	0	0
MGG_05642T0	3273	3274	1148	26.1327
MGG_03429T0	969	970	4	0.307333
MGG_17439T0	1098	1099	719.338	48.7816
MGG_13880T0	1197	1198	0	0
MGG_02826T0	1847	1848	129	5.20246
MGG_16871T0	384	385	498	96.4027
MGG_13283T0	867	868	1	0.085862
MGG_01772T0	1040	1041	1068.83	76.5205
MGG_17972T0	553	554	35	4.70846
MGG_05759T0	1723	1724	469	20.2748
MGG_17364T0	219	220	4	1.35506
MGG_09515T0	2845	2846	1240	32.4719
MGG_07544T0	525	526	0	0
MGG_08775T0	1557	1558	113	5.40545
MGG_12385T0	2659	2660	1257	35.2188
MGG_12077T0	2511	2512	319	9.46437
MGG_16505T0	420	421	15	2.6554
MGG_15773T0	2433	2434	1816	55.6053
MGG_17509T0	1080	1081	18	1.24099
MGG_00375T0	1275	1276	30	1.75223
MGG_03283T0	3400	3401	1965.59	43.0733
MGG_06651T0	2418	2419	597	18.3933
MGG_14875T0	887	888	139	11.666
MGG_07776T0	459	460	9	1.45816
MGG_04751T0	2197	2198	188.008	6.37483
MGG_05447T0	847	848	1497.58	131.618
MGG_13814T0	693	694	26	2.79212
MGG_16940T0	366	367	0	0
MGG_03611T0	1974	1975	107.051	4.03967
MGG_10330T0	3536	3537	179	3.77171
MGG_03163T0	1016	1017	1258	92.1893
MGG_16723T0	243	244	1	0.305443
MGG_12305T0	915	916	860	69.9719
MGG_08551T0	3203	3204	402.227	9.3562
MGG_10651T0	1133	1134	1633.54	107.359
MGG_00984T0	3505	3506	25822.7	548.922
MGG_10728T0	2212	2213	31	1.044
MGG_06643T0	3113	3114	7510	179.739
MGG_18124T0	360	361	0	0
MGG_15586T0	195	196	0	0
MGG_10052T0	887	888	2028	170.206
MGG_06706T0	3153	3154	2286	54.0176
MGG_01432T0	2118	2119	2568.29	90.3303
MGG_16340T0	783	784	90	8.55553
MGG_15066T0	336	337	16	3.53843
MGG_00384T0	4132	4133	458	8.25887
MGG_02479T0	878	879	8542	724.255
MGG_15278T0	1323	1324	0	0
MGG_04473T0	2193	2194	395	13.4178
MGG_17939T0	180	181	41	16.8821
MGG_17180T0	816	817	346	31.5627
MGG_00845T0	4639	4640	5335.86	85.7052
MGG_07159T0	651	652	85	9.7161
MGG_03552T0	2628	2629	618	17.5194
MGG_08839T0	3188	3189	432	10.096
MGG_10804T0	501	502	0	0
MGG_14299T0	1429	1430	21	1.09447
MGG_13924T0	2250	2251	3	0.0993268
MGG_07383T0	1311	1312	953	54.1352
MGG_18003T0	739	740	5428	546.675
MGG_16580T0	252	253	0	0
MGG_06161T0	1099	1100	189	12.8053
MGG_02478T0	3509	3510	3120	66.2473
MGG_17353T0	231	232	2	0.642485
MGG_02767T0	5837	5838	2934	37.4556
MGG_05401T0	3712	3713	146	2.93055
MGG_09291T0	3174	3175	4307	101.1
MGG_16862T0	1419	1420	2840	149.056
MGG_10846T0	944	945	13	1.02526
MGG_04897T0	2878	2879	535	13.8495
MGG_05160T0	4165	4166	3629	64.9215
MGG_07331T0	2459	2460	8712	263.939
MGG_14810T0	309	310	13	3.12538
MGG_06859T0	1027	1028	3147.99	228.224
MGG_17675T0	168	169	0	0
MGG_11211T0	4315	4316	2143	37.0051
MGG_10439T0	2857	2858	106	2.76417
MGG_17817T0	1773	1774	256.906	10.793
MGG_16331T0	1844	1845	35.1231	1.41879
MGG_13902T0	2409	2410	11	0.34017
MGG_18019T0	312	313	1	0.238109
MGG_06578T0	1200	1201	578	35.8679
MGG_16391T0	680	681	2	0.218879
MGG_08187T0	1410	1411	793	41.8858
MGG_04588T0	2791	2792	1944	51.8921
MGG_17547T0	507	508	0	0
MGG_05518T0	523	524	0	0
MGG_01746T0	1764	1765	6909	291.737
MGG_12388T0	2587	2588	43	1.2383
MGG_09511T0	1697	1698	8179.61	359.018
MGG_04667T0	3012	3013	1208	29.8805
MGG_15863T0	183	184	30	12.1513
MGG_01103T0	2371	2372	1744.57	54.8145
MGG_09200T0	2640	2641	39724.9	1121.03
MGG_05127T0	597	598	0	0
MGG_05137T0	2024	2025	637	23.4442
MGG_17399T0	2220	2221	5786	194.156
MGG_01843T0	603	604	392	48.3693
MGG_09668T0	2018	2019	21	0.775182
MGG_06642T0	2869	2870	20656	536.395
MGG_01147T0	2482	2483	593	17.7991
MGG_00490T0	1940	1941	3330	127.861
MGG_00981T0	1296	1297	167	9.59615
MGG_00841T0	3144	3145	490	11.6117
MGG_05169T0	3361	3362	2007.81	44.5087
MGG_17846T0	4302	4303	106.062	1.837
MGG_17548T0	399	400	0	0
MGG_14303T0	1641	1642	614	27.8686
MGG_00225T0	537	538	7	0.969698
MGG_05598T0	5224	5225	2268	32.3502
MGG_05411T0	2283	2284	6	0.195783
MGG_13815T0	1037	1038	54919	3943.17
MGG_17247T0	3737	3738	2831	56.4445
MGG_07547T0	2377	2378	8	0.250726
MGG_13485T0	2699	2700	2543	70.1945
MGG_01151T0	1262	1263	110	6.49098
MGG_03819T0	1488	1489	0	0
MGG_03837T0	4346	4347	4797	82.2433
MGG_12613T0	7425	7426	827	8.29987
MGG_10048T0	3073	3074	1	0.0242447
MGG_07855T0	1713	1714	3	0.130446
MGG_17061T0	1370	1371	475.836	25.8667
MGG_00775T0	2953	2954	3980	100.414
MGG_01754T0	1999	2000	447	16.6571
MGG_17384T0	1291	1292	353	20.3626
MGG_04227T0	3861	3862	3598	69.4336
MGG_07809T0	1347	1348	0	0
MGG_05088T0	2742	2743	1994	54.1776
MGG_08627T0	1887	1888	489.992	19.3423
MGG_06395T0	4668	4669	1143	18.245
MGG_12670T0	1883	1884	1227.92	48.5745
MGG_03731T0	1563	1564	299.214	14.2582
MGG_01330T0	2398	2399	13	0.403863
MGG_17191T0	465	466	12	1.91918
MGG_02080T0	1071	1072	0	0
MGG_16423T0	868	869	305	26.1578
MGG_16202T0	3026	3027	486.022	11.9664
MGG_00464T0	2039	2040	370	13.5174
MGG_00795T0	4312	4313	87	1.50335
MGG_03629T0	4695	4696	11501	182.527
MGG_04092T0	1434	1435	1486	77.1769
MGG_07118T0	2563	2564	7	0.20347
MGG_03863T0	761	762	549	53.6955
MGG_01066T0	934	935	11289	899.838
MGG_04500T0	1376	1377	3177	171.951
MGG_08842T0	1842	1843	2054.46	83.0794
MGG_01694T0	1766	1767	157.737	6.65299
MGG_06083T0	1169	1170	4088	260.403
MGG_00619T0	648	649	85	9.76101
MGG_15667T0	1504	1505	1821.48	90.2006
MGG_03724T0	4334	4335	4371	75.1471
MGG_17681T0	225	226	182	60.0183
MGG_12100T0	1919	1920	317	12.3049
MGG_09869T0	3538	3539	3196	67.3049
MGG_16654T0	395	396	1	0.188203
MGG_03553T0	942	943	264	20.8647
MGG_02730T0	2013	2014	1258	46.5524
MGG_01365T0	1713	1714	23	1.00009
MGG_09618T0	1443	1444	1278	65.9606
MGG_16659T0	231	232	0	0
MGG_12849T0	3193	3194	1396	32.574
MGG_09420T0	903	904	3	0.247328
MGG_00320T0	3945	3946	545	10.2934
MGG_03251T0	1038	1039	8371	600.458
MGG_11680T0	2657	2658	169	4.73863
MGG_17116T0	210	211	1	0.353214
MGG_05215T0	1886	1887	22.046	0.870718
MGG_06962T0	1388	1389	10056	539.565
MGG_17315T0	189	190	1	0.392254
MGG_07501T0	3850	3851	354	6.85094
MGG_15024T0	1489	1490	527	26.36
MGG_00652T0	2493	2494	4206	125.688
MGG_03181T0	2324	2325	1603	51.3844
MGG_04208T0	891	892	0	0
MGG_17407T0	330	331	9	2.02645
MGG_09184T0	2711	2712	4131	113.524
MGG_17435T0	400	401	8	1.48685
MGG_01876T0	1152	1153	24	1.55132
MGG_01257T0	1520	1521	59.9707	2.93853
MGG_17592T0	351	352	0	0
MGG_10026T0	1011	1012	0	0
MGG_03066T0	2240	2241	1020	33.9218
MGG_06164T0	4818	4819	378	5.84596
MGG_08555T0	3020	3021	38	0.937462
MGG_17981T0	180	181	21	8.64692
MGG_02729T0	4556	4557	86	1.4065
MGG_07162T0	2292	2293	2893	94.0297
MGG_15131T0	1347	1348	379	20.9541
MGG_14136T0	1662	1663	12630	566.02
MGG_14652T0	896	897	250	20.7715
MGG_09032T0	1844	1845	637	25.7314
MGG_07412T0	900	901	9	0.744455
MGG_01087T0	2980	2981	2480.8	62.0226
MGG_09822T0	714	715	6	0.625412
MGG_13350T0	2573	2574	600	17.3725
MGG_03431T0	1299	1300	0	0
MGG_01229T0	810	811	3604	331.196
MGG_00101T0	1554	1555	1421.8	68.1444
MGG_02473T0	2079	2080	2166	77.6097
MGG_02259T0	3691	3692	101	2.03883
MGG_02542T0	2656	2657	102	2.86108
MGG_10549T0	333	334	7	1.56197
MGG_01186T0	1821	1822	10	0.409046
MGG_14965T0	627	628	0	0
MGG_01639T0	3252	3253	1941	44.4695
MGG_05323T0	2610	2611	1172.91	33.4795
MGG_09878T0	1852	1853	4454	179.141
MGG_00193T0	3485	3486	1012.82	21.6535
MGG_05317T0	1272	1273	431	25.233
MGG_16467T0	1172	1173	15	0.953046
MGG_11683T0	1104	1105	127	8.56569
MGG_04436T0	1285	1286	13592.4	787.729
MGG_13743T0	1171	1172	3466	220.405
MGG_02853T0	1522	1523	681	33.3248
MGG_11715T0	4417	4418	1932	32.5913
MGG_01128T0	6009	6010	4846	60.0938
MGG_03652T0	2854	2855	331.669	8.65805
MGG_17841T0	3915	3916	5042	95.9579
MGG_05141T0	825	826	730	65.8663
MGG_01025T0	1415	1416	61	3.21061
MGG_02898T0	1344	1345	78	4.32208
MGG_03800T0	675	676	0	0
MGG_08858T0	2128	2129	4588	160.608
MGG_03149T0	1673	1674	7425	330.569
MGG_08368T0	1761	1762	2429	102.741
MGG_16489T0	627	628	0	0
MGG_12267T0	1348	1349	2739	151.322
MGG_14629T0	267	268	131	36.4298
MGG_12423T0	1308	1309	15710	894.452
MGG_06325T0	3373	3374	607.777	13.4252
MGG_14922T0	264	265	2	0.562477
MGG_17784T0	333	334	56	12.4957
MGG_03760T0	858	859	17	1.47495
MGG_15828T0	1177	1178	158.32	10.0164
MGG_03565T0	2303	2304	1581.35	51.1523
MGG_02421T0	1773	1774	54	2.26862
MGG_09543T0	2223	2224	176	5.89792
MGG_17883T0	183	184	10	4.05045
MGG_15179T0	1119	1120	0	0
MGG_08331T0	711	712	0	0
MGG_01358T0	920	921	39.1614	3.16898
MGG_05315T0	6151	6152	1600.89	19.3939
MGG_11575T0	967	968	446	34.3384
MGG_17064T0	249	250	22	6.55848
MGG_12154T0	5580	5581	6354	84.8508
MGG_04552T0	3410	3411	499	10.9028
MGG_03239T0	1485	1486	177	8.87718
MGG_04991T0	2290	2291	1279	41.607
MGG_14071T0	1373	1374	4042.47	219.271
MGG_08900T0	1611	1612	264	12.2056
MGG_13442T0	1707	1708	132	5.75979
MGG_16424T0	2281	2282	168	5.48674
MGG_06682T0	2037	2038	420.61	15.3814
MGG_09559T0	3473	3474	2235	47.9478
MGG_04981T0	1176	1177	197.821	12.5261
MGG_05336T0	2419	2420	4869	149.95
MGG_05943T0	438	439	0	0
MGG_00157T0	2492	2493	6871	205.408
MGG_01366T0	270	271	28	7.70033
MGG_03970T0	1716	1717	1297	56.2977
MGG_18063T0	1711	1712	19	0.827124
MGG_12015T0	423	424	25	4.39435
MGG_08007T0	1596	1597	40	1.86671
MGG_08447T0	780	781	28	2.67195
MGG_15233T0	1413	1414	117.112	6.17266
MGG_15592T0	210	211	4	1.41286
MGG_00873T0	186	187	0	0
MGG_02961T0	7269	7270	1613	16.5356
MGG_05316T0	2254	2255	4	0.132201
MGG_09313T0	2517	2518	1044	30.9005
MGG_00220T0	1571	1572	259	12.2791
MGG_05879T0	1472	1473	26	1.3155
MGG_01329T0	2739	2740	1149	31.2529
MGG_14892T0	1344	1345	76	4.21126
MGG_00528T0	3218	3219	449	10.3955
MGG_14003T0	5757	5758	4775	61.8048
MGG_08089T0	2196	2197	628	21.3035
MGG_13486T0	2634	2635	1972.44	55.7885
MGG_00772T0	3954	3955	478	9.00746
MGG_01855T0	876	877	30	2.54943
MGG_12176T0	423	424	6	1.05464
MGG_17181T0	444	445	6	1.00487
MGG_00272T0	1281	1282	39	2.26724
MGG_06140T0	3407	3408	2971	64.9716
MGG_16194T0	887	888	119	9.98745
MGG_15901T0	2868	2869	1317	34.2118
MGG_15738T0	228	229	101	32.8705
MGG_05948T0	1706	1707	24438	1066.97
MGG_00110T0	1685	1686	88	3.88997
MGG_16069T0	1498	1499	199.639	9.92579
MGG_02330T0	1839	1840	40	1.62018
MGG_01812T0	2795	2796	38	1.0129
MGG_01747T0	2607	2608	293.251	8.38018
MGG_04247T0	705	706	1	0.105564
MGG_10193T0	1821	1822	3571	146.07
MGG_02926T0	738	739	676	68.1747
MGG_15985T0	345	346	3	0.646198
MGG_13817T0	3738	3739	4305.15	85.8131
MGG_01042T0	1689	1690	651	28.7088
MGG_02859T0	2681	2682	2103	58.4388
MGG_03913T0	576	577	39	5.03744
MGG_08863T0	3381	3382	301	6.63305
MGG_03351T0	3207	3208	42	0.975743
MGG_13255T0	1008	1009	110	8.12498
MGG_09971T0	2546	2547	4075	119.239
MGG_15749T0	4032	4033	3319	61.3338
MGG_02812T0	1206	1207	3427	211.606
MGG_16557T0	1188	1189	0	0
MGG_16081T0	855	856	6	0.522394
MGG_16279T0	495	496	1	0.150258
MGG_15736T0	937	938	1358	107.899
MGG_15707T0	546	547	0	0
MGG_17928T0	1263	1264	419	24.7052
MGG_08641T0	1482	1483	484.066	24.3267
MGG_05091T0	1814	1815	212	8.70522
MGG_09234T0	1218	1219	22	1.34505
MGG_03220T0	3779	3780	5968.22	117.672
MGG_08415T0	2981	2982	4	0.0999708
MGG_17456T0	616	617	153	18.4811
MGG_15570T0	324	325	6	1.37591
MGG_07160T0	2137	2138	1456	50.7545
MGG_05651T0	1354	1355	4483	246.576
MGG_01973T0	3486	3487	2590.65	55.3704
MGG_03946T0	1042	1043	2	0.142911
MGG_03175T0	1662	1663	756	33.8805
MGG_15786T0	174	175	0	0
MGG_07559T0	1728	1729	60	2.58629
MGG_07208T0	1458	1459	929	47.4549
MGG_08010T0	2519	2520	936	27.6819
MGG_00827T0	941	942	28	2.21528
MGG_08201T0	826	827	6133.12	552.709
MGG_15950T0	2636	2637	222	6.27427
MGG_11104T0	755	756	13	1.28157
MGG_14559T0	360	361	133	27.4578
MGG_07999T0	3886	3887	3886	74.509
MGG_09122T0	1533	1534	29	1.40894
MGG_15251T0	1046	1047	5473.88	389.645
MGG_02341T0	258	259	0	0
MGG_11709T0	3750	3751	2341.74	46.5279
MGG_07250T0	5399	5400	53	0.731481
MGG_16096T0	1982	1983	850	31.946
MGG_11651T0	1689	1690	235	10.3634
MGG_13542T0	3561	3562	196.788	4.11741
MGG_01409T0	3730	3731	5379	107.448
MGG_02544T0	1601	1602	389	18.0971
MGG_17454T0	279	280	0	0
MGG_16411T0	636	637	0	0
MGG_07176T0	1576	1577	15298	722.976
MGG_16595T0	2541	2542	618	18.119
MGG_03865T0	222	223	780	260.682
MGG_17485T0	246	247	0	0
MGG_03108T0	402	403	27	4.99321
MGG_03352T0	1623	1624	3164	145.202
MGG_09086T0	384	385	0	0
MGG_16996T0	984	985	4.14585	0.313688
MGG_07916T0	1869	1870	4719	188.074
MGG_06371T0	1595	1596	7259	338.973
MGG_08676T0	1109	1110	577	38.7412
MGG_00105T0	6562	6563	873.286	9.91688
MGG_15136T0	1602	1603	1296	60.2549
MGG_04331T0	1423	1424	2050	107.291
MGG_10428T0	2247	2248	846	28.0475
MGG_11360T0	2002	2003	483	17.9716
MGG_17467T0	186	187	1	0.398547
MGG_05299T0	2893	2894	4438.66	114.307
MGG_17423T0	462	463	0	0
MGG_14338T0	718	719	6	0.621932
MGG_03853T0	1372	1373	1208.91	65.6214
MGG_16616T0	414	415	0	0
MGG_06925T0	4611	4612	1254	20.2642
MGG_17937T0	744	745	38	3.80144
MGG_05764T0	507	508	66	9.6828
MGG_16403T0	1560	1561	4	0.190976
MGG_16350T0	282	283	0	0
MGG_16195T0	3120	3121	880	21.014
MGG_06192T0	1036	1037	7818	561.872
MGG_06907T0	915	916	2806.62	228.354
MGG_09762T0	2334	2335	1	0.0319179
MGG_03275T0	7701	7702	2575	24.9169
MGG_02653T0	3623	3624	3990	82.0551
MGG_08739T0	540	541	0	0
MGG_01637T0	1404	1405	1143	60.6304
MGG_12049T0	429	430	168	29.118
MGG_15610T0	207	208	4	1.43323
MGG_07490T0	636	637	123	14.3908
MGG_02310T0	1383	1384	4	0.215399
MGG_02701T0	5485	5486	1170	15.8946
MGG_14847T0	3965	3966	6610	124.214
MGG_04611T0	2594	2595	109	3.13047
MGG_10484T0	1156	1157	149.264	9.61482
MGG_02839T0	2503	2504	55	1.637
MGG_12775T0	1360	1361	2304	126.167
MGG_02287T0	1338	1339	0	0
MGG_05040T0	2926	2927	122	3.1064
MGG_05465T0	576	577	0	0
MGG_00172T0	2308	2309	1180	38.0872
MGG_14057T0	1314	1315	24	1.36021
MGG_02974T0	2120	2121	1119	39.3197
MGG_02998T0	1845	1846	570	23.0125
MGG_15330T0	930	931	60	4.80311
MGG_12981T0	925	926	0	0
MGG_07949T0	2258	2259	18	0.59385
MGG_04099T0	1987	1988	9	0.337401
MGG_07845T0	1747	1748	141	6.01172
MGG_08581T0	2021	2022	193	7.11372
MGG_04348T0	972	973	2	0.153193
MGG_09990T0	2808	2809	131	3.47568
MGG_03461T0	898	899	0	0
MGG_06504T0	2267	2268	6333	208.107
MGG_06906T0	2819	2820	2007	53.0419
MGG_07390T0	1255	1256	71	4.21298
MGG_09954T0	4910	4911	34	0.515976
MGG_01511T0	1773	1774	61	2.5627
MGG_17356T0	886	887	10	0.840228
MGG_17187T0	450	451	25	4.13128
MGG_08696T0	1215	1216	2	0.122579
MGG_11889T0	2431	2432	5756.33	176.402
MGG_06603T0	2020	2021	1744	64.3133
MGG_12313T0	2076	2077	148.877	5.3421
MGG_03627T0	1552	1553	3320	159.326
MGG_01833T0	4200	4201	359	6.36887
MGG_00667T0	3832	3833	1608	31.2657
MGG_02504T0	2240	2241	2219	73.7966
MGG_05478T0	1471	1472	3235	163.79
MGG_00357T0	1978	1979	257	9.6785
MGG_03736T0	4716	4717	6036	95.3683
MGG_17217T0	735	736	0	0
MGG_16177T0	1416	1417	0	0
MGG_14735T0	1561	1562	1988	94.8541
MGG_07690T0	2196	2197	0	0
MGG_06837T0	264	265	5838	1641.87
MGG_07100T0	1345	1346	20	1.1074
MGG_06153T0	1442	1443	5033	259.945
MGG_17838T0	231	232	0	0
MGG_11817T0	1980	1981	679	25.545
MGG_07217T0	666	667	6	0.670419
MGG_09500T0	306	307	54	13.1092
MGG_05012T0	1875	1876	21	0.834271
MGG_04040T0	4203	4204	474	8.40304
MGG_04770T0	1074	1075	79	5.47696
MGG_17341T0	2495	2496	3739	111.643
MGG_00683T0	4216	4217	12611.3	222.883
MGG_06679T0	3777	3778	63	1.24279
MGG_15734T0	657	658	11	1.24591
MGG_04015T0	2437	2438	352	10.7604
MGG_09641T0	1346	1347	1857	102.746
MGG_08699T0	657	658	36	4.07753
MGG_10479T0	1941	1942	2	0.0767541
MGG_00380T0	459	460	0	0
MGG_03194T0	1158	1159	838	53.8867
MGG_16870T0	813	814	69	6.3175
MGG_12962T0	2832	2833	1057	27.8067
MGG_15627T0	1253	1254	869.13	51.6545
MGG_08268T0	2211	2212	462.064	15.5682
MGG_13497T0	2244	2245	622	20.6488
MGG_04242T0	1452	1453	3755.29	192.619
MGG_15140T0	4384	4385	2319	39.4141
MGG_07419T0	2473	2474	83.8278	2.52528
MGG_02061T0	2507	2508	216	6.4187
MGG_04135T0	722	723	9265	955.054
MGG_14167T0	2313	2314	888	28.6003
MGG_01970T0	3030	3031	932.215	22.9219
MGG_07616T0	3620	3621	11759.8	242.042
MGG_02252T0	1299	1300	10496	601.729
MGG_08986T0	2082	2083	1	0.0357793
MGG_13615T0	1065	1066	323	22.5822
MGG_05787T0	1548	1549	8	0.38491
MGG_11480T0	2023	2024	6039	222.37
MGG_11327T0	1623	1624	160	7.34268
MGG_12816T0	1646	1647	357	16.1546
MGG_08080T0	1240	1241	3385.33	203.306
MGG_02597T0	2508	2509	3843	114.154
MGG_01065T0	1067	1068	1759	122.748
MGG_04906T0	3576	3577	1821	37.9413
MGG_01045T0	3889	3890	7872	150.819
MGG_06471T0	699	700	918.035	97.7422
MGG_05983T0	2274	2275	1267	41.5065
MGG_13133T0	399	400	0	0
MGG_00255T0	1639	1640	4933	224.175
MGG_14730T0	768	769	266	25.7796
MGG_05795T0	384	385	0	0
MGG_02086T0	1165	1166	2751	175.838
MGG_10634T0	2822	2823	190.203	5.02143
MGG_04507T0	928	929	1085.64	87.0944
MGG_10131T0	3320	3321	1811	40.6416
MGG_16571T0	753	754	1853.44	183.201
MGG_12381T0	291	292	59	15.0588
MGG_03994T0	3699	3700	4382	88.2656
MGG_04400T0	1950	1951	14356	548.399
MGG_15034T0	945	946	357	28.1253
MGG_17729T0	804	805	47	4.35134
MGG_11966T0	597	598	0	0
MGG_00140T0	2239	2240	1288	42.8537
MGG_10737T0	2048	2049	917	33.354
MGG_00590T0	3789	3790	713	14.0207
MGG_06436T0	828	829	4	0.359605
MGG_17317T0	3866	3867	844	16.2663
MGG_15448T0	165	166	4	1.79586
MGG_15958T0	201	202	32	11.8064
MGG_01109T0	817	818	229.046	20.8685
MGG_14634T0	687	688	67	7.25783
MGG_12123T0	3215	3216	2341	54.2508
MGG_04460T0	1066	1067	522	36.4608
MGG_15152T0	792	793	0	0
MGG_04676T0	2107	2108	1941	68.6239
MGG_14751T0	2063	2064	2221	80.1973
MGG_07417T0	1495	1496	6	0.29891
MGG_09080T0	2962	2963	9340.73	234.947
MGG_16591T0	1140	1141	478.891	31.2803
MGG_15575T0	557	558	1	0.133563
MGG_10363T0	1455	1456	8	0.409496
MGG_10674T0	2812	2813	1186.19	31.4272
MGG_11335T0	2508	2509	99	2.94073
MGG_16678T0	198	199	49	18.3512
MGG_00735T0	2236	2237	369	12.2937
MGG_16368T0	337	338	0	0
MGG_02309T0	2096	2097	3.00688	0.106866
MGG_03054T0	3420	3421	103.369	2.25196
MGG_07102T0	969	970	1109	85.208
MGG_11096T0	606	607	0	0
MGG_11719T0	1120	1121	18	1.19671
MGG_08975T0	4357	4358	4171	71.3302
MGG_15877T0	297	298	5	1.25047
MGG_17398T0	1394	1395	383	20.4619
MGG_08767T0	2318	2319	86	2.76388
MGG_00618T0	1408	1409	275	14.546
MGG_17620T0	2509	2510	29.9289	0.888665
MGG_04896T0	747	748	543	54.1027
MGG_02166T0	315	316	0	0
MGG_04329T0	1548	1549	357	17.1766
MGG_06718T0	1136	1137	1062	69.6121
MGG_07421T0	1023	1024	19	1.38285
MGG_17122T0	2709	2710	871	23.9535
MGG_03908T0	1090	1091	427	29.1692
MGG_15765T0	588	589	62	7.84507
MGG_09640T0	1599	1600	163	7.59256
MGG_16982T0	1225	1226	673	40.9115
MGG_00831T0	2208	2209	0	0
MGG_15974T0	1317	1318	1.48691	0.0840795
MGG_05660T0	1493	1494	221	11.0246
MGG_16686T0	294	295	0	0
MGG_02638T0	1592	1593	333	15.5793
MGG_00718T0	1911	1912	800	31.1834
MGG_03041T0	3393	3394	3084	67.721
MGG_03856T0	1556	1557	1129.27	54.0541
MGG_02390T0	2784	2785	2163	57.8831
MGG_08206T0	1599	1600	592	27.5754
MGG_01566T0	1669	1670	3730.22	166.471
MGG_10345T0	1557	1558	0	0
MGG_15044T0	159	160	0	0
MGG_05052T0	1985	1986	403	15.1233
MGG_12963T0	1677	1678	132	5.86277
MGG_17170T0	1293	1294	74	4.26205
MGG_13500T0	3449	3450	2229	48.1517
MGG_11214T0	1011	1012	14	1.03102
MGG_04601T0	3393	3394	619.308	13.5993
MGG_16013T0	471	472	1	0.157899
MGG_13246T0	2475	2476	26731	804.61
MGG_01302T0	1753	1754	960	40.7908
MGG_04976T0	1821	1822	5194	212.459
MGG_10275T0	1992	1993	4	0.14958
MGG_01429T0	1601	1602	213	9.90918
MGG_05156T0	1957	1958	3842	146.24
MGG_15727T0	613	614	580	70.4012
MGG_06036T0	1802	1803	39	1.61209
MGG_12069T0	513	514	0	0
MGG_15619T0	414	415	0	0
MGG_09864T0	1131	1132	2931	192.97
MGG_12647T0	2535	2536	433	12.725
MGG_04310T0	1097	1098	955.025	64.8236
MGG_14666T0	870	871	2629	224.954
MGG_08575T0	805	806	3290	304.216
MGG_12759T0	649	650	26.7552	3.06771
MGG_10057T0	1978	1979	1558	58.6735
MGG_07998T0	3049	3050	236	5.76677
MGG_00595T0	2653	2654	10536	295.866
MGG_07992T0	1317	1318	30	1.69639
MGG_09119T0	2737	2738	1290	35.1137
MGG_08859T0	2298	2299	2029.11	65.7789
MGG_11412T0	1945	1946	14122	540.847
MGG_10815T0	738	739	0	0
MGG_00129T0	1674	1675	847.702	37.718
MGG_07149T0	2926	2927	2781	70.8107
MGG_11885T0	2127	2128	296	10.3667
MGG_02928T0	4728	4729	2357	37.1459
MGG_06452T0	1850	1851	192	7.73064
MGG_00211T0	2279	2280	48.2713	1.57788
MGG_09294T0	1063	1064	2844.91	199.273
MGG_10208T0	1137	1138	17	1.11334
MGG_00964T0	1554	1555	674	32.3035
MGG_16321T0	597	598	0	0
MGG_02183T0	6555	6556	1276	14.5055
MGG_03828T0	1557	1558	7	0.334851
MGG_05233T0	4427	4428	3271.97	55.0709
MGG_01355T0	2121	2122	119	4.17948
MGG_17168T0	304	305	77	18.8153
MGG_12329T0	2062	2063	738.815	26.6905
MGG_07500T0	1884	1885	464	18.3454
MGG_10652T0	2551	2552	1513.46	44.1988
MGG_02688T0	2220	2221	67	2.24826
MGG_09528T0	2162	2163	432	14.885
MGG_17438T0	186	187	8	3.18837
MGG_14555T0	231	232	0	0
MGG_07608T0	375	376	21	4.16248
MGG_17034T0	156	157	0	0
MGG_00019T0	393	394	0	0
MGG_14856T0	432	433	307	52.841
MGG_01659T0	1023	1024	2548	185.447
MGG_05189T0	2200	2201	5921	200.491
MGG_07130T0	1444	1445	3882	200.22
MGG_08390T0	1275	1276	0	0
MGG_16655T0	621	622	12.3228	1.47652
MGG_02799T0	1937	1938	1487	57.1844
MGG_11537T0	1152	1153	8901	575.347
MGG_16850T0	276	277	11	2.9596
MGG_15755T0	1826	1827	139	5.67018
MGG_04426T0	752	753	1686	166.872
MGG_07718T0	2652	2653	1304	36.632
MGG_03758T0	1254	1255	793	47.0923
MGG_06345T0	2348	2349	333	10.5653
MGG_15959T0	282	283	5	1.31675
MGG_03916T0	921	922	127	10.2658
MGG_10760T0	1248	1249	0	0
MGG_03615T0	1528	1529	2553	124.441
MGG_06384T0	1359	1360	849	46.5253
MGG_05569T0	1826	1827	319.22	13.0219
MGG_06900T0	2311	2312	5	0.161177
MGG_11605T0	2775	2776	139	3.73178
MGG_11426T0	3426	3427	1920	41.7549
MGG_06099T0	1964	1965	5561.2	210.924
MGG_06270T0	1660	1661	3980.32	178.595
MGG_09698T0	282	283	1044	274.938
MGG_00153T0	2048	2049	528	19.2049
MGG_16066T0	231	232	0	0
MGG_05719T0	723	724	1527	157.189
MGG_05900T0	4527	4528	3	0.0493782
MGG_00617T0	3883	3884	272	5.21928
MGG_17890T0	375	376	265	52.5265
MGG_01013T0	1734	1735	4025.26	172.908
MGG_05568T0	1281	1282	930.78	54.1103
MGG_09125T0	2859	2860	3850	100.326
MGG_15789T0	2930	2931	229.678	5.84014
MGG_02608T0	2164	2165	5029.27	173.128
MGG_06473T0	2907	2908	198	5.07448
MGG_05828T0	1095	1096	0	0
MGG_00208T0	2551	2552	1040	30.372
MGG_02981T0	3127	3128	375.639	8.95004
MGG_08015T0	1724	1725	2202	95.1369
MGG_15653T0	236	237	9	2.83019
MGG_01085T0	1526	1527	415	20.2549
MGG_05306T0	3700	3701	7212	145.23
MGG_16333T0	2417	2418	660	20.3427
MGG_12316T0	2414	2415	3856	118.998
MGG_06389T0	2438	2439	4485	137.048
MGG_01553T0	2931	2932	12813.7	325.711
MGG_01003T0	2396	2397	2719	84.5399
MGG_02660T0	957	958	5325	414.262
MGG_02560T0	483	484	0	0
MGG_02115T0	1212	1213	8	0.49153
MGG_07055T0	1170	1171	420	26.7309
MGG_07356T0	1833	1834	2	0.0812739
MGG_07195T0	1729	1730	6490	279.588
MGG_15864T0	520	521	1	0.143048
MGG_02590T0	378	379	1	0.196644
MGG_01046T0	2592	2593	3691	106.087
MGG_08815T0	1333	1334	1656	92.5178
MGG_13557T0	4275	4276	251	4.37479
MGG_10887T0	920	921	407.08	32.9413
MGG_03375T0	2242	2243	19826	658.759
MGG_07510T0	2149	2150	130	4.50636
MGG_08192T0	3613	3614	2235	46.0904
MGG_00569T0	3561	3562	390	8.16002
MGG_08186T0	6385	6386	841	9.81494
MGG_09107T0	1992	1993	0	0
MGG_09709T0	1756	1757	232	9.84095
MGG_17193T0	341	342	24	5.23005
MGG_06784T0	1540	1541	27	1.30582
MGG_09393T0	2384	2385	4601	143.775
MGG_03129T0	2075	2076	844	30.2995
MGG_05733T0	723	724	95	9.77925
MGG_05816T0	2592	2593	51	1.46585
MGG_08060T0	1727	1728	221	9.53168
MGG_00627T0	898	899	9	0.746111
MGG_03586T0	2299	2300	705	22.8445
MGG_16288T0	360	361	10	2.06449
MGG_13365T0	616	617	2	0.241583
MGG_15480T0	1883	1884	1926.56	76.2116
MGG_05791T0	453	454	21.1395	3.47025
MGG_08133T0	3052	3053	949.984	23.1905
MGG_03708T0	996	997	839	62.7173
MGG_07555T0	339	340	0	0
MGG_02165T0	237	238	0	0
MGG_15634T0	977	978	0	0
MGG_18056T0	456	457	12	1.95698
MGG_12090T0	243	244	11	3.35988
MGG_08977T0	681	682	8	0.874231
MGG_00245T0	1414	1415	287	15.1163
MGG_05706T0	5415	5416	2614	35.9706
MGG_17309T0	291	292	4	1.02093
MGG_16334T0	4463	4464	5829	97.3174
MGG_01458T0	3529	3530	450.632	9.51411
MGG_02139T0	381	382	0	0
MGG_06043T0	4632	4633	1169	18.805
MGG_16960T0	162	163	0	0
MGG_16978T0	891	892	1	0.0835518
MGG_04181T0	1028	1029	1141.58	82.6825
MGG_06736T0	4888	4889	436.954	6.66096
MGG_04565T0	1179	1180	448	28.2955
MGG_08924T0	1622	1623	1820	83.5745
MGG_10457T0	1389	1390	0	0
MGG_08511T0	1143	1144	0	0
MGG_05996T0	4569	4570	2810	45.8259
MGG_17862T0	318	319	187	43.689
MGG_15265T0	291	292	60	15.314
MGG_03487T0	4300	4301	1288.91	22.3343
MGG_02838T0	4082	4083	284	5.18394
MGG_08529T0	387	388	0	0
MGG_17411T0	186	187	0	0
MGG_16298T0	1241	1242	3398	203.902
MGG_07339T0	3969	3970	2144	40.249
MGG_02667T0	4286	4287	1806	31.3968
MGG_17536T0	1076	1077	51.5047	3.56412
MGG_03230T0	1611	1612	414	19.1406
MGG_09242T0	2233	2234	423.723	14.1358
MGG_14010T0	2302	2303	161	5.21018
MGG_01266T0	2271	2272	357	11.7106
MGG_04698T0	1949	1950	1875	71.6617
MGG_16460T0	2503	2504	96	2.85731
MGG_06781T0	1993	1994	567	21.1923
MGG_08096T0	1200	1201	4089	253.743
MGG_02503T0	2414	2415	28217	870.792
MGG_17590T0	378	379	0	0
MGG_00230T0	492	493	0	0
MGG_11289T0	3144	3145	166	3.93376
MGG_02607T0	1525	1526	1019.73	49.8027
MGG_07766T0	786	787	0	0
MGG_10413T0	1704	1705	2142	93.6302
MGG_15147T0	603	604	0	0
MGG_00133T0	1950	1951	3451	131.828
MGG_02506T0	1886	1887	1236	48.8166
MGG_03053T0	3944	3945	4208	79.4968
MGG_03252T0	13423	13424	4366	24.2394
MGG_04593T0	3403	3404	2051	44.9052
MGG_16378T0	294	295	0	0
MGG_00057T0	1139	1140	222.155	14.5236
MGG_12763T0	1102	1103	1	0.0675686
MGG_01717T0	2720	2721	45	1.23255
MGG_05098T0	2244	2245	655.919	21.7748
MGG_09970T0	3317	3318	1244	27.9425
MGG_01064T0	948	949	3507	275.417
MGG_06975T0	2670	2671	0	0
MGG_06410T0	3366	3367	1578	34.9289
MGG_01503T0	3037	3038	2657	65.1815
MGG_06307T0	4258	4259	1382.16	24.1865
MGG_02802T0	1707	1708	1142	49.8309
MGG_10560T0	1180	1181	408	25.7473
MGG_08557T0	5444	5445	814	11.1416
MGG_14997T0	591	592	13	1.6366
MGG_03039T0	3578	3579	7569	157.615
MGG_16099T0	1415	1416	93	4.89486
MGG_01016T0	1315	1316	169	9.57087
MGG_05939T0	2178	2179	1063	36.3577
MGG_00732T0	1041	1042	12	0.85829
MGG_04842T0	2885	2886	2664	68.7953
MGG_16720T0	1144	1145	72	4.68649
MGG_13171T0	6925	6926	5753	61.906
MGG_03362T0	1548	1549	200	9.62275
MGG_16208T0	659	660	27	3.04888
MGG_10307T0	4517	4518	1107.32	18.2662
MGG_03851T0	1062	1063	250.272	17.5469
MGG_11582T0	1338	1339	0	0
MGG_01492T0	2412	2413	1696.51	52.3986
MGG_15294T0	1404	1405	1242	65.8819
MGG_03234T0	1446	1447	227	11.6917
MGG_06377T0	1209	1210	533.293	32.8474
MGG_14600T0	321	322	0	0
MGG_08700T0	924	925	4	0.322284
MGG_08302T0	1275	1276	940	54.9032
MGG_13405T0	2252	2253	0	0
MGG_03089T0	1294	1295	3083	177.429
MGG_08987T0	2649	2650	0	0
MGG_17164T0	432	433	125	21.5151
MGG_16253T0	617	618	427.58	51.5644
MGG_06852T0	1339	1340	125	6.95226
MGG_15359T0	846	847	5	0.439954
MGG_02492T0	1790	1791	253.286	10.5399
MGG_04521T0	1671	1672	1561	69.5805
MGG_07224T0	2406	2407	7948	246.095
MGG_13511T0	2219	2220	2238.4	75.1458
MGG_17469T0	627	628	19	2.25483
MGG_17159T0	306	307	0	0
MGG_08733T0	621	622	1	0.11982
MGG_00817T0	1774	1775	148	6.21418
MGG_03131T0	3105	3106	793.807	19.0473
MGG_04869T0	1011	1012	47	3.46129
MGG_10570T0	1284	1285	566.497	32.8561
MGG_08956T0	1530	1531	0	0
MGG_16917T0	2845	2846	52	1.36172
MGG_11852T0	657	658	20	2.2653
MGG_09676T0	2115	2116	0	0
MGG_01023T0	2512	2513	904	26.81
MGG_02697T0	3515	3516	633	13.4176
MGG_00067T0	2106	2107	10197	360.685
MGG_04213T0	3017	3018	35	0.86431
MGG_04211T0	952	953	3	0.234611
MGG_03511T0	4267	4268	8368	146.123
MGG_10828T0	2138	2139	3910.45	136.25
MGG_07131T0	4066	4067	820	15.0266
MGG_00973T0	1968	1969	456	17.26
MGG_12902T0	811	812	5	0.458918
MGG_01341T0	2064	2065	416	15.0139
MGG_15374T0	444	445	0	0
MGG_13803T0	2409	2410	1656	51.2111
MGG_01479T0	982	983	55	4.16994
MGG_15377T0	356	357	6	1.25257
MGG_01430T0	2093	2094	565.775	20.1367
MGG_10171T0	1206	1207	5895	363.997
MGG_04245T0	651	652	533	60.9257
MGG_09962T0	5286	5287	819.789	11.5562
MGG_09962T1	5024	5025	5861.21	86.9305
MGG_15370T0	675	676	0	0
MGG_08348T0	593	594	1	0.125468
MGG_15354T0	1440	1441	40	2.06879
MGG_01248T0	1916	1917	3198	124.33
MGG_06028T0	1983	1984	331.043	12.4355
MGG_16779T0	453	454	107.777	17.6925
MGG_14582T0	183	184	445	180.245
MGG_11682T0	2271	2272	1679	55.0761
MGG_17389T0	1332	1333	17	0.950472
MGG_10355T0	1653	1654	1	0.0450594
MGG_17436T0	2763	2764	729	19.6567
MGG_06480T0	444	445	5858	981.093
MGG_05086T0	2637	2638	51	1.44084
MGG_01668T0	3144	3145	6691	158.559
MGG_10826T0	3448	3449	201.657	4.35753
MGG_15644T0	992	993	280	21.015
MGG_17462T0	339	340	6	1.3152
MGG_02520T0	2493	2494	4571	136.595
MGG_03607T0	4266	4267	9840.44	171.875
MGG_14844T0	553	554	0	0
MGG_07843T0	1928	1929	2472	95.5074
MGG_11754T0	2522	2523	86.2771	2.54858
MGG_03127T0	2139	2140	1018	35.4531
MGG_02801T0	1678	1679	168	7.45726
MGG_11733T0	1338	1339	0	0
MGG_04206T0	2459	2460	223.637	6.7753
MGG_06211T0	4419	4420	2955	49.826
MGG_08094T0	4170	4171	817.374	14.605
MGG_09180T0	1404	1405	432	22.9154
MGG_02824T0	880	881	1668	141.104
MGG_01372T0	3150	3151	437	10.336
MGG_00393T0	4526	4527	316	5.20232
MGG_06488T0	1763	1764	573	24.209
MGG_10491T0	2418	2419	505	15.5588
MGG_17661T0	1788	1789	0	0
MGG_06385T0	1035	1036	370	26.6172
MGG_12178T0	1425	1426	45	2.35187
MGG_03995T0	1913	1914	335	13.0444
MGG_13108T0	219	220	0	0
MGG_11542T0	1496	1497	699	34.7997
MGG_07533T0	1511	1512	37	1.82377
MGG_00596T0	1924	1925	562	21.7584
MGG_15897T0	225	226	36	11.8718
MGG_15660T0	504	505	2	0.295161
MGG_12569T0	1683	1684	58	2.56689
MGG_16115T0	713	714	0	0
MGG_02223T0	538	539	98	13.5506
MGG_07289T0	2961	2962	2789	70.1753
MGG_01213T0	1113	1114	68	4.5493
MGG_02626T0	3549	3550	571	11.9875
MGG_02655T0	2668	2669	6227	173.881
MGG_07077T0	3752	3753	3911.93	77.6844
MGG_16540T0	219	220	0	0
MGG_03077T0	3230	3231	1884	43.4575
MGG_17687T0	189	190	1	0.392254
MGG_03601T0	4622	4623	3404.9	54.891
MGG_18060T0	291	292	0	0
MGG_10867T0	2237	2238	555	18.4822
MGG_06139T0	3111	3112	3926.19	94.027
MGG_01373T0	2475	2476	3605	108.511
MGG_00048T0	2079	2080	55	1.9707
MGG_03434T0	1263	1264	29	1.7099
MGG_16660T0	555	556	0	0
MGG_17484T0	177	178	2	0.837396
MGG_15851T0	300	301	0	0
MGG_00479T0	1821	1822	166.754	6.82099
MGG_02199T0	1073	1074	1156	80.2184
MGG_12631T0	5219	5220	1032	14.7343
MGG_06483T0	2033	2034	830	30.4122
MGG_07931T0	1423	1424	497	26.0116
MGG_16256T0	387	388	3	0.576249
MGG_11409T0	450	451	22	3.63552
MGG_10586T0	1462	1463	1132	57.6664
MGG_16853T0	2360	2361	17319	546.698
MGG_06788T0	1854	1855	127	5.10247
MGG_02762T0	1894	1895	24	0.943893
MGG_07631T0	1490	1491	81	4.04882
MGG_08468T0	1650	1651	0	0
MGG_00702T0	2610	2611	728	20.78
MGG_02051T0	2237	2238	182	6.06083
MGG_17273T0	475	476	46	7.20231
MGG_15543T0	222	223	0	0
MGG_10309T0	1632	1633	190	8.67138
MGG_10819T0	632	633	1236	145.524
MGG_01148T0	2122	2123	2248	78.9164
MGG_17626T0	231	232	0	0
MGG_13626T0	1411	1412	2357	124.407
MGG_01353T0	4203	4204	313.524	5.55813
MGG_15832T0	504	505	16	2.36129
MGG_15818T0	3077	3078	4054	98.1603
MGG_08051T0	2234	2235	323	10.7707
MGG_10538T0	2698	2699	1287	35.5383
MGG_01265T0	1390	1391	196	10.5015
MGG_05647T0	1708	1709	2736	119.315
MGG_10800T0	2171	2172	10993	377.205
MGG_01979T0	1967	1968	4419	167.348
MGG_14661T0	423	424	2	0.351548
MGG_02605T0	2200	2201	6154.58	208.401
MGG_18065T0	369	370	0	0
MGG_01411T0	354	355	4	0.839755
MGG_04854T0	1583	1584	149	7.01055
MGG_00755T0	1828	1829	50943	2075.83
MGG_09766T0	1981	1982	1727	64.9396
MGG_17594T0	762	763	3	0.293034
MGG_10188T0	2403	2404	4673.77	144.895
MGG_08710T0	3230	3231	3500	80.7331
MGG_03485T0	3916	3917	898	17.0861
MGG_09387T0	657	658	0	0
MGG_13923T0	582	583	0	0
MGG_00769T0	2306	2307	585	18.8986
MGG_05830T0	1785	1786	0	0
MGG_03058T0	4839	4840	557	8.5769
MGG_14855T0	1224	1225	2208	134.333
MGG_00302T0	2761	2762	77	2.07772
MGG_05417T0	654	655	0	0
MGG_08913T0	3981	3982	1965.03	36.778
MGG_01463T0	3641	3642	3883	79.4599
MGG_09319T0	1506	1507	4	0.197819
MGG_02834T0	1664	1665	3290	147.266
MGG_06595T0	1694	1695	44	1.93466
MGG_04504T0	1506	1507	2747.71	135.887
MGG_04645T0	384	385	204	39.4903
MGG_16623T0	402	403	1	0.184934
MGG_12118T0	3204	3205	298.991	6.95267
MGG_08497T0	1265	1266	153	9.00696
MGG_02914T0	1380	1381	296	15.9742
MGG_03007T0	3008	3009	2146.38	53.1626
MGG_14041T0	1581	1582	4	0.18844
MGG_03689T0	1504	1505	19.2799	0.95475
MGG_15109T0	901	902	39	3.22239
MGG_13935T0	2831	2832	4410	116.056
MGG_03889T0	1623	1624	128	5.87414
MGG_06445T0	1408	1409	171	9.04494
MGG_10233T0	1482	1483	55	2.76403
MGG_16670T0	411	412	0	0
MGG_12589T0	2613	2614	3787	107.972
MGG_13154T0	2391	2392	1122	34.9585
MGG_08435T0	558	559	8	1.06659
MGG_12302T0	1597	1598	64	2.98486
MGG_03155T0	2804	2805	8328	221.273
MGG_01696T1	874	875	94.8	8.0746
MGG_01696T0	874	875	142.2	12.1119
MGG_04632T0	1395	1396	54	2.8829
MGG_06881T0	2960	2961	3531.5	88.8876
MGG_02354T0	840	841	4	0.354474
MGG_00136T0	1692	1693	1340.95	59.0303
MGG_09502T0	2318	2319	359	11.5376
MGG_00757T0	1958	1959	214	8.14142
MGG_02127T0	2243	2244	6675	221.692
MGG_03693T0	4821	4822	612	9.45899
MGG_17825T0	2457	2458	663.296	20.1116
MGG_05531T0	1295	1296	11107	638.723
MGG_16863T0	480	481	5	0.774722
MGG_15861T0	5483	5484	5060.63	68.7745
MGG_17241T0	2236	2237	556	18.5238
MGG_13126T0	714	715	87	9.06847
MGG_07230T0	1455	1456	78	3.99258
MGG_09521T0	3389	3390	518.145	11.3913
MGG_08867T0	2647	2648	1299	36.5605
MGG_16184T0	975	976	572	43.6784
MGG_00406T0	1226	1227	2045	124.214
MGG_07272T0	1483	1484	108.517	5.44985
MGG_17404T0	165	166	20	8.9793
MGG_14081T0	384	385	0	0
MGG_07173T0	2904	2905	1228.96	31.5292
MGG_07173T1	2019	2020	2507.04	92.4976
MGG_15166T0	705	706	0	0
MGG_02896T0	1578	1579	2250.21	106.209
MGG_07717T0	2091	2092	1523	54.2574
MGG_03915T0	786	787	479	45.3609
MGG_03564T0	2121	2122	2762.65	97.0291
MGG_06612T0	3768	3769	93	1.83898
MGG_13535T0	4511	4512	1380	22.7945
MGG_17324T0	1388	1389	18850.6	1011.45
MGG_15181T0	3063	3064	0	0
MGG_04760T0	1962	1963	1349	51.2168
MGG_09209T0	2588	2589	2312	66.5544
MGG_09658T0	534	535	0	0
MGG_12780T0	693	694	0	0
MGG_17483T0	285	286	3	0.781764
MGG_06773T0	2633	2634	355	10.0446
MGG_05287T0	3868	3869	49171	947.177
MGG_05521T0	1707	1708	297	12.9595
MGG_14561T0	1903	1904	7884	308.603
MGG_00306T0	2782	2783	918	24.5839
MGG_03069T0	3322	3323	1203	26.9809
MGG_08036T0	3614	3615	2643.52	54.4997
MGG_11554T0	3019	3020	642	15.8434
MGG_15870T0	234	235	1	0.317141
MGG_04143T0	1362	1363	3007	164.421
MGG_01437T0	1301	1302	293.109	16.7779
MGG_04635T0	2235	2236	74	2.4665
MGG_04217T0	3433	3434	558	12.1103
MGG_15703T0	502	503	0	0
MGG_01145T0	934	935	144	11.4781
MGG_13021T0	2391	2392	154	4.79822
MGG_02657T0	348	349	438	93.534
MGG_09659T0	1233	1234	0	0
MGG_09211T0	2798	2799	5700	151.772
MGG_16901T0	2383	2384	18828.9	588.626
MGG_16158T0	171	172	3	1.29991
MGG_01923T0	1146	1147	90	5.8479
MGG_02047T0	2436	2437	501	15.3216
MGG_08412T0	423	424	3	0.527322
MGG_15689T0	796	797	16	1.49617
MGG_10158T0	2093	2094	179	6.37085
MGG_02615T0	1582	1583	220	10.3577
MGG_04999T0	2004	2005	5812	216.039
MGG_11005T0	1564	1565	13	0.619084
MGG_00081T0	1017	1018	62221	4555.23
MGG_06162T0	5852	5853	553	7.04153
MGG_15437T0	459	460	0	0
MGG_14192T0	294	295	0	0
MGG_07708T0	2503	2504	6961.15	207.189
MGG_08738T0	2691	2692	1	0.0276851
MGG_13937T0	981	982	0	0
MGG_05188T0	1737	1738	6576	281.989
MGG_10415T0	2403	2404	40	1.24007
MGG_03471T0	1176	1177	97	6.14209
MGG_06574T0	1252	1253	529	31.4648
MGG_16506T0	189	190	5	1.96127
MGG_16398T0	1889	1890	43.3128	1.70795
MGG_06200T0	2531	2532	1321	38.883
MGG_10438T0	1503	1504	997	49.4047
MGG_13546T0	248	249	3	0.89793
MGG_17568T0	210	211	0	0
MGG_16765T0	417	418	40	7.13189
MGG_16251T0	3487	3488	8288.43	177.099
MGG_05438T0	1470	1471	4601	233.11
MGG_06404T0	1197	1198	390	24.2621
MGG_02759T0	4268	4269	1408	24.5809
MGG_06208T0	1599	1600	389.246	18.1311
MGG_04847T0	1982	1983	174	6.53954
MGG_09609T0	390	391	9	1.71548
MGG_08455T0	1918	1919	454	17.632
MGG_02338T0	591	592	4	0.503569
MGG_12198T0	1575	1576	0	0
MGG_02160T0	1997	1998	248.279	9.26115
MGG_07514T0	1940	1941	1287.61	49.4402
MGG_16631T0	231	232	3	0.963727
MGG_16059T0	552	553	0	0
MGG_15490T0	761	762	0	0
MGG_06518T0	1639	1640	128	5.81684
MGG_16849T0	819	820	75	6.8166
MGG_14731T0	1177	1178	3312.68	209.582
MGG_01408T0	1707	1708	93	4.05803
MGG_04259T0	333	334	995	222.023
MGG_17796T0	682	683	13	1.41855
MGG_14126T0	741	742	9	0.903981
MGG_02747T0	789	790	9267	874.244
MGG_06396T0	6184	6185	14338.1	172.772
MGG_17395T0	213	214	0	0
MGG_17167T0	159	160	0	0
MGG_02646T0	1065	1066	14	0.978795
MGG_03808T0	507	508	0	0
MGG_13332T0	897	898	154	12.781
MGG_16389T0	3867	3868	705	13.5839
MGG_06176T0	1668	1669	297.644	13.2911
MGG_12972T0	2108	2109	1059.85	37.4532
MGG_15737T0	594	595	172	21.5443
MGG_02769T0	1995	1996	386.338	14.4254
MGG_10305T0	1614	1615	224	10.337
MGG_16119T0	770	771	41	3.96324
MGG_16301T0	2092	2093	2530	90.089
MGG_09117T0	1302	1303	486	27.7979
MGG_17664T0	363	364	4	0.818991
MGG_01253T0	693	694	90.1838	9.68478
MGG_12983T0	1633	1634	1.37634	0.0627761
MGG_05171T0	1971	1972	2570.11	97.1329
MGG_08433T0	369	370	0	0
MGG_17637T0	378	379	0	0
MGG_00350T0	1220	1221	1280.94	78.1871
MGG_05393T0	1154	1155	116	7.48508
MGG_08297T0	1493	1494	0	0
MGG_05738T0	3692	3693	1186	23.9346
MGG_14816T0	2450	2451	186	5.65575
MGG_16129T0	300	301	0	0
MGG_16348T0	333	334	0	0
MGG_08803T0	2195	2196	1958	66.4509
MGG_01282T0	1189	1190	115306	7221.47
MGG_05162T0	564	565	0	0
MGG_04346T0	1553	1554	75475	3619.7
MGG_06424T0	2032	2033	3251	119.179
MGG_07824T0	741	742	2	0.200885
MGG_09227T0	2175	2176	83	2.84276
MGG_04602T0	3443	3444	3285	71.0874
MGG_17498T0	171	172	0	0
MGG_11530T0	1897	1898	117	4.5942
MGG_01661T0	3900	3901	2556.76	48.8467
MGG_10610T0	372	373	0	0
MGG_05357T0	2160	2161	277	9.55313
MGG_08086T0	630	631	140	16.5356
MGG_17673T0	201	202	10	3.68952
MGG_07928T0	742	743	11253.7	1128.83
MGG_08811T0	1241	1242	194.414	11.6662
MGG_01323T0	2686	2687	1633	45.2938
MGG_01159T0	946	947	35178.7	2768.54
MGG_02825T0	708	709	1158	121.726
MGG_03728T0	1252	1253	1225.88	72.9152
MGG_16892T0	297	298	0	0
MGG_01750T0	3822	3823	3590	69.9859
MGG_06954T0	2815	2816	4584	121.32
MGG_15882T0	180	181	0	0
MGG_06318T0	5448	5449	8997	123.056
MGG_05185T0	2113	2114	207	7.2977
MGG_13252T0	1908	1909	325	12.6881
MGG_07414T0	1647	1648	5	0.226117
MGG_17844T0	902	903	34	2.80616
MGG_10712T0	1350	1351	5	0.275826
MGG_03769T0	1595	1596	119	5.55693
MGG_01883T0	2935	2936	4681	118.824
MGG_03883T0	2434	2435	7989	244.52
MGG_07897T0	399	400	0	0
MGG_09447T0	684	685	151	16.4288
MGG_15659T0	198	199	0	0
MGG_17956T0	303	304	1	0.245159
MGG_16747T0	591	592	75	9.44192
MGG_13140T0	945	946	9	0.709042
MGG_04757T0	2490	2491	66	1.97465
MGG_08071T0	3786	3787	1107	21.7858
MGG_15439T0	1062	1063	0	0
MGG_01673T0	5111	5112	670	9.76798
MGG_16584T0	771	772	0	0
MGG_15039T0	336	337	15	3.31728
MGG_11069T0	966	967	0	0
MGG_01400T0	1242	1243	1760	105.527
MGG_01022T0	1215	1216	432	26.4771
MGG_16618T0	159	160	0	0
MGG_10050T0	1509	1510	805	39.7319
MGG_18125T0	863	864	0	0
MGG_08704T0	4099	4100	305.949	5.56142
MGG_17129T0	243	244	9	2.74899
MGG_04133T0	4056	4057	2236.19	41.0793
MGG_06264T0	921	922	125	10.1042
MGG_15640T0	414	415	5	0.89793
MGG_14232T0	2975	2976	751	18.8074
MGG_06433T0	1044	1045	455	32.4501
MGG_06749T0	1424	1425	133	6.95597
MGG_17348T0	1442	1443	57	2.94394
MGG_11160T0	2638	2639	402.512	11.3674
MGG_04765T0	1827	1828	7177	292.609
MGG_06927T0	656	657	3276.76	371.706
MGG_12122T0	4812	4813	17075	264.402
MGG_04936T0	2088	2089	204	7.27801
MGG_09419T0	1314	1315	0	0
MGG_05833T0	1873	1874	22	0.874931
MGG_08431T0	1044	1045	0	0
MGG_14234T0	5369	5370	878	12.1854
MGG_02511T0	1515	1516	1154.16	56.7398
MGG_17970T0	288	289	0	0
MGG_02439T0	1041	1042	4388	313.848
MGG_11478T0	513	514	0	0
MGG_01971T0	1125	1126	344	22.7688
MGG_17710T0	195	196	0	0
MGG_15630T0	336	337	29	6.41341
MGG_01072T0	2980	2981	1642	41.0518
MGG_16851T0	297	298	0	0
MGG_07981T0	1788	1789	1668.99	69.5288
MGG_13646T0	1703	1704	4055	177.354
MGG_12810T0	246	247	11	3.31907
MGG_08359T0	1778	1779	36	1.50816
MGG_05809T0	2669	2670	361	10.0767
MGG_00940T0	1920	1921	438	16.9929
MGG_03999T0	1435	1436	2643	137.171
MGG_16510T0	549	550	7	0.948541
MGG_08840T0	2169	2170	1022	35.1004
MGG_17679T0	3145	3146	983.607	23.3015
MGG_14087T0	3189	3190	9270	216.576
MGG_17458T0	486	487	1304	199.558
MGG_05746T0	5943	5944	4487	56.2598
MGG_08515T0	582	583	0	0
MGG_00731T0	3613	3614	1766	36.4186
MGG_09886T0	1273	1274	6092	356.378
MGG_10660T0	1031	1032	10218	737.916
MGG_17276T0	216	217	66120	22708.8
MGG_06508T0	1572	1573	341.306	16.1709
MGG_17688T0	1511	1512	258.495	12.7415
MGG_16800T0	177	178	8	3.34958
MGG_03253T0	4417	4418	4200	70.8507
MGG_07749T0	594	595	13	1.62835
MGG_11174T0	5304	5305	8141	114.37
MGG_15761T0	309	310	0	0
MGG_05017T0	1896	1897	2998	117.784
MGG_17431T0	426	427	0	0
MGG_02505T0	2251	2252	4508.67	149.211
MGG_01368T0	1036	1037	75	5.39018
MGG_17586T0	783	784	190.768	18.1347
MGG_07502T0	1668	1669	1532	68.4106
MGG_04555T0	1741	1742	375	16.0437
MGG_07465T0	2920	2921	4137.92	105.577
MGG_14970T0	1053	1054	872	61.659
MGG_06347T0	849	850	74	6.48834
MGG_06860T0	3565	3566	6846	143.079
MGG_02394T0	1458	1459	28	1.43029
MGG_03654T0	699	700	195	20.7614
MGG_03891T0	837	838	3791.08	337.163
MGG_06766T0	2885	2886	5244	135.421
MGG_16459T0	898	899	4165	345.284
MGG_01333T0	1251	1252	5136	305.732
MGG_13401T0	1715	1716	1027.76	44.6372
MGG_11779T0	6912	6913	66	0.711538
MGG_07955T0	809	810	18	1.65618
MGG_00797T0	1241	1242	127.597	7.65669
MGG_07128T0	922	923	89	7.18636
MGG_12309T0	3394	3395	557	12.2275
MGG_09570T0	981	982	120	9.10732
MGG_05181T0	2432	2433	4697	143.88
MGG_06732T0	2189	2190	236.464	8.04713
MGG_15458T0	309	310	0	0
MGG_02074T0	4315	4316	6695	115.609
MGG_10300T0	1215	1216	7	0.429028
MGG_02644T0	3984	3985	1535	28.7079
MGG_16250T0	1403	1404	128	6.79459
MGG_06549T0	866	867	17.2915	1.4864
MGG_17984T0	669	670	7	0.778653
MGG_17532T0	1651	1652	639	28.8278
MGG_14237T0	956	957	3	0.233631
MGG_04372T0	2367	2368	1088	34.2427
MGG_08832T0	1641	1642	5906.28	268.078
MGG_16944T0	369	370	0	0
MGG_00489T0	1538	1539	662	32.0583
MGG_09829T0	3582	3583	59	1.22723
MGG_02805T0	675	676	17	1.87423
MGG_00820T0	2916	2917	96.7499	2.47192
MGG_12850T0	799	800	1183	110.209
MGG_13225T0	2057	2058	234	8.47405
MGG_17489T0	318	319	1.92656	0.450103
MGG_07443T0	1408	1409	48	2.53893
MGG_05667T0	1836	1837	1269	51.4841
MGG_08024T0	309	310	62	14.9056
MGG_12582T0	610	611	3.41354	0.416375
MGG_01944T0	1339	1340	1071	59.567
MGG_14109T0	462	463	1	0.160968
MGG_01306T0	1302	1303	2316	132.469
MGG_07786T0	600	601	13	1.61209
MGG_02749T0	1518	1519	183	8.97871
MGG_18092T0	270	271	163	44.8269
MGG_16601T0	1843	1844	233.957	9.45576
MGG_00847T0	3156	3157	5860	138.339
MGG_15998T0	258	259	0	0
MGG_12627T0	1491	1492	459	22.9279
MGG_11967T0	348	349	0	0
MGG_15244T0	531	532	898	125.801
MGG_12594T0	2262	2263	1168	38.4662
MGG_17632T0	775	776	13	1.24854
MGG_08612T0	1881	1882	42	1.66322
MGG_11804T0	1040	1041	676	48.3968
MGG_09508T0	1339	1340	1317	73.249
MGG_15663T0	459	460	7	1.13412
MGG_17289T0	339	340	0	0
MGG_13645T0	1143	1144	7841	510.818
MGG_03902T0	952	953	409.24	32.0041
MGG_06306T0	5011	5012	333.837	4.96414
MGG_08343T0	1292	1293	4605.84	265.479
MGG_04075T0	1459	1460	28	1.42931
MGG_08266T0	1947	1948	138	5.27972
MGG_08602T0	1538	1539	891	43.1479
MGG_09794T0	1320	1321	46	2.59523
MGG_13719T0	1092	1093	42.6943	2.91119
MGG_00207T0	1023	1024	175	12.7368
MGG_16269T0	309	310	35	8.41448
MGG_08267T0	2262	2263	435	14.326
MGG_15017T0	552	553	30	4.04312
MGG_10516T0	1410	1411	6	0.316917
MGG_10671T0	1709	1710	11	0.479421
MGG_15960T0	907	908	40	3.28318
MGG_13013T0	6477	6478	25830	297.169
MGG_02031T0	408	409	0	0
MGG_07045T0	3466	3467	662	14.2307
MGG_16100T0	249	250	0	0
MGG_16323T0	609	610	0	0
MGG_16232T0	428	429	38	6.60157
MGG_01275T0	2718	2719	151	4.13893
MGG_11408T0	2647	2648	2690	75.7103
MGG_02916T0	7945	7946	364	3.41408
MGG_16427T0	6156	6157	278	3.36509
MGG_15747T0	771	772	38	3.66849
MGG_03669T0	3228	3229	2350	54.2401
MGG_06509T0	1779	1780	877.694	36.7489
MGG_12505T0	1304	1305	0	0
MGG_12141T0	6702	6703	3500.82	38.9243
MGG_15060T0	1772	1773	550	23.1193
MGG_01724T0	1827	1828	3423	139.557
MGG_01196T0	3660	3661	2815	57.3059
MGG_07182T0	1389	1390	1183	63.4294
MGG_01222T0	758	759	2633	258.541
MGG_04900T0	2813	2814	261	6.91253
MGG_17104T0	228	229	0	0
MGG_15528T0	2108	2109	1067	37.7058
MGG_00753T0	3423	3424	3990	86.848
MGG_06616T0	2052	2053	11	0.399323
MGG_01741T0	10725	10726	3496	24.2915
MGG_07309T0	1320	1321	1847.96	104.258
MGG_07479T0	3269	3270	6066	138.253
MGG_08556T0	2757	2758	4756	128.519
MGG_17339T0	1652	1653	35.2656	1.59001
MGG_17044T0	180	181	0	0
MGG_08808T0	1063	1064	3632.84	254.463
MGG_04909T0	1614	1615	195	8.99876
MGG_06126T0	2612	2613	437	12.4642
MGG_08035T0	1957	1958	1346.48	51.2518
MGG_15704T0	3529	3530	105	2.21684
MGG_12616T0	1683	1684	747	33.0597
MGG_09845T0	624	625	22	2.62339
MGG_12712T0	2627	2628	52.0423	1.47588
MGG_10156T0	971	972	3281	251.571
MGG_17616T0	1383	1384	0	0
MGG_16451T0	165	166	0	0
MGG_16891T0	417	418	2	0.356594
MGG_15916T0	966	967	403.923	31.131
MGG_14141T0	264	265	0	0
MGG_00198T0	1824	1825	42817	1748.53
MGG_17081T0	561	562	9	1.19351
MGG_04639T0	2058	2059	2019.62	73.1028
MGG_16753T0	288	289	5	1.28942
MGG_04901T0	1300	1301	946	54.1919
MGG_06631T0	2471	2472	2411	72.6891
MGG_15211T0	1151	1152	0	0
MGG_00063T0	6689	6690	6060	67.5099
MGG_05033T0	2229	2230	1153.28	38.5434
MGG_07594T0	881	882	271	22.8993
MGG_15306T0	1182	1183	34	2.14198
MGG_05275T0	2048	2049	287.603	10.461
MGG_01837T0	3433	3434	1628	35.3325
MGG_09546T0	1179	1180	29523	1864.66
MGG_15496T0	3319	3320	425	9.54051
MGG_02641T0	2040	2041	958	34.9819
MGG_10593T0	663	664	0	0
MGG_18074T0	231	232	0	0
MGG_06082T0	1962	1963	6977.67	264.918
MGG_09096T0	3780	3781	1384	27.2804
MGG_04166T0	1833	1834	238	9.6716
MGG_04246T0	829	830	494	44.3578
MGG_08021T0	1328	1329	143	8.01921
MGG_03204T0	4467	4468	2426.76	40.4795
MGG_01079T0	1351	1352	5335	294.089
MGG_01272T0	2765	2766	262	7.05943
MGG_14642T0	1146	1147	38.16	2.47951
MGG_12475T0	1499	1500	17	0.844653
MGG_06330T0	531	532	107	14.9897
MGG_01949T0	2889	2890	1	0.0257883
MGG_07657T0	1633	1634	1637	74.665
MGG_15971T0	1176	1177	13.3559	0.845704
MGG_00338T0	3456	3457	679	14.6383
MGG_11305T0	1152	1153	10	0.646385
MGG_06201T0	540	541	3127	430.776
MGG_16646T0	528	529	4	0.56354
MGG_00476T0	2612	2613	2910.91	83.0253
MGG_06022T0	5521	5522	1511	20.3934
MGG_06638T0	2743	2744	25061	680.667
MGG_10460T0	758	759	3	0.294578
MGG_01665T0	1709	1710	1419	61.8453
MGG_00480T0	1297	1298	866.246	49.7379
MGG_00408T0	2010	2011	1834	67.9685
MGG_12709T0	2913	2914	1925	49.2336
MGG_16300T0	2163	2164	82	2.82408
MGG_05389T0	333	334	0	0
MGG_01284T0	1784	1785	9068	378.612
MGG_03959T0	2352	2353	246	7.79173
MGG_04482T0	1222	1223	6117	372.763
MGG_05015T0	2460	2461	204.34	6.18816
MGG_07233T0	2384	2385	2616	81.7467
MGG_00031T0	2545	2546	25	0.731817
MGG_02901T0	1320	1321	0	0
MGG_04219T0	2251	2252	2080	68.836
MGG_12124T0	162	163	1339	612.229
MGG_18082T0	1248	1249	659.604	39.3588
MGG_00685T0	2431	2432	2959	90.678
MGG_13205T0	1159	1160	944.992	60.7143
MGG_10772T0	994	995	190	14.2315
MGG_04717T0	2040	2041	500.286	18.2682
MGG_12827T0	3907	3908	838	15.9812
MGG_03162T0	4670	4671	11963	190.876
MGG_06002T0	1946	1947	859	32.8812
MGG_17093T0	168	169	0	0
MGG_14499T0	2052	2053	0	0
MGG_09525T0	2815	2816	426.412	11.2854
MGG_15015T0	493	494	1	0.150867
MGG_02819T0	2336	2337	501	15.9772
MGG_07179T0	3037	3038	586	14.3758
MGG_03042T0	1310	1311	125	7.10605
MGG_08563T0	1078	1079	653.758	45.1561
MGG_05579T0	1514	1515	773	38.0266
MGG_15600T0	3816	3817	1689	32.9783
MGG_00487T0	3047	3048	1177	28.7794
MGG_17618T0	1396	1397	1133	60.4441
MGG_05246T0	3269	3270	3173	72.3174
MGG_17891T0	165	166	25	11.2241
MGG_15516T0	642	643	0	0
MGG_02430T0	936	937	1286	102.287
MGG_03496T0	1655	1656	0	0
MGG_11147T0	153	154	8	3.8716
MGG_07806T0	1401	1402	0	0
MGG_10197T0	2476	2477	3471	104.436
MGG_16324T0	180	181	0	0
MGG_17540T0	3125	3126	131	3.12322
MGG_01032T0	3280	3281	820	18.6264
MGG_16132T0	162	163	0	0
MGG_01698T0	2371	2372	1087	34.1535
MGG_06943T0	639	640	1599	186.204
MGG_13157T0	2961	2962	301	7.5736
MGG_08644T0	842	843	247	21.8369
MGG_13861T0	1233	1234	0	0
MGG_15349T0	1503	1504	498	24.6776
MGG_04508T0	1976	1977	863.013	32.5335
MGG_03767T0	1257	1258	436	25.8301
MGG_04447T0	756	757	125	12.3065
MGG_06266T0	2036	2037	10924	399.679
MGG_12996T0	1925	1926	1418	54.8707
MGG_03793T0	1020	1021	1	0.0729953
MGG_09758T0	4246	4247	443.944	7.79052
MGG_12845T0	786	787	7.87258	0.745526
MGG_09632T0	1392	1393	4	0.214008
MGG_11470T0	3030	3031	1739	42.7597
MGG_00087T0	1598	1599	2302	107.295
MGG_02693T0	1014	1015	2	0.146854
MGG_03268T0	1196	1197	52.7138	3.28209
MGG_16493T0	654	655	2955.85	336.327
MGG_00564T0	585	586	69	8.77551
MGG_17245T0	354	355	11.6133	2.43807
MGG_02846T0	5727	5728	2971	38.6563
MGG_15872T0	210	211	2	0.706429
MGG_09755T0	4466	4467	1029	17.168
MGG_10060T0	1208	1209	18	1.1096
MGG_15803T0	3507	3508	152.93	3.24903
MGG_10824T0	1584	1585	4464	209.902
MGG_04104T0	919	920	4407.16	357.019
MGG_08440T0	2505	2506	264	7.85134
MGG_04622T0	1331	1332	2582	144.468
MGG_08927T0	2608	2609	137	3.91352
MGG_16143T0	784	785	66.4494	6.30873
MGG_08210T0	1265	1266	3300	194.268
MGG_15984T0	189	190	0	0
MGG_14636T0	1211	1212	0	0
MGG_17793T0	4683	4684	246	3.91416
MGG_17704T0	2571	2572	2353	68.1823
MGG_16958T0	348	349	2	0.427096
MGG_16692T0	288	289	0	0
MGG_12330T0	1245	1246	17.1854	1.02793
MGG_04008T0	1712	1713	1697	73.8321
MGG_01185T0	1800	1801	5507	227.888
MGG_01285T0	3602	3603	37023	765.822
MGG_04967T0	4074	4075	606	11.0832
MGG_13035T0	993	994	349	26.1674
MGG_03543T0	2398	2399	313	9.72377
MGG_02491T0	5616	5617	685	9.08881
MGG_05343T0	3454	3455	11278	243.279
MGG_08686T0	2166	2167	6	0.206354
MGG_16727T0	318	319	2	0.467262
MGG_08888T0	3220	3221	87022	2013.53
MGG_08774T0	2648	2649	640	18.0061
MGG_17656T0	719	720	1511.1	156.416
MGG_17300T0	711	712	3	0.314023
MGG_03182T0	2275	2276	1086	35.5614
MGG_12726T0	1222	1223	105	6.39858
MGG_02966T0	1630	1631	153.152	6.99823
MGG_03395T0	814	815	1	0.0914457
MGG_16063T0	1849	1850	0	0
MGG_12370T0	1517	1518	1808.72	88.8015
MGG_01274T0	1635	1636	1549	70.5649
MGG_13463T0	471	472	0	0
MGG_16349T0	204	205	0	0
MGG_06021T0	3045	3046	1835.56	44.9118
MGG_08947T0	1626	1627	2	0.0916143
MGG_03166T0	1374	1375	0	0
MGG_00273T0	405	406	86	15.7868
MGG_02872T0	902	903	9661.42	797.395
MGG_04385T0	3377	3378	1154	25.4605
MGG_12728T0	465	466	89	14.2339
MGG_01681T0	1429	1430	846	44.0915
MGG_00032T0	1891	1892	602	23.7135
MGG_17039T0	162	163	31	14.1741
MGG_17925T0	192	193	0	0
MGG_02475T0	2654	2655	1425	40.001
MGG_00058T0	1041	1042	276	19.7407
MGG_05849T0	822	823	1303	117.995
MGG_08088T0	3206	3207	1339	31.1173
MGG_16731T0	234	235	38	12.0514
MGG_13518T0	1727	1728	1271.89	54.8563
MGG_03763T0	2477	2478	120	3.60911
MGG_13427T0	1122	1123	0	0
MGG_10102T0	741	742	0	0
MGG_15025T0	1948	1949	2425	92.7301
MGG_09997T0	2767	2768	1	0.0269249
MGG_06649T0	4664	4665	3317	52.9925
MGG_17878T0	1358	1359	1232	67.5635
MGG_02617T0	1941	1942	19593	751.921
MGG_17246T0	2440	2441	1501	45.8283
MGG_16354T0	234	235	0	0
MGG_02440T0	3633	3634	1763	36.1566
MGG_17373T0	3639	3640	83	1.69941
MGG_15673T0	159	160	0	0
MGG_08252T0	2028	2029	795	29.2015
MGG_17946T0	339	340	0	0
MGG_03921T0	1621	1622	1652	75.9067
MGG_16041T0	342	343	0	0
MGG_11633T0	2628	2629	1967	55.7615
MGG_03210T0	1338	1339	1357	75.5301
MGG_11590T0	3306	3307	1451	32.7005
MGG_01363T0	1062	1063	426	29.8674
MGG_04414T0	1374	1375	119	6.45008
MGG_07802T0	1763	1764	119	5.0277
MGG_16811T0	312	313	0	0
MGG_17714T0	2251	2252	251	8.30665
MGG_17106T0	282	283	1	0.263351
MGG_04190T0	3265	3266	3105	70.8543
MGG_01895T0	1209	1210	592	36.4634
MGG_01195T0	717	718	13	1.3494
MGG_05601T0	1428	1429	628	32.7528
MGG_05074T0	3243	3244	18277	419.899
MGG_08408T0	1035	1036	128	9.20812
MGG_14150T0	2132	2133	2230	77.9174
MGG_06762T0	3308	3309	2446	55.091
MGG_08371T0	901	902	23	1.90039
MGG_14570T0	945	946	2	0.157565
MGG_10112T0	1860	1861	6	0.240284
MGG_12264T0	882	883	19	1.60366
MGG_03545T0	4234	4235	53	0.932703
MGG_05369T0	1716	1717	1872	81.2562
MGG_17357T0	900	901	23	1.9025
MGG_17137T0	227	228	129	42.1673
MGG_01815T0	3308	3309	1060	23.8743
MGG_11075T0	1682	1683	2	0.0885659
MGG_17387T0	581	582	3	0.384166
MGG_15855T0	568	569	20	2.61962
MGG_06394T0	2860	2861	1483	38.6317
MGG_08548T0	1764	1765	60	2.53354
MGG_17440T0	2547	2548	472	13.8059
MGG_17005T0	348	349	292.799	62.5266
MGG_07970T0	1865	1866	57	2.27659
MGG_04486T0	5287	5288	908	12.7972
MGG_16622T0	231	232	7	2.2487
MGG_09830T0	4723	4724	9214	145.365
MGG_13842T0	3187	3188	1458	34.0847
MGG_04014T0	2398	2399	389	12.0848
MGG_08317T0	1413	1414	1037	54.6575
MGG_08103T0	1115	1116	412	27.514
MGG_16316T0	1708	1709	97	4.2301
MGG_07323T0	1978	1979	2187	82.3614
MGG_17428T0	378	379	0	0
MGG_17088T0	455	456	60	9.80634
MGG_01857T0	3269	3270	326	7.43003
MGG_08785T0	1916	1917	125	4.85969
MGG_04607T0	1816	1817	1140.3	46.7717
MGG_08748T0	3058	3059	255	6.21271
MGG_09564T0	3877	3878	4150	79.7556
MGG_14767T0	6707	6708	26.0122	0.289004
MGG_16021T0	2461	2462	119	3.6023
MGG_13217T0	2930	2931	3613.14	91.8734
MGG_01215T0	3908	3909	6654	126.864
MGG_03160T0	1396	1397	37.5292	2.00214
MGG_03168T0	2001	2002	18	0.670084
MGG_04865T0	2363	2364	93.5011	2.94775
MGG_17028T0	423	424	0	0
MGG_10600T0	5398	5399	501.419	6.92163
MGG_17994T0	264	265	5	1.40619
MGG_15912T0	366	367	0	0
MGG_01882T0	1481	1482	18	0.905201
MGG_09708T0	765	766	38	3.69722
MGG_03707T0	2314	2315	41	1.31994
MGG_00887T0	2219	2220	1072	35.9884
MGG_03482T0	1241	1242	108.111	6.48738
MGG_06159T0	2095	2096	2661	94.6181
MGG_04441T0	1875	1876	13681	543.508
MGG_03340T0	1770	1771	4354	183.227
MGG_05444T0	543	544	0	0
MGG_07022T0	2071	2072	1094	39.3503
MGG_05798T0	983	984	15	1.1361
MGG_05722T0	2722	2723	3	0.0821097
MGG_01507T0	2816	2817	1072	28.3615
MGG_15487T0	318	319	0	0
MGG_00180T0	1890	1891	861	33.9338
MGG_02734T0	2144	2145	1260.63	43.8009
MGG_05150T0	979	980	177	13.4607
MGG_07066T0	2889	2890	1021	26.3299
MGG_16923T0	343	344	9	1.94987
MGG_00843T0	882	883	2715	229.155
MGG_02895T0	1582	1583	959.791	45.1873
MGG_09437T0	3048	3049	58.0075	1.4179
MGG_17302T0	1371	1372	0	0
MGG_18048T0	207	208	27	9.67434
MGG_03838T0	3198	3199	4378	101.996
MGG_15743T0	205	206	1	0.361787
MGG_06189T0	1896	1897	26238.9	1030.86
MGG_03085T0	978	979	23	1.75092
MGG_09859T0	1023	1024	70	5.0947
MGG_14824T0	4140	4141	308	5.54327
MGG_12615T0	1593	1594	2172	101.553
MGG_00601T0	2894	2895	894	23.0149
MGG_03404T0	1680	1681	1664	73.7745
MGG_14759T0	900	901	23	1.9025
MGG_03426T0	756	757	14	1.37833
MGG_15890T0	323	324	0	0
MGG_07710T0	1925	1926	3086	119.415
MGG_11201T0	1314	1315	10765	610.111
MGG_08521T0	1287	1288	5	0.289318
MGG_12525T0	1014	1015	35	2.56994
MGG_11362T0	4287	4288	12052	209.472
MGG_01656T0	2124	2125	4230	148.355
MGG_00329T0	2905	2906	75	1.92347
MGG_02856T0	3261	3262	484.586	11.0715
MGG_02968T0	699	700	260	27.6819
MGG_15506T0	225	226	2	0.659542
MGG_16429T0	1541	1542	155	7.49149
MGG_11169T0	339	340	125	27.4001
MGG_08632T0	2412	2413	1689	52.1667
MGG_09813T0	1224	1225	0	0
MGG_01271T0	664	665	292	32.7252
MGG_06191T0	2560	2561	4813	140.064
MGG_17430T0	1038	1039	1707.33	122.468
MGG_14681T0	2000	2001	1277	47.5625
MGG_15817T0	1294	1295	646	37.1778
MGG_03243T0	2417	2418	902	27.8017
MGG_02510T0	636	637	536	62.7113
MGG_17843T0	300	301	22	5.44724
MGG_15065T0	1796	1797	296	12.2762
MGG_11497T0	1953	1954	1473	56.1822
MGG_10646T0	4222	4223	2159	38.1024
MGG_04580T0	381	382	2	0.3902
MGG_17293T0	659	660	3.15135	0.355856
MGG_01447T0	5772	5773	2512.81	32.4399
MGG_17271T0	1017	1018	0	0
MGG_12927T0	2300	2301	14	0.453453
MGG_01909T0	976	977	621	47.3716
MGG_03284T0	3639	3640	625	12.7967
MGG_06258T0	3286	3287	1169	26.5055
MGG_10372T0	849	850	577	50.5915
MGG_04326T0	3853	3854	467	9.03079
MGG_06853T0	2088	2089	744.416	26.5582
MGG_05164T0	2466	2467	69	2.08449
MGG_05717T0	2323	2324	407	13.0521
MGG_07756T0	4102	4103	19269	350.008
MGG_12184T0	4610	4611	51	0.82432
MGG_02711T0	1082	1083	8205.2	564.653
MGG_17042T0	3804	3805	1578	30.9082
MGG_10427T0	768	769	2	0.193832
MGG_17869T0	354	355	100.008	20.9955
MGG_01505T0	228	229	884	287.698
MGG_05978T0	1152	1153	438	28.3117
MGG_04810T0	871	872	171	14.6151
MGG_09008T0	588	589	13	1.64494
MGG_02026T0	2189	2190	0	0
MGG_15585T0	321	322	7	1.62018
MGG_10869T0	1539	1540	11	0.532344
MGG_04893T0	2695	2696	682	18.8532
MGG_16197T0	921	922	89	7.19415
MGG_06166T0	1509	1510	239	11.7962
MGG_02274T0	870	871	0	0
MGG_06644T0	2637	2638	484	13.6739
MGG_15932T0	345	346	2	0.430799
MGG_13024T0	339	340	453	99.2979
MGG_03774T0	2177	2178	241	8.24669
MGG_09785T0	1007	1008	5	0.369684
MGG_16762T0	2731	2732	1353.4	36.9204
MGG_10868T0	3375	3376	2463	54.3729
MGG_02441T0	2310	2311	6986.41	225.307
MGG_17573T0	201	202	5	1.84476
MGG_04176T0	3120	3121	34	0.811906
MGG_06005T0	2845	2846	391.244	10.2455
MGG_15608T0	153	154	7	3.38765
MGG_01449T0	2916	2917	4799	122.613
MGG_04018T1	2356	2357	491.693	15.5473
MGG_04018T0	2290	2291	159.15	5.17729
MGG_15815T0	231	232	5	1.60621
MGG_00572T0	1647	1648	1518	68.6492
MGG_01135T0	985	986	7453	563.346
MGG_00511T0	678	679	12	1.31714
MGG_15076T0	1885	1886	3067	121.197
MGG_08613T0	2638	2639	344	9.71493
MGG_00858T0	432	433	696.944	119.958
MGG_02887T0	1725	1726	407	17.5741
MGG_17172T0	189	190	6	2.35352
MGG_12444T0	690	691	0	0
MGG_14099T0	1521	1522	51	2.49733
MGG_07511T0	2843	2844	7154	187.474
MGG_04877T0	2289	2290	709.695	23.0971
MGG_06103T0	3974	3975	400	7.49969
MGG_12484T0	1572	1573	66	3.12706
MGG_07993T0	619	620	0	0
MGG_14795T0	1868	1869	1744	69.5437
MGG_10797T0	1125	1126	179	11.8477
MGG_15108T0	1746	1747	0	0
MGG_02069T0	980	981	888.961	67.5359
MGG_16628T0	222	223	0	0
MGG_15104T0	984	985	60.8078	4.60091
MGG_09797T0	750	751	522	51.8026
MGG_01090T0	4161	4162	2092	37.4611
MGG_17904T0	489	490	67	10.1906
MGG_16854T0	2965	2966	1112	27.9418
MGG_04403T0	216	217	0	0
MGG_14821T0	458	459	13	2.11082
MGG_01030T0	2697	2698	613	16.9332
MGG_13953T0	1404	1405	0	0
MGG_05140T0	1104	1105	15402	1038.81
MGG_15873T0	432	433	115	19.7939
MGG_12133T0	1139	1140	801	52.3659
MGG_14678T0	1660	1661	1401	62.8621
MGG_11419T0	2384	2385	2769	86.5277
MGG_16838T0	249	250	0	0
MGG_15142T0	1173	1174	51	3.2376
MGG_09752T0	2048	2049	360	13.0943
MGG_15688T0	3367	3368	104	2.30135
MGG_04399T0	1552	1553	5466.72	262.347
MGG_05624T0	1695	1696	1666	73.2099
MGG_06428T0	2523	2524	3515	103.79
MGG_07803T0	5187	5188	0	0
MGG_16437T0	240	241	2	0.618491
MGG_04080T0	3169	3170	1662	39.0744
MGG_18121T0	523	524	1	0.142229
MGG_15694T0	153	154	0	0
MGG_16883T0	219	220	11	3.72641
MGG_16700T0	276	277	0	0
MGG_03398T0	672	673	38	4.20813
MGG_16848T0	1395	1396	72	3.84386
MGG_08123T0	3147	3148	670.615	15.8767
MGG_17463T0	288	289	0	0
MGG_08113T0	1211	1212	120	7.37903
MGG_00252T0	1998	1999	1767.79	65.908
MGG_10017T0	921	922	0	0
MGG_15275T0	1602	1603	11	0.511423
MGG_14686T0	1056	1057	0	0
MGG_06769T0	2155	2156	5844	202.014
MGG_17052T0	1194	1195	2666	166.27
MGG_01345T0	2025	2026	1570.23	57.7622
MGG_05564T0	753	754	0	0
MGG_06692T0	792	793	3664	344.352
MGG_06965T0	3149	3150	476.86	11.2824
MGG_00598T0	2407	2408	867.488	26.849
MGG_08115T0	1382	1383	802.368	43.2386
MGG_17349T0	498	499	0	0
MGG_11998T0	1146	1147	0	0
MGG_00438T0	1622	1623	3539	162.511
MGG_02514T0	4274	4275	847.871	14.7814
MGG_14603T0	851	852	1	0.0874744
MGG_05332T0	2876	2877	110.916	2.87325
MGG_17196T0	2126	2127	1279	44.815
MGG_14825T0	1872	1873	4100	163.142
MGG_06090T0	4068	4069	1688	30.9176
MGG_06499T0	5344	5345	905.524	12.6262
MGG_17960T0	4310	4311	546	9.4392
MGG_15669T0	2778	2779	144.344	3.87108
MGG_05250T0	3254	3255	296	6.77737
MGG_02401T0	1950	1951	292	11.1544
MGG_07903T0	1299	1300	17	0.9746
MGG_16033T0	1805	1806	32	1.32054
MGG_11418T0	1263	1264	4606	271.58
MGG_02083T0	666	667	0	0
MGG_00994T0	1596	1597	16	0.746682
MGG_05206T0	5918	5919	3090.9	38.9186
MGG_02937T0	4334	4335	1396	24.0003
MGG_04679T0	2420	2421	3546	109.16
MGG_12732T0	639	640	4.01206	0.467206
MGG_01905T0	1104	1105	0	0
MGG_07486T0	3390	3391	1379.24	30.3132
MGG_12961T0	1646	1647	2286.83	103.481
MGG_10928T0	2290	2291	65	2.11451
MGG_08841T0	3815	3816	1566.54	30.5952
MGG_00726T0	2812	2813	503	13.3266
MGG_16246T0	426	427	2	0.349078
MGG_01296T0	2313	2314	756	24.3489
MGG_16967T0	399	400	0	0
MGG_07729T0	2631	2632	7053	199.714
MGG_17917T0	246	247	16	4.82774
MGG_04084T0	2608	2609	766.995	21.9098
MGG_05861T0	1643	1644	17	0.770669
MGG_08258T0	2289	2290	392	12.7577
MGG_10684T0	1041	1042	400	28.6097
MGG_11021T0	3466	3467	200	4.29929
MGG_01710T0	1438	1439	2745.64	142.201
MGG_02850T0	1681	1682	164	7.26672
MGG_08624T0	986	987	1929	145.658
MGG_06152T0	980	981	1807.55	137.323
MGG_17511T0	153	154	3	1.45185
MGG_08135T0	4597	4598	12994	210.618
MGG_16291T0	258	259	0	0
MGG_10827T0	774	775	12168.4	1170.18
MGG_16494T0	411	412	0	0
MGG_03649T0	4017	4018	2367.29	43.9098
MGG_14564T0	636	637	6	0.701993
MGG_01524T0	1955	1956	1449.7	55.237
MGG_04664T0	1747	1748	604	25.7523
MGG_14715T0	585	586	593	75.4185
MGG_15722T0	357	358	8	1.66543
MGG_07556T0	1377	1378	48	2.59605
MGG_04959T0	1006	1007	520	38.4853
MGG_15810T0	4692	4693	131	2.08037
MGG_08290T0	1888	1889	306.685	12.0999
MGG_09647T0	1691	1692	8	0.352379
MGG_16758T0	249	250	0	0
MGG_08648T0	2094	2095	847	30.1315
MGG_00541T0	2889	2890	2237	57.6884
MGG_01312T0	1193	1194	1543.52	96.3447
MGG_03531T0	2643	2644	1572	44.311
MGG_10015T0	888	889	0	0
MGG_13512T0	2486	2487	272	8.15105
MGG_00562T0	1959	1960	227	8.63158
MGG_06856T0	2282	2283	868	28.3357
MGG_17366T0	357	358	0	0
MGG_11643T0	3250	3251	2129	48.8067
MGG_16577T0	567	568	0	0
MGG_00740T0	2721	2722	97	2.65585
MGG_09195T0	1458	1459	6473	330.652
MGG_07930T0	354	355	117	24.5628
MGG_16775T0	342	343	0	0
MGG_17318T0	2634	2635	569.013	16.0939
MGG_16481T0	1023	1024	29.0023	2.11083
MGG_11644T0	732	733	19	1.93184
MGG_01461T0	2024	2025	3388	124.692
MGG_10488T0	1362	1363	1	0.0546795
MGG_09847T0	2589	2590	2556	73.5498
MGG_12117T0	4875	4876	611.335	9.34408
MGG_15171T0	504	505	0	0
MGG_16792T0	3270	3271	47314	1078.03
MGG_14753T0	228	229	21	6.83446
MGG_12186T0	1020	1021	0	0
MGG_04966T0	2252	2253	3114	103.01
MGG_01844T0	4315	4316	949	16.3872
MGG_16032T0	222	223	34	11.363
MGG_10046T0	2222	2223	18	0.603467
MGG_03372T0	351	352	7303	1546.25
MGG_05268T0	1158	1159	6665	428.585
MGG_17633T0	237	238	16	5.0103
MGG_03320T0	2757	2758	5265	142.274
MGG_17685T0	174	175	0	0
MGG_00506T0	5201	5202	2328	33.3529
MGG_04235T0	5968	5969	1007	12.5733
MGG_01198T0	1838	1839	306	12.4011
MGG_14672T0	558	559	13	1.73321
MGG_17055T0	267	268	4	1.11236
MGG_08270T0	2873	2874	3154.57	81.8039
MGG_02561T0	225	226	0	0
MGG_12173T0	2528	2529	168	4.95087
MGG_01410T0	1626	1627	580	26.5681
MGG_16249T0	395	396	15	2.82304
MGG_04890T0	4405	4406	856	14.4794
MGG_08722T0	6290	6291	1583	18.7535
MGG_07952T0	300	301	0	0
MGG_12595T0	1411	1412	7.02194	0.370632
MGG_06797T0	2042	2043	18	0.656636
MGG_10212T0	2319	2320	0	0
MGG_07285T0	3151	3152	3216.17	76.0456
MGG_04503T0	3540	3541	7532	158.528
MGG_08903T0	2811	2812	1984	52.5832
MGG_04904T0	1918	1919	954.447	37.0679
MGG_07898T0	1218	1219	0	0
MGG_05131T0	1808	1809	887.614	36.5684
MGG_09309T0	2206	2207	4987	168.406
MGG_04984T0	3894	3895	913	17.4696
MGG_17886T0	183	184	2	0.810089
MGG_16570T0	252	253	0	0
MGG_03699T0	2020	2021	6459	238.188
MGG_17530T0	486	487	1	0.153035
MGG_06667T0	168	169	1133	499.648
MGG_12979T0	2728	2729	211	5.76235
MGG_01406T0	3851	3852	48	0.9287
MGG_00870T0	1069	1070	265	18.4579
MGG_08376T0	462	463	1	0.160968
MGG_10865T0	2112	2113	133	4.69108
MGG_15893T0	314	315	0	0
MGG_15521T0	462	463	0	0
MGG_03226T0	1979	1980	14306	538.485
MGG_06863T0	2767	2768	13	0.350024
MGG_16876T0	243	244	3	0.91633
MGG_05363T0	3220	3221	23	0.532179
MGG_08159T0	3497	3498	1304	27.783
MGG_10236T0	4473	4474	421	7.01305
MGG_02804T0	2883	2884	174	4.4965
MGG_05985T0	2912	2913	476	12.1783
MGG_00942T0	2049	2050	12802	465.419
MGG_00764T0	1690	1691	570	25.1219
MGG_02239T0	516	517	67	9.65839
MGG_06614T0	3808	3809	114.833	2.24686
MGG_17374T0	510	511	0	0
MGG_14845T0	628	629	20	2.36974
MGG_02407T0	777	778	1633	156.433
MGG_10706T0	1425	1426	14	0.731694
MGG_16319T0	2870	2871	650	16.8733
MGG_08590T0	4023	4024	2454.63	45.4621
MGG_03951T0	1559	1560	994	47.4878
MGG_03132T0	3053	3054	621.193	15.1593
MGG_17990T0	288	289	20	5.15766
MGG_14741T0	738	739	2	0.2017
MGG_03378T0	5137	5138	2150	31.1864
MGG_17789T0	367	368	0	0
MGG_02293T0	456	457	0	0
MGG_13256T0	988	989	48	3.61714
MGG_05152T0	2870	2871	703	18.2492
MGG_16440T0	300	301	23	5.69485
MGG_09301T0	1802	1803	2058	85.0688
MGG_07010T0	1556	1557	2578.8	123.438
MGG_03271T0	2030	2031	712.611	26.1495
MGG_08489T0	3229	3230	227	5.23774
MGG_18018T0	249	250	0	0
MGG_07420T0	2054	2055	0	0
MGG_16162T0	318	319	29	6.77529
MGG_12097T0	2977	2978	157	3.92912
MGG_01352T0	3436	3437	718	15.5692
MGG_06926T0	1577	1578	424.242	20.0368
MGG_17313T0	624	625	5	0.596226
MGG_13006T0	2441	2442	721	22.0044
MGG_05024T0	2315	2316	3482	112.05
MGG_17275T0	240	241	0	0
MGG_07734T0	4160	4161	891	15.9588
MGG_04732T0	1849	1850	118	4.75369
MGG_01344T0	1161	1162	565.772	36.2874
MGG_15672T0	2931	2932	1781	45.2711
MGG_15132T0	1833	1834	390	15.8484
MGG_15729T0	321	322	4	0.925816
MGG_07141T0	3107	3108	104	2.49387
MGG_12574T0	1734	1735	2529	108.635
MGG_15447T0	710	711	52	5.45073
MGG_03486T0	1002	1003	2893.09	214.972
MGG_00282T0	2972	2973	46	1.15314
MGG_17272T0	225	226	0	0
MGG_10162T0	2150	2151	6317	218.872
MGG_16932T0	156	157	0	0
MGG_00035T0	1467	1468	0	0
MGG_07408T0	6753	6754	748	8.25394
MGG_03741T0	5575	5576	2986.01	39.9107
MGG_15705T0	4616	4617	482	7.78051
MGG_16929T0	747	748	8	0.797093
MGG_08904T0	2601	2602	1155	33.0823
MGG_03231T0	1793	1794	51	2.11869
MGG_06060T0	1803	1804	2043	84.402
MGG_17952T0	246	247	2	0.603467
MGG_16576T0	387	388	0	0
MGG_16151T0	333	334	0	0
MGG_06361T0	3152	3153	4462	105.469
MGG_07277T0	2657	2658	514	14.4122
MGG_04322T0	2621	2622	391	11.1139
MGG_03544T0	2879	2880	28	0.72458
MGG_01381T0	4733	4734	3369	53.0388
MGG_08481T0	507	508	0	0
MGG_14838T0	477	478	5	0.779584
MGG_03574T0	2523	2524	1947	57.4907
MGG_02261T0	1959	1960	2537	96.4684
MGG_00471T0	2948	2949	7707.8	194.794
MGG_08992T0	324	325	0	0
MGG_17910T0	150	151	0	0
MGG_06973T0	1569	1570	1598	75.8574
MGG_11227T0	1197	1198	6637	412.891
MGG_07387T0	2401	2402	292.556	9.07732
MGG_11078T0	2666	2667	445.689	12.4546
MGG_00299T0	2629	2630	5826	165.096
MGG_13156T0	2204	2205	3968	134.117
MGG_01613T0	3577	3578	309.098	6.43839
MGG_01558T0	4895	4896	3649	55.546
MGG_12107T0	1838	1839	363	14.7111
MGG_02559T0	1505	1506	154	7.62108
MGG_05059T0	519	520	474	67.9353
MGG_16010T0	176	177	0	0
MGG_02897T0	3023	3024	6850	168.822
MGG_07222T0	3030	3031	852	20.9495
MGG_17174T0	342	343	16	3.47653
MGG_15410T0	390	391	0	0
MGG_03361T0	1308	1309	206	11.7287
MGG_03217T0	2197	2198	617	20.9208
MGG_09448T0	1116	1117	0	0
MGG_00651T0	1674	1675	44	1.95776
MGG_03664T0	2986	2987	1821	45.4355
MGG_18057T0	2080	2081	2596	92.9722
MGG_01308T0	3544	3545	501	10.5328
MGG_10033T0	885	886	0	0
MGG_05501T0	2271	2272	6	0.196817
MGG_08325T0	3494	3495	280.743	5.98664
MGG_05520T0	1708	1709	8	0.348874
MGG_15679T0	195	196	4	1.52098
MGG_07429T0	1336	1337	15	0.836143
MGG_14954T0	1602	1603	66	3.06854
MGG_00112T0	1150	1151	151	9.77738
MGG_05689T0	1708	1709	197	8.59102
MGG_01027T0	2852	2853	1291	33.7245
MGG_14907T0	2118	2119	2587	90.9884
MGG_10474T0	1497	1498	58	2.88561
MGG_17708T0	1994	1995	1046	39.0759
MGG_07870T0	1742	1743	215	9.1931
MGG_04506T0	1277	1278	2917.36	170.13
MGG_04252T0	2112	2113	42	1.48139
MGG_05151T0	2514	2515	1781	52.7772
MGG_07629T0	2570	2571	3000	86.9641
MGG_03059T0	4920	4921	3918	59.3378
MGG_03286T0	4295	4296	98.0813	1.70154
MGG_14839T0	1152	1153	0	0
MGG_05216T0	3503	3504	849.954	18.0781
MGG_14649T0	763	764	178	17.3639
MGG_04051T0	2850	2851	362	9.46307
MGG_00521T0	3485	3486	992.861	21.2267
MGG_05911T0	441	442	6	1.0117
MGG_01493T0	3281	3282	2237.49	50.8093
MGG_00477T0	2606	2607	363.853	10.4017
MGG_15576T0	1623	1624	1623	74.4823
MGG_13106T0	1236	1237	837	50.4285
MGG_09925T0	4335	4336	962	16.5351
MGG_08570T0	1567	1568	601	28.566
MGG_03981T0	952	953	233.781	18.2826
MGG_17127T0	225	226	1	0.329771
MGG_05925T0	1660	1661	642	28.8062
MGG_10527T0	1705	1706	26	1.13583
MGG_03877T0	1908	1909	1296	50.5964
MGG_00714T0	741	742	21	2.10929
MGG_05240T0	2166	2167	47	1.61644
MGG_15829T0	351	352	0	0
MGG_00519T0	2651	2652	377	10.5947
MGG_11927T0	894	895	0	0
MGG_01823T0	2436	2437	1024	31.3159
MGG_17173T0	297	298	5	1.25047
MGG_11693T0	1719	1720	3537	153.259
MGG_15026T0	3779	3780	626	12.3425
MGG_06958T0	2365	2366	31319	986.538
MGG_00527T0	624	625	1954	233.005
MGG_07219T0	6669	6670	322	3.59791
MGG_05301T0	987	988	139.601	10.5306
MGG_17448T0	820	821	85.0867	7.72394
MGG_01752T0	2148	2149	12942	448.834
MGG_06219T0	1372	1373	24	1.30275
MGG_04011T0	5112	5113	360	5.24744
MGG_00364T0	1214	1215	1894.74	116.224
MGG_08813T0	1856	1857	2168.69	87.0373
MGG_03960T0	4628	4629	842.918	13.5712
MGG_02530T0	1760	1761	15	0.634823
MGG_07933T0	2803	2804	1717	45.6366
MGG_09544T0	1118	1119	368	24.5097
MGG_15173T0	2238	2239	162	5.39239
MGG_02285T0	396	397	0	0
MGG_04627T0	3539	3540	67	1.41056
MGG_00959T0	984	985	761	57.5797
MGG_08516T0	1191	1192	0	0
MGG_16617T0	1071	1072	0	0
MGG_08391T0	1080	1081	0	0
MGG_01035T0	2159	2160	1086	37.4711
MGG_02370T0	1620	1621	18735	861.373
MGG_00704T0	4175	4176	967	17.2578
MGG_17446T0	177	178	1	0.418698
MGG_00444T0	1348	1349	6617.96	365.622
MGG_07751T0	3524	3525	973	20.5719
MGG_09699T0	3728	3729	173	3.4576
MGG_03159T0	2736	2737	1671.94	45.5267
MGG_00978T0	1711	1712	4379	190.63
MGG_08630T0	4303	4304	2030	35.1515
MGG_17240T0	264	265	0	0
MGG_10877T0	1002	1003	1922	142.815
MGG_07597T0	2137	2138	98	3.41617
MGG_16094T0	1275	1276	6.34992	0.370884
MGG_07365T0	1331	1332	11	0.615473
MGG_03229T0	3106	3107	1119	26.8417
MGG_10638T0	2805	2806	1026	27.2509
MGG_14828T0	456	457	0	0
MGG_06057T0	3205	3206	3441	79.9911
MGG_05829T0	2190	2191	9	0.306141
MGG_03037T0	942	943	5	0.395165
MGG_17674T0	267	268	2	0.556181
MGG_16056T0	624	625	439.794	52.4434
MGG_17959T0	2824	2825	797	21.0262
MGG_05138T0	942	943	1917	151.506
MGG_14747T0	1951	1952	2977	113.663
MGG_06561T0	1942	1943	1923	73.7611
MGG_08662T0	438	439	42	7.13026
MGG_14288T0	675	676	0	0
MGG_05115T0	1900	1901	178	6.97844
MGG_03079T0	631	632	2	0.235849
MGG_04562T0	1956	1957	575	21.8977
MGG_15853T0	1757	1758	768	32.5584
MGG_08416T0	1704	1705	0	0
MGG_01465T0	947	948	25	1.96541
MGG_00883T0	5873	5874	3376	42.8341
MGG_06006T0	2075	2076	989	35.505
MGG_10350T0	936	937	0	0
MGG_16826T0	1836	1837	239	9.69638
MGG_16596T0	3052	3053	250	6.10287
MGG_02519T0	3593	3594	500	10.3684
MGG_01829T0	1863	1864	61	2.43896
MGG_06597T0	2406	2407	148	4.58254
MGG_04123T0	3353	3354	636	14.1324
MGG_10666T0	1401	1402	616	32.7456
MGG_15529T0	171	172	25	10.8326
MGG_17433T0	168	169	1	0.440995
MGG_07626T0	2124	2125	2	0.0701442
MGG_16438T0	180	181	0	0
MGG_17455T0	1363	1364	1567	85.62
MGG_17156T0	336	337	0	0
MGG_00022T0	12204	12205	0	0
MGG_17760T0	348	349	0	0
MGG_05589T0	6759	6760	14	0.154348
MGG_09012T0	1521	1522	462	22.6229
MGG_10235T0	1571	1572	48	2.27567
MGG_04017T0	3176	3177	11169	262.01
MGG_00472T0	1789	1790	2204.2	91.7738
MGG_03620T0	2871	2872	7073	183.544
MGG_05914T0	1071	1072	1758	122.221
MGG_04829T0	1291	1292	10188.1	587.694
MGG_06378T0	1018	1019	2128.71	155.691
MGG_10232T0	2051	2052	261	9.47947
MGG_16144T0	1498	1499	122.907	6.11077
MGG_13187T0	1710	1711	5499	239.527
MGG_04345T0	1593	1594	3	0.140266
MGG_01873T0	1761	1762	133	5.62557
MGG_06846T0	1291	1292	21	1.21137
MGG_07070T0	3639	3640	1130	23.1365
MGG_10088T0	627	628	55	6.52715
MGG_00597T0	3386	3387	1454	31.9941
MGG_17746T0	2957	2958	26.9253	0.678395
MGG_17571T0	201	202	0	0
MGG_17779T0	4388	4389	141.338	2.40002
MGG_07255T0	3332	3333	7494	167.571
MGG_08299T0	3670	3671	351	7.12596
MGG_01402T0	1200	1201	70	4.34386
MGG_02205T0	1224	1225	0	0
MGG_03501T0	1262	1263	163	9.61845
MGG_03147T0	3701	3702	7222	145.392
MGG_07709T0	2339	2340	383	12.1984
MGG_15557T0	844	845	0	0
MGG_06364T0	3124	3125	759	18.1014
MGG_05751T0	1630	1631	1174	53.6457
MGG_14641T0	339	340	6.61755	1.45057
MGG_01106T0	4509	4510	1188	19.6318
MGG_16261T0	216	217	2	0.686896
MGG_15449T0	474	475	1.40855	0.221004
MGG_00005T0	898	899	20.3246	1.68494
MGG_00234T0	1224	1225	0	0
MGG_06094T0	3412	3413	159	3.47201
MGG_14757T0	8215	8216	1296	11.7562
MGG_03399T0	1363	1364	169	9.23407
MGG_17641T0	366	367	0	0
MGG_04559T0	2972	2973	2443	61.242
MGG_00396T0	842	843	538.697	47.6253
MGG_02987T0	1871	1872	420.277	16.7321
MGG_06353T0	2518	2519	1478.11	43.7319
MGG_10087T0	1347	1348	1283	70.9345
MGG_14908T0	1569	1570	448	21.2666
MGG_07961T0	829	830	189	16.9709
MGG_11524T0	270	271	40	11.0005
MGG_12322T0	3361	3362	2515	55.7521
MGG_04737T0	842	843	2	0.176817
MGG_00469T0	3524	3525	635	13.4256
MGG_10544T0	1473	1474	1	0.0505619
MGG_04889T0	579	580	1	0.128497
MGG_10274T0	1370	1371	1624	88.2814
MGG_16025T0	543	544	7	0.959003
MGG_04522T0	1153	1154	1259	81.3094
MGG_08535T0	1288	1289	297	17.1721
MGG_08411T0	594	595	0	0
MGG_12509T0	393	394	33	6.24221
MGG_05758T0	913	914	1558.55	127.085
MGG_09726T0	1646	1647	96	4.34409
MGG_10591T0	2241	2242	951	31.613
MGG_17913T0	201	202	9	3.32056
MGG_00443T0	634	635	1037	121.71
MGG_08422T0	468	469	1	0.158909
MGG_06311T0	1070	1071	568.213	39.5405
MGG_05112T0	2441	2442	863	26.3382
MGG_18139T0	405	406	5	0.917835
MGG_07090T0	2704	2705	265.715	7.32098
MGG_16436T0	329	330	0	0
MGG_16095T0	1485	1486	18	0.902764
MGG_11261T0	1854	1855	1831	73.564
MGG_09605T0	549	550	5	0.677529
MGG_00610T0	483	484	6	0.923903
MGG_01956T0	1068	1069	5	0.348588
MGG_07610T0	1605	1606	500	23.2031
MGG_06520T0	695	696	392	41.9757
MGG_09782T0	1515	1516	215	10.5696
MGG_17434T0	234	235	1	0.317141
MGG_09876T0	1402	1403	0	0
MGG_04642T0	1692	1693	148.866	6.55327
MGG_05803T0	2902	2903	7	0.17971
MGG_01563T0	4224	4225	3156.51	55.6803
MGG_08040T0	581	582	1	0.128055
MGG_16877T0	407	408	5	0.913336
MGG_00698T0	1093	1094	2300.72	156.735
MGG_05237T0	747	748	7587	755.943
MGG_00074T0	946	947	82	6.45334
MGG_17716T0	714	715	109	11.3616
MGG_14664T0	2552	2553	266.183	7.77053
MGG_01217T0	2764	2765	3203	86.3341
MGG_07317T0	3105	3106	7047	169.092
MGG_08014T0	3438	3439	36	0.780173
MGG_00244T0	1245	1246	5	0.29907
MGG_06741T0	1083	1084	518	35.614
MGG_12092T0	589	590	77.5072	9.79063
MGG_10834T0	1604	1605	1127	52.3323
MGG_08760T0	2404	2405	2867	88.8451
MGG_17019T0	1067	1068	0.000128382	8.95889e-06
MGG_11246T0	2316	2317	2668	85.8184
MGG_03840T0	1392	1393	6130	327.967
MGG_15687T0	753	754	39	3.85491
MGG_01165T0	2925	2926	439	11.1818
MGG_09714T0	3714	3715	22.2525	0.446417
MGG_16221T0	2113	2114	465	16.3934
MGG_12605T0	2902	2903	509	13.0675
MGG_05616T0	1986	1987	988	37.0578
MGG_16027T0	1242	1243	109.668	6.57548
MGG_01119T0	2577	2578	18.7861	0.543092
MGG_16833T0	267	268	0	0
MGG_17963T0	622	623	4	0.478512
MGG_10745T0	2587	2588	1305	37.5809
MGG_09189T0	1707	1708	47	2.05083
MGG_03977T0	2639	2640	1849	52.198
MGG_03739T0	2823	2824	0	0
MGG_00907T0	1510	1511	15973	787.849
MGG_16816T0	171	172	1	0.433304
MGG_07975T0	1133	1134	6010	394.986
MGG_12954T0	255	256	0	0
MGG_17401T0	840	841	4	0.354474
MGG_16127T0	405	406	34	6.24128
MGG_03171T0	2205	2206	531	17.9395
MGG_00124T0	3826	3827	3712.02	72.289
MGG_15657T0	443	444	1	0.167856
MGG_00399T0	5611	5612	4664	61.9386
MGG_07819T0	3117	3118	73.5	1.75684
MGG_14957T0	2295	2296	0	0
MGG_05862T0	1158	1159	46	2.95798
MGG_07372T0	429	430	0	0
MGG_03952T0	4203	4204	2786	49.39
MGG_15725T0	1802	1803	220.184	9.10144
MGG_09489T0	2644	2645	1705	48.0418
MGG_03103T0	2628	2629	1699.79	48.1865
MGG_00212T0	1229	1230	837.729	50.7597
MGG_07767T0	1248	1249	10	0.596703
MGG_00897T0	447	448	1	0.166358
MGG_14611T0	870	871	0	0
MGG_07577T0	1821	1822	156	6.38112
MGG_05852T0	960	961	0	0
MGG_07546T0	2210	2211	4	0.134832
MGG_17481T0	480	481	10	1.54944
MGG_11871T0	1484	1485	9193	461.372
MGG_00733T0	2105	2106	246	8.70557
MGG_17234T0	390	391	8	1.52487
MGG_11338T0	781	782	771.161	73.4952
MGG_16421T0	291	292	42	10.7198
MGG_10831T0	2217	2218	1713.4	57.5727
MGG_07076T0	1549	1550	523	25.1473
MGG_08711T0	2201	2202	121	4.09533
MGG_17474T0	600	601	113.097	14.0248
MGG_01061T0	1421	1422	10003	524.266
MGG_00877T0	4781	4782	770.397	12.0068
MGG_03064T0	5095	5096	4066	59.4646
MGG_09028T0	1875	1876	247.2	9.82057
MGG_09260T0	1074	1075	49	3.3971
MGG_09717T0	3326	3327	813	18.212
MGG_05218T0	4744	4745	715.557	11.239
MGG_07307T0	1347	1348	1604	88.6819
MGG_02290T0	969	970	2	0.153666
MGG_05952T0	1536	1537	1	0.0484894
MGG_07234T0	1017	1018	8710	637.663
MGG_10482T0	2054	2055	15	0.544002
MGG_04949T0	1836	1837	36	1.46054
MGG_06485T0	1738	1739	757	32.4427
MGG_14815T0	1093	1094	0	0
MGG_01478T0	1449	1450	1724	88.6115
MGG_06526T0	978	979	0	0
MGG_16740T0	249	250	13	3.87547
MGG_10704T0	1049	1050	18	1.27763
MGG_04349T0	1563	1564	4	0.190609
MGG_02041T0	1094	1095	11	0.748685
MGG_07648T0	297	298	0	0
MGG_06309T0	2134	2135	1386	48.3822
MGG_09021T0	987	988	128	9.65548
MGG_15784T0	504	505	35	5.16532
MGG_02814T0	1480	1481	157	7.90069
MGG_10480T0	3015	3016	70	1.72977
MGG_17229T0	498	499	0	0
MGG_00410T0	381	382	46	8.9746
MGG_07174T0	4481	4482	3121	51.897
MGG_07120T0	3474	3475	6826	146.397
MGG_09460T0	774	775	2433	233.971
MGG_15583T0	1902	1903	788.909	30.8965
MGG_09418T0	1718	1719	19	0.823756
MGG_00447T0	5470	5471	7793	106.159
MGG_05030T0	3128	3129	14109	336.056
MGG_11962T0	1854	1855	3970	159.502
MGG_11818T0	1147	1148	43	2.79156
MGG_02539T0	1708	1709	149	6.49778
MGG_13669T0	2703	2704	31251	861.347
MGG_08543T0	1105	1106	16	1.07817
MGG_05082T0	4884	4885	10385	158.439
MGG_03078T0	960	961	44	3.41232
MGG_02752T0	789	790	138	13.0189
MGG_04342T0	6785	6786	2589.08	28.4349
MGG_06466T0	1545	1546	2405.61	115.967
MGG_07333T0	2273	2274	2995	98.1583
MGG_07866T0	1023	1024	0	0
MGG_10550T0	1446	1447	0	0
MGG_16914T0	1629	1630	19	0.868734
MGG_00647T0	1875	1876	10286	408.634
MGG_16198T0	3459	3460	72	1.55088
MGG_06149T0	1389	1390	697.195	37.3818
MGG_17491T0	1657	1658	1163.21	52.2872
MGG_07849T0	1044	1045	79	5.63419
MGG_05056T0	1107	1108	429	28.8561
MGG_06789T0	3745	3746	707	14.0661
MGG_06712T0	3073	3074	22033	534.184
MGG_03304T0	1769	1770	873.766	36.7911
MGG_11382T0	2619	2620	4569	129.969
MGG_08350T0	555	556	0	0
MGG_18106T0	426	427	12	2.09447
MGG_08874T0	2100	2101	527	18.6941
MGG_11657T0	2440	2441	1017	31.0509
MGG_07115T0	1512	1513	2272.13	111.922
MGG_12957T0	1843	1844	251	10.1446
MGG_11346T0	6009	6010	5462	67.7326
MGG_08354T0	777	778	335	32.0912
MGG_13017T0	1548	1549	591.235	28.4466
MGG_10942T0	2660	2661	94	2.63271
MGG_01247T0	1281	1282	238	13.836
MGG_01112T0	984	985	1794	135.74
MGG_17080T0	195	196	1	0.380246
MGG_14671T0	345	346	2	0.430799
MGG_15979T0	393	394	0	0
MGG_15547T0	447	448	0	0
MGG_04034T0	1749	1750	12366	526.638
MGG_17705T0	381	382	2	0.3902
MGG_09852T0	2142	2143	50	1.73888
MGG_06845T0	550	551	1	0.13526
MGG_02831T0	2671	2672	435	12.1331
MGG_03082T0	2860	2861	14	0.364696
MGG_06390T0	3295	3296	944.312	21.3525
MGG_00571T0	2599	2600	299	8.57074
MGG_05350T0	3327	3328	1025	22.9542
MGG_02469T0	1161	1162	341	21.871
MGG_11084T0	2672	2673	369	10.2884
MGG_00705T0	609	610	341	41.6625
MGG_02564T0	909	910	0	0
MGG_15903T0	651	652	77	8.80164
MGG_03551T0	2918	2919	4999.59	127.65
MGG_00473T0	1071	1072	2204	153.228
MGG_09742T0	1430	1431	175	9.11421
MGG_12371T0	3042	3043	2378.28	58.2481
MGG_01534T0	3356	3357	1931	42.8698
MGG_10577T0	3314	3315	2192	49.2808
MGG_00086T0	1275	1276	6	0.350446
MGG_05234T0	1574	1575	26	1.23031
MGG_08883T0	2875	2876	75.2916	1.9511
MGG_14578T0	855	856	0	0
MGG_03580T0	2248	2249	2813.82	93.2454
MGG_02275T0	1590	1591	21	0.983716
MGG_15176T0	1492	1493	574.209	28.6636
MGG_01391T0	2048	2049	36840	1339.98
MGG_04244T0	1854	1855	1774	71.2739
MGG_17335T0	477	478	6	0.935501
MGG_01236T0	2730	2731	32	0.873271
MGG_17130T0	213	214	0	0
MGG_11170T0	1442	1443	280	14.4615
MGG_10282T0	378	379	0	0
MGG_04714T0	4576	4577	9890	161.041
MGG_00750T0	2835	2836	1881	49.4314
MGG_12468T0	2260	2261	2617	86.2629
MGG_00204T0	2796	2797	486	12.9498
MGG_16023T0	171	172	0	0
MGG_04032T0	870	871	507	43.3821
MGG_08175T0	1658	1659	2027	91.0601
MGG_02515T0	1601	1602	2159	100.441
MGG_06939T0	2544	2545	319	9.34165
MGG_16525T0	243	244	2	0.610887
MGG_07536T0	2402	2403	2159	66.9606
MGG_05269T0	1746	1747	865	36.9015
MGG_02821T0	1964	1965	2919	110.711
MGG_07144T0	207	208	69	24.7233
MGG_16942T0	216	217	14.5	4.98
MGG_07158T0	2115	2116	31	1.09186
MGG_07497T0	1506	1507	86	4.2531
MGG_10034T0	372	373	0	0
MGG_17468T0	858	859	8	0.694093
MGG_05155T0	2015	2016	12837.7	474.588
MGG_04461T0	309	310	1	0.240414
MGG_18025T0	313	314	17	4.03497
MGG_12761T0	7704	7705	1239.84	11.9926
MGG_07507T0	1527	1528	61	2.97528
MGG_17615T0	1152	1153	0	0
MGG_06093T0	995	996	806	60.311
MGG_05053T0	2077	2078	96	3.44307
MGG_01762T0	1207	1208	2640	162.876
MGG_09879T0	1010	1011	32	2.35895
MGG_05099T0	3847	3848	2101.46	40.7012
MGG_06297T0	3407	3408	1255	27.4451
MGG_06493T0	1164	1165	2512	160.699
MGG_17898T0	222	223	0	0
MGG_17027T0	273	274	0	0
MGG_16271T0	690	691	6	0.647134
MGG_14755T0	2319	2320	674	21.6517
MGG_06448T0	2412	2413	844.921	26.0963
MGG_03734T0	1018	1019	841	61.5095
MGG_02344T0	381	382	0	0
MGG_07320T0	1174	1175	37	2.34685
MGG_14683T0	3537	3538	1223	25.7626
MGG_04088T0	832	833	352	31.4933
MGG_02864T0	357	358	0	0
MGG_07207T0	1743	1744	301	12.863
MGG_10754T0	909	910	0	0
MGG_06661T0	2632	2633	163.97	4.64123
MGG_07997T0	1850	1851	1880	75.6959
MGG_16609T0	592	593	20	2.5136
MGG_09390T0	1890	1891	0	0
MGG_10280T0	333	334	0	0
MGG_06000T0	900	901	4133	341.87
MGG_06834T0	1362	1363	96	5.24924
MGG_10921T0	929	930	8	0.641103
MGG_07265T0	1675	1676	3416	151.902
MGG_01490T0	1720	1721	19476	843.412
MGG_16709T0	1809	1810	24	0.988219
MGG_14350T0	3796	3797	2209	43.3587
MGG_16946T0	219	220	0	0
MGG_09874T0	717	718	9	0.934198
MGG_17258T0	1374	1375	113	6.12486
MGG_16433T0	434	435	8	1.37063
MGG_15666T0	321	322	0	0
MGG_07000T0	3464	3465	6122	131.677
MGG_03169T0	3020	3021	796	19.6374
MGG_01173T0	391	392	455	86.506
MGG_00392T0	2096	2097	1121	39.8408
MGG_15388T0	1587	1588	5	0.234661
MGG_14244T0	906	907	0	0
MGG_10892T0	372	373	0	0
MGG_02104T0	1474	1475	3576	180.687
MGG_15647T0	403	404	9	1.66028
MGG_15090T0	2901	2902	1764	45.3025
MGG_05812T0	1912	1913	755.748	29.4431
MGG_17376T0	252	253	195	57.4427
MGG_02731T0	2202	2203	8354	282.619
MGG_01223T0	1191	1192	1285	80.3429
MGG_11560T0	2927	2928	159	4.04713
MGG_09378T0	219	220	0	0
MGG_01934T0	651	652	21	2.40045
MGG_15397T0	1077	1078	46	3.18024
MGG_01214T0	988	989	38	2.86357
MGG_17983T0	2037	2038	4167	152.384
MGG_05785T0	2408	2409	2746	84.9541
MGG_05416T0	444	445	0	0
MGG_18040T0	2368	2369	64	2.01343
MGG_01771T0	1862	1863	808	32.3236
MGG_10848T0	1812	1813	420	17.2652
MGG_07908T0	1271	1272	56	3.28112
MGG_17524T0	259	260	0	0
MGG_08439T0	1155	1156	17	1.096
MGG_04887T0	1911	1912	823	32.0799
MGG_16497T0	408	409	53.8978	9.82128
MGG_15274T0	2457	2458	5	0.151603
MGG_15257T0	936	937	80	6.36313
MGG_04954T0	2515	2516	3365	99.677
MGG_18088T0	276	277	3	0.807165
MGG_16970T0	1353	1354	187	10.293
MGG_06268T0	4232	4233	2735.18	48.1569
MGG_13224T0	2065	2066	508	18.3254
MGG_03254T0	4521	4522	1188	19.5797
MGG_06714T0	1355	1356	7066	388.36
MGG_10561T0	1134	1135	3	0.196991
MGG_16461T0	2446	2447	185.018	5.63509
MGG_04963T0	168	169	46	20.2858
MGG_10061T0	4193	4194	52	0.92405
MGG_08316T0	486	487	0	0
MGG_04827T0	2102	2103	2288	81.0844
MGG_06601T0	309	310	6390	1536.24
MGG_16898T0	222	223	0	0
MGG_00385T0	3744	3745	672	13.3733
MGG_07704T0	1800	1801	659	27.2705
MGG_02459T0	1923	1924	1251	48.4588
MGG_09851T0	1023	1024	8	0.582252
MGG_01206T0	2843	2844	1665	43.632
MGG_00504T0	3452	3453	640.97	13.8344
MGG_04113T0	1423	1424	1315	68.8235
MGG_08749T0	1821	1822	1	0.0409046
MGG_16768T0	180	181	14	5.76461
MGG_08651T0	4801	4802	1082	16.7929
MGG_04861T0	1003	1004	8785.18	652.135
MGG_00154T0	741	742	426	42.7884
MGG_07890T0	2033	2034	20	0.732824
MGG_02116T0	3349	3350	24	0.533933
MGG_01488T0	786	787	593	56.1566
MGG_17477T0	1247	1248	2	0.119436
MGG_06957T0	852	853	588	51.3747
MGG_00187T0	1146	1147	735	47.7578
MGG_09095T0	1050	1051	1549	109.842
MGG_08430T0	966	967	0	0
MGG_08461T0	1296	1297	355	20.399
MGG_10555T0	885	886	0	0
MGG_06193T0	2501	2502	2983	88.856
MGG_11039T0	3539	3540	3334	70.1913
MGG_03876T0	3193	3194	1291.35	30.1322
MGG_05581T0	693	694	85	9.1281
MGG_06334T0	3581	3582	12973	269.92
MGG_16805T0	1854	1855	173	6.95061
MGG_01827T0	2808	2809	2	0.0530639
MGG_04947T0	1848	1849	2064	83.1943
MGG_00374T0	1353	1354	608	33.4661
MGG_06443T0	771	772	142	13.7086
MGG_09868T0	2047	2048	1115.86	40.6069
MGG_01657T0	3717	3718	1302	26.0989
MGG_16142T0	165	166	15	6.73448
MGG_15498T0	441	442	2	0.337232
MGG_10214T0	891	892	0	0
MGG_13641T0	3025	3026	1671.39	41.1652
MGG_16024T0	249	250	8	2.3849
MGG_12547T0	580	581	0	0
MGG_04338T0	2799	2800	2422.8	64.4883
MGG_07567T0	5032	5033	1617	23.9444
MGG_13622T0	2486	2487	199	5.96346
MGG_00500T0	4494	4495	176.643	2.92878
MGG_07627T0	1550	1551	735.312	35.333
MGG_04151T0	958	959	1670	129.783
MGG_06882T0	2972	2973	399.413	10.0126
MGG_04735T0	444	445	0	0
MGG_06537T0	10466	10467	633	4.50715
MGG_04699T0	3809	3810	221	4.32303
MGG_16359T0	537	538	7.97838	1.10523
MGG_13430T0	623	624	4	0.477745
MGG_06368T0	4440	4441	4882	81.929
MGG_03215T0	1749	1750	3722	158.511
MGG_07143T0	1380	1381	818	44.1449
MGG_07329T0	1920	1921	489	18.9715
MGG_05328T0	2389	2390	1699	52.9805
MGG_00288T0	3198	3199	678	15.7956
MGG_06540T0	1230	1231	245	14.833
MGG_04410T0	3389	3390	683	15.0156
MGG_01890T0	1545	1546	738	35.5769
MGG_07623T0	366	367	14181	2879.79
MGG_16900T0	2132	2133	174.113	6.08359
MGG_05011T0	1755	1756	845	35.8635
MGG_03081T0	1548	1549	0	0
MGG_15389T0	468	469	8	1.27127
MGG_17738T0	315	316	24	5.66037
MGG_16019T0	807	808	0	0
MGG_01682T0	2656	2657	427	11.9772
MGG_10311T0	1483	1484	10	0.502212
MGG_17974T0	249	250	24	7.15471
MGG_01559T0	2255	2256	286	9.44817
MGG_15560T0	354	355	0	0
MGG_00109T0	2661	2662	3806	106.557
MGG_15361T0	393	394	0	0
MGG_11439T0	231	232	306	98.3001
MGG_10859T0	8917	8918	11390.5	95.1911
MGG_07585T0	1248	1249	0	0
MGG_05908T0	1681	1682	3	0.132928
MGG_09061T0	2473	2474	16	0.481993
MGG_01375T0	915	916	0	0
MGG_10562T0	3200	3201	4594	106.961
MGG_01847T0	1521	1522	405.28	19.8454
MGG_08580T0	2513	2514	11213	332.412
MGG_03882T0	2234	2235	1015	33.8461
MGG_00021T0	1305	1306	21	1.19839
MGG_14063T0	390	391	0	0
MGG_01599T0	792	793	922	86.652
MGG_14726T0	1380	1381	0	0
MGG_07099T0	2919	2920	2095	53.4714
MGG_06237T0	1830	1831	220	8.95478
MGG_05048T0	3216	3217	3270	75.7561
MGG_03123T0	3483	3484	187	4.00022
MGG_08922T0	2660	2661	3716	104.076
MGG_01176T0	1556	1557	2526	120.911
MGG_07480T0	1268	1269	2218	130.263
MGG_09614T0	1164	1165	0	0
MGG_08209T0	1435	1436	1501	77.9017
MGG_12408T0	1203	1204	35	2.16652
MGG_09780T0	2432	2433	512.613	15.7025
MGG_10272T0	935	936	3	0.238872
MGG_01601T0	3717	3718	1331	26.6802
MGG_05271T0	1652	1653	1614	72.7698
MGG_10575T0	1594	1595	50808	2374.06
MGG_16226T0	396	397	0	0
MGG_07538T0	720	721	1	0.103368
MGG_07527T0	788	789	573	54.1251
MGG_11652T0	1179	1180	207	13.074
MGG_06383T0	723	724	266	27.3819
MGG_16579T0	3852	3853	8.09032	0.15649
MGG_17638T0	216	217	14.5	4.98
MGG_12467T0	947	948	9497.45	746.654
MGG_03117T0	1116	1117	35.2775	2.35377
MGG_09465T0	812	813	151.118	13.8531
MGG_03892T0	4906	4907	2355.92	35.7821
MGG_17623T0	2617	2618	73	2.07814
MGG_04183T0	2348	2349	13787.5	437.446
MGG_00556T0	312	313	169	40.2405
MGG_08034T0	474	475	16	2.51042
MGG_17922T0	306	307	10	2.42763
MGG_16422T0	180	181	81	33.3524
MGG_15247T0	1320	1321	73	4.11852
MGG_03781T0	746	747	100	9.977
MGG_11462T0	859	860	198	17.1588
MGG_08822T0	1484	1485	2143.78	107.591
MGG_03582T0	2614	2615	1222.56	34.8433
MGG_01166T0	3033	3034	130	3.19336
MGG_17178T0	505	506	5	0.736445
MGG_03674T0	794	795	253	23.7178
MGG_15617T0	731	732	29	2.95262
MGG_01607T0	2388	2389	22968	716.519
MGG_15517T0	1769	1770	4	0.168425
MGG_10217T0	453	454	0	0
MGG_04000T0	2394	2395	218	6.78378
MGG_13928T0	2043	2044	370	13.4909
MGG_02235T0	996	997	0	0
MGG_00983T0	2021	2022	372	13.7114
MGG_05083T0	1260	1261	1106.58	65.4019
MGG_17367T0	168	169	0	0
MGG_08911T0	5408	5409	1600	22.0457
MGG_02118T0	1278	1279	48	2.79699
MGG_09842T0	513	514	28	4.0599
MGG_16680T0	291	292	3	0.765701
MGG_01583T0	2725	2726	1197	32.7257
MGG_11796T0	3328	3329	1957	43.8125
MGG_08799T0	351	352	0	0
MGG_16585T0	458	459	5	0.811854
MGG_00435T0	1797	1798	98	4.06216
MGG_10653T0	1998	1999	4488.26	167.335
MGG_15416T0	633	634	19	2.2335
MGG_05386T0	1035	1036	2	0.143877
MGG_02761T0	1600	1601	806	37.5201
MGG_13799T0	222	223	45	15.0393
MGG_01851T0	1091	1092	77	5.25519
MGG_05463T0	1426	1427	81	4.2304
MGG_07834T0	363	364	0	0
MGG_08789T0	615	616	39	4.71851
MGG_17037T0	228	229	7	2.27815
MGG_06025T0	1423	1424	3039	159.053
MGG_03144T0	4698	4699	1085	17.2086
MGG_07789T0	2262	2263	204.119	6.72232
MGG_10434T0	528	529	0	0
MGG_02328T0	2367	2368	56	1.76249
MGG_10614T0	774	775	20	1.92331
MGG_05002T0	9601	9602	2700	20.9567
MGG_01325T0	1781	1782	3918.74	163.893
MGG_15513T0	519	520	0	0
MGG_00706T0	2364	2365	756	23.8238
MGG_16760T0	426	427	32	5.58525
MGG_01520T0	1971	1972	2382	90.0234
MGG_16880T0	1173	1174	442	28.0592
MGG_17523T0	276	277	0	0
MGG_08188T0	324	325	3	0.687953
MGG_00577T0	1960	1961	108	4.10456
MGG_07727T0	1231	1232	2095	126.734
MGG_06247T0	2385	2386	1933	60.3785
MGG_11707T0	1302	1303	1048	59.9429
MGG_06058T0	3153	3154	372.097	8.79255
MGG_14301T0	393	394	51	9.64705
MGG_16305T0	707	708	53	5.57909
MGG_12580T0	3113	3114	5379	128.737
MGG_11750T0	1660	1661	8230	369.276
MGG_05685T0	1353	1354	718	39.5209
MGG_04816T0	2151	2152	238.217	8.24996
MGG_14679T0	1714	1715	160	6.95307
MGG_07530T0	1843	1844	239	9.65957
MGG_02967T0	1781	1782	219.848	9.19468
MGG_13110T0	2175	2176	2	0.0685002
MGG_04282T0	699	700	0	0
MGG_08277T0	546	547	55	7.4937
MGG_01348T0	5459	5460	2153.23	29.3913
MGG_16330T0	162	163	5	2.28614
MGG_15795T0	2145	2146	861.456	29.9174
MGG_06296T0	986	987	957.404	72.2934
MGG_03298T0	1808	1809	1658	68.3072
MGG_07621T0	444	445	12	2.00975
MGG_08052T0	2432	2433	129	3.95156
MGG_00369T0	1807	1808	505	20.8168
MGG_09828T0	2580	2581	262	7.56544
MGG_18015T0	564	565	5	0.659542
MGG_05310T0	1761	1762	1678	70.9752
MGG_01995T0	1715	1716	16500	716.617
MGG_16658T0	348	349	0	0
MGG_07078T0	1745	1746	295.066	12.5949
MGG_06065T0	2632	2633	8241	233.265
MGG_15312T0	357	358	104	21.6507
MGG_08378T0	1605	1606	13	0.603279
MGG_17740T0	375	376	45.989	9.11564
MGG_11519T0	1468	1469	5107	259.098
MGG_01336T0	1677	1678	254	11.2814
MGG_05593T0	768	769	9	0.872242
MGG_07349T0	735	736	47	4.75927
MGG_11130T0	3117	3118	1337.77	31.9762
MGG_02154T0	327	328	0	0
MGG_09598T0	1725	1726	4	0.172719
MGG_05987T0	612	613	346	42.0665
MGG_10764T0	909	910	390	31.9407
MGG_01107T0	1458	1459	1189	60.7362
MGG_15844T0	153	154	3	1.45185
MGG_15636T0	3796	3797	106	2.08059
MGG_00017T0	3414	3415	0	0
MGG_10713T0	1042	1043	967	69.0976
MGG_06020T0	2258	2259	768.436	25.352
MGG_04880T0	1332	1333	62	3.46643
MGG_01570T0	4942	4943	5073	76.4883
MGG_16799T0	222	223	0	0
MGG_08044T0	1679	1680	135	5.98887
MGG_16428T0	1004	1005	21	1.55731
MGG_00774T0	1003	1004	379	28.1337
MGG_09436T0	600	601	71	8.8045
MGG_09534T0	992	993	580.02	43.5326
MGG_01776T0	3484	3485	1690	36.1414
MGG_01688T0	2090	2091	3131	111.596
MGG_01260T0	2691	2692	3607	99.8601
MGG_05244T0	7669	7670	3087	29.9959
MGG_10571T0	1777	1778	13170	552.045
MGG_01051T0	1433	1434	232	12.0576
MGG_07121T0	2073	2074	330	11.8584
MGG_07535T0	3309	3310	2187	49.2427
MGG_12230T0	713	714	39	4.07087
MGG_16711T0	3630	3631	6623	135.941
MGG_16168T0	1275	1276	0	0
MGG_16645T0	210	211	8	2.82571
MGG_08058T0	1014	1015	44	3.23078
MGG_01612T0	2219	2220	347.902	11.6795
MGG_10443T0	2313	2314	510	16.4258
MGG_01777T0	4248	4249	1223	21.4516
MGG_07085T0	705	706	651	68.7222
MGG_09027T0	2803	2804	512.8	13.6298
MGG_17280T0	1731	1732	778	33.4775
MGG_17203T0	491	492	0	0
MGG_01713T0	1140	1141	611	39.9095
MGG_06190T0	2426	2427	357	10.9627
MGG_02580T0	1575	1576	816	38.5882
MGG_12770T0	3077	3078	32.0728	0.776585
MGG_13543T0	1278	1279	102	5.94361
MGG_08979T0	2919	2920	7	0.178664
MGG_03934T0	975	976	100	7.63609
MGG_00436T0	2034	2035	544	19.923
MGG_06100T0	5526	5527	571.797	7.71033
MGG_07376T0	414	415	2	0.359172
MGG_04148T0	1840	1841	4152.48	168.103
MGG_07189T0	975	976	2150	164.176
MGG_04202T0	890	891	321	26.8502
MGG_04137T0	1787	1788	9932.62	414.016
MGG_00980T0	828	829	159	14.2943
MGG_15850T0	716	717	608	63.1983
MGG_06911T0	1483	1484	872.11	43.7984
MGG_01719T0	1417	1418	8798.13	462.418
MGG_17749T0	177	178	0	0
MGG_16875T0	690	691	73	7.87346
MGG_04969T0	1948	1949	3331	127.375
MGG_05565T0	1135	1136	80	5.24847
MGG_03321T0	1539	1540	645	31.2147
MGG_03454T0	1547	1548	23	1.10733
MGG_00851T0	3228	3229	1196	27.6047
MGG_02670T0	5292	5293	63	0.887073
MGG_06629T0	1582	1583	1371	64.5472
MGG_07056T0	624	625	1719	204.982
MGG_01986T0	999	1000	327	24.3707
MGG_11567T0	1502	1503	968	47.9995
MGG_02433T0	782	783	345.692	32.9039
MGG_09069T0	1776	1777	2.00053	0.0839033
MGG_17588T0	1575	1576	3	0.141868
MGG_01062T0	1477	1478	18604	938.107
MGG_05863T0	1062	1063	138	9.67535
MGG_16009T0	280	281	0	0
MGG_06740T0	1764	1765	0	0
MGG_15124T0	1534	1535	0	0
MGG_15008T0	1121	1122	618	41.0503
MGG_04215T0	3442	3443	160.157	3.46681
MGG_00415T0	1305	1306	3	0.171198
MGG_09348T0	930	931	1882	150.657
MGG_10637T0	1471	1472	1970	99.7422
MGG_17214T0	2016	2017	5.99835	0.221639
MGG_10014T0	1314	1315	2	0.113351
MGG_07171T0	5032	5033	20665	306.005
MGG_14924T0	771	772	28	2.7031
MGG_00417T0	2507	2508	219	6.50785
MGG_06084T0	2999	3000	380	9.44024
MGG_10825T0	1178	1179	1610.34	101.795
MGG_03227T0	548	549	5293	718.539
MGG_09820T0	2396	2397	38	1.18151
MGG_05539T0	1650	1651	0	0
MGG_01848T0	1822	1823	114.72	4.69002
MGG_12462T0	1583	1584	676.163	31.8139
MGG_01723T0	2203	2204	7474	252.733
MGG_07080T0	1418	1419	1223.93	64.2829
MGG_08410T0	1527	1528	3	0.146325
MGG_15869T0	452	453	62.0215	10.2039
MGG_16641T0	204	205	5	1.81776
MGG_15620T0	252	253	0	0
MGG_11805T0	1533	1534	5055	245.593
MGG_06823T0	1509	1510	70	3.45495
MGG_09601T0	2004	2005	30	1.11514
MGG_17881T0	640	641	4	0.465075
MGG_14540T0	1109	1110	82	5.50569
MGG_00963T0	3344	3345	55	1.22543
MGG_15256T0	1117	1118	0	0
MGG_08857T0	1722	1723	382	16.5234
MGG_02832T0	2624	2625	1205	34.212
MGG_06070T0	3488	3489	3684	78.6936
MGG_04459T0	4709	4710	411	6.50342
MGG_02714T0	1024	1025	349	25.3759
MGG_16857T0	252	253	1	0.294578
MGG_00441T0	612	613	3	0.364738
MGG_17735T0	207	208	0	0
MGG_08675T0	697	698	6	0.640644
MGG_04175T0	1744	1745	123.015	5.25392
MGG_08256T0	1364	1365	8813	481.185
MGG_10747T0	969	970	9.09073	0.69847
MGG_07466T0	2021	2022	5362.8	197.666
MGG_01918T0	1587	1588	259	12.1554
MGG_15379T0	701	702	17	1.80481
MGG_09208T0	4624	4625	6005	96.7658
MGG_09600T0	2058	2059	30	1.08589
MGG_16270T0	291	292	0	0
MGG_03218T0	1742	1743	12785	546.668
MGG_00715T0	617	618	4036	486.725
MGG_05261T0	2398	2399	773	24.0143
MGG_06615T0	1685	1686	10.167	0.449422
MGG_17228T0	186	187	0	0
MGG_01144T0	1209	1210	896	55.1878
MGG_01154T0	1703	1704	1398.59	61.1705
MGG_05456T0	960	961	3091	239.716
MGG_05139T0	1431	1432	136	7.0781
MGG_00561T0	1126	1127	23	1.52098
MGG_04042T0	3639	3640	288	5.89674
MGG_06425T0	2805	2806	791	21.0092
MGG_04177T0	6583	6584	819	9.27075
MGG_01875T0	951	952	19	1.48743
MGG_05107T0	2205	2206	304	10.2704
MGG_03439T0	1330	1331	621	34.7724
MGG_10155T0	609	610	9	1.0996
MGG_11223T0	1510	1511	17	0.838504
MGG_03906T0	3885	3886	673	12.9072
MGG_08084T0	5037	5038	20378	301.456
MGG_16218T0	159	160	0	0
MGG_06011T0	1385	1386	4672	251.224
MGG_17362T0	225	226	0	0
MGG_09473T0	885	886	40	3.3647
MGG_01950T0	1560	1561	1	0.0477439
MGG_06511T0	1724	1725	6231	269.209
MGG_01053T0	1024	1025	48	3.4901
MGG_05896T0	309	310	5	1.20207
MGG_08097T0	2921	2922	14619	372.871
MGG_00629T0	336	337	10	2.21152
MGG_10613T0	1244	1245	19	1.13738
MGG_18007T0	378	379	103	20.2544
MGG_15895T0	1478	1479	3910.81	197.069
MGG_15390T0	1404	1405	0	0
MGG_18014T0	201	202	3	1.10685
MGG_08855T0	5409	5410	623	8.58245
MGG_08786T0	1840	1841	28	1.13351
MGG_09235T0	2633	2634	2732	77.3011
MGG_08457T0	3593	3594	28100	582.705
MGG_14198T0	1185	1186	4	0.25136
MGG_09213T0	2910	2911	1450.15	37.1272
MGG_01220T0	2487	2488	219.466	6.57411
MGG_01824T0	4016	4017	1872	34.7316
MGG_00071T0	1309	1310	2	0.113784
MGG_06113T0	1300	1301	61	3.49441
MGG_03715T0	1349	1350	2240	123.662
MGG_02820T0	1016	1017	816	59.7984
MGG_03263T0	2185	2186	232	7.90967
MGG_15220T0	279	280	0	0
MGG_06342T0	3885	3886	2807	53.8345
MGG_09522T0	3647	3648	164	3.3505
MGG_17763T0	171	172	0	0
MGG_12831T0	1840	1841	711	28.783
MGG_02986T0	5892	5893	171.723	2.17177
MGG_01963T0	1024	1025	1	0.0727105
MGG_10020T0	399	400	0	0
MGG_12337T0	1230	1231	1368	82.8226
MGG_10423T0	1815	1816	245	10.0547
MGG_04817T0	2232	2233	359.783	12.008
MGG_09106T0	483	484	2	0.307968
MGG_16490T0	765	766	192	18.6807
MGG_00814T0	984	985	1792	135.588
MGG_17848T0	1200	1201	562.753	34.9217
MGG_08169T0	2029	2030	1502	55.1435
MGG_02284T0	1233	1234	251	15.1593
MGG_08528T0	1760	1761	0	0
MGG_15733T0	264	265	0	0
MGG_13241T0	1172	1173	24	1.52487
MGG_03036T0	1676	1677	65.2268	2.89877
MGG_06751T0	1528	1529	12373	603.098
MGG_03124T0	1629	1630	47	2.14897
MGG_07129T0	3465	3466	861	18.5138
MGG_16409T0	1182	1183	570.174	35.9206
MGG_07019T0	2192	2193	215	7.30669
MGG_04144T0	5054	5055	8180	120.602
MGG_05400T0	906	907	0	0
MGG_08161T0	2660	2661	13273.1	371.748
MGG_08207T0	3139	3140	328	7.78511
MGG_14928T0	1710	1711	82.6564	3.60037
MGG_13866T0	1539	1540	0	0
MGG_17000T0	1735	1736	7429	318.934
MGG_15770T0	799	800	3	0.279481
MGG_10931T0	1021	1022	101	7.36531
MGG_06486T0	813	814	179	16.3889
MGG_14639T0	1437	1438	386	20.0055
MGG_02977T0	1809	1810	312	12.8469
MGG_16953T0	669	670	55	6.11799
MGG_15691T0	216	217	0	0
MGG_17754T0	162	163	0	0
MGG_04505T0	2022	2023	261.289	9.626
MGG_07518T0	3495	3496	6451	137.523
MGG_00631T0	2994	2995	478	11.8947
MGG_07048T0	1225	1226	5242	318.66
MGG_03433T0	1594	1595	5	0.233631
MGG_01058T0	2024	2025	5059	186.192
MGG_09751T0	1134	1135	43	2.82354
MGG_08493T0	2400	2401	0	0
MGG_17255T0	357	358	0	0
MGG_05028T0	1574	1575	62	2.93381
MGG_16457T0	3267	3268	2062	47.0248
MGG_15654T0	1451	1452	628	32.234
MGG_04554T0	2070	2071	3	0.10796
MGG_14590T0	1472	1473	412	20.8456
MGG_15599T0	2018	2019	760	28.0542
MGG_12022T0	1467	1468	0	0
MGG_12348T0	381	382	25	4.8775
MGG_05504T0	306	307	0	0
MGG_06545T0	3128	3129	190.8	4.54457
MGG_07842T0	1922	1923	351	13.6034
MGG_16113T0	366	367	0	0
MGG_04872T0	3773	3774	4979.28	98.3299
MGG_17987T0	249	250	24	7.15471
MGG_03529T0	2443	2444	53	1.6162
MGG_01395T0	1023	1024	33	2.40179
MGG_08451T0	333	334	7	1.56197
MGG_17989T0	1158	1159	1405	90.347
MGG_08532T0	411	412	3	0.542681
MGG_13538T0	1665	1666	37	1.65519
MGG_06105T0	1167	1168	577.472	36.8476
MGG_08278T0	1920	1921	1589	61.6478
MGG_12805T0	2588	2589	5096.23	146.703
MGG_05552T0	1072	1073	44	3.05614
MGG_11895T0	3858	3859	1925	37.1772
MGG_17567T0	189	190	0	0
MGG_17940T0	327	328	2	0.45444
MGG_17449T0	3789	3790	5399	106.168
MGG_15114T0	2149	2150	0	0
MGG_08174T0	1420	1421	179	9.38814
MGG_09645T0	6381	6382	0	0
MGG_13085T0	363	364	0	0
MGG_10716T0	1162	1163	57.7319	3.69962
MGG_07713T0	819	820	17	1.5451
MGG_15409T0	835	836	0	0
MGG_04551T0	1287	1288	3491	202.002
MGG_04199T0	2996	2997	1239.69	30.8282
MGG_16152T0	396	397	8	1.50183
MGG_03587T0	2042	2043	1556	56.7626
MGG_08198T0	3996	3997	1279	23.8483
MGG_18004T0	852	853	32	2.7959
MGG_04048T0	1589	1590	18	0.843716
MGG_02637T0	1228	1229	143	8.67171
MGG_09913T0	1867	1868	2000	79.7947
MGG_16079T0	186	187	0	0
MGG_01435T0	3115	3116	45	1.07631
MGG_16290T0	270	271	1	0.275012
MGG_09628T0	900	901	0	0
MGG_06871T0	2230	2231	910.257	30.4078
MGG_08185T0	2655	2656	306	8.58646
MGG_16837T0	156	157	1	0.474702
MGG_10956T0	1139	1140	27	1.76514
MGG_17650T0	165	166	0	0
MGG_00448T0	2304	2305	520	16.8133
MGG_01728T0	1896	1897	935	36.7337
MGG_18105T0	372	373	1	0.199808
MGG_01414T0	4528	4529	441	7.257
MGG_11758T0	6947	6948	115	1.23356
MGG_09956T0	3458	3459	2481	53.4561
MGG_14293T0	1459	1460	1702.18	86.8906
MGG_12321T0	4125	4126	437	7.89356
MGG_16148T0	1237	1238	263	15.8327
MGG_02774T0	2493	2494	1237	36.9653
MGG_07580T0	1761	1762	2	0.084595
MGG_08592T0	582	583	749	95.7489
MGG_03867T0	996	997	37	2.76584
MGG_05664T0	4886	4887	3489	53.2083
MGG_07846T0	1543	1544	0	0
MGG_02949T0	3782	3783	3782	74.5085
MGG_05133T0	3320	3321	4136	92.818
MGG_10939T0	453	454	1	0.164159
MGG_04617T0	5721	5722	2267	29.5273
MGG_00254T0	1609	1610	33073	1530.98
MGG_07200T0	3359	3360	58363	1294.55
MGG_07958T0	1458	1459	13	0.664062
MGG_08236T0	7851	7852	0	0
MGG_05330T0	407	408	26.4126	4.82472
MGG_15754T0	225	226	0	0
MGG_15537T0	3875	3876	3227	62.0492
MGG_14326T0	800	801	9	0.837396
MGG_01796T0	1167	1168	11	0.701892
MGG_09696T0	4254	4255	2533.95	44.3833
MGG_16672T0	243	244	0	0
MGG_04633T0	3555	3556	8	0.167668
MGG_06696T0	8818	8819	3965.49	33.5119
MGG_10478T0	528	529	0	0
MGG_00635T0	3636	3637	5220	106.967
MGG_00491T0	1477	1478	1268	63.939
MGG_08128T0	2992	2993	2019	50.2748
MGG_04467T0	1484	1485	10334.5	518.66
MGG_03197T0	1953	1954	904	34.4798
MGG_00630T0	3839	3840	101	1.96025
MGG_01725T0	1783	1784	3499	146.174
MGG_04738T0	1213	1214	10	0.613906
MGG_08492T0	1551	1552	0	0
MGG_06847T0	1955	1956	1632	62.183
MGG_16140T0	198	199	0	0
MGG_14854T0	732	733	785	79.8153
MGG_14598T0	2160	2161	26	0.896684
MGG_10558T0	2479	2480	4	0.120207
MGG_00789T0	963	964	13759	1063.73
MGG_00846T0	1380	1381	366	19.7519
MGG_01099T0	1327	1328	1662	93.2725
MGG_00119T0	1077	1078	5537	382.804
MGG_06901T0	2155	2156	3186	110.133
MGG_16938T0	594	595	0	0
MGG_06865T0	450	451	10	1.65251
MGG_14422T0	225	226	0	0
MGG_04983T0	1192	1193	0	0
MGG_04594T0	1554	1555	2029	97.2461
MGG_03646T0	3409	3410	4841	105.804
MGG_16223T0	940	941	84	6.65289
MGG_10244T0	647	648	1	0.115013
MGG_03025T0	900	901	26	2.15065
MGG_12275T0	1945	1946	4004	153.346
MGG_05158T0	1842	1843	136	5.49964
MGG_02941T0	2696	2697	2179	60.2139
MGG_15849T0	246	247	6	1.8104
MGG_16342T0	327	328	60	13.6332
MGG_16367T0	180	181	0	0
MGG_01892T0	2198	2199	492.041	16.6762
MGG_00721T0	1212	1213	190	11.6738
MGG_01002T0	1281	1282	806	46.8563
MGG_04094T0	849	850	0	0
MGG_06124T0	6483	6484	578	6.64363
MGG_06918T0	1544	1545	12742	614.653
MGG_03397T0	1684	1685	461	20.3902
MGG_13933T0	1173	1174	12.807	0.813015
MGG_05929T0	2667	2668	5873	164.057
MGG_16965T0	1492	1493	32	1.59739
MGG_15614T0	345	346	0	0
MGG_15699T0	329	330	9	2.03259
MGG_17502T0	573	574	2.19737	0.285306
MGG_16173T0	615	616	0	0
MGG_00679T0	1971	1972	1294.66	48.9294
MGG_07238T0	2115	2116	215	7.57257
MGG_12501T0	1469	1470	1	0.0506995
MGG_10523T0	2792	2793	582	15.53
MGG_09461T0	2996	2997	306	7.60949
MGG_05060T0	2879	2880	56	1.44916
MGG_05824T0	1594	1595	57	2.66339
MGG_01614T0	2370	2371	1307	41.0832
MGG_16131T0	1877	1878	36	1.42866
MGG_05210T0	1233	1234	2165	130.757
MGG_10446T0	1857	1858	556	22.3023
MGG_13509T0	813	814	300	27.4674
MGG_01636T0	3654	3655	3286	67.004
MGG_14995T0	1353	1354	19	1.04582
MGG_00317T0	1637	1638	3937	179.132
MGG_03878T0	3235	3236	185	4.26073
MGG_09976T0	1983	1984	46	1.72797
MGG_17358T0	599	600	4.10149	0.509461
MGG_17764T0	2438	2439	2429.27	74.231
MGG_14279T0	1632	1633	117776	5375.16
MGG_07053T0	2067	2068	468	16.8662
MGG_09884T0	3194	3195	7870.71	183.596
MGG_16669T0	3333	3334	1011	22.5999
MGG_15070T0	2393	2394	280	8.71675
MGG_14426T0	799	800	1	0.0931603
MGG_12601T0	1728	1729	3021	130.22
MGG_03810T0	12768	12769	0	0
MGG_02780T0	2782	2783	483	12.9346
MGG_07026T0	1971	1972	2301	86.9622
MGG_04856T0	1964	1965	7796	295.685
MGG_13530T0	2551	2552	3338	97.4824
MGG_02663T0	2321	2322	1540	49.4287
MGG_06315T0	3296	3297	1719.61	38.8714
MGG_06980T0	1983	1984	510	19.158
MGG_15442T0	786	787	0	0
MGG_05892T0	2597	2598	524.512	15.0466
MGG_02029T0	1827	1828	0	0
MGG_09289T0	1446	1447	2032	104.659
MGG_05229T0	3113	3114	640	15.3173
MGG_09137T0	963	964	0	0
MGG_11142T0	1240	1241	194.546	11.6834
MGG_06133T0	1536	1537	10622.8	515.093
MGG_04006T0	4044	4045	223	4.10872
MGG_05874T0	2457	2458	421	12.765
MGG_07411T0	951	952	4	0.313144
MGG_17583T0	162	163	0	0
MGG_12767T0	3362	3363	11256	249.447
MGG_03603T0	2440	2441	413.009	12.6099
MGG_10200T0	2577	2578	603	17.4323
MGG_12742T0	2946	2947	50.2585	1.27101
MGG_02773T0	2397	2398	2024	62.9045
MGG_01826T0	1430	1431	415.228	21.6256
MGG_09941T0	4860	4861	892	13.676
MGG_02327T0	960	961	64	4.96338
MGG_09595T0	495	496	0	0
MGG_02788T0	2386	2387	915	28.5686
MGG_00300T0	1548	1549	5	0.240569
MGG_01276T0	1002	1003	0	0
MGG_00083T0	910	911	36	2.94513
MGG_17975T0	1493	1494	10914	544.445
MGG_00530T0	2209	2210	1047.94	35.3398
MGG_06955T0	2458	2459	273	8.27418
MGG_07681T0	2901	2902	4714	121.063
MGG_09841T0	1406	1407	612	32.4174
MGG_02882T0	2591	2592	742	21.3349
MGG_02462T0	869	870	1072.76	91.8973
MGG_09494T0	1406	1407	271.039	14.3568
MGG_09552T0	2993	2994	3110.02	77.4163
MGG_04365T0	1974	1975	1698	64.0754
MGG_08880T0	2376	2377	9535	298.959
MGG_17935T0	2495	2496	26	0.776336
MGG_03006T0	1435	1436	1982.62	102.897
MGG_02534T0	1875	1876	204	8.10435
MGG_12835T0	747	748	9	0.89673
MGG_03772T0	2061	2062	0	0
MGG_12521T0	1139	1140	26155	1709.9
MGG_08906T0	588	589	748	94.647
MGG_10213T0	1014	1015	0	0
MGG_05989T0	2337	2338	1500	47.8154
MGG_04787T0	915	916	4203	341.967
MGG_14982T0	309	310	0	0
MGG_08065T0	2379	2380	2190	68.5785
MGG_15047T0	1704	1705	0	0
MGG_11337T0	918	919	1133	91.883
MGG_14371T0	663	664	348	39.06
MGG_14046T0	435	436	0	0
MGG_10324T0	1662	1663	2031	91.0203
MGG_05325T0	2967	2968	1068.94	26.8418
MGG_09005T0	2563	2564	735.382	21.3755
MGG_17488T0	231	232	14	4.49739
MGG_16887T0	4324	4325	2191	37.7552
MGG_02345T0	534	535	0	0
MGG_10958T0	4894	4895	1587	24.1627
MGG_03794T0	999	1000	0	0
MGG_14009T0	1982	1983	1390	52.2412
MGG_00026T0	1218	1219	0	0
MGG_08098T0	2033	2034	1559	57.1236
MGG_10254T0	1230	1231	211	12.7745
MGG_06898T0	2428	2429	2312	70.9383
MGG_12821T0	3710	3711	3108	62.4181
MGG_06758T0	1782	1783	1881	78.6245
MGG_15995T0	1557	1558	0	0
MGG_14640T0	1702	1703	239	10.4593
MGG_07084T0	1500	1501	1300	64.5481
MGG_17103T0	1358	1359	43509.9	2386.11
MGG_07341T0	1029	1030	3490	252.528
MGG_17773T0	351	352	0	0
MGG_03088T0	2571	2572	469	13.5901
MGG_00812T0	1134	1135	568.494	37.3294
MGG_08654T0	2560	2561	791	23.0191
MGG_04025T1	1563	1564	15.1841	0.723556
MGG_04025T0	1354	1355	126.816	6.97518
MGG_07190T0	3180	3181	10678.7	250.194
MGG_15651T0	306	307	0	0
MGG_17094T0	279	280	10	2.66172
MGG_05931T0	2084	2085	1597.61	57.1066
MGG_10426T0	4455	4456	1667	27.8812
MGG_12853T0	1379	1380	2292	123.782
MGG_04095T0	1470	1471	2911	147.486
MGG_10852T0	2065	2066	2045	73.7707
MGG_08778T0	1336	1337	501	27.9272
MGG_05951T0	2163	2164	1774	61.0966
MGG_06183T0	1883	1884	5707	225.76
MGG_14823T0	2519	2520	369	10.9131
MGG_00986T0	1589	1590	895	41.9514
MGG_14674T0	1725	1726	175	7.55645
MGG_03935T0	1158	1159	198	12.7322
MGG_07679T0	1863	1864	0	0
MGG_17160T0	282	283	7	1.84345
MGG_00915T0	2741	2742	1407	38.2426
MGG_07290T0	1308	1309	40	2.27741
MGG_08144T0	1633	1634	3677	167.711
MGG_08102T0	895	896	115	9.56556
MGG_03756T0	932	933	135.721	10.8414
MGG_15434T0	363	364	0	0
MGG_02549T0	1017	1018	232	16.9848
MGG_17131T0	222	223	0	0
MGG_07697T0	642	643	0	0
MGG_07630T0	354	355	26	5.4584
MGG_10320T0	2610	2611	8089	230.892
MGG_04445T0	3113	3114	1818	43.5107
MGG_17002T0	1778	1779	98	4.10555
MGG_15802T0	180	181	0	0
MGG_10184T0	4212	4213	554.542	9.80988
MGG_17612T0	743	744	144.265	14.4514
MGG_10054T0	2554	2555	512.704	14.9554
MGG_11636T0	4950	4951	528	7.94807
MGG_11469T0	1062	1063	788	55.2476
MGG_09953T0	1410	1411	482	25.459
MGG_13215T0	1643	1644	69	3.12801
MGG_15924T0	306	307	0	0
MGG_15838T0	1001	1002	11	0.818174
MGG_00164T0	3157	3158	4324	102.046
MGG_08779T0	999	1000	15	1.11792
MGG_15955T0	246	247	1	0.301734
MGG_02705T0	4519	4520	720.664	11.8827
MGG_08735T0	2886	2887	4345	112.167
MGG_08768T0	1433	1434	1068	55.5064
MGG_03591T0	2389	2390	309	9.63566
MGG_06095T0	1230	1231	1610	97.4739
MGG_09804T0	1191	1192	47	2.93861
MGG_04923T0	6380	6381	1578	18.4306
MGG_17321T0	341	342	0	0
MGG_16394T0	933	934	30	2.39384
MGG_08480T0	876	877	105	8.92299
MGG_08659T0	462	463	0	0
MGG_03287T0	2116	2117	48	1.68982
MGG_00695T0	3548	3549	126.927	2.66544
MGG_09499T0	2902	2903	8167	209.67
MGG_03593T0	1553	1554	72	3.45304
MGG_11491T0	4755	4756	4092	64.1231
MGG_04352T0	1092	1093	1335	91.0294
MGG_06388T0	5621	5622	3076	40.7771
MGG_13253T0	2359	2360	522	16.4846
MGG_10955T0	4988	4989	210	3.13709
MGG_05525T0	2194	2195	21497.1	729.905
MGG_05578T0	1943	1944	407	15.6034
MGG_03686T0	2694	2695	81	2.23999
MGG_17132T0	544	545	31	4.23922
MGG_01017T0	5000	5001	100	1.49027
MGG_07775T0	642	643	22	2.54995
MGG_05688T0	1580	1581	51.2789	2.41728
MGG_07366T0	1665	1666	0	0
MGG_15245T0	1478	1479	2694	135.753
MGG_18109T0	189	190	0	0
MGG_14713T0	3078	3079	879	21.2765
MGG_03104T0	1703	1704	46	2.01191
MGG_16114T0	1332	1333	15.0069	0.83904
MGG_09236T0	3964	3965	2088	39.2471
MGG_17742T0	204	205	15	5.45328
MGG_07058T0	1413	1414	435.388	22.9482
MGG_18034T0	625	626	9	1.07149
MGG_12538T0	4519	4520	282	4.64977
MGG_02748T0	4224	4225	1092	19.2627
MGG_00449T0	2721	2722	8306	227.418
MGG_10499T0	1394	1395	26.5027	1.41591
MGG_02488T0	2835	2836	2063	54.2143
MGG_15259T0	783	784	555	52.7591
MGG_17723T0	703	704	6	0.635184
MGG_09372T0	1910	1911	836	32.6037
MGG_05484T0	4115	4116	2292.9	41.5174
MGG_17265T0	153	154	5325	2577.03
MGG_01424T0	1961	1962	937	35.5927
MGG_16196T0	2549	2550	688	20.108
MGG_04773T0	2509	2510	4326	128.45
MGG_08079T0	887	888	984.032	82.588
MGG_01730T0	4061	4062	1969	36.1266
MGG_07295T0	1487	1488	535	26.7961
MGG_18030T0	581	582	1751.72	224.317
MGG_14269T0	1292	1293	186	10.721
MGG_16445T0	2639	2640	2495	70.4348
MGG_15988T0	4463	4464	10685	178.39
MGG_03008T0	3959	3960	2018	37.9793
MGG_15739T0	873	874	7877	671.692
MGG_15492T0	1738	1739	80.0071	3.42886
MGG_00018T0	2408	2409	7	0.216562
MGG_04257T0	1881	1882	10	0.396005
MGG_17731T0	751	752	16	1.58571
MGG_04606T0	4286	4287	479.704	8.33952
MGG_03005T0	2145	2146	346	12.0162
MGG_16416T0	550	551	1	0.13526
MGG_12469T0	762	763	62.5568	6.11042
MGG_09705T0	1502	1503	44	2.1818
MGG_00488T0	1335	1336	3674	204.953
MGG_00336T0	2232	2233	2386.25	79.6431
MGG_17056T0	297	298	4	1.00038
MGG_15398T0	798	799	0	0
MGG_10239T0	1486	1487	1198	60.0436
MGG_10257T0	1332	1333	18	1.00638
MGG_01389T0	2323	2324	864	27.7076
MGG_08432T0	297	298	0	0
MGG_03222T0	5908	5909	429.81	5.42104
MGG_02691T0	2535	2536	2802	82.3454
MGG_13777T0	849	850	68	5.96226
MGG_03518T0	2621	2622	850	24.1606
MGG_09171T0	1152	1153	175	11.3117
MGG_16117T0	216	217	22	7.55586
MGG_07645T0	1455	1456	33	1.68917
MGG_08540T0	2016	2017	0	0
MGG_02204T0	2073	2074	4	0.143738
MGG_01987T0	3170	3171	2355	55.3497
MGG_07684T0	855	856	11	0.957722
MGG_08899T0	819	820	57	5.18062
MGG_06136T0	1413	1414	1368	72.1037
MGG_02546T0	444	445	0	0
MGG_17601T0	360	361	1	0.206449
MGG_12009T0	3374	3375	4341	95.8598
MGG_07232T0	1613	1614	3462.84	159.901
MGG_05007T0	1995	1996	832	31.0659
MGG_04853T0	3275	3276	8833	200.949
MGG_04680T0	2122	2123	1906	66.9104
MGG_16926T0	1448	1449	11	0.565777
MGG_05259T0	3008	3009	2111	52.2862
MGG_12956T0	5288	5289	3048.62	42.9586
MGG_07815T0	918	919	164	13.2999
MGG_08898T0	3837	3838	4575	88.8396
MGG_07301T0	1239	1240	1844	110.831
MGG_09806T0	1801	1802	125	5.16983
MGG_09070T0	1274	1275	10	0.584535
MGG_15611T0	228	229	0	0
MGG_15252T0	399	400	2	0.372641
MGG_14558T0	7290	7291	3223	32.9453
MGG_07532T0	3856	3857	315	6.0867
MGG_14014T0	3372	3373	2163.11	47.795
MGG_05277T0	2356	2357	250.583	7.92342
MGG_12611T0	2160	2161	63	2.17273
MGG_00863T0	2841	2842	33	0.865387
MGG_02242T0	2292	2293	328	10.6608
MGG_07790T0	1621	1622	593	27.2474
MGG_03262T0	2538	2539	379	11.1249
MGG_05846T0	807	808	5	0.461189
MGG_17029T0	192	193	17	6.56466
MGG_03045T0	1223	1224	2578	156.972
MGG_15045T0	735	736	0	0
MGG_12096T0	558	559	14	1.86654
MGG_02794T0	1824	1825	1538	62.8079
MGG_15822T0	905	906	26	2.13878
MGG_04919T0	1342	1343	2291.12	127.143
MGG_08370T0	2311	2312	15839	510.576
MGG_11336T0	1526	1527	770	37.5814
MGG_02210T0	1788	1789	2	0.0833183
MGG_00084T0	1662	1663	52	2.33041
MGG_02437T0	2362	2363	1347.8	42.5093
MGG_02351T0	15858	15859	15	0.0704914
MGG_03516T0	4677	4678	9302	148.196
MGG_17378T0	570	571	146	19.0563
MGG_17281T0	279	280	28	7.45282
MGG_10252T0	1916	1917	7543	293.253
MGG_06068T0	1269	1270	1206	70.7725
MGG_09311T0	3387	3388	1700.85	37.4148
MGG_16879T0	222	223	2	0.668414
MGG_02756T0	828	829	42	3.77586
MGG_05668T0	758	759	1987	195.109
MGG_09810T0	720	721	0	0
MGG_15020T0	1665	1666	627	28.0487
MGG_15006T0	1752	1753	1458.58	62.0112
MGG_03667T0	3149	3150	3667	86.7603
MGG_02400T0	1486	1487	1602	80.292
MGG_09490T0	1701	1702	0	0
MGG_17487T0	399	400	0	0
MGG_11615T0	1161	1162	52	3.33517
MGG_03517T0	2615	2616	3327	94.7842
MGG_01074T0	4748	4749	1054	16.5409
MGG_04362T0	1259	1260	5431	321.24
MGG_05732T0	1576	1577	1174	55.4826
MGG_05503T0	1380	1381	984	53.1034
MGG_13200T0	1849	1850	7431	299.362
MGG_07035T0	2199	2200	3698	125.275
MGG_02818T0	2187	2188	85	2.89529
MGG_06654T0	1611	1612	1793	82.8965
MGG_10287T0	1700	1701	2	0.0876287
MGG_17413T0	468	469	0	0
MGG_00559T0	1427	1428	500	26.0953
MGG_14601T0	1314	1315	289	16.3792
MGG_06206T0	630	631	20	2.36223
MGG_01115T0	4754	4755	963.297	15.0984
MGG_02402T0	246	247	163	49.1826
MGG_08949T0	1794	1795	102	4.23503
MGG_06216T0	2268	2269	125	4.10579
MGG_16831T0	988	989	18	1.35643
MGG_05026T0	797	798	3599	336.124
MGG_00138T0	3100	3101	2429	58.3776
MGG_02445T0	899	900	35	2.89832
MGG_17038T0	836	837	469	41.7607
MGG_08984T0	3027	3028	208	5.11951
MGG_09836T0	957	958	3	0.233387
MGG_17554T0	576	577	0	0
MGG_17830T0	1371	1372	945	51.3332
MGG_05217T0	2884	2885	1665.44	43.0234
MGG_05450T0	1356	1357	1401	76.9447
MGG_01671T0	2111	2112	4320.56	152.464
MGG_07154T0	1215	1216	347	21.2675
MGG_00379T0	1164	1165	113	7.22892
MGG_16910T0	177	178	6	2.51219
MGG_08926T0	996	997	242	18.0901
MGG_05407T0	426	427	0	0
MGG_07336T0	1267	1268	883	51.8994
MGG_10329T0	2833	2834	517	13.596
MGG_11731T0	2004	2005	837	31.1123
MGG_06398T0	2420	2421	1130	34.786
MGG_15001T0	408	409	26	4.73773
MGG_04994T0	3370	3371	171	3.78058
MGG_09909T0	2635	2636	372	10.5176
MGG_03403T0	886	887	28	2.35264
MGG_17059T0	192	193	8	3.08925
MGG_09019T0	764	765	115	11.2036
MGG_14526T0	3278	3279	1949.82	44.3173
MGG_09246T0	2741	2742	1424	38.7047
MGG_15746T0	150	151	5	2.46782
MGG_13908T0	907	908	1	0.0820795
MGG_14547T0	1344	1345	221	12.2459
MGG_00351T0	3049	3050	90	2.19919
MGG_17184T0	165	166	20	8.9793
MGG_15203T0	2592	2593	162	4.65622
MGG_10589T0	1317	1318	12	0.678557
MGG_10370T0	776	777	10500	1007.14
MGG_16126T0	1316	1317	2145	121.384
MGG_18089T0	498	499	128	19.1175
MGG_15201T0	348	349	0	0
MGG_00888T0	2288	2289	67	2.18147
MGG_06181T0	1596	1597	95	4.43343
MGG_14778T0	4740	4741	725	11.397
MGG_08017T0	3363	3364	57	1.26281
MGG_15508T0	1126	1127	160	10.5808
MGG_12847T0	1328	1329	26573	1490.17
MGG_02487T0	5611	5612	10266	136.334
MGG_11167T0	1099	1100	918.775	62.2497
MGG_08787T0	423	424	0	0
MGG_18140T0	726	727	0	0
MGG_16303T0	222	223	0	0
MGG_13276T0	1076	1077	50	3.45999
MGG_04526T0	3814	3815	503	9.82639
MGG_02243T0	2695	2696	161	4.45068
MGG_14921T0	936	937	536	42.633
MGG_02288T0	660	661	38	4.28453
MGG_01799T0	1878	1879	286	11.3438
MGG_04610T0	3591	3592	452	9.37827
MGG_06734T0	1428	1429	233.348	12.1701
MGG_00857T0	2478	2479	1922.06	57.7844
MGG_07512T0	2487	2488	1088	32.5911
MGG_02014T0	1553	1554	0	0
MGG_07687T0	1326	1327	0	0
MGG_17778T0	171	172	285	123.492
MGG_14783T0	736	737	158	15.9776
MGG_17014T0	171	172	8	3.46643
MGG_03290T0	4805	4806	508	7.87772
MGG_02355T0	1089	1090	28	1.91449
MGG_05580T0	1974	1975	1962	74.0376
MGG_17394T0	195	196	12	4.56295
MGG_17757T0	525	526	0	0
MGG_03473T0	1868	1869	490	19.5392
MGG_07565T0	1287	1288	10945	633.316
MGG_04367T0	1785	1786	3837	160.115
MGG_12906T0	1851	1852	376.029	15.1322
MGG_17630T0	168	169	3	1.32299
MGG_10743T0	2778	2779	1951	52.3226
MGG_16365T0	566	567	7	0.920101
MGG_03198T0	2971	2972	6869	172.252
MGG_17337T0	261	262	0	0
MGG_10798T0	603	604	109	13.4496
MGG_02387T0	3216	3217	173	4.00789
MGG_07987T0	1182	1183	0	0
MGG_16590T0	1551	1552	0	0
MGG_15760T0	3756	3757	816	16.1871
MGG_07177T0	513	514	4487	650.599
MGG_08598T0	5972	5973	1044	13.0265
MGG_02903T0	825	826	12	1.08273
MGG_06399T0	4532	4533	3110	51.1323
MGG_15923T0	306	307	0	0
MGG_01662T0	2936	2937	58369.2	1481.16
MGG_01420T0	1524	1525	95	4.64274
MGG_15718T0	2045	2046	1644	59.8848
MGG_06959T0	1470	1471	177	8.9677
MGG_07503T0	1946	1947	875	33.4937
MGG_08162T0	1952	1953	7626	291.015
MGG_13836T0	765	766	143	13.9132
MGG_02495T0	504	505	0	0
MGG_10840T0	2823	2824	4286.87	113.135
MGG_06505T0	2118	2119	1701	59.8266
MGG_08311T0	1428	1429	531	27.6938
MGG_00150T0	1986	1987	53183	1994.78
MGG_12003T0	1132	1133	149	9.80115
MGG_07979T0	1554	1555	0	0
MGG_08351T0	744	745	0	0
MGG_16897T0	330	331	3	0.675482
MGG_07062T0	2512	2513	68	2.01668
MGG_16026T0	931	932	0	0
MGG_09118T0	2762	2763	451.605	12.1814
MGG_17860T0	590	591	6	0.756632
MGG_09421T0	630	631	0	0
MGG_13420T0	420	421	10	1.77027
MGG_06785T0	1141	1142	564.952	36.8694
MGG_03265T0	4053	4054	1275	23.4394
MGG_06406T0	1492	1493	1032	51.5158
MGG_12978T0	1518	1519	86	4.2195
MGG_11761T0	3349	3350	1209	26.8969
MGG_03846T0	4537	4538	2275	37.3626
MGG_07334T0	4261	4262	1621	28.3459
MGG_16822T0	150	151	0	0
MGG_03706T0	1704	1705	26	1.1365
MGG_15307T0	936	937	3	0.238618
MGG_10149T0	1396	1397	397	21.1795
MGG_08607T0	405	406	0	0
MGG_12672T0	2959	2960	5044	127
MGG_01914T0	855	856	9	0.783591
MGG_05178T0	1148	1149	659	42.7451
MGG_10148T0	4796	4797	392.712	6.10134
MGG_04212T0	2374	2375	83	2.60456
MGG_10357T0	2217	2218	3564	119.756
MGG_16502T0	153	154	12	5.80739
MGG_08208T0	5090	5091	1468	21.4904
MGG_12474T0	2113	2114	1152	40.6133
MGG_10881T0	1287	1288	0	0
MGG_02862T0	2088	2089	1033	36.8538
MGG_07282T0	3107	3108	555.19	13.3132
MGG_06279T0	3816	3817	577	11.2661
MGG_05755T0	2570	2571	807	23.3933
MGG_11535T0	2787	2788	303	8.09973
MGG_00346T0	3017	3018	1335	32.9673
MGG_04204T0	2287	2288	3089	100.62
MGG_03464T0	888	889	1025	85.9296
MGG_01508T0	1596	1597	4888	228.111
MGG_05584T0	2702	2703	607	16.7365
MGG_10853T0	3196	3197	1148	26.7621
MGG_07391T0	787	788	2110	199.562
MGG_04997T0	3344	3345	19	0.423329
MGG_15457T0	1932	1933	0	0
MGG_01439T0	2417	2418	169	5.20896
MGG_09700T0	2041	2042	395	14.4166
MGG_15280T0	1268	1269	325.513	19.1174
MGG_11819T0	348	349	6	1.28129
MGG_06620T0	989	990	333	25.0686
MGG_17980T0	234	235	15	4.75712
MGG_17613T0	1276	1277	0	0
MGG_17365T0	2449	2450	823	25.0354
MGG_12214T0	8311	8312	786.197	7.04931
MGG_17693T0	405	406	3	0.550701
MGG_07876T0	987	988	0	0
MGG_08064T0	1245	1246	242	14.475
MGG_02654T0	2425	2426	195	5.99052
MGG_15934T0	342	343	0	0
MGG_03442T0	1631	1632	22	1.00467
MGG_17083T0	489	490	1	0.152098
MGG_03014T0	2388	2389	5737	178.974
MGG_06167T0	2212	2213	868	29.232
MGG_00680T0	1399	1400	640.338	34.088
MGG_08706T0	1031	1032	1509	108.976
MGG_00118T0	4756	4757	2214	34.6869
MGG_16993T0	3852	3853	39.0686	0.755701
MGG_05081T0	636	637	26.46	3.09578
MGG_04239T0	1089	1090	27	1.84611
MGG_16810T0	237	238	0	0
MGG_06246T0	1554	1555	22.9125	1.09815
MGG_00466T0	3622	3623	4761	97.9378
MGG_06627T0	1732	1733	1763	75.8184
MGG_15111T0	1324	1325	194	10.9121
MGG_02618T0	856	857	43	3.73946
MGG_13562T0	2893	2894	244	6.28365
MGG_08912T0	2259	2260	3097	102.13
MGG_15929T0	156	157	0	0
MGG_12766T0	3775	3776	1793.17	35.3923
MGG_10194T0	1416	1417	78	4.10247
MGG_04082T0	2166	2167	1045.97	35.9734
MGG_07193T0	1544	1545	1980	95.5119
MGG_16003T0	435	436	0	0
MGG_17152T0	162	163	1	0.457228
MGG_00332T0	4047	4048	749.821	13.805
MGG_06109T0	2379	2380	515.511	16.1429
MGG_10352T0	813	814	0	0
MGG_16125T0	1766	1767	43	1.81365
MGG_02865T0	1314	1315	12	0.680105
MGG_09281T0	516	517	452	65.1581
MGG_00056T0	1318	1319	1143.84	64.6313
MGG_09978T0	1946	1947	1725.72	66.0578
MGG_03692T0	1549	1550	872	41.9281
MGG_09072T0	2064	2065	121.54	4.3865
MGG_06573T0	818	819	407	37.0366
MGG_13916T0	1315	1316	151	8.55149
MGG_15625T0	306	307	0	0
MGG_14517T0	3516	3517	6328	134.096
MGG_02890T0	2517	2518	373	11.0401
MGG_00853T0	2060	2061	5114	184.928
MGG_17013T0	192	193	0	0
MGG_16230T0	1910	1911	7030.98	274.205
MGG_11684T0	1526	1527	0	0
MGG_07264T0	2227	2228	85	2.84331
MGG_05691T0	378	379	1	0.196644
MGG_04117T0	2655	2656	13220	370.956
MGG_10074T0	357	358	0	0
MGG_08246T0	698	699	5.0273	0.536017
MGG_06467T0	1727	1728	1668.39	71.9573
MGG_08571T0	2700	2701	152	4.19411
MGG_09574T0	1242	1243	1537.32	92.1751
MGG_14733T0	903	904	301	24.8153
MGG_03568T0	4136	4137	1341.28	24.1633
MGG_08495T0	2232	2233	146	4.87287
MGG_01549T0	3217	3218	1194	27.6528
MGG_00341T0	2101	2102	5724	202.949
MGG_02109T0	276	277	87	23.4078
MGG_05946T0	2995	2996	83	2.0647
MGG_11757T0	3000	3001	191.995	4.76808
MGG_01489T0	3682	3683	6122	123.883
MGG_08326T0	2052	2053	0	0
MGG_16166T0	180	181	55	22.6467
MGG_01357T0	2134	2135	58	2.02465
MGG_12809T0	3377	3378	3834	84.5889
MGG_04709T0	5249	5250	1358	19.278
MGG_01976T0	3584	3585	3322	69.0607
MGG_13165T0	3673	3674	601	12.1915
MGG_14897T0	12929	12930	216	1.24502
MGG_10199T0	4394	4395	8483	143.85
MGG_06666T0	1810	1811	2605	107.204
MGG_16464T0	237	238	4	1.25257
MGG_15238T0	2559	2560	3674.39	106.971
MGG_00195T0	3218	3219	1689	39.1047
MGG_06539T0	1019	1020	198	14.4672
MGG_15563T0	3203	3204	1227	28.5412
MGG_00325T0	1548	1549	1763	84.8246
MGG_08550T0	1676	1677	91	4.04417
MGG_17897T0	240	241	0	0
MGG_14268T0	1351	1352	170.934	9.42265
MGG_06961T0	1621	1622	807	37.0803
MGG_16818T0	946	947	0	0
MGG_15759T0	1986	1987	1470	55.1366
MGG_14864T0	1107	1108	11	0.739901
MGG_02294T0	1620	1621	284	13.0574
MGG_04655T0	2172	2173	599	20.5441
MGG_04618T0	2204	2205	4415.23	149.233
MGG_14696T0	342	343	85	18.4691
MGG_03480T0	3059	3060	7311	178.064
MGG_03326T0	405	406	1199	220.097
MGG_08693T0	3423	3424	7261	158.046
MGG_16532T0	1251	1252	32.2829	1.92171
MGG_13517T0	3819	3820	27	0.52677
MGG_04427T0	4331	4332	5780	99.4398
MGG_06934T0	4122	4123	9902	178.991
MGG_03272T0	612	613	45	5.47108
MGG_15702T0	1717	1718	15	0.650712
MGG_15762T0	339	340	18	3.94561
MGG_11374T0	2046	2047	537.531	19.5707
MGG_05871T0	1896	1897	6640	260.868
MGG_17905T0	979	980	57	4.3348
MGG_16392T0	2105	2106	557	19.7114
MGG_15499T0	153	154	44	21.2938
MGG_05897T0	1097	1098	9.04336	0.61383
MGG_06563T0	3293	3294	620	14.0278
MGG_08120T0	1989	1990	136	5.09339
MGG_04884T0	1872	1873	1577	62.7501
MGG_06896T0	6168	6169	556	6.71708
MGG_09738T0	1860	1861	100	4.00474
MGG_07225T0	990	991	1148	86.3354
MGG_01092T0	1458	1459	6694	341.941
MGG_17566T0	381	382	0	0
MGG_01606T0	2557	2558	43752.4	1274.74
MGG_07198T0	3424	3425	3800	82.6882
MGG_05645T0	1067	1068	3.01053	0.210084
MGG_10215T0	1673	1674	1	0.044521
MGG_16873T0	417	418	0	0
MGG_03291T0	2769	2770	959	25.8024
MGG_01712T0	1601	1602	17408.6	809.885
MGG_09802T0	2669	2670	34	0.949048
MGG_05065T0	4960	4961	6620.65	99.4608
MGG_04216T0	1979	1980	757.843	28.5256
MGG_00663T0	1297	1298	0	0
MGG_05439T0	2080	2081	1011	36.2076
MGG_07347T0	3031	3032	263	6.46468
MGG_00398T0	2671	2672	0	0
MGG_18111T0	258	259	2	0.575507
MGG_18108T0	525	526	0	0
MGG_07126T0	2552	2553	977	28.521
MGG_17230T0	327	328	2	0.45444
MGG_18031T0	456	457	0	0
MGG_05970T0	1049	1050	2515.89	178.576
MGG_03613T0	1519	1520	436	21.3778
MGG_03526T0	1317	1318	13.1456	0.743335
MGG_07539T0	4151	4152	4248	76.2514
MGG_07788T0	1182	1183	497	31.3107
MGG_17528T0	3624	3625	77.636	1.59616
MGG_12426T0	351	352	0	0
MGG_07549T0	2392	2393	46	1.43264
MGG_05582T0	801	802	21	1.95149
MGG_05263T0	1326	1327	994	55.826
MGG_09710T0	1519	1520	164	8.0412
MGG_17713T0	2118	2119	157	5.52191
MGG_13429T0	2914	2915	430	10.9939
MGG_16640T0	398	399	5	0.933937
MGG_05084T0	1508	1509	50	2.46946
MGG_09575T0	1605	1606	266	12.344
MGG_17621T0	303	304	0	0
MGG_13179T0	1437	1438	3816	197.774
MGG_16724T0	896	897	14	1.16321
MGG_13484T0	1274	1275	810	47.3473
MGG_02384T0	2052	2053	1682	61.0601
MGG_10551T0	507	508	0	0
MGG_10568T0	1621	1622	3689	169.503
MGG_07447T0	3476	3477	5165	110.71
MGG_14605T0	360	361	36	7.43218
MGG_17151T0	162	163	0	0
MGG_03083T0	1474	1475	5	0.252638
MGG_00075T0	1989	1990	973	36.4402
MGG_07242T0	2607	2608	268	7.65857
MGG_14700T0	162	163	9	4.11505
MGG_08182T0	2018	2019	3968	146.472
MGG_15231T0	258	259	9	2.58978
MGG_02943T0	1011	1012	301	22.167
MGG_16820T0	567	568	1.14824	0.150663
MGG_04466T0	4529	4530	870.021	14.3137
MGG_05100T0	534	535	274.537	38.2444
MGG_04675T0	4885	4886	619	9.44187
MGG_02329T0	2179	2180	588	20.1021
MGG_16908T0	969	970	3619.49	278.097
MGG_06494T0	2599	2600	4345	124.548
MGG_17400T0	5288	5289	493	6.94695
MGG_07504T0	806	807	2903.91	268.183
MGG_05223T0	1908	1909	3273.74	127.808
MGG_06072T0	1746	1747	5136	219.105
MGG_11934T0	1723	1724	2031	87.7998
MGG_09110T0	2425	2426	2736.82	84.0767
MGG_15650T0	170	171	14	6.10172
MGG_04519T0	3032	3033	15004	368.685
MGG_10598T0	3500	3501	50	1.06438
MGG_15043T0	3020	3021	97	2.39299
MGG_04434T0	1335	1336	381	21.2539
MGG_00495T0	1981	1982	131.095	4.92949
MGG_01852T0	2682	2683	1011	28.0835
MGG_16224T0	274	275	13	3.52315
MGG_17200T0	645	646	74	8.53729
MGG_16361T0	3815	3816	12154	237.373
MGG_05174T0	1622	1623	274	12.5821
MGG_16386T0	444	445	0	0
MGG_08202T0	2681	2682	1039	28.872
MGG_09148T0	1023	1024	0	0
MGG_15408T0	2227	2228	24	0.802817
MGG_00407T0	1916	1917	1777	69.0854
MGG_10953T0	1380	1381	0	0
MGG_03817T0	1771	1772	42	1.76647
MGG_02077T0	405	406	38	6.97555
MGG_01903T0	1208	1209	0	0
MGG_17033T0	294	295	0	0
MGG_07153T0	1318	1319	740	41.8126
MGG_00585T0	354	355	0	0
MGG_15706T0	443	444	7.35733	1.23497
MGG_16541T0	201	202	1	0.368952
MGG_16523T0	282	283	60	15.801
MGG_07651T0	342	343	0	0
MGG_11548T0	2700	2701	1135	31.3179
MGG_10736T0	1420	1421	221	11.5909
MGG_02557T0	1076	1077	0	0
MGG_00969T0	1752	1753	15821	672.625
MGG_15205T0	1033	1034	45	3.24349
MGG_10832T0	948	949	6473.94	508.42
MGG_03337T0	2736	2737	205	5.58213
MGG_08077T0	2146	2147	76	2.63817
MGG_03167T0	1219	1220	23	1.40504
MGG_10533T0	1594	1595	8	0.373809
MGG_18102T0	162	163	0	0
MGG_02523T0	2133	2134	192	6.70544
MGG_12476T0	1419	1420	48	2.51926
MGG_10705T0	1995	1996	3	0.112016
MGG_16159T0	1290	1291	0	0
MGG_13867T0	813	814	0	0
MGG_06786T0	1844	1845	1004.05	40.5582
MGG_17111T0	1457	1458	361	18.4531
MGG_15383T0	1947	1948	4.58056	0.175247
MGG_02489T0	1968	1969	10882.8	411.923
MGG_12865T0	2794	2795	403	10.7459
MGG_05636T0	1462	1463	374.35	19.0702
MGG_15435T0	1533	1534	0	0
MGG_11079T0	2469	2470	2528	76.2783
MGG_01067T0	1522	1523	405	19.8187
MGG_15606T0	1921	1922	1354	52.5032
MGG_00050T0	4599	4600	464	7.51763
MGG_02373T0	993	994	134	10.0471
MGG_07266T0	1523	1524	1878	91.8399
MGG_02129T0	2661	2662	80	2.23977
MGG_06333T0	701	702	5848	620.856
MGG_17073T0	1863	1864	139	5.55763
MGG_17451T0	198	199	0	0
MGG_04683T0	1933	1934	619	23.8537
MGG_15581T0	201	202	0	0
MGG_09513T0	2095	2096	234	8.32042
MGG_16449T0	282	283	6	1.5801
MGG_14692T0	1638	1639	507	23.0542
MGG_15395T0	372	373	0	0
MGG_11613T0	1887	1888	0	0
MGG_05324T0	1761	1762	1278.06	54.0586
MGG_17791T0	354	355	2	0.419877
MGG_07644T0	1659	1660	286	12.8404
MGG_11620T0	219	220	1	0.338765
MGG_01315T0	1812	1813	650.656	26.7469
MGG_16828T0	1391	1392	32	1.71329
MGG_07079T0	1762	1763	189.068	7.99258
MGG_16737T0	564	565	1	0.131908
MGG_03859T0	3255	3256	4562	104.422
MGG_10783T0	1048	1049	0	0
MGG_08645T0	3918	3919	2382	45.2989
MGG_10750T0	2969	2970	28	0.702623
MGG_09284T0	1497	1498	542.097	26.9703
MGG_05964T0	1070	1071	388.414	27.0287
MGG_17669T0	3119	3120	1620	38.6973
MGG_16317T0	556	557	20	2.67606
MGG_14613T0	1996	1997	0	0
MGG_03293T0	1080	1081	1377	94.9356
MGG_10207T0	1490	1491	5	0.249927
MGG_04353T0	483	484	9	1.38586
MGG_08212T0	2770	2771	794	21.3553
MGG_00201T0	2850	2851	191	4.99295
MGG_10180T0	3214	3215	948	21.976
MGG_06310T0	603	604	2848.79	351.515
MGG_07857T0	1125	1126	0	0
MGG_05274T0	1598	1599	1698.4	79.161
MGG_08845T0	3418	3419	639	13.9291
MGG_16794T0	177	178	12	5.02437
MGG_04685T0	5534	5535	4263	57.4009
MGG_04574T0	1110	1111	418	28.0403
MGG_13426T0	2325	2326	5	0.160207
MGG_07522T0	1888	1889	482	19.0167
MGG_15905T0	366	367	18	3.65533
MGG_00650T0	1195	1196	1587	98.8932
MGG_08976T0	1011	1012	69	5.08147
MGG_07765T0	3343	3344	443	9.87321
MGG_16134T0	1274	1275	195	11.3984
MGG_14663T0	1710	1711	40	1.74233
MGG_11498T0	2525	2526	134	3.95359
MGG_07706T0	2614	2615	1956	55.7465
MGG_10740T0	1169	1170	1729.37	110.159
MGG_04696T0	1036	1037	11696	840.58
MGG_00913T0	2177	2178	287	9.82075
MGG_09630T0	1816	1817	0	0
MGG_07227T0	1582	1583	6	0.282482
MGG_16535T0	886	887	18800.8	1579.69
MGG_06599T0	3268	3269	6610.35	150.706
MGG_07622T0	303	304	8	1.96127
MGG_09356T0	369	370	0	0
MGG_06604T0	1419	1420	1820	95.5221
MGG_16593T0	171	172	0	0
MGG_06228T0	1065	1066	0	0
MGG_09991T0	1876	1877	4336	172.165
MGG_00901T0	1950	1951	1974	75.4068
MGG_17194T0	547	548	624	84.8642
MGG_14630T0	294	295	16	4.04221
MGG_11902T0	3407	3408	2490.37	54.4608
MGG_03895T0	1181	1182	1585.95	99.9986
MGG_16453T0	150	151	0	0
MGG_17096T0	240	241	45	13.9161
MGG_12301T0	2260	2261	1571	51.7841
MGG_00117T0	2716	2717	851	23.3432
MGG_15431T0	1374	1375	204	11.0573
MGG_04527T0	1916	1917	1417	55.0895
MGG_06872T0	3225	3226	596.743	13.7862
MGG_17967T0	537	538	12	1.66234
MGG_03528T0	906	907	579	47.5764
MGG_16207T0	257	258	0	0
MGG_04005T0	1152	1153	3438	222.227
MGG_08191T0	692	693	35	3.76405
MGG_16769T0	275	276	2	0.54006
MGG_01961T0	1532	1533	26	1.26401
MGG_09243T0	1434	1435	159	8.25783
MGG_03096T0	1238	1239	72	4.33094
MGG_13944T0	738	739	279	28.1372
MGG_05467T0	2344	2345	16219	515.468
MGG_06328T0	3880	3881	2799	53.7502
MGG_03437T0	1924	1925	28	1.08405
MGG_13005T0	2375	2376	787.601	24.7047
MGG_01579T0	1487	1488	10419	521.848
MGG_07007T0	1595	1596	2719.34	126.985
MGG_03065T0	983	984	2064	156.327
MGG_06928T0	2953	2954	2098.18	52.9363
MGG_15883T0	201	202	1	0.368952
MGG_12463T0	4768	4769	594	9.28282
MGG_16431T0	429	430	12	2.07986
MGG_09960T0	3938	3939	284	5.37345
MGG_10662T0	3317	3318	1821	40.9029
MGG_13176T0	5891	5892	2647.24	33.4851
MGG_17418T0	276	277	0	0
MGG_14523T0	708	709	23	2.4177
MGG_14884T0	1557	1558	16	0.765373
MGG_01004T0	2312	2313	955	30.7715
MGG_09154T0	1182	1183	35	2.20498
MGG_17020T0	1068	1069	0	0
MGG_07968T0	1801	1802	774	32.0116
MGG_15351T0	1117	1118	214	14.2657
MGG_03985T0	3885	3886	2049	39.297
MGG_08683T0	2109	2110	257	9.07761
MGG_10331T0	618	619	3	0.361203
MGG_00249T0	4311	4312	1261	21.795
MGG_00309T0	2012	2013	1747	64.68
MGG_10493T0	2976	2977	4055	101.516
MGG_02792T0	2091	2092	777	27.6809
MGG_06971T0	3756	3757	4850	96.2102
MGG_06760T0	3539	3540	2423	51.0118
MGG_08195T0	1938	1939	1362	52.3504
MGG_04412T0	1573	1574	2613	123.724
MGG_13032T0	1622	1623	1093	50.1906
MGG_01473T0	1957	1958	13810	525.656
MGG_07178T0	3379	3380	1688	37.22
MGG_05811T0	3644	3645	17552	358.88
MGG_09870T0	1284	1285	28	1.62396
MGG_05051T0	1303	1304	2	0.114307
MGG_04689T0	1870	1871	22797	908.081
MGG_00971T0	1575	1576	3105.28	146.847
MGG_01863T0	1986	1987	125	4.68849
MGG_09517T0	3059	3060	5693	138.657
MGG_17355T0	372	373	2	0.399615
MGG_15135T0	843	844	1	0.0883036
MGG_15865T0	2194	2195	1655	56.1933
MGG_10897T0	1974	1975	0	0
MGG_03070T0	1981	1982	3578	134.542
MGG_14978T0	774	775	6	0.576993
MGG_08990T0	882	883	0	0
MGG_05519T0	1664	1665	37	1.65618
MGG_13385T0	3328	3329	3296.19	73.7937
MGG_00475T0	3843	3844	1110	21.5209
MGG_09928T0	3607	3608	6047.71	124.924
MGG_00956T0	1536	1537	2279.57	110.535
MGG_12442T0	1691	1692	17	0.748806
MGG_14841T0	342	343	1	0.217283
MGG_16376T0	165	166	0	0
MGG_08356T0	1455	1456	4	0.204748
MGG_06514T0	2708	2709	6936.27	190.826
MGG_17811T0	744	745	41	4.10155
MGG_01078T0	1442	1443	1165	60.17
MGG_06420T0	3223	3224	5702.71	131.828
MGG_09952T0	822	823	11261	1019.76
MGG_17542T0	3201	3202	50	1.16378
MGG_08315T0	2249	2250	5	0.165618
MGG_05193T0	3794	3795	19045.5	374.026
MGG_05515T0	1295	1296	8	0.460051
MGG_03929T0	2143	2144	824	28.6433
MGG_04272T0	652	653	0	0
MGG_02420T0	1524	1525	41	2.00371
MGG_04563T0	1241	1242	480	28.8032
MGG_05321T0	1241	1242	3396	203.782
MGG_04429T0	4163	4164	456	8.16159
MGG_00179T0	4171	4172	29673	530.076
MGG_01083T0	2371	2372	960	30.1632
MGG_14745T0	1174	1175	9	0.570854
MGG_16217T0	295	296	11	2.76963
MGG_07753T0	994	995	7502	561.92
MGG_15812T0	174	175	3	1.27763
MGG_14989T0	1144	1145	2	0.13018
MGG_14878T0	930	931	277	22.1743
MGG_01407T0	1944	1945	538	20.615
MGG_02059T0	10815	10816	0	0
MGG_14113T0	685	686	1	0.108642
MGG_03020T0	1413	1414	15	0.79061
MGG_01748T0	3898	3899	1556.75	29.7568
MGG_16761T0	844	845	213	18.7864
MGG_03148T0	3141	3142	4974	117.983
MGG_11284T0	198	199	110	41.1965
MGG_06101T0	3677	3678	2427	49.1789
MGG_12552T0	276	277	4	1.07622
MGG_05135T0	3028	3029	1082	26.6225
MGG_00278T0	285	286	10	2.60588
MGG_02918T0	428	429	6	1.04235
MGG_11240T0	2431	2432	1364	41.7995
MGG_16770T0	3124	3125	59.1421	1.41048
MGG_10791T0	1155	1156	443	28.5606
MGG_16473T0	858	859	0	0
MGG_02012T0	720	721	0	0
MGG_09138T0	1149	1150	384	24.8859
MGG_02460T0	1817	1818	1816	74.4462
MGG_10710T0	2198	2199	2177	73.7826
MGG_02630T0	3730	3731	3299	65.8988
MGG_16169T0	168	169	0	0
MGG_07291T0	6347	6348	4618	54.2173
MGG_10471T0	1148	1149	9	0.583772
MGG_14746T0	4982	4983	6698	100.179
MGG_14959T0	831	832	1	0.0895772
MGG_05326T0	2115	2116	4457	156.981
MGG_04163T0	5326	5327	981.382	13.7302
MGG_06242T0	2305	2306	1085	35.0664
MGG_03578T0	886	887	20335	1708.6
MGG_16463T0	1016	1017	62	4.54351
MGG_18037T0	666	667	0	0
MGG_05013T0	1110	1111	1262	84.6576
MGG_04106T0	1632	1633	2516	114.827
MGG_01081T0	1508	1509	3325	164.219
MGG_09273T0	3951	3952	479	9.03315
MGG_02933T0	2113	2114	503	17.7331
MGG_05410T0	417	418	0	0
MGG_09433T0	1938	1939	256	9.83972
MGG_01831T0	1759	1760	18	0.76222
MGG_17543T0	363	364	12	2.45697
MGG_02666T0	764	765	0	0
MGG_11894T0	696	697	0	0
MGG_18029T0	330	331	0	0
MGG_01972T0	1414	1415	1259.35	66.3302
MGG_15626T0	204	205	0	0
MGG_12655T0	276	277	8	2.15244
MGG_04030T0	2815	2816	507	13.4183
MGG_18079T0	518	519	0	0
MGG_15546T0	234	235	0	0
MGG_11545T0	1710	1711	200	8.71166
MGG_02562T0	1412	1413	36	1.89881
MGG_12973T0	2273	2274	14756	483.614
MGG_08424T0	696	697	3.22991	0.345365
MGG_10222T0	255	256	0	0
MGG_12020T0	1602	1603	1	0.046493
MGG_07263T0	1794	1795	239	9.92325
MGG_07668T0	834	835	0	0
MGG_15319T0	255	256	17	4.94914
MGG_11229T0	2190	2191	3378	114.905
MGG_14157T0	1918	1919	94	3.65068
MGG_17279T0	255	256	25	7.27815
MGG_01293T0	932	933	119	9.50574
MGG_15972T0	342	343	0	0
MGG_03897T0	2818	2819	770	20.3571
MGG_13977T0	2892	2893	44	1.13351
MGG_05404T0	1299	1300	0	0
MGG_10914T0	309	310	0	0
MGG_12923T0	4096	4097	5364	97.5761
MGG_02376T0	3982	3983	11306	211.553
MGG_16266T0	1127	1128	29	1.91606
MGG_15656T0	649	650	242	27.7474
MGG_03369T0	1108	1109	139.055	9.3449
MGG_17692T0	761	762	0	0
MGG_11308T0	1706	1707	520	22.7034
MGG_04778T0	1467	1468	190	9.64602
MGG_15845T0	322	323	71	16.3824
MGG_02448T0	1239	1240	990	59.5024
MGG_10615T0	993	994	0	0
MGG_05126T0	1376	1377	30	1.62371
MGG_07837T0	1833	1834	0	0
MGG_04524T0	2787	2788	79.3939	2.12234
MGG_03821T0	1656	1657	1.00019	0.0449861
MGG_03499T0	729	730	530	54.1095
MGG_06414T0	2034	2035	976	35.7442
MGG_05071T0	2881	2882	316.673	8.18913
MGG_01638T0	4081	4082	4733	86.414
MGG_17877T0	5118	5119	2212	32.2048
MGG_08436T0	3271	3272	41	0.93388
MGG_00366T0	1398	1399	242	12.8919
MGG_15075T0	1243	1244	1092	65.4219
MGG_04023T0	1091	1092	1367	93.2968
MGG_06049T0	1268	1269	1783	104.715
MGG_16420T0	393	394	59	11.1603
MGG_16004T0	420	421	0	0
MGG_00890T0	3104	3105	725	17.4019
MGG_01277T0	1462	1463	577	29.3936
MGG_15928T0	1362	1363	0	0
MGG_05907T0	498	499	28	4.18194
MGG_16229T0	162	163	8	3.65783
MGG_07494T0	2631	2632	1707	48.3357
MGG_01707T0	1235	1236	188.777	11.3829
MGG_08095T0	2413	2414	551.626	17.0305
MGG_01049T0	1889	1890	3874	152.763
MGG_10542T0	429	430	0	0
MGG_17135T0	1358	1359	421	23.0878
MGG_02073T0	483	484	0	0
MGG_06726T0	2103	2104	8434	298.75
MGG_09795T0	636	637	3382	395.69
MGG_17850T0	270	271	28	7.70033
MGG_15907T0	552	553	0	0
MGG_06205T0	3879	3880	242	4.64841
MGG_09250T0	1932	1933	718	27.683
MGG_16803T0	177	178	0	0
MGG_15790T0	1491	1492	9.25121	0.462116
MGG_17351T0	165	166	1	0.448965
MGG_06359T0	953	954	954	74.5282
MGG_08896T0	1569	1570	6330	300.486
MGG_10777T0	318	319	0	0
MGG_05623T0	1704	1705	1654.84	72.3356
MGG_07587T0	996	997	0	0
MGG_15144T0	606	607	30	3.68344
MGG_12222T0	1652	1653	144	6.49248
MGG_13772T0	2157	2158	386.58	13.3508
MGG_02483T0	1997	1998	462.993	17.2703
MGG_12919T0	1460	1461	542	27.6484
MGG_17098T0	4070	4071	594	10.8744
MGG_05146T0	1296	1297	885	50.8539
MGG_07166T0	1099	1100	129	8.74013
MGG_15757T0	1267	1268	7.40426	0.435194
MGG_14290T0	264	265	9	2.53115
MGG_03255T0	4166	4167	2061	36.8617
MGG_16536T0	210	211	4	1.41286
MGG_09079T0	1124	1125	3009	199.338
MGG_07614T0	2806	2807	5194	137.905
MGG_06143T0	5045	5046	5501	81.2485
MGG_00832T0	3522	3523	538	11.3813
MGG_03135T0	844	845	7585	668.99
MGG_12037T0	2770	2771	196	5.27157
MGG_03663T0	1004	1005	4791	355.288
MGG_18100T0	369	370	0	0
MGG_11450T0	1332	1333	1473	82.3556
MGG_04546T0	312	313	0	0
MGG_11676T0	2166	2167	359	12.3469
MGG_07831T0	1029	1030	77	5.57153
MGG_06047T0	2257	2258	2323	76.6736
MGG_05933T0	4015	4016	1099	20.395
MGG_04059T0	2009	2010	862.599	31.9841
MGG_17872T0	1701	1702	12	0.525463
MGG_17591T0	174	175	0	0
MGG_16632T0	822	823	0	0
MGG_16036T0	334	335	5	1.11236
MGG_06764T0	2350	2351	3310.13	104.933
MGG_14134T0	2011	2012	29	1.07421
MGG_04841T0	1539	1540	107	5.17826
MGG_07925T0	2446	2447	1065	32.4367
MGG_02732T0	2525	2526	769.301	22.6978
MGG_08328T0	1654	1655	43	1.93638
MGG_15430T0	1296	1297	1	0.057462
MGG_05663T0	2452	2453	7144	217.052
MGG_17425T0	362	363	2	0.410624
MGG_06344T0	1416	1417	5	0.262979
MGG_01992T0	453	454	2	0.328318
MGG_05855T0	2366	2367	75	2.36148
MGG_16847T0	1726	1727	94.5501	4.08028
MGG_04749T0	1221	1222	97	5.91591
MGG_05489T0	2373	2374	0.0614349	0.00192866
MGG_17068T0	303	304	24	5.88381
MGG_13527T0	2954	2955	582	14.6787
MGG_01548T0	3642	3643	3902.67	79.8405
MGG_06369T0	2155	2156	1630	56.3455
MGG_10316T0	1689	1690	0	0
MGG_03727T0	1048	1049	9314.12	661.739
MGG_06180T0	1873	1874	1291.3	51.3544
MGG_01396T0	3334	3335	40	0.893892
MGG_05905T0	2762	2763	4665	125.832
MGG_07355T0	1032	1033	26	1.87583
MGG_16615T0	673	674	258.256	28.5569
MGG_04421T0	6669	6670	1051	11.7435
MGG_16109T0	267	268	54	15.0169
MGG_07161T0	2532	2533	6076	178.774
MGG_16607T0	852	853	2	0.174744
MGG_05712T0	2580	2581	1348	38.9245
MGG_04437T0	2988	2989	342	8.52748
MGG_03631T0	2109	2110	1413	49.9092
MGG_03282T0	1806	1807	266.406	10.9877
MGG_09542T0	924	925	367	29.5696
MGG_09958T0	753	754	0	0
MGG_07492T0	879	880	403	34.1305
MGG_05090T0	2766	2767	63	1.69688
MGG_01390T0	2045	2046	2488	90.6286
MGG_06331T0	2292	2293	3371	109.566
MGG_13226T0	1283	1284	158	9.17092
MGG_13716T0	237	238	16	5.0103
MGG_05538T0	489	490	0	0
MGG_14217T0	1671	1672	2	0.0891486
MGG_15314T0	332	333	0	0
MGG_01648T0	1983	1984	791.554	29.7344
MGG_08861T0	1339	1340	981	54.5613
MGG_06611T0	726	727	4	0.410059
MGG_01814T0	2294	2295	930	30.201
MGG_05187T0	336	337	362	80.057
MGG_09089T0	909	910	0	0
MGG_11378T0	690	691	108	11.6484
MGG_14610T0	1260	1261	0	0
MGG_16121T0	349	350	7	1.49056
MGG_14670T0	497	498	19	2.84345
MGG_09247T0	3077	3078	99	2.39711
MGG_09930T0	4102	4103	703	12.7695
MGG_10681T0	3125	3126	499	11.8969
MGG_15910T0	411	412	0	0
MGG_05080T0	1437	1438	241	12.4905
MGG_01805T0	3029	3030	1543.82	37.9731
MGG_03993T0	6906	6907	1840	19.854
MGG_09750T0	1525	1526	1737	84.8332
MGG_10581T0	2061	2062	21	0.759017
MGG_13009T0	678	679	1222	134.129
MGG_01874T0	1861	1862	149	5.96386
MGG_05293T0	2030	2031	11	0.403649
MGG_15555T0	258	259	0	0
MGG_15182T0	1590	1591	0	0
MGG_09082T0	5179	5180	4579	65.8812
MGG_04885T0	2237	2238	2999	99.8705
MGG_07633T0	837	838	1505.69	133.91
MGG_07758T0	201	202	0	0
MGG_07762T0	474	475	2168	340.162
MGG_02206T0	816	817	0	0
MGG_00993T0	2154	2155	129	4.46132
MGG_06259T0	3077	3078	1218	29.4917
MGG_03392T0	1527	1528	190	9.26725
MGG_15919T0	873	874	4.13424	0.352537
MGG_18051T0	258	259	0	0
MGG_15658T0	210	211	55	19.4268
MGG_00277T0	1353	1354	1912	105.242
MGG_15997T0	1429	1430	0	0
MGG_11697T0	1771	1772	0	0
MGG_08107T0	1463	1464	790	40.2167
MGG_17733T0	1455	1456	1031.3	52.7891
MGG_12722T0	2184	2185	41	1.39847
MGG_02164T0	579	580	0	0
MGG_01484T0	1251	1252	3758	223.704
MGG_07779T0	2171	2172	2272	77.9595
MGG_17015T0	207	208	0	0
MGG_02606T0	1292	1293	8261	476.162
MGG_17295T0	165	166	0	0
MGG_15639T0	276	277	2	0.53811
MGG_15776T0	401	402	1.82129	0.337655
MGG_10337T0	1431	1432	2	0.10409
MGG_10812T0	1845	1846	0	0
MGG_16735T0	453	454	3	0.492477
MGG_10253T0	816	817	755	68.8725
MGG_03009T0	1158	1159	136	8.74533
MGG_06935T0	1624	1625	1819	83.4257
MGG_07474T0	1086	1087	425	29.1394
MGG_08643T0	5382	5383	1512	20.9338
MGG_04587T0	3957	3958	887	16.702
MGG_02442T0	4306	4307	2229.59	38.5808
MGG_05428T0	1818	1819	680	27.861
MGG_17744T0	468	469	60	9.53453
MGG_01595T0	2309	2310	5440.29	175.522
MGG_17551T0	486	487	0	0
MGG_16248T0	1164	1165	10457	668.963
MGG_04881T0	1767	1768	1230	51.8494
MGG_03581T0	2630	2631	1255.18	35.5555
MGG_17930T0	848	849	51	4.47696
MGG_15033T0	588	589	0	0
MGG_10360T0	1200	1201	89	5.52291
MGG_01849T0	4355	4356	3877	66.3328
MGG_14599T0	378	379	0	0
MGG_03212T0	1243	1244	52	3.11533
MGG_07525T0	2352	2353	4638	146.903
MGG_01556T0	902	903	3572.41	294.845
MGG_15732T0	2551	2552	3834	111.968
MGG_16482T0	695	696	50.8309	5.44301
MGG_17672T0	318	319	9	2.10268
MGG_06988T0	810	811	31	2.8488
MGG_14752T0	3655	3656	1728	35.2256
MGG_14011T0	3491	3492	1263	26.9557
MGG_06289T0	1191	1192	3520	220.083
MGG_15801T0	381	382	0	0
MGG_05239T0	4335	4336	544.512	9.3592
MGG_03645T0	2266	2267	1174	38.5956
MGG_07206T0	2048	2049	10.0104	0.364108
MGG_03242T0	5025	5026	1065	15.7924
MGG_02566T0	1854	1855	1292	51.9086
MGG_06584T0	1128	1129	721	47.5951
MGG_06640T0	3999	4000	3869.1	72.0893
MGG_09961T0	3551	3552	1173	24.6119
MGG_16648T0	1428	1429	87	4.53741
MGG_13619T0	1453	1454	18	0.922633
MGG_10504T0	3120	3121	8928	213.197
MGG_06014T0	1623	1624	445	20.4218
MGG_17213T0	561	562	0	0
MGG_16638T0	417	418	62	11.0544
MGG_06600T0	2178	2179	4674.65	159.887
MGG_06405T0	1555	1556	2496	119.552
MGG_03901T0	2212	2213	282.493	9.51364
MGG_06092T0	1959	1960	808	30.7239
MGG_04394T0	1152	1153	143	9.24331
MGG_00259T0	444	445	1598	267.632
MGG_17516T0	402	403	12	2.2192
MGG_11030T0	633	634	30	3.52657
MGG_07097T0	2287	2288	2193.05	71.4354
MGG_07964T0	969	970	904	69.4572
MGG_02823T0	8768	8769	3961.1	33.6656
MGG_16491T0	537	538	0	0
MGG_03285T0	2631	2632	1417.92	40.1501
MGG_16091T0	276	277	0	0
MGG_08116T0	708	709	431.632	45.3721
MGG_01872T0	1388	1389	1649	88.4788
MGG_10751T0	2316	2317	74	2.38027
MGG_17054T0	3685	3686	6150	124.348
MGG_17715T0	339	340	4	0.876802
MGG_07891T0	1750	1751	22	0.936391
MGG_09721T0	2469	2470	79	2.3837
MGG_17053T0	1346	1347	27	1.49388
MGG_06628T0	3132	3133	1288	30.6391
MGG_10694T0	2822	2823	381	10.0585
MGG_11893T0	1596	1597	3	0.140003
MGG_01335T0	1119	1120	412	27.4157
MGG_06403T0	2482	2483	2263	67.9248
MGG_04031T0	3018	3019	280	6.91219
MGG_06169T0	1675	1676	380.858	16.936
MGG_02222T0	813	814	8	0.732464
MGG_05554T0	1401	1402	0	0
MGG_05739T0	3444	3445	803.849	17.3902
MGG_10498T0	1428	1429	11	0.573695
MGG_16417T0	2087	2088	3140.73	112.104
MGG_01069T0	1055	1056	295.731	20.8715
MGG_00538T0	2161	2162	3450	118.928
MGG_00331T0	1360	1361	2677	146.592
MGG_02601T0	1772	1773	75	3.15263
MGG_01567T0	726	727	247	25.3211
MGG_01334T0	405	406	8	1.46854
MGG_00352T0	2173	2174	718	24.6142
MGG_07192T0	3288	3289	4375	99.1368
MGG_17077T0	342	343	0	0
MGG_16796T0	345	346	64	13.7856
MGG_03670T0	2163	2164	66686	2296.67
MGG_06886T0	2796	2797	81	2.15831
MGG_12138T0	2047	2048	1083.4	39.4258
MGG_03324T0	1122	1123	1567	103.994
MGG_00304T0	2430	2431	3	0.0919723
MGG_06301T0	2917	2918	3558	90.8744
MGG_15436T0	1629	1630	0	0
MGG_13324T0	4790	4791	831	12.9269
MGG_00145T0	3297	3298	1149	25.9651
MGG_10105T0	999	1000	0	0
MGG_03248T0	3659	3660	801	16.3107
MGG_02737T0	2316	2317	1761	56.644
MGG_01349T0	1672	1673	936	41.6966
MGG_17500T0	306	307	0	0
MGG_16404T0	525	526	0	0
MGG_05682T0	1820	1821	1814.28	74.253
MGG_17747T0	1814	1815	0	0
MGG_06209T0	1237	1238	4446.75	267.697
MGG_09176T0	642	643	0	0
MGG_16842T0	609	610	29	3.54314
MGG_11919T0	2794	2795	1465	39.064
MGG_11681T0	573	574	0	0
MGG_02940T0	2313	2314	1532	49.3419
MGG_06487T0	1594	1595	820	38.3154
MGG_06647T0	1236	1237	24	1.44598
MGG_01426T0	2832	2833	1099	28.9116
MGG_07661T0	4663	4664	584.532	9.34051
MGG_04159T0	2735	2736	73.5104	2.00241
MGG_12818T0	1090	1091	3792	259.038
MGG_01289T0	1961	1962	135	5.12809
MGG_15438T0	1449	1450	0	0
MGG_05331T0	2201	2202	905.084	30.6332
MGG_17906T0	183	184	4	1.62018
MGG_15077T0	588	589	251	31.7599
MGG_09545T0	2471	2472	2219	66.9005
MGG_10526T0	5451	5452	617	8.43432
MGG_03720T0	1559	1560	572	27.327
MGG_10468T0	1494	1495	1	0.0498516
MGG_17799T0	336	337	0	0
MGG_14215T0	2640	2641	0	0
MGG_17011T0	267	268	8	2.22472
MGG_14691T0	1256	1257	49	2.90524
MGG_03836T0	2032	2033	208	7.62512
MGG_09805T0	1509	1510	0	0
MGG_06316T0	1730	1731	6077	261.645
MGG_08746T0	3340	3341	2485	55.4333
MGG_15519T0	273	274	0	0
MGG_15834T0	1070	1071	1	0.0695875
MGG_05779T0	198	199	0	0
MGG_09988T0	1683	1684	260	11.5067
MGG_01538T0	5037	5038	2753	40.7257
MGG_17698T0	4789	4790	1057	16.446
MGG_14768T0	4204	4205	273	4.83857
MGG_01171T0	3307	3308	879	19.8036
MGG_13132T0	471	472	13	2.05268
MGG_03245T0	1835	1836	3454	140.207
MGG_08862T0	1251	1252	144.5	8.60169
MGG_16447T0	340	341	0	0
MGG_02891T0	2021	2022	2086	76.8872
MGG_05120T0	1452	1453	57	2.92368
MGG_05637T0	2804	2805	5701	151.474
MGG_17256T0	411	412	0	0
MGG_08572T0	1545	1546	465	22.4163
MGG_02604T0	1583	1584	245.42	11.5472
MGG_03367T0	4188	4189	226.285	4.02593
MGG_16448T0	204	205	4.01151	1.45839
MGG_14834T0	516	517	0	0
MGG_05009T0	3994	3995	589	10.988
MGG_04979T0	2057	2058	3280	118.782
MGG_12791T0	3001	3002	15823	392.825
MGG_09177T0	1979	1980	9	0.338765
MGG_09440T0	1518	1519	66	3.23822
MGG_06999T0	1779	1780	534	22.3585
MGG_11156T0	519	520	240	34.3976
MGG_13875T0	1431	1432	181.311	9.43628
MGG_09491T0	1018	1019	6	0.438831
MGG_02379T0	726	727	10	1.02515
MGG_17347T0	879	880	43	3.64172
MGG_05256T0	2940	2941	1250	31.6764
MGG_17471T0	4295	4296	2043	35.4425
MGG_00946T0	1960	1961	1964	74.6422
MGG_15951T0	1871	1872	1174	46.7394
MGG_06753T0	1045	1046	9	0.641256
MGG_03833T0	1210	1211	0	0
MGG_02842T0	2356	2357	5297.35	167.502
MGG_17149T0	703	704	2	0.211728
MGG_01044T0	2471	2472	1824	54.9917
MGG_09100T0	645	646	33	3.80717
MGG_06185T0	527	528	8016.07	1131.48
MGG_01781T0	4410	4411	6408	108.27
MGG_15018T0	3121	3122	2965	70.7803
MGG_08360T0	699	700	2	0.212938
MGG_09681T0	1008	1009	4	0.295454
MGG_03530T0	3376	3377	8127	179.358
MGG_07558T0	878	879	4	0.33915
MGG_17233T0	255	256	0	0
MGG_09488T0	1934	1935	5976	230.171
MGG_01594T0	2315	2316	618.707	19.9098
MGG_09478T0	561	562	93	12.333
MGG_04726T0	3821	3822	600	11.6999
MGG_03165T0	2390	2391	4449	138.677
MGG_16766T0	722	723	14	1.44315
MGG_05748T0	1232	1233	744	44.9708
MGG_07836T0	456	457	0	0
MGG_07914T0	943	944	4933	389.457
MGG_09098T0	3153	3154	2	0.0472595
MGG_16098T0	396	397	0	0
MGG_04024T0	4253	4254	593	10.3891
MGG_04511T0	1503	1504	75	3.7165
MGG_07971T0	4396	4397	1680	28.4756
MGG_11487T0	1198	1199	144	8.95084
MGG_00791T0	1077	1078	142	9.81726
MGG_12304T0	2598	2599	596.902	17.1166
MGG_17771T0	1359	1360	9	0.493201
MGG_03729T0	2395	2396	247	7.683
MGG_09438T0	372	373	0	0
MGG_11658T0	1377	1378	354	19.1459
MGG_02955T0	1179	1180	1812	114.445
MGG_02740T0	1699	1700	291	12.7575
MGG_04019T0	4625	4626	487.157	7.84845
MGG_09469T0	1585	1586	124	5.82692
MGG_16878T0	402	403	111	20.5276
MGG_00428T0	9097	9098	464.736	3.80699
MGG_02017T0	1125	1126	0	0
MGG_16781T0	258	259	0	0
MGG_00152T0	4431	4432	438	7.36538
MGG_17958T0	1196	1197	682	42.463
MGG_17557T0	1609	1610	226	10.4617
MGG_07017T0	507	508	19	2.78747
MGG_14853T0	1118	1119	249.807	16.6378
MGG_16647T0	385	386	2	0.386157
MGG_08477T0	900	901	0	0
MGG_17992T0	324	325	0	0
MGG_11431T0	1077	1078	1734	119.881
MGG_15615T0	420	421	0	0
MGG_07311T0	1404	1405	269	14.2691
MGG_04398T0	1646	1647	120.285	5.44299
MGG_04517T0	3415	3416	1160.12	25.3109
MGG_15184T0	1602	1603	26	1.20882
MGG_08938T0	1565	1566	2	0.0951829
MGG_14248T0	444	445	0	0
MGG_04186T0	5122	5123	5850.69	85.1145
MGG_03478T0	763	764	834.43	81.3986
MGG_01427T0	2501	2502	285.442	8.50259
MGG_14873T0	3093	3094	222	5.34753
MGG_02936T0	564	565	30	3.95725
MGG_02072T0	3396	3397	11858	260.158
MGG_15867T0	3955	3956	1024	19.2914
MGG_14587T0	2972	2973	701	17.5729
MGG_06484T0	1701	1702	8137	356.308
MGG_16415T0	297	298	1	0.250095
MGG_12478T0	2034	2035	0	0
MGG_02904T0	3606	3607	302.517	6.25065
MGG_00776T0	1803	1804	3646	150.626
MGG_07221T0	1213	1214	128	7.858
MGG_11916T0	1931	1932	81293	3135.93
MGG_04532T0	1485	1486	0	0
MGG_18062T0	411	412	0	0
MGG_02217T0	1407	1408	0	0
MGG_17527T0	225	226	0	0
MGG_16550T0	660	661	275.896	31.1074
MGG_15798T0	297	298	0	0
MGG_06791T0	1815	1816	7	0.287278
MGG_10202T0	1954	1955	612	23.3306
MGG_03365T0	504	505	3	0.442742
MGG_06243T0	4067	4068	1422	26.0519
MGG_04828T0	2812	2813	1032.9	27.3658
MGG_16865T0	258	259	8	2.30203
MGG_00872T0	894	895	1087.4	90.5494
MGG_00047T0	491	492	8	1.21184
MGG_11278T0	2546	2547	6421	187.886
MGG_07669T0	351	352	0	0
MGG_01702T0	3480	3481	3207.6	68.6746
MGG_08820T0	4280	4281	2087	36.3327
MGG_05225T0	3197	3198	200	4.66093
MGG_07550T0	1488	1489	0	0
MGG_08804T0	2298	2299	718	23.2759
MGG_04980T0	788	789	596.179	56.3145
MGG_05396T0	468	469	0	0
MGG_16894T0	1830	1831	86.0223	3.50142
MGG_17204T0	383	384	7	1.35859
MGG_10024T0	1294	1295	62	3.56815
MGG_16561T0	879	880	0	0
MGG_02332T0	810	811	5	0.459483
MGG_01393T0	3317	3318	468	10.5121
MGG_09519T0	1824	1825	1425	58.1933
MGG_17377T0	388	389	37	7.0888
MGG_06695T0	2113	2114	920	32.4342
MGG_16215T0	192	193	7	2.7031
MGG_03241T0	2776	2777	890	23.8855
MGG_09224T0	2013	2014	88	3.25645
MGG_16664T0	369	370	0	0
MGG_06175T0	3107	3108	10210.6	244.845
MGG_03548T0	5789	5790	534	6.87359
MGG_01529T0	402	403	889	164.406
MGG_14949T0	645	646	182	20.9971
MGG_06609T0	1581	1582	14797	697.088
MGG_16147T0	1140	1141	330	21.555
MGG_13203T0	2795	2796	344.238	9.17576
MGG_09350T0	2102	2103	2131	75.5205
MGG_17504T0	1296	1297	4229	243.007
MGG_17470T0	740	741	16	1.60925
MGG_02269T0	1625	1626	239	10.9546
MGG_18072T0	285	286	0	0
MGG_10723T0	207	208	279	99.9681
MGG_08753T0	1249	1250	14	0.834716
MGG_12336T0	5524	5525	2392	32.2663
MGG_11410T0	2739	2740	1026	27.9073
MGG_03880T0	1741	1742	13047.2	558.2
MGG_12764T0	893	894	693	57.7719
MGG_07214T0	1380	1381	166	8.9585
MGG_06519T0	2776	2777	1179	31.6416
MGG_15623T0	252	253	0	0
MGG_01397T0	1563	1564	315	15.0105
MGG_05010T0	1745	1746	37	1.57935
MGG_04304T0	1151	1152	50	3.23473
MGG_05963T0	1488	1489	552.586	27.6583
MGG_17522T0	234	235	228	72.3082
MGG_04150T0	3204	3205	4958	115.292
MGG_07296T0	2970	2971	602.878	15.1233
MGG_15823T0	426	427	0	0
MGG_05655T0	1074	1075	2	0.138657
MGG_13766T0	963	964	0	0
MGG_01374T0	835	836	185	16.4925
MGG_03926T0	3049	3050	6063	148.152
MGG_00411T0	3000	3001	93	2.3096
MGG_06096T0	2683	2684	3191.14	88.6104
MGG_08614T0	1825	1826	206	8.40789
MGG_08279T0	2585	2586	1425	41.0683
MGG_02532T0	1275	1276	41	2.39472
MGG_14758T0	570	571	215	28.0623
MGG_12081T0	285	286	7	1.82412
MGG_13326T0	2781	2782	711	19.0473
MGG_03161T0	3281	3282	359.471	8.16292
MGG_00311T0	1290	1291	146.826	8.47611
MGG_07523T0	4947	4948	1532	23.0754
MGG_06241T0	1452	1453	4258	218.404
MGG_08582T0	3749	3750	6663	132.422
MGG_01751T0	4219	4220	3722	65.7332
MGG_12527T0	1878	1879	2489.85	98.757
MGG_04456T0	3775	3776	767	15.1385
MGG_10735T0	2301	2302	314	10.1659
MGG_05675T0	3977	3978	4923	92.2329
MGG_06001T0	2336	2337	4059	129.444
MGG_07386T0	2957	2958	701	17.662
MGG_14677T0	1785	1786	732	30.5457
MGG_10185T0	921	922	4749.84	383.945
MGG_17884T0	1065	1066	282	19.7157
MGG_11206T0	560	561	456	60.5791
MGG_07215T0	3273	3274	137	3.11862
MGG_15858T0	168	169	1	0.440995
MGG_04613T0	1239	1240	689.519	41.4424
MGG_11279T0	2543	2544	1384	40.5452
MGG_15310T0	927	928	0	0
MGG_17526T0	174	175	0	0
MGG_00811T0	2127	2128	558.867	19.573
MGG_07642T0	1299	1300	0	0
MGG_04050T0	1754	1755	847	35.9689
MGG_03637T0	5516	5517	633	8.55109
MGG_10505T0	955	956	0	0
MGG_00096T0	1773	1774	237.095	9.9607
MGG_09512T0	1555	1556	16968.4	812.74
MGG_03184T0	1860	1861	643	25.7505
MGG_07791T0	666	667	14426	1611.91
MGG_08199T0	4526	4527	19554	321.918
MGG_13797T0	327	328	278	63.1672
MGG_09147T0	1047	1048	0	0
MGG_09533T0	1746	1747	1137.98	48.547
MGG_03349T0	1849	1850	7	0.281999
MGG_07910T0	2085	2086	1017	36.3352
MGG_00793T0	345	346	0	0
MGG_02374T0	2223	2224	191	6.40058
MGG_06120T0	8711	8712	317.251	2.71398
MGG_00860T0	815	816	1082	98.8229
MGG_11193T0	1690	1691	2081	91.7169
MGG_16070T0	1035	1036	11	0.791323
MGG_13927T0	1650	1651	2	0.0902825
MGG_16717T0	398	399	3	0.560362
MGG_09329T0	996	997	403	30.1252
MGG_08069T0	1390	1391	908.842	48.6947
MGG_17807T0	552	553	3	0.404312
MGG_05031T0	2545	2546	146	4.27381
MGG_09103T0	2031	2032	49	1.79719
MGG_13604T0	454	455	0	0
MGG_05297T0	753	754	348	34.3976
MGG_07938T0	975	976	0	0
MGG_04045T0	3081	3082	841	20.3369
MGG_00535T0	3644	3645	123	2.51494
MGG_04821T0	2412	2413	4108	126.88
MGG_06621T0	705	706	2	0.211128
MGG_16364T0	537	538	401	55.5498
MGG_13186T0	2602	2603	826	23.6498
MGG_02556T0	420	421	0	0
MGG_04496T0	985	986	254	19.199
MGG_03110T0	1600	1601	113	5.26027
MGG_04308T0	162	163	0	0
MGG_15208T0	249	250	0	0
MGG_01014T0	3982	3983	4695	87.8509
MGG_15288T0	2424	2425	5297	162.794
MGG_07444T0	2465	2466	220	6.64891
MGG_00053T0	2438	2439	1299	39.6934
MGG_06373T0	1947	1948	282	10.789
MGG_00809T0	3847	3848	175.67	3.40237
MGG_00241T0	6459	6460	0	0
MGG_03385T0	1107	1108	12	0.807165
MGG_04759T0	2847	2848	2468	64.5841
MGG_02658T0	2289	2290	1118	36.3854
MGG_01169T0	2137	2138	828	28.8631
MGG_14329T0	4196	4197	549	9.74887
MGG_17076T0	399	400	9	1.67688
MGG_02113T0	600	601	3884	481.643
MGG_16124T0	742	743	3	0.300921
MGG_12421T0	2496	2497	2598	77.5428
MGG_08757T0	3609	3610	2656	54.8329
MGG_00611T0	1439	1440	1384	71.6299
MGG_05687T0	4771	4772	2386.72	37.2754
MGG_03608T0	1803	1804	633.642	26.1775
MGG_12026T0	315	316	3	0.707546
MGG_16133T0	1769	1770	4	0.168425
MGG_03671T0	1048	1049	16	1.13675
MGG_08653T0	2004	2005	67	2.49047
MGG_01621T0	1054	1055	858	60.6116
MGG_17707T0	5061	5062	2546.22	37.4882
MGG_00725T0	2252	2253	9186.95	303.9
MGG_16866T0	1320	1321	7073	399.045
MGG_08405T0	1397	1398	9	0.479795
MGG_06761T0	2877	2878	1074	27.8121
MGG_09636T0	1407	1408	0	0
MGG_09127T0	555	556	379	50.8025
MGG_03716T0	3823	3824	3955.61	77.0931
MGG_17635T0	546	547	0	0
MGG_15597T0	204	205	0	0
MGG_00226T0	2682	2683	185.097	5.14162
MGG_02202T0	639	640	0	0
MGG_05622T0	2292	2293	8384.16	272.506
MGG_00891T0	2518	2519	680	20.1188
MGG_15821T0	168	169	26	11.4659
MGG_01121T0	1184	1185	1755	110.377
MGG_06570T0	3231	3232	1151	26.5415
MGG_02257T0	954	955	55	4.2922
MGG_16976T0	315	316	3	0.707546
MGG_08345T0	4176	4177	8238	146.987
MGG_12584T0	1359	1360	235	12.878
MGG_06945T0	3682	3683	493	9.97622
MGG_15046T0	504	505	0	0
MGG_13670T0	366	367	37	7.51374
MGG_15793T0	459	460	0	0
MGG_00645T0	2411	2412	2600.57	80.3549
MGG_02712T0	2083	2084	487	17.4161
MGG_04041T0	841	842	84	7.43512
MGG_15881T0	174	175	13	5.53638
MGG_00291T0	5598	5599	180	2.39598
MGG_03521T0	2784	2785	20882	558.814
MGG_01691T0	3550	3551	1145	24.0312
MGG_15229T0	1623	1624	790.658	36.2847
MGG_08179T0	2156	2157	3	0.103655
MGG_15839T0	293	294	4	1.01399
MGG_17892T0	708	709	28	2.94329
MGG_10514T0	1963	1964	117	4.43982
MGG_10680T0	1156	1157	10126.9	652.326
MGG_06125T0	1469	1470	3818	193.571
MGG_14053T0	282	283	0	0
MGG_17066T0	763	764	3	0.29265
MGG_04672T0	1932	1933	5513	212.558
MGG_01245T0	2049	2050	7350	267.211
MGG_02970T0	2250	2251	3211	106.313
MGG_09945T0	2292	2293	58	1.88514
MGG_04986T0	1392	1393	3703	198.118
MGG_03435T0	3232	3233	2818.94	64.9832
MGG_00970T0	1414	1415	2310	121.668
MGG_17518T0	314	315	5	1.18299
MGG_02875T0	6195	6196	1061	12.7622
MGG_17382T0	309	310	1	0.240414
MGG_07615T0	729	730	22	2.24606
MGG_01964T0	474	475	0	0
MGG_06729T0	2656	2657	794.796	22.2938
MGG_03830T0	1506	1507	0	0
MGG_03535T0	3030	3031	629.575	15.4804
MGG_02884T0	1784	1785	50	2.08762
MGG_02715T0	1401	1402	315	16.7449
MGG_02649T0	3140	3141	19	0.450823
MGG_15758T0	198	199	8	2.99611
MGG_15572T0	183	184	6	2.43027
MGG_10011T0	6924	6925	8	0.0860976
MGG_15564T0	782	783	16	1.52293
MGG_16259T0	2097	2098	3343	118.755
MGG_02101T0	1229	1230	96	5.81684
MGG_00160T0	2406	2407	0	0
MGG_05161T0	2153	2154	134	4.63639
MGG_00340T0	828	829	86	7.73152
MGG_14861T0	747	748	63	6.27711
MGG_02733T0	1728	1729	1633.7	70.4203
MGG_15270T0	441	442	4	0.674463
MGG_03701T0	2455	2456	3999	121.351
MGG_02829T0	2870	2871	34777	902.775
MGG_08074T0	2212	2213	2171	73.1138
MGG_16012T0	686	687	122	13.235
MGG_03829T0	1100	1101	49	3.31688
MGG_06543T0	987	988	128	9.65548
MGG_09190T0	4506	4507	8799	145.501
MGG_15429T0	2799	2800	1450	38.595
MGG_14725T0	402	403	0	0
MGG_01590T0	2607	2608	2639.85	75.4385
MGG_09526T0	1337	1338	602	33.5321
MGG_14194T0	516	517	1	0.144155
MGG_12897T0	882	883	119	10.044
MGG_08093T0	4190	4191	2603	46.2889
MGG_09716T0	1945	1946	6	0.229789
MGG_10328T0	1533	1534	338	16.4215
MGG_17409T0	162	163	0	0
MGG_06071T0	993	994	994	74.5282
MGG_07223T0	1017	1018	1659	121.456
MGG_12091T0	1161	1162	323	20.7165
MGG_15886T0	1488	1489	203	10.1607
MGG_04654T0	1332	1333	1559	87.1639
MGG_06835T0	669	670	0	0
MGG_14775T0	4024	4025	3382	62.6222
MGG_00977T0	1384	1385	2661	143.191
MGG_01700T0	1875	1876	37	1.46991
MGG_06040T0	1647	1648	547.337	24.7524
MGG_02851T0	1863	1864	4644	185.681
MGG_02081T0	1904	1905	2	0.0782448
MGG_17785T0	424	425	0	0
MGG_16268T0	288	289	0	0
MGG_02722T0	1804	1805	2471	102.027
MGG_17879T0	303	304	1545	378.77
MGG_07457T0	3239	3240	339.985	7.82052
MGG_17628T0	588	589	0	0
MGG_15014T0	504	505	3	0.442742
MGG_04545T0	1929	1930	6273	242.236
MGG_02121T0	1056	1057	0	0
MGG_05845T0	1869	1870	7	0.278983
MGG_10547T0	2776	2777	305	8.18549
MGG_11724T0	2225	2226	222	7.43273
MGG_11495T0	2147	2148	0	0
MGG_03030T0	1859	1860	79	3.16545
MGG_11300T0	362	363	0	0
MGG_05505T0	1847	1848	332	13.3893
MGG_17244T0	225	226	0	0
MGG_16058T0	339	340	16	3.50721
MGG_01816T0	5557	5558	2534	33.9789
MGG_08761T0	2697	2698	24	0.662964
MGG_04743T0	2442	2443	2326	70.9589
MGG_11025T0	4185	4186	0	0
MGG_05631T0	2550	2551	2110	61.6443
MGG_08915T0	2337	2338	46	1.46634
MGG_13647T0	1761	1762	1709	72.2864
MGG_12926T0	2636	2637	4660	131.703
MGG_04230T0	1575	1576	368	17.4025
MGG_07516T0	2352	2353	2319.09	73.454
MGG_11270T0	2362	2363	2973	93.7674
MGG_10732T0	342	343	0	0
MGG_05597T0	1205	1206	966	59.6967
MGG_10006T0	885	886	5	0.420588
MGG_16192T0	936	937	39.0134	3.1031
MGG_15956T0	207	208	0	0
MGG_01720T0	2727	2728	3269	89.3082
MGG_06059T0	2194	2195	1544.9	52.4551
MGG_01143T0	1848	1849	1446	58.2844
MGG_05364T0	1125	1126	660	43.6844
MGG_17199T0	249	250	3	0.894339
MGG_05255T0	1888	1889	406.709	16.0462
MGG_17461T0	153	154	8	3.8716
MGG_15578T0	297	298	1	0.250095
MGG_17697T0	6245	6246	2714	32.3839
MGG_16174T0	177	178	0	0
MGG_12479T0	1605	1606	7	0.324843
MGG_04136T0	880	881	2974.38	251.618
MGG_05262T0	9702	9703	2085	16.0148
MGG_17995T0	342	343	11	2.39012
MGG_03412T0	1636	1637	65	2.95928
MGG_08836T0	678	679	443	48.6244
MGG_04961T0	3040	3041	77	1.8871
MGG_04179T0	2957	2958	2426	61.1242
MGG_01431T0	1379	1380	22.225	1.20028
MGG_15495T0	950	951	9.63363	0.754971
MGG_15011T0	2178	2179	51843	1773.18
MGG_07768T0	5611	5612	8216	109.11
MGG_16920T0	1205	1206	2216	136.944
MGG_14930T0	1428	1429	528	27.5374
MGG_12758T0	2540	2541	1801	52.8238
MGG_05123T0	1620	1621	994	45.7008
MGG_14615T0	879	880	0	0
MGG_04771T0	2683	2684	1049	29.1282
MGG_01600T0	1749	1750	699	29.7687
MGG_00648T0	1341	1342	138	7.66385
MGG_04140T0	2738	2739	173.154	4.71153
MGG_08552T0	815	816	47	4.29268
MGG_06463T0	2429	2430	40	1.2268
MGG_07119T0	1269	1270	533	31.2784
MGG_09896T0	2660	2661	706	19.7734
MGG_07617T0	1431	1432	148.228	7.71449
MGG_15129T0	624	625	53	6.31999
MGG_10221T0	1068	1069	0	0
MGG_09362T0	324	325	29	6.65021
MGG_07469T0	1137	1138	314	20.564
MGG_17113T0	1032	1033	420	30.3019
MGG_12323T0	247	248	0	0
MGG_16726T0	1492	1493	529	26.4068
MGG_01640T0	273	274	108	29.3761
MGG_03991T0	3961	3962	844	15.8763
MGG_16101T0	228	229	0	0
MGG_04188T0	3673	3674	3357	68.0978
MGG_09562T0	2829	2830	15404	405.665
MGG_05228T0	1802	1803	63	2.60415
MGG_05752T0	342	343	3877	842.408
MGG_08745T0	2419	2420	1546	47.6118
MGG_02525T0	1748	1749	24428	1040.92
MGG_01301T0	1815	1816	139	5.70453
MGG_16474T0	574	575	210.142	27.2374
MGG_05887T0	744	745	2	0.200076
MGG_07358T0	2697	2698	2	0.055247
MGG_01932T0	1311	1312	220	12.4971
MGG_03462T0	3402	3403	5171	113.249
MGG_03051T0	3114	3115	4562	109.149
MGG_09904T0	3317	3318	2265	50.8759
MGG_06854T0	2594	2595	111.584	3.20469
MGG_01759T0	3158	3159	1540	36.3322
MGG_14945T0	6627	6628	2	0.0224889
MGG_13625T0	1098	1099	12	0.813775
MGG_09607T0	1644	1645	3	0.135918
MGG_09413T0	3801	3802	911.018	17.8581
MGG_10876T0	2850	2851	182	4.75768
MGG_04589T0	6485	6486	2709	31.1281
MGG_16859T0	315	316	7	1.65094
MGG_08163T0	171	172	4405	1908.7
MGG_16034T0	1357	1358	37	2.03059
MGG_15290T0	2393	2394	1686.79	52.5118
MGG_04147T0	489	490	1633	248.377
MGG_00039T0	2805	2806	880	23.3731
MGG_16957T0	216	217	0	0
MGG_18053T0	201	202	0	0
MGG_07920T0	1902	1903	5	0.195818
MGG_10847T0	2013	2014	1404	51.9551
MGG_01990T0	1504	1505	17483	865.765
MGG_07915T0	1989	1990	3767	141.079
MGG_15391T0	669	670	0	0
MGG_05190T0	4684	4685	8320	132.353
MGG_06559T0	3097	3098	21046	506.301
MGG_16203T0	4266	4267	1420	24.802
MGG_00637T0	1761	1762	0	0
MGG_06770T0	1383	1384	262	14.1087
MGG_05278T0	2238	2239	193.417	6.43815
MGG_04719T0	1417	1418	8731	458.89
MGG_05180T0	1161	1162	1017.98	65.2909
MGG_05514T0	1435	1436	350	18.165
MGG_15228T0	354	355	26	5.4584
MGG_00016T0	1461	1462	4	0.203908
MGG_15609T0	783	784	20	1.90123
MGG_08833T0	1974	1975	1555.72	58.7063
MGG_01838T0	2083	2084	513	18.346
MGG_15936T0	1381	1382	1779	95.9375
MGG_13742T0	846	847	0	0
MGG_01481T0	1600	1601	446	20.7618
MGG_14859T0	1911	1912	291	11.3429
MGG_11991T0	341	342	183	39.8791
MGG_16178T0	213	214	0	0
MGG_01839T0	2057	2058	29	1.0502
MGG_01073T0	3260	3261	2200	50.2797
MGG_13119T0	3214	3215	267.984	6.21225
MGG_02573T0	2297	2298	481	15.5997
MGG_00514T0	3003	3004	7536	186.966
MGG_07551T0	1774	1775	0	0
MGG_04851T0	1179	1180	74	4.6738
MGG_10618T0	1104	1105	6	0.404678
MGG_15797T0	279	280	4	1.06469
MGG_11490T0	3810	3811	4737	92.6371
MGG_15234T0	4854	4855	477	7.32234
MGG_03600T0	1908	1909	10548	411.799
MGG_02840T0	2370	2371	518	16.2824
MGG_06104T0	3388	3389	1903	41.8493
MGG_16322T0	294	295	0	0
MGG_01782T0	3079	3080	2980	72.1085
MGG_07854T0	788	789	0	0
MGG_07029T0	607	608	67	8.21281
MGG_10144T0	837	838	0	0
MGG_16181T0	3741	3742	104	2.07133
MGG_16836T0	883	884	156	13.152
MGG_13576T0	2760	2761	0	0
MGG_03318T0	1175	1176	812.426	51.487
MGG_00813T0	1349	1350	86	4.74772
MGG_02058T0	1746	1747	0	0
MGG_00666T0	998	999	6520	486.41
MGG_15101T0	390	391	0	0
MGG_03575T0	372	373	229	45.7559
MGG_03556T0	1068	1069	2440	170.111
MGG_03073T0	1078	1079	2615	180.622
MGG_04419T0	1620	1621	21	0.96551
MGG_14729T0	1202	1203	1299	80.4756
MGG_02616T0	2418	2419	3848	118.555
MGG_14264T0	2038	2039	2581	94.339
MGG_06354T0	1269	1270	268.894	15.7797
MGG_06776T0	7462	7463	4444	44.3794
MGG_04736T0	912	913	66	5.38758
MGG_03738T0	2980	2981	1317	32.9264
MGG_09650T0	426	427	0	0
MGG_08971T0	787	788	2	0.189158
MGG_17663T0	705	706	20.1064	2.12252
MGG_06314T0	4033	4034	662.394	12.2377
MGG_12691T0	432	433	17	2.92605
MGG_10358T0	2042	2043	2438	88.9377
MGG_04925T0	597	598	811.881	101.184
MGG_04915T0	1668	1669	88	3.92959
MGG_08885T0	1417	1418	1513	79.5213
MGG_06365T0	1272	1273	235.467	13.7855
MGG_12560T0	1326	1327	4	0.224652
MGG_17359T0	453	454	0	0
MGG_04668T0	1391	1392	268	14.3488
MGG_16043T0	648	649	3	0.344506
MGG_04229T0	1820	1821	971.222	39.7493
MGG_06041T0	3775	3776	25	0.493434
MGG_09959T0	1382	1383	566	30.5011
MGG_00221T0	1115	1116	5384.51	359.586
MGG_06186T0	2108	2109	3126	110.467
MGG_16572T0	1057	1058	0	0
MGG_11179T0	198	199	9	3.37062
MGG_09914T0	2001	2002	2557	95.1891
MGG_10298T0	1974	1975	451	17.0188
MGG_15165T0	665	666	213	23.8356
MGG_15884T0	1013	1014	2	0.146998
MGG_15574T0	1126	1127	27	1.7855
MGG_07618T0	2169	2170	131	4.49917
MGG_18055T0	333	334	0	0
MGG_14352T0	564	565	1543	203.535
MGG_04548T0	2053	2054	2901	105.261
MGG_12094T0	2577	2578	1161	33.5637
MGG_08600T0	1046	1047	3820	271.918
MGG_10273T0	1200	1201	31	1.92371
MGG_15421T0	1332	1333	345	19.289
MGG_05232T0	1131	1132	13182	867.872
MGG_18006T0	2286	2287	74	2.41149
MGG_17190T0	413	414	20	3.6004
MGG_07719T0	1247	1248	316	18.8709
MGG_15424T0	669	670	8	0.889889
MGG_02410T0	1622	1623	1459	66.9973
MGG_16511T0	312	313	4379	1042.68
MGG_16265T0	159	160	0	0
MGG_06720T0	2015	2016	14920	551.568
MGG_17139T0	399	400	6	1.11792
MGG_08381T0	1164	1165	0	0
MGG_16578T0	183	184	0	0
MGG_05658T0	1543	1544	188	9.07468
MGG_04541T0	5681	5682	173	2.26916
MGG_02614T0	819	820	109	9.9068
MGG_02157T0	1627	1628	119	5.4477
MGG_09772T0	1826	1827	138	5.62939
MGG_06610T0	1674	1675	14	0.622922
MGG_02238T0	558	559	6	0.799945
MGG_10067T0	888	889	74	6.2037
MGG_10449T0	1918	1919	0	0
MGG_17696T0	3228	3229	50.1841	1.15829
MGG_13915T0	2493	2494	2547	76.112
MGG_07435T0	1552	1553	1203.95	57.7775
MGG_17847T0	2279	2280	8	0.261502
MGG_10860T0	2077	2078	83	2.97682
MGG_03451T0	3666	3667	3979	80.8693
MGG_07330T0	537	538	160	22.1645
MGG_16304T0	162	163	19	8.68734
MGG_03507T0	639	640	56	6.52122
MGG_18099T0	1294	1295	1951	112.281
MGG_16220T0	2106	2107	1389.47	49.1481
MGG_01982T0	3678	3679	2242	45.4178
MGG_05129T0	7269	7270	2956	30.3034
MGG_01401T0	1308	1309	27	1.53725
MGG_07674T0	2246	2247	348	11.5424
MGG_14932T0	195	196	6	2.28148
MGG_16626T0	297	298	0	0
MGG_13275T0	1401	1402	980	52.0953
MGG_04509T0	1275	1276	14.9869	0.875352
MGG_01933T0	1443	1444	123	6.34832
MGG_04371T0	2357	2358	1850	58.4721
MGG_08781T0	567	568	5	0.656058
MGG_14860T0	2153	2154	471.224	16.3043
MGG_06626T0	2007	2008	39	1.44751
MGG_08895T0	1720	1721	9813	424.954
MGG_16518T0	381	382	9	1.7559
MGG_10656T0	1137	1138	252	16.5036
MGG_03550T0	1471	1472	656.413	33.2346
MGG_12936T0	1134	1135	67750	4448.71
MGG_14702T0	1251	1252	80	4.76219
MGG_06913T0	1974	1975	6317	238.377
MGG_10941T0	3474	3475	425	9.11496
MGG_12633T0	2077	2078	251.431	9.01768
MGG_05678T0	3005	3006	446	11.0577
MGG_04442T0	2427	2428	510.373	15.6661
MGG_10196T0	4341	4342	680	11.6719
MGG_16649T0	2943	2944	466	11.7969
MGG_05679T0	441	442	2508	422.889
MGG_17947T0	234	235	11	3.48855
MGG_02913T0	4724	4725	4525	71.3736
MGG_02746T0	3025	3026	9378	230.973
MGG_15914T0	744	745	30	3.00114
MGG_06553T0	1463	1464	35.2509	1.79453
MGG_11252T0	2192	2193	945	32.1154
MGG_03713T0	1533	1534	63	3.06081
MGG_03228T0	3099	3100	661	15.8913
MGG_06108T0	1136	1137	3120.49	204.542
MGG_17653T0	315	316	0	0
MGG_02207T0	384	385	4	0.774319
MGG_17048T0	216	217	0	0
MGG_01475T0	1653	1654	15	0.675891
MGG_04888T0	2109	2110	322	11.3735
MGG_01170T0	534	535	3995	556.524
MGG_06077T0	1734	1735	2170	93.214
MGG_06280T0	1684	1685	90	3.98074
MGG_15665T0	207	208	1	0.358309
MGG_04327T0	5720	5721	535	6.96951
MGG_06335T0	3529	3530	873	18.4315
MGG_01018T0	1743	1744	5	0.21367
MGG_16902T0	438	439	10	1.69768
MGG_01868T0	2730	2731	13	0.354766
MGG_04605T0	1982	1983	525	19.7314
MGG_14592T0	441	442	97	16.3557
MGG_09619T0	1053	1054	5	0.353549
MGG_17948T0	318	319	28	6.54166
MGG_03971T0	1401	1402	2730	145.123
MGG_03295T0	2563	2564	513	14.9115
MGG_02880T0	4456	4457	5236	87.5543
MGG_01916T0	1698	1699	238	10.4401
MGG_00111T0	5114	5115	449	6.54216
MGG_17329T0	543	544	72	9.86403
MGG_00518T0	1360	1361	2264	123.976
MGG_06372T0	3407	3408	3951	86.4029
MGG_01516T0	3209	3210	243	5.64186
MGG_10407T0	1158	1159	0	0
MGG_16915T0	4590	4591	356	5.77914
MGG_03850T0	7355	7356	632	6.40319
MGG_02458T0	1085	1086	1751	120.165
MGG_14596T0	2304	2305	20	0.646666
MGG_01326T0	3274	3275	4990	113.556
MGG_04481T0	1724	1725	54	2.33306
MGG_09010T0	2590	2591	19029	547.355
MGG_13236T0	210	211	5497	1941.62
MGG_00850T0	5205	5206	845.001	12.0969
MGG_00283T0	848	849	11	0.965619
MGG_15340T0	1275	1276	4	0.233631
MGG_14042T0	4872	4873	33	0.504706
MGG_02424T0	1158	1159	134	8.61672
MGG_05633T0	1777	1778	49	2.05393
MGG_09255T0	6377	6378	1875	21.9098
MGG_06567T0	1895	1896	539	21.1871
MGG_15939T0	360	361	0	0
MGG_16817T0	246	247	3	0.905201
MGG_04864T0	1656	1657	20	0.899556
MGG_16040T0	159	160	0	0
MGG_04474T0	2736	2737	394	10.7286
MGG_16149T0	1496	1497	104865	5220.71
MGG_08695T0	1611	1612	91	4.20724
MGG_04393T0	927	928	2437	195.717
MGG_08111T0	1815	1816	15	0.615596
MGG_17393T0	636	637	68	7.95592
MGG_06535T0	1373	1374	77	4.17662
MGG_00838T0	693	694	73.3531	7.87734
MGG_10844T0	969	970	3755	288.509
MGG_17605T0	477	478	0	0
MGG_04918T0	1042	1043	190.882	13.6396
MGG_14784T0	2131	2132	25	0.873924
MGG_17608T0	345	346	1	0.215399
MGG_14956T0	2345	2346	443.094	14.0763
MGG_11861T0	2362	2363	7711	243.202
MGG_07722T0	1656	1657	1974	88.7862
MGG_16739T0	1142	1143	26086	1700.91
MGG_01853T0	2643	2644	0	0
MGG_05857T0	2592	2593	2899	83.3233
MGG_04454T0	1161	1162	1149.59	73.7325
MGG_07209T0	1224	1225	2266	137.862
MGG_02001T0	1834	1835	822	33.3854
MGG_04733T0	2172	2173	12	0.411569
MGG_05991T0	4109	4110	3490	63.2855
MGG_08487T0	1687	1688	66.1551	2.92086
MGG_12793T0	804	805	34	3.14778
MGG_01543T0	2006	2007	84	3.11927
MGG_16974T0	114	115	0	0
MGG_15073T0	879	880	55.1892	4.67404
MGG_14632T0	506	507	174	25.5777
MGG_14953T0	1962	1963	315	11.9594
MGG_12111T0	4346	4347	3624	62.1326
MGG_06721T0	961	962	10479	811.831
MGG_17144T0	258	259	27	7.76935
MGG_03205T0	2729	2730	1381	37.7009
MGG_16539T0	807	808	857	79.0479
MGG_03417T0	1191	1192	9	0.562713
MGG_04161T0	1147	1148	89	5.77788
MGG_00450T0	2798	2799	98003	2609.5
MGG_02627T0	2719	2720	4704	128.89
MGG_15602T0	249	250	2	0.596226
MGG_13376T0	1564	1565	118	5.61938
MGG_00413T0	2613	2614	15239	434.482
MGG_07151T0	4060	4061	1471	26.9961
MGG_12116T0	1599	1600	140	6.52122
MGG_02446T0	1638	1639	2609	118.636
MGG_04324T0	3284	3285	1792	40.6559
MGG_17659T0	795	796	0	0
MGG_15084T0	580	581	0	0
MGG_02878T0	3743	3744	2669	53.1292
MGG_07431T0	3599	3600	25	0.517557
MGG_09197T0	2568	2569	183	5.30894
MGG_04819T0	3309	3310	240	5.40386
MGG_00677T0	1322	1323	195	10.9849
MGG_08486T0	1997	1998	2	0.0746028
MGG_14927T0	342	343	5	1.08642
MGG_14899T0	1482	1483	0	0
MGG_13016T0	1488	1489	0	0
MGG_06552T0	2199	2200	38	1.28731
MGG_06421T0	2572	2573	3364	97.4399
MGG_01055T0	1626	1627	805.653	36.9047
MGG_16890T0	324	325	0	0
MGG_06469T0	4342	4343	2795.37	47.9701
MGG_01054T0	3653	3654	1015.35	20.7094
MGG_06165T0	1658	1659	278	12.4888
MGG_14955T0	732	733	0	0
MGG_06713T0	1978	1979	337	12.6913
MGG_12617T0	5119	5120	666	9.69449
MGG_10241T0	1941	1942	0	0
EFMOT00000000001	118	119	2.5	1.56572
EFMOT00000000002	72	73	0	0
EFMOT00000000003	72	73	0	0
EFMOT00000000005	104	105	0	0
EFMOT00000000009	83	84	0	0
EFMOT00000000010	72	73	0.5	0.510467
EFMOT00000000011	72	73	0	0
EFMOT00000000012	105	106	2	1.40619
EFMOT00000000013	72	73	0	0
EFMOT00000000014	72	73	0	0
EFMOT00000000015	72	73	0	0
EFMOT00000000016	102	103	0	0
EFMOT00000000017	88	89	0	0
EFMOT00000000018	72	73	0	0
EFMOT00000000019	96	97	0	0
EFMOT00000000020	85	86	0	0
EFMOT00000000021	72	73	0	0
EFMOT00000000023	90	91	0	0
EFMOT00000000024	72	73	0	0
EFMOT00000000025	102	103	2	1.44715
EFMOT00000000028	104	105	2	1.41958
EFMOT00000000029	134	135	0	0
EFMOT00000000030	136	137	3	1.632
EFMOT00000000032	72	73	0	0
EFMOT00000000033	72	73	0.666667	0.680623
EFMOT00000000036	89	90	0	0
EFMOT00000000037	83	84	0	0
EFMOT00000000039	93	94	1	0.792853
EFMOT00000000041	88	89	1	0.837396
EFMOT00000000042	72	73	0	0
EFMOT00000000044	84	85	0	0
EFMOT00000000045	72	73	0	0
EFMOT00000000046	139	140	1	0.532344
EFMOT00000000048	72	73	0	0
EFMOT00000000049	72	73	0	0
EFMOT00000000050	72	73	0	0
EFMOT00000000051	72	73	0.333333	0.340311
EFMOT00000000053	83	84	0	0
EFMOT00000000054	101	102	9	6.57602
EFMOT00000000055	72	73	0	0
EFMOT00000000059	72	73	0	0
EFMOT00000000060	72	73	0	0
EFMOT00000000062	73	74	0	0
EFMOT00000000063	72	73	0	0
EFMOT00000000064	72	73	0	0
EFMOT00000000065	72	73	0	0
EFMOT00000000066	101	102	5	3.65334
EFMOT00000000067	72	73	0	0
EFMOT00000000068	72	73	0	0
EFMOT00000000069	95	96	2	1.55267
EFMOT00000000070	89	90	0	0
EFMOT00000000072	72	73	0	0
EFMOT00000000073	72	73	0	0
EFMOT00000000074	72	73	0	0
EFMOT00000000075	72	73	0	0
EFMOT00000000076	72	73	0	0
EFMOT00000000077	85	86	0	0
EFMOT00000000078	72	73	0	0
EFMOT00000000079	72	73	0	0
EFMOT00000000080	83	84	0	0
EFMOT00000000081	72	73	0	0
EFMOT00000000082	112	113	13	8.57404
EFMOT00000000083	72	73	0	0
EFMOT00000000084	89	90	0	0
EFMOT00000000085	72	73	0	0
EFMOT00000000086	72	73	0	0
EFMOT00000000087	92	93	0	0
EFMOT00000000088	72	73	0	0
EFMOT00000000089	92	93	0	0
EFMOT00000000091	85	86	0	0
EFMOT00000000092	89	90	0	0
EFMOT00000000093	72	73	0	0
EFMOT00000000094	104	105	1	0.709792
EFMOT00000000095	72	73	0	0
EFMOT00000000097	72	73	3.25	3.31804
EFMOT00000000098	72	73	0	0
EFMOT00000000099	82	83	0	0
EFMOT00000000100	72	73	0	0
EFMOT00000000101	101	102	6.64741	4.85706
EFMOT00000000102	72	73	0	0
EFMOT00000000103	72	73	0	0
EFMOT00000000104	72	73	0	0
EFMOT00000000105	133	134	7	3.89326
EFMOT00000000106	72	73	0	0
EFMOT00000000107	72	73	0	0
EFMOT00000000108	102	103	2	1.44715
EFMOT00000000109	120	121	0	0
EFMOT00000000110	112	113	0	0
EFMOT00000000111	72	73	2.0178	2.06004
EFMOT00000000112	104	105	0	0
EFMOT00000000113	83	84	0	0
EFMOT00000000114	124	125	0	0
EFMOT00000000116	120	121	1	0.615936
EFMOT00000000117	98	99	1	0.75281
EFMOT00000000119	72	73	0	0
EFMOT00000000122	72	73	0	0
EFMOT00000000123	135	136	1	0.548002
EFMOT00000000124	96	97	5	3.84166
EFMOT00000000125	72	73	0	0
EFMOT00000000127	72	73	0	0
EFMOT00000000128	101	102	10.2172	7.46541
EFMOT00000000129	86	87	0	0
EFMOT00000000130	72	73	0	0
EFMOT00000000131	72	73	0	0
EFMOT00000000132	96	97	0	0
EFMOT00000000133	85	86	0	0
EFMOT00000000134	72	73	0	0
EFMOT00000000136	72	73	0	0
EFMOT00000000137	72	73	3.25	3.31804
EFMOT00000000138	86	87	0	0
EFMOT00000000139	111	112	0	0
EFMOT00000000140	72	73	0	0
EFMOT00000000141	72	73	0	0
EFMOT00000000143	109	110	0	0
EFMOT00000000144	72	73	0	0
EFMOT00000000147	72	73	0	0
EFMOT00000000148	73	74	0	0
EFMOT00000000149	90	91	1	0.818991
EFMOT00000000150	72	73	0	0
EFMOT00000000151	83	84	6	5.32344
EFMOT00000000152	98	99	0	0
EFMOT00000000153	72	73	0	0
EFMOT00000000154	101	102	1	0.730669
EFMOT00000000155	105	106	1	0.703096
EFMOT00000000157	111	112	0	0
EFMOT00000000158	72	73	0	0
EFMOT00000000159	90	91	6	4.91395
EFMOT00000000160	72	73	0.666667	0.680623
EFMOT00000000161	96	97	0	0
EFMOT00000000162	89	90	0	0
EFMOT00000000163	72	73	0	0
EFMOT00000000164	111	112	1	0.66543
EFMOT00000000165	72	73	0	0
EFMOT00000000166	72	73	0	0
EFMOT00000000168	72	73	1.43517	1.46521
EFMOT00000000169	85	86	0	0
EFMOT00000000170	72	73	0	0
EFMOT00000000171	74	75	0	0
EFMOT00000000172	87	88	0	0
EFMOT00000000173	89	90	0	0
EFMOT00000000174	108	109	0	0
EFMOT00000000175	85	86	0	0
EFMOT00000000176	88	89	0	0
EFMOT00000000177	90	91	0	0
EFMOT00000000178	72	73	0.333333	0.340311
EFMOT00000000179	95	96	2	1.55267
EFMOT00000000180	72	73	0	0
EFMOT00000000181	72	73	0	0
EFMOT00000000182	114	115	0	0
EFMOT00000000183	72	73	0	0
EFMOT00000000184	72	73	0	0
EFMOT00000000187	92	93	2	1.60276
EFMOT00000000189	83	84	0	0
EFMOT00000000190	85	86	0	0
EFMOT00000000191	72	73	0	0
EFMOT00000000192	72	73	0	0
EFMOT00000000193	91	92	18	14.5816
EFMOT00000000194	88	89	1	0.837396
EFMOT00000000195	73	74	0	0
EFMOT00000000196	85	86	0	0
EFMOT00000000197	72	73	0	0
EFMOT00000000198	72	73	0	0
EFMOT00000000199	72	73	0	0
EFMOT00000000200	100	101	0	0
EFMOT00000000201	72	73	0	0
EFMOT00000000202	89	90	0	0
EFMOT00000000203	72	73	0	0
EFMOT00000000204	72	73	0	0
EFMOT00000000206	72	73	0	0
EFMOT00000000207	72	73	0	0
EFMOT00000000208	89	90	0	0
EFMOT00000000209	101	102	0	0
EFMOT00000000210	82	83	0	0
EFMOT00000000211	72	73	0	0
EFMOT00000000213	72	73	0	0
EFMOT00000000214	85	86	0	0
EFMOT00000000215	92	93	24	19.2331
EFMOT00000000217	96	97	6	4.60999
EFMOT00000000218	84	85	0	0
EFMOT00000000219	110	111	0	0
EFMOT00000000220	72	73	0	0
EFMOT00000000221	97	98	0	0
EFMOT00000000222	72	73	0	0
EFMOT00000000223	101	102	4.5	3.28801
EFMOT00000000224	72	73	0	0
EFMOT00000000225	86	87	0	0
EFMOT00000000226	72	73	0	0
EFMOT00000000227	72	73	0	0
EFMOT00000000228	72	73	0.333333	0.340311
EFMOT00000000229	79	80	0	0
EFMOT00000000230	104	105	0	0
EFMOT00000000236	72	73	0.666667	0.680623
EFMOT00000000240	72	73	0	0
EFMOT00000000241	72	73	0	0
EFMOT00000000243	72	73	0	0
EFMOT00000000244	72	73	0	0
EFMOT00000000245	72	73	0	0
EFMOT00000000246	72	73	0	0
EFMOT00000000247	72	73	0	0
EFMOT00000000249	72	73	0	0
EFMOT00000000250	72	73	3.25	3.31804
EFMOT00000000251	72	73	0	0
EFMOT00000000252	72	73	0	0
EFMOT00000000253	72	73	0	0
EFMOT00000000254	72	73	0	0
EFMOT00000000255	85	86	0	0
EFMOT00000000256	86	87	0	0
EFMOT00000000258	90	91	3	2.45697
EFMOT00000000259	72	73	0	0
EFMOT00000000260	72	73	0	0
EFMOT00000000261	72	73	0	0
EFMOT00000000262	72	73	0	0
EFMOT00000000265	72	73	0	0
EFMOT00000000266	99	100	0	0
EFMOT00000000267	72	73	0	0
EFMOT00000000269	112	113	0	0
EFMOT00000000270	109	110	9	6.09776
EFMOT00000000271	73	74	0	0
EFMOT00000000272	105	106	0	0
EFMOT00000000273	96	97	0	0
EFMOT00000000274	85	86	0	0
EFMOT00000000275	72	73	0	0
EFMOT00000000277	72	73	3.25	3.31804
EFMOT00000000278	125	126	7	4.14046
EFMOT00000000279	74	75	0	0
EFMOT00000000280	98	99	0	0
EFMOT00000000282	72	73	0	0
EFMOT00000000283	101	102	0	0
EFMOT00000000284	72	73	0	0
EFMOT00000000285	113	114	0	0
EFMOT00000000286	72	73	0	0
EFMOT00000000287	72	73	0	0
EFMOT00000000288	92	93	0	0
EFMOT00000000289	96	97	0	0
EFMOT00000000290	72	73	0	0
EFMOT00000000292	72	73	0	0
EFMOT00000000293	72	73	0	0
EFMOT00000000294	85	86	0	0
EFMOT00000000296	72	73	0	0
EFMOT00000000298	72	73	0	0
EFMOT00000000299	72	73	0	0
EFMOT00000000300	118	119	2.5	1.56572
EFMOT00000000301	72	73	0	0
EFMOT00000000302	101	102	0	0
EFMOT00000000303	89	90	0	0
EFMOT00000000306	90	91	0	0
EFMOT00000000307	111	112	7	4.65801
EFMOT00000000308	72	73	0	0
EFMOT00000000309	72	73	2	2.04187
EFMOT00000000310	110	111	0	0
EFMOT00000000311	88	89	0	0
EFMOT00000000312	72	73	1.43517	1.46521
EFMOT00000000313	96	97	0	0
EFMOT00000000314	110	111	0	0
EFMOT00000000315	88	89	0	0
EFMOT00000000317	72	73	0	0
EFMOT00000000318	97	98	6	4.56295
EFMOT00000000319	104	105	0	0
EFMOT00000000320	93	94	0	0
EFMOT00000000321	87	88	1	0.846912
EFMOT00000000323	72	73	0	0
EFMOT00000000324	96	97	0	0
EFMOT00000000325	86	87	0	0
EFMOT00000000326	99	100	0	0
EFMOT00000000327	102	103	13.3245	9.64125
EFMOT00000000328	100	101	0	0
EFMOT00000000329	101	102	1.5	1.096
EFMOT00000000330	104	105	3	2.12938
EFMOT00000000332	84	85	0	0
EFMOT00000000333	102	103	21.0281	15.2154
EFMOT00000000335	72	73	0	0
EFMOT00000000336	72	73	0	0
EFMOT00000000337	85	86	0	0
EFMOT00000000339	104	105	0	0
EFMOT00000000340	72	73	0	0
EFMOT00000000341	72	73	0	0
EFMOT00000000343	72	73	0	0
EFMOT00000000344	96	97	0	0
EFMOT00000000345	72	73	0	0
EFMOT00000000346	85	86	0	0
EFMOT00000000348	105	106	0	0
EFMOT00000000350	84	85	0	0
EFMOT00000000351	101	102	0	0
EFMOT00000000353	72	73	0	0
EFMOT00000000354	72	73	0	0
EFMOT00000000355	93	94	0	0
EFMOT00000000356	72	73	0	0
EFMOT00000000357	72	73	0	0
EFMOT00000000358	110	111	0	0
EFMOT00000000359	72	73	0	0
EFMOT00000000360	72	73	0	0
EFMOT00000000361	93	94	0	0
EFMOT00000000362	102	103	0	0
EFMOT00000000363	72	73	0	0
EFMOT00000000364	72	73	0	0
EFMOT00000000366	72	73	0.5	0.510467
EFMOT00000000367	72	73	0	0
EFMOT00000000368	89	90	0	0
EFMOT00000000369	96	97	0	0
EFMOT00000000370	72	73	0	0
EFMOT00000000372	72	73	0	0
EFMOT00000000373	133	134	0	0
EFMOT00000000374	72	73	0	0
EFMOT00000000375	90	91	0	0
EFMOT00000000376	72	73	0	0
EFMOT00000000378	85	86	11	9.53268
EFMOT00000000379	72	73	1	1.02093
EFMOT00000000382	72	73	0	0
EFMOT00000000383	89	90	0	0
EFMOT00000000384	91	92	0	0
EFMOT00000000385	72	73	0	0
EFMOT00000000387	92	93	0	0
EFMOT00000000388	93	94	11	8.72139
EFMOT00000000389	72	73	0	0
EFMOT00000000390	94	95	0	0
EFMOT00000000391	94	95	1	0.784507
MGG_16776T0	243	244	0	0
MGG_17328T0	243	244	0	0
MGG_16479T0	588	589	0	0
MGG_16677T0	243	244	0	0
MGG_16614T0	243	244	0	0
MGG_16613T0	243	244	0	0
MGG_16598T0	243	244	0	0
MGG_16563T0	243	244	0	0
MGG_17268T0	243	244	0	0
MGG_15944T0	243	244	0	0
MGG_17600T0	243	244	0	0
MGG_15710T0	215	216	68	23.4626
MGG_17242T0	243	244	0	0
MGG_16280T0	243	244	0	0
MGG_16642T0	218	219	1	0.340311
MGG_15503T0	516	517	830.298	119.692
MGG_16566T0	492	493	0	0
MGG_16285T0	243	244	0	0
MGG_16639T0	698	699	136	14.5005
MGG_16639T1	239	240	3	0.931603
MGG_06302T1	320	321	305	70.8134
MGG_06302T0	2540	2541	8584	251.771
MGG_18104T0	150	151	0	0
MGG_15500T0	243	244	0	0
MGG_17125T0	231	232	0	0
MGG_18084T0	243	244	0	0
MGG_15947T0	243	244	0	0
MGG_16695T0	243	244	0	0
MGG_15967T0	651	652	1.00144	0.114472
MGG_18132T0	243	244	0	0
MGG_16499T0	243	244	0	0
MGG_16498T0	243	244	0	0
MGG_16783T0	243	244	0	0
MGG_17211T0	453	454	0	0
MGG_17866T0	228	229	7	2.27815
MGG_17482T0	327	328	75	17.0415
MGG_16020T0	918	919	2	0.162194
MGG_17368T0	504	505	2	0.295161
MGG_16293T0	555	556	64	8.57879
MGG_16567T0	243	244	0	0
MGG_17494T0	177	178	0	0
MGG_16980T0	243	244	0	0
MGG_17604T0	243	244	0	0
MGG_17589T0	243	244	0	0
MGG_18129T0	243	244	0	0
MGG_15717T0	243	244	0	0
MGG_16051T0	300	301	0	0
MGG_15940T0	243	244	0	0
MGG_18069T0	243	244	0	0
MGG_17775T0	243	244	0	0
MGG_16310T0	243	244	0	0
MGG_17728T0	153	154	6	2.9037
MGG_16674T0	243	244	0	0
MGG_17777T0	510	511	245	35.7327
MGG_17585T0	243	244	0	0
MGG_15871T0	150	151	4	1.97426
MGG_15511T0	243	244	0	0
MGG_14532T0	510	511	13	1.89602
MGG_16682T0	243	244	0	0
MGG_16673T0	243	244	0	0
MGG_01057T0	1128	1129	919	60.6656
MGG_16643T0	198	199	1	0.374514
MGG_18114T0	552	553	65.3973	8.81364
MGG_16785T0	243	244	0	0
MGG_18059T0	243	244	0	0
MGG_16488T0	552	553	4.7525	0.640497
MGG_15941T0	243	244	0	0
MGG_17100T0	475	476	7	1.096
MGG_16730T0	516	517	162	23.3531
MGG_16369T0	243	244	0	0
MGG_17016T0	354	355	0	0
MGG_16080T0	417	418	1	0.178297
MGG_16314T0	243	244	0	0
MGG_16103T0	597	598	1555.67	193.882
MGG_16676T0	243	244	8.26014e-08	2.52301e-08
MGG_15714T0	243	244	0	0
MGG_16565T0	470	471	0	0
MGG_16984T0	624	625	0	0
MGG_16843T0	483	484	29	4.46553
MGG_17560T0	243	244	0	0
MGG_17065T0	243	244	0	0
MGG_17325T0	402	403	0	0
MGG_17009T0	330	331	0	0
MGG_17598T0	243	244	0	0
MGG_16597T0	243	244	0	0
MGG_15512T0	243	244	0	0
MGG_17186T0	189	190	7265	2849.72
MGG_16814T0	246	247	0	0
MGG_15716T0	243	244	1.53172	0.467853
MGG_16068T0	243	244	0	0
MGG_18131T0	243	244	0	0
MGG_16569T0	243	244	0	0
MGG_18073T0	366	367	0	0
MGG_16139T0	225	226	4	1.31908
MGG_17561T0	243	244	0	0
MGG_16413T0	372	373	31	6.19403
MGG_17427T0	228	229	3	0.976352
MGG_16074T0	243	244	1.53172	0.467853
MGG_17074T0	591	592	22	2.76963
MGG_17176T0	273	274	0	0
MGG_15493T0	243	244	0	0
MGG_16093T0	811	812	30	2.75351
MGG_16683T0	243	244	0	0
MGG_17854T0	891	892	0	0
MGG_16979T0	588	589	5.93074	0.750437
MGG_16767T0	210	211	4	1.41286
MGG_17261T0	243	244	0	0
MGG_16913T0	288	289	11	2.83671
MGG_16564T0	333	334	0	0
MGG_16120T0	592	593	0	0
MGG_16067T0	243	244	0	0
MGG_17136T0	237	238	10	3.13144
MGG_15931T0	427	428	29	5.04981
MGG_15715T0	243	244	1.53172	0.467853
MGG_17218T0	1011	1012	0.000824846	6.07454e-05
MGG_17327T0	243	244	0	0
MGG_17269T0	327	328	1	0.22722
MGG_16284T0	243	244	0	0
MGG_17306T0	1362	1363	0	0
MGG_18086T0	243	244	0	0
MGG_16312T0	243	244	0	0
MGG_17867T0	243	244	0	0
MGG_17243T0	243	244	0	0
MGG_16313T0	333	334	0	0
MGG_17545T0	243	244	0	0
MGG_17238T0	243	244	0	0
MGG_17736T0	204	205	2	0.727105
MGG_18083T0	243	244	0	0
MGG_16327T0	843	844	0	0
MGG_15942T0	243	244	0	0
MGG_16309T0	243	244	0	0
MGG_16384T0	243	244	0	0
MGG_17298T0	372	373	0	0
MGG_16809T0	243	244	0	0
MGG_16470T0	243	244	0	0
MGG_16283T0	243	244	0	0
MGG_16928T0	261	262	0	0
MGG_18080T0	243	244	0	0
MGG_16469T0	243	244	0	0
MGG_17501T0	243	244	0	0
MGG_16407T0	243	244	0	0
MGG_14095T0	843	844	169	14.9233
MGG_17185T0	226	227	1	0.328318
MGG_16694T0	243	244	0	0
MGG_16885T0	243	244	0	0
MGG_15969T0	651	652	0	0
MGG_15945T0	243	244	0	0
MGG_16082T0	423	424	0	0
MGG_17818T0	507	508	0	0
MGG_17262T0	243	244	0	0
MGG_17549T0	243	244	0	0
MGG_16351T0	372	373	0	0
MGG_16819T0	216	217	14	4.80827
MGG_17369T0	332	333	5	1.11904
MGG_16684T0	243	244	0	0
MGG_17748T0	555	556	0	0
MGG_15806T0	243	244	0	0
MGG_16050T0	243	244	0	0
MGG_18103T0	243	244	0	0
MGG_16544T0	189	190	0	0
MGG_15973T0	471	472	0	0
MGG_15962T0	651	652	12.4866	1.4273
MGG_17819T0	243	244	8.26014e-08	2.52301e-08
MGG_16245T0	239	240	2	0.621068
MGG_16046T0	186	187	0	0
MGG_17146T0	207	208	5	1.79154
MGG_16406T0	324	325	0	0
MGG_17856T0	771	772	0	0
MGG_16478T0	243	244	0	0
MGG_16602T0	243	244	0	0
MGG_16338T0	204	205	91	33.0833
MGG_16782T0	330	331	0	0
MGG_15970T0	1335	1336	139.936	7.80629
MGG_17996T0	186	187	13	5.18111
MGG_17734T0	571	572	0	0
MGG_10209T0	1701	1702	37	1.62018
MGG_16104T0	204	205	3	1.09066
MGG_15662T0	218	219	3	1.02093
MGG_17643T0	747	748	0	0
MGG_16675T0	243	244	0	0
MGG_17517T0	221	222	0	0
MGG_17219T0	453	454	0	0
MGG_17175T0	639	640	386	44.9498
MGG_16370T0	243	244	0	0
MGG_17008T0	243	244	0	0
MGG_16073T0	243	244	0	0
MGG_17559T0	243	244	0	0
MGG_18058T0	243	244	0	0
MGG_17267T0	327	328	1	0.22722
MGG_17852T0	243	244	0	0
MGG_17497T0	156	157	0	0
MGG_16713T0	219	220	7	2.37135
MGG_15567T0	237	238	12	3.75772
MGG_17916T0	300	301	11	2.72362
MGG_16795T0	232	233	30	9.59591
MGG_17006T0	270	271	43.5207	11.9687
MGG_18130T0	516	517	830.298	119.692
MGG_17259T0	489	490	41	6.23603
MGG_17769T0	243	244	0	0
MGG_16987T0	243	244	0	0
MGG_16401T0	243	244	0	0
MGG_17985T0	183	184	4	1.62018
MGG_16685T0	243	244	0	0
MGG_18047T0	354	355	0	0
MGG_18081T0	243	244	0	0
MGG_17552T0	432	433	0	0
MGG_17212T0	1011	1012	0.000824846	6.07454e-05
MGG_15943T0	315	316	389.99	91.9786
MGG_18075T0	501	502	0	0
MGG_16281T0	243	244	0	0
MGG_15946T0	1122	1123	445.296	29.5522
MGG_14020T0	1029	1030	0	0
MGG_18009T0	294	295	1	0.252638
MGG_15948T0	243	244	0	0
MGG_17599T0	243	244	0	0
MGG_14777T0	546	547	25	3.40623
MGG_16763T0	296	297	2	0.501873
MGG_18038T0	243	244	0	0
MGG_16568T0	243	244	0	0
MGG_17004T0	243	244	0	0
MGG_16907T0	243	244	0	0
MGG_15763T0	243	244	0	0
MGG_16808T0	243	244	0	0
MGG_14812T0	405	406	24	4.40561
MGG_16016T0	321	322	0	0
MGG_16405T0	243	244	0	0
MGG_17063T0	501	502	0	0
MGG_16916T0	258	259	0	0
MGG_16282T0	690	691	27.37	2.95201
MGG_16985T0	243	244	0	0
MGG_16599T0	243	244	0	0
MGG_16551T0	822	823	0	0
MGG_16988T0	243	244	0	0
MGG_16986T0	243	244	0	0
MGG_15898T0	345	346	490	105.546
MGG_18085T0	243	244	0	0
