target_id	length	eff_length	est_counts	tpm
MGG_07573T0	4058	4059	5764	97.2598
MGG_05134T0	1811	1812	5146	194.509
MGG_03309T0	1113	1114	14	0.860739
MGG_07008T0	2587	2588	5151	136.319
MGG_16787T0	429	430	0	0
MGG_04858T0	3024	3025	10706	242.399
MGG_12006T0	1560	1561	145	6.362
MGG_02444T0	6373	6374	2676	28.7543
MGG_17251T0	225	226	0	0
MGG_10811T0	1419	1420	0	0
MGG_15612T0	4020	4021	277	4.71818
MGG_00349T0	1011	1012	10700.6	724.194
MGG_16619T0	348	349	2	0.392494
MGG_04614T0	937	938	3692.54	269.619
MGG_16874T0	174	175	5	1.95686
MGG_07147T0	2929	2930	1330	31.0894
MGG_00076T0	2460	2461	1901	52.9053
MGG_12797T0	1232	1233	13628	757.003
MGG_11099T0	1590	1591	0	0
MGG_07363T0	787	788	3	0.26075
MGG_17953T0	4420	4421	3061.09	47.4225
MGG_14898T0	388	389	62	10.9162
MGG_14463T0	1415	1416	598	28.9245
MGG_08330T0	1368	1369	400	20.0118
MGG_09307T0	2126	2127	85	2.73703
MGG_03918T0	2470	2471	823	22.8116
MGG_00421T0	969	970	24	1.6946
MGG_02463T0	815	816	1057.1	88.7265
MGG_00675T0	2891	2892	573	13.5702
MGG_15190T0	595	596	9	1.03425
MGG_02777T0	1610	1611	419	17.8134
MGG_05980T0	1438	1439	58835	2800.29
MGG_00454T0	4840	4841	2169	30.6869
MGG_05454T0	1590	1591	3710	159.71
MGG_16029T0	252	253	53	14.3478
MGG_07528T0	1527	1528	2221	99.5529
MGG_15909T0	219	220	4	1.24528
MGG_16156T0	493	494	6	0.831865
MGG_05339T0	891	892	463	35.5504
MGG_18122T0	498	499	505	69.3138
MGG_16935T0	1487	1488	3	0.138085
MGG_08406T0	477	478	9	1.28957
MGG_05005T0	2421	2422	1414	39.9856
MGG_11608T0	2244	2245	576	17.5725
MGG_14221T0	1242	1243	45	2.47953
MGG_15428T0	1674	1675	228	9.32285
MGG_17084T0	2151	2152	341	10.8528
MGG_08114T0	3175	3176	1793	38.6659
MGG_06700T0	4022	4023	1478	25.1625
MGG_14591T0	1617	1618	165	6.98448
MGG_07304T0	258	259	1	0.264441
MGG_09457T0	1172	1173	265.055	15.4763
MGG_07009T0	1011	1012	610.327	41.3058
MGG_15010T0	556	557	13	1.59852
MGG_11663T0	1098	1099	131	8.16399
MGG_00065T0	3029	3030	4236.8	95.7688
MGG_10601T0	2183	2184	224	7.02464
MGG_11526T0	633	634	0	0
MGG_13087T0	327	328	8	1.67049
MGG_00223T0	1555	1556	12509	550.607
MGG_02093T0	1506	1507	2	0.0908961
MGG_01153T0	1251	1252	4496	245.952
MGG_02698T0	1675	1676	53	2.16586
MGG_10893T0	1663	1664	289	11.8952
MGG_14635T0	1511	1512	627	28.4017
MGG_17720T0	375	376	49	8.92559
MGG_17976T0	4110	4111	3086	51.4135
MGG_05211T0	4310	4311	2419	38.4314
MGG_05253T0	1815	1816	792	29.8702
MGG_07261T0	2500	2501	1299.48	35.5865
MGG_01043T0	2705	2706	2193	55.5059
MGG_04395T0	4996	4997	2862.98	39.2408
MGG_00786T1	1869	1870	6220.45	227.829
MGG_00786T0	1904	1905	3097.55	111.366
MGG_06579T0	975	976	18	1.26314
MGG_15326T0	892	893	51	3.91154
MGG_17770T0	318	319	0	0
MGG_03684T0	2464	2465	2497	69.3794
MGG_16981T0	2740	2741	1216	30.3846
MGG_17657T0	700	701	7	0.683925
MGG_11239T0	2741	2742	906	22.6303
MGG_08136T0	1643	1644	643	26.7878
MGG_09718T0	1570	1571	456	19.88
MGG_05720T0	2668	2669	948.703	24.345
MGG_10455T0	594	595	0	0
MGG_08158T0	1723	1724	48766	1937.35
MGG_01319T0	993	994	44	3.03176
MGG_07686T0	729	730	24	2.25173
MGG_04518T0	2276	2277	1180	35.4934
MGG_10595T0	3024	3025	1163	26.3319
MGG_07332T0	2844	2845	1493.31	35.9497
MGG_00246T0	1594	1595	7979	342.623
MGG_14140T0	1269	1270	3	0.161788
MGG_03888T0	1983	1984	671	23.1638
MGG_17017T0	309	310	7	1.54655
MGG_17237T0	207	208	0	0
MGG_09185T0	3684	3685	3749	69.6798
MGG_04634T0	2250	2251	7	0.212986
MGG_15422T0	1101	1102	265	16.47
MGG_12303T0	273	274	166	41.4941
MGG_05067T0	1594	1595	397.519	17.0697
MGG_04724T0	4323	4324	735	11.6421
MGG_10534T0	2152	2153	270	8.58911
MGG_06375T0	1961	1962	821.659	28.6828
MGG_09428T0	972	973	4	0.281563
MGG_02702T0	501	502	7	0.955043
MGG_05491T0	3200	3201	113	2.41781
MGG_08646T0	3719	3720	853	15.7049
MGG_03350T0	735	736	2365	220.081
MGG_03315T0	1005	1006	19	1.29355
MGG_06267T0	1350	1351	1295.39	65.6712
MGG_04557T0	710	711	212	20.4218
MGG_16385T0	321	322	14	2.97784
MGG_16360T0	381	382	1	0.179294
MGG_09467T0	984	985	114	7.92679
MGG_01722T0	2290	2291	2312	69.118
MGG_01117T0	2575	2576	967	25.7104
MGG_09164T0	2056	2057	189	6.29298
MGG_06775T0	2044	2045	524	17.5496
MGG_06052T0	3840	3841	4971	88.6397
MGG_10152T0	3181	3182	322	6.93082
MGG_03456T0	1623	1624	191	8.05519
MGG_05718T0	2436	2437	3523	99.0115
MGG_05128T0	2264	2265	16481	498.361
MGG_15417T0	429	430	0	0
MGG_03816T0	1434	1435	26	1.24094
MGG_07298T0	1397	1398	688	33.7062
MGG_00543T0	2181	2182	2563	80.4493
MGG_08957T0	381	382	15	2.68941
MGG_04194T0	2002	2003	54	1.84647
MGG_17907T0	354	355	0	0
MGG_07785T0	2112	2113	358.406	11.6173
MGG_02191T0	1340	1341	61	3.11551
MGG_17222T0	1735	1736	635	25.0526
MGG_04173T0	1753	1754	8276	323.161
MGG_03668T0	3678	3679	4032	75.0619
MGG_09126T0	846	847	13	1.05121
MGG_00070T0	1870	1871	65	2.3794
MGG_10418T0	327	328	0	0
MGG_08016T0	2309	2310	289	8.56869
MGG_16393T0	2074	2075	565	18.6491
MGG_05627T0	1029	1030	379	25.2017
MGG_13629T0	3079	3080	821	18.2566
MGG_11144T0	2144	2145	2006	64.0519
MGG_17499T0	537	538	84.1018	10.7066
MGG_15485T0	904	905	47	3.55695
MGG_11917T0	5142	5143	2520	33.5593
MGG_09963T0	2128	2129	1004	32.2988
MGG_16222T0	989	990	620.245	42.9098
MGG_08008T0	1229	1230	1510	84.0815
MGG_03498T0	1923	1924	216.445	7.70497
MGG_01616T0	2385	2386	880	25.2604
MGG_02631T0	2146	2147	112	3.57285
MGG_15799T0	321	322	1	0.212703
MGG_03644T0	435	436	2550	400.574
MGG_13801T0	3460	3461	3371	66.7092
MGG_09761T0	1121	1122	28684	1750.96
MGG_01404T0	1327	1328	2477	127.749
MGG_17587T0	189	190	0	0
MGG_09497T0	2338	2339	3498	102.428
MGG_04022T0	1036	1037	2315	152.898
MGG_16750T0	1440	1441	84	3.99249
MGG_10785T0	936	937	48	3.50857
MGG_18035T0	405	406	1635	275.817
MGG_10195T0	2296	2297	12567	374.713
MGG_07437T0	4272	4273	414.807	6.64877
MGG_12863T0	1239	1240	16	0.883745
MGG_10268T0	2058	2059	1355	45.0725
MGG_09535T0	1617	1618	2577	109.085
MGG_02863T0	1206	1207	192	10.8949
MGG_01190T0	1260	1261	182	9.88519
MGG_04905T0	2525	2526	846.273	22.9459
MGG_07087T0	3264	3265	647	13.5722
MGG_03894T0	2787	2788	1420	34.8839
MGG_07428T0	1229	1230	1720	95.775
MGG_07406T0	2151	2152	176	5.60143
MGG_05693T0	2633	2634	1315	34.1931
MGG_02907T0	465	466	53	7.78966
MGG_04340T0	2626	2627	311.315	8.11649
MGG_06914T0	1627	1628	3548	149.265
MGG_15502T0	219	220	8	2.49055
MGG_09523T0	12506	12507	3092	16.9323
MGG_05368T0	1920	1921	246	8.77074
MGG_14006T0	222	223	22	6.75688
MGG_09004T0	1853	1854	1926.65	71.174
MGG_07804T0	453	454	0	0
MGG_04431T0	4016	4017	1790	30.5197
MGG_13813T0	1278	1279	470.676	25.2046
MGG_02848T0	165	166	3906	1611.58
MGG_10597T0	1167	1168	10	0.586389
MGG_00560T0	2595	2596	660	17.4128
MGG_15427T0	943	944	1	0.0725532
MGG_05797T0	2028	2029	545.852	18.4256
MGG_15226T0	2805	2806	1160	28.3139
MGG_06178T0	1893	1894	562	20.3229
MGG_17161T0	270	271	5	1.26366
MGG_01870T0	1485	1486	676	31.1571
MGG_02919T0	1185	1186	1446	83.505
MGG_07382T0	3201	3202	3567	76.2975
MGG_07959T0	843	844	1	0.0811496
MGG_16791T0	420	421	133	21.6371
MGG_16945T0	658	659	127.867	13.2893
MGG_04108T0	3642	3643	1614	30.344
MGG_03468T0	1125	1126	876	53.2837
MGG_09944T0	3054	3055	801	17.9577
MGG_01584T0	1968	1969	1391.6	48.4059
MGG_17597T0	168	169	0	0
MGG_06639T0	2340	2341	3268	95.6114
MGG_10118T0	4290	4291	1426	22.7609
MGG_05957T0	1247	1248	1748.37	95.9504
MGG_02348T0	3837	3838	3	0.0535359
MGG_17403T0	279	280	9	2.20147
MGG_13447T0	2873	2874	1814.62	43.2441
MGG_08170T0	2542	2543	2009	54.1081
MGG_03259T0	351	352	24	4.66979
MGG_03130T0	3368	3369	3679	74.7924
MGG_00456T0	5577	5578	1910	23.4522
MGG_05172T0	1281	1282	73	3.89999
MGG_01494T0	2541	2542	927	24.9766
MGG_09551T0	3954	3955	8319	144.063
MGG_10709T0	1767	1768	377	14.6045
MGG_10973T0	893	894	1118	85.6511
MGG_07136T0	2801	2802	3025.3	73.9485
MGG_02581T0	501	502	72	9.8233
MGG_10648T0	2303	2304	66	1.96196
MGG_03928T0	1183	1184	1255.13	72.6046
MGG_17703T0	1370	1371	241	12.0395
MGG_10035T0	1826	1827	563	21.1056
MGG_01338T0	2787	2788	125	3.07076
MGG_01127T0	3693	3694	8269	153.315
MGG_17405T0	213	214	9	2.88043
MGG_10857T0	5138	5139	1789	23.843
MGG_01467T0	3280	3281	1965	41.019
MGG_08305T0	1665	1666	38.5303	1.584
MGG_12590T0	3805	3806	940	16.9156
MGG_16108T0	608	609	12	1.34956
MGG_06948T0	1353	1354	1233.25	62.3821
MGG_15554T0	2507	2508	959	26.189
MGG_06184T0	1780	1781	4440	170.745
MGG_09903T0	1326	1327	1440	74.3225
MGG_07643T0	942	943	262	19.0291
MGG_13771T0	538	539	8	1.01655
MGG_13806T0	1965	1966	13988	487.305
MGG_04576T0	1596	1597	514	22.0438
MGG_14375T0	774	775	15.8956	1.40477
MGG_09173T0	1322	1323	1765	91.3721
MGG_09425T0	471	472	4	0.580426
MGG_05915T0	858	859	7459	594.725
MGG_05807T0	1703	1704	308	12.3797
MGG_07095T0	2669	2670	1015	26.0365
MGG_00166T0	1104	1105	524	32.4786
MGG_13473T0	339	340	296	59.6268
MGG_05891T1	2226	2227	70.8728	2.17966
MGG_05891T0	2810	2811	999.173	24.3449
MGG_02295T0	1404	1405	872	42.5078
MGG_16446T0	1152	1153	103	6.11838
MGG_15534T0	1844	1845	154	5.7168
MGG_06678T0	2741	2742	3053	76.2585
MGG_00281T0	690	691	67	6.64088
MGG_15781T0	159	160	6	2.56838
MGG_08631T0	948	949	558	40.2714
MGG_16471T0	1227	1228	10	0.557738
MGG_13559T0	690	691	2	0.198235
MGG_16238T0	273	274	4	0.999857
MGG_13467T0	2848	2849	1107.53	26.6252
MGG_01523T0	3030	3031	631.77	14.2758
MGG_16909T0	165	166	0	0
MGG_01398T0	1805	1806	2982	113.089
MGG_04972T0	1222	1223	1476.02	82.6601
MGG_02900T0	3602	3603	366	6.95738
MGG_03177T0	1197	1198	6	0.343023
MGG_08205T0	1741	1742	276	10.8515
MGG_00681T0	1652	1653	698	28.9209
MGG_16841T0	809	810	1650.94	139.597
MGG_10453T0	1280	1281	157	8.3942
MGG_03595T0	3620	3621	3785	71.5922
MGG_18064T0	798	799	7.47755e-05	6.40975e-06
MGG_08019T1	2018	2019	1013.44	34.3786
MGG_08019T0	1561	1562	1492.56	65.4457
MGG_09290T0	1305	1306	644	33.7731
MGG_06510T0	1219	1220	16397	920.52
MGG_04449T0	3339	3340	3386.8	69.45
MGG_03866T0	645	646	9	0.954198
MGG_10932T0	1926	1927	503	17.8778
MGG_00289T0	2307	2308	46051.8	1366.59
MGG_03269T0	4873	4874	1572.12	22.0917
MGG_14068T0	2224	2225	89	2.73961
MGG_13607T0	11784	11785	0	0
MGG_04516T0	1612	1613	454.282	19.2894
MGG_01753T0	2433	2434	696	19.5847
MGG_15879T0	828	829	4.01263	0.331515
MGG_11124T0	1746	1747	2	0.078409
MGG_05506T0	1453	1454	896	42.2058
MGG_02886T0	1359	1360	464	23.3673
MGG_05344T0	839	840	31846	2596.6
MGG_00458T0	911	912	307.113	23.0639
MGG_16522T0	1133	1134	244.892	14.7907
MGG_14133T0	5222	5223	3434	45.0307
MGG_03811T0	1701	1702	5	0.201205
MGG_07534T0	2061	2062	1013	33.6472
MGG_15339T1	4192	4193	205.875	3.36285
MGG_15339T0	4258	4259	495.125	7.96225
MGG_15866T0	2100	2101	3302	107.641
MGG_06780T0	2416	2417	307	8.69942
MGG_15904T0	287	288	5	1.18907
MGG_09992T0	1485	1486	913	42.0805
MGG_03753T0	1031	1032	2	0.132733
MGG_01525T0	569	570	2912	349.901
MGG_00264T0	1625	1626	642	27.0423
MGG_05106T0	2055	2056	124	4.13073
MGG_13129T0	2229	2230	485	14.8959
MGG_06322T0	1671	1672	1005.29	41.1796
MGG_15753T0	4783	4784	1064.88	15.2453
MGG_04993T0	2111	2112	1094	35.4774
MGG_07054T0	1125	1126	823	50.0599
MGG_06748T0	2639	2640	3347	86.8321
MGG_01445T0	1122	1123	130	7.92852
MGG_07848T0	4392	4393	157	2.44775
MGG_07576T0	1465	1466	5733	267.841
MGG_04780T0	5315	5316	417.788	5.38269
MGG_04780T1	5138	5139	862.212	11.4912
MGG_06276T0	2429	2430	4705	132.612
MGG_00957T0	2592	2593	1075.7	28.4131
MGG_18001T0	156	157	11	4.79868
MGG_12988T0	2612	2613	8318.54	218.04
MGG_07962T0	1670	1671	2019	82.7539
MGG_08129T0	2402	2403	56	1.59611
MGG_09237T0	1369	1370	1023.94	51.1895
MGG_05224T0	3926	3927	938	16.3595
MGG_11505T0	1873	1874	1170.58	42.7818
MGG_07454T0	2102	2103	1414	46.051
MGG_12131T0	4366	4367	2902	45.5138
MGG_01575T0	1174	1175	6501	378.94
MGG_01297T0	1315	1316	2459.22	127.988
MGG_15819T0	255	256	1	0.26754
MGG_14936T0	1159	1160	238.177	14.0628
MGG_17923T0	374	375	42	7.67091
MGG_02535T0	3025	3026	1935	43.7966
MGG_17750T0	1656	1657	5	0.206669
MGG_16608T0	165	166	60	24.7555
MGG_02331T0	1446	1447	13	0.615323
MGG_00213T0	1154	1155	560	33.2074
MGG_17823T0	1878	1879	404	14.7259
MGG_00671T0	1815	1816	529	19.9512
MGG_02182T0	483	484	9	1.27358
MGG_01448T0	2193	2194	485	15.1403
MGG_16273T0	947	948	11	0.794718
MGG_03937T0	4236	4237	3137	50.709
MGG_03879T0	2016	2017	3599	122.209
MGG_15889T0	195	196	0	0
MGG_17893T0	399	400	21	3.59574
MGG_08253T0	1152	1153	198	11.7615
MGG_09264T0	2102	2103	958	31.2
MGG_12955T0	2475	2476	1464	40.4966
MGG_16707T1	1785	1786	5.44512	0.208812
MGG_16707T0	1457	1458	10.5549	0.49582
MGG_15551T0	306	307	3	0.669286
MGG_05662T0	1545	1546	845.552	37.4593
MGG_16930T0	609	610	5	0.561395
MGG_12948T0	1369	1370	4829.48	241.44
MGG_07926T0	1269	1270	1433	77.2807
MGG_09720T0	1990	1991	30.0615	1.03411
MGG_09129T0	3276	3277	105	2.19453
MGG_08966T0	1143	1144	19	1.13751
MGG_15019T0	2863	2864	287	6.86337
MGG_02472T0	813	814	825	69.4158
MGG_02417T0	2341	2342	1344	39.3044
MGG_00400T0	991	992	265	18.2963
MGG_17558T0	2183	2184	40135.4	1258.65
MGG_14836T0	915	916	1552	116.045
MGG_08919T0	4875	4876	1232	17.3052
MGG_03721T0	1536	1537	1914	85.2897
MGG_06874T0	2142	2143	2948	94.218
MGG_02042T0	2082	2083	16	0.526089
MGG_07606T0	3210	3211	5771.81	123.112
MGG_07606T1	3252	3253	88.3515	1.86019
MGG_05701T0	740	741	1702.04	157.319
MGG_17221T0	561	562	0	0
MGG_05457T0	4677	4678	652.496	9.55314
MGG_01802T0	3968	3969	4626	79.8276
MGG_00144T0	1560	1561	1203.1	52.787
MGG_03236T0	1349	1350	17913.5	908.813
MGG_17346T0	252	253	194	52.5182
MGG_03238T0	2455	2456	2519.27	70.2545
MGG_01778T0	3393	3394	1713	34.568
MGG_00339T0	2054	2055	636	21.197
MGG_11589T0	731	732	3273.59	306.296
MGG_08083T0	2257	2258	1019	30.9086
MGG_03152T0	1150	1151	8329.33	495.637
MGG_13659T0	1689	1690	517	20.9523
MGG_08498T0	1536	1537	90	4.01049
MGG_01270T0	1109	1110	283	17.4619
MGG_00760T0	5556	5557	2783	34.3006
MGG_05982T0	1458	1459	1538	72.1988
MGG_14628T0	1807	1808	1334	50.5343
MGG_01550T0	1613	1614	6714	284.909
MGG_15975T0	963	964	11	0.781528
MGG_09759T0	660	661	19	1.96871
MGG_13248T0	378	379	1	0.180713
MGG_04057T0	948	949	24	1.7321
MGG_02645T0	339	340	0	0
MGG_02708T0	1170	1171	11214	655.892
MGG_09608T0	2272	2273	2	0.0602642
MGG_14623T0	1848	1849	2	0.0740835
MGG_04311T0	1606	1607	1399.37	59.6411
MGG_15605T0	216	217	0	0
MGG_10109T0	588	589	46	5.34898
MGG_15731T0	2042	2043	1152	38.62
MGG_05381T0	1443	1444	290	13.755
MGG_08476T0	969	970	42	2.96556
MGG_14690T0	1598	1599	350	14.9916
MGG_17519T0	258	259	4	1.05776
MGG_10473T0	1455	1456	43	2.02272
MGG_15693T0	150	151	0	0
MGG_02854T0	1911	1912	854	30.5913
MGG_06924T0	2012	2013	15836	538.803
MGG_10103T0	1680	1681	836	34.0618
MGG_13624T0	5560	5561	10624	130.847
MGG_12986T0	2344	2345	2772	80.9616
MGG_05353T0	1587	1588	3110	134.134
MGG_17047T0	168	169	40	16.2107
MGG_09102T0	1809	1810	1404	53.1272
MGG_06326T0	958	959	437.118	31.2182
MGG_05716T0	715	716	60633	5799.96
MGG_16998T0	651	652	0	0
MGG_09239T0	2351	2352	3610.92	105.15
MGG_12708T0	855	856	920	73.611
MGG_06026T0	2797	2798	2451	59.9963
MGG_10463T0	1707	1708	79.786	3.19939
MGG_07086T0	1334	1335	2889	148.216
MGG_05004T0	3737	3738	819	15.0063
MGG_00440T0	1824	1825	103	3.86548
MGG_12999T0	3180	3181	1380	29.7128
MGG_01386T0	2071	2072	1210	39.9967
MGG_15183T0	1741	1742	5	0.196585
MGG_13191T0	1710	1711	984.969	39.4277
MGG_02431T0	408	409	2	0.334916
MGG_02899T0	2288	2289	4392	131.415
MGG_02097T0	2643	2644	128	3.31571
MGG_16477T0	4912	4913	754.81	10.5225
MGG_00161T0	2283	2284	1251	37.5137
MGG_16045T0	625	626	3271.18	357.898
MGG_17263T0	1242	1243	150	8.26511
MGG_15774T0	1645	1646	9686	403.035
MGG_10076T0	1437	1438	93	4.42948
MGG_17873T0	474	475	18	2.59542
MGG_09361T0	1114	1115	15278	938.47
MGG_08715T0	414	415	0	0
MGG_10458T0	948	949	0	0
MGG_14211T0	280	281	10	2.43737
MGG_15336T0	381	382	0	0
MGG_09856T0	2569	2570	86	2.29189
MGG_01456T0	2245	2246	1872	57.0854
MGG_10730T0	3926	3927	247	4.30789
MGG_02305T0	1419	1420	209	10.0806
MGG_09666T0	468	469	0	0
MGG_08559T0	1255	1256	1323	72.1438
MGG_16188T0	889	890	214.958	16.5421
MGG_06249T0	939	940	15394.8	1121.7
MGG_15631T0	213	214	24	7.68115
MGG_08122T0	3123	3124	1421	31.1538
MGG_16835T0	2504	2505	528	14.4363
MGG_09048T0	3766	3767	295	5.36358
MGG_09431T0	1419	1420	0	0
MGG_07800T0	2489	2490	178	4.89609
MGG_00600T0	522	523	1588	207.959
MGG_02879T0	3687	3688	167	3.10137
MGG_13049T0	969	970	142	10.0264
MGG_03841T0	6205	6206	4700	51.8698
MGG_08689T0	4722	4723	5982	86.7475
MGG_00826T0	1087	1088	1563	98.3918
MGG_04446T0	1910	1911	4143	148.485
MGG_15930T0	1137	1138	1	0.0601847
MGG_14563T0	4675	4676	3757.13	55.0314
MGG_11072T0	1096	1097	163	10.1768
MGG_06288T0	1530	1531	788	35.2517
MGG_05551T0	1488	1489	34	1.56391
MGG_13020T0	2283	2284	2051	61.5033
MGG_15735T0	303	304	1	0.225297
MGG_04334T0	1845	1846	1130	41.9252
MGG_17756T0	216	217	0	0
MGG_11385T0	1771	1772	2987.57	115.474
MGG_09349T0	1164	1165	2097	123.282
MGG_11914T0	2195	2196	8002.88	249.599
MGG_02009T0	3173	3174	0	0
MGG_15250T0	1791	1792	577	22.0529
MGG_13441T0	1536	1537	259	11.5413
MGG_04387T0	2004	2005	1036	35.3895
MGG_15254T0	210	211	2	0.649197
MGG_14118T0	2730	2731	3205	80.3776
MGG_08821T0	2911	2912	524.395	12.3338
MGG_16145T0	1233	1234	1097	60.8864
MGG_09304T0	1276	1277	1071	57.4417
MGG_16925T0	1637	1638	75.6001	3.16109
MGG_16925T1	1572	1573	292.4	12.7314
MGG_16547T0	594	595	0	0
MGG_08499T0	2264	2265	249.725	7.55132
MGG_07325T0	1497	1498	1470	67.21
MGG_02770T0	1280	1281	4233.46	226.347
MGG_04975T0	1554	1555	196	8.63285
MGG_08458T0	1394	1395	740	36.3317
MGG_01304T0	2099	2100	1061	34.6039
MGG_00227T0	1251	1252	24.6084	1.34619
MGG_15981T0	360	361	0	0
MGG_15518T0	636	637	24	2.58048
MGG_00734T0	715	716	17	1.62616
MGG_03722T0	2349	2350	22	0.641185
MGG_12276T0	3361	3362	802	16.3382
MGG_16346T0	291	292	0	0
MGG_04432T0	2105	2106	2605	84.7184
MGG_17751T0	231	232	15	4.42825
MGG_06680T0	2377	2378	1448.23	41.7114
MGG_02180T0	753	754	19616	1781.84
MGG_05654T0	3176	3177	1109	23.908
MGG_10115T0	2675	2676	1504	38.4938
MGG_16001T0	690	691	0	0
MGG_11511T0	1412	1413	54.4668	2.64009
MGG_09167T0	2596	2597	1062	28.0079
MGG_06080T0	2046	2047	609	20.3764
MGG_01361T0	1836	1837	2946	109.838
MGG_18042T0	435	436	10	1.57088
MGG_16671T0	213	214	0	0
MGG_02836T0	2273	2274	16888.2	508.653
MGG_09589T0	11681	11682	66	0.38695
MGG_17040T0	571	572	11	1.31712
MGG_15550T0	397	398	24	4.13006
MGG_09553T0	6137	6138	3211.4	35.8341
MGG_08622T0	2251	2252	20173.3	613.533
MGG_05553T0	1446	1447	2	0.0946651
MGG_01305T0	974	975	6258	439.602
MGG_17766T0	342	343	0	0
MGG_04379T0	516	517	578	76.5713
MGG_05346T0	1612	1613	551	23.3962
MGG_17541T0	276	277	112	27.6928
MGG_12958T0	4027	4028	29520.9	501.959
MGG_10632T0	2638	2639	10780.6	279.789
MGG_07777T0	2614	2615	1973	51.6754
MGG_01011T0	1990	1991	1576	54.2143
MGG_02106T0	531	532	262	33.7302
MGG_09791T0	684	685	0	0
MGG_15638T0	333	334	11	2.25567
MGG_17163T0	258	259	12	3.17329
MGG_10655T0	2076	2077	5036	166.065
MGG_14612T0	2582	2583	0	0
MGG_13715T0	1502	1503	2392	109.001
MGG_00461T0	1533	1534	58	2.58959
MGG_09520T0	1512	1513	3128.14	141.604
MGG_08999T0	555	556	826	101.75
MGG_04536T1	3596	3597	800.204	15.2366
MGG_04536T0	3685	3686	95.7963	1.78001
MGG_15150T0	327	328	2	0.417623
MGG_14000T0	972	973	417.403	29.3813
MGG_02192T0	2640	2641	7	0.181534
MGG_07712T0	705	706	1180	114.474
MGG_07599T0	1271	1272	134	7.21517
MGG_01701T0	2191	2192	1547	48.3369
MGG_03848T0	3247	3248	545	11.4924
MGG_15420T0	519	520	0	0
MGG_10878T0	1836	1837	1279	47.6859
MGG_01201T0	3281	3282	937	19.5537
MGG_17079T0	2136	2137	921.843	29.5448
MGG_17041T0	1684	1685	5032	204.536
MGG_14916T0	2798	2799	383	9.37183
MGG_10325T0	1963	1964	1526	53.2159
MGG_00591T0	1713	1714	89	3.55638
MGG_15571T0	447	448	35.2871	5.39469
MGG_14748T0	2027	2028	733	24.7551
MGG_07850T0	941	942	74	5.38034
MGG_12213T0	2082	2083	118.005	3.88009
MGG_15553T0	1381	1382	39	1.93279
MGG_09002T0	624	625	423	46.3542
MGG_15207T0	630	631	110	11.9397
MGG_10234T0	579	580	31	3.66068
MGG_14117T0	615	616	114	12.6751
MGG_12843T0	1757	1758	1347	52.478
MGG_02403T0	2172	2173	174.476	5.49925
MGG_02403T1	2167	2168	535.524	16.918
MGG_16264T0	204	205	4	1.33639
MGG_04258T0	920	921	8	0.594921
MGG_08059T0	1467	1468	756	35.2715
MGG_02710T0	884	885	12029.8	930.986
MGG_16444T0	3807	3808	2477	44.551
MGG_02565T0	1641	1642	0	0
MGG_05936T0	1323	1324	2545	131.652
MGG_02948T0	1706	1707	2069	83.0148
MGG_04425T0	1557	1558	2497	109.769
MGG_12546T0	312	313	10	2.18819
MGG_02739T0	1165	1166	627.517	36.86
MGG_13891T0	4461	4462	1999	30.684
MGG_15804T0	192	193	0	0
MGG_01031T0	675	676	79	8.00404
MGG_16921T0	793	794	586.281	50.5725
MGG_03004T0	3077	3078	50	1.11258
MGG_02620T0	978	979	12391.4	866.893
MGG_04938T0	1143	1144	366	21.9121
MGG_05628T0	1059	1060	153	9.88585
MGG_16611T0	984	985	67.721	4.70886
MGG_18046T0	2451	2452	415	11.5919
MGG_12029T0	639	640	8	0.856128
MGG_01763T0	1152	1153	21	1.24744
MGG_06929T0	1784	1785	1932.1	74.1346
MGG_15709T0	174	175	1	0.391373
MGG_08875T0	3368	3369	1186	24.1108
MGG_17912T0	297	298	14	3.21766
MGG_10007T0	318	319	0	0
MGG_17908T0	1776	1777	530	20.4276
MGG_01199T0	1008	1009	148	10.0461
MGG_11371T0	4259	4260	227	3.6496
MGG_10004T0	408	409	4085	684.065
MGG_05252T0	1375	1376	920.664	45.8259
MGG_14705T0	267	268	28	7.1557
MGG_02468T0	3234	3235	1940	41.073
MGG_07810T0	348	349	0	0
MGG_00729T0	3427	3428	843	16.8428
MGG_16028T0	225	226	3	0.909162
MGG_06411T0	1278	1279	549	29.3989
MGG_12939T0	1862	1863	776	28.5284
MGG_01034T0	5402	5403	1836.83	23.2843
MGG_05666T0	5841	5842	3823	44.82
MGG_17578T0	642	643	294	31.3159
MGG_15199T0	411	412	2	0.332477
MGG_17804T0	189	190	0	0
MGG_01544T0	1600	1601	947	40.5123
MGG_04128T0	2204	2205	2857	88.7422
MGG_04209T0	2778	2779	341	8.40416
MGG_01453T0	2446	2447	311	8.70473
MGG_16715T0	261	262	45	11.7636
MGG_01631T0	2248	2249	5948.43	181.151
MGG_08119T0	393	394	7	1.21683
MGG_00239T0	3723	3724	0	0
MGG_16302T0	1145	1146	25	1.49412
MGG_15724T0	1579	1580	51.123	2.21609
MGG_17493T0	534	535	21.6037	2.76568
MGG_08026T0	965	966	52	3.68684
MGG_06765T0	2578	2579	5959	158.253
MGG_00134T0	4621	4622	7037	104.276
MGG_16721T0	2775	2776	218	5.37856
MGG_04903T0	2970	2971	462.023	10.651
MGG_16514T0	561	562	59	7.19026
MGG_12424T0	3228	3229	764	16.2052
MGG_04790T0	6360	6361	1445.32	15.562
MGG_04058T0	1577	1578	466	20.2259
MGG_04440T0	3046	3047	593	13.3294
MGG_01625T0	20262	20263	3111.01	10.5154
MGG_01625T1	20188	20189	1467.99	4.98009
MGG_04415T0	2693	2694	604.428	15.3665
MGG_07340T0	3338	3339	974	19.9789
MGG_00360T0	2421	2422	597	16.8822
MGG_03520T0	348	349	777	152.484
MGG_13209T0	1179	1180	1839.32	106.759
MGG_04646T0	2915	2916	1976.83	46.4313
MGG_04501T0	2464	2465	341	9.47471
MGG_02482T0	3347	3348	1138	23.2801
MGG_03643T0	4572	4573	515.343	7.71834
MGG_12308T0	2768	2769	877.501	21.7047
MGG_00433T0	615	616	93	10.3402
MGG_10578T0	1791	1792	1901	72.6562
MGG_09912T0	2338	2339	4775	139.821
MGG_14736T0	1134	1135	27	1.62928
MGG_08802T0	1506	1507	1431	65.0362
MGG_02372T0	934	935	12	0.879019
MGG_06332T0	1047	1048	2537	165.801
MGG_16508T0	399	400	57	9.75986
MGG_10189T0	2480	2481	1924	53.1137
MGG_03339T0	695	696	3	0.295217
MGG_04120T0	2852	2853	1092	26.215
MGG_09149T0	2925	2926	176	4.11971
MGG_08525T0	1560	1561	6955	305.157
MGG_11928T0	195	196	1	0.34944
MGG_10621T0	1582	1583	0	0
MGG_18068T0	306	307	0	0
MGG_15050T0	1371	1372	413	20.617
MGG_05459T0	4284	4285	735	11.748
MGG_17274T0	1137	1138	225.366	13.5636
MGG_17274T1	1084	1085	1792.5	113.151
MGG_08933T0	2264	2265	2.96453	0.0896429
MGG_12043T0	315	316	1	0.216741
MGG_05817T0	2108	2109	1522	49.4273
MGG_00815T0	804	805	55	4.67946
MGG_05194T0	1341	1342	1107	56.4968
MGG_02568T0	453	454	1831	276.224
MGG_12175T0	16315	16316	7849	32.948
MGG_06950T0	1701	1702	1790.75	72.0618
MGG_12387T0	1215	1216	5337	300.602
MGG_04725T0	2253	2254	1610	48.9216
MGG_08340T0	3001	3002	761.261	17.3681
MGG_01592T0	1929	1930	8188	290.569
MGG_09740T0	336	337	0	0
MGG_01370T0	2918	2919	397	9.31505
MGG_08752T0	1395	1396	78	3.82682
MGG_08309T0	4752	4753	840	12.1043
MGG_06498T0	1382	1383	1911.86	94.6809
MGG_02775T0	2065	2066	991	32.8528
MGG_00485T0	4086	4087	399.135	6.68874
MGG_13926T0	1800	1801	420	15.9722
MGG_10383T0	1897	1898	776	28.0023
MGG_03635T0	1011	1012	215	14.5508
MGG_17783T0	168	169	2	0.810535
MGG_09468T0	1465	1466	175	8.17585
MGG_03871T0	2790	2791	5296	129.962
MGG_00420T0	1605	1606	93	3.96612
MGG_13529T0	622	623	608	66.8412
MGG_03055T0	2500	2501	450.589	12.3394
MGG_00919T0	2214	2215	2647	81.8481
MGG_08952T0	876	877	14	1.09334
MGG_08824T0	1169	1170	416	24.3521
MGG_17690T0	3075	3076	2028	45.1555
MGG_16306T0	153	154	63	28.0187
MGG_03021T0	2339	2340	560	16.3908
MGG_07858T0	14334	14335	0	0
MGG_07278T0	2422	2423	612	17.2992
MGG_04201T0	1630	1631	2669	112.079
MGG_16834T0	2451	2452	1043	29.1335
MGG_16513T0	516	517	11	1.45724
MGG_14722T0	2865	2866	0	0
MGG_15925T0	261	262	0	0
MGG_06248T0	2027	2028	1284.18	43.3696
MGG_15629T0	180	181	0	0
MGG_15335T0	981	982	4	0.278983
MGG_05342T0	1562	1563	2702	118.401
MGG_04686T0	2567	2568	948	25.2838
MGG_15837T0	1421	1422	1141	54.9559
MGG_09834T0	2986	2987	364	8.34632
MGG_00682T0	360	361	976	185.17
MGG_17762T0	306	307	0	0
MGG_12098T0	2397	2398	1166	33.3026
MGG_11525T0	1166	1167	7	0.410824
MGG_09081T0	1707	1708	138	5.53375
MGG_15038T0	3810	3811	19872	357.134
MGG_06492T0	4093	4094	2726	45.6044
MGG_09917T0	4031	4032	4075	69.2207
MGG_16999T0	644	645	14	1.48661
MGG_14835T0	2135	2136	1431	45.8846
MGG_00565T0	561	562	19	2.31551
MGG_10699T0	1637	1638	766	32.029
MGG_17815T0	322	323	2006	425.36
MGG_07461T0	3218	3219	920	19.5747
MGG_10500T0	1374	1375	0	0
MGG_16573T0	510	511	0	0
MGG_14116T0	321	322	21	4.46675
MGG_03990T0	2445	2446	528.069	14.7864
MGG_08066T0	666	667	14.3613	1.47467
MGG_16824T0	198	199	2	0.688344
MGG_04418T0	2067	2068	1625	53.8185
MGG_16118T0	195	196	18	6.28992
MGG_09861T0	2152	2153	738	23.4769
MGG_07012T0	2679	2680	3148	80.4505
MGG_06451T0	1516	1517	4	0.180594
MGG_17209T0	561	562	0	0
MGG_18133T0	2424	2425	0	0
MGG_07083T0	3917	3918	2535	44.3141
MGG_06669T0	1140	1141	7364	442.035
MGG_05881T0	2325	2326	154	4.53461
MGG_00046T0	2838	2839	121	2.9191
MGG_12864T0	1751	1752	979	38.2717
MGG_10056T0	1690	1691	5303	214.786
MGG_12760T0	2523	2524	529.439	14.3666
MGG_12760T1	2002	2003	936.131	32.0099
MGG_02624T0	1415	1416	8724	421.969
MGG_04955T0	1230	1231	1093	60.8122
MGG_15248T0	4836	4837	18	0.254874
MGG_09408T1	8496	8497	866.044	6.98077
MGG_09408T2	8207	8208	101.108	0.843678
MGG_09408T0	8566	8567	16177.6	129.334
MGG_06724T0	1059	1060	1798	116.175
MGG_04974T0	1147	1148	2649	158.041
MGG_16778T0	1323	1324	3.06636	0.158622
MGG_06009T0	1503	1504	16	0.728619
MGG_17863T0	150	151	19	8.61798
MGG_08626T1	1568	1569	69.945	3.05325
MGG_08626T0	2128	2129	1107.33	35.6231
MGG_13874T0	1722	1723	0	0
MGG_01412T0	1548	1549	102	4.51001
MGG_14742T0	2558	2559	1039	27.8083
MGG_13679T0	222	223	0	0
MGG_18090T0	756	757	36	3.25713
MGG_13563T0	1153	1154	63858	3789.99
MGG_06636T0	1268	1269	1020	55.0513
MGG_12473T0	3405	3406	2852	57.35
MGG_05984T0	1861	1862	3773	138.783
MGG_16191T0	162	163	9	3.78167
MGG_14622T0	246	247	0	0
MGG_09969T0	1773	1774	73	2.81837
MGG_06155T0	3628	3629	270	5.09572
MGG_09695T0	1341	1342	984.72	50.2561
MGG_15296T0	615	616	31	3.44675
MGG_09503T0	1946	1947	599	21.0712
MGG_04114T0	2122	2123	12705	409.877
MGG_06148T0	3084	3085	28835.7	640.184
MGG_00589T0	1793	1794	370.938	14.1614
MGG_12606T0	1834	1835	7853	293.108
MGG_15769T0	2335	2336	8739	256.223
MGG_06261T0	4936	4937	3596	49.8867
MGG_13291T0	3080	3081	101	2.24522
MGG_05927T0	1081	1082	61	3.86128
MGG_02939T0	2965	2966	2397	55.351
MGG_17790T0	294	295	0	0
MGG_17492T0	2971	2972	866	19.9571
MGG_08677T0	1143	1144	53	3.17306
MGG_04325T0	2424	2425	17706	500.077
MGG_02944T0	5145	5146	4565	60.7575
MGG_14340T0	1035	1036	15.7054	1.03829
MGG_06078T0	2372	2373	1416	40.869
MGG_03327T0	1707	1708	890	35.6887
MGG_12733T0	1024	1025	11	0.735017
MGG_05652T0	5487	5488	1602.47	19.9989
MGG_16708T0	156	157	5	2.18122
MGG_03599T0	1519	1520	255	11.4901
MGG_03524T0	1825	1826	3447	129.291
MGG_06737T0	711	712	56.7356	5.45763
MGG_10013T0	1017	1018	0	0
MGG_00540T0	2167	2168	2420	76.4513
MGG_12668T0	1014	1015	6	0.404868
MGG_04406T0	8595	8596	77	0.613512
MGG_03940T0	1957	1958	2600.19	90.9537
MGG_14862T0	372	373	24	4.40688
MGG_08132T0	1762	1763	4483	174.159
MGG_15515T0	1494	1495	1	0.0458129
MGG_08838T0	698	699	668	65.4528
MGG_03723T0	1551	1552	1095	48.3227
MGG_16587T0	252	253	11	2.97784
MGG_11304T0	556	557	2	0.245925
MGG_02110T0	1109	1110	10	0.617029
MGG_01252T0	731	732	858	80.2795
MGG_09381T0	1317	1318	92	4.78081
MGG_06653T0	1305	1306	8833	463.227
MGG_17147T0	180	181	0	0
MGG_16136T0	183	184	10	3.7223
MGG_14791T0	1191	1192	140	8.04415
MGG_14994T0	923	924	139	10.3032
MGG_07934T0	1017	1018	630	42.3859
MGG_17198T0	711	712	45	4.32874
MGG_09603T0	1044	1045	7	0.458786
MGG_06387T0	2162	2163	951	30.1129
MGG_13026T0	961	962	135	9.61142
MGG_09827T0	1850	1851	2265	83.809
MGG_04973T0	1724	1725	64	2.54109
MGG_10537T0	2131	2132	298	9.57321
MGG_09128T0	539	540	66	8.37103
MGG_16155T0	228	229	25	7.4771
MGG_17416T0	784	785	204	17.7987
MGG_02385T0	4158	4159	1586	26.1182
MGG_10179T0	726	727	1010.51	95.1994
MGG_03476T0	2080	2081	1623	53.4165
MGG_10917T0	1659	1660	300	12.3778
MGG_04167T0	687	688	4690	466.888
MGG_17849T0	201	202	0	0
MGG_08200T0	2930	2931	744	17.3854
MGG_02621T1	1853	1854	32.077	1.18498
MGG_02621T0	1712	1713	707.54	28.2893
MGG_01695T0	5453	5454	1329.85	16.6999
MGG_08684T0	447	448	0	0
MGG_01294T0	3999	4000	1639	28.0639
MGG_16736T0	366	367	0	0
MGG_04962T0	1917	1918	1728	61.7055
MGG_06752T0	3036	3037	884	19.9359
MGG_00445T0	2165	2166	283.838	8.97514
MGG_11783T0	5168	5169	7479	99.0982
MGG_02522T0	438	439	145	22.6221
MGG_06904T0	2016	2017	2283	77.5227
MGG_10255T0	1530	1531	8	0.357885
MGG_00496T0	1533	1534	1616.95	72.1939
MGG_06575T0	1845	1846	52	1.9293
MGG_13168T0	3623	3624	943	17.8218
MGG_09015T0	1432	1433	2272	108.59
MGG_18141T0	372	373	4	0.73448
MGG_11196T0	3505	3506	746	14.5732
MGG_07832T0	1224	1225	309	17.2763
MGG_16495T0	243	244	0	0
MGG_11708T0	663	664	387	39.9183
MGG_00825T0	342	343	0	0
MGG_16947T0	840	841	44.752	3.64456
MGG_11149T0	1670	1671	3619	148.334
MGG_01894T0	3144	3145	2657	57.8628
MGG_15976T0	2652	2653	16	0.413058
MGG_12129T0	1050	1051	982	63.9937
MGG_10669T0	2343	2344	1443	42.1636
MGG_08063T0	1971	1972	8000	277.851
MGG_06418T0	2222	2223	4748	146.285
MGG_00976T0	4815	4816	2886	41.0429
MGG_15933T0	2066	2067	11	0.364486
MGG_05186T0	1518	1519	1688	76.1103
MGG_15364T0	666	667	0	0
MGG_08620T0	1803	1804	456	17.3124
MGG_17654T0	1274	1275	0	0
MGG_09617T0	375	376	0	0
MGG_12377T0	5995	5996	4027	45.999
MGG_05236T0	1201	1202	489	27.8633
MGG_10596T0	2832	2833	4313.34	104.279
MGG_10596T1	3025	3026	2685.66	60.7869
MGG_06521T0	1799	1800	638	24.276
MGG_09376T0	1650	1651	17	0.70523
MGG_03634T0	2734	2735	2970	74.3751
MGG_12174T0	1307	1308	5574	291.869
MGG_01457T0	3311	3312	673.623	13.9301
MGG_12480T0	1215	1216	82	4.61858
MGG_08296T0	1701	1702	36.2128	1.45724
MGG_08296T1	1419	1420	84.7872	4.08951
MGG_16038T0	2396	2397	1342	38.3454
MGG_12946T0	678	679	0	0
MGG_05599T0	3581	3582	279	5.33467
MGG_04657T0	5521	5522	3752.69	46.5452
MGG_03832T0	1497	1498	41	1.87457
MGG_00290T0	1205	1206	152.189	8.64298
MGG_05826T0	1538	1539	51	2.26966
MGG_00167T0	1346	1347	15167	771.189
MGG_08962T0	995	996	0	0
MGG_15565T0	1815	1816	2169	81.8036
MGG_11534T0	3856	3857	12918	229.39
MGG_09300T0	3196	3197	1493	31.985
MGG_00765T0	468	469	45	6.57156
MGG_14926T0	531	532	1	0.128741
MGG_09724T0	417	418	0	0
MGG_00079T1	2031	2032	4.48256	0.151088
MGG_00079T0	1866	1867	2.51744	0.0923515
MGG_18142T0	564	565	1	0.121222
MGG_13440T0	1476	1477	882	40.8994
MGG_11280T0	870	871	3	0.235902
MGG_06771T0	675	676	920	93.2116
MGG_17332T0	186	187	5	1.83129
MGG_17724T0	1497	1498	450.875	20.6145
MGG_16722T0	273	274	18	4.49936
MGG_11904T0	4618	4619	960	14.2348
MGG_02486T0	2571	2572	865	23.0342
MGG_10607T0	1921	1922	15085	537.552
MGG_14772T0	1102	1103	10796	670.372
MGG_04067T0	3266	3267	4627	97.0016
MGG_00203T0	2521	2522	89	2.41698
MGG_01615T0	4199	4200	3346	54.5639
MGG_00759T0	2096	2097	1626.12	53.1107
MGG_00834T0	2098	2099	361	11.7794
MGG_16771T0	283	284	143	34.4863
MGG_01817T0	2851	2852	1352	32.468
MGG_09310T0	2712	2713	820	20.7011
MGG_16922T0	426	427	1	0.160399
MGG_04423T0	2567	2568	1756.09	46.836
MGG_01180T0	1426	1427	2101	100.84
MGG_07505T0	809	810	193	16.3193
MGG_17252T0	1554	1555	171	7.53172
MGG_15246T0	1008	1009	23	1.56122
MGG_10435T0	1221	1222	17	0.95281
MGG_04364T0	2127	2128	153	4.92434
MGG_17998T0	465	466	3	0.440924
MGG_17781T0	267	268	0	0
MGG_15752T0	219	220	37	11.5188
MGG_13499T0	2056	2057	2709	90.1993
MGG_02302T0	1350	1351	172.02	8.72074
MGG_16275T0	150	151	0	0
MGG_02064T0	2094	2095	677	22.1326
MGG_01130T0	2570	2571	391	10.4161
MGG_08771T0	1150	1151	1221	72.6556
MGG_16691T0	204	205	4	1.33639
MGG_12159T0	2070	2071	1823.54	60.3065
MGG_15052T0	339	340	6	1.20865
MGG_11061T0	2860	2861	2269	54.3182
MGG_00102T0	2344	2345	451.157	13.1769
MGG_06587T0	1783	1784	1433.47	55.0329
MGG_16442T0	1093	1094	897	56.157
MGG_00127T0	2040	2041	1329	44.5975
MGG_08121T0	2084	2085	1021	33.5389
MGG_03945T0	2144	2145	685	21.8722
MGG_02972T0	2003	2004	1	0.0341768
MGG_01666T0	2935	2936	3371	78.6378
MGG_15295T0	2892	2893	720	17.0456
MGG_12383T0	2778	2779	3	0.0739369
MGG_08974T0	2337	2338	434	12.7138
MGG_07673T0	1927	1928	931	33.0728
MGG_01122T0	1153	1154	117	6.94398
MGG_16719T0	279	280	0	0
MGG_16335T0	246	247	11	3.05017
MGG_17665T0	420	421	2	0.325369
MGG_15005T0	2135	2136	740	23.7279
MGG_06960T0	2469	2470	598	16.5818
MGG_06932T0	2472	2473	2315	64.1144
MGG_11573T0	992	993	1692	116.702
MGG_02050T0	1670	1671	1866	76.4828
MGG_17091T0	192	193	2	0.709743
MGG_03997T0	3463	3464	3128.04	61.8476
MGG_15540T0	1449	1450	1817.68	85.8576
MGG_13222T0	2525	2526	2145	58.1598
MGG_11945T0	2886	2887	267	6.33422
MGG_03630T0	2058	2059	971	32.2992
MGG_17700T0	331	332	1	0.206296
MGG_04131T0	2168	2169	2127.9	67.1924
MGG_14330T0	1653	1654	28	1.15945
MGG_08334T0	1710	1711	25.6675	1.02745
MGG_10805T0	990	991	8	0.552898
MGG_04878T0	6696	6697	3911	39.9978
MGG_04703T0	6310	6311	2122	23.029
MGG_06323T0	1244	1245	1215.71	66.8791
MGG_16716T0	396	397	13	2.24275
MGG_08203T0	486	487	5691	800.365
MGG_05477T0	1892	1893	5325	192.663
MGG_01218T0	4042	4043	49	0.830082
MGG_17997T0	339	340	7	1.41009
MGG_17955T0	582	583	7	0.822353
MGG_16634T0	1284	1285	76.5649	4.08089
MGG_00700T0	2586	2587	3268	86.5196
MGG_17876T0	339	340	4	0.805767
MGG_07258T0	2947	2948	1113	25.8581
MGG_07211T0	2131	2132	3059	98.27
MGG_14216T0	480	481	19	2.70544
MGG_08176T0	756	757	139	12.5761
MGG_01455T0	920	921	62.2042	4.62582
MGG_17903T0	288	289	10	2.3699
MGG_10266T0	1293	1294	2	0.105858
MGG_13180T0	198	199	73	25.1246
MGG_08387T0	1632	1633	60	2.51648
MGG_08737T0	1931	1932	479	16.9808
MGG_06138T0	3997	3998	3031	51.9244
MGG_16123T0	417	418	21	3.4409
MGG_09391T0	1281	1282	0	0
MGG_00833T0	2843	2844	815	19.6271
MGG_15542T0	291	292	0	0
MGG_13671T0	240	241	2	0.568384
MGG_00143T0	2383	2384	1058	30.3954
MGG_04002T0	896	897	1479	112.929
MGG_12922T0	5146	5147	1254	16.6868
MGG_17316T0	258	259	0	0
MGG_03316T1	3068	3069	15.2026	0.339273
MGG_03316T0	2946	2947	405.855	9.43233
MGG_10696T0	1810	1811	722	27.3053
MGG_11340T0	4555	4556	6128.49	92.1295
MGG_15110T0	1329	1330	196.145	10.1008
MGG_09995T0	4732	4733	449	6.49738
MGG_10414T0	1884	1885	669	24.3077
MGG_11188T0	4106	4107	858.486	14.3165
MGG_03714T0	3257	3258	3687	77.5087
MGG_06218T0	3768	3769	5229	95.0213
MGG_15188T0	639	640	3	0.321048
MGG_15037T0	1638	1639	89	3.71912
MGG_10475T0	1431	1432	5	0.239142
MGG_16138T0	309	310	25	5.52341
MGG_04678T0	1761	1762	770	29.9305
MGG_15701T0	3144	3145	14.5078	0.315944
MGG_01840T0	3259	3260	2465	51.7879
MGG_16977T0	423	424	362	58.4752
MGG_16729T0	1733	1734	679	26.8194
MGG_04493T0	2789	2790	691	16.963
MGG_07726T0	369	370	22	4.07239
MGG_07529T0	821	822	434	36.1615
MGG_02782T0	1635	1636	1185	49.6094
MGG_10066T0	942	943	408	29.6331
MGG_05375T0	1286	1287	743	39.5402
MGG_04003T0	1305	1306	411	21.554
MGG_03979T0	3028	3029	1361.06	30.7756
MGG_16355T0	901	902	0	0
MGG_07584T0	1629	1630	62	2.60515
MGG_03651T0	2240	2241	346.494	10.5897
MGG_09359T0	4034	4035	444.793	7.54994
MGG_10483T0	1929	1930	6730	238.829
MGG_11710T0	1032	1033	1185	78.5682
MGG_04278T0	1113	1114	14	0.860739
MGG_15441T0	1716	1717	35	1.39613
MGG_16311T0	892	893	678.161	52.0128
MGG_15771T0	413	414	7	1.15805
MGG_15194T0	723	724	116	10.9736
MGG_05258T0	2178	2179	1929	60.6322
MGG_04818T0	1461	1462	3199	149.863
MGG_08587T0	2659	2660	1428	36.7684
MGG_15239T0	1442	1443	1204	57.1464
MGG_10466T0	798	799	6	0.51432
MGG_08134T0	4108	4109	222.829	3.7142
MGG_04669T0	3578	3579	725	13.8741
MGG_00816T0	831	832	37	3.04584
MGG_02117T0	2134	2135	7489	240.245
MGG_04363T0	2953	2954	1760	40.8066
MGG_00709T0	741	742	124.487	11.4908
MGG_08218T0	471	472	0	0
MGG_17070T0	237	238	3	0.863322
MGG_06763T0	1939	1940	641.736	22.656
MGG_08342T0	1826	1827	322.491	12.0895
MGG_13532T0	3769	3770	1849	33.5911
MGG_10441T0	1014	1015	72	4.85842
MGG_07434T0	2608	2609	4655.75	122.221
MGG_00920T0	1676	1677	518	21.1556
MGG_13007T0	2666	2667	238	6.11199
MGG_05294T0	1469	1470	860	40.0691
MGG_10792T0	1332	1333	744	38.2271
MGG_00468T0	2999	3000	1465	33.4461
MGG_16802T0	492	493	2	0.277851
MGG_15501T1	1207	1208	0	0
MGG_15501T0	1211	1212	497.533	28.1157
MGG_04729T0	1368	1369	293	14.6586
MGG_15991T0	3364	3365	4995	101.667
MGG_08871T0	4185	4186	410	6.70831
MGG_03510T0	5258	5259	2688	35.007
MGG_07052T0	1791	1792	2136	81.6379
MGG_15062T0	1585	1586	1563	67.497
MGG_14966T0	1548	1549	460	20.3393
MGG_05163T0	1857	1858	0	0
MGG_03086T0	1245	1246	252	13.852
MGG_01008T0	3036	3037	2868	64.679
MGG_01036T0	2033	2034	304	10.2365
MGG_16749T0	2622	2623	1402	36.6082
MGG_18012T0	159	160	7	2.99645
MGG_17988T0	741	742	1198	110.581
MGG_06916T0	1006	1007	1518.04	103.248
MGG_04935T0	1993	1994	316	10.854
MGG_14676T0	2887	2888	1681	39.8657
MGG_03388T0	1608	1609	611	26.0084
MGG_04803T0	5110	5111	5583	74.8153
MGG_00120T0	588	589	26167	3042.76
MGG_10630T0	3140	3141	1724.42	37.6014
MGG_08526T0	1725	1726	5168	205.074
MGG_11688T0	575	576	49	5.82643
MGG_07212T0	928	929	24406	1799.32
MGG_03849T0	868	869	1455	114.676
MGG_04830T0	1995	1996	1552.99	53.2888
MGG_15072T0	3036	3037	12563.8	283.339
MGG_03650T0	945	946	276	19.9824
MGG_16112T0	156	157	2	0.872487
MGG_01940T0	1434	1435	93	4.43874
MGG_07878T0	2503	2504	161	4.40372
MGG_17352T0	207	208	5	1.6464
MGG_03128T0	1177	1178	119	6.91879
MGG_08423T0	1973	1974	1198.94	41.5986
MGG_09935T0	4038	4039	1179.03	19.9931
MGG_09175T0	1511	1512	381	17.2585
MGG_00634T0	4254	4255	2795	44.9895
MGG_17024T0	1368	1369	4	0.200118
MGG_06825T0	1146	1147	56	3.3439
MGG_03625T0	2340	2341	1226	35.8689
MGG_07247T0	1659	1660	189	7.79798
MGG_03619T0	2247	2248	58438	1780.44
MGG_10782T0	669	670	0	0
MGG_14944T0	897	898	6	0.457618
MGG_15412T0	252	253	0	0
MGG_15957T0	405	406	10	1.68695
MGG_13014T0	6236	6237	6826	74.9582
MGG_10855T0	1470	1471	722.132	33.6227
MGG_16738T0	2383	2384	933.511	26.819
MGG_11282T0	2637	2638	882.71	22.9178
MGG_10619T0	763	764	1638	146.842
MGG_07455T0	1382	1383	1669	82.6538
MGG_08178T0	3161	3162	650	14.0793
MGG_14593T0	939	940	0	0
MGG_07251T0	948	949	72	5.19631
MGG_01436T0	1951	1952	869.794	30.5187
MGG_00780T0	1249	1250	333	18.2458
MGG_13374T0	867	868	35	2.7617
MGG_17078T0	2356	2357	2177	63.2598
MGG_12164T0	2305	2306	2031	60.3225
MGG_08594T0	4347	4348	496.79	7.8255
MGG_01834T0	3641	3642	1603	30.1455
MGG_11869T0	774	775	344	30.4008
MGG_11489T0	5188	5189	889.89	11.7458
MGG_14857T0	1502	1503	908.622	41.405
MGG_01943T0	687	688	32	3.18559
MGG_10400T0	1501	1502	6416	292.565
MGG_04577T0	3087	3088	348	7.71846
MGG_15175T0	2276	2277	1299	39.0728
MGG_01419T0	4812	4813	523	7.44242
MGG_00268T0	2145	2146	336.667	10.7448
MGG_00268T1	2581	2582	506.333	13.431
MGG_14712T0	14199	14200	555	2.67691
MGG_07660T0	4179	4180	28179	461.719
MGG_03493T0	1809	1810	401	15.1738
MGG_17372T0	1752	1753	348	13.5965
MGG_09664T0	2875	2876	69	1.64319
MGG_04826T0	1677	1678	2436	99.4292
MGG_13598T0	1365	1366	37	1.85515
MGG_15322T0	780	781	110	9.64651
MGG_14496T0	4213	4214	1297	21.0802
MGG_08050T0	1861	1862	2230	82.0264
MGG_15888T0	2531	2532	1795	48.5545
MGG_01756T0	1121	1122	1642	100.233
MGG_09675T0	426	427	0	0
MGG_09501T0	1212	1213	450	25.4086
MGG_09266T0	987	988	798	55.319
MGG_06429T0	2123	2124	751	24.2166
MGG_00958T0	2410	2411	1130	32.1004
MGG_14981T0	681	682	2	0.200851
MGG_07276T0	2989	2990	1429	32.7333
MGG_16153T0	186	187	0	0
MGG_08112T0	2805	2806	1356	33.0979
MGG_04253T0	1942	1943	65	2.29123
MGG_03733T0	1741	1742	950.671	37.3776
MGG_11899T0	3679	3680	960	17.867
MGG_13465T0	2066	2067	399	13.2209
MGG_16458T0	360	361	17	3.2253
MGG_02889T0	902	903	19440	1474.47
MGG_17596T0	1750	1751	2644	103.42
MGG_00345T0	7679	7680	3822	34.0846
MGG_17837T0	237	238	2	0.575548
MGG_08275T0	820	821	2855	238.172
MGG_00142T0	2812	2813	1167	28.4138
MGG_17124T0	183	184	2	0.744459
MGG_07731T0	2493	2494	720	19.7726
MGG_01224T0	2976	2977	1419	32.6462
MGG_08003T0	1664	1665	2	0.0822705
MGG_04383T0	1572	1573	433	18.8533
MGG_17495T0	423	424	0	0
MGG_16307T0	322	323	3	0.636132
MGG_18039T0	831	832	188	15.4762
MGG_03157T0	1746	1747	489	19.171
MGG_05661T0	1036	1037	20622.4	1362.04
MGG_04712T0	2296	2297	1009.37	30.0968
MGG_09261T0	969	970	2530	178.639
MGG_14718T0	414	415	0	0
MGG_10448T0	2893	2894	2779.51	65.7808
MGG_09839T0	1297	1298	372.758	19.669
MGG_08011T0	1316	1317	880	45.7642
MGG_16662T0	309	310	0	0
MGG_14565T0	564	565	10	1.21222
MGG_00691T0	2781	2782	475	11.6941
MGG_08897T0	2517	2518	3108	84.5384
MGG_10492T0	1910	1911	4273	153.144
MGG_06458T0	2101	2102	1739.37	56.6747
MGG_05418T0	852	853	4	0.321173
MGG_03961T0	1353	1354	1501.67	75.9598
MGG_03301T0	1124	1125	420	25.5697
MGG_08844T0	1086	1087	4204.03	264.889
MGG_03765T0	2424	2425	11108	313.728
MGG_09536T0	3497	3498	3031	59.3465
MGG_10278T0	1534	1535	33	1.47243
MGG_16418T0	1224	1225	75	4.19328
MGG_18032T0	189	190	0	0
MGG_08323T0	1525	1526	1928.99	86.5774
MGG_04076T0	1752	1753	110	4.29773
MGG_15938T0	387	388	2	0.353042
MGG_10509T0	1365	1366	14	0.70195
MGG_02591T0	890	891	43.6889	3.35832
MGG_05843T0	1676	1677	176	7.188
MGG_15846T0	366	367	50	9.33109
MGG_07354T0	1371	1372	167	8.33664
MGG_04839T0	1300	1301	3545	186.624
MGG_13025T0	2341	2342	294	8.59783
MGG_10779T0	402	403	0	0
MGG_03898T0	2124	2125	396.747	12.7874
MGG_01729T0	1246	1247	3007	165.156
MGG_00275T0	2382	2383	1211.68	34.8252
MGG_13549T0	984	985	19	1.32113
MGG_01611T0	666	667	1837	188.631
MGG_15329T0	1386	1387	538	26.5665
MGG_04570T0	1962	1963	117	4.0822
MGG_04081T0	888	889	1618	124.654
MGG_04370T0	2842	2843	134	3.22817
MGG_17360T0	330	331	11	2.27611
MGG_04339T0	1943	1944	2688.69	94.7267
MGG_15811T0	1274	1275	290	15.5782
MGG_09353T0	2181	2182	436	13.6855
MGG_12749T0	2471	2472	3763	104.259
MGG_10467T0	650	651	87	9.15307
MGG_16754T0	359	360	113	21.4983
MGG_08057T0	1617	1618	4456	188.623
MGG_00752T0	1346	1347	955	48.5584
MGG_16627T0	201	202	13	4.40779
MGG_06449T0	3945	3946	418.333	7.26095
MGG_18036T0	159	160	0	0
MGG_03900T0	2112	2113	22399	726.035
MGG_02224T0	1470	1471	2194	102.153
MGG_08027T0	720	721	71	6.74453
MGG_02881T0	1374	1375	652	32.4768
MGG_06821T0	1995	1996	750	25.7353
MGG_10154T0	1525	1526	2102	94.3424
MGG_03003T0	1443	1444	461	21.8656
MGG_16434T0	772	773	9.52646	0.844074
MGG_05397T0	2153	2154	57	1.81242
MGG_00689T0	3262	3263	1641	34.4445
MGG_01007T0	1299	1300	347.79	18.3233
MGG_04891T0	3302	3303	4780	99.117
MGG_05844T0	1690	1691	3526	142.813
MGG_02132T0	3140	3141	760	16.572
MGG_11612T0	1625	1626	596	25.1047
MGG_01807T0	1304	1305	3670	192.612
MGG_06902T0	3372	3373	637	12.9346
MGG_01259T0	1874	1875	781	28.5285
MGG_00238T0	1530	1531	0	0
MGG_11749T0	240	241	64	18.1883
MGG_06941T0	2084	2085	3101	101.865
MGG_06321T0	2437	2438	5184	145.633
MGG_04037T0	6031	6032	2078	23.5946
MGG_09216T0	1091	1092	386	24.2099
MGG_07063T0	3045	3046	2488	55.9434
MGG_09487T0	2025	2026	445	15.0435
MGG_04495T0	2406	2407	1880	53.4947
MGG_05913T0	657	658	1183	123.137
MGG_00513T0	358	359	19660	3750.75
MGG_13188T0	1736	1737	2826	111.43
MGG_11543T0	1471	1472	1377	64.07
MGG_03425T0	1245	1246	16	0.879489
MGG_16057T0	630	631	0	0
MGG_04720T0	1879	1880	761	27.724
MGG_17836T0	159	160	0	0
MGG_17490T0	956	957	30	2.14703
MGG_15281T0	4126	4127	852.96	14.1554
MGG_01551T0	2887	2888	10402	246.688
MGG_07002T0	475	476	10	1.43887
MGG_00876T0	2219	2220	3586.98	110.664
MGG_17787T0	2185	2186	1712.67	53.66
MGG_16703T0	357	358	69	13.2006
MGG_01989T0	1665	1666	2	0.0822212
MGG_04321T1	4397	4398	1339.88	20.8659
MGG_04321T0	3549	3550	403.124	7.77749
MGG_01804T0	3008	3009	1132	25.7663
MGG_01518T0	4308	4309	5400.95	85.8465
MGG_06694T0	2266	2267	7818.26	236.204
MGG_09541T0	1836	1837	393	14.6525
MGG_13185T0	2727	2728	12204	306.398
MGG_02062T0	1206	1207	587	33.3088
MGG_07927T0	2252	2253	1619.78	49.2407
MGG_17424T0	201	202	2	0.678121
MGG_17154T0	2099	2100	117	3.81588
MGG_11288T0	2535	2536	195.945	5.29194
MGG_15133T0	3145	3146	241	5.24671
MGG_01048T0	1431	1432	914.768	43.7519
MGG_07404T0	1806	1807	3509	133.001
MGG_12715T0	672	673	4419	449.715
MGG_17007T0	150	151	2.42327	1.09914
MGG_04978T0	1591	1592	6666	286.781
MGG_02611T0	4019	4020	2793	47.5854
MGG_17287T0	1080	1081	0	0
MGG_01075T0	579	580	52	6.1405
MGG_16007T0	600	601	0	0
MGG_07237T0	1216	1217	1917	107.885
MGG_00633T0	3102	3103	3663	80.8507
MGG_00636T0	1953	1954	691	24.2204
MGG_16748T0	420	421	3	0.488054
MGG_14983T0	546	547	0	0
MGG_09697T0	4920	4921	5258	73.1806
MGG_02203T0	1678	1679	64	2.61071
MGG_16366T0	273	274	8	1.99971
MGG_08304T0	3948	3949	505.47	8.76671
MGG_15444T0	325	326	7	1.47065
MGG_11739T0	1647	1648	657	27.3047
MGG_11445T1	1042	1043	68.0772	4.4704
MGG_11445T0	1050	1051	88.1549	5.74477
MGG_09251T0	882	883	1	0.0775654
MGG_12636T0	2586	2587	1387	36.7205
MGG_16860T0	1481	1482	100	4.62147
MGG_13223T0	4029	4030	574	9.75518
MGG_02006T0	2349	2350	216	6.29527
MGG_04375T0	1988	1989	832.709	28.6739
MGG_08333T0	1163	1164	113.332	6.66853
MGG_06225T0	462	463	8	1.18342
MGG_17625T0	2442	2443	12	0.336424
MGG_07571T0	1498	1499	34	1.55348
MGG_17120T0	333	334	5	1.0253
MGG_14146T0	522	523	7	0.916695
MGG_00451T0	1532	1533	3270	146.095
MGG_12327T0	2524	2525	1467	39.7921
MGG_09398T0	1932	1933	366	12.9681
MGG_05435T0	2069	2070	162	5.36011
MGG_02784T0	6946	6947	825	8.13365
MGG_06329T0	1041	1042	1322	86.8945
MGG_04875T0	1163	1164	98	5.76636
MGG_03424T0	1077	1078	1	0.0635345
MGG_06374T0	1944	1945	1438	50.637
MGG_04882T0	1801	1802	2128	80.8808
MGG_00162T0	885	886	1855	143.397
MGG_17314T0	354	355	24	4.63033
MGG_04917T0	4813	4814	716	10.1867
MGG_05451T0	2472	2473	3601	99.7304
MGG_02778T0	543	544	151327	19052.2
MGG_02461T0	2494	2495	671	18.4196
MGG_17118T0	375	376	29	5.28249
MGG_07994T0	555	556	0	0
MGG_05692T0	705	706	216	20.9545
MGG_15078T0	3624	3625	2114	39.9416
MGG_17718T1	629	630	9.10577	0.989931
MGG_17718T0	767	768	13.8942	1.23909
MGG_14883T0	904	905	49	3.70831
MGG_13871T0	525	526	19	2.47398
MGG_05398T0	746	747	1	0.0916871
MGG_04127T0	1588	1589	496	21.379
MGG_18134T0	2043	2044	280	9.38222
MGG_10975T0	375	376	539	98.1815
MGG_04198T0	905	906	963	72.7992
MGG_07014T0	4006	4007	1619	27.673
MGG_17759T0	408	409	0	0
MGG_09729T0	450	451	11	1.67049
MGG_16603T0	408	409	0	0
MGG_15968T0	1356	1357	5	0.252359
MGG_01864T0	758	759	30	2.70712
MGG_05429T1	711	712	0	0
MGG_05429T0	946	947	5	0.361617
MGG_17505T0	2195	2196	505	15.7503
MGG_16468T0	249	250	4	1.09584
MGG_12005T0	4368	4369	4346	68.1297
MGG_05819T0	660	661	12	1.24339
MGG_05612T0	631	632	7	0.758594
MGG_00095T0	3220	3221	109.438	2.32704
MGG_17945T0	1647	1648	904	37.5699
MGG_10683T0	1818	1819	11	0.41418
MGG_03280T0	2309	2310	686	20.3395
MGG_00355T0	850	851	1384.76	111.448
MGG_00893T0	1588	1589	149.721	6.4534
MGG_00893T1	1332	1333	10.2785	0.528116
MGG_08985T0	3125	3126	1703	37.3125
MGG_09369T0	3259	3260	1778.21	37.3588
MGG_03862T0	3557	3558	3693	71.0889
MGG_10286T0	336	337	2	0.40647
MGG_00459T0	1251	1252	4588.89	251.033
MGG_06087T0	3414	3415	2664	53.4284
MGG_16397T0	222	223	25	7.67828
MGG_10111T0	1297	1298	277	14.6162
MGG_02134T0	1816	1817	1257	47.3815
MGG_16352T0	385	386	1	0.177436
MGG_04866T0	1781	1782	693.702	26.6621
MGG_02130T0	1704	1705	406	16.3091
MGG_02320T0	1636	1637	93	3.89102
MGG_01309T0	3164	3165	2476.77	53.5971
MGG_14022T0	1233	1234	26.6173	1.47733
MGG_02346T0	2003	2004	97	3.31515
MGG_11492T0	345	346	40	7.91795
MGG_05789T0	549	550	1	0.124528
MGG_09860T0	2260	2261	498	15.0854
MGG_11383T0	2547	2548	3280	88.1664
MGG_15415T0	833	834	27	2.21731
MGG_07081T0	1224	1225	186	10.3993
MGG_15989T0	2739	2740	393.676	9.84051
MGG_10489T0	3144	3145	1164	25.349
MGG_10432T0	784	785	83	7.24164
MGG_02545T0	1064	1065	36	2.31516
MGG_09504T0	4279	4280	2449	39.1899
MGG_04558T1	3205	3206	1472.38	31.4546
MGG_04558T0	2805	2806	983.624	24.0088
MGG_00804T0	1426	1427	610.109	29.2828
MGG_17570T0	567	568	0	0
MGG_04254T0	921	922	90	6.6856
MGG_04091T0	1826	1827	718	26.9162
MGG_07188T0	1655	1656	721	29.8197
MGG_01168T0	1668	1669	1495.29	61.3617
MGG_04665T0	3148	3149	795.33	17.2983
MGG_00431T0	1860	1861	3952	145.445
MGG_16621T0	247	248	0	0
MGG_10687T0	1185	1186	304.062	17.5593
MGG_05383T0	1270	1271	89	4.79593
MGG_16582T0	204	205	0	0
MGG_03497T0	1717	1718	7083	282.373
MGG_12345T0	3132	3133	2076.66	45.3976
MGG_04360T0	1935	1936	46	1.62735
MGG_07521T0	3132	3133	907	19.8278
MGG_02962T0	3386	3387	422.538	8.54436
MGG_02962T1	2735	2736	4542.46	113.711
MGG_00998T0	3184	3185	2049.54	44.0733
MGG_16236T0	1498	1499	229.292	10.4765
MGG_16698T0	363	364	0	0
MGG_00710T0	2100	2101	1061	34.5874
MGG_17609T0	225	226	0	0
MGG_06681T0	2105	2106	1498.81	48.7436
MGG_12243T0	2634	2635	924.962	24.0421
MGG_13578T0	1297	1298	1442	76.0885
MGG_09865T0	1404	1405	1039	50.6486
MGG_01783T1	2097	2098	364.11	11.8865
MGG_01783T0	1027	1028	364.111	24.2588
MGG_04718T0	735	736	472	43.9231
MGG_15167T0	2513	2514	278.726	7.59349
MGG_00552T0	1392	1393	3341	164.268
MGG_09566T0	2281	2282	666.044	19.9901
MGG_15321T0	2084	2085	1342	44.0834
MGG_09352T0	2919	2920	1436	33.6822
MGG_09087T0	693	694	0	0
MGG_01094T0	3784	3785	1486	26.8894
MGG_15559T0	747	748	14	1.2819
MGG_03826T0	1385	1386	112	5.53456
MGG_15206T0	936	937	158	11.549
MGG_10038T0	1866	1867	121	4.43884
MGG_01981T0	784	785	721	62.9063
MGG_06179T0	1443	1444	617.011	29.2654
MGG_08274T0	2467	2468	162	4.49571
MGG_14583T0	3242	3243	2056	43.4215
MGG_11292T0	462	463	0	0
MGG_01663T0	933	934	1157	84.8428
MGG_04621T0	5679	5680	468	5.64321
MGG_03725T0	1374	1375	2370.73	118.089
MGG_15685T0	535	536	9	1.15002
MGG_16054T0	2755	2756	126	3.13127
MGG_10702T0	1802	1803	151	5.73601
MGG_14573T0	2521	2522	465	12.6281
MGG_01268T0	2370	2371	7565	218.527
MGG_07175T0	1710	1711	1831.39	73.3096
MGG_14023T0	222	223	0	0
MGG_13852T0	504	505	1.87555	0.25437
MGG_02659T0	1233	1234	8969.24	497.816
MGG_02659T1	1136	1137	7619.76	458.997
MGG_15273T0	1955	1956	45	1.5757
MGG_00522T0	1995	1996	3237	111.074
MGG_15443T0	348	349	0	0
MGG_17902T0	156	157	1	0.436244
MGG_03525T0	1536	1537	7719	343.966
MGG_01784T0	953	954	617.78	44.3521
MGG_08130T0	3116	3117	804	17.6664
MGG_17062T0	1163	1164	840	49.4259
MGG_01133T1	2767	2768	1069.02	26.4514
MGG_01133T0	3378	3379	2260.98	45.8287
MGG_00312T0	2084	2085	1470.83	48.3154
MGG_08649T0	1393	1394	2635	129.463
MGG_04911T0	3614	3615	3744	70.9343
MGG_04640T0	4054	4055	1552	26.2138
MGG_00554T0	856	857	48	3.83609
MGG_10933T0	1818	1819	35	1.31784
MGG_01300T0	1359	1360	398	20.0435
MGG_15482T0	513	514	0	0
MGG_07423T0	2256	2257	2432	73.8007
MGG_04599T0	690	691	10747	1065.22
MGG_00587T0	1719	1720	15909	633.495
MGG_14807T0	593	594	1119.31	129.06
MGG_03687T0	1434	1435	3791	180.938
MGG_12714T0	1013	1014	17770.8	1200.32
MGG_11529T0	3028	3029	1848.91	41.8066
MGG_11259T0	3066	3067	13850	309.289
MGG_11064T0	2909	2910	1861	43.8008
MGG_02036T0	2881	2882	0	0
MGG_15384T0	336	337	0	0
MGG_05695T0	3522	3523	685	13.317
MGG_11482T0	3958	3959	1945	33.6483
MGG_15068T0	399	400	0	0
MGG_11727T0	4282	4283	2725	43.576
MGG_10170T0	804	805	2810	239.078
MGG_10659T0	2490	2491	1159	31.8668
MGG_12522T0	270	271	3183	804.444
MGG_06691T0	1260	1261	17724	962.665
MGG_03666T0	772	773	1710	151.511
MGG_06580T0	1800	1801	7	0.266203
MGG_16241T0	156	157	2	0.872487
MGG_06221T0	2132	2133	305	9.79349
MGG_02208T0	567	568	0	0
MGG_05865T0	3916	3917	957	16.7335
MGG_05296T0	351	352	9529	1854.1
MGG_04355T0	567	568	1	0.120581
MGG_06376T0	1284	1285	1095.34	58.3815
MGG_16294T0	508	509	19	2.55661
MGG_15242T0	2781	2782	193	4.75148
MGG_10911T0	597	598	0	0
MGG_12162T0	1592	1593	169	7.26607
MGG_09144T0	450	451	0	0
MGG_07745T0	3043	3044	3055	68.7377
MGG_02032T0	3452	3453	0	0
MGG_14979T0	417	418	0	0
MGG_10431T0	2949	2950	474	11.0049
MGG_06370T0	2934	2935	447	10.4311
MGG_09610T0	870	871	213	16.749
MGG_09435T0	2770	2771	560.271	13.8481
MGG_07226T0	801	802	177	15.1157
MGG_17801T0	423	424	1	0.161534
MGG_05057T0	1332	1333	389	19.987
MGG_01985T0	2406	2407	2261	64.3359
MGG_03050T0	2427	2428	920	25.9518
MGG_01356T0	2103	2104	32	1.04168
MGG_09347T0	950	951	469	33.777
MGG_16706T0	1566	1567	4690	204.99
MGG_08691T0	949	950	1346.22	97.0558
MGG_02267T0	1543	1544	186	8.25077
MGG_07569T0	1820	1821	42	1.57968
MGG_15172T0	501	502	11	1.50078
MGG_14893T0	870	871	0	0
MGG_09986T0	1205	1206	1300	73.8286
MGG_01811T0	4825	4826	3483	49.4305
MGG_07738T0	1380	1381	5	0.247973
MGG_07324T0	1196	1197	2527	144.59
MGG_08189T0	2540	2541	1903.07	51.2954
MGG_11168T0	2496	2497	1731	47.4796
MGG_10522T0	1994	1995	1130	38.794
MGG_17109T0	423	424	1	0.161534
MGG_07818T0	3117	3118	15.5714	0.342043
MGG_00719T0	1737	1738	4437.78	174.882
MGG_14351T0	2218	2219	44	1.35808
MGG_09779T0	3392	3393	981.14	19.8051
MGG_09779T1	3451	3452	1030.15	20.439
MGG_07917T0	3324	3325	175	3.60475
MGG_09849T0	1224	1225	30.1475	1.68556
MGG_13339T0	621	622	0	0
MGG_01387T0	2142	2143	252	8.05391
MGG_12047T0	4344	4345	1	0.015763
MGG_04977T0	156	157	9599	4187.5
MGG_15598T0	627	628	2375	259.02
MGG_16347T0	531	532	24	3.08978
MGG_17071T0	297	298	0	0
MGG_16199T0	261	262	0	0
MGG_04710T0	8688	8689	2536	19.9898
MGG_02232T0	420	421	1	0.162685
MGG_01593T0	3255	3256	2196	46.193
MGG_04374T0	1848	1849	1527.29	56.5736
MGG_09875T0	1467	1468	317	14.7898
MGG_02648T0	2576	2577	9	0.239198
MGG_06245T0	6918	6919	314	3.10824
MGG_10580T0	2539	2540	150	4.0447
MGG_07125T0	1209	1210	4057	229.64
MGG_04753T0	684	685	0	0
MGG_05860T0	2270	2271	509	15.3507
MGG_10382T0	1243	1244	1081.47	59.5418
MGG_00555T0	2466	2467	1296	35.9803
MGG_03743T0	3126	3127	1135	24.8597
MGG_06033T0	3949	3950	7771	134.744
MGG_06250T0	2283	2284	2238	67.1108
MGG_05690T0	3450	3451	3508	69.6215
MGG_14070T0	1118	1119	369	22.5853
MGG_01108T0	4561	4562	4838	72.6339
MGG_15908T0	225	226	0	0
MGG_04101T0	2280	2281	1810	54.3478
MGG_01605T0	3035	3036	4685.64	105.705
MGG_00427T0	8566	8567	44.7792	0.357994
MGG_07157T0	2820	2821	1018.26	24.7221
MGG_13635T0	2110	2111	251	8.14356
MGG_17525T0	156	157	0	0
MGG_02334T0	381	382	0	0
MGG_04550T0	3714	3715	6742	124.296
MGG_12119T1	2082	2083	64.5347	2.12194
MGG_12119T0	2006	2007	517.11	17.6467
MGG_08536T0	4143	4144	80.5584	1.33143
MGG_03737T0	3271	3272	2664	55.7634
MGG_11463T0	2619	2620	255.248	6.67252
MGG_10913T0	1034	1035	1	0.0661741
MGG_04354T0	426	427	37	5.93475
MGG_16657T0	648	649	27.9002	2.94436
MGG_06596T0	1790	1791	361	13.8051
MGG_00347T0	1323	1324	373	19.2952
MGG_17145T0	820	821	14	1.16792
MGG_15055T0	605	606	586	66.2298
MGG_17443T0	285	286	3	0.718429
MGG_05207T0	3391	3392	2601	52.5186
MGG_06319T0	1295	1296	364	19.2365
MGG_03203T0	951	952	1611.03	115.903
MGG_07901T0	639	640	11.6403	1.2457
MGG_04764T0	1758	1759	1417	55.1738
MGG_07274T0	5920	5921	2049	23.7015
MGG_08690T0	1781	1782	6151	236.41
MGG_03554T0	859	860	9245	736.27
MGG_01571T0	1947	1948	8	0.281274
MGG_08625T0	2414	2415	1345	38.1447
MGG_07013T0	1532	1533	14	0.625482
MGG_05113T1	2187	2188	509.772	15.9572
MGG_05113T0	1568	1569	22.2282	0.970308
MGG_01540T0	1728	1729	540.514	21.4112
MGG_06476T0	2756	2757	1753	43.5486
MGG_12008T0	204	205	59	19.7118
MGG_17732T0	3995	3996	2735.53	46.8861
MGG_13028T0	1630	1631	763.794	32.0739
MGG_05800T0	2579	2580	95	2.52193
MGG_00649T0	1655	1656	197.598	8.17243
MGG_01568T0	1395	1396	2709	132.908
MGG_04774T0	883	884	75770	5870.48
MGG_01572T0	4095	4096	1606	26.8543
MGG_15440T0	174	175	0	0
MGG_07526T0	1416	1417	358.13	17.3101
MGG_03187T0	1869	1870	1848	67.6845
MGG_06177T0	1422	1423	15754.9	758.299
MGG_14910T0	1156	1157	21	1.24312
MGG_05767T0	1783	1784	45	1.72761
MGG_01394T0	2415	2416	223	6.32174
MGG_00322T0	1897	1898	203	7.32535
MGG_09188T0	1586	1587	368	15.8818
MGG_09748T0	1329	1330	510	26.2632
MGG_01822T0	1074	1075	7048	449.041
MGG_10756T0	1541	1542	12	0.532998
MGG_01264T0	2508	2509	1018	27.7892
MGG_12339T0	3205	3206	170	3.63173
MGG_05214T0	1116	1117	361	22.1352
MGG_15825T0	2361	2362	921	26.706
MGG_05841T0	1470	1471	24	1.11745
MGG_12492T0	1587	1588	64	2.76031
MGG_06969T0	2859	2860	911	21.8163
MGG_17667T0	276	277	1	0.247257
MGG_06031T0	1491	1492	91	4.17735
MGG_07666T0	2621	2622	592	15.4639
MGG_15138T0	2490	2491	1429.51	39.3045
MGG_08434T0	3684	3685	20	0.371724
MGG_08255T0	3210	3211	4623	98.608
MGG_05061T0	3116	3117	3973	87.2992
MGG_00499T0	1876	1877	384.659	14.0359
MGG_10410T0	4816	4817	4875	69.3149
MGG_15489T3	2484	2485	0	0
MGG_15489T0	2658	2659	47.7292	1.2294
MGG_15489T2	2570	2571	0.564158	0.0150289
MGG_15489T1	2658	2659	47.7292	1.2294
MGG_03335T0	1203	1204	1380	78.5021
MGG_17553T0	1783	1784	8.618	0.330857
MGG_02598T0	832	833	1363	112.067
MGG_09323T0	2390	2391	126	3.60927
MGG_04368T0	2961	2962	275	6.35882
MGG_16784T0	687	688	17	1.69235
MGG_14985T0	696	697	0	0
MGG_14341T0	2448	2449	1	0.0279666
MGG_04921T0	1086	1087	10626	669.528
MGG_15892T0	237	238	1	0.287774
MGG_12210T0	2376	2377	0	0
MGG_05910T0	1363	1364	300	15.0638
MGG_09728T1	1885	1886	237.772	8.63472
MGG_09728T0	1871	1872	401.228	14.6796
MGG_09649T0	1023	1024	262	17.5239
MGG_08449T0	2312	2313	22	0.651442
MGG_05089T0	3468	3469	2609	51.5108
MGG_17725T0	674	675	18	1.82641
MGG_03411T0	2322	2323	109	3.2137
MGG_05462T0	1534	1535	1677	74.8261
MGG_06759T0	2654	2655	18923.7	488.169
MGG_17885T0	432	433	0	0
MGG_17235T0	702	703	0	0
MGG_08366T0	975	976	51	3.5789
MGG_02167T0	1962	1963	10407	363.106
MGG_16053T0	805	806	4691	398.62
MGG_01946T0	1569	1570	0	0
MGG_04164T0	908	909	6277.07	472.957
MGG_16439T0	1165	1166	15	0.881092
MGG_05805T0	1692	1693	73	2.95321
MGG_04692T0	3345	3346	10085	206.433
MGG_01652T0	1091	1092	1720	107.878
MGG_10206T0	339	340	17	3.42451
MGG_05118T0	1898	1899	158	5.6985
MGG_05273T0	2708	2709	962	24.3217
MGG_00510T0	1050	1051	10	0.651667
MGG_16559T0	777	778	0	0
MGG_16049T0	813	814	3.00628	0.25295
MGG_07781T0	1856	1857	419	15.4536
MGG_11882T0	7062	7063	1861	18.0462
MGG_02978T0	1329	1330	0	0
MGG_13487T0	882	883	1470	114.021
MGG_16755T0	1290	1291	470	24.9345
MGG_11820T0	2824	2825	341	8.26732
MGG_09626T0	411	412	5	0.831192
MGG_05358T0	927	928	841.071	62.0745
MGG_16869T0	1319	1320	347	18.0046
MGG_10343T0	1527	1528	40	1.79294
MGG_02921T0	1247	1248	1314.42	72.1356
MGG_17095T0	384	385	10	1.77897
MGG_03523T0	2279	2280	1900	57.0752
MGG_15347T0	2826	2827	267	6.46866
MGG_16395T0	1962	1963	2864	99.9267
MGG_16636T0	375	376	3	0.546465
MGG_04784T0	1896	1897	308	11.1202
MGG_14549T0	495	496	1141	157.555
MGG_06683T0	1900	1901	1197.76	43.1536
MGG_04543T0	2418	2419	2858	80.9198
MGG_16146T0	357	358	315	60.2638
MGG_10936T0	1221	1222	0	0
MGG_01709T0	1623	1624	1500.14	63.2664
MGG_15695T0	315	316	72	15.6054
MGG_01669T0	2644	2645	898	23.253
MGG_15682T0	2145	2146	34	1.08512
MGG_11860T0	5684	5685	265	3.1926
MGG_03264T0	1685	1686	2493	101.273
MGG_06686T0	2805	2806	1026.71	25.0604
MGG_12513T0	1404	1405	324	15.7942
MGG_05402T0	3917	3918	107	1.87046
MGG_07375T0	4410	4411	18	0.279489
MGG_04530T0	1060	1061	400	25.821
MGG_02847T0	677	678	2049	206.986
MGG_00378T0	1851	1852	308	11.3904
MGG_03032T0	1002	1003	56	3.82398
MGG_14372T0	1560	1561	150	6.58138
MGG_05901T0	1945	1946	484	17.0346
MGG_17642T0	495	496	0	0
MGG_16337T0	414	415	80	13.2029
MGG_14744T0	1829	1830	1278	47.8309
MGG_08171T0	3446	3447	1105	21.9558
MGG_05279T0	1471	1472	536	24.9394
MGG_02989T0	355	356	19	3.65538
MGG_06658T0	1111	1112	18631.9	1147.57
MGG_08980T0	2142	2143	3398	108.6
MGG_03912T0	3181	3182	1266	27.2497
MGG_10970T0	2675	2676	2905	74.3513
MGG_10641T0	663	664	0	0
MGG_04768T0	1958	1959	2325.99	81.3208
MGG_17133T0	207	208	3	0.98784
MGG_02975T0	860	861	117	9.30704
MGG_10159T0	321	322	1066	226.741
MGG_06944T0	1338	1339	412	21.0739
MGG_13453T0	3786	3787	720	13.0216
MGG_13863T0	438	439	2	0.312028
MGG_09131T0	1497	1498	11	0.502932
MGG_06956T0	648	649	41	4.32681
MGG_00737T0	453	454	8650	1304.94
MGG_15911T0	306	307	0	0
MGG_11512T0	2620	2621	1767	46.1741
MGG_09558T0	2115	2116	1239	40.1037
MGG_12860T0	2112	2113	1386	44.9254
MGG_07283T0	4680	4681	1279	18.7137
MGG_06324T0	2623	2624	3063	79.9488
MGG_01204T0	3347	3348	4532	92.7114
MGG_04895T0	2899	2900	27219	642.84
MGG_04337T0	2585	2586	22343	591.755
MGG_16956T0	153	154	8	3.55793
MGG_10532T0	1387	1388	89	4.39166
MGG_07322T0	2023	2024	62	2.09802
MGG_07464T0	1813	1814	1034.84	39.072
MGG_06327T0	2647	2648	8364	216.334
MGG_04225T0	2117	2118	1117	36.1207
MGG_17711T0	291	292	21	4.92567
MGG_04107T0	1751	1752	663	25.9184
MGG_05254T0	2120	2121	868.112	28.0326
MGG_03323T0	4938	4939	1738	24.1012
MGG_14061T0	1953	1954	14097	494.118
MGG_07075T0	1646	1647	2849	118.475
MGG_05452T0	498	499	3	0.411765
MGG_02306T0	1234	1235	61	3.38292
MGG_07310T0	3787	3788	3784	68.4179
MGG_15573T0	930	931	27	1.98629
MGG_08061T0	2482	2483	429	11.8334
MGG_12890T0	3226	3227	1265	26.8485
MGG_02841T0	1925	1926	793.45	28.2158
MGG_02835T0	1451	1452	3833.79	180.838
MGG_03847T0	977	978	74	5.18229
MGG_08873T0	2896	2897	622	14.7052
MGG_02368T0	2642	2643	1131	29.3085
MGG_14633T0	2943	2944	3964.55	92.2326
MGG_05384T0	4907	4908	123	1.71644
MGG_17833T0	252	253	3	0.812137
MGG_08312T0	3162	3163	3236	70.0709
MGG_04834T0	2225	2226	866	26.6453
MGG_04054T0	1219	1220	2359.01	132.434
MGG_17350T0	3490	3491	1933	37.9237
MGG_06842T0	3054	3055	0	0
MGG_02927T0	3162	3163	5420	117.362
MGG_17225T0	288	289	1	0.23699
MGG_16088T0	303	304	15	3.37945
MGG_15327T0	1059	1060	10	0.646134
MGG_15035T0	588	589	0	0
MGG_05337T0	2034	2035	242	8.14478
MGG_03598T0	2911	2912	7113	167.298
MGG_17755T0	381	382	1	0.179294
MGG_03211T0	1759	1760	3193.84	124.288
MGG_05352T0	1215	1216	1127	63.4774
MGG_08373T0	857	858	38	3.03337
MGG_05815T0	1261	1262	354	19.212
MGG_17142T0	306	307	0	0
MGG_16450T0	292	293	158	36.9333
MGG_06995T0	1707	1708	2027.89	81.3176
MGG_04155T0	2026	2027	1038.18	35.0791
MGG_00842T0	1034	1035	552	36.5281
MGG_07450T0	4328	4329	3280	51.8937
MGG_05482T0	747	748	21	1.92285
MGG_00848T0	991	992	3075	212.306
MGG_17969T0	288	289	16	3.79185
MGG_03576T0	666	667	3468	356.108
MGG_00382T0	1748	1749	681.769	26.6978
MGG_16786T0	168	169	0	0
MGG_03483T0	1182	1183	4636.74	268.446
MGG_09223T0	2337	2338	1165	34.1279
MGG_05204T0	1376	1377	2024	100.671
MGG_17322T0	219	220	27	8.40562
MGG_05990T0	2149	2150	1083	34.5
MGG_16815T1	1973	1974	1484.27	51.4984
MGG_16815T0	2043	2044	5401.21	180.984
MGG_11466T0	3911	3912	805	14.0937
MGG_09711T0	1611	1612	1038	44.1023
MGG_00040T0	2771	2772	418.02	10.3284
MGG_16968T0	216	217	1	0.315623
MGG_01952T0	1670	1671	1610	65.99
MGG_07750T0	1287	1288	0	0
MGG_04453T0	1463	1464	422.842	19.7818
MGG_04301T0	438	439	2	0.312028
MGG_06285T0	3588	3589	3208	61.2195
MGG_16030T0	481	482	0	0
MGG_17768T0	750	751	0	0
MGG_18016T0	923	924	253	18.7533
MGG_06462T0	4420	4421	1903	29.4813
MGG_07752T0	2151	2152	29370	934.739
MGG_03914T1	2179	2180	1216.69	38.2255
MGG_03914T0	932	933	238.308	17.4939
MGG_08332T0	4625	4626	340.1	5.03535
MGG_03074T0	1795	1796	1005	38.3255
MGG_09889T0	1610	1611	503	21.3846
MGG_09767T0	2912	2913	6489	152.569
MGG_15522T0	2226	2227	344	10.5795
MGG_07761T0	1520	1521	276	12.4282
MGG_07531T0	3481	3482	2050	40.3231
MGG_16774T0	150	151	14	6.35009
MGG_07057T0	1219	1220	2083.2	116.95
MGG_06294T0	492	493	1061	147.4
MGG_05611T0	243	244	387	108.63
MGG_05039T0	2966	2967	490	11.3112
MGG_07123T0	4082	4083	4972	83.4028
MGG_04513T0	1599	1600	1271	54.4069
MGG_09341T0	1374	1375	2154	107.293
MGG_05761T0	2087	2088	29.0063	0.951459
MGG_15524T0	454	455	23	3.46214
MGG_03146T0	1743	1744	1834	72.0247
MGG_15371T0	627	628	13.8776	1.5135
MGG_03695T0	3411	3412	417.769	8.38602
MGG_00361T0	2143	2144	914	29.1978
MGG_09248T0	489	490	66	9.22521
MGG_00125T0	1998	1999	1943	66.5715
MGG_01474T0	3465	3466	1018.03	20.1169
MGG_13347T0	2556	2557	371	9.93738
MGG_08046T0	2812	2813	3948	96.1249
MGG_17253T0	1152	1153	289	17.1671
MGG_08800T0	1695	1696	419	16.9206
MGG_03303T0	2529	2530	463.626	12.5509
MGG_02371T0	2010	2011	301	10.2514
MGG_07873T0	1368	1369	0	0
MGG_07764T0	1442	1443	5069	240.594
MGG_05047T0	3773	3774	1052	19.0916
MGG_02999T0	1858	1859	2262	83.3378
MGG_17936T0	1548	1549	494	21.8426
MGG_00614T0	420	421	4	0.650739
MGG_01552T0	1787	1788	666.528	25.5317
MGG_09818T0	1593	1594	152	6.53106
MGG_05567T0	1115	1116	466	28.599
MGG_14184T0	1045	1046	1	0.0654782
MGG_04616T0	2593	2594	3648	96.3193
MGG_07446T0	3265	3266	204	4.27802
MGG_17308T0	916	917	1072.85	80.1302
MGG_17308T1	1136	1137	308.774	18.5998
MGG_03384T0	3126	3127	2996.94	65.6417
MGG_01780T0	5148	5149	1237.22	16.4571
MGG_10677T0	1350	1351	1138	57.692
MGG_08925T0	4618	4619	3855	57.1617
MGG_01984T0	1455	1456	58	2.72832
MGG_05595T0	4488	4489	58	0.884926
MGG_17611T0	171	172	0	0
MGG_04141T0	2873	2874	689.6	16.4338
MGG_05267T0	387	388	283	49.9555
MGG_15139T0	4443	4444	3302.71	50.9009
MGG_01757T0	3791	3792	4261	76.9612
MGG_01303T0	1929	1930	990	35.1323
MGG_15289T0	2693	2694	296.342	7.53398
MGG_13816T0	1828	1829	969.143	36.2913
MGG_06730T0	749	750	743	67.851
MGG_03905T0	1471	1472	1466	68.2111
MGG_16412T0	159	160	14	5.9929
MGG_03857T0	1952	1953	3656	128.213
MGG_14638T0	588	589	83	9.65142
MGG_09160T0	3718	3719	1987	36.5932
MGG_02225T0	1849	1850	374.169	13.8524
MGG_04924T0	2393	2394	1965.73	56.2379
MGG_15243T0	501	502	0	0
MGG_08628T0	1107	1108	699	43.2082
MGG_01622T0	1884	1885	2935.92	106.675
MGG_03331T0	1298	1299	1054	55.5725
MGG_10005T0	1596	1597	2661	114.122
MGG_03855T0	1157	1158	3700.44	218.863
MGG_02187T0	2720	2721	286	7.1989
MGG_05988T0	1864	1865	177	6.50015
MGG_04894T0	2094	2095	1262	41.2576
MGG_00389T0	432	433	5	0.79088
MGG_15479T0	2608	2609	73.7304	1.93554
MGG_15063T0	1519	1520	816	36.7684
MGG_09665T0	1116	1117	1	0.0613162
MGG_00693T0	2463	2464	585	16.2609
MGG_16017T0	255	256	303	81.0646
MGG_15690T0	204	205	25	8.35247
MGG_05069T0	1584	1585	147	6.35209
MGG_10181T0	4052	4053	12921	218.347
MGG_03761T0	5498	5499	1180	14.6969
MGG_04656T0	2754	2755	2075.34	51.5936
MGG_07368T0	1893	1894	1420	51.3496
MGG_04098T0	1239	1240	6	0.331404
MGG_00269T0	405	406	0	0
MGG_14472T0	1595	1596	2029.64	87.0995
MGG_00155T0	3810	3811	856	15.3838
MGG_16931T0	243	244	0	0
MGG_10519T0	1703	1704	889	35.7323
MGG_04626T0	1099	1100	2899.7	180.547
MGG_03026T0	3014	3015	457	10.3814
MGG_14707T0	345	346	0	0
MGG_14689T0	1491	1492	788	36.1731
MGG_15607T0	2254	2255	2065	62.7194
MGG_13290T0	1271	1272	189	10.1766
MGG_02419T0	7234	7235	1615	15.2884
MGG_15713T0	273	274	5	1.24982
MGG_05421T0	1146	1147	108	6.44895
MGG_03120T0	702	703	1224	119.249
MGG_09727T0	1890	1891	248	8.98233
MGG_06174T0	3330	3331	2622	53.9122
MGG_10425T0	1040	1041	127	8.35568
MGG_13971T0	1447	1448	93	4.39889
MGG_04476T0	1906	1907	3331	119.633
MGG_17999T0	201	202	8	2.71248
MGG_07432T0	1395	1396	0	0
MGG_05621T0	802	803	772	65.8462
MGG_03292T0	2900	2901	630	14.8738
MGG_17786T0	397	398	2	0.344172
MGG_07445T1	2730	2731	2094.89	52.5373
MGG_07445T0	1089	1090	21.112	1.32657
MGG_00987T0	2408	2409	14728	418.731
MGG_08837T0	1296	1297	1359	71.7642
MGG_02538T0	2080	2081	1124	36.9933
MGG_16950T0	417	418	0	0
MGG_09979T0	1838	1839	115.414	4.29837
MGG_08306T0	1612	1613	33	1.40123
MGG_06212T0	2889	2890	73	1.73003
MGG_06222T0	1641	1642	185	7.71662
MGG_07031T0	1039	1040	5472	360.364
MGG_03538T0	5186	5187	2142	28.2834
MGG_05479T0	2046	2047	52	1.73986
MGG_14584T0	892	893	298	22.8556
MGG_12735T0	3441	3442	491	9.77011
MGG_16844T0	183	184	6	2.23338
MGG_15356T0	366	367	4	0.746488
MGG_01624T0	3532	3533	240	4.65261
MGG_06379T0	15261	15262	1790	8.03286
MGG_06063T0	5425	5426	3957.84	49.9583
MGG_03712T0	1143	1144	31	1.85594
MGG_17820T0	1703	1704	469.933	18.8884
MGG_17820T1	1657	1658	426.545	17.6201
MGG_15053T0	4769	4770	2547	36.5712
MGG_01791T0	4021	4022	1999	34.0408
MGG_05608T0	881	882	1667.94	129.521
MGG_04568T0	2631	2632	362.435	9.43132
MGG_16344T0	270	271	0	0
MGG_04836T0	2489	2490	2520	69.3154
MGG_02425T0	6431	6432	27418	291.957
MGG_12004T0	2117	2118	822	26.5812
MGG_04478T0	2519	2520	4139	112.492
MGG_09395T0	3407	3408	887.047	17.8269
MGG_08506T0	501	502	30	4.09304
MGG_18054T0	498	499	12	1.64706
MGG_17683T0	3284	3285	1088	22.6841
MGG_16295T0	177	178	17	6.5412
MGG_16274T0	1243	1244	1137	62.5992
MGG_01156T0	2832	2833	148.867	3.59898
MGG_01156T1	3816	3817	2476.13	44.4304
MGG_15921T0	411	412	0	0
MGG_09910T0	2224	2225	1798	55.3463
MGG_08994T0	1407	1408	219	10.653
MGG_08482T0	429	430	9	1.43352
MGG_09680T0	1473	1474	3119	144.926
MGG_06637T0	1974	1975	1239	42.9668
MGG_07982T0	1952	1953	209	7.32947
MGG_01846T0	2439	2440	1086	30.4838
MGG_16052T0	318	319	16	3.43525
MGG_08825T0	2214	2215	630	19.4803
MGG_01687T0	1620	1621	2241.93	94.7256
MGG_08586T0	2175	2176	2300	72.3932
MGG_10120T0	522	523	9	1.17861
MGG_06408T0	1965	1966	2869.7	99.9726
MGG_00367T0	492	493	47	6.52949
MGG_16861T0	2594	2595	681.168	17.9782
MGG_14594T0	1123	1124	109	6.64185
MGG_16343T0	321	322	1	0.212703
MGG_08734T0	1116	1117	2	0.122632
MGG_01935T0	2441	2442	740	20.7546
MGG_09091T0	1021	1022	33	2.21152
MGG_01779T0	2013	2014	1.78104	0.0605681
MGG_17296T0	507	508	1.1361	0.153173
MGG_08751T0	4329	4330	205	3.24261
MGG_02386T0	1967	1968	1262	43.9201
MGG_15719T0	1353	1354	50	2.52918
MGG_09470T0	453	454	2869	432.816
MGG_02976T0	3756	3757	282	5.14087
MGG_11140T0	4843	4844	607	8.58249
MGG_17564T0	168	169	0	0
MGG_17115T0	510	511	66	8.8461
MGG_14655T0	3924	3925	62	1.08188
MGG_14662T0	243	244	18	5.05256
MGG_15325T0	4783	4784	2836	40.6017
MGG_08168T0	3662	3663	433	8.09617
MGG_08308T0	1369	1370	983	49.143
MGG_00965T0	573	574	1853	221.102
MGG_01745T0	1617	1618	1770	74.9244
MGG_05179T0	1269	1270	1880.82	101.432
MGG_05847T0	1752	1753	397	15.5109
MGG_05058T0	270	271	27	6.82375
MGG_09170T0	5251	5252	5334	69.5596
MGG_15813T0	333	334	1551	318.049
MGG_06556T0	921	922	474	35.2108
MGG_15891T0	270	271	1	0.252731
MGG_08698T0	3073	3074	234	5.21364
MGG_06409T0	1562	1563	1195	52.3646
MGG_01454T0	2080	2081	2366.8	77.8964
MGG_17206T0	468	469	74	10.8066
MGG_06710T0	1441	1442	563	26.7406
MGG_15792T0	2059	2060	75.9405	2.52485
MGG_07297T0	3055	3056	2297.25	51.4853
MGG_08616T0	4303	4304	471.732	7.50674
MGG_00730T0	2948	2949	850	19.7412
MGG_09198T0	2339	2340	249	7.28806
MGG_17575T0	189	190	0	0
MGG_10746T0	1627	1628	454.474	19.1198
MGG_13895T0	1206	1207	494	28.0316
MGG_11948T0	819	820	0	0
MGG_11326T0	4057	4058	1504	25.3843
MGG_15378T0	318	319	138	29.629
MGG_17375T0	279	280	4	0.978432
MGG_10686T0	5060	5061	1296	17.5387
MGG_03441T0	4027	4028	5516	93.7915
MGG_09599T0	594	595	1157	133.182
MGG_02837T0	3259	3260	328.858	6.90907
MGG_02837T1	2800	2801	877.142	21.4479
MGG_01212T0	1347	1348	312	15.8523
MGG_13711T0	1212	1213	4202	237.26
MGG_15876T0	2741	2742	555	13.8629
MGG_04174T0	2022	2023	1558.37	52.76
MGG_02924T0	2810	2811	1136	27.6787
MGG_11330T0	738	739	2349.97	217.795
MGG_15530T0	1564	1565	88	3.85121
MGG_07553T0	1464	1465	13	0.607763
MGG_03156T0	1786	1787	1898	72.7445
MGG_00621T0	3899	3900	1951	34.2627
MGG_15100T0	9565	9566	702	5.02615
MGG_04693T0	1775	1776	940	36.2505
MGG_15549T0	183	184	0	0
MGG_00199T0	6058	6059	4965.62	56.1308
MGG_14202T0	3929	3930	1506.19	26.2491
MGG_14964T0	429	430	1	0.15928
MGG_14302T0	2217	2218	491	15.1617
MGG_16840T0	1764	1765	73.0597	2.83506
MGG_08260T0	1098	1099	404.879	25.2323
MGG_14941T0	993	994	10	0.689037
MGG_06750T0	3543	3544	656	12.6777
MGG_06690T0	2176	2177	2345	73.7757
MGG_07449T0	1536	1537	527	23.4836
MGG_15999T0	589	590	0	0
MGG_14243T0	1194	1195	199	11.4055
MGG_11723T0	513	514	1160	154.569
MGG_06554T0	2579	2580	677.349	17.9813
MGG_04172T0	2373	2374	1629	46.9969
MGG_10055T0	995	996	3850.2	264.76
MGG_00914T0	402	403	129	21.9237
MGG_06251T1	2140	2141	1629.81	52.1374
MGG_06251T0	2354	2355	551.188	16.0301
MGG_04231T0	2918	2919	86	2.01787
MGG_12848T0	993	994	14	0.964651
MGG_18127T0	432	433	0	0
MGG_08583T0	2979	2980	1059	24.3393
MGG_01809T0	831	832	92.1843	7.58861
MGG_18117T0	1359	1360	2405	121.117
MGG_15030T0	611	612	20	2.23824
MGG_16592T0	321	322	0	0
MGG_10323T0	1932	1933	4844	171.633
MGG_08539T0	1125	1126	0	0
MGG_16889T0	374	375	0	0
MGG_00967T0	1284	1285	2026	107.985
MGG_01589T0	984	985	5996.06	416.926
MGG_15266T0	972	973	37	2.60446
MGG_02704T0	2241	2242	246.428	7.52805
MGG_01879T0	372	373	1	0.18362
MGG_15780T0	228	229	42	12.5615
MGG_13778T0	1993	1994	8898	305.63
MGG_12007T0	1902	1903	105.793	3.80757
MGG_11210T0	3509	3510	910.189	17.7604
MGG_16519T0	355	356	36	6.92598
MGG_14976T0	1659	1660	1263	52.1103
MGG_10640T0	2229	2230	110	3.37844
MGG_17266T0	446	447	50	7.6611
MGG_05590T0	1348	1349	96	4.87403
MGG_11876T0	3086	3087	5388	119.542
MGG_11541T0	4512	4513	2615	39.6858
MGG_01227T0	5942	5943	3264	37.616
MGG_09165T0	1662	1663	24	0.988434
MGG_01800T0	3254	3255	443	9.3214
MGG_13037T0	282	283	0	0
MGG_03060T0	7980	7981	797	6.83958
MGG_02085T0	1348	1349	1094	55.5436
MGG_08569T0	1883	1884	423	15.3776
MGG_03455T0	1941	1942	891	31.4237
MGG_03216T0	1023	1024	783	52.3709
MGG_08946T0	711	712	0	0
MGG_04867T0	1379	1380	141.818	7.0385
MGG_17307T0	1691	1692	1.04287	0.042214
MGG_11080T0	1962	1963	0	0
MGG_13762T0	3966	3967	18978	327.655
MGG_08884T0	5370	5371	1273.89	16.2445
MGG_09312T0	2980	2981	1278.6	29.3766
MGG_15287T0	2960	2961	1709.45	39.541
MGG_01256T0	2105	2106	1254	40.7819
MGG_06481T0	3833	3834	1333	23.8126
MGG_16797T0	159	160	0	0
MGG_07252T0	1269	1270	2101	113.305
MGG_07082T0	942	943	679	49.3159
MGG_09891T0	2876	2877	2313	55.0636
MGG_04330T0	2816	2817	2307	56.0905
MGG_02971T0	1279	1280	2810	150.357
MGG_00881T0	2021	2022	476.211	16.1305
MGG_17330T0	183	184	0	0
MGG_15952T0	360	361	11	2.08696
MGG_09158T0	351	352	0	0
MGG_08560T0	1047	1048	1742.45	113.875
MGG_08560T1	954	955	1493.55	107.114
MGG_16971T0	3165	3166	1142	24.7049
MGG_17534T0	210	211	1	0.324598
MGG_07634T0	2515	2516	940	25.5886
MGG_06111T0	3137	3138	1483.52	32.3794
MGG_06046T0	1035	1036	551	36.4268
MGG_01917T0	744	745	769	70.6966
MGG_00455T0	2916	2917	3318	77.9056
MGG_11770T0	483	484	70	9.90561
MGG_04758T1	3276	3277	1146.43	23.9607
MGG_04758T0	3668	3669	296.57	5.53615
MGG_00951T0	2058	2059	427	14.2037
MGG_01835T0	4763	4764	1043	14.9948
MGG_10251T0	2121	2122	390	12.5877
MGG_12650T0	3050	3051	4985	111.906
MGG_04942T0	2016	2017	1428	48.4899
MGG_02476T0	7808	7809	4421	38.7752
MGG_17189T0	279	280	8	1.95686
MGG_17695T0	1715	1716	1324	52.8444
MGG_16725T0	2422	2423	704	19.8998
MGG_05159T0	1411	1412	347	16.8315
MGG_17141T0	186	187	20	7.32516
MGG_09972T0	1808	1809	32	1.21155
MGG_01140T0	2951	2952	4846	112.433
MGG_15835T0	150	151	0	0
MGG_06512T0	2614	2615	254	6.65259
MGG_15982T0	1869	1870	109.875	4.02425
MGG_12520T0	607	608	9	1.01384
MGG_04450T0	1491	1492	32	1.46896
MGG_01000T0	3058	3059	1208	27.0468
MGG_00684T0	1874	1875	106	3.87198
MGG_06533T0	519	520	185	24.3667
MGG_17767T0	681	682	1	0.100426
MGG_09569T0	375	376	20	3.6431
MGG_04612T0	1105	1106	16886	1045.68
MGG_02917T0	4874	4875	5419	76.133
MGG_17432T0	318	319	0	0
MGG_14045T0	989	990	19	1.31446
MGG_08522T0	372	373	11	2.01982
MGG_03209T0	1557	1558	40	1.75841
MGG_05555T0	1482	1483	7	0.323285
MGG_14110T0	1098	1099	153	9.53504
MGG_15885T0	1095	1096	379	23.6841
MGG_08263T0	1238	1239	29	1.60308
MGG_05370T0	1116	1117	1836	112.577
MGG_03314T0	7527	7528	602	5.47704
MGG_09192T0	3195	3196	465.271	9.97074
MGG_09192T1	4818	4819	2252.73	32.017
MGG_08293T0	2365	2366	5989	173.368
MGG_07935T0	1507	1508	309.855	14.073
MGG_07201T0	1925	1926	17225	612.536
MGG_13656T0	2378	2379	5364	154.427
MGG_14732T0	459	460	6	0.893351
MGG_03704T0	1122	1123	2014	122.831
MGG_09017T0	2260	2261	918.043	27.8094
MGG_03244T0	1968	1969	6454	224.498
MGG_05064T0	900	901	2481.02	188.597
MGG_06132T0	952	953	963.429	69.2398
MGG_05500T0	1785	1786	0	0
MGG_07203T0	2414	2415	1717	48.6947
MGG_08860T0	1266	1267	423.196	22.8767
MGG_17264T0	1668	1669	882	36.1944
MGG_13483T0	1785	1786	753	28.8763
MGG_07213T1	4395	4396	422.897	6.58878
MGG_07213T0	4366	4367	652.103	10.2273
MGG_08703T0	3660	3661	10	0.187081
MGG_04868T0	2920	2921	890.182	20.8726
MGG_16612T0	252	253	360.409	97.5672
MGG_09843T0	690	691	0	0
MGG_04401T0	2180	2181	484	15.1991
MGG_17619T0	534	535	88.4144	11.3187
MGG_12177T0	2281	2282	177	5.31234
MGG_16790T0	674	675	2021.46	205.111
MGG_00258T0	2129	2130	1963	63.1203
MGG_00929T0	3821	3822	2357	42.2374
MGG_08671T0	873	874	1021	80.0098
MGG_10394T0	1710	1711	37	1.48109
MGG_06172T0	1666	1667	3367.03	138.338
MGG_17452T0	4223	4224	952.288	15.4409
MGG_16341T0	3793	3794	20532	370.649
MGG_13286T0	1536	1537	129	5.74837
MGG_05902T0	1215	1216	133	7.49112
MGG_10192T0	3903	3904	8891	155.98
MGG_12614T0	1101	1102	11261	699.881
MGG_08265T0	2271	2272	56	1.68814
MGG_17396T0	426	427	9	1.44359
MGG_16475T0	342	343	0	0
MGG_14552T0	819	820	107	8.93714
MGG_11247T0	1443	1444	899	42.6404
MGG_06135T0	1842	1843	4166	154.818
MGG_05406T0	663	664	2429	250.546
MGG_18067T0	180	181	0	0
MGG_06933T0	1394	1395	5914	290.359
MGG_00612T0	1849	1850	928	34.3562
MGG_18116T0	687	688	0	0
MGG_15197T0	321	322	0	0
MGG_05095T0	4901	4902	1854	25.9039
MGG_03561T0	1528	1529	643	28.8026
MGG_00604T0	1848	1849	10593	392.383
MGG_00210T0	1358	1359	2611	131.588
MGG_16718T0	1915	1916	21076	753.393
MGG_17460T0	737	738	27	2.50574
MGG_13800T0	3736	3737	659	12.0779
MGG_16164T0	291	292	14	3.28378
MGG_13526T0	3457	3458	4108	81.3643
MGG_10647T0	1122	1123	165	10.0631
MGG_12678T0	1502	1503	227	10.3442
MGG_15536T0	7988	7989	2531.67	21.7042
MGG_14849T0	556	557	98	12.0503
MGG_09890T0	363	364	485	91.2576
MGG_02004T0	582	583	56	6.57882
MGG_03401T0	9278	9279	2654	19.5897
MGG_00607T0	1347	1348	371	18.8501
MGG_07703T0	892	893	271	20.7848
MGG_04540T0	1725	1726	1051	41.7052
MGG_02155T0	831	832	20	1.6464
MGG_02540T0	1967	1968	6246	217.373
MGG_10508T0	1699	1700	131	5.27778
MGG_06699T0	3377	3378	1031	20.9039
MGG_15337T0	225	226	0	0
MGG_09263T0	5498	5499	2850.03	35.4972
MGG_00576T0	846	847	449	36.3071
MGG_02350T0	927	928	0	0
MGG_17457T0	381	382	40	7.17175
MGG_03150T0	1957	1958	2039.96	71.3573
MGG_15056T0	429	430	9	1.43352
MGG_08395T0	1712	1713	72	2.87875
MGG_01794T0	2023	2024	2273	76.9162
MGG_08826T1	4209	4210	5132.54	83.4985
MGG_08826T0	4486	4487	849.46	12.9663
MGG_06121T0	4074	4075	1417.45	23.8236
MGG_00818T0	1449	1450	1270	59.988
MGG_07904T0	387	388	0	0
MGG_03382T0	1935	1936	110	3.89149
MGG_01560T0	942	943	311	22.588
MGG_17627T0	1251	1252	571	31.2364
MGG_03469T0	1168	1169	427	25.0174
MGG_13068T0	1954	1955	1272.71	44.5872
MGG_04582T0	2245	2246	10740	327.509
MGG_15748T0	1862	1863	368.327	13.541
MGG_04200T0	1041	1042	1644.52	108.094
MGG_12477T0	2078	2079	504	16.6037
MGG_07667T0	2118	2119	2783	89.952
MGG_07604T0	1002	1003	420	28.6799
MGG_15313T0	3871	3872	1203	21.2794
MGG_17150T0	816	817	30	2.51494
MGG_12832T0	2617	2618	4365	114.194
MGG_00696T0	1814	1815	832.227	31.4046
MGG_05442T0	1470	1471	101	4.70259
MGG_12634T0	1505	1506	1139	51.7996
MGG_05673T0	1736	1737	17833	703.158
MGG_05403T0	315	316	4	0.866965
MGG_00274T0	1088	1089	1747.32	109.894
MGG_01080T0	5419	5420	720.831	9.10883
MGG_11544T0	398	399	8	1.37324
MGG_14668T0	421	422	49	7.95266
MGG_01005T0	1155	1156	2590	153.451
MGG_01711T0	2499	2500	3835.2	105.069
MGG_16243T0	4550	4551	392.808	5.91156
MGG_16243T1	4483	4484	1082.19	16.5298
MGG_03087T0	1977	1978	5390	186.634
MGG_04472T0	4560	4561	1093	16.413
MGG_08850T0	2894	2895	9503	224.823
MGG_15258T0	741	742	143	13.1996
MGG_16260T0	1703	1704	62	2.49202
MGG_12892T0	1092	1093	14299	896.013
MGG_17342T0	1174	1175	370	21.5671
MGG_09182T0	813	814	72	6.0581
MGG_00856T0	3960	3961	2410.99	41.6887
MGG_08611T0	1581	1582	911	39.4403
MGG_16065T0	426	427	0	0
MGG_16216T0	318	319	125	26.8379
MGG_09604T0	1197	1198	12	0.686046
MGG_16524T0	201	202	0	0
MGG_09996T0	672	673	29	2.95129
MGG_17099T0	165	166	5	2.06296
MGG_04763T0	444	445	116	17.8536
MGG_00419T0	1659	1660	15	0.618888
MGG_08303T0	3011	3012	3220	73.22
MGG_07246T0	600	601	5	0.569802
MGG_14830T0	357	358	50	9.56567
MGG_06380T0	5915	5916	1982	22.9458
MGG_01288T0	1885	1886	5773	209.647
MGG_01994T0	1761	1762	790	30.7079
MGG_02456T0	3936	3937	132.899	2.31198
MGG_02456T1	4424	4425	1586.1	24.5497
MGG_15214T0	699	700	0	0
MGG_15083T0	2763	2764	2597	64.3521
MGG_06951T0	1787	1788	4306	164.943
MGG_01009T0	1413	1414	4704	227.849
MGG_06530T0	1645	1646	5975.38	248.636
MGG_03173T0	2196	2197	1564.56	48.7742
MGG_16515T0	393	394	122	21.2076
MGG_15282T0	2225	2226	919	28.2761
MGG_11513T0	2328	2329	19157	563.361
MGG_08025T0	5742	5743	630	7.51329
MGG_06617T0	5053	5054	618	8.37494
MGG_01246T0	988	989	122	8.44874
MGG_06346T0	3372	3373	1361	27.6357
MGG_12822T0	2119	2120	3930	126.965
MGG_15745T0	2517	2518	1327.52	36.1088
MGG_13216T0	963	964	651	46.2522
MGG_01632T0	3256	3257	2176.57	45.7704
MGG_04734T0	348	349	4	0.784988
MGG_01487T0	1438	1439	13	0.618744
MGG_02744T0	2454	2455	402	11.2151
MGG_01596T1	2070	2071	749.694	24.7932
MGG_01596T0	3019	3020	2024.31	45.909
MGG_04547T0	675	676	6	0.607901
MGG_06066T0	3844	3845	8047	143.34
MGG_08288T0	2118	2119	76	2.45647
MGG_00669T0	2356	2357	884	25.6875
MGG_16575T0	1095	1096	5	0.312455
MGG_01945T0	721	722	17.1614	1.62796
MGG_14155T0	873	874	8589	673.069
MGG_10379T0	4795	4796	1049	14.9805
MGG_17479T0	451	452	17	2.57596
MGG_16732T0	168	169	19	7.70009
MGG_16186T0	1918	1919	1468	52.3938
MGG_06972T0	675	676	174	17.6291
MGG_06527T0	4836	4837	130	1.84075
MGG_07489T0	1393	1394	1562	76.7444
MGG_15357T0	1708	1709	3068	122.954
MGG_12776T0	2190	2191	801	25.0391
MGG_16884T0	246	247	0	0
MGG_01577T0	2754	2755	4121	102.449
MGG_04378T0	2279	2280	1828	54.9123
MGG_15064T0	564	565	292	35.3967
MGG_04377T0	4822	4823	1271	18.0492
MGG_09389T0	1561	1562	517	22.6693
MGG_15670T0	2612	2613	883	23.1446
MGG_10107T0	1212	1213	494	27.893
MGG_01021T0	2033	2034	1046	35.2216
MGG_17950T0	380	381	1.98111	0.356134
MGG_13660T0	1098	1099	352	21.9368
MGG_06622T0	1421	1422	0	0
MGG_16704T0	561	562	407	49.6006
MGG_13931T1	1979	1980	284.958	9.857
MGG_13931T0	2152	2153	542.042	17.2432
MGG_05014T0	2393	2394	1253.78	35.8695
MGG_09402T0	624	625	3	0.328753
MGG_15824T0	886	887	596	46.0205
MGG_07228T0	2451	2452	4481	125.165
MGG_04990T0	2248	2249	963	29.3269
MGG_06915T0	1273	1274	2742.96	147.461
MGG_16952T0	1005	1006	1.22746	0.0835675
MGG_02806T0	2073	2074	9070	299.521
MGG_04805T0	1728	1729	736.24	29.1644
MGG_13617T0	4055	4056	33	0.557243
MGG_10633T0	1347	1348	3036	154.255
MGG_08167T0	1812	1813	450	16.9998
MGG_02603T0	1272	1273	240	12.9125
MGG_00716T0	1740	1741	414	16.2866
MGG_16951T0	501	502	42	5.73026
MGG_14002T0	1671	1672	69	2.82645
MGG_14001T0	2047	2048	1177	39.3618
MGG_08828T0	2055	2056	254	8.46134
MGG_12942T0	195	196	7	2.44608
MGG_01466T0	2615	2616	1133.92	29.6874
MGG_01466T1	2498	2499	3406.08	93.3507
MGG_07867T0	1338	1339	2	0.102301
MGG_01785T0	1364	1365	809.855	40.6353
MGG_05821T0	357	358	0	0
MGG_06441T0	2121	2122	172	5.55152
MGG_07357T0	558	559	0	0
MGG_06119T0	2284	2285	240.627	7.21252
MGG_16363T0	341	342	0	0
MGG_09280T0	786	787	12	1.04432
MGG_15212T0	432	433	0	0
MGG_10879T0	3954	3955	801	13.8712
MGG_15618T1	304	305	12.3889	2.78203
MGG_15618T0	282	283	21.6111	5.23021
MGG_01947T0	1482	1483	0	0
MGG_15253T0	1816	1817	716.294	27.0001
MGG_12489T0	1554	1555	0	0
MGG_16667T0	279	280	0	0
MGG_16466T0	597	598	33	3.77956
MGG_15978T0	1062	1063	0	0
MGG_04762T0	915	916	224	16.7487
MGG_12707T0	2269	2270	1641	49.5121
MGG_02979T0	884	885	0	0
MGG_00501T0	2810	2811	5902	143.803
MGG_17964T0	249	250	15	4.10941
MGG_10587T0	1997	1998	383.569	13.1485
MGG_10727T0	2141	2142	36	1.1511
MGG_17286T0	3464	3465	15.0154	0.296798
MGG_16954T0	156	157	0	0
MGG_15459T0	380	381	0	0
MGG_09631T0	1851	1852	104	3.8461
MGG_15582T0	1464	1465	527	24.6378
MGG_08300T0	936	937	5515	403.12
MGG_05979T0	1647	1648	879	36.5309
MGG_03766T0	1742	1743	1109	43.5775
MGG_07795T0	1701	1702	518	20.8449
MGG_11471T0	462	463	0	0
MGG_10816T0	1977	1978	1323.9	45.8414
MGG_02695T0	2166	2167	2456	77.6244
MGG_17223T0	711	712	24	2.30866
MGG_01433T0	3092	3093	703.982	15.5887
MGG_16560T0	612	613	0	0
MGG_16252T0	381	382	27	4.84093
MGG_08814T0	2426	2427	1616.04	45.6048
MGG_07345T0	915	916	3	0.224313
MGG_03612T0	2246	2247	1645	50.1408
MGG_07905T0	5922	5923	0	0
MGG_00422T0	894	895	1	0.0765254
MGG_02336T0	981	982	566	39.476
MGG_00418T0	348	349	0	0
MGG_01569T0	1382	1383	4075	201.806
MGG_17089T0	174	175	8	3.13098
MGG_03806T0	912	913	0	0
MGG_01324T0	2844	2845	1639.54	39.4701
MGG_10789T0	648	649	0	0
MGG_08629T0	690	691	10	0.991176
MGG_00952T0	2169	2170	1266.13	39.9621
MGG_05070T0	1224	1225	463	25.8865
MGG_04523T0	2847	2848	770.815	18.537
MGG_13454T0	1239	1240	97	5.3577
MGG_06733T0	3154	3155	1901.36	41.2757
MGG_13398T0	1516	1517	1192.33	53.8321
MGG_16254T0	183	184	4	1.48892
MGG_02457T0	1966	1967	3202	111.492
MGG_04309T0	2031	2032	3	0.101117
MGG_05329T0	1688	1689	1738.81	70.51
MGG_01111T0	258	259	7893	2087.23
MGG_03346T0	1591	1592	977.76	42.0647
MGG_16637T0	782	783	5	0.437358
MGG_08054T0	2040	2041	660.533	22.1656
MGG_10010T0	1305	1306	87	4.56252
MGG_06725T0	2582	2583	1570	41.6298
MGG_00928T0	5717	5718	3898	46.6903
MGG_00751T0	1797	1798	241	9.18028
MGG_04752T0	1121	1122	10254	625.934
MGG_04529T0	1420	1421	2859	137.8
MGG_03479T0	1319	1320	2139	110.985
MGG_01347T0	1275	1276	1532	82.2312
MGG_11181T0	4850	4851	3311	46.7473
MGG_15788T0	1335	1336	0	0
MGG_15744T0	309	310	14	3.09311
MGG_06350T0	4080	4081	2237.96	37.559
MGG_06350T1	4181	4182	55.6727	0.911773
MGG_01120T0	2756	2757	469.916	11.6738
MGG_07389T0	1513	1514	2348	106.219
MGG_04772T0	948	949	6327	456.626
MGG_06336T0	2000	2001	4915	168.231
MGG_09900T0	1263	1264	7814.39	423.425
MGG_03373T0	2297	2298	642	19.1343
MGG_00852T0	3096	3097	2250	49.7588
MGG_16868T0	1398	1399	269.933	13.215
MGG_17753T0	1383	1384	0	0
MGG_07685T0	366	367	15	2.79933
MGG_17437T0	955	956	1401	100.371
MGG_03685T0	1029	1030	591	39.2988
MGG_09493T0	4237	4238	6856	110.8
MGG_15794T0	210	211	129.063	41.8936
MGG_03191T0	3640	3641	1948.1	36.6453
MGG_08660T0	1311	1312	29	1.51388
MGG_08593T0	2183	2184	5925	185.808
MGG_02952T0	891	892	11653	894.75
MGG_13585T0	1045	1046	37	2.42269
MGG_05942T0	2036	2037	710	23.8724
MGG_06123T0	861	862	24	1.90692
MGG_07487T0	4983	4984	1065	14.6353
MGG_04844T0	2784	2785	842	20.7069
MGG_04485T0	1234	1235	1529	84.7948
MGG_12836T0	3012	3013	2592	58.9202
MGG_08257T0	3039	3040	559.369	12.6024
MGG_08257T1	2991	2992	2484.63	56.876
MGG_07067T0	2153	2154	843	26.8047
MGG_10835T0	1390	1391	5065	249.391
MGG_02929T0	789	790	100	8.66965
MGG_16961T0	3768	3769	24.3597	0.442664
MGG_00620T0	2115	2116	6444	208.578
MGG_03657T0	1334	1335	304.517	15.6228
MGG_17966T0	150	151	0	0
MGG_02102T0	321	322	107	22.7592
MGG_15949T0	237	238	1	0.287774
MGG_08615T0	1294	1295	131	6.92836
MGG_09789T0	462	463	4.42012	0.653855
MGG_07482T0	2008	2009	597	20.3527
MGG_16856T0	207	208	2887	950.631
MGG_05737T0	330	331	2255	466.603
MGG_16414T0	150	151	70	31.7504
MGG_10047T0	1089	1090	1	0.0628351
MGG_09873T0	1095	1096	4	0.249964
MGG_13732T0	1179	1180	24	1.39302
MGG_12792T0	1173	1174	218	12.7179
MGG_15394T1	815	816	159.854	13.4172
MGG_15394T0	884	885	473.01	36.6063
MGG_07541T0	615	616	352	39.1373
MGG_16339T0	407	408	119	19.9763
MGG_14097T0	2170	2171	82	2.58692
MGG_03759T0	2151	2152	1904	60.5973
MGG_13947T0	2032	2033	1154.8	38.9045
MGG_13947T1	1514	1515	275.892	12.4726
MGG_03310T0	2040	2041	3599	120.772
MGG_16234T0	288	289	49	11.6125
MGG_05609T0	2262	2263	669	20.2474
MGG_03470T0	2127	2128	285	9.1728
MGG_16679T0	165	166	1	0.412592
MGG_08918T0	2252	2253	304	9.24147
MGG_13289T0	240	241	4	1.13677
MGG_15126T0	425	426	58	9.32496
MGG_04916T0	216	217	15	4.73435
MGG_03771T0	1650	1651	632	26.2179
MGG_17986T0	387	388	29	5.11912
MGG_16371T1	1122	1123	13.5017	0.823447
MGG_16371T0	1176	1177	1256.93	73.1417
MGG_05644T0	2139	2140	5530	176.986
MGG_06415T0	1204	1205	108	6.13854
MGG_08491T0	366	367	0	0
MGG_06171T0	1173	1174	1205	70.2987
MGG_16496T0	333	334	8	1.64048
MGG_09882T0	3228	3229	7350	155.901
MGG_03656T0	3779	3780	1017	18.4271
MGG_15507T0	228	229	0	0
MGG_02156T0	2688	2689	1287	32.7806
MGG_17334T0	387	388	0	0
MGG_14914T0	1872	1873	661.242	24.1797
MGG_06064T0	2487	2488	3119	85.8605
MGG_01351T0	2391	2392	6342	181.591
MGG_16558T0	1182	1183	8.13684	0.471085
MGG_17521T0	333	334	131	26.8629
MGG_08005T0	2955	2956	1063	24.6296
MGG_15852T0	3226	3227	1513	32.1121
MGG_04407T0	1948	1949	510	17.922
MGG_13448T0	1360	1361	43.3825	2.18316
MGG_09906T0	1495	1496	379	17.3515
MGG_18041T0	327	328	0	0
MGG_15584T0	332	333	17	3.4965
MGG_03195T0	1175	1176	1598	93.0675
MGG_18078T0	204	205	0	0
MGG_03419T0	1724	1725	1034	41.0544
MGG_03154T0	2494	2495	3252.34	89.28
MGG_05880T0	1044	1045	120	7.86491
MGG_04899T0	4655	4656	291	4.28064
MGG_01261T0	2760	2761	2509	62.239
MGG_04860T0	1590	1591	1431	61.6023
MGG_01731T0	1436	1437	173.526	8.27057
MGG_17371T0	1970	1971	3001	104.282
MGG_06790T0	1059	1060	21	1.35688
MGG_12925T0	2288	2289	4864	145.538
MGG_00602T0	1820	1821	70730	2660.25
MGG_00429T0	1728	1729	42	1.66373
MGG_10657T0	1635	1636	6633	277.687
MGG_05883T1	4604	4605	0	0
MGG_05883T0	4681	4682	8431.16	123.334
MGG_09302T0	1143	1144	567	33.9458
MGG_16212T0	1101	1102	376	23.3687
MGG_03489T0	390	391	35	6.13084
MGG_17447T0	279	280	2	0.489216
MGG_04775T1	5876	5877	16214.3	188.96
MGG_04775T0	6665	6666	98174.7	1008.7
MGG_04236T0	1001	1002	11592	792.354
MGG_16605T0	348	349	0	0
MGG_06236T0	822	823	494	41.1108
MGG_15097T0	12363	12364	849	4.70303
MGG_03355T0	424	425	13	2.095
MGG_00216T0	402	403	0	0
MGG_10445T0	2379	2380	37	1.06476
MGG_02795T0	2673	2674	35	0.896469
MGG_10665T0	1199	1200	1119	63.8671
MGG_11429T0	2820	2821	2265.45	55.0023
MGG_18095T0	459	460	0	0
MGG_14879T0	843	844	1.09733	0.0890479
MGG_05708T0	1703	1704	1764	70.9019
MGG_18011T0	567	568	2	0.241163
MGG_02633T0	2134	2135	961	30.8286
MGG_04727T0	4682	4683	2092	30.5961
MGG_02119T0	1510	1511	431	19.5363
MGG_04776T0	548	549	632	78.8449
MGG_15664T0	450	451	6.05641	0.919744
MGG_11801T0	3189	3190	2712	58.2274
MGG_02236T0	411	412	26	4.3222
MGG_14209T0	1527	1528	1786	80.0547
MGG_13118T0	770	771	14.9508	1.32813
MGG_07005T0	1638	1639	728	30.4215
MGG_18002T0	1703	1704	193	7.7574
MGG_16734T0	7314	7315	4933.93	46.1963
MGG_07101T0	2406	2407	3376	96.0627
MGG_10759T0	435	436	0	0
MGG_00961T0	2057	2058	1320	43.9296
MGG_02098T0	2150	2151	2409	76.7052
MGG_11518T0	1284	1285	237	12.6321
MGG_16651T0	213	214	0	0
MGG_00690T0	425	426	9	1.44698
MGG_01269T0	2726	2727	1888	47.4182
MGG_01633T0	2206	2207	1089.48	33.8101
MGG_10000T0	1852	1853	414	15.3022
MGG_17003T0	2369	2370	2518.94	72.7944
MGG_02727T0	651	652	748	78.5747
MGG_07132T0	2019	2020	1455	49.3333
MGG_10925T0	1837	1838	1117	41.6233
MGG_04510T0	1407	1408	13	0.632367
MGG_09837T0	2902	2903	1632	38.5036
MGG_15633T0	216	217	1	0.315623
MGG_06016T0	3819	3820	1479	26.5176
MGG_01773T0	2110	2111	1504.21	48.8033
MGG_15913T0	210	211	0	0
MGG_09479T0	3763	3764	2643	48.0924
MGG_07780T0	1459	1460	226	10.6019
MGG_06551T0	1029	1030	36.7707	2.44508
MGG_02378T0	2721	2722	1859.76	46.7948
MGG_12886T0	1465	1466	400	18.6876
MGG_03249T0	1847	1848	534.99	19.8277
MGG_16000T0	622	623	71	7.80547
MGG_04093T1	9730	9731	311.281	2.19091
MGG_04093T0	11402	11403	1277.72	7.67441
MGG_16443T0	3686	3687	1763	32.7497
MGG_06704T0	4488	4489	1395	21.284
MGG_01172T0	5109	5110	1599	21.4317
MGG_08281T0	5583	5584	41.0043	0.502936
MGG_00787T0	1357	1358	703	35.4555
MGG_16992T0	642	643	1	0.106517
MGG_07456T0	2827	2828	2546.69	61.6773
MGG_18008T0	348	349	66	12.9523
MGG_17473T0	2067	2068	160	5.29905
MGG_11011T0	711	712	700	67.3359
MGG_07772T0	1835	1836	137	5.11065
MGG_03910T0	2966	2967	691.049	15.9522
MGG_02429T0	399	400	262	44.8611
MGG_04910T0	261	262	662	173.055
MGG_01542T0	1634	1635	182	7.62399
MGG_05136T0	1200	1201	992.789	56.6164
MGG_15213T0	990	991	0	0
MGG_08801T0	1254	1255	517	28.2147
MGG_04487T0	1407	1408	1096	53.3134
MGG_09765T0	1162	1163	604	35.5702
MGG_01221T0	2264	2265	222.987	6.74279
MGG_07509T0	3437	3438	2353	46.8754
MGG_09537T0	4957	4958	6851	94.6403
MGG_02158T0	1119	1120	423	25.8673
MGG_05853T0	888	889	0	0
MGG_00806T0	8277	8278	703	5.81646
MGG_01469T0	4213	4214	2476	40.2425
MGG_08142T0	1305	1306	337	17.6732
MGG_06489T0	2184	2185	236	7.39757
MGG_03034T0	1717	1718	30	1.19599
MGG_01442T0	816	817	322.811	27.0617
MGG_06795T0	1467	1468	890	41.5234
MGG_03188T0	1111	1112	10180	627.006
MGG_13413T0	3919	3920	1281	22.3816
MGG_07273T0	2227	2228	1346.32	41.3868
MGG_12357T0	4865	4866	397	5.58788
MGG_09857T0	1423	1424	10	0.480971
MGG_02245T0	1248	1249	143	7.84156
MGG_06107T0	1208	1209	2296	130.069
MGG_11947T0	189	190	0	0
MGG_06023T0	1395	1396	496	24.3346
MGG_01893T0	1647	1648	884.986	36.7797
MGG_17914T0	183	184	15	5.58344
MGG_13692T0	261	262	1	0.261413
MGG_16297T0	519	520	2	0.263424
MGG_08285T0	7083	7084	99	0.957162
MGG_04902T0	1310	1311	75.9771	3.96925
MGG_17177T0	168	169	24	9.72642
MGG_01732T0	1933	1934	728	25.7812
MGG_14685T0	543	544	40	5.03605
MGG_12891T0	1446	1447	113.312	5.36335
MGG_16549T0	687	688	404.418	40.2597
MGG_13912T0	1724	1725	0	0
MGG_05813T0	1417	1418	1067.24	51.5483
MGG_04021T0	1800	1801	1312	49.8941
MGG_03962T0	1374	1375	1740	86.6713
MGG_03477T0	1089	1090	4561	286.591
MGG_10027T0	3672	3673	961	17.9197
MGG_06029T0	2978	2979	219.98	5.05756
MGG_06719T0	2586	2587	9792	259.241
MGG_08688T0	1650	1651	678	28.1262
MGG_00592T0	2077	2078	38576	1271.45
MGG_03710T0	2541	2542	1653	44.5375
MGG_16780T0	393	394	0	0
MGG_14801T0	2412	2413	1633	46.3508
MGG_08082T0	1147	1148	1094	65.2686
MGG_16189T0	150	151	16	7.25724
MGG_03440T0	1085	1086	1220	76.9411
MGG_12654T0	303	304	69	15.5455
MGG_10359T0	1248	1249	3727	204.374
MGG_04920T0	1417	1418	2101	101.48
MGG_02787T0	2209	2210	123	3.8119
MGG_00868T0	2598	2599	1	0.0263525
MGG_17236T0	279	280	0	0
MGG_14055T0	1377	1378	6	0.298216
MGG_07736T0	2150	2151	898	28.5933
MGG_06828T0	1491	1492	118	5.41679
MGG_01209T0	4255	4256	4981	80.1574
MGG_13946T0	1627	1628	49.3037	2.07421
MGG_06827T0	2955	2956	1108	25.6723
MGG_07302T1	2235	2236	415.139	12.716
MGG_07302T0	2436	2437	767.861	21.5802
MGG_05341T0	3705	3706	1378	25.4667
MGG_08764T0	793	794	116.827	10.0775
MGG_08764T1	1016	1017	167.173	11.2583
MGG_00549T0	1039	1040	1843.28	121.391
MGG_16633T0	1466	1467	46.6283	2.17695
MGG_16102T0	399	400	19.68	3.36972
MGG_07472T0	2085	2086	830	27.2516
MGG_08797T0	459	460	2	0.297784
MGG_09332T0	1530	1531	234	10.4681
MGG_10319T0	1372	1373	3859	192.501
MGG_08777T0	2603	2604	223	5.86533
MGG_06684T0	1943	1944	1080.24	38.0585
MGG_04119T0	1608	1609	465	19.7936
MGG_17283T0	234	235	0	0
MGG_15058T0	618	619	0	0
MGG_13662T0	1788	1789	19	0.727398
MGG_18113T0	174	175	0	0
MGG_07995T0	771	772	0	0
MGG_17839T0	249	250	121	33.1493
MGG_16388T0	876	877	344.231	26.8831
MGG_17949T0	393	394	22	3.82433
MGG_15730T0	471	472	41	5.94936
MGG_10157T0	2615	2616	474	12.4099
MGG_04584T0	1630	1631	3448	144.791
MGG_16927T0	791	792	1145.84	99.0895
MGG_16501T0	411	412	0	0
MGG_16452T0	276	277	26	6.42869
MGG_09816T0	1271	1272	40	2.15378
MGG_09629T0	570	571	4	0.479791
MGG_03328T0	1532	1533	736	32.8825
MGG_15061T0	846	847	867	70.1075
MGG_02686T0	1377	1378	228	11.3322
MGG_17117T0	342	343	18	3.59424
MGG_12228T0	1182	1183	2034	117.759
MGG_09573T0	788	789	1352.06	117.368
MGG_08809T0	1828	1829	434.43	16.268
MGG_05967T0	2575	2576	222	5.9025
MGG_15648T0	468	469	12	1.75242
MGG_02668T0	1366	1367	4171	208.978
MGG_17465T0	1713	1714	721.931	28.8479
MGG_17882T0	413	414	5	0.827177
MGG_00972T0	1275	1276	783.467	42.0532
MGG_01856T0	1764	1765	74	2.87155
MGG_15285T0	2447	2448	1075	30.0764
MGG_00798T0	2219	2220	23.3347	0.719908
MGG_10342T0	1536	1537	819	36.4954
MGG_10590T0	3362	3363	1202	24.4797
MGG_17676T0	288	289	4	0.947962
MGG_02065T1	2490	2491	0	0
MGG_02065T0	3135	3136	448	9.78432
MGG_14774T0	912	913	238	17.854
MGG_07792T0	1155	1156	800	47.3981
MGG_17304T0	222	223	0	0
MGG_07110T0	4032	4033	3390	57.5705
MGG_00045T0	1890	1891	1288	46.6501
MGG_11627T0	495	496	0	0
MGG_07888T0	1993	1994	14	0.480874
MGG_08731T0	4032	4033	1316	22.3489
MGG_08012T0	1942	1943	4946	174.345
MGG_06412T0	1826	1827	5519.34	206.908
MGG_03703T0	4321	4322	1224	19.3966
MGG_16652T0	488	489	56	7.84346
MGG_17023T0	1560	1561	4	0.175503
MGG_08773T0	2083	2084	216	7.0988
MGG_05235T0	1790	1791	957	36.597
MGG_05591T0	510	511	0	0
MGG_06157T0	2459	2460	782	21.7721
MGG_02612T0	1562	1563	9958	436.357
MGG_03302T0	2963	2964	1156	26.7121
MGG_08965T0	1737	1738	107.055	4.21875
MGG_05709T0	4239	4240	8170.99	131.989
MGG_16062T0	450	451	0	0
MGG_16255T0	237	238	5	1.43887
MGG_03338T0	961	962	24	1.7087
MGG_11237T0	423	424	261	42.1603
MGG_07038T0	1019	1020	2227	149.537
MGG_09292T0	1911	1912	368.118	13.1864
MGG_03864T0	3642	3643	1186.95	22.3152
MGG_00232T0	150	151	0	0
MGG_08868T0	1275	1276	1002.51	53.8106
MGG_05298T0	2661	2662	1303	33.5247
MGG_16492T0	1074	1075	0	0
MGG_04651T0	1794	1795	827	31.5551
MGG_06402T0	1236	1237	406.07	22.4833
MGG_01877T0	1479	1480	28	1.29576
MGG_00968T0	852	853	7550	606.215
MGG_16905T0	2563	2564	60	1.60274
MGG_09812T0	1821	1822	38	1.42845
MGG_02408T0	3877	3878	1266	22.3591
MGG_12690T0	402	403	5	0.849755
MGG_01743T0	2101	2102	5560	181.164
MGG_16546T0	381	382	2	0.358588
MGG_02391T0	1903	1904	2367	85.1452
MGG_17383T0	192	193	4	1.41949
MGG_05284T0	5132	5133	1775	23.684
MGG_05062T0	1780	1781	2251	86.5646
MGG_17875T0	210	211	0	0
MGG_17827T0	1800	1801	1120	42.5925
MGG_13404T0	1254	1255	654	35.6913
MGG_00931T0	2214	2215	7.09498	0.219384
MGG_02027T0	3255	3256	0	0
MGG_02114T0	2439	2440	722	20.2664
MGG_08496T0	1371	1372	1	0.04992
MGG_05351T0	1266	1267	1066	57.6248
MGG_11650T0	603	604	7	0.793761
MGG_14266T0	1735	1736	5308	209.416
MGG_04187T0	1485	1486	570.834	26.3099
MGG_03583T0	2534	2535	1507.95	40.7416
MGG_15240T0	318	319	6	1.28822
MGG_11244T0	1085	1086	1499.63	94.5765
MGG_05994T0	4700	4701	389.706	5.67774
MGG_16606T0	471	472	0	0
MGG_17929T0	375	376	1.02328	0.186396
MGG_00531T0	2734	2735	188	4.70792
MGG_10036T0	1881	1882	115	4.18511
MGG_17802T0	1687	1688	4960	201.251
MGG_16454T1	341	342	6.27698	1.25705
MGG_16454T0	432	433	10.723	1.69612
MGG_00439T0	1757	1758	1092	42.5434
MGG_01139T0	1839	1840	1612	60.0034
MGG_15299T0	2125	2126	51	1.64299
MGG_13269T0	1595	1596	840	36.0475
MGG_15756T0	336	337	17	3.455
MGG_01861T0	1291	1292	50	2.65055
MGG_05854T0	1656	1657	0	0
MGG_01626T0	1476	1477	116	5.37906
MGG_09283T0	3038	3039	2156.16	48.5936
MGG_16583T0	222	223	0	0
MGG_04471T0	1644	1645	706	29.3946
MGG_03390T0	2183	2184	429	13.4534
MGG_17968T0	216	217	67	21.1468
MGG_09530T0	1724	1725	2227.9	88.4577
MGG_17979T0	1162	1163	2950.25	173.743
MGG_07877T0	2464	2465	1155	32.0918
MGG_07280T0	2226	2227	2649	81.4686
MGG_04995T0	5747	5748	2173	25.8924
MGG_06355T0	4085	4086	2626	44.0175
MGG_00837T0	3116	3117	1685	37.0247
MGG_00141T0	4962	4963	2816	38.8613
MGG_02416T0	3027	3028	2691	60.8676
MGG_16773T0	424	425	17	2.73961
MGG_07440T0	2556	2557	408	10.9284
MGG_06472T0	1264	1265	3215.92	174.118
MGG_09363T0	2941	2942	955	22.2326
MGG_02454T0	1911	1912	724	25.9346
MGG_01279T0	4801	4802	4104	58.5348
MGG_06722T0	2041	2042	7377	247.43
MGG_01342T0	4239	4240	1445	23.3416
MGG_10124T0	1615	1616	690	29.244
MGG_09931T0	4878	4879	2140	30.0408
MGG_06893T0	2746	2747	2931	73.0779
MGG_12967T0	1329	1330	42	2.16285
MGG_08100T0	1414	1415	711	34.4145
MGG_04494T0	3455	3456	1400	27.7449
MGG_01026T0	2084	2085	4339	142.532
MGG_17678T0	3688	3689	1279	23.746
MGG_05041T0	1959	1960	112	3.91373
MGG_13697T0	1600	1601	504	21.5609
MGG_12765T0	1348	1349	178	9.03726
MGG_10402T0	1959	1960	0	0
MGG_07548T0	1116	1117	3	0.183949
MGG_06146T0	2504	2505	2099	57.3896
MGG_04756T0	1940	1941	243	8.57451
MGG_12369T0	3163	3164	1288	27.881
MGG_03022T0	1553	1554	58	2.55626
MGG_00253T0	2090	2091	1047	34.2942
MGG_08259T0	3516	3517	2362.12	46.0001
MGG_05769T0	2130	2131	118	3.79251
MGG_12108T0	2578	2579	2323	61.6917
MGG_05889T0	2662	2663	2544	65.4296
MGG_05747T0	946	947	5	0.361617
MGG_09397T0	432	433	4	0.632704
MGG_08758T0	2257	2258	1184	35.9134
MGG_03319T0	5695	5696	3701.86	44.5122
MGG_02771T0	2774	2775	2367	58.4203
MGG_09355T0	6555	6556	63	0.658158
MGG_05592T0	1626	1627	165	6.94584
MGG_17197T0	881	882	27	2.09664
MGG_16387T0	402	403	0	0
MGG_05993T0	2921	2922	1235.29	28.9547
MGG_01683T0	1444	1445	1427.81	67.6756
MGG_10293T0	1848	1849	34.8143	1.28958
MGG_10277T0	5071	5072	567	7.65654
MGG_06826T0	775	776	62	5.47216
MGG_16277T0	3684	3685	1831	34.0314
MGG_15568T0	351	352	0	0
MGG_07632T0	1266	1267	31.2854	1.6912
MGG_02990T0	423	424	0	0
MGG_00401T0	795	796	24	2.06503
MGG_16555T0	1128	1129	0	0
MGG_04105T0	831	832	17655	1453.36
MGG_18098T0	4249	4250	56.1607	0.905049
MGG_16896T0	607	608	8.03759	0.905422
MGG_03138T0	4218	4219	1843	29.9188
MGG_05618T0	3451	3452	1681.06	33.3534
MGG_05437T0	733	734	1069	99.7494
MGG_07156T0	2859	2860	1813.74	43.4347
MGG_00934T0	3658	3659	1081.29	20.2399
MGG_17226T0	279	280	0	0
MGG_09049T0	686	687	2	0.199389
MGG_04662T0	1610	1611	290.987	12.371
MGG_11728T0	971	972	985	69.4063
MGG_11533T0	1656	1657	617	25.503
MGG_08812T0	720	721	181	17.1938
MGG_12268T0	3081	3082	2385	53.001
MGG_17829T0	1584	1585	984	42.5201
MGG_00033T0	1605	1606	3	0.127939
MGG_07520T0	1080	1081	12	0.760299
MGG_00532T0	2432	2433	1381	38.8759
MGG_11231T0	3581	3582	199	3.80501
MGG_13349T0	1668	1669	1352.11	55.4862
MGG_09099T0	1005	1006	10	0.680817
MGG_01708T0	1932	1933	900.613	31.9106
MGG_07557T0	937	938	87	6.35251
MGG_00805T0	4226	4227	3602.89	58.3778
MGG_16949T0	201	202	0	0
MGG_06195T0	2615	2616	2958	77.4442
MGG_05387T0	431	432	0	0
MGG_05387T1	898	899	1	0.0761849
MGG_16969T0	1548	1549	3031.14	134.024
MGG_03988T0	1798	1799	4507	171.587
MGG_10306T0	1202	1203	2818	160.437
MGG_14756T0	1194	1195	319.437	18.3082
MGG_15112T0	414	415	10	1.65037
MGG_03415T0	3300	3301	149	3.0915
MGG_10957T0	1718	1719	9448	376.437
MGG_06728T0	2565	2566	1305.12	34.8355
MGG_08349T0	1257	1258	79	4.30106
MGG_15766T0	189	190	13	4.68617
MGG_07369T0	1236	1237	1165	64.5037
MGG_17412T0	324	325	4	0.842957
MGG_03233T0	2046	2047	333	11.1418
MGG_16465T0	2387	2388	86	2.46657
MGG_01795T0	4116	4117	2232	37.1315
MGG_02063T0	790	791	8	0.692695
MGG_12506T0	1677	1678	196	8.00005
MGG_03090T0	2357	2358	1760	51.1208
MGG_01060T0	1340	1341	117.052	5.97829
MGG_15906T0	2396	2397	125.693	3.59146
MGG_11257T0	1291	1292	1085.59	57.548
MGG_10854T0	1757	1758	4313	168.031
MGG_06755T0	3364	3365	454	9.24058
MGG_01235T0	2068	2069	2940	97.323
MGG_15338T0	303	304	4	0.901187
MGG_10896T0	1829	1830	6	0.224558
MGG_06569T0	3942	3943	4161	72.2769
MGG_06747T0	1399	1400	4029	197.105
MGG_05522T0	1437	1438	607.769	28.9473
MGG_14882T0	1269	1270	120	6.47152
MGG_08843T0	3292	3293	6805	141.535
MGG_05111T0	2731	2732	1585	39.7354
MGG_14717T0	1217	1218	465.825	26.1941
MGG_03623T0	1005	1006	40	2.72327
MGG_06731T0	1231	1232	664.645	36.9494
MGG_12466T0	714	715	908.9	87.064
MGG_09183T0	438	439	10	1.56014
MGG_06777T0	1797	1798	190	7.23757
MGG_15878T0	543	544	44	5.53965
MGG_11400T0	2104	2105	576	18.7413
MGG_06868T0	2646	2647	4929	127.536
MGG_02241T0	949	950	863.315	62.2407
MGG_10529T0	2832	2833	1210	29.2528
MGG_13904T0	312	313	0	0
MGG_08145T0	1444	1445	2208.69	104.688
MGG_04643T0	2015	2016	641	21.7769
MGG_00054T0	1509	1510	628	28.4847
MGG_15216T0	900	901	47	3.57274
MGG_00947T0	1496	1497	14954	684.17
MGG_02103T0	938	939	891	64.9891
MGG_02516T0	2010	2011	2718	92.5691
MGG_09463T0	1503	1504	5921	269.635
MGG_07286T0	2939	2940	949	22.1079
MGG_02000T0	1997	1998	811.324	27.8117
MGG_08657T0	624	625	59	6.46548
MGG_14589T0	552	553	0	0
MGG_06542T0	2018	2019	2582	87.5888
MGG_06479T0	393	394	13031	2265.22
MGG_10968T0	372	373	0	0
MGG_10126T0	2685	2686	5395.08	137.569
MGG_00292T0	1250	1251	16	0.875974
MGG_15992T0	726	727	53	4.9931
MGG_10481T0	5382	5383	0	0
MGG_10481T1	5709	5710	200	2.39896
MGG_08823T0	2374	2375	3879	111.863
MGG_00800T0	3340	3341	6874	140.916
MGG_12876T0	2095	2096	936.953	30.6165
MGG_08211T0	2918	2919	814	19.0994
MGG_14917T0	1032	1033	149	9.87904
MGG_14819T0	894	895	0	0
MGG_07884T0	1026	1027	129.162	8.61375
MGG_06807T0	1428	1429	895.58	42.9241
MGG_16247T0	4543	4544	309.017	4.65771
MGG_07593T0	1527	1528	1237	55.4466
MGG_11610T0	529	530	124	16.0241
MGG_08041T0	852	853	417	33.4823
MGG_06397T0	5041	5042	1514.77	20.5766
MGG_10308T0	1929	1930	1003.46	35.6099
MGG_05318T0	2550	2551	3549	95.2849
MGG_13996T0	195	196	374	130.691
MGG_00539T0	1092	1093	10276	643.921
MGG_17046T0	258	259	52	13.7509
MGG_17026T0	1713	1714	283.02	11.3093
MGG_12481T0	537	538	17	2.16419
MGG_03661T0	2131	2132	1973.17	63.3879
MGG_00904T0	1496	1497	850	38.8889
MGG_06381T0	1698	1699	867	34.9506
MGG_02950T0	933	934	144	10.5595
MGG_07424T0	1260	1261	245	13.307
MGG_01468T0	9284	9285	2251	16.6044
MGG_17821T0	4531	4532	564.897	8.53705
MGG_07861T0	1761	1762	1307	50.804
MGG_07591T0	306	307	0	0
MGG_09998T0	369	370	6	1.11065
MGG_07210T0	1775	1776	108	4.16495
MGG_16315T0	2330	2331	1398	41.0765
MGG_04317T0	2211	2212	512	15.8531
MGG_15697T0	183	184	74	27.545
MGG_10720T0	1103	1104	1078	66.8772
MGG_07561T0	3894	3895	5213	91.6661
MGG_01327T0	2305	2306	3180	94.4488
MGG_09320T0	4316	4317	1142	18.1181
MGG_00989T0	504	505	6	0.813745
MGG_00882T0	2809	2810	2143	52.2329
MGG_17595T0	1858	1859	333	12.2686
MGG_16085T0	228	229	10.4766	3.13338
MGG_09985T0	1419	1420	63	3.03865
MGG_10245T0	1039	1040	3	0.197568
MGG_07229T0	2318	2319	2465	72.8023
MGG_15809T0	1126	1127	116	7.04957
MGG_11474T0	2402	2403	3645	103.89
MGG_15791T0	1380	1381	0	0
MGG_15249T0	1226	1227	6.55431	0.365857
MGG_10049T0	1240	1241	916	50.5536
MGG_10609T0	1653	1654	525	21.7396
MGG_17689T0	2032	2033	149	5.0197
MGG_00836T0	767	768	186	16.5875
MGG_02758T0	858	859	432	34.4444
MGG_16006T0	831	832	0	0
MGG_11596T0	1186	1187	678.774	39.1655
MGG_11286T0	1269	1270	392	21.1403
MGG_05335T0	879	880	1015	78.9973
MGG_17645T0	486	487	0	0
MGG_06709T0	3287	3288	4781	99.59
MGG_08798T0	666	667	0	0
MGG_15986T0	981	982	160.502	11.1943
MGG_15986T1	958	959	481.62	34.3965
MGG_04694T0	944	945	1709	123.862
MGG_04090T0	2861	2862	3454.35	82.6656
MGG_02619T0	3746	3747	1204	22.0075
MGG_03980T0	1181	1182	2016.94	116.87
MGG_06910T0	2755	2756	5502	136.732
MGG_09298T0	977	978	735.299	51.4937
MGG_12366T0	752	753	52.2977	4.75681
MGG_03267T0	1826	1827	614.712	23.0442
MGG_11741T0	3086	3087	139	3.08395
MGG_18136T0	1335	1336	772	39.5767
MGG_03495T0	960	961	533	37.9868
MGG_03311T0	2148	2149	897	28.5881
MGG_10367T0	798	799	30	2.5716
MGG_06263T0	2014	2015	5155	175.219
MGG_01825T0	2462	2463	3368	93.6562
MGG_03057T0	1389	1390	696	34.2944
MGG_09456T0	1506	1507	987	44.8572
MGG_03967T0	1521	1522	141	6.34502
MGG_03604T0	874	875	1533.85	120.061
MGG_03503T0	1069	1070	12	0.768115
MGG_14858T0	1199	1200	1152.71	65.7912
MGG_13439T0	963	964	597	42.4156
MGG_06652T0	2947	2948	434	10.083
MGG_15297T0	1330	1331	120.03	6.17646
MGG_06490T0	666	667	10	1.02684
MGG_17682T0	933	934	290	21.2657
MGG_00080T0	621	622	181	19.9304
MGG_13493T0	1978	1979	913	31.5976
MGG_16666T0	707	708	12	1.16085
MGG_16180T0	1232	1233	11.0131	0.61175
MGG_08314T0	3570	3571	869	16.667
MGG_01727T0	4317	4318	1110	17.6063
MGG_02308T0	1413	1414	262.883	12.7333
MGG_05587T0	2753	2754	893	22.2083
MGG_06994T0	1709	1710	4683	187.567
MGG_14369T0	177	178	39	15.0063
MGG_12397T0	2540	2541	1326	35.7411
MGG_07463T0	1966	1967	763	26.5674
MGG_04964T0	1581	1582	1189	51.4759
MGG_07134T1	2031	2032	1128.51	38.0375
MGG_07134T0	2127	2128	1154.49	37.1575
MGG_13435T0	2930	2931	2995	69.9858
MGG_10820T0	3051	3052	1144.99	25.6949
MGG_10563T0	2473	2474	184.14	5.09773
MGG_10563T1	2386	2387	578.86	16.6092
MGG_13220T0	2950	2951	187.207	4.34492
MGG_13220T1	2002	2003	2067.79	70.7058
MGG_03824T0	1872	1873	1955	71.4887
MGG_00943T0	2029	2030	1409	47.5383
MGG_01088T0	2301	2302	7558	224.869
MGG_05888T0	1989	1990	3666	126.173
MGG_16483T0	660	661	106.075	10.991
MGG_03512T0	1548	1549	2822.57	124.802
MGG_08810T0	3205	3206	3819.78	81.6024
MGG_05270T0	1812	1813	319.625	12.0746
MGG_03868T0	1012	1013	1171	79.1728
MGG_17680T0	767	768	498	44.4116
MGG_01845T0	399	400	1601	274.132
MGG_17624T0	378	379	0	0
MGG_03460T0	1065	1066	17	1.09225
MGG_11908T0	1497	1498	449	20.5288
MGG_02892T0	2921	2922	1179	27.6352
MGG_01380T0	1293	1294	3006	159.105
MGG_01452T0	3746	3747	2350	42.9549
MGG_12551T0	987	988	12	0.831865
MGG_09784T0	6044	6045	3784	42.873
MGG_05231T0	915	916	664	49.6479
MGG_02757T0	3704	3705	1117	20.6487
MGG_01900T0	444	445	0	0
MGG_08462T0	1857	1858	1641	60.4911
MGG_03966T0	3524	3525	111	2.15671
MGG_17486T0	4306	4307	5649	89.8308
MGG_15927T0	1755	1756	556	21.686
MGG_13868T0	348	349	0	0
MGG_10231T0	312	313	5	1.09409
MGG_16382T0	861	862	172	13.6663
MGG_17354T0	183	184	0	0
MGG_07662T0	1938	1939	21	0.741771
MGG_05899T0	3392	3393	1277	25.7772
MGG_09073T0	2935	2936	102	2.37943
MGG_17739T0	174	175	0	0
MGG_03541T0	258	259	114	30.1463
MGG_16529T0	228	229	23	6.87893
MGG_07146T0	3099	3100	1460	32.2567
MGG_12291T0	2465	2466	170	4.72155
MGG_08353T0	510	511	80	10.7225
MGG_10583T0	1817	1818	4086	153.933
MGG_17647T0	318	319	297.85	63.9493
MGG_08576T0	327	328	0	0
MGG_08981T0	1233	1234	710	39.4069
MGG_10506T0	1782	1783	3959	152.077
MGG_06413T0	1880	1881	373.661	13.6056
MGG_02728T0	2088	2089	1134	37.1795
MGG_17508T0	1795	1796	54	2.05928
MGG_08037T0	810	811	193	16.2992
MGG_18093T0	252	253	1	0.270712
MGG_00356T0	4131	4132	2256	37.3945
MGG_11502T0	2088	2089	333	10.9178
MGG_16681T0	1285	1286	1161	61.8329
MGG_06260T0	3178	3179	190	4.09347
MGG_15920T0	141	142	0	0
MGG_06857T0	1994	1995	489	16.7878
MGG_04318T0	898	899	44	3.35214
MGG_15918T0	303	304	34.9318	7.87003
MGG_15353T0	2154	2155	62	1.97048
MGG_17895T0	1872	1873	110	4.02238
MGG_16962T0	390	391	31	5.43017
MGG_04358T0	1553	1554	3733	164.526
MGG_00184T0	3615	3616	1176	22.2745
MGG_07954T0	1017	1018	108	7.26615
MGG_09527T0	2242	2243	25232	770.462
MGG_15509T0	1831	1832	304.588	11.3872
MGG_02980T0	3436	3437	837.157	16.6823
MGG_04992T0	3942	3943	73	1.26802
MGG_02507T0	2810	2811	893	21.758
MGG_08339T0	2534	2535	897.739	24.255
MGG_17774T0	372	373	0	0
MGG_16813T0	1417	1418	0	0
MGG_04433T0	4790	4791	2548	36.4252
MGG_16211T0	1407	1408	403.346	19.6202
MGG_00926T0	3785	3786	2578	46.637
MGG_01331T0	2888	2889	998	23.6598
MGG_09529T0	678	679	1320.1	133.157
MGG_16556T0	676	677	822.79	83.2394
MGG_13993T0	1213	1214	986	55.6272
MGG_07498T0	1503	1504	65	2.96002
MGG_06738T0	1727	1728	973	38.5654
MGG_15396T0	1255	1256	350.706	19.1242
MGG_04142T0	1667	1668	949.4	38.9836
MGG_10327T0	2688	2689	2151.81	54.8078
MGG_04110T0	1224	1225	1011	56.5254
MGG_07868T0	1628	1629	37	1.55564
MGG_04146T0	2436	2437	914	25.6874
MGG_03872T0	2714	2715	708	17.8604
MGG_08834T0	941	942	11969	870.233
MGG_16653T0	465	466	0	0
MGG_03436T0	767	768	91491.1	8159.18
MGG_17941T0	373	374	1	0.183129
MGG_14938T0	150	151	24	10.8859
MGG_00824T0	2177	2178	3	0.0943392
MGG_07216T0	1048	1049	26590	1736.09
MGG_17312T0	815	816	8	0.671473
MGG_02798T0	831	832	759	62.4809
MGG_00149T0	3183	3184	4599.62	98.9412
MGG_00738T0	1355	1356	660	33.336
MGG_02885T0	1053	1054	12	0.779775
MGG_08917T0	2489	2490	2107	57.9554
MGG_14699T0	3461	3462	281	5.55914
MGG_11256T0	2145	2146	1186.41	37.8648
MGG_08190T0	1687	1688	11652.9	472.815
MGG_07886T0	288	289	3	0.710971
MGG_10833T0	4392	4393	1210.17	18.8675
MGG_08609T0	567	568	0	0
MGG_10368T0	903	904	0	0
MGG_17445T0	393	394	3	0.521499
MGG_01841T0	1661	1662	205	8.44795
MGG_08049T0	2561	2562	733	19.5954
MGG_01205T0	2686	2687	838	21.3602
MGG_16286T0	2696	2697	2357	59.8559
MGG_13834T0	1566	1567	386	16.8712
MGG_15595T0	165	166	4	1.65037
MGG_11389T0	1846	1847	717	26.5877
MGG_04180T0	2183	2184	1116.37	35.0095
MGG_17075T0	1053	1054	26	1.68951
MGG_16801T0	549	550	9	1.12075
MGG_14728T0	2583	2584	5524.53	146.431
MGG_06277T0	3327	3328	56	1.15248
MGG_02893T0	465	466	218	32.0405
MGG_09063T0	2753	2754	5978	148.669
MGG_14684T0	183	184	9	3.35007
MGG_06891T0	1191	1192	108	6.20549
MGG_03606T0	2171	2172	621.372	19.5939
MGG_15674T0	240	241	19	5.39964
MGG_05831T0	576	577	6	0.712203
MGG_05198T0	3047	3048	1015	22.8076
MGG_07148T0	1654	1655	4159	172.115
MGG_04012T0	1934	1935	3120	110.434
MGG_08380T0	1062	1063	1026	66.1063
MGG_04779T0	876	877	2334	182.276
MGG_05949T0	1542	1543	9344	414.759
MGG_07367T0	1361	1362	299	15.0357
MGG_01620T0	2766	2767	2872	71.0892
MGG_01029T0	2463	2464	1042	28.9638
MGG_15779T0	366	367	19	3.54582
MGG_08105T0	3330	3331	1118	22.9877
MGG_03638T0	1999	2000	1049	35.9231
MGG_16821T0	177	178	139	53.4839
MGG_02622T0	1842	1843	2690	99.9668
MGG_00865T0	7323	7324	12856	120.223
MGG_06745T0	1466	1467	1016	47.4343
MGG_04455T0	953	954	13624	978.104
MGG_13582T0	1432	1433	10	0.47795
MGG_06465T0	5210	5211	914	12.0131
MGG_17158T0	303	304	0	0
MGG_07191T0	1698	1699	1080	43.5371
MGG_05792T0	360	361	5	0.948618
MGG_17610T0	705	706	84.0722	8.15598
MGG_04708T1	3834	3835	1191	21.2703
MGG_04708T0	3909	3910	3515	61.5712
MGG_10130T0	468	469	0	0
MGG_00271T0	1288	1289	248.466	13.2021
MGG_00271T1	1294	1295	879.277	46.5034
MGG_00267T0	309	310	0	0
MGG_02418T0	3107	3108	3629	79.9714
MGG_15204T0	1023	1024	16	1.07016
MGG_11185T0	2819	2820	2000	48.5746
MGG_10938T0	1605	1606	179	7.63372
MGG_10062T0	1254	1255	61	3.32901
MGG_00656T0	2475	2476	386	10.6774
MGG_01405T0	2808	2809	31.2677	0.762383
MGG_10271T0	3972	3973	3	0.0517168
MGG_00908T0	2028	2029	4707	158.888
MGG_03696T0	2366	2367	5935.23	171.739
MGG_15533T0	216	217	67	21.1468
MGG_10073T0	318	319	0	0
MGG_10912T0	8104	8105	4	0.0338015
MGG_01480T0	769	770	602	53.5469
MGG_01211T0	1434	1435	5	0.238642
MGG_02827T0	1683	1684	131	5.32792
MGG_08307T0	2200	2201	4711	146.596
MGG_07288T0	3715	3716	1767	32.5679
MGG_09253T0	932	933	2135.03	156.729
MGG_05958T0	1379	1380	561.632	27.8741
MGG_15966T0	270	271	0	0
MGG_11047T0	3725	3726	240	4.41161
MGG_04598T0	384	385	24	4.26952
MGG_01378T0	6363	6364	4967	53.4555
MGG_17450T0	2063	2064	3801	126.13
MGG_04661T0	2405	2406	1131	32.1955
MGG_05247T0	3723	3724	18781	345.412
MGG_02650T0	2017	2018	10	0.339397
MGG_17957T0	318	319	149	31.9907
MGG_17743T0	1394	1395	1259	61.813
MGG_17730T0	4171	4172	1038.8	17.0537
MGG_07116T0	8622	8623	1706.34	13.553
MGG_17422T0	267	268	13	3.32229
MGG_15286T0	276	277	35	8.654
MGG_06417T0	2071	2072	1403	46.3763
MGG_05367T0	2577	2578	2216	58.8729
MGG_04100T0	6184	6185	1636	18.1164
MGG_01123T0	4087	4088	1610.05	26.9748
MGG_15917T0	366	367	1.03143	0.192487
MGG_10019T0	1695	1696	1327	53.5888
MGG_17918T0	519	520	1	0.131712
MGG_02060T0	1338	1339	0	0
MGG_08541T0	1658	1659	8	0.330272
MGG_06976T0	684	685	9	0.899872
MGG_03569T0	2572	2573	11532	306.968
MGG_02256T0	1472	1473	5913	274.937
MGG_14135T0	1494	1495	64	2.93202
MGG_11730T0	973	974	98	6.89121
MGG_09305T0	1572	1573	4	0.174165
MGG_16037T0	261	262	3	0.784239
MGG_08866T0	2624	2625	11600	302.662
MGG_01983T0	2057	2058	11	0.36608
MGG_07963T0	2819	2820	1789	43.45
MGG_00580T0	630	631	1	0.108542
MGG_07705T0	7599	7600	3370	30.37
MGG_07470T0	2457	2458	3623	100.952
MGG_07919T0	693	694	6	0.592135
MGG_17824T0	1196	1197	145.908	8.34857
MGG_03932T0	1545	1546	1068.24	47.3245
MGG_07812T0	768	769	5.15064	0.458737
MGG_10361T0	792	793	59	5.09574
MGG_11098T0	1719	1720	0	0
MGG_04560T0	2275	2276	2502	75.2911
MGG_12523T0	3498	3499	11634	227.727
MGG_08750T0	1387	1388	229	11.2999
MGG_01350T0	3415	3416	54	1.08269
MGG_09014T0	1611	1612	3488	148.197
MGG_03698T0	1970	1971	956	33.22
MGG_16485T0	261	262	0	0
MGG_06634T0	3162	3163	1596	34.5591
MGG_01588T0	1533	1534	12929	577.256
MGG_03678T0	2517	2518	609.242	16.5715
MGG_05972T0	681	682	0	0
MGG_12158T0	4982	4983	2559	35.1729
MGG_09506T0	3008	3009	2273	51.7376
MGG_01485T0	3648	3649	2118	39.754
MGG_11776T0	1497	1498	15455	706.62
MGG_13994T0	3014	3015	743.726	16.8948
MGG_02716T0	8456	8457	4366.91	35.3661
MGG_11907T0	2215	2216	1812	56.0037
MGG_04351T0	1411	1412	1060.25	51.4281
MGG_05314T0	2033	2034	1085.42	36.5489
MGG_10604T0	518	519	4694	619.447
MGG_05756T0	2501	2502	1143.3	31.2969
MGG_06154T0	1737	1738	5480	215.953
MGG_08830T0	1373	1374	5677	282.983
MGG_03636T0	1415	1416	192.769	9.32403
MGG_04026T0	1375	1376	581	28.9192
MGG_04837T0	2075	2076	1170	38.6
MGG_17035T3	4787	4788	413.318	5.91234
MGG_17035T0	3780	3781	132.604	2.40203
MGG_17035T2	3784	3785	930.745	16.842
MGG_17035T1	4479	4480	714.985	10.9307
MGG_06007T0	1569	1570	284	12.3893
MGG_15146T0	1800	1801	1723	65.524
MGG_06459T0	3559	3560	4861.63	93.532
MGG_01364T0	3036	3037	1275	28.7537
MGG_04531T0	2282	2283	1681	50.4302
MGG_15235T0	491	492	31	4.31544
MGG_00139T0	2794	2795	3358	82.2863
MGG_16487T0	544	545	27	3.39309
MGG_10898T0	1317	1318	5.17116	0.268721
MGG_04928T0	690	691	4.04784	0.401212
MGG_01428T0	1926	1927	1347.54	47.895
MGG_15344T0	5163	5164	1246	16.5257
MGG_09373T0	3052	3053	1377	30.8913
MGG_09773T0	1494	1495	32.209	1.47559
MGG_07924T0	1701	1702	244	9.81881
MGG_17859T0	327	328	0	0
MGG_00423T0	1107	1108	0	0
MGG_06716T0	658	659	212	22.0333
MGG_02689T0	2700	2701	1272	32.2546
MGG_09951T0	1551	1552	113.177	4.99452
MGG_06588T0	2330	2331	106	3.11453
MGG_17282T0	833	834	24	1.97094
MGG_08450T0	2502	2503	1584	43.3434
MGG_01047T0	2049	2050	1118	37.3522
MGG_03170T0	2871	2872	1027	24.4915
MGG_04937T0	507	508	112	15.1002
MGG_15868T0	1692	1693	7833	316.884
MGG_06878T0	3234	3235	3604	76.3026
MGG_05354T0	1065	1066	239	15.3557
MGG_02803T0	587	588	2069	240.997
MGG_01243T0	1748	1749	1713	67.0805
MGG_13277T0	858	859	116	9.24897
MGG_09276T0	2998	2999	3029	69.1754
MGG_09474T0	504	505	41	5.56059
MGG_00170T0	1589	1590	5780	248.977
MGG_05037T0	1131	1132	18	1.08907
MGG_05175T0	1580	1581	748	32.404
MGG_03140T0	3448	3449	754	14.9729
MGG_14760T0	620	621	4	0.441161
MGG_09555T0	2604	2605	785	20.6391
MGG_06035T0	657	658	7018	730.493
MGG_17294T0	1449	1450	49.1731	2.32267
MGG_06254T0	3848	3849	747	13.2923
MGG_17795T0	2556	2557	860	23.0354
MGG_10113T0	1032	1033	0	0
MGG_06794T0	1815	1816	190	7.16583
MGG_08936T0	4286	4287	348.762	5.57191
MGG_16011T0	177	178	28	10.7737
MGG_07732T0	1725	1726	110	4.36496
MGG_02958T0	3813	3814	2936	52.7235
MGG_08401T0	690	691	0	0
MGG_03172T0	2127	2128	857	27.5828
MGG_13261T0	1843	1844	41.2004	1.53027
MGG_06930T0	2362	2363	2539.61	73.6091
MGG_17931T0	368	369	58	10.7654
MGG_09212T0	1881	1882	1069.55	38.9233
MGG_18138T0	459	460	1692	251.925
MGG_05468T0	1761	1762	0	0
MGG_04957T0	4265	4266	2067	33.1855
MGG_11925T0	3773	3774	226	4.10143
MGG_08361T0	1587	1588	528	22.7726
MGG_03094T0	2191	2192	620.485	19.3874
MGG_03463T0	3302	3303	2113	43.8147
MGG_00578T0	2015	2016	116	3.94091
MGG_02335T0	891	892	3	0.230348
MGG_16588T0	258	259	0	0
MGG_10409T0	1092	1093	78	4.88768
MGG_06659T0	1614	1615	495.126	20.9977
MGG_03223T0	7260	7261	778.442	7.34275
MGG_05699T0	3971	3972	2599	44.8152
MGG_16625T0	219	220	0	0
MGG_17758T0	456	457	0	0
MGG_11496T0	1913	1914	335	11.9876
MGG_01178T0	3161	3162	1060	22.96
MGG_05832T0	1236	1237	15	0.83052
MGG_01258T0	3210	3211	1644.42	35.0753
MGG_02244T1	1351	1352	526.664	26.68
MGG_02244T0	1485	1486	16.4076	0.756231
MGG_05713T0	2220	2221	2784	85.8518
MGG_15712T0	589	590	12	1.39302
MGG_02866T0	3207	3208	1509.39	32.2252
MGG_01790T0	1991	1992	3417	117.486
MGG_00874T0	663	664	248	25.5807
MGG_03947T0	2918	2919	5575	130.81
MGG_04156T0	2085	2086	9510	312.245
MGG_06648T0	3641	3642	3345	62.9049
MGG_16357T0	264	265	0	0
MGG_04320T0	2239	2240	900.684	27.5393
MGG_01063T0	3446	3447	3262	64.8144
MGG_06256T0	2392	2393	1339	38.3236
MGG_03691T0	1147	1148	9129	544.641
MGG_10993T0	1900	1901	1797	64.7433
MGG_05577T0	1986	1987	47	1.62005
MGG_09444T0	1320	1321	96	4.97734
MGG_07165T0	1237	1238	3796.84	210.053
MGG_11786T0	2262	2263	503	15.2234
MGG_06800T0	897	898	5	0.381349
MGG_09531T0	3489	3490	2653	52.0644
MGG_07091T0	4069	4070	373.246	6.281
MGG_01609T0	996	997	36161.5	2484.16
MGG_02435T0	1191	1192	1935	111.182
MGG_12603T0	1278	1279	430	23.0264
MGG_06742T0	2951	2952	2126	49.326
MGG_15154T0	492	493	8332	1157.53
MGG_05968T0	1710	1711	107.173	4.29006
MGG_01399T0	753	754	169	15.3513
MGG_08232T0	1182	1183	2177	126.038
MGG_17944T0	780	781	792	69.4549
MGG_04464T0	3222	3223	6002	127.545
MGG_08230T0	402	403	0	0
MGG_16171T0	564	565	80.2105	9.72325
MGG_08890T0	2469	2470	281	7.7918
MGG_01539T0	213	214	2919	934.22
MGG_09518T0	3323	3324	4696	96.76
MGG_02920T0	1821	1822	1650	62.0246
MGG_11649T0	3780	3781	1662	30.106
MGG_16377T0	2784	2785	1129	27.765
MGG_16476T0	516	517	6	0.794858
MGG_18021T0	1166	1167	782.094	45.9004
MGG_18021T1	1216	1217	1337.71	75.2834
MGG_14324T0	2971	2972	124	2.8576
MGG_13043T0	255	256	0	0
MGG_04996T0	2767	2768	811.115	20.0699
MGG_05723T0	2485	2486	1512	41.6562
MGG_01703T0	3421	3422	5934	118.767
MGG_09416T0	1152	1153	492	29.2257
MGG_15655T0	833	834	144	11.8257
MGG_01113T0	995	996	14171	974.473
MGG_05659T0	3975	3976	146	2.51498
MGG_02481T0	3947	3948	6609	114.653
MGG_10420T0	2473	2474	924	25.58
MGG_14764T0	9432	9433	668	4.85015
MGG_04934T0	3397	3398	281	5.66385
MGG_05105T0	954	955	439	31.484
MGG_17942T0	3429	3430	2935	58.6061
MGG_16299T0	5068	5069	1894	25.5909
MGG_00321T0	1005	1006	36	2.45094
MGG_00924T0	4391	4392	2223	34.6662
MGG_02810T0	4454	4455	195	2.99789
MGG_04739T0	3696	3697	1374	25.4546
MGG_18045T0	264	265	62	16.0241
MGG_00840T0	2126	2127	1180	37.9965
MGG_01888T0	2008	2009	145	4.9433
MGG_00261T0	3275	3276	6457	134.994
MGG_01382T0	1516	1517	810	36.5703
MGG_02671T0	1494	1495	1857	85.0745
MGG_14727T0	1182	1183	2177	126.038
MGG_13149T0	3718	3719	6333	116.63
MGG_08379T0	1542	1543	172	7.63469
MGG_05934T0	2717	2718	1676	42.2331
MGG_06446T0	2255	2256	3969	120.495
MGG_03642T0	1693	1694	634.657	25.6599
MGG_03998T0	1394	1395	256.963	12.6161
MGG_06991T0	2122	2123	2987.71	96.3867
MGG_01705T0	1823	1824	1702	63.9092
MGG_08759T0	1233	1234	34	1.88709
MGG_05698T0	1068	1069	382	24.4745
MGG_01537T0	7517	7518	5885	53.6133
MGG_12231T0	1494	1495	0	0
MGG_06214T0	4184	4185	2348	38.4265
MGG_16106T0	571	572	23	2.75398
MGG_14948T0	858	859	81	6.45833
MGG_02313T0	9897	9898	1	0.0069196
MGG_05427T0	1313	1314	2525	131.612
MGG_03896T0	1446	1447	580	27.4529
MGG_16165T0	237	238	0	0
MGG_14560T0	393	394	14	2.43366
MGG_12676T0	1149	1150	6	0.35734
MGG_07024T0	735	736	111	10.3294
MGG_17671T0	1006	1007	28	1.9044
MGG_08177T0	2043	2044	485	16.2514
MGG_09955T0	1131	1132	4402	266.337
MGG_09846T0	3220	3221	746	15.8627
MGG_09346T0	756	757	533	48.2236
MGG_14349T0	1753	1754	633	24.7174
MGG_06657T0	882	883	17377	1347.85
MGG_16200T0	270	271	2	0.505463
MGG_15569T0	520	521	53	6.96734
MGG_18043T0	1233	1234	2	0.111005
MGG_07913T0	5566	5567	2107.47	25.928
MGG_08428T0	336	337	338	68.6935
MGG_00298T0	1530	1531	255	11.4076
MGG_04448T0	1204	1205	140.197	7.96859
MGG_00013T0	528	529	0	0
MGG_09240T0	2637	2638	1625	42.1898
MGG_08682T0	684	685	63	6.2991
MGG_06439T0	3496	3497	2762	54.0949
MGG_06426T0	5808	5809	1732	20.4209
MGG_00318T0	3121	3122	2398	52.6072
MGG_12400T0	505	506	0	0
MGG_07112T0	2770	2771	948	23.4315
MGG_16893T0	282	283	20	4.8403
MGG_00747T0	1687	1688	436.585	17.7143
MGG_15896T0	216	217	0	0
MGG_16150T0	225	226	3	0.909162
MGG_14575T0	2751	2752	526	13.0908
MGG_15643T0	590	591	19	2.20189
MGG_11285T0	741	742	141	13.015
MGG_06917T0	2296	2297	3372	100.544
MGG_15741T0	573	574	14	1.67049
MGG_17741T0	204	205	0	0
MGG_16014T0	765	766	52	4.64947
MGG_04439T0	1037	1038	2593	171.094
MGG_10961T0	4338	4339	1	0.0157848
MGG_05276T0	1653	1654	1013	41.9472
MGG_00771T0	4841	4842	1705	24.1173
MGG_13736T0	816	817	481	40.3229
MGG_00333T0	2732	2733	2651.86	66.4568
MGG_02405T0	3317	3318	6068	125.256
MGG_06903T0	1480	1481	651	30.1061
MGG_06017T0	1229	1230	1304.51	72.639
MGG_07231T0	1501	1502	105.033	4.78942
MGG_06618T0	2329	2330	715.119	21.0209
MGG_14881T0	1247	1248	4	0.21952
MGG_10333T1	1327	1328	162.631	8.38754
MGG_10333T0	1897	1898	141.369	5.10136
MGG_02099T0	3460	3461	3810	75.3966
MGG_17388T0	309	310	11	2.4303
MGG_09249T0	2591	2592	505	13.344
MGG_00613T0	1615	1616	995	42.1707
MGG_02766T1	2215	2216	1073.01	33.1637
MGG_02766T0	1899	1900	481.988	17.3745
MGG_03101T0	2474	2475	1280	35.4212
MGG_04388T0	2542	2543	2115	56.963
MGG_04843T0	3476	3477	4072	80.2106
MGG_02760T0	1109	1110	587	36.2196
MGG_12093T0	2147	2148	3108	99.1004
MGG_11468T0	1069	1070	221	14.1461
MGG_15106T0	450	451	36	5.46707
MGG_06351T0	3798	3799	1657.37	29.8799
MGG_09314T0	1438	1439	14	0.66634
MGG_17865T0	260	261	0	0
MGG_01434T0	2665	2666	2030	52.1512
MGG_01993T0	306	307	0	0
MGG_14052T0	693	694	20303	2003.68
MGG_07833T0	2837	2838	1652	39.8682
MGG_00126T0	3896	3897	110	1.93326
MGG_10585T0	1008	1009	305	20.7032
MGG_01337T0	2345	2346	180	5.25501
MGG_01704T0	1944	1945	1655	58.2783
MGG_08846T0	2137	2138	778	24.923
MGG_01152T0	806	807	41.074	3.48595
MGG_01865T0	2167	2168	253	7.99263
MGG_00305T0	597	598	49	5.61208
MGG_02634T0	3110	3111	4961	109.219
MGG_15596T0	505	506	2	0.270712
MGG_17069T0	906	907	16	1.20821
MGG_00588T0	1549	1550	4402.06	194.515
MGG_15649T0	459	460	41	6.10456
MGG_04644T0	2118	2119	272	8.79157
MGG_15332T0	276	277	3.0096	0.744144
MGG_06779T0	1071	1072	105	6.70846
MGG_16187T0	827	828	497	41.1107
MGG_09737T0	1827	1828	573	21.4688
MGG_04514T0	1952	1953	881.86	30.9262
MGG_04824T0	559	560	614.535	75.1601
MGG_13012T0	1116	1117	518	31.7618
MGG_13121T0	2184	2185	841	26.3617
MGG_00523T0	2583	2584	557	14.7636
MGG_04010T0	342	343	842	168.131
MGG_17772T0	510	511	0	0
MGG_01362T0	2280	2281	1387	41.6466
MGG_02398T0	4213	4214	16378	266.192
MGG_17207T0	288	289	0	0
MGG_10380T0	1869	1870	5372	196.754
MGG_14098T0	2575	2576	37	0.983749
MGG_17507T0	814	815	31	2.60515
MGG_07006T0	1308	1309	1419.49	74.2716
MGG_17919T0	198	199	26	8.94847
MGG_09957T0	309	310	6	1.32562
MGG_08941T0	799	800	3	0.256838
MGG_00758T0	2328	2329	2830.88	83.2494
MGG_16176T0	629	630	64.3884	6.99996
MGG_15027T0	2406	2407	2996	85.25
MGG_08426T0	1563	1564	91	3.98505
MGG_13001T0	1889	1890	1492.12	54.0717
MGG_05212T0	3266	3267	786	16.4779
MGG_16296T0	171	172	18	7.16758
MGG_16262T0	201	202	41	13.9015
MGG_18024T0	471	472	1	0.145106
MGG_09464T0	1593	1594	1366.46	58.7132
MGG_17858T0	1448	1449	659	31.1491
MGG_09268T0	1584	1585	583	25.1923
MGG_03449T0	2418	2419	5663	160.339
MGG_05025T0	2372	2373	1166	33.6534
MGG_12612T0	1926	1927	49	1.74158
MGG_17012T0	2301	2302	0	0
MGG_14093T0	507	508	0	0
MGG_15645T2	1013	1014	1872.95	126.508
MGG_15645T0	1025	1026	1377.6	91.9614
MGG_15645T1	1334	1335	237.444	12.1817
MGG_04077T0	3039	3040	4	0.0901187
MGG_17112T0	231	232	4	1.18087
MGG_11397T0	537	538	108	13.749
MGG_16486T0	7149	7150	30.264	0.289901
MGG_03214T0	1544	1545	1839	81.5233
MGG_15750T0	1296	1297	51	2.69314
MGG_09162T0	2364	2365	224.91	6.51337
MGG_00835T0	1509	1510	1054	47.8071
MGG_09404T0	2110	2111	420.335	13.6375
MGG_17058T0	1786	1787	2526	96.8138
MGG_07187T0	7035	7036	23762	231.305
MGG_04189T0	4376	4377	1122	17.5568
MGG_15591T0	516	517	58	7.68362
MGG_05419T0	2902	2903	62	1.46276
MGG_05309T0	2725	2726	2041	51.2797
MGG_14230T0	1410	1411	154	7.47519
MGG_07018T0	874	875	1854	145.121
MGG_03844T0	1717	1718	459	18.2986
MGG_07716T0	1823	1824	3731	140.097
MGG_05322T0	2418	2419	1196.21	33.8688
MGG_15376T0	441	442	3	0.464866
MGG_00402T0	1186	1187	7	0.403902
MGG_00954T0	501	502	29	3.95661
MGG_03137T0	2830	2831	2076	50.2246
MGG_14548T0	1784	1785	58	2.22545
MGG_13360T0	1980	1981	91	3.14619
MGG_09282T0	3051	3052	567	12.7241
MGG_09297T0	1719	1720	1261	50.2129
MGG_13872T0	486	487	3.98485	0.560417
MGG_06496T0	4369	4370	3766	59.0238
MGG_17270T0	743	744	112.867	10.3902
MGG_14619T0	622	623	0	0
MGG_08856T0	2130	2131	2406	77.3287
MGG_01678T0	793	794	1670.56	144.102
MGG_16078T0	741	742	5	0.461524
MGG_14929T0	729	730	335	31.4304
MGG_15562T0	336	337	0	0
MGG_15074T0	900	901	309	23.4889
MGG_11879T0	1517	1518	537.769	24.2634
MGG_06880T0	1681	1682	957.216	38.9774
MGG_02755T0	4513	4514	4986	75.6518
MGG_08642T0	3049	3050	482	10.8237
MGG_14901T0	2438	2439	935	26.256
MGG_16882T0	186	187	22	8.05767
MGG_09888T0	1864	1865	1309.25	48.0808
MGG_11781T0	1545	1546	128	5.6706
MGG_08973T0	1672	1673	452.033	18.5056
MGG_08973T1	1869	1870	71.967	2.63585
MGG_10531T0	435	436	49	7.6973
MGG_16604T0	180	181	0	0
MGG_12868T0	1786	1787	3304.06	126.634
MGG_02908T0	2106	2107	6742	219.156
MGG_17138T0	324	325	60	12.6444
MGG_10346T0	786	787	36	3.13297
MGG_00409T0	734	735	6727	626.849
MGG_11312T0	1548	1549	543.768	24.0431
MGG_16083T0	261	262	0	0
MGG_14958T0	351	352	0	0
MGG_07089T0	2323	2324	1590	46.8586
MGG_12652T0	2990	2991	3043	69.681
MGG_09379T0	357	358	13	2.48708
MGG_06114T0	810	811	395	33.3584
MGG_04795T0	348	349	1	0.196247
MGG_00923T0	2107	2108	7675	249.366
MGG_15323T0	3997	3998	2585	44.284
MGG_18118T0	686	687	57	5.6826
MGG_06875T0	642	643	7068.02	752.862
MGG_12724T0	2466	2467	1172	32.5377
MGG_01912T0	2605	2606	18	0.473071
MGG_14073T0	1791	1792	2	0.07644
MGG_00158T0	1455	1456	6	0.28224
MGG_12628T0	1365	1366	2311	115.872
MGG_00654T0	3455	3456	1249	24.7524
MGG_00178T0	1137	1138	1638	98.5826
MGG_05196T0	2730	2731	2414	60.5402
MGG_00790T0	1452	1453	2850	134.341
MGG_10692T0	2314	2315	776	22.9583
MGG_16852T1	3096	3097	317.852	7.02932
MGG_16852T0	2763	2764	311.148	7.71005
MGG_16163T0	177	178	0	0
MGG_04502T0	1446	1447	695	32.8961
MGG_06858T0	1152	1153	1082	64.2727
MGG_10142T0	3868	3869	1588	28.1113
MGG_07448T0	990	991	2	0.138224
MGG_02855T0	1965	1966	1153	40.1675
MGG_08261T0	3259	3260	1442	30.2954
MGG_15833T0	540	541	43	5.44377
MGG_15628T1	765	766	57.4159	5.13372
MGG_15628T0	781	782	947.424	82.9787
MGG_13744T0	1292	1293	5916	313.371
MGG_03854T0	4287	4288	486.421	7.76938
MGG_15768T0	1411	1412	1016	49.2819
MGG_08776T0	2671	2672	2059	52.7775
MGG_16075T0	177	178	4	1.53911
MGG_00082T0	3324	3325	603	12.4209
MGG_00933T0	2984	2985	336	7.70945
MGG_05390T0	1497	1498	18	0.82298
MGG_16710T0	1983	1984	397	13.705
MGG_00664T0	2114	2115	1124.89	36.4275
MGG_10668T0	2102	2103	2179	70.9654
MGG_08772T0	991	992	14306	987.723
MGG_02474T0	3909	3910	4619	80.9096
MGG_04815T0	923	924	27	2.00134
MGG_17297T0	369	370	0	0
MGG_17510T0	273	274	4	0.999857
MGG_15622T0	1890	1891	1397.61	50.6202
MGG_00015T0	904	905	6	0.454079
MGG_13218T0	2497	2498	996.572	27.324
MGG_11552T0	829	830	12	0.99022
MGG_07493T0	3547	3548	1390	26.8324
MGG_07477T0	2152	2153	366.802	11.6685
MGG_06500T0	3081	3082	1989	44.2009
MGG_14969T0	2883	2884	1498	35.575
MGG_07137T0	1745	1746	8536.7	334.868
MGG_13907T0	1743	1744	10864	426.65
MGG_09368T0	825	826	6377	528.768
MGG_16745T0	186	187	135	49.4448
MGG_10001T0	1632	1633	148	6.20732
MGG_14424T0	204	205	0	0
MGG_09054T0	921	922	27	2.00568
MGG_08501T0	1645	1646	284	11.8173
MGG_07025T0	2407	2408	5850	166.39
MGG_08935T0	4616	4617	1126	16.7035
MGG_06362T0	1188	1189	10050	578.912
MGG_01124T0	1282	1283	1414.95	75.534
MGG_17572T0	345	346	14	2.77128
MGG_13029T0	1205	1206	146.206	8.3032
MGG_07730T0	1080	1081	161	10.2007
MGG_07184T0	653	654	333	34.8735
MGG_16948T0	267	268	0	0
MGG_13985T0	450	451	55	8.35247
MGG_04673T0	1445	1446	225	10.6572
MGG_07572T0	1926	1927	0	0
MGG_11584T0	1590	1591	11	0.473534
MGG_06422T0	3330	3331	1097	22.5559
MGG_05177T0	1543	1544	509.832	22.6156
MGG_01482T0	1791	1792	408	15.5938
MGG_16193T0	459	460	247	36.7763
MGG_05434T0	1779	1780	701	26.9728
MGG_02508T0	887	888	268	20.6705
MGG_15497T0	450	451	0	0
MGG_05448T0	2113	2114	1602	51.9022
MGG_04873T0	603	604	9933.95	1126.45
MGG_17319T0	555	556	34	4.18825
MGG_15141T0	697	698	53	5.20055
MGG_09168T0	732	733	0	0
MGG_14647T0	1863	1864	712	26.1615
MGG_08531T0	834	835	0	0
MGG_07270T0	2532	2533	5021	135.764
MGG_06905T0	5485	5486	4017	50.1504
MGG_00722T0	4877	4878	2011	28.2357
MGG_02188T0	1680	1681	264	10.7563
MGG_02849T0	1404	1405	823	40.1192
MGG_18110T0	816	817	16	1.3413
MGG_08384T0	1734	1735	1140	45.0022
MGG_08335T0	1540	1541	1472	65.4235
MGG_04922T0	1960	1961	115	4.01651
MGG_02923T0	3501	3502	3890	76.0785
MGG_09275T0	5908	5909	128.603	1.49061
MGG_09275T1	5269	5270	3148.4	40.9174
MGG_17855T0	669	670	0	0
MGG_09075T0	830	831	717	59.0945
MGG_08488T0	2708	2709	76.2692	1.92827
MGG_16714T0	541	542	791	99.9553
MGG_15899T0	189	190	2181	786.196
MGG_07491T0	966	967	542	38.3885
MGG_09866T0	2580	2581	1040	27.5978
MGG_08914T0	3863	3864	232.795	4.12634
MGG_16400T0	2184	2185	5.78293	0.18127
MGG_01768T0	3263	3264	7130	149.613
MGG_11809T0	3137	3138	9628	210.141
MGG_07117T1	2901	2902	13378	315.735
MGG_07117T0	2986	2987	2430.98	55.7409
MGG_06768T0	3441	3442	4257	84.7074
MGG_02954T0	3776	3777	3180	57.6645
MGG_07782T0	788	789	798	69.2715
MGG_17901T0	1526	1527	8700	390.219
MGG_03423T0	804	805	4	0.340324
MGG_07881T0	1024	1025	1	0.0668197
MGG_00655T0	2028	2029	529	17.8567
MGG_04384T0	360	361	14	2.65613
MGG_06215T0	2232	2233	1075	32.9722
MGG_05208T0	1023	1024	1331	89.0239
MGG_17593T0	286	287	9	2.14778
MGG_18076T0	426	427	0	0
MGG_09741T0	645	646	12	1.27226
MGG_02303T0	1037	1038	6344.98	418.66
MGG_07625T0	804	805	19	1.61654
MGG_01517T0	1203	1204	810.048	46.08
MGG_03164T0	785	786	7686	669.74
MGG_01786T0	1316	1317	2207.14	114.782
MGG_15042T0	4164	4165	1473	24.2224
MGG_08407T0	321	322	2	0.425405
MGG_01608T0	1340	1341	1276.54	65.1981
MGG_03368T0	982	983	2.31773	0.161487
MGG_07478T0	2855	2856	1059	25.3961
MGG_06234T0	995	996	4	0.275061
MGG_00387T0	1477	1478	357	16.5433
MGG_15174T0	342	343	207	41.3338
MGG_16983T0	327	328	983	205.262
MGG_10742T0	1738	1739	2695.71	106.17
MGG_05674T0	2836	2837	1322	31.9154
MGG_18027T0	582	583	0	0
MGG_16542T0	190	191	2.00342	0.718401
MGG_01354T0	3728	3729	887.963	16.3091
MGG_06707T0	3032	3033	6630	149.717
MGG_15993T0	183	184	8	2.97784
MGG_07109T0	1504	1505	3378.34	153.743
MGG_15635T0	246	247	39	10.8142
MGG_01744T0	1060	1061	3234	208.763
MGG_15302T0	315	316	8979	1946.12
MGG_14918T0	186	187	82	30.0331
MGG_16160T0	4261	4262	367	5.89768
MGG_15267T0	531	532	640	82.3943
MGG_17123T0	1922	1923	795	28.315
MGG_16084T0	489	490	1	0.139776
MGG_11036T0	3404	3405	1077	21.6634
MGG_14008T0	2072	2073	1003	33.1383
MGG_09388T0	2500	2501	900	24.6466
MGG_08655T0	1392	1393	1693	83.2405
MGG_17205T0	336	337	1	0.203235
MGG_05671T0	2703	2704	5929	150.177
MGG_01098T0	774	775	588	51.9642
MGG_04490T0	1624	1625	5635.37	237.519
MGG_04788T0	4014	4015	825	14.0733
MGG_10755T0	1002	1003	0	0
MGG_15331T0	2045	2046	40	1.33901
MGG_08002T0	2186	2187	250	7.82924
MGG_04016T0	2007	2008	652	22.2389
MGG_02499T0	3084	3085	13387	297.205
MGG_09441T0	1160	1161	78	4.60141
MGG_14906T0	3831	3832	1344	24.0216
MGG_12488T0	660	661	0	0
MGG_16258T0	246	247	5	1.38644
MGG_15963T0	729	730	60.136	5.6421
MGG_15721T0	1759	1760	392	15.2546
MGG_02076T1	1382	1383	0	0
MGG_02076T0	1076	1077	0	0
MGG_02159T0	1377	1378	372	18.4894
MGG_04007T0	1959	1960	1741	60.8375
MGG_06693T0	1135	1136	11650.7	702.431
MGG_12139T0	914	915	1463	109.51
MGG_17555T0	360	361	0	0
MGG_08853T0	1579	1580	1113.27	48.2585
MGG_09901T0	2767	2768	2390	59.1372
MGG_17157T0	1139	1140	30.2713	1.81868
MGG_03679T0	1280	1281	657.758	35.1678
MGG_15414T0	855	856	1	0.080012
MGG_15588T0	237	238	23	6.6188
MGG_13438T0	2593	2594	3641.77	96.1547
MGG_00256T0	2003	2004	8555	292.382
MGG_03577T0	1090	1091	23089	1449.47
MGG_06295T0	871	872	1521	119.465
MGG_07034T0	1046	1047	2189	143.195
MGG_16553T0	542	543	6.54217	0.825184
MGG_08577T0	2341	2342	1680	49.1305
MGG_05423T0	2177	2178	32	1.00628
MGG_17208T0	153	154	0	0
MGG_05281T0	2047	2048	314.667	10.5233
MGG_05281T1	1760	1761	882.333	34.3164
MGG_09507T0	3739	3740	3405	62.3554
MGG_03911T0	2035	2036	1811	60.9213
MGG_16963T0	342	343	0	0
MGG_13464T0	2376	2377	146	4.2068
MGG_06150T0	2723	2724	855.813	21.5179
MGG_09215T0	6275	6276	560	6.1113
MGG_04009T0	2343	2344	804	23.4924
MGG_17822T0	1795	1796	190.077	7.24856
MGG_11604T0	2153	2154	318	10.1114
MGG_16214T0	171	172	47	18.7154
MGG_11701T0	4509	4510	1471.58	22.3478
MGG_02450T0	2279	2280	2778.91	83.4774
MGG_13240T0	468	469	11	1.60638
MGG_12109T0	2322	2323	1634	48.1761
MGG_17128T0	219	220	1	0.311319
MGG_14852T0	4449	4450	2425.57	37.3321
MGG_09085T0	1464	1465	7124	333.054
MGG_11243T0	2241	2242	1871	57.1567
MGG_06936T0	1239	1240	9132	504.397
MGG_01295T0	1331	1332	2873	147.727
MGG_09583T0	312	313	0	0
MGG_04134T0	1965	1966	198.269	6.90718
MGG_06024T0	6440	6441	342	3.63665
MGG_06400T0	3280	3281	5149	107.484
MGG_15994T0	2252	2253	21	0.638391
MGG_15820T0	222	223	19	5.83549
MGG_11691T0	1137	1138	44	2.64813
MGG_10310T0	1067	1068	1217	78.0455
MGG_14297T0	1437	1438	2751	131.027
MGG_15915T0	1731	1732	47	1.85857
MGG_16092T0	366	367	6.14124	1.14609
MGG_14734T0	448	449	1.00594	0.153445
MGG_09739T0	897	898	48	3.66095
MGG_05806T0	2831	2832	473	11.4392
MGG_03002T0	3611	3612	8462	160.455
MGG_00606T0	2660	2661	441	11.3507
MGG_02071T1	2033	2034	0.00100527	3.38501e-05
MGG_02071T0	2217	2218	209.184	6.45944
MGG_15675T0	1137	1138	780	46.9441
MGG_16235T0	159	160	1	0.428064
MGG_11667T0	672	673	1630.77	165.961
MGG_01547T0	1057	1058	1336.15	86.4967
MGG_08558T0	2837	2838	1297	31.3009
MGG_00316T0	2956	2957	1650	38.2174
MGG_07460T0	1131	1132	7764	469.751
MGG_17927T0	240	241	4248	1207.25
MGG_02717T0	1652	1653	51.0896	2.11684
MGG_08547T0	4068	4069	3237	54.4858
MGG_03893T0	2745	2746	1540	38.4104
MGG_06892T0	2598	2599	1450	38.2112
MGG_06010T0	603	604	186	21.0914
MGG_17813T0	2610	2611	1358	35.6223
MGG_13573T0	2573	2574	502	13.3575
MGG_13079T0	2393	2394	319	9.12631
MGG_01653T0	1367	1368	1957	97.9791
MGG_07442T0	1879	1880	1740	63.3899
MGG_09466T0	2371	2372	1692.08	48.8578
MGG_09333T0	1228	1229	33	1.83904
MGG_01978T0	3044	3045	7163	161.115
MGG_04316T0	1617	1618	1	0.0423302
MGG_17933T0	2974	2975	78.7469	1.81291
MGG_05825T0	2032	2033	140	4.71649
MGG_00100T0	1229	1230	419	23.3312
MGG_00563T0	1050	1051	154	10.0357
MGG_01076T0	3116	3117	1216	26.7193
MGG_08072T0	5253	5254	2387	31.1165
MGG_07275T0	3981	3982	2195	37.7539
MGG_04585T0	2930	2931	502.256	11.7365
MGG_15603T0	162	163	0	0
MGG_14851T0	503	504	113	15.3559
MGG_13163T0	4001	4002	2105.07	36.0261
MGG_00295T0	2743	2744	626.844	15.646
MGG_01158T0	5790	5791	957.539	11.3248
MGG_17162T0	591	592	2	0.231386
MGG_04083T0	1038	1039	2049.92	135.13
MGG_10341T0	762	763	1563	140.302
MGG_03557T0	2652	2653	8046	207.717
MGG_00546T0	321	322	12138	2581.78
MGG_01641T0	2497	2498	4808	131.826
MGG_03735T0	1845	1846	974	36.1373
MGG_12773T0	1482	1483	175	8.08212
MGG_14943T0	11919	11920	4	0.0229833
MGG_01501T0	1456	1457	552.818	25.9867
MGG_17782T0	198	199	1	0.344172
MGG_12789T0	1566	1567	662	28.9346
MGG_16500T0	1034	1035	630.42	41.7175
MGG_11784T0	3609	3610	3090	58.6246
MGG_04462T0	2505	2506	5642.69	154.217
MGG_14701T0	1287	1288	154	8.18905
MGG_11422T0	501	502	173	23.6032
MGG_03822T0	1718	1719	48	1.91247
MGG_15283T0	1101	1102	170	10.5656
MGG_08694T0	1590	1591	526	22.6435
MGG_09844T0	564	565	0	0
MGG_06952T0	675	676	9534	965.955
MGG_07205T0	4463	4464	1688.99	25.9138
MGG_09225T0	1252	1253	25	1.36652
MGG_17649T0	585	586	6	0.701265
MGG_16991T0	204	205	0	0
MGG_17712T0	2186	2187	1934.93	60.5962
MGG_15953T0	570	571	35	4.19818
MGG_07475T1	1060	1061	28.9784	1.87063
MGG_07475T0	1338	1339	966.687	49.4463
MGG_01210T0	1609	1610	6917	294.253
MGG_14785T0	1565	1566	633	27.6847
MGG_01896T0	1658	1659	5	0.20642
MGG_13773T0	2249	2250	4430	134.85
MGG_05814T0	2046	2047	2323	77.7249
MGG_10910T0	1421	1422	18	0.866965
MGG_00151T0	4608	4609	597	8.87148
MGG_00861T0	4105	4106	319	5.32109
MGG_08523T0	1998	1999	16403	562.004
MGG_16888T0	387	388	11	1.94173
MGG_05959T0	2932	2933	1665	38.8804
MGG_14114T0	786	787	384	33.4184
MGG_16832T0	545	546	20	2.5088
MGG_11100T0	2828	2829	1563	37.8403
MGG_15545T0	450	451	3	0.455589
MGG_15836T0	461	462	9.09538	1.34837
MGG_07639T0	4137	4138	133	2.20135
MGG_03632T0	1858	1859	637	23.4687
MGG_13934T0	1303	1304	44	2.31102
MGG_10924T0	2604	2605	817.28	21.4878
MGG_00574T0	1512	1513	39	1.76545
MGG_16855T0	1419	1420	307.324	14.823
MGG_03199T0	1619	1620	932.088	39.4067
MGG_01230T0	2107	2108	1506	48.9309
MGG_15587T0	429	430	2	0.318559
MGG_07392T0	934	935	2032	148.847
MGG_03791T0	531	532	3	0.386223
MGG_04948T0	1217	1218	324.286	18.2352
MGG_10160T0	1607	1608	1534	65.3383
MGG_17305T0	306	307	247	55.1045
MGG_14367T0	1631	1632	1172	49.1854
MGG_09908T0	814	815	1274	107.063
MGG_05378T0	2213	2214	1646	50.9191
MGG_13325T0	638	639	110	11.7902
MGG_15134T0	1350	1351	50	2.5348
MGG_01160T0	779	780	13242.9	1162.83
MGG_01721T0	2446	2447	12041	337.021
MGG_15143T0	324	325	127	26.7639
MGG_15826T0	339	340	0	0
MGG_02877T0	856	857	2160	172.624
MGG_08585T0	2223	2224	1123	34.5839
MGG_17386T0	402	403	4	0.679804
MGG_10116T0	2287	2288	597	17.8709
MGG_01191T0	2799	2800	3122	76.3666
MGG_14792T0	1662	1663	60	2.47108
MGG_06981T0	3521	3522	1080.85	21.0186
MGG_06981T2	3278	3279	878.128	18.3419
MGG_06981T1	3381	3382	152.896	3.09635
MGG_13107T0	1397	1398	1528.81	74.8986
MGG_06507T0	3007	3008	1607	36.5904
MGG_08726T0	645	646	0	0
MGG_16383T0	770	771	3814.68	338.869
MGG_09476T0	737	738	479	44.4537
MGG_02982T0	1975	1976	364	12.6166
MGG_16107T0	638	639	324	34.7274
MGG_06117T0	3760	3761	3142.29	57.2231
MGG_06223T0	942	943	285	20.6996
MGG_01623T0	3243	3244	1110	23.4353
MGG_01850T0	1933	1934	558	19.7609
MGG_06799T0	2969	2970	676.084	15.591
MGG_00319T0	2041	2042	270	9.05601
MGG_04886T0	4987	4988	278	3.81722
MGG_01239T0	1319	1320	349.156	18.1165
MGG_14162T0	2769	2770	2130.43	52.6763
MGG_17392T0	291	292	48	11.2587
MGG_07452T0	1038	1039	90	5.93274
MGG_02512T0	999	1000	760.676	52.0988
MGG_09639T0	7496	7497	901	8.23125
MGG_02090T0	462	463	78	11.5383
MGG_03957T0	1888	1889	627	22.7334
MGG_05741T0	663	664	986	101.704
MGG_05110T0	1220	1221	695	38.985
MGG_16141T0	958	959	47	3.35666
MGG_06966T0	3516	3517	1494.55	29.105
MGG_03559T0	2408	2409	2118	60.2168
MGG_15613T0	213	214	0	0
MGG_10678T0	1809	1810	598	22.6283
MGG_04652T0	6738	6739	3854	39.1692
MGG_03931T0	4227	4228	4855.76	78.6595
MGG_07305T0	1823	1824	206	7.73519
MGG_01734T0	3921	3922	3083	53.8387
MGG_09462T0	954	955	5906	423.564
MGG_00829T0	912	913	916	68.7153
MGG_10829T0	2883	2884	1312.92	31.1797
MGG_00659T0	2314	2315	925	27.3665
MGG_14673T0	388	389	87	15.3179
MGG_06224T0	405	406	95	16.026
MGG_10344T0	1473	1474	63	2.92733
MGG_07542T0	663	664	4321	445.702
MGG_03820T0	1590	1591	2	0.0860971
MGG_16362T0	195	196	0	0
MGG_00517T0	1672	1673	2177.2	89.1315
MGG_15163T0	2882	2883	593.933	14.1098
MGG_04289T0	1563	1564	8.00791	0.35068
MGG_05856T0	4920	4921	856	11.9138
MGG_09031T0	750	751	525	47.8793
MGG_02647T0	618	619	692	76.5674
MGG_14802T0	366	367	237	44.2294
MGG_14719T0	1329	1330	0	0
MGG_09492T0	1276	1277	1107	59.3725
MGG_04341T0	444	445	26	4.00168
MGG_02123T0	2716	2717	132	3.32746
MGG_18119T0	279	280	0	0
MGG_17835T0	880	881	69	5.36416
MGG_15413T0	1205	1206	0	0
MGG_00748T0	4412	4413	2760.41	42.8419
MGG_17417T0	186	187	2	0.732516
MGG_08782T0	660	661	776	80.4061
MGG_14251T0	2064	2065	0	0
MGG_05319T0	3427	3428	3973	79.3791
MGG_12830T0	2536	2537	1725	46.569
MGG_07655T0	1728	1729	246	9.74471
MGG_17343T0	292	293	0	0
MGG_05721T0	1911	1912	631.297	22.6139
MGG_06888T0	1700	1701	876	35.2719
MGG_00593T0	3045	3046	85	1.91125
MGG_09383T1	2815	2816	43.0637	1.04739
MGG_09383T0	3129	3130	19.9363	0.436244
MGG_06685T0	704	705	12012.3	1166.99
MGG_08117T0	2552	2553	1151	30.8783
MGG_17951T0	180	181	0	0
MGG_00460T0	1665	1666	1693	69.6002
MGG_06137T0	1904	1905	1635.7	58.8081
MGG_10579T0	5049	5050	1825	24.7514
MGG_09776T0	2748	2749	1170	29.1501
MGG_09477T0	900	901	17779	1351.48
MGG_15900T0	996	997	25	1.71741
MGG_04855T0	5941	5942	3989	45.9791
MGG_05571T1	1670	1671	2826.97	115.87
MGG_05571T0	1994	1995	1112.03	38.1772
MGG_03153T0	771	772	1020	90.4923
MGG_04682T0	2261	2262	4	0.121114
MGG_16701T0	444	445	11	1.69302
MGG_09581T0	405	406	0	0
MGG_08500T0	1557	1558	414	18.1996
MGG_00941T0	1372	1373	127.036	6.33702
MGG_00623T0	2996	2997	4951.53	113.157
MGG_09657T0	330	331	0	0
MGG_09994T0	1768	1769	109	4.22014
MGG_04243T0	1254	1255	3025.81	165.13
MGG_15236T0	417	418	10	1.63852
MGG_11638T0	7997	7998	258.379	2.21261
MGG_13793T0	3514	3515	548	10.6779
MGG_15343T0	930	931	26	1.91272
MGG_09452T0	330	331	2	0.413838
MGG_03984T0	1454	1455	3010.13	141.694
MGG_09326T0	897	898	49.7566	3.79493
MGG_04939T0	1430	1431	7	0.335033
MGG_13198T0	1037	1038	31	2.04547
MGG_07830T0	1517	1518	66	2.97784
MGG_05630T0	3421	3422	2499	50.0167
MGG_03257T0	2947	2948	119.225	2.76992
MGG_03659T0	1654	1655	408	16.8846
MGG_16543T0	486	487	312	43.8788
MGG_09934T0	1902	1903	29.9689	1.0786
MGG_06367T0	1650	1651	3950	163.862
MGG_07680T0	729	730	26	2.43938
MGG_09814T0	2451	2452	16	0.446918
MGG_17010T0	222	223	0	0
MGG_01920T0	2447	2448	140	3.91693
MGG_01084T0	1011	1012	13343	903.029
MGG_02754T0	3581	3582	801	15.3157
MGG_03860T0	2162	2163	4837	153.161
MGG_14477T0	1653	1654	0	0
MGG_01134T0	2510	2511	5450	148.655
MGG_16531T0	1705	1706	1144	45.9278
MGG_06887T0	1974	1975	1678	58.1907
MGG_06677T0	1731	1732	1631.19	64.5038
MGG_15071T0	1236	1237	57	3.15598
MGG_02349T0	988	989	0	0
MGG_17429T0	2244	2245	312	9.51846
MGG_05875T0	723	724	7	0.662198
MGG_00879T0	2775	2776	658	16.2344
MGG_07605T0	1162	1163	95	5.59464
MGG_10198T0	1568	1569	3066	133.838
MGG_17780T0	384	385	0	0
MGG_15324T0	2989	2990	130.034	2.97862
MGG_11536T0	2370	2371	2158	62.3374
MGG_00043T0	396	397	0	0
MGG_02651T0	845	846	6447	521.934
MGG_11577T0	1381	1382	3287	162.9
MGG_07384T0	2135	2136	6625	212.429
MGG_13809T0	3240	3241	272	5.74802
MGG_15843T0	377	378	39	7.06645
MGG_07652T0	954	955	849	60.8882
MGG_17582T0	213	214	0	0
MGG_01931T0	2322	2323	530	15.6263
MGG_07566T0	1053	1054	1	0.0649812
MGG_02471T0	2312	2313	10522	311.567
MGG_05714T0	5262	5263	912	11.8683
MGG_05349T0	1456	1457	1838	86.4002
MGG_03537T0	4554	4555	13881.5	208.726
MGG_16190T0	1018	1019	76	5.1082
MGG_00741T0	1266	1267	572	30.9206
MGG_17441T0	1076	1077	27	1.71703
MGG_08887T0	5213	5214	3493	45.8835
MGG_15990T0	1753	1754	7492.15	292.554
MGG_18000T0	192	193	0	0
MGG_08078T0	1003	1004	7485.22	510.622
MGG_07960T0	1203	1204	0	0
MGG_00720T0	3443	3444	2229.22	44.3322
MGG_16548T0	452	453	8.5881	1.29846
MGG_09150T1	1904	1905	0	0
MGG_09150T0	1949	1950	0	0
MGG_02745T0	489	490	382	53.3944
MGG_17464T0	359	360	10	1.90251
MGG_03785T0	732	733	0	0
MGG_02988T0	1718	1719	17	0.677332
MGG_17934T0	180	181	0	0
MGG_10315T0	849	850	57383	4623.74
MGG_13208T0	1202	1203	344	19.5849
MGG_17574T0	303	304	126	28.3874
MGG_04390T0	3204	3205	547.499	11.6999
MGG_06069T0	2100	2101	3416	111.358
MGG_08727T0	927	928	0	0
MGG_01471T0	1300	1301	1449	76.2816
MGG_02529T0	1870	1871	30	1.09819
MGG_02833T0	4561	4562	1989	29.8613
MGG_09924T0	2674	2675	813	20.8159
MGG_01290T0	2391	2392	4628	132.514
MGG_16472T0	3318	3319	6651	137.249
MGG_06456T0	1050	1051	464	30.2374
MGG_01904T0	456	457	4	0.599477
MGG_07088T0	1060	1061	908	58.6137
MGG_06110T0	1890	1891	525.914	19.0481
MGG_11862T0	2389	2390	8277	237.194
MGG_05788T0	1351	1352	46	2.33029
MGG_09819T0	894	895	0	0
MGG_00756T0	2440	2441	187.248	5.25385
MGG_01689T0	1409	1410	6474	314.472
MGG_14848T0	693	694	804	79.346
MGG_14115T0	2338	2339	887	25.973
MGG_08664T0	471	472	0	0
MGG_05969T0	3756	3757	1399.83	25.5189
MGG_02122T0	2114	2115	280	9.06726
MGG_07300T0	2038	2039	395	13.2681
MGG_14939T0	843	844	1967	159.621
MGG_02304T0	1065	1066	2932	188.38
MGG_03536T0	2383	2384	1946.95	55.9341
MGG_00383T0	2082	2083	11773	387.103
MGG_14688T0	1753	1754	648.231	25.3121
MGG_10725T0	567	568	1	0.120581
MGG_01699T0	3585	3586	1303	24.8864
MGG_01767T0	1762	1763	855.069	33.2183
MGG_02874T0	5132	5133	1874	25.005
MGG_11764T0	3857	3858	12410.4	220.32
MGG_11764T1	4018	4019	31973.6	544.881
MGG_02790T0	1907	1908	1438	51.6189
MGG_03755T0	1772	1773	18.167	0.701782
MGG_15593T0	162	163	0	0
MGG_12862T0	3539	3540	1159	22.4238
MGG_16161T0	3614	3615	1281	24.27
MGG_08329T0	2163	2164	344	10.8875
MGG_00365T0	2129	2130	5708	183.541
MGG_00287T0	1258	1259	868	47.2196
MGG_02583T0	2521	2522	96	2.60708
MGG_07692T0	747	748	0	0
MGG_07257T0	1407	1408	1514	73.6465
MGG_04742T0	1183	1184	77.0387	4.45642
MGG_14798T0	828	829	893	73.7778
MGG_10565T0	1622	1623	3880	163.735
MGG_00707T0	1628	1629	865	36.3684
MGG_05962T0	997	998	727	49.8922
MGG_01765T0	1312	1313	1766.96	92.1704
MGG_15880T0	204	205	0	0
MGG_17943T0	201	202	0	0
MGG_02283T0	456	457	1	0.149869
MGG_04857T0	1875	1876	280	10.2224
MGG_06168T0	2675	2676	2678	68.5414
MGG_11012T0	570	571	1	0.119948
MGG_09400T0	1530	1531	164	7.33664
MGG_03522T0	1730	1731	963	38.1029
MGG_01836T0	3885	3886	4165	73.4076
MGG_04162T0	1504	1505	155	7.05381
MGG_11440T0	2579	2580	1594	42.3153
MGG_10150T0	2195	2196	2817	87.8584
MGG_02741T0	2703	2704	3074	77.862
MGG_10757T0	1116	1117	0	0
MGG_00566T0	1092	1093	127	7.95815
MGG_10442T0	1284	1285	26	1.38579
MGG_10573T0	1473	1474	7	0.325259
MGG_04908T0	2679	2680	682	17.4292
MGG_00922T0	1712	1713	14961	598.18
MGG_16504T0	168	169	73	29.5845
MGG_00202T0	1703	1704	778.068	31.2735
MGG_03266T0	1357	1358	1025.29	51.71
MGG_00116T0	1448	1449	173	8.17723
MGG_04121T0	1746	1747	3953	154.975
MGG_09550T0	1391	1392	1997	98.2579
MGG_08732T0	3002	3003	3165	72.185
MGG_06938T0	1588	1589	445.524	19.2033
MGG_01136T0	1097	1098	506	31.5629
MGG_17442T0	2106	2107	1763	57.3082
MGG_11274T0	1735	1736	257	10.1394
MGG_15082T0	1318	1319	16.0026	0.83095
MGG_13919T0	2649	2650	84.066	2.17272
MGG_04571T0	2749	2750	85	2.11697
MGG_07033T0	3529	3530	9624	186.728
MGG_17278T0	1929	1930	2121	75.2683
MGG_02021T0	903	904	0	0
MGG_06419T0	2406	2407	4337	123.408
MGG_01208T0	1090	1091	4366	274.086
MGG_17993T0	300	301	0	0
MGG_00177T0	1427	1428	1123	53.8617
MGG_13065T0	3625	3626	3198	60.4059
MGG_17629T0	366	367	14	2.61271
MGG_07953T0	3288	3289	130	2.70712
MGG_03907T0	2152	2153	1935	61.5553
MGG_04927T0	2629	2630	3204.95	83.4631
MGG_17889T0	1080	1081	550	34.847
MGG_08827T0	3375	3376	2857	57.9611
MGG_17921T0	441	442	30	4.64866
MGG_08970T0	4906	4907	668	9.32372
MGG_05295T0	2706	2707	2581	65.3023
MGG_17105T0	228	229	9	2.69176
MGG_06497T0	4145	4146	1961	32.3949
MGG_05766T0	864	865	178	14.0939
MGG_11067T0	819	820	0	0
MGG_05499T0	1511	1512	67	3.03495
MGG_14990T0	1067	1068	170	10.902
MGG_07016T0	1394	1395	1911	93.8243
MGG_08621T0	762	763	285.24	25.6044
MGG_02709T0	947	948	5197	375.468
MGG_04590T0	2954	2955	168	3.89386
MGG_07628T0	2509	2510	8609	234.913
MGG_02623T0	1059	1060	1151	74.3701
MGG_04929T0	2250	2251	3691	112.305
MGG_18017T0	2121	2122	4011	129.46
MGG_12982T0	837	838	1	0.0817306
MGG_02340T0	1218	1219	152	8.54021
MGG_04569T0	1805	1806	38459	1458.51
MGG_16955T0	261	262	0	0
MGG_13763T0	1484	1485	561	25.8741
MGG_17887T0	549	550	534	66.4978
MGG_10574T0	525	526	70	9.11467
MGG_17143T0	195	196	14	4.89216
MGG_01125T0	2627	2628	7022	183.005
MGG_15385T0	402	403	1	0.169951
MGG_06942T0	462	463	148	21.8932
MGG_17603T0	480	481	14	1.99348
MGG_15767T0	642	643	1267	134.957
MGG_17606T0	738	739	8	0.741437
MGG_06673T0	6852	6853	1985	19.8385
MGG_05677T0	1269	1270	2822	152.189
MGG_15023T0	3583	3584	1828	34.9331
MGG_07816T0	1389	1390	81.0152	3.9919
MGG_05257T0	3771	3772	4816	87.4467
MGG_02409T0	1865	1866	5148	188.954
MGG_15668T0	2949	2950	1130	26.2352
MGG_09016T0	3006	3007	170	3.87208
MGG_00823T0	426	427	0	0
MGG_05727T0	4863	4864	3363	47.3546
MGG_16089T0	252	253	1	0.270712
MGG_01231T0	1189	1190	276	15.8851
MGG_13781T0	2010	2011	10989	374.261
MGG_08954T0	2513	2514	1.97557e-06	5.38215e-08
MGG_08954T1	2426	2427	20	0.564402
MGG_03061T0	2337	2338	905	26.5114
MGG_04171T0	2257	2258	383	11.6173
MGG_16512T0	369	370	277	51.2751
MGG_03974T0	1765	1766	572	22.1837
MGG_07306T0	2259	2260	1795	54.3982
MGG_04968T0	2189	2190	490	15.3243
MGG_01129T0	2252	2253	785	23.8637
MGG_07145T0	3417	3418	4120	82.557
MGG_08944T0	488	489	15	2.10093
MGG_00494T0	3293	3294	1402	29.151
MGG_03341T0	3189	3190	188	4.03641
MGG_11632T0	1791	1792	10	0.3822
MGG_04985T0	4280	4281	2604	41.6605
MGG_16829T0	659	660	21	2.17923
MGG_16055T0	665	666	9	0.925544
MGG_07851T0	1672	1673	24	0.982526
MGG_03071T0	1936	1937	366.934	12.9744
MGG_06984T0	3932	3933	1471.46	25.6244
MGG_02969T0	441	442	345	53.4596
MGG_06464T0	1401	1402	6	0.293111
MGG_03113T0	727	728	45	4.2336
MGG_11457T0	1927	1928	3003.71	106.704
MGG_11457T1	1075	1076	288.286	18.3502
MGG_00104T0	889	890	1954.36	150.398
MGG_09233T0	1575	1576	93	4.04162
MGG_01150T0	4411	4412	6245	96.945
MGG_07098T0	3908	3909	1001.88	17.554
MGG_10592T0	1290	1291	85	4.50943
MGG_02860T0	954	955	415	29.7628
MGG_18128T0	279	280	3	0.733824
MGG_00481T0	1813	1814	2060.51	77.7975
MGG_03333T0	2167	2168	1054	33.2974
MGG_05414T0	477	478	1	0.143285
MGG_01603T0	1753	1754	220	8.59057
MGG_03358T0	2730	2731	50	1.25394
MGG_07344T0	783	784	396	34.5946
MGG_00917T0	1495	1496	1740	79.6611
MGG_04191T0	2787	2788	12240	300.689
MGG_17670T0	297	298	3	0.689499
MGG_15926T0	432	433	0	0
MGG_09001T0	360	361	17	3.2253
MGG_13331T0	1074	1075	4	0.254847
MGG_05626T0	4952	4953	6115	84.5584
MGG_14597T0	2307	2308	374	11.0985
MGG_11009T0	1047	1048	3110	203.249
MGG_11553T0	2814	2815	1150	27.98
MGG_08262T0	3199	3200	2290	49.0133
MGG_04988T0	4220	4221	1519	24.6474
MGG_16620T0	579	580	4	0.472346
MGG_03920T0	1742	1743	2256	88.6483
MGG_13279T0	4408	4409	970.29	15.0727
MGG_14183T0	888	889	53	4.08322
MGG_17792T0	458	459	2	0.298432
MGG_16994T0	252	253	0	0
MGG_00979T0	2841	2842	2702	65.1163
MGG_07985T0	3654	3655	27.3566	0.51263
MGG_15637T0	893	894	903.367	69.2078
MGG_01960T0	1806	1807	0	0
MGG_17480T0	669	670	3	0.306673
MGG_08783T0	2527	2528	621.533	16.839
MGG_07847T0	618	619	13	1.43841
MGG_10127T0	4000	4001	2995.92	51.285
MGG_07586T0	501	502	1	0.136435
MGG_14648T0	327	328	1	0.208812
MGG_08092T0	4846	4847	2963	41.8685
MGG_15541T0	231	232	0	0
MGG_06468T0	1158	1159	1273.82	75.2751
MGG_02738T0	884	885	985.483	76.2667
MGG_18066T0	516	517	0	0
MGG_05705T0	723	724	3	0.283799
MGG_17880T0	391	392	3	0.52416
MGG_00388T0	4022	4023	336	5.72029
MGG_07350T0	609	610	4	0.449116
MGG_02079T0	756	757	0	0
MGG_10557T0	597	598	4	0.458129
MGG_00822T0	912	913	41	3.07568
MGG_09863T0	1701	1702	9687	389.815
MGG_16574T0	1458	1459	4	0.187773
MGG_05483T0	1574	1575	59767	2599.02
MGG_00687T0	2441	2442	2306	64.6759
MGG_00962T0	651	652	0	0
MGG_00692T0	3976	3977	11327	195.069
MGG_10837T0	3490	3491	3159.75	61.9914
MGG_10485T0	2489	2490	222	6.10636
MGG_10658T0	1784	1785	151	5.79385
MGG_09899T0	1582	1583	554.608	23.9957
MGG_06004T0	1270	1271	3286.11	177.078
MGG_05702T0	1375	1376	1494.96	74.4113
MGG_18061T0	321	322	2	0.425405
MGG_00736T0	5640	5641	708	8.59619
MGG_03430T0	1452	1453	48	2.26258
MGG_04965T0	2816	2817	1153	28.0331
MGG_08829T0	2921	2922	9383	219.933
MGG_00905T0	1811	1812	2772.78	104.806
MGG_03680T0	1178	1179	12460	723.824
MGG_10106T0	1496	1497	5	0.228758
MGG_15954T0	2104	2105	2727	88.7282
MGG_16933T0	150	151	0	0
MGG_04761T0	1745	1746	1353	53.074
MGG_08567T0	267	268	16	4.08897
MGG_16185T0	443	444	87	13.4204
MGG_00042T0	1839	1840	7	0.260561
MGG_02509T0	1242	1243	36.9185	2.03424
MGG_10781T0	588	589	0	0
MGG_10801T0	1221	1222	8	0.448381
MGG_10288T0	2076	2077	49.0763	1.61832
MGG_02382T0	630	631	1	0.108542
MGG_03628T0	2182	2183	1324	41.5397
MGG_02781T0	4800	4801	3182	45.3939
MGG_09733T0	969	970	295	20.8295
MGG_06586T0	1494	1495	22658.5	1038.05
MGG_07900T0	426	427	1	0.160399
MGG_04305T0	1143	1144	0	0
MGG_03139T0	2525	2526	1270	34.4349
MGG_02485T0	2423	2424	1701	48.0618
MGG_14843T0	1554	1555	286	12.5969
MGG_16008T0	543	544	0	0
MGG_11062T0	2425	2426	342	9.65526
MGG_05870T0	762	763	83	7.45044
MGG_17153T0	1981	1982	8201	283.395
MGG_06619T0	1620	1621	54.8812	2.31883
MGG_08818T0	369	370	3	0.555326
MGG_14763T0	3105	3106	3299	72.7461
MGG_10639T0	2626	2627	550	14.3394
MGG_03904T0	907	908	152	11.4653
MGG_07328T0	858	859	2438	194.388
MGG_00583T0	3876	3877	4677	82.6229
MGG_02484T0	1747	1748	464.302	18.1923
MGG_03827T0	1044	1045	239	15.6643
MGG_16912T0	657	658	0	0
MGG_00085T0	2167	2168	3862	122.006
MGG_17370T0	249	250	4	1.09584
MGG_16764T0	879	880	320	24.9055
MGG_08441T0	639	640	2542	272.035
MGG_02526T0	4460	4461	6189	95.0204
MGG_02255T0	645	646	12	1.27226
MGG_05264T0	3116	3117	5800	127.444
MGG_01104T0	1163	1164	2525	148.572
MGG_15368T0	2121	2122	441.324	14.2443
MGG_01684T0	1936	1937	156.188	5.52264
MGG_09371T0	2116	2117	2878	93.1105
MGG_03965T0	548	549	8067	1006.39
MGG_06393T0	3957	3958	2332	40.3535
MGG_00391T0	1087	1088	100	6.29506
MGG_06672T0	1913	1914	4514	161.528
MGG_03258T0	1107	1108	59	3.64704
MGG_09299T0	4087	4088	1278.7	21.4233
MGG_08028T0	735	736	96	8.93351
MGG_02055T0	2161	2162	121	3.83317
MGG_02105T0	1375	1376	18772	934.374
MGG_03072T0	698	699	355.066	34.7905
MGG_17962T0	2256	2257	5989	181.74
MGG_11119T0	3765	3766	846	15.3858
MGG_15552T0	174	175	2	0.782746
MGG_09214T0	4516	4517	2004	30.3862
MGG_01174T0	2279	2280	1925	57.8262
MGG_16516T0	367	368	18	3.35007
MGG_05168T0	1840	1841	1612.22	59.9791
MGG_04165T0	4682	4683	3806	55.6639
MGG_15059T0	228	229	2	0.598168
MGG_11443T0	3310	3311	758	15.6797
MGG_11430T0	4516	4517	1564	23.7146
MGG_00880T0	1874	1875	638.789	23.3338
MGG_06358T0	3076	3077	3167	70.4935
MGG_07560T0	1463	1464	320	14.9705
MGG_01255T0	1541	1542	40631	1804.69
MGG_05676T0	1983	1984	4281	147.786
MGG_17476T0	759	760	712	64.1645
MGG_05348T0	1496	1497	251.924	11.5259
MGG_15594T0	321	322	22	4.67946
MGG_17576T0	261	262	0	0
MGG_16044T0	1239	1240	23	1.27038
MGG_09285T0	2116	2117	5000	161.762
MGG_03224T0	1280	1281	4314	230.653
MGG_15107T0	552	553	0	0
MGG_10487T0	1741	1742	261	10.2617
MGG_00871T0	3103	3104	12446.6	274.637
MGG_09238T0	1720	1721	1918	76.3302
MGG_07065T0	3350	3351	564	11.5275
MGG_06039T0	5249	5250	3960.31	51.6653
MGG_08355T0	461	462	513	76.0508
MGG_00936T0	321	322	1	0.212703
MGG_09811T0	2906	2907	1402	33.0318
MGG_01655T0	3409	3410	1779	35.7314
MGG_04484T0	1106	1107	14665.3	907.345
MGG_16375T0	1287	1288	7630	405.73
MGG_15504T0	258	259	20	5.28882
MGG_01974T0	1394	1395	220	10.8013
MGG_17021T0	339	340	0	0
MGG_16064T0	675	676	147.65	14.9594
MGG_05340T0	2549	2550	462.578	12.4243
MGG_05763T0	650	651	145	15.2551
MGG_08239T0	1236	1237	0	0
MGG_07811T0	507	508	0.124451	0.0167789
MGG_17182T0	183	184	1	0.37223
MGG_17794T0	883	884	63	4.88109
MGG_02951T0	1636	1637	490	20.501
MGG_04361T0	1323	1324	149	7.70774
MGG_03438T0	2139	2140	1031	32.9969
MGG_04804T0	2745	2746	846.76	21.1197
MGG_10140T0	1411	1412	2349.04	113.942
MGG_08770T0	1679	1680	165	6.72672
MGG_04039T0	813	814	617.38	51.9466
MGG_07899T0	153	154	0	0
MGG_14988T0	2436	2437	20	0.562086
MGG_15800T0	939	940	185.753	13.5343
MGG_13764T0	1890	1891	1916	69.3957
MGG_07303T0	1048	1049	6	0.391746
MGG_15067T0	3162	3163	136	2.94489
MGG_09114T0	1713	1714	1417	56.6223
MGG_03325T0	1459	1460	35	1.64189
MGG_03016T0	1044	1045	309	20.2521
MGG_03196T0	3674	3675	4094	76.2991
MGG_01806T0	1503	1504	67.6701	3.08161
MGG_12994T0	795	796	2401	206.589
MGG_11877T0	1275	1276	1110	59.5801
MGG_10507T0	3267	3268	2085	43.6971
MGG_09022T0	1595	1596	308	13.2174
MGG_02985T0	1902	1903	700	25.1935
MGG_17045T0	228	229	0	0
MGG_16015T0	1002	1003	269	18.3688
MGG_07665T0	1652	1653	161	6.67086
MGG_06470T0	3141	3142	1637	35.6838
MGG_05266T0	2586	2587	8588	227.365
MGG_09895T0	1791	1792	837	31.9901
MGG_05481T0	2172	2173	1345	42.3927
MGG_17691T0	168	169	4	1.62107
MGG_07853T0	1713	1714	1	0.0399593
MGG_12415T0	783	784	14	1.22304
MGG_03690T0	2624	2625	2981	77.7788
MGG_01240T0	2628	2629	12642.8	329.369
MGG_17232T0	300	301	0	0
MGG_08469T0	557	558	0	0
MGG_05327T0	766	767	178	15.8947
MGG_03109T1	3058	3059	1081.46	24.2136
MGG_03109T0	3130	3131	1737.54	38.0085
MGG_03633T0	3683	3684	412	7.6596
MGG_08652T0	984	985	490.501	34.1061
MGG_07413T0	537	538	78	9.92981
MGG_16503T0	631	632	3	0.325112
MGG_14203T0	1818	1819	1090	41.0414
MGG_05167T0	1451	1452	1590	74.9996
MGG_16635T0	776	777	31	2.73256
MGG_17453T0	2115	2116	1178.71	38.1523
MGG_02100T0	879	880	13	1.01179
MGG_11390T0	1847	1848	678.14	25.1331
MGG_09571T0	2583	2584	5317	140.93
MGG_08940T0	873	874	0	0
MGG_06269T0	1115	1116	17981	1103.52
MGG_15031T0	474	475	0	0
MGG_14348T0	2667	2668	1807	46.3875
MGG_00078T0	1285	1286	138	7.34965
MGG_15698T0	153	154	1	0.444742
MGG_06204T0	2600	2601	2942	77.4695
MGG_02915T0	1548	1549	150	6.63237
MGG_00660T0	4098	4099	2515.66	42.0343
MGG_01486T0	4020	4021	60	1.02199
MGG_16798T0	204	205	16	5.34558
MGG_12536T0	1842	1843	880	32.7029
MGG_09894T0	618	619	10090	1116.42
MGG_14295T0	1224	1225	0	0
MGG_04534T0	4234	4235	90	1.45552
MGG_17888T0	760	761	1362	122.58
MGG_09505T0	3358	3359	4216	85.9645
MGG_00348T0	2387	2388	1748	50.1344
MGG_10661T0	1436	1437	286	13.6313
MGG_08681T0	1689	1690	430.91	17.4634
MGG_07268T0	2152	2153	3575.8	113.752
MGG_15425T0	465	466	16	2.3516
MGG_13245T0	1347	1348	1115	56.6518
MGG_10817T0	1291	1292	10	0.53011
MGG_18020T0	408	409	0	0
MGG_12899T0	4241	4242	560.336	9.04704
MGG_17617T0	1949	1950	1674	58.7962
MGG_12491T0	345	346	6	1.18769
MGG_17097T0	1951	1952	111	3.89468
MGG_04619T0	1352	1353	715.545	36.2216
MGG_08730T0	2583	2584	385	10.2046
MGG_04116T0	5004	5005	1787.29	24.4579
MGG_15402T0	3363	3364	538.818	10.9702
MGG_14754T0	2498	2499	408	11.1821
MGG_00909T0	3238	3239	1737	36.7297
MGG_09915T0	4034	4035	985	16.7194
MGG_17539T0	2338	2339	854	25.0067
MGG_17816T0	1795	1796	512	19.5251
MGG_17765T0	1218	1219	0	0
MGG_07051T0	3406	3407	1371.88	27.5786
MGG_04237T0	1609	1610	2238	95.2057
MGG_01574T0	1661	1662	630	25.962
MGG_15937T0	660	661	12	1.24339
MGG_01941T0	2222	2223	438	13.4947
MGG_14195T0	417	418	14	2.29393
MGG_17397T0	372	373	9	1.65258
MGG_09932T0	2199	2200	1970	61.3299
MGG_00171T0	2063	2064	2227	73.8991
MGG_04405T0	3507	3508	1993	38.9114
MGG_10469T0	2655	2656	149	3.84226
MGG_08193T0	687	688	17	1.69235
MGG_18026T0	195	196	0	0
MGG_06460T0	1287	1288	1929.01	102.576
MGG_02297T0	2106	2107	2457	79.8673
MGG_04953T0	294	295	1116	259.102
MGG_16205T0	462	463	1	0.147927
MGG_02395T0	6972	6973	1320	12.9653
MGG_05022T0	966	967	604	42.7798
MGG_15334T0	4053	4054	512.81	8.66366
MGG_06851T0	1680	1681	1283	52.2742
MGG_14129T0	945	946	1362	98.6086
MGG_04567T0	3156	3157	2336	50.6789
MGG_08998T0	639	640	571	61.1061
MGG_06668T0	1571	1572	5631	245.336
MGG_04883T0	938	939	1469	107.148
MGG_07984T0	453	454	0	0
MGG_02625T0	477	478	25478	3650.62
MGG_17831T0	165	166	1	0.412592
MGG_11148T0	1659	1660	2442	100.755
MGG_04073T0	2096	2097	394	12.8685
MGG_13063T0	1880	1881	1942	70.7113
MGG_08639T0	1263	1264	961.967	52.1245
MGG_00077T0	1959	1960	2953	103.19
MGG_02867T0	3127	3128	1972.61	43.1919
MGG_17215T0	1626	1627	2	0.084192
MGG_09321T0	1731	1732	2897.51	114.579
MGG_02610T0	1044	1045	5007	328.163
MGG_11155T0	558	559	612	74.9839
MGG_14721T0	515	516	11	1.46006
MGG_08566T0	1146	1147	136	8.1209
MGG_17550T0	228	229	0	0
MGG_12396T0	2020	2021	3548	120.239
MGG_00570T0	1029	1030	76	5.05365
MGG_04457T0	879	880	825.679	64.2625
MGG_03443T0	2478	2479	3	0.0828845
MGG_10496T0	1091	1092	914	57.3261
MGG_01082T0	2545	2546	343.26	9.23407
MGG_01082T1	1829	1830	1499.74	56.1298
MGG_10456T0	1144	1145	623	37.2659
MGG_17210T0	2820	2821	841.822	20.4384
MGG_16105T1	457	458	0	0
MGG_16105T0	480	481	17	2.42065
MGG_07602T0	1190	1191	341	19.6097
MGG_01028T0	1590	1591	3776	162.551
MGG_11241T0	2630	2631	3199	83.2764
MGG_02911T0	1707	1708	1193.3	47.851
MGG_04469T0	2851	2852	3777.99	90.7278
MGG_15678T0	282	283	0	0
MGG_06529T0	3246	3247	617.855	13.0327
MGG_06529T1	3339	3340	2188.14	44.8702
MGG_00982T0	3671	3672	3558	66.3639
MGG_00169T0	1550	1551	505	22.3002
MGG_00534T0	1702	1703	1117	44.9228
MGG_04271T0	489	490	0	0
MGG_11370T0	1982	1983	2440	84.2744
MGG_04118T0	6363	6364	2552	27.465
MGG_06097T0	1347	1348	1639.48	83.3001
MGG_14813T0	3082	3083	6559	145.711
MGG_17326T0	156	157	0	0
MGG_18094T0	234	235	0	0
MGG_00953T0	1619	1620	426.866	18.047
MGG_01557T0	1185	1186	2783.77	160.76
MGG_07794T0	2857	2858	89	2.13283
MGG_01866T0	1676	1677	79	3.22643
MGG_02996T0	2258	2259	930	28.1965
MGG_18050T0	339	340	0	0
MGG_05303T0	3288	3289	1393.69	29.0222
MGG_07319T0	4211	4212	4258	69.2382
MGG_14886T0	2185	2186	6252	195.883
MGG_00270T0	1342	1343	42695.3	2177.37
MGG_17719T0	605	606	6.67764	0.754708
MGG_10008T0	1092	1093	22	1.37858
MGG_05639T0	2844	2845	65	1.5648
MGG_05639T1	2375	2376	0	0
MGG_11342T0	3085	3086	1793	39.7936
MGG_05956T0	2160	2161	4403	139.548
MGG_04625T0	4550	4551	2106.3	31.6987
MGG_07887T0	2183	2184	44	1.37984
MGG_13027T0	339	340	0	0
MGG_09210T0	2579	2580	2009	53.3321
MGG_01530T0	1761	1762	25	0.971768
MGG_02537T0	2972	2973	696	16.034
MGG_11454T0	3029	3030	4968	112.297
MGG_10164T0	2876	2877	971	23.1158
MGG_05109T0	1164	1165	875	51.4412
MGG_17249T0	438	439	0	0
MGG_17565T0	345	346	0	0
MGG_03151T0	1321	1322	1267	65.6408
MGG_10572T0	1381	1382	355	17.5934
MGG_09796T0	2659	2660	493	12.6939
MGG_01980T0	1071	1072	14	0.894462
MGG_10012T0	1443	1444	10	0.474309
MGG_16997T0	3805	3806	897.345	16.148
MGG_09757T0	3135	3136	449.282	9.81231
MGG_03379T0	2169	2170	169	5.33403
MGG_15227T0	183	184	256	95.2908
MGG_10153T0	2632	2633	4592	119.448
MGG_05734T0	1768	1769	1789.36	69.2784
MGG_03869T0	2115	2116	1715	55.5108
MGG_02632T0	2113	2114	2227.94	72.1819
MGG_02632T1	2101	2102	3477.61	113.312
MGG_01504T0	1248	1249	1341	73.5351
MGG_03567T0	2613	2614	535.164	14.022
MGG_01157T0	7372	7373	1961.14	18.2176
MGG_06098T0	2636	2637	1523	39.5566
MGG_15526T0	174	175	11	4.3051
MGG_04941T0	1070	1071	6834	437.033
MGG_03773T0	1180	1181	2448	141.968
MGG_04573T0	675	676	2	0.202634
MGG_15049T0	1938	1939	132	4.66256
MGG_02569T0	5475	5476	1028	12.8576
MGG_04838T0	3379	3380	58	1.17528
MGG_03246T0	1121	1122	201.245	12.2846
MGG_06134T0	2826	2827	2200	53.2998
MGG_15677T0	981	982	224	15.623
MGG_15081T0	2676	2677	576	14.7368
MGG_08463T0	3276	3277	1438	30.0546
MGG_00703T0	969	970	27	1.90643
MGG_14574T0	2485	2486	844	23.2525
MGG_03118T0	3566	3567	512.339	9.83746
MGG_01629T0	1752	1753	465.671	18.1939
MGG_10773T0	845	846	107	8.66248
MGG_12974T0	566	567	699	84.435
MGG_04145T0	3927	3928	820	14.2979
MGG_03023T0	1532	1533	1326	59.242
MGG_03448T0	2060	2061	1367	45.4275
MGG_15548T0	387	388	0	0
MGG_09134T0	933	934	11	0.80663
MGG_08741T0	1248	1249	3507	192.31
MGG_01512T0	2272	2273	338	10.1846
MGG_04520T0	3211	3212	837	17.8475
MGG_17166T0	1048	1049	91	5.94148
MGG_06848T0	3632	3633	1544	29.1079
MGG_05008T0	1832	1833	193	7.21146
MGG_12471T0	1559	1560	3.00277	0.131833
MGG_18123T0	153	154	0	0
MGG_03219T0	2190	2191	1150	35.9488
MGG_10486T0	2732	2733	504	12.6305
MGG_04998T0	1301	1302	672.521	35.3772
MGG_12930T0	658	659	48	4.98867
MGG_02813T0	1957	1958	74656	2611.44
MGG_07362T0	860	861	0	0
MGG_15200T0	321	322	4	0.85081
MGG_06158T0	2175	2176	1864	58.6699
MGG_17803T0	1441	1442	1151	54.6687
MGG_07986T0	342	343	2479	495.007
MGG_00446T0	1056	1057	1540	99.7871
MGG_05016T0	300	301	19	4.3233
MGG_17677T0	2475	2476	203.702	5.63473
MGG_17001T0	2405	2406	3337	94.9925
MGG_17506T0	806	807	36	3.05533
MGG_07724T0	2564	2565	17	0.453931
MGG_07170T0	2119	2120	6282	202.951
MGG_09848T0	555	556	52	6.40556
MGG_00395T0	1740	1741	106.726	4.19855
MGG_17607T0	598	599	8	0.914728
MGG_05625T0	2333	2334	300.75	8.82537
MGG_05625T1	2090	2091	1867.25	61.1614
MGG_06382T0	954	955	56	4.01618
MGG_00175T0	1996	1997	18593	637.676
MGG_15604T0	407	408	8	1.34295
MGG_02690T0	3639	3640	6366	119.783
MGG_02947T0	1578	1579	65	2.81942
MGG_12737T0	2226	2227	25	0.768862
MGG_01495T0	499	500	7	0.958863
MGG_06703T0	1452	1453	3620	170.636
MGG_07127T0	3343	3344	2061.5	42.2227
MGG_12814T0	3182	3183	7254	156.088
MGG_01425T0	1815	1816	5452	205.622
MGG_10313T0	528	529	235	30.4257
MGG_08485T0	354	355	0	0
MGG_06442T0	2333	2334	195	5.72219
MGG_09256T0	2191	2192	789	24.6527
MGG_01403T0	852	853	44	3.53291
MGG_03982T0	1762	1763	25831.3	1003.51
MGG_08197T0	1381	1382	0	0
MGG_08056T0	2752	2753	305	7.58791
MGG_01680T0	1882	1883	1228	44.666
MGG_07197T0	2748	2749	10323	257.193
MGG_03336T0	860	861	1011	80.4223
MGG_09693T0	309	310	49	10.8259
MGG_08795T0	3567	3568	1602	30.7515
MGG_16530T0	897	898	32	2.44063
MGG_03102T0	5571	5572	835.059	10.2644
MGG_05000T0	1260	1261	0	0
MGG_09749T0	2015	2016	2833	96.2464
MGG_15156T0	8640	8641	4040	32.0218
MGG_06337T0	4187	4188	362	5.92012
MGG_01182T0	1331	1332	174	8.94692
MGG_00878T0	1099	1100	5657	352.227
MGG_13691T0	2013	2014	0	0
MGG_03279T0	2771	2772	86	2.12488
MGG_15117T0	309	310	31	6.84902
MGG_11271T0	1343	1344	54	2.75184
MGG_16048T0	186	187	1	0.366258
MGG_14896T0	354	355	4	0.771721
MGG_11467T0	1306	1307	710	37.2059
MGG_00859T0	3164	3165	3256	70.4595
MGG_07676T0	894	895	483	36.9618
MGG_07312T0	4955	4956	4071	56.2598
MGG_14905T0	1170	1171	341	19.9446
MGG_06660T0	1569	1570	5200.14	226.853
MGG_02169T0	1653	1654	226	9.3584
MGG_02635T0	672	673	8	0.814148
MGG_09732T0	2237	2238	1386	42.4162
MGG_01450T0	930	931	2223.94	163.607
MGG_11888T0	5050	5051	1895	25.6957
MGG_04103T0	1473	1474	708.477	32.9198
MGG_02067T0	857	858	0	0
MGG_04982T0	6626	6627	3741	38.6633
MGG_15983T0	657	658	19	1.97768
MGG_17345T0	303	304	513	115.577
MGG_09217T0	1987	1988	994.1	34.2486
MGG_08537T1	1015	1016	1	0.0674116
MGG_08537T0	1126	1127	0	0
MGG_03823T0	1631	1632	618	25.9356
MGG_09907T0	3433	3434	1822	36.3393
MGG_09357T0	1413	1414	0	0
MGG_12880T0	2955	2956	48	1.11216
MGG_10524T0	940	941	1868	135.961
MGG_17842T1	1737	1738	838.751	33.0531
MGG_17842T0	1721	1722	111.438	4.4323
MGG_17842T2	1668	1669	377.721	15.5004
MGG_16110T0	189	190	0	0
MGG_12350T0	764	765	23	2.05918
MGG_17301T0	249	250	2	0.547922
MGG_10080T0	744	745	0	0
MGG_00653T0	1077	1078	124	7.87828
MGG_12798T0	2549	2550	568	15.2559
MGG_03813T0	1203	1204	0	0
MGG_09898T0	8078	8079	714	6.05298
MGG_16432T0	2183	2184	340	10.6624
MGG_15847T0	548	549	2	0.249509
MGG_07433T0	1389	1390	926	45.6273
MGG_06305T0	2939	2940	827.368	19.2744
MGG_05292T0	1410	1411	1833.32	88.9899
MGG_05864T0	2871	2872	2418	57.6634
MGG_02584T0	654	655	0	0
MGG_04323T0	1115	1116	387	23.7506
MGG_17640T0	354	355	0	0
MGG_17722T0	4577	4578	48	0.718115
MGG_09337T0	2598	2599	8813.99	232.271
MGG_16904T0	4433	4434	4116	63.5782
MGG_07394T0	936	937	451	32.9659
MGG_02434T0	1258	1259	1233.29	67.0915
MGG_07807T0	654	655	40	4.18261
MGG_06081T1	3580	3581	507.757	9.71137
MGG_06081T0	1861	1862	137.084	5.04236
MGG_14358T0	1782	1783	82.7204	3.17753
MGG_15996T0	647	648	0	0
MGG_03697T0	999	1000	818	56.025
MGG_17809T0	317	318	6.00554	1.29346
MGG_12290T0	782	783	1	0.0874716
MGG_07183T0	2463	2464	1559	43.3345
MGG_07488T0	1741	1742	74	2.90946
MGG_00886T0	3255	3256	1060	22.2972
MGG_13677T0	1404	1405	0	0
MGG_04483T0	2260	2261	1729	52.3749
MGG_14658T0	1269	1270	767	41.3638
MGG_15875T0	165	166	26	10.7274
MGG_02226T0	4050	4051	1695.75	28.67
MGG_02447T0	5670	5671	932	11.256
MGG_04944T0	1571	1572	6016	262.11
MGG_09920T0	3248	3249	1447	30.5033
MGG_07654T0	1818	1819	734	27.6371
MGG_09226T0	2028	2029	111	3.74688
MGG_04234T0	1867	1868	31	1.13662
MGG_14833T0	1062	1063	227.543	14.6608
MGG_03566T0	554	555	23	2.83833
MGG_07253T0	459	460	73	10.8691
MGG_02436T0	963	964	110	7.81528
MGG_17868T0	195	196	0	0
MGG_03546T0	2464	2465	734	20.3943
MGG_03899T0	4860	4861	1338	18.8521
MGG_13127T0	952	953	175	12.5769
MGG_16183T0	2868	2869	561	13.3925
MGG_06271T0	3113	3114	560.504	12.3279
MGG_09410T0	1465	1466	176	8.22257
MGG_05184T0	2172	2173	781	24.6161
MGG_16918T0	267	268	3.1303	0.799982
MGG_01188T0	1009	1010	1	0.0678121
MGG_00359T0	1390	1391	2130	104.877
MGG_16696T0	714	715	2	0.191581
MGG_12136T0	1254	1255	509	27.7781
MGG_09399T0	336	337	0	0
MGG_04078T0	2857	2858	427	10.2328
MGG_07883T0	901	902	933	70.8441
MGG_14398T0	384	385	65	11.5633
MGG_06188T0	2778	2779	971.577	23.9451
MGG_00505T0	1916	1917	12343	440.988
MGG_04428T0	3343	3344	5838	119.571
MGG_12102T0	1392	1393	170	8.35846
MGG_07388T0	2376	2377	103	2.96781
MGG_02089T0	2303	2304	28.2766	0.84057
MGG_17444T0	156	157	3	1.30873
MGG_04575T0	4451	4452	1542	23.7224
MGG_04677T0	1938	1939	6189	218.611
MGG_08869T0	1950	1951	505.488	17.7453
MGG_06141T0	1952	1953	1828	64.1066
MGG_17331T0	174	175	43	16.829
MGG_09692T0	2560	2561	1997	53.4069
MGG_09026T0	3440	3441	1665	33.1404
MGG_05808T0	2146	2147	73	2.32873
MGG_05680T0	1255	1256	222	12.1058
MGG_01421T0	2774	2775	1416	34.9485
MGG_00712T0	1311	1312	1167	60.9208
MGG_17826T0	162	163	0	0
MGG_05981T0	741	742	3967	366.174
MGG_04960T0	1099	1100	691	43.0243
MGG_02811T0	1218	1219	1932	108.551
MGG_05926T0	2139	2140	1140	36.4855
MGG_05433T0	2145	2146	458	14.6172
MGG_16111T0	162	163	3	1.26056
MGG_17666T0	1357	1358	28.7417	1.44958
MGG_07003T0	5024	5025	2148	29.277
MGG_01988T0	2210	2211	1437	44.514
MGG_17668T0	3161	3162	984.947	21.3344
MGG_09565T0	2488	2489	8755.96	240.939
MGG_09259T0	5766	5767	3978	47.2437
MGG_01910T0	875	876	0	0
MGG_06341T0	4700	4701	3322	48.3992
MGG_12644T0	6384	6385	4040	43.336
MGG_16047T0	876	877	71.3918	5.57542
MGG_05749T0	726	727	43	4.051
MGG_01376T0	4500	4501	445.167	6.77396
MGG_01376T1	4320	4321	1070.83	16.9733
MGG_03232T0	4405	4406	1135	17.6433
MGG_10605T0	2091	2092	973	31.8552
MGG_07636T0	2615	2616	877	22.961
MGG_08127T0	1815	1816	3	0.113145
MGG_06075T0	1117	1118	1358.75	83.2388
MGG_06075T1	1191	1192	15.2519	0.876348
MGG_11716T0	1236	1237	463	25.6354
MGG_15119T0	186	187	7	2.56381
MGG_03560T0	2999	3000	801	18.2869
MGG_13584T0	2202	2203	329	10.2285
MGG_17121T0	216	217	0	0
MGG_08101T0	3513	3514	2319	45.1989
MGG_02366T0	4777	4778	1136	16.284
MGG_06844T0	903	904	4314	326.844
MGG_16399T0	763	764	283.162	25.3846
MGG_02393T0	1327	1328	583	30.0676
MGG_03200T0	3422	3423	1292.91	25.8697
MGG_15021T0	1458	1459	647	30.3723
MGG_11458T0	1209	1210	3181	180.056
MGG_03306T0	783	784	25	2.184
MGG_03621T0	1651	1652	1422	58.9547
MGG_16137T0	366	367	4	0.746488
MGG_02696T0	1427	1428	16242	779.004
MGG_13219T0	3495	3496	2716	53.2092
MGG_09602T0	3081	3082	2026	45.0231
MGG_00688T0	3536	3537	208	4.0277
MGG_14620T0	3777	3778	1201	21.7726
MGG_15369T0	915	916	2	0.149542
MGG_05280T0	3543	3544	7839	151.494
MGG_16318T0	881	882	185	14.3659
MGG_15484T0	318	319	0	0
MGG_01675T0	1389	1390	2322.51	114.438
MGG_00632T0	2798	2799	2065	50.5296
MGG_14904T0	1533	1534	1275	56.9264
MGG_07973T0	798	799	277	23.7444
MGG_17050T0	309	310	0	0
MGG_03939T0	3768	3769	900.813	16.3696
MGG_00482T0	884	885	1087.49	84.1612
MGG_03662T0	2397	2398	2792	79.7434
MGG_08574T0	2517	2518	4661	126.78
MGG_17776T0	1233	1234	2	0.111005
MGG_01146T0	896	897	34	2.59606
MGG_05035T0	2053	2054	350.034	11.6718
MGG_08386T0	1305	1306	383	20.0856
MGG_17805T0	261	262	3	0.784239
MGG_03488T0	2107	2108	508	16.5052
MGG_13796T0	850	851	239	19.2352
MGG_12819T0	3325	3326	28	0.576586
MGG_08636T0	2834	2835	2432	58.7542
MGG_09927T0	1665	1666	19825	815.017
MGG_05810T0	2687	2688	892	22.7282
MGG_07607T0	792	793	17.8409	1.5409
MGG_09011T0	1912	1913	1501	53.7396
MGG_10780T0	444	445	0	0
MGG_09252T0	570	571	32	3.83833
MGG_06298T0	1645	1646	1560	64.9118
MGG_11166T0	327	328	3	0.626435
MGG_03973T0	2078	2079	908	29.913
MGG_15859T0	228	229	15	4.48626
MGG_12918T0	2441	2442	6546.49	183.608
MGG_16031T0	201	202	1	0.339061
MGG_06849T0	1826	1827	1690	63.3544
MGG_10689T0	1790	1791	1554	59.427
MGG_17155T0	431	432	12	1.90251
MGG_09950T0	3840	3841	484	8.63038
MGG_07714T0	3463	3464	762	15.0663
MGG_08295T0	2760	2761	4464	110.735
MGG_13774T0	1020	1021	279	18.7157
MGG_00099T0	1793	1794	162	6.18474
MGG_06440T0	3682	3683	2942	54.7104
MGG_02524T0	1084	1085	1769	111.667
MGG_16289T0	177	178	5	1.92388
MGG_09556T0	1222	1223	1476	82.6587
MGG_06524T0	4071	4072	3103.39	52.1984
MGG_13514T0	1848	1849	1793	66.4159
MGG_17248T0	309	310	1	0.220936
MGG_04049T0	1948	1949	287.451	10.1014
MGG_09219T0	1654	1655	1087	44.9842
MGG_07759T0	438	439	3	0.468043
MGG_12671T0	1223	1224	7259.38	406.206
MGG_01628T0	1558	1559	915	40.1979
MGG_12989T0	1694	1695	669	27.0324
MGG_09064T0	537	538	0	0
MGG_00397T0	2084	2085	707	23.2243
MGG_16886T0	1714	1715	894	35.7028
MGG_12632T0	1767	1768	2777	107.578
MGG_02168T0	1212	1213	897	50.6478
MGG_01299T0	8864	8865	2054	15.869
MGG_01189T0	1425	1426	617	29.6343
MGG_01068T0	4629	4630	1346.49	19.9182
MGG_18052T0	448	449	8	1.22032
MGG_10086T0	387	388	1	0.176521
MGG_06348T0	990	991	559	38.6337
MGG_09548T0	672	673	848.231	86.3232
MGG_04052T0	3146	3147	2876	62.5923
MGG_16534T0	1302	1303	50.0762	2.63218
MGG_00265T0	1481	1482	218	10.0748
MGG_03186T0	2929	2930	2528	59.0933
MGG_03193T0	1179	1180	21783	1264.34
MGG_13508T0	2921	2922	2401	56.2783
MGG_08766T0	1363	1364	8	0.401702
MGG_17101T0	300	301	7	1.5928
MGG_12750T0	5639	5640	910.163	11.0527
MGG_13471T0	2869	2870	932.329	22.2493
MGG_06937T0	2275	2276	1463	44.0251
MGG_18022T0	375	376	17	3.09663
MGG_16517T0	623	624	98	10.7565
MGG_11003T0	255	256	0	0
MGG_12317T0	864	865	8	0.633436
MGG_01925T0	3731	3732	3331	61.131
MGG_00242T0	1029	1030	4	0.265981
MGG_04595T0	752	753	1297.05	117.975
MGG_04595T1	850	851	431.953	34.7645
MGG_11897T0	450	451	2398	364.168
MGG_09783T0	1213	1214	2106.81	118.86
MGG_06199T0	1997	1998	1050	35.9934
MGG_05995T0	1048	1049	656	42.8309
MGG_07218T0	2277	2278	3357	100.931
MGG_02337T0	1451	1452	322	15.1886
MGG_05085T0	2439	2440	2985	83.7883
MGG_05480T0	1660	1661	7809	321.999
MGG_17410T0	768	769	9	0.801576
MGG_06522T0	2126	2127	1471	47.3668
MGG_05001T0	1416	1417	369	17.8355
MGG_08817T0	725	726	34202	3226.59
MGG_07929T0	360	361	28901	5483.2
MGG_01291T0	2949	2950	2530	58.7391
MGG_03332T0	2741	2742	5921	147.896
MGG_12721T0	3522	3523	75	1.45807
MGG_17402T0	552	553	40	4.95409
MGG_05119T0	744	745	12	1.1032
MGG_17644T0	1332	1333	173	8.88883
MGG_07574T0	774	775	74	6.53971
MGG_02406T0	2598	2599	1494	39.3707
MGG_01651T0	793	794	4590.69	395.992
MGG_09612T0	2004	2005	3616	123.522
MGG_16858T0	864	865	18	1.42523
MGG_15641T0	207	208	3	0.98784
MGG_01886T0	852	853	512	41.1102
MGG_11267T0	2800	2801	1145	27.9976
MGG_12937T0	300	301	26	5.9161
MGG_08527T0	1425	1426	478	22.9582
MGG_05192T0	342	343	27	5.39136
MGG_01281T0	1734	1735	1375	54.279
MGG_04028T0	270	271	842.392	212.899
MGG_14637T0	2006	2007	1978	67.5006
MGG_10556T0	252	253	0	0
MGG_02411T0	1491	1492	54.0516	2.48124
MGG_05371T0	2989	2990	640	14.6601
MGG_07966T0	2143	2144	41	1.30975
MGG_04296T0	1050	1051	34	2.21567
MGG_16039T0	845	846	1278.42	103.498
MGG_09244T0	3453	3454	3339	66.2099
MGG_06757T0	978	979	864	60.4449
MGG_13334T0	2626	2627	33	0.860365
MGG_02783T0	1660	1661	74	3.05134
MGG_05300T0	2379	2380	452.128	13.0111
MGG_08062T0	1159	1160	3059	180.613
MGG_04477T0	4700	4701	2080	30.3041
MGG_11004T0	324	325	0	0
MGG_16545T0	189	190	0	0
MGG_00222T0	2652	2653	747.116	19.2876
MGG_16244T0	201	202	60	20.3436
MGG_03098T0	984	985	529	36.7831
MGG_05153T0	3834	3835	617	11.0192
MGG_09322T0	2670	2671	172.486	4.42291
MGG_15538T0	468	469	0	0
MGG_10205T0	1269	1270	13	0.701081
MGG_17303T0	225	226	1	0.303054
MGG_06407T0	876	877	1048.3	81.8683
MGG_15764T0	189	190	21	7.56997
MGG_07471T0	1185	1186	3455	199.523
MGG_17114T0	210	211	68	22.0727
MGG_06908T0	2205	2206	255.341	7.92762
MGG_08736T0	1632	1633	327	13.7148
MGG_01287T0	2621	2622	1185	30.9538
MGG_04085T0	2374	2375	2302.88	66.4103
MGG_01237T0	3231	3232	2966	62.8534
MGG_05199T0	2671	2672	2243	57.4939
MGG_01676T0	1598	1599	1316.49	56.3896
MGG_02779T0	3745	3746	4439	81.1607
MGG_07852T0	525	526	0	0
MGG_01585T0	1017	1018	4877.4	328.147
MGG_08442T0	525	526	57	7.42195
MGG_16687T0	291	292	0	0
MGG_12441T0	1767	1768	5	0.193694
MGG_09196T0	1158	1159	6	0.354565
MGG_03288T0	2416	2417	20683	586.092
MGG_17022T0	417	418	0	0
MGG_10237T0	774	775	2	0.176749
MGG_15520T0	1566	1567	18	0.786742
MGG_14219T0	3147	3148	2275.55	49.5087
MGG_09254T0	1673	1674	1022.97	41.854
MGG_10503T0	1904	1905	10127	364.095
MGG_14687T0	381	382	6	1.07576
MGG_07974T0	1869	1870	1258	46.0752
MGG_04089T0	2060	2061	1575.65	52.3614
MGG_11387T0	4500	4501	719	10.9408
MGG_10392T0	1605	1606	27	1.15145
MGG_02942T0	1959	1960	1102	38.5083
MGG_16793T0	2012	2013	1117	38.0048
MGG_15841T0	342	343	5	0.9984
MGG_15423T0	2217	2218	2774	85.6591
MGG_10515T0	1379	1380	206	10.2239
MGG_11785T0	1035	1036	15456	1021.8
MGG_00742T1	1150	1151	621.616	36.9892
MGG_00742T0	1222	1223	220.384	12.3419
MGG_09205T0	2797	2798	2481	60.7306
MGG_00819T0	4650	4651	2820.42	41.5333
MGG_08597T0	1986	1987	3689	127.157
MGG_05376T0	4280	4281	3737	59.787
MGG_12630T0	2726	2727	1081	27.15
MGG_01813T0	4588	4589	1146	17.1039
MGG_10203T0	1469	1470	787.912	36.7104
MGG_15196T0	792	793	0	0
MGG_14803T0	1425	1426	257.329	12.3594
MGG_17788T0	366	367	0	0
MGG_09781T0	813	814	395	33.2354
MGG_01591T0	2319	2320	2010	59.3385
MGG_16936T0	735	736	36	3.35007
MGG_11574T0	1197	1198	397	22.6967
MGG_03377T0	1324	1325	669	34.5811
MGG_12130T0	3842	3843	1618.22	28.84
MGG_12130T1	3318	3319	3225.78	66.5666
MGG_02049T0	2139	2140	1374.99	44.0063
MGG_05173T0	911	912	942	70.7432
MGG_05804T0	3070	3071	1429.28	31.8762
MGG_14708T0	414	415	3	0.49511
MGG_03504T0	1507	1508	587	26.6603
MGG_07856T0	1774	1775	14	0.540205
MGG_07023T0	948	949	170	12.2691
MGG_01175T0	4369	4370	677	10.6105
MGG_03602T0	1879	1880	33.7285	1.22876
MGG_07624T0	555	556	2	0.246368
MGG_17391T0	408	409	5	0.837289
MGG_06727T0	1142	1143	1832	109.776
MGG_14996T0	648	649	58	6.12085
MGG_08454T0	1759	1760	275	10.7016
MGG_15646T0	237	238	747	214.967
MGG_06147T0	3019	3020	2685.26	60.8987
MGG_04366T0	4862	4863	2104	29.6326
MGG_11599T0	2644	2645	1584	41.0165
MGG_07467T0	2076	2077	2128.32	70.1824
MGG_12496T0	1641	1642	1	0.0417115
MGG_01562T0	1597	1598	1535.96	65.8311
MGG_14971T0	4037	4038	19392	328.916
MGG_16827T0	444	445	50	7.69553
MGG_07747T0	744	745	125	11.4916
MGG_04647T0	1727	1728	6258.17	248.046
MGG_02296T0	495	496	606	83.6796
MGG_10097T0	489	490	803	112.24
MGG_01383T0	1734	1735	788	31.1068
MGG_09427T0	1486	1487	100	4.60593
MGG_01202T0	2491	2492	1942	53.374
MGG_00573T0	924	925	788	58.3463
MGG_14800T0	2222	2223	844	26.0035
MGG_16408T0	1797	1798	295.631	11.2613
MGG_05715T0	4022	4023	381	6.4864
MGG_02550T0	1293	1294	1	0.0529291
MGG_04697T0	1334	1335	1818	93.2698
MGG_16130T0	171	172	8	3.18559
MGG_15783T0	627	628	0	0
MGG_16182T0	551	552	12	1.48892
MGG_06197T0	2537	2538	8856	238.987
MGG_14145T0	1866	1867	23	0.843747
MGG_10698T0	2352	2353	1555	45.2624
MGG_03380T0	849	850	24	1.93384
MGG_07199T0	2640	2641	258	6.69083
MGG_06366T0	1099	1100	2023.99	126.021
MGG_05440T0	1936	1937	1265.6	44.7501
MGG_03958T0	1930	1931	1727	61.2546
MGG_16712T0	780	781	31	2.71856
MGG_01041T0	1946	1947	11860.6	417.224
MGG_00864T0	2109	2110	2065	67.0295
MGG_17909T0	1591	1592	3404	146.445
MGG_02270T0	495	496	2	0.27617
MGG_00830T0	2395	2396	2280	65.1743
MGG_14693T0	1617	1618	1911	80.893
MGG_01163T0	1873	1874	27	0.986786
MGG_06144T0	528	529	865	111.993
MGG_07691T0	1569	1570	28	1.22148
MGG_02413T0	2260	2261	767.121	23.2376
MGG_01819T0	3223	3224	4285.99	91.0509
MGG_11773T0	3012	3013	1812	41.1896
MGG_09071T0	1903	1904	1782.07	64.1042
MGG_04203T0	2609	2610	1376	36.1083
MGG_05124T0	1380	1381	47	2.33095
MGG_14669T0	471	472	12	1.74128
MGG_15510T0	288	289	4	0.947962
MGG_14940T0	1287	1288	301	16.0059
MGG_02084T0	1380	1381	2665	132.17
MGG_11475T0	3855	3856	10167	180.586
MGG_17227T0	354	355	15	2.89395
MGG_06772T0	832	833	70	5.75548
MGG_01842T0	2019	2020	1319	44.7221
MGG_17134T0	767	768	56	4.99408
MGG_10969T1	2035	2036	2022.93	68.0505
MGG_10969T0	2184	2185	1974.07	61.8785
MGG_03605T0	1083	1084	579	36.5829
MGG_06112T0	2145	2146	514.481	16.4198
MGG_00542T0	1597	1598	52	2.22872
MGG_17562T0	153	154	0	0
MGG_12548T0	1294	1295	1020	53.946
MGG_00354T0	4481	4482	3581	54.7219
MGG_04382T0	486	487	373	52.4576
MGG_17652T0	1854	1855	1040.92	38.4327
MGG_13654T0	853	854	51	4.09017
MGG_13655T0	2448	2449	607	16.9757
MGG_04538T0	1755	1756	1400	54.605
MGG_03307T0	1327	1328	34060	1756.61
MGG_13767T0	8022	8023	1	0.00853674
MGG_09582T0	630	631	0	0
MGG_13138T0	351	352	3	0.583724
MGG_09948T0	1372	1373	1940.28	96.7885
MGG_05202T0	2523	2524	1675	45.4521
MGG_16390T0	1775	1776	753.398	29.0543
MGG_17344T0	456	457	1975	295.992
MGG_17323T0	1179	1180	90	5.22383
MGG_04958T0	2142	2143	1393	44.5202
MGG_04579T0	543	544	0	0
MGG_15048T0	1074	1075	2989	190.435
MGG_03505T0	724	725	43	4.06218
MGG_00985T0	1645	1646	313.707	13.0534
MGG_03458T0	2048	2049	761	25.4373
MGG_15684T0	162	163	2	0.840371
MGG_14154T0	1303	1304	27918	1466.34
MGG_12497T0	1698	1699	7	0.282185
MGG_18077T0	240	241	2	0.568384
MGG_17828T0	1610	1611	461	19.599
MGG_01470T0	1164	1165	1406	82.6586
MGG_01059T0	1592	1593	3965	170.473
MGG_16521T0	1290	1291	251.108	13.3218
MGG_03281T0	1677	1678	2260.97	92.285
MGG_03281T1	1356	1357	416.033	20.9979
MGG_04298T0	1683	1684	0	0
MGG_17148T0	433	434	1	0.157812
MGG_03207T0	1870	1871	1560	57.1057
MGG_05765T0	969	970	144	10.1676
MGG_01102T0	1739	1740	1762.24	69.3658
MGG_00672T0	3079	3080	2084	46.3421
MGG_04369T0	1671	1672	97	3.97342
MGG_01597T0	4528	4529	3630	54.895
MGG_08047T0	1815	1816	813	30.6622
MGG_13857T0	309	310	0	0
MGG_09272T0	3167	3168	11569	250.115
MGG_08816T0	686	687	188	18.7426
MGG_03015T0	1599	1600	19	0.813322
MGG_09374T0	930	931	187	13.7569
MGG_09036T0	1235	1236	0	0
MGG_03858T0	1997	1998	839	28.7604
MGG_16895T0	2962	2963	8259.87	190.928
MGG_04004T0	2622	2623	3876	101.208
MGG_17646T0	957	958	1.00072	0.0715442
MGG_15723T0	2608	2609	2145.13	56.3128
MGG_05148T0	2100	2101	415.438	13.5428
MGG_07817T0	2165	2166	63	1.9921
MGG_05533T0	1311	1312	8267	431.562
MGG_15676T0	804	805	10	0.85081
MGG_04876T0	1172	1173	4688.66	273.766
MGG_16807T0	261	262	0	0
MGG_09179T0	2042	2043	3012	100.975
MGG_07620T0	2514	2515	1	0.0272327
MGG_14091T0	354	355	0	0
MGG_17806T0	339	340	0	0
MGG_16693T0	387	388	0	0
MGG_15445T0	498	499	105	14.4118
MGG_00363T0	4490	4491	1032	15.7386
MGG_03555T0	2474	2475	902	24.9609
MGG_11494T0	2089	2090	552	18.0893
MGG_08705T0	1798	1799	603.384	22.9716
MGG_07124T0	1317	1318	667	34.6608
MGG_02935T0	2046	2047	304	10.1715
MGG_07194T0	804	805	912	77.5939
MGG_15411T0	1533	1534	1.5	0.0669722
MGG_09576T0	1180	1181	148	8.58303
MGG_03068T0	2365	2366	120.719	3.49452
MGG_03068T1	1558	1559	247.281	10.8636
MGG_09007T0	1679	1680	2377	96.9055
MGG_08140T0	2859	2860	1162	27.8272
MGG_06317T0	5507	5508	1324	16.4635
MGG_05532T0	1428	1429	70	3.35501
MGG_12858T0	1428	1429	146	6.9976
MGG_17569T0	162	163	0	0
MGG_09003T0	2038	2039	1364	45.8169
MGG_06386T0	1191	1192	555	31.8893
MGG_05020T0	1286	1287	379	20.1692
MGG_07515T0	1148	1149	980.235	58.4304
MGG_03299T0	2130	2131	14868	477.857
MGG_17231T0	663	664	3	0.309444
MGG_02451T0	1020	1021	2026	135.907
MGG_03393T0	1516	1517	568	25.6443
MGG_13346T0	396	397	442	76.2536
MGG_06555T0	1971	1972	495	17.192
MGG_08610T0	663	664	67	6.91091
MGG_12181T0	174	175	82	32.0926
MGG_06744T0	1070	1071	828	52.9504
MGG_10510T0	1596	1597	792	33.9664
MGG_13957T0	1395	1396	360	17.6622
MGG_16520T0	1772	1773	1182	45.6602
MGG_10145T0	582	583	1	0.117479
MGG_14870T0	3754	3755	1838.73	33.538
MGG_05999T0	762	763	1731	155.382
MGG_17512T0	162	163	34	14.2863
MGG_03726T0	2050	2051	1646.27	54.9749
MGG_07969T0	306	307	87	19.4093
MGG_00023T0	1515	1516	0	0
MGG_16086T0	162	163	0	0
MGG_03885T0	1657	1658	1392.06	57.5045
MGG_06550T0	2871	2872	84.1622	2.00707
MGG_06550T1	2589	2590	0.000311929	8.24869e-06
MGG_01677T0	3568	3569	1580.57	30.3317
MGG_15491T0	603	604	0	0
MGG_08043T0	2511	2512	63	1.71771
MGG_16484T0	186	187	3	1.09877
MGG_03363T0	1808	1809	308	11.6611
MGG_16527T0	434	435	62	9.76183
MGG_00128T0	2857	2858	1087.91	26.071
MGG_03329T0	1181	1182	851	49.3106
MGG_14082T0	228	229	0	0
MGG_17179T0	514	515	6	0.797944
MGG_14465T0	2186	2187	492	15.408
MGG_04389T0	1450	1451	486.501	22.9639
MGG_16435T0	252	253	1	0.270712
MGG_15120T0	506	507	7	0.945625
MGG_03672T0	2892	2893	1958	46.3546
MGG_16228T1	1562	1563	8.66917	0.379881
MGG_16228T0	1613	1614	148.331	6.29443
MGG_06920T0	2710	2711	2819.65	71.2353
MGG_04740T0	1393	1394	1580	77.6288
MGG_07361T0	1704	1705	40	1.60681
MGG_09723T0	594	595	0	0
MGG_11486T0	2565	2566	7471	199.412
MGG_17686T0	189	190	1	0.360475
MGG_04413T0	2010	2011	268.663	9.15005
MGG_04413T1	2563	2564	1696.34	45.313
MGG_16426T0	790	791	129	11.1697
MGG_04716T0	871	872	2380.7	186.989
MGG_15830T0	3658	3659	1184	22.1625
MGG_05147T0	2561	2562	1246.56	33.3245
MGG_00103T0	1404	1405	1455.84	70.9687
MGG_03446T0	3811	3812	150.717	2.70794
MGG_06444T0	1531	1532	943	42.1582
MGG_06427T0	596	597	1971	226.121
MGG_15726T0	150	151	81	36.7398
MGG_13498T0	5310	5311	1842	23.7543
MGG_04499T0	1479	1480	28	1.29576
MGG_10528T0	4147	4148	1390	22.9512
MGG_06985T0	2254	2255	525.535	15.9619
MGG_03308T0	910	911	88	6.61596
MGG_11913T0	2779	2780	89	2.19267
MGG_11737T0	1491	1492	7393	339.376
MGG_04871T1	2023	2024	493.742	16.7078
MGG_04871T0	1758	1759	296.258	11.5354
MGG_13552T0	2540	2541	1020.28	27.5008
MGG_01273T0	1097	1098	2462	153.573
MGG_02993T0	1833	1834	424	15.8342
MGG_03831T0	1975	1976	1615	55.9776
MGG_15451T0	2771	2772	571	14.1082
MGG_13101T0	950	951	48	3.45692
MGG_04825T0	3261	3262	1248.46	26.2133
MGG_09218T0	1320	1321	765.9	39.7098
MGG_12911T0	1401	1402	1359	66.3896
MGG_17634T0	3176	3177	647	13.9481
MGG_11129T0	4341	4342	2011	31.7213
MGG_04184T0	1262	1263	1044.52	56.6425
MGG_09417T0	414	415	190	31.357
MGG_00932T0	1680	1681	545	22.2053
MGG_16594T0	177	178	2	0.769553
MGG_17845T1	828	829	0	0
MGG_17845T0	887	888	4.81937	0.371712
MGG_14871T0	801	802	27	2.30578
MGG_01828T0	2223	2224	3059	94.2049
MGG_15096T0	576	577	73.358	8.70764
MGG_05308T0	1100	1101	18	1.11973
MGG_07426T0	459	460	204	30.3739
MGG_11903T0	2297	2298	1107.06	32.9951
MGG_04913T0	616	617	7951	882.603
MGG_05977T0	1533	1534	1852	82.6883
MGG_04863T0	4581	4582	4361	65.1868
MGG_01541T0	4896	4897	45	0.629377
MGG_16528T0	928	929	1460.23	107.655
MGG_02082T0	1432	1433	0	0
MGG_06357T0	829	830	4358	359.615
MGG_01418T0	1424	1425	57	2.73961
MGG_02946T0	1611	1612	1069	45.4194
MGG_05650T0	2683	2684	1783	45.4985
MGG_16689T0	513	514	41	5.46323
MGG_07720T0	2172	2173	4072	128.344
MGG_03484T0	1101	1102	6054	376.261
MGG_04430T0	2996	2997	1106	25.2753
MGG_00992T0	1875	1876	646	23.5846
MGG_16772T0	271	272	8	2.01442
MGG_00628T0	1062	1063	0	0
MGG_07049T0	1593	1594	573	24.6204
MGG_00470T0	2198	2199	62	1.93106
MGG_14374T0	468	469	0	0
MGG_05282T0	1064	1065	1470.11	94.5427
MGG_05366T0	2840	2841	2500	60.2695
MGG_04533T0	3716	3717	488.448	9.00025
MGG_12696T0	830	831	10	0.824191
MGG_12515T0	4817	4818	978.394	13.9083
MGG_15894T0	288	289	4	0.947962
MGG_11870T0	2962	2963	510	11.7887
MGG_10104T0	2711	2712	4286	108.241
MGG_15777T0	1277	1278	125.041	6.70118
MGG_15777T1	1350	1351	168.972	8.56621
MGG_16257T0	240	241	14	3.97869
MGG_09076T0	1830	1831	500	18.703
MGG_00567T0	5367	5368	1124	14.3411
MGG_13583T0	1602	1603	11	0.469989
MGG_07748T0	537	538	3	0.381916
MGG_14779T0	353	354	39	7.54553
MGG_01832T0	2334	2335	1274	37.369
MGG_17699T0	3739	3740	1069.99	19.5946
MGG_10564T0	1225	1226	69	3.85467
MGG_02449T0	1524	1525	4121	185.081
MGG_07441T0	4001	4002	3770	64.5198
MGG_17631T0	198	199	39	13.4227
MGG_15692T0	290	291	7	1.64753
MGG_09354T0	2731	2732	436	10.9304
MGG_04746T0	3325	3326	1068	21.9927
MGG_06030T0	1043	1044	3636	238.535
MGG_01581T0	2133	2134	3858	123.822
MGG_00799T0	2403	2404	1987	56.6099
MGG_02493T0	3697	3698	1792.34	33.1957
MGG_14837T0	2007	2008	13	0.443413
MGG_16903T0	168	169	3	1.2158
MGG_10021T0	402	403	0	0
MGG_01377T0	1072	1073	1071	68.3626
MGG_00205T0	1682	1683	381	15.5049
MGG_11771T0	2014	2015	1103	37.4912
MGG_10023T0	924	925	6	0.444261
MGG_01582T0	2026	2027	4139	139.853
MGG_01755T0	1874	1875	4419	161.418
MGG_04053T0	1517	1518	3521.65	158.892
MGG_03354T0	630	631	5883	638.555
MGG_13254T0	1742	1743	1586	62.321
MGG_01818T0	3524	3525	2632	51.1394
MGG_06931T0	1974	1975	749.392	25.9879
MGG_03665T0	1232	1233	115	6.38798
MGG_12127T0	1342	1343	21158	1079.01
MGG_08156T0	2365	2366	388.65	11.2505
MGG_14716T0	474	475	62	8.93978
MGG_10664T0	3883	3884	478	8.42902
MGG_09919T0	2366	2367	6522	188.717
MGG_17614T0	360	361	0	0
MGG_03640T0	3344	3345	12264	251.11
MGG_15742T0	339	340	21	4.23028
MGG_07015T0	2850	2851	694	16.6721
MGG_05097T0	2563	2564	557.795	14.9
MGG_14656T0	1582	1583	1894.87	81.9837
MGG_02592T0	3264	3265	72.3111	1.51688
MGG_17864T0	1107	1108	85	5.25421
MGG_08018T0	267	268	7	1.78892
MGG_00194T0	2283	2284	355	10.6454
MGG_17684T0	341	342	44	8.81161
MGG_08180T0	1989	1990	2267	78.0238
MGG_02094T0	1629	1630	10	0.420185
MGG_04160T0	5872	5873	858	10.0059
MGG_11322T0	1413	1414	543	26.3014
MGG_10058T0	2138	2139	985	31.5394
MGG_00330T0	1724	1725	3239	128.603
MGG_06435T0	568	569	852	102.555
MGG_16060T0	1134	1135	0	0
MGG_11224T0	2156	2157	17058.6	541.655
MGG_01385T0	2319	2320	3992	117.85
MGG_17546T0	546	547	15.1552	1.89759
MGG_15624T0	1991	1992	2088.97	71.8243
MGG_17333T0	198	199	0	0
MGG_02533T0	5974	5975	1071	12.2767
MGG_00106T0	2732	2733	2125.68	53.2704
MGG_03558T0	3823	3824	3648	65.338
MGG_12697T0	4046	4047	1871	31.6643
MGG_15856T0	722	723	26	2.463
MGG_15320T0	630	631	65	7.05525
MGG_15683T0	216	217	1	0.315623
MGG_03421T0	1056	1057	25	1.61992
MGG_10138T0	1862	1863	344.354	12.6596
MGG_03107T0	1960	1961	1207	42.1559
MGG_16018T0	485	486	34.1546	4.81328
MGG_03356T0	1068	1069	171	10.9559
MGG_14863T0	1053	1054	465	30.2163
MGG_17426T0	1074	1075	193	12.2964
MGG_14657T0	798	799	941.491	80.7045
MGG_05436T0	1167	1168	996	58.4043
MGG_05904T0	4360	4361	1072	16.8359
MGG_01766T0	1537	1538	1346.93	59.9815
MGG_15539T0	607	608	24	2.70356
MGG_01769T1	2508	2509	1650.9	45.066
MGG_01769T0	2565	2566	463.1	12.3608
MGG_12804T0	2241	2242	1049	32.0456
MGG_07980T0	1885	1886	74	2.68732
MGG_16825T0	2214	2215	734	22.6961
MGG_11092T0	504	505	0	0
MGG_04971T0	2223	2224	644	19.8326
MGG_05291T0	2327	2328	995.677	29.293
MGG_00426T0	819	820	13	1.08582
MGG_10422T0	1950	1951	683	23.9768
MGG_06778T0	2774	2775	548	13.5253
MGG_02319T0	1512	1513	20	0.905357
MGG_00665T0	2317	2318	1209.11	35.7256
MGG_10799T0	2456	2457	1235	34.4263
MGG_05122T0	1606	1607	28	1.19336
MGG_07243T0	2675	2676	3309	84.6914
MGG_00889T0	4586	4587	359	5.36036
MGG_05818T0	423	424	37	5.97674
MGG_02543T0	987	988	15	1.03983
MGG_16867T0	4063	4064	1920	32.3576
MGG_01238T0	5702	5703	1365	16.393
MGG_04396T0	3648	3649	8466.02	158.904
MGG_08854T0	1951	1952	783.726	27.4988
MGG_08087T0	2343	2344	7086	207.049
MGG_04723T0	525	526	81	10.547
MGG_15556T0	189	190	28	10.0933
MGG_08141T0	2841	2842	628	15.1344
MGG_00773T0	1405	1406	1078.98	52.5604
MGG_17277T0	5858	5859	805.673	9.41811
MGG_16911T0	177	178	2	0.769553
MGG_05710T0	1530	1531	231	10.3339
MGG_16396T0	231	232	0	0
MGG_16934T0	369	370	0	0
MGG_10053T0	1285	1286	689	36.695
MGG_17861T0	2166	2167	2346	74.1477
MGG_09735T0	630	631	102	11.0713
MGG_13076T0	912	913	72	5.4012
MGG_06447T0	5562	5563	820	10.0956
MGG_06116T0	2264	2265	9275	280.462
MGG_02013T0	354	355	0	0
MGG_02467T0	737	738	4713	437.391
MGG_04248T0	2474	2475	3731	103.247
MGG_06231T0	420	421	0	0
MGG_00545T0	2163	2164	2137	67.6357
MGG_12420T0	416	417	17779.1	2920.13
MGG_02477T0	1685	1686	582	23.6425
MGG_01953T0	348	349	0	0
MGG_15616T0	195	196	1.00352	0.350669
MGG_16329T0	300	301	35	7.96398
MGG_08591T0	2299	2300	304	9.05262
MGG_17018T0	897	898	374	28.5249
MGG_16225T0	240	241	22	6.25222
MGG_11116T0	4740	4741	542	7.82993
MGG_09763T0	1203	1204	8408	478.294
MGG_08271T0	2281	2282	1416.82	42.5234
MGG_08271T1	2266	2267	247.181	7.46778
MGG_08658T0	354	355	0	0
MGG_00673T0	1311	1312	3	0.156609
MGG_04702T0	1169	1170	589	34.4793
MGG_00310T0	2032	2033	185	6.23251
MGG_01071T0	2385	2386	1315	37.7471
MGG_00052T0	675	676	1065	107.903
MGG_08891T0	2037	2038	264	8.87214
MGG_06739T0	2010	2011	72	2.45216
MGG_16864T0	218	219	7	2.18919
MGG_04126T0	2572	2573	162	4.31225
MGG_04615T0	4106	4107	1473	24.5644
MGG_04663T0	1536	1537	421.013	18.7608
MGG_15860T0	1504	1505	1583	72.0399
MGG_09293T0	3847	3848	1455.88	25.9131
MGG_16206T0	1137	1138	6	0.361108
MGG_16206T1	819	820	0	0
MGG_16906T0	150	151	89	40.3684
MGG_16644T0	439	440	3	0.466979
MGG_14872T0	2749	2750	606	15.0928
MGG_00625T0	1430	1431	9863	472.061
MGG_11473T0	2183	2184	164	5.14304
MGG_01138T0	1401	1402	175	8.54907
MGG_11255T0	859	860	12084	962.367
MGG_06062T0	4408	4409	483	7.50301
MGG_04870T0	2141	2142	5403	172.76
MGG_01528T0	1757	1758	1424	55.4779
MGG_00990T0	4175	4176	2768	45.3977
MGG_04898T0	504	505	2131	289.015
MGG_02531T0	3518	3519	80	1.55704
MGG_00068T0	2243	2244	541	16.5121
MGG_05757T0	1553	1554	1152.04	50.7743
MGG_02828T0	4675	4676	990	14.5007
MGG_15333T0	1233	1234	512.383	28.4386
MGG_09887T0	1035	1036	2198.75	145.36
MGG_15298T0	1269	1270	232	12.5116
MGG_16752T0	1081	1082	115.155	7.2893
MGG_10810T0	537	538	0	0
MGG_13202T0	2036	2037	2853	95.9267
MGG_11611T0	1527	1528	3284	147.2
MGG_07763T0	1524	1525	303	13.6082
MGG_07506T0	2343	2344	494	14.4344
MGG_16272T0	701	702	741	72.2952
MGG_00308T0	2169	2170	700.903	22.1221
MGG_02567T0	2296	2297	914	27.253
MGG_05937T0	3997	3998	458	7.84605
MGG_15118T0	641	642	2762	294.657
MGG_16227T0	409	410	13	2.17164
MGG_08399T0	387	388	6	1.05913
MGG_05753T0	1533	1534	14536	649.005
MGG_07473T0	1960	1961	1641	57.3139
MGG_04210T0	1605	1606	2358	100.56
MGG_15309T0	573	574	7	0.835247
MGG_13309T0	3118	3119	0	0
MGG_18010T0	485	486	6	0.845558
MGG_17421T0	432	433	1	0.158176
MGG_16242T0	564	565	2	0.242443
MGG_16240T0	156	157	51	22.2484
MGG_02016T0	1755	1756	0	0
MGG_00066T0	1381	1382	48	2.37882
MGG_08796T0	309	310	0	0
MGG_04862T0	2487	2488	2877	79.1987
MGG_02143T0	1149	1150	3	0.17867
MGG_17658T0	1482	1483	301	13.9013
MGG_08459T0	1563	1564	501	21.9396
MGG_00233T0	7158	7159	0	0
MGG_05992T0	1980	1981	1943	67.1764
MGG_04096T0	542	543	0	0
MGG_01438T0	786	787	901	78.4113
MGG_03812T0	996	997	0	0
MGG_10588T0	3269	3270	4874	102.086
MGG_15796T0	330	331	15	3.10379
MGG_03075T0	2614	2615	1100	28.8104
MGG_04628T0	1785	1786	156	5.98235
MGG_10636T0	930	931	1564	115.058
MGG_02369T0	630	631	7	0.759797
MGG_12016T0	711	712	14	1.34672
MGG_04109T0	1744	1745	575	22.5684
MGG_00503T0	3325	3326	2367.43	48.751
MGG_17926T0	380	381	76	13.6621
MGG_14794T0	1617	1618	117	4.95263
MGG_03539T0	963	964	22	1.56306
MGG_05640T0	750	751	876	79.8901
MGG_16167T0	1608	1609	3.17825	0.135289
MGG_04132T0	4069	4070	446.1	7.50701
MGG_07267T0	1972	1973	821.202	28.507
MGG_02347T0	668	669	602	61.631
MGG_17171T0	201	202	5	1.6953
MGG_15057T0	2749	2750	426	10.6098
MGG_06032T0	2364	2365	1093	31.6532
MGG_16308T0	1384	1385	332	16.4179
MGG_14550T0	1664	1665	3648	150.061
MGG_15686T0	324	325	5	1.0537
MGG_01996T0	4709	4710	0.00966053	0.000140478
MGG_01996T1	4656	4657	520.99	7.66218
MGG_05249T0	1888	1889	5684.53	206.106
MGG_13023T0	1552	1553	774	34.1349
MGG_07524T0	1631	1632	713	29.9225
MGG_16372T0	1299	1300	30.0289	1.58207
MGG_00176T0	1168	1169	136	7.96807
MGG_16751T0	1128	1129	172.555	10.468
MGG_15558T0	183	184	0	0
MGG_06566T0	4045	4046	1570	26.5768
MGG_00646T0	1146	1147	606.731	36.2294
MGG_15902T0	2760	2761	25.1052	0.622767
MGG_05648T0	881	882	366	28.4211
MGG_00885T0	3205	3206	1497	31.9806
MGG_10546T0	315	316	0	0
MGG_03843T0	2652	2653	680	17.555
MGG_11357T0	3855	3856	2023	35.9325
MGG_01207T0	5073	5074	1925.08	25.9853
MGG_01207T1	5502	5503	191.916	2.38859
MGG_15775T1	2969	2970	202.816	4.67707
MGG_15775T0	742	743	0	0
MGG_11141T0	4123	4124	2108	35.0091
MGG_16077T0	900	901	814.347	61.9032
MGG_10269T0	3027	3028	2460	55.6427
MGG_08409T0	888	889	0	0
MGG_17798T0	423	424	12	1.9384
MGG_05121T0	2681	2682	87	2.22172
MGG_03406T0	3782	3783	3275	59.293
MGG_15696T0	1752	1753	126.668	4.94895
MGG_10163T0	1802	1803	870	33.0485
MGG_00486T0	959	960	107.865	7.69551
MGG_09560T0	5038	5039	2453	33.3412
MGG_13116T0	1409	1410	2822.16	137.085
MGG_08708T0	2454	2455	1148.95	32.0537
MGG_13182T0	336	337	3	0.609705
MGG_10362T0	1122	1123	117	7.13567
MGG_14175T0	3019	3020	276	6.25937
MGG_18112T0	468	469	9.51243	1.38914
MGG_18112T1	631	632	2.48757	0.269579
MGG_09929T0	999	1000	1048.52	71.8131
MGG_03963T0	2840	2841	4466	107.665
MGG_06454T0	1662	1663	1916	78.91
MGG_10697T0	1102	1103	861.994	53.5251
MGG_05302T0	2734	2735	103	2.57934
MGG_16600T0	624	625	13	1.4246
MGG_15460T0	597	598	0	0
MGG_09262T0	1916	1917	936.973	33.476
MGG_05976T0	1218	1219	680	38.2062
MGG_16332T0	180	181	27	10.2168
MGG_17224T0	1020	1021	543	36.4253
MGG_13768T0	2385	2386	83	2.38252
MGG_11606T0	1609	1610	117	4.97724
MGG_09821T0	1668	1669	697	28.6026
MGG_17126T0	159	160	16	6.84902
MGG_07882T0	1884	1885	1390	50.5047
MGG_06839T0	3231	3232	738	15.6392
MGG_05023T0	1059	1060	120	7.75361
MGG_07814T0	834	835	13.8494	1.13598
MGG_16358T0	725	726	0	0
MGG_08623T0	3323	3324	5549.77	114.352
MGG_09867T0	1222	1223	1152.43	64.5381
MGG_09204T0	1498	1499	1498	68.4445
MGG_08137T0	3728	3729	741	13.6099
MGG_09445T0	1700	1701	109	4.38885
MGG_15751T0	396	397	57	9.83361
MGG_09287T0	1863	1864	3807	139.883
MGG_17030T0	309	310	89	19.6633
MGG_16402T0	807	808	1644	139.354
MGG_03294T0	2359	2360	8	0.23217
MGG_11906T0	873	874	357	27.976
MGG_08452T0	3390	3391	84.9178	1.71514
MGG_06798T0	1323	1324	278	14.3809
MGG_08725T0	4530	4531	201	3.0383
MGG_00912T0	2987	2988	1344	30.8069
MGG_08377T0	1497	1498	515	23.5464
MGG_02246T0	660	661	1958	202.88
MGG_05614T0	1461	1462	1022	47.8776
MGG_17475T0	336	337	3	0.609705
MGG_09394T0	2165	2166	1685	53.2807
MGG_02075T0	3493	3494	146	2.86193
MGG_17761T0	311	312	7	1.53664
MGG_16554T0	774	775	0	0
MGG_09458T0	1721	1722	2667.95	106.114
MGG_16846T0	761	762	51	4.58399
MGG_16157T0	399	400	0	0
MGG_00900T0	444	445	131	20.1623
MGG_00930T0	5944	5945	808.905	9.31911
MGG_01149T0	576	577	845	100.302
MGG_02938T0	1108	1109	1344	83.0035
MGG_16806T0	3654	3655	631	11.8242
MGG_15589T0	474	475	142	20.475
MGG_01510T0	2813	2814	984	23.9497
MGG_10559T0	429	430	0	0
MGG_01519T0	1284	1285	2488	132.61
MGG_17072T0	2166	2167	6868	217.07
MGG_16328T0	633	634	356.087	38.4676
MGG_15381T0	642	643	1	0.106517
MGG_08398T0	588	589	3	0.348847
MGG_12165T0	1756	1757	2912	113.514
MGG_00783T0	1574	1575	1187	51.6177
MGG_18097T0	675	676	19	1.92502
MGG_15814T0	1015	1016	8187	551.899
MGG_10788T0	432	433	5	0.79088
MGG_03594T0	1396	1397	906.963	44.4654
MGG_09006T0	976	977	4225.24	296.201
MGG_10741T0	1835	1836	474.286	17.6928
MGG_07352T0	345	346	6	1.18769
MGG_09068T0	870	871	4	0.314536
MGG_07656T0	3387	3388	58	1.1725
MGG_07715T0	1424	1425	731	35.1343
MGG_16919T0	159	160	0	0
MGG_08905T0	1191	1192	5395	309.987
MGG_03681T0	1887	1888	2950	107.016
MGG_17737T0	186	187	0	0
MGG_17087T0	669	670	12	1.22669
MGG_11617T0	1986	1987	16	0.551507
MGG_05615T0	2782	2783	420	10.3363
MGG_16172T0	396	397	0	0
MGG_09426T0	1884	1885	118	4.28745
MGG_06909T0	2035	2036	1364	45.8844
MGG_17515T0	249	250	3	0.821883
MGG_15291T0	3638	3639	4431.47	83.4054
MGG_08633T0	672	673	6	0.610611
MGG_02956T0	1958	1959	208	7.27206
MGG_06349T0	1179	1180	2670	154.974
MGG_05768T0	2682	2683	156	3.98229
MGG_05125T0	3393	3394	589	11.8859
MGG_06564T0	1955	1956	4132	144.684
MGG_03919T0	2625	2626	2769	72.2199
MGG_02694T0	2079	2080	19	0.625632
MGG_17965T0	793	794	12	1.03512
MGG_09396T0	1382	1383	7236.95	358.395
MGG_17702T0	1579	1580	634	27.4828
MGG_06187T0	921	922	661	49.102
MGG_00276T0	1545	1546	191	8.4616
MGG_17043T0	168	169	0	0
MGG_14874T0	861	862	1878	149.217
MGG_05638T0	1912	1913	33397	1195.7
MGG_03588T0	1693	1694	181	7.31802
MGG_03682T0	1758	1759	947	36.8734
MGG_02438T0	2607	2608	1337.14	35.1154
MGG_17119T0	3027	3028	790	17.869
MGG_17812T0	1969	1970	742	25.7968
MGG_15580T0	3102	3103	254	5.60635
MGG_15887T0	1328	1329	41	2.11294
MGG_03572T0	1057	1058	1332	86.2278
MGG_01535T0	1222	1223	873	48.8896
MGG_14704T0	789	790	34	2.94768
MGG_06312T0	3726	3727	728	13.3783
MGG_08139T0	1580	1581	1330.64	57.6444
MGG_08139T1	1529	1530	1955.36	87.5315
MGG_16336T0	375	376	283	51.5498
MGG_11269T0	1794	1795	389	14.8427
MGG_07702T0	1195	1196	440	25.1971
MGG_04196T0	4253	4254	2847	45.8373
MGG_15095T0	645	646	0	0
MGG_06073T0	1490	1491	466	21.4061
MGG_15419T0	417	418	3	0.491557
MGG_08363T0	1933	1934	160	5.6662
MGG_05646T0	2888	2889	3068.98	72.757
MGG_17584T0	396	397	0	0
MGG_16533T0	192	193	0	0
MGG_01177T0	919	920	14	1.04224
MGG_05092T0	1158	1159	104	6.1458
MGG_17406T0	720	721	28	2.65981
MGG_12699T0	321	322	5	1.06351
MGG_17415T0	294	295	22	5.10775
MGG_03317T0	2183	2184	5123.94	160.687
MGG_08893T0	3923	3924	1829	31.9237
MGG_16699T0	252	253	0	0
MGG_00041T0	1308	1309	526.825	27.5648
MGG_17544T0	153	154	0	0
MGG_08835T0	1602	1603	21272	908.873
MGG_15720T0	1861	1862	934	34.3555
MGG_06053T0	1859	1860	4263	156.975
MGG_15450T0	342	343	0	0
MGG_03757T0	1867	1868	712	26.1055
MGG_12861T0	1689	1690	1937	78.5003
MGG_16373T0	3136	3137	61.0619	1.33317
MGG_01862T0	2175	2176	293	9.22226
MGG_01742T0	3036	3037	36257	817.666
MGG_05694T1	2470	2471	1493.73	41.4027
MGG_05694T0	1931	1932	173.266	6.14237
MGG_04566T0	1125	1126	1066	64.8407
MGG_07047T0	4618	4619	3876	57.4731
MGG_02247T0	1475	1476	928	43.0616
MGG_15544T0	150	151	33	14.9681
MGG_00163T0	1784	1785	936	35.9142
MGG_02289T0	1805	1806	83	3.14767
MGG_04578T0	315	316	2	0.433482
MGG_10673T0	1026	1027	204	13.6047
MGG_06151T0	1032	1033	1685.49	111.752
MGG_04688T0	2551	2552	463	12.4259
MGG_15403T0	780	781	3	0.263087
MGG_13686T0	533	534	0	0
MGG_12447T0	12105	12106	1635	9.25009
MGG_10065T0	603	604	1	0.113394
MGG_05802T0	1290	1291	23	1.2202
MGG_06430T0	2752	2753	5109	127.104
MGG_01604T0	2440	2441	3601	101.038
MGG_07787T0	2448	2449	1287	35.993
MGG_16325T0	474	475	0	0
MGG_04631T0	1068	1069	62	3.97231
MGG_17911T0	336	337	8	1.62588
MGG_08337T0	1430	1431	1	0.0478618
MGG_12155T0	4293	4294	53	0.845362
MGG_02186T0	1601	1602	1210	51.7311
MGG_01181T0	1725	1726	16	0.634904
MGG_00297T0	1872	1873	1152	42.1253
MGG_14937T0	2537	2538	1691.82	45.6554
MGG_09977T0	1892	1893	5210	188.502
MGG_17535T0	1833	1834	983.661	36.7346
MGG_16128T0	273	274	2	0.499929
MGG_18071T0	162	163	0	0
MGG_01093T0	1388	1389	824	40.6306
MGG_06145T0	3991	3992	2914	49.9951
MGG_06203T0	2060	2061	49318	1638.91
MGG_12813T0	1545	1546	1096	48.5545
MGG_06986T0	1071	1072	47	3.00284
MGG_03579T0	2556	2557	1539	41.2227
MGG_14253T0	189	190	0	0
MGG_09736T0	1084	1085	12552	792.34
MGG_07957T0	1960	1961	69	2.40991
MGG_09567T0	1363	1364	370.046	18.581
MGG_17408T0	297	298	18	4.13699
MGG_16135T0	177	178	37	14.2367
MGG_05201T0	1041	1042	2348	154.333
MGG_13177T0	2248	2249	7711	234.828
MGG_16688T0	435	436	0	0
MGG_07859T0	2238	2239	0	0
MGG_07269T0	996	997	30	2.06089
MGG_02428T0	2602	2603	665	17.4975
MGG_10700T0	1251	1252	8852	484.246
MGG_06423T0	1116	1117	850	52.1188
MGG_04822T0	1517	1518	862	38.8923
MGG_02453T0	1732	1733	1161	45.8841
MGG_04422T0	1418	1419	165.914	8.00809
MGG_10748T0	2022	2023	3	0.101567
MGG_17717T1	682	683	17.6126	1.76617
MGG_17717T0	748	749	3.38736	0.309748
MGG_16287T0	1876	1877	1692	61.7397
MGG_15854T0	183	184	6	2.23338
MGG_00478T0	1600	1601	470.591	20.1317
MGG_06503T0	1461	1462	2012	94.2561
MGG_06303T0	1630	1631	1379	57.9081
MGG_08656T0	1815	1816	747	28.173
MGG_15277T0	4505	4506	234	3.55675
MGG_15187T0	453	454	3	0.452579
MGG_15632T0	318	319	10	2.14703
MGG_17853T0	153	154	2	0.889484
MGG_00371T0	5831	5832	4746.71	55.7448
MGG_09186T1	4746	4747	96.6411	1.39435
MGG_09186T0	6384	6385	4676.36	50.1621
MGG_17662T0	1146	1147	0	0
MGG_08006T0	1659	1660	6877	283.739
MGG_08637T0	2016	2017	3901	132.464
MGG_16972T0	1590	1591	0	0
MGG_01859T0	2973	2974	173	3.98413
MGG_02925T0	1011	1012	1202	81.3491
MGG_07663T0	2537	2538	1472	39.7233
MGG_08697T0	4427	4428	660	10.2086
MGG_16002T0	351	352	0	0
MGG_13409T0	2300	2301	133	3.9588
MGG_06416T0	2380	2381	310	8.91725
MGG_05534T0	3053	3054	18320	410.852
MGG_08549T0	2142	2143	348	11.1221
MGG_17381T0	315	316	2	0.433482
MGG_05132T0	1645	1646	79.2968	3.29955
MGG_01561T0	2787	2788	2518	61.8574
MGG_16943T0	447	448	0	0
MGG_17503T0	1419	1420	52	2.50809
MGG_01975T0	2421	2422	6	0.16967
MGG_08847T0	2880	2881	773	18.3766
MGG_00988T0	2059	2060	1210	40.2297
MGG_16462T0	1517	1518	10540	475.551
MGG_02572T0	4124	4125	5158	85.6418
MGG_04182T0	2627	2628	1019	26.5569
MGG_03513T0	2272	2273	1169	35.2244
MGG_02743T0	2005	2006	911.547	31.1227
MGG_11176T0	1729	1730	412.076	16.314
MGG_07337T0	751	752	46369	4223.17
MGG_03174T0	1603	1604	323.441	13.8108
MGG_09616T0	396	397	0	0
MGG_04291T0	366	367	0	0
MGG_11310T0	1741	1742	53354	2097.72
MGG_08702T0	687	688	3	0.298649
MGG_16757T0	372	373	6	1.10172
MGG_16213T0	6225	6226	4849	53.3423
MGG_09306T0	3741	3742	463	8.47434
MGG_03270T0	3549	3550	1203.93	23.2274
MGG_08474T0	1790	1791	7814	298.818
MGG_16175T0	527	528	0	0
MGG_05684T0	1823	1824	830	31.1661
MGG_05656T0	6419	6420	420	4.48067
MGG_11399T0	1488	1489	1377	63.3385
MGG_08937T0	2022	2023	223.722	7.57427
MGG_17379T0	375	376	2	0.36431
MGG_18137T0	2517	2518	4	0.108801
MGG_00638T0	2495	2496	837	22.9673
MGG_11425T0	8954	8955	3107	23.7632
MGG_00899T0	1859	1860	820	30.1946
MGG_11192T0	3581	3582	573.095	10.9579
MGG_17250T0	252	253	0	0
MGG_16122T0	210	211	85	27.5909
MGG_06274T0	1915	1916	843	30.1343
MGG_13338T0	1700	1701	570	22.9509
MGG_10525T0	2592	2593	3228	85.2628
MGG_09351T0	1322	1323	16861	872.875
MGG_11887T0	1641	1642	203.861	8.50336
MGG_16581T0	255	256	0	0
MGG_15523T0	2819	2820	876.344	21.284
MGG_12748T0	854	855	282	22.5898
MGG_15708T0	353	354	4	0.773901
MGG_14206T0	1694	1695	102	4.12154
MGG_09563T0	1429	1430	1747	83.673
MGG_07613T0	7956	7957	30104	259.122
MGG_17513T0	2150	2151	8851	281.826
MGG_17478T0	162	163	2	0.840371
MGG_16552T0	633	634	21.913	2.36724
MGG_09030T0	2141	2142	908	29.0332
MGG_09949T0	2472	2473	3353.72	92.8818
MGG_05744T0	509	510	0	0
MGG_14156T0	471	472	0	0
MGG_09663T0	306	307	0	0
MGG_04637T0	3124	3125	1627	35.6588
MGG_04452T0	976	977	62	4.34636
MGG_03407T0	2889	2890	366	8.67385
MGG_13936T0	2207	2208	2656	82.3868
MGG_12101T0	2503	2504	2332	63.7856
MGG_03740T0	1179	1180	1651.23	95.8419
MGG_15785T0	381	382	23	4.12376
MGG_00088T0	1707	1708	1372	55.0167
MGG_00548T0	1475	1476	2450.83	113.725
MGG_00548T1	1427	1428	3279.17	157.277
MGG_15198T0	957	958	14	1.0009
MGG_11546T0	5081	5082	2593	34.9459
MGG_01586T0	3222	3223	5033	106.954
MGG_08573T0	3477	3478	1197	23.5718
MGG_02231T0	936	937	13	0.950238
MGG_17183T0	251	252	25	6.79467
MGG_05424T0	747	748	0	0
MGG_12239T0	315	316	0	0
MGG_03784T0	1656	1657	14	0.578674
MGG_11230T0	1803	1804	370	14.0473
MGG_15590T0	159	160	27	11.5577
MGG_00301T0	1479	1480	2	0.0925544
MGG_12920T0	1192	1193	1104	63.3807
MGG_03237T0	1977	1978	1384	47.9224
MGG_04835T0	1427	1428	1813	86.9557
MGG_07249T0	1077	1078	28	1.77897
MGG_00803T0	4135	4136	7175	118.815
MGG_16705T0	222	223	0	0
MGG_02992T0	2151	2152	180	5.72874
MGG_09471T0	3539	3540	5253	101.633
MGG_07284T0	1851	1852	1493.52	55.233
MGG_03639T0	522	523	67	8.77408
MGG_07059T0	4634	4635	1150.17	16.9958
MGG_17727T0	264	265	2	0.516907
MGG_10301T0	879	880	0	0
MGG_14344T0	471	472	0	0
MGG_01343T0	2475	2476	383	10.5944
MGG_17874T0	254	255	1	0.268589
MGG_16292T0	390	391	8	1.40133
MGG_17107T0	156	157	441	192.383
MGG_09271T0	1496	1497	422	19.3072
MGG_07808T0	1650	1651	794	32.9384
MGG_06590T0	3819	3820	251	4.50027
MGG_08568T0	1927	1928	417	14.8135
MGG_01692T0	1206	1207	4778	271.124
MGG_14606T0	1059	1060	17	1.09843
MGG_03890T0	3699	3700	423	7.8301
MGG_06605T0	2097	2098	6772	221.075
MGG_00821T0	387	388	0	0
MGG_03709T0	2463	2464	134	3.72471
MGG_15772T0	298	299	3	0.687193
MGG_15840T0	318	319	12	2.57644
MGG_04336T0	1548	1549	369.855	16.3534
MGG_17538T0	844	845	1544.08	125.153
MGG_06050T0	2288	2289	1017	30.4301
MGG_02713T0	519	520	8215	1082.01
MGG_04745T0	1408	1409	3165	153.848
MGG_13161T0	1980	1981	2242	77.5139
MGG_08908T0	1273	1274	1303	70.0493
MGG_00509T0	1742	1743	4159	163.426
MGG_07600T0	2246	2247	315	9.60143
MGG_16204T0	789	790	14856	1287.96
MGG_15348T0	363	364	0	0
MGG_05114T0	1851	1852	88	3.2544
MGG_11568T0	2604	2605	570	14.9863
MGG_01105T0	1503	1504	331	15.0733
MGG_06453T0	907	908	1869	140.978
MGG_14903T0	3428	3429	1054.6	21.0643
MGG_06996T0	1033	1034	1194.11	79.0959
MGG_02443T0	3197	3198	2085	44.6536
MGG_04335T0	2058	2059	8849	294.352
MGG_03694T0	1781	1782	1120	43.0466
MGG_05449T0	1208	1209	16140	914.336
MGG_12530T0	3816	3817	338	6.06489
MGG_17602T0	441	442	2	0.309911
MGG_08928T0	3289	3290	1330.23	27.6924
MGG_06912T0	2663	2664	8196.33	210.724
MGG_16430T0	207	208	9	2.96352
MGG_15032T0	645	646	37	3.92282
MGG_17102T0	2790	2791	1200	29.4476
MGG_00743T0	1937	1938	61	2.15578
MGG_11377T0	1209	1210	1199	67.8676
MGG_07377T0	720	721	0	0
MGG_02582T0	2254	2255	164	4.98111
MGG_16326T0	987	988	0	0
MGG_15831T0	1318	1319	1828	94.9205
MGG_08923T0	1879	1880	1715	62.4791
MGG_08164T0	1431	1432	6896.46	329.846
MGG_01070T0	2366	2367	13728	397.226
MGG_02019T0	1728	1729	0	0
MGG_09777T0	1779	1780	201	7.73401
MGG_15308T0	319	320	5	1.07016
MGG_03978T0	1734	1735	677	26.725
MGG_10401T0	825	826	10	0.82918
MGG_15375T0	366	367	0	0
MGG_03842T0	3748	3749	2544	46.4762
MGG_18013T0	213	214	0	0
MGG_16170T0	469	470	0	0
MGG_12349T0	3975	3976	1634	28.1471
MGG_11702T0	2781	2782	2840	69.9181
MGG_14868T0	1963	1964	1036	36.1282
MGG_18101T0	504	505	45	6.10309
MGG_17385T0	2038	2039	2408	80.885
MGG_13455T0	2725	2726	1152	28.9438
MGG_01460T0	1130	1131	298.293	18.0638
MGG_15527T0	1517	1518	1224	55.2253
MGG_09760T0	1958	1959	604	21.1169
MGG_05359T0	3491	3492	5698.93	111.776
MGG_08744T0	6185	6186	2632	29.141
MGG_17340T0	614	615	9	1.0023
MGG_09181T0	1119	1120	1338	81.8214
MGG_09807T0	630	631	41	4.45024
MGG_00686T0	1527	1528	1840	82.4751
MGG_00939T0	2349	2350	1701	49.5753
MGG_10279T0	1512	1513	77	3.48562
MGG_07259T0	2912	2913	3166	74.4387
MGG_08104T0	1981	1982	3704	127.996
MGG_03474T0	1902	1903	72	2.59133
MGG_10724T0	1916	1917	95	3.39414
MGG_01969T0	4755	4756	2274	32.7474
MGG_06940T0	1798	1799	605	23.0331
MGG_06455T0	2656	2657	2928	75.4759
MGG_05338T0	1624	1625	352	14.836
MGG_01693T0	1806	1807	799.953	30.3204
MGG_15661T0	393	394	19	3.30283
MGG_04512T0	1813	1814	1713	64.6768
MGG_15393T0	1032	1033	171	11.3377
MGG_03097T0	1781	1782	237	9.10897
MGG_08520T0	1438	1439	93	4.4264
MGG_00049T0	2127	2128	1949	62.7291
MGG_03353T0	1258	1259	1474	80.1863
MGG_16939T0	405	406	0	0
MGG_03562T0	3761	3762	504	9.17572
MGG_15862T0	698	699	2	0.195966
MGG_13986T0	1999	2000	4786	163.897
MGG_08729T0	831	832	0	0
MGG_01232T0	1614	1615	5438	230.619
MGG_17419T0	168	169	8	3.24214
MGG_15373T0	1448	1449	7	0.330871
MGG_01760T0	2335	2336	1842	54.0064
MGG_12128T0	2746	2747	3295	82.1534
MGG_17292T0	240	241	0	0
MGG_08389T0	1297	1298	2600.64	137.225
MGG_02377T0	3269	3270	194.24	4.06835
MGG_04987T0	3916	3917	1625	28.4137
MGG_06562T0	1175	1176	26462	1541.15
MGG_16872T0	312	313	255	55.7988
MGG_16629T0	573	574	4450	530.978
MGG_16380T0	417	418	0	0
MGG_04359T0	3689	3690	754	13.995
MGG_01089T0	2049	2050	539	18.0079
MGG_05493T0	1092	1093	30	1.87988
MGG_17622T0	1625	1626	53	2.23246
MGG_13756T0	810	811	295	24.9132
MGG_16179T0	440	441	54.0697	8.39739
MGG_16179T1	436	437	0	0
MGG_07030T0	2153	2154	1436	45.6602
MGG_01770T0	1673	1674	1472.74	60.2559
MGG_18126T0	396	397	0	0
MGG_05288T0	2372	2373	415	11.9779
MGG_01095T0	2623	2624	747	19.4978
MGG_17390T0	871	872	106	8.32565
MGG_05345T0	2250	2251	3177	96.6652
MGG_03658T0	855	856	1898.48	151.901
MGG_04989T0	6775	6776	3046	30.7883
MGG_17721T0	963	964	473	33.6057
MGG_03133T0	3317	3318	247	5.09858
MGG_10267T0	2662	2663	196	5.04096
MGG_10031T0	1215	1216	431	24.2757
MGG_15965T0	1713	1714	0	0
MGG_07880T0	684	685	0	0
MGG_17808T0	255	256	15	4.0131
MGG_14850T0	794	795	1452	125.092
MGG_08894T0	987	988	570	39.5136
MGG_03115T0	3467	3468	112	2.21191
MGG_05066T0	1167	1168	49.5026	2.90278
MGG_17726T0	742	743	21	1.93579
MGG_04470T0	3086	3087	825.007	18.3042
MGG_09159T0	2017	2018	121	4.1067
MGG_00135T0	2042	2043	4299	144.121
MGG_06238T0	4217	4218	1771.74	28.7687
MGG_07545T0	1743	1744	1451	56.9836
MGG_07972T0	1260	1261	41.0571	2.22998
MGG_16087T0	231	232	18	5.3139
MGG_02096T0	3394	3395	956	19.2862
MGG_07037T0	6168	6169	4455	49.4609
MGG_03176T0	1272	1273	41	2.20589
MGG_09495T0	1311	1312	2150.72	112.274
MGG_09715T0	1493	1494	4444	203.729
MGG_00916T0	465	466	21	3.08647
MGG_06391T0	2373	2374	1130.01	32.6009
MGG_00146T0	1650	1651	1515.17	62.8557
MGG_07793T0	1038	1039	3203	211.14
MGG_03944T0	2625	2626	197	5.13807
MGG_13651T0	1622	1623	2587	109.171
MGG_11713T0	1979	1980	1071.49	37.0639
MGG_11447T0	1610	1611	453.397	19.2758
MGG_02997T0	480	481	460	65.5
MGG_14806T0	5449	5450	2056	25.8378
MGG_17636T0	603	604	11977.7	1358.2
MGG_03029T0	1368	1369	159	7.95467
MGG_03519T0	2151	2152	147	4.67847
MGG_11132T0	2254	2255	2527	76.7516
MGG_00781T0	2271	2272	30	0.90436
MGG_09817T0	2993	2994	335	7.6634
MGG_03428T0	792	793	47	4.05932
MGG_00394T0	987	988	56	3.88204
MGG_03585T0	1189	1190	43	2.47486
MGG_11091T0	702	703	16	1.55881
MGG_08155T1	1029	1030	18.746	1.24652
MGG_08155T0	1864	1865	250.604	9.20317
MGG_13410T0	555	556	2814	346.639
MGG_14869T0	568	569	510.311	61.4259
MGG_06156T1	3690	3691	84	1.5587
MGG_06156T0	3926	3927	0	0
MGG_16538T0	1485	1486	3	0.138271
MGG_15022T0	799	800	2061	176.448
MGG_02465T0	2209	2210	2942	91.1757
MGG_05681T0	1568	1569	465.463	20.3184
MGG_17924T0	267	268	10	2.55561
MGG_04859T0	2176	2177	173.422	5.456
MGG_16823T0	150	151	12	5.44293
MGG_12929T0	2128	2129	608.759	19.5839
MGG_06076T0	990	991	188.195	13.0066
MGG_16276T0	1992	1993	286	9.8285
MGG_04344T0	2426	2427	1841	51.9532
MGG_05021T0	471	472	241	34.9706
MGG_03764T0	1781	1782	11	0.422779
MGG_04912T0	3314	3315	733	15.1443
MGG_05469T0	444	445	1	0.153911
MGG_16702T0	174	175	1	0.391373
MGG_05790T0	1719	1720	11	0.438019
MGG_17896T0	240	241	78	22.167
MGG_16665T0	210	211	1	0.324598
MGG_05850T0	1669	1670	1804.21	73.9945
MGG_03968T0	1347	1348	253	12.8546
MGG_06534T0	1895	1896	4982	179.967
MGG_13597T0	1461	1462	100	4.68469
MGG_05238T0	965	966	13028.2	923.714
MGG_11654T0	1440	1441	23.2004	1.10271
MGG_04845T0	741	742	386	35.6297
MGG_12025T0	1152	1153	29	1.72265
MGG_11712T0	2936	2937	1261.82	29.4255
MGG_04122T0	1744	1745	205	8.04613
MGG_14085T0	1568	1569	179.182	7.82167
MGG_09000T0	2160	2161	4	0.126775
MGG_00183T0	5039	5040	2703	36.732
MGG_05222T0	2861	2862	1824.07	43.6517
MGG_15827T0	237	238	7	2.01442
MGG_04609T0	2921	2922	240	5.62548
MGG_01546T0	249	250	326	89.3113
MGG_03807T0	1641	1642	12	0.500538
MGG_03017T0	2812	2813	920	22.3999
MGG_17531T0	3220	3221	9275	197.22
MGG_17581T0	576	577	34	4.03582
MGG_09947T0	5437	5438	3400	42.8221
MGG_09885T0	2044	2045	769.278	25.7643
MGG_10059T0	1918	1919	1223	43.6496
MGG_04711T0	1549	1550	147	6.49553
MGG_05230T0	1674	1675	157	6.41968
MGG_03158T0	3505	3506	31	0.60559
MGG_03313T0	4354	4355	999	15.7111
MGG_03322T0	3278	3279	1166	24.3549
MGG_14909T0	398	399	63	10.8142
MGG_11311T0	1815	1816	1356	51.1414
MGG_01050T0	3009	3010	1351	30.741
MGG_00314T0	1965	1966	2143	74.6564
MGG_17285T0	312	313	88.4001	19.3436
MGG_08916T0	2301	2302	213	6.33728
MGG_10927T0	1044	1045	1	0.0655409
MGG_03192T0	2451	2452	1567	43.7701
MGG_01417T0	2147	2148	110	3.50741
MGG_12568T0	1476	1477	76	3.52421
MGG_08561T0	3265	3266	3265.6	68.4818
MGG_12844T0	2742	2743	539.754	13.4772
MGG_05603T0	1208	1209	330.163	18.7038
MGG_15980T0	378	379	0	0
MGG_05379T0	4468	4469	1884	28.8735
MGG_02789T0	1844	1845	733	27.2105
MGG_16839T0	300	301	18	4.09576
MGG_17311T0	590	591	37	4.28788
MGG_03933T0	1500	1501	166	7.57454
MGG_12247T0	663	664	50305	5188.86
MGG_00754T0	1829	1830	2958	110.707
MGG_04802T0	1982	1983	920	31.7756
MGG_17472T0	1806	1807	1531	58.0291
MGG_18070T0	264	265	0	0
MGG_15478T0	534	535	470	60.169
MGG_04744T0	2193	2194	839	26.1911
MGG_02464T0	3323	3324	3304	68.0781
MGG_06003T0	634	635	5987	645.75
MGG_17915T0	330	331	111	22.968
MGG_17752T0	345	346	0	0
MGG_12315T0	1094	1095	654	40.9065
MGG_10436T0	402	403	1	0.169951
MGG_10843T0	1713	1714	734	29.3301
MGG_16381T0	285	286	0	0
MGG_11813T0	1044	1045	876	57.4138
MGG_04525T0	1431	1432	794	37.9757
MGG_05049T0	4330	4331	715	11.307
MGG_00537T0	2639	2640	1178.08	30.5633
MGG_00537T1	2569	2570	395.919	10.5512
MGG_02656T0	7725	7726	1029	9.12198
MGG_15848T0	411	412	7	1.16367
MGG_17036T0	231	232	41	12.1039
MGG_15210T0	1530	1531	9	0.402621
MGG_16741T0	1008	1009	86	5.83762
MGG_00020T0	1524	1525	0	0
MGG_05116T0	2737	2738	793	19.8367
MGG_12114T0	219	220	536	166.867
MGG_11859T0	1475	1476	154	7.146
MGG_10322T0	1560	1561	1820	79.8541
MGG_05960T0	6202	6203	616	6.80154
MGG_03126T0	2230	2231	715	21.95
MGG_12599T0	2039	2040	580	19.4727
MGG_16845T0	324	325	3	0.632218
MGG_13019T0	801	802	3019	257.82
MGG_09367T0	1011	1012	11382	770.312
MGG_06746T0	423	424	13	2.09994
MGG_07609T0	765	766	64	5.72242
MGG_06862T1	3180	3181	2673.55	57.5644
MGG_06862T0	2760	2761	376.445	9.33822
MGG_05686T0	1905	1906	1858	66.7654
MGG_06340T0	675	676	0	0
MGG_10216T0	1464	1465	21	0.981771
MGG_03048T0	3114	3115	1600.57	35.192
MGG_05108T0	636	637	47	5.05344
MGG_17870T0	195	196	2	0.69888
MGG_03116T0	2789	2790	2130	52.2882
MGG_05101T0	1167	1168	326	19.1163
MGG_12137T0	1820	1821	1345.35	50.6003
MGG_02392T0	192	193	12142	4308.85
MGG_01328T0	710	711	379	36.5089
MGG_11040T0	1820	1821	2739	103.017
MGG_06257T0	2406	2407	1484	42.2266
MGG_01991T0	1996	1997	1118	38.3436
MGG_06723T0	744	745	2855	262.469
MGG_03418T0	2066	2067	19388	642.423
MGG_09946T0	1344	1345	359	18.281
MGG_03502T0	2679	2680	586	14.9758
MGG_09516T0	3040	3041	1548	34.8645
MGG_02273T0	651	652	1	0.105046
MGG_09539T0	1594	1595	999	42.8976
MGG_16201T0	1124	1125	10311	627.736
MGG_17706T0	204	205	4	1.33639
MGG_02763T0	2262	2263	2211	66.9164
MGG_14793T0	490	491	21	2.92932
MGG_09793T0	823	824	11	0.914311
MGG_07244T0	1140	1141	577	34.6353
MGG_11472T0	603	604	25	2.83486
MGG_07335T0	2516	2517	5532	150.532
MGG_06131T1	3254	3255	504.193	10.609
MGG_06131T0	1879	1880	1102.75	40.1744
MGG_06131T2	3006	3007	699.766	15.9385
MGG_14388T0	606	607	0	0
MGG_17851T0	180	181	0	0
MGG_04892T0	562	563	35	4.25783
MGG_16071T0	240	241	3	0.852576
MGG_07711T0	2351	2352	2869	83.5453
MGG_03208T0	2729	2730	62	1.55546
MGG_06968T0	2256	2257	682	20.6958
MGG_16345T0	294	295	0	0
MGG_17239T0	429	430	9	1.43352
MGG_16959T0	237	238	0	0
MGG_15085T0	3208	3209	252	5.37848
MGG_09926T0	2122	2123	7211	232.635
MGG_17060T1	4863	4864	4373.63	61.5853
MGG_17060T0	2553	2554	950.254	25.4828
MGG_09968T0	944	945	34	2.4642
MGG_11685T0	1977	1978	1751.18	60.6365
MGG_02125T0	1728	1729	1419	56.2103
MGG_01318T0	1257	1258	2142	116.619
MGG_16743T0	3632	3633	240.101	4.52645
MGG_01867T0	1897	1898	536	19.3418
MGG_10803T0	1179	1180	5427	314.997
MGG_08467T0	1236	1237	0	0
MGG_14270T0	2408	2409	2371	67.4099
MGG_02043T0	1065	1066	139	8.93072
MGG_16661T0	582	583	0	0
MGG_14438T0	441	442	0	0
MGG_15168T0	1261	1262	37	2.00803
MGG_10204T0	1130	1131	380.088	23.0171
MGG_02518T0	3142	3143	432	9.41387
MGG_08562T0	2731	2732	349	8.7493
MGG_03508T0	2693	2694	752	19.1183
MGG_06843T0	2407	2408	836	23.7782
MGG_03506T0	1725	1726	3734	148.171
MGG_17556T0	501	502	15.1395	2.06555
MGG_15728T0	1944	1945	45	1.58461
MGG_01012T0	4286	4287	2512.66	40.143
MGG_03093T0	1450	1451	1584.52	74.7924
MGG_14706T0	1255	1256	0	0
MGG_08276T0	1839	1840	489	18.202
MGG_01233T1	1936	1937	5060.71	178.941
MGG_01233T0	2170	2171	35.2901	1.11333
MGG_10183T0	1322	1323	694.596	35.9584
MGG_09139T0	2864	2865	369	8.82126
MGG_08313T0	957	958	12	0.857915
MGG_10663T0	1710	1711	159	6.36467
MGG_07517T0	2768	2769	15330.8	379.202
MGG_09055T0	1260	1261	1267	68.8161
MGG_00362T0	1549	1550	676	29.8706
MGG_11561T0	5088	5089	217	2.92049
MGG_09540T0	2380	2381	3325	95.6447
MGG_04956T0	2103	2104	3796	123.569
MGG_09193T0	1861	1862	3887	142.976
MGG_00779T0	2360	2361	732	21.2346
MGG_05575T0	894	895	154	11.7849
MGG_03509T0	1572	1573	3	0.130623
MGG_01244T0	4087	4088	2025	33.9268
MGG_03427T0	1548	1549	21	0.928531
MGG_06538T0	755	756	1639	148.486
MGG_06832T0	1920	1921	796	28.3801
MGG_05572T0	2901	2902	333.528	7.8716
MGG_17840T0	852	853	88	7.06582
MGG_07677T0	780	781	5	0.438478
MGG_16507T0	870	871	17	1.33678
MGG_10676T0	561	562	1778	216.683
MGG_08108T0	1103	1104	418	25.932
MGG_04312T0	1308	1309	327	17.1095
MGG_08055T0	1320	1321	419.467	21.7482
MGG_03056T0	2255	2256	63	1.91263
MGG_05941T0	1796	1797	238	9.07105
MGG_15041T0	1152	1153	1574	93.4984
MGG_04641T0	1910	1911	616.231	22.0857
MGG_03347T0	1537	1538	5224	232.635
MGG_04544T0	1520	1521	609	27.4231
MGG_13058T0	3068	3069	438	9.77475
MGG_16733T0	2356	2357	56.0681	1.62924
MGG_08943T0	1350	1351	0	0
MGG_05045T0	651	652	5	0.525232
MGG_10289T0	1944	1945	1158.92	40.8097
MGG_00343T0	2987	2988	509	11.6672
MGG_01891T0	705	706	12	1.16414
MGG_04328T0	1881	1882	1473	53.6058
MGG_16966T0	1560	1561	203	8.9068
MGG_06434T0	990	991	511	35.3164
MGG_08291T0	462	463	8267	1222.91
MGG_04411T0	704	705	435	42.2599
MGG_17260T0	303	304	147	33.1186
MGG_07402T0	1169	1170	5388	315.406
MGG_15680T0	168	169	0	0
MGG_15740T0	772	773	19	1.68346
MGG_04629T0	4769	4770	3532	50.7144
MGG_06045T0	1228	1229	1633	91.0045
MGG_00257T0	1095	1096	382	23.8716
MGG_03360T0	2808	2809	3318	80.9009
MGG_06866T0	1228	1229	135	7.52334
MGG_00544T0	588	589	581	67.56
MGG_03481T0	3052	3053	4184	93.8628
MGG_17086T0	165	166	10	4.12592
MGG_03852T0	1917	1918	726.389	25.9388
MGG_17579T0	474	475	0	0
MGG_15505T0	600	601	27	3.07693
MGG_02216T1	1498	1499	701.609	32.057
MGG_02216T0	1551	1552	344.428	15.1997
MGG_15787T0	1129	1130	4.1906e-06	2.53996e-07
MGG_14814T0	2011	2012	651.716	22.185
MGG_01764T0	1423	1424	190.036	9.14019
MGG_02056T0	2791	2792	240	5.88741
MGG_17057T0	1050	1051	77	5.01784
MGG_15362T0	736	737	73	6.78397
MGG_09674T0	1659	1660	0	0
MGG_13033T0	1720	1721	1766	70.2811
MGG_14404T0	2181	2182	563.116	17.6755
MGG_02272T0	1581	1582	14	0.606108
MGG_17834T0	710	711	28	2.69722
MGG_16624T0	168	169	0	0
MGG_05607T0	2529	2530	1962.06	53.1155
MGG_10356T0	1470	1471	28	1.30369
MGG_00097T0	1908	1909	572.755	20.549
MGG_09156T0	1840	1841	427	15.8856
MGG_00778T0	1800	1801	705	26.8104
MGG_16320T0	222	223	0	0
MGG_07733T0	966	967	24	1.69986
MGG_12646T0	3316	3317	2833	58.4965
MGG_06320T0	4624	4625	8721	129.147
MGG_16756T0	3007	3008	1857	42.2827
MGG_00697T0	1186	1187	1312	75.7028
MGG_05683T0	4700	4701	284	4.13768
MGG_07346T0	1107	1108	219	13.5373
MGG_00266T0	867	868	0	0
MGG_18023T0	342	343	1	0.19968
MGG_09029T0	1529	1530	658	29.4553
MGG_10312T0	1743	1744	1084	42.5708
MGG_13974T0	360	361	0	0
MGG_16005T0	213	214	0	0
MGG_10299T0	684	685	0	0
MGG_17414T0	198	199	28	9.63682
MGG_04458T0	1479	1480	655.321	30.3264
MGG_09778T0	2190	2191	554	17.3179
MGG_16663T0	186	187	0	0
MGG_05209T0	3383	3384	2043	41.3492
MGG_14831T0	7755	7756	20144	177.884
MGG_00467T0	3121	3122	390	8.55579
MGG_01679T0	1073	1074	14584.9	930.094
MGG_09706T0	2102	2103	796	25.924
MGG_02218T0	1005	1006	21	1.42972
MGG_10334T0	2047	2048	2083	69.6607
MGG_11915T0	267	268	25	6.38901
MGG_00884T0	2176	2177	6646	209.089
MGG_14737T0	1609	1610	102.754	4.37122
MGG_12300T0	1308	1309	3220	168.479
MGG_01006T0	1062	1063	1922.21	123.85
MGG_08983T0	1370	1371	1727	86.2747
MGG_04648T0	2224	2225	883	27.1806
MGG_13192T0	2749	2750	12910	321.531
MGG_03705T0	3261	3262	1374	28.849
MGG_00839T0	1101	1102	865	53.7605
MGG_01506T0	1533	1534	7432	331.825
MGG_09734T0	3869	3870	1170	20.7063
MGG_17090T0	336	337	4	0.81294
MGG_03930T0	501	502	5292	722.013
MGG_09412T0	3091	3092	3838.11	85.0172
MGG_10477T0	888	889	97	7.47306
MGG_01311T0	3220	3221	2399.65	51.0254
MGG_11674T0	327	328	0	0
MGG_07202T0	2074	2075	11100	366.381
MGG_09964T0	2205	2206	5	0.155236
MGG_03494T0	1383	1384	2987	147.818
MGG_01977T0	2208	2209	627	19.4402
MGG_18028T0	599	600	20	2.28301
MGG_16239T0	758	759	37	3.33879
MGG_05248T0	1105	1106	17531.5	1085.65
MGG_09833T0	1646	1647	304	12.6418
MGG_10856T0	821	822	3404.87	283.699
MGG_04185T0	4021	4022	2472	42.0954
MGG_14703T0	1158	1159	149	8.80504
MGG_12392T0	3472	3473	417	8.22356
MGG_04806T0	1503	1504	1572	71.5869
MGG_09303T0	3690	3691	8464	157.058
MGG_16116T0	4641	4642	695	10.2544
MGG_05528T0	1291	1292	2421	128.34
MGG_16061T0	384	385	0	0
MGG_16830T0	2663	2664	295	7.58432
MGG_03374T0	1501	1502	240	10.9438
MGG_08647T0	1420	1421	64	3.08471
MGG_17496T0	213	214	0	0
MGG_15293T0	1200	1201	353	20.1308
MGG_11216T0	2830	2831	1134	27.4348
MGG_14609T0	1347	1348	737	37.4461
MGG_05044T0	4539	4540	538	8.11624
MGG_09902T0	867	868	1683	132.798
MGG_17938T0	640	641	3	0.320547
MGG_16374T0	1424	1425	515	24.7526
MGG_07885T0	2543	2544	230.838	6.21469
MGG_14151T0	2124	2125	9	0.290076
MGG_14667T0	966	967	150	10.6241
MGG_12163T0	636	637	834	89.6717
MGG_01423T0	2367	2368	3743.33	108.269
MGG_13948T0	1305	1306	425	22.2882
MGG_00294T0	2013	2014	482	16.3914
MGG_08287T0	1565	1566	576.411	25.2098
MGG_08287T1	1399	1400	1719.59	84.1251
MGG_10321T0	1773	1774	654	25.2495
MGG_02517T0	3555	3556	788	15.1773
MGG_17459T0	570	571	1	0.119948
MGG_05570T0	976	977	366	25.6575
MGG_17954T0	482	483	45	6.38108
MGG_17857T0	420	421	8	1.30148
MGG_15350T0	450	451	119	18.0717
MGG_12679T0	1458	1459	58	2.72271
MGG_02922T0	1672	1673	129.577	5.30468
MGG_03225T0	2492	2493	2936	80.6608
MGG_08589T0	1486	1487	229.816	10.5852
MGG_07287T0	3294	3295	1448	30.0983
MGG_15964T0	249	250	6.07387	1.664
MGG_05600T0	2544	2545	1966	52.9084
MGG_08464T0	1053	1054	3515	228.409
MGG_17982T0	1783	1784	499.731	19.1853
MGG_00529T0	4579	4580	2448	36.6079
MGG_04332T0	1101	1102	3	0.186453
MGG_03178T0	2517	2518	349	9.49289
MGG_02692T0	954	955	147	10.5425
MGG_05938T0	1456	1457	153	7.19218
MGG_10774T0	388	389	2	0.352135
MGG_03881T0	4342	4343	1317.96	20.7846
MGG_07937T0	1173	1174	526.934	30.7409
MGG_16744T0	3529	3530	2070.9	40.1803
MGG_15040T0	1143	1144	0	0
MGG_17832T0	390	391	2	0.350334
MGG_10766T0	1593	1594	0	0
MGG_11343T0	2690	2691	2174	55.3318
MGG_15263T0	1132	1133	34	2.05531
MGG_00844T0	3350	3351	560.914	11.4644
MGG_01578T0	2198	2199	2337	72.7884
MGG_18120T0	162	163	4	1.68074
MGG_03067T0	5536	5537	75	0.927717
MGG_00174T0	2875	2876	1002	23.862
MGG_02234T0	537	538	32	4.07377
MGG_17520T0	165	166	63	25.9933
MGG_16610T0	543	544	1	0.125901
MGG_16410T0	2752	2753	4952	123.198
MGG_09330T0	1860	1861	1202	44.2371
MGG_10447T0	1507	1508	49102	2230.11
MGG_13510T0	2264	2265	354.118	10.708
MGG_16237T0	588	589	14	1.62795
MGG_07103T0	5120	5121	2100.07	28.0871
MGG_10051T0	1244	1245	22691	1248.28
MGG_17049T0	444	445	2	0.307821
MGG_16509T0	771	772	32	2.83897
MGG_12828T0	2491	2492	3089	84.8982
MGG_10187T0	3272	3273	4629.26	96.8712
MGG_01052T0	2648	2649	937	24.2263
MGG_06220T0	1329	1330	161	8.29092
MGG_15531T0	464	465	10	1.47291
MGG_07220T0	1629	1630	14250	598.764
MGG_09916T0	1330	1331	10250	527.442
MGG_17580T0	369	370	0	0
MGG_01298T0	1490	1491	188	8.63592
MGG_18091T0	105	106	0	0
MGG_16789T0	273	274	0	0
MGG_09360T0	1668	1669	192.207	7.88752
MGG_10701T0	1116	1117	321	19.6825
MGG_03416T0	603	604	400	45.3578
MGG_03746T0	1059	1060	9	0.581521
MGG_14711T0	2397	2398	138	3.94147
MGG_01110T0	682	683	6943.86	696.32
MGG_01690T0	963	964	1500	106.572
MGG_08214T0	423	424	0	0
MGG_17025T0	480	481	5.06655	0.721433
MGG_02720T0	1077	1078	39	2.47785
MGG_05157T0	931	932	80	5.87899
MGG_16076T0	600	601	949.023	108.151
MGG_16379T0	315	316	2939	637.003
MGG_04831T0	3991	3992	1758.01	30.162
MGG_08152T0	1710	1711	6950	278.204
MGG_10685T0	2688	2689	1976	50.3298
MGG_10916T0	2332	2333	32	0.939429
MGG_08367T0	3203	3204	2988	63.8729
MGG_00867T0	1052	1053	1464.94	95.2843
MGG_08663T0	2989	2990	1891.68	43.3316
MGG_01292T0	2284	2285	1308	39.2058
MGG_07912T0	1997	1998	2463.53	84.4483
MGG_07398T0	417	418	0	0
MGG_15367T0	384	385	3	0.53369
MGG_00296T0	2665	2666	4442.16	114.12
MGG_10371T0	843	844	602	48.852
MGG_05940T0	1429	1430	1358	65.0418
MGG_10806T0	3129	3130	243	5.31729
MGG_02719T0	2713	2714	2564	64.7048
MGG_03389T0	1897	1898	4691	169.277
MGG_08346T0	1071	1072	2	0.12778
MGG_17639T0	585	586	0	0
MGG_01997T0	1301	1302	72	3.78748
MGG_16425T0	1994	1995	230	7.89612
MGG_13884T0	597	598	8	0.916257
MGG_04070T0	2408	2409	458	13.0214
MGG_02095T0	996	997	553	37.9891
MGG_13308T0	2100	2101	164.721	5.36971
MGG_00215T0	927	928	20	1.47608
MGG_01114T0	1410	1411	139	6.74709
MGG_06198T0	3375	3376	1767	35.8478
MGG_16267T0	502	503	9	1.22547
MGG_15935T0	225	226	0	0
MGG_14595T0	969	970	210	14.8278
MGG_08318T0	1474	1475	240	11.1442
MGG_01667T0	642	643	5247	558.893
MGG_02521T0	1806	1807	474	17.9659
MGG_16537T0	348	349	0	0
MGG_17284T0	1068	1069	0	0
MGG_13782T0	1305	1306	20814	1091.54
MGG_07373T0	666	667	0	0
MGG_07965T0	1216	1217	124	6.97846
MGG_03597T0	2951	2952	1371	31.809
MGG_06676T0	783	784	247.049	21.5822
MGG_10429T0	1893	1894	1143	41.3328
MGG_12335T0	2622	2623	2847	74.3392
MGG_17288T0	817	818	141.881	11.8796
MGG_11317T0	3122	3123	9374	205.58
MGG_14173T0	6297	6298	2581	28.0682
MGG_04608T0	3967	3968	1278	22.0591
MGG_06782T0	2283	2284	697	20.9009
MGG_16630T0	1434	1435	3905	186.379
MGG_15700T0	2138	2139	32821	1050.92
MGG_11999T0	1549	1550	261	11.5329
MGG_06735T0	2853	2854	1643	39.4287
MGG_13591T0	6960	6961	7	0.068874
MGG_04879T0	1442	1443	667	31.6583
MGG_07646T0	2592	2593	8	0.211308
MGG_13783T0	3948	3949	2380	41.278
MGG_00156T0	966	967	292	20.6816
MGG_10335T0	345	346	0	0
MGG_10569T0	2042	2043	4473.97	149.987
MGG_01906T0	1340	1341	47	2.40048
MGG_17169T0	1848	1849	893	33.0783
MGG_17814T0	735	736	408	37.9674
MGG_15461T0	528	529	0	0
MGG_03432T0	2136	2137	4	0.128199
MGG_03376T0	3539	3540	3337	64.5627
MGG_13798T0	1092	1093	150	9.39939
MGG_12142T0	195	196	0	0
MGG_11774T0	2541	2542	4916	132.454
MGG_08542T0	3716	3717	35	0.644917
MGG_10276T0	597	598	11	1.25985
MGG_05203T0	1488	1489	7567	348.063
MGG_05446T0	1667	1668	1655.84	67.9908
MGG_04933T0	2979	2980	489	11.2388
MGG_16924T0	1441	1442	1658	78.7495
MGG_07603T0	969	970	279	19.6998
MGG_08146T0	2422	2423	3184.31	90.01
MGG_06129T0	1222	1223	828	46.3695
MGG_02536T0	2986	2987	3044	69.7972
MGG_04451T0	435	436	362	56.8657
MGG_11063T0	2058	2059	1361	45.2721
MGG_05283T0	1791	1792	1931.89	73.837
MGG_03330T0	1708	1709	1135	45.4865
MGG_05827T0	1329	1330	3	0.154489
MGG_16941T0	378	379	0	0
MGG_00579T0	1122	1123	6	0.365932
MGG_09850T0	5182	5183	4177	55.1965
MGG_13787T0	162	163	872	366.402
MGG_03491T0	2010	2011	190.489	6.48764
MGG_07011T0	2254	2255	399	12.1187
MGG_08670T0	1539	1540	244	10.8517
MGG_18033T0	162	163	2	0.840371
MGG_00190T0	1455	1456	579	27.2362
MGG_15303T0	366	367	0	0
MGG_15145T0	1114	1115	96.3254	5.9169
MGG_05405T0	1413	1414	7	0.339061
MGG_06392T0	1943	1944	7095	249.968
MGG_05170T0	1353	1354	1534.71	77.6311
MGG_16990T0	1682	1683	29	1.18016
MGG_09743T0	1051	1052	3183	207.229
MGG_12354T0	912	913	258.959	19.4262
MGG_06544T0	2200	2201	859.151	26.7349
MGG_09648T0	570	571	25	2.9987
MGG_17894T0	471	472	125	18.1383
MGG_11746T0	679	680	32	3.22307
MGG_13262T0	2649	2650	310.8	8.03273
MGG_11351T0	3611	3612	1029	19.5118
MGG_17380T0	243	244	8	2.24558
MGG_16728T0	1526	1527	4194	188.113
MGG_09486T0	920	921	318	23.6481
MGG_17800T0	291	292	6	1.40733
MGG_16586T0	303	304	4	0.901187
MGG_01674T0	5524	5525	7295	90.4319
MGG_06360T0	5446	5447	1243	15.6294
MGG_13031T0	2451	2452	605	16.8991
MGG_05530T0	1197	1198	457	26.1269
MGG_08446T0	2016	2017	222	7.53834
MGG_14513T0	1881	1882	1532.13	55.7578
MGG_00966T0	1932	1933	3627	128.512
MGG_03677T0	1700	1701	661	26.615
MGG_09380T0	1032	1033	1	0.0663023
MGG_15036T0	654	655	344	35.9704
MGG_04013T0	763	764	1115	99.9563
MGG_04564T0	3344	3345	9811	200.884
MGG_08372T0	321	322	2	0.425405
MGG_02339T0	465	466	4291	630.669
MGG_09146T0	1484	1485	74	3.41298
MGG_10412T0	3126	3127	798	17.4785
MGG_03044T0	1622	1623	203	8.56655
MGG_03584T0	1764	1765	3424	132.867
MGG_09459T0	1263	1264	642	34.787
MGG_14069T0	3003	3004	67	1.52758
MGG_15121T0	513	514	29	3.86423
MGG_00432T0	999	1000	33811	2315.72
MGG_07737T0	8347	8348	953	7.81878
MGG_07061T0	2505	2506	390	10.6589
MGG_07744T0	2045	2046	603	20.1855
MGG_01801T0	2417	2418	430	12.1798
MGG_17797T0	657	658	40	4.16354
MGG_08747T0	672	673	0	0
MGG_05657T0	890	891	3709	285.107
MGG_15418T0	945	946	11	0.796398
MGG_08546T0	507	508	39	5.25811
MGG_00906T0	1483	1484	268.218	12.3789
MGG_04038T0	2198	2199	483.62	15.0629
MGG_04074T0	1740	1741	185	7.27782
MGG_09124T0	6221	6222	2711	29.842
MGG_05643T0	6387	6388	1318	14.1312
MGG_07598T0	1581	1582	1	0.0432934
MGG_16209T0	396	397	2	0.345039
MGG_01369T0	2046	2047	333	11.1418
MGG_06650T0	1867	1868	5931	217.46
MGG_02120T0	1803	1804	6	0.227795
MGG_02112T0	1346	1347	105	5.33888
MGG_03457T0	843	844	12	0.973795
MGG_11732T0	1886	1887	600	21.7775
MGG_02665T0	6411	6412	983	10.5
MGG_17577T0	381	382	11	1.97223
MGG_08429T0	2182	2183	1855	58.1994
MGG_09392T0	3407	3408	1347	27.0705
MGG_15094T0	1506	1507	64	2.90868
MGG_00849T0	2132	2133	719	23.087
MGG_17108T0	216	217	33	10.4156
MGG_06953T0	918	919	3667	273.29
MGG_07723T0	1634	1635	187	7.83344
MGG_09220T0	381	382	0	0
MGG_13713T0	849	850	96	7.73537
MGG_07462T0	1929	1930	2659	94.3604
MGG_04468T0	3850	3851	1530	27.2111
MGG_14377T0	304	305	3	0.673674
MGG_04660T0	2087	2088	2725	89.385
MGG_04170T0	2187	2188	200	6.26053
MGG_02595T0	3243	3244	8836.5	186.564
MGG_15807T0	1568	1569	984.558	42.9781
MGG_01502T0	2902	2903	1728.18	40.7728
MGG_10494T0	2495	2496	3501.08	96.0697
MGG_03202T0	1059	1060	574	37.0881
MGG_02764T0	1995	1996	181	6.21079
MGG_05466T0	3079	3080	186	4.1361
MGG_00390T0	780	781	96	8.41877
MGG_03956T0	1019	1020	583	39.1469
MGG_10071T0	1599	1600	2	0.0856128
MGG_00373T0	4354	4355	3850	60.5482
MGG_09480T0	1395	1396	1708	83.7975
MGG_17920T0	273	274	921	230.217
MGG_02843T0	2315	2316	1016.91	30.0727
MGG_01887T0	3580	3581	244	4.66675
MGG_00260T0	858	859	34	2.71091
MGG_00949T0	2027	2028	2801	94.5962
MGG_13449T0	2114	2115	3	0.0971493
MGG_12745T0	2247	2248	770	23.4597
MGG_07150T0	3926	3927	1455	25.3764
MGG_13894T0	1833	1834	827	30.8841
MGG_10744T0	2107	2108	4825	156.767
MGG_09384T0	1850	1851	2256.8	83.5055
MGG_10530T0	1596	1597	472	20.2426
MGG_12869T0	3383	3384	2041	41.3087
MGG_04674T0	3459	3460	3314	65.6002
MGG_00746T0	4908	4909	849	11.8452
MGG_01654T0	2769	2770	2454	60.6769
MGG_08595T0	1384	1385	3289.21	162.656
MGG_12739T0	1575	1576	2350	102.127
MGG_16746T0	408	409	3	0.502373
MGG_01670T0	2263	2264	1411	42.6854
MGG_04319T0	1320	1321	131.316	6.80839
MGG_00123T0	4347	4348	1522.57	23.9836
MGG_04946T0	1372	1373	55	2.7436
MGG_11026T0	2750	2751	1423	35.4277
MGG_09627T0	474	475	2	0.28838
MGG_01219T0	1164	1165	144	8.46575
MGG_03141T0	2335	2336	1132.88	33.2154
MGG_01392T0	546	547	4	0.500843
MGG_13775T0	572	573	2100	251.011
MGG_17655T0	890	891	721.687	55.4753
MGG_03027T0	2411	2412	850	24.1363
MGG_05143T0	1233	1234	227	12.5991
MGG_10070T0	1542	1543	0	0
MGG_03414T0	1285	1286	2552	135.915
MGG_00802T0	1479	1480	769	35.5872
MGG_17051T0	153	154	23	10.2291
MGG_15125T0	474	475	28	4.03732
MGG_06127T0	1228	1229	9879.59	550.574
MGG_10926T0	1082	1083	703	44.4586
MGG_17110T0	343	344	54	10.7514
MGG_06523T0	1971	1972	111.61	3.87636
MGG_07027T0	7155	7156	3427	32.7999
MGG_15642T0	159	160	3	1.28419
MGG_06461T0	1668	1669	1118.99	45.9195
MGG_09514T0	1867	1868	739	27.0954
MGG_03964T0	2414	2415	1396	39.591
MGG_06964T0	1700	1701	2255	90.7969
MGG_17537T0	905	906	7.24525	0.547714
MGG_16759T0	330	331	9	1.86227
MGG_04556T0	1577	1578	4057	176.087
MGG_15185T0	1197	1198	491	28.0707
MGG_15392T0	1170	1171	14	0.818841
MGG_02045T0	3752	3753	1373	25.0565
MGG_18115T0	471	472	47.7334	6.92642
MGG_17871T0	960	961	27	1.92428
MGG_09199T0	2144	2145	1321	42.1798
MGG_02593T0	1065	1066	346	22.2304
MGG_00810T0	2057	2058	1339.14	44.5666
MGG_00937T0	5954	5955	1395	16.0443
MGG_01100T0	1955	1956	753	26.3666
MGG_06861T0	492	493	13	1.80603
MGG_05176T0	2798	2799	4211	103.041
MGG_17709T0	249	250	3	0.821883
MGG_03465T0	2301	2302	11764	350.008
MGG_14400T0	3891	3892	2965.19	52.1805
MGG_17745T0	216	217	3	0.94687
MGG_00181T0	1503	1504	521	23.7257
MGG_03413T0	2433	2434	1162	32.6975
MGG_15089T0	757	758	452.177	40.8571
MGG_03080T0	3331	3332	1965	40.3911
MGG_17900T0	3561	3562	4661	89.6218
MGG_15193T0	828	829	2	0.165236
MGG_16562T0	564	565	46.7895	5.6719
MGG_10265T0	1711	1712	1807	72.2908
MGG_14902T0	1978	1979	2048	70.8782
MGG_13172T0	2622	2623	639	16.6852
MGG_12095T0	1451	1452	4759.95	224.525
MGG_03983T0	1810	1811	1102.87	41.7096
MGG_04926T0	2112	2113	6987	226.475
MGG_04087T0	2097	2098	2991	97.6427
MGG_13790T0	6147	6148	1995	22.2248
MGG_15225T0	444	445	79	12.1589
MGG_11597T0	2808	2809	8168	199.156
MGG_06635T0	1764	1765	80	3.10437
MGG_11878T0	2367	2368	1582	45.7566
MGG_15874T0	528	529	12147	1572.69
MGG_05944T0	2263	2264	1655.36	50.0776
MGG_07468T0	4904	4905	5457	76.198
MGG_16219T0	2535	2536	12397	334.808
MGG_04066T0	4758	4759	3091	44.4848
MGG_13805T0	1200	1201	382	21.7846
MGG_03700T0	5906	5907	790	9.15986
MGG_10247T0	1509	1510	19	0.861798
MGG_16964T0	669	670	82	8.38239
MGG_08988T0	2422	2423	13	0.367467
MGG_07327T0	3895	3896	3186.6	56.0192
MGG_10042T0	594	595	0	0
MGG_09942T0	2185	2186	2026	63.4772
MGG_05220T0	5108	5109	3030	40.6196
MGG_07135T0	873	874	1252	98.1119
MGG_06008T0	768	769	50	4.4532
MGG_09109T0	1174	1175	5.03581	0.293535
MGG_16072T0	225	226	0	0
MGG_09364T0	789	790	133	11.5306
MGG_00896T0	3265	3266	1168	24.4938
MGG_08118T0	2567	2568	13365	356.453
MGG_00594T0	6781	6782	2020	20.3996
MGG_03549T0	2805	2806	632	15.4262
MGG_09923T0	2389	2390	1591	45.5933
MGG_05955T0	2949	2950	303	7.03476
MGG_17363T0	228	229	177	52.9379
MGG_05464T0	3092	3093	256	5.66877
MGG_06674T0	3310	3311	677.275	14.0099
MGG_05038T0	2300	2301	115	3.42302
MGG_14291T0	1803	1804	176	6.68197
MGG_07271T0	1535	1536	1846	82.3131
MGG_06583T0	1841	1842	856	31.8283
MGG_01521T0	1314	1315	3517	183.179
MGG_04583T0	1152	1153	44	2.61368
MGG_09554T0	1491	1492	494	22.6771
MGG_15255T0	743	744	7	0.644397
MGG_16656T0	270	271	2	0.505463
MGG_02466T0	1095	1096	10384	648.907
MGG_04240T0	1356	1357	2233	112.704
MGG_18107T0	756	757	0	0
MGG_16022T0	299	300	0	0
MGG_06457T0	4142	4143	4079	67.4322
MGG_02240T0	4064	4065	1877.69	31.6367
MGG_03185T0	2489	2490	31165	857.228
MGG_06992T0	2924	2925	1199.29	28.0819
MGG_00678T0	1070	1071	1005	64.2695
MGG_00788T0	1238	1239	2135	118.02
MGG_03466T0	618	619	9	0.995819
MGG_07142T0	1453	1454	462	21.7624
MGG_17299T0	468	469	0	0
MGG_03870T0	3006	3007	585	13.3245
MGG_16154T0	2367	2368	437.725	12.6604
MGG_03121T0	3824	3825	2233	39.984
MGG_17202T0	156	157	2	0.872487
MGG_05893T0	787	788	33	2.86825
MGG_17290T0	207	208	0	0
MGG_16042T0	867	868	7	0.552341
MGG_06401T0	2854	2855	896.93	21.517
MGG_09414T0	1053	1054	5362	348.429
MGG_15514T0	481	482	0	0
MGG_04561T0	1069	1070	124	7.93719
MGG_10098T0	1593	1594	35	1.50386
MGG_09677T0	1801	1802	24	0.91219
MGG_13428T0	1817	1818	101	3.80501
MGG_13963T0	1955	1956	246	8.6138
MGG_05413T0	2251	2252	185	5.62642
MGG_06240T0	2260	2261	342.265	10.3679
MGG_03648T0	1800	1801	99.2938	3.77604
MGG_17660T0	420	421	1	0.162685
MGG_04549T0	4933	4934	2768	38.4234
MGG_05197T0	2697	2698	3622	91.9465
MGG_05961T0	2047	2048	987	33.0077
MGG_17192T0	258	259	16	4.23106
MGG_06356T0	1903	1904	1839	66.1521
MGG_08453T0	1901	1902	68	2.44865
MGG_07235T0	1122	1123	15527	946.97
MGG_05890T0	4271	4272	4545	72.8671
MGG_17563T0	513	514	0	0
MGG_00061T0	828	829	38	3.13948
MGG_12944T0	3243	3244	2820	59.5384
MGG_03624T0	706	707	27	2.61561
MGG_08596T0	1954	1955	1713	60.0122
MGG_02342T0	2559	2560	890	23.8111
MGG_11634T0	3420	3421	2219	44.4256
MGG_03343T0	2929	2930	1600.9	37.4219
MGG_03711T0	2074	2075	753	24.8545
MGG_09018T0	1799	1800	490.957	18.681
MGG_00073T0	2720	2721	1217	30.6331
MGG_12086T0	1140	1141	86.5507	5.19533
MGG_16263T0	335	336	9	1.83456
MGG_07348T0	489	490	6	0.838656
MGG_05641T0	1608	1609	36	1.53241
MGG_08982T0	1002	1003	242	16.5251
MGG_10679T0	816	817	566.386	47.4809
MGG_08143T0	2288	2289	830	24.8348
MGG_10318T0	534	535	0	0
MGG_05272T0	3393	3394	811	16.3658
MGG_16278T0	738	739	53	4.91202
MGG_13481T0	2919	2920	1157	27.1381
MGG_03381T0	613	614	7	0.780833
MGG_04197T0	2158	2159	9450	299.784
MGG_08989T0	1184	1185	4588	265.176
MGG_18005T0	276	277	4	0.989029
MGG_00010T0	1668	1669	0	0
MGG_09667T0	1180	1181	299	17.34
MGG_13375T0	1866	1867	705	25.8627
MGG_02490T0	1277	1278	3556.93	190.622
MGG_02817T0	2202	2203	1526	47.4426
MGG_02088T0	6450	6451	3393.72	36.0311
MGG_17310T0	573	574	13	1.55117
MGG_15577T0	1554	1555	2634	116.015
MGG_05924T0	1749	1750	2481	97.0996
MGG_14557T0	294	295	34	7.89379
MGG_08685T0	567	568	406	48.956
MGG_16690T0	636	637	46	4.94592
MGG_16526T0	806	807	74	6.28039
MGG_03527T0	2879	2880	1471.45	34.9931
MGG_06646T0	2132	2133	7150	229.585
MGG_10297T0	2051	2052	28	0.934565
MGG_04071T0	159	160	70	29.9645
MGG_05265T0	4020	4021	1781	30.336
MGG_08053T0	1755	1756	992	38.6915
MGG_02268T0	1938	1939	647	22.8536
MGG_09484T0	3822	3823	4816	86.2801
MGG_08765T0	4285	4286	9167	146.489
MGG_11236T0	2834	2835	5335.23	128.893
MGG_00137T0	4057	4058	1503.46	25.3752
MGG_08692T0	2256	2257	5050.78	153.269
MGG_17320T0	156	157	2	0.872487
MGG_10259T0	681	682	0	0
MGG_03000T0	3634	3635	1933	36.4214
MGG_09130T0	1530	1531	8	0.357885
MGG_00148T0	1076	1077	69.1828	4.39958
MGG_17420T0	820	821	132	11.0118
MGG_16233T0	1032	1033	5	0.331511
MGG_15621T0	615	616	174.84	19.4397
MGG_15601T0	4951	4952	27924	386.212
MGG_02723T0	1559	1560	313	13.742
MGG_17082T0	442	443	14	2.16448
MGG_09840T0	1362	1363	922	46.3301
MGG_02791T0	387	388	4	0.706085
MGG_06585T0	1427	1428	1988	95.3491
MGG_06293T0	786	787	16291.1	1417.77
MGG_09965T0	3201	3202	1319	28.2132
MGG_03201T0	3063	3064	2340	52.3065
MGG_12307T0	1260	1261	1363.5	74.0574
MGG_03532T0	3767	3768	1029.16	18.7068
MGG_07458T0	3314	3315	1031	21.3012
MGG_15525T0	1707	1708	32	1.28319
MGG_16788T0	243	244	0	0
MGG_01077T0	2129	2130	1320	42.4447
MGG_01444T0	1886	1887	4815	174.764
MGG_04684T0	2214	2215	237	7.3283
MGG_05260T0	5721	5722	1611	19.2831
MGG_03396T0	2986	2987	129	2.9579
MGG_07293T0	2307	2308	806	23.9182
MGG_08154T0	675	676	501	50.7598
MGG_15652T0	482	483	13	1.84342
MGG_04343T0	1561	1562	296.802	13.0141
MGG_17338T0	564	565	0	0
MGG_09241T0	1211	1212	8	0.452081
MGG_02502T0	1851	1852	380	14.0531
MGG_07068T0	1427	1428	1181.59	56.6717
MGG_02953T0	1124	1125	11584	705.236
MGG_09439T0	750	751	37	3.37435
MGG_00770T0	2081	2082	1315.28	43.2679
MGG_12272T0	889	890	510.732	39.3036
MGG_15808T0	1040	1041	251	16.514
MGG_00062T0	2916	2917	2621.52	61.5524
MGG_01310T0	1775	1776	701.346	27.0469
MGG_04539T0	306	307	327	72.9521
MGG_06689T0	2218	2219	6469	199.668
MGG_04489T0	1337	1338	20115.6	1029.69
MGG_15681T0	966	967	1	0.0708275
MGG_04687T0	1629	1630	2232	93.7854
MGG_02432T0	3667	3668	5447	101.708
MGG_08851T0	1344	1345	1361	69.305
MGG_03653T0	1088	1089	18355	1154.4
MGG_16419T0	2917	2918	1355	31.8041
MGG_03213T0	2245	2246	527	16.0705
MGG_14604T0	387	388	64	11.2974
MGG_17514T0	2359	2360	1430	41.5004
MGG_08554T0	2287	2288	1081	32.3592
MGG_01086T0	1507	1508	2403.89	109.18
MGG_00547T0	1041	1042	741	48.7056
MGG_04846T0	617	618	3	0.332477
MGG_07155T0	4740	4741	1099	15.8766
MGG_07180T0	1250	1251	265	14.5083
MGG_00457T0	1676	1677	394	16.0913
MGG_06088T0	1218	1219	923	51.8593
MGG_15778T0	207	208	8	2.63424
MGG_00512T0	363	364	1	0.18816
MGG_01922T0	1387	1388	50	2.46723
MGG_15271T0	466	467	6	0.87996
MGG_15857T0	237	238	0	0
MGG_02318T0	744	745	9	0.827399
MGG_03038T0	2611	2612	872	22.865
MGG_10408T0	1503	1504	6	0.273232
MGG_04112T0	1888	1889	2680	97.1698
MGG_17092T0	264	265	26	6.7198
MGG_07294T0	1617	1618	131	5.54525
MGG_07043T0	1513	1514	916	41.4379
MGG_08173T0	2799	2800	2793	68.319
MGG_07595T0	1810	1811	4	0.151276
MGG_01033T0	1878	1879	407.167	14.8414
MGG_08619T0	1077	1078	165	10.4832
MGG_09572T0	795	796	639	54.9815
MGG_17254T0	219	220	15	4.66979
MGG_07844T0	1524	1525	32	1.43717
MGG_15987T0	1362	1363	2.54639	0.127955
MGG_14697T0	366	367	1	0.186622
MGG_12664T0	1075	1076	195	12.4123
MGG_05320T0	3020	3021	6383	144.711
MGG_15535T0	4148	4149	388	6.40497
MGG_00130T0	1973	1974	642	22.2749
MGG_12203T0	1553	1554	247	10.8862
MGG_15093T0	1818	1819	214	8.05767
MGG_04907T0	1215	1216	40	2.25297
MGG_05750T0	1460	1461	283	13.2668
MGG_16480T0	669	670	0	0
MGG_14714T0	2257	2258	1135	34.4271
MGG_03609T0	570	571	509	61.0535
MGG_09288T0	177	178	69	26.5496
MGG_08374T0	1583	1584	191	8.25861
MGG_10497T0	1094	1095	1108	69.3034
MGG_04195T0	2879	2880	1618.11	38.4809
MGG_06304T0	1583	1584	531.632	22.9871
MGG_16899T0	345	346	0	0
MGG_04404T0	1774	1775	0	0
MGG_15241T0	1528	1529	2878	128.918
MGG_14179T0	672	673	8	0.814148
MGG_07675T0	1164	1165	1370	80.5422
MGG_10147T0	2672	2673	984.092	25.2154
MGG_11178T0	7302	7303	3984	37.3634
MGG_06275T0	2358	2359	267	7.75197
MGG_15232T0	324	325	9	1.89665
MGG_05213T0	2789	2790	725	17.7976
MGG_17651T0	378	379	0	0
MGG_02142T0	4086	4087	540	9.04936
MGG_04241T0	2045	2046	1708.26	57.1843
MGG_16589T0	252	253	0	0
MGG_15000T0	5603	5604	570.331	6.9704
MGG_02662T0	1210	1211	47	2.65817
MGG_01367T0	672	673	948	96.4766
MGG_09753T0	813	814	61	5.13256
MGG_17978T0	1292	1293	775	41.0518
MGG_05046T0	3776	3777	27	0.489605
MGG_05945T0	1362	1363	13	0.653245
MGG_03134T0	3245	3246	7110	150.02
MGG_08254T0	864	865	2	0.158359
MGG_17694T0	1404	1405	1518	73.9987
MGG_07181T0	959	960	1155	82.4023
MGG_10721T0	1047	1048	154	10.0644
MGG_08289T0	1878	1879	29.3111	1.0684
MGG_06993T0	1315	1316	2118	110.23
MGG_03754T0	2455	2456	430	11.9914
MGG_01924T0	2008	2009	26	0.886384
MGG_03542T0	4401	4402	2877	44.7629
MGG_04463T0	2384	2385	1011.31	29.0419
MGG_10452T0	1114	1115	98	6.01977
MGG_15401T0	318	319	5	1.07351
MGG_03383T0	1776	1777	2	0.0770852
MGG_08932T0	4545	4546	907.035	13.6654
MGG_14967T0	17850	17851	2573.38	9.87348
MGG_17201T0	309	310	1.14182	0.252269
MGG_00622T0	2666	2667	1572	40.3699
MGG_01830T0	996	997	18	1.23653
MGG_18135T0	1482	1483	1135	52.4184
MGG_17220T0	2190	2191	242.061	7.56679
MGG_13036T0	999	1000	7	0.479432
MGG_08601T0	3101	3102	2162	47.7356
MGG_07316T0	4074	4075	3132.89	52.6559
MGG_04741T0	1060	1061	1712.96	110.576
MGG_07326T0	1616	1617	424.401	17.9761
MGG_14287T0	357	358	0	0
MGG_08892T0	1518	1519	190	8.56692
MGG_11726T0	3060	3061	1511	33.8088
MGG_08194T0	387	388	3	0.529564
MGG_05700T0	5795	5796	554	6.54651
MGG_07619T0	1212	1213	1134	64.0296
MGG_07245T0	231	232	348	102.735
MGG_16356T0	315	316	35	7.58594
MGG_09094T0	684	685	13	1.29981
MGG_17533T0	825	826	1692.65	140.351
MGG_03834T0	1593	1594	129	5.54281
MGG_02609T0	615	616	301	33.4668
MGG_08070T0	877	878	175.236	13.6697
MGG_00024T0	1626	1627	1	0.042096
MGG_00999T0	857	858	1496.46	119.456
MGG_15272T0	8736	8737	115	0.901497
MGG_07292T0	1133	1134	356.419	21.5266
MGG_05149T0	1753	1754	200	7.8096
MGG_06572T0	4153	4154	3954	65.1927
MGG_15842T0	369	370	7	1.29576
MGG_18044T0	150	151	201	91.1691
MGG_07568T0	1722	1723	150	5.96259
MGG_04475T0	3121	3122	29	0.6362
MGG_03043T0	1101	1102	25	1.55377
MGG_11797T0	165	166	8	3.30073
MGG_17257T0	231	232	4	1.18087
MGG_00243T0	1989	1990	53.2577	1.83298
MGG_09918T0	1954	1955	248	8.68827
MGG_10246T0	1589	1590	2	0.0861512
MGG_00599T0	1571	1572	715.124	31.1571
MGG_17961T0	1758	1759	4325	168.403
MGG_12752T0	1765	1766	2819	109.328
MGG_11115T0	846	847	492	39.7842
MGG_09496T0	345	346	0	0
MGG_02128T0	1695	1696	686	27.703
MGG_05760T0	618	619	542	59.9704
MGG_11006T0	1092	1093	963	60.3441
MGG_02404T0	1288	1289	133	7.06687
MGG_03641T0	1853	1854	168643	6229.99
MGG_06582T0	1822	1823	1765	66.3112
MGG_11205T0	13727	13728	4780.71	23.8514
MGG_04333T0	1179	1180	286	16.6002
MGG_08022T0	3369	3370	919.923	18.6961
MGG_16035T0	994	995	101.523	6.98829
MGG_15115T0	569	570	0	0
MGG_08341T0	1824	1825	445.509	16.7195
MGG_14572T0	819	820	46	3.84213
MGG_02253T0	2972	2973	16845.7	388.082
MGG_03444T0	1236	1237	66	3.65429
MGG_11165T0	3693	3694	4056.05	75.2029
MGG_14569T0	1509	1510	0	0
MGG_06548T0	2554	2555	1779	47.6885
MGG_13610T0	2456	2457	1675	46.6916
MGG_08533T0	3540	3541	522	10.0966
MGG_17336T0	612	613	66	7.37415
MGG_17977T0	1907	1908	401	14.3944
MGG_02548T0	1713	1714	0	0
MGG_05054T0	1138	1139	12414	746.477
MGG_06624T0	1953	1954	240	8.41231
MGG_14571T0	1867	1868	576.202	21.1264
MGG_14307T0	2365	2366	6913.59	200.132
MGG_07728T0	3424	3425	1070	21.3969
MGG_00497T0	3838	3839	1585	28.2774
MGG_06979T0	3010	3011	3111	70.7649
MGG_05063T0	1848	1849	4391.98	162.687
MGG_06717T0	972	973	406	28.5787
MGG_04603T0	3012	3013	517	11.7522
MGG_11952T0	360	361	0	0
MGG_03422T0	1701	1702	30	1.20723
MGG_06516T0	2735	2736	3204	80.2057
MGG_12887T0	618	619	265	29.3213
MGG_08584T0	2714	2715	3924	98.9892
MGG_12410T0	1356	1357	1793	90.4959
MGG_09838T0	3696	3697	1202.24	22.2726
MGG_04623T0	2836	2837	1559	37.637
MGG_06313T0	3106	3107	2824	62.2518
MGG_08494T0	1772	1773	201	7.76454
MGG_06273T0	1510	1511	3813	172.835
MGG_07784T0	1343	1344	1669.59	85.0825
MGG_14781T0	738	739	232.058	21.5071
MGG_00072T0	1800	1801	2147	81.6483
MGG_01183T0	2503	2504	1317	36.023
MGG_01758T0	1161	1162	637	37.5459
MGG_08039T0	1824	1825	17	0.637991
MGG_13221T0	315	316	3500	758.594
MGG_01179T0	1457	1458	806	37.8622
MGG_06482T0	2245	2246	2220.67	67.7178
MGG_06482T1	2262	2263	4057.33	122.796
MGG_13230T0	1537	1538	2478	110.35
MGG_12817T0	2113	2114	1637	53.0362
MGG_07496T0	1356	1357	1354	68.3388
MGG_15961T0	792	793	69	5.95943
MGG_09401T0	1821	1822	28	1.05254
MGG_04228T0	1009	1010	1766	119.756
MGG_08045T0	2523	2524	3253	88.2721
MGG_04793T0	2498	2499	4112	112.698
MGG_15671T0	2204	2205	4466	138.72
MGG_09893T0	895	896	185	14.1414
MGG_00739T0	4561	4562	1487	22.3246
MGG_00307T0	1037	1038	1892.1	124.846
MGG_15805T0	309	310	1	0.220936
MGG_06630T0	1396	1397	5	0.245133
MGG_09701T0	4600	4601	4406	65.5875
MGG_01472T0	2030	2031	3723	125.549
MGG_12779T0	3034	3035	437	9.86169
MGG_04444T0	1293	1294	12720.9	673.308
MGG_08414T0	378	379	0	0
MGG_17165T0	222	223	30	9.21393
MGG_16441T0	3955	3956	4454	77.1121
MGG_09025T0	3142	3143	802	17.4767
MGG_17140T0	171	172	0	0
MGG_03825T0	1617	1618	1	0.0423302
MGG_04036T0	900	901	33	2.50852
MGG_06227T0	748	749	1	0.0914422
MGG_08638T0	3609	3610	2991	56.7463
MGG_16742T0	566	567	9	1.08715
MGG_03941T0	1104	1105	71	4.40073
MGG_06118T0	3029	3030	1394.71	31.5261
MGG_00059T0	1659	1660	2344	96.7115
MGG_09481T0	2528	2529	5273	142.803
MGG_10796T0	468	469	1692	247.091
MGG_11794T0	2092	2093	3839	125.625
MGG_07481T0	3548	3549	1946	37.5548
MGG_05507T0	2123	2124	21	0.677163
MGG_16881T0	243	244	5	1.40349
MGG_01413T0	345	346	32	6.33436
MGG_08618T0	4045	4046	1047	17.7235
MGG_00777T0	798	799	12194	1045.27
MGG_05912T0	1741	1742	47	1.8479
MGG_10930T0	1061	1062	1821	117.439
MGG_04600T0	3778	3779	693.349	12.5662
MGG_04465T0	1038	1039	464	30.5866
MGG_05307T0	1975	1976	20842	722.406
MGG_05432T0	738	739	3	0.278039
MGG_12288T0	3837	3838	813	14.5082
MGG_00792T0	2356	2357	11699	339.952
MGG_02124T0	4456	4457	3816	58.6401
MGG_07653T0	1564	1565	2	0.0875275
MGG_07869T0	390	391	0	0
MGG_17648T0	1137	1138	0	0
MGG_17361T0	339	340	16	3.22307
MGG_17932T0	3847	3848	4121.67	73.3612
MGG_03683T1	1853	1854	2763.15	102.076
MGG_03683T0	1881	1882	422.852	15.3885
MGG_05006T0	1486	1487	195	8.98157
MGG_00744T0	4110	4111	2069	34.47
MGG_13292T0	2362	2363	244	7.0722
MGG_09265T0	2218	2219	1132	34.9396
MGG_16937T0	366	367	0	0
MGG_10972T0	930	931	177	13.0212
MGG_10650T0	291	292	56	13.1351
MGG_09377T0	588	589	143	16.6284
MGG_17991T0	150	151	49	22.2253
MGG_09922T0	2526	2527	1914	51.8759
MGG_00370T0	1664	1665	682.287	28.066
MGG_02513T0	1111	1112	367.559	22.6387
MGG_15532T0	3039	3040	1889	42.5586
MGG_15360T0	560	561	3	0.366258
MGG_14724T0	1431	1432	0	0
MGG_02726T0	2127	2128	437.269	14.0736
MGG_00342T0	1161	1162	724	42.6738
MGG_06056T0	1457	1458	362.445	17.026
MGG_07707T0	3483	3484	621.279	12.2134
MGG_05724T0	2750	2751	603	15.0126
MGG_00960T0	5580	5581	2272	27.8821
MGG_05032T0	3908	3909	415	7.27128
MGG_17701T0	1360	1361	375	18.8713
MGG_06836T0	2051	2052	1163	38.8178
MGG_05632T0	992	993	454	31.3138
MGG_09194T0	1276	1277	15453	828.802
MGG_05165T0	2076	2077	172	5.6718
MGG_03012T0	2780	2781	14229	350.431
MGG_01359T0	2480	2481	2195.1	60.5977
MGG_06437T0	2523	2524	1898	51.5034
MGG_15711T0	767	768	7	0.62426
MGG_01388T0	1246	1247	121	6.6458
MGG_04586T0	1015	1016	1663.74	112.156
MGG_04850T0	2285	2286	7603	227.791
MGG_06089T0	1346	1347	665	33.8129
MGG_06670T0	1443	1444	944	44.7748
MGG_07050T0	294	295	16.1195	3.74247
MGG_03028T0	1552	1553	1288	56.8032
MGG_17032T0	387	388	1	0.176521
MGG_12403T0	5222	5223	3026	39.6805
MGG_06044T0	808	809	20009	1693.97
MGG_02807T0	558	559	116.449	14.2676
MGG_17195T0	3906	3907	1138	19.9493
MGG_01951T0	1749	1750	11	0.43051
MGG_05731T0	2237	2238	634	19.4025
MGG_08519T0	1066	1067	5305	340.525
MGG_10733T0	795	796	0	0
MGG_07020T0	2375	2376	113	3.25732
MGG_13328T0	6535	6536	1710	17.919
MGG_08831T0	1202	1203	4670	265.876
MGG_17188T0	204	205	11	3.67509
MGG_10490T0	1185	1186	1933	111.629
MGG_07611T0	2828	2829	2488	60.2346
MGG_09592T0	804	805	8857	753.563
MGG_15977T0	1422	1423	263.421	12.6787
MGG_06577T0	2805	2806	71	1.733
MGG_09756T0	1032	1033	249	16.5093
MGG_06571T0	849	850	22548	1816.84
MGG_05617T0	1084	1085	696.945	43.9944
MGG_06547T0	3983	3984	3387.86	58.2418
MGG_09557T0	2253	2254	1904	57.8551
MGG_03250T0	1479	1480	1543.01	71.4062
MGG_08950T0	1395	1396	2006	98.4179
MGG_08709T0	2727	2728	329.049	8.26124
MGG_10548T0	1276	1277	67	3.59346
MGG_14931T0	2822	2823	11117	269.715
MGG_00708T0	1120	1121	634.513	38.7671
MGG_02070T0	3962	3963	794.737	13.735
MGG_16995T0	255	256	0	0
MGG_04438T0	1364	1365	18055	905.928
MGG_05078T0	4211	4212	574	9.33366
MGG_03492T0	2039	2040	2496	83.7998
MGG_07746T0	1095	1096	90	5.6242
MGG_18087T0	435	436	1	0.157088
MGG_15566T0	3119	3120	679	14.9054
MGG_18049T0	417	418	66	10.8142
MGG_13178T0	4504	4505	674.994	10.262
MGG_17067T0	153	154	30	13.3423
MGG_01096T0	3542	3543	8957	173.149
MGG_10292T0	456	457	1826	273.661
MGG_07575T0	912	913	3246	243.504
MGG_16210T0	153	154	1	0.444742
MGG_15782T0	225	226	0	0
MGG_03136T0	2369	2370	24417	705.623
MGG_04728T0	423	424	120	19.384
MGG_08920T0	5107	5108	1621	21.7351
MGG_08661T0	1735	1736	3336	131.615
MGG_04852T0	4577	4578	5079	75.9856
MGG_15215T0	954	955	23	1.6495
MGG_10814T0	1276	1277	11	0.589971
MGG_04704T0	1295	1296	480	25.3668
MGG_06850T0	3627	3628	4061	76.6645
MGG_07871T0	726	727	36	3.39154
MGG_12405T0	2339	2340	6167	180.504
MGG_06207T0	1521	1522	4	0.180001
MGG_17031T0	150	151	0	0
MGG_03364T0	725	726	66	6.22638
MGG_12068T0	1419	1420	0	0
MGG_00581T0	512	513	2	0.267018
MGG_13765T0	1870	1871	256	9.37119
MGG_14743T0	1410	1411	76	3.68906
MGG_11936T0	3182	3183	152	3.27066
MGG_02574T0	3660	3661	1611	30.1387
MGG_02254T0	1367	1368	1872.29	93.7378
MGG_09722T0	618	619	32	3.54069
MGG_06475T0	3117	3118	1729	37.9793
MGG_07699T0	318	319	0	0
MGG_11547T0	2792	2793	1929	47.3031
MGG_09858T0	840	841	76	6.18937
MGG_00866T0	2379	2380	197.056	5.67077
MGG_03394T0	1432	1433	418	19.9783
MGG_03675T0	1770	1771	860	33.2589
MGG_17973T0	162	163	59	24.7909
MGG_00918T0	2581	2582	915	24.2713
MGG_02030T0	1767	1768	0	0
MGG_00785T0	1853	1854	30925	1142.43
MGG_07074T0	2553	2554	2918	78.2516
MGG_01921T0	1419	1420	24	1.15758
MGG_06546T0	1876	1877	1.13987	0.041593
MGG_03348T0	3073	3074	217	4.83487
MGG_12738T0	4688	4689	3695	53.9713
MGG_11146T0	1251	1252	340	18.5996
MGG_08369T0	2138	2139	1117	35.7661
MGG_08881T1	3005	3006	35.8594	0.817038
MGG_08881T0	2988	2989	56.1406	1.28641
MGG_09764T0	1458	1459	2162	101.491
MGG_10627T0	2913	2914	192	4.51274
MGG_14797T0	2817	2818	2962.49	72.002
MGG_02501T0	2961	2962	424	9.80414
MGG_14602T0	1467	1468	1043	48.6617
MGG_03091T0	721	722	8378	794.752
MGG_16973T0	319	320	1	0.214032
MGG_17466T0	261	262	10	2.61413
MGG_05730T0	1749	1750	2517	98.5085
MGG_07725T0	1499	1500	3	0.13698
MGG_08807T0	4159	4160	1538	25.3216
MGG_17899T0	234	235	0	0
MGG_15079T0	3558	3559	1118	21.5151
MGG_00944T0	1842	1843	1164	43.257
MGG_16668T0	782	783	3947	345.25
MGG_06824T0	712	713	629	60.4213
MGG_02383T0	1210	1211	43	2.43194
MGG_14292T0	2174	2175	798	25.1288
MGG_02201T0	1290	1291	301	15.9687
MGG_03459T0	5739	5740	3940	47.0125
MGG_15816T0	180	181	29	10.9736
MGG_15561T0	168	169	0	0
MGG_16989T0	489	490	43	6.01037
MGG_15494T0	1426	1427	146.501	7.03146
MGG_03312T0	826	827	22.9566	1.90121
MGG_03887T0	1796	1797	741	28.2422
MGG_02991T0	1924	1925	134	4.76763
MGG_03235T0	3190	3191	1445.53	31.0263
MGG_18096T0	471	472	0	0
MGG_03183T0	2171	2172	346	10.9105
MGG_04769T0	2075	2076	390.011	12.867
MGG_01532T0	844	845	11	0.891589
MGG_16353T0	225	226	7	2.12138
MGG_02742T0	885	886	4593	355.052
MGG_10995T0	669	670	9.37061	0.957904
MGG_13086T0	1680	1681	45	1.83347
MGG_12637T0	914	915	546	40.8696
MGG_00892T0	435	436	22404	3519.39
MGG_11745T0	2168	2169	645	20.3671
MGG_04943T0	2419	2420	5324	150.679
MGG_17971T0	156	157	10	4.36244
MGG_05096T0	1489	1490	1445	66.4217
MGG_05473T0	476	477	9	1.29227
MGG_00492T0	5778	5779	513	6.07986
MGG_07476T0	3946	3947	7697.2	133.565
MGG_13474T0	952	953	23457	1685.81
MGG_09578T0	366	367	0	0
MGG_06876T0	1282	1283	3477.98	185.664
MGG_14894T0	1092	1093	0	0
MGG_00575T0	2123	2124	410	13.2208
MGG_10821T0	2179	2180	1145	35.9731
MGG_03247T0	1443	1444	5333.76	252.985
MGG_08640T0	1397	1398	1309.03	64.1316
MGG_16455T0	2488	2489	1091	30.0212
MGG_02412T0	1273	1274	848.948	45.6395
MGG_16697T0	354	355	1	0.19293
MGG_03122T0	2211	2212	3776	116.916
MGG_01885T0	2572	2573	658	17.5152
MGG_02602T0	1882	1883	3339	121.449
MGG_04659T0	3096	3097	3027	66.9422
MGG_06623T0	2226	2227	1207	37.1207
MGG_15366T0	393	394	28	4.86733
MGG_12445T0	456	457	0	0
MGG_16777T0	171	172	0	0
MGG_16097T0	1713	1714	38.786	1.54986
MGG_08617T0	1883	1884	4.26812	0.155161
MGG_04251T0	2367	2368	1582	45.7566
MGG_15579T0	968	969	86	6.0786
MGG_06919T0	771	772	22135	1963.77
MGG_04528T0	5675	5676	1405	16.9536
MGG_02570T0	1436	1437	958	45.6602
MGG_04715T0	267	268	488	124.714
MGG_15922T0	366	367	28.086	5.24146
MGG_06883T0	1843	1844	1068.71	39.6942
MGG_07485T0	1993	1994	71	2.43872
MGG_03274T0	2973	2974	476	10.9621
MGG_10440T0	767	768	446	39.7743
MGG_17216T0	540	541	0	0
MGG_06705T0	920	921	1160	86.2635
MGG_07543T0	1870	1871	870	31.8474
MGG_15483T0	483	484	0	0
MGG_02220T0	333	334	2	0.410121
MGG_12537T0	1646	1647	648	26.947
MGG_10830T0	1254	1255	488.661	26.6681
MGG_17529T0	285	286	922	220.797
MGG_16804T0	727	728	74	6.96192
MGG_02091T0	750	751	101	9.21107
MGG_02793T0	2975	2976	232	5.33929
MGG_07393T0	3680	3681	2554	47.5208
MGG_16090T0	429	430	0	0
MGG_00416T0	1479	1480	42	1.94364
MGG_03095T0	2390	2391	175.777	5.03515
MGG_16650T0	342	343	64	12.7795
MGG_01509T0	366	367	354	66.0641
MGG_00520T0	1008	1009	1028.65	69.8241
MGG_13239T0	4493	4494	13305	202.773
MGG_12110T0	1540	1541	2485	110.447
MGG_04638T0	1466	1467	1051.4	49.0871
MGG_06743T0	2312	2313	2098	62.1239
MGG_14773T0	3304	3305	4733	98.083
MGG_02496T0	1161	1162	3232	190.5
MGG_03805T0	351	352	0	0
MGG_07338T1	4522	4523	2329.91	35.2811
MGG_07338T0	4002	4003	720.086	12.3205
MGG_06877T0	2256	2257	1106	33.5623
MGG_14913T0	1230	1231	2884	160.46
MGG_01116T0	1215	1216	1232.98	69.4468
MGG_16812T0	2595	2596	4	0.105532
MGG_10424T0	429	430	160	25.4847
MGG_09178T0	1572	1573	53	2.30768
MGG_00701T0	1128	1129	34	2.06259
MGG_00168T0	2312	2313	21299	630.685
MGG_07872T0	477	478	36	5.15826
MGG_10083T0	1549	1550	284	12.5492
MGG_08352T0	999	1000	655	44.8611
MGG_09642T0	2045	2046	101	3.38099
MGG_02212T0	498	499	0	0
MGG_06662T0	5427	5428	1246	15.722
MGG_17810T0	7805	7806	646	5.66804
MGG_01101T0	2559	2560	4990	133.502
MGG_01726T0	6571	6572	1002	10.4424
MGG_07950T0	699	700	0	0
MGG_08269T0	1852	1853	754.555	27.8897
MGG_02669T0	1007	1008	2794.98	189.91
MGG_01706T0	620	621	5334	588.288
MGG_03256T0	2504	2505	1981	54.1633
MGG_04263T0	510	511	6	0.804191
MGG_09798T0	2441	2442	2876	80.6625
MGG_08784T0	3213	3214	814.467	17.3563
MGG_15380T0	1284	1285	88	4.69038
MGG_01001T0	2926	2927	251	5.87327
MGG_02822T0	864	865	2352.58	186.276
MGG_05596T0	3047	3048	375	8.42646
MGG_16456T0	2042	2043	390.809	13.1016
MGG_06278T0	1507	1508	390	17.713
MGG_02809T0	4761	4762	6009	86.4254
MGG_02876T0	1788	1789	16646	637.277
MGG_08020T0	1335	1336	155	7.9461
MGG_06202T0	3818	3819	1059	18.9922
MGG_15318T0	1392	1393	1	0.0491674
MGG_05878T0	1857	1858	0	0
MGG_03143T0	2601	2602	373	9.81816
MGG_01443T0	2077	2078	765	25.2142
MGG_07771T0	2725	2726	2323.45	58.3761
MGG_01267T0	829	830	3204	264.389
MGG_09719T0	3434	3435	790.938	15.7705
MGG_17291T0	387	388	1	0.176521
MGG_03792T0	831	832	9	0.74088
MGG_00768T0	2118	2119	452	14.6095
MGG_17085T0	288	289	2	0.473981
MGG_04435T0	2282	2283	2099.3	62.9792
MGG_06787T0	3148	3149	1046	22.7503
MGG_02541T0	2208	2209	3804	117.943
MGG_12839T0	5497	5498	3330	41.4828
MGG_16975T0	402	403	0	0
MGG_16231T0	1774	1775	126	4.86184
MGG_14588T0	1830	1831	14	0.523683
MGG_05642T0	3273	3274	1418	29.6638
MGG_03429T0	969	970	142	10.0264
MGG_17439T0	1098	1099	1955.8	121.886
MGG_13880T0	1197	1198	0	0
MGG_02826T0	1847	1848	171	6.33757
MGG_16871T0	384	385	36	6.40428
MGG_13283T0	867	868	0	0
MGG_01772T0	1040	1041	2127.79	139.993
MGG_17972T0	553	554	20	2.47257
MGG_05759T0	1723	1724	315	12.5142
MGG_17364T0	219	220	17	5.29243
MGG_09515T0	2845	2846	3006	72.3407
MGG_07544T0	525	526	0	0
MGG_08775T0	1557	1558	124	5.45108
MGG_12385T0	2659	2660	810	20.856
MGG_12077T0	2511	2512	1338	36.4809
MGG_16505T0	420	421	27	4.39249
MGG_15773T0	2433	2434	1296	36.4681
MGG_17509T0	1080	1081	3	0.190075
MGG_00375T0	1275	1276	39	2.09335
MGG_03283T0	3400	3401	1838.44	37.0229
MGG_06651T0	2418	2419	1073	30.3803
MGG_14875T0	887	888	789	60.8545
MGG_07776T0	459	460	15	2.23338
MGG_04751T0	2197	2198	49.0146	1.52731
MGG_05447T0	847	848	7084.16	572.165
MGG_13814T0	693	694	14	1.38165
MGG_16940T0	366	367	1.01205	0.18887
MGG_03611T0	1974	1975	453.001	15.7094
MGG_10330T0	3536	3537	176	3.40805
MGG_03163T0	1016	1017	878	59.1292
MGG_16723T0	243	244	0	0
MGG_12305T0	915	916	534.54	39.9681
MGG_08551T0	3203	3204	2520.27	53.8746
MGG_10651T0	1133	1134	1863.94	112.576
MGG_00984T0	3505	3506	19292.3	376.878
MGG_10728T0	2212	2213	27	0.835624
MGG_06643T0	3113	3114	11030	242.597
MGG_18124T0	360	361	0	0
MGG_15586T0	195	196	0	0
MGG_10052T0	887	888	2387	184.106
MGG_06706T0	3153	3154	1559	33.8542
MGG_01432T0	2118	2119	1620.02	52.3621
MGG_16340T0	783	784	189	16.511
MGG_15066T0	336	337	53	10.7715
MGG_00384T0	4132	4133	1538	25.487
MGG_02479T0	878	879	8002	623.503
MGG_15278T0	1323	1324	8	0.413838
MGG_04473T0	2193	2194	481	15.0154
MGG_17939T0	180	181	85	32.1639
MGG_17180T0	816	817	672	56.3347
MGG_00845T0	4639	4640	1009.09	14.8949
MGG_07159T0	651	652	77	8.08857
MGG_03552T0	2628	2629	680	17.7152
MGG_08839T0	3188	3189	795	17.0742
MGG_10804T0	501	502	345	47.07
MGG_14299T0	1429	1430	13	0.622638
MGG_13924T0	2250	2251	434	13.2051
MGG_07383T0	1311	1312	820	42.8064
MGG_18003T0	739	740	5663	524.135
MGG_16580T0	252	253	0	0
MGG_06161T0	1099	1100	275	17.1226
MGG_02478T0	3509	3510	3742	73.0172
MGG_17353T0	231	232	15	4.42825
MGG_02767T0	5837	5838	6004	70.4377
MGG_05401T0	3712	3713	402	7.41532
MGG_09291T0	3174	3175	2249	48.5148
MGG_16862T0	1419	1420	1848.83	89.1739
MGG_10846T0	944	945	11	0.797241
MGG_04897T0	2878	2879	1254	29.8321
MGG_05160T0	4165	4166	3316	54.516
MGG_07331T0	2459	2460	2813	78.3183
MGG_14810T0	309	310	12	2.65123
MGG_06859T0	1027	1028	3227.87	215.056
MGG_17675T0	168	169	3	1.2158
MGG_11211T0	4315	4316	2635	41.8146
MGG_10439T0	2857	2858	40	0.958576
MGG_17817T0	1773	1774	283.546	10.9471
MGG_16331T0	1844	1845	105.076	3.90065
MGG_13902T0	2409	2410	1	0.0284192
MGG_18019T0	312	313	264.499	57.8772
MGG_06578T0	1200	1201	1497	85.3704
MGG_16391T0	680	681	0	0
MGG_08187T0	1410	1411	436	21.1635
MGG_04588T0	2791	2792	1549.53	38.0112
MGG_17547T0	507	508	1.45107	0.195638
MGG_05518T0	523	524	15	1.9606
MGG_01746T0	1764	1765	6300	244.469
MGG_12388T0	2587	2588	6275	166.065
MGG_09511T0	1697	1698	9008.74	363.375
MGG_04667T0	3012	3013	1817	41.3033
MGG_15863T0	183	184	13	4.83898
MGG_01103T0	2371	2372	1458.76	42.1208
MGG_09200T0	2640	2641	5084	131.846
MGG_05127T0	597	598	6	0.687193
MGG_05137T0	2024	2025	448.211	15.1596
MGG_17399T0	2220	2221	2989	92.1735
MGG_01843T0	603	604	642	72.7992
MGG_09668T0	2018	2019	562	19.0646
MGG_06642T0	2869	2870	1894	45.1988
MGG_01147T0	2482	2483	269	7.42
MGG_00490T0	1940	1941	1262	44.531
MGG_00981T0	1296	1297	1098	57.9817
MGG_00841T0	3144	3145	656	14.286
MGG_05169T0	3361	3362	1239.78	25.2566
MGG_17846T0	4302	4303	37.6568	0.599377
MGG_17548T0	399	400	0	0
MGG_14303T0	1641	1642	474	19.7712
MGG_00225T0	537	538	0	0
MGG_05598T0	5224	5225	1098	14.3928
MGG_05411T0	2283	2284	4	0.119948
MGG_13815T0	1037	1038	36230	2390.56
MGG_17247T0	3737	3738	2037	37.3233
MGG_07547T0	2377	2378	74	2.13132
MGG_13485T0	2699	2700	2726	69.1498
MGG_01151T0	1262	1263	804.926	43.6497
MGG_03819T0	1488	1489	1	0.0459975
MGG_03837T0	4346	4347	3215	50.6547
MGG_12613T0	7425	7426	172	1.58636
MGG_10048T0	3073	3074	4	0.089122
MGG_07855T0	1713	1714	2	0.0799186
MGG_17061T0	1370	1371	412.117	20.5879
MGG_00775T0	2953	2954	4335	100.51
MGG_01754T0	1999	2000	791	27.0879
MGG_17384T0	1291	1292	302	16.0093
MGG_04227T0	3861	3862	1233	21.8665
MGG_07809T0	1347	1348	0	0
MGG_05088T0	2742	2743	1536	38.3525
MGG_08627T0	1887	1888	5410.72	196.283
MGG_06395T0	4668	4669	1838	26.9619
MGG_12670T0	1883	1884	608.623	22.1256
MGG_03731T0	1563	1564	1442.48	63.1687
MGG_01330T0	2398	2399	17	0.485341
MGG_17191T0	465	466	12	1.7637
MGG_02080T0	1071	1072	0	0
MGG_16423T0	868	869	83	6.54164
MGG_16202T0	3026	3027	440	9.95563
MGG_00464T0	2039	2040	1617	54.2886
MGG_00795T0	4312	4313	249	3.95411
MGG_03629T0	4695	4696	4163	60.7165
MGG_04092T0	1434	1435	1672	79.8019
MGG_07118T0	2563	2564	29	0.774656
MGG_03863T0	761	762	485	43.5929
MGG_01066T0	934	935	15913	1165.65
MGG_04500T0	1376	1377	4456	221.636
MGG_08842T0	1842	1843	1623	60.3145
MGG_01694T0	1766	1767	227.154	8.80466
MGG_06083T0	1169	1170	1793	104.96
MGG_00619T0	648	649	122	12.8749
MGG_15667T0	1504	1505	299	13.607
MGG_03724T0	4334	4335	5417	85.5851
MGG_17681T0	225	226	122	36.9726
MGG_12100T0	1919	1920	524	18.6921
MGG_09869T0	3538	3539	1750	33.8677
MGG_16654T0	395	396	10	1.72955
MGG_03553T0	942	943	378	27.4542
MGG_02730T0	2013	2014	1151	39.1421
MGG_01365T0	1713	1714	59	2.3576
MGG_09618T0	1443	1444	1695	80.3954
MGG_16659T0	231	232	0	0
MGG_12849T0	3193	3194	1672	35.8534
MGG_09420T0	903	904	3	0.227291
MGG_00320T0	3945	3946	5372	93.2411
MGG_03251T0	1038	1039	14544	958.731
MGG_11680T0	2657	2658	2910	74.9837
MGG_17116T0	210	211	2	0.649197
MGG_05215T0	1886	1887	6	0.217775
MGG_06962T0	1388	1389	9471	467.006
MGG_17315T0	189	190	3	1.08142
MGG_07501T0	3850	3851	881	15.6686
MGG_15024T0	1489	1490	595	27.3501
MGG_00652T0	2493	2494	5937	163.042
MGG_03181T0	2324	2325	1350	39.7685
MGG_04208T0	891	892	6	0.460697
MGG_17407T0	330	331	12.4681	2.57989
MGG_09184T0	2711	2712	2779	70.1823
MGG_17435T0	400	401	11	1.87878
MGG_01876T0	1152	1153	39	2.31667
MGG_01257T0	1520	1521	177.578	7.99627
MGG_17592T0	351	352	0	0
MGG_10026T0	1011	1012	0	0
MGG_03066T0	2240	2241	651	19.8961
MGG_06164T0	4818	4819	675	9.59346
MGG_08555T0	3020	3021	328	7.43621
MGG_17981T0	180	181	7	2.64879
MGG_02729T0	4556	4557	111	1.66829
MGG_07162T0	2292	2293	1634	48.8064
MGG_15131T0	1347	1348	64	3.25176
MGG_14136T0	1662	1663	220	9.06064
MGG_14652T0	896	897	437	33.367
MGG_09032T0	1844	1845	281	10.4313
MGG_07412T0	900	901	4060	308.624
MGG_01087T0	2980	2981	1838.11	42.2317
MGG_09822T0	714	715	0	0
MGG_13350T0	2573	2574	440.308	11.7159
MGG_03431T0	1299	1300	206	10.8531
MGG_01229T0	810	811	2300	194.239
MGG_00101T0	1554	1555	845.229	37.2283
MGG_02473T0	2079	2080	1896	62.4315
MGG_02259T0	3691	3692	827	15.3417
MGG_02542T0	2656	2657	45	1.15998
MGG_10549T0	333	334	3	0.615182
MGG_01186T0	1821	1822	61	2.29303
MGG_14965T0	627	628	163.061	17.7836
MGG_01639T0	3252	3253	882	18.5701
MGG_05323T0	2610	2611	1552.79	40.7319
MGG_09878T0	1852	1853	5079	187.729
MGG_00193T0	3485	3486	1087.03	21.3571
MGG_05317T0	1272	1273	1465	78.8203
MGG_16467T0	1172	1173	73	4.26239
MGG_11683T0	1104	1105	306	18.9665
MGG_04436T0	1285	1286	17381.7	925.721
MGG_13743T0	1171	1172	2808	164.096
MGG_02853T0	1522	1523	1252	56.3032
MGG_11715T0	4417	4418	1526	23.6569
MGG_01128T0	6009	6010	5827	66.4048
MGG_03652T0	2854	2855	1018.51	24.4335
MGG_17841T0	3915	3916	7211	126.119
MGG_05141T0	825	826	67	5.5555
MGG_01025T0	1415	1416	157	7.5939
MGG_02898T0	1344	1345	330	16.8043
MGG_03800T0	675	676	0	0
MGG_08858T0	2128	2129	2900	93.2934
MGG_03149T0	1673	1674	5575	228.096
MGG_08368T0	1761	1762	1258	48.8994
MGG_16489T0	627	628	163.061	17.7836
MGG_12267T0	1348	1349	1270	64.4793
MGG_14629T0	267	268	771	197.037
MGG_12423T0	1308	1309	373	19.5163
MGG_06325T0	3373	3374	1907.88	38.7289
MGG_14922T0	264	265	0	0
MGG_17784T0	333	334	91	18.6605
MGG_03760T0	858	859	11	0.877058
MGG_15828T0	1177	1178	243.277	14.1444
MGG_03565T0	2303	2304	1740	51.7244
MGG_02421T0	1773	1774	697	26.9096
MGG_09543T0	2223	2224	81	2.49447
MGG_17883T0	183	184	9	3.35007
MGG_15179T0	1119	1120	0	0
MGG_08331T0	711	712	0	0
MGG_01358T0	920	921	9.90028	0.736235
MGG_05315T0	6151	6152	2875.58	32.0139
MGG_11575T0	967	968	748	52.9243
MGG_17064T0	249	250	34	9.31467
MGG_12154T0	5580	5581	2843	34.8894
MGG_04552T0	3410	3411	1067	21.4245
MGG_03239T0	1485	1486	1139	52.4969
MGG_04991T0	2290	2291	1086	32.4663
MGG_14071T0	1373	1374	1794.92	89.4718
MGG_08900T0	1611	1612	507	21.5413
MGG_13442T0	1707	1708	334	13.3933
MGG_16424T0	2281	2282	400	12.0053
MGG_06682T0	2037	2038	844.188	28.3703
MGG_09559T0	3473	3474	2081	41.0271
MGG_04981T0	1176	1177	496.477	28.8903
MGG_05336T0	2419	2420	4053	114.707
MGG_05943T0	438	439	0	0
MGG_00157T0	2492	2493	6012	165.168
MGG_01366T0	270	271	32	8.08741
MGG_03970T0	1716	1717	1509	60.1932
MGG_18063T0	1711	1712	66.2885	2.65194
MGG_12015T0	423	424	18	2.9076
MGG_08007T0	1596	1597	651	27.9193
MGG_08447T0	780	781	10	0.876956
MGG_15233T0	1413	1414	163.49	7.91899
MGG_15592T0	210	211	9	2.92138
MGG_00873T0	186	187	0	0
MGG_02961T0	7269	7270	4644	43.7508
MGG_05316T0	2254	2255	21	0.637825
MGG_09313T0	2517	2518	1077	29.2947
MGG_00220T0	1571	1572	598	26.0542
MGG_05879T0	1472	1473	280	13.0192
MGG_01329T0	2739	2740	1421	35.5199
MGG_14892T0	1344	1345	239	12.1704
MGG_00528T0	3218	3219	1977	42.0644
MGG_14003T0	5757	5758	4651	55.3227
MGG_08089T0	2196	2197	835	26.0307
MGG_13486T0	2634	2635	1724.83	44.8326
MGG_00772T0	3954	3955	1450	25.1102
MGG_01855T0	876	877	12	0.937153
MGG_12176T0	423	424	58	9.36895
MGG_17181T0	444	445	7	1.07737
MGG_00272T0	1281	1282	719	38.4122
MGG_06140T0	3407	3408	2053	41.2589
MGG_16194T0	887	888	114	8.79266
MGG_15901T0	2868	2869	1604	38.2915
MGG_15738T0	228	229	211	63.1067
MGG_05948T0	1706	1707	9592	384.861
MGG_00110T0	1685	1686	361	14.6649
MGG_16069T0	1498	1499	349.325	15.9609
MGG_02330T0	1839	1840	36	1.34003
MGG_01812T0	2795	2796	449	10.9986
MGG_01747T0	2607	2608	346.265	9.09348
MGG_04247T0	705	706	0	0
MGG_10193T0	1821	1822	3225	121.23
MGG_02926T0	738	739	1483	137.444
MGG_15985T0	345	346	1	0.197949
MGG_13817T0	3738	3739	2670.86	48.9242
MGG_01042T0	1689	1690	723	29.3009
MGG_02859T0	2681	2682	2381	60.8036
MGG_03913T0	576	577	293	34.7793
MGG_08863T0	3381	3382	750	15.1885
MGG_03351T0	3207	3208	287	6.1274
MGG_13255T0	1008	1009	155	10.5213
MGG_09971T0	2546	2547	2562	68.8936
MGG_15749T0	4032	4033	2568	43.6109
MGG_02812T0	1206	1207	4406	250.015
MGG_16557T0	1188	1189	0	0
MGG_16081T0	855	856	9	0.720108
MGG_16279T0	495	496	3	0.414255
MGG_15736T0	937	938	1376	100.472
MGG_15707T0	546	547	0	0
MGG_17928T0	1263	1264	12756.7	691.224
MGG_08641T0	1482	1483	417.604	19.2864
MGG_05091T0	1814	1815	116	4.37734
MGG_09234T0	1218	1219	80	4.49485
MGG_03220T0	3779	3780	5355.69	97.0403
MGG_08415T0	2981	2982	78	1.7915
MGG_17456T0	616	617	236	26.1972
MGG_15570T0	324	325	15	3.16109
MGG_07160T0	2137	2138	1154	36.9681
MGG_05651T0	1354	1355	2529	127.832
MGG_01973T0	3486	3487	1793.48	35.2268
MGG_03946T0	1042	1043	2125	139.541
MGG_03175T0	1662	1663	1088	44.809
MGG_15786T0	174	175	0	0
MGG_07559T0	1728	1729	413	16.36
MGG_07208T0	1458	1459	1028	48.2577
MGG_08010T0	2519	2520	1323	35.9574
MGG_00827T0	941	942	1251	90.9568
MGG_08201T0	826	827	1673.27	138.577
MGG_15950T0	2636	2637	705.244	18.3171
MGG_11104T0	755	756	53	4.80156
MGG_14559T0	360	361	31	5.88143
MGG_07999T0	3886	3887	2570	45.2843
MGG_09122T0	1533	1534	98	4.37552
MGG_15251T0	1046	1047	548.663	35.8912
MGG_02341T0	258	259	6	1.58665
MGG_11709T0	3750	3751	2791.03	50.9619
MGG_07250T0	5399	5400	79	1.00199
MGG_16096T0	1982	1983	1761	60.8226
MGG_11651T0	1689	1690	650	26.3424
MGG_13542T0	3561	3562	710.511	13.6617
MGG_01409T0	3730	3731	6215	114.089
MGG_02544T0	1601	1602	186	7.95205
MGG_17454T0	279	280	6	1.46765
MGG_16411T0	636	637	2	0.21504
MGG_07176T0	1576	1577	17871	776.15
MGG_16595T0	2541	2542	677	18.2407
MGG_03865T0	222	223	463	142.202
MGG_17485T0	246	247	0	0
MGG_03108T0	402	403	0	0
MGG_03352T0	1623	1624	384	16.1947
MGG_09086T0	384	385	0	0
MGG_16996T0	984	985	6.75781	0.469892
MGG_07916T0	1869	1870	2701.93	98.9605
MGG_06371T0	1595	1596	5775	247.826
MGG_08676T0	1109	1110	966	59.605
MGG_00105T0	6562	6563	986.641	10.2964
MGG_15136T0	1602	1603	1652	70.5838
MGG_04331T0	1423	1424	2743	131.93
MGG_10428T0	2247	2248	1713	52.1903
MGG_11360T0	2002	2003	481	16.4472
MGG_17467T0	186	187	5	1.83129
MGG_05299T0	2893	2894	3807.87	90.1182
MGG_17423T0	462	463	9	1.33134
MGG_14338T0	718	719	10028	955.243
MGG_03853T0	1372	1373	962.579	48.0169
MGG_16616T0	414	415	0	0
MGG_06925T0	4611	4612	2355	34.9728
MGG_17937T0	744	745	42	3.86119
MGG_05764T0	507	508	133	17.9315
MGG_16403T0	1560	1561	0	0
MGG_16350T0	282	283	0	0
MGG_16195T0	3120	3121	1120	24.5784
MGG_06192T0	1036	1037	8020	529.693
MGG_06907T0	915	916	1396.66	104.43
MGG_09762T0	2334	2335	39	1.14395
MGG_03275T0	7701	7702	4436	39.4472
MGG_02653T0	3623	3624	2736	51.7079
MGG_08739T0	540	541	0	0
MGG_01637T0	1404	1405	2355	114.8
MGG_12049T0	429	430	35	5.57479
MGG_15610T0	207	208	2	0.65856
MGG_07490T0	636	637	113	12.1498
MGG_02310T0	1383	1384	2	0.0989743
MGG_02701T0	5485	5486	1979	24.7069
MGG_14847T0	3965	3966	3936	67.9722
MGG_04611T0	2594	2595	471	12.4312
MGG_10484T0	1156	1157	48	2.84143
MGG_02839T0	2503	2504	193	5.279
MGG_12775T0	1360	1361	1451	73.0193
MGG_02287T0	1338	1339	6723	343.883
MGG_05040T0	2926	2927	338	7.90902
MGG_05465T0	576	577	0	0
MGG_00172T0	2308	2309	1301	38.5906
MGG_14057T0	1314	1315	546	28.4378
MGG_02974T0	2120	2121	647	20.8926
MGG_02998T0	1845	1846	466	17.2895
MGG_15330T0	930	931	39	2.86909
MGG_12981T0	925	926	0	0
MGG_07949T0	2258	2259	101	3.0622
MGG_04099T0	1987	1988	32	1.10246
MGG_07845T0	1747	1748	95	3.7223
MGG_08581T0	2021	2022	517	17.5121
MGG_04348T0	972	973	13	0.91508
MGG_09990T0	2808	2809	156	3.80366
MGG_03461T0	898	899	3.35767	0.255803
MGG_06504T0	2267	2268	3820	115.358
MGG_06906T0	2819	2820	2291	55.6422
MGG_07390T0	1255	1256	44	2.39934
MGG_09954T0	4910	4911	271	3.77944
MGG_01511T0	1773	1774	224	8.64815
MGG_17356T0	886	887	12	0.926587
MGG_17187T0	450	451	20	3.03726
MGG_08696T0	1215	1216	6	0.337945
MGG_11889T0	2431	2432	4837.5	136.234
MGG_06603T0	2020	2021	777	26.332
MGG_12313T0	2076	2077	67.7281	2.23337
MGG_03627T0	1552	1553	1454	64.1241
MGG_01833T0	4200	4201	667	10.8743
MGG_00667T0	3832	3833	2086	37.2738
MGG_02504T0	2240	2241	1928	58.9242
MGG_05478T0	1471	1472	2534	117.904
MGG_00357T0	1978	1979	1425	49.3171
MGG_03736T0	4716	4717	4449	64.5989
MGG_17217T0	735	736	0	0
MGG_16177T0	1416	1417	0	0
MGG_14735T0	1561	1562	614	26.9225
MGG_07690T0	2196	2197	6114	190.6
MGG_06837T0	264	265	10086	2606.76
MGG_07100T0	1345	1346	46	2.34068
MGG_06153T0	1442	1443	5491	260.624
MGG_17838T0	231	232	0	0
MGG_11817T0	1980	1981	702	24.2706
MGG_07217T0	666	667	24	2.46442
MGG_09500T0	306	307	32	7.13905
MGG_05012T0	1875	1876	25	0.912716
MGG_04040T0	4203	4204	691	11.2576
MGG_04770T0	1074	1075	92	5.86149
MGG_17341T0	2495	2496	1913	52.4927
MGG_00683T0	4216	4217	1458.53	23.6887
MGG_06679T0	3777	3778	138	2.50176
MGG_15734T0	657	658	11	1.14497
MGG_04015T0	2437	2438	365	10.2539
MGG_09641T0	1346	1347	6984	355.112
MGG_08699T0	657	658	147	15.301
MGG_10479T0	1941	1942	4	0.141072
MGG_00380T0	459	460	6	0.893351
MGG_03194T0	1158	1159	1084	64.0582
MGG_16870T0	813	814	53	4.45944
MGG_12962T0	2832	2833	1344	32.4924
MGG_15627T0	1253	1254	1341.52	73.2703
MGG_08268T0	2211	2212	367.699	11.3851
MGG_13497T0	2244	2245	1860	56.7447
MGG_04242T0	1452	1453	3379.19	159.285
MGG_15140T0	4384	4385	4199	65.5851
MGG_07419T0	2473	2474	3615.2	100.083
MGG_02061T0	2507	2508	437	11.9339
MGG_04135T0	722	723	10890	1031.62
MGG_14167T0	2313	2314	79	2.33826
MGG_01970T0	3030	3031	1728.36	39.0549
MGG_07616T0	3620	3621	23603.6	446.456
MGG_02252T0	1299	1300	71166	3749.37
MGG_08986T0	2082	2083	11	0.361686
MGG_13615T0	1065	1066	2066	132.74
MGG_05787T0	1548	1549	23	1.01696
MGG_11480T0	2023	2024	1837	62.1623
MGG_11327T0	1623	1624	2417	101.934
MGG_12816T0	1646	1647	1212	50.4008
MGG_08080T0	1240	1241	3625.27	200.077
MGG_02597T0	2508	2509	3881	105.943
MGG_01065T0	1067	1068	1300	83.3683
MGG_04906T0	3576	3577	1879	35.978
MGG_01045T0	3889	3890	1570	27.6426
MGG_06471T0	699	700	975.08	95.4049
MGG_05983T0	2274	2275	1669	50.2462
MGG_13133T0	399	400	7	1.19858
MGG_00255T0	1639	1640	1487	62.1006
MGG_14730T0	768	769	353	31.4396
MGG_05795T0	384	385	0	0
MGG_02086T0	1165	1166	2909	170.873
MGG_10634T0	2822	2823	246.19	5.97293
MGG_04507T0	928	929	1278.32	94.2436
MGG_10131T0	3320	3321	1819	37.5139
MGG_16571T0	753	754	3872.99	351.806
MGG_12381T0	291	292	121	28.3812
MGG_03994T0	3699	3700	3538	65.4915
MGG_04400T0	1950	1951	13620	478.133
MGG_15034T0	945	946	767	55.5307
MGG_17729T0	804	805	594.202	50.5553
MGG_11966T0	597	598	76	8.70444
MGG_00140T0	2239	2240	306	9.35625
MGG_10737T0	2048	2049	516.498	17.2645
MGG_00590T0	3789	3790	940	16.987
MGG_06436T0	828	829	1	0.0826179
MGG_17317T0	3866	3867	998	17.676
MGG_15448T0	165	166	2	0.825184
MGG_15958T0	201	202	31	10.5109
MGG_01109T0	817	818	402.138	33.6706
MGG_14634T0	687	688	64	6.37118
MGG_12123T0	3215	3216	2739	58.3317
MGG_04460T0	1066	1067	690	44.2908
MGG_15152T0	792	793	0	0
MGG_04676T0	2107	2108	1411	45.8443
MGG_14751T0	2063	2064	1348	44.731
MGG_07417T0	1495	1496	282	12.9106
MGG_09080T0	2962	2963	6653.82	153.804
MGG_16591T0	1140	1141	320.082	19.2134
MGG_15575T0	557	558	4	0.490969
MGG_10363T0	1455	1456	89	4.18656
MGG_10674T0	2812	2813	885.281	21.5546
MGG_11335T0	2508	2509	1051	28.69
MGG_16678T0	198	199	17	5.85092
MGG_00735T0	2236	2237	468	14.3288
MGG_16368T0	337	338	2.50442	0.507481
MGG_02309T0	2096	2097	24.1165	0.787671
MGG_03054T0	3420	3421	898.411	17.9867
MGG_07102T0	969	970	571	40.3174
MGG_11096T0	606	607	772	87.1078
MGG_11719T0	1120	1121	33	2.01622
MGG_08975T0	4357	4358	6371	100.126
MGG_15877T0	297	298	55	12.6408
MGG_17398T0	1394	1395	206	10.114
MGG_08767T0	2318	2319	320	9.451
MGG_00618T0	1408	1409	65	3.15959
MGG_17620T0	2509	2510	145.537	3.97127
MGG_04896T0	747	748	1223	111.983
MGG_02166T0	315	316	1	0.216741
MGG_04329T0	1548	1549	176	7.78198
MGG_06718T0	1136	1137	1010	60.84
MGG_07421T0	1023	1024	3	0.200655
MGG_17122T0	2709	2710	1049	26.5115
MGG_03908T0	1090	1091	377	23.6671
MGG_15765T0	588	589	35	4.06988
MGG_09640T0	1599	1600	2473	105.86
MGG_16982T0	1225	1226	258	14.4131
MGG_00831T0	2208	2209	2	0.0620102
MGG_15974T0	1317	1318	16.8883	0.877606
MGG_05660T0	1493	1494	1073	49.1901
MGG_16686T0	294	295	0	0
MGG_02638T0	1592	1593	291	12.5114
MGG_00718T0	1911	1912	579	20.7405
MGG_03041T0	3393	3394	3338	67.3602
MGG_03856T0	1556	1557	675.564	29.7171
MGG_02390T0	2784	2785	2586	63.5963
MGG_08206T0	1599	1600	441	18.8776
MGG_01566T0	1669	1670	2275.51	93.3236
MGG_10345T0	1557	1558	23	1.01109
MGG_15044T0	159	160	0	0
MGG_05052T0	1985	1986	878	30.2792
MGG_12963T0	1677	1678	78	3.18369
MGG_17170T0	1293	1294	354	18.7369
MGG_13500T0	3449	3450	1318	26.1653
MGG_11214T0	1011	1012	11	0.744459
MGG_04601T0	3393	3394	1366.65	27.5787
MGG_16013T0	471	472	13	1.88638
MGG_13246T0	2475	2476	2573	71.1734
MGG_01302T0	1753	1754	884	34.5185
MGG_04976T0	1821	1822	2947	110.78
MGG_10275T0	1992	1993	38	1.30589
MGG_01429T0	1601	1602	176	7.52452
MGG_05156T0	1957	1958	3971	138.904
MGG_15727T0	613	614	280	31.2333
MGG_06036T0	1802	1803	484	18.3856
MGG_12069T0	513	514	0	0
MGG_15619T0	414	415	0	0
MGG_09864T0	1131	1132	352	21.2973
MGG_12647T0	2535	2536	1044	28.1955
MGG_04310T0	1097	1098	1165.63	72.7087
MGG_14666T0	870	871	2391	188.014
MGG_08575T0	805	806	5119	434.989
MGG_12759T0	649	650	40.4307	4.26016
MGG_10057T0	1978	1979	3789	131.132
MGG_07998T0	3049	3050	263	5.90588
MGG_00595T0	2653	2654	2248	58.0128
MGG_07992T0	1317	1318	1170	60.7994
MGG_09119T0	2737	2738	2859	71.517
MGG_08859T0	2298	2299	1645.8	49.0307
MGG_11412T0	1945	1946	8856	311.69
MGG_10815T0	738	739	0	0
MGG_00129T0	1674	1675	707.094	28.9129
MGG_07149T0	2926	2927	1751	40.9725
MGG_11885T0	2127	2128	553	17.7984
MGG_02928T0	4728	4729	2238	32.413
MGG_06452T0	1850	1851	73	2.70113
MGG_00211T0	2279	2280	332.438	9.98628
MGG_09294T0	1063	1064	2327	149.79
MGG_10208T0	1137	1138	176	10.5925
MGG_00964T0	1554	1555	512	22.5511
MGG_16321T0	597	598	0	0
MGG_02183T0	6555	6556	1939	20.2566
MGG_03828T0	1557	1558	308	13.5398
MGG_05233T0	4427	4428	1450.67	22.4383
MGG_01355T0	2121	2122	346	11.1676
MGG_17168T0	304	305	23	5.16484
MGG_12329T0	2062	2063	475.839	15.7975
MGG_07500T0	1884	1885	227	8.2479
MGG_10652T0	2551	2552	1448.06	38.8629
MGG_02688T0	2220	2221	15	0.462563
MGG_09528T0	2162	2163	493	15.6106
MGG_17438T0	186	187	0	0
MGG_14555T0	231	232	6	1.7713
MGG_07608T0	375	376	45	8.19697
MGG_17034T0	156	157	1	0.436244
MGG_00019T0	393	394	0	0
MGG_14856T0	432	433	46	7.2761
MGG_01659T0	1023	1024	1941	129.824
MGG_05189T0	2200	2201	4889	152.135
MGG_07130T0	1444	1445	3776	178.975
MGG_08390T0	1275	1276	1649	88.5113
MGG_16655T0	621	622	69.5013	7.65299
MGG_02799T0	1937	1938	955	33.7503
MGG_11537T0	1152	1153	1933	114.824
MGG_16850T0	276	277	3	0.741771
MGG_15755T0	1826	1827	119	4.46105
MGG_04426T0	752	753	2555	232.394
MGG_07718T0	2652	2653	942	24.3188
MGG_03758T0	1254	1255	648	35.3639
MGG_06345T0	2348	2349	776	22.626
MGG_15959T0	282	283	1	0.242015
MGG_03916T0	921	922	248	18.4225
MGG_10760T0	1248	1249	0	0
MGG_03615T0	1528	1529	4719	211.384
MGG_06384T0	1359	1360	917.809	46.2213
MGG_05569T0	1826	1827	425.906	15.9663
MGG_06900T0	2311	2312	3	0.0888714
MGG_11605T0	2775	2776	555	13.6931
MGG_11426T0	3426	3427	1620	32.3765
MGG_06099T0	1964	1965	5720.44	199.386
MGG_06270T0	1660	1661	9413.5	388.159
MGG_09698T0	282	283	1085	262.586
MGG_00153T0	2048	2049	1960	65.5153
MGG_16066T0	231	232	0	0
MGG_05719T0	723	724	1306	123.547
MGG_05900T0	4527	4528	10	0.151259
MGG_00617T0	3883	3884	561	9.89264
MGG_17890T0	375	376	480	87.4343
MGG_01013T0	1734	1735	3838.34	151.521
MGG_05568T0	1281	1282	1361.09	72.7158
MGG_09125T0	2859	2860	6088	145.793
MGG_15789T0	2930	2931	231.503	5.40965
MGG_02608T0	2164	2165	5029.77	159.118
MGG_06473T0	2907	2908	755	17.782
MGG_05828T0	1095	1096	10	0.624911
MGG_00208T0	2551	2552	376	10.091
MGG_02981T0	3127	3128	502.843	11.0102
MGG_08015T0	1724	1725	1602	63.6066
MGG_15653T0	236	237	6	1.73393
MGG_01085T0	1526	1527	187	8.38747
MGG_05306T0	3700	3701	2588	47.8932
MGG_16333T0	2417	2418	288	8.15765
MGG_12316T0	2414	2415	23085	654.699
MGG_06389T0	2438	2439	2925	82.1377
MGG_01553T0	2931	2932	4298.47	100.41
MGG_01003T0	2396	2397	1966	56.1751
MGG_02660T0	957	958	9130	652.73
MGG_02560T0	483	484	0	0
MGG_02115T0	1212	1213	3219	181.756
MGG_07055T0	1170	1171	313	18.307
MGG_07356T0	1833	1834	0	0
MGG_07195T0	1729	1730	3235	128.073
MGG_15864T0	520	521	1	0.131459
MGG_02590T0	378	379	4	0.722852
MGG_01046T0	2592	2593	4264	112.627
MGG_08815T0	1333	1334	1340	68.7983
MGG_13557T0	4275	4276	739	11.8368
MGG_10887T0	920	921	627	46.6269
MGG_03375T0	2242	2243	7191	219.578
MGG_07510T0	2149	2150	39	1.24238
MGG_08192T0	3613	3614	1062	20.1263
MGG_00569T0	3561	3562	1021	19.6318
MGG_08186T0	6385	6386	1214	13.0202
MGG_09107T0	1992	1993	0	0
MGG_09709T0	1756	1757	805	31.38
MGG_17193T0	341	342	38	7.61003
MGG_06784T0	1540	1541	132	5.86678
MGG_09393T0	2384	2385	2847	81.7575
MGG_03129T0	2075	2076	828	27.3169
MGG_05733T0	723	724	166	15.7036
MGG_05816T0	2592	2593	18	0.475443
MGG_08060T0	1727	1728	133	5.27153
MGG_00627T0	898	899	30	2.28555
MGG_03586T0	2299	2300	678	20.1897
MGG_16288T0	360	361	2	0.379447
MGG_13365T0	616	617	3	0.333016
MGG_15480T0	1883	1884	2337.69	84.9835
MGG_05791T0	453	454	120.701	18.209
MGG_08133T0	3052	3053	772.171	17.3227
MGG_03708T0	996	997	3443	236.521
MGG_07555T0	339	340	0	0
MGG_02165T0	237	238	0	0
MGG_15634T0	977	978	0	0
MGG_18056T0	456	457	2	0.299738
MGG_12090T0	243	244	6	1.68419
MGG_08977T0	681	682	82	8.2349
MGG_00245T0	1414	1415	836	40.4649
MGG_05706T0	5415	5416	3845	48.6235
MGG_17309T0	291	292	0	0
MGG_16334T0	4463	4464	5668	86.963
MGG_01458T0	3529	3530	471.377	9.14581
MGG_02139T0	381	382	0	0
MGG_06043T0	4632	4633	1624	24.0078
MGG_16960T0	162	163	0	0
MGG_16978T0	891	892	12	0.921393
MGG_04181T0	1028	1029	6783.63	451.518
MGG_06736T0	4888	4889	1461.26	20.4709
MGG_04565T0	1179	1180	293	17.0065
MGG_08924T0	1622	1623	1225	51.6947
MGG_10457T0	1389	1390	0	0
MGG_08511T0	1143	1144	0	0
MGG_05996T0	4569	4570	2999	44.9458
MGG_17862T0	318	319	534	114.651
MGG_15265T0	291	292	254	59.5771
MGG_03487T0	4300	4301	1134.38	18.0641
MGG_02838T0	4082	4083	1161	19.4752
MGG_08529T0	387	388	0	0
MGG_17411T0	186	187	2	0.732516
MGG_16298T0	1241	1242	1553	85.6404
MGG_07339T0	3969	3970	2017	34.7972
MGG_02667T0	4286	4287	1259	20.1141
MGG_17536T0	1076	1077	320.393	20.3749
MGG_03230T0	1611	1612	516	21.9237
MGG_09242T0	2233	2234	526.617	16.1451
MGG_14010T0	2302	2303	443	13.1746
MGG_01266T0	2271	2272	439.369	13.2449
MGG_04698T0	1949	1950	1768	62.0978
MGG_16460T0	2503	2504	29	0.793218
MGG_06781T0	1993	1994	883	30.3294
MGG_08096T0	1200	1201	3261	185.967
MGG_02503T0	2414	2415	17283	490.152
MGG_17590T0	378	379	0	0
MGG_00230T0	492	493	0	0
MGG_11289T0	3144	3145	187	4.07239
MGG_02607T0	1525	1526	1150.23	51.6249
MGG_07766T0	786	787	16	1.39243
MGG_10413T0	1704	1705	2227	89.4591
MGG_15147T0	603	604	0	0
MGG_00133T0	1950	1951	953	33.4552
MGG_02506T0	1886	1887	915	33.2107
MGG_03053T0	3944	3945	6022	104.55
MGG_03252T0	13423	13424	6049	30.8624
MGG_04593T0	3403	3404	2742	55.1705
MGG_16378T0	294	295	0	0
MGG_00057T0	1139	1140	239.846	14.4098
MGG_12763T0	1102	1103	7	0.434661
MGG_01717T0	2720	2721	408	10.2698
MGG_05098T0	2244	2245	1748.21	53.3341
MGG_09970T0	3317	3318	1502	31.0043
MGG_01064T0	948	949	5460	394.053
MGG_06975T0	2670	2671	0	0
MGG_06410T0	3366	3367	1815	36.92
MGG_01503T0	3037	3038	2625	59.1793
MGG_06307T0	4258	4259	3110.54	50.0216
MGG_02802T0	1707	1708	1449	58.1044
MGG_10560T0	1180	1181	119	6.90122
MGG_08557T0	5444	5445	1611	20.2641
MGG_14997T0	591	592	200	23.1386
MGG_03039T0	3578	3579	7312	139.928
MGG_16099T0	1415	1416	61	2.9505
MGG_01016T0	1315	1316	172	8.95161
MGG_05939T0	2178	2179	523	16.4389
MGG_00732T0	1041	1042	0	0
MGG_04842T0	2885	2886	2486	58.9975
MGG_16720T0	1144	1145	107	6.4004
MGG_13171T0	6925	6926	3694	36.5294
MGG_03362T0	1548	1549	3043	134.549
MGG_16208T0	659	660	6	0.622638
MGG_10307T0	4517	4518	1089.54	16.5168
MGG_03851T0	1062	1063	632.611	40.7598
MGG_11582T0	1338	1339	0	0
MGG_01492T0	2412	2413	1567.95	44.5045
MGG_15294T0	1404	1405	1084	52.8423
MGG_03234T0	1446	1447	339	16.0457
MGG_06377T0	1209	1210	749.458	42.422
MGG_14600T0	321	322	0	0
MGG_08700T0	924	925	53	3.92431
MGG_08302T0	1275	1276	537	28.8239
MGG_13405T0	2252	2253	627	19.0605
MGG_03089T0	1294	1295	2722	143.962
MGG_08987T0	2649	2650	3	0.0775361
MGG_17164T0	432	433	133	21.0374
MGG_16253T0	617	618	40.0811	4.44201
MGG_06852T0	1339	1340	1192	60.9256
MGG_15359T0	846	847	1	0.0808621
MGG_02492T0	1790	1791	433.661	16.5838
MGG_04521T0	1671	1672	2207	90.4055
MGG_07224T0	2406	2407	2358	67.096
MGG_13511T0	2219	2220	2163.88	66.7589
MGG_17469T0	627	628	115	12.542
MGG_17159T0	306	307	0	0
MGG_08733T0	621	622	1	0.110113
MGG_00817T0	1774	1775	267	10.3025
MGG_03131T0	3105	3106	1705.27	37.6028
MGG_04869T0	1011	1012	467	31.6057
MGG_10570T0	1284	1285	80.0277	4.26546
MGG_08956T0	1530	1531	7134	319.144
MGG_16917T0	2845	2846	221.87	5.33939
MGG_11852T0	657	658	28	2.91448
MGG_09676T0	2115	2116	253	8.18905
MGG_01023T0	2512	2513	3642	99.2604
MGG_02697T0	3515	3516	1949	37.9657
MGG_00067T0	2106	2107	1925	62.5741
MGG_04213T0	3017	3018	175	3.97143
MGG_04211T0	952	953	75	5.3901
MGG_03511T0	4267	4268	7114.43	114.168
MGG_10828T0	2138	2139	3334.08	106.756
MGG_07131T0	4066	4067	648	10.9126
MGG_00973T0	1968	1969	324	11.2701
MGG_12902T0	811	812	7	0.590433
MGG_01341T0	2064	2065	517	17.1474
MGG_15374T0	444	445	0	0
MGG_13803T0	2409	2410	1168	33.1936
MGG_01479T0	982	983	27	1.88122
MGG_15377T0	356	357	3	0.575548
MGG_01430T0	2093	2094	409.845	13.4051
MGG_10171T0	1206	1207	4930	279.749
MGG_04245T0	651	652	367	38.552
MGG_09962T0	5286	5287	369.387	4.78521
MGG_09962T1	5024	5025	2278.61	31.0573
MGG_15370T0	675	676	2	0.202634
MGG_08348T0	593	594	1	0.115303
MGG_15354T0	1440	1441	53	2.51907
MGG_01248T0	1916	1917	2282	81.5309
MGG_06028T0	1983	1984	722.02	24.9251
MGG_16779T0	453	454	47.9239	7.22978
MGG_14582T0	183	184	386	143.681
MGG_11682T0	2271	2272	990	29.8439
MGG_17389T0	1332	1333	98	5.03529
MGG_10355T0	1653	1654	4	0.165635
MGG_17436T0	2763	2764	615	15.2393
MGG_06480T0	444	445	11486	1767.82
MGG_05086T0	2637	2638	109	2.82996
MGG_01668T0	3144	3145	834	18.1624
MGG_10826T0	3448	3449	675.125	13.4066
MGG_15644T0	992	993	41	2.82789
MGG_17462T0	339	340	4	0.805767
MGG_02520T0	2493	2494	4245	116.576
MGG_03607T0	4266	4267	8147.83	130.782
MGG_14844T0	553	554	114.943	14.2102
MGG_07843T0	1928	1929	2036	72.2893
MGG_11754T0	2522	2523	218.383	5.9283
MGG_03127T0	2139	2140	602	19.2669
MGG_02801T0	1678	1679	210	8.56638
MGG_11733T0	1338	1339	5	0.255751
MGG_04206T0	2459	2460	737.404	20.5305
MGG_06211T0	4419	4420	2334	36.1666
MGG_08094T0	4170	4171	601.817	9.88218
MGG_09180T0	1404	1405	335	16.3304
MGG_02824T0	880	881	1283	99.7423
MGG_01372T0	3150	3151	4864	105.724
MGG_00393T0	4526	4527	1179	17.8374
MGG_06488T0	1763	1764	633	24.5773
MGG_10491T0	2418	2419	532	15.0628
MGG_17661T0	1788	1789	97	3.71356
MGG_06385T0	1035	1036	165.191	10.9208
MGG_12178T0	1425	1426	316	15.1774
MGG_03995T0	1913	1914	339	12.1307
MGG_13108T0	219	220	1	0.311319
MGG_11542T0	1496	1497	427	19.536
MGG_07533T0	1511	1512	687.932	31.1618
MGG_00596T0	1924	1925	725	25.795
MGG_15897T0	225	226	6	1.81832
MGG_15660T0	504	505	8	1.08499
MGG_12569T0	1683	1684	610	24.8094
MGG_16115T0	713	714	0	0
MGG_02223T0	538	539	304	38.629
MGG_07289T0	2961	2962	3511	81.1847
MGG_01213T0	1113	1114	86	5.2874
MGG_02626T0	3549	3550	826	15.936
MGG_02655T0	2668	2669	1948	49.9884
MGG_07077T0	3752	3753	3306.97	60.3503
MGG_16540T0	219	220	0	0
MGG_03077T0	3230	3231	1138	24.1231
MGG_17687T0	189	190	11	3.96522
MGG_03601T0	4622	4623	1359.27	20.1377
MGG_18060T0	291	292	0	0
MGG_10867T0	2237	2238	865	26.4719
MGG_06139T0	3111	3112	3098.76	68.1988
MGG_01373T0	2475	2476	897	24.8125
MGG_00048T0	2079	2080	82	2.7001
MGG_03434T0	1263	1264	168	9.10313
MGG_16660T0	555	556	0	0
MGG_17484T0	177	178	0	0
MGG_15851T0	300	301	0	0
MGG_00479T0	1821	1822	534.739	20.1012
MGG_02199T0	1073	1074	292	18.6212
MGG_12631T0	5219	5220	1877	24.6276
MGG_06483T0	2033	2034	1157	38.9593
MGG_07931T0	1423	1424	928	44.6341
MGG_16256T0	387	388	14	2.4713
MGG_11409T0	450	451	117	17.768
MGG_10586T0	1462	1463	961	44.9891
MGG_16853T0	2360	2361	3351	97.2091
MGG_06788T0	1854	1855	288	10.6335
MGG_02762T0	1894	1895	56	2.02399
MGG_07631T0	1490	1491	60	2.75615
MGG_08468T0	1650	1651	1	0.0414841
MGG_00702T0	2610	2611	982	25.7593
MGG_02051T0	2237	2238	760	23.2585
MGG_17273T0	475	476	14	2.01442
MGG_15543T0	222	223	1	0.307131
MGG_10309T0	1632	1633	529	22.187
MGG_10819T0	632	633	1850.8	200.255
MGG_01148T0	2122	2123	1330	42.9072
MGG_17626T0	231	232	3	0.88565
MGG_13626T0	1411	1412	2586	125.436
MGG_01353T0	4203	4204	495.037	8.06499
MGG_15832T0	504	505	12	1.62749
MGG_15818T0	3077	3078	857	19.0696
MGG_08051T0	2234	2235	452	13.8513
MGG_10538T0	2698	2699	1447	36.7193
MGG_01265T0	1390	1391	333	16.3963
MGG_05647T0	1708	1709	2681	107.444
MGG_10800T0	2171	2172	678.184	21.3854
MGG_01979T0	1967	1968	3152	109.696
MGG_14661T0	423	424	56	9.04588
MGG_02605T0	2200	2201	3423.83	106.542
MGG_18065T0	369	370	1	0.185109
MGG_01411T0	354	355	9	1.73637
MGG_04854T0	1583	1584	339	14.6579
MGG_00755T0	1828	1829	5324	199.367
MGG_09766T0	1981	1982	1931	66.7279
MGG_17594T0	762	763	11	0.987408
MGG_10188T0	2403	2404	1980.74	56.4314
MGG_08710T0	3230	3231	6384	135.327
MGG_03485T0	3916	3917	2244	39.2372
MGG_09387T0	657	658	0	0
MGG_13923T0	582	583	3	0.352437
MGG_00769T0	2306	2307	820.721	24.3656
MGG_05830T0	1785	1786	557	21.3601
MGG_03058T0	4839	4840	463	6.55185
MGG_14855T0	1224	1225	1170	65.4152
MGG_00302T0	2761	2762	687	17.0358
MGG_05417T0	654	655	0	0
MGG_08913T0	3981	3982	2099.21	36.1062
MGG_01463T0	3641	3642	3829	72.0069
MGG_09319T0	1506	1507	3616	164.34
MGG_02834T0	1664	1665	2084	85.7259
MGG_06595T0	1694	1695	156	6.30353
MGG_04504T0	1506	1507	2129.02	96.7601
MGG_04645T0	384	385	777	138.226
MGG_16623T0	402	403	50	8.49755
MGG_12118T0	3204	3205	722.355	15.4366
MGG_08497T0	1265	1266	363	19.6382
MGG_02914T0	1380	1381	1372	68.0439
MGG_03007T0	3008	3009	1316.83	29.9733
MGG_14041T0	1581	1582	1	0.0432934
MGG_03689T0	1504	1505	30.5477	1.39018
MGG_15109T0	901	902	142	10.7823
MGG_13935T0	2831	2832	1125	27.2075
MGG_03889T0	1623	1624	465	19.6108
MGG_06445T0	1408	1409	329	15.9924
MGG_10233T0	1482	1483	118	5.44966
MGG_16670T0	411	412	0	0
MGG_12589T0	2613	2614	3026	79.2852
MGG_13154T0	2391	2392	832	23.8227
MGG_08435T0	558	559	2	0.245046
MGG_12302T0	1597	1598	1005	43.0743
MGG_03155T0	2804	2805	7014.66	171.278
MGG_01696T1	874	875	66.2941	5.18914
MGG_01696T0	874	875	416.706	32.6175
MGG_04632T0	1395	1396	39	1.91341
MGG_06881T0	2960	2961	2534.78	58.6315
MGG_02354T0	840	841	15	1.22159
MGG_00136T0	1692	1693	1561.54	63.1719
MGG_09502T0	2318	2319	573	16.9232
MGG_00757T0	1958	1959	1061.75	37.1208
MGG_02127T0	2243	2244	1412	43.0963
MGG_03693T0	4821	4822	645	9.16139
MGG_17825T0	2457	2458	422.984	11.7861
MGG_05531T0	1295	1296	6574	347.419
MGG_16863T0	480	481	24	3.41739
MGG_15861T0	5483	5484	5381.49	67.21
MGG_17241T0	2236	2237	679	20.7889
MGG_13126T0	714	715	350	33.5267
MGG_07230T0	1455	1456	739	34.7626
MGG_09521T0	3389	3390	716.856	14.4831
MGG_08867T0	2647	2648	1056	27.3133
MGG_16184T0	975	976	702	49.2624
MGG_00406T0	1226	1227	1325	73.9605
MGG_07272T0	1483	1484	262.68	12.1233
MGG_17404T0	165	166	16	6.60147
MGG_14081T0	384	385	0	0
MGG_07173T0	2904	2905	1208.97	28.5034
MGG_07173T1	2019	2020	2169.03	73.5434
MGG_15166T0	705	706	0	0
MGG_02896T0	1578	1579	3057.24	132.61
MGG_07717T0	2091	2092	1326	43.4121
MGG_03915T0	786	787	447	38.9011
MGG_03564T0	2121	2122	2581	83.305
MGG_06612T0	3768	3769	214	3.88881
MGG_13535T0	4511	4512	1499	22.7542
MGG_17324T0	1388	1389	21143.7	1042.58
MGG_15181T0	3063	3064	0	0
MGG_04760T0	1962	1963	1282	44.7297
MGG_09209T0	2588	2589	1862	49.2579
MGG_09658T0	534	535	0	0
MGG_12780T0	693	694	1	0.0986891
MGG_17483T0	285	286	1	0.239476
MGG_06773T0	2633	2634	369	9.59487
MGG_05287T0	3868	3869	14743	260.985
MGG_05521T0	1707	1708	508	20.3706
MGG_14561T0	1903	1904	4749	170.83
MGG_00306T0	2782	2783	638	15.7013
MGG_03069T0	3322	3323	1380	28.4431
MGG_08036T0	3614	3615	997	18.8893
MGG_11554T0	3019	3020	656	14.8773
MGG_15870T0	234	235	2	0.582896
MGG_04143T0	1362	1363	2643	132.81
MGG_01437T0	1301	1302	420.206	22.1044
MGG_04635T0	2235	2236	83	2.54235
MGG_04217T0	3433	3434	3601	71.821
MGG_15703T0	502	503	0	0
MGG_01145T0	934	935	179	13.112
MGG_13021T0	2391	2392	197	5.64071
MGG_02657T0	348	349	316	62.0141
MGG_09659T0	1233	1234	1	0.0555026
MGG_09211T0	2798	2799	1937	47.3975
MGG_16901T0	2383	2384	7033.93	202.079
MGG_16158T0	171	172	5	1.991
MGG_01923T0	1146	1147	105	6.26981
MGG_02047T0	2436	2437	291	8.17836
MGG_08412T0	423	424	0	0
MGG_15689T0	796	797	151	12.9762
MGG_10158T0	2093	2094	172	5.62575
MGG_02615T0	1582	1583	675	29.2046
MGG_04999T0	2004	2005	723	24.6975
MGG_11005T0	1564	1565	98	4.28885
MGG_00081T0	1017	1018	3822	257.141
MGG_06162T0	5852	5853	630	7.37209
MGG_15437T0	459	460	153	22.7804
MGG_14192T0	294	295	3	0.696511
MGG_07708T0	2503	2504	3470.72	94.9323
MGG_08738T0	2691	2692	0	0
MGG_13937T0	981	982	8	0.557965
MGG_05188T0	1737	1738	5152	203.027
MGG_10415T0	2403	2404	57	1.62394
MGG_03471T0	1176	1177	25	1.45476
MGG_06574T0	1252	1253	549	30.0089
MGG_16506T0	189	190	9	3.24427
MGG_16398T0	1889	1890	97.3403	3.52744
MGG_06200T0	2531	2532	2621	70.8977
MGG_10438T0	1503	1504	65	2.96002
MGG_13546T0	248	249	4	1.10024
MGG_17568T0	210	211	1	0.324598
MGG_16765T0	417	418	49	8.02876
MGG_16251T0	3487	3488	8485.85	166.628
MGG_05438T0	1470	1471	6131	285.461
MGG_06404T0	1197	1198	445	25.4409
MGG_02759T0	4268	4269	2994	48.0346
MGG_06208T0	1599	1600	446.068	19.0946
MGG_04847T0	1982	1983	1448	50.012
MGG_09609T0	390	391	0	0
MGG_08455T0	1918	1919	216	7.70917
MGG_02338T0	591	592	21	2.42955
MGG_12198T0	1575	1576	0	0
MGG_02160T0	1997	1998	3644.07	124.917
MGG_07514T0	1940	1941	897.765	31.6786
MGG_16631T0	231	232	4	1.18087
MGG_16059T0	552	553	0	0
MGG_15490T0	761	762	0	0
MGG_06518T0	1639	1640	807	33.7022
MGG_16849T0	819	820	202	16.872
MGG_14731T0	1177	1178	3210.25	186.648
MGG_01408T0	1707	1708	134	5.37336
MGG_04259T0	333	334	2	0.410121
MGG_17796T0	682	683	4	0.401114
MGG_14126T0	741	742	60	5.53829
MGG_02747T0	789	790	16567	1436.3
MGG_06396T0	6184	6185	9956.23	110.251
MGG_17395T0	213	214	3	0.960143
MGG_17167T0	159	160	4	1.71226
MGG_02646T0	1065	1066	16	1.028
MGG_03808T0	507	508	0	0
MGG_13332T0	897	898	7	0.533888
MGG_16389T0	3867	3868	1390	24.6126
MGG_06176T0	1668	1669	680.056	27.9073
MGG_12972T0	2108	2109	887	28.8055
MGG_15737T0	594	595	247	28.4321
MGG_02769T0	1995	1996	657.541	22.5627
MGG_10305T0	1614	1615	3286	139.355
MGG_16119T0	770	771	12	1.066
MGG_16301T0	2092	2093	2401	78.5691
MGG_09117T0	1302	1303	282	14.8229
MGG_17664T0	363	364	0	0
MGG_01253T0	693	694	56.659	5.59163
MGG_12983T0	1633	1634	1	0.0419157
MGG_05171T0	1971	1972	2656.29	92.2566
MGG_08433T0	369	370	0	0
MGG_17637T0	378	379	0	0
MGG_00350T0	1220	1221	846.435	47.4796
MGG_05393T0	1154	1155	19	1.12668
MGG_08297T0	1493	1494	75	3.43826
MGG_05738T0	3692	3693	1156	21.4391
MGG_14816T0	2450	2451	50	1.39719
MGG_16129T0	300	301	10	2.27542
MGG_16348T0	333	334	0	0
MGG_08803T0	2195	2196	309	9.63729
MGG_01282T0	1189	1190	49791	2865.71
MGG_05162T0	564	565	6	0.72733
MGG_04346T0	1553	1554	15510	683.58
MGG_06424T0	2032	2033	1703	57.3728
MGG_07824T0	741	742	0	0
MGG_09227T0	2175	2176	747	23.512
MGG_04602T0	3443	3444	2253	44.805
MGG_17498T0	171	172	1	0.398199
MGG_11530T0	1897	1898	236	8.51617
MGG_01661T0	3900	3901	2120.04	37.2218
MGG_10610T0	372	373	1	0.18362
MGG_05357T0	2160	2161	596	18.8895
MGG_08086T0	630	631	94	10.203
MGG_17673T0	201	202	35	11.8671
MGG_07928T0	742	743	19369.2	1785.47
MGG_08811T0	1241	1242	573.224	31.6105
MGG_01323T0	2686	2687	1526	38.8969
MGG_01159T0	946	947	44112.3	3190.35
MGG_02825T0	708	709	972	93.8963
MGG_03728T0	1252	1253	1395	76.2522
MGG_16892T0	297	298	13	2.98783
MGG_01750T0	3822	3823	759	13.5977
MGG_06954T0	2815	2816	3567	86.7559
MGG_15882T0	180	181	444	168.009
MGG_06318T0	5448	5449	7627	95.8662
MGG_05185T0	2113	2114	584	18.9207
MGG_13252T0	1908	1909	24	0.861061
MGG_07414T0	1647	1648	97	4.03128
MGG_17844T0	902	903	29	2.19958
MGG_10712T0	1350	1351	3	0.152088
MGG_03769T0	1595	1596	108	4.63468
MGG_01883T0	2935	2936	1915	44.6726
MGG_03883T0	2434	2435	4250	119.541
MGG_07897T0	399	400	0	0
MGG_09447T0	684	685	2	0.199971
MGG_15659T0	198	199	0	0
MGG_17956T0	303	304	13	2.92886
MGG_16747T0	591	592	64	7.40435
MGG_13140T0	945	946	28	2.0272
MGG_04757T0	2490	2491	490	13.4726
MGG_08071T0	3786	3787	1088	19.6772
MGG_15439T0	1062	1063	18	1.15976
MGG_01673T0	5111	5112	2552	34.1915
MGG_16584T0	771	772	0	0
MGG_15039T0	336	337	2	0.40647
MGG_11069T0	966	967	0	0
MGG_01400T0	1242	1243	730	40.2235
MGG_01022T0	1215	1216	248	13.9684
MGG_16618T0	159	160	6	2.56838
MGG_10050T0	1509	1510	51	2.31325
MGG_18125T0	863	864	0	0
MGG_08704T0	4099	4100	95.6158	1.59726
MGG_17129T0	243	244	8	2.24558
MGG_04133T0	4056	4057	865.731	14.6153
MGG_06264T0	921	922	511	37.9593
MGG_15640T0	414	415	16	2.64059
MGG_14232T0	2975	2976	6445	148.326
MGG_06433T0	1044	1045	538	35.261
MGG_06749T0	1424	1425	226.019	10.8632
MGG_17348T0	1442	1443	84	3.98696
MGG_11160T0	2638	2639	1063.47	27.6005
MGG_04765T0	1827	1828	3587	134.395
MGG_06927T0	656	657	3782.97	394.363
MGG_12122T0	4812	4813	14234	202.553
MGG_04936T0	2088	2089	285	9.34405
MGG_09419T0	1314	1315	14	0.729174
MGG_05833T0	1873	1874	99	3.61821
MGG_08431T0	1044	1045	5	0.327704
MGG_14234T0	5369	5370	1300	16.5805
MGG_02511T0	1515	1516	1439.32	65.0262
MGG_17970T0	288	289	1	0.23699
MGG_02439T0	1041	1042	2113	138.887
MGG_11478T0	513	514	0	0
MGG_01971T0	1125	1126	364	22.1407
MGG_17710T0	195	196	0	0
MGG_15630T0	336	337	7	1.42265
MGG_01072T0	2980	2981	1991	45.7444
MGG_16851T0	297	298	4	0.919332
MGG_07981T0	1788	1789	1253	47.97
MGG_13646T0	1703	1704	1353	54.3822
MGG_12810T0	246	247	2	0.554577
MGG_08359T0	1778	1779	808	31.1074
MGG_05809T0	2669	2670	573	14.6985
MGG_00940T0	1920	1921	496	17.6841
MGG_03999T0	1435	1436	2124	101.304
MGG_16510T0	549	550	2	0.249055
MGG_08840T0	2169	2170	802	25.313
MGG_17679T0	3145	3146	728.818	15.8668
MGG_14087T0	3189	3190	2553	54.8137
MGG_17458T0	486	487	36	5.06293
MGG_05746T0	5943	5944	2464	28.3916
MGG_08515T0	582	583	22	2.58454
MGG_00731T0	3613	3614	1295	24.542
MGG_09886T0	1273	1274	3531	189.827
MGG_10660T0	1031	1032	22613	1500.75
MGG_17276T0	216	217	16944	5347.92
MGG_06508T0	1572	1573	307.365	13.383
MGG_17688T0	1511	1512	429.758	19.4671
MGG_16800T0	177	178	4	1.53911
MGG_03253T0	4417	4418	2734	42.384
MGG_07749T0	594	595	1	0.11511
MGG_11174T0	5304	5305	3806	49.1374
MGG_15761T0	309	310	22	4.8606
MGG_05017T0	1896	1897	937	33.8299
MGG_17431T0	426	427	0	0
MGG_02505T0	2251	2252	3089.5	93.9612
MGG_01368T0	1036	1037	272	17.9647
MGG_17586T0	783	784	498.374	43.538
MGG_07502T0	1668	1669	1527	62.663
MGG_04555T0	1741	1742	993	39.0418
MGG_07465T0	2920	2921	2291.16	53.722
MGG_14970T0	1053	1054	542	35.2198
MGG_06347T0	849	850	242	19.4996
MGG_06860T0	3565	3566	5127	98.4715
MGG_02394T0	1458	1459	1189	55.8155
MGG_03654T0	699	700	285	27.8853
MGG_03891T0	837	838	6403.6	523.37
MGG_06766T0	2885	2886	2758	65.4526
MGG_16459T0	898	899	4746	361.574
MGG_01333T0	1251	1252	4042	221.116
MGG_13401T0	1715	1716	995.532	39.7344
MGG_11779T0	6912	6913	430	4.26021
MGG_07955T0	809	810	20	1.69112
MGG_00797T0	1241	1242	133.665	7.37099
MGG_07128T0	922	923	222.498	16.5102
MGG_12309T0	3394	3395	599	12.0841
MGG_09570T0	981	982	4458	310.926
MGG_05181T0	2432	2433	485	13.653
MGG_06732T0	2189	2190	656.355	20.5269
MGG_15458T0	309	310	0	0
MGG_02074T0	4315	4316	1628	25.8346
MGG_10300T0	1215	1216	50	2.81621
MGG_02644T0	3984	3985	1304	22.4119
MGG_16250T0	1403	1404	67	3.26841
MGG_06549T0	866	867	47.8374	3.77901
MGG_17984T0	669	670	4	0.408897
MGG_17532T0	1651	1652	1831.35	75.9259
MGG_14237T0	956	957	12	0.858812
MGG_04372T0	2367	2368	558	16.1392
MGG_08832T0	1641	1642	1570	65.487
MGG_16944T0	369	370	0	0
MGG_00489T0	1538	1539	804	35.7805
MGG_09829T0	3582	3583	5	0.0955767
MGG_02805T0	675	676	88	8.91589
MGG_00820T0	2916	2917	100.58	2.36159
MGG_12850T0	799	800	937	80.2192
MGG_13225T0	2057	2058	303	10.0838
MGG_17489T0	318	319	41.0759	8.81912
MGG_07443T0	1408	1409	115	5.59005
MGG_05667T0	1836	1837	1223	45.598
MGG_08024T0	309	310	43	9.50026
MGG_12582T0	610	611	39.2235	4.39677
MGG_01944T0	1339	1340	743	37.9763
MGG_14109T0	462	463	10	1.47927
MGG_01306T0	1302	1303	1390	73.0633
MGG_07786T0	600	601	15	1.70941
MGG_02749T0	1518	1519	404	18.216
MGG_18092T0	270	271	391	98.818
MGG_16601T0	1843	1844	457.016	16.9746
MGG_00847T0	3156	3157	6032	130.863
MGG_15998T0	258	259	0	0
MGG_12627T0	1491	1492	1545	70.9232
MGG_11967T0	348	349	1	0.196247
MGG_15244T0	531	532	999	128.612
MGG_12594T0	2262	2263	1752	53.0247
MGG_17632T0	775	776	7846	692.493
MGG_08612T0	1881	1882	32	1.16455
MGG_11804T0	1040	1041	2008	132.112
MGG_09508T0	1339	1340	1516	77.486
MGG_15663T0	459	460	8	1.19113
MGG_17289T0	339	340	0	0
MGG_13645T0	1143	1144	16923	1013.16
MGG_03902T0	952	953	828.197	59.5209
MGG_06306T0	5011	5012	271.456	3.70952
MGG_08343T0	1292	1293	3707.57	196.39
MGG_04075T0	1459	1460	30	1.40733
MGG_08266T0	1947	1948	1837	64.5876
MGG_08602T0	1538	1539	667	29.6836
MGG_09794T0	1320	1321	28	1.45172
MGG_13719T0	1092	1093	70.226	4.40054
MGG_00207T0	1023	1024	507	33.9107
MGG_16269T0	309	310	179	39.5476
MGG_08267T0	2262	2263	543.591	16.4519
MGG_15017T0	552	553	144	17.8347
MGG_10516T0	1410	1411	90	4.36862
MGG_10671T0	1709	1710	128	5.12675
MGG_15960T0	907	908	395	29.7948
MGG_13013T0	6477	6478	5687	60.1272
MGG_02031T0	408	409	0	0
MGG_07045T0	3466	3467	297	5.8672
MGG_16100T0	249	250	0	0
MGG_16323T0	609	610	0	0
MGG_16232T0	428	429	22	3.51232
MGG_01275T0	2718	2719	104	2.61971
MGG_11408T0	2647	2648	1369	35.409
MGG_02916T0	7945	7946	968	8.34364
MGG_16427T0	6156	6157	213	2.3694
MGG_15747T0	771	772	23	2.04051
MGG_03669T0	3228	3229	2837	60.1755
MGG_06509T0	1779	1780	534.635	20.5715
MGG_12505T0	1304	1305	5	0.262415
MGG_12141T0	6702	6703	5200.82	53.1412
MGG_15060T0	1772	1773	514	19.8556
MGG_01724T0	1827	1828	1716	64.2939
MGG_01196T0	3660	3661	1750	32.7391
MGG_07182T0	1389	1390	593	29.2192
MGG_01222T0	758	759	2971	268.095
MGG_04900T0	2813	2814	1233	30.0101
MGG_17104T0	228	229	0	0
MGG_15528T0	2108	2109	803	26.0776
MGG_00753T0	3423	3424	3349	66.99
MGG_06616T0	2052	2053	0	0
MGG_01741T0	10725	10726	1917	12.2409
MGG_07309T0	1320	1321	1745.82	90.5161
MGG_07479T0	3269	3270	2611	54.6875
MGG_08556T0	2757	2758	7827	194.37
MGG_17339T0	1652	1653	80.709	3.34409
MGG_17044T0	180	181	0	0
MGG_08808T0	1063	1064	4517.57	290.798
MGG_04909T0	1614	1615	589	24.9788
MGG_06126T0	2612	2613	6924	181.487
MGG_08035T0	1957	1958	971	33.9653
MGG_15704T0	3529	3530	93	1.80442
MGG_12616T0	1683	1684	485	19.7255
MGG_09845T0	624	625	14	1.53418
MGG_12712T0	2627	2628	147.055	3.83251
MGG_10156T0	971	972	2015	141.983
MGG_17616T0	1383	1384	0	0
MGG_16451T0	165	166	7	2.88814
MGG_16891T0	417	418	4	0.655409
MGG_15916T0	966	967	379.285	26.8638
MGG_14141T0	264	265	0	0
MGG_00198T0	1824	1825	893	33.5133
MGG_17081T0	561	562	13	1.58429
MGG_04639T0	2058	2059	292.597	9.7329
MGG_16753T0	288	289	12	2.84389
MGG_04901T0	1300	1301	3955	208.208
MGG_06631T0	2471	2472	885	24.5202
MGG_15211T0	1151	1152	0	0
MGG_00063T0	6689	6690	5613.48	57.4692
MGG_05033T0	2229	2230	1035.21	31.7947
MGG_07594T0	881	882	1020	79.2064
MGG_15306T0	1182	1183	58	3.35793
MGG_05275T0	2048	2049	635.867	21.2546
MGG_01837T0	3433	3434	705	14.061
MGG_09546T0	1179	1180	3795	220.272
MGG_15496T0	3319	3320	601	12.3984
MGG_02641T0	2040	2041	1757	58.96
MGG_10593T0	663	664	3	0.309444
MGG_18074T0	231	232	0	0
MGG_06082T0	1962	1963	3601.16	125.647
MGG_09096T0	3780	3781	1805	32.6963
MGG_04166T0	1833	1834	1122	41.9008
MGG_04246T0	829	830	500	41.2592
MGG_08021T0	1328	1329	1099	56.6371
MGG_03204T0	4467	4468	1813.97	27.8064
MGG_01079T0	1351	1352	5759	291.742
MGG_01272T0	2765	2766	1288	31.8928
MGG_14642T0	1146	1147	150.752	9.00178
MGG_12475T0	1499	1500	2627	119.949
MGG_06330T0	531	532	137	17.6375
MGG_01949T0	2889	2890	2.00041	0.0474078
MGG_07657T0	1633	1634	256	10.7304
MGG_15971T0	1176	1177	18.6157	1.08326
MGG_00338T0	3456	3457	628	12.442
MGG_11305T0	1152	1153	108	6.41539
MGG_06201T0	540	541	4996	632.49
MGG_16646T0	528	529	3	0.388413
MGG_00476T0	2612	2613	2963.06	77.6657
MGG_06022T0	5521	5522	1191	14.7722
MGG_06638T0	2743	2744	3738	93.3005
MGG_10460T0	758	759	4328	390.548
MGG_01665T0	1709	1710	1583	63.4035
MGG_00480T0	1297	1298	651.261	34.3644
MGG_00408T0	2010	2011	1060	36.1013
MGG_12709T0	2913	2914	2055	48.3004
MGG_16300T0	2163	2164	87	2.75354
MGG_05389T0	333	334	0	0
MGG_01284T0	1784	1785	9346	358.605
MGG_03959T0	2352	2353	330	9.60551
MGG_04482T0	1222	1223	4673	261.697
MGG_05015T0	2460	2461	285.221	7.93778
MGG_07233T0	2384	2385	1707	49.0201
MGG_00031T0	2545	2546	22	0.591824
MGG_02901T0	1320	1321	0	0
MGG_04219T0	2251	2252	1816	55.2301
MGG_12124T0	162	163	1634	686.583
MGG_18082T0	1248	1249	833.582	45.7103
MGG_00685T0	2431	2432	1744	49.1147
MGG_13205T0	1159	1160	741.408	43.7752
MGG_10772T0	994	995	211	14.5241
MGG_04717T0	2040	2041	614.298	20.6141
MGG_12827T0	3907	3908	824	14.4411
MGG_03162T0	4670	4671	7714	113.109
MGG_06002T0	1946	1947	961	33.8054
MGG_17093T0	168	169	1	0.405268
MGG_14499T0	2052	2053	1	0.033361
MGG_09525T0	2815	2816	360.882	8.77731
MGG_15015T0	493	494	7	0.970509
MGG_02819T0	2336	2337	695	20.3683
MGG_07179T0	3037	3038	537	12.1064
MGG_03042T0	1310	1311	523	27.323
MGG_08563T0	1078	1079	370	23.486
MGG_05579T0	1514	1515	1152	52.0797
MGG_15600T0	3816	3817	1328	23.8289
MGG_00487T0	3047	3048	1524	34.2451
MGG_17618T0	1396	1397	3472	170.221
MGG_05246T0	3269	3270	1210	25.3435
MGG_17891T0	165	166	27	11.14
MGG_15516T0	642	643	0	0
MGG_02430T0	936	937	591	43.1993
MGG_03496T0	1655	1656	429	17.7429
MGG_11147T0	153	154	25	11.1185
MGG_07806T0	1401	1402	0	0
MGG_10197T0	2476	2477	3524	97.4403
MGG_16324T0	180	181	0	0
MGG_17540T0	3125	3126	293	6.41959
MGG_01032T0	3280	3281	869	18.1402
MGG_16132T0	162	163	462	194.126
MGG_01698T0	2371	2372	1827	52.7536
MGG_06943T0	639	640	1191	127.456
MGG_13157T0	2961	2962	620	14.3362
MGG_08644T0	842	843	113	9.18078
MGG_13861T0	1233	1234	0	0
MGG_15349T0	1503	1504	610	27.7786
MGG_04508T0	1976	1977	924.005	32.0108
MGG_03767T0	1257	1258	70	3.81106
MGG_04447T0	756	757	256	23.1618
MGG_06266T0	2036	2037	7181	241.447
MGG_12996T0	1925	1926	1127	40.0771
MGG_03793T0	1020	1021	71	4.76279
MGG_09758T0	4246	4247	674.718	10.881
MGG_12845T0	786	787	12.2458	1.06571
MGG_09632T0	1392	1393	2	0.0983349
MGG_11470T0	3030	3031	1434	32.4035
MGG_00087T0	1598	1599	1055	45.189
MGG_02693T0	1014	1015	0	0
MGG_03268T0	1196	1197	27.8754	1.59498
MGG_16493T0	654	655	7359.56	769.554
MGG_00564T0	585	586	121	14.1422
MGG_17245T0	354	355	13.4425	2.59347
MGG_02846T0	5727	5728	2377	28.422
MGG_15872T0	210	211	8	2.59679
MGG_09755T0	4466	4467	1327	20.3462
MGG_10060T0	1208	1209	78	4.41872
MGG_15803T0	3507	3508	217.077	4.23822
MGG_10824T0	1584	1585	9142	395.04
MGG_04104T0	919	920	14099.5	1049.65
MGG_08440T0	2505	2506	849	23.2036
MGG_04622T0	1331	1332	3161	162.536
MGG_08927T0	2608	2609	2241	58.8297
MGG_16143T0	784	785	18.6947	1.63109
MGG_08210T0	1265	1266	3530	190.972
MGG_15984T0	189	190	0	0
MGG_14636T0	1211	1212	4	0.22604
MGG_17793T0	4683	4684	638	9.32894
MGG_17704T0	2571	2572	2016	53.6844
MGG_16958T0	348	349	0	0
MGG_16692T0	288	289	132.782	31.468
MGG_12330T0	1245	1246	55.161	3.0321
MGG_04008T0	1712	1713	1679	67.1308
MGG_01185T0	1800	1801	4675	177.786
MGG_01285T0	3602	3603	8576	163.023
MGG_04967T0	4074	4075	3808	64.0027
MGG_13035T0	993	994	979	67.4567
MGG_03543T0	2398	2399	833	23.7817
MGG_02491T0	5616	5617	790	9.63277
MGG_05343T0	3454	3455	6205	123.005
MGG_08686T0	2166	2167	16	0.505696
MGG_16727T0	318	319	7	1.50292
MGG_08888T0	3220	3221	23480	499.271
MGG_08774T0	2648	2649	860	22.2354
MGG_17656T0	719	720	3087.86	293.734
MGG_17300T0	711	712	4	0.384777
MGG_03182T0	2275	2276	832	25.0369
MGG_12726T0	1222	1223	159	8.90429
MGG_02966T0	1630	1631	359.483	15.0957
MGG_03395T0	814	815	1	0.0840371
MGG_16063T0	1849	1850	0	0
MGG_12370T0	1517	1518	1116.61	50.3799
MGG_01274T0	1635	1636	906	37.9292
MGG_13463T0	471	472	114	16.5421
MGG_16349T0	204	205	0	0
MGG_06021T0	3045	3046	2075.38	46.6657
MGG_08947T0	1626	1627	1	0.042096
MGG_03166T0	1374	1375	4	0.199244
MGG_00273T0	405	406	748	126.184
MGG_02872T0	902	903	14346.3	1088.13
MGG_04385T0	3377	3378	786	15.9364
MGG_12728T0	465	466	45	6.61386
MGG_01681T0	1429	1430	1291	61.8328
MGG_00032T0	1891	1892	123	4.45259
MGG_17039T0	162	163	14	5.8826
MGG_17925T0	192	193	0	0
MGG_02475T0	2654	2655	1615	41.6617
MGG_00058T0	1041	1042	231	15.1835
MGG_05849T0	822	823	2366	196.899
MGG_08088T0	3206	3207	2065	44.1011
MGG_16731T0	234	235	8	2.33158
MGG_13518T0	1727	1728	1670.04	66.1928
MGG_03763T0	2477	2478	215	5.94245
MGG_13427T0	1122	1123	3	0.182966
MGG_10102T0	741	742	23	2.12301
MGG_15025T0	1948	1949	2391	84.0226
MGG_09997T0	2767	2768	42	1.03923
MGG_06649T0	4664	4665	3274	48.068
MGG_17878T0	1358	1359	1379.01	69.4989
MGG_02617T0	1941	1942	10748	379.059
MGG_17246T0	2440	2441	1574	44.1637
MGG_16354T0	234	235	2	0.582896
MGG_02440T0	3633	3634	2027	38.203
MGG_17373T0	3639	3640	258	4.85453
MGG_15673T0	159	160	0	0
MGG_08252T0	2028	2029	438	14.785
MGG_17946T0	339	340	0	0
MGG_03921T0	1621	1622	1247	52.6556
MGG_16041T0	342	343	1	0.19968
MGG_11633T0	2628	2629	927	24.15
MGG_03210T0	1338	1339	814	41.6363
MGG_11590T0	3306	3307	987.24	20.4464
MGG_01363T0	1062	1063	306	19.7159
MGG_04414T0	1374	1375	123.572	6.15525
MGG_07802T0	1763	1764	801	31.1002
MGG_16811T0	312	313	0	0
MGG_17714T0	2251	2252	241	7.32955
MGG_17106T0	282	283	8	1.93612
MGG_04190T0	3265	3266	2082	43.661
MGG_01895T0	1209	1210	657	37.1885
MGG_01195T0	717	718	39	3.72022
MGG_05601T0	1428	1429	597	28.6135
MGG_05074T0	3243	3244	12720	268.556
MGG_08408T0	1035	1036	8	0.528882
MGG_14150T0	2132	2133	727	23.3438
MGG_06762T0	3308	3309	3775	78.1356
MGG_08371T0	901	902	46	3.49285
MGG_14570T0	945	946	0	0
MGG_10112T0	1860	1861	6	0.220818
MGG_12264T0	882	883	22	1.70644
MGG_03545T0	4234	4235	415	6.71156
MGG_05369T0	1716	1717	614	24.4921
MGG_17357T0	900	901	18	1.36828
MGG_17137T0	227	228	14	4.20554
MGG_01815T0	3308	3309	1637	33.8829
MGG_11075T0	1682	1683	0	0
MGG_17387T0	581	582	9	1.05913
MGG_15855T0	568	569	7	0.842586
MGG_06394T0	2860	2861	1568	37.5368
MGG_08548T0	1764	1765	245	9.50714
MGG_17440T0	2547	2548	433	11.639
MGG_17005T0	348	349	600.982	117.941
MGG_07970T0	1865	1866	103	3.78054
MGG_04486T0	5287	5288	2281	29.5435
MGG_16622T0	231	232	2	0.590433
MGG_09830T0	4723	4724	2531	36.6953
MGG_13842T0	3187	3188	1518	32.6124
MGG_04014T0	2398	2399	776	22.1544
MGG_08317T0	1413	1414	1094	52.9903
MGG_08103T0	1115	1116	610	37.4364
MGG_16316T0	1708	1709	743	29.7766
MGG_07323T0	1978	1979	1921	66.4829
MGG_17428T0	378	379	6	1.08428
MGG_17088T0	455	456	20	3.00396
MGG_01857T0	3269	3270	289	6.05311
MGG_08785T0	1916	1917	391	13.9696
MGG_04607T0	1816	1817	318.527	12.0066
MGG_08748T0	3058	3059	452	10.1202
MGG_09564T0	3877	3878	4093	72.2874
MGG_14767T0	6707	6708	45.0318	0.459785
MGG_16021T0	2461	2462	228	6.34272
MGG_13217T0	2930	2931	1945.43	45.4598
MGG_01215T0	3908	3909	4314	75.5863
MGG_03160T0	1396	1397	196.623	9.63976
MGG_03168T0	2001	2002	69	2.36055
MGG_04865T0	2363	2364	653.298	18.9275
MGG_17028T0	423	424	0	0
MGG_10600T0	5398	5399	633.75	8.03957
MGG_17994T0	264	265	18	4.65217
MGG_15912T0	366	367	0	0
MGG_01882T0	1481	1482	575	26.5735
MGG_09708T0	765	766	152	13.5908
MGG_03707T0	2314	2315	295	8.7277
MGG_00887T0	2219	2220	1368	42.2048
MGG_03482T0	1241	1242	116.257	6.41098
MGG_06159T0	2095	2096	798	26.076
MGG_04441T0	1875	1876	811	29.6085
MGG_03340T0	1770	1771	10347	400.152
MGG_05444T0	543	544	1	0.125901
MGG_07022T0	2071	2072	567	18.7423
MGG_05798T0	983	984	187	13.0159
MGG_05722T0	2722	2723	279	7.01754
MGG_01507T0	2816	2817	2674	65.0134
MGG_15487T0	318	319	3	0.644109
MGG_00180T0	1890	1891	792	28.6855
MGG_02734T0	2144	2145	798.746	25.5041
MGG_05150T0	979	980	562	39.2771
MGG_07066T0	2889	2890	526	12.4657
MGG_16923T0	343	344	40	7.96398
MGG_00843T0	882	883	2629	203.919
MGG_02895T0	1582	1583	554.759	24.0022
MGG_09437T0	3048	3049	351.086	7.88651
MGG_17302T0	1371	1372	1	0.04992
MGG_18048T0	207	208	85	27.9888
MGG_03838T0	3198	3199	2730	58.449
MGG_15743T0	205	206	1	0.332477
MGG_06189T0	1896	1897	23729.4	856.739
MGG_03085T0	978	979	5	0.349797
MGG_09859T0	1023	1024	125	8.36062
MGG_14824T0	4140	4141	151	2.49747
MGG_12615T0	1593	1594	1334	57.3187
MGG_00601T0	2894	2895	1173	27.751
MGG_03404T0	1680	1681	2319	94.4847
MGG_14759T0	900	901	15	1.14024
MGG_03426T0	756	757	6	0.542855
MGG_15890T0	323	324	9	1.90251
MGG_07710T0	1925	1926	481	17.1048
MGG_11201T0	1314	1315	4183	217.867
MGG_08521T0	1287	1288	134	7.12554
MGG_12525T0	1014	1015	38	2.56417
MGG_11362T0	4287	4288	5145	82.1787
MGG_01656T0	2124	2125	5759	185.617
MGG_00329T0	2905	2906	442	10.4173
MGG_02856T0	3261	3262	1664.78	34.9543
MGG_02968T0	699	700	281	27.4939
MGG_15506T0	225	226	0	0
MGG_16429T0	1541	1542	239	10.6155
MGG_11169T0	339	340	222	44.7201
MGG_08632T0	2412	2413	1396	39.6239
MGG_09813T0	1224	1225	3	0.167731
MGG_01271T0	664	665	435	44.8019
MGG_06191T0	2560	2561	2618	70.0146
MGG_17430T0	1038	1039	2886.72	190.291
MGG_14681T0	2000	2001	1040	35.5971
MGG_15817T0	1294	1295	511	27.0259
MGG_03243T0	2417	2418	958	27.1355
MGG_02510T0	636	637	836	89.8867
MGG_17843T0	300	301	14	3.18559
MGG_15065T0	1796	1797	309	11.7771
MGG_11497T0	1953	1954	1474	51.6656
MGG_10646T0	4222	4223	1286	20.8568
MGG_04580T0	381	382	1	0.179294
MGG_17293T0	659	660	10.0499	1.0429
MGG_01447T0	5772	5773	1311.49	15.5594
MGG_17271T0	1017	1018	131	8.81358
MGG_12927T0	2300	2301	46	1.36921
MGG_01909T0	976	977	675	47.3192
MGG_03284T0	3639	3640	655	12.3245
MGG_06258T0	3286	3287	1376	28.6713
MGG_10372T0	849	850	988	79.6098
MGG_04326T0	3853	3854	1152	20.4724
MGG_06853T0	2088	2089	1832.84	60.0917
MGG_05164T0	2466	2467	3787	105.137
MGG_05717T0	2323	2324	1129	33.2726
MGG_07756T0	4102	4103	6292	105.031
MGG_12184T0	4610	4611	244	3.62429
MGG_02711T0	1082	1083	13792.2	872.237
MGG_17042T0	3804	3805	1469	26.4421
MGG_10427T0	768	769	47	4.18601
MGG_17869T0	354	355	50.6475	9.77143
MGG_01505T0	228	229	913	273.064
MGG_05978T0	1152	1153	290	17.2265
MGG_04810T0	871	872	640	50.2681
MGG_09008T0	588	589	6	0.697693
MGG_02026T0	2189	2190	0	0
MGG_15585T0	321	322	23	4.89216
MGG_10869T0	1539	1540	4	0.177897
MGG_04893T0	2695	2696	551	13.9978
MGG_16197T0	921	922	225	16.714
MGG_06166T0	1509	1510	621	28.1672
MGG_02274T0	870	871	0	0
MGG_06644T0	2637	2638	1191	30.9219
MGG_15932T0	345	346	5	0.989743
MGG_13024T0	339	340	184	37.0653
MGG_03774T0	2177	2178	772	24.2766
MGG_09785T0	1007	1008	75	5.096
MGG_16762T0	2731	2732	1759.29	44.1047
MGG_10868T0	3375	3376	1115	22.6204
MGG_02441T0	2310	2311	11859	351.462
MGG_17573T0	201	202	4	1.35624
MGG_04176T0	3120	3121	441	9.67773
MGG_06005T0	2845	2846	437.887	10.5379
MGG_15608T0	153	154	2	0.889484
MGG_01449T0	2916	2917	2485	58.347
MGG_04018T1	2356	2357	93.3303	2.71201
MGG_04018T0	2290	2291	135.205	4.04199
MGG_15815T0	231	232	1	0.295217
MGG_00572T0	1647	1648	1754	72.8956
MGG_01135T0	985	986	9362	650.31
MGG_00511T0	678	679	103	10.3895
MGG_15076T0	1885	1886	3244	117.806
MGG_08613T0	2638	2639	524	13.5994
MGG_00858T0	432	433	473.438	74.8866
MGG_02887T0	1725	1726	416	16.5075
MGG_17172T0	189	190	14	5.04665
MGG_12444T0	690	691	0	0
MGG_14099T0	1521	1522	43	1.93501
MGG_07511T0	2843	2844	5682	136.836
MGG_04877T0	2289	2290	792.338	23.6975
MGG_06103T0	3974	3975	6370	109.757
MGG_12484T0	1572	1573	32	1.39332
MGG_07993T0	619	620	0	0
MGG_14795T0	1868	1869	1176	43.095
MGG_10797T0	1125	1126	2754	167.515
MGG_15108T0	1746	1747	3	0.117613
MGG_02069T0	980	981	123.079	8.59296
MGG_16628T0	222	223	44	13.5138
MGG_15104T0	984	985	184.969	12.8615
MGG_09797T0	750	751	1785	162.79
MGG_01090T0	4161	4162	2052	33.7679
MGG_17904T0	489	490	78	10.9025
MGG_16854T0	2965	2966	1569	36.231
MGG_04403T0	216	217	0	0
MGG_14821T0	458	459	24	3.58119
MGG_01030T0	2697	2698	830	21.07
MGG_13953T0	1404	1405	0	0
MGG_05140T0	1104	1105	146	9.04939
MGG_15873T0	432	433	19843	3138.69
MGG_12133T0	1139	1140	589	35.3866
MGG_14678T0	1660	1661	950	39.1726
MGG_11419T0	2384	2385	4018	115.385
MGG_16838T0	249	250	0	0
MGG_15142T0	1173	1174	11	0.641731
MGG_09752T0	2048	2049	25	0.835654
MGG_15688T0	3367	3368	435	8.84598
MGG_04399T0	1552	1553	2210.76	97.4989
MGG_05624T0	1695	1696	2061	83.2302
MGG_06428T0	2523	2524	3510	95.2459
MGG_07803T0	5187	5188	2	0.0264033
MGG_16437T0	240	241	4	1.13677
MGG_04080T0	3169	3170	1528	33.0136
MGG_18121T0	523	524	1	0.130707
MGG_15694T0	153	154	0	0
MGG_16883T0	219	220	3	0.933958
MGG_16700T0	276	277	0	0
MGG_03398T0	672	673	29	2.95129
MGG_16848T0	1395	1396	252	12.3636
MGG_08123T0	3147	3148	1193	25.9558
MGG_17463T0	288	289	4	0.947962
MGG_08113T0	1211	1212	169	9.55021
MGG_00252T0	1998	1999	1115.76	38.2285
MGG_10017T0	921	922	1	0.0742844
MGG_15275T0	1602	1603	39	1.66633
MGG_14686T0	1056	1057	1	0.0647968
MGG_06769T0	2155	2156	4536	144.096
MGG_17052T0	1194	1195	2126	121.85
MGG_01345T0	2025	2026	1362.09	46.0464
MGG_05564T0	753	754	7	0.635851
MGG_06692T0	792	793	4120	355.838
MGG_06965T0	3149	3150	1894.45	41.1908
MGG_00598T0	2407	2408	903.876	25.7087
MGG_08115T0	1382	1383	1584.98	78.4931
MGG_17349T0	498	499	0	0
MGG_11998T0	1146	1147	0	0
MGG_00438T0	1622	1623	5746	242.48
MGG_02514T0	4274	4275	1263.44	20.2417
MGG_14603T0	851	852	0	0
MGG_05332T0	2876	2877	207.956	4.95064
MGG_17196T0	2126	2127	1513	48.7192
MGG_14825T0	1872	1873	3395	124.145
MGG_06090T0	4068	4069	2065	34.7585
MGG_06499T0	5344	5345	1439.14	18.441
MGG_17960T0	4310	4311	1690	26.8496
MGG_15669T0	2778	2779	157.913	3.89186
MGG_05250T0	3254	3255	5596	117.748
MGG_02401T0	1950	1951	270	9.4784
MGG_07903T0	1299	1300	4	0.210739
MGG_16033T0	1805	1806	60	2.27542
MGG_11418T0	1263	1264	4081	221.13
MGG_02083T0	666	667	12	1.23221
MGG_00994T0	1596	1597	217	9.30644
MGG_05206T0	5918	5919	2643.29	30.5862
MGG_02937T0	4334	4335	1980	31.2827
MGG_04679T0	2420	2421	2578	72.9318
MGG_12732T0	639	640	12.0342	1.28785
MGG_01905T0	1104	1105	10	0.619821
MGG_07486T0	3390	3391	701.468	14.168
MGG_12961T0	1646	1647	2672.98	111.155
MGG_10928T0	2290	2291	193	5.7698
MGG_08841T0	3815	3816	859	15.4175
MGG_00726T0	2812	2813	422	10.2748
MGG_16246T0	426	427	35	5.61395
MGG_01296T0	2313	2314	1523.78	45.1012
MGG_16967T0	399	400	8	1.3698
MGG_07729T0	2631	2632	1325	34.4793
MGG_17917T0	246	247	6	1.66373
MGG_04084T0	2608	2609	531.123	13.9428
MGG_05861T0	1643	1644	11	0.458268
MGG_08258T0	2289	2290	8906	266.364
MGG_10684T0	1041	1042	493	32.4047
MGG_11021T0	3466	3467	291	5.74868
MGG_01710T0	1438	1439	1626.18	77.399
MGG_02850T0	1681	1682	109	4.43843
MGG_08624T0	986	987	3217.66	223.281
MGG_06152T0	980	981	2329.51	162.638
MGG_17511T0	153	154	8	3.55793
MGG_08135T0	4597	4598	2106	31.3703
MGG_16291T0	258	259	6	1.58665
MGG_10827T0	774	775	27456.1	2426.42
MGG_16494T0	411	412	26	4.3222
MGG_03649T0	4017	4018	1505.71	25.666
MGG_14564T0	636	637	35	3.7632
MGG_01524T0	1955	1956	2240.23	78.4427
MGG_04664T0	1747	1748	897.67	35.1726
MGG_14715T0	585	586	206	24.0768
MGG_15722T0	357	358	27	5.16546
MGG_07556T0	1377	1378	62	3.08156
MGG_04959T0	1006	1007	127	8.63779
MGG_15810T0	4692	4693	178.639	2.60708
MGG_08290T0	1888	1889	254.689	9.23436
MGG_09647T0	1691	1692	6	0.242873
MGG_16758T0	249	250	14	3.83545
MGG_08648T0	2094	2095	568	18.5692
MGG_00541T0	2889	2890	1593	37.7526
MGG_01312T0	1193	1194	905	51.9126
MGG_03531T0	2643	2644	1981	51.3159
MGG_10015T0	888	889	4	0.308168
MGG_13512T0	2486	2487	1170	32.221
MGG_00562T0	1959	1960	375	13.104
MGG_06856T0	2282	2283	1718	51.5402
MGG_17366T0	357	358	0	0
MGG_11643T0	3250	3251	2774	58.4411
MGG_16577T0	567	568	17.759	2.14141
MGG_00740T0	2721	2722	997	25.0862
MGG_09195T0	1458	1459	5947	279.172
MGG_07930T0	354	355	622	120.003
MGG_16775T0	342	343	0	0
MGG_17318T0	2634	2635	753.548	19.5866
MGG_16481T0	1023	1024	104.117	6.96384
MGG_11644T0	732	733	26	2.42939
MGG_01461T0	2024	2025	13009	439.995
MGG_10488T0	1362	1363	6	0.301498
MGG_09847T0	2589	2590	548	14.4914
MGG_12117T0	4875	4876	618.322	8.6852
MGG_15171T0	504	505	0	0
MGG_16792T0	3270	3271	5500.77	115.179
MGG_14753T0	228	229	30	8.97252
MGG_12186T0	1020	1021	0	0
MGG_04966T0	2252	2253	5168	157.105
MGG_01844T0	4315	4316	2460	39.0375
MGG_16032T0	222	223	17	5.22123
MGG_10046T0	2222	2223	14	0.431337
MGG_03372T0	351	352	15832	3080.5
MGG_05268T0	1158	1159	5159	304.867
MGG_17633T0	237	238	12	3.45329
MGG_03320T0	2757	2758	3001	74.5247
MGG_17685T0	174	175	0	0
MGG_00506T0	5201	5202	3356	44.1855
MGG_04235T0	5968	5969	2031	23.3043
MGG_01198T0	1838	1839	870	32.4016
MGG_14672T0	558	559	154	18.8685
MGG_17055T0	267	268	4	1.02224
MGG_08270T0	2873	2874	3763.16	89.6797
MGG_02561T0	225	226	0	0
MGG_12173T0	2528	2529	1013	27.434
MGG_01410T0	1626	1627	857	36.0763
MGG_16249T0	395	396	14	2.42137
MGG_04890T0	4405	4406	7439	115.638
MGG_08722T0	6290	6291	366	3.98465
MGG_07952T0	300	301	0	0
MGG_12595T0	1411	1412	25	1.21265
MGG_06797T0	2042	2043	1963	65.8083
MGG_10212T0	2319	2320	1529	45.1386
MGG_07285T0	3151	3152	1792.48	38.9491
MGG_04503T0	3540	3541	3841	74.2928
MGG_08903T0	2811	2812	2017	49.1269
MGG_04904T0	1918	1919	1407.73	50.2426
MGG_07898T0	1218	1219	0	0
MGG_05131T0	1808	1809	366.703	13.8837
MGG_09309T0	2206	2207	6239	193.616
MGG_04984T0	3894	3895	615	10.8142
MGG_17886T0	183	184	2	0.744459
MGG_16570T0	252	253	0	0
MGG_03699T0	2020	2021	8312	281.688
MGG_17530T0	486	487	13	1.82828
MGG_06667T0	168	169	1260	510.637
MGG_12979T0	2728	2729	698	17.5178
MGG_01406T0	3851	3852	252.732	4.49369
MGG_00870T0	1069	1070	226	14.4662
MGG_08376T0	462	463	9	1.33134
MGG_10865T0	2112	2113	1159	37.5675
MGG_15893T0	314	315	2	0.434859
MGG_15521T0	462	463	0	0
MGG_03226T0	1979	1980	11206	387.627
MGG_06863T0	2767	2768	382	9.45205
MGG_16876T0	243	244	2	0.561395
MGG_05363T0	3220	3221	25	0.531591
MGG_08159T0	3497	3498	2161	42.312
MGG_10236T0	4473	4474	210	3.21479
MGG_02804T0	2883	2884	1031	24.4845
MGG_05985T0	2912	2913	668	15.706
MGG_00942T0	2049	2050	5081.96	169.788
MGG_00764T0	1690	1691	838	33.9413
MGG_02239T0	516	517	89	11.7904
MGG_06614T0	3808	3809	299.366	5.38294
MGG_17374T0	510	511	3	0.402095
MGG_14845T0	628	629	143	15.5709
MGG_02407T0	777	778	8871	780.947
MGG_10706T0	1425	1426	70	3.36207
MGG_16319T0	2870	2871	928	22.1383
MGG_08590T0	4023	4024	2435	41.4448
MGG_03951T0	1559	1560	1226	53.8263
MGG_03132T0	3053	3054	1722.73	38.6347
MGG_17990T0	288	289	13	3.08088
MGG_14741T0	738	739	4	0.370718
MGG_03378T0	5137	5138	1456	19.4087
MGG_17789T0	367	368	14	2.60561
MGG_02293T0	456	457	0	0
MGG_13256T0	988	989	133	9.21052
MGG_05152T0	2870	2871	335	7.99172
MGG_16440T0	300	301	35	7.96398
MGG_09301T0	1802	1803	1822	69.212
MGG_07010T0	1556	1557	1929.67	84.8836
MGG_03271T0	2030	2031	539.073	18.1789
MGG_08489T0	3229	3230	62	1.31467
MGG_18018T0	249	250	1	0.273961
MGG_07420T0	2054	2055	1100	36.6614
MGG_16162T0	318	319	24	5.15287
MGG_12097T0	2977	2978	415	9.54447
MGG_01352T0	3436	3437	1151	22.9364
MGG_06926T0	1577	1578	1254.03	54.4288
MGG_17313T0	624	625	14	1.53418
MGG_13006T0	2441	2442	911	25.5506
MGG_05024T0	2315	2316	1586	46.9022
MGG_17275T0	240	241	10	2.84192
MGG_07734T0	4160	4161	1776	29.233
MGG_04732T0	1849	1850	21558	798.115
MGG_01344T0	1161	1162	745.908	43.965
MGG_15672T0	2931	2932	1860	43.4488
MGG_15132T0	1833	1834	220	8.21584
MGG_15729T0	321	322	1	0.212703
MGG_07141T0	3107	3108	331	7.29417
MGG_12574T0	1734	1735	2507	98.9654
MGG_15447T0	710	711	95	9.1513
MGG_03486T0	1002	1003	3784.62	258.434
MGG_00282T0	2972	2973	40	0.921497
MGG_17272T0	225	226	17	5.15192
MGG_10162T0	2150	2151	4192	133.478
MGG_16932T0	156	157	0	0
MGG_00035T0	1467	1468	0	0
MGG_07408T0	6753	6754	491	4.97908
MGG_03741T0	5575	5576	2282.77	28.0393
MGG_15705T0	4616	4617	763	11.3186
MGG_16929T0	747	748	51	4.66979
MGG_08904T0	2601	2602	1348	35.4823
MGG_03231T0	1793	1794	1698	64.8252
MGG_06060T0	1803	1804	2624	99.6222
MGG_17952T0	246	247	13	3.60475
MGG_16576T0	387	388	0	0
MGG_16151T0	333	334	0	0
MGG_06361T0	3152	3153	2774	60.2575
MGG_07277T0	2657	2658	841	21.6705
MGG_04322T0	2621	2622	509	13.2958
MGG_03544T0	2879	2880	80	1.90251
MGG_01381T0	4733	4734	2739	39.6271
MGG_08481T0	507	508	2	0.269647
MGG_14838T0	477	478	4.43037	0.634805
MGG_03574T0	2523	2524	869	23.5808
MGG_02261T0	1959	1960	1286	44.938
MGG_00471T0	2948	2949	3538.62	82.1841
MGG_08992T0	324	325	10	2.10739
MGG_17910T0	150	151	0	0
MGG_06973T0	1569	1570	16748	730.621
MGG_11227T0	1197	1198	5440	311.007
MGG_07387T0	2401	2402	432.023	12.3186
MGG_11078T0	2666	2667	1028.27	26.4066
MGG_00299T0	2629	2630	2169	56.4849
MGG_13156T0	2204	2205	4222	131.141
MGG_01613T0	3577	3578	561.484	10.7479
MGG_01558T0	4895	4896	4885	68.3364
MGG_12107T0	1838	1839	938	34.9341
MGG_02559T0	1505	1506	581	26.4229
MGG_05059T0	519	520	17097	2251.88
MGG_16010T0	176	177	0	0
MGG_02897T0	3023	3024	2909	65.8856
MGG_07222T0	3030	3031	463	10.4622
MGG_17174T0	342	343	47	9.38496
MGG_15410T0	390	391	2	0.350334
MGG_03361T0	1308	1309	1645	86.0706
MGG_03217T0	2197	2198	1056	32.9052
MGG_09448T0	1116	1117	5	0.306581
MGG_00651T0	1674	1675	9	0.368007
MGG_03664T0	2986	2987	2510	57.5529
MGG_18057T0	2080	2081	1167	38.4085
MGG_01308T0	3544	3545	923	17.8326
MGG_10033T0	885	886	218	16.852
MGG_05501T0	2271	2272	3	0.090436
MGG_08325T0	3494	3495	431.728	8.46041
MGG_05520T0	1708	1709	34	1.36259
MGG_15679T0	195	196	3	1.04832
MGG_07429T0	1336	1337	358	18.3392
MGG_14954T0	1602	1603	101	4.31535
MGG_00112T0	1150	1151	128	7.61664
MGG_05689T0	1708	1709	453	18.1545
MGG_01027T0	2852	2853	394	9.45852
MGG_14907T0	2118	2119	1062	34.3259
MGG_10474T0	1497	1498	99	4.52639
MGG_17708T0	1994	1995	1606.59	55.1558
MGG_07870T0	1742	1743	262	10.2951
MGG_04506T0	1277	1278	2185.68	117.134
MGG_04252T0	2112	2113	103	3.33862
MGG_05151T0	2514	2515	1307	35.5931
MGG_07629T0	2570	2571	2091	55.7033
MGG_03059T0	4920	4921	2837	39.4852
MGG_03286T0	4295	4296	1265.12	20.1696
MGG_14839T0	1152	1153	6	0.356411
MGG_05216T0	3503	3504	669	13.0765
MGG_14649T0	763	764	746	66.8766
MGG_04051T0	2850	2851	408.188	9.80599
MGG_00521T0	3485	3486	1042.35	20.4793
MGG_05911T0	441	442	2	0.309911
MGG_01493T0	3281	3282	1718.05	35.853
MGG_00477T0	2606	2607	558.409	14.6703
MGG_15576T0	1623	1624	1330	56.0911
MGG_13106T0	1236	1237	3992	221.029
MGG_09925T0	4335	4336	1563	24.6887
MGG_08570T0	1567	1568	779	34.0267
MGG_03981T0	952	953	301.729	21.6846
MGG_17127T0	225	226	7	2.12138
MGG_05925T0	1660	1661	588	24.2458
MGG_10527T0	1705	1706	63	2.52924
MGG_03877T0	1908	1909	959.85	34.437
MGG_00714T0	741	742	50	4.61524
MGG_05240T0	2166	2167	126	3.98236
MGG_15829T0	351	352	7	1.36202
MGG_00519T0	2651	2652	3460	89.3575
MGG_11927T0	894	895	139	10.637
MGG_01823T0	2436	2437	1093	30.718
MGG_17173T0	297	298	3	0.689499
MGG_11693T0	1719	1720	487	19.3923
MGG_15026T0	3779	3780	346	6.26921
MGG_06958T0	2365	2366	32856	951.105
MGG_00527T0	624	625	6151	674.053
MGG_07219T0	6669	6670	71327	732.414
MGG_05301T0	987	988	208	14.419
MGG_17448T0	820	821	627.943	52.3849
MGG_01752T0	2148	2149	4508	143.673
MGG_06219T0	1372	1373	78	3.89092
MGG_04011T0	5112	5113	552	7.39421
MGG_00364T0	1214	1215	1505.41	84.861
MGG_08813T0	1856	1857	182.96	6.74798
MGG_03960T0	4628	4629	1078.33	15.9549
MGG_02530T0	1760	1761	29	1.12789
MGG_07933T0	2803	2804	1449	35.3931
MGG_09544T0	1118	1119	526	32.1947
MGG_15173T0	2238	2239	230	7.03562
MGG_02285T0	396	397	0	0
MGG_04627T0	3539	3540	116	2.24431
MGG_00959T0	984	985	608	42.2762
MGG_08516T0	1191	1192	0	0
MGG_16617T0	1071	1072	2.00005	0.127784
MGG_08391T0	1080	1081	567	35.9241
MGG_01035T0	2159	2160	680	21.5617
MGG_02370T0	1620	1621	9007	380.562
MGG_00704T0	4175	4176	1029	16.8765
MGG_17446T0	177	178	3	1.15433
MGG_00444T0	1348	1349	2961.16	150.341
MGG_07751T0	3524	3525	262	5.09062
MGG_09699T0	3728	3729	547	10.0467
MGG_03159T0	2736	2737	1191	29.8034
MGG_00978T0	1711	1712	3052	122.098
MGG_08630T0	4303	4304	290	4.61482
MGG_17240T0	264	265	4	1.03381
MGG_10877T0	1002	1003	515	35.167
MGG_07597T0	2137	2138	182	5.83032
MGG_16094T0	1275	1276	7.39075	0.396704
MGG_07365T0	1331	1332	1177	60.5203
MGG_03229T0	3106	3107	1242.05	27.3795
MGG_10638T0	2805	2806	3178	77.5702
MGG_14828T0	456	457	6	0.899215
MGG_06057T0	3205	3206	4455	95.1728
MGG_05829T0	2190	2191	299	9.34668
MGG_03037T0	942	943	2	0.14526
MGG_17674T0	267	268	5	1.2778
MGG_16056T0	624	625	815.738	89.3922
MGG_17959T0	2824	2825	1919	46.5249
MGG_05138T0	942	943	1792	130.153
MGG_14747T0	1951	1952	1028	36.0697
MGG_06561T0	1942	1943	1526	53.7911
MGG_08662T0	438	439	26	4.05637
MGG_14288T0	675	676	0	0
MGG_05115T0	1900	1901	1342	48.3503
MGG_03079T0	631	632	6	0.650224
MGG_04562T0	1956	1957	969	33.9126
MGG_15853T0	1757	1758	1169	45.5433
MGG_08416T0	1704	1705	15	0.602553
MGG_01465T0	947	948	39	2.81764
MGG_00883T0	5873	5874	4745	55.3262
MGG_06006T0	2075	2076	1829	60.3413
MGG_10350T0	936	937	92	6.72476
MGG_16826T0	1836	1837	187	6.97206
MGG_16596T0	3052	3053	660	14.8063
MGG_02519T0	3593	3594	949	18.0849
MGG_01829T0	1863	1864	219	8.04687
MGG_06597T0	2406	2407	60	1.70728
MGG_04123T0	3353	3354	561	11.4559
MGG_10666T0	1401	1402	788	38.4952
MGG_15529T0	171	172	20	7.96398
MGG_17433T0	168	169	0	0
MGG_07626T0	2124	2125	50	1.61153
MGG_16438T0	180	181	0	0
MGG_17455T0	1363	1364	700	35.1489
MGG_17156T0	336	337	4.72865	0.961028
MGG_00022T0	12204	12205	2	0.0112233
MGG_17760T0	348	349	0	0
MGG_05589T0	6759	6760	17	0.172239
MGG_09012T0	1521	1522	932	41.9401
MGG_10235T0	1571	1572	26	1.13279
MGG_04017T0	3176	3177	691	14.8967
MGG_00472T0	1789	1790	2311.38	88.4396
MGG_03620T0	2871	2872	3139	74.8575
MGG_05914T0	1071	1072	2339	149.439
MGG_04829T0	1291	1292	15069.5	798.847
MGG_06378T0	1018	1019	3199.54	215.051
MGG_10232T0	2051	2052	498	16.6219
MGG_16144T0	1498	1499	113.211	5.17267
MGG_13187T0	1710	1711	2883	115.405
MGG_04345T0	1593	1594	2	0.085935
MGG_01873T0	1761	1762	229	8.9014
MGG_06846T0	1291	1292	380	20.1442
MGG_07070T0	3639	3640	1130	21.2621
MGG_10088T0	627	628	107	11.6695
MGG_00597T0	3386	3387	1735	35.0843
MGG_17746T0	2957	2958	159.46	3.69216
MGG_17571T0	201	202	5	1.6953
MGG_17779T0	4388	4389	52.7291	0.822837
MGG_07255T0	3332	3333	6718	138.049
MGG_08299T0	3670	3671	477	8.89944
MGG_01402T0	1200	1201	59	3.36463
MGG_02205T0	1224	1225	0	0
MGG_03501T0	1262	1263	369	20.0102
MGG_03147T0	3701	3702	4570	84.549
MGG_07709T0	2339	2340	1183	34.6256
MGG_15557T0	844	845	0	0
MGG_06364T0	3124	3125	623	13.6542
MGG_05751T0	1630	1631	1019	42.7906
MGG_14641T0	339	340	9.66865	1.94767
MGG_01106T0	4509	4510	844	12.8172
MGG_16261T0	216	217	5	1.57812
MGG_15449T0	474	475	4.67555	0.674167
MGG_00005T0	898	899	47.552	3.62275
MGG_00234T0	1224	1225	0	0
MGG_06094T0	3412	3413	1059	21.2514
MGG_14757T0	8215	8216	2449	20.4154
MGG_03399T0	1363	1364	313	15.7166
MGG_17641T0	366	367	0	0
MGG_04559T0	2972	2973	2425	55.8657
MGG_00396T0	842	843	660.274	53.6445
MGG_02987T0	1871	1872	2209.52	80.839
MGG_06353T0	2518	2519	482.509	13.1192
MGG_10087T0	1347	1348	1496	76.0099
MGG_14908T0	1569	1570	404	17.6242
MGG_07961T0	829	830	201	16.5862
MGG_11524T0	270	271	7	1.76912
MGG_12322T0	3361	3362	1711	34.8563
MGG_04737T0	842	843	1	0.0812458
MGG_00469T0	3524	3525	1322	25.6863
MGG_10544T0	1473	1474	497	23.0934
MGG_04889T0	579	580	12	1.41704
MGG_10274T0	1370	1371	1954	97.6148
MGG_16025T0	543	544	75	9.44259
MGG_04522T0	1153	1154	2286	135.675
MGG_08535T0	1288	1289	7107	377.626
MGG_08411T0	594	595	1	0.11511
MGG_12509T0	393	394	0	0
MGG_05758T0	913	914	2369.96	177.592
MGG_09726T0	1646	1647	203	8.44172
MGG_10591T0	2241	2242	702	21.4452
MGG_17913T0	201	202	31	10.5109
MGG_00443T0	634	635	1708	184.223
MGG_08422T0	468	469	0	0
MGG_06311T0	1070	1071	593.382	37.9467
MGG_05112T0	2441	2442	788	22.1009
MGG_18139T0	405	406	37	6.24172
MGG_07090T0	2704	2705	513.754	13.0082
MGG_16436T0	329	330	1	0.207546
MGG_16095T0	1485	1486	17	0.783536
MGG_11261T0	1854	1855	954	35.2235
MGG_09605T0	549	550	13050	1625.09
MGG_00610T0	483	484	5	0.707544
MGG_01956T0	1068	1069	377	24.1542
MGG_07610T0	1605	1606	592	25.2467
MGG_06520T0	695	696	196	19.2875
MGG_09782T0	1515	1516	140	6.32496
MGG_17434T0	234	235	6	1.74869
MGG_09876T0	1402	1403	13	0.634621
MGG_04642T0	1692	1693	547.769	22.16
MGG_05803T0	2902	2903	0	0
MGG_01563T0	4224	4225	4382.04	71.036
MGG_08040T0	581	582	0	0
MGG_16877T0	407	408	8	1.34295
MGG_00698T0	1093	1094	517.423	32.3934
MGG_05237T0	747	748	15614	1429.69
MGG_00074T0	946	947	62	4.48405
MGG_17716T0	714	715	140	13.4107
MGG_14664T0	2552	2553	352.48	9.4561
MGG_01217T0	2764	2765	1690	41.862
MGG_07317T0	3105	3106	2488	54.8627
MGG_08014T0	3438	3439	163	3.24627
MGG_00244T0	1245	1246	24	1.31923
MGG_06741T0	1083	1084	767	48.4613
MGG_12092T0	589	590	221.019	25.657
MGG_10834T0	1604	1605	1531	65.3324
MGG_08760T0	2404	2405	3892	110.837
MGG_17019T0	1067	1068	232.817	14.9304
MGG_11246T0	2316	2317	1727	51.0499
MGG_03840T0	1392	1393	3011	148.043
MGG_15687T0	753	754	6	0.545015
MGG_01165T0	2925	2926	904	21.1603
MGG_09714T0	3714	3715	171.327	3.15861
MGG_16221T0	2113	2114	844	27.3443
MGG_12605T0	2902	2903	1465	34.5636
MGG_05616T0	1986	1987	680	23.439
MGG_16027T0	1242	1243	62.6272	3.45081
MGG_01119T0	2577	2578	8.0839	0.214767
MGG_16833T0	267	268	5	1.2778
MGG_17963T0	622	623	18	1.97885
MGG_10745T0	2587	2588	2152	56.9517
MGG_09189T0	1707	1708	58	2.32578
MGG_03977T0	2639	2640	1037	26.9032
MGG_03739T0	2823	2824	80	1.94023
MGG_00907T0	1510	1511	4570	207.148
MGG_16816T0	171	172	13	5.17659
MGG_07975T0	1133	1134	8507	513.798
MGG_12954T0	255	256	3	0.80262
MGG_17401T0	840	841	1	0.081439
MGG_16127T0	405	406	18	3.03651
MGG_03171T0	2205	2206	686	21.2984
MGG_00124T0	3826	3827	3687.96	66.0019
MGG_15657T0	443	444	6	0.925544
MGG_00399T0	5611	5612	599	7.31034
MGG_07819T0	3117	3118	93.4286	2.05226
MGG_14957T0	2295	2296	2	0.0596605
MGG_05862T0	1158	1159	138	8.15501
MGG_07372T0	429	430	1	0.15928
MGG_03952T0	4203	4204	4489	73.1334
MGG_15725T0	1802	1803	693.751	26.3534
MGG_09489T0	2644	2645	1431	37.0546
MGG_03103T0	2628	2629	1837.94	47.8817
MGG_00212T0	1229	1230	2533.56	141.077
MGG_07767T0	1248	1249	22	1.20639
MGG_00897T0	447	448	2	0.30576
MGG_14611T0	870	871	0	0
MGG_07577T0	1821	1822	58	2.18026
MGG_05852T0	960	961	0	0
MGG_07546T0	2210	2211	77	2.38523
MGG_17481T0	480	481	20	2.84783
MGG_11871T0	1484	1485	2920	134.674
MGG_00733T0	2105	2106	2011	65.4007
MGG_17234T0	390	391	2	0.350334
MGG_11338T0	781	782	1031.21	90.3172
MGG_16421T0	291	292	43	10.0859
MGG_10831T0	2217	2218	3114.34	96.1685
MGG_07076T0	1549	1550	1251	55.2782
MGG_08711T0	2201	2202	170	5.28762
MGG_17474T0	600	601	42.7769	4.87487
MGG_01061T0	1421	1422	5145	247.807
MGG_00877T0	4781	4782	1698.02	24.3198
MGG_03064T0	5095	5096	4080	54.8352
MGG_09028T0	1875	1876	728.593	26.5999
MGG_09260T0	1074	1075	588	37.4626
MGG_09717T0	3326	3327	889	18.3011
MGG_05218T0	4744	4745	1474.05	21.2767
MGG_07307T0	1347	1348	7309	371.361
MGG_02290T0	969	970	19	1.34156
MGG_05952T0	1536	1537	3	0.133683
MGG_07234T0	1017	1018	10176	684.633
MGG_10482T0	2054	2055	2218	73.9228
MGG_04949T0	1836	1837	70	2.60986
MGG_06485T0	1738	1739	837	32.9651
MGG_14815T0	1093	1094	4	0.250421
MGG_01478T0	1449	1450	1364	64.4281
MGG_06526T0	978	979	0	0
MGG_16740T0	249	250	11	3.01357
MGG_10704T0	1049	1050	148	9.65386
MGG_04349T0	1563	1564	5428	237.701
MGG_02041T0	1094	1095	366	22.8926
MGG_07648T0	297	298	0	0
MGG_06309T0	2134	2135	1555	49.884
MGG_09021T0	987	988	23	1.59441
MGG_15784T0	504	505	1	0.135624
MGG_02814T0	1480	1481	3060	141.513
MGG_10480T0	3015	3016	275	6.24496
MGG_17229T0	498	499	2	0.27451
MGG_00410T0	381	382	96	17.2122
MGG_07174T0	4481	4482	2080.61	31.7941
MGG_07120T0	3474	3475	5671	111.772
MGG_09460T0	774	775	13992	1236.54
MGG_15583T0	1902	1903	819.646	29.4996
MGG_09418T0	1718	1719	1202	47.8914
MGG_00447T0	5470	5471	9750	122.058
MGG_05030T0	3128	3129	1702	37.2548
MGG_11962T0	1854	1855	81	2.99068
MGG_11818T0	1147	1148	184.289	10.9947
MGG_02539T0	1708	1709	122	4.8893
MGG_13669T0	2703	2704	15689	397.39
MGG_08543T0	1105	1106	946	58.5821
MGG_05082T0	4884	4885	4964.25	69.6014
MGG_03078T0	960	961	11	0.783967
MGG_02752T0	789	790	236	20.4604
MGG_04342T0	6785	6786	4103.2	41.4131
MGG_06466T0	1545	1546	1659.55	73.5205
MGG_07333T0	2273	2274	3218	96.9224
MGG_07866T0	1023	1024	0	0
MGG_10550T0	1446	1447	0	0
MGG_16914T0	1629	1630	17	0.714315
MGG_00647T0	1875	1876	7948	290.171
MGG_16198T0	3459	3460	7190	142.325
MGG_06149T0	1389	1390	650.187	32.037
MGG_17491T0	1657	1658	651.239	26.902
MGG_07849T0	1044	1045	139	9.11018
MGG_05056T0	1107	1108	1146	70.8392
MGG_06789T0	3745	3746	721	13.1824
MGG_06712T0	3073	3074	23192	516.729
MGG_03304T0	1769	1770	540.374	20.9098
MGG_11382T0	2619	2620	6944	181.525
MGG_08350T0	555	556	72	8.86924
MGG_18106T0	426	427	7	1.12279
MGG_08874T0	2100	2101	304	9.91006
MGG_11657T0	2440	2441	769	21.5768
MGG_07115T0	1512	1513	1988.66	90.0224
MGG_12957T0	1843	1844	292	10.8455
MGG_11346T0	6009	6010	3902	44.4674
MGG_08354T0	777	778	506	44.5451
MGG_13017T0	1548	1549	504.422	22.3034
MGG_10942T0	2660	2661	71	1.82744
MGG_01247T0	1281	1282	49	2.6178
MGG_01112T0	984	985	945	65.7089
MGG_17080T0	195	196	0	0
MGG_14671T0	345	346	1	0.197949
MGG_15979T0	393	394	0	0
MGG_15547T0	447	448	50	7.644
MGG_04034T0	1749	1750	16985	664.747
MGG_17705T0	381	382	9	1.61364
MGG_09852T0	2142	2143	407	13.0077
MGG_06845T0	550	551	71	8.82542
MGG_02831T0	2671	2672	5068	129.906
MGG_03082T0	2860	2861	59	1.41242
MGG_06390T0	3295	3296	1540.99	32.0215
MGG_00571T0	2599	2600	491	12.9341
MGG_05350T0	3327	3328	1101	22.6586
MGG_02469T0	1161	1162	366	21.5727
MGG_11084T0	2672	2673	324	8.30185
MGG_00705T0	609	610	345	38.7363
MGG_02564T0	909	910	0	0
MGG_15903T0	651	652	32	3.36148
MGG_03551T0	2918	2919	4564.32	107.095
MGG_00473T0	1071	1072	2469	157.745
MGG_09742T0	1430	1431	315	15.0765
MGG_12371T0	3042	3043	2534.39	57.0427
MGG_01534T0	3356	3357	886	18.0764
MGG_10577T0	3314	3315	64	1.32229
MGG_00086T0	1275	1276	36	1.93233
MGG_05234T0	1574	1575	129	5.60968
MGG_08883T0	2875	2876	572.105	13.6243
MGG_14578T0	855	856	5	0.40006
MGG_03580T0	2248	2249	2724.05	82.9571
MGG_02275T0	1590	1591	543	23.3754
MGG_15176T0	1492	1493	394.194	18.0834
MGG_01391T0	2048	2049	2202	73.6044
MGG_04244T0	1854	1855	5463	201.705
MGG_17335T0	477	478	1151	164.921
MGG_01236T0	2730	2731	1087	27.2607
MGG_17130T0	213	214	0	0
MGG_11170T0	1442	1443	457	21.6909
MGG_10282T0	378	379	26	4.69854
MGG_04714T0	4576	4577	5098	76.2865
MGG_00750T0	2835	2836	1844	44.5331
MGG_12468T0	2260	2261	4025	121.925
MGG_00204T0	2796	2797	1456	35.6531
MGG_16023T0	171	172	5	1.991
MGG_04032T0	870	871	357	28.0723
MGG_08175T0	1658	1659	2088	86.2011
MGG_02515T0	1601	1602	2119	90.5935
MGG_06939T0	2544	2545	836.476	22.511
MGG_16525T0	243	244	2	0.561395
MGG_07536T0	2402	2403	2535	72.2525
MGG_05269T0	1746	1747	936	36.6954
MGG_02821T0	1964	1965	4112	143.324
MGG_07144T0	207	208	407	134.017
MGG_16942T0	216	217	1.5	0.473435
MGG_07158T0	2115	2116	127	4.11071
MGG_07497T0	1506	1507	2511	114.12
MGG_10034T0	372	373	10	1.8362
MGG_17468T0	858	859	8	0.63786
MGG_05155T0	2015	2016	29193.2	991.792
MGG_04461T0	309	310	15	3.31404
MGG_18025T0	313	314	11	2.39934
MGG_12761T0	7704	7705	1637.9	14.5594
MGG_07507T0	1527	1528	183	8.20269
MGG_17615T0	1152	1153	2	0.118804
MGG_06093T0	995	996	783	53.8432
MGG_05053T0	2077	2078	13904	458.272
MGG_01762T0	1207	1208	2222	125.981
MGG_09879T0	1010	1011	134	9.07783
MGG_05099T0	3847	3848	1801	32.0558
MGG_06297T0	3407	3408	1339	26.9097
MGG_06493T0	1164	1165	558	32.8048
MGG_17898T0	222	223	0	0
MGG_17027T0	273	274	0	0
MGG_16271T0	690	691	171	16.9491
MGG_14755T0	2319	2320	776	22.9088
MGG_06448T0	2412	2413	1169.67	33.1997
MGG_03734T0	1018	1019	1888	126.898
MGG_02344T0	381	382	0	0
MGG_07320T0	1174	1175	29	1.6904
MGG_14683T0	3537	3538	1045	20.2296
MGG_04088T0	832	833	400	32.8885
MGG_02864T0	357	358	5	0.956567
MGG_07207T0	1743	1744	76	2.98467
MGG_10754T0	909	910	0	0
MGG_06661T0	2632	2633	880.858	22.9131
MGG_07997T0	1850	1851	756	27.9733
MGG_16609T0	592	593	6	0.692987
MGG_09390T0	1890	1891	0	0
MGG_10280T0	333	334	0	0
MGG_06000T0	900	901	7248	550.962
MGG_06834T0	1362	1363	189	9.49718
MGG_10921T0	929	930	79	5.81799
MGG_07265T0	1675	1676	2297.2	93.8759
MGG_01490T0	1720	1721	20531	817.067
MGG_16709T0	1809	1810	37	1.40008
MGG_14350T0	3796	3797	1281	23.1067
MGG_16946T0	219	220	0	0
MGG_09874T0	717	718	103	9.8252
MGG_17258T0	1374	1375	183	9.11543
MGG_16433T0	434	435	6	0.944693
MGG_15666T0	321	322	1	0.212703
MGG_07000T0	3464	3465	3289	65.0114
MGG_03169T0	3020	3021	1108	25.1199
MGG_01173T0	391	392	11	1.92192
MGG_00392T0	2096	2097	664	21.6869
MGG_15388T0	1587	1588	387	16.6913
MGG_14244T0	906	907	22	1.66128
MGG_10892T0	372	373	70584	12960.6
MGG_02104T0	1474	1475	680	31.5752
MGG_15647T0	403	404	5	0.847651
MGG_15090T0	2901	2902	1559	36.794
MGG_05812T0	1912	1913	1571.76	56.273
MGG_17376T0	252	253	56	15.1599
MGG_02731T0	2202	2203	10458	325.134
MGG_01223T0	1191	1192	1197	68.7775
MGG_11560T0	2927	2928	667	15.6021
MGG_09378T0	219	220	9	2.80187
MGG_01934T0	651	652	288	30.2534
MGG_15397T0	1077	1078	0	0
MGG_01214T0	988	989	3151	218.213
MGG_17983T0	2037	2038	636	21.3738
MGG_05785T0	2408	2409	4820	137.037
MGG_05416T0	444	445	0	0
MGG_18040T0	2368	2369	2547	73.6364
MGG_01771T0	1862	1863	1186.26	43.6109
MGG_10848T0	1812	1813	388	14.6576
MGG_07908T0	1271	1272	174	9.36895
MGG_17524T0	259	260	2	0.526848
MGG_08439T0	1155	1156	290	17.1818
MGG_04887T0	1911	1912	557	19.9524
MGG_16497T0	408	409	96.7771	16.2061
MGG_15274T0	2457	2458	14	0.390099
MGG_15257T0	936	937	48	3.50857
MGG_04954T0	2515	2516	2121	57.7376
MGG_18088T0	276	277	0	0
MGG_16970T0	1353	1354	311	15.7315
MGG_06268T0	4232	4233	2070.61	33.5026
MGG_13224T0	2065	2066	751	24.8965
MGG_03254T0	4521	4522	1503	22.7644
MGG_06714T0	1355	1356	2791	140.971
MGG_10561T0	1134	1135	10	0.603438
MGG_16461T0	2446	2447	89.0156	2.4915
MGG_04963T0	168	169	275	111.449
MGG_10061T0	4193	4194	2174	35.5026
MGG_08316T0	486	487	3	0.421911
MGG_04827T0	2102	2103	2631	85.6861
MGG_06601T0	309	310	2288	505.502
MGG_16898T0	222	223	3	0.921393
MGG_00385T0	3744	3745	3467	63.406
MGG_07704T0	1800	1801	1377	52.3659
MGG_02459T0	1923	1924	1053	37.4845
MGG_09851T0	1023	1024	159	10.6347
MGG_01206T0	2843	2844	1170	28.1764
MGG_00504T0	3452	3453	1079.57	21.4133
MGG_04113T0	1423	1424	1269	61.0352
MGG_08749T0	1821	1822	31	1.16531
MGG_16768T0	180	181	18	6.81118
MGG_08651T0	4801	4802	2385.5	34.024
MGG_04861T0	1003	1004	7176.58	489.568
MGG_00154T0	741	742	486	44.8602
MGG_07890T0	2033	2034	72	2.42443
MGG_02116T0	3349	3350	311.477	6.36809
MGG_01488T0	786	787	269	23.4103
MGG_17477T0	1247	1248	29	1.59152
MGG_06957T0	852	853	1455	116.827
MGG_00187T0	1146	1147	592	35.3498
MGG_09095T0	1050	1051	459	29.9115
MGG_08430T0	966	967	3668	259.795
MGG_08461T0	1296	1297	535	28.2516
MGG_10555T0	885	886	0	0
MGG_06193T0	2501	2502	1873	51.2719
MGG_11039T0	3539	3540	2062	39.8946
MGG_03876T0	3193	3194	1089.45	23.3615
MGG_05581T0	693	694	978	96.5179
MGG_06334T0	3581	3582	5530	105.737
MGG_16805T0	1854	1855	132	4.8737
MGG_01827T0	2808	2809	9	0.219442
MGG_04947T0	1848	1849	2950.71	109.3
MGG_00374T0	1353	1354	157	7.94163
MGG_06443T0	771	772	692	61.3928
MGG_09868T0	2047	2048	1185.57	39.6485
MGG_01657T0	3717	3718	2243	41.3189
MGG_16142T0	165	166	48	19.8044
MGG_15498T0	441	442	0	0
MGG_10214T0	891	892	24	1.84279
MGG_13641T0	3025	3026	5554.19	125.713
MGG_16024T0	249	250	9	2.46565
MGG_12547T0	580	581	21	2.47555
MGG_04338T0	2799	2800	2308.8	56.475
MGG_07567T0	5032	5033	1442	19.6231
MGG_13622T0	2486	2487	1468	40.4277
MGG_00500T0	4494	4495	518.341	7.89795
MGG_07627T0	1550	1551	5299.23	234.008
MGG_04151T0	958	959	1228	87.7018
MGG_06882T0	2972	2973	1088.29	25.0714
MGG_04735T0	444	445	4	0.615643
MGG_06537T0	10466	10467	1858	12.1577
MGG_04699T0	3809	3810	711	12.7812
MGG_16359T0	537	538	5.26872	0.670735
MGG_13430T0	623	624	11	1.20736
MGG_06368T0	4440	4441	3694	56.9698
MGG_03215T0	1749	1750	1963	76.8265
MGG_07143T0	1380	1381	702	34.8155
MGG_07329T0	1920	1921	580	20.679
MGG_05328T0	2389	2390	1888	54.1044
MGG_00288T0	3198	3199	718	15.3723
MGG_06540T0	1230	1231	370	20.586
MGG_04410T0	3389	3390	445	8.99061
MGG_01890T0	1545	1546	256	11.3412
MGG_07623T0	366	367	178	33.2187
MGG_16900T0	2132	2133	468.069	15.0296
MGG_05011T0	1755	1756	471	18.3707
MGG_03081T0	1548	1549	0	0
MGG_15389T0	468	469	19	2.77466
MGG_17738T0	315	316	18	3.90134
MGG_16019T0	807	808	0	0
MGG_01682T0	2656	2657	559	14.4095
MGG_10311T0	1483	1484	29	1.33842
MGG_17974T0	249	250	16	4.38337
MGG_01559T0	2255	2256	758	23.0122
MGG_15560T0	354	355	1	0.19293
MGG_00109T0	2661	2662	2683	69.0305
MGG_15361T0	393	394	0	0
MGG_11439T0	231	232	317	93.5836
MGG_10859T0	8917	8918	2401.41	18.4428
MGG_07585T0	1248	1249	2	0.109672
MGG_05908T0	1681	1682	4682	190.649
MGG_09061T0	2473	2474	149	4.12492
MGG_01375T0	915	916	3	0.224313
MGG_10562T0	3200	3201	4134	88.4532
MGG_01847T0	1521	1522	520.496	23.4224
MGG_08580T0	2513	2514	3912	106.577
MGG_03882T0	2234	2235	1156	35.4249
MGG_00021T0	1305	1306	1	0.0524428
MGG_14063T0	390	391	0	0
MGG_01599T0	792	793	1089	94.0553
MGG_14726T0	1380	1381	0	0
MGG_07099T0	2919	2920	2452	57.513
MGG_06237T0	1830	1831	656	24.5383
MGG_05048T0	3216	3217	1748	37.2151
MGG_03123T0	3483	3484	793	15.5892
MGG_08922T0	2660	2661	1542	39.6888
MGG_01176T0	1556	1557	1309	57.5811
MGG_07480T0	1268	1269	1123	60.6103
MGG_09614T0	1164	1165	0	0
MGG_08209T0	1435	1436	1395	66.5347
MGG_12408T0	1203	1204	79	4.49396
MGG_09780T0	2432	2433	654.706	18.4303
MGG_10272T0	935	936	7	0.512213
MGG_01601T0	3717	3718	756	13.9265
MGG_05271T0	1652	1653	1106.37	45.8414
MGG_10575T0	1594	1595	1006	43.1982
MGG_16226T0	396	397	5	0.862597
MGG_07538T0	720	721	10	0.949934
MGG_07527T0	788	789	1338.87	116.222
MGG_11652T0	1179	1180	81	4.70145
MGG_06383T0	723	724	921	87.1264
MGG_16579T0	3852	3853	16.3279	0.290242
MGG_17638T0	216	217	1.5	0.473435
MGG_12467T0	947	948	8164.14	589.836
MGG_03117T0	1116	1117	119.661	7.33717
MGG_09465T0	812	813	327.923	27.6255
MGG_03892T0	4906	4907	4101.4	57.246
MGG_17623T0	2617	2618	110	2.87774
MGG_04183T0	2348	2349	7614.48	222.017
MGG_00556T0	312	313	535	117.068
MGG_08034T0	474	475	28	4.03732
MGG_17922T0	306	307	41	9.1469
MGG_16422T0	180	181	70	26.4879
MGG_15247T0	1320	1321	27	1.39988
MGG_03781T0	746	747	41	3.75917
MGG_11462T0	859	860	283	22.5381
MGG_08822T0	1484	1485	1764.61	81.386
MGG_03582T0	2614	2615	1686.05	44.1597
MGG_01166T0	3033	3034	617	13.9283
MGG_17178T0	505	506	1	0.135356
MGG_03674T0	794	795	258	22.227
MGG_15617T0	731	732	67	6.26891
MGG_01607T0	2388	2389	14199	407.071
MGG_15517T0	1769	1770	4	0.15478
MGG_10217T0	453	454	0	0
MGG_04000T0	2394	2395	403	11.5247
MGG_13928T0	2043	2044	4562	152.863
MGG_02235T0	996	997	493	33.8673
MGG_00983T0	2021	2022	582.73	19.7385
MGG_05083T0	1260	1261	5228.62	283.989
MGG_17367T0	168	169	0	0
MGG_08911T0	5408	5409	1984	25.1219
MGG_02118T0	1278	1279	11	0.589048
MGG_09842T0	513	514	11	1.46574
MGG_16680T0	291	292	18	4.222
MGG_01583T0	2725	2726	989	24.8484
MGG_11796T0	3328	3329	1430	29.4206
MGG_08799T0	351	352	46	8.95043
MGG_16585T0	458	459	10	1.49216
MGG_00435T0	1797	1798	128	4.87583
MGG_10653T0	1998	1999	3874.97	132.765
MGG_15416T0	633	634	54	5.83355
MGG_05386T0	1035	1036	9	0.594992
MGG_02761T0	1600	1601	624	26.6945
MGG_13799T0	222	223	34	10.4425
MGG_01851T0	1091	1092	11	0.68992
MGG_05463T0	1426	1427	390	18.7184
MGG_07834T0	363	364	1	0.18816
MGG_08789T0	615	616	10	1.11185
MGG_17037T0	228	229	11	3.28992
MGG_06025T0	1423	1424	2139	102.88
MGG_03144T0	4698	4699	923	13.4532
MGG_07789T0	2262	2263	5231.34	158.328
MGG_10434T0	528	529	0	0
MGG_02328T0	2367	2368	220	6.36311
MGG_10614T0	774	775	2	0.176749
MGG_05002T0	9601	9602	2497	17.8109
MGG_01325T0	1781	1782	2776.46	106.712
MGG_15513T0	519	520	0	0
MGG_00706T0	2364	2365	659	19.0846
MGG_16760T0	426	427	91	14.5963
MGG_01520T0	1971	1972	2208	76.6868
MGG_16880T0	1173	1174	528	30.8031
MGG_17523T0	276	277	21	5.1924
MGG_08188T0	324	325	2	0.421478
MGG_00577T0	1960	1961	429	14.9833
MGG_07727T0	1231	1232	3201	177.952
MGG_06247T0	2385	2386	1245	35.7378
MGG_11707T0	1302	1303	1106	58.1352
MGG_06058T0	3153	3154	514.57	11.1741
MGG_14301T0	393	394	24	4.17199
MGG_16305T0	707	708	117	11.3183
MGG_12580T0	3113	3114	2426	53.3582
MGG_11750T0	1660	1661	8452	348.513
MGG_05685T0	1353	1354	2341	118.416
MGG_04816T0	2151	2152	975.546	31.048
MGG_14679T0	1714	1715	338.313	13.5109
MGG_07530T0	1843	1844	846	31.4223
MGG_02967T0	1781	1782	343.517	13.2029
MGG_13110T0	2175	2176	67	2.10884
MGG_04282T0	699	700	18	1.76118
MGG_08277T0	546	547	1	0.125211
MGG_01348T0	5459	5460	2942.38	36.9092
MGG_16330T0	162	163	0	0
MGG_15795T0	2145	2146	1258.74	40.1731
MGG_06296T0	986	987	871	60.4407
MGG_03298T0	1808	1809	1132	42.8585
MGG_07621T0	444	445	0	0
MGG_08052T0	2432	2433	153	4.30703
MGG_00369T0	1807	1808	666	25.2293
MGG_09828T0	2580	2581	1578	41.8743
MGG_18015T0	564	565	21	2.54565
MGG_05310T0	1761	1762	1284	49.91
MGG_01995T0	1715	1716	9237	368.674
MGG_16658T0	348	349	1175	230.59
MGG_07078T0	1745	1746	472.034	18.5165
MGG_06065T0	2632	2633	6036	157.01
MGG_15312T0	357	358	64	12.2441
MGG_08378T0	1605	1606	1018	43.4141
MGG_17740T0	375	376	22.0508	4.01666
MGG_11519T0	1468	1469	2463	114.834
MGG_01336T0	1677	1678	809	33.0206
MGG_05593T0	768	769	9	0.801576
MGG_07349T0	735	736	9	0.837516
MGG_11130T0	3117	3118	1793.99	39.4069
MGG_02154T0	327	328	14	2.92336
MGG_09598T0	1725	1726	2625	104.164
MGG_05987T0	612	613	252	28.1559
MGG_10764T0	909	910	440	33.1162
MGG_01107T0	1458	1459	778	36.5219
MGG_15844T0	153	154	6	2.66845
MGG_15636T0	3796	3797	6626.63	119.531
MGG_00017T0	3414	3415	7	0.14039
MGG_10713T0	1042	1043	45	2.955
MGG_06020T0	2258	2259	847.615	25.6987
MGG_04880T0	1332	1333	81	4.16182
MGG_01570T0	4942	4943	2602	36.0533
MGG_16799T0	222	223	5	1.53566
MGG_08044T0	1679	1680	44	1.79379
MGG_16428T0	1004	1005	60	4.08897
MGG_00774T0	1003	1004	783.016	53.4153
MGG_09436T0	600	601	579	65.9831
MGG_09534T0	992	993	641.578	44.2516
MGG_01776T0	3484	3485	1146	22.5222
MGG_01688T0	2090	2091	4090	133.967
MGG_01260T0	2691	2692	4652	118.357
MGG_05244T0	7669	7670	4101	36.6204
MGG_10571T0	1777	1778	1732	66.7183
MGG_01051T0	1433	1434	613	29.2779
MGG_07121T0	2073	2074	887	29.2916
MGG_07535T0	3309	3310	3642	75.3599
MGG_12230T0	713	714	35	3.35736
MGG_16711T0	3630	3631	5406	101.971
MGG_16168T0	1275	1276	0	0
MGG_16645T0	210	211	14	4.54438
MGG_08058T0	1014	1015	104	7.01772
MGG_01612T0	2219	2220	10380.5	320.254
MGG_10443T0	2313	2314	139	4.11415
MGG_01777T0	4248	4249	870	14.0237
MGG_07085T0	705	706	1043	101.183
MGG_09027T0	2803	2804	1446.41	35.3298
MGG_17280T0	1731	1732	905	35.7873
MGG_17203T0	491	492	0	0
MGG_01713T0	1140	1141	1032	61.9473
MGG_06190T0	2426	2427	445	12.558
MGG_02580T0	1575	1576	768	33.376
MGG_12770T0	3077	3078	195.121	4.34175
MGG_13543T0	1278	1279	7840	419.831
MGG_08979T0	2919	2920	7	0.164189
MGG_03934T0	975	976	477	33.4732
MGG_00436T0	2034	2035	728	24.5017
MGG_06100T0	5526	5527	1686.56	20.8998
MGG_07376T0	414	415	0	0
MGG_04148T0	1840	1841	3069.07	114.178
MGG_07189T0	975	976	2428	170.383
MGG_04202T0	890	891	8179	628.711
MGG_04137T0	1787	1788	6026.86	230.862
MGG_00980T0	828	829	198	16.3583
MGG_15850T0	716	717	578	55.2125
MGG_06911T0	1483	1484	1207.67	55.7371
MGG_01719T0	1417	1418	4088.28	197.467
MGG_17749T0	177	178	0	0
MGG_16875T0	690	691	13	1.28853
MGG_04969T0	1948	1949	4693	164.918
MGG_05565T0	1135	1136	55	3.31599
MGG_03321T0	1539	1540	496	22.0592
MGG_03454T0	1547	1548	392	17.3438
MGG_00851T0	3228	3229	1166.21	24.7364
MGG_02670T0	5292	5293	121.016	1.56592
MGG_06629T0	1582	1583	1528	66.1106
MGG_07056T0	624	625	1152	126.241
MGG_01986T0	999	1000	154	10.5475
MGG_11567T0	1502	1503	1203	54.8195
MGG_02433T0	782	783	484.711	42.3984
MGG_09069T0	1776	1777	21.0104	0.809797
MGG_17588T0	1575	1576	4.3072	0.187184
MGG_01062T0	1477	1478	16456	762.568
MGG_05863T0	1062	1063	89	5.73437
MGG_16009T0	280	281	0	0
MGG_06740T0	1764	1765	13	0.504461
MGG_15124T0	1534	1535	1	0.044619
MGG_15008T0	1121	1122	807.551	49.2953
MGG_04215T0	3442	3443	340.078	6.76504
MGG_00415T0	1305	1306	32	1.67817
MGG_09348T0	930	931	1848	135.951
MGG_10637T0	1471	1472	1316	61.2318
MGG_17214T0	2016	2017	0	0
MGG_10014T0	1314	1315	3	0.156251
MGG_07171T0	5032	5033	4050	55.1133
MGG_14924T0	771	772	13	1.15333
MGG_00417T0	2507	2508	529	14.4463
MGG_06084T0	2999	3000	1964	44.8383
MGG_10825T0	1178	1179	1832.88	106.475
MGG_03227T0	548	549	5648	704.614
MGG_09820T0	2396	2397	143	4.08598
MGG_05539T0	1650	1651	58	2.40608
MGG_01848T0	1822	1823	215.504	8.09652
MGG_12462T0	1583	1584	469.434	20.2977
MGG_01723T0	2203	2204	1520	47.2346
MGG_07080T0	1418	1419	2116.64	102.163
MGG_08410T0	1527	1528	9	0.403411
MGG_15869T0	452	453	146.702	22.1803
MGG_16641T0	204	205	10	3.34099
MGG_15620T0	252	253	15	4.06069
MGG_11805T0	1533	1534	1703	76.0358
MGG_06823T0	1509	1510	52	2.3586
MGG_09601T0	2004	2005	213	7.27602
MGG_17881T0	640	641	3	0.320547
MGG_14540T0	1109	1110	58	3.57877
MGG_00963T0	3344	3345	66	1.35138
MGG_15256T0	1117	1118	0	0
MGG_08857T0	1722	1723	339	13.4754
MGG_02832T0	2624	2625	1289	33.632
MGG_06070T0	3488	3489	3112	61.0896
MGG_04459T0	4709	4710	211	3.06825
MGG_02714T0	1024	1025	714	47.7093
MGG_16857T0	252	253	0	0
MGG_00441T0	612	613	42	4.69264
MGG_17735T0	207	208	0	0
MGG_08675T0	697	698	14	1.37373
MGG_04175T0	1744	1745	218.626	8.58095
MGG_08256T0	1364	1365	6372	319.721
MGG_10747T0	969	970	317.526	22.42
MGG_07466T0	2021	2022	4498.68	152.382
MGG_01918T0	1587	1588	269	11.6019
MGG_15379T0	701	702	17	1.6586
MGG_09208T0	4624	4625	4070	60.2714
MGG_09600T0	2058	2059	309	10.2785
MGG_16270T0	291	292	34	7.97489
MGG_03218T0	1742	1743	6520	256.2
MGG_00715T0	617	618	38277	4242.07
MGG_05261T0	2398	2399	1709	48.7911
MGG_06615T0	1685	1686	7.63422	0.310124
MGG_17228T0	186	187	0	0
MGG_01144T0	1209	1210	1256	71.094
MGG_01154T0	1703	1704	737.452	29.641
MGG_05456T0	960	961	7144	509.151
MGG_05139T0	1431	1432	86	4.11324
MGG_00561T0	1126	1127	23	1.39776
MGG_04042T0	3639	3640	791	14.8835
MGG_06425T0	2805	2806	1392	33.9766
MGG_04177T0	6583	6584	1953	20.3161
MGG_01875T0	951	952	81	5.82743
MGG_05107T0	2205	2206	188	5.83688
MGG_03439T0	1330	1331	1187	61.0803
MGG_10155T0	609	610	11	1.23507
MGG_11223T0	1510	1511	214	9.70014
MGG_03906T0	3885	3886	1720	30.3148
MGG_08084T0	5037	5038	15704	213.492
MGG_16218T0	159	160	5	2.14032
MGG_06011T0	1385	1386	4628	228.696
MGG_17362T0	225	226	0	0
MGG_09473T0	885	886	215	16.6201
MGG_01950T0	1560	1561	1	0.0438759
MGG_06511T0	1724	1725	3854	153.021
MGG_01053T0	1024	1025	132	8.82021
MGG_05896T0	309	310	11	2.4303
MGG_08097T0	2921	2922	8538	200.126
MGG_00629T0	336	337	14	2.84529
MGG_10613T0	1244	1245	1	0.0550122
MGG_18007T0	378	379	17	3.07212
MGG_15895T0	1478	1479	5655	261.874
MGG_15390T0	1404	1405	62	3.02234
MGG_18014T0	201	202	19	6.44215
MGG_08855T0	5409	5410	4830	61.1475
MGG_08786T0	1840	1841	49	1.82293
MGG_09235T0	2633	2634	2142	55.6971
MGG_08457T0	3593	3594	29037	553.353
MGG_14198T0	1185	1186	1601	92.456
MGG_09213T0	2910	2911	1065.45	25.068
MGG_01220T0	2487	2488	429.013	11.81
MGG_01824T0	4016	4017	2405	41.0055
MGG_00071T0	1309	1310	28	1.46391
MGG_06113T0	1300	1301	164	8.63366
MGG_03715T0	1349	1350	1344	68.1858
MGG_02820T0	1016	1017	409	27.5443
MGG_03263T0	2185	2186	545	17.0756
MGG_15220T0	279	280	7	1.71226
MGG_06342T0	3885	3886	1655	29.1692
MGG_09522T0	3647	3648	417	7.82906
MGG_17763T0	171	172	0	0
MGG_12831T0	1840	1841	586	21.8008
MGG_02986T0	5892	5893	265.478	3.08547
MGG_01963T0	1024	1025	70	4.67738
MGG_10020T0	399	400	0	0
MGG_12337T0	1230	1231	170658	9495.05
MGG_10423T0	1815	1816	3554	134.039
MGG_04817T0	2232	2233	839.454	25.7476
MGG_09106T0	483	484	17	2.40565
MGG_16490T0	765	766	545	48.73
MGG_00814T0	984	985	2426	168.688
MGG_17848T0	1200	1201	434.11	24.7563
MGG_08169T0	2029	2030	527	17.7805
MGG_02284T0	1233	1234	733	40.6834
MGG_08528T0	1760	1761	1	0.0388928
MGG_15733T0	264	265	0	0
MGG_13241T0	1172	1173	11	0.642278
MGG_03036T0	1676	1677	311.149	12.7076
MGG_06751T0	1528	1529	4291	192.212
MGG_03124T0	1629	1630	149	6.26076
MGG_07129T0	3465	3466	1533.09	30.2948
MGG_16409T0	1182	1183	6085.47	352.321
MGG_07019T0	2192	2193	2073	64.7425
MGG_04144T0	5054	5055	5241	71.0103
MGG_05400T0	906	907	11	0.830642
MGG_08161T0	2660	2661	2281.25	58.716
MGG_08207T0	3139	3140	829	18.0823
MGG_14928T0	1710	1711	32.6254	1.30597
MGG_13866T0	1539	1540	0	0
MGG_17000T0	1735	1736	2480	97.8432
MGG_15770T0	799	800	12	1.02735
MGG_10931T0	1021	1022	868	58.1698
MGG_06486T0	813	814	254	21.3716
MGG_14639T0	1437	1438	912	43.4375
MGG_02977T0	1809	1810	64	2.42175
MGG_16953T0	669	670	146	14.9247
MGG_15691T0	216	217	1	0.315623
MGG_17754T0	162	163	1	0.420185
MGG_04505T0	2022	2023	420.975	14.2524
MGG_07518T0	3495	3496	4616	90.4322
MGG_00631T0	2994	2995	1492	34.1193
MGG_07048T0	1225	1226	11493	642.054
MGG_03433T0	1594	1595	8	0.343525
MGG_01058T0	2024	2025	3889	131.535
MGG_09751T0	1134	1135	357	21.5427
MGG_08493T0	2400	2401	0	0
MGG_17255T0	357	358	1	0.191313
MGG_05028T0	1574	1575	153	6.65334
MGG_16457T0	3267	3268	1516.83	31.7895
MGG_15654T0	1451	1452	234	11.0377
MGG_04554T0	2070	2071	6	0.198427
MGG_14590T0	1472	1473	57	2.65033
MGG_15599T0	2018	2019	467	15.842
MGG_12022T0	1467	1468	0	0
MGG_12348T0	381	382	28	5.02023
MGG_05504T0	306	307	1	0.223095
MGG_06545T0	3128	3129	390.849	8.55523
MGG_07842T0	1922	1923	123	4.38081
MGG_16113T0	366	367	1	0.186622
MGG_04872T0	3773	3774	3531.05	64.0812
MGG_17987T0	249	250	5	1.3698
MGG_03529T0	2443	2444	598	16.7582
MGG_01395T0	1023	1024	19	1.27081
MGG_08451T0	333	334	93	19.0706
MGG_17989T0	1158	1159	2609	154.177
MGG_08532T0	411	412	20	3.32477
MGG_13538T0	1665	1666	26	1.06888
MGG_06105T0	1167	1168	659.682	38.683
MGG_08278T0	1920	1921	678	24.173
MGG_12805T0	2588	2589	4165.29	110.19
MGG_05552T0	1072	1073	1200	76.5967
MGG_11895T0	3858	3859	2042	36.2418
MGG_17567T0	189	190	0	0
MGG_17940T0	327	328	92	19.2107
MGG_17449T0	3789	3790	3384	61.1533
MGG_15114T0	2149	2150	0	0
MGG_08174T0	1420	1421	396	19.0867
MGG_09645T0	6381	6382	7	0.0751225
MGG_13085T0	363	364	0	0
MGG_10716T0	1162	1163	116.923	6.88571
MGG_07713T0	819	820	41	3.42451
MGG_15409T0	835	836	0	0
MGG_04551T0	1287	1288	3352	178.245
MGG_04199T0	2996	2997	1938.48	44.2999
MGG_16152T0	396	397	10	1.72519
MGG_03587T0	2042	2043	3098	103.858
MGG_08198T0	3996	3997	1296	22.2075
MGG_18004T0	852	853	13	1.04381
MGG_04048T0	1589	1590	52.5492	2.26359
MGG_02637T0	1228	1229	103	5.74003
MGG_09913T0	1867	1868	1808	66.2903
MGG_16079T0	186	187	0	0
MGG_01435T0	3115	3116	53	1.16495
MGG_16290T0	270	271	5	1.26366
MGG_09628T0	900	901	15	1.14024
MGG_06871T0	2230	2231	932.339	28.6222
MGG_08185T0	2655	2656	495.905	12.7879
MGG_16837T0	156	157	1	0.436244
MGG_10956T0	1139	1140	44	2.64348
MGG_17650T0	165	166	0.5	0.206296
MGG_00448T0	2304	2305	712	21.1562
MGG_01728T0	1896	1897	2199	79.3938
MGG_18105T0	372	373	12	2.20344
MGG_01414T0	4528	4529	377	5.70122
MGG_11758T0	6947	6948	503	4.95835
MGG_09956T0	3458	3459	841	16.6523
MGG_14293T0	1459	1460	1047.01	49.1162
MGG_12321T0	4125	4126	613	10.1756
MGG_16148T0	1237	1238	552	30.5385
MGG_02774T0	2493	2494	4711	129.373
MGG_07580T0	1761	1762	37	1.43822
MGG_08592T0	582	583	659	77.4186
MGG_03867T0	996	997	29	1.99219
MGG_05664T0	4886	4887	5326	74.6427
MGG_07846T0	1543	1544	6	0.266154
MGG_02949T0	3782	3783	2963	53.6443
MGG_05133T0	3320	3321	3960	81.6686
MGG_10939T0	453	454	1	0.15086
MGG_04617T0	5721	5722	3492	41.798
MGG_00254T0	1609	1610	9717	413.366
MGG_07200T0	3359	3360	60922	1241.83
MGG_07958T0	1458	1459	134	6.2904
MGG_08236T0	7851	7852	6	0.0523359
MGG_05330T0	407	408	104.193	17.4906
MGG_15754T0	225	226	5	1.51527
MGG_15537T0	3875	3876	2440.33	43.1215
MGG_14326T0	800	801	21	1.79562
MGG_01796T0	1167	1168	96	5.62933
MGG_09696T0	4254	4255	1605.28	25.8393
MGG_16672T0	243	244	0	0
MGG_04633T0	3555	3556	5	0.0963024
MGG_06696T0	8818	8819	2486.86	19.3135
MGG_10478T0	528	529	0	0
MGG_00635T0	3636	3637	4345	81.8229
MGG_00491T0	1477	1478	1567	72.6145
MGG_08128T0	2992	2993	920	21.0528
MGG_04467T0	1484	1485	21935.8	1011.71
MGG_03197T0	1953	1954	2095	73.4325
MGG_00630T0	3839	3840	331	5.90372
MGG_01725T0	1783	1784	1866	71.6383
MGG_04738T0	1213	1214	60	3.38502
MGG_08492T0	1551	1552	0	0
MGG_06847T0	1955	1956	2807	98.2884
MGG_16140T0	198	199	0	0
MGG_14854T0	732	733	823	76.8997
MGG_14598T0	2160	2161	174	5.51472
MGG_10558T0	2479	2480	23	0.635192
MGG_00789T0	963	964	10341	734.707
MGG_00846T0	1380	1381	62	3.07487
MGG_01099T0	1327	1328	1479	76.2779
MGG_00119T0	1077	1078	12025	764.003
MGG_06901T0	2155	2156	1405	44.633
MGG_16938T0	594	595	0	0
MGG_06865T0	450	451	2238	339.869
MGG_14422T0	225	226	0	0
MGG_04983T0	1192	1193	9	0.516691
MGG_04594T0	1554	1555	548	24.1368
MGG_03646T0	3409	3410	3880	77.9302
MGG_16223T0	940	941	416	30.2784
MGG_10244T0	647	648	8	0.845558
MGG_03025T0	900	901	5557	422.42
MGG_12275T0	1945	1946	13347	469.753
MGG_05158T0	1842	1843	140	5.20273
MGG_02941T0	2696	2697	1698	43.1207
MGG_15849T0	246	247	3	0.831865
MGG_16342T0	327	328	2304	481.102
MGG_16367T0	180	181	0	0
MGG_01892T0	2198	2199	338.014	10.5278
MGG_00721T0	1212	1213	10070	568.587
MGG_01002T0	1281	1282	436	23.2931
MGG_04094T0	849	850	5	0.402884
MGG_06124T0	6483	6484	1242.21	13.1214
MGG_06918T0	1544	1545	1951	86.4883
MGG_03397T0	1684	1685	1757	71.4168
MGG_13933T0	1173	1174	47.7191	2.7839
MGG_05929T0	2667	2668	274	7.03385
MGG_16965T0	1492	1493	30	1.37623
MGG_15614T0	345	346	0	0
MGG_15699T0	329	330	1	0.207546
MGG_17502T0	573	574	9.02522	1.0769
MGG_16173T0	615	616	1	0.111185
MGG_00679T0	1971	1972	1206.45	41.9016
MGG_07238T0	2115	2116	278	8.99824
MGG_12501T0	1469	1470	2	0.093184
MGG_10523T0	2792	2793	664	16.2827
MGG_09461T0	2996	2997	1555	35.5363
MGG_05060T0	2879	2880	622	14.792
MGG_05824T0	1594	1595	355	15.2439
MGG_01614T0	2370	2371	1030	29.7532
MGG_16131T0	1877	1878	189	6.89279
MGG_05210T0	1233	1234	2782	154.408
MGG_10446T0	1857	1858	562	20.7166
MGG_13509T0	813	814	164	13.799
MGG_01636T0	3654	3655	3597	67.4034
MGG_14995T0	1353	1354	430	21.751
MGG_00317T0	1637	1638	1283	53.6465
MGG_03878T0	3235	3236	288.15	6.09873
MGG_09976T0	1983	1984	3282	113.299
MGG_17358T0	599	600	1.01384	0.11573
MGG_17764T0	2438	2439	424.044	11.9077
MGG_14279T0	1632	1633	28108	1178.89
MGG_07053T0	2067	2068	492	16.2946
MGG_09884T0	3194	3195	4490.72	96.2662
MGG_16669T0	3333	3334	555	11.4013
MGG_15070T0	2393	2394	731	20.9133
MGG_14426T0	799	800	13.1044	1.1219
MGG_12601T0	1728	1729	754	29.8679
MGG_03810T0	12768	12769	0	0
MGG_02780T0	2782	2783	765	18.8268
MGG_07026T0	1971	1972	1775	61.6482
MGG_04856T0	1964	1965	6053	210.978
MGG_13530T0	2551	2552	2553	68.5171
MGG_02663T0	2321	2322	1402	41.3537
MGG_06315T0	3296	3297	1618.65	33.6249
MGG_06980T0	1983	1984	432	14.9132
MGG_15442T0	786	787	0	0
MGG_05892T0	2597	2598	965.954	25.4651
MGG_02029T0	1827	1828	0	0
MGG_09289T0	1446	1447	2883	136.46
MGG_05229T0	3113	3114	1005	22.1043
MGG_09137T0	963	964	0	0
MGG_11142T0	1240	1241	598.966	33.0567
MGG_06133T0	1536	1537	5683.57	253.265
MGG_04006T0	4044	4045	243	4.11449
MGG_05874T0	2457	2458	359	10.0033
MGG_07411T0	951	952	197	14.1729
MGG_17583T0	162	163	0	0
MGG_12767T0	3362	3363	7564	154.047
MGG_03603T0	2440	2441	635.149	17.8212
MGG_10200T0	2577	2578	5653	150.184
MGG_12742T0	2946	2947	48.7752	1.13357
MGG_02773T0	2397	2398	4458	127.327
MGG_01826T0	1430	1431	582.01	27.856
MGG_09941T0	4860	4861	803	11.3141
MGG_02327T0	960	961	143	10.1916
MGG_09595T0	495	496	0	0
MGG_02788T0	2386	2387	1345	38.5921
MGG_00300T0	1548	1549	31	1.37069
MGG_01276T0	1002	1003	0	0
MGG_00083T0	910	911	309	23.231
MGG_17975T0	1493	1494	457	20.9505
MGG_00530T0	2209	2210	2181	67.5915
MGG_06955T0	2458	2459	482	13.4251
MGG_07681T0	2901	2902	5129	121.05
MGG_09841T0	1406	1407	62	3.01805
MGG_02882T0	2591	2592	857	22.6451
MGG_02462T0	869	870	1848.9	145.554
MGG_09494T0	1406	1407	869.285	42.3152
MGG_09552T0	2993	2994	2251	51.4936
MGG_04365T0	1974	1975	184	6.38086
MGG_08880T0	2376	2377	6395	184.264
MGG_17935T0	2495	2496	57	1.56408
MGG_03006T0	1435	1436	685.173	32.6794
MGG_02534T0	1875	1876	386	14.0923
MGG_12835T0	747	748	3	0.274693
MGG_03772T0	2061	2062	118	3.91942
MGG_12521T0	1139	1140	3577	214.903
MGG_08906T0	588	589	1316	153.027
MGG_10213T0	1014	1015	99	6.68033
MGG_05989T0	2337	2338	3397	99.513
MGG_04787T0	915	916	1050	78.5095
MGG_14982T0	309	310	0	0
MGG_08065T0	2379	2380	2155	62.0153
MGG_15047T0	1704	1705	9681	388.888
MGG_11337T0	918	919	1842	137.279
MGG_14371T0	663	664	643	66.3241
MGG_14046T0	435	436	0	0
MGG_10324T0	1662	1663	886	36.4897
MGG_05325T0	2967	2968	1097.72	25.3312
MGG_09005T0	2563	2564	780.107	20.8384
MGG_17488T0	231	232	11	3.24738
MGG_16887T0	4324	4325	5636	89.2511
MGG_02345T0	534	535	1	0.128019
MGG_10958T0	4894	4895	1259	17.6158
MGG_03794T0	999	1000	0	0
MGG_14009T0	1982	1983	1117	38.5797
MGG_00026T0	1218	1219	0	0
MGG_08098T0	2033	2034	1518	51.1151
MGG_10254T0	1230	1231	98	5.45251
MGG_06898T0	2428	2429	649	18.2998
MGG_12821T0	3710	3711	2269	41.8767
MGG_06758T0	1782	1783	1238	47.5552
MGG_15995T0	1557	1558	0	0
MGG_14640T0	1702	1703	879	35.3511
MGG_07084T0	1500	1501	784	35.7737
MGG_17103T0	1358	1359	3886.32	195.861
MGG_07341T0	1029	1030	9083	603.977
MGG_17773T0	351	352	0	0
MGG_03088T0	2571	2572	542	14.433
MGG_00812T0	1134	1135	906.11	54.6781
MGG_08654T0	2560	2561	657	17.5705
MGG_04025T1	1563	1564	130.854	5.73034
MGG_04025T0	1354	1355	716.146	36.1985
MGG_07190T0	3180	3181	4415	95.0595
MGG_15651T0	306	307	0	0
MGG_17094T0	279	280	7	1.71226
MGG_05931T0	2084	2085	470.095	15.4422
MGG_10426T0	4455	4456	1600	24.5925
MGG_12853T0	1379	1380	1563	77.5726
MGG_04095T0	1470	1471	3069	142.894
MGG_10852T0	2065	2066	2784	92.2927
MGG_08778T0	1336	1337	1164	59.628
MGG_05951T0	2163	2164	2102	66.5279
MGG_06183T0	1883	1884	8420	306.098
MGG_14823T0	2519	2520	526	14.296
MGG_00986T0	1589	1590	901	38.8111
MGG_14674T0	1725	1726	297	11.7854
MGG_03935T0	1158	1159	2575	152.168
MGG_07679T0	1863	1864	0	0
MGG_17160T0	282	283	5	1.21007
MGG_00915T0	2741	2742	1216	30.3735
MGG_07290T0	1308	1309	68	3.55793
MGG_08144T0	1633	1634	4191	175.669
MGG_08102T0	895	896	408	31.1875
MGG_03756T0	932	933	119.789	8.79352
MGG_15434T0	363	364	24	4.51584
MGG_02549T0	1017	1018	0	0
MGG_17131T0	222	223	0	0
MGG_07697T0	642	643	118	12.569
MGG_07630T0	354	355	1258	242.706
MGG_10320T0	2610	2611	3886	101.935
MGG_04445T0	3113	3114	2029.06	44.6278
MGG_17002T0	1778	1779	2697	103.833
MGG_15802T0	180	181	0	0
MGG_10184T0	4212	4213	747.404	12.1505
MGG_17612T0	743	744	37.8883	3.48787
MGG_10054T0	2554	2555	924.798	24.7905
MGG_11636T0	4950	4951	517.932	7.16487
MGG_11469T0	1062	1063	1178	75.8998
MGG_09953T0	1410	1411	1625	78.8778
MGG_13215T0	1643	1644	974	40.5775
MGG_15924T0	306	307	6	1.33857
MGG_15838T0	1001	1002	23	1.57213
MGG_00164T0	3157	3158	1308	28.3677
MGG_08779T0	999	1000	41	2.8081
MGG_15955T0	246	247	12	3.32746
MGG_02705T0	4519	4520	3769.57	57.1192
MGG_08735T0	2886	2887	1837	43.5804
MGG_08768T0	1433	1434	1079	51.5348
MGG_03591T0	2389	2390	598	17.1369
MGG_06095T0	1230	1231	2862	159.236
MGG_09804T0	1191	1192	189	10.8596
MGG_04923T0	6380	6381	1200	12.8802
MGG_17321T0	341	342	6	1.20158
MGG_16394T0	933	934	23	1.68659
MGG_08480T0	876	877	661	51.6215
MGG_08659T0	462	463	0	0
MGG_03287T0	2116	2117	1460	47.2346
MGG_00695T0	3548	3549	339.773	6.55709
MGG_09499T0	2902	2903	3848	90.7855
MGG_03593T0	1553	1554	1097	48.3486
MGG_11491T0	4755	4756	3070	44.2105
MGG_04352T0	1092	1093	2892	181.22
MGG_06388T0	5621	5622	4535	55.2478
MGG_13253T0	2359	2360	802	23.2751
MGG_10955T0	4988	4989	1968	27.0172
MGG_05525T0	2194	2195	3810.6	118.902
MGG_05578T0	1943	1944	490	17.2635
MGG_03686T0	2694	2695	516	13.1135
MGG_17132T0	544	545	12	1.50804
MGG_01017T0	5000	5001	127	1.7393
MGG_07775T0	642	643	177	18.8535
MGG_05688T0	1580	1581	172.381	7.46767
MGG_07366T0	1665	1666	864	35.5195
MGG_15245T0	1478	1479	4964	229.875
MGG_18109T0	189	190	0	0
MGG_14713T0	3078	3079	2838	63.1294
MGG_03104T0	1703	1704	413	16.6
MGG_16114T0	1332	1333	24.7109	1.26966
MGG_09236T0	3964	3965	1382	23.8723
MGG_17742T0	204	205	11	3.67509
MGG_07058T0	1413	1414	835.8	40.4838
MGG_18034T0	625	626	32	3.5011
MGG_12538T0	4519	4520	1036	15.6982
MGG_02748T0	4224	4225	536	8.68894
MGG_00449T0	2721	2722	5389	135.597
MGG_10499T0	1394	1395	167.129	8.2055
MGG_02488T0	2835	2836	1580	38.1575
MGG_15259T0	783	784	396	34.5946
MGG_17723T0	703	704	7	0.681011
MGG_09372T0	1910	1911	7333	262.815
MGG_05484T0	4115	4116	3535.94	58.838
MGG_17265T0	153	154	4751	2112.97
MGG_01424T0	1961	1962	1113	38.853
MGG_16196T0	2549	2550	1012	27.1812
MGG_04773T0	2509	2510	6166	168.251
MGG_08079T0	887	888	608.779	46.9543
MGG_01730T0	4061	4062	3705	62.4708
MGG_07295T0	1487	1488	551	25.3616
MGG_18030T0	581	582	3027.15	356.237
MGG_14269T0	1292	1293	7162	379.371
MGG_16445T0	2639	2640	3153	81.7991
MGG_15988T0	4463	4464	10332	158.522
MGG_03008T0	3959	3960	3785	65.4635
MGG_15739T0	873	874	10156	795.866
MGG_15492T0	1738	1739	104.889	4.13105
MGG_00018T0	2408	2409	30	0.852929
MGG_04257T0	1881	1882	135	4.91296
MGG_17731T0	751	752	25	2.27694
MGG_04606T0	4286	4287	382.473	6.1105
MGG_03005T0	2145	2146	215	6.86179
MGG_16416T0	550	551	6	0.74581
MGG_12469T0	762	763	48	4.30869
MGG_09705T0	1502	1503	1346	61.3359
MGG_00488T0	1335	1336	3040	155.846
MGG_00336T0	2232	2233	2832.23	86.8696
MGG_17056T0	297	298	22	5.05633
MGG_15398T0	798	799	21.7114	1.8611
MGG_10239T0	1486	1487	18	0.829068
MGG_10257T0	1332	1333	0	0
MGG_01389T0	2323	2324	401	11.8178
MGG_08432T0	297	298	18	4.13699
MGG_03222T0	5908	5909	792.558	9.1864
MGG_02691T0	2535	2536	4276	115.483
MGG_13777T0	849	850	78	6.28499
MGG_03518T0	2621	2622	1061	27.7148
MGG_09171T0	1152	1153	121	7.18761
MGG_16117T0	216	217	7	2.20936
MGG_07645T0	1455	1456	8	0.37632
MGG_08540T0	2016	2017	1	0.0339565
MGG_02204T0	2073	2074	22	0.726512
MGG_01987T0	3170	3171	1059	22.8733
MGG_07684T0	855	856	20	1.60024
MGG_08899T0	819	820	170	14.1992
MGG_06136T0	1413	1414	1277	61.8543
MGG_02546T0	444	445	3	0.461732
MGG_17601T0	360	361	0	0
MGG_12009T0	3374	3375	6137	124.541
MGG_07232T0	1613	1614	3336.97	141.605
MGG_05007T0	1995	1996	1576	54.0785
MGG_04853T0	3275	3276	6742	140.953
MGG_04680T0	2122	2123	1577	50.8757
MGG_16926T0	1448	1449	396.159	18.7253
MGG_05259T0	3008	3009	2400	54.6283
MGG_12956T0	5288	5289	2095.48	27.1355
MGG_07815T0	918	919	36	2.68297
MGG_08898T0	3837	3838	3048	54.3925
MGG_07301T0	1239	1240	3214	177.522
MGG_09806T0	1801	1802	408	15.5072
MGG_09070T0	1274	1275	208	11.1733
MGG_15611T0	228	229	0	0
MGG_15252T0	399	400	0	0
MGG_14558T0	7290	7291	2749.49	25.8282
MGG_07532T0	3856	3857	639.068	11.3482
MGG_14014T0	3372	3373	2653.43	53.8791
MGG_05277T0	2356	2357	438.208	12.7335
MGG_12611T0	2160	2161	147	4.65898
MGG_00863T0	2841	2842	94	2.26533
MGG_02242T0	2292	2293	827	24.7019
MGG_07790T0	1621	1622	32489	1371.87
MGG_03262T0	2538	2539	808	21.796
MGG_05846T0	807	808	3482	295.152
MGG_17029T0	192	193	263	93.3312
MGG_03045T0	1223	1224	1666	93.2228
MGG_15045T0	735	736	1	0.0930574
MGG_12096T0	558	559	48	5.88109
MGG_02794T0	1824	1825	1520	57.0439
MGG_15822T0	905	906	38	2.87266
MGG_04919T0	1342	1343	2565.78	130.849
MGG_08370T0	2311	2312	9209	272.806
MGG_11336T0	1526	1527	1192	53.4645
MGG_02210T0	1788	1789	0	0
MGG_00084T0	1662	1663	11846	487.874
MGG_02437T0	2362	2363	872.863	25.2994
MGG_02351T0	15858	15859	16	0.0690992
MGG_03516T0	4677	4678	4703	68.8563
MGG_17378T0	570	571	42	5.03781
MGG_17281T0	279	280	15	3.66912
MGG_10252T0	1916	1917	4745	169.529
MGG_06068T0	1269	1270	1289	69.5149
MGG_09311T0	3387	3388	1568.4	31.706
MGG_16879T0	222	223	6	1.84279
MGG_02756T0	828	829	149	12.3101
MGG_05668T0	758	759	2730	246.348
MGG_09810T0	720	721	0	0
MGG_15020T0	1665	1666	2001	82.2623
MGG_15006T0	1752	1753	1274.69	49.8026
MGG_03667T0	3149	3150	1123	24.4173
MGG_02400T0	1486	1487	852	39.2426
MGG_09490T0	1701	1702	17	0.684097
MGG_17487T0	399	400	0	0
MGG_11615T0	1161	1162	142	8.36972
MGG_03517T0	2615	2616	2476	64.8249
MGG_01074T0	4748	4749	1767	25.4837
MGG_04362T0	1259	1260	3091	168.018
MGG_05732T0	1576	1577	1473	63.9734
MGG_05503T0	1380	1381	752	37.2952
MGG_13200T0	1849	1850	4974	184.146
MGG_07035T0	2199	2200	2376	73.9695
MGG_02818T0	2187	2188	85	2.66073
MGG_06654T0	1611	1612	1641	69.7224
MGG_10287T0	1700	1701	0	0
MGG_17413T0	468	469	6	0.876208
MGG_00559T0	1427	1428	598	28.6815
MGG_14601T0	1314	1315	118	6.14589
MGG_06206T0	630	631	2	0.217085
MGG_01115T0	4754	4755	1218.02	17.5441
MGG_02402T0	246	247	81	22.4604
MGG_08949T0	1794	1795	766	29.2276
MGG_06216T0	2268	2269	490	14.7908
MGG_16831T0	988	989	10	0.69252
MGG_05026T0	797	798	8347	716.401
MGG_00138T0	3100	3101	1115	24.6264
MGG_02445T0	899	900	349	26.559
MGG_17038T0	836	837	681	55.725
MGG_08984T0	3027	3028	1210	27.369
MGG_09836T0	957	958	259	18.5167
MGG_17554T0	576	577	2.88418	0.342354
MGG_17830T0	1371	1372	1403	70.0378
MGG_05217T0	2884	2885	728.949	17.3053
MGG_05450T0	1356	1357	1654	83.4804
MGG_01671T0	2111	2112	2226.12	72.1911
MGG_07154T0	1215	1216	811	45.6789
MGG_00379T0	1164	1165	75	4.40924
MGG_16910T0	177	178	24	9.23464
MGG_08926T0	996	997	1575	108.197
MGG_05407T0	426	427	0	0
MGG_07336T0	1267	1268	1152	62.2246
MGG_10329T0	2833	2834	655	15.8296
MGG_11731T0	2004	2005	1130	38.6005
MGG_06398T0	2420	2421	1020	28.8559
MGG_15001T0	408	409	110	18.4204
MGG_04994T0	3370	3371	4758	96.6706
MGG_09909T0	2635	2636	1473	38.2724
MGG_03403T0	886	887	57	4.40129
MGG_17059T0	192	193	12	4.25846
MGG_09019T0	764	765	22	1.96965
MGG_14526T0	3278	3279	2143.34	44.7691
MGG_09246T0	2741	2742	1906	47.6085
MGG_15746T0	150	151	1	0.453578
MGG_13908T0	907	908	11486	866.386
MGG_14547T0	1344	1345	757.51	38.574
MGG_00351T0	3049	3050	252	5.65887
MGG_17184T0	165	166	22	9.07702
MGG_15203T0	2592	2593	653	17.248
MGG_10589T0	1317	1318	24	1.24717
MGG_10370T0	776	777	17908	1578.54
MGG_16126T0	1316	1317	3111	161.787
MGG_18089T0	498	499	742	101.843
MGG_15201T0	348	349	1	0.196247
MGG_00888T0	2288	2289	38	1.13702
MGG_06181T0	1596	1597	79	3.38806
MGG_14778T0	4740	4741	703	10.1558
MGG_08017T0	3363	3364	474	9.65053
MGG_15508T0	1126	1127	66	4.01096
MGG_12847T0	1328	1329	19587	1009.42
MGG_02487T0	5611	5612	7767	94.7904
MGG_11167T0	1099	1100	979.071	60.9607
MGG_08787T0	423	424	45	7.26901
MGG_18140T0	726	727	11	1.0363
MGG_16303T0	222	223	0	0
MGG_13276T0	1076	1077	577	36.6935
MGG_04526T0	3814	3815	983	17.6477
MGG_02243T0	2695	2696	525.929	13.3609
MGG_14921T0	936	937	183	13.3764
MGG_02288T0	660	661	8	0.828929
MGG_01799T0	1878	1879	430	15.6737
MGG_04610T0	3591	3592	616	11.7455
MGG_06734T0	1428	1429	886.637	42.4955
MGG_00857T0	2478	2479	2281.56	63.0354
MGG_07512T0	2487	2488	1520	41.8429
MGG_02014T0	1553	1554	0	0
MGG_07687T0	1326	1327	0	0
MGG_17778T0	171	172	418	166.447
MGG_14783T0	736	737	6	0.557587
MGG_17014T0	171	172	0	0
MGG_03290T0	4805	4806	1353	19.2816
MGG_02355T0	1089	1090	46	2.89041
MGG_05580T0	1974	1975	3849	133.478
MGG_17394T0	195	196	8	2.79552
MGG_17757T0	525	526	0	0
MGG_03473T0	1868	1869	692	25.3586
MGG_07565T0	1287	1288	149	7.92317
MGG_04367T0	1785	1786	573	21.9736
MGG_12906T0	1851	1852	499.33	18.4661
MGG_17630T0	168	169	4	1.62107
MGG_10743T0	2778	2779	1550	38.2007
MGG_16365T0	566	567	29.2941	3.53855
MGG_03198T0	2971	2972	3574	82.3634
MGG_17337T0	261	262	0	0
MGG_10798T0	603	604	73	8.27779
MGG_02387T0	3216	3217	625	13.3063
MGG_07987T0	1182	1183	26	1.50528
MGG_16590T0	1551	1552	2	0.0882606
MGG_15760T0	3756	3757	782	14.2559
MGG_07177T0	513	514	11962	1593.93
MGG_08598T0	5972	5973	1796	20.5941
MGG_02903T0	825	826	47	3.89714
MGG_06399T0	4532	4533	4306	65.0604
MGG_15923T0	306	307	0	0
MGG_01662T0	2936	2937	3420.96	79.776
MGG_01420T0	1524	1525	1520	68.2657
MGG_15718T0	2045	2046	1137	38.0613
MGG_06959T0	1470	1471	241	11.221
MGG_07503T0	1946	1947	1650	58.0426
MGG_08162T0	1952	1953	6600	231.457
MGG_13836T0	765	766	128	11.4448
MGG_02495T0	504	505	0	0
MGG_10840T0	2823	2824	3039.66	73.7205
MGG_06505T0	2118	2119	1043	33.7118
MGG_08311T0	1428	1429	422	20.2259
MGG_00150T0	1986	1987	10954	377.575
MGG_12003T0	1132	1133	73	4.41287
MGG_07979T0	1554	1555	21	0.924948
MGG_08351T0	744	745	3	0.2758
MGG_16897T0	330	331	37	7.65601
MGG_07062T0	2512	2513	138	3.7611
MGG_16026T0	931	932	66	4.85017
MGG_09118T0	2762	2763	561.888	13.9283
MGG_17860T0	590	591	49	5.67855
MGG_09421T0	630	631	0	0
MGG_13420T0	420	421	4	0.650739
MGG_06785T0	1141	1142	463.206	27.7803
MGG_03265T0	4053	4054	1311	22.1487
MGG_06406T0	1492	1493	1004	46.0577
MGG_12978T0	1518	1519	553	24.9342
MGG_11761T0	3349	3350	1044	21.3444
MGG_03846T0	4537	4538	8886	134.113
MGG_07334T0	4261	4262	2188	35.1611
MGG_16822T0	150	151	0	0
MGG_03706T0	1704	1705	356	14.3006
MGG_15307T0	936	937	5	0.365476
MGG_10149T0	1396	1397	1035	50.7426
MGG_08607T0	405	406	1	0.168695
MGG_12672T0	2959	2960	2397	55.4632
MGG_01914T0	855	856	2	0.160024
MGG_05178T0	1148	1149	532.168	31.7217
MGG_10148T0	4796	4797	826.908	11.8064
MGG_04212T0	2374	2375	1193	34.4037
MGG_10357T0	2217	2218	3904	120.553
MGG_16502T0	153	154	12	5.3369
MGG_08208T0	5090	5091	3105	41.7722
MGG_12474T0	2113	2114	1919	62.1725
MGG_10881T0	1287	1288	17	0.903986
MGG_02862T0	2088	2089	937	30.7206
MGG_07282T0	3107	3108	564.999	12.4507
MGG_06279T0	3816	3817	3197	57.3653
MGG_05755T0	2570	2571	1755	46.7524
MGG_11535T0	2787	2788	853	20.9549
MGG_00346T0	3017	3018	4507	102.281
MGG_04204T0	2287	2288	2182	65.3172
MGG_03464T0	888	889	1963	151.233
MGG_01508T0	1596	1597	5539	237.55
MGG_05584T0	2702	2703	1118	28.3286
MGG_10853T0	3196	3197	2159.63	46.2664
MGG_07391T0	787	788	1666	144.803
MGG_04997T0	3344	3345	57	1.1671
MGG_15457T0	1932	1933	1	0.0354321
MGG_01439T0	2417	2418	3506	99.308
MGG_09700T0	2041	2042	833	27.9395
MGG_15280T0	1268	1269	831.04	44.8528
MGG_11819T0	348	349	10	1.96247
MGG_06620T0	989	990	212	14.6666
MGG_17980T0	234	235	9	2.62303
MGG_17613T0	1276	1277	0	0
MGG_17365T0	2449	2450	528	14.7603
MGG_12214T0	8311	8312	778.204	6.41234
MGG_17693T0	405	406	23	3.87999
MGG_07876T0	987	988	0	0
MGG_08064T0	1245	1246	677	37.2134
MGG_02654T0	2425	2426	279	7.87666
MGG_15934T0	342	343	0	0
MGG_03442T0	1631	1632	79	3.3154
MGG_17083T0	489	490	1	0.139776
MGG_03014T0	2388	2389	1657	47.5045
MGG_06167T0	2212	2213	4537	140.416
MGG_00680T0	1399	1400	265.55	12.9911
MGG_08706T0	1031	1032	1550	102.868
MGG_00118T0	4756	4757	2578	37.1175
MGG_16993T0	3852	3853	20.7291	0.368477
MGG_05081T0	636	637	28.1249	3.02399
MGG_04239T0	1089	1090	172	10.8076
MGG_16810T0	237	238	0	0
MGG_06246T0	1554	1555	598.047	26.3411
MGG_00466T0	3622	3623	4909	92.8011
MGG_06627T0	1732	1733	1473	58.2147
MGG_15111T0	1324	1325	203	10.4932
MGG_02618T0	856	857	179	14.3054
MGG_13562T0	2893	2894	491	11.6201
MGG_08912T0	2259	2260	1701	51.5495
MGG_15929T0	156	157	0	0
MGG_12766T0	3775	3776	3976.67	72.13
MGG_10194T0	1416	1417	229	11.0686
MGG_04082T0	2166	2167	995.077	31.4504
MGG_07193T0	1544	1545	1514	67.116
MGG_16003T0	435	436	0	0
MGG_17152T0	162	163	0	0
MGG_00332T0	4047	4048	979.365	16.5704
MGG_06109T0	2379	2380	916.506	26.3747
MGG_10352T0	813	814	1	0.0841403
MGG_16125T0	1766	1767	9500	368.227
MGG_02865T0	1314	1315	11	0.572922
MGG_09281T0	516	517	1032	136.716
MGG_00056T0	1318	1319	568.154	29.5019
MGG_09978T0	1946	1947	2536.59	89.2303
MGG_03692T0	1549	1550	794	35.0847
MGG_09072T0	2064	2065	4110.93	136.348
MGG_06573T0	818	819	781	65.3124
MGG_13916T0	1315	1316	81	4.21558
MGG_15625T0	306	307	0	0
MGG_14517T0	3516	3517	3271	63.6996
MGG_02890T0	2517	2518	1038	28.2339
MGG_00853T0	2060	2061	3636	120.83
MGG_17013T0	192	193	0	0
MGG_16230T0	1910	1911	6490	232.602
MGG_11684T0	1526	1527	4	0.179411
MGG_07264T0	2227	2228	2524	77.5895
MGG_05691T0	378	379	14	2.52998
MGG_04117T0	2655	2656	2834.71	73.0986
MGG_10074T0	357	358	0	0
MGG_08246T0	698	699	6.07094	0.59485
MGG_06467T0	1727	1728	1853.45	73.4626
MGG_08571T0	2700	2701	677	17.1669
MGG_09574T0	1242	1243	1244.94	68.597
MGG_14733T0	903	904	420	31.8207
MGG_03568T0	4136	4137	2862.84	47.3958
MGG_08495T0	2232	2233	80	2.45375
MGG_01549T0	3217	3218	669	14.2386
MGG_00341T0	2101	2102	4382	142.78
MGG_02109T0	276	277	417	103.106
MGG_05946T0	2995	2996	400	9.14422
MGG_11757T0	3000	3001	583.063	13.3069
MGG_01489T0	3682	3683	1643	30.5537
MGG_08326T0	2052	2053	3227.16	107.661
MGG_16166T0	180	181	17	6.43278
MGG_01357T0	2134	2135	33	1.05863
MGG_12809T0	3377	3378	2330	47.2416
MGG_04709T0	5249	5250	1955	25.5045
MGG_01976T0	3584	3585	1865	35.6302
MGG_13165T0	3673	3674	1673	31.1878
MGG_14897T0	12929	12930	368	1.9493
MGG_10199T0	4394	4395	5319	82.8895
MGG_06666T0	1810	1811	6318	238.941
MGG_16464T0	237	238	6	1.72664
MGG_15238T0	2559	2560	914.905	24.4774
MGG_00195T0	3218	3219	5366	114.172
MGG_06539T0	1019	1020	641	43.0414
MGG_15563T0	3203	3204	1250	26.7206
MGG_00325T0	1548	1549	404	17.8632
MGG_08550T0	1676	1677	704	28.752
MGG_17897T0	240	241	2	0.568384
MGG_14268T0	1351	1352	311.396	15.7748
MGG_06961T0	1621	1622	1153	48.6863
MGG_16818T0	946	947	5	0.361617
MGG_15759T0	1986	1987	2326	80.1753
MGG_14864T0	1107	1108	20	1.23629
MGG_02294T0	1620	1621	23	0.971792
MGG_04655T0	2172	2173	807.661	25.4565
MGG_04618T0	2204	2205	3813.46	118.451
MGG_14696T0	342	343	226	45.1277
MGG_03480T0	3059	3060	4452	99.6466
MGG_03326T0	405	406	403	67.9841
MGG_08693T0	3423	3424	6195	123.919
MGG_16532T0	1251	1252	15.4389	0.844579
MGG_13517T0	3819	3820	201	3.60381
MGG_04427T0	4331	4332	3123	49.3756
MGG_06934T0	4122	4123	6929	115.103
MGG_03272T0	612	613	107	11.9551
MGG_15702T0	1717	1718	57	2.27238
MGG_15762T0	339	340	44	8.86344
MGG_11374T0	2046	2047	98.3072	3.28924
MGG_05871T0	1896	1897	9297	335.664
MGG_17905T0	979	980	23	1.60742
MGG_16392T0	2105	2106	645	20.9764
MGG_15499T0	153	154	6	2.66845
MGG_05897T0	1097	1098	187.71	11.7089
MGG_06563T0	3293	3294	1893	39.3601
MGG_08120T0	1989	1990	363	12.4934
MGG_04884T0	1872	1873	1864	68.1611
MGG_06896T0	6168	6169	1531	16.9977
MGG_09738T0	1860	1861	218	8.02304
MGG_07225T0	990	991	1334	92.1957
MGG_01092T0	1458	1459	5964	279.97
MGG_17566T0	381	382	0	0
MGG_01606T0	2557	2558	6386.36	170.994
MGG_07198T0	3424	3425	825	16.4976
MGG_05645T0	1067	1068	2.02314	0.129743
MGG_10215T0	1673	1674	88	3.60044
MGG_16873T0	417	418	2	0.327704
MGG_03291T0	2769	2770	756	18.6926
MGG_01712T0	1601	1602	7816.8	334.191
MGG_09802T0	2669	2670	19	0.487384
MGG_05065T0	4960	4961	1689.5	23.3247
MGG_04216T0	1979	1980	465.922	16.1167
MGG_00663T0	1297	1298	70.9473	3.7436
MGG_05439T0	2080	2081	917.403	30.1937
MGG_07347T0	3031	3032	115	2.59775
MGG_00398T0	2671	2672	0	0
MGG_18111T0	258	259	15	3.96662
MGG_18108T0	525	526	7	0.911467
MGG_07126T0	2552	2553	945	25.3518
MGG_17230T0	327	328	0	0
MGG_18031T0	456	457	5	0.749346
MGG_05970T0	1049	1050	2296.51	149.799
MGG_03613T0	1519	1520	397	17.8886
MGG_03526T0	1317	1318	161.548	8.39488
MGG_07539T0	4151	4152	5442	89.7697
MGG_07788T0	1182	1183	68	3.93689
MGG_17528T0	3624	3625	740.473	13.9904
MGG_12426T0	351	352	46	8.95043
MGG_07549T0	2392	2393	47	1.34519
MGG_05582T0	801	802	20	1.70799
MGG_05263T0	1326	1327	914	47.1741
MGG_09710T0	1519	1520	247	11.1297
MGG_17713T0	2118	2119	578	18.6821
MGG_13429T0	2914	2915	271	6.36736
MGG_16640T0	398	399	1	0.171655
MGG_05084T0	1508	1509	60	2.72327
MGG_09575T0	1605	1606	238	10.1499
MGG_17621T0	303	304	0	0
MGG_13179T0	1437	1438	105	5.00103
MGG_16724T0	896	897	6	0.458129
MGG_13484T0	1274	1275	1859	99.8614
MGG_02384T0	2052	2053	1891	63.0857
MGG_10551T0	507	508	0	0
MGG_10568T0	1621	1622	5677	239.716
MGG_07447T0	3476	3477	7378	145.332
MGG_14605T0	360	361	13	2.46641
MGG_17151T0	162	163	8	3.36148
MGG_03083T0	1474	1475	15	0.696511
MGG_00075T0	1989	1990	1392	47.9087
MGG_07242T0	2607	2608	1158	30.4109
MGG_14700T0	162	163	166	69.7508
MGG_08182T0	2018	2019	1921	65.1658
MGG_15231T0	258	259	52	13.7509
MGG_02943T0	1011	1012	170	11.5053
MGG_16820T0	567	568	0	0
MGG_04466T0	4529	4530	422.433	6.38687
MGG_05100T0	534	535	0	0
MGG_04675T0	4885	4886	2706	37.9318
MGG_02329T0	2179	2180	7	0.219923
MGG_16908T0	969	970	2916.62	205.938
MGG_06494T0	2599	2600	4878	128.498
MGG_17400T0	5288	5289	55	0.712226
MGG_07504T0	806	807	3688	313.001
MGG_05223T0	1908	1909	2135.93	76.6318
MGG_06072T0	1746	1747	3086	120.985
MGG_11934T0	1723	1724	1414	56.1747
MGG_09110T0	2425	2426	1596	45.0579
MGG_15650T0	170	171	1	0.400528
MGG_04519T0	3032	3033	4298	97.0561
MGG_10598T0	3500	3501	48	0.939026
MGG_15043T0	3020	3021	74	1.67768
MGG_04434T0	1335	1336	698	35.7831
MGG_00495T0	1981	1982	25.0474	0.865541
MGG_01852T0	2682	2683	1146	29.2545
MGG_16224T0	274	275	38	9.4641
MGG_17200T0	645	646	306	32.4427
MGG_16361T0	3815	3816	7190	129.047
MGG_05174T0	1622	1623	733	30.9324
MGG_16386T0	444	445	0	0
MGG_08202T0	2681	2682	1293	33.0193
MGG_09148T0	1023	1024	7.6923	0.514499
MGG_15408T0	2227	2228	77	2.36703
MGG_00407T0	1916	1917	1856	66.3108
MGG_10953T0	1380	1381	0	0
MGG_03817T0	1771	1772	133	5.14063
MGG_02077T0	405	406	39	6.57911
MGG_01903T0	1208	1209	14	0.793104
MGG_17033T0	294	295	0	0
MGG_07153T0	1318	1319	628	32.6095
MGG_00585T0	354	355	0	0
MGG_15706T0	443	444	18.968	2.92595
MGG_16541T0	201	202	107	36.2795
MGG_16523T0	282	283	159	38.4804
MGG_07651T0	342	343	2	0.39936
MGG_11548T0	2700	2701	604	15.3158
MGG_10736T0	1420	1421	361.502	17.4239
MGG_02557T0	1076	1077	0	0
MGG_00969T0	1752	1753	3142	122.759
MGG_15205T0	1033	1034	25	1.65595
MGG_10832T0	948	949	4351.83	314.076
MGG_03337T0	2736	2737	229	5.73046
MGG_08077T0	2146	2147	361	11.5161
MGG_03167T0	1219	1220	22	1.23507
MGG_10533T0	1594	1595	601	25.8073
MGG_18102T0	162	163	0	0
MGG_02523T0	2133	2134	449	14.4106
MGG_12476T0	1419	1420	820	39.5507
MGG_10705T0	1995	1996	1203	41.2794
MGG_16159T0	1290	1291	0	0
MGG_13867T0	813	814	0	0
MGG_06786T0	1844	1845	2354.79	87.4149
MGG_17111T0	1457	1458	283.24	13.3053
MGG_15383T0	1947	1948	38.2504	1.34486
MGG_02489T0	1968	1969	4502.07	156.601
MGG_12865T0	2794	2795	7383	180.917
MGG_05636T0	1462	1463	496.941	23.2643
MGG_15435T0	1533	1534	1.5	0.0669722
MGG_11079T0	2469	2470	1402	38.8758
MGG_01067T0	1522	1523	657	29.5457
MGG_15606T0	1921	1922	1278	45.5414
MGG_00050T0	4599	4600	1274	18.9688
MGG_02373T0	993	994	241	16.6058
MGG_07266T0	1523	1524	1383.8	62.1894
MGG_02129T0	2661	2662	1487	38.2588
MGG_06333T0	701	702	9316	908.91
MGG_17073T0	1863	1864	207	7.60594
MGG_17451T0	198	199	1	0.344172
MGG_04683T0	1933	1934	244	8.64096
MGG_15581T0	201	202	0	0
MGG_09513T0	2095	2096	439	14.345
MGG_16449T0	282	283	7	1.6941
MGG_14692T0	1638	1639	1668	69.7021
MGG_15395T0	372	373	0	0
MGG_11613T0	1887	1888	31	1.12457
MGG_05324T0	1761	1762	1156.28	44.9455
MGG_17791T0	354	355	849	163.798
MGG_07644T0	1659	1660	540	22.28
MGG_11620T0	219	220	23	7.16034
MGG_01315T0	1812	1813	435.087	16.4364
MGG_16828T0	1391	1392	64	3.14898
MGG_07079T0	1762	1763	209.363	8.13348
MGG_16737T0	564	565	49	5.93986
MGG_03859T0	3255	3256	2389	50.2528
MGG_10783T0	1048	1049	0	0
MGG_08645T0	3918	3919	1550	27.0885
MGG_10750T0	2969	2970	5112	117.886
MGG_09284T0	1497	1498	264.841	12.1088
MGG_05964T0	1070	1071	787.513	50.3613
MGG_17669T0	3119	3120	2622	57.5581
MGG_16317T0	556	557	48	5.90221
MGG_14613T0	1996	1997	0	0
MGG_03293T0	1080	1081	1005	63.675
MGG_10207T0	1490	1491	6	0.275615
MGG_04353T0	483	484	23	3.2547
MGG_08212T0	2770	2771	2342	57.8867
MGG_00201T0	2850	2851	988	23.735
MGG_10180T0	3214	3215	1185	25.2445
MGG_06310T0	603	604	2615.62	296.596
MGG_07857T0	1125	1126	2	0.121652
MGG_05274T0	1598	1599	1302.13	55.7745
MGG_08845T0	3418	3419	1567	31.3905
MGG_16794T0	177	178	6	2.30866
MGG_04685T0	5534	5535	4362	53.9755
MGG_04574T0	1110	1111	309	19.049
MGG_13426T0	2325	2326	116	3.41568
MGG_07522T0	1888	1889	13	0.471346
MGG_15905T0	366	367	74	13.81
MGG_00650T0	1195	1196	953	54.5746
MGG_08976T0	1011	1012	689	46.6302
MGG_07765T0	3343	3344	2223	45.5304
MGG_16134T0	1274	1275	202	10.851
MGG_14663T0	1710	1711	181	7.24531
MGG_11498T0	2525	2526	222	6.01933
MGG_07706T0	2614	2615	1188	31.1153
MGG_10740T0	1169	1170	2027.65	118.696
MGG_04696T0	1036	1037	25595	1690.46
MGG_00913T0	2177	2178	1819	57.201
MGG_09630T0	1816	1817	55	2.07318
MGG_07227T0	1582	1583	56	2.4229
MGG_16535T0	886	887	8471.6	654.14
MGG_06599T0	3268	3269	3748.39	78.5342
MGG_07622T0	303	304	0	0
MGG_09356T0	369	370	0	0
MGG_06604T0	1419	1420	882	42.5411
MGG_16593T0	171	172	0	0
MGG_06228T0	1065	1066	0	0
MGG_09991T0	1876	1877	1950	71.1539
MGG_00901T0	1950	1951	3158	110.862
MGG_17194T0	547	548	130	16.2477
MGG_14630T0	294	295	6	1.39302
MGG_11902T0	3407	3408	2026.94	40.7352
MGG_03895T0	1181	1182	1946	112.76
MGG_16453T0	150	151	4	1.81431
MGG_17096T0	240	241	2	0.568384
MGG_12301T0	2260	2261	1977	59.8873
MGG_00117T0	2716	2717	1242	31.3084
MGG_15431T0	1374	1375	103	5.13054
MGG_04527T0	1916	1917	1457	52.0554
MGG_06872T0	3225	3226	1148.66	24.3869
MGG_17967T0	537	538	1	0.127305
MGG_03528T0	906	907	864	65.2432
MGG_16207T0	257	258	2	0.530932
MGG_04005T0	1152	1153	1404	83.4001
MGG_08191T0	692	693	44	4.34859
MGG_16769T0	275	276	2	0.496306
MGG_01961T0	1532	1533	20	0.893545
MGG_09243T0	1434	1435	437	20.8573
MGG_03096T0	1238	1239	143.223	7.91715
MGG_13944T0	738	739	587	54.4029
MGG_05467T0	2344	2345	6205	181.229
MGG_06328T0	3880	3881	3309	58.3958
MGG_03437T0	1924	1925	469	16.6867
MGG_13005T0	2375	2376	1624.95	46.8407
MGG_01579T0	1487	1488	9604	442.057
MGG_07007T0	1595	1596	2279.51	97.822
MGG_03065T0	983	984	2335	162.525
MGG_06928T0	2953	2954	1832.9	42.4968
MGG_15883T0	201	202	9	3.05154
MGG_12463T0	4768	4769	1335	19.1727
MGG_16431T0	429	430	2	0.318559
MGG_09960T0	3938	3939	1023	17.7876
MGG_10662T0	3317	3318	1634	33.7291
MGG_13176T0	5891	5892	2186.7	25.4188
MGG_17418T0	276	277	27	6.67594
MGG_14523T0	708	709	41	3.96065
MGG_14884T0	1557	1558	50	2.19802
MGG_01004T0	2312	2313	2328	68.9344
MGG_09154T0	1182	1183	117	6.77376
MGG_17020T0	1068	1069	0	0
MGG_07968T0	1801	1802	425	16.1534
MGG_15351T0	1117	1118	75	4.5946
MGG_03985T0	3885	3886	2186	38.528
MGG_08683T0	2109	2110	642	20.8392
MGG_10331T0	618	619	5	0.553233
MGG_00249T0	4311	4312	1140	18.1073
MGG_00309T0	2012	2013	1280	43.5507
MGG_10493T0	2976	2977	1603	36.8794
MGG_02792T0	2091	2092	4039	132.233
MGG_06971T0	3756	3757	5075	92.5174
MGG_06760T0	3539	3540	10481.3	202.787
MGG_08195T0	1938	1939	865	30.5539
MGG_04412T0	1573	1574	2215	96.3824
MGG_13032T0	1622	1623	1193	50.3443
MGG_01473T0	1957	1958	19780	691.898
MGG_07178T0	3379	3380	2300	46.6058
MGG_05811T0	3644	3645	8668	162.873
MGG_09870T0	1284	1285	35	1.86549
MGG_05051T0	1303	1304	153	8.03605
MGG_04689T0	1870	1871	12112	443.375
MGG_00971T0	1575	1576	2219.53	96.4571
MGG_01863T0	1986	1987	781	26.9204
MGG_09517T0	3059	3060	5106	114.285
MGG_17355T0	372	373	2	0.36724
MGG_15135T0	843	844	3	0.243449
MGG_15865T0	2194	2195	1873	58.4429
MGG_10897T0	1974	1975	2	0.0693572
MGG_03070T0	1981	1982	1287	44.4737
MGG_14978T0	774	775	1	0.0883745
MGG_08990T0	882	883	29	2.2494
MGG_05519T0	1664	1665	88	3.6199
MGG_13385T0	3328	3329	1304.59	26.8404
MGG_00475T0	3843	3844	1664.69	29.6605
MGG_09928T0	3607	3608	3548.48	67.3604
MGG_00956T0	1536	1537	718.297	32.008
MGG_12442T0	1691	1692	72	2.91448
MGG_14841T0	342	343	3	0.59904
MGG_16376T0	165	166	10	4.12592
MGG_08356T0	1455	1456	31	1.45824
MGG_06514T0	2708	2709	6170	155.993
MGG_17811T0	744	745	351	32.2686
MGG_01078T0	1442	1443	921	43.7141
MGG_06420T0	3223	3224	3288.06	69.8511
MGG_09952T0	822	823	12761	1061.97
MGG_17542T0	3201	3202	114	2.43844
MGG_08315T0	2249	2250	56	1.70465
MGG_05193T0	3794	3795	13786	248.803
MGG_05515T0	1295	1296	13	0.687016
MGG_03929T0	2143	2144	1200	38.3341
MGG_04272T0	652	653	7	0.734199
MGG_02420T0	1524	1525	102	4.58099
MGG_04563T0	1241	1242	26	1.43377
MGG_05321T0	1241	1242	1743	96.1179
MGG_04429T0	4163	4164	857	14.0961
MGG_00179T0	4171	4172	10380	170.405
MGG_01083T0	2371	2372	645	18.624
MGG_14745T0	1174	1175	25	1.45724
MGG_16217T0	295	296	12	2.77663
MGG_07753T0	994	995	14840	1021.5
MGG_15812T0	174	175	2	0.782746
MGG_14989T0	1144	1145	3	0.17945
MGG_14878T0	930	931	267	19.6422
MGG_01407T0	1944	1945	1514	53.3132
MGG_02059T0	10815	10816	256	1.62107
MGG_14113T0	685	686	10124	1010.78
MGG_03020T0	1413	1414	15	0.726558
MGG_01748T0	3898	3899	1001.73	17.5966
MGG_16761T0	844	845	896	72.624
MGG_03148T0	3141	3142	1474	32.1307
MGG_11284T0	198	199	15	5.16258
MGG_06101T0	3677	3678	1983	36.9266
MGG_12552T0	276	277	0	0
MGG_05135T0	3028	3029	1115	25.2118
MGG_00278T0	285	286	9	2.15529
MGG_02918T0	428	429	50	7.98254
MGG_11240T0	2431	2432	1179	33.2031
MGG_16770T0	3124	3125	192.774	4.22501
MGG_10791T0	1155	1156	459	27.1947
MGG_16473T0	858	859	3	0.239198
MGG_02012T0	720	721	0	0
MGG_09138T0	1149	1150	6829	406.713
MGG_02460T0	1817	1818	1402	52.8181
MGG_10710T0	2198	2199	1798	56.0007
MGG_02630T0	3730	3731	2697	49.509
MGG_16169T0	168	169	0	0
MGG_07291T0	6347	6348	2766.58	29.8494
MGG_10471T0	1148	1149	14	0.83452
MGG_14746T0	4982	4983	4877	67.0333
MGG_14959T0	831	832	21	1.72872
MGG_05326T0	2115	2116	2529	81.8581
MGG_04163T0	5326	5327	1480.93	19.0405
MGG_06242T0	2305	2306	1127	33.4729
MGG_03578T0	886	887	20715	1599.52
MGG_16463T0	1016	1017	84	5.65701
MGG_18037T0	666	667	0	0
MGG_05013T0	1110	1111	899	55.421
MGG_04106T0	1632	1633	920	38.586
MGG_01081T0	1508	1509	3241.17	147.11
MGG_09273T0	3951	3952	1873	32.4601
MGG_02933T0	2113	2114	366	11.8578
MGG_05410T0	417	418	0	0
MGG_09433T0	1938	1939	372	13.14
MGG_01831T0	1759	1760	163	6.34313
MGG_17543T0	363	364	3	0.56448
MGG_02666T0	764	765	6	0.537178
MGG_11894T0	696	697	196	19.2598
MGG_18029T0	330	331	0	0
MGG_01972T0	1414	1415	988.519	47.8473
MGG_15626T0	204	205	2	0.668197
MGG_12655T0	276	277	19	4.69789
MGG_04030T0	2815	2816	5961	144.982
MGG_18079T0	518	519	7	0.92376
MGG_15546T0	234	235	0	0
MGG_11545T0	1710	1711	84	3.36247
MGG_02562T0	1412	1413	45	2.18122
MGG_12973T0	2273	2274	5292	159.389
MGG_08424T0	696	697	7.18354	0.705886
MGG_10222T0	255	256	0	0
MGG_12020T0	1602	1603	6	0.256358
MGG_07263T0	1794	1795	200	7.63122
MGG_07668T0	834	835	0	0
MGG_15319T0	255	256	34	9.09636
MGG_11229T0	2190	2191	1520	47.5149
MGG_14157T0	1918	1919	618	22.0568
MGG_17279T0	255	256	19	5.08326
MGG_01293T0	932	933	305	22.3896
MGG_15972T0	342	343	0	0
MGG_03897T0	2818	2819	377.253	9.1657
MGG_13977T0	2892	2893	28	0.662885
MGG_05404T0	1299	1300	3	0.158054
MGG_10914T0	309	310	0	0
MGG_12923T0	4096	4097	7094	118.592
MGG_02376T0	3982	3983	7273	125.064
MGG_16266T0	1127	1128	241	14.6331
MGG_15656T0	649	650	86	9.06178
MGG_03369T0	1108	1109	499.681	30.8595
MGG_17692T0	761	762	1	0.0898822
MGG_11308T0	1706	1707	554	22.2282
MGG_04778T0	1467	1468	105	4.89882
MGG_15845T0	322	323	18	3.81679
MGG_02448T0	1239	1240	670	37.0068
MGG_10615T0	993	994	0	0
MGG_05126T0	1376	1377	39	1.93981
MGG_07837T0	1833	1834	0	0
MGG_04524T0	2787	2788	313.185	7.69373
MGG_03821T0	1656	1657	5.00103	0.206712
MGG_03499T0	729	730	470	44.0965
MGG_06414T0	2034	2035	1119	37.6612
MGG_05071T0	2881	2882	769.676	18.2912
MGG_01638T0	4081	4082	2622	43.9935
MGG_17877T0	5118	5119	5054.99	67.6338
MGG_08436T0	3271	3272	167	3.49568
MGG_00366T0	1398	1399	552	27.024
MGG_15075T0	1243	1244	725	39.9159
MGG_04023T0	1091	1092	1512	94.8326
MGG_06049T0	1268	1269	981	52.9463
MGG_16420T0	393	394	57	9.90849
MGG_16004T0	420	421	0	0
MGG_00890T0	3104	3105	1165	25.6976
MGG_01277T0	1462	1463	755	35.3453
MGG_15928T0	1362	1363	3732	187.532
MGG_05907T0	498	499	3686	505.922
MGG_16229T0	162	163	1431	601.285
MGG_07494T0	2631	2632	802	20.8697
MGG_01707T0	1235	1236	964.075	53.4221
MGG_08095T0	2413	2414	769.183	21.8233
MGG_01049T0	1889	1890	1937	70.1934
MGG_10542T0	429	430	23	3.66343
MGG_17135T0	1358	1359	582	29.3314
MGG_02073T0	483	484	0	0
MGG_06726T0	2103	2104	5564	181.122
MGG_09795T0	636	637	17	1.82784
MGG_17850T0	270	271	43	10.8675
MGG_15907T0	552	553	5	0.619261
MGG_06205T0	3879	3880	1390	24.5364
MGG_09250T0	1932	1933	913	32.3495
MGG_16803T0	177	178	4	1.53911
MGG_15790T0	1491	1492	18.5863	0.853202
MGG_17351T0	165	166	3	1.23778
MGG_06359T0	953	954	516	37.045
MGG_08896T0	1569	1570	5067	221.045
MGG_10777T0	318	319	3	0.644109
MGG_05623T0	1704	1705	810.122	32.5428
MGG_07587T0	996	997	10	0.686963
MGG_15144T0	606	607	88	9.92939
MGG_12222T0	1652	1653	115	4.7649
MGG_13772T0	2157	2158	456.625	14.4923
MGG_02483T0	1997	1998	619.698	21.2429
MGG_12919T0	1460	1461	430	20.158
MGG_17098T0	4070	4071	390	6.56133
MGG_05146T0	1296	1297	796	42.0341
MGG_07166T0	1099	1100	300.163	18.6893
MGG_15757T0	1267	1268	45.7023	2.46858
MGG_14290T0	264	265	18	4.65217
MGG_03255T0	4166	4167	3378	55.522
MGG_16536T0	210	211	1	0.324598
MGG_09079T0	1124	1125	5579	339.651
MGG_07614T0	2806	2807	2199	53.6552
MGG_06143T0	5045	5046	4532	61.5136
MGG_00832T0	3522	3523	2646	51.4406
MGG_03135T0	844	845	16978	1376.13
MGG_12037T0	2770	2771	158	3.90525
MGG_03663T0	1004	1005	5280	359.829
MGG_18100T0	369	370	1.09015	0.201797
MGG_11450T0	1332	1333	1094	56.2103
MGG_04546T0	312	313	3	0.656456
MGG_11676T0	2166	2167	430	13.5906
MGG_07831T0	1029	1030	97	6.45005
MGG_06047T0	2257	2258	3521	106.8
MGG_05933T0	4015	4016	3232	55.1196
MGG_04059T0	2009	2010	1157.92	39.4558
MGG_17872T0	1701	1702	23	0.925544
MGG_17591T0	174	175	0	0
MGG_16632T0	822	823	2	0.16644
MGG_16036T0	334	335	14	2.86228
MGG_06764T0	2350	2351	2323.26	67.6822
MGG_14134T0	2011	2012	10	0.340409
MGG_04841T0	1539	1540	100	4.44742
MGG_07925T0	2446	2447	1700	47.5821
MGG_02732T0	2525	2526	1096.98	29.7437
MGG_08328T0	1654	1655	197	8.15261
MGG_15430T0	1296	1297	0	0
MGG_05663T0	2452	2453	10888	304.004
MGG_17425T0	362	363	315	59.4337
MGG_06344T0	1416	1417	33	1.59504
MGG_01992T0	453	454	0	0
MGG_05855T0	2366	2367	410	11.8635
MGG_16847T0	1726	1727	33.9659	1.34704
MGG_04749T0	1221	1222	3816	213.878
MGG_05489T0	2373	2374	0	0
MGG_17068T0	303	304	14	3.15416
MGG_13527T0	2954	2955	636	14.741
MGG_01548T0	3642	3643	2684.85	50.4765
MGG_06369T0	2155	2156	1201	38.1525
MGG_10316T0	1689	1690	27	1.09422
MGG_03727T0	1048	1049	14257	930.853
MGG_06180T0	1873	1874	1574.99	57.5621
MGG_01396T0	3334	3335	74	1.51972
MGG_05905T0	2762	2763	1085	26.8954
MGG_07355T0	1032	1033	64.271	4.26131
MGG_16615T0	673	674	209.668	21.3059
MGG_04421T0	6669	6670	1112	11.4185
MGG_16109T0	267	268	0	0
MGG_07161T0	2532	2533	2887	78.0621
MGG_16607T0	852	853	3717	298.45
MGG_05712T0	2580	2581	797	21.1494
MGG_04437T0	2988	2989	730	16.7273
MGG_03631T0	2109	2110	1606	52.1305
MGG_03282T0	1806	1807	344.565	13.0599
MGG_09542T0	924	925	1183	87.5935
MGG_09958T0	753	754	4	0.363343
MGG_07492T0	879	880	6867	534.457
MGG_05090T0	2766	2767	151	3.73763
MGG_01390T0	2045	2046	663	22.194
MGG_06331T0	2292	2293	4237	126.556
MGG_13226T0	1283	1284	826	44.0599
MGG_13716T0	237	238	5	1.43887
MGG_05538T0	489	490	432	60.3832
MGG_14217T0	1671	1672	19	0.778298
MGG_15314T0	332	333	1	0.205676
MGG_01648T0	1983	1984	661.673	22.8418
MGG_08861T0	1339	1340	689	35.2162
MGG_06611T0	726	727	3	0.282628
MGG_01814T0	2294	2295	1103	32.9171
MGG_05187T0	336	337	359	72.9614
MGG_09089T0	909	910	34	2.55898
MGG_11378T0	690	691	128	12.687
MGG_14610T0	1260	1261	0	0
MGG_16121T0	349	350	9	1.76118
MGG_14670T0	497	498	15	2.06296
MGG_09247T0	3077	3078	457	10.169
MGG_09930T0	4102	4103	731	12.2024
MGG_10681T0	3125	3126	1168	25.5907
MGG_15910T0	411	412	0	0
MGG_05080T0	1437	1438	964	45.9142
MGG_01805T0	3029	3030	1491.33	33.7101
MGG_03993T0	6906	6907	2734	27.1105
MGG_09750T0	1525	1526	2287	102.646
MGG_10581T0	2061	2062	3054	101.44
MGG_13009T0	678	679	2160	217.878
MGG_01874T0	1861	1862	241	8.86474
MGG_05293T0	2030	2031	19	0.640726
MGG_15555T0	258	259	2	0.528882
MGG_15182T0	1590	1591	0	0
MGG_09082T0	5179	5180	3204	42.3635
MGG_04885T0	2237	2238	2329	71.2751
MGG_07633T0	837	838	1501.71	122.736
MGG_07758T0	201	202	7	2.37342
MGG_07762T0	474	475	631	90.9839
MGG_02206T0	816	817	0	0
MGG_00993T0	2154	2155	1347	42.8104
MGG_06259T0	3077	3078	2509	55.8291
MGG_03392T0	1527	1528	320	14.3435
MGG_15919T0	873	874	6.0708	0.475733
MGG_18051T0	258	259	5	1.32221
MGG_15658T0	210	211	16	5.19357
MGG_00277T0	1353	1354	661	33.4358
MGG_15997T0	1429	1430	0	0
MGG_11697T0	1771	1772	4	0.154605
MGG_08107T0	1463	1464	727	34.0112
MGG_17733T0	1455	1456	548.411	25.7972
MGG_12722T0	2184	2185	94	2.94649
MGG_02164T0	579	580	0	0
MGG_01484T0	1251	1252	1737	95.022
MGG_07779T0	2171	2172	1091	34.4028
MGG_17015T0	207	208	0	0
MGG_02606T0	1292	1293	8638	457.555
MGG_17295T0	165	166	0.5	0.206296
MGG_15639T0	276	277	13	3.21434
MGG_15776T0	401	402	0	0
MGG_10337T0	1431	1432	67	3.2045
MGG_10812T0	1845	1846	0	0
MGG_16735T0	453	454	7	1.05602
MGG_10253T0	816	817	1760	147.543
MGG_03009T0	1158	1159	256	15.1281
MGG_06935T0	1624	1625	2243	94.5376
MGG_07474T0	1086	1087	794	50.0287
MGG_08643T0	5382	5383	1817	23.1185
MGG_04587T0	3957	3958	1243	21.5092
MGG_02442T0	4306	4307	3073.97	48.8825
MGG_05428T0	1818	1819	551	20.7466
MGG_17744T0	468	469	57	8.32397
MGG_01595T0	2309	2310	3835.55	113.722
MGG_17551T0	486	487	0	0
MGG_16248T0	1164	1165	13860	814.827
MGG_04881T0	1767	1768	1095	42.419
MGG_03581T0	2630	2631	1202.95	31.3153
MGG_17930T0	848	849	15	1.21007
MGG_15033T0	588	589	0	0
MGG_10360T0	1200	1201	153	8.72523
MGG_01849T0	4355	4356	1400	22.0125
MGG_14599T0	378	379	0	0
MGG_03212T0	1243	1244	4937	271.814
MGG_07525T0	2352	2353	1999	58.1861
MGG_01556T0	902	903	3155.23	239.316
MGG_15732T0	2551	2552	1772	47.5567
MGG_16482T0	695	696	191.547	18.8492
MGG_17672T0	318	319	10	2.14703
MGG_06988T0	810	811	13	1.09787
MGG_14752T0	3655	3656	1812	33.9454
MGG_14011T0	3491	3492	1160	22.7516
MGG_06289T0	1191	1192	2315	133.016
MGG_15801T0	381	382	0	0
MGG_05239T0	4335	4336	1055.76	16.6765
MGG_03645T0	2266	2267	1690	51.058
MGG_07206T0	2048	2049	37	1.23677
MGG_03242T0	5025	5026	3976	54.1817
MGG_02566T0	1854	1855	472	17.4272
MGG_06584T0	1128	1129	237	14.3775
MGG_06640T0	3999	4000	1142.3	19.5592
MGG_09961T0	3551	3552	1305	25.1632
MGG_16648T0	1428	1429	501	24.0123
MGG_13619T0	1453	1454	97	4.56916
MGG_10504T0	3120	3121	5806	127.412
MGG_06014T0	1623	1624	574	24.2078
MGG_17213T0	561	562	0	0
MGG_16638T0	417	418	69	11.3058
MGG_06600T0	2178	2179	1465.61	46.0669
MGG_06405T0	1555	1556	1451	63.8685
MGG_03901T0	2212	2213	797.981	24.6967
MGG_06092T0	1959	1960	2366	82.6775
MGG_04394T0	1152	1153	68	4.03932
MGG_00259T0	444	445	639	98.3489
MGG_17516T0	402	403	9	1.52956
MGG_11030T0	633	634	36	3.88904
MGG_07097T0	2287	2288	1532.12	45.8635
MGG_07964T0	969	970	986	69.62
MGG_02823T0	8768	8769	3069.42	23.9737
MGG_16491T0	537	538	0	0
MGG_03285T0	2631	2632	1228.88	31.978
MGG_16091T0	276	277	0	0
MGG_08116T0	708	709	560.016	54.0982
MGG_01872T0	1388	1389	731	36.0449
MGG_10751T0	2316	2317	79	2.33523
MGG_17054T0	3685	3686	6023	111.914
MGG_17715T0	339	340	3	0.604326
MGG_07891T0	1750	1751	13	0.508494
MGG_09721T0	2469	2470	69	1.91329
MGG_17053T0	1346	1347	2046	104.032
MGG_06628T0	3132	3133	1346	29.4248
MGG_10694T0	2822	2823	894	21.6898
MGG_11893T0	1596	1597	89	3.81693
MGG_01335T0	1119	1120	921	56.321
MGG_06403T0	2482	2483	1289	35.5553
MGG_04031T0	3018	3019	501	11.3659
MGG_06169T0	1675	1676	3015.23	123.218
MGG_02222T0	813	814	26	2.18765
MGG_05554T0	1401	1402	3	0.146555
MGG_05739T0	3444	3445	1348.27	26.8051
MGG_10498T0	1428	1429	65	3.11537
MGG_16417T0	2087	2088	2856.84	93.7095
MGG_01069T0	1055	1056	926.511	60.0918
MGG_00538T0	2161	2162	2118	67.0964
MGG_00331T0	1360	1361	3412	171.704
MGG_02601T0	1772	1773	32	1.23615
MGG_01567T0	726	727	178	16.7693
MGG_01334T0	405	406	3831	646.271
MGG_00352T0	2173	2174	914	28.7949
MGG_07192T0	3288	3289	2789	58.0782
MGG_17077T0	342	343	2	0.39936
MGG_16796T0	345	346	513	101.548
MGG_03670T0	2163	2164	58066	1837.78
MGG_06886T0	2796	2797	54	1.3223
MGG_12138T0	2047	2048	1941.08	64.9146
MGG_03324T0	1122	1123	1185	72.2715
MGG_00304T0	2430	2431	762	21.4683
MGG_06301T0	2917	2918	2931	68.7954
MGG_15436T0	1629	1630	43	1.8068
MGG_13324T0	4790	4791	948	13.5522
MGG_00145T0	3297	3298	1575.9	32.7271
MGG_10105T0	999	1000	0	0
MGG_03248T0	3659	3660	1133	21.202
MGG_02737T0	2316	2317	1450	42.8618
MGG_01349T0	1672	1673	691	28.2886
MGG_17500T0	306	307	0	0
MGG_16404T0	525	526	1	0.13021
MGG_05682T0	1820	1821	2501.54	94.0861
MGG_17747T0	1814	1815	0	0
MGG_06209T0	1237	1238	4070.93	225.217
MGG_09176T0	642	643	3	0.31955
MGG_16842T0	609	610	0	0
MGG_11919T0	2794	2795	2072	50.7734
MGG_11681T0	573	574	20	2.38642
MGG_02940T0	2313	2314	1497	44.3085
MGG_06487T0	1594	1595	965	41.4377
MGG_06647T0	1236	1237	8	0.442944
MGG_01426T0	2832	2833	970	23.4506
MGG_07661T0	4663	4664	749.47	11.0059
MGG_04159T0	2735	2736	2684.3	67.196
MGG_12818T0	1090	1091	3164	198.628
MGG_01289T0	1961	1962	352	12.2877
MGG_15438T0	1449	1450	30	1.41704
MGG_05331T0	2201	2202	701.044	21.805
MGG_17906T0	183	184	5	1.86115
MGG_15077T0	588	589	185	21.5122
MGG_09545T0	2471	2472	458	12.6895
MGG_10526T0	5451	5452	1519	19.0823
MGG_03720T0	1559	1560	1000	43.904
MGG_10468T0	1494	1495	89	4.07734
MGG_17799T0	336	337	0	0
MGG_14215T0	2640	2641	0	0
MGG_17011T0	267	268	9	2.30005
MGG_14691T0	1256	1257	31	1.6891
MGG_03836T0	2032	2033	2195	73.9479
MGG_09805T0	1509	1510	3	0.136073
MGG_06316T0	1730	1731	7160	283.299
MGG_08746T0	3340	3341	1335	27.3674
MGG_15519T0	273	274	0	0
MGG_15834T0	1070	1071	1	0.0639498
MGG_05779T0	198	199	0	0
MGG_09988T0	1683	1684	1033	42.0133
MGG_01538T0	5037	5038	2070	28.1411
MGG_17698T0	4789	4790	1353	19.346
MGG_14768T0	4204	4205	649	10.5708
MGG_01171T0	3307	3308	651	13.4786
MGG_13132T0	471	472	25	3.62766
MGG_03245T0	1835	1836	4859	181.26
MGG_08862T0	1251	1252	607.563	33.2365
MGG_16447T0	340	341	0	0
MGG_02891T0	2021	2022	1508	51.0798
MGG_05120T0	1452	1453	62	2.9225
MGG_05637T0	2804	2805	5376	131.267
MGG_17256T0	411	412	0	0
MGG_08572T0	1545	1546	836	37.0361
MGG_02604T0	1583	1584	387.173	16.7409
MGG_03367T0	4188	4189	2072.85	33.8911
MGG_16448T0	204	205	1.00763	0.336649
MGG_14834T0	516	517	0	0
MGG_05009T0	3994	3995	534	9.15489
MGG_04979T0	2057	2058	1229	40.9011
MGG_12791T0	3001	3002	3898	88.9324
MGG_09177T0	1979	1980	20	0.691821
MGG_09440T0	1518	1519	8	0.360712
MGG_06999T0	1779	1780	661.708	25.461
MGG_11156T0	519	520	162	21.3373
MGG_13875T0	1431	1432	231.73	11.0833
MGG_09491T0	1018	1019	28	1.88197
MGG_02379T0	726	727	26	2.44944
MGG_17347T0	879	880	58	4.51413
MGG_05256T0	2940	2941	1497	34.8623
MGG_17471T0	4295	4296	2308	36.796
MGG_00946T0	1960	1961	1571	54.869
MGG_15951T0	1871	1872	1553.76	56.8468
MGG_06753T0	1045	1046	20	1.30956
MGG_03833T0	1210	1211	84	4.75077
MGG_02842T0	2356	2357	3510.55	102.01
MGG_17149T0	703	704	0	0
MGG_01044T0	2471	2472	920	25.4899
MGG_09100T0	645	646	330	34.9873
MGG_06185T0	527	528	14727.7	1910.42
MGG_01781T0	4410	4411	6093	94.6069
MGG_15018T0	3121	3122	985	21.6089
MGG_08360T0	699	700	108	10.5671
MGG_09681T0	1008	1009	1166	79.1473
MGG_03530T0	3376	3377	3584	72.6885
MGG_07558T0	878	879	0	0
MGG_17233T0	255	256	0	0
MGG_09488T0	1934	1935	1013	35.8556
MGG_01594T0	2315	2316	1496.45	44.254
MGG_09478T0	561	562	162	19.7427
MGG_04726T0	3821	3822	7177	128.612
MGG_03165T0	2390	2391	8059	230.85
MGG_16766T0	722	723	22	2.08407
MGG_05748T0	1232	1233	634	35.2172
MGG_07836T0	456	457	0	0
MGG_07914T0	943	944	4920	356.962
MGG_09098T0	3153	3154	4	0.0868614
MGG_16098T0	396	397	0	0
MGG_04024T0	4253	4254	859	13.8301
MGG_04511T0	1503	1504	7351	334.755
MGG_07971T0	4396	4397	2365.94	36.8533
MGG_11487T0	1198	1199	60	3.42737
MGG_00791T0	1077	1078	85	5.40044
MGG_12304T0	2598	2599	627.751	16.5428
MGG_17771T0	1359	1360	632	31.8278
MGG_03729T0	2395	2396	423	12.0916
MGG_09438T0	372	373	18	3.30516
MGG_11658T0	1377	1378	903	44.8815
MGG_02955T0	1179	1180	1266	73.4819
MGG_02740T0	1699	1700	405	16.3168
MGG_04019T0	4625	4626	765.465	11.3331
MGG_09469T0	1585	1586	72	3.10927
MGG_16878T0	402	403	361	61.3523
MGG_00428T0	9097	9098	430.221	3.23873
MGG_02017T0	1125	1126	0	0
MGG_16781T0	258	259	0	0
MGG_00152T0	4431	4432	1280	19.7806
MGG_17958T0	1196	1197	670	38.3362
MGG_17557T0	1609	1610	453	19.2709
MGG_07017T0	507	508	33	4.44917
MGG_14853T0	1118	1119	1195.43	73.1684
MGG_16647T0	385	386	19	3.37128
MGG_08477T0	900	901	0	0
MGG_17992T0	324	325	4	0.842957
MGG_11431T0	1077	1078	1021	64.8688
MGG_15615T0	420	421	0	0
MGG_07311T0	1404	1405	170	8.28707
MGG_04398T0	1646	1647	409.235	17.018
MGG_04517T0	3415	3416	1470.72	29.4877
MGG_15184T0	1602	1603	67	2.86266
MGG_08938T0	1565	1566	530	23.18
MGG_14248T0	444	445	8	1.23129
MGG_04186T0	5122	5123	2893.17	38.6792
MGG_03478T0	763	764	2249	201.616
MGG_01427T0	2501	2502	459.456	12.5772
MGG_14873T0	3093	3094	231	5.11352
MGG_02936T0	564	565	50	6.06108
MGG_02072T0	3396	3397	10669	215.108
MGG_15867T0	3955	3956	1648	28.5318
MGG_14587T0	2972	2973	655	15.0895
MGG_06484T0	1701	1702	8305	334.202
MGG_16415T0	297	298	15	3.44749
MGG_12478T0	2034	2035	18	0.60581
MGG_02904T0	3606	3607	459.253	8.72036
MGG_00776T0	1803	1804	2327	88.3463
MGG_07221T0	1213	1214	408	23.0181
MGG_11916T0	1931	1932	30527	1082.2
MGG_04532T0	1485	1486	1.55194	0.0715293
MGG_18062T0	411	412	0	0
MGG_02217T0	1407	1408	0	0
MGG_17527T0	225	226	0	0
MGG_16550T0	660	661	542.789	56.2417
MGG_15798T0	297	298	50	11.4916
MGG_06791T0	1815	1816	12	0.452579
MGG_10202T0	1954	1955	515	18.0422
MGG_03365T0	504	505	20	2.71248
MGG_06243T0	4067	4068	3287	55.3411
MGG_04828T0	2812	2813	2168.55	52.7992
MGG_16865T0	258	259	34	8.991
MGG_00872T0	894	895	2300.37	176.037
MGG_00047T0	491	492	78	10.8582
MGG_11278T0	2546	2547	3824	102.829
MGG_07669T0	351	352	1	0.194575
MGG_01702T0	3480	3481	4250.3	83.6265
MGG_08820T0	4280	4281	1796	28.7336
MGG_05225T0	3197	3198	373	7.98839
MGG_07550T0	1488	1489	1001	46.0435
MGG_08804T0	2298	2299	505	15.0446
MGG_04980T0	788	789	947.523	82.251
MGG_05396T0	468	469	0	0
MGG_16894T0	1830	1831	55.1282	2.06212
MGG_17204T0	383	384	28	4.99408
MGG_10024T0	1294	1295	54	2.85596
MGG_16561T0	879	880	0	0
MGG_02332T0	810	811	0	0
MGG_01393T0	3317	3318	350	7.22471
MGG_09519T0	1824	1825	1356	50.8892
MGG_17377T0	388	389	3	0.528202
MGG_06695T0	2113	2114	3252	105.36
MGG_16215T0	192	193	2	0.709743
MGG_03241T0	2776	2777	3196	78.8242
MGG_09224T0	2013	2014	52	1.76837
MGG_16664T0	369	370	3	0.555326
MGG_06175T0	3107	3108	5258	115.869
MGG_03548T0	5789	5790	945	11.1785
MGG_01529T0	402	403	696	118.286
MGG_14949T0	645	646	194	20.5683
MGG_06609T0	1581	1582	4889	211.662
MGG_16147T0	1140	1141	259	15.5469
MGG_13203T0	2795	2796	756.301	18.5262
MGG_09350T0	2102	2103	1365	44.4551
MGG_17504T0	1296	1297	1007	53.1763
MGG_17470T0	740	741	32	2.95774
MGG_02269T0	1625	1626	667	28.0953
MGG_18072T0	285	286	0	0
MGG_10723T0	207	208	1212	399.087
MGG_08753T0	1249	1250	108	5.91756
MGG_12336T0	5524	5525	2841	35.2182
MGG_11410T0	2739	2740	1733	43.3188
MGG_03880T0	1741	1742	1153.04	45.3339
MGG_12764T0	893	894	1461	111.929
MGG_07214T0	1380	1381	2879	142.783
MGG_06519T0	2776	2777	751	18.5222
MGG_15623T0	252	253	3	0.812137
MGG_01397T0	1563	1564	171	7.48838
MGG_05010T0	1745	1746	573	22.477
MGG_04304T0	1151	1152	9	0.53508
MGG_05963T0	1488	1489	479.487	22.0552
MGG_17522T0	234	235	368	107.253
MGG_04150T0	3204	3205	3322	70.9905
MGG_07296T0	2970	2971	745.752	17.1918
MGG_15823T0	426	427	0	0
MGG_05655T0	1074	1075	6	0.382271
MGG_13766T0	963	964	157	11.1545
MGG_01374T0	835	836	7	0.573483
MGG_03926T0	3049	3050	4583	102.915
MGG_00411T0	3000	3001	263	6.00231
MGG_06096T0	2683	2684	2094.52	53.4478
MGG_08614T0	1825	1826	277	10.3898
MGG_08279T0	2585	2586	501	13.269
MGG_02532T0	1275	1276	90	4.83082
MGG_14758T0	570	571	541	64.8918
MGG_12081T0	285	286	322	77.1114
MGG_13326T0	2781	2782	3906	96.1621
MGG_03161T0	3281	3282	496.377	10.3586
MGG_00311T0	1290	1291	220.168	11.6804
MGG_07523T0	4947	4948	2241	31.0199
MGG_06241T0	1452	1453	3180	149.896
MGG_08582T0	3749	3750	5509	100.617
MGG_01751T0	4219	4220	2250	36.5173
MGG_12527T0	1878	1879	267.434	9.74806
MGG_04456T0	3775	3776	441	7.99899
MGG_10735T0	2301	2302	598	17.792
MGG_05675T0	3977	3978	3452	59.434
MGG_06001T0	2336	2337	1803	52.8403
MGG_07386T0	2957	2958	6737	155.99
MGG_14677T0	1785	1786	1054	40.4192
MGG_10185T0	921	922	10200.8	757.76
MGG_17884T0	1065	1066	101	6.48922
MGG_11206T0	560	561	823	100.477
MGG_07215T0	3273	3274	4344	90.874
MGG_15858T0	168	169	0	0
MGG_04613T0	1239	1240	312.46	17.2584
MGG_11279T0	2543	2544	2463	66.3095
MGG_15310T0	927	928	1	0.0738041
MGG_17526T0	174	175	0	0
MGG_00811T0	2127	2128	571.858	18.4054
MGG_07642T0	1299	1300	0	0
MGG_04050T0	1754	1755	1087.81	42.4527
MGG_03637T0	5516	5517	1201.23	14.9126
MGG_10505T0	955	956	1	0.0716425
MGG_00096T0	1773	1774	628.562	24.2674
MGG_09512T0	1555	1556	20139.3	886.467
MGG_03184T0	1860	1861	476	17.5182
MGG_07791T0	666	667	5007	514.139
MGG_08199T0	4526	4527	5588	84.5424
MGG_13797T0	327	328	70	14.6168
MGG_09147T0	1047	1048	0	0
MGG_09533T0	1746	1747	2850.42	111.749
MGG_03349T0	1849	1850	597	22.102
MGG_07910T0	2085	2086	1436	47.1486
MGG_00793T0	345	346	2	0.395897
MGG_02374T0	2223	2224	270	8.31491
MGG_06120T0	8711	8712	1038.93	8.16762
MGG_00860T0	815	816	2023	169.799
MGG_11193T0	1690	1691	1214	49.1704
MGG_16070T0	1035	1036	39	2.5783
MGG_13927T0	1650	1651	1	0.0414841
MGG_16717T0	398	399	10	1.71655
MGG_09329T0	996	997	318	21.8454
MGG_08069T0	1390	1391	957.764	47.1585
MGG_17807T0	552	553	19	2.35319
MGG_05031T0	2545	2546	250	6.72528
MGG_09103T0	2031	2032	269	9.06687
MGG_13604T0	454	455	73	10.9885
MGG_05297T0	753	754	378	34.336
MGG_07938T0	975	976	223	15.6489
MGG_04045T0	3081	3082	2683	59.6234
MGG_00535T0	3644	3645	532	9.99638
MGG_04821T0	2412	2413	4379	124.293
MGG_06621T0	705	706	0	0
MGG_16364T0	537	538	597	76.0012
MGG_13186T0	2602	2603	2312	60.8334
MGG_02556T0	420	421	0	0
MGG_04496T0	985	986	356	24.7287
MGG_03110T0	1600	1601	693	29.6463
MGG_04308T0	162	163	0	0
MGG_15208T0	249	250	0	0
MGG_01014T0	3982	3983	4209	72.3764
MGG_15288T0	2424	2425	2229	62.9545
MGG_07444T0	2465	2466	295.442	8.20554
MGG_00053T0	2438	2439	970	27.2388
MGG_06373T0	1947	1948	531	18.6696
MGG_00809T0	3847	3848	469.509	8.35675
MGG_00241T0	6459	6460	1.00003	0.0106025
MGG_03385T0	1107	1108	15	0.927214
MGG_04759T0	2847	2848	734	17.6516
MGG_02658T0	2289	2290	1712	51.2032
MGG_01169T0	2137	2138	2467	79.0297
MGG_14329T0	4196	4197	713	11.6353
MGG_17076T0	399	400	3	0.513677
MGG_02113T0	600	601	1218	138.804
MGG_16124T0	742	743	4	0.368723
MGG_12421T0	2496	2497	125	3.42863
MGG_08757T0	3609	3610	4472	84.8444
MGG_00611T0	1439	1440	341	16.2189
MGG_05687T0	4771	4772	1639.62	23.5327
MGG_03608T0	1803	1804	670.797	25.4673
MGG_12026T0	315	316	5	1.08371
MGG_16133T0	1769	1770	14310	553.726
MGG_03671T0	1048	1049	322	21.0237
MGG_08653T0	2004	2005	220	7.51514
MGG_01621T0	1054	1055	1384	89.8488
MGG_17707T0	5061	5062	2815.02	38.0879
MGG_00725T0	2252	2253	4421	134.397
MGG_16866T0	1320	1321	7222	374.441
MGG_08405T0	1397	1398	52	2.54756
MGG_06761T0	2877	2878	3075	73.1784
MGG_09636T0	1407	1408	0	0
MGG_09127T0	555	556	221	27.2236
MGG_03716T0	3823	3824	2688.66	48.1555
MGG_17635T0	546	547	0	0
MGG_15597T0	204	205	0	0
MGG_00226T0	2682	2683	156.392	3.99228
MGG_02202T0	639	640	3	0.321048
MGG_05622T0	2292	2293	1824.88	54.5078
MGG_00891T0	2518	2519	900	24.4705
MGG_15821T0	168	169	5	2.02634
MGG_01121T0	1184	1185	2527	146.055
MGG_06570T0	3231	3232	1287	27.2732
MGG_02257T0	954	955	390	27.9698
MGG_16976T0	315	316	1	0.216741
MGG_08345T0	4176	4177	3646	59.7834
MGG_12584T0	1359	1360	183	9.21597
MGG_06945T0	3682	3683	624	11.6041
MGG_15046T0	504	505	1	0.135624
MGG_13670T0	366	367	27	5.03879
MGG_15793T0	459	460	3.45783	0.514843
MGG_00645T0	2411	2412	909.269	25.8193
MGG_02712T0	2083	2084	1184	38.9119
MGG_04041T0	841	842	472	38.3936
MGG_15881T0	174	175	7	2.73961
MGG_00291T0	5598	5599	244	2.98475
MGG_03521T0	2784	2785	25837	635.398
MGG_01691T0	3550	3551	1133	21.8528
MGG_15229T0	1623	1624	839.086	35.3874
MGG_08179T0	2156	2157	2	0.0635051
MGG_15839T0	293	294	6	1.39776
MGG_17892T0	708	709	66	6.37568
MGG_10514T0	1963	1964	293	10.2177
MGG_10680T0	1156	1157	17880.6	1058.47
MGG_06125T0	1469	1470	2417.79	112.65
MGG_14053T0	282	283	0	0
MGG_17066T0	763	764	38	3.40658
MGG_04672T0	1932	1933	5963	211.282
MGG_01245T0	2049	2050	4105	137.148
MGG_02970T0	2250	2251	2999	91.2493
MGG_09945T0	2292	2293	30	0.896078
MGG_04986T0	1392	1393	5267	258.965
MGG_03435T0	3232	3233	4415.87	93.549
MGG_00970T0	1414	1415	2054	99.4197
MGG_17518T0	314	315	16	3.47887
MGG_02875T0	6195	6196	2167	23.9539
MGG_17382T0	309	310	0	0
MGG_07615T0	729	730	49	4.59729
MGG_01964T0	474	475	18	2.59542
MGG_06729T0	2656	2657	1214.88	31.3163
MGG_03830T0	1506	1507	47	2.13606
MGG_03535T0	3030	3031	1306.05	29.5123
MGG_02884T0	1784	1785	5531	212.224
MGG_02715T0	1401	1402	175	8.54907
MGG_02649T0	3140	3141	170	3.70689
MGG_15758T0	198	199	20	6.88344
MGG_15572T0	183	184	3.21417	1.19641
MGG_10011T0	6924	6925	1	0.00989029
MGG_15564T0	782	783	33	2.88656
MGG_16259T0	2097	2098	2853	93.1376
MGG_02101T0	1229	1230	526	29.2893
MGG_00160T0	2406	2407	0	0
MGG_05161T0	2153	2154	437	13.8952
MGG_00340T0	828	829	68	5.61802
MGG_14861T0	747	748	147	13.46
MGG_02733T0	1728	1729	1118.02	44.2876
MGG_15270T0	441	442	1	0.154955
MGG_03701T0	2455	2456	3327	92.7797
MGG_02829T0	2870	2871	50299	1199.93
MGG_08074T0	2212	2213	944	29.2159
MGG_16012T0	686	687	296	29.5096
MGG_03829T0	1100	1101	298	18.5378
MGG_06543T0	987	988	92	6.37763
MGG_09190T0	4506	4507	5821	88.4583
MGG_15429T0	2799	2800	1372	33.5602
MGG_14725T0	402	403	0	0
MGG_01590T0	2607	2608	2071.94	54.4123
MGG_09526T0	1337	1338	551	28.2049
MGG_14194T0	516	517	9	1.19229
MGG_12897T0	882	883	248	19.2362
MGG_08093T0	4190	4191	2678	43.7645
MGG_09716T0	1945	1946	1476	51.9484
MGG_10328T0	1533	1534	468	20.8953
MGG_17409T0	162	163	0	0
MGG_06071T0	993	994	1039	71.5909
MGG_07223T0	1017	1018	1640	110.338
MGG_12091T0	1161	1162	117	6.89618
MGG_15886T0	1488	1489	89	4.09377
MGG_04654T0	1332	1333	2735	140.526
MGG_06835T0	669	670	5	0.511121
MGG_14775T0	4024	4025	2771	47.1519
MGG_00977T0	1384	1385	1073	53.0614
MGG_01700T0	1875	1876	324	11.8288
MGG_06040T0	1647	1648	681.686	28.3306
MGG_02851T0	1863	1864	3892	143.006
MGG_02081T0	1904	1905	34	1.2224
MGG_17785T0	424	425	0	0
MGG_16268T0	288	289	4	0.947962
MGG_02722T0	1804	1805	1300	49.3281
MGG_17879T0	303	304	5624	1267.07
MGG_07457T0	3239	3240	1511.31	31.9475
MGG_17628T0	588	589	0	0
MGG_15014T0	504	505	11	1.49187
MGG_04545T0	1929	1930	9186	325.985
MGG_02121T0	1056	1057	0	0
MGG_05845T0	1869	1870	1627	59.5902
MGG_10547T0	2776	2777	70	1.72644
MGG_11724T0	2225	2226	728	22.3993
MGG_11495T0	2147	2148	5	0.159428
MGG_03030T0	1859	1860	62	2.28301
MGG_11300T0	362	363	0	0
MGG_05505T0	1847	1848	311	11.5262
MGG_17244T0	225	226	0	0
MGG_16058T0	339	340	8	1.61153
MGG_01816T0	5557	5558	4652	57.3258
MGG_08761T0	2697	2698	5900	149.775
MGG_04743T0	2442	2443	884	24.7832
MGG_11025T0	4185	4186	21	0.343596
MGG_05631T0	2550	2551	2879	77.2965
MGG_08915T0	2337	2338	87	2.54861
MGG_13647T0	1761	1762	2164	84.1163
MGG_12926T0	2636	2637	2692	69.9187
MGG_04230T0	1575	1576	232	10.0823
MGG_07516T0	2352	2353	951.204	27.6873
MGG_11270T0	2362	2363	1053	30.5206
MGG_10732T0	342	343	0	0
MGG_05597T0	1205	1206	402	22.8301
MGG_10006T0	885	886	187	14.4556
MGG_16192T0	936	937	54.1265	3.95639
MGG_15956T0	207	208	3	0.98784
MGG_01720T0	2727	2728	2455	61.6362
MGG_06059T0	2194	2195	7485.43	233.567
MGG_01143T0	1848	1849	361	13.3721
MGG_05364T0	1125	1126	2186	132.966
MGG_17199T0	249	250	0	0
MGG_05255T0	1888	1889	709.888	25.7387
MGG_17461T0	153	154	1	0.444742
MGG_15578T0	297	298	0	0
MGG_17697T0	6245	6246	1881	20.626
MGG_16174T0	177	178	0	0
MGG_12479T0	1605	1606	70	2.98525
MGG_04136T0	880	881	3269.14	254.148
MGG_05262T0	9702	9703	2046	14.442
MGG_17995T0	342	343	107	21.3658
MGG_03412T0	1636	1637	61	2.55217
MGG_08836T0	678	679	216	21.7878
MGG_04961T0	3040	3041	793	17.8602
MGG_04179T0	2957	2958	1388	32.1381
MGG_01431T0	1379	1380	120.155	5.96338
MGG_15495T0	950	951	103.348	7.44303
MGG_15011T0	2178	2179	8291	260.602
MGG_07768T0	5611	5612	9068	110.668
MGG_16920T0	1205	1206	2276.72	129.298
MGG_14930T0	1428	1429	982	47.0661
MGG_12758T0	2540	2541	1236	33.3152
MGG_05123T0	1620	1621	80	3.38015
MGG_14615T0	879	880	0	0
MGG_04771T0	2683	2684	1138	29.0395
MGG_01600T0	1749	1750	529	20.7036
MGG_00648T0	1341	1342	469.491	23.9609
MGG_04140T0	2738	2739	1009.46	25.2421
MGG_08552T0	815	816	245	20.5639
MGG_06463T0	2429	2430	106	2.98764
MGG_07119T0	1269	1270	871	46.9724
MGG_09896T0	2660	2661	722	18.5832
MGG_07617T0	1431	1432	1331.4	63.6787
MGG_15129T0	624	625	66	7.23257
MGG_10221T0	1068	1069	0	0
MGG_09362T0	324	325	23	4.847
MGG_07469T0	1137	1138	427	25.6989
MGG_17113T0	1032	1033	332	22.0123
MGG_12323T0	247	248	1	0.27617
MGG_16726T0	1492	1493	291	13.3494
MGG_01640T0	273	274	121	30.2457
MGG_03991T0	3961	3962	713	12.3255
MGG_16101T0	228	229	1	0.299084
MGG_04188T0	3673	3674	2103	39.2039
MGG_09562T0	2829	2830	4623	111.884
MGG_05228T0	1802	1803	202	7.67334
MGG_05752T0	342	343	2191	437.499
MGG_08745T0	2419	2420	913	25.8395
MGG_02525T0	1748	1749	45898	1797.35
MGG_01301T0	1815	1816	85	3.20577
MGG_16474T0	574	575	493.827	58.8215
MGG_05887T0	744	745	11	1.01127
MGG_07358T0	2697	2698	1789	45.4148
MGG_01932T0	1311	1312	48	2.50574
MGG_03462T0	3402	3403	1653.64	33.2819
MGG_03051T0	3114	3115	2036	44.766
MGG_09904T0	3317	3318	2356	48.6326
MGG_06854T0	2594	2595	1952.16	51.5237
MGG_01759T0	3158	3159	1139	24.6946
MGG_14945T0	6627	6628	0	0
MGG_13625T0	1098	1099	1	0.0623205
MGG_09607T0	1644	1645	5	0.208177
MGG_09413T0	3801	3802	968.89	17.4538
MGG_10876T0	2850	2851	170	4.08395
MGG_04589T0	6485	6486	3478.47	36.7317
MGG_16859T0	315	316	14	3.03438
MGG_08163T0	171	172	6420	2556.44
MGG_16034T0	1357	1358	496	25.0156
MGG_15290T0	2393	2394	2719.52	77.803
MGG_04147T0	489	490	1583	221.265
MGG_00039T0	2805	2806	368	8.98233
MGG_16957T0	216	217	0	0
MGG_18053T0	201	202	1	0.339061
MGG_07920T0	1902	1903	0	0
MGG_10847T0	2013	2014	2342	79.6445
MGG_01990T0	1504	1505	12523	569.902
MGG_07915T0	1989	1990	3283.07	112.994
MGG_15391T0	669	670	1	0.102224
MGG_05190T0	4684	4685	6180	90.3457
MGG_06559T0	3097	3098	14414	318.663
MGG_16203T0	4266	4267	1664	26.7091
MGG_00637T0	1761	1762	2	0.0777415
MGG_06770T0	1383	1384	588	29.0985
MGG_05278T0	2238	2239	488.792	14.952
MGG_04719T0	1417	1418	15316	739.772
MGG_05180T0	1161	1162	716.175	42.2126
MGG_05514T0	1435	1436	511	24.3722
MGG_15228T0	354	355	10	1.9293
MGG_00016T0	1461	1462	26	1.21802
MGG_15609T0	783	784	119	10.3958
MGG_08833T0	1974	1975	3453	119.745
MGG_01838T0	2083	2084	480	15.7751
MGG_15936T0	1381	1382	469	23.2431
MGG_13742T0	846	847	0	0
MGG_01481T0	1600	1601	1091	46.6726
MGG_14859T0	1911	1912	261	9.34935
MGG_11991T0	341	342	2731	546.921
MGG_16178T0	213	214	0	0
MGG_01839T0	2057	2058	284	9.45152
MGG_01073T0	3260	3261	2902	60.9502
MGG_13119T0	3214	3215	443.26	9.44292
MGG_02573T0	2297	2298	3230	96.2678
MGG_00514T0	3003	3004	8525	194.367
MGG_07551T0	1774	1775	0	0
MGG_04851T0	1179	1180	60	3.48255
MGG_10618T0	1104	1105	108	6.69407
MGG_15797T0	279	280	2	0.489216
MGG_11490T0	3810	3811	2672	48.0204
MGG_15234T0	4854	4855	56	0.790001
MGG_03600T0	1908	1909	9853	353.501
MGG_02840T0	2370	2371	21070	608.642
MGG_06104T0	3388	3389	1285	25.9693
MGG_16322T0	294	295	0	0
MGG_01782T0	3079	3080	2112	46.9647
MGG_07854T0	788	789	5	0.434032
MGG_07029T0	607	608	176	19.8261
MGG_10144T0	837	838	0	0
MGG_16181T0	3741	3742	107	1.95843
MGG_16836T0	883	884	744	57.6434
MGG_13576T0	2760	2761	20	0.496126
MGG_03318T0	1175	1176	1344.14	78.2826
MGG_00813T0	1349	1350	257	13.0385
MGG_02058T0	1746	1747	87	3.41079
MGG_00666T0	998	999	5202	356.643
MGG_15101T0	390	391	0	0
MGG_03575T0	372	373	801	147.08
MGG_03556T0	1068	1069	2013	128.972
MGG_03073T0	1078	1079	2947	187.063
MGG_04419T0	1620	1621	89	3.76041
MGG_14729T0	1202	1203	1468	83.5774
MGG_02616T0	2418	2419	2846	80.5801
MGG_14264T0	2038	2039	1376	46.22
MGG_06354T0	1269	1270	435.491	23.4857
MGG_06776T0	7462	7463	3751	34.4241
MGG_04736T0	912	913	203	15.2284
MGG_03738T0	2980	2981	1701	39.0815
MGG_09650T0	426	427	0	0
MGG_08971T0	787	788	2	0.173833
MGG_17663T0	705	706	16.2144	1.57299
MGG_06314T0	4033	4034	768.354	13.0453
MGG_12691T0	432	433	53	8.38333
MGG_10358T0	2042	2043	3219	107.915
MGG_04925T0	597	598	178.266	20.4172
MGG_04915T0	1668	1669	185	7.59179
MGG_08885T0	1417	1418	1539	74.3346
MGG_06365T0	1272	1273	303.009	16.3026
MGG_12560T0	1326	1327	4590	236.903
MGG_17359T0	453	454	1	0.15086
MGG_04668T0	1391	1392	198	9.74215
MGG_16043T0	648	649	71	7.49277
MGG_04229T0	1820	1821	546.003	20.5359
MGG_06041T0	3775	3776	141	2.5575
MGG_09959T0	1382	1383	892	44.1745
MGG_00221T0	1115	1116	16013.9	982.791
MGG_06186T0	2108	2109	2511	81.5453
MGG_16572T0	1057	1058	6.87582	0.44511
MGG_11179T0	198	199	5	1.72086
MGG_09914T0	2001	2002	2952	100.991
MGG_10298T0	1974	1975	39	1.35247
MGG_15165T0	665	666	329	33.8338
MGG_15884T0	1013	1014	8	0.540357
MGG_15574T0	1126	1127	20	1.21544
MGG_07618T0	2169	2170	241	7.60652
MGG_18055T0	333	334	0	0
MGG_14352T0	564	565	754	91.4011
MGG_04548T0	2053	2054	1923	64.1221
MGG_12094T0	2577	2578	1297	34.4577
MGG_08600T0	1046	1047	2926	191.406
MGG_10273T0	1200	1201	82	4.67627
MGG_15421T0	1332	1333	343	17.6235
MGG_05232T0	1131	1132	341	20.6318
MGG_18006T0	2286	2287	39	1.16796
MGG_17190T0	413	414	33	5.45937
MGG_07719T0	1247	1248	724	39.7331
MGG_15424T0	669	670	1	0.102224
MGG_02410T0	1622	1623	1063	44.8584
MGG_16511T0	312	313	3055	668.491
MGG_16265T0	159	160	16	6.84902
MGG_06720T0	2015	2016	12231	415.528
MGG_17139T0	399	400	13	2.22593
MGG_08381T0	1164	1165	1985	116.698
MGG_16578T0	183	184	0	0
MGG_05658T0	1543	1544	641	28.4341
MGG_04541T0	5681	5682	151	1.82014
MGG_02614T0	819	820	5	0.417623
MGG_02157T0	1627	1628	133	5.59533
MGG_09772T0	1826	1827	1090.79	40.8914
MGG_06610T0	1674	1675	124	5.07032
MGG_02238T0	558	559	3995	489.478
MGG_10067T0	888	889	85	6.54856
MGG_10449T0	1918	1919	1	0.0356906
MGG_17696T0	3228	3229	157.183	3.33401
MGG_13915T0	2493	2494	2696	74.0376
MGG_07435T0	1552	1553	510.25	22.503
MGG_17847T0	2279	2280	31.8185	0.955815
MGG_10860T0	2077	2078	116	3.82332
MGG_03451T0	3666	3667	9059	169.199
MGG_07330T0	537	538	512	65.1803
MGG_16304T0	162	163	21	8.82389
MGG_03507T0	639	640	53	5.67185
MGG_18099T0	1294	1295	1776	93.9295
MGG_16220T0	2106	2107	1035.75	33.6682
MGG_01982T0	3678	3679	1155	21.5021
MGG_05129T0	7269	7270	1503	14.1597
MGG_01401T0	1308	1309	25	1.30806
MGG_07674T0	2246	2247	2733	83.3039
MGG_14932T0	195	196	21	7.33824
MGG_16626T0	297	298	111	25.5115
MGG_13275T0	1401	1402	293	14.3136
MGG_04509T0	1275	1276	5.99529	0.321801
MGG_01933T0	1443	1444	17	0.806325
MGG_04371T0	2357	2358	870	25.2699
MGG_08781T0	567	568	11	1.3264
MGG_14860T0	2153	2154	391	12.4325
MGG_06626T0	2007	2008	203	6.92406
MGG_08895T0	1720	1721	5279	210.087
MGG_16518T0	381	382	8	1.43435
MGG_10656T0	1137	1138	399	24.0137
MGG_03550T0	1471	1472	1156.68	53.8186
MGG_12936T0	1134	1135	2804	169.204
MGG_14702T0	1251	1252	1151	62.9651
MGG_06913T0	1974	1975	5191	180.017
MGG_10941T0	3474	3475	565	11.1358
MGG_12633T0	2077	2078	526.003	17.3369
MGG_05678T0	3005	3006	967	22.0326
MGG_04442T0	2427	2428	674.316	19.0215
MGG_10196T0	4341	4342	1034	16.3102
MGG_16649T0	2943	2944	1449	33.71
MGG_05679T0	441	442	2575	399.01
MGG_17947T0	234	235	8	2.33158
MGG_02913T0	4724	4725	2051	29.7298
MGG_02746T0	3025	3026	4125	93.3649
MGG_15914T0	744	745	11	1.01127
MGG_06553T0	1463	1464	138.651	6.4865
MGG_11252T0	2192	2193	959	29.9508
MGG_03713T0	1533	1534	33	1.47339
MGG_03228T0	3099	3100	1123.95	24.8322
MGG_06108T0	1136	1137	4138.49	249.293
MGG_17653T0	315	316	0	0
MGG_02207T0	384	385	0	0
MGG_17048T0	216	217	0	0
MGG_01475T0	1653	1654	2	0.0828177
MGG_04888T0	2109	2110	292	9.47827
MGG_01170T0	534	535	3416	437.313
MGG_06077T0	1734	1735	3051.81	120.472
MGG_06280T0	1684	1685	156.858	6.37582
MGG_15665T0	207	208	13	4.28064
MGG_04327T0	5720	5721	1274	15.252
MGG_06335T0	3529	3530	1317	25.5529
MGG_01018T0	1743	1744	267	10.4856
MGG_16902T0	438	439	8	1.24811
MGG_01868T0	2730	2731	19	0.476497
MGG_04605T0	1982	1983	708	24.4534
MGG_14592T0	441	442	166	25.7226
MGG_09619T0	1053	1054	18	1.16966
MGG_17948T0	318	319	32	6.87049
MGG_03971T0	1401	1402	3360	164.142
MGG_03295T0	2563	2564	380	10.1507
MGG_02880T0	4456	4457	4326	66.4772
MGG_01916T0	1698	1699	193	7.78023
MGG_00111T0	5114	5115	476	6.37368
MGG_17329T0	543	544	111	13.975
MGG_00518T0	1360	1361	2133	107.34
MGG_06372T0	3407	3408	2842	57.1154
MGG_01516T0	3209	3210	4692	100.111
MGG_10407T0	1158	1159	0	0
MGG_16915T0	4590	4591	408	6.08669
MGG_03850T0	7355	7356	685	6.3779
MGG_02458T0	1085	1086	1864	117.556
MGG_14596T0	2304	2305	608	18.066
MGG_01326T0	3274	3275	3219	67.3191
MGG_04481T0	1724	1725	171	6.78947
MGG_09010T0	2590	2591	10043	265.476
MGG_13236T0	210	211	2225	722.231
MGG_00850T0	5205	5206	833.792	10.9694
MGG_00283T0	848	849	198	15.973
MGG_15340T0	1275	1276	20	1.07351
MGG_14042T0	4872	4873	33	0.463816
MGG_02424T0	1158	1159	326	19.2647
MGG_05633T0	1777	1778	59	2.27274
MGG_09255T0	6377	6378	1325	14.2285
MGG_06567T0	1895	1896	259	9.356
MGG_15939T0	360	361	0	0
MGG_16817T0	246	247	1	0.277288
MGG_04864T0	1656	1657	732	30.2564
MGG_16040T0	159	160	0	0
MGG_04474T0	2736	2737	859	21.4955
MGG_16149T0	1496	1497	47860	2189.67
MGG_08695T0	1611	1612	238	10.1121
MGG_04393T0	927	928	1136	83.8415
MGG_08111T0	1815	1816	15	0.565723
MGG_17393T0	636	637	78	8.38656
MGG_06535T0	1373	1374	1138	56.7263
MGG_00838T0	693	694	193.129	19.0597
MGG_10844T0	969	970	4891	345.346
MGG_17605T0	477	478	0	0
MGG_04918T0	1042	1043	623.223	40.9249
MGG_14784T0	2131	2132	54	1.73474
MGG_17608T0	345	346	15	2.96923
MGG_14956T0	2345	2346	312.454	9.12193
MGG_11861T0	2362	2363	5644	163.588
MGG_07722T0	1656	1657	1099	45.4259
MGG_16739T0	1142	1143	25234	1512.06
MGG_01853T0	2643	2644	3.00081	0.077733
MGG_05857T0	2592	2593	1948	51.4535
MGG_04454T0	1161	1162	777.158	45.807
MGG_07209T0	1224	1225	2423	135.471
MGG_02001T0	1834	1835	370	13.81
MGG_04733T0	2172	2173	5	0.157594
MGG_05991T0	4109	4110	4159	69.3068
MGG_08487T0	1687	1688	45.7308	1.85552
MGG_12793T0	804	805	21	1.7867
MGG_01543T0	2006	2007	111	3.78795
MGG_16974T0	114	115	0	0
MGG_15073T0	879	880	314.413	24.4707
MGG_14632T0	506	507	46	6.2141
MGG_14953T0	1962	1963	158	5.51271
MGG_12111T0	4346	4347	3342	52.6557
MGG_06721T0	961	962	17378	1237.24
MGG_17144T0	258	259	25	6.61103
MGG_03205T0	2729	2730	3545	88.9369
MGG_16539T0	807	808	6	0.508591
MGG_03417T0	1191	1192	31	1.78121
MGG_04161T0	1147	1148	48	2.8637
MGG_00450T0	2798	2799	15641	382.728
MGG_02627T0	2719	2720	2338	58.8714
MGG_15602T0	249	250	7	1.91773
MGG_13376T0	1564	1565	1292	56.5427
MGG_00413T0	2613	2614	4486	117.539
MGG_07151T0	4060	4061	1953	32.9381
MGG_12116T0	1599	1600	228	9.75986
MGG_02446T0	1638	1639	2034	84.9964
MGG_04324T0	3284	3285	1573	32.7961
MGG_17659T0	795	796	2	0.172086
MGG_15084T0	580	581	4.51919	0.532737
MGG_02878T0	3743	3744	2513	45.9711
MGG_07431T0	3599	3600	2728	51.9004
MGG_09197T0	2568	2569	242	6.45179
MGG_04819T0	3309	3310	537	11.1116
MGG_00677T0	1322	1323	172	8.90425
MGG_08486T0	1997	1998	55	1.88537
MGG_14927T0	342	343	3	0.59904
MGG_14899T0	1482	1483	38.053	1.75742
MGG_13016T0	1488	1489	105	4.82973
MGG_06552T0	2199	2200	148.229	4.61466
MGG_06421T0	2572	2573	2247	59.8125
MGG_01055T0	1626	1627	862.201	36.2952
MGG_16890T0	324	325	2	0.421478
MGG_06469T0	4342	4343	1082.18	17.0663
MGG_01054T0	3653	3654	954.799	17.8967
MGG_06165T0	1658	1659	871	35.9584
MGG_14955T0	732	733	4387	409.914
MGG_06713T0	1978	1979	591	20.4536
MGG_12617T0	5119	5120	1085	14.514
MGG_10241T0	1941	1942	0	0
EFMOT00000000001	118	119	2.5	1.43887
EFMOT00000000002	72	73	0	0
EFMOT00000000003	72	73	0	0
EFMOT00000000005	104	105	2	1.30458
EFMOT00000000009	83	84	1	0.81536
EFMOT00000000010	72	73	0	0
EFMOT00000000011	72	73	0	0
EFMOT00000000012	105	106	0	0
EFMOT00000000013	72	73	0	0
EFMOT00000000014	72	73	0	0
EFMOT00000000015	72	73	0	0
EFMOT00000000016	102	103	0	0
EFMOT00000000017	88	89	0	0
EFMOT00000000018	72	73	0	0
EFMOT00000000019	96	97	0	0
EFMOT00000000020	85	86	0	0
EFMOT00000000021	72	73	0	0
EFMOT00000000023	90	91	0	0
EFMOT00000000024	72	73	0	0
EFMOT00000000025	102	103	15.5049	10.3101
EFMOT00000000028	104	105	2	1.30458
EFMOT00000000029	134	135	3	1.52201
EFMOT00000000030	136	137	0	0
EFMOT00000000032	72	73	0	0
EFMOT00000000033	72	73	8	7.50578
EFMOT00000000036	89	90	0	0
EFMOT00000000037	83	84	0	0
EFMOT00000000039	93	94	3	2.18586
EFMOT00000000041	88	89	0	0
EFMOT00000000042	72	73	0	0
EFMOT00000000044	84	85	0	0
EFMOT00000000045	72	73	0	0
EFMOT00000000046	139	140	3	1.46765
EFMOT00000000048	72	73	0	0
EFMOT00000000049	72	73	0	0
EFMOT00000000050	72	73	0	0
EFMOT00000000051	72	73	3	2.81467
EFMOT00000000053	83	84	0	0
EFMOT00000000054	101	102	280.743	188.511
EFMOT00000000055	72	73	0	0
EFMOT00000000059	72	73	0	0
EFMOT00000000060	72	73	0	0
EFMOT00000000062	73	74	0	0
EFMOT00000000063	72	73	0	0
EFMOT00000000064	72	73	0	0
EFMOT00000000065	72	73	0	0
EFMOT00000000066	101	102	6	4.02884
EFMOT00000000067	72	73	0	0
EFMOT00000000068	72	73	0	0
EFMOT00000000069	95	96	4	2.85376
EFMOT00000000070	89	90	1	0.761003
EFMOT00000000072	72	73	0	0
EFMOT00000000073	72	73	0	0
EFMOT00000000074	72	73	0	0
EFMOT00000000075	72	73	0.333333	0.312741
EFMOT00000000076	72	73	0	0
EFMOT00000000077	85	86	1.09677	0.873469
EFMOT00000000078	72	73	0	0
EFMOT00000000079	72	73	0	0
EFMOT00000000080	83	84	0	0
EFMOT00000000081	72	73	0.333333	0.312741
EFMOT00000000082	112	113	6.86639	4.16178
EFMOT00000000083	72	73	0	0
EFMOT00000000084	89	90	0	0
EFMOT00000000085	72	73	0	0
EFMOT00000000086	72	73	0	0
EFMOT00000000087	92	93	2.55462	1.88136
EFMOT00000000088	72	73	0	0
EFMOT00000000089	92	93	0	0
EFMOT00000000091	85	86	18.2233	14.513
EFMOT00000000092	89	90	0	0
EFMOT00000000093	72	73	0	0
EFMOT00000000094	104	105	8	5.2183
EFMOT00000000095	72	73	0	0
EFMOT00000000097	72	73	1	0.938222
EFMOT00000000098	72	73	0	0
EFMOT00000000099	82	83	0	0
EFMOT00000000100	72	73	0	0
EFMOT00000000101	101	102	2.08777	1.40188
EFMOT00000000102	72	73	0	0
EFMOT00000000103	72	73	0	0
EFMOT00000000104	72	73	0	0
EFMOT00000000105	133	134	5.64076	2.88311
EFMOT00000000106	72	73	0	0
EFMOT00000000107	72	73	0	0
EFMOT00000000108	102	103	9	5.98458
EFMOT00000000109	120	121	8	4.52828
EFMOT00000000110	112	113	0	0
EFMOT00000000111	72	73	0	0
EFMOT00000000112	104	105	6	3.91373
EFMOT00000000113	83	84	0	0
EFMOT00000000114	124	125	1	0.547922
EFMOT00000000116	120	121	0	0
EFMOT00000000117	98	99	2	1.38364
EFMOT00000000119	72	73	0	0
EFMOT00000000122	72	73	0.5	0.469111
EFMOT00000000123	135	136	4	2.01442
EFMOT00000000124	96	97	1.03531	0.731018
EFMOT00000000125	72	73	0	0
EFMOT00000000127	72	73	0	0
EFMOT00000000128	101	102	6.22317	4.17869
EFMOT00000000129	86	87	3	2.36173
EFMOT00000000130	72	73	0	0
EFMOT00000000131	72	73	0	0
EFMOT00000000132	96	97	1.03582	0.731376
EFMOT00000000133	85	86	2.27792	1.81413
EFMOT00000000134	72	73	0	0
EFMOT00000000136	72	73	0	0
EFMOT00000000137	72	73	1	0.938222
EFMOT00000000138	86	87	0	0
EFMOT00000000139	111	112	0	0
EFMOT00000000140	72	73	0	0
EFMOT00000000141	72	73	3.5	3.28378
EFMOT00000000143	109	110	4.12404	2.56778
EFMOT00000000144	72	73	0	0
EFMOT00000000147	72	73	0.5	0.469111
EFMOT00000000148	73	74	0	0
EFMOT00000000149	90	91	0	0
EFMOT00000000150	72	73	0	0
EFMOT00000000151	83	84	0	0
EFMOT00000000152	98	99	0	0
EFMOT00000000153	72	73	0	0
EFMOT00000000154	101	102	5.25735	3.53017
EFMOT00000000155	105	106	0	0
EFMOT00000000157	111	112	2.22051	1.35788
EFMOT00000000158	72	73	0	0
EFMOT00000000159	90	91	12.4593	9.37733
EFMOT00000000160	72	73	8	7.50578
EFMOT00000000161	96	97	0	0
EFMOT00000000162	89	90	0	0
EFMOT00000000163	72	73	0	0
EFMOT00000000164	111	112	4.13361	2.52779
EFMOT00000000165	72	73	0	0
EFMOT00000000166	72	73	0	0
EFMOT00000000168	72	73	2.63187	2.46928
EFMOT00000000169	85	86	0	0
EFMOT00000000170	72	73	0	0
EFMOT00000000171	74	75	0	0
EFMOT00000000172	87	88	0	0
EFMOT00000000173	89	90	0	0
EFMOT00000000174	108	109	0	0
EFMOT00000000175	85	86	0	0
EFMOT00000000176	88	89	0	0
EFMOT00000000177	90	91	0	0
EFMOT00000000178	72	73	3	2.81467
EFMOT00000000179	95	96	2	1.42688
EFMOT00000000180	72	73	0	0
EFMOT00000000181	72	73	0	0
EFMOT00000000182	114	115	0	0
EFMOT00000000183	72	73	0	0
EFMOT00000000184	72	73	0	0
EFMOT00000000187	92	93	1.11765	0.823096
EFMOT00000000189	83	84	0	0
EFMOT00000000190	85	86	0	0
EFMOT00000000191	72	73	0	0
EFMOT00000000192	72	73	0	0
EFMOT00000000193	91	92	14	10.4224
EFMOT00000000194	88	89	0	0
EFMOT00000000195	73	74	0	0
EFMOT00000000196	85	86	2.27792	1.81413
EFMOT00000000197	72	73	0	0
EFMOT00000000198	72	73	0	0
EFMOT00000000199	72	73	0	0
EFMOT00000000200	100	101	0	0
EFMOT00000000201	72	73	0	0
EFMOT00000000202	89	90	0	0
EFMOT00000000203	72	73	0	0
EFMOT00000000204	72	73	0	0
EFMOT00000000206	72	73	0	0
EFMOT00000000207	72	73	0	0
EFMOT00000000208	89	90	73	55.5532
EFMOT00000000209	101	102	0	0
EFMOT00000000210	82	83	0	0
EFMOT00000000211	72	73	0.333333	0.312741
EFMOT00000000213	72	73	0	0
EFMOT00000000214	85	86	0	0
EFMOT00000000215	92	93	12.7731	9.40681
EFMOT00000000217	96	97	3.54545	2.50339
EFMOT00000000218	84	85	1	0.805767
EFMOT00000000219	110	111	7.77949	4.80017
EFMOT00000000220	72	73	0	0
EFMOT00000000221	97	98	0	0
EFMOT00000000222	72	73	0	0
EFMOT00000000223	101	102	1	0.671473
EFMOT00000000224	72	73	0	0
EFMOT00000000225	86	87	0	0
EFMOT00000000226	72	73	0	0
EFMOT00000000227	72	73	0	0
EFMOT00000000228	72	73	3	2.81467
EFMOT00000000229	79	80	0	0
EFMOT00000000230	104	105	0	0
EFMOT00000000236	72	73	8	7.50578
EFMOT00000000240	72	73	0	0
EFMOT00000000241	72	73	0	0
EFMOT00000000243	72	73	3.5	3.28378
EFMOT00000000244	72	73	0	0
EFMOT00000000245	72	73	0	0
EFMOT00000000246	72	73	0	0
EFMOT00000000247	72	73	0	0
EFMOT00000000249	72	73	0	0
EFMOT00000000250	72	73	1	0.938222
EFMOT00000000251	72	73	0	0
EFMOT00000000252	72	73	0	0
EFMOT00000000253	72	73	0	0
EFMOT00000000254	72	73	0	0
EFMOT00000000255	85	86	0	0
EFMOT00000000256	86	87	0	0
EFMOT00000000258	90	91	4	3.01056
EFMOT00000000259	72	73	0	0
EFMOT00000000260	72	73	0	0
EFMOT00000000261	72	73	0	0
EFMOT00000000262	72	73	0	0
EFMOT00000000265	72	73	0	0
EFMOT00000000266	99	100	0	0
EFMOT00000000267	72	73	0	0
EFMOT00000000269	112	113	0	0
EFMOT00000000270	109	110	18.5582	11.555
EFMOT00000000271	73	74	0	0
EFMOT00000000272	105	106	3	1.9384
EFMOT00000000273	96	97	0	0
EFMOT00000000274	85	86	3.29032	2.62041
EFMOT00000000275	72	73	0	0
EFMOT00000000277	72	73	1	0.938222
EFMOT00000000278	125	126	18.8182	10.2291
EFMOT00000000279	74	75	0	0
EFMOT00000000280	98	99	0	0
EFMOT00000000282	72	73	0	0
EFMOT00000000283	101	102	0	0
EFMOT00000000284	72	73	0	0
EFMOT00000000285	113	114	0	0
EFMOT00000000286	72	73	0	0
EFMOT00000000287	72	73	0	0
EFMOT00000000288	92	93	0	0
EFMOT00000000289	96	97	4.14125	2.92407
EFMOT00000000290	72	73	0	0
EFMOT00000000292	72	73	0	0
EFMOT00000000293	72	73	0	0
EFMOT00000000294	85	86	6.83375	5.44238
EFMOT00000000296	72	73	0	0
EFMOT00000000298	72	73	0	0
EFMOT00000000299	72	73	0	0
EFMOT00000000300	118	119	2.5	1.43887
EFMOT00000000301	72	73	0	0
EFMOT00000000302	101	102	1	0.671473
EFMOT00000000303	89	90	0	0
EFMOT00000000306	90	91	2	1.50528
EFMOT00000000307	111	112	17.3592	10.6155
EFMOT00000000308	72	73	0	0
EFMOT00000000309	72	73	0	0
EFMOT00000000310	110	111	0	0
EFMOT00000000311	88	89	6	4.61732
EFMOT00000000312	72	73	2.63187	2.46928
EFMOT00000000313	96	97	1	0.706085
EFMOT00000000314	110	111	0	0
EFMOT00000000315	88	89	84.1818	64.7824
EFMOT00000000317	72	73	0	0
EFMOT00000000318	97	98	1	0.69888
EFMOT00000000319	104	105	0	0
EFMOT00000000320	93	94	0	0
EFMOT00000000321	87	88	1	0.778298
EFMOT00000000323	72	73	0	0
EFMOT00000000324	96	97	1	0.706085
EFMOT00000000325	86	87	0	0
EFMOT00000000326	99	100	0	0
EFMOT00000000327	102	103	0	0
EFMOT00000000328	100	101	0	0
EFMOT00000000329	101	102	2	1.34295
EFMOT00000000330	104	105	104	67.8379
EFMOT00000000332	84	85	1	0.805767
EFMOT00000000333	102	103	21.9122	14.5706
EFMOT00000000335	72	73	0	0
EFMOT00000000336	72	73	0	0
EFMOT00000000337	85	86	2	1.5928
EFMOT00000000339	104	105	1	0.652288
EFMOT00000000340	72	73	0	0
EFMOT00000000341	72	73	0	0
EFMOT00000000343	72	73	0	0
EFMOT00000000344	96	97	9.45455	6.67571
EFMOT00000000345	72	73	0	0
EFMOT00000000346	85	86	0	0
EFMOT00000000348	105	106	0	0
EFMOT00000000350	84	85	2	1.61153
EFMOT00000000351	101	102	2	1.34295
EFMOT00000000353	72	73	0	0
EFMOT00000000354	72	73	0	0
EFMOT00000000355	93	94	0	0
EFMOT00000000356	72	73	0	0
EFMOT00000000357	72	73	0	0
EFMOT00000000358	110	111	0	0
EFMOT00000000359	72	73	0	0
EFMOT00000000360	72	73	0	0
EFMOT00000000361	93	94	0	0
EFMOT00000000362	102	103	2	1.32991
EFMOT00000000363	72	73	0	0
EFMOT00000000364	72	73	0	0
EFMOT00000000366	72	73	0	0
EFMOT00000000367	72	73	0	0
EFMOT00000000368	89	90	0	0
EFMOT00000000369	96	97	4.14125	2.92407
EFMOT00000000370	72	73	0	0
EFMOT00000000372	72	73	0	0
EFMOT00000000373	133	134	0	0
EFMOT00000000374	72	73	0	0
EFMOT00000000375	90	91	2	1.50528
EFMOT00000000376	72	73	0	0
EFMOT00000000378	85	86	28	22.2991
EFMOT00000000379	72	73	1	0.938222
EFMOT00000000382	72	73	0	0
EFMOT00000000383	89	90	0	0
EFMOT00000000384	91	92	0	0
EFMOT00000000385	72	73	0	0
EFMOT00000000387	92	93	2.55462	1.88136
EFMOT00000000388	93	94	7	5.10034
EFMOT00000000389	72	73	0	0
EFMOT00000000390	94	95	0	0
EFMOT00000000391	94	95	0	0
MGG_16776T0	243	244	0	0
MGG_17328T0	243	244	0	0
MGG_16479T0	588	589	0	0
MGG_16677T0	243	244	0	0
MGG_16614T0	243	244	0	0
MGG_16613T0	243	244	0	0
MGG_16598T0	243	244	0	0
MGG_16563T0	243	244	0	0
MGG_17268T0	243	244	0	0
MGG_15944T0	243	244	0	0
MGG_17600T0	243	244	0	0
MGG_15710T0	215	216	8	2.53668
MGG_17242T0	243	244	0	0
MGG_16280T0	243	244	0	0
MGG_16642T0	218	219	1	0.312741
MGG_15503T0	516	517	2631.86	348.659
MGG_16566T0	492	493	0	0
MGG_16285T0	243	244	0	0
MGG_16639T0	698	699	14	1.37176
MGG_16639T1	239	240	1	0.285376
MGG_06302T1	320	321	82	17.4959
MGG_06302T0	2540	2541	3068	82.695
MGG_18104T0	150	151	0	0
MGG_15500T0	243	244	0	0
MGG_17125T0	231	232	0	0
MGG_18084T0	243	244	0	0
MGG_15947T0	243	244	0	0
MGG_16695T0	243	244	7.80936	2.19207
MGG_15967T0	651	652	0	0
MGG_18132T0	243	244	0	0
MGG_16499T0	243	244	0	0
MGG_16498T0	243	244	0	0
MGG_16783T0	243	244	0	0
MGG_17211T0	453	454	2.78482	0.420116
MGG_17866T0	228	229	8	2.39267
MGG_17482T0	327	328	45	9.39653
MGG_16020T0	918	919	18	1.34148
MGG_17368T0	504	505	38	5.15372
MGG_16293T0	555	556	147	18.108
MGG_16567T0	243	244	0	0
MGG_17494T0	177	178	1	0.384777
MGG_16980T0	243	244	0	0
MGG_17604T0	243	244	0	0
MGG_17589T0	243	244	0	0
MGG_18129T0	243	244	0	0
MGG_15717T0	243	244	0	0
MGG_16051T0	300	301	0	0
MGG_15940T0	243	244	0	0
MGG_18069T0	243	244	0	0
MGG_17775T0	243	244	0	0
MGG_16310T0	243	244	0	0
MGG_17728T0	153	154	18	8.00535
MGG_16674T0	243	244	0	0
MGG_17777T0	510	511	468	62.7269
MGG_17585T0	243	244	0	0
MGG_15871T0	150	151	8	3.62862
MGG_15511T0	243	244	0	0
MGG_14532T0	510	511	7	0.938222
MGG_16682T0	243	244	0	0
MGG_16673T0	243	244	0	0
MGG_01057T0	1128	1129	835	50.6549
MGG_16643T0	198	199	4	1.37669
MGG_18114T0	552	553	107.652	13.3329
MGG_16785T0	243	244	0	0
MGG_18059T0	243	244	0	0
MGG_16488T0	552	553	19.3618	2.39801
MGG_15941T0	243	244	0	0
MGG_17100T0	475	476	17	2.44608
MGG_16730T0	516	517	83	10.9955
MGG_16369T0	243	244	0	0
MGG_17016T0	354	355	0	0
MGG_16080T0	417	418	0	0
MGG_16314T0	243	244	0	0
MGG_16103T0	597	598	1908.92	218.633
MGG_16676T0	243	244	0	0
MGG_15714T0	243	244	0	0
MGG_16565T0	470	471	238.483	34.6789
MGG_16984T0	624	625	1	0.109584
MGG_16843T0	483	484	5	0.707544
MGG_17560T0	243	244	0	0
MGG_17065T0	243	244	0	0
MGG_17325T0	402	403	0	0
MGG_17009T0	330	331	0	0
MGG_17598T0	243	244	0	0
MGG_16597T0	243	244	0	0
MGG_15512T0	243	244	0	0
MGG_17186T0	189	190	29110	10493.4
MGG_16814T0	246	247	0	0
MGG_15716T0	243	244	2.55635	0.717562
MGG_16068T0	243	244	0	0
MGG_18131T0	243	244	0	0
MGG_16569T0	243	244	0	0
MGG_18073T0	366	367	0	0
MGG_16139T0	225	226	1	0.303054
MGG_17561T0	243	244	0	0
MGG_16413T0	372	373	152	27.9102
MGG_17427T0	228	229	0	0
MGG_16074T0	243	244	2.55635	0.717562
MGG_17074T0	591	592	33	3.81787
MGG_17176T0	273	274	3	0.749893
MGG_15493T0	243	244	0	0
MGG_16093T0	811	812	60	5.06085
MGG_16683T0	243	244	0	0
MGG_17854T0	891	892	0	0
MGG_16979T0	588	589	14.3521	1.66889
MGG_16767T0	210	211	5	1.62299
MGG_17261T0	243	244	0	0
MGG_16913T0	288	289	25	5.92476
MGG_16564T0	333	334	0	0
MGG_16120T0	592	593	0	0
MGG_16067T0	243	244	0	0
MGG_17136T0	237	238	20	5.75548
MGG_15931T0	427	428	20	3.20048
MGG_15715T0	243	244	2.55635	0.717562
MGG_17218T0	1011	1012	0	0
MGG_17327T0	243	244	0	0
MGG_17269T0	327	328	2	0.417623
MGG_16284T0	243	244	0	0
MGG_17306T0	1362	1363	0	0
MGG_18086T0	243	244	0	0
MGG_16312T0	243	244	0	0
MGG_17867T0	243	244	0	0
MGG_17243T0	243	244	0	0
MGG_16313T0	333	334	0	0
MGG_17545T0	243	244	0	0
MGG_17238T0	243	244	0	0
MGG_17736T0	204	205	0	0
MGG_18083T0	243	244	0	0
MGG_16327T0	843	844	120.568	9.78401
MGG_15942T0	243	244	0	0
MGG_16309T0	243	244	0	0
MGG_16384T0	243	244	0	0
MGG_17298T0	372	373	0	0
MGG_16809T0	243	244	0	0
MGG_16470T0	243	244	0	0
MGG_16283T0	243	244	0	0
MGG_16928T0	261	262	0	0
MGG_18080T0	243	244	0	0
MGG_16469T0	243	244	0	0
MGG_17501T0	243	244	0	0
MGG_16407T0	243	244	0	0
MGG_14095T0	843	844	110	8.92645
MGG_17185T0	226	227	10	3.01719
MGG_16694T0	243	244	0	0
MGG_16885T0	243	244	0	0
MGG_15969T0	651	652	5.09864	0.535594
MGG_15945T0	243	244	0	0
MGG_16082T0	423	424	0	0
MGG_17818T0	507	508	1.50518e-08	2.02933e-09
MGG_17262T0	243	244	0	0
MGG_17549T0	243	244	0	0
MGG_16351T0	372	373	0	0
MGG_16819T0	216	217	22	6.94371
MGG_17369T0	332	333	4	0.822705
MGG_16684T0	243	244	0	0
MGG_17748T0	555	556	0	0
MGG_15806T0	243	244	0	0
MGG_16050T0	243	244	0	0
MGG_18103T0	243	244	0	0
MGG_16544T0	189	190	7	2.52332
MGG_15973T0	471	472	0	0
MGG_15962T0	651	652	4.03508	0.42387
MGG_17819T0	243	244	0	0
MGG_16245T0	239	240	4	1.1415
MGG_16046T0	186	187	1	0.366258
MGG_17146T0	207	208	2	0.65856
MGG_16406T0	324	325	0	0
MGG_17856T0	771	772	1689	149.845
MGG_16478T0	243	244	0	0
MGG_16602T0	243	244	0	0
MGG_16338T0	204	205	29	9.68886
MGG_16782T0	330	331	3	0.620757
MGG_15970T0	1335	1336	332.767	17.0593
MGG_17996T0	186	187	1	0.366258
MGG_17734T0	571	572	18	2.15529
MGG_10209T0	1701	1702	274	11.026
MGG_16104T0	204	205	0	0
MGG_15662T0	218	219	1	0.312741
MGG_17643T0	747	748	0	0
MGG_16675T0	243	244	0	0
MGG_17517T0	221	222	1	0.308515
MGG_17219T0	453	454	2.78482	0.420116
MGG_17175T0	639	640	92	9.84547
MGG_16370T0	243	244	0	0
MGG_17008T0	243	244	0	0
MGG_16073T0	243	244	0	0
MGG_17559T0	243	244	0	0
MGG_18058T0	243	244	0	0
MGG_17267T0	327	328	2	0.417623
MGG_17852T0	243	244	0	0
MGG_17497T0	156	157	0	0
MGG_16713T0	219	220	12	3.73583
MGG_15567T0	237	238	72	20.7197
MGG_17916T0	300	301	10	2.27542
MGG_16795T0	232	233	22	6.46689
MGG_17006T0	270	271	101.421	25.6322
MGG_18130T0	516	517	2631.86	348.659
MGG_17259T0	489	490	90	12.5798
MGG_17769T0	243	244	0	0
MGG_16987T0	243	244	0	0
MGG_16401T0	243	244	0	0
MGG_17985T0	183	184	8	2.97784
MGG_16685T0	243	244	0	0
MGG_18047T0	354	355	0	0
MGG_18081T0	243	244	0	0
MGG_17552T0	432	433	0	0
MGG_17212T0	1011	1012	0	0
MGG_15943T0	315	316	844.822	183.108
MGG_18075T0	501	502	0	0
MGG_16281T0	243	244	0	0
MGG_15946T0	1122	1123	640.479	39.0619
MGG_14020T0	1029	1030	0	0
MGG_18009T0	294	295	0	0
MGG_15948T0	243	244	0	0
MGG_17599T0	243	244	0	0
MGG_14777T0	546	547	33	4.13195
MGG_16763T0	296	297	3	0.691821
MGG_18038T0	243	244	0	0
MGG_16568T0	243	244	0	0
MGG_17004T0	243	244	0	0
MGG_16907T0	243	244	0	0
MGG_15763T0	243	244	0	0
MGG_16808T0	243	244	0	0
MGG_14812T0	405	406	16	2.69912
MGG_16016T0	321	322	8	1.70162
MGG_16405T0	243	244	0	0
MGG_17063T0	501	502	110	15.0078
MGG_16916T0	258	259	0	0
MGG_16282T0	690	691	46.605	4.61937
MGG_16985T0	243	244	0	0
MGG_16599T0	243	244	0	0
MGG_16551T0	822	823	27.4324	2.28293
MGG_16988T0	243	244	0	0
MGG_16986T0	243	244	0	0
MGG_15898T0	345	346	947	187.457
MGG_18085T0	243	244	0	0
