target_id	length	eff_length	est_counts	tpm
MGG_07573T0	4058	4059	1012	17.9413
MGG_05134T0	1811	1812	2152	85.4626
MGG_03309T0	1113	1114	8	0.51677
MGG_07008T0	2587	2588	1945	54.0813
MGG_16787T0	429	430	1	0.167349
MGG_04858T0	3024	3025	3093	73.5778
MGG_12006T0	1560	1561	8	0.36879
MGG_02444T0	6373	6374	10142	114.5
MGG_17251T0	225	226	2	0.636816
MGG_10811T0	1419	1420	0	0
MGG_15612T0	4020	4021	81	1.44958
MGG_00349T0	1011	1012	3331.94	236.924
MGG_16619T0	348	349	0	0
MGG_04614T0	937	938	5098.37	391.13
MGG_16874T0	174	175	3	1.2336
MGG_07147T0	2929	2930	1397.19	34.3147
MGG_00076T0	2460	2461	1884	55.0886
MGG_12797T0	1232	1233	9170	535.178
MGG_11099T0	1590	1591	0	0
MGG_07363T0	787	788	0	0
MGG_17953T0	4420	4421	3573.38	58.1635
MGG_14898T0	388	389	3	0.554963
MGG_14463T0	1415	1416	350.244	17.7991
MGG_08330T0	1368	1369	23	1.20897
MGG_09307T0	2126	2127	14	0.473645
MGG_03918T0	2470	2471	1100	32.0341
MGG_00421T0	969	970	1	0.0741857
MGG_02463T0	815	816	3106.4	273.943
MGG_00675T0	2891	2892	123	3.06055
MGG_15190T0	595	596	0	0
MGG_02777T0	1610	1611	17	0.759356
MGG_05980T0	1438	1439	9920	496.07
MGG_00454T0	4840	4841	2988	44.4158
MGG_05454T0	1590	1591	7940	359.122
MGG_16029T0	252	253	18	5.1197
MGG_07528T0	1527	1528	291	13.7045
MGG_15909T0	219	220	0	0
MGG_16156T0	493	494	9	1.31102
MGG_05339T0	891	892	232	18.7161
MGG_18122T0	498	499	0	0
MGG_16935T0	1487	1488	3	0.145081
MGG_08406T0	477	478	5818	875.867
MGG_05005T0	2421	2422	2064	61.3236
MGG_11608T0	2244	2245	24	0.769285
MGG_14221T0	1242	1243	9	0.521031
MGG_15428T0	1674	1675	2	0.0859226
MGG_17084T0	2151	2152	89	2.97605
MGG_08114T0	3175	3176	1233	27.9367
MGG_06700T0	4022	4023	2437	43.5911
MGG_14591T0	1617	1618	7	0.311323
MGG_07304T0	258	259	0	0
MGG_09457T0	1172	1173	88.602	5.43547
MGG_07009T0	1011	1012	224	15.9279
MGG_15010T0	556	557	20	2.58385
MGG_11663T0	1098	1099	19	1.24408
MGG_00065T0	3029	3030	816	19.3794
MGG_10601T0	2183	2184	3	0.0988464
MGG_11526T0	633	634	0	0
MGG_13087T0	327	328	0	0
MGG_00223T0	1555	1556	2191	101.327
MGG_02093T0	1506	1507	0	0
MGG_01153T0	1251	1252	4582	263.356
MGG_02698T0	1675	1676	1	0.0429357
MGG_10893T0	1663	1664	46	1.98928
MGG_14635T0	1511	1512	442	21.036
MGG_17720T0	375	376	143	27.3678
MGG_17976T0	4110	4111	1609	28.1644
MGG_05211T0	4310	4311	5615	93.7268
MGG_05253T0	1815	1816	822	32.5723
MGG_07261T0	2500	2501	91.3507	2.62839
MGG_01043T0	2705	2706	1184	31.4859
MGG_04395T0	4996	4997	8554	123.183
MGG_00786T1	1869	1870	3805.04	146.423
MGG_00786T0	1904	1905	1276.96	48.2364
MGG_06579T0	975	976	10	0.737297
MGG_15326T0	892	893	110	8.86407
MGG_17770T0	318	319	0	0
MGG_03684T0	2464	2465	3647	106.466
MGG_16981T0	2740	2741	774	20.32
MGG_17657T0	700	701	1	0.102654
MGG_11239T0	2741	2742	257	6.74462
MGG_08136T0	1643	1644	671	29.3706
MGG_09718T0	1570	1571	153	7.00821
MGG_05720T0	2668	2669	1187.72	32.0226
MGG_10455T0	594	595	7	0.84659
MGG_08158T0	1723	1724	178	7.42976
MGG_01319T0	993	994	23	1.66507
MGG_07686T0	729	730	3	0.295727
MGG_04518T0	2276	2277	1543	48.7635
MGG_10595T0	3024	3025	11671	277.635
MGG_07332T0	2844	2845	2541.1	64.2734
MGG_00246T0	1594	1595	466	21.0241
MGG_14140T0	1269	1270	0	0
MGG_03888T0	1983	1984	790	28.6535
MGG_17017T0	309	310	55	12.7671
MGG_17237T0	207	208	0	0
MGG_09185T0	3684	3685	66	1.28884
MGG_04634T0	2250	2251	0	0
MGG_15422T0	1101	1102	108	7.05236
MGG_12303T0	273	274	13	3.41417
MGG_05067T0	1594	1595	84.3039	3.80346
MGG_04724T0	4323	4324	1981	32.9679
MGG_10534T0	2152	2153	181	6.0496
MGG_06375T0	1961	1962	1695	62.1674
MGG_09428T0	972	973	24	1.77497
MGG_02702T0	501	502	0	0
MGG_05491T0	3200	3201	0	0
MGG_08646T0	3719	3720	3575	69.1553
MGG_03350T0	735	736	2	0.195544
MGG_03315T0	1005	1006	1	0.071531
MGG_06267T0	1350	1351	1843.84	98.2112
MGG_04557T0	710	711	42	4.25081
MGG_16385T0	321	322	9	2.01131
MGG_16360T0	381	382	3	0.565132
MGG_09467T0	984	985	102	7.45171
MGG_01722T0	2290	2291	4141	130.069
MGG_01117T0	2575	2576	634	17.7107
MGG_09164T0	2056	2057	23	0.80461
MGG_06775T0	2044	2045	186	6.54503
MGG_06052T0	3840	3841	7791	145.962
MGG_10152T0	3181	3182	402	9.09113
MGG_03456T0	1623	1624	88	3.89932
MGG_05718T0	2436	2437	924	27.284
MGG_05128T0	2264	2265	2897	92.0391
MGG_15417T0	429	430	0	0
MGG_03816T0	1434	1435	0	0
MGG_07298T0	1397	1398	264	13.589
MGG_00543T0	2181	2182	870	28.6917
MGG_08957T0	381	382	0	0
MGG_04194T0	2002	2003	6	0.215557
MGG_17907T0	354	355	0	0
MGG_07785T0	2112	2113	142	4.83594
MGG_02191T0	1340	1341	0	0
MGG_17222T0	1735	1736	371	15.3786
MGG_04173T0	1753	1754	1905	78.1551
MGG_03668T0	3678	3679	3411	66.7182
MGG_09126T0	846	847	8	0.679671
MGG_00070T0	1870	1871	120	4.6153
MGG_10418T0	327	328	0	0
MGG_08016T0	2309	2310	188	5.8565
MGG_16393T0	2074	2075	805	27.9171
MGG_05627T0	1029	1030	186	12.9947
MGG_13629T0	3079	3080	50	1.16818
MGG_11144T0	2144	2145	1740	58.3733
MGG_17499T0	537	538	8.80881	1.17822
MGG_15485T0	904	905	23	1.82882
MGG_11917T0	5142	5143	6833	95.6064
MGG_09963T0	2128	2129	528	17.8464
MGG_16222T0	989	990	50.0875	3.64071
MGG_08008T0	1229	1230	337	19.7159
MGG_03498T0	1923	1924	209.568	7.83811
MGG_01616T0	2385	2386	200	6.03187
MGG_02631T0	2146	2147	71	2.37968
MGG_15799T0	321	322	0	0
MGG_03644T0	435	436	6213	1025.43
MGG_13801T0	3460	3461	646	13.4315
MGG_09761T0	1121	1122	14953	959.02
MGG_01404T0	1327	1328	386	20.9161
MGG_17587T0	189	190	0	0
MGG_09497T0	2338	2339	3945	121.369
MGG_04022T0	1036	1037	876	60.7879
MGG_16750T0	1440	1441	28	1.39825
MGG_10785T0	936	937	1	0.0767985
MGG_18035T0	405	406	0	0
MGG_10195T0	2296	2297	13576	425.307
MGG_07437T0	4272	4273	268.892	4.52832
MGG_12863T0	1239	1240	4	0.23213
MGG_10268T0	2058	2059	1251	43.7213
MGG_09535T0	1617	1618	711	31.6216
MGG_02863T0	1206	1207	156	9.30057
MGG_01190T0	1260	1261	153	8.73109
MGG_04905T0	2525	2526	864.267	24.6211
MGG_07087T0	3264	3265	2967	65.3923
MGG_03894T0	2787	2788	96.4269	2.48884
MGG_07428T0	1229	1230	3	0.175513
MGG_07406T0	2151	2152	7	0.234071
MGG_05693T0	2633	2634	25941	708.701
MGG_02907T0	465	466	28	4.32379
MGG_04340T0	2626	2627	3	0.0821776
MGG_06914T0	1627	1628	3182	140.649
MGG_15502T0	219	220	17	5.56056
MGG_09523T0	12506	12507	3980	22.8993
MGG_05368T0	1920	1921	111	4.15803
MGG_14006T0	222	223	12	3.8723
MGG_09004T0	1853	1854	3040.02	117.994
MGG_07804T0	453	454	0	0
MGG_04431T0	4016	4017	17516	313.78
MGG_13813T0	1278	1279	353.168	19.8703
MGG_02848T0	165	166	5529	2396.79
MGG_10597T0	1167	1168	4	0.246439
MGG_00560T0	2595	2596	291	8.06641
MGG_15427T0	943	944	3	0.228687
MGG_05797T0	2028	2029	363.479	12.8911
MGG_15226T0	2805	2806	1100	28.2096
MGG_06178T0	1893	1894	16	0.6079
MGG_17161T0	270	271	13	3.45196
MGG_01870T0	1485	1486	14	0.677956
MGG_02919T0	1185	1186	281	17.0496
MGG_07382T0	3201	3202	2285	51.352
MGG_07959T0	843	844	0	0
MGG_16791T0	420	421	0	0
MGG_16945T0	658	659	25.7821	2.8153
MGG_04108T0	3642	3643	145	2.86418
MGG_03468T0	1125	1126	35	2.23677
MGG_09944T0	3054	3055	1514	35.6621
MGG_01584T0	1968	1969	830.505	30.3521
MGG_17597T0	168	169	0	0
MGG_06639T0	2340	2341	819.391	25.1873
MGG_10118T0	4290	4291	136	2.28072
MGG_05957T0	1247	1248	2633.59	151.854
MGG_02348T0	3837	3838	2	0.0374988
MGG_17403T0	279	280	5	1.285
MGG_13447T0	2873	2874	460.894	11.54
MGG_08170T0	2542	2543	1947	55.0949
MGG_03259T0	351	352	1	0.204432
MGG_03130T0	3368	3369	2903	62.0066
MGG_00456T0	5577	5578	1987	25.6337
MGG_05172T0	1281	1282	0	0
MGG_01494T0	2541	2542	2995	84.7839
MGG_09551T0	3954	3955	8419.81	153.196
MGG_10709T0	1767	1768	133	5.41329
MGG_10973T0	893	894	112	9.01514
MGG_07136T0	2801	2802	900.895	23.1365
MGG_02581T0	501	502	30	4.30041
MGG_10648T0	2303	2304	0	0
MGG_03928T0	1183	1184	1961.05	119.187
MGG_17703T0	1370	1371	472	24.774
MGG_10035T0	1826	1827	5	0.196935
MGG_01338T0	2787	2788	97	2.50364
MGG_01127T0	3693	3694	316	6.15577
MGG_17405T0	213	214	0	0
MGG_10857T0	5138	5139	2884	40.3839
MGG_01467T0	3280	3281	4722	103.565
MGG_08305T0	1665	1666	15.1537	0.654537
MGG_12590T0	3805	3806	1019	19.2663
MGG_16108T0	608	609	164	19.3784
MGG_06948T0	1353	1354	308	16.3691
MGG_15554T0	2507	2508	278	7.97645
MGG_06184T0	1780	1781	3393	137.092
MGG_09903T0	1326	1327	1524	82.643
MGG_07643T0	942	943	2	0.15262
MGG_13771T0	538	539	45	6.00781
MGG_13806T0	1965	1966	7764	284.18
MGG_04576T0	1596	1597	58	2.61346
MGG_14375T0	774	775	0	0
MGG_09173T0	1322	1323	313	17.0246
MGG_09425T0	471	472	47	7.16552
MGG_05915T0	858	859	2708	226.855
MGG_05807T0	1703	1704	122	5.15208
MGG_07095T0	2669	2670	848	22.8548
MGG_00166T0	1104	1105	711	46.302
MGG_13473T0	339	340	453	95.8763
MGG_05891T1	2226	2227	0.00976587	0.000315561
MGG_05891T0	2810	2811	69.3205	1.77457
MGG_02295T0	1404	1405	12	0.614606
MGG_16446T0	1152	1153	21	1.31064
MGG_15534T0	1844	1845	50	1.95014
MGG_06678T0	2741	2742	1635	42.9084
MGG_00281T0	690	691	0	0
MGG_15781T0	159	160	5	2.24875
MGG_08631T0	948	949	213	16.1512
MGG_16471T0	1227	1228	31	1.81658
MGG_13559T0	690	691	1	0.104139
MGG_16238T0	273	274	1	0.262628
MGG_13467T0	2848	2849	1705.89	43.0874
MGG_01523T0	3030	3031	242.261	5.75162
MGG_16909T0	165	166	2	0.86699
MGG_01398T0	1805	1806	133	5.29939
MGG_04972T0	1222	1223	969.65	57.0533
MGG_02900T0	3602	3603	365	7.28989
MGG_03177T0	1197	1198	2	0.120134
MGG_08205T0	1741	1742	1105	45.6464
MGG_00681T0	1652	1653	900	39.1798
MGG_16841T0	809	810	1597	141.877
MGG_10453T0	1280	1281	6	0.33705
MGG_03595T0	3620	3621	14714	292.411
MGG_18064T0	798	799	0	0
MGG_08019T1	2018	2019	973.034	34.6804
MGG_08019T0	1561	1562	1043.97	48.0947
MGG_09290T0	1305	1306	122	6.72216
MGG_06510T0	1219	1220	4783	282.119
MGG_04449T0	3339	3340	1942.82	41.8579
MGG_03866T0	645	646	19	2.11648
MGG_10932T0	1926	1927	107	3.99571
MGG_00289T0	2307	2308	6648.96	207.305
MGG_03269T0	4873	4874	500.289	7.38632
MGG_14068T0	2224	2225	4	0.129367
MGG_13607T0	11784	11785	0	0
MGG_04516T0	1612	1613	291.33	12.997
MGG_01753T0	2433	2434	1028	30.3924
MGG_15879T0	828	829	6	0.520821
MGG_11124T0	1746	1747	0	0
MGG_05506T0	1453	1454	21	1.03931
MGG_02886T0	1359	1360	8	0.423295
MGG_05344T0	839	840	3748	321.079
MGG_00458T0	911	912	463.647	36.5835
MGG_16522T0	1133	1134	46.2056	2.93207
MGG_14133T0	5222	5223	3358	46.265
MGG_03811T0	1701	1702	3	0.126839
MGG_07534T0	2061	2062	93	3.24554
MGG_15339T1	4192	4193	104.857	1.79955
MGG_15339T0	4258	4259	756.143	12.7758
MGG_15866T0	2100	2101	2683	91.8939
MGG_06780T0	2416	2417	40	1.1909
MGG_15904T0	287	288	9	2.24875
MGG_09992T0	1485	1486	100	4.84254
MGG_03753T0	1031	1032	3	0.209187
MGG_01525T0	569	570	2532	319.655
MGG_00264T0	1625	1626	283	12.5244
MGG_05106T0	2055	2056	201	7.03502
MGG_13129T0	2229	2230	178	5.74391
MGG_06322T0	1671	1672	2739.47	117.902
MGG_15753T0	4783	4784	1539.31	23.154
MGG_04993T0	2111	2112	667	22.7261
MGG_07054T0	1125	1126	42	2.68413
MGG_06748T0	2639	2640	4605	125.521
MGG_01445T0	1122	1123	176	11.2778
MGG_07848T0	4392	4393	9	0.147426
MGG_07576T0	1465	1466	64	3.14151
MGG_04780T0	5315	5316	290.634	3.93417
MGG_04780T1	5138	5139	641.366	8.98089
MGG_06276T0	2429	2430	8260	244.605
MGG_00957T0	2592	2593	2658.6	73.7806
MGG_18001T0	156	157	2	0.91669
MGG_12988T0	2612	2613	1422.26	39.168
MGG_07962T0	1670	1671	3396	146.246
MGG_08129T0	2402	2403	20	0.598919
MGG_09237T0	1369	1370	745.421	39.1537
MGG_05224T0	3926	3927	2973	54.4786
MGG_11505T0	1873	1874	291.932	11.21
MGG_07454T0	2102	2103	965	33.0202
MGG_12131T0	4366	4367	3441	56.7014
MGG_01575T0	1174	1175	5527	338.488
MGG_01297T0	1315	1316	271	14.8185
MGG_15819T0	255	256	0	0
MGG_14936T0	1159	1160	42.5765	2.64122
MGG_17923T0	374	375	17	3.26219
MGG_02535T0	3025	3026	1405	33.4118
MGG_17750T0	1656	1657	1	0.043428
MGG_16608T0	165	166	56	24.2757
MGG_02331T0	1446	1447	8	0.397845
MGG_00213T0	1154	1155	287	17.881
MGG_17823T0	1878	1879	3	0.114891
MGG_00671T0	1815	1816	128	5.07208
MGG_02182T0	483	484	0	0
MGG_01448T0	2193	2194	542	17.7768
MGG_16273T0	947	948	0	0
MGG_03937T0	4236	4237	34150	579.995
MGG_03879T0	2016	2017	1458	52.0168
MGG_15889T0	195	196	0	0
MGG_17893T0	399	400	22	3.95781
MGG_08253T0	1152	1153	103	6.42836
MGG_09264T0	2102	2103	801	27.4085
MGG_12955T0	2475	2476	2192	63.7062
MGG_16707T1	1785	1786	0	0
MGG_16707T0	1457	1458	8	0.394843
MGG_15551T0	306	307	0	0
MGG_05662T0	1545	1546	684.889	31.8788
MGG_16930T0	609	610	0	0
MGG_12948T0	1369	1370	6672.7	350.488
MGG_07926T0	1269	1270	1434	81.2527
MGG_09720T0	1990	1991	5.0253	0.181628
MGG_09129T0	3276	3277	80	1.75673
MGG_08966T0	1143	1144	6	0.377413
MGG_15019T0	2863	2864	267	6.70858
MGG_02472T0	813	814	688	60.8214
MGG_02417T0	2341	2342	841	25.8405
MGG_00400T0	991	992	12	0.870486
MGG_17558T0	2183	2184	30695	1011.36
MGG_14836T0	915	916	22	1.7283
MGG_08919T0	4875	4876	6226	91.8835
MGG_03721T0	1536	1537	1290	60.396
MGG_06874T0	2142	2143	2899	97.346
MGG_02042T0	2082	2083	2	0.0690928
MGG_07606T0	3210	3211	1572.56	35.2419
MGG_07606T1	3252	3253	0.000196587	4.34873e-06
MGG_05701T0	740	741	1344.21	130.539
MGG_17221T0	561	562	0	0
MGG_05457T0	4677	4678	341	5.24549
MGG_01802T0	3968	3969	9821	178.06
MGG_00144T0	1560	1561	506.535	23.3507
MGG_03236T0	1349	1350	5743.66	306.159
MGG_17346T0	252	253	113	32.1403
MGG_03238T0	2455	2456	510.051	14.9444
MGG_01778T0	3393	3394	5579	118.287
MGG_00339T0	2054	2055	246	8.61421
MGG_11589T0	731	732	5920.54	582.026
MGG_08083T0	2257	2258	3614	115.174
MGG_03152T0	1150	1151	12853.8	803.615
MGG_13659T0	1689	1690	218	9.28243
MGG_08498T0	1536	1537	73	3.41776
MGG_01270T0	1109	1110	35	2.26901
MGG_00760T0	5556	5557	4838	62.6495
MGG_05982T0	1458	1459	93	4.58691
MGG_14628T0	1807	1808	489	19.4627
MGG_01550T0	1613	1614	13514	602.521
MGG_15975T0	963	964	1	0.0746475
MGG_09759T0	660	661	83	9.03584
MGG_13248T0	378	379	0	0
MGG_04057T0	948	949	1	0.0758274
MGG_02645T0	339	340	19	4.0213
MGG_02708T0	1170	1171	3044	187.06
MGG_09608T0	2272	2273	0	0
MGG_14623T0	1848	1849	0	0
MGG_04311T0	1606	1607	175.352	7.85211
MGG_15605T0	216	217	0	0
MGG_10109T0	588	589	33	4.03172
MGG_15731T0	2042	2043	178	6.26966
MGG_05381T0	1443	1444	152	7.57475
MGG_08476T0	969	970	2	0.148371
MGG_14690T0	1598	1599	92	4.1403
MGG_17519T0	258	259	0	0
MGG_10473T0	1455	1456	0	0
MGG_15693T0	150	151	0	0
MGG_02854T0	1911	1912	613	23.0709
MGG_06924T0	2012	2013	3879	138.665
MGG_10103T0	1680	1681	587	25.1283
MGG_13624T0	5560	5561	546	7.06532
MGG_12986T0	2344	2345	4012	123.115
MGG_05353T0	1587	1588	12	0.54378
MGG_17047T0	168	169	4	1.7032
MGG_09102T0	1809	1810	14	0.556598
MGG_06326T0	958	959	51.8031	3.88713
MGG_05716T0	715	716	115	11.5578
MGG_16998T0	651	652	14.8997	1.64445
MGG_09239T0	2351	2352	3733	114.212
MGG_12708T0	855	856	705	59.2663
MGG_06026T0	2797	2798	1861	47.862
MGG_10463T0	1707	1708	108.025	4.55124
MGG_07086T0	1334	1335	4134	222.834
MGG_05004T0	3737	3738	954	18.3654
MGG_00440T0	1824	1825	40	1.57721
MGG_12999T0	3180	3181	2362	53.4329
MGG_01386T0	2071	2072	121	4.20231
MGG_15183T0	1741	1742	4	0.165236
MGG_13191T0	1710	1711	153.846	6.47034
MGG_02431T0	408	409	15	2.63913
MGG_02899T0	2288	2289	1221	38.385
MGG_02097T0	2643	2644	59	1.60577
MGG_16477T0	4912	4913	518.289	7.59132
MGG_00161T0	2283	2284	2549	80.3093
MGG_16045T0	625	626	1408.76	161.94
MGG_17263T0	1242	1243	74	4.28403
MGG_15774T0	1645	1646	4415	193.016
MGG_10076T0	1437	1438	103	5.15431
MGG_17873T0	474	475	68	10.3017
MGG_09361T0	1114	1115	8378	540.702
MGG_08715T0	414	415	0	0
MGG_10458T0	948	949	0	0
MGG_14211T0	280	281	2	0.512172
MGG_15336T0	381	382	0	0
MGG_09856T0	2569	2570	10	0.280001
MGG_01456T0	2245	2246	442	14.1613
MGG_10730T0	3926	3927	322	5.90048
MGG_02305T0	1419	1420	1	0.0506762
MGG_09666T0	468	469	3	0.4603
MGG_08559T0	1255	1256	1678	96.1379
MGG_16188T0	889	890	22.2939	1.80255
MGG_06249T0	939	940	4576.23	350.326
MGG_15631T0	213	214	3	1.00879
MGG_08122T0	3123	3124	2618	60.3046
MGG_16835T0	2504	2505	221	6.34858
MGG_09048T0	3766	3767	273	5.21506
MGG_09431T0	1419	1420	0	0
MGG_07800T0	2489	2490	53	1.53168
MGG_00600T0	522	523	943	129.748
MGG_02879T0	3687	3688	39	0.760967
MGG_13049T0	969	970	8	0.593486
MGG_03841T0	6205	6206	5412	62.7535
MGG_08689T0	4722	4723	1955	29.7866
MGG_00826T0	1087	1088	3	0.19842
MGG_04446T0	1910	1911	706	26.585
MGG_15930T0	1137	1138	0	0
MGG_14563T0	4675	4676	3754	57.7713
MGG_11072T0	1096	1097	9	0.590375
MGG_06288T0	1530	1531	1321	62.0897
MGG_05551T0	1488	1489	0	0
MGG_13020T0	2283	2284	2683	84.5311
MGG_15735T0	303	304	1	0.236711
MGG_04334T0	1845	1846	156	6.08114
MGG_17756T0	216	217	0	0
MGG_11385T0	1771	1772	213	8.64984
MGG_09349T0	1164	1165	1771	109.392
MGG_11914T0	2195	2196	6868.55	225.074
MGG_02009T0	3173	3174	0	0
MGG_15250T0	1791	1792	81	3.25266
MGG_13441T0	1536	1537	86	4.0264
MGG_04387T0	2004	2005	382	13.7101
MGG_15254T0	210	211	0	0
MGG_14118T0	2730	2731	2691	70.9062
MGG_08821T0	2911	2912	489.305	12.0915
MGG_16145T0	1233	1234	1157	67.4699
MGG_09304T0	1276	1277	937	52.8008
MGG_16925T0	1637	1638	3.93151e-07	1.72718e-08
MGG_16925T1	1572	1573	5	0.228735
MGG_16547T0	594	595	1.00614	0.121684
MGG_08499T0	2264	2265	638.188	20.2755
MGG_07325T0	1497	1498	563	27.0451
MGG_02770T0	1280	1281	5743.6	322.647
MGG_04975T0	1554	1555	117	5.41437
MGG_08458T0	1394	1395	8369	431.709
MGG_01304T0	2099	2100	5134	175.925
MGG_00227T0	1251	1252	905.56	52.0481
MGG_15981T0	360	361	0	0
MGG_15518T0	636	637	10	1.12967
MGG_00734T0	715	716	7	0.703521
MGG_03722T0	2349	2350	3	0.091864
MGG_12276T0	3361	3362	2621	56.0998
MGG_16346T0	291	292	0	0
MGG_04432T0	2105	2106	4149	141.768
MGG_17751T0	231	232	41	12.7171
MGG_06680T0	2377	2378	1018.47	30.8197
MGG_02180T0	753	754	12	1.14525
MGG_05654T0	3176	3177	2355	53.3416
MGG_10115T0	2675	2676	4822	129.668
MGG_16001T0	690	691	0	0
MGG_11511T0	1412	1413	3.61181	0.183939
MGG_09167T0	2596	2597	11	0.304799
MGG_06080T0	2046	2047	780	27.4201
MGG_01361T0	1836	1837	3633	142.314
MGG_18042T0	435	436	0	0
MGG_16671T0	213	214	0	0
MGG_02836T0	2273	2274	6175.46	195.421
MGG_09589T0	11681	11682	88	0.542073
MGG_17040T0	571	572	2	0.251609
MGG_15550T0	397	398	14	2.53126
MGG_09553T0	6137	6138	4228.56	49.5745
MGG_08622T0	2251	2252	5569.49	177.967
MGG_05553T0	1446	1447	1	0.0497306
MGG_01305T0	974	975	13146	970.244
MGG_17766T0	342	343	0	0
MGG_04379T0	516	517	4719	656.828
MGG_05346T0	1612	1613	76	3.39056
MGG_17541T0	276	277	0	0
MGG_12958T0	4027	4028	18260.8	326.228
MGG_10632T0	2638	2639	17052.2	464.978
MGG_07777T0	2614	2615	690	18.9876
MGG_01011T0	1990	1991	1177	42.54
MGG_02106T0	531	532	72	9.73897
MGG_09791T0	684	685	0	0
MGG_15638T0	333	334	191	41.1509
MGG_17163T0	258	259	8	2.22271
MGG_10655T0	2076	2077	8075	279.768
MGG_14612T0	2582	2583	0	0
MGG_13715T0	1502	1503	13	0.62241
MGG_00461T0	1533	1534	7	0.328371
MGG_09520T0	1512	1513	185.646	8.82955
MGG_08999T0	555	556	1	0.129425
MGG_04536T1	3596	3597	1158.04	23.1674
MGG_04536T0	3685	3686	434.956	8.49145
MGG_15150T0	327	328	3	0.658172
MGG_14000T0	972	973	332.064	24.5585
MGG_02192T0	2640	2641	0	0
MGG_07712T0	705	706	292	29.7626
MGG_07599T0	1271	1272	61	3.45092
MGG_01701T0	2191	2192	15	0.492428
MGG_03848T0	3247	3248	83	1.83888
MGG_15420T0	519	520	0	0
MGG_10878T0	1836	1837	95859	3755.05
MGG_01201T0	3281	3282	1051	23.0439
MGG_17079T0	2136	2137	170.129	5.72882
MGG_17041T0	1684	1685	541	23.1041
MGG_14916T0	2798	2799	370	9.51242
MGG_10325T0	1963	1964	424	15.5352
MGG_00591T0	1713	1714	6253	262.524
MGG_15571T0	447	448	0	0
MGG_14748T0	2027	2028	829	29.4157
MGG_07850T0	941	942	3	0.229172
MGG_12213T0	2082	2083	56.8377	1.96354
MGG_15553T0	1381	1382	41	2.13485
MGG_09002T0	624	625	511	58.8346
MGG_15207T0	630	631	10	1.14041
MGG_10234T0	579	580	0	0
MGG_14117T0	615	616	51	5.95774
MGG_12843T0	1757	1758	2804	114.776
MGG_02403T0	2172	2173	116.094	3.84452
MGG_02403T1	2167	2168	66.906	2.22074
MGG_16264T0	204	205	0	0
MGG_04258T0	920	921	3	0.234398
MGG_08059T0	1467	1468	681	33.3821
MGG_02710T0	884	885	2572.27	209.154
MGG_16444T0	3807	3808	2165	40.9122
MGG_02565T0	1641	1642	0	0
MGG_05936T0	1323	1324	1948	105.875
MGG_02948T0	1706	1707	770	32.4601
MGG_04425T0	1557	1558	669	30.8995
MGG_12546T0	312	313	0	0
MGG_02739T0	1165	1166	925.999	57.1484
MGG_13891T0	4461	4462	1084	17.482
MGG_15804T0	192	193	1	0.372851
MGG_01031T0	675	676	38	4.0451
MGG_16921T0	793	794	68	6.16283
MGG_03004T0	3077	3078	17	0.397441
MGG_02620T0	978	979	6299.35	463.026
MGG_04938T0	1143	1144	71	4.46606
MGG_05628T0	1059	1060	77	5.22729
MGG_16611T0	984	985	18.458	1.34847
MGG_18046T0	2451	2452	77	2.25976
MGG_12029T0	639	640	0	0
MGG_01763T0	1152	1153	0	0
MGG_06929T0	1784	1785	1391.81	56.109
MGG_15709T0	174	175	0	0
MGG_08875T0	3368	3369	542	11.5768
MGG_17912T0	297	298	45	10.8665
MGG_10007T0	318	319	0	0
MGG_17908T0	1776	1777	538	21.7865
MGG_01199T0	1008	1009	1931	137.716
MGG_11371T0	4259	4260	166	2.80408
MGG_10004T0	408	409	4	0.703767
MGG_05252T0	1375	1376	1023.49	53.5249
MGG_14705T0	267	268	6	1.61105
MGG_02468T0	3234	3235	433	9.63176
MGG_07810T0	348	349	0	0
MGG_00729T0	3427	3428	48	1.00761
MGG_16028T0	225	226	1	0.318408
MGG_06411T0	1278	1279	1257	70.7224
MGG_12939T0	1862	1863	37738	1457.67
MGG_01034T0	5402	5403	1545.76	20.5873
MGG_05666T0	5841	5842	4926	60.6771
MGG_17578T0	642	643	491	54.9494
MGG_15199T0	411	412	0	0
MGG_17804T0	189	190	0	0
MGG_01544T0	1600	1601	44	1.97767
MGG_04128T0	2204	2205	2515	82.077
MGG_04209T0	2778	2779	75	1.94207
MGG_01453T0	2446	2447	3531	103.838
MGG_16715T0	261	262	0	0
MGG_01631T0	2248	2249	5307.34	169.816
MGG_08119T0	393	394	1	0.18264
MGG_00239T0	3723	3724	0	0
MGG_16302T0	1145	1146	88	5.52574
MGG_15724T0	1579	1580	12.9671	0.590577
MGG_17493T0	534	535	15.5554	2.09228
MGG_08026T0	965	966	17	1.26638
MGG_06765T0	2578	2579	3069	85.6323
MGG_00134T0	4621	4622	4582	71.3374
MGG_16721T0	2775	2776	194	5.02892
MGG_04903T0	2970	2971	508.665	12.3203
MGG_16514T0	561	562	2	0.256086
MGG_12424T0	3228	3229	223	4.96969
MGG_04790T0	6360	6361	1945	22.0032
MGG_04058T0	1577	1578	319	14.5471
MGG_04440T0	3046	3047	8023	189.477
MGG_01625T0	20262	20263	3025.46	10.7443
MGG_01625T1	20188	20189	4842.54	17.2604
MGG_04415T0	2693	2694	265.551	7.0932
MGG_07340T0	3338	3339	244	5.25854
MGG_00360T0	2421	2422	705	20.9463
MGG_03520T0	348	349	769	158.56
MGG_13209T0	1179	1180	955.593	58.2751
MGG_04646T0	2915	2916	1492.56	36.833
MGG_04501T0	2464	2465	2024	59.0862
MGG_02482T0	3347	3348	2011	43.2234
MGG_03643T0	4572	4573	218.718	3.44172
MGG_12308T0	2768	2769	879.931	22.8674
MGG_00433T0	615	616	108	12.6164
MGG_10578T0	1791	1792	8186	328.72
MGG_09912T0	2338	2339	1379	42.4254
MGG_14736T0	1134	1135	44	2.78964
MGG_08802T0	1506	1507	315	15.0414
MGG_02372T0	934	935	987	75.9622
MGG_06332T0	1047	1048	2048	140.624
MGG_16508T0	399	400	19	3.41811
MGG_10189T0	2480	2481	933	27.0612
MGG_03339T0	695	696	0	0
MGG_04120T0	2852	2853	701	17.6811
MGG_09149T0	2925	2926	0	0
MGG_08525T0	1560	1561	26	1.19857
MGG_11928T0	195	196	0	0
MGG_10621T0	1582	1583	0	0
MGG_18068T0	306	307	0	0
MGG_15050T0	1371	1372	86	4.51062
MGG_05459T0	4284	4285	448	7.52349
MGG_17274T0	1137	1138	105.798	6.69005
MGG_17274T1	1084	1085	977.971	64.8617
MGG_08933T0	2264	2265	5.4925	0.1745
MGG_12043T0	315	316	0	0
MGG_05817T0	2108	2109	289	9.86083
MGG_00815T0	804	805	19	1.69844
MGG_05194T0	1341	1342	1605.82	86.1066
MGG_02568T0	453	454	686	108.733
MGG_12175T0	16315	16316	1066	4.70149
MGG_06950T0	1701	1702	3397.91	143.663
MGG_12387T0	1215	1216	5580	330.212
MGG_04725T0	2253	2254	841	26.8494
MGG_08340T0	3001	3002	867.019	20.7831
MGG_01592T0	1929	1930	1832	68.3062
MGG_09740T0	336	337	0	0
MGG_01370T0	2918	2919	94	2.31732
MGG_08752T0	1395	1396	22	1.13404
MGG_08309T0	4752	4753	535	8.09987
MGG_06498T0	1382	1383	353.854	18.4117
MGG_02775T0	2065	2066	2155.97	75.0938
MGG_00485T0	4086	4087	688.226	12.1177
MGG_13926T0	1800	1801	24920	995.695
MGG_10383T0	1897	1898	892	33.819
MGG_03635T0	1011	1012	1950	138.658
MGG_17783T0	168	169	0	0
MGG_09468T0	1465	1466	6	0.294516
MGG_03871T0	2790	2791	77	1.98529
MGG_00420T0	1605	1606	4	0.179228
MGG_13529T0	622	623	21	2.42562
MGG_03055T0	2500	2501	137.88	3.96717
MGG_00919T0	2214	2215	448	14.5545
MGG_08952T0	876	877	0	0
MGG_08824T0	1169	1170	2697.88	165.931
MGG_17690T0	3075	3076	4060	94.9799
MGG_16306T0	153	154	15	7.00911
MGG_03021T0	2339	2340	706	21.7111
MGG_07858T0	14334	14335	10	0.0501989
MGG_07278T0	2422	2423	2169	64.4167
MGG_04201T0	1630	1631	10266	452.939
MGG_16834T0	2451	2452	188	5.51734
MGG_16513T0	516	517	24	3.34051
MGG_14722T0	2865	2866	0	0
MGG_15925T0	261	262	0	0
MGG_06248T0	2027	2028	891.769	31.6429
MGG_15629T0	180	181	0	0
MGG_15335T0	981	982	0	0
MGG_05342T0	1562	1563	6875	316.523
MGG_04686T0	2567	2568	1468	41.1361
MGG_15837T0	1421	1422	234	11.8415
MGG_09834T0	2986	2987	719	17.3215
MGG_00682T0	360	361	720	143.522
MGG_17762T0	306	307	0	0
MGG_12098T0	2397	2398	1887	56.6259
MGG_11525T0	1166	1167	1	0.0616625
MGG_09081T0	1707	1708	9025	380.234
MGG_15038T0	3810	3811	24727	466.901
MGG_06492T0	4093	4094	1108	19.4753
MGG_09917T0	4031	4032	3784	67.534
MGG_16999T0	644	645	7	0.780963
MGG_14835T0	2135	2136	704	23.7172
MGG_00565T0	561	562	1	0.128043
MGG_10699T0	1637	1638	336	14.7611
MGG_17815T0	322	323	22	4.90131
MGG_07461T0	3218	3219	543	12.1387
MGG_10500T0	1374	1375	0	0
MGG_16573T0	510	511	0	0
MGG_14116T0	321	322	8	1.78783
MGG_03990T0	2445	2446	618.455	18.1947
MGG_08066T0	666	667	18.1114	1.95397
MGG_16824T0	198	199	2	0.723218
MGG_04418T0	2067	2068	3150.92	109.643
MGG_16118T0	195	196	2	0.734287
MGG_09861T0	2152	2153	75	2.50674
MGG_07012T0	2679	2680	3713	99.697
MGG_06451T0	1516	1517	16	0.758973
MGG_17209T0	561	562	0	0
MGG_18133T0	2424	2425	0	0
MGG_07083T0	3917	3918	3096	56.8629
MGG_06669T0	1140	1141	1305	82.3032
MGG_05881T0	2325	2326	113	3.49591
MGG_00046T0	2838	2839	25	0.633675
MGG_12864T0	1751	1752	288	11.8291
MGG_10056T0	1690	1691	5	0.212774
MGG_12760T0	2523	2524	101.829	2.90319
MGG_12760T1	2002	2003	131.42	4.72142
MGG_02624T0	1415	1416	1956	99.4026
MGG_04955T0	1230	1231	263	15.3741
MGG_15248T0	4836	4837	5	0.0743851
MGG_09408T1	8496	8497	1205.77	10.2115
MGG_09408T2	8207	8208	0.00129482	1.13518e-05
MGG_09408T0	8566	8567	16397.1	137.731
MGG_06724T0	1059	1060	140	9.50417
MGG_04974T0	1147	1148	933	58.4833
MGG_16778T0	1323	1324	4.54461	0.247002
MGG_06009T0	1503	1504	46	2.20091
MGG_17863T0	150	151	2	0.953115
MGG_08626T1	1568	1569	74.4611	3.41506
MGG_08626T0	2128	2129	589.75	19.9335
MGG_13874T0	1722	1723	0	0
MGG_01412T0	1548	1549	27	1.25431
MGG_14742T0	2558	2559	692	19.4593
MGG_13679T0	222	223	0	0
MGG_18090T0	756	757	0	0
MGG_13563T0	1153	1154	7622	475.286
MGG_06636T0	1268	1269	218	12.362
MGG_12473T0	3405	3406	6513	137.603
MGG_05984T0	1861	1862	1498	57.8928
MGG_16191T0	162	163	1	0.441473
MGG_14622T0	246	247	0	0
MGG_09969T0	1773	1774	94	3.813
MGG_06155T0	3628	3629	32	0.634534
MGG_09695T0	1341	1342	405.777	21.7584
MGG_15296T0	615	616	0	0
MGG_09503T0	1946	1947	71	2.62412
MGG_04114T0	2122	2123	4473	151.615
MGG_06148T0	3084	3085	15863.6	370.033
MGG_00589T0	1793	1794	330.559	13.2592
MGG_12606T0	1834	1835	21701	851.012
MGG_15769T0	2335	2336	1829	56.3421
MGG_06261T0	4936	4937	2688	39.1794
MGG_13291T0	3080	3081	57	1.3313
MGG_05927T0	1081	1082	480	31.9232
MGG_02939T0	2965	2966	3861	93.6744
MGG_17790T0	294	295	0	0
MGG_17492T0	2971	2972	725	17.5542
MGG_08677T0	1143	1144	2	0.125804
MGG_04325T0	2424	2425	18538.2	550.107
MGG_02944T0	5145	5146	8443	118.064
MGG_14340T0	1035	1036	8.1421	0.565547
MGG_06078T0	2372	2373	475	14.4042
MGG_03327T0	1707	1708	1670	70.3592
MGG_12733T0	1024	1025	7	0.491435
MGG_05652T0	5487	5488	5658.99	74.2023
MGG_16708T0	156	157	2	0.91669
MGG_03599T0	1519	1520	637.293	30.1709
MGG_03524T0	1825	1826	3011	118.659
MGG_06737T0	711	712	34.7195	3.50902
MGG_10013T0	1017	1018	0	0
MGG_00540T0	2167	2168	584	19.3841
MGG_12668T0	1014	1015	314	22.2616
MGG_04406T0	8595	8596	67	0.560881
MGG_03940T0	1957	1958	873.013	32.0848
MGG_14862T0	372	373	51	9.83906
MGG_08132T0	1762	1763	4447	181.513
MGG_15515T0	1494	1495	1	0.0481339
MGG_08838T0	698	699	511	52.6061
MGG_03723T0	1551	1552	1773	82.2071
MGG_16587T0	252	253	0	0
MGG_11304T0	556	557	15	1.93789
MGG_02110T0	1109	1110	0	0
MGG_01252T0	731	732	740	72.7466
MGG_09381T0	1317	1318	0	0
MGG_06653T0	1305	1306	11846	652.711
MGG_17147T0	180	181	1	0.39757
MGG_16136T0	183	184	6	2.34653
MGG_14791T0	1191	1192	99	5.97656
MGG_14994T0	923	924	7	0.545153
MGG_07934T0	1017	1018	16	1.131
MGG_17198T0	711	712	30	3.03203
MGG_09603T0	1044	1045	2	0.137723
MGG_06387T0	2162	2163	1473	49.0048
MGG_13026T0	961	962	144	10.7716
MGG_09827T0	1850	1851	1266	49.2175
MGG_04973T0	1724	1725	36	1.50178
MGG_10537T0	2131	2132	114	3.84778
MGG_09128T0	539	540	3	0.399779
MGG_16155T0	228	229	2	0.628473
MGG_17416T0	784	785	44	4.03344
MGG_02385T0	4158	4159	2126	36.7846
MGG_10179T0	726	727	2548.73	252.28
MGG_03476T0	2080	2081	251	8.67948
MGG_10917T0	1659	1660	0	0
MGG_04167T0	687	688	5535	578.924
MGG_17849T0	201	202	0	0
MGG_08200T0	2930	2931	291	7.14446
MGG_02621T1	1853	1854	0	0
MGG_02621T0	1712	1713	168.646	7.08452
MGG_01695T0	5453	5454	5070.21	66.8965
MGG_08684T0	447	448	0	0
MGG_01294T0	3999	4000	495	8.90507
MGG_16736T0	366	367	6.67518	1.30885
MGG_04962T0	1917	1918	76	2.85139
MGG_06752T0	3036	3037	900	21.325
MGG_00445T0	2165	2166	289.509	9.61823
MGG_11783T0	5168	5169	6265	87.2181
MGG_02522T0	438	439	265	43.4384
MGG_06904T0	2016	2017	1017	36.2833
MGG_10255T0	1530	1531	0	0
MGG_00496T0	1533	1534	2231	104.657
MGG_06575T0	1845	1846	32	1.24741
MGG_13168T0	3623	3624	727	14.4357
MGG_09015T0	1432	1433	4	0.200866
MGG_18141T0	372	373	0	0
MGG_11196T0	3505	3506	846	17.364
MGG_07832T0	1224	1225	22	1.29235
MGG_16495T0	243	244	1	0.294919
MGG_11708T0	663	664	743	80.5217
MGG_00825T0	342	343	0	0
MGG_16947T0	840	841	38.5505	3.29858
MGG_11149T0	1670	1671	4646	200.076
MGG_01894T0	3144	3145	5017	114.793
MGG_15976T0	2652	2653	2	0.0542481
MGG_12129T0	1050	1051	3147	215.47
MGG_10669T0	2343	2344	579	17.7751
MGG_08063T0	1971	1972	1875	68.4205
MGG_06418T0	2222	2223	4808	155.639
MGG_00976T0	4815	4816	2408	35.9801
MGG_15933T0	2066	2067	8	0.278511
MGG_05186T0	1518	1519	6101	289.025
MGG_15364T0	666	667	0	0
MGG_08620T0	1803	1804	285	11.3684
MGG_17654T0	1274	1275	0	0
MGG_09617T0	375	376	2	0.382767
MGG_12377T0	5995	5996	4714	56.5744
MGG_05236T0	1201	1202	694	41.5477
MGG_10596T0	2832	2833	2855.61	72.5344
MGG_10596T1	3025	3026	2374.39	56.4645
MGG_06521T0	1799	1800	1437	57.4482
MGG_09376T0	1650	1651	1	0.0435858
MGG_03634T0	2734	2735	9395	247.19
MGG_12174T0	1307	1308	3562	195.965
MGG_01457T0	3311	3312	1441.44	31.3182
MGG_12480T0	1215	1216	0	0
MGG_08296T0	1701	1702	12.0709	0.510356
MGG_08296T1	1419	1420	66.9291	3.39171
MGG_16038T0	2396	2397	1479	44.4009
MGG_12946T0	678	679	3	0.317939
MGG_05599T0	3581	3582	494	9.92415
MGG_04657T0	5521	5522	1239.24	16.1492
MGG_03832T0	1497	1498	0	0
MGG_00290T0	1205	1206	45.0384	2.68737
MGG_05826T0	1538	1539	20	0.935155
MGG_00167T0	1346	1347	12623	674.353
MGG_08962T0	995	996	2	0.144498
MGG_15565T0	1815	1816	372	14.7407
MGG_11534T0	3856	3857	10309	192.335
MGG_09300T0	3196	3197	3234	72.793
MGG_00765T0	468	469	67	10.28
MGG_14926T0	531	532	0	0
MGG_09724T0	417	418	0	0
MGG_00079T1	2031	2032	0	0
MGG_00079T0	1866	1867	4	0.154173
MGG_18142T0	564	565	0	0
MGG_13440T0	1476	1477	149	7.25935
MGG_11280T0	870	871	1	0.0826179
MGG_06771T0	675	676	49459	5264.91
MGG_17332T0	186	187	2	0.769627
MGG_17724T0	1497	1498	258.945	12.4391
MGG_16722T0	273	274	5	1.31314
MGG_11904T0	4618	4619	782	12.1829
MGG_02486T0	2571	2572	272	7.61009
MGG_10607T0	1921	1922	2243	83.9785
MGG_14772T0	1102	1103	13252	864.566
MGG_04067T0	3266	3267	317	6.98236
MGG_00203T0	2521	2522	6	0.171198
MGG_01615T0	4199	4200	4589	78.625
MGG_00759T0	2096	2097	1783.31	61.1955
MGG_00834T0	2098	2099	585	20.0556
MGG_16771T0	283	284	16	4.05409
MGG_01817T0	2851	2852	1366	34.4662
MGG_09310T0	2712	2713	644	17.0816
MGG_16922T0	426	427	4	0.6741
MGG_04423T0	2567	2568	1747.85	48.978
MGG_01180T0	1426	1427	1833	92.4338
MGG_07505T0	809	810	53	4.7085
MGG_17252T0	1554	1555	41	1.89734
MGG_15246T0	1008	1009	18	1.28373
MGG_10435T0	1221	1222	0	0
MGG_04364T0	2127	2128	114	3.85501
MGG_17998T0	465	466	0	0
MGG_17781T0	267	268	0	0
MGG_15752T0	219	220	28	9.15857
MGG_13499T0	2056	2057	1121	39.216
MGG_02302T0	1350	1351	16	0.85223
MGG_16275T0	150	151	0	0
MGG_02064T0	2094	2095	12	0.412182
MGG_01130T0	2570	2571	4852	135.803
MGG_08771T0	1150	1151	395	24.6953
MGG_16691T0	204	205	0	0
MGG_12159T0	2070	2071	825.015	28.6664
MGG_15052T0	339	340	1	0.211648
MGG_11061T0	2860	2861	7912	199.003
MGG_00102T0	2344	2345	468	14.3613
MGG_06587T0	1783	1784	156.23	6.30174
MGG_16442T0	1093	1094	311	20.4567
MGG_00127T0	2040	2041	91	3.20841
MGG_08121T0	2084	2085	1519	52.4257
MGG_03945T0	2144	2145	261	8.75599
MGG_02972T0	2003	2004	2	0.0718165
MGG_01666T0	2935	2936	4681	114.729
MGG_15295T0	2892	2893	1543	38.3804
MGG_12383T0	2778	2779	1	0.0258943
MGG_08974T0	2337	2338	378	11.6343
MGG_07673T0	1927	1928	357	13.3246
MGG_01122T0	1153	1154	26	1.62129
MGG_16719T0	279	280	0	0
MGG_16335T0	246	247	4	1.16535
MGG_17665T0	420	421	0	0
MGG_15005T0	2135	2136	985	33.1839
MGG_06960T0	2469	2470	1335	38.8934
MGG_06932T0	2472	2473	2054	59.768
MGG_11573T0	992	993	2965	214.866
MGG_02050T0	1670	1671	1370	58.9979
MGG_17091T0	192	193	28	10.4398
MGG_03997T0	3463	3464	10463.3	217.363
MGG_15540T0	1449	1450	1012.18	50.2321
MGG_13222T0	2525	2526	1410	40.1678
MGG_11945T0	2886	2887	1016	25.3244
MGG_03630T0	2058	2059	1964	68.64
MGG_17700T0	331	332	7	1.51723
MGG_04131T0	2168	2169	5141.22	170.568
MGG_14330T0	1653	1654	36	1.56624
MGG_08334T0	1710	1711	225.529	9.48518
MGG_10805T0	990	991	0	0
MGG_04878T0	6696	6697	3631	39.0156
MGG_04703T0	6310	6311	5165	58.8931
MGG_06323T0	1244	1245	9541.53	551.494
MGG_16716T0	396	397	40	7.25039
MGG_08203T0	486	487	5084	751.223
MGG_05477T0	1892	1893	7932	301.526
MGG_01218T0	4042	4043	10	0.177987
MGG_17997T0	339	340	2	0.423295
MGG_17955T0	582	583	5	0.617154
MGG_16634T0	1284	1285	47.3859	2.65361
MGG_00700T0	2586	2587	2406	66.9255
MGG_17876T0	339	340	1	0.211648
MGG_07258T0	2947	2948	308	7.51823
MGG_07211T0	2131	2132	2575	86.9125
MGG_14216T0	480	481	20	2.99211
MGG_08176T0	756	757	22	2.09131
MGG_01455T0	920	921	4.09999	0.320343
MGG_17903T0	288	289	3	0.746991
MGG_10266T0	1293	1294	0	0
MGG_13180T0	198	199	4	1.44644
MGG_08387T0	1632	1633	0	0
MGG_08737T0	1931	1932	29	1.08015
MGG_06138T0	3997	3998	3784	68.1084
MGG_16123T0	417	418	1	0.172153
MGG_09391T0	1281	1282	0	0
MGG_00833T0	2843	2844	237	5.99668
MGG_15542T0	291	292	0	0
MGG_13671T0	240	241	1	0.29859
MGG_00143T0	2383	2384	2913	87.9278
MGG_04002T0	896	897	9403	754.338
MGG_12922T0	5146	5147	1690	23.6279
MGG_17316T0	258	259	0	0
MGG_03316T1	3068	3069	29	0.679975
MGG_03316T0	2946	2947	0	0
MGG_10696T0	1810	1811	99	3.93377
MGG_11340T0	4555	4556	2452.27	38.7325
MGG_15110T0	1329	1330	118.77	6.42612
MGG_09995T0	4732	4733	7316	111.232
MGG_10414T0	1884	1885	282	10.7654
MGG_11188T0	4106	4107	218.643	3.83092
MGG_03714T0	3257	3258	6125	135.284
MGG_06218T0	3768	3769	5488	104.78
MGG_15188T0	639	640	0	0
MGG_15037T0	1638	1639	2	0.0878098
MGG_10475T0	1431	1432	0	0
MGG_16138T0	309	310	3	0.696389
MGG_04678T0	1761	1762	1208	49.3348
MGG_15701T0	3144	3145	0	0
MGG_01840T0	3259	3260	1080	23.8396
MGG_16977T0	423	424	3	0.509152
MGG_16729T0	1733	1734	2013	83.5385
MGG_04493T0	2789	2790	1894	48.8504
MGG_07726T0	369	370	24	4.66769
MGG_07529T0	821	822	114	9.97988
MGG_02782T0	1635	1636	1477	64.9665
MGG_10066T0	942	943	29265	2233.21
MGG_05375T0	1286	1287	1468	82.0804
MGG_04003T0	1305	1306	251	13.83
MGG_03979T0	3028	3029	1158.22	27.5158
MGG_16355T0	901	902	2	0.159557
MGG_07584T0	1629	1630	0	0
MGG_03651T0	2240	2241	139.295	4.47285
MGG_09359T0	4034	4035	273.43	4.87634
MGG_10483T0	1929	1930	15	0.559276
MGG_11710T0	1032	1033	1574	109.647
MGG_04278T0	1113	1114	14	0.904347
MGG_15441T0	1716	1717	0	0
MGG_16311T0	892	893	429.721	34.628
MGG_15771T0	413	414	20	3.47634
MGG_15194T0	723	724	0	0
MGG_05258T0	2178	2179	3055	100.89
MGG_04818T0	1461	1462	2979	146.627
MGG_08587T0	2659	2660	408	11.0375
MGG_15239T0	1442	1443	6305	314.421
MGG_10466T0	798	799	0	0
MGG_08134T0	4108	4109	133.966	2.34613
MGG_04669T0	3578	3579	3960	79.6206
MGG_00816T0	831	832	25	2.16226
MGG_02117T0	2134	2135	2659	89.6216
MGG_04363T0	2953	2954	2972	72.3986
MGG_00709T0	741	742	476.2	46.1826
MGG_08218T0	471	472	0	0
MGG_17070T0	237	238	5	1.51177
MGG_06763T0	1939	1940	849.569	31.5129
MGG_08342T0	1826	1827	39.4988	1.55574
MGG_13532T0	3769	3770	2260	43.1379
MGG_10441T0	1014	1015	56	3.97022
MGG_07434T0	2608	2609	4179	115.263
MGG_00920T0	1676	1677	218	9.35439
MGG_13007T0	2666	2667	1204	32.486
MGG_05294T0	1469	1470	1638	80.1842
MGG_10792T0	1332	1333	215	11.6065
MGG_00468T0	2999	3000	3811	91.4134
MGG_16802T0	492	493	3	0.437891
MGG_15501T1	1207	1208	0	0
MGG_15501T0	1211	1212	131.903	7.83151
MGG_04729T0	1368	1369	2975	156.378
MGG_15991T0	3364	3365	856	18.3055
MGG_08871T0	4185	4186	652	11.2083
MGG_03510T0	5258	5259	2823	38.6278
MGG_07052T0	1791	1792	1476	59.2708
MGG_15062T0	1585	1586	234	10.6171
MGG_14966T0	1548	1549	11	0.511015
MGG_05163T0	1857	1858	2	0.0774598
MGG_03086T0	1245	1246	396	22.8702
MGG_01008T0	3036	3037	4677	110.819
MGG_01036T0	2033	2034	74	2.61802
MGG_16749T0	2622	2623	1268	34.7867
MGG_18012T0	159	160	2	0.899502
MGG_17988T0	741	742	499	48.3937
MGG_06916T0	1006	1007	944.353	67.4834
MGG_04935T0	1993	1994	12288	443.454
MGG_14676T0	2887	2888	4378	109.086
MGG_03388T0	1608	1609	469	20.9753
MGG_04803T0	5110	5111	3748	52.7698
MGG_00120T0	588	589	3	0.36652
MGG_10630T0	3140	3141	1548.84	35.4839
MGG_08526T0	1725	1726	3	0.125076
MGG_11688T0	575	576	9	1.12438
MGG_07212T0	928	929	472	36.561
MGG_03849T0	868	869	41	3.39513
MGG_04830T0	1995	1996	1631.45	58.8172
MGG_15072T0	3036	3037	7219	171.051
MGG_03650T0	945	946	125	9.50848
MGG_16112T0	156	157	4	1.83338
MGG_01940T0	1434	1435	1	0.0501465
MGG_07878T0	2503	2504	469	13.4782
MGG_17352T0	207	208	2	0.691925
MGG_03128T0	1177	1178	51	3.11542
MGG_08423T0	1973	1974	2941.62	107.234
MGG_09935T0	4038	4039	554.824	9.88493
MGG_09175T0	1511	1512	59	2.80797
MGG_00634T0	4254	4255	215	3.63606
MGG_17024T0	1368	1369	0	0
MGG_06825T0	1146	1147	26	1.63118
MGG_03625T0	2340	2341	6688	205.583
MGG_07247T0	1659	1660	113	4.89849
MGG_03619T0	2247	2248	16761	536.532
MGG_10782T0	669	670	0	0
MGG_14944T0	897	898	12	0.961606
MGG_15412T0	252	253	0	0
MGG_15957T0	405	406	6	1.06345
MGG_13014T0	6236	6237	25062	289.156
MGG_10855T0	1470	1471	637.527	31.1873
MGG_16738T0	2383	2384	388.546	11.7281
MGG_11282T0	2637	2638	685.843	18.7086
MGG_10619T0	763	764	5	0.470943
MGG_07455T0	1382	1383	25	1.3008
MGG_08178T0	3161	3162	351	7.98799
MGG_14593T0	939	940	0	0
MGG_07251T0	948	949	21	1.59237
MGG_01436T0	1951	1952	550.773	20.3042
MGG_00780T0	1249	1250	483	27.8054
MGG_13374T0	867	868	74	6.13485
MGG_17078T0	2356	2357	1589	48.5128
MGG_12164T0	2305	2306	2673	83.4126
MGG_08594T0	4347	4348	4170.34	69.0199
MGG_01834T0	3641	3642	993	19.6201
MGG_11869T0	774	775	432	40.112
MGG_11489T0	5188	5189	456.02	6.32401
MGG_14857T0	1502	1503	568.983	27.2416
MGG_01943T0	687	688	0	0
MGG_10400T0	1501	1502	963	46.1369
MGG_04577T0	3087	3088	832	19.3882
MGG_15175T0	2276	2277	926	29.2644
MGG_01419T0	4812	4813	866	12.9477
MGG_00268T0	2145	2146	74.8075	2.50846
MGG_00268T1	2581	2582	31.1925	0.869332
MGG_14712T0	14199	14200	195	0.988185
MGG_07660T0	4179	4180	12229	210.527
MGG_03493T0	1809	1810	19	0.755383
MGG_17372T0	1752	1753	16	0.656796
MGG_09664T0	2875	2876	18	0.450377
MGG_04826T0	1677	1678	2040	87.4843
MGG_13598T0	1365	1366	32	1.68574
MGG_15322T0	780	781	39	3.5934
MGG_14496T0	4213	4214	989	16.8886
MGG_08050T0	1861	1862	1852	71.5737
MGG_15888T0	2531	2532	403	11.4534
MGG_01756T0	1121	1122	2647	169.767
MGG_09675T0	426	427	0	0
MGG_09501T0	1212	1213	500	29.6621
MGG_09266T0	987	988	724	52.7319
MGG_06429T0	2123	2124	265	8.97808
MGG_00958T0	2410	2411	1021	30.4734
MGG_14981T0	681	682	0	0
MGG_07276T0	2989	2990	1774	42.6948
MGG_16153T0	186	187	0	0
MGG_08112T0	2805	2806	1918	49.1873
MGG_04253T0	1942	1943	6	0.222214
MGG_03733T0	1741	1742	813.564	33.6075
MGG_11899T0	3679	3680	7914	154.753
MGG_13465T0	2066	2067	411	14.3085
MGG_16458T0	360	361	10	1.99336
MGG_02889T0	902	903	74791	5960.1
MGG_17596T0	1750	1751	500	20.5483
MGG_00345T0	7679	7680	7213	67.5845
MGG_17837T0	237	238	0	0
MGG_08275T0	820	821	19718	1728.27
MGG_00142T0	2812	2813	4620	118.186
MGG_17124T0	183	184	0	0
MGG_07731T0	2493	2494	357	10.3006
MGG_01224T0	2976	2977	470	11.3609
MGG_08003T0	1664	1665	2	0.0864386
MGG_04383T0	1572	1573	220	10.0644
MGG_17495T0	423	424	0	0
MGG_16307T0	322	323	0	0
MGG_18039T0	831	832	14	1.21087
MGG_03157T0	1746	1747	358	14.7463
MGG_05661T0	1036	1037	9513.11	660.14
MGG_04712T0	2296	2297	842.348	26.389
MGG_09261T0	969	970	26	1.92883
MGG_14718T0	414	415	0	0
MGG_10448T0	2893	2894	4116.87	102.367
MGG_09839T0	1297	1298	21	1.16422
MGG_08011T0	1316	1317	175	9.5619
MGG_16662T0	309	310	0	0
MGG_14565T0	564	565	3	0.382089
MGG_00691T0	2781	2782	1624	42.0069
MGG_08897T0	2517	2518	508	14.5178
MGG_10492T0	1910	1911	10198	384.013
MGG_06458T0	2101	2102	2543.9	87.0882
MGG_05418T0	852	853	46	3.88062
MGG_03961T0	1353	1354	680.944	36.1897
MGG_03301T0	1124	1125	20	1.27929
MGG_08844T0	1086	1087	2264.36	149.902
MGG_03765T0	2424	2425	5995	177.897
MGG_09536T0	3497	3498	2724	56.0376
MGG_10278T0	1534	1535	2	0.0937592
MGG_16418T0	1224	1225	30	1.76229
MGG_18032T0	189	190	0	0
MGG_08323T0	1525	1526	2788.99	131.518
MGG_04076T0	1752	1753	31	1.27254
MGG_15938T0	387	388	0	0
MGG_10509T0	1365	1366	2	0.105359
MGG_02591T0	890	891	6	0.48458
MGG_05843T0	1676	1677	2	0.0858201
MGG_15846T0	366	367	43	8.4313
MGG_07354T0	1371	1372	325	17.046
MGG_04839T0	1300	1301	1905	105.368
MGG_13025T0	2341	2342	112	3.44131
MGG_10779T0	402	403	0	0
MGG_03898T0	2124	2125	11	0.3725
MGG_01729T0	1246	1247	54	3.11616
MGG_00275T0	2382	2383	372.446	11.2469
MGG_13549T0	984	985	163	11.9081
MGG_01611T0	666	667	641	69.1551
MGG_15329T0	1386	1387	69	3.57985
MGG_04570T0	1962	1963	146	5.35211
MGG_04081T0	888	889	987	79.8928
MGG_04370T0	2842	2843	5	0.126557
MGG_17360T0	330	331	1	0.217402
MGG_04339T0	1943	1944	2	0.0740331
MGG_15811T0	1274	1275	180	10.1591
MGG_09353T0	2181	2182	0	0
MGG_12749T0	2471	2472	1133	32.9817
MGG_10467T0	650	651	0	0
MGG_16754T0	359	360	24	4.79734
MGG_08057T0	1617	1618	430	19.1241
MGG_00752T0	1346	1347	618	33.0151
MGG_16627T0	201	202	0	0
MGG_06449T0	3945	3946	100.446	1.83175
MGG_18036T0	159	160	0	0
MGG_03900T0	2112	2113	1334	45.4306
MGG_02224T0	1470	1471	165	8.07167
MGG_08027T0	720	721	3	0.299418
MGG_02881T0	1374	1375	135	7.06518
MGG_06821T0	1995	1996	462	16.6561
MGG_10154T0	1525	1526	1727	81.4385
MGG_03003T0	1443	1444	536	26.711
MGG_16434T0	772	773	1.0063	0.0936789
MGG_05397T0	2153	2154	64	2.13809
MGG_00689T0	3262	3263	622	13.7172
MGG_01007T0	1299	1300	259.024	14.338
MGG_04891T0	3302	3303	162	3.52938
MGG_05844T0	1690	1691	28	1.19153
MGG_02132T0	3140	3141	889	20.3669
MGG_11612T0	1625	1626	395	17.4811
MGG_01807T0	1304	1305	1813	99.9722
MGG_06902T0	3372	3373	798	17.0247
MGG_01259T0	1874	1875	1145	43.9437
MGG_00238T0	1530	1531	0	0
MGG_11749T0	240	241	72	21.4985
MGG_06941T0	2084	2085	1046	36.1009
MGG_06321T0	2437	2438	2002	59.0912
MGG_04037T0	6031	6032	2755	32.8664
MGG_09216T0	1091	1092	69	4.54693
MGG_07063T0	3045	3046	2378	56.179
MGG_09487T0	2025	2026	1328	47.1684
MGG_04495T0	2406	2407	966	28.8797
MGG_05913T0	657	658	235086	25709.5
MGG_00513T0	358	359	1395	279.622
MGG_13188T0	1736	1737	441	18.2697
MGG_11543T0	1471	1472	412	20.141
MGG_03425T0	1245	1246	10	0.577529
MGG_16057T0	630	631	0	0
MGG_04720T0	1879	1880	769	29.4348
MGG_17836T0	159	160	0	0
MGG_17490T0	956	957	13	0.977515
MGG_15281T0	4126	4127	840.597	14.657
MGG_01551T0	2887	2888	6924	172.525
MGG_07002T0	475	476	14	2.11648
MGG_00876T0	2219	2220	683.449	22.1536
MGG_17787T0	2185	2186	1571.06	51.717
MGG_16703T0	357	358	0	0
MGG_01989T0	1665	1666	0	0
MGG_04321T1	4397	4398	6672.38	109.174
MGG_04321T0	3549	3550	1740.62	35.2832
MGG_01804T0	3008	3009	1588	37.977
MGG_01518T0	4308	4309	2398.84	40.0606
MGG_06694T0	2266	2267	2197.34	69.7491
MGG_09541T0	1836	1837	22	0.861798
MGG_13185T0	2727	2728	7742	204.221
MGG_02062T0	1206	1207	742	44.2373
MGG_07927T0	2252	2253	705.319	22.5277
MGG_17424T0	201	202	0	0
MGG_17154T0	2099	2100	0	0
MGG_11288T0	2535	2536	397.444	11.2776
MGG_15133T0	3145	3146	4567	104.463
MGG_01048T0	1431	1432	459.638	23.0975
MGG_07404T0	1806	1807	7	0.278761
MGG_12715T0	672	673	176	18.8187
MGG_17007T0	150	151	8.61702	4.10651
MGG_04978T0	1591	1592	5297	239.43
MGG_02611T0	4019	4020	879	15.7346
MGG_17287T0	1080	1081	0	0
MGG_01075T0	579	580	69	8.56078
MGG_16007T0	600	601	0	0
MGG_07237T0	1216	1217	1023	60.4891
MGG_00633T0	3102	3103	1157	26.8314
MGG_00636T0	1953	1954	1014	37.3427
MGG_16748T0	420	421	6	1.02556
MGG_14983T0	546	547	0	0
MGG_09697T0	4920	4921	10943	160.02
MGG_02203T0	1678	1679	0	0
MGG_16366T0	273	274	1	0.262628
MGG_08304T0	3948	3949	197.846	3.60523
MGG_15444T0	325	326	2	0.441473
MGG_11739T0	1647	1648	215	9.38801
MGG_11445T1	1042	1043	0	0
MGG_11445T0	1050	1051	46.3625	3.17436
MGG_09251T0	882	883	14	1.14093
MGG_12636T0	2586	2587	1157	32.1832
MGG_16860T0	1481	1482	53	2.57347
MGG_13223T0	4029	4030	753	13.4457
MGG_02006T0	2349	2350	85	2.60281
MGG_04375T0	1988	1989	397.209	14.3707
MGG_08333T0	1163	1164	106.471	6.58216
MGG_06225T0	462	463	83	12.9
MGG_17625T0	2442	2443	6	0.176734
MGG_07571T0	1498	1499	0	0
MGG_17120T0	333	334	10	2.1545
MGG_14146T0	522	523	0	0
MGG_00451T0	1532	1533	12268	575.869
MGG_12327T0	2524	2525	3284	93.591
MGG_09398T0	1932	1933	6573	244.694
MGG_05435T0	2069	2070	51	1.77293
MGG_02784T0	6946	6947	2736	28.3407
MGG_06329T0	1041	1042	336	23.204
MGG_04875T0	1163	1164	33	2.04011
MGG_03424T0	1077	1078	0	0
MGG_06374T0	1944	1945	2650	98.0434
MGG_04882T0	1801	1802	924.004	36.8987
MGG_00162T0	885	886	3765	305.79
MGG_17314T0	354	355	0	0
MGG_04917T0	4813	4814	583	8.71474
MGG_05451T0	2472	2473	4996	145.375
MGG_02778T0	543	544	11	1.45508
MGG_02461T0	2494	2495	675	19.4682
MGG_17118T0	375	376	0	0
MGG_07994T0	555	556	0	0
MGG_05692T0	705	706	205	20.8949
MGG_15078T0	3624	3625	2749	54.5706
MGG_17718T1	629	630	24	2.74134
MGG_17718T0	767	768	0	0
MGG_14883T0	904	905	2935	233.374
MGG_13871T0	525	526	0	0
MGG_05398T0	746	747	2	0.192664
MGG_04127T0	1588	1589	804	36.4103
MGG_18134T0	2043	2044	234	8.2381
MGG_10975T0	375	376	35	6.69842
MGG_04198T0	905	906	829	65.8443
MGG_07014T0	4006	4007	850	15.2648
MGG_17759T0	408	409	0	0
MGG_09729T0	450	451	7	1.1169
MGG_16603T0	408	409	1	0.175942
MGG_15968T0	1356	1357	0	0
MGG_01864T0	758	759	0	0
MGG_05429T1	711	712	0	0
MGG_05429T0	946	947	15	1.13981
MGG_17505T0	2195	2196	813	26.641
MGG_16468T0	249	250	2	0.575681
MGG_12005T0	4368	4369	4353	71.6966
MGG_05819T0	660	661	1	0.108866
MGG_05612T0	631	632	35	3.98514
MGG_00095T0	3220	3221	58.1565	1.29927
MGG_17945T0	1647	1648	2463	107.547
MGG_10683T0	1818	1819	4	0.158241
MGG_03280T0	2309	2310	517	16.1054
MGG_00355T0	850	851	871.479	73.6918
MGG_00893T0	1588	1589	16	0.724583
MGG_00893T1	1332	1333	0	0
MGG_08985T0	3125	3126	80	1.84159
MGG_09369T0	3259	3260	783.201	17.2881
MGG_03862T0	3557	3558	4119	83.3063
MGG_10286T0	336	337	0	0
MGG_00459T0	1251	1252	608.353	34.9658
MGG_06087T0	3414	3415	1434	30.2169
MGG_16397T0	222	223	0	0
MGG_10111T0	1297	1298	176	9.75731
MGG_02134T0	1816	1817	109	4.31682
MGG_16352T0	385	386	1	0.186425
MGG_04866T0	1781	1782	67.4455	2.72356
MGG_02130T0	1704	1705	11	0.464259
MGG_02320T0	1636	1637	34	1.49459
MGG_01309T0	3164	3165	298.385	6.78416
MGG_14022T0	1233	1234	5	0.291573
MGG_02346T0	2003	2004	259	9.30024
MGG_11492T0	345	346	0	0
MGG_05789T0	549	550	40	5.23347
MGG_09860T0	2260	2261	154	4.90131
MGG_11383T0	2547	2548	904	25.5306
MGG_15415T0	833	834	2	0.172566
MGG_07081T0	1224	1225	77	4.52321
MGG_15989T0	2739	2740	5422.33	142.406
MGG_10489T0	3144	3145	796	18.2131
MGG_10432T0	784	785	12	1.10003
MGG_02545T0	1064	1065	403	27.23
MGG_09504T0	4279	4280	1721	28.9354
MGG_04558T1	3205	3206	999.302	22.4298
MGG_04558T0	2805	2806	1214.7	31.1511
MGG_00804T0	1426	1427	1825.91	92.0762
MGG_17570T0	567	568	0	0
MGG_04254T0	921	922	8	0.624383
MGG_04091T0	1826	1827	326	12.8402
MGG_07188T0	1655	1656	418	18.1639
MGG_01168T0	1668	1669	1089.16	46.9598
MGG_04665T0	3148	3149	221	5.05024
MGG_00431T0	1860	1861	316	12.2189
MGG_16621T0	247	248	0	0
MGG_10687T0	1185	1186	179.656	10.9006
MGG_05383T0	1270	1271	35	1.98159
MGG_16582T0	204	205	0	0
MGG_03497T0	1717	1718	190	7.95834
MGG_12345T0	3132	3133	1489.38	34.2087
MGG_04360T0	1935	1936	43	1.59829
MGG_07521T0	3132	3133	145	3.33043
MGG_02962T0	3386	3387	157.87	3.3541
MGG_02962T1	2735	2736	3541.13	93.1361
MGG_00998T0	3184	3185	6667.93	150.652
MGG_16236T0	1498	1499	393.92	18.9103
MGG_16698T0	363	364	0	0
MGG_00710T0	2100	2101	1006	34.4559
MGG_17609T0	225	226	0	0
MGG_06681T0	2105	2106	216	7.38053
MGG_12243T0	2634	2635	1549.04	42.3033
MGG_13578T0	1297	1298	9635	534.157
MGG_09865T0	1404	1405	9616	492.505
MGG_01783T1	2097	2098	214.57	7.35961
MGG_01783T0	1027	1028	252.774	17.6942
MGG_04718T0	735	736	132	12.9059
MGG_15167T0	2513	2514	127.185	3.64051
MGG_00552T0	1392	1393	2366	122.224
MGG_09566T0	2281	2282	497.959	15.7026
MGG_15321T0	2084	2085	1670	57.6372
MGG_09352T0	2919	2920	27	0.665385
MGG_09087T0	693	694	3	0.311067
MGG_01094T0	3784	3785	374	7.11046
MGG_15559T0	747	748	20	1.92407
MGG_03826T0	1385	1386	35	1.81718
MGG_15206T0	936	937	172	13.2093
MGG_10038T0	1866	1867	0	0
MGG_01981T0	784	785	1109	101.661
MGG_06179T0	1443	1444	4889.72	243.674
MGG_08274T0	2467	2468	576	16.7946
MGG_14583T0	3242	3243	2453	54.4305
MGG_11292T0	462	463	0	0
MGG_01663T0	933	934	1045	80.5122
MGG_04621T0	5679	5680	144	1.82434
MGG_03725T0	1374	1375	400.851	20.9784
MGG_15685T0	535	536	66	8.86077
MGG_16054T0	2755	2756	178	4.64764
MGG_10702T0	1802	1803	36	1.43681
MGG_14573T0	2521	2522	380	10.8425
MGG_01268T0	2370	2371	3605	109.412
MGG_07175T0	1710	1711	2226.85	93.6553
MGG_14023T0	222	223	0	0
MGG_13852T0	504	505	0	0
MGG_02659T0	1233	1234	4315.67	251.667
MGG_02659T1	1136	1137	3105.33	196.534
MGG_15273T0	1955	1956	18	0.66221
MGG_00522T0	1995	1996	2360	85.0832
MGG_15443T0	348	349	0	0
MGG_17902T0	156	157	0	0
MGG_03525T0	1536	1537	9299	435.366
MGG_01784T0	953	954	1117.66	84.3047
MGG_08130T0	3116	3117	213	4.91739
MGG_17062T0	1163	1164	73	4.51297
MGG_01133T1	2767	2768	765.621	19.904
MGG_01133T0	3378	3379	1773.38	37.7664
MGG_00312T0	2084	2085	668	23.0549
MGG_08649T0	1393	1394	1256	64.8364
MGG_04911T0	3614	3615	296	5.89217
MGG_04640T0	4054	4055	385	6.83222
MGG_00554T0	856	857	4	0.33587
MGG_10933T0	1818	1819	10	0.395603
MGG_01300T0	1359	1360	101	5.3441
MGG_15482T0	513	514	0	0
MGG_07423T0	2256	2257	173	5.51578
MGG_04599T0	690	691	34750	3618.84
MGG_00587T0	1719	1720	2551	106.727
MGG_14807T0	593	594	1280.5	155.126
MGG_03687T0	1434	1435	7767	389.487
MGG_12714T0	1013	1014	235	16.6772
MGG_11529T0	3028	3029	251.772	5.98137
MGG_11259T0	3066	3067	45102	1058.22
MGG_11064T0	2909	2910	1647	40.728
MGG_02036T0	2881	2882	0	0
MGG_15384T0	336	337	0	0
MGG_05695T0	3522	3523	115	2.34897
MGG_11482T0	3958	3959	2168	39.4063
MGG_15068T0	399	400	0	0
MGG_11727T0	4282	4283	3123	52.4706
MGG_10170T0	804	805	404	36.1142
MGG_10659T0	2490	2491	797	23.0238
MGG_12522T0	270	271	8752	2323.97
MGG_06691T0	1260	1261	939	53.5849
MGG_03666T0	772	773	6028	561.159
MGG_06580T0	1800	1801	72	2.87681
MGG_16241T0	156	157	0	0
MGG_06221T0	2132	2133	973	32.8257
MGG_02208T0	567	568	54	6.84128
MGG_05865T0	3916	3917	43862	805.799
MGG_05296T0	351	352	3769	770.505
MGG_04355T0	567	568	0	0
MGG_06376T0	1284	1285	288	16.128
MGG_16294T0	508	509	5	0.706878
MGG_15242T0	2781	2782	26	0.672525
MGG_10911T0	597	598	0	0
MGG_12162T0	1592	1593	352	15.9008
MGG_09144T0	450	451	0	0
MGG_07745T0	3043	3044	6824	161.319
MGG_02032T0	3452	3453	0	0
MGG_14979T0	417	418	0	0
MGG_10431T0	2949	2950	8	0.195146
MGG_06370T0	2934	2935	1416	34.7174
MGG_09610T0	870	871	2077	171.597
MGG_09435T0	2770	2771	54	1.40233
MGG_07226T0	801	802	104	9.33149
MGG_17801T0	423	424	3	0.509152
MGG_05057T0	1332	1333	1348	72.7699
MGG_01985T0	2406	2407	3243	96.9534
MGG_03050T0	2427	2428	1733	51.362
MGG_01356T0	2103	2104	52	1.77848
MGG_09347T0	950	951	578	43.736
MGG_16706T0	1566	1567	4912	225.57
MGG_08691T0	949	950	2838.07	214.977
MGG_02267T0	1543	1544	11	0.51267
MGG_07569T0	1820	1821	3	0.118551
MGG_15172T0	501	502	0	0
MGG_14893T0	870	871	0	0
MGG_09986T0	1205	1206	147	8.77126
MGG_01811T0	4825	4826	278	4.14524
MGG_07738T0	1380	1381	27	1.4069
MGG_07324T0	1196	1197	4660	280.146
MGG_08189T0	2540	2541	326.203	9.23795
MGG_11168T0	2496	2497	48415	1395.25
MGG_10522T0	1994	1995	444	16.0152
MGG_17109T0	423	424	0	0
MGG_07818T0	3117	3118	15.6	0.360032
MGG_00719T0	1737	1738	749	31.0116
MGG_14351T0	2218	2219	6	0.194575
MGG_09779T0	3392	3393	360.422	7.64397
MGG_09779T1	3451	3452	336.751	7.01989
MGG_07917T0	3324	3325	758	16.4048
MGG_09849T0	1224	1225	15.0856	0.886172
MGG_13339T0	621	622	0	0
MGG_01387T0	2142	2143	4	0.134317
MGG_12047T0	4344	4345	0	0
MGG_04977T0	156	157	4635	2124.43
MGG_15598T0	627	628	334	38.2718
MGG_16347T0	531	532	9	1.21737
MGG_17071T0	297	298	10	2.41477
MGG_16199T0	261	262	0	0
MGG_04710T0	8688	8689	623	5.15953
MGG_02232T0	420	421	0	0
MGG_01593T0	3255	3256	177	3.91184
MGG_04374T0	1848	1849	3157.79	122.896
MGG_09875T0	1467	1468	132	6.47053
MGG_02648T0	2576	2577	0	0
MGG_06245T0	6918	6919	1866	19.4071
MGG_10580T0	2539	2540	1336	37.8499
MGG_07125T0	1209	1210	2327	138.389
MGG_04753T0	684	685	0	0
MGG_05860T0	2270	2271	3028	95.9469
MGG_10382T0	1243	1244	476	27.5346
MGG_00555T0	2466	2467	2646	77.1814
MGG_03743T0	3126	3127	1813	41.7217
MGG_06033T0	3949	3950	50690	923.458
MGG_06250T0	2283	2284	6352	200.127
MGG_05690T0	3450	3451	14081	293.617
MGG_14070T0	1118	1119	220	14.1477
MGG_01108T0	4561	4562	2995	47.2426
MGG_15908T0	225	226	0	0
MGG_04101T0	2280	2281	2221	70.0673
MGG_01605T0	3035	3036	4212.67	99.8499
MGG_00427T0	8566	8567	17.2683	0.145048
MGG_07157T0	2820	2821	88.1455	2.24848
MGG_13635T0	2110	2111	744	25.3616
MGG_17525T0	156	157	1	0.458345
MGG_02334T0	381	382	0	0
MGG_04550T0	3714	3715	7875	152.54
MGG_12119T1	2082	2083	112.624	3.89075
MGG_12119T0	2006	2007	746.045	26.7492
MGG_08536T0	4143	4144	17	0.295203
MGG_03737T0	3271	3272	5132	112.867
MGG_11463T0	2619	2620	100.857	2.77011
MGG_10913T0	1034	1035	0	0
MGG_04354T0	426	427	5	0.842625
MGG_16657T0	648	649	1.11683	0.123832
MGG_06596T0	1790	1791	568	22.8215
MGG_00347T0	1323	1324	319	17.3378
MGG_17145T0	820	821	4	0.350598
MGG_15055T0	605	606	321	38.1175
MGG_17443T0	285	286	0	0
MGG_05207T0	3391	3392	1190	25.2455
MGG_06319T0	1295	1296	65	3.60911
MGG_03203T0	951	952	2988.38	225.887
MGG_07901T0	639	640	3.79546	0.426753
MGG_04764T0	1758	1759	146	5.97282
MGG_07274T0	5920	5921	2405	29.2289
MGG_08690T0	1781	1782	8524	344.213
MGG_03554T0	859	860	3521	294.618
MGG_01571T0	1947	1948	3	0.110822
MGG_08625T0	2414	2415	1548	46.126
MGG_07013T0	1532	1533	14	0.65717
MGG_05113T1	2187	2188	1080.32	35.5302
MGG_05113T0	1568	1569	46.6777	2.14081
MGG_01540T0	1728	1729	110.357	4.59301
MGG_06476T0	2756	2757	2034	53.0892
MGG_12008T0	204	205	8	2.8082
MGG_17732T0	3995	3996	8601.06	154.888
MGG_13028T0	1630	1631	960.695	42.3861
MGG_05800T0	2579	2580	2	0.0557831
MGG_00649T0	1655	1656	12.3531	0.536792
MGG_01568T0	1395	1396	704	36.2894
MGG_04774T0	883	884	10300	838.45
MGG_01572T0	4095	4096	773	13.5804
MGG_15440T0	174	175	0	0
MGG_07526T0	1416	1417	348.173	17.6814
MGG_03187T0	1869	1870	2279	87.699
MGG_06177T0	1422	1423	9726.89	491.882
MGG_14910T0	1156	1157	2	0.124391
MGG_05767T0	1783	1784	21	0.847065
MGG_01394T0	2415	2416	244	7.2675
MGG_00322T0	1897	1898	56	2.12317
MGG_09188T0	1586	1587	164	7.43634
MGG_09748T0	1329	1330	643	34.7898
MGG_01822T0	1074	1075	875	58.5722
MGG_10756T0	1541	1542	5	0.233334
MGG_01264T0	2508	2509	401	11.501
MGG_12339T0	3205	3206	54	1.21206
MGG_05214T0	1116	1117	239	15.397
MGG_15825T0	2361	2362	433	13.1917
MGG_05841T0	1470	1471	14	0.684869
MGG_12492T0	1587	1588	51	2.31106
MGG_06969T0	2859	2860	1041	26.1925
MGG_17667T0	276	277	0	0
MGG_06031T0	1491	1492	59	2.84561
MGG_07666T0	2621	2622	596	16.3571
MGG_15138T0	2490	2491	517.907	14.9613
MGG_08434T0	3684	3685	75	1.46459
MGG_08255T0	3210	3211	3088	69.2037
MGG_05061T0	3116	3117	2677	61.8022
MGG_00499T0	1876	1877	1396.15	53.5255
MGG_10410T0	4816	4817	81	1.21004
MGG_15489T3	2484	2485	0	0
MGG_15489T0	2658	2659	34.7864	0.941419
MGG_15489T2	2570	2571	2.14399	0.0600085
MGG_15489T1	2658	2659	34.7864	0.941419
MGG_03335T0	1203	1204	359	21.4566
MGG_17553T0	1783	1784	0	0
MGG_02598T0	832	833	1111	95.9757
MGG_09323T0	2390	2391	39	1.17375
MGG_04368T0	2961	2962	55	1.33619
MGG_16784T0	687	688	11	1.15053
MGG_14985T0	696	697	0	0
MGG_14341T0	2448	2449	0	0
MGG_04921T0	1086	1087	4359	288.569
MGG_15892T0	237	238	0	0
MGG_12210T0	2376	2377	3	0.0908206
MGG_05910T0	1363	1364	336	17.7263
MGG_09728T1	1885	1886	32.0749	1.22381
MGG_09728T0	1871	1872	208.925	8.03114
MGG_09649T0	1023	1024	118	8.29228
MGG_08449T0	2312	2313	6	0.186667
MGG_05089T0	3468	3469	3039	63.0403
MGG_17725T0	674	675	5	0.533038
MGG_03411T0	2322	2323	72	2.23036
MGG_05462T0	1534	1535	2652	124.325
MGG_06759T0	2654	2655	6152.79	166.763
MGG_17885T0	432	433	0	0
MGG_17235T0	702	703	0	0
MGG_08366T0	975	976	6	0.442378
MGG_02167T0	1962	1963	0	0
MGG_16053T0	805	806	5150	459.795
MGG_01946T0	1569	1570	0	0
MGG_04164T0	908	909	467.087	36.9765
MGG_16439T0	1165	1166	1	0.0617154
MGG_05805T0	1692	1693	31	1.31764
MGG_04692T0	3345	3346	1151	24.7538
MGG_01652T0	1091	1092	544	35.8483
MGG_10206T0	339	340	0	0
MGG_05118T0	1898	1899	476	18.0374
MGG_05273T0	2708	2709	1451	38.5434
MGG_00510T0	1050	1051	3	0.205405
MGG_16559T0	777	778	0	0
MGG_16049T0	813	814	0	0
MGG_07781T0	1856	1857	165	6.39388
MGG_11882T0	7062	7063	2783	28.3541
MGG_02978T0	1329	1330	0	0
MGG_13487T0	882	883	2142	174.562
MGG_16755T0	1290	1291	55	3.06569
MGG_11820T0	2824	2825	134	3.41333
MGG_09626T0	411	412	0	0
MGG_05358T0	927	928	410	31.7927
MGG_16869T0	1319	1320	80	4.36122
MGG_10343T0	1527	1528	0	0
MGG_02921T0	1247	1248	24.7828	1.42899
MGG_17095T0	384	385	14	2.61673
MGG_03523T0	2279	2280	2044	64.5117
MGG_15347T0	2826	2827	33	0.840002
MGG_16395T0	1962	1963	2981	109.278
MGG_16636T0	375	376	0	0
MGG_04784T0	1896	1897	58	2.20015
MGG_14549T0	495	496	681	98.8001
MGG_06683T0	1900	1901	483.401	18.2986
MGG_04543T0	2418	2419	9279	276.031
MGG_16146T0	357	358	235	47.2364
MGG_10936T0	1221	1222	0	0
MGG_01709T0	1623	1624	385.766	17.0935
MGG_15695T0	315	316	0	0
MGG_01669T0	2644	2645	820	22.309
MGG_15682T0	2145	2146	16	0.536516
MGG_11860T0	5684	5685	376	4.75937
MGG_03264T0	1685	1686	365	15.5786
MGG_06686T0	2805	2806	377.433	9.6793
MGG_12513T0	1404	1405	413	21.1527
MGG_05402T0	3917	3918	192	3.52638
MGG_07375T0	4410	4411	33	0.538355
MGG_04530T0	1060	1061	167	11.3264
MGG_02847T0	677	678	3511	372.643
MGG_00378T0	1851	1852	193	7.49909
MGG_03032T0	1002	1003	33	2.36758
MGG_14372T0	1560	1561	98	4.51768
MGG_05901T0	1945	1946	214	7.9134
MGG_17642T0	495	496	0	0
MGG_16337T0	414	415	102	17.6866
MGG_14744T0	1829	1830	722	28.3908
MGG_08171T0	3446	3447	345	7.20228
MGG_05279T0	1471	1472	141	6.89292
MGG_02989T0	355	356	0	0
MGG_06658T0	1111	1112	6850.78	443.33
MGG_08980T0	2142	2143	1132	38.0116
MGG_03912T0	3181	3182	1332	30.1229
MGG_10970T0	2675	2676	2913	78.3333
MGG_10641T0	663	664	0	0
MGG_04768T0	1958	1959	1874.8	68.8672
MGG_17133T0	207	208	0	0
MGG_02975T0	860	861	21	1.75513
MGG_10159T0	321	322	879	196.438
MGG_06944T0	1338	1339	579	31.1165
MGG_13453T0	3786	3787	253	4.80748
MGG_13863T0	438	439	0	0
MGG_09131T0	1497	1498	1	0.0480375
MGG_06956T0	648	649	19	2.10669
MGG_00737T0	453	454	37220	5899.47
MGG_15911T0	306	307	0	0
MGG_11512T0	2620	2621	1652	45.356
MGG_09558T0	2115	2116	551	18.7382
MGG_12860T0	2112	2113	288	9.8081
MGG_07283T0	4680	4681	1841	28.3014
MGG_06324T0	2623	2624	17578	482.056
MGG_01204T0	3347	3348	1648	35.4212
MGG_04895T0	2899	2900	3200	79.4043
MGG_04337T0	2585	2586	3208	89.2684
MGG_16956T0	153	154	1	0.467274
MGG_10532T0	1387	1388	55	2.85145
MGG_07322T0	2023	2024	50	1.77767
MGG_07464T0	1813	1814	74	2.93553
MGG_06327T0	2647	2648	1235	33.5615
MGG_04225T0	2117	2118	71	2.41226
MGG_17711T0	291	292	202	49.7807
MGG_04107T0	1751	1752	311	12.7737
MGG_05254T0	2120	2121	1181.46	40.084
MGG_03323T0	4938	4939	2384	34.7344
MGG_14061T0	1953	1954	10181	374.937
MGG_07075T0	1646	1647	3317	144.925
MGG_05452T0	498	499	46	6.6336
MGG_02306T0	1234	1235	5	0.291337
MGG_07310T0	3787	3788	11384	216.26
MGG_15573T0	930	931	36	2.78256
MGG_08061T0	2482	2483	385	11.1577
MGG_12890T0	3226	3227	5961	132.927
MGG_02841T0	1925	1926	1396.63	52.1817
MGG_02835T0	1451	1452	4716.54	233.749
MGG_03847T0	977	978	86	6.32778
MGG_08873T0	2896	2897	208	5.16663
MGG_02368T0	2642	2643	523	14.2396
MGG_14633T0	2943	2944	2686.9	65.6759
MGG_05384T0	4907	4908	45	0.659781
MGG_17833T0	252	253	0	0
MGG_08312T0	3162	3163	4203	95.6208
MGG_04834T0	2225	2226	2357	76.195
MGG_04054T0	1219	1220	4746.08	279.942
MGG_17350T0	3490	3491	1870	38.5464
MGG_06842T0	3054	3055	0	0
MGG_02927T0	3162	3163	1130	25.7082
MGG_17225T0	288	289	1	0.248997
MGG_16088T0	303	304	0	0
MGG_15327T0	1059	1060	195	13.238
MGG_15035T0	588	589	4	0.488694
MGG_05337T0	2034	2035	124	4.3848
MGG_03598T0	2911	2912	2941.71	72.6943
MGG_17755T0	381	382	0	0
MGG_03211T0	1759	1760	3558.67	145.501
MGG_05352T0	1215	1216	3217	190.375
MGG_08373T0	857	858	3	0.251609
MGG_05815T0	1261	1262	192	10.948
MGG_17142T0	306	307	4	0.937592
MGG_16450T0	292	293	15	3.68397
MGG_06995T0	1707	1708	3648.69	153.724
MGG_04155T0	2026	2027	655.818	23.2821
MGG_00842T0	1034	1035	224	15.574
MGG_07450T0	4328	4329	2182	36.271
MGG_05482T0	747	748	9	0.865831
MGG_00848T0	991	992	5736	416.092
MGG_17969T0	288	289	0	0
MGG_03576T0	666	667	3901	420.864
MGG_00382T0	1748	1749	200.521	8.25016
MGG_16786T0	168	169	0	0
MGG_03483T0	1182	1183	6662.03	405.242
MGG_09223T0	2337	2338	505	15.5431
MGG_05204T0	1376	1377	2924	152.804
MGG_17322T0	219	220	0	0
MGG_05990T0	2149	2150	1872	62.6555
MGG_16815T1	1973	1974	700.618	25.5403
MGG_16815T0	2043	2044	3189.96	112.304
MGG_11466T0	3911	3912	936.234	17.2218
MGG_09711T0	1611	1612	256	11.4279
MGG_00040T0	2771	2772	32.6633	0.847928
MGG_16968T0	216	217	0	0
MGG_01952T0	1670	1671	55	2.36853
MGG_07750T0	1287	1288	2	0.111739
MGG_04453T0	1463	1464	739.857	36.3663
MGG_04301T0	438	439	0	0
MGG_06285T0	3588	3589	2134	42.7871
MGG_16030T0	481	482	0	0
MGG_17768T0	750	751	0	0
MGG_18016T0	923	924	15	1.16818
MGG_06462T0	4420	4421	2780	45.2498
MGG_07752T0	2151	2152	49986	1671.47
MGG_03914T1	2179	2180	49	1.61745
MGG_03914T0	932	933	0	0
MGG_08332T0	4625	4626	849.115	13.2085
MGG_03074T0	1795	1796	2264	90.7115
MGG_09889T0	1610	1611	770	34.3944
MGG_09767T0	2912	2913	5685	140.437
MGG_15522T0	2226	2227	204	6.59177
MGG_07761T0	1520	1521	193	9.13104
MGG_07531T0	3481	3482	3499	72.3115
MGG_16774T0	150	151	9	4.28902
MGG_07057T0	1219	1220	3116.52	183.824
MGG_06294T0	492	493	1096	159.976
MGG_05611T0	243	244	321	94.6689
MGG_05039T0	2966	2967	1093	26.5091
MGG_07123T0	4082	4083	3247	57.2262
MGG_04513T0	1599	1600	1805	81.1801
MGG_09341T0	1374	1375	0	0
MGG_05761T0	2087	2088	103.146	3.5548
MGG_15524T0	454	455	44	6.95878
MGG_03146T0	1743	1744	2338	96.4695
MGG_15371T0	627	628	1.33333	0.152782
MGG_03695T0	3411	3412	628.495	13.2552
MGG_00361T0	2143	2144	415	13.9289
MGG_09248T0	489	490	57296	8414.35
MGG_00125T0	1998	1999	2072	74.588
MGG_01474T0	3465	3466	1146.71	23.8078
MGG_13347T0	2556	2557	376	10.5815
MGG_08046T0	2812	2813	20	0.511626
MGG_17253T0	1152	1153	62	3.8695
MGG_08800T0	1695	1696	55	2.33361
MGG_03303T0	2529	2530	135.096	3.84251
MGG_02371T0	2010	2011	2735	97.8672
MGG_07873T0	1368	1369	0	0
MGG_07764T0	1442	1443	42	2.09447
MGG_05047T0	3773	3774	362	6.90238
MGG_02999T0	1858	1859	1142	44.2058
MGG_17936T0	1548	1549	94	4.36685
MGG_00614T0	420	421	0	0
MGG_01552T0	1787	1788	301.464	12.1328
MGG_09818T0	1593	1594	1	0.0451444
MGG_05567T0	1115	1116	70	4.51363
MGG_14184T0	1045	1046	0	0
MGG_04616T0	2593	2594	2859	79.3115
MGG_07446T0	3265	3266	67	1.47622
MGG_17308T0	916	917	0	0
MGG_17308T1	1136	1137	747.183	47.2888
MGG_03384T0	3126	3127	15343	353.081
MGG_01780T0	5148	5149	1038.47	14.5131
MGG_10677T0	1350	1351	793	42.2386
MGG_08925T0	4618	4619	3644	56.7705
MGG_01984T0	1455	1456	15	0.741348
MGG_05595T0	4488	4489	8	0.128243
MGG_17611T0	171	172	0	0
MGG_04141T0	2873	2874	255.832	6.4056
MGG_05267T0	387	388	522	96.8124
MGG_15139T0	4443	4444	669.305	10.8378
MGG_01757T0	3791	3792	4647	88.1854
MGG_01303T0	1929	1930	1757	65.5098
MGG_15289T0	2693	2694	375.938	10.0418
MGG_13816T0	1828	1829	725.715	28.5525
MGG_06730T0	749	750	549	52.6748
MGG_03905T0	1471	1472	665	32.5092
MGG_16412T0	159	160	9	4.04776
MGG_03857T0	1952	1953	1236	45.5416
MGG_14638T0	588	589	39	4.76476
MGG_09160T0	3718	3719	3477	67.2776
MGG_02225T0	1849	1850	76.3613	2.97025
MGG_04924T0	2393	2394	1848.93	55.5762
MGG_15243T0	501	502	0	0
MGG_08628T0	1107	1108	710	46.1117
MGG_01622T0	1884	1885	598.154	22.8346
MGG_03331T0	1298	1299	324	17.9485
MGG_10005T0	1596	1597	53	2.38816
MGG_03855T0	1157	1158	1301.89	80.902
MGG_02187T0	2720	2721	57	1.50743
MGG_05988T0	1864	1865	8	0.308676
MGG_04894T0	2094	2095	1624	55.782
MGG_00389T0	432	433	1	0.16619
MGG_15479T0	2608	2609	294.157	8.11328
MGG_15063T0	1519	1520	76	3.59801
MGG_09665T0	1116	1117	0	0
MGG_00693T0	2463	2464	2361	68.9521
MGG_16017T0	255	256	217	60.9975
MGG_15690T0	204	205	0	0
MGG_05069T0	1584	1585	139	6.3107
MGG_10181T0	4052	4053	11894	211.175
MGG_03761T0	5498	5499	101	1.32169
MGG_04656T0	2754	2755	1327	34.661
MGG_07368T0	1893	1894	22	0.835862
MGG_04098T0	1239	1240	4	0.23213
MGG_00269T0	405	406	0	0
MGG_14472T0	1595	1596	89.171	4.02053
MGG_00155T0	3810	3811	560	10.574
MGG_16931T0	243	244	0	0
MGG_10519T0	1703	1704	10	0.422301
MGG_04626T0	1099	1100	310.483	20.3113
MGG_03026T0	3014	3015	2947	70.3372
MGG_14707T0	345	346	0	0
MGG_14689T0	1491	1492	116	5.59476
MGG_15607T0	2254	2255	4150	132.432
MGG_13290T0	1271	1272	651	36.8287
MGG_02419T0	7234	7235	9608	95.5623
MGG_15713T0	273	274	3	0.787885
MGG_05421T0	1146	1147	20	1.25475
MGG_03120T0	702	703	1692	173.196
MGG_09727T0	1890	1891	274	10.4268
MGG_06174T0	3330	3331	536.128	11.5821
MGG_10425T0	1040	1041	0	0
MGG_13971T0	1447	1448	5586	277.603
MGG_04476T0	1906	1907	1583	59.7341
MGG_17999T0	201	202	9	3.20615
MGG_07432T0	1395	1396	0	0
MGG_05621T0	802	803	106	9.4991
MGG_03292T0	2900	2901	319	7.91289
MGG_17786T0	397	398	0	0
MGG_07445T1	2730	2731	2925.58	77.0873
MGG_07445T0	1089	1090	9.41515	0.621574
MGG_00987T0	2408	2409	30095	898.979
MGG_08837T0	1296	1297	1527	84.721
MGG_02538T0	2080	2081	414	14.316
MGG_16950T0	417	418	0	0
MGG_09979T0	1838	1839	38.4033	1.50272
MGG_08306T0	1612	1613	19	0.84764
MGG_06212T0	2889	2890	5	0.124499
MGG_06222T0	1641	1642	5	0.219124
MGG_07031T0	1039	1040	2545	176.095
MGG_03538T0	5186	5187	3084	42.7849
MGG_05479T0	2046	2047	27	0.949157
MGG_14584T0	892	893	349	28.1233
MGG_12735T0	3441	3442	90	1.88158
MGG_16844T0	183	184	14	5.47523
MGG_15356T0	366	367	4	0.784307
MGG_01624T0	3532	3533	273	5.56047
MGG_06379T0	15261	15262	937	4.41794
MGG_06063T0	5425	5426	4155.45	55.1099
MGG_03712T0	1143	1144	33	2.07577
MGG_17820T0	1703	1704	33.4083	1.41084
MGG_17820T1	1657	1658	170.874	7.41623
MGG_15053T0	4769	4770	3612	54.4906
MGG_01791T0	4021	4022	1983	35.4791
MGG_05608T0	881	882	742.241	60.5576
MGG_04568T0	2631	2632	248	6.78044
MGG_16344T0	270	271	3	0.796607
MGG_04836T0	2489	2490	10002	289.054
MGG_02425T0	6431	6432	21590	241.545
MGG_12004T0	2117	2118	312	10.6004
MGG_04478T0	2519	2520	886	25.3003
MGG_09395T0	3407	3408	39.0058	0.82361
MGG_08506T0	501	502	0	0
MGG_18054T0	498	499	1	0.144209
MGG_17683T0	3284	3285	1903	41.6865
MGG_16295T0	177	178	13	5.25552
MGG_16274T0	1243	1244	472	27.3032
MGG_01156T0	2832	2833	132.787	3.37288
MGG_01156T1	3816	3817	3501.21	66.0068
MGG_15921T0	411	412	0	0
MGG_09910T0	2224	2225	15695	507.602
MGG_08994T0	1407	1408	23	1.17549
MGG_08482T0	429	430	0	0
MGG_09680T0	1473	1474	180	8.78754
MGG_06637T0	1974	1975	700	25.5049
MGG_07982T0	1952	1953	5	0.18423
MGG_01846T0	2439	2440	487	14.3625
MGG_16052T0	318	319	34	7.66973
MGG_08825T0	2214	2215	331.122	10.7574
MGG_01687T0	1620	1621	184.243	8.17901
MGG_08586T0	2175	2176	2422	80.0954
MGG_10120T0	522	523	0	0
MGG_06408T0	1965	1966	9280.65	339.693
MGG_00367T0	492	493	59	8.61186
MGG_16861T0	2594	2595	151	4.18728
MGG_14594T0	1123	1124	1	0.0640215
MGG_16343T0	321	322	2	0.446958
MGG_08734T0	1116	1117	0	0
MGG_01935T0	2441	2442	256	7.54373
MGG_09091T0	1021	1022	6	0.422467
MGG_01779T0	2013	2014	7.53485	0.26922
MGG_17296T0	507	508	0	0
MGG_08751T0	4329	4330	809	13.4448
MGG_02386T0	1967	1968	1911	69.8759
MGG_15719T0	1353	1354	36	1.91327
MGG_09470T0	453	454	8908	1411.94
MGG_02976T0	3756	3757	64	1.22583
MGG_11140T0	4843	4844	406	6.03134
MGG_17564T0	168	169	0	0
MGG_17115T0	510	511	9	1.2674
MGG_14655T0	3924	3925	46	0.843355
MGG_14662T0	243	244	0	0
MGG_15325T0	4783	4784	11259	169.356
MGG_08168T0	3662	3663	1513	29.7231
MGG_08308T0	1369	1370	4369	229.485
MGG_00965T0	573	574	1083	135.772
MGG_01745T0	1617	1618	2280	101.402
MGG_05179T0	1269	1270	212.306	12.0296
MGG_05847T0	1752	1753	0	0
MGG_05058T0	270	271	273	72.4912
MGG_09170T0	5251	5252	9105	124.752
MGG_15813T0	333	334	1424	306.8
MGG_06556T0	921	922	203	15.8437
MGG_15891T0	270	271	2	0.531071
MGG_08698T0	3073	3074	36	0.842734
MGG_06409T0	1562	1563	415	19.1065
MGG_01454T0	2080	2081	731.9	25.3088
MGG_17206T0	468	469	0	0
MGG_06710T0	1441	1442	323	16.1187
MGG_15792T0	2059	2060	14	0.48905
MGG_07297T0	3055	3056	529.923	12.4782
MGG_08616T0	4303	4304	458.408	7.66429
MGG_00730T0	2948	2949	413	10.0778
MGG_09198T0	2339	2340	121	3.72102
MGG_17575T0	189	190	5	1.89369
MGG_10746T0	1627	1628	49	2.16588
MGG_13895T0	1206	1207	0	0
MGG_11948T0	819	820	0	0
MGG_11326T0	4057	4058	1758	31.1745
MGG_15378T0	318	319	5	1.1279
MGG_17375T0	279	280	14	3.59801
MGG_10686T0	5060	5061	1079	15.3418
MGG_03441T0	4027	4028	2319	41.4289
MGG_09599T0	594	595	5	0.604707
MGG_02837T0	3259	3260	821.711	18.1382
MGG_02837T1	2800	2801	1773.29	45.5574
MGG_01212T0	1347	1348	168	8.96833
MGG_13711T0	1212	1213	4180	247.975
MGG_15876T0	2741	2742	129	3.38543
MGG_04174T0	2022	2023	3652.76	129.932
MGG_02924T0	2810	2811	1079	27.6218
MGG_11330T0	738	739	2922.64	284.593
MGG_15530T0	1564	1565	727	33.4281
MGG_07553T0	1464	1465	0	0
MGG_03156T0	1786	1787	2999	120.766
MGG_00621T0	3899	3900	331	6.10739
MGG_15100T0	9565	9566	2	0.015045
MGG_04693T0	1775	1776	951	38.5327
MGG_15549T0	183	184	1	0.391088
MGG_00199T0	6058	6059	5695.98	67.6487
MGG_14202T0	3929	3930	1822.89	33.3779
MGG_14964T0	429	430	0	0
MGG_14302T0	2217	2218	185	6.00209
MGG_16840T0	1764	1765	47	1.91622
MGG_08260T0	1098	1099	0	0
MGG_14941T0	993	994	1	0.0723945
MGG_06750T0	3543	3544	131	2.65993
MGG_06690T0	2176	2177	1827	60.391
MGG_07449T0	1536	1537	221	10.3469
MGG_15999T0	589	590	0	0
MGG_14243T0	1194	1195	73	4.39589
MGG_11723T0	513	514	242	33.8801
MGG_06554T0	2579	2580	1011.35	28.208
MGG_04172T0	2373	2374	139066	4215.34
MGG_10055T0	995	996	1836.33	132.673
MGG_00914T0	402	403	45	8.03525
MGG_06251T1	2140	2141	743.484	24.9889
MGG_06251T0	2354	2355	1318.52	40.289
MGG_04231T0	2918	2919	39	0.961441
MGG_12848T0	993	994	42	3.04057
MGG_18127T0	432	433	0	0
MGG_08583T0	2979	2980	177	4.27414
MGG_01809T0	831	832	13.0496	1.12867
MGG_18117T0	1359	1360	2836	150.058
MGG_15030T0	611	612	39	4.5857
MGG_16592T0	321	322	0	0
MGG_10323T0	1932	1933	8786	327.078
MGG_08539T0	1125	1126	3	0.191723
MGG_16889T0	374	375	5	0.959469
MGG_00967T0	1284	1285	1885	105.56
MGG_01589T0	984	985	7463.64	545.263
MGG_15266T0	972	973	14	1.0354
MGG_02704T0	2241	2242	45.0729	1.44668
MGG_01879T0	372	373	0	0
MGG_15780T0	228	229	104	32.6806
MGG_13778T0	1993	1994	2145	77.4095
MGG_12007T0	1902	1903	38.7992	1.46716
MGG_11210T0	3509	3510	286.519	5.87406
MGG_16519T0	355	356	3	0.606406
MGG_14976T0	1659	1660	70	3.03446
MGG_10640T0	2229	2230	8	0.258153
MGG_17266T0	446	447	3	0.482954
MGG_05590T0	1348	1349	34	1.81367
MGG_11876T0	3086	3087	2861	66.6919
MGG_11541T0	4512	4513	637	10.157
MGG_01227T0	5942	5943	3905	47.2833
MGG_09165T0	1662	1663	3	0.129814
MGG_01800T0	3254	3255	1524	33.6919
MGG_13037T0	282	283	0	0
MGG_03060T0	7980	7981	5177	46.6781
MGG_02085T0	1348	1349	4971	265.17
MGG_08569T0	1883	1884	57	2.17714
MGG_03455T0	1941	1942	710	26.3088
MGG_03216T0	1023	1024	966	67.8843
MGG_08946T0	711	712	0	0
MGG_04867T0	1379	1380	9.20728	0.480114
MGG_17307T0	1691	1692	0	0
MGG_11080T0	1962	1963	0	0
MGG_13762T0	3966	3967	23194	420.732
MGG_08884T0	5370	5371	304.721	4.08262
MGG_09312T0	2980	2981	841.033	20.3022
MGG_15287T0	2960	2961	2164.53	52.6038
MGG_01256T0	2105	2106	124	4.23697
MGG_06481T0	3833	3834	632	11.862
MGG_16797T0	159	160	0	0
MGG_07252T0	1269	1270	2978	168.738
MGG_07082T0	942	943	756	57.6902
MGG_09891T0	2876	2877	4450	111.304
MGG_04330T0	2816	2817	8341	213.071
MGG_02971T0	1279	1280	1179	66.2821
MGG_00881T0	2021	2022	799.534	28.4543
MGG_17330T0	183	184	3	1.17326
MGG_15952T0	360	361	10	1.99336
MGG_09158T0	351	352	0	0
MGG_08560T0	1047	1048	1612.32	110.709
MGG_08560T1	954	955	527.678	39.7611
MGG_16971T0	3165	3166	1	0.022729
MGG_17534T0	210	211	0	0
MGG_07634T0	2515	2516	56	1.60166
MGG_06111T0	3137	3138	2043.96	46.8718
MGG_06046T0	1035	1036	449	31.1874
MGG_01917T0	744	745	263	25.4034
MGG_00455T0	2916	2917	1385	34.1669
MGG_11770T0	483	484	8	1.18942
MGG_04758T1	3276	3277	4507.57	98.9825
MGG_04758T0	3668	3669	592.428	11.6193
MGG_00951T0	2058	2059	78	2.72603
MGG_01835T0	4763	4764	4459	67.3531
MGG_10251T0	2121	2122	8	0.271292
MGG_12650T0	3050	3051	3934	92.7864
MGG_04942T0	2016	2017	661	23.5824
MGG_02476T0	7808	7809	6440	59.3448
MGG_17189T0	279	280	6	1.542
MGG_17695T0	1715	1716	686	28.7673
MGG_16725T0	2422	2423	1794	53.2796
MGG_05159T0	1411	1412	129	6.57426
MGG_17141T0	186	187	35	13.4685
MGG_09972T0	1808	1809	23	0.914916
MGG_01140T0	2951	2952	7732	188.481
MGG_15835T0	150	151	0	0
MGG_06512T0	2614	2615	2265	62.3288
MGG_15982T0	1869	1870	42.5982	1.63924
MGG_12520T0	607	608	2	0.236711
MGG_04450T0	1491	1492	14	0.675229
MGG_01000T0	3058	3059	404	9.50373
MGG_00684T0	1874	1875	53	2.03407
MGG_06533T0	519	520	14	1.93739
MGG_17767T0	681	682	0	0
MGG_09569T0	375	376	0	0
MGG_04612T0	1105	1106	5199	338.265
MGG_02917T0	4874	4875	4300	63.4726
MGG_17432T0	318	319	2	0.451161
MGG_14045T0	989	990	0	0
MGG_08522T0	372	373	0	0
MGG_03209T0	1557	1558	153	7.06669
MGG_05555T0	1482	1483	2	0.0970467
MGG_14110T0	1098	1099	203	13.292
MGG_15885T0	1095	1096	1571	103.147
MGG_08263T0	1238	1239	7	0.406555
MGG_05370T0	1116	1117	2321	149.525
MGG_03314T0	7527	7528	1103	10.5436
MGG_09192T0	3195	3196	394.288	8.87766
MGG_09192T1	4818	4819	1027.71	15.3464
MGG_08293T0	2365	2366	764	23.2365
MGG_07935T0	1507	1508	23.0807	1.10139
MGG_07201T0	1925	1926	10482	391.634
MGG_13656T0	2378	2379	3545	107.229
MGG_14732T0	459	460	13	2.03366
MGG_03704T0	1122	1123	2201	141.037
MGG_09017T0	2260	2261	500.002	15.9134
MGG_03244T0	1968	1969	4567	166.908
MGG_05064T0	900	901	2953.54	235.891
MGG_06132T0	952	953	297	22.4262
MGG_05500T0	1785	1786	0	0
MGG_07203T0	2414	2415	2010	59.8923
MGG_08860T0	1266	1267	29.1176	1.65375
MGG_17264T0	1668	1669	160	6.89852
MGG_13483T0	1785	1786	1639	66.0373
MGG_07213T1	4395	4396	178.139	2.91603
MGG_07213T0	4366	4367	1202.86	19.821
MGG_08703T0	3660	3661	3	0.0589676
MGG_04868T0	2920	2921	351.793	8.66657
MGG_16612T0	252	253	1016.48	289.114
MGG_09843T0	690	691	0	0
MGG_04401T0	2180	2181	249	8.21553
MGG_17619T0	534	535	22.8804	3.07753
MGG_12177T0	2281	2282	14	0.441473
MGG_16790T0	674	675	615.506	65.6176
MGG_00258T0	2129	2130	628	21.2164
MGG_00929T0	3821	3822	936	17.6229
MGG_08671T0	873	874	26	2.14069
MGG_10394T0	1710	1711	0	0
MGG_06172T0	1666	1667	4942.15	213.34
MGG_17452T0	4223	4224	3173	54.0553
MGG_16341T0	3793	3794	24273	460.382
MGG_13286T0	1536	1537	519	24.2988
MGG_05902T0	1215	1216	38	2.24875
MGG_10192T0	3903	3904	4379	80.7156
MGG_12614T0	1101	1102	14462	944.363
MGG_08265T0	2271	2272	4	0.12669
MGG_17396T0	426	427	5	0.842625
MGG_16475T0	342	343	0	0
MGG_14552T0	819	820	52	4.56333
MGG_11247T0	1443	1444	578	28.804
MGG_06135T0	1842	1843	5544	216.466
MGG_05406T0	663	664	1441	156.167
MGG_18067T0	180	181	0	0
MGG_06933T0	1394	1395	6120	315.696
MGG_00612T0	1849	1850	2578	100.277
MGG_18116T0	687	688	9	0.941339
MGG_15197T0	321	322	0	0
MGG_05095T0	4901	4902	3350	49.1772
MGG_03561T0	1528	1529	814	38.3097
MGG_00604T0	1848	1849	26159	1018.07
MGG_00210T0	1358	1359	2106	111.514
MGG_16718T0	1915	1916	353522	13277.4
MGG_17460T0	737	738	22	2.14515
MGG_13800T0	3736	3737	1188	22.8763
MGG_16164T0	291	292	0	0
MGG_13526T0	3457	3458	3555	73.9787
MGG_10647T0	1122	1123	18	1.15341
MGG_12678T0	1502	1503	102	4.88352
MGG_15536T0	7988	7989	3003	27.0492
MGG_14849T0	556	557	172	22.2211
MGG_09890T0	363	364	99	19.5716
MGG_02004T0	582	583	32	3.94979
MGG_03401T0	9278	9279	235	1.82246
MGG_00607T0	1347	1348	1372	73.2413
MGG_07703T0	892	893	82	6.60776
MGG_04540T0	1725	1726	486	20.2622
MGG_02155T0	831	832	0	0
MGG_02540T0	1967	1968	1161	42.4521
MGG_10508T0	1699	1700	3	0.126989
MGG_06699T0	3377	3378	516	10.9921
MGG_15337T0	225	226	0	0
MGG_09263T0	5498	5499	6455.72	84.4798
MGG_00576T0	846	847	2531	215.031
MGG_02350T0	927	928	0	0
MGG_17457T0	381	382	28	5.27457
MGG_03150T0	1957	1958	598.947	22.0124
MGG_15056T0	429	430	6	1.0041
MGG_08395T0	1712	1713	78	3.27664
MGG_01794T0	2023	2024	3041	108.118
MGG_08826T1	4209	4210	10224.8	174.769
MGG_08826T0	4486	4487	1561.24	25.0383
MGG_06121T0	4074	4075	35.0223	0.618457
MGG_00818T0	1449	1450	656	32.5558
MGG_07904T0	387	388	0	0
MGG_03382T0	1935	1936	30	1.11509
MGG_01560T0	942	943	238	18.1617
MGG_17627T0	1251	1252	144	8.27657
MGG_03469T0	1168	1169	1265	77.8696
MGG_13068T0	1954	1955	683	25.14
MGG_04582T0	2245	2246	43558	1395.57
MGG_15748T0	1862	1863	73.0733	2.82253
MGG_04200T0	1041	1042	2627.24	181.436
MGG_12477T0	2078	2079	640	22.1522
MGG_07667T0	2118	2119	2577	87.5136
MGG_07604T0	1002	1003	126	9.03986
MGG_15313T0	3871	3872	896	16.6519
MGG_17150T0	816	817	19	1.67349
MGG_12832T0	2617	2618	5625	154.613
MGG_00696T0	1814	1815	830.716	32.9358
MGG_05442T0	1470	1471	94	4.59841
MGG_12634T0	1505	1506	161.793	7.73085
MGG_05673T0	1736	1737	6204	257.018
MGG_05403T0	315	316	1	0.227722
MGG_00274T0	1088	1089	481.554	31.8207
MGG_01080T0	5419	5420	482.002	6.39944
MGG_11544T0	398	399	1	0.180351
MGG_14668T0	421	422	23	3.922
MGG_01005T0	1155	1156	11831	736.471
MGG_01711T0	2499	2500	3446.03	99.1908
MGG_16243T0	4550	4551	157.568	2.49145
MGG_16243T1	4483	4484	646.432	10.3741
MGG_03087T0	1977	1978	19672	715.673
MGG_04472T0	4560	4561	2190	34.5522
MGG_08850T0	2894	2895	834	20.7305
MGG_15258T0	741	742	200	19.3963
MGG_16260T0	1703	1704	114	4.81424
MGG_12892T0	1092	1093	5905	388.769
MGG_17342T0	1174	1175	116	7.10415
MGG_09182T0	813	814	5	0.442016
MGG_00856T0	3960	3961	2895.99	52.6119
MGG_08611T0	1581	1582	1230	55.9488
MGG_16065T0	426	427	0	0
MGG_16216T0	318	319	16	3.60929
MGG_09604T0	1197	1198	69	4.14462
MGG_16524T0	201	202	2	0.712477
MGG_09996T0	672	673	52	5.56007
MGG_17099T0	165	166	6	2.60097
MGG_04763T0	444	445	11	1.77879
MGG_00419T0	1659	1660	10	0.433495
MGG_08303T0	3011	3012	3253	77.7179
MGG_07246T0	600	601	1	0.119734
MGG_14830T0	357	358	0	0
MGG_06380T0	5915	5916	4948	60.1857
MGG_01288T0	1885	1886	4680	178.565
MGG_01994T0	1761	1762	311	12.7013
MGG_02456T0	3936	3937	283.357	5.17918
MGG_02456T1	4424	4425	2642.64	42.9751
MGG_15214T0	699	700	0	0
MGG_15083T0	2763	2764	947	24.6549
MGG_06951T0	1787	1788	4064	163.56
MGG_01009T0	1413	1414	13475	685.759
MGG_06530T0	1645	1646	2813.02	122.98
MGG_03173T0	2196	2197	2195.74	71.919
MGG_16515T0	393	394	51	9.31464
MGG_15282T0	2225	2226	52	1.68101
MGG_11513T0	2328	2329	5048	155.97
MGG_08025T0	5742	5743	154	1.92963
MGG_06617T0	5053	5054	94	1.3384
MGG_01246T0	988	989	96	6.98501
MGG_06346T0	3372	3373	793	16.918
MGG_12822T0	2119	2120	587	19.9248
MGG_15745T0	2517	2518	27	0.771614
MGG_13216T0	963	964	232	17.3182
MGG_01632T0	3256	3257	1723.66	38.0825
MGG_04734T0	348	349	0	0
MGG_01487T0	1438	1439	11	0.550078
MGG_02744T0	2454	2455	798	23.3907
MGG_01596T1	2070	2071	2812.77	97.734
MGG_01596T0	3019	3020	5776.23	137.635
MGG_04547T0	675	676	4	0.4258
MGG_06066T0	3844	3845	2056	38.4786
MGG_08288T0	2118	2119	9	0.305635
MGG_00669T0	2356	2357	22	0.671669
MGG_16575T0	1095	1096	0.999996	0.0656568
MGG_01945T0	721	722	0	0
MGG_14155T0	873	874	0	0
MGG_10379T0	4795	4796	2889	43.3471
MGG_17479T0	451	452	15	2.38806
MGG_16732T0	168	169	25	10.645
MGG_16186T0	1918	1919	84	3.1499
MGG_06972T0	675	676	122	12.9869
MGG_06527T0	4836	4837	14	0.208278
MGG_07489T0	1393	1394	7024	362.588
MGG_15357T0	1708	1709	77	3.24221
MGG_12776T0	2190	2191	114	3.74416
MGG_16884T0	246	247	0	0
MGG_01577T0	2754	2755	4675	122.11
MGG_04378T0	2279	2280	363	11.4568
MGG_15064T0	564	565	870	110.806
MGG_04377T0	4822	4823	2319	34.6
MGG_09389T0	1561	1562	886	40.8174
MGG_15670T0	2612	2613	681	18.7543
MGG_10107T0	1212	1213	1831	108.622
MGG_01021T0	2033	2034	573	20.272
MGG_17950T0	380	381	0	0
MGG_13660T0	1098	1099	506	33.1318
MGG_06622T0	1421	1422	4	0.20242
MGG_16704T0	561	562	20	2.56086
MGG_13931T1	1979	1980	273.893	9.95424
MGG_13931T0	2152	2153	693.107	23.1658
MGG_05014T0	2393	2394	272.03	8.17682
MGG_09402T0	624	625	61	7.02331
MGG_15824T0	886	887	1715	139.134
MGG_07228T0	2451	2452	13	0.381518
MGG_04990T0	2248	2249	155	4.95946
MGG_06915T0	1273	1274	3900.65	220.323
MGG_16952T0	1005	1006	0	0
MGG_02806T0	2073	2074	5131	178.027
MGG_04805T0	1728	1729	583.868	24.3003
MGG_13617T0	4055	4056	0	0
MGG_10633T0	1347	1348	3730	199.118
MGG_08167T0	1812	1813	286	11.3517
MGG_02603T0	1272	1273	462	26.1159
MGG_00716T0	1740	1741	616	25.4609
MGG_16951T0	501	502	18	2.58024
MGG_14002T0	1671	1672	352	15.1495
MGG_14001T0	2047	2048	74	2.60012
MGG_08828T0	2055	2056	169	5.91501
MGG_12942T0	195	196	11	4.03858
MGG_01466T0	2615	2616	1451.44	39.9258
MGG_01466T1	2498	2499	5988.56	172.444
MGG_07867T0	1338	1339	0	0
MGG_01785T0	1364	1365	1817.12	95.7953
MGG_05821T0	357	358	1	0.201006
MGG_06441T0	2121	2122	2053	69.6203
MGG_07357T0	558	559	0	0
MGG_06119T0	2284	2285	311.377	9.80601
MGG_16363T0	341	342	1	0.21041
MGG_09280T0	786	787	19	1.73728
MGG_15212T0	432	433	0	0
MGG_10879T0	3954	3955	3857	70.1771
MGG_15618T1	304	305	3	0.707805
MGG_15618T0	282	283	0	0
MGG_01947T0	1482	1483	0	0
MGG_15253T0	1816	1817	2287	90.574
MGG_12489T0	1554	1555	0	0
MGG_16667T0	279	280	0	0
MGG_16466T0	597	598	32	3.85071
MGG_15978T0	1062	1063	0	0
MGG_04762T0	915	916	22	1.7283
MGG_12707T0	2269	2270	543	17.2134
MGG_02979T0	884	885	0	0
MGG_00501T0	2810	2811	5755	147.325
MGG_17964T0	249	250	0	0
MGG_10587T0	1997	1998	97.5894	3.51479
MGG_10727T0	2141	2142	0	0
MGG_17286T0	3464	3465	34	0.706103
MGG_16954T0	156	157	0	0
MGG_15459T0	380	381	0	0
MGG_09631T0	1851	1852	0	0
MGG_15582T0	1464	1465	234	11.494
MGG_08300T0	936	937	800	61.4388
MGG_05979T0	1647	1648	1291	56.3717
MGG_03766T0	1742	1743	90	3.71567
MGG_07795T0	1701	1702	5	0.211399
MGG_11471T0	462	463	0	0
MGG_10816T0	1977	1978	657.131	23.9066
MGG_02695T0	2166	2167	601	19.9576
MGG_17223T0	711	712	5	0.505338
MGG_01433T0	3092	3093	534.115	12.4264
MGG_16560T0	612	613	0	0
MGG_16252T0	381	382	9	1.6954
MGG_08814T0	2426	2427	1783.28	52.8741
MGG_07345T0	915	916	0	0
MGG_03612T0	2246	2247	2129.21	68.188
MGG_07905T0	5922	5923	0	0
MGG_00422T0	894	895	2	0.160805
MGG_02336T0	981	982	3	0.219838
MGG_00418T0	348	349	0	0
MGG_01569T0	1382	1383	1170	60.8774
MGG_17089T0	174	175	10	4.11201
MGG_03806T0	912	913	0	0
MGG_01324T0	2844	2845	1000	25.2936
MGG_10789T0	648	649	0	0
MGG_08629T0	690	691	3	0.312417
MGG_00952T0	2169	2170	129.114	4.2816
MGG_05070T0	1224	1225	8473	497.729
MGG_04523T0	2847	2848	191.564	4.84024
MGG_13454T0	1239	1240	95	5.51308
MGG_06733T0	3154	3155	1818.28	41.4718
MGG_13398T0	1516	1517	466.286	22.1187
MGG_16254T0	183	184	5	1.95544
MGG_02457T0	1966	1967	17848	652.946
MGG_04309T0	2031	2032	0	0
MGG_05329T0	1688	1689	3180.89	135.522
MGG_01111T0	258	259	10828	3008.43
MGG_03346T0	1591	1592	334.127	15.1029
MGG_16637T0	782	783	1	0.0919031
MGG_08054T0	2040	2041	1078.22	38.0153
MGG_10010T0	1305	1306	1	0.0550997
MGG_06725T0	2582	2583	558	15.5454
MGG_00928T0	5717	5718	8036	101.132
MGG_00751T0	1797	1798	53	2.12118
MGG_04752T0	1121	1122	16130	1034.51
MGG_04529T0	1420	1421	2615	132.425
MGG_03479T0	1319	1320	1731	94.3659
MGG_01347T0	1275	1276	412	23.2348
MGG_11181T0	4850	4851	3516	52.1567
MGG_15788T0	1335	1336	0	0
MGG_15744T0	309	310	2	0.464259
MGG_06350T0	4080	4081	3804.48	67.0842
MGG_06350T1	4181	4182	237.805	4.09194
MGG_01120T0	2756	2757	624.355	16.2962
MGG_07389T0	1513	1514	2786	132.418
MGG_04772T0	948	949	12615	956.562
MGG_06336T0	2000	2001	6962	250.368
MGG_09900T0	1263	1264	133.921	7.62421
MGG_03373T0	2297	2298	1336	41.8358
MGG_00852T0	3096	3097	1294	30.0667
MGG_16868T0	1398	1399	251.754	12.9495
MGG_17753T0	1383	1384	0	0
MGG_07685T0	366	367	1	0.196077
MGG_17437T0	955	956	743	55.9272
MGG_03685T0	1029	1030	117	8.17412
MGG_09493T0	4237	4238	7197	122.203
MGG_15794T0	210	211	70.2108	23.9449
MGG_03191T0	3640	3641	5536.88	109.43
MGG_08660T0	1311	1312	14	0.767868
MGG_08593T0	2183	2184	4275	140.856
MGG_02952T0	891	892	3601	290.503
MGG_13585T0	1045	1046	0	0
MGG_05942T0	2036	2037	771	27.2368
MGG_06123T0	861	862	5	0.417402
MGG_07487T0	4983	4984	989	14.2794
MGG_04844T0	2784	2785	306	7.90657
MGG_04485T0	1234	1235	2868	167.111
MGG_12836T0	3012	3013	2449	58.49
MGG_08257T0	3039	3040	202.579	4.79527
MGG_08257T1	2991	2992	442.421	10.6406
MGG_07067T0	2153	2154	107	3.57462
MGG_10835T0	1390	1391	2863	148.111
MGG_02929T0	789	790	32	2.91484
MGG_16961T0	3768	3769	1.20454	0.0229978
MGG_00620T0	2115	2116	778	26.4579
MGG_03657T0	1334	1335	490.095	26.4174
MGG_17966T0	150	151	0	0
MGG_02102T0	321	322	15	3.35218
MGG_15949T0	237	238	33	9.97767
MGG_08615T0	1294	1295	23.1437	1.28604
MGG_09789T0	462	463	0	0
MGG_07482T0	2008	2009	1483	53.1194
MGG_16856T0	207	208	1302	450.443
MGG_05737T0	330	331	1065	231.533
MGG_16414T0	150	151	147	70.0539
MGG_10047T0	1089	1090	3	0.198055
MGG_09873T0	1095	1096	0	0
MGG_13732T0	1179	1180	1	0.0609832
MGG_12792T0	1173	1174	1748	107.143
MGG_15394T1	815	816	549.652	48.4719
MGG_15394T0	884	885	269.348	21.9009
MGG_07541T0	615	616	298	34.8119
MGG_16339T0	407	408	0	0
MGG_14097T0	2170	2171	23	0.76236
MGG_03759T0	2151	2152	1893	63.2995
MGG_13947T0	2032	2033	334.078	11.825
MGG_13947T1	1514	1515	101.914	4.84077
MGG_03310T0	2040	2041	1077	37.9721
MGG_16234T0	288	289	6	1.49398
MGG_05609T0	2262	2263	1224	38.9214
MGG_03470T0	2127	2128	1043	35.2699
MGG_16679T0	165	166	0	0
MGG_08918T0	2252	2253	333	10.6359
MGG_13289T0	240	241	20	5.9718
MGG_15126T0	425	426	80	13.5136
MGG_04916T0	216	217	7	2.3213
MGG_03771T0	1650	1651	0	0
MGG_17986T0	387	388	47	8.71682
MGG_16371T1	1122	1123	0	0
MGG_16371T0	1176	1177	488.541	29.8687
MGG_05644T0	2139	2140	10658	358.388
MGG_06415T0	1204	1205	36	2.14985
MGG_08491T0	366	367	0	0
MGG_06171T0	1173	1174	34	2.08403
MGG_16496T0	333	334	0	0
MGG_09882T0	3228	3229	2718	60.5722
MGG_03656T0	3779	3780	1868	35.5613
MGG_15507T0	228	229	0	0
MGG_02156T0	2688	2689	740	19.8031
MGG_17334T0	387	388	0	0
MGG_14914T0	1872	1873	183.924	7.06631
MGG_06064T0	2487	2488	74755	2162.13
MGG_01351T0	2391	2392	3540	106.496
MGG_16558T0	1182	1183	6.03297	0.366977
MGG_17521T0	333	334	33	7.10984
MGG_08005T0	2955	2956	221	5.37997
MGG_15852T0	3226	3227	2468	55.0349
MGG_04407T0	1948	1949	352	12.9964
MGG_13448T0	1360	1361	31.1061	1.64467
MGG_09906T0	1495	1496	79	3.80004
MGG_18041T0	327	328	0	0
MGG_15584T0	332	333	4	0.864386
MGG_03195T0	1175	1176	1899	116.201
MGG_18078T0	204	205	0	0
MGG_03419T0	1724	1725	672	28.0332
MGG_03154T0	2494	2495	5633.42	162.478
MGG_05880T0	1044	1045	50	3.44307
MGG_04899T0	4655	4656	39	0.602759
MGG_01261T0	2760	2761	1170	30.4938
MGG_04860T0	1590	1591	339.854	15.3714
MGG_01731T0	1436	1437	74.4047	3.72594
MGG_17371T0	1970	1971	2682	97.9184
MGG_06790T0	1059	1060	0	0
MGG_12925T0	2288	2289	4668	146.75
MGG_00602T0	1820	1821	24666	974.722
MGG_00429T0	1728	1729	24	0.998869
MGG_10657T0	1635	1636	703	30.9218
MGG_05883T1	4604	4605	135.733	2.12103
MGG_05883T0	4681	4682	4649.54	71.4612
MGG_09302T0	1143	1144	224	14.0901
MGG_16212T0	1101	1102	159	10.3826
MGG_03489T0	390	391	30	5.52124
MGG_17447T0	279	280	1	0.257001
MGG_04775T1	5876	5877	9524.73	116.624
MGG_04775T0	6665	6666	85336.3	921.214
MGG_04236T0	1001	1002	3705	266.08
MGG_16605T0	348	349	0	0
MGG_06236T0	822	823	0	0
MGG_15097T0	12363	12364	0	0
MGG_03355T0	424	425	2	0.338636
MGG_00216T0	402	403	0	0
MGG_10445T0	2379	2380	71	2.14671
MGG_02795T0	2673	2674	35	0.941887
MGG_10665T0	1199	1200	364	21.8279
MGG_11429T0	2820	2821	2632.55	67.1531
MGG_18095T0	459	460	0	0
MGG_14879T0	843	844	0	0
MGG_05708T0	1703	1704	1934	81.6731
MGG_18011T0	567	568	6	0.760143
MGG_02633T0	2134	2135	901	30.3682
MGG_04727T0	4682	4683	5101	78.3833
MGG_02119T0	1510	1511	43	2.04784
MGG_04776T0	548	549	8	1.0486
MGG_15664T0	450	451	9	1.43601
MGG_11801T0	3189	3190	2754	62.1249
MGG_02236T0	411	412	0	0
MGG_14209T0	1527	1528	8	0.376755
MGG_13118T0	770	771	14.2535	1.33033
MGG_07005T0	1638	1639	73	3.20506
MGG_18002T0	1703	1704	103	4.3497
MGG_16734T0	7314	7315	5466.97	53.7804
MGG_07101T0	2406	2407	33191	992.285
MGG_10759T0	435	436	0	0
MGG_00961T0	2057	2058	985.978	34.4758
MGG_02098T0	2150	2151	573	19.1693
MGG_11518T0	1284	1285	201	11.256
MGG_16651T0	213	214	2	0.672525
MGG_00690T0	425	426	18	3.04057
MGG_01269T0	2726	2727	3536	93.3081
MGG_01633T0	2206	2207	704	22.9542
MGG_10000T0	1852	1853	47	1.82522
MGG_17003T0	2369	2370	2999.34	91.0689
MGG_02727T0	651	652	2735	301.857
MGG_07132T0	2019	2020	1062	37.8325
MGG_10925T0	1837	1838	3427	134.172
MGG_04510T0	1407	1408	0	0
MGG_09837T0	2902	2903	1823	45.1889
MGG_15633T0	216	217	0	0
MGG_06016T0	3819	3820	3431	64.6323
MGG_01773T0	2110	2111	605.305	20.6338
MGG_15913T0	210	211	0	0
MGG_09479T0	3763	3764	2562	48.9803
MGG_07780T0	1459	1460	23	1.13362
MGG_06551T0	1029	1030	112.877	7.88606
MGG_02378T0	2721	2722	3759.87	99.3978
MGG_12886T0	1465	1466	2578	126.544
MGG_03249T0	1847	1848	307.576	11.9769
MGG_16000T0	622	623	51	5.8908
MGG_04093T1	9730	9731	183.02	1.35342
MGG_04093T0	11402	11403	132.98	0.839191
MGG_16443T0	3686	3687	1967	38.3905
MGG_06704T0	4488	4489	4361.34	69.9138
MGG_01172T0	5109	5110	4329	60.9619
MGG_08281T0	5583	5584	0	0
MGG_00787T0	1357	1358	15	0.794847
MGG_16992T0	642	643	0	0
MGG_07456T0	2827	2828	1504.37	38.2795
MGG_18008T0	348	349	37	7.62901
MGG_17473T0	2067	2068	98	3.4101
MGG_11011T0	711	712	0	0
MGG_07772T0	1835	1836	26	1.01904
MGG_03910T0	2966	2967	3521.4	85.4064
MGG_02429T0	399	400	518	93.1884
MGG_04910T0	261	262	732	201.049
MGG_01542T0	1634	1635	27	1.18833
MGG_05136T0	1200	1201	290	17.3759
MGG_15213T0	990	991	0	0
MGG_08801T0	1254	1255	244	13.9907
MGG_04487T0	1407	1408	507	25.9118
MGG_09765T0	1162	1163	1479	91.5125
MGG_01221T0	2264	2265	675.794	21.4703
MGG_07509T0	3437	3438	2487	52.0549
MGG_09537T0	4957	4958	3561	51.6842
MGG_02158T0	1119	1120	157	10.0873
MGG_05853T0	888	889	0	0
MGG_00806T0	8277	8278	425	3.6945
MGG_01469T0	4213	4214	988	16.8715
MGG_08142T0	1305	1306	371	20.442
MGG_06489T0	2184	2185	48	1.58082
MGG_03034T0	1717	1718	48	2.01053
MGG_01442T0	816	817	328.481	28.9321
MGG_06795T0	1467	1468	1080	52.9407
MGG_03188T0	1111	1112	8837	571.863
MGG_13413T0	3919	3920	1854	34.0342
MGG_07273T0	2227	2228	332.084	10.7257
MGG_12357T0	4865	4866	79	1.16828
MGG_09857T0	1423	1424	13	0.65694
MGG_02245T0	1248	1249	14	0.806599
MGG_06107T0	1208	1209	2869	170.764
MGG_11947T0	189	190	0	0
MGG_06023T0	1395	1396	91	4.69081
MGG_01893T0	1647	1648	940.168	41.0526
MGG_17914T0	183	184	2	0.782176
MGG_13692T0	261	262	0	0
MGG_16297T0	519	520	0	0
MGG_08285T0	7083	7084	334	3.39281
MGG_04902T0	1310	1311	36.3348	1.9944
MGG_17177T0	168	169	13.0444	5.5543
MGG_01732T0	1933	1934	752	27.9804
MGG_14685T0	543	544	61	8.06906
MGG_12891T0	1446	1447	10	0.497306
MGG_16549T0	687	688	2270.17	237.444
MGG_13912T0	1724	1725	10	0.41716
MGG_05813T0	1417	1418	1094.96	55.5665
MGG_04021T0	1800	1801	2739	109.439
MGG_03962T0	1374	1375	340	17.7938
MGG_03477T0	1089	1090	3370	222.482
MGG_10027T0	3672	3673	78	1.52815
MGG_06029T0	2978	2979	39.6134	0.956894
MGG_06719T0	2586	2587	6435	178.996
MGG_08688T0	1650	1651	745	32.4714
MGG_00592T0	2077	2078	79442	2751.04
MGG_03710T0	2541	2542	3224	91.2665
MGG_16780T0	393	394	0	0
MGG_14801T0	2412	2413	1081	32.2374
MGG_08082T0	1147	1148	3267	204.786
MGG_16189T0	150	151	5	2.38279
MGG_03440T0	1085	1086	282	18.6858
MGG_12654T0	303	304	2	0.473422
MGG_10359T0	1248	1249	783	45.1119
MGG_04920T0	1417	1418	1993	101.14
MGG_02787T0	2209	2210	72	2.3444
MGG_00868T0	2598	2599	0	0
MGG_17236T0	279	280	0	0
MGG_14055T0	1377	1378	0	0
MGG_07736T0	2150	2151	1904	63.697
MGG_06828T0	1491	1492	42	2.02569
MGG_01209T0	4255	4256	5799	98.0491
MGG_13946T0	1627	1628	2.00745	0.0887324
MGG_06827T0	2955	2956	893	21.739
MGG_07302T1	2235	2236	1484.51	47.7753
MGG_07302T0	2436	2437	163.489	4.82753
MGG_05341T0	3705	3706	2461	47.7857
MGG_08764T0	793	794	0	0
MGG_08764T1	1016	1017	18	1.27363
MGG_00549T0	1039	1040	404.325	27.9762
MGG_16633T0	1466	1467	73.7222	3.61627
MGG_16102T0	399	400	3.01495	0.542391
MGG_07472T0	2085	2086	1261	43.5004
MGG_08797T0	459	460	0	0
MGG_09332T0	1530	1531	38	1.78608
MGG_10319T0	1372	1373	1149	60.2201
MGG_08777T0	2603	2604	74	2.04495
MGG_06684T0	1943	1944	1620.6	59.989
MGG_04119T0	1608	1609	320	14.3115
MGG_17283T0	234	235	0	0
MGG_15058T0	618	619	0	0
MGG_13662T0	1788	1789	9	0.362013
MGG_18113T0	174	175	0	0
MGG_07995T0	771	772	0	0
MGG_17839T0	249	250	110	31.6625
MGG_16388T0	876	877	180.077	14.7758
MGG_17949T0	393	394	2	0.36528
MGG_15730T0	471	472	13	1.98195
MGG_10157T0	2615	2616	755	20.7683
MGG_04584T0	1630	1631	1722	75.9751
MGG_16927T0	791	792	3939.95	357.979
MGG_16501T0	411	412	224.102	39.1418
MGG_16452T0	276	277	4	1.03914
MGG_09816T0	1271	1272	1	0.0565725
MGG_09629T0	570	571	0	0
MGG_03328T0	1532	1533	541	25.3949
MGG_15061T0	846	847	934	79.3516
MGG_02686T0	1377	1378	246	12.8463
MGG_17117T0	342	343	3	0.629389
MGG_12228T0	1182	1183	56	3.4064
MGG_09573T0	788	789	2564.64	233.906
MGG_08809T0	1828	1829	510.262	20.0757
MGG_05967T0	2575	2576	0	0
MGG_15648T0	468	469	2	0.306866
MGG_02668T0	1366	1367	4622	243.306
MGG_17465T0	1713	1714	133.539	5.60649
MGG_17882T0	413	414	0	0
MGG_00972T0	1275	1276	575.93	32.4796
MGG_01856T0	1764	1765	2667	108.735
MGG_15285T0	2447	2448	1520	44.6811
MGG_00798T0	2219	2220	2	0.064829
MGG_10342T0	1536	1537	0	0
MGG_10590T0	3362	3363	980	20.9697
MGG_17676T0	288	289	0	0
MGG_02065T1	2490	2491	0	0
MGG_02065T0	3135	3136	824	18.9079
MGG_14774T0	912	913	85	6.69947
MGG_07792T0	1155	1156	586	36.4781
MGG_17304T0	222	223	0	0
MGG_07110T0	4032	4033	2901	51.7621
MGG_00045T0	1890	1891	71	2.70184
MGG_11627T0	495	496	0	0
MGG_07888T0	1993	1994	0	0
MGG_08731T0	4032	4033	1371	24.4625
MGG_08012T0	1942	1943	1928	71.4046
MGG_06412T0	1826	1827	18623.5	733.523
MGG_03703T0	4321	4322	2818	46.919
MGG_16652T0	488	489	117	17.2175
MGG_17023T0	1560	1561	7	0.322691
MGG_08773T0	2083	2084	884	30.5244
MGG_05235T0	1790	1791	23	0.924111
MGG_05591T0	510	511	0	0
MGG_06157T0	2459	2460	1891	55.3157
MGG_02612T0	1562	1563	9333	429.689
MGG_03302T0	2963	2964	678	16.4605
MGG_08965T0	1737	1738	83.5564	3.45957
MGG_05709T0	4239	4240	5701	96.7559
MGG_16062T0	450	451	0	0
MGG_16255T0	237	238	6	1.81412
MGG_03338T0	961	962	9	0.673224
MGG_11237T0	423	424	672	114.05
MGG_07038T0	1019	1020	463	32.6643
MGG_09292T0	1911	1912	384.875	14.4852
MGG_03864T0	3642	3643	2355.76	46.5333
MGG_00232T0	150	151	0	0
MGG_08868T0	1275	1276	277	15.6214
MGG_05298T0	2661	2662	2517	68.0405
MGG_16492T0	1074	1075	0	0
MGG_04651T0	1794	1795	568	22.7707
MGG_06402T0	1236	1237	6210.8	361.301
MGG_01877T0	1479	1480	121	5.88323
MGG_00968T0	852	853	10457	882.166
MGG_16905T0	2563	2564	95	2.66623
MGG_09812T0	1821	1822	0	0
MGG_02408T0	3877	3878	1246	23.1208
MGG_12690T0	402	403	0	0
MGG_01743T0	2101	2102	1639	56.1098
MGG_16546T0	381	382	0	0
MGG_02391T0	1903	1904	5295	200.12
MGG_17383T0	192	193	14	5.21991
MGG_05284T0	5132	5133	2823	39.576
MGG_05062T0	1780	1781	1235	49.8994
MGG_17875T0	210	211	0	0
MGG_17827T0	1800	1801	314	12.5461
MGG_13404T0	1254	1255	241	13.8186
MGG_00931T0	2214	2215	0	0
MGG_02027T0	3255	3256	0	0
MGG_02114T0	2439	2440	23	0.678313
MGG_08496T0	1371	1372	6	0.314695
MGG_05351T0	1266	1267	28925	1642.82
MGG_11650T0	603	604	5	0.595697
MGG_14266T0	1735	1736	3852.97	159.712
MGG_04187T0	1485	1486	411.671	19.9353
MGG_03583T0	2534	2535	306.108	8.68938
MGG_15240T0	318	319	14	3.15813
MGG_11244T0	1085	1086	2047	135.638
MGG_05994T0	4700	4701	191.423	2.93019
MGG_16606T0	471	472	0	0
MGG_17929T0	375	376	1	0.191383
MGG_00531T0	2734	2735	75	1.97331
MGG_10036T0	1881	1882	0	0
MGG_17802T0	1687	1688	869	37.0458
MGG_16454T1	341	342	0	0
MGG_16454T0	432	433	1	0.16619
MGG_00439T0	1757	1758	150	6.13995
MGG_01139T0	1839	1840	319	12.4757
MGG_15299T0	2125	2126	22	0.744649
MGG_13269T0	1595	1596	6	0.270527
MGG_15756T0	336	337	16	3.41651
MGG_01861T0	1291	1292	22	1.22533
MGG_05854T0	1656	1657	0	0
MGG_01626T0	1476	1477	35	1.70522
MGG_09283T0	3038	3039	604.874	14.3227
MGG_16583T0	222	223	0	0
MGG_04471T0	1644	1645	886	38.7579
MGG_03390T0	2183	2184	610	20.0988
MGG_17968T0	216	217	24	7.95873
MGG_09530T0	1724	1725	1158.77	48.3393
MGG_17979T0	1162	1163	4310.43	266.706
MGG_07877T0	2464	2465	2848	83.141
MGG_07280T0	2226	2227	12637	408.334
MGG_04995T0	5747	5748	739	9.25166
MGG_06355T0	4085	4086	1647	29.006
MGG_00837T0	3116	3117	4303	99.3406
MGG_00141T0	4962	4963	7187	104.207
MGG_02416T0	3027	3028	650	15.4472
MGG_16773T0	424	425	7	1.18523
MGG_07440T0	2556	2557	473	13.3114
MGG_06472T0	1264	1265	3589.61	204.197
MGG_09363T0	2941	2942	2047	50.0688
MGG_02454T0	1911	1912	1585	59.6532
MGG_01279T0	4801	4802	10855	162.667
MGG_06722T0	2041	2042	15163	534.345
MGG_01342T0	4239	4240	1078	18.2955
MGG_10124T0	1615	1616	958	42.6595
MGG_09931T0	4878	4879	1197	17.6545
MGG_06893T0	2746	2747	4434	116.153
MGG_12967T0	1329	1330	60	3.24632
MGG_08100T0	1414	1415	358	18.2062
MGG_04494T0	3455	3456	2162	45.0167
MGG_01026T0	2084	2085	783	27.0239
MGG_17678T0	3688	3689	1474	28.7529
MGG_05041T0	1959	1960	22	0.807716
MGG_13697T0	1600	1601	2398	107.783
MGG_12765T0	1348	1349	96	5.12096
MGG_10402T0	1959	1960	0	0
MGG_07548T0	1116	1117	0	0
MGG_06146T0	2504	2505	2898	83.2497
MGG_04756T0	1940	1941	1128	41.8192
MGG_12369T0	3163	3164	1495	34.0014
MGG_03022T0	1553	1554	138	6.39028
MGG_00253T0	2090	2091	130	4.47385
MGG_08259T0	3516	3517	1947	39.8369
MGG_05769T0	2130	2131	68	2.29624
MGG_12108T0	2578	2579	1965	54.8281
MGG_05889T0	2662	2663	436	11.7817
MGG_05747T0	946	947	6	0.455925
MGG_09397T0	432	433	2	0.332379
MGG_08758T0	2257	2258	284	9.05079
MGG_03319T0	5695	5696	5038.59	63.6548
MGG_02771T0	2774	2775	3710	96.2061
MGG_09355T0	6555	6556	602	6.60769
MGG_05592T0	1626	1627	26	1.14995
MGG_17197T0	881	882	12	0.97905
MGG_16387T0	402	403	0	0
MGG_05993T0	2921	2922	2218.58	54.6369
MGG_01683T0	1444	1445	783.444	39.0151
MGG_10293T0	1848	1849	3.11442	0.121208
MGG_10277T0	5071	5072	49	0.695199
MGG_06826T0	775	776	77	7.14038
MGG_16277T0	3684	3685	1222	23.863
MGG_15568T0	351	352	7	1.43103
MGG_07632T0	1266	1267	1.01225	0.0574914
MGG_02990T0	423	424	0	0
MGG_00401T0	795	796	13	1.17523
MGG_16555T0	1128	1129	0	0
MGG_04105T0	831	832	2150	185.955
MGG_18098T0	4249	4250	421.375	7.13463
MGG_16896T0	607	608	5.0529	0.598039
MGG_03138T0	4218	4219	568	9.68793
MGG_05618T0	3451	3452	1198.06	24.9747
MGG_05437T0	733	734	37	3.62742
MGG_07156T0	2859	2860	524.855	13.2058
MGG_00934T0	3658	3659	812.761	15.9843
MGG_17226T0	279	280	0	0
MGG_09049T0	686	687	0	0
MGG_04662T0	1610	1611	707.641	31.6089
MGG_11728T0	971	972	540	39.9779
MGG_11533T0	1656	1657	617	26.7951
MGG_08812T0	720	721	525	52.3982
MGG_12268T0	3081	3082	4472	104.415
MGG_17829T0	1584	1585	207	9.39795
MGG_00033T0	1605	1606	0	0
MGG_07520T0	1080	1081	6	0.399409
MGG_00532T0	2432	2433	21	0.621111
MGG_11231T0	3581	3582	93	1.86831
MGG_13349T0	1668	1669	751.639	32.4074
MGG_09099T0	1005	1006	4	0.286124
MGG_01708T0	1932	1933	943.538	35.1253
MGG_07557T0	937	938	399	30.6099
MGG_00805T0	4226	4227	866.091	14.7443
MGG_16949T0	201	202	0	0
MGG_06195T0	2615	2616	1077	29.6258
MGG_05387T0	431	432	0	0
MGG_05387T1	898	899	0	0
MGG_16969T0	1548	1549	269.919	12.5393
MGG_03988T0	1798	1799	9	0.360001
MGG_10306T0	1202	1203	4495	268.879
MGG_14756T0	1194	1195	100.16	6.0314
MGG_15112T0	414	415	7	1.21379
MGG_03415T0	3300	3301	34	0.741183
MGG_10957T0	1718	1719	3784	158.404
MGG_06728T0	2565	2566	998.733	28.0082
MGG_08349T0	1257	1258	9	0.514818
MGG_15766T0	189	190	9	3.40864
MGG_07369T0	1236	1237	127	7.38799
MGG_17412T0	324	325	8	1.77133
MGG_03233T0	2046	2047	848	29.8106
MGG_16465T0	2387	2388	38	1.14509
MGG_01795T0	4116	4117	4509	78.8118
MGG_02063T0	790	791	2	0.181947
MGG_12506T0	1677	1678	265	11.3644
MGG_03090T0	2357	2358	4558	139.099
MGG_01060T0	1340	1341	75.0776	4.02878
MGG_15906T0	2396	2397	91.9033	2.75902
MGG_11257T0	1291	1292	435.599	24.2615
MGG_10854T0	1757	1758	2440	99.8764
MGG_06755T0	3364	3365	365	7.80549
MGG_01235T0	2068	2069	2046	71.1602
MGG_15338T0	303	304	7	1.65698
MGG_10896T0	1829	1830	0	0
MGG_06569T0	3942	3943	4328	78.9864
MGG_06747T0	1399	1400	418	21.4852
MGG_05522T0	1437	1438	411.923	20.6134
MGG_14882T0	1269	1270	15	0.849923
MGG_08843T0	3292	3293	5517	120.56
MGG_05111T0	2731	2732	890	23.4424
MGG_14717T0	1217	1218	583.265	34.4596
MGG_03623T0	1005	1006	61	4.36339
MGG_06731T0	1231	1232	1165.64	68.0841
MGG_12466T0	714	715	940.885	94.694
MGG_09183T0	438	439	30	4.91755
MGG_06777T0	1797	1798	101	4.04226
MGG_15878T0	543	544	120	15.8736
MGG_11400T0	2104	2105	342	11.6914
MGG_06868T0	2646	2647	1669	45.3727
MGG_02241T0	949	950	801	60.6738
MGG_10529T0	2832	2833	821	20.854
MGG_13904T0	312	313	0	0
MGG_08145T0	1444	1445	6679.18	332.619
MGG_04643T0	2015	2016	725	25.8785
MGG_00054T0	1509	1510	6	0.285934
MGG_15216T0	900	901	21	1.67721
MGG_00947T0	1496	1497	1154.43	55.493
MGG_02103T0	938	939	99	7.58685
MGG_02516T0	2010	2011	988	35.3539
MGG_09463T0	1503	1504	366	17.5116
MGG_07286T0	2939	2940	911	22.2979
MGG_02000T0	1997	1998	474.667	17.0957
MGG_08657T0	624	625	0	0
MGG_14589T0	552	553	0	0
MGG_06542T0	2018	2019	222	7.91241
MGG_06479T0	393	394	4423	807.817
MGG_10968T0	372	373	0	0
MGG_10126T0	2685	2686	1777.23	47.6135
MGG_00292T0	1250	1251	8	0.460177
MGG_15992T0	726	727	56	5.54301
MGG_10481T0	5382	5383	1	0.013368
MGG_10481T1	5709	5710	0	0
MGG_08823T0	2374	2375	43474	1317.22
MGG_00800T0	3340	3341	4652	100.197
MGG_12876T0	2095	2096	1560.33	53.5696
MGG_08211T0	2918	2919	1074	26.4766
MGG_14917T0	1032	1033	30	2.08984
MGG_14819T0	894	895	3	0.241207
MGG_07884T0	1026	1027	0	0
MGG_06807T0	1428	1429	2113	106.404
MGG_16247T0	4543	4544	148.009	2.34391
MGG_07593T0	1527	1528	157	7.39381
MGG_11610T0	529	530	2	0.271548
MGG_08041T0	852	853	733	61.8368
MGG_06397T0	5041	5042	2379.33	33.9582
MGG_10308T0	1929	1930	297.039	11.0751
MGG_05318T0	2550	2551	1751	49.3933
MGG_13996T0	195	196	52	19.0915
MGG_00539T0	1092	1093	16523	1087.83
MGG_17046T0	258	259	2	0.555677
MGG_17026T0	1713	1714	6.18488	0.259665
MGG_12481T0	537	538	0	0
MGG_03661T0	2131	2132	835.309	28.1937
MGG_00904T0	1496	1497	432	20.7661
MGG_06381T0	1698	1699	248	10.5039
MGG_02950T0	933	934	340	26.1953
MGG_07424T0	1260	1261	1	0.0570659
MGG_01468T0	9284	9285	5089	39.4405
MGG_17821T0	4531	4532	84.9371	1.34865
MGG_07861T0	1761	1762	2	0.0816801
MGG_07591T0	306	307	0	0
MGG_09998T0	369	370	0	0
MGG_07210T0	1775	1776	42	1.70176
MGG_16315T0	2330	2331	1520	46.9238
MGG_04317T0	2211	2212	3171	103.158
MGG_15697T0	183	184	21	8.21284
MGG_10720T0	1103	1104	2766	180.291
MGG_07561T0	3894	3895	7329	135.403
MGG_01327T0	2305	2306	2371	73.9885
MGG_09320T0	4316	4317	1261	21.0196
MGG_00989T0	504	505	0	0
MGG_00882T0	2809	2810	1932	49.4758
MGG_17595T0	1858	1859	77	2.9806
MGG_16085T0	228	229	3.33187	1.047
MGG_09985T0	1419	1420	13	0.65879
MGG_10245T0	1039	1040	0	0
MGG_07229T0	2318	2319	9811	304.442
MGG_15809T0	1126	1127	314	20.0492
MGG_11474T0	2402	2403	19175	574.214
MGG_15791T0	1380	1381	0	0
MGG_15249T0	1226	1227	0	0
MGG_10049T0	1240	1241	122	7.07425
MGG_10609T0	1653	1654	901	39.1996
MGG_17689T0	2032	2033	185	6.54827
MGG_00836T0	767	768	6	0.562189
MGG_02758T0	858	859	241	20.1891
MGG_16006T0	831	832	0	0
MGG_11596T0	1186	1187	462.793	28.0562
MGG_11286T0	1269	1270	421	23.8545
MGG_05335T0	879	880	519	42.4401
MGG_17645T0	486	487	0	0
MGG_06709T0	3287	3288	3887	85.0697
MGG_08798T0	666	667	0	0
MGG_15986T0	981	982	260.301	19.0746
MGG_15986T1	958	959	0	0
MGG_04694T0	944	945	2235	170.191
MGG_04090T0	2861	2862	7549.5	189.819
MGG_02619T0	3746	3747	468	8.98782
MGG_03980T0	1181	1182	3008.78	183.175
MGG_06910T0	2755	2756	6026	157.341
MGG_09298T0	977	978	1561.39	114.885
MGG_12366T0	752	753	59.6139	5.69698
MGG_03267T0	1826	1827	684.808	26.9726
MGG_11741T0	3086	3087	51	1.18885
MGG_18136T0	1335	1336	474	25.5308
MGG_03495T0	960	961	3	0.224641
MGG_03311T0	2148	2149	543	18.1826
MGG_10367T0	798	799	0	0
MGG_06263T0	2014	2015	3277	117.029
MGG_01825T0	2462	2463	4578	133.753
MGG_03057T0	1389	1390	1002	51.8734
MGG_09456T0	1506	1507	402	19.1957
MGG_03967T0	1521	1522	91	4.30248
MGG_03604T0	874	875	562.738	46.2797
MGG_03503T0	1069	1070	3	0.201757
MGG_14858T0	1199	1200	1872.05	112.261
MGG_13439T0	963	964	627	46.804
MGG_06652T0	2947	2948	3051.47	74.4859
MGG_15297T0	1330	1331	48.0191	2.59614
MGG_06490T0	666	667	0	0
MGG_17682T0	933	934	1268	97.6932
MGG_00080T0	621	622	26	3.00798
MGG_13493T0	1978	1979	1035	37.6345
MGG_16666T0	707	708	0	0
MGG_16180T0	1232	1233	22.0262	1.28549
MGG_08314T0	3570	3571	309	6.22674
MGG_01727T0	4317	4318	1682	28.0308
MGG_02308T0	1413	1414	558	28.3973
MGG_05587T0	2753	2754	946	24.7183
MGG_06994T0	1709	1710	6548	275.553
MGG_14369T0	177	178	342	138.261
MGG_12397T0	2540	2541	619	17.5298
MGG_07463T0	1966	1967	48	1.75602
MGG_04964T0	1581	1582	2538	115.446
MGG_07134T1	2031	2032	407.242	14.4218
MGG_07134T0	2127	2128	296.758	10.0351
MGG_13435T0	2930	2931	1713	42.0566
MGG_10820T0	3051	3052	1576.98	37.1822
MGG_10563T0	2473	2474	22.1627	0.644637
MGG_10563T1	2386	2387	193.837	5.84355
MGG_13220T0	2950	2951	519.079	12.6578
MGG_13220T1	2002	2003	6427.92	230.931
MGG_03824T0	1872	1873	686	26.3559
MGG_00943T0	2029	2030	2501	88.6563
MGG_01088T0	2301	2302	1598	49.9532
MGG_05888T0	1989	1990	396	14.3197
MGG_16483T0	660	661	206.908	22.5252
MGG_03512T0	1548	1549	3311.65	153.846
MGG_08810T0	3205	3206	2280.44	51.1855
MGG_05270T0	1812	1813	252	10.0022
MGG_03868T0	1012	1013	341	24.2235
MGG_17680T0	767	768	28.1131	2.63414
MGG_01845T0	399	400	3935	707.908
MGG_17624T0	378	379	0	0
MGG_03460T0	1065	1066	18	1.21509
MGG_11908T0	1497	1498	808	38.8143
MGG_02892T0	2921	2922	1071	26.3755
MGG_01380T0	1293	1294	3712	206.427
MGG_01452T0	3746	3747	2080	39.9459
MGG_12551T0	987	988	2	0.145668
MGG_09784T0	6044	6045	2989	35.5813
MGG_05231T0	915	916	241	18.9327
MGG_02757T0	3704	3705	5807	112.786
MGG_01900T0	444	445	0	0
MGG_08462T0	1857	1858	272	10.5345
MGG_03966T0	3524	3525	1001	20.4346
MGG_17486T0	4306	4307	21492	359.082
MGG_15927T0	1755	1756	0	0
MGG_13868T0	348	349	0	0
MGG_10231T0	312	313	6	1.37943
MGG_16382T0	861	862	21	1.75309
MGG_17354T0	183	184	3	1.17326
MGG_07662T0	1938	1939	28	1.03914
MGG_05899T0	3392	3393	600	12.7251
MGG_09073T0	2935	2936	7	0.171567
MGG_17739T0	174	175	0	0
MGG_03541T0	258	259	100	27.7838
MGG_16529T0	228	229	12	3.77084
MGG_07146T0	3099	3100	6349.81	147.398
MGG_12291T0	2465	2466	10	0.291809
MGG_08353T0	510	511	406	57.1738
MGG_10583T0	1817	1818	86	3.40406
MGG_17647T0	318	319	220.557	49.7533
MGG_08576T0	327	328	8	1.75513
MGG_08981T0	1233	1234	418	24.3755
MGG_10506T0	1782	1783	661	26.6773
MGG_06413T0	1880	1881	585.537	22.4005
MGG_02728T0	2088	2089	17955	618.499
MGG_17508T0	1795	1796	17	0.681137
MGG_08037T0	810	811	47	4.17032
MGG_18093T0	252	253	0	0
MGG_00356T0	4131	4132	3784	65.8996
MGG_11502T0	2088	2089	1652	56.9067
MGG_16681T0	1285	1286	557	31.1678
MGG_06260T0	3178	3179	983	22.2513
MGG_15920T0	141	142	0	0
MGG_06857T0	1994	1995	48	1.73137
MGG_04318T0	898	899	27	2.16121
MGG_15918T0	303	304	8.47821	2.00689
MGG_15353T0	2154	2155	10	0.333922
MGG_17895T0	1872	1873	37	1.42153
MGG_16962T0	390	391	435	80.058
MGG_04358T0	1553	1554	95	4.39911
MGG_00184T0	3615	3616	6458	128.517
MGG_07954T0	1017	1018	0	0
MGG_09527T0	2242	2243	20532	658.71
MGG_15509T0	1831	1832	248.759	9.77115
MGG_02980T0	3436	3437	845.899	17.7105
MGG_04992T0	3942	3943	38	0.693504
MGG_02507T0	2810	2811	168	4.30071
MGG_08339T0	2534	2535	627.981	17.8263
MGG_17774T0	372	373	0	0
MGG_16813T0	1417	1418	0	0
MGG_04433T0	4790	4791	1559	23.416
MGG_16211T0	1407	1408	561.29	28.6865
MGG_00926T0	3785	3786	210	3.99145
MGG_01331T0	2888	2889	1412	35.1706
MGG_09529T0	678	679	1930.23	204.565
MGG_16556T0	676	677	132.113	14.0426
MGG_13993T0	1213	1214	0	0
MGG_07498T0	1503	1504	0	0
MGG_06738T0	1727	1728	7259	302.291
MGG_15396T0	1255	1256	0	0
MGG_04142T0	1667	1668	533.168	23.0017
MGG_10327T0	2688	2689	184.389	4.93443
MGG_04110T0	1224	1225	190	11.1612
MGG_07868T0	1628	1629	0	0
MGG_04146T0	2436	2437	1005	29.6758
MGG_03872T0	2714	2715	256	6.78519
MGG_08834T0	941	942	4669	356.669
MGG_16653T0	465	466	0	0
MGG_03436T0	767	768	4468.33	418.674
MGG_17941T0	373	374	0	0
MGG_14938T0	150	151	1	0.476557
MGG_00824T0	2177	2178	4	0.132158
MGG_07216T0	1048	1049	20217	1386.86
MGG_17312T0	815	816	14	1.23461
MGG_02798T0	831	832	382	33.0394
MGG_00149T0	3183	3184	4788.99	108.234
MGG_00738T0	1355	1356	251	13.3201
MGG_02885T0	1053	1054	6	0.40964
MGG_08917T0	2489	2490	428	12.3691
MGG_14699T0	3461	3462	335	6.96322
MGG_11256T0	2145	2146	1351.4	45.3155
MGG_08190T0	1687	1688	3745.8	159.685
MGG_07886T0	288	289	5	1.24499
MGG_10833T0	4392	4393	514.155	8.42219
MGG_08609T0	567	568	0	0
MGG_10368T0	903	904	25	1.99005
MGG_17445T0	393	394	49	8.94936
MGG_01841T0	1661	1662	33	1.42881
MGG_08049T0	2561	2562	289	8.11729
MGG_01205T0	2686	2687	1299	34.7883
MGG_16286T0	2696	2697	2587	69.0252
MGG_13834T0	1566	1567	420	19.2873
MGG_15595T0	165	166	1	0.433495
MGG_11389T0	1846	1847	309	12.0388
MGG_04180T0	2183	2184	876.655	28.8847
MGG_17075T0	1053	1054	9	0.614461
MGG_16801T0	549	550	15	1.96255
MGG_14728T0	2583	2584	1533	42.6915
MGG_06277T0	3327	3328	72	1.55683
MGG_02893T0	465	466	603	93.1158
MGG_09063T0	2753	2754	112	2.92648
MGG_14684T0	183	184	11	4.30197
MGG_06891T0	1191	1192	66	3.98437
MGG_03606T0	2171	2172	1094.65	36.2666
MGG_15674T0	240	241	13	3.88167
MGG_05831T0	576	577	12	1.49657
MGG_05198T0	3047	3048	271	6.39803
MGG_07148T0	1654	1655	1191	51.7852
MGG_04012T0	1934	1935	2498	92.8974
MGG_08380T0	1062	1063	0	0
MGG_04779T0	876	877	867	71.1396
MGG_05949T0	1542	1543	7448	347.349
MGG_07367T0	1361	1362	8	0.422673
MGG_01620T0	2766	2767	1547	40.2322
MGG_01029T0	2463	2464	443	12.9376
MGG_15779T0	366	367	6	1.17646
MGG_08105T0	3330	3331	3200	69.1301
MGG_03638T0	1999	2000	1543	55.5173
MGG_16821T0	177	178	3	1.21281
MGG_02622T0	1842	1843	2918	113.934
MGG_00865T0	7323	7324	17053	167.55
MGG_06745T0	1466	1467	849	41.6457
MGG_04455T0	953	954	5438	410.188
MGG_13582T0	1432	1433	14	0.70303
MGG_06465T0	5210	5211	1642	22.6748
MGG_17158T0	303	304	2	0.473422
MGG_07191T0	1698	1699	2162.32	91.5837
MGG_05792T0	360	361	166	33.0897
MGG_17610T0	705	706	18.5713	1.89291
MGG_04708T1	3834	3835	2702.35	50.7071
MGG_04708T0	3909	3910	5496.65	101.161
MGG_10130T0	468	469	0	0
MGG_00271T0	1288	1289	1160.12	64.7652
MGG_00271T1	1294	1295	2063	114.636
MGG_00267T0	309	310	0	0
MGG_02418T0	3107	3108	3107	71.937
MGG_15204T0	1023	1024	27	1.89739
MGG_11185T0	2819	2820	3267	83.3666
MGG_10938T0	1605	1606	218	9.76794
MGG_10062T0	1254	1255	6	0.344033
MGG_00656T0	2475	2476	1582	45.9778
MGG_01405T0	2808	2809	12.1853	0.31216
MGG_10271T0	3972	3973	0	0
MGG_00908T0	2028	2029	8627	305.964
MGG_03696T0	2366	2367	3540.5	107.636
MGG_15533T0	216	217	90	29.8452
MGG_10073T0	318	319	0	0
MGG_10912T0	8104	8105	7	0.0621494
MGG_01480T0	769	770	511	47.7554
MGG_01211T0	1434	1435	20	1.00293
MGG_02827T0	1683	1684	73	3.11941
MGG_08307T0	2200	2201	1402	45.8374
MGG_07288T0	3715	3716	11917	230.772
MGG_09253T0	932	933	1540.72	118.832
MGG_05958T0	1379	1380	811.406	42.3108
MGG_15966T0	270	271	0	0
MGG_11047T0	3725	3726	398	7.68657
MGG_04598T0	384	385	15	2.80364
MGG_01378T0	6363	6364	13717	155.103
MGG_17450T0	2063	2064	1550	54.0398
MGG_04661T0	2405	2406	1351	40.4066
MGG_05247T0	3723	3724	25561	493.924
MGG_02650T0	2017	2018	1	0.0356591
MGG_17957T0	318	319	0	0
MGG_17743T0	1394	1395	1630	84.0825
MGG_17730T0	4171	4172	753.883	13.0032
MGG_07116T0	8622	8623	2996.96	25.0101
MGG_17422T0	267	268	1	0.268508
MGG_15286T0	276	277	44	11.4305
MGG_06417T0	2071	2072	1865	64.7711
MGG_05367T0	2577	2578	1193	33.3004
MGG_04100T0	6184	6185	8667	100.837
MGG_01123T0	4087	4088	446.471	7.85912
MGG_15917T0	366	367	0	0
MGG_10019T0	1695	1696	227	9.63146
MGG_17918T0	519	520	0	0
MGG_02060T0	1338	1339	0	0
MGG_08541T0	1658	1659	469	20.3432
MGG_06976T0	684	685	1	0.105051
MGG_03569T0	2572	2573	6505	181.928
MGG_02256T0	1472	1473	1	0.0488528
MGG_14135T0	1494	1495	66	3.17684
MGG_11730T0	973	974	3	0.221643
MGG_09305T0	1572	1573	9	0.411724
MGG_16037T0	261	262	4	1.09863
MGG_08866T0	2624	2625	6034	165.412
MGG_01983T0	2057	2058	7	0.244762
MGG_07963T0	2819	2820	3923	100.106
MGG_00580T0	630	631	14	1.59658
MGG_07705T0	7599	7600	2448	23.1787
MGG_07470T0	2457	2458	1418	41.5132
MGG_07919T0	693	694	93	9.64308
MGG_17824T0	1196	1197	23.93	1.4386
MGG_03932T0	1545	1546	1502.41	69.9311
MGG_07812T0	768	769	0	0
MGG_10361T0	792	793	2	0.181488
MGG_11098T0	1719	1720	0	0
MGG_04560T0	2275	2276	1756	55.5193
MGG_12523T0	3498	3499	10366	213.186
MGG_08750T0	1387	1388	164	8.5025
MGG_01350T0	3415	3416	52	1.09541
MGG_09014T0	1611	1612	9	0.401763
MGG_03698T0	1970	1971	585	21.358
MGG_16485T0	261	262	0	0
MGG_06634T0	3162	3163	1765	40.1548
MGG_01588T0	1533	1534	7745	363.319
MGG_03678T0	2517	2518	1028.41	29.3903
MGG_05972T0	681	682	0	0
MGG_12158T0	4982	4983	4016	57.9956
MGG_09506T0	3008	3009	3695	88.3658
MGG_01485T0	3648	3649	9792	193.103
MGG_11776T0	1497	1498	3881	186.433
MGG_13994T0	3014	3015	424.252	10.1258
MGG_02716T0	8456	8457	11365.4	96.7077
MGG_11907T0	2215	2216	1842	59.8153
MGG_04351T0	1411	1412	1678.24	85.5287
MGG_05314T0	2033	2034	1650.63	58.397
MGG_10604T0	518	519	7843	1087.44
MGG_05756T0	2501	2502	975.252	28.0493
MGG_06154T0	1737	1738	13283	549.969
MGG_08830T0	1373	1374	1015	53.1583
MGG_03636T0	1415	1416	240.674	12.2309
MGG_04026T0	1375	1376	1236	64.6386
MGG_04837T0	2075	2076	3301	114.422
MGG_17035T3	4787	4788	27.36	0.411201
MGG_17035T0	3780	3781	72.1567	1.37329
MGG_17035T2	3784	3785	152.391	2.89725
MGG_17035T1	4479	4480	265.816	4.26968
MGG_06007T0	1569	1570	643	29.4716
MGG_15146T0	1800	1801	745	29.767
MGG_06459T0	3559	3560	640.099	12.9387
MGG_01364T0	3036	3037	708	16.7757
MGG_04531T0	2282	2283	2371	74.7339
MGG_15235T0	491	492	21	3.07147
MGG_00139T0	2794	2795	4283.53	110.284
MGG_16487T0	544	545	38	5.01741
MGG_10898T0	1317	1318	2	0.109196
MGG_04928T0	690	691	11.1372	1.15981
MGG_01428T0	1926	1927	3001.72	112.093
MGG_15344T0	5163	5164	166	2.3132
MGG_09373T0	3052	3053	1965	46.3157
MGG_09773T0	1494	1495	3.04548	0.146591
MGG_07924T0	1701	1702	101	4.27026
MGG_17859T0	327	328	0	0
MGG_00423T0	1107	1108	2	0.129892
MGG_06716T0	658	659	534	58.3107
MGG_02689T0	2700	2701	7178	191.237
MGG_09951T0	1551	1552	62.438	2.895
MGG_06588T0	2330	2331	235	7.25467
MGG_17282T0	833	834	48	4.14159
MGG_08450T0	2502	2503	2	0.0574991
MGG_01047T0	2049	2050	2360	82.8419
MGG_03170T0	2871	2872	601	15.0585
MGG_04937T0	507	508	84	11.8989
MGG_15868T0	1692	1693	823	34.9812
MGG_06878T0	3234	3235	4040	89.8668
MGG_05354T0	1065	1066	43	2.90271
MGG_02803T0	587	588	187	22.8853
MGG_01243T0	1748	1749	678	27.8954
MGG_13277T0	858	859	170	14.2412
MGG_09276T0	2998	2999	1598	38.3436
MGG_09474T0	504	505	160	22.7993
MGG_00170T0	1589	1590	5863	265.347
MGG_05037T0	1131	1132	7	0.444983
MGG_05175T0	1580	1581	208	9.46724
MGG_03140T0	3448	3449	249	5.19515
MGG_14760T0	620	621	4	0.463511
MGG_09555T0	2604	2605	695	19.1986
MGG_06035T0	657	658	1097	119.97
MGG_17294T0	1449	1450	6.21242	0.308308
MGG_06254T0	3848	3849	1656	30.9603
MGG_17795T0	2556	2557	1090	30.6752
MGG_10113T0	1032	1033	0	0
MGG_06794T0	1815	1816	11682	462.907
MGG_08936T0	4286	4287	108.413	1.81978
MGG_16011T0	177	178	2	0.808541
MGG_07732T0	1725	1726	56	2.33474
MGG_02958T0	3813	3814	2209	41.678
MGG_08401T0	690	691	0	0
MGG_03172T0	2127	2128	733	24.787
MGG_13261T0	1843	1844	10.8058	0.421683
MGG_06930T0	2362	2363	2613.66	79.5935
MGG_17931T0	368	369	6	1.17008
MGG_09212T0	1881	1882	538.724	20.5987
MGG_18138T0	459	460	1122	175.52
MGG_05468T0	1761	1762	0	0
MGG_04957T0	4265	4266	2095	35.3391
MGG_11925T0	3773	3774	8	0.152539
MGG_08361T0	1587	1588	182	8.24732
MGG_03094T0	2191	2192	74.3346	2.4403
MGG_03463T0	3302	3303	563	12.2657
MGG_00578T0	2015	2016	408	14.5634
MGG_02335T0	891	892	0	0
MGG_16588T0	258	259	0	0
MGG_10409T0	1092	1093	1277	84.0742
MGG_06659T0	1614	1615	568.216	25.3182
MGG_03223T0	7260	7261	7582.14	75.1428
MGG_05699T0	3971	3972	2265	41.0347
MGG_16625T0	219	220	0	0
MGG_17758T0	456	457	0	0
MGG_11496T0	1913	1914	301	11.3166
MGG_01178T0	3161	3162	1068	24.3053
MGG_05832T0	1236	1237	18	1.04712
MGG_01258T0	3210	3211	2462.91	55.1951
MGG_02244T1	1351	1352	48	2.5548
MGG_02244T0	1485	1486	0	0
MGG_05713T0	2220	2221	3726	120.722
MGG_15712T0	589	590	6	0.731798
MGG_02866T0	3207	3208	1227.8	27.5415
MGG_01790T0	1991	1992	2625	94.827
MGG_00874T0	663	664	141	15.2807
MGG_03947T0	2918	2919	9594	236.514
MGG_04156T0	2085	2086	2857	98.5571
MGG_06648T0	3641	3642	3887	76.801
MGG_16357T0	264	265	0	0
MGG_04320T0	2239	2240	189	6.07164
MGG_01063T0	3446	3447	5385	112.418
MGG_06256T0	2392	2393	308	9.2619
MGG_03691T0	1147	1148	36586	2293.32
MGG_10993T0	1900	1901	93	3.52041
MGG_05577T0	1986	1987	9	0.325939
MGG_09444T0	1320	1321	89	4.84819
MGG_07165T0	1237	1238	2820	163.916
MGG_11786T0	2262	2263	504	16.0265
MGG_06800T0	897	898	9	0.721204
MGG_09531T0	3489	3490	3254	67.0941
MGG_07091T0	4069	4070	780.014	13.7911
MGG_01609T0	996	997	154816	11174.1
MGG_02435T0	1191	1192	1204	72.6846
MGG_12603T0	1278	1279	2607	146.677
MGG_06742T0	2951	2952	2201	53.6532
MGG_15154T0	492	493	2953	431.031
MGG_05968T0	1710	1711	115.998	4.87855
MGG_01399T0	753	754	89	8.49397
MGG_08232T0	1182	1183	19	1.15574
MGG_17944T0	780	781	329	30.3136
MGG_04464T0	3222	3223	5521	123.268
MGG_08230T0	402	403	0	0
MGG_16171T0	564	565	0	0
MGG_08890T0	2469	2470	36	1.04881
MGG_01539T0	213	214	455	152.999
MGG_09518T0	3323	3324	5453	118.05
MGG_02920T0	1821	1822	2671	105.492
MGG_11649T0	3780	3781	864	16.4437
MGG_16377T0	2784	2785	2262	58.4466
MGG_16476T0	516	517	0	0
MGG_18021T0	1166	1167	339.822	20.9543
MGG_18021T1	1216	1217	359.981	21.2854
MGG_14324T0	2971	2972	12	0.290552
MGG_13043T0	255	256	0	0
MGG_04996T0	2767	2768	492.228	12.7965
MGG_05723T0	2485	2486	1986	57.4871
MGG_01703T0	3421	3422	5461	114.838
MGG_09416T0	1152	1153	3	0.187234
MGG_15655T0	833	834	153	13.2013
MGG_01113T0	995	996	5608	405.173
MGG_05659T0	3975	3976	1435	25.9715
MGG_02481T0	3947	3948	7946	144.832
MGG_10420T0	2473	2474	2134	62.0707
MGG_14764T0	9432	9433	501	3.82191
MGG_04934T0	3397	3398	431	9.12738
MGG_05105T0	954	955	387	29.1608
MGG_17942T0	3429	3430	2478	51.9875
MGG_16299T0	5068	5069	1484	21.067
MGG_00321T0	1005	1006	0	0
MGG_00924T0	4391	4392	2922	47.8751
MGG_02810T0	4454	4455	25	0.403817
MGG_04739T0	3696	3697	1499	29.1772
MGG_18045T0	264	265	15	4.07322
MGG_00840T0	2126	2127	1005	34.0009
MGG_01888T0	2008	2009	66	2.36405
MGG_00261T0	3275	3276	2782	61.109
MGG_01382T0	1516	1517	553	26.232
MGG_02671T0	1494	1495	2150	103.488
MGG_14727T0	1182	1183	19	1.15574
MGG_13149T0	3718	3719	2394	46.3223
MGG_08379T0	1542	1543	0	0
MGG_05934T0	2717	2718	2465	65.2619
MGG_06446T0	2255	2256	4483	142.995
MGG_03642T0	1693	1694	13.2817	0.564198
MGG_03998T0	1394	1395	79.6569	4.10905
MGG_06991T0	2122	2123	367.408	12.4535
MGG_01705T0	1823	1824	1861	73.4199
MGG_08759T0	1233	1234	1	0.0583146
MGG_05698T0	1068	1069	354	23.8297
MGG_01537T0	7517	7518	503	4.81457
MGG_12231T0	1494	1495	0	0
MGG_06214T0	4184	4185	2396	41.1987
MGG_16106T0	571	572	12	1.50965
MGG_14948T0	858	859	23	1.92676
MGG_02313T0	9897	9898	0	0
MGG_05427T0	1313	1314	8455	463.031
MGG_03896T0	1446	1447	318	15.8143
MGG_16165T0	237	238	1	0.302354
MGG_14560T0	393	394	6	1.09584
MGG_12676T0	1149	1150	0	0
MGG_07024T0	735	736	9212	900.675
MGG_17671T0	1006	1007	12	0.857519
MGG_08177T0	2043	2044	1310	46.1193
MGG_09955T0	1131	1132	184	11.6967
MGG_09846T0	3220	3221	100	2.23409
MGG_09346T0	756	757	627	59.6024
MGG_14349T0	1753	1754	85	3.48724
MGG_06657T0	882	883	8335	679.262
MGG_16200T0	270	271	6	1.59321
MGG_15569T0	520	521	59	8.14904
MGG_18043T0	1233	1234	0	0
MGG_07913T0	5566	5567	2667.39	34.4792
MGG_08428T0	336	337	0	0
MGG_00298T0	1530	1531	169	7.94335
MGG_04448T0	1204	1205	1.18178	0.0705738
MGG_00013T0	528	529	0	0
MGG_09240T0	2637	2638	1050	28.6422
MGG_08682T0	684	685	7	0.735359
MGG_06439T0	3496	3497	8633	177.647
MGG_06426T0	5808	5809	3349	41.4864
MGG_00318T0	3121	3122	1293	29.8028
MGG_12400T0	505	506	14	1.99099
MGG_07112T0	2770	2771	951	24.6965
MGG_16893T0	282	283	13	3.30559
MGG_00747T0	1687	1688	1010.92	43.0961
MGG_15896T0	216	217	0	0
MGG_16150T0	225	226	24	7.64179
MGG_14575T0	2751	2752	163	4.26218
MGG_15643T0	590	591	14	1.70464
MGG_11285T0	741	742	6	0.581888
MGG_06917T0	2296	2297	4111	128.789
MGG_15741T0	573	574	79	9.90392
MGG_17741T0	204	205	0	0
MGG_16014T0	765	766	0	0
MGG_04439T0	1037	1038	2599	180.178
MGG_10961T0	4338	4339	0	0
MGG_05276T0	1653	1654	659	28.6709
MGG_00771T0	4841	4842	201	2.98719
MGG_13736T0	816	817	1817	160.039
MGG_00333T0	2732	2733	674.297	17.7543
MGG_02405T0	3317	3318	7332	159.015
MGG_06903T0	1480	1481	424	20.6017
MGG_06017T0	1229	1230	1340.45	78.4222
MGG_07231T0	1501	1502	268	12.8398
MGG_06618T0	2329	2330	4.14614	0.12805
MGG_14881T0	1247	1248	3	0.172981
MGG_10333T1	1327	1328	39.171	2.12255
MGG_10333T0	1897	1898	5.82905	0.221001
MGG_02099T0	3460	3461	1645	34.2024
MGG_17388T0	309	310	11	2.55343
MGG_09249T0	2591	2592	5177	143.726
MGG_00613T0	1615	1616	1103	49.1164
MGG_02766T1	2215	2216	2540.21	82.4883
MGG_02766T0	1899	1900	569.787	21.58
MGG_03101T0	2474	2475	2377	69.1108
MGG_04388T0	2542	2543	1176	33.2777
MGG_04843T0	3476	3477	1161	24.0281
MGG_02760T0	1109	1110	651	42.2037
MGG_12093T0	2147	2148	2148	71.9602
MGG_11468T0	1069	1070	247	16.6114
MGG_15106T0	450	451	10	1.59557
MGG_06351T0	3798	3799	4863.72	92.1279
MGG_09314T0	1438	1439	3	0.150021
MGG_17865T0	260	261	0	0
MGG_01434T0	2665	2666	1331	35.9261
MGG_01993T0	306	307	0	0
MGG_14052T0	693	694	0	0
MGG_07833T0	2837	2838	25	0.633899
MGG_00126T0	3896	3897	74	1.36645
MGG_10585T0	1008	1009	19	1.35505
MGG_01337T0	2345	2346	366	11.2265
MGG_01704T0	1944	1945	1138	42.1032
MGG_08846T0	2137	2138	45	1.5146
MGG_01152T0	806	807	5	0.44585
MGG_01865T0	2167	2168	63	2.09109
MGG_00305T0	597	598	1	0.120335
MGG_02634T0	3110	3111	4411	102.03
MGG_15596T0	505	506	0	0
MGG_17069T0	906	907	19	1.50743
MGG_00588T0	1549	1550	528.441	24.5334
MGG_15649T0	459	460	5	0.782176
MGG_04644T0	2118	2119	143	4.85621
MGG_15332T0	276	277	10.0242	2.60412
MGG_06779T0	1071	1072	410	27.5221
MGG_16187T0	827	828	69	5.99668
MGG_09737T0	1827	1828	76	2.99178
MGG_04514T0	1952	1953	1431.29	52.7374
MGG_04824T0	559	560	48.372	6.21582
MGG_13012T0	1116	1117	420	27.0575
MGG_13121T0	2184	2185	1082	35.6343
MGG_00523T0	2583	2584	513	14.2862
MGG_04010T0	342	343	967	202.873
MGG_17772T0	510	511	0	0
MGG_01362T0	2280	2281	3957	124.834
MGG_02398T0	4213	4214	25898	442.246
MGG_17207T0	288	289	0	0
MGG_10380T0	1869	1870	4312	165.932
MGG_14098T0	2575	2576	9	0.251414
MGG_17507T0	814	815	4	0.353179
MGG_07006T0	1308	1309	2538.09	139.527
MGG_17919T0	198	199	0	0
MGG_09957T0	309	310	3	0.696389
MGG_08941T0	799	800	2	0.1799
MGG_00758T0	2328	2329	1357.69	41.9493
MGG_16176T0	629	630	2.59672	0.296604
MGG_15027T0	2406	2407	1253	37.4599
MGG_08426T0	1563	1564	49	2.25451
MGG_13001T0	1889	1890	278.231	10.5934
MGG_05212T0	3266	3267	2281	50.2422
MGG_16296T0	171	172	4	1.67349
MGG_16262T0	201	202	2	0.712477
MGG_18024T0	471	472	0	0
MGG_09464T0	1593	1594	2971.74	134.157
MGG_17858T0	1448	1449	75	3.72465
MGG_09268T0	1584	1585	574	26.06
MGG_03449T0	2418	2419	2647	78.7427
MGG_05025T0	2372	2373	289	8.7638
MGG_12612T0	1926	1927	110	4.10774
MGG_17012T0	2301	2302	0	0
MGG_14093T0	507	508	0	0
MGG_15645T2	1013	1014	1869.01	132.637
MGG_15645T0	1025	1026	1336.31	93.7241
MGG_15645T1	1334	1335	495.687	26.7189
MGG_04077T0	3039	3040	3	0.0710133
MGG_17112T0	231	232	6	1.86104
MGG_11397T0	537	538	62	8.29281
MGG_16486T0	7149	7150	86.5747	0.871319
MGG_03214T0	1544	1545	2641	123.008
MGG_15750T0	1296	1297	36	1.99735
MGG_09162T0	2364	2365	13	0.395553
MGG_00835T0	1509	1510	833	39.6972
MGG_09404T0	2110	2111	2714.94	92.5475
MGG_17058T0	1786	1787	3524	141.907
MGG_07187T0	7035	7036	3902	39.9074
MGG_04189T0	4376	4377	1403	23.0661
MGG_15591T0	516	517	43	5.98508
MGG_05419T0	2902	2903	0	0
MGG_05309T0	2725	2726	3201.08	84.5011
MGG_14230T0	1410	1411	68	3.46796
MGG_07018T0	874	875	1588	130.597
MGG_03844T0	1717	1718	47	1.96864
MGG_07716T0	1823	1824	8344	329.186
MGG_05322T0	2418	2419	470.255	13.9891
MGG_15376T0	441	442	2	0.325612
MGG_00402T0	1186	1187	0	0
MGG_00954T0	501	502	0	0
MGG_03137T0	2830	2831	2078	52.8199
MGG_14548T0	1784	1785	55	2.21726
MGG_13360T0	1980	1981	331	12.0236
MGG_09282T0	3051	3052	260	6.13029
MGG_09297T0	1719	1720	907	37.9464
MGG_13872T0	486	487	8.17489	1.20794
MGG_06496T0	4369	4370	4948	81.478
MGG_17270T0	743	744	39.4407	3.81473
MGG_14619T0	622	623	1	0.115506
MGG_08856T0	2130	2131	855	28.8719
MGG_01678T0	793	794	16914.6	1532.97
MGG_16078T0	741	742	1	0.0969813
MGG_14929T0	729	730	11	1.08433
MGG_15562T0	336	337	4	0.854127
MGG_15074T0	900	901	174	13.8969
MGG_11879T0	1517	1518	313.531	14.8628
MGG_06880T0	1681	1682	569.527	24.3658
MGG_02755T0	4513	4514	3213	51.2202
MGG_08642T0	3049	3050	2659	62.7351
MGG_14901T0	2438	2439	2419	71.3701
MGG_16882T0	186	187	2	0.769627
MGG_09888T0	1864	1865	1460	56.3334
MGG_11781T0	1545	1546	52	2.42039
MGG_08973T0	1672	1673	668.948	28.7732
MGG_08973T1	1869	1870	119.052	4.58128
MGG_10531T0	435	436	0	0
MGG_16604T0	180	181	0	0
MGG_12868T0	1786	1787	1540.43	62.0311
MGG_02908T0	2106	2107	1315	44.9111
MGG_17138T0	324	325	13	2.87841
MGG_10346T0	786	787	0	0
MGG_00409T0	734	735	776	75.9743
MGG_11312T0	1548	1549	276.955	12.8662
MGG_16083T0	261	262	0	0
MGG_14958T0	351	352	0	0
MGG_07089T0	2323	2324	599	18.5474
MGG_12652T0	2990	2991	5103	122.773
MGG_09379T0	357	358	0	0
MGG_06114T0	810	811	145	12.8659
MGG_04795T0	348	349	0	0
MGG_00923T0	2107	2108	891	30.4158
MGG_15323T0	3997	3998	2602	46.8335
MGG_18118T0	686	687	11	1.1522
MGG_06875T0	642	643	9423.72	1054.64
MGG_12724T0	2466	2467	1731	50.4917
MGG_01912T0	2605	2606	2	0.0552265
MGG_14073T0	1791	1792	0	0
MGG_00158T0	1455	1456	8	0.395385
MGG_12628T0	1365	1366	2290	120.636
MGG_00654T0	3455	3456	3294	68.587
MGG_00178T0	1137	1138	1831	115.781
MGG_05196T0	2730	2731	627	16.5211
MGG_00790T0	1452	1453	62	3.07056
MGG_10692T0	2314	2315	236	7.3359
MGG_16852T1	3096	3097	91.0522	2.11564
MGG_16852T0	2763	2764	143.948	3.74765
MGG_16163T0	177	178	0	0
MGG_04502T0	1446	1447	1038	51.6203
MGG_06858T0	1152	1153	432	26.9617
MGG_10142T0	3868	3869	1884	35.0408
MGG_07448T0	990	991	0	0
MGG_02855T0	1965	1966	761	27.8544
MGG_08261T0	3259	3260	3626	80.0391
MGG_15833T0	540	541	25	3.32533
MGG_15628T1	765	766	10.0499	0.944117
MGG_15628T0	781	782	190.348	17.5159
MGG_13744T0	1292	1293	1723	95.8912
MGG_03854T0	4287	4288	906.511	15.2129
MGG_15768T0	1411	1412	137	6.98197
MGG_08776T0	2671	2672	3	0.0807936
MGG_16075T0	177	178	0	0
MGG_00082T0	3324	3325	2091	45.2537
MGG_00933T0	2984	2985	127	3.06162
MGG_05390T0	1497	1498	12	0.57645
MGG_16710T0	1983	1984	140.081	5.08079
MGG_00664T0	2114	2115	564.754	19.215
MGG_10668T0	2102	2103	2079	71.1389
MGG_08772T0	991	992	53	3.84465
MGG_02474T0	3909	3910	1906	35.0783
MGG_04815T0	923	924	0	0
MGG_17297T0	369	370	0	0
MGG_17510T0	273	274	6	1.57577
MGG_15622T0	1890	1891	358.322	13.6356
MGG_00015T0	904	905	9	0.715626
MGG_13218T0	2497	2498	328.213	9.45486
MGG_11552T0	829	830	1	0.086699
MGG_07493T0	3547	3548	11883	241.01
MGG_07477T0	2152	2153	62.2588	2.08089
MGG_06500T0	3081	3082	1238	28.9055
MGG_14969T0	2883	2884	1603	39.9973
MGG_07137T0	1745	1746	3065.11	126.326
MGG_13907T0	1743	1744	3066	126.508
MGG_09368T0	825	826	9	0.78407
MGG_16745T0	186	187	12	4.61776
MGG_10001T0	1632	1633	5	0.220331
MGG_14424T0	204	205	0	0
MGG_09054T0	921	922	527	41.1312
MGG_08501T0	1645	1646	19	0.830646
MGG_07025T0	2407	2408	3141	93.865
MGG_08935T0	4616	4617	1426	22.2255
MGG_06362T0	1188	1189	11764	711.976
MGG_01124T0	1282	1283	1765.53	99.024
MGG_17572T0	345	346	12	2.49573
MGG_13029T0	1205	1206	311.305	18.5751
MGG_07730T0	1080	1081	148	9.85208
MGG_07184T0	653	654	59	6.49182
MGG_16948T0	267	268	0	0
MGG_13985T0	450	451	170	27.1247
MGG_04673T0	1445	1446	4	0.19906
MGG_07572T0	1926	1927	0	0
MGG_11584T0	1590	1591	13	0.587984
MGG_06422T0	3330	3331	5262	113.676
MGG_05177T0	1543	1544	362	16.8715
MGG_01482T0	1791	1792	412	16.5444
MGG_16193T0	459	460	2	0.31287
MGG_05434T0	1779	1780	382	15.4431
MGG_02508T0	887	888	301	24.3919
MGG_15497T0	450	451	0	0
MGG_05448T0	2113	2114	1908	64.948
MGG_04873T0	603	604	1158.29	137.998
MGG_17319T0	555	556	9	1.16482
MGG_15141T0	697	698	33	3.40213
MGG_09168T0	732	733	0	0
MGG_14647T0	1863	1864	248	9.5741
MGG_08531T0	834	835	0	0
MGG_07270T0	2532	2533	182	5.17045
MGG_06905T0	5485	5486	10048	131.8
MGG_00722T0	4877	4878	345	5.08943
MGG_02188T0	1680	1681	0	0
MGG_02849T0	1404	1405	8083	413.989
MGG_18110T0	816	817	2	0.176157
MGG_08384T0	1734	1735	1	0.0414756
MGG_08335T0	1540	1541	4028	188.096
MGG_04922T0	1960	1961	107	3.92643
MGG_02923T0	3501	3502	1436	29.5074
MGG_09275T0	5908	5909	64.1807	0.781596
MGG_09275T1	5269	5270	4810.82	65.6902
MGG_17855T0	669	670	0	0
MGG_09075T0	830	831	691	59.8369
MGG_08488T0	2708	2709	0	0
MGG_16714T0	541	542	8	1.06214
MGG_15899T0	189	190	948	359.043
MGG_07491T0	966	967	515	38.3242
MGG_09866T0	2580	2581	1589	44.3025
MGG_08914T0	3863	3864	30.3551	0.565309
MGG_16400T0	2184	2185	2	0.0658674
MGG_01768T0	3263	3264	915	20.1727
MGG_11809T0	3137	3138	434	9.95242
MGG_07117T1	2901	2902	16398.1	406.619
MGG_07117T0	2986	2987	2237.92	53.914
MGG_06768T0	3441	3442	5668	118.498
MGG_02954T0	3776	3777	6975	132.889
MGG_07782T0	788	789	87	7.93477
MGG_17901T0	1526	1527	12442	586.332
MGG_03423T0	804	805	0	0
MGG_07881T0	1024	1025	0	0
MGG_00655T0	2028	2029	1467	52.0284
MGG_04384T0	360	361	1	0.199336
MGG_06215T0	2232	2233	849	27.3597
MGG_05208T0	1023	1024	967	67.9546
MGG_17593T0	286	287	7	1.75513
MGG_18076T0	426	427	0	0
MGG_09741T0	645	646	3	0.33418
MGG_02303T0	1037	1038	68	4.71415
MGG_07625T0	804	805	0	0
MGG_01517T0	1203	1204	125.157	7.48035
MGG_03164T0	785	786	3343	306.06
MGG_01786T0	1316	1317	563.875	30.8098
MGG_15042T0	4164	4165	1335	23.0653
MGG_08407T0	321	322	0	0
MGG_01608T0	1340	1341	1081.35	58.0271
MGG_03368T0	982	983	2.04956	0.150038
MGG_07478T0	2855	2856	159	4.00619
MGG_06234T0	995	996	0	0
MGG_00387T0	1477	1478	34	1.65538
MGG_15174T0	342	343	803	168.466
MGG_16983T0	327	328	822	180.339
MGG_10742T0	1738	1739	4213.86	174.37
MGG_05674T0	2836	2837	6309	160.027
MGG_18027T0	582	583	0	0
MGG_16542T0	190	191	2.02858	0.764275
MGG_01354T0	3728	3729	1448.02	27.9431
MGG_06707T0	3032	3033	7254	172.106
MGG_15993T0	183	184	0	0
MGG_07109T0	1504	1505	1416.62	67.7346
MGG_15635T0	246	247	51	14.8582
MGG_01744T0	1060	1061	1605	108.856
MGG_15302T0	315	316	11128	2534.09
MGG_14918T0	186	187	78	30.0155
MGG_16160T0	4261	4262	643	10.8565
MGG_15267T0	531	532	3	0.40579
MGG_17123T0	1922	1923	542	20.2821
MGG_16084T0	489	490	0	0
MGG_11036T0	3404	3405	1748	36.9417
MGG_14008T0	2072	2073	792	27.4927
MGG_09388T0	2500	2501	690	19.8531
MGG_08655T0	1392	1393	325	16.789
MGG_17205T0	336	337	8	1.70825
MGG_05671T0	2703	2704	4118	109.59
MGG_01098T0	774	775	180	16.7133
MGG_04490T0	1624	1625	4260	188.646
MGG_04788T0	4014	4015	1369	24.5364
MGG_10755T0	1002	1003	0	0
MGG_15331T0	2045	2046	45	1.5827
MGG_08002T0	2186	2187	442	14.5434
MGG_04016T0	2007	2008	503	18.0259
MGG_02499T0	3084	3085	8680	202.468
MGG_09441T0	1160	1161	39	2.41727
MGG_14906T0	3831	3832	1128	21.1824
MGG_12488T0	660	661	0	0
MGG_16258T0	246	247	3	0.87401
MGG_15963T0	729	730	198.069	19.5248
MGG_15721T0	1759	1760	184	7.52311
MGG_02076T1	1382	1383	0	0
MGG_02076T0	1076	1077	2	0.133631
MGG_02159T0	1377	1378	585	30.5491
MGG_04007T0	1959	1960	2221	81.5426
MGG_06693T0	1135	1136	5315.66	336.721
MGG_12139T0	914	915	1949	153.279
MGG_17555T0	360	361	0	0
MGG_08853T0	1579	1580	850.598	38.74
MGG_09901T0	2767	2768	4830	125.566
MGG_17157T0	1139	1140	3	0.189369
MGG_03679T0	1280	1281	899.587	50.5343
MGG_15414T0	855	856	0	0
MGG_15588T0	237	238	0	0
MGG_13438T0	2593	2594	360.665	10.0052
MGG_00256T0	2003	2004	1532	55.0115
MGG_03577T0	1090	1091	20692	1364.8
MGG_06295T0	871	872	2486.48	205.192
MGG_07034T0	1046	1047	1750	120.277
MGG_16553T0	542	543	16	2.12037
MGG_08577T0	2341	2342	3461	106.342
MGG_05423T0	2177	2178	1	0.0330396
MGG_17208T0	153	154	0	0
MGG_05281T0	2047	2048	113.854	4.00046
MGG_05281T1	1760	1761	179.146	7.32049
MGG_09507T0	3739	3740	4154	79.9258
MGG_03911T0	2035	2036	1442	50.9659
MGG_16963T0	342	343	0	0
MGG_13464T0	2376	2377	0	0
MGG_06150T0	2723	2724	856.811	22.6344
MGG_09215T0	6275	6276	46	0.527433
MGG_04009T0	2343	2344	51	1.56569
MGG_17822T0	1795	1796	25	1.00167
MGG_11604T0	2153	2154	42	1.40312
MGG_16214T0	171	172	11	4.6021
MGG_11701T0	4509	4510	385.214	6.14636
MGG_02450T0	2279	2280	3502	110.528
MGG_13240T0	468	469	5	0.767166
MGG_12109T0	2322	2323	1631	50.5239
MGG_17128T0	219	220	16	5.23347
MGG_14852T0	4449	4450	1416.92	22.9128
MGG_09085T0	1464	1465	0	0
MGG_11243T0	2241	2242	2094	67.2099
MGG_06936T0	1239	1240	2274	131.966
MGG_01295T0	1331	1332	1761	95.1365
MGG_09583T0	312	313	0	0
MGG_04134T0	1965	1966	28.5054	1.04336
MGG_06024T0	6440	6441	157	1.75404
MGG_06400T0	3280	3281	6428	140.981
MGG_15994T0	2252	2253	37	1.18177
MGG_15820T0	222	223	0	0
MGG_11691T0	1137	1138	265	16.757
MGG_10310T0	1067	1068	8	0.539027
MGG_14297T0	1437	1438	1107	55.3963
MGG_15915T0	1731	1732	5	0.207737
MGG_16092T0	366	367	0	0
MGG_14734T0	448	449	2.01724	0.323298
MGG_09739T0	897	898	19	1.52254
MGG_05806T0	2831	2832	366	9.29994
MGG_03002T0	3611	3612	9495	189.164
MGG_00606T0	2660	2661	395	10.6818
MGG_02071T1	2033	2034	32.9083	1.16425
MGG_02071T0	2217	2218	30.8355	1.00042
MGG_15675T0	1137	1138	630	39.8373
MGG_16235T0	159	160	2	0.899502
MGG_11667T0	672	673	835.944	89.3829
MGG_01547T0	1057	1058	1780.68	121.114
MGG_08558T0	2837	2838	950	24.0881
MGG_00316T0	2956	2957	134	3.26096
MGG_07460T0	1131	1132	3144	199.861
MGG_17927T0	240	241	3019	901.443
MGG_02717T0	1652	1653	33.5808	1.46187
MGG_08547T0	4068	4069	4254	75.2319
MGG_03893T0	2745	2746	760	19.9161
MGG_06892T0	2598	2599	2328	64.4568
MGG_06010T0	603	604	39	4.64643
MGG_17813T0	2610	2611	7843	216.156
MGG_13573T0	2573	2574	19	0.531174
MGG_13079T0	2393	2394	133	3.99779
MGG_01653T0	1367	1368	2021	106.31
MGG_07442T0	1879	1880	6355	243.248
MGG_09466T0	2371	2372	690.819	20.9576
MGG_09333T0	1228	1229	46.9234	2.74745
MGG_01978T0	3044	3045	1639	38.7332
MGG_04316T0	1617	1618	5	0.222374
MGG_17933T0	2974	2975	4.90153	0.11856
MGG_05825T0	2032	2033	32	1.13267
MGG_00100T0	1229	1230	402	23.5187
MGG_00563T0	1050	1051	7	0.479278
MGG_01076T0	3116	3117	711	16.4144
MGG_08072T0	5253	5254	1956.32	26.7943
MGG_07275T0	3981	3982	2702	48.8288
MGG_04585T0	2930	2931	641.425	15.7479
MGG_15603T0	162	163	0	0
MGG_14851T0	503	504	77	10.9939
MGG_13163T0	4001	4002	508.359	9.14083
MGG_00295T0	2743	2744	17748.4	465.443
MGG_01158T0	5790	5791	266.929	3.31691
MGG_17162T0	591	592	7	0.85088
MGG_04083T0	1038	1039	1574.47	109.046
MGG_10341T0	762	763	0	0
MGG_03557T0	2652	2653	2510	68.0814
MGG_00546T0	321	322	4205	939.728
MGG_01641T0	2497	2498	6466	186.267
MGG_03735T0	1845	1846	1180	45.9984
MGG_12773T0	1482	1483	36	1.74684
MGG_14943T0	11919	11920	0	0
MGG_01501T0	1456	1457	54.2657	2.68014
MGG_17782T0	198	199	0	0
MGG_12789T0	1566	1567	351	16.1187
MGG_16500T0	1034	1035	113.204	7.87072
MGG_11784T0	3609	3610	2529	50.412
MGG_04462T0	2505	2506	2545.99	73.1084
MGG_14701T0	1287	1288	166	9.27437
MGG_11422T0	501	502	152	21.7887
MGG_03822T0	1718	1719	16	0.669786
MGG_15283T0	1101	1102	31	2.02429
MGG_08694T0	1590	1591	120	5.42754
MGG_09844T0	564	565	0	0
MGG_06952T0	675	676	3729	396.952
MGG_07205T0	4463	4464	3914	63.0941
MGG_09225T0	1252	1253	15	0.861454
MGG_17649T0	585	586	0	0
MGG_16991T0	204	205	0	0
MGG_17712T0	2186	2187	1761.54	57.9612
MGG_15953T0	570	571	9	1.13422
MGG_07475T1	1060	1061	29.2003	1.98045
MGG_07475T0	1338	1339	553.514	29.7468
MGG_01210T0	1609	1610	6658	297.584
MGG_14785T0	1565	1566	282	12.9583
MGG_01896T0	1658	1659	10	0.433756
MGG_13773T0	2249	2250	1583	50.628
MGG_05814T0	2046	2047	466	16.3817
MGG_10910T0	1421	1422	11	0.556654
MGG_00151T0	4608	4609	205	3.20066
MGG_00861T0	4105	4106	158	2.76905
MGG_08523T0	1998	1999	584	21.0229
MGG_16888T0	387	388	13	2.41104
MGG_05959T0	2932	2933	631	15.4814
MGG_14114T0	786	787	0	0
MGG_16832T0	545	546	4	0.527181
MGG_11100T0	2828	2829	3158	80.3288
MGG_15545T0	450	451	14	2.2338
MGG_15836T0	461	462	3	0.467274
MGG_07639T0	4137	4138	32	0.556483
MGG_03632T0	1858	1859	1019	39.4445
MGG_13934T0	1303	1304	81	4.46992
MGG_10924T0	2604	2605	1677.01	46.3255
MGG_00574T0	1512	1513	63	2.99636
MGG_16855T0	1419	1420	145.662	7.38161
MGG_03199T0	1619	1620	1387.67	61.6402
MGG_01230T0	2107	2108	306	10.4458
MGG_15587T0	429	430	5	0.836746
MGG_07392T0	934	935	2607.62	200.689
MGG_03791T0	531	532	0	0
MGG_04948T0	1217	1218	87.0697	5.14413
MGG_10160T0	1607	1608	640	28.6409
MGG_17305T0	306	307	0	0
MGG_14367T0	1631	1632	122	5.37937
MGG_09908T0	814	815	1411	124.584
MGG_05378T0	2213	2214	1860	60.4543
MGG_13325T0	638	639	3	0.337841
MGG_15134T0	1350	1351	75	3.99483
MGG_01160T0	779	780	9103	839.812
MGG_01721T0	2446	2447	11601	341.156
MGG_15143T0	324	325	79	17.4919
MGG_15826T0	339	340	7	1.48153
MGG_02877T0	856	857	3024	253.918
MGG_08585T0	2223	2224	1580	51.1228
MGG_17386T0	402	403	67.1505	11.9905
MGG_10116T0	2287	2288	567	17.8328
MGG_01191T0	2799	2800	3817	98.0971
MGG_14792T0	1662	1663	831	35.9584
MGG_06981T0	3521	3522	90.8882	1.85699
MGG_06981T2	3278	3279	316.273	6.94086
MGG_06981T1	3381	3382	32.8386	0.69872
MGG_13107T0	1397	1398	1282.8	66.0303
MGG_06507T0	3007	3008	4373	104.615
MGG_08726T0	645	646	0	0
MGG_16383T0	770	771	885.66	82.6618
MGG_09476T0	737	738	614	59.8693
MGG_02982T0	1975	1976	570	20.7577
MGG_16107T0	638	639	194	21.8471
MGG_06117T0	3760	3761	3939.01	75.366
MGG_06223T0	942	943	1	0.0763098
MGG_01623T0	3243	3244	1482	32.8745
MGG_01850T0	1933	1934	503	18.7156
MGG_06799T0	2969	2970	279.917	6.78212
MGG_00319T0	2041	2042	547	19.2763
MGG_04886T0	4987	4988	8982	129.58
MGG_01239T0	1319	1320	368	20.0616
MGG_14162T0	2769	2770	1205.39	31.314
MGG_17392T0	291	292	15	3.69658
MGG_07452T0	1038	1039	139	9.62701
MGG_02512T0	999	1000	1300.99	93.6193
MGG_09639T0	7496	7497	3	0.0287956
MGG_02090T0	462	463	1	0.155422
MGG_03957T0	1888	1889	1006	38.3229
MGG_05741T0	663	664	337	36.5219
MGG_05110T0	1220	1221	7950	468.537
MGG_16141T0	958	959	55	4.12702
MGG_06966T0	3516	3517	25457.4	520.876
MGG_03559T0	2408	2409	1880	56.1582
MGG_15613T0	213	214	0	0
MGG_10678T0	1809	1810	538	21.3893
MGG_04652T0	6738	6739	5953	63.5671
MGG_03931T0	4227	4228	3323.59	56.5672
MGG_07305T0	1823	1824	124	4.89203
MGG_01734T0	3921	3922	357	6.55017
MGG_09462T0	954	955	493	37.148
MGG_00829T0	912	913	5	0.394086
MGG_10829T0	2883	2884	1761.18	43.944
MGG_00659T0	2314	2315	1328	41.28
MGG_14673T0	388	389	63	11.6542
MGG_06224T0	405	406	0	0
MGG_10344T0	1473	1474	0	0
MGG_07542T0	663	664	4549	492.992
MGG_03820T0	1590	1591	0	0
MGG_16362T0	195	196	1	0.367144
MGG_00517T0	1672	1673	195.667	8.41617
MGG_15163T0	2882	2883	493.641	12.3214
MGG_04289T0	1563	1564	6	0.276062
MGG_05856T0	4920	4921	1034	15.1203
MGG_09031T0	750	751	520	49.8259
MGG_02647T0	618	619	3151	366.311
MGG_14802T0	366	367	176	34.5095
MGG_14719T0	1329	1330	0	0
MGG_09492T0	1276	1277	705	39.7274
MGG_04341T0	444	445	43	6.95345
MGG_02123T0	2716	2717	96	2.54257
MGG_18119T0	279	280	0	0
MGG_17835T0	880	881	25	2.042
MGG_15413T0	1205	1206	0	0
MGG_00748T0	4412	4413	1856.08	30.2659
MGG_17417T0	186	187	2	0.769627
MGG_08782T0	660	661	1008	109.737
MGG_14251T0	2064	2065	0	0
MGG_05319T0	3427	3428	2943	61.7791
MGG_12830T0	2536	2537	1583	44.9006
MGG_07655T0	1728	1729	21	0.87401
MGG_17343T0	292	293	3	0.736793
MGG_05721T0	1911	1912	363.283	13.6726
MGG_06888T0	1700	1701	94	3.97663
MGG_00593T0	3045	3046	90	2.1262
MGG_09383T1	2815	2816	8	0.204432
MGG_09383T0	3129	3130	0	0
MGG_06685T0	704	705	22297.6	2275.94
MGG_08117T0	2552	2553	776	21.8727
MGG_17951T0	180	181	0	0
MGG_00460T0	1665	1666	277	11.9646
MGG_06137T0	1904	1905	2300.96	86.9175
MGG_10579T0	5049	5050	4505	64.1942
MGG_09776T0	2748	2749	2119	55.4687
MGG_09477T0	900	901	15347	1225.72
MGG_15900T0	996	997	21	1.51571
MGG_04855T0	5941	5942	9965	120.68
MGG_05571T1	1670	1671	1073.02	46.2087
MGG_05571T0	1994	1995	492.979	17.7819
MGG_03153T0	771	772	475	44.276
MGG_04682T0	2261	2262	0	0
MGG_16701T0	444	445	0	0
MGG_09581T0	405	406	0	0
MGG_08500T0	1557	1558	15	0.692813
MGG_00941T0	1372	1373	26.0399	1.36477
MGG_00623T0	2996	2997	1902.99	45.6921
MGG_09657T0	330	331	0	0
MGG_09994T0	1768	1769	54	2.19664
MGG_04243T0	1254	1255	1428.86	81.9292
MGG_15236T0	417	418	55	9.46844
MGG_11638T0	7997	7998	46.0182	0.414039
MGG_13793T0	3514	3515	704	14.4125
MGG_15343T0	930	931	18	1.39128
MGG_09452T0	330	331	0	0
MGG_03984T0	1454	1455	4264.73	210.922
MGG_09326T0	897	898	10.3498	0.829373
MGG_04939T0	1430	1431	3	0.15086
MGG_13198T0	1037	1038	55	3.81292
MGG_07830T0	1517	1518	96	4.55084
MGG_05630T0	3421	3422	889	18.6945
MGG_03257T0	2947	2948	33	0.805524
MGG_03659T0	1654	1655	537	23.349
MGG_16543T0	486	487	258	38.1226
MGG_09934T0	1902	1903	23.1761	0.876382
MGG_06367T0	1650	1651	4919	214.399
MGG_07680T0	729	730	0	0
MGG_09814T0	2451	2452	0	0
MGG_17010T0	222	223	21	6.77652
MGG_01920T0	2447	2448	38	1.11703
MGG_01084T0	1011	1012	2320	164.968
MGG_02754T0	3581	3582	1066	21.4153
MGG_03860T0	2162	2163	1460	48.5723
MGG_14477T0	1653	1654	0	0
MGG_01134T0	2510	2511	20229	579.722
MGG_16531T0	1705	1706	624	26.3207
MGG_06887T0	1974	1975	788	28.7112
MGG_06677T0	1731	1732	392.278	16.2981
MGG_15071T0	1236	1237	124	7.21347
MGG_02349T0	988	989	0	0
MGG_17429T0	2244	2245	470	15.0652
MGG_05875T0	723	724	3	0.298177
MGG_00879T0	2775	2776	1135	29.4218
MGG_07605T0	1162	1163	24	1.48499
MGG_10198T0	1568	1569	635	29.1235
MGG_17780T0	384	385	0	0
MGG_15324T0	2989	2990	35.6791	0.858688
MGG_11536T0	2370	2371	1026	31.1392
MGG_00043T0	396	397	0	0
MGG_02651T0	845	846	814	69.2383
MGG_11577T0	1381	1382	3885	202.29
MGG_07384T0	2135	2136	1051	35.4074
MGG_13809T0	3240	3241	162	3.5969
MGG_15843T0	377	378	8	1.52297
MGG_07652T0	954	955	4	0.301404
MGG_17582T0	213	214	0	0
MGG_01931T0	2322	2323	35	1.0842
MGG_07566T0	1053	1054	0	0
MGG_02471T0	2312	2313	1731	53.8535
MGG_05714T0	5262	5263	546	7.46537
MGG_05349T0	1456	1457	1516	74.8741
MGG_03537T0	4554	4555	5717.27	90.3218
MGG_16190T0	1018	1019	38	2.6835
MGG_00741T0	1266	1267	229	13.0062
MGG_17441T0	1076	1077	14	0.935415
MGG_08887T0	5213	5214	2787	38.4643
MGG_15990T0	1753	1754	1080.67	44.3358
MGG_18000T0	192	193	0	0
MGG_08078T0	1003	1004	8100.83	580.614
MGG_07960T0	1203	1204	14	0.836746
MGG_00720T0	3443	3444	2946	61.5548
MGG_16548T0	452	453	0	0
MGG_09150T1	1904	1905	0	0
MGG_09150T0	1949	1950	0	0
MGG_02745T0	489	490	243	35.6864
MGG_17464T0	359	360	1	0.199889
MGG_03785T0	732	733	1	0.0981721
MGG_02988T0	1718	1719	2	0.0837233
MGG_17934T0	180	181	0	0
MGG_10315T0	849	850	101267	8573.16
MGG_13208T0	1202	1203	170	10.1689
MGG_17574T0	303	304	133	31.4826
MGG_04390T0	3204	3205	821.845	18.4524
MGG_06069T0	2100	2101	99882	3421
MGG_08727T0	927	928	0	0
MGG_01471T0	1300	1301	696	38.4967
MGG_02529T0	1870	1871	5	0.192304
MGG_02833T0	4561	4562	1949	30.7432
MGG_09924T0	2674	2675	1218	32.7654
MGG_01290T0	2391	2392	2012	60.5284
MGG_16472T0	3318	3319	4651	100.84
MGG_06456T0	1050	1051	140	9.58556
MGG_01904T0	456	457	0	0
MGG_07088T0	1060	1061	115	7.79964
MGG_06110T0	1890	1891	314.443	11.9658
MGG_11862T0	2389	2390	1495	45.0127
MGG_05788T0	1351	1352	3854	205.129
MGG_09819T0	894	895	0	0
MGG_00756T0	2440	2441	291.374	8.58965
MGG_01689T0	1409	1410	1959	99.9787
MGG_14848T0	693	694	229	23.7448
MGG_14115T0	2338	2339	83	2.55352
MGG_08664T0	471	472	21.7086	3.30965
MGG_05969T0	3756	3757	2201	42.1572
MGG_02122T0	2114	2115	80	2.7219
MGG_07300T0	2038	2039	163	5.75258
MGG_14939T0	843	844	2	0.170522
MGG_02304T0	1065	1066	20	1.3501
MGG_03536T0	2383	2384	520.24	15.7032
MGG_00383T0	2082	2083	1826	63.0817
MGG_14688T0	1753	1754	1737.48	71.2824
MGG_10725T0	567	568	0	0
MGG_01699T0	3585	3586	575	11.5385
MGG_01767T0	1762	1763	432	17.6329
MGG_02874T0	5132	5133	4056	56.8616
MGG_11764T0	3857	3858	26579.8	495.772
MGG_11764T1	4018	4019	32314.2	578.585
MGG_02790T0	1907	1908	758	28.5879
MGG_03755T0	1772	1773	7	0.284107
MGG_15593T0	162	163	1	0.441473
MGG_12862T0	3539	3540	901	18.3153
MGG_16161T0	3614	3615	1403	27.9281
MGG_08329T0	2163	2164	420	13.9664
MGG_00365T0	2129	2130	8340	281.759
MGG_00287T0	1258	1259	74	4.22959
MGG_02583T0	2521	2522	0	0
MGG_07692T0	747	748	0	0
MGG_07257T0	1407	1408	54	2.75984
MGG_04742T0	1183	1184	24.0206	1.4599
MGG_14798T0	828	829	906	78.644
MGG_10565T0	1622	1623	1480	65.6199
MGG_00707T0	1628	1629	2051	90.6018
MGG_05962T0	997	998	223	16.0793
MGG_01765T0	1312	1313	293.19	16.0686
MGG_15880T0	204	205	0	0
MGG_17943T0	201	202	0	0
MGG_02283T0	456	457	0	0
MGG_04857T0	1875	1876	127	4.8715
MGG_06168T0	2675	2676	128	3.44204
MGG_11012T0	570	571	0	0
MGG_09400T0	1530	1531	9	0.423019
MGG_03522T0	1730	1731	2366	98.358
MGG_01836T0	3885	3886	1794	33.2209
MGG_04162T0	1504	1505	226	10.806
MGG_11440T0	2579	2580	563	15.7029
MGG_10150T0	2195	2196	3795	124.357
MGG_02741T0	2703	2704	4514	120.129
MGG_10757T0	1116	1117	0	0
MGG_00566T0	1092	1093	0	0
MGG_10442T0	1284	1285	15	0.840002
MGG_10573T0	1473	1474	0	0
MGG_04908T0	2679	2680	2275	61.0856
MGG_00922T0	1712	1713	29854	1254.11
MGG_16504T0	168	169	18	7.6644
MGG_00202T0	1703	1704	339.875	14.353
MGG_03266T0	1357	1358	398.192	21.1001
MGG_00116T0	1448	1449	22	1.09256
MGG_04121T0	1746	1747	236	9.72101
MGG_09550T0	1391	1392	311	16.0773
MGG_08732T0	3002	3003	343	8.21923
MGG_06938T0	1588	1589	232.228	10.5168
MGG_01136T0	1097	1098	680	44.5655
MGG_17442T0	2106	2107	2078	70.9697
MGG_11274T0	1735	1736	82	3.39904
MGG_15082T0	1318	1319	2	0.109113
MGG_13919T0	2649	2650	2	0.0543096
MGG_04571T0	2749	2750	14	0.366343
MGG_07033T0	3529	3530	6672	136.011
MGG_17278T0	1929	1930	731	27.2554
MGG_02021T0	903	904	0	0
MGG_06419T0	2406	2407	11891	355.496
MGG_01208T0	1090	1091	1182	77.9623
MGG_17993T0	300	301	0	0
MGG_00177T0	1427	1428	1668	84.0543
MGG_13065T0	3625	3626	1792	35.5633
MGG_17629T0	366	367	6	1.17646
MGG_07953T0	3288	3289	0	0
MGG_03907T0	2152	2153	4367	145.959
MGG_04927T0	2629	2630	1193.86	32.6656
MGG_17889T0	1080	1081	303	20.1701
MGG_08827T0	3375	3376	5615	119.685
MGG_17921T0	441	442	9	1.46525
MGG_08970T0	4906	4907	521	7.64036
MGG_05295T0	2706	2707	3301	87.7505
MGG_17105T0	228	229	0	0
MGG_06497T0	4145	4146	752	13.0521
MGG_05766T0	864	865	50	4.15955
MGG_11067T0	819	820	0	0
MGG_05499T0	1511	1512	6	0.285556
MGG_14990T0	1067	1068	21	1.41495
MGG_07016T0	1394	1395	587	30.28
MGG_08621T0	762	763	233.22	21.9955
MGG_02709T0	947	948	17	1.29042
MGG_04590T0	2954	2955	37	0.901024
MGG_07628T0	2509	2510	5536	158.714
MGG_02623T0	1059	1060	1638	111.199
MGG_04929T0	2250	2251	6292	201.143
MGG_18017T0	2121	2122	910	30.8594
MGG_12982T0	837	838	0	0
MGG_02340T0	1218	1219	0	0
MGG_04569T0	1805	1806	2631	104.832
MGG_16955T0	261	262	0	0
MGG_13763T0	1484	1485	487	23.5991
MGG_17887T0	549	550	271	35.4567
MGG_10574T0	525	526	0	0
MGG_17143T0	195	196	5	1.83572
MGG_01125T0	2627	2628	3028	82.913
MGG_15385T0	402	403	13	2.3213
MGG_06942T0	462	463	112	17.4072
MGG_17603T0	480	481	0	0
MGG_15767T0	642	643	572	64.0143
MGG_17606T0	738	739	2	0.19475
MGG_06673T0	6852	6853	264	2.77214
MGG_05677T0	1269	1270	1327	75.1899
MGG_15023T0	3583	3584	1153	23.1501
MGG_07816T0	1389	1390	95.8251	4.96086
MGG_05257T0	3771	3772	3780	72.1128
MGG_02409T0	1865	1866	941	36.2886
MGG_15668T0	2949	2950	2483	60.5685
MGG_09016T0	3006	3007	36	0.861512
MGG_00823T0	426	427	0	0
MGG_05727T0	4863	4864	3838	56.7811
MGG_16089T0	252	253	3	0.853283
MGG_01231T0	1189	1190	99	5.9866
MGG_13781T0	2010	2011	15918	569.598
MGG_08954T0	2513	2514	0	0
MGG_08954T1	2426	2427	0	0
MGG_03061T0	2337	2338	190	5.84792
MGG_04171T0	2257	2258	365	11.6322
MGG_16512T0	369	370	319	62.0413
MGG_03974T0	1765	1766	379	15.4433
MGG_07306T0	2259	2260	125	3.9801
MGG_04968T0	2189	2190	17	0.558595
MGG_01129T0	2252	2253	479	15.2991
MGG_07145T0	3417	3418	3066	64.5494
MGG_08944T0	488	489	0	0
MGG_00494T0	3293	3294	424	9.26263
MGG_03341T0	3189	3190	34	0.766973
MGG_11632T0	1791	1792	1	0.0401563
MGG_04985T0	4280	4281	1204	20.2383
MGG_16829T0	659	660	52	5.66959
MGG_16055T0	665	666	2	0.216097
MGG_07851T0	1672	1673	4	0.172051
MGG_03071T0	1936	1937	781.789	29.0437
MGG_06984T0	3932	3933	639.346	11.6978
MGG_02969T0	441	442	441	71.7974
MGG_06464T0	1401	1402	4	0.205307
MGG_03113T0	727	728	6	0.593078
MGG_11457T0	1927	1928	2522.57	94.1519
MGG_11457T1	1075	1076	249.426	16.681
MGG_00104T0	889	890	745.605	60.2852
MGG_09233T0	1575	1576	12	0.54792
MGG_01150T0	4411	4412	11375	185.527
MGG_07098T0	3908	3909	4499.59	82.8322
MGG_10592T0	1290	1291	24	1.33776
MGG_02860T0	954	955	53	3.9936
MGG_18128T0	279	280	0	0
MGG_00481T0	1813	1814	917.593	36.4003
MGG_03333T0	2167	2168	1464	48.593
MGG_05414T0	477	478	1	0.150544
MGG_01603T0	1753	1754	129	5.29239
MGG_03358T0	2730	2731	2	0.0526988
MGG_07344T0	783	784	155	14.2268
MGG_00917T0	1495	1496	909	43.7245
MGG_04191T0	2787	2788	8133	209.918
MGG_17670T0	297	298	6	1.44886
MGG_15926T0	432	433	0	0
MGG_09001T0	360	361	521	103.854
MGG_13331T0	1074	1075	0	0
MGG_05626T0	4952	4953	4495	65.3061
MGG_14597T0	2307	2308	108163	3372.37
MGG_11009T0	1047	1048	0	0
MGG_11553T0	2814	2815	760	19.428
MGG_08262T0	3199	3200	385	8.65771
MGG_04988T0	4220	4221	2074	35.3578
MGG_16620T0	579	580	0	0
MGG_03920T0	1742	1743	3091	127.613
MGG_13279T0	4408	4409	738.868	12.0592
MGG_14183T0	888	889	0	0
MGG_17792T0	458	459	0	0
MGG_16994T0	252	253	0	0
MGG_00979T0	2841	2842	2803	70.9727
MGG_07985T0	3654	3655	0	0
MGG_15637T0	893	894	469	37.7509
MGG_01960T0	1806	1807	0	0
MGG_17480T0	669	670	47	5.04795
MGG_08783T0	2527	2528	223.963	6.37515
MGG_07847T0	618	619	0	0
MGG_10127T0	4000	4001	844.769	15.1936
MGG_07586T0	501	502	0	0
MGG_14648T0	327	328	0	0
MGG_08092T0	4846	4847	4795	71.1881
MGG_15541T0	231	232	0	0
MGG_06468T0	1158	1159	2598.57	161.34
MGG_02738T0	884	885	422.001	34.3133
MGG_18066T0	516	517	0	0
MGG_05705T0	723	724	10	0.993925
MGG_17880T0	391	392	0	0
MGG_00388T0	4022	4023	12	0.214646
MGG_07350T0	609	610	4	0.47187
MGG_02079T0	756	757	0	0
MGG_10557T0	597	598	0	0
MGG_00822T0	912	913	0	0
MGG_09863T0	1701	1702	16	0.676476
MGG_16574T0	1458	1459	0	0
MGG_05483T0	1574	1575	861	39.3382
MGG_00687T0	2441	2442	567	16.7082
MGG_00962T0	651	652	7.02199	0.775005
MGG_00692T0	3976	3977	11129	201.369
MGG_10837T0	3490	3491	3168.97	65.3222
MGG_10485T0	2489	2490	33	0.953689
MGG_10658T0	1784	1785	3	0.120941
MGG_09899T0	1582	1583	39.0787	1.77644
MGG_06004T0	1270	1271	4346.71	246.097
MGG_05702T0	1375	1376	329.789	17.2468
MGG_18061T0	321	322	0	0
MGG_00736T0	5640	5641	1298	16.5581
MGG_03430T0	1452	1453	0	0
MGG_04965T0	2816	2817	3856	98.5014
MGG_08829T0	2921	2922	6095	150.102
MGG_00905T0	1811	1812	2537.56	100.774
MGG_03680T0	1178	1179	7140	435.789
MGG_10106T0	1496	1497	16	0.769113
MGG_15954T0	2104	2105	1826	62.4224
MGG_16933T0	150	151	0	0
MGG_04761T0	1745	1746	1608	66.2726
MGG_08567T0	267	268	0	0
MGG_16185T0	443	444	67	10.8589
MGG_00042T0	1839	1840	0	0
MGG_02509T0	1242	1243	44.8986	2.59928
MGG_10781T0	588	589	0	0
MGG_10801T0	1221	1222	0	0
MGG_10288T0	2076	2077	98.1009	3.39882
MGG_02382T0	630	631	2	0.228083
MGG_03628T0	2182	2183	3955	130.372
MGG_02781T0	4800	4801	6453	96.7213
MGG_09733T0	969	970	62	4.59952
MGG_06586T0	1494	1495	4294.77	206.724
MGG_07900T0	426	427	0	0
MGG_04305T0	1143	1144	0	0
MGG_03139T0	2525	2526	1607	45.7799
MGG_02485T0	2423	2424	4372	129.79
MGG_14843T0	1554	1555	31	1.43458
MGG_16008T0	543	544	0	0
MGG_11062T0	2425	2426	203	6.0214
MGG_05870T0	762	763	236	22.2577
MGG_17153T0	1981	1982	85	3.08608
MGG_06619T0	1620	1621	16.8539	0.748184
MGG_08818T0	369	370	0	0
MGG_14763T0	3105	3106	1009	23.3766
MGG_10639T0	2626	2627	555	15.2029
MGG_03904T0	907	908	9	0.713261
MGG_07328T0	858	859	3367	282.06
MGG_00583T0	3876	3877	553	10.2641
MGG_02484T0	1747	1748	164.001	6.75145
MGG_03827T0	1044	1045	7	0.48203
MGG_16912T0	657	658	10	1.09362
MGG_00085T0	2167	2168	181	6.00774
MGG_17370T0	249	250	28	8.05954
MGG_16764T0	879	880	341	27.8846
MGG_08441T0	639	640	4	0.449751
MGG_02526T0	4460	4461	1857	29.9552
MGG_02255T0	645	646	10	1.11393
MGG_05264T0	3116	3117	4614	106.52
MGG_01104T0	1163	1164	1071	66.2108
MGG_15368T0	2121	2122	4554.26	154.442
MGG_01684T0	1936	1937	519.556	19.3017
MGG_09371T0	2116	2117	4084	138.822
MGG_03965T0	548	549	3214	421.275
MGG_06393T0	3957	3958	2359	42.8888
MGG_00391T0	1087	1088	20	1.3228
MGG_06672T0	1913	1914	7870	295.886
MGG_03258T0	1107	1108	0	0
MGG_09299T0	4087	4088	1888.61	33.2448
MGG_08028T0	735	736	2	0.195544
MGG_02055T0	2161	2162	0	0
MGG_02105T0	1375	1376	1009	52.7673
MGG_03072T0	698	699	221.211	22.773
MGG_17962T0	2256	2257	5553	177.047
MGG_11119T0	3765	3766	361	6.89793
MGG_15552T0	174	175	0	0
MGG_09214T0	4516	4517	1596	25.4258
MGG_01174T0	2279	2280	550	17.3588
MGG_16516T0	367	368	38	7.43067
MGG_05168T0	1840	1841	141.402	5.52704
MGG_04165T0	4682	4683	5867	90.1538
MGG_15059T0	228	229	0	0
MGG_11443T0	3310	3311	1726	37.5123
MGG_11430T0	4516	4517	1606	25.5851
MGG_00880T0	1874	1875	291.466	11.1861
MGG_06358T0	3076	3077	1808	42.2827
MGG_07560T0	1463	1464	23	1.13052
MGG_01255T0	1541	1542	11820	551.601
MGG_05676T0	1983	1984	3862	140.076
MGG_17476T0	759	760	45	4.2608
MGG_05348T0	1496	1497	99.2543	4.77111
MGG_15594T0	321	322	0	0
MGG_17576T0	261	262	0	0
MGG_16044T0	1239	1240	2480	143.92
MGG_09285T0	2116	2117	6561	223.019
MGG_03224T0	1280	1281	2174	122.124
MGG_15107T0	552	553	1	0.130127
MGG_10487T0	1741	1742	14	0.578325
MGG_00871T0	3103	3104	15538.9	360.24
MGG_09238T0	1720	1721	3130	130.875
MGG_07065T0	3350	3351	9506	204.134
MGG_06039T0	5249	5250	1147.32	15.7259
MGG_08355T0	461	462	0	0
MGG_00936T0	321	322	0	0
MGG_09811T0	2906	2907	823	20.3726
MGG_01655T0	3409	3410	71	1.49829
MGG_04484T0	1106	1107	5136.83	333.918
MGG_16375T0	1287	1288	322	17.99
MGG_15504T0	258	259	24	6.66812
MGG_01974T0	1394	1395	26	1.34119
MGG_17021T0	339	340	0	0
MGG_16064T0	675	676	394.568	42.0017
MGG_05340T0	2549	2550	388.008	10.9495
MGG_05763T0	650	651	6	0.663227
MGG_08239T0	1236	1237	0	0
MGG_07811T0	507	508	0	0
MGG_17182T0	183	184	0	0
MGG_17794T0	883	884	28	2.27928
MGG_02951T0	1636	1637	562	24.7047
MGG_04361T0	1323	1324	80	4.34805
MGG_03438T0	2139	2140	2188	73.5742
MGG_04804T0	2745	2746	369.132	9.67327
MGG_10140T0	1411	1412	3295.96	167.973
MGG_08770T0	1679	1680	69	2.95551
MGG_04039T0	813	814	781.324	69.0715
MGG_07899T0	153	154	0	0
MGG_14988T0	2436	2437	20	0.590563
MGG_15800T0	939	940	67.4909	5.16665
MGG_13764T0	1890	1891	7	0.266378
MGG_07303T0	1048	1049	31	2.12656
MGG_15067T0	3162	3163	42	0.955525
MGG_09114T0	1713	1714	1347	56.5521
MGG_03325T0	1459	1460	115	5.66809
MGG_03016T0	1044	1045	740	50.9574
MGG_03196T0	3674	3675	5583	109.321
MGG_01806T0	1503	1504	19.1801	0.917686
MGG_12994T0	795	796	616	55.6878
MGG_11877T0	1275	1276	738	41.6196
MGG_10507T0	3267	3268	1530	33.69
MGG_09022T0	1595	1596	1	0.0450878
MGG_02985T0	1902	1903	899	33.9948
MGG_17045T0	228	229	0	0
MGG_16015T0	1002	1003	21	1.50664
MGG_07665T0	1652	1653	163	7.09589
MGG_06470T0	3141	3142	2116	48.462
MGG_05266T0	2586	2587	2811	78.191
MGG_09895T0	1791	1792	1345	54.0103
MGG_05481T0	2172	2173	346	11.458
MGG_17691T0	168	169	2	0.8516
MGG_07853T0	1713	1714	3	0.125951
MGG_12415T0	783	784	1033	94.8149
MGG_03690T0	2624	2625	6879	188.577
MGG_01240T0	2628	2629	9867	270.076
MGG_17232T0	300	301	0	0
MGG_08469T0	557	558	0	0
MGG_05327T0	766	767	5542	519.952
MGG_03109T1	3058	3059	905.974	21.3122
MGG_03109T0	3130	3131	3258.03	74.8796
MGG_03633T0	3683	3684	852	16.6423
MGG_08652T0	984	985	1	0.073056
MGG_07413T0	537	538	0	0
MGG_16503T0	631	632	7	0.797027
MGG_14203T0	1818	1819	419	16.5758
MGG_05167T0	1451	1452	1959	97.0867
MGG_16635T0	776	777	5	0.463064
MGG_17453T0	2115	2116	1788	60.8057
MGG_02100T0	879	880	0	0
MGG_11390T0	1847	1848	1036.71	40.3688
MGG_09571T0	2583	2584	21487.8	598.401
MGG_08940T0	873	874	0	0
MGG_06269T0	1115	1116	6920	446.205
MGG_15031T0	474	475	0	0
MGG_14348T0	2667	2668	323	8.71182
MGG_00078T0	1285	1286	2471	138.269
MGG_15698T0	153	154	2	0.934548
MGG_06204T0	2600	2601	218	6.03126
MGG_02915T0	1548	1549	307	14.262
MGG_00660T0	4098	4099	797.722	14.0044
MGG_01486T0	4020	4021	25	0.447402
MGG_16798T0	204	205	13	4.56333
MGG_12536T0	1842	1843	649	25.3403
MGG_09894T0	618	619	5037	585.563
MGG_14295T0	1224	1225	0	0
MGG_04534T0	4234	4235	72	1.22341
MGG_17888T0	760	761	1867	176.544
MGG_09505T0	3358	3359	1717	36.7834
MGG_00348T0	2387	2388	2216	66.7771
MGG_10661T0	1436	1437	51	2.55391
MGG_08681T0	1689	1690	26.1536	1.11362
MGG_07268T0	2152	2153	1457.23	48.7053
MGG_15425T0	465	466	6	0.926526
MGG_13245T0	1347	1348	180	9.60892
MGG_10817T0	1291	1292	0	0
MGG_18020T0	408	409	0	0
MGG_12899T0	4241	4242	369.513	6.26833
MGG_17617T0	1949	1950	615	22.6951
MGG_12491T0	345	346	4	0.831909
MGG_17097T0	1951	1952	399	14.7091
MGG_04619T0	1352	1353	967.123	51.4371
MGG_08730T0	2583	2584	1136	31.6357
MGG_04116T0	5004	5005	1669.8	24.0078
MGG_15402T0	3363	3364	275.059	5.88386
MGG_14754T0	2498	2499	481	13.8507
MGG_00909T0	3238	3239	1663	36.9465
MGG_09915T0	4034	4035	779	13.8927
MGG_17539T0	2338	2339	176	5.4147
MGG_17816T0	1795	1796	742	29.7296
MGG_17765T0	1218	1219	0	0
MGG_07051T0	3406	3407	748	15.7987
MGG_04237T0	1609	1610	444	19.8449
MGG_01574T0	1661	1662	550	23.8135
MGG_15937T0	660	661	11	1.19752
MGG_01941T0	2222	2223	12	0.388449
MGG_14195T0	417	418	0	0
MGG_17397T0	372	373	2	0.385845
MGG_09932T0	2199	2200	1959	64.0773
MGG_00171T0	2063	2064	3397	118.434
MGG_04405T0	3507	3508	5280	108.309
MGG_10469T0	2655	2656	128	3.46796
MGG_08193T0	687	688	49	5.12507
MGG_18026T0	195	196	0	0
MGG_06460T0	1287	1288	2605.51	145.569
MGG_02297T0	2106	2107	4366	149.112
MGG_04953T0	294	295	1533	373.949
MGG_16205T0	462	463	11	1.70964
MGG_02395T0	6972	6973	1684	17.3786
MGG_05022T0	966	967	292	21.7294
MGG_15334T0	4053	4054	0	0
MGG_06851T0	1680	1681	90	3.85272
MGG_14129T0	945	946	76	5.78115
MGG_04567T0	3156	3157	5307	120.967
MGG_08998T0	639	640	0	0
MGG_06668T0	1571	1572	8642	395.598
MGG_04883T0	938	939	2888	221.322
MGG_07984T0	453	454	0	0
MGG_02625T0	477	478	2245	337.972
MGG_17831T0	165	166	2	0.86699
MGG_11148T0	1659	1660	1174	50.8923
MGG_04073T0	2096	2097	71	2.43642
MGG_13063T0	1880	1881	351	13.428
MGG_08639T0	1263	1264	10494.3	597.444
MGG_00077T0	1959	1960	21146	776.362
MGG_02867T0	3127	3128	1552.2	35.7085
MGG_17215T0	1626	1627	2	0.0884575
MGG_09321T0	1731	1732	109.278	4.54021
MGG_02610T0	1044	1045	1759	121.127
MGG_11155T0	558	559	1030	132.592
MGG_14721T0	515	516	48	6.69397
MGG_08566T0	1146	1147	987	61.9221
MGG_17550T0	228	229	0	0
MGG_12396T0	2020	2021	740	26.3486
MGG_00570T0	1029	1030	0	0
MGG_04457T0	879	880	613.503	50.1679
MGG_03443T0	2478	2479	0	0
MGG_10496T0	1091	1092	475	31.3014
MGG_01082T0	2545	2546	635.18	17.9527
MGG_01082T1	1829	1830	2418.82	95.114
MGG_10456T0	1144	1145	77	4.83924
MGG_17210T0	2820	2821	3828.75	97.6667
MGG_16105T1	457	458	0	0
MGG_16105T0	480	481	25	3.74013
MGG_07602T0	1190	1191	885	53.4717
MGG_01028T0	1590	1591	3643	164.771
MGG_11241T0	2630	2631	6934	189.651
MGG_02911T0	1707	1708	942.159	39.6943
MGG_04469T0	2851	2852	377	9.51227
MGG_15678T0	282	283	0	0
MGG_06529T0	3246	3247	818.164	18.1322
MGG_06529T1	3339	3340	3113.84	67.0875
MGG_00982T0	3671	3672	7670	150.309
MGG_00169T0	1550	1551	669	31.0389
MGG_00534T0	1702	1703	238	10.0567
MGG_04271T0	489	490	0	0
MGG_11370T0	1982	1983	14	0.508039
MGG_04118T0	6363	6364	4116	46.5412
MGG_06097T0	1347	1348	2467.03	131.697
MGG_14813T0	3082	3083	768	17.9259
MGG_17326T0	156	157	1	0.458345
MGG_18094T0	234	235	0	0
MGG_00953T0	1619	1620	367.886	16.3414
MGG_01557T0	1185	1186	3561.28	216.08
MGG_07794T0	2857	2858	40	1.00714
MGG_01866T0	1676	1677	42	1.80222
MGG_02996T0	2258	2259	1067	33.9891
MGG_18050T0	339	340	0	0
MGG_05303T0	3288	3289	1579	34.547
MGG_07319T0	4211	4212	10063	171.922
MGG_14886T0	2185	2186	5623	185.102
MGG_00270T0	1342	1343	4079.88	218.607
MGG_17719T0	605	606	102.314	12.1494
MGG_10008T0	1092	1093	22	1.44842
MGG_05639T0	2844	2845	18	0.455284
MGG_05639T1	2375	2376	0	0
MGG_11342T0	3085	3086	962	22.4322
MGG_05956T0	2160	2161	1249	41.591
MGG_04625T0	4550	4551	9362.52	148.04
MGG_07887T0	2183	2184	0	0
MGG_13027T0	339	340	0	0
MGG_09210T0	2579	2580	3379	94.2455
MGG_01530T0	1761	1762	16	0.653441
MGG_02537T0	2972	2973	762	18.4439
MGG_11454T0	3029	3030	12006	285.133
MGG_10164T0	2876	2877	1593	39.8445
MGG_05109T0	1164	1165	12315	760.678
MGG_17249T0	438	439	0	0
MGG_17565T0	345	346	0	0
MGG_03151T0	1321	1322	5203	283.214
MGG_10572T0	1381	1382	111	5.77972
MGG_09796T0	2659	2660	0	0
MGG_01980T0	1071	1072	15	1.00691
MGG_10012T0	1443	1444	0	0
MGG_16997T0	3805	3806	543.318	10.2725
MGG_09757T0	3135	3136	180.455	4.1408
MGG_03379T0	2169	2170	49	1.62491
MGG_15227T0	183	184	284	111.069
MGG_10153T0	2632	2633	5732	156.656
MGG_05734T0	1768	1769	247.52	10.0687
MGG_03869T0	2115	2116	259	8.80798
MGG_02632T0	2113	2114	739.814	25.1831
MGG_02632T1	2101	2102	786.494	26.9249
MGG_01504T0	1248	1249	1530	88.1498
MGG_03567T0	2613	2614	593.64	16.3422
MGG_01157T0	7372	7373	2137.31	20.8601
MGG_06098T0	2636	2637	1943	53.0218
MGG_15526T0	174	175	23	9.45762
MGG_04941T0	1070	1071	2075	139.419
MGG_03773T0	1180	1181	10	0.609315
MGG_04573T0	675	676	80	8.516
MGG_15049T0	1938	1939	33	1.2247
MGG_02569T0	5475	5476	1003	13.1804
MGG_04838T0	3379	3380	2420	51.5218
MGG_03246T0	1121	1122	100.252	6.42972
MGG_06134T0	2826	2827	1494.99	38.0545
MGG_15677T0	981	982	220	16.1214
MGG_15081T0	2676	2677	232	6.23637
MGG_08463T0	3276	3277	1904	41.8102
MGG_00703T0	969	970	0	0
MGG_14574T0	2485	2486	665	19.2492
MGG_03118T0	3566	3567	105	2.11826
MGG_01629T0	1752	1753	251.281	10.315
MGG_10773T0	845	846	31	2.63684
MGG_12974T0	566	567	3490	442.929
MGG_04145T0	3927	3928	8181	149.874
MGG_03023T0	1532	1533	488	22.9071
MGG_03448T0	2060	2061	406	14.1756
MGG_15548T0	387	388	0	0
MGG_09134T0	933	934	0	0
MGG_08741T0	1248	1249	6969	401.513
MGG_01512T0	2272	2273	725	22.9525
MGG_04520T0	3211	3212	1840	41.2225
MGG_17166T0	1048	1049	38	2.60676
MGG_06848T0	3632	3633	1432	28.3641
MGG_05008T0	1832	1833	85	3.33694
MGG_12471T0	1559	1560	5	0.230642
MGG_18123T0	153	154	0	0
MGG_03219T0	2190	2191	3171	104.147
MGG_10486T0	2732	2733	61	1.60614
MGG_04998T0	1301	1302	46.7491	2.58377
MGG_12930T0	658	659	7	0.764372
MGG_02813T0	1957	1958	9084	333.854
MGG_07362T0	860	861	0	0
MGG_15200T0	321	322	0	0
MGG_06158T0	2175	2176	11150	368.73
MGG_17803T0	1441	1442	130	6.48739
MGG_07986T0	342	343	0	0
MGG_00446T0	1056	1057	1144	77.8831
MGG_05016T0	300	301	58	13.8661
MGG_17677T0	2475	2476	80.3189	2.33431
MGG_17001T0	2405	2406	1109	33.1687
MGG_17506T0	806	807	51	4.54767
MGG_07724T0	2564	2565	30	0.841639
MGG_07170T0	2119	2120	273	9.26657
MGG_09848T0	555	556	4	0.517699
MGG_00395T0	1740	1741	1.01144	0.0418055
MGG_17607T0	598	599	8	0.961071
MGG_05625T0	2333	2334	259.462	7.99953
MGG_05625T1	2090	2091	1163.54	40.0423
MGG_06382T0	954	955	11	0.82886
MGG_00175T0	1996	1997	4319	155.631
MGG_15604T0	407	408	0	0
MGG_02690T0	3639	3640	3413	67.4725
MGG_02947T0	1578	1579	35	1.59506
MGG_12737T0	2226	2227	8	0.258501
MGG_01495T0	499	500	53	7.62778
MGG_06703T0	1452	1453	394.655	19.5454
MGG_07127T0	3343	3344	1236.23	26.6027
MGG_12814T0	3182	3183	2644	59.7746
MGG_01425T0	1815	1816	77	3.05117
MGG_10313T0	528	529	18	2.44855
MGG_08485T0	354	355	0	0
MGG_06442T0	2333	2334	17	0.524131
MGG_09256T0	2191	2192	1631	53.5433
MGG_01403T0	852	853	52	4.38679
MGG_03982T0	1762	1763	13223.7	539.75
MGG_08197T0	1381	1382	1	0.0520696
MGG_08056T0	2752	2753	293	7.65867
MGG_01680T0	1882	1883	2373	90.6859
MGG_07197T0	2748	2749	4209	110.178
MGG_03336T0	860	861	55	4.59676
MGG_09693T0	309	310	22	5.10685
MGG_08795T0	3567	3568	180	3.63028
MGG_16530T0	897	898	12	0.961606
MGG_03102T0	5571	5572	243.177	3.14053
MGG_05000T0	1260	1261	0	0
MGG_09749T0	2015	2016	2699	96.3395
MGG_15156T0	8640	8641	4064	33.844
MGG_06337T0	4187	4188	10	0.171825
MGG_01182T0	1331	1332	23	1.24256
MGG_00878T0	1099	1100	7400	484.096
MGG_13691T0	2013	2014	0	0
MGG_03279T0	2771	2772	19	0.493233
MGG_15117T0	309	310	31	7.19602
MGG_11271T0	1343	1344	167	8.94148
MGG_16048T0	186	187	0	0
MGG_14896T0	354	355	12	2.43246
MGG_11467T0	1306	1307	1022.77	56.3109
MGG_00859T0	3164	3165	2530	57.5227
MGG_07676T0	894	895	11	0.884427
MGG_07312T0	4955	4956	3586	52.068
MGG_14905T0	1170	1171	269	16.5306
MGG_06660T0	1569	1570	3064.61	140.465
MGG_02169T0	1653	1654	1	0.0435067
MGG_02635T0	672	673	4	0.427698
MGG_09732T0	2237	2238	1336	42.9574
MGG_01450T0	930	931	1457.44	112.651
MGG_11888T0	5050	5051	3640.97	51.8718
MGG_04103T0	1473	1474	366.811	17.9076
MGG_02067T0	857	858	3	0.251609
MGG_04982T0	6626	6627	2532	27.4941
MGG_15983T0	657	658	0	0
MGG_17345T0	303	304	519	122.853
MGG_09217T0	1987	1988	362.472	13.1205
MGG_08537T1	1015	1016	0	0
MGG_08537T0	1126	1127	0	0
MGG_03823T0	1631	1632	32	1.41098
MGG_09907T0	3433	3434	1432	30.0078
MGG_09357T0	1413	1414	0	0
MGG_12880T0	2955	2956	0	0
MGG_10524T0	940	941	597	45.6538
MGG_17842T1	1737	1738	254.671	10.5444
MGG_17842T0	1721	1722	91.751	3.83416
MGG_17842T2	1668	1669	19.732	0.850759
MGG_16110T0	189	190	0	0
MGG_12350T0	764	765	11	1.03472
MGG_17301T0	249	250	0	0
MGG_10080T0	744	745	0	0
MGG_00653T0	1077	1078	10	0.667534
MGG_12798T0	2549	2550	641.053	18.0903
MGG_03813T0	1203	1204	0	0
MGG_09898T0	8078	8079	1798	16.0149
MGG_16432T0	2183	2184	12	0.395385
MGG_15847T0	548	549	0	0
MGG_07433T0	1389	1390	281	14.5473
MGG_06305T0	2939	2940	1041.36	25.4885
MGG_05292T0	1410	1411	9792.57	499.415
MGG_05864T0	2871	2872	64433	1614.42
MGG_02584T0	654	655	0	0
MGG_04323T0	1115	1116	20	1.28961
MGG_17640T0	354	355	0	0
MGG_17722T0	4577	4578	29	0.455842
MGG_09337T0	2598	2599	10151	281.057
MGG_16904T0	4433	4434	4129	67.0103
MGG_07394T0	936	937	106	8.14064
MGG_02434T0	1258	1259	647.793	37.0257
MGG_07807T0	654	655	0	0
MGG_06081T1	3580	3581	327.79	6.58693
MGG_06081T0	1861	1862	146.615	5.66618
MGG_14358T0	1782	1783	46.9912	1.89652
MGG_15996T0	647	648	0	0
MGG_03697T0	999	1000	1120	80.5954
MGG_17809T0	317	318	2	0.45258
MGG_12290T0	782	783	3	0.275709
MGG_07183T0	2463	2464	1477	43.1352
MGG_07488T0	1741	1742	100	4.13089
MGG_00886T0	3255	3256	275	6.07772
MGG_13677T0	1404	1405	0	0
MGG_04483T0	2260	2261	2185	69.5413
MGG_14658T0	1269	1270	509	28.8407
MGG_15875T0	165	166	32	13.8718
MGG_02226T0	4050	4051	772.274	13.7183
MGG_02447T0	5670	5671	562	7.1313
MGG_04944T0	1571	1572	3663	167.678
MGG_09920T0	3248	3249	240	5.31562
MGG_07654T0	1818	1819	215	8.50546
MGG_09226T0	2028	2029	25	0.886646
MGG_04234T0	1867	1868	18	0.693406
MGG_14833T0	1062	1063	9.0974	0.615851
MGG_03566T0	554	555	27	3.50076
MGG_07253T0	459	460	111	17.3643
MGG_02436T0	963	964	132	9.85347
MGG_17868T0	195	196	0	0
MGG_03546T0	2464	2465	550	16.056
MGG_03899T0	4860	4861	880	13.0271
MGG_13127T0	952	953	17	1.28365
MGG_16183T0	2868	2869	956	23.9784
MGG_06271T0	3113	3114	437.989	10.1213
MGG_09410T0	1465	1466	80	3.92688
MGG_05184T0	2172	2173	1393	46.13
MGG_16918T0	267	268	7.29569	1.95895
MGG_01188T0	1009	1010	1	0.0712477
MGG_00359T0	1390	1391	1860	96.2228
MGG_16696T0	714	715	1.00745	0.101394
MGG_12136T0	1254	1255	723	41.4559
MGG_09399T0	336	337	0	0
MGG_04078T0	2857	2858	4105	103.358
MGG_07883T0	901	902	9	0.718006
MGG_14398T0	384	385	4	0.747638
MGG_06188T0	2778	2779	1122.35	29.0624
MGG_00505T0	1916	1917	15116	567.423
MGG_04428T0	3343	3344	4854	104.454
MGG_12102T0	1392	1393	85	4.39096
MGG_07388T0	2376	2377	3	0.0908206
MGG_02089T0	2303	2304	24.2641	0.757835
MGG_17444T0	156	157	11	5.04179
MGG_04575T0	4451	4452	13291	214.83
MGG_04677T0	1938	1939	9018	334.676
MGG_08869T0	1950	1951	172	6.344
MGG_06141T0	1952	1953	1956	72.0707
MGG_17331T0	174	175	1	0.411201
MGG_09692T0	2560	2561	2596	72.9436
MGG_09026T0	3440	3441	880	18.4031
MGG_05808T0	2146	2147	19	0.636816
MGG_05680T0	1255	1256	689	39.475
MGG_01421T0	2774	2775	591	15.3256
MGG_00712T0	1311	1312	1117	61.2649
MGG_17826T0	162	163	0	0
MGG_05981T0	741	742	937	90.8715
MGG_04960T0	1099	1100	178	11.6445
MGG_02811T0	1218	1219	1109	65.4666
MGG_05926T0	2139	2140	597	20.0749
MGG_05433T0	2145	2146	258	8.65131
MGG_16111T0	162	163	2	0.882947
MGG_17666T0	1357	1358	8.3854	0.444341
MGG_07003T0	5024	5025	2371	33.9537
MGG_01988T0	2210	2211	1527	49.6984
MGG_17668T0	3161	3162	96.0465	2.18581
MGG_09565T0	2488	2489	11100	320.916
MGG_09259T0	5766	5767	15779	196.889
MGG_01910T0	875	876	0	0
MGG_06341T0	4700	4701	2826	43.2588
MGG_12644T0	6384	6385	4200	47.3348
MGG_16047T0	876	877	47.7033	3.91418
MGG_05749T0	726	727	149	14.7484
MGG_01376T0	4500	4501	196.41	3.14013
MGG_01376T1	4320	4321	2594.59	43.2092
MGG_03232T0	4405	4406	1953	31.897
MGG_10605T0	2091	2092	255	8.77143
MGG_07636T0	2615	2616	473	13.0111
MGG_08127T0	1815	1816	5	0.198128
MGG_06075T0	1117	1118	1633.84	105.162
MGG_06075T1	1191	1192	26.1591	1.57921
MGG_11716T0	1236	1237	569	33.1005
MGG_15119T0	186	187	0	0
MGG_03560T0	2999	3000	5710	136.964
MGG_13584T0	2202	2203	518	16.9203
MGG_17121T0	216	217	0	0
MGG_08101T0	3513	3514	3502	71.7144
MGG_02366T0	4777	4778	3768	56.7488
MGG_06844T0	903	904	17	1.35323
MGG_16399T0	763	764	57.0295	5.37153
MGG_02393T0	1327	1328	13	0.704429
MGG_03200T0	3422	3423	1439.33	30.2583
MGG_15021T0	1458	1459	88	4.3403
MGG_11458T0	1209	1210	210	12.489
MGG_03306T0	783	784	28	2.57001
MGG_03621T0	1651	1652	1458	63.5096
MGG_16137T0	366	367	4	0.784307
MGG_02696T0	1427	1428	44133	2223.96
MGG_13219T0	3495	3496	233	4.79597
MGG_09602T0	3081	3082	2323	54.2386
MGG_00688T0	3536	3537	70	1.42415
MGG_14620T0	3777	3778	3142	59.8462
MGG_15369T0	915	916	0	0
MGG_05280T0	3543	3544	5436	110.377
MGG_16318T0	881	882	41	3.34509
MGG_15484T0	318	319	0	0
MGG_01675T0	1389	1390	319.139	16.5218
MGG_00632T0	2798	2799	2677	68.8236
MGG_14904T0	1533	1534	131	6.14523
MGG_07973T0	798	799	899	80.9664
MGG_17050T0	309	310	0	0
MGG_03939T0	3768	3769	330.987	6.31942
MGG_00482T0	884	885	334.407	27.1909
MGG_03662T0	2397	2398	1529	45.8829
MGG_08574T0	2517	2518	40624	1160.96
MGG_17776T0	1233	1234	0	0
MGG_01146T0	896	897	11	0.882455
MGG_05035T0	2053	2054	89.2614	3.1272
MGG_08386T0	1305	1306	0	0
MGG_17805T0	261	262	0	0
MGG_03488T0	2107	2108	3259	111.251
MGG_13796T0	850	851	22	1.86031
MGG_12819T0	3325	3326	10	0.216356
MGG_08636T0	2834	2835	3469	88.0528
MGG_09927T0	1665	1666	9599	414.613
MGG_05810T0	2687	2688	471	12.6091
MGG_07607T0	792	793	1675.44	152.036
MGG_09011T0	1912	1913	1629	61.2771
MGG_10780T0	444	445	0	0
MGG_09252T0	570	571	89	11.2162
MGG_06298T0	1645	1646	1661	72.6159
MGG_11166T0	327	328	45	9.87258
MGG_03973T0	2078	2079	818	28.3133
MGG_15859T0	228	229	7	2.19966
MGG_12918T0	2441	2442	5407.09	159.335
MGG_16031T0	201	202	0	0
MGG_06849T0	1826	1827	3471	136.712
MGG_10689T0	1790	1791	234	9.40183
MGG_17155T0	431	432	0	0
MGG_09950T0	3840	3841	1078	20.1961
MGG_07714T0	3463	3464	615	12.7758
MGG_08295T0	2760	2761	108	2.81481
MGG_13774T0	1020	1021	146	10.2901
MGG_00099T0	1793	1794	35	1.4039
MGG_06440T0	3682	3683	2832	55.3329
MGG_02524T0	1084	1085	1137	75.4089
MGG_16289T0	177	178	0	0
MGG_09556T0	1222	1223	1590	93.5541
MGG_06524T0	4071	4072	1731.22	30.5941
MGG_13514T0	1848	1849	2737	106.52
MGG_17248T0	309	310	0	0
MGG_04049T0	1948	1949	945	34.8909
MGG_09219T0	1654	1655	2289	99.5268
MGG_07759T0	438	439	0	0
MGG_12671T0	1223	1224	12408.8	729.525
MGG_01628T0	1558	1559	2522	116.41
MGG_12989T0	1694	1695	28	1.18872
MGG_09064T0	537	538	0	0
MGG_00397T0	2084	2085	1599	55.1867
MGG_16886T0	1714	1715	1562	65.5404
MGG_12632T0	1767	1768	641	26.0896
MGG_02168T0	1212	1213	0	0
MGG_01299T0	8864	8865	739	5.99871
MGG_01189T0	1425	1426	704	35.5259
MGG_01068T0	4629	4630	1323.46	20.5693
MGG_18052T0	448	449	1	0.160268
MGG_10086T0	387	388	2	0.370929
MGG_06348T0	990	991	321	23.309
MGG_09548T0	672	673	223.464	23.8938
MGG_04052T0	3146	3147	2441	55.8166
MGG_16534T0	1302	1303	15.9364	0.880114
MGG_00265T0	1481	1482	63	3.05904
MGG_03186T0	2929	2930	706	17.3392
MGG_03193T0	1179	1180	7245	441.823
MGG_13508T0	2921	2922	2946	72.5512
MGG_08766T0	1363	1364	51	2.69059
MGG_17101T0	300	301	2	0.478141
MGG_12750T0	5639	5640	2289.33	29.2094
MGG_13471T0	2869	2870	715.436	17.9383
MGG_06937T0	2275	2276	1335	42.2086
MGG_18022T0	375	376	18	3.4449
MGG_16517T0	623	624	31	3.57494
MGG_11003T0	255	256	0	0
MGG_12317T0	864	865	0	0
MGG_01925T0	3731	3732	925	17.8358
MGG_00242T0	1029	1030	0	0
MGG_04595T0	752	753	102.833	9.8272
MGG_04595T1	850	851	75.1669	6.35608
MGG_11897T0	450	451	6184	986.7
MGG_09783T0	1213	1214	1228.33	72.8094
MGG_06199T0	1997	1998	790	28.4527
MGG_05995T0	1048	1049	212	14.5429
MGG_07218T0	2277	2278	515	16.2684
MGG_02337T0	1451	1452	54	2.6762
MGG_05085T0	2439	2440	3728	109.946
MGG_05480T0	1660	1661	10713	464.124
MGG_17410T0	768	769	6	0.561458
MGG_06522T0	2126	2127	784	26.5241
MGG_05001T0	1416	1417	95	4.82443
MGG_08817T0	725	726	84	8.32597
MGG_07929T0	360	361	10851	2162.99
MGG_01291T0	2949	2950	1414	34.4921
MGG_03332T0	2741	2742	306	8.03056
MGG_12721T0	3522	3523	20	0.408516
MGG_17402T0	552	553	46	5.98584
MGG_05119T0	744	745	34	3.28409
MGG_17644T0	1332	1333	1618	87.3455
MGG_07574T0	774	775	8	0.742815
MGG_02406T0	2598	2599	859	23.7837
MGG_01651T0	793	794	2620.5	237.496
MGG_09612T0	2004	2005	0	0
MGG_16858T0	864	865	16	1.33105
MGG_15641T0	207	208	2	0.691925
MGG_01886T0	852	853	394	33.2383
MGG_11267T0	2800	2801	365	9.37717
MGG_12937T0	300	301	20	4.78141
MGG_08527T0	1425	1426	165	8.32639
MGG_05192T0	342	343	98	20.56
MGG_01281T0	1734	1735	585	24.2632
MGG_04028T0	270	271	1267.71	336.623
MGG_14637T0	2006	2007	2940	105.412
MGG_10556T0	252	253	0	0
MGG_02411T0	1491	1492	213.209	10.2832
MGG_05371T0	2989	2990	574	13.8144
MGG_07966T0	2143	2144	7	0.234945
MGG_04296T0	1050	1051	6	0.41081
MGG_16039T0	845	846	173.241	14.7358
MGG_09244T0	3453	3454	7219	150.4
MGG_06757T0	978	979	1116	82.0302
MGG_13334T0	2626	2627	19	0.520458
MGG_02783T0	1660	1661	17	0.736498
MGG_05300T0	2379	2380	225.378	6.81438
MGG_08062T0	1159	1160	8707	540.135
MGG_04477T0	4700	4701	999	15.2921
MGG_11004T0	324	325	0	0
MGG_16545T0	189	190	0	0
MGG_00222T0	2652	2653	1006.4	27.2978
MGG_16244T0	201	202	45	16.0307
MGG_03098T0	984	985	15	1.09584
MGG_05153T0	3834	3835	239	4.48461
MGG_09322T0	2670	2671	299.722	8.0749
MGG_15538T0	468	469	15	2.3015
MGG_10205T0	1269	1270	0	0
MGG_17303T0	225	226	0	0
MGG_06407T0	876	877	733.354	60.1737
MGG_15764T0	189	190	4	1.51495
MGG_07471T0	1185	1186	3939	238.998
MGG_17114T0	210	211	12	4.09252
MGG_06908T0	2205	2206	109.777	3.58095
MGG_08736T0	1632	1633	116	5.11168
MGG_01287T0	2621	2622	846	23.2183
MGG_04085T0	2374	2375	1822.66	55.2249
MGG_01237T0	3231	3232	1721	38.3179
MGG_05199T0	2671	2672	625	16.832
MGG_01676T0	1598	1599	1664.86	74.9241
MGG_02779T0	3745	3746	4377	84.0816
MGG_07852T0	525	526	1	0.136806
MGG_01585T0	1017	1018	257.495	18.2017
MGG_08442T0	525	526	0	0
MGG_16687T0	291	292	0	0
MGG_12441T0	1767	1768	1	0.0407014
MGG_09196T0	1158	1159	7	0.434617
MGG_03288T0	2416	2417	6990	208.11
MGG_17022T0	417	418	0	0
MGG_10237T0	774	775	0	0
MGG_15520T0	1566	1567	5	0.229611
MGG_14219T0	3147	3148	893.547	20.4256
MGG_09254T0	1673	1674	189.282	8.13664
MGG_10503T0	1904	1905	7600	287.085
MGG_14687T0	381	382	0	0
MGG_07974T0	1869	1870	328	12.6219
MGG_04089T0	2060	2061	1098.5	38.3545
MGG_11387T0	4500	4501	1207	19.297
MGG_10392T0	1605	1606	55	2.46439
MGG_02942T0	1959	1960	2847	104.526
MGG_16793T0	2012	2013	1488	53.1926
MGG_15841T0	342	343	0	0
MGG_15423T0	2217	2218	1315	42.6635
MGG_10515T0	1379	1380	577	30.0877
MGG_11785T0	1035	1036	5425	376.818
MGG_00742T1	1150	1151	527.381	32.9717
MGG_00742T0	1222	1223	181.619	10.6863
MGG_09205T0	2797	2798	5099	131.138
MGG_00819T0	4650	4651	2528.32	39.118
MGG_08597T0	1986	1987	970	35.129
MGG_05376T0	4280	4281	2019	33.9378
MGG_12630T0	2726	2727	2032	53.6205
MGG_01813T0	4588	4589	3781	59.2899
MGG_10203T0	1469	1470	1251.57	61.2675
MGG_15196T0	792	793	1	0.0907442
MGG_14803T0	1425	1426	317.719	16.033
MGG_17788T0	366	367	5	0.980384
MGG_09781T0	813	814	813	71.8718
MGG_01591T0	2319	2320	3000	93.0519
MGG_16936T0	735	736	0	0
MGG_11574T0	1197	1198	103	6.18689
MGG_03377T0	1324	1325	1444	78.423
MGG_12130T0	3842	3843	6305.88	118.078
MGG_12130T1	3318	3319	2256.12	48.9156
MGG_02049T0	2139	2140	30	1.00879
MGG_05173T0	911	912	1607	126.798
MGG_05804T0	3070	3071	574	13.4501
MGG_14708T0	414	415	0	0
MGG_03504T0	1507	1508	56	2.67226
MGG_07856T0	1774	1775	0	0
MGG_07023T0	948	949	229	17.3645
MGG_01175T0	4369	4370	2799	46.0907
MGG_03602T0	1879	1880	0	0
MGG_07624T0	555	556	0	0
MGG_17391T0	408	409	3	0.527825
MGG_06727T0	1142	1143	1554	97.8356
MGG_14996T0	648	649	98	10.8661
MGG_08454T0	1759	1760	84	3.43446
MGG_15646T0	237	238	461	139.385
MGG_06147T0	3019	3020	2059.35	49.0699
MGG_04366T0	4862	4863	7589	112.298
MGG_11599T0	2644	2645	81	2.20369
MGG_07467T0	2076	2077	1453.64	50.3629
MGG_12496T0	1641	1642	0	0
MGG_01562T0	1597	1598	2014.54	90.7176
MGG_14971T0	4037	4038	4594	81.8685
MGG_16827T0	444	445	80	12.9367
MGG_07747T0	744	745	62	5.98863
MGG_04647T0	1727	1728	4079.44	169.882
MGG_02296T0	495	496	107564	15605.5
MGG_10097T0	489	490	0	0
MGG_01383T0	1734	1735	393	16.2999
MGG_09427T0	1486	1487	125	6.04911
MGG_01202T0	2491	2492	2065	59.6299
MGG_00573T0	924	925	2281	177.45
MGG_14800T0	2222	2223	482	15.6027
MGG_16408T0	1797	1798	229.042	9.16679
MGG_05715T0	4022	4023	109	1.9497
MGG_02550T0	1293	1294	5	0.278053
MGG_04697T0	1334	1335	293	15.7935
MGG_16130T0	171	172	1	0.418373
MGG_15783T0	627	628	0	0
MGG_16182T0	551	552	2	0.260725
MGG_06197T0	2537	2538	594	16.8417
MGG_14145T0	1866	1867	7	0.269802
MGG_10698T0	2352	2353	1950	59.6355
MGG_03380T0	849	850	0	0
MGG_07199T0	2640	2641	372	10.136
MGG_06366T0	1099	1100	2720.24	177.954
MGG_05440T0	1936	1937	317	11.7766
MGG_03958T0	1930	1931	2786	103.822
MGG_16712T0	780	781	8	0.737108
MGG_01041T0	1946	1947	6167.96	227.965
MGG_00864T0	2109	2110	4703	160.393
MGG_17909T0	1591	1592	677	30.6011
MGG_02270T0	495	496	0	0
MGG_00830T0	2395	2396	260	7.8087
MGG_14693T0	1617	1618	98	4.35853
MGG_01163T0	1873	1874	5	0.191996
MGG_06144T0	528	529	20	2.72061
MGG_07691T0	1569	1570	0	0
MGG_02413T0	2260	2261	790.447	25.1573
MGG_01819T0	3223	3224	6090.16	135.933
MGG_11773T0	3012	3013	2704	64.5802
MGG_09071T0	1903	1904	213.947	8.08595
MGG_04203T0	2609	2610	178	4.90763
MGG_05124T0	1380	1381	2	0.104215
MGG_14669T0	471	472	13	1.98195
MGG_15510T0	288	289	8	1.99198
MGG_14940T0	1287	1288	2	0.111739
MGG_02084T0	1380	1381	445	23.1877
MGG_11475T0	3855	3856	6921	129.159
MGG_17227T0	354	355	0	0
MGG_06772T0	832	833	404	34.9002
MGG_01842T0	2019	2020	1142	40.6824
MGG_17134T0	767	768	6	0.562189
MGG_10969T1	2035	2036	690.182	24.3937
MGG_10969T0	2184	2185	649.818	21.4009
MGG_03605T0	1083	1084	454	30.1383
MGG_06112T0	2145	2146	299.041	10.0275
MGG_00542T0	1597	1598	36	1.62113
MGG_17562T0	153	154	0	0
MGG_12548T0	1294	1295	1447	80.4064
MGG_00354T0	4481	4482	2200	35.3218
MGG_04382T0	486	487	1013	149.683
MGG_17652T0	1854	1855	849.089	32.9383
MGG_13654T0	853	854	18	1.51672
MGG_13655T0	2448	2449	85	2.4976
MGG_04538T0	1755	1756	705	28.8906
MGG_03307T0	1327	1328	8196	444.116
MGG_13767T0	8022	8023	10	0.0896923
MGG_09582T0	630	631	0	0
MGG_13138T0	351	352	0	0
MGG_09948T0	1372	1373	1533.97	80.3966
MGG_05202T0	2523	2524	1545	44.0485
MGG_16390T0	1775	1776	401.637	16.2736
MGG_17344T0	456	457	1795	282.644
MGG_17323T0	1179	1180	26	1.58556
MGG_04958T0	2142	2143	1362	45.7348
MGG_04579T0	543	544	0	0
MGG_15048T0	1074	1075	201	13.4549
MGG_03505T0	724	725	63	6.25309
MGG_00985T0	1645	1646	149.243	6.52464
MGG_03458T0	2048	2049	926	32.5208
MGG_15684T0	162	163	0	0
MGG_14154T0	1303	1304	8054	444.453
MGG_12497T0	1698	1699	0	0
MGG_18077T0	240	241	0	0
MGG_17828T0	1610	1611	60	2.68008
MGG_01470T0	1164	1165	3607	222.799
MGG_01059T0	1592	1593	3356.92	151.641
MGG_16521T0	1290	1291	42.7944	2.38535
MGG_03281T0	1677	1678	418.42	17.9437
MGG_03281T1	1356	1357	119.58	6.34118
MGG_04298T0	1683	1684	0	0
MGG_17148T0	433	434	0	0
MGG_03207T0	1870	1871	71	2.73072
MGG_05765T0	969	970	63	4.6737
MGG_01102T0	1739	1740	1048	43.3415
MGG_00672T0	3079	3080	808	18.8779
MGG_04369T0	1671	1672	4	0.172153
MGG_01597T0	4528	4529	3928	62.411
MGG_08047T0	1815	1816	74	2.9323
MGG_13857T0	309	310	0	0
MGG_09272T0	3167	3168	6367	144.624
MGG_08816T0	686	687	0	0
MGG_03015T0	1599	1600	40	1.799
MGG_09374T0	930	931	448	34.6274
MGG_09036T0	1235	1236	0	0
MGG_03858T0	1997	1998	357	12.8577
MGG_16895T0	2962	2963	2141.98	52.0207
MGG_04004T0	2622	2623	7119	195.305
MGG_17646T0	957	958	0	0
MGG_15723T0	2608	2609	1693.58	46.7114
MGG_05148T0	2100	2101	66.62	2.28176
MGG_07817T0	2165	2166	29	0.963456
MGG_05533T0	1311	1312	9	0.493629
MGG_15676T0	804	805	17	1.51966
MGG_04876T0	1172	1173	4614.38	283.079
MGG_16807T0	261	262	4	1.09863
MGG_09179T0	2042	2043	1448	51.0026
MGG_07620T0	2514	2515	0	0
MGG_14091T0	354	355	0	0
MGG_17806T0	339	340	0.23304	0.0493223
MGG_16693T0	387	388	0	0
MGG_15445T0	498	499	54	7.78727
MGG_00363T0	4490	4491	561	8.98901
MGG_03555T0	2474	2475	341	9.91451
MGG_11494T0	2089	2090	30	1.03292
MGG_08705T0	1798	1799	159.675	6.38701
MGG_07124T0	1317	1318	442	24.1323
MGG_02935T0	2046	2047	988	34.7321
MGG_07194T0	804	805	2327	208.014
MGG_15411T0	1533	1534	3	0.14073
MGG_09576T0	1180	1181	83	5.05732
MGG_03068T0	2365	2366	105.223	3.20028
MGG_03068T1	1558	1559	257.777	11.8984
MGG_09007T0	1679	1680	1564	66.9915
MGG_08140T0	2859	2860	570	14.3417
MGG_06317T0	5507	5508	2805	36.6464
MGG_05532T0	1428	1429	9	0.453213
MGG_12858T0	1428	1429	42	2.11499
MGG_17569T0	162	163	0	0
MGG_09003T0	2038	2039	4182	147.591
MGG_06386T0	1191	1192	339	20.4652
MGG_05020T0	1286	1287	269	15.0406
MGG_07515T0	1148	1149	423.308	26.5111
MGG_03299T0	2130	2131	824	27.825
MGG_17231T0	663	664	0	0
MGG_02451T0	1020	1021	163	11.4883
MGG_03393T0	1516	1517	303	14.3731
MGG_13346T0	396	397	10	1.8126
MGG_06555T0	1971	1972	779	28.4265
MGG_08610T0	663	664	15	1.62561
MGG_12181T0	174	175	7	2.87841
MGG_06744T0	1070	1071	1181	79.351
MGG_10510T0	1596	1597	378	17.0325
MGG_13957T0	1395	1396	0	0
MGG_16520T0	1772	1773	191	7.75205
MGG_10145T0	582	583	0	0
MGG_14870T0	3754	3755	808.949	15.5026
MGG_05999T0	762	763	771	72.7147
MGG_17512T0	162	163	45	19.8663
MGG_03726T0	2050	2051	5722.15	200.764
MGG_07969T0	306	307	103	24.143
MGG_00023T0	1515	1516	0	0
MGG_16086T0	162	163	0	0
MGG_03885T0	1657	1658	1909.42	82.8721
MGG_06550T0	2871	2872	0	0
MGG_06550T1	2589	2590	28.9455	0.804217
MGG_01677T0	3568	3569	6255.67	126.13
MGG_15491T0	603	604	0	0
MGG_08043T0	2511	2512	84	2.40631
MGG_16484T0	186	187	0	0
MGG_03363T0	1808	1809	269	10.7005
MGG_16527T0	434	435	101	16.708
MGG_00128T0	2857	2858	1560.15	39.2823
MGG_03329T0	1181	1182	1968	119.812
MGG_14082T0	228	229	0	0
MGG_17179T0	514	515	36	5.03022
MGG_14465T0	2186	2187	89	2.92842
MGG_04389T0	1450	1451	341.155	16.9191
MGG_16435T0	252	253	135	38.3977
MGG_15120T0	506	507	16	2.27093
MGG_03672T0	2892	2893	193	4.80066
MGG_16228T1	1562	1563	43.9999	2.02575
MGG_16228T0	1613	1614	0.000102295	4.5608e-06
MGG_06920T0	2710	2711	2100.71	55.7608
MGG_04740T0	1393	1394	1043	53.8411
MGG_07361T0	1704	1705	1543	65.1229
MGG_09723T0	594	595	1	0.120941
MGG_11486T0	2565	2566	65	1.82284
MGG_17686T0	189	190	0	0
MGG_04413T0	2010	2011	141.546	5.06498
MGG_04413T1	2563	2564	891.454	25.0192
MGG_16426T0	790	791	63	5.73134
MGG_04716T0	871	872	3185.89	262.91
MGG_15830T0	3658	3659	1500	29.4999
MGG_05147T0	2561	2562	1252.38	35.1762
MGG_00103T0	1404	1405	263	13.4701
MGG_03446T0	3811	3812	223	4.20963
MGG_06444T0	1531	1532	949	44.5758
MGG_06427T0	596	597	2493	300.497
MGG_15726T0	150	151	8	3.81246
MGG_13498T0	5310	5311	3220	43.6286
MGG_04499T0	1479	1480	19	0.923813
MGG_10528T0	4147	4148	1691	29.3357
MGG_06985T0	2254	2255	722.654	23.0609
MGG_03308T0	910	911	28	2.21173
MGG_11913T0	2779	2780	4018	104.006
MGG_11737T0	1491	1492	3107	149.853
MGG_04871T1	2023	2024	118.042	4.19681
MGG_04871T0	1758	1759	207.958	8.50749
MGG_13552T0	2540	2541	134	3.79483
MGG_01273T0	1097	1098	903	59.1803
MGG_02993T0	1833	1834	404	15.8516
MGG_03831T0	1975	1976	1	0.0364171
MGG_15451T0	2771	2772	384	9.96851
MGG_13101T0	950	951	30	2.27004
MGG_04825T0	3261	3262	475.628	10.4924
MGG_09218T0	1320	1321	537.528	29.2813
MGG_12911T0	1401	1402	2329	119.54
MGG_17634T0	3176	3177	554	12.5483
MGG_11129T0	4341	4342	773	12.811
MGG_04184T0	1262	1263	653.252	37.2194
MGG_09417T0	414	415	0	0
MGG_00932T0	1680	1681	175	7.49139
MGG_16594T0	177	178	0	0
MGG_17845T1	828	829	1.91316	0.166069
MGG_17845T0	887	888	54.1118	4.38502
MGG_14871T0	801	802	0	0
MGG_01828T0	2223	2224	2512	81.2787
MGG_15096T0	576	577	0	0
MGG_05308T0	1100	1101	5	0.326795
MGG_07426T0	459	460	0	0
MGG_11903T0	2297	2298	1453.86	45.5264
MGG_04913T0	616	617	2460	286.908
MGG_05977T0	1533	1534	748	35.0888
MGG_04863T0	4581	4582	1311	20.5892
MGG_01541T0	4896	4897	20	0.293895
MGG_16528T0	928	929	601.664	46.6047
MGG_02082T0	1432	1433	0	0
MGG_06357T0	829	830	2860	247.959
MGG_01418T0	1424	1425	87	4.39336
MGG_02946T0	1611	1612	2268	101.244
MGG_05650T0	2683	2684	3563	95.5268
MGG_16689T0	513	514	47	6.58001
MGG_07720T0	2172	2173	12	0.397387
MGG_03484T0	1101	1102	7890	515.214
MGG_04430T0	2996	2997	1315	31.5741
MGG_00992T0	1875	1876	144	5.52359
MGG_16772T0	271	272	1	0.264559
MGG_00628T0	1062	1063	35	2.36934
MGG_07049T0	1593	1594	267	12.0536
MGG_00470T0	2198	2199	7	0.229068
MGG_14374T0	468	469	2.32057	0.356052
MGG_05282T0	1064	1065	1867.08	126.155
MGG_05366T0	2840	2841	8546	216.463
MGG_04533T0	3716	3717	165	3.19436
MGG_12696T0	830	831	6	0.519568
MGG_12515T0	4817	4818	147.148	2.19776
MGG_15894T0	288	289	1.00061	0.249149
MGG_11870T0	2962	2963	18060	438.61
MGG_10104T0	2711	2712	5367	142.408
MGG_15777T0	1277	1278	4.49786	0.25326
MGG_15777T1	1350	1351	14.3461	0.764136
MGG_16257T0	240	241	10	2.9859
MGG_09076T0	1830	1831	121	4.75542
MGG_00567T0	5367	5368	199	2.66767
MGG_13583T0	1602	1603	6	0.269346
MGG_07748T0	537	538	6	0.80253
MGG_14779T0	353	354	1	0.203277
MGG_01832T0	2334	2335	540	16.6417
MGG_17699T0	3739	3740	580.92	11.1773
MGG_10564T0	1225	1226	4	0.23478
MGG_02449T0	1524	1525	1434	67.6661
MGG_07441T0	4001	4002	2891	51.9832
MGG_17631T0	198	199	55	19.8885
MGG_15692T0	290	291	7	1.731
MGG_09354T0	2731	2732	0	0
MGG_04746T0	3325	3326	303	6.5556
MGG_06030T0	1043	1044	6113	421.353
MGG_01581T0	2133	2134	6694	225.727
MGG_00799T0	2403	2404	366	10.9557
MGG_02493T0	3697	3698	1953.96	38.0224
MGG_14837T0	2007	2008	4	0.143347
MGG_16903T0	168	169	0	0
MGG_10021T0	402	403	0	0
MGG_01377T0	1072	1073	1218	81.6845
MGG_00205T0	1682	1683	229	9.79137
MGG_11771T0	2014	2015	1223.29	43.6864
MGG_10023T0	924	925	0	0
MGG_01582T0	2026	2027	1896	67.3096
MGG_01755T0	1874	1875	4450	170.785
MGG_04053T0	1517	1518	3138.89	148.798
MGG_03354T0	630	631	301	34.3265
MGG_13254T0	1742	1743	1429	58.9966
MGG_01818T0	3524	3525	3021	61.6714
MGG_06931T0	1974	1975	277.338	10.105
MGG_03665T0	1232	1233	22	1.28396
MGG_12127T0	1342	1343	6752	361.783
MGG_08156T0	2365	2366	2254.73	68.576
MGG_14716T0	474	475	4206	637.188
MGG_10664T0	3883	3884	49	0.907839
MGG_09919T0	2366	2367	2824	85.8536
MGG_17614T0	360	361	0	0
MGG_03640T0	3344	3345	529	11.3802
MGG_15742T0	339	340	7	1.48153
MGG_07015T0	2850	2851	499	12.5949
MGG_05097T0	2563	2564	648.486	18.2001
MGG_14656T0	1582	1583	1698.99	77.2329
MGG_02592T0	3264	3265	0	0
MGG_17864T0	1107	1108	7	0.454622
MGG_08018T0	267	268	1	0.268508
MGG_00194T0	2283	2284	30	0.945186
MGG_17684T0	341	342	23	4.83943
MGG_08180T0	1989	1990	783	28.314
MGG_02094T0	1629	1630	0	0
MGG_04160T0	5872	5873	827	10.133
MGG_11322T0	1413	1414	320	16.2852
MGG_10058T0	2138	2139	1645	55.341
MGG_00330T0	1724	1725	4490	187.305
MGG_06435T0	568	569	400	50.5871
MGG_16060T0	1134	1135	1	0.063401
MGG_11224T0	2156	2157	23980.1	800.006
MGG_01385T0	2319	2320	241	7.47517
MGG_17546T0	546	547	4	0.526217
MGG_15624T0	1991	1992	206	7.44166
MGG_17333T0	198	199	0	0
MGG_02533T0	5974	5975	1557	18.7518
MGG_00106T0	2732	2733	8604.51	226.558
MGG_03558T0	3823	3824	1608	30.2594
MGG_12697T0	4046	4047	412	7.32582
MGG_15856T0	722	723	11	1.09483
MGG_15320T0	630	631	1	0.114041
MGG_15683T0	216	217	0	0
MGG_03421T0	1056	1057	0	0
MGG_10138T0	1862	1863	805.281	31.1047
MGG_03107T0	1960	1961	264	9.68765
MGG_16018T0	485	486	17.8866	2.6484
MGG_03356T0	1068	1069	32	2.15409
MGG_14863T0	1053	1054	800	54.6187
MGG_17426T0	1074	1075	11	0.736337
MGG_14657T0	798	799	163.652	14.739
MGG_05436T0	1167	1168	281	17.3123
MGG_05904T0	4360	4361	10381	171.295
MGG_01766T0	1537	1538	1538	71.9602
MGG_15539T0	607	608	107	12.664
MGG_01769T1	2508	2509	146.361	4.19775
MGG_01769T0	2565	2566	23.639	0.662927
MGG_12804T0	2241	2242	312	10.0141
MGG_07980T0	1885	1886	29	1.10649
MGG_16825T0	2214	2215	227	7.3747
MGG_11092T0	504	505	0	0
MGG_04971T0	2223	2224	1269	41.06
MGG_05291T0	2327	2328	514.434	15.9015
MGG_00426T0	819	820	6	0.526538
MGG_10422T0	1950	1951	290	10.6963
MGG_06778T0	2774	2775	479	12.4212
MGG_02319T0	1512	1513	8	0.38049
MGG_00665T0	2317	2318	1463.25	45.4251
MGG_10799T0	2456	2457	1737	50.8729
MGG_05122T0	1606	1607	21	0.940363
MGG_07243T0	2675	2676	2117	56.9281
MGG_00889T0	4586	4587	867	13.6014
MGG_05818T0	423	424	71	12.0499
MGG_02543T0	987	988	27	1.96652
MGG_16867T0	4063	4064	740	13.103
MGG_01238T0	5702	5703	2413	30.4471
MGG_04396T0	3648	3649	1987	39.1847
MGG_08854T0	1951	1952	706.402	26.0414
MGG_08087T0	2343	2344	5060	155.341
MGG_04723T0	525	526	65	8.89242
MGG_15556T0	189	190	6	2.27243
MGG_08141T0	2841	2842	1065	26.9661
MGG_00773T0	1405	1406	956.859	48.9728
MGG_17277T0	5858	5859	1339.47	16.4513
MGG_16911T0	177	178	0	0
MGG_05710T0	1530	1531	85	3.99518
MGG_16396T0	231	232	0	0
MGG_16934T0	369	370	0	0
MGG_10053T0	1285	1286	297	16.6191
MGG_17861T0	2166	2167	116	3.85204
MGG_09735T0	630	631	0	0
MGG_13076T0	912	913	48	3.78323
MGG_06447T0	5562	5563	749	9.68869
MGG_06116T0	2264	2265	698	22.1758
MGG_02013T0	354	355	0	0
MGG_02467T0	737	738	3272	319.043
MGG_04248T0	2474	2475	87	2.52951
MGG_06231T0	420	421	0	0
MGG_00545T0	2163	2164	96	3.19232
MGG_12420T0	416	417	5649.27	974.873
MGG_02477T0	1685	1686	817	34.8704
MGG_01953T0	348	349	0	0
MGG_15616T0	195	196	3	1.10143
MGG_16329T0	300	301	9	2.15163
MGG_08591T0	2299	2300	16	0.500592
MGG_17018T0	897	898	17	1.36227
MGG_16225T0	240	241	34	10.1521
MGG_11116T0	4740	4741	38	0.576774
MGG_09763T0	1203	1204	220	13.1489
MGG_08271T0	2281	2282	724.162	22.8356
MGG_08271T1	2266	2267	278.838	8.85101
MGG_08658T0	354	355	0	0
MGG_00673T0	1311	1312	3	0.164543
MGG_04702T0	1169	1170	1566	96.3159
MGG_00310T0	2032	2033	40	1.41584
MGG_01071T0	2385	2386	1819	54.8598
MGG_00052T0	675	676	336	35.7672
MGG_08891T0	2037	2038	232	8.19174
MGG_06739T0	2010	2011	193	6.90617
MGG_16864T0	218	219	2	0.65717
MGG_04126T0	2572	2573	106	2.96455
MGG_04615T0	4106	4107	2710	47.4828
MGG_04663T0	1536	1537	970.359	45.4308
MGG_15860T0	1504	1505	1839	87.9301
MGG_09293T0	3847	3848	2474.12	46.2678
MGG_16206T0	1137	1138	1	0.0632339
MGG_16206T1	819	820	1	0.0877563
MGG_16906T0	150	151	23	10.9608
MGG_16644T0	439	440	0	0
MGG_14872T0	2749	2750	178	4.65778
MGG_00625T0	1430	1431	404	20.3158
MGG_11473T0	2183	2184	322	10.6095
MGG_01138T0	1401	1402	34	1.74511
MGG_11255T0	859	860	1489	124.591
MGG_06062T0	4408	4409	126	2.05647
MGG_04870T0	2141	2142	1005	33.7628
MGG_01528T0	1757	1758	2175	89.0292
MGG_00990T0	4175	4176	2849	49.0935
MGG_04898T0	504	505	203	28.9266
MGG_02531T0	3518	3519	24	0.490777
MGG_00068T0	2243	2244	319	10.2296
MGG_05757T0	1553	1554	1167.19	54.0484
MGG_02828T0	4675	4676	175	2.69312
MGG_15333T0	1233	1234	0	0
MGG_09887T0	1035	1036	746	51.8169
MGG_15298T0	1269	1270	74	4.19295
MGG_16752T0	1081	1082	301.555	20.0554
MGG_10810T0	537	538	0	0
MGG_13202T0	2036	2037	195	6.88868
MGG_11611T0	1527	1528	3665	172.601
MGG_07763T0	1524	1525	685	32.3231
MGG_07506T0	2343	2344	381	11.6966
MGG_16272T0	701	702	3	0.307522
MGG_00308T0	2169	2170	394.281	13.0749
MGG_02567T0	2296	2297	2008	62.9064
MGG_05937T0	3997	3998	26	0.467975
MGG_15118T0	641	642	3718	416.741
MGG_16227T0	409	410	5	0.877563
MGG_08399T0	387	388	0	0
MGG_05753T0	1533	1534	15932	747.372
MGG_07473T0	1960	1961	121	4.44017
MGG_04210T0	1605	1606	674	30.2
MGG_15309T0	573	574	153	19.181
MGG_13309T0	3118	3119	0	0
MGG_18010T0	485	486	2	0.296132
MGG_17421T0	432	433	0	0
MGG_16242T0	564	565	2	0.254726
MGG_16240T0	156	157	0	0
MGG_02016T0	1755	1756	0	0
MGG_00066T0	1381	1382	143	7.44595
MGG_08796T0	309	310	0	0
MGG_04862T0	2487	2488	5261	152.163
MGG_02143T0	1149	1150	2	0.125148
MGG_17658T0	1482	1483	0	0
MGG_08459T0	1563	1564	6	0.276062
MGG_00233T0	7158	7159	0	0
MGG_05992T0	1980	1981	6271	227.795
MGG_04096T0	542	543	0	0
MGG_01438T0	786	787	116	10.6066
MGG_03812T0	996	997	0	0
MGG_10588T0	3269	3270	3744	82.3911
MGG_15796T0	330	331	6	1.30441
MGG_03075T0	2614	2615	1876	51.6242
MGG_04628T0	1785	1786	3	0.120874
MGG_10636T0	930	931	337	26.0479
MGG_02369T0	630	631	9	1.02637
MGG_12016T0	711	712	5	0.505338
MGG_04109T0	1744	1745	352	14.5157
MGG_00503T0	3325	3326	2466.5	53.3643
MGG_17926T0	380	381	2	0.377744
MGG_14794T0	1617	1618	109	4.84775
MGG_03539T0	963	964	1	0.0746475
MGG_05640T0	750	751	887	84.9916
MGG_16167T0	1608	1609	0	0
MGG_04132T0	4069	4070	366.781	6.48492
MGG_07267T0	1972	1973	1923.77	70.1646
MGG_02347T0	668	669	233	25.0624
MGG_17171T0	201	202	0	0
MGG_15057T0	2749	2750	208	5.4428
MGG_06032T0	2364	2365	874	26.5933
MGG_16308T0	1384	1385	74	3.8448
MGG_14550T0	1664	1665	588	25.413
MGG_15686T0	324	325	10	2.21416
MGG_01996T0	4709	4710	144.306	2.20473
MGG_01996T1	4656	4657	685.694	10.5954
MGG_05249T0	1888	1889	1406.95	53.5968
MGG_13023T0	1552	1553	802	37.1617
MGG_07524T0	1631	1632	206	9.08321
MGG_16372T0	1299	1300	44	2.43557
MGG_00176T0	1168	1169	23	1.41581
MGG_16751T0	1128	1129	103.249	6.58087
MGG_15558T0	183	184	0	0
MGG_06566T0	4045	4046	3969	70.5907
MGG_00646T0	1146	1147	979.44	61.4478
MGG_15902T0	2760	2761	4.00112	0.104281
MGG_05648T0	881	882	285	23.2524
MGG_00885T0	3205	3206	1673	37.5513
MGG_10546T0	315	316	0	0
MGG_03843T0	2652	2653	323	8.76107
MGG_11357T0	3855	3856	2027	37.8276
MGG_01207T0	5073	5074	1956.21	27.7433
MGG_01207T1	5502	5503	143.785	1.88022
MGG_15775T1	2969	2970	31.9504	0.774127
MGG_15775T0	742	743	0	0
MGG_11141T0	4123	4124	1944	33.9211
MGG_16077T0	900	901	696.037	55.5904
MGG_10269T0	3027	3028	2792	66.3516
MGG_08409T0	888	889	1	0.0809451
MGG_17798T0	423	424	5	0.848587
MGG_05121T0	2681	2682	44	1.18055
MGG_03406T0	3782	3783	1477	28.0955
MGG_15696T0	1752	1753	47.8029	1.96229
MGG_10163T0	1802	1803	835	33.326
MGG_00486T0	959	960	37.7737	2.83146
MGG_09560T0	5038	5039	1666	23.7916
MGG_13116T0	1409	1410	105.705	5.3947
MGG_08708T0	2454	2455	323.855	9.49273
MGG_13182T0	336	337	0	0
MGG_10362T0	1122	1123	0	0
MGG_14175T0	3019	3020	59	1.40584
MGG_18112T0	468	469	0	0
MGG_18112T1	631	632	0	0
MGG_09929T0	999	1000	643.588	46.3127
MGG_03963T0	2840	2841	167	4.22997
MGG_06454T0	1662	1663	602	26.0493
MGG_10697T0	1102	1103	171.67	11.1998
MGG_05302T0	2734	2735	126.056	3.31664
MGG_16600T0	624	625	1	0.115136
MGG_15460T0	597	598	0	0
MGG_09262T0	1916	1917	505.281	18.9672
MGG_05976T0	1218	1219	1503	88.7253
MGG_16332T0	180	181	58	23.0591
MGG_17224T0	1020	1021	196	13.8141
MGG_13768T0	2385	2386	160	4.82549
MGG_11606T0	1609	1610	201	8.98385
MGG_09821T0	1668	1669	371	15.9959
MGG_17126T0	159	160	0	0
MGG_07882T0	1884	1885	235	8.97116
MGG_06839T0	3231	3232	5495	122.346
MGG_05023T0	1059	1060	387	26.2722
MGG_07814T0	834	835	0	0
MGG_16358T0	725	726	0	0
MGG_08623T0	3323	3324	5098.29	110.371
MGG_09867T0	1222	1223	70.1857	4.12966
MGG_09204T0	1498	1499	676	32.4517
MGG_08137T0	3728	3729	331	6.38745
MGG_09445T0	1700	1701	1	0.0423046
MGG_15751T0	396	397	171	30.9954
MGG_09287T0	1863	1864	5105	197.08
MGG_17030T0	309	310	6	1.39278
MGG_16402T0	807	808	3278	291.937
MGG_03294T0	2359	2360	1	0.0304916
MGG_11906T0	873	874	353	29.064
MGG_08452T0	3390	3391	8.01988	0.170189
MGG_06798T0	1323	1324	1	0.0543506
MGG_08725T0	4530	4531	40	0.63527
MGG_00912T0	2987	2988	840	20.2298
MGG_08377T0	1497	1498	102	4.89982
MGG_02246T0	660	661	91	9.90677
MGG_05614T0	1461	1462	320	15.7505
MGG_17475T0	336	337	0	0
MGG_09394T0	2165	2166	221	7.3422
MGG_02075T0	3493	3494	12	0.247144
MGG_17761T0	311	312	131	30.214
MGG_16554T0	774	775	0	0
MGG_09458T0	1721	1722	1166.4	48.7423
MGG_16846T0	761	762	1	0.0944359
MGG_16157T0	399	400	0	0
MGG_00900T0	444	445	115	18.5964
MGG_00930T0	5944	5945	560	6.77842
MGG_01149T0	576	577	3266	407.317
MGG_02938T0	1108	1109	1405	91.1668
MGG_16806T0	3654	3655	229	4.50858
MGG_15589T0	474	475	19	2.87841
MGG_01510T0	2813	2814	1099	28.1038
MGG_10559T0	429	430	0	0
MGG_01519T0	1284	1285	1095	61.3201
MGG_17072T0	2166	2167	8493	282.029
MGG_16328T0	633	634	0.5	0.0567509
MGG_15381T0	642	643	0	0
MGG_08398T0	588	589	0	0
MGG_12165T0	1756	1757	70551	2889.51
MGG_00783T0	1574	1575	1529	69.8585
MGG_18097T0	675	676	0	0
MGG_15814T0	1015	1016	10450	740.141
MGG_10788T0	432	433	0	0
MGG_03594T0	1396	1397	726.502	37.4225
MGG_09006T0	976	977	4611.61	339.664
MGG_10741T0	1835	1836	710.138	27.8331
MGG_07352T0	345	346	0	0
MGG_09068T0	870	871	0	0
MGG_07656T0	3387	3388	177	3.75943
MGG_07715T0	1424	1425	577	29.1376
MGG_16919T0	159	160	0	0
MGG_08905T0	1191	1192	852.493	51.4644
MGG_03681T0	1887	1888	3745	142.739
MGG_17737T0	186	187	0	0
MGG_17087T0	669	670	0	0
MGG_11617T0	1986	1987	4	0.144862
MGG_05615T0	2782	2783	1669	43.1554
MGG_16172T0	396	397	0	0
MGG_09426T0	1884	1885	2105	80.3587
MGG_06909T0	2035	2036	1118	39.5145
MGG_17515T0	249	250	0	0
MGG_15291T0	3638	3639	10648.1	210.563
MGG_08633T0	672	673	1	0.106924
MGG_02956T0	1958	1959	285	10.4689
MGG_06349T0	1179	1180	3157	192.524
MGG_05768T0	2682	2683	91	2.44069
MGG_05125T0	3393	3394	660	13.9934
MGG_06564T0	1955	1956	2055	75.6023
MGG_03919T0	2625	2626	834	22.8541
MGG_02694T0	2079	2080	1	0.0345962
MGG_17965T0	793	794	7	0.634409
MGG_09396T0	1382	1383	2710.99	141.058
MGG_17702T0	1579	1580	883	40.2157
MGG_06187T0	921	922	366	28.5655
MGG_00276T0	1545	1546	4817	224.212
MGG_17043T0	168	169	0	0
MGG_14874T0	861	862	2277	190.085
MGG_05638T0	1912	1913	82	3.08454
MGG_03588T0	1693	1694	550	23.3637
MGG_03682T0	1758	1759	122	4.99098
MGG_02438T0	2607	2608	3899.32	107.59
MGG_17119T0	3027	3028	303	7.20077
MGG_17812T0	1969	1970	287	10.4835
MGG_15580T0	3102	3103	65	1.50738
MGG_15887T0	1328	1329	17	0.920484
MGG_03572T0	1057	1058	431	29.3146
MGG_01535T0	1222	1223	162	9.53193
MGG_14704T0	789	790	84	7.65146
MGG_06312T0	3726	3727	155	2.99271
MGG_08139T0	1580	1581	485.042	22.077
MGG_08139T1	1529	1530	797.958	37.5302
MGG_16336T0	375	376	72	13.7796
MGG_11269T0	1794	1795	310	12.4277
MGG_07702T0	1195	1196	83	4.99389
MGG_04196T0	4253	4254	5681	96.0991
MGG_15095T0	645	646	0	0
MGG_06073T0	1490	1491	390	18.8226
MGG_15419T0	417	418	0	0
MGG_08363T0	1933	1934	0	0
MGG_05646T0	2888	2889	14461.7	360.217
MGG_17584T0	396	397	4	0.725039
MGG_16533T0	192	193	0	0
MGG_01177T0	919	920	11	0.860393
MGG_05092T0	1158	1159	447	27.7534
MGG_17406T0	720	721	8	0.798448
MGG_12699T0	321	322	0	0
MGG_17415T0	294	295	11	2.68326
MGG_03317T0	2183	2184	1837	60.5269
MGG_08893T0	3923	3924	2491	45.6811
MGG_16699T0	252	253	0	0
MGG_00041T0	1308	1309	54.3367	2.98707
MGG_17544T0	153	154	0	0
MGG_08835T0	1602	1603	4238	190.248
MGG_15720T0	1861	1862	1245	48.1151
MGG_06053T0	1859	1860	2469	95.5213
MGG_15450T0	342	343	5	1.04898
MGG_03757T0	1867	1868	279.215	10.7561
MGG_12861T0	1689	1690	860	36.6188
MGG_16373T0	3136	3137	33.7561	0.774338
MGG_01862T0	2175	2176	48	1.58736
MGG_01742T0	3036	3037	5417	128.353
MGG_05694T1	2470	2471	1110.29	32.3336
MGG_05694T0	1931	1932	138.713	5.16658
MGG_04566T0	1125	1126	342	21.8565
MGG_07047T0	4618	4619	699	10.8898
MGG_02247T0	1475	1476	100	4.87535
MGG_15544T0	150	151	5	2.38279
MGG_00163T0	1784	1785	1193	48.0944
MGG_02289T0	1805	1806	76	3.02822
MGG_04578T0	315	316	1	0.227722
MGG_10673T0	1026	1027	122	8.54833
MGG_06151T0	1032	1033	860.244	59.9257
MGG_04688T0	2551	2552	526	14.8319
MGG_15403T0	780	781	2	0.184277
MGG_13686T0	533	534	0	0
MGG_12447T0	12105	12106	1	0.00594417
MGG_10065T0	603	604	1	0.119139
MGG_05802T0	1290	1291	3	0.16722
MGG_06430T0	2752	2753	524	13.6967
MGG_01604T0	2440	2441	1994	58.7827
MGG_07787T0	2448	2449	61	1.79239
MGG_16325T0	474	475	0	0
MGG_04631T0	1068	1069	345	23.2238
MGG_17911T0	336	337	9	1.92178
MGG_08337T0	1430	1431	0	0
MGG_12155T0	4293	4294	5	0.0837915
MGG_02186T0	1601	1602	457	20.528
MGG_01181T0	1725	1726	32	1.33414
MGG_00297T0	1872	1873	1280	49.1773
MGG_14937T0	2537	2538	68.4235	1.94002
MGG_09977T0	1892	1893	5993	227.817
MGG_17535T0	1833	1834	302.376	11.8642
MGG_16128T0	273	274	0	0
MGG_18071T0	162	163	0	0
MGG_01093T0	1388	1389	794	41.1349
MGG_06145T0	3991	3992	2511	45.2635
MGG_06203T0	2060	2061	14545	507.841
MGG_12813T0	1545	1546	1258	58.5549
MGG_06986T0	1071	1072	113	7.58535
MGG_03579T0	2556	2557	563	15.8442
MGG_14253T0	189	190	0	0
MGG_09736T0	1084	1085	34	2.25497
MGG_07957T0	1960	1961	0	0
MGG_09567T0	1363	1364	42.7486	2.25527
MGG_17408T0	297	298	5	1.20739
MGG_16135T0	177	178	36	14.5537
MGG_05201T0	1041	1042	5342	368.917
MGG_13177T0	2248	2249	981	31.3886
MGG_16688T0	435	436	0	0
MGG_07859T0	2238	2239	0	0
MGG_07269T0	996	997	7	0.505237
MGG_02428T0	2602	2603	1266	34.9987
MGG_10700T0	1251	1252	4419	253.987
MGG_06423T0	1116	1117	536	34.5306
MGG_04822T0	1517	1518	1027	48.6845
MGG_02453T0	1732	1733	488	20.2634
MGG_04422T0	1418	1419	12.1516	0.616229
MGG_10748T0	2022	2023	0	0
MGG_17717T1	682	683	3.7627	0.396434
MGG_17717T0	748	749	5.2373	0.503174
MGG_16287T0	1876	1877	2463	94.4261
MGG_15854T0	183	184	2	0.782176
MGG_00478T0	1600	1601	463.941	20.8527
MGG_06503T0	1461	1462	1491	73.3875
MGG_06303T0	1630	1631	783	34.5462
MGG_08656T0	1815	1816	39	1.5454
MGG_15277T0	4505	4506	150	2.39548
MGG_15187T0	453	454	1	0.158503
MGG_15632T0	318	319	9	2.03022
MGG_17853T0	153	154	0	0
MGG_00371T0	5831	5832	5861.73	72.327
MGG_09186T1	4746	4747	138.783	2.10383
MGG_09186T0	6384	6385	4407.22	49.6702
MGG_17662T0	1146	1147	0	0
MGG_08006T0	1659	1660	3940	170.797
MGG_08637T0	2016	2017	5130	183.022
MGG_16972T0	1590	1591	0	0
MGG_01859T0	2973	2974	154	3.72625
MGG_02925T0	1011	1012	2460	174.923
MGG_07663T0	2537	2538	1441	40.8568
MGG_08697T0	4427	4428	109	1.77138
MGG_16002T0	351	352	0	0
MGG_13409T0	2300	2301	141	4.40955
MGG_06416T0	2380	2381	135	4.08006
MGG_05534T0	3053	3054	5074	119.557
MGG_08549T0	2142	2143	41	1.37675
MGG_17381T0	315	316	3	0.683166
MGG_05132T0	1645	1646	63.4967	2.77596
MGG_01561T0	2787	2788	1537	39.671
MGG_16943T0	447	448	0	0
MGG_17503T0	1419	1420	75	3.80071
MGG_01975T0	2421	2422	1	0.029711
MGG_08847T0	2880	2881	619	15.4611
MGG_00988T0	2059	2060	898	31.369
MGG_16462T0	1517	1518	14328	679.212
MGG_02572T0	4124	4125	1292	22.5388
MGG_04182T0	2627	2628	1655	45.3174
MGG_03513T0	2272	2273	543	17.1907
MGG_02743T0	2005	2006	196.355	7.04375
MGG_11176T0	1729	1730	122.846	5.10982
MGG_07337T0	751	752	11829	1131.94
MGG_03174T0	1603	1604	555.257	24.9105
MGG_09616T0	396	397	0	0
MGG_04291T0	366	367	0	0
MGG_11310T0	1741	1742	1711	70.6796
MGG_08702T0	687	688	0	0
MGG_16757T0	372	373	6	1.15754
MGG_16213T0	6225	6226	9846	113.8
MGG_09306T0	3741	3742	1081	20.7881
MGG_03270T0	3549	3550	435	8.81765
MGG_08474T0	1790	1791	1646	66.1342
MGG_16175T0	527	528	0	0
MGG_05684T0	1823	1824	1263	49.8277
MGG_05656T0	6419	6420	382	4.28174
MGG_11399T0	1488	1489	1871	90.4214
MGG_08937T0	2022	2023	13.4155	0.477203
MGG_17379T0	375	376	0	0
MGG_18137T0	2517	2518	0	0
MGG_00638T0	2495	2496	853	24.5922
MGG_11425T0	8954	8955	1527	12.2706
MGG_00899T0	1859	1860	852	32.9624
MGG_11192T0	3581	3582	1030	20.6921
MGG_17250T0	252	253	0	0
MGG_16122T0	210	211	25	8.52609
MGG_06274T0	1915	1916	1541	57.8761
MGG_13338T0	1700	1701	99	4.18816
MGG_10525T0	2592	2593	6199	172.033
MGG_09351T0	1322	1323	1223	66.521
MGG_11887T0	1641	1642	154.099	6.75334
MGG_16581T0	255	256	0	0
MGG_15523T0	2819	2820	917.257	23.4064
MGG_12748T0	854	855	9	0.757475
MGG_15708T0	353	354	0	0
MGG_14206T0	1694	1695	0	0
MGG_09563T0	1429	1430	2175	109.45
MGG_07613T0	7956	7957	29814	269.627
MGG_17513T0	2150	2151	456	15.2552
MGG_17478T0	162	163	1	0.441473
MGG_16552T0	633	634	0.5	0.0567509
MGG_09030T0	2141	2142	52	1.74693
MGG_09949T0	2472	2473	389.033	11.3202
MGG_05744T0	509	510	0	0
MGG_14156T0	471	472	0	0
MGG_09663T0	306	307	0	0
MGG_04637T0	3124	3125	8842	203.607
MGG_04452T0	976	977	41	3.01982
MGG_03407T0	2889	2890	283	7.04662
MGG_13936T0	2207	2208	64641	2106.69
MGG_12101T0	2503	2504	2478	71.213
MGG_03740T0	1179	1180	1461.2	89.1087
MGG_15785T0	381	382	0	0
MGG_00088T0	1707	1708	16	0.6741
MGG_00548T0	1475	1476	1326.75	64.6837
MGG_00548T1	1427	1428	2776.25	139.902
MGG_15198T0	957	958	2	0.15023
MGG_11546T0	5081	5082	8222	116.422
MGG_01586T0	3222	3223	4458	99.5341
MGG_08573T0	3477	3478	2389	49.4286
MGG_02231T0	936	937	0	0
MGG_17183T0	251	252	6	1.71334
MGG_05424T0	747	748	0	0
MGG_12239T0	315	316	0	0
MGG_03784T0	1656	1657	2171	94.2821
MGG_11230T0	1803	1804	922	36.7779
MGG_15590T0	159	160	2	0.899502
MGG_00301T0	1479	1480	0	0
MGG_12920T0	1192	1193	376	22.6798
MGG_03237T0	1977	1978	436	15.8618
MGG_04835T0	1427	1428	60359	3041.63
MGG_07249T0	1077	1078	24	1.60208
MGG_00803T0	4135	4136	1036	18.0248
MGG_16705T0	222	223	0	0
MGG_02992T0	2151	2152	109	3.64482
MGG_09471T0	3539	3540	2581	52.4659
MGG_07284T0	1851	1852	1792.57	69.6508
MGG_03639T0	522	523	201	27.6558
MGG_07059T0	4634	4635	579	8.9892
MGG_17727T0	264	265	0	0
MGG_10301T0	879	880	0	0
MGG_14344T0	471	472	0	0
MGG_01343T0	2475	2476	619	17.99
MGG_17874T0	254	255	0	0
MGG_16292T0	390	391	24	4.41699
MGG_17107T0	156	157	19	8.70855
MGG_09271T0	1496	1497	178	8.55638
MGG_07808T0	1650	1651	28	1.2204
MGG_06590T0	3819	3820	54	1.01724
MGG_08568T0	1927	1928	24	0.89577
MGG_01692T0	1206	1207	381	22.7148
MGG_14606T0	1059	1060	19	1.28985
MGG_03890T0	3699	3700	129	2.50888
MGG_06605T0	2097	2098	5067	173.795
MGG_00821T0	387	388	0	0
MGG_03709T0	2463	2464	45	1.31421
MGG_15772T0	298	299	180	43.3205
MGG_15840T0	318	319	4	0.902322
MGG_04336T0	1548	1549	41.2296	1.91536
MGG_17538T0	844	845	236.752	20.1618
MGG_06050T0	2288	2289	1263	39.7054
MGG_02713T0	519	520	4003	553.955
MGG_04745T0	1408	1409	789	40.2956
MGG_13161T0	1980	1981	3360	122.053
MGG_08908T0	1273	1274	415	23.4407
MGG_00509T0	1742	1743	6166	254.565
MGG_07600T0	2246	2247	257	8.23042
MGG_16204T0	789	790	5432	494.794
MGG_15348T0	363	364	1	0.197693
MGG_05114T0	1851	1852	104	4.04096
MGG_11568T0	2604	2605	74	2.04417
MGG_01105T0	1503	1504	130	6.21996
MGG_06453T0	907	908	4579	362.892
MGG_14903T0	3428	3429	2992.9	62.8083
MGG_06996T0	1033	1034	482.309	33.5658
MGG_02443T0	3197	3198	1879	42.2805
MGG_04335T0	2058	2059	0	0
MGG_03694T0	1781	1782	1200	48.458
MGG_05449T0	1208	1209	6586	392.001
MGG_12530T0	3816	3817	394	7.4279
MGG_17602T0	441	442	0	0
MGG_08928T0	3289	3290	1949.04	42.6303
MGG_06912T0	2663	2664	8524.13	230.255
MGG_16430T0	207	208	5	1.72981
MGG_15032T0	645	646	243	27.0686
MGG_17102T0	2790	2791	474	12.2211
MGG_00743T0	1937	1938	260	9.6541
MGG_11377T0	1209	1210	2011	119.597
MGG_07377T0	720	721	0	0
MGG_02582T0	2254	2255	22	0.70205
MGG_16326T0	987	988	2	0.145668
MGG_15831T0	1318	1319	253	13.8028
MGG_08923T0	1879	1880	354	13.5499
MGG_08164T0	1431	1432	4562.51	229.273
MGG_01070T0	2366	2367	16031	487.365
MGG_02019T0	1728	1729	0	0
MGG_09777T0	1779	1780	38	1.53623
MGG_15308T0	319	320	8	1.799
MGG_03978T0	1734	1735	1213	50.3099
MGG_10401T0	825	826	4	0.348475
MGG_15375T0	366	367	0	0
MGG_03842T0	3748	3749	2655	50.9614
MGG_18013T0	213	214	1	0.336262
MGG_16170T0	469	470	0	0
MGG_12349T0	3975	3976	3199	57.8975
MGG_11702T0	2781	2782	3300	85.3589
MGG_14868T0	1963	1964	487	17.8435
MGG_18101T0	504	505	30	4.27486
MGG_17385T0	2038	2039	1421	50.1498
MGG_13455T0	2725	2726	4206	111.029
MGG_01460T0	1130	1131	385.634	24.5361
MGG_15527T0	1517	1518	108	5.1197
MGG_09760T0	1958	1959	1001	36.7698
MGG_05359T0	3491	3492	4119	84.8808
MGG_08744T0	6185	6186	1113	12.9472
MGG_17340T0	614	615	4	0.468034
MGG_09181T0	1119	1120	438	28.1416
MGG_09807T0	630	631	0	0
MGG_00686T0	1527	1528	654	30.7997
MGG_00939T0	2349	2350	2049	62.7431
MGG_10279T0	1512	1513	7	0.332929
MGG_07259T0	2912	2913	869	21.467
MGG_08104T0	1981	1982	904	32.8214
MGG_03474T0	1902	1903	13	0.491583
MGG_10724T0	1916	1917	2	0.0750758
MGG_01969T0	4755	4756	2308	34.921
MGG_06940T0	1798	1799	558	22.32
MGG_06455T0	2656	2657	1096	29.6832
MGG_05338T0	1624	1625	32	1.41706
MGG_01693T0	1806	1807	109.186	4.34811
MGG_15661T0	393	394	3	0.54792
MGG_04512T0	1813	1814	670	26.5784
MGG_15393T0	1032	1033	128	8.91665
MGG_03097T0	1781	1782	98	3.9574
MGG_08520T0	1438	1439	2	0.100014
MGG_00049T0	2127	2128	491	16.6036
MGG_03353T0	1258	1259	76	4.3439
MGG_16939T0	405	406	0	0
MGG_03562T0	3761	3762	104	1.98933
MGG_15862T0	698	699	0	0
MGG_13986T0	1999	2000	2387	85.8844
MGG_08729T0	831	832	1	0.0864906
MGG_01232T0	1614	1615	10354	461.347
MGG_17419T0	168	169	0	0
MGG_15373T0	1448	1449	0	0
MGG_01760T0	2335	2336	2786	85.8223
MGG_12128T0	2746	2747	1021	26.746
MGG_17292T0	240	241	0	0
MGG_08389T0	1297	1298	0	0
MGG_02377T0	3269	3270	430.13	9.46551
MGG_04987T0	3916	3917	1936	35.5667
MGG_06562T0	1175	1176	5301	324.371
MGG_16872T0	312	313	17099	3931.14
MGG_16629T0	573	574	4653	583.329
MGG_16380T0	417	418	0	0
MGG_04359T0	3689	3690	953	18.5848
MGG_01089T0	2049	2050	1057	37.1034
MGG_05493T0	1092	1093	0	0
MGG_17622T0	1625	1626	22	0.973631
MGG_13756T0	810	811	100	8.87302
MGG_16179T0	440	441	49.5872	8.09139
MGG_16179T1	436	437	0	0
MGG_07030T0	2153	2154	385	12.862
MGG_01770T0	1673	1674	1547.78	66.5344
MGG_18126T0	396	397	0	0
MGG_05288T0	2372	2373	77	2.33499
MGG_01095T0	2623	2624	1326	36.364
MGG_17390T0	871	872	140	11.5532
MGG_05345T0	2250	2251	438	14.002
MGG_03658T0	855	856	2920.91	245.548
MGG_04989T0	6775	6776	2590	27.5054
MGG_17721T0	963	964	862	64.3461
MGG_03133T0	3317	3318	82	1.7784
MGG_10267T0	2662	2663	63	1.7024
MGG_10031T0	1215	1216	34	2.01204
MGG_15965T0	1713	1714	96.5313	4.05275
MGG_07880T0	684	685	0	0
MGG_17808T0	255	256	7	1.96766
MGG_14850T0	794	795	2241	202.846
MGG_08894T0	987	988	715	52.0764
MGG_03115T0	3467	3468	24	0.497994
MGG_05066T0	1167	1168	3.38587	0.208602
MGG_17726T0	742	743	5	0.484254
MGG_04470T0	3086	3087	320	7.45943
MGG_09159T0	2017	2018	56707	2022.12
MGG_00135T0	2042	2043	1794	63.1897
MGG_06238T0	4217	4218	70	1.19422
MGG_07545T0	1743	1744	361	14.8954
MGG_07972T0	1260	1261	97.404	5.55845
MGG_16087T0	231	232	0	0
MGG_02096T0	3394	3395	525	11.1279
MGG_07037T0	6168	6169	8892	103.723
MGG_03176T0	1272	1273	42	2.37418
MGG_09495T0	1311	1312	2518.54	138.136
MGG_09715T0	1493	1494	290	13.9682
MGG_00916T0	465	466	4	0.617684
MGG_06391T0	2373	2374	621.687	18.8444
MGG_00146T0	1650	1651	2878.74	125.472
MGG_07793T0	1038	1039	3134	217.058
MGG_03944T0	2625	2626	68	1.8634
MGG_13651T0	1622	1623	56	2.48291
MGG_11713T0	1979	1980	1262	45.8655
MGG_11447T0	1610	1611	226.042	10.0969
MGG_02997T0	480	481	107	16.0078
MGG_14806T0	5449	5450	2028	26.7771
MGG_17636T0	603	604	4025.06	479.543
MGG_03029T0	1368	1369	12	0.630768
MGG_03519T0	2151	2152	43	1.43787
MGG_11132T0	2254	2255	4376	139.644
MGG_00781T0	2271	2272	38	1.20356
MGG_09817T0	2993	2994	4	0.0961392
MGG_03428T0	792	793	0	0
MGG_00394T0	987	988	6	0.437005
MGG_03585T0	1189	1190	10	0.604707
MGG_11091T0	702	703	4	0.409446
MGG_08155T1	1029	1030	22.0022	1.53717
MGG_08155T0	1864	1865	174.266	6.72396
MGG_13410T0	555	556	3882	502.427
MGG_14869T0	568	569	384.503	48.6272
MGG_06156T1	3690	3691	9	0.175465
MGG_06156T0	3926	3927	0	0
MGG_16538T0	1485	1486	0	0
MGG_15022T0	799	800	753	67.7325
MGG_02465T0	2209	2210	9749	317.439
MGG_05681T0	1568	1569	1016.63	46.6263
MGG_17924T0	267	268	18	4.83315
MGG_04859T0	2176	2177	9.69431	0.320443
MGG_16823T0	150	151	6	2.85934
MGG_12929T0	2128	2129	92.4402	3.12448
MGG_06076T0	990	991	1739.83	126.336
MGG_16276T0	1992	1993	194.057	7.00671
MGG_04344T0	2426	2427	357	10.585
MGG_05021T0	471	472	340	51.8357
MGG_03764T0	1781	1782	10	0.403817
MGG_04912T0	3314	3315	3698	80.2741
MGG_05469T0	444	445	0	0
MGG_16702T0	174	175	0	0
MGG_05790T0	1719	1720	19	0.794909
MGG_17896T0	240	241	1	0.29859
MGG_16665T0	210	211	7	2.3873
MGG_05850T0	1669	1670	818.535	35.2706
MGG_03968T0	1347	1348	179	9.55554
MGG_06534T0	1895	1896	2780	105.511
MGG_13597T0	1461	1462	0	0
MGG_05238T0	965	966	4739.54	353.062
MGG_11654T0	1440	1441	5	0.249688
MGG_04845T0	741	742	280	27.1548
MGG_12025T0	1152	1153	10	0.624112
MGG_11712T0	2936	2937	2579.56	63.2025
MGG_04122T0	1744	1745	191	7.87644
MGG_14085T0	1568	1569	73.9406	3.39119
MGG_09000T0	2160	2161	196	6.5267
MGG_00183T0	5039	5040	3908	55.7977
MGG_05222T0	2861	2862	9717.08	244.32
MGG_15827T0	237	238	3	0.907061
MGG_04609T0	2921	2922	123	3.02912
MGG_01546T0	249	250	326	93.836
MGG_03807T0	1641	1642	2	0.0876494
MGG_03017T0	2812	2813	1424	36.4278
MGG_17531T0	3220	3221	9045	202.074
MGG_17581T0	576	577	4	0.498857
MGG_09947T0	5437	5438	4836	63.994
MGG_09885T0	2044	2045	1230.06	43.2838
MGG_10059T0	1918	1919	420	15.7495
MGG_04711T0	1549	1550	133	6.17465
MGG_05230T0	1674	1675	124	5.3272
MGG_03158T0	3505	3506	20	0.410497
MGG_03313T0	4354	4355	1890	31.2296
MGG_03322T0	3278	3279	695	15.2523
MGG_14909T0	398	399	73	13.1656
MGG_11311T0	1815	1816	603	23.8943
MGG_01050T0	3009	3010	1644	39.3032
MGG_00314T0	1965	1966	16129	590.359
MGG_17285T0	312	313	118.243	27.1846
MGG_08916T0	2301	2302	136	4.25134
MGG_10927T0	1044	1045	0	0
MGG_03192T0	2451	2452	1435	42.1137
MGG_01417T0	2147	2148	12	0.402012
MGG_12568T0	1476	1477	101	4.92077
MGG_08561T0	3265	3266	1184.94	26.1078
MGG_12844T0	2742	2743	250.591	6.57403
MGG_05603T0	1208	1209	238.484	14.1947
MGG_15980T0	378	379	1	0.189868
MGG_05379T0	4468	4469	1223	19.6928
MGG_02789T0	1844	1845	4545.8	177.299
MGG_16839T0	300	301	7	1.67349
MGG_17311T0	590	591	8	0.97408
MGG_03933T0	1500	1501	121	5.80092
MGG_12247T0	663	664	76935	8337.73
MGG_00754T0	1829	1830	3415	134.286
MGG_04802T0	1982	1983	311	11.2857
MGG_17472T0	1806	1807	1400	55.7522
MGG_18070T0	264	265	0	0
MGG_15478T0	534	535	686	92.2704
MGG_04744T0	2193	2194	229	7.51088
MGG_02464T0	3323	3324	3639	78.7795
MGG_06003T0	634	635	9719	1101.39
MGG_17915T0	330	331	10	2.17402
MGG_17752T0	345	346	0	0
MGG_12315T0	1094	1095	7771	510.687
MGG_10436T0	402	403	0	0
MGG_10843T0	1713	1714	666	27.9612
MGG_16381T0	285	286	0	0
MGG_11813T0	1044	1045	2	0.137723
MGG_04525T0	1431	1432	14035	705.28
MGG_05049T0	4330	4331	1076	17.8779
MGG_00537T0	2639	2640	1358.35	37.0255
MGG_00537T1	2569	2570	1780.65	49.8582
MGG_02656T0	7725	7726	1388	12.9279
MGG_15848T0	411	412	6	1.04796
MGG_17036T0	231	232	73	22.6426
MGG_15210T0	1530	1531	0	0
MGG_16741T0	1008	1009	33	2.3535
MGG_00020T0	1524	1525	0	0
MGG_05116T0	2737	2738	976	25.6512
MGG_12114T0	219	220	808	264.29
MGG_11859T0	1475	1476	2	0.097507
MGG_10322T0	1560	1561	1241	57.2086
MGG_05960T0	6202	6203	1723	19.9883
MGG_03126T0	2230	2231	287	9.25709
MGG_12599T0	2039	2040	169	5.96141
MGG_16845T0	324	325	0	0
MGG_13019T0	801	802	109	9.78012
MGG_09367T0	1011	1012	13472	957.952
MGG_06746T0	423	424	2	0.339435
MGG_07609T0	765	766	96	9.01851
MGG_06862T1	3180	3181	0	0
MGG_06862T0	2760	2761	0	0
MGG_05686T0	1905	1906	3217	121.456
MGG_06340T0	675	676	0	0
MGG_10216T0	1464	1465	0	0
MGG_03048T0	3114	3115	1269	29.3154
MGG_05108T0	636	637	253	28.5807
MGG_17870T0	195	196	1	0.367144
MGG_03116T0	2789	2790	3871	99.8415
MGG_05101T0	1167	1168	79	4.86717
MGG_12137T0	1820	1821	1004.11	39.6791
MGG_02392T0	192	193	6844	2551.79
MGG_01328T0	710	711	473	47.8722
MGG_11040T0	1820	1821	4744	187.468
MGG_06257T0	2406	2407	603	18.0274
MGG_01991T0	1996	1997	556	20.035
MGG_06723T0	744	745	546	52.7386
MGG_03418T0	2066	2067	8608	299.677
MGG_09946T0	1344	1345	168	8.98833
MGG_03502T0	2679	2680	353	9.47833
MGG_09516T0	3040	3041	731	17.2979
MGG_02273T0	651	652	0	0
MGG_09539T0	1594	1595	1353	61.0421
MGG_16201T0	1124	1125	4156	265.837
MGG_17706T0	204	205	0	0
MGG_02763T0	2262	2263	3378	107.416
MGG_14793T0	490	491	16	2.34493
MGG_09793T0	823	824	0	0
MGG_07244T0	1140	1141	877	55.3103
MGG_11472T0	603	604	6	0.714836
MGG_07335T0	2516	2517	1409	40.2828
MGG_06131T1	3254	3255	51.3612	1.13547
MGG_06131T0	1879	1880	412.545	15.7908
MGG_06131T2	3006	3007	82.1431	1.96576
MGG_14388T0	606	607	0	0
MGG_17851T0	180	181	5	1.98785
MGG_04892T0	562	563	24	3.06757
MGG_16071T0	240	241	0	0
MGG_07711T0	2351	2352	1213	37.1121
MGG_03208T0	2729	2730	22	0.579899
MGG_06968T0	2256	2257	182	5.80272
MGG_16345T0	294	295	2.01922	0.492555
MGG_17239T0	429	430	1	0.167349
MGG_16959T0	237	238	0	0
MGG_15085T0	3208	3209	50	1.12122
MGG_09926T0	2122	2123	8446	286.281
MGG_17060T1	4863	4864	1888.42	27.9381
MGG_17060T0	2553	2554	421.538	11.877
MGG_09968T0	944	945	31	2.3606
MGG_11685T0	1977	1978	2070	75.3071
MGG_02125T0	1728	1729	356	14.8166
MGG_01318T0	1257	1258	1253	71.6741
MGG_16743T0	3632	3633	36	0.713065
MGG_01867T0	1897	1898	11608	440.102
MGG_10803T0	1179	1180	0	0
MGG_08467T0	1236	1237	0	0
MGG_14270T0	2408	2409	19139	571.708
MGG_02043T0	1065	1066	1	0.0675048
MGG_16661T0	582	583	0	0
MGG_14438T0	441	442	0	0
MGG_15168T0	1261	1262	5	0.285104
MGG_10204T0	1130	1131	179.429	11.4162
MGG_02518T0	3142	3143	377	8.63156
MGG_08562T0	2731	2732	77	2.02816
MGG_03508T0	2693	2694	305	8.14694
MGG_06843T0	2407	2408	730	21.8152
MGG_03506T0	1725	1726	2876	119.906
MGG_17556T0	501	502	2.63964	0.378385
MGG_15728T0	1944	1945	75	2.77481
MGG_01012T0	4286	4287	3663.89	61.5009
MGG_03093T0	1450	1451	75.6654	3.75251
MGG_14706T0	1255	1256	0	0
MGG_08276T0	1839	1840	130	5.08414
MGG_01233T1	1936	1937	702	26.0795
MGG_01233T0	2170	2171	0	0
MGG_10183T0	1322	1323	82.9348	4.51096
MGG_09139T0	2864	2865	215	5.40015
MGG_08313T0	957	958	4	0.30046
MGG_10663T0	1710	1711	3	0.126172
MGG_07517T0	2768	2769	13197.2	342.966
MGG_09055T0	1260	1261	73748	4208.5
MGG_00362T0	1549	1550	806	37.4193
MGG_11561T0	5088	5089	124	1.7534
MGG_09540T0	2380	2381	732	22.123
MGG_04956T0	2103	2104	1369	46.822
MGG_09193T0	1861	1862	1748	67.5544
MGG_00779T0	2360	2361	2333	71.1068
MGG_05575T0	894	895	11	0.884427
MGG_03509T0	1572	1573	2	0.0914942
MGG_01244T0	4087	4088	3888	68.4396
MGG_03427T0	1548	1549	4	0.185824
MGG_06538T0	755	756	426	40.549
MGG_06832T0	1920	1921	4647	174.075
MGG_05572T0	2901	2902	75.2672	1.86638
MGG_17840T0	852	853	44	3.7119
MGG_07677T0	780	781	9	0.829246
MGG_16507T0	870	871	6	0.495707
MGG_10676T0	561	562	1853	237.264
MGG_08108T0	1103	1104	280	18.2508
MGG_04312T0	1308	1309	1	0.0549734
MGG_08055T0	1320	1321	304.776	16.6023
MGG_03056T0	2255	2256	70	2.23281
MGG_05941T0	1796	1797	241	9.65075
MGG_15041T0	1152	1153	184	11.4837
MGG_04641T0	1910	1911	381.36	14.3604
MGG_03347T0	1537	1538	456	21.3354
MGG_04544T0	1520	1521	709	33.5436
MGG_13058T0	3068	3069	1424	33.3891
MGG_16733T0	2356	2357	56.0308	1.71064
MGG_08943T0	1350	1351	0	0
MGG_05045T0	651	652	2	0.220737
MGG_10289T0	1944	1945	1728.9	63.965
MGG_00343T0	2987	2988	678	16.3283
MGG_01891T0	705	706	9	0.917339
MGG_04328T0	1881	1882	21795	833.354
MGG_16966T0	1560	1561	19	0.875876
MGG_06434T0	990	991	406	29.4812
MGG_08291T0	462	463	23	3.57469
MGG_04411T0	704	705	788	80.4321
MGG_17260T0	303	304	7	1.65698
MGG_07402T0	1169	1170	1399	86.0447
MGG_15680T0	168	169	0	0
MGG_15740T0	772	773	15	1.39638
MGG_04629T0	4769	4770	12337	186.116
MGG_06045T0	1228	1229	2910	170.386
MGG_00257T0	1095	1096	202	13.2627
MGG_03360T0	2808	2809	103	2.63862
MGG_06866T0	1228	1229	0	0
MGG_00544T0	588	589	694	84.7884
MGG_03481T0	3052	3053	1225	28.8736
MGG_17086T0	165	166	0	0
MGG_03852T0	1917	1918	237.245	8.90105
MGG_17579T0	474	475	1.08241	0.16398
MGG_15505T0	600	601	43	5.14856
MGG_02216T1	1498	1499	176.38	8.46721
MGG_02216T0	1551	1552	99.0176	4.59106
MGG_15787T0	1129	1130	4.36286e-06	2.77833e-07
MGG_14814T0	2011	2012	738.901	26.4272
MGG_01764T0	1423	1424	76.8096	3.88148
MGG_02056T0	2791	2792	34	0.876306
MGG_17057T0	1050	1051	37	2.53333
MGG_15362T0	736	737	2	0.195279
MGG_09674T0	1659	1660	0	0
MGG_13033T0	1720	1721	1776	74.2599
MGG_14404T0	2181	2182	2425.32	79.9847
MGG_02272T0	1581	1582	34	1.54655
MGG_17834T0	710	711	4	0.404839
MGG_16624T0	168	169	0	0
MGG_05607T0	2529	2530	2097.76	59.666
MGG_10356T0	1470	1471	0	0
MGG_00097T0	1908	1909	105.242	3.96711
MGG_09156T0	1840	1841	163	6.37127
MGG_00778T0	1800	1801	458	18.2997
MGG_16320T0	222	223	6	1.93615
MGG_07733T0	966	967	8	0.595327
MGG_12646T0	3316	3317	3018	65.4735
MGG_06320T0	4624	4625	5834	90.7709
MGG_16756T0	3007	3008	1615	38.6355
MGG_00697T0	1186	1187	805	48.802
MGG_05683T0	4700	4701	726	11.1132
MGG_07346T0	1107	1108	51	3.31225
MGG_00266T0	867	868	0	0
MGG_18023T0	342	343	10	2.09796
MGG_09029T0	1529	1530	1556	73.183
MGG_10312T0	1743	1744	1771	73.0742
MGG_13974T0	360	361	0	0
MGG_16005T0	213	214	0	0
MGG_10299T0	684	685	1	0.105051
MGG_17414T0	198	199	130	47.0091
MGG_04458T0	1479	1480	1021.5	49.667
MGG_09778T0	2190	2191	11	0.361279
MGG_16663T0	186	187	0	0
MGG_05209T0	3383	3384	3487	74.1504
MGG_14831T0	7755	7756	0	0
MGG_00467T0	3121	3122	953	21.9661
MGG_01679T0	1073	1074	239.697	16.0602
MGG_09706T0	2102	2103	106	3.62709
MGG_02218T0	1005	1006	19	1.35909
MGG_10334T0	2047	2048	508	17.8495
MGG_11915T0	267	268	28	7.51823
MGG_00884T0	2176	2177	6809	225.07
MGG_14737T0	1609	1610	49.7591	2.22402
MGG_12300T0	1308	1309	2546	139.962
MGG_01006T0	1062	1063	3696.98	250.268
MGG_08983T0	1370	1371	60	3.14924
MGG_04648T0	2224	2225	44	1.42303
MGG_13192T0	2749	2750	4470	116.968
MGG_03705T0	3261	3262	2469	54.4665
MGG_00839T0	1101	1102	921	60.1409
MGG_01506T0	1533	1534	1342	62.9534
MGG_09734T0	3869	3870	723	13.4437
MGG_17090T0	336	337	0	0
MGG_03930T0	501	502	7153	1025.36
MGG_09412T0	3091	3092	1783.99	41.5188
MGG_10477T0	888	889	9	0.728506
MGG_01311T0	3220	3221	5439.01	121.513
MGG_11674T0	327	328	0	0
MGG_07202T0	2074	2075	19971	692.586
MGG_09964T0	2205	2206	6	0.195721
MGG_03494T0	1383	1384	348	18.094
MGG_01977T0	2208	2209	1732	56.4215
MGG_18028T0	599	600	3	0.359801
MGG_16239T0	758	759	16	1.51695
MGG_05248T0	1105	1106	7392.05	480.952
MGG_09833T0	1646	1647	86	3.75748
MGG_10856T0	821	822	91.4732	8.00782
MGG_04185T0	4021	4022	3272	58.5414
MGG_14703T0	1158	1159	215	13.349
MGG_12392T0	3472	3473	12	0.248639
MGG_04806T0	1503	1504	2746	131.385
MGG_09303T0	3690	3691	7920	154.409
MGG_16116T0	4641	4642	1833	28.4151
MGG_05528T0	1291	1292	1694	94.3502
MGG_16061T0	384	385	0	0
MGG_16830T0	2663	2664	263	7.10417
MGG_03374T0	1501	1502	26	1.24565
MGG_08647T0	1420	1421	47	2.3801
MGG_17496T0	213	214	0	0
MGG_15293T0	1200	1201	834	49.9707
MGG_11216T0	2830	2831	7415	188.479
MGG_14609T0	1347	1348	386	20.6058
MGG_05044T0	4539	4540	284	4.50147
MGG_09902T0	867	868	556	46.0943
MGG_17938T0	640	641	10	1.12262
MGG_16374T0	1424	1425	52	2.62591
MGG_07885T0	2543	2544	5	0.141431
MGG_14151T0	2124	2125	16.0836	0.544649
MGG_14667T0	966	967	144	10.7159
MGG_12163T0	636	637	949	107.206
MGG_01423T0	2367	2368	4908.2	149.153
MGG_13948T0	1305	1306	475	26.1723
MGG_00294T0	2013	2014	681	24.3321
MGG_08287T0	1565	1566	1017.74	46.7668
MGG_08287T1	1399	1400	34.2588	1.7609
MGG_10321T0	1773	1774	228	9.24854
MGG_02517T0	3555	3556	796	16.1081
MGG_17459T0	570	571	7	0.882174
MGG_05570T0	976	977	58	4.27194
MGG_17954T0	482	483	16	2.38377
MGG_17857T0	420	421	10	1.70927
MGG_15350T0	450	451	78	12.4454
MGG_12679T0	1458	1459	8	0.394572
MGG_02922T0	1672	1673	9.21718	0.396455
MGG_03225T0	2492	2493	2004	57.8452
MGG_08589T0	1486	1487	46.4794	2.24927
MGG_07287T0	3294	3295	227	4.9575
MGG_15964T0	249	250	6.15547	1.77179
MGG_05600T0	2544	2545	342	9.67009
MGG_08464T0	1053	1054	469	32.0202
MGG_17982T0	1783	1784	208.591	8.4138
MGG_00529T0	4579	4580	7035.8	110.545
MGG_04332T0	1101	1102	3	0.195899
MGG_03178T0	2517	2518	81	2.31484
MGG_02692T0	954	955	6833	514.873
MGG_05938T0	1456	1457	119	5.87732
MGG_10774T0	388	389	0	0
MGG_03881T0	4342	4343	593.158	9.82817
MGG_07937T0	1173	1174	41	2.51309
MGG_16744T0	3529	3530	606	12.3535
MGG_15040T0	1143	1144	0	0
MGG_17832T0	390	391	0	0
MGG_10766T0	1593	1594	0	0
MGG_11343T0	2690	2691	537	14.3599
MGG_15263T0	1132	1133	6	0.381078
MGG_00844T0	3350	3351	170	3.65062
MGG_01578T0	2198	2199	5179	169.478
MGG_18120T0	162	163	3	1.32442
MGG_03067T0	5536	5537	60	0.779774
MGG_00174T0	2875	2876	1494	37.3813
MGG_02234T0	537	538	0	0
MGG_17520T0	165	166	4	1.73398
MGG_16610T0	543	544	0	0
MGG_16410T0	2752	2753	423	11.0567
MGG_09330T0	1860	1861	148	5.72279
MGG_10447T0	1507	1508	16985	810.506
MGG_13510T0	2264	2265	404.956	12.8657
MGG_16237T0	588	589	37	4.52042
MGG_07103T0	5120	5121	9753.89	137.061
MGG_10051T0	1244	1245	634	36.6448
MGG_17049T0	444	445	0	0
MGG_16509T0	771	772	33	3.07602
MGG_12828T0	2491	2492	2772	80.0456
MGG_10187T0	3272	3273	3011	66.1998
MGG_01052T0	2648	2649	760	20.6454
MGG_06220T0	1329	1330	13	0.70337
MGG_15531T0	464	465	16	2.47605
MGG_07220T0	1629	1630	27166	1199.31
MGG_09916T0	1330	1331	14686	793.995
MGG_17580T0	369	370	0	0
MGG_01298T0	1490	1491	32	1.54442
MGG_18091T0	105	106	0	0
MGG_16789T0	273	274	0	0
MGG_09360T0	1668	1669	180.57	7.78543
MGG_10701T0	1116	1117	214	13.7865
MGG_03416T0	603	604	46	5.48041
MGG_03746T0	1059	1060	0	0
MGG_14711T0	2397	2398	3	0.0900252
MGG_01110T0	682	683	7772.92	818.947
MGG_01690T0	963	964	1683	125.632
MGG_08214T0	423	424	0	0
MGG_17025T0	480	481	0	0
MGG_02720T0	1077	1078	8	0.534027
MGG_05157T0	931	932	39	3.01121
MGG_16076T0	600	601	0	0
MGG_16379T0	315	316	316	71.9602
MGG_04831T0	3991	3992	2963.55	53.4213
MGG_08152T0	1710	1711	5267	221.516
MGG_10685T0	2688	2689	2339	62.5938
MGG_10916T0	2332	2333	0	0
MGG_08367T0	3203	3204	13823	310.457
MGG_00867T0	1052	1053	295	20.1598
MGG_08663T0	2989	2990	19254.7	463.402
MGG_01292T0	2284	2285	425	13.3843
MGG_07912T0	1997	1998	4012.61	144.519
MGG_07398T0	417	418	0	0
MGG_15367T0	384	385	0	0
MGG_00296T0	2665	2666	327.622	8.84311
MGG_10371T0	843	844	835	71.1928
MGG_05940T0	1429	1430	991	49.8689
MGG_10806T0	3129	3130	29	0.666724
MGG_02719T0	2713	2714	3955	104.865
MGG_03389T0	1897	1898	1838	69.6853
MGG_08346T0	1071	1072	0	0
MGG_17639T0	585	586	0	0
MGG_01997T0	1301	1302	7	0.386883
MGG_16425T0	1994	1995	86	3.10204
MGG_13884T0	597	598	0	0
MGG_04070T0	2408	2409	80	2.38971
MGG_02095T0	996	997	230	16.6006
MGG_13308T0	2100	2101	56	1.91802
MGG_00215T0	927	928	18	1.39578
MGG_01114T0	1410	1411	259	13.2088
MGG_06198T0	3375	3376	1658	35.3406
MGG_16267T0	502	503	23	3.29042
MGG_15935T0	225	226	0	0
MGG_14595T0	969	970	39	2.89324
MGG_08318T0	1474	1475	85	4.14686
MGG_01667T0	642	643	7733	865.424
MGG_02521T0	1806	1807	509	20.2699
MGG_16537T0	348	349	0	0
MGG_17284T0	1068	1069	0	0
MGG_13782T0	1305	1306	8964	493.913
MGG_07373T0	666	667	0	0
MGG_07965T0	1216	1217	44	2.60168
MGG_03597T0	2951	2952	479	11.6765
MGG_06676T0	783	784	207.722	19.066
MGG_10429T0	1893	1894	1096	41.6411
MGG_12335T0	2622	2623	6120	167.898
MGG_17288T0	817	818	50.9755	4.48436
MGG_11317T0	3122	3123	1640	37.7889
MGG_14173T0	6297	6298	4841	55.3127
MGG_04608T0	3967	3968	2642	47.913
MGG_06782T0	2283	2284	120	3.78074
MGG_16630T0	1434	1435	3211	161.02
MGG_15700T0	2138	2139	8195	275.696
MGG_11999T0	1549	1550	28	1.29993
MGG_06735T0	2853	2854	3139	79.1461
MGG_13591T0	6960	6961	3	0.0310129
MGG_04879T0	1442	1443	1041	51.913
MGG_07646T0	2592	2593	0	0
MGG_13783T0	3948	3949	2174	39.6154
MGG_00156T0	966	967	130	9.67406
MGG_10335T0	345	346	0	0
MGG_10569T0	2042	2043	10260	361.385
MGG_01906T0	1340	1341	317	17.0107
MGG_17169T0	1848	1849	174	6.77181
MGG_17814T0	735	736	0	0
MGG_15461T0	528	529	0	0
MGG_03432T0	2136	2137	0	0
MGG_03376T0	3539	3540	4624	93.9954
MGG_13798T0	1092	1093	30	1.97512
MGG_12142T0	195	196	0	0
MGG_11774T0	2541	2542	248	7.0205
MGG_08542T0	3716	3717	460	8.90548
MGG_10276T0	597	598	0	0
MGG_05203T0	1488	1489	1844	89.1165
MGG_05446T0	1667	1668	845.499	36.4762
MGG_04933T0	2979	2980	219	5.28835
MGG_16924T0	1441	1442	20	0.99806
MGG_07603T0	969	970	293	21.7364
MGG_08146T0	2422	2423	7576.82	225.022
MGG_06129T0	1222	1223	547	32.185
MGG_02536T0	2986	2987	3565	85.8848
MGG_04451T0	435	436	0	0
MGG_11063T0	2058	2059	1246	43.5466
MGG_05283T0	1791	1792	905.924	36.3786
MGG_03330T0	1708	1709	44	1.85269
MGG_05827T0	1329	1330	1	0.0541054
MGG_16941T0	378	379	0	0
MGG_00579T0	1122	1123	14	0.897099
MGG_09850T0	5182	5183	2646	36.7368
MGG_13787T0	162	163	2312	1020.69
MGG_03491T0	2010	2011	60.1259	2.1515
MGG_07011T0	2254	2255	427	13.6262
MGG_08670T0	1539	1540	128	5.9811
MGG_18033T0	162	163	0	0
MGG_00190T0	1455	1456	1092	53.9701
MGG_15303T0	366	367	14	2.74507
MGG_15145T0	1114	1115	74.6502	4.81779
MGG_05405T0	1413	1414	0	0
MGG_06392T0	1943	1944	1650	61.0773
MGG_05170T0	1353	1354	2996.73	159.265
MGG_16990T0	1682	1683	8	0.342057
MGG_09743T0	1051	1052	3041	208.014
MGG_12354T0	912	913	393.848	31.042
MGG_06544T0	2200	2201	641.318	20.9674
MGG_09648T0	570	571	3	0.378074
MGG_17894T0	471	472	14	2.13441
MGG_11746T0	679	680	26	2.75142
MGG_13262T0	2649	2650	177.194	4.81167
MGG_11351T0	3611	3612	867	17.2728
MGG_17380T0	243	244	10	2.94919
MGG_16728T0	1526	1527	514	24.2223
MGG_09486T0	920	921	262	20.4708
MGG_17800T0	291	292	7	1.72507
MGG_16586T0	303	304	1	0.236711
MGG_01674T0	5524	5525	7011	91.3145
MGG_06360T0	5446	5447	2082	27.5052
MGG_13031T0	2451	2452	241	7.07276
MGG_05530T0	1197	1198	379	22.7654
MGG_08446T0	2016	2017	0	0
MGG_14513T0	1881	1882	712.559	27.2454
MGG_00966T0	1932	1933	929	34.5841
MGG_03677T0	1700	1701	460	19.4601
MGG_09380T0	1032	1033	0	0
MGG_15036T0	654	655	666	73.1687
MGG_04013T0	763	764	646	60.8459
MGG_04564T0	3344	3345	24597	529.149
MGG_08372T0	321	322	0	0
MGG_02339T0	465	466	28	4.32379
MGG_09146T0	1484	1485	35	1.69603
MGG_10412T0	3126	3127	944	21.7238
MGG_03044T0	1622	1623	307	13.6117
MGG_03584T0	1764	1765	32	1.30466
MGG_09459T0	1263	1264	422	24.0247
MGG_14069T0	3003	3004	14	0.335367
MGG_15121T0	513	514	21	2.94001
MGG_00432T0	999	1000	2191	157.665
MGG_07737T0	8347	8348	346	2.98254
MGG_07061T0	2505	2506	474	13.611
MGG_07744T0	2045	2046	666	23.424
MGG_01801T0	2417	2418	525	15.6241
MGG_17797T0	657	658	10	1.09362
MGG_08747T0	672	673	0	0
MGG_05657T0	890	891	4473	361.255
MGG_15418T0	945	946	13	0.988882
MGG_08546T0	507	508	12	1.69985
MGG_00906T0	1483	1484	403.439	19.563
MGG_04038T0	2198	2199	538.676	17.6277
MGG_04074T0	1740	1741	52	2.1493
MGG_09124T0	6221	6222	3619	41.8553
MGG_05643T0	6387	6388	4280	48.2138
MGG_07598T0	1581	1582	36	1.63753
MGG_16209T0	396	397	6	1.08756
MGG_01369T0	2046	2047	101	3.55055
MGG_06650T0	1867	1868	23675	912.022
MGG_02120T0	1803	1804	0	0
MGG_02112T0	1346	1347	12	0.64107
MGG_03457T0	843	844	0	0
MGG_11732T0	1886	1887	730	27.8383
MGG_02665T0	6411	6412	737	8.27115
MGG_17577T0	381	382	2	0.376755
MGG_08429T0	2182	2183	239	7.87837
MGG_09392T0	3407	3408	1	0.0211151
MGG_15094T0	1506	1507	5	0.238753
MGG_00849T0	2132	2133	962	32.4546
MGG_17108T0	216	217	0	0
MGG_06953T0	918	919	119	9.31802
MGG_07723T0	1634	1635	153	6.73389
MGG_09220T0	381	382	0	0
MGG_13713T0	849	850	32	2.70909
MGG_07462T0	1929	1930	183	6.82317
MGG_04468T0	3850	3851	796	14.8741
MGG_14377T0	304	305	0	0
MGG_04660T0	2087	2088	1783	61.4487
MGG_04170T0	2187	2188	160	5.26217
MGG_02595T0	3243	3244	4162	92.3237
MGG_15807T0	1568	1569	3.06982	0.140793
MGG_01502T0	2902	2903	2606.73	64.6163
MGG_10494T0	2495	2496	643.235	18.5446
MGG_03202T0	1059	1060	863	58.5864
MGG_02764T0	1995	1996	67	2.4155
MGG_05466T0	3079	3080	44	1.028
MGG_00390T0	780	781	2	0.184277
MGG_03956T0	1019	1020	1159	81.7665
MGG_10071T0	1599	1600	0	0
MGG_00373T0	4354	4355	5443	89.9378
MGG_09480T0	1395	1396	3102	159.9
MGG_17920T0	273	274	86	22.586
MGG_02843T0	2315	2316	420.623	13.0691
MGG_01887T0	3580	3581	153	3.07453
MGG_00260T0	858	859	0	0
MGG_00949T0	2027	2028	6294	223.332
MGG_13449T0	2114	2115	2	0.0680474
MGG_12745T0	2247	2248	598	19.1424
MGG_07150T0	3926	3927	1787	32.7458
MGG_13894T0	1833	1834	0	0
MGG_10744T0	2107	2108	184	6.28115
MGG_09384T0	1850	1851	3988	155.039
MGG_10530T0	1596	1597	142	6.39846
MGG_12869T0	3383	3384	2658	56.5219
MGG_04674T0	3459	3460	831	17.2829
MGG_00746T0	4908	4909	1331	19.5109
MGG_01654T0	2769	2770	2853	74.1164
MGG_08595T0	1384	1385	756.658	39.3135
MGG_12739T0	1575	1576	1279	58.3991
MGG_16746T0	408	409	5	0.879709
MGG_01670T0	2263	2264	1157	36.7747
MGG_04319T0	1320	1321	12	0.653688
MGG_00123T0	4347	4348	1187.12	19.6471
MGG_04946T0	1372	1373	253	13.26
MGG_11026T0	2750	2751	1912	50.0137
MGG_09627T0	474	475	0	0
MGG_01219T0	1164	1165	49	3.02665
MGG_03141T0	2335	2336	1017.77	31.3521
MGG_01392T0	546	547	13	1.7102
MGG_13775T0	572	573	3103	389.69
MGG_17655T0	890	891	0	0
MGG_03027T0	2411	2412	348	10.3823
MGG_05143T0	1233	1234	38	2.21595
MGG_10070T0	1542	1543	0	0
MGG_03414T0	1285	1286	948	53.0468
MGG_00802T0	1479	1480	344	16.7259
MGG_17051T0	153	154	19	8.8782
MGG_15125T0	474	475	14	2.12093
MGG_06127T0	1228	1229	3651.27	213.789
MGG_10926T0	1082	1083	196	13.0233
MGG_17110T0	343	344	30	6.2756
MGG_06523T0	1971	1972	32.7784	1.19612
MGG_07027T0	7155	7156	7061	71.0048
MGG_15642T0	159	160	5	2.24875
MGG_06461T0	1668	1669	553.493	23.8643
MGG_09514T0	1867	1868	921	35.4793
MGG_03964T0	2414	2415	3732	111.203
MGG_06964T0	1700	1701	914	38.6664
MGG_17537T0	905	906	40.7583	3.23728
MGG_16759T0	330	331	0	0
MGG_04556T0	1577	1578	1488	67.856
MGG_15185T0	1197	1198	91013	5466.87
MGG_15392T0	1170	1171	0	0
MGG_02045T0	3752	3753	675	12.9425
MGG_18115T0	471	472	47.5907	7.25558
MGG_17871T0	960	961	22	1.64737
MGG_09199T0	2144	2145	224	7.51472
MGG_02593T0	1065	1066	4	0.270019
MGG_00810T0	2057	2058	3808.09	133.154
MGG_00937T0	5954	5955	2420	29.2433
MGG_01100T0	1955	1956	411	15.1205
MGG_06861T0	492	493	1	0.145964
MGG_05176T0	2798	2799	4345	111.707
MGG_17709T0	249	250	0	0
MGG_03465T0	2301	2302	2068	64.6454
MGG_14400T0	3891	3892	0	0
MGG_17745T0	216	217	0	0
MGG_00181T0	1503	1504	116	5.55012
MGG_03413T0	2433	2434	786	23.2378
MGG_15089T0	757	758	472.356	44.8428
MGG_03080T0	3331	3332	425	9.17859
MGG_17900T0	3561	3562	5048	101.981
MGG_15193T0	828	829	2	0.173607
MGG_16562T0	564	565	0	0
MGG_10265T0	1711	1712	87	3.65685
MGG_14902T0	1978	1979	2521	91.6683
MGG_13172T0	2622	2623	380	10.425
MGG_12095T0	1451	1452	329.598	16.3347
MGG_03983T0	1810	1811	261.267	10.3814
MGG_04926T0	2112	2113	1421	48.3935
MGG_04087T0	2097	2098	2418	82.936
MGG_13790T0	6147	6148	4316	50.5172
MGG_15225T0	444	445	46	7.43858
MGG_11597T0	2808	2809	12990	332.774
MGG_06635T0	1764	1765	37	1.50851
MGG_11878T0	2367	2368	799	24.2805
MGG_15874T0	528	529	202	27.4782
MGG_05944T0	2263	2264	2437.26	77.4671
MGG_07468T0	4904	4905	2623	38.4814
MGG_16219T0	2535	2536	3977	112.849
MGG_04066T0	4758	4759	6034	91.2393
MGG_13805T0	1200	1201	487	29.1795
MGG_03700T0	5906	5907	5840	71.144
MGG_10247T0	1509	1510	14	0.66718
MGG_16964T0	669	670	0	0
MGG_08988T0	2422	2423	0	0
MGG_07327T0	3895	3896	19676.3	363.427
MGG_10042T0	594	595	0	0
MGG_09942T0	2185	2186	1322	43.5184
MGG_05220T0	5108	5109	2784	39.2126
MGG_07135T0	873	874	219	18.0312
MGG_06008T0	768	769	10	0.935763
MGG_09109T0	1174	1175	1.00832	0.0617522
MGG_16072T0	225	226	0	0
MGG_09364T0	789	790	222	20.2217
MGG_00896T0	3265	3266	629	13.8588
MGG_08118T0	2567	2568	632	17.7098
MGG_00594T0	6781	6782	6286	66.6974
MGG_03549T0	2805	2806	1080	27.6967
MGG_09923T0	2389	2390	2970	89.4233
MGG_05955T0	2949	2950	65	1.58556
MGG_17363T0	228	229	0	0
MGG_05464T0	3092	3093	168	3.9086
MGG_06674T0	3310	3311	242.268	5.26538
MGG_05038T0	2300	2301	365	11.4148
MGG_14291T0	1803	1804	88	3.51025
MGG_07271T0	1535	1536	2050	96.0406
MGG_06583T0	1841	1842	1235	48.2469
MGG_01521T0	1314	1315	10642	582.357
MGG_04583T0	1152	1153	34	2.12198
MGG_09554T0	1491	1492	81	3.90668
MGG_15255T0	743	744	0	0
MGG_16656T0	270	271	0	0
MGG_02466T0	1095	1096	18936	1243.28
MGG_04240T0	1356	1357	96	5.09077
MGG_18107T0	756	757	0	0
MGG_16022T0	299	300	0	0
MGG_06457T0	4142	4143	4074	70.7617
MGG_02240T0	4064	4065	2277	40.3083
MGG_03185T0	2489	2490	63433	1833.19
MGG_06992T0	2924	2925	1325.59	32.6119
MGG_00678T0	1070	1071	57	3.82981
MGG_00788T0	1238	1239	3727	216.461
MGG_03466T0	618	619	15	1.74378
MGG_07142T0	1453	1454	564	27.913
MGG_17299T0	468	469	0	0
MGG_03870T0	3006	3007	231	5.52803
MGG_16154T0	2367	2368	148.732	4.51975
MGG_03121T0	3824	3825	1040	19.5656
MGG_17202T0	156	157	5	2.29172
MGG_05893T0	787	788	7	0.63924
MGG_17290T0	207	208	0	0
MGG_16042T0	867	868	27	2.23839
MGG_06401T0	2854	2855	4749.2	119.703
MGG_09414T0	1053	1054	5680	387.793
MGG_15514T0	481	482	0	0
MGG_04561T0	1069	1070	4	0.26901
MGG_10098T0	1593	1594	1	0.0451444
MGG_09677T0	1801	1802	3	0.1198
MGG_13428T0	1817	1818	33	1.30621
MGG_13963T0	1955	1956	27	0.993315
MGG_05413T0	2251	2252	6	0.191723
MGG_06240T0	2260	2261	34	1.08211
MGG_03648T0	1800	1801	6.53446	0.261089
MGG_17660T0	420	421	0	0
MGG_04549T0	4933	4934	1737	25.3334
MGG_05197T0	2697	2698	3326	88.71
MGG_05961T0	2047	2048	300	10.541
MGG_17192T0	258	259	5	1.38919
MGG_06356T0	1903	1904	446	16.8562
MGG_08453T0	1901	1902	4	0.151336
MGG_07235T0	1122	1123	912	58.4396
MGG_05890T0	4271	4272	1781	30.0002
MGG_17563T0	513	514	0	0
MGG_00061T0	828	829	63	5.46862
MGG_12944T0	3243	3244	2472	54.8352
MGG_03624T0	706	707	20	2.03565
MGG_08596T0	1954	1955	165	6.07336
MGG_02342T0	2559	2560	0	0
MGG_11634T0	3420	3421	1838	38.662
MGG_03343T0	2929	2930	1699	41.7271
MGG_03711T0	2074	2075	96	3.32924
MGG_09018T0	1799	1800	1091	43.6158
MGG_00073T0	2720	2721	833	22.0297
MGG_12086T0	1140	1141	9.23039	0.582139
MGG_16263T0	335	336	8	1.71334
MGG_07348T0	489	490	0	0
MGG_05641T0	1608	1609	29	1.29698
MGG_08982T0	1002	1003	142	10.1878
MGG_10679T0	816	817	50	4.40393
MGG_08143T0	2288	2289	2456	77.2102
MGG_10318T0	534	535	4	0.53802
MGG_05272T0	3393	3394	7076	150.027
MGG_16278T0	738	739	49	4.77138
MGG_13481T0	2919	2920	4179	102.987
MGG_03381T0	613	614	4	0.468796
MGG_04197T0	2158	2159	4957	165.218
MGG_08989T0	1184	1185	7	0.425081
MGG_18005T0	276	277	7	1.81849
MGG_00010T0	1668	1669	0	0
MGG_09667T0	1180	1181	0	0
MGG_13375T0	1866	1867	791	30.4877
MGG_02490T0	1277	1278	5821.74	327.804
MGG_02817T0	2202	2203	534	17.4429
MGG_02088T0	6450	6451	3747.74	41.8056
MGG_17310T0	573	574	6	0.752197
MGG_15577T0	1554	1555	5392	249.524
MGG_05924T0	1749	1750	111	4.56433
MGG_14557T0	294	295	3	0.731798
MGG_08685T0	567	568	1	0.12669
MGG_16690T0	636	637	16	1.80748
MGG_16526T0	806	807	80	7.1336
MGG_03527T0	2879	2880	1995.67	49.864
MGG_06646T0	2132	2133	1453	49.0193
MGG_10297T0	2051	2052	3	0.105205
MGG_04071T0	159	160	6	2.69851
MGG_05265T0	4020	4021	217	3.88345
MGG_08053T0	1755	1756	2237	91.6713
MGG_02268T0	1938	1939	31	1.15047
MGG_09484T0	3822	3823	685	12.8937
MGG_08765T0	4285	4286	8472	142.241
MGG_11236T0	2834	2835	6465.61	164.115
MGG_00137T0	4057	4058	678.07	12.0242
MGG_08692T0	2256	2257	6490.93	206.951
MGG_17320T0	156	157	5	2.29172
MGG_10259T0	681	682	0	0
MGG_03000T0	3634	3635	2444	48.3826
MGG_09130T0	1530	1531	2	0.0940041
MGG_00148T0	1076	1077	3.00927	0.201066
MGG_17420T0	820	821	18	1.57769
MGG_16233T0	1032	1033	24	1.67187
MGG_15621T0	615	616	61.5282	7.18763
MGG_15601T0	4951	4952	19266	279.965
MGG_02723T0	1559	1560	344	15.8681
MGG_17082T0	442	443	4	0.649753
MGG_09840T0	1362	1363	3526	186.157
MGG_02791T0	387	388	0	0
MGG_06585T0	1427	1428	21456	1081.22
MGG_06293T0	786	787	14568	1332.04
MGG_09965T0	3201	3202	3763.94	84.5889
MGG_03201T0	3063	3064	1391	32.6686
MGG_12307T0	1260	1261	811.069	46.2844
MGG_03532T0	3767	3768	309.871	5.91783
MGG_07458T0	3314	3315	183	3.97246
MGG_15525T0	1707	1708	16	0.6741
MGG_16788T0	243	244	0	0
MGG_01077T0	2129	2130	2447	82.6697
MGG_01444T0	1886	1887	35552	1355.76
MGG_04684T0	2214	2215	193	6.27012
MGG_05260T0	5721	5722	444	5.58377
MGG_03396T0	2986	2987	333	8.02234
MGG_07293T0	2307	2308	1106	34.4835
MGG_08154T0	675	676	939	99.9565
MGG_15652T0	482	483	20	2.97972
MGG_04343T0	1561	1562	230.499	10.6189
MGG_17338T0	564	565	0	0
MGG_09241T0	1211	1212	19	1.12809
MGG_02502T0	1851	1852	78	3.03072
MGG_07068T0	1427	1428	1237.68	62.3697
MGG_02953T0	1124	1125	5098	326.091
MGG_09439T0	750	751	0	0
MGG_00770T0	2081	2082	116	4.00931
MGG_12272T0	889	890	165.956	13.4182
MGG_15808T0	1040	1041	47	3.24892
MGG_00062T0	2916	2917	5209.56	128.516
MGG_01310T0	1775	1776	1487.99	60.2905
MGG_04539T0	306	307	541	126.809
MGG_06689T0	2218	2219	8722	282.847
MGG_04489T0	1337	1338	22685	1220.04
MGG_15681T0	966	967	6	0.446495
MGG_04687T0	1629	1630	1828	80.7013
MGG_02432T0	3667	3668	1132	22.208
MGG_08851T0	1344	1345	2504	133.969
MGG_03653T0	1088	1089	8130	537.223
MGG_16419T0	2917	2918	882	21.7508
MGG_03213T0	2245	2246	28	0.897099
MGG_14604T0	387	388	10	1.85464
MGG_17514T0	2359	2360	572	17.4412
MGG_08554T0	2287	2288	136	4.27735
MGG_01086T0	1507	1508	285.734	13.6349
MGG_00547T0	1041	1042	182	12.5689
MGG_04846T0	617	618	0	0
MGG_07155T0	4740	4741	1152	17.4854
MGG_07180T0	1250	1251	148	8.51327
MGG_00457T0	1676	1677	136	5.83577
MGG_06088T0	1218	1219	74	4.36838
MGG_15778T0	207	208	7	2.42174
MGG_00512T0	363	364	0	0
MGG_01922T0	1387	1388	15	0.777667
MGG_15271T0	466	467	10	1.5409
MGG_15857T0	237	238	0	0
MGG_02318T0	744	745	2	0.193182
MGG_03038T0	2611	2612	117	3.22333
MGG_10408T0	1503	1504	29	1.38753
MGG_04112T0	1888	1889	3433	130.778
MGG_17092T0	264	265	2	0.543096
MGG_07294T0	1617	1618	168	7.47176
MGG_07043T0	1513	1514	145	6.89183
MGG_08173T0	2799	2800	34020	874.316
MGG_07595T0	1810	1811	0	0
MGG_01033T0	1878	1879	225.241	8.62607
MGG_08619T0	1077	1078	25	1.66883
MGG_09572T0	795	796	537.15	48.5596
MGG_17254T0	219	220	0	0
MGG_07844T0	1524	1525	1	0.047187
MGG_15987T0	1362	1363	0	0
MGG_14697T0	366	367	0	0
MGG_12664T0	1075	1076	8	0.53502
MGG_05320T0	3020	3021	8777	209.068
MGG_15535T0	4148	4149	275	4.76959
MGG_00130T0	1973	1974	425	15.4929
MGG_12203T0	1553	1554	1058	48.9922
MGG_15093T0	1818	1819	26	1.02857
MGG_04907T0	1215	1216	4	0.236711
MGG_05750T0	1460	1461	251	12.3628
MGG_16480T0	669	670	1.001	0.10751
MGG_14714T0	2257	2258	1513	48.2178
MGG_03609T0	570	571	1715	216.133
MGG_09288T0	177	178	12	4.85125
MGG_08374T0	1583	1584	134	6.08754
MGG_10497T0	1094	1095	219	14.392
MGG_04195T0	2879	2880	2940.43	73.4702
MGG_06304T0	1583	1584	866.642	39.371
MGG_16899T0	345	346	5	1.03989
MGG_04404T0	1774	1775	0	0
MGG_15241T0	1528	1529	172	8.09493
MGG_14179T0	672	673	66206	7079.04
MGG_07675T0	1164	1165	81	5.00324
MGG_10147T0	2672	2673	418.603	11.2693
MGG_11178T0	7302	7303	8198	80.779
MGG_06275T0	2358	2359	1936	59.0567
MGG_15232T0	324	325	9	1.99274
MGG_05213T0	2789	2790	1081	27.8813
MGG_17651T0	378	379	0	0
MGG_02142T0	4086	4087	30791	542.14
MGG_04241T0	2045	2046	1593.61	56.0492
MGG_16589T0	252	253	0	0
MGG_15000T0	5603	5604	84.6468	1.08694
MGG_02662T0	1210	1211	5	0.29711
MGG_01367T0	672	673	1363	145.738
MGG_09753T0	813	814	14	1.23764
MGG_17978T0	1292	1293	689	38.3454
MGG_05046T0	3776	3777	33	0.628723
MGG_05945T0	1362	1363	158	8.34168
MGG_03134T0	3245	3246	9189	203.71
MGG_08254T0	864	865	16	1.33105
MGG_17694T0	1404	1405	907	46.454
MGG_07181T0	959	960	633	47.4487
MGG_10721T0	1047	1048	8	0.549314
MGG_08289T0	1878	1879	7	0.268079
MGG_06993T0	1315	1316	2364	129.266
MGG_03754T0	2455	2456	146	4.27776
MGG_01924T0	2008	2009	2	0.0716378
MGG_03542T0	4401	4402	4666	76.2758
MGG_04463T0	2384	2385	2512.01	75.7924
MGG_10452T0	1114	1115	4	0.258153
MGG_15401T0	318	319	7	1.57906
MGG_03383T0	1776	1777	2	0.0809906
MGG_08932T0	4545	4546	1089.51	17.2462
MGG_14967T0	17850	17851	1817.4	7.32622
MGG_17201T0	309	310	0	0
MGG_00622T0	2666	2667	2111	56.9583
MGG_01830T0	996	997	0	0
MGG_18135T0	1482	1483	790	38.3335
MGG_17220T0	2190	2191	57.9251	1.90247
MGG_13036T0	999	1000	2	0.14392
MGG_08601T0	3101	3102	1120	25.9817
MGG_07316T0	4074	4075	5274	93.1332
MGG_04741T0	1060	1061	2068.98	140.324
MGG_07326T0	1616	1617	559.67	24.9066
MGG_14287T0	357	358	0	0
MGG_08892T0	1518	1519	229	10.8485
MGG_11726T0	3060	3061	1465	34.4403
MGG_08194T0	387	388	8	1.48371
MGG_05700T0	5795	5796	989	12.2789
MGG_07619T0	1212	1213	227	13.4666
MGG_07245T0	231	232	342	106.079
MGG_16356T0	315	316	0	0
MGG_09094T0	684	685	0	0
MGG_17533T0	825	826	3188	277.735
MGG_03834T0	1593	1594	0	0
MGG_02609T0	615	616	12	1.40182
MGG_08070T0	877	878	1018.15	83.4468
MGG_00024T0	1626	1627	0	0
MGG_00999T0	857	858	2060.07	172.777
MGG_15272T0	8736	8737	70.1184	0.577513
MGG_07292T0	1133	1134	36535.4	2318.43
MGG_05149T0	1753	1754	55	2.25645
MGG_06572T0	4153	4154	6521	112.964
MGG_15842T0	369	370	0	0
MGG_18044T0	150	151	0	0
MGG_07568T0	1722	1723	11	0.459409
MGG_04475T0	3121	3122	6	0.138296
MGG_03043T0	1101	1102	0	0
MGG_11797T0	165	166	7	3.03446
MGG_17257T0	231	232	17.0589	5.2912
MGG_00243T0	1989	1990	13.6075	0.492061
MGG_09918T0	1954	1955	3043	112.008
MGG_10246T0	1589	1590	0	0
MGG_00599T0	1571	1572	813.729	37.2494
MGG_17961T0	1758	1759	1278	52.2826
MGG_12752T0	1765	1766	4380	178.474
MGG_11115T0	846	847	83	7.05159
MGG_09496T0	345	346	0	0
MGG_02128T0	1695	1696	17	0.721299
MGG_05760T0	618	619	285	33.1319
MGG_11006T0	1092	1093	0	0
MGG_02404T0	1288	1289	62	3.46123
MGG_03641T0	1853	1854	30277	1175.16
MGG_06582T0	1822	1823	2793	110.249
MGG_11205T0	13727	13728	7758.37	40.6682
MGG_04333T0	1179	1180	177	10.794
MGG_08022T0	3369	3370	8165.1	174.351
MGG_16035T0	994	995	40	2.89287
MGG_15115T0	569	570	1	0.126246
MGG_08341T0	1824	1825	751.501	29.6319
MGG_14572T0	819	820	3	0.263269
MGG_02253T0	2972	2973	951.207	23.0235
MGG_03444T0	1236	1237	16	0.93077
MGG_11165T0	3693	3694	967.814	18.8533
MGG_14569T0	1509	1510	0	0
MGG_06548T0	2554	2555	1874	52.7802
MGG_13610T0	2456	2457	958	28.0577
MGG_08533T0	3540	3541	259	5.26339
MGG_17336T0	612	613	45	5.28256
MGG_17977T0	1907	1908	891	33.604
MGG_02548T0	1713	1714	3	0.125951
MGG_05054T0	1138	1139	444	28.0512
MGG_06624T0	1953	1954	43	1.58357
MGG_14571T0	1867	1868	8	0.308181
MGG_14307T0	2365	2366	8179.19	248.764
MGG_07728T0	3424	3425	415	8.71926
MGG_00497T0	3838	3839	345	6.46685
MGG_06979T0	3010	3011	4847	115.839
MGG_05063T0	1848	1849	469.457	18.2705
MGG_06717T0	972	973	847	62.6416
MGG_04603T0	3012	3013	13091	312.655
MGG_11952T0	360	361	3	0.598007
MGG_03422T0	1701	1702	0	0
MGG_06516T0	2735	2736	1375	36.1642
MGG_12887T0	618	619	246	28.5981
MGG_08584T0	2714	2715	3663	97.0866
MGG_12410T0	1356	1357	1654	87.7097
MGG_09838T0	3696	3697	1376	26.7831
MGG_04623T0	2836	2837	3014	76.4497
MGG_06313T0	3106	3107	7353	170.3
MGG_08494T0	1772	1773	0	0
MGG_06273T0	1510	1511	4051	192.926
MGG_07784T0	1343	1344	6	0.321251
MGG_14781T0	738	739	133.555	13.0049
MGG_00072T0	1800	1801	2	0.0799113
MGG_01183T0	2503	2504	416	11.955
MGG_01758T0	1161	1162	241	14.9246
MGG_08039T0	1824	1825	6	0.236581
MGG_13221T0	315	316	3421	779.037
MGG_01179T0	1457	1458	1392	68.7027
MGG_06482T0	2245	2246	1113.49	35.6754
MGG_06482T1	2262	2263	2893.51	92.0095
MGG_13230T0	1537	1538	581	27.1839
MGG_12817T0	2113	2114	86	2.92742
MGG_07496T0	1356	1357	688	36.4839
MGG_15961T0	792	793	53	4.80944
MGG_09401T0	1821	1822	0	0
MGG_04228T0	1009	1010	2257.41	160.835
MGG_08045T0	2523	2524	51	1.45403
MGG_04793T0	2498	2499	6694	192.758
MGG_15671T0	2204	2205	2630	85.83
MGG_09893T0	895	896	853	68.5067
MGG_00739T0	4561	4562	2566	40.4756
MGG_00307T0	1037	1038	1155.72	80.1211
MGG_15805T0	309	310	0	0
MGG_06630T0	1396	1397	6	0.309063
MGG_09701T0	4600	4601	6743	105.461
MGG_01472T0	2030	2031	4682	165.887
MGG_12779T0	3034	3035	727	17.2372
MGG_04444T0	1293	1294	5261	292.568
MGG_08414T0	378	379	0	0
MGG_17165T0	222	223	19	6.13113
MGG_16441T0	3955	3956	2603	47.3489
MGG_09025T0	3142	3143	782	17.9042
MGG_17140T0	171	172	0	0
MGG_03825T0	1617	1618	0	0
MGG_04036T0	900	901	59	4.71215
MGG_06227T0	748	749	0	0
MGG_08638T0	3609	3610	820	16.3455
MGG_16742T0	566	567	35	4.44199
MGG_03941T0	1104	1105	683	44.4785
MGG_06118T0	3029	3030	4724.99	112.215
MGG_00059T0	1659	1660	20	0.86699
MGG_09481T0	2528	2529	1625	46.2377
MGG_10796T0	468	469	0	0
MGG_11794T0	2092	2093	557	19.1504
MGG_07481T0	3548	3549	636	12.8956
MGG_05507T0	2123	2124	0	0
MGG_16881T0	243	244	2	0.589837
MGG_01413T0	345	346	11	2.28775
MGG_08618T0	4045	4046	601	10.6891
MGG_00777T0	798	799	960	86.4603
MGG_05912T0	1741	1742	13535	559.116
MGG_10930T0	1061	1062	1573	106.585
MGG_04600T0	3778	3779	1092.58	20.8051
MGG_04465T0	1038	1039	226	15.6525
MGG_05307T0	1975	1976	10143	369.378
MGG_05432T0	738	739	0	0
MGG_12288T0	3837	3838	139	2.60617
MGG_00792T0	2356	2357	361	11.0215
MGG_02124T0	4456	4457	3744	60.4485
MGG_07653T0	1564	1565	0	0
MGG_07869T0	390	391	0	0
MGG_17648T0	1137	1138	0	0
MGG_17361T0	339	340	0	0
MGG_17932T0	3847	3848	936.353	17.5104
MGG_03683T1	1853	1854	1980.24	76.8601
MGG_03683T0	1881	1882	134.756	5.15255
MGG_05006T0	1486	1487	229	11.082
MGG_00744T0	4110	4111	410	7.17676
MGG_13292T0	2362	2363	63	1.91853
MGG_09265T0	2218	2219	401	13.0041
MGG_16937T0	366	367	0	0
MGG_10972T0	930	931	10	0.772934
MGG_10650T0	291	292	26	6.40741
MGG_09377T0	588	589	3116	380.692
MGG_17991T0	150	151	14	6.6718
MGG_09922T0	2526	2527	4147	118.092
MGG_00370T0	1664	1665	292.268	12.6316
MGG_02513T0	1111	1112	142.405	9.21538
MGG_15532T0	3039	3040	3082	72.9543
MGG_15360T0	560	561	2	0.256542
MGG_14724T0	1431	1432	0	0
MGG_02726T0	2127	2128	220.409	7.45333
MGG_00342T0	1161	1162	218	13.5003
MGG_06056T0	1457	1458	445.751	22.0002
MGG_07707T0	3483	3484	918.686	18.975
MGG_05724T0	2750	2751	384	10.0446
MGG_00960T0	5580	5581	4565	58.8601
MGG_05032T0	3908	3909	698	12.8494
MGG_17701T0	1360	1361	86	4.54708
MGG_06836T0	2051	2052	650	22.7944
MGG_05632T0	992	993	16974	1230.06
MGG_09194T0	1276	1277	6408	361.097
MGG_05165T0	2076	2077	323	11.1907
MGG_03012T0	2780	2781	677	17.5178
MGG_01359T0	2480	2481	660.213	19.1491
MGG_06437T0	2523	2524	2489	70.9623
MGG_15711T0	767	768	8	0.749585
MGG_01388T0	1246	1247	103	5.94378
MGG_04586T0	1015	1016	288.575	20.4388
MGG_04850T0	2285	2286	282	8.87698
MGG_06089T0	1346	1347	552	29.4892
MGG_06670T0	1443	1444	988	49.2359
MGG_07050T0	294	295	3	0.731798
MGG_03028T0	1552	1553	110	5.09698
MGG_17032T0	387	388	0	0
MGG_12403T0	5222	5223	2431	33.4932
MGG_06044T0	808	809	10112	899.458
MGG_02807T0	558	559	61	7.85254
MGG_17195T0	3906	3907	3152	58.0544
MGG_01951T0	1749	1750	1	0.0411201
MGG_05731T0	2237	2238	1374	44.1793
MGG_08519T0	1066	1067	113	7.6209
MGG_10733T0	795	796	2	0.180804
MGG_07020T0	2375	2376	89	2.69548
MGG_13328T0	6535	6536	2258	24.8602
MGG_08831T0	1202	1203	6087	364.108
MGG_17188T0	204	205	2	0.70205
MGG_10490T0	1185	1186	1558	94.5311
MGG_07611T0	2828	2829	5104	129.828
MGG_09592T0	804	805	0	0
MGG_15977T0	1422	1423	157.51	7.96517
MGG_06577T0	2805	2806	2013	51.6236
MGG_09756T0	1032	1033	520	36.2239
MGG_06571T0	849	850	10592	896.708
MGG_05617T0	1084	1085	209.937	13.9236
MGG_06547T0	3983	3984	1675	30.2543
MGG_09557T0	2253	2254	848	27.0729
MGG_03250T0	1479	1480	1990.42	96.7779
MGG_08950T0	1395	1396	0	0
MGG_08709T0	2727	2728	28.1451	0.742421
MGG_10548T0	1276	1277	16	0.901615
MGG_14931T0	2822	2823	42069	1072.37
MGG_00708T0	1120	1121	695.8	44.6653
MGG_02070T0	3962	3963	35.7903	0.64988
MGG_16995T0	255	256	0	0
MGG_04438T0	1364	1365	23243	1225.33
MGG_05078T0	4211	4212	389	6.64589
MGG_03492T0	2039	2040	119	4.19768
MGG_07746T0	1095	1096	11	0.722228
MGG_18087T0	435	436	0	0
MGG_15566T0	3119	3120	612	14.1153
MGG_18049T0	417	418	28	4.8203
MGG_13178T0	4504	4505	270.854	4.32645
MGG_17067T0	153	154	8	3.73819
MGG_01096T0	3542	3543	9385	190.614
MGG_10292T0	456	457	342	53.852
MGG_07575T0	912	913	0	0
MGG_16210T0	153	154	0	0
MGG_15782T0	225	226	0	0
MGG_03136T0	2369	2370	12449	377.988
MGG_04728T0	423	424	85	14.426
MGG_08920T0	5107	5108	4155	58.5345
MGG_08661T0	1735	1736	956	39.6278
MGG_04852T0	4577	4578	8597	135.134
MGG_15215T0	954	955	4	0.301404
MGG_10814T0	1276	1277	0	0
MGG_04704T0	1295	1296	1558	86.5077
MGG_06850T0	3627	3628	9117	180.833
MGG_07871T0	726	727	3	0.296947
MGG_12405T0	2339	2340	6948	213.666
MGG_06207T0	1521	1522	0	0
MGG_17031T0	150	151	0	0
MGG_03364T0	725	726	16	1.5859
MGG_12068T0	1419	1420	0	0
MGG_00581T0	512	513	49	6.87339
MGG_13765T0	1870	1871	109	4.19223
MGG_14743T0	1410	1411	252	12.8518
MGG_11936T0	3182	3183	352	7.95789
MGG_02574T0	3660	3661	114	2.24077
MGG_02254T0	1367	1368	172.793	9.08934
MGG_09722T0	618	619	4	0.465009
MGG_06475T0	3117	3118	4333	100.001
MGG_07699T0	318	319	0	0
MGG_11547T0	2792	2793	526	13.5521
MGG_09858T0	840	841	20	1.7113
MGG_00866T0	2379	2380	1429	43.2063
MGG_03394T0	1432	1433	207	10.3948
MGG_03675T0	1770	1771	569	23.1199
MGG_17973T0	162	163	3	1.32442
MGG_00918T0	2581	2582	689	19.2024
MGG_02030T0	1767	1768	0	0
MGG_00785T0	1853	1854	7300	283.338
MGG_07074T0	2553	2554	793	22.3432
MGG_01921T0	1419	1420	0	0
MGG_06546T0	1876	1877	0	0
MGG_03348T0	3073	3074	3	0.0702279
MGG_12738T0	4688	4689	1195	18.3392
MGG_11146T0	1251	1252	1466	84.2601
MGG_08369T0	2138	2139	1749	58.8398
MGG_08881T1	3005	3006	123.581	2.95838
MGG_08881T0	2988	2989	43.4194	1.04532
MGG_09764T0	1458	1459	2976	146.781
MGG_10627T0	2913	2914	425	10.4952
MGG_14797T0	2817	2818	3147.93	80.3852
MGG_02501T0	2961	2962	279	6.77815
MGG_14602T0	1467	1468	494	24.2155
MGG_03091T0	721	722	10852	1081.6
MGG_16973T0	319	320	0	0
MGG_17466T0	261	262	6	1.64794
MGG_05730T0	1749	1750	850	34.9521
MGG_07725T0	1499	1500	3	0.14392
MGG_08807T0	4159	4160	1474.92	25.5133
MGG_17899T0	234	235	0	0
MGG_15079T0	3558	3559	627	12.6774
MGG_00944T0	1842	1843	3780	147.591
MGG_16668T0	782	783	214	19.6673
MGG_06824T0	712	713	34	3.43148
MGG_02383T0	1210	1211	3	0.178266
MGG_14292T0	2174	2175	202	6.6832
MGG_02201T0	1290	1291	0	0
MGG_03459T0	5739	5740	2351	29.4736
MGG_15816T0	180	181	58	23.0591
MGG_15561T0	168	169	1	0.4258
MGG_16989T0	489	490	65	9.54574
MGG_15494T0	1426	1427	37.9231	1.91237
MGG_03312T0	826	827	24.2485	2.10995
MGG_03887T0	1796	1797	2674	107.079
MGG_02991T0	1924	1925	149	5.5699
MGG_03235T0	3190	3191	2348.34	52.9573
MGG_18096T0	471	472	0	0
MGG_03183T0	2171	2172	297	9.83986
MGG_04769T0	2075	2076	276.201	9.57393
MGG_01532T0	844	845	77	6.55732
MGG_16353T0	225	226	0	0
MGG_02742T0	885	886	9015	732.191
MGG_10995T0	669	670	10.3543	1.11208
MGG_13086T0	1680	1681	0	0
MGG_12637T0	914	915	68	5.34786
MGG_00892T0	435	436	25080	4139.36
MGG_11745T0	2168	2169	1216	40.3428
MGG_04943T0	2419	2420	1998	59.4117
MGG_17971T0	156	157	8	3.66676
MGG_05096T0	1489	1490	857	41.3892
MGG_05473T0	476	477	2	0.30172
MGG_00492T0	5778	5779	177	2.20401
MGG_07476T0	3946	3947	6776.74	123.551
MGG_13474T0	952	953	15544	1173.71
MGG_09578T0	366	367	0	0
MGG_06876T0	1282	1283	6503.28	364.752
MGG_14894T0	1092	1093	0	0
MGG_00575T0	2123	2124	64	2.16829
MGG_10821T0	2179	2180	4245	140.124
MGG_03247T0	1443	1444	3642.75	181.532
MGG_08640T0	1397	1398	333.733	17.1784
MGG_16455T0	2488	2489	1216	35.1561
MGG_02412T0	1273	1274	1561.79	88.2157
MGG_16697T0	354	355	0	0
MGG_03122T0	2211	2212	14048	457.006
MGG_01885T0	2572	2573	132	3.6917
MGG_02602T0	1882	1883	15764	602.432
MGG_04659T0	3096	3097	4548	105.675
MGG_06623T0	2226	2227	37	1.19557
MGG_15366T0	393	394	6	1.09584
MGG_12445T0	456	457	0	0
MGG_16777T0	171	172	0	0
MGG_16097T0	1713	1714	10.8909	0.45724
MGG_08617T0	1883	1884	4.4484	0.169908
MGG_04251T0	2367	2368	988	30.0239
MGG_15579T0	968	969	26	1.93082
MGG_06919T0	771	772	10308	960.836
MGG_04528T0	5675	5676	2926	37.0957
MGG_02570T0	1436	1437	63	3.15483
MGG_04715T0	267	268	365	98.0054
MGG_15922T0	366	367	1.00252	0.196571
MGG_06883T0	1843	1844	2484.71	96.9633
MGG_07485T0	1993	1994	57	2.05704
MGG_03274T0	2973	2974	330	7.98482
MGG_10440T0	767	768	207	19.3955
MGG_17216T0	540	541	0	0
MGG_06705T0	920	921	1033	80.711
MGG_07543T0	1870	1871	430	16.5381
MGG_15483T0	483	484	0	0
MGG_02220T0	333	334	0	0
MGG_12537T0	1646	1647	195	8.51987
MGG_10830T0	1254	1255	271.85	15.5875
MGG_17529T0	285	286	0	0
MGG_16804T0	727	728	663	65.5351
MGG_02091T0	750	751	38	3.64113
MGG_02793T0	2975	2976	25	0.604504
MGG_07393T0	3680	3681	2235	43.6922
MGG_16090T0	429	430	0	0
MGG_00416T0	1479	1480	5	0.243109
MGG_03095T0	2390	2391	92	2.76886
MGG_16650T0	342	343	26	5.45471
MGG_01509T0	366	367	504	98.8227
MGG_00520T0	1008	1009	1053.11	75.1058
MGG_13239T0	4493	4494	2366	37.8856
MGG_12110T0	1540	1541	1035	48.3315
MGG_04638T0	1466	1467	486.36	23.8572
MGG_06743T0	2312	2313	2226	69.2535
MGG_14773T0	3304	3305	7560	164.605
MGG_02496T0	1161	1162	1386	85.832
MGG_03805T0	351	352	0	0
MGG_07338T1	4522	4523	2626.4	41.7855
MGG_07338T0	4002	4003	1402.6	25.214
MGG_06877T0	2256	2257	824	26.2717
MGG_14913T0	1230	1231	443	25.8963
MGG_01116T0	1215	1216	1557.47	92.1675
MGG_16812T0	2595	2596	3	0.0831589
MGG_10424T0	429	430	72	12.0491
MGG_09178T0	1572	1573	33	1.50965
MGG_00701T0	1128	1129	17	1.08355
MGG_00168T0	2312	2313	21526	669.699
MGG_07872T0	477	478	0	0
MGG_10083T0	1549	1550	1	0.0464259
MGG_08352T0	999	1000	2	0.14392
MGG_09642T0	2045	2046	8	0.281369
MGG_02212T0	498	499	0	0
MGG_06662T0	5427	5428	253	3.35408
MGG_17810T0	7805	7806	59	0.543896
MGG_01101T0	2559	2560	5206	146.338
MGG_01726T0	6571	6572	2311	25.3043
MGG_07950T0	699	700	0	0
MGG_08269T0	1852	1853	2749.94	106.792
MGG_02669T0	1007	1008	4809	343.31
MGG_01706T0	620	621	8154	944.868
MGG_03256T0	2504	2505	998	28.6692
MGG_04263T0	510	511	2	0.281644
MGG_09798T0	2441	2442	377	11.1093
MGG_08784T0	3213	3214	204.037	4.56832
MGG_15380T0	1284	1285	8	0.448001
MGG_01001T0	2926	2927	266	6.5396
MGG_02822T0	864	865	2791.9	232.261
MGG_05596T0	3047	3048	329	7.76735
MGG_16456T0	2042	2043	59.5127	2.0962
MGG_06278T0	1507	1508	120	5.72627
MGG_02809T0	4761	4762	4107	62.0622
MGG_02876T0	1788	1789	63639	2559.79
MGG_08020T0	1335	1336	116	6.24804
MGG_06202T0	3818	3819	351	6.61378
MGG_15318T0	1392	1393	0	0
MGG_05878T0	1857	1858	7	0.271109
MGG_03143T0	2601	2602	103	2.84854
MGG_01443T0	2077	2078	485	16.7953
MGG_07771T0	2725	2726	1990	52.5314
MGG_01267T0	829	830	3490	302.579
MGG_09719T0	3434	3435	333.975	6.99647
MGG_17291T0	387	388	0	0
MGG_03792T0	831	832	3	0.259472
MGG_00768T0	2118	2119	222	7.53901
MGG_17085T0	288	289	11	2.73897
MGG_04435T0	2282	2283	1200.47	37.8389
MGG_06787T0	3148	3149	328	7.49537
MGG_02541T0	2208	2209	1041	33.9115
MGG_12839T0	5497	5498	6733	88.1244
MGG_16975T0	402	403	0	0
MGG_16231T0	1774	1775	24	0.972982
MGG_14588T0	1830	1831	2	0.078602
MGG_05642T0	3273	3274	1890	41.5408
MGG_03429T0	969	970	0	0
MGG_17439T0	1098	1099	629.333	41.2074
MGG_13880T0	1197	1198	1	0.0600669
MGG_02826T0	1847	1848	104	4.04971
MGG_16871T0	384	385	2659	496.992
MGG_13283T0	867	868	0	0
MGG_01772T0	1040	1041	452.695	31.293
MGG_17972T0	553	554	11	1.42881
MGG_05759T0	1723	1724	216	9.01589
MGG_17364T0	219	220	5	1.63546
MGG_09515T0	2845	2846	1382	34.9434
MGG_07544T0	525	526	0	0
MGG_08775T0	1557	1558	675	31.1766
MGG_12385T0	2659	2660	1017	27.5126
MGG_12077T0	2511	2512	312	8.93773
MGG_16505T0	420	421	106	18.1182
MGG_15773T0	2433	2434	13358	394.924
MGG_17509T0	1080	1081	9	0.599113
MGG_00375T0	1275	1276	53	2.98894
MGG_03283T0	3400	3401	3396.54	71.8658
MGG_06651T0	2418	2419	2591.53	77.0924
MGG_14875T0	887	888	99	8.02259
MGG_07776T0	459	460	4	0.625741
MGG_04751T0	2197	2198	117.007	3.8307
MGG_05447T0	847	848	1870.5	158.728
MGG_13814T0	693	694	17	1.76271
MGG_16940T0	366	367	4.03214	0.790608
MGG_03611T0	1974	1975	43.7883	1.59545
MGG_10330T0	3536	3537	117	2.38036
MGG_03163T0	1016	1017	402	28.4444
MGG_16723T0	243	244	1	0.294919
MGG_12305T0	915	916	958.494	75.2985
MGG_08551T0	3203	3204	20.7479	0.465987
MGG_10651T0	1133	1134	3436.53	218.072
MGG_00984T0	3505	3506	14072.8	288.841
MGG_10728T0	2212	2213	0	0
MGG_06643T0	3113	3114	16220	374.821
MGG_18124T0	360	361	0	0
MGG_15586T0	195	196	0	0
MGG_10052T0	887	888	617	49.9993
MGG_06706T0	3153	3154	4000	91.2621
MGG_01432T0	2118	2119	1278.89	43.4303
MGG_16340T0	783	784	56	5.14001
MGG_15066T0	336	337	4	0.854127
MGG_00384T0	4132	4133	2884	50.2137
MGG_02479T0	878	879	3191	261.234
MGG_15278T0	1323	1324	0	0
MGG_04473T0	2193	2194	539	17.6785
MGG_17939T0	180	181	441	175.328
MGG_17180T0	816	817	198	17.4395
MGG_00845T0	4639	4640	1280	19.8511
MGG_07159T0	651	652	14	1.54516
MGG_03552T0	2628	2629	388	10.6202
MGG_08839T0	3188	3189	675	15.2315
MGG_10804T0	501	502	0	0
MGG_14299T0	1429	1430	6	0.301931
MGG_13924T0	2250	2251	41	1.31069
MGG_07383T0	1311	1312	914	50.1308
MGG_18003T0	739	740	11059	1075.42
MGG_16580T0	252	253	0	0
MGG_06161T0	1099	1100	42	2.74757
MGG_02478T0	3509	3510	2287	46.8869
MGG_17353T0	231	232	2	0.620346
MGG_02767T0	5837	5838	9829	121.154
MGG_05401T0	3712	3713	8	0.155045
MGG_09291T0	3174	3175	6179	140.045
MGG_16862T0	1419	1420	3130	158.616
MGG_10846T0	944	945	8	0.609187
MGG_04897T0	2878	2879	1657	41.4165
MGG_05160T0	4165	4166	8757	151.261
MGG_07331T0	2459	2460	3397	99.3694
MGG_14810T0	309	310	20	4.64259
MGG_06859T0	1027	1028	563.998	39.48
MGG_17675T0	168	169	0	0
MGG_11211T0	4315	4316	2593	43.2328
MGG_10439T0	2857	2858	20	0.50357
MGG_17817T0	1773	1774	663.555	26.9163
MGG_16331T0	1844	1845	11.7457	0.458116
MGG_13902T0	2409	2410	0	0
MGG_18019T0	312	313	2	0.459809
MGG_06578T0	1200	1201	1054	63.1524
MGG_16391T0	680	681	8	0.845347
MGG_08187T0	1410	1411	154	7.85391
MGG_04588T0	2791	2792	1846.81	47.5991
MGG_17547T0	507	508	1.51365	0.214414
MGG_05518T0	523	524	20	2.74657
MGG_01746T0	1764	1765	4996	203.69
MGG_12388T0	2587	2588	2025	56.3058
MGG_09511T0	1697	1698	7064.4	299.385
MGG_04667T0	3012	3013	18201	434.699
MGG_15863T0	183	184	1	0.391088
MGG_01103T0	2371	2372	1794	54.4252
MGG_09200T0	2640	2641	3945.71	107.51
MGG_05127T0	597	598	0	0
MGG_05137T0	2024	2025	916	32.5509
MGG_17399T0	2220	2221	914	29.6135
MGG_01843T0	603	604	640	76.2492
MGG_09668T0	2018	2019	0	0
MGG_06642T0	2869	2870	2607	65.3659
MGG_01147T0	2482	2483	61	1.76785
MGG_00490T0	1940	1941	2844	105.438
MGG_00981T0	1296	1297	1154	64.0262
MGG_00841T0	3144	3145	1721	39.3779
MGG_05169T0	3361	3362	384.598	8.23193
MGG_17846T0	4302	4303	102.888	1.72062
MGG_17548T0	399	400	0	0
MGG_14303T0	1641	1642	414	18.1434
MGG_00225T0	537	538	0	0
MGG_05598T0	5224	5225	9136	125.824
MGG_05411T0	2283	2284	0	0
MGG_13815T0	1037	1038	95164	6597.32
MGG_17247T0	3737	3738	3622	69.727
MGG_07547T0	2377	2378	1	0.0302608
MGG_13485T0	2699	2700	526	14.0189
MGG_01151T0	1262	1263	345	19.6566
MGG_03819T0	1488	1489	0	0
MGG_03837T0	4346	4347	4453	73.7149
MGG_12613T0	7425	7426	336	3.25594
MGG_10048T0	3073	3074	12	0.280911
MGG_07855T0	1713	1714	6	0.251903
MGG_17061T0	1370	1371	428.041	22.4668
MGG_00775T0	2953	2954	5353	130.4
MGG_01754T0	1999	2000	829	29.8275
MGG_17384T0	1291	1292	182	10.1368
MGG_04227T0	3861	3862	1944	36.2223
MGG_07809T0	1347	1348	0	0
MGG_05088T0	2742	2743	2694	70.6747
MGG_08627T0	1887	1888	5070.79	193.271
MGG_06395T0	4668	4669	3981	61.3565
MGG_12670T0	1883	1884	988.206	37.7449
MGG_03731T0	1563	1564	512	23.5573
MGG_01330T0	2398	2399	12	0.359951
MGG_17191T0	465	466	17	2.62516
MGG_02080T0	1071	1072	0	0
MGG_16423T0	868	869	74	6.12779
MGG_16202T0	3026	3027	530	12.5996
MGG_00464T0	2039	2040	148.067	5.22299
MGG_00795T0	4312	4313	3	0.0500534
MGG_03629T0	4695	4696	47207	723.387
MGG_04092T0	1434	1435	508	25.4744
MGG_07118T0	2563	2564	13	0.364853
MGG_03863T0	761	762	601	56.756
MGG_01066T0	934	935	8474	652.182
MGG_04500T0	1376	1377	5554	290.245
MGG_08842T0	1842	1843	3272	127.756
MGG_01694T0	1766	1767	322.788	13.1454
MGG_06083T0	1169	1170	1629	100.191
MGG_00619T0	648	649	35	3.88075
MGG_15667T0	1504	1505	33	1.57786
MGG_03724T0	4334	4335	11463	190.284
MGG_17681T0	225	226	113	35.9801
MGG_12100T0	1919	1920	495	18.5522
MGG_09869T0	3538	3539	3640	74.0138
MGG_16654T0	395	396	1	0.181718
MGG_03553T0	942	943	223	17.0171
MGG_02730T0	2013	2014	358	12.7913
MGG_01365T0	1713	1714	38	1.59538
MGG_09618T0	1443	1444	18384	916.147
MGG_16659T0	231	232	0	0
MGG_12849T0	3193	3194	808	18.2041
MGG_09420T0	903	904	0	0
MGG_00320T0	3945	3946	395	7.20331
MGG_03251T0	1038	1039	6202	429.545
MGG_11680T0	2657	2658	109	2.95096
MGG_17116T0	210	211	0	0
MGG_05215T0	1886	1887	4	0.152539
MGG_06962T0	1388	1389	10668	552.679
MGG_17315T0	189	190	2	0.757475
MGG_07501T0	3850	3851	1340	25.0394
MGG_15024T0	1489	1490	479	23.1335
MGG_00652T0	2493	2494	893	25.766
MGG_03181T0	2324	2325	1371	42.4333
MGG_04208T0	891	892	0	0
MGG_17407T0	330	331	3.01414	0.655281
MGG_09184T0	2711	2712	2304	61.1343
MGG_17435T0	400	401	21	3.76849
MGG_01876T0	1152	1153	58	3.61985
MGG_01257T0	1520	1521	27.0876	1.28154
MGG_17592T0	351	352	0	0
MGG_10026T0	1011	1012	0	0
MGG_03066T0	2240	2241	507	16.2801
MGG_06164T0	4818	4819	87	1.29914
MGG_08555T0	3020	3021	1861	44.329
MGG_17981T0	180	181	6	2.38542
MGG_02729T0	4556	4557	353	5.57427
MGG_07162T0	2292	2293	1725	54.1349
MGG_15131T0	1347	1348	20	1.06766
MGG_14136T0	1662	1663	62	2.68282
MGG_14652T0	896	897	315	25.2703
MGG_09032T0	1844	1845	544	21.2175
MGG_07412T0	900	901	250	19.9667
MGG_01087T0	2980	2981	405.266	9.78297
MGG_09822T0	714	715	5	0.503218
MGG_13350T0	2573	2574	319	8.91814
MGG_03431T0	1299	1300	2	0.110708
MGG_01229T0	810	811	239	21.2065
MGG_00101T0	1554	1555	173.056	8.00844
MGG_02473T0	2079	2080	1806	62.4808
MGG_02259T0	3691	3692	78	1.52029
MGG_02542T0	2656	2657	294	7.96247
MGG_10549T0	333	334	2	0.430899
MGG_01186T0	1821	1822	0	0
MGG_14965T0	627	628	1.33333	0.152782
MGG_01639T0	3252	3253	3778	83.5738
MGG_05323T0	2610	2611	1288.75	35.5183
MGG_09878T0	1852	1853	13752	534.051
MGG_00193T0	3485	3486	650.964	13.4376
MGG_05317T0	1272	1273	377	21.3111
MGG_16467T0	1172	1173	23	1.41098
MGG_11683T0	1104	1105	30	1.95367
MGG_04436T0	1285	1286	5591.53	312.883
MGG_13743T0	1171	1172	2730	167.621
MGG_02853T0	1522	1523	19007	898.061
MGG_11715T0	4417	4418	6328	103.07
MGG_01128T0	6009	6010	681	8.15389
MGG_03652T0	2854	2855	736.705	18.5686
MGG_17841T0	3915	3916	10926	200.775
MGG_05141T0	825	826	41	3.57187
MGG_01025T0	1415	1416	81	4.11637
MGG_02898T0	1344	1345	219	11.7169
MGG_03800T0	675	676	0	0
MGG_08858T0	2128	2129	5397	182.418
MGG_03149T0	1673	1674	7860	337.877
MGG_08368T0	1761	1762	2334	95.3207
MGG_16489T0	627	628	1.33333	0.152782
MGG_12267T0	1348	1349	3185	169.899
MGG_14629T0	267	268	36	9.66629
MGG_12423T0	1308	1309	180	9.89521
MGG_06325T0	3373	3374	2284.2	48.717
MGG_14922T0	264	265	0	0
MGG_17784T0	333	334	84	18.0978
MGG_03760T0	858	859	2	0.167544
MGG_15828T0	1177	1178	113.74	6.94799
MGG_03565T0	2303	2304	8461	264.26
MGG_02421T0	1773	1774	145	5.88175
MGG_09543T0	2223	2224	68	2.20022
MGG_17883T0	183	184	0	0
MGG_15179T0	1119	1120	0	0
MGG_08331T0	711	712	0	0
MGG_01358T0	920	921	48.787	3.81186
MGG_05315T0	6151	6152	10688.4	125.022
MGG_11575T0	967	968	370	27.5054
MGG_17064T0	249	250	35	10.0744
MGG_12154T0	5580	5581	3775	48.674
MGG_04552T0	3410	3411	340	7.17281
MGG_03239T0	1485	1486	2504	121.257
MGG_04991T0	2290	2291	2134	67.0288
MGG_14071T0	1373	1374	528.765	27.6929
MGG_08900T0	1611	1612	193	8.61558
MGG_13442T0	1707	1708	76	3.20197
MGG_16424T0	2281	2282	1283	40.4579
MGG_06682T0	2037	2038	19	0.670875
MGG_09559T0	3473	3474	2989	61.9139
MGG_04981T0	1176	1177	319.452	19.5308
MGG_05336T0	2419	2420	3429	101.963
MGG_05943T0	438	439	0	0
MGG_00157T0	2492	2493	5603	161.73
MGG_01366T0	270	271	99	26.288
MGG_03970T0	1716	1717	2835	118.816
MGG_18063T0	1711	1712	12	0.504394
MGG_12015T0	423	424	9454	1604.51
MGG_08007T0	1596	1597	50	2.25298
MGG_08447T0	780	781	5	0.460692
MGG_15233T0	1413	1414	53.6151	2.72854
MGG_15592T0	210	211	23	7.844
MGG_00873T0	186	187	1	0.384814
MGG_02961T0	7269	7270	11153	110.395
MGG_05316T0	2254	2255	71	2.26571
MGG_09313T0	2517	2518	419	11.9743
MGG_00220T0	1571	1572	233	10.6659
MGG_05879T0	1472	1473	6	0.293117
MGG_01329T0	2739	2740	1337	35.1134
MGG_14892T0	1344	1345	28	1.49806
MGG_00528T0	3218	3219	6371	142.423
MGG_14003T0	5757	5758	4979	62.2247
MGG_08089T0	2196	2197	387	12.6757
MGG_13486T0	2634	2635	2310.69	63.1035
MGG_00772T0	3954	3955	1704	31.0038
MGG_01855T0	876	877	554	45.4572
MGG_12176T0	423	424	0	0
MGG_17181T0	444	445	10	1.61708
MGG_00272T0	1281	1282	852	47.8238
MGG_06140T0	3407	3408	3549	74.9374
MGG_16194T0	887	888	6	0.486217
MGG_15901T0	2868	2869	461	11.5628
MGG_15738T0	228	229	173	54.3629
MGG_05948T0	1706	1707	5126	216.091
MGG_00110T0	1685	1686	74	3.15839
MGG_16069T0	1498	1499	40.7527	1.95635
MGG_02330T0	1839	1840	10	0.391088
MGG_01812T0	2795	2796	22	0.56621
MGG_01747T0	2607	2608	86.2815	2.38069
MGG_04247T0	705	706	0	0
MGG_10193T0	1821	1822	5250	207.35
MGG_02926T0	738	739	1806	175.859
MGG_15985T0	345	346	0	0
MGG_13817T0	3738	3739	2254.28	43.3856
MGG_01042T0	1689	1690	995	42.3671
MGG_02859T0	2681	2682	4442	119.182
MGG_03913T0	576	577	93	11.5984
MGG_08863T0	3381	3382	280	5.95767
MGG_03351T0	3207	3208	66	1.48048
MGG_13255T0	1008	1009	51	3.63723
MGG_09971T0	2546	2547	3841	108.519
MGG_15749T0	4032	4033	26935	480.597
MGG_02812T0	1206	1207	718	42.8065
MGG_16557T0	1188	1189	0	0
MGG_16081T0	855	856	21	1.76538
MGG_16279T0	495	496	0	0
MGG_15736T0	937	938	2376	182.279
MGG_15707T0	546	547	0	0
MGG_17928T0	1263	1264	16890.8	961.604
MGG_08641T0	1482	1483	989.775	48.0272
MGG_05091T0	1814	1815	147	5.82818
MGG_09234T0	1218	1219	4	0.236128
MGG_03220T0	3779	3780	1140.5	21.7117
MGG_08415T0	2981	2982	0	0
MGG_17456T0	616	617	121	14.1121
MGG_15570T0	324	325	0	0
MGG_07160T0	2137	2138	2272	76.4703
MGG_05651T0	1354	1355	1837	97.5578
MGG_01973T0	3486	3487	542.161	11.1884
MGG_03946T0	1042	1043	4	0.275974
MGG_03175T0	1662	1663	604	26.1359
MGG_15786T0	174	175	0	0
MGG_07559T0	1728	1729	10	0.416195
MGG_07208T0	1458	1459	46	2.26879
MGG_08010T0	2519	2520	1315	37.5506
MGG_00827T0	941	942	0	0
MGG_08201T0	826	827	1529.26	133.066
MGG_15950T0	2636	2637	762	20.7939
MGG_11104T0	755	756	18	1.71334
MGG_14559T0	360	361	59	11.7608
MGG_07999T0	3886	3887	2633	48.7448
MGG_09122T0	1533	1534	0	0
MGG_15251T0	1046	1047	103.514	7.11448
MGG_02341T0	258	259	0	0
MGG_11709T0	3750	3751	3316.28	63.6204
MGG_07250T0	5399	5400	13	0.173237
MGG_16096T0	1982	1983	227	8.2375
MGG_11651T0	1689	1690	207	8.81405
MGG_13542T0	3561	3562	271.874	5.49245
MGG_01409T0	3730	3731	1733	33.4245
MGG_02544T0	1601	1602	12	0.539027
MGG_17454T0	279	280	5	1.285
MGG_16411T0	636	637	2	0.225935
MGG_07176T0	1576	1577	21918	1000.14
MGG_16595T0	2541	2542	1052	29.7805
MGG_03865T0	222	223	1777	573.422
MGG_17485T0	246	247	0	0
MGG_03108T0	402	403	5	0.892806
MGG_03352T0	1623	1624	108	4.78553
MGG_09086T0	384	385	0	0
MGG_16996T0	984	985	8.01568	0.585594
MGG_07916T0	1869	1870	1285	49.4486
MGG_06371T0	1595	1596	15513	699.447
MGG_08676T0	1109	1110	218	14.1327
MGG_00105T0	6562	6563	3590.4	39.367
MGG_15136T0	1602	1603	2607	117.031
MGG_04331T0	1423	1424	3533	178.536
MGG_10428T0	2247	2248	1337	42.7984
MGG_11360T0	2002	2003	203	7.29302
MGG_17467T0	186	187	2	0.769627
MGG_05299T0	2893	2894	8384.62	208.486
MGG_17423T0	462	463	0	0
MGG_14338T0	718	719	43	4.3036
MGG_03853T0	1372	1373	344.489	18.055
MGG_16616T0	414	415	1	0.173398
MGG_06925T0	4611	4612	2217	34.5914
MGG_17937T0	744	745	20	1.93182
MGG_05764T0	507	508	49	6.94104
MGG_16403T0	1560	1561	0	0
MGG_16350T0	282	283	4.3463	1.10516
MGG_16195T0	3120	3121	959	22.1114
MGG_06192T0	1036	1037	12796	887.948
MGG_06907T0	915	916	5879.22	461.867
MGG_09762T0	2334	2335	3	0.0924542
MGG_03275T0	7701	7702	7565	70.6802
MGG_02653T0	3623	3624	582	11.5565
MGG_08739T0	540	541	0	0
MGG_01637T0	1404	1405	326	16.6968
MGG_12049T0	429	430	2931	490.501
MGG_15610T0	207	208	0	0
MGG_07490T0	636	637	456	51.5131
MGG_02310T0	1383	1384	1	0.0519943
MGG_02701T0	5485	5486	520	6.82087
MGG_14847T0	3965	3966	6688	121.349
MGG_04611T0	2594	2595	76	2.1075
MGG_10484T0	1156	1157	70	4.35368
MGG_02839T0	2503	2504	195	5.60393
MGG_12775T0	1360	1361	229	12.1079
MGG_02287T0	1338	1339	0	0
MGG_05040T0	2926	2927	535	13.153
MGG_05465T0	576	577	0	0
MGG_00172T0	2308	2309	1914	59.65
MGG_14057T0	1314	1315	12	0.656671
MGG_02974T0	2120	2121	386	13.096
MGG_02998T0	1845	1846	527	20.5433
MGG_15330T0	930	931	105	8.11581
MGG_12981T0	925	926	0	0
MGG_07949T0	2258	2259	39	1.24234
MGG_04099T0	1987	1988	0	0
MGG_07845T0	1747	1748	8	0.329337
MGG_08581T0	2021	2022	123	4.3774
MGG_04348T0	972	973	0	0
MGG_09990T0	2808	2809	24	0.614825
MGG_03461T0	898	899	0	0
MGG_06504T0	2267	2268	5935	188.308
MGG_06906T0	2819	2820	2912	74.3078
MGG_07390T0	1255	1256	102	5.8439
MGG_09954T0	4910	4911	68	0.996394
MGG_01511T0	1773	1774	160	6.49021
MGG_17356T0	886	887	13	1.05466
MGG_17187T0	450	451	27	4.30804
MGG_08696T0	1215	1216	0	0
MGG_11889T0	2431	2432	1804.12	53.3818
MGG_06603T0	2020	2021	4557	162.258
MGG_12313T0	2076	2077	18.738	0.6492
MGG_03627T0	1552	1553	6823	316.152
MGG_01833T0	4200	4201	442	7.57115
MGG_00667T0	3832	3833	2532	47.5354
MGG_02504T0	2240	2241	483	15.5095
MGG_05478T0	1471	1472	1850	90.4391
MGG_00357T0	1978	1979	1110	40.3617
MGG_03736T0	4716	4717	896	13.6689
MGG_17217T0	735	736	0	0
MGG_16177T0	1416	1417	0	0
MGG_14735T0	1561	1562	947	43.6276
MGG_07690T0	2196	2197	0	0
MGG_06837T0	264	265	4344	1179.6
MGG_07100T0	1345	1346	37	1.9781
MGG_06153T0	1442	1443	7664	382.192
MGG_17838T0	231	232	0	0
MGG_11817T0	1980	1981	1000	36.3252
MGG_07217T0	666	667	18	1.94195
MGG_09500T0	306	307	10	2.34398
MGG_05012T0	1875	1876	0	0
MGG_04040T0	4203	4204	341	5.83692
MGG_04770T0	1074	1075	23	1.53961
MGG_17341T0	2495	2496	1120	32.2898
MGG_00683T0	4216	4217	2614.39	44.6127
MGG_06679T0	3777	3778	61	1.16188
MGG_15734T0	657	658	16	1.74979
MGG_04015T0	2437	2438	98	2.89257
MGG_09641T0	1346	1347	188	10.0434
MGG_08699T0	657	658	24	2.62469
MGG_10479T0	1941	1942	0	0
MGG_00380T0	459	460	0	0
MGG_03194T0	1158	1159	560	34.7694
MGG_16870T0	813	814	50	4.42016
MGG_12962T0	2832	2833	2105	53.4685
MGG_15627T0	1253	1254	315.94	18.13
MGG_08268T0	2211	2212	338.478	11.0113
MGG_13497T0	2244	2245	450	14.4241
MGG_04242T0	1452	1453	2451.14	121.393
MGG_15140T0	4384	4385	7218	118.451
MGG_07419T0	2473	2474	22.3138	0.649032
MGG_02061T0	2507	2508	142	4.0743
MGG_04135T0	722	723	11527	1147.28
MGG_14167T0	2313	2314	83	2.58111
MGG_01970T0	3030	3031	1145.83	27.2036
MGG_07616T0	3620	3621	5396.81	107.251
MGG_02252T0	1299	1300	46387	2567.7
MGG_08986T0	2082	2083	0	0
MGG_13615T0	1065	1066	2	0.13501
MGG_05787T0	1548	1549	132	6.13218
MGG_11480T0	2023	2024	1301	46.255
MGG_11327T0	1623	1624	96	4.2538
MGG_12816T0	1646	1647	683	29.8414
MGG_08080T0	1240	1241	4392.04	254.675
MGG_02597T0	2508	2509	829	23.7764
MGG_01065T0	1067	1068	1725	116.228
MGG_04906T0	3576	3577	4245	85.3986
MGG_01045T0	3889	3890	3093	57.2167
MGG_06471T0	699	700	580.392	59.6644
MGG_05983T0	2274	2275	475	15.0246
MGG_13133T0	399	400	0	0
MGG_00255T0	1639	1640	5255	230.58
MGG_14730T0	768	769	861	80.5692
MGG_05795T0	384	385	0	0
MGG_02086T0	1165	1166	4063	250.75
MGG_10634T0	2822	2823	172.711	4.40252
MGG_04507T0	928	929	1799.62	139.398
MGG_10131T0	3320	3321	2640	57.2041
MGG_16571T0	753	754	2605.77	248.69
MGG_12381T0	291	292	113	27.8476
MGG_03994T0	3699	3700	1969	38.2945
MGG_04400T0	1950	1951	3912	144.289
MGG_15034T0	945	946	128	9.73668
MGG_17729T0	804	805	108	9.65428
MGG_11966T0	597	598	0	0
MGG_00140T0	2239	2240	3038.47	97.611
MGG_10737T0	2048	2049	722	25.3564
MGG_00590T0	3789	3790	2433	46.195
MGG_06436T0	828	829	2	0.173607
MGG_17317T0	3866	3867	1457.85	27.1288
MGG_15448T0	165	166	1	0.433495
MGG_15958T0	201	202	20	7.12477
MGG_01109T0	817	818	255.08	22.4396
MGG_14634T0	687	688	20	2.09187
MGG_12123T0	3215	3216	3644	81.5369
MGG_04460T0	1066	1067	549	37.0254
MGG_15152T0	792	793	0	0
MGG_04676T0	2107	2108	2078	70.9361
MGG_14751T0	2063	2064	2768	96.5047
MGG_07417T0	1495	1496	1	0.0481017
MGG_09080T0	2962	2963	1712.39	41.5875
MGG_16591T0	1140	1141	55.8858	3.52458
MGG_15575T0	557	558	0	0
MGG_10363T0	1455	1456	4	0.197693
MGG_10674T0	2812	2813	575.966	14.7339
MGG_11335T0	2508	2509	8	0.229447
MGG_16678T0	198	199	67	24.2278
MGG_00735T0	2236	2237	391	12.5777
MGG_16368T0	337	338	1	0.2129
MGG_02309T0	2096	2097	0	0
MGG_03054T0	3420	3421	160.12	3.36809
MGG_07102T0	969	970	2035	150.968
MGG_11096T0	606	607	10	1.18551
MGG_11719T0	1120	1121	263	16.8827
MGG_08975T0	4357	4358	5328	87.977
MGG_15877T0	297	298	8	1.93182
MGG_17398T0	1394	1395	128	6.6028
MGG_08767T0	2318	2319	349	10.8297
MGG_00618T0	1408	1409	50	2.55359
MGG_17620T0	2509	2510	200.897	5.7596
MGG_04896T0	747	748	210	20.2027
MGG_02166T0	315	316	0	0
MGG_04329T0	1548	1549	114	5.29597
MGG_06718T0	1136	1137	1830	115.82
MGG_07421T0	1023	1024	0	0
MGG_17122T0	2709	2710	917	24.3496
MGG_03908T0	1090	1091	1455	95.9689
MGG_15765T0	588	589	69	8.42997
MGG_09640T0	1599	1600	0	0
MGG_16982T0	1225	1226	284	16.6694
MGG_00831T0	2208	2209	1	0.0325759
MGG_15974T0	1317	1318	0	0
MGG_05660T0	1493	1494	11	0.529827
MGG_16686T0	294	295	0	0
MGG_02638T0	1592	1593	451	20.3729
MGG_00718T0	1911	1912	306	11.5166
MGG_03041T0	3393	3394	873	18.5095
MGG_03856T0	1556	1557	148.106	6.84505
MGG_02390T0	2784	2785	548	14.1595
MGG_08206T0	1599	1600	262	11.7835
MGG_01566T0	1669	1670	1259.07	54.2533
MGG_10345T0	1557	1558	0	0
MGG_15044T0	159	160	0	0
MGG_05052T0	1985	1986	640	23.1896
MGG_12963T0	1677	1678	52	2.22999
MGG_17170T0	1293	1294	282	15.6822
MGG_13500T0	3449	3450	1655	34.52
MGG_11214T0	1011	1012	1	0.0711069
MGG_04601T0	3393	3394	1296.42	27.4869
MGG_16013T0	471	472	5	0.76229
MGG_13246T0	2475	2476	1068	31.0394
MGG_01302T0	1753	1754	2311	94.8118
MGG_04976T0	1821	1822	4184	165.248
MGG_10275T0	1992	1993	0	0
MGG_01429T0	1601	1602	146	6.55817
MGG_05156T0	1957	1958	1505	55.3116
MGG_15727T0	613	614	522	61.1779
MGG_06036T0	1802	1803	36	1.43681
MGG_12069T0	513	514	0	0
MGG_15619T0	414	415	0	0
MGG_09864T0	1131	1132	3649	231.963
MGG_12647T0	2535	2536	205	5.81697
MGG_04310T0	1097	1098	2210.65	144.88
MGG_14666T0	870	871	2885	238.353
MGG_08575T0	805	806	8169	729.333
MGG_12759T0	649	650	3.75079	0.415243
MGG_10057T0	1978	1979	2481	90.2138
MGG_07998T0	3049	3050	189	4.45917
MGG_00595T0	2653	2654	1599	43.355
MGG_07992T0	1317	1318	0	0
MGG_09119T0	2737	2738	219	5.75576
MGG_08859T0	2298	2299	1211.88	37.9327
MGG_11412T0	1945	1946	10836	400.699
MGG_10815T0	738	739	0	0
MGG_00129T0	1674	1675	344.846	14.815
MGG_07149T0	2926	2927	1285	31.5917
MGG_11885T0	2127	2128	940	31.7869
MGG_02928T0	4728	4729	2775	42.2266
MGG_06452T0	1850	1851	85	3.30449
MGG_00211T0	2279	2280	42.4088	1.33848
MGG_09294T0	1063	1064	1712.94	115.849
MGG_10208T0	1137	1138	112	7.08219
MGG_00964T0	1554	1555	457	21.1484
MGG_16321T0	597	598	0	0
MGG_02183T0	6555	6556	2023	22.2049
MGG_03828T0	1557	1558	1	0.0461875
MGG_05233T0	4427	4428	4711.88	76.5735
MGG_01355T0	2121	2122	217	7.35879
MGG_17168T0	304	305	26	6.13431
MGG_12329T0	2062	2063	475.133	16.5733
MGG_07500T0	1884	1885	144	5.49722
MGG_10652T0	2551	2552	621.471	17.524
MGG_02688T0	2220	2221	73	2.36519
MGG_09528T0	2162	2163	110	3.65956
MGG_17438T0	186	187	1	0.384814
MGG_14555T0	231	232	0	0
MGG_07608T0	375	376	527	100.859
MGG_17034T0	156	157	4	1.83338
MGG_00019T0	393	394	1	0.18264
MGG_14856T0	432	433	76	12.6304
MGG_01659T0	1023	1024	3309	232.535
MGG_05189T0	2200	2201	6546	214.017
MGG_07130T0	1444	1445	3544	176.489
MGG_08390T0	1275	1276	0	0
MGG_16655T0	621	622	21.1566	2.44764
MGG_02799T0	1937	1938	2884	107.086
MGG_11537T0	1152	1153	10970	684.651
MGG_16850T0	276	277	10	2.59784
MGG_15755T0	1826	1827	173	6.81396
MGG_04426T0	752	753	478	45.6799
MGG_07718T0	2652	2653	534	14.4843
MGG_03758T0	1254	1255	685.785	39.3221
MGG_06345T0	2348	2349	566	17.3391
MGG_15959T0	282	283	0	0
MGG_03916T0	921	922	177	13.8145
MGG_10760T0	1248	1249	0	0
MGG_03615T0	1528	1529	1776	83.5849
MGG_06384T0	1359	1360	806.07	42.6507
MGG_05569T0	1826	1827	129.041	5.08254
MGG_06900T0	2311	2312	6	0.186748
MGG_11605T0	2775	2776	374	9.69492
MGG_11426T0	3426	3427	1492	31.329
MGG_06099T0	1964	1965	2792.22	102.254
MGG_06270T0	1660	1661	531.011	23.0052
MGG_09698T0	282	283	2070	526.352
MGG_00153T0	2048	2049	2256	79.2299
MGG_16066T0	231	232	0	0
MGG_05719T0	723	724	315	31.3086
MGG_05900T0	4527	4528	0	0
MGG_00617T0	3883	3884	74	1.37102
MGG_17890T0	375	376	165	31.5783
MGG_01013T0	1734	1735	967.107	40.1113
MGG_05568T0	1281	1282	2008.96	112.765
MGG_09125T0	2859	2860	11281	283.84
MGG_15789T0	2930	2931	103.861	2.54994
MGG_02608T0	2164	2165	4366.2	145.124
MGG_06473T0	2907	2908	147	3.6376
MGG_05828T0	1095	1096	0	0
MGG_00208T0	2551	2552	373	10.5177
MGG_02981T0	3127	3128	355.101	8.16916
MGG_08015T0	1724	1725	2360	98.4498
MGG_15653T0	236	237	8	2.42903
MGG_01085T0	1526	1527	258	12.1583
MGG_05306T0	3700	3701	1568	30.4873
MGG_16333T0	2417	2418	190	5.65444
MGG_12316T0	2414	2415	3348	99.7609
MGG_06389T0	2438	2439	2514	74.173
MGG_01553T0	2931	2932	759.536	18.6413
MGG_01003T0	2396	2397	5952	178.685
MGG_02660T0	957	958	3982	299.108
MGG_02560T0	483	484	0	0
MGG_02115T0	1212	1213	2	0.118648
MGG_07055T0	1170	1171	210	12.9049
MGG_07356T0	1833	1834	1	0.0392367
MGG_07195T0	1729	1730	1012	42.0946
MGG_15864T0	520	521	0	0
MGG_02590T0	378	379	0	0
MGG_01046T0	2592	2593	739	20.5085
MGG_08815T0	1333	1334	1495	80.645
MGG_13557T0	4275	4276	460	7.74127
MGG_10887T0	920	921	295	23.0491
MGG_03375T0	2242	2243	441	14.1482
MGG_07510T0	2149	2150	19	0.635927
MGG_08192T0	3613	3614	814	16.208
MGG_00569T0	3561	3562	368	7.4344
MGG_08186T0	6385	6386	1817	20.4747
MGG_09107T0	1992	1993	0	0
MGG_09709T0	1756	1757	43	1.76112
MGG_17193T0	341	342	0	0
MGG_06784T0	1540	1541	4	0.186788
MGG_09393T0	2384	2385	813	24.5298
MGG_03129T0	2075	2076	406	14.0731
MGG_05733T0	723	724	37	3.67752
MGG_05816T0	2592	2593	2	0.0555034
MGG_08060T0	1727	1728	21	0.874516
MGG_00627T0	898	899	0	0
MGG_03586T0	2299	2300	426	13.3283
MGG_16288T0	360	361	0	0
MGG_13365T0	616	617	3	0.349887
MGG_15480T0	1883	1884	1342.63	51.2823
MGG_05791T0	453	454	0	0
MGG_08133T0	3052	3053	950.034	22.3926
MGG_03708T0	996	997	1228	88.633
MGG_07555T0	339	340	0	0
MGG_02165T0	237	238	0	0
MGG_15634T0	977	978	1	0.0735789
MGG_18056T0	456	457	1	0.157462
MGG_12090T0	243	244	1	0.294919
MGG_08977T0	681	682	1	0.105513
MGG_00245T0	1414	1415	88	4.47526
MGG_05706T0	5415	5416	3482	46.2639
MGG_17309T0	291	292	45	11.0898
MGG_16334T0	4463	4464	5242	84.5016
MGG_01458T0	3529	3530	548.564	11.1827
MGG_02139T0	381	382	0	0
MGG_06043T0	4632	4633	9803	152.261
MGG_16960T0	162	163	0	0
MGG_16978T0	891	892	1	0.0806728
MGG_04181T0	1028	1029	2738.34	191.498
MGG_06736T0	4888	4889	1841.28	27.1014
MGG_04565T0	1179	1180	74	4.51276
MGG_08924T0	1622	1623	531	23.5433
MGG_10457T0	1389	1390	0	0
MGG_08511T0	1143	1144	0	0
MGG_05996T0	4569	4570	5444	85.7223
MGG_17862T0	318	319	80	18.0464
MGG_15265T0	291	292	5	1.23219
MGG_03487T0	4300	4301	3587.76	60.027
MGG_02838T0	4082	4083	1476	26.0135
MGG_08529T0	387	388	0	0
MGG_17411T0	186	187	0	0
MGG_16298T0	1241	1242	483	27.9845
MGG_07339T0	3969	3970	1084	19.6486
MGG_02667T0	4286	4287	7216	121.125
MGG_17536T0	1076	1077	1480.13	98.8952
MGG_03230T0	1611	1612	644	28.7484
MGG_09242T0	2233	2234	235.339	7.58057
MGG_14010T0	2302	2303	165	5.15563
MGG_01266T0	2271	2272	502	15.8996
MGG_04698T0	1949	1950	563	20.7762
MGG_16460T0	2503	2504	67	1.92545
MGG_06781T0	1993	1994	1414	51.0289
MGG_08096T0	1200	1201	4847	290.417
MGG_02503T0	2414	2415	25905	771.896
MGG_17590T0	378	379	0	0
MGG_00230T0	492	493	0	0
MGG_11289T0	3144	3145	1105	25.2833
MGG_02607T0	1525	1526	1174.8	55.3989
MGG_07766T0	786	787	0	0
MGG_10413T0	1704	1705	1245	52.5457
MGG_15147T0	603	604	1	0.119139
MGG_00133T0	1950	1951	1191	43.9285
MGG_02506T0	1886	1887	1450.03	55.2965
MGG_03053T0	3944	3945	1936	35.3143
MGG_03252T0	13423	13424	6273	33.6268
MGG_04593T0	3403	3404	137	2.89616
MGG_16378T0	294	295	0	0
MGG_00057T0	1139	1140	39.3621	2.48465
MGG_12763T0	1102	1103	0	0
MGG_01717T0	2720	2721	2685.34	71.017
MGG_05098T0	2244	2245	279.514	8.95942
MGG_09970T0	3317	3318	3693	80.0931
MGG_01064T0	948	949	3505	265.775
MGG_06975T0	2670	2671	0	0
MGG_06410T0	3366	3367	3214	68.6902
MGG_01503T0	3037	3038	1683	39.8647
MGG_06307T0	4258	4259	7174.68	121.224
MGG_02802T0	1707	1708	2044	86.1163
MGG_10560T0	1180	1181	11	0.670247
MGG_08557T0	5444	5445	2753	36.3832
MGG_14997T0	591	592	39	4.74062
MGG_03039T0	3578	3579	984	19.7845
MGG_16099T0	1415	1416	75	3.81145
MGG_01016T0	1315	1316	520	28.4341
MGG_05939T0	2178	2179	351	11.5916
MGG_00732T0	1041	1042	0	0
MGG_04842T0	2885	2886	1374	34.2596
MGG_16720T0	1144	1145	95	5.97049
MGG_13171T0	6925	6926	2800	29.0916
MGG_03362T0	1548	1549	219	10.1738
MGG_16208T0	659	660	12	1.30837
MGG_10307T0	4517	4518	521.961	8.3135
MGG_03851T0	1062	1063	752.755	50.958
MGG_11582T0	1338	1339	0	0
MGG_01492T0	2412	2413	2347.96	70.0205
MGG_15294T0	1404	1405	435	22.2795
MGG_03234T0	1446	1447	198	9.84666
MGG_06377T0	1209	1210	588.809	35.0172
MGG_14600T0	321	322	0	0
MGG_08700T0	924	925	3	0.233384
MGG_08302T0	1275	1276	366	20.6406
MGG_13405T0	2252	2253	8	0.255518
MGG_03089T0	1294	1295	1921	106.746
MGG_08987T0	2649	2650	0	0
MGG_17164T0	432	433	580	96.3901
MGG_16253T0	617	618	152	17.6989
MGG_06852T0	1339	1340	178	9.55889
MGG_15359T0	846	847	0	0
MGG_02492T0	1790	1791	414.044	16.6358
MGG_04521T0	1671	1672	896	38.5624
MGG_07224T0	2406	2407	633	18.9243
MGG_13511T0	2219	2220	1437.04	46.581
MGG_17469T0	627	628	154	17.6463
MGG_17159T0	306	307	0	0
MGG_08733T0	621	622	0	0
MGG_00817T0	1774	1775	227	9.20279
MGG_03131T0	3105	3106	1457.33	33.7635
MGG_04869T0	1011	1012	99	7.03958
MGG_10570T0	1284	1285	82.0251	4.59342
MGG_08956T0	1530	1531	0	0
MGG_16917T0	2845	2846	161.704	4.08864
MGG_11852T0	657	658	3	0.328086
MGG_09676T0	2115	2116	0	0
MGG_01023T0	2512	2513	7235	207.175
MGG_02697T0	3515	3516	266	5.44408
MGG_00067T0	2106	2107	918	31.3524
MGG_04213T0	3017	3018	16	0.381499
MGG_04211T0	952	953	1	0.0755091
MGG_03511T0	4267	4268	4816.35	81.2055
MGG_10828T0	2138	2139	3296.82	110.912
MGG_07131T0	4066	4067	281	4.97192
MGG_00973T0	1968	1969	120	4.38559
MGG_12902T0	811	812	0	0
MGG_01341T0	2064	2065	928	32.3385
MGG_15374T0	444	445	0	0
MGG_13803T0	2409	2410	430	12.8394
MGG_01479T0	982	983	56	4.09946
MGG_15377T0	356	357	3	0.604707
MGG_01430T0	2093	2094	155.98	5.36023
MGG_10171T0	1206	1207	7845	467.711
MGG_04245T0	651	652	372	41.057
MGG_09962T0	5286	5287	4090.53	55.6753
MGG_09962T1	5024	5025	20767.5	297.399
MGG_15370T0	675	676	1	0.10645
MGG_08348T0	593	594	0	0
MGG_15354T0	1440	1441	7585	378.777
MGG_01248T0	1916	1917	843	31.6445
MGG_06028T0	1983	1984	225.387	8.17483
MGG_16779T0	453	454	37.7045	5.97625
MGG_14582T0	183	184	530	207.277
MGG_11682T0	2271	2272	118	3.73737
MGG_17389T0	1332	1333	62	3.34698
MGG_10355T0	1653	1654	0	0
MGG_17436T0	2763	2764	313	8.14889
MGG_06480T0	444	445	3139	507.602
MGG_05086T0	2637	2638	180	4.91009
MGG_01668T0	3144	3145	2303	52.6945
MGG_10826T0	3448	3449	4987.83	104.066
MGG_15644T0	992	993	52	3.76831
MGG_17462T0	339	340	6	1.26989
MGG_02520T0	2493	2494	11761	339.344
MGG_03607T0	4266	4267	1840.32	31.0358
MGG_14844T0	553	554	35.5701	4.62027
MGG_07843T0	1928	1929	142	5.29722
MGG_11754T0	2522	2523	52.6615	1.50199
MGG_03127T0	2139	2140	76	2.55559
MGG_02801T0	1678	1679	590	25.2868
MGG_11733T0	1338	1339	0	0
MGG_04206T0	2459	2460	31.0999	0.909739
MGG_06211T0	4419	4420	3633	59.1473
MGG_08094T0	4170	4171	270.818	4.67229
MGG_09180T0	1404	1405	85	4.35346
MGG_02824T0	880	881	506	41.3301
MGG_01372T0	3150	3151	206	4.70447
MGG_00393T0	4526	4527	2406	38.2452
MGG_06488T0	1763	1764	235	9.58653
MGG_10491T0	2418	2419	208	6.18756
MGG_17661T0	1788	1789	3	0.120671
MGG_06385T0	1035	1036	275.93	19.166
MGG_12178T0	1425	1426	4	0.201852
MGG_03995T0	1913	1914	109	4.09804
MGG_13108T0	219	220	0	0
MGG_11542T0	1496	1497	493	23.6983
MGG_07533T0	1511	1512	13.332	0.634508
MGG_00596T0	1924	1925	2193	81.9785
MGG_15897T0	225	226	65	20.6965
MGG_15660T0	504	505	14	1.99494
MGG_12569T0	1683	1684	58	2.47844
MGG_16115T0	713	714	0	0
MGG_02223T0	538	539	2	0.267014
MGG_07289T0	2961	2962	15306	371.851
MGG_01213T0	1113	1114	49	3.16521
MGG_02626T0	3549	3550	3422	69.3655
MGG_02655T0	2668	2669	3455	93.1519
MGG_07077T0	3752	3753	5578.29	106.958
MGG_16540T0	219	220	0	0
MGG_03077T0	3230	3231	252	5.61249
MGG_17687T0	189	190	2	0.757475
MGG_03601T0	4622	4623	962	14.9742
MGG_18060T0	291	292	0	0
MGG_10867T0	2237	2238	2209	71.0277
MGG_06139T0	3111	3112	2388.76	55.2363
MGG_01373T0	2475	2476	133	3.86539
MGG_00048T0	2079	2080	86	2.97528
MGG_03434T0	1263	1264	86	4.89602
MGG_16660T0	555	556	0	0
MGG_17484T0	177	178	2	0.808541
MGG_15851T0	300	301	0	0
MGG_00479T0	1821	1822	5685.91	224.566
MGG_02199T0	1073	1074	11	0.737022
MGG_12631T0	5219	5220	401	5.52797
MGG_06483T0	2033	2034	531	18.7861
MGG_07931T0	1423	1424	315	15.9182
MGG_16256T0	387	388	8	1.48371
MGG_11409T0	450	451	128	20.4233
MGG_10586T0	1462	1463	144	7.08289
MGG_16853T0	2360	2361	187595	5717.65
MGG_06788T0	1854	1855	88	3.41374
MGG_02762T0	1894	1895	1	0.0379737
MGG_07631T0	1490	1491	94	4.53672
MGG_08468T0	1650	1651	0	0
MGG_00702T0	2610	2611	897	24.7217
MGG_02051T0	2237	2238	342	10.9966
MGG_17273T0	475	476	25	3.77942
MGG_15543T0	222	223	0	0
MGG_10309T0	1632	1633	43	1.89485
MGG_10819T0	632	633	2432	276.473
MGG_01148T0	2122	2123	1051	35.6242
MGG_17626T0	231	232	2	0.620346
MGG_13626T0	1411	1412	233	11.8744
MGG_01353T0	4203	4204	61.9816	1.06094
MGG_15832T0	504	505	6	0.854972
MGG_15818T0	3077	3078	2008	46.9448
MGG_08051T0	2234	2235	805	25.9185
MGG_10538T0	2698	2699	1523	40.6059
MGG_01265T0	1390	1391	549	28.4012
MGG_05647T0	1708	1709	4171	175.627
MGG_10800T0	2171	2172	207	6.85808
MGG_01979T0	1967	1968	769	28.1186
MGG_14661T0	423	424	0	0
MGG_02605T0	2200	2201	2831.93	92.5881
MGG_18065T0	369	370	40	7.77948
MGG_01411T0	354	355	0	0
MGG_04854T0	1583	1584	82	3.72521
MGG_00755T0	1828	1829	1384	54.4521
MGG_09766T0	1981	1982	200	7.26137
MGG_17594T0	762	763	7	0.660185
MGG_10188T0	2403	2404	642	19.2173
MGG_08710T0	3230	3231	6227	138.686
MGG_03485T0	3916	3917	1699	31.2127
MGG_09387T0	657	658	0	0
MGG_13923T0	582	583	6	0.740585
MGG_00769T0	2306	2307	101	3.1504
MGG_05830T0	1785	1786	1	0.0402912
MGG_03058T0	4839	4840	4640	68.9866
MGG_14855T0	1224	1225	548	32.1912
MGG_00302T0	2761	2762	125	3.25671
MGG_05417T0	654	655	0	0
MGG_08913T0	3981	3982	1838.64	33.2268
MGG_01463T0	3641	3642	6567	129.754
MGG_09319T0	1506	1507	6	0.286504
MGG_02834T0	1664	1665	3634	157.059
MGG_06595T0	1694	1695	79	3.3539
MGG_04504T0	1506	1507	599.483	28.6257
MGG_04645T0	384	385	630	117.753
MGG_16623T0	402	403	0	0
MGG_12118T0	3204	3205	10438.3	234.366
MGG_08497T0	1265	1266	233	13.2439
MGG_02914T0	1380	1381	334	17.4038
MGG_03007T0	3008	3009	649.182	15.5252
MGG_14041T0	1581	1582	0	0
MGG_03689T0	1504	1505	48.4714	2.31761
MGG_15109T0	901	902	74	5.90361
MGG_13935T0	2831	2832	1386	35.2178
MGG_03889T0	1623	1624	102	4.51967
MGG_06445T0	1408	1409	542	27.6809
MGG_10233T0	1482	1483	8	0.388187
MGG_16670T0	411	412	0	0
MGG_12589T0	2613	2614	802	22.0781
MGG_13154T0	2391	2392	1094	32.9115
MGG_08435T0	558	559	4	0.514921
MGG_12302T0	1597	1598	717	32.2875
MGG_03155T0	2804	2805	8809.58	226.003
MGG_01696T1	874	875	201.783	16.5946
MGG_01696T0	874	875	155.217	12.7651
MGG_04632T0	1395	1396	5	0.257737
MGG_06881T0	2960	2961	4857.47	118.049
MGG_02354T0	840	841	0	0
MGG_00136T0	1692	1693	1732.93	73.6574
MGG_09502T0	2318	2319	79	2.45142
MGG_00757T0	1958	1959	13508.6	496.214
MGG_02127T0	2243	2244	2052	65.8031
MGG_03693T0	4821	4822	3140	46.8592
MGG_17825T0	2457	2458	69.7182	2.04106
MGG_05531T0	1295	1296	25436	1412.33
MGG_16863T0	480	481	9	1.34645
MGG_15861T0	5483	5484	2035.04	26.7034
MGG_17241T0	2236	2237	24	0.772036
MGG_13126T0	714	715	48	4.83089
MGG_07230T0	1455	1456	156	7.71002
MGG_09521T0	3389	3390	372.354	7.90403
MGG_08867T0	2647	2648	560	15.2182
MGG_16184T0	975	976	719	53.0116
MGG_00406T0	1226	1227	2088	122.455
MGG_07272T0	1483	1484	280.916	13.6218
MGG_17404T0	165	166	0	0
MGG_14081T0	384	385	0	0
MGG_07173T0	2904	2905	319.106	7.90462
MGG_07173T1	2019	2020	1074.89	38.2918
MGG_15166T0	705	706	0	0
MGG_02896T0	1578	1579	3538.45	161.259
MGG_07717T0	2091	2092	764	26.2799
MGG_03915T0	786	787	383	35.02
MGG_03564T0	2121	2122	2748	93.1887
MGG_06612T0	3768	3769	27	0.515501
MGG_13535T0	4511	4512	7066	112.693
MGG_17324T0	1388	1389	15606.3	808.517
MGG_15181T0	3063	3064	0	0
MGG_04760T0	1962	1963	926	33.9455
MGG_09209T0	2588	2589	2590	71.988
MGG_09658T0	534	535	0	0
MGG_12780T0	693	694	2	0.207378
MGG_17483T0	285	286	0	0
MGG_06773T0	2633	2634	2156	58.9013
MGG_05287T0	3868	3869	36611	680.934
MGG_05521T0	1707	1708	1658	69.8536
MGG_14561T0	1903	1904	1910	72.1869
MGG_00306T0	2782	2783	518	13.3939
MGG_03069T0	3322	3323	1327	28.7364
MGG_08036T0	3614	3615	3038.68	60.488
MGG_11554T0	3019	3020	2410	57.4252
MGG_15870T0	234	235	0	0
MGG_04143T0	1362	1363	6221	328.44
MGG_01437T0	1301	1302	355.227	19.633
MGG_04635T0	2235	2236	42	1.35167
MGG_04217T0	3433	3434	69	1.44591
MGG_15703T0	502	503	3	0.429186
MGG_01145T0	934	935	19	1.46229
MGG_13021T0	2391	2392	69	2.07577
MGG_02657T0	348	349	661	136.291
MGG_09659T0	1233	1234	78	4.54854
MGG_09211T0	2798	2799	1736	44.6312
MGG_16901T0	2383	2384	5166	155.934
MGG_16158T0	171	172	0	0
MGG_01923T0	1146	1147	59	3.70153
MGG_02047T0	2436	2437	194	5.72847
MGG_08412T0	423	424	0	0
MGG_15689T0	796	797	4	0.361155
MGG_10158T0	2093	2094	137	4.708
MGG_02615T0	1582	1583	557.461	25.3411
MGG_04999T0	2004	2005	578	20.7446
MGG_11005T0	1564	1565	0	0
MGG_00081T0	1017	1018	9124	644.955
MGG_06162T0	5852	5853	2252	27.6874
MGG_15437T0	459	460	0	0
MGG_14192T0	294	295	0	0
MGG_07708T0	2503	2504	1181.31	33.9487
MGG_08738T0	2691	2692	0	0
MGG_13937T0	981	982	1	0.0732792
MGG_05188T0	1737	1738	4001	165.657
MGG_10415T0	2403	2404	101	3.02328
MGG_03471T0	1176	1177	301	18.4027
MGG_06574T0	1252	1253	2191	125.83
MGG_16506T0	189	190	3	1.13621
MGG_16398T0	1889	1890	7.87308	0.299761
MGG_06200T0	2531	2532	2068	58.7731
MGG_10438T0	1503	1504	228	10.9089
MGG_13546T0	248	249	1	0.288997
MGG_17568T0	210	211	4	1.36417
MGG_16765T0	417	418	43	7.4026
MGG_16251T0	3487	3488	9491.21	195.811
MGG_05438T0	1470	1471	1177	57.5779
MGG_06404T0	1197	1198	372	22.3449
MGG_02759T0	4268	4269	311	5.24235
MGG_06208T0	1599	1600	289.462	13.0186
MGG_04847T0	1982	1983	179	6.49565
MGG_09609T0	390	391	8	1.47233
MGG_08455T0	1918	1919	3	0.112496
MGG_02338T0	591	592	0	0
MGG_12198T0	1575	1576	0	0
MGG_02160T0	1997	1998	279.361	10.0615
MGG_07514T0	1940	1941	627.692	23.2709
MGG_16631T0	231	232	6	1.86104
MGG_16059T0	552	553	0	0
MGG_15490T0	761	762	0	0
MGG_06518T0	1639	1640	219	9.60931
MGG_16849T0	819	820	258	22.6411
MGG_14731T0	1177	1178	3322.03	202.932
MGG_01408T0	1707	1708	68	2.86492
MGG_04259T0	333	334	4123	888.299
MGG_17796T0	682	683	14	1.47503
MGG_14126T0	741	742	79	7.66153
MGG_02747T0	789	790	5091	463.733
MGG_06396T0	6184	6185	12104.7	140.833
MGG_17395T0	213	214	0	0
MGG_17167T0	159	160	0	0
MGG_02646T0	1065	1066	11	0.742553
MGG_03808T0	507	508	0	0
MGG_13332T0	897	898	31	2.48415
MGG_16389T0	3867	3868	1254	23.3294
MGG_06176T0	1668	1669	403.109	17.3803
MGG_12972T0	2108	2109	1441.47	49.1836
MGG_15737T0	594	595	188	22.737
MGG_02769T0	1995	1996	580.401	20.9247
MGG_10305T0	1614	1615	208	9.26793
MGG_16119T0	770	771	10	0.933335
MGG_16301T0	2092	2093	3214	110.502
MGG_09117T0	1302	1303	197	10.8796
MGG_17664T0	363	364	0	0
MGG_01253T0	693	694	20.7702	2.15364
MGG_12983T0	1633	1634	0	0
MGG_05171T0	1971	1972	3963.27	144.624
MGG_08433T0	369	370	0	0
MGG_17637T0	378	379	0	0
MGG_00350T0	1220	1221	882.065	51.9849
MGG_05393T0	1154	1155	29	1.80679
MGG_08297T0	1493	1494	15	0.722492
MGG_05738T0	3692	3693	7485	145.849
MGG_14816T0	2450	2451	47	1.3799
MGG_16129T0	300	301	5	1.19535
MGG_16348T0	333	334	0	0
MGG_08803T0	2195	2196	938	30.7371
MGG_01282T0	1189	1190	11638	703.758
MGG_05162T0	564	565	2	0.254726
MGG_04346T0	1553	1554	17525	811.52
MGG_06424T0	2032	2033	1771	62.6864
MGG_07824T0	741	742	3	0.290944
MGG_09227T0	2175	2176	4545	150.303
MGG_04602T0	3443	3444	3402	71.0826
MGG_17498T0	171	172	0	0
MGG_11530T0	1897	1898	57	2.16108
MGG_01661T0	3900	3901	3498.87	64.5422
MGG_10610T0	372	373	0	0
MGG_05357T0	2160	2161	166	5.52771
MGG_08086T0	630	631	27	3.07912
MGG_17673T0	201	202	135	48.0922
MGG_07928T0	742	743	8294.68	803.347
MGG_08811T0	1241	1242	3935.56	228.022
MGG_01323T0	2686	2687	538	14.4081
MGG_01159T0	946	947	29749.8	2260.61
MGG_02825T0	708	709	586	59.4762
MGG_03728T0	1252	1253	4414.78	253.542
MGG_16892T0	297	298	9	2.17329
MGG_01750T0	3822	3823	2067	38.907
MGG_06954T0	2815	2816	862	22.0276
MGG_15882T0	180	181	0	0
MGG_06318T0	5448	5449	7069	93.3541
MGG_05185T0	2113	2114	169	5.75273
MGG_13252T0	1908	1909	26	0.980076
MGG_07414T0	1647	1648	0	0
MGG_17844T0	902	903	3	0.23907
MGG_10712T0	1350	1351	0	0
MGG_03769T0	1595	1596	8	0.360703
MGG_01883T0	2935	2936	918	22.4998
MGG_03883T0	2434	2435	1716	50.712
MGG_07897T0	399	400	0	0
MGG_09447T0	684	685	2	0.210103
MGG_15659T0	198	199	0	0
MGG_17956T0	303	304	1	0.236711
MGG_16747T0	591	592	65	7.90103
MGG_13140T0	945	946	4	0.304271
MGG_04757T0	2490	2491	112	3.23546
MGG_08071T0	3786	3787	2928.68	55.6504
MGG_15439T0	1062	1063	0	0
MGG_01673T0	5111	5112	30	0.422301
MGG_16584T0	771	772	0	0
MGG_15039T0	336	337	0	0
MGG_11069T0	966	967	0	0
MGG_01400T0	1242	1243	369	21.3623
MGG_01022T0	1215	1216	182	10.7704
MGG_16618T0	159	160	0	0
MGG_10050T0	1509	1510	59	2.81169
MGG_18125T0	863	864	0	0
MGG_08704T0	4099	4100	156.325	2.7437
MGG_17129T0	243	244	35	10.3222
MGG_04133T0	4056	4057	600.495	10.6511
MGG_06264T0	921	922	567	44.2532
MGG_15640T0	414	415	6	1.04039
MGG_14232T0	2975	2976	316	7.64093
MGG_06433T0	1044	1045	615	42.3498
MGG_06749T0	1424	1425	88	4.44386
MGG_17348T0	1442	1443	7	0.349079
MGG_11160T0	2638	2639	204.595	5.5789
MGG_04765T0	1827	1828	7253	285.518
MGG_06927T0	656	657	4502.56	493.158
MGG_12122T0	4812	4813	6443	96.3306
MGG_04936T0	2088	2089	222	7.64727
MGG_09419T0	1314	1315	3	0.164168
MGG_05833T0	1873	1874	14	0.537589
MGG_08431T0	1044	1045	0	0
MGG_14234T0	5369	5370	738	9.8895
MGG_02511T0	1515	1516	2502.01	118.763
MGG_17970T0	288	289	1	0.248997
MGG_02439T0	1041	1042	1147	79.2114
MGG_11478T0	513	514	0	0
MGG_01971T0	1125	1126	163	10.417
MGG_17710T0	195	196	0	0
MGG_15630T0	336	337	11	2.34885
MGG_01072T0	2980	2981	2888	69.7152
MGG_16851T0	297	298	0	0
MGG_07981T0	1788	1789	202	8.12518
MGG_13646T0	1703	1704	1580	66.7236
MGG_12810T0	246	247	5	1.45668
MGG_08359T0	1778	1779	0	0
MGG_05809T0	2669	2670	14	0.377319
MGG_00940T0	1920	1921	61	2.28504
MGG_03999T0	1435	1436	3239	162.311
MGG_16510T0	549	550	12	1.57004
MGG_08840T0	2169	2170	294	9.74944
MGG_17679T0	3145	3146	226.182	5.17357
MGG_14087T0	3189	3190	28572	644.528
MGG_17458T0	486	487	56	8.27468
MGG_05746T0	5943	5944	4409	53.3769
MGG_08515T0	582	583	0	0
MGG_00731T0	3613	3614	1018	20.2699
MGG_09886T0	1273	1274	4509	254.685
MGG_10660T0	1031	1032	5661	394.735
MGG_17276T0	216	217	35163	11660.5
MGG_06508T0	1572	1573	248.43	11.365
MGG_17688T0	1511	1512	895.076	42.5991
MGG_16800T0	177	178	0	0
MGG_03253T0	4417	4418	5821	94.8122
MGG_07749T0	594	595	295	35.6777
MGG_11174T0	5304	5305	8524	115.625
MGG_15761T0	309	310	1	0.23213
MGG_05017T0	1896	1897	725	27.5019
MGG_17431T0	426	427	2	0.33705
MGG_02505T0	2251	2252	953.882	30.4802
MGG_01368T0	1036	1037	16	1.11028
MGG_17586T0	783	784	504.631	46.3181
MGG_07502T0	1668	1669	1737	74.892
MGG_04555T0	1741	1742	382	15.78
MGG_07465T0	2920	2921	507	12.4902
MGG_14970T0	1053	1054	273	18.6386
MGG_06347T0	849	850	38	3.21704
MGG_06860T0	3565	3566	3083	62.2135
MGG_02394T0	1458	1459	28	1.381
MGG_03654T0	699	700	138	14.1864
MGG_03891T0	837	838	74.9658	6.43742
MGG_06766T0	2885	2886	4509	112.428
MGG_16459T0	898	899	8640	691.586
MGG_01333T0	1251	1252	5219	299.968
MGG_13401T0	1715	1716	854.496	35.8331
MGG_11779T0	6912	6913	76	0.791114
MGG_07955T0	809	810	8	0.710718
MGG_00797T0	1241	1242	7	0.405573
MGG_07128T0	922	923	96.7675	7.54432
MGG_12309T0	3394	3395	583	12.3572
MGG_09570T0	981	982	164	12.0178
MGG_05181T0	2432	2433	838	24.7853
MGG_06732T0	2189	2190	417.36	13.7138
MGG_15458T0	309	310	1	0.23213
MGG_02074T0	4315	4316	118	1.9674
MGG_10300T0	1215	1216	0	0
MGG_02644T0	3984	3985	1907	34.4361
MGG_16250T0	1403	1404	135	6.91925
MGG_06549T0	866	867	21.0545	1.7475
MGG_17984T0	669	670	1	0.107403
MGG_17532T0	1651	1652	220	9.58307
MGG_14237T0	956	957	0	0
MGG_04372T0	2367	2368	625	18.9929
MGG_08832T0	1641	1642	1890	82.8287
MGG_16944T0	369	370	0	0
MGG_00489T0	1538	1539	1468.18	68.649
MGG_09829T0	3582	3583	12	0.241005
MGG_02805T0	675	676	8	0.8516
MGG_00820T0	2916	2917	166.685	4.11198
MGG_12850T0	799	800	517	46.5043
MGG_13225T0	2057	2058	190	6.64355
MGG_17489T0	318	319	24.9702	5.63279
MGG_07443T0	1408	1409	19	0.970364
MGG_05667T0	1836	1837	1298	50.8461
MGG_08024T0	309	310	23	5.33898
MGG_12582T0	610	611	1.44439	0.170112
MGG_01944T0	1339	1340	12	0.644419
MGG_14109T0	462	463	24	3.73012
MGG_01306T0	1302	1303	1034	57.1042
MGG_07786T0	600	601	9	1.07761
MGG_02749T0	1518	1519	81	3.83724
MGG_18092T0	270	271	1552	412.111
MGG_16601T0	1843	1844	459.923	17.948
MGG_00847T0	3156	3157	4602	104.897
MGG_15998T0	258	259	0	0
MGG_12627T0	1491	1492	425	20.498
MGG_11967T0	348	349	0	0
MGG_15244T0	531	532	1202	162.587
MGG_12594T0	2262	2263	1212	38.5399
MGG_17632T0	775	776	1	0.0927322
MGG_08612T0	1881	1882	28	1.07061
MGG_11804T0	1040	1041	1163	80.3935
MGG_09508T0	1339	1340	4221	226.675
MGG_15663T0	459	460	8	1.25148
MGG_17289T0	339	340	0	0
MGG_13645T0	1143	1144	5146	323.695
MGG_03902T0	952	953	1118.12	84.428
MGG_06306T0	5011	5012	104.322	1.4978
MGG_08343T0	1292	1293	3290.1	183.106
MGG_04075T0	1459	1460	12	0.591453
MGG_08266T0	1947	1948	82	3.02912
MGG_08602T0	1538	1539	742	34.6942
MGG_09794T0	1320	1321	7	0.381318
MGG_13719T0	1092	1093	43.7687	2.88161
MGG_00207T0	1023	1024	445	31.2717
MGG_16269T0	309	310	33	7.66028
MGG_08267T0	2262	2263	2987.9	95.0108
MGG_15017T0	552	553	28	3.64355
MGG_10516T0	1410	1411	65	3.31496
MGG_10671T0	1709	1710	23	0.967885
MGG_15960T0	907	908	2	0.158503
MGG_13013T0	6477	6478	28983	321.955
MGG_02031T0	408	409	0	0
MGG_07045T0	3466	3467	108	2.24162
MGG_16100T0	249	250	0	0
MGG_16323T0	609	610	0	0
MGG_16232T0	428	429	16	2.68383
MGG_01275T0	2718	2719	118	3.12295
MGG_11408T0	2647	2648	3594	97.668
MGG_02916T0	7945	7946	474	4.29261
MGG_16427T0	6156	6157	180	2.10376
MGG_15747T0	771	772	51	4.75384
MGG_03669T0	3228	3229	1941	43.2563
MGG_06509T0	1779	1780	701.57	28.3624
MGG_12505T0	1304	1305	0	0
MGG_12141T0	6702	6703	6173.25	66.2731
MGG_15060T0	1772	1773	910	36.9339
MGG_01724T0	1827	1828	2110	83.0612
MGG_01196T0	3660	3661	7818	153.67
MGG_07182T0	1389	1390	779	40.3288
MGG_01222T0	758	759	1691	160.322
MGG_04900T0	2813	2814	206	5.26787
MGG_17104T0	228	229	0	0
MGG_15528T0	2108	2109	418	14.2624
MGG_00753T0	3423	3424	1841	38.6912
MGG_06616T0	2052	2053	3	0.105154
MGG_01741T0	10725	10726	4106	27.5469
MGG_07309T0	1320	1321	1971.64	107.403
MGG_07479T0	3269	3270	4180	91.9858
MGG_08556T0	2757	2758	1504	39.2415
MGG_17339T0	1652	1653	15.2391	0.663405
MGG_17044T0	180	181	4	1.59028
MGG_08808T0	1063	1064	1820.74	123.14
MGG_04909T0	1614	1615	2344	104.442
MGG_06126T0	2612	2613	795	21.8937
MGG_08035T0	1957	1958	1286.32	47.2745
MGG_15704T0	3529	3530	75	1.5289
MGG_12616T0	1683	1684	315	13.4605
MGG_09845T0	624	625	7	0.805954
MGG_12712T0	2627	2628	34.0079	0.931207
MGG_10156T0	971	972	756	55.969
MGG_17616T0	1383	1384	0	0
MGG_16451T0	165	166	0	0
MGG_16891T0	417	418	2	0.344307
MGG_15916T0	966	967	29.0091	2.15873
MGG_14141T0	264	265	0	0
MGG_00198T0	1824	1825	827	32.6088
MGG_17081T0	561	562	17	2.17673
MGG_04639T0	2058	2059	258.64	9.03922
MGG_16753T0	288	289	13	3.23696
MGG_04901T0	1300	1301	428	23.6733
MGG_06631T0	2471	2472	4180	121.68
MGG_15211T0	1151	1152	0	0
MGG_00063T0	6689	6690	9369.44	100.781
MGG_05033T0	2229	2230	145.155	4.68403
MGG_07594T0	881	882	330	26.9239
MGG_15306T0	1182	1183	72	4.37965
MGG_05275T0	2048	2049	800.003	28.0958
MGG_01837T0	3433	3434	1091	22.8621
MGG_09546T0	1179	1180	2862	174.534
MGG_15496T0	3319	3320	152	3.29456
MGG_02641T0	2040	2041	219	7.72135
MGG_10593T0	663	664	4	0.433495
MGG_18074T0	231	232	0	0
MGG_06082T0	1962	1963	4624.6	169.53
MGG_09096T0	3780	3781	5820	110.766
MGG_04166T0	1833	1834	115	4.51222
MGG_04246T0	829	830	126	10.9241
MGG_08021T0	1328	1329	504	27.2896
MGG_03204T0	4467	4468	3112.62	50.1309
MGG_01079T0	1351	1352	3224	171.597
MGG_01272T0	2765	2766	597	15.5315
MGG_14642T0	1146	1147	102.143	6.40822
MGG_12475T0	1499	1500	9	0.431761
MGG_06330T0	531	532	70	9.46844
MGG_01949T0	2889	2890	1	0.0248997
MGG_07657T0	1633	1634	558	24.5739
MGG_15971T0	1176	1177	31.039	1.89768
MGG_00338T0	3456	3457	119	2.47708
MGG_11305T0	1152	1153	20	1.24822
MGG_06201T0	540	541	1524	202.712
MGG_16646T0	528	529	5	0.680153
MGG_00476T0	2612	2613	1396.89	38.4693
MGG_06022T0	5521	5522	561	7.31069
MGG_06638T0	2743	2744	6068	159.131
MGG_10460T0	758	759	1	0.0948092
MGG_01665T0	1709	1710	2080	87.5305
MGG_00480T0	1297	1298	803.09	44.5227
MGG_00408T0	2010	2011	4622	165.39
MGG_12709T0	2913	2914	1440	35.5603
MGG_16300T0	2163	2164	169	5.61981
MGG_05389T0	333	334	0	0
MGG_01284T0	1784	1785	2487	100.26
MGG_03959T0	2352	2353	406	12.4164
MGG_04482T0	1222	1223	5288	311.141
MGG_05015T0	2460	2461	29.9703	0.876339
MGG_07233T0	2384	2385	3423	103.279
MGG_00031T0	2545	2546	13	0.367432
MGG_02901T0	1320	1321	0	0
MGG_04219T0	2251	2252	2054	65.6333
MGG_12124T0	162	163	2325	1026.43
MGG_18082T0	1248	1249	3231.23	186.165
MGG_00685T0	2431	2432	1060	31.3642
MGG_13205T0	1159	1160	1818.73	112.824
MGG_10772T0	994	995	163	11.7884
MGG_04717T0	2040	2041	895.107	31.5591
MGG_12827T0	3907	3908	1127	20.7521
MGG_03162T0	4670	4671	19016	292.955
MGG_06002T0	1946	1947	4749	175.521
MGG_17093T0	168	169	1	0.4258
MGG_14499T0	2052	2053	2	0.0701024
MGG_09525T0	2815	2816	108.769	2.77949
MGG_15015T0	493	494	2	0.291337
MGG_02819T0	2336	2337	3792	116.762
MGG_07179T0	3037	3038	1366	32.356
MGG_03042T0	1310	1311	267	14.6555
MGG_08563T0	1078	1079	64	4.26826
MGG_05579T0	1514	1515	544	25.8392
MGG_15600T0	3816	3817	2108	39.7412
MGG_00487T0	3047	3048	3274	77.2958
MGG_17618T0	1396	1397	419	21.5829
MGG_05246T0	3269	3270	1732	38.1147
MGG_17891T0	165	166	20	8.6699
MGG_15516T0	642	643	0	0
MGG_02430T0	936	937	310	23.8075
MGG_03496T0	1655	1656	0	0
MGG_11147T0	153	154	14	6.54183
MGG_07806T0	1401	1402	0	0
MGG_10197T0	2476	2477	3476	100.982
MGG_16324T0	180	181	0	0
MGG_17540T0	3125	3126	54	1.24307
MGG_01032T0	3280	3281	1251	27.4374
MGG_16132T0	162	163	8	3.53179
MGG_01698T0	2371	2372	1222	37.0722
MGG_06943T0	639	640	874	98.2706
MGG_13157T0	2961	2962	185	4.49447
MGG_08644T0	842	843	189	16.1334
MGG_13861T0	1233	1234	0	0
MGG_15349T0	1503	1504	329	15.7413
MGG_04508T0	1976	1977	1319.31	48.0213
MGG_03767T0	1257	1258	0	0
MGG_04447T0	756	757	31	2.94685
MGG_06266T0	2036	2037	2277	80.4385
MGG_12996T0	1925	1926	303	11.3208
MGG_03793T0	1020	1021	0	0
MGG_09758T0	4246	4247	365.545	6.19371
MGG_12845T0	786	787	6.40924	0.586035
MGG_09632T0	1392	1393	1	0.0516584
MGG_11470T0	3030	3031	3150	74.7854
MGG_00087T0	1598	1599	286	12.8709
MGG_02693T0	1014	1015	1	0.0708967
MGG_03268T0	1196	1197	5.71063	0.343306
MGG_16493T0	654	655	2717.33	298.534
MGG_00564T0	585	586	50	6.13995
MGG_17245T0	354	355	16.9797	3.44187
MGG_02846T0	5727	5728	3736	46.9349
MGG_15872T0	210	211	0	0
MGG_09755T0	4466	4467	5750	92.6284
MGG_10060T0	1208	1209	3	0.178561
MGG_15803T0	3507	3508	200.905	4.12119
MGG_10824T0	1584	1585	8483	385.134
MGG_04104T0	919	920	4026.19	314.919
MGG_08440T0	2505	2506	28	0.804024
MGG_04622T0	1331	1332	3293	177.902
MGG_08927T0	2608	2609	1732	47.7712
MGG_16143T0	784	785	21.2285	1.946
MGG_08210T0	1265	1266	4718	268.174
MGG_15984T0	189	190	0	0
MGG_14636T0	1211	1212	5	0.296865
MGG_17793T0	4683	4684	882	13.5501
MGG_17704T0	2571	2572	2637	73.7787
MGG_16958T0	348	349	0	0
MGG_16692T0	288	289	0	0
MGG_12330T0	1245	1246	34.8667	2.01365
MGG_04008T0	1712	1713	2507	105.315
MGG_01185T0	1800	1801	7514	300.227
MGG_01285T0	3602	3603	9090	181.548
MGG_04967T0	4074	4075	164	2.89607
MGG_13035T0	993	994	391	28.3063
MGG_03543T0	2398	2399	2922	87.648
MGG_02491T0	5616	5617	1520	19.4729
MGG_05343T0	3454	3455	12380	257.849
MGG_08686T0	2166	2167	0	0
MGG_16727T0	318	319	0	0
MGG_08888T0	3220	3221	5198	116.128
MGG_08774T0	2648	2649	3922	106.541
MGG_17656T0	719	720	1745.08	174.411
MGG_17300T0	711	712	2	0.202135
MGG_03182T0	2275	2276	1112	35.158
MGG_12726T0	1222	1223	20	1.17678
MGG_02966T0	1630	1631	37.9443	1.67411
MGG_03395T0	814	815	0	0
MGG_16063T0	1849	1850	0	0
MGG_12370T0	1517	1518	1030.08	48.8305
MGG_01274T0	1635	1636	1464	64.3947
MGG_13463T0	471	472	0	0
MGG_16349T0	204	205	0	0
MGG_06021T0	3045	3046	2386.78	56.3864
MGG_08947T0	1626	1627	0	0
MGG_03166T0	1374	1375	0	0
MGG_00273T0	405	406	77	13.6476
MGG_02872T0	902	903	6539.24	521.113
MGG_04385T0	3377	3378	190	4.04749
MGG_12728T0	465	466	31	4.78705
MGG_01681T0	1429	1430	2135	107.437
MGG_00032T0	1891	1892	55	2.09187
MGG_17039T0	162	163	1	0.441473
MGG_17925T0	192	193	0	0
MGG_02475T0	2654	2655	857	23.2278
MGG_00058T0	1041	1042	136	9.39211
MGG_05849T0	822	823	125	10.9296
MGG_08088T0	3206	3207	8281	185.813
MGG_16731T0	234	235	10	3.06213
MGG_13518T0	1727	1728	205.498	8.55768
MGG_03763T0	2477	2478	261	7.57934
MGG_13427T0	1122	1123	0	0
MGG_10102T0	741	742	40	3.87925
MGG_15025T0	1948	1949	4981	183.906
MGG_09997T0	2767	2768	14	0.36396
MGG_06649T0	4664	4665	4814	74.2586
MGG_17878T0	1358	1359	695.606	36.8329
MGG_02617T0	1941	1942	1889	69.9963
MGG_17246T0	2440	2441	1217	35.8769
MGG_16354T0	234	235	0	0
MGG_02440T0	3633	3634	2000	39.6038
MGG_17373T0	3639	3640	6786	134.154
MGG_15673T0	159	160	0	0
MGG_08252T0	2028	2029	224	7.94434
MGG_17946T0	339	340	0	0
MGG_03921T0	1621	1622	284	12.5997
MGG_16041T0	342	343	1	0.209796
MGG_11633T0	2628	2629	108	2.95614
MGG_03210T0	1338	1339	313	16.8212
MGG_11590T0	3306	3307	1193.52	25.971
MGG_01363T0	1062	1063	193	13.0652
MGG_04414T0	1374	1375	110.449	5.78031
MGG_07802T0	1763	1764	76	3.10032
MGG_16811T0	312	313	0	0
MGG_17714T0	2251	2252	237	7.57307
MGG_17106T0	282	283	2	0.508552
MGG_04190T0	3265	3266	556	12.2504
MGG_01895T0	1209	1210	1609	95.6892
MGG_01195T0	717	718	41	4.10915
MGG_05601T0	1428	1429	134	6.74784
MGG_05074T0	3243	3244	4856	107.718
MGG_08408T0	1035	1036	47	3.2646
MGG_14150T0	2132	2133	1810	61.0632
MGG_06762T0	3308	3309	1302	28.3143
MGG_08371T0	901	902	30	2.39335
MGG_14570T0	945	946	0	0
MGG_10112T0	1860	1861	2	0.0773349
MGG_12264T0	882	883	3	0.244485
MGG_03545T0	4234	4235	101	1.71617
MGG_05369T0	1716	1717	235	9.84894
MGG_17357T0	900	901	5	0.399335
MGG_17137T0	227	228	8	2.52492
MGG_01815T0	3308	3309	1333	28.9885
MGG_11075T0	1682	1683	0	0
MGG_17387T0	581	582	5	0.618214
MGG_15855T0	568	569	4	0.505871
MGG_06394T0	2860	2861	2233	56.1646
MGG_08548T0	1764	1765	33	1.34543
MGG_17440T0	2547	2548	724	20.4471
MGG_17005T0	348	349	1118.9	230.706
MGG_07970T0	1865	1866	158	6.09309
MGG_04486T0	5287	5288	4378	59.5767
MGG_16622T0	231	232	8	2.48138
MGG_09830T0	4723	4724	868	13.2221
MGG_13842T0	3187	3188	1488	33.5874
MGG_04014T0	2398	2399	356	10.6785
MGG_08317T0	1413	1414	220	11.1961
MGG_08103T0	1115	1116	221.149	14.2598
MGG_16316T0	1708	1709	14	0.589492
MGG_07323T0	1978	1979	1243	45.1978
MGG_17428T0	378	379	0	0
MGG_17088T0	455	456	92	14.5183
MGG_01857T0	3269	3270	361	7.94423
MGG_08785T0	1916	1917	64	2.40243
MGG_04607T0	1816	1817	120.898	4.78802
MGG_08748T0	3058	3059	161	3.78738
MGG_09564T0	3877	3878	2854	52.9588
MGG_14767T0	6707	6708	9	0.0965476
MGG_16021T0	2461	2462	4	0.116913
MGG_13217T0	2930	2931	320.787	7.87577
MGG_01215T0	3908	3909	4910	90.3874
MGG_03160T0	1396	1397	227.84	11.7361
MGG_03168T0	2001	2002	13	0.467274
MGG_04865T0	2363	2364	49.5545	1.50844
MGG_17028T0	423	424	0	0
MGG_10600T0	5398	5399	476	6.34433
MGG_17994T0	264	265	9	2.44393
MGG_15912T0	366	367	0	0
MGG_01882T0	1481	1482	0	0
MGG_09708T0	765	766	12	1.12731
MGG_03707T0	2314	2315	299	9.29421
MGG_00887T0	2219	2220	486	15.7534
MGG_03482T0	1241	1242	232.967	13.4979
MGG_06159T0	2095	2096	6675	229.167
MGG_04441T0	1875	1876	15975	612.774
MGG_03340T0	1770	1771	816	33.1561
MGG_05444T0	543	544	0	0
MGG_07022T0	2071	2072	545	18.9277
MGG_05798T0	983	984	0	0
MGG_05722T0	2722	2723	227	5.99888
MGG_01507T0	2816	2817	981	25.0596
MGG_15487T0	318	319	0	0
MGG_00180T0	1890	1891	2670	101.604
MGG_02734T0	2144	2145	791.572	26.5556
MGG_05150T0	979	980	249	18.2838
MGG_07066T0	2889	2890	1184	29.4813
MGG_16923T0	343	344	3	0.62756
MGG_00843T0	882	883	3482	283.766
MGG_02895T0	1582	1583	185.547	8.4346
MGG_09437T0	3048	3049	55	1.29807
MGG_17302T0	1371	1372	1	0.0524491
MGG_18048T0	207	208	268	92.7179
MGG_03838T0	3198	3199	4157	93.51
MGG_15743T0	205	206	0	0
MGG_06189T0	1896	1897	25963.7	984.896
MGG_03085T0	978	979	9	0.661534
MGG_09859T0	1023	1024	37	2.60012
MGG_14824T0	4140	4141	34	0.590834
MGG_12615T0	1593	1594	729	32.9103
MGG_00601T0	2894	2895	397	9.86811
MGG_03404T0	1680	1681	1448	61.9859
MGG_14759T0	900	901	3	0.239601
MGG_03426T0	756	757	8	0.760477
MGG_15890T0	323	324	1	0.222099
MGG_07710T0	1925	1926	10629	397.126
MGG_11201T0	1314	1315	4967	271.807
MGG_08521T0	1287	1288	0	0
MGG_12525T0	1014	1015	24	1.70152
MGG_11362T0	4287	4288	6408	107.537
MGG_01656T0	2124	2125	3186	107.889
MGG_00329T0	2905	2906	83	2.0553
MGG_02856T0	3261	3262	1137.56	25.0946
MGG_02968T0	699	700	315	32.3821
MGG_15506T0	225	226	0	0
MGG_16429T0	1541	1542	864	40.3201
MGG_11169T0	339	340	194	41.0596
MGG_08632T0	2412	2413	1054	31.4322
MGG_09813T0	1224	1225	0	0
MGG_01271T0	664	665	639	69.1467
MGG_06191T0	2560	2561	7973	224.029
MGG_17430T0	1038	1039	1370.68	94.9317
MGG_14681T0	2000	2001	1134	40.781
MGG_15817T0	1294	1295	188	10.4467
MGG_03243T0	2417	2418	1106	32.9148
MGG_02510T0	636	637	480	54.2243
MGG_17843T0	300	301	1	0.23907
MGG_15065T0	1796	1797	300	12.0134
MGG_11497T0	1953	1954	681	25.0793
MGG_10646T0	4222	4223	12282	209.286
MGG_04580T0	381	382	0	0
MGG_17293T0	659	660	7.37538	0.804142
MGG_01447T0	5772	5773	1117	13.9233
MGG_17271T0	1017	1018	13	0.918941
MGG_12927T0	2300	2301	23	0.719289
MGG_01909T0	976	977	378	27.8413
MGG_03284T0	3639	3640	847	16.7446
MGG_06258T0	3286	3287	2259	49.4548
MGG_10372T0	849	850	1444	122.248
MGG_04326T0	3853	3854	302	5.63881
MGG_06853T0	2088	2089	896.489	30.8815
MGG_05164T0	2466	2467	300	8.75073
MGG_05717T0	2323	2324	1019	31.5522
MGG_07756T0	4102	4103	931	16.3283
MGG_12184T0	4610	4611	23	0.358942
MGG_02711T0	1082	1083	7004.73	465.431
MGG_17042T0	3804	3805	1333	25.2097
MGG_10427T0	768	769	0	0
MGG_17869T0	354	355	25.8648	5.24292
MGG_01505T0	228	229	1964	617.16
MGG_05978T0	1152	1153	231	14.417
MGG_04810T0	871	872	1295	106.867
MGG_09008T0	588	589	1	0.122173
MGG_02026T0	2189	2190	0	0
MGG_15585T0	321	322	14	3.1287
MGG_10869T0	1539	1540	17358	811.094
MGG_04893T0	2695	2696	328	8.7548
MGG_16197T0	921	922	30	2.34144
MGG_06166T0	1509	1510	1597	76.1062
MGG_02274T0	870	871	0	0
MGG_06644T0	2637	2638	565	15.4122
MGG_15932T0	345	346	2	0.415955
MGG_13024T0	339	340	307	64.9758
MGG_03774T0	2177	2178	49	1.61894
MGG_09785T0	1007	1008	0	0
MGG_16762T0	2731	2732	3243.95	85.4448
MGG_10868T0	3375	3376	7056	150.4
MGG_02441T0	2310	2311	4989.66	155.368
MGG_17573T0	201	202	26	9.2622
MGG_04176T0	3120	3121	24	0.553362
MGG_06005T0	2845	2846	1864.29	47.1381
MGG_15608T0	153	154	2	0.934548
MGG_01449T0	2916	2917	1343	33.1308
MGG_04018T1	2356	2357	4.15124	0.126739
MGG_04018T0	2290	2291	62.2751	1.95606
MGG_15815T0	231	232	1	0.310173
MGG_00572T0	1647	1648	1908	83.3131
MGG_01135T0	985	986	10327	753.684
MGG_00511T0	678	679	0	0
MGG_15076T0	1885	1886	6301	240.414
MGG_08613T0	2638	2639	596	16.2517
MGG_00858T0	432	433	421.58	70.0622
MGG_02887T0	1725	1726	124	5.16979
MGG_17172T0	189	190	4	1.51495
MGG_12444T0	690	691	0	0
MGG_14099T0	1521	1522	3	0.14184
MGG_07511T0	2843	2844	9626	243.561
MGG_04877T0	2289	2290	812.619	25.5355
MGG_06103T0	3974	3975	7725.71	139.86
MGG_12484T0	1572	1573	32	1.46391
MGG_07993T0	619	620	1	0.116065
MGG_14795T0	1868	1869	4959	190.931
MGG_10797T0	1125	1126	6	0.383447
MGG_15108T0	1746	1747	0	0
MGG_02069T0	980	981	8.46592	0.621008
MGG_16628T0	222	223	4	1.29077
MGG_15104T0	984	985	150.818	11.0182
MGG_09797T0	750	751	556	53.2754
MGG_01090T0	4161	4162	2582	44.6423
MGG_17904T0	489	490	17	2.49658
MGG_16854T0	2965	2966	2145	52.0413
MGG_04403T0	216	217	0	0
MGG_14821T0	458	459	41	6.42781
MGG_01030T0	2697	2698	557	14.8561
MGG_13953T0	1404	1405	0	0
MGG_05140T0	1104	1105	159	10.3544
MGG_15873T0	432	433	190	31.5761
MGG_12133T0	1139	1140	958	60.4718
MGG_14678T0	1660	1661	955	41.3738
MGG_11419T0	2384	2385	4752	143.377
MGG_16838T0	249	250	0	0
MGG_15142T0	1173	1174	12	0.735538
MGG_09752T0	2048	2049	1	0.0351196
MGG_15688T0	3367	3368	14	0.299122
MGG_04399T0	1552	1553	4046.84	187.515
MGG_05624T0	1695	1696	2407	102.127
MGG_06428T0	2523	2524	1799	51.2901
MGG_07803T0	5187	5188	0	0
MGG_16437T0	240	241	0	0
MGG_04080T0	3169	3170	1071	24.3121
MGG_18121T0	523	524	40	5.49314
MGG_15694T0	153	154	0	0
MGG_16883T0	219	220	2	0.654183
MGG_16700T0	276	277	0	0
MGG_03398T0	672	673	76	8.12626
MGG_16848T0	1395	1396	181	9.33008
MGG_08123T0	3147	3148	193	4.41179
MGG_17463T0	288	289	0	0
MGG_08113T0	1211	1212	38	2.25618
MGG_00252T0	1998	1999	396.604	14.277
MGG_10017T0	921	922	0	0
MGG_15275T0	1602	1603	19	0.852928
MGG_14686T0	1056	1057	3	0.204239
MGG_06769T0	2155	2156	3487	116.385
MGG_17052T0	1194	1195	4233	254.902
MGG_01345T0	2025	2026	664.656	23.6075
MGG_05564T0	753	754	2	0.190876
MGG_06692T0	792	793	2728	247.55
MGG_06965T0	3149	3150	245.586	5.61029
MGG_00598T0	2407	2408	301.271	9.00311
MGG_08115T0	1382	1383	108.165	5.62806
MGG_17349T0	498	499	0	0
MGG_11998T0	1146	1147	0	0
MGG_00438T0	1622	1623	2865	127.028
MGG_02514T0	4274	4275	590.595	9.94135
MGG_14603T0	851	852	0	0
MGG_05332T0	2876	2877	39.376	0.98488
MGG_17196T0	2126	2127	949	32.1063
MGG_14825T0	1872	1873	12240	470.258
MGG_06090T0	4068	4069	539	9.5322
MGG_06499T0	5344	5345	3059.15	41.1855
MGG_17960T0	4310	4311	2690	44.9021
MGG_15669T0	2778	2779	36.768	0.952079
MGG_05250T0	3254	3255	421	9.30729
MGG_02401T0	1950	1951	297	10.9545
MGG_07903T0	1299	1300	1	0.055354
MGG_16033T0	1805	1806	38	1.51411
MGG_11418T0	1263	1264	4317	245.769
MGG_02083T0	666	667	0	0
MGG_00994T0	1596	1597	3759	169.379
MGG_05206T0	5918	5919	4399.7	53.4892
MGG_02937T0	4334	4335	2447	40.6197
MGG_04679T0	2420	2421	11443	340.124
MGG_12732T0	639	640	2.00399	0.225324
MGG_01905T0	1104	1105	0	0
MGG_07486T0	3390	3391	473.504	10.0482
MGG_12961T0	1646	1647	2368.35	103.477
MGG_10928T0	2290	2291	132	4.14611
MGG_08841T0	3815	3816	3363	63.4176
MGG_00726T0	2812	2813	122	3.12092
MGG_16246T0	426	427	23	3.87607
MGG_01296T0	2313	2314	1027	31.9374
MGG_16967T0	399	400	3	0.539701
MGG_07729T0	2631	2632	811	22.1731
MGG_17917T0	246	247	1	0.291337
MGG_04084T0	2608	2609	573.336	15.8135
MGG_05861T0	1643	1644	40	1.75086
MGG_08258T0	2289	2290	489	15.3662
MGG_10684T0	1041	1042	177	12.2236
MGG_11021T0	3466	3467	147	3.05109
MGG_01710T0	1438	1439	182.216	9.11207
MGG_02850T0	1681	1682	309	13.2198
MGG_08624T0	986	987	3035	221.276
MGG_06152T0	980	981	1264.76	92.7748
MGG_17511T0	153	154	13	6.07456
MGG_08135T0	4597	4598	4403	68.9083
MGG_16291T0	258	259	6	1.66703
MGG_10827T0	774	775	7620.3	707.559
MGG_16494T0	411	412	737.898	128.882
MGG_03649T0	4017	4018	707.466	12.6703
MGG_14564T0	636	637	0	0
MGG_01524T0	1955	1956	3434.74	126.362
MGG_04664T0	1747	1748	1467	60.3922
MGG_14715T0	585	586	32	3.92957
MGG_15722T0	357	358	21	4.22113
MGG_07556T0	1377	1378	2	0.104441
MGG_04959T0	1006	1007	163	11.648
MGG_15810T0	4692	4693	101.889	1.56231
MGG_08290T0	1888	1889	23	0.876169
MGG_09647T0	1691	1692	0	0
MGG_16758T0	249	250	0	0
MGG_08648T0	2094	2095	267	9.17106
MGG_00541T0	2889	2890	2441	60.7802
MGG_01312T0	1193	1194	2339	140.967
MGG_03531T0	2643	2644	3179	86.5209
MGG_10015T0	888	889	5	0.404725
MGG_13512T0	2486	2487	774	22.3953
MGG_00562T0	1959	1960	103	3.78158
MGG_06856T0	2282	2283	362	11.4102
MGG_17366T0	357	358	0	0
MGG_11643T0	3250	3251	2134	47.2356
MGG_16577T0	567	568	8.08586	1.0244
MGG_00740T0	2721	2722	3196	84.4911
MGG_09195T0	1458	1459	2755	135.881
MGG_07930T0	354	355	57	11.5542
MGG_16775T0	342	343	0	0
MGG_17318T0	2634	2635	172.594	4.71343
MGG_16481T0	1023	1024	38.7632	2.72403
MGG_11644T0	732	733	47	4.61409
MGG_01461T0	2024	2025	126	4.47752
MGG_10488T0	1362	1363	4	0.211182
MGG_09847T0	2589	2590	171	4.75104
MGG_12117T0	4875	4876	4088.69	60.341
MGG_15171T0	504	505	0	0
MGG_16792T0	3270	3271	770.536	16.9514
MGG_14753T0	228	229	31	9.74133
MGG_12186T0	1020	1021	0	0
MGG_04966T0	2252	2253	811	25.9031
MGG_01844T0	4315	4316	2454	40.9153
MGG_16032T0	222	223	10	3.22691
MGG_10046T0	2222	2223	10	0.323707
MGG_03372T0	351	352	6582	1345.57
MGG_05268T0	1158	1159	10074	625.476
MGG_17633T0	237	238	11	3.32589
MGG_03320T0	2757	2758	2270	59.2275
MGG_17685T0	174	175	0	0
MGG_00506T0	5201	5202	5841	80.7996
MGG_04235T0	5968	5969	2564	30.9107
MGG_01198T0	1838	1839	397	15.5346
MGG_14672T0	558	559	10	1.2873
MGG_17055T0	267	268	2	0.537016
MGG_08270T0	2873	2874	604.683	15.1403
MGG_02561T0	225	226	0	0
MGG_12173T0	2528	2529	593	16.8732
MGG_01410T0	1626	1627	253	11.1899
MGG_16249T0	395	396	14	2.54405
MGG_04890T0	4405	4406	1196	19.5334
MGG_08722T0	6290	6291	96	1.0981
MGG_07952T0	300	301	0	0
MGG_12595T0	1411	1412	9.00475	0.458912
MGG_06797T0	2042	2043	6	0.211337
MGG_10212T0	2319	2320	4	0.124069
MGG_07285T0	3151	3152	844.434	19.2784
MGG_04503T0	3540	3541	2134	43.3671
MGG_08903T0	2811	2812	1854	47.4446
MGG_04904T0	1918	1919	280.733	10.5271
MGG_07898T0	1218	1219	0	0
MGG_05131T0	1808	1809	1515.5	60.2852
MGG_09309T0	2206	2207	5322	173.526
MGG_04984T0	3894	3895	249	4.60028
MGG_17886T0	183	184	0	0
MGG_16570T0	252	253	0	0
MGG_03699T0	2020	2021	3184	113.37
MGG_17530T0	486	487	12	1.77315
MGG_06667T0	168	169	1879	800.078
MGG_12979T0	2728	2729	112	2.95329
MGG_01406T0	3851	3852	271.815	5.07784
MGG_00870T0	1069	1070	714	48.0183
MGG_08376T0	462	463	1	0.155422
MGG_10865T0	2112	2113	86	2.92881
MGG_15893T0	314	315	1	0.228445
MGG_15521T0	462	463	0	0
MGG_03226T0	1979	1980	14758	536.358
MGG_06863T0	2767	2768	119	3.09366
MGG_16876T0	243	244	0	0
MGG_05363T0	3220	3221	9	0.201068
MGG_08159T0	3497	3498	592	12.1785
MGG_10236T0	4473	4474	48	0.772036
MGG_02804T0	2883	2884	453	11.303
MGG_05985T0	2912	2913	130	3.2114
MGG_00942T0	2049	2050	935.96	32.8546
MGG_00764T0	1690	1691	4003	170.347
MGG_02239T0	516	517	22	3.06213
MGG_06614T0	3808	3809	428.463	8.09457
MGG_17374T0	510	511	26	3.66138
MGG_14845T0	628	629	14	1.60166
MGG_02407T0	777	778	3106	287.286
MGG_10706T0	1425	1426	7	0.353241
MGG_16319T0	2870	2871	952	23.8614
MGG_08590T0	4023	4024	4596	82.1891
MGG_03951T0	1559	1560	599	27.6309
MGG_03132T0	3053	3054	1884.67	44.4078
MGG_17990T0	288	289	5	1.24499
MGG_14741T0	738	739	0	0
MGG_03378T0	5137	5138	4361	61.0779
MGG_17789T0	367	368	15	2.93316
MGG_02293T0	456	457	0	0
MGG_13256T0	988	989	909	66.1393
MGG_05152T0	2870	2871	292	7.31883
MGG_16440T0	300	301	3	0.717211
MGG_09301T0	1802	1803	2136	85.2506
MGG_07010T0	1556	1557	732	33.831
MGG_03271T0	2030	2031	212	7.51135
MGG_08489T0	3229	3230	0	0
MGG_18018T0	249	250	0	0
MGG_07420T0	2054	2055	0	0
MGG_16162T0	318	319	70	15.7906
MGG_12097T0	2977	2978	132	3.18964
MGG_01352T0	3436	3437	1239	25.9408
MGG_06926T0	1577	1578	1085.44	49.4985
MGG_17313T0	624	625	5	0.575681
MGG_13006T0	2441	2442	239	7.04278
MGG_05024T0	2315	2316	371	11.5273
MGG_17275T0	240	241	0	0
MGG_07734T0	4160	4161	12965	224.216
MGG_04732T0	1849	1850	3773	146.76
MGG_01344T0	1161	1162	200.344	12.4069
MGG_15672T0	2931	2932	1214	29.7952
MGG_15132T0	1833	1834	108	4.23757
MGG_15729T0	321	322	6	1.34087
MGG_07141T0	3107	3108	287	6.64497
MGG_12574T0	1734	1735	629	26.0881
MGG_15447T0	710	711	287	29.0472
MGG_03486T0	1002	1003	4245.24	304.574
MGG_00282T0	2972	2973	4	0.0968182
MGG_17272T0	225	226	12	3.82089
MGG_10162T0	2150	2151	7589	253.885
MGG_16932T0	156	157	0	0
MGG_00035T0	1467	1468	0	0
MGG_07408T0	6753	6754	302	3.21764
MGG_03741T0	5575	5576	6060.8	78.2166
MGG_15705T0	4616	4617	1680	26.1843
MGG_16929T0	747	748	0	0
MGG_08904T0	2601	2602	443	12.2515
MGG_03231T0	1793	1794	116	4.65294
MGG_06060T0	1803	1804	2805	111.889
MGG_17952T0	246	247	6	1.74802
MGG_16576T0	387	388	0	0
MGG_16151T0	333	334	0	0
MGG_06361T0	3152	3153	7399	168.866
MGG_07277T0	2657	2658	168	4.54827
MGG_04322T0	2621	2622	789	21.6539
MGG_03544T0	2879	2880	84	2.09884
MGG_01381T0	4733	4734	5536	84.1511
MGG_08481T0	507	508	0	0
MGG_14838T0	477	478	0	0
MGG_03574T0	2523	2524	321	9.15183
MGG_02261T0	1959	1960	836	30.6932
MGG_00471T0	2948	2949	2842.93	69.3718
MGG_08992T0	324	325	0	0
MGG_17910T0	150	151	1	0.476557
MGG_06973T0	1569	1570	314	14.392
MGG_11227T0	1197	1198	5441	326.824
MGG_07387T0	2401	2402	336.381	10.0775
MGG_11078T0	2666	2667	223	6.01692
MGG_00299T0	2629	2630	2984	81.6461
MGG_13156T0	2204	2205	1222	39.88
MGG_01613T0	3577	3578	615.298	12.3748
MGG_01558T0	4895	4896	3949	58.0414
MGG_12107T0	1838	1839	85	3.32605
MGG_02559T0	1505	1506	2	0.0955646
MGG_05059T0	519	520	20012	2769.36
MGG_16010T0	176	177	0	0
MGG_02897T0	3023	3024	7300	173.713
MGG_07222T0	3030	3031	891	21.1536
MGG_17174T0	342	343	30	6.29389
MGG_15410T0	390	391	0	0
MGG_03361T0	1308	1309	240	13.1936
MGG_03217T0	2197	2198	927	30.349
MGG_09448T0	1116	1117	0	0
MGG_00651T0	1674	1675	2	0.0859226
MGG_03664T0	2986	2987	6574	158.375
MGG_18057T0	2080	2081	1460	50.4862
MGG_01308T0	3544	3545	5195	105.454
MGG_10033T0	885	886	0	0
MGG_05501T0	2271	2272	2	0.0633452
MGG_08325T0	3494	3495	310.891	6.40108
MGG_05520T0	1708	1709	91	3.8317
MGG_15679T0	195	196	0	0
MGG_07429T0	1336	1337	4	0.215288
MGG_14954T0	1602	1603	5.07659	0.227893
MGG_00112T0	1150	1151	18	1.12535
MGG_05689T0	1708	1709	142	5.97914
MGG_01027T0	2852	2853	1817	45.8295
MGG_14907T0	2118	2119	283	9.61054
MGG_10474T0	1497	1498	10	0.480375
MGG_17708T0	1994	1995	299.426	10.8004
MGG_07870T0	1742	1743	30	1.23856
MGG_04506T0	1277	1278	2351.38	132.399
MGG_04252T0	2112	2113	48	1.63468
MGG_05151T0	2514	2515	971	27.7826
MGG_07629T0	2570	2571	53	1.48343
MGG_03059T0	4920	4921	2938	42.9626
MGG_03286T0	4295	4296	7350.36	123.122
MGG_14839T0	1152	1153	0	0
MGG_05216T0	3503	3504	753	15.464
MGG_14649T0	763	764	277	26.0903
MGG_04051T0	2850	2851	692.393	17.4762
MGG_00521T0	3485	3486	1078.89	22.2712
MGG_05911T0	441	442	6	0.976835
MGG_01493T0	3281	3282	3892.04	85.3357
MGG_00477T0	2606	2607	1156.06	31.9103
MGG_15576T0	1623	1624	2403	106.478
MGG_13106T0	1236	1237	196	11.4019
MGG_09925T0	4335	4336	2559	42.4691
MGG_08570T0	1567	1568	176	8.07716
MGG_03981T0	952	953	456.3	34.4548
MGG_17127T0	225	226	13	4.1393
MGG_05925T0	1660	1661	335	14.5133
MGG_10527T0	1705	1706	65	2.74174
MGG_03877T0	1908	1909	1565.92	59.0277
MGG_00714T0	741	742	42	4.07322
MGG_05240T0	2166	2167	197	6.54183
MGG_15829T0	351	352	6	1.22659
MGG_00519T0	2651	2652	5609	152.196
MGG_11927T0	894	895	22	1.76885
MGG_01823T0	2436	2437	2534	74.8244
MGG_17173T0	297	298	11	2.65625
MGG_11693T0	1719	1720	15068	630.404
MGG_15026T0	3779	3780	798	15.1916
MGG_06958T0	2365	2366	11535	350.829
MGG_00527T0	624	625	27846	3206.08
MGG_07219T0	6669	6670	139569	1505.76
MGG_05301T0	987	988	126.944	9.24586
MGG_17448T0	820	821	111.11	9.73875
MGG_01752T0	2148	2149	1467	49.1231
MGG_06219T0	1372	1373	24	1.25786
MGG_04011T0	5112	5113	2200	30.9627
MGG_00364T0	1214	1215	2056.46	121.797
MGG_08813T0	1856	1857	6195.72	240.089
MGG_03960T0	4628	4629	3058.06	47.539
MGG_02530T0	1760	1761	0	0
MGG_07933T0	2803	2804	117	3.00262
MGG_09544T0	1118	1119	208	13.376
MGG_15173T0	2238	2239	71	2.2819
MGG_02285T0	396	397	0	0
MGG_04627T0	3539	3540	44	0.89442
MGG_00959T0	984	985	432	31.5602
MGG_08516T0	1191	1192	0	0
MGG_16617T0	1071	1072	1	0.067127
MGG_08391T0	1080	1081	0	0
MGG_01035T0	2159	2160	954	31.7824
MGG_02370T0	1620	1621	17449	774.604
MGG_00704T0	4175	4176	1781	30.6899
MGG_17446T0	177	178	5	2.02135
MGG_00444T0	1348	1349	478.491	25.5243
MGG_07751T0	3524	3525	519	10.595
MGG_09699T0	3728	3729	3066	59.166
MGG_03159T0	2736	2737	504	13.251
MGG_00978T0	1711	1712	8115	341.096
MGG_08630T0	4303	4304	141	2.35743
MGG_17240T0	264	265	1	0.271548
MGG_10877T0	1002	1003	50833	3647.01
MGG_07597T0	2137	2138	2	0.0673154
MGG_16094T0	1275	1276	10.5619	0.595642
MGG_07365T0	1331	1332	26	1.40463
MGG_03229T0	3106	3107	362	8.38416
MGG_10638T0	2805	2806	1619	41.5194
MGG_14828T0	456	457	0	0
MGG_06057T0	3205	3206	8492	190.607
MGG_05829T0	2190	2191	0	0
MGG_03037T0	942	943	0	0
MGG_17674T0	267	268	1	0.268508
MGG_16056T0	624	625	541.261	62.3188
MGG_17959T0	2824	2825	1975	50.3084
MGG_05138T0	942	943	1828	139.494
MGG_14747T0	1951	1952	1303	48.0349
MGG_06561T0	1942	1943	1758	65.1086
MGG_08662T0	438	439	513	84.0901
MGG_14288T0	675	676	0	0
MGG_05115T0	1900	1901	704	26.6491
MGG_03079T0	631	632	7	0.797027
MGG_04562T0	1956	1957	340	12.502
MGG_15853T0	1757	1758	296	12.1162
MGG_08416T0	1704	1705	0	0
MGG_01465T0	947	948	41	3.1122
MGG_00883T0	5873	5874	5678	69.559
MGG_06006T0	2075	2076	2242	77.7142
MGG_10350T0	936	937	0	0
MGG_16826T0	1836	1837	37	1.44939
MGG_16596T0	3052	3053	107	2.52202
MGG_02519T0	3593	3594	12947	259.229
MGG_01829T0	1863	1864	48	1.85305
MGG_06597T0	2406	2407	80	2.3917
MGG_04123T0	3353	3354	1613	34.607
MGG_10666T0	1401	1402	1219	62.5674
MGG_15529T0	171	172	13	5.43885
MGG_17433T0	168	169	0	0
MGG_07626T0	2124	2125	2	0.0677272
MGG_16438T0	180	181	0	0
MGG_17455T0	1363	1364	1465	77.2886
MGG_17156T0	336	337	1	0.213532
MGG_00022T0	12204	12205	15	0.0884394
MGG_17760T0	348	349	0	0
MGG_05589T0	6759	6760	12	0.12774
MGG_09012T0	1521	1522	612	28.9354
MGG_10235T0	1571	1572	7	0.320433
MGG_04017T0	3176	3177	235	5.32283
MGG_00472T0	1789	1790	1751.07	70.3953
MGG_03620T0	2871	2872	4698	117.712
MGG_05914T0	1071	1072	2289	153.654
MGG_04829T0	1291	1292	6461.52	359.885
MGG_06378T0	1018	1019	4328.19	305.65
MGG_10232T0	2051	2052	2873	100.751
MGG_16144T0	1498	1499	94.1354	4.51901
MGG_13187T0	1710	1711	4037	169.786
MGG_04345T0	1593	1594	0	0
MGG_01873T0	1761	1762	88	3.59392
MGG_06846T0	1291	1292	443	24.6736
MGG_07070T0	3639	3640	1649	32.5995
MGG_10088T0	627	628	9	1.03128
MGG_00597T0	3386	3387	4177	88.7445
MGG_17746T0	2957	2958	105.88	2.57577
MGG_17571T0	201	202	1	0.356238
MGG_17779T0	4388	4389	9	0.14756
MGG_07255T0	3332	3333	4637	100.114
MGG_08299T0	3670	3671	57	1.11733
MGG_01402T0	1200	1201	34	2.03717
MGG_02205T0	1224	1225	0	0
MGG_03501T0	1262	1263	60	3.41853
MGG_03147T0	3701	3702	1663	32.3257
MGG_07709T0	2339	2340	2935	90.2577
MGG_15557T0	844	845	0	0
MGG_06364T0	3124	3125	427	9.83264
MGG_05751T0	1630	1631	247	10.8977
MGG_14641T0	339	340	9.17801	1.9425
MGG_01106T0	4509	4510	1096	17.4874
MGG_16261T0	216	217	13	4.31098
MGG_15449T0	474	475	28.3619	4.29669
MGG_00005T0	898	899	59.6471	4.77443
MGG_00234T0	1224	1225	0	0
MGG_06094T0	3412	3413	249	5.24995
MGG_14757T0	8215	8216	2406	21.073
MGG_03399T0	1363	1364	242	12.7671
MGG_17641T0	366	367	0	0
MGG_04559T0	2972	2973	2619	63.3917
MGG_00396T0	842	843	341.989	29.1928
MGG_02987T0	1871	1872	1942.58	74.6733
MGG_06353T0	2518	2519	826.102	23.5992
MGG_10087T0	1347	1348	579	30.9087
MGG_14908T0	1569	1570	153	7.01268
MGG_07961T0	829	830	216	18.727
MGG_11524T0	270	271	3	0.796607
MGG_12322T0	3361	3362	6706	143.535
MGG_04737T0	842	843	0	0
MGG_00469T0	3524	3525	921	18.8015
MGG_10544T0	1473	1474	0	0
MGG_04889T0	579	580	6	0.744415
MGG_10274T0	1370	1371	274	14.3815
MGG_16025T0	543	544	1	0.13228
MGG_04522T0	1153	1154	454	28.3101
MGG_08535T0	1288	1289	488	27.2433
MGG_08411T0	594	595	0	0
MGG_12509T0	393	394	14	2.55696
MGG_05758T0	913	914	2196.81	172.957
MGG_09726T0	1646	1647	303	13.2386
MGG_10591T0	2241	2242	1745	56.0082
MGG_17913T0	201	202	19	6.76853
MGG_00443T0	634	635	125	14.1654
MGG_08422T0	468	469	4	0.613733
MGG_06311T0	1070	1071	295.779	19.8733
MGG_05112T0	2441	2442	948	27.9354
MGG_18139T0	405	406	8	1.41793
MGG_07090T0	2704	2705	238.986	6.35767
MGG_16436T0	329	330	2	0.436122
MGG_16095T0	1485	1486	2	0.0968508
MGG_11261T0	1854	1855	1355	52.5639
MGG_09605T0	549	550	0	0
MGG_00610T0	483	484	3	0.446034
MGG_01956T0	1068	1069	10	0.673154
MGG_07610T0	1605	1606	1817	81.4145
MGG_06520T0	695	696	25	2.58478
MGG_09782T0	1515	1516	164	7.78461
MGG_17434T0	234	235	0	0
MGG_09876T0	1402	1403	2	0.10258
MGG_04642T0	1692	1693	418.64	17.7941
MGG_05803T0	2902	2903	3	0.0743646
MGG_01563T0	4224	4225	6195.46	105.521
MGG_08040T0	581	582	0	0
MGG_16877T0	407	408	13	2.29285
MGG_00698T0	1093	1094	190.068	12.5021
MGG_05237T0	747	748	5069	487.655
MGG_00074T0	946	947	37	2.81154
MGG_17716T0	714	715	30	3.01931
MGG_14664T0	2552	2553	71.0684	2.00317
MGG_01217T0	2764	2765	906	23.579
MGG_07317T0	3105	3106	1137	26.3421
MGG_08014T0	3438	3439	36	0.75329
MGG_00244T0	1245	1246	67	3.86945
MGG_06741T0	1083	1084	510	33.8558
MGG_12092T0	589	590	235.796	28.7592
MGG_10834T0	1604	1605	252	11.2984
MGG_08760T0	2404	2405	8341	249.572
MGG_17019T0	1067	1068	708.951	47.768
MGG_11246T0	2316	2317	6018	186.904
MGG_03840T0	1392	1393	881	45.5111
MGG_15687T0	753	754	7	0.668065
MGG_01165T0	2925	2926	1652	40.6282
MGG_09714T0	3714	3715	10.532	0.204007
MGG_16221T0	2113	2114	980	33.359
MGG_12605T0	2902	2903	557	13.807
MGG_05616T0	1986	1987	1125	40.7424
MGG_16027T0	1242	1243	0	0
MGG_01119T0	2577	2578	24.6454	0.687931
MGG_16833T0	267	268	2	0.537016
MGG_17963T0	622	623	1	0.115506
MGG_10745T0	2587	2588	125	3.47566
MGG_09189T0	1707	1708	241	10.1536
MGG_03977T0	2639	2640	159	4.33396
MGG_03739T0	2823	2824	12	0.30578
MGG_00907T0	1510	1511	9493	452.096
MGG_16816T0	171	172	0	0
MGG_07975T0	1133	1134	6323	401.238
MGG_12954T0	255	256	0	0
MGG_17401T0	840	841	2	0.17113
MGG_16127T0	405	406	35	6.20346
MGG_03171T0	2205	2206	1248	40.71
MGG_00124T0	3826	3827	6699.74	125.977
MGG_15657T0	443	444	5	0.810362
MGG_00399T0	5611	5612	296	3.79548
MGG_07819T0	3117	3118	10.4	0.240021
MGG_14957T0	2295	2296	0	0
MGG_05862T0	1158	1159	291	18.0676
MGG_07372T0	429	430	8128	1360.21
MGG_03952T0	4203	4204	4274	73.1584
MGG_15725T0	1802	1803	555.455	22.169
MGG_09489T0	2644	2645	959	26.0907
MGG_03103T0	2628	2629	901.823	24.6844
MGG_00212T0	1229	1230	984.591	57.6027
MGG_07767T0	1248	1249	2	0.115228
MGG_00897T0	447	448	0	0
MGG_14611T0	870	871	0	0
MGG_07577T0	1821	1822	17	0.671418
MGG_05852T0	960	961	0	0
MGG_07546T0	2210	2211	0	0
MGG_17481T0	480	481	9	1.34645
MGG_11871T0	1484	1485	512	24.8105
MGG_00733T0	2105	2106	211	7.20968
MGG_17234T0	390	391	12	2.2085
MGG_11338T0	781	782	2322	213.672
MGG_16421T0	291	292	30	7.39317
MGG_10831T0	2217	2218	2503.15	81.2115
MGG_07076T0	1549	1550	79	3.66765
MGG_08711T0	2201	2202	16	0.522871
MGG_17474T0	600	601	4.25082	0.508967
MGG_01061T0	1421	1422	2781	140.732
MGG_00877T0	4781	4782	1366.55	20.564
MGG_03064T0	5095	5096	3514	49.6209
MGG_09028T0	1875	1876	677.527	25.9888
MGG_09260T0	1074	1075	5	0.334698
MGG_09717T0	3326	3327	21611	467.427
MGG_05218T0	4744	4745	3325.36	50.4306
MGG_07307T0	1347	1348	38278	2043.39
MGG_02290T0	969	970	2	0.148371
MGG_05952T0	1536	1537	0	0
MGG_07234T0	1017	1018	9081	641.916
MGG_10482T0	2054	2055	0	0
MGG_04949T0	1836	1837	21	0.822626
MGG_06485T0	1738	1739	1185	49.0355
MGG_14815T0	1093	1094	0	0
MGG_01478T0	1449	1450	1287	63.8708
MGG_06526T0	978	979	0	0
MGG_16740T0	249	250	2	0.575681
MGG_10704T0	1049	1050	5	0.342667
MGG_04349T0	1563	1564	0	0
MGG_02041T0	1094	1095	2	0.131434
MGG_07648T0	297	298	0	0
MGG_06309T0	2134	2135	3547	119.552
MGG_09021T0	987	988	41	2.9862
MGG_15784T0	504	505	1	0.142495
MGG_02814T0	1480	1481	125	6.07361
MGG_10480T0	3015	3016	15	0.357892
MGG_17229T0	498	499	0	0
MGG_00410T0	381	382	29	5.46294
MGG_07174T0	4481	4482	1057.15	16.973
MGG_07120T0	3474	3475	4559	94.4076
MGG_09460T0	774	775	24530	2277.66
MGG_15583T0	1902	1903	281.719	10.6529
MGG_09418T0	1718	1719	0	0
MGG_00447T0	5470	5471	5434	71.4735
MGG_05030T0	3128	3129	325	7.47429
MGG_11962T0	1854	1855	215	8.3404
MGG_11818T0	1147	1148	279	17.4886
MGG_02539T0	1708	1709	25	1.05266
MGG_13669T0	2703	2704	2238	59.5587
MGG_08543T0	1105	1106	2	0.130127
MGG_05082T0	4884	4885	14237	209.723
MGG_03078T0	960	961	7	0.524163
MGG_02752T0	789	790	470	42.8117
MGG_04342T0	6785	6786	4657.5	49.3891
MGG_06466T0	1545	1546	791.667	36.849
MGG_07333T0	2273	2274	2212	69.9982
MGG_07866T0	1023	1024	0	0
MGG_10550T0	1446	1447	0	0
MGG_16914T0	1629	1630	24	1.05954
MGG_00647T0	1875	1876	9402	360.645
MGG_16198T0	3459	3460	3594	74.7471
MGG_06149T0	1389	1390	160.189	8.29299
MGG_17491T0	1657	1658	215.396	9.34856
MGG_07849T0	1044	1045	27	1.85926
MGG_05056T0	1107	1108	1786	115.994
MGG_06789T0	3745	3746	417	8.01051
MGG_06712T0	3073	3074	1908	44.6649
MGG_03304T0	1769	1770	130.904	5.32194
MGG_11382T0	2619	2620	3063	84.1275
MGG_08350T0	555	556	2	0.258849
MGG_18106T0	426	427	2	0.33705
MGG_08874T0	2100	2101	343	11.7479
MGG_11657T0	2440	2441	1930	56.896
MGG_07115T0	1512	1513	980.035	46.6117
MGG_12957T0	1843	1844	171	6.6731
MGG_11346T0	6009	6010	5271	63.1118
MGG_08354T0	777	778	54296	5022.04
MGG_13017T0	1548	1549	66.9919	3.11217
MGG_10942T0	2660	2661	179	4.84061
MGG_01247T0	1281	1282	37	2.07685
MGG_01112T0	984	985	1463	106.881
MGG_17080T0	195	196	0	0
MGG_14671T0	345	346	3	0.623932
MGG_15979T0	393	394	0	0
MGG_15547T0	447	448	0	0
MGG_04034T0	1749	1750	2954	121.469
MGG_17705T0	381	382	8	1.50702
MGG_09852T0	2142	2143	267	8.96564
MGG_06845T0	550	551	5	0.652996
MGG_02831T0	2671	2672	536	14.4351
MGG_03082T0	2860	2861	41	1.03124
MGG_06390T0	3295	3296	1651.31	36.0524
MGG_00571T0	2599	2600	166	4.59438
MGG_05350T0	3327	3328	2946	63.7003
MGG_02469T0	1161	1162	178	11.0232
MGG_11084T0	2672	2673	56	1.50758
MGG_00705T0	609	610	487	57.4502
MGG_02564T0	909	910	0	0
MGG_15903T0	651	652	88	9.71241
MGG_03551T0	2918	2919	1066.95	26.3028
MGG_00473T0	1071	1072	2150	144.323
MGG_09742T0	1430	1431	60	3.0172
MGG_12371T0	3042	3043	3975.92	94.0216
MGG_01534T0	3356	3357	49369	1058.27
MGG_10577T0	3314	3315	19	0.412441
MGG_00086T0	1275	1276	93	5.24475
MGG_05234T0	1574	1575	23	1.05085
MGG_08883T0	2875	2876	63.2794	1.58331
MGG_14578T0	855	856	1	0.0840656
MGG_03580T0	2248	2249	1722.71	55.1208
MGG_02275T0	1590	1591	4	0.180918
MGG_15176T0	1492	1493	916.202	44.1595
MGG_01391T0	2048	2049	3150	110.627
MGG_04244T0	1854	1855	676	26.2238
MGG_17335T0	477	478	219	32.9692
MGG_01236T0	2730	2731	11402	300.436
MGG_17130T0	213	214	0	0
MGG_11170T0	1442	1443	275	13.7138
MGG_10282T0	378	379	13	2.46829
MGG_04714T0	4576	4577	6134	96.4395
MGG_00750T0	2835	2836	970	24.6126
MGG_12468T0	2260	2261	22086	702.924
MGG_00204T0	2796	2797	82	2.10967
MGG_16023T0	171	172	0	0
MGG_04032T0	870	871	420	34.6995
MGG_08175T0	1658	1659	1780	77.2086
MGG_02515T0	1601	1602	1798	80.7643
MGG_06939T0	2544	2545	1837.77	51.9632
MGG_16525T0	243	244	0	0
MGG_07536T0	2402	2403	6965	208.574
MGG_05269T0	1746	1747	1187	48.8934
MGG_02821T0	1964	1965	6306	230.932
MGG_07144T0	207	208	34	11.7627
MGG_16942T0	216	217	0	0
MGG_07158T0	2115	2116	11	0.374084
MGG_07497T0	1506	1507	39	1.86227
MGG_10034T0	372	373	0	0
MGG_17468T0	858	859	9	0.753948
MGG_05155T0	2015	2016	1814.56	64.7698
MGG_04461T0	309	310	5	1.16065
MGG_18025T0	313	314	1	0.229172
MGG_12761T0	7704	7705	2477.12	23.1348
MGG_07507T0	1527	1528	138	6.49902
MGG_17615T0	1152	1153	0	0
MGG_06093T0	995	996	673	48.6237
MGG_05053T0	2077	2078	162	5.60998
MGG_01762T0	1207	1208	3102	184.785
MGG_09879T0	1010	1011	28	1.99296
MGG_05099T0	3847	3848	1458.54	27.2756
MGG_06297T0	3407	3408	1898	40.0764
MGG_06493T0	1164	1165	498	30.7607
MGG_17898T0	222	223	1	0.322691
MGG_17027T0	273	274	0	0
MGG_16271T0	690	691	6	0.624835
MGG_14755T0	2319	2320	757	23.4801
MGG_06448T0	2412	2413	489.554	14.5994
MGG_03734T0	1018	1019	1070	75.5617
MGG_02344T0	381	382	0	0
MGG_07320T0	1174	1175	74	4.53196
MGG_14683T0	3537	3538	249	5.06447
MGG_04088T0	832	833	128	11.0575
MGG_02864T0	357	358	0	0
MGG_07207T0	1743	1744	54	2.22812
MGG_10754T0	909	910	1	0.0790771
MGG_06661T0	2632	2633	186.394	5.09416
MGG_07997T0	1850	1851	94	3.65438
MGG_16609T0	592	593	0	0
MGG_09390T0	1890	1891	0	0
MGG_10280T0	333	334	0	0
MGG_06000T0	900	901	364	29.0716
MGG_06834T0	1362	1363	60	3.16773
MGG_10921T0	929	930	10	0.773765
MGG_07265T0	1675	1676	1039.41	44.6277
MGG_01490T0	1720	1721	1949	81.4935
MGG_16709T0	1809	1810	23	0.914411
MGG_14350T0	3796	3797	230	4.35892
MGG_16946T0	219	220	0	0
MGG_09874T0	717	718	12	1.20268
MGG_17258T0	1374	1375	14	0.732685
MGG_16433T0	434	435	3	0.496277
MGG_15666T0	321	322	6	1.34087
MGG_07000T0	3464	3465	10498	218.02
MGG_03169T0	3020	3021	1769	42.1375
MGG_01173T0	391	392	3	0.550716
MGG_00392T0	2096	2097	826	28.3448
MGG_15388T0	1587	1588	0	0
MGG_14244T0	906	907	20963	1663.18
MGG_10892T0	372	373	0	0
MGG_02104T0	1474	1475	2657	129.626
MGG_15647T0	403	404	41	7.30289
MGG_15090T0	2901	2902	841	20.8541
MGG_05812T0	1912	1913	465.042	17.4932
MGG_17376T0	252	253	23	6.54183
MGG_02731T0	2202	2203	6615	216.076
MGG_01223T0	1191	1192	190	11.4702
MGG_11560T0	2927	2928	156	3.83394
MGG_09378T0	219	220	11	3.59801
MGG_01934T0	651	652	0	0
MGG_15397T0	1077	1078	0	0
MGG_01214T0	988	989	13	0.945887
MGG_17983T0	2037	2038	194	6.84999
MGG_05785T0	2408	2409	246	7.34836
MGG_05416T0	444	445	0	0
MGG_18040T0	2368	2369	144	4.37411
MGG_01771T0	1862	1863	1466.22	56.6341
MGG_10848T0	1812	1813	232	9.20836
MGG_07908T0	1271	1272	61	3.45092
MGG_17524T0	259	260	2	0.55354
MGG_08439T0	1155	1156	1	0.0622493
MGG_04887T0	1911	1912	229	8.61866
MGG_16497T0	408	409	625.021	109.967
MGG_15274T0	2457	2458	16	0.468414
MGG_15257T0	936	937	52	3.99352
MGG_04954T0	2515	2516	2037	58.2603
MGG_18088T0	276	277	13	3.37719
MGG_16970T0	1353	1354	36	1.91327
MGG_06268T0	4232	4233	1656.16	28.1543
MGG_13224T0	2065	2066	519	18.0771
MGG_03254T0	4521	4522	2956	47.0399
MGG_06714T0	1355	1356	2061	109.373
MGG_10561T0	1134	1135	0	0
MGG_16461T0	2446	2447	53.0114	1.55893
MGG_04963T0	168	169	821	349.582
MGG_10061T0	4193	4194	5	0.0857894
MGG_08316T0	486	487	0	0
MGG_04827T0	2102	2103	3524	120.584
MGG_06601T0	309	310	4674	1084.97
MGG_16898T0	222	223	7	2.25884
MGG_00385T0	3744	3745	205	3.93907
MGG_07704T0	1800	1801	304	12.1465
MGG_02459T0	1923	1924	1903	71.1747
MGG_09851T0	1023	1024	26	1.82711
MGG_01206T0	2843	2844	2988	75.6037
MGG_00504T0	3452	3453	1065.5	22.205
MGG_04113T0	1423	1424	385	19.4555
MGG_08749T0	1821	1822	2	0.0789903
MGG_16768T0	180	181	3	1.19271
MGG_08651T0	4801	4802	615	9.21606
MGG_04861T0	1003	1004	7973.45	571.485
MGG_00154T0	741	742	383	37.1439
MGG_07890T0	2033	2034	1	0.0353786
MGG_02116T0	3349	3350	64	1.37476
MGG_01488T0	786	787	832	76.0748
MGG_17477T0	1247	1248	3	0.172981
MGG_06957T0	852	853	337	28.4297
MGG_00187T0	1146	1147	311	19.5114
MGG_09095T0	1050	1051	1006	68.8791
MGG_08430T0	966	967	3	0.223248
MGG_08461T0	1296	1297	225	12.4835
MGG_10555T0	885	886	0	0
MGG_06193T0	2501	2502	3244	93.3009
MGG_11039T0	3539	3540	1026	20.8562
MGG_03876T0	3193	3194	422.77	9.52491
MGG_05581T0	693	694	370	38.3649
MGG_06334T0	3581	3582	16065	322.736
MGG_16805T0	1854	1855	81	3.1422
MGG_01827T0	2808	2809	0	0
MGG_04947T0	1848	1849	1764.93	68.6883
MGG_00374T0	1353	1354	9408	500.001
MGG_06443T0	771	772	105	9.78733
MGG_09868T0	2047	2048	1412.81	49.6418
MGG_01657T0	3717	3718	535	10.3547
MGG_16142T0	165	166	0	0
MGG_15498T0	441	442	0	0
MGG_10214T0	891	892	0	0
MGG_13641T0	3025	3026	2980.67	70.8822
MGG_16024T0	249	250	0	0
MGG_12547T0	580	581	7	0.86699
MGG_04338T0	2799	2800	1157	29.735
MGG_07567T0	5032	5033	185	2.64507
MGG_13622T0	2486	2487	23	0.665494
MGG_00500T0	4494	4495	748.846	11.9882
MGG_07627T0	1550	1551	389.335	18.0636
MGG_04151T0	958	959	1827.89	137.159
MGG_06882T0	2972	2973	1299.29	31.4486
MGG_04735T0	444	445	0	0
MGG_06537T0	10466	10467	318	2.18624
MGG_04699T0	3809	3810	9443	178.352
MGG_16359T0	537	538	92.7211	12.4019
MGG_13430T0	623	624	2	0.230642
MGG_06368T0	4440	4441	2736	44.333
MGG_03215T0	1749	1750	1542	63.4072
MGG_07143T0	1380	1381	266	13.8605
MGG_07329T0	1920	1921	620	23.225
MGG_05328T0	2389	2390	3809	114.685
MGG_00288T0	3198	3199	1168	26.2737
MGG_06540T0	1230	1231	18	1.05222
MGG_04410T0	3389	3390	686	14.5618
MGG_01890T0	1545	1546	93	4.32878
MGG_07623T0	366	367	319	62.5485
MGG_16900T0	2132	2133	32	1.07957
MGG_05011T0	1755	1756	33	1.35233
MGG_03081T0	1548	1549	0	0
MGG_15389T0	468	469	9	1.3809
MGG_17738T0	315	316	2	0.455444
MGG_16019T0	807	808	0	0
MGG_01682T0	2656	2657	660	17.8749
MGG_10311T0	1483	1484	26	1.26076
MGG_17974T0	249	250	18	5.18113
MGG_01559T0	2255	2256	1952	62.2634
MGG_15560T0	354	355	0	0
MGG_00109T0	2661	2662	1142	30.871
MGG_15361T0	393	394	0	0
MGG_11439T0	231	232	902	279.776
MGG_10859T0	8917	8918	3974.81	32.0731
MGG_07585T0	1248	1249	0	0
MGG_05908T0	1681	1682	4	0.17113
MGG_09061T0	2473	2474	15	0.436298
MGG_01375T0	915	916	0	0
MGG_10562T0	3200	3201	1058	23.7844
MGG_01847T0	1521	1522	557.056	26.3376
MGG_08580T0	2513	2514	1375	39.3577
MGG_03882T0	2234	2235	265	8.53219
MGG_00021T0	1305	1306	12	0.661196
MGG_14063T0	390	391	0	0
MGG_01599T0	792	793	2166	196.552
MGG_14726T0	1380	1381	0	0
MGG_07099T0	2919	2920	2464	60.7225
MGG_06237T0	1830	1831	101	3.9694
MGG_05048T0	3216	3217	546	12.2133
MGG_03123T0	3483	3484	520	10.7403
MGG_08922T0	2660	2661	1099	29.7197
MGG_01176T0	1556	1557	558	25.7892
MGG_07480T0	1268	1269	1207	68.4444
MGG_09614T0	1164	1165	0	0
MGG_08209T0	1435	1436	1598.81	80.119
MGG_12408T0	1203	1204	17	1.01605
MGG_09780T0	2432	2433	366.827	10.8495
MGG_10272T0	935	936	0	0
MGG_01601T0	3717	3718	988	19.1223
MGG_05271T0	1652	1653	1035	45.0567
MGG_10575T0	1594	1595	335	15.1139
MGG_16226T0	396	397	3	0.54378
MGG_07538T0	720	721	35	3.49321
MGG_07527T0	788	789	925.827	84.4394
MGG_11652T0	1179	1180	147	8.96453
MGG_06383T0	723	724	413	41.0491
MGG_16579T0	3852	3853	14.7655	0.275766
MGG_17638T0	216	217	2	0.663227
MGG_12467T0	947	948	10338.9	784.798
MGG_03117T0	1116	1117	25	1.61057
MGG_09465T0	812	813	416.181	36.837
MGG_03892T0	4906	4907	404.034	5.92508
MGG_17623T0	2617	2618	8	0.219894
MGG_04183T0	2348	2349	2023.75	61.9963
MGG_00556T0	312	313	317	72.8798
MGG_08034T0	474	475	15	2.27243
MGG_17922T0	306	307	9	2.10958
MGG_16422T0	180	181	44	17.4931
MGG_15247T0	1320	1321	35	1.90659
MGG_03781T0	746	747	23	2.21564
MGG_11462T0	859	860	43	3.59801
MGG_08822T0	1484	1485	3021.69	146.425
MGG_03582T0	2614	2615	487.892	13.4259
MGG_01166T0	3033	3034	162	3.8423
MGG_17178T0	505	506	6	0.853283
MGG_03674T0	794	795	190	17.198
MGG_15617T0	731	732	3	0.294919
MGG_01607T0	2388	2389	46858	1411.43
MGG_15517T0	1769	1770	6	0.243933
MGG_10217T0	453	454	0	0
MGG_04000T0	2394	2395	1716	51.5589
MGG_13928T0	2043	2044	25	0.880139
MGG_02235T0	996	997	3	0.21653
MGG_00983T0	2021	2022	1446	51.4611
MGG_05083T0	1260	1261	3471.89	198.126
MGG_17367T0	168	169	0	0
MGG_08911T0	5408	5409	3318	44.142
MGG_02118T0	1278	1279	19	1.06899
MGG_09842T0	513	514	0	0
MGG_16680T0	291	292	0	0
MGG_01583T0	2725	2726	758	20.0095
MGG_11796T0	3328	3329	1838	39.7305
MGG_08799T0	351	352	0	0
MGG_16585T0	458	459	5	0.78388
MGG_00435T0	1797	1798	68	2.72152
MGG_10653T0	1998	1999	925.718	33.3241
MGG_15416T0	633	634	11	1.24852
MGG_05386T0	1035	1036	0	0
MGG_02761T0	1600	1601	152	6.83195
MGG_13799T0	222	223	19	6.13113
MGG_01851T0	1091	1092	9	0.593078
MGG_05463T0	1426	1427	383	19.3138
MGG_07834T0	363	364	0	0
MGG_08789T0	615	616	1	0.116818
MGG_17037T0	228	229	0	0
MGG_06025T0	1423	1424	4950	250.142
MGG_03144T0	4698	4699	1199	18.3614
MGG_07789T0	2262	2263	367.486	11.6855
MGG_10434T0	528	529	0	0
MGG_02328T0	2367	2368	78	2.37031
MGG_10614T0	774	775	0	0
MGG_05002T0	9601	9602	986	7.38937
MGG_01325T0	1781	1782	1254	50.6386
MGG_15513T0	519	520	0	0
MGG_00706T0	2364	2365	814	24.7677
MGG_16760T0	426	427	16	2.6964
MGG_01520T0	1971	1972	3788	138.228
MGG_16880T0	1173	1174	390	23.905
MGG_17523T0	276	277	12	3.11741
MGG_08188T0	324	325	0	0
MGG_00577T0	1960	1961	1721	63.1532
MGG_07727T0	1231	1232	2098	122.543
MGG_06247T0	2385	2386	2429	73.257
MGG_11707T0	1302	1303	1614	89.1356
MGG_06058T0	3153	3154	550.868	12.5683
MGG_14301T0	393	394	32	5.84448
MGG_16305T0	707	708	42	4.26882
MGG_12580T0	3113	3114	1304	30.1336
MGG_11750T0	1660	1661	20220	875.999
MGG_05685T0	1353	1354	2211	117.507
MGG_04816T0	2151	2152	47.4454	1.58651
MGG_14679T0	1714	1715	443.269	18.5993
MGG_07530T0	1843	1844	127	4.95604
MGG_02967T0	1781	1782	329.056	13.2878
MGG_13110T0	2175	2176	1	0.0330699
MGG_04282T0	699	700	87	8.94362
MGG_08277T0	546	547	48	6.3146
MGG_01348T0	5459	5460	1956.88	25.7908
MGG_16330T0	162	163	0	0
MGG_15795T0	2145	2146	371.882	12.47
MGG_06296T0	986	987	998.524	72.8003
MGG_03298T0	1808	1809	141	5.60883
MGG_07621T0	444	445	0	0
MGG_08052T0	2432	2433	24	0.709841
MGG_00369T0	1807	1808	96	3.82089
MGG_09828T0	2580	2581	239	6.66349
MGG_18015T0	564	565	16	2.03781
MGG_05310T0	1761	1762	1768.92	72.2428
MGG_01995T0	1715	1716	10727	449.835
MGG_16658T0	348	349	0	0
MGG_07078T0	1745	1746	832.707	34.3194
MGG_06065T0	2632	2633	1210	33.0694
MGG_15312T0	357	358	74	14.8744
MGG_08378T0	1605	1606	0	0
MGG_17740T0	375	376	26.2404	5.02198
MGG_11519T0	1468	1469	930	45.5568
MGG_01336T0	1677	1678	194	8.31959
MGG_05593T0	768	769	124	11.6035
MGG_07349T0	735	736	15	1.46658
MGG_11130T0	3117	3118	1849.55	42.6856
MGG_02154T0	327	328	0	0
MGG_09598T0	1725	1726	3	0.125076
MGG_05987T0	612	613	164	19.252
MGG_10764T0	909	910	35	2.7677
MGG_01107T0	1458	1459	449	22.1454
MGG_15844T0	153	154	0	0
MGG_15636T0	3796	3797	113	2.14156
MGG_00017T0	3414	3415	0	0
MGG_10713T0	1042	1043	69	4.76055
MGG_06020T0	2258	2259	1220.22	38.87
MGG_04880T0	1332	1333	37	1.99739
MGG_01570T0	4942	4943	11524	167.766
MGG_16799T0	222	223	4	1.29077
MGG_08044T0	1679	1680	59	2.52717
MGG_16428T0	1004	1005	29	2.07646
MGG_00774T0	1003	1004	186.141	13.3414
MGG_09436T0	600	601	27	3.23282
MGG_09534T0	992	993	214.963	15.5778
MGG_01776T0	3484	3485	238	4.91435
MGG_01688T0	2090	2091	3468	119.349
MGG_01260T0	2691	2692	5750	153.704
MGG_05244T0	7669	7670	7871	73.8459
MGG_10571T0	1777	1778	3167	128.177
MGG_01051T0	1433	1434	451	22.6318
MGG_07121T0	2073	2074	867	30.0817
MGG_07535T0	3309	3310	8885	193.162
MGG_12230T0	713	714	10	1.00785
MGG_16711T0	3630	3631	6044.92	119.8
MGG_16168T0	1275	1276	3.09563	0.174578
MGG_16645T0	210	211	6	2.04626
MGG_08058T0	1014	1015	102	7.23146
MGG_01612T0	2219	2220	1315.7	42.6478
MGG_10443T0	2313	2314	35	1.08842
MGG_01777T0	4248	4249	687	11.6349
MGG_07085T0	705	706	621	63.2964
MGG_09027T0	2803	2804	692.473	17.7712
MGG_17280T0	1731	1732	343	14.2508
MGG_17203T0	491	492	0	0
MGG_01713T0	1140	1141	165	10.4062
MGG_06190T0	2426	2427	472	13.9947
MGG_02580T0	1575	1576	1125	51.3675
MGG_12770T0	3077	3078	29.2347	0.683474
MGG_13543T0	1278	1279	1084	60.9889
MGG_08979T0	2919	2920	5	0.123219
MGG_03934T0	975	976	299	22.0452
MGG_00436T0	2034	2035	315	11.1388
MGG_06100T0	5526	5527	1344.78	17.5087
MGG_07376T0	414	415	0	0
MGG_04148T0	1840	1841	2763.48	108.018
MGG_07189T0	975	976	2236	164.86
MGG_04202T0	890	891	97256	7854.72
MGG_04137T0	1787	1788	4396.52	176.943
MGG_00980T0	828	829	131	11.3713
MGG_15850T0	716	717	449	45.0629
MGG_06911T0	1483	1484	282.865	13.7163
MGG_01719T0	1417	1418	2017.1	102.363
MGG_17749T0	177	178	0	0
MGG_16875T0	690	691	15	1.56209
MGG_04969T0	1948	1949	5751	212.336
MGG_05565T0	1135	1136	26	1.64698
MGG_03321T0	1539	1540	285	13.3173
MGG_03454T0	1547	1548	29	1.34809
MGG_00851T0	3228	3229	440.825	9.82405
MGG_02670T0	5292	5293	149	2.02571
MGG_06629T0	1582	1583	2674	121.555
MGG_07056T0	624	625	675	77.717
MGG_01986T0	999	1000	48	3.45409
MGG_11567T0	1502	1503	529	25.3273
MGG_02433T0	782	783	506.207	46.522
MGG_09069T0	1776	1777	10.0038	0.405105
MGG_17588T0	1575	1576	2	0.09132
MGG_01062T0	1477	1478	8267	402.5
MGG_05863T0	1062	1063	363	24.5734
MGG_16009T0	280	281	0	0
MGG_06740T0	1764	1765	0	0
MGG_15124T0	1534	1535	0	0
MGG_15008T0	1121	1122	401	25.7184
MGG_04215T0	3442	3443	32.259	0.674227
MGG_00415T0	1305	1306	4	0.220399
MGG_09348T0	930	931	2105	162.703
MGG_10637T0	1471	1472	1233	60.2764
MGG_17214T0	2016	2017	0	0
MGG_10014T0	1314	1315	0	0
MGG_07171T0	5032	5033	2970	42.4641
MGG_14924T0	771	772	33	3.07602
MGG_00417T0	2507	2508	86	2.46753
MGG_06084T0	2999	3000	99	2.37469
MGG_10825T0	1178	1179	2536.17	154.795
MGG_03227T0	548	549	9281	1216.51
MGG_09820T0	2396	2397	20	0.600419
MGG_05539T0	1650	1651	0	0
MGG_01848T0	1822	1823	1839.94	72.629
MGG_12462T0	1583	1584	1543.9	70.1384
MGG_01723T0	2203	2204	581	18.9695
MGG_07080T0	1418	1419	2338.36	118.583
MGG_08410T0	1527	1528	0	0
MGG_15869T0	452	453	72.3861	11.4987
MGG_16641T0	204	205	2	0.70205
MGG_15620T0	252	253	0	0
MGG_11805T0	1533	1534	462	21.6725
MGG_06823T0	1509	1510	24	1.14374
MGG_09601T0	2004	2005	0	0
MGG_17881T0	640	641	0	0
MGG_14540T0	1109	1110	9	0.583461
MGG_00963T0	3344	3345	13	0.279666
MGG_15256T0	1117	1118	0	0
MGG_08857T0	1722	1723	98	4.09292
MGG_02832T0	2624	2625	778	21.3276
MGG_06070T0	3488	3489	5863	120.924
MGG_04459T0	4709	4710	163	2.49034
MGG_02714T0	1024	1025	665	46.6863
MGG_16857T0	252	253	3	0.853283
MGG_00441T0	612	613	18	2.11302
MGG_17735T0	207	208	0	0
MGG_08675T0	697	698	1	0.103095
MGG_04175T0	1744	1745	493.237	20.34
MGG_08256T0	1364	1365	1589	83.769
MGG_10747T0	969	970	3	0.222557
MGG_07466T0	2021	2022	11945.4	425.119
MGG_01918T0	1587	1588	37	1.67665
MGG_15379T0	701	702	43	4.40782
MGG_09208T0	4624	4625	957	14.8899
MGG_09600T0	2058	2059	16	0.559185
MGG_16270T0	291	292	6	1.47863
MGG_03218T0	1742	1743	3556	146.81
MGG_00715T0	617	618	429	49.9529
MGG_05261T0	2398	2399	3230	96.8868
MGG_06615T0	1685	1686	4.53741	0.193661
MGG_17228T0	186	187	0	0
MGG_01144T0	1209	1210	690	41.0351
MGG_01154T0	1703	1704	453.098	19.1344
MGG_05456T0	960	961	377	28.2299
MGG_05139T0	1431	1432	99	4.9749
MGG_00561T0	1126	1127	18	1.14932
MGG_04042T0	3639	3640	683	13.5024
MGG_06425T0	2805	2806	233	5.97531
MGG_04177T0	6583	6584	2047	22.3728
MGG_01875T0	951	952	36	2.72118
MGG_05107T0	2205	2206	321	10.4711
MGG_03439T0	1330	1331	15874	858.224
MGG_10155T0	609	610	2	0.235935
MGG_11223T0	1510	1511	27	1.28585
MGG_03906T0	3885	3886	847	15.6846
MGG_08084T0	5037	5038	23857	340.761
MGG_16218T0	159	160	1	0.449751
MGG_06011T0	1385	1386	2089	108.459
MGG_17362T0	225	226	0	0
MGG_09473T0	885	886	89	7.2285
MGG_01950T0	1560	1561	0	0
MGG_06511T0	1724	1725	974	40.6314
MGG_01053T0	1024	1025	34	2.38697
MGG_05896T0	309	310	7	1.62491
MGG_08097T0	2921	2922	14672	361.328
MGG_00629T0	336	337	94	20.072
MGG_10613T0	1244	1245	0	0
MGG_18007T0	378	379	13	2.46829
MGG_15895T0	1478	1479	8189.42	398.453
MGG_15390T0	1404	1405	0	0
MGG_18014T0	201	202	16	5.69981
MGG_08855T0	5409	5410	5673	75.4584
MGG_08786T0	1840	1841	9	0.351788
MGG_09235T0	2633	2634	1147	31.3357
MGG_08457T0	3593	3594	31760	635.908
MGG_14198T0	1185	1186	9	0.546072
MGG_09213T0	2910	2911	1662.28	41.0916
MGG_01220T0	2487	2488	1521.21	43.9977
MGG_01824T0	4016	4017	3960	70.9391
MGG_00071T0	1309	1310	17	0.933834
MGG_06113T0	1300	1301	46	2.54433
MGG_03715T0	1349	1350	1561	83.2073
MGG_02820T0	1016	1017	369	26.1094
MGG_03263T0	2185	2186	45	1.48134
MGG_15220T0	279	280	0	0
MGG_06342T0	3885	3886	1848	34.2209
MGG_09522T0	3647	3648	366	7.21969
MGG_17763T0	171	172	0	0
MGG_12831T0	1840	1841	833	32.5599
MGG_02986T0	5892	5893	1219.42	14.8905
MGG_01963T0	1024	1025	5	0.351025
MGG_10020T0	399	400	0	0
MGG_12337T0	1230	1231	5058	295.674
MGG_10423T0	1815	1816	216	8.55914
MGG_04817T0	2232	2233	393.555	12.6826
MGG_09106T0	483	484	1	0.148678
MGG_16490T0	765	766	2028	190.516
MGG_00814T0	984	985	1096	80.0694
MGG_17848T0	1200	1201	162.068	9.71059
MGG_08169T0	2029	2030	672	23.8213
MGG_02284T0	1233	1234	21	1.22461
MGG_08528T0	1760	1761	0	0
MGG_15733T0	264	265	1	0.271548
MGG_13241T0	1172	1173	50	3.06736
MGG_03036T0	1676	1677	162.925	6.99113
MGG_06751T0	1528	1529	14794	696.258
MGG_03124T0	1629	1630	69	3.04617
MGG_07129T0	3465	3466	4429.54	91.965
MGG_16409T0	1182	1183	8936.73	543.608
MGG_07019T0	2192	2193	26	0.853153
MGG_04144T0	5054	5055	3396	48.3436
MGG_05400T0	906	907	0	0
MGG_08161T0	2660	2661	749.923	20.2798
MGG_08207T0	3139	3140	1874	42.9469
MGG_14928T0	1710	1711	18.7807	0.789867
MGG_13866T0	1539	1540	0	0
MGG_17000T0	1735	1736	454	18.8191
MGG_15770T0	799	800	11	0.989452
MGG_10931T0	1021	1022	39	2.74603
MGG_06486T0	813	814	337	29.7919
MGG_14639T0	1437	1438	281	14.0618
MGG_02977T0	1809	1810	78	3.10105
MGG_16953T0	669	670	129	13.855
MGG_15691T0	216	217	1	0.331614
MGG_17754T0	162	163	0	0
MGG_04505T0	2022	2023	1727.52	61.4495
MGG_07518T0	3495	3496	2192	45.1192
MGG_00631T0	2994	2995	180	4.32482
MGG_07048T0	1225	1226	2730	160.238
MGG_03433T0	1594	1595	1	0.0451161
MGG_01058T0	2024	2025	10632	377.817
MGG_09751T0	1134	1135	27	1.71183
MGG_08493T0	2400	2401	0	0
MGG_17255T0	357	358	0	0
MGG_05028T0	1574	1575	17723	809.746
MGG_16457T0	3267	3268	2832.97	62.3809
MGG_15654T0	1451	1452	160	7.92949
MGG_04554T0	2070	2071	3	0.10424
MGG_14590T0	1472	1473	6	0.293117
MGG_15599T0	2018	2019	100	3.56415
MGG_12022T0	1467	1468	0	0
MGG_12348T0	381	382	12	2.26053
MGG_05504T0	306	307	0	0
MGG_06545T0	3128	3129	26.6824	0.613637
MGG_07842T0	1922	1923	43	1.60909
MGG_16113T0	366	367	0	0
MGG_04872T0	3773	3774	1417.71	27.032
MGG_17987T0	249	250	68	19.5732
MGG_03529T0	2443	2444	153	4.50487
MGG_01395T0	1023	1024	5	0.351368
MGG_08451T0	333	334	3	0.646349
MGG_17989T0	1158	1159	2048	127.157
MGG_08532T0	411	412	1	0.174661
MGG_13538T0	1665	1666	3	0.12958
MGG_06105T0	1167	1168	511.407	31.5076
MGG_08278T0	1920	1921	422	15.808
MGG_12805T0	2588	2589	824.954	22.9292
MGG_05552T0	1072	1073	22	1.47542
MGG_11895T0	3858	3859	2515	46.8981
MGG_17567T0	189	190	0	0
MGG_17940T0	327	328	7	1.53574
MGG_17449T0	3789	3790	3854.93	73.193
MGG_15114T0	2149	2150	0	0
MGG_08174T0	1420	1421	240	12.1537
MGG_09645T0	6381	6382	0	0
MGG_13085T0	363	364	0	0
MGG_10716T0	1162	1163	10	0.618746
MGG_07713T0	819	820	16	1.4041
MGG_15409T0	835	836	10	0.860767
MGG_04551T0	1287	1288	2957	165.207
MGG_04199T0	2996	2997	2237.76	53.7304
MGG_16152T0	396	397	14	2.53764
MGG_03587T0	2042	2043	1121	39.4847
MGG_08198T0	3996	3997	6636	119.472
MGG_18004T0	852	853	2	0.168723
MGG_04048T0	1589	1590	16	0.724127
MGG_02637T0	1228	1229	8	0.468414
MGG_09913T0	1867	1868	1448	55.7807
MGG_16079T0	186	187	0	0
MGG_01435T0	3115	3116	56	1.29325
MGG_16290T0	270	271	1	0.265536
MGG_09628T0	900	901	0	0
MGG_06871T0	2230	2231	1945.53	62.7524
MGG_08185T0	2655	2656	72	1.95073
MGG_16837T0	156	157	1	0.458345
MGG_10956T0	1139	1140	6	0.378738
MGG_17650T0	165	166	0	0
MGG_00448T0	2304	2305	124	3.87118
MGG_01728T0	1896	1897	359	13.6182
MGG_18105T0	372	373	7	1.35046
MGG_01414T0	4528	4529	93	1.47765
MGG_11758T0	6947	6948	2131	22.0707
MGG_09956T0	3458	3459	2062	42.8973
MGG_14293T0	1459	1460	1219.33	60.098
MGG_12321T0	4125	4126	358	6.24376
MGG_16148T0	1237	1238	154	8.95143
MGG_02774T0	2493	2494	1117	32.2291
MGG_07580T0	1761	1762	2	0.0816801
MGG_08592T0	582	583	334	41.2259
MGG_03867T0	996	997	30	2.1653
MGG_05664T0	4886	4887	5810	85.5512
MGG_07846T0	1543	1544	0	0
MGG_02949T0	3782	3783	3187	60.6231
MGG_05133T0	3320	3321	3006	65.1347
MGG_10939T0	453	454	0	0
MGG_04617T0	5721	5722	5862	73.7208
MGG_00254T0	1609	1610	21780	973.473
MGG_07200T0	3359	3360	72972	1562.82
MGG_07958T0	1458	1459	1	0.0493216
MGG_08236T0	7851	7852	0	0
MGG_05330T0	407	408	45.109	7.95601
MGG_15754T0	225	226	0	0
MGG_15537T0	3875	3876	4034	74.8935
MGG_14326T0	800	801	1	0.0898379
MGG_01796T0	1167	1168	19	1.17058
MGG_09696T0	4254	4255	3202.22	54.1557
MGG_16672T0	243	244	0	0
MGG_04633T0	3555	3556	0	0
MGG_06696T0	8818	8819	6098.37	49.7607
MGG_10478T0	528	529	0	0
MGG_00635T0	3636	3637	4923	97.4044
MGG_00491T0	1477	1478	2549	124.104
MGG_08128T0	2992	2993	1462	35.1506
MGG_04467T0	1484	1485	8854.56	429.075
MGG_03197T0	1953	1954	2556	94.1301
MGG_00630T0	3839	3840	923	17.2967
MGG_01725T0	1783	1784	454	18.3127
MGG_04738T0	1213	1214	3	0.177826
MGG_08492T0	1551	1552	0	0
MGG_06847T0	1955	1956	511	18.7994
MGG_16140T0	198	199	0	0
MGG_14854T0	732	733	972	95.4233
MGG_14598T0	2160	2161	28030	933.384
MGG_10558T0	2479	2480	0	0
MGG_00789T0	963	964	2280	170.196
MGG_00846T0	1380	1381	89	4.63755
MGG_01099T0	1327	1328	573	31.0491
MGG_00119T0	1077	1078	11509	768.265
MGG_06901T0	2155	2156	1054	35.179
MGG_16938T0	594	595	0	0
MGG_06865T0	450	451	0	0
MGG_14422T0	225	226	0	0
MGG_04983T0	1192	1193	0	0
MGG_04594T0	1554	1555	119	5.50692
MGG_03646T0	3409	3410	8176	172.536
MGG_16223T0	940	941	31	2.37063
MGG_10244T0	647	648	0	0
MGG_03025T0	900	901	249	19.8869
MGG_12275T0	1945	1946	25172	930.823
MGG_05158T0	1842	1843	20	0.780902
MGG_02941T0	2696	2697	1737	46.3459
MGG_15849T0	246	247	3	0.87401
MGG_16342T0	327	328	13	2.85208
MGG_16367T0	180	181	0	0
MGG_01892T0	2198	2199	250.832	8.20823
MGG_00721T0	1212	1213	64	3.79674
MGG_01002T0	1281	1282	352	19.7582
MGG_04094T0	849	850	0	0
MGG_06124T0	6483	6484	462	5.12733
MGG_06918T0	1544	1545	7370	343.266
MGG_03397T0	1684	1685	425	18.1502
MGG_13933T0	1173	1174	1.03427	0.0633957
MGG_05929T0	2667	2668	86	2.31956
MGG_16965T0	1492	1493	3	0.144595
MGG_15614T0	345	346	0	0
MGG_15699T0	329	330	0	0
MGG_17502T0	573	574	2.13175	0.267249
MGG_16173T0	615	616	0	0
MGG_00679T0	1971	1972	1407.4	51.3573
MGG_07238T0	2115	2116	400	13.6031
MGG_12501T0	1469	1470	0	0
MGG_10523T0	2792	2793	1629	41.9703
MGG_09461T0	2996	2997	229	5.49846
MGG_05060T0	2879	2880	5606	140.072
MGG_05824T0	1594	1595	14	0.631625
MGG_01614T0	2370	2371	1799	54.5999
MGG_16131T0	1877	1878	28	1.07289
MGG_05210T0	1233	1234	4312	251.452
MGG_10446T0	1857	1858	212	8.21074
MGG_13509T0	813	814	411	36.3337
MGG_01636T0	3654	3655	1552	30.556
MGG_14995T0	1353	1354	67	3.56081
MGG_00317T0	1637	1638	178	7.81985
MGG_03878T0	3235	3236	226.078	5.02739
MGG_09976T0	1983	1984	5132	186.139
MGG_17358T0	599	600	1.0115	0.121313
MGG_17764T0	2438	2439	69.6394	2.05464
MGG_14279T0	1632	1633	62274	2744.18
MGG_07053T0	2067	2068	115	4.00165
MGG_09884T0	3194	3195	1888.94	42.5441
MGG_16669T0	3333	3334	34	0.733847
MGG_15070T0	2393	2394	280	8.41639
MGG_14426T0	799	800	0	0
MGG_12601T0	1728	1729	238	9.90545
MGG_03810T0	12768	12769	6	0.0338132
MGG_02780T0	2782	2783	525	13.5749
MGG_07026T0	1971	1972	1663	60.6845
MGG_04856T0	1964	1965	12125	444.029
MGG_13530T0	2551	2552	1315	37.0798
MGG_02663T0	2321	2322	972	30.1229
MGG_06315T0	3296	3297	2090.16	45.6196
MGG_06980T0	1983	1984	85	3.08297
MGG_15442T0	786	787	0	0
MGG_05892T0	2597	2598	770.67	21.3462
MGG_02029T0	1827	1828	0	0
MGG_09289T0	1446	1447	580	28.8437
MGG_05229T0	3113	3114	1554	35.9108
MGG_09137T0	963	964	0	0
MGG_11142T0	1240	1241	320.321	18.574
MGG_06133T0	1536	1537	5987	280.303
MGG_04006T0	4044	4045	158	2.8108
MGG_05874T0	2457	2458	185	5.41604
MGG_07411T0	951	952	18	1.36059
MGG_17583T0	162	163	0	0
MGG_12767T0	3362	3363	12123	259.403
MGG_03603T0	2440	2441	273.262	8.0557
MGG_10200T0	2577	2578	752	20.9907
MGG_12742T0	2946	2947	0	0
MGG_02773T0	2397	2398	1359	40.7814
MGG_01826T0	1430	1431	740.454	37.235
MGG_09941T0	4860	4861	433	6.40995
MGG_02327T0	960	961	15	1.12321
MGG_09595T0	495	496	0	0
MGG_02788T0	2386	2387	656.201	19.7823
MGG_00300T0	1548	1549	230	10.6849
MGG_01276T0	1002	1003	0	0
MGG_00083T0	910	911	0	0
MGG_17975T0	1493	1494	1453	69.9853
MGG_00530T0	2209	2210	1559.2	50.7695
MGG_06955T0	2458	2459	57.4349	1.68077
MGG_07681T0	2901	2902	1008	24.9951
MGG_09841T0	1406	1407	1115	57.026
MGG_02882T0	2591	2592	675	18.7396
MGG_02462T0	869	870	844.596	69.8589
MGG_09494T0	1406	1407	1030.46	52.7021
MGG_09552T0	2993	2994	3750.19	90.1349
MGG_04365T0	1974	1975	4547	165.672
MGG_08880T0	2376	2377	5649	171.015
MGG_17935T0	2495	2496	5	0.144151
MGG_03006T0	1435	1436	738.818	37.0233
MGG_02534T0	1875	1876	298	11.4308
MGG_12835T0	747	748	1	0.0962034
MGG_03772T0	2061	2062	0	0
MGG_12521T0	1139	1140	2884	182.047
MGG_08906T0	588	589	2141.51	261.635
MGG_10213T0	1014	1015	1	0.0708967
MGG_05989T0	2337	2338	736	22.653
MGG_04787T0	915	916	464	36.4514
MGG_14982T0	309	310	0	0
MGG_08065T0	2379	2380	2134	64.5223
MGG_15047T0	1704	1705	0	0
MGG_11337T0	918	919	721	56.4562
MGG_14371T0	663	664	194	21.0245
MGG_14046T0	435	436	0	0
MGG_10324T0	1662	1663	1168	50.5409
MGG_05325T0	2967	2968	3163.48	76.6997
MGG_09005T0	2563	2564	1556.37	43.6806
MGG_17488T0	231	232	69	21.4019
MGG_16887T0	4324	4325	4865	80.9448
MGG_02345T0	534	535	0	0
MGG_10958T0	4894	4895	3830	56.3039
MGG_03794T0	999	1000	0	0
MGG_14009T0	1982	1983	1835	66.5895
MGG_00026T0	1218	1219	0	0
MGG_08098T0	2033	2034	679	24.0221
MGG_10254T0	1230	1231	131	7.65782
MGG_06898T0	2428	2429	1145	33.9211
MGG_12821T0	3710	3711	4410	85.5145
MGG_06758T0	1782	1783	938	37.8568
MGG_15995T0	1557	1558	0	0
MGG_14640T0	1702	1703	883	37.3111
MGG_07084T0	1500	1501	230	11.0265
MGG_17103T0	1358	1359	4575.88	242.296
MGG_07341T0	1029	1030	805	56.2407
MGG_17773T0	351	352	0	0
MGG_03088T0	2571	2572	368	10.296
MGG_00812T0	1134	1135	877.98	55.6648
MGG_08654T0	2560	2561	1651	46.3906
MGG_04025T1	1563	1564	190.398	8.76027
MGG_04025T0	1354	1355	438.602	23.2929
MGG_07190T0	3180	3181	8679.68	196.351
MGG_15651T0	306	307	0	0
MGG_17094T0	279	280	0	0
MGG_05931T0	2084	2085	2551.49	88.0601
MGG_10426T0	4455	4456	1298	20.9615
MGG_12853T0	1379	1380	2350	122.541
MGG_04095T0	1470	1471	2273	111.193
MGG_10852T0	2065	2066	671	23.3714
MGG_08778T0	1336	1337	502	27.0187
MGG_05951T0	2163	2164	48	1.59616
MGG_06183T0	1883	1884	15278	583.55
MGG_14823T0	2519	2520	264	7.53868
MGG_00986T0	1589	1590	1278	57.8397
MGG_14674T0	1725	1726	113	4.71118
MGG_03935T0	1158	1159	485	30.1127
MGG_07679T0	1863	1864	0	0
MGG_17160T0	282	283	6	1.52566
MGG_00915T0	2741	2742	1188	31.1775
MGG_07290T0	1308	1309	46	2.52878
MGG_08144T0	1633	1634	11051	486.678
MGG_08102T0	895	896	1015.85	81.5857
MGG_03756T0	932	933	20.3606	1.57036
MGG_15434T0	363	364	0	0
MGG_02549T0	1017	1018	6	0.424127
MGG_17131T0	222	223	0	0
MGG_07697T0	642	643	0	0
MGG_07630T0	354	355	237	48.041
MGG_10320T0	2610	2611	1198	33.0173
MGG_04445T0	3113	3114	772	17.8398
MGG_17002T0	1778	1779	126	5.09667
MGG_15802T0	180	181	0	0
MGG_10184T0	4212	4213	954.065	16.2959
MGG_17612T0	743	744	15.769	1.52519
MGG_10054T0	2554	2555	1421.67	40.0407
MGG_11636T0	4950	4951	141.125	2.05118
MGG_11469T0	1062	1063	1361	92.1334
MGG_09953T0	1410	1411	462	23.5617
MGG_13215T0	1643	1644	37	1.61954
MGG_15924T0	306	307	0	0
MGG_15838T0	1001	1002	6	0.430899
MGG_00164T0	3157	3158	4789	109.125
MGG_08779T0	999	1000	6	0.431761
MGG_15955T0	246	247	1	0.291337
MGG_02705T0	4519	4520	20343.9	323.883
MGG_08735T0	2886	2887	1343	33.4751
MGG_08768T0	1433	1434	631	31.6645
MGG_03591T0	2389	2390	740	22.2806
MGG_06095T0	1230	1231	2977	174.026
MGG_09804T0	1191	1192	5	0.301846
MGG_04923T0	6380	6381	1533	17.288
MGG_17321T0	341	342	22	4.62902
MGG_16394T0	933	934	30	2.31135
MGG_08480T0	876	877	2	0.164105
MGG_08659T0	462	463	0	0
MGG_03287T0	2116	2117	669	22.7404
MGG_00695T0	3548	3549	347.284	7.0416
MGG_09499T0	2902	2903	2696	66.829
MGG_03593T0	1553	1554	825	38.2028
MGG_11491T0	4755	4756	4969	75.1829
MGG_04352T0	1092	1093	1255	82.6258
MGG_06388T0	5621	5622	5768	73.8289
MGG_13253T0	2359	2360	297	9.056
MGG_10955T0	4988	4989	513	7.39939
MGG_05525T0	2194	2195	14142.4	463.639
MGG_05578T0	1943	1944	268	9.92043
MGG_03686T0	2694	2695	2107	56.2598
MGG_17132T0	544	545	29	3.82907
MGG_01017T0	5000	5001	12	0.17267
MGG_07775T0	642	643	69	7.72201
MGG_05688T0	1580	1581	190.415	8.66684
MGG_07366T0	1665	1666	12	0.51832
MGG_15245T0	1478	1479	7144	347.588
MGG_18109T0	189	190	0	0
MGG_14713T0	3078	3079	1446	33.7949
MGG_03104T0	1703	1704	11	0.464532
MGG_16114T0	1332	1333	0	0
MGG_09236T0	3964	3965	4164	75.5718
MGG_17742T0	204	205	16	5.6164
MGG_07058T0	1413	1414	659.477	33.5616
MGG_18034T0	625	626	13	1.49438
MGG_12538T0	4519	4520	939	14.9492
MGG_02748T0	4224	4225	102	1.73726
MGG_00449T0	2721	2722	1293	34.1824
MGG_10499T0	1394	1395	1.11591	0.0575634
MGG_02488T0	2835	2836	1105	28.0381
MGG_15259T0	783	784	467	42.864
MGG_17723T0	703	704	8	0.817729
MGG_09372T0	1910	1911	281	10.5813
MGG_05484T0	4115	4116	1641.24	28.6939
MGG_17265T0	153	154	1670	780.347
MGG_01424T0	1961	1962	3836	140.693
MGG_16196T0	2549	2550	4	0.112879
MGG_04773T0	2509	2510	10672	305.96
MGG_08079T0	887	888	385.173	31.213
MGG_01730T0	4061	4062	928	16.4399
MGG_07295T0	1487	1488	1056	51.0685
MGG_18030T0	581	582	837.454	103.545
MGG_14269T0	1292	1293	157	8.73762
MGG_16445T0	2639	2640	1261	34.3719
MGG_15988T0	4463	4464	3754	60.5149
MGG_03008T0	3959	3960	2062	37.4702
MGG_15739T0	873	874	3583	295.004
MGG_15492T0	1738	1739	31.2516	1.2932
MGG_00018T0	2408	2409	0	0
MGG_04257T0	1881	1882	4	0.152944
MGG_17731T0	751	752	10	0.956917
MGG_04606T0	4286	4287	271.102	4.55063
MGG_03005T0	2145	2146	281	9.42256
MGG_16416T0	550	551	2	0.261198
MGG_12469T0	762	763	8	0.754497
MGG_09705T0	1502	1503	111	5.31442
MGG_00488T0	1335	1336	5639.82	303.774
MGG_00336T0	2232	2233	586.207	18.891
MGG_17056T0	297	298	16	3.86363
MGG_15398T0	798	799	0	0
MGG_10239T0	1486	1487	4	0.193571
MGG_10257T0	1332	1333	0	0
MGG_01389T0	2323	2324	47	1.4553
MGG_08432T0	297	298	0	0
MGG_03222T0	5908	5909	2252.86	27.4355
MGG_02691T0	2535	2536	1997	56.6658
MGG_13777T0	849	850	1992	168.641
MGG_03518T0	2621	2622	1109	30.4362
MGG_09171T0	1152	1153	1014	63.285
MGG_16117T0	216	217	0	0
MGG_07645T0	1455	1456	2	0.0988464
MGG_08540T0	2016	2017	42	1.49843
MGG_02204T0	2073	2074	0	0
MGG_01987T0	3170	3171	301	6.83066
MGG_07684T0	855	856	8	0.672525
MGG_08899T0	819	820	151	13.2512
MGG_06136T0	1413	1414	1340	68.1942
MGG_02546T0	444	445	0	0
MGG_17601T0	360	361	0	0
MGG_12009T0	3374	3375	1601	34.1358
MGG_07232T0	1613	1614	2360	105.221
MGG_05007T0	1995	1996	1298	46.7957
MGG_04853T0	3275	3276	15544	341.437
MGG_04680T0	2122	2123	1376	46.6402
MGG_16926T0	1448	1449	182.049	9.04092
MGG_05259T0	3008	3009	2234	53.4261
MGG_12956T0	5288	5289	15491.3	210.768
MGG_07815T0	918	919	7	0.548119
MGG_08898T0	3837	3838	14578	273.329
MGG_07301T0	1239	1240	3933	228.241
MGG_09806T0	1801	1802	11	0.439268
MGG_09070T0	1274	1275	27	1.52386
MGG_15611T0	228	229	0	0
MGG_15252T0	399	400	0	0
MGG_14558T0	7290	7291	4761	46.9898
MGG_07532T0	3856	3857	1092.67	20.3859
MGG_14014T0	3372	3373	2071.41	44.1918
MGG_05277T0	2356	2357	174.438	5.32565
MGG_12611T0	2160	2161	502	16.7163
MGG_00863T0	2841	2842	2119	53.6536
MGG_02242T0	2292	2293	599	18.7981
MGG_07790T0	1621	1622	12040	534.156
MGG_03262T0	2538	2539	92	2.60746
MGG_05846T0	807	808	0	0
MGG_17029T0	192	193	48	17.8968
MGG_03045T0	1223	1224	1004	59.0261
MGG_15045T0	735	736	0	0
MGG_12096T0	558	559	26	3.34698
MGG_02794T0	1824	1825	1738	68.5297
MGG_15822T0	905	906	2	0.158852
MGG_04919T0	1342	1343	2534.68	135.812
MGG_08370T0	2311	2312	14896	463.633
MGG_11336T0	1526	1527	712	33.5531
MGG_02210T0	1788	1789	2	0.0804474
MGG_00084T0	1662	1663	0	0
MGG_02437T0	2362	2363	2924.68	89.065
MGG_02351T0	15858	15859	14	0.063525
MGG_03516T0	4677	4678	6275	96.5263
MGG_17378T0	570	571	55	6.93136
MGG_17281T0	279	280	29	7.45302
MGG_10252T0	1916	1917	114	4.27932
MGG_06068T0	1269	1270	3328	188.57
MGG_09311T0	3387	3388	1255.97	26.6764
MGG_16879T0	222	223	3	0.968074
MGG_02756T0	828	829	6002	520.995
MGG_05668T0	758	759	3558	337.331
MGG_09810T0	720	721	0	0
MGG_15020T0	1665	1666	312	13.4763
MGG_15006T0	1752	1753	1088.76	44.6933
MGG_03667T0	3149	3150	5788	132.224
MGG_02400T0	1486	1487	321	15.5341
MGG_09490T0	1701	1702	7	0.295958
MGG_17487T0	399	400	8	1.4392
MGG_11615T0	1161	1162	53	3.28218
MGG_03517T0	2615	2616	992	27.2876
MGG_01074T0	4748	4749	1195	18.1075
MGG_04362T0	1259	1260	6066	346.437
MGG_05732T0	1576	1577	5538	252.705
MGG_05503T0	1380	1381	362	18.8628
MGG_13200T0	1849	1850	1429	55.5844
MGG_07035T0	2199	2200	1703	55.7037
MGG_02818T0	2187	2188	185	6.08438
MGG_06654T0	1611	1612	1981	88.4324
MGG_10287T0	1700	1701	0	0
MGG_17413T0	468	469	2	0.306866
MGG_00559T0	1427	1428	256	12.9004
MGG_14601T0	1314	1315	30	1.64168
MGG_06206T0	630	631	1	0.114041
MGG_01115T0	4754	4755	4200.53	63.5691
MGG_02402T0	246	247	82	23.8896
MGG_08949T0	1794	1795	21	0.841874
MGG_06216T0	2268	2269	14	0.444003
MGG_16831T0	988	989	0	0
MGG_05026T0	797	798	2743	247.352
MGG_00138T0	3100	3101	882	20.4672
MGG_02445T0	899	900	328	26.2255
MGG_17038T0	836	837	359	30.8646
MGG_08984T0	3027	3028	33	0.784242
MGG_09836T0	957	958	3	0.225345
MGG_17554T0	576	577	0	0
MGG_17830T0	1371	1372	155	8.12961
MGG_05217T0	2884	2885	1051.64	26.231
MGG_05450T0	1356	1357	2189	116.08
MGG_01671T0	2111	2112	581.693	19.8195
MGG_07154T0	1215	1216	1000.6	59.2135
MGG_00379T0	1164	1165	77	4.75617
MGG_16910T0	177	178	1	0.404271
MGG_08926T0	996	997	876	63.2268
MGG_05407T0	426	427	0	0
MGG_07336T0	1267	1268	810	45.9682
MGG_10329T0	2833	2834	147	3.73258
MGG_11731T0	2004	2005	149	5.34766
MGG_06398T0	2420	2421	1252	37.2136
MGG_15001T0	408	409	144	25.3356
MGG_04994T0	3370	3371	1684	35.9481
MGG_09909T0	2635	2636	1054	28.7731
MGG_03403T0	886	887	81	6.57133
MGG_17059T0	192	193	11	4.10136
MGG_09019T0	764	765	15	1.41098
MGG_14526T0	3278	3279	769.23	16.8813
MGG_09246T0	2741	2742	1592	41.7799
MGG_15746T0	150	151	1	0.476557
MGG_13908T0	907	908	94	7.44962
MGG_14547T0	1344	1345	113	6.04572
MGG_00351T0	3049	3050	419	9.88567
MGG_17184T0	165	166	3	1.30048
MGG_15203T0	2592	2593	96	2.66416
MGG_10589T0	1317	1318	0	0
MGG_10370T0	776	777	6930	641.807
MGG_16126T0	1316	1317	4758	259.975
MGG_18089T0	498	499	0	0
MGG_15201T0	348	349	0	0
MGG_00888T0	2288	2289	36	1.13175
MGG_06181T0	1596	1597	15	0.675894
MGG_14778T0	4740	4741	901	13.6756
MGG_08017T0	3363	3364	268	5.73285
MGG_15508T0	1126	1127	69	4.40572
MGG_12847T0	1328	1329	91554	4957.29
MGG_02487T0	5611	5612	15859	203.353
MGG_11167T0	1099	1100	357.757	23.4038
MGG_08787T0	423	424	0	0
MGG_18140T0	726	727	0	0
MGG_16303T0	222	223	0	0
MGG_13276T0	1076	1077	97	6.48109
MGG_04526T0	3814	3815	1716	32.3679
MGG_02243T0	2695	2696	234	6.2458
MGG_14921T0	936	937	589	45.2343
MGG_02288T0	660	661	156	16.983
MGG_01799T0	1878	1879	529	20.2591
MGG_04610T0	3591	3592	193	3.86646
MGG_06734T0	1428	1429	619.722	31.2074
MGG_00857T0	2478	2479	1276.42	37.0518
MGG_07512T0	2487	2488	347	10.0362
MGG_02014T0	1553	1554	0	0
MGG_07687T0	1326	1327	4	0.216911
MGG_17778T0	171	172	184	76.9806
MGG_14783T0	736	737	92	8.98281
MGG_17014T0	171	172	0	0
MGG_03290T0	4805	4806	364	5.45017
MGG_02355T0	1089	1090	20	1.32037
MGG_05580T0	1974	1975	2666	97.1371
MGG_17394T0	195	196	1	0.367144
MGG_17757T0	525	526	0	0
MGG_03473T0	1868	1869	86	3.31117
MGG_07565T0	1287	1288	236	13.1852
MGG_04367T0	1785	1786	481	19.3801
MGG_12906T0	1851	1852	15407.1	598.65
MGG_17630T0	168	169	1	0.4258
MGG_10743T0	2778	2779	1729	44.7712
MGG_16365T0	566	567	6	0.761483
MGG_03198T0	2971	2972	3929	95.1317
MGG_17337T0	261	262	0	0
MGG_10798T0	603	604	37	4.40816
MGG_02387T0	3216	3217	469	10.4909
MGG_07987T0	1182	1183	0	0
MGG_16590T0	1551	1552	3	0.139098
MGG_15760T0	3756	3757	1053.66	20.1815
MGG_07177T0	513	514	6876	962.642
MGG_08598T0	5972	5973	8794	105.946
MGG_02903T0	825	826	5	0.435594
MGG_06399T0	4532	4533	4424	70.2298
MGG_15923T0	306	307	0	0
MGG_01662T0	2936	2937	3476.13	85.1696
MGG_01420T0	1524	1525	88	4.15246
MGG_15718T0	2045	2046	581	20.4344
MGG_06959T0	1470	1471	1054	51.5608
MGG_07503T0	1946	1947	841	31.0829
MGG_08162T0	1952	1953	6793	250.295
MGG_13836T0	765	766	416	39.0802
MGG_02495T0	504	505	2	0.284991
MGG_10840T0	2823	2824	2004.74	51.0841
MGG_06505T0	2118	2119	1286	43.6719
MGG_08311T0	1428	1429	95	4.78392
MGG_00150T0	1986	1987	7296	264.228
MGG_12003T0	1132	1133	14	0.889181
MGG_07979T0	1554	1555	0	0
MGG_08351T0	744	745	0	0
MGG_16897T0	330	331	3	0.652207
MGG_07062T0	2512	2513	509	14.5753
MGG_16026T0	931	932	9	0.694894
MGG_09118T0	2762	2763	300.361	7.82268
MGG_17860T0	590	591	4	0.48704
MGG_09421T0	630	631	0	0
MGG_13420T0	420	421	1	0.170927
MGG_06785T0	1141	1142	179.372	11.3026
MGG_03265T0	4053	4054	2220	39.4059
MGG_06406T0	1492	1493	958	46.174
MGG_12978T0	1518	1519	66	3.12664
MGG_11761T0	3349	3350	1536	32.9943
MGG_03846T0	4537	4538	4803	76.1623
MGG_07334T0	4261	4262	1273	21.4935
MGG_16822T0	150	151	0	0
MGG_03706T0	1704	1705	341	14.392
MGG_15307T0	936	937	5	0.383992
MGG_10149T0	1396	1397	232	11.9504
MGG_08607T0	405	406	0	0
MGG_12672T0	2959	2960	5850	142.219
MGG_01914T0	855	856	0	0
MGG_05178T0	1148	1149	199	12.4631
MGG_10148T0	4796	4797	91.3974	1.37106
MGG_04212T0	2374	2375	19	0.575681
MGG_10357T0	2217	2218	975	31.6326
MGG_16502T0	153	154	118	55.1383
MGG_08208T0	5090	5091	1301.19	18.392
MGG_12474T0	2113	2114	477	16.237
MGG_10881T0	1287	1288	0	0
MGG_02862T0	2088	2089	324	11.1609
MGG_07282T0	3107	3108	748.584	17.3321
MGG_06279T0	3816	3817	1585	29.8813
MGG_05755T0	2570	2571	1794	50.2126
MGG_11535T0	2787	2788	496	12.8021
MGG_00346T0	3017	3018	314	7.48691
MGG_04204T0	2287	2288	3713	116.778
MGG_03464T0	888	889	908	73.4981
MGG_01508T0	1596	1597	7808	351.825
MGG_05584T0	2702	2703	253	6.73545
MGG_10853T0	3196	3197	350	7.87803
MGG_07391T0	787	788	1365.38	124.687
MGG_04997T0	3344	3345	7	0.150589
MGG_15457T0	1932	1933	0	0
MGG_01439T0	2417	2418	31	0.922566
MGG_09700T0	2041	2042	125	4.405
MGG_15280T0	1268	1269	874.403	49.5841
MGG_11819T0	348	349	22	4.53617
MGG_06620T0	989	990	12	0.872244
MGG_17980T0	234	235	7	2.14349
MGG_17613T0	1276	1277	0	0
MGG_17365T0	2449	2450	19	0.558058
MGG_12214T0	8311	8312	457	3.95642
MGG_17693T0	405	406	4	0.708967
MGG_07876T0	987	988	8	0.582673
MGG_08064T0	1245	1246	72	4.15821
MGG_02654T0	2425	2426	30	0.889862
MGG_15934T0	342	343	0	0
MGG_03442T0	1631	1632	4	0.176373
MGG_17083T0	489	490	0	0
MGG_03014T0	2388	2389	8390	252.719
MGG_06167T0	2212	2213	481	15.6407
MGG_00680T0	1399	1400	276.602	14.2174
MGG_08706T0	1031	1032	2557	178.297
MGG_00118T0	4756	4757	4739	71.6879
MGG_16993T0	3852	3853	13.6156	0.25429
MGG_05081T0	636	637	15.0887	1.70453
MGG_04239T0	1089	1090	13	0.85824
MGG_16810T0	237	238	0	0
MGG_06246T0	1554	1555	637.667	29.5091
MGG_00466T0	3622	3623	9342	185.551
MGG_06627T0	1732	1733	645	26.7826
MGG_15111T0	1324	1325	206	11.1878
MGG_02618T0	856	857	15	1.25951
MGG_13562T0	2893	2894	172.882	4.29875
MGG_08912T0	2259	2260	1749	55.6895
MGG_15929T0	156	157	0	0
MGG_12766T0	3775	3776	1103.2	21.024
MGG_10194T0	1416	1417	85	4.31659
MGG_04082T0	2166	2167	1871.53	62.1486
MGG_07193T0	1544	1545	763	35.5376
MGG_16003T0	435	436	0	0
MGG_17152T0	162	163	0	0
MGG_00332T0	4047	4048	1007.45	17.9092
MGG_06109T0	2379	2380	169.88	5.13637
MGG_10352T0	813	814	0	0
MGG_16125T0	1766	1767	116	4.72404
MGG_02865T0	1314	1315	0	0
MGG_09281T0	516	517	995	138.492
MGG_00056T0	1318	1319	233.638	12.7465
MGG_09978T0	1946	1947	3487.6	128.9
MGG_03692T0	1549	1550	1242	57.661
MGG_09072T0	2064	2065	13.0533	0.454874
MGG_06573T0	818	819	589	51.7516
MGG_13916T0	1315	1316	7	0.382767
MGG_15625T0	306	307	0	0
MGG_14517T0	3516	3517	5211	106.621
MGG_02890T0	2517	2518	565	16.1467
MGG_00853T0	2060	2061	7645	266.926
MGG_17013T0	192	193	0	0
MGG_16230T0	1910	1911	12420	467.685
MGG_11684T0	1526	1527	1	0.0471252
MGG_07264T0	2227	2228	60	1.93789
MGG_05691T0	378	379	10	1.89868
MGG_04117T0	2655	2656	1127.2	30.5396
MGG_10074T0	357	358	0	0
MGG_08246T0	698	699	1.00985	0.103962
MGG_06467T0	1727	1728	2850.33	118.698
MGG_08571T0	2700	2701	543	14.4666
MGG_09574T0	1242	1243	1581.36	91.5484
MGG_14733T0	903	904	120	9.55223
MGG_03568T0	4136	4137	1162.36	20.2184
MGG_08495T0	2232	2233	62	1.998
MGG_01549T0	3217	3218	1988	44.4552
MGG_00341T0	2101	2102	1461	50.0161
MGG_02109T0	276	277	4	1.03914
MGG_05946T0	2995	2996	238	5.71646
MGG_11757T0	3000	3001	1007.58	24.1605
MGG_01489T0	3682	3683	925	18.0731
MGG_08326T0	2052	2053	825.398	28.9312
MGG_16166T0	180	181	35	13.9149
MGG_01357T0	2134	2135	41	1.3819
MGG_12809T0	3377	3378	2940	62.6296
MGG_04709T0	5249	5250	861	11.8015
MGG_01976T0	3584	3585	7221	144.944
MGG_13165T0	3673	3674	7166	140.356
MGG_14897T0	12929	12930	59	0.328356
MGG_10199T0	4394	4395	4231	69.275
MGG_06666T0	1810	1811	1441	57.2582
MGG_16464T0	237	238	11	3.32589
MGG_15238T0	2559	2560	1049.51	29.5012
MGG_00195T0	3218	3219	103	2.30255
MGG_06539T0	1019	1020	25	1.76373
MGG_15563T0	3203	3204	1064	23.8969
MGG_00325T0	1548	1549	425	19.7437
MGG_08550T0	1676	1677	42	1.80222
MGG_17897T0	240	241	0	0
MGG_14268T0	1351	1352	114.225	6.07963
MGG_06961T0	1621	1622	1583	70.2299
MGG_16818T0	946	947	2	0.151975
MGG_15759T0	1986	1987	469	16.9851
MGG_14864T0	1107	1108	47	3.05246
MGG_02294T0	1620	1621	26	1.1542
MGG_04655T0	2172	2173	240	7.94774
MGG_04618T0	2204	2205	1086.88	35.4702
MGG_14696T0	342	343	248	52.0295
MGG_03480T0	3059	3060	3333	78.3801
MGG_03326T0	405	406	225	39.8794
MGG_08693T0	3423	3424	4005	84.1707
MGG_16532T0	1251	1252	0	0
MGG_13517T0	3819	3820	46	0.866536
MGG_04427T0	4331	4332	10725	178.156
MGG_06934T0	4122	4123	4908	85.661
MGG_03272T0	612	613	15	1.76085
MGG_15702T0	1717	1718	1	0.041886
MGG_15762T0	339	340	2	0.423295
MGG_11374T0	2046	2047	303.764	10.6785
MGG_05871T0	1896	1897	33661	1276.89
MGG_17905T0	979	980	16	1.17486
MGG_16392T0	2105	2106	564	19.2714
MGG_15499T0	153	154	6	2.80364
MGG_05897T0	1097	1098	23.132	1.51601
MGG_06563T0	3293	3294	527	11.5128
MGG_08120T0	1989	1990	33	1.19331
MGG_04884T0	1872	1873	3467	133.201
MGG_06896T0	6168	6169	807	9.41349
MGG_09738T0	1860	1861	70	2.70672
MGG_07225T0	990	991	1948	141.451
MGG_01092T0	1458	1459	2091	103.131
MGG_17566T0	381	382	0	0
MGG_01606T0	2557	2558	6631.33	186.549
MGG_07198T0	3424	3425	1788	37.5664
MGG_05645T0	1067	1068	13.2927	0.895639
MGG_10215T0	1673	1674	0	0
MGG_16873T0	417	418	5	0.860767
MGG_03291T0	2769	2770	1087	28.2385
MGG_01712T0	1601	1602	8782.97	394.522
MGG_09802T0	2669	2670	5	0.134757
MGG_05065T0	4960	4961	2333.61	33.8495
MGG_04216T0	1979	1980	14.741	0.535739
MGG_00663T0	1297	1298	63.4369	3.51689
MGG_05439T0	2080	2081	1120	38.7292
MGG_07347T0	3031	3032	26	0.617073
MGG_00398T0	2671	2672	0	0
MGG_18111T0	258	259	14	3.88974
MGG_18108T0	525	526	0	0
MGG_07126T0	2552	2553	515	14.5161
MGG_17230T0	327	328	0	0
MGG_18031T0	456	457	2	0.314924
MGG_05970T0	1049	1050	2680.38	183.696
MGG_03613T0	1519	1520	103	4.87625
MGG_03526T0	1317	1318	18.3346	1.00103
MGG_07539T0	4151	4152	2041	35.3735
MGG_07788T0	1182	1183	44	2.67646
MGG_17528T0	3624	3625	1005.14	19.9531
MGG_12426T0	351	352	0	0
MGG_07549T0	2392	2393	9	0.27064
MGG_05582T0	801	802	24	2.15342
MGG_05263T0	1326	1327	1118	60.6266
MGG_09710T0	1519	1520	123	5.82309
MGG_17713T0	2118	2119	131	4.44869
MGG_13429T0	2914	2915	660	16.2929
MGG_16640T0	398	399	3	0.541054
MGG_05084T0	1508	1509	1	0.0476873
MGG_09575T0	1605	1606	136	6.09376
MGG_17621T0	303	304	0	0
MGG_13179T0	1437	1438	15	0.750628
MGG_16724T0	896	897	6	0.481339
MGG_13484T0	1274	1275	1550	87.481
MGG_02384T0	2052	2053	876	30.7049
MGG_10551T0	507	508	0	0
MGG_10568T0	1621	1622	11309	501.725
MGG_07447T0	3476	3477	9727	201.31
MGG_14605T0	360	361	7	1.39535
MGG_17151T0	162	163	1	0.441473
MGG_03083T0	1474	1475	0	0
MGG_00075T0	1989	1990	1891	68.3802
MGG_07242T0	2607	2608	183	5.04935
MGG_14700T0	162	163	4	1.76589
MGG_08182T0	2018	2019	5229	186.369
MGG_15231T0	258	259	20	5.55677
MGG_02943T0	1011	1012	58	4.1242
MGG_16820T0	567	568	9.53407	1.20788
MGG_04466T0	4529	4530	518.659	8.23903
MGG_05100T0	534	535	6.46332	0.869349
MGG_04675T0	4885	4886	108	1.59061
MGG_02329T0	2179	2180	388	12.8076
MGG_16908T0	969	970	838.516	62.2059
MGG_06494T0	2599	2600	871	24.1067
MGG_17400T0	5288	5289	9	0.122451
MGG_07504T0	806	807	4047	360.871
MGG_05223T0	1908	1909	174.915	6.59347
MGG_06072T0	1746	1747	4069	167.605
MGG_11934T0	1723	1724	638	26.6303
MGG_09110T0	2425	2426	968	28.7129
MGG_15650T0	170	171	3	1.26246
MGG_04519T0	3032	3033	7940	188.382
MGG_10598T0	3500	3501	27	0.554963
MGG_15043T0	3020	3021	7	0.16674
MGG_04434T0	1335	1336	951	51.2231
MGG_00495T0	1981	1982	60	2.17841
MGG_01852T0	2682	2683	1841	49.3771
MGG_16224T0	274	275	10	2.61673
MGG_17200T0	645	646	385	42.8865
MGG_16361T0	3815	3816	3918	73.8836
MGG_05174T0	1622	1623	2720	120.599
MGG_16386T0	444	445	0	0
MGG_08202T0	2681	2682	1241	33.297
MGG_09148T0	1023	1024	0	0
MGG_15408T0	2227	2228	9	0.290683
MGG_00407T0	1916	1917	2427	91.1045
MGG_10953T0	1380	1381	0	0
MGG_03817T0	1771	1772	1	0.0406096
MGG_02077T0	405	406	54	9.57106
MGG_01903T0	1208	1209	7	0.416643
MGG_17033T0	294	295	0	0
MGG_07153T0	1318	1319	6103.4	332.981
MGG_00585T0	354	355	0	0
MGG_15706T0	443	444	16.2853	2.6394
MGG_16541T0	201	202	5	1.78119
MGG_16523T0	282	283	166	42.2098
MGG_07651T0	342	343	0	0
MGG_11548T0	2700	2701	279	7.43313
MGG_10736T0	1420	1421	34	1.72178
MGG_02557T0	1076	1077	0	0
MGG_00969T0	1752	1753	559	22.9468
MGG_15205T0	1033	1034	36	2.50538
MGG_10832T0	948	949	11365.8	861.842
MGG_03337T0	2736	2737	37	0.97279
MGG_08077T0	2146	2147	4536	152.031
MGG_03167T0	1219	1220	16	0.94374
MGG_10533T0	1594	1595	15	0.676741
MGG_18102T0	162	163	0	0
MGG_02523T0	2133	2134	3362	113.369
MGG_12476T0	1419	1420	33	1.67231
MGG_10705T0	1995	1996	0	0
MGG_16159T0	1290	1291	0	0
MGG_13867T0	813	814	0	0
MGG_06786T0	1844	1845	489.628	19.0969
MGG_17111T0	1457	1458	508.873	25.1156
MGG_15383T0	1947	1948	0	0
MGG_02489T0	1968	1969	2473.26	90.3891
MGG_12865T0	2794	2795	29018	747.098
MGG_05636T0	1462	1463	129.096	6.34979
MGG_15435T0	1533	1534	0	0
MGG_11079T0	2469	2470	3574	104.124
MGG_01067T0	1522	1523	1229	58.069
MGG_15606T0	1921	1922	840	31.4498
MGG_00050T0	4599	4600	148	2.31524
MGG_02373T0	993	994	203	14.6961
MGG_07266T0	1523	1524	1068.59	50.4567
MGG_02129T0	2661	2662	24	0.648777
MGG_06333T0	701	702	6197	635.238
MGG_17073T0	1863	1864	143	5.52055
MGG_17451T0	198	199	0	0
MGG_04683T0	1933	1934	250	9.30199
MGG_15581T0	201	202	0	0
MGG_09513T0	2095	2096	498	17.0974
MGG_16449T0	282	283	1	0.254276
MGG_14692T0	1638	1639	213	9.35175
MGG_15395T0	372	373	0	0
MGG_11613T0	1887	1888	0	0
MGG_05324T0	1761	1762	783.517	31.9989
MGG_17791T0	354	355	5	1.01352
MGG_07644T0	1659	1660	58	2.51427
MGG_11620T0	219	220	5	1.63546
MGG_01315T0	1812	1813	220.232	8.74128
MGG_16828T0	1391	1392	107	5.53142
MGG_07079T0	1762	1763	168.64	6.88337
MGG_16737T0	564	565	4	0.509452
MGG_03859T0	3255	3256	2579	56.9979
MGG_10783T0	1048	1049	5	0.342994
MGG_08645T0	3918	3919	3201	58.7763
MGG_10750T0	2969	2970	0	0
MGG_09284T0	1497	1498	136.126	6.53915
MGG_05964T0	1070	1071	1096.53	73.6758
MGG_17669T0	3119	3120	1685	38.8631
MGG_16317T0	556	557	32	4.13416
MGG_14613T0	1996	1997	0	0
MGG_03293T0	1080	1081	50	3.32841
MGG_10207T0	1490	1491	0	0
MGG_04353T0	483	484	26	3.86563
MGG_08212T0	2770	2771	1173	30.4617
MGG_00201T0	2850	2851	166	4.18989
MGG_10180T0	3214	3215	1638	36.6627
MGG_06310T0	603	604	4113.22	490.046
MGG_07857T0	1125	1126	0	0
MGG_05274T0	1598	1599	387.997	17.4611
MGG_08845T0	3418	3419	830	17.4691
MGG_16794T0	177	178	1	0.404271
MGG_04685T0	5534	5535	4631	60.2073
MGG_04574T0	1110	1111	1587	102.791
MGG_13426T0	2325	2326	14	0.433122
MGG_07522T0	1888	1889	49	1.86662
MGG_15905T0	366	367	105	20.5881
MGG_00650T0	1195	1196	566	34.0547
MGG_08976T0	1011	1012	199	14.1503
MGG_07765T0	3343	3344	159	3.42155
MGG_16134T0	1274	1275	176	9.93332
MGG_14663T0	1710	1711	189	7.94884
MGG_11498T0	2525	2526	822	23.417
MGG_07706T0	2614	2615	797	21.932
MGG_10740T0	1169	1170	2104.21	129.418
MGG_04696T0	1036	1037	9327	647.225
MGG_00913T0	2177	2178	271	8.95372
MGG_09630T0	1816	1817	0	0
MGG_07227T0	1582	1583	3	0.136374
MGG_16535T0	886	887	4022.13	326.306
MGG_06599T0	3268	3269	6838.22	150.529
MGG_07622T0	303	304	0	0
MGG_09356T0	369	370	0	0
MGG_06604T0	1419	1420	2122	107.535
MGG_16593T0	171	172	0	0
MGG_06228T0	1065	1066	0	0
MGG_09991T0	1876	1877	3445	132.074
MGG_00901T0	1950	1951	769	28.3636
MGG_17194T0	547	548	261	34.273
MGG_14630T0	294	295	8	1.95146
MGG_11902T0	3407	3408	2875.14	60.7089
MGG_03895T0	1181	1182	2300.57	140.059
MGG_16453T0	150	151	0	0
MGG_17096T0	240	241	1	0.29859
MGG_12301T0	2260	2261	2782	88.5419
MGG_00117T0	2716	2717	498	13.1896
MGG_15431T0	1374	1375	34	1.77938
MGG_04527T0	1916	1917	5971	224.139
MGG_06872T0	3225	3226	492.469	10.9852
MGG_17967T0	537	538	18.0311	2.41175
MGG_03528T0	906	907	296	23.4842
MGG_16207T0	257	258	0	0
MGG_04005T0	1152	1153	1560	97.3615
MGG_08191T0	692	693	17	1.76526
MGG_16769T0	275	276	12	3.1287
MGG_01961T0	1532	1533	10	0.469407
MGG_09243T0	1434	1435	262	13.1384
MGG_03096T0	1238	1239	6	0.348475
MGG_13944T0	738	739	46	4.47925
MGG_05467T0	2344	2345	1393	42.7465
MGG_06328T0	3880	3881	814	15.0929
MGG_03437T0	1924	1925	297	11.1024
MGG_13005T0	2375	2376	1222.25	37.0174
MGG_01579T0	1487	1488	8888	429.827
MGG_07007T0	1595	1596	3002.91	135.395
MGG_03065T0	983	984	4309	315.118
MGG_06928T0	2953	2954	3001.19	73.1098
MGG_15883T0	201	202	4	1.42495
MGG_12463T0	4768	4769	862	13.0068
MGG_16431T0	429	430	6	1.0041
MGG_09960T0	3938	3939	7859	143.573
MGG_10662T0	3317	3318	188	4.07731
MGG_13176T0	5891	5892	2052.75	25.0706
MGG_17418T0	276	277	2	0.519568
MGG_14523T0	708	709	5	0.507476
MGG_14884T0	1557	1558	1593	73.5767
MGG_01004T0	2312	2313	627	19.5067
MGG_09154T0	1182	1183	13	0.790771
MGG_17020T0	1068	1069	0	0
MGG_07968T0	1801	1802	86	3.43428
MGG_15351T0	1117	1118	36	2.31714
MGG_03985T0	3885	3886	3393	62.8309
MGG_08683T0	2109	2110	149	5.08155
MGG_10331T0	618	619	0	0
MGG_00249T0	4311	4312	1530	25.5332
MGG_00309T0	2012	2013	3420	122.257
MGG_10493T0	2976	2977	1625	39.2796
MGG_02792T0	2091	2092	72	2.47664
MGG_06971T0	3756	3757	6999	134.056
MGG_06760T0	3539	3540	2190.21	44.522
MGG_08195T0	1938	1939	3940	146.221
MGG_04412T0	1573	1574	4064	185.798
MGG_13032T0	1622	1623	680	30.1497
MGG_01473T0	1957	1958	14602	536.651
MGG_07178T0	3379	3380	4022	85.6283
MGG_05811T0	3644	3645	4232	83.5488
MGG_09870T0	1284	1285	4	0.224
MGG_05051T0	1303	1304	1	0.0551842
MGG_04689T0	1870	1871	36464	1402.43
MGG_00971T0	1575	1576	1298.07	59.2699
MGG_01863T0	1986	1987	44	1.59348
MGG_09517T0	3059	3060	6739	158.477
MGG_17355T0	372	373	0	0
MGG_15135T0	843	844	3	0.255783
MGG_15865T0	2194	2195	2938	96.3184
MGG_10897T0	1974	1975	0	0
MGG_03070T0	1981	1982	145	5.26449
MGG_14978T0	774	775	0	0
MGG_08990T0	882	883	3	0.244485
MGG_05519T0	1664	1665	45	1.94487
MGG_13385T0	3328	3329	558.071	12.0633
MGG_00475T0	3843	3844	571.731	10.7029
MGG_09928T0	3607	3608	9527.41	190.021
MGG_00956T0	1536	1537	394.401	18.4653
MGG_12442T0	1691	1692	4	0.170119
MGG_14841T0	342	343	0	0
MGG_16376T0	165	166	2	0.86699
MGG_08356T0	1455	1456	25	1.23558
MGG_06514T0	2708	2709	4501.96	119.587
MGG_17811T0	744	745	42	4.05681
MGG_01078T0	1442	1443	364	18.1521
MGG_06420T0	3223	3224	3695.08	82.4748
MGG_09952T0	822	823	3542	309.7
MGG_17542T0	3201	3202	2300	51.6891
MGG_08315T0	2249	2250	26	0.83154
MGG_05193T0	3794	3795	12079.2	229.043
MGG_05515T0	1295	1296	7	0.388674
MGG_03929T0	2143	2144	1964	65.9187
MGG_04272T0	652	653	0	0
MGG_02420T0	1524	1525	4	0.188748
MGG_04563T0	1241	1242	248	14.3689
MGG_05321T0	1241	1242	787	45.5979
MGG_04429T0	4163	4164	1333	23.0362
MGG_00179T0	4171	4172	9493	163.739
MGG_01083T0	2371	2372	1443	43.7768
MGG_14745T0	1174	1175	3	0.183728
MGG_16217T0	295	296	10	2.43109
MGG_07753T0	994	995	5174	374.193
MGG_15812T0	174	175	1	0.411201
MGG_14989T0	1144	1145	6	0.377084
MGG_14878T0	930	931	930	71.8829
MGG_01407T0	1944	1945	2916	107.885
MGG_02059T0	10815	10816	0	0
MGG_14113T0	685	686	414	43.4279
MGG_03020T0	1413	1414	11	0.559803
MGG_01748T0	3898	3899	744.719	13.7446
MGG_16761T0	844	845	273	23.2487
MGG_03148T0	3141	3142	415	9.5046
MGG_11284T0	198	199	2	0.723218
MGG_06101T0	3677	3678	6239	122.066
MGG_12552T0	276	277	2	0.519568
MGG_05135T0	3028	3029	1828	43.4279
MGG_00278T0	285	286	0	0
MGG_02918T0	428	429	0	0
MGG_11240T0	2431	2432	4018	118.888
MGG_16770T0	3124	3125	20.2867	0.467147
MGG_10791T0	1155	1156	2629	163.653
MGG_16473T0	858	859	2	0.167544
MGG_02012T0	720	721	0	0
MGG_09138T0	1149	1150	4936	308.866
MGG_02460T0	1817	1818	663	26.2429
MGG_10710T0	2198	2199	270	8.83549
MGG_02630T0	3730	3731	8549	164.885
MGG_16169T0	168	169	0	0
MGG_07291T0	6347	6348	5364.59	60.8123
MGG_10471T0	1148	1149	2	0.125257
MGG_14746T0	4982	4983	7751	111.933
MGG_14959T0	831	832	1	0.0864906
MGG_05326T0	2115	2116	10728	364.834
MGG_04163T0	5326	5327	1891.91	25.557
MGG_06242T0	2305	2306	469	14.6354
MGG_03578T0	886	887	20073	1628.47
MGG_16463T0	1016	1017	35	2.4765
MGG_18037T0	666	667	0	0
MGG_05013T0	1110	1111	542	35.1057
MGG_04106T0	1632	1633	517	22.7822
MGG_01081T0	1508	1509	2629	125.37
MGG_09273T0	3951	3952	65	1.18356
MGG_02933T0	2113	2114	1821	61.9865
MGG_05410T0	417	418	0	0
MGG_09433T0	1938	1939	58	2.1525
MGG_01831T0	1759	1760	39	1.59457
MGG_17543T0	363	364	4	0.790771
MGG_02666T0	764	765	14	1.31692
MGG_11894T0	696	697	0	0
MGG_18029T0	330	331	0	0
MGG_01972T0	1414	1415	1306.84	66.4596
MGG_15626T0	204	205	0	0
MGG_12655T0	276	277	0	0
MGG_04030T0	2815	2816	2511	64.1662
MGG_18079T0	518	519	0	0
MGG_15546T0	234	235	0	0
MGG_11545T0	1710	1711	229	9.63114
MGG_02562T0	1412	1413	1	0.0509272
MGG_12973T0	2273	2274	13328	421.761
MGG_08424T0	696	697	2.01745	0.208287
MGG_10222T0	255	256	0	0
MGG_12020T0	1602	1603	55035	2470.57
MGG_07263T0	1794	1795	139	5.5724
MGG_07668T0	834	835	0	0
MGG_15319T0	255	256	4	1.12438
MGG_11229T0	2190	2191	2352	77.248
MGG_14157T0	1918	1919	2	0.0749976
MGG_17279T0	255	256	27	7.58955
MGG_01293T0	932	933	50	3.85639
MGG_15972T0	342	343	0	0
MGG_03897T0	2818	2819	101	2.57821
MGG_13977T0	2892	2893	2968	73.8257
MGG_05404T0	1299	1300	0	0
MGG_10914T0	309	310	0	0
MGG_12923T0	4096	4097	6285	110.39
MGG_02376T0	3982	3983	7353	132.845
MGG_16266T0	1127	1128	43	2.74316
MGG_15656T0	649	650	353	39.0799
MGG_03369T0	1108	1109	58.1226	3.77143
MGG_17692T0	761	762	3	0.283308
MGG_11308T0	1706	1707	54	2.27642
MGG_04778T0	1467	1468	36	1.76469
MGG_15845T0	322	323	30	6.68361
MGG_02448T0	1239	1240	283	16.4232
MGG_10615T0	993	994	0	0
MGG_05126T0	1376	1377	12	0.627104
MGG_07837T0	1833	1834	1	0.0392367
MGG_04524T0	2787	2788	31.4357	0.811375
MGG_03821T0	1656	1657	2.00038	0.0868725
MGG_03499T0	729	730	894	88.1266
MGG_06414T0	2034	2035	1129	39.9229
MGG_05071T0	2881	2882	414.338	10.3455
MGG_01638T0	4081	4082	1733	30.5505
MGG_17877T0	5118	5119	1700.39	23.9032
MGG_08436T0	3271	3272	23	0.505832
MGG_00366T0	1398	1399	546	28.0845
MGG_15075T0	1243	1244	540	31.2367
MGG_04023T0	1091	1092	2171	143.064
MGG_06049T0	1268	1269	693	39.2974
MGG_16420T0	393	394	49	8.94936
MGG_16004T0	420	421	0	0
MGG_00890T0	3104	3105	1700	39.3985
MGG_01277T0	1462	1463	166	8.16499
MGG_15928T0	1362	1363	0	0
MGG_05907T0	498	499	10694	1542.17
MGG_16229T0	162	163	2	0.882947
MGG_07494T0	2631	2632	1543	42.1864
MGG_01707T0	1235	1236	1084.48	63.1386
MGG_08095T0	2413	2414	957.182	28.5331
MGG_01049T0	1889	1890	1040	39.5971
MGG_10542T0	429	430	0	0
MGG_17135T0	1358	1359	332	17.5797
MGG_02073T0	483	484	0	0
MGG_06726T0	2103	2104	17372	594.15
MGG_09795T0	636	637	66	7.45584
MGG_17850T0	270	271	5	1.32768
MGG_15907T0	552	553	0	0
MGG_06205T0	3879	3880	88	1.63209
MGG_09250T0	1932	1933	1397	52.0064
MGG_16803T0	177	178	0	0
MGG_15790T0	1491	1492	11.941	0.575924
MGG_17351T0	165	166	1	0.433495
MGG_06359T0	953	954	443	33.4155
MGG_08896T0	1569	1570	4698	215.33
MGG_10777T0	318	319	0	0
MGG_05623T0	1704	1705	620.676	26.1959
MGG_07587T0	996	997	0	0
MGG_15144T0	606	607	2	0.237101
MGG_12222T0	1652	1653	466	20.2864
MGG_13772T0	2157	2158	382.652	12.7598
MGG_02483T0	1997	1998	1031	37.1326
MGG_12919T0	1460	1461	423	20.8345
MGG_17098T0	4070	4071	244	4.31301
MGG_05146T0	1296	1297	213	11.8177
MGG_07166T0	1099	1100	55	3.59801
MGG_15757T0	1267	1268	7.55188	0.428576
MGG_14290T0	264	265	4	1.08619
MGG_03255T0	4166	4167	1891	32.6558
MGG_16536T0	210	211	0	0
MGG_09079T0	1124	1125	3052	195.22
MGG_07614T0	2806	2807	16395	420.302
MGG_06143T0	5045	5046	2810	40.0729
MGG_00832T0	3522	3523	171	3.49281
MGG_03135T0	844	845	7066	601.74
MGG_12037T0	2770	2771	123	3.19419
MGG_03663T0	1004	1005	10217	731.559
MGG_18100T0	369	370	0	0
MGG_11450T0	1332	1333	223	12.0383
MGG_04546T0	312	313	0	0
MGG_11676T0	2166	2167	224	7.43843
MGG_07831T0	1029	1030	154	10.7591
MGG_06047T0	2257	2258	1929	61.4753
MGG_05933T0	4015	4016	3218	57.6613
MGG_04059T0	2009	2010	120.009	4.29646
MGG_17872T0	1701	1702	12	0.507357
MGG_17591T0	174	175	0	0
MGG_16632T0	822	823	1	0.0874364
MGG_16036T0	334	335	2	0.429613
MGG_06764T0	2350	2351	1312.43	40.1713
MGG_14134T0	2011	2012	19	0.679544
MGG_04841T0	1539	1540	46	2.14946
MGG_07925T0	2446	2447	1308	38.465
MGG_02732T0	2525	2526	1621.37	46.1891
MGG_08328T0	1654	1655	153	6.65251
MGG_15430T0	1296	1297	0	0
MGG_05663T0	2452	2453	22806	669.027
MGG_17425T0	362	363	0	0
MGG_06344T0	1416	1417	2	0.101567
MGG_01992T0	453	454	0	0
MGG_05855T0	2366	2367	6	0.182409
MGG_16847T0	1726	1727	45.7386	1.90582
MGG_04749T0	1221	1222	99935	5884.89
MGG_05489T0	2373	2374	0	0
MGG_17068T0	303	304	25	5.91778
MGG_13527T0	2954	2955	275	6.6968
MGG_01548T0	3642	3643	1748.32	34.5345
MGG_06369T0	2155	2156	391	13.0503
MGG_10316T0	1689	1690	3	0.12774
MGG_03727T0	1048	1049	6515.22	446.936
MGG_06180T0	1873	1874	2987.28	114.709
MGG_01396T0	3334	3335	246	5.30801
MGG_05905T0	2762	2763	2478	64.5376
MGG_07355T0	1032	1033	14.1358	0.984719
MGG_16615T0	673	674	68.5058	7.31408
MGG_04421T0	6669	6670	2336	25.2022
MGG_16109T0	267	268	4	1.07403
MGG_07161T0	2532	2533	2184	62.0454
MGG_16607T0	852	853	0	0
MGG_05712T0	2580	2581	705	19.6559
MGG_04437T0	2988	2989	320	7.704
MGG_03631T0	2109	2110	1385	47.2345
MGG_03282T0	1806	1807	655.46	26.1024
MGG_09542T0	924	925	1225	95.2986
MGG_09958T0	753	754	0	0
MGG_07492T0	879	880	124	10.1398
MGG_05090T0	2766	2767	150	3.90098
MGG_01390T0	2045	2046	367	12.9078
MGG_06331T0	2292	2293	3103	97.38
MGG_13226T0	1283	1284	426	23.8746
MGG_13716T0	237	238	10	3.02354
MGG_05538T0	489	490	0	0
MGG_14217T0	1671	1672	6	0.25823
MGG_15314T0	332	333	2	0.432193
MGG_01648T0	1983	1984	983.927	35.6873
MGG_08861T0	1339	1340	1246	66.9122
MGG_06611T0	726	727	7	0.692876
MGG_01814T0	2294	2295	1978	62.0206
MGG_05187T0	336	337	522	111.464
MGG_09089T0	909	910	2	0.158154
MGG_11378T0	690	691	55	5.72765
MGG_14610T0	1260	1261	0	0
MGG_16121T0	349	350	3	0.616801
MGG_14670T0	497	498	13	1.87848
MGG_09247T0	3077	3078	47106	1101.29
MGG_09930T0	4102	4103	1370	24.0276
MGG_10681T0	3125	3126	1623	37.3613
MGG_15910T0	411	412	0	0
MGG_05080T0	1437	1438	685	34.2787
MGG_01805T0	3029	3030	1892.82	44.953
MGG_03993T0	6906	6907	2363	24.6188
MGG_09750T0	1525	1526	1198	56.493
MGG_10581T0	2061	2062	14	0.488575
MGG_13009T0	678	679	1049	111.173
MGG_01874T0	1861	1862	120	4.6376
MGG_05293T0	2030	2031	14	0.496033
MGG_15555T0	258	259	0	0
MGG_15182T0	1590	1591	0	0
MGG_09082T0	5179	5180	4009	55.6927
MGG_04885T0	2237	2238	1581	50.8351
MGG_07633T0	837	838	53.9878	4.636
MGG_07758T0	201	202	0	0
MGG_07762T0	474	475	1135	171.947
MGG_02206T0	816	817	0	0
MGG_00993T0	2154	2155	882	29.4519
MGG_06259T0	3077	3078	11786	275.543
MGG_03392T0	1527	1528	532	25.0542
MGG_15919T0	873	874	1.04103	0.0857127
MGG_18051T0	258	259	0	0
MGG_15658T0	210	211	22	7.50295
MGG_00277T0	1353	1354	1422	75.5741
MGG_15997T0	1429	1430	0	0
MGG_11697T0	1771	1772	0	0
MGG_08107T0	1463	1464	1269	62.3753
MGG_17733T0	1455	1456	673.525	33.2877
MGG_12722T0	2184	2185	0	0
MGG_02164T0	579	580	0	0
MGG_01484T0	1251	1252	655	37.6469
MGG_07779T0	2171	2172	314	10.4031
MGG_17015T0	207	208	1	0.345962
MGG_02606T0	1292	1293	10125	563.493
MGG_17295T0	165	166	0	0
MGG_15639T0	276	277	2	0.519568
MGG_15776T0	401	402	0	0
MGG_10337T0	1431	1432	0	0
MGG_10812T0	1845	1846	1.09147	0.0425474
MGG_16735T0	453	454	8	1.26802
MGG_10253T0	816	817	46	4.05161
MGG_03009T0	1158	1159	122	7.57475
MGG_06935T0	1624	1625	3649	161.589
MGG_07474T0	1086	1087	678	44.8841
MGG_08643T0	5382	5383	565	7.55294
MGG_04587T0	3957	3958	1868	33.962
MGG_02442T0	4306	4307	899.342	15.026
MGG_05428T0	1818	1819	709	28.0482
MGG_17744T0	468	469	38	5.83046
MGG_01595T0	2309	2310	888.48	27.6776
MGG_17551T0	486	487	0	0
MGG_16248T0	1164	1165	4228.99	261.218
MGG_04881T0	1767	1768	899.996	36.6312
MGG_03581T0	2630	2631	273.288	7.47466
MGG_17930T0	848	849	4	0.339035
MGG_15033T0	588	589	0	0
MGG_10360T0	1200	1201	23	1.37809
MGG_01849T0	4355	4356	5236	86.4976
MGG_14599T0	378	379	0	0
MGG_03212T0	1243	1244	185	10.7015
MGG_07525T0	2352	2353	579	17.7072
MGG_01556T0	902	903	2052.72	163.581
MGG_15732T0	2551	2552	1173	33.0757
MGG_16482T0	695	696	263.792	27.2738
MGG_17672T0	318	319	7	1.57906
MGG_06988T0	810	811	8	0.709841
MGG_14752T0	3655	3656	743	14.6243
MGG_14011T0	3491	3492	669	13.7862
MGG_06289T0	1191	1192	1875	113.192
MGG_15801T0	381	382	0	0
MGG_05239T0	4335	4336	309.456	5.13572
MGG_03645T0	2266	2267	739	23.4577
MGG_07206T0	2048	2049	81	2.84469
MGG_03242T0	5025	5026	1162	16.637
MGG_02566T0	1854	1855	794	30.8013
MGG_06584T0	1128	1129	198	12.6201
MGG_06640T0	3999	4000	1324.38	23.8257
MGG_09961T0	3551	3552	1194	24.1893
MGG_16648T0	1428	1429	93.0724	4.68685
MGG_13619T0	1453	1454	17	0.84135
MGG_10504T0	3120	3121	4969	114.569
MGG_06014T0	1623	1624	701	31.0616
MGG_17213T0	561	562	0	0
MGG_16638T0	417	418	20	3.44307
MGG_06600T0	2178	2179	1034.78	34.1729
MGG_06405T0	1555	1556	1029	47.588
MGG_03901T0	2212	2213	7999.2	260.11
MGG_06092T0	1959	1960	417	15.3099
MGG_04394T0	1152	1153	8	0.49929
MGG_00259T0	444	445	52292	8456.05
MGG_17516T0	402	403	14	2.49986
MGG_11030T0	633	634	34	3.85906
MGG_07097T0	2287	2288	1939.41	60.9967
MGG_07964T0	969	970	542	40.2087
MGG_02823T0	8768	8769	4677.1	38.3812
MGG_16491T0	537	538	0	0
MGG_03285T0	2631	2632	3901.64	106.673
MGG_16091T0	276	277	1	0.259784
MGG_08116T0	708	709	705.835	71.6389
MGG_01872T0	1388	1389	627	32.4831
MGG_10751T0	2316	2317	22	0.683264
MGG_17054T0	3685	3686	5619	109.697
MGG_17715T0	339	340	1	0.211648
MGG_07891T0	1750	1751	4	0.164386
MGG_09721T0	2469	2470	14	0.407871
MGG_17053T0	1346	1347	10732	573.331
MGG_06628T0	3132	3133	2855	65.5749
MGG_10694T0	2822	2823	272	6.93346
MGG_11893T0	1596	1597	3	0.135179
MGG_01335T0	1119	1120	814	52.2996
MGG_06403T0	2482	2483	9749	282.537
MGG_04031T0	3018	3019	489	11.6557
MGG_06169T0	1675	1676	251.713	10.8075
MGG_02222T0	813	814	0	0
MGG_05554T0	1401	1402	0	0
MGG_05739T0	3444	3445	254.815	5.32265
MGG_10498T0	1428	1429	0	0
MGG_16417T0	2087	2088	3472.52	119.676
MGG_01069T0	1055	1056	1772.54	120.788
MGG_00538T0	2161	2162	3791	126.18
MGG_00331T0	1360	1361	3882	205.253
MGG_02601T0	1772	1773	14	0.568213
MGG_01567T0	726	727	81	8.01757
MGG_01334T0	405	406	341	60.4394
MGG_00352T0	2173	2174	1115	36.9069
MGG_07192T0	3288	3289	3833	83.8624
MGG_17077T0	342	343	3	0.629389
MGG_16796T0	345	346	10047	2089.55
MGG_03670T0	2163	2164	71853	2389.35
MGG_06886T0	2796	2797	45	1.15774
MGG_12138T0	2047	2048	724.991	25.4739
MGG_03324T0	1122	1123	204	13.072
MGG_00304T0	2430	2431	1	0.0296011
MGG_06301T0	2917	2918	1954	48.1872
MGG_15436T0	1629	1630	0	0
MGG_13324T0	4790	4791	927	13.9234
MGG_00145T0	3297	3298	1771.46	38.6522
MGG_10105T0	999	1000	0	0
MGG_03248T0	3659	3660	898	17.6558
MGG_02737T0	2316	2317	2481	77.0536
MGG_01349T0	1672	1673	562	24.1731
MGG_17500T0	306	307	0	0
MGG_16404T0	525	526	0	0
MGG_05682T0	1820	1821	407.372	16.0981
MGG_17747T0	1814	1815	24.0331	0.952852
MGG_06209T0	1237	1238	4251.54	247.125
MGG_09176T0	642	643	2	0.223826
MGG_16842T0	609	610	13	1.53358
MGG_11919T0	2794	2795	1963	50.5395
MGG_11681T0	573	574	0	0
MGG_02940T0	2313	2314	2150	66.8601
MGG_06487T0	1594	1595	263	11.8655
MGG_06647T0	1236	1237	1	0.0581731
MGG_01426T0	2832	2833	1519	38.5837
MGG_07661T0	4663	4664	322.879	4.98166
MGG_04159T0	2735	2736	4085.68	107.458
MGG_12818T0	1090	1091	1020	67.2771
MGG_01289T0	1961	1962	168	6.16173
MGG_15438T0	1449	1450	0	0
MGG_05331T0	2201	2202	1813.62	59.2682
MGG_17906T0	183	184	0	0
MGG_15077T0	588	589	321	39.2177
MGG_09545T0	2471	2472	923	26.8686
MGG_10526T0	5451	5452	1191	15.7198
MGG_03720T0	1559	1560	1822	84.0458
MGG_10468T0	1494	1495	33	1.58842
MGG_17799T0	336	337	0	0
MGG_14215T0	2640	2641	0	0
MGG_17011T0	267	268	6	1.61105
MGG_14691T0	1256	1257	5	0.286238
MGG_03836T0	2032	2033	111	3.92896
MGG_09805T0	1509	1510	0	0
MGG_06316T0	1730	1731	1614	67.0963
MGG_08746T0	3340	3341	1080	23.2616
MGG_15519T0	273	274	0	0
MGG_15834T0	1070	1071	0	0
MGG_05779T0	198	199	0	0
MGG_09988T0	1683	1684	24	1.02556
MGG_01538T0	5037	5038	1615	23.0678
MGG_17698T0	4789	4790	1946	29.2348
MGG_14768T0	4204	4205	68	1.16368
MGG_01171T0	3307	3308	272	5.91692
MGG_13132T0	471	472	8	1.21966
MGG_03245T0	1835	1836	1939	75.9971
MGG_08862T0	1251	1252	88.8402	5.10619
MGG_16447T0	340	341	5	1.05513
MGG_02891T0	2021	2022	2104	74.8784
MGG_05120T0	1452	1453	6	0.297151
MGG_05637T0	2804	2805	6773	173.756
MGG_17256T0	411	412	0	0
MGG_08572T0	1545	1546	69	3.21168
MGG_02604T0	1583	1584	1144.07	51.9743
MGG_03367T0	4188	4189	215.95	3.70967
MGG_16448T0	204	205	2	0.70205
MGG_14834T0	516	517	0	0
MGG_05009T0	3994	3995	185	3.33232
MGG_04979T0	2057	2058	1922	67.2048
MGG_12791T0	3001	3002	2258	54.1259
MGG_09177T0	1979	1980	50	1.81718
MGG_09440T0	1518	1519	12	0.568481
MGG_06999T0	1779	1780	578.08	23.3701
MGG_11156T0	519	520	270	37.3639
MGG_13875T0	1431	1432	14	0.703521
MGG_09491T0	1018	1019	12	0.847421
MGG_02379T0	726	727	43	4.25624
MGG_17347T0	879	880	10	0.817729
MGG_05256T0	2940	2941	2084	50.9911
MGG_17471T0	4295	4296	16695	279.65
MGG_00946T0	1960	1961	1993.57	73.1553
MGG_15951T0	1871	1872	3089	118.742
MGG_06753T0	1045	1046	3	0.206387
MGG_03833T0	1210	1211	0	0
MGG_02842T0	2356	2357	1046.37	31.946
MGG_17149T0	703	704	0	0
MGG_01044T0	2471	2472	2108	61.3641
MGG_09100T0	645	646	8	0.891147
MGG_06185T0	527	528	5925.48	807.573
MGG_01781T0	4410	4411	6400	104.408
MGG_15018T0	3121	3122	4132	95.24
MGG_08360T0	699	700	0	0
MGG_09681T0	1008	1009	0	0
MGG_03530T0	3376	3377	4128	87.9631
MGG_07558T0	878	879	0	0
MGG_17233T0	255	256	0	0
MGG_09488T0	1934	1935	871	32.3914
MGG_01594T0	2315	2316	2048.52	63.6493
MGG_09478T0	561	562	20	2.56086
MGG_04726T0	3821	3822	293	5.51657
MGG_03165T0	2390	2391	5640	169.743
MGG_16766T0	722	723	10	0.9953
MGG_05748T0	1232	1233	1132	66.0656
MGG_07836T0	456	457	67	10.55
MGG_07914T0	943	944	1099	83.7757
MGG_09098T0	3153	3154	0	0
MGG_16098T0	396	397	0	0
MGG_04024T0	4253	4254	310	5.24392
MGG_04511T0	1503	1504	53	2.53583
MGG_07971T0	4396	4397	2182.6	35.7198
MGG_11487T0	1198	1199	0	0
MGG_00791T0	1077	1078	111	7.40963
MGG_12304T0	2598	2599	44.0769	1.22038
MGG_17771T0	1359	1360	1	0.0529119
MGG_03729T0	2395	2396	1396	41.9267
MGG_09438T0	372	373	0	0
MGG_11658T0	1377	1378	142	7.41534
MGG_02955T0	1179	1180	1491	90.9259
MGG_02740T0	1699	1700	258	10.921
MGG_04019T0	4625	4626	552.574	8.59561
MGG_09469T0	1585	1586	66	2.99456
MGG_16878T0	402	403	62	11.0708
MGG_00428T0	9097	9098	345.732	2.73455
MGG_02017T0	1125	1126	0	0
MGG_16781T0	258	259	0	0
MGG_00152T0	4431	4432	2254	36.5971
MGG_17958T0	1196	1197	990	59.5159
MGG_17557T0	1609	1610	2335	104.365
MGG_07017T0	507	508	16	2.26646
MGG_14853T0	1118	1119	109.079	7.01458
MGG_16647T0	385	386	19	3.54208
MGG_08477T0	900	901	0	0
MGG_17992T0	324	325	0	0
MGG_11431T0	1077	1078	1773	118.354
MGG_15615T0	420	421	0	0
MGG_07311T0	1404	1405	509	26.0696
MGG_04398T0	1646	1647	24.1587	1.05553
MGG_04517T0	3415	3416	2717.67	57.2494
MGG_15184T0	1602	1603	200	8.97819
MGG_08938T0	1565	1566	41	1.88401
MGG_14248T0	444	445	0	0
MGG_04186T0	5122	5123	10471.3	147.085
MGG_03478T0	763	764	1147	108.034
MGG_01427T0	2501	2502	874.283	25.1453
MGG_14873T0	3093	3094	308	7.16345
MGG_02936T0	564	565	34	4.33035
MGG_02072T0	3396	3397	313	6.63042
MGG_15867T0	3955	3956	1908	34.7068
MGG_14587T0	2972	2973	552	13.3609
MGG_06484T0	1701	1702	3576	151.192
MGG_16415T0	297	298	15	3.62216
MGG_12478T0	2034	2035	0	0
MGG_02904T0	3606	3607	128.098	2.55558
MGG_00776T0	1803	1804	527	21.0216
MGG_07221T0	1213	1214	824	48.8428
MGG_11916T0	1931	1932	55611	2071.31
MGG_04532T0	1485	1486	0	0
MGG_18062T0	411	412	0	0
MGG_02217T0	1407	1408	0	0
MGG_17527T0	225	226	0	0
MGG_16550T0	660	661	2828.02	307.874
MGG_15798T0	297	298	0	0
MGG_06791T0	1815	1816	5	0.198128
MGG_10202T0	1954	1955	1313	48.3293
MGG_03365T0	504	505	0	0
MGG_06243T0	4067	4068	1156	20.4489
MGG_04828T0	2812	2813	8170.48	209.011
MGG_16865T0	258	259	12	3.33406
MGG_00872T0	894	895	763.075	61.3531
MGG_00047T0	491	492	15025	2197.56
MGG_11278T0	2546	2547	6679	188.701
MGG_07669T0	351	352	0	0
MGG_01702T0	3480	3481	6365.45	131.588
MGG_08820T0	4280	4281	4243	71.3214
MGG_05225T0	3197	3198	102	2.29516
MGG_07550T0	1488	1489	0	0
MGG_08804T0	2298	2299	651	20.3767
MGG_04980T0	788	789	728.548	66.4467
MGG_05396T0	468	469	17	2.60836
MGG_16894T0	1830	1831	9.02031	0.354507
MGG_17204T0	383	384	12	2.24875
MGG_10024T0	1294	1295	4	0.222271
MGG_16561T0	879	880	0	0
MGG_02332T0	810	811	1	0.0887302
MGG_01393T0	3317	3318	39	0.845825
MGG_09519T0	1824	1825	7033	277.313
MGG_17377T0	388	389	7	1.29491
MGG_06695T0	2113	2114	425	14.4669
MGG_16215T0	192	193	1	0.372851
MGG_03241T0	2776	2777	4568	118.37
MGG_09224T0	2013	2014	85	3.03705
MGG_16664T0	369	370	0	0
MGG_06175T0	3107	3108	7288.87	168.761
MGG_03548T0	5789	5790	3399	42.244
MGG_01529T0	402	403	1409	251.593
MGG_14949T0	645	646	122	13.59
MGG_06609T0	1581	1582	999	45.4413
MGG_16147T0	1140	1141	246	15.5146
MGG_13203T0	2795	2796	222.036	5.7145
MGG_09350T0	2102	2103	1162	39.7612
MGG_17504T0	1296	1297	807	44.774
MGG_17470T0	740	741	20	1.94224
MGG_02269T0	1625	1626	10	0.442559
MGG_18072T0	285	286	0	0
MGG_10723T0	207	208	27	9.34098
MGG_08753T0	1249	1250	164	9.44117
MGG_12336T0	5524	5525	3483	45.3642
MGG_11410T0	2739	2740	6090	159.941
MGG_03880T0	1741	1742	18.8423	0.778356
MGG_12764T0	893	894	1636	131.685
MGG_07214T0	1380	1381	6	0.312644
MGG_06519T0	2776	2777	418	10.8316
MGG_15623T0	252	253	0	0
MGG_01397T0	1563	1564	111	5.10715
MGG_05010T0	1745	1746	32	1.31886
MGG_04304T0	1151	1152	55	3.4356
MGG_05963T0	1488	1489	166.466	8.04495
MGG_17522T0	234	235	34	10.4113
MGG_04150T0	3204	3205	2929	65.7633
MGG_07296T0	2970	2971	1159.08	28.0738
MGG_15823T0	426	427	0	0
MGG_05655T0	1074	1075	0	0
MGG_13766T0	963	964	88	6.56898
MGG_01374T0	835	836	2	0.172153
MGG_03926T0	3049	3050	4590	108.294
MGG_00411T0	3000	3001	136	3.26111
MGG_06096T0	2683	2684	1813.97	48.6339
MGG_08614T0	1825	1826	99	3.90145
MGG_08279T0	2585	2586	195	5.42623
MGG_02532T0	1275	1276	93	5.24475
MGG_14758T0	570	571	313	39.4458
MGG_12081T0	285	286	0	0
MGG_13326T0	2781	2782	1773	45.861
MGG_03161T0	3281	3282	525.16	11.5145
MGG_00311T0	1290	1291	2	0.11148
MGG_07523T0	4947	4948	2908	42.2919
MGG_06241T0	1452	1453	6973	345.339
MGG_08582T0	3749	3750	3211	61.6171
MGG_01751T0	4219	4220	2580	43.9946
MGG_12527T0	1878	1879	110	4.21268
MGG_04456T0	3775	3776	132	2.51556
MGG_10735T0	2301	2302	656	20.5065
MGG_05675T0	3977	3978	4486	81.1496
MGG_06001T0	2336	2337	8541	262.992
MGG_07386T0	2957	2958	318	7.73608
MGG_14677T0	1785	1786	1144	46.0932
MGG_10185T0	921	922	4178	326.084
MGG_17884T0	1065	1066	23	1.55261
MGG_11206T0	560	561	1236	158.543
MGG_07215T0	3273	3274	7445	163.636
MGG_15858T0	168	169	6	2.5548
MGG_04613T0	1239	1240	102.63	5.95586
MGG_11279T0	2543	2544	4516	127.741
MGG_15310T0	927	928	2	0.155087
MGG_17526T0	174	175	0	0
MGG_00811T0	2127	2128	696.909	23.5666
MGG_07642T0	1299	1300	0	0
MGG_04050T0	1754	1755	1743.61	71.493
MGG_03637T0	5516	5517	1843.33	24.0431
MGG_10505T0	955	956	1	0.0752721
MGG_00096T0	1773	1774	581.843	23.6018
MGG_09512T0	1555	1556	12074.6	558.413
MGG_03184T0	1860	1861	1593	61.5973
MGG_07791T0	666	667	1054	113.712
MGG_08199T0	4526	4527	3369	53.5529
MGG_13797T0	327	328	13	2.85208
MGG_09147T0	1047	1048	3	0.205993
MGG_09533T0	1746	1747	1183.04	48.7301
MGG_03349T0	1849	1850	43	1.67259
MGG_07910T0	2085	2086	1580	54.5048
MGG_00793T0	345	346	0	0
MGG_02374T0	2223	2224	253	8.18612
MGG_06120T0	8711	8712	730.601	6.03468
MGG_00860T0	815	816	1436	126.636
MGG_11193T0	1690	1691	349	14.8516
MGG_16070T0	1035	1036	5	0.347298
MGG_13927T0	1650	1651	0	0
MGG_16717T0	398	399	17	3.06597
MGG_09329T0	996	997	753	54.349
MGG_08069T0	1390	1391	419.849	21.7199
MGG_17807T0	552	553	16	2.08203
MGG_05031T0	2545	2546	331	9.35539
MGG_09103T0	2031	2032	16	0.566615
MGG_13604T0	454	455	0	0
MGG_05297T0	753	754	419	39.9885
MGG_07938T0	975	976	2	0.147459
MGG_04045T0	3081	3082	1984	46.3235
MGG_00535T0	3644	3645	21	0.414585
MGG_04821T0	2412	2413	2243	66.8904
MGG_06621T0	705	706	0	0
MGG_16364T0	537	538	643	86.0044
MGG_13186T0	2602	2603	4396	121.528
MGG_02556T0	420	421	0	0
MGG_04496T0	985	986	126	9.19572
MGG_03110T0	1600	1601	840	37.7555
MGG_04308T0	162	163	0	0
MGG_15208T0	249	250	0	0
MGG_01014T0	3982	3983	371	6.70279
MGG_15288T0	2424	2425	1101	32.6714
MGG_07444T0	2465	2466	201	5.86537
MGG_00053T0	2438	2439	295	8.70367
MGG_06373T0	1947	1948	551	20.3542
MGG_00809T0	3847	3848	669.348	12.5173
MGG_00241T0	6459	6460	0	0
MGG_03385T0	1107	1108	0	0
MGG_04759T0	2847	2848	537	13.5683
MGG_02658T0	2289	2290	550	17.283
MGG_01169T0	2137	2138	333	11.208
MGG_14329T0	4196	4197	4756	81.5446
MGG_17076T0	399	400	13	2.33871
MGG_02113T0	600	601	1898	227.255
MGG_16124T0	742	743	11	1.06536
MGG_12421T0	2496	2497	93	2.68013
MGG_08757T0	3609	3610	3191	63.608
MGG_00611T0	1439	1440	102	5.09718
MGG_05687T0	4771	4772	2477.59	37.3612
MGG_03608T0	1803	1804	340.031	13.5636
MGG_12026T0	315	316	1	0.227722
MGG_16133T0	1769	1770	114	4.63472
MGG_03671T0	1048	1049	17	1.16618
MGG_08653T0	2004	2005	154	5.52711
MGG_01621T0	1054	1055	686	46.7912
MGG_17707T0	5061	5062	4590.86	65.2626
MGG_00725T0	2252	2253	7107.85	227.023
MGG_16866T0	1320	1321	12338	672.1
MGG_08405T0	1397	1398	199	10.2433
MGG_06761T0	2877	2878	384	9.60136
MGG_09636T0	1407	1408	0	0
MGG_09127T0	555	556	134	17.3429
MGG_03716T0	3823	3824	4525.06	85.1528
MGG_17635T0	546	547	0	0
MGG_15597T0	204	205	0	0
MGG_00226T0	2682	2683	424.44	11.3838
MGG_02202T0	639	640	0	0
MGG_05622T0	2292	2293	1634.32	51.2892
MGG_00891T0	2518	2519	1166	33.3091
MGG_15821T0	168	169	1	0.4258
MGG_01121T0	1184	1185	936	56.8394
MGG_06570T0	3231	3232	2271	50.5636
MGG_02257T0	954	955	61	4.59641
MGG_16976T0	315	316	0	0
MGG_08345T0	4176	4177	4103	70.6853
MGG_12584T0	1359	1360	272	14.392
MGG_06945T0	3682	3683	583	11.3909
MGG_15046T0	504	505	0	0
MGG_13670T0	366	367	17	3.3333
MGG_15793T0	459	460	0	0
MGG_00645T0	2411	2412	1522.56	45.4244
MGG_02712T0	2083	2084	825	28.4871
MGG_04041T0	841	842	84	7.17892
MGG_15881T0	174	175	16	6.57921
MGG_00291T0	5598	5599	156	2.00496
MGG_03521T0	2784	2785	29012	749.626
MGG_01691T0	3550	3551	1160	23.5071
MGG_15229T0	1623	1624	696.557	30.8647
MGG_08179T0	2156	2157	0	0
MGG_15839T0	293	294	11	2.69239
MGG_17892T0	708	709	14	1.42093
MGG_10514T0	1963	1964	13405	491.154
MGG_10680T0	1156	1157	6975	433.813
MGG_06125T0	1469	1470	2987	146.221
MGG_14053T0	282	283	0	0
MGG_17066T0	763	764	7	0.659321
MGG_04672T0	1932	1933	4727	175.973
MGG_01245T0	2049	2050	8452	296.686
MGG_02970T0	2250	2251	902	28.8352
MGG_09945T0	2292	2293	28	0.878711
MGG_04986T0	1392	1393	4605	237.887
MGG_03435T0	3232	3233	4076.67	90.7386
MGG_00970T0	1414	1415	836	42.515
MGG_17518T0	314	315	18	4.11201
MGG_02875T0	6195	6196	3078	35.7478
MGG_17382T0	309	310	0	0
MGG_07615T0	729	730	8	0.788604
MGG_01964T0	474	475	0	0
MGG_06729T0	2656	2657	4560.27	123.507
MGG_03830T0	1506	1507	0	0
MGG_03535T0	3030	3031	3363.76	79.8603
MGG_02884T0	1784	1785	5	0.201569
MGG_02715T0	1401	1402	124	6.36452
MGG_02649T0	3140	3141	0	0
MGG_15758T0	198	199	11	3.9777
MGG_15572T0	183	184	10	3.91088
MGG_10011T0	6924	6925	0	0
MGG_15564T0	782	783	5	0.459516
MGG_16259T0	2097	2098	4195	143.886
MGG_02101T0	1229	1230	144	8.4246
MGG_00160T0	2406	2407	22	0.657716
MGG_05161T0	2153	2154	79	2.63921
MGG_00340T0	828	829	65	5.64223
MGG_14861T0	747	748	59	5.676
MGG_02733T0	1728	1729	1228.63	51.1352
MGG_15270T0	441	442	0	0
MGG_03701T0	2455	2456	1361	39.8769
MGG_02829T0	2870	2871	28208	707.019
MGG_08074T0	2212	2213	94	3.0566
MGG_16012T0	686	687	78	8.17015
MGG_03829T0	1100	1101	3	0.196077
MGG_06543T0	987	988	73	5.31689
MGG_09190T0	4506	4507	2899	46.2863
MGG_15429T0	2799	2800	621	15.9597
MGG_14725T0	402	403	0	0
MGG_01590T0	2607	2608	2874.36	79.3097
MGG_09526T0	1337	1338	202	10.8639
MGG_14194T0	516	517	0	0
MGG_12897T0	882	883	695	56.6391
MGG_08093T0	4190	4191	4290	73.66
MGG_09716T0	1945	1946	51	1.8859
MGG_10328T0	1533	1534	202	9.47585
MGG_17409T0	162	163	0	0
MGG_06071T0	993	994	2103	152.246
MGG_07223T0	1017	1018	801	56.6209
MGG_12091T0	1161	1162	32	1.98169
MGG_15886T0	1488	1489	172	8.31239
MGG_04654T0	1332	1333	1853	100.032
MGG_06835T0	669	670	1	0.107403
MGG_14775T0	4024	4025	3393	60.6611
MGG_00977T0	1384	1385	630	32.7328
MGG_01700T0	1875	1876	35	1.34254
MGG_06040T0	1647	1648	68.6838	2.99909
MGG_02851T0	1863	1864	41397	1598.14
MGG_02081T0	1904	1905	0	0
MGG_17785T0	424	425	0	0
MGG_16268T0	288	289	3	0.746991
MGG_02722T0	1804	1805	4541	181.037
MGG_17879T0	303	304	596	141.08
MGG_07457T0	3239	3240	303.633	6.74366
MGG_17628T0	588	589	0	0
MGG_15014T0	504	505	5	0.712477
MGG_04545T0	1929	1930	238	8.87384
MGG_02121T0	1056	1057	0	0
MGG_05845T0	1869	1870	6	0.230888
MGG_10547T0	2776	2777	19	0.492345
MGG_11724T0	2225	2226	369	11.9287
MGG_11495T0	2147	2148	0	0
MGG_03030T0	1859	1860	39	1.50884
MGG_11300T0	362	363	0	0
MGG_05505T0	1847	1848	15	0.584092
MGG_17244T0	225	226	0	0
MGG_16058T0	339	340	0	0
MGG_01816T0	5557	5558	8880	114.971
MGG_08761T0	2697	2698	16	0.426747
MGG_04743T0	2442	2443	349	10.28
MGG_11025T0	4185	4186	442	7.59828
MGG_05631T0	2550	2551	2917	82.2845
MGG_08915T0	2337	2338	50	1.53893
MGG_13647T0	1761	1762	269	10.986
MGG_12926T0	2636	2637	2939	80.2013
MGG_04230T0	1575	1576	146	6.66636
MGG_07516T0	2352	2353	2103.79	64.3387
MGG_11270T0	2362	2363	2866	87.278
MGG_10732T0	342	343	0	0
MGG_05597T0	1205	1206	93	5.54917
MGG_10006T0	885	886	20	1.62438
MGG_16192T0	936	937	1.00195	0.0769479
MGG_15956T0	207	208	2	0.691925
MGG_01720T0	2727	2728	4054	106.938
MGG_06059T0	2194	2195	620.132	20.3302
MGG_01143T0	1848	1849	62	2.41294
MGG_05364T0	1125	1126	2310	147.627
MGG_17199T0	249	250	8	2.30273
MGG_05255T0	1888	1889	313.539	11.9441
MGG_17461T0	153	154	8	3.73819
MGG_15578T0	297	298	1	0.241477
MGG_17697T0	6245	6246	2468	28.4338
MGG_16174T0	177	178	0	0
MGG_12479T0	1605	1606	0	0
MGG_04136T0	880	881	3839.48	313.609
MGG_05262T0	9702	9703	7777	57.6764
MGG_17995T0	342	343	9	1.88817
MGG_03412T0	1636	1637	23	1.01105
MGG_08836T0	678	679	321	34.0195
MGG_04961T0	3040	3041	7103	168.081
MGG_04179T0	2957	2958	665	16.1777
MGG_01431T0	1379	1380	78.0205	4.06838
MGG_15495T0	950	951	3.79475	0.287141
MGG_15011T0	2178	2179	4370	144.317
MGG_07768T0	5611	5612	13248	169.873
MGG_16920T0	1205	1206	2438	145.472
MGG_14930T0	1428	1429	58	2.92071
MGG_12758T0	2540	2541	1752	49.616
MGG_05123T0	1620	1621	126	5.59345
MGG_14615T0	879	880	0	0
MGG_04771T0	2683	2684	1621	43.4603
MGG_01600T0	1749	1750	674	27.7149
MGG_00648T0	1341	1342	251	13.459
MGG_04140T0	2738	2739	2375.99	62.4229
MGG_08552T0	815	816	33	2.91015
MGG_06463T0	2429	2430	65	1.92486
MGG_07119T0	1269	1270	146	8.27259
MGG_09896T0	2660	2661	800	21.634
MGG_07617T0	1431	1432	154.193	7.74841
MGG_15129T0	624	625	63	7.25358
MGG_10221T0	1068	1069	0	0
MGG_09362T0	324	325	6	1.3285
MGG_07469T0	1137	1138	662	41.8608
MGG_17113T0	1032	1033	102	7.10546
MGG_12323T0	247	248	1	0.290162
MGG_16726T0	1492	1493	79	3.80767
MGG_01640T0	273	274	86	22.586
MGG_03991T0	3961	3962	1540	27.9704
MGG_16101T0	228	229	2	0.628473
MGG_04188T0	3673	3674	2230	43.6775
MGG_09562T0	2829	2830	8356	212.473
MGG_05228T0	1802	1803	76	3.03326
MGG_05752T0	342	343	3108	652.047
MGG_08745T0	2419	2420	797	23.6993
MGG_02525T0	1748	1749	8398	345.524
MGG_01301T0	1815	1816	272	10.7782
MGG_16474T0	574	575	93.5914	11.7128
MGG_05887T0	744	745	1	0.0965908
MGG_07358T0	2697	2698	0	0
MGG_01932T0	1311	1312	61	3.34571
MGG_03462T0	3402	3403	616	13.026
MGG_03051T0	3114	3115	491	11.3427
MGG_09904T0	3317	3318	2964	64.2827
MGG_06854T0	2594	2595	493.511	13.6852
MGG_01759T0	3158	3159	3284	74.8076
MGG_14945T0	6627	6628	0	0
MGG_13625T0	1098	1099	5	0.327389
MGG_09607T0	1644	1645	0	0
MGG_09413T0	3801	3802	591.009	11.186
MGG_10876T0	2850	2851	93	2.34735
MGG_04589T0	6485	6486	7921.19	87.8831
MGG_16859T0	315	316	2	0.455444
MGG_08163T0	171	172	3699	1547.56
MGG_16034T0	1357	1358	163	8.63734
MGG_15290T0	2393	2394	1088	32.7037
MGG_04147T0	489	490	1679	246.574
MGG_00039T0	2805	2806	34	0.871934
MGG_16957T0	216	217	0	0
MGG_18053T0	201	202	0	0
MGG_07920T0	1902	1903	380	14.3693
MGG_10847T0	2013	2014	1158	41.3753
MGG_01990T0	1504	1505	5279	252.41
MGG_07915T0	1989	1990	1251	45.2373
MGG_15391T0	669	670	0	0
MGG_05190T0	4684	4685	9658	148.344
MGG_06559T0	3097	3098	14015.9	325.562
MGG_16203T0	4266	4267	2183	36.8149
MGG_00637T0	1761	1762	0	0
MGG_06770T0	1383	1384	151	7.85114
MGG_05278T0	2238	2239	277.562	8.92069
MGG_04719T0	1417	1418	4646	235.774
MGG_05180T0	1161	1162	549.694	34.0414
MGG_05514T0	1435	1436	68	3.40758
MGG_15228T0	354	355	3	0.608114
MGG_00016T0	1461	1462	3	0.147661
MGG_15609T0	783	784	79	7.25109
MGG_08833T0	1974	1975	6115	222.803
MGG_01838T0	2083	2084	1294	44.6816
MGG_15936T0	1381	1382	760	39.5729
MGG_13742T0	846	847	0	0
MGG_01481T0	1600	1601	423	19.0126
MGG_14859T0	1911	1912	192	7.22612
MGG_11991T0	341	342	16	3.36656
MGG_16178T0	213	214	0	0
MGG_01839T0	2057	2058	86	3.00708
MGG_01073T0	3260	3261	906	19.9926
MGG_13119T0	3214	3215	662	14.8173
MGG_02573T0	2297	2298	297	9.30033
MGG_00514T0	3003	3004	14749	353.309
MGG_07551T0	1774	1775	0	0
MGG_04851T0	1179	1180	10	0.609832
MGG_10618T0	1104	1105	0	0
MGG_15797T0	279	280	0	0
MGG_11490T0	3810	3811	1966	37.1225
MGG_15234T0	4854	4855	231	3.42385
MGG_03600T0	1908	1909	13743	518.045
MGG_02840T0	2370	2371	1821	55.2676
MGG_06104T0	3388	3389	2727.29	57.9098
MGG_16322T0	294	295	0	0
MGG_01782T0	3079	3080	3459	80.815
MGG_07854T0	788	789	3	0.273613
MGG_07029T0	607	608	674	79.7716
MGG_10144T0	837	838	0	0
MGG_16181T0	3741	3742	44	0.846138
MGG_16836T0	883	884	1165	94.8344
MGG_13576T0	2760	2761	7	0.182442
MGG_03318T0	1175	1176	2363.41	144.619
MGG_00813T0	1349	1350	31	1.65242
MGG_02058T0	1746	1747	0	0
MGG_00666T0	998	999	4580	329.907
MGG_15101T0	390	391	0	0
MGG_03575T0	372	373	62	11.9612
MGG_03556T0	1068	1069	1124	75.6625
MGG_03073T0	1078	1079	3664	244.358
MGG_04419T0	1620	1621	213.079	9.45912
MGG_14729T0	1202	1203	2175	130.103
MGG_02616T0	2418	2419	996.539	29.6449
MGG_14264T0	2038	2039	268	9.45823
MGG_06354T0	1269	1270	254.898	14.4429
MGG_06776T0	7462	7463	6820	65.7602
MGG_04736T0	912	913	44	3.46796
MGG_03738T0	2980	2981	1469	35.4611
MGG_09650T0	426	427	0	0
MGG_08971T0	787	788	0	0
MGG_17663T0	705	706	4.48848	0.457496
MGG_06314T0	4033	4034	530.844	9.46942
MGG_12691T0	432	433	10	1.6619
MGG_10358T0	2042	2043	962	33.8843
MGG_04925T0	597	598	8.06868	0.970943
MGG_04915T0	1668	1669	6	0.258694
MGG_08885T0	1417	1418	2269	115.146
MGG_06365T0	1272	1273	323.756	18.3013
MGG_12560T0	1326	1327	0	0
MGG_17359T0	453	454	2	0.317005
MGG_04668T0	1391	1392	286	14.7849
MGG_16043T0	648	649	32	3.54811
MGG_04229T0	1820	1821	254.594	10.0607
MGG_06041T0	3775	3776	4	0.076229
MGG_09959T0	1382	1383	1875	97.5599
MGG_00221T0	1115	1116	5004.6	322.699
MGG_06186T0	2108	2109	900	30.7085
MGG_16572T0	1057	1058	0	0
MGG_11179T0	198	199	0	0
MGG_09914T0	2001	2002	4163	149.635
MGG_10298T0	1974	1975	30	1.09307
MGG_15165T0	665	666	293	31.6581
MGG_15884T0	1013	1014	2	0.141933
MGG_15574T0	1126	1127	20	1.27702
MGG_07618T0	2169	2170	252	8.35666
MGG_18055T0	333	334	0	0
MGG_14352T0	564	565	191	24.3264
MGG_04548T0	2053	2054	1023	35.8399
MGG_12094T0	2577	2578	3886	108.471
MGG_08600T0	1046	1047	8151	560.217
MGG_10273T0	1200	1201	8	0.479335
MGG_15421T0	1332	1333	181	9.77103
MGG_05232T0	1131	1132	634	40.3028
MGG_18006T0	2286	2287	42	1.32152
MGG_17190T0	413	414	5	0.869084
MGG_07719T0	1247	1248	224	12.9159
MGG_15424T0	669	670	2	0.214806
MGG_02410T0	1622	1623	899	39.8596
MGG_16511T0	312	313	3344	768.801
MGG_16265T0	159	160	0	0
MGG_06720T0	2015	2016	7324	261.427
MGG_17139T0	399	400	8	1.4392
MGG_08381T0	1164	1165	0	0
MGG_16578T0	183	184	0	0
MGG_05658T0	1543	1544	279	13.0032
MGG_04541T0	5681	5682	121	1.53241
MGG_02614T0	819	820	10	0.877563
MGG_02157T0	1627	1628	28	1.23764
MGG_09772T0	1826	1827	159.955	6.30014
MGG_06610T0	1674	1675	23	0.98811
MGG_02238T0	558	559	25	3.21825
MGG_10067T0	888	889	555	44.9245
MGG_10449T0	1918	1919	6	0.224993
MGG_17696T0	3228	3229	81.7471	1.82178
MGG_13915T0	2493	2494	1909	55.081
MGG_07435T0	1552	1553	539.997	25.0214
MGG_17847T0	2279	2280	3.03269	0.0957163
MGG_10860T0	2077	2078	41	1.41981
MGG_03451T0	3666	3667	2649	51.9832
MGG_07330T0	537	538	146	19.5282
MGG_16304T0	162	163	66	29.1372
MGG_03507T0	639	640	55	6.18408
MGG_18099T0	1294	1295	1241	68.9595
MGG_16220T0	2106	2107	447	15.2663
MGG_01982T0	3678	3679	6532	127.764
MGG_05129T0	7269	7270	7499	74.2269
MGG_01401T0	1308	1309	1512	83.1198
MGG_07674T0	2246	2247	367	11.7532
MGG_14932T0	195	196	3	1.10143
MGG_16626T0	297	298	0	0
MGG_13275T0	1401	1402	111465	5721.14
MGG_04509T0	1275	1276	6.68554	0.377032
MGG_01933T0	1443	1444	14	0.697675
MGG_04371T0	2357	2358	1312	40.0389
MGG_08781T0	567	568	17	2.15374
MGG_14860T0	2153	2154	388	12.9622
MGG_06626T0	2007	2008	11	0.394204
MGG_08895T0	1720	1721	1464	61.2142
MGG_16518T0	381	382	6	1.13026
MGG_10656T0	1137	1138	115	7.2719
MGG_03550T0	1471	1472	1118.05	54.657
MGG_12936T0	1134	1135	91	5.76949
MGG_14702T0	1251	1252	61	3.50605
MGG_06913T0	1974	1975	1330	48.4592
MGG_10941T0	3474	3475	321	6.64725
MGG_12633T0	2077	2078	621.207	21.5121
MGG_05678T0	3005	3006	424	10.1501
MGG_04442T0	2427	2428	1402.82	41.5763
MGG_10196T0	4341	4342	1916	31.754
MGG_16649T0	2943	2944	2457.93	60.0791
MGG_05679T0	441	442	3203	521.467
MGG_17947T0	234	235	3	0.91864
MGG_02913T0	4724	4725	6599	100.501
MGG_02746T0	3025	3026	1281	30.463
MGG_15914T0	744	745	2	0.193182
MGG_06553T0	1463	1464	113.653	5.5864
MGG_11252T0	2192	2193	1306	42.8545
MGG_03713T0	1533	1534	49	2.2986
MGG_03228T0	3099	3100	470	10.9101
MGG_06108T0	1136	1137	6930.12	438.604
MGG_17653T0	315	316	0	0
MGG_02207T0	384	385	0	0
MGG_17048T0	216	217	0	0
MGG_01475T0	1653	1654	6	0.26104
MGG_04888T0	2109	2110	137	4.67229
MGG_01170T0	534	535	1277	171.763
MGG_06077T0	1734	1735	618.169	25.6389
MGG_06280T0	1684	1685	111	4.7404
MGG_15665T0	207	208	15	5.18943
MGG_04327T0	5720	5721	263	3.30808
MGG_06335T0	3529	3530	889	18.1225
MGG_01018T0	1743	1744	11	0.453877
MGG_16902T0	438	439	10	1.63918
MGG_01868T0	2730	2731	628	16.5474
MGG_04605T0	1982	1983	345	12.5195
MGG_14592T0	441	442	3	0.488417
MGG_09619T0	1053	1054	22	1.50201
MGG_17948T0	318	319	16	3.60929
MGG_03971T0	1401	1402	6538	335.575
MGG_03295T0	2563	2564	70	1.96459
MGG_02880T0	4456	4457	2956	47.7259
MGG_01916T0	1698	1699	85	3.60013
MGG_00111T0	5114	5115	742	10.4388
MGG_17329T0	543	544	62	8.20134
MGG_00518T0	1360	1361	2708	143.18
MGG_06372T0	3407	3408	7489	158.131
MGG_01516T0	3209	3210	1397	31.3172
MGG_10407T0	1158	1159	0	0
MGG_16915T0	4590	4591	524	8.21327
MGG_03850T0	7355	7356	1947	19.0466
MGG_02458T0	1085	1086	1785	118.277
MGG_14596T0	2304	2305	19	0.593164
MGG_01326T0	3274	3275	992	21.7968
MGG_04481T0	1724	1725	20	0.834321
MGG_09010T0	2590	2591	7473	207.548
MGG_13236T0	210	211	7592	2589.2
MGG_00850T0	5205	5206	584.175	8.07478
MGG_00283T0	848	849	15	1.27138
MGG_15340T0	1275	1276	23	1.29709
MGG_14042T0	4872	4873	2	0.0295342
MGG_02424T0	1158	1159	169	10.4929
MGG_05633T0	1777	1778	647	26.1857
MGG_09255T0	6377	6378	2239	25.2616
MGG_06567T0	1895	1896	166	6.30031
MGG_15939T0	360	361	0	0
MGG_16817T0	246	247	8	2.33069
MGG_04864T0	1656	1657	0	0
MGG_16040T0	159	160	0	0
MGG_04474T0	2736	2737	251	6.5992
MGG_16149T0	1496	1497	96752	4650.83
MGG_08695T0	1611	1612	3	0.133921
MGG_04393T0	927	928	12	0.930519
MGG_08111T0	1815	1816	4567	180.97
MGG_17393T0	636	637	27	3.05012
MGG_06535T0	1373	1374	8	0.418982
MGG_00838T0	693	694	215.008	22.294
MGG_10844T0	969	970	8818	654.17
MGG_17605T0	477	478	0	0
MGG_04918T0	1042	1043	100.322	6.92159
MGG_14784T0	2131	2132	44	1.48511
MGG_17608T0	345	346	0	0
MGG_14956T0	2345	2346	285.445	8.75561
MGG_11861T0	2362	2363	12867	391.837
MGG_07722T0	1656	1657	1285	55.805
MGG_16739T0	1142	1143	5862	369.056
MGG_01853T0	2643	2644	0	0
MGG_05857T0	2592	2593	1854	51.4517
MGG_04454T0	1161	1162	1134.14	70.2351
MGG_07209T0	1224	1225	2525	148.326
MGG_02001T0	1834	1835	443	17.3724
MGG_04733T0	2172	2173	0	0
MGG_05991T0	4109	4110	6667	116.73
MGG_08487T0	1687	1688	0	0
MGG_12793T0	804	805	147	13.1406
MGG_01543T0	2006	2007	39	1.39833
MGG_16974T0	114	115	0	0
MGG_15073T0	879	880	139.317	11.3923
MGG_14632T0	506	507	22	3.12253
MGG_14953T0	1962	1963	60	2.1995
MGG_12111T0	4346	4347	6997	115.828
MGG_06721T0	961	962	7577	566.78
MGG_17144T0	258	259	0	0
MGG_03205T0	2729	2730	431	11.3607
MGG_16539T0	807	808	4	0.356238
MGG_03417T0	1191	1192	10	0.603693
MGG_04161T0	1147	1148	17	1.06561
MGG_00450T0	2798	2799	3656	93.993
MGG_02627T0	2719	2720	1466	38.7844
MGG_15602T0	249	250	0	0
MGG_13376T0	1564	1565	71	3.26465
MGG_00413T0	2613	2614	41788	1150.37
MGG_07151T0	4060	4061	2608	46.2133
MGG_12116T0	1599	1600	735	33.0567
MGG_02446T0	1638	1639	1583	69.5015
MGG_04324T0	3284	3285	3336	73.0773
MGG_17659T0	795	796	0	0
MGG_15084T0	580	581	23.6493	2.9291
MGG_02878T0	3743	3744	4503	86.5482
MGG_07431T0	3599	3600	43	0.859524
MGG_09197T0	2568	2569	89	2.49298
MGG_04819T0	3309	3310	209	4.54371
MGG_00677T0	1322	1323	102	5.54795
MGG_08486T0	1997	1998	0	0
MGG_14927T0	342	343	1	0.209796
MGG_14899T0	1482	1483	44.9535	2.1813
MGG_13016T0	1488	1489	8	0.386623
MGG_06552T0	2199	2200	128.123	4.1908
MGG_06421T0	2572	2573	2470	69.0795
MGG_01055T0	1626	1627	798.45	35.3144
MGG_16890T0	324	325	0	0
MGG_06469T0	4342	4343	2674.43	44.3133
MGG_01054T0	3653	3654	1276.55	25.1398
MGG_06165T0	1658	1659	102	4.42431
MGG_14955T0	732	733	0	0
MGG_06713T0	1978	1979	635	23.0898
MGG_12617T0	5119	5120	4144	58.2428
MGG_10241T0	1941	1942	0	0
EFMOT00000000001	118	119	1	0.604707
EFMOT00000000002	72	73	0	0
EFMOT00000000003	72	73	0	0
EFMOT00000000005	104	105	0	0
EFMOT00000000009	83	84	0	0
EFMOT00000000010	72	73	0	0
EFMOT00000000011	72	73	0	0
EFMOT00000000012	105	106	0	0
EFMOT00000000013	72	73	0	0
EFMOT00000000014	72	73	0	0
EFMOT00000000015	72	73	0	0
EFMOT00000000016	102	103	0	0
EFMOT00000000017	88	89	0	0
EFMOT00000000018	72	73	0	0
EFMOT00000000019	96	97	0	0
EFMOT00000000020	85	86	0	0
EFMOT00000000021	72	73	0	0
EFMOT00000000023	90	91	0	0
EFMOT00000000024	72	73	0	0
EFMOT00000000025	102	103	2	1.39728
EFMOT00000000028	104	105	3	2.056
EFMOT00000000029	134	135	3	1.59911
EFMOT00000000030	136	137	4	2.10103
EFMOT00000000032	72	73	0	0
EFMOT00000000033	72	73	0.333333	0.328585
EFMOT00000000036	89	90	0	0
EFMOT00000000037	83	84	1	0.856669
EFMOT00000000039	93	94	0	0
EFMOT00000000041	88	89	0	0
EFMOT00000000042	72	73	0	0
EFMOT00000000044	84	85	0	0
EFMOT00000000045	72	73	0	0
EFMOT00000000046	139	140	0	0
EFMOT00000000048	72	73	0	0
EFMOT00000000049	72	73	0	0
EFMOT00000000050	72	73	0	0
EFMOT00000000051	72	73	0	0
EFMOT00000000053	83	84	0	0
EFMOT00000000054	101	102	17.5	12.3461
EFMOT00000000055	72	73	0	0
EFMOT00000000059	72	73	0	0
EFMOT00000000060	72	73	0	0
EFMOT00000000062	73	74	0	0
EFMOT00000000063	72	73	0	0
EFMOT00000000064	72	73	0	0
EFMOT00000000065	72	73	0	0
EFMOT00000000066	101	102	10	7.05492
EFMOT00000000067	72	73	0	0
EFMOT00000000068	72	73	0	0
EFMOT00000000069	95	96	0	0
EFMOT00000000070	89	90	7.5651	6.04873
EFMOT00000000072	72	73	0	0
EFMOT00000000073	72	73	0	0
EFMOT00000000074	72	73	0	0
EFMOT00000000075	72	73	1	0.985756
EFMOT00000000076	72	73	0	0
EFMOT00000000077	85	86	0	0
EFMOT00000000078	72	73	0	0
EFMOT00000000079	72	73	0	0
EFMOT00000000080	83	84	0	0
EFMOT00000000081	72	73	1	0.985756
EFMOT00000000082	112	113	10	6.36816
EFMOT00000000083	72	73	0	0
EFMOT00000000084	89	90	0	0
EFMOT00000000085	72	73	0	0
EFMOT00000000086	72	73	0	0
EFMOT00000000087	92	93	0.558824	0.432398
EFMOT00000000088	72	73	0	0
EFMOT00000000089	92	93	2	1.54753
EFMOT00000000091	85	86	4	3.34698
EFMOT00000000092	89	90	0	0
EFMOT00000000093	72	73	0	0
EFMOT00000000094	104	105	1	0.685335
EFMOT00000000095	72	73	0	0
EFMOT00000000097	72	73	0.75	0.739317
EFMOT00000000098	72	73	0	0
EFMOT00000000099	82	83	0	0
EFMOT00000000100	72	73	0	0
EFMOT00000000101	101	102	5.29627	3.73647
EFMOT00000000102	72	73	0	0
EFMOT00000000103	72	73	0	0
EFMOT00000000104	72	73	0	0
EFMOT00000000105	133	134	0	0
EFMOT00000000106	72	73	0	0
EFMOT00000000107	72	73	0	0
EFMOT00000000108	102	103	6	4.19185
EFMOT00000000109	120	121	0	0
EFMOT00000000110	112	113	0	0
EFMOT00000000111	72	73	0	0
EFMOT00000000112	104	105	0	0
EFMOT00000000113	83	84	0	0
EFMOT00000000114	124	125	1	0.575681
EFMOT00000000116	120	121	1	0.594712
EFMOT00000000117	98	99	0	0
EFMOT00000000119	72	73	0	0
EFMOT00000000122	72	73	0.333333	0.328585
EFMOT00000000123	135	136	3	1.58736
EFMOT00000000124	96	97	6.11111	4.53357
EFMOT00000000125	72	73	0	0
EFMOT00000000127	72	73	0	0
EFMOT00000000128	101	102	2.24295	1.58239
EFMOT00000000129	86	87	1	0.827128
EFMOT00000000130	72	73	0	0
EFMOT00000000131	72	73	0	0
EFMOT00000000132	96	97	0	0
EFMOT00000000133	85	86	1	0.836746
EFMOT00000000134	72	73	0	0
EFMOT00000000136	72	73	0	0
EFMOT00000000137	72	73	0.75	0.739317
EFMOT00000000138	86	87	0	0
EFMOT00000000139	111	112	1	0.642501
EFMOT00000000140	72	73	0	0
EFMOT00000000141	72	73	0	0
EFMOT00000000143	109	110	0	0
EFMOT00000000144	72	73	0	0
EFMOT00000000147	72	73	0.333333	0.328585
EFMOT00000000148	73	74	0	0
EFMOT00000000149	90	91	4	3.16308
EFMOT00000000150	72	73	0	0
EFMOT00000000151	83	84	0	0
EFMOT00000000152	98	99	0	0
EFMOT00000000153	72	73	0	0
EFMOT00000000154	101	102	2.5	1.76373
EFMOT00000000155	105	106	0	0
EFMOT00000000157	111	112	1	0.642501
EFMOT00000000158	72	73	0	0
EFMOT00000000159	90	91	2	1.58154
EFMOT00000000160	72	73	0.333333	0.328585
EFMOT00000000161	96	97	0	0
EFMOT00000000162	89	90	0	0
EFMOT00000000163	72	73	0	0
EFMOT00000000164	111	112	0	0
EFMOT00000000165	72	73	0	0
EFMOT00000000166	72	73	0	0
EFMOT00000000168	72	73	2.94585	2.90389
EFMOT00000000169	85	86	0	0
EFMOT00000000170	72	73	0	0
EFMOT00000000171	74	75	0	0
EFMOT00000000172	87	88	0	0
EFMOT00000000173	89	90	0	0
EFMOT00000000174	108	109	1	0.660185
EFMOT00000000175	85	86	0	0
EFMOT00000000176	88	89	0	0
EFMOT00000000177	90	91	0	0
EFMOT00000000178	72	73	0	0
EFMOT00000000179	95	96	7	5.24709
EFMOT00000000180	72	73	0	0
EFMOT00000000181	72	73	0	0
EFMOT00000000182	114	115	0	0
EFMOT00000000183	72	73	0	0
EFMOT00000000184	72	73	0	0
EFMOT00000000187	92	93	1	0.773765
EFMOT00000000189	83	84	0	0
EFMOT00000000190	85	86	0	0
EFMOT00000000191	72	73	0	0
EFMOT00000000192	72	73	0	0
EFMOT00000000193	91	92	3	2.34653
EFMOT00000000194	88	89	0	0
EFMOT00000000195	73	74	0	0
EFMOT00000000196	85	86	0	0
EFMOT00000000197	72	73	0	0
EFMOT00000000198	72	73	0	0
EFMOT00000000199	72	73	0	0
EFMOT00000000200	100	101	0	0
EFMOT00000000201	72	73	0	0
EFMOT00000000202	89	90	0	0
EFMOT00000000203	72	73	0	0
EFMOT00000000204	72	73	0	0
EFMOT00000000206	72	73	0	0
EFMOT00000000207	72	73	0	0
EFMOT00000000208	89	90	5	3.99779
EFMOT00000000209	101	102	0	0
EFMOT00000000210	82	83	0	0
EFMOT00000000211	72	73	1	0.985756
EFMOT00000000213	72	73	0	0
EFMOT00000000214	85	86	0	0
EFMOT00000000215	92	93	17.8824	13.8367
EFMOT00000000217	96	97	3	2.22557
EFMOT00000000218	84	85	1	0.84659
EFMOT00000000219	110	111	0	0
EFMOT00000000220	72	73	0	0
EFMOT00000000221	97	98	0	0
EFMOT00000000222	72	73	0.333333	0.328585
EFMOT00000000223	101	102	1	0.705492
EFMOT00000000224	72	73	0	0
EFMOT00000000225	86	87	0	0
EFMOT00000000226	72	73	0	0
EFMOT00000000227	72	73	0	0
EFMOT00000000228	72	73	0	0
EFMOT00000000229	79	80	4	3.59801
EFMOT00000000230	104	105	0	0
EFMOT00000000236	72	73	0.333333	0.328585
EFMOT00000000240	72	73	0	0
EFMOT00000000241	72	73	0	0
EFMOT00000000243	72	73	0	0
EFMOT00000000244	72	73	0	0
EFMOT00000000245	72	73	0	0
EFMOT00000000246	72	73	0	0
EFMOT00000000247	72	73	0	0
EFMOT00000000249	72	73	0	0
EFMOT00000000250	72	73	0.75	0.739317
EFMOT00000000251	72	73	0	0
EFMOT00000000252	72	73	0	0
EFMOT00000000253	72	73	0	0
EFMOT00000000254	72	73	0	0
EFMOT00000000255	85	86	0	0
EFMOT00000000256	86	87	0	0
EFMOT00000000258	90	91	2	1.58154
EFMOT00000000259	72	73	0	0
EFMOT00000000260	72	73	0	0
EFMOT00000000261	72	73	0	0
EFMOT00000000262	72	73	0	0
EFMOT00000000265	72	73	0	0
EFMOT00000000266	99	100	0	0
EFMOT00000000267	72	73	0	0
EFMOT00000000269	112	113	0	0
EFMOT00000000270	109	110	2	1.30837
EFMOT00000000271	73	74	0	0
EFMOT00000000272	105	106	0	0
EFMOT00000000273	96	97	1	0.741857
EFMOT00000000274	85	86	0	0
EFMOT00000000275	72	73	0	0
EFMOT00000000277	72	73	0.75	0.739317
EFMOT00000000278	125	126	5	2.85556
EFMOT00000000279	74	75	0	0
EFMOT00000000280	98	99	3	2.18061
EFMOT00000000282	72	73	0	0
EFMOT00000000283	101	102	0	0
EFMOT00000000284	72	73	0	0
EFMOT00000000285	113	114	0	0
EFMOT00000000286	72	73	0	0
EFMOT00000000287	72	73	0	0
EFMOT00000000288	92	93	0	0
EFMOT00000000289	96	97	2.44444	1.81343
EFMOT00000000290	72	73	0	0
EFMOT00000000292	72	73	0	0
EFMOT00000000293	72	73	0	0
EFMOT00000000294	85	86	0	0
EFMOT00000000296	72	73	0	0
EFMOT00000000298	72	73	0	0
EFMOT00000000299	72	73	0	0
EFMOT00000000300	118	119	1	0.604707
EFMOT00000000301	72	73	0	0
EFMOT00000000302	101	102	0	0
EFMOT00000000303	89	90	0	0
EFMOT00000000306	90	91	1	0.790771
EFMOT00000000307	111	112	0	0
EFMOT00000000308	72	73	0	0
EFMOT00000000309	72	73	3	2.95727
EFMOT00000000310	110	111	2	1.29658
EFMOT00000000311	88	89	5	4.04271
EFMOT00000000312	72	73	2.94585	2.90389
EFMOT00000000313	96	97	0	0
EFMOT00000000314	110	111	4	2.59316
EFMOT00000000315	88	89	0	0
EFMOT00000000317	72	73	0	0
EFMOT00000000318	97	98	3	2.20286
EFMOT00000000319	104	105	0	0
EFMOT00000000320	93	94	0	0
EFMOT00000000321	87	88	2	1.63546
EFMOT00000000323	72	73	0	0
EFMOT00000000324	96	97	2	1.48371
EFMOT00000000325	86	87	0	0
EFMOT00000000326	99	100	0	0
EFMOT00000000327	102	103	0	0
EFMOT00000000328	100	101	0	0
EFMOT00000000329	101	102	1	0.705492
EFMOT00000000330	104	105	5	3.42667
EFMOT00000000332	84	85	0	0
EFMOT00000000333	102	103	12.7037	8.87537
EFMOT00000000335	72	73	0	0
EFMOT00000000336	72	73	0	0
EFMOT00000000337	85	86	0	0
EFMOT00000000339	104	105	0	0
EFMOT00000000340	72	73	0	0
EFMOT00000000341	72	73	0	0
EFMOT00000000343	72	73	0	0
EFMOT00000000344	96	97	0	0
EFMOT00000000345	72	73	0	0
EFMOT00000000346	85	86	0	0
EFMOT00000000348	105	106	0	0
EFMOT00000000350	84	85	0	0
EFMOT00000000351	101	102	0	0
EFMOT00000000353	72	73	0	0
EFMOT00000000354	72	73	0	0
EFMOT00000000355	93	94	0	0
EFMOT00000000356	72	73	0	0
EFMOT00000000357	72	73	0	0
EFMOT00000000358	110	111	0	0
EFMOT00000000359	72	73	0	0
EFMOT00000000360	72	73	0	0
EFMOT00000000361	93	94	0	0
EFMOT00000000362	102	103	0	0
EFMOT00000000363	72	73	0	0
EFMOT00000000364	72	73	0	0
EFMOT00000000366	72	73	0	0
EFMOT00000000367	72	73	0	0
EFMOT00000000368	89	90	0	0
EFMOT00000000369	96	97	2.44444	1.81343
EFMOT00000000370	72	73	0	0
EFMOT00000000372	72	73	0	0
EFMOT00000000373	133	134	0	0
EFMOT00000000374	72	73	0	0
EFMOT00000000375	90	91	1	0.790771
EFMOT00000000376	72	73	0	0
EFMOT00000000378	85	86	19	15.8982
EFMOT00000000379	72	73	6	5.91453
EFMOT00000000382	72	73	0	0
EFMOT00000000383	89	90	0	0
EFMOT00000000384	91	92	0	0
EFMOT00000000385	72	73	0	0
EFMOT00000000387	92	93	0.558824	0.432398
EFMOT00000000388	93	94	18	13.7796
EFMOT00000000389	72	73	0	0
EFMOT00000000390	94	95	0	0
EFMOT00000000391	94	95	1	0.757475
MGG_16776T0	243	244	0	0
MGG_17328T0	243	244	0	0
MGG_16479T0	588	589	0	0
MGG_16677T0	243	244	0	0
MGG_16614T0	243	244	0	0
MGG_16613T0	243	244	0	0
MGG_16598T0	243	244	0	0
MGG_16563T0	243	244	0	0
MGG_17268T0	243	244	0	0
MGG_15944T0	243	244	0	0
MGG_17600T0	243	244	0	0
MGG_15710T0	215	216	85	28.3177
MGG_17242T0	243	244	0	0
MGG_16280T0	243	244	0	0
MGG_16642T0	218	219	0	0
MGG_15503T0	516	517	820.895	114.259
MGG_16566T0	492	493	0	0
MGG_16285T0	243	244	1.03829	0.30621
MGG_16639T0	698	699	9	0.926526
MGG_16639T1	239	240	0	0
MGG_06302T1	320	321	97	21.745
MGG_06302T0	2540	2541	2804	79.4082
MGG_18104T0	150	151	0	0
MGG_15500T0	243	244	0	0
MGG_17125T0	231	232	0	0
MGG_18084T0	243	244	0	0
MGG_15947T0	243	244	0	0
MGG_16695T0	243	244	0	0
MGG_15967T0	651	652	1.07759	0.118932
MGG_18132T0	243	244	0	0
MGG_16499T0	243	244	0	0
MGG_16498T0	243	244	0	0
MGG_16783T0	243	244	0	0
MGG_17211T0	453	454	0	0
MGG_17866T0	228	229	21	6.59897
MGG_17482T0	327	328	23	5.04599
MGG_16020T0	918	919	3	0.234908
MGG_17368T0	504	505	8	1.13996
MGG_16293T0	555	556	35	4.52987
MGG_16567T0	243	244	0	0
MGG_17494T0	177	178	0	0
MGG_16980T0	243	244	0	0
MGG_17604T0	243	244	0	0
MGG_17589T0	243	244	0	0
MGG_18129T0	243	244	0	0
MGG_15717T0	243	244	0	0
MGG_16051T0	300	301	0	0
MGG_15940T0	243	244	0	0
MGG_18069T0	243	244	0	0
MGG_17775T0	243	244	0	0
MGG_16310T0	243	244	0	0
MGG_17728T0	153	154	4	1.8691
MGG_16674T0	243	244	0	0
MGG_17777T0	510	511	183	25.7705
MGG_17585T0	243	244	0	0
MGG_15871T0	150	151	2	0.953115
MGG_15511T0	243	244	0	0
MGG_14532T0	510	511	10	1.40822
MGG_16682T0	243	244	0	0
MGG_16673T0	243	244	0	0
MGG_01057T0	1128	1129	1609	102.554
MGG_16643T0	198	199	0	0
MGG_18114T0	552	553	163.772	21.3111
MGG_16785T0	243	244	0	0
MGG_18059T0	243	244	0	0
MGG_16488T0	552	553	22.7474	2.96005
MGG_15941T0	243	244	0	0
MGG_17100T0	475	476	2	0.302354
MGG_16730T0	516	517	111	15.4499
MGG_16369T0	243	244	0	0
MGG_17016T0	354	355	0	0
MGG_16080T0	417	418	0	0
MGG_16314T0	243	244	0	0
MGG_16103T0	597	598	718.009	86.4014
MGG_16676T0	243	244	0	0
MGG_15714T0	243	244	0	0
MGG_16565T0	470	471	268.869	41.0783
MGG_16984T0	624	625	0	0
MGG_16843T0	483	484	3	0.446034
MGG_17560T0	243	244	0	0
MGG_17065T0	243	244	0	0
MGG_17325T0	402	403	0	0
MGG_17009T0	330	331	0	0
MGG_17598T0	243	244	0	0
MGG_16597T0	243	244	0	0
MGG_15512T0	243	244	0	0
MGG_17186T0	189	190	9935	3762.76
MGG_16814T0	246	247	0	0
MGG_15716T0	243	244	0.562614	0.165925
MGG_16068T0	243	244	0	0
MGG_18131T0	243	244	0	0
MGG_16569T0	243	244	0	0
MGG_18073T0	366	367	0	0
MGG_16139T0	225	226	0	0
MGG_17561T0	243	244	0	0
MGG_16413T0	372	373	21	4.05138
MGG_17427T0	228	229	0	0
MGG_16074T0	243	244	0.562614	0.165925
MGG_17074T0	591	592	78	9.48124
MGG_17176T0	273	274	0	0
MGG_15493T0	243	244	0	0
MGG_16093T0	811	812	19	1.6838
MGG_16683T0	243	244	0	0
MGG_17854T0	891	892	0	0
MGG_16979T0	588	589	0	0
MGG_16767T0	210	211	0	0
MGG_17261T0	243	244	0	0
MGG_16913T0	288	289	10	2.48997
MGG_16564T0	333	334	0	0
MGG_16120T0	592	593	0	0
MGG_16067T0	243	244	0	0
MGG_17136T0	237	238	7	2.11648
MGG_15931T0	427	428	23	3.86702
MGG_15715T0	243	244	0.562614	0.165925
MGG_17218T0	1011	1012	0	0
MGG_17327T0	243	244	0	0
MGG_17269T0	327	328	1.5	0.329086
MGG_16284T0	243	244	0	0
MGG_17306T0	1362	1363	0	0
MGG_18086T0	243	244	0	0
MGG_16312T0	243	244	0	0
MGG_17867T0	243	244	0	0
MGG_17243T0	243	244	0	0
MGG_16313T0	333	334	0	0
MGG_17545T0	243	244	0	0
MGG_17238T0	243	244	0	0
MGG_17736T0	204	205	0	0
MGG_18083T0	243	244	0	0
MGG_16327T0	843	844	4	0.341043
MGG_15942T0	243	244	0	0
MGG_16309T0	243	244	0	0
MGG_16384T0	243	244	0	0
MGG_17298T0	372	373	0	0
MGG_16809T0	243	244	0	0
MGG_16470T0	243	244	0	0
MGG_16283T0	243	244	0	0
MGG_16928T0	261	262	0	0
MGG_18080T0	243	244	0	0
MGG_16469T0	243	244	0	0
MGG_17501T0	243	244	0	0
MGG_16407T0	243	244	0	0
MGG_14095T0	843	844	140	11.9365
MGG_17185T0	226	227	2	0.63401
MGG_16694T0	243	244	0	0
MGG_16885T0	243	244	0	0
MGG_15969T0	651	652	0	0
MGG_15945T0	243	244	0	0
MGG_16082T0	423	424	0	0
MGG_17818T0	507	508	0	0
MGG_17262T0	243	244	0	0
MGG_17549T0	243	244	0	0
MGG_16351T0	372	373	1	0.192923
MGG_16819T0	216	217	26	8.62195
MGG_17369T0	332	333	2	0.432193
MGG_16684T0	243	244	0	0
MGG_17748T0	555	556	0	0
MGG_15806T0	243	244	0	0
MGG_16050T0	243	244	0	0
MGG_18103T0	243	244	0	0
MGG_16544T0	189	190	0	0
MGG_15973T0	471	472	0	0
MGG_15962T0	651	652	8.04231	0.887616
MGG_17819T0	243	244	0	0
MGG_16245T0	239	240	9	2.69851
MGG_16046T0	186	187	0	0
MGG_17146T0	207	208	5	1.72981
MGG_16406T0	324	325	0	0
MGG_17856T0	771	772	4	0.372851
MGG_16478T0	243	244	0	0
MGG_16602T0	243	244	0	0
MGG_16338T0	204	205	48	16.8492
MGG_16782T0	330	331	0	0
MGG_15970T0	1335	1336	207.619	11.1829
MGG_17996T0	186	187	13	5.00258
MGG_17734T0	571	572	0	0
MGG_10209T0	1701	1702	1023	43.2522
MGG_16104T0	204	205	0	0
MGG_15662T0	218	219	30	9.85756
MGG_17643T0	747	748	0	0
MGG_16675T0	243	244	0	0
MGG_17517T0	221	222	2	0.64829
MGG_17219T0	453	454	0	0
MGG_17175T0	639	640	107	12.0308
MGG_16370T0	243	244	0	0
MGG_17008T0	243	244	0	0
MGG_16073T0	243	244	0	0
MGG_17559T0	243	244	0	0
MGG_18058T0	243	244	0	0
MGG_17267T0	327	328	1.5	0.329086
MGG_17852T0	243	244	0	0
MGG_17497T0	156	157	0	0
MGG_16713T0	219	220	0	0
MGG_15567T0	237	238	56	16.9318
MGG_17916T0	300	301	5	1.19535
MGG_16795T0	232	233	2	0.617684
MGG_17006T0	270	271	910.663	241.813
MGG_18130T0	516	517	820.895	114.259
MGG_17259T0	489	490	3	0.440572
MGG_17769T0	243	244	0	0
MGG_16987T0	243	244	0	0
MGG_16401T0	243	244	0	0
MGG_17985T0	183	184	3	1.17326
MGG_16685T0	243	244	0	0
MGG_18047T0	354	355	3.00292	0.608707
MGG_18081T0	243	244	0	0
MGG_17552T0	432	433	0	0
MGG_17212T0	1011	1012	0	0
MGG_15943T0	315	316	4221.54	961.337
MGG_18075T0	501	502	0	0
MGG_16281T0	243	244	0	0
MGG_15946T0	1122	1123	825.41	52.891
MGG_14020T0	1029	1030	0	0
MGG_18009T0	294	295	0	0
MGG_15948T0	243	244	0	0
MGG_17599T0	243	244	0	0
MGG_14777T0	546	547	43	5.65683
MGG_16763T0	296	297	1.00637	0.243833
MGG_18038T0	243	244	0	0
MGG_16568T0	243	244	0	0
MGG_17004T0	243	244	0	0
MGG_16907T0	243	244	0	0
MGG_15763T0	243	244	0	0
MGG_16808T0	243	244	0	0
MGG_14812T0	405	406	18	3.19035
MGG_16016T0	321	322	0	0
MGG_16405T0	243	244	0	0
MGG_17063T0	501	502	13	1.86351
MGG_16916T0	258	259	0	0
MGG_16282T0	690	691	227.459	23.6874
MGG_16985T0	243	244	0	0
MGG_16599T0	243	244	0	0
MGG_16551T0	822	823	0	0
MGG_16988T0	243	244	0	0
MGG_16986T0	243	244	0	0
MGG_15898T0	345	346	104	21.6296
MGG_18085T0	243	244	0	0
